t_s,state,copter_n,copter_e,copter_d,rover_n,rover_e,in_fov,occluded,bbox_cx,bbox_cy,px_err,vx_cmd,vy_cmd,loop_ms,dist_n,dist_e,d_true_px,d_dist_px,carry_score
0.0,ACQUIRE,0.01,-0.01,-8.81,0.51,-0.01,1,0,,,,0.0,0.0,4.7,,,,,
0.05,ACQUIRE,0.01,-0.01,-8.92,0.54,-0.01,1,0,,,,0.0,0.0,1.3,,,,,
0.1,ACQUIRE,0.01,-0.01,-8.92,0.56,-0.01,1,0,,,,0.0,0.0,0.8,,,,,
0.15,ACQUIRE,0.01,-0.01,-9.03,0.59,-0.01,1,0,,,,0.0,0.0,1.4,,,,,
0.2,ACQUIRE,0.01,-0.01,-9.03,0.61,-0.01,1,0,,,,0.0,0.0,0.8,,,,,
0.25,ACQUIRE,0.01,-0.01,-9.13,0.64,-0.01,1,0,,,,0.0,0.0,1.5,,,,,
0.3,ACQUIRE,0.01,-0.01,-9.13,0.66,-0.01,1,0,,,,0.0,0.0,0.8,,,,,
0.35,ACQUIRE,0.01,-0.01,-9.22,0.69,-0.01,1,0,,,,0.0,0.0,1.5,,,,,
0.4,ACQUIRE,0.01,-0.01,-9.22,0.71,-0.01,1,0,,,,0.0,0.0,0.6,,,,,
0.45,ACQUIRE,0.01,-0.01,-9.3,0.74,-0.01,1,0,,,,0.0,0.0,1.3,,,,,
0.5,ACQUIRE,0.01,-0.01,-9.3,0.76,-0.01,1,0,,,,0.0,0.0,0.8,,,,,
0.55,ACQUIRE,0.01,-0.01,-9.38,0.79,-0.01,1,0,,,,0.0,0.0,1.4,,,,,
0.6,ACQUIRE,0.01,-0.01,-9.38,0.82,-0.01,1,0,,,,0.0,0.0,0.8,,,,,
0.65,ACQUIRE,0.01,-0.01,-9.44,0.84,-0.01,1,0,,,,0.0,0.0,1.4,,,,,
0.7,ACQUIRE,0.01,-0.01,-9.44,0.87,-0.01,1,0,,,,0.0,0.0,0.8,,,,,
0.75,ACQUIRE,0.01,-0.01,-9.49,0.89,-0.01,1,0,,,,0.0,0.0,1.4,,,,,
0.8,ACQUIRE,0.01,-0.01,-9.49,0.92,-0.01,1,0,,,,0.0,0.0,0.8,,,,,
0.85,ACQUIRE,0.01,-0.01,-9.53,0.94,-0.01,1,0,,,,0.0,0.0,1.4,,,,,
0.9,ACQUIRE,0.01,-0.01,-9.53,0.97,-0.01,1,0,,,,0.0,0.0,0.8,,,,,
0.95,ACQUIRE,0.01,-0.01,-9.56,0.99,-0.01,1,0,,,,0.0,0.0,1.2,,,,,
1.0,ACQUIRE,0.01,-0.01,-9.56,1.02,-0.01,1,0,,,,0.0,0.0,0.7,,,,,
1.05,ACQUIRE,0.01,-0.01,-9.58,1.04,-0.01,1,0,,,,0.0,0.0,1.5,,,,,
1.1,ACQUIRE,0.01,-0.01,-9.58,1.07,-0.01,1,0,,,,0.0,0.0,0.9,,,,,
1.15,ACQUIRE,0.01,-0.01,-9.59,1.09,-0.01,1,0,,,,0.0,0.0,1.6,,,,,
1.2,ACQUIRE,0.01,-0.01,-9.59,1.12,-0.01,1,0,,,,0.0,0.0,0.8,,,,,
1.25,ACQUIRE,0.01,-0.01,-9.59,1.14,-0.01,1,0,,,,0.0,0.0,1.4,,,,,
1.3,ACQUIRE,0.01,-0.01,-9.59,1.17,-0.01,1,0,,,,0.0,0.0,0.8,,,,,
1.35,ACQUIRE,0.01,-0.01,-9.59,1.19,-0.01,1,0,,,,0.0,0.0,1.6,,,,,
1.4,ACQUIRE,0.01,-0.01,-9.59,1.22,-0.01,1,0,,,,0.0,0.0,0.8,,,,,
1.45,ACQUIRE,0.01,-0.01,-9.58,1.24,-0.01,1,0,,,,0.0,0.0,1.4,,,,,
1.5,ACQUIRE,0.01,-0.01,-9.58,1.27,-0.01,1,0,,,,0.0,0.0,0.8,,,,,
1.55,ACQUIRE,0.01,-0.01,-9.57,1.29,-0.01,1,0,,,,0.0,0.0,1.3,,,,,
1.6,ACQUIRE,0.01,-0.01,-9.57,1.32,-0.01,1,0,,,,0.0,0.0,0.6,,,,,
1.65,ACQUIRE,0.01,-0.01,-9.57,1.34,-0.01,1,0,,,,0.0,0.0,1.2,,,,,
1.7,ACQUIRE,0.01,-0.01,-9.57,1.37,-0.01,1,0,,,,0.0,0.0,0.8,,,,,
1.75,ACQUIRE,0.01,-0.01,-9.56,1.39,-0.01,1,0,,,,0.0,0.0,1.5,,,,,
1.8,ACQUIRE,0.01,-0.01,-9.56,1.42,-0.01,1,0,,,,0.0,0.0,0.8,,,,,
1.85,ACQUIRE,0.01,-0.01,-9.55,1.44,-0.01,1,0,,,,0.0,0.0,1.4,,,,,
1.9,ACQUIRE,0.01,-0.01,-9.55,1.47,-0.01,1,0,,,,0.0,0.0,0.8,,,,,
1.95,ACQUIRE,0.01,-0.01,-9.55,1.49,-0.01,1,0,,,,0.0,0.0,1.5,,,,,
2.0,ACQUIRE,0.01,-0.01,-9.55,1.52,-0.01,1,0,,,,0.0,0.0,0.9,,,,,
2.05,ACQUIRE,0.01,-0.01,-9.54,1.54,-0.01,1,0,,,,0.0,0.0,1.5,,,,,
2.1,ACQUIRE,0.01,-0.01,-9.54,1.57,-0.01,1,0,,,,0.0,0.0,0.6,,,,,
2.15,ACQUIRE,0.01,-0.01,-9.54,1.59,-0.01,1,0,,,,0.0,0.0,1.3,,,,,
2.2,ACQUIRE,0.01,-0.01,-9.54,1.62,-0.01,1,0,,,,0.0,0.0,0.7,,,,,
2.25,ACQUIRE,0.01,-0.01,-9.54,1.64,-0.01,1,0,,,,0.0,0.0,1.4,,,,,
2.3,ACQUIRE,0.01,-0.01,-9.54,1.67,-0.01,1,0,,,,0.0,0.0,0.8,,,,,
2.35,ACQUIRE,0.01,-0.01,-9.54,1.69,-0.01,1,0,,,,0.0,0.0,1.3,,,,,
2.4,ACQUIRE,0.01,-0.01,-9.54,1.72,-0.01,1,0,,,,0.0,0.0,0.8,,,,,
2.45,ACQUIRE,0.01,-0.01,-9.54,1.74,-0.01,1,0,,,,0.0,0.0,1.5,,,,,
2.5,ACQUIRE,0.01,-0.01,-9.54,1.77,-0.01,1,0,,,,0.0,0.0,0.8,,,,,
2.55,ACQUIRE,0.01,-0.01,-9.54,1.79,-0.01,1,0,,,,0.0,0.0,1.5,,,,,
2.6,ACQUIRE,0.01,-0.01,-9.54,1.82,-0.01,1,0,,,,0.0,0.0,0.9,,,,,
2.65,ACQUIRE,0.01,-0.01,-9.54,1.84,-0.01,1,0,,,,0.0,0.0,1.5,,,,,
2.7,ACQUIRE,0.01,-0.01,-9.54,1.87,-0.01,1,0,,,,0.0,0.0,4.3,,,,,
2.75,ACQUIRE,0.01,-0.01,-9.54,1.89,-0.01,1,0,,,,0.0,0.0,1.4,,,,,
2.8,ACQUIRE,0.01,-0.01,-9.54,1.92,-0.01,1,0,,,,0.0,0.0,0.8,,,,,
2.85,ACQUIRE,0.01,-0.01,-9.54,1.94,-0.01,1,0,,,,0.0,0.0,1.7,,,,,
2.9,ACQUIRE,0.01,-0.01,-9.54,1.97,-0.01,1,0,,,,0.0,0.0,0.8,,,,,
2.95,ACQUIRE,0.01,-0.01,-9.54,1.99,-0.01,1,0,,,,0.0,0.0,1.4,,,,,
3.0,ACQUIRE,0.01,-0.01,-9.54,2.02,-0.01,1,0,,,,0.0,0.0,0.8,,,,,
3.05,ACQUIRE,0.01,-0.01,-9.54,2.04,-0.01,1,0,,,,0.0,0.0,1.4,,,,,
3.1,ACQUIRE,0.01,-0.01,-9.54,2.07,-0.01,1,0,,,,0.0,0.0,0.8,,,,,
3.15,ACQUIRE,0.01,-0.01,-9.55,2.09,-0.01,1,0,,,,0.0,0.0,1.3,,,,,
3.2,ACQUIRE,0.01,-0.01,-9.55,2.12,-0.01,1,0,,,,0.0,0.0,0.6,,,,,
3.25,ACQUIRE,0.01,-0.01,-9.55,2.14,-0.01,1,0,,,,0.0,0.0,1.5,,,,,
3.3,ACQUIRE,0.01,-0.01,-9.55,2.17,-0.01,1,0,,,,0.0,0.0,0.8,,,,,
3.35,ACQUIRE,0.01,-0.01,-9.55,2.19,-0.01,1,0,,,,0.0,0.0,1.5,,,,,
3.41,ACQUIRE,0.01,-0.01,-9.55,2.22,-0.01,1,0,,,,0.0,0.0,0.8,,,,,
3.46,ACQUIRE,0.01,-0.01,-9.55,2.24,-0.01,1,0,,,,0.0,0.0,1.5,,,,,
3.51,ACQUIRE,0.01,-0.01,-9.55,2.27,-0.01,1,0,,,,0.0,0.0,0.9,,,,,
3.56,ACQUIRE,0.01,-0.02,-9.55,2.29,-0.01,1,0,,,,0.0,0.0,1.4,,,,,
3.61,ACQUIRE,0.01,-0.02,-9.55,2.32,-0.01,1,0,,,,0.0,0.0,0.8,,,,,
3.66,ACQUIRE,0.01,-0.02,-9.56,2.34,-0.01,1,0,,,,0.0,0.0,1.4,,,,,
3.71,ACQUIRE,0.01,-0.02,-9.56,2.37,-0.01,1,0,,,,0.0,0.0,0.6,,,,,
3.76,ACQUIRE,0.01,-0.02,-9.56,2.39,-0.01,1,0,,,,0.0,0.0,1.2,,,,,
3.81,ACQUIRE,0.01,-0.02,-9.56,2.42,-0.01,1,0,,,,0.0,0.0,0.8,,,,,
3.86,ACQUIRE,0.01,-0.02,-9.56,2.44,-0.01,1,0,,,,0.0,0.0,1.5,,,,,
3.91,ACQUIRE,0.01,-0.02,-9.56,2.47,-0.01,1,0,,,,0.0,0.0,0.8,,,,,
3.96,ACQUIRE,0.01,-0.02,-9.56,2.49,-0.01,1,0,,,,0.0,0.0,1.5,,,,,
4.01,ACQUIRE,0.01,-0.02,-9.56,2.52,-0.01,1,0,,,,0.0,0.0,0.9,,,,,
4.06,ACQUIRE,0.01,-0.02,-9.56,2.54,-0.01,1,0,,,,0.0,0.0,1.5,,,,,
4.11,ACQUIRE,0.01,-0.02,-9.56,2.57,-0.01,1,0,,,,0.0,0.0,0.8,,,,,
4.16,ACQUIRE,0.01,-0.02,-9.56,2.59,-0.01,1,0,,,,0.0,0.0,1.4,,,,,
4.21,ACQUIRE,0.01,-0.02,-9.56,2.62,-0.01,1,0,,,,0.0,0.0,0.8,,,,,
4.26,ACQUIRE,0.01,-0.02,-9.56,2.64,-0.01,1,0,,,,0.0,0.0,1.5,,,,,
4.31,ACQUIRE,0.01,-0.02,-9.56,2.67,-0.01,1,0,,,,0.0,0.0,0.8,,,,,
4.36,ACQUIRE,0.01,-0.02,-9.56,2.69,-0.01,1,0,,,,0.0,0.0,1.4,,,,,
4.41,ACQUIRE,0.01,-0.02,-9.56,2.72,-0.01,1,0,,,,0.0,0.0,0.8,,,,,
4.46,ACQUIRE,0.01,-0.02,-9.56,2.74,-0.01,1,0,,,,0.0,0.0,1.3,,,,,
4.51,ACQUIRE,0.01,-0.02,-9.56,2.77,-0.01,1,0,,,,0.0,0.0,0.7,,,,,
4.56,ACQUIRE,0.02,-0.02,-9.57,2.79,-0.01,1,0,,,,0.0,0.0,1.5,,,,,
4.61,ACQUIRE,0.02,-0.02,-9.57,2.82,-0.01,1,0,,,,0.0,0.0,0.8,,,,,
4.66,ACQUIRE,0.02,-0.02,-9.57,2.84,-0.01,1,0,,,,0.0,0.0,1.5,,,,,
4.71,ACQUIRE,0.02,-0.02,-9.57,2.87,-0.01,1,0,,,,0.0,0.0,0.8,,,,,
4.76,ACQUIRE,0.02,-0.03,-9.57,2.89,-0.01,1,0,,,,0.0,0.0,1.5,,,,,
4.81,ACQUIRE,0.02,-0.03,-9.57,2.92,-0.01,1,0,,,,0.0,0.0,0.6,,,,,
4.86,ACQUIRE,0.02,-0.03,-9.57,2.94,-0.01,1,0,,,,0.0,0.0,1.3,,,,,
4.91,ACQUIRE,0.02,-0.03,-9.57,2.97,-0.01,1,0,,,,0.0,0.0,0.8,,,,,
4.96,CARRY,0.02,-0.03,-9.57,2.99,-0.01,1,0,,,,0.485,0.045,563.1,,,,,
5.52,CARRY,0.02,-0.03,-9.57,3.28,-0.01,1,0,341.5,88.0,153.5,3.0,0.43,47.8,,,,,9.312
5.57,CARRY,0.02,-0.03,-9.57,3.3,-0.01,1,0,341.5,87.5,154.0,3.0,0.43,53.6,,,,,9.312
5.63,CARRY,0.02,-0.03,-9.57,3.33,-0.01,1,0,341.0,86.5,154.9,3.0,0.42,47.8,,,,,9.312
5.68,CARRY,0.03,-0.03,-9.57,3.35,-0.01,1,0,342.0,86.0,155.6,3.0,0.44,54.7,,,,,9.312
5.73,CARRY,0.03,-0.03,-9.57,3.38,-0.01,1,0,342.0,85.0,156.6,3.0,0.44,48.2,,,,,9.312
5.78,CARRY,0.03,-0.03,-9.57,3.41,-0.01,1,0,342.0,84.5,157.0,3.0,0.44,54.4,,,,,9.375
5.84,CARRY,0.03,-0.03,-9.57,3.43,-0.01,1,0,342.0,83.5,158.0,3.0,0.44,48.0,,,,,9.375
5.89,CARRY,0.04,-0.03,-9.57,3.46,-0.01,1,0,342.0,83.0,158.5,3.0,0.44,54.6,,,,,9.375
5.94,CARRY,0.05,-0.03,-9.57,3.49,-0.01,1,0,342.5,83.0,158.6,3.0,0.45,48.3,,,,,9.312
5.99,CARRY,0.05,-0.03,-9.57,3.51,-0.01,1,0,342.5,82.0,159.6,3.0,0.45,53.7,,,,,9.312
6.05,CARRY,0.09,-0.03,-9.57,3.54,-0.01,1,0,343.0,82.5,159.2,3.0,0.46,49.0,,,,,9.25
6.1,CARRY,0.09,-0.03,-9.57,3.56,-0.01,1,0,343.0,81.5,160.2,3.0,0.46,53.5,,,,,9.312
6.15,CARRY,0.14,-0.03,-9.57,3.59,-0.01,1,0,343.5,82.5,159.2,3.0,0.47,48.8,,,,,9.312
6.2,CARRY,0.14,-0.03,-9.57,3.62,-0.01,1,0,343.5,82.0,159.7,3.0,0.47,54.0,,,,,9.312
6.26,CARRY,0.22,-0.02,-9.57,3.64,-0.01,1,0,343.5,83.5,158.3,3.0,0.47,48.4,,,,,9.125
6.31,CARRY,0.22,-0.02,-9.57,3.67,-0.01,1,0,343.5,82.5,159.2,3.0,0.47,54.2,,,,,9.188
6.36,CARRY,0.33,-0.02,-9.57,3.7,-0.01,1,0,343.5,85.0,156.8,3.0,0.47,49.6,,,,,9.188
6.41,CARRY,0.33,-0.02,-9.57,3.72,-0.01,1,0,344.0,84.5,157.3,3.0,0.48,53.4,,,,,9.062
6.47,CARRY,0.46,-0.02,-9.57,3.75,-0.01,1,0,343.5,87.5,154.3,3.0,0.47,48.5,,,,,9.125
6.52,CARRY,0.46,-0.02,-9.57,3.77,-0.01,1,0,343.5,86.5,155.3,3.0,0.47,53.5,,,,,9.062
6.57,CARRY,0.62,-0.02,-9.57,3.8,-0.01,1,0,343.5,90.5,151.3,2.99,0.47,48.9,,,,,9.0
6.62,CARRY,0.62,-0.02,-9.57,3.83,-0.01,1,0,343.0,90.0,151.8,3.0,0.46,53.8,,,,,9.0
6.68,CARRY,0.8,-0.02,-9.57,3.85,-0.01,1,0,342.5,94.5,147.2,2.91,0.45,48.5,,,,,8.938
6.73,CARRY,0.8,-0.02,-9.57,3.88,-0.01,1,0,342.5,93.5,148.2,2.93,0.45,53.7,,,,,8.938
6.78,CARRY,1.01,-0.02,-9.57,3.9,-0.01,1,0,342.0,98.5,143.2,2.83,0.44,48.4,,,,,8.875
6.83,CARRY,1.01,-0.02,-9.57,3.93,-0.01,1,0,342.0,98.0,143.7,2.84,0.44,53.6,,,,,8.812
6.89,CARRY,1.24,-0.01,-9.57,3.96,-0.01,1,0,340.5,103.5,138.0,2.73,0.41,48.5,,,,,8.312
6.94,CARRY,1.24,-0.01,-9.57,3.98,-0.01,1,0,341.0,103.0,138.6,2.74,0.42,53.5,,,,,8.375
6.99,CARRY,1.48,-0.01,-9.58,4.01,-0.01,1,0,339.0,108.5,132.9,2.63,0.38,48.9,,,,,8.438
7.04,CARRY,1.73,-0.01,-9.58,4.03,-0.01,1,0,337.0,115.5,125.7,2.49,0.34,54.7,,,,,8.562
7.1,CARRY,1.73,-0.01,-9.58,4.06,-0.01,1,0,337.5,114.5,126.7,2.51,0.35,48.3,,,,,8.562
7.15,CARRY,1.99,-0.0,-9.58,4.09,-0.01,1,0,335.0,121.0,119.9,2.38,0.3,54.6,,,,,9.0
7.2,CARRY,1.99,-0.0,-9.58,4.12,-0.01,1,0,335.0,120.5,120.4,2.39,0.3,47.8,,,,,9.062
7.25,CARRY,2.25,0.0,-9.58,4.14,-0.01,1,0,333.0,131.5,109.3,2.17,0.26,54.0,,,,,9.5
7.31,CARRY,2.25,0.0,-9.58,4.17,-0.01,1,0,333.5,130.0,110.8,2.2,0.27,47.8,,,,,9.5
7.36,CARRY,2.51,0.01,-9.58,4.19,-0.01,1,0,331.5,143.5,97.2,1.93,0.23,53.9,,,,,9.688
7.41,CARRY,2.51,0.01,-9.58,4.22,-0.01,1,0,331.5,142.5,98.2,1.95,0.23,49.0,,,,,9.75
7.46,CARRY,2.77,0.01,-9.58,4.25,-0.01,1,0,329.5,155.5,85.0,1.69,0.19,55.6,,,,,9.562
7.52,CARRY,2.77,0.01,-9.58,4.27,-0.01,1,0,329.5,153.5,87.0,1.73,0.19,48.5,,,,,9.625
7.57,CARRY,3.02,0.01,-9.58,4.3,-0.01,1,0,327.5,166.5,73.9,1.47,0.15,55.2,,,,,9.375
7.62,CARRY,3.02,0.01,-9.58,4.33,-0.01,1,0,327.5,165.0,75.4,1.5,0.15,48.6,,,,,9.438
7.67,CARRY,3.27,0.02,-9.58,4.35,-0.01,1,0,326.5,177.5,62.8,1.25,0.13,54.0,,,,,9.375
7.73,CARRY,3.27,0.02,-9.58,4.38,-0.01,1,0,326.5,175.5,64.8,1.29,0.13,48.2,,,,,9.375
7.78,CARRY,3.5,0.02,-9.58,4.4,-0.01,1,0,324.5,188.0,52.2,1.04,0.09,53.7,,,,,9.25
7.83,CARRY,3.5,0.02,-9.58,4.43,-0.01,1,0,324.0,186.5,53.6,1.07,0.08,47.7,,,,,9.25
7.88,CARRY,3.72,0.03,-9.58,4.46,-0.01,1,0,323.0,198.0,42.1,0.84,0.06,54.3,,,,,9.125
7.94,CARRY,3.72,0.03,-9.58,4.48,-0.01,1,0,323.5,196.5,43.6,0.87,0.07,47.8,,,,,9.25
7.99,CARRY,3.93,0.03,-9.58,4.51,-0.01,1,0,322.0,206.5,33.6,0.67,0.04,55.5,,,,,8.125
8.05,CARRY,4.12,0.03,-9.58,4.54,-0.01,1,0,320.0,215.5,24.5,0.49,0.0,48.3,,,,,8.312
8.1,CARRY,4.12,0.03,-9.58,4.56,-0.01,1,0,320.5,214.5,25.5,0.51,0.01,53.2,,,,,8.125
8.15,CARRY,4.3,0.03,-9.58,4.59,-0.01,1,0,319.5,223.0,17.0,0.34,-0.01,48.8,,,,,7.562
8.2,CARRY,4.3,0.03,-9.58,4.61,-0.01,1,0,319.5,174.0,66.0,1.32,-0.01,53.4,,,,,7.031
8.25,CARRY,4.45,0.03,-9.57,4.64,-0.01,1,0,319.0,176.5,63.5,1.27,-0.02,48.6,,,,,7.312
8.3,CARRY,4.45,0.03,-9.57,4.67,-0.01,1,0,319.0,176.0,64.0,1.28,-0.02,54.9,,,,,7.031
8.36,CARRY,4.59,0.03,-9.57,4.69,-0.01,1,0,318.0,178.0,62.0,1.24,-0.04,49.4,,,,,7.031
8.41,CARRY,4.59,0.03,-9.57,4.72,-0.01,1,0,318.5,177.5,62.5,1.25,-0.03,54.2,,,,,7.0
8.47,CARRY,4.71,0.03,-9.57,4.75,-0.01,1,0,318.0,180.0,60.0,1.2,-0.04,49.1,,,,,7.188
8.52,CARRY,4.71,0.03,-9.57,4.77,-0.01,1,0,318.0,179.5,60.5,1.21,-0.04,54.3,,,,,7.375
8.57,CARRY,4.82,0.02,-9.58,4.8,-0.01,1,0,317.5,181.5,58.6,1.17,-0.05,49.8,,,,,7.344
8.62,CARRY,4.82,0.02,-9.58,4.83,-0.01,1,0,317.5,181.0,59.1,1.18,-0.05,55.1,,,,,7.469
8.68,CARRY,4.91,0.02,-9.58,4.85,-0.01,1,0,317.5,243.5,4.3,-0.07,-0.05,48.3,,,,,7.469
8.73,CARRY,4.91,0.02,-9.58,4.88,-0.01,1,0,317.5,182.0,58.1,1.16,-0.05,53.4,,,,,7.562
8.78,CARRY,5.01,0.01,-9.58,4.91,-0.01,1,0,318.0,184.0,56.0,1.12,-0.04,48.7,,,,,7.438
8.83,CARRY,5.01,0.01,-9.58,4.93,-0.01,1,0,318.0,183.5,56.5,1.13,-0.04,53.4,,,,,7.5
8.89,CARRY,5.1,0.0,-9.58,4.96,-0.01,1,0,318.0,248.0,8.2,-0.16,-0.04,48.6,,,,,7.438
8.94,CARRY,5.19,-0.01,-9.58,4.98,-0.01,1,0,318.0,252.0,12.2,-0.24,-0.04,54.8,,,,,7.562
8.99,CARRY,5.19,-0.01,-9.58,5.01,-0.01,1,0,318.5,250.5,10.6,-0.21,-0.03,48.0,,,,,7.75
9.04,CARRY,5.29,-0.02,-9.58,5.04,-0.01,1,0,319.0,254.5,14.5,-0.29,-0.02,55.2,,,,,7.688
9.1,CARRY,5.29,-0.02,-9.58,5.06,-0.01,1,0,319.0,253.5,13.5,-0.27,-0.02,47.7,,,,,7.719
9.15,CARRY,5.4,-0.04,-9.58,5.09,-0.01,1,0,319.0,257.5,17.5,-0.35,-0.02,54.4,,,,,7.656
9.21,CARRY,5.4,-0.04,-9.58,5.12,-0.01,1,0,319.0,256.5,16.5,-0.33,-0.02,47.7,,,,,7.781
9.26,CARRY,5.5,-0.05,-9.58,5.14,-0.01,1,0,319.5,260.5,20.5,-0.41,-0.01,54.0,,,,,7.906
9.31,CARRY,5.5,-0.05,-9.58,5.17,-0.01,1,0,320.0,259.0,19.0,-0.38,0.0,48.3,,,,,7.969
9.36,CARRY,5.59,-0.07,-9.58,5.19,-0.01,1,0,319.5,264.0,24.0,-0.48,-0.01,54.0,,,,,8.062
9.42,CARRY,5.59,-0.07,-9.58,5.22,-0.01,1,0,320.0,262.0,22.0,-0.44,0.0,48.2,,,,,8.188
9.47,CARRY,5.67,-0.08,-9.58,5.25,-0.01,1,0,320.5,265.5,25.5,-0.51,0.01,54.2,,,,,8.5
9.52,CARRY,5.67,-0.08,-9.58,5.27,-0.01,1,0,320.5,264.0,24.0,-0.48,0.01,47.7,,,,,8.688
9.57,CARRY,5.74,-0.09,-9.58,5.3,-0.01,1,0,321.0,266.0,26.0,-0.52,0.02,55.7,,,,,8.375
9.63,CARRY,5.74,-0.09,-9.58,5.33,-0.01,1,0,321.5,265.0,25.0,-0.5,0.03,48.6,,,,,8.438
9.68,CARRY,5.78,-0.1,-9.58,5.35,-0.01,1,0,322.0,265.5,25.6,-0.51,0.04,53.8,,,,,8.375
9.73,CARRY,5.78,-0.1,-9.58,5.38,-0.01,1,0,322.0,264.0,24.1,-0.48,0.04,48.5,,,,,8.562
9.78,CARRY,5.81,-0.11,-9.58,5.41,-0.01,1,0,322.0,264.5,24.6,-0.49,0.04,54.5,,,,,8.562
9.84,CARRY,5.81,-0.11,-9.58,5.43,-0.01,1,0,322.5,263.0,23.1,-0.46,0.05,47.9,,,,,8.625
9.89,CARRY,5.82,-0.11,-9.58,5.46,-0.01,1,0,322.5,262.0,22.1,-0.44,0.05,54.6,,,,,8.688
9.94,CARRY,5.82,-0.11,-9.58,5.49,-0.01,1,0,323.0,260.5,20.7,-0.41,0.06,48.4,,,,,8.688
9.99,CARRY,5.82,-0.11,-9.58,5.51,-0.01,1,0,323.0,258.5,18.7,-0.37,0.06,53.2,,,,,8.75
10.05,CARRY,5.81,-0.11,-9.58,5.54,-0.01,1,0,324.0,256.5,17.0,-0.33,0.08,48.8,,,,,8.75
10.1,CARRY,5.81,-0.11,-9.58,5.56,-0.01,1,0,324.0,256.0,16.5,-0.32,0.08,53.4,,,,,8.812
10.15,CARRY,5.8,-0.11,-9.58,5.59,-0.01,1,0,324.0,253.0,13.6,-0.26,0.08,49.1,,,,,8.812
10.2,CARRY,5.8,-0.11,-9.58,5.62,-0.01,1,0,324.0,252.0,12.6,-0.24,0.08,53.3,,,,,8.938
10.26,CARRY,5.77,-0.1,-9.58,5.64,-0.01,1,0,324.0,248.5,9.4,-0.17,0.08,48.3,,,,,9.0
10.31,CARRY,5.77,-0.1,-9.58,5.67,-0.01,1,0,324.0,247.0,8.1,-0.14,0.08,53.8,,,,,9.062
10.36,CARRY,5.75,-0.1,-9.58,5.7,-0.01,1,0,324.5,243.5,5.7,-0.07,0.09,48.5,,,,,9.062
10.41,CARRY,5.75,-0.1,-9.58,5.72,-0.01,1,0,324.5,242.5,5.1,-0.05,0.09,54.2,,,,,9.188
10.47,CARRY,5.72,-0.09,-9.58,5.75,-0.01,1,0,324.5,239.5,4.5,0.01,0.09,48.6,,,,,9.312
10.52,CARRY,5.72,-0.09,-9.58,5.77,-0.01,1,0,325.0,237.5,5.6,0.05,0.1,54.1,,,,,9.375
10.57,CARRY,5.7,-0.08,-9.58,5.8,-0.01,1,0,324.5,234.5,7.1,0.11,0.09,48.8,,,,,9.312
10.62,CARRY,5.7,-0.08,-9.58,5.83,-0.01,1,0,325.0,233.5,8.2,0.13,0.1,48.2,,,,,9.25
10.67,CARRY,5.68,-0.08,-9.58,5.85,-0.01,1,0,324.5,230.5,10.5,0.19,0.09,50.7,,,,,9.188
10.72,CARRY,5.68,-0.08,-9.58,5.88,-0.01,1,0,325.0,229.5,11.6,0.21,0.1,48.2,,,,,9.125
10.77,CARRY,5.66,-0.07,-9.58,5.9,-0.01,1,0,324.5,226.5,14.2,0.27,0.09,49.4,,,,,9.438
10.82,CARRY,5.66,-0.07,-9.58,5.93,-0.01,1,0,325.0,225.5,15.3,0.29,0.1,48.8,,,,,9.438
10.87,CARRY,5.65,-0.06,-9.58,5.95,-0.01,1,0,324.5,223.0,17.6,0.34,0.09,49.4,,,,,9.375
10.92,CARRY,5.65,-0.06,-9.58,5.98,-0.01,1,0,325.0,222.0,18.7,0.36,0.1,48.4,,,,,9.5
10.97,CARRY,5.64,-0.05,-9.58,6.0,-0.01,1,0,324.5,220.0,20.5,0.4,0.09,49.1,,,,,9.562
11.02,CARRY,5.64,-0.05,-9.58,6.03,-0.01,1,0,325.0,218.5,22.1,0.43,0.1,48.6,,,,,9.562
11.08,CARRY,5.64,-0.04,-9.58,6.05,-0.01,1,0,324.5,216.5,23.9,0.47,0.09,49.1,,,,,9.5
11.13,CARRY,5.64,-0.04,-9.58,6.08,-0.01,1,0,324.5,215.5,24.9,0.49,0.09,48.5,,,,,9.562
11.18,CARRY,5.65,-0.04,-9.58,6.1,-0.01,1,0,324.5,214.5,25.9,0.51,0.09,49.2,,,,,9.625
11.23,CARRY,5.65,-0.04,-9.58,6.13,-0.01,1,0,324.5,213.0,27.4,0.54,0.09,48.6,,,,,9.688
11.28,CARRY,5.66,-0.03,-9.58,6.15,-0.01,1,0,324.5,212.0,28.4,0.56,0.09,49.0,,,,,9.625
11.33,CARRY,5.66,-0.03,-9.58,6.18,-0.01,1,0,324.5,211.0,29.3,0.58,0.09,48.6,,,,,9.688
11.38,CARRY,5.68,-0.03,-9.58,6.2,-0.01,1,0,324.5,211.0,29.3,0.58,0.09,49.6,,,,,9.688
11.43,CARRY,5.68,-0.03,-9.58,6.23,-0.01,1,0,324.5,209.0,31.3,0.62,0.09,48.4,,,,,9.812
11.48,CARRY,5.71,-0.02,-9.58,6.25,-0.01,1,0,324.5,209.0,31.3,0.62,0.09,48.9,,,,,9.812
11.53,CARRY,5.71,-0.02,-9.58,6.28,-0.01,1,0,324.5,207.5,32.8,0.65,0.09,48.6,,,,,9.812
11.58,CARRY,5.74,-0.02,-9.58,6.3,-0.01,1,0,324.5,207.5,32.8,0.65,0.09,49.0,,,,,9.812
11.63,CARRY,5.74,-0.02,-9.58,6.33,-0.01,1,0,324.5,206.0,34.3,0.68,0.09,48.6,,,,,9.812
11.68,CARRY,5.77,-0.01,-9.58,6.35,-0.01,1,0,324.5,207.0,33.3,0.66,0.09,49.2,,,,,9.75
11.73,CARRY,5.77,-0.01,-9.58,6.38,-0.01,1,0,324.5,205.5,34.8,0.69,0.09,50.2,,,,,9.75
11.78,CARRY,5.81,-0.01,-9.58,6.4,-0.01,1,0,324.0,206.0,34.2,0.68,0.08,49.8,,,,,9.75
11.83,CARRY,5.81,-0.01,-9.58,6.43,-0.01,1,0,324.5,204.5,35.8,0.71,0.09,50.0,,,,,9.75
11.88,CARRY,5.86,-0.01,-9.58,6.45,-0.01,1,0,323.5,205.5,34.7,0.69,0.07,50.1,,,,,9.812
11.93,CARRY,5.86,-0.01,-9.58,6.48,-0.01,1,0,324.5,204.5,35.8,0.71,0.09,50.7,,,,,9.688
11.98,CARRY,5.91,-0.0,-9.58,6.51,-0.01,1,0,323.5,205.5,34.7,0.69,0.07,50.1,,,,,9.688
12.03,CARRY,5.91,-0.0,-9.58,6.53,-0.01,1,0,324.0,204.5,35.7,0.71,0.08,49.0,,,,,9.562
12.08,CARRY,5.96,-0.0,-9.58,6.56,-0.01,1,0,323.5,205.5,34.7,0.69,0.07,49.3,,,,,9.688
12.13,CARRY,5.96,-0.0,-9.58,6.58,-0.01,1,0,323.5,204.0,36.2,0.72,0.07,48.7,,,,,9.625
12.18,CARRY,6.01,-0.0,-9.58,6.61,-0.01,1,0,323.5,205.5,34.7,0.69,0.07,49.2,,,,,9.625
12.23,CARRY,6.01,-0.0,-9.58,6.63,-0.01,1,0,323.5,204.5,35.7,0.71,0.07,48.6,,,,,9.562
12.28,CARRY,6.07,-0.0,-9.58,6.66,-0.01,1,0,323.5,206.5,33.7,0.67,0.07,50.6,,,,,9.5
12.34,CARRY,6.07,-0.0,-9.58,6.68,-0.01,1,0,323.5,205.0,35.2,0.7,0.07,49.2,,,,,9.5
12.39,CARRY,6.13,-0.0,-9.58,6.71,-0.01,1,0,323.5,207.0,33.2,0.66,0.07,50.0,,,,,9.5
12.44,CARRY,6.19,-0.0,-9.58,6.73,-0.01,1,0,323.5,209.0,31.2,0.62,0.07,49.4,,,,,9.5
12.49,CARRY,6.19,-0.0,-9.58,6.76,-0.01,1,0,323.5,207.5,32.7,0.65,0.07,48.6,,,,,9.5
12.54,CARRY,6.19,-0.0,-9.58,6.78,-0.01,1,0,323.5,205.5,34.7,0.69,0.07,48.4,,,,,9.5
12.59,CARRY,6.25,-0.0,-9.58,6.81,-0.01,1,0,323.5,208.0,32.2,0.64,0.07,49.5,,,,,9.5
12.64,CARRY,6.25,-0.0,-9.58,6.83,-0.01,1,0,323.5,206.5,33.7,0.67,0.07,48.5,,,,,9.438
12.69,CARRY,6.31,-0.0,-9.58,6.86,-0.01,1,0,323.5,208.5,31.7,0.63,0.07,49.5,,,,,9.438
12.74,CARRY,6.31,-0.0,-9.58,6.88,-0.01,1,0,323.5,207.5,32.7,0.65,0.07,48.4,,,,,9.438
12.79,CARRY,6.37,-0.0,-9.58,6.91,-0.01,1,0,323.5,210.0,30.2,0.6,0.07,50.1,,,,,9.375
12.84,CARRY,6.43,-0.0,-9.58,6.93,-0.01,1,0,323.5,211.5,28.7,0.57,0.07,49.6,,,,,9.312
12.89,CARRY,6.43,-0.0,-9.58,6.96,-0.01,1,0,323.5,210.0,30.2,0.6,0.07,49.1,,,,,9.375
12.94,CARRY,6.5,-0.0,-9.58,6.98,-0.01,1,0,323.5,212.5,27.7,0.55,0.07,49.4,,,,,9.062
12.99,CARRY,6.5,-0.0,-9.58,7.01,-0.01,1,0,323.5,211.0,29.2,0.58,0.07,49.1,,,,,9.062
13.04,CARRY,6.56,-0.01,-9.58,7.04,-0.01,1,0,323.0,213.0,27.2,0.54,0.06,49.3,,,,,8.625
13.09,CARRY,6.56,-0.01,-9.58,7.06,-0.01,1,0,323.5,211.5,28.7,0.57,0.07,48.9,,,,,8.812
13.14,CARRY,6.62,-0.01,-9.58,7.09,-0.01,1,0,323.0,213.0,27.2,0.54,0.06,49.3,,,,,8.688
13.19,CARRY,6.62,-0.01,-9.58,7.11,-0.01,1,0,323.5,212.0,28.2,0.56,0.07,48.9,,,,,8.75
13.24,CARRY,6.68,-0.01,-9.58,7.14,-0.01,1,0,322.5,213.5,26.6,0.53,0.05,49.3,,,,,8.375
13.29,CARRY,6.68,-0.01,-9.58,7.16,-0.01,1,0,323.5,212.5,27.7,0.55,0.07,48.9,,,,,8.438
13.34,CARRY,6.74,-0.01,-9.58,7.19,-0.01,1,0,322.5,214.5,25.6,0.51,0.05,49.5,,,,,8.25
13.39,CARRY,6.74,-0.01,-9.58,7.21,-0.01,1,0,323.5,213.0,27.2,0.54,0.07,49.0,,,,,8.0
13.44,CARRY,6.8,-0.01,-9.58,7.24,-0.01,1,0,322.5,215.0,25.1,0.5,0.05,49.3,,,,,7.469
13.49,CARRY,6.8,-0.01,-9.58,7.26,-0.01,1,0,323.0,213.5,26.7,0.53,0.06,48.6,,,,,7.281
13.54,CARRY,6.85,-0.01,-9.58,7.29,-0.01,1,0,322.5,215.5,24.6,0.49,0.05,49.2,,,,,6.875
13.59,CARRY,6.85,-0.01,-9.58,7.31,-0.01,1,0,323.0,213.5,26.7,0.53,0.06,48.8,,,,,6.75
13.64,CARRY,6.91,-0.01,-9.58,7.34,-0.01,1,0,322.5,215.5,24.6,0.49,0.05,49.7,,,,,6.375
13.69,CARRY,6.91,-0.01,-9.58,7.36,-0.01,1,0,322.5,214.0,26.1,0.52,0.05,48.4,,,,,6.25
13.74,CARRY,6.97,-0.01,-9.58,7.39,-0.01,1,0,322.5,204.0,36.1,0.72,0.05,49.3,,,,,5.906
13.8,CARRY,6.97,-0.01,-9.58,7.41,-0.01,1,0,322.5,203.5,36.6,0.73,0.05,48.6,,,,,5.656
13.85,CARRY,7.02,-0.01,-9.58,7.44,-0.01,1,0,322.5,215.5,24.6,0.49,0.05,49.5,,,,,5.594
13.9,CARRY,7.02,-0.01,-9.58,7.46,-0.01,1,0,322.5,214.0,26.1,0.52,0.05,49.6,,,,,5.438
13.95,CARRY,7.07,-0.01,-9.58,7.49,-0.01,1,0,322.5,208.0,32.1,0.64,0.05,49.7,,,,,5.344
14.0,CARRY,7.07,-0.01,-9.58,7.51,-0.01,1,0,322.5,207.0,33.1,0.66,0.05,48.5,,,,,5.25
14.05,CARRY,7.13,-0.01,-9.58,7.54,-0.01,1,0,322.0,208.0,32.1,0.64,0.04,49.8,,,,,5.375
14.1,CARRY,7.13,-0.01,-9.58,7.56,-0.01,1,0,322.5,207.5,32.6,0.65,0.05,48.7,,,,,5.312
14.15,CARRY,7.19,-0.01,-9.58,7.59,-0.01,1,0,322.0,210.5,29.6,0.59,0.04,49.6,,,,,5.5
14.2,CARRY,7.19,-0.01,-9.58,7.61,-0.01,1,0,322.5,209.5,30.6,0.61,0.05,48.7,,,,,5.5
14.25,CARRY,7.25,-0.01,-9.58,7.64,-0.01,1,0,322.0,212.0,28.1,0.56,0.04,49.9,,,,,5.812
14.3,CARRY,7.25,-0.01,-9.58,7.66,-0.01,1,0,322.0,212.0,28.1,0.56,0.04,48.7,,,,,5.812
14.35,CARRY,7.31,-0.01,-9.58,7.69,-0.01,1,0,322.0,215.0,25.1,0.5,0.04,49.7,,,,,6.0
14.4,CARRY,7.31,-0.01,-9.58,7.71,-0.01,1,0,323.0,214.0,26.2,0.52,0.06,49.7,,,,,6.281
14.45,CARRY,7.37,-0.02,-9.58,7.74,-0.01,1,0,322.5,216.0,24.1,0.48,0.05,49.7,,,,,6.312
14.5,CARRY,7.37,-0.02,-9.58,7.77,-0.01,1,0,323.0,215.5,24.7,0.49,0.06,48.5,,,,,6.844
14.55,CARRY,7.43,-0.02,-9.58,7.79,-0.01,1,0,322.5,218.5,21.6,0.43,0.05,49.6,,,,,7.0
14.6,CARRY,7.43,-0.02,-9.58,7.82,-0.01,1,0,323.5,217.5,22.8,0.45,0.07,48.6,,,,,7.438
14.65,CARRY,7.49,-0.02,-9.58,7.84,-0.01,1,0,323.0,220.0,20.2,0.4,0.06,49.5,,,,,7.281
14.7,CARRY,7.49,-0.02,-9.58,7.87,-0.01,1,0,323.5,218.5,21.8,0.43,0.07,48.4,,,,,8.062
14.75,CARRY,7.54,-0.02,-9.58,7.89,-0.01,1,0,323.0,220.5,19.7,0.39,0.06,49.5,,,,,8.0
14.8,CARRY,7.54,-0.02,-9.58,7.92,-0.01,1,0,323.5,219.0,21.3,0.42,0.07,48.6,,,,,8.5
14.85,CARRY,7.6,-0.02,-9.58,7.94,-0.01,1,0,323.5,220.5,19.8,0.39,0.07,49.3,,,,,8.562
14.9,CARRY,7.6,-0.02,-9.58,7.97,-0.01,1,0,323.5,219.5,20.8,0.41,0.07,48.6,,,,,8.812
14.95,CARRY,7.65,-0.03,-9.58,7.99,-0.01,1,0,323.5,220.5,19.8,0.39,0.07,49.5,,,,,8.812
15.0,CARRY,7.65,-0.03,-9.58,8.02,-0.01,1,0,323.5,219.5,20.8,0.41,0.07,48.6,,,,,8.938
15.05,CARRY,7.7,-0.03,-9.58,8.04,-0.01,1,0,323.5,220.5,19.8,0.39,0.07,49.2,,,,,9.0
15.1,CARRY,7.7,-0.03,-9.58,8.07,-0.01,1,0,323.5,219.5,20.8,0.41,0.07,48.6,,,,,9.062
15.15,CARRY,7.75,-0.03,-9.58,8.09,-0.01,1,0,323.5,220.5,19.8,0.39,0.07,49.2,,,,,9.062
15.2,CARRY,7.75,-0.03,-9.58,8.12,-0.01,1,0,323.5,219.5,20.8,0.41,0.07,48.5,,,,,9.125
15.25,CARRY,7.8,-0.03,-9.58,8.14,-0.01,1,0,323.5,220.5,19.8,0.39,0.07,49.0,,,,,9.062
15.3,CARRY,7.8,-0.03,-9.58,8.17,-0.01,1,0,323.5,219.5,20.8,0.41,0.07,48.5,,,,,9.062
15.35,CARRY,7.85,-0.03,-9.58,8.19,-0.01,1,0,323.5,220.5,19.8,0.39,0.07,49.0,,,,,9.188
15.4,CARRY,7.85,-0.03,-9.58,8.22,-0.01,1,0,323.5,219.0,21.3,0.42,0.07,49.7,,,,,9.188
15.46,CARRY,7.89,-0.03,-9.58,8.24,-0.01,1,0,323.5,220.5,19.8,0.39,0.07,49.7,,,,,9.25
15.51,CARRY,7.89,-0.03,-9.58,8.27,-0.01,1,0,323.5,219.0,21.3,0.42,0.07,49.2,,,,,9.312
15.56,CARRY,7.93,-0.03,-9.58,8.29,-0.01,1,0,323.5,220.0,20.3,0.4,0.07,48.8,,,,,9.125
15.61,CARRY,7.93,-0.03,-9.58,8.32,-0.01,1,0,323.5,218.5,21.8,0.43,0.07,49.9,,,,,9.188
15.66,CARRY,7.98,-0.03,-9.58,8.34,-0.01,1,0,323.5,219.5,20.8,0.41,0.07,49.3,,,,,9.125
15.71,CARRY,7.98,-0.03,-9.58,8.37,-0.01,1,0,323.5,218.0,22.3,0.44,0.07,49.0,,,,,9.125
15.76,CARRY,8.02,-0.02,-9.58,8.39,-0.01,1,0,323.5,219.0,21.3,0.42,0.07,49.5,,,,,9.0
15.81,CARRY,8.02,-0.02,-9.58,8.42,-0.01,1,0,323.5,217.5,22.8,0.45,0.07,50.8,,,,,9.0
15.86,CARRY,8.06,-0.02,-9.58,8.44,-0.01,1,0,323.5,218.5,21.8,0.43,0.07,52.0,,,,,8.625
15.91,CARRY,8.06,-0.02,-9.58,8.47,-0.01,1,0,323.5,216.5,23.8,0.47,0.07,49.6,,,,,8.562
15.96,CARRY,8.11,-0.02,-9.58,8.5,-0.01,1,0,323.5,217.5,22.8,0.45,0.07,49.7,,,,,8.562
16.01,CARRY,8.11,-0.02,-9.58,8.52,-0.01,1,0,323.5,216.5,23.8,0.47,0.07,49.1,,,,,8.312
16.06,CARRY,8.15,-0.02,-9.58,8.55,-0.01,1,0,323.5,217.5,22.8,0.45,0.07,49.6,,,,,8.188
16.12,CARRY,8.15,-0.02,-9.58,8.57,-0.01,1,0,323.5,215.5,24.7,0.49,0.07,48.9,,,,,8.0
16.17,CARRY,8.19,-0.02,-9.58,8.6,-0.01,1,0,323.5,217.0,23.3,0.46,0.07,49.7,,,,,7.75
16.22,CARRY,8.19,-0.02,-9.58,8.62,-0.01,1,0,323.5,215.5,24.7,0.49,0.07,48.9,,,,,7.438
16.27,CARRY,8.24,-0.02,-9.58,8.65,-0.01,1,0,323.5,216.5,23.8,0.47,0.07,49.9,,,,,7.094
16.32,CARRY,8.24,-0.02,-9.58,8.67,-0.01,1,0,323.5,215.0,25.2,0.5,0.07,49.0,,,,,6.688
16.37,CARRY,8.28,-0.02,-9.58,8.7,-0.01,1,0,323.5,216.5,23.8,0.47,0.07,50.1,,,,,6.219
16.42,CARRY,8.28,-0.02,-9.58,8.72,-0.01,1,0,323.5,214.5,25.7,0.51,0.07,48.8,,,,,5.844
16.47,CARRY,8.33,-0.01,-9.58,8.75,-0.01,1,0,323.5,170.0,70.1,1.4,0.07,49.9,,,,,5.562
16.52,CARRY,8.33,-0.01,-9.58,8.77,-0.01,1,0,323.5,169.5,70.6,1.41,0.07,49.0,,,,,5.25
16.57,CARRY,8.37,-0.01,-9.58,8.8,-0.01,1,0,323.5,170.0,70.1,1.4,0.07,50.3,,,,,5.188
16.62,CARRY,8.37,-0.01,-9.58,8.82,-0.01,1,0,323.5,169.5,70.6,1.41,0.07,48.9,,,,,5.094
16.67,CARRY,8.42,-0.01,-9.58,8.85,-0.01,1,0,323.0,170.0,70.1,1.4,0.06,49.7,,,,,5.031
16.72,CARRY,8.42,-0.01,-9.58,8.88,-0.01,1,0,323.5,169.5,70.6,1.41,0.07,48.9,,,,,4.875
16.77,CARRY,8.47,-0.01,-9.58,8.9,-0.01,1,0,323.0,170.0,70.1,1.4,0.06,49.8,,,,,4.812
16.82,CARRY,8.47,-0.01,-9.58,8.93,-0.01,1,0,323.5,169.0,71.1,1.42,0.07,48.9,,,,,4.688
16.87,CARRY,8.53,-0.01,-9.58,8.95,-0.01,1,0,323.0,170.0,70.1,1.4,0.06,49.5,,,,,4.562
16.92,CARRY,8.53,-0.01,-9.58,8.98,-0.01,1,0,323.5,169.5,70.6,1.41,0.07,49.0,,,,,4.469
16.97,CARRY,8.59,-0.01,-9.58,9.0,-0.01,1,0,323.0,170.5,69.6,1.39,0.06,49.6,,,,,4.469
17.02,CARRY,8.59,-0.01,-9.58,9.03,-0.01,1,0,323.0,170.0,70.1,1.4,0.06,49.1,,,,,4.469
17.07,CARRY,8.68,-0.02,-9.58,9.05,-0.01,1,0,323.0,171.5,68.6,1.37,0.06,49.5,,,,,4.656
17.12,CARRY,8.68,-0.02,-9.58,9.08,-0.01,1,0,323.0,171.0,69.1,1.38,0.06,49.3,,,,,4.812
17.17,CARRY,8.77,-0.02,-9.58,9.1,-0.01,1,0,322.5,173.0,67.0,1.34,0.05,49.4,,,,,4.969
17.23,CARRY,8.77,-0.02,-9.58,9.13,-0.01,1,0,323.0,172.0,68.1,1.36,0.06,49.1,,,,,5.0
17.28,CARRY,8.87,-0.03,-9.58,9.15,-0.01,1,0,322.5,173.5,66.5,1.33,0.05,49.4,,,,,4.969
17.33,CARRY,8.87,-0.03,-9.58,9.18,-0.01,1,0,323.0,173.5,66.6,1.33,0.06,49.4,,,,,5.062
17.38,CARRY,8.98,-0.03,-9.58,9.2,-0.01,1,0,322.5,176.0,64.0,1.28,0.05,50.9,,,,,5.438
17.43,CARRY,8.98,-0.03,-9.58,9.23,-0.01,1,0,323.0,175.5,64.6,1.29,0.06,50.0,,,,,5.625
17.48,CARRY,9.1,-0.04,-9.58,9.25,-0.01,1,0,322.5,177.0,63.0,1.26,0.05,50.2,,,,,5.812
17.53,CARRY,9.1,-0.04,-9.58,9.28,-0.01,1,0,323.0,176.0,64.1,1.28,0.06,49.9,,,,,6.031
17.58,CARRY,9.22,-0.05,-9.58,9.31,-0.01,1,0,322.5,235.5,5.1,0.09,0.05,49.9,,,,,6.25
17.63,CARRY,9.22,-0.05,-9.58,9.33,-0.01,1,0,323.0,234.0,6.7,0.12,0.06,50.9,,,,,6.656
17.68,CARRY,9.34,-0.06,-9.58,9.36,-0.01,1,0,322.0,187.0,53.0,1.06,0.04,49.6,,,,,6.719
17.73,CARRY,9.34,-0.06,-9.58,9.38,-0.01,1,0,323.0,238.5,3.4,0.03,0.06,48.5,,,,,6.906
17.78,CARRY,9.46,-0.07,-9.58,9.41,-0.01,1,0,323.0,243.5,4.6,-0.07,0.06,49.5,,,,,7.188
17.84,CARRY,9.46,-0.07,-9.58,9.43,-0.01,1,0,323.0,242.5,3.9,-0.05,0.06,48.6,,,,,7.469
17.89,CARRY,9.59,-0.08,-9.58,9.46,-0.01,1,0,323.0,201.0,39.1,0.78,0.06,49.9,,,,,7.719
17.94,CARRY,9.59,-0.08,-9.58,9.48,-0.01,1,0,323.0,246.5,7.2,-0.13,0.06,48.8,,,,,8.0
17.99,CARRY,9.7,-0.09,-9.58,9.51,-0.01,1,0,323.0,252.0,12.4,-0.24,0.06,50.1,,,,,7.938
18.04,CARRY,9.7,-0.09,-9.58,9.53,-0.01,1,0,323.5,250.5,11.1,-0.21,0.07,49.0,,,,,8.062
18.09,CARRY,9.82,-0.1,-9.58,9.56,-0.01,1,0,323.0,256.0,16.3,-0.32,0.06,50.0,,,,,7.938
18.14,CARRY,9.82,-0.1,-9.58,9.58,-0.01,1,0,323.0,254.5,14.8,-0.29,0.06,48.9,,,,,8.062
18.19,CARRY,9.92,-0.11,-9.58,9.61,-0.01,1,0,323.5,258.5,18.8,-0.37,0.07,51.2,,,,,8.0
18.24,CARRY,10.01,-0.12,-9.58,9.64,-0.01,1,0,323.5,227.5,13.0,0.25,0.07,50.4,,,,,8.188
18.29,CARRY,10.01,-0.12,-9.58,9.66,-0.01,1,0,323.5,227.0,13.5,0.26,0.07,48.9,,,,,8.312
18.34,CARRY,10.09,-0.12,-9.58,9.69,-0.01,1,0,323.5,228.5,12.0,0.23,0.07,49.6,,,,,8.188
18.39,CARRY,10.09,-0.12,-9.58,9.71,-0.01,1,0,323.5,227.5,13.0,0.25,0.07,48.8,,,,,8.25
18.44,CARRY,10.15,-0.12,-9.58,9.74,-0.01,1,0,323.5,228.5,12.0,0.23,0.07,49.5,,,,,7.906
18.49,CARRY,10.15,-0.12,-9.58,9.76,-0.01,1,0,323.5,224.0,16.4,0.32,0.07,48.7,,,,,7.656
18.54,CARRY,10.19,-0.12,-9.58,9.79,-0.01,1,0,323.5,224.0,16.4,0.32,0.07,49.8,,,,,7.062
18.6,CARRY,10.19,-0.12,-9.58,9.81,-0.01,1,0,323.5,262.5,22.8,-0.45,0.07,48.7,,,,,6.375
18.65,CARRY,10.22,-0.12,-9.58,9.84,-0.01,1,0,323.5,226.5,13.9,0.27,0.07,50.0,,,,,6.062
18.7,CARRY,10.22,-0.12,-9.58,9.86,-0.01,1,0,323.5,226.0,14.4,0.28,0.07,50.3,,,,,5.938
18.75,CARRY,10.24,-0.11,-9.58,9.89,-0.01,1,0,323.0,227.0,13.3,0.26,0.06,50.9,,,,,5.812
18.8,CARRY,10.24,-0.11,-9.58,9.91,-0.01,1,0,323.5,225.0,15.4,0.3,0.07,49.1,,,,,5.562
18.85,CARRY,10.25,-0.11,-9.58,9.94,-0.01,1,0,323.0,258.5,18.7,-0.37,0.06,50.8,,,,,5.594
18.9,CARRY,10.25,-0.11,-9.58,9.97,-0.01,1,0,323.5,257.5,17.8,-0.35,0.07,49.6,,,,,5.812
18.95,CARRY,10.27,-0.1,-9.58,9.99,-0.01,1,0,323.0,256.5,16.8,-0.33,0.06,50.3,,,,,6.094
19.0,CARRY,10.27,-0.1,-9.58,10.02,-0.01,1,0,323.5,250.0,10.6,-0.2,0.07,49.8,,,,,6.406
19.05,CARRY,10.28,-0.1,-9.58,10.04,-0.01,1,0,323.0,253.5,13.8,-0.27,0.06,50.4,,,,,6.594
19.11,CARRY,10.28,-0.1,-9.58,10.07,-0.01,1,0,323.0,253.0,13.3,-0.26,0.06,50.3,,,,,6.75
19.16,CARRY,10.3,-0.09,-9.58,10.09,-0.01,1,0,322.5,252.5,12.7,-0.25,0.05,50.6,,,,,6.75
19.21,CARRY,10.3,-0.09,-9.58,10.12,-0.01,1,0,323.0,251.0,11.4,-0.22,0.06,50.1,,,,,7.062
19.26,CARRY,10.31,-0.08,-9.58,10.14,-0.01,1,0,322.5,250.5,10.8,-0.21,0.05,50.4,,,,,7.219
19.31,CARRY,10.31,-0.08,-9.58,10.17,-0.01,1,0,323.0,248.5,9.0,-0.17,0.06,49.9,,,,,7.438
19.36,CARRY,10.32,-0.08,-9.58,10.2,-0.01,1,0,322.5,248.0,8.4,-0.16,0.05,49.5,,,,,7.625
19.41,CARRY,10.32,-0.08,-9.58,10.22,-0.01,1,0,322.5,247.5,7.9,-0.15,0.05,49.8,,,,,7.969
19.46,CARRY,10.32,-0.07,-9.58,10.25,-0.01,1,0,322.5,245.0,5.6,-0.1,0.05,49.7,,,,,7.719
19.51,CARRY,10.32,-0.07,-9.58,10.27,-0.01,1,0,322.5,243.5,4.3,-0.07,0.05,48.6,,,,,7.906
19.56,CARRY,10.32,-0.06,-9.58,10.3,-0.01,1,0,322.5,242.0,3.2,-0.04,0.05,49.8,,,,,8.188
19.61,CARRY,10.32,-0.06,-9.58,10.32,-0.01,1,0,322.5,241.0,2.7,-0.02,0.05,48.7,,,,,8.25
19.66,CARRY,10.32,-0.05,-9.58,10.35,-0.01,1,0,322.5,239.0,2.7,0.02,0.05,49.8,,,,,8.562
19.72,CARRY,10.32,-0.05,-9.58,10.37,-0.01,1,0,322.5,237.5,3.5,0.05,0.05,48.9,,,,,8.375
19.77,CARRY,10.31,-0.05,-9.58,10.4,-0.01,1,0,322.5,235.5,5.1,0.09,0.05,49.9,,,,,8.188
19.82,CARRY,10.31,-0.05,-9.58,10.42,-0.01,1,0,322.5,234.0,6.5,0.12,0.05,49.1,,,,,8.062
19.87,CARRY,10.31,-0.04,-9.58,10.45,-0.01,1,0,322.5,232.5,7.9,0.15,0.05,50.0,,,,,8.125
19.92,CARRY,10.31,-0.04,-9.58,10.47,-0.01,1,0,322.5,230.5,9.8,0.19,0.05,49.1,,,,,7.938
19.97,CARRY,10.3,-0.03,-9.58,10.5,-0.01,1,0,322.5,228.5,11.8,0.23,0.05,49.9,,,,,7.844
20.02,CARRY,10.3,-0.03,-9.58,10.52,-0.01,1,0,322.5,227.5,12.7,0.25,0.05,49.2,,,,,7.625
20.07,CARRY,10.3,-0.02,-9.58,10.55,-0.01,1,0,322.5,226.0,14.2,0.28,0.05,50.2,,,,,8.062
20.12,CARRY,10.3,-0.02,-9.58,10.57,-0.01,1,0,322.5,224.5,15.7,0.31,0.05,49.0,,,,,8.25
20.17,CARRY,10.3,-0.02,-9.58,10.6,-0.01,1,0,322.5,223.5,16.7,0.33,0.05,49.8,,,,,8.312
20.22,CARRY,10.3,-0.02,-9.58,10.63,-0.01,1,0,322.5,222.0,18.2,0.36,0.05,48.8,,,,,8.25
20.27,CARRY,10.31,-0.01,-9.58,10.65,-0.01,1,0,322.5,221.0,19.2,0.38,0.05,49.5,,,,,8.188
20.32,CARRY,10.31,-0.01,-9.58,10.68,-0.01,1,0,322.5,219.5,20.7,0.41,0.05,49.0,,,,,7.969
20.37,CARRY,10.32,-0.01,-9.58,10.7,-0.01,1,0,322.0,218.5,21.6,0.43,0.04,49.7,,,,,7.969
20.42,CARRY,10.32,-0.01,-9.58,10.73,-0.01,1,0,322.0,216.5,23.6,0.47,0.04,48.6,,,,,7.469
20.47,CARRY,10.34,-0.01,-9.58,10.75,-0.01,1,0,322.5,216.0,24.1,0.48,0.05,49.3,,,,,7.5
20.52,CARRY,10.34,-0.01,-9.58,10.78,-0.01,1,0,322.5,215.0,25.1,0.5,0.05,49.1,,,,,7.344
20.57,CARRY,10.36,-0.01,-9.58,10.8,-0.01,1,0,322.5,214.5,25.6,0.51,0.05,49.4,,,,,7.375
20.62,CARRY,10.36,-0.01,-9.58,10.83,-0.01,1,0,323.0,213.5,26.7,0.53,0.06,50.3,,,,,7.469
20.67,CARRY,10.38,-0.0,-9.58,10.85,-0.01,1,0,323.0,213.5,26.7,0.53,0.06,51.1,,,,,7.438
20.73,CARRY,10.38,-0.0,-9.58,10.88,-0.01,1,0,323.0,211.5,28.7,0.57,0.06,52.1,,,,,8.0
20.78,CARRY,10.41,-0.0,-9.58,10.9,-0.01,1,0,323.0,211.5,28.7,0.57,0.06,48.9,,,,,8.125
20.83,CARRY,10.41,-0.0,-9.58,10.93,-0.01,1,0,323.5,210.0,30.2,0.6,0.07,52.5,,,,,8.375
20.88,CARRY,10.44,-0.0,-9.58,10.96,-0.01,1,0,323.5,211.0,29.2,0.58,0.07,48.9,,,,,8.25
20.93,CARRY,10.44,-0.0,-9.58,10.98,-0.01,1,0,323.5,209.0,31.2,0.62,0.07,49.8,,,,,8.125
20.98,CARRY,10.48,-0.0,-9.58,11.01,-0.01,1,0,323.5,209.5,30.7,0.61,0.07,48.9,,,,,8.375
21.03,CARRY,10.48,-0.0,-9.58,11.03,-0.01,1,0,323.5,208.5,31.7,0.63,0.07,49.7,,,,,8.125
21.09,CARRY,10.52,-0.0,-9.58,11.06,-0.01,1,0,323.5,209.5,30.7,0.61,0.07,49.7,,,,,7.938
21.14,CARRY,10.52,-0.0,-9.58,11.08,-0.01,1,0,323.5,207.5,32.7,0.65,0.07,48.9,,,,,7.812
21.19,CARRY,10.57,-0.01,-9.58,11.11,-0.01,1,0,323.5,209.0,31.2,0.62,0.07,50.6,,,,,7.844
21.24,CARRY,10.61,-0.01,-9.58,11.13,-0.01,1,0,323.5,211.0,29.2,0.58,0.07,50.4,,,,,7.75
21.29,CARRY,10.61,-0.01,-9.58,11.16,-0.01,1,0,323.5,208.5,31.7,0.63,0.07,48.4,,,,,7.875
21.34,CARRY,10.61,-0.01,-9.58,11.18,-0.01,1,0,323.5,207.5,32.7,0.65,0.07,48.3,,,,,7.531
21.39,CARRY,10.67,-0.01,-9.58,11.21,-0.01,1,0,323.5,209.0,31.2,0.62,0.07,49.8,,,,,8.312
21.44,CARRY,10.67,-0.01,-9.58,11.23,-0.01,1,0,323.5,207.5,32.7,0.65,0.07,49.3,,,,,8.25
21.49,CARRY,10.72,-0.01,-9.58,11.26,-0.01,1,0,323.5,209.5,30.7,0.61,0.07,48.9,,,,,8.375
21.54,CARRY,10.77,-0.01,-9.58,11.28,-0.01,1,0,323.5,211.0,29.2,0.58,0.07,49.9,,,,,8.438
21.59,CARRY,10.77,-0.01,-9.58,11.31,-0.01,1,0,323.5,209.5,30.7,0.61,0.07,48.1,,,,,8.5
21.64,CARRY,10.83,-0.01,-9.58,11.34,-0.01,1,0,323.5,211.0,29.2,0.58,0.07,50.1,,,,,8.375
21.69,CARRY,10.83,-0.01,-9.58,11.36,-0.01,1,0,323.0,210.5,29.7,0.59,0.06,48.8,,,,,8.5
21.74,CARRY,10.88,-0.01,-9.58,11.39,-0.01,1,0,323.0,212.5,27.7,0.55,0.06,49.8,,,,,8.375
21.79,CARRY,10.88,-0.01,-9.58,11.41,-0.01,1,0,323.0,211.5,28.7,0.57,0.06,48.6,,,,,8.438
21.84,CARRY,10.94,-0.01,-9.58,11.44,-0.01,1,0,323.0,214.5,25.7,0.51,0.06,49.7,,,,,8.375
21.89,CARRY,10.94,-0.01,-9.58,11.46,-0.01,1,0,323.0,214.0,26.2,0.52,0.06,48.6,,,,,8.5
21.94,CARRY,11.0,-0.02,-9.58,11.49,-0.01,1,0,323.0,217.0,23.2,0.46,0.06,50.5,,,,,8.375
22.0,CARRY,11.0,-0.02,-9.58,11.51,-0.01,1,0,322.5,216.0,24.1,0.48,0.05,48.6,,,,,8.438
22.05,CARRY,11.05,-0.02,-9.58,11.54,-0.01,1,0,322.5,218.0,22.1,0.44,0.05,50.0,,,,,8.375
22.1,CARRY,11.05,-0.02,-9.58,11.56,-0.01,1,0,323.0,217.0,23.2,0.46,0.06,48.7,,,,,8.438
22.15,CARRY,11.11,-0.02,-9.58,11.59,-0.01,1,0,322.5,219.5,20.7,0.41,0.05,49.9,,,,,8.438
22.2,CARRY,11.11,-0.02,-9.58,11.61,-0.01,1,0,323.0,219.0,21.2,0.42,0.06,48.8,,,,,8.438
22.25,CARRY,11.16,-0.02,-9.58,11.64,-0.01,1,0,322.5,221.0,19.2,0.38,0.05,49.9,,,,,8.562
22.3,CARRY,11.16,-0.02,-9.58,11.66,-0.01,1,0,322.5,220.5,19.7,0.39,0.05,48.8,,,,,8.562
22.35,CARRY,11.22,-0.02,-9.58,11.69,-0.01,1,0,322.5,223.0,17.2,0.34,0.05,49.7,,,,,8.562
22.4,CARRY,11.22,-0.02,-9.58,11.71,-0.01,1,0,322.5,222.5,17.7,0.35,0.05,48.8,,,,,8.562
22.45,CARRY,11.27,-0.02,-9.58,11.74,-0.01,1,0,322.5,224.5,15.7,0.31,0.05,49.9,,,,,8.5
22.5,CARRY,11.27,-0.02,-9.58,11.76,-0.01,1,0,322.5,223.5,16.7,0.33,0.05,48.7,,,,,8.562
22.55,CARRY,11.31,-0.02,-9.58,11.79,-0.01,1,0,322.0,226.0,14.1,0.28,0.04,49.6,,,,,8.625
22.6,CARRY,11.31,-0.02,-9.58,11.82,-0.01,1,0,322.5,225.0,15.2,0.3,0.05,48.7,,,,,8.625
22.65,CARRY,11.36,-0.02,-9.58,11.84,-0.01,1,0,322.0,227.0,13.2,0.26,0.04,49.2,,,,,8.625
22.7,CARRY,11.36,-0.02,-9.58,11.87,-0.01,1,0,322.5,226.5,13.7,0.27,0.05,48.5,,,,,8.688
22.75,CARRY,11.4,-0.02,-9.58,11.89,-0.01,1,0,322.5,228.5,11.8,0.23,0.05,49.3,,,,,8.625
22.8,CARRY,11.4,-0.02,-9.58,11.92,-0.01,1,0,322.0,227.5,12.7,0.25,0.04,48.8,,,,,8.75
22.85,CARRY,11.44,-0.02,-9.58,11.94,-0.01,1,0,322.0,229.0,11.2,0.22,0.04,49.2,,,,,8.875
22.9,CARRY,11.44,-0.02,-9.58,11.97,-0.01,1,0,322.0,228.0,12.2,0.24,0.04,48.7,,,,,8.938
22.95,CARRY,11.48,-0.03,-9.58,11.99,-0.01,1,0,322.0,229.5,10.7,0.21,0.04,49.2,,,,,8.75
23.0,CARRY,11.48,-0.03,-9.58,12.02,-0.01,1,0,322.0,229.0,11.2,0.22,0.04,49.0,,,,,8.938
23.05,CARRY,11.51,-0.02,-9.58,12.04,-0.01,1,0,322.0,230.0,10.2,0.2,0.04,49.3,,,,,8.875
23.1,CARRY,11.51,-0.02,-9.58,12.07,-0.01,1,0,321.5,229.5,10.6,0.21,0.03,48.6,,,,,8.875
23.15,CARRY,11.54,-0.02,-9.58,12.09,-0.01,1,0,321.5,230.0,10.1,0.2,0.03,49.1,,,,,8.812
23.2,CARRY,11.54,-0.02,-9.58,12.12,-0.01,1,0,321.5,229.5,10.6,0.21,0.03,48.8,,,,,8.812
23.25,CARRY,11.57,-0.02,-9.58,12.14,-0.01,1,0,321.5,230.5,9.6,0.19,0.03,49.0,,,,,8.688
23.3,CARRY,11.57,-0.02,-9.58,12.17,-0.01,1,0,321.5,230.5,9.6,0.19,0.03,48.9,,,,,8.688
23.35,CARRY,11.6,-0.02,-9.58,12.19,-0.01,1,0,321.5,231.0,9.1,0.18,0.03,49.1,,,,,8.688
23.4,CARRY,11.6,-0.02,-9.58,12.22,-0.01,1,0,321.5,230.0,10.1,0.2,0.03,49.0,,,,,8.625
23.45,CARRY,11.63,-0.02,-9.58,12.24,-0.01,1,0,321.5,231.0,9.1,0.18,0.03,48.8,,,,,8.625
23.5,CARRY,11.63,-0.02,-9.58,12.27,-0.01,1,0,322.0,230.0,10.2,0.2,0.04,49.0,,,,,8.625
23.55,CARRY,11.66,-0.02,-9.58,12.29,-0.01,1,0,322.0,231.0,9.2,0.18,0.04,51.0,,,,,8.625
23.61,CARRY,11.66,-0.02,-9.58,12.32,-0.01,1,0,322.0,230.5,9.7,0.19,0.04,50.1,,,,,8.688
23.66,CARRY,11.68,-0.02,-9.58,12.34,-0.01,1,0,321.5,231.0,9.1,0.18,0.03,50.8,,,,,8.75
23.71,CARRY,11.68,-0.02,-9.58,12.37,-0.01,1,0,321.5,230.0,10.1,0.2,0.03,49.9,,,,,8.688
23.76,CARRY,11.7,-0.02,-9.58,12.39,-0.01,1,0,321.5,231.0,9.1,0.18,0.03,49.6,,,,,8.688
23.81,CARRY,11.7,-0.02,-9.58,12.42,-0.01,1,0,321.5,230.5,9.6,0.19,0.03,50.3,,,,,8.688
23.86,CARRY,11.73,-0.02,-9.58,12.45,-0.01,1,0,321.5,230.5,9.6,0.19,0.03,49.9,,,,,8.75
23.91,CARRY,11.73,-0.02,-9.58,12.47,-0.01,1,0,321.5,230.0,10.1,0.2,0.03,48.6,,,,,8.75
23.96,CARRY,11.75,-0.02,-9.58,12.5,-0.01,1,0,321.0,230.5,9.6,0.19,0.02,49.7,,,,,8.75
24.01,CARRY,11.75,-0.02,-9.58,12.52,-0.01,1,0,321.5,229.5,10.6,0.21,0.03,48.5,,,,,8.812
24.06,CARRY,11.77,-0.02,-9.58,12.55,-0.01,1,0,321.5,230.0,10.1,0.2,0.03,51.5,,,,,8.812
24.12,CARRY,11.77,-0.02,-9.58,12.57,-0.01,1,0,321.0,229.5,10.5,0.21,0.02,48.8,,,,,8.938
24.17,CARRY,11.79,-0.02,-9.58,12.6,-0.01,1,0,321.0,230.0,10.0,0.2,0.02,50.0,,,,,8.875
24.22,CARRY,11.79,-0.02,-9.58,12.62,-0.01,1,0,321.5,229.0,11.1,0.22,0.03,48.7,,,,,8.875
24.27,CARRY,11.81,-0.02,-9.58,12.65,-0.01,1,0,321.5,230.0,10.1,0.2,0.03,49.8,,,,,8.875
24.32,CARRY,11.81,-0.02,-9.58,12.67,-0.01,1,0,321.5,229.0,11.1,0.22,0.03,48.9,,,,,8.938
24.37,CARRY,11.84,-0.02,-9.58,12.7,-0.01,1,0,321.5,229.5,10.6,0.21,0.03,49.7,,,,,9.062
24.42,CARRY,11.84,-0.02,-9.58,12.72,-0.01,1,0,321.5,229.0,11.1,0.22,0.03,48.8,,,,,9.062
24.47,CARRY,11.86,-0.01,-9.58,12.75,-0.01,1,0,321.5,229.5,10.6,0.21,0.03,49.4,,,,,9.062
24.52,CARRY,11.86,-0.01,-9.58,12.77,-0.01,1,0,321.0,228.5,11.5,0.23,0.02,48.7,,,,,9.5
24.57,CARRY,11.88,-0.01,-9.58,12.8,-0.01,1,0,321.0,229.0,11.0,0.22,0.02,49.9,,,,,9.625
24.62,CARRY,11.88,-0.01,-9.58,12.82,-0.01,1,0,321.0,228.0,12.0,0.24,0.02,49.0,,,,,9.688
24.67,CARRY,11.9,-0.01,-9.58,12.85,-0.01,1,0,321.0,229.5,10.5,0.21,0.02,49.4,,,,,9.75
24.72,CARRY,11.9,-0.01,-9.58,12.87,-0.01,1,0,321.0,228.5,11.5,0.23,0.02,48.6,,,,,9.812
24.77,CARRY,11.92,-0.01,-9.58,12.9,-0.01,1,0,321.0,229.5,10.5,0.21,0.02,49.6,,,,,9.875
24.82,CARRY,11.92,-0.01,-9.58,12.92,-0.01,1,0,321.5,228.0,12.1,0.24,0.03,48.9,,,,,9.812
24.87,CARRY,11.95,-0.01,-9.58,12.95,-0.01,1,0,321.5,228.5,11.6,0.23,0.03,49.4,,,,,9.875
24.92,CARRY,11.95,-0.01,-9.58,12.98,-0.01,1,0,321.5,228.0,12.1,0.24,0.03,48.8,,,,,9.875
24.97,CARRY,11.97,-0.01,-9.58,13.0,-0.01,1,0,321.5,228.0,12.1,0.24,0.03,49.4,,,,,9.938
25.02,CARRY,11.97,-0.01,-9.58,13.03,-0.01,1,0,321.5,227.5,12.6,0.25,0.03,48.7,,,,,9.875
25.07,CARRY,11.99,-0.01,-9.58,13.05,-0.01,1,0,321.0,228.5,11.5,0.23,0.02,49.1,,,,,9.875
25.12,CARRY,11.99,-0.01,-9.58,13.08,-0.01,1,0,321.0,228.0,12.0,0.24,0.02,48.7,,,,,9.938
25.17,CARRY,12.01,-0.01,-9.58,13.1,-0.01,1,0,321.0,228.5,11.5,0.23,0.02,51.5,,,,,9.938
25.22,CARRY,12.01,-0.01,-9.58,13.13,-0.01,1,0,321.0,227.5,12.5,0.25,0.02,49.0,,,,,9.938
25.27,CARRY,12.03,-0.01,-9.58,13.15,-0.01,1,0,321.0,228.0,12.0,0.24,0.02,49.4,,,,,9.75
25.32,CARRY,12.03,-0.01,-9.58,13.18,-0.01,1,0,321.5,227.5,12.6,0.25,0.03,49.1,,,,,9.812
25.37,CARRY,12.06,-0.01,-9.58,13.2,-0.01,1,0,321.5,227.5,12.6,0.25,0.03,49.9,,,,,9.875
25.43,CARRY,12.06,-0.01,-9.58,13.23,-0.01,1,0,321.5,227.0,13.1,0.26,0.03,49.0,,,,,9.812
25.48,CARRY,12.08,-0.01,-9.58,13.25,-0.01,1,0,321.5,227.5,12.6,0.25,0.03,49.3,,,,,9.875
25.53,CARRY,12.08,-0.01,-9.58,13.28,-0.01,1,0,321.5,227.0,13.1,0.26,0.03,49.1,,,,,9.812
25.58,CARRY,12.1,-0.01,-9.58,13.3,-0.01,1,0,321.5,227.5,12.6,0.25,0.03,49.3,,,,,9.812
25.63,CARRY,12.1,-0.01,-9.58,13.33,-0.01,1,0,321.0,226.5,13.5,0.27,0.02,49.1,,,,,9.875
25.68,CARRY,12.13,-0.01,-9.58,13.35,-0.01,1,0,321.0,228.0,12.0,0.24,0.02,50.6,,,,,9.875
25.73,CARRY,12.13,-0.01,-9.58,13.38,-0.01,1,0,321.0,227.5,12.5,0.25,0.02,49.0,,,,,9.875
25.78,CARRY,12.15,-0.01,-9.58,13.4,-0.01,1,0,321.0,227.5,12.5,0.25,0.02,50.0,,,,,9.812
25.83,CARRY,12.15,-0.01,-9.58,13.43,-0.01,1,0,321.5,226.5,13.6,0.27,0.03,49.8,,,,,9.812
25.88,CARRY,12.18,-0.01,-9.58,13.45,-0.01,1,0,321.5,227.0,13.1,0.26,0.03,49.8,,,,,9.875
25.93,CARRY,12.18,-0.01,-9.58,13.48,-0.01,1,0,321.5,226.5,13.6,0.27,0.03,49.7,,,,,9.812
25.98,CARRY,12.2,-0.01,-9.58,13.51,-0.01,1,0,321.5,227.5,12.6,0.25,0.03,47.9,,,,,9.812
26.03,CARRY,12.2,-0.01,-9.58,13.53,-0.01,1,0,321.5,226.5,13.6,0.27,0.03,49.0,,,,,9.812
26.08,CARRY,12.23,-0.01,-9.58,13.56,-0.01,1,0,321.5,227.0,13.1,0.26,0.03,49.7,,,,,9.812
26.13,CARRY,12.23,-0.01,-9.58,13.58,-0.01,1,0,321.5,226.5,13.6,0.27,0.03,49.5,,,,,9.812
26.18,CARRY,12.25,-0.01,-9.58,13.61,-0.01,1,0,321.5,227.5,12.6,0.25,0.03,48.9,,,,,9.812
26.23,CARRY,12.25,-0.01,-9.58,13.63,-0.01,1,0,321.5,227.0,13.1,0.26,0.03,48.3,,,,,9.812
26.28,CARRY,12.28,-0.01,-9.58,13.66,-0.01,1,0,321.5,228.0,12.1,0.24,0.03,50.7,,,,,9.875
26.33,CARRY,12.28,-0.01,-9.58,13.68,-0.01,1,0,322.0,227.0,13.2,0.26,0.04,48.9,,,,,9.812
26.38,CARRY,12.3,-0.01,-9.58,13.71,-0.01,1,0,321.5,227.5,12.6,0.25,0.03,50.9,,,,,9.812
26.44,CARRY,12.3,-0.01,-9.58,13.73,-0.01,1,0,321.5,226.5,13.6,0.27,0.03,48.5,,,,,9.812
26.49,CARRY,12.33,-0.02,-9.58,13.76,-0.01,1,0,321.5,227.0,13.1,0.26,0.03,49.5,,,,,9.812
26.54,CARRY,12.33,-0.02,-9.58,13.78,-0.01,1,0,321.5,226.5,13.6,0.27,0.03,49.3,,,,,9.812
26.59,CARRY,12.35,-0.02,-9.58,13.81,-0.01,1,0,321.5,227.0,13.1,0.26,0.03,50.0,,,,,9.75
26.64,CARRY,12.38,-0.02,-9.58,13.83,-0.01,1,0,321.5,228.5,11.6,0.23,0.03,48.9,,,,,9.625
26.69,CARRY,12.38,-0.02,-9.58,13.86,-0.01,1,0,321.5,228.0,12.1,0.24,0.03,48.5,,,,,9.625
26.74,CARRY,12.38,-0.02,-9.58,13.88,-0.01,1,0,321.5,227.0,13.1,0.26,0.03,48.3,,,,,9.625
26.79,CARRY,12.4,-0.02,-9.58,13.91,-0.01,1,0,321.5,227.5,12.6,0.25,0.03,49.4,,,,,9.5
26.84,CARRY,12.4,-0.02,-9.58,13.93,-0.01,1,0,322.0,227.0,13.2,0.26,0.04,49.1,,,,,9.562
26.89,CARRY,12.43,-0.02,-9.58,13.96,-0.01,1,0,322.0,227.5,12.7,0.25,0.04,49.2,,,,,9.562
26.94,CARRY,12.43,-0.02,-9.58,13.98,-0.01,1,0,322.0,226.5,13.6,0.27,0.04,48.9,,,,,9.562
26.99,CARRY,12.45,-0.02,-9.58,14.01,-0.01,1,0,321.5,227.0,13.1,0.26,0.03,50.3,,,,,9.562
27.04,CARRY,12.48,-0.02,-9.58,14.03,-0.01,1,0,321.5,228.0,12.1,0.24,0.03,48.7,,,,,9.5
27.09,CARRY,12.48,-0.02,-9.58,14.06,-0.01,1,0,321.5,227.5,12.6,0.25,0.03,48.1,,,,,9.438
27.14,CARRY,12.5,-0.02,-9.58,14.08,-0.01,1,0,321.5,228.0,12.1,0.24,0.03,50.0,,,,,9.438
27.19,CARRY,12.5,-0.02,-9.58,14.11,-0.01,1,0,321.5,227.0,13.1,0.26,0.03,47.9,,,,,9.562
27.24,CARRY,12.53,-0.02,-9.58,14.14,-0.01,1,0,321.5,228.0,12.1,0.24,0.03,48.7,,,,,9.688
27.29,CARRY,12.53,-0.02,-9.58,14.16,-0.01,1,0,322.0,227.5,12.7,0.25,0.04,48.7,,,,,9.812
27.34,CARRY,12.55,-0.02,-9.58,14.19,-0.01,1,0,321.5,228.0,12.1,0.24,0.03,49.2,,,,,9.812
27.39,CARRY,12.55,-0.02,-9.58,14.21,-0.01,1,0,322.0,227.5,12.7,0.25,0.04,48.1,,,,,9.875
27.44,CARRY,12.58,-0.02,-9.58,14.24,-0.01,1,0,322.0,228.5,11.7,0.23,0.04,49.6,,,,,10.0
27.49,CARRY,12.58,-0.02,-9.58,14.26,-0.01,1,0,322.0,227.5,12.7,0.25,0.04,47.8,,,,,10.0
27.54,CARRY,12.6,-0.02,-9.58,14.29,-0.01,1,0,321.5,228.0,12.1,0.24,0.03,48.8,,,,,10.0
27.59,CARRY,12.6,-0.02,-9.58,14.31,-0.01,1,0,321.5,227.0,13.1,0.26,0.03,47.8,,,,,10.0
27.64,CARRY,12.63,-0.02,-9.58,14.34,-0.01,1,0,321.5,228.0,12.1,0.24,0.03,49.2,,,,,10.0
27.69,CARRY,12.63,-0.02,-9.58,14.36,-0.01,1,0,321.5,227.0,13.1,0.26,0.03,47.9,,,,,9.875
27.74,CARRY,12.65,-0.02,-9.58,14.39,-0.01,1,0,321.5,228.0,12.1,0.24,0.03,49.8,,,,,9.875
27.79,CARRY,12.65,-0.02,-9.58,14.41,-0.01,1,0,321.5,227.5,12.6,0.25,0.03,48.0,,,,,9.75
27.84,CARRY,12.68,-0.02,-9.58,14.44,-0.01,1,0,321.5,228.0,12.1,0.24,0.03,49.5,,,,,9.688
27.89,CARRY,12.68,-0.02,-9.58,14.46,-0.01,1,0,321.5,227.0,13.1,0.26,0.03,48.3,,,,,9.5
27.94,CARRY,12.7,-0.02,-9.58,14.49,-0.01,1,0,321.5,228.0,12.1,0.24,0.03,49.3,,,,,9.562
27.99,CARRY,12.7,-0.02,-9.58,14.51,-0.01,1,0,322.0,227.5,12.7,0.25,0.04,48.3,,,,,9.562
28.04,CARRY,12.73,-0.02,-9.58,14.54,-0.01,1,0,322.0,228.0,12.2,0.24,0.04,50.1,,,,,9.562
28.1,CARRY,12.73,-0.02,-9.58,14.56,-0.01,1,0,321.5,227.0,13.1,0.26,0.03,48.2,,,,,9.5
28.15,CARRY,12.75,-0.02,-9.58,14.59,-0.01,1,0,321.5,228.0,12.1,0.24,0.03,49.3,,,,,9.5
28.2,CARRY,12.75,-0.02,-9.58,14.61,-0.01,1,0,321.5,227.5,12.6,0.25,0.03,48.1,,,,,9.5
28.25,CARRY,12.78,-0.02,-9.58,14.64,-0.01,1,0,321.5,228.0,12.1,0.24,0.03,49.2,,,,,9.375
28.3,CARRY,12.78,-0.02,-9.58,14.66,-0.01,1,0,321.5,227.0,13.1,0.26,0.03,48.3,,,,,9.375
28.35,CARRY,12.8,-0.02,-9.58,14.69,-0.01,1,0,321.5,227.5,12.6,0.25,0.03,50.1,,,,,9.312
28.4,CARRY,12.8,-0.02,-9.58,14.71,-0.01,1,0,322.0,227.0,13.2,0.26,0.04,48.2,,,,,9.188
28.45,CARRY,12.83,-0.02,-9.58,14.74,-0.01,1,0,321.5,228.0,12.1,0.24,0.03,49.1,,,,,9.062
28.5,CARRY,12.83,-0.02,-9.58,14.76,-0.01,1,0,322.0,227.0,13.2,0.26,0.04,47.9,,,,,9.125
28.55,CARRY,12.85,-0.02,-9.58,14.79,-0.01,1,0,322.0,228.0,12.2,0.24,0.04,48.9,,,,,9.0
28.6,CARRY,12.85,-0.02,-9.58,14.81,-0.01,1,0,322.0,227.0,13.2,0.26,0.04,48.2,,,,,9.0
28.65,CARRY,12.88,-0.02,-9.58,14.84,-0.01,1,0,322.0,227.5,12.7,0.25,0.04,50.5,,,,,9.0
28.7,CARRY,12.88,-0.02,-9.58,14.86,-0.01,1,0,322.0,227.0,13.2,0.26,0.04,48.1,,,,,9.0
28.75,CARRY,12.9,-0.02,-9.58,14.89,-0.01,1,0,321.5,228.0,12.1,0.24,0.03,48.7,,,,,8.875
28.8,CARRY,12.9,-0.02,-9.58,14.91,-0.01,1,0,321.5,227.0,13.1,0.26,0.03,47.9,,,,,8.812
28.85,CARRY,12.93,-0.02,-9.58,14.94,-0.01,1,0,321.5,227.5,12.6,0.25,0.03,48.9,,,,,8.688
28.9,CARRY,12.93,-0.02,-9.58,14.96,-0.01,1,0,322.0,227.5,12.7,0.25,0.04,48.8,,,,,8.562
28.95,CARRY,12.95,-0.02,-9.58,14.99,-0.01,1,0,322.0,228.5,11.7,0.23,0.04,49.6,,,,,8.375
29.0,CARRY,12.95,-0.02,-9.58,15.01,-0.01,1,0,322.5,227.5,12.7,0.25,0.05,47.8,,,,,8.375
29.05,CARRY,12.98,-0.02,-9.58,15.04,-0.01,1,0,322.0,228.0,12.2,0.24,0.04,48.7,,,,,8.25
29.1,CARRY,12.98,-0.02,-9.58,15.06,-0.01,1,0,322.0,227.0,13.2,0.26,0.04,47.8,,,,,7.969
29.15,CARRY,13.0,-0.02,-9.58,15.09,-0.01,1,0,322.0,228.0,12.2,0.24,0.04,48.6,,,,,7.781
29.2,CARRY,13.0,-0.02,-9.58,15.11,-0.01,1,0,322.0,227.5,12.7,0.25,0.04,47.8,,,,,7.625
29.25,CARRY,13.03,-0.02,-9.58,15.14,-0.01,1,0,322.0,228.0,12.2,0.24,0.04,49.6,,,,,7.438
29.3,CARRY,13.03,-0.02,-9.58,15.17,-0.01,1,0,322.0,227.5,12.7,0.25,0.04,48.1,,,,,7.312
29.35,CARRY,13.05,-0.02,-9.58,15.19,-0.01,1,0,322.5,228.5,11.8,0.23,0.05,48.6,,,,,6.812
29.4,CARRY,13.05,-0.02,-9.58,15.22,-0.01,1,0,322.5,228.0,12.3,0.24,0.05,48.2,,,,,6.656
29.45,CARRY,13.08,-0.02,-9.58,15.24,-0.01,1,0,322.0,228.0,12.2,0.24,0.04,49.3,,,,,6.219
29.5,CARRY,13.08,-0.02,-9.58,15.27,-0.01,1,0,322.0,227.0,13.2,0.26,0.04,48.1,,,,,5.781
29.55,CARRY,13.1,-0.02,-9.58,15.29,-0.01,1,0,322.0,228.0,12.2,0.24,0.04,49.2,,,,,5.438
29.6,CARRY,13.1,-0.02,-9.58,15.32,-0.01,1,0,322.0,227.5,12.7,0.25,0.04,48.2,,,,,5.188
29.65,CARRY,13.13,-0.02,-9.58,15.34,-0.01,1,0,322.0,228.0,12.2,0.24,0.04,48.4,,,,,4.781
29.7,CARRY,13.13,-0.02,-9.58,15.37,-0.01,1,0,287.5,222.5,36.9,0.35,-0.65,48.1,,,,,2.0
29.75,CARRY,13.15,-0.02,-9.58,15.39,-0.01,1,0,,,,0.557,-0.219,48.5,,,,,-2.875
29.8,CARRY,13.15,-0.02,-9.58,15.42,-0.01,1,0,,,,0.557,-0.219,48.5,,,,,-3.844
29.85,CARRY,13.18,-0.02,-9.58,15.44,-0.01,1,0,,,,0.557,-0.219,49.4,,,,,-3.672
29.9,CARRY,13.18,-0.02,-9.58,15.47,-0.01,1,0,,,,0.557,-0.219,48.3,,,,,-3.609
29.95,CARRY,13.2,-0.02,-9.58,15.49,-0.01,1,0,,,,0.557,-0.219,48.6,,,,,-3.469
30.0,CARRY,13.2,-0.02,-9.58,15.52,-0.01,1,1,,,,0.557,-0.219,49.2,,,,,-3.125
30.05,CARRY,13.23,-0.02,-9.58,15.54,-0.01,1,1,,,,0.556,-0.22,49.0,,,,,-2.812
30.1,CARRY,13.23,-0.02,-9.58,15.57,-0.01,1,1,,,,0.556,-0.22,48.8,,,,,-2.875
30.15,CARRY,13.26,-0.03,-9.58,15.59,-0.01,1,1,,,,0.556,-0.22,50.2,,,,,-3.078
30.2,CARRY,13.26,-0.03,-9.58,15.62,-0.01,1,1,,,,0.556,-0.22,49.0,,,,,-3.094
30.25,CARRY,13.3,-0.04,-9.58,15.64,-0.01,1,1,,,,0.556,-0.22,49.5,,,,,-3.062
30.3,CARRY,13.3,-0.04,-9.58,15.67,-0.01,1,1,,,,0.556,-0.22,48.9,,,,,-3.172
30.35,CARRY,13.34,-0.06,-9.58,15.69,-0.01,1,1,,,,0.557,-0.22,48.8,,,,,-2.938
30.4,CARRY,13.34,-0.06,-9.58,15.72,-0.01,1,1,,,,0.557,-0.22,48.3,,,,,-3.0
30.45,CARRY,13.38,-0.08,-9.58,15.74,-0.01,1,1,,,,0.557,-0.22,50.3,,,,,-3.031
30.51,CARRY,13.38,-0.08,-9.58,15.77,-0.01,1,1,,,,0.557,-0.22,49.0,,,,,-2.828
30.56,CARRY,13.42,-0.1,-9.58,15.79,-0.01,1,1,,,,0.557,-0.22,49.6,,,,,-2.844
30.61,CARRY,13.42,-0.1,-9.58,15.82,-0.01,1,1,,,,0.557,-0.22,48.3,,,,,-2.844
30.66,CARRY,13.47,-0.12,-9.58,15.84,-0.01,1,1,,,,0.557,-0.219,49.3,,,,,-2.734
30.71,CARRY,13.47,-0.12,-9.58,15.87,-0.01,1,1,,,,0.557,-0.219,48.8,,,,,-2.766
30.76,CARRY,13.51,-0.14,-9.58,15.89,-0.01,1,1,,,,0.557,-0.219,50.2,,,,,-2.984
30.81,CARRY,13.51,-0.14,-9.58,15.92,-0.01,1,1,,,,0.557,-0.219,48.3,,,,,-3.016
30.86,CARRY,13.56,-0.17,-9.58,15.94,-0.01,1,1,,,,0.557,-0.219,49.6,,,,,-2.812
30.91,CARRY,13.56,-0.17,-9.58,15.97,-0.01,1,1,,,,0.557,-0.219,48.0,,,,,-2.875
30.96,CARRY,13.61,-0.19,-9.58,15.99,-0.01,1,1,,,,0.557,-0.219,49.8,,,,,-3.016
31.01,CARRY,13.61,-0.19,-9.58,16.02,-0.01,1,1,,,,0.557,-0.219,48.1,,,,,-3.031
31.06,CARRY,13.66,-0.22,-9.58,16.04,-0.01,1,1,,,,0.557,-0.219,54.8,,,,,-3.156
31.12,CARRY,13.66,-0.22,-9.58,16.07,-0.01,1,1,,,,0.557,-0.219,47.9,,,,,-3.203
31.17,CARRY,13.71,-0.24,-9.58,16.1,-0.01,1,1,,,,0.557,-0.22,49.1,,,,,-3.047
31.22,CARRY,13.71,-0.24,-9.58,16.12,-0.01,1,1,,,,0.557,-0.22,50.2,,,,,-3.109
31.27,CARRY,13.76,-0.27,-9.58,16.15,-0.01,1,1,,,,0.557,-0.22,50.4,,,,,-3.375
31.32,CARRY,13.76,-0.27,-9.58,16.17,-0.01,1,1,,,,0.557,-0.22,49.1,,,,,-3.375
31.37,CARRY,13.81,-0.3,-9.58,16.2,-0.01,1,1,,,,0.557,-0.219,49.3,,,,,-2.953
31.42,CARRY,13.81,-0.3,-9.58,16.22,-0.01,1,1,,,,0.557,-0.219,50.0,,,,,-2.984
31.47,CARRY,13.86,-0.33,-9.58,16.25,-0.01,1,1,,,,0.557,-0.219,48.5,,,,,-3.172
31.52,CARRY,13.86,-0.33,-9.58,16.27,-0.01,1,1,,,,0.557,-0.219,49.4,,,,,-3.156
31.57,CARRY,13.91,-0.35,-9.58,16.3,-0.01,1,1,,,,0.557,-0.219,49.4,,,,,-3.219
31.62,CARRY,13.91,-0.35,-9.58,16.32,-0.01,1,1,,,,0.557,-0.219,48.6,,,,,-3.281
31.67,CARRY,13.97,-0.38,-9.58,16.35,-0.01,1,1,,,,0.557,-0.219,49.5,,,,,-3.328
31.72,CARRY,13.97,-0.38,-9.58,16.37,-0.01,1,1,,,,0.557,-0.219,48.5,,,,,-3.359
31.77,CARRY,14.02,-0.41,-9.58,16.4,-0.01,1,1,,,,0.557,-0.22,49.8,,,,,-3.312
31.82,CARRY,14.02,-0.41,-9.58,16.43,-0.01,1,1,,,,0.557,-0.22,49.7,,,,,-3.297
31.87,CARRY,14.07,-0.44,-9.58,16.45,-0.01,1,1,,,,0.557,-0.22,49.1,,,,,-3.094
31.92,CARRY,14.07,-0.44,-9.58,16.48,-0.01,1,1,,,,0.557,-0.22,48.6,,,,,-3.047
31.97,CARRY,14.12,-0.47,-9.58,16.5,-0.01,1,1,,,,0.557,-0.22,49.0,,,,,-3.438
32.02,CARRY,14.12,-0.47,-9.58,16.53,-0.01,1,1,,,,0.557,-0.22,48.4,,,,,-3.438
32.07,CARRY,14.17,-0.49,-9.58,16.55,-0.01,1,1,,,,0.557,-0.22,49.9,,,,,-3.438
32.12,CARRY,14.17,-0.49,-9.58,16.58,-0.01,1,1,,,,0.557,-0.22,48.7,,,,,-3.453
32.17,CARRY,14.22,-0.52,-9.58,16.6,-0.01,1,1,,,,0.557,-0.219,50.2,,,,,-3.297
32.22,CARRY,14.22,-0.52,-9.58,16.63,-0.01,1,1,,,,0.557,-0.219,49.3,,,,,-3.359
32.27,CARRY,14.28,-0.55,-9.58,16.65,-0.01,1,1,,,,0.557,-0.219,50.1,,,,,-3.328
32.33,CARRY,14.28,-0.55,-9.58,16.68,-0.01,1,1,,,,0.557,-0.219,49.6,,,,,-3.312
32.38,CARRY,14.33,-0.58,-9.58,16.7,-0.01,1,1,,,,0.557,-0.22,49.0,,,,,-3.219
32.43,CARRY,14.33,-0.58,-9.58,16.73,-0.01,1,1,,,,0.557,-0.22,48.2,,,,,-3.234
32.48,CARRY,14.38,-0.61,-9.58,16.75,-0.01,1,1,,,,0.557,-0.22,49.5,,,,,-3.359
32.53,CARRY,14.38,-0.61,-9.58,16.78,-0.01,1,1,,,,0.557,-0.22,47.5,,,,,-3.375
32.58,CARRY,14.43,-0.64,-9.58,16.8,-0.01,1,1,,,,0.557,-0.22,48.6,,,,,-3.094
32.63,CARRY,14.43,-0.64,-9.58,16.83,-0.01,1,1,,,,0.557,-0.22,49.1,,,,,-3.109
32.68,CARRY,14.48,-0.67,-9.58,16.85,-0.01,1,1,,,,0.557,-0.219,48.7,,,,,-3.203
32.73,REGROUND,14.48,-0.67,-9.58,16.88,-0.01,1,1,,,,0.557,-0.219,60.4,,,,,-3.266
32.79,REGROUND,14.54,-0.69,-9.58,16.91,-0.01,1,1,,,,0.557,-0.219,3.7,,,,,
32.84,REGROUND,14.54,-0.69,-9.58,16.93,-0.01,1,1,,,,0.557,-0.219,0.6,,,,,
32.89,REGROUND,14.59,-0.72,-9.58,16.96,-0.01,1,1,,,,0.557,-0.219,1.3,,,,,
32.94,REGROUND,14.59,-0.72,-9.58,16.98,-0.01,1,1,,,,0.557,-0.219,0.8,,,,,
32.99,REGROUND,14.64,-0.75,-9.58,17.01,-0.01,1,1,,,,0.557,-0.219,1.4,,,,,
33.04,REGROUND,14.64,-0.75,-9.58,17.03,-0.01,1,1,,,,0.557,-0.219,0.8,,,,,
33.09,REGROUND,14.69,-0.78,-9.58,17.06,-0.01,1,1,,,,0.557,-0.22,1.4,,,,,
33.14,REGROUND,14.69,-0.78,-9.58,17.08,-0.01,1,1,,,,0.557,-0.22,0.8,,,,,
33.19,REGROUND,14.75,-0.81,-9.58,17.11,-0.01,1,1,,,,0.557,-0.22,1.5,,,,,
33.24,REGROUND,14.8,-0.84,-9.58,17.13,-0.01,1,1,,,,0.557,-0.22,1.4,,,,,
33.29,REGROUND,14.8,-0.84,-9.58,17.16,-0.01,1,1,,,,0.557,-0.22,0.8,,,,,
33.34,REGROUND,14.85,-0.87,-9.58,17.18,-0.01,1,1,,,,0.557,-0.22,1.5,,,,,
33.39,REGROUND,14.85,-0.87,-9.58,17.21,-0.01,1,1,,,,0.557,-0.22,0.7,,,,,
33.44,REGROUND,14.85,-0.87,-9.58,17.23,-0.01,1,1,,,,0.557,-0.22,0.8,,,,,
33.49,REGROUND,14.91,-0.9,-9.58,17.26,-0.01,1,1,,,,0.557,-0.22,1.5,,,,,
33.54,REGROUND,14.91,-0.9,-9.58,17.28,-0.01,1,1,,,,0.557,-0.22,0.8,,,,,
33.59,REGROUND,14.96,-0.93,-9.58,17.31,-0.01,1,1,,,,0.557,-0.22,1.5,,,,,
33.64,REGROUND,14.96,-0.93,-9.58,17.33,-0.01,1,1,,,,0.557,-0.22,1.0,,,,,
33.69,REGROUND,15.01,-0.96,-9.58,17.36,-0.01,1,1,,,,0.557,-0.22,1.3,,,,,
33.74,REGROUND,15.07,-0.98,-9.58,17.38,-0.01,1,1,,,,0.557,-0.22,1.4,,,,,
33.79,REGROUND,15.07,-0.98,-9.58,17.41,-0.01,1,1,,,,0.557,-0.22,0.7,,,,,
33.84,REGROUND,15.12,-1.01,-9.58,17.43,-0.01,1,1,,,,0.557,-0.22,1.3,,,,,
33.89,REGROUND,15.12,-1.01,-9.58,17.46,-0.01,1,1,,,,0.557,-0.22,0.9,,,,,
33.94,REGROUND,15.17,-1.04,-9.58,17.48,-0.01,1,1,,,,0.557,-0.22,1.6,,,,,
33.99,REGROUND,15.17,-1.04,-9.58,17.51,-0.01,1,1,,,,0.557,-0.22,0.9,,,,,
34.04,REGROUND,15.22,-1.07,-9.58,17.53,-0.01,1,1,,,,0.557,-0.22,1.3,,,,,
34.09,REGROUND,15.22,-1.07,-9.58,17.56,-0.01,1,1,,,,0.557,-0.22,0.8,,,,,
34.14,REGROUND,15.22,-1.07,-9.58,17.58,-0.01,1,1,,,,0.557,-0.22,0.8,,,,,
34.19,REGROUND,15.28,-1.1,-9.58,17.61,-0.01,1,1,,,,0.557,-0.22,1.6,,,,,
34.24,REGROUND,15.28,-1.1,-9.58,17.63,-0.01,1,1,,,,0.557,-0.22,0.9,,,,,
34.29,REGROUND,15.33,-1.13,-9.58,17.66,-0.01,1,1,,,,0.557,-0.22,1.2,,,,,
34.34,REGROUND,15.38,-1.16,-9.58,17.68,-0.01,1,1,,,,0.557,-0.22,1.3,,,,,
34.39,REGROUND,15.38,-1.16,-9.58,17.71,-0.01,1,1,,,,0.557,-0.22,0.6,,,,,
34.44,REGROUND,15.44,-1.19,-9.58,17.73,-0.01,1,1,,,,0.557,-0.22,1.3,,,,,
34.49,REGROUND,15.44,-1.19,-9.58,17.76,-0.01,1,1,,,,0.557,-0.22,0.9,,,,,
34.54,REGROUND,15.49,-1.22,-9.58,17.78,-0.01,1,1,,,,0.557,-0.22,1.5,,,,,
34.59,REGROUND,15.49,-1.22,-9.58,17.81,-0.01,1,1,,,,0.557,-0.22,0.9,,,,,
34.64,REGROUND,15.54,-1.25,-9.58,17.83,-0.01,1,1,,,,0.557,-0.22,1.5,,,,,
34.69,REGROUND,15.54,-1.25,-9.58,17.86,-0.01,1,1,,,,0.557,-0.22,0.8,,,,,
34.74,REGROUND,15.54,-1.25,-9.58,17.88,-0.01,1,1,,,,0.557,-0.22,0.9,,,,,
34.79,REGROUND,15.6,-1.28,-9.58,17.91,-0.01,1,1,,,,0.557,-0.22,1.4,,,,,
34.84,REGROUND,15.6,-1.28,-9.58,17.94,-0.01,1,1,,,,0.557,-0.22,0.6,,,,,
34.89,REGROUND,15.65,-1.31,-9.58,17.96,-0.01,1,1,,,,0.557,-0.22,1.3,,,,,
34.94,REGROUND,15.7,-1.34,-9.58,17.99,-0.01,1,1,,,,0.557,-0.22,1.2,,,,,
34.99,REGROUND,15.7,-1.34,-9.58,18.01,-0.01,1,1,,,,0.557,-0.22,0.9,,,,,
35.04,REGROUND,15.76,-1.37,-9.58,18.04,-0.01,1,0,,,,0.557,-0.22,1.4,,,,,
35.09,REGROUND,15.76,-1.37,-9.58,18.06,-0.01,1,0,,,,0.557,-0.22,0.7,,,,,
35.14,REGROUND,15.81,-1.4,-9.58,18.09,-0.01,1,0,,,,0.557,-0.22,3.5,,,,,
35.19,REGROUND,15.81,-1.4,-9.58,18.11,-0.01,1,0,,,,0.557,-0.22,0.7,,,,,
35.24,REGROUND,15.86,-1.42,-9.58,18.14,-0.01,1,0,,,,0.557,-0.22,1.3,,,,,
35.29,REGROUND,15.86,-1.42,-9.58,18.16,-0.01,1,0,,,,0.557,-0.22,0.9,,,,,
35.34,REGROUND,15.92,-1.45,-9.58,18.19,-0.01,1,0,,,,0.557,-0.22,1.2,,,,,
35.39,REGROUND,15.92,-1.45,-9.58,18.21,-0.01,1,0,,,,0.557,-0.22,0.7,,,,,
35.44,REGROUND,15.97,-1.48,-9.58,18.24,-0.01,1,0,,,,0.557,-0.22,1.3,,,,,
35.49,REGROUND,15.97,-1.48,-9.58,18.26,-0.01,1,0,,,,0.557,-0.22,0.9,,,,,
35.54,REGROUND,16.02,-1.51,-9.58,18.29,-0.01,1,0,,,,0.557,-0.219,1.5,,,,,
35.59,REGROUND,16.02,-1.51,-9.58,18.31,-0.01,1,0,,,,0.557,-0.219,0.8,,,,,
35.64,REGROUND,16.08,-1.54,-9.58,18.34,-0.01,1,0,,,,0.557,-0.219,1.4,,,,,
35.69,REGROUND,16.08,-1.54,-9.58,18.36,-0.01,1,0,,,,0.557,-0.219,0.8,,,,,
35.74,REGROUND,16.13,-1.57,-9.58,18.39,-0.01,1,0,,,,0.557,-0.22,1.4,,,,,
35.79,REGROUND,16.13,-1.57,-9.58,18.41,-0.01,1,0,,,,0.557,-0.22,0.9,,,,,
35.84,REGROUND,16.18,-1.6,-9.58,18.44,-0.01,1,0,,,,0.557,-0.22,1.6,,,,,
35.89,REGROUND,16.18,-1.6,-9.58,18.46,-0.01,1,0,,,,0.557,-0.22,1.0,,,,,
35.94,REGROUND,16.23,-1.63,-9.58,18.49,-0.01,1,0,,,,0.557,-0.22,1.6,,,,,
35.99,REGROUND,16.23,-1.63,-9.58,18.51,-0.01,1,0,,,,0.557,-0.22,0.7,,,,,
36.04,REGROUND,16.29,-1.66,-9.58,18.54,-0.01,1,0,,,,0.557,-0.22,1.5,,,,,
36.09,REGROUND,16.29,-1.66,-9.58,18.56,-0.01,1,0,,,,0.557,-0.22,0.8,,,,,
36.14,REGROUND,16.34,-1.68,-9.58,18.59,-0.01,1,0,,,,0.557,-0.22,1.3,,,,,
36.19,REGROUND,16.34,-1.68,-9.58,18.61,-0.01,1,0,,,,0.557,-0.22,0.8,,,,,
36.24,REGROUND,16.39,-1.71,-9.58,18.64,-0.01,1,0,,,,0.557,-0.22,1.6,,,,,
36.29,REGROUND,16.39,-1.71,-9.58,18.66,-0.01,1,0,,,,0.557,-0.22,0.9,,,,,
36.34,REGROUND,16.44,-1.74,-9.58,18.69,-0.01,1,0,,,,0.557,-0.22,1.4,,,,,
36.39,REGROUND,16.44,-1.74,-9.58,18.71,-0.01,1,0,,,,0.557,-0.22,0.9,,,,,
36.44,REGROUND,16.5,-1.77,-9.58,18.74,-0.01,1,0,,,,0.557,-0.22,1.4,,,,,
36.49,REGROUND,16.5,-1.77,-9.58,18.76,-0.01,1,0,,,,0.557,-0.22,0.7,,,,,
36.54,REGROUND,16.55,-1.8,-9.58,18.79,-0.01,1,0,,,,0.557,-0.22,1.4,,,,,
36.59,REGROUND,16.55,-1.8,-9.58,18.81,-0.01,1,0,,,,0.557,-0.22,0.9,,,,,
36.64,REGROUND,16.6,-1.83,-9.58,18.84,-0.01,1,0,,,,0.557,-0.22,1.4,,,,,
36.69,REGROUND,16.6,-1.83,-9.58,18.86,-0.01,1,0,,,,0.557,-0.22,0.9,,,,,
36.74,REGROUND,16.65,-1.86,-9.58,18.89,-0.01,1,0,,,,0.557,-0.22,1.3,,,,,
36.79,REGROUND,16.65,-1.86,-9.58,18.91,-0.01,1,0,,,,0.557,-0.22,0.7,,,,,
36.84,REGROUND,16.71,-1.89,-9.58,18.94,-0.01,1,0,,,,0.557,-0.22,1.4,,,,,
36.89,REGROUND,16.71,-1.89,-9.58,18.96,-0.01,1,0,,,,0.557,-0.22,0.8,,,,,
36.94,REGROUND,16.76,-1.92,-9.58,18.99,-0.01,1,0,,,,0.557,-0.22,1.3,,,,,
36.99,REGROUND,16.76,-1.92,-9.58,19.01,-0.01,1,0,,,,0.557,-0.22,0.7,,,,,
37.04,REGROUND,16.81,-1.94,-9.58,19.04,-0.01,1,0,,,,0.557,-0.22,1.4,,,,,
37.09,REGROUND,16.81,-1.94,-9.58,19.06,-0.01,1,0,,,,0.557,-0.22,0.7,,,,,
37.14,REGROUND,16.86,-1.97,-9.58,19.09,-0.01,1,0,,,,0.557,-0.22,1.6,,,,,
37.19,REGROUND,16.86,-1.97,-9.58,19.11,-0.01,1,0,,,,0.557,-0.22,0.9,,,,,
37.24,REGROUND,16.92,-2.0,-9.58,19.14,-0.01,1,0,,,,0.557,-0.22,1.2,,,,,
37.29,REGROUND,16.92,-2.0,-9.58,19.16,-0.01,1,0,,,,0.557,-0.22,0.9,,,,,
37.34,REGROUND,16.97,-2.03,-9.58,19.19,-0.01,1,0,,,,0.557,-0.22,1.5,,,,,
37.39,REGROUND,16.97,-2.03,-9.58,19.21,-0.01,1,0,,,,0.557,-0.22,0.9,,,,,
37.44,REGROUND,17.02,-2.06,-9.58,19.24,-0.01,1,0,,,,0.557,-0.22,1.3,,,,,
37.49,REGROUND,17.02,-2.06,-9.58,19.26,-0.01,1,0,,,,0.557,-0.22,2.9,,,,,
37.55,REGROUND,17.07,-2.09,-9.58,19.29,-0.01,1,0,,,,0.557,-0.22,1.3,,,,,
37.6,REGROUND,17.07,-2.09,-9.58,19.31,-0.01,1,0,,,,0.557,-0.22,0.8,,,,,
37.65,REGROUND,17.12,-2.12,-9.58,19.34,-0.01,1,0,,,,0.557,-0.219,1.2,,,,,
37.7,REGROUND,17.12,-2.12,-9.58,19.36,-0.01,1,0,,,,0.557,-0.219,0.8,,,,,
37.75,REGROUND,17.18,-2.15,-9.58,19.39,-0.01,1,0,,,,0.557,-0.22,1.4,,,,,
37.8,REGROUND,17.18,-2.15,-9.58,19.41,-0.01,1,0,,,,0.557,-0.22,0.9,,,,,
37.85,REGROUND,17.23,-2.17,-9.58,19.44,-0.01,1,0,,,,0.557,-0.22,1.4,,,,,
37.9,REGROUND,17.23,-2.17,-9.58,19.46,-0.01,1,0,,,,0.557,-0.22,0.9,,,,,
37.95,REGROUND,17.28,-2.2,-9.58,19.49,-0.01,1,0,,,,0.557,-0.22,1.6,,,,,
38.0,REGROUND,17.28,-2.2,-9.58,19.51,-0.01,1,0,,,,0.557,-0.22,0.9,,,,,
38.05,REGROUND,17.33,-2.23,-9.58,19.54,-0.01,1,0,,,,0.557,-0.22,1.4,,,,,
38.1,REGROUND,17.33,-2.23,-9.58,19.56,-0.01,1,0,,,,0.557,-0.22,0.8,,,,,
38.15,REGROUND,17.39,-2.26,-9.58,19.59,-0.01,1,0,,,,0.557,-0.22,1.6,,,,,
38.2,REGROUND,17.39,-2.26,-9.58,19.61,-0.01,1,0,,,,0.557,-0.22,0.9,,,,,
38.25,REGROUND,17.44,-2.29,-9.58,19.64,-0.01,1,0,,,,0.557,-0.22,1.5,,,,,
38.3,REGROUND,17.44,-2.29,-9.58,19.66,-0.01,1,0,,,,0.557,-0.22,0.9,,,,,
38.35,REGROUND,17.49,-2.32,-9.58,19.69,-0.01,1,0,,,,0.557,-0.22,1.3,,,,,
38.4,REGROUND,17.49,-2.32,-9.58,19.71,-0.01,1,0,,,,0.557,-0.22,0.9,,,,,
38.45,REGROUND,17.54,-2.35,-9.58,19.74,-0.01,1,0,,,,0.557,-0.22,1.5,,,,,
38.5,REGROUND,17.54,-2.35,-9.58,19.76,-0.01,1,0,,,,0.557,-0.22,0.9,,,,,
38.55,REGROUND,17.59,-2.38,-9.58,19.79,-0.01,1,0,,,,0.557,-0.219,1.4,,,,,
38.6,REGROUND,17.59,-2.38,-9.58,19.81,-0.01,1,0,,,,0.557,-0.219,0.7,,,,,
38.65,REGROUND,17.65,-2.41,-9.58,19.84,-0.01,1,0,,,,0.557,-0.219,1.4,,,,,
38.7,REGROUND,17.65,-2.41,-9.58,19.86,-0.01,1,0,,,,0.557,-0.219,0.8,,,,,
38.75,REGROUND,17.7,-2.43,-9.58,19.89,-0.01,1,0,,,,0.557,-0.22,1.5,,,,,
38.8,REGROUND,17.7,-2.43,-9.58,19.91,-0.01,1,0,,,,0.557,-0.22,0.9,,,,,
38.85,REGROUND,17.75,-2.46,-9.58,19.94,-0.01,1,0,,,,0.557,-0.22,1.5,,,,,
38.9,REGROUND,17.75,-2.46,-9.58,19.96,-0.01,1,0,,,,0.557,-0.22,0.9,,,,,
38.95,REGROUND,17.8,-2.49,-9.58,19.99,-0.01,1,0,,,,0.557,-0.22,1.3,,,,,
39.0,REGROUND,17.8,-2.49,-9.58,20.01,-0.01,1,0,,,,0.557,-0.22,0.9,,,,,
39.05,REGROUND,17.85,-2.52,-9.58,20.04,-0.01,1,0,,,,0.557,-0.22,1.5,,,,,
39.1,REGROUND,17.85,-2.52,-9.58,20.06,-0.01,1,0,,,,0.557,-0.22,0.7,,,,,
39.15,REGROUND,17.91,-2.55,-9.58,20.09,-0.01,1,0,,,,0.557,-0.219,1.4,,,,,
39.2,REGROUND,17.91,-2.55,-9.58,20.11,-0.01,1,0,,,,0.557,-0.219,0.9,,,,,
39.25,REGROUND,17.96,-2.58,-9.58,20.14,-0.01,1,0,,,,0.557,-0.22,1.6,,,,,
39.3,REGROUND,17.96,-2.58,-9.58,20.16,-0.01,1,0,,,,0.557,-0.22,0.8,,,,,
39.35,REGROUND,18.01,-2.61,-9.58,20.19,-0.01,1,0,,,,0.557,-0.22,1.3,,,,,
39.4,REGROUND,18.01,-2.61,-9.58,20.21,-0.01,1,0,,,,0.557,-0.22,0.9,,,,,
39.45,REGROUND,18.06,-2.64,-9.58,20.24,-0.01,1,0,,,,0.557,-0.22,1.5,,,,,
39.5,REGROUND,18.06,-2.64,-9.58,20.26,-0.01,1,0,,,,0.557,-0.22,0.9,,,,,
39.55,REGROUND,18.12,-2.67,-9.58,20.29,-0.01,1,0,,,,0.557,-0.22,1.4,,,,,
39.6,REGROUND,18.12,-2.67,-9.58,20.31,-0.01,1,0,,,,0.557,-0.22,0.7,,,,,
39.65,REGROUND,18.17,-2.69,-9.58,20.34,-0.01,1,0,,,,0.557,-0.22,1.3,,,,,
39.7,REGROUND,18.17,-2.69,-9.58,20.36,-0.01,1,0,,,,0.557,-0.22,0.9,,,,,
39.75,REGROUND,18.22,-2.72,-9.58,20.39,-0.01,1,0,,,,0.557,-0.219,1.3,,,,,
39.8,REGROUND,18.22,-2.72,-9.58,20.41,-0.01,1,0,,,,0.557,-0.219,2.8,,,,,
39.85,REGROUND,18.27,-2.75,-9.58,20.44,-0.01,1,0,,,,0.557,-0.22,1.6,,,,,
39.9,REGROUND,18.27,-2.75,-9.58,20.46,-0.01,1,0,,,,0.557,-0.22,0.9,,,,,
39.95,REGROUND,18.33,-2.78,-9.58,20.49,-0.01,1,0,,,,0.557,-0.22,1.5,,,,,
40.0,REGROUND,18.33,-2.78,-9.58,20.51,-0.01,1,0,,,,0.557,-0.22,0.9,,,,,
40.05,REGROUND,18.38,-2.81,-9.58,20.54,-0.01,1,0,,,,0.557,-0.22,1.6,,,,,
40.1,REGROUND,18.38,-2.81,-9.58,20.56,-0.01,1,0,,,,0.557,-0.22,0.9,,,,,
40.15,REGROUND,18.43,-2.84,-9.58,20.59,-0.01,1,0,,,,0.557,-0.22,1.3,,,,,
40.2,REGROUND,18.43,-2.84,-9.58,20.61,-0.01,1,0,,,,0.557,-0.22,0.6,,,,,
40.25,REGROUND,18.48,-2.87,-9.58,20.64,-0.01,1,0,,,,0.557,-0.22,1.5,,,,,
40.3,REGROUND,18.48,-2.87,-9.58,20.66,-0.01,1,0,,,,0.557,-0.22,0.7,,,,,
40.35,REGROUND,18.54,-2.9,-9.58,20.69,-0.01,1,0,,,,0.557,-0.22,1.6,,,,,
40.4,REGROUND,18.54,-2.9,-9.58,20.71,-0.01,1,0,,,,0.557,-0.22,0.8,,,,,
40.45,REGROUND,18.59,-2.93,-9.58,20.74,-0.01,1,0,,,,0.557,-0.22,1.4,,,,,
40.5,REGROUND,18.59,-2.93,-9.58,20.76,-0.01,1,0,,,,0.557,-0.22,0.8,,,,,
40.55,REGROUND,18.64,-2.96,-9.58,20.79,-0.01,1,0,,,,0.557,-0.22,1.3,,,,,
40.6,REGROUND,18.64,-2.96,-9.58,20.81,-0.01,1,0,,,,0.557,-0.22,0.9,,,,,
40.65,REGROUND,18.69,-2.99,-9.58,20.84,-0.01,1,0,,,,0.557,-0.22,1.6,,,,,
40.7,REGROUND,18.69,-2.99,-9.58,20.86,-0.01,1,0,,,,0.557,-0.22,0.7,,,,,
40.75,REGROUND,18.75,-3.01,-9.58,20.89,-0.01,1,0,,,,0.557,-0.22,1.3,,,,,
40.8,REGROUND,18.75,-3.01,-9.58,20.91,-0.01,1,0,,,,0.557,-0.22,0.7,,,,,
40.85,REGROUND,18.8,-3.04,-9.58,20.94,-0.01,1,0,,,,0.557,-0.22,1.5,,,,,
40.9,REGROUND,18.8,-3.04,-9.58,20.96,-0.01,1,0,,,,0.557,-0.22,0.9,,,,,
40.95,REGROUND,18.85,-3.07,-9.58,20.99,-0.01,1,0,,,,0.557,-0.22,1.5,,,,,
41.0,REGROUND,18.85,-3.07,-9.58,21.01,-0.01,1,0,,,,0.557,-0.22,0.9,,,,,
41.05,REGROUND,18.9,-3.1,-9.58,21.04,-0.01,1,0,,,,0.557,-0.22,1.3,,,,,
41.1,REGROUND,18.9,-3.1,-9.58,21.06,-0.01,1,0,,,,0.557,-0.22,0.9,,,,,
41.15,REGROUND,18.96,-3.13,-9.58,21.09,-0.01,1,0,,,,0.557,-0.22,1.5,,,,,
41.2,REGROUND,18.96,-3.13,-9.58,21.11,-0.01,1,0,,,,0.557,-0.22,0.6,,,,,
41.25,REGROUND,19.01,-3.16,-9.58,21.14,-0.01,1,0,,,,0.557,-0.22,1.3,,,,,
41.3,REGROUND,19.01,-3.16,-9.58,21.16,-0.01,1,0,,,,0.557,-0.22,0.9,,,,,
41.35,REGROUND,19.06,-3.19,-9.58,21.19,-0.01,1,0,,,,0.557,-0.22,1.3,,,,,
41.4,REGROUND,19.06,-3.19,-9.58,21.21,-0.01,1,0,,,,0.557,-0.22,0.6,,,,,
41.45,REGROUND,19.12,-3.22,-9.58,21.24,-0.01,1,0,,,,0.557,-0.22,1.6,,,,,
41.5,REGROUND,19.12,-3.22,-9.58,21.26,-0.01,1,0,,,,0.557,-0.22,0.9,,,,,
41.55,REGROUND,19.17,-3.25,-9.58,21.29,-0.01,1,0,,,,0.557,-0.22,1.6,,,,,
41.6,REGROUND,19.17,-3.25,-9.58,21.31,-0.01,1,0,,,,0.557,-0.22,0.8,,,,,
41.65,REGROUND,19.22,-3.27,-9.58,21.34,-0.01,1,0,,,,0.557,-0.22,1.6,,,,,
41.7,REGROUND,19.22,-3.27,-9.58,21.36,-0.01,1,0,,,,0.557,-0.22,0.9,,,,,
41.75,REGROUND,19.27,-3.3,-9.58,21.39,-0.01,1,0,,,,0.557,-0.22,1.5,,,,,
41.8,REGROUND,19.27,-3.3,-9.58,21.41,-0.01,1,0,,,,0.557,-0.22,0.8,,,,,
41.85,REGROUND,19.33,-3.33,-9.58,21.44,-0.01,1,0,,,,0.557,-0.22,1.5,,,,,
41.9,REGROUND,19.33,-3.33,-9.58,21.47,-0.01,1,0,,,,0.557,-0.22,0.9,,,,,
41.95,REGROUND,19.38,-3.36,-9.58,21.49,-0.01,1,0,,,,0.557,-0.22,1.5,,,,,
42.0,REGROUND,19.38,-3.36,-9.58,21.52,-0.01,1,0,,,,0.557,-0.22,0.9,,,,,
42.05,CARRY,19.43,-3.39,-9.58,21.54,-0.01,1,0,,,,0.54,0.079,253.4,,,,,
42.31,CARRY,19.54,-3.45,-9.58,21.67,-0.01,1,0,534.5,120.0,245.8,2.4,3.0,47.7,,,,,10.0
42.36,CARRY,19.59,-3.48,-9.58,21.69,-0.01,1,0,536.5,130.5,242.6,2.19,3.0,48.6,,,,,9.875
42.41,CARRY,19.59,-3.48,-9.58,21.72,-0.01,1,0,536.5,130.0,242.8,2.2,3.0,48.1,,,,,9.875
42.46,CARRY,19.64,-3.5,-9.58,21.74,-0.01,1,0,537.0,132.0,242.4,2.16,3.0,48.5,,,,,9.688
42.51,CARRY,19.64,-3.5,-9.58,21.77,-0.01,1,0,537.0,131.5,242.6,2.17,3.0,47.8,,,,,9.562
42.56,CARRY,19.7,-3.53,-9.58,21.79,-0.01,1,0,539.0,134.5,243.1,2.11,3.0,49.1,,,,,9.625
42.61,CARRY,19.7,-3.53,-9.58,21.82,-0.01,1,0,539.0,123.0,248.3,2.34,3.0,48.0,,,,,9.688
42.66,CARRY,19.75,-3.55,-9.58,21.84,-0.01,1,0,540.0,137.0,242.9,2.06,3.0,48.8,,,,,9.438
42.71,CARRY,19.75,-3.55,-9.58,21.87,-0.01,1,0,540.0,125.0,248.2,2.3,3.0,49.2,,,,,9.438
42.76,CARRY,19.81,-3.56,-9.58,21.89,-0.01,1,0,540.0,127.0,247.3,2.26,3.0,49.6,,,,,9.25
42.81,CARRY,19.81,-3.56,-9.58,21.92,-0.01,1,0,540.5,127.0,247.8,2.26,3.0,48.3,,,,,9.188
42.86,CARRY,19.88,-3.55,-9.58,21.94,-0.01,1,0,540.0,143.0,240.4,1.94,3.0,49.1,,,,,9.125
42.91,CARRY,19.88,-3.55,-9.58,21.97,-0.01,1,0,540.5,142.0,241.3,1.96,3.0,47.9,,,,,9.125
42.96,CARRY,19.95,-3.53,-9.58,21.99,-0.01,1,0,539.5,132.0,244.6,2.16,3.0,49.0,,,,,8.875
43.01,CARRY,19.95,-3.53,-9.58,22.02,-0.01,1,0,539.5,146.5,238.6,1.87,3.0,47.9,,,,,9.062
43.06,CARRY,20.04,-3.48,-9.58,22.04,-0.01,1,0,536.5,150.5,234.3,1.79,3.0,49.0,,,,,9.0
43.11,CARRY,20.04,-3.48,-9.58,22.07,-0.01,1,0,536.0,134.5,240.4,2.11,3.0,47.9,,,,,9.188
43.16,CARRY,20.14,-3.41,-9.58,22.09,-0.01,1,0,531.5,154.5,228.1,1.71,3.0,49.0,,,,,9.188
43.21,CARRY,20.14,-3.41,-9.58,22.12,-0.01,1,0,532.0,138.5,235.0,2.03,3.0,47.9,,,,,9.312
43.26,CARRY,20.26,-3.32,-9.58,22.14,-0.01,1,0,525.5,159.0,220.9,1.62,3.0,48.8,,,,,9.312
43.31,CARRY,20.26,-3.32,-9.58,22.17,-0.01,1,0,525.5,141.5,227.9,1.97,3.0,48.9,,,,,9.562
43.36,CARRY,20.39,-3.2,-9.58,22.19,-0.01,1,0,518.0,144.0,220.0,1.92,3.0,49.1,,,,,9.25
43.41,CARRY,20.39,-3.2,-9.58,22.22,-0.01,1,0,518.0,162.5,212.6,1.55,3.0,47.7,,,,,9.25
43.46,CARRY,20.53,-3.06,-9.58,22.24,-0.01,1,0,509.5,168.5,202.5,1.43,3.0,49.0,,,,,9.5
43.51,CARRY,20.53,-3.06,-9.58,22.27,-0.01,1,0,510.0,166.5,203.7,1.47,3.0,48.2,,,,,9.625
43.56,CARRY,20.68,-2.9,-9.58,22.29,-0.01,1,0,499.5,173.5,191.4,1.33,3.0,48.8,,,,,9.688
43.61,CARRY,20.68,-2.9,-9.58,22.32,-0.01,1,0,499.5,172.0,191.9,1.36,3.0,48.2,,,,,9.688
43.66,CARRY,20.85,-2.72,-9.58,22.34,-0.01,1,0,488.0,178.0,179.1,1.24,3.0,50.6,,,,,9.688
43.71,CARRY,20.85,-2.72,-9.58,22.37,-0.01,1,0,488.5,176.5,180.1,1.27,3.0,48.4,,,,,9.688
43.76,CARRY,21.03,-2.52,-9.58,22.39,-0.01,1,0,475.0,182.0,165.5,1.16,3.0,50.0,,,,,9.812
43.81,CARRY,21.03,-2.52,-9.58,22.42,-0.01,1,0,475.0,180.5,166.0,1.19,3.0,49.8,,,,,10.062
43.86,CARRY,21.22,-2.31,-9.58,22.45,-0.01,1,0,460.0,186.5,149.9,1.07,2.8,49.4,,,,,9.938
43.91,CARRY,21.22,-2.31,-9.58,22.47,-0.01,1,0,461.0,189.5,149.8,1.01,2.82,48.6,,,,,9.938
43.96,CARRY,21.41,-2.08,-9.58,22.5,-0.01,1,0,446.0,197.0,133.1,0.86,2.52,49.5,,,,,9.812
44.01,CARRY,21.41,-2.08,-9.58,22.52,-0.01,1,0,446.0,196.0,133.5,0.88,2.52,80.4,,,,,9.75
44.1,CARRY,21.6,-1.83,-9.58,22.56,-0.01,1,0,431.0,196.0,119.4,0.88,2.22,49.4,,,,,9.688
44.15,CARRY,21.78,-1.58,-9.58,22.59,-0.01,1,0,415.5,203.5,102.2,0.73,1.91,49.2,,,,,9.688
44.2,CARRY,21.78,-1.58,-9.58,22.61,-0.01,1,0,415.5,201.5,103.0,0.77,1.91,48.7,,,,,9.75
44.25,CARRY,21.96,-1.33,-9.58,22.64,-0.01,1,0,399.5,209.5,85.1,0.61,1.59,49.3,,,,,9.625
44.3,CARRY,21.96,-1.33,-9.58,22.66,-0.01,1,0,400.0,217.5,83.1,0.45,1.6,49.6,,,,,9.625
44.35,CARRY,22.12,-1.07,-9.58,22.69,-0.01,1,0,384.5,214.0,69.5,0.52,1.29,49.5,,,,,9.188
44.4,CARRY,22.12,-1.07,-9.58,22.71,-0.01,1,0,384.5,212.5,70.1,0.55,1.29,49.6,,,,,9.25
44.45,CARRY,22.27,-0.83,-9.58,22.74,-0.01,1,0,369.5,218.5,54.0,0.43,0.99,49.8,,,,,9.125
44.5,CARRY,22.27,-0.83,-9.58,22.76,-0.01,1,0,370.0,216.5,55.2,0.47,1.0,50.2,,,,,9.188
44.55,CARRY,22.41,-0.59,-9.58,22.79,-0.01,1,0,355.5,235.5,35.8,0.09,0.71,49.0,,,,,9.188
44.6,CARRY,22.41,-0.59,-9.58,22.82,-0.01,1,0,355.5,220.5,40.5,0.39,0.71,49.5,,,,,9.062
44.65,CARRY,22.54,-0.37,-9.58,22.84,-0.01,1,0,342.5,216.0,32.9,0.48,0.45,49.0,,,,,9.0
44.7,CARRY,22.54,-0.37,-9.58,22.87,-0.01,1,0,342.5,223.5,27.9,0.33,0.45,49.0,,,,,8.938
44.75,CARRY,22.65,-0.17,-9.58,22.89,-0.01,1,0,330.5,227.5,16.3,0.25,0.21,48.9,,,,,9.438
44.8,CARRY,22.65,-0.17,-9.58,22.92,-0.01,1,0,330.5,226.0,17.5,0.28,0.21,48.7,,,,,9.438
44.85,CARRY,22.75,0.01,-9.58,22.94,-0.01,1,0,320.0,229.5,10.5,0.21,0.0,48.8,,,,,9.438
44.9,CARRY,22.75,0.01,-9.58,22.97,-0.01,1,0,320.0,227.5,12.5,0.25,0.0,48.9,,,,,9.625
44.95,CARRY,22.84,0.17,-9.58,22.99,-0.01,1,0,310.0,230.5,13.8,0.19,-0.2,49.3,,,,,9.5
45.0,CARRY,22.84,0.17,-9.58,23.02,-0.01,1,0,310.5,206.0,35.3,0.68,-0.19,48.5,,,,,9.5
45.05,CARRY,22.92,0.3,-9.58,23.04,-0.01,1,0,302.5,231.5,19.5,0.17,-0.35,49.0,,,,,9.375
45.1,CARRY,22.92,0.3,-9.58,23.07,-0.01,1,0,302.5,229.5,20.4,0.21,-0.35,48.6,,,,,9.312
45.15,CARRY,22.99,0.41,-9.58,23.09,-0.01,1,0,296.0,231.5,25.5,0.17,-0.48,48.7,,,,,9.5
45.2,CARRY,22.99,0.41,-9.58,23.12,-0.01,1,0,296.0,230.0,26.0,0.2,-0.48,49.1,,,,,9.375
45.25,CARRY,23.04,0.5,-9.58,23.14,-0.01,1,0,291.0,231.5,30.2,0.17,-0.58,49.3,,,,,9.438
45.3,CARRY,23.04,0.5,-9.58,23.17,-0.01,1,0,291.0,230.0,30.7,0.2,-0.58,49.0,,,,,9.438
45.35,CARRY,23.09,0.57,-9.58,23.19,-0.01,1,0,287.0,231.0,34.2,0.18,-0.66,49.3,,,,,9.188
45.4,CARRY,23.09,0.57,-9.58,23.22,-0.01,1,0,287.0,229.5,34.6,0.21,-0.66,48.8,,,,,9.062
45.45,CARRY,23.13,0.61,-9.58,23.24,-0.01,1,0,284.5,230.5,36.7,0.19,-0.71,50.3,,,,,9.062
45.51,CARRY,23.13,0.61,-9.58,23.27,-0.01,1,0,285.0,229.0,36.7,0.22,-0.7,48.9,,,,,9.062
45.56,CARRY,23.17,0.63,-9.58,23.29,-0.01,1,0,283.5,230.0,37.8,0.2,-0.73,49.3,,,,,9.062
45.61,CARRY,23.17,0.63,-9.58,23.32,-0.01,1,0,283.5,228.0,38.4,0.24,-0.73,48.5,,,,,9.062
45.66,CARRY,23.2,0.64,-9.58,23.34,-0.01,1,0,283.0,228.5,38.7,0.23,-0.74,49.4,,,,,9.062
45.71,CARRY,23.2,0.64,-9.58,23.37,-0.01,1,0,283.0,227.0,39.2,0.26,-0.74,49.0,,,,,9.062
45.76,CARRY,23.23,0.64,-9.58,23.39,-0.01,1,0,283.5,227.0,38.7,0.26,-0.73,48.6,,,,,9.125
45.81,CARRY,23.23,0.64,-9.58,23.42,-0.01,1,0,283.5,226.0,39.1,0.28,-0.73,49.0,,,,,9.125
45.86,CARRY,23.25,0.62,-9.58,23.44,-0.01,1,0,284.5,226.0,38.2,0.28,-0.71,49.8,,,,,9.125
45.91,CARRY,23.25,0.62,-9.58,23.47,-0.01,1,0,285.0,224.5,38.3,0.31,-0.7,48.7,,,,,9.062
45.96,CARRY,23.28,0.59,-9.58,23.49,-0.01,1,0,286.0,224.5,37.4,0.31,-0.68,50.0,,,,,9.0
46.01,CARRY,23.28,0.59,-9.58,23.52,-0.01,1,0,286.0,223.0,38.0,0.34,-0.68,49.0,,,,,9.0
46.06,CARRY,23.3,0.55,-9.58,23.54,-0.01,1,0,289.0,223.0,35.4,0.34,-0.62,49.5,,,,,9.062
46.11,CARRY,23.3,0.55,-9.58,23.57,-0.01,1,0,289.0,213.5,40.8,0.53,-0.62,48.4,,,,,9.125
46.16,CARRY,23.32,0.51,-9.58,23.59,-0.01,1,0,291.0,221.5,34.4,0.37,-0.58,49.5,,,,,9.0
46.21,CARRY,23.32,0.51,-9.58,23.62,-0.01,1,0,291.0,220.5,34.9,0.39,-0.58,48.4,,,,,9.188
46.26,CARRY,23.35,0.46,-9.58,23.64,-0.01,1,0,294.0,220.5,32.5,0.39,-0.52,49.4,,,,,9.188
46.31,CARRY,23.35,0.46,-9.58,23.67,-0.01,1,0,294.0,219.0,33.4,0.42,-0.52,48.4,,,,,9.125
46.36,CARRY,23.37,0.41,-9.58,23.7,-0.01,1,0,297.0,220.0,30.5,0.4,-0.46,50.0,,,,,9.0
46.41,CARRY,23.37,0.41,-9.58,23.72,-0.01,1,0,297.0,217.5,32.2,0.45,-0.46,49.0,,,,,9.188
46.46,CARRY,23.4,0.36,-9.58,23.75,-0.01,1,0,300.0,218.0,29.7,0.44,-0.4,49.5,,,,,9.125
46.51,CARRY,23.4,0.36,-9.58,23.77,-0.01,1,0,300.0,216.5,30.9,0.47,-0.4,48.4,,,,,9.125
46.56,CARRY,23.43,0.31,-9.58,23.8,-0.01,1,0,303.0,217.0,28.6,0.46,-0.34,49.4,,,,,8.938
46.61,CARRY,23.43,0.31,-9.58,23.82,-0.01,1,0,303.0,215.5,29.8,0.49,-0.34,48.5,,,,,8.75
46.66,CARRY,23.46,0.26,-9.58,23.85,-0.01,1,0,306.0,216.5,27.4,0.47,-0.28,49.4,,,,,8.75
46.71,CARRY,23.46,0.26,-9.58,23.87,-0.01,1,0,306.0,215.5,28.2,0.49,-0.28,48.5,,,,,8.625
46.76,CARRY,23.49,0.21,-9.58,23.9,-0.01,1,0,309.0,216.0,26.4,0.48,-0.22,49.2,,,,,8.75
46.81,CARRY,23.49,0.21,-9.58,23.92,-0.01,1,0,309.0,214.5,27.8,0.51,-0.22,48.4,,,,,8.688
46.86,CARRY,23.53,0.16,-9.58,23.95,-0.01,1,0,312.0,215.5,25.8,0.49,-0.16,49.5,,,,,8.562
46.91,CARRY,23.53,0.16,-9.58,23.97,-0.01,1,0,312.0,214.0,27.2,0.52,-0.16,48.7,,,,,8.625
46.96,CARRY,23.57,0.12,-9.58,24.0,-0.01,1,0,314.0,215.0,25.7,0.5,-0.12,49.5,,,,,8.562
47.02,CARRY,23.57,0.12,-9.58,24.02,-0.01,1,0,314.5,213.5,27.1,0.53,-0.11,49.0,,,,,8.5
47.07,CARRY,23.61,0.08,-9.58,24.05,-0.01,1,0,317.0,214.5,25.7,0.51,-0.06,50.4,,,,,8.562
47.12,CARRY,23.61,0.08,-9.58,24.07,-0.01,1,0,317.0,213.5,26.7,0.53,-0.06,49.0,,,,,8.562
47.17,CARRY,23.65,0.04,-9.58,24.1,-0.01,1,0,319.0,214.0,26.0,0.52,-0.02,50.4,,,,,8.438
47.22,CARRY,23.65,0.04,-9.58,24.12,-0.01,1,0,319.0,212.5,27.5,0.55,-0.02,48.6,,,,,8.5
47.27,CARRY,23.7,0.01,-9.58,24.15,-0.01,1,0,321.0,213.5,26.5,0.53,0.02,48.7,,,,,8.375
47.32,CARRY,23.7,0.01,-9.58,24.17,-0.01,1,0,321.0,212.5,27.5,0.55,0.02,48.4,,,,,8.5
47.37,CARRY,23.74,-0.02,-9.58,24.2,-0.01,1,0,322.5,213.5,26.6,0.53,0.05,48.7,,,,,8.5
47.42,CARRY,23.74,-0.02,-9.58,24.22,-0.01,1,0,322.5,212.0,28.1,0.56,0.05,48.5,,,,,8.5
47.47,CARRY,23.79,-0.04,-9.58,24.25,-0.01,1,0,324.0,213.5,26.8,0.53,0.08,48.7,,,,,8.375
47.52,CARRY,23.79,-0.04,-9.58,24.27,-0.01,1,0,324.0,212.0,28.3,0.56,0.08,48.3,,,,,8.375
47.57,CARRY,23.84,-0.06,-9.58,24.3,-0.01,1,0,325.0,213.5,27.0,0.53,0.1,48.9,,,,,8.375
47.62,CARRY,23.84,-0.06,-9.58,24.32,-0.01,1,0,325.0,212.0,28.4,0.56,0.1,48.8,,,,,8.375
47.67,CARRY,23.89,-0.08,-9.58,24.35,-0.01,1,0,326.0,213.5,27.2,0.53,0.12,48.9,,,,,8.438
47.72,CARRY,23.89,-0.08,-9.58,24.37,-0.01,1,0,326.0,212.0,28.6,0.56,0.12,48.3,,,,,8.375
47.77,CARRY,23.94,-0.1,-9.58,24.4,-0.01,1,0,327.0,213.5,27.4,0.53,0.14,49.6,,,,,8.5
47.82,CARRY,23.94,-0.1,-9.58,24.42,-0.01,1,0,327.0,212.5,28.4,0.55,0.14,49.2,,,,,8.438
47.87,CARRY,23.99,-0.11,-9.58,24.45,-0.01,1,0,327.5,213.5,27.5,0.53,0.15,48.6,,,,,8.438
47.92,CARRY,23.99,-0.11,-9.58,24.47,-0.01,1,0,327.5,212.5,28.5,0.55,0.15,49.2,,,,,8.438
47.97,CARRY,24.04,-0.12,-9.58,24.5,-0.01,1,0,328.0,214.0,27.2,0.52,0.16,48.6,,,,,8.438
48.02,CARRY,24.04,-0.12,-9.58,24.52,-0.01,1,0,328.0,212.5,28.6,0.55,0.16,48.4,,,,,8.438
48.07,CARRY,24.09,-0.12,-9.58,24.55,-0.01,1,0,328.5,214.0,27.4,0.52,0.17,48.9,,,,,8.438
48.12,CARRY,24.09,-0.12,-9.58,24.57,-0.01,1,0,328.5,212.5,28.8,0.55,0.17,48.4,,,,,8.375
48.17,CARRY,24.14,-0.12,-9.58,24.6,-0.01,1,0,328.5,214.0,27.4,0.52,0.17,49.0,,,,,8.5
48.22,CARRY,24.14,-0.12,-9.58,24.62,-0.01,1,0,328.5,212.5,28.8,0.55,0.17,48.5,,,,,8.438
48.27,CARRY,24.19,-0.13,-9.58,24.65,-0.01,1,0,328.5,214.5,26.9,0.51,0.17,48.6,,,,,8.5
48.32,CARRY,24.19,-0.13,-9.58,24.67,-0.01,1,0,329.0,213.0,28.5,0.54,0.18,48.4,,,,,8.438
48.37,CARRY,24.25,-0.13,-9.58,24.7,-0.01,1,0,328.5,214.5,26.9,0.51,0.17,48.7,,,,,8.5
48.42,CARRY,24.25,-0.13,-9.58,24.72,-0.01,1,0,329.0,213.0,28.5,0.54,0.18,48.7,,,,,8.375
48.47,CARRY,24.3,-0.12,-9.58,24.75,-0.01,1,0,328.5,214.5,26.9,0.51,0.17,48.7,,,,,8.5
48.52,CARRY,24.3,-0.12,-9.58,24.77,-0.01,1,0,328.5,213.0,28.3,0.54,0.17,49.0,,,,,8.438
48.57,CARRY,24.35,-0.12,-9.58,24.8,-0.01,1,0,328.5,214.5,26.9,0.51,0.17,48.8,,,,,8.5
48.62,CARRY,24.35,-0.12,-9.58,24.83,-0.01,1,0,328.5,213.5,27.8,0.53,0.17,48.4,,,,,8.375
48.67,CARRY,24.41,-0.12,-9.58,24.85,-0.01,1,0,328.0,214.5,26.7,0.51,0.16,50.6,,,,,8.312
48.72,CARRY,24.41,-0.12,-9.58,24.88,-0.01,1,0,328.0,213.5,27.7,0.53,0.16,48.3,,,,,8.312
48.77,CARRY,24.46,-0.11,-9.58,24.9,-0.01,1,0,328.0,215.0,26.2,0.5,0.16,48.6,,,,,8.438
48.82,CARRY,24.46,-0.11,-9.58,24.93,-0.01,1,0,328.0,213.5,27.7,0.53,0.16,48.1,,,,,8.375
48.87,CARRY,24.51,-0.11,-9.58,24.95,-0.01,1,0,327.5,215.0,26.1,0.5,0.15,48.7,,,,,8.375
48.92,CARRY,24.51,-0.11,-9.58,24.98,-0.01,1,0,327.5,213.5,27.5,0.53,0.15,47.6,,,,,8.375
48.97,CARRY,24.56,-0.1,-9.58,25.0,-0.01,1,0,327.0,215.0,26.0,0.5,0.14,49.9,,,,,8.375
49.02,CARRY,24.56,-0.1,-9.58,25.03,-0.01,1,0,327.0,213.5,27.4,0.53,0.14,48.7,,,,,8.375
49.07,CARRY,24.62,-0.09,-9.58,25.05,-0.01,1,0,327.0,215.5,25.5,0.49,0.14,51.2,,,,,8.312
49.13,CARRY,24.62,-0.09,-9.58,25.08,-0.01,1,0,327.0,213.5,27.4,0.53,0.14,48.3,,,,,8.375
49.18,CARRY,24.67,-0.09,-9.58,25.1,-0.01,1,0,326.5,215.5,25.3,0.49,0.13,49.3,,,,,8.188
49.23,CARRY,24.67,-0.09,-9.58,25.13,-0.01,1,0,326.5,213.5,27.3,0.53,0.13,49.0,,,,,8.125
49.28,CARRY,24.72,-0.08,-9.58,25.15,-0.01,1,0,326.0,215.5,25.2,0.49,0.12,49.3,,,,,8.0
49.33,CARRY,24.72,-0.08,-9.58,25.18,-0.01,1,0,326.0,214.0,26.7,0.52,0.12,48.5,,,,,8.062
49.38,CARRY,24.77,-0.08,-9.58,25.2,-0.01,1,0,326.0,215.5,25.2,0.49,0.12,49.5,,,,,8.312
49.43,CARRY,24.77,-0.08,-9.58,25.23,-0.01,1,0,326.0,214.0,26.7,0.52,0.12,48.2,,,,,8.312
49.48,CARRY,24.82,-0.07,-9.58,25.25,-0.01,1,0,325.5,215.5,25.1,0.49,0.11,49.1,,,,,8.375
49.53,CARRY,24.82,-0.07,-9.58,25.28,-0.01,1,0,325.5,214.0,26.6,0.52,0.11,49.4,,,,,8.312
49.58,CARRY,24.87,-0.07,-9.58,25.3,-0.01,1,0,325.0,215.5,25.0,0.49,0.1,48.8,,,,,8.438
49.63,CARRY,24.87,-0.07,-9.58,25.33,-0.01,1,0,325.0,214.0,26.5,0.52,0.1,50.4,,,,,8.375
49.68,CARRY,24.93,-0.06,-9.58,25.35,-0.01,1,0,324.5,215.5,24.9,0.49,0.09,49.6,,,,,8.5
49.73,CARRY,24.93,-0.06,-9.58,25.38,-0.01,1,0,325.0,214.0,26.5,0.52,0.1,48.4,,,,,8.438
49.78,CARRY,24.98,-0.05,-9.58,25.41,-0.01,1,0,324.5,215.5,24.9,0.49,0.09,50.4,,,,,8.562
49.83,CARRY,24.98,-0.05,-9.58,25.43,-0.01,1,0,324.5,214.0,26.4,0.52,0.09,49.2,,,,,8.5
49.88,CARRY,25.03,-0.05,-9.58,25.46,-0.01,1,0,324.0,215.5,24.8,0.49,0.08,49.9,,,,,8.625
49.93,CARRY,25.03,-0.05,-9.58,25.48,-0.01,1,0,324.0,214.0,26.3,0.52,0.08,49.1,,,,,8.562
49.98,CARRY,25.08,-0.04,-9.58,25.51,-0.01,1,0,324.0,215.5,24.8,0.49,0.08,49.6,,,,,8.625
50.03,CARRY,25.08,-0.04,-9.58,25.53,-0.01,1,0,324.0,214.0,26.3,0.52,0.08,48.6,,,,,8.562
50.08,CARRY,25.13,-0.04,-9.58,25.56,-0.01,1,0,323.5,215.5,24.7,0.49,0.07,48.7,,,,,8.625
50.13,CARRY,25.13,-0.04,-9.58,25.58,-0.01,1,0,323.5,214.0,26.2,0.52,0.07,48.2,,,,,8.625
50.18,CARRY,25.18,-0.03,-9.58,25.61,-0.01,1,0,323.0,215.5,24.7,0.49,0.06,48.8,,,,,8.625
50.23,CARRY,25.18,-0.03,-9.58,25.63,-0.01,1,0,323.5,214.0,26.2,0.52,0.07,48.5,,,,,8.688
50.28,CARRY,25.23,-0.03,-9.58,25.66,-0.01,1,0,323.0,215.5,24.7,0.49,0.06,49.2,,,,,8.625
50.34,CARRY,25.23,-0.03,-9.58,25.68,-0.01,1,0,323.0,214.5,25.7,0.51,0.06,49.6,,,,,8.562
50.39,CARRY,25.28,-0.03,-9.58,25.71,-0.01,1,0,323.0,215.5,24.7,0.49,0.06,49.0,,,,,8.625
50.44,CARRY,25.28,-0.03,-9.58,25.73,-0.01,1,0,323.0,214.5,25.7,0.51,0.06,48.5,,,,,8.625
50.49,CARRY,25.33,-0.02,-9.58,25.76,-0.01,1,0,322.5,215.5,24.6,0.49,0.05,48.8,,,,,8.688
50.54,CARRY,25.33,-0.02,-9.58,25.78,-0.01,1,0,322.5,214.5,25.6,0.51,0.05,48.7,,,,,8.625
50.59,CARRY,25.39,-0.02,-9.58,25.81,-0.01,1,0,322.0,215.5,24.6,0.49,0.04,49.9,,,,,8.688
50.64,CARRY,25.39,-0.02,-9.58,25.83,-0.01,1,0,322.5,214.5,25.6,0.51,0.05,49.8,,,,,8.625
50.69,CARRY,25.44,-0.02,-9.58,25.86,-0.01,1,0,322.0,215.5,24.6,0.49,0.04,49.6,,,,,8.688
50.74,CARRY,25.44,-0.02,-9.58,25.88,-0.01,1,0,322.0,214.5,25.6,0.51,0.04,53.6,,,,,8.688
50.79,CARRY,25.49,-0.01,-9.58,25.91,-0.01,1,0,322.0,215.5,24.6,0.49,0.04,50.6,,,,,8.75
50.84,CARRY,25.54,-0.01,-9.58,25.94,-0.01,1,0,321.5,217.0,23.0,0.46,0.03,49.9,,,,,8.688
50.9,CARRY,25.54,-0.01,-9.58,25.96,-0.01,1,0,322.0,215.5,24.6,0.49,0.04,49.4,,,,,8.688
50.95,CARRY,25.59,-0.01,-9.58,25.99,-0.01,1,0,321.5,217.0,23.0,0.46,0.03,49.2,,,,,8.75
51.0,CARRY,25.59,-0.01,-9.58,26.01,-0.01,1,0,321.5,215.5,24.5,0.49,0.03,48.2,,,,,8.688
51.05,CARRY,25.64,-0.0,-9.58,26.04,-0.01,1,0,321.5,217.0,23.0,0.46,0.03,48.6,,,,,8.75
51.1,CARRY,25.64,-0.0,-9.58,26.06,-0.01,1,0,321.5,215.5,24.5,0.49,0.03,48.4,,,,,8.812
51.15,CARRY,25.69,-0.0,-9.58,26.09,-0.01,1,0,321.0,217.0,23.0,0.46,0.02,49.8,,,,,8.875
51.2,CARRY,25.69,-0.0,-9.58,26.11,-0.01,1,0,321.5,215.5,24.5,0.49,0.03,50.1,,,,,9.0
51.25,CARRY,25.74,-0.0,-9.58,26.14,-0.01,1,0,321.0,218.5,21.5,0.43,0.02,48.7,,,,,8.938
51.3,CARRY,25.74,-0.0,-9.58,26.16,-0.01,1,0,321.5,215.5,24.5,0.49,0.03,48.3,,,,,8.938
51.35,CARRY,25.79,-0.0,-9.58,26.19,-0.01,1,0,321.0,220.0,20.0,0.4,0.02,48.8,,,,,8.875
51.4,CARRY,25.79,-0.0,-9.58,26.21,-0.01,1,0,321.0,219.5,20.5,0.41,0.02,48.9,,,,,8.938
51.45,CARRY,25.84,0.0,-9.58,26.24,-0.01,1,0,321.0,221.5,18.5,0.37,0.02,48.6,,,,,8.938
51.5,CARRY,25.84,0.0,-9.58,26.26,-0.01,1,0,321.0,221.0,19.0,0.38,0.02,50.1,,,,,9.0
51.55,CARRY,25.88,0.0,-9.58,26.29,-0.01,1,0,321.0,223.0,17.0,0.34,0.02,49.1,,,,,8.875
51.6,CARRY,25.88,0.0,-9.58,26.31,-0.01,1,0,321.0,222.0,18.0,0.36,0.02,47.9,,,,,8.938
51.65,CARRY,25.93,0.0,-9.58,26.34,-0.01,1,0,321.0,224.5,15.5,0.31,0.02,48.8,,,,,8.812
51.7,CARRY,25.93,0.0,-9.58,26.36,-0.01,1,0,321.0,223.5,16.5,0.33,0.02,48.3,,,,,8.875
51.75,CARRY,25.98,0.0,-9.58,26.39,-0.01,1,0,321.0,225.5,14.5,0.29,0.02,49.7,,,,,8.875
51.8,CARRY,25.98,0.0,-9.58,26.41,-0.01,1,0,321.0,225.0,15.0,0.3,0.02,47.3,,,,,8.812
51.85,CARRY,26.02,0.0,-9.58,26.44,-0.01,1,0,321.0,226.5,13.5,0.27,0.02,49.5,,,,,8.812
51.9,CARRY,26.02,0.0,-9.58,26.47,-0.01,1,0,321.0,226.5,13.5,0.27,0.02,48.9,,,,,8.812
51.95,CARRY,26.06,0.0,-9.58,26.49,-0.01,1,0,321.0,228.0,12.0,0.24,0.02,49.5,,,,,8.812
52.0,CARRY,26.06,0.0,-9.58,26.52,-0.01,1,0,321.0,227.0,13.0,0.26,0.02,48.9,,,,,8.875
52.05,CARRY,26.1,0.0,-9.58,26.54,-0.01,1,0,321.0,228.5,11.5,0.23,0.02,49.6,,,,,8.875
52.1,CARRY,26.1,0.0,-9.58,26.57,-0.01,1,0,321.0,228.5,11.5,0.23,0.02,48.6,,,,,8.875
52.15,CARRY,26.14,0.0,-9.58,26.59,-0.01,1,0,321.0,229.5,10.5,0.21,0.02,49.3,,,,,8.875
52.2,CARRY,26.14,0.0,-9.58,26.62,-0.01,1,0,321.5,194.5,45.5,0.91,0.03,49.8,,,,,8.875
52.25,CARRY,26.17,0.0,-9.58,26.64,-0.01,1,0,321.0,213.0,27.0,0.54,0.02,48.7,,,,,8.812
52.3,CARRY,26.17,0.0,-9.58,26.67,-0.01,1,0,321.5,211.5,28.5,0.57,0.03,49.1,,,,,8.875
52.35,CARRY,26.21,0.0,-9.58,26.69,-0.01,1,0,321.5,212.0,28.0,0.56,0.03,47.7,,,,,8.938
52.4,CARRY,26.21,0.0,-9.58,26.72,-0.01,1,0,321.5,210.5,29.5,0.59,0.03,49.0,,,,,9.0
52.45,CARRY,26.24,0.0,-9.58,26.74,-0.01,1,0,321.5,211.0,29.0,0.58,0.03,50.6,,,,,9.0
52.51,CARRY,26.24,0.0,-9.58,26.77,-0.01,1,0,321.5,209.5,30.5,0.61,0.03,49.1,,,,,9.062
52.56,CARRY,26.27,0.0,-9.58,26.79,-0.01,1,0,321.5,209.5,30.5,0.61,0.03,48.9,,,,,9.062
52.61,CARRY,26.27,0.0,-9.58,26.82,-0.01,1,0,321.5,208.5,31.5,0.63,0.03,48.3,,,,,9.125
52.66,CARRY,26.31,0.0,-9.58,26.84,-0.01,1,0,321.5,209.0,31.0,0.62,0.03,49.0,,,,,9.125
52.71,CARRY,26.31,0.0,-9.58,26.87,-0.01,1,0,322.0,207.5,32.6,0.65,0.04,48.1,,,,,9.125
52.76,CARRY,26.35,0.0,-9.58,26.89,-0.01,1,0,321.5,208.5,31.5,0.63,0.03,48.9,,,,,9.25
52.81,CARRY,26.35,0.0,-9.58,26.92,-0.01,1,0,322.0,207.0,33.1,0.66,0.04,48.1,,,,,9.188
52.86,CARRY,26.39,0.0,-9.58,26.94,-0.01,1,0,322.0,208.5,31.6,0.63,0.04,48.8,,,,,9.25
52.91,CARRY,26.39,0.0,-9.58,26.97,-0.01,1,0,322.0,206.5,33.6,0.67,0.04,48.0,,,,,9.25
52.96,CARRY,26.44,0.0,-9.58,26.99,-0.01,1,0,322.0,208.0,32.1,0.64,0.04,49.1,,,,,9.25
53.01,CARRY,26.44,0.0,-9.58,27.02,-0.01,1,0,322.0,206.5,33.6,0.67,0.04,49.4,,,,,9.25
53.06,CARRY,26.49,-0.0,-9.58,27.04,-0.01,1,0,322.0,208.5,31.6,0.63,0.04,50.3,,,,,9.312
53.11,CARRY,26.49,-0.0,-9.58,27.07,-0.01,1,0,322.0,206.5,33.6,0.67,0.04,47.8,,,,,9.375
53.16,CARRY,26.55,-0.0,-9.58,27.09,-0.01,1,0,322.0,209.0,31.1,0.62,0.04,49.1,,,,,9.375
53.21,CARRY,26.55,-0.0,-9.58,27.12,-0.01,1,0,322.0,207.0,33.1,0.66,0.04,48.9,,,,,9.375
53.26,CARRY,26.61,-0.0,-9.58,27.14,-0.01,1,0,322.0,209.5,30.6,0.61,0.04,49.8,,,,,9.438
53.31,CARRY,26.61,-0.0,-9.58,27.17,-0.01,1,0,322.0,207.5,32.6,0.65,0.04,47.6,,,,,9.438
53.36,CARRY,26.67,-0.0,-9.58,27.19,-0.01,1,0,322.0,209.5,30.6,0.61,0.04,48.9,,,,,9.438
53.41,CARRY,26.67,-0.0,-9.58,27.22,-0.01,1,0,322.0,208.0,32.1,0.64,0.04,48.3,,,,,9.5
53.46,CARRY,26.73,-0.01,-9.58,27.24,-0.01,1,0,322.0,210.0,30.1,0.6,0.04,48.9,,,,,9.375
53.51,CARRY,26.73,-0.01,-9.58,27.27,-0.01,1,0,322.0,208.5,31.6,0.63,0.04,50.2,,,,,9.438
53.56,CARRY,26.79,-0.01,-9.58,27.3,-0.01,1,0,322.0,210.5,29.6,0.59,0.04,50.0,,,,,9.312
53.61,CARRY,26.79,-0.01,-9.58,27.32,-0.01,1,0,322.0,209.0,31.1,0.62,0.04,47.3,,,,,9.438
53.66,CARRY,26.85,-0.01,-9.58,27.35,-0.01,1,0,322.0,211.5,28.6,0.57,0.04,50.1,,,,,9.375
53.71,CARRY,26.85,-0.01,-9.58,27.37,-0.01,1,0,322.0,209.5,30.6,0.61,0.04,47.5,,,,,9.438
53.76,CARRY,26.91,-0.01,-9.58,27.4,-0.01,1,0,322.0,211.5,28.6,0.57,0.04,51.3,,,,,9.375
53.82,CARRY,26.91,-0.01,-9.58,27.42,-0.01,1,0,322.0,210.5,29.6,0.59,0.04,48.0,,,,,9.438
53.87,CARRY,26.97,-0.01,-9.58,27.45,-0.01,1,0,322.0,212.5,27.6,0.55,0.04,49.8,,,,,9.312
53.92,CARRY,26.97,-0.01,-9.58,27.47,-0.01,1,0,322.0,211.0,29.1,0.58,0.04,48.3,,,,,9.375
53.97,CARRY,27.03,-0.01,-9.58,27.5,-0.01,1,0,322.0,213.0,27.1,0.54,0.04,50.0,,,,,9.312
54.02,CARRY,27.03,-0.01,-9.58,27.52,-0.01,1,0,322.0,211.5,28.6,0.57,0.04,50.7,,,,,9.375
54.07,CARRY,27.09,-0.01,-9.58,27.55,-0.01,1,0,322.0,213.5,26.6,0.53,0.04,50.3,,,,,9.312
54.12,CARRY,27.09,-0.01,-9.58,27.58,-0.01,1,0,322.0,212.0,28.1,0.56,0.04,49.4,,,,,9.375
54.17,CARRY,27.15,-0.01,-9.58,27.6,-0.01,1,0,322.0,214.0,26.1,0.52,0.04,50.0,,,,,9.375
54.22,CARRY,27.15,-0.01,-9.58,27.63,-0.01,1,0,322.0,212.5,27.6,0.55,0.04,49.0,,,,,9.438
54.27,CARRY,27.21,-0.01,-9.58,27.65,-0.01,1,0,322.0,214.5,25.6,0.51,0.04,51.0,,,,,9.375
54.32,CARRY,27.21,-0.01,-9.58,27.68,-0.01,1,0,322.0,213.0,27.1,0.54,0.04,50.5,,,,,9.375
54.38,CARRY,27.27,-0.01,-9.58,27.7,-0.01,1,0,322.0,215.0,25.1,0.5,0.04,51.1,,,,,9.375
54.43,CARRY,27.27,-0.01,-9.58,27.73,-0.01,1,0,322.0,213.5,26.6,0.53,0.04,49.3,,,,,9.375
54.48,CARRY,27.32,-0.02,-9.58,27.75,-0.01,1,0,322.0,215.5,24.6,0.49,0.04,50.9,,,,,9.375
54.53,CARRY,27.32,-0.02,-9.58,27.78,-0.01,1,0,322.5,213.5,26.6,0.53,0.05,48.4,,,,,9.438
54.58,CARRY,27.38,-0.02,-9.58,27.8,-0.01,1,0,322.0,215.5,24.6,0.49,0.04,51.4,,,,,9.5
54.63,CARRY,27.38,-0.02,-9.58,27.83,-0.01,1,0,322.5,214.0,26.1,0.52,0.05,49.3,,,,,9.438
54.68,CARRY,27.43,-0.02,-9.58,27.86,-0.01,1,0,322.0,215.5,24.6,0.49,0.04,48.8,,,,,9.438
54.73,CARRY,27.43,-0.02,-9.58,27.88,-0.01,1,0,322.5,214.5,25.6,0.51,0.05,49.0,,,,,9.375
54.78,CARRY,27.49,-0.02,-9.58,27.91,-0.01,1,0,322.0,255.5,15.6,-0.31,0.04,49.9,,,,,9.438
54.83,CARRY,27.49,-0.02,-9.58,27.93,-0.01,1,0,322.5,214.5,25.6,0.51,0.05,48.8,,,,,9.438
54.88,CARRY,27.54,-0.02,-9.58,27.96,-0.01,1,0,322.5,216.5,23.6,0.47,0.05,48.9,,,,,9.438
54.93,CARRY,27.54,-0.02,-9.58,27.98,-0.01,1,0,322.5,214.5,25.6,0.51,0.05,48.5,,,,,9.375
54.98,CARRY,27.6,-0.02,-9.58,28.01,-0.01,1,0,322.5,216.5,23.6,0.47,0.05,48.4,,,,,9.375
55.03,CARRY,27.6,-0.02,-9.58,28.03,-0.01,1,0,322.5,215.0,25.1,0.5,0.05,49.3,,,,,9.375
55.08,CARRY,27.65,-0.02,-9.58,28.06,-0.01,1,0,322.5,216.5,23.6,0.47,0.05,48.8,,,,,9.438
55.14,CARRY,27.65,-0.02,-9.58,28.08,-0.01,1,0,322.5,215.0,25.1,0.5,0.05,51.2,,,,,9.25
55.19,CARRY,27.7,-0.02,-9.58,28.11,-0.01,1,0,322.5,216.5,23.6,0.47,0.05,49.1,,,,,9.25
55.24,CARRY,27.7,-0.02,-9.58,28.13,-0.01,1,0,322.5,215.0,25.1,0.5,0.05,48.8,,,,,9.312
55.29,CARRY,27.75,-0.02,-9.58,28.16,-0.01,1,0,322.5,216.5,23.6,0.47,0.05,49.2,,,,,9.375
55.34,CARRY,27.75,-0.02,-9.58,28.18,-0.01,1,0,322.5,215.0,25.1,0.5,0.05,48.7,,,,,9.312
55.39,CARRY,27.8,-0.02,-9.58,28.21,-0.01,1,0,322.5,216.5,23.6,0.47,0.05,49.8,,,,,9.312
55.44,CARRY,27.8,-0.02,-9.58,28.23,-0.01,1,0,322.5,215.0,25.1,0.5,0.05,48.2,,,,,9.312
55.49,CARRY,27.85,-0.02,-9.58,28.26,-0.01,1,0,322.5,216.5,23.6,0.47,0.05,48.6,,,,,9.375
55.54,CARRY,27.85,-0.02,-9.58,28.28,-0.01,1,0,322.5,215.0,25.1,0.5,0.05,49.3,,,,,9.25
55.59,CARRY,27.9,-0.02,-9.58,28.31,-0.01,1,0,322.5,216.5,23.6,0.47,0.05,48.2,,,,,9.375
55.64,CARRY,27.9,-0.02,-9.58,28.33,-0.01,1,0,322.5,215.0,25.1,0.5,0.05,50.9,,,,,9.312
55.69,CARRY,27.95,-0.02,-9.58,28.36,-0.01,1,0,322.5,216.5,23.6,0.47,0.05,48.9,,,,,9.375
55.74,CARRY,28.0,-0.02,-9.58,28.38,-0.01,1,0,322.5,218.0,22.1,0.44,0.05,48.8,,,,,9.438
55.79,CARRY,28.0,-0.02,-9.58,28.41,-0.01,1,0,322.5,216.5,23.6,0.47,0.05,48.3,,,,,9.375
55.84,CARRY,28.0,-0.02,-9.58,28.44,-0.01,1,0,322.5,214.5,25.6,0.51,0.05,50.1,,,,,9.375
55.89,CARRY,28.05,-0.02,-9.58,28.46,-0.01,1,0,322.5,216.5,23.6,0.47,0.05,49.0,,,,,9.375
55.94,CARRY,28.05,-0.02,-9.58,28.49,-0.01,1,0,322.5,214.5,25.6,0.51,0.05,48.0,,,,,9.375
55.99,CARRY,28.1,-0.02,-9.58,28.51,-0.01,1,0,322.5,216.5,23.6,0.47,0.05,49.5,,,,,9.312
56.04,CARRY,28.15,-0.02,-9.58,28.54,-0.01,1,0,322.5,282.5,42.6,-0.85,0.05,48.7,,,,,9.312
56.09,CARRY,28.15,-0.02,-9.58,28.56,-0.01,1,0,322.5,216.0,24.1,0.48,0.05,49.0,,,,,9.375
56.14,CARRY,28.19,-0.02,-9.58,28.59,-0.01,1,0,322.0,286.5,46.5,-0.93,0.04,48.6,,,,,9.312
56.19,CARRY,28.19,-0.02,-9.58,28.61,-0.01,1,0,322.5,216.0,24.1,0.48,0.05,48.1,,,,,9.375
56.24,CARRY,28.24,-0.02,-9.58,28.64,-0.01,1,0,322.0,286.5,46.5,-0.93,0.04,48.6,,,,,9.312
56.29,CARRY,28.24,-0.02,-9.58,28.66,-0.01,1,0,322.5,216.0,24.1,0.48,0.05,47.9,,,,,9.438
56.34,CARRY,28.29,-0.02,-9.58,28.69,-0.01,1,0,322.0,217.5,22.6,0.45,0.04,49.6,,,,,9.438
56.39,CARRY,28.29,-0.02,-9.58,28.71,-0.01,1,0,322.5,215.5,24.6,0.49,0.05,48.5,,,,,9.375
56.44,CARRY,28.34,-0.02,-9.58,28.74,-0.01,1,0,322.0,286.0,46.0,-0.92,0.04,50.1,,,,,9.375
56.49,CARRY,28.34,-0.02,-9.58,28.76,-0.01,1,0,322.5,215.5,24.6,0.49,0.05,48.4,,,,,9.375
56.55,CARRY,28.38,-0.02,-9.58,28.79,-0.01,1,0,322.0,286.0,46.0,-0.92,0.04,48.5,,,,,9.438
56.6,CARRY,28.38,-0.02,-9.58,28.81,-0.01,1,0,322.5,215.0,25.1,0.5,0.05,48.6,,,,,9.375
56.65,CARRY,28.42,-0.02,-9.58,28.84,-0.01,1,0,322.0,216.5,23.6,0.47,0.04,51.0,,,,,9.375
56.7,CARRY,28.42,-0.02,-9.58,28.86,-0.01,1,0,322.0,214.5,25.6,0.51,0.04,48.8,,,,,9.312
56.75,CARRY,28.47,-0.02,-9.58,28.89,-0.01,1,0,322.0,215.5,24.6,0.49,0.04,51.4,,,,,9.312
56.8,CARRY,28.47,-0.02,-9.58,28.91,-0.01,1,0,322.0,214.5,25.6,0.51,0.04,48.3,,,,,9.25
56.85,CARRY,28.51,-0.01,-9.58,28.94,-0.01,1,0,322.0,215.5,24.6,0.49,0.04,50.7,,,,,9.188
56.9,CARRY,28.51,-0.01,-9.58,28.97,-0.01,1,0,322.0,213.5,26.6,0.53,0.04,48.2,,,,,9.125
56.95,CARRY,28.55,-0.01,-9.58,28.99,-0.01,1,0,322.0,215.0,25.1,0.5,0.04,48.5,,,,,9.0
57.0,CARRY,28.55,-0.01,-9.58,29.02,-0.01,1,0,322.0,213.5,26.6,0.53,0.04,48.2,,,,,9.0
57.05,CARRY,28.6,-0.01,-9.58,29.04,-0.01,1,0,322.0,214.5,25.6,0.51,0.04,48.8,,,,,8.938
57.1,CARRY,28.6,-0.01,-9.58,29.07,-0.01,1,0,322.0,213.0,27.1,0.54,0.04,48.0,,,,,8.875
57.15,CARRY,28.65,-0.01,-9.58,29.09,-0.01,1,0,322.0,214.5,25.6,0.51,0.04,48.6,,,,,8.938
57.2,CARRY,28.65,-0.01,-9.58,29.12,-0.01,1,0,322.0,213.0,27.1,0.54,0.04,47.9,,,,,8.875
57.25,CARRY,28.69,-0.01,-9.58,29.14,-0.01,1,0,322.0,214.5,25.6,0.51,0.04,49.4,,,,,8.875
57.3,CARRY,28.69,-0.01,-9.58,29.17,-0.01,1,0,322.0,212.5,27.6,0.55,0.04,48.1,,,,,8.812
57.35,CARRY,28.74,-0.01,-9.58,29.19,-0.01,1,0,322.0,214.0,26.1,0.52,0.04,48.6,,,,,8.812
57.4,CARRY,28.74,-0.01,-9.58,29.22,-0.01,1,0,322.0,212.5,27.6,0.55,0.04,47.8,,,,,8.75
57.45,CARRY,28.79,-0.01,-9.58,29.24,-0.01,1,0,322.0,214.0,26.1,0.52,0.04,49.8,,,,,8.812
57.5,CARRY,28.79,-0.01,-9.58,29.27,-0.01,1,0,322.0,212.5,27.6,0.55,0.04,47.9,,,,,8.75
57.55,CARRY,28.84,-0.01,-9.58,29.29,-0.01,1,0,322.0,214.0,26.1,0.52,0.04,50.0,,,,,8.75
57.6,CARRY,28.84,-0.01,-9.58,29.32,-0.01,1,0,322.0,212.5,27.6,0.55,0.04,48.3,,,,,8.688
57.65,CARRY,28.89,-0.01,-9.58,29.34,-0.01,1,0,322.0,214.0,26.1,0.52,0.04,49.0,,,,,8.688
57.7,CARRY,28.89,-0.01,-9.58,29.37,-0.01,1,0,322.0,212.5,27.6,0.55,0.04,48.1,,,,,8.625
57.75,CARRY,28.94,-0.01,-9.58,29.39,-0.01,1,0,322.0,214.0,26.1,0.52,0.04,49.0,,,,,8.688
57.8,CARRY,28.94,-0.01,-9.58,29.42,-0.01,1,0,322.0,212.5,27.6,0.55,0.04,48.5,,,,,8.562
57.85,CARRY,28.99,-0.01,-9.58,29.44,-0.01,1,0,322.0,214.0,26.1,0.52,0.04,49.3,,,,,8.625
57.9,CARRY,28.99,-0.01,-9.58,29.47,-0.01,1,0,322.0,212.5,27.6,0.55,0.04,48.3,,,,,8.562
57.95,CARRY,29.05,-0.01,-9.58,29.49,-0.01,1,0,322.0,214.5,25.6,0.51,0.04,50.1,,,,,8.625
58.01,CARRY,29.05,-0.01,-9.58,29.52,-0.01,1,0,322.0,212.5,27.6,0.55,0.04,47.7,,,,,8.625
58.06,CARRY,29.1,-0.01,-9.58,29.54,-0.01,1,0,322.0,214.5,25.6,0.51,0.04,51.0,,,,,8.625
58.11,CARRY,29.1,-0.01,-9.58,29.57,-0.01,1,0,322.0,213.0,27.1,0.54,0.04,48.1,,,,,8.562
58.16,CARRY,29.15,-0.01,-9.58,29.59,-0.01,1,0,322.0,214.5,25.6,0.51,0.04,49.1,,,,,8.562
58.21,CARRY,29.15,-0.01,-9.58,29.62,-0.01,1,0,322.0,213.0,27.1,0.54,0.04,47.8,,,,,8.562
58.26,CARRY,29.2,-0.01,-9.58,29.64,-0.01,1,0,322.0,214.5,25.6,0.51,0.04,50.1,,,,,8.562
58.31,CARRY,29.2,-0.01,-9.58,29.67,-0.01,1,0,322.0,213.5,26.6,0.53,0.04,49.0,,,,,8.562
58.36,CARRY,29.26,-0.01,-9.58,29.69,-0.01,1,0,322.0,214.5,25.6,0.51,0.04,49.7,,,,,8.5
58.41,CARRY,29.26,-0.01,-9.58,29.72,-0.01,1,0,322.0,213.5,26.6,0.53,0.04,48.8,,,,,8.562
58.46,CARRY,29.31,-0.01,-9.58,29.74,-0.01,1,0,322.0,215.0,25.1,0.5,0.04,48.6,,,,,8.625
58.51,CARRY,29.31,-0.01,-9.58,29.77,-0.01,1,0,322.0,213.5,26.6,0.53,0.04,48.0,,,,,8.625
58.56,CARRY,29.36,-0.01,-9.58,29.79,-0.01,1,0,322.0,215.0,25.1,0.5,0.04,48.7,,,,,8.625
58.61,CARRY,29.36,-0.01,-9.58,29.82,-0.01,1,0,322.0,213.5,26.6,0.53,0.04,47.9,,,,,8.688
58.66,CARRY,29.42,-0.01,-9.58,29.84,-0.01,1,0,322.0,215.5,24.6,0.49,0.04,48.8,,,,,8.625
58.71,CARRY,29.42,-0.01,-9.58,29.87,-0.01,1,0,322.0,213.5,26.6,0.53,0.04,47.4,,,,,8.625
58.76,CARRY,29.47,-0.01,-9.58,29.89,-0.01,1,0,322.0,215.5,24.6,0.49,0.04,50.3,,,,,8.625
58.81,CARRY,29.47,-0.01,-9.58,29.92,-0.01,1,0,322.0,214.0,26.1,0.52,0.04,48.0,,,,,8.625
58.86,CARRY,29.52,-0.01,-9.58,29.95,-0.01,1,0,322.0,215.5,24.6,0.49,0.04,49.1,,,,,8.562
58.91,CARRY,29.52,-0.01,-9.58,29.97,-0.01,1,0,322.0,214.0,26.1,0.52,0.04,50.1,,,,,8.562
58.96,CARRY,29.57,-0.01,-9.58,30.0,-0.01,1,0,322.0,215.5,24.6,0.49,0.04,49.2,,,,,8.625
59.01,CARRY,29.57,-0.01,-9.58,30.02,-0.01,1,0,322.0,214.0,26.1,0.52,0.04,47.5,,,,,8.625
59.06,CARRY,29.62,-0.01,-9.58,30.05,-0.01,1,0,322.0,215.5,24.6,0.49,0.04,50.1,,,,,8.688
59.11,CARRY,29.62,-0.01,-9.58,30.07,-0.01,1,0,322.0,214.0,26.1,0.52,0.04,48.2,,,,,8.75
59.16,CARRY,29.67,-0.01,-9.58,30.1,-0.01,1,0,322.0,216.0,24.1,0.48,0.04,49.7,,,,,8.812
59.22,CARRY,29.67,-0.01,-9.58,30.12,-0.01,1,0,322.0,215.5,24.6,0.49,0.04,48.8,,,,,8.875
59.27,CARRY,29.73,-0.01,-9.58,30.15,-0.01,1,0,322.0,217.5,22.6,0.45,0.04,49.7,,,,,8.875
59.32,CARRY,29.73,-0.01,-9.58,30.17,-0.01,1,0,322.0,217.5,22.6,0.45,0.04,49.3,,,,,8.812
59.37,CARRY,29.78,-0.01,-9.58,30.2,-0.01,1,0,322.0,219.5,20.6,0.41,0.04,48.7,,,,,8.938
59.42,CARRY,29.78,-0.01,-9.58,30.22,-0.01,1,0,322.0,219.0,21.1,0.42,0.04,50.6,,,,,8.875
59.47,CARRY,29.83,-0.01,-9.58,30.25,-0.01,1,0,322.0,221.0,19.1,0.38,0.04,50.4,,,,,9.0
59.52,CARRY,29.83,-0.01,-9.58,30.27,-0.01,1,0,322.0,220.5,19.6,0.39,0.04,47.7,,,,,8.938
59.57,CARRY,29.88,-0.01,-9.58,30.3,-0.01,1,0,322.0,222.5,17.6,0.35,0.04,48.7,,,,,8.938
59.62,CARRY,29.88,-0.01,-9.58,30.32,-0.01,1,0,322.0,222.0,18.1,0.36,0.04,48.2,,,,,8.938
59.67,CARRY,29.93,-0.01,-9.58,30.35,-0.01,1,0,322.0,224.0,16.1,0.32,0.04,48.8,,,,,8.938
59.72,CARRY,29.93,-0.01,-9.58,30.37,-0.01,1,0,322.0,223.0,17.1,0.34,0.04,48.1,,,,,8.938
59.77,CARRY,29.97,-0.01,-9.58,30.4,-0.01,1,0,322.0,225.5,14.6,0.29,0.04,48.9,,,,,8.938
59.82,CARRY,29.97,-0.01,-9.58,30.42,-0.01,1,0,322.0,224.5,15.6,0.31,0.04,48.1,,,,,8.875
59.87,CARRY,30.02,-0.01,-9.58,30.45,-0.01,1,0,322.0,226.0,14.1,0.28,0.04,48.8,,,,,8.938
59.92,CARRY,30.02,-0.01,-9.58,30.47,-0.01,1,0,322.0,225.5,14.6,0.29,0.04,48.1,,,,,8.875
59.97,CARRY,30.06,-0.01,-9.58,30.5,-0.01,1,0,322.0,227.5,12.7,0.25,0.04,49.0,,,,,8.875
60.02,CARRY,30.06,-0.01,-9.58,30.52,-0.01,1,0,322.0,227.0,13.2,0.26,0.04,47.9,,,,,8.875
60.07,CARRY,30.1,-0.01,-9.58,30.55,-0.01,1,0,322.0,228.0,12.2,0.24,0.04,48.6,,,,,8.938
60.12,CARRY,30.1,-0.01,-9.58,30.57,-0.01,1,0,322.0,227.5,12.7,0.25,0.04,48.0,,,,,8.938
60.17,CARRY,30.14,-0.01,-9.58,30.6,-0.01,1,0,322.0,195.5,44.5,0.89,0.04,48.6,,,,,8.875
60.22,CARRY,30.14,-0.01,-9.58,30.62,-0.01,1,0,322.0,212.0,28.1,0.56,0.04,48.1,,,,,8.75
60.27,CARRY,30.17,-0.01,-9.58,30.65,-0.01,1,0,322.0,212.5,27.6,0.55,0.04,48.6,,,,,8.938
60.32,CARRY,30.17,-0.01,-9.58,30.67,-0.01,1,0,322.0,211.0,29.1,0.58,0.04,48.1,,,,,8.938
60.37,CARRY,30.21,-0.01,-9.58,30.7,-0.01,1,0,322.0,211.5,28.6,0.57,0.04,48.6,,,,,9.0
60.42,CARRY,30.21,-0.01,-9.58,30.72,-0.01,1,0,322.0,210.5,29.6,0.59,0.04,48.2,,,,,9.0
60.47,CARRY,30.24,-0.01,-9.58,30.75,-0.01,1,0,322.0,210.5,29.6,0.59,0.04,49.3,,,,,9.0
60.52,CARRY,30.24,-0.01,-9.58,30.78,-0.01,1,0,322.0,209.5,30.6,0.61,0.04,48.4,,,,,9.062
60.57,CARRY,30.28,-0.0,-9.58,30.8,-0.01,1,0,322.0,210.0,30.1,0.6,0.04,48.6,,,,,9.062
60.62,CARRY,30.28,-0.0,-9.58,30.83,-0.01,1,0,322.0,208.5,31.6,0.63,0.04,47.9,,,,,9.125
60.67,CARRY,30.32,-0.0,-9.58,30.85,-0.01,1,0,322.0,209.5,30.6,0.61,0.04,48.9,,,,,9.125
60.72,CARRY,30.32,-0.0,-9.58,30.88,-0.01,1,0,322.0,207.5,32.6,0.65,0.04,48.0,,,,,9.188
60.77,CARRY,30.36,-0.0,-9.58,30.9,-0.01,1,0,322.0,209.0,31.1,0.62,0.04,48.7,,,,,9.188
60.82,CARRY,30.36,-0.0,-9.58,30.93,-0.01,1,0,322.0,207.5,32.6,0.65,0.04,48.0,,,,,9.188
60.87,CARRY,30.41,-0.0,-9.58,30.95,-0.01,1,0,322.0,208.5,31.6,0.63,0.04,48.8,,,,,9.188
60.92,CARRY,30.41,-0.0,-9.58,30.98,-0.01,1,0,322.0,207.5,32.6,0.65,0.04,48.0,,,,,9.25
60.97,CARRY,30.46,-0.01,-9.58,31.0,-0.01,1,0,322.0,208.5,31.6,0.63,0.04,48.8,,,,,9.25
61.02,CARRY,30.46,-0.01,-9.58,31.03,-0.01,1,0,322.0,207.5,32.6,0.65,0.04,48.9,,,,,9.25
61.07,CARRY,30.51,-0.01,-9.58,31.05,-0.01,1,0,322.0,209.0,31.1,0.62,0.04,49.6,,,,,9.25
61.12,CARRY,30.51,-0.01,-9.58,31.08,-0.01,1,0,322.0,207.5,32.6,0.65,0.04,48.0,,,,,9.312
61.17,CARRY,30.57,-0.01,-9.58,31.1,-0.01,1,0,322.0,209.5,30.6,0.61,0.04,48.0,,,,,9.188
61.22,CARRY,30.57,-0.01,-9.58,31.13,-0.01,1,0,322.0,208.0,32.1,0.64,0.04,48.4,,,,,9.25
61.27,CARRY,30.63,-0.01,-9.58,31.15,-0.01,1,0,322.0,209.5,30.6,0.61,0.04,50.5,,,,,9.25
61.32,CARRY,30.63,-0.01,-9.58,31.18,-0.01,1,0,322.0,208.5,31.6,0.63,0.04,48.4,,,,,9.312
61.37,CARRY,30.69,-0.01,-9.58,31.2,-0.01,1,0,322.0,210.5,29.6,0.59,0.04,50.9,,,,,9.188
61.43,CARRY,30.69,-0.01,-9.58,31.23,-0.01,1,0,322.0,208.5,31.6,0.63,0.04,48.1,,,,,9.312
61.48,CARRY,30.75,-0.01,-9.58,31.25,-0.01,1,0,322.0,211.0,29.1,0.58,0.04,49.6,,,,,9.188
61.53,CARRY,30.75,-0.01,-9.58,31.28,-0.01,1,0,322.0,209.5,30.6,0.61,0.04,48.1,,,,,9.25
61.58,CARRY,30.81,-0.01,-9.58,31.3,-0.01,1,0,322.0,211.5,28.6,0.57,0.04,49.5,,,,,9.188
61.63,CARRY,30.81,-0.01,-9.58,31.33,-0.01,1,0,322.0,210.0,30.1,0.6,0.04,49.3,,,,,9.188
61.68,CARRY,30.87,-0.01,-9.58,31.35,-0.01,1,0,322.0,212.0,28.1,0.56,0.04,49.9,,,,,9.188
61.73,CARRY,30.87,-0.01,-9.58,31.38,-0.01,1,0,322.0,210.5,29.6,0.59,0.04,47.8,,,,,9.188
61.78,CARRY,30.93,-0.01,-9.58,31.4,-0.01,1,0,322.0,212.5,27.6,0.55,0.04,48.8,,,,,9.188
61.83,CARRY,30.93,-0.01,-9.58,31.43,-0.01,1,0,322.0,211.5,28.6,0.57,0.04,48.0,,,,,9.25
61.88,CARRY,30.99,-0.01,-9.58,31.45,-0.01,1,0,322.0,213.5,26.6,0.53,0.04,48.9,,,,,9.125
61.93,CARRY,30.99,-0.01,-9.58,31.48,-0.01,1,0,322.0,212.0,28.1,0.56,0.04,48.1,,,,,9.25
61.98,CARRY,31.05,-0.01,-9.58,31.5,-0.01,1,0,322.0,214.0,26.1,0.52,0.04,48.8,,,,,9.188
62.03,CARRY,31.05,-0.01,-9.58,31.53,-0.01,1,0,322.0,212.5,27.6,0.55,0.04,47.9,,,,,9.25
62.08,CARRY,31.11,-0.01,-9.58,31.55,-0.01,1,0,322.0,214.5,25.6,0.51,0.04,51.0,,,,,9.25
62.13,CARRY,31.11,-0.01,-9.58,31.58,-0.01,1,0,322.0,213.0,27.1,0.54,0.04,48.2,,,,,9.25
62.18,CARRY,31.17,-0.01,-9.58,31.61,-0.01,1,0,322.0,215.0,25.1,0.5,0.04,48.7,,,,,9.25
62.23,CARRY,31.17,-0.01,-9.58,31.63,-0.01,1,0,322.0,213.5,26.6,0.53,0.04,48.0,,,,,9.312
62.28,CARRY,31.23,-0.02,-9.58,31.66,-0.01,1,0,322.0,215.5,24.6,0.49,0.04,48.6,,,,,9.312
62.33,CARRY,31.23,-0.02,-9.58,31.68,-0.01,1,0,322.0,214.0,26.1,0.52,0.04,49.3,,,,,9.312
62.38,CARRY,31.28,-0.02,-9.58,31.71,-0.01,1,0,322.0,215.5,24.6,0.49,0.04,49.6,,,,,9.375
62.43,CARRY,31.28,-0.02,-9.58,31.73,-0.01,1,0,322.0,214.5,25.6,0.51,0.04,50.2,,,,,9.312
62.48,CARRY,31.34,-0.02,-9.58,31.76,-0.01,1,0,322.0,216.0,24.1,0.48,0.04,49.0,,,,,9.375
62.53,CARRY,31.34,-0.02,-9.58,31.78,-0.01,1,0,322.0,214.5,25.6,0.51,0.04,49.7,,,,,9.312
62.58,CARRY,31.39,-0.02,-9.58,31.81,-0.01,1,0,322.0,216.5,23.6,0.47,0.04,50.1,,,,,9.438
62.64,CARRY,31.39,-0.02,-9.58,31.83,-0.01,1,0,322.0,214.5,25.6,0.51,0.04,49.2,,,,,9.375
62.69,CARRY,31.45,-0.02,-9.58,31.86,-0.01,1,0,322.0,216.5,23.6,0.47,0.04,50.2,,,,,9.375
62.74,CARRY,31.45,-0.02,-9.58,31.88,-0.01,1,0,322.0,215.0,25.1,0.5,0.04,48.5,,,,,9.312
62.79,CARRY,31.5,-0.02,-9.58,31.91,-0.01,1,0,322.0,216.5,23.6,0.47,0.04,48.5,,,,,9.312
62.84,CARRY,31.5,-0.02,-9.58,31.93,-0.01,1,0,322.0,215.5,24.6,0.49,0.04,48.2,,,,,9.312
62.89,CARRY,31.55,-0.02,-9.58,31.96,-0.01,1,0,322.0,270.5,30.6,-0.61,0.04,48.7,,,,,9.25
62.94,CARRY,31.55,-0.02,-9.58,31.98,-0.01,1,0,322.0,215.5,24.6,0.49,0.04,48.4,,,,,9.375
62.99,CARRY,31.61,-0.02,-9.58,32.01,-0.01,1,0,322.0,216.5,23.6,0.47,0.04,48.6,,,,,9.312
63.04,CARRY,31.61,-0.02,-9.58,32.03,-0.01,1,0,322.5,215.5,24.6,0.49,0.05,51.1,,,,,9.25
63.09,CARRY,31.66,-0.02,-9.58,32.06,-0.01,1,0,322.0,216.5,23.6,0.47,0.04,51.3,,,,,9.312
63.14,CARRY,31.71,-0.02,-9.58,32.09,-0.01,1,0,322.0,218.5,21.6,0.43,0.04,50.8,,,,,9.188
63.19,CARRY,31.71,-0.02,-9.58,32.11,-0.01,1,0,322.5,216.5,23.6,0.47,0.05,49.6,,,,,9.188
63.24,CARRY,31.75,-0.02,-9.58,32.14,-0.01,1,0,322.0,252.5,12.7,-0.25,0.04,50.2,,,,,9.188
63.3,CARRY,31.75,-0.02,-9.58,32.16,-0.01,1,0,322.5,216.5,23.6,0.47,0.05,52.0,,,,,9.375
63.35,CARRY,31.8,-0.02,-9.58,32.19,-0.01,1,0,322.5,217.5,22.6,0.45,0.05,51.3,,,,,9.312
63.4,CARRY,31.8,-0.02,-9.58,32.21,-0.01,1,0,322.5,216.5,23.6,0.47,0.05,49.6,,,,,9.312
63.45,CARRY,31.85,-0.02,-9.58,32.24,-0.01,1,0,322.5,218.0,22.1,0.44,0.05,49.7,,,,,9.375
63.5,CARRY,31.85,-0.02,-9.58,32.27,-0.01,1,0,322.5,216.0,24.1,0.48,0.05,49.0,,,,,9.375
63.55,CARRY,31.9,-0.02,-9.58,32.29,-0.01,1,0,322.5,217.5,22.6,0.45,0.05,50.0,,,,,9.438
63.6,CARRY,31.9,-0.02,-9.58,32.32,-0.01,1,0,322.5,216.0,24.1,0.48,0.05,49.3,,,,,9.438
63.65,CARRY,31.94,-0.02,-9.58,32.34,-0.01,1,0,322.5,217.0,23.1,0.46,0.05,49.4,,,,,9.438
63.7,CARRY,31.94,-0.02,-9.58,32.37,-0.01,1,0,322.5,215.5,24.6,0.49,0.05,49.6,,,,,9.438
63.75,CARRY,31.99,-0.02,-9.58,32.39,-0.01,1,0,322.5,216.5,23.6,0.47,0.05,50.8,,,,,9.438
63.81,CARRY,31.99,-0.02,-9.58,32.42,-0.01,1,0,322.5,215.5,24.6,0.49,0.05,48.0,,,,,9.438
63.86,CARRY,32.03,-0.02,-9.58,32.44,-0.01,1,0,322.5,216.5,23.6,0.47,0.05,50.1,,,,,9.438
63.91,CARRY,32.03,-0.02,-9.58,32.47,-0.01,1,0,322.5,215.0,25.1,0.5,0.05,49.7,,,,,9.438
63.96,CARRY,32.08,-0.02,-9.58,32.49,-0.01,1,0,322.5,216.5,23.6,0.47,0.05,49.3,,,,,9.438
64.01,CARRY,32.08,-0.02,-9.58,32.52,-0.01,1,0,322.5,214.5,25.6,0.51,0.05,48.7,,,,,9.438
64.06,CARRY,32.13,-0.02,-9.58,32.54,-0.01,1,0,322.5,216.0,24.1,0.48,0.05,49.2,,,,,9.438
64.11,CARRY,32.13,-0.02,-9.58,32.57,-0.01,1,0,322.5,214.5,25.6,0.51,0.05,48.4,,,,,9.375
64.16,CARRY,32.17,-0.02,-9.58,32.59,-0.01,1,0,322.5,215.5,24.6,0.49,0.05,51.0,,,,,9.438
64.21,CARRY,32.17,-0.02,-9.58,32.62,-0.01,1,0,322.5,277.5,37.6,-0.75,0.05,49.1,,,,,9.375
64.26,CARRY,32.22,-0.02,-9.58,32.64,-0.01,1,0,322.5,215.5,24.6,0.49,0.05,50.2,,,,,9.375
64.31,CARRY,32.22,-0.02,-9.58,32.67,-0.01,1,0,322.5,280.5,40.6,-0.81,0.05,50.1,,,,,9.438
64.36,CARRY,32.27,-0.02,-9.58,32.7,-0.01,1,0,322.0,215.5,24.6,0.49,0.04,50.9,,,,,9.375
64.41,CARRY,32.27,-0.02,-9.58,32.72,-0.01,1,0,322.5,214.0,26.1,0.52,0.05,49.0,,,,,9.438
64.46,CARRY,32.32,-0.02,-9.58,32.75,-0.01,1,0,322.0,285.5,45.5,-0.91,0.04,50.7,,,,,9.438
64.52,CARRY,32.32,-0.02,-9.58,32.77,-0.01,1,0,322.5,213.5,26.6,0.53,0.05,49.0,,,,,9.5
64.57,CARRY,32.36,-0.02,-9.58,32.8,-0.01,1,0,322.0,285.0,45.0,-0.9,0.04,49.7,,,,,9.375
64.62,CARRY,32.36,-0.02,-9.58,32.82,-0.01,1,0,322.5,213.5,26.6,0.53,0.05,50.1,,,,,9.5
64.67,CARRY,32.41,-0.02,-9.58,32.85,-0.01,1,0,322.0,214.5,25.6,0.51,0.04,50.5,,,,,9.375
64.72,CARRY,32.41,-0.02,-9.58,32.87,-0.01,1,0,322.5,277.0,37.1,-0.74,0.05,48.7,,,,,9.438
64.77,CARRY,32.46,-0.01,-9.58,32.9,-0.01,1,0,322.0,285.0,45.0,-0.9,0.04,52.2,,,,,9.438
64.82,CARRY,32.46,-0.01,-9.58,32.93,-0.01,1,0,322.5,213.0,27.1,0.54,0.05,49.7,,,,,9.375
64.87,CARRY,32.5,-0.01,-9.58,32.95,-0.01,1,0,322.0,214.5,25.6,0.51,0.04,50.2,,,,,9.375
64.93,CARRY,32.5,-0.01,-9.58,32.98,-0.01,1,0,322.0,212.5,27.6,0.55,0.04,48.3,,,,,9.375
64.98,CARRY,32.55,-0.01,-9.58,33.0,-0.01,1,0,322.0,214.0,26.1,0.52,0.04,48.4,,,,,9.375
65.03,CARRY,32.55,-0.01,-9.58,33.03,-0.01,1,0,322.0,212.5,27.6,0.55,0.04,50.7,,,,,9.312
65.08,CARRY,32.6,-0.01,-9.58,33.05,-0.01,1,0,322.0,213.5,26.6,0.53,0.04,49.6,,,,,9.312
65.13,CARRY,32.6,-0.01,-9.58,33.08,-0.01,1,0,322.0,212.0,28.1,0.56,0.04,48.0,,,,,9.25
65.18,CARRY,32.64,-0.01,-9.58,33.1,-0.01,1,0,322.0,213.5,26.6,0.53,0.04,49.9,,,,,9.25
65.23,CARRY,32.64,-0.01,-9.58,33.13,-0.01,1,0,322.0,211.5,28.6,0.57,0.04,50.0,,,,,9.188
65.28,CARRY,32.68,-0.01,-9.58,33.15,-0.01,1,0,322.0,213.0,27.1,0.54,0.04,50.0,,,,,9.188
65.33,CARRY,32.68,-0.01,-9.58,33.18,-0.01,1,0,322.0,211.5,28.6,0.57,0.04,50.9,,,,,9.25
65.38,CARRY,32.73,-0.01,-9.58,33.21,-0.01,1,0,322.0,212.5,27.6,0.55,0.04,50.7,,,,,9.125
65.43,CARRY,32.73,-0.01,-9.58,33.23,-0.01,1,0,322.0,211.0,29.1,0.58,0.04,48.8,,,,,9.125
65.48,CARRY,32.78,-0.01,-9.58,33.26,-0.01,1,0,322.0,212.5,27.6,0.55,0.04,49.1,,,,,9.125
65.53,CARRY,32.78,-0.01,-9.58,33.28,-0.01,1,0,322.0,211.0,29.1,0.58,0.04,48.8,,,,,9.125
65.58,CARRY,32.83,-0.01,-9.58,33.31,-0.01,1,0,322.0,212.5,27.6,0.55,0.04,49.5,,,,,9.062
65.64,CARRY,32.83,-0.01,-9.58,33.33,-0.01,1,0,322.0,211.0,29.1,0.58,0.04,48.6,,,,,9.062
65.69,CARRY,32.88,-0.01,-9.58,33.36,-0.01,1,0,322.0,212.5,27.6,0.55,0.04,51.3,,,,,9.0
65.74,CARRY,32.88,-0.01,-9.58,33.38,-0.01,1,0,322.0,211.0,29.1,0.58,0.04,49.6,,,,,8.938
65.79,CARRY,32.93,-0.01,-9.58,33.41,-0.01,1,0,322.0,212.5,27.6,0.55,0.04,49.5,,,,,8.938
65.84,CARRY,32.93,-0.01,-9.58,33.43,-0.01,1,0,322.0,211.0,29.1,0.58,0.04,48.8,,,,,8.938
65.89,CARRY,32.98,-0.01,-9.58,33.46,-0.01,1,0,322.0,212.5,27.6,0.55,0.04,50.7,,,,,8.812
65.94,CARRY,32.98,-0.01,-9.58,33.48,-0.01,1,0,322.0,211.0,29.1,0.58,0.04,48.3,,,,,8.875
65.99,CARRY,33.04,-0.01,-9.58,33.51,-0.01,1,0,322.0,212.5,27.6,0.55,0.04,49.4,,,,,8.812
66.04,CARRY,33.09,-0.01,-9.58,33.53,-0.01,1,0,322.0,214.5,25.6,0.51,0.04,50.7,,,,,8.812
66.09,CARRY,33.09,-0.01,-9.58,33.56,-0.01,1,0,322.0,213.0,27.1,0.54,0.04,50.0,,,,,8.812
66.14,CARRY,33.15,-0.01,-9.58,33.59,-0.01,1,0,322.0,214.5,25.6,0.51,0.04,49.3,,,,,8.688
66.19,CARRY,33.15,-0.01,-9.58,33.61,-0.01,1,0,322.0,213.5,26.6,0.53,0.04,48.9,,,,,8.75
66.24,CARRY,33.2,-0.01,-9.58,33.64,-0.01,1,0,322.0,215.0,25.1,0.5,0.04,50.0,,,,,8.812
66.3,CARRY,33.2,-0.01,-9.58,33.66,-0.01,1,0,322.0,213.5,26.6,0.53,0.04,48.5,,,,,8.812
66.35,CARRY,33.26,-0.01,-9.58,33.69,-0.01,1,0,322.0,215.5,24.6,0.49,0.04,51.5,,,,,8.812
66.4,CARRY,33.26,-0.01,-9.58,33.71,-0.01,1,0,322.0,213.5,26.6,0.53,0.04,50.6,,,,,8.812
66.45,CARRY,33.31,-0.01,-9.58,33.74,-0.01,1,0,322.0,215.5,24.6,0.49,0.04,51.0,,,,,8.875
66.5,CARRY,33.31,-0.01,-9.58,33.77,-0.01,1,0,322.0,214.0,26.1,0.52,0.04,48.7,,,,,8.875
66.55,CARRY,33.37,-0.01,-9.58,33.79,-0.01,1,0,322.0,215.5,24.6,0.49,0.04,49.5,,,,,8.812
66.6,CARRY,33.37,-0.01,-9.58,33.82,-0.01,1,0,322.0,214.0,26.1,0.52,0.04,49.4,,,,,8.875
66.65,CARRY,33.42,-0.01,-9.58,33.84,-0.01,1,0,321.5,215.5,24.5,0.49,0.03,49.9,,,,,8.812
66.7,CARRY,33.42,-0.01,-9.58,33.87,-0.01,1,0,322.0,214.5,25.6,0.51,0.04,48.3,,,,,8.812
66.75,CARRY,33.47,-0.01,-9.58,33.89,-0.01,1,0,322.0,216.0,24.1,0.48,0.04,49.2,,,,,8.812
66.8,CARRY,33.47,-0.01,-9.58,33.92,-0.01,1,0,322.0,214.5,25.6,0.51,0.04,48.4,,,,,8.812
66.85,CARRY,33.53,-0.01,-9.58,33.94,-0.01,1,0,321.5,216.0,24.0,0.48,0.03,49.1,,,,,8.875
66.9,CARRY,33.53,-0.01,-9.58,33.97,-0.01,1,0,322.0,214.5,25.6,0.51,0.04,49.0,,,,,8.75
66.95,CARRY,33.58,-0.01,-9.58,33.99,-0.01,1,0,322.0,216.0,24.1,0.48,0.04,49.2,,,,,8.875
67.0,CARRY,33.58,-0.01,-9.58,34.02,-0.01,1,0,322.0,214.5,25.6,0.51,0.04,48.9,,,,,8.75
67.05,CARRY,33.63,-0.01,-9.58,34.04,-0.01,1,0,321.5,216.5,23.5,0.47,0.03,49.2,,,,,8.938
67.1,CARRY,33.63,-0.01,-9.58,34.07,-0.01,1,0,322.0,214.5,25.6,0.51,0.04,47.4,,,,,8.875
67.15,CARRY,33.68,-0.01,-9.58,34.09,-0.01,1,0,322.0,217.0,23.1,0.46,0.04,50.0,,,,,9.0
67.2,CARRY,33.68,-0.01,-9.58,34.12,-0.01,1,0,322.0,214.5,25.6,0.51,0.04,50.0,,,,,9.0
67.26,CARRY,33.73,-0.01,-9.58,34.14,-0.01,1,0,322.0,218.5,21.6,0.43,0.04,48.6,,,,,9.062
67.31,CARRY,33.73,-0.01,-9.58,34.17,-0.01,1,0,322.0,217.5,22.6,0.45,0.04,48.0,,,,,8.938
67.36,CARRY,33.78,-0.01,-9.58,34.19,-0.01,1,0,322.0,220.0,20.1,0.4,0.04,49.1,,,,,9.125
67.41,CARRY,33.78,-0.01,-9.58,34.22,-0.01,1,0,322.0,219.0,21.1,0.42,0.04,47.2,,,,,8.938
67.46,CARRY,33.83,-0.01,-9.58,34.24,-0.01,1,0,322.0,221.5,18.6,0.37,0.04,50.5,,,,,9.125
67.51,CARRY,33.83,-0.01,-9.58,34.27,-0.01,1,0,322.0,220.5,19.6,0.39,0.04,48.9,,,,,9.0
67.56,CARRY,33.88,-0.01,-9.58,34.29,-0.01,1,0,322.0,222.5,17.6,0.35,0.04,48.6,,,,,9.062
67.61,CARRY,33.88,-0.01,-9.58,34.32,-0.01,1,0,322.0,222.0,18.1,0.36,0.04,48.0,,,,,9.0
67.66,CARRY,33.93,-0.01,-9.58,34.34,-0.01,1,0,322.0,224.0,16.1,0.32,0.04,49.8,,,,,9.0
67.71,CARRY,33.93,-0.01,-9.58,34.37,-0.01,1,0,322.0,223.5,16.6,0.33,0.04,48.0,,,,,8.938
67.76,CARRY,33.97,-0.01,-9.58,34.39,-0.01,1,0,322.0,225.5,14.6,0.29,0.04,49.7,,,,,9.062
67.81,CARRY,33.97,-0.01,-9.58,34.42,-0.01,1,0,322.0,225.0,15.1,0.3,0.04,48.2,,,,,9.0
67.86,CARRY,34.02,-0.01,-9.58,34.44,-0.01,1,0,322.0,227.0,13.2,0.26,0.04,48.6,,,,,9.062
67.91,CARRY,34.02,-0.01,-9.58,34.47,-0.01,1,0,322.0,226.0,14.1,0.28,0.04,49.1,,,,,9.062
67.96,CARRY,34.06,-0.01,-9.58,34.49,-0.01,1,0,322.0,227.5,12.7,0.25,0.04,48.6,,,,,9.062
68.01,CARRY,34.06,-0.01,-9.58,34.52,-0.01,1,0,322.0,227.0,13.2,0.26,0.04,48.4,,,,,9.062
68.06,CARRY,34.1,-0.01,-9.58,34.54,-0.01,1,0,322.0,228.5,11.7,0.23,0.04,50.3,,,,,9.062
68.11,CARRY,34.1,-0.01,-9.58,34.57,-0.01,1,0,322.0,193.0,47.0,0.94,0.04,48.2,,,,,9.062
68.16,CARRY,34.14,-0.01,-9.58,34.6,-0.01,1,0,322.0,213.5,26.6,0.53,0.04,48.6,,,,,9.0
68.21,CARRY,34.14,-0.01,-9.58,34.62,-0.01,1,0,322.0,212.0,28.1,0.56,0.04,48.3,,,,,9.0
68.26,CARRY,34.17,-0.01,-9.58,34.65,-0.01,1,0,322.0,212.5,27.6,0.55,0.04,48.6,,,,,9.062
68.31,CARRY,34.17,-0.01,-9.58,34.67,-0.01,1,0,322.0,211.5,28.6,0.57,0.04,48.2,,,,,9.062
68.36,CARRY,34.21,-0.01,-9.58,34.7,-0.01,1,0,322.0,211.5,28.6,0.57,0.04,48.4,,,,,9.125
68.41,CARRY,34.21,-0.01,-9.58,34.72,-0.01,1,0,322.0,210.5,29.6,0.59,0.04,50.2,,,,,9.125
68.46,CARRY,34.24,-0.01,-9.58,34.75,-0.01,1,0,322.0,210.5,29.6,0.59,0.04,49.5,,,,,9.188
68.51,CARRY,34.24,-0.01,-9.58,34.77,-0.01,1,0,322.0,209.5,30.6,0.61,0.04,49.6,,,,,9.188
68.56,CARRY,34.28,-0.0,-9.58,34.8,-0.01,1,0,322.0,210.5,29.6,0.59,0.04,51.0,,,,,9.188
68.62,CARRY,34.28,-0.0,-9.58,34.82,-0.01,1,0,322.0,208.5,31.6,0.63,0.04,49.0,,,,,9.25
68.67,CARRY,34.32,-0.0,-9.58,34.85,-0.01,1,0,322.0,209.5,30.6,0.61,0.04,49.4,,,,,9.188
68.72,CARRY,34.32,-0.0,-9.58,34.87,-0.01,1,0,322.0,208.5,31.6,0.63,0.04,49.3,,,,,9.25
68.77,CARRY,34.37,-0.0,-9.58,34.9,-0.01,1,0,322.0,209.5,30.6,0.61,0.04,48.3,,,,,9.25
68.82,CARRY,34.37,-0.0,-9.58,34.92,-0.01,1,0,322.0,208.0,32.1,0.64,0.04,48.2,,,,,9.312
68.87,CARRY,34.42,-0.0,-9.58,34.95,-0.01,1,0,322.0,209.5,30.6,0.61,0.04,48.8,,,,,9.25
68.92,CARRY,34.42,-0.0,-9.58,34.97,-0.01,1,0,322.0,207.5,32.6,0.65,0.04,48.1,,,,,9.375
68.97,CARRY,34.47,-0.0,-9.58,35.0,-0.01,1,0,322.0,209.5,30.6,0.61,0.04,48.8,,,,,9.25
69.02,CARRY,34.47,-0.0,-9.58,35.02,-0.01,1,0,322.0,207.5,32.6,0.65,0.04,49.0,,,,,9.312
69.07,CARRY,34.52,-0.0,-9.58,35.05,-0.01,1,0,322.0,209.5,30.6,0.61,0.04,48.9,,,,,9.312
69.12,CARRY,34.52,-0.0,-9.58,35.07,-0.01,1,0,322.0,208.0,32.1,0.64,0.04,49.1,,,,,9.375
69.17,CARRY,34.58,-0.01,-9.58,35.1,-0.01,1,0,322.0,209.5,30.6,0.61,0.04,50.3,,,,,9.312
69.22,CARRY,34.58,-0.01,-9.58,35.12,-0.01,1,0,322.0,208.5,31.6,0.63,0.04,49.5,,,,,9.375
69.27,CARRY,34.63,-0.01,-9.58,35.15,-0.01,1,0,322.0,210.5,29.6,0.59,0.04,50.5,,,,,9.375
69.32,CARRY,34.63,-0.01,-9.58,35.17,-0.01,1,0,322.0,208.5,31.6,0.63,0.04,49.1,,,,,9.375
69.37,CARRY,34.69,-0.01,-9.58,35.2,-0.01,1,0,322.0,210.5,29.6,0.59,0.04,48.4,,,,,9.25
69.42,CARRY,34.69,-0.01,-9.58,35.22,-0.01,1,0,322.0,209.5,30.6,0.61,0.04,48.3,,,,,9.25
69.47,CARRY,34.75,-0.01,-9.58,35.25,-0.01,1,0,322.0,211.0,29.1,0.58,0.04,48.8,,,,,9.25
69.52,CARRY,34.75,-0.01,-9.58,35.27,-0.01,1,0,322.0,209.5,30.6,0.61,0.04,48.1,,,,,9.25
69.57,CARRY,34.81,-0.01,-9.58,35.3,-0.01,1,0,322.0,211.5,28.6,0.57,0.04,50.1,,,,,9.25
69.62,CARRY,34.81,-0.01,-9.58,35.33,-0.01,1,0,322.0,210.5,29.6,0.59,0.04,49.2,,,,,9.312
69.67,CARRY,34.87,-0.01,-9.58,35.35,-0.01,1,0,322.0,212.5,27.6,0.55,0.04,49.1,,,,,9.25
69.72,CARRY,34.87,-0.01,-9.58,35.38,-0.01,1,0,322.0,210.5,29.6,0.59,0.04,49.0,,,,,9.312
69.77,CARRY,34.93,-0.01,-9.58,35.4,-0.01,1,0,322.0,212.5,27.6,0.55,0.04,49.2,,,,,9.25
69.82,CARRY,34.93,-0.01,-9.58,35.43,-0.01,1,0,322.0,211.5,28.6,0.57,0.04,49.3,,,,,9.312
69.87,CARRY,34.99,-0.01,-9.58,35.45,-0.01,1,0,322.0,213.5,26.6,0.53,0.04,49.2,,,,,9.25
69.92,CARRY,34.99,-0.01,-9.58,35.48,-0.01,1,0,322.0,212.0,28.1,0.56,0.04,48.3,,,,,9.312
69.97,CARRY,35.05,-0.01,-9.58,35.5,-0.01,1,0,322.0,214.0,26.1,0.52,0.04,49.1,,,,,9.25
70.02,CARRY,35.05,-0.01,-9.58,35.53,-0.01,1,0,322.0,212.5,27.6,0.55,0.04,47.4,,,,,9.312
70.07,CARRY,35.11,-0.01,-9.58,35.55,-0.01,1,0,322.0,214.5,25.6,0.51,0.04,51.2,,,,,9.188
70.13,CARRY,35.11,-0.01,-9.58,35.58,-0.01,1,0,322.0,213.0,27.1,0.54,0.04,48.9,,,,,9.25
70.18,CARRY,35.17,-0.01,-9.58,35.6,-0.01,1,0,322.0,215.0,25.1,0.5,0.04,49.8,,,,,9.312
70.23,CARRY,35.17,-0.01,-9.58,35.63,-0.01,1,0,322.0,213.5,26.6,0.53,0.04,48.7,,,,,9.312
70.28,CARRY,35.22,-0.01,-9.58,35.65,-0.01,1,0,322.0,215.5,24.6,0.49,0.04,49.2,,,,,9.312
70.33,CARRY,35.22,-0.01,-9.58,35.68,-0.01,1,0,322.0,214.0,26.1,0.52,0.04,48.1,,,,,9.312
70.38,CARRY,35.28,-0.02,-9.58,35.7,-0.01,1,0,322.0,215.5,24.6,0.49,0.04,50.2,,,,,9.312
70.43,CARRY,35.28,-0.02,-9.58,35.73,-0.01,1,0,322.0,214.5,25.6,0.51,0.04,48.8,,,,,9.25
70.48,CARRY,35.34,-0.02,-9.58,35.75,-0.01,1,0,322.0,216.0,24.1,0.48,0.04,48.5,,,,,9.375
70.53,CARRY,35.34,-0.02,-9.58,35.78,-0.01,1,0,322.0,214.5,25.6,0.51,0.04,47.9,,,,,9.375
70.58,CARRY,35.39,-0.02,-9.58,35.8,-0.01,1,0,322.0,216.5,23.6,0.47,0.04,49.5,,,,,9.375
70.63,CARRY,35.39,-0.02,-9.58,35.83,-0.01,1,0,322.0,215.0,25.1,0.5,0.04,47.2,,,,,9.375
70.68,CARRY,35.45,-0.02,-9.58,35.85,-0.01,1,0,322.0,216.5,23.6,0.47,0.04,50.3,,,,,9.375
70.73,CARRY,35.45,-0.02,-9.58,35.88,-0.01,1,0,322.0,215.0,25.1,0.5,0.04,49.4,,,,,9.375
70.78,CARRY,35.5,-0.02,-9.58,35.9,-0.01,1,0,322.0,216.5,23.6,0.47,0.04,48.9,,,,,9.438
70.83,CARRY,35.5,-0.02,-9.58,35.93,-0.01,1,0,322.0,215.5,24.6,0.49,0.04,48.5,,,,,9.375
70.88,CARRY,35.55,-0.02,-9.58,35.95,-0.01,1,0,322.0,256.0,16.1,-0.32,0.04,50.0,,,,,9.438
70.93,CARRY,35.55,-0.02,-9.58,35.98,-0.01,1,0,322.0,215.5,24.6,0.49,0.04,48.3,,,,,9.562
70.98,CARRY,35.6,-0.02,-9.58,36.01,-0.01,1,0,322.0,217.0,23.1,0.46,0.04,48.8,,,,,9.5
71.03,CARRY,35.6,-0.02,-9.58,36.03,-0.01,1,0,322.5,215.5,24.6,0.49,0.05,49.6,,,,,9.5
71.08,CARRY,35.65,-0.02,-9.58,36.06,-0.01,1,0,322.0,217.0,23.1,0.46,0.04,49.0,,,,,9.5
71.13,CARRY,35.65,-0.02,-9.58,36.08,-0.01,1,0,322.5,215.5,24.6,0.49,0.05,49.5,,,,,9.5
71.18,CARRY,35.7,-0.02,-9.58,36.11,-0.01,1,0,322.0,217.0,23.1,0.46,0.04,50.0,,,,,9.438
71.23,CARRY,35.7,-0.02,-9.58,36.13,-0.01,1,0,322.5,248.0,8.4,-0.16,0.05,50.5,,,,,9.375
71.28,CARRY,35.75,-0.02,-9.58,36.16,-0.01,1,0,322.5,216.5,23.6,0.47,0.05,49.5,,,,,9.562
71.34,CARRY,35.75,-0.02,-9.58,36.18,-0.01,1,0,322.5,215.5,24.6,0.49,0.05,49.2,,,,,9.5
71.39,CARRY,35.8,-0.02,-9.58,36.21,-0.01,1,0,322.5,216.5,23.6,0.47,0.05,49.3,,,,,9.562
71.44,CARRY,35.8,-0.02,-9.58,36.23,-0.01,1,0,322.5,215.0,25.1,0.5,0.05,49.4,,,,,9.5
71.49,CARRY,35.85,-0.02,-9.58,36.26,-0.01,1,0,322.5,216.5,23.6,0.47,0.05,49.6,,,,,9.562
71.54,CARRY,35.85,-0.02,-9.58,36.28,-0.01,1,0,322.5,215.0,25.1,0.5,0.05,48.9,,,,,9.562
71.59,CARRY,35.9,-0.02,-9.58,36.31,-0.01,1,0,322.5,216.5,23.6,0.47,0.05,50.0,,,,,9.562
71.64,CARRY,35.9,-0.02,-9.58,36.33,-0.01,1,0,322.5,214.5,25.6,0.51,0.05,49.2,,,,,9.562
71.69,CARRY,35.94,-0.02,-9.58,36.36,-0.01,1,0,322.5,216.0,24.1,0.48,0.05,48.5,,,,,9.625
71.74,CARRY,35.94,-0.02,-9.58,36.38,-0.01,1,0,322.5,214.5,25.6,0.51,0.05,48.7,,,,,9.562
71.79,CARRY,35.99,-0.02,-9.58,36.41,-0.01,1,0,322.5,216.0,24.1,0.48,0.05,49.6,,,,,9.625
71.84,CARRY,35.99,-0.02,-9.58,36.43,-0.01,1,0,322.5,214.5,25.6,0.51,0.05,47.9,,,,,9.625
71.89,CARRY,36.04,-0.02,-9.58,36.46,-0.01,1,0,322.5,215.5,24.6,0.49,0.05,48.8,,,,,9.562
71.94,CARRY,36.04,-0.02,-9.58,36.48,-0.01,1,0,322.5,214.5,25.6,0.51,0.05,47.4,,,,,9.625
71.99,CARRY,36.09,-0.02,-9.58,36.51,-0.01,1,0,322.5,215.5,24.6,0.49,0.05,51.3,,,,,9.5
72.04,CARRY,36.09,-0.02,-9.58,36.54,-0.01,1,0,322.5,214.0,26.1,0.52,0.05,48.7,,,,,9.5
72.09,CARRY,36.13,-0.02,-9.58,36.56,-0.01,1,0,322.5,215.5,24.6,0.49,0.05,49.4,,,,,9.5
72.14,CARRY,36.13,-0.02,-9.58,36.59,-0.01,1,0,322.5,214.0,26.1,0.52,0.05,49.5,,,,,9.562
72.19,CARRY,36.18,-0.02,-9.58,36.61,-0.01,1,0,322.5,215.5,24.6,0.49,0.05,50.2,,,,,9.562
72.24,CARRY,36.23,-0.02,-9.58,36.64,-0.01,1,0,322.0,216.5,23.6,0.47,0.04,49.7,,,,,9.5
72.29,CARRY,36.23,-0.02,-9.58,36.66,-0.01,1,0,322.5,215.5,24.6,0.49,0.05,51.2,,,,,9.5
72.35,CARRY,36.28,-0.02,-9.58,36.69,-0.01,1,0,322.0,216.5,23.6,0.47,0.04,49.3,,,,,9.5
72.4,CARRY,36.28,-0.02,-9.58,36.71,-0.01,1,0,322.5,215.0,25.1,0.5,0.05,49.8,,,,,9.5
72.45,CARRY,36.33,-0.02,-9.58,36.74,-0.01,1,0,322.0,216.5,23.6,0.47,0.04,49.7,,,,,9.5
72.5,CARRY,36.33,-0.02,-9.58,36.76,-0.01,1,0,322.5,215.0,25.1,0.5,0.05,48.4,,,,,9.5
72.55,CARRY,36.38,-0.02,-9.58,36.79,-0.01,1,0,322.0,278.5,38.6,-0.77,0.04,52.8,,,,,9.562
72.6,CARRY,36.38,-0.02,-9.58,36.82,-0.01,1,0,322.0,215.0,25.1,0.5,0.04,50.0,,,,,9.5
72.65,CARRY,36.43,-0.02,-9.58,36.84,-0.01,1,0,322.0,216.5,23.6,0.47,0.04,49.2,,,,,9.562
72.7,CARRY,36.43,-0.02,-9.58,36.87,-0.01,1,0,322.0,214.5,25.6,0.51,0.04,49.2,,,,,9.5
72.75,CARRY,36.48,-0.02,-9.58,36.89,-0.01,1,0,322.0,278.5,38.6,-0.77,0.04,49.1,,,,,9.438
72.8,CARRY,36.48,-0.02,-9.58,36.92,-0.01,1,0,322.0,214.5,25.6,0.51,0.04,48.9,,,,,9.375
72.85,CARRY,36.53,-0.02,-9.58,36.94,-0.01,1,0,322.0,216.0,24.1,0.48,0.04,49.1,,,,,9.375
72.9,CARRY,36.53,-0.02,-9.58,36.97,-0.01,1,0,322.0,214.5,25.6,0.51,0.04,50.0,,,,,9.25
72.95,CARRY,36.58,-0.02,-9.58,36.99,-0.01,1,0,322.0,216.0,24.1,0.48,0.04,48.5,,,,,9.188
73.0,CARRY,36.58,-0.02,-9.58,37.02,-0.01,1,0,322.0,214.5,25.6,0.51,0.04,47.9,,,,,9.125
73.05,CARRY,36.62,-0.01,-9.58,37.04,-0.01,1,0,322.0,215.5,24.6,0.49,0.04,49.9,,,,,9.125
73.11,CARRY,36.62,-0.01,-9.58,37.07,-0.01,1,0,322.0,214.5,25.6,0.51,0.04,49.1,,,,,9.062
73.16,CARRY,36.67,-0.01,-9.58,37.09,-0.01,1,0,322.0,215.5,24.6,0.49,0.04,53.7,,,,,9.062
73.21,CARRY,36.67,-0.01,-9.58,37.12,-0.01,1,0,322.0,214.0,26.1,0.52,0.04,49.9,,,,,9.125
73.26,CARRY,36.72,-0.01,-9.58,37.15,-0.01,1,0,322.0,215.5,24.6,0.49,0.04,49.2,,,,,9.062
73.31,CARRY,36.72,-0.01,-9.58,37.17,-0.01,1,0,322.0,214.0,26.1,0.52,0.04,50.3,,,,,9.125
73.36,CARRY,36.77,-0.01,-9.58,37.2,-0.01,1,0,322.0,215.5,24.6,0.49,0.04,51.1,,,,,9.062
73.41,CARRY,36.77,-0.01,-9.58,37.22,-0.01,1,0,322.0,213.5,26.6,0.53,0.04,50.5,,,,,9.062
73.47,CARRY,36.82,-0.01,-9.58,37.25,-0.01,1,0,322.0,215.0,25.1,0.5,0.04,48.8,,,,,9.0
73.52,CARRY,36.82,-0.01,-9.58,37.27,-0.01,1,0,322.0,213.5,26.6,0.53,0.04,49.7,,,,,9.0
73.57,CARRY,36.87,-0.01,-9.58,37.3,-0.01,1,0,322.0,215.0,25.1,0.5,0.04,49.4,,,,,8.875
73.62,CARRY,36.87,-0.01,-9.58,37.32,-0.01,1,0,322.0,213.5,26.6,0.53,0.04,50.4,,,,,8.875
73.67,CARRY,36.91,-0.01,-9.58,37.35,-0.01,1,0,322.0,215.0,25.1,0.5,0.04,50.6,,,,,8.812
73.72,CARRY,36.91,-0.01,-9.58,37.37,-0.01,1,0,322.0,213.5,26.6,0.53,0.04,51.3,,,,,8.812
73.77,CARRY,36.96,-0.01,-9.58,37.4,-0.01,1,0,322.0,214.5,25.6,0.51,0.04,50.1,,,,,8.75
73.82,CARRY,36.96,-0.01,-9.58,37.43,-0.01,1,0,322.0,213.5,26.6,0.53,0.04,48.8,,,,,8.75
73.87,CARRY,37.01,-0.01,-9.58,37.45,-0.01,1,0,322.0,214.5,25.6,0.51,0.04,50.6,,,,,8.688
73.93,CARRY,37.01,-0.01,-9.58,37.48,-0.01,1,0,322.0,213.5,26.6,0.53,0.04,49.7,,,,,8.75
73.98,CARRY,37.07,-0.01,-9.58,37.5,-0.01,1,0,322.0,214.5,25.6,0.51,0.04,49.4,,,,,8.688
74.03,CARRY,37.07,-0.01,-9.58,37.53,-0.01,1,0,322.0,213.5,26.6,0.53,0.04,49.8,,,,,8.75
74.08,CARRY,37.12,-0.01,-9.58,37.55,-0.01,1,0,322.0,214.5,25.6,0.51,0.04,49.8,,,,,8.688
74.13,CARRY,37.12,-0.01,-9.58,37.58,-0.01,1,0,322.0,213.5,26.6,0.53,0.04,50.7,,,,,8.75
74.18,CARRY,37.17,-0.01,-9.58,37.6,-0.01,1,0,322.0,214.5,25.6,0.51,0.04,49.3,,,,,8.75
74.23,CARRY,37.17,-0.01,-9.58,37.63,-0.01,1,0,322.0,213.5,26.6,0.53,0.04,50.4,,,,,8.75
74.28,CARRY,37.22,-0.01,-9.58,37.66,-0.01,1,0,322.0,214.5,25.6,0.51,0.04,49.0,,,,,8.75
74.33,CARRY,37.22,-0.01,-9.58,37.68,-0.01,1,0,322.0,213.5,26.6,0.53,0.04,48.7,,,,,8.688
74.38,CARRY,37.27,-0.01,-9.58,37.71,-0.01,1,0,322.0,214.5,25.6,0.51,0.04,48.9,,,,,8.688
74.43,CARRY,37.27,-0.01,-9.58,37.73,-0.01,1,0,322.0,213.5,26.6,0.53,0.04,50.6,,,,,8.688
74.48,CARRY,37.32,-0.01,-9.58,37.76,-0.01,1,0,322.0,214.5,25.6,0.51,0.04,49.1,,,,,8.75
74.53,CARRY,37.32,-0.01,-9.58,37.78,-0.01,1,0,322.0,213.5,26.6,0.53,0.04,48.3,,,,,8.75
74.58,CARRY,37.37,-0.01,-9.58,37.81,-0.01,1,0,322.0,214.5,25.6,0.51,0.04,50.1,,,,,8.75
74.64,CARRY,37.37,-0.01,-9.58,37.83,-0.01,1,0,322.0,213.5,26.6,0.53,0.04,49.8,,,,,8.75
74.69,CARRY,37.42,-0.01,-9.58,37.86,-0.01,1,0,322.0,214.5,25.6,0.51,0.04,50.0,,,,,8.75
74.74,CARRY,37.42,-0.01,-9.58,37.88,-0.01,1,0,322.0,213.5,26.6,0.53,0.04,49.4,,,,,8.812
74.79,CARRY,37.47,-0.01,-9.58,37.91,-0.01,1,0,322.0,215.0,25.1,0.5,0.04,48.9,,,,,8.812
74.84,CARRY,37.47,-0.01,-9.58,37.93,-0.01,1,0,322.0,213.5,26.6,0.53,0.04,49.0,,,,,8.812
74.89,CARRY,37.53,-0.01,-9.58,37.96,-0.01,1,0,322.0,215.0,25.1,0.5,0.04,48.9,,,,,8.812
74.94,CARRY,37.53,-0.01,-9.58,37.98,-0.01,1,0,322.0,214.0,26.1,0.52,0.04,49.9,,,,,8.875
74.99,CARRY,37.58,-0.01,-9.58,38.01,-0.01,1,0,322.0,215.0,25.1,0.5,0.04,50.0,,,,,8.812
