{
  "backend": "hf",
  "n": 439,
  "parse_rate": 0.9908883826879271,
  "iou_gate_pass_rate": 0.6719817767653758,
  "mean_iou": 0.40258441518116356,
  "center_std": 227.5282847842047
}
