{
  "backend": "hf",
  "n": 150,
  "parse_rate": 0.9933333333333333,
  "iou_gate_pass_rate": 0.6133333333333333,
  "mean_iou": 0.5293588744492366,
  "center_std": 235.77343842961432
}
