t_s,state,copter_n,copter_e,copter_d,rover_n,rover_e,in_fov,occluded,bbox_cx,bbox_cy,px_err,vx_cmd,vy_cmd,loop_ms,dist_n,dist_e,d_true_px,d_dist_px,carry_score
0.0,ACQUIRE,0.01,-0.01,-8.92,0.51,-0.01,1,0,,,,0.0,0.0,6.3,,,,,
0.05,ACQUIRE,0.01,-0.01,-8.92,0.64,-0.01,1,0,,,,0.0,0.0,0.8,,,,,
0.1,ACQUIRE,0.01,-0.01,-9.03,0.77,-0.01,1,0,,,,0.0,0.0,1.2,,,,,
0.15,ACQUIRE,0.01,-0.01,-9.03,0.89,-0.01,1,0,,,,0.0,0.0,0.7,,,,,
0.2,ACQUIRE,0.01,-0.01,-9.13,1.02,-0.01,1,0,,,,0.0,0.0,1.4,,,,,
0.25,ACQUIRE,0.01,-0.01,-9.13,1.14,-0.01,1,0,,,,0.0,0.0,0.6,,,,,
0.3,ACQUIRE,0.01,-0.01,-9.23,1.27,-0.01,1,0,,,,0.0,0.0,1.5,,,,,
0.35,ACQUIRE,0.01,-0.01,-9.23,1.39,-0.01,1,0,,,,1.12,0.13,2.1,,,,,
0.4,ACQUIRE,0.01,-0.01,-9.31,1.52,-0.01,1,0,,,,1.18,0.14,2.5,,,,,
0.45,ACQUIRE,0.01,-0.01,-9.31,1.64,-0.01,1,0,,,,1.26,0.15,1.8,,,,,
0.5,ACQUIRE,0.01,-0.01,-9.39,1.77,-0.01,1,0,,,,1.31,0.16,2.5,,,,,
0.55,ACQUIRE,0.01,-0.01,-9.39,1.89,-0.01,1,0,,,,1.32,0.17,1.7,,,,,
0.6,ACQUIRE,0.01,-0.01,-9.45,2.02,-0.01,1,0,,,,1.32,0.18,2.5,,,,,
0.65,ACQUIRE,0.01,-0.01,-9.45,2.14,-0.01,1,0,,,,1.32,0.18,1.8,,,,,
0.7,ACQUIRE,0.01,-0.01,-9.51,2.27,-0.01,1,0,,,,1.31,0.18,2.5,,,,,
0.75,ACQUIRE,0.01,-0.01,-9.51,2.39,-0.01,1,0,,,,1.31,0.19,1.8,,,,,
0.8,ACQUIRE,0.03,-0.01,-9.55,2.52,-0.01,1,0,,,,1.28,0.18,2.3,,,,,
0.85,ACQUIRE,0.03,-0.01,-9.55,2.64,-0.01,1,0,,,,2.12,0.3,1.8,,,,,
0.9,ACQUIRE,0.06,-0.01,-9.59,2.77,-0.01,1,0,,,,2.07,0.29,2.2,,,,,
0.95,ACQUIRE,0.06,-0.01,-9.59,2.89,-0.01,1,0,,,,2.07,0.29,1.9,,,,,
1.0,ACQUIRE,0.1,-0.01,-9.61,3.02,-0.01,1,0,,,,2.03,0.28,2.6,,,,,
1.05,ACQUIRE,0.1,-0.01,-9.61,3.14,-0.01,1,0,,,,2.02,0.28,1.8,,,,,
1.1,ACQUIRE,0.16,-0.01,-9.62,3.27,-0.01,1,0,,,,1.94,0.27,2.6,,,,,
1.15,ACQUIRE,0.16,-0.01,-9.62,3.39,-0.01,1,0,,,,1.94,0.27,1.7,,,,,
1.2,ACQUIRE,0.25,-0.01,-9.63,3.52,-0.01,1,0,,,,1.85,0.26,2.5,,,,,
1.25,ACQUIRE,0.25,-0.01,-9.63,3.64,-0.01,1,0,,,,1.85,0.27,1.8,,,,,
1.3,ACQUIRE,0.35,-0.01,-9.63,3.77,-0.01,1,0,,,,1.73,0.25,2.4,,,,,
1.35,ACQUIRE,0.35,-0.01,-9.63,3.89,-0.01,1,0,,,,2.55,0.24,1.7,,,,,
1.4,ACQUIRE,0.47,-0.01,-9.63,4.02,-0.01,1,0,,,,2.41,0.22,2.4,,,,,
1.45,ACQUIRE,0.47,-0.01,-9.63,4.14,-0.01,1,0,,,,2.41,0.22,1.8,,,,,
1.5,ACQUIRE,0.61,-0.01,-9.62,4.27,-0.01,1,0,,,,2.26,0.2,2.4,,,,,
1.55,ACQUIRE,0.61,-0.01,-9.62,4.39,-0.01,1,0,,,,2.26,0.2,1.7,,,,,
1.6,ACQUIRE,0.76,-0.01,-9.61,4.52,-0.01,1,0,,,,2.09,0.16,2.2,,,,,
1.65,ACQUIRE,0.76,-0.01,-9.61,4.65,-0.01,1,0,,,,2.09,0.16,1.8,,,,,
1.7,ACQUIRE,0.92,-0.01,-9.61,4.77,-0.01,1,0,,,,1.91,0.14,2.5,,,,,
1.75,ACQUIRE,0.92,-0.01,-9.61,4.9,-0.01,1,0,,,,1.91,0.15,1.8,,,,,
1.8,ACQUIRE,1.1,-0.01,-9.6,5.02,-0.01,1,0,,,,1.7,0.14,2.4,,,,,
1.85,ACQUIRE,1.1,-0.01,-9.6,5.15,-0.01,1,0,,,,1.82,0.24,1.8,,,,,
1.9,ACQUIRE,1.29,-0.01,-9.6,5.27,-0.01,1,0,,,,1.69,0.21,2.4,,,,,
1.95,ACQUIRE,1.29,-0.01,-9.6,5.4,-0.01,1,0,,,,1.76,0.22,1.7,,,,,
2.0,ACQUIRE,1.48,-0.01,-9.59,5.52,-0.01,1,0,,,,1.61,0.21,2.5,,,,,
2.05,ACQUIRE,1.48,-0.01,-9.59,5.65,-0.01,1,0,,,,1.68,0.22,1.7,,,,,
2.1,ACQUIRE,1.67,-0.02,-9.59,5.77,-0.01,1,0,,,,1.54,0.21,2.4,,,,,
2.15,ACQUIRE,1.67,-0.02,-9.59,5.9,-0.01,1,0,,,,1.61,0.22,1.8,,,,,
2.2,ACQUIRE,1.86,-0.02,-9.58,6.02,-0.01,1,0,,,,1.46,0.2,2.3,,,,,
2.25,ACQUIRE,2.05,-0.02,-9.58,6.15,-0.01,1,0,,,,1.32,0.18,2.3,,,,,
2.3,CARRY,2.05,-0.02,-9.58,6.27,-0.01,1,0,,,,3.509,0.457,562.7,,,,,
2.87,CARRY,3.05,-0.03,-9.58,7.68,-0.01,1,0,346.5,48.5,193.3,3.83,0.53,49.3,,,,,4.719
2.92,CARRY,3.05,-0.03,-9.58,7.81,-0.01,1,0,347.0,45.0,196.9,3.9,0.54,53.6,,,,,4.25
2.97,CARRY,3.2,-0.02,-9.59,7.95,-0.01,1,0,347.0,45.5,196.4,3.89,0.54,47.7,,,,,4.406
3.02,CARRY,3.2,-0.02,-9.59,8.07,-0.01,1,0,347.5,41.5,200.4,3.97,0.55,52.7,,,,,5.031
3.08,CARRY,3.35,-0.02,-9.59,8.2,-0.01,1,0,347.5,42.0,199.9,3.96,0.55,48.1,,,,,5.469
3.13,CARRY,3.35,-0.02,-9.59,8.33,-0.01,1,0,347.5,38.5,203.4,4.0,0.55,53.2,,,,,5.5
3.18,CARRY,3.5,-0.02,-9.59,8.47,-0.01,1,0,348.0,39.0,202.9,4.0,0.56,48.1,,,,,5.594
3.23,CARRY,3.5,-0.02,-9.59,8.59,-0.01,1,0,348.5,35.5,206.5,4.0,0.57,52.2,,,,,5.531
3.28,CARRY,3.66,-0.02,-9.59,8.72,-0.01,1,0,348.5,36.0,206.0,4.0,0.57,48.6,,,,,5.594
3.33,CARRY,3.66,-0.02,-9.59,8.85,-0.01,1,0,349.0,32.5,209.5,4.0,0.58,53.2,,,,,5.438
3.39,CARRY,3.82,-0.02,-9.59,8.98,-0.01,1,0,349.0,33.5,208.5,4.0,0.58,47.9,,,,,5.531
3.44,CARRY,3.82,-0.02,-9.59,9.11,-0.01,1,0,350.0,30.0,212.1,4.0,0.6,52.5,,,,,5.531
3.49,CARRY,4.01,-0.02,-9.59,9.24,-0.01,1,0,350.0,31.5,210.6,4.0,0.6,48.7,,,,,6.656
3.54,CARRY,4.01,-0.02,-9.59,9.37,-0.01,1,0,350.5,28.0,214.2,4.0,0.61,52.8,,,,,7.375
3.6,CARRY,4.22,-0.02,-9.6,9.5,-0.01,1,0,350.5,30.0,212.2,4.0,0.61,47.4,,,,,7.969
3.65,CARRY,4.22,-0.02,-9.6,9.63,-0.01,1,0,351.0,26.5,215.7,4.0,0.62,52.2,,,,,7.938
3.7,CARRY,4.45,-0.02,-9.6,9.76,-0.01,1,0,351.0,29.5,212.8,4.0,0.62,48.1,,,,,8.438
3.75,CARRY,4.45,-0.02,-9.6,9.89,-0.01,1,0,351.5,26.0,216.3,4.0,0.63,53.1,,,,,8.438
3.8,CARRY,4.71,-0.02,-9.6,10.02,-0.01,1,0,351.0,29.5,212.8,4.0,0.62,48.7,,,,,8.812
3.85,CARRY,4.71,-0.02,-9.6,10.15,-0.01,1,0,351.5,26.0,216.3,4.0,0.63,53.6,,,,,8.375
3.91,CARRY,5.0,-0.02,-9.6,10.28,-0.01,1,0,350.5,30.0,212.2,4.0,0.61,48.9,,,,,8.438
3.96,CARRY,5.3,-0.01,-9.6,10.41,-0.01,1,0,349.0,35.5,206.5,4.0,0.58,54.1,,,,,8.5
4.01,CARRY,5.3,-0.01,-9.6,10.54,-0.01,1,0,350.0,31.5,210.6,4.0,0.6,46.6,,,,,8.438
4.06,CARRY,5.63,-0.01,-9.6,10.67,-0.01,1,0,348.0,37.0,204.9,4.0,0.56,53.1,,,,,8.75
4.12,CARRY,5.63,-0.01,-9.6,10.8,-0.01,1,0,349.0,33.5,208.5,4.0,0.58,47.2,,,,,8.625
4.17,CARRY,5.98,-0.0,-9.61,10.93,-0.01,1,0,347.5,39.5,202.4,4.0,0.55,53.0,,,,,8.875
4.22,CARRY,5.98,-0.0,-9.61,11.07,-0.01,1,0,348.0,35.5,206.4,4.0,0.56,47.3,,,,,8.625
4.27,CARRY,6.33,0.0,-9.61,11.19,-0.01,1,0,347.0,42.5,199.3,3.95,0.54,53.3,,,,,8.875
4.32,CARRY,6.33,0.0,-9.61,11.33,-0.01,1,0,347.0,38.5,203.3,4.0,0.54,47.3,,,,,8.625
4.38,CARRY,6.7,0.01,-9.61,11.45,-0.01,1,0,346.0,45.0,196.7,3.9,0.52,53.2,,,,,8.938
4.43,CARRY,6.7,0.01,-9.61,11.59,-0.01,1,0,346.5,41.5,200.3,3.97,0.53,47.1,,,,,8.688
4.48,CARRY,7.07,0.01,-9.61,11.71,-0.01,1,0,345.5,48.5,193.2,3.83,0.51,53.2,,,,,9.188
4.53,CARRY,7.07,0.01,-9.61,11.85,-0.01,1,0,345.5,44.5,197.2,3.91,0.51,46.8,,,,,9.062
4.58,CARRY,7.44,0.01,-9.61,11.97,-0.01,1,0,344.5,51.5,190.1,3.77,0.49,53.0,,,,,9.438
4.64,CARRY,7.44,0.01,-9.61,12.11,-0.01,1,0,345.0,47.5,194.1,3.85,0.5,47.3,,,,,9.312
4.69,CARRY,7.82,0.02,-9.61,12.23,-0.01,1,0,344.0,55.0,186.6,3.7,0.48,53.1,,,,,9.812
4.74,CARRY,7.82,0.02,-9.61,12.37,-0.01,1,0,344.5,51.0,190.6,3.78,0.49,47.3,,,,,9.688
4.79,CARRY,8.2,0.02,-9.61,12.49,-0.01,1,0,343.5,58.5,183.0,3.63,0.47,54.9,,,,,10.0
4.85,CARRY,8.2,0.02,-9.61,12.63,-0.01,1,0,344.0,54.5,187.0,3.71,0.48,48.2,,,,,9.875
4.9,CARRY,8.59,0.02,-9.62,12.76,-0.01,1,0,343.0,62.0,179.5,3.56,0.46,54.3,,,,,10.125
4.95,CARRY,8.97,0.03,-9.62,12.9,-0.01,1,0,341.5,68.5,172.8,3.43,0.43,48.3,,,,,10.0
5.0,CARRY,8.97,0.03,-9.62,13.02,-0.01,1,0,342.0,65.0,176.4,3.5,0.44,53.6,,,,,10.0
5.06,CARRY,9.35,0.03,-9.61,13.16,-0.01,1,0,341.0,72.0,169.3,3.36,0.42,48.2,,,,,10.188
5.11,CARRY,9.35,0.03,-9.61,13.28,-0.01,1,0,341.0,68.5,172.8,3.43,0.42,52.7,,,,,10.062
5.16,CARRY,9.73,0.03,-9.61,13.42,-0.01,1,0,340.0,75.5,165.7,3.29,0.4,48.1,,,,,10.312
5.21,CARRY,9.73,0.03,-9.61,13.54,-0.01,1,0,340.5,72.0,169.2,3.36,0.41,52.5,,,,,10.25
5.26,CARRY,10.11,0.03,-9.61,13.68,-0.01,1,0,340.0,79.0,162.2,3.22,0.4,48.1,,,,,9.375
5.32,CARRY,10.11,0.03,-9.61,13.8,-0.01,1,0,340.0,75.5,165.7,3.29,0.4,52.6,,,,,10.188
5.37,CARRY,10.47,0.03,-9.61,13.94,-0.01,1,0,339.5,82.0,159.2,3.16,0.39,47.8,,,,,9.438
5.42,CARRY,10.47,0.03,-9.61,14.06,-0.01,1,0,340.0,78.5,162.7,3.23,0.4,53.2,,,,,9.938
5.47,CARRY,10.84,0.03,-9.61,14.2,-0.01,1,0,339.0,85.0,156.2,3.1,0.38,47.4,,,,,8.75
5.52,CARRY,10.84,0.03,-9.61,14.32,-0.01,1,0,339.5,81.5,159.7,3.17,0.39,54.6,,,,,9.375
5.58,CARRY,11.19,0.03,-9.61,14.46,-0.01,1,0,338.5,87.5,153.6,3.05,0.37,49.5,,,,,8.875
5.63,CARRY,11.19,0.03,-9.61,14.59,-0.01,1,0,338.5,84.0,157.1,3.12,0.37,52.2,,,,,8.75
5.68,CARRY,11.55,0.03,-9.61,14.72,-0.01,1,0,338.5,90.0,151.1,3.0,0.37,47.9,,,,,8.562
5.73,CARRY,11.55,0.03,-9.61,14.85,-0.01,1,0,338.5,86.5,154.6,3.07,0.37,52.9,,,,,8.812
5.79,CARRY,11.89,0.03,-9.61,14.98,-0.01,1,0,338.0,92.5,148.6,2.95,0.36,48.5,,,,,8.375
5.84,CARRY,11.89,0.03,-9.61,15.11,-0.01,1,0,338.5,89.0,152.1,3.02,0.37,52.9,,,,,8.5
5.89,CARRY,12.24,0.03,-9.61,15.24,-0.01,1,0,337.5,95.0,146.1,2.9,0.35,47.5,,,,,8.5
5.94,CARRY,12.24,0.03,-9.61,15.37,-0.01,1,0,338.0,91.5,149.6,2.97,0.36,52.7,,,,,8.062
5.99,CARRY,12.57,0.03,-9.61,15.5,-0.01,1,0,337.5,97.5,143.6,2.85,0.35,49.4,,,,,8.438
6.04,CARRY,12.57,0.03,-9.61,15.63,-0.01,1,0,338.0,93.5,147.6,2.93,0.36,52.5,,,,,8.312
6.1,CARRY,12.9,0.03,-9.61,15.76,-0.01,1,0,337.0,99.5,141.5,2.81,0.34,48.3,,,,,7.844
6.15,CARRY,12.9,0.03,-9.61,15.89,-0.01,1,0,337.5,95.5,145.6,2.89,0.35,52.8,,,,,8.0
6.2,CARRY,13.23,0.03,-9.61,16.02,-0.01,1,0,337.0,101.0,140.0,2.78,0.34,48.0,,,,,8.062
6.25,CARRY,13.23,0.03,-9.61,16.14,-0.01,1,0,337.5,97.5,143.6,2.85,0.35,52.6,,,,,8.25
6.31,CARRY,13.55,0.02,-9.62,16.28,-0.01,1,0,337.0,103.0,138.1,2.74,0.34,48.8,,,,,8.062
6.36,CARRY,13.55,0.02,-9.62,16.4,-0.01,1,0,337.5,99.5,141.6,2.81,0.35,53.1,,,,,7.594
6.41,CARRY,13.87,0.02,-9.62,16.54,-0.01,1,0,336.5,104.5,136.5,2.71,0.33,47.6,,,,,7.75
6.46,CARRY,14.18,0.02,-9.62,16.66,-0.01,1,0,336.0,110.0,131.0,2.6,0.32,53.3,,,,,7.844
6.51,CARRY,14.18,0.02,-9.62,16.8,-0.01,1,0,336.5,106.0,135.0,2.68,0.33,47.6,,,,,7.469
6.56,CARRY,14.49,0.02,-9.62,16.93,-0.01,1,0,336.5,111.5,129.6,2.57,0.33,53.1,,,,,8.062
6.62,CARRY,14.49,0.02,-9.62,17.06,-0.01,1,0,337.0,107.5,133.6,2.65,0.34,47.7,,,,,7.75
6.67,CARRY,14.79,0.01,-9.62,17.19,-0.01,1,0,336.5,112.5,128.6,2.55,0.33,53.5,,,,,8.062
6.72,CARRY,14.79,0.01,-9.62,17.32,-0.01,1,0,337.0,108.5,132.6,2.63,0.34,47.5,,,,,7.938
6.77,CARRY,15.09,0.01,-9.62,17.45,-0.01,1,0,335.5,113.5,127.4,2.53,0.31,53.2,,,,,7.562
6.83,CARRY,15.09,0.01,-9.62,17.58,-0.01,1,0,336.0,110.0,131.0,2.6,0.32,47.3,,,,,7.562
6.88,CARRY,15.39,0.01,-9.62,17.71,-0.01,1,0,335.5,114.5,126.5,2.51,0.31,53.5,,,,,7.188
6.93,CARRY,15.39,0.01,-9.62,17.84,-0.01,1,0,336.5,111.0,130.1,2.58,0.33,46.7,,,,,7.312
6.98,CARRY,15.68,0.01,-9.62,17.97,-0.01,1,0,335.5,115.5,125.5,2.49,0.31,53.1,,,,,7.031
7.04,CARRY,15.68,0.01,-9.62,18.11,-0.01,1,0,336.5,111.5,129.6,2.57,0.33,47.6,,,,,7.188
7.09,CARRY,15.96,0.01,-9.62,18.23,-0.01,1,0,335.5,116.5,124.5,2.47,0.31,52.8,,,,,7.156
7.14,CARRY,15.96,0.01,-9.62,18.37,-0.01,1,0,336.5,112.5,128.6,2.55,0.33,47.4,,,,,7.469
7.19,CARRY,16.25,0.0,-9.62,18.49,-0.01,1,0,335.5,117.0,124.0,2.46,0.31,53.1,,,,,7.562
7.24,CARRY,16.25,0.0,-9.62,18.63,-0.01,1,0,336.5,113.0,128.1,2.54,0.33,47.5,,,,,7.531
7.29,CARRY,16.53,0.0,-9.62,18.75,-0.01,1,0,335.5,117.5,123.5,2.45,0.31,53.6,,,,,7.688
7.35,CARRY,16.53,0.0,-9.62,18.89,-0.01,1,0,336.5,113.5,127.6,2.53,0.33,49.0,,,,,7.562
7.4,CARRY,16.8,-0.0,-9.62,19.01,-0.01,1,0,335.5,118.0,123.0,2.44,0.31,53.0,,,,,7.625
7.45,CARRY,16.8,-0.0,-9.62,19.15,-0.01,1,0,336.5,114.0,127.1,2.52,0.33,46.9,,,,,7.438
7.5,CARRY,17.08,-0.0,-9.62,19.27,-0.01,1,0,335.5,118.5,122.5,2.43,0.31,53.8,,,,,7.312
7.56,CARRY,17.34,-0.01,-9.62,19.41,-0.01,1,0,334.5,122.0,118.9,2.36,0.29,48.4,,,,,6.781
7.61,CARRY,17.34,-0.01,-9.62,19.54,-0.01,1,0,335.5,118.5,122.5,2.43,0.31,52.4,,,,,7.031
7.66,CARRY,17.61,-0.01,-9.62,19.67,-0.01,1,0,334.5,122.5,118.4,2.35,0.29,47.8,,,,,6.875
7.71,CARRY,17.61,-0.01,-9.62,19.79,-0.01,1,0,335.5,118.5,122.5,2.43,0.31,53.4,,,,,7.031
7.77,CARRY,17.88,-0.01,-9.62,19.93,-0.01,1,0,334.5,122.5,118.4,2.35,0.29,50.2,,,,,7.062
7.82,CARRY,17.88,-0.01,-9.62,20.06,-0.01,1,0,335.5,118.5,122.5,2.43,0.31,53.7,,,,,7.062
7.87,CARRY,18.14,-0.01,-9.62,20.2,-0.01,1,0,335.0,122.5,118.5,2.35,0.3,50.5,,,,,6.938
7.92,CARRY,18.14,-0.01,-9.62,20.32,-0.01,1,0,336.0,118.5,122.5,2.43,0.32,48.2,,,,,6.906
7.97,CARRY,18.4,-0.01,-9.62,20.45,-0.01,1,0,335.0,123.0,118.0,2.34,0.3,48.8,,,,,6.969
8.02,CARRY,18.4,-0.01,-9.62,20.57,-0.01,1,0,336.0,119.0,122.1,2.42,0.32,47.8,,,,,7.031
8.07,CARRY,18.65,-0.01,-9.62,20.7,-0.01,1,0,335.5,123.0,118.0,2.34,0.31,48.4,,,,,7.188
8.12,CARRY,18.65,-0.01,-9.62,20.83,-0.01,1,0,336.0,119.0,122.1,2.42,0.32,47.9,,,,,7.219
8.17,CARRY,18.91,-0.01,-9.62,20.95,-0.01,1,0,335.5,123.0,118.0,2.34,0.31,48.4,,,,,6.969
8.22,CARRY,18.91,-0.01,-9.62,21.08,-0.01,1,0,336.5,119.0,122.1,2.42,0.33,48.1,,,,,6.938
8.27,CARRY,19.16,-0.01,-9.62,21.2,-0.01,1,0,335.5,123.0,118.0,2.34,0.31,48.5,,,,,6.781
8.32,CARRY,19.16,-0.01,-9.62,21.33,-0.01,1,0,336.5,119.0,122.1,2.42,0.33,48.6,,,,,6.844
8.37,CARRY,19.4,-0.01,-9.62,21.45,-0.01,1,0,335.5,123.0,118.0,2.34,0.31,49.1,,,,,6.812
8.42,CARRY,19.4,-0.01,-9.62,21.58,-0.01,1,0,336.5,119.0,122.1,2.42,0.33,48.4,,,,,6.875
8.47,CARRY,19.65,-0.02,-9.62,21.7,-0.01,1,0,335.5,123.0,118.0,2.34,0.31,48.8,,,,,6.688
8.52,CARRY,19.65,-0.02,-9.62,21.83,-0.01,1,0,336.5,119.0,122.1,2.42,0.33,48.4,,,,,6.781
8.57,CARRY,19.9,-0.02,-9.62,21.95,-0.01,1,0,335.5,123.0,118.0,2.34,0.31,48.9,,,,,6.156
8.62,CARRY,19.9,-0.02,-9.62,22.08,-0.01,1,0,336.5,119.0,122.1,2.42,0.33,48.4,,,,,6.406
8.68,CARRY,20.14,-0.02,-9.62,22.2,-0.01,1,0,335.5,122.5,118.5,2.35,0.31,48.8,,,,,6.469
8.73,CARRY,20.14,-0.02,-9.62,22.33,-0.01,1,0,336.5,118.5,122.6,2.43,0.33,48.1,,,,,6.812
8.78,CARRY,20.39,-0.02,-9.62,22.45,-0.01,1,0,335.5,122.0,119.0,2.36,0.31,48.6,,,,,6.688
8.83,CARRY,20.39,-0.02,-9.62,22.58,-0.01,1,0,336.5,118.5,122.6,2.43,0.33,49.9,,,,,6.844
8.88,CARRY,20.63,-0.02,-9.62,22.7,-0.01,1,0,335.5,122.0,119.0,2.36,0.31,49.0,,,,,6.562
8.93,CARRY,20.63,-0.02,-9.62,22.83,-0.01,1,0,336.5,118.0,123.1,2.44,0.33,48.2,,,,,6.812
8.98,CARRY,20.87,-0.02,-9.62,22.95,-0.01,1,0,335.5,121.5,119.5,2.37,0.31,48.8,,,,,6.625
9.03,CARRY,20.87,-0.02,-9.62,23.08,-0.01,1,0,336.5,118.0,123.1,2.44,0.33,48.1,,,,,6.906
9.08,CARRY,21.11,-0.01,-9.62,23.21,-0.01,1,0,335.5,121.5,119.5,2.37,0.31,48.9,,,,,6.75
9.13,CARRY,21.11,-0.01,-9.62,23.33,-0.01,1,0,336.5,117.5,123.6,2.45,0.33,48.1,,,,,7.0
9.18,CARRY,21.35,-0.01,-9.62,23.46,-0.01,1,0,335.5,121.0,120.0,2.38,0.31,48.9,,,,,6.781
9.23,CARRY,21.35,-0.01,-9.62,23.58,-0.01,1,0,336.5,117.5,123.6,2.45,0.33,47.9,,,,,7.125
9.28,CARRY,21.59,-0.01,-9.62,23.71,-0.01,1,0,335.5,121.0,120.0,2.38,0.31,48.9,,,,,6.938
9.33,CARRY,21.59,-0.01,-9.62,23.83,-0.01,1,0,336.5,117.0,124.1,2.46,0.33,48.3,,,,,7.25
9.38,CARRY,21.84,-0.01,-9.62,23.96,-0.01,1,0,335.5,120.5,120.5,2.39,0.31,48.9,,,,,7.312
9.43,CARRY,21.84,-0.01,-9.62,24.08,-0.01,1,0,336.5,117.0,124.1,2.46,0.33,48.2,,,,,7.375
9.48,CARRY,22.08,-0.01,-9.62,24.21,-0.01,1,0,335.5,120.5,120.5,2.39,0.31,49.3,,,,,7.594
9.53,CARRY,22.08,-0.01,-9.62,24.33,-0.01,1,0,336.5,116.5,124.6,2.47,0.33,48.3,,,,,7.656
9.58,CARRY,22.32,-0.01,-9.62,24.46,-0.01,1,0,335.5,120.0,121.0,2.4,0.31,49.1,,,,,7.594
9.63,CARRY,22.32,-0.01,-9.62,24.58,-0.01,1,0,336.5,116.5,124.6,2.47,0.33,48.0,,,,,7.469
9.68,CARRY,22.56,-0.01,-9.62,24.71,-0.01,1,0,335.5,119.5,121.5,2.41,0.31,49.0,,,,,7.469
9.73,CARRY,22.56,-0.01,-9.62,24.83,-0.01,1,0,336.5,116.0,125.1,2.48,0.33,47.9,,,,,7.406
9.78,CARRY,22.8,-0.01,-9.62,24.96,-0.01,1,0,336.5,119.5,121.6,2.41,0.33,48.8,,,,,7.281
9.83,CARRY,22.8,-0.01,-9.62,25.08,-0.01,1,0,336.5,116.0,125.1,2.48,0.33,47.8,,,,,7.188
9.88,CARRY,23.04,-0.01,-9.62,25.21,-0.01,1,0,336.5,119.0,122.1,2.42,0.33,49.0,,,,,7.062
9.93,CARRY,23.04,-0.01,-9.62,25.33,-0.01,1,0,337.0,115.5,125.7,2.49,0.34,48.1,,,,,7.031
9.98,CARRY,23.28,-0.01,-9.63,25.46,-0.01,1,0,336.5,119.0,122.1,2.42,0.33,48.8,,,,,6.969
10.03,CARRY,23.28,-0.01,-9.63,25.58,-0.01,1,0,337.5,115.5,125.7,2.49,0.35,48.0,,,,,6.938
10.08,CARRY,23.53,-0.01,-9.63,25.71,-0.01,1,0,336.5,119.0,122.1,2.42,0.33,49.4,,,,,7.062
10.13,CARRY,23.53,-0.01,-9.63,25.83,-0.01,1,0,337.5,115.0,126.2,2.5,0.35,47.8,,,,,7.0
10.18,CARRY,23.77,-0.01,-9.63,25.96,-0.01,1,0,336.5,118.5,122.6,2.43,0.33,48.7,,,,,7.0
10.23,CARRY,23.77,-0.01,-9.63,26.09,-0.01,1,0,337.5,115.0,126.2,2.5,0.35,47.6,,,,,6.781
10.28,CARRY,24.01,-0.01,-9.63,26.21,-0.01,1,0,336.5,118.5,122.6,2.43,0.33,49.0,,,,,6.938
10.33,CARRY,24.01,-0.01,-9.63,26.34,-0.01,1,0,337.5,115.0,126.2,2.5,0.35,47.7,,,,,6.938
10.38,CARRY,24.26,-0.01,-9.63,26.46,-0.01,1,0,336.5,118.0,123.1,2.44,0.33,48.9,,,,,7.094
10.43,CARRY,24.26,-0.01,-9.63,26.59,-0.01,1,0,337.5,114.5,126.7,2.51,0.35,47.6,,,,,6.938
10.48,CARRY,24.5,-0.01,-9.63,26.71,-0.01,1,0,336.5,118.0,123.1,2.44,0.33,48.9,,,,,7.25
10.53,CARRY,24.5,-0.01,-9.63,26.84,-0.01,1,0,337.5,114.5,126.7,2.51,0.35,47.5,,,,,7.094
10.58,CARRY,24.75,-0.01,-9.63,26.96,-0.01,1,0,336.5,118.0,123.1,2.44,0.33,48.9,,,,,7.281
10.63,CARRY,24.75,-0.01,-9.63,27.09,-0.01,1,0,337.5,114.5,126.7,2.51,0.35,48.0,,,,,7.125
10.68,CARRY,24.99,-0.01,-9.63,27.21,-0.01,1,0,336.5,117.5,123.6,2.45,0.33,49.1,,,,,7.5
10.73,CARRY,24.99,-0.01,-9.63,27.34,-0.01,1,0,337.5,114.0,127.2,2.52,0.35,49.8,,,,,7.25
10.78,CARRY,25.24,-0.01,-9.63,27.46,-0.01,1,0,336.5,117.5,123.6,2.45,0.33,48.5,,,,,7.781
10.83,CARRY,25.24,-0.01,-9.63,27.59,-0.01,1,0,337.5,114.0,127.2,2.52,0.35,47.4,,,,,7.594
10.88,CARRY,25.48,-0.0,-9.63,27.71,-0.01,1,0,336.5,117.5,123.6,2.45,0.33,48.9,,,,,7.844
10.93,CARRY,25.48,-0.0,-9.63,27.84,-0.01,1,0,337.5,114.0,127.2,2.52,0.35,47.8,,,,,7.75
10.98,CARRY,25.73,-0.0,-9.63,27.96,-0.01,1,0,336.5,117.0,124.1,2.46,0.33,48.7,,,,,7.938
11.03,CARRY,25.73,-0.0,-9.63,28.09,-0.01,1,0,337.0,113.5,127.6,2.53,0.34,47.4,,,,,7.812
11.08,CARRY,25.97,-0.0,-9.63,28.21,-0.01,1,0,336.5,117.0,124.1,2.46,0.33,48.9,,,,,8.0
11.13,CARRY,25.97,-0.0,-9.63,28.34,-0.01,1,0,336.5,113.5,127.6,2.53,0.33,47.6,,,,,7.812
11.18,CARRY,26.22,-0.0,-9.63,28.47,-0.01,1,0,335.5,117.0,124.0,2.46,0.31,48.7,,,,,8.0
11.23,CARRY,26.22,-0.0,-9.63,28.59,-0.01,1,0,336.5,113.5,127.6,2.53,0.33,47.7,,,,,7.875
11.28,CARRY,26.47,0.0,-9.63,28.72,-0.01,1,0,335.5,117.0,124.0,2.46,0.31,48.6,,,,,8.0
11.33,CARRY,26.47,0.0,-9.63,28.84,-0.01,1,0,336.5,113.5,127.6,2.53,0.33,47.7,,,,,7.844
11.38,CARRY,26.72,0.0,-9.63,28.97,-0.01,1,0,335.5,117.0,124.0,2.46,0.31,48.7,,,,,7.938
11.43,CARRY,26.72,0.0,-9.63,29.09,-0.01,1,0,336.5,113.0,128.1,2.54,0.33,47.6,,,,,7.938
11.48,CARRY,26.97,0.0,-9.63,29.22,-0.01,1,0,335.5,117.0,124.0,2.46,0.31,48.9,,,,,7.844
11.53,CARRY,26.97,0.0,-9.63,29.34,-0.01,1,0,336.5,113.0,128.1,2.54,0.33,47.8,,,,,7.812
11.58,CARRY,27.22,0.0,-9.63,29.47,-0.01,1,0,335.5,117.0,124.0,2.46,0.31,48.8,,,,,7.844
11.63,CARRY,27.22,0.0,-9.63,29.59,-0.01,1,0,336.5,113.0,128.1,2.54,0.33,47.5,,,,,8.0
11.68,CARRY,27.46,0.0,-9.63,29.72,-0.01,1,0,335.5,116.5,124.5,2.47,0.31,48.9,,,,,8.0
11.73,CARRY,27.46,0.0,-9.63,29.84,-0.01,1,0,336.5,113.0,128.1,2.54,0.33,47.7,,,,,7.938
11.78,CARRY,27.71,0.01,-9.63,29.97,-0.01,1,0,335.5,116.5,124.5,2.47,0.31,48.8,,,,,7.688
11.83,CARRY,27.71,0.01,-9.63,30.09,-0.01,1,0,336.5,113.0,128.1,2.54,0.33,47.5,,,,,7.594
11.88,CARRY,27.96,0.01,-9.63,30.22,-0.01,1,0,335.5,116.5,124.5,2.47,0.31,48.8,,,,,7.656
11.93,CARRY,27.96,0.01,-9.63,30.34,-0.01,1,0,336.5,113.0,128.1,2.54,0.33,47.6,,,,,7.719
11.98,CARRY,28.21,0.01,-9.63,30.47,-0.01,1,0,335.5,116.5,124.5,2.47,0.31,48.7,,,,,7.875
12.03,CARRY,28.21,0.01,-9.63,30.59,-0.01,1,0,336.5,113.0,128.1,2.54,0.33,47.5,,,,,7.875
12.08,CARRY,28.46,0.01,-9.63,30.72,-0.01,1,0,335.5,116.5,124.5,2.47,0.31,50.1,,,,,7.969
12.13,CARRY,28.46,0.01,-9.63,30.85,-0.01,1,0,336.5,113.0,128.1,2.54,0.33,47.6,,,,,7.938
12.18,CARRY,28.71,0.01,-9.63,30.97,-0.01,1,0,335.5,116.5,124.5,2.47,0.31,48.9,,,,,7.906
12.23,CARRY,28.71,0.01,-9.63,31.1,-0.01,1,0,336.5,113.0,128.1,2.54,0.33,48.4,,,,,7.969
12.28,CARRY,28.96,0.01,-9.63,31.22,-0.01,1,0,335.5,116.5,124.5,2.47,0.31,49.0,,,,,7.875
12.33,CARRY,28.96,0.01,-9.63,31.35,-0.01,1,0,336.5,113.0,128.1,2.54,0.33,48.3,,,,,7.969
12.38,CARRY,29.21,0.01,-9.63,31.47,-0.01,1,0,335.5,116.5,124.5,2.47,0.31,48.5,,,,,7.875
12.43,CARRY,29.21,0.01,-9.63,31.6,-0.01,1,0,336.5,113.0,128.1,2.54,0.33,49.1,,,,,7.969
12.48,CARRY,29.46,0.0,-9.63,31.72,-0.01,1,0,335.5,116.5,124.5,2.47,0.31,48.8,,,,,7.938
12.53,CARRY,29.46,0.0,-9.63,31.85,-0.01,1,0,336.5,113.0,128.1,2.54,0.33,48.2,,,,,8.0
12.58,CARRY,29.71,0.0,-9.63,31.97,-0.01,1,0,335.5,116.5,124.5,2.47,0.31,48.7,,,,,8.062
12.63,CARRY,29.71,0.0,-9.63,32.1,-0.01,1,0,336.5,113.0,128.1,2.54,0.33,48.0,,,,,8.0
12.68,CARRY,29.96,0.0,-9.63,32.22,-0.01,1,0,335.5,116.5,124.5,2.47,0.31,48.7,,,,,8.062
12.73,CARRY,29.96,0.0,-9.63,32.35,-0.01,1,0,336.5,113.0,128.1,2.54,0.33,48.1,,,,,7.969
12.78,CARRY,30.22,0.0,-9.63,32.47,-0.01,1,0,335.5,116.5,124.5,2.47,0.31,48.6,,,,,8.062
12.83,CARRY,30.22,0.0,-9.63,32.6,-0.01,1,0,336.5,113.0,128.1,2.54,0.33,47.8,,,,,8.0
12.88,CARRY,30.47,0.0,-9.63,32.72,-0.01,1,0,335.5,116.5,124.5,2.47,0.31,49.6,,,,,7.969
12.93,CARRY,30.47,0.0,-9.63,32.85,-0.01,1,0,336.5,113.0,128.1,2.54,0.33,48.5,,,,,7.969
12.98,CARRY,30.72,0.0,-9.63,32.97,-0.01,1,0,335.5,116.5,124.5,2.47,0.31,48.9,,,,,7.906
13.03,CARRY,30.72,0.0,-9.63,33.1,-0.01,1,0,336.5,113.0,128.1,2.54,0.33,48.4,,,,,8.0
13.08,CARRY,30.97,0.0,-9.63,33.22,-0.01,1,0,335.5,116.5,124.5,2.47,0.31,50.4,,,,,8.0
13.14,CARRY,30.97,0.0,-9.63,33.35,-0.01,1,0,336.5,113.0,128.1,2.54,0.33,50.1,,,,,7.906
13.19,CARRY,31.22,0.0,-9.63,33.48,-0.01,1,0,335.5,116.5,124.5,2.47,0.31,49.7,,,,,7.75
13.24,CARRY,31.22,0.0,-9.63,33.61,-0.01,1,0,336.5,113.0,128.1,2.54,0.33,48.8,,,,,7.781
13.29,CARRY,31.48,0.0,-9.63,33.73,-0.01,1,0,336.0,116.5,124.5,2.47,0.32,48.1,,,,,7.781
13.34,CARRY,31.48,0.0,-9.63,33.86,-0.01,1,0,336.5,113.0,128.1,2.54,0.33,48.9,,,,,7.812
13.39,CARRY,31.73,0.0,-9.63,33.98,-0.01,1,0,336.0,116.5,124.5,2.47,0.32,48.7,,,,,7.688
13.44,CARRY,31.73,0.0,-9.63,34.11,-0.01,1,0,336.5,113.0,128.1,2.54,0.33,48.8,,,,,7.531
13.49,CARRY,31.98,0.0,-9.63,34.23,-0.01,1,0,336.0,116.5,124.5,2.47,0.32,48.8,,,,,7.781
13.54,CARRY,31.98,0.0,-9.63,34.36,-0.01,1,0,336.5,113.0,128.1,2.54,0.33,48.7,,,,,7.75
13.59,CARRY,32.24,0.0,-9.63,34.48,-0.01,1,0,336.0,117.0,124.0,2.46,0.32,48.7,,,,,7.906
13.64,CARRY,32.24,0.0,-9.63,34.61,-0.01,1,0,336.5,113.5,127.6,2.53,0.33,48.6,,,,,7.719
13.69,CARRY,32.49,0.0,-9.63,34.73,-0.01,1,0,336.0,117.0,124.0,2.46,0.32,48.8,,,,,7.906
13.74,CARRY,32.49,0.0,-9.63,34.86,-0.01,1,0,336.5,113.5,127.6,2.53,0.33,48.5,,,,,7.719
13.79,CARRY,32.74,0.0,-9.62,34.98,-0.01,1,0,335.5,117.0,124.0,2.46,0.31,48.4,,,,,7.656
13.84,CARRY,32.74,0.0,-9.62,35.11,-0.01,1,0,336.5,113.5,127.6,2.53,0.33,48.5,,,,,7.594
13.89,CARRY,33.0,0.0,-9.62,35.24,-0.01,1,0,335.5,117.0,124.0,2.46,0.31,48.7,,,,,7.781
13.94,CARRY,33.0,0.0,-9.62,35.36,-0.01,1,0,336.5,113.5,127.6,2.53,0.33,48.7,,,,,7.688
13.99,CARRY,33.25,0.0,-9.62,35.49,-0.01,1,0,335.5,117.0,124.0,2.46,0.31,48.8,,,,,7.688
14.04,CARRY,33.25,0.0,-9.62,35.61,-0.01,1,0,336.5,113.5,127.6,2.53,0.33,48.8,,,,,7.562
14.09,CARRY,33.5,0.0,-9.62,35.74,-0.01,1,0,335.5,117.5,123.5,2.45,0.31,48.7,,,,,7.688
14.14,CARRY,33.5,0.0,-9.62,35.86,-0.01,1,0,336.5,113.5,127.6,2.53,0.33,48.5,,,,,7.406
14.19,CARRY,33.76,-0.0,-9.62,35.99,-0.01,1,0,335.5,117.5,123.5,2.45,0.31,48.5,,,,,7.219
14.24,CARRY,33.76,-0.0,-9.62,36.11,-0.01,1,0,336.5,114.0,127.1,2.52,0.33,48.6,,,,,6.969
14.29,CARRY,34.01,-0.0,-9.62,36.24,-0.01,1,0,335.5,117.5,123.5,2.45,0.31,48.7,,,,,7.281
14.34,CARRY,34.01,-0.0,-9.62,36.36,-0.01,1,0,336.5,114.0,127.1,2.52,0.33,48.5,,,,,7.094
14.39,CARRY,34.27,-0.0,-9.62,36.49,-0.01,1,0,335.5,117.5,123.5,2.45,0.31,48.7,,,,,7.469
14.44,CARRY,34.27,-0.0,-9.62,36.61,-0.01,1,0,336.5,114.0,127.1,2.52,0.33,48.5,,,,,7.219
14.49,CARRY,34.52,-0.0,-9.62,36.74,-0.01,1,0,335.5,117.5,123.5,2.45,0.31,48.8,,,,,7.375
14.54,CARRY,34.52,-0.0,-9.62,36.86,-0.01,1,0,336.5,114.0,127.1,2.52,0.33,48.5,,,,,7.156
14.59,CARRY,34.77,-0.0,-9.62,36.99,-0.01,1,0,335.5,118.0,123.0,2.44,0.31,48.7,,,,,7.406
14.64,CARRY,34.77,-0.0,-9.62,37.11,-0.01,1,0,336.5,114.0,127.1,2.52,0.33,48.7,,,,,7.094
14.69,CARRY,35.03,-0.0,-9.62,37.24,-0.01,1,0,335.5,118.0,123.0,2.44,0.31,48.8,,,,,7.344
14.74,CARRY,35.03,-0.0,-9.62,37.36,-0.01,1,0,336.5,114.5,126.6,2.51,0.33,48.6,,,,,7.062
14.79,CARRY,35.28,-0.0,-9.62,37.49,-0.01,1,0,335.5,118.0,123.0,2.44,0.31,48.5,,,,,7.188
14.84,CARRY,35.28,-0.0,-9.62,37.61,-0.01,1,0,336.5,114.5,126.6,2.51,0.33,48.3,,,,,6.906
14.89,CARRY,35.53,-0.0,-9.62,37.74,-0.01,1,0,335.5,118.0,123.0,2.44,0.31,48.6,,,,,7.062
14.94,CARRY,35.53,-0.0,-9.62,37.86,-0.01,1,0,336.5,114.5,126.6,2.51,0.33,48.6,,,,,6.812
14.99,CARRY,35.78,-0.0,-9.62,37.99,-0.01,1,0,335.5,118.0,123.0,2.44,0.31,48.9,,,,,7.281
15.04,CARRY,35.78,-0.0,-9.62,38.11,-0.01,1,0,336.5,114.5,126.6,2.51,0.33,48.4,,,,,6.969
15.09,CARRY,36.03,-0.0,-9.62,38.24,-0.01,1,0,335.5,118.0,123.0,2.44,0.31,48.7,,,,,7.344
15.14,CARRY,36.03,-0.0,-9.62,38.36,-0.01,1,0,336.5,114.5,126.6,2.51,0.33,48.6,,,,,7.25
15.19,CARRY,36.28,-0.0,-9.62,38.49,-0.01,1,0,335.5,118.0,123.0,2.44,0.31,48.8,,,,,7.438
15.24,CARRY,36.28,-0.0,-9.62,38.61,-0.01,1,0,336.5,114.5,126.6,2.51,0.33,48.5,,,,,7.312
15.29,CARRY,36.53,-0.0,-9.62,38.74,-0.01,1,0,336.0,118.0,123.0,2.44,0.32,50.6,,,,,7.562
15.34,CARRY,36.53,-0.0,-9.62,38.87,-0.01,1,0,336.5,114.5,126.6,2.51,0.33,49.4,,,,,7.469
15.39,CARRY,36.78,-0.0,-9.62,38.99,-0.01,1,0,336.0,118.0,123.0,2.44,0.32,49.2,,,,,7.625
15.44,CARRY,36.78,-0.0,-9.62,39.12,-0.01,1,0,337.0,114.5,126.6,2.51,0.34,48.4,,,,,7.531
15.49,CARRY,37.03,-0.01,-9.62,39.24,-0.01,1,0,336.5,118.0,123.1,2.44,0.33,48.9,,,,,7.688
15.54,CARRY,37.03,-0.01,-9.62,39.37,-0.01,1,0,337.0,114.5,126.6,2.51,0.34,48.7,,,,,7.562
15.59,CARRY,37.28,-0.01,-9.62,39.5,-0.01,1,0,336.5,118.0,123.1,2.44,0.33,48.8,,,,,7.719
15.64,CARRY,37.28,-0.01,-9.62,39.62,-0.01,1,0,337.0,114.5,126.6,2.51,0.34,48.7,,,,,7.625
15.69,CARRY,37.53,-0.01,-9.62,39.75,-0.01,1,0,336.5,118.0,123.1,2.44,0.33,49.1,,,,,7.656
15.74,CARRY,37.53,-0.01,-9.62,39.87,-0.01,1,0,337.5,114.5,126.7,2.51,0.35,49.9,,,,,7.5
15.79,CARRY,37.78,-0.01,-9.62,40.0,-0.01,1,0,336.5,118.0,123.1,2.44,0.33,49.5,,,,,7.688
15.84,CARRY,37.78,-0.01,-9.62,40.13,-0.01,1,0,337.5,114.0,127.2,2.52,0.35,48.4,,,,,7.469
15.89,CARRY,38.03,-0.01,-9.62,40.25,-0.01,1,0,336.5,117.5,123.6,2.45,0.33,49.3,,,,,7.719
15.94,CARRY,38.03,-0.01,-9.62,40.38,-0.01,1,0,337.5,114.0,127.2,2.52,0.35,48.6,,,,,7.469
15.99,CARRY,38.28,-0.01,-9.62,40.5,-0.01,1,0,336.5,117.5,123.6,2.45,0.33,49.6,,,,,7.875
16.05,CARRY,38.28,-0.01,-9.62,40.63,-0.01,1,0,337.5,114.0,127.2,2.52,0.35,47.7,,,,,7.625
16.1,CARRY,38.53,-0.01,-9.62,40.75,-0.01,1,0,336.5,117.5,123.6,2.45,0.33,49.2,,,,,7.875
16.15,CARRY,38.53,-0.01,-9.62,40.88,-0.01,1,0,337.5,114.0,127.2,2.52,0.35,48.4,,,,,7.625
16.2,CARRY,38.78,-0.01,-9.62,41.0,-0.01,1,0,336.5,117.5,123.6,2.45,0.33,50.2,,,,,7.812
16.25,CARRY,38.78,-0.01,-9.62,41.13,-0.01,1,0,337.5,114.0,127.2,2.52,0.35,48.8,,,,,7.656
16.3,CARRY,39.03,-0.0,-9.62,41.26,-0.01,1,0,336.5,117.5,123.6,2.45,0.33,49.9,,,,,7.812
16.35,CARRY,39.03,-0.0,-9.62,41.38,-0.01,1,0,337.5,114.0,127.2,2.52,0.35,48.7,,,,,7.688
16.4,CARRY,39.28,-0.0,-9.62,41.51,-0.01,1,0,336.5,117.5,123.6,2.45,0.33,49.1,,,,,7.781
16.45,CARRY,39.28,-0.0,-9.62,41.63,-0.01,1,0,337.0,114.0,127.1,2.52,0.34,48.0,,,,,7.656
16.5,CARRY,39.53,-0.0,-9.62,41.76,-0.01,1,0,336.0,117.5,123.5,2.45,0.32,49.1,,,,,7.719
16.55,CARRY,39.53,-0.0,-9.62,41.89,-0.01,1,0,337.0,114.0,127.1,2.52,0.34,48.1,,,,,7.594
16.6,CARRY,39.78,-0.0,-9.62,42.01,-0.01,1,0,336.0,117.5,123.5,2.45,0.32,49.1,,,,,7.688
16.65,CARRY,39.78,-0.0,-9.62,42.14,-0.01,1,0,336.5,114.0,127.1,2.52,0.33,48.2,,,,,7.5
16.7,CARRY,40.03,-0.0,-9.62,42.26,-0.01,1,0,335.5,117.5,123.5,2.45,0.31,49.0,,,,,7.688
16.75,CARRY,40.03,-0.0,-9.62,42.39,-0.01,1,0,336.5,114.0,127.1,2.52,0.33,48.4,,,,,7.531
16.8,CARRY,40.28,0.0,-9.62,42.51,-0.01,1,0,335.5,117.5,123.5,2.45,0.31,48.7,,,,,7.781
16.85,CARRY,40.28,0.0,-9.62,42.64,-0.01,1,0,336.5,114.0,127.1,2.52,0.33,48.0,,,,,7.625
16.9,CARRY,40.53,0.0,-9.62,42.76,-0.01,1,0,335.5,117.5,123.5,2.45,0.31,49.1,,,,,7.844
16.95,CARRY,40.53,0.0,-9.62,42.89,-0.01,1,0,336.5,114.0,127.1,2.52,0.33,48.1,,,,,7.688
17.0,CARRY,40.78,0.0,-9.62,43.01,-0.01,1,0,335.5,117.5,123.5,2.45,0.31,49.0,,,,,7.906
17.05,CARRY,40.78,0.0,-9.62,43.14,-0.01,1,0,336.5,114.0,127.1,2.52,0.33,48.1,,,,,7.75
17.1,CARRY,41.03,0.0,-9.62,43.26,-0.01,1,0,335.5,117.5,123.5,2.45,0.31,48.9,,,,,7.906
17.15,CARRY,41.03,0.0,-9.62,43.39,-0.01,1,0,336.5,114.0,127.1,2.52,0.33,48.0,,,,,7.719
17.2,CARRY,41.28,0.0,-9.62,43.51,-0.01,1,0,335.5,117.5,123.5,2.45,0.31,48.9,,,,,7.812
17.25,CARRY,41.28,0.0,-9.62,43.64,-0.01,1,0,336.5,114.0,127.1,2.52,0.33,48.1,,,,,7.625
17.3,CARRY,41.53,0.0,-9.62,43.76,-0.01,1,0,335.5,117.5,123.5,2.45,0.31,49.0,,,,,7.844
17.35,CARRY,41.53,0.0,-9.62,43.89,-0.01,1,0,336.5,114.0,127.1,2.52,0.33,48.1,,,,,7.594
17.4,CARRY,41.78,0.0,-9.62,44.01,-0.01,1,0,335.5,117.5,123.5,2.45,0.31,49.0,,,,,7.906
17.45,CARRY,41.78,0.0,-9.62,44.14,-0.01,1,0,336.5,114.0,127.1,2.52,0.33,48.1,,,,,7.562
17.5,CARRY,42.03,0.0,-9.62,44.26,-0.01,1,0,335.5,117.5,123.5,2.45,0.31,49.0,,,,,7.719
17.55,CARRY,42.03,0.0,-9.62,44.39,-0.01,1,0,336.5,114.0,127.1,2.52,0.33,48.2,,,,,7.438
17.6,CARRY,42.28,0.0,-9.62,44.51,-0.01,1,0,335.5,117.5,123.5,2.45,0.31,48.9,,,,,7.625
17.65,CARRY,42.28,0.0,-9.62,44.64,-0.01,1,0,336.5,114.0,127.1,2.52,0.33,47.9,,,,,7.344
17.7,CARRY,42.53,0.0,-9.62,44.76,-0.01,1,0,335.5,117.5,123.5,2.45,0.31,49.2,,,,,7.25
17.75,CARRY,42.53,0.0,-9.62,44.89,-0.01,1,0,336.5,114.0,127.1,2.52,0.33,49.2,,,,,6.875
17.8,CARRY,42.78,-0.0,-9.62,45.02,-0.01,1,0,335.5,117.5,123.5,2.45,0.31,49.5,,,,,7.031
17.85,CARRY,42.78,-0.0,-9.62,45.14,-0.01,1,0,336.5,113.5,127.6,2.53,0.33,49.5,,,,,6.906
17.9,CARRY,43.03,-0.0,-9.62,45.27,-0.01,1,0,336.0,117.5,123.5,2.45,0.32,51.3,,,,,7.031
17.95,CARRY,43.03,-0.0,-9.62,45.4,-0.01,1,0,337.0,113.5,127.6,2.53,0.34,51.6,,,,,6.875
18.01,CARRY,43.28,-0.0,-9.62,45.53,-0.01,1,0,336.5,117.0,124.1,2.46,0.33,48.2,,,,,7.125
18.06,CARRY,43.28,-0.0,-9.62,45.66,-0.01,1,0,337.0,113.0,128.1,2.54,0.34,51.7,,,,,7.031
18.11,CARRY,43.53,-0.0,-9.62,45.79,-0.01,1,0,336.5,116.5,124.6,2.47,0.33,47.9,,,,,6.938
18.16,CARRY,43.78,-0.0,-9.62,45.91,-0.01,1,0,335.5,120.0,121.0,2.4,0.31,49.9,,,,,6.875
18.21,CARRY,43.78,-0.0,-9.62,46.04,-0.01,1,0,336.5,116.5,124.6,2.47,0.33,47.8,,,,,6.719
18.26,CARRY,44.03,-0.0,-9.62,46.16,-0.01,1,0,335.5,120.0,121.0,2.4,0.31,47.8,,,,,6.625
18.31,CARRY,44.03,-0.0,-9.62,46.29,-0.01,1,0,336.5,116.5,124.6,2.47,0.33,47.8,,,,,6.781
18.36,CARRY,44.28,-0.0,-9.62,46.42,-0.01,1,0,335.5,120.0,121.0,2.4,0.31,49.5,,,,,6.688
18.41,CARRY,44.28,-0.0,-9.62,46.54,-0.01,1,0,336.5,116.5,124.6,2.47,0.33,48.0,,,,,6.75
18.46,CARRY,44.53,-0.0,-9.62,46.67,-0.01,1,0,335.5,120.0,121.0,2.4,0.31,49.2,,,,,6.812
18.51,CARRY,44.53,-0.0,-9.62,46.79,-0.01,1,0,336.5,116.5,124.6,2.47,0.33,48.3,,,,,6.875
18.56,CARRY,44.78,-0.0,-9.62,46.92,-0.01,1,0,335.5,120.0,121.0,2.4,0.31,49.1,,,,,6.969
18.61,CARRY,44.78,-0.0,-9.62,47.04,-0.01,1,0,336.5,116.5,124.6,2.47,0.33,48.5,,,,,7.094
18.66,CARRY,45.03,-0.0,-9.62,47.17,-0.01,1,0,335.5,120.0,121.0,2.4,0.31,48.9,,,,,7.0
18.71,CARRY,45.03,-0.0,-9.62,47.29,-0.01,1,0,336.5,116.5,124.6,2.47,0.33,48.7,,,,,7.156
18.76,CARRY,45.28,-0.0,-9.62,47.42,-0.01,1,0,335.5,120.0,121.0,2.4,0.31,49.1,,,,,6.969
18.81,CARRY,45.28,-0.0,-9.62,47.54,-0.01,1,0,336.5,116.5,124.6,2.47,0.33,48.5,,,,,7.062
18.86,CARRY,45.52,0.0,-9.62,47.67,-0.01,1,0,335.5,120.0,121.0,2.4,0.31,49.0,,,,,6.906
18.91,CARRY,45.52,0.0,-9.62,47.79,-0.01,1,0,336.5,116.0,125.1,2.48,0.33,50.4,,,,,7.094
18.96,CARRY,45.77,0.0,-9.62,47.92,-0.01,1,0,335.5,119.5,121.5,2.41,0.31,48.8,,,,,6.938
19.01,CARRY,45.77,0.0,-9.62,48.05,-0.01,1,0,336.5,116.0,125.1,2.48,0.33,48.7,,,,,7.156
19.06,CARRY,46.02,0.0,-9.62,48.17,-0.01,1,0,335.5,119.5,121.5,2.41,0.31,49.0,,,,,7.094
19.11,CARRY,46.02,0.0,-9.62,48.3,-0.01,1,0,336.5,116.0,125.1,2.48,0.33,48.9,,,,,7.188
19.16,CARRY,46.26,0.0,-9.62,48.42,-0.01,1,0,335.5,119.5,121.5,2.41,0.31,49.3,,,,,6.875
19.21,CARRY,46.26,0.0,-9.62,48.55,-0.01,1,0,336.5,116.0,125.1,2.48,0.33,48.7,,,,,6.844
19.26,CARRY,46.51,0.0,-9.62,48.67,-0.01,1,0,335.5,119.5,121.5,2.41,0.31,48.9,,,,,6.906
19.31,CARRY,46.51,0.0,-9.62,48.8,-0.01,1,0,336.5,115.5,125.6,2.49,0.33,48.8,,,,,6.844
19.36,CARRY,46.76,0.0,-9.62,48.92,-0.01,1,0,335.5,119.0,122.0,2.42,0.31,48.9,,,,,7.0
19.41,CARRY,46.76,0.0,-9.62,49.05,-0.01,1,0,336.5,115.5,125.6,2.49,0.33,48.9,,,,,6.969
19.46,CARRY,47.01,0.0,-9.62,49.18,-0.01,1,0,335.5,119.0,122.0,2.42,0.31,49.1,,,,,7.094
19.51,CARRY,47.01,0.0,-9.62,49.3,-0.01,1,0,336.5,115.5,125.6,2.49,0.33,48.8,,,,,7.031
19.56,CARRY,47.25,0.0,-9.62,49.43,-0.01,1,0,335.5,119.0,122.0,2.42,0.31,48.7,,,,,7.125
19.61,CARRY,47.25,0.0,-9.62,49.55,-0.01,1,0,336.5,115.5,125.6,2.49,0.33,48.7,,,,,7.062
19.66,CARRY,47.5,0.0,-9.62,49.68,-0.01,1,0,335.5,119.0,122.0,2.42,0.31,48.8,,,,,7.156
19.71,CARRY,47.5,0.0,-9.62,49.8,-0.01,1,0,336.5,115.5,125.6,2.49,0.33,48.8,,,,,7.094
19.76,CARRY,47.75,0.0,-9.62,49.93,-0.01,1,0,335.5,119.0,122.0,2.42,0.31,49.1,,,,,7.219
19.81,CARRY,47.75,0.0,-9.62,50.05,-0.01,1,0,336.5,115.5,125.6,2.49,0.33,48.8,,,,,7.094
19.87,CARRY,48.0,0.0,-9.62,50.18,-0.01,1,0,335.5,119.0,122.0,2.42,0.31,48.9,,,,,7.25
19.92,CARRY,48.0,0.0,-9.62,50.3,-0.01,1,0,336.5,115.0,126.1,2.5,0.33,48.6,,,,,7.188
19.97,CARRY,48.25,0.0,-9.62,50.43,-0.01,1,0,335.5,118.5,122.5,2.43,0.31,49.0,,,,,7.531
20.02,CARRY,48.25,0.0,-9.62,50.55,-0.01,1,0,336.5,115.0,126.1,2.5,0.33,48.6,,,,,7.375
20.07,CARRY,48.49,0.0,-9.62,50.68,-0.01,1,0,335.5,118.5,122.5,2.43,0.31,50.1,,,,,7.438
20.12,CARRY,48.49,0.0,-9.62,50.81,-0.01,1,0,336.5,115.0,126.1,2.5,0.33,48.3,,,,,7.344
20.17,CARRY,48.74,0.0,-9.62,50.93,-0.01,1,0,335.5,118.5,122.5,2.43,0.31,48.6,,,,,7.344
20.22,CARRY,48.74,0.0,-9.62,51.06,-0.01,1,0,336.5,115.0,126.1,2.5,0.33,48.7,,,,,7.312
20.27,CARRY,48.99,0.0,-9.62,51.18,-0.01,1,0,335.5,118.5,122.5,2.43,0.31,49.1,,,,,7.375
20.32,CARRY,48.99,0.0,-9.62,51.31,-0.01,1,0,336.5,115.0,126.1,2.5,0.33,48.7,,,,,7.312
20.37,CARRY,49.24,0.0,-9.62,51.43,-0.01,1,0,335.5,118.5,122.5,2.43,0.31,48.7,,,,,7.281
20.42,CARRY,49.24,0.0,-9.62,51.56,-0.01,1,0,336.5,114.5,126.6,2.51,0.33,48.5,,,,,7.219
20.47,CARRY,49.49,0.0,-9.62,51.68,-0.01,1,0,335.5,118.5,122.5,2.43,0.31,48.8,,,,,7.406
20.52,CARRY,49.49,0.0,-9.62,51.81,-0.01,1,0,336.5,114.5,126.6,2.51,0.33,48.5,,,,,7.281
20.57,CARRY,49.73,0.0,-9.62,51.93,-0.01,1,0,335.5,118.5,122.5,2.43,0.31,48.6,,,,,7.438
20.62,CARRY,49.73,0.0,-9.62,52.06,-0.01,1,0,336.5,114.5,126.6,2.51,0.33,50.4,,,,,7.406
20.67,CARRY,49.98,0.0,-9.62,52.19,-0.01,1,0,335.5,118.0,123.0,2.44,0.31,48.8,,,,,7.625
20.72,CARRY,49.98,0.0,-9.62,52.31,-0.01,1,0,336.5,114.5,126.6,2.51,0.33,48.3,,,,,7.312
20.77,CARRY,50.23,0.0,-9.62,52.44,-0.01,1,0,335.5,118.0,123.0,2.44,0.31,48.8,,,,,7.625
20.82,CARRY,50.23,0.0,-9.62,52.56,-0.01,1,0,336.5,114.5,126.6,2.51,0.33,48.5,,,,,7.25
20.87,CARRY,50.48,0.0,-9.62,52.69,-0.01,1,0,335.5,118.0,123.0,2.44,0.31,48.7,,,,,7.656
20.92,CARRY,50.48,0.0,-9.62,52.81,-0.01,1,0,336.5,114.5,126.6,2.51,0.33,48.6,,,,,7.312
20.97,CARRY,50.73,0.0,-9.62,52.94,-0.01,1,0,335.5,118.0,123.0,2.44,0.31,48.7,,,,,7.719
21.02,CARRY,50.73,0.0,-9.62,53.06,-0.01,1,0,336.5,114.5,126.6,2.51,0.33,48.5,,,,,7.438
21.07,CARRY,50.98,0.0,-9.62,53.19,-0.01,1,0,335.5,118.0,123.0,2.44,0.31,48.9,,,,,7.594
21.12,CARRY,50.98,0.0,-9.62,53.31,-0.01,1,0,336.5,114.5,126.6,2.51,0.33,48.7,,,,,7.344
21.17,CARRY,51.23,0.0,-9.62,53.44,-0.01,1,0,335.5,118.0,123.0,2.44,0.31,48.8,,,,,7.531
21.22,CARRY,51.23,0.0,-9.62,53.56,-0.01,1,0,336.5,114.5,126.6,2.51,0.33,48.6,,,,,7.281
21.27,CARRY,51.47,0.0,-9.62,53.69,-0.01,1,0,335.5,118.0,123.0,2.44,0.31,48.8,,,,,7.375
21.32,CARRY,51.47,0.0,-9.62,53.81,-0.01,1,0,336.5,114.5,126.6,2.51,0.33,48.7,,,,,7.156
21.37,CARRY,51.72,0.0,-9.62,53.94,-0.01,1,0,335.5,118.0,123.0,2.44,0.31,48.9,,,,,7.344
21.42,CARRY,51.72,0.0,-9.62,54.06,-0.01,1,0,336.5,114.5,126.6,2.51,0.33,48.4,,,,,7.094
21.47,CARRY,51.97,0.0,-9.62,54.19,-0.01,1,0,335.5,118.0,123.0,2.44,0.31,48.8,,,,,7.344
21.52,CARRY,51.97,0.0,-9.62,54.31,-0.01,1,0,336.5,114.0,127.1,2.52,0.33,48.5,,,,,7.188
21.57,CARRY,52.22,-0.0,-9.62,54.44,-0.01,1,0,335.5,118.0,123.0,2.44,0.31,48.9,,,,,7.562
21.62,CARRY,52.22,-0.0,-9.62,54.56,-0.01,1,0,336.5,114.0,127.1,2.52,0.33,48.6,,,,,7.375
21.67,CARRY,52.47,-0.0,-9.62,54.69,-0.01,1,0,335.5,117.5,123.5,2.45,0.31,48.8,,,,,7.688
21.72,CARRY,52.47,-0.0,-9.62,54.81,-0.01,1,0,336.5,114.0,127.1,2.52,0.33,48.7,,,,,7.406
21.77,CARRY,52.72,-0.0,-9.62,54.94,-0.01,1,0,335.5,117.5,123.5,2.45,0.31,48.8,,,,,7.75
21.82,CARRY,52.72,-0.0,-9.62,55.06,-0.01,1,0,336.5,114.0,127.1,2.52,0.33,48.6,,,,,7.438
21.87,CARRY,52.97,-0.0,-9.62,55.19,-0.01,1,0,335.5,117.5,123.5,2.45,0.31,49.0,,,,,7.781
21.92,CARRY,52.97,-0.0,-9.62,55.31,-0.01,1,0,336.5,114.0,127.1,2.52,0.33,48.7,,,,,7.438
21.97,CARRY,53.22,-0.0,-9.62,55.44,-0.01,1,0,335.5,117.5,123.5,2.45,0.31,49.2,,,,,7.75
22.02,CARRY,53.22,-0.0,-9.62,55.56,-0.01,1,0,336.5,114.0,127.1,2.52,0.33,48.7,,,,,7.375
22.07,CARRY,53.47,-0.0,-9.62,55.69,-0.01,1,0,336.0,117.5,123.5,2.45,0.32,49.3,,,,,7.719
22.12,CARRY,53.47,-0.0,-9.62,55.82,-0.01,1,0,336.5,114.0,127.1,2.52,0.33,48.7,,,,,7.406
22.17,CARRY,53.72,-0.0,-9.62,55.94,-0.01,1,0,336.0,117.5,123.5,2.45,0.32,49.1,,,,,7.656
22.22,CARRY,53.72,-0.0,-9.62,56.07,-0.01,1,0,337.0,114.0,127.1,2.52,0.34,48.8,,,,,7.438
22.27,CARRY,53.96,-0.0,-9.62,56.19,-0.01,1,0,336.0,117.5,123.5,2.45,0.32,49.4,,,,,7.656
22.32,CARRY,53.96,-0.0,-9.62,56.32,-0.01,1,0,337.0,114.0,127.1,2.52,0.34,48.8,,,,,7.406
22.37,CARRY,54.21,-0.0,-9.62,56.44,-0.01,1,0,336.0,117.5,123.5,2.45,0.32,49.4,,,,,7.625
22.42,CARRY,54.21,-0.0,-9.62,56.57,-0.01,1,0,337.0,114.0,127.1,2.52,0.34,48.8,,,,,7.375
22.47,CARRY,54.46,-0.0,-9.62,56.69,-0.01,1,0,336.5,117.5,123.6,2.45,0.33,52.7,,,,,7.531
22.53,CARRY,54.46,-0.0,-9.62,56.83,-0.01,1,0,337.5,113.5,127.7,2.53,0.35,49.0,,,,,7.406
22.58,CARRY,54.71,-0.0,-9.62,56.95,-0.01,1,0,336.5,117.0,124.1,2.46,0.33,50.1,,,,,7.531
22.63,CARRY,54.71,-0.0,-9.62,57.08,-0.01,1,0,337.5,113.5,127.7,2.53,0.35,49.0,,,,,7.438
22.68,CARRY,54.96,-0.0,-9.62,57.21,-0.01,1,0,336.5,117.0,124.1,2.46,0.33,49.9,,,,,7.562
22.73,CARRY,54.96,-0.0,-9.62,57.33,-0.01,1,0,337.5,113.5,127.7,2.53,0.35,48.9,,,,,7.5
22.78,CARRY,55.21,-0.0,-9.62,57.46,-0.01,1,0,336.5,117.0,124.1,2.46,0.33,49.6,,,,,7.469
22.83,CARRY,55.21,-0.0,-9.62,57.59,-0.01,1,0,337.5,113.5,127.7,2.53,0.35,49.2,,,,,7.438
22.88,CARRY,55.46,-0.0,-9.62,57.71,-0.01,1,0,336.5,117.0,124.1,2.46,0.33,49.2,,,,,7.438
22.93,CARRY,55.46,-0.0,-9.62,57.84,-0.01,1,0,337.5,113.5,127.7,2.53,0.35,49.3,,,,,7.406
22.98,CARRY,55.71,-0.0,-9.62,57.96,-0.01,1,0,336.5,117.0,124.1,2.46,0.33,49.6,,,,,7.469
23.03,CARRY,55.71,-0.0,-9.62,58.09,-0.01,1,0,337.5,113.0,128.2,2.54,0.35,48.5,,,,,7.406
23.08,CARRY,55.96,-0.0,-9.62,58.21,-0.01,1,0,336.5,117.0,124.1,2.46,0.33,50.1,,,,,7.469
23.13,CARRY,55.96,-0.0,-9.62,58.34,-0.01,1,0,337.0,113.0,128.1,2.54,0.34,50.2,,,,,7.531
23.18,CARRY,56.22,-0.0,-9.62,58.47,-0.01,1,0,336.5,116.5,124.6,2.47,0.33,48.8,,,,,7.719
23.23,CARRY,56.22,-0.0,-9.62,58.59,-0.01,1,0,337.0,113.0,128.1,2.54,0.34,50.1,,,,,7.812
23.28,CARRY,56.47,0.0,-9.62,58.72,-0.01,1,0,336.0,116.5,124.5,2.47,0.32,47.9,,,,,7.75
23.33,CARRY,56.47,0.0,-9.62,58.85,-0.01,1,0,337.0,113.0,128.1,2.54,0.34,50.6,,,,,7.812
23.38,CARRY,56.72,0.0,-9.62,58.98,-0.01,1,0,336.0,116.5,124.5,2.47,0.32,50.1,,,,,7.719
23.44,CARRY,56.72,0.0,-9.62,59.1,-0.01,1,0,337.0,113.0,128.1,2.54,0.34,48.0,,,,,7.781
23.49,CARRY,56.97,0.0,-9.62,59.23,-0.01,1,0,336.0,116.5,124.5,2.47,0.32,48.8,,,,,7.781
23.54,CARRY,56.97,0.0,-9.62,59.35,-0.01,1,0,337.0,113.0,128.1,2.54,0.34,48.4,,,,,7.875
23.59,CARRY,57.22,0.0,-9.62,59.48,-0.01,1,0,336.0,116.5,124.5,2.47,0.32,49.5,,,,,7.844
23.64,CARRY,57.22,0.0,-9.62,59.61,-0.01,1,0,336.5,113.0,128.1,2.54,0.33,49.3,,,,,7.844
23.69,CARRY,57.48,0.0,-9.62,59.73,-0.01,1,0,335.5,116.5,124.5,2.47,0.31,48.2,,,,,7.812
23.74,CARRY,57.48,0.0,-9.62,59.86,-0.01,1,0,336.5,113.0,128.1,2.54,0.33,48.1,,,,,7.812
23.79,CARRY,57.73,0.0,-9.62,59.98,-0.01,1,0,335.5,116.5,124.5,2.47,0.31,48.8,,,,,7.875
23.84,CARRY,57.73,0.0,-9.62,60.11,-0.01,1,0,336.5,113.0,128.1,2.54,0.33,49.1,,,,,7.844
23.89,CARRY,57.98,0.0,-9.62,60.23,-0.01,1,0,335.5,117.0,124.0,2.46,0.31,48.9,,,,,7.906
23.94,CARRY,57.98,0.0,-9.62,60.36,-0.01,1,0,336.5,113.0,128.1,2.54,0.33,48.8,,,,,7.812
23.99,CARRY,58.24,0.0,-9.62,60.48,-0.01,1,0,335.5,117.0,124.0,2.46,0.31,48.8,,,,,7.906
24.04,CARRY,58.24,0.0,-9.62,60.61,-0.01,1,0,336.5,113.5,127.6,2.53,0.33,48.5,,,,,7.75
24.09,CARRY,58.49,0.0,-9.62,60.73,-0.01,1,0,335.5,117.0,124.0,2.46,0.31,48.6,,,,,7.781
24.14,CARRY,58.49,0.0,-9.62,60.86,-0.01,1,0,336.5,113.5,127.6,2.53,0.33,48.6,,,,,7.688
24.19,CARRY,58.74,0.0,-9.62,60.98,-0.01,1,0,335.5,117.0,124.0,2.46,0.31,48.8,,,,,7.719
24.24,CARRY,58.74,0.0,-9.62,61.11,-0.01,1,0,336.5,113.5,127.6,2.53,0.33,48.7,,,,,7.625
24.29,CARRY,59.0,0.0,-9.62,61.23,-0.01,1,0,335.5,117.0,124.0,2.46,0.31,49.0,,,,,7.75
24.34,CARRY,59.0,0.0,-9.62,61.36,-0.01,1,0,336.5,113.5,127.6,2.53,0.33,48.5,,,,,7.656
24.39,CARRY,59.25,0.0,-9.62,61.48,-0.01,1,0,335.5,117.0,124.0,2.46,0.31,48.9,,,,,7.719
24.44,CARRY,59.25,0.0,-9.62,61.61,-0.01,1,0,336.5,113.5,127.6,2.53,0.33,48.6,,,,,7.625
24.49,CARRY,59.5,0.0,-9.62,61.73,-0.01,1,0,335.5,117.5,123.5,2.45,0.31,48.9,,,,,7.719
24.54,CARRY,59.5,0.0,-9.62,61.86,-0.01,1,0,336.5,113.5,127.6,2.53,0.33,48.6,,,,,7.625
24.59,CARRY,59.75,0.0,-9.62,61.98,-0.01,1,0,335.5,117.5,123.5,2.45,0.31,48.9,,,,,7.688
24.64,CARRY,59.75,0.0,-9.62,62.11,-0.01,1,0,336.5,114.0,127.1,2.52,0.33,48.6,,,,,7.312
24.69,CARRY,60.01,-0.0,-9.62,62.24,-0.01,1,0,335.5,117.5,123.5,2.45,0.31,48.1,,,,,7.562
24.74,CARRY,60.01,-0.0,-9.62,62.36,-0.01,1,0,336.5,114.0,127.1,2.52,0.33,49.5,,,,,7.438
24.79,CARRY,60.26,-0.0,-9.62,62.49,-0.01,1,0,335.5,117.5,123.5,2.45,0.31,48.7,,,,,7.75
24.84,CARRY,60.26,-0.0,-9.62,62.61,-0.01,1,0,336.5,114.0,127.1,2.52,0.33,48.4,,,,,7.562
24.89,CARRY,60.51,-0.0,-9.62,62.74,-0.01,1,0,335.5,117.5,123.5,2.45,0.31,48.3,,,,,7.812
24.94,CARRY,60.51,-0.0,-9.62,62.86,-0.01,1,0,336.5,114.0,127.1,2.52,0.33,48.5,,,,,7.562
24.99,CARRY,60.76,-0.0,-9.62,62.99,-0.01,1,0,336.0,117.5,123.5,2.45,0.32,49.1,,,,,7.812
25.04,CARRY,60.76,-0.0,-9.62,63.11,-0.01,1,0,336.5,114.0,127.1,2.52,0.33,48.7,,,,,7.562
25.09,CARRY,61.02,-0.0,-9.62,63.24,-0.01,1,0,336.0,117.5,123.5,2.45,0.32,48.7,,,,,7.781
25.14,CARRY,61.02,-0.0,-9.62,63.36,-0.01,1,0,336.5,114.0,127.1,2.52,0.33,48.7,,,,,7.594
25.19,CARRY,61.27,-0.0,-9.62,63.49,-0.01,1,0,336.0,117.5,123.5,2.45,0.32,49.2,,,,,7.844
25.24,CARRY,61.27,-0.0,-9.62,63.61,-0.01,1,0,336.5,114.0,127.1,2.52,0.33,48.8,,,,,7.625
25.29,CARRY,61.52,-0.0,-9.62,63.74,-0.01,1,0,336.0,117.5,123.5,2.45,0.32,49.1,,,,,7.906
25.34,CARRY,61.52,-0.0,-9.62,63.86,-0.01,1,0,337.0,114.0,127.1,2.52,0.34,48.8,,,,,7.688
25.39,CARRY,61.77,-0.0,-9.62,63.99,-0.01,1,0,336.0,117.5,123.5,2.45,0.32,49.3,,,,,8.0
25.44,CARRY,61.77,-0.0,-9.62,64.12,-0.01,1,0,337.0,114.0,127.1,2.52,0.34,48.6,,,,,7.625
25.49,CARRY,62.02,-0.0,-9.62,64.24,-0.01,1,0,336.0,117.5,123.5,2.45,0.32,49.2,,,,,7.75
25.54,CARRY,62.02,-0.0,-9.62,64.37,-0.01,1,0,337.0,114.0,127.1,2.52,0.34,48.8,,,,,7.5
25.59,CARRY,62.27,-0.0,-9.62,64.49,-0.01,1,0,336.5,117.5,123.6,2.45,0.33,49.0,,,,,7.812
25.64,CARRY,62.27,-0.0,-9.62,64.62,-0.01,1,0,337.0,114.0,127.1,2.52,0.34,48.8,,,,,7.562
25.69,CARRY,62.52,-0.0,-9.62,64.74,-0.01,1,0,336.5,117.5,123.6,2.45,0.33,48.7,,,,,7.656
25.74,CARRY,62.52,-0.0,-9.62,64.87,-0.01,1,0,337.0,114.0,127.1,2.52,0.34,48.6,,,,,7.438
25.79,CARRY,62.77,-0.0,-9.62,64.99,-0.01,1,0,336.5,117.5,123.6,2.45,0.33,49.1,,,,,7.625
25.84,CARRY,62.77,-0.0,-9.62,65.12,-0.01,1,0,337.0,114.0,127.1,2.52,0.34,48.8,,,,,7.406
25.89,CARRY,63.02,-0.0,-9.62,65.24,-0.01,1,0,336.5,117.5,123.6,2.45,0.33,50.2,,,,,7.562
25.94,CARRY,63.02,-0.0,-9.62,65.37,-0.01,1,0,337.0,114.0,127.1,2.52,0.34,48.2,,,,,7.375
25.99,CARRY,63.27,-0.0,-9.62,65.5,-0.01,1,0,336.5,117.5,123.6,2.45,0.33,49.2,,,,,7.594
26.04,CARRY,63.27,-0.0,-9.62,65.62,-0.01,1,0,337.0,114.0,127.1,2.52,0.34,48.5,,,,,7.406
26.09,CARRY,63.52,-0.0,-9.62,65.75,-0.01,1,0,336.0,117.5,123.5,2.45,0.32,49.6,,,,,7.562
26.14,CARRY,63.52,-0.0,-9.62,65.87,-0.01,1,0,337.0,114.0,127.1,2.52,0.34,48.4,,,,,7.375
26.19,CARRY,63.78,-0.0,-9.62,66.0,-0.01,1,0,336.0,117.5,123.5,2.45,0.32,49.6,,,,,7.469
26.24,CARRY,63.78,-0.0,-9.62,66.13,-0.01,1,0,337.0,114.0,127.1,2.52,0.34,48.1,,,,,7.188
26.29,CARRY,64.03,-0.0,-9.62,66.25,-0.01,1,0,336.0,117.5,123.5,2.45,0.32,49.4,,,,,7.531
26.35,CARRY,64.03,-0.0,-9.62,66.38,-0.01,1,0,337.0,114.0,127.1,2.52,0.34,48.1,,,,,7.406
26.4,CARRY,64.27,-0.0,-9.62,66.5,-0.01,1,0,336.0,117.5,123.5,2.45,0.32,49.4,,,,,7.688
26.45,CARRY,64.27,-0.0,-9.62,66.63,-0.01,1,0,336.5,114.0,127.1,2.52,0.33,48.3,,,,,7.562
26.5,CARRY,64.53,-0.0,-9.62,66.75,-0.01,1,0,336.0,117.5,123.5,2.45,0.32,49.0,,,,,7.812
26.55,CARRY,64.53,-0.0,-9.62,66.88,-0.01,1,0,336.5,114.0,127.1,2.52,0.33,48.4,,,,,7.594
26.6,CARRY,64.78,-0.0,-9.62,67.0,-0.01,1,0,336.0,117.5,123.5,2.45,0.32,48.9,,,,,7.906
26.65,CARRY,64.78,-0.0,-9.62,67.13,-0.01,1,0,336.5,114.0,127.1,2.52,0.33,48.3,,,,,7.719
26.7,CARRY,65.03,-0.0,-9.62,67.25,-0.01,1,0,335.5,117.5,123.5,2.45,0.31,49.2,,,,,7.969
26.75,CARRY,65.03,-0.0,-9.62,67.38,-0.01,1,0,336.5,114.0,127.1,2.52,0.33,48.1,,,,,7.812
26.8,CARRY,65.28,-0.0,-9.62,67.5,-0.01,1,0,335.5,117.5,123.5,2.45,0.31,49.1,,,,,8.0
26.85,CARRY,65.28,-0.0,-9.62,67.63,-0.01,1,0,336.5,114.0,127.1,2.52,0.33,48.0,,,,,7.812
26.9,CARRY,65.53,-0.0,-9.62,67.76,-0.01,1,0,335.5,117.5,123.5,2.45,0.31,48.6,,,,,8.062
26.95,CARRY,65.53,-0.0,-9.62,67.88,-0.01,1,0,336.5,114.0,127.1,2.52,0.33,48.1,,,,,7.875
27.0,CARRY,65.78,0.0,-9.62,68.01,-0.01,1,0,335.5,117.5,123.5,2.45,0.31,48.4,,,,,8.125
27.05,CARRY,65.78,0.0,-9.62,68.13,-0.01,1,0,336.5,114.0,127.1,2.52,0.33,48.2,,,,,7.938
27.1,CARRY,66.03,-0.0,-9.62,68.26,-0.01,1,0,335.5,117.5,123.5,2.45,0.31,48.3,,,,,8.125
27.15,CARRY,66.03,-0.0,-9.62,68.38,-0.01,1,0,336.5,114.0,127.1,2.52,0.33,48.3,,,,,7.969
27.2,CARRY,66.28,-0.0,-9.62,68.51,-0.01,1,0,335.5,117.5,123.5,2.45,0.31,48.5,,,,,8.125
27.25,CARRY,66.28,-0.0,-9.62,68.63,-0.01,1,0,336.5,114.0,127.1,2.52,0.33,48.3,,,,,7.844
27.3,CARRY,66.53,-0.0,-9.62,68.76,-0.01,1,0,335.5,117.5,123.5,2.45,0.31,49.0,,,,,8.062
27.35,CARRY,66.53,-0.0,-9.62,68.88,-0.01,1,0,336.5,114.0,127.1,2.52,0.33,48.3,,,,,7.844
27.4,CARRY,66.78,-0.0,-9.62,69.01,-0.01,1,0,336.0,117.5,123.5,2.45,0.32,49.3,,,,,7.938
27.45,CARRY,66.78,-0.0,-9.62,69.13,-0.01,1,0,336.5,114.0,127.1,2.52,0.33,48.2,,,,,7.781
27.5,CARRY,67.03,-0.0,-9.62,69.26,-0.01,1,0,336.0,117.5,123.5,2.45,0.32,49.3,,,,,7.844
27.55,CARRY,67.03,-0.0,-9.62,69.38,-0.01,1,0,337.0,114.0,127.1,2.52,0.34,49.4,,,,,7.719
27.6,CARRY,67.28,-0.0,-9.62,69.51,-0.01,1,0,336.0,117.5,123.5,2.45,0.32,49.2,,,,,7.75
27.65,CARRY,67.28,-0.0,-9.62,69.63,-0.01,1,0,337.0,113.5,127.6,2.53,0.34,48.5,,,,,7.781
27.7,CARRY,67.53,-0.0,-9.62,69.76,-0.01,1,0,336.0,117.5,123.5,2.45,0.32,48.5,,,,,7.781
27.75,CARRY,67.53,-0.0,-9.62,69.88,-0.01,1,0,337.0,113.5,127.6,2.53,0.34,48.6,,,,,7.812
27.8,CARRY,67.78,-0.0,-9.62,70.01,-0.01,1,0,336.0,117.5,123.5,2.45,0.32,49.7,,,,,7.844
27.85,CARRY,67.78,-0.0,-9.62,70.14,-0.01,1,0,337.0,113.5,127.6,2.53,0.34,49.9,,,,,7.719
27.9,CARRY,68.03,-0.0,-9.62,70.26,-0.01,1,0,336.5,117.0,124.1,2.46,0.33,50.3,,,,,8.188
27.95,CARRY,68.03,-0.0,-9.62,70.39,-0.01,1,0,337.5,113.5,127.7,2.53,0.35,49.6,,,,,8.125
28.0,CARRY,68.28,-0.0,-9.62,70.52,-0.01,1,0,336.5,117.0,124.1,2.46,0.33,50.3,,,,,8.375
28.05,CARRY,68.28,-0.0,-9.62,70.65,-0.01,1,0,337.5,113.5,127.7,2.53,0.35,48.0,,,,,8.312
28.1,CARRY,68.53,-0.0,-9.62,70.77,-0.01,1,0,336.5,117.0,124.1,2.46,0.33,49.6,,,,,8.438
28.15,CARRY,68.53,-0.0,-9.62,70.9,-0.01,1,0,337.5,113.5,127.7,2.53,0.35,48.0,,,,,8.375
28.2,CARRY,68.78,-0.0,-9.62,71.02,-0.01,1,0,336.5,117.0,124.1,2.46,0.33,48.3,,,,,8.5
28.25,CARRY,68.78,-0.0,-9.62,71.15,-0.01,1,0,337.0,113.5,127.6,2.53,0.34,47.6,,,,,8.375
28.3,CARRY,69.03,-0.0,-9.62,71.27,-0.01,1,0,336.5,117.0,124.1,2.46,0.33,50.7,,,,,8.5
28.36,CARRY,69.03,-0.0,-9.62,71.4,-0.01,1,0,337.5,113.5,127.7,2.53,0.35,51.2,,,,,8.375
28.41,CARRY,69.28,-0.0,-9.62,71.53,-0.01,1,0,335.5,116.5,124.5,2.47,0.31,47.8,,,,,8.188
28.46,CARRY,69.53,-0.0,-9.62,71.66,-0.01,1,0,334.0,128.0,112.9,2.24,0.28,48.1,,,,,8.062
28.51,CARRY,69.53,-0.0,-9.62,71.78,-0.01,1,0,334.5,124.5,116.4,2.31,0.29,47.4,,,,,8.188
28.56,CARRY,69.78,0.0,-9.62,71.91,-0.01,1,0,333.0,135.0,105.8,2.1,0.26,48.3,,,,,7.812
28.61,CARRY,69.78,0.0,-9.62,72.03,-0.01,1,0,333.5,131.5,109.3,2.17,0.27,48.4,,,,,8.0
28.66,CARRY,69.78,0.0,-9.62,72.16,-0.01,1,0,334.0,127.5,113.4,2.25,0.28,48.5,,,,,7.844
28.71,CARRY,70.04,0.0,-9.62,72.28,-0.01,1,0,332.5,138.5,102.3,2.03,0.25,49.7,,,,,7.906
28.76,CARRY,70.28,0.0,-9.62,72.41,-0.01,1,0,331.0,149.5,91.2,1.81,0.22,48.4,,,,,8.125
28.81,CARRY,70.28,0.0,-9.62,72.54,-0.01,1,0,331.0,145.5,95.1,1.89,0.22,47.4,,,,,8.438
28.86,CARRY,70.53,0.0,-9.62,72.66,-0.01,1,0,330.0,155.5,85.1,1.69,0.2,50.5,,,,,8.812
28.91,CARRY,70.53,0.0,-9.62,72.79,-0.01,1,0,330.5,152.0,88.6,1.76,0.21,48.0,,,,,9.188
28.96,CARRY,70.77,0.0,-9.62,72.92,-0.01,1,0,329.5,162.5,78.1,1.55,0.19,47.7,,,,,9.625
29.01,CARRY,70.77,0.0,-9.62,73.04,-0.01,1,0,330.0,158.5,82.1,1.63,0.2,49.8,,,,,9.625
29.06,CARRY,71.0,0.0,-9.62,73.17,-0.01,1,0,328.5,168.5,72.0,1.43,0.17,48.3,,,,,9.75
29.11,CARRY,71.0,0.0,-9.62,73.29,-0.01,1,0,329.0,165.0,75.5,1.5,0.18,49.2,,,,,9.875
29.16,CARRY,71.23,-0.0,-9.62,73.42,-0.01,1,0,327.5,174.5,65.9,1.31,0.15,48.4,,,,,9.75
29.21,CARRY,71.23,-0.0,-9.62,73.54,-0.01,1,0,328.0,171.0,69.5,1.38,0.16,49.1,,,,,9.875
29.26,CARRY,71.44,-0.0,-9.62,73.67,-0.01,1,0,327.0,179.5,60.9,1.21,0.14,48.0,,,,,9.75
29.31,CARRY,71.44,-0.0,-9.62,73.79,-0.01,1,0,328.0,176.0,64.5,1.28,0.16,50.8,,,,,9.812
29.36,CARRY,71.64,-0.0,-9.62,73.92,-0.01,1,0,327.0,183.5,56.9,1.13,0.14,48.8,,,,,9.812
29.41,CARRY,71.64,-0.0,-9.62,74.05,-0.01,1,0,327.5,180.0,60.5,1.2,0.15,49.7,,,,,9.812
29.46,CARRY,71.83,-0.0,-9.62,74.18,-0.01,1,0,326.5,186.5,53.9,1.07,0.13,48.0,,,,,9.312
29.51,CARRY,71.83,-0.0,-9.62,74.3,-0.01,1,0,327.0,183.0,57.4,1.14,0.14,49.6,,,,,9.375
29.57,CARRY,72.01,-0.0,-9.62,74.43,-0.01,1,0,326.0,190.0,50.4,1.0,0.12,47.6,,,,,8.875
29.62,CARRY,72.01,-0.0,-9.62,74.55,-0.01,1,0,326.5,186.5,53.9,1.07,0.13,47.9,,,,,8.812
29.67,CARRY,72.17,-0.01,-9.62,74.68,-0.01,1,0,326.0,192.0,48.4,0.96,0.12,48.0,,,,,8.938
29.72,CARRY,72.17,-0.01,-9.62,74.8,-0.01,1,0,326.5,188.5,51.9,1.03,0.13,48.0,,,,,8.562
29.77,CARRY,72.33,-0.01,-9.62,74.93,-0.01,1,0,325.5,194.5,45.8,0.91,0.11,48.4,,,,,8.5
29.82,CARRY,72.33,-0.01,-9.62,75.05,-0.01,1,0,326.0,190.5,49.9,0.99,0.12,48.7,,,,,8.0
29.87,CARRY,72.48,-0.01,-9.62,75.18,-0.01,1,0,325.5,195.5,44.8,0.89,0.11,48.3,,,,,7.344
29.92,CARRY,72.48,-0.01,-9.62,75.3,-0.01,1,0,325.5,192.0,48.3,0.96,0.11,47.9,,,,,5.719
29.97,CARRY,72.61,-0.01,-9.62,75.43,-0.01,1,0,,,,2.796,0.257,48.1,,,,,-2.703
30.02,CARRY,72.61,-0.01,-9.62,75.55,-0.01,1,1,,,,2.858,0.262,47.9,,,,,-3.109
30.07,CARRY,72.74,-0.01,-9.62,75.68,-0.01,1,1,,,,2.855,0.259,48.1,,,,,-3.484
30.12,CARRY,72.74,-0.01,-9.62,75.8,-0.01,1,1,,,,2.917,0.264,48.7,,,,,-3.625
30.17,CARRY,72.87,-0.01,-9.62,75.93,-0.01,1,1,,,,2.917,0.261,48.0,,,,,-3.844
30.22,CARRY,72.87,-0.01,-9.62,76.05,-0.01,1,1,,,,2.979,0.267,47.6,,,,,-4.062
30.27,CARRY,72.99,-0.01,-9.62,76.18,-0.01,1,1,,,,2.981,0.264,47.8,,,,,-2.766
30.32,CARRY,72.99,-0.01,-9.62,76.3,-0.01,1,1,,,,3.043,0.27,47.6,,,,,-2.812
30.37,CARRY,73.11,-0.01,-9.62,76.43,-0.01,1,1,,,,3.045,0.268,47.9,,,,,-2.531
30.42,CARRY,73.11,-0.01,-9.62,76.55,-0.01,1,1,,,,3.107,0.273,48.8,,,,,-2.703
30.47,CARRY,73.24,-0.01,-9.62,76.68,-0.01,1,1,,,,3.106,0.272,47.9,,,,,-2.578
30.52,CARRY,73.24,-0.01,-9.62,76.8,-0.01,1,1,,,,3.167,0.278,47.8,,,,,-2.562
30.57,CARRY,73.38,-0.01,-9.62,76.93,-0.01,1,1,,,,3.16,0.277,47.9,,,,,-2.188
30.62,CARRY,73.38,-0.01,-9.62,77.05,-0.01,1,1,,,,3.222,0.283,47.9,,,,,-2.281
30.67,CARRY,73.53,-0.01,-9.62,77.18,-0.01,1,1,,,,3.206,0.283,47.9,,,,,-2.547
30.72,CARRY,73.53,-0.01,-9.62,77.31,-0.01,1,1,,,,3.268,0.288,48.8,,,,,-2.156
30.77,CARRY,73.71,-0.02,-9.62,77.43,-0.01,1,1,,,,3.24,0.287,48.0,,,,,-2.141
30.82,CARRY,73.71,-0.02,-9.62,77.56,-0.01,1,1,,,,3.302,0.293,47.8,,,,,-2.312
30.87,CARRY,73.92,-0.03,-9.62,77.68,-0.01,1,1,,,,3.262,0.288,47.8,,,,,-2.578
30.92,CARRY,73.92,-0.03,-9.62,77.81,-0.01,1,1,,,,3.324,0.294,47.9,,,,,-2.656
30.97,CARRY,74.14,-0.03,-9.62,77.93,-0.01,1,1,,,,3.273,0.287,48.3,,,,,-2.984
31.02,CARRY,74.14,-0.03,-9.62,78.06,-0.01,1,1,,,,3.334,0.292,49.3,,,,,-2.984
31.07,CARRY,74.39,-0.05,-9.62,78.18,-0.01,1,1,,,,3.273,0.284,48.2,,,,,-2.953
31.12,CARRY,74.39,-0.05,-9.62,78.31,-0.01,1,1,,,,3.335,0.29,47.8,,,,,-2.922
31.17,CARRY,74.66,-0.06,-9.62,78.43,-0.01,1,1,,,,3.265,0.282,47.2,,,,,-3.0
31.22,CARRY,74.66,-0.06,-9.62,78.56,-0.01,1,1,,,,3.327,0.287,47.8,,,,,-3.031
31.27,CARRY,74.93,-0.07,-9.62,78.68,-0.01,1,1,,,,3.25,0.28,48.1,,,,,-3.125
31.32,CARRY,74.93,-0.07,-9.62,78.81,-0.01,1,1,,,,3.312,0.285,48.9,,,,,-3.188
31.37,CARRY,75.22,-0.08,-9.62,78.93,-0.01,1,1,,,,3.23,0.278,48.3,,,,,-2.953
31.42,CARRY,75.22,-0.08,-9.62,79.06,-0.01,1,1,,,,3.292,0.283,47.6,,,,,-3.0
31.47,CARRY,75.52,-0.1,-9.63,79.18,-0.01,1,1,,,,3.207,0.276,47.7,,,,,-3.25
31.52,CARRY,75.52,-0.1,-9.63,79.31,-0.01,1,1,,,,3.269,0.282,48.0,,,,,-3.312
31.57,CARRY,75.82,-0.11,-9.63,79.43,-0.01,1,1,,,,3.181,0.275,48.1,,,,,-3.453
31.62,CARRY,75.82,-0.11,-9.63,79.56,-0.01,1,1,,,,3.243,0.28,48.5,,,,,-3.438
31.67,CARRY,76.12,-0.13,-9.63,79.68,-0.01,1,1,,,,3.153,0.273,48.4,,,,,-3.438
31.72,CARRY,76.12,-0.13,-9.63,79.81,-0.01,1,1,,,,3.214,0.279,48.0,,,,,-3.344
31.77,CARRY,76.43,-0.15,-9.63,79.93,-0.01,1,1,,,,3.123,0.272,48.4,,,,,-3.672
31.82,CARRY,76.43,-0.15,-9.63,80.06,-0.01,1,1,,,,3.185,0.277,47.9,,,,,-3.5
31.87,CARRY,76.74,-0.16,-9.63,80.18,-0.01,1,1,,,,3.093,0.27,48.3,,,,,-3.078
31.92,CARRY,76.74,-0.16,-9.63,80.31,-0.01,1,1,,,,3.155,0.276,48.9,,,,,-3.016
31.97,CARRY,77.05,-0.18,-9.62,80.43,-0.01,1,1,,,,3.062,0.268,48.5,,,,,-3.203
32.02,CARRY,77.05,-0.18,-9.62,80.56,-0.01,1,1,,,,3.124,0.273,48.0,,,,,-3.406
32.07,CARRY,77.36,-0.2,-9.62,80.68,-0.01,1,1,,,,3.032,0.267,48.6,,,,,-3.156
32.12,CARRY,77.36,-0.2,-9.62,80.81,-0.01,1,1,,,,3.094,0.272,47.9,,,,,-3.016
32.17,CARRY,77.66,-0.21,-9.62,80.93,-0.01,1,1,,,,3.001,0.264,48.6,,,,,-3.328
32.22,CARRY,77.66,-0.21,-9.62,81.06,-0.01,1,1,,,,3.063,0.27,48.8,,,,,-3.516
32.27,CARRY,77.97,-0.23,-9.62,81.18,-0.01,1,1,,,,2.97,0.262,48.5,,,,,-4.312
32.32,CARRY,77.97,-0.23,-9.62,81.31,-0.01,1,1,,,,3.032,0.268,47.8,,,,,-4.406
32.37,CARRY,78.28,-0.24,-9.62,81.44,-0.01,1,1,,,,2.941,0.26,48.5,,,,,-3.484
32.42,CARRY,78.28,-0.24,-9.62,81.56,-0.01,1,1,,,,3.003,0.265,47.8,,,,,-4.875
32.47,CARRY,78.59,-0.26,-9.62,81.69,-0.01,1,1,,,,2.913,0.258,49.0,,,,,-8.625
32.52,CARRY,78.59,-0.26,-9.62,81.81,-0.01,1,1,,,,2.975,0.263,48.9,,,,,-8.688
32.57,CARRY,78.89,-0.27,-9.62,81.94,-0.01,1,1,,,,2.887,0.256,48.7,,,,,-8.75
32.62,CARRY,78.89,-0.27,-9.62,82.06,-0.01,1,1,,,,2.948,0.261,47.9,,,,,-8.812
32.67,CARRY,79.19,-0.29,-9.62,82.19,-0.01,1,1,,,,2.86,0.254,48.5,,,,,-8.812
32.72,CARRY,79.19,-0.29,-9.62,82.31,-0.01,1,1,,,,2.922,0.259,47.8,,,,,-8.812
32.77,CARRY,79.49,-0.3,-9.62,82.44,-0.01,1,1,,,,2.834,0.252,48.4,,,,,-8.812
32.82,CARRY,79.49,-0.3,-9.62,82.56,-0.01,1,1,,,,2.896,0.257,48.8,,,,,-8.812
32.87,CARRY,79.79,-0.31,-9.62,82.69,-0.01,1,1,,,,2.809,0.25,48.4,,,,,-8.812
32.92,REGROUND,79.79,-0.31,-9.62,82.81,-0.01,1,1,,,,2.871,0.255,48.3,,,,,-8.812
32.97,REGROUND,80.08,-0.33,-9.62,82.94,-0.01,1,1,,,,2.784,0.247,3.0,,,,,
33.02,REGROUND,80.08,-0.33,-9.62,83.06,-0.01,1,1,,,,2.846,0.252,0.7,,,,,
33.07,REGROUND,80.38,-0.34,-9.62,83.19,-0.01,1,1,,,,2.76,0.244,1.3,,,,,
33.12,REGROUND,80.38,-0.34,-9.62,83.31,-0.01,1,1,,,,2.822,0.25,0.9,,,,,
33.17,REGROUND,80.67,-0.35,-9.62,83.44,-0.01,1,1,,,,2.738,0.242,1.4,,,,,
33.22,REGROUND,80.67,-0.35,-9.62,83.56,-0.01,1,1,,,,2.8,0.247,0.8,,,,,
33.27,REGROUND,80.97,-0.36,-9.62,83.69,-0.01,1,1,,,,2.716,0.239,1.6,,,,,
33.32,REGROUND,80.97,-0.36,-9.62,83.81,-0.01,1,1,,,,2.778,0.244,0.9,,,,,
33.37,REGROUND,81.26,-0.37,-9.62,83.94,-0.01,1,1,,,,2.695,0.236,1.6,,,,,
33.42,REGROUND,81.26,-0.37,-9.62,84.06,-0.01,1,1,,,,2.757,0.241,0.9,,,,,
33.47,REGROUND,81.55,-0.38,-9.62,84.19,-0.01,1,1,,,,2.675,0.234,1.3,,,,,
33.52,REGROUND,81.55,-0.38,-9.62,84.31,-0.01,1,1,,,,2.737,0.239,0.9,,,,,
33.57,REGROUND,81.83,-0.4,-9.62,84.44,-0.01,1,1,,,,2.656,0.231,1.5,,,,,
33.62,REGROUND,81.83,-0.4,-9.62,84.56,-0.01,1,1,,,,2.718,0.236,0.8,,,,,
33.67,REGROUND,82.12,-0.41,-9.62,84.69,-0.01,1,1,,,,2.637,0.228,1.5,,,,,
33.72,REGROUND,82.12,-0.41,-9.62,84.81,-0.01,1,1,,,,2.699,0.234,0.8,,,,,
33.77,REGROUND,82.4,-0.42,-9.62,84.94,-0.01,1,1,,,,2.62,0.226,1.2,,,,,
33.82,REGROUND,82.4,-0.42,-9.62,85.06,-0.01,1,1,,,,2.682,0.231,0.9,,,,,
33.87,REGROUND,82.68,-0.43,-9.62,85.19,-0.01,1,1,,,,2.603,0.223,1.4,,,,,
33.92,REGROUND,82.68,-0.43,-9.62,85.32,-0.01,1,1,,,,2.665,0.229,0.8,,,,,
33.97,REGROUND,82.96,-0.44,-9.62,85.44,-0.01,1,1,,,,2.587,0.221,1.3,,,,,
34.02,REGROUND,82.96,-0.44,-9.62,85.57,-0.01,1,1,,,,2.649,0.226,0.9,,,,,
34.07,REGROUND,83.24,-0.45,-9.62,85.69,-0.01,1,1,,,,2.572,0.219,1.3,,,,,
34.12,REGROUND,83.24,-0.45,-9.62,85.82,-0.01,1,1,,,,2.634,0.224,0.9,,,,,
34.17,REGROUND,83.52,-0.46,-9.62,85.94,-0.01,1,1,,,,2.558,0.217,1.3,,,,,
34.22,REGROUND,83.52,-0.46,-9.62,86.07,-0.01,1,1,,,,2.62,0.222,0.9,,,,,
34.27,REGROUND,83.8,-0.47,-9.62,86.19,-0.01,1,1,,,,2.544,0.215,1.4,,,,,
34.32,REGROUND,83.8,-0.47,-9.62,86.32,-0.01,1,1,,,,2.606,0.22,0.9,,,,,
34.37,REGROUND,84.07,-0.48,-9.62,86.44,-0.01,1,1,,,,2.53,0.213,1.5,,,,,
34.42,REGROUND,84.07,-0.48,-9.62,86.57,-0.01,1,1,,,,2.592,0.218,0.9,,,,,
34.47,REGROUND,84.35,-0.49,-9.62,86.69,-0.01,1,1,,,,2.517,0.211,1.4,,,,,
34.52,REGROUND,84.35,-0.49,-9.62,86.82,-0.01,1,1,,,,2.579,0.216,0.8,,,,,
34.57,REGROUND,84.62,-0.5,-9.62,86.94,-0.01,1,1,,,,2.506,0.21,1.6,,,,,
34.62,REGROUND,84.62,-0.5,-9.62,87.07,-0.01,1,1,,,,2.568,0.215,0.9,,,,,
34.67,REGROUND,84.88,-0.52,-9.62,87.19,-0.01,1,1,,,,2.497,0.209,1.6,,,,,
34.72,REGROUND,84.88,-0.52,-9.62,87.32,-0.01,1,1,,,,2.558,0.214,0.7,,,,,
34.77,REGROUND,85.15,-0.53,-9.62,87.44,-0.01,1,1,,,,2.487,0.207,1.5,,,,,
34.82,REGROUND,85.15,-0.53,-9.62,87.57,-0.01,1,1,,,,2.549,0.213,0.9,,,,,
34.87,REGROUND,85.42,-0.54,-9.62,87.69,-0.01,1,1,,,,2.478,0.207,1.3,,,,,
34.92,REGROUND,85.42,-0.54,-9.62,87.82,-0.01,1,1,,,,2.54,0.212,0.9,,,,,
34.97,REGROUND,85.68,-0.55,-9.62,87.94,-0.01,1,1,,,,2.47,0.206,1.3,,,,,
35.02,REGROUND,85.68,-0.55,-9.62,88.07,-0.01,1,0,,,,2.532,0.211,0.8,,,,,
35.07,REGROUND,85.95,-0.56,-9.62,88.19,-0.01,1,0,,,,2.462,0.205,1.4,,,,,
35.12,REGROUND,85.95,-0.56,-9.62,88.32,-0.01,1,0,,,,2.524,0.21,0.8,,,,,
35.17,REGROUND,86.21,-0.57,-9.62,88.44,-0.01,1,0,,,,2.455,0.204,3.1,,,,,
35.22,REGROUND,86.21,-0.57,-9.62,88.57,-0.01,1,0,,,,2.517,0.21,0.7,,,,,
35.27,REGROUND,86.47,-0.58,-9.62,88.69,-0.01,1,0,,,,2.449,0.204,1.6,,,,,
35.32,REGROUND,86.47,-0.58,-9.62,88.82,-0.01,1,0,,,,2.511,0.209,1.0,,,,,
35.37,REGROUND,86.73,-0.6,-9.62,88.95,-0.01,1,0,,,,2.445,0.203,1.3,,,,,
35.42,REGROUND,86.73,-0.6,-9.62,89.07,-0.01,1,0,,,,2.507,0.209,0.9,,,,,
35.47,REGROUND,86.98,-0.61,-9.62,89.2,-0.01,1,0,,,,2.44,0.203,1.5,,,,,
35.52,REGROUND,86.98,-0.61,-9.62,89.32,-0.01,1,0,,,,2.502,0.208,0.9,,,,,
35.57,REGROUND,87.24,-0.62,-9.62,89.45,-0.01,1,0,,,,2.437,0.203,1.5,,,,,
35.62,REGROUND,87.24,-0.62,-9.62,89.57,-0.01,1,0,,,,2.499,0.208,0.9,,,,,
35.67,REGROUND,87.49,-0.63,-9.62,89.7,-0.01,1,0,,,,2.434,0.203,1.5,,,,,
35.72,REGROUND,87.49,-0.63,-9.62,89.82,-0.01,1,0,,,,2.496,0.208,0.9,,,,,
35.77,REGROUND,87.75,-0.64,-9.62,89.95,-0.01,1,0,,,,2.431,0.202,1.3,,,,,
35.82,REGROUND,87.75,-0.64,-9.62,90.07,-0.01,1,0,,,,2.493,0.208,0.9,,,,,
35.87,REGROUND,88.0,-0.65,-9.62,90.2,-0.01,1,0,,,,2.429,0.202,1.5,,,,,
35.92,REGROUND,88.0,-0.65,-9.62,90.32,-0.01,1,0,,,,2.491,0.208,0.8,,,,,
35.97,REGROUND,88.25,-0.66,-9.62,90.45,-0.01,1,0,,,,2.428,0.202,1.5,,,,,
36.02,REGROUND,88.25,-0.66,-9.62,90.57,-0.01,1,0,,,,2.49,0.208,0.9,,,,,
36.07,REGROUND,88.5,-0.68,-9.62,90.7,-0.01,1,0,,,,2.427,0.203,1.5,,,,,
36.12,REGROUND,88.5,-0.68,-9.62,90.82,-0.01,1,0,,,,2.489,0.208,0.9,,,,,
36.17,REGROUND,88.75,-0.69,-9.62,90.95,-0.01,1,0,,,,2.426,0.203,1.5,,,,,
36.22,REGROUND,88.75,-0.69,-9.62,91.07,-0.01,1,0,,,,2.488,0.208,0.9,,,,,
36.27,REGROUND,89.0,-0.7,-9.62,91.2,-0.01,1,0,,,,2.426,0.203,1.5,,,,,
36.32,REGROUND,89.0,-0.7,-9.62,91.32,-0.01,1,0,,,,2.488,0.208,0.9,,,,,
36.37,REGROUND,89.25,-0.71,-9.62,91.45,-0.01,1,0,,,,2.426,0.203,1.5,,,,,
36.42,REGROUND,89.25,-0.71,-9.62,91.57,-0.01,1,0,,,,2.488,0.208,0.8,,,,,
36.47,REGROUND,89.5,-0.72,-9.62,91.7,-0.01,1,0,,,,2.425,0.203,1.4,,,,,
36.52,REGROUND,89.5,-0.72,-9.62,91.82,-0.01,1,0,,,,2.487,0.208,0.8,,,,,
36.57,REGROUND,89.74,-0.73,-9.62,91.95,-0.01,1,0,,,,2.426,0.203,1.5,,,,,
36.62,REGROUND,89.74,-0.73,-9.62,92.07,-0.01,1,0,,,,2.488,0.209,0.8,,,,,
36.67,REGROUND,89.99,-0.74,-9.62,92.2,-0.01,1,0,,,,2.427,0.204,1.6,,,,,
36.72,REGROUND,89.99,-0.74,-9.62,92.33,-0.01,1,0,,,,2.489,0.209,0.7,,,,,
36.77,REGROUND,90.23,-0.76,-9.62,92.45,-0.01,1,0,,,,2.429,0.204,1.3,,,,,
36.82,REGROUND,90.23,-0.76,-9.62,92.58,-0.01,1,0,,,,2.491,0.209,0.9,,,,,
36.87,REGROUND,90.48,-0.77,-9.62,92.7,-0.01,1,0,,,,2.43,0.204,1.5,,,,,
36.92,REGROUND,90.48,-0.77,-9.62,92.83,-0.01,1,0,,,,2.492,0.21,0.9,,,,,
36.97,REGROUND,90.73,-0.78,-9.62,92.95,-0.01,1,0,,,,2.431,0.205,1.3,,,,,
37.02,REGROUND,90.73,-0.78,-9.62,93.08,-0.01,1,0,,,,2.493,0.21,0.9,,,,,
37.07,REGROUND,90.97,-0.79,-9.62,93.2,-0.01,1,0,,,,2.432,0.205,1.5,,,,,
37.12,REGROUND,90.97,-0.79,-9.62,93.33,-0.01,1,0,,,,2.494,0.21,0.8,,,,,
37.17,REGROUND,91.22,-0.8,-9.62,93.45,-0.01,1,0,,,,2.433,0.205,1.4,,,,,
37.23,REGROUND,91.22,-0.8,-9.62,93.58,-0.01,1,0,,,,2.495,0.211,0.6,,,,,
37.28,REGROUND,91.46,-0.81,-9.62,93.7,-0.01,1,0,,,,2.434,0.206,1.5,,,,,
37.33,REGROUND,91.46,-0.81,-9.62,93.83,-0.01,1,0,,,,2.496,0.211,0.9,,,,,
37.38,REGROUND,91.71,-0.82,-9.62,93.95,-0.01,1,0,,,,2.435,0.206,1.8,,,,,
37.43,REGROUND,91.71,-0.82,-9.62,94.08,-0.01,1,0,,,,2.497,0.211,4.2,,,,,
37.48,REGROUND,91.95,-0.84,-9.62,94.2,-0.01,1,0,,,,2.437,0.206,1.6,,,,,
37.53,REGROUND,91.95,-0.84,-9.62,94.33,-0.01,1,0,,,,2.499,0.212,0.8,,,,,
37.58,REGROUND,92.2,-0.85,-9.62,94.45,-0.01,1,0,,,,2.438,0.207,1.8,,,,,
37.63,REGROUND,92.2,-0.85,-9.62,94.58,-0.01,1,0,,,,2.5,0.212,0.7,,,,,
37.68,REGROUND,92.44,-0.86,-9.62,94.7,-0.01,1,0,,,,2.44,0.207,1.5,,,,,
37.73,REGROUND,92.44,-0.86,-9.62,94.83,-0.01,1,0,,,,2.502,0.212,0.8,,,,,
37.78,REGROUND,92.69,-0.87,-9.62,94.95,-0.01,1,0,,,,2.441,0.207,1.1,,,,,
37.83,REGROUND,92.69,-0.87,-9.62,95.08,-0.01,1,0,,,,2.503,0.213,0.9,,,,,
37.88,REGROUND,92.94,-0.88,-9.62,95.2,-0.01,1,0,,,,2.442,0.208,1.5,,,,,
37.93,REGROUND,92.94,-0.88,-9.62,95.33,-0.01,1,0,,,,2.504,0.213,0.9,,,,,
37.98,REGROUND,93.18,-0.89,-9.62,95.45,-0.01,1,0,,,,2.444,0.208,1.5,,,,,
38.03,REGROUND,93.18,-0.89,-9.62,95.58,-0.01,1,0,,,,2.506,0.213,0.8,,,,,
38.08,REGROUND,93.43,-0.9,-9.62,95.7,-0.01,1,0,,,,2.445,0.208,1.4,,,,,
38.13,REGROUND,93.43,-0.9,-9.62,95.83,-0.01,1,0,,,,2.507,0.214,0.9,,,,,
38.18,REGROUND,93.67,-0.92,-9.62,95.96,-0.01,1,0,,,,2.446,0.209,1.7,,,,,
38.23,REGROUND,93.67,-0.92,-9.62,96.08,-0.01,1,0,,,,2.508,0.214,0.9,,,,,
38.28,REGROUND,93.92,-0.93,-9.62,96.21,-0.01,1,0,,,,2.447,0.209,1.4,,,,,
38.33,REGROUND,93.92,-0.93,-9.62,96.33,-0.01,1,0,,,,2.509,0.215,0.9,,,,,
38.38,REGROUND,94.17,-0.94,-9.62,96.46,-0.01,1,0,,,,2.448,0.21,1.3,,,,,
38.43,REGROUND,94.17,-0.94,-9.62,96.58,-0.01,1,0,,,,2.51,0.215,0.9,,,,,
38.48,REGROUND,94.41,-0.95,-9.62,96.71,-0.01,1,0,,,,2.448,0.21,1.5,,,,,
38.53,REGROUND,94.41,-0.95,-9.62,96.83,-0.01,1,0,,,,2.51,0.215,0.8,,,,,
38.58,REGROUND,94.66,-0.96,-9.62,96.96,-0.01,1,0,,,,2.45,0.21,1.5,,,,,
38.63,REGROUND,94.66,-0.96,-9.62,97.08,-0.01,1,0,,,,2.512,0.216,0.7,,,,,
38.68,REGROUND,94.9,-0.97,-9.62,97.21,-0.01,1,0,,,,2.451,0.211,1.5,,,,,
38.73,REGROUND,94.9,-0.97,-9.62,97.33,-0.01,1,0,,,,2.513,0.216,0.8,,,,,
38.78,REGROUND,95.15,-0.98,-9.62,97.46,-0.01,1,0,,,,2.453,0.211,1.5,,,,,
38.83,REGROUND,95.15,-0.98,-9.62,97.58,-0.01,1,0,,,,2.515,0.216,0.9,,,,,
38.88,REGROUND,95.39,-0.99,-9.62,97.71,-0.01,1,0,,,,2.454,0.211,1.4,,,,,
38.93,REGROUND,95.39,-0.99,-9.62,97.83,-0.01,1,0,,,,2.516,0.216,0.9,,,,,
38.98,REGROUND,95.64,-1.01,-9.62,97.96,-0.01,1,0,,,,2.455,0.211,1.5,,,,,
39.03,REGROUND,95.64,-1.01,-9.62,98.08,-0.01,1,0,,,,2.517,0.216,0.9,,,,,
39.08,REGROUND,95.89,-1.02,-9.62,98.21,-0.01,1,0,,,,2.455,0.211,1.6,,,,,
39.13,REGROUND,95.89,-1.02,-9.62,98.33,-0.01,1,0,,,,2.517,0.216,0.8,,,,,
39.18,REGROUND,96.14,-1.03,-9.62,98.46,-0.01,1,0,,,,2.456,0.211,1.5,,,,,
39.23,REGROUND,96.14,-1.03,-9.62,98.58,-0.01,1,0,,,,2.518,0.216,0.8,,,,,
39.28,REGROUND,96.39,-1.04,-9.62,98.71,-0.01,1,0,,,,2.455,0.211,1.5,,,,,
39.33,REGROUND,96.39,-1.04,-9.62,98.83,-0.01,1,0,,,,2.517,0.216,0.9,,,,,
39.38,REGROUND,96.63,-1.05,-9.62,98.96,-0.01,1,0,,,,2.455,0.211,1.4,,,,,
39.43,REGROUND,96.63,-1.05,-9.62,99.08,-0.01,1,0,,,,2.517,0.216,0.8,,,,,
39.48,REGROUND,96.88,-1.06,-9.62,99.21,-0.01,1,0,,,,2.455,0.211,1.3,,,,,
39.53,REGROUND,96.88,-1.06,-9.62,99.33,-0.01,1,0,,,,2.517,0.216,0.9,,,,,
39.58,REGROUND,97.13,-1.07,-9.62,99.46,-0.01,1,0,,,,2.455,0.211,1.6,,,,,
39.63,REGROUND,97.13,-1.07,-9.62,99.59,-0.01,1,0,,,,2.517,0.216,1.0,,,,,
39.68,CARRY,97.38,-1.08,-9.62,99.71,-0.01,1,0,,,,2.504,1.0,213.6,,,,,
39.89,CARRY,97.88,-1.1,-9.62,100.25,-0.01,1,0,399.5,117.0,146.5,2.46,1.59,46.1,,,,,10.188
39.94,CARRY,97.88,-1.1,-9.62,100.37,-0.01,1,0,400.5,114.0,149.5,2.52,1.61,48.2,,,,,10.25
39.99,CARRY,98.13,-1.12,-9.62,100.5,-0.01,1,0,400.5,117.5,146.6,2.45,1.61,47.9,,,,,10.375
40.04,CARRY,98.13,-1.12,-9.62,100.62,-0.01,1,0,401.5,114.0,150.1,2.52,1.63,62.0,,,,,10.375
40.11,CARRY,98.38,-1.13,-9.62,100.78,-0.01,1,0,401.5,116.5,148.0,2.47,1.63,48.4,,,,,10.375
40.16,CARRY,98.63,-1.13,-9.62,100.91,-0.01,1,0,401.0,120.5,144.4,2.39,1.62,47.3,,,,,10.438
40.21,CARRY,98.63,-1.13,-9.62,101.03,-0.01,1,0,401.5,116.5,148.0,2.47,1.63,48.5,,,,,10.562
40.26,CARRY,98.63,-1.13,-9.62,101.16,-0.01,1,0,402.5,113.0,151.4,2.54,1.65,48.1,,,,,10.625
40.31,CARRY,98.88,-1.13,-9.62,101.28,-0.01,1,0,401.5,117.0,147.6,2.46,1.63,49.2,,,,,10.5
40.36,CARRY,98.88,-1.13,-9.62,101.41,-0.01,1,0,402.5,113.0,151.4,2.54,1.65,48.3,,,,,10.438
40.41,CARRY,99.14,-1.12,-9.62,101.53,-0.01,1,0,401.0,117.0,147.3,2.46,1.62,51.9,,,,,10.375
40.46,CARRY,99.39,-1.09,-9.62,101.66,-0.01,1,0,398.5,120.0,143.4,2.4,1.57,49.2,,,,,10.062
40.51,CARRY,99.39,-1.09,-9.62,101.79,-0.01,1,0,399.5,116.5,146.9,2.47,1.59,49.2,,,,,9.875
40.56,CARRY,99.65,-1.04,-9.62,101.92,-0.01,1,0,395.5,120.5,141.4,2.39,1.51,49.4,,,,,9.875
40.61,CARRY,99.65,-1.04,-9.62,102.04,-0.01,1,0,396.0,116.5,145.0,2.47,1.52,49.4,,,,,9.688
40.66,CARRY,99.92,-0.97,-9.62,102.17,-0.01,1,0,391.0,122.0,137.7,2.36,1.42,49.4,,,,,9.25
40.71,CARRY,99.92,-0.97,-9.62,102.29,-0.01,1,0,392.0,122.0,138.2,2.36,1.44,48.3,,,,,9.438
40.76,CARRY,100.18,-0.89,-9.62,102.42,-0.01,1,0,386.0,129.5,128.7,2.21,1.32,49.4,,,,,9.562
40.81,CARRY,100.18,-0.89,-9.62,102.55,-0.01,1,0,387.0,129.5,129.2,2.21,1.34,49.9,,,,,9.75
40.86,CARRY,100.44,-0.8,-9.62,102.67,-0.01,1,0,381.0,120.0,134.6,2.4,1.22,49.4,,,,,9.688
40.91,CARRY,100.44,-0.8,-9.62,102.8,-0.01,1,0,382.0,116.5,138.2,2.47,1.24,49.0,,,,,10.062
40.96,CARRY,100.7,-0.71,-9.62,102.92,-0.01,1,0,375.5,120.0,132.2,2.4,1.11,51.1,,,,,9.688
41.02,CARRY,100.7,-0.71,-9.62,103.06,-0.01,1,0,376.0,116.0,136.1,2.48,1.12,48.8,,,,,9.812
41.07,CARRY,100.96,-0.61,-9.62,103.18,-0.01,1,0,370.0,119.5,130.5,2.41,1.0,50.3,,,,,9.375
41.12,CARRY,100.96,-0.61,-9.62,103.31,-0.01,1,0,371.0,116.0,134.1,2.48,1.02,49.0,,,,,9.562
41.17,CARRY,101.22,-0.51,-9.62,103.43,-0.01,1,0,364.0,119.5,128.3,2.41,0.88,50.0,,,,,9.438
41.22,CARRY,101.22,-0.51,-9.62,103.56,-0.01,1,0,365.0,115.5,132.4,2.49,0.9,49.5,,,,,9.562
41.27,CARRY,101.47,-0.41,-9.62,103.69,-0.01,1,0,359.0,119.0,127.1,2.42,0.78,48.5,,,,,9.188
41.32,CARRY,101.47,-0.41,-9.62,103.81,-0.01,1,0,360.0,115.5,130.8,2.49,0.8,50.8,,,,,9.25
41.37,CARRY,101.73,-0.32,-9.62,103.94,-0.01,1,0,353.5,119.0,125.6,2.42,0.67,48.4,,,,,9.188
41.42,CARRY,101.73,-0.32,-9.62,104.07,-0.01,1,0,354.0,115.5,129.1,2.49,0.68,49.5,,,,,9.188
41.47,CARRY,101.99,-0.23,-9.62,104.19,-0.01,1,0,348.5,118.5,124.8,2.43,0.57,49.1,,,,,9.188
41.52,CARRY,101.99,-0.23,-9.62,104.32,-0.01,1,0,349.5,115.0,128.4,2.5,0.59,49.4,,,,,9.312
41.57,CARRY,102.24,-0.15,-9.62,104.45,-0.01,1,0,344.0,118.5,123.8,2.43,0.48,48.8,,,,,9.812
41.62,CARRY,102.24,-0.15,-9.62,104.57,-0.01,1,0,345.0,115.0,127.5,2.5,0.5,48.4,,,,,9.875
41.67,CARRY,102.5,-0.08,-9.62,104.7,-0.01,1,0,340.0,118.5,123.1,2.43,0.4,48.1,,,,,9.938
41.72,CARRY,102.5,-0.08,-9.62,104.82,-0.01,1,0,341.0,115.0,126.8,2.5,0.42,47.3,,,,,10.0
41.77,CARRY,102.75,-0.02,-9.62,104.95,-0.01,1,0,336.0,118.5,122.5,2.43,0.32,48.6,,,,,10.188
41.82,CARRY,102.75,-0.02,-9.62,105.07,-0.01,1,0,337.0,115.0,126.2,2.5,0.34,47.1,,,,,9.875
41.87,CARRY,103.01,0.04,-9.62,105.2,-0.01,1,0,333.0,118.5,122.2,2.43,0.26,48.2,,,,,9.812
41.92,CARRY,103.01,0.04,-9.62,105.32,-0.01,1,0,334.0,114.5,126.3,2.51,0.28,46.9,,,,,9.688
41.97,CARRY,103.26,0.08,-9.62,105.45,-0.01,1,0,330.0,118.0,122.4,2.44,0.2,48.0,,,,,9.562
42.02,CARRY,103.26,0.08,-9.62,105.57,-0.01,1,0,331.0,114.5,126.0,2.51,0.22,47.0,,,,,9.438
42.07,CARRY,103.51,0.12,-9.62,105.7,-0.01,1,0,328.0,118.0,122.3,2.44,0.16,48.1,,,,,9.312
42.12,CARRY,103.51,0.12,-9.62,105.82,-0.01,1,0,329.0,114.5,125.8,2.51,0.18,46.9,,,,,9.25
42.17,CARRY,103.76,0.15,-9.62,105.95,-0.01,1,0,326.0,118.0,122.1,2.44,0.12,48.2,,,,,9.188
42.22,CARRY,103.76,0.15,-9.62,106.07,-0.01,1,0,327.0,114.5,125.7,2.51,0.14,46.7,,,,,9.125
42.27,CARRY,104.01,0.17,-9.62,106.2,-0.01,1,0,325.0,120.5,119.6,2.39,0.1,47.3,,,,,9.062
42.32,CARRY,104.01,0.17,-9.62,106.32,-0.01,1,0,326.0,120.5,119.7,2.39,0.12,47.9,,,,,8.938
42.37,CARRY,104.26,0.19,-9.62,106.45,-0.01,1,0,324.0,128.0,112.1,2.24,0.08,49.2,,,,,8.688
42.42,CARRY,104.26,0.19,-9.62,106.57,-0.01,1,0,325.0,128.0,112.1,2.24,0.1,48.3,,,,,9.25
42.47,CARRY,104.51,0.2,-9.62,106.7,-0.01,1,0,324.0,135.0,105.1,2.1,0.08,48.8,,,,,9.438
42.52,CARRY,104.51,0.2,-9.62,106.82,-0.01,1,0,325.0,114.0,126.1,2.52,0.1,48.4,,,,,9.562
42.57,CARRY,104.76,0.2,-9.62,106.95,-0.01,1,0,324.0,117.5,122.6,2.45,0.08,49.1,,,,,9.5
42.62,CARRY,104.76,0.2,-9.62,107.07,-0.01,1,0,324.5,114.0,126.1,2.52,0.09,48.2,,,,,9.5
42.67,CARRY,105.01,0.2,-9.62,107.2,-0.01,1,0,324.0,117.5,122.6,2.45,0.08,50.2,,,,,9.375
42.73,CARRY,105.01,0.2,-9.62,107.33,-0.01,1,0,325.0,114.0,126.1,2.52,0.1,46.7,,,,,9.438
42.78,CARRY,105.25,0.19,-9.62,107.45,-0.01,1,0,324.0,117.0,123.1,2.46,0.08,49.0,,,,,9.438
42.83,CARRY,105.25,0.19,-9.62,107.58,-0.01,1,0,325.0,113.5,126.6,2.53,0.1,48.3,,,,,9.312
42.88,CARRY,105.48,0.19,-9.62,107.7,-0.01,1,0,324.5,117.0,123.1,2.46,0.09,48.8,,,,,9.5
42.93,CARRY,105.48,0.19,-9.62,107.83,-0.01,1,0,325.5,113.5,126.6,2.53,0.11,48.6,,,,,9.312
42.98,CARRY,105.72,0.18,-9.62,107.95,-0.01,1,0,325.0,116.5,123.6,2.47,0.1,49.1,,,,,9.562
43.03,CARRY,105.72,0.18,-9.62,108.08,-0.01,1,0,326.0,113.0,127.1,2.54,0.12,48.4,,,,,9.438
43.08,CARRY,105.95,0.17,-9.62,108.2,-0.01,1,0,326.0,116.0,124.1,2.48,0.12,49.0,,,,,9.562
43.13,CARRY,105.95,0.17,-9.62,108.33,-0.01,1,0,327.0,112.5,127.7,2.55,0.14,48.4,,,,,9.688
43.18,CARRY,106.19,0.15,-9.62,108.45,-0.01,1,0,327.0,116.0,124.2,2.48,0.14,49.0,,,,,9.812
43.23,CARRY,106.19,0.15,-9.62,108.58,-0.01,1,0,328.0,112.0,128.2,2.56,0.16,49.8,,,,,10.0
43.28,CARRY,106.43,0.14,-9.62,108.71,-0.01,1,0,328.0,115.5,124.8,2.49,0.16,49.3,,,,,10.125
43.33,CARRY,106.43,0.14,-9.62,108.83,-0.01,1,0,329.0,112.0,128.3,2.56,0.18,48.5,,,,,10.312
43.38,CARRY,106.68,0.12,-9.62,108.96,-0.01,1,0,329.0,115.5,124.8,2.49,0.18,49.0,,,,,10.375
43.43,CARRY,106.68,0.12,-9.62,109.08,-0.01,1,0,329.5,112.0,128.4,2.56,0.19,49.1,,,,,10.438
43.48,CARRY,106.92,0.11,-9.62,109.21,-0.01,1,0,329.5,115.5,124.9,2.49,0.19,48.9,,,,,10.188
43.53,CARRY,106.92,0.11,-9.62,109.33,-0.01,1,0,330.5,111.5,128.9,2.57,0.21,48.6,,,,,10.062
43.58,CARRY,107.17,0.09,-9.62,109.46,-0.01,1,0,330.5,115.0,125.4,2.5,0.21,48.8,,,,,9.938
43.63,CARRY,107.17,0.09,-9.62,109.58,-0.01,1,0,331.0,111.5,129.0,2.57,0.22,48.8,,,,,9.938
43.68,CARRY,107.42,0.08,-9.62,109.71,-0.01,1,0,331.0,115.0,125.5,2.5,0.22,48.9,,,,,9.688
43.73,CARRY,107.42,0.08,-9.62,109.83,-0.01,1,0,332.0,111.5,129.1,2.57,0.24,48.9,,,,,9.688
43.78,CARRY,107.66,0.07,-9.62,109.96,-0.01,1,0,332.0,115.0,125.6,2.5,0.24,48.7,,,,,9.688
43.83,CARRY,107.66,0.07,-9.62,110.08,-0.01,1,0,333.0,111.5,129.2,2.57,0.26,48.6,,,,,9.5
43.88,CARRY,107.91,0.05,-9.62,110.21,-0.01,1,0,333.0,118.0,122.7,2.44,0.26,48.8,,,,,9.125
43.93,CARRY,107.91,0.05,-9.62,110.33,-0.01,1,0,334.0,118.0,122.8,2.44,0.28,48.6,,,,,9.438
43.98,CARRY,108.16,0.04,-9.62,110.46,-0.01,1,0,333.0,125.5,115.2,2.29,0.26,48.9,,,,,10.125
44.03,CARRY,108.16,0.04,-9.62,110.58,-0.01,1,0,334.0,111.5,129.3,2.57,0.28,48.6,,,,,10.188
44.08,CARRY,108.41,0.03,-9.62,110.71,-0.01,1,0,334.0,115.5,125.3,2.49,0.28,48.8,,,,,10.062
44.13,CARRY,108.41,0.03,-9.62,110.83,-0.01,1,0,335.0,111.5,129.4,2.57,0.3,48.5,,,,,10.0
44.18,CARRY,108.67,0.02,-9.62,110.96,-0.01,1,0,334.0,115.5,125.3,2.49,0.28,49.5,,,,,10.0
44.23,CARRY,108.67,0.02,-9.62,111.09,-0.01,1,0,335.0,111.5,129.4,2.57,0.3,50.6,,,,,9.938
44.28,CARRY,108.92,0.02,-9.62,111.22,-0.01,1,0,335.0,115.0,125.9,2.5,0.3,50.4,,,,,9.812
44.33,CARRY,108.92,0.02,-9.62,111.34,-0.01,1,0,336.0,111.5,129.5,2.57,0.32,48.5,,,,,9.75
44.38,CARRY,109.17,0.01,-9.62,111.47,-0.01,1,0,335.0,115.0,125.9,2.5,0.3,48.6,,,,,9.562
44.43,CARRY,109.17,0.01,-9.62,111.59,-0.01,1,0,336.0,111.5,129.5,2.57,0.32,48.4,,,,,9.5
44.48,CARRY,109.42,0.0,-9.62,111.72,-0.01,1,0,336.0,115.0,126.0,2.5,0.32,49.7,,,,,9.625
44.53,CARRY,109.42,0.0,-9.62,111.85,-0.01,1,0,337.0,111.5,129.6,2.57,0.34,48.2,,,,,9.562
44.58,CARRY,109.67,-0.0,-9.62,111.97,-0.01,1,0,336.0,115.0,126.0,2.5,0.32,47.8,,,,,9.625
44.63,CARRY,109.67,-0.0,-9.62,112.1,-0.01,1,0,337.0,111.5,129.6,2.57,0.34,57.8,,,,,9.625
44.69,CARRY,109.92,-0.01,-9.62,112.24,-0.01,1,0,336.5,114.5,126.6,2.51,0.33,52.9,,,,,9.562
44.75,CARRY,109.92,-0.01,-9.62,112.38,-0.01,1,0,337.0,110.5,130.6,2.59,0.34,52.6,,,,,9.625
44.8,CARRY,110.18,-0.01,-9.62,112.51,-0.01,1,0,337.0,114.0,127.1,2.52,0.34,49.5,,,,,10.0
44.85,CARRY,110.18,-0.01,-9.62,112.64,-0.01,1,0,338.0,110.5,130.7,2.59,0.36,49.4,,,,,10.125
44.9,CARRY,110.43,-0.01,-9.62,112.77,-0.01,1,0,337.0,114.5,126.6,2.51,0.34,49.5,,,,,10.0
44.95,CARRY,110.43,-0.01,-9.62,112.89,-0.01,1,0,338.0,110.5,130.7,2.59,0.36,47.5,,,,,9.812
45.0,CARRY,110.69,-0.02,-9.62,113.02,-0.01,1,0,337.0,114.5,126.6,2.51,0.34,50.8,,,,,9.875
45.05,CARRY,110.69,-0.02,-9.62,113.15,-0.01,1,0,338.0,110.5,130.7,2.59,0.36,48.6,,,,,9.75
45.1,CARRY,110.94,-0.02,-9.62,113.27,-0.01,1,0,337.0,114.5,126.6,2.51,0.34,48.4,,,,,9.75
45.15,CARRY,110.94,-0.02,-9.62,113.4,-0.01,1,0,338.0,111.0,130.2,2.58,0.36,49.3,,,,,9.5
45.2,CARRY,111.2,-0.02,-9.62,113.52,-0.01,1,0,337.0,114.5,126.6,2.51,0.34,48.5,,,,,9.562
45.25,CARRY,111.2,-0.02,-9.62,113.65,-0.01,1,0,338.0,111.0,130.2,2.58,0.36,48.2,,,,,9.375
45.3,CARRY,111.45,-0.02,-9.62,113.77,-0.01,1,0,337.0,114.5,126.6,2.51,0.34,48.8,,,,,9.438
45.35,CARRY,111.45,-0.02,-9.62,113.9,-0.01,1,0,338.0,111.0,130.2,2.58,0.36,47.8,,,,,9.312
45.4,CARRY,111.71,-0.02,-9.62,114.02,-0.01,1,0,337.0,115.0,126.2,2.5,0.34,48.3,,,,,9.375
45.45,CARRY,111.71,-0.02,-9.62,114.15,-0.01,1,0,338.0,112.5,128.8,2.55,0.36,47.6,,,,,9.125
45.5,CARRY,111.97,-0.02,-9.62,114.27,-0.01,1,0,337.0,119.5,121.7,2.41,0.34,48.2,,,,,8.688
45.55,CARRY,111.97,-0.02,-9.62,114.4,-0.01,1,0,338.0,120.0,121.3,2.4,0.36,48.4,,,,,8.875
45.6,CARRY,112.22,-0.02,-9.62,114.53,-0.01,1,0,337.0,127.5,113.8,2.25,0.34,48.7,,,,,9.312
45.65,CARRY,112.22,-0.02,-9.62,114.65,-0.01,1,0,338.0,111.5,129.8,2.57,0.36,47.9,,,,,9.375
45.7,CARRY,112.48,-0.02,-9.62,114.78,-0.01,1,0,337.0,115.5,125.7,2.49,0.34,49.8,,,,,9.312
45.76,CARRY,112.48,-0.02,-9.62,114.9,-0.01,1,0,338.0,112.0,129.3,2.56,0.36,48.0,,,,,9.25
45.81,CARRY,112.73,-0.02,-9.62,115.03,-0.01,1,0,337.0,115.5,125.7,2.49,0.34,48.2,,,,,9.562
45.86,CARRY,112.73,-0.02,-9.62,115.15,-0.01,1,0,338.0,112.0,129.3,2.56,0.36,47.8,,,,,9.5
45.91,CARRY,112.99,-0.02,-9.62,115.28,-0.01,1,0,337.0,115.5,125.7,2.49,0.34,48.6,,,,,9.562
45.96,CARRY,112.99,-0.02,-9.62,115.4,-0.01,1,0,338.0,112.0,129.3,2.56,0.36,47.9,,,,,9.5
46.01,CARRY,113.24,-0.02,-9.62,115.53,-0.01,1,0,337.0,115.5,125.7,2.49,0.34,48.6,,,,,9.438
46.06,CARRY,113.24,-0.02,-9.62,115.65,-0.01,1,0,338.0,112.0,129.3,2.56,0.36,48.0,,,,,9.438
46.11,CARRY,113.49,-0.02,-9.62,115.78,-0.01,1,0,337.0,115.5,125.7,2.49,0.34,48.6,,,,,9.562
46.16,CARRY,113.49,-0.02,-9.62,115.9,-0.01,1,0,338.0,112.0,129.3,2.56,0.36,49.5,,,,,9.562
46.21,CARRY,113.74,-0.02,-9.62,116.03,-0.01,1,0,337.0,115.5,125.7,2.49,0.34,49.4,,,,,9.625
46.26,CARRY,113.99,-0.01,-9.62,116.16,-0.01,1,0,336.0,119.0,122.1,2.42,0.32,50.0,,,,,9.75
46.31,CARRY,113.99,-0.01,-9.62,116.28,-0.01,1,0,336.5,115.5,125.6,2.49,0.33,49.7,,,,,9.875
46.36,CARRY,113.99,-0.01,-9.62,116.41,-0.01,1,0,337.5,112.0,129.2,2.56,0.35,48.3,,,,,9.938
46.41,CARRY,114.25,-0.01,-9.62,116.54,-0.01,1,0,336.5,115.5,125.6,2.49,0.33,50.2,,,,,10.062
46.46,CARRY,114.5,-0.01,-9.62,116.66,-0.01,1,0,335.5,119.0,122.0,2.42,0.31,48.5,,,,,10.25
46.51,CARRY,114.5,-0.01,-9.62,116.79,-0.01,1,0,336.0,115.5,125.5,2.49,0.32,49.3,,,,,10.375
46.56,CARRY,114.75,-0.01,-9.62,116.91,-0.01,1,0,335.0,119.0,121.9,2.42,0.3,47.7,,,,,10.375
46.61,CARRY,114.75,-0.01,-9.62,117.04,-0.01,1,0,336.0,115.5,125.5,2.49,0.32,48.6,,,,,10.125
46.66,CARRY,115.0,-0.01,-9.62,117.16,-0.01,1,0,335.0,119.0,121.9,2.42,0.3,49.7,,,,,10.0
46.71,CARRY,115.0,-0.01,-9.62,117.29,-0.01,1,0,336.0,115.5,125.5,2.49,0.32,48.0,,,,,9.875
46.76,CARRY,115.26,-0.01,-9.62,117.42,-0.01,1,0,335.0,119.0,121.9,2.42,0.3,48.1,,,,,9.875
46.81,CARRY,115.26,-0.01,-9.62,117.54,-0.01,1,0,336.0,115.5,125.5,2.49,0.32,48.3,,,,,9.625
46.86,CARRY,115.51,-0.01,-9.62,117.67,-0.01,1,0,335.0,119.5,121.4,2.41,0.3,49.6,,,,,9.688
46.91,CARRY,115.51,-0.01,-9.62,117.79,-0.01,1,0,336.0,115.5,125.5,2.49,0.32,47.8,,,,,9.438
46.96,CARRY,115.76,-0.01,-9.62,117.92,-0.01,1,0,335.0,119.0,121.9,2.42,0.3,48.8,,,,,9.5
47.01,CARRY,115.76,-0.01,-9.62,118.04,-0.01,1,0,336.0,115.5,125.5,2.49,0.32,48.0,,,,,9.188
47.06,CARRY,116.01,-0.0,-9.62,118.17,-0.01,1,0,335.0,121.0,119.9,2.38,0.3,48.1,,,,,9.062
47.11,CARRY,116.01,-0.0,-9.62,118.29,-0.01,1,0,336.0,121.0,120.1,2.38,0.32,47.8,,,,,9.125
47.16,CARRY,116.26,-0.0,-9.62,118.42,-0.01,1,0,335.0,128.5,112.5,2.23,0.3,47.9,,,,,9.688
47.21,CARRY,116.26,-0.0,-9.62,118.55,-0.01,1,0,336.0,128.5,112.6,2.23,0.32,47.8,,,,,9.875
47.26,CARRY,116.51,-0.0,-9.62,118.67,-0.01,1,0,335.0,119.0,121.9,2.42,0.3,48.8,,,,,9.875
47.31,CARRY,116.51,-0.0,-9.62,118.8,-0.01,1,0,336.0,115.5,125.5,2.49,0.32,48.8,,,,,9.812
47.36,CARRY,116.75,-0.0,-9.62,118.92,-0.01,1,0,335.0,119.0,121.9,2.42,0.3,49.4,,,,,9.75
47.41,CARRY,116.75,-0.0,-9.62,119.05,-0.01,1,0,336.0,115.5,125.5,2.49,0.32,52.8,,,,,9.75
47.47,CARRY,117.0,-0.0,-9.62,119.18,-0.01,1,0,335.0,118.5,122.4,2.43,0.3,49.7,,,,,9.75
47.52,CARRY,117.0,-0.0,-9.62,119.31,-0.01,1,0,336.0,115.0,126.0,2.5,0.32,46.9,,,,,9.812
47.57,CARRY,117.24,-0.0,-9.62,119.43,-0.01,1,0,335.0,118.5,122.4,2.43,0.3,48.9,,,,,9.625
47.62,CARRY,117.24,-0.0,-9.62,119.56,-0.01,1,0,336.0,115.0,126.0,2.5,0.32,50.2,,,,,9.625
47.67,CARRY,117.49,0.0,-9.62,119.69,-0.01,1,0,335.0,118.0,122.9,2.44,0.3,49.0,,,,,9.562
47.72,CARRY,117.49,0.0,-9.62,119.81,-0.01,1,0,336.0,114.5,126.5,2.51,0.32,47.6,,,,,9.625
47.77,CARRY,117.73,0.0,-9.62,119.94,-0.01,1,0,335.0,117.5,123.4,2.45,0.3,49.4,,,,,9.75
47.82,CARRY,117.73,0.0,-9.62,120.06,-0.01,1,0,336.0,114.5,126.5,2.51,0.32,47.9,,,,,9.688
47.87,CARRY,117.97,0.0,-9.62,120.19,-0.01,1,0,335.0,117.5,123.4,2.45,0.3,50.3,,,,,9.75
47.92,CARRY,117.97,0.0,-9.62,120.32,-0.01,1,0,336.0,114.0,127.0,2.52,0.32,47.3,,,,,9.875
47.97,CARRY,118.22,0.0,-9.62,120.44,-0.01,1,0,335.0,117.0,123.9,2.46,0.3,49.5,,,,,10.0
48.02,CARRY,118.22,0.0,-9.62,120.57,-0.01,1,0,336.0,114.0,127.0,2.52,0.32,49.3,,,,,10.25
48.07,CARRY,118.46,0.0,-9.62,120.69,-0.01,1,0,335.0,117.0,123.9,2.46,0.3,49.3,,,,,10.188
48.12,CARRY,118.46,0.0,-9.62,120.82,-0.01,1,0,336.0,113.5,127.5,2.53,0.32,48.3,,,,,10.375
48.17,CARRY,118.71,0.01,-9.62,120.95,-0.01,1,0,335.0,117.0,123.9,2.46,0.3,48.9,,,,,10.312
48.22,CARRY,118.71,0.01,-9.62,121.07,-0.01,1,0,336.0,113.5,127.5,2.53,0.32,48.4,,,,,10.25
48.27,CARRY,118.96,0.01,-9.62,121.2,-0.01,1,0,335.0,117.0,123.9,2.46,0.3,49.4,,,,,10.062
48.32,CARRY,118.96,0.01,-9.62,121.32,-0.01,1,0,336.0,113.5,127.5,2.53,0.32,49.3,,,,,9.812
48.37,CARRY,119.21,0.01,-9.62,121.45,-0.01,1,0,335.0,117.0,123.9,2.46,0.3,49.6,,,,,9.625
48.42,CARRY,119.21,0.01,-9.62,121.57,-0.01,1,0,336.0,113.5,127.5,2.53,0.32,48.8,,,,,9.625
48.47,CARRY,119.45,0.01,-9.62,121.7,-0.01,1,0,335.0,117.0,123.9,2.46,0.3,49.6,,,,,9.438
48.52,CARRY,119.45,0.01,-9.62,121.83,-0.01,1,0,336.0,113.0,128.0,2.54,0.32,48.8,,,,,9.375
48.57,CARRY,119.7,0.01,-9.62,121.95,-0.01,1,0,335.0,116.5,124.4,2.47,0.3,49.2,,,,,9.312
48.63,CARRY,119.7,0.01,-9.62,122.08,-0.01,1,0,336.0,113.0,128.0,2.54,0.32,48.7,,,,,9.25
48.68,CARRY,119.95,0.01,-9.62,122.2,-0.01,1,0,335.0,119.5,121.4,2.41,0.3,48.9,,,,,8.875
48.73,CARRY,119.95,0.01,-9.62,122.33,-0.01,1,0,336.0,119.5,121.6,2.41,0.32,49.2,,,,,8.875
48.78,CARRY,120.2,0.01,-9.62,122.45,-0.01,1,0,335.0,126.5,114.5,2.27,0.3,49.1,,,,,9.438
48.83,CARRY,120.2,0.01,-9.62,122.58,-0.01,1,0,336.0,127.0,114.1,2.26,0.32,48.8,,,,,9.562
48.88,CARRY,120.45,0.01,-9.62,122.7,-0.01,1,0,335.0,116.5,124.4,2.47,0.3,49.1,,,,,9.625
48.93,CARRY,120.45,0.01,-9.62,122.83,-0.01,1,0,336.0,113.0,128.0,2.54,0.32,48.8,,,,,9.562
48.98,CARRY,120.7,0.01,-9.62,122.95,-0.01,1,0,335.0,116.5,124.4,2.47,0.3,49.1,,,,,9.5
49.03,CARRY,120.7,0.01,-9.62,123.08,-0.01,1,0,336.0,113.0,128.0,2.54,0.32,48.7,,,,,9.5
49.08,CARRY,120.95,0.01,-9.62,123.2,-0.01,1,0,335.0,116.5,124.4,2.47,0.3,49.0,,,,,9.438
49.13,CARRY,120.95,0.01,-9.62,123.33,-0.01,1,0,336.0,113.0,128.0,2.54,0.32,48.7,,,,,9.375
49.18,CARRY,121.2,0.01,-9.62,123.46,-0.01,1,0,335.0,116.5,124.4,2.47,0.3,48.9,,,,,9.25
49.23,CARRY,121.2,0.01,-9.62,123.58,-0.01,1,0,336.0,113.0,128.0,2.54,0.32,48.8,,,,,9.312
49.28,CARRY,121.44,0.01,-9.62,123.71,-0.01,1,0,335.0,116.5,124.4,2.47,0.3,48.9,,,,,9.312
49.33,CARRY,121.44,0.01,-9.62,123.83,-0.01,1,0,336.0,112.5,128.5,2.55,0.32,50.1,,,,,9.375
49.38,CARRY,121.69,0.01,-9.62,123.96,-0.01,1,0,335.0,116.0,124.9,2.48,0.3,48.2,,,,,9.438
49.43,CARRY,121.69,0.01,-9.62,124.08,-0.01,1,0,336.0,112.5,128.5,2.55,0.32,47.2,,,,,9.438
49.48,CARRY,121.94,0.01,-9.62,124.21,-0.01,1,0,335.0,116.0,124.9,2.48,0.3,49.9,,,,,9.5
49.53,CARRY,121.94,0.01,-9.62,124.34,-0.01,1,0,336.0,112.5,128.5,2.55,0.32,48.0,,,,,9.625
49.58,CARRY,122.19,0.01,-9.62,124.46,-0.01,1,0,335.0,116.0,124.9,2.48,0.3,49.8,,,,,9.75
49.63,CARRY,122.19,0.01,-9.62,124.59,-0.01,1,0,336.0,112.5,128.5,2.55,0.32,48.7,,,,,9.875
49.68,CARRY,122.44,0.01,-9.62,124.71,-0.01,1,0,335.0,116.0,124.9,2.48,0.3,48.7,,,,,9.938
49.73,CARRY,122.44,0.01,-9.62,124.84,-0.01,1,0,336.0,112.5,128.5,2.55,0.32,48.7,,,,,10.188
49.78,CARRY,122.69,0.01,-9.62,124.96,-0.01,1,0,335.0,116.0,124.9,2.48,0.3,48.6,,,,,10.125
49.83,CARRY,122.69,0.01,-9.62,125.09,-0.01,1,0,336.0,112.5,128.5,2.55,0.32,47.5,,,,,10.25
49.88,CARRY,122.94,0.01,-9.62,125.21,-0.01,1,0,335.0,116.0,124.9,2.48,0.3,47.9,,,,,10.188
49.93,CARRY,122.94,0.01,-9.62,125.34,-0.01,1,0,336.0,112.5,128.5,2.55,0.32,48.3,,,,,10.062
49.98,CARRY,123.19,0.01,-9.62,125.46,-0.01,1,0,335.0,116.0,124.9,2.48,0.3,49.1,,,,,9.812
50.03,CARRY,123.19,0.01,-9.62,125.59,-0.01,1,0,336.0,112.5,128.5,2.55,0.32,50.0,,,,,9.75
50.08,CARRY,123.44,0.01,-9.62,125.72,-0.01,1,0,335.0,116.0,124.9,2.48,0.3,49.0,,,,,9.5
50.13,CARRY,123.44,0.01,-9.62,125.84,-0.01,1,0,336.0,112.5,128.5,2.55,0.32,48.2,,,,,9.562
50.18,CARRY,123.7,0.01,-9.62,125.97,-0.01,1,0,335.0,116.0,124.9,2.48,0.3,48.2,,,,,9.312
50.23,CARRY,123.7,0.01,-9.62,126.09,-0.01,1,0,336.0,112.5,128.5,2.55,0.32,49.2,,,,,9.25
50.28,CARRY,123.95,0.0,-9.62,126.22,-0.01,1,0,335.0,119.5,121.4,2.41,0.3,48.2,,,,,8.875
50.33,CARRY,123.95,0.0,-9.62,126.34,-0.01,1,0,336.0,119.5,121.6,2.41,0.32,47.9,,,,,8.938
50.38,CARRY,124.2,0.0,-9.62,126.47,-0.01,1,0,335.0,127.0,114.0,2.26,0.3,47.9,,,,,9.375
50.43,CARRY,124.2,0.0,-9.62,126.59,-0.01,1,0,336.0,127.0,114.1,2.26,0.32,50.2,,,,,9.75
50.48,CARRY,124.46,0.0,-9.62,126.72,-0.01,1,0,335.0,116.0,124.9,2.48,0.3,49.7,,,,,9.812
50.53,CARRY,124.46,0.0,-9.62,126.85,-0.01,1,0,336.0,112.5,128.5,2.55,0.32,49.0,,,,,9.812
50.58,CARRY,124.71,0.0,-9.62,126.97,-0.01,1,0,335.0,116.0,124.9,2.48,0.3,48.7,,,,,9.75
50.63,CARRY,124.71,0.0,-9.62,127.1,-0.01,1,0,336.0,112.5,128.5,2.55,0.32,47.9,,,,,9.75
50.68,CARRY,124.96,0.0,-9.62,127.22,-0.01,1,0,335.0,116.0,124.9,2.48,0.3,48.5,,,,,9.688
50.73,CARRY,124.96,0.0,-9.62,127.35,-0.01,1,0,336.0,112.5,128.5,2.55,0.32,49.5,,,,,9.625
50.78,CARRY,125.2,0.0,-9.62,127.48,-0.01,1,0,335.0,116.0,124.9,2.48,0.3,48.6,,,,,9.5
50.83,CARRY,125.2,0.0,-9.62,127.6,-0.01,1,0,336.0,112.5,128.5,2.55,0.32,47.9,,,,,9.5
50.88,CARRY,125.45,0.0,-9.62,127.73,-0.01,1,0,335.5,116.0,125.0,2.48,0.31,48.6,,,,,9.5
50.93,CARRY,125.45,0.0,-9.62,127.85,-0.01,1,0,336.0,112.0,129.0,2.56,0.32,47.7,,,,,9.562
50.98,CARRY,125.7,0.0,-9.62,127.98,-0.01,1,0,335.5,116.0,125.0,2.48,0.31,48.6,,,,,9.688
51.03,CARRY,125.7,0.0,-9.62,128.1,-0.01,1,0,336.0,112.0,129.0,2.56,0.32,49.2,,,,,9.562
51.08,CARRY,125.95,0.0,-9.62,128.23,-0.01,1,0,335.5,116.0,125.0,2.48,0.31,48.5,,,,,9.812
51.13,CARRY,125.95,0.0,-9.62,128.35,-0.01,1,0,336.0,112.0,129.0,2.56,0.32,47.7,,,,,9.812
51.19,CARRY,126.2,0.0,-9.62,128.48,-0.01,1,0,335.5,116.0,125.0,2.48,0.31,48.7,,,,,10.062
51.24,CARRY,126.2,0.0,-9.62,128.6,-0.01,1,0,336.0,112.0,129.0,2.56,0.32,47.7,,,,,10.312
51.29,CARRY,126.45,0.0,-9.62,128.73,-0.01,1,0,335.5,116.0,125.0,2.48,0.31,48.7,,,,,10.375
51.34,CARRY,126.45,0.0,-9.62,128.85,-0.01,1,0,336.0,112.5,128.5,2.55,0.32,46.9,,,,,10.562
51.39,CARRY,126.7,0.0,-9.62,128.98,-0.01,1,0,335.5,116.0,125.0,2.48,0.31,50.3,,,,,10.25
51.44,CARRY,126.7,0.0,-9.62,129.11,-0.01,1,0,336.0,112.0,129.0,2.56,0.32,47.5,,,,,10.125
51.49,CARRY,126.95,0.0,-9.62,129.23,-0.01,1,0,335.5,116.0,125.0,2.48,0.31,48.4,,,,,10.0
51.54,CARRY,126.95,0.0,-9.62,129.36,-0.01,1,0,336.0,112.5,128.5,2.55,0.32,47.6,,,,,9.875
51.59,CARRY,127.21,0.0,-9.62,129.48,-0.01,1,0,335.5,116.0,125.0,2.48,0.31,49.4,,,,,9.75
51.64,CARRY,127.21,0.0,-9.62,129.61,-0.01,1,0,336.0,112.5,128.5,2.55,0.32,47.5,,,,,9.688
51.69,CARRY,127.46,0.0,-9.62,129.73,-0.01,1,0,335.5,116.0,125.0,2.48,0.31,49.5,,,,,9.562
51.74,CARRY,127.46,0.0,-9.62,129.86,-0.01,1,0,336.0,112.5,128.5,2.55,0.32,48.2,,,,,9.625
51.79,CARRY,127.72,0.0,-9.62,129.98,-0.01,1,0,335.5,116.0,125.0,2.48,0.31,49.9,,,,,9.5
51.84,CARRY,127.72,0.0,-9.62,130.11,-0.01,1,0,336.0,112.5,128.5,2.55,0.32,46.9,,,,,9.438
51.89,CARRY,127.97,0.0,-9.62,130.24,-0.01,1,0,335.5,120.0,121.0,2.4,0.31,49.2,,,,,8.938
51.94,CARRY,127.97,0.0,-9.62,130.36,-0.01,1,0,336.0,120.0,121.1,2.4,0.32,48.5,,,,,9.062
51.99,CARRY,128.22,0.0,-9.62,130.49,-0.01,1,0,335.5,127.5,113.6,2.25,0.31,49.2,,,,,9.438
52.04,CARRY,128.22,0.0,-9.62,130.61,-0.01,1,0,336.0,127.5,113.6,2.25,0.32,49.0,,,,,9.75
52.09,CARRY,128.47,0.0,-9.62,130.74,-0.01,1,0,335.0,116.5,124.4,2.47,0.3,48.0,,,,,9.75
52.14,CARRY,128.47,0.0,-9.62,130.86,-0.01,1,0,336.0,112.5,128.5,2.55,0.32,47.2,,,,,9.688
52.19,CARRY,128.73,0.0,-9.62,130.99,-0.01,1,0,335.0,116.5,124.4,2.47,0.3,48.3,,,,,9.562
52.24,CARRY,128.73,0.0,-9.62,131.11,-0.01,1,0,336.0,112.5,128.5,2.55,0.32,47.4,,,,,9.625
52.29,CARRY,128.98,0.0,-9.62,131.24,-0.01,1,0,335.0,116.5,124.4,2.47,0.3,48.3,,,,,9.5
52.34,CARRY,128.98,0.0,-9.62,131.36,-0.01,1,0,336.0,112.5,128.5,2.55,0.32,47.3,,,,,9.5
52.39,CARRY,129.22,0.0,-9.62,131.49,-0.01,1,0,335.0,116.0,124.9,2.48,0.3,50.0,,,,,9.312
52.44,CARRY,129.22,0.0,-9.62,131.62,-0.01,1,0,336.0,112.5,128.5,2.55,0.32,50.5,,,,,9.375
52.49,CARRY,129.47,0.0,-9.62,131.75,-0.01,1,0,335.5,116.0,125.0,2.48,0.31,49.8,,,,,9.375
52.54,CARRY,129.47,0.0,-9.62,131.87,-0.01,1,0,336.0,112.0,129.0,2.56,0.32,47.4,,,,,9.438
52.59,CARRY,129.72,0.0,-9.62,132.0,-0.01,1,0,335.5,116.0,125.0,2.48,0.31,49.3,,,,,9.625
52.64,CARRY,129.72,0.0,-9.62,132.12,-0.01,1,0,336.5,112.0,129.1,2.56,0.33,48.0,,,,,9.562
52.69,CARRY,129.97,0.0,-9.62,132.25,-0.01,1,0,336.0,115.5,125.5,2.49,0.32,48.4,,,,,9.75
52.74,CARRY,129.97,0.0,-9.62,132.37,-0.01,1,0,336.5,112.0,129.1,2.56,0.33,48.1,,,,,9.875
52.79,CARRY,130.22,0.0,-9.62,132.5,-0.01,1,0,336.0,115.5,125.5,2.49,0.32,49.2,,,,,10.125
52.84,CARRY,130.22,0.0,-9.62,132.63,-0.01,1,0,336.5,112.0,129.1,2.56,0.33,48.6,,,,,10.312
52.89,CARRY,130.47,0.0,-9.62,132.75,-0.01,1,0,336.0,115.5,125.5,2.49,0.32,48.4,,,,,10.062
52.94,CARRY,130.47,0.0,-9.62,132.88,-0.01,1,0,336.5,112.0,129.1,2.56,0.33,47.8,,,,,9.938
52.99,CARRY,130.72,0.0,-9.62,133.0,-0.01,1,0,336.0,115.5,125.5,2.49,0.32,49.1,,,,,9.812
53.04,CARRY,130.72,0.0,-9.62,133.13,-0.01,1,0,336.5,112.0,129.1,2.56,0.33,48.8,,,,,9.812
53.09,CARRY,130.97,0.0,-9.62,133.25,-0.01,1,0,336.0,116.0,125.0,2.48,0.32,49.2,,,,,9.688
53.15,CARRY,130.97,0.0,-9.62,133.38,-0.01,1,0,336.5,112.0,129.1,2.56,0.33,49.5,,,,,9.625
53.2,CARRY,131.22,0.0,-9.62,133.5,-0.01,1,0,336.0,116.0,125.0,2.48,0.32,49.6,,,,,9.562
53.25,CARRY,131.22,0.0,-9.62,133.63,-0.01,1,0,336.5,112.0,129.1,2.56,0.33,49.2,,,,,9.562
53.3,CARRY,131.48,0.0,-9.62,133.75,-0.01,1,0,336.0,116.0,125.0,2.48,0.32,49.4,,,,,9.5
53.35,CARRY,131.48,0.0,-9.62,133.88,-0.01,1,0,336.5,112.0,129.1,2.56,0.33,49.2,,,,,9.5
53.4,CARRY,131.73,0.0,-9.62,134.01,-0.01,1,0,336.0,116.0,125.0,2.48,0.32,49.9,,,,,9.438
53.45,CARRY,131.73,0.0,-9.62,134.13,-0.01,1,0,336.5,113.0,128.1,2.54,0.33,48.6,,,,,9.312
53.5,CARRY,131.98,0.0,-9.62,134.26,-0.01,1,0,336.0,120.0,121.1,2.4,0.32,49.7,,,,,8.812
53.55,CARRY,131.98,0.0,-9.62,134.39,-0.01,1,0,336.5,120.0,121.1,2.4,0.33,49.3,,,,,9.25
53.6,CARRY,132.23,0.0,-9.62,134.51,-0.01,1,0,336.0,127.5,113.6,2.25,0.32,49.6,,,,,9.625
53.65,CARRY,132.23,0.0,-9.62,134.64,-0.01,1,0,336.5,112.0,129.1,2.56,0.33,49.2,,,,,9.625
53.7,CARRY,132.48,0.0,-9.62,134.76,-0.01,1,0,336.0,115.5,125.5,2.49,0.32,50.0,,,,,9.5
53.75,CARRY,132.48,0.0,-9.62,134.89,-0.01,1,0,336.5,112.0,129.1,2.56,0.33,50.0,,,,,9.5
53.8,CARRY,132.74,0.0,-9.62,135.02,-0.01,1,0,335.5,115.5,125.5,2.49,0.31,49.7,,,,,9.438
53.85,CARRY,132.74,0.0,-9.62,135.15,-0.01,1,0,336.0,112.0,129.0,2.56,0.32,48.4,,,,,9.438
53.9,CARRY,132.98,0.0,-9.62,135.27,-0.01,1,0,335.5,115.5,125.5,2.49,0.31,49.2,,,,,9.438
53.95,CARRY,132.98,0.0,-9.62,135.4,-0.01,1,0,336.0,112.0,129.0,2.56,0.32,48.3,,,,,9.375
54.0,CARRY,133.23,0.0,-9.62,135.52,-0.01,1,0,335.5,115.5,125.5,2.49,0.31,49.3,,,,,9.312
54.05,CARRY,133.23,0.0,-9.62,135.65,-0.01,1,0,336.0,112.0,129.0,2.56,0.32,48.3,,,,,9.438
54.1,CARRY,133.48,0.0,-9.62,135.77,-0.01,1,0,335.5,115.5,125.5,2.49,0.31,49.5,,,,,9.438
54.15,CARRY,133.48,0.0,-9.62,135.9,-0.01,1,0,336.0,112.0,129.0,2.56,0.32,48.4,,,,,9.438
54.2,CARRY,133.73,0.01,-9.62,136.02,-0.01,1,0,335.5,115.5,125.5,2.49,0.31,51.1,,,,,9.562
54.26,CARRY,133.98,0.01,-9.62,136.16,-0.01,1,0,334.5,119.0,121.9,2.42,0.29,48.5,,,,,9.625
54.31,CARRY,133.98,0.01,-9.62,136.28,-0.01,1,0,335.5,115.0,126.0,2.5,0.31,48.4,,,,,9.75
54.36,CARRY,134.23,0.01,-9.62,136.41,-0.01,1,0,334.5,119.0,121.9,2.42,0.29,48.7,,,,,10.062
54.41,CARRY,134.23,0.01,-9.62,136.53,-0.01,1,0,335.0,115.0,125.9,2.5,0.3,49.5,,,,,10.0
54.46,CARRY,134.23,0.01,-9.62,136.66,-0.01,1,0,336.0,111.5,129.5,2.57,0.32,47.0,,,,,10.188
54.51,CARRY,134.48,0.01,-9.62,136.78,-0.01,1,0,335.0,115.0,125.9,2.5,0.3,52.4,,,,,10.062
54.56,CARRY,134.73,0.01,-9.62,136.92,-0.01,1,0,335.0,118.5,122.4,2.43,0.3,49.7,,,,,10.062
54.61,CARRY,134.73,0.01,-9.62,137.04,-0.01,1,0,335.5,115.0,126.0,2.5,0.31,48.6,,,,,9.875
54.66,CARRY,134.99,0.01,-9.62,137.17,-0.01,1,0,335.0,118.5,122.4,2.43,0.3,50.3,,,,,9.75
54.71,CARRY,134.99,0.01,-9.62,137.3,-0.01,1,0,335.5,115.0,126.0,2.5,0.31,48.8,,,,,9.625
54.76,CARRY,135.24,0.01,-9.62,137.42,-0.01,1,0,335.0,118.5,122.4,2.43,0.3,49.4,,,,,9.5
54.81,CARRY,135.24,0.01,-9.62,137.55,-0.01,1,0,335.5,115.0,126.0,2.5,0.31,54.3,,,,,9.375
54.87,CARRY,135.49,0.0,-9.62,137.69,-0.01,1,0,335.0,118.0,122.9,2.44,0.3,49.2,,,,,9.438
54.92,CARRY,135.49,0.0,-9.62,137.81,-0.01,1,0,336.0,114.5,126.5,2.51,0.32,49.1,,,,,9.375
54.97,CARRY,135.74,0.0,-9.62,137.94,-0.01,1,0,335.0,118.0,122.9,2.44,0.3,48.6,,,,,9.312
55.02,CARRY,135.74,0.0,-9.62,138.06,-0.01,1,0,336.0,114.5,126.5,2.51,0.32,48.5,,,,,9.25
55.07,CARRY,135.99,0.0,-9.62,138.19,-0.01,1,0,335.0,120.5,120.4,2.39,0.3,49.6,,,,,9.062
55.12,CARRY,135.99,0.0,-9.62,138.31,-0.01,1,0,336.0,120.5,120.6,2.39,0.32,46.5,,,,,8.938
55.17,CARRY,136.24,0.0,-9.62,138.44,-0.01,1,0,335.0,128.0,113.0,2.24,0.3,49.1,,,,,9.5
55.22,CARRY,136.24,0.0,-9.62,138.56,-0.01,1,0,336.0,114.5,126.5,2.51,0.32,48.4,,,,,9.562
55.27,CARRY,136.49,0.0,-9.62,138.69,-0.01,1,0,335.0,118.0,122.9,2.44,0.3,50.1,,,,,9.5
55.32,CARRY,136.49,0.0,-9.62,138.82,-0.01,1,0,336.0,114.5,126.5,2.51,0.32,47.9,,,,,9.5
55.37,CARRY,136.74,0.0,-9.62,138.94,-0.01,1,0,335.0,118.0,122.9,2.44,0.3,48.6,,,,,9.5
55.42,CARRY,136.74,0.0,-9.62,139.07,-0.01,1,0,336.0,114.5,126.5,2.51,0.32,49.6,,,,,9.5
55.47,CARRY,136.99,0.0,-9.62,139.19,-0.01,1,0,335.0,117.5,123.4,2.45,0.3,48.8,,,,,9.5
55.52,CARRY,136.99,0.0,-9.62,139.32,-0.01,1,0,336.0,114.5,126.5,2.51,0.32,48.4,,,,,9.5
55.57,CARRY,137.23,0.0,-9.62,139.44,-0.01,1,0,335.0,117.5,123.4,2.45,0.3,48.9,,,,,9.375
55.62,CARRY,137.23,0.0,-9.62,139.57,-0.01,1,0,336.0,114.0,127.0,2.52,0.32,50.4,,,,,9.438
55.67,CARRY,137.48,0.0,-9.62,139.7,-0.01,1,0,335.0,117.5,123.4,2.45,0.3,48.7,,,,,9.562
55.72,CARRY,137.48,0.0,-9.62,139.82,-0.01,1,0,336.0,114.0,127.0,2.52,0.32,49.7,,,,,9.625
55.77,CARRY,137.73,0.0,-9.62,139.95,-0.01,1,0,335.0,117.5,123.4,2.45,0.3,49.1,,,,,9.812
55.82,CARRY,137.73,0.0,-9.62,140.08,-0.01,1,0,336.0,114.0,127.0,2.52,0.32,48.0,,,,,9.812
55.87,CARRY,137.98,0.0,-9.62,140.2,-0.01,1,0,335.0,117.5,123.4,2.45,0.3,48.1,,,,,9.875
55.92,CARRY,137.98,0.0,-9.62,140.33,-0.01,1,0,336.0,114.0,127.0,2.52,0.32,49.0,,,,,10.0
55.97,CARRY,138.23,0.0,-9.62,140.45,-0.01,1,0,335.0,117.5,123.4,2.45,0.3,48.1,,,,,10.188
56.02,CARRY,138.23,0.0,-9.62,140.58,-0.01,1,0,336.0,114.0,127.0,2.52,0.32,48.7,,,,,10.25
56.07,CARRY,138.48,0.0,-9.62,140.7,-0.01,1,0,335.0,117.5,123.4,2.45,0.3,48.0,,,,,10.0
56.13,CARRY,138.48,0.0,-9.62,140.83,-0.01,1,0,336.0,114.0,127.0,2.52,0.32,47.7,,,,,9.938
56.18,CARRY,138.73,0.0,-9.62,140.95,-0.01,1,0,335.0,117.5,123.4,2.45,0.3,49.0,,,,,9.875
56.23,CARRY,138.73,0.0,-9.62,141.08,-0.01,1,0,336.0,114.0,127.0,2.52,0.32,48.5,,,,,9.812
56.28,CARRY,138.98,0.0,-9.62,141.2,-0.01,1,0,335.0,117.5,123.4,2.45,0.3,48.9,,,,,9.688
56.33,CARRY,138.98,0.0,-9.62,141.33,-0.01,1,0,336.0,114.0,127.0,2.52,0.32,47.7,,,,,9.625
56.38,CARRY,139.23,0.0,-9.62,141.45,-0.01,1,0,335.0,117.5,123.4,2.45,0.3,48.7,,,,,9.5
56.43,CARRY,139.23,0.0,-9.62,141.58,-0.01,1,0,336.0,114.0,127.0,2.52,0.32,47.7,,,,,9.5
56.48,CARRY,139.48,0.0,-9.62,141.7,-0.01,1,0,335.0,117.5,123.4,2.45,0.3,48.9,,,,,9.375
56.53,CARRY,139.48,0.0,-9.62,141.83,-0.01,1,0,336.0,114.0,127.0,2.52,0.32,48.7,,,,,9.438
56.58,CARRY,139.73,0.0,-9.62,141.95,-0.01,1,0,335.0,117.5,123.4,2.45,0.3,49.4,,,,,9.312
56.63,CARRY,139.73,0.0,-9.62,142.08,-0.01,1,0,336.0,114.0,127.0,2.52,0.32,47.3,,,,,9.375
56.68,CARRY,139.98,0.0,-9.62,142.2,-0.01,1,0,335.0,120.5,120.4,2.39,0.3,49.5,,,,,9.062
56.73,CARRY,139.98,0.0,-9.62,142.33,-0.01,1,0,336.0,120.5,120.6,2.39,0.32,49.2,,,,,9.062
56.78,CARRY,140.23,0.0,-9.62,142.46,-0.01,1,0,335.0,127.5,113.5,2.25,0.3,49.1,,,,,9.188
56.83,CARRY,140.23,0.0,-9.62,142.58,-0.01,1,0,336.0,127.5,113.6,2.25,0.32,47.9,,,,,9.5
56.88,CARRY,140.48,0.0,-9.62,142.71,-0.01,1,0,335.0,117.0,123.9,2.46,0.3,49.4,,,,,9.375
56.93,CARRY,140.48,0.0,-9.62,142.83,-0.01,1,0,336.0,113.5,127.5,2.53,0.32,48.5,,,,,9.5
56.98,CARRY,140.73,0.0,-9.62,142.96,-0.01,1,0,335.0,117.0,123.9,2.46,0.3,47.8,,,,,9.625
57.03,CARRY,140.73,0.0,-9.62,143.08,-0.01,1,0,336.0,113.5,127.5,2.53,0.32,47.7,,,,,9.688
57.08,CARRY,140.98,0.01,-9.62,143.21,-0.01,1,0,335.0,117.0,123.9,2.46,0.3,49.1,,,,,9.625
57.13,CARRY,140.98,0.01,-9.62,143.33,-0.01,1,0,336.0,113.5,127.5,2.53,0.32,48.7,,,,,9.688
57.18,CARRY,141.22,0.01,-9.62,143.46,-0.01,1,0,335.0,117.0,123.9,2.46,0.3,48.0,,,,,9.625
57.23,CARRY,141.22,0.01,-9.62,143.58,-0.01,1,0,336.0,113.5,127.5,2.53,0.32,47.8,,,,,9.562
57.28,CARRY,141.47,0.01,-9.62,143.71,-0.01,1,0,335.0,117.0,123.9,2.46,0.3,48.0,,,,,9.688
57.33,CARRY,141.47,0.01,-9.62,143.83,-0.01,1,0,336.0,113.5,127.5,2.53,0.32,47.7,,,,,9.688
57.38,CARRY,141.71,0.01,-9.62,143.96,-0.01,1,0,335.0,116.5,124.4,2.47,0.3,47.9,,,,,9.75
57.43,CARRY,141.71,0.01,-9.62,144.09,-0.01,1,0,336.0,113.0,128.0,2.54,0.32,47.8,,,,,9.75
57.48,CARRY,141.96,0.01,-9.62,144.21,-0.01,1,0,335.0,116.5,124.4,2.47,0.3,47.9,,,,,9.938
57.53,CARRY,141.96,0.01,-9.62,144.34,-0.01,1,0,336.0,113.0,128.0,2.54,0.32,47.8,,,,,10.0
57.58,CARRY,142.21,0.01,-9.62,144.46,-0.01,1,0,335.0,116.5,124.4,2.47,0.3,48.2,,,,,10.125
57.63,CARRY,142.21,0.01,-9.62,144.59,-0.01,1,0,336.0,113.0,128.0,2.54,0.32,48.1,,,,,10.438
57.68,CARRY,142.45,0.01,-9.62,144.71,-0.01,1,0,335.0,116.5,124.4,2.47,0.3,51.7,,,,,10.562
57.73,CARRY,142.45,0.01,-9.62,144.84,-0.01,1,0,336.0,112.5,128.5,2.55,0.32,48.1,,,,,10.312
57.78,CARRY,142.7,0.01,-9.62,144.97,-0.01,1,0,335.0,116.0,124.9,2.48,0.3,48.6,,,,,10.0
57.83,CARRY,142.7,0.01,-9.62,145.09,-0.01,1,0,336.0,112.5,128.5,2.55,0.32,47.9,,,,,10.062
57.88,CARRY,142.95,0.01,-9.62,145.22,-0.01,1,0,335.0,116.0,124.9,2.48,0.3,48.7,,,,,9.875
57.93,CARRY,142.95,0.01,-9.62,145.34,-0.01,1,0,336.0,112.5,128.5,2.55,0.32,47.8,,,,,9.875
57.98,CARRY,143.21,0.01,-9.62,145.47,-0.01,1,0,335.0,116.5,124.4,2.47,0.3,48.7,,,,,9.625
58.03,CARRY,143.21,0.01,-9.62,145.59,-0.01,1,0,336.0,112.5,128.5,2.55,0.32,47.8,,,,,9.75
58.08,CARRY,143.46,0.01,-9.62,145.72,-0.01,1,0,335.0,116.5,124.4,2.47,0.3,48.6,,,,,9.562
58.13,CARRY,143.46,0.01,-9.62,145.84,-0.01,1,0,336.0,112.5,128.5,2.55,0.32,47.9,,,,,9.75
58.18,CARRY,143.71,0.01,-9.62,145.97,-0.01,1,0,335.0,116.5,124.4,2.47,0.3,48.2,,,,,9.562
58.23,CARRY,143.71,0.01,-9.62,146.09,-0.01,1,0,336.0,113.0,128.0,2.54,0.32,47.9,,,,,9.562
58.28,CARRY,143.96,0.01,-9.62,146.22,-0.01,1,0,335.0,119.5,121.4,2.41,0.3,48.4,,,,,9.125
58.33,CARRY,143.96,0.01,-9.62,146.34,-0.01,1,0,336.0,119.5,121.6,2.41,0.32,48.7,,,,,9.188
58.38,CARRY,144.21,0.01,-9.62,146.47,-0.01,1,0,335.0,127.0,114.0,2.26,0.3,48.8,,,,,9.625
58.43,CARRY,144.21,0.01,-9.62,146.6,-0.01,1,0,336.0,127.0,114.1,2.26,0.32,47.7,,,,,9.875
58.48,CARRY,144.46,0.0,-9.62,146.72,-0.01,1,0,335.0,116.5,124.4,2.47,0.3,48.7,,,,,9.75
58.53,CARRY,144.46,0.0,-9.62,146.85,-0.01,1,0,336.0,113.0,128.0,2.54,0.32,48.2,,,,,9.75
58.58,CARRY,144.71,0.0,-9.62,146.97,-0.01,1,0,335.0,116.5,124.4,2.47,0.3,48.7,,,,,9.625
58.63,CARRY,144.71,0.0,-9.62,147.1,-0.01,1,0,336.0,113.0,128.0,2.54,0.32,47.9,,,,,9.75
58.68,CARRY,144.96,0.0,-9.62,147.22,-0.01,1,0,335.0,116.5,124.4,2.47,0.3,48.5,,,,,9.625
58.73,CARRY,144.96,0.0,-9.62,147.35,-0.01,1,0,336.0,113.0,128.0,2.54,0.32,47.9,,,,,9.688
58.78,CARRY,145.21,0.0,-9.62,147.47,-0.01,1,0,335.0,116.5,124.4,2.47,0.3,48.7,,,,,9.5
58.83,CARRY,145.21,0.0,-9.62,147.6,-0.01,1,0,336.0,112.5,128.5,2.55,0.32,49.6,,,,,9.625
58.88,CARRY,145.45,0.0,-9.62,147.72,-0.01,1,0,335.0,116.0,124.9,2.48,0.3,49.0,,,,,9.625
58.93,CARRY,145.45,0.0,-9.62,147.85,-0.01,1,0,336.0,112.5,128.5,2.55,0.32,47.9,,,,,9.688
58.98,CARRY,145.7,0.01,-9.62,147.97,-0.01,1,0,335.0,116.0,124.9,2.48,0.3,48.6,,,,,9.688
59.03,CARRY,145.7,0.01,-9.62,148.1,-0.01,1,0,336.0,112.5,128.5,2.55,0.32,47.9,,,,,9.688
59.08,CARRY,145.95,0.01,-9.62,148.22,-0.01,1,0,335.0,116.0,124.9,2.48,0.3,49.0,,,,,9.75
59.13,CARRY,145.95,0.01,-9.62,148.35,-0.01,1,0,336.0,112.5,128.5,2.55,0.32,47.8,,,,,9.875
59.18,CARRY,146.2,0.01,-9.62,148.47,-0.01,1,0,335.0,116.0,124.9,2.48,0.3,48.7,,,,,10.062
59.23,CARRY,146.2,0.01,-9.62,148.6,-0.01,1,0,336.0,112.5,128.5,2.55,0.32,47.6,,,,,10.438
59.28,CARRY,146.45,0.0,-9.62,148.72,-0.01,1,0,335.0,116.0,124.9,2.48,0.3,48.7,,,,,10.375
59.33,CARRY,146.45,0.0,-9.62,148.85,-0.01,1,0,336.0,112.5,128.5,2.55,0.32,47.7,,,,,10.688
59.38,CARRY,146.7,0.0,-9.62,148.97,-0.01,1,0,335.0,116.0,124.9,2.48,0.3,48.9,,,,,10.312
59.43,CARRY,146.7,0.0,-9.62,149.1,-0.01,1,0,336.0,112.5,128.5,2.55,0.32,47.8,,,,,10.188
59.48,CARRY,146.95,0.0,-9.62,149.22,-0.01,1,0,335.0,116.0,124.9,2.48,0.3,51.2,,,,,10.0
59.54,CARRY,146.95,0.0,-9.62,149.36,-0.01,1,0,336.0,112.5,128.5,2.55,0.32,47.1,,,,,9.875
59.59,CARRY,147.2,0.0,-9.62,149.48,-0.01,1,0,335.5,116.0,125.0,2.48,0.31,48.2,,,,,9.812
59.64,CARRY,147.2,0.0,-9.62,149.61,-0.01,1,0,336.0,112.5,128.5,2.55,0.32,46.5,,,,,9.688
59.69,CARRY,147.45,0.0,-9.62,149.73,-0.01,1,0,335.5,116.0,125.0,2.48,0.31,49.2,,,,,9.562
59.74,CARRY,147.45,0.0,-9.62,149.86,-0.01,1,0,336.0,112.0,129.0,2.56,0.32,48.2,,,,,9.562
59.79,CARRY,147.7,0.0,-9.62,149.98,-0.01,1,0,335.5,116.0,125.0,2.48,0.31,49.1,,,,,9.375
59.84,CARRY,147.7,0.0,-9.62,150.11,-0.01,1,0,336.0,112.5,128.5,2.55,0.32,48.0,,,,,9.25
59.89,CARRY,147.96,0.0,-9.62,150.23,-0.01,1,0,335.5,119.5,121.5,2.41,0.31,49.7,,,,,8.812
59.94,CARRY,147.96,0.0,-9.62,150.36,-0.01,1,0,336.5,119.5,121.6,2.41,0.33,47.6,,,,,9.0
59.99,CARRY,148.21,0.0,-9.62,150.48,-0.01,1,0,335.5,127.0,114.1,2.26,0.31,48.3,,,,,9.562
60.04,CARRY,148.21,0.0,-9.62,150.61,-0.01,1,0,336.5,112.5,128.6,2.55,0.33,46.7,,,,,9.75
60.09,CARRY,148.46,0.0,-9.62,150.73,-0.01,1,0,335.5,116.0,125.0,2.48,0.31,50.3,,,,,9.75
60.14,CARRY,148.46,0.0,-9.62,150.86,-0.01,1,0,336.5,112.5,128.6,2.55,0.33,50.7,,,,,9.75
60.19,CARRY,148.71,0.0,-9.62,150.99,-0.01,1,0,335.5,116.0,125.0,2.48,0.31,49.2,,,,,9.625
60.24,CARRY,148.71,0.0,-9.62,151.12,-0.01,1,0,336.5,112.0,129.1,2.56,0.33,48.0,,,,,9.5
60.29,CARRY,148.96,0.0,-9.62,151.24,-0.01,1,0,335.5,116.0,125.0,2.48,0.31,48.6,,,,,9.438
60.34,CARRY,148.96,0.0,-9.62,151.37,-0.01,1,0,336.5,112.0,129.1,2.56,0.33,48.1,,,,,9.25
60.39,CARRY,149.21,0.0,-9.62,151.49,-0.01,1,0,335.5,115.5,125.5,2.49,0.31,48.6,,,,,9.125
60.44,CARRY,149.21,0.0,-9.62,151.62,-0.01,1,0,336.5,112.0,129.1,2.56,0.33,49.7,,,,,9.0
60.49,CARRY,149.46,0.0,-9.62,151.74,-0.01,1,0,335.5,115.5,125.5,2.49,0.31,50.6,,,,,9.062
60.54,CARRY,149.46,0.0,-9.62,151.87,-0.01,1,0,336.5,112.0,129.1,2.56,0.33,48.4,,,,,9.062
60.59,CARRY,149.71,0.0,-9.62,152.0,-0.01,1,0,335.5,115.5,125.5,2.49,0.31,48.4,,,,,9.125
60.64,CARRY,149.71,0.0,-9.62,152.12,-0.01,1,0,336.5,112.0,129.1,2.56,0.33,47.8,,,,,9.062
60.69,CARRY,149.96,0.0,-9.62,152.25,-0.01,1,0,335.5,115.5,125.5,2.49,0.31,48.1,,,,,9.25
60.74,CARRY,149.96,0.0,-9.62,152.37,-0.01,1,0,336.5,112.0,129.1,2.56,0.33,47.9,,,,,9.312
60.79,CARRY,150.21,0.0,-9.62,152.5,-0.01,1,0,335.5,115.5,125.5,2.49,0.31,48.0,,,,,9.5
60.84,CARRY,150.21,0.0,-9.62,152.62,-0.01,1,0,336.0,112.0,129.0,2.56,0.32,47.7,,,,,9.625
60.89,CARRY,150.47,0.0,-9.62,152.75,-0.01,1,0,335.5,115.5,125.5,2.49,0.31,48.1,,,,,9.812
60.94,CARRY,150.47,0.0,-9.62,152.88,-0.01,1,0,336.0,112.0,129.0,2.56,0.32,48.6,,,,,9.625
60.99,CARRY,150.72,0.0,-9.62,153.0,-0.01,1,0,335.5,115.5,125.5,2.49,0.31,50.8,,,,,9.562
61.05,CARRY,150.72,0.0,-9.62,153.13,-0.01,1,0,336.0,112.0,129.0,2.56,0.32,48.1,,,,,9.5
61.1,CARRY,150.97,0.0,-9.62,153.26,-0.01,1,0,335.5,115.5,125.5,2.49,0.31,47.4,,,,,9.5
61.15,CARRY,150.97,0.0,-9.62,153.38,-0.01,1,0,336.0,112.0,129.0,2.56,0.32,50.6,,,,,9.438
61.2,CARRY,151.23,0.0,-9.62,153.51,-0.01,1,0,335.5,115.5,125.5,2.49,0.31,48.8,,,,,9.188
61.25,CARRY,151.23,0.0,-9.62,153.64,-0.01,1,0,336.0,112.0,129.0,2.56,0.32,48.1,,,,,9.188
61.3,CARRY,151.48,0.0,-9.62,153.76,-0.01,1,0,335.5,116.0,125.0,2.48,0.31,48.7,,,,,9.125
61.35,CARRY,151.48,0.0,-9.62,153.89,-0.01,1,0,336.0,112.0,129.0,2.56,0.32,48.4,,,,,9.125
61.4,CARRY,151.74,0.0,-9.62,154.01,-0.01,1,0,335.5,116.0,125.0,2.48,0.31,48.9,,,,,9.0
61.45,CARRY,151.74,0.0,-9.62,154.14,-0.01,1,0,336.0,113.0,128.0,2.54,0.32,48.4,,,,,8.875
61.5,CARRY,151.99,0.0,-9.62,154.26,-0.01,1,0,335.5,120.5,120.5,2.39,0.31,49.1,,,,,8.562
61.55,CARRY,151.99,0.0,-9.62,154.39,-0.01,1,0,336.0,120.5,120.6,2.39,0.32,48.5,,,,,8.938
61.6,CARRY,152.25,0.0,-9.62,154.51,-0.01,1,0,335.5,128.0,113.1,2.24,0.31,49.3,,,,,9.312
61.65,CARRY,152.25,0.0,-9.62,154.64,-0.01,1,0,336.0,112.5,128.5,2.55,0.32,48.6,,,,,9.375
61.7,CARRY,152.5,0.0,-9.62,154.76,-0.01,1,0,335.5,116.5,124.5,2.47,0.31,48.5,,,,,9.0
61.75,CARRY,152.5,0.0,-9.62,154.89,-0.01,1,0,336.0,112.5,128.5,2.55,0.32,48.2,,,,,8.938
61.8,CARRY,152.75,0.0,-9.62,155.01,-0.01,1,0,335.0,116.5,124.4,2.47,0.3,49.0,,,,,9.0
61.85,CARRY,152.75,0.0,-9.62,155.14,-0.01,1,0,336.0,113.0,128.0,2.54,0.32,48.3,,,,,8.938
61.9,CARRY,153.0,0.0,-9.62,155.26,-0.01,1,0,335.5,116.5,124.5,2.47,0.31,48.9,,,,,8.938
61.95,CARRY,153.0,0.0,-9.62,155.39,-0.01,1,0,336.0,113.0,128.0,2.54,0.32,49.6,,,,,8.875
62.0,CARRY,153.25,0.0,-9.62,155.51,-0.01,1,0,335.5,116.5,124.5,2.47,0.31,49.3,,,,,8.938
62.05,CARRY,153.25,0.0,-9.62,155.64,-0.01,1,0,336.0,113.0,128.0,2.54,0.32,48.4,,,,,8.875
62.1,CARRY,153.5,0.0,-9.62,155.77,-0.01,1,0,335.5,116.5,124.5,2.47,0.31,49.0,,,,,9.062
62.15,CARRY,153.5,0.0,-9.62,155.89,-0.01,1,0,336.0,113.0,128.0,2.54,0.32,47.9,,,,,9.062
62.2,CARRY,153.76,0.0,-9.62,156.02,-0.01,1,0,335.5,116.5,124.5,2.47,0.31,49.5,,,,,9.312
62.25,CARRY,153.76,0.0,-9.62,156.14,-0.01,1,0,336.0,113.0,128.0,2.54,0.32,48.7,,,,,9.125
62.3,CARRY,154.01,0.0,-9.62,156.27,-0.01,1,0,335.5,116.5,124.5,2.47,0.31,50.0,,,,,9.375
62.35,CARRY,154.01,0.0,-9.62,156.4,-0.01,1,0,336.0,112.5,128.5,2.55,0.32,48.7,,,,,9.375
62.4,CARRY,154.26,0.0,-9.62,156.52,-0.01,1,0,335.5,116.5,124.5,2.47,0.31,49.3,,,,,9.625
62.45,CARRY,154.26,0.0,-9.62,156.65,-0.01,1,0,336.0,113.0,128.0,2.54,0.32,48.3,,,,,9.875
62.5,CARRY,154.51,0.0,-9.62,156.77,-0.01,1,0,335.5,116.5,124.5,2.47,0.31,48.9,,,,,9.938
62.55,CARRY,154.51,0.0,-9.62,156.9,-0.01,1,0,336.0,113.0,128.0,2.54,0.32,48.3,,,,,10.188
62.6,CARRY,154.76,0.0,-9.62,157.02,-0.01,1,0,335.5,116.5,124.5,2.47,0.31,49.4,,,,,9.688
62.65,CARRY,154.76,0.0,-9.62,157.15,-0.01,1,0,336.0,113.0,128.0,2.54,0.32,47.8,,,,,9.438
62.7,CARRY,155.01,0.0,-9.62,157.27,-0.01,1,0,335.5,116.5,124.5,2.47,0.31,48.5,,,,,9.375
62.75,CARRY,155.01,0.0,-9.62,157.4,-0.01,1,0,336.0,113.0,128.0,2.54,0.32,50.1,,,,,9.188
62.8,CARRY,155.27,0.0,-9.62,157.53,-0.01,1,0,335.5,116.5,124.5,2.47,0.31,50.0,,,,,9.125
62.86,CARRY,155.27,0.0,-9.62,157.65,-0.01,1,0,336.0,112.5,128.5,2.55,0.32,48.9,,,,,9.0
62.91,CARRY,155.52,0.0,-9.62,157.78,-0.01,1,0,335.5,116.5,124.5,2.47,0.31,49.3,,,,,9.0
62.96,CARRY,155.52,0.0,-9.62,157.9,-0.01,1,0,336.0,113.0,128.0,2.54,0.32,48.9,,,,,9.0
63.01,CARRY,155.77,0.0,-9.62,158.03,-0.01,1,0,335.5,116.5,124.5,2.47,0.31,48.8,,,,,8.875
63.06,CARRY,155.77,0.0,-9.62,158.15,-0.01,1,0,336.0,114.0,127.0,2.52,0.32,48.6,,,,,8.812
63.11,CARRY,156.02,0.0,-9.62,158.28,-0.01,1,0,335.5,121.5,119.5,2.37,0.31,50.2,,,,,8.625
63.16,CARRY,156.02,0.0,-9.62,158.41,-0.01,1,0,336.0,121.5,119.6,2.37,0.32,49.1,,,,,9.062
63.21,CARRY,156.27,0.0,-9.62,158.53,-0.01,1,0,335.5,128.5,112.6,2.23,0.31,50.2,,,,,9.312
63.26,CARRY,156.52,0.0,-9.62,158.66,-0.01,1,0,335.0,120.0,120.9,2.4,0.3,48.9,,,,,9.375
63.31,CARRY,156.52,0.0,-9.62,158.79,-0.01,1,0,335.5,116.5,124.5,2.47,0.31,48.4,,,,,9.5
63.36,CARRY,156.78,0.0,-9.62,158.91,-0.01,1,0,335.0,120.0,120.9,2.4,0.3,49.1,,,,,9.312
63.41,CARRY,156.78,0.0,-9.62,159.04,-0.01,1,0,335.0,116.5,124.4,2.47,0.3,50.1,,,,,9.5
63.46,CARRY,157.03,0.0,-9.62,159.16,-0.01,1,0,335.0,120.0,120.9,2.4,0.3,52.1,,,,,9.375
63.51,CARRY,157.03,0.0,-9.62,159.3,-0.01,1,0,335.5,116.0,125.0,2.48,0.31,47.9,,,,,9.438
63.56,CARRY,157.27,0.0,-9.62,159.42,-0.01,1,0,335.0,119.5,121.4,2.41,0.3,48.9,,,,,9.312
63.61,CARRY,157.27,0.0,-9.62,159.55,-0.01,1,0,335.5,116.0,125.0,2.48,0.31,47.9,,,,,9.375
63.66,CARRY,157.52,0.0,-9.62,159.67,-0.01,1,0,335.0,119.5,121.4,2.41,0.3,50.6,,,,,9.312
63.71,CARRY,157.52,0.0,-9.62,159.8,-0.01,1,0,335.5,115.5,125.5,2.49,0.31,48.9,,,,,9.312
63.76,CARRY,157.76,0.0,-9.62,159.93,-0.01,1,0,335.0,119.0,121.9,2.42,0.3,49.7,,,,,9.438
63.82,CARRY,157.76,0.0,-9.62,160.05,-0.01,1,0,336.0,115.5,125.5,2.49,0.32,47.7,,,,,9.375
63.87,CARRY,158.01,0.0,-9.62,160.18,-0.01,1,0,335.0,119.0,121.9,2.42,0.3,48.3,,,,,9.625
63.92,CARRY,158.01,0.0,-9.62,160.3,-0.01,1,0,336.0,115.5,125.5,2.49,0.32,48.2,,,,,9.688
63.97,CARRY,158.25,0.0,-9.62,160.43,-0.01,1,0,335.0,118.5,122.4,2.43,0.3,51.1,,,,,9.938
64.02,CARRY,158.25,0.0,-9.62,160.56,-0.01,1,0,336.0,115.0,126.0,2.5,0.32,48.8,,,,,10.0
64.07,CARRY,158.49,0.0,-9.62,160.68,-0.01,1,0,335.0,118.5,122.4,2.43,0.3,48.9,,,,,10.188
64.12,CARRY,158.49,0.0,-9.62,160.81,-0.01,1,0,336.0,115.0,126.0,2.5,0.32,48.2,,,,,10.25
64.17,CARRY,158.74,0.0,-9.62,160.93,-0.01,1,0,335.0,118.0,122.9,2.44,0.3,48.6,,,,,10.375
64.22,CARRY,158.74,0.0,-9.62,161.06,-0.01,1,0,336.0,114.5,126.5,2.51,0.32,48.4,,,,,10.312
64.27,CARRY,158.99,0.0,-9.62,161.18,-0.01,1,0,335.0,118.0,122.9,2.44,0.3,48.4,,,,,10.375
64.32,CARRY,158.99,0.0,-9.62,161.31,-0.01,1,0,336.0,114.5,126.5,2.51,0.32,47.9,,,,,10.312
64.37,CARRY,159.23,0.0,-9.62,161.43,-0.01,1,0,335.0,118.0,122.9,2.44,0.3,49.6,,,,,10.125
64.42,CARRY,159.23,0.0,-9.62,161.56,-0.01,1,0,336.0,114.5,126.5,2.51,0.32,48.6,,,,,9.875
64.47,CARRY,159.48,0.0,-9.62,161.69,-0.01,1,0,335.0,118.0,122.9,2.44,0.3,49.3,,,,,9.75
64.52,CARRY,159.48,0.0,-9.62,161.81,-0.01,1,0,336.0,114.5,126.5,2.51,0.32,48.3,,,,,9.625
64.57,CARRY,159.73,0.0,-9.62,161.94,-0.01,1,0,335.0,118.0,122.9,2.44,0.3,48.9,,,,,9.5
64.62,CARRY,159.73,0.0,-9.62,162.06,-0.01,1,0,336.0,114.5,126.5,2.51,0.32,48.4,,,,,9.438
64.67,CARRY,159.98,0.0,-9.62,162.19,-0.01,1,0,335.0,120.0,120.9,2.4,0.3,48.9,,,,,9.125
64.72,CARRY,159.98,0.0,-9.62,162.31,-0.01,1,0,336.0,120.5,120.6,2.39,0.32,48.6,,,,,8.938
64.77,CARRY,160.23,0.0,-9.62,162.44,-0.01,1,0,335.0,127.5,113.5,2.25,0.3,49.2,,,,,9.188
64.82,CARRY,160.23,0.0,-9.62,162.56,-0.01,1,0,336.0,114.0,127.0,2.52,0.32,48.5,,,,,9.688
64.87,CARRY,160.48,0.0,-9.62,162.69,-0.01,1,0,335.0,117.0,123.9,2.46,0.3,48.7,,,,,9.562
64.92,CARRY,160.48,0.0,-9.62,162.81,-0.01,1,0,336.0,114.0,127.0,2.52,0.32,51.2,,,,,9.625
64.97,CARRY,160.72,0.0,-9.62,162.94,-0.01,1,0,335.0,117.0,123.9,2.46,0.3,49.7,,,,,9.5
65.02,CARRY,160.72,0.0,-9.62,163.07,-0.01,1,0,336.0,114.0,127.0,2.52,0.32,49.1,,,,,9.562
65.07,CARRY,160.97,0.0,-9.62,163.2,-0.01,1,0,335.0,117.0,123.9,2.46,0.3,48.8,,,,,9.625
65.12,CARRY,160.97,0.0,-9.62,163.32,-0.01,1,0,336.0,113.5,127.5,2.53,0.32,48.7,,,,,9.562
65.17,CARRY,161.22,0.0,-9.62,163.45,-0.01,1,0,335.0,117.0,123.9,2.46,0.3,49.4,,,,,9.438
65.22,CARRY,161.22,0.0,-9.62,163.57,-0.01,1,0,336.0,113.5,127.5,2.53,0.32,48.3,,,,,9.5
65.27,CARRY,161.46,0.0,-9.62,163.7,-0.01,1,0,335.0,117.0,123.9,2.46,0.3,48.6,,,,,9.562
65.32,CARRY,161.46,0.0,-9.62,163.82,-0.01,1,0,336.0,113.5,127.5,2.53,0.32,48.3,,,,,9.562
65.37,CARRY,161.71,0.0,-9.62,163.95,-0.01,1,0,335.0,117.0,123.9,2.46,0.3,48.9,,,,,9.625
65.42,CARRY,161.71,0.0,-9.62,164.07,-0.01,1,0,336.0,113.5,127.5,2.53,0.32,48.7,,,,,9.625
65.47,CARRY,161.96,0.0,-9.62,164.2,-0.01,1,0,335.0,117.0,123.9,2.46,0.3,48.6,,,,,9.75
65.52,CARRY,161.96,0.0,-9.62,164.32,-0.01,1,0,336.0,113.5,127.5,2.53,0.32,48.5,,,,,9.812
65.57,CARRY,162.21,0.0,-9.62,164.45,-0.01,1,0,335.0,117.0,123.9,2.46,0.3,48.6,,,,,10.125
65.62,CARRY,162.21,0.0,-9.62,164.57,-0.01,1,0,336.0,113.5,127.5,2.53,0.32,48.7,,,,,10.125
65.67,CARRY,162.46,0.0,-9.62,164.7,-0.01,1,0,335.0,117.0,123.9,2.46,0.3,49.0,,,,,9.875
65.72,CARRY,162.46,0.0,-9.62,164.83,-0.01,1,0,336.0,113.5,127.5,2.53,0.32,49.0,,,,,9.812
65.77,CARRY,162.71,0.0,-9.62,164.95,-0.01,1,0,335.0,117.0,123.9,2.46,0.3,49.3,,,,,9.688
65.82,CARRY,162.71,0.0,-9.62,165.08,-0.01,1,0,336.0,113.5,127.5,2.53,0.32,49.0,,,,,9.688
65.87,CARRY,162.96,0.0,-9.62,165.2,-0.01,1,0,335.0,117.0,123.9,2.46,0.3,49.0,,,,,9.562
65.92,CARRY,162.96,0.0,-9.62,165.33,-0.01,1,0,336.0,113.5,127.5,2.53,0.32,48.1,,,,,9.438
65.97,CARRY,163.21,0.0,-9.62,165.45,-0.01,1,0,335.0,117.0,123.9,2.46,0.3,48.3,,,,,9.375
66.02,CARRY,163.21,0.0,-9.62,165.58,-0.01,1,0,336.0,113.5,127.5,2.53,0.32,49.1,,,,,9.375
66.08,CARRY,163.46,0.0,-9.62,165.7,-0.01,1,0,335.0,117.0,123.9,2.46,0.3,49.5,,,,,9.312
66.13,CARRY,163.46,0.0,-9.62,165.83,-0.01,1,0,336.0,113.5,127.5,2.53,0.32,48.4,,,,,9.375
66.18,CARRY,163.71,0.0,-9.62,165.95,-0.01,1,0,335.0,117.0,123.9,2.46,0.3,48.6,,,,,9.25
66.23,CARRY,163.71,0.0,-9.62,166.08,-0.01,1,0,336.0,113.5,127.5,2.53,0.32,49.8,,,,,9.188
66.28,CARRY,163.97,0.0,-9.62,166.21,-0.01,1,0,335.0,120.0,120.9,2.4,0.3,48.9,,,,,8.875
66.33,CARRY,163.97,0.0,-9.62,166.33,-0.01,1,0,336.0,120.0,121.1,2.4,0.32,48.8,,,,,8.875
66.38,CARRY,164.22,0.0,-9.62,166.46,-0.01,1,0,335.0,127.0,114.0,2.26,0.3,48.8,,,,,9.25
66.43,CARRY,164.22,0.0,-9.62,166.58,-0.01,1,0,336.0,127.5,113.6,2.25,0.32,48.9,,,,,9.375
66.48,CARRY,164.47,0.0,-9.62,166.71,-0.01,1,0,335.0,117.0,123.9,2.46,0.3,49.6,,,,,9.312
66.53,CARRY,164.47,0.0,-9.62,166.83,-0.01,1,0,336.0,113.5,127.5,2.53,0.32,53.3,,,,,9.375
66.58,CARRY,164.72,0.0,-9.62,166.97,-0.01,1,0,335.0,116.5,124.4,2.47,0.3,49.6,,,,,9.375
66.63,CARRY,164.72,0.0,-9.62,167.1,-0.01,1,0,336.0,113.0,128.0,2.54,0.32,49.3,,,,,9.375
66.68,CARRY,164.97,0.0,-9.62,167.22,-0.01,1,0,335.0,116.5,124.4,2.47,0.3,50.2,,,,,9.375
66.73,CARRY,164.97,0.0,-9.62,167.35,-0.01,1,0,336.0,113.0,128.0,2.54,0.32,48.8,,,,,9.375
66.78,CARRY,165.21,0.0,-9.62,167.47,-0.01,1,0,335.0,116.5,124.4,2.47,0.3,49.3,,,,,9.312
66.83,CARRY,165.21,0.0,-9.62,167.6,-0.01,1,0,336.0,112.5,128.5,2.55,0.32,48.6,,,,,9.312
66.88,CARRY,165.46,0.0,-9.62,167.73,-0.01,1,0,335.0,116.0,124.9,2.48,0.3,48.4,,,,,9.375
66.93,CARRY,165.46,0.0,-9.62,167.85,-0.01,1,0,336.0,112.5,128.5,2.55,0.32,49.5,,,,,9.312
66.99,CARRY,165.71,0.0,-9.62,167.98,-0.01,1,0,335.0,116.0,124.9,2.48,0.3,48.4,,,,,9.5
67.04,CARRY,165.71,0.0,-9.62,168.1,-0.01,1,0,336.0,112.5,128.5,2.55,0.32,48.8,,,,,9.5
67.09,CARRY,165.95,0.0,-9.62,168.23,-0.01,1,0,335.5,116.0,125.0,2.48,0.31,49.5,,,,,9.625
67.14,CARRY,165.95,0.0,-9.62,168.35,-0.01,1,0,336.0,112.0,129.0,2.56,0.32,49.6,,,,,9.625
67.19,CARRY,166.2,0.0,-9.62,168.48,-0.01,1,0,335.5,116.0,125.0,2.48,0.31,49.4,,,,,9.875
67.24,CARRY,166.2,0.0,-9.62,168.61,-0.01,1,0,336.0,112.0,129.0,2.56,0.32,49.0,,,,,10.125
67.29,CARRY,166.45,0.0,-9.62,168.73,-0.01,1,0,335.5,116.0,125.0,2.48,0.31,48.7,,,,,10.25
67.34,CARRY,166.45,0.0,-9.62,168.86,-0.01,1,0,336.0,112.0,129.0,2.56,0.32,50.0,,,,,9.938
67.39,CARRY,166.7,0.0,-9.62,168.98,-0.01,1,0,335.5,115.5,125.5,2.49,0.31,50.2,,,,,9.688
67.44,CARRY,166.7,0.0,-9.62,169.11,-0.01,1,0,336.5,112.0,129.1,2.56,0.33,48.0,,,,,9.625
67.49,CARRY,166.95,0.0,-9.62,169.24,-0.01,1,0,336.0,115.5,125.5,2.49,0.32,49.3,,,,,9.5
67.54,CARRY,166.95,0.0,-9.62,169.36,-0.01,1,0,336.5,112.0,129.1,2.56,0.33,49.6,,,,,9.438
67.59,CARRY,167.2,0.0,-9.62,169.49,-0.01,1,0,336.0,115.5,125.5,2.49,0.32,48.1,,,,,9.312
67.64,CARRY,167.2,0.0,-9.62,169.61,-0.01,1,0,336.5,112.0,129.1,2.56,0.33,49.6,,,,,9.312
67.69,CARRY,167.46,0.0,-9.62,169.74,-0.01,1,0,336.0,115.5,125.5,2.49,0.32,48.2,,,,,9.25
67.74,CARRY,167.46,0.0,-9.62,169.87,-0.01,1,0,336.5,112.0,129.1,2.56,0.33,49.2,,,,,9.25
67.79,CARRY,167.71,0.0,-9.62,169.99,-0.01,1,0,336.0,116.0,125.0,2.48,0.32,49.8,,,,,9.25
67.84,CARRY,167.71,0.0,-9.62,170.12,-0.01,1,0,336.5,112.5,128.6,2.55,0.33,49.4,,,,,9.125
67.89,CARRY,167.96,0.0,-9.62,170.24,-0.01,1,0,336.0,119.5,121.6,2.41,0.32,48.9,,,,,8.625
67.94,CARRY,167.96,0.0,-9.62,170.37,-0.01,1,0,336.5,120.0,121.1,2.4,0.33,49.3,,,,,9.0
67.99,CARRY,168.22,0.0,-9.62,170.5,-0.01,1,0,336.0,127.0,114.1,2.26,0.32,49.9,,,,,9.438
68.04,CARRY,168.22,0.0,-9.62,170.62,-0.01,1,0,336.5,112.0,129.1,2.56,0.33,49.5,,,,,9.438
68.09,CARRY,168.47,0.0,-9.62,170.75,-0.01,1,0,335.5,116.0,125.0,2.48,0.31,51.1,,,,,9.375
68.15,CARRY,168.47,0.0,-9.62,170.88,-0.01,1,0,336.0,112.0,129.0,2.56,0.32,48.6,,,,,9.375
68.2,CARRY,168.72,0.0,-9.62,171.0,-0.01,1,0,335.0,115.5,125.4,2.49,0.3,48.8,,,,,9.375
68.25,CARRY,168.72,0.0,-9.62,171.13,-0.01,1,0,336.0,112.0,129.0,2.56,0.32,49.7,,,,,9.375
68.3,CARRY,168.97,0.0,-9.62,171.26,-0.01,1,0,335.0,115.5,125.4,2.49,0.3,49.0,,,,,9.375
68.35,CARRY,168.97,0.0,-9.62,171.38,-0.01,1,0,336.0,112.0,129.0,2.56,0.32,48.9,,,,,9.312
68.4,CARRY,169.22,0.0,-9.62,171.51,-0.01,1,0,335.0,115.5,125.4,2.49,0.3,49.1,,,,,9.25
68.45,CARRY,169.22,0.0,-9.62,171.63,-0.01,1,0,336.0,112.0,129.0,2.56,0.32,49.4,,,,,9.312
68.5,CARRY,169.47,0.01,-9.62,171.76,-0.01,1,0,335.0,115.5,125.4,2.49,0.3,49.3,,,,,9.375
68.55,CARRY,169.47,0.01,-9.62,171.89,-0.01,1,0,336.0,112.0,129.0,2.56,0.32,52.2,,,,,9.438
68.6,CARRY,169.72,0.01,-9.62,172.02,-0.01,1,0,335.0,115.5,125.4,2.49,0.3,49.4,,,,,9.562
68.65,CARRY,169.72,0.01,-9.62,172.14,-0.01,1,0,336.0,111.5,129.5,2.57,0.32,48.9,,,,,9.5
68.7,CARRY,169.97,0.01,-9.62,172.27,-0.01,1,0,335.0,115.5,125.4,2.49,0.3,50.8,,,,,9.75
68.75,CARRY,169.97,0.01,-9.62,172.4,-0.01,1,0,336.0,111.5,129.5,2.57,0.32,48.7,,,,,9.75
68.8,CARRY,170.22,0.01,-9.62,172.52,-0.01,1,0,335.5,115.0,126.0,2.5,0.31,50.3,,,,,10.062
68.86,CARRY,170.22,0.01,-9.62,172.65,-0.01,1,0,336.0,111.5,129.5,2.57,0.32,49.0,,,,,10.062
68.91,CARRY,170.47,0.01,-9.62,172.78,-0.01,1,0,335.5,115.0,126.0,2.5,0.31,48.8,,,,,10.25
68.96,CARRY,170.47,0.01,-9.62,172.9,-0.01,1,0,336.0,111.5,129.5,2.57,0.32,48.2,,,,,10.312
69.01,CARRY,170.73,0.01,-9.62,173.03,-0.01,1,0,335.5,115.0,126.0,2.5,0.31,48.8,,,,,10.062
69.06,CARRY,170.73,0.01,-9.62,173.15,-0.01,1,0,336.0,111.5,129.5,2.57,0.32,47.9,,,,,9.938
69.11,CARRY,170.98,0.0,-9.62,173.28,-0.01,1,0,335.5,115.0,126.0,2.5,0.31,48.7,,,,,9.625
69.16,CARRY,170.98,0.0,-9.62,173.4,-0.01,1,0,336.5,111.5,129.6,2.57,0.33,48.0,,,,,9.625
69.21,CARRY,171.23,0.0,-9.62,173.53,-0.01,1,0,335.5,115.5,125.5,2.49,0.31,48.9,,,,,9.5
69.26,CARRY,171.23,0.0,-9.62,173.65,-0.01,1,0,336.5,111.5,129.6,2.57,0.33,48.1,,,,,9.438
69.31,CARRY,171.48,0.0,-9.62,173.78,-0.01,1,0,336.0,115.5,125.5,2.49,0.32,49.9,,,,,9.375
69.36,CARRY,171.48,0.0,-9.62,173.91,-0.01,1,0,336.5,111.5,129.6,2.57,0.33,48.1,,,,,9.312
69.41,CARRY,171.74,0.0,-9.62,174.03,-0.01,1,0,336.0,115.5,125.5,2.49,0.32,48.3,,,,,9.25
69.46,CARRY,171.99,0.0,-9.62,174.16,-0.01,1,0,335.0,120.5,120.4,2.39,0.3,49.0,,,,,9.125
69.51,CARRY,171.99,0.0,-9.62,174.28,-0.01,1,0,336.0,120.5,120.6,2.39,0.32,48.8,,,,,8.938
69.56,CARRY,172.24,0.0,-9.62,174.41,-0.01,1,0,335.0,128.0,113.0,2.24,0.3,49.2,,,,,8.812
69.61,CARRY,172.24,0.0,-9.62,174.53,-0.01,1,0,336.0,128.0,113.1,2.24,0.32,48.5,,,,,9.562
69.66,CARRY,172.24,0.0,-9.62,174.66,-0.01,1,0,336.5,128.0,113.2,2.24,0.33,47.9,,,,,9.688
69.71,CARRY,172.5,0.0,-9.62,174.78,-0.01,1,0,335.5,115.5,125.5,2.49,0.31,49.9,,,,,9.688
69.76,CARRY,172.5,0.0,-9.62,174.91,-0.01,1,0,336.0,112.0,129.0,2.56,0.32,48.0,,,,,9.688
69.81,CARRY,172.75,0.0,-9.62,175.04,-0.01,1,0,335.5,115.5,125.5,2.49,0.31,50.6,,,,,9.688
69.86,CARRY,173.0,0.0,-9.62,175.16,-0.01,1,0,335.0,119.0,121.9,2.42,0.3,49.2,,,,,9.562
69.91,CARRY,173.0,0.0,-9.62,175.29,-0.01,1,0,335.5,115.5,125.5,2.49,0.31,48.4,,,,,9.562
69.96,CARRY,173.25,0.0,-9.62,175.42,-0.01,1,0,335.0,119.0,121.9,2.42,0.3,49.4,,,,,9.438
70.01,CARRY,173.25,0.0,-9.62,175.54,-0.01,1,0,335.5,115.5,125.5,2.49,0.31,48.0,,,,,9.5
70.06,CARRY,173.49,0.01,-9.62,175.67,-0.01,1,0,335.0,119.0,121.9,2.42,0.3,49.6,,,,,9.5
70.11,CARRY,173.49,0.01,-9.62,175.79,-0.01,1,0,335.5,115.0,126.0,2.5,0.31,48.2,,,,,9.375
70.16,CARRY,173.74,0.01,-9.62,175.92,-0.01,1,0,334.5,118.5,122.4,2.43,0.29,51.8,,,,,9.562
70.21,CARRY,173.74,0.01,-9.62,176.05,-0.01,1,0,335.5,115.0,126.0,2.5,0.31,48.4,,,,,9.5
70.26,CARRY,173.98,0.01,-9.62,176.18,-0.01,1,0,335.0,118.0,122.9,2.44,0.3,49.4,,,,,9.562
70.31,CARRY,173.98,0.01,-9.62,176.3,-0.01,1,0,335.5,114.5,126.5,2.51,0.31,48.7,,,,,9.562
70.37,CARRY,174.23,0.01,-9.62,176.43,-0.01,1,0,335.0,118.0,122.9,2.44,0.3,49.3,,,,,9.75
70.42,CARRY,174.23,0.01,-9.62,176.55,-0.01,1,0,335.5,114.5,126.5,2.51,0.31,48.6,,,,,9.812
70.47,CARRY,174.48,0.01,-9.62,176.68,-0.01,1,0,335.0,118.0,122.9,2.44,0.3,49.4,,,,,10.062
70.52,CARRY,174.48,0.01,-9.62,176.8,-0.01,1,0,335.5,114.5,126.5,2.51,0.31,48.0,,,,,10.125
70.57,CARRY,174.72,0.01,-9.62,176.93,-0.01,1,0,335.0,117.5,123.4,2.45,0.3,49.0,,,,,10.25
70.62,CARRY,174.72,0.01,-9.62,177.05,-0.01,1,0,335.5,114.5,126.5,2.51,0.31,50.9,,,,,10.25
70.67,CARRY,174.97,0.01,-9.62,177.18,-0.01,1,0,335.0,117.5,123.4,2.45,0.3,49.7,,,,,10.062
70.72,CARRY,174.97,0.01,-9.62,177.31,-0.01,1,0,335.5,114.0,126.9,2.52,0.31,49.9,,,,,9.875
70.77,CARRY,175.22,0.01,-9.62,177.44,-0.01,1,0,335.0,117.5,123.4,2.45,0.3,49.6,,,,,9.75
70.82,CARRY,175.22,0.01,-9.62,177.56,-0.01,1,0,336.0,114.0,127.0,2.52,0.32,49.7,,,,,9.75
70.87,CARRY,175.47,0.01,-9.62,177.69,-0.01,1,0,335.0,117.5,123.4,2.45,0.3,49.8,,,,,9.625
70.92,CARRY,175.47,0.01,-9.62,177.82,-0.01,1,0,336.0,113.5,127.5,2.53,0.32,48.1,,,,,9.562
70.97,CARRY,175.72,0.01,-9.62,177.94,-0.01,1,0,335.0,117.0,123.9,2.46,0.3,49.3,,,,,9.438
71.02,CARRY,175.72,0.01,-9.62,178.07,-0.01,1,0,336.0,113.5,127.5,2.53,0.32,48.1,,,,,9.438
71.07,CARRY,175.97,0.01,-9.62,178.2,-0.01,1,0,335.0,119.5,121.4,2.41,0.3,48.8,,,,,9.125
71.12,CARRY,175.97,0.01,-9.62,178.32,-0.01,1,0,336.0,120.0,121.1,2.4,0.32,48.5,,,,,9.062
71.17,CARRY,176.22,0.01,-9.62,178.45,-0.01,1,0,335.0,127.0,114.0,2.26,0.3,49.4,,,,,9.438
71.22,CARRY,176.22,0.01,-9.62,178.57,-0.01,1,0,336.0,127.5,113.6,2.25,0.32,50.5,,,,,9.812
71.27,CARRY,176.47,0.01,-9.62,178.7,-0.01,1,0,335.0,134.5,106.6,2.11,0.3,51.3,,,,,9.75
71.33,CARRY,176.47,0.01,-9.62,178.83,-0.01,1,0,336.0,113.5,127.5,2.53,0.32,49.0,,,,,9.75
71.38,CARRY,176.71,0.01,-9.62,178.96,-0.01,1,0,335.0,117.0,123.9,2.46,0.3,50.5,,,,,9.812
71.43,CARRY,176.71,0.01,-9.62,179.09,-0.01,1,0,336.0,113.0,128.0,2.54,0.32,48.7,,,,,9.812
71.48,CARRY,176.96,0.01,-9.62,179.21,-0.01,1,0,335.0,116.5,124.4,2.47,0.3,48.7,,,,,9.688
71.53,CARRY,176.96,0.01,-9.62,179.34,-0.01,1,0,336.0,113.0,128.0,2.54,0.32,49.6,,,,,9.75
71.58,CARRY,177.2,0.01,-9.62,179.46,-0.01,1,0,335.0,116.5,124.4,2.47,0.3,48.7,,,,,9.562
71.63,CARRY,177.2,0.01,-9.62,179.59,-0.01,1,0,336.0,113.0,128.0,2.54,0.32,47.6,,,,,9.625
71.68,CARRY,177.44,0.01,-9.62,179.71,-0.01,1,0,335.0,116.0,124.9,2.48,0.3,49.9,,,,,9.5
71.73,CARRY,177.44,0.01,-9.62,179.84,-0.01,1,0,336.0,112.5,128.5,2.55,0.32,46.9,,,,,9.5
71.78,CARRY,177.69,0.01,-9.62,179.97,-0.01,1,0,335.0,116.0,124.9,2.48,0.3,49.2,,,,,9.562
71.83,CARRY,177.69,0.01,-9.62,180.09,-0.01,1,0,336.0,112.0,129.0,2.56,0.32,48.8,,,,,9.5
71.88,CARRY,177.93,0.01,-9.62,180.22,-0.01,1,0,335.0,115.5,125.4,2.49,0.3,49.3,,,,,9.625
71.93,CARRY,177.93,0.01,-9.62,180.34,-0.01,1,0,336.0,112.0,129.0,2.56,0.32,48.0,,,,,9.688
71.98,CARRY,178.18,0.01,-9.62,180.47,-0.01,1,0,335.0,115.5,125.4,2.49,0.3,51.7,,,,,9.75
72.03,CARRY,178.18,0.01,-9.62,180.6,-0.01,1,0,336.0,111.5,129.5,2.57,0.32,47.5,,,,,9.938
72.08,CARRY,178.42,0.01,-9.62,180.73,-0.01,1,0,335.0,115.0,125.9,2.5,0.3,48.3,,,,,10.125
72.13,CARRY,178.42,0.01,-9.62,180.85,-0.01,1,0,336.0,111.5,129.5,2.57,0.32,48.2,,,,,10.312
72.18,CARRY,178.67,0.01,-9.62,180.98,-0.01,1,0,335.0,115.0,125.9,2.5,0.3,48.8,,,,,10.375
72.23,CARRY,178.67,0.01,-9.62,181.1,-0.01,1,0,336.0,111.5,129.5,2.57,0.32,46.8,,,,,10.5
72.28,CARRY,178.92,0.01,-9.62,181.23,-0.01,1,0,335.0,115.0,125.9,2.5,0.3,50.6,,,,,10.5
72.34,CARRY,178.92,0.01,-9.62,181.35,-0.01,1,0,336.0,111.5,129.5,2.57,0.32,48.5,,,,,10.5
72.39,CARRY,179.17,0.01,-9.62,181.48,-0.01,1,0,335.0,115.0,125.9,2.5,0.3,48.1,,,,,10.312
72.44,CARRY,179.17,0.01,-9.62,181.61,-0.01,1,0,336.0,111.5,129.5,2.57,0.32,47.4,,,,,10.188
72.49,CARRY,179.42,0.01,-9.62,181.73,-0.01,1,0,335.0,115.0,125.9,2.5,0.3,49.2,,,,,10.125
72.54,CARRY,179.42,0.01,-9.62,181.86,-0.01,1,0,336.0,111.5,129.5,2.57,0.32,48.0,,,,,9.938
72.59,CARRY,179.68,0.01,-9.62,181.98,-0.01,1,0,335.0,115.0,125.9,2.5,0.3,48.4,,,,,9.75
72.64,CARRY,179.68,0.01,-9.62,182.11,-0.01,1,0,336.0,111.5,129.5,2.57,0.32,48.2,,,,,9.5
72.69,CARRY,179.93,0.01,-9.62,182.23,-0.01,1,0,335.0,119.0,121.9,2.42,0.3,48.6,,,,,9.062
72.74,CARRY,179.93,0.01,-9.62,182.36,-0.01,1,0,336.0,119.0,122.1,2.42,0.32,49.5,,,,,9.5
72.79,CARRY,180.18,0.01,-9.62,182.48,-0.01,1,0,335.0,126.5,114.5,2.27,0.3,48.3,,,,,10.0
72.84,CARRY,180.18,0.01,-9.62,182.61,-0.01,1,0,336.0,111.5,129.5,2.57,0.32,47.5,,,,,10.125
72.89,CARRY,180.44,0.01,-9.62,182.73,-0.01,1,0,335.0,115.5,125.4,2.49,0.3,48.4,,,,,10.062
72.94,CARRY,180.44,0.01,-9.62,182.86,-0.01,1,0,336.0,112.0,129.0,2.56,0.32,47.9,,,,,10.062
72.99,CARRY,180.69,0.01,-9.62,182.98,-0.01,1,0,335.0,115.5,125.4,2.49,0.3,48.4,,,,,10.0
73.04,CARRY,180.69,0.01,-9.62,183.11,-0.01,1,0,336.0,112.0,129.0,2.56,0.32,47.8,,,,,10.0
73.09,CARRY,180.94,0.01,-9.62,183.23,-0.01,1,0,335.0,115.5,125.4,2.49,0.3,48.4,,,,,9.875
73.14,CARRY,180.94,0.01,-9.62,183.36,-0.01,1,0,336.0,112.0,129.0,2.56,0.32,47.9,,,,,9.812
73.19,CARRY,181.19,0.01,-9.62,183.48,-0.01,1,0,335.0,115.5,125.4,2.49,0.3,48.4,,,,,9.625
73.24,CARRY,181.19,0.01,-9.62,183.61,-0.01,1,0,336.0,112.0,129.0,2.56,0.32,49.6,,,,,9.688
73.29,CARRY,181.44,0.01,-9.62,183.74,-0.01,1,0,335.0,115.5,125.4,2.49,0.3,48.9,,,,,9.688
73.34,CARRY,181.44,0.01,-9.62,183.86,-0.01,1,0,336.0,112.0,129.0,2.56,0.32,48.2,,,,,9.688
73.39,CARRY,181.69,0.01,-9.62,183.99,-0.01,1,0,335.0,115.5,125.4,2.49,0.3,48.4,,,,,9.75
73.44,CARRY,181.69,0.01,-9.62,184.11,-0.01,1,0,336.0,112.0,129.0,2.56,0.32,49.7,,,,,9.625
73.49,CARRY,181.95,0.01,-9.62,184.24,-0.01,1,0,335.0,115.5,125.4,2.49,0.3,49.9,,,,,9.875
73.54,CARRY,181.95,0.01,-9.62,184.37,-0.01,1,0,336.0,112.0,129.0,2.56,0.32,48.5,,,,,9.875
73.59,CARRY,182.2,0.01,-9.62,184.49,-0.01,1,0,335.0,115.5,125.4,2.49,0.3,48.9,,,,,10.312
73.64,CARRY,182.2,0.01,-9.62,184.62,-0.01,1,0,336.0,111.5,129.5,2.57,0.32,49.5,,,,,10.312
73.69,CARRY,182.45,0.01,-9.62,184.74,-0.01,1,0,335.0,115.5,125.4,2.49,0.3,48.5,,,,,10.5
73.74,CARRY,182.45,0.01,-9.62,184.87,-0.01,1,0,336.0,112.0,129.0,2.56,0.32,48.0,,,,,10.188
73.79,CARRY,182.7,0.0,-9.62,184.99,-0.01,1,0,335.0,115.5,125.4,2.49,0.3,48.1,,,,,10.0
73.84,CARRY,182.7,0.0,-9.62,185.12,-0.01,1,0,336.0,112.0,129.0,2.56,0.32,47.2,,,,,10.0
73.89,CARRY,182.96,0.0,-9.62,185.24,-0.01,1,0,335.0,115.5,125.4,2.49,0.3,49.8,,,,,9.875
73.94,CARRY,182.96,0.0,-9.62,185.37,-0.01,1,0,336.0,112.0,129.0,2.56,0.32,48.6,,,,,9.875
73.99,CARRY,183.21,0.0,-9.62,185.5,-0.01,1,0,335.0,115.5,125.4,2.49,0.3,48.7,,,,,9.75
74.04,CARRY,183.21,0.0,-9.62,185.62,-0.01,1,0,336.0,112.0,129.0,2.56,0.32,47.4,,,,,9.75
74.09,CARRY,183.46,0.0,-9.62,185.75,-0.01,1,0,335.0,115.5,125.4,2.49,0.3,48.1,,,,,9.688
74.14,CARRY,183.46,0.0,-9.62,185.87,-0.01,1,0,336.0,112.0,129.0,2.56,0.32,47.8,,,,,9.688
74.19,CARRY,183.71,0.0,-9.62,186.0,-0.01,1,0,335.5,115.5,125.5,2.49,0.31,47.9,,,,,9.562
74.24,CARRY,183.71,0.0,-9.62,186.12,-0.01,1,0,336.0,112.5,128.5,2.55,0.32,47.7,,,,,9.5
74.29,CARRY,183.97,0.0,-9.62,186.25,-0.01,1,0,335.5,120.0,121.0,2.4,0.31,49.0,,,,,9.0
74.34,CARRY,183.97,0.0,-9.62,186.37,-0.01,1,0,336.0,120.0,121.1,2.4,0.32,47.8,,,,,9.062
74.39,CARRY,184.22,0.0,-9.62,186.5,-0.01,1,0,335.5,127.5,113.6,2.25,0.31,48.9,,,,,9.688
74.44,CARRY,184.22,0.0,-9.62,186.62,-0.01,1,0,336.0,112.5,128.5,2.55,0.32,47.7,,,,,9.875
74.49,CARRY,184.47,0.0,-9.62,186.75,-0.01,1,0,335.5,116.0,125.0,2.48,0.31,47.8,,,,,9.75
74.54,CARRY,184.47,0.0,-9.62,186.87,-0.01,1,0,336.0,112.5,128.5,2.55,0.32,47.7,,,,,9.75
74.59,CARRY,184.72,0.0,-9.62,187.0,-0.01,1,0,335.0,116.0,124.9,2.48,0.3,47.9,,,,,9.625
74.64,CARRY,184.72,0.0,-9.62,187.12,-0.01,1,0,336.0,112.5,128.5,2.55,0.32,48.8,,,,,9.688
74.69,CARRY,184.98,0.0,-9.62,187.25,-0.01,1,0,335.0,116.0,124.9,2.48,0.3,48.2,,,,,9.625
74.74,CARRY,184.98,0.0,-9.62,187.37,-0.01,1,0,336.0,112.5,128.5,2.55,0.32,47.8,,,,,9.562
74.79,CARRY,185.22,0.0,-9.62,187.5,-0.01,1,0,335.5,116.0,125.0,2.48,0.31,49.2,,,,,9.375
74.84,CARRY,185.22,0.0,-9.62,187.62,-0.01,1,0,336.0,112.0,129.0,2.56,0.32,47.4,,,,,9.438
74.89,CARRY,185.47,0.0,-9.62,187.75,-0.01,1,0,335.5,116.0,125.0,2.48,0.31,48.2,,,,,9.5
74.94,CARRY,185.47,0.0,-9.62,187.87,-0.01,1,0,336.0,112.0,129.0,2.56,0.32,49.6,,,,,9.5
74.99,CARRY,185.72,0.0,-9.62,188.0,-0.01,1,0,335.5,116.0,125.0,2.48,0.31,49.2,,,,,9.688
