{
  "backend": "hf",
  "n": 439,
  "parse_rate": 0.979498861047836,
  "iou_gate_pass_rate": 0.3940774487471526,
  "mean_iou": 0.3391655434899153,
  "center_std": 230.30559951376347
}
