t_s,state,copter_n,copter_e,copter_d,rover_n,rover_e,in_fov,occluded,bbox_cx,bbox_cy,px_err,vx_cmd,vy_cmd,loop_ms,dist_n,dist_e,d_true_px,d_dist_px,carry_score
0.0,ACQUIRE,0.01,-0.01,-8.81,0.51,-0.01,1,0,,,,0.0,0.0,4.8,13.26,-0.01,,,
0.05,ACQUIRE,0.01,-0.01,-8.92,0.53,-0.01,1,0,,,,0.0,0.0,1.4,13.26,-0.01,,,
0.1,ACQUIRE,0.01,-0.01,-8.92,0.54,-0.01,1,0,,,,0.0,0.0,0.6,13.26,-0.01,,,
0.15,ACQUIRE,0.01,-0.01,-9.03,0.55,-0.01,1,0,,,,0.0,0.0,1.4,13.26,-0.01,,,
0.2,ACQUIRE,0.01,-0.01,-9.03,0.56,-0.01,1,0,,,,0.0,0.0,1.0,13.26,-0.01,,,
0.25,ACQUIRE,0.01,-0.01,-9.13,0.58,-0.01,1,0,,,,0.0,0.0,1.6,13.26,-0.01,,,
0.3,ACQUIRE,0.01,-0.01,-9.13,0.59,-0.01,1,0,,,,0.0,0.0,0.9,13.26,-0.01,,,
0.35,ACQUIRE,0.01,-0.01,-9.22,0.6,-0.01,1,0,,,,0.65,0.1,2.8,13.26,-0.01,,,
0.4,ACQUIRE,0.01,-0.01,-9.22,0.61,-0.01,1,0,,,,0.66,0.08,1.9,13.26,-0.01,,,
0.45,ACQUIRE,0.01,-0.01,-9.3,0.63,-0.01,1,0,,,,0.66,0.07,2.5,13.26,-0.01,,,
0.5,ACQUIRE,0.01,-0.01,-9.3,0.64,-0.01,1,0,,,,0.67,0.07,1.9,13.26,-0.01,,,
0.55,ACQUIRE,0.01,-0.01,-9.37,0.65,-0.01,1,0,,,,0.67,0.08,2.4,13.26,-0.01,,,
0.6,ACQUIRE,0.01,-0.01,-9.37,0.66,-0.01,1,0,,,,0.68,0.08,1.9,13.26,-0.01,,,
0.65,ACQUIRE,0.01,-0.01,-9.44,0.68,-0.01,1,0,,,,0.67,0.07,2.6,13.26,-0.01,,,
0.7,ACQUIRE,0.01,-0.01,-9.44,0.69,-0.01,1,0,,,,0.68,0.08,1.9,13.26,-0.01,,,
0.75,ACQUIRE,0.03,-0.01,-9.49,0.7,-0.01,1,0,,,,0.67,0.07,2.6,13.26,-0.01,,,
0.8,ACQUIRE,0.03,-0.01,-9.49,0.71,-0.01,1,0,,,,0.68,0.07,1.8,13.26,-0.01,,,
0.85,ACQUIRE,0.05,-0.01,-9.53,0.73,-0.01,1,0,,,,0.73,0.05,2.6,13.26,-0.01,,,
0.9,ACQUIRE,0.05,-0.01,-9.53,0.74,-0.01,1,0,,,,0.74,0.08,1.8,13.26,-0.01,,,
0.95,ACQUIRE,0.08,-0.01,-9.55,0.75,-0.01,1,0,,,,0.71,0.08,2.5,13.26,-0.01,,,
1.0,ACQUIRE,0.08,-0.01,-9.55,0.76,-0.01,1,0,,,,0.72,0.09,1.9,13.26,-0.01,,,
1.05,ACQUIRE,0.11,-0.01,-9.57,0.78,-0.01,1,0,,,,0.68,0.08,2.5,13.26,-0.01,,,
1.1,ACQUIRE,0.11,-0.01,-9.57,0.79,-0.01,1,0,,,,0.69,0.08,1.9,13.26,-0.01,,,
1.15,ACQUIRE,0.16,-0.01,-9.58,0.8,-0.01,1,0,,,,0.64,0.07,2.4,13.26,-0.01,,,
1.2,ACQUIRE,0.16,-0.01,-9.58,0.81,-0.01,1,0,,,,0.65,0.07,1.8,13.26,-0.01,,,
1.25,ACQUIRE,0.21,-0.01,-9.59,0.83,-0.01,1,0,,,,0.6,0.07,2.4,13.26,-0.01,,,
1.3,ACQUIRE,0.21,-0.01,-9.59,0.84,-0.01,1,0,,,,0.61,0.07,1.8,13.26,-0.01,,,
1.35,ACQUIRE,0.26,-0.01,-9.58,0.85,-0.01,1,0,,,,-0.21,-0.14,2.3,13.26,-0.01,,,
1.4,ACQUIRE,0.26,-0.01,-9.58,0.86,-0.01,1,0,,,,0.62,0.04,2.1,13.26,-0.01,,,
1.45,ACQUIRE,0.32,-0.01,-9.58,0.88,-0.01,1,0,,,,0.57,0.07,2.5,13.26,-0.01,,,
1.5,ACQUIRE,0.32,-0.01,-9.58,0.89,-0.01,1,0,,,,0.58,0.07,1.9,13.26,-0.01,,,
1.55,ACQUIRE,0.38,-0.01,-9.57,0.9,-0.01,1,0,,,,0.52,0.07,2.6,13.26,-0.01,,,
1.6,ACQUIRE,0.38,-0.01,-9.57,0.91,-0.01,1,0,,,,0.53,0.07,1.8,13.26,-0.01,,,
1.65,ACQUIRE,0.44,-0.02,-9.57,0.93,-0.01,1,0,,,,0.46,0.06,2.5,13.26,-0.01,,,
1.7,ACQUIRE,0.44,-0.02,-9.57,0.94,-0.01,1,0,,,,0.47,0.06,1.7,13.26,-0.01,,,
1.75,ACQUIRE,0.49,-0.02,-9.56,0.95,-0.01,1,0,,,,0.41,0.05,2.5,13.26,-0.01,,,
1.8,ACQUIRE,0.49,-0.02,-9.56,0.96,-0.01,1,0,,,,0.42,0.05,1.8,13.26,-0.01,,,
1.85,ACQUIRE,0.55,-0.02,-9.55,0.98,-0.01,1,0,,,,0.43,0.09,2.4,13.26,-0.01,,,
1.9,ACQUIRE,0.55,-0.02,-9.55,0.99,-0.01,1,0,,,,0.43,0.06,1.8,13.26,-0.01,,,
1.95,ACQUIRE,0.61,-0.02,-9.55,1.0,-0.01,1,0,,,,0.38,0.06,2.3,13.26,-0.01,,,
2.0,ACQUIRE,0.61,-0.02,-9.55,1.01,-0.01,1,0,,,,0.39,0.06,1.9,13.26,-0.01,,,
2.05,ACQUIRE,0.66,-0.02,-9.54,1.03,-0.01,1,0,,,,0.33,0.05,2.6,13.26,-0.01,,,
2.1,ACQUIRE,0.66,-0.02,-9.54,1.04,-0.01,1,0,,,,0.34,0.05,2.3,13.26,-0.01,,,
2.15,ACQUIRE,0.72,-0.02,-9.54,1.05,-0.01,1,0,,,,0.29,0.05,2.6,13.26,-0.01,,,
2.2,ACQUIRE,0.72,-0.02,-9.54,1.07,-0.01,1,0,,,,0.29,0.05,1.7,13.26,-0.01,,,
2.25,ACQUIRE,0.77,-0.02,-9.54,1.08,-0.01,1,0,,,,0.24,0.03,2.5,13.26,-0.01,,,
2.3,ACQUIRE,0.77,-0.02,-9.54,1.09,-0.01,1,0,,,,0.25,0.04,1.9,13.26,-0.01,,,
2.35,ACQUIRE,0.81,-0.02,-9.53,1.1,-0.01,1,0,,,,0.27,0.04,2.4,13.26,-0.01,,,
2.4,ACQUIRE,0.81,-0.02,-9.53,1.12,-0.01,1,0,,,,0.28,0.03,4.9,13.26,-0.01,,,
2.45,ACQUIRE,0.86,-0.02,-9.53,1.13,-0.01,1,0,,,,0.24,0.02,2.6,13.26,-0.01,,,
2.5,ACQUIRE,0.86,-0.02,-9.53,1.14,-0.01,1,0,,,,0.25,0.02,1.8,13.26,-0.01,,,
2.55,ACQUIRE,0.9,-0.02,-9.53,1.15,-0.01,1,0,,,,0.21,0.02,2.5,13.26,-0.01,,,
2.6,ACQUIRE,0.9,-0.02,-9.53,1.17,-0.01,1,0,,,,0.22,0.02,1.9,13.26,-0.01,,,
2.65,ACQUIRE,0.93,-0.02,-9.53,1.18,-0.01,1,0,,,,0.17,0.02,2.5,13.26,-0.01,,,
2.7,ACQUIRE,0.93,-0.02,-9.53,1.19,-0.01,1,0,,,,0.18,0.02,1.9,13.26,-0.01,,,
2.75,ACQUIRE,0.97,-0.02,-9.54,1.2,-0.01,1,0,,,,0.15,0.02,2.3,13.26,-0.01,,,
2.8,ACQUIRE,0.97,-0.02,-9.54,1.22,-0.01,1,0,,,,0.16,0.02,1.9,13.26,-0.01,,,
2.85,ACQUIRE,1.0,-0.02,-9.54,1.23,-0.01,1,0,,,,0.2,-0.01,2.6,13.26,-0.01,,,
2.9,ACQUIRE,1.0,-0.02,-9.54,1.24,-0.01,1,0,,,,0.21,0.02,1.9,13.26,-0.01,,,
2.95,ACQUIRE,1.03,-0.02,-9.54,1.25,-0.01,1,0,,,,0.18,0.02,2.6,13.26,-0.01,,,
3.0,ACQUIRE,1.03,-0.02,-9.54,1.27,-0.01,1,0,,,,0.19,0.02,1.9,13.26,-0.01,,,
3.05,ACQUIRE,1.06,-0.02,-9.54,1.28,-0.01,1,0,,,,0.17,0.02,2.6,13.26,-0.01,,,
3.1,ACQUIRE,1.06,-0.02,-9.54,1.29,-0.01,1,0,,,,0.18,0.02,1.8,13.26,-0.01,,,
3.15,ACQUIRE,1.09,-0.02,-9.54,1.3,-0.01,1,0,,,,0.15,0.02,2.6,13.26,-0.01,,,
3.2,ACQUIRE,1.09,-0.02,-9.54,1.32,-0.01,1,0,,,,0.16,0.02,1.8,13.26,-0.01,,,
3.25,ACQUIRE,1.11,-0.02,-9.55,1.33,-0.01,1,0,,,,0.14,0.02,2.5,13.26,-0.01,,,
3.3,ACQUIRE,1.11,-0.02,-9.55,1.34,-0.01,1,0,,,,0.15,0.02,1.9,13.26,-0.01,,,
3.35,ACQUIRE,1.14,-0.02,-9.55,1.35,-0.01,1,0,,,,0.19,0.06,2.4,13.26,-0.01,,,
3.4,ACQUIRE,1.14,-0.02,-9.55,1.37,-0.01,1,0,,,,0.2,0.03,1.8,13.26,-0.01,,,
3.45,ACQUIRE,1.16,-0.02,-9.55,1.38,-0.01,1,0,,,,0.18,0.03,2.4,13.26,-0.01,,,
3.51,ACQUIRE,1.16,-0.02,-9.55,1.39,-0.01,1,0,,,,0.19,0.03,1.9,13.26,-0.01,,,
3.56,ACQUIRE,1.18,-0.02,-9.55,1.4,-0.01,1,0,,,,0.17,0.02,2.5,13.26,-0.01,,,
3.61,ACQUIRE,1.18,-0.02,-9.55,1.42,-0.01,1,0,,,,0.18,0.02,1.9,13.26,-0.01,,,
3.66,ACQUIRE,1.2,-0.02,-9.55,1.43,-0.01,1,0,,,,0.16,0.02,2.6,13.26,-0.01,,,
3.71,ACQUIRE,1.2,-0.02,-9.55,1.44,-0.01,1,0,,,,0.17,0.02,1.9,13.26,-0.01,,,
3.76,ACQUIRE,1.22,-0.02,-9.55,1.45,-0.01,1,0,,,,0.16,0.03,2.4,13.26,-0.01,,,
3.81,ACQUIRE,1.22,-0.02,-9.55,1.47,-0.01,1,0,,,,0.16,0.03,1.8,13.26,-0.01,,,
3.86,ACQUIRE,1.24,-0.03,-9.56,1.48,-0.01,1,0,,,,0.21,0.03,2.6,13.26,-0.01,,,
3.91,ACQUIRE,1.24,-0.03,-9.56,1.49,-0.01,1,0,,,,0.22,0.03,1.8,13.26,-0.01,,,
3.96,ACQUIRE,1.26,-0.03,-9.56,1.5,-0.01,1,0,,,,0.2,0.03,2.5,13.26,-0.01,,,
4.01,ACQUIRE,1.26,-0.03,-9.56,1.52,-0.01,1,0,,,,0.21,0.03,1.8,13.26,-0.01,,,
4.06,ACQUIRE,1.28,-0.03,-9.56,1.53,-0.01,1,0,,,,0.2,0.03,2.3,13.26,-0.01,,,
4.11,ACQUIRE,1.28,-0.03,-9.56,1.54,-0.01,1,0,,,,0.2,0.03,1.8,13.26,-0.01,,,
4.16,ACQUIRE,1.3,-0.03,-9.56,1.55,-0.01,1,0,,,,0.19,0.03,2.4,13.26,-0.01,,,
4.21,ACQUIRE,1.3,-0.03,-9.56,1.57,-0.01,1,0,,,,0.2,0.03,1.9,13.26,-0.01,,,
4.26,ACQUIRE,1.32,-0.03,-9.56,1.58,-0.01,1,0,,,,0.18,0.03,2.5,13.26,-0.01,,,
4.31,ACQUIRE,1.32,-0.03,-9.56,1.59,-0.01,1,0,,,,0.19,0.03,1.9,13.26,-0.01,,,
4.36,ACQUIRE,1.34,-0.03,-9.56,1.6,-0.01,1,0,,,,0.24,0.04,2.6,13.26,-0.01,,,
4.41,ACQUIRE,1.34,-0.03,-9.56,1.62,-0.01,1,0,,,,0.25,0.05,1.9,13.26,-0.01,,,
4.46,ACQUIRE,1.36,-0.03,-9.56,1.63,-0.01,1,0,,,,0.24,0.05,2.6,13.26,-0.01,,,
4.51,ACQUIRE,1.36,-0.03,-9.56,1.64,-0.01,1,0,,,,0.24,0.05,1.8,13.26,-0.01,,,
4.56,ACQUIRE,1.38,-0.03,-9.56,1.65,-0.01,1,0,,,,0.23,0.05,2.6,13.26,-0.01,,,
4.61,ACQUIRE,1.38,-0.03,-9.56,1.67,-0.01,1,0,,,,0.24,0.05,1.8,13.26,-0.01,,,
4.66,ACQUIRE,1.4,-0.03,-9.56,1.68,-0.01,1,0,,,,0.22,0.05,2.3,13.26,-0.01,,,
4.71,CARRY,1.4,-0.03,-9.56,1.69,-0.01,1,0,,,,-0.671,0.058,607.2,13.26,-0.01,,,
5.32,CARRY,1.54,-0.02,-9.57,1.84,-0.01,1,0,322.0,223.0,17.1,0.34,0.04,55.8,13.26,-0.01,1.0,662.3,2.25
5.37,CARRY,1.56,-0.02,-9.57,1.86,-0.01,1,0,322.5,223.5,16.7,0.33,0.05,48.7,13.26,-0.01,0.7,661.4,2.297
5.42,CARRY,1.56,-0.02,-9.57,1.87,-0.01,1,0,322.0,222.5,17.6,0.35,0.04,54.2,13.26,-0.01,0.8,660.5,2.469
5.48,CARRY,1.58,-0.02,-9.57,1.88,-0.01,1,0,322.0,223.0,17.1,0.34,0.04,49.4,13.26,-0.01,0.7,659.7,2.5
5.53,CARRY,1.58,-0.02,-9.57,1.9,-0.01,1,0,322.0,222.5,17.6,0.35,0.04,55.3,13.26,-0.01,0.9,659.2,2.641
5.58,CARRY,1.6,-0.02,-9.57,1.91,-0.01,1,0,322.0,223.0,17.1,0.34,0.04,49.7,13.26,-0.01,0.9,658.4,2.703
5.63,CARRY,1.6,-0.02,-9.57,1.92,-0.01,1,0,322.5,222.0,18.2,0.36,0.05,54.5,13.26,-0.01,0.4,657.4,2.828
5.69,CARRY,1.62,-0.02,-9.57,1.94,-0.01,1,0,322.5,222.5,17.7,0.35,0.05,49.5,13.26,-0.01,0.5,656.6,2.859
5.74,CARRY,1.62,-0.02,-9.57,1.95,-0.01,1,0,322.5,222.0,18.2,0.36,0.05,54.4,13.26,-0.01,0.7,656.1,2.922
5.8,CARRY,1.65,-0.02,-9.57,1.96,-0.01,1,0,322.5,222.5,17.7,0.35,0.05,50.4,13.26,-0.01,0.6,655.2,2.922
5.85,CARRY,1.67,-0.01,-9.57,1.98,-0.01,1,0,322.5,223.0,17.2,0.34,0.05,55.0,13.26,-0.01,0.5,654.1,3.0
5.9,CARRY,1.67,-0.01,-9.57,1.99,-0.01,1,0,322.5,222.0,18.2,0.36,0.05,48.1,13.26,-0.01,0.3,653.2,3.141
5.95,CARRY,1.7,-0.01,-9.57,2.0,-0.01,1,0,322.5,223.0,17.2,0.34,0.05,54.3,13.26,-0.01,0.4,652.5,3.469
6.01,CARRY,1.7,-0.01,-9.57,2.02,-0.01,1,0,322.5,222.5,17.7,0.35,0.05,48.0,13.26,-0.01,0.6,652.0,3.906
6.06,CARRY,1.73,-0.01,-9.57,2.03,-0.01,1,0,322.5,223.5,16.7,0.33,0.05,55.0,13.26,-0.01,0.8,651.3,4.125
6.11,CARRY,1.73,-0.01,-9.57,2.04,-0.01,1,0,322.5,222.5,17.7,0.35,0.05,48.8,13.26,-0.01,0.5,650.3,4.219
6.16,CARRY,1.76,-0.01,-9.57,2.06,-0.01,1,0,322.5,223.5,16.7,0.33,0.05,54.3,13.26,-0.01,0.6,649.5,4.219
6.22,CARRY,1.76,-0.01,-9.57,2.07,-0.01,1,0,322.5,223.0,17.2,0.34,0.05,47.9,13.26,-0.01,0.8,649.0,4.25
6.27,CARRY,1.79,-0.01,-9.57,2.08,-0.01,1,0,321.5,224.0,16.1,0.32,0.03,54.4,13.26,-0.01,0.8,648.2,4.188
6.33,CARRY,1.79,-0.01,-9.57,2.1,-0.01,1,0,322.5,223.0,17.2,0.34,0.05,47.9,13.26,-0.01,0.6,647.1,4.25
6.38,CARRY,1.82,-0.01,-9.57,2.11,-0.01,1,0,321.5,224.0,16.1,0.32,0.03,55.0,13.26,-0.01,0.5,646.4,4.188
6.43,CARRY,1.82,-0.01,-9.57,2.12,-0.01,1,0,322.5,223.5,16.7,0.33,0.05,48.0,13.26,-0.01,0.8,645.7,4.188
6.48,CARRY,1.86,-0.01,-9.57,2.13,-0.01,1,0,321.5,224.5,15.6,0.31,0.03,54.3,13.26,-0.01,0.6,645.0,4.188
6.54,CARRY,1.86,-0.01,-9.57,2.15,-0.01,1,0,321.5,224.5,15.6,0.31,0.03,48.0,13.26,-0.01,1.3,645.0,4.219
6.59,CARRY,1.89,-0.01,-9.57,2.16,-0.01,1,0,321.5,225.0,15.1,0.3,0.03,54.7,13.26,-0.01,0.7,643.6,4.25
6.64,CARRY,1.92,-0.01,-9.57,2.17,-0.01,1,0,321.5,226.0,14.1,0.28,0.03,48.6,13.26,-0.01,0.6,642.7,4.219
6.69,CARRY,1.92,-0.01,-9.57,2.19,-0.01,1,0,321.5,225.0,15.1,0.3,0.03,54.1,13.26,-0.01,0.3,641.7,4.188
6.75,CARRY,1.95,-0.01,-9.57,2.2,-0.01,1,0,321.5,226.0,14.1,0.28,0.03,49.2,13.26,-0.01,0.2,640.7,4.125
6.8,CARRY,1.95,-0.01,-9.57,2.21,-0.01,1,0,321.5,225.5,14.6,0.29,0.03,54.9,13.26,-0.01,0.4,640.2,4.094
6.85,CARRY,1.99,-0.01,-9.57,2.23,-0.01,1,0,321.5,226.5,13.6,0.27,0.03,50.1,13.26,-0.01,0.4,639.4,4.062
6.9,CARRY,1.99,-0.01,-9.57,2.24,-0.01,1,0,321.5,226.0,14.1,0.28,0.03,53.8,13.26,-0.01,0.6,638.9,3.984
6.96,CARRY,2.02,-0.01,-9.57,2.25,-0.01,1,0,321.5,227.0,13.1,0.26,0.03,50.1,13.26,-0.01,0.7,638.0,3.969
7.01,CARRY,2.02,-0.01,-9.57,2.27,-0.01,1,0,321.5,226.0,14.1,0.28,0.03,54.3,13.26,-0.01,0.4,637.0,3.906
7.07,CARRY,2.05,-0.01,-9.57,2.28,-0.01,1,0,321.5,227.0,13.1,0.26,0.03,48.8,13.26,-0.01,0.5,636.2,3.953
7.12,CARRY,2.05,-0.01,-9.57,2.29,-0.01,1,0,321.5,226.5,13.6,0.27,0.03,53.7,13.26,-0.01,0.6,635.7,3.906
7.17,CARRY,2.08,-0.01,-9.57,2.31,-0.01,1,0,321.5,227.0,13.1,0.26,0.03,48.8,13.26,-0.01,0.3,634.5,3.922
7.22,CARRY,2.08,-0.01,-9.57,2.32,-0.01,1,0,321.5,226.5,13.6,0.27,0.03,53.5,13.26,-0.01,0.4,634.0,3.859
7.27,CARRY,2.11,-0.0,-9.57,2.33,-0.01,1,0,321.5,227.5,12.6,0.25,0.03,48.9,13.26,-0.01,0.6,633.2,3.828
7.32,CARRY,2.11,-0.0,-9.57,2.35,-0.01,1,0,321.5,227.0,13.1,0.26,0.03,54.3,13.26,-0.01,0.7,632.7,3.875
7.38,CARRY,2.14,-0.0,-9.57,2.36,-0.01,1,0,321.5,228.0,12.1,0.24,0.03,49.5,13.26,-0.01,0.9,632.0,3.844
7.43,CARRY,2.14,-0.0,-9.57,2.37,-0.01,1,0,321.5,227.0,13.1,0.26,0.03,53.7,13.26,-0.01,0.6,631.0,3.828
7.48,CARRY,2.17,-0.0,-9.57,2.39,-0.01,1,0,321.5,228.0,12.1,0.24,0.03,48.5,13.26,-0.01,0.8,630.4,3.812
7.54,CARRY,2.17,-0.0,-9.57,2.4,-0.01,1,0,321.5,227.0,13.1,0.26,0.03,54.2,13.26,-0.01,0.5,629.4,3.859
7.59,CARRY,2.19,-0.0,-9.57,2.41,-0.01,1,0,321.5,228.0,12.1,0.24,0.03,49.0,13.26,-0.01,0.7,628.7,3.953
7.64,CARRY,2.19,-0.0,-9.57,2.42,-0.01,1,0,321.5,227.0,13.1,0.26,0.03,54.3,13.26,-0.01,0.4,627.7,3.938
7.7,CARRY,2.22,-0.0,-9.57,2.44,-0.01,1,0,321.5,228.0,12.1,0.24,0.03,49.1,13.26,-0.01,0.7,627.2,3.953
7.75,CARRY,2.25,-0.0,-9.58,2.45,-0.01,1,0,320.5,229.0,11.0,0.22,0.01,55.6,13.26,-0.01,0.8,626.7,4.062
7.8,CARRY,2.25,-0.0,-9.58,2.46,-0.01,1,0,321.5,228.0,12.1,0.24,0.03,48.8,13.26,-0.01,0.7,625.6,4.094
7.85,CARRY,2.27,-0.0,-9.58,2.48,-0.01,1,0,320.5,229.0,11.0,0.22,0.01,54.7,13.26,-0.01,0.9,625.2,4.125
7.91,CARRY,2.27,-0.0,-9.58,2.49,-0.01,1,0,321.5,228.0,12.1,0.24,0.03,48.1,13.26,-0.01,0.7,624.1,4.156
7.96,CARRY,2.3,-0.0,-9.58,2.5,-0.01,1,0,320.5,229.0,11.0,0.22,0.01,54.7,13.26,-0.01,0.9,623.7,4.25
8.01,CARRY,2.3,-0.0,-9.58,2.52,-0.01,1,0,321.5,228.0,12.1,0.24,0.03,48.6,13.26,-0.01,0.7,622.5,4.344
8.06,CARRY,2.33,-0.0,-9.58,2.53,-0.01,1,0,320.5,229.0,11.0,0.22,0.01,54.9,13.26,-0.01,0.9,622.2,4.344
8.12,CARRY,2.33,-0.0,-9.58,2.54,-0.01,1,0,321.5,228.0,12.1,0.24,0.03,48.4,13.26,-0.01,0.8,621.1,4.469
8.17,CARRY,2.35,-0.0,-9.58,2.56,-0.01,1,0,320.5,228.5,11.5,0.23,0.01,54.8,13.26,-0.01,0.6,620.2,4.469
8.23,CARRY,2.35,-0.0,-9.58,2.57,-0.01,1,0,321.5,228.0,12.1,0.24,0.03,48.2,13.26,-0.01,0.8,619.6,4.562
8.28,CARRY,2.37,-0.0,-9.58,2.58,-0.01,1,0,321.0,228.5,11.5,0.23,0.02,54.8,13.26,-0.01,0.5,618.7,4.594
8.33,CARRY,2.37,-0.0,-9.58,2.6,-0.01,1,0,321.5,228.0,12.1,0.24,0.03,48.5,13.26,-0.01,0.9,618.2,4.625
8.38,CARRY,2.4,-0.0,-9.58,2.61,-0.01,1,0,321.5,228.0,12.1,0.24,0.03,54.9,13.26,-0.01,0.5,616.7,4.656
8.44,CARRY,2.4,-0.0,-9.58,2.62,-0.01,1,0,321.5,227.5,12.6,0.25,0.03,48.4,13.26,-0.01,0.6,616.2,4.688
8.49,CARRY,2.42,-0.01,-9.58,2.64,-0.01,1,0,321.5,228.0,12.1,0.24,0.03,54.2,13.26,-0.01,0.5,615.4,4.688
8.54,CARRY,2.45,-0.01,-9.58,2.65,-0.01,1,0,321.5,229.0,11.1,0.22,0.03,48.4,13.26,-0.01,0.8,614.9,4.75
8.59,CARRY,2.45,-0.01,-9.58,2.66,-0.01,1,0,321.5,228.0,12.1,0.24,0.03,53.6,13.26,-0.01,0.5,613.9,4.781
8.65,CARRY,2.47,-0.01,-9.58,2.68,-0.01,1,0,321.5,229.0,11.1,0.22,0.03,51.5,13.26,-0.01,0.9,613.5,4.719
8.7,CARRY,2.47,-0.01,-9.58,2.69,-0.01,1,0,321.5,228.0,12.1,0.24,0.03,53.3,13.26,-0.01,0.7,612.5,4.781
8.75,CARRY,2.5,-0.01,-9.58,2.7,-0.01,1,0,321.5,228.5,11.6,0.23,0.03,48.9,13.26,-0.01,0.6,611.6,4.688
8.8,CARRY,2.5,-0.01,-9.58,2.72,-0.01,1,0,321.5,228.0,12.1,0.24,0.03,54.6,13.26,-0.01,0.7,611.1,4.812
8.86,CARRY,2.52,-0.01,-9.58,2.73,-0.01,1,0,321.5,228.5,11.6,0.23,0.03,49.2,13.26,-0.01,0.7,610.2,4.688
8.91,CARRY,2.52,-0.01,-9.58,2.74,-0.01,1,0,321.5,228.0,12.1,0.24,0.03,54.0,13.26,-0.01,0.8,609.7,4.781
8.96,CARRY,2.54,-0.01,-9.58,2.76,-0.01,1,0,321.5,228.0,12.1,0.24,0.03,48.3,13.26,-0.01,0.4,608.3,4.688
9.01,CARRY,2.54,-0.01,-9.58,2.77,-0.01,1,0,321.5,227.5,12.6,0.25,0.03,53.3,13.26,-0.01,0.5,607.8,4.75
9.07,CARRY,2.57,-0.01,-9.58,2.78,-0.01,1,0,321.5,228.0,12.1,0.24,0.03,48.7,13.26,-0.01,0.5,607.0,4.719
9.12,CARRY,2.57,-0.01,-9.58,2.79,-0.01,1,0,321.5,227.5,12.6,0.25,0.03,53.4,13.26,-0.01,0.6,606.5,4.781
9.17,CARRY,2.59,-0.01,-9.58,2.81,-0.01,1,0,321.5,228.0,12.1,0.24,0.03,48.8,13.26,-0.01,0.6,605.6,4.812
9.22,CARRY,2.59,-0.01,-9.58,2.82,-0.01,1,0,321.5,227.0,13.1,0.26,0.03,53.5,13.26,-0.01,0.3,604.6,4.844
9.28,CARRY,2.61,-0.01,-9.58,2.83,-0.01,1,0,321.5,228.0,12.1,0.24,0.03,48.5,13.26,-0.01,0.7,604.2,4.906
9.33,CARRY,2.61,-0.01,-9.58,2.85,-0.01,1,0,321.5,227.0,13.1,0.26,0.03,54.5,13.26,-0.01,0.4,603.2,4.875
9.38,CARRY,2.64,-0.01,-9.58,2.86,-0.01,1,0,321.5,228.0,12.1,0.24,0.03,48.8,13.26,-0.01,0.8,602.8,4.938
9.43,CARRY,2.64,-0.01,-9.58,2.87,-0.01,1,0,321.5,227.0,13.1,0.26,0.03,53.2,13.26,-0.01,0.5,601.8,4.906
9.49,CARRY,2.66,-0.01,-9.58,2.89,-0.01,1,0,321.5,228.0,12.1,0.24,0.03,48.5,13.26,-0.01,0.9,601.4,4.938
9.54,CARRY,2.66,-0.01,-9.58,2.9,-0.01,1,0,321.5,227.0,13.1,0.26,0.03,54.0,13.26,-0.01,0.6,600.4,4.906
9.59,CARRY,2.69,-0.01,-9.58,2.91,-0.01,1,0,321.5,227.5,12.6,0.25,0.03,49.2,13.26,-0.01,0.5,599.5,4.906
9.64,CARRY,2.69,-0.01,-9.58,2.92,-0.01,1,0,321.5,227.0,13.1,0.26,0.03,54.2,13.26,-0.01,0.7,599.0,4.875
9.7,CARRY,2.71,-0.01,-9.58,2.94,-0.01,1,0,321.5,227.5,12.6,0.25,0.03,49.0,13.26,-0.01,0.6,598.1,4.844
9.75,CARRY,2.74,-0.01,-9.58,2.95,-0.01,1,0,321.5,228.0,12.1,0.24,0.03,54.6,13.26,-0.01,0.5,597.2,4.75
9.8,CARRY,2.74,-0.01,-9.58,2.96,-0.01,1,0,321.5,227.0,13.1,0.26,0.03,47.9,13.26,-0.01,0.3,596.2,4.688
9.85,CARRY,2.76,-0.01,-9.58,2.98,-0.01,1,0,321.5,228.0,12.1,0.24,0.03,54.4,13.26,-0.01,0.5,595.7,4.75
9.91,CARRY,2.76,-0.01,-9.58,2.99,-0.01,1,0,321.5,227.0,13.1,0.26,0.03,47.9,13.26,-0.01,0.3,594.7,4.75
9.96,CARRY,2.79,-0.01,-9.58,3.0,-0.01,1,0,321.5,228.0,12.1,0.24,0.03,57.8,13.26,-0.01,0.6,594.3,4.781
10.02,CARRY,2.79,-0.01,-9.58,3.02,-0.01,1,0,321.5,227.0,13.1,0.26,0.03,49.0,13.26,-0.01,0.4,593.3,4.75
10.07,CARRY,2.81,-0.01,-9.58,3.03,-0.01,1,0,321.5,228.0,12.1,0.24,0.03,55.1,13.26,-0.01,0.7,592.8,4.781
10.12,CARRY,2.81,-0.01,-9.58,3.05,-0.01,1,0,321.5,227.0,13.1,0.26,0.03,48.2,13.26,-0.01,0.5,591.9,4.781
10.17,CARRY,2.84,-0.01,-9.58,3.06,-0.01,1,0,321.5,228.0,12.1,0.24,0.03,54.7,13.26,-0.01,0.8,591.4,4.812
10.23,CARRY,2.84,-0.01,-9.58,3.07,-0.01,1,0,321.5,227.0,13.1,0.26,0.03,48.0,13.26,-0.01,0.5,590.4,4.812
10.28,CARRY,2.86,-0.01,-9.58,3.08,-0.01,1,0,321.5,228.0,12.1,0.24,0.03,54.6,13.26,-0.01,0.8,589.9,4.844
10.33,CARRY,2.86,-0.01,-9.58,3.1,-0.01,1,0,321.5,227.0,13.1,0.26,0.03,48.4,13.26,-0.01,0.6,589.0,4.875
10.38,CARRY,2.89,-0.01,-9.58,3.11,-0.01,1,0,321.5,228.0,12.1,0.24,0.03,49.5,13.26,-0.01,0.9,588.5,4.906
10.44,CARRY,2.89,-0.01,-9.58,3.12,-0.01,1,0,321.5,227.0,13.1,0.26,0.03,50.1,13.26,-0.01,0.6,587.5,4.938
10.49,CARRY,2.91,-0.01,-9.58,3.14,-0.01,1,0,321.5,227.5,12.6,0.25,0.03,49.5,13.26,-0.01,0.5,586.5,4.969
10.54,CARRY,2.91,-0.01,-9.58,3.15,-0.01,1,0,321.5,227.0,13.1,0.26,0.03,49.5,13.26,-0.01,0.6,586.0,4.969
10.59,CARRY,2.94,-0.01,-9.58,3.16,-0.01,1,0,321.5,227.5,12.6,0.25,0.03,50.8,13.26,-0.01,0.4,585.1,4.938
10.64,CARRY,2.94,-0.01,-9.58,3.17,-0.01,1,0,321.5,227.0,13.1,0.26,0.03,49.9,13.26,-0.01,0.7,584.6,4.906
10.69,CARRY,2.96,-0.01,-9.58,3.19,-0.01,1,0,321.5,227.5,12.6,0.25,0.03,50.8,13.26,-0.01,0.5,583.6,4.875
10.74,CARRY,2.99,-0.01,-9.58,3.2,-0.01,1,0,321.5,228.0,12.1,0.24,0.03,50.6,13.26,-0.01,0.4,582.6,4.812
10.79,CARRY,2.99,-0.01,-9.58,3.21,-0.01,1,0,321.5,227.5,12.6,0.25,0.03,50.7,13.26,-0.01,0.5,582.2,4.781
10.84,CARRY,3.01,-0.01,-9.58,3.23,-0.01,1,0,321.5,228.0,12.1,0.24,0.03,50.8,13.26,-0.01,0.4,581.2,4.812
10.9,CARRY,3.01,-0.01,-9.58,3.24,-0.01,1,0,321.5,227.5,12.6,0.25,0.03,49.7,13.26,-0.01,0.5,580.7,4.844
10.95,CARRY,3.04,-0.01,-9.58,3.25,-0.01,1,0,321.5,228.0,12.1,0.24,0.03,50.4,13.26,-0.01,0.4,579.7,4.906
11.0,CARRY,3.04,-0.01,-9.58,3.26,-0.01,1,0,321.5,227.5,12.6,0.25,0.03,49.8,13.26,-0.01,0.5,579.2,4.938
11.05,CARRY,3.06,-0.01,-9.58,3.28,-0.01,1,0,321.5,228.0,12.1,0.24,0.03,50.6,13.26,-0.01,0.4,578.3,4.938
11.1,CARRY,3.06,-0.01,-9.58,3.29,-0.01,1,0,321.5,227.5,12.6,0.25,0.03,49.5,13.26,-0.01,0.6,577.8,4.938
11.15,CARRY,3.09,-0.01,-9.58,3.3,-0.01,1,0,321.5,228.0,12.1,0.24,0.03,50.8,13.26,-0.01,0.4,576.8,4.969
11.2,CARRY,3.09,-0.01,-9.58,3.31,-0.01,1,0,321.5,227.5,12.6,0.25,0.03,49.8,13.26,-0.01,0.6,576.3,4.969
11.25,CARRY,3.11,-0.01,-9.58,3.33,-0.01,1,0,321.5,228.0,12.1,0.24,0.03,50.7,13.26,-0.01,0.4,575.3,5.0
11.31,CARRY,3.11,-0.01,-9.58,3.34,-0.01,1,0,321.5,227.5,12.6,0.25,0.03,49.8,13.26,-0.01,0.6,574.8,5.0
11.36,CARRY,3.14,-0.01,-9.58,3.35,-0.01,1,0,321.5,228.0,12.1,0.24,0.03,50.7,13.26,-0.01,0.4,573.9,5.031
11.41,CARRY,3.14,-0.01,-9.58,3.37,-0.01,1,0,321.5,227.5,12.6,0.25,0.03,50.1,13.26,-0.01,0.6,573.4,5.0
11.46,CARRY,3.16,-0.01,-9.58,3.38,-0.01,1,0,321.5,228.0,12.1,0.24,0.03,50.8,13.26,-0.01,0.5,572.4,5.125
11.51,CARRY,3.16,-0.01,-9.58,3.39,-0.01,1,0,321.5,227.0,13.1,0.26,0.03,50.4,13.26,-0.01,0.2,571.4,5.094
11.56,CARRY,3.19,-0.01,-9.58,3.4,-0.01,1,0,321.5,228.0,12.1,0.24,0.03,50.5,13.26,-0.01,0.5,571.0,5.188
11.61,CARRY,3.19,-0.01,-9.58,3.42,-0.01,1,0,321.5,227.0,13.1,0.26,0.03,50.1,13.26,-0.01,0.2,570.0,5.094
11.66,CARRY,3.21,-0.01,-9.58,3.43,-0.01,1,0,321.5,228.0,12.1,0.24,0.03,49.4,13.26,-0.01,0.6,569.6,5.094
11.71,CARRY,3.21,-0.01,-9.58,3.44,-0.01,1,0,321.5,227.0,13.1,0.26,0.03,49.9,13.26,-0.01,0.3,568.6,5.0
11.77,CARRY,3.24,-0.01,-9.58,3.46,-0.01,1,0,321.5,228.0,12.1,0.24,0.03,50.6,13.26,-0.01,0.6,568.2,5.062
11.82,CARRY,3.24,-0.01,-9.58,3.47,-0.01,1,0,321.5,227.0,13.1,0.26,0.03,51.3,13.26,-0.01,0.4,567.2,5.0
11.87,CARRY,3.26,-0.01,-9.58,3.48,-0.01,1,0,321.5,228.0,12.1,0.24,0.03,49.6,13.26,-0.01,0.7,566.8,5.062
11.92,CARRY,3.26,-0.01,-9.58,3.49,-0.01,1,0,321.5,227.0,13.1,0.26,0.03,49.6,13.26,-0.01,0.5,565.8,5.094
11.97,CARRY,3.28,-0.01,-9.58,3.51,-0.01,1,0,321.5,228.0,12.1,0.24,0.03,49.7,13.26,-0.01,0.8,565.3,5.156
12.02,CARRY,3.28,-0.01,-9.58,3.52,-0.01,1,0,321.5,227.0,13.1,0.26,0.03,49.8,13.26,-0.01,0.5,564.4,5.156
12.07,CARRY,3.31,-0.01,-9.58,3.53,-0.01,1,0,321.5,228.0,12.1,0.24,0.03,51.0,13.26,-0.01,0.8,563.9,5.219
12.12,CARRY,3.31,-0.01,-9.58,3.54,-0.01,1,0,321.5,227.0,13.1,0.26,0.03,49.9,13.26,-0.01,0.6,563.0,5.25
12.17,CARRY,3.33,-0.01,-9.58,3.56,-0.01,1,0,321.5,228.0,12.1,0.24,0.03,50.7,13.26,-0.01,0.9,562.5,5.25
12.23,CARRY,3.33,-0.01,-9.58,3.57,-0.01,1,0,321.5,227.0,13.1,0.26,0.03,48.7,13.26,-0.01,0.6,561.5,5.25
12.28,CARRY,3.36,-0.01,-9.58,3.58,-0.01,1,0,321.5,227.5,12.6,0.25,0.03,50.3,13.26,-0.01,0.4,560.6,5.25
12.33,CARRY,3.36,-0.01,-9.58,3.6,-0.01,1,0,321.5,227.0,13.1,0.26,0.03,49.8,13.26,-0.01,0.7,560.1,5.25
12.38,CARRY,3.38,-0.01,-9.58,3.61,-0.01,1,0,321.5,227.5,12.6,0.25,0.03,50.7,13.26,-0.01,0.4,559.1,5.219
12.43,CARRY,3.38,-0.01,-9.58,3.62,-0.01,1,0,321.5,227.0,13.1,0.26,0.03,50.1,13.26,-0.01,0.7,558.6,5.219
12.48,CARRY,3.41,-0.01,-9.58,3.63,-0.01,1,0,321.5,227.5,12.6,0.25,0.03,49.1,13.26,-0.01,0.5,557.7,5.188
12.53,CARRY,3.41,-0.01,-9.58,3.65,-0.01,1,0,321.5,227.0,13.1,0.26,0.03,50.1,13.26,-0.01,0.7,557.2,5.156
12.58,CARRY,3.43,-0.01,-9.58,3.66,-0.01,1,0,321.5,227.5,12.6,0.25,0.03,49.3,13.26,-0.01,0.5,556.2,5.125
12.63,CARRY,3.43,-0.01,-9.58,3.67,-0.01,1,0,321.5,227.0,13.1,0.26,0.03,50.4,13.26,-0.01,0.7,555.7,5.094
12.68,CARRY,3.46,-0.01,-9.58,3.68,-0.01,1,0,321.5,227.5,12.6,0.25,0.03,50.5,13.26,-0.01,0.5,554.8,5.0
12.73,CARRY,3.46,-0.01,-9.58,3.7,-0.01,1,0,321.5,227.0,13.1,0.26,0.03,49.9,13.26,-0.01,0.7,554.3,4.938
12.78,CARRY,3.49,-0.01,-9.58,3.71,-0.01,1,0,321.5,227.5,12.6,0.25,0.03,50.5,13.26,-0.01,0.5,553.3,4.938
12.84,CARRY,3.49,-0.01,-9.58,3.72,-0.01,1,0,321.5,227.0,13.1,0.26,0.03,49.9,13.26,-0.01,0.7,552.8,4.938
12.89,CARRY,3.51,-0.01,-9.58,3.74,-0.01,1,0,321.5,227.5,12.6,0.25,0.03,49.2,13.26,-0.01,0.5,551.8,4.906
12.94,CARRY,3.51,-0.01,-9.58,3.75,-0.01,1,0,321.5,226.5,13.6,0.27,0.03,49.6,13.26,-0.01,0.2,550.8,4.875
12.99,CARRY,3.54,-0.01,-9.58,3.76,-0.01,1,0,321.5,227.5,12.6,0.25,0.03,50.9,13.26,-0.01,0.4,550.3,4.875
13.04,CARRY,3.54,-0.01,-9.58,3.77,-0.01,1,0,321.5,226.5,13.6,0.27,0.03,50.0,13.26,-0.01,0.2,549.3,4.844
13.09,CARRY,3.56,-0.01,-9.58,3.79,-0.01,1,0,321.5,227.5,12.6,0.25,0.03,50.9,13.26,-0.01,0.4,548.8,4.812
13.14,CARRY,3.56,-0.01,-9.58,3.8,-0.01,1,0,321.5,227.0,13.1,0.26,0.03,50.0,13.26,-0.01,0.7,548.3,4.812
13.19,CARRY,3.59,-0.01,-9.58,3.81,-0.01,1,0,321.5,227.5,12.6,0.25,0.03,50.9,13.26,-0.01,0.4,547.3,4.812
13.25,CARRY,3.61,-0.01,-9.58,3.83,-0.01,1,0,321.5,228.0,12.1,0.24,0.03,50.6,13.26,-0.01,0.3,546.4,4.844
13.3,CARRY,3.61,-0.01,-9.58,3.84,-0.01,1,0,321.5,228.0,12.1,0.24,0.03,48.7,13.26,-0.01,1.0,546.4,4.844
13.35,CARRY,3.64,-0.01,-9.58,3.85,-0.01,1,0,321.5,228.0,12.1,0.24,0.03,50.4,13.26,-0.01,0.2,544.9,4.812
13.4,CARRY,3.64,-0.01,-9.58,3.86,-0.01,1,0,321.5,228.0,12.1,0.24,0.03,49.9,13.26,-0.01,0.9,544.9,4.812
13.45,CARRY,3.66,-0.01,-9.58,3.88,-0.01,1,0,321.0,229.5,10.5,0.21,0.02,50.9,13.26,-0.01,1.8,545.0,4.812
13.5,CARRY,3.66,-0.01,-9.58,3.89,-0.01,1,0,321.0,229.5,10.5,0.21,0.02,49.7,13.26,-0.01,2.5,545.0,4.812
13.55,CARRY,3.69,-0.01,-9.58,3.9,-0.01,1,0,321.0,230.0,10.0,0.2,0.02,50.9,13.26,-0.01,2.3,544.0,4.812
13.6,CARRY,3.69,-0.01,-9.58,3.92,-0.01,1,0,321.0,230.0,10.0,0.2,0.02,49.8,13.26,-0.01,3.0,544.0,4.844
13.65,CARRY,3.71,-0.01,-9.58,3.93,-0.01,1,0,321.0,231.0,9.1,0.18,0.02,51.2,13.26,-0.01,3.3,543.6,4.844
13.71,CARRY,3.71,-0.01,-9.58,3.94,-0.01,1,0,321.0,231.0,9.1,0.18,0.02,49.6,13.26,-0.01,4.1,543.6,4.812
13.76,CARRY,3.74,-0.01,-9.58,3.95,-0.01,1,0,321.0,231.0,9.1,0.18,0.02,50.4,13.26,-0.01,3.4,542.1,4.812
13.81,CARRY,3.74,-0.01,-9.58,3.97,-0.01,1,0,321.0,231.5,8.6,0.17,0.02,49.9,13.26,-0.01,4.6,542.6,4.75
13.86,CARRY,3.76,-0.01,-9.58,3.98,-0.01,1,0,321.0,232.0,8.1,0.16,0.02,50.6,13.26,-0.01,4.5,541.8,4.812
13.91,CARRY,3.76,-0.01,-9.58,3.99,-0.01,1,0,321.0,231.5,8.6,0.17,0.02,50.4,13.26,-0.01,4.7,541.3,4.844
13.96,CARRY,3.78,-0.01,-9.58,4.0,-0.01,1,0,320.5,233.0,7.0,0.14,0.01,50.5,13.26,-0.01,5.7,541.5,4.875
14.01,CARRY,3.78,-0.01,-9.58,4.02,-0.01,1,0,320.5,232.0,8.0,0.16,0.01,51.0,13.26,-0.01,5.5,540.5,4.875
14.06,CARRY,3.81,-0.01,-9.58,4.03,-0.01,1,0,320.5,233.5,6.5,0.13,0.01,51.2,13.26,-0.01,6.5,540.8,4.844
14.12,CARRY,3.81,-0.01,-9.58,4.04,-0.01,1,0,320.5,233.0,7.0,0.14,0.01,50.1,13.26,-0.01,6.7,540.3,4.875
14.17,CARRY,3.83,-0.01,-9.58,4.06,-0.01,1,0,320.5,233.5,6.5,0.13,0.01,50.6,13.26,-0.01,6.8,539.6,4.812
14.22,CARRY,3.83,-0.01,-9.58,4.07,-0.01,1,0,320.5,233.5,6.5,0.13,0.01,49.6,13.26,-0.01,7.5,539.6,4.781
14.27,CARRY,3.85,-0.01,-9.58,4.08,-0.01,1,0,320.5,234.0,6.0,0.12,0.01,50.7,13.26,-0.01,7.6,539.0,4.812
14.32,CARRY,3.85,-0.01,-9.58,4.09,-0.01,1,0,320.5,233.5,6.5,0.13,0.01,49.7,13.26,-0.01,7.9,538.5,4.75
14.37,CARRY,3.86,-0.01,-9.58,4.11,-0.01,1,0,320.5,234.0,6.0,0.12,0.01,50.7,13.26,-0.01,8.0,537.9,4.688
14.42,CARRY,3.86,-0.01,-9.58,4.12,-0.01,1,0,320.5,233.5,6.5,0.13,0.01,49.8,13.26,-0.01,8.3,537.4,4.625
14.47,CARRY,3.88,-0.01,-9.58,4.13,-0.01,1,0,320.5,234.0,6.0,0.12,0.01,50.4,13.26,-0.01,8.5,536.9,4.656
14.53,CARRY,3.88,-0.01,-9.58,4.15,-0.01,1,0,320.5,234.0,6.0,0.12,0.01,49.1,13.26,-0.01,9.3,536.9,4.625
14.58,CARRY,3.9,-0.01,-9.58,4.16,-0.01,1,0,320.0,235.0,5.0,0.1,0.0,50.4,13.26,-0.01,10.1,537.0,4.625
14.63,CARRY,3.9,-0.01,-9.58,4.17,-0.01,1,0,320.0,234.5,5.5,0.11,0.0,50.2,13.26,-0.01,10.4,536.5,4.625
14.68,CARRY,3.91,-0.01,-9.58,4.18,-0.01,1,0,320.0,235.0,5.0,0.1,0.0,50.7,13.26,-0.01,10.7,536.1,4.625
14.73,CARRY,3.91,-0.01,-9.58,4.2,-0.01,1,0,321.0,234.5,5.6,0.11,0.02,50.2,13.26,-0.01,10.8,535.5,4.656
14.78,CARRY,3.93,-0.01,-9.58,4.21,-0.01,1,0,321.0,234.5,5.6,0.11,0.02,50.4,13.26,-0.01,10.7,534.6,4.625
14.83,CARRY,3.93,-0.01,-9.58,4.22,-0.01,1,0,321.0,234.5,5.6,0.11,0.02,51.4,13.26,-0.01,11.4,534.6,4.656
14.89,CARRY,3.94,-0.01,-9.58,4.24,-0.01,1,0,321.0,235.0,5.1,0.1,0.02,50.2,13.26,-0.01,11.9,534.3,4.812
14.94,CARRY,3.94,-0.01,-9.58,4.25,-0.01,1,0,321.0,234.5,5.6,0.11,0.02,49.7,13.26,-0.01,12.1,533.8,4.938
14.99,CARRY,3.96,-0.01,-9.58,4.26,-0.01,1,0,320.5,235.0,5.0,0.1,0.01,50.5,13.26,-0.01,12.6,533.6,5.062
15.04,CARRY,3.96,-0.01,-9.58,4.27,-0.01,1,0,320.5,234.5,5.5,0.11,0.01,49.9,13.26,-0.01,12.9,533.1,5.094
15.09,CARRY,3.97,-0.01,-9.58,4.29,-0.01,1,0,320.5,235.0,5.0,0.1,0.01,50.9,13.26,-0.01,13.3,532.8,5.062
15.14,CARRY,3.97,-0.01,-9.58,4.3,-0.01,1,0,320.5,235.0,5.0,0.1,0.01,48.6,13.26,-0.01,14.1,532.8,5.031
15.19,CARRY,3.98,-0.01,-9.58,4.31,-0.01,1,0,320.5,235.0,5.0,0.1,0.01,50.7,13.26,-0.01,14.1,532.1,5.0
15.24,CARRY,3.98,-0.01,-9.58,4.32,-0.01,1,0,320.5,234.5,5.5,0.11,0.01,49.9,13.26,-0.01,14.3,531.6,4.938
15.29,CARRY,3.99,-0.01,-9.58,4.34,-0.01,1,0,320.5,235.0,5.0,0.1,0.01,50.5,13.26,-0.01,14.9,531.4,4.906
15.34,CARRY,4.01,-0.01,-9.58,4.35,-0.01,1,0,320.5,235.5,4.5,0.09,0.01,50.6,13.26,-0.01,15.4,531.3,4.844
15.4,CARRY,4.01,-0.01,-9.58,4.36,-0.01,1,0,320.5,235.0,5.0,0.1,0.01,49.9,13.26,-0.01,15.7,530.8,4.719
15.45,CARRY,4.02,-0.01,-9.58,4.38,-0.01,1,0,320.5,235.5,4.5,0.09,0.01,51.7,13.26,-0.01,16.3,530.6,4.594
15.5,CARRY,4.02,-0.01,-9.58,4.39,-0.01,1,0,320.5,235.0,5.0,0.1,0.01,50.2,13.26,-0.01,16.5,530.1,4.438
15.55,CARRY,4.03,-0.01,-9.58,4.4,-0.01,1,0,320.5,235.0,5.0,0.1,0.01,50.4,13.26,-0.01,16.6,529.5,4.25
15.6,CARRY,4.03,-0.01,-9.58,4.41,-0.01,1,0,320.5,234.5,5.5,0.11,0.01,49.1,13.26,-0.01,16.9,529.0,4.062
15.65,CARRY,4.04,-0.01,-9.58,4.43,-0.01,1,0,320.0,235.0,5.0,0.1,0.0,51.6,13.26,-0.01,17.5,528.9,3.844
15.7,CARRY,4.04,-0.01,-9.58,4.44,-0.01,1,0,320.0,235.0,5.0,0.1,0.0,50.6,13.26,-0.01,18.3,528.9,3.766
15.76,CARRY,4.05,-0.01,-9.58,4.45,-0.01,1,0,320.5,234.5,5.5,0.11,0.01,50.9,13.26,-0.01,17.8,527.7,3.547
15.81,CARRY,4.05,-0.01,-9.58,4.47,-0.01,1,0,321.0,234.5,5.6,0.11,0.02,51.5,13.26,-0.01,18.5,527.6,3.375
15.86,CARRY,4.06,-0.01,-9.58,4.48,-0.01,1,0,321.0,235.0,5.1,0.1,0.02,49.4,13.26,-0.01,19.1,527.5,3.141
15.91,CARRY,4.06,-0.01,-9.58,4.49,-0.01,1,0,321.0,234.5,5.6,0.11,0.02,49.2,13.26,-0.01,19.4,527.0,3.016
15.96,CARRY,4.07,-0.01,-9.58,4.5,-0.01,1,0,321.0,235.0,5.1,0.1,0.02,49.6,13.26,-0.01,20.0,526.9,2.969
16.01,CARRY,4.07,-0.01,-9.58,4.52,-0.01,1,0,321.0,234.5,5.6,0.11,0.02,50.5,13.26,-0.01,20.2,526.4,2.891
16.06,CARRY,4.08,-0.01,-9.58,4.53,-0.01,1,0,321.0,234.5,5.6,0.11,0.02,51.0,13.26,-0.01,20.4,525.9,2.828
16.11,CARRY,4.08,-0.01,-9.58,4.54,-0.01,1,0,321.0,234.0,6.1,0.12,0.02,50.2,13.26,-0.01,20.6,525.4,2.781
16.17,CARRY,4.09,-0.02,-9.58,4.56,-0.01,1,0,320.5,234.5,5.5,0.11,0.01,51.1,13.26,-0.01,21.3,525.3,2.75
16.22,CARRY,4.09,-0.02,-9.58,4.57,-0.01,1,0,320.5,234.0,6.0,0.12,0.01,50.3,13.26,-0.01,21.6,524.8,2.719
16.27,CARRY,4.1,-0.02,-9.58,4.58,-0.01,1,0,320.5,234.0,6.0,0.12,0.01,51.2,13.26,-0.01,21.7,524.2,2.688
16.32,CARRY,4.1,-0.02,-9.58,4.59,-0.01,1,0,320.5,233.5,6.5,0.13,0.01,50.3,13.26,-0.01,22.0,523.7,2.656
16.37,CARRY,4.11,-0.02,-9.58,4.61,-0.01,1,0,320.5,234.0,6.0,0.12,0.01,50.4,13.26,-0.01,22.6,523.6,2.672
16.42,CARRY,4.11,-0.02,-9.58,4.62,-0.01,1,0,320.5,233.5,6.5,0.13,0.01,50.3,13.26,-0.01,22.9,523.1,2.766
16.47,CARRY,4.12,-0.01,-9.58,4.63,-0.01,1,0,320.5,233.5,6.5,0.13,0.01,51.0,13.26,-0.01,23.0,522.5,2.797
16.53,CARRY,4.12,-0.01,-9.58,4.65,-0.01,1,0,320.5,233.5,6.5,0.13,0.01,50.3,13.26,-0.01,23.7,522.5,2.828
16.58,CARRY,4.13,-0.02,-9.58,4.66,-0.01,1,0,320.5,234.0,6.0,0.12,0.01,50.9,13.26,-0.01,24.3,522.4,2.938
16.63,CARRY,4.13,-0.02,-9.58,4.67,-0.01,1,0,321.0,233.5,6.6,0.13,0.02,50.8,13.26,-0.01,24.5,521.8,3.016
16.68,CARRY,4.15,-0.02,-9.58,4.68,-0.01,1,0,321.0,234.0,6.1,0.12,0.02,51.0,13.26,-0.01,25.1,521.7,3.031
16.73,CARRY,4.15,-0.02,-9.58,4.7,-0.01,1,0,321.0,233.5,6.6,0.13,0.02,50.3,13.26,-0.01,25.3,521.2,3.062
16.78,CARRY,4.16,-0.02,-9.58,4.71,-0.01,1,0,321.0,233.5,6.6,0.13,0.02,51.0,13.26,-0.01,25.4,520.5,3.031
16.84,CARRY,4.16,-0.02,-9.58,4.72,-0.01,1,0,321.0,233.0,7.1,0.14,0.02,49.8,13.26,-0.01,25.7,520.0,3.109
16.89,CARRY,4.17,-0.02,-9.58,4.74,-0.01,1,0,321.0,233.5,6.6,0.13,0.02,51.2,13.26,-0.01,26.2,519.8,3.172
16.94,CARRY,4.17,-0.02,-9.58,4.75,-0.01,1,0,321.0,233.0,7.1,0.14,0.02,50.2,13.26,-0.01,26.5,519.3,3.172
16.99,CARRY,4.18,-0.02,-9.58,4.76,-0.01,1,0,321.0,233.5,6.6,0.13,0.02,51.3,13.26,-0.01,27.0,519.1,3.234
17.04,CARRY,4.18,-0.02,-9.58,4.77,-0.01,1,0,321.0,233.5,6.6,0.13,0.02,50.3,13.26,-0.01,27.7,519.1,3.281
17.09,CARRY,4.19,-0.02,-9.58,4.79,-0.01,1,0,321.0,233.5,6.6,0.13,0.02,51.1,13.26,-0.01,27.8,518.4,3.312
17.15,CARRY,4.21,-0.02,-9.58,4.8,-0.01,1,0,321.0,233.5,6.6,0.13,0.02,51.1,13.26,-0.01,27.8,517.6,3.328
17.2,CARRY,4.21,-0.02,-9.58,4.81,-0.01,1,0,321.0,233.5,6.6,0.13,0.02,50.3,13.26,-0.01,28.5,517.6,3.328
17.25,CARRY,4.22,-0.02,-9.58,4.83,-0.01,1,0,321.0,234.0,6.1,0.12,0.02,51.3,13.26,-0.01,29.0,517.4,3.406
17.3,CARRY,4.22,-0.02,-9.58,4.84,-0.01,1,0,321.0,233.0,7.1,0.14,0.02,50.2,13.26,-0.01,28.8,516.4,3.406
17.35,CARRY,4.23,-0.02,-9.58,4.85,-0.01,1,0,320.5,233.5,6.5,0.13,0.01,51.4,13.26,-0.01,29.3,516.2,3.531
17.4,CARRY,4.23,-0.02,-9.58,4.87,-0.01,1,0,320.5,233.5,6.5,0.13,0.01,50.3,13.26,-0.01,30.1,516.2,3.688
17.46,CARRY,4.25,-0.02,-9.58,4.88,-0.01,1,0,320.5,233.5,6.5,0.13,0.01,50.8,13.26,-0.01,30.1,515.5,3.75
17.51,CARRY,4.25,-0.02,-9.58,4.89,-0.01,1,0,320.5,233.5,6.5,0.13,0.01,50.4,13.26,-0.01,30.8,515.5,3.859
17.56,CARRY,4.26,-0.02,-9.58,4.9,-0.01,1,0,320.5,234.0,6.0,0.12,0.01,50.9,13.26,-0.01,31.3,515.2,3.984
17.61,CARRY,4.26,-0.02,-9.58,4.92,-0.01,1,0,321.0,233.5,6.6,0.13,0.02,50.7,13.26,-0.01,31.5,514.6,4.156
17.66,CARRY,4.27,-0.02,-9.58,4.93,-0.01,1,0,321.0,234.0,6.1,0.12,0.02,50.9,13.26,-0.01,32.0,514.4,4.281
17.71,CARRY,4.27,-0.02,-9.58,4.94,-0.01,1,0,321.0,233.5,6.6,0.13,0.02,50.3,13.26,-0.01,32.2,513.9,4.438
17.77,CARRY,4.29,-0.02,-9.58,4.96,-0.01,1,0,321.0,234.0,6.1,0.12,0.02,51.1,13.26,-0.01,32.7,513.6,4.625
17.82,CARRY,4.29,-0.02,-9.58,4.97,-0.01,1,0,321.5,233.5,6.7,0.13,0.03,50.3,13.26,-0.01,32.9,513.1,4.781
17.87,CARRY,4.3,-0.02,-9.58,4.98,-0.01,1,0,321.5,233.5,6.7,0.13,0.03,51.4,13.26,-0.01,32.9,512.3,4.875
17.92,CARRY,4.3,-0.02,-9.58,4.99,-0.01,1,0,321.5,233.5,6.7,0.13,0.03,50.3,13.26,-0.01,33.7,512.3,5.062
17.97,CARRY,4.31,-0.02,-9.58,5.01,-0.01,1,0,321.0,234.0,6.1,0.12,0.02,51.0,13.26,-0.01,34.2,512.1,5.281
18.02,CARRY,4.31,-0.02,-9.58,5.02,-0.01,1,0,321.0,233.5,6.6,0.13,0.02,50.3,13.26,-0.01,34.5,511.6,5.625
18.08,CARRY,4.32,-0.02,-9.58,5.03,-0.01,1,0,321.0,233.5,6.6,0.13,0.02,49.9,13.26,-0.01,34.5,510.9,5.844
18.13,CARRY,4.32,-0.02,-9.58,5.05,-0.01,1,0,321.0,233.0,7.1,0.14,0.02,51.0,13.26,-0.01,34.7,510.4,6.094
18.18,CARRY,4.34,-0.02,-9.58,5.06,-0.01,1,0,321.0,234.0,6.1,0.12,0.02,51.1,13.26,-0.01,35.7,510.7,6.438
18.23,CARRY,4.34,-0.02,-9.58,5.07,-0.01,1,0,321.0,233.5,6.6,0.13,0.02,50.4,13.26,-0.01,36.0,510.2,6.719
18.28,CARRY,4.35,-0.02,-9.58,5.08,-0.01,1,0,321.0,233.5,6.6,0.13,0.02,50.8,13.26,-0.01,36.0,509.5,6.906
18.33,CARRY,4.35,-0.02,-9.58,5.1,-0.01,1,0,321.0,233.5,6.6,0.13,0.02,50.4,13.26,-0.01,36.8,509.5,7.219
18.38,CARRY,4.36,-0.02,-9.58,5.11,-0.01,1,0,321.0,234.0,6.1,0.12,0.02,51.1,13.26,-0.01,37.3,509.2,7.469
18.44,CARRY,4.36,-0.02,-9.58,5.12,-0.01,1,0,321.0,233.5,6.6,0.13,0.02,48.9,13.26,-0.01,37.5,508.7,7.656
18.49,CARRY,4.37,-0.02,-9.58,5.14,-0.01,1,0,321.0,234.0,6.1,0.12,0.02,50.9,13.26,-0.01,38.0,508.5,7.938
18.54,CARRY,4.37,-0.02,-9.58,5.15,-0.01,1,0,321.5,233.5,6.7,0.13,0.03,50.1,13.26,-0.01,38.2,507.9,8.188
18.59,CARRY,4.39,-0.02,-9.58,5.16,-0.01,1,0,321.5,234.0,6.2,0.12,0.03,51.4,13.26,-0.01,38.7,507.7,8.5
18.64,CARRY,4.39,-0.02,-9.58,5.17,-0.01,1,0,321.5,233.5,6.7,0.13,0.03,50.2,13.26,-0.01,39.0,507.2,8.625
18.69,CARRY,4.4,-0.02,-9.58,5.19,-0.01,1,0,321.5,233.5,6.7,0.13,0.03,50.4,13.26,-0.01,39.0,506.5,8.875
18.74,CARRY,4.41,-0.02,-9.58,5.2,-0.01,1,0,321.5,234.0,6.2,0.12,0.03,50.9,13.26,-0.01,39.5,506.2,9.0
18.8,CARRY,4.41,-0.02,-9.58,5.21,-0.01,1,0,321.5,234.0,6.2,0.12,0.03,50.8,13.26,-0.01,40.2,506.2,9.125
18.85,CARRY,4.42,-0.02,-9.58,5.23,-0.01,1,0,321.5,234.0,6.2,0.12,0.03,51.5,13.26,-0.01,40.2,505.5,9.375
18.9,CARRY,4.42,-0.02,-9.58,5.24,-0.01,1,0,321.5,233.5,6.7,0.13,0.03,49.9,13.26,-0.01,40.5,505.0,9.625
18.95,CARRY,4.44,-0.02,-9.58,5.25,-0.01,1,0,321.5,234.0,6.2,0.12,0.03,51.2,13.26,-0.01,41.0,504.7,9.75
19.0,CARRY,4.44,-0.02,-9.58,5.26,-0.01,1,0,321.0,233.0,7.1,0.14,0.02,49.9,13.26,-0.01,40.8,503.8,10.0
19.05,CARRY,4.45,-0.02,-9.58,5.28,-0.01,1,0,321.0,233.5,6.6,0.13,0.02,51.1,13.26,-0.01,41.3,503.6,10.0
19.11,CARRY,4.45,-0.02,-9.58,5.29,-0.01,1,0,321.0,233.0,7.1,0.14,0.02,50.4,13.26,-0.01,41.6,503.1,10.0
19.16,CARRY,4.46,-0.02,-9.58,5.3,-0.01,1,0,321.0,234.0,6.1,0.12,0.02,51.0,13.26,-0.01,42.6,503.3,10.0
19.21,CARRY,4.46,-0.02,-9.58,5.32,-0.01,1,0,321.0,233.5,6.6,0.13,0.02,50.6,13.26,-0.01,42.8,502.8,10.062
19.26,CARRY,4.48,-0.02,-9.58,5.33,-0.01,1,0,321.0,234.0,6.1,0.12,0.02,50.9,13.26,-0.01,43.3,502.6,9.938
19.31,CARRY,4.48,-0.02,-9.58,5.34,-0.01,1,0,321.0,234.0,6.1,0.12,0.02,50.5,13.26,-0.01,44.1,502.6,9.938
19.36,CARRY,4.49,-0.02,-9.58,5.36,-0.01,1,0,321.0,234.0,6.1,0.12,0.02,51.0,13.26,-0.01,44.1,501.8,9.938
19.42,CARRY,4.49,-0.02,-9.58,5.37,-0.01,1,0,321.0,233.0,7.1,0.14,0.02,51.0,13.26,-0.01,43.8,500.9,9.938
19.47,CARRY,4.5,-0.02,-9.58,5.38,-0.01,1,0,321.0,233.5,6.6,0.13,0.02,51.3,13.26,-0.01,44.3,500.6,9.875
19.52,CARRY,4.5,-0.02,-9.58,5.39,-0.01,1,0,320.5,233.0,7.0,0.14,0.01,50.2,13.26,-0.01,44.7,500.2,9.812
19.57,CARRY,4.51,-0.02,-9.58,5.41,-0.01,1,0,320.5,233.5,6.5,0.13,0.01,51.1,13.26,-0.01,45.2,499.9,9.812
19.62,CARRY,4.51,-0.02,-9.58,5.42,-0.01,1,0,320.5,233.5,6.5,0.13,0.01,49.6,13.26,-0.01,45.9,499.9,9.812
19.67,CARRY,4.53,-0.01,-9.58,5.43,-0.01,1,0,320.5,234.0,6.0,0.12,0.01,51.2,13.26,-0.01,46.4,499.7,9.688
19.72,CARRY,4.53,-0.01,-9.58,5.45,-0.01,1,0,320.5,233.5,6.5,0.13,0.01,50.4,13.26,-0.01,46.7,499.2,9.625
19.78,CARRY,4.54,-0.01,-9.58,5.46,-0.01,1,0,320.5,233.5,6.5,0.13,0.01,51.1,13.26,-0.01,46.7,498.4,9.562
19.83,CARRY,4.54,-0.01,-9.58,5.47,-0.01,1,0,320.5,233.5,6.5,0.13,0.01,50.2,13.26,-0.01,47.4,498.4,9.562
19.88,CARRY,4.55,-0.01,-9.58,5.48,-0.01,1,0,320.5,233.5,6.5,0.13,0.01,50.9,13.26,-0.01,47.4,497.7,9.75
19.93,CARRY,4.55,-0.01,-9.58,5.5,-0.01,1,0,320.5,233.0,7.0,0.14,0.01,50.5,13.26,-0.01,47.7,497.2,9.625
19.98,CARRY,4.56,-0.01,-9.58,5.51,-0.01,1,0,320.5,233.5,6.5,0.13,0.01,51.0,13.26,-0.01,48.2,496.9,9.75
20.03,CARRY,4.56,-0.01,-9.58,5.52,-0.01,1,0,320.5,233.5,6.5,0.13,0.01,50.2,13.26,-0.01,48.9,496.9,9.75
20.09,CARRY,4.58,-0.01,-9.58,5.54,-0.01,1,0,320.0,233.5,6.5,0.13,0.0,51.0,13.26,-0.01,49.0,496.3,9.625
20.14,CARRY,4.58,-0.01,-9.58,5.55,-0.01,1,0,320.5,233.5,6.5,0.13,0.01,50.5,13.26,-0.01,49.7,496.2,9.625
20.19,CARRY,4.59,-0.01,-9.58,5.56,-0.01,1,0,320.5,234.0,6.0,0.12,0.01,51.5,13.26,-0.01,50.2,496.0,9.625
20.24,CARRY,4.59,-0.01,-9.58,5.57,-0.01,1,0,321.0,233.5,6.6,0.13,0.02,50.1,13.26,-0.01,50.4,495.4,9.562
20.29,CARRY,4.6,-0.01,-9.58,5.59,-0.01,1,0,320.5,234.0,6.0,0.12,0.01,51.0,13.26,-0.01,51.0,495.2,9.5
20.34,CARRY,4.6,-0.01,-9.58,5.6,-0.01,1,0,320.5,233.5,6.5,0.13,0.01,50.4,13.26,-0.01,51.2,494.7,9.438
20.4,CARRY,4.62,-0.01,-9.58,5.61,-0.01,1,0,321.0,234.0,6.1,0.12,0.02,51.1,13.26,-0.01,51.6,494.4,9.5
20.45,CARRY,4.63,-0.01,-9.58,5.63,-0.01,1,0,320.5,234.5,5.5,0.11,0.01,51.9,13.26,-0.01,52.2,494.2,9.562
20.5,CARRY,4.63,-0.01,-9.58,5.64,-0.01,1,0,320.5,234.0,6.0,0.12,0.01,50.5,13.26,-0.01,52.5,493.7,9.438
20.55,CARRY,4.64,-0.01,-9.58,5.65,-0.01,1,0,320.5,235.0,5.0,0.1,0.01,50.3,13.26,-0.01,53.5,494.0,9.375
20.6,CARRY,4.64,-0.01,-9.58,5.66,-0.01,1,0,320.5,234.0,6.0,0.12,0.01,52.6,13.26,-0.01,53.2,493.0,9.5
20.66,CARRY,4.65,-0.01,-9.58,5.68,-0.01,1,0,320.5,234.0,6.0,0.12,0.01,52.3,13.26,-0.01,53.3,492.3,9.5
20.71,CARRY,4.65,-0.01,-9.58,5.69,-0.01,1,0,320.5,233.5,6.5,0.13,0.01,48.4,13.26,-0.01,53.5,491.8,9.438
20.76,CARRY,4.67,-0.01,-9.58,5.7,-0.01,1,0,320.5,234.0,6.0,0.12,0.01,49.8,13.26,-0.01,54.0,491.6,9.438
20.81,CARRY,4.67,-0.01,-9.58,5.72,-0.01,1,0,320.5,233.0,7.0,0.14,0.01,49.7,13.26,-0.01,53.8,490.6,9.438
20.86,CARRY,4.68,-0.01,-9.58,5.73,-0.01,1,0,320.5,234.0,6.0,0.12,0.01,53.7,13.26,-0.01,54.8,490.9,9.438
20.92,CARRY,4.68,-0.01,-9.58,5.74,-0.01,1,0,320.5,233.5,6.5,0.13,0.01,49.3,13.26,-0.01,55.1,490.4,9.5
20.97,CARRY,4.69,-0.01,-9.58,5.76,-0.01,1,0,320.5,234.0,6.0,0.12,0.01,48.9,13.26,-0.01,55.6,490.1,9.438
21.02,CARRY,4.69,-0.01,-9.58,5.77,-0.01,1,0,320.5,234.0,6.0,0.12,0.01,51.2,13.26,-0.01,56.3,490.1,9.562
21.07,CARRY,4.7,-0.01,-9.58,5.78,-0.01,1,0,320.5,234.0,6.0,0.12,0.01,50.8,13.26,-0.01,56.4,489.4,9.562
21.12,CARRY,4.7,-0.01,-9.58,5.79,-0.01,1,0,320.5,233.5,6.5,0.13,0.01,48.4,13.26,-0.01,56.6,488.9,9.625
21.17,CARRY,4.72,-0.01,-9.58,5.81,-0.01,1,0,320.0,234.0,6.0,0.12,0.0,51.8,13.26,-0.01,57.2,488.8,9.562
21.22,CARRY,4.72,-0.01,-9.58,5.82,-0.01,1,0,320.0,233.5,6.5,0.13,0.0,50.9,13.26,-0.01,57.4,488.3,9.688
21.27,CARRY,4.73,-0.01,-9.58,5.83,-0.01,1,0,320.0,234.0,6.0,0.12,0.0,51.5,13.26,-0.01,57.9,488.0,9.5
21.33,CARRY,4.73,-0.01,-9.58,5.85,-0.01,1,0,320.5,233.5,6.5,0.13,0.01,51.4,13.26,-0.01,58.1,487.5,9.688
21.38,CARRY,4.74,-0.01,-9.58,5.86,-0.01,1,0,320.0,234.5,5.5,0.11,0.0,50.4,13.26,-0.01,59.2,487.8,9.812
21.43,CARRY,4.74,-0.01,-9.58,5.87,-0.01,1,0,320.5,234.0,6.0,0.12,0.01,50.9,13.26,-0.01,59.4,487.3,9.75
21.48,CARRY,4.75,-0.01,-9.58,5.88,-0.01,1,0,320.5,234.0,6.0,0.12,0.01,51.4,13.26,-0.01,59.4,486.6,9.812
21.53,CARRY,4.75,-0.01,-9.58,5.9,-0.01,1,0,321.0,233.5,6.6,0.13,0.02,50.8,13.26,-0.01,59.6,486.0,9.812
21.59,CARRY,4.77,-0.01,-9.58,5.91,-0.01,1,0,320.5,234.0,6.0,0.12,0.01,51.3,13.26,-0.01,60.2,485.8,9.875
21.64,CARRY,4.77,-0.01,-9.58,5.92,-0.01,1,0,321.0,233.5,6.6,0.13,0.02,50.4,13.26,-0.01,60.4,485.3,9.875
21.69,CARRY,4.78,-0.01,-9.58,5.94,-0.01,1,0,320.5,234.0,6.0,0.12,0.01,50.1,13.26,-0.01,61.0,485.1,9.812
21.74,CARRY,4.78,-0.01,-9.58,5.95,-0.01,1,0,320.5,233.5,6.5,0.13,0.01,50.1,13.26,-0.01,61.2,484.6,9.812
21.79,CARRY,4.79,-0.01,-9.58,5.96,-0.01,1,0,320.5,233.5,6.5,0.13,0.01,50.6,13.26,-0.01,61.2,483.9,9.812
21.84,CARRY,4.8,-0.01,-9.58,5.98,-0.01,1,0,320.5,234.0,6.0,0.12,0.01,50.8,13.26,-0.01,61.8,483.7,9.812
21.89,CARRY,4.8,-0.01,-9.58,5.99,-0.01,1,0,320.5,234.0,6.0,0.12,0.01,50.1,13.26,-0.01,62.5,483.7,9.438
21.95,CARRY,4.82,-0.01,-9.58,6.0,-0.01,1,0,320.5,234.0,6.0,0.12,0.01,49.8,13.26,-0.01,62.5,482.9,9.812
22.0,CARRY,4.82,-0.01,-9.58,6.01,-0.01,1,0,320.5,234.0,6.0,0.12,0.01,50.1,13.26,-0.01,63.2,482.9,9.75
22.05,CARRY,4.83,-0.02,-9.58,6.03,-0.01,1,0,320.5,234.0,6.0,0.12,0.01,51.4,13.26,-0.01,63.3,482.2,9.375
22.1,CARRY,4.83,-0.02,-9.58,6.04,-0.01,1,0,320.5,233.5,6.5,0.13,0.01,50.4,13.26,-0.01,63.5,481.7,9.688
22.15,CARRY,4.84,-0.02,-9.58,6.05,-0.01,1,0,320.5,234.0,6.0,0.12,0.01,50.9,13.26,-0.01,64.1,481.5,9.688
22.2,CARRY,4.84,-0.02,-9.58,6.06,-0.01,1,0,321.0,233.5,6.6,0.13,0.02,49.3,13.26,-0.01,64.3,481.0,9.75
22.25,CARRY,4.85,-0.02,-9.58,6.08,-0.01,1,0,321.0,234.0,6.1,0.12,0.02,50.7,13.26,-0.01,64.8,480.8,9.75
22.31,CARRY,4.85,-0.02,-9.58,6.09,-0.01,1,0,321.0,233.5,6.6,0.13,0.02,50.8,13.26,-0.01,65.1,480.3,9.75
22.36,CARRY,4.86,-0.02,-9.58,6.1,-0.01,1,0,321.0,235.0,5.1,0.1,0.02,51.4,13.26,-0.01,66.6,481.1,9.688
22.41,CARRY,4.86,-0.02,-9.58,6.12,-0.01,1,0,321.0,234.5,5.6,0.11,0.02,50.8,13.26,-0.01,66.9,480.6,9.75
22.46,CARRY,4.88,-0.02,-9.58,6.13,-0.01,1,0,321.0,234.5,5.6,0.11,0.02,49.5,13.26,-0.01,66.9,479.9,9.75
22.51,CARRY,4.88,-0.02,-9.58,6.14,-0.01,1,0,321.0,234.0,6.1,0.12,0.02,50.3,13.26,-0.01,67.1,479.4,9.75
22.56,CARRY,4.89,-0.02,-9.58,6.15,-0.01,1,0,321.0,234.5,5.6,0.11,0.02,50.9,13.26,-0.01,67.7,479.2,9.688
22.61,CARRY,4.89,-0.02,-9.58,6.17,-0.01,1,0,321.0,234.0,6.1,0.12,0.02,50.0,13.26,-0.01,67.9,478.7,9.688
22.66,CARRY,4.9,-0.02,-9.58,6.18,-0.01,1,0,321.0,234.0,6.1,0.12,0.02,51.1,13.26,-0.01,68.0,478.0,9.688
22.72,CARRY,4.9,-0.02,-9.58,6.19,-0.01,1,0,320.5,233.5,6.5,0.13,0.01,50.2,13.26,-0.01,68.3,477.5,9.75
22.77,CARRY,4.91,-0.02,-9.58,6.21,-0.01,1,0,320.5,234.0,6.0,0.12,0.01,51.6,13.26,-0.01,68.8,477.3,9.75
22.82,CARRY,4.91,-0.02,-9.58,6.22,-0.01,1,0,320.5,233.5,6.5,0.13,0.01,50.1,13.26,-0.01,69.1,476.8,9.75
22.87,CARRY,4.93,-0.02,-9.58,6.23,-0.01,1,0,320.5,233.5,6.5,0.13,0.01,50.9,13.26,-0.01,69.1,476.1,9.812
22.92,CARRY,4.93,-0.02,-9.58,6.24,-0.01,1,0,320.5,233.5,6.5,0.13,0.01,50.4,13.26,-0.01,69.8,476.1,9.75
22.97,CARRY,4.94,-0.02,-9.58,6.26,-0.01,1,0,320.5,234.0,6.0,0.12,0.01,51.1,13.26,-0.01,70.4,475.9,9.875
23.03,CARRY,4.94,-0.02,-9.58,6.27,-0.01,1,0,320.5,233.5,6.5,0.13,0.01,51.0,13.26,-0.01,70.6,475.4,9.938
23.08,CARRY,4.95,-0.02,-9.58,6.28,-0.01,1,0,320.5,233.5,6.5,0.13,0.01,51.3,13.26,-0.01,70.7,474.7,9.938
23.13,CARRY,4.95,-0.02,-9.58,6.3,-0.01,1,0,320.5,233.0,7.0,0.14,0.01,50.7,13.26,-0.01,71.0,474.2,9.938
23.18,CARRY,4.96,-0.02,-9.58,6.31,-0.01,1,0,320.5,233.5,6.5,0.13,0.01,51.2,13.26,-0.01,71.5,474.0,9.938
23.23,CARRY,4.96,-0.02,-9.58,6.32,-0.01,1,0,321.0,233.5,6.6,0.13,0.02,50.6,13.26,-0.01,72.2,474.0,10.0
23.29,CARRY,4.97,-0.02,-9.58,6.34,-0.01,1,0,321.0,234.0,6.1,0.12,0.02,51.5,13.26,-0.01,72.7,473.8,9.938
23.34,CARRY,4.97,-0.02,-9.58,6.35,-0.01,1,0,321.0,233.5,6.6,0.13,0.02,50.4,13.26,-0.01,73.0,473.3,9.812
23.39,CARRY,4.99,-0.02,-9.58,6.36,-0.01,1,0,321.0,234.0,6.1,0.12,0.02,51.6,13.26,-0.01,73.5,473.0,9.625
23.44,CARRY,5.0,-0.02,-9.58,6.37,-0.01,1,0,321.0,235.0,5.1,0.1,0.02,51.1,13.26,-0.01,74.5,473.3,9.625
23.49,CARRY,5.0,-0.02,-9.58,6.39,-0.01,1,0,321.0,234.5,5.6,0.11,0.02,50.4,13.26,-0.01,74.8,472.8,9.625
23.54,CARRY,5.01,-0.02,-9.58,6.4,-0.01,1,0,321.0,234.5,5.6,0.11,0.02,51.6,13.26,-0.01,74.8,472.0,9.625
23.6,CARRY,5.01,-0.02,-9.58,6.41,-0.01,1,0,321.0,234.0,6.1,0.12,0.02,50.2,13.26,-0.01,75.0,471.5,9.625
23.65,CARRY,5.02,-0.02,-9.58,6.43,-0.01,1,0,321.0,234.0,6.1,0.12,0.02,51.5,13.26,-0.01,75.0,470.8,9.625
23.7,CARRY,5.02,-0.02,-9.58,6.44,-0.01,1,0,321.0,233.5,6.6,0.13,0.02,51.0,13.26,-0.01,75.3,470.3,9.688
23.75,CARRY,5.04,-0.02,-9.58,6.45,-0.01,1,0,321.0,234.0,6.1,0.12,0.02,51.0,13.26,-0.01,75.8,470.1,9.688
23.8,CARRY,5.04,-0.02,-9.58,6.47,-0.01,1,0,321.0,234.0,6.1,0.12,0.02,50.4,13.26,-0.01,76.6,470.1,9.688
23.86,CARRY,5.05,-0.02,-9.58,6.48,-0.01,1,0,321.0,234.5,5.6,0.11,0.02,51.1,13.26,-0.01,77.1,469.9,9.812
23.91,CARRY,5.05,-0.02,-9.58,6.49,-0.01,1,0,321.0,234.0,6.1,0.12,0.02,50.8,13.26,-0.01,77.4,469.4,9.812
23.96,CARRY,5.06,-0.02,-9.58,6.5,-0.01,1,0,321.0,234.0,6.1,0.12,0.02,51.0,13.26,-0.01,77.4,468.7,9.75
24.01,CARRY,5.06,-0.02,-9.58,6.52,-0.01,1,0,320.5,233.5,6.5,0.13,0.01,50.3,13.26,-0.01,77.7,468.2,9.75
24.06,CARRY,5.07,-0.02,-9.58,6.53,-0.01,1,0,320.5,234.0,6.0,0.12,0.01,51.1,13.26,-0.01,78.2,468.0,9.75
24.11,CARRY,5.07,-0.02,-9.58,6.54,-0.01,1,0,320.5,233.5,6.5,0.13,0.01,49.8,13.26,-0.01,78.5,467.5,9.812
24.17,CARRY,5.09,-0.02,-9.58,6.56,-0.01,1,0,320.5,234.0,6.0,0.12,0.01,51.3,13.26,-0.01,79.0,467.3,9.875
24.22,CARRY,5.09,-0.02,-9.58,6.57,-0.01,1,0,321.0,234.0,6.1,0.12,0.02,50.2,13.26,-0.01,79.7,467.2,9.875
24.27,CARRY,5.1,-0.02,-9.58,6.58,-0.01,1,0,321.0,234.5,5.6,0.11,0.02,51.3,13.26,-0.01,80.2,467.1,9.75
24.32,CARRY,5.1,-0.02,-9.58,6.59,-0.01,1,0,321.0,234.0,6.1,0.12,0.02,50.2,13.26,-0.01,80.5,466.6,9.75
24.37,CARRY,5.11,-0.02,-9.58,6.61,-0.01,1,0,321.0,234.0,6.1,0.12,0.02,50.0,13.26,-0.01,80.5,465.9,9.75
24.42,CARRY,5.11,-0.02,-9.58,6.62,-0.01,1,0,321.5,233.5,6.7,0.13,0.03,50.2,13.26,-0.01,80.7,465.3,9.688
24.47,CARRY,5.12,-0.02,-9.58,6.63,-0.01,1,0,321.5,234.0,6.2,0.12,0.03,50.8,13.26,-0.01,81.3,465.1,9.688
24.53,CARRY,5.12,-0.02,-9.58,6.65,-0.01,1,0,321.0,233.5,6.6,0.13,0.02,50.6,13.26,-0.01,81.6,464.7,9.688
24.58,CARRY,5.13,-0.02,-9.58,6.66,-0.01,1,0,321.0,234.0,6.1,0.12,0.02,51.0,13.26,-0.01,82.1,464.5,9.688
24.63,CARRY,5.13,-0.02,-9.58,6.67,-0.01,1,0,321.0,233.5,6.6,0.13,0.02,50.5,13.26,-0.01,82.4,464.0,9.75
24.68,CARRY,5.15,-0.02,-9.58,6.68,-0.01,1,0,321.0,233.5,6.6,0.13,0.02,50.9,13.26,-0.01,82.4,463.3,9.75
24.73,CARRY,5.15,-0.02,-9.58,6.7,-0.01,1,0,321.0,233.5,6.6,0.13,0.02,50.2,13.26,-0.01,83.2,463.3,9.75
24.78,CARRY,5.16,-0.02,-9.58,6.71,-0.01,1,0,321.0,234.0,6.1,0.12,0.02,51.2,13.26,-0.01,83.7,463.1,9.625
24.83,CARRY,5.16,-0.02,-9.58,6.72,-0.01,1,0,321.0,233.5,6.6,0.13,0.02,50.2,13.26,-0.01,84.0,462.6,9.625
24.89,CARRY,5.17,-0.02,-9.58,6.74,-0.01,1,0,321.0,234.0,6.1,0.12,0.02,51.3,13.26,-0.01,84.5,462.4,9.562
24.94,CARRY,5.17,-0.02,-9.58,6.75,-0.01,1,0,321.0,233.5,6.6,0.13,0.02,50.2,13.26,-0.01,84.7,461.9,9.562
24.99,CARRY,5.18,-0.02,-9.58,6.76,-0.01,1,0,321.0,233.5,6.6,0.13,0.02,51.2,13.26,-0.01,84.7,461.1,9.562
25.04,CARRY,5.18,-0.02,-9.58,6.77,-0.01,1,0,321.0,233.0,7.1,0.14,0.02,50.3,13.26,-0.01,85.0,460.6,9.5
25.09,CARRY,5.2,-0.02,-9.58,6.79,-0.01,1,0,321.0,233.5,6.6,0.13,0.02,51.1,13.26,-0.01,85.5,460.4,9.5
25.14,CARRY,5.21,-0.02,-9.58,6.8,-0.01,1,0,320.5,234.0,6.0,0.12,0.01,51.2,13.26,-0.01,86.1,460.2,9.5
25.2,CARRY,5.21,-0.02,-9.58,6.81,-0.01,1,0,320.5,234.0,6.0,0.12,0.01,50.1,13.26,-0.01,86.8,460.2,9.5
25.25,CARRY,5.22,-0.02,-9.58,6.83,-0.01,1,0,320.5,234.5,5.5,0.11,0.01,51.2,13.26,-0.01,87.3,460.0,9.438
25.3,CARRY,5.22,-0.02,-9.58,6.84,-0.01,1,0,320.5,234.0,6.0,0.12,0.01,50.2,13.26,-0.01,87.6,459.5,9.375
25.35,CARRY,5.23,-0.01,-9.58,6.85,-0.01,1,0,320.5,234.0,6.0,0.12,0.01,51.0,13.26,-0.01,87.6,458.8,9.375
25.4,CARRY,5.23,-0.01,-9.58,6.86,-0.01,1,0,320.5,233.5,6.5,0.13,0.01,50.2,13.26,-0.01,87.9,458.3,9.375
25.45,CARRY,5.25,-0.01,-9.58,6.88,-0.01,1,0,320.5,233.5,6.5,0.13,0.01,50.9,13.26,-0.01,87.9,457.6,9.438
25.51,CARRY,5.25,-0.01,-9.58,6.89,-0.01,1,0,321.0,233.5,6.6,0.13,0.02,50.6,13.26,-0.01,88.6,457.5,9.438
25.56,CARRY,5.26,-0.02,-9.58,6.9,-0.01,1,0,321.0,234.0,6.1,0.12,0.02,50.9,13.26,-0.01,89.1,457.3,9.5
25.61,CARRY,5.26,-0.02,-9.58,6.92,-0.01,1,0,321.5,234.0,6.2,0.12,0.03,50.6,13.26,-0.01,89.8,457.2,9.562
25.66,CARRY,5.27,-0.02,-9.58,6.93,-0.01,1,0,321.0,234.0,6.1,0.12,0.02,51.1,13.26,-0.01,89.9,456.6,9.562
25.71,CARRY,5.27,-0.02,-9.58,6.94,-0.01,1,0,321.0,234.0,6.1,0.12,0.02,50.2,13.26,-0.01,90.6,456.6,9.562
25.76,CARRY,5.28,-0.02,-9.58,6.96,-0.01,1,0,321.0,234.0,6.1,0.12,0.02,51.7,13.26,-0.01,90.6,455.8,9.5
25.82,CARRY,5.28,-0.02,-9.58,6.97,-0.01,1,0,321.0,233.5,6.6,0.13,0.02,50.8,13.26,-0.01,90.9,455.3,9.438
25.87,CARRY,5.3,-0.02,-9.58,6.98,-0.01,1,0,321.0,234.0,6.1,0.12,0.02,48.9,13.26,-0.01,91.4,455.1,9.375
25.92,CARRY,5.3,-0.02,-9.58,6.99,-0.01,1,0,321.0,233.0,7.1,0.14,0.02,48.1,13.26,-0.01,91.2,454.1,9.375
25.97,CARRY,5.31,-0.02,-9.58,7.01,-0.01,1,0,321.0,233.5,6.6,0.13,0.02,49.4,13.26,-0.01,91.7,453.9,9.375
26.02,CARRY,5.31,-0.02,-9.58,7.02,-0.01,1,0,321.0,233.5,6.6,0.13,0.02,49.1,13.26,-0.01,92.4,453.9,9.25
26.07,CARRY,5.32,-0.02,-9.58,7.03,-0.01,1,0,321.0,233.5,6.6,0.13,0.02,48.5,13.26,-0.01,92.4,453.2,9.312
26.12,CARRY,5.32,-0.02,-9.58,7.04,-0.01,1,0,321.0,233.0,7.1,0.14,0.02,49.6,13.26,-0.01,92.6,452.7,9.188
26.17,CARRY,5.33,-0.02,-9.58,7.06,-0.01,1,0,321.0,233.5,6.6,0.13,0.02,51.6,13.26,-0.01,93.1,452.4,9.188
26.22,CARRY,5.33,-0.02,-9.58,7.07,-0.01,1,0,321.5,233.5,6.7,0.13,0.03,48.2,13.26,-0.01,93.8,452.4,9.125
26.27,CARRY,5.35,-0.02,-9.58,7.08,-0.01,1,0,321.0,234.0,6.1,0.12,0.02,49.5,13.26,-0.01,94.4,452.2,9.125
26.32,CARRY,5.35,-0.02,-9.58,7.09,-0.01,1,0,321.5,233.5,6.7,0.13,0.03,49.8,13.26,-0.01,94.5,451.6,9.062
26.37,CARRY,5.36,-0.02,-9.58,7.11,-0.01,1,0,321.0,233.5,6.6,0.13,0.02,49.1,13.26,-0.01,94.6,450.9,9.062
26.42,CARRY,5.36,-0.02,-9.58,7.12,-0.01,1,0,321.5,233.5,6.7,0.13,0.03,48.6,13.26,-0.01,95.2,450.9,9.062
26.47,CARRY,5.37,-0.02,-9.58,7.13,-0.01,1,0,321.5,233.5,6.7,0.13,0.03,49.1,13.26,-0.01,95.2,450.1,9.125
26.52,CARRY,5.37,-0.02,-9.58,7.14,-0.01,1,0,321.5,233.0,7.2,0.14,0.03,49.1,13.26,-0.01,95.4,449.6,9.125
26.57,CARRY,5.39,-0.02,-9.58,7.16,-0.01,1,0,321.5,233.5,6.7,0.13,0.03,49.6,13.26,-0.01,95.9,449.3,9.25
26.62,CARRY,5.39,-0.02,-9.58,7.17,-0.01,1,0,321.5,233.0,7.2,0.14,0.03,48.9,13.26,-0.01,96.1,448.9,9.25
26.67,CARRY,5.4,-0.02,-9.58,7.18,-0.01,1,0,321.5,233.5,6.7,0.13,0.03,49.8,13.26,-0.01,96.6,448.6,9.25
26.72,CARRY,5.4,-0.02,-9.58,7.2,-0.01,1,0,321.5,233.5,6.7,0.13,0.03,49.4,13.26,-0.01,97.3,448.6,9.25
26.77,CARRY,5.41,-0.02,-9.58,7.21,-0.01,1,0,321.5,234.0,6.2,0.12,0.03,49.7,13.26,-0.01,97.7,448.3,9.188
26.82,CARRY,5.41,-0.02,-9.58,7.22,-0.01,1,0,321.0,233.5,6.6,0.13,0.02,49.4,13.26,-0.01,98.0,447.9,9.125
26.88,CARRY,5.43,-0.02,-9.58,7.23,-0.01,1,0,321.0,233.5,6.6,0.13,0.02,49.6,13.26,-0.01,98.0,447.1,9.125
26.93,CARRY,5.43,-0.02,-9.58,7.25,-0.01,1,0,321.0,233.0,7.1,0.14,0.02,49.4,13.26,-0.01,98.2,446.6,9.062
26.98,CARRY,5.44,-0.02,-9.58,7.26,-0.01,1,0,321.0,233.5,6.6,0.13,0.02,49.8,13.26,-0.01,98.7,446.3,9.0
27.03,CARRY,5.44,-0.02,-9.58,7.27,-0.01,1,0,321.0,233.5,6.6,0.13,0.02,49.4,13.26,-0.01,99.4,446.3,8.812
27.08,CARRY,5.45,-0.02,-9.58,7.28,-0.01,1,0,321.0,234.0,6.1,0.12,0.02,49.6,13.26,-0.01,99.9,446.0,8.688
27.13,CARRY,5.45,-0.02,-9.58,7.3,-0.01,1,0,321.0,233.5,6.6,0.13,0.02,50.0,13.26,-0.01,100.1,445.5,8.688
27.18,CARRY,5.47,-0.02,-9.58,7.31,-0.01,1,0,321.0,234.0,6.1,0.12,0.02,50.7,13.26,-0.01,100.5,445.2,8.5
27.23,CARRY,5.47,-0.02,-9.58,7.32,-0.01,1,0,321.0,233.5,6.6,0.13,0.02,50.1,13.26,-0.01,100.8,444.7,8.562
27.28,CARRY,5.48,-0.02,-9.58,7.33,-0.01,1,0,321.0,233.5,6.6,0.13,0.02,50.7,13.26,-0.01,100.8,444.0,8.438
27.33,CARRY,5.48,-0.02,-9.58,7.35,-0.01,1,0,321.0,233.5,6.6,0.13,0.02,49.2,13.26,-0.01,101.5,444.0,8.438
27.38,CARRY,5.49,-0.02,-9.58,7.36,-0.01,1,0,321.0,234.0,6.1,0.12,0.02,49.9,13.26,-0.01,101.9,443.7,8.438
27.43,CARRY,5.49,-0.02,-9.58,7.37,-0.01,1,0,321.0,233.5,6.6,0.13,0.02,49.3,13.26,-0.01,102.2,443.2,8.312
27.48,CARRY,5.51,-0.02,-9.58,7.39,-0.01,1,0,321.0,233.5,6.6,0.13,0.02,50.0,13.26,-0.01,102.2,442.5,8.312
27.53,CARRY,5.51,-0.02,-9.58,7.4,-0.01,1,0,321.0,233.5,6.6,0.13,0.02,49.5,13.26,-0.01,102.9,442.5,8.312
27.58,CARRY,5.52,-0.01,-9.58,7.41,-0.01,1,0,320.5,234.0,6.0,0.12,0.01,50.8,13.26,-0.01,103.4,442.3,8.375
27.64,CARRY,5.52,-0.01,-9.58,7.42,-0.01,1,0,320.5,233.5,6.5,0.13,0.01,49.4,13.26,-0.01,103.7,441.8,8.5
27.69,CARRY,5.53,-0.01,-9.58,7.44,-0.01,1,0,320.5,234.0,6.0,0.12,0.01,50.3,13.26,-0.01,104.2,441.5,8.562
27.74,CARRY,5.53,-0.01,-9.58,7.45,-0.01,1,0,321.0,233.5,6.6,0.13,0.02,49.5,13.26,-0.01,104.4,441.0,8.5
27.79,CARRY,5.55,-0.01,-9.58,7.46,-0.01,1,0,320.5,234.0,6.0,0.12,0.01,50.4,13.26,-0.01,104.9,440.8,8.562
27.84,CARRY,5.55,-0.01,-9.58,7.47,-0.01,1,0,321.0,233.0,7.1,0.14,0.02,49.3,13.26,-0.01,104.6,439.7,8.5
27.89,CARRY,5.56,-0.01,-9.58,7.49,-0.01,1,0,321.0,234.0,6.1,0.12,0.02,49.8,13.26,-0.01,105.6,440.0,8.375
27.94,CARRY,5.56,-0.01,-9.58,7.5,-0.01,1,0,321.0,233.0,7.1,0.14,0.02,48.7,13.26,-0.01,105.3,439.0,8.375
27.99,CARRY,5.57,-0.01,-9.58,7.51,-0.01,1,0,320.5,233.5,6.5,0.13,0.01,49.7,13.26,-0.01,105.8,438.8,8.312
28.04,CARRY,5.58,-0.01,-9.58,7.52,-0.01,1,0,320.5,234.0,6.0,0.12,0.01,49.4,13.26,-0.01,106.3,438.6,8.25
28.09,CARRY,5.58,-0.01,-9.58,7.54,-0.01,1,0,320.0,233.5,6.5,0.13,0.0,49.0,13.26,-0.01,106.6,438.1,8.312
28.14,CARRY,5.6,-0.01,-9.58,7.55,-0.01,1,0,320.0,233.5,6.5,0.13,0.0,49.6,13.26,-0.01,106.6,437.4,8.062
28.19,CARRY,5.6,-0.01,-9.58,7.56,-0.01,1,0,320.0,233.5,6.5,0.13,0.0,49.1,13.26,-0.01,107.3,437.4,8.062
28.24,CARRY,5.6,-0.01,-9.58,7.57,-0.01,1,0,320.5,233.0,7.0,0.14,0.01,49.6,13.26,-0.01,107.5,436.8,7.906
28.29,CARRY,5.61,-0.01,-9.58,7.59,-0.01,1,0,320.5,234.0,6.0,0.12,0.01,51.2,13.26,-0.01,108.5,437.0,7.75
28.35,CARRY,5.61,-0.01,-9.58,7.6,-0.01,1,0,321.0,234.0,6.1,0.12,0.02,49.2,13.26,-0.01,109.2,437.0,7.594
28.4,CARRY,5.62,-0.01,-9.58,7.61,-0.01,1,0,321.0,234.5,5.6,0.11,0.02,49.7,13.26,-0.01,109.6,436.7,7.594
28.45,CARRY,5.64,-0.01,-9.58,7.63,-0.01,1,0,320.5,234.0,6.0,0.12,0.01,49.8,13.26,-0.01,109.2,435.5,7.531
28.5,CARRY,5.64,-0.01,-9.58,7.64,-0.01,1,0,321.0,234.5,5.6,0.11,0.02,48.8,13.26,-0.01,110.3,436.0,7.562
28.55,CARRY,5.65,-0.01,-9.58,7.65,-0.01,1,0,320.5,235.0,5.0,0.1,0.01,50.7,13.26,-0.01,110.9,435.8,7.531
28.6,CARRY,5.65,-0.01,-9.58,7.66,-0.01,1,0,320.5,234.5,5.5,0.11,0.01,49.9,13.26,-0.01,111.1,435.3,7.406
28.65,CARRY,5.66,-0.01,-9.58,7.68,-0.01,1,0,320.5,235.0,5.0,0.1,0.01,50.6,13.26,-0.01,111.6,435.1,7.312
28.7,CARRY,5.66,-0.01,-9.58,7.69,-0.01,1,0,320.5,234.5,5.5,0.11,0.01,49.8,13.26,-0.01,111.9,434.6,7.219
28.75,CARRY,5.67,-0.01,-9.58,7.7,-0.01,1,0,320.0,235.0,5.0,0.1,0.0,49.8,13.26,-0.01,112.4,434.4,7.062
28.8,CARRY,5.67,-0.01,-9.58,7.71,-0.01,1,0,320.0,234.5,5.5,0.11,0.0,49.2,13.26,-0.01,112.7,433.9,6.719
28.85,CARRY,5.69,-0.01,-9.58,7.73,-0.01,1,0,320.0,234.5,5.5,0.11,0.0,50.0,13.26,-0.01,112.7,433.2,6.688
28.9,CARRY,5.69,-0.01,-9.58,7.74,-0.01,1,0,320.0,234.5,5.5,0.11,0.0,49.5,13.26,-0.01,113.4,433.2,6.562
28.95,CARRY,5.7,-0.01,-9.58,7.75,-0.01,1,0,320.5,234.5,5.5,0.11,0.01,49.7,13.26,-0.01,113.4,432.4,6.156
29.0,CARRY,5.7,-0.01,-9.58,7.77,-0.01,1,0,320.5,234.5,5.5,0.11,0.01,50.3,13.26,-0.01,114.2,432.4,6.031
29.06,CARRY,5.71,-0.01,-9.58,7.78,-0.01,1,0,320.0,234.5,5.5,0.11,0.0,50.8,13.26,-0.01,114.3,431.9,6.188
29.11,CARRY,5.71,-0.01,-9.58,7.79,-0.01,1,0,320.0,233.5,6.5,0.13,0.0,50.7,13.26,-0.01,114.1,430.9,5.75
29.16,CARRY,5.72,-0.01,-9.58,7.8,-0.01,1,0,320.0,234.5,5.5,0.11,0.0,50.6,13.26,-0.01,115.2,431.2,5.625
29.21,CARRY,5.72,-0.01,-9.58,7.82,-0.01,1,0,320.0,234.0,6.0,0.12,0.0,50.0,13.26,-0.01,115.4,430.7,5.469
29.26,CARRY,5.73,-0.01,-9.58,7.83,-0.01,1,0,320.0,234.0,6.0,0.12,0.0,51.0,13.26,-0.01,115.5,430.1,4.562
29.31,CARRY,5.73,-0.01,-9.58,7.84,-0.01,1,0,320.5,233.5,6.5,0.13,0.01,49.7,13.26,-0.01,115.7,429.6,3.828
29.36,CARRY,5.74,-0.01,-9.58,7.86,-0.01,1,0,321.0,233.5,6.6,0.13,0.02,50.8,13.26,-0.01,115.8,428.9,3.75
29.42,CARRY,5.74,-0.01,-9.58,7.87,-0.01,1,0,,,,0.229,0.03,50.0,13.26,-0.01,,,-0.43
29.47,CARRY,5.75,-0.01,-9.58,7.88,-0.01,1,0,,,,0.23,0.03,50.3,13.26,-0.01,,,-2.328
29.52,CARRY,5.75,-0.01,-9.58,7.89,-0.01,1,0,,,,0.236,0.031,50.0,13.26,-0.01,,,-2.781
29.57,CARRY,5.76,-0.01,-9.58,7.91,-0.01,1,0,,,,0.237,0.031,50.1,13.26,-0.01,,,-3.172
29.62,CARRY,5.76,-0.01,-9.58,7.92,-0.01,1,0,,,,0.243,0.031,50.0,13.26,-0.01,,,-3.391
29.67,CARRY,5.77,-0.01,-9.58,7.93,-0.01,1,0,,,,0.243,0.031,49.8,13.26,-0.01,,,-3.375
29.72,CARRY,5.77,-0.01,-9.58,7.94,-0.01,1,0,,,,0.249,0.032,49.7,13.26,-0.01,,,-2.703
29.77,CARRY,5.79,-0.01,-9.58,7.96,-0.01,1,0,,,,0.249,0.032,49.7,13.26,-0.01,,,-2.688
29.82,CARRY,5.79,-0.01,-9.58,7.97,-0.01,1,0,,,,0.255,0.032,49.4,13.26,-0.01,,,-2.875
29.87,CARRY,5.8,-0.01,-9.58,7.98,-0.01,1,0,,,,0.253,0.032,49.5,13.26,-0.01,,,-2.859
29.92,CARRY,5.8,-0.01,-9.58,7.99,-0.01,1,0,,,,0.259,0.032,49.3,13.26,-0.01,,,-3.172
29.97,CARRY,5.82,-0.01,-9.58,8.01,-0.01,1,0,,,,0.256,0.032,50.3,13.26,-0.01,,,-3.234
30.02,CARRY,5.82,-0.01,-9.58,8.02,-0.01,1,1,,,,0.262,0.033,50.1,13.26,-0.01,,,-3.438
30.07,CARRY,5.84,-0.01,-9.58,8.03,-0.01,1,1,,,,0.259,0.032,49.9,13.26,-0.01,,,-3.547
30.13,CARRY,5.84,-0.01,-9.58,8.05,-0.01,1,1,,,,0.265,0.032,49.6,13.26,-0.01,,,-3.547
30.18,CARRY,5.86,-0.01,-9.58,8.06,-0.01,1,1,,,,0.261,0.032,50.1,13.26,-0.01,,,-3.344
30.23,CARRY,5.86,-0.01,-9.58,8.07,-0.01,1,1,,,,0.267,0.032,49.6,13.26,-0.01,,,-3.359
30.28,CARRY,5.88,-0.01,-9.58,8.08,-0.01,1,1,,,,0.262,0.032,50.3,13.26,-0.01,,,-3.672
30.33,CARRY,5.88,-0.01,-9.58,8.1,-0.01,1,1,,,,0.268,0.032,49.7,13.26,-0.01,,,-3.594
30.38,CARRY,5.91,-0.01,-9.58,8.11,-0.01,1,1,,,,0.262,0.031,50.1,13.26,-0.01,,,-3.453
30.43,CARRY,5.91,-0.01,-9.58,8.12,-0.01,1,1,,,,0.269,0.032,50.0,13.26,-0.01,,,-3.391
30.48,CARRY,5.93,-0.01,-9.58,8.13,-0.01,1,1,,,,0.263,0.031,49.9,13.26,-0.01,,,-3.125
30.53,CARRY,5.93,-0.01,-9.58,8.15,-0.01,1,1,,,,0.269,0.032,49.3,13.26,-0.01,,,-3.125
30.58,CARRY,5.96,-0.01,-9.58,8.16,-0.01,1,1,,,,0.263,0.031,50.3,13.26,-0.01,,,-3.297
30.63,CARRY,5.96,-0.01,-9.58,8.17,-0.01,1,1,,,,0.269,0.031,49.0,13.26,-0.01,,,-3.328
30.68,CARRY,5.98,-0.01,-9.58,8.19,-0.01,1,1,,,,0.262,0.03,50.1,13.26,-0.01,,,-3.562
30.73,CARRY,5.98,-0.01,-9.58,8.2,-0.01,1,1,,,,0.269,0.031,49.0,13.26,-0.01,,,-3.562
30.78,CARRY,6.01,-0.01,-9.58,8.21,-0.01,1,1,,,,0.262,0.03,50.1,13.26,-0.01,,,-3.719
30.84,CARRY,6.01,-0.01,-9.58,8.22,-0.01,1,1,,,,0.268,0.031,49.5,13.26,-0.01,,,-3.656
30.89,CARRY,6.03,-0.01,-9.58,8.24,-0.01,1,1,,,,0.261,0.03,50.2,13.26,-0.01,,,-3.719
30.94,CARRY,6.03,-0.01,-9.58,8.25,-0.01,1,1,,,,0.267,0.03,49.7,13.26,-0.01,,,-3.641
30.99,CARRY,6.06,-0.01,-9.58,8.26,-0.01,1,1,,,,0.26,0.03,49.8,13.26,-0.01,,,-3.344
31.04,CARRY,6.06,-0.01,-9.58,8.27,-0.01,1,1,,,,0.266,0.03,52.3,13.26,-0.01,,,-3.297
31.09,CARRY,6.09,-0.01,-9.58,8.29,-0.01,1,1,,,,0.26,0.029,51.8,13.26,-0.01,,,-3.125
31.14,CARRY,6.11,-0.01,-9.58,8.3,-0.01,1,1,,,,0.253,0.029,49.3,13.26,-0.01,,,-3.188
31.19,CARRY,6.11,-0.01,-9.58,8.31,-0.01,1,1,,,,0.259,0.029,47.1,13.26,-0.01,,,-3.188
31.24,CARRY,6.14,-0.02,-9.58,8.33,-0.01,1,1,,,,0.252,0.028,51.6,13.26,-0.01,,,-3.469
31.3,CARRY,6.14,-0.02,-9.58,8.34,-0.01,1,1,,,,0.258,0.029,48.7,13.26,-0.01,,,-3.438
31.35,CARRY,6.16,-0.02,-9.58,8.35,-0.01,1,1,,,,0.251,0.028,49.4,13.26,-0.01,,,-3.906
31.4,CARRY,6.16,-0.02,-9.58,8.36,-0.01,1,1,,,,0.257,0.029,48.5,13.26,-0.01,,,-3.828
31.45,CARRY,6.19,-0.02,-9.58,8.38,-0.01,1,1,,,,0.25,0.028,49.4,13.26,-0.01,,,-3.688
31.5,CARRY,6.19,-0.02,-9.58,8.39,-0.01,1,1,,,,0.256,0.028,51.3,13.26,-0.01,,,-3.703
31.55,CARRY,6.22,-0.02,-9.58,8.4,-0.01,1,1,,,,0.249,0.028,48.8,13.26,-0.01,,,-3.719
31.6,CARRY,6.22,-0.02,-9.58,8.41,-0.01,1,1,,,,0.255,0.028,48.8,13.26,-0.01,,,-3.719
31.65,CARRY,6.24,-0.02,-9.58,8.43,-0.01,1,1,,,,0.249,0.028,48.7,13.26,-0.01,,,-3.766
31.7,CARRY,6.24,-0.02,-9.58,8.44,-0.01,1,1,,,,0.255,0.028,48.2,13.26,-0.01,,,-3.781
31.75,CARRY,6.27,-0.02,-9.58,8.45,-0.01,1,1,,,,0.248,0.028,49.9,13.26,-0.01,,,-3.953
31.8,CARRY,6.27,-0.02,-9.58,8.46,-0.01,1,1,,,,0.254,0.028,48.9,13.26,-0.01,,,-3.922
31.85,CARRY,6.29,-0.02,-9.58,8.48,-0.01,1,1,,,,0.247,0.028,48.9,13.26,-0.01,,,-3.906
31.9,CARRY,6.29,-0.02,-9.58,8.49,-0.01,1,1,,,,0.253,0.028,48.2,13.26,-0.01,,,-3.891
31.95,CARRY,6.32,-0.02,-9.58,8.5,-0.01,1,1,,,,0.246,0.028,51.0,13.26,-0.01,,,-3.625
32.0,CARRY,6.32,-0.02,-9.58,8.52,-0.01,1,1,,,,0.253,0.028,48.9,13.26,-0.01,,,-3.703
32.05,CARRY,6.34,-0.02,-9.58,8.53,-0.01,1,1,,,,0.246,0.028,51.1,13.26,-0.01,,,-3.703
32.11,CARRY,6.34,-0.02,-9.58,8.54,-0.01,1,1,,,,0.252,0.028,49.6,13.26,-0.01,,,-3.75
32.16,CARRY,6.37,-0.02,-9.58,8.55,-0.01,1,1,,,,0.245,0.028,50.3,13.26,-0.01,,,-3.641
32.21,CARRY,6.37,-0.02,-9.58,8.57,-0.01,1,1,,,,0.252,0.028,48.7,13.26,-0.01,,,-3.688
32.26,CARRY,6.4,-0.02,-9.58,8.58,-0.01,1,1,,,,0.245,0.027,51.7,13.26,-0.01,,,-3.891
32.31,CARRY,6.4,-0.02,-9.58,8.59,-0.01,1,1,,,,0.251,0.028,49.0,13.26,-0.01,,,-3.859
32.36,CARRY,6.42,-0.03,-9.58,8.6,-0.01,1,1,,,,0.244,0.027,51.9,13.26,-0.01,,,-4.0
32.41,REGROUND,6.42,-0.03,-9.58,8.62,-0.01,1,1,,,,-2.083,-0.278,184.4,13.26,-0.01,,,-3.953
32.6,REGROUND,6.47,-0.03,-9.58,8.66,-0.01,1,1,,,,-2.085,-0.282,5.6,13.26,-0.01,,,
32.65,REGROUND,6.5,-0.03,-9.58,8.68,-0.01,1,1,,,,-2.089,-0.281,2.5,13.26,-0.01,,,
32.7,REGROUND,6.5,-0.03,-9.58,8.69,-0.01,1,1,,,,-2.092,-0.281,1.9,13.26,-0.01,,,
32.75,REGROUND,6.52,-0.03,-9.58,8.7,-0.01,1,1,,,,-2.097,-0.287,2.5,13.26,-0.01,,,
32.8,REGROUND,6.52,-0.03,-9.58,8.71,-0.01,1,1,,,,-2.099,-0.287,2.0,13.26,-0.01,,,
32.85,REGROUND,6.54,-0.03,-9.58,8.73,-0.01,1,1,,,,-2.107,-0.287,2.5,13.26,-0.01,,,
32.9,REGROUND,6.54,-0.03,-9.58,8.74,-0.01,1,1,,,,-2.109,-0.287,2.0,13.26,-0.01,,,
32.95,REGROUND,6.56,-0.03,-9.58,8.75,-0.01,1,1,,,,-2.116,-0.281,2.6,13.26,-0.01,,,
33.0,REGROUND,6.56,-0.03,-9.58,8.76,-0.01,1,1,,,,-2.118,-0.281,2.0,13.26,-0.01,,,
33.05,REGROUND,6.56,-0.03,-9.58,8.78,-0.01,1,1,,,,-2.118,-0.287,2.8,13.26,-0.01,,,
33.1,REGROUND,6.56,-0.03,-9.58,8.79,-0.01,1,1,,,,-2.12,-0.286,2.0,13.26,-0.01,,,
33.15,REGROUND,6.55,-0.03,-9.58,8.8,-0.01,1,1,,,,-2.12,-0.292,2.8,13.26,-0.01,,,
33.2,REGROUND,6.55,-0.03,-9.58,8.81,-0.01,1,1,,,,-2.122,-0.292,2.0,13.26,-0.01,,,
33.25,REGROUND,6.51,-0.03,-9.57,8.83,-0.01,1,1,,,,-2.12,-0.294,2.7,13.26,-0.01,,,
33.3,REGROUND,6.51,-0.03,-9.57,8.84,-0.01,1,1,,,,-2.119,-0.293,1.9,13.26,-0.01,,,
33.35,REGROUND,6.45,-0.03,-9.57,8.85,-0.01,1,1,,,,-2.099,-0.291,2.6,13.26,-0.01,,,
33.4,REGROUND,6.45,-0.03,-9.57,8.86,-0.01,1,1,,,,-2.109,-0.293,1.8,13.26,-0.01,,,
33.45,REGROUND,6.36,-0.03,-9.57,8.88,-0.01,1,1,,,,-2.075,-0.287,2.6,13.26,-0.01,,,
33.5,REGROUND,6.36,-0.03,-9.57,8.89,-0.01,1,1,,,,-2.085,-0.289,1.9,13.26,-0.01,,,
33.55,REGROUND,6.24,-0.03,-9.57,8.9,-0.01,1,1,,,,-2.04,-0.28,2.5,13.26,-0.01,,,
33.6,REGROUND,6.24,-0.03,-9.57,8.91,-0.01,1,1,,,,-2.05,-0.282,1.9,13.26,-0.01,,,
33.65,REGROUND,6.11,-0.03,-9.58,8.93,-0.01,1,1,,,,-1.993,-0.272,2.5,13.26,-0.01,,,
33.7,REGROUND,6.11,-0.03,-9.58,8.94,-0.01,1,1,,,,-2.003,-0.273,1.9,13.26,-0.01,,,
33.75,REGROUND,5.96,-0.03,-9.58,8.95,-0.01,1,1,,,,-1.94,-0.264,2.4,13.26,-0.01,,,
33.8,REGROUND,5.96,-0.03,-9.58,8.96,-0.01,1,1,,,,-1.95,-0.265,1.9,13.26,-0.01,,,
33.85,REGROUND,5.8,-0.03,-9.58,8.98,-0.01,1,1,,,,-1.88,-0.256,2.6,13.26,-0.01,,,
33.9,REGROUND,5.8,-0.03,-9.58,8.99,-0.01,1,1,,,,-1.89,-0.257,1.9,13.26,-0.01,,,
33.95,REGROUND,5.63,-0.03,-9.58,9.0,-0.01,1,1,,,,-1.816,-0.248,2.6,13.26,-0.01,,,
34.0,REGROUND,5.63,-0.03,-9.58,9.01,-0.01,1,1,,,,-1.826,-0.25,1.9,13.26,-0.01,,,
34.05,REGROUND,5.45,-0.03,-9.58,9.03,-0.01,1,1,,,,-1.749,-0.24,2.6,13.26,-0.01,,,
34.1,REGROUND,5.45,-0.03,-9.58,9.04,-0.01,1,1,,,,-1.759,-0.242,1.8,13.26,-0.01,,,
34.15,REGROUND,5.27,-0.03,-9.58,9.05,-0.01,1,1,,,,-1.682,-0.232,2.6,13.26,-0.01,,,
34.2,REGROUND,5.27,-0.03,-9.58,9.06,-0.01,1,1,,,,-1.692,-0.234,1.8,13.26,-0.01,,,
34.25,REGROUND,5.1,-0.03,-9.58,9.08,-0.01,1,1,,,,-1.613,-0.224,2.5,13.26,-0.01,,,
34.3,REGROUND,5.1,-0.03,-9.58,9.09,-0.01,1,1,,,,-1.623,-0.226,1.9,13.26,-0.01,,,
34.35,REGROUND,4.92,-0.03,-9.58,9.1,-0.01,1,1,,,,-1.545,-0.216,2.6,13.26,-0.01,,,
34.4,REGROUND,4.92,-0.03,-9.58,9.11,-0.01,1,1,,,,-1.555,-0.217,1.8,13.26,-0.01,,,
34.45,REGROUND,4.74,-0.03,-9.58,9.13,-0.01,1,1,,,,-1.477,-0.207,2.4,13.26,-0.01,,,
34.5,REGROUND,4.74,-0.03,-9.58,9.14,-0.01,1,1,,,,-1.487,-0.209,1.9,13.26,-0.01,,,
34.55,REGROUND,4.56,-0.03,-9.58,9.15,-0.01,1,1,,,,-1.411,-0.199,2.4,13.26,-0.01,,,
34.6,REGROUND,4.56,-0.03,-9.58,9.16,-0.01,1,1,,,,-1.421,-0.2,2.0,13.26,-0.01,,,
34.65,REGROUND,4.39,-0.03,-9.58,9.18,-0.01,1,1,,,,-1.347,-0.19,2.6,13.26,-0.01,,,
34.7,REGROUND,4.39,-0.03,-9.58,9.19,-0.01,1,1,,,,-1.357,-0.192,1.9,13.26,-0.01,,,
34.75,REGROUND,4.23,-0.04,-9.58,9.2,-0.01,1,1,,,,-1.286,-0.182,2.7,13.26,-0.01,,,
34.8,REGROUND,4.23,-0.04,-9.58,9.21,-0.01,1,1,,,,-1.296,-0.184,2.2,13.26,-0.01,,,
34.85,REGROUND,4.07,-0.04,-9.58,9.23,-0.01,1,1,,,,-1.226,-0.174,2.4,13.26,-0.01,,,
34.9,REGROUND,4.07,-0.04,-9.58,9.24,-0.01,1,1,,,,-1.236,-0.176,1.6,13.26,-0.01,,,
34.95,REGROUND,3.91,-0.04,-9.58,9.25,-0.01,1,1,,,,-1.169,-0.167,5.6,13.26,-0.01,,,
35.0,REGROUND,3.91,-0.04,-9.58,9.26,-0.01,1,0,,,,-1.179,-0.168,2.1,13.26,-0.01,,,
35.05,REGROUND,3.76,-0.04,-9.58,9.28,-0.01,1,0,,,,-1.115,-0.16,2.5,13.26,-0.01,,,
35.1,REGROUND,3.76,-0.04,-9.58,9.29,-0.01,1,0,,,,-1.125,-0.161,1.8,13.26,-0.01,,,
35.15,REGROUND,3.61,-0.04,-9.58,9.3,-0.01,1,0,,,,-1.062,-0.152,2.4,13.26,-0.01,,,
35.2,REGROUND,3.61,-0.04,-9.58,9.31,-0.01,1,0,,,,-1.072,-0.154,1.9,13.26,-0.01,,,
35.25,REGROUND,3.47,-0.04,-9.58,9.33,-0.01,1,0,,,,-1.013,-0.146,2.4,13.26,-0.01,,,
35.3,REGROUND,3.47,-0.04,-9.58,9.34,-0.01,1,0,,,,-1.023,-0.147,1.9,13.26,-0.01,,,
35.35,REGROUND,3.34,-0.05,-9.58,9.35,-0.01,1,0,,,,-0.966,-0.139,2.6,13.26,-0.01,,,
35.4,REGROUND,3.34,-0.05,-9.58,9.36,-0.01,1,0,,,,-0.976,-0.141,1.8,13.26,-0.01,,,
35.45,REGROUND,3.21,-0.05,-9.58,9.38,-0.01,1,0,,,,-0.922,-0.133,2.6,13.26,-0.01,,,
35.5,REGROUND,3.21,-0.05,-9.58,9.39,-0.01,1,0,,,,-0.932,-0.135,1.7,13.26,-0.01,,,
35.55,REGROUND,3.08,-0.05,-9.57,9.4,-0.01,0,0,,,,-0.88,-0.127,2.6,13.26,-0.01,,,
35.6,REGROUND,3.08,-0.05,-9.57,9.41,-0.01,0,0,,,,-0.89,-0.129,1.8,13.26,-0.01,,,
35.65,REGROUND,2.96,-0.05,-9.57,9.43,-0.01,0,0,,,,-0.841,-0.122,2.5,13.26,-0.01,,,
35.7,REGROUND,2.96,-0.05,-9.57,9.44,-0.01,0,0,,,,-0.851,-0.124,1.8,13.26,-0.01,,,
35.75,REGROUND,2.85,-0.06,-9.57,9.45,-0.01,0,0,,,,-0.804,-0.117,2.5,13.26,-0.01,,,
35.8,REGROUND,2.85,-0.06,-9.57,9.46,-0.01,0,0,,,,-0.814,-0.118,1.8,13.26,-0.01,,,
35.85,REGROUND,2.74,-0.06,-9.57,9.48,-0.01,0,0,,,,-0.77,-0.112,2.4,13.26,-0.01,,,
35.9,REGROUND,2.74,-0.06,-9.57,9.49,-0.01,0,0,,,,-0.78,-0.113,1.8,13.26,-0.01,,,
35.95,REGROUND,2.63,-0.06,-9.57,9.5,-0.01,0,0,,,,-0.737,-0.107,2.4,13.26,-0.01,,,
36.0,REGROUND,2.63,-0.06,-9.57,9.51,-0.01,0,0,,,,-0.748,-0.108,1.9,13.26,-0.01,,,
36.05,REGROUND,2.53,-0.06,-9.57,9.53,-0.01,0,0,,,,-0.707,-0.102,2.6,13.26,-0.01,,,
36.1,REGROUND,2.53,-0.06,-9.57,9.54,-0.01,0,0,,,,-0.717,-0.104,1.9,13.26,-0.01,,,
36.15,REGROUND,2.43,-0.07,-9.57,9.55,-0.01,0,0,,,,-0.679,-0.098,2.3,13.26,-0.01,,,
36.2,REGROUND,2.43,-0.07,-9.57,9.56,-0.01,0,0,,,,-0.689,-0.099,1.8,13.26,-0.01,,,
36.25,REGROUND,2.34,-0.07,-9.58,9.58,-0.01,0,0,,,,-0.653,-0.094,2.5,13.26,-0.01,,,
36.3,REGROUND,2.34,-0.07,-9.58,9.59,-0.01,0,0,,,,-0.663,-0.095,1.8,13.26,-0.01,,,
36.35,REGROUND,2.25,-0.07,-9.58,9.6,-0.01,0,0,,,,-0.628,-0.09,2.5,13.26,-0.01,,,
36.4,REGROUND,2.25,-0.07,-9.58,9.62,-0.01,0,0,,,,-0.638,-0.092,2.0,13.26,-0.01,,,
36.45,REGROUND,2.16,-0.07,-9.58,9.63,-0.01,0,0,,,,-0.605,-0.087,2.4,13.26,-0.01,,,
36.5,REGROUND,2.16,-0.07,-9.58,9.64,-0.01,0,0,,,,-0.616,-0.088,1.6,13.26,-0.01,,,
36.55,REGROUND,2.07,-0.08,-9.58,9.65,-0.01,0,0,,,,-0.584,-0.083,2.6,13.26,-0.01,,,
36.6,REGROUND,2.07,-0.08,-9.58,9.67,-0.01,0,0,,,,-0.594,-0.085,1.7,13.26,-0.01,,,
36.65,REGROUND,1.99,-0.08,-9.58,9.68,-0.01,0,0,,,,-0.564,-0.08,2.3,13.26,-0.01,,,
36.7,REGROUND,1.99,-0.08,-9.58,9.69,-0.01,0,0,,,,-0.575,-0.081,1.8,13.26,-0.01,,,
36.75,REGROUND,1.92,-0.08,-9.58,9.7,-0.01,0,0,,,,-0.546,-0.077,2.2,13.26,-0.01,,,
36.8,REGROUND,1.92,-0.08,-9.58,9.72,-0.01,0,0,,,,-0.557,-0.078,1.9,13.26,-0.01,,,
36.85,REGROUND,1.84,-0.08,-9.58,9.73,-0.01,0,0,,,,-0.53,-0.074,2.4,13.26,-0.01,,,
36.9,REGROUND,1.84,-0.08,-9.58,9.74,-0.01,0,0,,,,-0.54,-0.076,2.0,13.26,-0.01,,,
36.95,REGROUND,1.77,-0.09,-9.58,9.75,-0.01,0,0,,,,-0.515,-0.072,2.5,13.26,-0.01,,,
37.0,REGROUND,1.77,-0.09,-9.58,9.77,-0.01,0,0,,,,-0.526,-0.073,1.9,13.26,-0.01,,,
37.05,REGROUND,1.7,-0.09,-9.58,9.78,-0.01,0,0,,,,-0.502,-0.07,2.5,13.26,-0.01,,,
37.1,REGROUND,1.7,-0.09,-9.58,9.79,-0.01,0,0,,,,-0.512,-0.071,1.8,13.26,-0.01,,,
37.15,REGROUND,1.64,-0.09,-9.58,9.8,-0.01,0,0,,,,-0.489,-0.068,2.4,13.26,-0.01,,,
37.2,REGROUND,1.64,-0.09,-9.58,9.82,-0.01,0,0,,,,-0.499,-0.069,1.6,13.26,-0.01,,,
37.25,REGROUND,1.57,-0.09,-9.58,9.83,-0.01,0,0,,,,-0.478,-0.066,2.4,13.26,-0.01,,,
37.3,REGROUND,1.57,-0.09,-9.58,9.84,-0.01,0,0,,,,-0.488,-0.067,4.8,13.26,-0.01,,,
37.35,REGROUND,1.51,-0.09,-9.58,9.85,-0.01,0,0,,,,-0.468,-0.064,2.3,13.26,-0.01,,,
37.4,REGROUND,1.51,-0.09,-9.58,9.87,-0.01,0,0,,,,-0.478,-0.066,1.8,13.26,-0.01,,,
37.45,REGROUND,1.45,-0.09,-9.58,9.88,-0.01,0,0,,,,-0.458,-0.063,2.2,13.26,-0.01,,,
37.5,REGROUND,1.45,-0.09,-9.58,9.89,-0.01,0,0,,,,-0.469,-0.065,1.9,13.26,-0.01,,,
37.55,REGROUND,1.39,-0.1,-9.58,9.9,-0.01,0,0,,,,-0.451,-0.062,2.5,13.26,-0.01,,,
37.6,REGROUND,1.39,-0.1,-9.58,9.92,-0.01,0,0,,,,-0.461,-0.063,1.9,13.26,-0.01,,,
37.66,REGROUND,1.34,-0.1,-9.58,9.93,-0.01,0,0,,,,-0.443,-0.061,2.6,13.26,-0.01,,,
37.71,REGROUND,1.34,-0.1,-9.58,9.94,-0.01,0,0,,,,-0.454,-0.062,1.7,13.26,-0.01,,,
37.76,REGROUND,1.29,-0.1,-9.58,9.95,-0.01,0,0,,,,-0.437,-0.06,2.5,13.26,-0.01,,,
37.81,REGROUND,1.29,-0.1,-9.58,9.97,-0.01,0,0,,,,-0.447,-0.062,1.8,13.26,-0.01,,,
37.86,REGROUND,1.23,-0.1,-9.58,9.98,-0.01,0,0,,,,-0.432,-0.06,2.4,13.26,-0.01,,,
37.91,REGROUND,1.23,-0.1,-9.58,9.99,-0.01,0,0,,,,-0.442,-0.061,1.8,13.26,-0.01,,,
37.96,REGROUND,1.18,-0.1,-9.58,10.0,-0.01,0,0,,,,-0.427,-0.059,2.4,13.26,-0.01,,,
38.01,REGROUND,1.18,-0.1,-9.58,10.02,-0.01,0,0,,,,-0.437,-0.061,1.9,13.26,-0.01,,,
38.06,REGROUND,1.13,-0.1,-9.58,10.03,-0.01,0,0,,,,-0.423,-0.059,2.3,13.26,-0.01,,,
38.11,REGROUND,1.13,-0.1,-9.58,10.04,-0.01,0,0,,,,-0.433,-0.061,1.8,13.26,-0.01,,,
38.16,REGROUND,1.08,-0.1,-9.58,10.05,-0.01,0,0,,,,-0.419,-0.059,2.3,13.26,-0.01,,,
38.21,REGROUND,1.08,-0.1,-9.58,10.07,-0.01,0,0,,,,-0.429,-0.06,1.8,13.26,-0.01,,,
38.26,REGROUND,1.04,-0.1,-9.58,10.08,-0.01,0,0,,,,-0.416,-0.059,2.3,13.26,-0.01,,,
38.31,REGROUND,1.04,-0.1,-9.58,10.09,-0.01,0,0,,,,-0.426,-0.06,2.0,13.26,-0.01,,,
38.36,REGROUND,0.99,-0.1,-9.58,10.1,-0.01,0,0,,,,-0.413,-0.059,2.4,13.26,-0.01,,,
38.41,REGROUND,0.99,-0.1,-9.58,10.12,-0.01,0,0,,,,-0.424,-0.061,1.8,13.26,-0.01,,,
38.46,REGROUND,0.95,-0.1,-9.58,10.13,-0.01,0,0,,,,-0.411,-0.059,2.5,13.26,-0.01,,,
38.51,REGROUND,0.95,-0.1,-9.58,10.14,-0.01,0,0,,,,-0.421,-0.061,1.8,13.26,-0.01,,,
38.56,REGROUND,0.9,-0.1,-9.58,10.15,-0.01,0,0,,,,-0.409,-0.06,2.4,13.26,-0.01,,,
38.61,REGROUND,0.9,-0.1,-9.58,10.17,-0.01,0,0,,,,-0.419,-0.061,1.8,13.26,-0.01,,,
38.66,REGROUND,0.86,-0.1,-9.58,10.18,-0.01,0,0,,,,-0.408,-0.06,2.3,13.26,-0.01,,,
38.71,REGROUND,0.86,-0.1,-9.58,10.19,-0.01,0,0,,,,-0.418,-0.062,1.8,13.26,-0.01,,,
38.76,REGROUND,0.82,-0.1,-9.58,10.2,-0.01,0,0,,,,-0.407,-0.06,2.4,13.26,-0.01,,,
38.81,REGROUND,0.82,-0.1,-9.58,10.22,-0.01,0,0,,,,-0.417,-0.062,1.8,13.26,-0.01,,,
38.86,REGROUND,0.77,-0.1,-9.58,10.23,-0.01,0,0,,,,-0.407,-0.061,2.3,13.26,-0.01,,,
38.91,REGROUND,0.77,-0.1,-9.58,10.24,-0.01,0,0,,,,-0.417,-0.063,1.8,13.26,-0.01,,,
38.96,REGROUND,0.73,-0.1,-9.58,10.25,-0.01,0,0,,,,-0.406,-0.061,2.6,13.26,-0.01,,,
39.01,REGROUND,0.73,-0.1,-9.58,10.27,-0.01,0,0,,,,-0.416,-0.063,1.9,13.26,-0.01,,,
39.06,REGROUND,0.69,-0.1,-9.58,10.28,-0.01,0,0,,,,-0.406,-0.062,2.5,13.26,-0.01,,,
39.11,REGROUND,0.69,-0.1,-9.58,10.29,-0.01,0,0,,,,-0.416,-0.064,1.7,13.26,-0.01,,,
39.16,REGROUND,0.65,-0.1,-9.58,10.3,-0.01,0,0,,,,-0.406,-0.062,2.5,13.26,-0.01,,,
39.21,REGROUND,0.65,-0.1,-9.58,10.32,-0.01,0,0,,,,-0.416,-0.064,1.8,13.26,-0.01,,,
39.26,REGROUND,0.61,-0.1,-9.58,10.33,-0.01,0,0,,,,-0.406,-0.063,2.4,13.26,-0.01,,,
39.31,REGROUND,0.61,-0.1,-9.58,10.34,-0.01,0,0,,,,-0.416,-0.064,1.8,13.26,-0.01,,,
39.36,REGROUND,0.57,-0.1,-9.58,10.35,-0.01,0,0,,,,-0.406,-0.063,2.4,13.26,-0.01,,,
39.41,REGROUND,0.57,-0.1,-9.58,10.37,-0.01,0,0,,,,-0.416,-0.065,1.8,13.26,-0.01,,,
39.46,REGROUND,0.53,-0.1,-9.58,10.38,-0.01,0,0,,,,-0.406,-0.064,2.3,13.26,-0.01,,,
39.51,REGROUND,0.53,-0.1,-9.58,10.39,-0.01,0,0,,,,-0.416,-0.065,1.9,13.26,-0.01,,,
39.56,REGROUND,0.49,-0.1,-9.58,10.4,-0.01,0,0,,,,-0.406,-0.064,2.3,13.26,-0.01,,,
39.61,REGROUND,0.49,-0.1,-9.58,10.42,-0.01,0,0,,,,-0.416,-0.065,1.8,13.26,-0.01,,,
39.66,REGROUND,0.44,-0.1,-9.58,10.43,-0.01,0,0,,,,-0.406,-0.064,5.7,13.26,-0.01,,,
39.71,REGROUND,0.44,-0.1,-9.58,10.44,-0.01,0,0,,,,-0.416,-0.066,2.3,13.26,-0.01,,,
39.76,REGROUND,0.4,-0.1,-9.58,10.45,-0.01,0,0,,,,-0.406,-0.065,3.0,13.26,-0.01,,,
39.81,REGROUND,0.4,-0.1,-9.58,10.47,-0.01,0,0,,,,-0.417,-0.066,2.2,13.26,-0.01,,,
39.86,REGROUND,0.36,-0.1,-9.58,10.48,-0.01,0,0,,,,-0.407,-0.065,3.0,13.26,-0.01,,,
39.91,REGROUND,0.36,-0.1,-9.58,10.49,-0.01,0,0,,,,-0.417,-0.066,2.3,13.26,-0.01,,,
39.96,REGROUND,0.32,-0.1,-9.58,10.5,-0.01,0,0,,,,-0.407,-0.065,2.6,13.26,-0.01,,,
40.01,REGROUND,0.32,-0.1,-9.58,10.52,-0.01,0,0,,,,-0.417,-0.067,1.7,13.26,-0.01,,,
40.06,REGROUND,0.28,-0.11,-9.58,10.53,-0.01,0,0,,,,-0.407,-0.065,2.4,13.26,-0.01,,,
40.11,REGROUND,0.28,-0.11,-9.58,10.54,-0.01,0,0,,,,-0.417,-0.067,1.8,13.26,-0.01,,,
40.16,REGROUND,0.24,-0.11,-9.58,10.55,-0.01,0,0,,,,-0.408,-0.065,2.2,13.26,-0.01,,,
40.21,REGROUND,0.24,-0.11,-9.58,10.57,-0.01,0,0,,,,-0.418,-0.067,1.8,13.26,-0.01,,,
40.26,REGROUND,0.2,-0.11,-9.58,10.58,-0.01,0,0,,,,-0.408,-0.065,2.3,13.26,-0.01,,,
40.31,REGROUND,0.2,-0.11,-9.58,10.59,-0.01,0,0,,,,-0.418,-0.067,1.8,13.26,-0.01,,,
40.36,REGROUND,0.16,-0.11,-9.58,10.6,-0.01,0,0,,,,-0.408,-0.065,2.5,13.26,-0.01,,,
40.41,REGROUND,0.16,-0.11,-9.58,10.62,-0.01,0,0,,,,-0.418,-0.067,1.9,13.26,-0.01,,,
40.46,REGROUND,0.12,-0.11,-9.58,10.63,-0.01,0,0,,,,-0.408,-0.065,2.3,13.26,-0.01,,,
40.51,REGROUND,0.12,-0.11,-9.58,10.64,-0.01,0,0,,,,-0.418,-0.067,1.8,13.26,-0.01,,,
40.56,REGROUND,0.08,-0.11,-9.58,10.65,-0.01,0,0,,,,-0.409,-0.065,2.5,13.26,-0.01,,,
40.61,REGROUND,0.08,-0.11,-9.58,10.67,-0.01,0,0,,,,-0.419,-0.066,1.8,13.26,-0.01,,,
40.66,REGROUND,0.04,-0.11,-9.58,10.68,-0.01,0,0,,,,-0.409,-0.064,2.4,13.26,-0.01,,,
40.71,REGROUND,0.04,-0.11,-9.58,10.69,-0.01,0,0,,,,-0.419,-0.066,1.7,13.26,-0.01,,,
40.76,REGROUND,-0.0,-0.12,-9.58,10.7,-0.01,0,0,,,,-0.409,-0.064,2.4,13.26,-0.01,,,
40.81,REGROUND,-0.0,-0.12,-9.58,10.72,-0.01,0,0,,,,-0.419,-0.066,1.8,13.26,-0.01,,,
40.86,REGROUND,-0.04,-0.12,-9.58,10.73,-0.01,0,0,,,,-0.409,-0.064,2.2,13.26,-0.01,,,
40.91,REGROUND,-0.04,-0.12,-9.58,10.74,-0.01,0,0,,,,-0.419,-0.065,1.8,13.26,-0.01,,,
40.96,REGROUND,-0.08,-0.12,-9.58,10.75,-0.01,0,0,,,,-0.409,-0.064,2.4,13.26,-0.01,,,
41.01,REGROUND,-0.08,-0.12,-9.58,10.77,-0.01,0,0,,,,-0.419,-0.065,1.8,13.26,-0.01,,,
41.06,REGROUND,-0.12,-0.12,-9.58,10.78,-0.01,0,0,,,,-0.409,-0.064,2.6,13.26,-0.01,,,
41.11,REGROUND,-0.12,-0.12,-9.58,10.79,-0.01,0,0,,,,-0.419,-0.065,1.9,13.26,-0.01,,,
41.16,REGROUND,-0.16,-0.12,-9.58,10.8,-0.01,0,0,,,,-0.409,-0.063,2.5,13.26,-0.01,,,
41.21,REGROUND,-0.16,-0.12,-9.58,10.82,-0.01,0,0,,,,-0.42,-0.065,1.8,13.26,-0.01,,,
41.26,REGROUND,-0.21,-0.12,-9.58,10.83,-0.01,0,0,,,,-0.409,-0.063,2.5,13.26,-0.01,,,
41.31,REGROUND,-0.21,-0.12,-9.58,10.84,-0.01,0,0,,,,-0.419,-0.065,1.8,13.26,-0.01,,,
41.36,REGROUND,-0.25,-0.12,-9.58,10.85,-0.01,0,0,,,,-0.409,-0.063,2.4,13.26,-0.01,,,
41.41,REGROUND,-0.25,-0.12,-9.58,10.87,-0.01,0,0,,,,-0.419,-0.065,1.8,13.26,-0.01,,,
41.46,REGROUND,-0.29,-0.12,-9.58,10.88,-0.01,0,0,,,,-0.409,-0.063,2.5,13.26,-0.01,,,
41.51,REGROUND,-0.29,-0.12,-9.58,10.89,-0.01,0,0,,,,-0.419,-0.065,1.8,13.26,-0.01,,,
41.56,REGROUND,-0.33,-0.13,-9.58,10.9,-0.01,0,0,,,,-0.409,-0.063,2.4,13.26,-0.01,,,
41.61,REGROUND,-0.33,-0.13,-9.58,10.92,-0.01,0,0,,,,-0.419,-0.065,1.8,13.26,-0.01,,,
41.66,REGROUND,-0.37,-0.13,-9.58,10.93,-0.01,0,0,,,,-0.409,-0.063,2.3,13.26,-0.01,,,
41.71,REGROUND,-0.37,-0.13,-9.58,10.94,-0.01,0,0,,,,-0.419,-0.065,1.8,13.26,-0.01,,,
41.76,REGROUND,-0.41,-0.13,-9.58,10.95,-0.01,0,0,,,,-0.409,-0.063,2.5,13.26,-0.01,,,
41.81,REGROUND,-0.41,-0.13,-9.58,10.97,-0.01,0,0,,,,-0.419,-0.065,1.9,13.26,-0.01,,,
41.86,REGROUND,-0.45,-0.13,-9.58,10.98,-0.01,0,0,,,,-0.409,-0.063,2.5,13.26,-0.01,,,
41.91,REGROUND,-0.45,-0.13,-9.58,10.99,-0.01,0,0,,,,-0.419,-0.065,1.8,13.26,-0.01,,,
41.96,REGROUND,-0.5,-0.13,-9.58,11.0,-0.01,0,0,,,,-0.408,-0.063,2.5,13.26,-0.01,,,
42.01,REGROUND,-0.5,-0.13,-9.58,11.02,-0.01,0,0,,,,-0.418,-0.065,1.8,13.26,-0.01,,,
42.06,REGROUND,-0.54,-0.13,-9.58,11.03,-0.01,0,0,,,,-0.408,-0.063,5.8,13.26,-0.01,,,
42.11,REGROUND,-0.54,-0.13,-9.58,11.04,-0.01,0,0,,,,-0.418,-0.065,1.8,13.26,-0.01,,,
42.16,REGROUND,-0.58,-0.13,-9.58,11.05,-0.01,0,0,,,,-0.408,-0.063,2.4,13.26,-0.01,,,
42.21,REGROUND,-0.58,-0.13,-9.58,11.07,-0.01,0,0,,,,-0.418,-0.065,1.8,13.26,-0.01,,,
42.26,REGROUND,-0.62,-0.13,-9.58,11.08,-0.01,0,0,,,,-0.407,-0.063,2.6,13.26,-0.01,,,
42.31,REGROUND,-0.62,-0.13,-9.58,11.09,-0.01,0,0,,,,-0.417,-0.065,1.8,13.26,-0.01,,,
42.36,REGROUND,-0.66,-0.13,-9.58,11.1,-0.01,0,0,,,,-0.407,-0.063,2.4,13.26,-0.01,,,
42.41,REGROUND,-0.66,-0.13,-9.58,11.12,-0.01,0,0,,,,-0.417,-0.065,1.8,13.26,-0.01,,,
42.46,REGROUND,-0.7,-0.14,-9.58,11.13,-0.01,0,0,,,,-0.406,-0.063,2.3,13.26,-0.01,,,
42.51,REGROUND,-0.7,-0.14,-9.58,11.14,-0.01,0,0,,,,-0.416,-0.065,1.7,13.26,-0.01,,,
42.56,REGROUND,-0.75,-0.14,-9.58,11.15,-0.01,0,0,,,,-0.406,-0.063,2.4,13.26,-0.01,,,
42.61,REGROUND,-0.75,-0.14,-9.58,11.17,-0.01,0,0,,,,-0.416,-0.065,1.8,13.26,-0.01,,,
42.66,REGROUND,-0.79,-0.14,-9.58,11.18,-0.01,0,0,,,,-0.406,-0.063,2.4,13.26,-0.01,,,
42.71,REGROUND,-0.79,-0.14,-9.58,11.19,-0.01,0,0,,,,-0.416,-0.065,1.8,13.26,-0.01,,,
42.76,REGROUND,-0.83,-0.14,-9.58,11.2,-0.01,0,0,,,,-0.405,-0.063,2.5,13.26,-0.01,,,
42.81,REGROUND,-0.83,-0.14,-9.58,11.22,-0.01,0,0,,,,-0.415,-0.064,1.8,13.26,-0.01,,,
42.86,REGROUND,-0.87,-0.14,-9.58,11.23,-0.01,0,0,,,,-0.405,-0.063,2.9,13.26,-0.01,,,
42.91,REGROUND,-0.87,-0.14,-9.58,11.24,-0.01,0,0,,,,-0.415,-0.064,2.3,13.26,-0.01,,,
42.96,REGROUND,-0.91,-0.14,-9.58,11.25,-0.01,0,0,,,,-0.405,-0.063,2.8,13.26,-0.01,,,
43.01,REGROUND,-0.91,-0.14,-9.58,11.27,-0.01,0,0,,,,-0.415,-0.064,1.9,13.26,-0.01,,,
43.06,REGROUND,-0.95,-0.14,-9.58,11.28,-0.01,0,0,,,,-0.405,-0.063,2.4,13.26,-0.01,,,
43.11,REGROUND,-0.95,-0.14,-9.58,11.29,-0.01,0,0,,,,-0.415,-0.064,1.8,13.26,-0.01,,,
43.16,REGROUND,-0.99,-0.14,-9.58,11.3,-0.01,0,0,,,,-0.405,-0.063,2.5,13.26,-0.01,,,
43.21,REGROUND,-0.99,-0.14,-9.58,11.32,-0.01,0,0,,,,-0.415,-0.064,1.9,13.26,-0.01,,,
43.26,REGROUND,-1.04,-0.15,-9.58,11.33,-0.01,0,0,,,,-0.405,-0.063,2.5,13.26,-0.01,,,
43.31,REGROUND,-1.04,-0.15,-9.58,11.34,-0.01,0,0,,,,-0.415,-0.064,1.8,13.26,-0.01,,,
43.36,REGROUND,-1.08,-0.15,-9.58,11.36,-0.01,0,0,,,,-0.405,-0.063,2.5,13.26,-0.01,,,
43.41,REGROUND,-1.08,-0.15,-9.58,11.37,-0.01,0,0,,,,-0.415,-0.064,1.8,13.26,-0.01,,,
43.46,REGROUND,-1.12,-0.15,-9.57,11.38,-0.01,0,0,,,,-0.405,-0.063,2.5,13.26,-0.01,,,
43.51,REGROUND,-1.12,-0.15,-9.57,11.39,-0.01,0,0,,,,-0.415,-0.064,1.8,13.26,-0.01,,,
43.56,REGROUND,-1.16,-0.15,-9.57,11.41,-0.01,0,0,,,,-0.405,-0.062,2.4,13.26,-0.01,,,
43.61,REGROUND,-1.16,-0.15,-9.57,11.42,-0.01,0,0,,,,-0.415,-0.064,1.7,13.26,-0.01,,,
43.66,REGROUND,-1.2,-0.15,-9.57,11.43,-0.01,0,0,,,,-0.405,-0.063,2.4,13.26,-0.01,,,
43.71,REGROUND,-1.2,-0.15,-9.57,11.44,-0.01,0,0,,,,-0.415,-0.064,1.8,13.26,-0.01,,,
43.76,REGROUND,-1.24,-0.15,-9.57,11.46,-0.01,0,0,,,,-0.405,-0.062,2.3,13.26,-0.01,,,
43.81,REGROUND,-1.24,-0.15,-9.57,11.47,-0.01,0,0,,,,-0.415,-0.064,1.8,13.26,-0.01,,,
43.86,REGROUND,-1.28,-0.15,-9.57,11.48,-0.01,0,0,,,,-0.405,-0.063,2.3,13.26,-0.01,,,
43.91,REGROUND,-1.28,-0.15,-9.57,11.49,-0.01,0,0,,,,-0.415,-0.064,1.9,13.26,-0.01,,,
43.96,REGROUND,-1.32,-0.15,-9.57,11.51,-0.01,0,0,,,,-0.405,-0.062,2.6,13.26,-0.01,,,
44.01,REGROUND,-1.32,-0.15,-9.57,11.52,-0.01,0,0,,,,-0.415,-0.064,1.8,13.26,-0.01,,,
44.06,REGROUND,-1.36,-0.15,-9.57,11.53,-0.01,0,0,,,,-0.404,-0.062,2.5,13.26,-0.01,,,
44.11,REGROUND,-1.36,-0.15,-9.57,11.54,-0.01,0,0,,,,-0.415,-0.064,1.8,13.26,-0.01,,,
44.16,REGROUND,-1.41,-0.16,-9.57,11.56,-0.01,0,0,,,,-0.404,-0.062,2.5,13.26,-0.01,,,
44.21,REGROUND,-1.41,-0.16,-9.57,11.57,-0.01,0,0,,,,-0.414,-0.064,1.8,13.26,-0.01,,,
44.26,REGROUND,-1.45,-0.16,-9.57,11.58,-0.01,0,0,,,,-0.404,-0.062,2.4,13.26,-0.01,,,
44.31,REGROUND,-1.45,-0.16,-9.57,11.59,-0.01,0,0,,,,-0.414,-0.063,1.7,13.26,-0.01,,,
44.36,REGROUND,-1.49,-0.16,-9.57,11.61,-0.01,0,0,,,,-0.404,-0.062,2.4,13.26,-0.01,,,
44.41,REGROUND,-1.49,-0.16,-9.57,11.62,-0.01,0,0,,,,-0.414,-0.063,5.0,13.26,-0.01,,,
44.46,REGROUND,-1.53,-0.16,-9.57,11.63,-0.01,0,0,,,,-0.403,-0.061,2.4,13.26,-0.01,,,
44.51,REGROUND,-1.53,-0.16,-9.57,11.64,-0.01,0,0,,,,-0.414,-0.063,1.8,13.26,-0.01,,,
44.56,REGROUND,-1.57,-0.16,-9.57,11.66,-0.01,0,0,,,,-0.403,-0.061,2.4,13.26,-0.01,,,
44.61,REGROUND,-1.57,-0.16,-9.57,11.67,-0.01,0,0,,,,-0.413,-0.063,1.8,13.26,-0.01,,,
44.67,REGROUND,-1.61,-0.16,-9.57,11.68,-0.01,0,0,,,,-0.403,-0.061,2.5,13.26,-0.01,,,
44.72,REGROUND,-1.61,-0.16,-9.57,11.69,-0.01,0,0,,,,-0.413,-0.063,1.8,13.26,-0.01,,,
44.77,REGROUND,-1.66,-0.16,-9.57,11.71,-0.01,0,0,,,,-0.403,-0.061,2.5,13.26,-0.01,,,
44.82,REGROUND,-1.66,-0.16,-9.57,11.72,-0.01,0,0,,,,-0.413,-0.062,1.8,13.26,-0.01,,,
44.87,REGROUND,-1.7,-0.17,-9.57,11.73,-0.01,0,0,,,,-0.402,-0.061,2.3,13.26,-0.01,,,
44.92,REGROUND,-1.7,-0.17,-9.57,11.74,-0.01,0,0,,,,-0.412,-0.062,1.8,13.26,-0.01,,,
44.97,REGROUND,-1.74,-0.17,-9.57,11.76,-0.01,0,0,,,,-0.402,-0.061,2.5,13.26,-0.01,,,
45.02,REGROUND,-1.74,-0.17,-9.57,11.77,-0.01,0,0,,,,-0.412,-0.062,1.8,13.26,-0.01,,,
45.07,REGROUND,-1.78,-0.17,-9.57,11.78,-0.01,0,0,,,,-0.402,-0.061,2.4,13.26,-0.01,,,
45.12,REGROUND,-1.78,-0.17,-9.57,11.79,-0.01,0,0,,,,-0.412,-0.062,1.8,13.26,-0.01,,,
45.17,REGROUND,-1.82,-0.17,-9.57,11.81,-0.01,0,0,,,,-0.402,-0.061,2.3,13.26,-0.01,,,
45.22,REGROUND,-1.82,-0.17,-9.57,11.82,-0.01,0,0,,,,-0.412,-0.063,1.7,13.26,-0.01,,,
45.27,REGROUND,-1.86,-0.17,-9.57,11.83,-0.01,0,0,,,,-0.402,-0.061,2.3,13.26,-0.01,,,
45.32,REGROUND,-1.86,-0.17,-9.57,11.84,-0.01,0,0,,,,-0.412,-0.063,1.8,13.26,-0.01,,,
45.37,REGROUND,-1.9,-0.17,-9.57,11.86,-0.01,0,0,,,,-0.401,-0.061,2.2,13.26,-0.01,,,
45.42,REGROUND,-1.9,-0.17,-9.57,11.87,-0.01,0,0,,,,-0.412,-0.063,1.8,13.26,-0.01,,,
45.47,REGROUND,-1.95,-0.17,-9.57,11.88,-0.01,0,0,,,,-0.401,-0.061,2.3,13.26,-0.01,,,
45.52,REGROUND,-1.95,-0.17,-9.57,11.89,-0.01,0,0,,,,-0.411,-0.063,1.9,13.26,-0.01,,,
45.57,REGROUND,-1.99,-0.17,-9.57,11.91,-0.01,0,0,,,,-0.401,-0.061,2.5,13.26,-0.01,,,
45.62,REGROUND,-1.99,-0.17,-9.57,11.92,-0.01,0,0,,,,-0.411,-0.063,1.8,13.26,-0.01,,,
45.67,REGROUND,-2.03,-0.17,-9.58,11.93,-0.01,0,0,,,,-0.401,-0.061,2.5,13.26,-0.01,,,
45.72,REGROUND,-2.03,-0.17,-9.58,11.94,-0.01,0,0,,,,-0.411,-0.063,1.7,13.26,-0.01,,,
45.77,REGROUND,-2.07,-0.17,-9.58,11.96,-0.01,0,0,,,,-0.401,-0.061,2.4,13.26,-0.01,,,
45.82,REGROUND,-2.07,-0.17,-9.58,11.97,-0.01,0,0,,,,-0.411,-0.063,1.8,13.26,-0.01,,,
45.87,REGROUND,-2.11,-0.18,-9.58,11.98,-0.01,0,0,,,,-0.401,-0.062,2.2,13.26,-0.01,,,
45.92,REGROUND,-2.11,-0.18,-9.58,11.99,-0.01,0,0,,,,-0.411,-0.063,1.8,13.26,-0.01,,,
45.97,REGROUND,-2.15,-0.18,-9.58,12.01,-0.01,0,0,,,,-0.401,-0.062,2.4,13.26,-0.01,,,
46.02,REGROUND,-2.15,-0.18,-9.58,12.02,-0.01,0,0,,,,-0.411,-0.063,1.8,13.26,-0.01,,,
46.07,REGROUND,-2.19,-0.18,-9.58,12.03,-0.01,0,0,,,,-0.401,-0.062,2.5,13.26,-0.01,,,
46.12,REGROUND,-2.19,-0.18,-9.58,12.04,-0.01,0,0,,,,-0.411,-0.063,1.9,13.26,-0.01,,,
46.17,REGROUND,-2.23,-0.18,-9.58,12.06,-0.01,0,0,,,,-0.401,-0.062,2.5,13.26,-0.01,,,
46.22,REGROUND,-2.23,-0.18,-9.58,12.07,-0.01,0,0,,,,-0.411,-0.063,1.9,13.26,-0.01,,,
46.27,REGROUND,-2.28,-0.18,-9.58,12.08,-0.01,0,0,,,,-0.401,-0.062,2.5,13.26,-0.01,,,
46.32,REGROUND,-2.28,-0.18,-9.58,12.09,-0.01,0,0,,,,-0.411,-0.064,1.8,13.26,-0.01,,,
46.37,REGROUND,-2.32,-0.18,-9.58,12.11,-0.01,0,0,,,,-0.401,-0.062,2.5,13.26,-0.01,,,
46.42,REGROUND,-2.32,-0.18,-9.58,12.12,-0.01,0,0,,,,-0.411,-0.064,1.7,13.26,-0.01,,,
46.47,REGROUND,-2.36,-0.18,-9.58,12.13,-0.01,0,0,,,,-0.401,-0.062,2.5,13.26,-0.01,,,
46.52,REGROUND,-2.36,-0.18,-9.58,12.14,-0.01,0,0,,,,-0.411,-0.064,1.8,13.26,-0.01,,,
46.57,REGROUND,-2.4,-0.18,-9.58,12.16,-0.01,0,0,,,,-0.401,-0.062,2.4,13.26,-0.01,,,
46.62,REGROUND,-2.4,-0.18,-9.58,12.17,-0.01,0,0,,,,-0.411,-0.064,1.8,13.26,-0.01,,,
46.67,REGROUND,-2.44,-0.18,-9.58,12.18,-0.01,0,0,,,,-0.401,-0.062,2.2,13.26,-0.01,,,
46.72,REGROUND,-2.44,-0.18,-9.58,12.19,-0.01,0,0,,,,-0.411,-0.064,1.8,13.26,-0.01,,,
46.77,REGROUND,-2.48,-0.18,-9.58,12.21,-0.01,0,0,,,,-0.401,-0.062,5.9,13.26,-0.01,,,
46.82,REGROUND,-2.48,-0.18,-9.58,12.22,-0.01,0,0,,,,-0.411,-0.064,2.3,13.26,-0.01,,,
46.87,REGROUND,-2.52,-0.19,-9.58,12.23,-0.01,0,0,,,,-0.401,-0.062,2.6,13.26,-0.01,,,
46.92,REGROUND,-2.52,-0.19,-9.58,12.24,-0.01,0,0,,,,-0.412,-0.063,1.9,13.26,-0.01,,,
46.97,REGROUND,-2.56,-0.19,-9.58,12.26,-0.01,0,0,,,,-0.401,-0.062,2.6,13.26,-0.01,,,
47.02,REGROUND,-2.56,-0.19,-9.58,12.27,-0.01,0,0,,,,-0.412,-0.063,1.8,13.26,-0.01,,,
47.07,REGROUND,-2.6,-0.19,-9.58,12.28,-0.01,0,0,,,,-0.402,-0.062,2.6,13.26,-0.01,,,
47.12,REGROUND,-2.6,-0.19,-9.58,12.29,-0.01,0,0,,,,-0.412,-0.063,1.7,13.26,-0.01,,,
47.17,REGROUND,-2.64,-0.19,-9.58,12.31,-0.01,0,0,,,,-0.402,-0.062,2.4,13.26,-0.01,,,
47.22,REGROUND,-2.64,-0.19,-9.58,12.32,-0.01,0,0,,,,-0.412,-0.063,1.7,13.26,-0.01,,,
47.27,REGROUND,-2.68,-0.19,-9.58,12.33,-0.01,0,0,,,,-0.402,-0.062,2.4,13.26,-0.01,,,
47.32,REGROUND,-2.68,-0.19,-9.58,12.34,-0.01,0,0,,,,-0.412,-0.063,1.8,13.26,-0.01,,,
47.37,REGROUND,-2.72,-0.19,-9.58,12.36,-0.01,0,0,,,,-0.402,-0.061,2.3,13.26,-0.01,,,
47.42,REGROUND,-2.72,-0.19,-9.58,12.37,-0.01,0,0,,,,-0.412,-0.063,1.8,13.26,-0.01,,,
47.47,REGROUND,-2.76,-0.19,-9.58,12.38,-0.01,0,0,,,,-0.402,-0.061,2.2,13.26,-0.01,,,
47.52,REGROUND,-2.76,-0.19,-9.58,12.39,-0.01,0,0,,,,-0.412,-0.063,1.9,13.26,-0.01,,,
47.57,REGROUND,-2.81,-0.19,-9.58,12.41,-0.01,0,0,,,,-0.402,-0.061,2.5,13.26,-0.01,,,
47.62,REGROUND,-2.81,-0.19,-9.58,12.42,-0.01,0,0,,,,-0.412,-0.063,1.8,13.26,-0.01,,,
47.67,REGROUND,-2.85,-0.2,-9.58,12.43,-0.01,0,0,,,,-0.402,-0.062,2.5,13.26,-0.01,,,
47.72,REGROUND,-2.85,-0.2,-9.58,12.44,-0.01,0,0,,,,-0.412,-0.063,1.8,13.26,-0.01,,,
47.77,REGROUND,-2.89,-0.2,-9.58,12.46,-0.01,0,0,,,,-0.402,-0.061,2.4,13.26,-0.01,,,
47.82,REGROUND,-2.89,-0.2,-9.58,12.47,-0.01,0,0,,,,-0.412,-0.063,1.8,13.26,-0.01,,,
47.87,REGROUND,-2.93,-0.2,-9.58,12.48,-0.01,0,0,,,,-0.402,-0.061,2.3,13.26,-0.01,,,
47.92,REGROUND,-2.93,-0.2,-9.58,12.49,-0.01,0,0,,,,-0.412,-0.063,1.7,13.26,-0.01,,,
47.97,REGROUND,-2.97,-0.2,-9.58,12.51,-0.01,0,0,,,,-0.402,-0.061,2.5,13.26,-0.01,,,
48.02,REGROUND,-2.97,-0.2,-9.58,12.52,-0.01,0,0,,,,-0.412,-0.063,1.8,13.26,-0.01,,,
48.07,REGROUND,-3.01,-0.2,-9.58,12.53,-0.01,0,0,,,,-0.402,-0.061,2.3,13.26,-0.01,,,
48.12,REGROUND,-3.01,-0.2,-9.58,12.54,-0.01,0,0,,,,-0.412,-0.063,1.8,13.26,-0.01,,,
48.17,REGROUND,-3.05,-0.2,-9.58,12.56,-0.01,0,0,,,,-0.402,-0.061,2.3,13.26,-0.01,,,
48.22,REGROUND,-3.05,-0.2,-9.58,12.57,-0.01,0,0,,,,-0.412,-0.062,1.7,13.26,-0.01,,,
48.27,REGROUND,-3.09,-0.2,-9.58,12.58,-0.01,0,0,,,,-0.402,-0.061,2.5,13.26,-0.01,,,
48.32,REGROUND,-3.09,-0.2,-9.58,12.59,-0.01,0,0,,,,-0.412,-0.062,1.8,13.26,-0.01,,,
48.37,REGROUND,-3.14,-0.21,-9.58,12.61,-0.01,0,0,,,,-0.402,-0.06,2.5,13.26,-0.01,,,
48.42,REGROUND,-3.14,-0.21,-9.58,12.62,-0.01,0,0,,,,-0.412,-0.062,1.8,13.26,-0.01,,,
48.47,REGROUND,-3.18,-0.21,-9.58,12.63,-0.01,0,0,,,,-0.402,-0.06,2.5,13.26,-0.01,,,
48.52,REGROUND,-3.18,-0.21,-9.58,12.64,-0.01,0,0,,,,-0.412,-0.062,1.8,13.26,-0.01,,,
48.57,REGROUND,-3.22,-0.21,-9.58,12.66,-0.01,0,0,,,,-0.402,-0.06,2.4,13.26,-0.01,,,
48.62,REGROUND,-3.22,-0.21,-9.58,12.67,-0.01,0,0,,,,-0.412,-0.062,1.7,13.26,-0.01,,,
48.67,REGROUND,-3.26,-0.21,-9.58,12.68,-0.01,0,0,,,,-0.401,-0.06,2.3,13.26,-0.01,,,
48.72,REGROUND,-3.26,-0.21,-9.58,12.69,-0.01,0,0,,,,-0.411,-0.062,1.9,13.26,-0.01,,,
48.77,REGROUND,-3.3,-0.21,-9.58,12.71,-0.01,0,0,,,,-0.401,-0.06,2.3,13.26,-0.01,,,
48.82,REGROUND,-3.3,-0.21,-9.58,12.72,-0.01,0,0,,,,-0.411,-0.062,1.8,13.26,-0.01,,,
48.87,REGROUND,-3.34,-0.21,-9.58,12.73,-0.01,0,0,,,,-0.401,-0.061,2.2,13.26,-0.01,,,
48.92,REGROUND,-3.34,-0.21,-9.58,12.74,-0.01,0,0,,,,-0.411,-0.062,1.7,13.26,-0.01,,,
48.97,REGROUND,-3.38,-0.21,-9.58,12.76,-0.01,0,0,,,,-0.401,-0.061,2.6,13.26,-0.01,,,
49.02,REGROUND,-3.38,-0.21,-9.58,12.77,-0.01,0,0,,,,-0.411,-0.062,1.9,13.26,-0.01,,,
49.07,REGROUND,-3.42,-0.21,-9.58,12.78,-0.01,0,0,,,,-0.401,-0.061,2.3,13.26,-0.01,,,
49.12,REGROUND,-3.42,-0.21,-9.58,12.79,-0.01,0,0,,,,-0.411,-0.062,5.0,13.26,-0.01,,,
49.17,REGROUND,-3.47,-0.21,-9.58,12.81,-0.01,0,0,,,,-0.401,-0.061,2.5,13.26,-0.01,,,
49.22,REGROUND,-3.47,-0.21,-9.58,12.82,-0.01,0,0,,,,-0.411,-0.063,1.8,13.26,-0.01,,,
49.27,REGROUND,-3.51,-0.21,-9.58,12.83,-0.01,0,0,,,,-0.401,-0.061,2.5,13.26,-0.01,,,
49.32,REGROUND,-3.51,-0.21,-9.58,12.84,-0.01,0,0,,,,-0.411,-0.063,1.8,13.26,-0.01,,,
49.37,REGROUND,-3.55,-0.21,-9.58,12.86,-0.01,0,0,,,,-0.401,-0.062,2.5,13.26,-0.01,,,
49.42,REGROUND,-3.55,-0.21,-9.58,12.87,-0.01,0,0,,,,-0.411,-0.063,1.8,13.26,-0.01,,,
49.47,REGROUND,-3.59,-0.21,-9.58,12.88,-0.01,0,0,,,,-0.401,-0.062,2.4,13.26,-0.01,,,
49.52,REGROUND,-3.59,-0.21,-9.58,12.89,-0.01,0,0,,,,-0.411,-0.064,1.8,13.26,-0.01,,,
49.57,REGROUND,-3.63,-0.22,-9.58,12.91,-0.01,0,0,,,,-0.401,-0.062,2.4,13.26,-0.01,,,
49.62,REGROUND,-3.63,-0.22,-9.58,12.92,-0.01,0,0,,,,-0.411,-0.064,1.8,13.26,-0.01,,,
49.67,REGROUND,-3.67,-0.22,-9.58,12.93,-0.01,0,0,,,,-0.401,-0.062,2.5,13.26,-0.01,,,
49.72,REGROUND,-3.67,-0.22,-9.58,12.94,-0.01,0,0,,,,-0.411,-0.064,1.9,13.26,-0.01,,,
49.77,REGROUND,-3.71,-0.22,-9.58,12.96,-0.01,0,0,,,,-0.401,-0.062,2.5,13.26,-0.01,,,
49.82,REGROUND,-3.71,-0.22,-9.58,12.97,-0.01,0,0,,,,-0.411,-0.064,1.8,13.26,-0.01,,,
49.87,REGROUND,-3.75,-0.22,-9.58,12.98,-0.01,0,0,,,,-0.401,-0.062,2.5,13.26,-0.01,,,
49.92,REGROUND,-3.75,-0.22,-9.58,12.99,-0.01,0,0,,,,-0.411,-0.064,1.8,13.26,-0.01,,,
49.97,REGROUND,-3.79,-0.22,-9.58,13.01,-0.01,0,0,,,,-0.401,-0.062,2.5,13.26,-0.01,,,
50.02,REGROUND,-3.79,-0.22,-9.58,13.02,-0.01,0,0,,,,-0.411,-0.064,1.8,13.26,-0.01,,,
50.07,REGROUND,-3.84,-0.22,-9.58,13.03,-0.01,0,0,,,,-0.4,-0.062,2.3,13.26,-0.01,,,
50.12,REGROUND,-3.84,-0.22,-9.58,13.04,-0.01,0,0,,,,-0.411,-0.064,1.7,13.26,-0.01,,,
50.17,REGROUND,-3.88,-0.22,-9.58,13.06,-0.01,0,0,,,,-0.4,-0.062,2.5,13.26,-0.01,,,
50.22,REGROUND,-3.88,-0.22,-9.58,13.07,-0.01,0,0,,,,-0.411,-0.064,1.8,13.26,-0.01,,,
50.27,REGROUND,-3.92,-0.22,-9.58,13.08,-0.01,0,0,,,,-0.4,-0.062,2.5,13.26,-0.01,,,
50.32,REGROUND,-3.92,-0.22,-9.58,13.1,-0.01,0,0,,,,-0.41,-0.064,1.8,13.26,-0.01,,,
50.37,REGROUND,-3.96,-0.22,-9.58,13.11,-0.01,0,0,,,,-0.4,-0.062,2.5,13.26,-0.01,,,
50.42,REGROUND,-3.96,-0.22,-9.58,13.12,-0.01,0,0,,,,-0.41,-0.064,1.8,13.26,-0.01,,,
50.47,REGROUND,-4.0,-0.23,-9.58,13.13,-0.01,0,0,,,,-0.4,-0.062,2.4,13.26,-0.01,,,
50.52,REGROUND,-4.0,-0.23,-9.58,13.15,-0.01,0,0,,,,-0.41,-0.064,1.8,13.26,-0.01,,,
50.57,REGROUND,-4.04,-0.23,-9.58,13.16,-0.01,0,0,,,,-0.4,-0.062,2.6,13.26,-0.01,,,
50.62,REGROUND,-4.04,-0.23,-9.58,13.17,-0.01,0,0,,,,-0.41,-0.064,1.7,13.26,-0.01,,,
50.67,REGROUND,-4.08,-0.23,-9.58,13.18,-0.01,0,0,,,,-0.4,-0.062,2.3,13.26,-0.01,,,
50.72,REGROUND,-4.08,-0.23,-9.58,13.2,-0.01,0,0,,,,-0.41,-0.064,1.8,13.26,-0.01,,,
50.77,REGROUND,-4.12,-0.23,-9.58,13.21,-0.01,0,0,,,,-0.4,-0.062,2.3,13.26,-0.01,,,
50.82,REGROUND,-4.12,-0.23,-9.58,13.22,-0.01,0,0,,,,-0.41,-0.063,1.8,13.26,-0.01,,,
50.87,REGROUND,-4.16,-0.23,-9.58,13.23,-0.01,0,0,,,,-0.4,-0.062,2.4,13.26,-0.01,,,
50.92,REGROUND,-4.16,-0.23,-9.58,13.25,-0.01,0,0,,,,-0.41,-0.063,1.8,13.26,-0.01,,,
50.97,REGROUND,-4.21,-0.23,-9.58,13.26,-0.01,0,0,,,,-0.4,-0.062,2.5,13.26,-0.01,,,
51.02,REGROUND,-4.21,-0.23,-9.58,13.27,-0.01,0,0,,,,-0.41,-0.063,1.8,13.26,-0.01,,,
51.07,REGROUND,-4.25,-0.23,-9.58,13.28,-0.01,0,0,,,,-0.4,-0.062,2.5,13.26,-0.01,,,
51.12,REGROUND,-4.25,-0.23,-9.58,13.3,-0.01,0,0,,,,-0.41,-0.063,1.8,13.26,-0.01,,,
51.17,REGROUND,-4.29,-0.23,-9.58,13.31,-0.01,0,0,,,,-0.4,-0.062,2.4,13.26,-0.01,,,
51.22,REGROUND,-4.29,-0.23,-9.58,13.32,-0.01,0,0,,,,-0.41,-0.063,1.7,13.26,-0.01,,,
51.27,REGROUND,-4.33,-0.24,-9.58,13.33,-0.01,0,0,,,,-0.4,-0.062,2.4,13.26,-0.01,,,
51.32,REGROUND,-4.33,-0.24,-9.58,13.35,-0.01,0,0,,,,-0.41,-0.063,1.8,13.26,-0.01,,,
51.37,REGROUND,-4.37,-0.24,-9.58,13.36,-0.01,0,0,,,,-0.401,-0.061,2.3,13.26,-0.01,,,
51.42,REGROUND,-4.37,-0.24,-9.58,13.37,-0.01,0,0,,,,-0.411,-0.063,1.8,13.26,-0.01,,,
51.48,REGROUND,-4.41,-0.24,-9.58,13.38,-0.01,0,0,,,,-0.401,-0.061,5.6,13.26,-0.01,,,
51.53,REGROUND,-4.41,-0.24,-9.58,13.4,-0.01,0,0,,,,-0.411,-0.063,2.2,13.26,-0.01,,,
51.58,REGROUND,-4.45,-0.24,-9.58,13.41,-0.01,0,0,,,,-0.401,-0.061,2.5,13.26,-0.01,,,
51.63,REGROUND,-4.45,-0.24,-9.58,13.42,-0.01,0,0,,,,-0.411,-0.063,1.9,13.26,-0.01,,,
51.68,REGROUND,-4.49,-0.24,-9.58,13.43,-0.01,0,0,,,,-0.401,-0.061,2.5,13.26,-0.01,,,
51.73,REGROUND,-4.49,-0.24,-9.58,13.45,-0.01,0,0,,,,-0.411,-0.062,1.8,13.26,-0.01,,,
51.78,REGROUND,-4.53,-0.24,-9.58,13.46,-0.01,0,0,,,,-0.401,-0.061,2.5,13.26,-0.01,,,
51.83,REGROUND,-4.53,-0.24,-9.58,13.47,-0.01,0,0,,,,-0.411,-0.062,1.8,13.26,-0.01,,,
51.88,REGROUND,-4.57,-0.24,-9.58,13.48,-0.01,0,0,,,,-0.401,-0.061,2.3,13.26,-0.01,,,
51.93,REGROUND,-4.57,-0.24,-9.58,13.5,-0.01,0,0,,,,-0.411,-0.062,1.8,13.26,-0.01,,,
51.98,REGROUND,-4.61,-0.25,-9.58,13.51,-0.01,0,0,,,,-0.401,-0.061,2.4,13.26,-0.01,,,
52.03,REGROUND,-4.61,-0.25,-9.58,13.52,-0.01,0,0,,,,-0.411,-0.062,1.8,13.26,-0.01,,,
52.08,REGROUND,-4.65,-0.25,-9.58,13.53,-0.01,0,0,,,,-0.401,-0.061,2.3,13.26,-0.01,,,
52.13,REGROUND,-4.65,-0.25,-9.58,13.55,-0.01,0,0,,,,-0.411,-0.062,1.8,13.26,-0.01,,,
52.18,REGROUND,-4.7,-0.25,-9.58,13.56,-0.01,0,0,,,,-0.401,-0.061,2.4,13.26,-0.01,,,
52.23,REGROUND,-4.7,-0.25,-9.58,13.57,-0.01,0,0,,,,-0.412,-0.062,1.8,13.26,-0.01,,,
52.28,REGROUND,-4.74,-0.25,-9.58,13.58,-0.01,0,0,,,,-0.401,-0.061,2.5,13.26,-0.01,,,
52.33,REGROUND,-4.74,-0.25,-9.58,13.6,-0.01,0,0,,,,-0.412,-0.062,1.8,13.26,-0.01,,,
52.38,REGROUND,-4.78,-0.25,-9.58,13.61,-0.01,0,0,,,,-0.402,-0.06,2.5,13.26,-0.01,,,
52.43,REGROUND,-4.78,-0.25,-9.58,13.62,-0.01,0,0,,,,-0.412,-0.062,2.4,13.26,-0.01,,,
52.48,REGROUND,-4.82,-0.25,-9.58,13.63,-0.01,0,0,,,,-0.402,-0.061,2.5,13.26,-0.01,,,
52.53,REGROUND,-4.82,-0.25,-9.58,13.65,-0.01,0,0,,,,-0.412,-0.062,1.8,13.26,-0.01,,,
52.58,REGROUND,-4.86,-0.25,-9.58,13.66,-0.01,0,0,,,,-0.402,-0.061,2.4,13.26,-0.01,,,
52.63,REGROUND,-4.86,-0.25,-9.58,13.67,-0.01,0,0,,,,-0.412,-0.062,1.7,13.26,-0.01,,,
52.68,REGROUND,-4.9,-0.25,-9.58,13.68,-0.01,0,0,,,,-0.402,-0.061,2.4,13.26,-0.01,,,
52.73,REGROUND,-4.9,-0.25,-9.58,13.7,-0.01,0,0,,,,-0.412,-0.062,1.8,13.26,-0.01,,,
52.78,REGROUND,-4.94,-0.25,-9.58,13.71,-0.01,0,0,,,,-0.401,-0.061,2.4,13.26,-0.01,,,
52.83,REGROUND,-4.94,-0.25,-9.58,13.72,-0.01,0,0,,,,-0.412,-0.062,1.8,13.26,-0.01,,,
52.88,REGROUND,-4.98,-0.25,-9.58,13.73,-0.01,0,0,,,,-0.401,-0.061,2.3,13.26,-0.01,,,
52.93,REGROUND,-4.98,-0.25,-9.58,13.75,-0.01,0,0,,,,-0.411,-0.063,1.7,13.26,-0.01,,,
52.98,REGROUND,-5.02,-0.26,-9.58,13.76,-0.01,0,0,,,,-0.401,-0.061,2.3,13.26,-0.01,,,
53.03,REGROUND,-5.02,-0.26,-9.58,13.77,-0.01,0,0,,,,-0.411,-0.063,1.9,13.26,-0.01,,,
53.08,REGROUND,-5.07,-0.26,-9.58,13.78,-0.01,0,0,,,,-0.401,-0.061,2.5,13.26,-0.01,,,
53.13,REGROUND,-5.07,-0.26,-9.58,13.8,-0.01,0,0,,,,-0.411,-0.063,1.8,13.26,-0.01,,,
53.18,REGROUND,-5.11,-0.26,-9.58,13.81,-0.01,0,0,,,,-0.401,-0.062,2.4,13.26,-0.01,,,
53.23,REGROUND,-5.11,-0.26,-9.58,13.82,-0.01,0,0,,,,-0.411,-0.063,1.8,13.26,-0.01,,,
53.28,REGROUND,-5.15,-0.26,-9.58,13.83,-0.01,0,0,,,,-0.4,-0.062,2.5,13.26,-0.01,,,
53.33,REGROUND,-5.15,-0.26,-9.58,13.85,-0.01,0,0,,,,-0.41,-0.063,1.8,13.26,-0.01,,,
53.38,REGROUND,-5.19,-0.26,-9.58,13.86,-0.01,0,0,,,,-0.4,-0.062,2.5,13.26,-0.01,,,
53.43,REGROUND,-5.19,-0.26,-9.58,13.87,-0.01,0,0,,,,-0.41,-0.064,1.5,13.26,-0.01,,,
53.48,REGROUND,-5.23,-0.26,-9.58,13.88,-0.01,0,0,,,,-0.4,-0.062,2.5,13.26,-0.01,,,
53.53,REGROUND,-5.23,-0.26,-9.58,13.9,-0.01,0,0,,,,-0.41,-0.064,1.7,13.26,-0.01,,,
53.58,REGROUND,-5.27,-0.26,-9.58,13.91,-0.01,0,0,,,,-0.4,-0.063,2.4,13.26,-0.01,,,
53.63,REGROUND,-5.27,-0.26,-9.58,13.92,-0.01,0,0,,,,-0.41,-0.064,1.8,13.26,-0.01,,,
53.68,REGROUND,-5.31,-0.26,-9.58,13.93,-0.01,0,0,,,,-0.4,-0.063,2.2,13.26,-0.01,,,
53.73,REGROUND,-5.31,-0.26,-9.58,13.95,-0.01,0,0,,,,-0.41,-0.065,1.8,13.26,-0.01,,,
53.78,REGROUND,-5.35,-0.26,-9.58,13.96,-0.01,0,0,,,,-0.401,-0.063,2.3,13.26,-0.01,,,
53.83,REGROUND,-5.35,-0.26,-9.58,13.97,-0.01,0,0,,,,-0.411,-0.065,5.3,13.26,-0.01,,,
53.88,REGROUND,-5.39,-0.26,-9.58,13.98,-0.01,0,0,,,,-0.4,-0.063,2.5,13.26,-0.01,,,
53.93,REGROUND,-5.39,-0.26,-9.58,14.0,-0.01,0,0,,,,-0.41,-0.065,1.8,13.26,-0.01,,,
53.98,REGROUND,-5.44,-0.26,-9.58,14.01,-0.01,0,0,,,,-0.401,-0.063,2.6,13.26,-0.01,,,
54.03,REGROUND,-5.44,-0.26,-9.58,14.02,-0.01,0,0,,,,-0.411,-0.065,1.8,13.26,-0.01,,,
54.08,REGROUND,-5.48,-0.26,-9.58,14.03,-0.01,0,0,,,,-0.401,-0.063,2.6,13.26,-0.01,,,
54.13,REGROUND,-5.48,-0.26,-9.58,14.05,-0.01,0,0,,,,-0.411,-0.065,1.7,13.26,-0.01,,,
54.18,REGROUND,-5.52,-0.26,-9.58,14.06,-0.01,0,0,,,,-0.401,-0.063,3.1,13.26,-0.01,,,
54.23,REGROUND,-5.52,-0.26,-9.58,14.07,-0.01,0,0,,,,-0.411,-0.065,1.8,13.26,-0.01,,,
54.28,REGROUND,-5.56,-0.27,-9.58,14.08,-0.01,0,0,,,,-0.401,-0.063,2.4,13.26,-0.01,,,
54.33,REGROUND,-5.56,-0.27,-9.58,14.1,-0.01,0,0,,,,-0.411,-0.065,1.6,13.26,-0.01,,,
54.38,REGROUND,-5.6,-0.27,-9.58,14.11,-0.01,0,0,,,,-0.401,-0.063,2.3,13.26,-0.01,,,
54.43,REGROUND,-5.6,-0.27,-9.58,14.12,-0.01,0,0,,,,-0.411,-0.065,1.8,13.26,-0.01,,,
54.48,REGROUND,-5.64,-0.27,-9.58,14.13,-0.01,0,0,,,,-0.401,-0.063,2.3,13.26,-0.01,,,
54.53,REGROUND,-5.64,-0.27,-9.58,14.15,-0.01,0,0,,,,-0.411,-0.065,1.8,13.26,-0.01,,,
54.58,REGROUND,-5.68,-0.27,-9.58,14.16,-0.01,0,0,,,,-0.401,-0.063,2.5,13.26,-0.01,,,
54.63,REGROUND,-5.68,-0.27,-9.58,14.17,-0.01,0,0,,,,-0.412,-0.065,1.9,13.26,-0.01,,,
54.68,REGROUND,-5.72,-0.27,-9.58,14.18,-0.01,0,0,,,,-0.402,-0.063,2.5,13.26,-0.01,,,
54.73,REGROUND,-5.72,-0.27,-9.58,14.2,-0.01,0,0,,,,-0.412,-0.065,1.8,13.26,-0.01,,,
54.78,REGROUND,-5.76,-0.27,-9.58,14.21,-0.01,0,0,,,,-0.402,-0.063,2.6,13.26,-0.01,,,
54.83,REGROUND,-5.76,-0.27,-9.58,14.22,-0.01,0,0,,,,-0.412,-0.064,1.8,13.26,-0.01,,,
54.88,REGROUND,-5.8,-0.27,-9.58,14.23,-0.01,0,0,,,,-0.402,-0.063,2.6,13.26,-0.01,,,
54.93,REGROUND,-5.8,-0.27,-9.58,14.25,-0.01,0,0,,,,-0.412,-0.064,1.8,13.26,-0.01,,,
54.98,REGROUND,-5.84,-0.27,-9.58,14.26,-0.01,0,0,,,,-0.402,-0.063,2.5,13.26,-0.01,,,
55.03,REGROUND,-5.84,-0.27,-9.58,14.27,-0.01,0,0,,,,-0.412,-0.064,1.8,13.26,-0.01,,,
55.08,REGROUND,-5.88,-0.28,-9.58,14.28,-0.01,0,0,,,,-0.402,-0.062,2.4,13.26,-0.01,,,
55.13,REGROUND,-5.88,-0.28,-9.58,14.3,-0.01,0,0,,,,-0.412,-0.064,1.7,13.26,-0.01,,,
55.18,REGROUND,-5.93,-0.28,-9.58,14.31,-0.01,0,0,,,,-0.401,-0.062,2.4,13.26,-0.01,,,
55.23,REGROUND,-5.93,-0.28,-9.58,14.32,-0.01,0,0,,,,-0.412,-0.064,1.8,13.26,-0.01,,,
55.28,REGROUND,-5.97,-0.28,-9.58,14.33,-0.01,0,0,,,,-0.401,-0.062,2.4,13.26,-0.01,,,
55.33,REGROUND,-5.97,-0.28,-9.58,14.35,-0.01,0,0,,,,-0.411,-0.064,1.8,13.26,-0.01,,,
55.38,REGROUND,-6.01,-0.28,-9.58,14.36,-0.01,0,0,,,,-0.401,-0.062,2.3,13.26,-0.01,,,
55.43,REGROUND,-6.01,-0.28,-9.58,14.37,-0.01,0,0,,,,-0.411,-0.063,1.8,13.26,-0.01,,,
55.48,REGROUND,-6.05,-0.28,-9.58,14.38,-0.01,0,0,,,,-0.401,-0.062,2.3,13.26,-0.01,,,
55.53,REGROUND,-6.05,-0.28,-9.58,14.4,-0.01,0,0,,,,-0.411,-0.063,1.9,13.26,-0.01,,,
55.58,REGROUND,-6.09,-0.28,-9.58,14.41,-0.01,0,0,,,,-0.401,-0.061,2.6,13.26,-0.01,,,
55.63,REGROUND,-6.09,-0.28,-9.58,14.42,-0.01,0,0,,,,-0.411,-0.063,1.8,13.26,-0.01,,,
55.68,REGROUND,-6.13,-0.28,-9.58,14.43,-0.01,0,0,,,,-0.4,-0.061,2.5,13.26,-0.01,,,
55.73,REGROUND,-6.13,-0.28,-9.58,14.45,-0.01,0,0,,,,-0.411,-0.063,1.8,13.26,-0.01,,,
55.78,REGROUND,-6.17,-0.29,-9.58,14.46,-0.01,0,0,,,,-0.4,-0.061,2.5,13.26,-0.01,,,
55.83,REGROUND,-6.17,-0.29,-9.58,14.47,-0.01,0,0,,,,-0.411,-0.062,1.8,13.26,-0.01,,,
55.88,REGROUND,-6.22,-0.29,-9.58,14.48,-0.01,0,0,,,,-0.4,-0.061,2.5,13.26,-0.01,,,
55.93,REGROUND,-6.22,-0.29,-9.58,14.5,-0.01,0,0,,,,-0.41,-0.062,1.7,13.26,-0.01,,,
55.98,REGROUND,-6.26,-0.29,-9.58,14.51,-0.01,0,0,,,,-0.4,-0.06,2.4,13.26,-0.01,,,
56.03,REGROUND,-6.26,-0.29,-9.58,14.52,-0.01,0,0,,,,-0.41,-0.062,1.8,13.26,-0.01,,,
56.08,REGROUND,-6.3,-0.29,-9.58,14.53,-0.01,0,0,,,,-0.4,-0.06,2.4,13.26,-0.01,,,
56.13,REGROUND,-6.3,-0.29,-9.58,14.55,-0.01,0,0,,,,-0.41,-0.062,1.8,13.26,-0.01,,,
56.18,REGROUND,-6.34,-0.29,-9.58,14.56,-0.01,0,0,,,,-0.4,-0.06,5.7,13.26,-0.01,,,
56.23,REGROUND,-6.34,-0.29,-9.58,14.57,-0.01,0,0,,,,-0.41,-0.062,1.7,13.26,-0.01,,,
56.28,REGROUND,-6.38,-0.29,-9.58,14.58,-0.01,0,0,,,,-0.4,-0.06,2.6,13.26,-0.01,,,
56.33,REGROUND,-6.38,-0.29,-9.58,14.6,-0.01,0,0,,,,-0.41,-0.062,1.8,13.26,-0.01,,,
56.38,REGROUND,-6.42,-0.3,-9.58,14.61,-0.01,0,0,,,,-0.4,-0.06,2.5,13.26,-0.01,,,
56.43,REGROUND,-6.42,-0.3,-9.58,14.62,-0.01,0,0,,,,-0.41,-0.061,1.8,13.26,-0.01,,,
56.48,REGROUND,-6.46,-0.3,-9.58,14.63,-0.01,0,0,,,,-0.4,-0.06,2.6,13.26,-0.01,,,
56.53,REGROUND,-6.46,-0.3,-9.58,14.65,-0.01,0,0,,,,-0.41,-0.061,1.8,13.26,-0.01,,,
56.58,REGROUND,-6.5,-0.3,-9.58,14.66,-0.01,0,0,,,,-0.4,-0.06,2.5,13.26,-0.01,,,
56.63,REGROUND,-6.5,-0.3,-9.58,14.67,-0.01,0,0,,,,-0.41,-0.061,1.8,13.26,-0.01,,,
56.68,REGROUND,-6.54,-0.3,-9.58,14.68,-0.01,0,0,,,,-0.4,-0.06,2.4,13.26,-0.01,,,
56.73,REGROUND,-6.54,-0.3,-9.58,14.7,-0.01,0,0,,,,-0.41,-0.062,1.7,13.26,-0.01,,,
56.78,REGROUND,-6.59,-0.3,-9.58,14.71,-0.01,0,0,,,,-0.4,-0.06,2.4,13.26,-0.01,,,
56.83,REGROUND,-6.59,-0.3,-9.58,14.72,-0.01,0,0,,,,-0.411,-0.062,1.8,13.26,-0.01,,,
56.88,REGROUND,-6.63,-0.3,-9.58,14.73,-0.01,0,0,,,,-0.401,-0.06,2.3,13.26,-0.01,,,
56.93,REGROUND,-6.63,-0.3,-9.58,14.75,-0.01,0,0,,,,-0.411,-0.062,1.8,13.26,-0.01,,,
56.98,REGROUND,-6.67,-0.3,-9.58,14.76,-0.01,0,0,,,,-0.401,-0.06,2.3,13.26,-0.01,,,
57.03,REGROUND,-6.67,-0.3,-9.58,14.77,-0.01,0,0,,,,-0.411,-0.062,1.9,13.26,-0.01,,,
57.08,REGROUND,-6.71,-0.3,-9.58,14.78,-0.01,0,0,,,,-0.401,-0.061,2.6,13.26,-0.01,,,
57.13,REGROUND,-6.71,-0.3,-9.58,14.8,-0.01,0,0,,,,-0.411,-0.062,1.8,13.26,-0.01,,,
57.18,REGROUND,-6.75,-0.3,-9.58,14.81,-0.01,0,0,,,,-0.401,-0.061,2.5,13.26,-0.01,,,
57.23,REGROUND,-6.75,-0.3,-9.58,14.82,-0.01,0,0,,,,-0.411,-0.062,1.9,13.26,-0.01,,,
57.28,REGROUND,-6.79,-0.3,-9.58,14.83,-0.01,0,0,,,,-0.401,-0.061,2.6,13.26,-0.01,,,
57.33,REGROUND,-6.79,-0.3,-9.58,14.85,-0.01,0,0,,,,-0.411,-0.063,1.8,13.26,-0.01,,,
57.38,REGROUND,-6.83,-0.3,-9.58,14.86,-0.01,0,0,,,,-0.4,-0.061,2.5,13.26,-0.01,,,
57.43,REGROUND,-6.83,-0.3,-9.58,14.87,-0.01,0,0,,,,-0.411,-0.063,1.7,13.26,-0.01,,,
57.48,REGROUND,-6.87,-0.3,-9.58,14.88,-0.01,0,0,,,,-0.4,-0.062,2.3,13.26,-0.01,,,
57.53,REGROUND,-6.87,-0.3,-9.58,14.9,-0.01,0,0,,,,-0.41,-0.063,1.8,13.26,-0.01,,,
57.58,REGROUND,-6.91,-0.3,-9.58,14.91,-0.01,0,0,,,,-0.4,-0.062,2.3,13.26,-0.01,,,
57.63,REGROUND,-6.91,-0.3,-9.58,14.92,-0.01,0,0,,,,-0.41,-0.064,1.8,13.26,-0.01,,,
57.68,REGROUND,-6.95,-0.3,-9.58,14.93,-0.01,0,0,,,,-0.4,-0.062,2.3,13.26,-0.01,,,
57.73,REGROUND,-6.95,-0.3,-9.58,14.95,-0.01,0,0,,,,-0.41,-0.064,1.8,13.26,-0.01,,,
57.78,REGROUND,-7.0,-0.31,-9.58,14.96,-0.01,0,0,,,,-0.4,-0.063,2.5,13.26,-0.01,,,
57.83,REGROUND,-7.0,-0.31,-9.58,14.97,-0.01,0,0,,,,-0.41,-0.064,1.8,13.26,-0.01,,,
57.88,REGROUND,-7.04,-0.31,-9.58,14.99,-0.01,0,0,,,,-0.4,-0.063,2.5,13.26,-0.01,,,
57.93,REGROUND,-7.04,-0.31,-9.58,15.0,-0.01,0,0,,,,-0.41,-0.064,1.8,13.26,-0.01,,,
57.98,REGROUND,-7.08,-0.31,-9.58,15.01,-0.01,0,0,,,,-0.4,-0.063,2.6,13.26,-0.01,,,
58.03,REGROUND,-7.08,-0.31,-9.58,15.02,-0.01,0,0,,,,-0.41,-0.064,1.8,13.26,-0.01,,,
58.08,REGROUND,-7.12,-0.31,-9.58,15.04,-0.01,0,0,,,,-0.4,-0.063,2.4,13.26,-0.01,,,
58.13,REGROUND,-7.12,-0.31,-9.58,15.05,-0.01,0,0,,,,-0.41,-0.065,1.8,13.26,-0.01,,,
58.18,REGROUND,-7.16,-0.31,-9.58,15.06,-0.01,0,0,,,,-0.4,-0.063,2.4,13.26,-0.01,,,
58.23,REGROUND,-7.16,-0.31,-9.58,15.07,-0.01,0,0,,,,-0.41,-0.064,1.8,13.26,-0.01,,,
58.28,REGROUND,-7.2,-0.31,-9.58,15.09,-0.01,0,0,,,,-0.4,-0.063,2.3,13.26,-0.01,,,
58.33,REGROUND,-7.2,-0.31,-9.58,15.1,-0.01,0,0,,,,-0.41,-0.064,1.8,13.26,-0.01,,,
58.38,REGROUND,-7.24,-0.31,-9.58,15.11,-0.01,0,0,,,,-0.4,-0.063,2.3,13.26,-0.01,,,
58.43,REGROUND,-7.24,-0.31,-9.58,15.12,-0.01,0,0,,,,-0.41,-0.064,1.8,13.26,-0.01,,,
58.48,REGROUND,-7.28,-0.31,-9.58,15.14,-0.01,0,0,,,,-0.4,-0.063,2.3,13.26,-0.01,,,
58.53,REGROUND,-7.28,-0.31,-9.58,15.15,-0.01,0,0,,,,-0.41,-0.064,1.9,13.26,-0.01,,,
58.58,REGROUND,-7.32,-0.31,-9.58,15.16,-0.01,0,0,,,,-0.4,-0.063,5.9,13.26,-0.01,,,
58.63,REGROUND,-7.32,-0.31,-9.58,15.17,-0.01,0,0,,,,-0.41,-0.064,1.9,13.26,-0.01,,,
58.68,REGROUND,-7.37,-0.31,-9.58,15.19,-0.01,0,0,,,,-0.4,-0.063,2.6,13.26,-0.01,,,
58.73,REGROUND,-7.37,-0.31,-9.58,15.2,-0.01,0,0,,,,-0.41,-0.064,1.8,13.26,-0.01,,,
58.78,REGROUND,-7.41,-0.32,-9.58,15.21,-0.01,0,0,,,,-0.4,-0.063,2.6,13.26,-0.01,,,
58.83,REGROUND,-7.41,-0.32,-9.58,15.22,-0.01,0,0,,,,-0.41,-0.064,1.8,13.26,-0.01,,,
58.88,REGROUND,-7.45,-0.32,-9.58,15.24,-0.01,0,0,,,,-0.4,-0.063,2.2,13.26,-0.01,,,
58.93,REGROUND,-7.45,-0.32,-9.58,15.25,-0.01,0,0,,,,-0.41,-0.064,2.0,13.26,-0.01,,,
58.98,REGROUND,-7.49,-0.32,-9.58,15.26,-0.01,0,0,,,,-0.4,-0.062,2.5,13.26,-0.01,,,
59.03,REGROUND,-7.49,-0.32,-9.58,15.27,-0.01,0,0,,,,-0.41,-0.064,1.8,13.26,-0.01,,,
59.08,REGROUND,-7.53,-0.32,-9.58,15.29,-0.01,0,0,,,,-0.4,-0.062,2.6,13.26,-0.01,,,
59.13,REGROUND,-7.53,-0.32,-9.58,15.3,-0.01,0,0,,,,-0.41,-0.064,1.8,13.26,-0.01,,,
59.18,REGROUND,-7.57,-0.32,-9.58,15.31,-0.01,0,0,,,,-0.4,-0.062,2.4,13.26,-0.01,,,
59.24,REGROUND,-7.57,-0.32,-9.58,15.32,-0.01,0,0,,,,-0.411,-0.064,1.7,13.26,-0.01,,,
59.29,REGROUND,-7.61,-0.32,-9.58,15.34,-0.01,0,0,,,,-0.4,-0.062,2.4,13.26,-0.01,,,
59.34,REGROUND,-7.61,-0.32,-9.58,15.35,-0.01,0,0,,,,-0.411,-0.064,1.8,13.26,-0.01,,,
59.39,REGROUND,-7.65,-0.32,-9.58,15.36,-0.01,0,0,,,,-0.401,-0.062,2.5,13.26,-0.01,,,
59.44,REGROUND,-7.65,-0.32,-9.58,15.37,-0.01,0,0,,,,-0.411,-0.064,1.9,13.26,-0.01,,,
59.49,REGROUND,-7.69,-0.33,-9.58,15.39,-0.01,0,0,,,,-0.401,-0.062,2.4,13.26,-0.01,,,
59.54,REGROUND,-7.69,-0.33,-9.58,15.4,-0.01,0,0,,,,-0.411,-0.063,1.9,13.26,-0.01,,,
59.59,REGROUND,-7.73,-0.33,-9.58,15.41,-0.01,0,0,,,,-0.401,-0.061,2.5,13.26,-0.01,,,
59.64,REGROUND,-7.73,-0.33,-9.58,15.42,-0.01,0,0,,,,-0.411,-0.063,1.8,13.26,-0.01,,,
59.69,REGROUND,-7.77,-0.33,-9.58,15.44,-0.01,0,0,,,,-0.401,-0.061,2.5,13.26,-0.01,,,
59.74,REGROUND,-7.77,-0.33,-9.58,15.45,-0.01,0,0,,,,-0.411,-0.063,1.7,13.26,-0.01,,,
59.79,REGROUND,-7.81,-0.33,-9.58,15.46,-0.01,0,0,,,,-0.401,-0.061,2.4,13.26,-0.01,,,
59.84,REGROUND,-7.81,-0.33,-9.58,15.47,-0.01,0,0,,,,-0.412,-0.063,1.6,13.26,-0.01,,,
59.89,REGROUND,-7.86,-0.33,-9.58,15.49,-0.01,0,0,,,,-0.401,-0.061,2.3,13.26,-0.01,,,
59.94,REGROUND,-7.86,-0.33,-9.58,15.5,-0.01,0,0,,,,-0.412,-0.063,1.8,13.26,-0.01,,,
59.99,REGROUND,-7.9,-0.33,-9.58,15.51,-0.01,0,0,,,,-0.402,-0.061,2.4,13.26,-0.01,,,
60.04,REGROUND,-7.9,-0.33,-9.58,15.52,-0.01,0,0,,,,-0.412,-0.062,1.8,13.26,-0.01,,,
60.09,REGROUND,-7.94,-0.34,-9.58,15.54,-0.01,0,0,,,,-0.402,-0.061,2.1,13.26,-0.01,,,
60.14,REGROUND,-7.94,-0.34,-9.58,15.55,-0.01,0,0,,,,-0.412,-0.062,1.9,13.26,-0.01,,,
60.19,REGROUND,-7.98,-0.34,-9.58,15.56,-0.01,0,0,,,,-0.402,-0.061,2.4,13.26,-0.01,,,
60.24,REGROUND,-7.98,-0.34,-9.58,15.57,-0.01,0,0,,,,-0.412,-0.062,1.8,13.26,-0.01,,,
60.29,REGROUND,-8.02,-0.34,-9.58,15.59,-0.01,0,0,,,,-0.402,-0.061,2.2,13.26,-0.01,,,
60.34,REGROUND,-8.02,-0.34,-9.58,15.6,-0.01,0,0,,,,-0.412,-0.062,2.0,13.26,-0.01,,,
60.39,REGROUND,-8.06,-0.34,-9.58,15.61,-0.01,0,0,,,,-0.402,-0.061,2.5,13.26,-0.01,,,
60.44,REGROUND,-8.06,-0.34,-9.58,15.62,-0.01,0,0,,,,-0.412,-0.062,1.8,13.26,-0.01,,,
60.49,REGROUND,-8.1,-0.34,-9.58,15.64,-0.01,0,0,,,,-0.402,-0.061,2.5,13.26,-0.01,,,
60.54,REGROUND,-8.1,-0.34,-9.58,15.65,-0.01,0,0,,,,-0.412,-0.062,1.7,13.26,-0.01,,,
60.59,REGROUND,-8.14,-0.34,-9.58,15.66,-0.01,0,0,,,,-0.402,-0.061,2.9,13.26,-0.01,,,
60.64,REGROUND,-8.14,-0.34,-9.58,15.67,-0.01,0,0,,,,-0.412,-0.062,1.8,13.26,-0.01,,,
60.69,REGROUND,-8.18,-0.34,-9.58,15.69,-0.01,0,0,,,,-0.401,-0.061,2.4,13.26,-0.01,,,
60.74,REGROUND,-8.18,-0.34,-9.58,15.7,-0.01,0,0,,,,-0.411,-0.063,1.8,13.26,-0.01,,,
60.79,REGROUND,-8.22,-0.34,-9.58,15.71,-0.01,0,0,,,,-0.401,-0.061,2.3,13.26,-0.01,,,
60.84,REGROUND,-8.22,-0.34,-9.58,15.72,-0.01,0,0,,,,-0.411,-0.063,1.8,13.26,-0.01,,,
60.89,REGROUND,-8.27,-0.34,-9.58,15.74,-0.01,0,0,,,,-0.401,-0.062,2.4,13.26,-0.01,,,
60.94,REGROUND,-8.27,-0.34,-9.58,15.75,-0.01,0,0,,,,-0.411,-0.063,1.7,13.26,-0.01,,,
60.99,REGROUND,-8.31,-0.34,-9.58,15.76,-0.01,0,0,,,,-0.401,-0.062,5.9,13.26,-0.01,,,
61.04,REGROUND,-8.31,-0.34,-9.58,15.77,-0.01,0,0,,,,-0.411,-0.063,1.8,13.26,-0.01,,,
61.09,REGROUND,-8.35,-0.34,-9.58,15.79,-0.01,0,0,,,,-0.401,-0.062,2.5,13.26,-0.01,,,
61.14,REGROUND,-8.35,-0.34,-9.58,15.8,-0.01,0,0,,,,-0.411,-0.063,1.6,13.26,-0.01,,,
61.19,REGROUND,-8.39,-0.34,-9.58,15.81,-0.01,0,0,,,,-0.401,-0.062,2.4,13.26,-0.01,,,
61.24,REGROUND,-8.39,-0.34,-9.58,15.82,-0.01,0,0,,,,-0.411,-0.063,1.7,13.26,-0.01,,,
61.29,REGROUND,-8.43,-0.35,-9.58,15.84,-0.01,0,0,,,,-0.4,-0.062,2.4,13.26,-0.01,,,
61.34,REGROUND,-8.43,-0.35,-9.58,15.85,-0.01,0,0,,,,-0.41,-0.064,1.8,13.26,-0.01,,,
61.39,REGROUND,-8.47,-0.35,-9.58,15.86,-0.01,0,0,,,,-0.4,-0.062,2.3,13.26,-0.01,,,
61.44,REGROUND,-8.47,-0.35,-9.58,15.87,-0.01,0,0,,,,-0.41,-0.064,2.0,13.26,-0.01,,,
61.49,REGROUND,-8.51,-0.35,-9.58,15.89,-0.01,0,0,,,,-0.4,-0.062,2.3,13.26,-0.01,,,
61.54,REGROUND,-8.51,-0.35,-9.58,15.9,-0.01,0,0,,,,-0.41,-0.064,1.9,13.26,-0.01,,,
61.59,REGROUND,-8.56,-0.35,-9.58,15.91,-0.01,0,0,,,,-0.4,-0.062,2.3,13.26,-0.01,,,
61.64,REGROUND,-8.56,-0.35,-9.58,15.92,-0.01,0,0,,,,-0.41,-0.064,1.9,13.26,-0.01,,,
61.69,REGROUND,-8.6,-0.35,-9.58,15.94,-0.01,0,0,,,,-0.4,-0.062,2.3,13.26,-0.01,,,
61.74,REGROUND,-8.6,-0.35,-9.58,15.95,-0.01,0,0,,,,-0.41,-0.064,1.8,13.26,-0.01,,,
61.79,REGROUND,-8.64,-0.35,-9.58,15.96,-0.01,0,0,,,,-0.4,-0.062,2.3,13.26,-0.01,,,
61.84,REGROUND,-8.64,-0.35,-9.58,15.97,-0.01,0,0,,,,-0.41,-0.064,1.9,13.26,-0.01,,,
61.89,REGROUND,-8.68,-0.35,-9.58,15.99,-0.01,0,0,,,,-0.4,-0.062,2.4,13.26,-0.01,,,
61.94,REGROUND,-8.68,-0.35,-9.58,16.0,-0.01,0,0,,,,-0.41,-0.064,1.8,13.26,-0.01,,,
61.99,REGROUND,-8.72,-0.35,-9.58,16.01,-0.01,0,0,,,,-0.4,-0.062,2.4,13.26,-0.01,,,
62.04,REGROUND,-8.72,-0.35,-9.58,16.02,-0.01,0,0,,,,-0.41,-0.064,1.8,13.26,-0.01,,,
62.09,REGROUND,-8.76,-0.35,-9.58,16.04,-0.01,0,0,,,,-0.4,-0.062,2.3,13.26,-0.01,,,
62.14,REGROUND,-8.76,-0.35,-9.58,16.05,-0.01,0,0,,,,-0.41,-0.064,1.7,13.26,-0.01,,,
62.19,REGROUND,-8.8,-0.36,-9.58,16.06,-0.01,0,0,,,,-0.4,-0.062,2.3,13.26,-0.01,,,
62.24,REGROUND,-8.8,-0.36,-9.58,16.07,-0.01,0,0,,,,-0.411,-0.063,1.7,13.26,-0.01,,,
62.29,REGROUND,-8.84,-0.36,-9.58,16.09,-0.01,0,0,,,,-0.4,-0.062,3.2,13.26,-0.01,,,
62.34,REGROUND,-8.84,-0.36,-9.58,16.1,-0.01,0,0,,,,-0.41,-0.063,2.0,13.26,-0.01,,,
62.39,REGROUND,-8.88,-0.36,-9.58,16.11,-0.01,0,0,,,,-0.4,-0.062,2.4,13.26,-0.01,,,
62.44,REGROUND,-8.88,-0.36,-9.58,16.12,-0.01,0,0,,,,-0.41,-0.063,1.6,13.26,-0.01,,,
62.49,REGROUND,-8.92,-0.36,-9.58,16.14,-0.01,0,0,,,,-0.4,-0.062,2.3,13.26,-0.01,,,
62.54,REGROUND,-8.92,-0.36,-9.58,16.15,-0.01,0,0,,,,-0.41,-0.063,1.8,13.26,-0.01,,,
62.59,REGROUND,-8.97,-0.36,-9.58,16.16,-0.01,0,0,,,,-0.4,-0.062,2.4,13.26,-0.01,,,
62.64,REGROUND,-8.97,-0.36,-9.58,16.17,-0.01,0,0,,,,-0.41,-0.063,1.6,13.26,-0.01,,,
62.69,REGROUND,-9.01,-0.36,-9.58,16.19,-0.01,0,0,,,,-0.4,-0.062,2.4,13.26,-0.01,,,
62.74,REGROUND,-9.01,-0.36,-9.58,16.2,-0.01,0,0,,,,-0.41,-0.063,1.8,13.26,-0.01,,,
62.79,REGROUND,-9.05,-0.36,-9.58,16.21,-0.01,0,0,,,,-0.4,-0.062,2.4,13.26,-0.01,,,
62.84,REGROUND,-9.05,-0.36,-9.58,16.22,-0.01,0,0,,,,-0.41,-0.063,1.8,13.26,-0.01,,,
62.89,REGROUND,-9.09,-0.36,-9.58,16.24,-0.01,0,0,,,,-0.4,-0.062,2.3,13.26,-0.01,,,
62.94,REGROUND,-9.09,-0.36,-9.58,16.25,-0.01,0,0,,,,-0.41,-0.063,1.8,13.26,-0.01,,,
62.99,REGROUND,-9.13,-0.37,-9.58,16.26,-0.01,0,0,,,,-0.4,-0.061,2.4,13.26,-0.01,,,
63.04,REGROUND,-9.13,-0.37,-9.58,16.27,-0.01,0,0,,,,-0.41,-0.063,1.9,13.26,-0.01,,,
63.09,REGROUND,-9.17,-0.37,-9.58,16.29,-0.01,0,0,,,,-0.4,-0.061,2.4,13.26,-0.01,,,
63.14,REGROUND,-9.17,-0.37,-9.58,16.3,-0.01,0,0,,,,-0.41,-0.063,1.8,13.26,-0.01,,,
63.19,REGROUND,-9.21,-0.37,-9.58,16.31,-0.01,0,0,,,,-0.4,-0.061,2.4,13.26,-0.01,,,
63.24,REGROUND,-9.21,-0.37,-9.58,16.32,-0.01,0,0,,,,-0.41,-0.063,1.8,13.26,-0.01,,,
63.29,REGROUND,-9.25,-0.37,-9.58,16.34,-0.01,0,0,,,,-0.4,-0.061,2.5,13.26,-0.01,,,
63.34,REGROUND,-9.25,-0.37,-9.58,16.35,-0.01,0,0,,,,-0.41,-0.063,4.8,13.26,-0.01,,,
63.39,REGROUND,-9.29,-0.37,-9.58,16.36,-0.01,0,0,,,,-0.4,-0.061,2.3,13.26,-0.01,,,
63.44,REGROUND,-9.29,-0.37,-9.58,16.37,-0.01,0,0,,,,-0.41,-0.062,1.7,13.26,-0.01,,,
63.49,REGROUND,-9.33,-0.37,-9.58,16.39,-0.01,0,0,,,,-0.4,-0.061,2.5,13.26,-0.01,,,
63.54,REGROUND,-9.33,-0.37,-9.58,16.4,-0.01,0,0,,,,-0.41,-0.062,1.8,13.26,-0.01,,,
63.59,REGROUND,-9.38,-0.37,-9.58,16.41,-0.01,0,0,,,,-0.4,-0.06,2.4,13.26,-0.01,,,
63.64,REGROUND,-9.38,-0.37,-9.58,16.42,-0.01,0,0,,,,-0.41,-0.062,1.8,13.26,-0.01,,,
63.69,REGROUND,-9.42,-0.38,-9.58,16.44,-0.01,0,0,,,,-0.4,-0.06,2.3,13.26,-0.01,,,
63.74,REGROUND,-9.42,-0.38,-9.58,16.45,-0.01,0,0,,,,-0.41,-0.062,1.8,13.26,-0.01,,,
63.79,REGROUND,-9.46,-0.38,-9.58,16.46,-0.01,0,0,,,,-0.4,-0.06,2.9,13.26,-0.01,,,
63.84,REGROUND,-9.46,-0.38,-9.58,16.47,-0.01,0,0,,,,-0.41,-0.062,2.0,13.26,-0.01,,,
63.89,REGROUND,-9.5,-0.38,-9.58,16.49,-0.01,0,0,,,,-0.401,-0.06,3.0,13.26,-0.01,,,
63.94,REGROUND,-9.5,-0.38,-9.58,16.5,-0.01,0,0,,,,-0.411,-0.062,2.4,13.26,-0.01,,,
63.99,REGROUND,-9.54,-0.38,-9.58,16.51,-0.01,0,0,,,,-0.401,-0.06,2.7,13.26,-0.01,,,
64.04,REGROUND,-9.54,-0.38,-9.58,16.52,-0.01,0,0,,,,-0.411,-0.062,1.8,13.26,-0.01,,,
64.09,REGROUND,-9.58,-0.38,-9.58,16.54,-0.01,0,0,,,,-0.401,-0.06,2.5,13.26,-0.01,,,
64.14,REGROUND,-9.58,-0.38,-9.58,16.55,-0.01,0,0,,,,-0.411,-0.062,1.8,13.26,-0.01,,,
64.19,REGROUND,-9.62,-0.38,-9.58,16.56,-0.01,0,0,,,,-0.401,-0.06,2.5,13.26,-0.01,,,
64.24,REGROUND,-9.62,-0.38,-9.58,16.57,-0.01,0,0,,,,-0.411,-0.062,1.8,13.26,-0.01,,,
64.29,REGROUND,-9.66,-0.38,-9.58,16.59,-0.01,0,0,,,,-0.401,-0.06,2.3,13.26,-0.01,,,
64.34,REGROUND,-9.66,-0.38,-9.58,16.6,-0.01,0,0,,,,-0.411,-0.062,1.8,13.26,-0.01,,,
64.39,REGROUND,-9.7,-0.38,-9.58,16.61,-0.01,0,0,,,,-0.401,-0.061,2.4,13.26,-0.01,,,
64.44,REGROUND,-9.7,-0.38,-9.58,16.62,-0.01,0,0,,,,-0.411,-0.062,1.8,13.26,-0.01,,,
64.49,REGROUND,-9.74,-0.38,-9.58,16.64,-0.01,0,0,,,,-0.401,-0.061,2.4,13.26,-0.01,,,
64.54,REGROUND,-9.74,-0.38,-9.58,16.65,-0.01,0,0,,,,-0.411,-0.062,1.9,13.26,-0.01,,,
64.59,REGROUND,-9.78,-0.38,-9.58,16.66,-0.01,0,0,,,,-0.401,-0.061,2.5,13.26,-0.01,,,
64.64,REGROUND,-9.78,-0.38,-9.58,16.67,-0.01,0,0,,,,-0.411,-0.063,1.9,13.26,-0.01,,,
64.69,REGROUND,-9.82,-0.38,-9.58,16.69,-0.01,0,0,,,,-0.401,-0.061,2.2,13.26,-0.01,,,
64.74,REGROUND,-9.82,-0.38,-9.58,16.7,-0.01,0,0,,,,-0.411,-0.063,1.8,13.26,-0.01,,,
64.79,REGROUND,-9.87,-0.39,-9.58,16.71,-0.01,0,0,,,,-0.402,-0.062,2.6,13.26,-0.01,,,
64.84,REGROUND,-9.87,-0.39,-9.58,16.72,-0.01,0,0,,,,-0.412,-0.063,1.8,13.26,-0.01,,,
64.89,REGROUND,-9.91,-0.39,-9.58,16.74,-0.01,0,0,,,,-0.402,-0.062,2.3,13.26,-0.01,,,
64.94,REGROUND,-9.91,-0.39,-9.58,16.75,-0.01,0,0,,,,-0.412,-0.064,1.6,13.26,-0.01,,,
64.99,REGROUND,-9.95,-0.39,-9.58,16.76,-0.01,0,0,,,,-0.402,-0.062,2.5,13.26,-0.01,,,
65.04,REGROUND,-9.95,-0.39,-9.58,16.77,-0.01,0,0,,,,-0.412,-0.064,1.8,13.26,-0.01,,,
65.09,REGROUND,-9.99,-0.39,-9.58,16.79,-0.01,0,0,,,,-0.402,-0.063,2.4,13.26,-0.01,,,
65.14,REGROUND,-9.99,-0.39,-9.58,16.8,-0.01,0,0,,,,-0.412,-0.064,1.8,13.26,-0.01,,,
65.19,REGROUND,-10.03,-0.39,-9.58,16.81,-0.01,0,0,,,,-0.402,-0.063,2.4,13.26,-0.01,,,
65.24,REGROUND,-10.03,-0.39,-9.58,16.83,-0.01,0,0,,,,-0.412,-0.064,1.8,13.26,-0.01,,,
65.29,REGROUND,-10.07,-0.39,-9.58,16.84,-0.01,0,0,,,,-0.402,-0.063,2.3,13.26,-0.01,,,
65.34,REGROUND,-10.11,-0.39,-9.58,16.85,-0.01,0,0,,,,-0.392,-0.061,2.5,13.26,-0.01,,,
65.39,REGROUND,-10.11,-0.39,-9.58,16.86,-0.01,0,0,,,,-0.402,-0.063,1.8,13.26,-0.01,,,
65.44,REGROUND,-10.11,-0.39,-9.58,16.88,-0.01,0,0,,,,-0.412,-0.064,1.6,13.26,-0.01,,,
65.49,REGROUND,-10.15,-0.39,-9.58,16.89,-0.01,0,0,,,,-0.401,-0.063,2.4,13.26,-0.01,,,
65.54,REGROUND,-10.15,-0.39,-9.58,16.9,-0.01,0,0,,,,-0.412,-0.064,1.8,13.26,-0.01,,,
65.59,REGROUND,-10.19,-0.39,-9.58,16.91,-0.01,0,0,,,,-0.401,-0.063,2.5,13.26,-0.01,,,
65.64,REGROUND,-10.19,-0.39,-9.58,16.93,-0.01,0,0,,,,-0.412,-0.064,1.8,13.26,-0.01,,,
65.69,REGROUND,-10.24,-0.39,-9.58,16.94,-0.01,0,0,,,,-0.401,-0.063,5.8,13.26,-0.01,,,
65.74,REGROUND,-10.24,-0.39,-9.58,16.95,-0.01,0,0,,,,-0.411,-0.065,1.6,13.26,-0.01,,,
65.79,REGROUND,-10.28,-0.39,-9.58,16.96,-0.01,0,0,,,,-0.401,-0.063,2.5,13.26,-0.01,,,
65.84,REGROUND,-10.28,-0.39,-9.58,16.98,-0.01,0,0,,,,-0.411,-0.064,1.8,13.26,-0.01,,,
65.89,REGROUND,-10.32,-0.39,-9.58,16.99,-0.01,0,0,,,,-0.401,-0.063,2.4,13.26,-0.01,,,
65.94,REGROUND,-10.36,-0.4,-9.58,17.0,-0.01,0,0,,,,-0.391,-0.061,2.3,13.26,-0.01,,,
65.99,REGROUND,-10.36,-0.4,-9.58,17.01,-0.01,0,0,,,,-0.401,-0.063,1.8,13.26,-0.01,,,
66.04,REGROUND,-10.4,-0.4,-9.58,17.03,-0.01,0,0,,,,-0.391,-0.061,2.3,13.26,-0.01,,,
66.09,REGROUND,-10.4,-0.4,-9.58,17.04,-0.01,0,0,,,,-0.401,-0.063,1.8,13.26,-0.01,,,
66.14,REGROUND,-10.44,-0.4,-9.58,17.05,-0.01,0,0,,,,-0.391,-0.061,2.3,13.26,-0.01,,,
66.19,REGROUND,-10.44,-0.4,-9.58,17.06,-0.01,0,0,,,,-0.401,-0.062,1.9,13.26,-0.01,,,
66.24,REGROUND,-10.48,-0.4,-9.58,17.08,-0.01,0,0,,,,-0.39,-0.061,2.4,13.26,-0.01,,,
66.29,REGROUND,-10.48,-0.4,-9.58,17.09,-0.01,0,0,,,,-0.401,-0.062,2.0,13.26,-0.01,,,
66.34,REGROUND,-10.52,-0.4,-9.58,17.1,-0.01,0,0,,,,-0.39,-0.061,2.5,13.26,-0.01,,,
66.39,REGROUND,-10.52,-0.4,-9.58,17.11,-0.01,0,0,,,,-0.401,-0.062,1.8,13.26,-0.01,,,
66.44,REGROUND,-10.52,-0.4,-9.58,17.13,-0.01,0,0,,,,-0.411,-0.064,1.6,13.26,-0.01,,,
66.49,REGROUND,-10.56,-0.4,-9.58,17.14,-0.01,0,0,,,,-0.401,-0.062,2.4,13.26,-0.01,,,
66.55,REGROUND,-10.56,-0.4,-9.58,17.15,-0.01,0,0,,,,-0.411,-0.064,1.8,13.26,-0.01,,,
66.6,REGROUND,-10.61,-0.4,-9.58,17.16,-0.01,0,0,,,,-0.401,-0.062,2.4,13.26,-0.01,,,
66.65,REGROUND,-10.61,-0.4,-9.58,17.18,-0.01,0,0,,,,-0.411,-0.064,1.8,13.26,-0.01,,,
66.7,REGROUND,-10.65,-0.41,-9.58,17.19,-0.01,0,0,,,,-0.401,-0.062,2.4,13.26,-0.01,,,
66.75,REGROUND,-10.65,-0.41,-9.58,17.2,-0.01,0,0,,,,-0.411,-0.064,2.0,13.26,-0.01,,,
66.8,REGROUND,-10.69,-0.41,-9.58,17.21,-0.01,0,0,,,,-0.402,-0.062,2.3,13.26,-0.01,,,
66.85,REGROUND,-10.69,-0.41,-9.58,17.23,-0.01,0,0,,,,-0.412,-0.064,1.8,13.26,-0.01,,,
66.9,REGROUND,-10.73,-0.41,-9.58,17.24,-0.01,0,0,,,,-0.402,-0.062,2.5,13.26,-0.01,,,
66.95,REGROUND,-10.77,-0.41,-9.58,17.25,-0.01,0,0,,,,-0.392,-0.06,2.4,13.26,-0.01,,,
67.0,REGROUND,-10.77,-0.41,-9.58,17.26,-0.01,0,0,,,,-0.402,-0.062,1.9,13.26,-0.01,,,
67.05,REGROUND,-10.81,-0.41,-9.58,17.28,-0.01,0,0,,,,-0.392,-0.06,2.4,13.26,-0.01,,,
67.1,REGROUND,-10.81,-0.41,-9.58,17.29,-0.01,0,0,,,,-0.402,-0.062,1.8,13.26,-0.01,,,
67.15,REGROUND,-10.85,-0.41,-9.58,17.3,-0.01,0,0,,,,-0.392,-0.06,2.2,13.26,-0.01,,,
67.2,REGROUND,-10.85,-0.41,-9.58,17.31,-0.01,0,0,,,,-0.402,-0.061,1.8,13.26,-0.01,,,
67.25,REGROUND,-10.89,-0.41,-9.58,17.33,-0.01,0,0,,,,-0.392,-0.06,2.2,13.26,-0.01,,,
67.3,REGROUND,-10.89,-0.41,-9.58,17.34,-0.01,0,0,,,,-0.403,-0.061,1.9,13.26,-0.01,,,
67.35,REGROUND,-10.93,-0.42,-9.58,17.35,-0.01,0,0,,,,-0.393,-0.06,2.4,13.26,-0.01,,,
67.4,REGROUND,-10.93,-0.42,-9.58,17.36,-0.01,0,0,,,,-0.403,-0.061,1.8,13.26,-0.01,,,
67.45,REGROUND,-10.97,-0.42,-9.58,17.38,-0.01,0,0,,,,-0.393,-0.06,2.3,13.26,-0.01,,,
67.5,REGROUND,-10.97,-0.42,-9.58,17.39,-0.01,0,0,,,,-0.403,-0.061,1.8,13.26,-0.01,,,
67.55,REGROUND,-11.01,-0.42,-9.58,17.4,-0.01,0,0,,,,-0.394,-0.059,2.3,13.26,-0.01,,,
67.6,REGROUND,-11.01,-0.42,-9.58,17.41,-0.01,0,0,,,,-0.404,-0.061,1.8,13.26,-0.01,,,
67.65,REGROUND,-11.01,-0.42,-9.58,17.43,-0.01,0,0,,,,-0.414,-0.063,1.9,13.26,-0.01,,,
67.7,REGROUND,-11.05,-0.42,-9.58,17.44,-0.01,0,0,,,,-0.404,-0.061,2.4,13.26,-0.01,,,
67.75,REGROUND,-11.09,-0.42,-9.58,17.45,-0.01,0,0,,,,-0.395,-0.059,2.5,13.26,-0.01,,,
67.8,REGROUND,-11.09,-0.42,-9.58,17.46,-0.01,0,0,,,,-0.405,-0.061,1.8,13.26,-0.01,,,
67.85,REGROUND,-11.13,-0.42,-9.58,17.48,-0.01,0,0,,,,-0.395,-0.059,2.3,13.26,-0.01,,,
67.9,REGROUND,-11.13,-0.42,-9.58,17.49,-0.01,0,0,,,,-0.405,-0.061,1.8,13.26,-0.01,,,
67.95,REGROUND,-11.17,-0.42,-9.58,17.5,-0.01,0,0,,,,-0.395,-0.059,2.5,13.26,-0.01,,,
68.0,REGROUND,-11.17,-0.42,-9.58,17.51,-0.01,0,0,,,,-0.405,-0.061,1.8,13.26,-0.01,,,
68.05,REGROUND,-11.21,-0.42,-9.58,17.53,-0.01,0,0,,,,-0.396,-0.059,2.4,13.26,-0.01,,,
68.1,REGROUND,-11.21,-0.42,-9.58,17.54,-0.01,0,0,,,,-0.406,-0.061,5.2,13.26,-0.01,,,
68.15,REGROUND,-11.25,-0.43,-9.58,17.55,-0.01,0,0,,,,-0.396,-0.06,2.3,13.26,-0.01,,,
68.2,REGROUND,-11.25,-0.43,-9.58,17.56,-0.01,0,0,,,,-0.406,-0.061,1.8,13.26,-0.01,,,
68.25,REGROUND,-11.25,-0.43,-9.58,17.58,-0.01,0,0,,,,-0.416,-0.063,1.8,13.26,-0.01,,,
68.3,REGROUND,-11.29,-0.43,-9.58,17.59,-0.01,0,0,,,,-0.406,-0.061,2.2,13.26,-0.01,,,
68.35,REGROUND,-11.33,-0.43,-9.58,17.6,-0.01,0,0,,,,-0.397,-0.06,2.3,13.26,-0.01,,,
68.4,REGROUND,-11.33,-0.43,-9.58,17.61,-0.01,0,0,,,,-0.407,-0.061,1.9,13.26,-0.01,,,
68.45,REGROUND,-11.37,-0.43,-9.58,17.63,-0.01,0,0,,,,-0.396,-0.06,2.4,13.26,-0.01,,,
68.5,REGROUND,-11.37,-0.43,-9.58,17.64,-0.01,0,0,,,,-0.407,-0.062,1.9,13.26,-0.01,,,
68.55,REGROUND,-11.41,-0.43,-9.58,17.65,-0.01,0,0,,,,-0.397,-0.06,2.4,13.26,-0.01,,,
68.6,REGROUND,-11.41,-0.43,-9.58,17.66,-0.01,0,0,,,,-0.407,-0.062,1.8,13.26,-0.01,,,
68.65,REGROUND,-11.46,-0.43,-9.58,17.68,-0.01,0,0,,,,-0.397,-0.061,2.4,13.26,-0.01,,,
68.7,REGROUND,-11.46,-0.43,-9.58,17.69,-0.01,0,0,,,,-0.407,-0.062,2.0,13.26,-0.01,,,
68.75,REGROUND,-11.5,-0.43,-9.58,17.7,-0.01,0,0,,,,-0.397,-0.061,2.2,13.26,-0.01,,,
68.8,REGROUND,-11.5,-0.43,-9.58,17.71,-0.01,0,0,,,,-0.407,-0.063,1.8,13.26,-0.01,,,
68.85,REGROUND,-11.54,-0.43,-9.58,17.73,-0.01,0,0,,,,-0.397,-0.061,2.4,13.26,-0.01,,,
68.9,REGROUND,-11.54,-0.43,-9.58,17.74,-0.01,0,0,,,,-0.407,-0.063,1.8,13.26,-0.01,,,
68.95,REGROUND,-11.58,-0.43,-9.58,17.75,-0.01,0,0,,,,-0.397,-0.062,2.5,13.26,-0.01,,,
69.0,REGROUND,-11.58,-0.43,-9.58,17.76,-0.01,0,0,,,,-0.407,-0.063,1.7,13.26,-0.01,,,
69.05,REGROUND,-11.62,-0.43,-9.58,17.78,-0.01,0,0,,,,-0.397,-0.062,2.4,13.26,-0.01,,,
69.1,REGROUND,-11.62,-0.43,-9.58,17.79,-0.01,0,0,,,,-0.407,-0.064,1.8,13.26,-0.01,,,
69.15,REGROUND,-11.66,-0.43,-9.58,17.8,-0.01,0,0,,,,-0.397,-0.062,2.4,13.26,-0.01,,,
69.2,REGROUND,-11.66,-0.43,-9.58,17.81,-0.01,0,0,,,,-0.408,-0.064,1.9,13.26,-0.01,,,
69.25,REGROUND,-11.7,-0.43,-9.58,17.83,-0.01,0,0,,,,-0.397,-0.063,2.5,13.26,-0.01,,,
69.3,REGROUND,-11.7,-0.43,-9.58,17.84,-0.01,0,0,,,,-0.408,-0.064,1.8,13.26,-0.01,,,
69.35,REGROUND,-11.74,-0.43,-9.58,17.85,-0.01,0,0,,,,-0.398,-0.063,2.6,13.26,-0.01,,,
69.4,REGROUND,-11.74,-0.43,-9.58,17.86,-0.01,0,0,,,,-0.408,-0.064,1.8,13.26,-0.01,,,
69.45,REGROUND,-11.78,-0.43,-9.58,17.88,-0.01,0,0,,,,-0.398,-0.063,2.5,13.26,-0.01,,,
69.5,REGROUND,-11.78,-0.43,-9.58,17.89,-0.01,0,0,,,,-0.408,-0.064,1.5,13.26,-0.01,,,
69.55,REGROUND,-11.82,-0.44,-9.58,17.9,-0.01,0,0,,,,-0.398,-0.063,2.5,13.26,-0.01,,,
69.6,REGROUND,-11.82,-0.44,-9.58,17.91,-0.01,0,0,,,,-0.408,-0.064,1.8,13.26,-0.01,,,
69.65,REGROUND,-11.86,-0.44,-9.58,17.93,-0.01,0,0,,,,-0.398,-0.063,2.5,13.26,-0.01,,,
69.7,REGROUND,-11.86,-0.44,-9.58,17.94,-0.01,0,0,,,,-0.408,-0.064,1.8,13.26,-0.01,,,
69.75,REGROUND,-11.9,-0.44,-9.58,17.95,-0.01,0,0,,,,-0.398,-0.063,2.3,13.26,-0.01,,,
69.8,REGROUND,-11.9,-0.44,-9.58,17.96,-0.01,0,0,,,,-0.408,-0.064,1.8,13.26,-0.01,,,
69.85,REGROUND,-11.94,-0.44,-9.58,17.98,-0.01,0,0,,,,-0.398,-0.063,2.3,13.26,-0.01,,,
69.9,REGROUND,-11.94,-0.44,-9.58,17.99,-0.01,0,0,,,,-0.408,-0.064,1.8,13.26,-0.01,,,
69.95,REGROUND,-11.99,-0.44,-9.58,18.0,-0.01,0,0,,,,-0.398,-0.063,2.6,13.26,-0.01,,,
70.0,REGROUND,-11.99,-0.44,-9.58,18.01,-0.01,0,0,,,,-0.408,-0.064,1.9,13.26,-0.01,,,
70.05,REGROUND,-12.03,-0.44,-9.58,18.03,-0.01,0,0,,,,-0.398,-0.063,2.6,13.26,-0.01,,,
70.1,REGROUND,-12.03,-0.44,-9.58,18.04,-0.01,0,0,,,,-0.408,-0.064,1.8,13.26,-0.01,,,
70.15,REGROUND,-12.07,-0.44,-9.58,18.05,-0.01,0,0,,,,-0.398,-0.062,2.3,13.26,-0.01,,,
70.2,REGROUND,-12.07,-0.44,-9.58,18.06,-0.01,0,0,,,,-0.408,-0.064,1.8,13.26,-0.01,,,
70.25,REGROUND,-12.11,-0.44,-9.58,18.08,-0.01,0,0,,,,-0.398,-0.062,2.5,13.26,-0.01,,,
70.3,REGROUND,-12.11,-0.44,-9.58,18.09,-0.01,0,0,,,,-0.408,-0.064,1.8,13.26,-0.01,,,
70.35,REGROUND,-12.15,-0.45,-9.58,18.1,-0.01,0,0,,,,-0.398,-0.062,2.6,13.26,-0.01,,,
70.4,REGROUND,-12.15,-0.45,-9.58,18.11,-0.01,0,0,,,,-0.409,-0.064,1.8,13.26,-0.01,,,
70.45,REGROUND,-12.19,-0.45,-9.58,18.13,-0.01,0,0,,,,-0.398,-0.062,6.0,13.26,-0.01,,,
70.5,REGROUND,-12.19,-0.45,-9.58,18.14,-0.01,0,0,,,,-0.409,-0.064,1.9,13.26,-0.01,,,
70.55,REGROUND,-12.23,-0.45,-9.58,18.15,-0.01,0,0,,,,-0.399,-0.062,2.5,13.26,-0.01,,,
70.6,REGROUND,-12.23,-0.45,-9.58,18.16,-0.01,0,0,,,,-0.409,-0.063,1.8,13.26,-0.01,,,
70.65,REGROUND,-12.27,-0.45,-9.58,18.18,-0.01,0,0,,,,-0.399,-0.062,2.4,13.26,-0.01,,,
70.7,REGROUND,-12.27,-0.45,-9.58,18.19,-0.01,0,0,,,,-0.409,-0.063,1.8,13.26,-0.01,,,
70.75,REGROUND,-12.31,-0.45,-9.58,18.2,-0.01,0,0,,,,-0.399,-0.062,2.5,13.26,-0.01,,,
70.8,REGROUND,-12.31,-0.45,-9.58,18.21,-0.01,0,0,,,,-0.409,-0.063,1.8,13.26,-0.01,,,
70.85,REGROUND,-12.35,-0.45,-9.58,18.23,-0.01,0,0,,,,-0.399,-0.062,2.5,13.26,-0.01,,,
70.9,REGROUND,-12.35,-0.45,-9.58,18.24,-0.01,0,0,,,,-0.409,-0.063,1.9,13.26,-0.01,,,
70.95,REGROUND,-12.39,-0.45,-9.58,18.25,-0.01,0,0,,,,-0.4,-0.061,2.5,13.26,-0.01,,,
71.0,REGROUND,-12.39,-0.45,-9.58,18.26,-0.01,0,0,,,,-0.41,-0.063,1.7,13.26,-0.01,,,
71.05,REGROUND,-12.43,-0.46,-9.58,18.28,-0.01,0,0,,,,-0.4,-0.061,2.9,13.26,-0.01,,,
71.1,REGROUND,-12.43,-0.46,-9.58,18.29,-0.01,0,0,,,,-0.41,-0.063,2.3,13.26,-0.01,,,
71.15,REGROUND,-12.47,-0.46,-9.58,18.3,-0.01,0,0,,,,-0.4,-0.061,2.8,13.26,-0.01,,,
71.2,REGROUND,-12.47,-0.46,-9.58,18.31,-0.01,0,0,,,,-0.41,-0.062,1.7,13.26,-0.01,,,
71.25,REGROUND,-12.52,-0.46,-9.58,18.33,-0.01,0,0,,,,-0.4,-0.061,2.4,13.26,-0.01,,,
71.3,REGROUND,-12.52,-0.46,-9.58,18.34,-0.01,0,0,,,,-0.41,-0.062,1.7,13.26,-0.01,,,
71.35,REGROUND,-12.56,-0.46,-9.58,18.35,-0.01,0,0,,,,-0.401,-0.06,2.4,13.26,-0.01,,,
71.4,REGROUND,-12.56,-0.46,-9.58,18.36,-0.01,0,0,,,,-0.411,-0.062,1.8,13.26,-0.01,,,
71.45,REGROUND,-12.6,-0.46,-9.58,18.38,-0.01,0,0,,,,-0.401,-0.06,2.3,13.26,-0.01,,,
71.5,REGROUND,-12.6,-0.46,-9.58,18.39,-0.01,0,0,,,,-0.411,-0.062,1.9,13.26,-0.01,,,
71.55,REGROUND,-12.64,-0.46,-9.58,18.4,-0.01,0,0,,,,-0.401,-0.06,2.5,13.26,-0.01,,,
71.6,REGROUND,-12.64,-0.46,-9.58,18.41,-0.01,0,0,,,,-0.411,-0.062,1.9,13.26,-0.01,,,
71.65,REGROUND,-12.68,-0.46,-9.58,18.43,-0.01,0,0,,,,-0.401,-0.06,2.4,13.26,-0.01,,,
71.7,REGROUND,-12.68,-0.46,-9.58,18.44,-0.01,0,0,,,,-0.411,-0.062,1.8,13.26,-0.01,,,
71.75,REGROUND,-12.72,-0.47,-9.58,18.45,-0.01,0,0,,,,-0.401,-0.06,2.3,13.26,-0.01,,,
71.8,REGROUND,-12.72,-0.47,-9.58,18.46,-0.01,0,0,,,,-0.411,-0.062,1.8,13.26,-0.01,,,
71.85,REGROUND,-12.76,-0.47,-9.58,18.48,-0.01,0,0,,,,-0.401,-0.06,2.5,13.26,-0.01,,,
71.9,REGROUND,-12.76,-0.47,-9.58,18.49,-0.01,0,0,,,,-0.411,-0.062,1.7,13.26,-0.01,,,
71.95,REGROUND,-12.8,-0.47,-9.58,18.5,-0.01,0,0,,,,-0.401,-0.06,2.4,13.26,-0.01,,,
72.0,REGROUND,-12.8,-0.47,-9.58,18.51,-0.01,0,0,,,,-0.411,-0.062,1.9,13.26,-0.01,,,
72.05,REGROUND,-12.84,-0.47,-9.58,18.53,-0.01,0,0,,,,-0.401,-0.06,2.4,13.26,-0.01,,,
72.1,REGROUND,-12.84,-0.47,-9.58,18.54,-0.01,0,0,,,,-0.411,-0.062,1.9,13.26,-0.01,,,
72.15,REGROUND,-12.88,-0.47,-9.58,18.55,-0.01,0,0,,,,-0.401,-0.06,2.4,13.26,-0.01,,,
72.2,REGROUND,-12.88,-0.47,-9.58,18.56,-0.01,0,0,,,,-0.411,-0.062,1.8,13.26,-0.01,,,
72.25,REGROUND,-12.92,-0.47,-9.58,18.58,-0.01,0,0,,,,-0.401,-0.06,2.6,13.26,-0.01,,,
72.3,REGROUND,-12.92,-0.47,-9.58,18.59,-0.01,0,0,,,,-0.411,-0.062,1.8,13.26,-0.01,,,
72.35,REGROUND,-12.97,-0.47,-9.58,18.6,-0.01,0,0,,,,-0.401,-0.06,2.5,13.26,-0.01,,,
72.4,REGROUND,-12.97,-0.47,-9.58,18.61,-0.01,0,0,,,,-0.411,-0.062,1.8,13.26,-0.01,,,
72.45,REGROUND,-13.01,-0.47,-9.58,18.63,-0.01,0,0,,,,-0.401,-0.061,2.5,13.26,-0.01,,,
72.5,REGROUND,-13.01,-0.47,-9.58,18.64,-0.01,0,0,,,,-0.411,-0.062,1.6,13.26,-0.01,,,
72.55,REGROUND,-13.05,-0.47,-9.58,18.65,-0.01,0,0,,,,-0.4,-0.061,2.5,13.26,-0.01,,,
72.6,REGROUND,-13.05,-0.47,-9.58,18.66,-0.01,0,0,,,,-0.411,-0.062,1.6,13.26,-0.01,,,
72.65,REGROUND,-13.09,-0.47,-9.58,18.68,-0.01,0,0,,,,-0.4,-0.061,2.4,13.26,-0.01,,,
72.7,REGROUND,-13.09,-0.47,-9.58,18.69,-0.01,0,0,,,,-0.41,-0.063,1.6,13.26,-0.01,,,
72.75,REGROUND,-13.13,-0.47,-9.58,18.7,-0.01,0,0,,,,-0.4,-0.061,2.5,13.26,-0.01,,,
72.8,REGROUND,-13.13,-0.47,-9.58,18.72,-0.01,0,0,,,,-0.41,-0.063,5.2,13.26,-0.01,,,
72.85,REGROUND,-13.17,-0.47,-9.58,18.73,-0.01,0,0,,,,-0.4,-0.062,2.4,13.26,-0.01,,,
72.9,REGROUND,-13.17,-0.47,-9.58,18.74,-0.01,0,0,,,,-0.41,-0.063,1.8,13.26,-0.01,,,
72.95,REGROUND,-13.21,-0.48,-9.58,18.75,-0.01,0,0,,,,-0.4,-0.062,2.2,13.26,-0.01,,,
73.0,REGROUND,-13.21,-0.48,-9.58,18.77,-0.01,0,0,,,,-0.41,-0.063,1.9,13.26,-0.01,,,
73.05,REGROUND,-13.25,-0.48,-9.58,18.78,-0.01,0,0,,,,-0.4,-0.062,2.5,13.26,-0.01,,,
73.1,REGROUND,-13.25,-0.48,-9.58,18.79,-0.01,0,0,,,,-0.41,-0.064,1.8,13.26,-0.01,,,
73.15,REGROUND,-13.29,-0.48,-9.58,18.8,-0.01,0,0,,,,-0.4,-0.062,2.6,13.26,-0.01,,,
73.2,REGROUND,-13.29,-0.48,-9.58,18.82,-0.01,0,0,,,,-0.41,-0.064,1.8,13.26,-0.01,,,
73.25,REGROUND,-13.34,-0.48,-9.58,18.83,-0.01,0,0,,,,-0.4,-0.063,2.5,13.26,-0.01,,,
73.3,REGROUND,-13.34,-0.48,-9.58,18.84,-0.01,0,0,,,,-0.41,-0.064,1.8,13.26,-0.01,,,
73.35,REGROUND,-13.38,-0.48,-9.58,18.85,-0.01,0,0,,,,-0.4,-0.063,2.5,13.26,-0.01,,,
73.4,REGROUND,-13.38,-0.48,-9.58,18.87,-0.01,0,0,,,,-0.41,-0.064,1.7,13.26,-0.01,,,
73.45,REGROUND,-13.42,-0.48,-9.58,18.88,-0.01,0,0,,,,-0.4,-0.063,2.5,13.26,-0.01,,,
73.5,REGROUND,-13.42,-0.48,-9.58,18.89,-0.01,0,0,,,,-0.41,-0.065,1.8,13.26,-0.01,,,
73.55,REGROUND,-13.46,-0.48,-9.58,18.9,-0.01,0,0,,,,-0.4,-0.063,2.4,13.26,-0.01,,,
73.6,REGROUND,-13.46,-0.48,-9.58,18.92,-0.01,0,0,,,,-0.41,-0.065,1.8,13.26,-0.01,,,
73.65,REGROUND,-13.5,-0.48,-9.58,18.93,-0.01,0,0,,,,-0.4,-0.064,2.5,13.26,-0.01,,,
73.7,REGROUND,-13.5,-0.48,-9.58,18.94,-0.01,0,0,,,,-0.41,-0.065,1.8,13.26,-0.01,,,
73.75,REGROUND,-13.54,-0.48,-9.58,18.95,-0.01,0,0,,,,-0.401,-0.064,2.3,13.26,-0.01,,,
73.8,REGROUND,-13.54,-0.48,-9.58,18.97,-0.01,0,0,,,,-0.411,-0.065,1.8,13.26,-0.01,,,
73.85,REGROUND,-13.58,-0.48,-9.58,18.98,-0.01,0,0,,,,-0.401,-0.064,2.5,13.26,-0.01,,,
73.9,REGROUND,-13.58,-0.48,-9.58,18.99,-0.01,0,0,,,,-0.411,-0.065,1.8,13.26,-0.01,,,
73.95,REGROUND,-13.62,-0.48,-9.58,19.0,-0.01,0,0,,,,-0.401,-0.064,2.5,13.26,-0.01,,,
74.01,REGROUND,-13.62,-0.48,-9.58,19.02,-0.01,0,0,,,,-0.411,-0.065,1.7,13.26,-0.01,,,
74.06,REGROUND,-13.66,-0.48,-9.58,19.03,-0.01,0,0,,,,-0.401,-0.064,2.5,13.26,-0.01,,,
74.11,REGROUND,-13.66,-0.48,-9.58,19.04,-0.01,0,0,,,,-0.411,-0.065,1.6,13.26,-0.01,,,
74.16,REGROUND,-13.7,-0.49,-9.58,19.05,-0.01,0,0,,,,-0.401,-0.063,2.5,13.26,-0.01,,,
74.21,REGROUND,-13.7,-0.49,-9.58,19.07,-0.01,0,0,,,,-0.411,-0.065,1.6,13.26,-0.01,,,
74.26,REGROUND,-13.74,-0.49,-9.58,19.08,-0.01,0,0,,,,-0.401,-0.064,2.4,13.26,-0.01,,,
74.31,REGROUND,-13.74,-0.49,-9.58,19.09,-0.01,0,0,,,,-0.411,-0.065,1.5,13.26,-0.01,,,
74.36,REGROUND,-13.78,-0.49,-9.58,19.1,-0.01,0,0,,,,-0.401,-0.063,2.3,13.26,-0.01,,,
74.41,REGROUND,-13.78,-0.49,-9.58,19.12,-0.01,0,0,,,,-0.411,-0.065,1.7,13.26,-0.01,,,
74.46,REGROUND,-13.83,-0.49,-9.58,19.13,-0.01,0,0,,,,-0.401,-0.063,2.8,13.26,-0.01,,,
74.51,REGROUND,-13.83,-0.49,-9.58,19.14,-0.01,0,0,,,,-0.411,-0.065,1.7,13.26,-0.01,,,
74.56,REGROUND,-13.87,-0.49,-9.58,19.15,-0.01,0,0,,,,-0.401,-0.063,2.5,13.26,-0.01,,,
74.61,REGROUND,-13.87,-0.49,-9.58,19.17,-0.01,0,0,,,,-0.412,-0.064,1.8,13.26,-0.01,,,
74.66,REGROUND,-13.91,-0.49,-9.58,19.18,-0.01,0,0,,,,-0.401,-0.063,2.5,13.26,-0.01,,,
74.71,REGROUND,-13.91,-0.49,-9.58,19.19,-0.01,0,0,,,,-0.412,-0.064,1.8,13.26,-0.01,,,
74.76,REGROUND,-13.95,-0.49,-9.58,19.2,-0.01,0,0,,,,-0.401,-0.062,2.5,13.26,-0.01,,,
74.81,REGROUND,-13.95,-0.49,-9.58,19.22,-0.01,0,0,,,,-0.411,-0.064,1.7,13.26,-0.01,,,
74.86,REGROUND,-13.99,-0.5,-9.58,19.23,-0.01,0,0,,,,-0.401,-0.062,2.5,13.26,-0.01,,,
74.91,REGROUND,-13.99,-0.5,-9.58,19.24,-0.01,0,0,,,,-0.411,-0.064,1.8,13.26,-0.01,,,
74.96,REGROUND,-14.03,-0.5,-9.58,19.25,-0.01,0,0,,,,-0.401,-0.062,2.4,13.26,-0.01,,,
75.01,REGROUND,-14.03,-0.5,-9.58,19.27,-0.01,0,0,,,,-0.411,-0.064,1.8,13.26,-0.01,,,
75.06,REGROUND,-14.07,-0.5,-9.58,19.28,-0.01,0,0,,,,-0.401,-0.062,2.4,13.26,-0.01,,,
75.11,REGROUND,-14.07,-0.5,-9.58,19.29,-0.01,0,0,,,,-0.411,-0.063,1.6,13.26,-0.01,,,
75.16,REGROUND,-14.11,-0.5,-9.58,19.3,-0.01,0,0,,,,-0.401,-0.061,5.9,13.26,-0.01,,,
75.21,REGROUND,-14.11,-0.5,-9.58,19.32,-0.01,0,0,,,,-0.411,-0.063,2.0,13.26,-0.01,,,
75.26,REGROUND,-14.15,-0.5,-9.58,19.33,-0.01,0,0,,,,-0.401,-0.061,2.5,13.26,-0.01,,,
75.31,REGROUND,-14.15,-0.5,-9.58,19.34,-0.01,0,0,,,,-0.411,-0.063,1.8,13.26,-0.01,,,
75.36,REGROUND,-14.2,-0.5,-9.58,19.35,-0.01,0,0,,,,-0.401,-0.061,2.5,13.26,-0.01,,,
75.41,REGROUND,-14.2,-0.5,-9.58,19.37,-0.01,0,0,,,,-0.411,-0.062,1.8,13.26,-0.01,,,
75.46,REGROUND,-14.24,-0.51,-9.58,19.38,-0.01,0,0,,,,-0.401,-0.061,2.5,13.26,-0.01,,,
75.51,REGROUND,-14.24,-0.51,-9.58,19.39,-0.01,0,0,,,,-0.411,-0.062,1.7,13.26,-0.01,,,
75.56,REGROUND,-14.28,-0.51,-9.58,19.4,-0.01,0,0,,,,-0.401,-0.06,2.4,13.26,-0.01,,,
75.61,REGROUND,-14.28,-0.51,-9.58,19.42,-0.01,0,0,,,,-0.411,-0.062,1.8,13.26,-0.01,,,
75.66,REGROUND,-14.32,-0.51,-9.58,19.43,-0.01,0,0,,,,-0.401,-0.06,2.4,13.26,-0.01,,,
75.71,REGROUND,-14.32,-0.51,-9.58,19.44,-0.01,0,0,,,,-0.411,-0.062,1.8,13.26,-0.01,,,
75.76,REGROUND,-14.36,-0.51,-9.58,19.45,-0.01,0,0,,,,-0.401,-0.06,2.3,13.26,-0.01,,,
75.81,REGROUND,-14.36,-0.51,-9.58,19.47,-0.01,0,0,,,,-0.411,-0.062,1.8,13.26,-0.01,,,
75.86,REGROUND,-14.4,-0.51,-9.58,19.48,-0.01,0,0,,,,-0.401,-0.06,2.5,13.26,-0.01,,,
75.91,REGROUND,-14.4,-0.51,-9.58,19.49,-0.01,0,0,,,,-0.411,-0.062,1.9,13.26,-0.01,,,
75.96,REGROUND,-14.44,-0.51,-9.58,19.5,-0.01,0,0,,,,-0.401,-0.06,2.5,13.26,-0.01,,,
76.01,REGROUND,-14.44,-0.51,-9.58,19.52,-0.01,0,0,,,,-0.411,-0.061,1.9,13.26,-0.01,,,
76.06,REGROUND,-14.48,-0.51,-9.58,19.53,-0.01,0,0,,,,-0.401,-0.06,2.6,13.26,-0.01,,,
76.11,REGROUND,-14.48,-0.51,-9.58,19.54,-0.01,0,0,,,,-0.411,-0.061,1.8,13.26,-0.01,,,
76.16,REGROUND,-14.53,-0.51,-9.58,19.55,-0.01,0,0,,,,-0.401,-0.06,2.5,13.26,-0.01,,,
76.21,REGROUND,-14.53,-0.51,-9.58,19.57,-0.01,0,0,,,,-0.411,-0.061,1.8,13.26,-0.01,,,
76.26,REGROUND,-14.57,-0.52,-9.58,19.58,-0.01,0,0,,,,-0.401,-0.06,2.4,13.26,-0.01,,,
76.31,REGROUND,-14.57,-0.52,-9.58,19.59,-0.01,0,0,,,,-0.411,-0.062,1.8,13.26,-0.01,,,
76.36,REGROUND,-14.61,-0.52,-9.58,19.6,-0.01,0,0,,,,-0.401,-0.06,2.4,13.26,-0.01,,,
76.41,REGROUND,-14.61,-0.52,-9.58,19.62,-0.01,0,0,,,,-0.411,-0.062,1.8,13.26,-0.01,,,
76.46,REGROUND,-14.65,-0.52,-9.58,19.63,-0.01,0,0,,,,-0.401,-0.06,2.3,13.26,-0.01,,,
76.51,REGROUND,-14.65,-0.52,-9.58,19.64,-0.01,0,0,,,,-0.411,-0.062,2.0,13.26,-0.01,,,
76.56,REGROUND,-14.69,-0.52,-9.58,19.65,-0.01,0,0,,,,-0.401,-0.06,2.4,13.26,-0.01,,,
76.61,REGROUND,-14.69,-0.52,-9.58,19.67,-0.01,0,0,,,,-0.411,-0.062,1.8,13.26,-0.01,,,
76.66,REGROUND,-14.73,-0.52,-9.58,19.68,-0.01,0,0,,,,-0.401,-0.061,2.6,13.26,-0.01,,,
76.71,REGROUND,-14.73,-0.52,-9.58,19.69,-0.01,0,0,,,,-0.411,-0.062,1.9,13.26,-0.01,,,
76.76,REGROUND,-14.77,-0.52,-9.58,19.7,-0.01,0,0,,,,-0.401,-0.061,2.5,13.26,-0.01,,,
76.81,REGROUND,-14.77,-0.52,-9.58,19.72,-0.01,0,0,,,,-0.411,-0.062,1.8,13.26,-0.01,,,
76.86,REGROUND,-14.81,-0.52,-9.58,19.73,-0.01,0,0,,,,-0.401,-0.061,2.4,13.26,-0.01,,,
76.91,REGROUND,-14.81,-0.52,-9.58,19.74,-0.01,0,0,,,,-0.411,-0.063,1.7,13.26,-0.01,,,
76.96,REGROUND,-14.85,-0.52,-9.58,19.75,-0.01,0,0,,,,-0.4,-0.061,2.4,13.26,-0.01,,,
77.01,REGROUND,-14.85,-0.52,-9.58,19.77,-0.01,0,0,,,,-0.411,-0.063,1.9,13.26,-0.01,,,
77.06,REGROUND,-14.9,-0.52,-9.58,19.78,-0.01,0,0,,,,-0.4,-0.062,2.4,13.26,-0.01,,,
77.11,REGROUND,-14.9,-0.52,-9.58,19.79,-0.01,0,0,,,,-0.41,-0.063,1.8,13.26,-0.01,,,
77.16,REGROUND,-14.94,-0.52,-9.58,19.8,-0.01,0,0,,,,-0.4,-0.062,2.6,13.26,-0.01,,,
77.21,REGROUND,-14.94,-0.52,-9.58,19.82,-0.01,0,0,,,,-0.41,-0.063,1.8,13.26,-0.01,,,
77.26,REGROUND,-14.98,-0.52,-9.58,19.83,-0.01,0,0,,,,-0.4,-0.062,2.3,13.26,-0.01,,,
77.31,REGROUND,-14.98,-0.52,-9.58,19.84,-0.01,0,0,,,,-0.41,-0.064,1.8,13.26,-0.01,,,
77.36,REGROUND,-15.02,-0.52,-9.58,19.85,-0.01,0,0,,,,-0.4,-0.062,2.6,13.26,-0.01,,,
77.41,REGROUND,-15.02,-0.52,-9.58,19.87,-0.01,0,0,,,,-0.41,-0.064,1.8,13.26,-0.01,,,
77.46,REGROUND,-15.06,-0.52,-9.58,19.88,-0.01,0,0,,,,-0.4,-0.063,5.9,13.26,-0.01,,,
77.51,REGROUND,-15.06,-0.52,-9.58,19.89,-0.01,0,0,,,,-0.41,-0.064,1.8,13.26,-0.01,,,
77.56,REGROUND,-15.1,-0.52,-9.58,19.9,-0.01,0,0,,,,-0.4,-0.063,2.5,13.26,-0.01,,,
77.61,REGROUND,-15.1,-0.52,-9.58,19.92,-0.01,0,0,,,,-0.41,-0.064,1.8,13.26,-0.01,,,
77.66,REGROUND,-15.14,-0.52,-9.58,19.93,-0.01,0,0,,,,-0.4,-0.063,2.6,13.26,-0.01,,,
77.71,REGROUND,-15.14,-0.52,-9.58,19.94,-0.01,0,0,,,,-0.41,-0.065,1.7,13.26,-0.01,,,
77.76,REGROUND,-15.18,-0.53,-9.58,19.95,-0.01,0,0,,,,-0.4,-0.063,2.5,13.26,-0.01,,,
77.81,REGROUND,-15.18,-0.53,-9.58,19.97,-0.01,0,0,,,,-0.41,-0.065,1.8,13.26,-0.01,,,
77.86,REGROUND,-15.22,-0.53,-9.58,19.98,-0.01,0,0,,,,-0.4,-0.063,2.3,13.26,-0.01,,,
77.91,REGROUND,-15.22,-0.53,-9.58,19.99,-0.01,0,0,,,,-0.41,-0.065,2.0,13.26,-0.01,,,
77.96,REGROUND,-15.27,-0.53,-9.58,20.0,-0.01,0,0,,,,-0.4,-0.063,2.2,13.26,-0.01,,,
78.01,REGROUND,-15.27,-0.53,-9.58,20.02,-0.01,0,0,,,,-0.41,-0.065,1.9,13.26,-0.01,,,
78.06,REGROUND,-15.31,-0.53,-9.58,20.03,-0.01,0,0,,,,-0.4,-0.063,2.3,13.26,-0.01,,,
78.11,REGROUND,-15.31,-0.53,-9.58,20.04,-0.01,0,0,,,,-0.41,-0.065,1.8,13.26,-0.01,,,
78.16,REGROUND,-15.35,-0.53,-9.58,20.05,-0.01,0,0,,,,-0.4,-0.063,2.6,13.26,-0.01,,,
78.21,REGROUND,-15.35,-0.53,-9.58,20.07,-0.01,0,0,,,,-0.41,-0.065,1.8,13.26,-0.01,,,
78.26,REGROUND,-15.39,-0.53,-9.58,20.08,-0.01,0,0,,,,-0.4,-0.063,2.5,13.26,-0.01,,,
78.31,REGROUND,-15.39,-0.53,-9.58,20.09,-0.01,0,0,,,,-0.41,-0.064,1.8,13.26,-0.01,,,
78.36,REGROUND,-15.43,-0.53,-9.58,20.1,-0.01,0,0,,,,-0.4,-0.063,2.5,13.26,-0.01,,,
78.41,REGROUND,-15.43,-0.53,-9.58,20.12,-0.01,0,0,,,,-0.41,-0.064,1.8,13.26,-0.01,,,
78.46,REGROUND,-15.47,-0.53,-9.58,20.13,-0.01,0,0,,,,-0.4,-0.063,2.5,13.26,-0.01,,,
78.51,REGROUND,-15.47,-0.53,-9.58,20.14,-0.01,0,0,,,,-0.41,-0.064,1.8,13.26,-0.01,,,
78.56,REGROUND,-15.51,-0.54,-9.58,20.15,-0.01,0,0,,,,-0.4,-0.062,2.4,13.26,-0.01,,,
78.61,REGROUND,-15.51,-0.54,-9.58,20.17,-0.01,0,0,,,,-0.41,-0.064,1.8,13.26,-0.01,,,
78.66,REGROUND,-15.55,-0.54,-9.58,20.18,-0.01,0,0,,,,-0.4,-0.062,2.4,13.26,-0.01,,,
78.71,REGROUND,-15.55,-0.54,-9.58,20.19,-0.01,0,0,,,,-0.411,-0.064,1.8,13.26,-0.01,,,
78.76,REGROUND,-15.59,-0.54,-9.58,20.2,-0.01,0,0,,,,-0.401,-0.062,2.1,13.26,-0.01,,,
78.81,REGROUND,-15.59,-0.54,-9.58,20.22,-0.01,0,0,,,,-0.411,-0.064,1.8,13.26,-0.01,,,
78.86,REGROUND,-15.63,-0.54,-9.58,20.23,-0.01,0,0,,,,-0.4,-0.062,2.6,13.26,-0.01,,,
78.91,REGROUND,-15.63,-0.54,-9.58,20.24,-0.01,0,0,,,,-0.411,-0.063,1.8,13.26,-0.01,,,
78.96,REGROUND,-15.67,-0.54,-9.58,20.25,-0.01,0,0,,,,-0.401,-0.062,2.7,13.26,-0.01,,,
79.01,REGROUND,-15.67,-0.54,-9.58,20.27,-0.01,0,0,,,,-0.411,-0.063,1.8,13.26,-0.01,,,
79.06,REGROUND,-15.71,-0.54,-9.58,20.28,-0.01,0,0,,,,-0.401,-0.062,2.4,13.26,-0.01,,,
79.11,REGROUND,-15.71,-0.54,-9.58,20.29,-0.01,0,0,,,,-0.411,-0.063,1.6,13.26,-0.01,,,
79.16,REGROUND,-15.76,-0.55,-9.58,20.3,-0.01,0,0,,,,-0.401,-0.061,2.5,13.26,-0.01,,,
79.21,REGROUND,-15.76,-0.55,-9.58,20.32,-0.01,0,0,,,,-0.411,-0.063,1.8,13.26,-0.01,,,
79.26,REGROUND,-15.8,-0.55,-9.58,20.33,-0.01,0,0,,,,-0.401,-0.061,2.4,13.26,-0.01,,,
79.31,REGROUND,-15.8,-0.55,-9.58,20.34,-0.01,0,0,,,,-0.411,-0.063,1.7,13.26,-0.01,,,
79.36,REGROUND,-15.84,-0.55,-9.58,20.35,-0.01,0,0,,,,-0.401,-0.061,2.4,13.26,-0.01,,,
79.41,REGROUND,-15.84,-0.55,-9.58,20.37,-0.01,0,0,,,,-0.411,-0.062,1.8,13.26,-0.01,,,
79.46,REGROUND,-15.88,-0.55,-9.58,20.38,-0.01,0,0,,,,-0.401,-0.06,2.4,13.26,-0.01,,,
79.51,REGROUND,-15.88,-0.55,-9.58,20.39,-0.01,0,0,,,,-0.412,-0.062,1.8,13.26,-0.01,,,
79.56,REGROUND,-15.92,-0.55,-9.58,20.4,-0.01,0,0,,,,-0.402,-0.06,2.4,13.26,-0.01,,,
79.61,REGROUND,-15.92,-0.55,-9.58,20.42,-0.01,0,0,,,,-0.412,-0.062,1.8,13.26,-0.01,,,
79.66,REGROUND,-15.96,-0.55,-9.58,20.43,-0.01,0,0,,,,-0.402,-0.06,2.6,13.26,-0.01,,,
79.71,REGROUND,-15.96,-0.55,-9.58,20.44,-0.01,0,0,,,,-0.412,-0.062,1.8,13.26,-0.01,,,
79.76,REGROUND,-16.0,-0.55,-9.58,20.45,-0.01,0,0,,,,-0.402,-0.06,5.8,13.26,-0.01,,,
79.81,REGROUND,-16.0,-0.55,-9.58,20.47,-0.01,0,0,,,,-0.412,-0.062,1.8,13.26,-0.01,,,
79.86,REGROUND,-16.04,-0.56,-9.58,20.48,-0.01,0,0,,,,-0.401,-0.06,2.5,13.26,-0.01,,,
79.91,REGROUND,-16.04,-0.56,-9.58,20.49,-0.01,0,0,,,,-0.412,-0.062,1.8,13.26,-0.01,,,
79.96,REGROUND,-16.08,-0.56,-9.58,20.5,-0.01,0,0,,,,-0.401,-0.06,2.3,13.26,-0.01,,,
80.01,REGROUND,-16.08,-0.56,-9.58,20.52,-0.01,0,0,,,,-0.412,-0.062,2.0,13.26,-0.01,,,
80.06,REGROUND,-16.12,-0.56,-9.58,20.53,-0.01,0,0,,,,-0.401,-0.061,2.4,13.26,-0.01,,,
80.11,REGROUND,-16.12,-0.56,-9.58,20.54,-0.01,0,0,,,,-0.411,-0.062,1.8,13.26,-0.01,,,
80.16,REGROUND,-16.17,-0.56,-9.58,20.56,-0.01,0,0,,,,-0.401,-0.061,2.2,13.26,-0.01,,,
80.21,REGROUND,-16.17,-0.56,-9.58,20.57,-0.01,0,0,,,,-0.411,-0.062,1.8,13.26,-0.01,,,
80.26,REGROUND,-16.21,-0.56,-9.58,20.58,-0.01,0,0,,,,-0.401,-0.061,2.3,13.26,-0.01,,,
80.31,REGROUND,-16.21,-0.56,-9.58,20.59,-0.01,0,0,,,,-0.411,-0.063,1.9,13.26,-0.01,,,
80.36,REGROUND,-16.25,-0.56,-9.58,20.61,-0.01,0,0,,,,-0.401,-0.061,2.5,13.26,-0.01,,,
80.41,REGROUND,-16.25,-0.56,-9.58,20.62,-0.01,0,0,,,,-0.411,-0.063,1.9,13.26,-0.01,,,
80.46,REGROUND,-16.29,-0.56,-9.58,20.63,-0.01,0,0,,,,-0.4,-0.062,2.5,13.26,-0.01,,,
80.51,REGROUND,-16.29,-0.56,-9.58,20.64,-0.01,0,0,,,,-0.41,-0.063,1.8,13.26,-0.01,,,
80.56,REGROUND,-16.33,-0.56,-9.58,20.66,-0.01,0,0,,,,-0.401,-0.062,2.5,13.26,-0.01,,,
80.61,REGROUND,-16.33,-0.56,-9.58,20.67,-0.01,0,0,,,,-0.411,-0.063,1.8,13.26,-0.01,,,
80.66,REGROUND,-16.37,-0.56,-9.58,20.68,-0.01,0,0,,,,-0.4,-0.062,2.3,13.26,-0.01,,,
80.71,REGROUND,-16.37,-0.56,-9.58,20.69,-0.01,0,0,,,,-0.411,-0.063,1.7,13.26,-0.01,,,
80.76,REGROUND,-16.41,-0.56,-9.58,20.71,-0.01,0,0,,,,-0.401,-0.062,2.5,13.26,-0.01,,,
80.81,REGROUND,-16.41,-0.56,-9.58,20.72,-0.01,0,0,,,,-0.411,-0.063,1.8,13.26,-0.01,,,
80.86,REGROUND,-16.45,-0.56,-9.58,20.73,-0.01,0,0,,,,-0.4,-0.062,2.4,13.26,-0.01,,,
80.91,REGROUND,-16.45,-0.56,-9.58,20.74,-0.01,0,0,,,,-0.411,-0.064,1.8,13.26,-0.01,,,
80.96,REGROUND,-16.5,-0.56,-9.58,20.76,-0.01,0,0,,,,-0.4,-0.062,2.3,13.26,-0.01,,,
81.01,REGROUND,-16.5,-0.56,-9.58,20.77,-0.01,0,0,,,,-0.411,-0.064,1.9,13.26,-0.01,,,
81.06,REGROUND,-16.54,-0.56,-9.58,20.78,-0.01,0,0,,,,-0.4,-0.062,2.6,13.26,-0.01,,,
81.11,REGROUND,-16.54,-0.56,-9.58,20.79,-0.01,0,0,,,,-0.411,-0.064,1.9,13.26,-0.01,,,
81.16,REGROUND,-16.58,-0.57,-9.58,20.81,-0.01,0,0,,,,-0.401,-0.062,2.5,13.26,-0.01,,,
81.22,REGROUND,-16.58,-0.57,-9.58,20.82,-0.01,0,0,,,,-0.411,-0.064,1.8,13.26,-0.01,,,
81.27,REGROUND,-16.62,-0.57,-9.58,20.83,-0.01,0,0,,,,-0.401,-0.062,2.5,13.26,-0.01,,,
81.32,REGROUND,-16.62,-0.57,-9.58,20.84,-0.01,0,0,,,,-0.411,-0.064,1.8,13.26,-0.01,,,
81.37,REGROUND,-16.66,-0.57,-9.58,20.86,-0.01,0,0,,,,-0.401,-0.062,2.3,13.26,-0.01,,,
81.42,REGROUND,-16.66,-0.57,-9.58,20.87,-0.01,0,0,,,,-0.411,-0.064,1.9,13.26,-0.01,,,
81.47,REGROUND,-16.7,-0.57,-9.58,20.88,-0.01,0,0,,,,-0.401,-0.062,2.5,13.26,-0.01,,,
81.52,REGROUND,-16.7,-0.57,-9.58,20.89,-0.01,0,0,,,,-0.411,-0.064,1.8,13.26,-0.01,,,
81.57,REGROUND,-16.74,-0.57,-9.58,20.91,-0.01,0,0,,,,-0.401,-0.062,2.4,13.26,-0.01,,,
81.62,REGROUND,-16.74,-0.57,-9.58,20.92,-0.01,0,0,,,,-0.411,-0.064,1.8,13.26,-0.01,,,
81.67,REGROUND,-16.78,-0.57,-9.58,20.93,-0.01,0,0,,,,-0.401,-0.062,2.4,13.26,-0.01,,,
81.72,REGROUND,-16.78,-0.57,-9.58,20.94,-0.01,0,0,,,,-0.411,-0.064,1.8,13.26,-0.01,,,
81.77,REGROUND,-16.82,-0.57,-9.58,20.96,-0.01,0,0,,,,-0.401,-0.062,2.5,13.26,-0.01,,,
81.82,REGROUND,-16.82,-0.57,-9.58,20.97,-0.01,0,0,,,,-0.411,-0.064,1.9,13.26,-0.01,,,
81.87,REGROUND,-16.86,-0.57,-9.58,20.98,-0.01,0,0,,,,-0.401,-0.062,2.5,13.26,-0.01,,,
81.92,REGROUND,-16.86,-0.57,-9.58,20.99,-0.01,0,0,,,,-0.411,-0.064,1.9,13.26,-0.01,,,
81.97,REGROUND,-16.9,-0.58,-9.58,21.01,-0.01,0,0,,,,-0.401,-0.062,2.2,13.26,-0.01,,,
82.02,REGROUND,-16.9,-0.58,-9.58,21.02,-0.01,0,0,,,,-0.411,-0.064,5.2,13.26,-0.01,,,
82.07,REGROUND,-16.95,-0.58,-9.58,21.03,-0.01,0,0,,,,-0.401,-0.062,2.5,13.26,-0.01,,,
82.12,REGROUND,-16.95,-0.58,-9.58,21.04,-0.01,0,0,,,,-0.411,-0.064,1.8,13.26,-0.01,,,
82.17,REGROUND,-16.99,-0.58,-9.58,21.06,-0.01,0,0,,,,-0.401,-0.062,2.5,13.26,-0.01,,,
82.22,REGROUND,-16.99,-0.58,-9.58,21.07,-0.01,0,0,,,,-0.411,-0.063,1.7,13.26,-0.01,,,
82.27,REGROUND,-17.03,-0.58,-9.58,21.08,-0.01,0,0,,,,-0.401,-0.062,2.4,13.26,-0.01,,,
82.32,REGROUND,-17.03,-0.58,-9.58,21.09,-0.01,0,0,,,,-0.411,-0.063,1.8,13.26,-0.01,,,
82.37,REGROUND,-17.07,-0.58,-9.58,21.11,-0.01,0,0,,,,-0.401,-0.062,2.4,13.26,-0.01,,,
82.42,REGROUND,-17.07,-0.58,-9.58,21.12,-0.01,0,0,,,,-0.411,-0.063,1.8,13.26,-0.01,,,
82.47,REGROUND,-17.11,-0.58,-9.58,21.13,-0.01,0,0,,,,-0.401,-0.062,2.5,13.26,-0.01,,,
82.52,REGROUND,-17.11,-0.58,-9.58,21.14,-0.01,0,0,,,,-0.411,-0.063,1.9,13.26,-0.01,,,
82.57,REGROUND,-17.15,-0.58,-9.58,21.16,-0.01,0,0,,,,-0.401,-0.062,2.6,13.26,-0.01,,,
82.62,REGROUND,-17.15,-0.58,-9.58,21.17,-0.01,0,0,,,,-0.411,-0.063,1.8,13.26,-0.01,,,
82.67,REGROUND,-17.19,-0.58,-9.58,21.18,-0.01,0,0,,,,-0.401,-0.062,2.6,13.26,-0.01,,,
82.72,REGROUND,-17.19,-0.58,-9.58,21.19,-0.01,0,0,,,,-0.411,-0.063,1.8,13.26,-0.01,,,
82.77,REGROUND,-17.23,-0.58,-9.58,21.21,-0.01,0,0,,,,-0.401,-0.062,2.5,13.26,-0.01,,,
82.82,REGROUND,-17.23,-0.58,-9.58,21.22,-0.01,0,0,,,,-0.411,-0.063,1.7,13.26,-0.01,,,
82.87,REGROUND,-17.27,-0.59,-9.58,21.23,-0.01,0,0,,,,-0.4,-0.062,2.4,13.26,-0.01,,,
82.92,REGROUND,-17.27,-0.59,-9.58,21.24,-0.01,0,0,,,,-0.411,-0.063,1.8,13.26,-0.01,,,
82.97,REGROUND,-17.32,-0.59,-9.58,21.26,-0.01,0,0,,,,-0.4,-0.062,2.4,13.26,-0.01,,,
83.02,REGROUND,-17.32,-0.59,-9.58,21.27,-0.01,0,0,,,,-0.411,-0.063,1.8,13.26,-0.01,,,
83.07,REGROUND,-17.36,-0.59,-9.58,21.28,-0.01,0,0,,,,-0.4,-0.062,2.3,13.26,-0.01,,,
83.12,REGROUND,-17.36,-0.59,-9.58,21.29,-0.01,0,0,,,,-0.41,-0.063,1.8,13.26,-0.01,,,
83.17,REGROUND,-17.4,-0.59,-9.58,21.31,-0.01,0,0,,,,-0.4,-0.061,2.6,13.26,-0.01,,,
83.22,REGROUND,-17.4,-0.59,-9.58,21.32,-0.01,0,0,,,,-0.41,-0.063,1.9,13.26,-0.01,,,
83.27,REGROUND,-17.44,-0.59,-9.58,21.33,-0.01,0,0,,,,-0.4,-0.061,2.5,13.26,-0.01,,,
83.32,REGROUND,-17.44,-0.59,-9.58,21.34,-0.01,0,0,,,,-0.41,-0.063,1.8,13.26,-0.01,,,
83.37,REGROUND,-17.48,-0.59,-9.58,21.36,-0.01,0,0,,,,-0.4,-0.061,2.6,13.26,-0.01,,,
83.42,REGROUND,-17.48,-0.59,-9.58,21.37,-0.01,0,0,,,,-0.41,-0.062,1.8,13.26,-0.01,,,
83.47,REGROUND,-17.52,-0.59,-9.58,21.38,-0.01,0,0,,,,-0.4,-0.061,2.5,13.26,-0.01,,,
83.52,REGROUND,-17.52,-0.59,-9.58,21.39,-0.01,0,0,,,,-0.41,-0.062,1.8,13.26,-0.01,,,
83.57,REGROUND,-17.56,-0.6,-9.58,21.41,-0.01,0,0,,,,-0.4,-0.061,2.5,13.26,-0.01,,,
83.62,REGROUND,-17.56,-0.6,-9.58,21.42,-0.01,0,0,,,,-0.41,-0.062,1.8,13.26,-0.01,,,
83.67,REGROUND,-17.6,-0.6,-9.58,21.43,-0.01,0,0,,,,-0.4,-0.061,2.4,13.26,-0.01,,,
83.72,REGROUND,-17.6,-0.6,-9.58,21.44,-0.01,0,0,,,,-0.41,-0.062,1.8,13.26,-0.01,,,
83.77,REGROUND,-17.64,-0.6,-9.58,21.46,-0.01,0,0,,,,-0.4,-0.061,2.2,13.26,-0.01,,,
83.82,REGROUND,-17.64,-0.6,-9.58,21.47,-0.01,0,0,,,,-0.41,-0.062,1.8,13.26,-0.01,,,
83.87,REGROUND,-17.69,-0.6,-9.58,21.48,-0.01,0,0,,,,-0.4,-0.061,2.3,13.26,-0.01,,,
83.92,REGROUND,-17.69,-0.6,-9.58,21.49,-0.01,0,0,,,,-0.41,-0.062,1.9,13.26,-0.01,,,
83.97,REGROUND,-17.73,-0.6,-9.58,21.51,-0.01,0,0,,,,-0.4,-0.061,2.5,13.26,-0.01,,,
84.02,REGROUND,-17.73,-0.6,-9.58,21.52,-0.01,0,0,,,,-0.411,-0.062,1.9,13.26,-0.01,,,
84.07,REGROUND,-17.77,-0.6,-9.58,21.53,-0.01,0,0,,,,-0.4,-0.061,2.4,13.26,-0.01,,,
84.12,REGROUND,-17.77,-0.6,-9.58,21.54,-0.01,0,0,,,,-0.411,-0.062,1.8,13.26,-0.01,,,
84.17,REGROUND,-17.81,-0.6,-9.58,21.56,-0.01,0,0,,,,-0.4,-0.061,2.5,13.26,-0.01,,,
84.22,REGROUND,-17.81,-0.6,-9.58,21.57,-0.01,0,0,,,,-0.411,-0.063,1.8,13.26,-0.01,,,
84.27,REGROUND,-17.85,-0.6,-9.58,21.58,-0.01,0,0,,,,-0.4,-0.061,2.4,13.26,-0.01,,,
84.32,REGROUND,-17.85,-0.6,-9.58,21.59,-0.01,0,0,,,,-0.411,-0.063,1.8,13.26,-0.01,,,
84.37,REGROUND,-17.89,-0.6,-9.58,21.61,-0.01,0,0,,,,-0.4,-0.061,5.6,13.26,-0.01,,,
84.42,REGROUND,-17.89,-0.6,-9.58,21.62,-0.01,0,0,,,,-0.411,-0.063,1.9,13.26,-0.01,,,
84.47,REGROUND,-17.93,-0.6,-9.58,21.63,-0.01,0,0,,,,-0.4,-0.062,2.4,13.26,-0.01,,,
84.52,REGROUND,-17.93,-0.6,-9.58,21.64,-0.01,0,0,,,,-0.41,-0.063,1.8,13.26,-0.01,,,
84.57,REGROUND,-17.97,-0.6,-9.58,21.66,-0.01,0,0,,,,-0.4,-0.062,2.3,13.26,-0.01,,,
84.62,REGROUND,-17.97,-0.6,-9.58,21.67,-0.01,0,0,,,,-0.41,-0.063,1.8,13.26,-0.01,,,
84.67,REGROUND,-18.01,-0.6,-9.58,21.68,-0.01,0,0,,,,-0.4,-0.062,2.3,13.26,-0.01,,,
84.72,REGROUND,-18.01,-0.6,-9.58,21.69,-0.01,0,0,,,,-0.41,-0.064,1.8,13.26,-0.01,,,
84.77,REGROUND,-18.05,-0.61,-9.58,21.71,-0.01,0,0,,,,-0.4,-0.062,2.5,13.26,-0.01,,,
84.82,REGROUND,-18.05,-0.61,-9.58,21.72,-0.01,0,0,,,,-0.41,-0.064,1.8,13.26,-0.01,,,
84.87,REGROUND,-18.1,-0.61,-9.58,21.73,-0.01,0,0,,,,-0.4,-0.062,2.5,13.26,-0.01,,,
84.92,REGROUND,-18.1,-0.61,-9.58,21.74,-0.01,0,0,,,,-0.41,-0.064,1.8,13.26,-0.01,,,
84.97,REGROUND,-18.14,-0.61,-9.58,21.76,-0.01,0,0,,,,-0.4,-0.062,2.4,13.26,-0.01,,,
85.02,REGROUND,-18.14,-0.61,-9.58,21.77,-0.01,0,0,,,,-0.411,-0.064,1.8,13.26,-0.01,,,
85.07,REGROUND,-18.18,-0.61,-9.58,21.78,-0.01,0,0,,,,-0.4,-0.063,2.4,13.26,-0.01,,,
85.12,REGROUND,-18.18,-0.61,-9.58,21.79,-0.01,0,0,,,,-0.41,-0.064,1.8,13.26,-0.01,,,
85.17,REGROUND,-18.22,-0.61,-9.58,21.81,-0.01,0,0,,,,-0.4,-0.063,2.4,13.26,-0.01,,,
85.22,REGROUND,-18.22,-0.61,-9.58,21.82,-0.01,0,0,,,,-0.411,-0.064,1.8,13.26,-0.01,,,
85.27,REGROUND,-18.26,-0.61,-9.58,21.83,-0.01,0,0,,,,-0.4,-0.063,2.3,13.26,-0.01,,,
85.32,REGROUND,-18.26,-0.61,-9.58,21.84,-0.01,0,0,,,,-0.411,-0.064,1.8,13.26,-0.01,,,
85.37,REGROUND,-18.3,-0.61,-9.58,21.86,-0.01,0,0,,,,-0.401,-0.063,2.4,13.26,-0.01,,,
85.42,REGROUND,-18.3,-0.61,-9.58,21.87,-0.01,0,0,,,,-0.411,-0.064,1.9,13.26,-0.01,,,
85.47,REGROUND,-18.34,-0.61,-9.58,21.88,-0.01,0,0,,,,-0.401,-0.063,2.5,13.26,-0.01,,,
85.52,REGROUND,-18.34,-0.61,-9.58,21.89,-0.01,0,0,,,,-0.411,-0.064,1.8,13.26,-0.01,,,
85.57,REGROUND,-18.38,-0.61,-9.58,21.91,-0.01,0,0,,,,-0.401,-0.063,2.5,13.26,-0.01,,,
85.62,REGROUND,-18.38,-0.61,-9.58,21.92,-0.01,0,0,,,,-0.411,-0.064,1.8,13.26,-0.01,,,
85.67,REGROUND,-18.42,-0.61,-9.58,21.93,-0.01,0,0,,,,-0.401,-0.063,2.5,13.26,-0.01,,,
85.72,REGROUND,-18.42,-0.61,-9.58,21.94,-0.01,0,0,,,,-0.411,-0.064,1.7,13.26,-0.01,,,
85.77,REGROUND,-18.46,-0.62,-9.58,21.96,-0.01,0,0,,,,-0.401,-0.063,2.4,13.26,-0.01,,,
85.82,REGROUND,-18.46,-0.62,-9.58,21.97,-0.01,0,0,,,,-0.411,-0.064,1.8,13.26,-0.01,,,
85.87,REGROUND,-18.5,-0.62,-9.58,21.98,-0.01,0,0,,,,-0.401,-0.063,2.4,13.26,-0.01,,,
85.92,REGROUND,-18.5,-0.62,-9.58,21.99,-0.01,0,0,,,,-0.411,-0.064,1.8,13.26,-0.01,,,
85.97,REGROUND,-18.55,-0.62,-9.58,22.01,-0.01,0,0,,,,-0.401,-0.063,2.3,13.26,-0.01,,,
86.02,REGROUND,-18.55,-0.62,-9.58,22.02,-0.01,0,0,,,,-0.411,-0.064,1.8,13.26,-0.01,,,
86.07,REGROUND,-18.59,-0.62,-9.58,22.03,-0.01,0,0,,,,-0.401,-0.063,2.3,13.26,-0.01,,,
86.12,REGROUND,-18.59,-0.62,-9.58,22.04,-0.01,0,0,,,,-0.411,-0.064,1.9,13.26,-0.01,,,
86.17,REGROUND,-18.63,-0.62,-9.58,22.06,-0.01,0,0,,,,-0.401,-0.063,2.4,13.26,-0.01,,,
86.22,REGROUND,-18.63,-0.62,-9.58,22.07,-0.01,0,0,,,,-0.411,-0.064,1.8,13.26,-0.01,,,
86.27,REGROUND,-18.67,-0.62,-9.58,22.08,-0.01,0,0,,,,-0.401,-0.063,2.5,13.26,-0.01,,,
86.32,REGROUND,-18.67,-0.62,-9.58,22.09,-0.01,0,0,,,,-0.411,-0.064,1.8,13.26,-0.01,,,
86.37,REGROUND,-18.71,-0.62,-9.58,22.11,-0.01,0,0,,,,-0.401,-0.062,2.5,13.26,-0.01,,,
86.42,REGROUND,-18.71,-0.62,-9.58,22.12,-0.01,0,0,,,,-0.411,-0.064,1.8,13.26,-0.01,,,
86.47,REGROUND,-18.75,-0.62,-9.58,22.13,-0.01,0,0,,,,-0.401,-0.062,2.5,13.26,-0.01,,,
86.52,REGROUND,-18.75,-0.62,-9.58,22.14,-0.01,0,0,,,,-0.411,-0.064,1.8,13.26,-0.01,,,
86.57,REGROUND,-18.79,-0.63,-9.58,22.16,-0.01,0,0,,,,-0.401,-0.062,2.5,13.26,-0.01,,,
86.62,REGROUND,-18.79,-0.63,-9.58,22.17,-0.01,0,0,,,,-0.411,-0.063,1.8,13.26,-0.01,,,
86.67,REGROUND,-18.83,-0.63,-9.58,22.18,-0.01,0,0,,,,-0.401,-0.062,5.1,13.26,-0.01,,,
86.72,REGROUND,-18.83,-0.63,-9.58,22.19,-0.01,0,0,,,,-0.411,-0.063,1.8,13.26,-0.01,,,
86.77,REGROUND,-18.87,-0.63,-9.58,22.21,-0.01,0,0,,,,-0.401,-0.061,2.4,13.26,-0.01,,,
86.82,REGROUND,-18.87,-0.63,-9.58,22.22,-0.01,0,0,,,,-0.412,-0.063,1.9,13.26,-0.01,,,
86.87,REGROUND,-18.91,-0.63,-9.58,22.23,-0.01,0,0,,,,-0.401,-0.061,2.6,13.26,-0.01,,,
86.92,REGROUND,-18.91,-0.63,-9.58,22.24,-0.01,0,0,,,,-0.411,-0.063,1.8,13.26,-0.01,,,
86.97,REGROUND,-18.96,-0.63,-9.58,22.26,-0.01,0,0,,,,-0.401,-0.061,2.5,13.26,-0.01,,,
87.02,REGROUND,-18.96,-0.63,-9.58,22.27,-0.01,0,0,,,,-0.412,-0.062,1.8,13.26,-0.01,,,
87.07,REGROUND,-19.0,-0.63,-9.58,22.28,-0.01,0,0,,,,-0.401,-0.061,2.5,13.26,-0.01,,,
87.12,REGROUND,-19.0,-0.63,-9.58,22.3,-0.01,0,0,,,,-0.411,-0.062,1.8,13.26,-0.01,,,
87.17,REGROUND,-19.04,-0.64,-9.58,22.31,-0.01,0,0,,,,-0.401,-0.06,2.4,13.26,-0.01,,,
87.22,REGROUND,-19.04,-0.64,-9.58,22.32,-0.01,0,0,,,,-0.411,-0.062,1.8,13.26,-0.01,,,
87.27,REGROUND,-19.08,-0.64,-9.58,22.33,-0.01,0,0,,,,-0.401,-0.06,2.5,13.26,-0.01,,,
87.32,REGROUND,-19.08,-0.64,-9.58,22.35,-0.01,0,0,,,,-0.411,-0.062,1.8,13.26,-0.01,,,
87.37,REGROUND,-19.12,-0.64,-9.58,22.36,-0.01,0,0,,,,-0.401,-0.06,2.3,13.26,-0.01,,,
87.42,REGROUND,-19.12,-0.64,-9.58,22.37,-0.01,0,0,,,,-0.411,-0.062,1.6,13.26,-0.01,,,
87.47,REGROUND,-19.16,-0.64,-9.58,22.38,-0.01,0,0,,,,-0.401,-0.06,2.4,13.26,-0.01,,,
87.52,REGROUND,-19.16,-0.64,-9.58,22.4,-0.01,0,0,,,,-0.411,-0.062,1.8,13.26,-0.01,,,
87.57,REGROUND,-19.2,-0.64,-9.58,22.41,-0.01,0,0,,,,-0.401,-0.06,3.0,13.26,-0.01,,,
87.62,REGROUND,-19.2,-0.64,-9.58,22.42,-0.01,0,0,,,,-0.411,-0.061,2.1,13.26,-0.01,,,
87.67,REGROUND,-19.25,-0.64,-9.58,22.43,-0.01,0,0,,,,-0.4,-0.06,2.5,13.26,-0.01,,,
87.72,REGROUND,-19.25,-0.64,-9.58,22.45,-0.01,0,0,,,,-0.411,-0.062,1.9,13.26,-0.01,,,
87.77,REGROUND,-19.29,-0.64,-9.58,22.46,-0.01,0,0,,,,-0.4,-0.06,2.5,13.26,-0.01,,,
87.82,REGROUND,-19.29,-0.64,-9.58,22.47,-0.01,0,0,,,,-0.41,-0.062,1.8,13.26,-0.01,,,
87.87,REGROUND,-19.33,-0.64,-9.58,22.48,-0.01,0,0,,,,-0.4,-0.06,2.5,13.26,-0.01,,,
87.92,REGROUND,-19.33,-0.64,-9.58,22.5,-0.01,0,0,,,,-0.41,-0.062,1.8,13.26,-0.01,,,
87.97,REGROUND,-19.37,-0.64,-9.58,22.51,-0.01,0,0,,,,-0.4,-0.06,2.4,13.26,-0.01,,,
88.02,REGROUND,-19.37,-0.64,-9.58,22.52,-0.01,0,0,,,,-0.41,-0.062,1.8,13.26,-0.01,,,
88.07,REGROUND,-19.41,-0.65,-9.58,22.53,-0.01,0,0,,,,-0.4,-0.061,2.4,13.26,-0.01,,,
88.12,REGROUND,-19.41,-0.65,-9.58,22.55,-0.01,0,0,,,,-0.41,-0.062,1.8,13.26,-0.01,,,
88.17,REGROUND,-19.45,-0.65,-9.58,22.56,-0.01,0,0,,,,-0.4,-0.061,2.4,13.26,-0.01,,,
88.22,REGROUND,-19.45,-0.65,-9.58,22.57,-0.01,0,0,,,,-0.41,-0.062,1.8,13.26,-0.01,,,
88.27,REGROUND,-19.49,-0.65,-9.58,22.58,-0.01,0,0,,,,-0.4,-0.061,2.4,13.26,-0.01,,,
88.32,REGROUND,-19.49,-0.65,-9.58,22.6,-0.01,0,0,,,,-0.41,-0.063,1.9,13.26,-0.01,,,
88.38,REGROUND,-19.53,-0.65,-9.58,22.61,-0.01,0,0,,,,-0.4,-0.061,2.2,13.26,-0.01,,,
88.43,REGROUND,-19.53,-0.65,-9.58,22.62,-0.01,0,0,,,,-0.41,-0.063,2.0,13.26,-0.01,,,
88.48,REGROUND,-19.57,-0.65,-9.58,22.63,-0.01,0,0,,,,-0.4,-0.062,2.5,13.26,-0.01,,,
88.53,REGROUND,-19.57,-0.65,-9.58,22.65,-0.01,0,0,,,,-0.41,-0.063,1.8,13.26,-0.01,,,
88.58,REGROUND,-19.61,-0.65,-9.58,22.66,-0.01,0,0,,,,-0.4,-0.062,2.5,13.26,-0.01,,,
88.63,REGROUND,-19.61,-0.65,-9.58,22.67,-0.01,0,0,,,,-0.41,-0.064,1.8,13.26,-0.01,,,
88.68,REGROUND,-19.66,-0.65,-9.58,22.68,-0.01,0,0,,,,-0.4,-0.062,2.4,13.26,-0.01,,,
88.73,REGROUND,-19.66,-0.65,-9.58,22.7,-0.01,0,0,,,,-0.41,-0.064,1.8,13.26,-0.01,,,
88.78,REGROUND,-19.7,-0.65,-9.58,22.71,-0.01,0,0,,,,-0.4,-0.063,2.3,13.26,-0.01,,,
88.83,REGROUND,-19.7,-0.65,-9.58,22.72,-0.01,0,0,,,,-0.41,-0.064,1.8,13.26,-0.01,,,
88.88,REGROUND,-19.74,-0.65,-9.58,22.73,-0.01,0,0,,,,-0.4,-0.063,2.3,13.26,-0.01,,,
88.93,REGROUND,-19.74,-0.65,-9.58,22.75,-0.01,0,0,,,,-0.41,-0.065,1.8,13.26,-0.01,,,
88.98,REGROUND,-19.78,-0.65,-9.58,22.76,-0.01,0,0,,,,-0.4,-0.063,5.1,13.26,-0.01,,,
89.03,REGROUND,-19.78,-0.65,-9.58,22.77,-0.01,0,0,,,,-0.41,-0.065,2.2,13.26,-0.01,,,
89.08,REGROUND,-19.82,-0.65,-9.58,22.78,-0.01,0,0,,,,-0.4,-0.063,3.2,13.26,-0.01,,,
89.13,REGROUND,-19.82,-0.65,-9.58,22.8,-0.01,0,0,,,,-0.41,-0.065,2.0,13.26,-0.01,,,
89.18,REGROUND,-19.86,-0.65,-9.58,22.81,-0.01,0,0,,,,-0.4,-0.063,2.5,13.26,-0.01,,,
89.23,REGROUND,-19.86,-0.65,-9.58,22.82,-0.01,0,0,,,,-0.411,-0.065,1.8,13.26,-0.01,,,
89.28,REGROUND,-19.9,-0.65,-9.58,22.83,-0.01,0,0,,,,-0.4,-0.063,2.6,13.26,-0.01,,,
89.33,REGROUND,-19.9,-0.65,-9.58,22.85,-0.01,0,0,,,,-0.41,-0.065,1.8,13.26,-0.01,,,
89.38,REGROUND,-19.94,-0.65,-9.58,22.86,-0.01,0,0,,,,-0.4,-0.063,2.5,13.26,-0.01,,,
89.43,REGROUND,-19.94,-0.65,-9.58,22.87,-0.01,0,0,,,,-0.41,-0.065,2.1,13.26,-0.01,,,
89.48,REGROUND,-19.98,-0.66,-9.58,22.88,-0.01,0,0,,,,-0.4,-0.063,2.5,13.26,-0.01,,,
89.53,REGROUND,-19.98,-0.66,-9.58,22.9,-0.01,0,0,,,,-0.41,-0.065,1.8,13.26,-0.01,,,
89.58,REGROUND,-20.02,-0.66,-9.58,22.91,-0.01,0,0,,,,-0.4,-0.063,2.6,13.26,-0.01,,,
89.63,REGROUND,-20.02,-0.66,-9.58,22.92,-0.01,0,0,,,,-0.41,-0.065,1.8,13.26,-0.01,,,
89.68,REGROUND,-20.07,-0.66,-9.58,22.93,-0.01,0,0,,,,-0.4,-0.063,2.4,13.26,-0.01,,,
89.73,REGROUND,-20.07,-0.66,-9.58,22.95,-0.01,0,0,,,,-0.41,-0.065,1.8,13.26,-0.01,,,
89.78,REGROUND,-20.11,-0.66,-9.58,22.96,-0.01,0,0,,,,-0.4,-0.063,2.4,13.26,-0.01,,,
89.83,REGROUND,-20.11,-0.66,-9.58,22.97,-0.01,0,0,,,,-0.411,-0.065,1.8,13.26,-0.01,,,
89.88,REGROUND,-20.15,-0.66,-9.58,22.98,-0.01,0,0,,,,-0.4,-0.063,2.5,13.26,-0.01,,,
89.93,REGROUND,-20.15,-0.66,-9.58,23.0,-0.01,0,0,,,,-0.411,-0.065,1.9,13.26,-0.01,,,
89.98,REGROUND,-20.19,-0.66,-9.58,23.01,-0.01,0,0,,,,-0.401,-0.063,2.5,13.26,-0.01,,,
90.03,REGROUND,-20.19,-0.66,-9.58,23.02,-0.01,0,0,,,,-0.411,-0.064,1.9,13.26,-0.01,,,
90.08,REGROUND,-20.23,-0.66,-9.58,23.03,-0.01,0,0,,,,-0.4,-0.063,2.4,13.26,-0.01,,,
90.13,REGROUND,-20.23,-0.66,-9.58,23.05,-0.01,0,0,,,,-0.411,-0.064,1.6,13.26,-0.01,,,
90.18,REGROUND,-20.27,-0.67,-9.58,23.06,-0.01,0,0,,,,-0.401,-0.063,2.5,13.26,-0.01,,,
90.23,REGROUND,-20.27,-0.67,-9.58,23.07,-0.01,0,0,,,,-0.411,-0.064,1.8,13.26,-0.01,,,
90.28,REGROUND,-20.31,-0.67,-9.58,23.08,-0.01,0,0,,,,-0.401,-0.062,2.5,13.26,-0.01,,,
90.33,REGROUND,-20.31,-0.67,-9.58,23.1,-0.01,0,0,,,,-0.411,-0.064,1.8,13.26,-0.01,,,
90.38,REGROUND,-20.35,-0.67,-9.58,23.11,-0.01,0,0,,,,-0.401,-0.062,2.5,13.26,-0.01,,,
90.43,REGROUND,-20.35,-0.67,-9.58,23.12,-0.01,0,0,,,,-0.411,-0.064,1.5,13.26,-0.01,,,
90.48,REGROUND,-20.39,-0.67,-9.58,23.13,-0.01,0,0,,,,-0.401,-0.062,2.4,13.26,-0.01,,,
90.53,REGROUND,-20.39,-0.67,-9.58,23.15,-0.01,0,0,,,,-0.411,-0.064,1.8,13.26,-0.01,,,
90.58,REGROUND,-20.43,-0.67,-9.58,23.16,-0.01,0,0,,,,-0.401,-0.062,2.5,13.26,-0.01,,,
90.63,REGROUND,-20.43,-0.67,-9.58,23.17,-0.01,0,0,,,,-0.411,-0.064,1.9,13.26,-0.01,,,
90.68,REGROUND,-20.48,-0.67,-9.58,23.18,-0.01,0,0,,,,-0.401,-0.062,2.6,13.26,-0.01,,,
90.73,REGROUND,-20.48,-0.67,-9.58,23.2,-0.01,0,0,,,,-0.411,-0.063,1.9,13.26,-0.01,,,
90.78,REGROUND,-20.52,-0.67,-9.58,23.21,-0.01,0,0,,,,-0.401,-0.061,2.5,13.26,-0.01,,,
90.83,REGROUND,-20.52,-0.67,-9.58,23.22,-0.01,0,0,,,,-0.411,-0.063,1.8,13.26,-0.01,,,
90.88,REGROUND,-20.56,-0.68,-9.58,23.23,-0.01,0,0,,,,-0.4,-0.061,2.5,13.26,-0.01,,,
90.93,REGROUND,-20.56,-0.68,-9.58,23.25,-0.01,0,0,,,,-0.411,-0.063,1.7,13.26,-0.01,,,
90.98,REGROUND,-20.6,-0.68,-9.58,23.26,-0.01,0,0,,,,-0.401,-0.061,2.5,13.26,-0.01,,,
91.03,REGROUND,-20.6,-0.68,-9.58,23.27,-0.01,0,0,,,,-0.411,-0.063,1.8,13.26,-0.01,,,
91.08,REGROUND,-20.64,-0.68,-9.58,23.28,-0.01,0,0,,,,-0.4,-0.061,2.5,13.26,-0.01,,,
91.13,REGROUND,-20.64,-0.68,-9.58,23.3,-0.01,0,0,,,,-0.411,-0.062,1.8,13.26,-0.01,,,
91.18,REGROUND,-20.68,-0.68,-9.58,23.31,-0.01,0,0,,,,-0.401,-0.061,2.4,13.26,-0.01,,,
91.23,REGROUND,-20.68,-0.68,-9.58,23.32,-0.01,0,0,,,,-0.411,-0.062,4.5,13.26,-0.01,,,
91.28,REGROUND,-20.72,-0.68,-9.58,23.33,-0.01,0,0,,,,-0.401,-0.061,2.4,13.26,-0.01,,,
91.33,REGROUND,-20.72,-0.68,-9.58,23.35,-0.01,0,0,,,,-0.411,-0.062,1.8,13.26,-0.01,,,
91.38,REGROUND,-20.76,-0.68,-9.58,23.36,-0.01,0,0,,,,-0.401,-0.06,2.6,13.26,-0.01,,,
91.43,REGROUND,-20.76,-0.68,-9.58,23.37,-0.01,0,0,,,,-0.411,-0.062,1.8,13.26,-0.01,,,
91.48,REGROUND,-20.8,-0.68,-9.58,23.38,-0.01,0,0,,,,-0.401,-0.06,2.5,13.26,-0.01,,,
91.53,REGROUND,-20.8,-0.68,-9.58,23.4,-0.01,0,0,,,,-0.411,-0.062,1.8,13.26,-0.01,,,
91.58,REGROUND,-20.84,-0.69,-9.58,23.41,-0.01,0,0,,,,-0.401,-0.06,2.6,13.26,-0.01,,,
91.63,REGROUND,-20.84,-0.69,-9.58,23.42,-0.01,0,0,,,,-0.411,-0.062,1.8,13.26,-0.01,,,
91.68,REGROUND,-20.89,-0.69,-9.58,23.43,-0.01,0,0,,,,-0.401,-0.06,2.6,13.26,-0.01,,,
91.73,REGROUND,-20.89,-0.69,-9.58,23.45,-0.01,0,0,,,,-0.411,-0.062,1.6,13.26,-0.01,,,
91.78,REGROUND,-20.93,-0.69,-9.58,23.46,-0.01,0,0,,,,-0.401,-0.06,2.5,13.26,-0.01,,,
91.83,REGROUND,-20.93,-0.69,-9.58,23.47,-0.01,0,0,,,,-0.411,-0.062,1.8,13.26,-0.01,,,
91.88,REGROUND,-20.97,-0.69,-9.58,23.48,-0.01,0,0,,,,-0.401,-0.06,2.4,13.26,-0.01,,,
91.93,REGROUND,-20.97,-0.69,-9.58,23.5,-0.01,0,0,,,,-0.411,-0.062,1.9,13.26,-0.01,,,
91.98,REGROUND,-21.01,-0.69,-9.58,23.51,-0.01,0,0,,,,-0.401,-0.06,2.4,13.26,-0.01,,,
92.03,REGROUND,-21.01,-0.69,-9.58,23.52,-0.01,0,0,,,,-0.411,-0.062,1.9,13.26,-0.01,,,
92.08,REGROUND,-21.05,-0.69,-9.58,23.53,-0.01,0,0,,,,-0.401,-0.06,2.4,13.26,-0.01,,,
92.13,REGROUND,-21.05,-0.69,-9.58,23.55,-0.01,0,0,,,,-0.411,-0.062,1.8,13.26,-0.01,,,
92.18,REGROUND,-21.09,-0.69,-9.58,23.56,-0.01,0,0,,,,-0.401,-0.061,2.7,13.26,-0.01,,,
92.23,REGROUND,-21.09,-0.69,-9.58,23.57,-0.01,0,0,,,,-0.411,-0.062,1.9,13.26,-0.01,,,
92.28,REGROUND,-21.13,-0.69,-9.58,23.58,-0.01,0,0,,,,-0.401,-0.061,2.7,13.26,-0.01,,,
92.33,REGROUND,-21.13,-0.69,-9.58,23.6,-0.01,0,0,,,,-0.411,-0.062,1.8,13.26,-0.01,,,
92.38,REGROUND,-21.17,-0.69,-9.58,23.61,-0.01,0,0,,,,-0.401,-0.061,2.4,13.26,-0.01,,,
92.43,REGROUND,-21.17,-0.69,-9.58,23.62,-0.01,0,0,,,,-0.411,-0.063,1.8,13.26,-0.01,,,
92.48,REGROUND,-21.21,-0.69,-9.58,23.63,-0.01,0,0,,,,-0.401,-0.061,2.5,13.26,-0.01,,,
92.53,REGROUND,-21.21,-0.69,-9.58,23.65,-0.01,0,0,,,,-0.411,-0.063,1.8,13.26,-0.01,,,
92.58,REGROUND,-21.26,-0.69,-9.58,23.66,-0.01,0,0,,,,-0.401,-0.061,2.5,13.26,-0.01,,,
92.63,REGROUND,-21.26,-0.69,-9.58,23.67,-0.01,0,0,,,,-0.411,-0.063,1.9,13.26,-0.01,,,
92.68,REGROUND,-21.3,-0.69,-9.58,23.68,-0.01,0,0,,,,-0.4,-0.062,2.3,13.26,-0.01,,,
92.73,REGROUND,-21.3,-0.69,-9.58,23.7,-0.01,0,0,,,,-0.41,-0.063,1.8,13.26,-0.01,,,
92.78,REGROUND,-21.34,-0.69,-9.58,23.71,-0.01,0,0,,,,-0.4,-0.062,2.4,13.26,-0.01,,,
92.83,REGROUND,-21.34,-0.69,-9.58,23.72,-0.01,0,0,,,,-0.41,-0.064,1.8,13.26,-0.01,,,
92.88,REGROUND,-21.38,-0.7,-9.58,23.73,-0.01,0,0,,,,-0.4,-0.062,2.6,13.26,-0.01,,,
92.93,REGROUND,-21.38,-0.7,-9.58,23.75,-0.01,0,0,,,,-0.41,-0.064,1.9,13.26,-0.01,,,
92.98,REGROUND,-21.42,-0.7,-9.58,23.76,-0.01,0,0,,,,-0.4,-0.062,2.5,13.26,-0.01,,,
93.03,REGROUND,-21.42,-0.7,-9.58,23.77,-0.01,0,0,,,,-0.41,-0.064,1.9,13.26,-0.01,,,
93.08,REGROUND,-21.46,-0.7,-9.58,23.78,-0.01,0,0,,,,-0.4,-0.063,2.6,13.26,-0.01,,,
93.13,REGROUND,-21.46,-0.7,-9.58,23.8,-0.01,0,0,,,,-0.41,-0.064,1.8,13.26,-0.01,,,
93.18,REGROUND,-21.5,-0.7,-9.58,23.81,-0.01,0,0,,,,-0.4,-0.063,2.5,13.26,-0.01,,,
93.23,REGROUND,-21.5,-0.7,-9.58,23.82,-0.01,0,0,,,,-0.41,-0.064,1.8,13.26,-0.01,,,
93.28,REGROUND,-21.54,-0.7,-9.58,23.83,-0.01,0,0,,,,-0.4,-0.063,2.4,13.26,-0.01,,,
93.33,REGROUND,-21.54,-0.7,-9.58,23.85,-0.01,0,0,,,,-0.41,-0.064,1.7,13.26,-0.01,,,
93.38,REGROUND,-21.58,-0.7,-9.58,23.86,-0.01,0,0,,,,-0.4,-0.063,2.4,13.26,-0.01,,,
93.43,REGROUND,-21.58,-0.7,-9.58,23.87,-0.01,0,0,,,,-0.41,-0.064,1.8,13.26,-0.01,,,
93.48,REGROUND,-21.63,-0.7,-9.58,23.88,-0.01,0,0,,,,-0.4,-0.063,2.3,13.26,-0.01,,,
93.53,REGROUND,-21.63,-0.7,-9.58,23.9,-0.01,0,0,,,,-0.41,-0.064,1.8,13.26,-0.01,,,
93.58,REGROUND,-21.67,-0.7,-9.58,23.91,-0.01,0,0,,,,-0.4,-0.063,4.9,13.26,-0.01,,,
93.63,REGROUND,-21.67,-0.7,-9.58,23.92,-0.01,0,0,,,,-0.41,-0.064,1.9,13.26,-0.01,,,
93.68,REGROUND,-21.71,-0.7,-9.58,23.93,-0.01,0,0,,,,-0.4,-0.063,2.3,13.26,-0.01,,,
93.73,REGROUND,-21.71,-0.7,-9.58,23.95,-0.01,0,0,,,,-0.41,-0.064,1.8,13.26,-0.01,,,
93.78,REGROUND,-21.75,-0.7,-9.58,23.96,-0.01,0,0,,,,-0.4,-0.063,2.7,13.26,-0.01,,,
93.83,REGROUND,-21.75,-0.7,-9.58,23.97,-0.01,0,0,,,,-0.41,-0.064,1.8,13.26,-0.01,,,
93.88,REGROUND,-21.79,-0.71,-9.58,23.98,-0.01,0,0,,,,-0.4,-0.063,2.5,13.26,-0.01,,,
93.93,REGROUND,-21.79,-0.71,-9.58,24.0,-0.01,0,0,,,,-0.41,-0.064,1.8,13.26,-0.01,,,
93.98,REGROUND,-21.83,-0.71,-9.58,24.01,-0.01,0,0,,,,-0.4,-0.063,2.5,13.26,-0.01,,,
94.03,REGROUND,-21.83,-0.71,-9.58,24.02,-0.01,0,0,,,,-0.41,-0.064,1.8,13.26,-0.01,,,
94.08,REGROUND,-21.87,-0.71,-9.58,24.03,-0.01,0,0,,,,-0.4,-0.063,2.4,13.26,-0.01,,,
94.13,REGROUND,-21.87,-0.71,-9.58,24.05,-0.01,0,0,,,,-0.41,-0.064,1.8,13.26,-0.01,,,
94.18,REGROUND,-21.91,-0.71,-9.58,24.06,-0.01,0,0,,,,-0.4,-0.062,2.2,13.26,-0.01,,,
94.23,REGROUND,-21.91,-0.71,-9.58,24.07,-0.01,0,0,,,,-0.41,-0.064,1.8,13.26,-0.01,,,
94.28,REGROUND,-21.95,-0.71,-9.58,24.08,-0.01,0,0,,,,-0.4,-0.062,2.4,13.26,-0.01,,,
94.33,REGROUND,-21.95,-0.71,-9.58,24.1,-0.01,0,0,,,,-0.41,-0.064,1.8,13.26,-0.01,,,
94.38,REGROUND,-21.99,-0.71,-9.58,24.11,-0.01,0,0,,,,-0.4,-0.062,2.5,13.26,-0.01,,,
94.43,REGROUND,-21.99,-0.71,-9.58,24.12,-0.01,0,0,,,,-0.411,-0.064,1.9,13.26,-0.01,,,
94.48,REGROUND,-22.04,-0.71,-9.58,24.13,-0.01,0,0,,,,-0.4,-0.062,2.5,13.26,-0.01,,,
94.53,REGROUND,-22.04,-0.71,-9.58,24.15,-0.01,0,0,,,,-0.411,-0.064,1.8,13.26,-0.01,,,
94.58,REGROUND,-22.08,-0.71,-9.58,24.16,-0.01,0,0,,,,-0.4,-0.062,2.6,13.26,-0.01,,,
94.63,REGROUND,-22.08,-0.71,-9.58,24.17,-0.01,0,0,,,,-0.411,-0.063,1.8,13.26,-0.01,,,
94.68,REGROUND,-22.12,-0.72,-9.58,24.19,-0.01,0,0,,,,-0.4,-0.062,2.3,13.26,-0.01,,,
94.73,REGROUND,-22.12,-0.72,-9.58,24.2,-0.01,0,0,,,,-0.41,-0.063,1.8,13.26,-0.01,,,
94.78,REGROUND,-22.16,-0.72,-9.58,24.21,-0.01,0,0,,,,-0.4,-0.061,2.8,13.26,-0.01,,,
94.83,REGROUND,-22.16,-0.72,-9.58,24.22,-0.01,0,0,,,,-0.411,-0.063,2.2,13.26,-0.01,,,
94.88,REGROUND,-22.2,-0.72,-9.58,24.24,-0.01,0,0,,,,-0.4,-0.061,2.4,13.26,-0.01,,,
94.93,REGROUND,-22.2,-0.72,-9.58,24.25,-0.01,0,0,,,,-0.41,-0.063,1.9,13.26,-0.01,,,
94.98,REGROUND,-22.24,-0.72,-9.58,24.26,-0.01,0,0,,,,-0.4,-0.061,2.4,13.26,-0.01,,,
95.03,REGROUND,-22.24,-0.72,-9.58,24.27,-0.01,0,0,,,,-0.41,-0.062,1.8,13.26,-0.01,,,
95.08,REGROUND,-22.28,-0.72,-9.58,24.29,-0.01,0,0,,,,-0.4,-0.061,2.5,13.26,-0.01,,,
95.13,REGROUND,-22.28,-0.72,-9.58,24.3,-0.01,0,0,,,,-0.41,-0.062,1.8,13.26,-0.01,,,
95.18,REGROUND,-22.32,-0.72,-9.58,24.31,-0.01,0,0,,,,-0.401,-0.061,2.4,13.26,-0.01,,,
95.23,REGROUND,-22.32,-0.72,-9.58,24.32,-0.01,0,0,,,,-0.411,-0.062,1.7,13.26,-0.01,,,
95.28,REGROUND,-22.36,-0.73,-9.58,24.34,-0.01,0,0,,,,-0.401,-0.061,2.4,13.26,-0.01,,,
95.33,REGROUND,-22.36,-0.73,-9.58,24.35,-0.01,0,0,,,,-0.411,-0.062,1.8,13.26,-0.01,,,
95.38,REGROUND,-22.4,-0.73,-9.58,24.36,-0.01,0,0,,,,-0.401,-0.06,2.3,13.26,-0.01,,,
95.43,REGROUND,-22.4,-0.73,-9.58,24.37,-0.01,0,0,,,,-0.411,-0.062,1.8,13.26,-0.01,,,
95.49,REGROUND,-22.45,-0.73,-9.58,24.39,-0.01,0,0,,,,-0.401,-0.061,2.3,13.26,-0.01,,,
95.54,REGROUND,-22.45,-0.73,-9.58,24.4,-0.01,0,0,,,,-0.411,-0.062,1.9,13.26,-0.01,,,
95.59,REGROUND,-22.49,-0.73,-9.58,24.41,-0.01,0,0,,,,-0.401,-0.061,2.6,13.26,-0.01,,,
95.64,REGROUND,-22.49,-0.73,-9.58,24.42,-0.01,0,0,,,,-0.411,-0.062,2.1,13.26,-0.01,,,
95.69,REGROUND,-22.53,-0.73,-9.58,24.44,-0.01,0,0,,,,-0.401,-0.061,2.5,13.26,-0.01,,,
95.74,REGROUND,-22.53,-0.73,-9.58,24.45,-0.01,0,0,,,,-0.411,-0.062,1.8,13.26,-0.01,,,
95.79,REGROUND,-22.57,-0.73,-9.58,24.46,-0.01,0,0,,,,-0.401,-0.061,2.5,13.26,-0.01,,,
95.84,REGROUND,-22.57,-0.73,-9.58,24.47,-0.01,0,0,,,,-0.411,-0.062,1.8,13.26,-0.01,,,
95.89,REGROUND,-22.61,-0.73,-9.58,24.49,-0.01,0,0,,,,-0.401,-0.061,4.8,13.26,-0.01,,,
95.94,REGROUND,-22.61,-0.73,-9.58,24.5,-0.01,0,0,,,,-0.411,-0.063,1.8,13.26,-0.01,,,
95.99,REGROUND,-22.65,-0.73,-9.58,24.51,-0.01,0,0,,,,-0.401,-0.061,2.4,13.26,-0.01,,,
96.04,REGROUND,-22.65,-0.73,-9.58,24.52,-0.01,0,0,,,,-0.411,-0.063,2.0,13.26,-0.01,,,
96.09,REGROUND,-22.69,-0.73,-9.58,24.54,-0.01,0,0,,,,-0.401,-0.061,2.3,13.26,-0.01,,,
96.14,REGROUND,-22.69,-0.73,-9.58,24.55,-0.01,0,0,,,,-0.411,-0.063,1.8,13.26,-0.01,,,
96.19,REGROUND,-22.73,-0.73,-9.58,24.56,-0.01,0,0,,,,-0.401,-0.061,2.3,13.26,-0.01,,,
96.24,REGROUND,-22.73,-0.73,-9.58,24.57,-0.01,0,0,,,,-0.412,-0.063,1.8,13.26,-0.01,,,
96.29,REGROUND,-22.77,-0.73,-9.58,24.59,-0.01,0,0,,,,-0.401,-0.062,2.5,13.26,-0.01,,,
96.34,REGROUND,-22.77,-0.73,-9.58,24.6,-0.01,0,0,,,,-0.412,-0.063,1.8,13.26,-0.01,,,
96.39,REGROUND,-22.81,-0.74,-9.58,24.61,-0.01,0,0,,,,-0.402,-0.062,2.5,13.26,-0.01,,,
96.44,REGROUND,-22.81,-0.74,-9.58,24.62,-0.01,0,0,,,,-0.412,-0.063,1.8,13.26,-0.01,,,
96.49,REGROUND,-22.85,-0.74,-9.58,24.64,-0.01,0,0,,,,-0.402,-0.062,2.5,13.26,-0.01,,,
96.54,REGROUND,-22.85,-0.74,-9.58,24.65,-0.01,0,0,,,,-0.412,-0.063,1.8,13.26,-0.01,,,
96.59,REGROUND,-22.89,-0.74,-9.58,24.66,-0.01,0,0,,,,-0.402,-0.062,2.6,13.26,-0.01,,,
96.64,REGROUND,-22.89,-0.74,-9.58,24.67,-0.01,0,0,,,,-0.412,-0.063,2.2,13.26,-0.01,,,
96.69,REGROUND,-22.94,-0.74,-9.58,24.69,-0.01,0,0,,,,-0.402,-0.062,2.6,13.26,-0.01,,,
96.74,REGROUND,-22.94,-0.74,-9.58,24.7,-0.01,0,0,,,,-0.412,-0.064,1.8,13.26,-0.01,,,
96.79,REGROUND,-22.98,-0.74,-9.58,24.71,-0.01,0,0,,,,-0.402,-0.062,2.4,13.26,-0.01,,,
96.84,REGROUND,-22.98,-0.74,-9.58,24.72,-0.01,0,0,,,,-0.412,-0.064,1.8,13.26,-0.01,,,
96.89,REGROUND,-23.02,-0.74,-9.58,24.74,-0.01,0,0,,,,-0.402,-0.062,2.4,13.26,-0.01,,,
96.94,REGROUND,-23.02,-0.74,-9.58,24.75,-0.01,0,0,,,,-0.412,-0.064,1.8,13.26,-0.01,,,
96.99,REGROUND,-23.06,-0.74,-9.58,24.76,-0.01,0,0,,,,-0.402,-0.062,2.5,13.26,-0.01,,,
97.04,REGROUND,-23.06,-0.74,-9.58,24.77,-0.01,0,0,,,,-0.412,-0.064,1.9,13.26,-0.01,,,
97.09,REGROUND,-23.1,-0.74,-9.58,24.79,-0.01,0,0,,,,-0.401,-0.062,2.5,13.26,-0.01,,,
97.14,REGROUND,-23.1,-0.74,-9.58,24.8,-0.01,0,0,,,,-0.411,-0.064,1.8,13.26,-0.01,,,
97.19,REGROUND,-23.14,-0.74,-9.58,24.81,-0.01,0,0,,,,-0.401,-0.062,2.5,13.26,-0.01,,,
97.24,REGROUND,-23.14,-0.74,-9.58,24.82,-0.01,0,0,,,,-0.411,-0.064,1.8,13.26,-0.01,,,
97.29,REGROUND,-23.18,-0.74,-9.58,24.84,-0.01,0,0,,,,-0.401,-0.062,2.5,13.26,-0.01,,,
97.34,REGROUND,-23.18,-0.74,-9.58,24.85,-0.01,0,0,,,,-0.411,-0.064,1.8,13.26,-0.01,,,
97.39,REGROUND,-23.22,-0.75,-9.58,24.86,-0.01,0,0,,,,-0.401,-0.062,2.6,13.26,-0.01,,,
97.44,REGROUND,-23.22,-0.75,-9.58,24.87,-0.01,0,0,,,,-0.411,-0.064,1.8,13.26,-0.01,,,
97.49,REGROUND,-23.27,-0.75,-9.58,24.89,-0.01,0,0,,,,-0.401,-0.062,2.4,13.26,-0.01,,,
97.54,REGROUND,-23.27,-0.75,-9.58,24.9,-0.01,0,0,,,,-0.411,-0.064,1.8,13.26,-0.01,,,
97.59,REGROUND,-23.31,-0.75,-9.58,24.91,-0.01,0,0,,,,-0.401,-0.062,2.2,13.26,-0.01,,,
97.64,REGROUND,-23.31,-0.75,-9.58,24.92,-0.01,0,0,,,,-0.411,-0.064,1.9,13.26,-0.01,,,
97.69,REGROUND,-23.35,-0.75,-9.58,24.94,-0.01,0,0,,,,-0.4,-0.062,2.5,13.26,-0.01,,,
97.74,REGROUND,-23.35,-0.75,-9.58,24.95,-0.01,0,0,,,,-0.41,-0.064,1.9,13.26,-0.01,,,
97.79,REGROUND,-23.39,-0.75,-9.58,24.96,-0.01,0,0,,,,-0.4,-0.062,2.5,13.26,-0.01,,,
97.84,REGROUND,-23.39,-0.75,-9.58,24.97,-0.01,0,0,,,,-0.41,-0.064,1.9,13.26,-0.01,,,
97.89,REGROUND,-23.43,-0.75,-9.58,24.99,-0.01,0,0,,,,-0.4,-0.062,2.5,13.26,-0.01,,,
97.94,REGROUND,-23.43,-0.75,-9.58,25.0,-0.01,0,0,,,,-0.41,-0.064,1.8,13.26,-0.01,,,
97.99,REGROUND,-23.47,-0.75,-9.58,25.01,-0.01,0,0,,,,-0.4,-0.062,2.6,13.26,-0.01,,,
98.04,REGROUND,-23.47,-0.75,-9.58,25.02,-0.01,0,0,,,,-0.41,-0.063,1.8,13.26,-0.01,,,
98.09,REGROUND,-23.51,-0.75,-9.58,25.04,-0.01,0,0,,,,-0.4,-0.062,2.7,13.26,-0.01,,,
98.14,REGROUND,-23.51,-0.75,-9.58,25.05,-0.01,0,0,,,,-0.41,-0.063,3.8,13.26,-0.01,,,
98.19,REGROUND,-23.55,-0.76,-9.58,25.06,-0.01,0,0,,,,-0.4,-0.062,2.4,13.26,-0.01,,,
98.24,REGROUND,-23.55,-0.76,-9.58,25.07,-0.01,0,0,,,,-0.41,-0.063,1.8,13.26,-0.01,,,
98.29,REGROUND,-23.6,-0.76,-9.58,25.09,-0.01,0,0,,,,-0.4,-0.062,2.2,13.26,-0.01,,,
98.34,REGROUND,-23.6,-0.76,-9.58,25.1,-0.01,0,0,,,,-0.41,-0.063,1.8,13.26,-0.01,,,
98.39,REGROUND,-23.64,-0.76,-9.58,25.11,-0.01,0,0,,,,-0.4,-0.062,2.4,13.26,-0.01,,,
98.44,REGROUND,-23.64,-0.76,-9.58,25.12,-0.01,0,0,,,,-0.41,-0.063,1.9,13.26,-0.01,,,
98.49,REGROUND,-23.68,-0.76,-9.58,25.14,-0.01,0,0,,,,-0.4,-0.062,2.5,13.26,-0.01,,,
98.54,REGROUND,-23.68,-0.76,-9.58,25.15,-0.01,0,0,,,,-0.41,-0.063,1.8,13.26,-0.01,,,
98.59,REGROUND,-23.72,-0.76,-9.58,25.16,-0.01,0,0,,,,-0.4,-0.062,2.6,13.26,-0.01,,,
98.64,REGROUND,-23.72,-0.76,-9.58,25.17,-0.01,0,0,,,,-0.41,-0.063,1.7,13.26,-0.01,,,
98.69,REGROUND,-23.76,-0.76,-9.58,25.19,-0.01,0,0,,,,-0.4,-0.062,2.3,13.26,-0.01,,,
98.74,REGROUND,-23.76,-0.76,-9.58,25.2,-0.01,0,0,,,,-0.41,-0.063,1.8,13.26,-0.01,,,
98.79,REGROUND,-23.8,-0.76,-9.58,25.21,-0.01,0,0,,,,-0.4,-0.061,2.4,13.26,-0.01,,,
98.84,REGROUND,-23.8,-0.76,-9.58,25.22,-0.01,0,0,,,,-0.411,-0.063,1.8,13.26,-0.01,,,
98.89,REGROUND,-23.84,-0.76,-9.58,25.24,-0.01,0,0,,,,-0.4,-0.061,2.4,13.26,-0.01,,,
98.94,REGROUND,-23.84,-0.76,-9.58,25.25,-0.01,0,0,,,,-0.411,-0.063,1.8,13.26,-0.01,,,
98.99,REGROUND,-23.88,-0.77,-9.58,25.26,-0.01,0,0,,,,-0.4,-0.061,2.5,13.26,-0.01,,,
99.04,REGROUND,-23.88,-0.77,-9.58,25.27,-0.01,0,0,,,,-0.411,-0.063,1.8,13.26,-0.01,,,
99.09,REGROUND,-23.92,-0.77,-9.58,25.29,-0.01,0,0,,,,-0.4,-0.061,2.5,13.26,-0.01,,,
99.14,REGROUND,-23.92,-0.77,-9.58,25.3,-0.01,0,0,,,,-0.411,-0.062,1.8,13.26,-0.01,,,
99.19,REGROUND,-23.96,-0.77,-9.58,25.31,-0.01,0,0,,,,-0.401,-0.061,2.5,13.26,-0.01,,,
99.24,REGROUND,-23.96,-0.77,-9.58,25.32,-0.01,0,0,,,,-0.411,-0.062,1.8,13.26,-0.01,,,
99.29,REGROUND,-24.0,-0.77,-9.58,25.34,-0.01,0,0,,,,-0.401,-0.061,2.5,13.26,-0.01,,,
99.34,REGROUND,-24.0,-0.77,-9.58,25.35,-0.01,0,0,,,,-0.411,-0.062,1.8,13.26,-0.01,,,
99.39,REGROUND,-24.05,-0.77,-9.58,25.36,-0.01,0,0,,,,-0.401,-0.061,2.4,13.26,-0.01,,,
99.44,REGROUND,-24.05,-0.77,-9.58,25.37,-0.01,0,0,,,,-0.411,-0.062,1.8,13.26,-0.01,,,
99.49,REGROUND,-24.09,-0.77,-9.58,25.39,-0.01,0,0,,,,-0.401,-0.061,2.4,13.26,-0.01,,,
99.54,REGROUND,-24.09,-0.77,-9.58,25.4,-0.01,0,0,,,,-0.411,-0.062,1.9,13.26,-0.01,,,
99.59,REGROUND,-24.13,-0.77,-9.58,25.41,-0.01,0,0,,,,-0.401,-0.061,2.3,13.26,-0.01,,,
99.64,REGROUND,-24.13,-0.77,-9.58,25.42,-0.01,0,0,,,,-0.411,-0.062,1.9,13.26,-0.01,,,
99.69,REGROUND,-24.17,-0.77,-9.58,25.44,-0.01,0,0,,,,-0.401,-0.061,2.6,13.26,-0.01,,,
99.74,REGROUND,-24.17,-0.77,-9.58,25.45,-0.01,0,0,,,,-0.411,-0.062,1.9,13.26,-0.01,,,
99.79,REGROUND,-24.21,-0.77,-9.58,25.46,-0.01,0,0,,,,-0.4,-0.061,2.5,13.26,-0.01,,,
99.84,REGROUND,-24.21,-0.77,-9.58,25.47,-0.01,0,0,,,,-0.411,-0.063,1.8,13.26,-0.01,,,
99.89,REGROUND,-24.25,-0.78,-9.58,25.49,-0.01,0,0,,,,-0.4,-0.061,2.5,13.26,-0.01,,,
99.94,REGROUND,-24.25,-0.78,-9.58,25.5,-0.01,0,0,,,,-0.41,-0.063,1.8,13.26,-0.01,,,
99.99,REGROUND,-24.29,-0.78,-9.58,25.51,-0.01,0,0,,,,-0.4,-0.061,2.5,13.26,-0.01,,,
100.04,REGROUND,-24.29,-0.78,-9.58,25.52,-0.01,0,0,,,,-0.41,-0.063,1.9,13.26,-0.01,,,
100.09,REGROUND,-24.33,-0.78,-9.58,25.54,-0.01,0,0,,,,-0.4,-0.062,2.4,13.26,-0.01,,,
100.14,REGROUND,-24.33,-0.78,-9.58,25.55,-0.01,0,0,,,,-0.41,-0.063,1.8,13.26,-0.01,,,
100.19,REGROUND,-24.38,-0.78,-9.58,25.56,-0.01,0,0,,,,-0.4,-0.062,2.4,13.26,-0.01,,,
100.24,REGROUND,-24.38,-0.78,-9.58,25.57,-0.01,0,0,,,,-0.41,-0.064,1.8,13.26,-0.01,,,
100.29,REGROUND,-24.42,-0.78,-9.58,25.59,-0.01,0,0,,,,-0.4,-0.062,2.3,13.26,-0.01,,,
100.34,REGROUND,-24.42,-0.78,-9.58,25.6,-0.01,0,0,,,,-0.41,-0.064,3.9,13.26,-0.01,,,
100.39,REGROUND,-24.46,-0.78,-9.58,25.61,-0.01,0,0,,,,-0.4,-0.062,2.3,13.26,-0.01,,,
100.44,REGROUND,-24.46,-0.78,-9.58,25.62,-0.01,0,0,,,,-0.41,-0.064,1.9,13.26,-0.01,,,
100.49,REGROUND,-24.5,-0.78,-9.58,25.64,-0.01,0,0,,,,-0.4,-0.062,2.5,13.26,-0.01,,,
100.54,REGROUND,-24.5,-0.78,-9.58,25.65,-0.01,0,0,,,,-0.41,-0.064,1.8,13.26,-0.01,,,
100.59,REGROUND,-24.54,-0.78,-9.58,25.66,-0.01,0,0,,,,-0.4,-0.062,2.9,13.26,-0.01,,,
100.64,REGROUND,-24.54,-0.78,-9.58,25.67,-0.01,0,0,,,,-0.411,-0.064,2.0,13.26,-0.01,,,
100.69,REGROUND,-24.58,-0.78,-9.58,25.69,-0.01,0,0,,,,-0.4,-0.063,2.3,13.26,-0.01,,,
100.74,REGROUND,-24.58,-0.78,-9.58,25.7,-0.01,0,0,,,,-0.41,-0.064,1.8,13.26,-0.01,,,
100.79,REGROUND,-24.62,-0.78,-9.58,25.71,-0.01,0,0,,,,-0.4,-0.063,2.5,13.26,-0.01,,,
100.84,REGROUND,-24.62,-0.78,-9.58,25.72,-0.01,0,0,,,,-0.411,-0.064,1.7,13.26,-0.01,,,
100.89,REGROUND,-24.66,-0.78,-9.58,25.74,-0.01,0,0,,,,-0.4,-0.063,2.4,13.26,-0.01,,,
100.94,REGROUND,-24.66,-0.78,-9.58,25.75,-0.01,0,0,,,,-0.411,-0.064,1.8,13.26,-0.01,,,
100.99,REGROUND,-24.7,-0.78,-9.58,25.76,-0.01,0,0,,,,-0.401,-0.063,2.3,13.26,-0.01,,,
101.04,REGROUND,-24.7,-0.78,-9.58,25.77,-0.01,0,0,,,,-0.411,-0.064,1.8,13.26,-0.01,,,
101.09,REGROUND,-24.74,-0.79,-9.58,25.79,-0.01,0,0,,,,-0.4,-0.063,2.2,13.26,-0.01,,,
101.14,REGROUND,-24.74,-0.79,-9.58,25.8,-0.01,0,0,,,,-0.411,-0.064,1.9,13.26,-0.01,,,
101.19,REGROUND,-24.78,-0.79,-9.58,25.81,-0.01,0,0,,,,-0.401,-0.063,2.5,13.26,-0.01,,,
101.24,REGROUND,-24.78,-0.79,-9.58,25.83,-0.01,0,0,,,,-0.411,-0.064,1.9,13.26,-0.01,,,
101.29,REGROUND,-24.83,-0.79,-9.58,25.84,-0.01,0,0,,,,-0.401,-0.063,2.5,13.26,-0.01,,,
101.34,REGROUND,-24.83,-0.79,-9.58,25.85,-0.01,0,0,,,,-0.411,-0.064,1.8,13.26,-0.01,,,
101.39,REGROUND,-24.87,-0.79,-9.58,25.86,-0.01,0,0,,,,-0.401,-0.062,2.5,13.26,-0.01,,,
101.44,REGROUND,-24.87,-0.79,-9.58,25.88,-0.01,0,0,,,,-0.411,-0.064,1.8,13.26,-0.01,,,
101.49,REGROUND,-24.91,-0.79,-9.58,25.89,-0.01,0,0,,,,-0.401,-0.062,2.4,13.26,-0.01,,,
101.54,REGROUND,-24.91,-0.79,-9.58,25.9,-0.01,0,0,,,,-0.411,-0.064,1.7,13.26,-0.01,,,
101.59,REGROUND,-24.95,-0.79,-9.58,25.91,-0.01,0,0,,,,-0.401,-0.062,2.4,13.26,-0.01,,,
101.64,REGROUND,-24.95,-0.79,-9.58,25.93,-0.01,0,0,,,,-0.412,-0.064,1.9,13.26,-0.01,,,
101.69,REGROUND,-24.99,-0.79,-9.58,25.94,-0.01,0,0,,,,-0.402,-0.062,2.3,13.26,-0.01,,,
101.74,REGROUND,-24.99,-0.79,-9.58,25.95,-0.01,0,0,,,,-0.412,-0.064,1.8,13.26,-0.01,,,
101.79,REGROUND,-25.03,-0.79,-9.58,25.96,-0.01,0,0,,,,-0.402,-0.062,2.3,13.26,-0.01,,,
101.84,REGROUND,-25.03,-0.79,-9.58,25.98,-0.01,0,0,,,,-0.412,-0.064,1.8,13.26,-0.01,,,
101.89,REGROUND,-25.07,-0.8,-9.58,25.99,-0.01,0,0,,,,-0.402,-0.062,2.5,13.26,-0.01,,,
101.94,REGROUND,-25.07,-0.8,-9.58,26.0,-0.01,0,0,,,,-0.412,-0.064,1.8,13.26,-0.01,,,
101.99,REGROUND,-25.11,-0.8,-9.58,26.01,-0.01,0,0,,,,-0.402,-0.062,2.5,13.26,-0.01,,,
102.04,REGROUND,-25.11,-0.8,-9.58,26.03,-0.01,0,0,,,,-0.412,-0.064,2.0,13.26,-0.01,,,
102.09,REGROUND,-25.15,-0.8,-9.58,26.04,-0.01,0,0,,,,-0.402,-0.062,2.4,13.26,-0.01,,,
102.14,REGROUND,-25.15,-0.8,-9.58,26.05,-0.01,0,0,,,,-0.412,-0.064,1.8,13.26,-0.01,,,
102.19,REGROUND,-25.19,-0.8,-9.58,26.06,-0.01,0,0,,,,-0.402,-0.062,2.5,13.26,-0.01,,,
102.24,REGROUND,-25.19,-0.8,-9.58,26.08,-0.01,0,0,,,,-0.412,-0.063,1.7,13.26,-0.01,,,
102.29,REGROUND,-25.23,-0.8,-9.58,26.09,-0.01,0,0,,,,-0.402,-0.062,2.4,13.26,-0.01,,,
102.34,REGROUND,-25.23,-0.8,-9.58,26.1,-0.01,0,0,,,,-0.412,-0.063,1.8,13.26,-0.01,,,
102.39,REGROUND,-25.28,-0.8,-9.58,26.11,-0.01,0,0,,,,-0.402,-0.062,2.4,13.26,-0.01,,,
102.45,REGROUND,-25.28,-0.8,-9.58,26.13,-0.01,0,0,,,,-0.412,-0.063,1.8,13.26,-0.01,,,
102.5,REGROUND,-25.32,-0.8,-9.58,26.14,-0.01,0,0,,,,-0.401,-0.062,2.3,13.26,-0.01,,,
102.55,REGROUND,-25.36,-0.8,-9.58,26.15,-0.01,0,0,,,,-0.391,-0.06,4.1,13.26,-0.01,,,
102.6,REGROUND,-25.36,-0.8,-9.58,26.16,-0.01,0,0,,,,-0.401,-0.062,2.4,13.26,-0.01,,,
102.65,REGROUND,-25.36,-0.8,-9.58,26.18,-0.01,0,0,,,,-0.412,-0.063,2.2,13.26,-0.01,,,
102.7,REGROUND,-25.4,-0.81,-9.58,26.19,-0.01,0,0,,,,-0.401,-0.062,2.8,13.26,-0.01,,,
102.75,REGROUND,-25.4,-0.81,-9.58,26.2,-0.01,0,0,,,,-0.411,-0.063,2.2,13.26,-0.01,,,
102.8,REGROUND,-25.44,-0.81,-9.58,26.21,-0.01,0,0,,,,-0.401,-0.061,2.9,13.26,-0.01,,,
102.85,REGROUND,-25.44,-0.81,-9.58,26.23,-0.01,0,0,,,,-0.411,-0.063,2.3,13.26,-0.01,,,
102.9,REGROUND,-25.48,-0.81,-9.58,26.24,-0.01,0,0,,,,-0.401,-0.061,2.6,13.26,-0.01,,,
102.95,REGROUND,-25.48,-0.81,-9.58,26.25,-0.01,0,0,,,,-0.411,-0.063,1.8,13.26,-0.01,,,
103.0,REGROUND,-25.52,-0.81,-9.58,26.26,-0.01,0,0,,,,-0.401,-0.061,2.5,13.26,-0.01,,,
103.05,REGROUND,-25.52,-0.81,-9.58,26.28,-0.01,0,0,,,,-0.411,-0.062,1.6,13.26,-0.01,,,
103.1,REGROUND,-25.56,-0.81,-9.58,26.29,-0.01,0,0,,,,-0.401,-0.061,2.3,13.26,-0.01,,,
103.15,REGROUND,-25.61,-0.81,-9.58,26.3,-0.01,0,0,,,,-0.391,-0.059,2.3,13.26,-0.01,,,
103.2,REGROUND,-25.61,-0.81,-9.58,26.31,-0.01,0,0,,,,-0.401,-0.06,1.8,13.26,-0.01,,,
103.25,REGROUND,-25.61,-0.81,-9.58,26.33,-0.01,0,0,,,,-0.411,-0.062,1.8,13.26,-0.01,,,
103.3,REGROUND,-25.65,-0.81,-9.58,26.34,-0.01,0,0,,,,-0.401,-0.06,2.3,13.26,-0.01,,,
103.35,REGROUND,-25.65,-0.81,-9.58,26.35,-0.01,0,0,,,,-0.411,-0.062,1.9,13.26,-0.01,,,
103.4,REGROUND,-25.69,-0.82,-9.58,26.36,-0.01,0,0,,,,-0.401,-0.06,2.5,13.26,-0.01,,,
103.45,REGROUND,-25.69,-0.82,-9.58,26.38,-0.01,0,0,,,,-0.411,-0.062,1.8,13.26,-0.01,,,
103.5,REGROUND,-25.73,-0.82,-9.58,26.39,-0.01,0,0,,,,-0.401,-0.06,2.6,13.26,-0.01,,,
103.55,REGROUND,-25.73,-0.82,-9.58,26.4,-0.01,0,0,,,,-0.411,-0.062,1.9,13.26,-0.01,,,
103.6,REGROUND,-25.77,-0.82,-9.58,26.41,-0.01,0,0,,,,-0.401,-0.06,2.5,13.26,-0.01,,,
103.65,REGROUND,-25.81,-0.82,-9.58,26.43,-0.01,0,0,,,,-0.391,-0.059,2.5,13.26,-0.01,,,
103.7,REGROUND,-25.81,-0.82,-9.58,26.44,-0.01,0,0,,,,-0.401,-0.061,1.8,13.26,-0.01,,,
103.75,REGROUND,-25.85,-0.82,-9.58,26.45,-0.01,0,0,,,,-0.391,-0.059,2.5,13.26,-0.01,,,
103.8,REGROUND,-25.85,-0.82,-9.58,26.46,-0.01,0,0,,,,-0.401,-0.061,1.6,13.26,-0.01,,,
103.85,REGROUND,-25.89,-0.82,-9.58,26.48,-0.01,0,0,,,,-0.391,-0.06,2.4,13.26,-0.01,,,
103.9,REGROUND,-25.89,-0.82,-9.58,26.49,-0.01,0,0,,,,-0.401,-0.061,1.8,13.26,-0.01,,,
103.95,REGROUND,-25.89,-0.82,-9.58,26.5,-0.01,0,0,,,,-0.411,-0.063,1.8,13.26,-0.01,,,
104.0,REGROUND,-25.93,-0.82,-9.58,26.51,-0.01,0,0,,,,-0.401,-0.061,2.3,13.26,-0.01,,,
104.05,REGROUND,-25.93,-0.82,-9.58,26.53,-0.01,0,0,,,,-0.412,-0.063,1.9,13.26,-0.01,,,
104.1,REGROUND,-25.97,-0.82,-9.58,26.54,-0.01,0,0,,,,-0.402,-0.062,2.6,13.26,-0.01,,,
104.15,REGROUND,-25.97,-0.82,-9.58,26.55,-0.01,0,0,,,,-0.412,-0.063,1.9,13.26,-0.01,,,
104.2,REGROUND,-26.01,-0.82,-9.58,26.56,-0.01,0,0,,,,-0.402,-0.062,2.5,13.26,-0.01,,,
104.25,REGROUND,-26.05,-0.82,-9.58,26.58,-0.01,0,0,,,,-0.392,-0.061,2.5,13.26,-0.01,,,
104.3,REGROUND,-26.05,-0.82,-9.58,26.59,-0.01,0,0,,,,-0.402,-0.062,1.8,13.26,-0.01,,,
104.35,REGROUND,-26.09,-0.82,-9.58,26.6,-0.01,0,0,,,,-0.392,-0.061,2.5,13.26,-0.01,,,
104.4,REGROUND,-26.09,-0.82,-9.58,26.61,-0.01,0,0,,,,-0.402,-0.062,1.8,13.26,-0.01,,,
104.45,REGROUND,-26.13,-0.82,-9.58,26.63,-0.01,0,0,,,,-0.392,-0.061,2.4,13.26,-0.01,,,
104.5,REGROUND,-26.13,-0.82,-9.58,26.64,-0.01,0,0,,,,-0.403,-0.063,1.7,13.26,-0.01,,,
104.55,REGROUND,-26.18,-0.83,-9.58,26.65,-0.01,0,0,,,,-0.393,-0.061,2.5,13.26,-0.01,,,
104.6,REGROUND,-26.18,-0.83,-9.58,26.66,-0.01,0,0,,,,-0.403,-0.063,1.8,13.26,-0.01,,,
104.65,REGROUND,-26.18,-0.83,-9.58,26.68,-0.01,0,0,,,,-0.413,-0.064,2.0,13.26,-0.01,,,
104.7,REGROUND,-26.22,-0.83,-9.58,26.69,-0.01,0,0,,,,-0.403,-0.063,2.4,13.26,-0.01,,,
104.75,REGROUND,-26.22,-0.83,-9.58,26.7,-0.01,0,0,,,,-0.413,-0.064,3.4,13.26,-0.01,,,
104.8,REGROUND,-26.26,-0.83,-9.58,26.71,-0.01,0,0,,,,-0.403,-0.063,2.6,13.26,-0.01,,,
104.85,REGROUND,-26.3,-0.83,-9.58,26.73,-0.01,0,0,,,,-0.393,-0.061,2.6,13.26,-0.01,,,
104.9,REGROUND,-26.3,-0.83,-9.58,26.74,-0.01,0,0,,,,-0.404,-0.063,1.9,13.26,-0.01,,,
104.95,REGROUND,-26.34,-0.83,-9.58,26.75,-0.01,0,0,,,,-0.394,-0.061,2.5,13.26,-0.01,,,
105.0,REGROUND,-26.34,-0.83,-9.58,26.76,-0.01,0,0,,,,-0.404,-0.063,1.8,13.26,-0.01,,,
105.05,REGROUND,-26.38,-0.83,-9.58,26.78,-0.01,0,0,,,,-0.394,-0.061,2.5,13.26,-0.01,,,
105.1,REGROUND,-26.38,-0.83,-9.58,26.79,-0.01,0,0,,,,-0.404,-0.063,1.8,13.26,-0.01,,,
105.15,REGROUND,-26.42,-0.83,-9.58,26.8,-0.01,0,0,,,,-0.394,-0.061,2.4,13.26,-0.01,,,
105.2,REGROUND,-26.42,-0.83,-9.58,26.81,-0.01,0,0,,,,-0.404,-0.063,1.7,13.26,-0.01,,,
105.25,REGROUND,-26.42,-0.83,-9.58,26.83,-0.01,0,0,,,,-0.414,-0.064,1.8,13.26,-0.01,,,
105.3,REGROUND,-26.46,-0.83,-9.58,26.84,-0.01,0,0,,,,-0.404,-0.063,2.4,13.26,-0.01,,,
105.35,REGROUND,-26.46,-0.83,-9.58,26.85,-0.01,0,0,,,,-0.414,-0.064,1.8,13.26,-0.01,,,
105.4,REGROUND,-26.5,-0.83,-9.58,26.86,-0.01,0,0,,,,-0.404,-0.063,2.3,13.26,-0.01,,,
105.45,REGROUND,-26.54,-0.84,-9.58,26.88,-0.01,0,0,,,,-0.394,-0.061,2.3,13.26,-0.01,,,
105.5,REGROUND,-26.54,-0.84,-9.58,26.89,-0.01,0,0,,,,-0.404,-0.063,1.8,13.26,-0.01,,,
105.55,REGROUND,-26.58,-0.84,-9.58,26.9,-0.01,0,0,,,,-0.394,-0.061,2.5,13.26,-0.01,,,
105.6,REGROUND,-26.58,-0.84,-9.58,26.91,-0.01,0,0,,,,-0.404,-0.063,1.9,13.26,-0.01,,,
105.65,REGROUND,-26.62,-0.84,-9.58,26.93,-0.01,0,0,,,,-0.394,-0.061,2.6,13.26,-0.01,,,
105.7,REGROUND,-26.62,-0.84,-9.58,26.94,-0.01,0,0,,,,-0.404,-0.063,1.8,13.26,-0.01,,,
105.75,REGROUND,-26.66,-0.84,-9.58,26.95,-0.01,0,0,,,,-0.394,-0.061,2.5,13.26,-0.01,,,
105.8,REGROUND,-26.66,-0.84,-9.58,26.96,-0.01,0,0,,,,-0.405,-0.063,1.8,13.26,-0.01,,,
105.85,REGROUND,-26.71,-0.84,-9.58,26.98,-0.01,0,0,,,,-0.395,-0.061,2.5,13.26,-0.01,,,
105.9,REGROUND,-26.71,-0.84,-9.58,26.99,-0.01,0,0,,,,-0.405,-0.063,1.8,13.26,-0.01,,,
105.95,REGROUND,-26.71,-0.84,-9.58,27.0,-0.01,0,0,,,,-0.415,-0.064,1.8,13.26,-0.01,,,
106.0,REGROUND,-26.75,-0.84,-9.58,27.01,-0.01,0,0,,,,-0.405,-0.063,2.5,13.26,-0.01,,,
106.05,REGROUND,-26.79,-0.84,-9.58,27.03,-0.01,0,0,,,,-0.395,-0.061,2.3,13.26,-0.01,,,
106.1,REGROUND,-26.79,-0.84,-9.58,27.04,-0.01,0,0,,,,-0.405,-0.063,1.8,13.26,-0.01,,,
106.15,REGROUND,-26.83,-0.84,-9.58,27.05,-0.01,0,0,,,,-0.395,-0.061,2.3,13.26,-0.01,,,
106.2,REGROUND,-26.83,-0.84,-9.58,27.06,-0.01,0,0,,,,-0.406,-0.062,1.8,13.26,-0.01,,,
106.25,REGROUND,-26.87,-0.85,-9.58,27.08,-0.01,0,0,,,,-0.396,-0.061,2.5,13.26,-0.01,,,
106.3,REGROUND,-26.87,-0.85,-9.58,27.09,-0.01,0,0,,,,-0.406,-0.062,1.8,13.26,-0.01,,,
106.35,REGROUND,-26.91,-0.85,-9.58,27.1,-0.01,0,0,,,,-0.396,-0.06,2.5,13.26,-0.01,,,
106.4,REGROUND,-26.91,-0.85,-9.58,27.11,-0.01,0,0,,,,-0.406,-0.062,1.8,13.26,-0.01,,,
106.45,REGROUND,-26.95,-0.85,-9.58,27.13,-0.01,0,0,,,,-0.396,-0.06,2.5,13.26,-0.01,,,
106.5,REGROUND,-26.95,-0.85,-9.58,27.14,-0.01,0,0,,,,-0.406,-0.062,1.8,13.26,-0.01,,,
106.55,REGROUND,-26.99,-0.85,-9.58,27.15,-0.01,0,0,,,,-0.397,-0.06,2.5,13.26,-0.01,,,
106.6,REGROUND,-26.99,-0.85,-9.58,27.16,-0.01,0,0,,,,-0.407,-0.062,1.8,13.26,-0.01,,,
106.65,REGROUND,-27.03,-0.85,-9.58,27.18,-0.01,0,0,,,,-0.397,-0.06,2.4,13.26,-0.01,,,
106.7,REGROUND,-27.03,-0.85,-9.58,27.19,-0.01,0,0,,,,-0.407,-0.062,1.7,13.26,-0.01,,,
106.75,REGROUND,-27.07,-0.85,-9.58,27.2,-0.01,0,0,,,,-0.397,-0.06,2.4,13.26,-0.01,,,
106.8,REGROUND,-27.07,-0.85,-9.58,27.21,-0.01,0,0,,,,-0.407,-0.062,1.8,13.26,-0.01,,,
106.85,REGROUND,-27.11,-0.85,-9.58,27.23,-0.01,0,0,,,,-0.397,-0.06,2.6,13.26,-0.01,,,
106.9,REGROUND,-27.11,-0.85,-9.58,27.24,-0.01,0,0,,,,-0.408,-0.062,3.7,13.26,-0.01,,,
106.95,REGROUND,-27.15,-0.86,-9.58,27.25,-0.01,0,0,,,,-0.398,-0.06,2.6,13.26,-0.01,,,
107.0,REGROUND,-27.15,-0.86,-9.58,27.26,-0.01,0,0,,,,-0.408,-0.062,1.8,13.26,-0.01,,,
107.05,REGROUND,-27.19,-0.86,-9.58,27.28,-0.01,0,0,,,,-0.398,-0.06,2.6,13.26,-0.01,,,
107.1,REGROUND,-27.19,-0.86,-9.58,27.29,-0.01,0,0,,,,-0.408,-0.062,1.9,13.26,-0.01,,,
107.15,REGROUND,-27.23,-0.86,-9.58,27.3,-0.01,0,0,,,,-0.398,-0.06,2.3,13.26,-0.01,,,
107.2,REGROUND,-27.23,-0.86,-9.58,27.31,-0.01,0,0,,,,-0.408,-0.062,1.8,13.26,-0.01,,,
107.25,REGROUND,-27.27,-0.86,-9.58,27.33,-0.01,0,0,,,,-0.398,-0.06,2.5,13.26,-0.01,,,
107.3,REGROUND,-27.27,-0.86,-9.58,27.34,-0.01,0,0,,,,-0.408,-0.062,1.8,13.26,-0.01,,,
107.35,REGROUND,-27.31,-0.86,-9.58,27.35,-0.01,0,0,,,,-0.398,-0.06,2.5,13.26,-0.01,,,
107.4,REGROUND,-27.31,-0.86,-9.58,27.36,-0.01,0,0,,,,-0.408,-0.062,1.7,13.26,-0.01,,,
107.45,REGROUND,-27.35,-0.86,-9.58,27.38,-0.01,0,0,,,,-0.398,-0.06,2.4,13.26,-0.01,,,
107.5,REGROUND,-27.35,-0.86,-9.58,27.39,-0.01,0,0,,,,-0.409,-0.062,2.3,13.26,-0.01,,,
107.55,REGROUND,-27.39,-0.86,-9.58,27.4,-0.01,0,0,,,,-0.399,-0.06,2.3,13.26,-0.01,,,
107.6,REGROUND,-27.39,-0.86,-9.58,27.41,-0.01,0,0,,,,-0.409,-0.062,1.8,13.26,-0.01,,,
107.65,REGROUND,-27.43,-0.86,-9.58,27.43,-0.01,0,0,,,,-0.399,-0.061,2.5,13.26,-0.01,,,
107.7,REGROUND,-27.43,-0.86,-9.58,27.44,-0.01,0,0,,,,-0.409,-0.062,1.7,13.26,-0.01,,,
107.75,REGROUND,-27.48,-0.86,-9.58,27.45,-0.01,0,0,,,,-0.4,-0.061,2.5,13.26,-0.01,,,
107.8,REGROUND,-27.48,-0.86,-9.58,27.46,-0.01,0,0,,,,-0.41,-0.062,1.9,13.26,-0.01,,,
107.85,REGROUND,-27.52,-0.86,-9.58,27.48,-0.01,0,0,,,,-0.4,-0.061,2.5,13.26,-0.01,,,
107.9,REGROUND,-27.52,-0.86,-9.58,27.49,-0.01,0,0,,,,-0.41,-0.063,1.8,13.26,-0.01,,,
107.95,REGROUND,-27.56,-0.86,-9.58,27.5,-0.01,0,0,,,,-0.4,-0.061,2.5,13.26,-0.01,,,
108.0,REGROUND,-27.56,-0.86,-9.58,27.51,-0.01,0,0,,,,-0.41,-0.063,1.8,13.26,-0.01,,,
108.05,REGROUND,-27.6,-0.86,-9.58,27.53,-0.01,0,0,,,,-0.4,-0.062,2.3,13.26,-0.01,,,
108.1,REGROUND,-27.6,-0.86,-9.58,27.54,-0.01,0,0,,,,-0.41,-0.063,1.8,13.26,-0.01,,,
108.15,REGROUND,-27.64,-0.87,-9.58,27.55,-0.01,0,0,,,,-0.4,-0.062,2.4,13.26,-0.01,,,
108.2,REGROUND,-27.64,-0.87,-9.58,27.56,-0.01,0,0,,,,-0.41,-0.063,1.8,13.26,-0.01,,,
108.25,REGROUND,-27.68,-0.87,-9.58,27.58,-0.01,0,0,,,,-0.4,-0.062,2.4,13.26,-0.01,,,
108.3,REGROUND,-27.68,-0.87,-9.58,27.59,-0.01,0,0,,,,-0.41,-0.064,1.8,13.26,-0.01,,,
108.35,REGROUND,-27.72,-0.87,-9.58,27.6,-0.01,0,0,,,,-0.4,-0.062,2.3,13.26,-0.01,,,
108.4,REGROUND,-27.72,-0.87,-9.58,27.62,-0.01,0,0,,,,-0.41,-0.064,1.8,13.26,-0.01,,,
108.45,REGROUND,-27.76,-0.87,-9.58,27.63,-0.01,0,0,,,,-0.4,-0.063,2.5,13.26,-0.01,,,
108.5,REGROUND,-27.76,-0.87,-9.58,27.64,-0.01,0,0,,,,-0.41,-0.064,1.8,13.26,-0.01,,,
108.55,REGROUND,-27.8,-0.87,-9.58,27.65,-0.01,0,0,,,,-0.4,-0.063,2.6,13.26,-0.01,,,
108.6,REGROUND,-27.8,-0.87,-9.58,27.67,-0.01,0,0,,,,-0.411,-0.065,1.9,13.26,-0.01,,,
108.65,REGROUND,-27.84,-0.87,-9.58,27.68,-0.01,0,0,,,,-0.4,-0.063,2.3,13.26,-0.01,,,
108.7,REGROUND,-27.84,-0.87,-9.58,27.69,-0.01,0,0,,,,-0.411,-0.065,1.8,13.26,-0.01,,,
108.75,REGROUND,-27.88,-0.87,-9.58,27.7,-0.01,0,0,,,,-0.4,-0.063,2.5,13.26,-0.01,,,
108.8,REGROUND,-27.88,-0.87,-9.58,27.72,-0.01,0,0,,,,-0.411,-0.065,1.7,13.26,-0.01,,,
108.85,REGROUND,-27.92,-0.87,-9.58,27.73,-0.01,0,0,,,,-0.4,-0.064,2.9,13.26,-0.01,,,
108.9,REGROUND,-27.92,-0.87,-9.58,27.74,-0.01,0,0,,,,-0.41,-0.065,2.0,13.26,-0.01,,,
108.95,REGROUND,-27.97,-0.87,-9.58,27.75,-0.01,0,0,,,,-0.4,-0.064,2.3,13.26,-0.01,,,
109.0,REGROUND,-27.97,-0.87,-9.58,27.77,-0.01,0,0,,,,-0.41,-0.065,1.6,13.26,-0.01,,,
109.05,REGROUND,-28.01,-0.87,-9.58,27.78,-0.01,0,0,,,,-0.4,-0.064,3.8,13.26,-0.01,,,
109.1,REGROUND,-28.01,-0.87,-9.58,27.79,-0.01,0,0,,,,-0.41,-0.065,1.9,13.26,-0.01,,,
109.15,REGROUND,-28.05,-0.87,-9.58,27.8,-0.01,0,0,,,,-0.4,-0.064,2.5,13.26,-0.01,,,
109.2,REGROUND,-28.05,-0.87,-9.58,27.82,-0.01,0,0,,,,-0.41,-0.065,1.9,13.26,-0.01,,,
109.25,REGROUND,-28.09,-0.87,-9.58,27.83,-0.01,0,0,,,,-0.4,-0.063,2.6,13.26,-0.01,,,
109.3,REGROUND,-28.09,-0.87,-9.58,27.84,-0.01,0,0,,,,-0.41,-0.065,1.8,13.26,-0.01,,,
109.35,REGROUND,-28.13,-0.88,-9.58,27.85,-0.01,0,0,,,,-0.4,-0.063,2.6,13.26,-0.01,,,
109.4,REGROUND,-28.13,-0.88,-9.58,27.87,-0.01,0,0,,,,-0.41,-0.065,1.8,13.26,-0.01,,,
109.45,REGROUND,-28.17,-0.88,-9.58,27.88,-0.01,0,0,,,,-0.4,-0.063,2.4,13.26,-0.01,,,
109.5,REGROUND,-28.17,-0.88,-9.58,27.89,-0.01,0,0,,,,-0.41,-0.065,1.8,13.26,-0.01,,,
109.55,REGROUND,-28.21,-0.88,-9.58,27.9,-0.01,0,0,,,,-0.399,-0.063,2.4,13.26,-0.01,,,
109.61,REGROUND,-28.21,-0.88,-9.58,27.92,-0.01,0,0,,,,-0.41,-0.064,2.0,13.26,-0.01,,,
109.66,REGROUND,-28.25,-0.88,-9.58,27.93,-0.01,0,0,,,,-0.399,-0.063,2.4,13.26,-0.01,,,
109.71,REGROUND,-28.25,-0.88,-9.58,27.94,-0.01,0,0,,,,-0.409,-0.064,1.8,13.26,-0.01,,,
109.76,REGROUND,-28.3,-0.88,-9.58,27.95,-0.01,0,0,,,,-0.4,-0.062,2.3,13.26,-0.01,,,
109.81,REGROUND,-28.3,-0.88,-9.58,27.97,-0.01,0,0,,,,-0.41,-0.064,1.8,13.26,-0.01,,,
109.86,REGROUND,-28.34,-0.88,-9.58,27.98,-0.01,0,0,,,,-0.399,-0.062,2.5,13.26,-0.01,,,
109.91,REGROUND,-28.34,-0.88,-9.58,27.99,-0.01,0,0,,,,-0.41,-0.064,1.9,13.26,-0.01,,,
109.96,REGROUND,-28.38,-0.88,-9.58,28.0,-0.01,0,0,,,,-0.399,-0.062,2.5,13.26,-0.01,,,
110.01,REGROUND,-28.38,-0.88,-9.58,28.02,-0.01,0,0,,,,-0.41,-0.064,2.0,13.26,-0.01,,,
110.06,REGROUND,-28.42,-0.89,-9.58,28.03,-0.01,0,0,,,,-0.399,-0.062,2.6,13.26,-0.01,,,
110.11,REGROUND,-28.42,-0.89,-9.58,28.04,-0.01,0,0,,,,-0.41,-0.064,1.8,13.26,-0.01,,,
110.16,REGROUND,-28.46,-0.89,-9.58,28.05,-0.01,0,0,,,,-0.399,-0.062,2.3,13.26,-0.01,,,
110.21,REGROUND,-28.46,-0.89,-9.58,28.07,-0.01,0,0,,,,-0.409,-0.063,1.7,13.26,-0.01,,,
110.26,REGROUND,-28.5,-0.89,-9.58,28.08,-0.01,0,0,,,,-0.399,-0.062,2.5,13.26,-0.01,,,
110.31,REGROUND,-28.5,-0.89,-9.58,28.09,-0.01,0,0,,,,-0.409,-0.063,1.7,13.26,-0.01,,,
110.36,REGROUND,-28.54,-0.89,-9.58,28.1,-0.01,0,0,,,,-0.399,-0.061,2.4,13.26,-0.01,,,
110.41,REGROUND,-28.54,-0.89,-9.58,28.12,-0.01,0,0,,,,-0.41,-0.063,1.8,13.26,-0.01,,,
110.46,REGROUND,-28.58,-0.89,-9.58,28.13,-0.01,0,0,,,,-0.4,-0.061,2.4,13.26,-0.01,,,
110.51,REGROUND,-28.58,-0.89,-9.58,28.14,-0.01,0,0,,,,-0.41,-0.063,1.8,13.26,-0.01,,,
110.56,REGROUND,-28.62,-0.89,-9.58,28.15,-0.01,0,0,,,,-0.4,-0.061,2.3,13.26,-0.01,,,
110.61,REGROUND,-28.62,-0.89,-9.58,28.17,-0.01,0,0,,,,-0.41,-0.062,1.9,13.26,-0.01,,,
110.66,REGROUND,-28.66,-0.9,-9.58,28.18,-0.01,0,0,,,,-0.4,-0.061,2.6,13.26,-0.01,,,
110.71,REGROUND,-28.66,-0.9,-9.58,28.19,-0.01,0,0,,,,-0.41,-0.062,1.9,13.26,-0.01,,,
110.76,REGROUND,-28.7,-0.9,-9.58,28.2,-0.01,0,0,,,,-0.401,-0.06,2.6,13.26,-0.01,,,
110.81,REGROUND,-28.7,-0.9,-9.58,28.22,-0.01,0,0,,,,-0.411,-0.062,1.8,13.26,-0.01,,,
110.86,REGROUND,-28.74,-0.9,-9.58,28.23,-0.01,0,0,,,,-0.401,-0.06,2.5,13.26,-0.01,,,
110.91,REGROUND,-28.74,-0.9,-9.58,28.24,-0.01,0,0,,,,-0.411,-0.062,1.8,13.26,-0.01,,,
110.96,REGROUND,-28.79,-0.9,-9.58,28.25,-0.01,0,0,,,,-0.401,-0.06,2.5,13.26,-0.01,,,
111.01,REGROUND,-28.79,-0.9,-9.58,28.27,-0.01,0,0,,,,-0.411,-0.062,1.8,13.26,-0.01,,,
111.06,REGROUND,-28.83,-0.9,-9.58,28.28,-0.01,0,0,,,,-0.401,-0.06,2.4,13.26,-0.01,,,
111.11,REGROUND,-28.83,-0.9,-9.58,28.29,-0.01,0,0,,,,-0.412,-0.062,1.8,13.26,-0.01,,,
111.16,REGROUND,-28.87,-0.9,-9.58,28.3,-0.01,0,0,,,,-0.402,-0.06,2.4,13.26,-0.01,,,
111.21,REGROUND,-28.87,-0.9,-9.58,28.32,-0.01,0,0,,,,-0.412,-0.061,1.8,13.26,-0.01,,,
111.26,REGROUND,-28.91,-0.9,-9.58,28.33,-0.01,0,0,,,,-0.402,-0.06,3.8,13.26,-0.01,,,
111.31,REGROUND,-28.91,-0.9,-9.58,28.34,-0.01,0,0,,,,-0.412,-0.062,1.8,13.26,-0.01,,,
111.36,REGROUND,-28.95,-0.91,-9.58,28.35,-0.01,0,0,,,,-0.402,-0.06,2.5,13.26,-0.01,,,
111.41,REGROUND,-28.95,-0.91,-9.58,28.37,-0.01,0,0,,,,-0.412,-0.061,1.9,13.26,-0.01,,,
111.46,REGROUND,-28.99,-0.91,-9.58,28.38,-0.01,0,0,,,,-0.402,-0.06,2.5,13.26,-0.01,,,
111.51,REGROUND,-28.99,-0.91,-9.58,28.39,-0.01,0,0,,,,-0.412,-0.062,1.9,13.26,-0.01,,,
111.56,REGROUND,-29.03,-0.91,-9.58,28.4,-0.01,0,0,,,,-0.402,-0.06,2.3,13.26,-0.01,,,
111.61,REGROUND,-29.03,-0.91,-9.58,28.42,-0.01,0,0,,,,-0.412,-0.062,1.8,13.26,-0.01,,,
111.66,REGROUND,-29.07,-0.91,-9.58,28.43,-0.01,0,0,,,,-0.402,-0.06,2.6,13.26,-0.01,,,
111.71,REGROUND,-29.07,-0.91,-9.58,28.44,-0.01,0,0,,,,-0.412,-0.062,1.7,13.26,-0.01,,,
111.76,REGROUND,-29.11,-0.91,-9.58,28.45,-0.01,0,0,,,,-0.402,-0.06,2.6,13.26,-0.01,,,
111.81,REGROUND,-29.11,-0.91,-9.58,28.47,-0.01,0,0,,,,-0.412,-0.062,1.8,13.26,-0.01,,,
111.86,REGROUND,-29.15,-0.91,-9.58,28.48,-0.01,0,0,,,,-0.401,-0.061,2.4,13.26,-0.01,,,
111.91,REGROUND,-29.15,-0.91,-9.58,28.49,-0.01,0,0,,,,-0.411,-0.062,1.8,13.26,-0.01,,,
111.96,REGROUND,-29.2,-0.91,-9.58,28.5,-0.01,0,0,,,,-0.401,-0.061,2.3,13.26,-0.01,,,
112.01,REGROUND,-29.2,-0.91,-9.58,28.52,-0.01,0,0,,,,-0.411,-0.062,1.8,13.26,-0.01,,,
112.06,REGROUND,-29.24,-0.91,-9.58,28.53,-0.01,0,0,,,,-0.401,-0.061,2.4,13.26,-0.01,,,
112.11,REGROUND,-29.24,-0.91,-9.58,28.54,-0.01,0,0,,,,-0.411,-0.063,2.0,13.26,-0.01,,,
112.16,REGROUND,-29.28,-0.91,-9.58,28.55,-0.01,0,0,,,,-0.401,-0.061,2.5,13.26,-0.01,,,
112.21,REGROUND,-29.28,-0.91,-9.58,28.57,-0.01,0,0,,,,-0.411,-0.063,2.0,13.26,-0.01,,,
112.26,REGROUND,-29.32,-0.91,-9.58,28.58,-0.01,0,0,,,,-0.4,-0.062,2.5,13.26,-0.01,,,
112.31,REGROUND,-29.32,-0.91,-9.58,28.59,-0.01,0,0,,,,-0.41,-0.063,1.8,13.26,-0.01,,,
112.36,REGROUND,-29.36,-0.91,-9.58,28.6,-0.01,0,0,,,,-0.4,-0.062,2.6,13.26,-0.01,,,
112.41,REGROUND,-29.36,-0.91,-9.58,28.62,-0.01,0,0,,,,-0.41,-0.064,1.8,13.26,-0.01,,,
112.46,REGROUND,-29.4,-0.91,-9.58,28.63,-0.01,0,0,,,,-0.4,-0.062,2.3,13.26,-0.01,,,
112.51,REGROUND,-29.4,-0.91,-9.58,28.64,-0.01,0,0,,,,-0.41,-0.064,1.8,13.26,-0.01,,,
112.56,REGROUND,-29.44,-0.91,-9.58,28.65,-0.01,0,0,,,,-0.4,-0.063,2.3,13.26,-0.01,,,
112.61,REGROUND,-29.44,-0.91,-9.58,28.67,-0.01,0,0,,,,-0.41,-0.064,1.8,13.26,-0.01,,,
112.66,REGROUND,-29.48,-0.91,-9.58,28.68,-0.01,0,0,,,,-0.4,-0.063,2.3,13.26,-0.01,,,
112.71,REGROUND,-29.48,-0.91,-9.58,28.69,-0.01,0,0,,,,-0.41,-0.064,1.8,13.26,-0.01,,,
112.76,REGROUND,-29.53,-0.91,-9.58,28.7,-0.01,0,0,,,,-0.4,-0.063,2.4,13.26,-0.01,,,
112.81,REGROUND,-29.53,-0.91,-9.58,28.72,-0.01,0,0,,,,-0.41,-0.064,1.8,13.26,-0.01,,,
112.86,REGROUND,-29.57,-0.92,-9.58,28.73,-0.01,0,0,,,,-0.4,-0.063,2.5,13.26,-0.01,,,
112.91,REGROUND,-29.57,-0.92,-9.58,28.74,-0.01,0,0,,,,-0.41,-0.065,1.9,13.26,-0.01,,,
112.96,REGROUND,-29.61,-0.92,-9.58,28.75,-0.01,0,0,,,,-0.4,-0.063,2.5,13.26,-0.01,,,
113.01,REGROUND,-29.61,-0.92,-9.58,28.77,-0.01,0,0,,,,-0.41,-0.064,1.8,13.26,-0.01,,,
113.06,REGROUND,-29.65,-0.92,-9.58,28.78,-0.01,0,0,,,,-0.4,-0.063,2.6,13.26,-0.01,,,
113.11,REGROUND,-29.65,-0.92,-9.58,28.79,-0.01,0,0,,,,-0.41,-0.065,1.8,13.26,-0.01,,,
113.16,REGROUND,-29.69,-0.92,-9.58,28.8,-0.01,0,0,,,,-0.4,-0.063,2.5,13.26,-0.01,,,
113.21,REGROUND,-29.69,-0.92,-9.58,28.82,-0.01,0,0,,,,-0.41,-0.064,1.8,13.26,-0.01,,,
113.26,REGROUND,-29.73,-0.92,-9.58,28.83,-0.01,0,0,,,,-0.4,-0.063,2.5,13.26,-0.01,,,
113.31,REGROUND,-29.73,-0.92,-9.58,28.84,-0.01,0,0,,,,-0.41,-0.065,1.8,13.26,-0.01,,,
113.36,REGROUND,-29.77,-0.92,-9.58,28.85,-0.01,0,0,,,,-0.4,-0.063,2.5,13.26,-0.01,,,
113.41,REGROUND,-29.77,-0.92,-9.58,28.87,-0.01,0,0,,,,-0.41,-0.064,1.8,13.26,-0.01,,,
113.46,REGROUND,-29.81,-0.92,-9.58,28.88,-0.01,0,0,,,,-0.4,-0.063,3.8,13.26,-0.01,,,
113.51,REGROUND,-29.81,-0.92,-9.58,28.89,-0.01,0,0,,,,-0.41,-0.065,1.7,13.26,-0.01,,,
113.56,REGROUND,-29.85,-0.92,-9.58,28.9,-0.01,0,0,,,,-0.4,-0.063,2.4,13.26,-0.01,,,
113.61,REGROUND,-29.85,-0.92,-9.58,28.92,-0.01,0,0,,,,-0.41,-0.064,1.9,13.26,-0.01,,,
113.66,REGROUND,-29.9,-0.93,-9.58,28.93,-0.01,0,0,,,,-0.4,-0.063,2.6,13.26,-0.01,,,
113.71,REGROUND,-29.9,-0.93,-9.58,28.94,-0.01,0,0,,,,-0.41,-0.064,1.8,13.26,-0.01,,,
113.76,REGROUND,-29.94,-0.93,-9.58,28.95,-0.01,0,0,,,,-0.4,-0.062,2.5,13.26,-0.01,,,
113.81,REGROUND,-29.94,-0.93,-9.58,28.97,-0.01,0,0,,,,-0.41,-0.064,2.2,13.26,-0.01,,,
113.86,REGROUND,-29.98,-0.93,-9.58,28.98,-0.01,0,0,,,,-0.4,-0.062,2.6,13.26,-0.01,,,
113.91,REGROUND,-29.98,-0.93,-9.58,28.99,-0.01,0,0,,,,-0.41,-0.064,1.8,13.26,-0.01,,,
113.96,REGROUND,-30.02,-0.93,-9.58,29.0,-0.01,0,0,,,,-0.4,-0.062,2.6,13.26,-0.01,,,
114.01,REGROUND,-30.02,-0.93,-9.58,29.02,-0.01,0,0,,,,-0.41,-0.064,1.8,13.26,-0.01,,,
114.06,REGROUND,-30.06,-0.93,-9.58,29.03,-0.01,0,0,,,,-0.4,-0.062,2.5,13.26,-0.01,,,
114.11,REGROUND,-30.06,-0.93,-9.58,29.04,-0.01,0,0,,,,-0.41,-0.064,1.7,13.26,-0.01,,,
114.16,REGROUND,-30.1,-0.93,-9.58,29.05,-0.01,0,0,,,,-0.4,-0.062,2.4,13.26,-0.01,,,
114.21,REGROUND,-30.1,-0.93,-9.58,29.07,-0.01,0,0,,,,-0.41,-0.064,1.8,13.26,-0.01,,,
114.26,REGROUND,-30.14,-0.93,-9.58,29.08,-0.01,0,0,,,,-0.399,-0.062,2.3,13.26,-0.01,,,
114.31,REGROUND,-30.14,-0.93,-9.58,29.09,-0.01,0,0,,,,-0.41,-0.064,1.8,13.26,-0.01,,,
114.36,REGROUND,-30.18,-0.93,-9.58,29.1,-0.01,0,0,,,,-0.399,-0.062,2.5,13.26,-0.01,,,
114.41,REGROUND,-30.18,-0.93,-9.58,29.12,-0.01,0,0,,,,-0.41,-0.063,1.8,13.26,-0.01,,,
114.46,REGROUND,-30.22,-0.94,-9.58,29.13,-0.01,0,0,,,,-0.399,-0.062,2.5,13.26,-0.01,,,
114.51,REGROUND,-30.22,-0.94,-9.58,29.14,-0.01,0,0,,,,-0.41,-0.063,1.8,13.26,-0.01,,,
114.56,REGROUND,-30.27,-0.94,-9.58,29.15,-0.01,0,0,,,,-0.4,-0.062,2.3,13.26,-0.01,,,
114.61,REGROUND,-30.27,-0.94,-9.58,29.17,-0.01,0,0,,,,-0.41,-0.063,1.8,13.26,-0.01,,,
114.66,REGROUND,-30.31,-0.94,-9.58,29.18,-0.01,0,0,,,,-0.4,-0.061,2.6,13.26,-0.01,,,
114.71,REGROUND,-30.31,-0.94,-9.58,29.19,-0.01,0,0,,,,-0.41,-0.063,1.8,13.26,-0.01,,,
114.76,REGROUND,-30.35,-0.94,-9.58,29.2,-0.01,0,0,,,,-0.4,-0.061,2.5,13.26,-0.01,,,
114.81,REGROUND,-30.35,-0.94,-9.58,29.22,-0.01,0,0,,,,-0.41,-0.063,1.8,13.26,-0.01,,,
114.86,REGROUND,-30.39,-0.94,-9.58,29.23,-0.01,0,0,,,,-0.4,-0.061,2.4,13.26,-0.01,,,
114.91,REGROUND,-30.39,-0.94,-9.58,29.24,-0.01,0,0,,,,-0.41,-0.063,1.8,13.26,-0.01,,,
114.96,REGROUND,-30.43,-0.94,-9.58,29.25,-0.01,0,0,,,,-0.4,-0.061,2.4,13.26,-0.01,,,
115.01,REGROUND,-30.43,-0.94,-9.58,29.27,-0.01,0,0,,,,-0.41,-0.062,1.9,13.26,-0.01,,,
115.06,REGROUND,-30.47,-0.94,-9.58,29.28,-0.01,0,0,,,,-0.4,-0.061,2.3,13.26,-0.01,,,
115.11,REGROUND,-30.47,-0.94,-9.58,29.29,-0.01,0,0,,,,-0.41,-0.062,1.9,13.26,-0.01,,,
115.16,REGROUND,-30.51,-0.95,-9.58,29.3,-0.01,0,0,,,,-0.4,-0.061,2.6,13.26,-0.01,,,
115.21,REGROUND,-30.51,-0.95,-9.58,29.32,-0.01,0,0,,,,-0.41,-0.062,1.9,13.26,-0.01,,,
115.26,REGROUND,-30.55,-0.95,-9.58,29.33,-0.01,0,0,,,,-0.4,-0.061,2.5,13.26,-0.01,,,
115.31,REGROUND,-30.55,-0.95,-9.58,29.34,-0.01,0,0,,,,-0.41,-0.062,1.8,13.26,-0.01,,,
115.36,REGROUND,-30.59,-0.95,-9.58,29.35,-0.01,0,0,,,,-0.4,-0.061,2.5,13.26,-0.01,,,
115.41,REGROUND,-30.59,-0.95,-9.58,29.37,-0.01,0,0,,,,-0.411,-0.062,1.8,13.26,-0.01,,,
115.46,REGROUND,-30.63,-0.95,-9.58,29.38,-0.01,0,0,,,,-0.401,-0.061,2.4,13.26,-0.01,,,
115.51,REGROUND,-30.63,-0.95,-9.58,29.39,-0.01,0,0,,,,-0.411,-0.063,1.8,13.26,-0.01,,,
115.56,REGROUND,-30.67,-0.95,-9.58,29.4,-0.01,0,0,,,,-0.401,-0.061,2.3,13.26,-0.01,,,
115.61,REGROUND,-30.67,-0.95,-9.58,29.42,-0.01,0,0,,,,-0.411,-0.063,3.5,13.26,-0.01,,,
115.66,REGROUND,-30.71,-0.95,-9.58,29.43,-0.01,0,0,,,,-0.401,-0.061,2.5,13.26,-0.01,,,
115.71,REGROUND,-30.71,-0.95,-9.58,29.44,-0.01,0,0,,,,-0.411,-0.063,1.8,13.26,-0.01,,,
115.76,REGROUND,-30.76,-0.95,-9.58,29.46,-0.01,0,0,,,,-0.401,-0.061,2.3,13.26,-0.01,,,
115.81,REGROUND,-30.76,-0.95,-9.58,29.47,-0.01,0,0,,,,-0.411,-0.063,1.7,13.26,-0.01,,,
115.86,REGROUND,-30.8,-0.95,-9.58,29.48,-0.01,0,0,,,,-0.401,-0.062,2.4,13.26,-0.01,,,
115.91,REGROUND,-30.8,-0.95,-9.58,29.49,-0.01,0,0,,,,-0.411,-0.063,1.9,13.26,-0.01,,,
115.96,REGROUND,-30.84,-0.95,-9.58,29.51,-0.01,0,0,,,,-0.401,-0.062,2.5,13.26,-0.01,,,
116.01,REGROUND,-30.84,-0.95,-9.58,29.52,-0.01,0,0,,,,-0.412,-0.063,1.8,13.26,-0.01,,,
116.06,REGROUND,-30.88,-0.95,-9.58,29.53,-0.01,0,0,,,,-0.402,-0.062,2.6,13.26,-0.01,,,
116.11,REGROUND,-30.88,-0.95,-9.58,29.54,-0.01,0,0,,,,-0.412,-0.063,1.8,13.26,-0.01,,,
116.16,REGROUND,-30.92,-0.95,-9.58,29.56,-0.01,0,0,,,,-0.402,-0.062,2.5,13.26,-0.01,,,
116.21,REGROUND,-30.92,-0.95,-9.58,29.57,-0.01,0,0,,,,-0.412,-0.063,1.8,13.26,-0.01,,,
116.26,REGROUND,-30.96,-0.96,-9.58,29.58,-0.01,0,0,,,,-0.402,-0.062,2.4,13.26,-0.01,,,
116.31,REGROUND,-30.96,-0.96,-9.58,29.59,-0.01,0,0,,,,-0.412,-0.064,1.7,13.26,-0.01,,,
116.36,REGROUND,-31.0,-0.96,-9.58,29.61,-0.01,0,0,,,,-0.402,-0.062,2.5,13.26,-0.01,,,
116.41,REGROUND,-31.0,-0.96,-9.58,29.62,-0.01,0,0,,,,-0.412,-0.064,1.8,13.26,-0.01,,,
116.46,REGROUND,-31.04,-0.96,-9.58,29.63,-0.01,0,0,,,,-0.402,-0.062,2.4,13.26,-0.01,,,
116.51,REGROUND,-31.04,-0.96,-9.58,29.64,-0.01,0,0,,,,-0.412,-0.064,1.8,13.26,-0.01,,,
116.56,REGROUND,-31.08,-0.96,-9.58,29.66,-0.01,0,0,,,,-0.402,-0.062,2.3,13.26,-0.01,,,
116.61,REGROUND,-31.08,-0.96,-9.58,29.67,-0.01,0,0,,,,-0.412,-0.064,1.9,13.26,-0.01,,,
116.66,REGROUND,-31.12,-0.96,-9.58,29.68,-0.01,0,0,,,,-0.402,-0.062,2.6,13.26,-0.01,,,
116.71,REGROUND,-31.12,-0.96,-9.58,29.69,-0.01,0,0,,,,-0.412,-0.064,1.9,13.26,-0.01,,,
116.76,REGROUND,-31.16,-0.96,-9.58,29.71,-0.01,0,0,,,,-0.402,-0.062,2.5,13.26,-0.01,,,
116.81,REGROUND,-31.16,-0.96,-9.58,29.72,-0.01,0,0,,,,-0.412,-0.064,1.8,13.26,-0.01,,,
116.86,REGROUND,-31.21,-0.96,-9.58,29.73,-0.01,0,0,,,,-0.401,-0.062,2.5,13.26,-0.01,,,
116.91,REGROUND,-31.21,-0.96,-9.58,29.74,-0.01,0,0,,,,-0.412,-0.064,1.7,13.26,-0.01,,,
116.96,REGROUND,-31.25,-0.96,-9.58,29.76,-0.01,0,0,,,,-0.402,-0.062,2.5,13.26,-0.01,,,
117.02,REGROUND,-31.25,-0.96,-9.58,29.77,-0.01,0,0,,,,-0.412,-0.064,1.8,13.26,-0.01,,,
117.07,REGROUND,-31.29,-0.96,-9.58,29.78,-0.01,0,0,,,,-0.401,-0.062,2.4,13.26,-0.01,,,
117.12,REGROUND,-31.29,-0.96,-9.58,29.79,-0.01,0,0,,,,-0.412,-0.064,1.8,13.26,-0.01,,,
117.17,REGROUND,-31.33,-0.97,-9.58,29.81,-0.01,0,0,,,,-0.401,-0.062,2.4,13.26,-0.01,,,
117.22,REGROUND,-31.33,-0.97,-9.58,29.82,-0.01,0,0,,,,-0.412,-0.064,1.8,13.26,-0.01,,,
117.27,REGROUND,-31.37,-0.97,-9.58,29.83,-0.01,0,0,,,,-0.401,-0.062,2.3,13.26,-0.01,,,
117.32,REGROUND,-31.37,-0.97,-9.58,29.84,-0.01,0,0,,,,-0.411,-0.064,1.6,13.26,-0.01,,,
117.37,REGROUND,-31.41,-0.97,-9.58,29.86,-0.01,0,0,,,,-0.401,-0.062,2.5,13.26,-0.01,,,
117.42,REGROUND,-31.41,-0.97,-9.58,29.87,-0.01,0,0,,,,-0.412,-0.064,1.8,13.26,-0.01,,,
117.47,REGROUND,-31.45,-0.97,-9.58,29.88,-0.01,0,0,,,,-0.401,-0.062,2.5,13.26,-0.01,,,
117.52,REGROUND,-31.45,-0.97,-9.58,29.89,-0.01,0,0,,,,-0.411,-0.064,1.8,13.26,-0.01,,,
117.57,REGROUND,-31.49,-0.97,-9.58,29.91,-0.01,0,0,,,,-0.401,-0.062,2.5,13.26,-0.01,,,
117.62,REGROUND,-31.49,-0.97,-9.58,29.92,-0.01,0,0,,,,-0.411,-0.063,1.6,13.26,-0.01,,,
117.67,REGROUND,-31.53,-0.97,-9.58,29.93,-0.01,0,0,,,,-0.401,-0.062,2.4,13.26,-0.01,,,
117.72,REGROUND,-31.53,-0.97,-9.58,29.94,-0.01,0,0,,,,-0.411,-0.063,1.8,13.26,-0.01,,,
117.77,REGROUND,-31.58,-0.97,-9.58,29.96,-0.01,0,0,,,,-0.401,-0.062,3.8,13.26,-0.01,,,
117.82,REGROUND,-31.58,-0.97,-9.58,29.97,-0.01,0,0,,,,-0.411,-0.063,1.8,13.26,-0.01,,,
117.87,REGROUND,-31.62,-0.97,-9.58,29.98,-0.01,0,0,,,,-0.401,-0.062,2.5,13.26,-0.01,,,
117.92,REGROUND,-31.62,-0.97,-9.58,29.99,-0.01,0,0,,,,-0.411,-0.063,1.9,13.26,-0.01,,,
117.97,REGROUND,-31.66,-0.98,-9.58,30.01,-0.01,0,0,,,,-0.401,-0.062,2.4,13.26,-0.01,,,
118.02,REGROUND,-31.66,-0.98,-9.58,30.02,-0.01,0,0,,,,-0.411,-0.063,1.9,13.26,-0.01,,,
118.07,REGROUND,-31.7,-0.98,-9.58,30.03,-0.01,0,0,,,,-0.401,-0.062,2.6,13.26,-0.01,,,
118.12,REGROUND,-31.7,-0.98,-9.58,30.04,-0.01,0,0,,,,-0.411,-0.063,1.8,13.26,-0.01,,,
118.17,REGROUND,-31.74,-0.98,-9.58,30.06,-0.01,0,0,,,,-0.401,-0.062,2.5,13.26,-0.01,,,
118.22,REGROUND,-31.74,-0.98,-9.58,30.07,-0.01,0,0,,,,-0.411,-0.063,1.8,13.26,-0.01,,,
118.27,REGROUND,-31.78,-0.98,-9.58,30.08,-0.01,0,0,,,,-0.401,-0.062,2.4,13.26,-0.01,,,
118.32,REGROUND,-31.78,-0.98,-9.58,30.09,-0.01,0,0,,,,-0.411,-0.063,1.8,13.26,-0.01,,,
118.37,REGROUND,-31.82,-0.98,-9.58,30.11,-0.01,0,0,,,,-0.401,-0.061,2.3,13.26,-0.01,,,
118.42,REGROUND,-31.82,-0.98,-9.58,30.12,-0.01,0,0,,,,-0.411,-0.063,1.8,13.26,-0.01,,,
118.47,REGROUND,-31.86,-0.98,-9.58,30.13,-0.01,0,0,,,,-0.401,-0.061,2.3,13.26,-0.01,,,
118.52,REGROUND,-31.86,-0.98,-9.58,30.14,-0.01,0,0,,,,-0.411,-0.063,1.8,13.26,-0.01,,,
118.57,REGROUND,-31.91,-0.98,-9.58,30.16,-0.01,0,0,,,,-0.4,-0.061,2.5,13.26,-0.01,,,
118.62,REGROUND,-31.91,-0.98,-9.58,30.17,-0.01,0,0,,,,-0.411,-0.062,1.9,13.26,-0.01,,,
118.67,REGROUND,-31.95,-0.98,-9.58,30.18,-0.01,0,0,,,,-0.4,-0.061,2.6,13.26,-0.01,,,
118.72,REGROUND,-31.95,-0.98,-9.58,30.19,-0.01,0,0,,,,-0.41,-0.062,1.9,13.26,-0.01,,,
118.77,REGROUND,-31.99,-0.99,-9.58,30.21,-0.01,0,0,,,,-0.4,-0.06,2.5,13.26,-0.01,,,
118.82,REGROUND,-31.99,-0.99,-9.58,30.22,-0.01,0,0,,,,-0.41,-0.062,1.8,13.26,-0.01,,,
118.87,REGROUND,-32.03,-0.99,-9.58,30.23,-0.01,0,0,,,,-0.4,-0.06,2.5,13.26,-0.01,,,
118.92,REGROUND,-32.03,-0.99,-9.58,30.24,-0.01,0,0,,,,-0.41,-0.062,1.8,13.26,-0.01,,,
118.97,REGROUND,-32.07,-0.99,-9.58,30.26,-0.01,0,0,,,,-0.4,-0.06,2.4,13.26,-0.01,,,
119.02,REGROUND,-32.07,-0.99,-9.58,30.27,-0.01,0,0,,,,-0.41,-0.062,1.7,13.26,-0.01,,,
119.07,REGROUND,-32.11,-0.99,-9.58,30.28,-0.01,0,0,,,,-0.4,-0.06,2.5,13.26,-0.01,,,
119.12,REGROUND,-32.11,-0.99,-9.58,30.29,-0.01,0,0,,,,-0.41,-0.062,1.8,13.26,-0.01,,,
119.17,REGROUND,-32.15,-0.99,-9.58,30.31,-0.01,0,0,,,,-0.4,-0.06,2.3,13.26,-0.01,,,
119.22,REGROUND,-32.15,-0.99,-9.58,30.32,-0.01,0,0,,,,-0.41,-0.062,1.8,13.26,-0.01,,,
119.27,REGROUND,-32.19,-0.99,-9.58,30.33,-0.01,0,0,,,,-0.4,-0.061,2.3,13.26,-0.01,,,
119.32,REGROUND,-32.19,-0.99,-9.58,30.34,-0.01,0,0,,,,-0.41,-0.062,1.7,13.26,-0.01,,,
119.37,REGROUND,-32.23,-0.99,-9.58,30.36,-0.01,0,0,,,,-0.4,-0.061,2.5,13.26,-0.01,,,
119.42,REGROUND,-32.23,-0.99,-9.58,30.37,-0.01,0,0,,,,-0.41,-0.062,1.8,13.26,-0.01,,,
119.47,REGROUND,-32.28,-0.99,-9.58,30.38,-0.01,0,0,,,,-0.4,-0.061,2.4,13.26,-0.01,,,
119.52,REGROUND,-32.28,-0.99,-9.58,30.39,-0.01,0,0,,,,-0.41,-0.063,1.8,13.26,-0.01,,,
119.57,REGROUND,-32.32,-0.99,-9.58,30.41,-0.01,0,0,,,,-0.4,-0.061,2.3,13.26,-0.01,,,
119.62,REGROUND,-32.32,-0.99,-9.58,30.42,-0.01,0,0,,,,-0.41,-0.063,1.9,13.26,-0.01,,,
119.67,REGROUND,-32.36,-0.99,-9.58,30.43,-0.01,0,0,,,,-0.4,-0.062,2.5,13.26,-0.01,,,
119.72,REGROUND,-32.36,-0.99,-9.58,30.44,-0.01,0,0,,,,-0.41,-0.063,1.8,13.26,-0.01,,,
119.77,REGROUND,-32.4,-0.99,-9.58,30.46,-0.01,0,0,,,,-0.4,-0.062,2.4,13.26,-0.01,,,
119.82,REGROUND,-32.4,-0.99,-9.58,30.47,-0.01,0,0,,,,-0.41,-0.063,1.7,13.26,-0.01,,,
119.87,REGROUND,-32.44,-1.0,-9.58,30.48,-0.01,0,0,,,,-0.4,-0.062,2.4,13.26,-0.01,,,
119.92,REGROUND,-32.44,-1.0,-9.58,30.49,-0.01,0,0,,,,-0.41,-0.064,3.4,13.26,-0.01,,,
119.97,REGROUND,-32.48,-1.0,-9.58,30.51,-0.01,0,0,,,,-0.4,-0.062,2.4,13.26,-0.01,,,
120.02,REGROUND,-32.48,-1.0,-9.58,30.52,-0.01,0,0,,,,-0.41,-0.064,1.8,13.26,-0.01,,,
120.07,REGROUND,-32.52,-1.0,-9.58,30.53,-0.01,0,0,,,,-0.4,-0.062,2.6,13.26,-0.01,,,
120.12,REGROUND,-32.52,-1.0,-9.58,30.54,-0.01,0,0,,,,-0.41,-0.064,1.9,13.26,-0.01,,,
120.17,REGROUND,-32.56,-1.0,-9.58,30.56,-0.01,0,0,,,,-0.4,-0.062,2.6,13.26,-0.01,,,
120.22,REGROUND,-32.56,-1.0,-9.58,30.57,-0.01,0,0,,,,-0.41,-0.064,1.8,13.26,-0.01,,,
120.27,REGROUND,-32.6,-1.0,-9.58,30.58,-0.01,0,0,,,,-0.4,-0.063,2.5,13.26,-0.01,,,
120.32,REGROUND,-32.6,-1.0,-9.58,30.59,-0.01,0,0,,,,-0.41,-0.064,1.8,13.26,-0.01,,,
120.37,REGROUND,-32.64,-1.0,-9.58,30.61,-0.01,0,0,,,,-0.4,-0.063,2.5,13.26,-0.01,,,
120.42,REGROUND,-32.64,-1.0,-9.58,30.62,-0.01,0,0,,,,-0.41,-0.064,1.8,13.26,-0.01,,,
120.47,REGROUND,-32.69,-1.0,-9.58,30.63,-0.01,0,0,,,,-0.4,-0.063,2.7,13.26,-0.01,,,
120.52,REGROUND,-32.69,-1.0,-9.58,30.64,-0.01,0,0,,,,-0.41,-0.064,1.6,13.26,-0.01,,,
120.57,REGROUND,-32.73,-1.0,-9.58,30.66,-0.01,0,0,,,,-0.4,-0.063,2.4,13.26,-0.01,,,
120.62,REGROUND,-32.73,-1.0,-9.58,30.67,-0.01,0,0,,,,-0.41,-0.064,1.8,13.26,-0.01,,,
120.67,REGROUND,-32.77,-1.0,-9.58,30.68,-0.01,0,0,,,,-0.4,-0.063,2.4,13.26,-0.01,,,
120.72,REGROUND,-32.77,-1.0,-9.58,30.69,-0.01,0,0,,,,-0.41,-0.064,1.8,13.26,-0.01,,,
120.77,REGROUND,-32.81,-1.0,-9.58,30.71,-0.01,0,0,,,,-0.4,-0.063,2.3,13.26,-0.01,,,
120.82,REGROUND,-32.81,-1.0,-9.58,30.72,-0.01,0,0,,,,-0.41,-0.064,1.6,13.26,-0.01,,,
120.87,REGROUND,-32.85,-1.0,-9.58,30.73,-0.01,0,0,,,,-0.4,-0.063,2.6,13.26,-0.01,,,
120.92,REGROUND,-32.85,-1.0,-9.58,30.74,-0.01,0,0,,,,-0.411,-0.064,1.8,13.26,-0.01,,,
120.97,REGROUND,-32.89,-1.01,-9.58,30.76,-0.01,0,0,,,,-0.401,-0.063,2.5,13.26,-0.01,,,
121.02,REGROUND,-32.89,-1.01,-9.58,30.77,-0.01,0,0,,,,-0.411,-0.064,1.8,13.26,-0.01,,,
121.07,REGROUND,-32.93,-1.01,-9.58,30.78,-0.01,0,0,,,,-0.401,-0.063,2.6,13.26,-0.01,,,
121.12,REGROUND,-32.93,-1.01,-9.58,30.79,-0.01,0,0,,,,-0.411,-0.064,1.8,13.26,-0.01,,,
121.17,REGROUND,-32.97,-1.01,-9.58,30.81,-0.01,0,0,,,,-0.401,-0.063,2.5,13.26,-0.01,,,
121.22,REGROUND,-32.97,-1.01,-9.58,30.82,-0.01,0,0,,,,-0.411,-0.064,1.8,13.26,-0.01,,,
121.27,REGROUND,-33.01,-1.01,-9.58,30.83,-0.01,0,0,,,,-0.401,-0.062,2.5,13.26,-0.01,,,
121.32,REGROUND,-33.01,-1.01,-9.58,30.84,-0.01,0,0,,,,-0.411,-0.064,1.7,13.26,-0.01,,,
121.37,REGROUND,-33.05,-1.01,-9.58,30.86,-0.01,0,0,,,,-0.401,-0.062,2.4,13.26,-0.01,,,
121.42,REGROUND,-33.05,-1.01,-9.58,30.87,-0.01,0,0,,,,-0.411,-0.064,1.8,13.26,-0.01,,,
121.47,REGROUND,-33.09,-1.01,-9.58,30.88,-0.01,0,0,,,,-0.401,-0.062,2.4,13.26,-0.01,,,
121.52,REGROUND,-33.09,-1.01,-9.58,30.89,-0.01,0,0,,,,-0.411,-0.064,1.8,13.26,-0.01,,,
121.57,REGROUND,-33.14,-1.01,-9.58,30.91,-0.01,0,0,,,,-0.401,-0.062,2.4,13.26,-0.01,,,
121.62,REGROUND,-33.14,-1.01,-9.58,30.92,-0.01,0,0,,,,-0.411,-0.064,1.7,13.26,-0.01,,,
121.67,REGROUND,-33.18,-1.02,-9.58,30.93,-0.01,0,0,,,,-0.401,-0.062,2.4,13.26,-0.01,,,
121.72,REGROUND,-33.18,-1.02,-9.58,30.94,-0.01,0,0,,,,-0.411,-0.064,1.9,13.26,-0.01,,,
121.77,REGROUND,-33.22,-1.02,-9.58,30.96,-0.01,0,0,,,,-0.401,-0.062,2.5,13.26,-0.01,,,
121.82,REGROUND,-33.22,-1.02,-9.58,30.97,-0.01,0,0,,,,-0.411,-0.063,1.9,13.26,-0.01,,,
121.87,REGROUND,-33.26,-1.02,-9.58,30.98,-0.01,0,0,,,,-0.401,-0.062,2.6,13.26,-0.01,,,
121.92,REGROUND,-33.26,-1.02,-9.58,30.99,-0.01,0,0,,,,-0.411,-0.063,1.8,13.26,-0.01,,,
121.97,REGROUND,-33.3,-1.02,-9.58,31.01,-0.01,0,0,,,,-0.401,-0.061,2.5,13.26,-0.01,,,
122.02,REGROUND,-33.3,-1.02,-9.58,31.02,-0.01,0,0,,,,-0.411,-0.063,1.8,13.26,-0.01,,,
122.07,REGROUND,-33.34,-1.02,-9.58,31.03,-0.01,0,0,,,,-0.401,-0.061,2.4,13.26,-0.01,,,
122.12,REGROUND,-33.34,-1.02,-9.58,31.04,-0.01,0,0,,,,-0.411,-0.063,3.4,13.26,-0.01,,,
122.17,REGROUND,-33.38,-1.02,-9.58,31.06,-0.01,0,0,,,,-0.401,-0.061,2.5,13.26,-0.01,,,
122.22,REGROUND,-33.38,-1.02,-9.58,31.07,-0.01,0,0,,,,-0.411,-0.062,1.8,13.26,-0.01,,,
122.27,REGROUND,-33.42,-1.02,-9.58,31.08,-0.01,0,0,,,,-0.401,-0.061,2.4,13.26,-0.01,,,
122.32,REGROUND,-33.42,-1.02,-9.58,31.09,-0.01,0,0,,,,-0.411,-0.062,1.8,13.26,-0.01,,,
122.37,REGROUND,-33.46,-1.03,-9.58,31.11,-0.01,0,0,,,,-0.401,-0.06,2.4,13.26,-0.01,,,
122.42,REGROUND,-33.46,-1.03,-9.58,31.12,-0.01,0,0,,,,-0.412,-0.062,1.8,13.26,-0.01,,,
122.47,REGROUND,-33.5,-1.03,-9.58,31.13,-0.01,0,0,,,,-0.401,-0.06,2.4,13.26,-0.01,,,
122.52,REGROUND,-33.5,-1.03,-9.58,31.14,-0.01,0,0,,,,-0.412,-0.062,1.8,13.26,-0.01,,,
122.57,REGROUND,-33.54,-1.03,-9.58,31.16,-0.01,0,0,,,,-0.402,-0.06,2.3,13.26,-0.01,,,
122.62,REGROUND,-33.54,-1.03,-9.58,31.17,-0.01,0,0,,,,-0.412,-0.062,1.9,13.26,-0.01,,,
122.67,REGROUND,-33.59,-1.03,-9.58,31.18,-0.01,0,0,,,,-0.401,-0.06,2.3,13.26,-0.01,,,
122.72,REGROUND,-33.59,-1.03,-9.58,31.19,-0.01,0,0,,,,-0.412,-0.062,1.8,13.26,-0.01,,,
122.77,REGROUND,-33.63,-1.03,-9.58,31.21,-0.01,0,0,,,,-0.402,-0.06,2.5,13.26,-0.01,,,
122.82,REGROUND,-33.63,-1.03,-9.58,31.22,-0.01,0,0,,,,-0.412,-0.061,1.7,13.26,-0.01,,,
122.87,REGROUND,-33.67,-1.03,-9.58,31.23,-0.01,0,0,,,,-0.401,-0.06,2.6,13.26,-0.01,,,
122.92,REGROUND,-33.67,-1.03,-9.58,31.24,-0.01,0,0,,,,-0.412,-0.062,1.8,13.26,-0.01,,,
122.97,REGROUND,-33.71,-1.03,-9.58,31.26,-0.01,0,0,,,,-0.402,-0.06,2.5,13.26,-0.01,,,
123.02,REGROUND,-33.71,-1.03,-9.58,31.27,-0.01,0,0,,,,-0.412,-0.062,1.8,13.26,-0.01,,,
123.07,REGROUND,-33.75,-1.03,-9.58,31.28,-0.01,0,0,,,,-0.402,-0.06,2.5,13.26,-0.01,,,
123.12,REGROUND,-33.75,-1.03,-9.58,31.29,-0.01,0,0,,,,-0.412,-0.062,1.8,13.26,-0.01,,,
123.17,REGROUND,-33.79,-1.04,-9.58,31.31,-0.01,0,0,,,,-0.402,-0.06,2.5,13.26,-0.01,,,
123.22,REGROUND,-33.79,-1.04,-9.58,31.32,-0.01,0,0,,,,-0.412,-0.062,1.8,13.26,-0.01,,,
123.27,REGROUND,-33.83,-1.04,-9.58,31.33,-0.01,0,0,,,,-0.401,-0.061,2.4,13.26,-0.01,,,
123.32,REGROUND,-33.83,-1.04,-9.58,31.35,-0.01,0,0,,,,-0.412,-0.062,1.8,13.26,-0.01,,,
123.37,REGROUND,-33.87,-1.04,-9.58,31.36,-0.01,0,0,,,,-0.401,-0.061,2.3,13.26,-0.01,,,
123.42,REGROUND,-33.87,-1.04,-9.58,31.37,-0.01,0,0,,,,-0.412,-0.063,1.8,13.26,-0.01,,,
123.47,REGROUND,-33.91,-1.04,-9.58,31.38,-0.01,0,0,,,,-0.401,-0.061,2.3,13.26,-0.01,,,
123.52,REGROUND,-33.91,-1.04,-9.58,31.4,-0.01,0,0,,,,-0.411,-0.063,1.8,13.26,-0.01,,,
123.57,REGROUND,-33.95,-1.04,-9.58,31.41,-0.01,0,0,,,,-0.401,-0.062,2.6,13.26,-0.01,,,
123.62,REGROUND,-33.95,-1.04,-9.58,31.42,-0.01,0,0,,,,-0.412,-0.063,1.9,13.26,-0.01,,,
123.67,REGROUND,-34.0,-1.04,-9.58,31.43,-0.01,0,0,,,,-0.401,-0.062,2.7,13.26,-0.01,,,
123.72,REGROUND,-34.0,-1.04,-9.58,31.45,-0.01,0,0,,,,-0.411,-0.064,1.8,13.26,-0.01,,,
123.77,REGROUND,-34.04,-1.04,-9.58,31.46,-0.01,0,0,,,,-0.401,-0.062,2.5,13.26,-0.01,,,
123.82,REGROUND,-34.04,-1.04,-9.58,31.47,-0.01,0,0,,,,-0.411,-0.064,1.9,13.26,-0.01,,,
123.87,REGROUND,-34.08,-1.04,-9.58,31.48,-0.01,0,0,,,,-0.401,-0.063,2.5,13.26,-0.01,,,
123.92,REGROUND,-34.08,-1.04,-9.58,31.5,-0.01,0,0,,,,-0.411,-0.064,1.8,13.26,-0.01,,,
123.97,REGROUND,-34.12,-1.04,-9.58,31.51,-0.01,0,0,,,,-0.401,-0.063,2.4,13.26,-0.01,,,
124.02,REGROUND,-34.12,-1.04,-9.58,31.52,-0.01,0,0,,,,-0.411,-0.064,1.7,13.26,-0.01,,,
124.07,REGROUND,-34.16,-1.04,-9.58,31.53,-0.01,0,0,,,,-0.401,-0.063,2.5,13.26,-0.01,,,
124.12,REGROUND,-34.16,-1.04,-9.58,31.55,-0.01,0,0,,,,-0.411,-0.065,1.8,13.26,-0.01,,,
124.17,REGROUND,-34.2,-1.04,-9.58,31.56,-0.01,0,0,,,,-0.401,-0.063,2.4,13.26,-0.01,,,
124.22,REGROUND,-34.2,-1.04,-9.58,31.57,-0.01,0,0,,,,-0.411,-0.065,1.8,13.26,-0.01,,,
124.27,REGROUND,-34.24,-1.04,-9.58,31.58,-0.01,0,0,,,,-0.401,-0.063,2.4,13.26,-0.01,,,
124.32,REGROUND,-34.24,-1.04,-9.58,31.6,-0.01,0,0,,,,-0.411,-0.065,3.5,13.26,-0.01,,,
124.37,REGROUND,-34.28,-1.04,-9.58,31.61,-0.01,0,0,,,,-0.401,-0.063,2.5,13.26,-0.01,,,
124.42,REGROUND,-34.28,-1.04,-9.58,31.62,-0.01,0,0,,,,-0.411,-0.065,1.9,13.26,-0.01,,,
124.47,REGROUND,-34.33,-1.04,-9.58,31.63,-0.01,0,0,,,,-0.4,-0.063,3.0,13.26,-0.01,,,
124.52,REGROUND,-34.33,-1.04,-9.58,31.65,-0.01,0,0,,,,-0.411,-0.065,1.9,13.26,-0.01,,,
124.58,REGROUND,-34.37,-1.04,-9.58,31.66,-0.01,0,0,,,,-0.4,-0.063,2.5,13.26,-0.01,,,
124.63,REGROUND,-34.37,-1.04,-9.58,31.67,-0.01,0,0,,,,-0.41,-0.065,1.7,13.26,-0.01,,,
124.68,REGROUND,-34.41,-1.05,-9.58,31.68,-0.01,0,0,,,,-0.4,-0.063,2.3,13.26,-0.01,,,
124.73,REGROUND,-34.41,-1.05,-9.58,31.7,-0.01,0,0,,,,-0.41,-0.065,1.7,13.26,-0.01,,,
124.78,REGROUND,-34.45,-1.05,-9.58,31.71,-0.01,0,0,,,,-0.4,-0.063,2.4,13.26,-0.01,,,
124.83,REGROUND,-34.45,-1.05,-9.58,31.72,-0.01,0,0,,,,-0.41,-0.065,1.8,13.26,-0.01,,,
124.88,REGROUND,-34.49,-1.05,-9.58,31.73,-0.01,0,0,,,,-0.4,-0.063,2.4,13.26,-0.01,,,
124.93,REGROUND,-34.49,-1.05,-9.58,31.75,-0.01,0,0,,,,-0.41,-0.065,1.8,13.26,-0.01,,,
124.98,REGROUND,-34.53,-1.05,-9.58,31.76,-0.01,0,0,,,,-0.4,-0.063,2.3,13.26,-0.01,,,
125.03,REGROUND,-34.53,-1.05,-9.58,31.77,-0.01,0,0,,,,-0.41,-0.064,1.8,13.26,-0.01,,,
125.08,REGROUND,-34.57,-1.05,-9.58,31.78,-0.01,0,0,,,,-0.399,-0.063,2.6,13.26,-0.01,,,
125.13,REGROUND,-34.57,-1.05,-9.58,31.8,-0.01,0,0,,,,-0.409,-0.064,1.9,13.26,-0.01,,,
125.18,REGROUND,-34.62,-1.05,-9.58,31.81,-0.01,0,0,,,,-0.399,-0.063,2.5,13.26,-0.01,,,
125.23,REGROUND,-34.62,-1.05,-9.58,31.82,-0.01,0,0,,,,-0.409,-0.064,1.8,13.26,-0.01,,,
125.28,REGROUND,-34.66,-1.05,-9.58,31.83,-0.01,0,0,,,,-0.399,-0.063,2.4,13.26,-0.01,,,
125.33,REGROUND,-34.66,-1.05,-9.58,31.85,-0.01,0,0,,,,-0.409,-0.064,1.8,13.26,-0.01,,,
125.38,REGROUND,-34.7,-1.06,-9.58,31.86,-0.01,0,0,,,,-0.399,-0.062,2.5,13.26,-0.01,,,
125.43,REGROUND,-34.7,-1.06,-9.58,31.87,-0.01,0,0,,,,-0.409,-0.064,2.1,13.26,-0.01,,,
125.48,REGROUND,-34.74,-1.06,-9.58,31.88,-0.01,0,0,,,,-0.399,-0.062,2.4,13.26,-0.01,,,
125.53,REGROUND,-34.74,-1.06,-9.58,31.9,-0.01,0,0,,,,-0.41,-0.064,1.9,13.26,-0.01,,,
125.58,REGROUND,-34.78,-1.06,-9.58,31.91,-0.01,0,0,,,,-0.4,-0.062,2.4,13.26,-0.01,,,
125.63,REGROUND,-34.78,-1.06,-9.58,31.92,-0.01,0,0,,,,-0.41,-0.064,1.8,13.26,-0.01,,,
125.68,REGROUND,-34.82,-1.06,-9.58,31.93,-0.01,0,0,,,,-0.4,-0.062,2.3,13.26,-0.01,,,
125.73,REGROUND,-34.82,-1.06,-9.58,31.95,-0.01,0,0,,,,-0.41,-0.064,1.8,13.26,-0.01,,,
125.78,REGROUND,-34.86,-1.06,-9.58,31.96,-0.01,0,0,,,,-0.4,-0.062,2.2,13.26,-0.01,,,
125.83,REGROUND,-34.86,-1.06,-9.58,31.97,-0.01,0,0,,,,-0.41,-0.063,1.8,13.26,-0.01,,,
125.88,REGROUND,-34.9,-1.06,-9.58,31.98,-0.01,0,0,,,,-0.4,-0.062,2.5,13.26,-0.01,,,
125.93,REGROUND,-34.9,-1.06,-9.58,32.0,-0.01,0,0,,,,-0.41,-0.063,1.8,13.26,-0.01,,,
125.98,REGROUND,-34.94,-1.06,-9.58,32.01,-0.01,0,0,,,,-0.4,-0.061,2.6,13.26,-0.01,,,
126.03,REGROUND,-34.94,-1.06,-9.58,32.02,-0.01,0,0,,,,-0.41,-0.063,1.8,13.26,-0.01,,,
126.08,REGROUND,-34.98,-1.07,-9.58,32.03,-0.01,0,0,,,,-0.4,-0.061,2.5,13.26,-0.01,,,
126.13,REGROUND,-34.98,-1.07,-9.58,32.05,-0.01,0,0,,,,-0.41,-0.063,1.8,13.26,-0.01,,,
126.18,REGROUND,-35.02,-1.07,-9.58,32.06,-0.01,0,0,,,,-0.4,-0.061,2.5,13.26,-0.01,,,
126.23,REGROUND,-35.02,-1.07,-9.58,32.07,-0.01,0,0,,,,-0.411,-0.062,1.7,13.26,-0.01,,,
126.28,REGROUND,-35.06,-1.07,-9.58,32.08,-0.01,0,0,,,,-0.4,-0.061,2.4,13.26,-0.01,,,
126.33,REGROUND,-35.06,-1.07,-9.58,32.1,-0.01,0,0,,,,-0.411,-0.062,1.8,13.26,-0.01,,,
126.38,REGROUND,-35.11,-1.07,-9.58,32.11,-0.01,0,0,,,,-0.401,-0.061,2.3,13.26,-0.01,,,
126.43,REGROUND,-35.11,-1.07,-9.58,32.12,-0.01,0,0,,,,-0.411,-0.062,1.5,13.26,-0.01,,,
126.48,REGROUND,-35.15,-1.07,-9.58,32.13,-0.01,0,0,,,,-0.401,-0.061,3.8,13.26,-0.01,,,
126.53,REGROUND,-35.15,-1.07,-9.58,32.15,-0.01,0,0,,,,-0.411,-0.062,1.9,13.26,-0.01,,,
126.58,REGROUND,-35.19,-1.07,-9.58,32.16,-0.01,0,0,,,,-0.401,-0.06,2.5,13.26,-0.01,,,
126.63,REGROUND,-35.19,-1.07,-9.58,32.17,-0.01,0,0,,,,-0.411,-0.062,1.9,13.26,-0.01,,,
126.68,REGROUND,-35.23,-1.07,-9.58,32.18,-0.01,0,0,,,,-0.401,-0.06,2.3,13.26,-0.01,,,
126.73,REGROUND,-35.23,-1.07,-9.58,32.2,-0.01,0,0,,,,-0.411,-0.062,1.8,13.26,-0.01,,,
126.78,REGROUND,-35.27,-1.08,-9.58,32.21,-0.01,0,0,,,,-0.401,-0.06,2.3,13.26,-0.01,,,
126.83,REGROUND,-35.27,-1.08,-9.58,32.22,-0.01,0,0,,,,-0.411,-0.062,1.8,13.26,-0.01,,,
126.88,REGROUND,-35.31,-1.08,-9.58,32.23,-0.01,0,0,,,,-0.401,-0.06,2.4,13.26,-0.01,,,
126.93,REGROUND,-35.31,-1.08,-9.58,32.25,-0.01,0,0,,,,-0.411,-0.062,1.6,13.26,-0.01,,,
126.98,REGROUND,-35.35,-1.08,-9.58,32.26,-0.01,0,0,,,,-0.401,-0.06,2.3,13.26,-0.01,,,
127.03,REGROUND,-35.35,-1.08,-9.58,32.27,-0.01,0,0,,,,-0.411,-0.062,1.8,13.26,-0.01,,,
127.08,REGROUND,-35.39,-1.08,-9.58,32.28,-0.01,0,0,,,,-0.401,-0.06,2.4,13.26,-0.01,,,
127.13,REGROUND,-35.39,-1.08,-9.58,32.3,-0.01,0,0,,,,-0.411,-0.062,1.8,13.26,-0.01,,,
127.18,REGROUND,-35.43,-1.08,-9.58,32.31,-0.01,0,0,,,,-0.401,-0.06,2.3,13.26,-0.01,,,
127.23,REGROUND,-35.43,-1.08,-9.58,32.32,-0.01,0,0,,,,-0.411,-0.062,1.8,13.26,-0.01,,,
127.28,REGROUND,-35.48,-1.08,-9.58,32.33,-0.01,0,0,,,,-0.401,-0.06,2.3,13.26,-0.01,,,
127.33,REGROUND,-35.48,-1.08,-9.58,32.35,-0.01,0,0,,,,-0.411,-0.062,1.8,13.26,-0.01,,,
127.38,REGROUND,-35.52,-1.08,-9.58,32.36,-0.01,0,0,,,,-0.401,-0.06,2.3,13.26,-0.01,,,
127.43,REGROUND,-35.52,-1.08,-9.58,32.37,-0.01,0,0,,,,-0.411,-0.062,1.8,13.26,-0.01,,,
127.48,REGROUND,-35.56,-1.08,-9.58,32.38,-0.01,0,0,,,,-0.4,-0.061,2.3,13.26,-0.01,,,
127.53,REGROUND,-35.56,-1.08,-9.58,32.4,-0.01,0,0,,,,-0.411,-0.062,1.8,13.26,-0.01,,,
127.58,REGROUND,-35.6,-1.08,-9.58,32.41,-0.01,0,0,,,,-0.401,-0.061,2.3,13.26,-0.01,,,
127.63,REGROUND,-35.6,-1.08,-9.58,32.42,-0.01,0,0,,,,-0.411,-0.062,2.0,13.26,-0.01,,,
127.68,REGROUND,-35.64,-1.08,-9.58,32.43,-0.01,0,0,,,,-0.401,-0.061,2.5,13.26,-0.01,,,
127.73,REGROUND,-35.64,-1.08,-9.58,32.45,-0.01,0,0,,,,-0.411,-0.063,1.8,13.26,-0.01,,,
127.78,REGROUND,-35.68,-1.08,-9.58,32.46,-0.01,0,0,,,,-0.401,-0.061,2.3,13.26,-0.01,,,
127.83,REGROUND,-35.68,-1.08,-9.58,32.47,-0.01,0,0,,,,-0.411,-0.063,1.8,13.26,-0.01,,,
127.88,REGROUND,-35.72,-1.08,-9.58,32.48,-0.01,0,0,,,,-0.4,-0.062,2.4,13.26,-0.01,,,
127.93,REGROUND,-35.72,-1.08,-9.58,32.5,-0.01,0,0,,,,-0.411,-0.063,1.8,13.26,-0.01,,,
127.98,REGROUND,-35.76,-1.09,-9.58,32.51,-0.01,0,0,,,,-0.401,-0.062,2.5,13.26,-0.01,,,
128.03,REGROUND,-35.76,-1.09,-9.58,32.52,-0.01,0,0,,,,-0.411,-0.064,1.8,13.26,-0.01,,,
128.08,REGROUND,-35.8,-1.09,-9.58,32.53,-0.01,0,0,,,,-0.4,-0.062,2.6,13.26,-0.01,,,
128.13,REGROUND,-35.8,-1.09,-9.58,32.55,-0.01,0,0,,,,-0.411,-0.064,1.8,13.26,-0.01,,,
128.18,REGROUND,-35.84,-1.09,-9.58,32.56,-0.01,0,0,,,,-0.4,-0.063,2.5,13.26,-0.01,,,
128.23,REGROUND,-35.84,-1.09,-9.58,32.57,-0.01,0,0,,,,-0.411,-0.064,1.8,13.26,-0.01,,,
128.28,REGROUND,-35.89,-1.09,-9.58,32.58,-0.01,0,0,,,,-0.4,-0.063,2.4,13.26,-0.01,,,
128.33,REGROUND,-35.89,-1.09,-9.58,32.6,-0.01,0,0,,,,-0.41,-0.065,1.7,13.26,-0.01,,,
128.38,REGROUND,-35.93,-1.09,-9.58,32.61,-0.01,0,0,,,,-0.4,-0.063,2.4,13.26,-0.01,,,
128.43,REGROUND,-35.93,-1.09,-9.58,32.62,-0.01,0,0,,,,-0.411,-0.065,1.8,13.26,-0.01,,,
128.48,REGROUND,-35.97,-1.09,-9.58,32.63,-0.01,0,0,,,,-0.4,-0.063,2.4,13.26,-0.01,,,
128.53,REGROUND,-35.97,-1.09,-9.58,32.65,-0.01,0,0,,,,-0.411,-0.065,1.8,13.26,-0.01,,,
128.58,REGROUND,-36.01,-1.09,-9.58,32.66,-0.01,0,0,,,,-0.401,-0.063,2.8,13.26,-0.01,,,
128.63,REGROUND,-36.01,-1.09,-9.58,32.67,-0.01,0,0,,,,-0.411,-0.065,3.9,13.26,-0.01,,,
128.68,REGROUND,-36.05,-1.09,-9.58,32.68,-0.01,0,0,,,,-0.401,-0.063,2.4,13.26,-0.01,,,
128.73,REGROUND,-36.05,-1.09,-9.58,32.7,-0.01,0,0,,,,-0.411,-0.065,1.7,13.26,-0.01,,,
128.78,REGROUND,-36.09,-1.09,-9.58,32.71,-0.01,0,0,,,,-0.401,-0.063,2.3,13.26,-0.01,,,
128.83,REGROUND,-36.09,-1.09,-9.58,32.72,-0.01,0,0,,,,-0.411,-0.065,2.0,13.26,-0.01,,,
128.88,REGROUND,-36.13,-1.09,-9.58,32.73,-0.01,0,0,,,,-0.4,-0.063,2.3,13.26,-0.01,,,
128.93,REGROUND,-36.13,-1.09,-9.58,32.75,-0.01,0,0,,,,-0.41,-0.065,1.8,13.26,-0.01,,,
128.98,REGROUND,-36.17,-1.09,-9.58,32.76,-0.01,0,0,,,,-0.4,-0.063,2.5,13.26,-0.01,,,
129.03,REGROUND,-36.17,-1.09,-9.58,32.77,-0.01,0,0,,,,-0.41,-0.064,1.9,13.26,-0.01,,,
129.08,REGROUND,-36.21,-1.1,-9.58,32.78,-0.01,0,0,,,,-0.4,-0.063,2.5,13.26,-0.01,,,
129.13,REGROUND,-36.21,-1.1,-9.58,32.8,-0.01,0,0,,,,-0.41,-0.064,1.8,13.26,-0.01,,,
129.18,REGROUND,-36.26,-1.1,-9.58,32.81,-0.01,0,0,,,,-0.4,-0.063,2.4,13.26,-0.01,,,
129.23,REGROUND,-36.26,-1.1,-9.58,32.82,-0.01,0,0,,,,-0.41,-0.064,1.5,13.26,-0.01,,,
129.28,REGROUND,-36.3,-1.1,-9.58,32.83,-0.01,0,0,,,,-0.4,-0.063,2.5,13.26,-0.01,,,
129.33,REGROUND,-36.3,-1.1,-9.58,32.85,-0.01,0,0,,,,-0.41,-0.064,1.8,13.26,-0.01,,,
129.38,REGROUND,-36.34,-1.1,-9.58,32.86,-0.01,0,0,,,,-0.4,-0.062,2.5,13.26,-0.01,,,
129.43,REGROUND,-36.34,-1.1,-9.58,32.87,-0.01,0,0,,,,-0.41,-0.064,1.7,13.26,-0.01,,,
129.48,REGROUND,-36.38,-1.1,-9.58,32.88,-0.01,0,0,,,,-0.4,-0.062,2.4,13.26,-0.01,,,
129.53,REGROUND,-36.38,-1.1,-9.58,32.9,-0.01,0,0,,,,-0.41,-0.064,1.9,13.26,-0.01,,,
129.58,REGROUND,-36.42,-1.1,-9.58,32.91,-0.01,0,0,,,,-0.4,-0.062,2.5,13.26,-0.01,,,
129.63,REGROUND,-36.42,-1.1,-9.58,32.92,-0.01,0,0,,,,-0.41,-0.064,1.9,13.26,-0.01,,,
129.68,REGROUND,-36.46,-1.1,-9.58,32.93,-0.01,0,0,,,,-0.4,-0.062,2.5,13.26,-0.01,,,
129.73,REGROUND,-36.46,-1.1,-9.58,32.95,-0.01,0,0,,,,-0.41,-0.064,1.8,13.26,-0.01,,,
129.78,REGROUND,-36.5,-1.11,-9.58,32.96,-0.01,0,0,,,,-0.401,-0.062,2.5,13.26,-0.01,,,
129.83,REGROUND,-36.5,-1.11,-9.58,32.97,-0.01,0,0,,,,-0.411,-0.064,1.8,13.26,-0.01,,,
129.88,REGROUND,-36.54,-1.11,-9.58,32.98,-0.01,0,0,,,,-0.401,-0.062,2.4,13.26,-0.01,,,
129.93,REGROUND,-36.54,-1.11,-9.58,33.0,-0.01,0,0,,,,-0.411,-0.063,1.8,13.26,-0.01,,,
129.98,REGROUND,-36.58,-1.11,-9.58,33.01,-0.01,0,0,,,,-0.401,-0.061,2.5,13.26,-0.01,,,
130.03,REGROUND,-36.58,-1.11,-9.58,33.02,-0.01,0,0,,,,-0.411,-0.063,1.8,13.26,-0.01,,,
130.08,REGROUND,-36.62,-1.11,-9.58,33.03,-0.01,0,0,,,,-0.401,-0.061,2.4,13.26,-0.01,,,
130.13,REGROUND,-36.62,-1.11,-9.58,33.05,-0.01,0,0,,,,-0.411,-0.063,1.8,13.26,-0.01,,,
130.18,REGROUND,-36.66,-1.11,-9.58,33.06,-0.01,0,0,,,,-0.401,-0.061,2.4,13.26,-0.01,,,
130.23,REGROUND,-36.66,-1.11,-9.58,33.07,-0.01,0,0,,,,-0.411,-0.062,1.8,13.26,-0.01,,,
130.28,REGROUND,-36.71,-1.11,-9.58,33.08,-0.01,0,0,,,,-0.401,-0.061,2.6,13.26,-0.01,,,
130.33,REGROUND,-36.71,-1.11,-9.58,33.1,-0.01,0,0,,,,-0.411,-0.062,1.8,13.26,-0.01,,,
130.38,REGROUND,-36.75,-1.12,-9.58,33.11,-0.01,0,0,,,,-0.401,-0.06,2.4,13.26,-0.01,,,
130.43,REGROUND,-36.75,-1.12,-9.58,33.12,-0.01,0,0,,,,-0.411,-0.062,1.8,13.26,-0.01,,,
130.48,REGROUND,-36.79,-1.12,-9.58,33.13,-0.01,0,0,,,,-0.401,-0.06,2.5,13.26,-0.01,,,
130.53,REGROUND,-36.79,-1.12,-9.58,33.15,-0.01,0,0,,,,-0.411,-0.062,1.8,13.26,-0.01,,,
130.58,REGROUND,-36.83,-1.12,-9.58,33.16,-0.01,0,0,,,,-0.401,-0.06,2.6,13.26,-0.01,,,
130.63,REGROUND,-36.83,-1.12,-9.58,33.17,-0.01,0,0,,,,-0.411,-0.062,1.8,13.26,-0.01,,,
130.68,REGROUND,-36.87,-1.12,-9.58,33.19,-0.01,0,0,,,,-0.401,-0.06,2.3,13.26,-0.01,,,
130.73,REGROUND,-36.87,-1.12,-9.58,33.2,-0.01,0,0,,,,-0.411,-0.062,1.8,13.26,-0.01,,,
130.78,REGROUND,-36.91,-1.12,-9.58,33.21,-0.01,0,0,,,,-0.401,-0.06,2.4,13.26,-0.01,,,
130.83,REGROUND,-36.91,-1.12,-9.58,33.22,-0.01,0,0,,,,-0.411,-0.061,3.3,13.26,-0.01,,,
130.88,REGROUND,-36.95,-1.12,-9.58,33.24,-0.01,0,0,,,,-0.401,-0.06,2.3,13.26,-0.01,,,
130.93,REGROUND,-36.95,-1.12,-9.58,33.25,-0.01,0,0,,,,-0.411,-0.061,1.8,13.26,-0.01,,,
130.98,REGROUND,-36.99,-1.12,-9.58,33.26,-0.01,0,0,,,,-0.401,-0.06,2.3,13.26,-0.01,,,
131.03,REGROUND,-36.99,-1.12,-9.58,33.27,-0.01,0,0,,,,-0.411,-0.061,1.7,13.26,-0.01,,,
131.08,REGROUND,-37.03,-1.12,-9.58,33.29,-0.01,0,0,,,,-0.401,-0.06,2.6,13.26,-0.01,,,
131.13,REGROUND,-37.03,-1.12,-9.58,33.3,-0.01,0,0,,,,-0.411,-0.062,1.9,13.26,-0.01,,,
131.18,REGROUND,-37.07,-1.12,-9.58,33.31,-0.01,0,0,,,,-0.401,-0.06,2.5,13.26,-0.01,,,
131.23,REGROUND,-37.07,-1.12,-9.58,33.32,-0.01,0,0,,,,-0.411,-0.062,1.8,13.26,-0.01,,,
131.28,REGROUND,-37.12,-1.13,-9.58,33.34,-0.01,0,0,,,,-0.401,-0.06,2.5,13.26,-0.01,,,
131.33,REGROUND,-37.12,-1.13,-9.58,33.35,-0.01,0,0,,,,-0.411,-0.062,1.8,13.26,-0.01,,,
131.38,REGROUND,-37.16,-1.13,-9.58,33.36,-0.01,0,0,,,,-0.401,-0.061,2.4,13.26,-0.01,,,
131.43,REGROUND,-37.16,-1.13,-9.58,33.37,-0.01,0,0,,,,-0.411,-0.062,1.8,13.26,-0.01,,,
131.48,REGROUND,-37.2,-1.13,-9.58,33.39,-0.01,0,0,,,,-0.401,-0.061,2.5,13.26,-0.01,,,
131.53,REGROUND,-37.2,-1.13,-9.58,33.4,-0.01,0,0,,,,-0.411,-0.062,1.5,13.26,-0.01,,,
131.58,REGROUND,-37.24,-1.13,-9.58,33.41,-0.01,0,0,,,,-0.401,-0.061,2.4,13.26,-0.01,,,
131.63,REGROUND,-37.24,-1.13,-9.58,33.42,-0.01,0,0,,,,-0.411,-0.063,1.9,13.26,-0.01,,,
131.68,REGROUND,-37.28,-1.13,-9.58,33.44,-0.01,0,0,,,,-0.401,-0.061,2.3,13.26,-0.01,,,
131.73,REGROUND,-37.28,-1.13,-9.58,33.45,-0.01,0,0,,,,-0.411,-0.063,1.8,13.26,-0.01,,,
131.78,REGROUND,-37.32,-1.13,-9.58,33.46,-0.01,0,0,,,,-0.401,-0.062,2.5,13.26,-0.01,,,
131.83,REGROUND,-37.32,-1.13,-9.58,33.47,-0.01,0,0,,,,-0.411,-0.063,1.8,13.26,-0.01,,,
131.88,REGROUND,-37.36,-1.13,-9.58,33.49,-0.01,0,0,,,,-0.401,-0.062,2.5,13.26,-0.01,,,
131.94,REGROUND,-37.36,-1.13,-9.58,33.5,-0.01,0,0,,,,-0.411,-0.063,1.8,13.26,-0.01,,,
131.99,REGROUND,-37.4,-1.13,-9.58,33.51,-0.01,0,0,,,,-0.401,-0.062,2.5,13.26,-0.01,,,
132.04,REGROUND,-37.4,-1.13,-9.58,33.52,-0.01,0,0,,,,-0.411,-0.064,1.8,13.26,-0.01,,,
132.09,REGROUND,-37.44,-1.13,-9.58,33.54,-0.01,0,0,,,,-0.401,-0.062,2.5,13.26,-0.01,,,
132.14,REGROUND,-37.44,-1.13,-9.58,33.55,-0.01,0,0,,,,-0.411,-0.064,1.8,13.26,-0.01,,,
132.19,REGROUND,-37.48,-1.13,-9.58,33.56,-0.01,0,0,,,,-0.401,-0.063,2.4,13.26,-0.01,,,
132.24,REGROUND,-37.48,-1.13,-9.58,33.57,-0.01,0,0,,,,-0.411,-0.064,1.8,13.26,-0.01,,,
132.29,REGROUND,-37.53,-1.13,-9.58,33.59,-0.01,0,0,,,,-0.401,-0.063,2.4,13.26,-0.01,,,
132.34,REGROUND,-37.53,-1.13,-9.58,33.6,-0.01,0,0,,,,-0.411,-0.065,1.8,13.26,-0.01,,,
132.39,REGROUND,-37.57,-1.13,-9.58,33.61,-0.01,0,0,,,,-0.401,-0.063,2.3,13.26,-0.01,,,
132.44,REGROUND,-37.57,-1.13,-9.58,33.62,-0.01,0,0,,,,-0.411,-0.065,1.8,13.26,-0.01,,,
132.49,REGROUND,-37.61,-1.13,-9.58,33.64,-0.01,0,0,,,,-0.401,-0.063,2.3,13.26,-0.01,,,
132.54,REGROUND,-37.61,-1.13,-9.58,33.65,-0.01,0,0,,,,-0.411,-0.065,1.8,13.26,-0.01,,,
132.59,REGROUND,-37.65,-1.13,-9.58,33.66,-0.01,0,0,,,,-0.401,-0.063,2.5,13.26,-0.01,,,
132.64,REGROUND,-37.65,-1.13,-9.58,33.67,-0.01,0,0,,,,-0.411,-0.065,1.8,13.26,-0.01,,,
132.69,REGROUND,-37.69,-1.13,-9.58,33.69,-0.01,0,0,,,,-0.401,-0.063,2.5,13.26,-0.01,,,
132.74,REGROUND,-37.69,-1.13,-9.58,33.7,-0.01,0,0,,,,-0.411,-0.065,1.8,13.26,-0.01,,,
132.79,REGROUND,-37.73,-1.14,-9.58,33.71,-0.01,0,0,,,,-0.401,-0.063,2.6,13.26,-0.01,,,
132.84,REGROUND,-37.73,-1.14,-9.58,33.72,-0.01,0,0,,,,-0.411,-0.065,1.8,13.26,-0.01,,,
132.89,REGROUND,-37.77,-1.14,-9.58,33.74,-0.01,0,0,,,,-0.4,-0.063,2.4,13.26,-0.01,,,
132.94,REGROUND,-37.77,-1.14,-9.58,33.75,-0.01,0,0,,,,-0.411,-0.065,1.8,13.26,-0.01,,,
132.99,REGROUND,-37.81,-1.14,-9.58,33.76,-0.01,0,0,,,,-0.4,-0.063,2.4,13.26,-0.01,,,
133.04,REGROUND,-37.81,-1.14,-9.58,33.77,-0.01,0,0,,,,-0.411,-0.065,3.3,13.26,-0.01,,,
133.09,REGROUND,-37.86,-1.14,-9.58,33.79,-0.01,0,0,,,,-0.4,-0.063,2.3,13.26,-0.01,,,
133.14,REGROUND,-37.86,-1.14,-9.58,33.8,-0.01,0,0,,,,-0.41,-0.065,1.8,13.26,-0.01,,,
133.19,REGROUND,-37.9,-1.14,-9.58,33.81,-0.01,0,0,,,,-0.4,-0.063,2.3,13.26,-0.01,,,
133.24,REGROUND,-37.9,-1.14,-9.58,33.82,-0.01,0,0,,,,-0.411,-0.064,1.8,13.26,-0.01,,,
133.29,REGROUND,-37.94,-1.14,-9.58,33.84,-0.01,0,0,,,,-0.4,-0.063,2.3,13.26,-0.01,,,
133.34,REGROUND,-37.94,-1.14,-9.58,33.85,-0.01,0,0,,,,-0.411,-0.064,1.9,13.26,-0.01,,,
133.39,REGROUND,-37.98,-1.14,-9.58,33.86,-0.01,0,0,,,,-0.401,-0.062,2.5,13.26,-0.01,,,
133.44,REGROUND,-37.98,-1.14,-9.58,33.87,-0.01,0,0,,,,-0.411,-0.064,1.8,13.26,-0.01,,,
133.49,REGROUND,-38.02,-1.15,-9.58,33.89,-0.01,0,0,,,,-0.401,-0.062,2.5,13.26,-0.01,,,
133.54,REGROUND,-38.02,-1.15,-9.58,33.9,-0.01,0,0,,,,-0.411,-0.064,1.6,13.26,-0.01,,,
133.59,REGROUND,-38.06,-1.15,-9.58,33.91,-0.01,0,0,,,,-0.401,-0.062,2.5,13.26,-0.01,,,
133.64,REGROUND,-38.06,-1.15,-9.58,33.92,-0.01,0,0,,,,-0.411,-0.064,1.8,13.26,-0.01,,,
133.69,REGROUND,-38.1,-1.15,-9.58,33.94,-0.01,0,0,,,,-0.4,-0.062,2.4,13.26,-0.01,,,
133.74,REGROUND,-38.1,-1.15,-9.58,33.95,-0.01,0,0,,,,-0.411,-0.064,1.8,13.26,-0.01,,,
133.79,REGROUND,-38.14,-1.15,-9.58,33.96,-0.01,0,0,,,,-0.4,-0.062,2.4,13.26,-0.01,,,
133.84,REGROUND,-38.14,-1.15,-9.58,33.97,-0.01,0,0,,,,-0.411,-0.063,1.5,13.26,-0.01,,,
133.89,REGROUND,-38.18,-1.15,-9.58,33.99,-0.01,0,0,,,,-0.4,-0.062,2.4,13.26,-0.01,,,
133.94,REGROUND,-38.18,-1.15,-9.58,34.0,-0.01,0,0,,,,-0.41,-0.063,1.8,13.26,-0.01,,,
133.99,REGROUND,-38.22,-1.15,-9.58,34.01,-0.01,0,0,,,,-0.4,-0.061,2.3,13.26,-0.01,,,
134.04,REGROUND,-38.22,-1.15,-9.58,34.02,-0.01,0,0,,,,-0.41,-0.063,1.9,13.26,-0.01,,,
134.09,REGROUND,-38.27,-1.15,-9.58,34.04,-0.01,0,0,,,,-0.4,-0.061,2.6,13.26,-0.01,,,
134.14,REGROUND,-38.27,-1.15,-9.58,34.05,-0.01,0,0,,,,-0.41,-0.063,1.9,13.26,-0.01,,,
134.19,REGROUND,-38.31,-1.16,-9.58,34.06,-0.01,0,0,,,,-0.4,-0.061,2.5,13.26,-0.01,,,
134.24,REGROUND,-38.31,-1.16,-9.58,34.07,-0.01,0,0,,,,-0.41,-0.062,1.8,13.26,-0.01,,,
134.29,REGROUND,-38.35,-1.16,-9.58,34.09,-0.01,0,0,,,,-0.4,-0.061,2.5,13.26,-0.01,,,
134.34,REGROUND,-38.35,-1.16,-9.58,34.1,-0.01,0,0,,,,-0.41,-0.062,1.8,13.26,-0.01,,,
134.39,REGROUND,-38.39,-1.16,-9.58,34.11,-0.01,0,0,,,,-0.4,-0.06,2.4,13.26,-0.01,,,
134.44,REGROUND,-38.39,-1.16,-9.58,34.12,-0.01,0,0,,,,-0.41,-0.062,1.7,13.26,-0.01,,,
134.49,REGROUND,-38.43,-1.16,-9.58,34.14,-0.01,0,0,,,,-0.4,-0.06,2.4,13.26,-0.01,,,
134.54,REGROUND,-38.43,-1.16,-9.58,34.15,-0.01,0,0,,,,-0.41,-0.062,1.8,13.26,-0.01,,,
134.59,REGROUND,-38.47,-1.16,-9.58,34.16,-0.01,0,0,,,,-0.4,-0.06,2.2,13.26,-0.01,,,
134.64,REGROUND,-38.47,-1.16,-9.58,34.17,-0.01,0,0,,,,-0.41,-0.062,1.9,13.26,-0.01,,,
134.69,REGROUND,-38.51,-1.16,-9.58,34.19,-0.01,0,0,,,,-0.4,-0.06,2.2,13.26,-0.01,,,
134.74,REGROUND,-38.51,-1.16,-9.58,34.2,-0.01,0,0,,,,-0.41,-0.062,1.9,13.26,-0.01,,,
134.79,REGROUND,-38.55,-1.16,-9.58,34.21,-0.01,0,0,,,,-0.4,-0.06,2.5,13.26,-0.01,,,
134.84,REGROUND,-38.55,-1.16,-9.58,34.22,-0.01,0,0,,,,-0.41,-0.062,1.9,13.26,-0.01,,,
134.89,REGROUND,-38.6,-1.16,-9.58,34.24,-0.01,0,0,,,,-0.4,-0.06,2.5,13.26,-0.01,,,
134.94,REGROUND,-38.6,-1.16,-9.58,34.25,-0.01,0,0,,,,-0.41,-0.062,1.8,13.26,-0.01,,,
134.99,REGROUND,-38.64,-1.17,-9.58,34.26,-0.01,0,0,,,,-0.4,-0.061,2.5,13.26,-0.01,,,
135.04,REGROUND,-38.64,-1.17,-9.58,34.27,-0.01,0,0,,,,-0.41,-0.062,1.7,13.26,-0.01,,,
135.09,REGROUND,-38.68,-1.17,-9.58,34.29,-0.01,0,0,,,,-0.4,-0.061,2.3,13.26,-0.01,,,
135.14,REGROUND,-38.68,-1.17,-9.58,34.3,-0.01,0,0,,,,-0.41,-0.062,1.9,13.26,-0.01,,,
135.19,REGROUND,-38.72,-1.17,-9.58,34.31,-0.01,0,0,,,,-0.4,-0.061,2.3,13.26,-0.01,,,
135.24,REGROUND,-38.72,-1.17,-9.58,34.32,-0.01,0,0,,,,-0.41,-0.063,3.4,13.26,-0.01,,,
135.29,REGROUND,-38.76,-1.17,-9.58,34.34,-0.01,0,0,,,,-0.4,-0.061,2.2,13.26,-0.01,,,
135.34,REGROUND,-38.76,-1.17,-9.58,34.35,-0.01,0,0,,,,-0.41,-0.063,1.8,13.26,-0.01,,,
135.39,REGROUND,-38.8,-1.17,-9.58,34.36,-0.01,0,0,,,,-0.4,-0.062,2.3,13.26,-0.01,,,
135.44,REGROUND,-38.8,-1.17,-9.58,34.37,-0.01,0,0,,,,-0.41,-0.063,1.9,13.26,-0.01,,,
135.49,REGROUND,-38.84,-1.17,-9.58,34.39,-0.01,0,0,,,,-0.4,-0.062,2.5,13.26,-0.01,,,
135.54,REGROUND,-38.84,-1.17,-9.58,34.4,-0.01,0,0,,,,-0.41,-0.063,1.8,13.26,-0.01,,,
135.59,REGROUND,-38.88,-1.17,-9.58,34.41,-0.01,0,0,,,,-0.4,-0.062,2.5,13.26,-0.01,,,
135.64,REGROUND,-38.88,-1.17,-9.58,34.42,-0.01,0,0,,,,-0.41,-0.063,1.9,13.26,-0.01,,,
135.69,REGROUND,-38.92,-1.17,-9.58,34.44,-0.01,0,0,,,,-0.4,-0.062,2.5,13.26,-0.01,,,
135.74,REGROUND,-38.92,-1.17,-9.58,34.45,-0.01,0,0,,,,-0.411,-0.064,1.8,13.26,-0.01,,,
135.79,REGROUND,-38.96,-1.17,-9.58,34.46,-0.01,0,0,,,,-0.401,-0.062,2.5,13.26,-0.01,,,
135.84,REGROUND,-38.96,-1.17,-9.58,34.47,-0.01,0,0,,,,-0.411,-0.064,1.7,13.26,-0.01,,,
135.89,REGROUND,-39.0,-1.17,-9.58,34.49,-0.01,0,0,,,,-0.401,-0.062,2.4,13.26,-0.01,,,
135.94,REGROUND,-39.0,-1.17,-9.58,34.5,-0.01,0,0,,,,-0.411,-0.064,1.8,13.26,-0.01,,,
135.99,REGROUND,-39.04,-1.17,-9.58,34.51,-0.01,0,0,,,,-0.401,-0.062,2.4,13.26,-0.01,,,
136.04,REGROUND,-39.04,-1.17,-9.58,34.52,-0.01,0,0,,,,-0.411,-0.064,1.8,13.26,-0.01,,,
136.09,REGROUND,-39.09,-1.17,-9.58,34.54,-0.01,0,0,,,,-0.401,-0.062,2.3,13.26,-0.01,,,
136.14,REGROUND,-39.09,-1.17,-9.58,34.55,-0.01,0,0,,,,-0.411,-0.064,1.7,13.26,-0.01,,,
136.19,REGROUND,-39.13,-1.18,-9.58,34.56,-0.01,0,0,,,,-0.401,-0.062,2.5,13.26,-0.01,,,
136.24,REGROUND,-39.13,-1.18,-9.58,34.57,-0.01,0,0,,,,-0.411,-0.064,2.0,13.26,-0.01,,,
136.29,REGROUND,-39.17,-1.18,-9.58,34.59,-0.01,0,0,,,,-0.401,-0.063,2.3,13.26,-0.01,,,
136.34,REGROUND,-39.17,-1.18,-9.58,34.6,-0.01,0,0,,,,-0.411,-0.064,1.8,13.26,-0.01,,,
136.39,REGROUND,-39.21,-1.18,-9.58,34.61,-0.01,0,0,,,,-0.401,-0.063,2.3,13.26,-0.01,,,
136.44,REGROUND,-39.21,-1.18,-9.58,34.62,-0.01,0,0,,,,-0.411,-0.064,1.9,13.26,-0.01,,,
136.49,REGROUND,-39.25,-1.18,-9.58,34.64,-0.01,0,0,,,,-0.4,-0.063,2.5,13.26,-0.01,,,
136.54,REGROUND,-39.25,-1.18,-9.58,34.65,-0.01,0,0,,,,-0.41,-0.064,1.8,13.26,-0.01,,,
136.59,REGROUND,-39.29,-1.18,-9.58,34.66,-0.01,0,0,,,,-0.4,-0.062,2.5,13.26,-0.01,,,
136.64,REGROUND,-39.29,-1.18,-9.58,34.67,-0.01,0,0,,,,-0.411,-0.064,1.9,13.26,-0.01,,,
136.69,REGROUND,-39.33,-1.18,-9.58,34.69,-0.01,0,0,,,,-0.4,-0.062,2.4,13.26,-0.01,,,
136.74,REGROUND,-39.33,-1.18,-9.58,34.7,-0.01,0,0,,,,-0.41,-0.064,1.8,13.26,-0.01,,,
136.79,REGROUND,-39.37,-1.18,-9.58,34.71,-0.01,0,0,,,,-0.401,-0.062,2.3,13.26,-0.01,,,
136.84,REGROUND,-39.37,-1.18,-9.58,34.72,-0.01,0,0,,,,-0.411,-0.064,1.9,13.26,-0.01,,,
136.89,REGROUND,-39.41,-1.18,-9.58,34.74,-0.01,0,0,,,,-0.4,-0.062,2.5,13.26,-0.01,,,
136.94,REGROUND,-39.41,-1.18,-9.58,34.75,-0.01,0,0,,,,-0.411,-0.064,1.8,13.26,-0.01,,,
136.99,REGROUND,-39.46,-1.18,-9.58,34.76,-0.01,0,0,,,,-0.4,-0.062,2.4,13.26,-0.01,,,
137.04,REGROUND,-39.46,-1.18,-9.58,34.77,-0.01,0,0,,,,-0.411,-0.064,1.8,13.26,-0.01,,,
137.09,REGROUND,-39.5,-1.19,-9.58,34.79,-0.01,0,0,,,,-0.4,-0.062,2.6,13.26,-0.01,,,
137.14,REGROUND,-39.5,-1.19,-9.58,34.8,-0.01,0,0,,,,-0.411,-0.064,1.9,13.26,-0.01,,,
137.19,REGROUND,-39.54,-1.19,-9.58,34.81,-0.01,0,0,,,,-0.4,-0.062,2.4,13.26,-0.01,,,
137.24,REGROUND,-39.54,-1.19,-9.58,34.82,-0.01,0,0,,,,-0.411,-0.064,1.7,13.26,-0.01,,,
137.29,REGROUND,-39.58,-1.19,-9.58,34.84,-0.01,0,0,,,,-0.4,-0.062,2.4,13.26,-0.01,,,
137.34,REGROUND,-39.58,-1.19,-9.58,34.85,-0.01,0,0,,,,-0.411,-0.064,1.8,13.26,-0.01,,,
137.39,REGROUND,-39.62,-1.19,-9.58,34.86,-0.01,0,0,,,,-0.4,-0.062,3.9,13.26,-0.01,,,
137.44,REGROUND,-39.62,-1.19,-9.58,34.87,-0.01,0,0,,,,-0.411,-0.064,1.8,13.26,-0.01,,,
137.49,REGROUND,-39.66,-1.19,-9.58,34.89,-0.01,0,0,,,,-0.4,-0.062,2.6,13.26,-0.01,,,
137.54,REGROUND,-39.66,-1.19,-9.58,34.9,-0.01,0,0,,,,-0.411,-0.063,1.8,13.26,-0.01,,,
137.59,REGROUND,-39.7,-1.19,-9.58,34.91,-0.01,0,0,,,,-0.401,-0.062,2.5,13.26,-0.01,,,
137.64,REGROUND,-39.7,-1.19,-9.58,34.92,-0.01,0,0,,,,-0.411,-0.063,1.9,13.26,-0.01,,,
137.69,REGROUND,-39.74,-1.19,-9.58,34.94,-0.01,0,0,,,,-0.401,-0.062,2.5,13.26,-0.01,,,
137.74,REGROUND,-39.74,-1.19,-9.58,34.95,-0.01,0,0,,,,-0.411,-0.063,1.8,13.26,-0.01,,,
137.79,REGROUND,-39.78,-1.19,-9.58,34.96,-0.01,0,0,,,,-0.401,-0.062,2.5,13.26,-0.01,,,
137.84,REGROUND,-39.78,-1.19,-9.58,34.98,-0.01,0,0,,,,-0.411,-0.063,1.8,13.26,-0.01,,,
137.89,REGROUND,-39.82,-1.2,-9.58,34.99,-0.01,0,0,,,,-0.401,-0.062,2.5,13.26,-0.01,,,
137.94,REGROUND,-39.82,-1.2,-9.58,35.0,-0.01,0,0,,,,-0.411,-0.063,1.7,13.26,-0.01,,,
137.99,REGROUND,-39.86,-1.2,-9.58,35.01,-0.01,0,0,,,,-0.401,-0.061,2.5,13.26,-0.01,,,
138.04,REGROUND,-39.86,-1.2,-9.58,35.03,-0.01,0,0,,,,-0.411,-0.063,1.8,13.26,-0.01,,,
138.09,REGROUND,-39.91,-1.2,-9.58,35.04,-0.01,0,0,,,,-0.401,-0.061,2.6,13.26,-0.01,,,
138.14,REGROUND,-39.91,-1.2,-9.58,35.05,-0.01,0,0,,,,-0.412,-0.063,1.9,13.26,-0.01,,,
138.19,REGROUND,-39.95,-1.2,-9.58,35.06,-0.01,0,0,,,,-0.402,-0.061,2.4,13.26,-0.01,,,
138.24,REGROUND,-39.95,-1.2,-9.58,35.08,-0.01,0,0,,,,-0.412,-0.062,1.8,13.26,-0.01,,,
138.29,REGROUND,-39.99,-1.2,-9.58,35.09,-0.01,0,0,,,,-0.402,-0.061,2.5,13.26,-0.01,,,
138.34,REGROUND,-39.99,-1.2,-9.58,35.1,-0.01,0,0,,,,-0.412,-0.062,1.9,13.26,-0.01,,,
138.39,REGROUND,-40.03,-1.2,-9.58,35.11,-0.01,0,0,,,,-0.402,-0.061,2.5,13.26,-0.01,,,
138.44,REGROUND,-40.03,-1.2,-9.58,35.13,-0.01,0,0,,,,-0.412,-0.062,1.8,13.26,-0.01,,,
138.49,REGROUND,-40.07,-1.21,-9.58,35.14,-0.01,0,0,,,,-0.402,-0.061,2.4,13.26,-0.01,,,
138.54,REGROUND,-40.07,-1.21,-9.58,35.15,-0.01,0,0,,,,-0.412,-0.062,1.8,13.26,-0.01,,,
138.59,REGROUND,-40.11,-1.21,-9.58,35.16,-0.01,0,0,,,,-0.402,-0.06,2.5,13.26,-0.01,,,
138.64,REGROUND,-40.11,-1.21,-9.58,35.18,-0.01,0,0,,,,-0.412,-0.062,1.9,13.26,-0.01,,,
138.69,REGROUND,-40.15,-1.21,-9.58,35.19,-0.01,0,0,,,,-0.402,-0.061,2.3,13.26,-0.01,,,
138.74,REGROUND,-40.15,-1.21,-9.58,35.2,-0.01,0,0,,,,-0.412,-0.062,1.8,13.26,-0.01,,,
138.79,REGROUND,-40.19,-1.21,-9.58,35.21,-0.01,0,0,,,,-0.402,-0.061,2.4,13.26,-0.01,,,
138.84,REGROUND,-40.19,-1.21,-9.58,35.23,-0.01,0,0,,,,-0.412,-0.062,2.2,13.26,-0.01,,,
138.89,REGROUND,-40.23,-1.21,-9.58,35.24,-0.01,0,0,,,,-0.402,-0.061,2.4,13.26,-0.01,,,
138.95,REGROUND,-40.23,-1.21,-9.58,35.25,-0.01,0,0,,,,-0.412,-0.062,2.1,13.26,-0.01,,,
139.0,REGROUND,-40.27,-1.21,-9.58,35.26,-0.01,0,0,,,,-0.402,-0.061,2.7,13.26,-0.01,,,
139.05,REGROUND,-40.27,-1.21,-9.58,35.28,-0.01,0,0,,,,-0.412,-0.062,2.2,13.26,-0.01,,,
139.1,REGROUND,-40.32,-1.21,-9.58,35.29,-0.01,0,0,,,,-0.401,-0.061,2.7,13.26,-0.01,,,
139.15,REGROUND,-40.32,-1.21,-9.58,35.3,-0.01,0,0,,,,-0.412,-0.063,1.8,13.26,-0.01,,,
139.2,REGROUND,-40.36,-1.21,-9.58,35.31,-0.01,0,0,,,,-0.401,-0.061,2.5,13.26,-0.01,,,
139.25,REGROUND,-40.36,-1.21,-9.58,35.33,-0.01,0,0,,,,-0.411,-0.063,1.8,13.26,-0.01,,,
139.3,REGROUND,-40.4,-1.21,-9.58,35.34,-0.01,0,0,,,,-0.401,-0.061,2.5,13.26,-0.01,,,
139.35,REGROUND,-40.4,-1.21,-9.58,35.35,-0.01,0,0,,,,-0.411,-0.063,1.8,13.26,-0.01,,,
139.4,REGROUND,-40.44,-1.21,-9.58,35.36,-0.01,0,0,,,,-0.4,-0.062,2.4,13.26,-0.01,,,
139.45,REGROUND,-40.44,-1.21,-9.58,35.38,-0.01,0,0,,,,-0.411,-0.063,1.6,13.26,-0.01,,,
139.5,REGROUND,-40.48,-1.21,-9.58,35.39,-0.01,0,0,,,,-0.4,-0.062,2.2,13.26,-0.01,,,
139.55,REGROUND,-40.48,-1.21,-9.58,35.4,-0.01,0,0,,,,-0.41,-0.064,3.1,13.26,-0.01,,,
139.6,REGROUND,-40.52,-1.21,-9.58,35.41,-0.01,0,0,,,,-0.4,-0.062,2.2,13.26,-0.01,,,
139.65,REGROUND,-40.52,-1.21,-9.58,35.43,-0.01,0,0,,,,-0.41,-0.064,2.0,13.26,-0.01,,,
139.7,REGROUND,-40.57,-1.21,-9.58,35.44,-0.01,0,0,,,,-0.399,-0.062,2.5,13.26,-0.01,,,
139.75,REGROUND,-40.57,-1.21,-9.58,35.45,-0.01,0,0,,,,-0.41,-0.064,1.9,13.26,-0.01,,,
139.8,REGROUND,-40.61,-1.22,-9.58,35.46,-0.01,0,0,,,,-0.399,-0.062,2.5,13.26,-0.01,,,
139.85,REGROUND,-40.61,-1.22,-9.58,35.48,-0.01,0,0,,,,-0.41,-0.064,1.6,13.26,-0.01,,,
139.9,REGROUND,-40.65,-1.22,-9.58,35.49,-0.01,0,0,,,,-0.399,-0.062,2.5,13.26,-0.01,,,
139.95,REGROUND,-40.65,-1.22,-9.58,35.5,-0.01,0,0,,,,-0.409,-0.064,1.8,13.26,-0.01,,,
140.0,REGROUND,-40.69,-1.22,-9.58,35.51,-0.01,0,0,,,,-0.399,-0.062,2.5,13.26,-0.01,,,
140.05,REGROUND,-40.69,-1.22,-9.58,35.53,-0.01,0,0,,,,-0.409,-0.064,1.6,13.26,-0.01,,,
140.1,REGROUND,-40.73,-1.22,-9.58,35.54,-0.01,0,0,,,,-0.399,-0.062,2.5,13.26,-0.01,,,
140.15,REGROUND,-40.77,-1.22,-9.58,35.55,-0.01,0,0,,,,-0.389,-0.061,2.4,13.26,-0.01,,,
140.2,REGROUND,-40.77,-1.22,-9.58,35.56,-0.01,0,0,,,,-0.399,-0.062,1.8,13.26,-0.01,,,
140.25,REGROUND,-40.77,-1.22,-9.58,35.58,-0.01,0,0,,,,-0.409,-0.064,1.8,13.26,-0.01,,,
140.3,REGROUND,-40.81,-1.22,-9.58,35.59,-0.01,0,0,,,,-0.399,-0.062,2.4,13.26,-0.01,,,
140.35,REGROUND,-40.81,-1.22,-9.58,35.6,-0.01,0,0,,,,-0.409,-0.064,1.8,13.26,-0.01,,,
140.4,REGROUND,-40.85,-1.22,-9.58,35.61,-0.01,0,0,,,,-0.399,-0.063,2.5,13.26,-0.01,,,
140.45,REGROUND,-40.85,-1.22,-9.58,35.63,-0.01,0,0,,,,-0.409,-0.064,1.8,13.26,-0.01,,,
140.5,REGROUND,-40.89,-1.22,-9.58,35.64,-0.01,0,0,,,,-0.399,-0.063,2.5,13.26,-0.01,,,
140.55,REGROUND,-40.89,-1.22,-9.58,35.65,-0.01,0,0,,,,-0.41,-0.064,1.8,13.26,-0.01,,,
140.6,REGROUND,-40.93,-1.22,-9.58,35.66,-0.01,0,0,,,,-0.4,-0.063,2.5,13.26,-0.01,,,
140.65,REGROUND,-40.93,-1.22,-9.58,35.68,-0.01,0,0,,,,-0.41,-0.064,1.8,13.26,-0.01,,,
140.7,REGROUND,-40.98,-1.23,-9.58,35.69,-0.01,0,0,,,,-0.4,-0.062,2.6,13.26,-0.01,,,
140.75,REGROUND,-41.02,-1.23,-9.58,35.7,-0.01,0,0,,,,-0.39,-0.061,2.5,13.26,-0.01,,,
140.8,REGROUND,-41.02,-1.23,-9.58,35.71,-0.01,0,0,,,,-0.4,-0.062,1.8,13.26,-0.01,,,
140.85,REGROUND,-41.02,-1.23,-9.58,35.73,-0.01,0,0,,,,-0.41,-0.064,1.8,13.26,-0.01,,,
140.9,REGROUND,-41.06,-1.23,-9.58,35.74,-0.01,0,0,,,,-0.4,-0.062,2.4,13.26,-0.01,,,
140.95,REGROUND,-41.06,-1.23,-9.58,35.75,-0.01,0,0,,,,-0.41,-0.064,1.8,13.26,-0.01,,,
141.0,REGROUND,-41.1,-1.23,-9.58,35.76,-0.01,0,0,,,,-0.4,-0.062,2.3,13.26,-0.01,,,
141.05,REGROUND,-41.1,-1.23,-9.58,35.78,-0.01,0,0,,,,-0.411,-0.064,1.6,13.26,-0.01,,,
141.1,REGROUND,-41.14,-1.23,-9.58,35.79,-0.01,0,0,,,,-0.401,-0.062,2.3,13.26,-0.01,,,
141.15,REGROUND,-41.14,-1.23,-9.58,35.8,-0.01,0,0,,,,-0.411,-0.064,1.7,13.26,-0.01,,,
141.2,REGROUND,-41.18,-1.23,-9.58,35.81,-0.01,0,0,,,,-0.401,-0.062,2.5,13.26,-0.01,,,
141.25,REGROUND,-41.18,-1.23,-9.58,35.83,-0.01,0,0,,,,-0.411,-0.064,1.8,13.26,-0.01,,,
141.3,REGROUND,-41.22,-1.23,-9.58,35.84,-0.01,0,0,,,,-0.401,-0.062,2.5,13.26,-0.01,,,
141.35,REGROUND,-41.26,-1.23,-9.58,35.85,-0.01,0,0,,,,-0.391,-0.06,2.5,13.26,-0.01,,,
141.4,REGROUND,-41.26,-1.23,-9.58,35.86,-0.01,0,0,,,,-0.401,-0.062,1.8,13.26,-0.01,,,
141.45,REGROUND,-41.3,-1.24,-9.58,35.88,-0.01,0,0,,,,-0.391,-0.06,2.5,13.26,-0.01,,,
141.5,REGROUND,-41.3,-1.24,-9.58,35.89,-0.01,0,0,,,,-0.401,-0.061,1.8,13.26,-0.01,,,
141.55,REGROUND,-41.3,-1.24,-9.58,35.9,-0.01,0,0,,,,-0.411,-0.063,1.7,13.26,-0.01,,,
141.6,REGROUND,-41.34,-1.24,-9.58,35.91,-0.01,0,0,,,,-0.401,-0.061,2.5,13.26,-0.01,,,
141.65,REGROUND,-41.34,-1.24,-9.58,35.93,-0.01,0,0,,,,-0.411,-0.063,1.9,13.26,-0.01,,,
141.7,REGROUND,-41.38,-1.24,-9.58,35.94,-0.01,0,0,,,,-0.402,-0.061,3.9,13.26,-0.01,,,
141.75,REGROUND,-41.38,-1.24,-9.58,35.95,-0.01,0,0,,,,-0.412,-0.063,1.8,13.26,-0.01,,,
141.8,REGROUND,-41.42,-1.24,-9.58,35.96,-0.01,0,0,,,,-0.402,-0.061,2.2,13.26,-0.01,,,
141.85,REGROUND,-41.42,-1.24,-9.58,35.98,-0.01,0,0,,,,-0.412,-0.062,1.9,13.26,-0.01,,,
141.9,REGROUND,-41.46,-1.24,-9.58,35.99,-0.01,0,0,,,,-0.402,-0.061,2.5,13.26,-0.01,,,
141.95,REGROUND,-41.46,-1.24,-9.58,36.0,-0.01,0,0,,,,-0.412,-0.062,1.8,13.26,-0.01,,,
142.0,REGROUND,-41.5,-1.24,-9.58,36.01,-0.01,0,0,,,,-0.402,-0.06,2.5,13.26,-0.01,,,
142.05,REGROUND,-41.55,-1.25,-9.58,36.03,-0.01,0,0,,,,-0.392,-0.059,2.6,13.26,-0.01,,,
142.1,REGROUND,-41.55,-1.25,-9.58,36.04,-0.01,0,0,,,,-0.402,-0.06,1.8,13.26,-0.01,,,
142.15,REGROUND,-41.59,-1.25,-9.58,36.05,-0.01,0,0,,,,-0.392,-0.059,2.6,13.26,-0.01,,,
142.2,REGROUND,-41.59,-1.25,-9.58,36.06,-0.01,0,0,,,,-0.402,-0.06,1.8,13.26,-0.01,,,
142.25,REGROUND,-41.63,-1.25,-9.58,36.08,-0.01,0,0,,,,-0.392,-0.059,2.5,13.26,-0.01,,,
142.3,REGROUND,-41.63,-1.25,-9.58,36.09,-0.01,0,0,,,,-0.403,-0.06,1.7,13.26,-0.01,,,
142.35,REGROUND,-41.63,-1.25,-9.58,36.1,-0.01,0,0,,,,-0.413,-0.062,1.9,13.26,-0.01,,,
142.4,REGROUND,-41.67,-1.25,-9.58,36.11,-0.01,0,0,,,,-0.403,-0.06,2.3,13.26,-0.01,,,
142.45,REGROUND,-41.67,-1.25,-9.58,36.13,-0.01,0,0,,,,-0.413,-0.062,2.0,13.26,-0.01,,,
142.5,REGROUND,-41.71,-1.25,-9.58,36.14,-0.01,0,0,,,,-0.403,-0.06,2.4,13.26,-0.01,,,
142.55,REGROUND,-41.71,-1.25,-9.58,36.15,-0.01,0,0,,,,-0.413,-0.062,1.8,13.26,-0.01,,,
142.6,REGROUND,-41.75,-1.25,-9.58,36.16,-0.01,0,0,,,,-0.404,-0.06,2.5,13.26,-0.01,,,
142.65,REGROUND,-41.79,-1.25,-9.58,36.18,-0.01,0,0,,,,-0.393,-0.059,2.6,13.26,-0.01,,,
142.7,REGROUND,-41.79,-1.25,-9.58,36.19,-0.01,0,0,,,,-0.404,-0.061,1.9,13.26,-0.01,,,
142.75,REGROUND,-41.83,-1.25,-9.58,36.2,-0.01,0,0,,,,-0.394,-0.059,2.6,13.26,-0.01,,,
142.8,REGROUND,-41.83,-1.25,-9.58,36.21,-0.01,0,0,,,,-0.404,-0.061,1.9,13.26,-0.01,,,
142.85,REGROUND,-41.87,-1.25,-9.58,36.23,-0.01,0,0,,,,-0.394,-0.06,2.6,13.26,-0.01,,,
142.9,REGROUND,-41.87,-1.25,-9.58,36.24,-0.01,0,0,,,,-0.404,-0.061,1.8,13.26,-0.01,,,
142.95,REGROUND,-41.91,-1.25,-9.58,36.25,-0.01,0,0,,,,-0.394,-0.06,2.5,13.26,-0.01,,,
143.0,REGROUND,-41.91,-1.25,-9.58,36.26,-0.01,0,0,,,,-0.404,-0.061,1.7,13.26,-0.01,,,
143.05,REGROUND,-41.91,-1.25,-9.58,36.28,-0.01,0,0,,,,-0.414,-0.063,1.8,13.26,-0.01,,,
143.1,REGROUND,-41.95,-1.25,-9.58,36.29,-0.01,0,0,,,,-0.405,-0.062,2.3,13.26,-0.01,,,
143.15,REGROUND,-41.95,-1.25,-9.58,36.3,-0.01,0,0,,,,-0.415,-0.063,1.8,13.26,-0.01,,,
143.2,REGROUND,-41.99,-1.26,-9.58,36.31,-0.01,0,0,,,,-0.405,-0.062,2.4,13.26,-0.01,,,
143.25,REGROUND,-42.03,-1.26,-9.58,36.33,-0.01,0,0,,,,-0.395,-0.061,2.3,13.26,-0.01,,,
143.3,REGROUND,-42.03,-1.26,-9.58,36.34,-0.01,0,0,,,,-0.405,-0.062,1.8,13.26,-0.01,,,
143.35,REGROUND,-42.07,-1.26,-9.58,36.35,-0.01,0,0,,,,-0.395,-0.061,2.5,13.26,-0.01,,,
143.4,REGROUND,-42.07,-1.26,-9.58,36.36,-0.01,0,0,,,,-0.405,-0.063,1.9,13.26,-0.01,,,
143.45,REGROUND,-42.11,-1.26,-9.58,36.38,-0.01,0,0,,,,-0.395,-0.061,2.5,13.26,-0.01,,,
143.5,REGROUND,-42.11,-1.26,-9.58,36.39,-0.01,0,0,,,,-0.405,-0.063,1.8,13.26,-0.01,,,
143.55,REGROUND,-42.15,-1.26,-9.58,36.4,-0.01,0,0,,,,-0.395,-0.062,2.5,13.26,-0.01,,,
143.6,REGROUND,-42.15,-1.26,-9.58,36.41,-0.01,0,0,,,,-0.405,-0.063,1.8,13.26,-0.01,,,
143.65,REGROUND,-42.19,-1.26,-9.58,36.43,-0.01,0,0,,,,-0.395,-0.062,2.6,13.26,-0.01,,,
143.7,REGROUND,-42.19,-1.26,-9.58,36.44,-0.01,0,0,,,,-0.406,-0.064,1.8,13.26,-0.01,,,
143.75,REGROUND,-42.19,-1.26,-9.58,36.45,-0.01,0,0,,,,-0.416,-0.065,1.8,13.26,-0.01,,,
143.8,REGROUND,-42.23,-1.26,-9.58,36.46,-0.01,0,0,,,,-0.406,-0.064,2.5,13.26,-0.01,,,
143.85,REGROUND,-42.28,-1.26,-9.58,36.48,-0.01,0,0,,,,-0.396,-0.063,4.1,13.26,-0.01,,,
143.9,REGROUND,-42.28,-1.26,-9.58,36.49,-0.01,0,0,,,,-0.406,-0.064,1.7,13.26,-0.01,,,
143.95,REGROUND,-42.32,-1.26,-9.58,36.5,-0.01,0,0,,,,-0.396,-0.063,2.5,13.26,-0.01,,,
144.0,REGROUND,-42.32,-1.26,-9.58,36.51,-0.01,0,0,,,,-0.406,-0.064,1.9,13.26,-0.01,,,
144.05,REGROUND,-42.36,-1.26,-9.58,36.53,-0.01,0,0,,,,-0.396,-0.063,2.6,13.26,-0.01,,,
144.1,REGROUND,-42.36,-1.26,-9.58,36.54,-0.01,0,0,,,,-0.406,-0.064,1.9,13.26,-0.01,,,
144.15,REGROUND,-42.4,-1.26,-9.58,36.55,-0.01,0,0,,,,-0.396,-0.063,2.6,13.26,-0.01,,,
144.2,REGROUND,-42.4,-1.26,-9.58,36.56,-0.01,0,0,,,,-0.407,-0.064,1.8,13.26,-0.01,,,
144.25,REGROUND,-42.44,-1.26,-9.58,36.58,-0.01,0,0,,,,-0.397,-0.063,3.1,13.26,-0.01,,,
144.3,REGROUND,-42.44,-1.26,-9.58,36.59,-0.01,0,0,,,,-0.407,-0.064,2.3,13.26,-0.01,,,
144.35,REGROUND,-42.48,-1.26,-9.58,36.6,-0.01,0,0,,,,-0.397,-0.063,2.7,13.26,-0.01,,,
144.4,REGROUND,-42.48,-1.26,-9.58,36.61,-0.01,0,0,,,,-0.407,-0.064,1.8,13.26,-0.01,,,
144.45,REGROUND,-42.52,-1.27,-9.58,36.63,-0.01,0,0,,,,-0.397,-0.063,2.6,13.26,-0.01,,,
144.5,REGROUND,-42.52,-1.27,-9.58,36.64,-0.01,0,0,,,,-0.407,-0.064,1.8,13.26,-0.01,,,
144.55,REGROUND,-42.56,-1.27,-9.58,36.65,-0.01,0,0,,,,-0.397,-0.063,2.6,13.26,-0.01,,,
144.6,REGROUND,-42.56,-1.27,-9.58,36.66,-0.01,0,0,,,,-0.407,-0.064,1.8,13.26,-0.01,,,
144.65,REGROUND,-42.6,-1.27,-9.58,36.68,-0.01,0,0,,,,-0.397,-0.063,2.6,13.26,-0.01,,,
144.7,REGROUND,-42.6,-1.27,-9.58,36.69,-0.01,0,0,,,,-0.407,-0.064,1.8,13.26,-0.01,,,
144.75,REGROUND,-42.64,-1.27,-9.58,36.7,-0.01,0,0,,,,-0.397,-0.062,3.2,13.26,-0.01,,,
144.8,REGROUND,-42.64,-1.27,-9.58,36.72,-0.01,0,0,,,,-0.407,-0.064,2.0,13.26,-0.01,,,
144.85,REGROUND,-42.68,-1.27,-9.58,36.73,-0.01,0,0,,,,-0.397,-0.062,2.8,13.26,-0.01,,,
144.9,REGROUND,-42.68,-1.27,-9.58,36.74,-0.01,0,0,,,,-0.407,-0.064,1.8,13.26,-0.01,,,
144.95,REGROUND,-42.72,-1.27,-9.58,36.75,-0.01,0,0,,,,-0.397,-0.062,2.6,13.26,-0.01,,,
145.0,REGROUND,-42.72,-1.27,-9.58,36.77,-0.01,0,0,,,,-0.408,-0.064,1.8,13.26,-0.01,,,
145.05,REGROUND,-42.77,-1.27,-9.58,36.78,-0.01,0,0,,,,-0.397,-0.062,2.4,13.26,-0.01,,,
145.1,REGROUND,-42.77,-1.27,-9.58,36.79,-0.01,0,0,,,,-0.407,-0.064,1.8,13.26,-0.01,,,
145.15,REGROUND,-42.81,-1.28,-9.58,36.8,-0.01,0,0,,,,-0.398,-0.062,2.4,13.26,-0.01,,,
145.2,REGROUND,-42.81,-1.28,-9.58,36.82,-0.01,0,0,,,,-0.408,-0.063,1.8,13.26,-0.01,,,
145.25,REGROUND,-42.85,-1.28,-9.58,36.83,-0.01,0,0,,,,-0.398,-0.062,2.3,13.26,-0.01,,,
145.3,REGROUND,-42.85,-1.28,-9.58,36.84,-0.01,0,0,,,,-0.408,-0.063,2.4,13.26,-0.01,,,
145.35,REGROUND,-42.89,-1.28,-9.58,36.85,-0.01,0,0,,,,-0.398,-0.062,2.5,13.26,-0.01,,,
145.4,REGROUND,-42.89,-1.28,-9.58,36.87,-0.01,0,0,,,,-0.408,-0.063,1.8,13.26,-0.01,,,
145.45,REGROUND,-42.93,-1.28,-9.58,36.88,-0.01,0,0,,,,-0.398,-0.061,2.5,13.26,-0.01,,,
145.5,REGROUND,-42.93,-1.28,-9.58,36.89,-0.01,0,0,,,,-0.408,-0.063,1.8,13.26,-0.01,,,
145.55,REGROUND,-42.97,-1.28,-9.58,36.9,-0.01,0,0,,,,-0.398,-0.061,2.5,13.26,-0.01,,,
145.6,REGROUND,-42.97,-1.28,-9.58,36.92,-0.01,0,0,,,,-0.408,-0.063,1.8,13.26,-0.01,,,
145.65,REGROUND,-43.01,-1.28,-9.58,36.93,-0.01,0,0,,,,-0.398,-0.061,2.6,13.26,-0.01,,,
145.7,REGROUND,-43.01,-1.28,-9.58,36.94,-0.01,0,0,,,,-0.408,-0.062,1.8,13.26,-0.01,,,
145.75,REGROUND,-43.05,-1.28,-9.58,36.95,-0.01,0,0,,,,-0.398,-0.061,2.4,13.26,-0.01,,,
145.8,REGROUND,-43.05,-1.28,-9.58,36.97,-0.01,0,0,,,,-0.408,-0.062,1.6,13.26,-0.01,,,
145.85,REGROUND,-43.09,-1.29,-9.58,36.98,-0.01,0,0,,,,-0.398,-0.06,2.4,13.26,-0.01,,,
145.9,REGROUND,-43.09,-1.29,-9.58,36.99,-0.01,0,0,,,,-0.408,-0.062,1.8,13.26,-0.01,,,
145.95,REGROUND,-43.13,-1.29,-9.58,37.0,-0.01,0,0,,,,-0.398,-0.06,2.8,13.26,-0.01,,,
146.01,REGROUND,-43.13,-1.29,-9.58,37.02,-0.01,0,0,,,,-0.408,-0.062,3.3,13.26,-0.01,,,
146.06,REGROUND,-43.17,-1.29,-9.58,37.03,-0.01,0,0,,,,-0.398,-0.06,2.4,13.26,-0.01,,,
146.11,REGROUND,-43.17,-1.29,-9.58,37.04,-0.01,0,0,,,,-0.408,-0.062,1.9,13.26,-0.01,,,
146.16,REGROUND,-43.22,-1.29,-9.58,37.05,-0.01,0,0,,,,-0.398,-0.06,2.6,13.26,-0.01,,,
146.21,REGROUND,-43.22,-1.29,-9.58,37.07,-0.01,0,0,,,,-0.409,-0.062,1.9,13.26,-0.01,,,
146.26,REGROUND,-43.26,-1.29,-9.58,37.08,-0.01,0,0,,,,-0.398,-0.06,2.4,13.26,-0.01,,,
146.31,REGROUND,-43.26,-1.29,-9.58,37.09,-0.01,0,0,,,,-0.409,-0.062,1.8,13.26,-0.01,,,
146.36,REGROUND,-43.3,-1.29,-9.58,37.1,-0.01,0,0,,,,-0.399,-0.06,2.5,13.26,-0.01,,,
146.41,REGROUND,-43.3,-1.29,-9.58,37.12,-0.01,0,0,,,,-0.409,-0.062,1.7,13.26,-0.01,,,
146.46,REGROUND,-43.34,-1.29,-9.58,37.13,-0.01,0,0,,,,-0.399,-0.06,2.5,13.26,-0.01,,,
146.51,REGROUND,-43.34,-1.29,-9.58,37.14,-0.01,0,0,,,,-0.409,-0.062,1.7,13.26,-0.01,,,
146.56,REGROUND,-43.38,-1.29,-9.58,37.15,-0.01,0,0,,,,-0.399,-0.06,2.4,13.26,-0.01,,,
146.61,REGROUND,-43.38,-1.29,-9.58,37.17,-0.01,0,0,,,,-0.409,-0.062,1.8,13.26,-0.01,,,
146.66,REGROUND,-43.42,-1.3,-9.58,37.18,-0.01,0,0,,,,-0.399,-0.06,2.4,13.26,-0.01,,,
146.71,REGROUND,-43.42,-1.3,-9.58,37.19,-0.01,0,0,,,,-0.409,-0.062,1.8,13.26,-0.01,,,
146.76,REGROUND,-43.46,-1.3,-9.58,37.2,-0.01,0,0,,,,-0.4,-0.06,2.3,13.26,-0.01,,,
146.81,REGROUND,-43.46,-1.3,-9.58,37.22,-0.01,0,0,,,,-0.41,-0.062,1.6,13.26,-0.01,,,
146.86,REGROUND,-43.5,-1.3,-9.58,37.23,-0.01,0,0,,,,-0.399,-0.06,2.5,13.26,-0.01,,,
146.91,REGROUND,-43.5,-1.3,-9.58,37.24,-0.01,0,0,,,,-0.41,-0.062,1.9,13.26,-0.01,,,
146.96,REGROUND,-43.54,-1.3,-9.58,37.25,-0.01,0,0,,,,-0.4,-0.061,2.5,13.26,-0.01,,,
147.01,REGROUND,-43.54,-1.3,-9.58,37.27,-0.01,0,0,,,,-0.41,-0.062,1.8,13.26,-0.01,,,
147.06,REGROUND,-43.58,-1.3,-9.58,37.28,-0.01,0,0,,,,-0.4,-0.061,2.6,13.26,-0.01,,,
147.11,REGROUND,-43.58,-1.3,-9.58,37.29,-0.01,0,0,,,,-0.41,-0.062,1.8,13.26,-0.01,,,
147.16,REGROUND,-43.62,-1.3,-9.58,37.3,-0.01,0,0,,,,-0.4,-0.061,2.5,13.26,-0.01,,,
147.21,REGROUND,-43.62,-1.3,-9.58,37.32,-0.01,0,0,,,,-0.411,-0.063,1.8,13.26,-0.01,,,
147.26,REGROUND,-43.66,-1.3,-9.58,37.33,-0.01,0,0,,,,-0.401,-0.061,2.5,13.26,-0.01,,,
147.31,REGROUND,-43.66,-1.3,-9.58,37.34,-0.01,0,0,,,,-0.411,-0.063,1.8,13.26,-0.01,,,
147.36,REGROUND,-43.7,-1.3,-9.58,37.35,-0.01,0,0,,,,-0.401,-0.061,2.4,13.26,-0.01,,,
147.41,REGROUND,-43.7,-1.3,-9.58,37.37,-0.01,0,0,,,,-0.411,-0.063,1.8,13.26,-0.01,,,
147.46,REGROUND,-43.74,-1.3,-9.58,37.38,-0.01,0,0,,,,-0.401,-0.062,2.4,13.26,-0.01,,,
147.51,REGROUND,-43.74,-1.3,-9.58,37.39,-0.01,0,0,,,,-0.411,-0.063,1.8,13.26,-0.01,,,
147.56,REGROUND,-43.78,-1.3,-9.58,37.4,-0.01,0,0,,,,-0.401,-0.062,2.4,13.26,-0.01,,,
147.61,REGROUND,-43.78,-1.3,-9.58,37.42,-0.01,0,0,,,,-0.411,-0.064,1.9,13.26,-0.01,,,
147.66,REGROUND,-43.82,-1.3,-9.58,37.43,-0.01,0,0,,,,-0.401,-0.062,2.5,13.26,-0.01,,,
147.71,REGROUND,-43.82,-1.3,-9.58,37.44,-0.01,0,0,,,,-0.411,-0.064,1.9,13.26,-0.01,,,
147.76,REGROUND,-43.87,-1.3,-9.58,37.45,-0.01,0,0,,,,-0.402,-0.063,2.6,13.26,-0.01,,,
147.81,REGROUND,-43.87,-1.3,-9.58,37.47,-0.01,0,0,,,,-0.412,-0.064,1.7,13.26,-0.01,,,
147.86,REGROUND,-43.91,-1.3,-9.58,37.48,-0.01,0,0,,,,-0.402,-0.063,2.5,13.26,-0.01,,,
147.91,REGROUND,-43.91,-1.3,-9.58,37.49,-0.01,0,0,,,,-0.412,-0.064,1.8,13.26,-0.01,,,
147.96,REGROUND,-43.95,-1.3,-9.58,37.5,-0.01,0,0,,,,-0.402,-0.063,2.5,13.26,-0.01,,,
148.01,REGROUND,-43.95,-1.3,-9.58,37.52,-0.01,0,0,,,,-0.412,-0.065,1.8,13.26,-0.01,,,
148.06,REGROUND,-43.99,-1.31,-9.58,37.53,-0.01,0,0,,,,-0.402,-0.063,2.3,13.26,-0.01,,,
148.11,REGROUND,-43.99,-1.31,-9.58,37.54,-0.01,0,0,,,,-0.412,-0.065,1.9,13.26,-0.01,,,
148.16,REGROUND,-44.03,-1.31,-9.58,37.55,-0.01,0,0,,,,-0.402,-0.063,3.9,13.26,-0.01,,,
148.21,REGROUND,-44.03,-1.31,-9.58,37.57,-0.01,0,0,,,,-0.412,-0.065,1.8,13.26,-0.01,,,
148.26,REGROUND,-44.07,-1.31,-9.58,37.58,-0.01,0,0,,,,-0.402,-0.063,2.4,13.26,-0.01,,,
148.31,REGROUND,-44.07,-1.31,-9.58,37.59,-0.01,0,0,,,,-0.412,-0.065,1.9,13.26,-0.01,,,
148.36,REGROUND,-44.11,-1.31,-9.58,37.6,-0.01,0,0,,,,-0.402,-0.063,2.5,13.26,-0.01,,,
148.41,REGROUND,-44.11,-1.31,-9.58,37.62,-0.01,0,0,,,,-0.412,-0.065,1.9,13.26,-0.01,,,
148.46,REGROUND,-44.15,-1.31,-9.58,37.63,-0.01,0,0,,,,-0.402,-0.063,2.6,13.26,-0.01,,,
148.51,REGROUND,-44.15,-1.31,-9.58,37.64,-0.01,0,0,,,,-0.412,-0.065,1.8,13.26,-0.01,,,
148.56,REGROUND,-44.19,-1.31,-9.58,37.65,-0.01,0,0,,,,-0.401,-0.063,2.3,13.26,-0.01,,,
148.61,REGROUND,-44.19,-1.31,-9.58,37.67,-0.01,0,0,,,,-0.412,-0.065,1.8,13.26,-0.01,,,
148.66,REGROUND,-44.24,-1.31,-9.58,37.68,-0.01,0,0,,,,-0.401,-0.063,2.4,13.26,-0.01,,,
148.71,REGROUND,-44.24,-1.31,-9.58,37.69,-0.01,0,0,,,,-0.411,-0.065,1.8,13.26,-0.01,,,
148.76,REGROUND,-44.28,-1.31,-9.58,37.7,-0.01,0,0,,,,-0.401,-0.063,2.5,13.26,-0.01,,,
148.81,REGROUND,-44.28,-1.31,-9.58,37.72,-0.01,0,0,,,,-0.411,-0.064,1.8,13.26,-0.01,,,
148.86,REGROUND,-44.32,-1.32,-9.58,37.73,-0.01,0,0,,,,-0.401,-0.063,2.9,13.26,-0.01,,,
148.91,REGROUND,-44.32,-1.32,-9.58,37.74,-0.01,0,0,,,,-0.411,-0.064,2.2,13.26,-0.01,,,
148.96,REGROUND,-44.36,-1.32,-9.58,37.75,-0.01,0,0,,,,-0.4,-0.062,2.4,13.26,-0.01,,,
149.01,REGROUND,-44.36,-1.32,-9.58,37.77,-0.01,0,0,,,,-0.41,-0.064,1.8,13.26,-0.01,,,
149.06,REGROUND,-44.4,-1.32,-9.58,37.78,-0.01,0,0,,,,-0.4,-0.062,2.5,13.26,-0.01,,,
149.11,REGROUND,-44.4,-1.32,-9.58,37.79,-0.01,0,0,,,,-0.41,-0.064,1.9,13.26,-0.01,,,
149.16,REGROUND,-44.44,-1.32,-9.58,37.8,-0.01,0,0,,,,-0.4,-0.062,3.1,13.26,-0.01,,,
149.21,REGROUND,-44.44,-1.32,-9.58,37.82,-0.01,0,0,,,,-0.41,-0.064,1.9,13.26,-0.01,,,
149.26,REGROUND,-44.48,-1.32,-9.58,37.83,-0.01,0,0,,,,-0.4,-0.062,3.3,13.26,-0.01,,,
149.31,REGROUND,-44.48,-1.32,-9.58,37.84,-0.01,0,0,,,,-0.41,-0.064,1.7,13.26,-0.01,,,
149.36,REGROUND,-44.53,-1.32,-9.58,37.85,-0.01,0,0,,,,-0.4,-0.062,2.6,13.26,-0.01,,,
149.41,REGROUND,-44.53,-1.32,-9.58,37.87,-0.01,0,0,,,,-0.41,-0.063,1.8,13.26,-0.01,,,
149.46,REGROUND,-44.57,-1.32,-9.58,37.88,-0.01,0,0,,,,-0.4,-0.062,3.0,13.26,-0.01,,,
149.51,REGROUND,-44.57,-1.32,-9.58,37.89,-0.01,0,0,,,,-0.41,-0.063,1.8,13.26,-0.01,,,
149.56,REGROUND,-44.61,-1.33,-9.58,37.9,-0.01,0,0,,,,-0.4,-0.061,2.4,13.26,-0.01,,,
149.61,REGROUND,-44.61,-1.33,-9.58,37.92,-0.01,0,0,,,,-0.41,-0.063,1.8,13.26,-0.01,,,
149.66,REGROUND,-44.65,-1.33,-9.58,37.93,-0.01,0,0,,,,-0.4,-0.061,2.3,13.26,-0.01,,,
149.71,REGROUND,-44.65,-1.33,-9.58,37.94,-0.01,0,0,,,,-0.41,-0.063,1.8,13.26,-0.01,,,
149.76,REGROUND,-44.69,-1.33,-9.58,37.95,-0.01,0,0,,,,-0.4,-0.061,2.5,13.26,-0.01,,,
149.81,REGROUND,-44.69,-1.33,-9.58,37.97,-0.01,0,0,,,,-0.41,-0.062,1.8,13.26,-0.01,,,
149.86,REGROUND,-44.73,-1.33,-9.58,37.98,-0.01,0,0,,,,-0.4,-0.061,2.5,13.26,-0.01,,,
149.91,REGROUND,-44.73,-1.33,-9.58,37.99,-0.01,0,0,,,,-0.41,-0.062,1.8,13.26,-0.01,,,
149.96,REGROUND,-44.77,-1.33,-9.58,38.0,-0.01,0,0,,,,-0.4,-0.06,2.5,13.26,-0.01,,,
