{
  "backend": "hf",
  "n": 439,
  "parse_rate": 0.9817767653758542,
  "iou_gate_pass_rate": 0.7949886104783599,
  "mean_iou": 0.5861865403135027,
  "center_std": 229.55719163558342
}
