t_s,state,copter_n,copter_e,copter_d,rover_n,rover_e,in_fov,occluded,bbox_cx,bbox_cy,px_err,vx_cmd,vy_cmd,loop_ms,dist_n,dist_e,d_true_px,d_dist_px,carry_score
0.0,ACQUIRE,0.01,-0.01,-8.92,0.51,-0.01,1,0,,,,0.0,0.0,6.4,,,,,
0.05,ACQUIRE,0.01,-0.01,-9.03,0.67,-0.01,1,0,,,,0.0,0.0,1.6,,,,,
0.1,ACQUIRE,0.01,-0.01,-9.03,0.82,-0.01,1,0,,,,0.0,0.0,0.8,,,,,
0.15,ACQUIRE,0.01,-0.01,-9.13,0.97,-0.01,1,0,,,,0.0,0.0,1.5,,,,,
0.2,ACQUIRE,0.01,-0.01,-9.13,1.12,-0.01,1,0,,,,0.0,0.0,1.0,,,,,
0.25,ACQUIRE,0.01,-0.01,-9.23,1.27,-0.01,1,0,,,,0.0,0.0,1.4,,,,,
0.3,ACQUIRE,0.01,-0.01,-9.23,1.42,-0.01,1,0,,,,0.0,0.0,0.8,,,,,
0.35,ACQUIRE,0.01,-0.01,-9.32,1.57,-0.01,1,0,,,,1.21,0.15,2.5,,,,,
0.4,ACQUIRE,0.01,-0.01,-9.32,1.72,-0.01,1,0,,,,1.3,0.16,1.8,,,,,
0.45,ACQUIRE,0.01,-0.01,-9.4,1.87,-0.01,1,0,,,,1.33,0.17,2.2,,,,,
0.5,ACQUIRE,0.01,-0.01,-9.4,2.02,-0.01,1,0,,,,1.33,0.18,1.9,,,,,
0.55,ACQUIRE,0.01,-0.01,-9.46,2.17,-0.01,1,0,,,,1.32,0.18,2.5,,,,,
0.6,ACQUIRE,0.01,-0.01,-9.46,2.32,-0.01,1,0,,,,1.32,0.19,1.8,,,,,
0.65,ACQUIRE,0.01,-0.01,-9.52,2.47,-0.01,1,0,,,,1.31,0.18,2.5,,,,,
0.7,ACQUIRE,0.01,-0.01,-9.52,2.62,-0.01,1,0,,,,1.31,0.18,1.8,,,,,
0.75,ACQUIRE,0.02,-0.01,-9.57,2.77,-0.01,1,0,,,,1.29,0.18,2.3,,,,,
0.8,ACQUIRE,0.02,-0.01,-9.57,2.92,-0.01,1,0,,,,1.29,0.18,1.8,,,,,
0.85,ACQUIRE,0.04,-0.01,-9.6,3.07,-0.01,1,0,,,,2.86,0.163,2.4,,,,,
0.9,ACQUIRE,0.04,-0.01,-9.6,3.22,-0.01,1,0,,,,2.687,0.135,1.7,,,,,
0.95,ACQUIRE,0.08,-0.01,-9.63,3.37,-0.01,1,0,,,,1.938,0.044,2.3,,,,,
1.0,ACQUIRE,0.08,-0.01,-9.63,3.52,-0.01,1,0,,,,2.418,0.08,1.8,,,,,
1.05,ACQUIRE,0.13,-0.01,-9.65,3.67,-0.01,1,0,,,,2.277,0.356,2.3,,,,,
1.1,ACQUIRE,0.13,-0.01,-9.65,3.82,-0.01,1,0,,,,2.187,0.325,1.8,,,,,
1.15,ACQUIRE,0.2,-0.01,-9.65,3.97,-0.01,1,0,,,,2.078,0.323,2.2,,,,,
1.2,ACQUIRE,0.2,-0.01,-9.65,4.12,-0.01,1,0,,,,2.008,0.312,1.8,,,,,
1.25,ACQUIRE,0.3,-0.01,-9.65,4.27,-0.01,1,0,,,,1.882,0.284,2.5,,,,,
1.3,ACQUIRE,0.3,-0.01,-9.65,4.42,-0.01,1,0,,,,1.827,0.275,1.8,,,,,
1.35,ACQUIRE,0.41,-0.01,-9.65,4.57,-0.01,1,0,,,,2.976,0.279,2.4,,,,,
1.4,ACQUIRE,0.41,-0.01,-9.65,4.72,-0.01,1,0,,,,2.891,0.272,1.8,,,,,
1.45,ACQUIRE,0.55,-0.02,-9.65,4.87,-0.01,1,0,,,,2.742,0.255,2.4,,,,,
1.5,ACQUIRE,0.55,-0.02,-9.65,5.02,-0.01,1,0,,,,2.672,0.261,1.8,,,,,
1.55,ACQUIRE,0.71,-0.02,-9.64,5.17,-0.01,1,0,,,,2.528,0.247,2.4,,,,,
1.6,ACQUIRE,0.71,-0.02,-9.64,5.32,-0.01,1,0,,,,2.469,0.253,1.7,,,,,
1.65,ACQUIRE,0.89,-0.02,-9.63,5.47,-0.01,1,0,,,,2.326,0.253,2.3,,,,,
1.7,ACQUIRE,0.89,-0.02,-9.63,5.62,-0.01,1,0,,,,2.275,0.258,1.8,,,,,
1.75,ACQUIRE,1.08,-0.02,-9.63,5.77,-0.01,1,0,,,,2.133,0.259,2.3,,,,,
1.8,ACQUIRE,1.08,-0.02,-9.63,5.92,-0.01,1,0,,,,2.089,0.264,2.2,,,,,
1.85,ACQUIRE,1.29,-0.03,-9.62,6.07,-0.01,1,0,,,,2.781,0.366,2.2,,,,,
1.9,ACQUIRE,1.29,-0.03,-9.62,6.22,-0.01,1,0,,,,2.807,0.369,1.7,,,,,
1.95,ACQUIRE,1.51,-0.03,-9.62,6.37,-0.01,1,0,,,,2.724,0.358,2.3,,,,,
2.0,ACQUIRE,1.51,-0.03,-9.62,6.52,-0.01,1,0,,,,2.751,0.361,1.9,,,,,
2.05,ACQUIRE,1.73,-0.03,-9.61,6.67,-0.01,1,0,,,,2.672,0.36,2.4,,,,,
2.1,ACQUIRE,1.73,-0.03,-9.61,6.82,-0.01,1,0,,,,2.625,0.363,1.9,,,,,
2.15,ACQUIRE,1.96,-0.04,-9.61,6.97,-0.01,1,0,,,,2.46,0.353,2.5,,,,,
2.2,ACQUIRE,1.96,-0.04,-9.61,7.12,-0.01,1,0,,,,2.419,0.348,1.8,,,,,
2.25,ACQUIRE,2.2,-0.04,-9.61,7.27,-0.01,1,0,,,,2.271,0.321,2.6,,,,,
2.3,ACQUIRE,2.44,-0.04,-9.61,7.42,-0.01,1,0,,,,2.11,0.295,2.4,,,,,
2.35,ACQUIRE,2.44,-0.04,-9.61,7.57,-0.01,1,0,,,,3.27,0.437,6.1,,,,,
2.4,ACQUIRE,2.44,-0.04,-9.61,7.72,-0.01,1,0,,,,3.23,0.448,1.7,,,,,
2.45,ACQUIRE,2.68,-0.04,-9.61,7.87,-0.01,1,0,,,,3.063,0.422,2.4,,,,,
2.5,ACQUIRE,2.68,-0.04,-9.61,8.03,-0.01,1,0,,,,3.019,0.416,1.8,,,,,
2.55,ACQUIRE,2.93,-0.04,-9.61,8.18,-0.01,1,0,,,,2.864,0.391,2.3,,,,,
2.6,ACQUIRE,2.93,-0.04,-9.61,8.33,-0.01,1,0,,,,2.823,0.386,1.7,,,,,
2.65,ACQUIRE,3.17,-0.04,-9.61,8.48,-0.01,1,0,,,,2.663,0.371,2.3,,,,,
2.7,ACQUIRE,3.17,-0.04,-9.61,8.63,-0.01,1,0,,,,2.626,0.366,1.7,,,,,
2.75,ACQUIRE,3.41,-0.04,-9.61,8.78,-0.01,1,0,,,,2.473,0.346,2.4,,,,,
2.8,ACQUIRE,3.41,-0.04,-9.61,8.93,-0.01,1,0,,,,2.458,0.341,1.8,,,,,
2.85,ACQUIRE,3.67,-0.04,-9.61,9.08,-0.01,1,0,,,,3.55,0.481,2.4,,,,,
2.9,ACQUIRE,3.92,-0.03,-9.61,9.23,-0.01,1,0,,,,3.433,0.455,2.2,,,,,
2.95,ACQUIRE,3.92,-0.03,-9.61,9.38,-0.01,1,0,,,,3.433,0.451,1.7,,,,,
3.0,ACQUIRE,3.92,-0.03,-9.61,9.53,-0.01,1,0,,,,3.433,0.454,1.8,,,,,
3.05,ACQUIRE,4.18,-0.03,-9.61,9.68,-0.01,1,0,,,,3.301,0.437,2.3,,,,,
3.1,ACQUIRE,4.18,-0.03,-9.61,9.83,-0.01,1,0,,,,3.302,0.437,1.7,,,,,
3.15,ACQUIRE,4.44,-0.03,-9.61,9.98,-0.01,1,0,,,,3.171,0.421,2.3,,,,,
3.2,ACQUIRE,4.44,-0.03,-9.61,10.13,-0.01,1,0,,,,2.814,0.417,1.7,,,,,
3.25,ACQUIRE,4.7,-0.03,-9.61,10.28,-0.01,1,0,,,,2.677,0.405,2.3,,,,,
3.3,ACQUIRE,4.7,-0.03,-9.61,10.43,-0.01,1,0,,,,2.793,0.422,1.8,,,,,
3.36,ACQUIRE,4.97,-0.02,-9.62,10.58,-0.01,1,0,,,,3.8,0.559,2.5,,,,,
3.41,ACQUIRE,5.26,-0.02,-9.62,10.73,-0.01,1,0,,,,3.658,0.481,2.2,,,,,
3.46,ACQUIRE,5.26,-0.02,-9.62,10.88,-0.01,1,0,,,,3.658,0.485,1.8,,,,,
3.51,ACQUIRE,5.55,-0.02,-9.62,11.03,-0.01,1,0,,,,3.514,0.458,2.3,,,,,
3.56,ACQUIRE,5.55,-0.02,-9.62,11.18,-0.01,1,0,,,,3.514,0.458,1.7,,,,,
3.61,ACQUIRE,5.85,-0.02,-9.62,11.33,-0.01,1,0,,,,3.371,0.441,2.2,,,,,
3.66,ACQUIRE,5.85,-0.02,-9.62,11.48,-0.01,1,0,,,,3.371,0.441,1.7,,,,,
3.71,ACQUIRE,6.15,-0.01,-9.62,11.63,-0.01,1,0,,,,2.863,0.423,2.2,,,,,
3.76,ACQUIRE,6.15,-0.01,-9.62,11.78,-0.01,1,0,,,,2.863,0.423,1.5,,,,,
3.81,ACQUIRE,6.47,-0.01,-9.62,11.93,-0.01,1,0,,,,2.717,0.4,2.2,,,,,
3.86,ACQUIRE,6.47,-0.01,-9.62,12.08,-0.01,1,0,,,,3.963,0.546,1.9,,,,,
3.91,ACQUIRE,6.79,-0.01,-9.63,12.23,-0.01,1,0,,,,3.963,0.543,2.3,,,,,
3.96,ACQUIRE,6.79,-0.01,-9.63,12.38,-0.01,1,0,,,,3.963,0.54,1.7,,,,,
4.01,ACQUIRE,7.11,-0.0,-9.63,12.53,-0.01,1,0,,,,3.831,0.518,2.3,,,,,
4.06,ACQUIRE,7.11,-0.0,-9.63,12.68,-0.01,1,0,,,,3.831,0.514,1.7,,,,,
4.11,ACQUIRE,7.11,-0.0,-9.63,12.83,-0.01,1,0,,,,3.831,0.508,1.9,,,,,
4.16,ACQUIRE,7.43,-0.0,-9.63,12.98,-0.01,1,0,,,,3.677,0.475,2.4,,,,,
4.21,ACQUIRE,7.43,-0.0,-9.63,13.13,-0.01,1,0,,,,3.372,0.432,1.8,,,,,
4.26,ACQUIRE,7.76,0.0,-9.63,13.28,-0.01,1,0,,,,3.175,0.425,2.5,,,,,
4.31,ACQUIRE,8.09,0.0,-9.63,13.43,-0.01,1,0,,,,2.988,0.393,2.5,,,,,
4.36,ACQUIRE,8.09,0.0,-9.63,13.58,-0.01,1,0,,,,3.966,0.521,1.7,,,,,
4.41,ACQUIRE,8.43,0.01,-9.63,13.73,-0.01,1,0,,,,3.967,0.513,2.4,,,,,
4.46,ACQUIRE,8.43,0.01,-9.63,13.88,-0.01,1,0,,,,3.967,0.509,1.7,,,,,
4.51,ACQUIRE,8.78,0.01,-9.63,14.03,-0.01,1,0,,,,3.968,0.507,2.4,,,,,
4.56,ACQUIRE,8.78,0.01,-9.63,14.18,-0.01,1,0,,,,3.968,0.507,1.8,,,,,
4.61,ACQUIRE,9.13,0.01,-9.63,14.33,-0.01,1,0,,,,3.815,0.492,2.3,,,,,
4.66,ACQUIRE,9.13,0.01,-9.63,14.48,-0.01,1,0,,,,3.816,0.494,1.8,,,,,
4.71,ACQUIRE,9.49,0.01,-9.63,14.63,-0.01,1,0,,,,3.129,0.402,6.4,,,,,
4.76,ACQUIRE,9.49,0.01,-9.63,14.78,-0.01,1,0,,,,3.126,0.395,1.5,,,,,
4.81,ACQUIRE,9.49,0.01,-9.63,14.94,-0.01,1,0,,,,3.126,0.396,1.8,,,,,
4.86,ACQUIRE,9.85,0.01,-9.63,15.09,-0.01,1,0,,,,3.968,0.505,2.4,,,,,
4.91,ACQUIRE,10.22,0.01,-9.64,15.24,-0.01,1,0,,,,3.968,0.501,2.4,,,,,
4.96,ACQUIRE,10.22,0.01,-9.64,15.39,-0.01,1,0,,,,3.968,0.501,1.8,,,,,
5.01,ACQUIRE,10.59,0.01,-9.64,15.54,-0.01,1,0,,,,3.968,0.502,2.5,,,,,
5.06,ACQUIRE,10.59,0.01,-9.64,15.69,-0.01,1,0,,,,3.968,0.502,1.7,,,,,
5.11,ACQUIRE,10.97,0.01,-9.64,15.84,-0.01,1,0,,,,3.842,0.492,2.5,,,,,
5.16,ACQUIRE,10.97,0.01,-9.64,15.99,-0.01,1,0,,,,3.842,0.492,1.7,,,,,
5.21,ACQUIRE,11.34,0.01,-9.64,16.14,-0.01,1,0,,,,3.111,0.399,2.4,,,,,
5.26,ACQUIRE,11.34,0.01,-9.64,16.29,-0.01,1,0,,,,3.107,0.402,1.7,,,,,
5.31,ACQUIRE,11.71,0.01,-9.64,16.44,-0.01,1,0,,,,2.911,0.365,2.4,,,,,
5.36,ACQUIRE,11.71,0.01,-9.64,16.59,-0.01,1,0,,,,3.969,0.498,1.7,,,,,
5.41,ACQUIRE,12.09,0.01,-9.64,16.74,-0.01,1,0,,,,3.969,0.495,2.1,,,,,
5.46,ACQUIRE,12.09,0.01,-9.64,16.89,-0.01,1,0,,,,3.968,0.502,1.8,,,,,
5.51,ACQUIRE,12.09,0.01,-9.64,17.04,-0.01,1,0,,,,3.968,0.502,1.9,,,,,
5.56,ACQUIRE,12.47,0.01,-9.64,17.19,-0.01,1,0,,,,3.968,0.504,2.4,,,,,
5.61,ACQUIRE,12.84,0.01,-9.64,17.34,-0.01,1,0,,,,3.874,0.497,2.5,,,,,
5.66,ACQUIRE,12.84,0.01,-9.64,17.49,-0.01,1,0,,,,3.874,0.497,1.8,,,,,
5.71,ACQUIRE,13.22,0.01,-9.64,17.64,-0.01,1,0,,,,3.116,0.396,2.5,,,,,
5.76,ACQUIRE,13.22,0.01,-9.64,17.79,-0.01,1,0,,,,3.117,0.394,1.7,,,,,
5.81,ACQUIRE,13.6,0.01,-9.64,17.94,-0.01,1,0,,,,2.925,0.366,2.4,,,,,
5.86,ACQUIRE,13.6,0.01,-9.64,18.09,-0.01,1,0,,,,3.97,0.486,1.7,,,,,
5.91,ACQUIRE,13.98,0.01,-9.64,18.24,-0.01,1,0,,,,3.97,0.491,2.3,,,,,
5.96,ACQUIRE,13.98,0.01,-9.64,18.39,-0.01,1,0,,,,3.969,0.5,1.7,,,,,
6.01,ACQUIRE,14.36,0.01,-9.64,18.54,-0.01,1,0,,,,3.921,0.497,2.4,,,,,
6.06,ACQUIRE,14.36,0.01,-9.64,18.69,-0.01,1,0,,,,3.922,0.494,1.8,,,,,
6.11,ACQUIRE,14.74,0.01,-9.64,18.84,-0.01,1,0,,,,3.735,0.467,2.2,,,,,
6.16,ACQUIRE,14.74,0.01,-9.64,18.99,-0.01,1,0,,,,3.73,0.467,1.8,,,,,
6.21,ACQUIRE,15.12,0.01,-9.64,19.14,-0.01,1,0,,,,2.884,0.359,2.5,,,,,
6.26,ACQUIRE,15.12,0.01,-9.64,19.29,-0.01,1,0,,,,2.882,0.358,1.8,,,,,
6.31,ACQUIRE,15.5,0.01,-9.64,19.44,-0.01,1,0,,,,2.688,0.33,2.5,,,,,
6.36,ACQUIRE,15.5,0.01,-9.64,19.59,-0.01,1,0,,,,3.97,0.491,1.7,,,,,
6.41,ACQUIRE,15.88,0.01,-9.64,19.74,-0.01,1,0,,,,3.908,0.477,2.3,,,,,
6.46,ACQUIRE,15.88,0.01,-9.64,19.89,-0.01,1,0,,,,3.971,0.484,1.7,,,,,
6.51,ACQUIRE,16.26,0.01,-9.64,20.04,-0.01,1,0,,,,3.862,0.485,2.6,,,,,
6.56,ACQUIRE,16.26,0.01,-9.64,20.19,-0.01,1,0,,,,3.935,0.501,1.7,,,,,
6.61,ACQUIRE,16.63,0.01,-9.64,20.34,-0.01,1,0,,,,3.821,0.474,2.4,,,,,
6.66,ACQUIRE,16.63,0.01,-9.64,20.49,-0.01,1,0,,,,3.866,0.485,1.7,,,,,
6.71,ACQUIRE,17.0,0.01,-9.64,20.64,-0.01,1,0,,,,3.029,0.382,2.3,,,,,
6.76,ACQUIRE,17.0,0.01,-9.64,20.79,-0.01,1,0,,,,3.033,0.384,1.6,,,,,
6.81,ACQUIRE,17.37,0.01,-9.64,20.94,-0.01,1,0,,,,2.852,0.364,2.5,,,,,
6.86,ACQUIRE,17.37,0.01,-9.64,21.09,-0.01,1,0,,,,3.843,0.467,1.8,,,,,
6.91,ACQUIRE,17.75,0.01,-9.65,21.25,-0.01,1,0,,,,3.72,0.462,2.4,,,,,
6.96,ACQUIRE,17.75,0.01,-9.65,21.4,-0.01,1,0,,,,3.78,0.469,1.7,,,,,
7.01,ACQUIRE,18.12,0.01,-9.65,21.55,-0.01,1,0,,,,3.673,0.456,2.4,,,,,
7.06,ACQUIRE,18.12,0.01,-9.65,21.7,-0.01,1,0,,,,3.738,0.466,5.8,,,,,
7.11,ACQUIRE,18.5,0.01,-9.65,21.85,-0.01,1,0,,,,3.622,0.446,2.4,,,,,
7.16,ACQUIRE,18.5,0.01,-9.65,22.0,-0.01,1,0,,,,3.695,0.454,1.8,,,,,
7.21,ACQUIRE,18.87,0.0,-9.65,22.15,-0.01,1,0,,,,2.905,0.363,2.3,,,,,
7.26,ACQUIRE,18.87,0.0,-9.65,22.3,-0.01,1,0,,,,2.969,0.373,2.3,,,,,
7.31,ACQUIRE,19.25,0.0,-9.65,22.45,-0.01,1,0,,,,2.814,0.352,2.3,,,,,
7.36,ACQUIRE,19.25,0.0,-9.65,22.6,-0.01,1,0,,,,3.978,0.423,1.7,,,,,
7.41,ACQUIRE,19.63,0.0,-9.65,22.75,-0.01,1,0,,,,3.977,0.428,2.5,,,,,
7.46,ACQUIRE,19.63,0.0,-9.65,22.9,-0.01,1,0,,,,3.976,0.434,1.9,,,,,
7.51,ACQUIRE,19.99,-0.0,-9.65,23.05,-0.01,1,0,,,,3.976,0.44,2.6,,,,,
7.56,ACQUIRE,19.99,-0.0,-9.65,23.2,-0.01,1,0,,,,3.975,0.447,1.7,,,,,
7.61,ACQUIRE,20.36,-0.0,-9.65,23.35,-0.01,1,0,,,,3.802,0.435,2.5,,,,,
7.66,ACQUIRE,20.36,-0.0,-9.65,23.5,-0.01,1,0,,,,3.806,0.449,1.8,,,,,
7.71,ACQUIRE,20.73,-0.01,-9.65,23.65,-0.01,1,0,,,,2.943,0.344,2.5,,,,,
7.76,ACQUIRE,20.73,-0.01,-9.65,23.8,-0.01,1,0,,,,2.925,0.35,1.8,,,,,
7.81,ACQUIRE,21.1,-0.01,-9.65,23.95,-0.01,1,0,,,,2.744,0.349,2.5,,,,,
7.86,ACQUIRE,21.1,-0.01,-9.65,24.1,-0.01,1,0,,,,3.977,0.429,1.7,,,,,
7.91,ACQUIRE,21.47,-0.01,-9.65,24.25,-0.01,1,0,,,,3.978,0.417,2.3,,,,,
7.96,ACQUIRE,21.47,-0.01,-9.65,24.4,-0.01,1,0,,,,3.978,0.415,2.3,,,,,
8.01,ACQUIRE,21.85,-0.02,-9.65,24.55,-0.01,1,0,,,,3.913,0.414,2.7,,,,,
8.06,ACQUIRE,21.85,-0.02,-9.65,24.7,-0.01,1,0,,,,3.909,0.416,1.8,,,,,
8.11,ACQUIRE,22.22,-0.02,-9.65,24.85,-0.01,1,0,,,,3.736,0.395,2.3,,,,,
8.16,ACQUIRE,22.22,-0.02,-9.65,25.0,-0.01,1,0,,,,3.736,0.404,1.8,,,,,
8.21,ACQUIRE,22.59,-0.02,-9.65,25.15,-0.01,1,0,,,,2.93,0.329,2.5,,,,,
8.26,ACQUIRE,22.59,-0.02,-9.65,25.3,-0.01,1,0,,,,2.91,0.33,1.7,,,,,
8.31,ACQUIRE,22.97,-0.03,-9.65,25.45,-0.01,1,0,,,,2.73,0.304,2.5,,,,,
8.36,ACQUIRE,22.97,-0.03,-9.65,25.6,-0.01,1,0,,,,3.977,0.424,1.8,,,,,
8.41,ACQUIRE,23.34,-0.04,-9.65,25.75,-0.01,1,0,,,,3.978,0.421,2.5,,,,,
8.46,ACQUIRE,23.34,-0.04,-9.65,25.9,-0.01,1,0,,,,3.978,0.423,1.8,,,,,
8.51,ACQUIRE,23.72,-0.04,-9.65,26.05,-0.01,1,0,,,,3.899,0.419,2.3,,,,,
8.56,ACQUIRE,23.72,-0.04,-9.65,26.2,-0.01,1,0,,,,3.898,0.421,1.8,,,,,
8.61,ACQUIRE,24.09,-0.05,-9.65,26.35,-0.01,1,0,,,,3.708,0.407,2.4,,,,,
8.66,ACQUIRE,24.09,-0.05,-9.65,26.5,-0.01,1,0,,,,3.71,0.416,1.7,,,,,
8.71,ACQUIRE,24.45,-0.05,-9.65,26.65,-0.01,1,0,,,,2.922,0.325,2.3,,,,,
8.76,ACQUIRE,24.45,-0.05,-9.65,26.8,-0.01,1,0,,,,2.891,0.331,1.8,,,,,
8.81,ACQUIRE,24.82,-0.06,-9.65,26.95,-0.01,1,0,,,,2.66,0.32,2.4,,,,,
8.86,ACQUIRE,24.82,-0.06,-9.65,27.1,-0.01,1,0,,,,3.974,0.456,1.6,,,,,
8.91,ACQUIRE,25.2,-0.07,-9.65,27.25,-0.01,1,0,,,,3.966,0.448,2.3,,,,,
8.96,ACQUIRE,25.2,-0.07,-9.65,27.4,-0.01,1,0,,,,3.766,0.422,1.8,,,,,
9.01,ACQUIRE,25.56,-0.07,-9.65,27.55,-0.01,1,0,,,,3.561,0.387,2.3,,,,,
9.06,ACQUIRE,25.56,-0.07,-9.65,27.7,-0.01,1,0,,,,3.564,0.386,1.8,,,,,
9.11,ACQUIRE,25.93,-0.08,-9.65,27.85,-0.01,1,0,,,,3.38,0.372,2.4,,,,,
9.16,ACQUIRE,25.93,-0.08,-9.65,28.0,-0.01,1,0,,,,3.378,0.379,1.9,,,,,
9.21,ACQUIRE,26.29,-0.08,-9.65,28.15,-0.01,1,0,,,,2.747,0.332,2.5,,,,,
9.26,ACQUIRE,26.29,-0.08,-9.65,28.3,-0.01,1,0,,,,2.718,0.331,1.8,,,,,
9.31,CARRY,26.65,-0.09,-9.65,28.45,-0.01,1,0,,,,3.266,0.757,557.3,,,,,
9.87,CARRY,28.34,-0.11,-9.65,30.13,-0.01,1,0,339.0,139.0,102.8,2.02,0.38,47.8,,,,,10.062
9.92,CARRY,28.65,-0.12,-9.65,30.28,-0.01,1,0,338.0,148.0,93.7,1.84,0.36,52.8,,,,,10.0
9.98,CARRY,28.65,-0.12,-9.65,30.44,-0.01,1,0,339.0,138.5,103.3,2.03,0.38,47.7,,,,,10.25
10.03,CARRY,28.95,-0.12,-9.65,30.59,-0.01,1,0,338.0,147.5,94.2,1.85,0.36,54.9,,,,,10.188
10.08,CARRY,28.95,-0.12,-9.65,30.76,-0.01,1,0,339.0,138.0,103.8,2.04,0.38,48.1,,,,,10.438
10.13,CARRY,29.25,-0.12,-9.65,30.91,-0.01,1,0,338.0,146.0,95.7,1.88,0.36,54.7,,,,,10.438
10.19,CARRY,29.25,-0.12,-9.65,31.08,-0.01,1,0,339.0,136.5,105.2,2.07,0.38,48.0,,,,,10.438
10.24,CARRY,29.54,-0.12,-9.65,31.23,-0.01,1,0,338.0,144.5,97.2,1.91,0.36,54.7,,,,,10.188
10.29,CARRY,29.54,-0.12,-9.65,31.4,-0.01,1,0,339.0,135.0,106.7,2.1,0.38,47.9,,,,,10.0
10.34,CARRY,29.82,-0.12,-9.65,31.55,-0.01,1,0,338.0,142.5,99.1,1.95,0.36,55.8,,,,,10.25
10.4,CARRY,29.82,-0.12,-9.65,31.72,-0.01,1,0,339.5,132.5,109.3,2.15,0.39,49.1,,,,,10.188
10.45,CARRY,30.08,-0.11,-9.65,31.87,-0.01,1,0,338.5,138.5,103.2,2.03,0.37,53.7,,,,,10.0
10.51,CARRY,30.33,-0.11,-9.65,32.03,-0.01,1,0,337.5,144.0,97.6,1.92,0.35,48.6,,,,,10.125
10.56,CARRY,30.33,-0.11,-9.65,32.18,-0.01,1,0,338.5,135.5,106.1,2.09,0.37,54.0,,,,,10.062
10.61,CARRY,30.58,-0.1,-9.65,32.35,-0.01,1,0,337.5,139.5,102.0,2.01,0.35,48.3,,,,,10.0
10.66,CARRY,30.58,-0.1,-9.65,32.5,-0.01,1,0,339.0,131.0,110.6,2.18,0.38,54.1,,,,,10.0
10.72,CARRY,30.81,-0.09,-9.65,32.66,-0.01,1,0,338.0,135.5,106.0,2.09,0.36,48.6,,,,,10.0
10.77,CARRY,30.81,-0.09,-9.65,32.81,-0.01,1,0,339.0,126.5,115.1,2.27,0.38,54.3,,,,,10.125
10.82,CARRY,31.04,-0.08,-9.65,32.98,-0.01,1,0,338.0,129.5,112.0,2.21,0.36,48.6,,,,,10.188
10.87,CARRY,31.04,-0.08,-9.65,33.13,-0.01,1,0,339.0,121.5,120.0,2.37,0.38,53.4,,,,,10.188
10.93,CARRY,31.26,-0.07,-9.65,33.29,-0.01,1,0,338.0,124.5,116.9,2.31,0.36,48.6,,,,,10.062
10.98,CARRY,31.26,-0.07,-9.65,33.44,-0.01,1,0,339.0,119.0,122.5,2.42,0.38,54.1,,,,,10.125
11.03,CARRY,31.48,-0.06,-9.65,33.61,-0.01,1,0,338.0,120.5,120.8,2.39,0.36,48.8,,,,,10.188
11.08,CARRY,31.48,-0.06,-9.65,33.76,-0.01,1,0,339.0,116.0,125.4,2.48,0.38,53.8,,,,,10.25
11.14,CARRY,31.7,-0.06,-9.65,33.92,-0.01,1,0,338.5,118.0,123.4,2.44,0.37,48.4,,,,,10.062
11.19,CARRY,31.7,-0.06,-9.65,34.07,-0.01,1,0,340.0,113.5,128.1,2.53,0.4,53.8,,,,,9.938
11.24,CARRY,31.93,-0.05,-9.65,34.24,-0.01,1,0,339.0,115.5,125.9,2.49,0.38,49.0,,,,,10.062
11.29,CARRY,31.93,-0.05,-9.65,34.39,-0.01,1,0,340.0,111.0,130.5,2.58,0.4,53.9,,,,,10.0
11.35,CARRY,32.16,-0.04,-9.65,34.55,-0.01,1,0,339.0,113.0,128.4,2.54,0.38,49.5,,,,,9.812
11.4,CARRY,32.16,-0.04,-9.65,34.7,-0.01,1,0,339.5,108.5,132.9,2.63,0.39,53.3,,,,,9.75
11.45,CARRY,32.39,-0.03,-9.65,34.87,-0.01,1,0,339.0,110.0,131.4,2.6,0.38,48.2,,,,,9.938
11.5,CARRY,32.39,-0.03,-9.65,35.02,-0.01,1,0,339.0,106.0,135.3,2.68,0.38,54.2,,,,,9.812
11.56,CARRY,32.63,-0.02,-9.65,35.18,-0.01,1,0,338.5,108.0,133.3,2.64,0.37,48.4,,,,,9.938
11.61,CARRY,32.63,-0.02,-9.65,35.33,-0.01,1,0,339.0,104.0,137.3,2.72,0.38,54.0,,,,,9.75
11.66,CARRY,32.87,-0.02,-9.65,35.5,-0.01,1,0,338.0,106.0,135.2,2.68,0.36,49.0,,,,,9.875
11.71,CARRY,33.11,-0.01,-9.65,35.65,-0.01,1,0,337.5,108.5,132.7,2.63,0.35,54.1,,,,,10.0
11.77,CARRY,33.11,-0.01,-9.65,35.81,-0.01,1,0,339.0,104.0,137.3,2.72,0.38,47.9,,,,,9.875
11.82,CARRY,33.36,-0.01,-9.65,35.96,-0.01,1,0,338.5,106.5,134.8,2.67,0.37,54.7,,,,,9.812
11.87,CARRY,33.36,-0.01,-9.65,36.13,-0.01,1,0,338.5,102.0,139.2,2.76,0.37,48.1,,,,,9.812
11.92,CARRY,33.61,-0.0,-9.65,36.28,-0.01,1,0,338.0,104.5,136.7,2.71,0.36,54.2,,,,,9.75
11.98,CARRY,33.61,-0.0,-9.65,36.45,-0.01,1,0,338.5,100.0,141.2,2.8,0.37,47.6,,,,,9.812
12.03,CARRY,33.86,-0.0,-9.65,36.6,-0.01,1,0,338.0,103.0,138.2,2.74,0.36,54.8,,,,,9.688
12.08,CARRY,33.86,-0.0,-9.65,36.77,-0.01,1,0,338.0,98.0,143.1,2.84,0.36,48.2,,,,,9.875
12.13,CARRY,34.12,0.0,-9.65,36.92,-0.01,1,0,337.5,101.0,140.1,2.78,0.35,54.7,,,,,9.75
12.19,CARRY,34.12,0.0,-9.65,37.08,-0.01,1,0,339.0,96.5,144.8,2.87,0.38,47.9,,,,,10.0
12.24,CARRY,34.38,0.0,-9.65,37.23,-0.01,1,0,338.5,99.5,141.7,2.81,0.37,54.4,,,,,9.875
12.29,CARRY,34.38,0.0,-9.65,37.4,-0.01,1,0,339.0,94.5,146.7,2.91,0.38,47.8,,,,,10.125
12.35,CARRY,34.64,0.01,-9.65,37.55,-0.01,1,0,338.0,98.0,143.1,2.84,0.36,55.6,,,,,10.188
12.4,CARRY,34.64,0.01,-9.65,37.72,-0.01,1,0,338.5,93.0,148.2,2.94,0.37,48.5,,,,,10.375
12.45,CARRY,34.91,0.01,-9.65,37.87,-0.01,1,0,338.0,96.5,144.6,2.87,0.36,53.8,,,,,10.125
12.51,CARRY,35.18,0.01,-9.65,38.03,-0.01,1,0,338.0,99.5,141.6,2.81,0.36,48.5,,,,,9.938
12.56,CARRY,35.18,0.01,-9.65,38.18,-0.01,1,0,339.0,95.0,146.2,2.9,0.38,54.2,,,,,10.125
12.61,CARRY,35.45,0.01,-9.65,38.35,-0.01,1,0,338.0,98.0,143.1,2.84,0.36,48.7,,,,,10.062
12.66,CARRY,35.45,0.01,-9.65,38.5,-0.01,1,0,338.5,94.0,147.2,2.92,0.37,53.7,,,,,10.125
12.72,CARRY,35.72,0.01,-9.65,38.66,-0.01,1,0,338.0,97.0,144.1,2.86,0.36,48.3,,,,,10.125
12.77,CARRY,35.72,0.01,-9.65,38.81,-0.01,1,0,338.5,92.5,148.7,2.95,0.37,53.6,,,,,10.25
12.82,CARRY,36.0,0.01,-9.65,38.98,-0.01,1,0,338.0,96.0,145.1,2.88,0.36,48.7,,,,,10.125
12.87,CARRY,36.0,0.01,-9.65,39.13,-0.01,1,0,338.5,91.5,149.6,2.97,0.37,53.5,,,,,10.188
12.93,CARRY,36.28,0.01,-9.65,39.29,-0.01,1,0,339.0,94.5,146.7,2.91,0.38,48.6,,,,,10.25
12.98,CARRY,36.28,0.01,-9.65,39.44,-0.01,1,0,339.0,90.5,150.7,2.99,0.38,54.3,,,,,10.25
13.03,CARRY,36.56,0.01,-9.65,39.61,-0.01,1,0,338.5,94.0,147.2,2.92,0.37,48.4,,,,,10.188
13.08,CARRY,36.56,0.01,-9.65,39.76,-0.01,1,0,339.0,89.5,151.7,3.01,0.38,53.4,,,,,10.188
13.14,CARRY,36.84,0.01,-9.65,39.92,-0.01,1,0,338.5,93.0,148.2,2.94,0.37,48.2,,,,,10.312
13.19,CARRY,36.84,0.01,-9.65,40.07,-0.01,1,0,339.0,88.5,152.7,3.03,0.38,53.4,,,,,10.312
13.24,CARRY,37.12,0.01,-9.65,40.23,-0.01,1,0,338.5,92.0,149.2,2.96,0.37,48.5,,,,,10.25
13.29,CARRY,37.12,0.01,-9.65,40.38,-0.01,1,0,339.0,87.5,153.7,3.05,0.38,53.4,,,,,10.312
13.34,CARRY,37.4,0.01,-9.65,40.55,-0.01,1,0,339.5,91.0,150.3,2.98,0.39,49.1,,,,,10.125
13.39,CARRY,37.4,0.01,-9.65,40.7,-0.01,1,0,340.0,87.0,154.3,3.06,0.4,53.8,,,,,10.312
13.45,CARRY,37.69,0.01,-9.65,40.86,-0.01,1,0,339.0,90.5,150.7,2.99,0.38,48.7,,,,,10.188
13.5,CARRY,37.69,0.01,-9.65,41.01,-0.01,1,0,339.5,86.0,155.2,3.08,0.39,53.7,,,,,10.375
13.55,CARRY,37.98,0.01,-9.65,41.18,-0.01,1,0,339.0,89.5,151.7,3.01,0.38,48.5,,,,,10.188
13.6,CARRY,37.98,0.01,-9.65,41.33,-0.01,1,0,339.5,85.5,155.7,3.09,0.39,53.5,,,,,10.375
13.66,CARRY,38.27,0.01,-9.65,41.49,-0.01,1,0,339.0,89.0,152.2,3.02,0.38,48.4,,,,,10.188
13.71,CARRY,38.57,0.01,-9.65,41.64,-0.01,1,0,338.5,93.0,148.2,2.94,0.37,54.9,,,,,10.125
13.76,CARRY,38.57,0.01,-9.65,41.81,-0.01,1,0,339.0,88.5,152.7,3.03,0.38,48.9,,,,,10.312
13.81,CARRY,38.86,0.01,-9.65,41.96,-0.01,1,0,338.5,92.5,148.7,2.95,0.37,55.8,,,,,10.188
13.87,CARRY,38.86,0.01,-9.65,42.13,-0.01,1,0,339.0,87.5,153.7,3.05,0.38,49.3,,,,,10.188
13.92,CARRY,39.16,0.01,-9.65,42.28,-0.01,1,0,338.5,92.0,149.2,2.96,0.37,55.7,,,,,10.0
13.98,CARRY,39.16,0.01,-9.65,42.45,-0.01,1,0,340.0,87.0,154.3,3.06,0.4,49.0,,,,,10.188
14.03,CARRY,39.46,0.01,-9.65,42.6,-0.01,1,0,339.0,91.0,150.2,2.98,0.38,55.5,,,,,10.0
14.09,CARRY,39.46,0.01,-9.65,42.77,-0.01,1,0,339.5,86.5,154.7,3.07,0.39,49.1,,,,,10.188
14.14,CARRY,39.75,0.01,-9.65,42.92,-0.01,1,0,339.0,90.5,150.7,2.99,0.38,54.8,,,,,10.062
14.19,CARRY,39.75,0.01,-9.65,43.09,-0.01,1,0,339.5,86.0,155.2,3.08,0.39,47.7,,,,,10.25
14.24,CARRY,40.06,0.01,-9.65,43.24,-0.01,1,0,339.0,90.0,151.2,3.0,0.38,55.9,,,,,10.0
14.3,CARRY,40.06,0.01,-9.65,43.41,-0.01,1,0,339.5,85.5,155.7,3.09,0.39,48.0,,,,,10.25
14.35,CARRY,40.36,0.01,-9.65,43.56,-0.01,1,0,339.0,89.5,151.7,3.01,0.38,54.8,,,,,9.938
14.4,CARRY,40.36,0.01,-9.65,43.73,-0.01,1,0,339.5,85.0,156.2,3.1,0.39,48.5,,,,,10.188
14.45,CARRY,40.66,0.01,-9.65,43.88,-0.01,1,0,339.0,89.0,152.2,3.02,0.38,54.8,,,,,10.0
14.51,CARRY,40.96,0.01,-9.65,44.05,-0.01,1,0,338.5,93.0,148.2,2.94,0.37,49.1,,,,,10.062
14.56,CARRY,40.96,0.01,-9.65,44.2,-0.01,1,0,339.0,88.5,152.7,3.03,0.38,53.7,,,,,10.188
14.62,CARRY,41.26,0.01,-9.65,44.36,-0.01,1,0,338.5,92.5,148.7,2.95,0.37,48.8,,,,,10.125
14.67,CARRY,41.26,0.01,-9.65,44.51,-0.01,1,0,339.0,88.5,152.7,3.03,0.38,53.4,,,,,10.188
14.72,CARRY,41.57,0.01,-9.65,44.67,-0.01,1,0,338.5,92.5,148.7,2.95,0.37,48.7,,,,,10.25
14.77,CARRY,41.57,0.01,-9.65,44.82,-0.01,1,0,339.0,88.0,153.2,3.04,0.38,53.2,,,,,10.312
14.82,CARRY,41.87,0.01,-9.65,44.99,-0.01,1,0,338.5,92.0,149.2,2.96,0.37,48.7,,,,,10.125
14.87,CARRY,41.87,0.01,-9.65,45.14,-0.01,1,0,339.0,88.0,153.2,3.04,0.38,54.2,,,,,10.25
14.93,CARRY,42.18,0.01,-9.65,45.3,-0.01,1,0,338.5,91.5,149.6,2.97,0.37,49.2,,,,,10.0
14.98,CARRY,42.18,0.01,-9.65,45.45,-0.01,1,0,339.0,87.5,153.7,3.05,0.38,50.0,,,,,10.188
15.03,CARRY,42.48,0.01,-9.65,45.6,-0.01,1,0,338.5,91.5,149.6,2.97,0.37,51.0,,,,,9.75
15.08,CARRY,42.48,0.01,-9.65,45.76,-0.01,1,0,339.0,87.5,153.7,3.05,0.38,49.4,,,,,9.938
15.13,CARRY,42.78,0.01,-9.65,45.91,-0.01,1,0,338.5,91.5,149.6,2.97,0.37,50.1,,,,,9.75
15.18,CARRY,42.78,0.01,-9.65,46.07,-0.01,1,0,339.5,87.0,154.2,3.06,0.39,49.8,,,,,9.812
15.23,CARRY,43.08,0.01,-9.65,46.22,-0.01,1,0,338.5,91.5,149.6,2.97,0.37,50.3,,,,,9.562
15.29,CARRY,43.08,0.01,-9.65,46.37,-0.01,1,0,340.0,87.0,154.3,3.06,0.4,49.6,,,,,9.812
15.34,CARRY,43.39,0.01,-9.65,46.52,-0.01,1,0,338.5,91.5,149.6,2.97,0.37,50.8,,,,,9.625
15.39,CARRY,43.39,0.01,-9.65,46.68,-0.01,1,0,340.0,87.0,154.3,3.06,0.4,50.0,,,,,9.812
15.44,CARRY,43.69,0.01,-9.65,46.83,-0.01,1,0,339.5,91.5,149.8,2.97,0.39,50.5,,,,,9.875
15.49,CARRY,43.69,0.01,-9.65,46.99,-0.01,1,0,340.0,87.0,154.3,3.06,0.4,49.4,,,,,10.0
15.54,CARRY,44.0,0.01,-9.65,47.14,-0.01,1,0,339.5,91.5,149.8,2.97,0.39,50.6,,,,,10.062
15.59,CARRY,44.0,0.01,-9.65,47.29,-0.01,1,0,340.0,87.0,154.3,3.06,0.4,49.5,,,,,10.25
15.64,CARRY,44.3,0.01,-9.65,47.45,-0.01,1,0,339.5,91.0,150.3,2.98,0.39,50.5,,,,,10.0
15.7,CARRY,44.3,0.01,-9.65,47.6,-0.01,1,0,340.0,87.0,154.3,3.06,0.4,49.7,,,,,10.125
15.75,CARRY,44.61,0.01,-9.65,47.75,-0.01,1,0,339.0,91.0,150.2,2.98,0.38,50.4,,,,,10.0
15.8,CARRY,44.61,0.01,-9.65,47.91,-0.01,1,0,340.0,87.0,154.3,3.06,0.4,49.5,,,,,10.188
15.85,CARRY,44.91,0.01,-9.65,48.06,-0.01,1,0,339.5,91.0,150.3,2.98,0.39,50.5,,,,,10.062
15.9,CARRY,44.91,0.01,-9.65,48.21,-0.01,1,0,339.5,86.5,154.7,3.07,0.39,50.0,,,,,10.25
15.95,CARRY,45.21,0.01,-9.65,48.37,-0.01,1,0,339.0,91.0,150.2,2.98,0.38,50.3,,,,,10.062
16.0,CARRY,45.21,0.01,-9.65,48.52,-0.01,1,0,339.5,86.5,154.7,3.07,0.39,50.0,,,,,10.25
16.05,CARRY,45.52,0.01,-9.65,48.67,-0.01,1,0,338.5,91.0,150.1,2.98,0.37,50.3,,,,,10.125
16.1,CARRY,45.52,0.01,-9.65,48.83,-0.01,1,0,339.5,86.5,154.7,3.07,0.39,49.9,,,,,10.312
16.15,CARRY,45.82,0.01,-9.65,48.98,-0.01,1,0,338.5,91.0,150.1,2.98,0.37,50.4,,,,,10.125
16.21,CARRY,45.82,0.01,-9.65,49.13,-0.01,1,0,339.5,86.5,154.7,3.07,0.39,49.7,,,,,10.375
16.26,CARRY,46.13,0.01,-9.65,49.28,-0.01,1,0,338.5,91.0,150.1,2.98,0.37,50.1,,,,,10.125
16.31,CARRY,46.44,0.01,-9.65,49.44,-0.01,1,0,338.0,94.5,146.6,2.91,0.36,50.3,,,,,10.125
16.36,CARRY,46.44,0.01,-9.65,49.59,-0.01,1,0,338.5,91.0,150.1,2.98,0.37,51.7,,,,,10.25
16.41,CARRY,46.74,0.02,-9.65,49.75,-0.01,1,0,338.0,94.5,146.6,2.91,0.36,50.2,,,,,10.125
16.46,CARRY,46.74,0.02,-9.65,49.9,-0.01,1,0,338.0,90.5,150.6,2.99,0.36,49.7,,,,,10.312
16.51,CARRY,47.05,0.02,-9.65,50.06,-0.01,1,0,338.0,94.5,146.6,2.91,0.36,50.2,,,,,10.125
16.57,CARRY,47.05,0.02,-9.65,50.21,-0.01,1,0,338.0,90.5,150.6,2.99,0.36,49.6,,,,,10.25
16.62,CARRY,47.35,0.02,-9.65,50.36,-0.01,1,0,338.0,94.5,146.6,2.91,0.36,50.1,,,,,10.125
16.67,CARRY,47.35,0.02,-9.65,50.51,-0.01,1,0,338.0,90.5,150.6,2.99,0.36,49.6,,,,,10.188
16.72,CARRY,47.65,0.02,-9.65,50.67,-0.01,1,0,338.0,94.5,146.6,2.91,0.36,50.3,,,,,10.188
16.77,CARRY,47.65,0.02,-9.65,50.82,-0.01,1,0,338.0,90.5,150.6,2.99,0.36,49.6,,,,,10.125
16.82,CARRY,47.96,0.02,-9.65,50.97,-0.01,1,0,338.5,94.5,146.7,2.91,0.37,50.5,,,,,10.25
16.87,CARRY,47.96,0.02,-9.65,51.13,-0.01,1,0,338.0,90.5,150.6,2.99,0.36,49.5,,,,,10.25
16.92,CARRY,48.26,0.02,-9.65,51.28,-0.01,1,0,338.5,94.5,146.7,2.91,0.37,50.6,,,,,10.188
16.97,CARRY,48.26,0.02,-9.65,51.43,-0.01,1,0,338.0,90.5,150.6,2.99,0.36,49.7,,,,,10.188
17.02,CARRY,48.56,0.02,-9.65,51.58,-0.01,1,0,338.5,94.5,146.7,2.91,0.37,50.6,,,,,10.25
17.08,CARRY,48.56,0.02,-9.65,51.74,-0.01,1,0,338.0,90.0,151.1,3.0,0.36,49.7,,,,,10.188
17.13,CARRY,48.86,0.02,-9.65,51.89,-0.01,1,0,338.0,94.0,147.1,2.92,0.36,50.3,,,,,10.25
17.18,CARRY,48.86,0.02,-9.65,52.05,-0.01,1,0,338.0,90.0,151.1,3.0,0.36,49.6,,,,,10.25
17.23,CARRY,49.16,0.01,-9.65,52.2,-0.01,1,0,337.5,94.0,147.0,2.92,0.35,50.1,,,,,10.25
17.28,CARRY,49.16,0.01,-9.65,52.35,-0.01,1,0,339.0,89.5,151.7,3.01,0.38,49.9,,,,,10.375
17.33,CARRY,49.45,0.01,-9.65,52.5,-0.01,1,0,338.5,94.0,147.2,2.92,0.37,50.7,,,,,10.188
17.38,CARRY,49.45,0.01,-9.65,52.66,-0.01,1,0,339.0,89.5,151.7,3.01,0.38,50.4,,,,,10.312
17.43,CARRY,49.75,0.01,-9.65,52.81,-0.01,1,0,338.5,93.5,147.7,2.93,0.37,49.9,,,,,10.312
17.48,CARRY,49.75,0.01,-9.65,52.97,-0.01,1,0,339.0,89.5,151.7,3.01,0.38,49.7,,,,,10.438
17.53,CARRY,50.05,0.01,-9.65,53.12,-0.01,1,0,338.5,93.5,147.7,2.93,0.37,50.4,,,,,10.312
17.59,CARRY,50.05,0.01,-9.65,53.27,-0.01,1,0,339.0,89.0,152.2,3.02,0.38,49.7,,,,,10.375
17.64,CARRY,50.35,0.01,-9.65,53.42,-0.01,1,0,338.5,93.5,147.7,2.93,0.37,50.4,,,,,10.312
17.69,CARRY,50.35,0.01,-9.65,53.58,-0.01,1,0,339.0,89.0,152.2,3.02,0.38,49.5,,,,,10.375
17.74,CARRY,50.65,0.01,-9.65,53.73,-0.01,1,0,338.5,93.0,148.2,2.94,0.37,50.9,,,,,10.312
17.79,CARRY,50.65,0.01,-9.65,53.88,-0.01,1,0,339.0,88.5,152.7,3.03,0.38,49.4,,,,,10.375
17.84,CARRY,50.95,0.01,-9.65,54.04,-0.01,1,0,338.5,93.0,148.2,2.94,0.37,50.6,,,,,10.25
17.89,CARRY,50.95,0.01,-9.65,54.19,-0.01,1,0,339.0,88.5,152.7,3.03,0.38,49.5,,,,,10.188
17.94,CARRY,51.24,0.01,-9.65,54.34,-0.01,1,0,338.5,92.5,148.7,2.95,0.37,50.4,,,,,10.188
17.99,CARRY,51.24,0.01,-9.65,54.5,-0.01,1,0,339.0,88.0,153.2,3.04,0.38,49.6,,,,,10.188
18.04,CARRY,51.54,0.01,-9.65,54.65,-0.01,1,0,338.5,92.5,148.7,2.95,0.37,50.2,,,,,10.062
18.1,CARRY,51.54,0.01,-9.65,54.8,-0.01,1,0,339.0,87.5,153.7,3.05,0.38,49.5,,,,,10.125
18.15,CARRY,51.84,0.01,-9.65,54.95,-0.01,1,0,338.5,92.0,149.2,2.96,0.37,50.3,,,,,9.938
18.2,CARRY,51.84,0.01,-9.65,55.11,-0.01,1,0,339.0,87.5,153.7,3.05,0.38,49.6,,,,,10.062
18.25,CARRY,52.14,0.01,-9.65,55.26,-0.01,1,0,338.5,92.0,149.2,2.96,0.37,50.1,,,,,9.875
18.3,CARRY,52.14,0.01,-9.65,55.41,-0.01,1,0,339.5,87.5,153.7,3.05,0.39,50.1,,,,,10.0
18.35,CARRY,52.44,0.01,-9.65,55.56,-0.01,1,0,338.5,92.0,149.2,2.96,0.37,50.6,,,,,9.688
18.4,CARRY,52.44,0.01,-9.65,55.72,-0.01,1,0,340.0,87.5,153.8,3.05,0.4,50.1,,,,,9.812
18.45,CARRY,52.74,0.01,-9.65,55.87,-0.01,1,0,339.5,91.5,149.8,2.97,0.39,50.1,,,,,9.625
18.5,CARRY,53.04,0.01,-9.65,56.03,-0.01,1,0,339.0,96.0,145.2,2.88,0.38,50.4,,,,,9.688
18.56,CARRY,53.04,0.01,-9.65,56.18,-0.01,1,0,339.5,91.5,149.8,2.97,0.39,49.4,,,,,9.875
18.61,CARRY,53.04,0.01,-9.65,56.33,-0.01,1,0,340.0,87.0,154.3,3.06,0.4,49.7,,,,,9.938
18.66,CARRY,53.34,0.01,-9.65,56.48,-0.01,1,0,339.5,91.5,149.8,2.97,0.39,50.3,,,,,9.812
18.71,CARRY,53.34,0.01,-9.65,56.64,-0.01,1,0,340.0,87.0,154.3,3.06,0.4,49.7,,,,,10.062
18.76,CARRY,53.65,0.01,-9.65,56.79,-0.01,1,0,339.5,91.0,150.3,2.98,0.39,50.7,,,,,10.062
18.81,CARRY,53.95,0.01,-9.65,56.94,-0.01,1,0,339.0,95.5,145.7,2.89,0.38,50.1,,,,,10.188
18.86,CARRY,53.95,0.01,-9.65,57.1,-0.01,1,0,339.5,91.0,150.3,2.98,0.39,50.0,,,,,10.312
18.91,CARRY,54.25,0.01,-9.65,57.25,-0.01,1,0,339.0,95.0,146.2,2.9,0.38,50.5,,,,,10.188
18.96,CARRY,54.25,0.01,-9.65,57.41,-0.01,1,0,339.5,91.0,150.3,2.98,0.39,49.8,,,,,10.312
19.01,CARRY,54.55,0.01,-9.65,57.56,-0.01,1,0,339.0,95.0,146.2,2.9,0.38,50.2,,,,,10.25
19.07,CARRY,54.55,0.01,-9.65,57.71,-0.01,1,0,339.0,90.5,150.7,2.99,0.38,49.6,,,,,10.375
19.12,CARRY,54.85,0.01,-9.65,57.86,-0.01,1,0,339.5,94.5,146.8,2.91,0.39,50.2,,,,,10.312
19.17,CARRY,54.85,0.01,-9.65,58.02,-0.01,1,0,339.0,90.5,150.7,2.99,0.38,49.6,,,,,10.312
19.22,CARRY,55.15,0.0,-9.65,58.17,-0.01,1,0,339.5,94.5,146.8,2.91,0.39,50.6,,,,,10.125
19.27,CARRY,55.15,0.0,-9.65,58.32,-0.01,1,0,339.0,90.5,150.7,2.99,0.38,49.4,,,,,10.188
19.32,CARRY,55.45,0.0,-9.65,58.47,-0.01,1,0,339.0,94.5,146.7,2.91,0.38,50.7,,,,,10.125
19.37,CARRY,55.45,0.0,-9.65,58.63,-0.01,1,0,339.0,90.0,151.2,3.0,0.38,50.0,,,,,10.125
19.42,CARRY,55.75,0.0,-9.65,58.78,-0.01,1,0,339.0,94.0,147.2,2.92,0.38,50.4,,,,,10.125
19.47,CARRY,55.75,0.0,-9.65,58.94,-0.01,1,0,339.0,90.0,151.2,3.0,0.38,49.4,,,,,10.188
19.52,CARRY,56.05,0.0,-9.65,59.09,-0.01,1,0,338.5,94.0,147.2,2.92,0.37,50.3,,,,,10.312
19.58,CARRY,56.05,0.0,-9.65,59.24,-0.01,1,0,339.0,90.0,151.2,3.0,0.38,49.7,,,,,10.312
19.63,CARRY,56.35,0.0,-9.65,59.39,-0.01,1,0,338.5,94.0,147.2,2.92,0.37,50.2,,,,,10.188
19.68,CARRY,56.35,0.0,-9.65,59.55,-0.01,1,0,339.0,89.5,151.7,3.01,0.38,49.1,,,,,10.25
19.73,CARRY,56.65,0.0,-9.65,59.7,-0.01,1,0,338.5,94.0,147.2,2.92,0.37,49.6,,,,,10.188
19.78,CARRY,56.65,0.0,-9.65,59.85,-0.01,1,0,339.0,89.5,151.7,3.01,0.38,50.8,,,,,10.25
19.83,CARRY,56.95,0.0,-9.65,60.01,-0.01,1,0,338.5,94.0,147.2,2.92,0.37,50.9,,,,,10.25
19.88,CARRY,56.95,0.0,-9.65,60.16,-0.01,1,0,339.0,89.5,151.7,3.01,0.38,50.3,,,,,10.438
19.93,CARRY,57.25,0.0,-9.65,60.31,-0.01,1,0,338.5,93.5,147.7,2.93,0.37,51.1,,,,,10.375
19.99,CARRY,57.25,0.0,-9.65,60.47,-0.01,1,0,339.0,89.0,152.2,3.02,0.38,50.3,,,,,10.438
20.04,CARRY,57.55,0.0,-9.65,60.62,-0.01,1,0,338.5,93.0,148.2,2.94,0.37,52.4,,,,,10.375
20.09,CARRY,57.55,0.0,-9.65,60.78,-0.01,1,0,340.0,88.5,152.8,3.03,0.4,50.2,,,,,10.438
20.14,CARRY,57.85,0.0,-9.65,60.94,-0.01,1,0,339.0,92.5,148.7,2.95,0.38,49.9,,,,,10.25
20.19,CARRY,57.85,0.0,-9.65,61.09,-0.01,1,0,340.0,88.5,152.8,3.03,0.4,49.0,,,,,10.375
20.24,CARRY,58.15,0.0,-9.65,61.24,-0.01,1,0,339.5,92.5,148.8,2.95,0.39,50.9,,,,,10.312
20.29,CARRY,58.15,0.0,-9.65,61.4,-0.01,1,0,340.0,88.0,153.3,3.04,0.4,50.4,,,,,10.438
20.35,CARRY,58.45,0.0,-9.65,61.55,-0.01,1,0,339.5,92.5,148.8,2.95,0.39,49.8,,,,,10.312
20.4,CARRY,58.45,0.0,-9.65,61.7,-0.01,1,0,340.0,88.0,153.3,3.04,0.4,50.2,,,,,10.438
20.45,CARRY,58.75,0.0,-9.65,61.86,-0.01,1,0,339.5,92.0,149.3,2.96,0.39,50.7,,,,,10.25
20.5,CARRY,58.75,0.0,-9.65,62.01,-0.01,1,0,340.0,88.0,153.3,3.04,0.4,50.4,,,,,10.375
20.55,CARRY,59.05,0.0,-9.65,62.17,-0.01,1,0,339.5,92.0,149.3,2.96,0.39,51.2,,,,,10.062
20.6,CARRY,59.05,0.0,-9.65,62.32,-0.01,1,0,340.0,87.5,153.8,3.05,0.4,48.4,,,,,10.25
20.65,CARRY,59.35,0.0,-9.65,62.47,-0.01,1,0,339.5,92.0,149.3,2.96,0.39,50.1,,,,,10.125
20.7,CARRY,59.65,0.0,-9.65,62.63,-0.01,1,0,339.0,96.0,145.2,2.88,0.38,49.7,,,,,10.062
20.76,CARRY,59.65,0.0,-9.65,62.78,-0.01,1,0,339.5,91.5,149.8,2.97,0.39,47.8,,,,,10.188
20.81,CARRY,59.65,0.0,-9.65,62.93,-0.01,1,0,340.0,87.5,153.8,3.05,0.4,47.8,,,,,10.312
20.86,CARRY,59.95,0.0,-9.65,63.08,-0.01,1,0,339.5,91.5,149.8,2.97,0.39,50.5,,,,,10.062
20.91,CARRY,59.95,0.0,-9.65,63.24,-0.01,1,0,340.0,87.0,154.3,3.06,0.4,47.8,,,,,10.188
20.96,CARRY,60.25,0.01,-9.65,63.39,-0.01,1,0,339.5,91.5,149.8,2.97,0.39,48.6,,,,,9.938
21.01,CARRY,60.55,0.01,-9.65,63.54,-0.01,1,0,339.0,96.0,145.2,2.88,0.38,48.4,,,,,9.875
21.06,CARRY,60.55,0.01,-9.65,63.69,-0.01,1,0,339.5,91.5,149.8,2.97,0.39,47.7,,,,,10.0
21.11,CARRY,60.85,0.01,-9.65,63.84,-0.01,1,0,338.0,96.0,145.1,2.88,0.36,48.4,,,,,9.812
21.16,CARRY,60.85,0.01,-9.65,63.99,-0.01,1,0,339.5,91.5,149.8,2.97,0.39,49.9,,,,,9.875
21.21,CARRY,61.15,0.01,-9.65,64.14,-0.01,1,0,338.0,95.0,146.1,2.9,0.36,48.5,,,,,9.75
21.26,CARRY,61.15,0.01,-9.65,64.29,-0.01,1,0,339.0,91.5,149.7,2.97,0.38,47.9,,,,,10.0
21.31,CARRY,61.45,0.01,-9.65,64.44,-0.01,1,0,338.0,95.0,146.1,2.9,0.36,48.9,,,,,9.938
21.36,CARRY,61.45,0.01,-9.65,64.59,-0.01,1,0,338.5,91.5,149.6,2.97,0.37,49.8,,,,,10.0
21.41,CARRY,61.75,0.01,-9.65,64.74,-0.01,1,0,338.0,95.0,146.1,2.9,0.36,48.7,,,,,9.938
21.46,CARRY,61.75,0.01,-9.65,64.89,-0.01,1,0,338.5,91.0,150.1,2.98,0.37,50.0,,,,,10.0
21.51,CARRY,62.05,0.01,-9.65,65.04,-0.01,1,0,338.0,95.0,146.1,2.9,0.36,48.6,,,,,9.938
21.56,CARRY,62.05,0.01,-9.65,65.2,-0.01,1,0,338.5,91.0,150.1,2.98,0.37,48.1,,,,,10.0
21.61,CARRY,62.34,0.01,-9.65,65.35,-0.01,1,0,338.0,95.0,146.1,2.9,0.36,48.5,,,,,9.875
21.66,CARRY,62.34,0.01,-9.65,65.5,-0.01,1,0,338.5,91.0,150.1,2.98,0.37,50.2,,,,,9.938
21.71,CARRY,62.64,0.01,-9.65,65.65,-0.01,1,0,338.0,94.5,146.6,2.91,0.36,49.2,,,,,9.938
21.76,CARRY,62.64,0.01,-9.65,65.8,-0.01,1,0,338.5,91.0,150.1,2.98,0.37,50.2,,,,,10.0
21.81,CARRY,62.94,0.01,-9.65,65.95,-0.01,1,0,338.5,94.5,146.7,2.91,0.37,48.3,,,,,10.0
21.86,CARRY,62.94,0.01,-9.65,66.1,-0.01,1,0,339.0,90.5,150.7,2.99,0.38,48.0,,,,,9.938
21.91,CARRY,63.24,0.01,-9.65,66.25,-0.01,1,0,338.5,94.5,146.7,2.91,0.37,48.2,,,,,9.75
21.96,CARRY,63.24,0.01,-9.65,66.4,-0.01,1,0,339.0,90.5,150.7,2.99,0.38,48.1,,,,,9.875
22.01,CARRY,63.53,0.01,-9.65,66.55,-0.01,1,0,339.5,94.5,146.8,2.91,0.39,48.4,,,,,9.812
22.06,CARRY,63.53,0.01,-9.65,66.7,-0.01,1,0,339.0,90.5,150.7,2.99,0.38,49.7,,,,,9.812
22.11,CARRY,63.83,0.01,-9.65,66.86,-0.01,1,0,339.0,94.0,147.2,2.92,0.38,48.4,,,,,9.938
22.16,CARRY,63.83,0.01,-9.65,67.01,-0.01,1,0,339.0,90.0,151.2,3.0,0.38,47.8,,,,,9.938
22.21,CARRY,64.12,0.01,-9.65,67.16,-0.01,1,0,339.0,94.0,147.2,2.92,0.38,48.3,,,,,10.125
22.26,CARRY,64.12,0.01,-9.65,67.31,-0.01,1,0,339.0,90.0,151.2,3.0,0.38,47.8,,,,,10.125
22.31,CARRY,64.42,0.01,-9.65,67.46,-0.01,1,0,338.5,94.0,147.2,2.92,0.37,48.3,,,,,10.188
22.36,CARRY,64.42,0.01,-9.65,67.61,-0.01,1,0,339.0,90.0,151.2,3.0,0.38,50.7,,,,,10.188
22.42,CARRY,64.71,0.01,-9.65,67.76,-0.01,1,0,338.5,94.0,147.2,2.92,0.37,48.5,,,,,10.125
22.47,CARRY,64.71,0.01,-9.65,67.91,-0.01,1,0,339.0,89.5,151.7,3.01,0.38,47.6,,,,,10.188
22.52,CARRY,65.01,0.01,-9.65,68.06,-0.01,1,0,338.5,94.0,147.2,2.92,0.37,48.5,,,,,10.125
22.57,CARRY,65.01,0.01,-9.65,68.21,-0.01,1,0,339.0,89.5,151.7,3.01,0.38,47.6,,,,,10.25
22.62,CARRY,65.31,0.01,-9.65,68.36,-0.01,1,0,338.5,94.0,147.2,2.92,0.37,48.4,,,,,10.0
22.67,CARRY,65.31,0.01,-9.65,68.51,-0.01,1,0,339.0,89.5,151.7,3.01,0.38,49.7,,,,,10.062
22.72,CARRY,65.61,0.01,-9.65,68.66,-0.01,1,0,338.5,93.5,147.7,2.93,0.37,48.5,,,,,10.062
22.77,CARRY,65.61,0.01,-9.65,68.81,-0.01,1,0,339.0,89.5,151.7,3.01,0.38,47.5,,,,,10.188
22.82,CARRY,65.9,0.01,-9.65,68.96,-0.01,1,0,338.5,93.5,147.7,2.93,0.37,48.5,,,,,10.125
22.87,CARRY,65.9,0.01,-9.65,69.11,-0.01,1,0,339.0,89.5,151.7,3.01,0.38,47.6,,,,,10.188
22.92,CARRY,66.2,0.01,-9.65,69.26,-0.01,1,0,338.5,93.5,147.7,2.93,0.37,48.6,,,,,10.125
22.97,CARRY,66.2,0.01,-9.65,69.41,-0.01,1,0,339.0,89.0,152.2,3.02,0.38,49.9,,,,,10.25
23.02,CARRY,66.5,0.01,-9.65,69.57,-0.01,1,0,338.5,93.5,147.7,2.93,0.37,49.2,,,,,10.188
23.07,CARRY,66.5,0.01,-9.65,69.72,-0.01,1,0,339.0,89.0,152.2,3.02,0.38,47.7,,,,,10.312
23.12,CARRY,66.8,0.01,-9.65,69.87,-0.01,1,0,338.5,93.5,147.7,2.93,0.37,48.7,,,,,10.125
23.17,CARRY,66.8,0.01,-9.65,70.02,-0.01,1,0,339.0,89.0,152.2,3.02,0.38,47.5,,,,,10.188
23.22,CARRY,67.1,0.01,-9.65,70.17,-0.01,1,0,338.5,93.5,147.7,2.93,0.37,48.8,,,,,10.062
23.27,CARRY,67.1,0.01,-9.65,70.32,-0.01,1,0,339.5,88.5,152.7,3.03,0.39,49.7,,,,,10.125
23.32,CARRY,67.4,0.01,-9.65,70.47,-0.01,1,0,338.5,93.0,148.2,2.94,0.37,48.8,,,,,10.062
23.37,CARRY,67.4,0.01,-9.65,70.62,-0.01,1,0,339.0,88.5,152.7,3.03,0.38,48.1,,,,,10.125
23.42,CARRY,67.7,0.01,-9.65,70.77,-0.01,1,0,338.5,93.0,148.2,2.94,0.37,48.7,,,,,10.062
23.47,CARRY,67.7,0.01,-9.65,70.92,-0.01,1,0,339.0,88.5,152.7,3.03,0.38,47.4,,,,,10.125
23.52,CARRY,68.0,0.01,-9.65,71.07,-0.01,1,0,338.5,93.0,148.2,2.94,0.37,48.8,,,,,10.0
23.57,CARRY,68.0,0.01,-9.65,71.22,-0.01,1,0,339.0,88.5,152.7,3.03,0.38,49.2,,,,,10.062
23.62,CARRY,68.3,0.01,-9.65,71.37,-0.01,1,0,338.5,93.0,148.2,2.94,0.37,49.1,,,,,9.875
23.67,CARRY,68.3,0.01,-9.65,71.52,-0.01,1,0,339.0,89.0,152.2,3.02,0.38,48.2,,,,,9.938
23.72,CARRY,68.6,0.01,-9.65,71.67,-0.01,1,0,338.5,93.0,148.2,2.94,0.37,49.2,,,,,9.75
23.77,CARRY,68.6,0.01,-9.65,71.82,-0.01,1,0,339.0,89.0,152.2,3.02,0.38,47.7,,,,,9.875
23.82,CARRY,68.9,0.01,-9.65,71.97,-0.01,1,0,338.5,93.0,148.2,2.94,0.37,48.9,,,,,10.062
23.87,CARRY,68.9,0.01,-9.65,72.12,-0.01,1,0,339.0,89.0,152.2,3.02,0.38,49.6,,,,,10.125
23.92,CARRY,69.2,0.01,-9.65,72.28,-0.01,1,0,338.5,93.0,148.2,2.94,0.37,49.4,,,,,10.062
23.97,CARRY,69.2,0.01,-9.65,72.43,-0.01,1,0,339.0,89.0,152.2,3.02,0.38,47.8,,,,,10.125
24.02,CARRY,69.5,0.01,-9.65,72.58,-0.01,1,0,338.5,93.0,148.2,2.94,0.37,48.8,,,,,10.188
24.07,CARRY,69.5,0.01,-9.65,72.73,-0.01,1,0,339.0,89.0,152.2,3.02,0.38,47.6,,,,,10.25
24.12,CARRY,69.8,0.01,-9.65,72.88,-0.01,1,0,338.5,93.0,148.2,2.94,0.37,48.8,,,,,10.125
24.17,CARRY,69.8,0.01,-9.65,73.03,-0.01,1,0,339.0,89.0,152.2,3.02,0.38,49.8,,,,,10.188
24.22,CARRY,70.1,0.01,-9.65,73.18,-0.01,1,0,338.5,93.0,148.2,2.94,0.37,48.8,,,,,10.25
24.27,CARRY,70.1,0.01,-9.65,73.33,-0.01,1,0,339.0,89.0,152.2,3.02,0.38,47.6,,,,,10.25
24.32,CARRY,70.4,0.01,-9.65,73.48,-0.01,1,0,338.5,93.0,148.2,2.94,0.37,48.8,,,,,10.188
24.37,CARRY,70.4,0.01,-9.65,73.63,-0.01,1,0,339.0,89.0,152.2,3.02,0.38,48.1,,,,,10.25
24.42,CARRY,70.7,0.01,-9.65,73.78,-0.01,1,0,338.5,93.0,148.2,2.94,0.37,48.6,,,,,10.188
24.47,CARRY,70.7,0.01,-9.65,73.93,-0.01,1,0,339.0,89.0,152.2,3.02,0.38,49.3,,,,,10.25
24.52,CARRY,71.01,0.01,-9.65,74.08,-0.01,1,0,338.5,93.0,148.2,2.94,0.37,48.8,,,,,10.188
24.57,CARRY,71.01,0.01,-9.65,74.23,-0.01,1,0,339.0,88.5,152.7,3.03,0.38,47.7,,,,,10.062
24.62,CARRY,71.31,0.01,-9.65,74.38,-0.01,1,0,338.5,93.0,148.2,2.94,0.37,48.7,,,,,10.062
24.67,CARRY,71.31,0.01,-9.65,74.53,-0.01,1,0,339.0,88.5,152.7,3.03,0.38,47.6,,,,,10.062
24.72,CARRY,71.61,0.01,-9.65,74.68,-0.01,1,0,338.5,93.0,148.2,2.94,0.37,48.8,,,,,10.062
24.77,CARRY,71.61,0.01,-9.65,74.83,-0.01,1,0,339.0,88.5,152.7,3.03,0.38,49.7,,,,,10.062
24.82,CARRY,71.91,0.01,-9.65,74.98,-0.01,1,0,338.5,93.0,148.2,2.94,0.37,48.5,,,,,10.0
24.87,CARRY,71.91,0.01,-9.65,75.13,-0.01,1,0,339.0,89.0,152.2,3.02,0.38,47.5,,,,,10.062
24.92,CARRY,72.21,0.01,-9.65,75.28,-0.01,1,0,338.5,93.0,148.2,2.94,0.37,48.6,,,,,10.0
24.97,CARRY,72.21,0.01,-9.65,75.43,-0.01,1,0,339.0,89.0,152.2,3.02,0.38,47.6,,,,,10.062
25.02,CARRY,72.51,0.01,-9.65,75.58,-0.01,1,0,338.5,93.0,148.2,2.94,0.37,48.2,,,,,9.938
25.07,CARRY,72.51,0.01,-9.65,75.73,-0.01,1,0,339.0,89.0,152.2,3.02,0.38,49.7,,,,,10.0
25.12,CARRY,72.81,0.01,-9.65,75.89,-0.01,1,0,338.5,93.0,148.2,2.94,0.37,53.4,,,,,10.0
25.18,CARRY,72.81,0.01,-9.65,76.05,-0.01,1,0,339.0,88.5,152.7,3.03,0.38,49.0,,,,,10.062
25.23,CARRY,73.11,0.01,-9.65,76.2,-0.01,1,0,338.5,93.0,148.2,2.94,0.37,48.5,,,,,10.0
25.28,CARRY,73.11,0.01,-9.65,76.35,-0.01,1,0,339.0,88.5,152.7,3.03,0.38,49.2,,,,,10.0
25.33,CARRY,73.41,0.01,-9.65,76.5,-0.01,1,0,338.5,93.0,148.2,2.94,0.37,52.2,,,,,9.875
25.38,CARRY,73.41,0.01,-9.65,76.66,-0.01,1,0,339.0,88.0,153.2,3.04,0.38,48.7,,,,,9.938
25.43,CARRY,73.71,0.01,-9.65,76.81,-0.01,1,0,338.5,92.5,148.7,2.95,0.37,50.4,,,,,9.875
25.48,CARRY,73.71,0.01,-9.65,76.97,-0.01,1,0,340.0,88.0,153.3,3.04,0.4,47.9,,,,,9.938
25.53,CARRY,74.01,0.0,-9.65,77.12,-0.01,1,0,339.0,92.5,148.7,2.95,0.38,49.6,,,,,9.938
25.58,CARRY,74.01,0.0,-9.65,77.27,-0.01,1,0,340.0,88.0,153.3,3.04,0.4,47.2,,,,,10.0
25.63,CARRY,74.31,0.0,-9.65,77.42,-0.01,1,0,339.5,92.5,148.8,2.95,0.39,51.5,,,,,10.125
25.69,CARRY,74.31,0.0,-9.65,77.58,-0.01,1,0,340.0,88.0,153.3,3.04,0.4,49.8,,,,,10.312
25.74,CARRY,74.61,0.0,-9.65,77.73,-0.01,1,0,339.5,92.0,149.3,2.96,0.39,51.3,,,,,10.188
25.79,CARRY,74.61,0.0,-9.65,77.89,-0.01,1,0,340.0,87.5,153.8,3.05,0.4,48.1,,,,,10.312
25.84,CARRY,74.91,0.0,-9.65,78.04,-0.01,1,0,339.5,92.0,149.3,2.96,0.39,48.8,,,,,10.125
25.89,CARRY,74.91,0.0,-9.65,78.19,-0.01,1,0,340.0,87.5,153.8,3.05,0.4,49.6,,,,,10.188
25.94,CARRY,75.22,0.0,-9.65,78.34,-0.01,1,0,339.5,92.0,149.3,2.96,0.39,49.8,,,,,10.0
25.99,CARRY,75.22,0.0,-9.65,78.49,-0.01,1,0,340.0,87.5,153.8,3.05,0.4,49.8,,,,,10.188
26.04,CARRY,75.52,0.0,-9.65,78.64,-0.01,1,0,339.5,92.0,149.3,2.96,0.39,51.2,,,,,10.125
26.1,CARRY,75.52,0.0,-9.65,78.8,-0.01,1,0,340.0,87.5,153.8,3.05,0.4,50.0,,,,,10.25
26.15,CARRY,75.82,0.0,-9.65,78.95,-0.01,1,0,339.5,91.5,149.8,2.97,0.39,50.3,,,,,10.062
26.2,CARRY,75.82,0.0,-9.65,79.11,-0.01,1,0,340.0,87.0,154.3,3.06,0.4,51.1,,,,,10.188
26.25,CARRY,76.12,0.0,-9.65,79.26,-0.01,1,0,339.5,91.5,149.8,2.97,0.39,48.5,,,,,9.938
26.3,CARRY,76.12,0.0,-9.65,79.41,-0.01,1,0,340.0,87.0,154.3,3.06,0.4,48.7,,,,,10.125
26.35,CARRY,76.42,0.0,-9.65,79.56,-0.01,1,0,339.5,91.5,149.8,2.97,0.39,50.6,,,,,9.938
26.4,CARRY,76.42,0.0,-9.65,79.72,-0.01,1,0,340.0,87.0,154.3,3.06,0.4,49.8,,,,,10.062
26.45,CARRY,76.72,0.0,-9.65,79.87,-0.01,1,0,339.5,91.0,150.3,2.98,0.39,48.9,,,,,10.0
26.5,CARRY,76.72,0.0,-9.65,80.02,-0.01,1,0,340.0,87.0,154.3,3.06,0.4,49.8,,,,,10.125
26.55,CARRY,77.03,0.0,-9.65,80.17,-0.01,1,0,339.5,91.0,150.3,2.98,0.39,49.5,,,,,10.062
26.6,CARRY,77.03,0.0,-9.65,80.33,-0.01,1,0,340.0,87.0,154.3,3.06,0.4,48.3,,,,,10.25
26.65,CARRY,77.33,0.0,-9.65,80.48,-0.01,1,0,339.5,91.0,150.3,2.98,0.39,50.9,,,,,10.062
26.71,CARRY,77.33,0.0,-9.65,80.63,-0.01,1,0,340.0,87.0,154.3,3.06,0.4,48.6,,,,,10.25
26.76,CARRY,77.64,0.0,-9.65,80.78,-0.01,1,0,339.5,91.0,150.3,2.98,0.39,49.8,,,,,10.125
26.81,CARRY,77.64,0.0,-9.65,80.93,-0.01,1,0,340.0,87.0,154.3,3.06,0.4,49.4,,,,,10.312
26.86,CARRY,77.94,0.0,-9.65,81.09,-0.01,1,0,339.5,91.0,150.3,2.98,0.39,49.0,,,,,10.188
26.91,CARRY,78.24,0.01,-9.65,81.24,-0.01,1,0,339.0,95.5,145.7,2.89,0.38,51.1,,,,,10.062
26.96,CARRY,78.24,0.01,-9.65,81.39,-0.01,1,0,339.5,91.0,150.3,2.98,0.39,48.9,,,,,10.25
27.01,CARRY,78.54,0.01,-9.65,81.54,-0.01,1,0,339.0,95.5,145.7,2.89,0.38,49.5,,,,,10.125
27.06,CARRY,78.54,0.01,-9.65,81.69,-0.01,1,0,339.5,91.0,150.3,2.98,0.39,49.3,,,,,10.312
27.11,CARRY,78.85,0.01,-9.65,81.85,-0.01,1,0,339.0,95.5,145.7,2.89,0.38,51.3,,,,,10.25
27.16,CARRY,78.85,0.01,-9.65,82.0,-0.01,1,0,339.5,91.0,150.3,2.98,0.39,49.1,,,,,10.312
27.21,CARRY,79.15,0.01,-9.65,82.15,-0.01,1,0,339.5,94.5,146.8,2.91,0.39,48.5,,,,,10.062
27.26,CARRY,79.15,0.01,-9.65,82.3,-0.01,1,0,339.5,90.5,150.8,2.99,0.39,48.9,,,,,10.188
27.31,CARRY,79.45,0.01,-9.65,82.45,-0.01,1,0,339.0,94.5,146.7,2.91,0.38,49.5,,,,,10.125
27.36,CARRY,79.45,0.01,-9.65,82.6,-0.01,1,0,339.5,90.5,150.8,2.99,0.39,50.0,,,,,10.188
27.41,CARRY,79.75,0.01,-9.65,82.76,-0.01,1,0,339.5,94.5,146.8,2.91,0.39,51.7,,,,,10.188
27.47,CARRY,79.75,0.01,-9.65,82.92,-0.01,1,0,339.0,90.5,150.7,2.99,0.38,49.8,,,,,10.125
27.52,CARRY,80.05,0.01,-9.65,83.07,-0.01,1,0,339.0,94.5,146.7,2.91,0.38,51.0,,,,,10.125
27.57,CARRY,80.05,0.01,-9.65,83.22,-0.01,1,0,339.0,90.0,151.2,3.0,0.38,48.8,,,,,10.188
27.62,CARRY,80.34,0.01,-9.65,83.37,-0.01,1,0,339.0,94.0,147.2,2.92,0.38,52.4,,,,,10.062
27.67,CARRY,80.34,0.01,-9.65,83.54,-0.01,1,0,339.0,90.0,151.2,3.0,0.38,49.2,,,,,10.125
27.72,CARRY,80.64,0.01,-9.65,83.69,-0.01,1,0,338.5,94.0,147.2,2.92,0.37,49.6,,,,,10.125
27.77,CARRY,80.64,0.01,-9.65,83.84,-0.01,1,0,339.0,89.5,151.7,3.01,0.38,48.4,,,,,10.125
27.82,CARRY,80.94,0.01,-9.65,83.99,-0.01,1,0,338.5,94.0,147.2,2.92,0.37,48.3,,,,,10.188
27.87,CARRY,80.94,0.01,-9.65,84.14,-0.01,1,0,339.0,89.5,151.7,3.01,0.38,50.3,,,,,10.312
27.93,CARRY,81.24,0.01,-9.65,84.29,-0.01,1,0,338.5,94.0,147.2,2.92,0.37,49.4,,,,,10.125
27.98,CARRY,81.24,0.01,-9.65,84.44,-0.01,1,0,339.0,89.5,151.7,3.01,0.38,51.0,,,,,10.25
28.03,CARRY,81.54,0.01,-9.65,84.6,-0.01,1,0,338.5,93.5,147.7,2.93,0.37,51.2,,,,,10.312
28.08,CARRY,81.54,0.01,-9.65,84.76,-0.01,1,0,339.0,89.0,152.2,3.02,0.38,50.6,,,,,10.438
28.13,CARRY,81.84,0.01,-9.65,84.91,-0.01,1,0,338.5,93.0,148.2,2.94,0.37,49.7,,,,,10.25
28.18,CARRY,81.84,0.01,-9.65,85.06,-0.01,1,0,339.0,89.0,152.2,3.02,0.38,48.4,,,,,10.312
28.23,CARRY,82.14,0.01,-9.65,85.21,-0.01,1,0,338.5,93.0,148.2,2.94,0.37,52.1,,,,,10.25
28.29,CARRY,82.14,0.01,-9.65,85.37,-0.01,1,0,339.0,88.5,152.7,3.03,0.38,48.1,,,,,10.312
28.34,CARRY,82.43,0.01,-9.65,85.52,-0.01,1,0,338.5,92.5,148.7,2.95,0.37,50.5,,,,,10.312
28.39,CARRY,82.43,0.01,-9.65,85.68,-0.01,1,0,339.0,88.5,152.7,3.03,0.38,51.1,,,,,10.312
28.44,CARRY,82.73,0.01,-9.65,85.83,-0.01,1,0,339.0,92.5,148.7,2.95,0.38,49.9,,,,,10.25
28.49,CARRY,82.73,0.01,-9.65,85.99,-0.01,1,0,339.0,88.0,153.2,3.04,0.38,47.2,,,,,10.375
28.54,CARRY,83.03,0.01,-9.65,86.14,-0.01,1,0,339.0,92.5,148.7,2.95,0.38,50.4,,,,,10.125
28.59,CARRY,83.03,0.01,-9.65,86.29,-0.01,1,0,339.0,87.5,153.7,3.05,0.38,48.1,,,,,10.25
28.64,CARRY,83.33,0.01,-9.65,86.44,-0.01,1,0,338.5,92.0,149.2,2.96,0.37,51.2,,,,,10.125
28.69,CARRY,83.33,0.01,-9.65,86.6,-0.01,1,0,339.0,87.5,153.7,3.05,0.38,48.3,,,,,10.188
28.74,CARRY,83.63,0.01,-9.65,86.75,-0.01,1,0,338.5,92.0,149.2,2.96,0.37,48.5,,,,,10.188
28.79,CARRY,83.63,0.01,-9.65,86.9,-0.01,1,0,339.0,87.5,153.7,3.05,0.38,49.7,,,,,10.25
28.85,CARRY,83.94,0.01,-9.65,87.05,-0.01,1,0,338.5,92.0,149.2,2.96,0.37,50.3,,,,,10.125
28.9,CARRY,83.94,0.01,-9.65,87.2,-0.01,1,0,339.0,87.5,153.7,3.05,0.38,48.7,,,,,10.188
28.95,CARRY,84.24,0.01,-9.65,87.35,-0.01,1,0,337.5,92.0,149.0,2.96,0.35,51.3,,,,,10.062
29.0,CARRY,84.24,0.01,-9.65,87.51,-0.01,1,0,338.0,87.5,153.6,3.05,0.36,48.3,,,,,10.188
29.05,CARRY,84.54,0.01,-9.65,87.66,-0.01,1,0,336.5,100.0,141.0,2.8,0.33,48.6,,,,,10.562
29.1,CARRY,84.54,0.01,-9.65,87.81,-0.01,1,0,337.0,95.5,145.5,2.89,0.34,50.5,,,,,10.25
29.15,CARRY,84.84,0.01,-9.65,87.97,-0.01,1,0,335.0,109.0,131.9,2.62,0.3,49.8,,,,,10.062
29.2,CARRY,84.84,0.01,-9.65,88.12,-0.01,1,0,335.5,104.5,136.4,2.71,0.31,48.8,,,,,10.125
29.25,CARRY,85.15,0.01,-9.65,88.27,-0.01,1,0,334.5,117.0,123.9,2.46,0.29,49.4,,,,,10.188
29.3,CARRY,85.15,0.01,-9.65,88.42,-0.01,1,0,335.0,112.5,128.4,2.55,0.3,48.5,,,,,10.188
29.35,CARRY,85.45,0.01,-9.65,88.57,-0.01,1,0,333.0,125.5,115.2,2.29,0.26,48.3,,,,,10.125
29.4,CARRY,85.45,0.01,-9.65,88.72,-0.01,1,0,333.5,121.0,119.8,2.38,0.27,50.4,,,,,10.125
29.45,CARRY,85.75,0.01,-9.65,88.87,-0.01,1,0,332.0,134.0,106.7,2.12,0.24,51.1,,,,,10.125
29.51,CARRY,85.75,0.01,-9.65,89.03,-0.01,1,0,333.5,129.5,111.3,2.21,0.27,47.4,,,,,10.188
29.56,CARRY,86.04,0.01,-9.65,89.18,-0.01,1,0,332.0,142.0,98.7,1.96,0.24,51.1,,,,,9.938
29.61,CARRY,86.33,0.0,-9.65,89.34,-0.01,1,0,330.0,154.0,86.6,1.72,0.2,48.4,,,,,9.938
29.66,CARRY,86.33,0.0,-9.65,89.49,-0.01,1,0,330.5,149.5,91.1,1.81,0.21,47.2,,,,,9.938
29.71,CARRY,86.6,0.0,-9.65,89.64,-0.01,1,0,329.0,161.5,79.0,1.57,0.18,50.9,,,,,9.812
29.76,CARRY,86.6,0.0,-9.65,89.79,-0.01,1,0,329.5,157.0,83.5,1.66,0.19,48.8,,,,,9.75
29.81,CARRY,86.87,0.0,-9.65,89.94,-0.01,1,0,328.0,167.5,72.9,1.45,0.16,48.3,,,,,9.125
29.86,CARRY,86.87,0.0,-9.65,90.09,-0.01,1,0,329.5,163.0,77.6,1.54,0.19,49.9,,,,,8.438
29.91,CARRY,87.12,0.0,-9.65,90.25,-0.01,1,0,328.5,174.0,66.5,1.32,0.17,48.8,,,,,6.531
29.96,CARRY,87.12,0.0,-9.65,90.4,-0.01,1,0,,,,3.516,0.375,47.6,,,,,-1.938
30.01,CARRY,87.36,-0.0,-9.64,90.55,-0.01,1,1,,,,3.472,0.368,48.3,,,,,-3.219
30.06,CARRY,87.36,-0.0,-9.64,90.7,-0.01,1,1,,,,3.546,0.375,49.6,,,,,-3.453
30.11,CARRY,87.58,-0.0,-9.64,90.85,-0.01,1,1,,,,3.51,0.369,48.3,,,,,-3.391
30.16,CARRY,87.58,-0.0,-9.64,91.0,-0.01,1,1,,,,3.585,0.377,47.8,,,,,-3.172
30.21,CARRY,87.79,-0.0,-9.64,91.15,-0.01,1,1,,,,3.556,0.371,50.6,,,,,-3.094
30.26,CARRY,87.79,-0.0,-9.64,91.3,-0.01,1,1,,,,3.633,0.378,48.9,,,,,-2.969
30.31,CARRY,87.98,-0.0,-9.64,91.45,-0.01,1,1,,,,3.611,0.373,54.2,,,,,-2.469
30.37,CARRY,87.98,-0.0,-9.64,91.62,-0.01,1,1,,,,3.692,0.381,48.5,,,,,-2.359
30.42,CARRY,88.17,-0.0,-9.64,91.77,-0.01,1,1,,,,3.674,0.377,50.4,,,,,-2.672
30.47,CARRY,88.17,-0.0,-9.64,91.92,-0.01,1,1,,,,3.751,0.384,48.8,,,,,-2.719
30.52,CARRY,88.35,-0.0,-9.64,92.07,-0.01,1,1,,,,3.733,0.382,50.8,,,,,-2.844
30.57,CARRY,88.35,-0.0,-9.64,92.23,-0.01,1,1,,,,3.809,0.389,48.3,,,,,-2.984
30.62,CARRY,88.54,-0.0,-9.64,92.38,-0.01,1,1,,,,3.789,0.387,50.0,,,,,-2.844
30.67,CARRY,88.54,-0.0,-9.64,92.53,-0.01,1,1,,,,3.864,0.395,48.5,,,,,-2.625
30.72,CARRY,88.74,-0.0,-9.64,92.68,-0.01,1,1,,,,3.84,0.394,50.0,,,,,-2.656
30.77,CARRY,88.74,-0.0,-9.64,92.83,-0.01,1,1,,,,3.915,0.402,49.3,,,,,-2.734
30.82,CARRY,88.95,-0.01,-9.64,92.98,-0.01,1,1,,,,3.882,0.402,48.6,,,,,-2.812
30.87,CARRY,88.95,-0.01,-9.64,93.13,-0.01,1,1,,,,3.956,0.409,49.4,,,,,-2.906
30.92,CARRY,89.19,-0.01,-9.64,93.28,-0.01,1,1,,,,3.914,0.409,48.9,,,,,-2.969
30.97,CARRY,89.19,-0.01,-9.64,93.43,-0.01,1,1,,,,3.978,0.415,48.0,,,,,-2.984
31.02,CARRY,89.44,-0.01,-9.64,93.58,-0.01,1,1,,,,3.934,0.412,50.1,,,,,-2.312
31.07,CARRY,89.44,-0.01,-9.64,93.74,-0.01,1,1,,,,3.978,0.416,48.1,,,,,-2.297
31.12,CARRY,89.73,-0.02,-9.64,93.89,-0.01,1,1,,,,3.945,0.41,50.2,,,,,-2.281
31.18,CARRY,89.73,-0.02,-9.64,94.04,-0.01,1,1,,,,3.979,0.414,48.3,,,,,-2.359
31.23,CARRY,90.03,-0.03,-9.64,94.19,-0.01,1,1,,,,3.943,0.406,50.0,,,,,-1.828
31.28,CARRY,90.03,-0.03,-9.64,94.34,-0.01,1,1,,,,3.979,0.409,49.4,,,,,-1.891
31.33,CARRY,90.36,-0.03,-9.65,94.5,-0.01,1,1,,,,3.932,0.4,49.8,,,,,-1.922
31.38,CARRY,90.36,-0.03,-9.65,94.65,-0.01,1,1,,,,3.979,0.405,49.3,,,,,-2.016
31.43,CARRY,90.69,-0.04,-9.65,94.8,-0.01,1,1,,,,3.913,0.395,48.7,,,,,-2.484
31.48,CARRY,90.69,-0.04,-9.65,94.95,-0.01,1,1,,,,3.98,0.402,49.0,,,,,-2.531
31.53,CARRY,91.04,-0.05,-9.65,95.1,-0.01,1,1,,,,3.887,0.391,49.0,,,,,-2.641
31.58,CARRY,91.04,-0.05,-9.65,95.25,-0.01,1,1,,,,3.961,0.398,47.7,,,,,-2.672
31.63,CARRY,91.4,-0.06,-9.65,95.4,-0.01,1,1,,,,3.857,0.387,50.5,,,,,-2.391
31.68,CARRY,91.4,-0.06,-9.65,95.55,-0.01,1,1,,,,3.934,0.395,49.5,,,,,-2.391
31.73,CARRY,91.77,-0.07,-9.65,95.7,-0.01,1,1,,,,3.827,0.384,49.1,,,,,-3.266
31.78,CARRY,91.77,-0.07,-9.65,95.85,-0.01,1,1,,,,3.901,0.391,49.6,,,,,-3.359
31.83,CARRY,92.14,-0.08,-9.65,96.01,-0.01,1,1,,,,3.792,0.381,50.0,,,,,-3.562
31.88,CARRY,92.14,-0.08,-9.65,96.16,-0.01,1,1,,,,3.867,0.388,49.3,,,,,-3.828
31.93,CARRY,92.51,-0.1,-9.65,96.31,-0.01,1,1,,,,3.756,0.377,49.4,,,,,-4.281
31.98,CARRY,92.51,-0.1,-9.65,96.46,-0.01,1,1,,,,3.831,0.385,47.7,,,,,-4.125
32.03,CARRY,92.88,-0.11,-9.65,96.61,-0.01,1,1,,,,3.719,0.374,48.8,,,,,-4.656
32.08,CARRY,92.88,-0.11,-9.65,96.76,-0.01,1,1,,,,3.793,0.382,48.8,,,,,-4.844
32.13,CARRY,93.26,-0.12,-9.65,96.91,-0.01,1,1,,,,3.681,0.371,47.7,,,,,-3.203
32.18,CARRY,93.26,-0.12,-9.65,97.06,-0.01,1,1,,,,3.755,0.378,49.6,,,,,-5.469
32.23,CARRY,93.63,-0.14,-9.65,97.21,-0.01,1,1,,,,3.641,0.368,51.5,,,,,-8.25
32.28,CARRY,93.63,-0.14,-9.65,97.37,-0.01,1,1,,,,3.719,0.375,48.8,,,,,-8.312
32.34,CARRY,94.01,-0.15,-9.65,97.52,-0.01,1,1,,,,3.608,0.364,51.5,,,,,-8.375
32.39,CARRY,94.01,-0.15,-9.65,97.68,-0.01,1,1,,,,3.685,0.372,48.1,,,,,-8.438
32.44,CARRY,94.38,-0.16,-9.65,97.83,-0.01,1,1,,,,3.574,0.362,48.5,,,,,-8.5
32.49,CARRY,94.38,-0.16,-9.65,97.98,-0.01,1,1,,,,3.649,0.369,48.0,,,,,-8.5
32.54,CARRY,94.74,-0.17,-9.65,98.13,-0.01,1,1,,,,3.54,0.359,51.2,,,,,-8.5
32.59,CARRY,94.74,-0.17,-9.65,98.28,-0.01,1,1,,,,3.617,0.366,48.8,,,,,-8.5
32.64,CARRY,95.11,-0.18,-9.65,98.43,-0.01,1,1,,,,3.508,0.356,49.9,,,,,-8.5
32.69,CARRY,95.11,-0.18,-9.65,98.59,-0.01,1,1,,,,3.583,0.363,48.0,,,,,-8.5
32.74,CARRY,95.48,-0.2,-9.65,98.74,-0.01,1,1,,,,3.475,0.353,51.5,,,,,-8.5
32.79,CARRY,95.48,-0.2,-9.65,98.89,-0.01,1,1,,,,3.553,0.36,49.1,,,,,-8.5
32.84,CARRY,95.84,-0.21,-9.65,99.04,-0.01,1,1,,,,3.446,0.35,50.7,,,,,-8.5
32.89,CARRY,95.84,-0.21,-9.65,99.2,-0.01,1,1,,,,3.522,0.358,48.3,,,,,-8.5
32.94,REGROUND,96.21,-0.22,-9.65,99.35,-0.01,1,1,,,,3.414,0.347,53.9,,,,,-8.5
33.0,REGROUND,96.21,-0.22,-9.65,99.51,-0.01,1,1,,,,3.496,0.355,2.3,,,,,
33.05,REGROUND,96.57,-0.23,-9.64,99.66,-0.01,1,1,,,,3.39,0.344,1.4,,,,,
33.1,REGROUND,96.57,-0.23,-9.64,99.81,-0.01,1,1,,,,3.464,0.352,0.8,,,,,
33.15,REGROUND,96.93,-0.24,-9.64,99.96,-0.01,1,1,,,,3.359,0.341,1.4,,,,,
33.2,REGROUND,96.93,-0.24,-9.64,100.11,-0.01,1,1,,,,3.434,0.348,0.8,,,,,
33.25,REGROUND,97.29,-0.25,-9.64,100.26,-0.01,1,1,,,,3.33,0.338,1.4,,,,,
33.3,REGROUND,97.29,-0.25,-9.64,100.41,-0.01,1,1,,,,3.404,0.345,0.9,,,,,
33.35,REGROUND,97.64,-0.26,-9.64,100.56,-0.01,1,1,,,,3.301,0.335,1.5,,,,,
33.4,REGROUND,97.64,-0.26,-9.64,100.71,-0.01,1,1,,,,3.375,0.342,0.9,,,,,
33.45,REGROUND,98.0,-0.27,-9.64,100.86,-0.01,1,1,,,,3.273,0.332,1.5,,,,,
33.5,REGROUND,98.0,-0.27,-9.64,101.01,-0.01,1,1,,,,3.348,0.339,1.0,,,,,
33.55,REGROUND,98.35,-0.28,-9.64,101.16,-0.01,1,1,,,,3.247,0.328,1.5,,,,,
33.6,REGROUND,98.35,-0.28,-9.64,101.31,-0.01,1,1,,,,3.321,0.336,0.9,,,,,
33.65,REGROUND,98.7,-0.29,-9.64,101.46,-0.01,1,1,,,,3.221,0.325,1.5,,,,,
33.7,REGROUND,98.7,-0.29,-9.64,101.61,-0.01,1,1,,,,3.295,0.333,0.9,,,,,
33.75,REGROUND,99.05,-0.29,-9.64,101.77,-0.01,1,1,,,,3.196,0.322,1.4,,,,,
33.8,REGROUND,99.05,-0.29,-9.64,101.92,-0.01,1,1,,,,3.271,0.329,0.8,,,,,
33.85,REGROUND,99.39,-0.3,-9.64,102.07,-0.01,1,1,,,,3.173,0.319,1.4,,,,,
33.9,REGROUND,99.39,-0.3,-9.64,102.22,-0.01,1,1,,,,3.247,0.326,0.8,,,,,
33.95,REGROUND,99.74,-0.31,-9.64,102.37,-0.01,1,1,,,,3.15,0.316,1.4,,,,,
34.0,REGROUND,99.74,-0.31,-9.64,102.52,-0.01,1,1,,,,3.224,0.323,0.8,,,,,
34.05,REGROUND,100.08,-0.32,-9.64,102.67,-0.01,1,1,,,,3.128,0.313,1.6,,,,,
34.1,REGROUND,100.08,-0.32,-9.64,102.82,-0.01,1,1,,,,3.203,0.32,0.9,,,,,
34.15,REGROUND,100.42,-0.33,-9.64,102.97,-0.01,1,1,,,,3.108,0.31,1.5,,,,,
34.2,REGROUND,100.42,-0.33,-9.64,103.12,-0.01,1,1,,,,3.182,0.317,0.9,,,,,
34.25,REGROUND,100.75,-0.33,-9.64,103.27,-0.01,1,1,,,,3.088,0.307,1.5,,,,,
34.3,REGROUND,100.75,-0.33,-9.64,103.42,-0.01,1,1,,,,3.163,0.314,0.9,,,,,
34.35,REGROUND,101.09,-0.34,-9.64,103.57,-0.01,1,1,,,,3.068,0.304,1.5,,,,,
34.4,REGROUND,101.09,-0.34,-9.64,103.72,-0.01,1,1,,,,3.143,0.311,0.9,,,,,
34.45,REGROUND,101.43,-0.35,-9.64,103.87,-0.01,1,1,,,,3.05,0.301,1.4,,,,,
34.5,REGROUND,101.43,-0.35,-9.64,104.02,-0.01,1,1,,,,3.124,0.309,0.9,,,,,
34.55,REGROUND,101.76,-0.36,-9.65,104.17,-0.01,1,1,,,,3.034,0.299,1.4,,,,,
34.6,REGROUND,101.76,-0.36,-9.65,104.32,-0.01,1,1,,,,3.108,0.306,0.8,,,,,
34.65,REGROUND,102.09,-0.37,-9.65,104.47,-0.01,1,1,,,,3.019,0.297,1.4,,,,,
34.7,REGROUND,102.09,-0.37,-9.65,104.62,-0.01,1,1,,,,3.093,0.304,0.8,,,,,
34.75,REGROUND,102.41,-0.37,-9.65,104.77,-0.01,1,1,,,,3.005,0.295,1.4,,,,,
34.8,REGROUND,102.41,-0.37,-9.65,104.92,-0.01,1,1,,,,3.079,0.302,0.9,,,,,
34.85,REGROUND,102.74,-0.38,-9.65,105.07,-0.01,1,1,,,,2.991,0.293,1.5,,,,,
34.9,REGROUND,102.74,-0.38,-9.65,105.22,-0.01,1,1,,,,3.065,0.3,0.9,,,,,
34.95,REGROUND,103.06,-0.39,-9.65,105.37,-0.01,1,1,,,,2.979,0.291,1.5,,,,,
35.0,REGROUND,103.06,-0.39,-9.65,105.52,-0.01,1,0,,,,3.053,0.299,0.9,,,,,
35.05,REGROUND,103.38,-0.4,-9.65,105.67,-0.01,1,0,,,,2.966,0.29,1.5,,,,,
35.1,REGROUND,103.38,-0.4,-9.65,105.82,-0.01,1,0,,,,3.04,0.297,0.9,,,,,
35.15,REGROUND,103.7,-0.41,-9.65,105.97,-0.01,1,0,,,,2.956,0.288,1.5,,,,,
35.2,REGROUND,103.7,-0.41,-9.65,106.12,-0.01,1,0,,,,3.03,0.296,2.6,,,,,
35.25,REGROUND,104.02,-0.42,-9.65,106.27,-0.01,1,0,,,,2.947,0.287,1.4,,,,,
35.3,REGROUND,104.02,-0.42,-9.65,106.42,-0.01,1,0,,,,3.021,0.295,0.8,,,,,
35.35,REGROUND,104.33,-0.42,-9.65,106.57,-0.01,1,0,,,,2.939,0.286,1.5,,,,,
35.4,REGROUND,104.33,-0.42,-9.65,106.72,-0.01,1,0,,,,3.013,0.294,0.8,,,,,
35.45,REGROUND,104.65,-0.43,-9.65,106.87,-0.01,1,0,,,,2.932,0.286,1.5,,,,,
35.5,REGROUND,104.65,-0.43,-9.65,107.02,-0.01,1,0,,,,3.006,0.293,1.0,,,,,
35.55,REGROUND,104.96,-0.44,-9.65,107.17,-0.01,1,0,,,,2.926,0.285,1.6,,,,,
35.6,REGROUND,104.96,-0.44,-9.65,107.32,-0.01,1,0,,,,3.0,0.292,0.9,,,,,
35.65,REGROUND,105.26,-0.45,-9.65,107.47,-0.01,1,0,,,,2.921,0.285,1.5,,,,,
35.7,REGROUND,105.26,-0.45,-9.65,107.62,-0.01,1,0,,,,2.995,0.292,0.9,,,,,
35.75,REGROUND,105.57,-0.46,-9.65,107.77,-0.01,1,0,,,,2.917,0.284,1.5,,,,,
35.8,REGROUND,105.57,-0.46,-9.65,107.92,-0.01,1,0,,,,2.991,0.292,0.7,,,,,
35.85,REGROUND,105.88,-0.47,-9.65,108.07,-0.01,1,0,,,,2.913,0.284,1.5,,,,,
35.9,REGROUND,105.88,-0.47,-9.65,108.22,-0.01,1,0,,,,2.987,0.291,0.8,,,,,
35.95,REGROUND,106.18,-0.48,-9.65,108.37,-0.01,1,0,,,,2.91,0.284,1.5,,,,,
36.0,REGROUND,106.18,-0.48,-9.65,108.52,-0.01,1,0,,,,2.985,0.291,0.8,,,,,
36.05,REGROUND,106.48,-0.49,-9.65,108.68,-0.01,1,0,,,,2.908,0.284,1.4,,,,,
36.1,REGROUND,106.48,-0.49,-9.65,108.83,-0.01,1,0,,,,2.982,0.292,0.8,,,,,
36.15,REGROUND,106.78,-0.5,-9.65,108.98,-0.01,1,0,,,,2.907,0.284,1.5,,,,,
36.2,REGROUND,106.78,-0.5,-9.65,109.13,-0.01,1,0,,,,2.981,0.292,0.9,,,,,
36.25,REGROUND,107.08,-0.5,-9.65,109.28,-0.01,1,0,,,,2.905,0.285,1.5,,,,,
36.3,REGROUND,107.08,-0.5,-9.65,109.43,-0.01,1,0,,,,2.98,0.292,0.8,,,,,
36.35,REGROUND,107.38,-0.51,-9.65,109.58,-0.01,1,0,,,,2.905,0.285,1.5,,,,,
36.4,REGROUND,107.38,-0.51,-9.65,109.73,-0.01,1,0,,,,2.979,0.292,0.9,,,,,
36.45,REGROUND,107.68,-0.52,-9.65,109.88,-0.01,1,0,,,,2.903,0.285,1.6,,,,,
36.5,REGROUND,107.68,-0.52,-9.65,110.03,-0.01,1,0,,,,2.978,0.292,0.9,,,,,
36.55,REGROUND,107.98,-0.53,-9.65,110.18,-0.01,1,0,,,,2.904,0.285,1.6,,,,,
36.6,REGROUND,107.98,-0.53,-9.65,110.33,-0.01,1,0,,,,2.978,0.293,0.6,,,,,
36.65,REGROUND,108.28,-0.54,-9.65,110.48,-0.01,1,0,,,,2.904,0.286,1.5,,,,,
36.7,REGROUND,108.28,-0.54,-9.65,110.63,-0.01,1,0,,,,2.978,0.293,0.8,,,,,
36.75,REGROUND,108.57,-0.55,-9.65,110.78,-0.01,1,0,,,,2.907,0.286,1.5,,,,,
36.8,REGROUND,108.57,-0.55,-9.65,110.93,-0.01,1,0,,,,2.981,0.294,0.9,,,,,
36.85,REGROUND,108.87,-0.56,-9.65,111.08,-0.01,1,0,,,,2.908,0.286,1.5,,,,,
36.91,REGROUND,108.87,-0.56,-9.65,111.23,-0.01,1,0,,,,2.982,0.294,0.9,,,,,
36.96,REGROUND,109.16,-0.57,-9.65,111.38,-0.01,1,0,,,,2.909,0.287,1.5,,,,,
37.01,REGROUND,109.16,-0.57,-9.65,111.53,-0.01,1,0,,,,2.983,0.294,0.8,,,,,
37.06,REGROUND,109.46,-0.57,-9.65,111.68,-0.01,1,0,,,,2.91,0.287,1.5,,,,,
37.11,REGROUND,109.46,-0.57,-9.65,111.83,-0.01,1,0,,,,2.984,0.294,0.8,,,,,
37.16,REGROUND,109.76,-0.58,-9.65,111.98,-0.01,1,0,,,,2.911,0.287,1.4,,,,,
37.21,REGROUND,109.76,-0.58,-9.65,112.13,-0.01,1,0,,,,2.985,0.294,0.8,,,,,
37.26,REGROUND,110.05,-0.59,-9.65,112.28,-0.01,1,0,,,,2.912,0.287,1.3,,,,,
37.31,REGROUND,110.05,-0.59,-9.65,112.43,-0.01,1,0,,,,2.986,0.295,0.8,,,,,
37.36,REGROUND,110.34,-0.6,-9.65,112.58,-0.01,1,0,,,,2.914,0.288,1.4,,,,,
37.41,REGROUND,110.64,-0.61,-9.65,112.73,-0.01,1,0,,,,2.842,0.28,1.4,,,,,
37.46,REGROUND,110.64,-0.61,-9.65,112.88,-0.01,1,0,,,,2.916,0.288,4.7,,,,,
37.51,REGROUND,110.93,-0.62,-9.65,113.03,-0.01,1,0,,,,2.844,0.281,1.6,,,,,
37.56,REGROUND,110.93,-0.62,-9.65,113.18,-0.01,1,0,,,,2.918,0.288,0.9,,,,,
37.61,REGROUND,110.93,-0.62,-9.65,113.33,-0.01,1,0,,,,2.992,0.295,0.9,,,,,
37.66,REGROUND,111.23,-0.63,-9.65,113.48,-0.01,1,0,,,,2.921,0.288,1.5,,,,,
37.71,REGROUND,111.23,-0.63,-9.65,113.63,-0.01,1,0,,,,2.995,0.295,0.8,,,,,
37.76,REGROUND,111.52,-0.63,-9.65,113.78,-0.01,1,0,,,,2.924,0.289,1.4,,,,,
37.81,REGROUND,111.52,-0.63,-9.65,113.93,-0.01,1,0,,,,2.998,0.296,0.8,,,,,
37.86,REGROUND,111.81,-0.64,-9.65,114.08,-0.01,1,0,,,,2.927,0.289,1.5,,,,,
37.91,REGROUND,111.81,-0.64,-9.65,114.23,-0.01,1,0,,,,3.001,0.297,0.8,,,,,
37.96,REGROUND,112.1,-0.65,-9.65,114.38,-0.01,1,0,,,,2.929,0.29,1.5,,,,,
38.01,REGROUND,112.39,-0.66,-9.65,114.53,-0.01,1,0,,,,2.858,0.283,1.4,,,,,
38.06,REGROUND,112.39,-0.66,-9.65,114.68,-0.01,1,0,,,,2.932,0.291,0.8,,,,,
38.11,REGROUND,112.69,-0.67,-9.65,114.83,-0.01,1,0,,,,2.86,0.284,1.4,,,,,
38.16,REGROUND,112.69,-0.67,-9.65,114.98,-0.01,1,0,,,,2.935,0.291,0.8,,,,,
38.21,REGROUND,112.98,-0.68,-9.65,115.13,-0.01,1,0,,,,2.863,0.284,1.5,,,,,
38.26,REGROUND,112.98,-0.68,-9.65,115.28,-0.01,1,0,,,,2.937,0.291,1.0,,,,,
38.31,REGROUND,112.98,-0.68,-9.65,115.44,-0.01,1,0,,,,3.011,0.299,0.9,,,,,
38.36,REGROUND,113.27,-0.69,-9.65,115.59,-0.01,1,0,,,,2.94,0.292,1.5,,,,,
38.41,REGROUND,113.27,-0.69,-9.65,115.74,-0.01,1,0,,,,3.014,0.299,0.8,,,,,
38.46,REGROUND,113.57,-0.7,-9.65,115.89,-0.01,1,0,,,,2.942,0.293,1.5,,,,,
38.51,REGROUND,113.57,-0.7,-9.65,116.04,-0.01,1,0,,,,3.016,0.3,0.9,,,,,
38.56,REGROUND,113.86,-0.7,-9.65,116.19,-0.01,1,0,,,,2.946,0.293,1.5,,,,,
38.61,REGROUND,114.15,-0.71,-9.65,116.34,-0.01,1,0,,,,2.874,0.287,1.4,,,,,
38.66,REGROUND,114.15,-0.71,-9.65,116.49,-0.01,1,0,,,,2.949,0.294,0.8,,,,,
38.71,REGROUND,114.44,-0.72,-9.65,116.64,-0.01,1,0,,,,2.878,0.287,1.4,,,,,
38.76,REGROUND,114.44,-0.72,-9.65,116.79,-0.01,1,0,,,,2.952,0.294,0.6,,,,,
38.81,REGROUND,114.73,-0.73,-9.65,116.94,-0.01,1,0,,,,2.881,0.287,1.4,,,,,
38.86,REGROUND,114.73,-0.73,-9.65,117.09,-0.01,1,0,,,,2.955,0.294,0.8,,,,,
38.91,REGROUND,114.73,-0.73,-9.65,117.24,-0.01,1,0,,,,3.029,0.302,0.8,,,,,
38.96,REGROUND,115.03,-0.74,-9.65,117.39,-0.01,1,0,,,,2.958,0.295,1.5,,,,,
39.01,REGROUND,115.03,-0.74,-9.65,117.54,-0.01,1,0,,,,3.032,0.302,0.8,,,,,
39.06,REGROUND,115.32,-0.75,-9.65,117.69,-0.01,1,0,,,,2.96,0.296,1.5,,,,,
39.11,REGROUND,115.32,-0.75,-9.65,117.84,-0.01,1,0,,,,3.034,0.303,0.8,,,,,
39.16,REGROUND,115.61,-0.75,-9.65,117.99,-0.01,1,0,,,,2.963,0.296,1.5,,,,,
39.21,REGROUND,115.91,-0.76,-9.65,118.14,-0.01,1,0,,,,2.889,0.289,1.4,,,,,
39.26,REGROUND,115.91,-0.76,-9.65,118.29,-0.01,1,0,,,,2.963,0.296,0.8,,,,,
39.31,REGROUND,116.2,-0.77,-9.65,118.44,-0.01,1,0,,,,2.89,0.289,1.4,,,,,
39.36,REGROUND,116.2,-0.77,-9.65,118.59,-0.01,1,0,,,,2.964,0.296,0.8,,,,,
39.41,REGROUND,116.5,-0.78,-9.65,118.74,-0.01,1,0,,,,2.891,0.289,1.4,,,,,
39.46,REGROUND,116.5,-0.78,-9.65,118.89,-0.01,1,0,,,,2.965,0.296,0.8,,,,,
39.51,REGROUND,116.8,-0.79,-9.65,119.04,-0.01,1,0,,,,2.892,0.288,1.4,,,,,
39.56,REGROUND,116.8,-0.79,-9.65,119.19,-0.01,1,0,,,,2.966,0.296,0.7,,,,,
39.61,REGROUND,116.8,-0.79,-9.65,119.34,-0.01,1,0,,,,3.041,0.303,0.8,,,,,
39.66,REGROUND,117.09,-0.8,-9.65,119.49,-0.01,1,0,,,,2.968,0.296,1.5,,,,,
39.71,REGROUND,117.39,-0.8,-9.65,119.64,-0.01,1,0,,,,2.895,0.289,1.4,,,,,
39.76,REGROUND,117.39,-0.8,-9.65,119.79,-0.01,1,0,,,,2.969,0.296,4.6,,,,,
39.81,REGROUND,117.68,-0.81,-9.65,119.94,-0.01,1,0,,,,2.896,0.289,1.4,,,,,
39.86,REGROUND,117.68,-0.81,-9.65,120.09,-0.01,1,0,,,,2.97,0.296,0.8,,,,,
39.91,REGROUND,117.98,-0.82,-9.65,120.24,-0.01,1,0,,,,2.897,0.288,1.5,,,,,
39.96,REGROUND,117.98,-0.82,-9.65,120.39,-0.01,1,0,,,,2.971,0.296,0.8,,,,,
40.01,REGROUND,118.28,-0.83,-9.65,120.54,-0.01,1,0,,,,2.898,0.288,1.4,,,,,
40.06,REGROUND,118.28,-0.83,-9.65,120.69,-0.01,1,0,,,,2.972,0.296,0.7,,,,,
40.11,REGROUND,118.57,-0.84,-9.65,120.84,-0.01,1,0,,,,2.899,0.288,1.4,,,,,
40.16,REGROUND,118.57,-0.84,-9.65,120.99,-0.01,1,0,,,,2.973,0.296,0.6,,,,,
40.21,REGROUND,118.87,-0.84,-9.65,121.14,-0.01,1,0,,,,2.9,0.288,1.4,,,,,
40.26,REGROUND,118.87,-0.84,-9.65,121.29,-0.01,1,0,,,,2.974,0.296,0.8,,,,,
40.31,REGROUND,119.16,-0.85,-9.65,121.44,-0.01,1,0,,,,2.901,0.288,1.3,,,,,
40.36,REGROUND,119.16,-0.85,-9.65,121.59,-0.01,1,0,,,,2.975,0.296,0.8,,,,,
40.41,REGROUND,119.46,-0.86,-9.65,121.74,-0.01,1,0,,,,2.902,0.289,1.5,,,,,
40.46,REGROUND,119.46,-0.86,-9.65,121.89,-0.01,1,0,,,,2.976,0.296,0.8,,,,,
40.51,REGROUND,119.76,-0.87,-9.65,122.04,-0.01,1,0,,,,2.902,0.289,1.6,,,,,
40.56,REGROUND,119.76,-0.87,-9.65,122.19,-0.01,1,0,,,,2.976,0.296,0.9,,,,,
40.61,REGROUND,120.05,-0.88,-9.65,122.34,-0.01,1,0,,,,2.904,0.289,1.5,,,,,
40.66,REGROUND,120.05,-0.88,-9.65,122.5,-0.01,1,0,,,,2.978,0.296,0.7,,,,,
40.71,REGROUND,120.35,-0.89,-9.65,122.65,-0.01,1,0,,,,2.905,0.289,1.4,,,,,
40.76,REGROUND,120.35,-0.89,-9.65,122.8,-0.01,1,0,,,,2.979,0.296,0.6,,,,,
40.81,REGROUND,120.64,-0.89,-9.65,122.95,-0.01,1,0,,,,2.907,0.289,1.4,,,,,
40.86,REGROUND,120.64,-0.89,-9.65,123.1,-0.01,1,0,,,,2.981,0.296,0.8,,,,,
40.91,REGROUND,120.94,-0.9,-9.65,123.25,-0.01,1,0,,,,2.908,0.289,1.4,,,,,
40.96,REGROUND,120.94,-0.9,-9.65,123.4,-0.01,1,0,,,,2.983,0.296,0.9,,,,,
41.01,REGROUND,121.23,-0.91,-9.65,123.55,-0.01,1,0,,,,2.909,0.289,1.4,,,,,
41.06,REGROUND,121.23,-0.91,-9.65,123.7,-0.01,1,0,,,,2.984,0.296,0.9,,,,,
41.11,REGROUND,121.53,-0.92,-9.65,123.85,-0.01,1,0,,,,2.91,0.289,1.5,,,,,
41.16,REGROUND,121.53,-0.92,-9.65,124.0,-0.01,1,0,,,,2.985,0.297,0.8,,,,,
41.21,REGROUND,121.83,-0.93,-9.65,124.15,-0.01,1,0,,,,2.91,0.289,1.5,,,,,
41.26,REGROUND,121.83,-0.93,-9.65,124.3,-0.01,1,0,,,,2.984,0.297,0.7,,,,,
41.31,REGROUND,122.12,-0.94,-9.65,124.45,-0.01,1,0,,,,2.911,0.289,1.5,,,,,
41.36,REGROUND,122.12,-0.94,-9.65,124.6,-0.01,1,0,,,,2.985,0.297,0.8,,,,,
41.41,REGROUND,122.42,-0.94,-9.65,124.75,-0.01,1,0,,,,2.912,0.289,1.3,,,,,
41.46,REGROUND,122.42,-0.94,-9.65,124.9,-0.01,1,0,,,,2.986,0.297,0.8,,,,,
41.51,REGROUND,122.71,-0.95,-9.65,125.05,-0.01,1,0,,,,2.913,0.289,1.3,,,,,
41.56,REGROUND,122.71,-0.95,-9.65,125.2,-0.01,1,0,,,,2.988,0.297,0.8,,,,,
41.61,REGROUND,123.01,-0.96,-9.65,125.35,-0.01,1,0,,,,2.914,0.289,1.4,,,,,
41.66,REGROUND,123.01,-0.96,-9.65,125.5,-0.01,1,0,,,,2.989,0.297,0.8,,,,,
41.71,REGROUND,123.31,-0.97,-9.65,125.65,-0.01,1,0,,,,2.916,0.289,1.5,,,,,
41.76,REGROUND,123.31,-0.97,-9.65,125.8,-0.01,1,0,,,,2.99,0.297,0.8,,,,,
41.81,REGROUND,123.6,-0.98,-9.65,125.95,-0.01,1,0,,,,2.917,0.289,1.5,,,,,
41.86,REGROUND,123.6,-0.98,-9.65,126.1,-0.01,1,0,,,,2.991,0.297,0.8,,,,,
41.91,REGROUND,123.9,-0.98,-9.65,126.25,-0.01,1,0,,,,2.918,0.289,1.5,,,,,
41.96,REGROUND,123.9,-0.98,-9.65,126.4,-0.01,1,0,,,,2.992,0.297,0.8,,,,,
42.01,REGROUND,124.19,-0.99,-9.65,126.55,-0.01,1,0,,,,2.919,0.289,1.5,,,,,
42.06,REGROUND,124.19,-0.99,-9.65,126.7,-0.01,1,0,,,,2.993,0.297,0.8,,,,,
42.11,REGROUND,124.49,-1.0,-9.65,126.85,-0.01,1,0,,,,2.92,0.289,1.3,,,,,
42.16,REGROUND,124.49,-1.0,-9.65,127.0,-0.01,1,0,,,,2.994,0.297,4.9,,,,,
42.21,REGROUND,124.79,-1.01,-9.65,127.15,-0.01,1,0,,,,2.921,0.289,1.4,,,,,
42.26,REGROUND,124.79,-1.01,-9.65,127.3,-0.01,1,0,,,,2.995,0.297,0.8,,,,,
42.31,REGROUND,125.08,-1.02,-9.65,127.45,-0.01,1,0,,,,2.922,0.289,1.4,,,,,
42.36,REGROUND,125.08,-1.02,-9.65,127.6,-0.01,1,0,,,,2.996,0.297,0.8,,,,,
42.41,REGROUND,125.38,-1.03,-9.65,127.75,-0.01,1,0,,,,2.923,0.289,1.5,,,,,
42.46,REGROUND,125.38,-1.03,-9.65,127.9,-0.01,1,0,,,,2.997,0.297,0.8,,,,,
42.51,REGROUND,125.67,-1.03,-9.65,128.05,-0.01,1,0,,,,2.924,0.29,1.6,,,,,
42.56,REGROUND,125.67,-1.03,-9.65,128.2,-0.01,1,0,,,,2.998,0.297,0.9,,,,,
42.61,REGROUND,125.97,-1.04,-9.65,128.35,-0.01,1,0,,,,2.923,0.29,1.5,,,,,
42.66,REGROUND,125.97,-1.04,-9.65,128.5,-0.01,1,0,,,,2.998,0.297,0.8,,,,,
42.71,REGROUND,126.27,-1.05,-9.65,128.65,-0.01,1,0,,,,2.924,0.29,1.5,,,,,
42.76,REGROUND,126.27,-1.05,-9.65,128.8,-0.01,1,0,,,,2.998,0.297,0.6,,,,,
42.81,REGROUND,126.57,-1.06,-9.65,128.95,-0.01,1,0,,,,2.925,0.29,1.4,,,,,
42.86,REGROUND,126.57,-1.06,-9.65,129.1,-0.01,1,0,,,,3.0,0.297,0.8,,,,,
42.91,REGROUND,126.86,-1.07,-9.65,129.25,-0.01,1,0,,,,2.928,0.29,1.4,,,,,
42.96,REGROUND,126.86,-1.07,-9.65,129.41,-0.01,1,0,,,,3.002,0.297,0.7,,,,,
43.01,REGROUND,127.15,-1.08,-9.65,129.56,-0.01,1,0,,,,2.929,0.29,1.4,,,,,
43.06,REGROUND,127.15,-1.08,-9.65,129.71,-0.01,1,0,,,,3.003,0.297,0.8,,,,,
43.11,REGROUND,127.45,-1.08,-9.65,129.86,-0.01,1,0,,,,2.93,0.29,1.3,,,,,
43.16,REGROUND,127.45,-1.08,-9.65,130.01,-0.01,1,0,,,,3.004,0.297,0.8,,,,,
43.21,REGROUND,127.75,-1.09,-9.65,130.16,-0.01,1,0,,,,2.931,0.29,1.3,,,,,
43.26,REGROUND,127.75,-1.09,-9.65,130.31,-0.01,1,0,,,,3.005,0.298,0.8,,,,,
43.31,REGROUND,128.04,-1.1,-9.65,130.46,-0.01,1,0,,,,2.931,0.29,1.5,,,,,
43.36,REGROUND,128.04,-1.1,-9.65,130.61,-0.01,1,0,,,,3.005,0.298,0.8,,,,,
43.41,REGROUND,128.34,-1.11,-9.65,130.76,-0.01,1,0,,,,2.931,0.29,1.5,,,,,
43.46,REGROUND,128.34,-1.11,-9.65,130.91,-0.01,1,0,,,,3.006,0.298,0.6,,,,,
43.51,REGROUND,128.64,-1.12,-9.65,131.06,-0.01,1,0,,,,2.932,0.29,1.5,,,,,
43.56,REGROUND,128.64,-1.12,-9.65,131.21,-0.01,1,0,,,,3.006,0.298,0.8,,,,,
43.61,REGROUND,128.94,-1.13,-9.65,131.36,-0.01,1,0,,,,2.933,0.29,1.4,,,,,
43.66,REGROUND,128.94,-1.13,-9.65,131.51,-0.01,1,0,,,,3.007,0.298,0.8,,,,,
43.71,REGROUND,129.23,-1.13,-9.65,131.66,-0.01,1,0,,,,2.933,0.29,1.4,,,,,
43.76,REGROUND,129.23,-1.13,-9.65,131.81,-0.01,1,0,,,,3.007,0.298,0.8,,,,,
43.81,REGROUND,129.53,-1.14,-9.65,131.96,-0.01,1,0,,,,2.933,0.29,1.4,,,,,
43.86,REGROUND,129.53,-1.14,-9.65,132.11,-0.01,1,0,,,,3.007,0.298,0.8,,,,,
43.92,REGROUND,129.83,-1.15,-9.65,132.26,-0.01,1,0,,,,2.933,0.29,1.5,,,,,
43.97,REGROUND,129.83,-1.15,-9.65,132.41,-0.01,1,0,,,,3.008,0.297,0.8,,,,,
44.02,REGROUND,130.13,-1.16,-9.65,132.56,-0.01,1,0,,,,2.933,0.29,1.5,,,,,
44.07,REGROUND,130.13,-1.16,-9.65,132.71,-0.01,1,0,,,,3.007,0.297,0.7,,,,,
44.12,REGROUND,130.42,-1.17,-9.65,132.86,-0.01,1,0,,,,2.933,0.29,1.5,,,,,
44.17,REGROUND,130.42,-1.17,-9.65,133.01,-0.01,1,0,,,,3.007,0.297,0.6,,,,,
44.22,REGROUND,130.72,-1.17,-9.65,133.16,-0.01,1,0,,,,2.933,0.29,1.5,,,,,
44.27,REGROUND,130.72,-1.17,-9.65,133.31,-0.01,1,0,,,,3.007,0.297,0.8,,,,,
44.32,REGROUND,131.02,-1.18,-9.65,133.46,-0.01,1,0,,,,2.933,0.289,1.4,,,,,
44.37,REGROUND,131.02,-1.18,-9.65,133.61,-0.01,1,0,,,,3.007,0.297,0.8,,,,,
44.42,REGROUND,131.32,-1.19,-9.65,133.76,-0.01,1,0,,,,2.932,0.289,1.3,,,,,
44.47,REGROUND,131.32,-1.19,-9.65,133.91,-0.01,1,0,,,,3.007,0.297,0.8,,,,,
44.52,REGROUND,131.62,-1.2,-9.65,134.06,-0.01,1,0,,,,2.932,0.289,1.4,,,,,
44.57,REGROUND,131.62,-1.2,-9.65,134.21,-0.01,1,0,,,,3.006,0.296,4.9,,,,,
44.62,REGROUND,131.92,-1.21,-9.65,134.36,-0.01,1,0,,,,2.932,0.289,1.5,,,,,
44.67,REGROUND,131.92,-1.21,-9.65,134.51,-0.01,1,0,,,,3.006,0.297,0.8,,,,,
44.72,REGROUND,132.22,-1.22,-9.65,134.66,-0.01,1,0,,,,2.93,0.289,1.5,,,,,
44.77,REGROUND,132.22,-1.22,-9.65,134.81,-0.01,1,0,,,,3.004,0.296,0.6,,,,,
44.82,REGROUND,132.52,-1.22,-9.65,134.96,-0.01,1,0,,,,2.929,0.289,1.5,,,,,
44.87,REGROUND,132.52,-1.22,-9.65,135.11,-0.01,1,0,,,,3.003,0.296,0.8,,,,,
44.92,REGROUND,132.82,-1.23,-9.65,135.26,-0.01,1,0,,,,2.928,0.289,1.5,,,,,
44.97,REGROUND,132.82,-1.23,-9.65,135.41,-0.01,1,0,,,,3.002,0.296,0.8,,,,,
45.02,REGROUND,133.12,-1.24,-9.65,135.56,-0.01,1,0,,,,2.929,0.289,1.4,,,,,
45.07,REGROUND,133.12,-1.24,-9.65,135.71,-0.01,1,0,,,,3.003,0.296,0.8,,,,,
45.12,REGROUND,133.41,-1.25,-9.65,135.86,-0.01,1,0,,,,2.928,0.289,1.5,,,,,
45.17,REGROUND,133.41,-1.25,-9.65,136.01,-0.01,1,0,,,,3.002,0.296,0.8,,,,,
45.22,REGROUND,133.71,-1.26,-9.65,136.16,-0.01,1,0,,,,2.928,0.289,1.4,,,,,
45.27,REGROUND,133.71,-1.26,-9.65,136.31,-0.01,1,0,,,,3.002,0.296,0.8,,,,,
45.32,REGROUND,134.01,-1.27,-9.65,136.46,-0.01,1,0,,,,2.928,0.289,1.3,,,,,
45.37,REGROUND,134.01,-1.27,-9.65,136.62,-0.01,1,0,,,,3.002,0.296,0.8,,,,,
45.42,REGROUND,134.31,-1.28,-9.65,136.77,-0.01,1,0,,,,2.926,0.289,1.5,,,,,
45.47,REGROUND,134.31,-1.28,-9.65,136.92,-0.01,1,0,,,,3.0,0.296,0.8,,,,,
45.52,REGROUND,134.61,-1.28,-9.65,137.07,-0.01,1,0,,,,2.926,0.289,1.5,,,,,
45.57,REGROUND,134.61,-1.28,-9.65,137.22,-0.01,1,0,,,,3.0,0.296,0.8,,,,,
45.62,REGROUND,134.91,-1.29,-9.65,137.37,-0.01,1,0,,,,2.926,0.289,1.5,,,,,
45.67,REGROUND,134.91,-1.29,-9.65,137.52,-0.01,1,0,,,,3.0,0.296,0.8,,,,,
45.72,REGROUND,135.21,-1.3,-9.65,137.67,-0.01,1,0,,,,2.926,0.289,1.4,,,,,
45.77,REGROUND,135.21,-1.3,-9.65,137.82,-0.01,1,0,,,,3.001,0.296,0.8,,,,,
45.82,REGROUND,135.5,-1.31,-9.65,137.97,-0.01,1,0,,,,2.927,0.289,1.4,,,,,
45.87,REGROUND,135.5,-1.31,-9.65,138.12,-0.01,1,0,,,,3.001,0.296,0.8,,,,,
45.92,REGROUND,135.8,-1.32,-9.65,138.27,-0.01,1,0,,,,2.927,0.289,1.4,,,,,
45.97,REGROUND,135.8,-1.32,-9.65,138.42,-0.01,1,0,,,,3.001,0.296,0.8,,,,,
46.02,REGROUND,136.1,-1.33,-9.65,138.57,-0.01,1,0,,,,2.927,0.289,1.4,,,,,
46.07,REGROUND,136.1,-1.33,-9.65,138.72,-0.01,1,0,,,,3.001,0.296,0.8,,,,,
46.12,REGROUND,136.4,-1.33,-9.65,138.87,-0.01,1,0,,,,2.927,0.289,1.3,,,,,
46.17,REGROUND,136.4,-1.33,-9.65,139.02,-0.01,1,0,,,,3.002,0.296,0.8,,,,,
46.22,REGROUND,136.69,-1.34,-9.65,139.17,-0.01,1,0,,,,2.928,0.289,1.5,,,,,
46.27,REGROUND,136.69,-1.34,-9.65,139.32,-0.01,1,0,,,,3.002,0.297,0.8,,,,,
46.32,REGROUND,136.99,-1.35,-9.65,139.47,-0.01,1,0,,,,2.928,0.289,1.5,,,,,
46.37,REGROUND,136.99,-1.35,-9.65,139.62,-0.01,1,0,,,,3.002,0.297,0.8,,,,,
46.42,REGROUND,137.29,-1.36,-9.65,139.77,-0.01,1,0,,,,2.929,0.289,1.5,,,,,
46.47,REGROUND,137.29,-1.36,-9.65,139.92,-0.01,1,0,,,,3.003,0.297,0.8,,,,,
46.52,REGROUND,137.59,-1.37,-9.65,140.07,-0.01,1,0,,,,2.929,0.289,1.6,,,,,
46.57,REGROUND,137.59,-1.37,-9.65,140.22,-0.01,1,0,,,,3.003,0.297,0.8,,,,,
46.62,REGROUND,137.88,-1.38,-9.65,140.37,-0.01,1,0,,,,2.929,0.289,1.5,,,,,
46.67,REGROUND,137.88,-1.38,-9.65,140.52,-0.01,1,0,,,,3.004,0.296,0.8,,,,,
46.72,REGROUND,138.18,-1.38,-9.65,140.67,-0.01,1,0,,,,2.93,0.289,1.3,,,,,
46.77,REGROUND,138.18,-1.38,-9.65,140.82,-0.01,1,0,,,,3.004,0.296,0.9,,,,,
46.82,REGROUND,138.48,-1.39,-9.65,140.97,-0.01,1,0,,,,2.929,0.289,1.5,,,,,
46.87,REGROUND,138.48,-1.39,-9.65,141.12,-0.01,1,0,,,,3.003,0.296,0.8,,,,,
46.92,REGROUND,138.78,-1.4,-9.65,141.27,-0.01,1,0,,,,2.929,0.289,5.5,,,,,
46.97,REGROUND,138.78,-1.4,-9.65,141.42,-0.01,1,0,,,,3.003,0.296,1.0,,,,,
47.02,REGROUND,139.08,-1.41,-9.65,141.57,-0.01,1,0,,,,2.929,0.289,1.5,,,,,
47.07,REGROUND,139.08,-1.41,-9.65,141.72,-0.01,1,0,,,,3.003,0.296,0.8,,,,,
47.12,REGROUND,139.37,-1.42,-9.65,141.87,-0.01,1,0,,,,2.93,0.289,1.5,,,,,
47.17,REGROUND,139.37,-1.42,-9.65,142.02,-0.01,1,0,,,,3.005,0.296,0.8,,,,,
47.22,REGROUND,139.67,-1.43,-9.65,142.17,-0.01,1,0,,,,2.93,0.289,1.4,,,,,
47.27,REGROUND,139.67,-1.43,-9.65,142.32,-0.01,1,0,,,,3.004,0.296,0.8,,,,,
47.32,REGROUND,139.97,-1.43,-9.65,142.47,-0.01,1,0,,,,2.93,0.289,1.4,,,,,
47.37,REGROUND,139.97,-1.43,-9.65,142.62,-0.01,1,0,,,,3.004,0.296,0.8,,,,,
47.42,REGROUND,140.27,-1.44,-9.65,142.77,-0.01,1,0,,,,2.93,0.289,1.4,,,,,
47.47,REGROUND,140.27,-1.44,-9.65,142.92,-0.01,1,0,,,,3.004,0.296,0.8,,,,,
47.52,REGROUND,140.57,-1.45,-9.65,143.07,-0.01,1,0,,,,2.928,0.289,1.5,,,,,
47.57,REGROUND,140.57,-1.45,-9.65,143.22,-0.01,1,0,,,,3.003,0.296,0.8,,,,,
47.62,REGROUND,140.86,-1.46,-9.65,143.37,-0.01,1,0,,,,2.929,0.289,1.5,,,,,
47.67,REGROUND,140.86,-1.46,-9.65,143.52,-0.01,1,0,,,,3.003,0.296,0.8,,,,,
47.72,REGROUND,141.16,-1.47,-9.65,143.67,-0.01,1,0,,,,2.929,0.289,1.5,,,,,
47.77,REGROUND,141.16,-1.47,-9.65,143.83,-0.01,1,0,,,,3.003,0.296,0.8,,,,,
47.82,REGROUND,141.46,-1.48,-9.65,143.98,-0.01,1,0,,,,2.93,0.289,1.5,,,,,
47.87,REGROUND,141.46,-1.48,-9.65,144.13,-0.01,1,0,,,,3.004,0.296,0.8,,,,,
47.92,REGROUND,141.76,-1.48,-9.65,144.28,-0.01,1,0,,,,2.93,0.289,1.2,,,,,
47.97,REGROUND,141.76,-1.48,-9.65,144.43,-0.01,1,0,,,,3.004,0.296,0.8,,,,,
48.02,REGROUND,142.05,-1.49,-9.65,144.58,-0.01,1,0,,,,2.931,0.289,1.4,,,,,
48.07,REGROUND,142.05,-1.49,-9.65,144.73,-0.01,1,0,,,,3.005,0.296,0.8,,,,,
48.12,REGROUND,142.35,-1.5,-9.65,144.88,-0.01,1,0,,,,2.932,0.289,1.3,,,,,
48.17,REGROUND,142.35,-1.5,-9.65,145.03,-0.01,1,0,,,,3.006,0.296,0.8,,,,,
48.22,REGROUND,142.65,-1.51,-9.65,145.18,-0.01,1,0,,,,2.932,0.289,1.4,,,,,
48.27,REGROUND,142.65,-1.51,-9.65,145.33,-0.01,1,0,,,,3.006,0.297,0.8,,,,,
48.32,REGROUND,142.94,-1.52,-9.65,145.48,-0.01,1,0,,,,2.933,0.289,1.5,,,,,
48.37,REGROUND,142.94,-1.52,-9.65,145.63,-0.01,1,0,,,,3.007,0.297,0.8,,,,,
48.42,REGROUND,143.24,-1.53,-9.65,145.78,-0.01,1,0,,,,2.933,0.29,1.5,,,,,
48.47,REGROUND,143.24,-1.53,-9.65,145.93,-0.01,1,0,,,,3.007,0.297,0.8,,,,,
48.52,REGROUND,143.54,-1.54,-9.65,146.08,-0.01,1,0,,,,2.934,0.29,1.6,,,,,
48.57,REGROUND,143.54,-1.54,-9.65,146.23,-0.01,1,0,,,,3.008,0.297,0.9,,,,,
48.62,REGROUND,143.83,-1.54,-9.65,146.38,-0.01,1,0,,,,2.934,0.29,1.5,,,,,
48.67,REGROUND,143.83,-1.54,-9.65,146.53,-0.01,1,0,,,,3.008,0.298,0.8,,,,,
48.72,REGROUND,144.13,-1.55,-9.65,146.68,-0.01,1,0,,,,2.934,0.291,1.4,,,,,
48.77,REGROUND,144.13,-1.55,-9.65,146.83,-0.01,1,0,,,,3.008,0.298,0.6,,,,,
48.82,REGROUND,144.43,-1.56,-9.65,146.98,-0.01,1,0,,,,2.934,0.291,1.4,,,,,
48.87,REGROUND,144.43,-1.56,-9.65,147.13,-0.01,1,0,,,,3.008,0.298,0.8,,,,,
48.92,REGROUND,144.73,-1.57,-9.65,147.28,-0.01,1,0,,,,2.933,0.29,1.6,,,,,
48.97,REGROUND,144.73,-1.57,-9.65,147.43,-0.01,1,0,,,,3.007,0.298,0.8,,,,,
49.02,REGROUND,145.03,-1.58,-9.65,147.58,-0.01,1,0,,,,2.933,0.291,1.5,,,,,
49.07,REGROUND,145.03,-1.58,-9.65,147.73,-0.01,1,0,,,,3.007,0.298,0.9,,,,,
49.12,REGROUND,145.33,-1.59,-9.65,147.88,-0.01,1,0,,,,2.933,0.291,1.4,,,,,
49.17,REGROUND,145.33,-1.59,-9.65,148.03,-0.01,1,0,,,,3.007,0.298,0.8,,,,,
49.22,REGROUND,145.62,-1.6,-9.65,148.18,-0.01,1,0,,,,2.933,0.291,1.5,,,,,
49.27,REGROUND,145.62,-1.6,-9.65,148.33,-0.01,1,0,,,,3.007,0.298,4.1,,,,,
49.32,REGROUND,145.92,-1.61,-9.65,148.48,-0.01,1,0,,,,2.933,0.291,1.5,,,,,
49.37,REGROUND,145.92,-1.61,-9.65,148.63,-0.01,1,0,,,,3.007,0.298,0.8,,,,,
49.42,REGROUND,146.22,-1.61,-9.65,148.78,-0.01,1,0,,,,2.932,0.291,1.5,,,,,
49.47,REGROUND,146.22,-1.61,-9.65,148.93,-0.01,1,0,,,,3.006,0.298,0.8,,,,,
49.52,REGROUND,146.52,-1.62,-9.65,149.08,-0.01,1,0,,,,2.932,0.291,1.4,,,,,
49.57,REGROUND,146.52,-1.62,-9.65,149.23,-0.01,1,0,,,,3.006,0.298,0.6,,,,,
49.62,REGROUND,146.82,-1.63,-9.65,149.38,-0.01,1,0,,,,2.93,0.291,1.4,,,,,
49.67,REGROUND,146.82,-1.63,-9.65,149.53,-0.01,1,0,,,,3.004,0.298,0.8,,,,,
49.72,REGROUND,147.12,-1.64,-9.65,149.68,-0.01,1,0,,,,2.93,0.29,1.4,,,,,
49.77,REGROUND,147.12,-1.64,-9.65,149.83,-0.01,1,0,,,,3.004,0.298,0.8,,,,,
49.82,REGROUND,147.42,-1.65,-9.65,149.98,-0.01,1,0,,,,2.929,0.29,1.5,,,,,
49.87,REGROUND,147.42,-1.65,-9.65,150.13,-0.01,1,0,,,,3.003,0.298,0.8,,,,,
49.92,REGROUND,147.72,-1.66,-9.65,150.28,-0.01,1,0,,,,2.929,0.29,1.5,,,,,
49.97,REGROUND,147.72,-1.66,-9.65,150.43,-0.01,1,0,,,,3.003,0.297,0.8,,,,,
50.02,REGROUND,148.02,-1.66,-9.65,150.58,-0.01,1,0,,,,2.928,0.29,1.5,,,,,
50.07,REGROUND,148.02,-1.66,-9.65,150.73,-0.01,1,0,,,,3.002,0.297,0.8,,,,,
50.12,REGROUND,148.32,-1.67,-9.65,150.88,-0.01,1,0,,,,2.928,0.29,1.3,,,,,
50.17,REGROUND,148.32,-1.67,-9.65,151.04,-0.01,1,0,,,,3.002,0.297,0.8,,,,,
50.22,REGROUND,148.62,-1.68,-9.65,151.19,-0.01,1,0,,,,2.927,0.29,1.4,,,,,
50.27,REGROUND,148.62,-1.68,-9.65,151.34,-0.01,1,0,,,,3.002,0.297,0.8,,,,,
50.32,REGROUND,148.91,-1.69,-9.65,151.49,-0.01,1,0,,,,2.927,0.289,1.5,,,,,
50.37,REGROUND,148.91,-1.69,-9.65,151.64,-0.01,1,0,,,,3.001,0.297,0.8,,,,,
50.42,REGROUND,149.21,-1.7,-9.65,151.79,-0.01,1,0,,,,2.927,0.29,1.4,,,,,
50.47,REGROUND,149.21,-1.7,-9.65,151.94,-0.01,1,0,,,,3.001,0.297,0.8,,,,,
50.52,REGROUND,149.51,-1.7,-9.65,152.09,-0.01,1,0,,,,2.927,0.289,1.6,,,,,
50.57,REGROUND,149.51,-1.7,-9.65,152.24,-0.01,1,0,,,,3.001,0.297,0.9,,,,,
50.62,REGROUND,149.81,-1.71,-9.65,152.39,-0.01,1,0,,,,2.927,0.29,1.4,,,,,
50.67,REGROUND,149.81,-1.71,-9.65,152.54,-0.01,1,0,,,,3.001,0.297,0.8,,,,,
50.72,REGROUND,150.11,-1.72,-9.65,152.69,-0.01,1,0,,,,2.927,0.289,1.3,,,,,
50.77,REGROUND,150.11,-1.72,-9.65,152.84,-0.01,1,0,,,,3.001,0.297,0.8,,,,,
50.82,REGROUND,150.4,-1.73,-9.65,152.99,-0.01,1,0,,,,2.927,0.289,1.4,,,,,
50.87,REGROUND,150.4,-1.73,-9.65,153.14,-0.01,1,0,,,,3.001,0.297,0.8,,,,,
50.92,REGROUND,150.71,-1.74,-9.65,153.29,-0.01,1,0,,,,2.926,0.289,1.4,,,,,
50.97,REGROUND,150.71,-1.74,-9.65,153.44,-0.01,1,0,,,,3.0,0.296,0.8,,,,,
51.02,REGROUND,151.0,-1.75,-9.65,153.59,-0.01,1,0,,,,2.926,0.289,1.4,,,,,
51.07,REGROUND,151.0,-1.75,-9.65,153.74,-0.01,1,0,,,,3.0,0.296,0.8,,,,,
51.12,REGROUND,151.3,-1.75,-9.65,153.89,-0.01,1,0,,,,2.926,0.289,1.2,,,,,
51.18,REGROUND,151.3,-1.75,-9.65,154.04,-0.01,1,0,,,,3.0,0.296,0.6,,,,,
51.23,REGROUND,151.6,-1.76,-9.65,154.19,-0.01,1,0,,,,2.927,0.289,1.5,,,,,
51.28,REGROUND,151.6,-1.76,-9.65,154.34,-0.01,1,0,,,,3.001,0.296,0.8,,,,,
51.33,REGROUND,151.9,-1.77,-9.65,154.49,-0.01,1,0,,,,2.927,0.289,1.5,,,,,
51.38,REGROUND,151.9,-1.77,-9.65,154.64,-0.01,1,0,,,,3.001,0.296,0.8,,,,,
51.43,REGROUND,152.19,-1.78,-9.65,154.79,-0.01,1,0,,,,2.926,0.289,1.6,,,,,
51.48,REGROUND,152.19,-1.78,-9.65,154.94,-0.01,1,0,,,,3.001,0.297,0.8,,,,,
51.53,REGROUND,152.49,-1.79,-9.65,155.09,-0.01,1,0,,,,2.926,0.289,1.6,,,,,
51.58,REGROUND,152.49,-1.79,-9.65,155.24,-0.01,1,0,,,,3.001,0.297,0.7,,,,,
51.63,REGROUND,152.79,-1.8,-9.65,155.39,-0.01,1,0,,,,2.926,0.289,5.4,,,,,
51.68,REGROUND,152.79,-1.8,-9.65,155.54,-0.01,1,0,,,,3.001,0.297,0.8,,,,,
51.73,REGROUND,153.09,-1.8,-9.65,155.69,-0.01,1,0,,,,2.925,0.289,1.5,,,,,
51.78,REGROUND,153.09,-1.8,-9.65,155.84,-0.01,1,0,,,,2.999,0.296,0.8,,,,,
51.83,REGROUND,153.39,-1.81,-9.65,155.99,-0.01,1,0,,,,2.925,0.289,1.5,,,,,
51.88,REGROUND,153.39,-1.81,-9.65,156.14,-0.01,1,0,,,,2.999,0.296,0.8,,,,,
51.93,REGROUND,153.69,-1.82,-9.65,156.29,-0.01,1,0,,,,2.925,0.289,1.3,,,,,
51.98,REGROUND,153.69,-1.82,-9.65,156.44,-0.01,1,0,,,,3.0,0.296,0.8,,,,,
52.03,REGROUND,153.98,-1.83,-9.65,156.59,-0.01,1,0,,,,2.925,0.289,1.5,,,,,
52.08,REGROUND,153.98,-1.83,-9.65,156.74,-0.01,1,0,,,,3.0,0.296,0.9,,,,,
52.13,REGROUND,154.28,-1.84,-9.65,156.89,-0.01,1,0,,,,2.926,0.289,1.5,,,,,
52.18,REGROUND,154.28,-1.84,-9.65,157.04,-0.01,1,0,,,,3.0,0.296,0.8,,,,,
52.23,REGROUND,154.58,-1.85,-9.65,157.19,-0.01,1,0,,,,2.926,0.289,1.5,,,,,
52.28,REGROUND,154.58,-1.85,-9.65,157.34,-0.01,1,0,,,,3.0,0.296,0.8,,,,,
52.33,REGROUND,154.88,-1.85,-9.65,157.49,-0.01,1,0,,,,2.926,0.289,1.5,,,,,
52.38,REGROUND,154.88,-1.85,-9.65,157.64,-0.01,1,0,,,,3.0,0.296,0.8,,,,,
52.43,REGROUND,155.18,-1.86,-9.65,157.79,-0.01,1,0,,,,2.926,0.288,1.4,,,,,
52.48,REGROUND,155.18,-1.86,-9.65,157.94,-0.01,1,0,,,,3.0,0.296,0.8,,,,,
52.53,REGROUND,155.47,-1.87,-9.65,158.1,-0.01,1,0,,,,2.926,0.288,1.5,,,,,
52.58,REGROUND,155.47,-1.87,-9.65,158.25,-0.01,1,0,,,,3.0,0.296,0.8,,,,,
52.63,REGROUND,155.77,-1.88,-9.65,158.4,-0.01,1,0,,,,2.926,0.288,1.4,,,,,
52.68,REGROUND,155.77,-1.88,-9.65,158.55,-0.01,1,0,,,,3.0,0.296,0.8,,,,,
52.73,REGROUND,156.07,-1.89,-9.65,158.7,-0.01,1,0,,,,2.926,0.288,1.5,,,,,
52.78,REGROUND,156.07,-1.89,-9.65,158.85,-0.01,1,0,,,,3.001,0.296,0.8,,,,,
52.83,REGROUND,156.37,-1.9,-9.65,159.0,-0.01,1,0,,,,2.927,0.288,1.5,,,,,
52.88,REGROUND,156.37,-1.9,-9.65,159.15,-0.01,1,0,,,,3.001,0.296,0.8,,,,,
52.93,REGROUND,156.66,-1.9,-9.65,159.3,-0.01,1,0,,,,2.927,0.288,1.6,,,,,
52.98,REGROUND,156.66,-1.9,-9.65,159.45,-0.01,1,0,,,,3.001,0.296,0.8,,,,,
53.03,REGROUND,156.96,-1.91,-9.65,159.6,-0.01,1,0,,,,2.926,0.288,1.3,,,,,
53.08,REGROUND,156.96,-1.91,-9.65,159.75,-0.01,1,0,,,,3.0,0.296,0.8,,,,,
53.13,REGROUND,157.26,-1.92,-9.65,159.9,-0.01,1,0,,,,2.927,0.288,1.3,,,,,
53.18,REGROUND,157.26,-1.92,-9.65,160.05,-0.01,1,0,,,,3.001,0.296,0.8,,,,,
53.23,REGROUND,157.56,-1.93,-9.65,160.2,-0.01,1,0,,,,2.928,0.288,1.4,,,,,
53.28,REGROUND,157.56,-1.93,-9.65,160.35,-0.01,1,0,,,,3.002,0.296,0.8,,,,,
53.33,REGROUND,157.85,-1.94,-9.65,160.5,-0.01,1,0,,,,2.93,0.288,1.4,,,,,
53.38,REGROUND,157.85,-1.94,-9.65,160.65,-0.01,1,0,,,,3.004,0.296,0.8,,,,,
53.43,REGROUND,158.15,-1.95,-9.65,160.8,-0.01,1,0,,,,2.931,0.289,1.4,,,,,
53.48,REGROUND,158.15,-1.95,-9.65,160.95,-0.01,1,0,,,,3.005,0.296,0.8,,,,,
53.53,REGROUND,158.44,-1.95,-9.65,161.1,-0.01,1,0,,,,2.932,0.289,1.6,,,,,
53.58,REGROUND,158.44,-1.95,-9.65,161.25,-0.01,1,0,,,,3.006,0.296,0.6,,,,,
53.63,REGROUND,158.74,-1.96,-9.65,161.4,-0.01,1,0,,,,2.933,0.289,1.5,,,,,
53.68,REGROUND,158.74,-1.96,-9.65,161.55,-0.01,1,0,,,,3.008,0.297,0.8,,,,,
53.73,REGROUND,159.04,-1.97,-9.65,161.7,-0.01,1,0,,,,2.933,0.29,1.5,,,,,
53.78,REGROUND,159.04,-1.97,-9.65,161.85,-0.01,1,0,,,,3.007,0.297,0.8,,,,,
53.83,REGROUND,159.33,-1.98,-9.65,162.0,-0.01,1,0,,,,2.934,0.29,1.5,,,,,
53.88,REGROUND,159.33,-1.98,-9.65,162.15,-0.01,1,0,,,,3.008,0.297,0.8,,,,,
53.93,REGROUND,159.63,-1.99,-9.65,162.3,-0.01,1,0,,,,2.935,0.29,1.3,,,,,
53.98,REGROUND,159.63,-1.99,-9.65,162.45,-0.01,1,0,,,,3.009,0.297,0.8,,,,,
54.03,REGROUND,159.92,-2.0,-9.65,162.6,-0.01,1,0,,,,2.935,0.29,4.7,,,,,
54.08,REGROUND,159.92,-2.0,-9.65,162.75,-0.01,1,0,,,,3.01,0.297,0.8,,,,,
54.13,REGROUND,160.22,-2.01,-9.65,162.9,-0.01,1,0,,,,2.936,0.29,1.3,,,,,
54.18,REGROUND,160.22,-2.01,-9.65,163.05,-0.01,1,0,,,,3.01,0.298,0.9,,,,,
54.23,REGROUND,160.52,-2.01,-9.65,163.2,-0.01,1,0,,,,2.937,0.29,1.6,,,,,
54.28,REGROUND,160.52,-2.01,-9.65,163.35,-0.01,1,0,,,,3.011,0.298,0.8,,,,,
54.33,REGROUND,160.82,-2.02,-9.65,163.5,-0.01,1,0,,,,2.937,0.29,1.5,,,,,
54.38,REGROUND,160.82,-2.02,-9.65,163.65,-0.01,1,0,,,,3.011,0.298,0.8,,,,,
54.43,REGROUND,161.11,-2.03,-9.65,163.8,-0.01,1,0,,,,2.937,0.29,1.3,,,,,
54.48,REGROUND,161.11,-2.03,-9.65,163.95,-0.01,1,0,,,,3.011,0.298,0.8,,,,,
54.53,REGROUND,161.41,-2.04,-9.65,164.1,-0.01,1,0,,,,2.937,0.29,1.5,,,,,
54.58,REGROUND,161.41,-2.04,-9.65,164.25,-0.01,1,0,,,,3.011,0.298,0.8,,,,,
54.63,REGROUND,161.71,-2.05,-9.65,164.4,-0.01,1,0,,,,2.937,0.29,1.5,,,,,
54.68,REGROUND,161.71,-2.05,-9.65,164.55,-0.01,1,0,,,,3.011,0.298,0.8,,,,,
54.73,REGROUND,162.01,-2.06,-9.65,164.7,-0.01,1,0,,,,2.937,0.29,1.4,,,,,
54.78,REGROUND,162.01,-2.06,-9.65,164.85,-0.01,1,0,,,,3.011,0.297,0.8,,,,,
54.83,REGROUND,162.31,-2.06,-9.65,165.0,-0.01,1,0,,,,2.937,0.29,1.4,,,,,
54.88,REGROUND,162.31,-2.06,-9.65,165.15,-0.01,1,0,,,,3.011,0.297,0.8,,,,,
54.93,REGROUND,162.61,-2.07,-9.65,165.31,-0.01,1,0,,,,2.936,0.29,1.5,,,,,
54.98,REGROUND,162.61,-2.07,-9.65,165.46,-0.01,1,0,,,,3.011,0.297,0.8,,,,,
55.03,REGROUND,162.9,-2.08,-9.65,165.61,-0.01,1,0,,,,2.936,0.29,1.5,,,,,
55.08,REGROUND,162.9,-2.08,-9.65,165.76,-0.01,1,0,,,,3.01,0.297,0.9,,,,,
55.13,REGROUND,163.21,-2.09,-9.65,165.91,-0.01,1,0,,,,2.934,0.29,1.3,,,,,
55.18,REGROUND,163.21,-2.09,-9.65,166.06,-0.01,1,0,,,,3.008,0.297,0.6,,,,,
55.23,REGROUND,163.51,-2.1,-9.65,166.21,-0.01,1,0,,,,2.932,0.289,1.4,,,,,
55.28,REGROUND,163.51,-2.1,-9.65,166.36,-0.01,1,0,,,,3.006,0.297,0.8,,,,,
55.33,REGROUND,163.81,-2.11,-9.65,166.51,-0.01,1,0,,,,2.931,0.289,1.4,,,,,
55.38,REGROUND,163.81,-2.11,-9.65,166.66,-0.01,1,0,,,,3.005,0.297,0.8,,,,,
55.43,REGROUND,164.11,-2.11,-9.65,166.81,-0.01,1,0,,,,2.931,0.289,1.4,,,,,
55.48,REGROUND,164.11,-2.11,-9.65,166.96,-0.01,1,0,,,,3.005,0.297,0.8,,,,,
55.53,REGROUND,164.41,-2.12,-9.65,167.11,-0.01,1,0,,,,2.93,0.289,1.5,,,,,
55.58,REGROUND,164.41,-2.12,-9.65,167.26,-0.01,1,0,,,,3.004,0.297,0.9,,,,,
55.63,REGROUND,164.71,-2.13,-9.65,167.41,-0.01,1,0,,,,2.929,0.289,1.5,,,,,
55.68,REGROUND,164.71,-2.13,-9.65,167.56,-0.01,1,0,,,,3.003,0.297,0.8,,,,,
55.73,REGROUND,165.01,-2.14,-9.65,167.71,-0.01,1,0,,,,2.928,0.29,1.5,,,,,
55.78,REGROUND,165.01,-2.14,-9.65,167.86,-0.01,1,0,,,,3.002,0.297,0.8,,,,,
55.83,REGROUND,165.31,-2.15,-9.65,168.01,-0.01,1,0,,,,2.926,0.29,1.5,,,,,
55.88,REGROUND,165.31,-2.15,-9.65,168.16,-0.01,1,0,,,,3.0,0.297,0.8,,,,,
55.93,REGROUND,165.61,-2.16,-9.65,168.31,-0.01,1,0,,,,2.926,0.29,1.5,,,,,
55.98,REGROUND,165.61,-2.16,-9.65,168.46,-0.01,1,0,,,,3.0,0.297,0.8,,,,,
56.03,REGROUND,165.91,-2.17,-9.65,168.61,-0.01,1,0,,,,2.925,0.29,1.4,,,,,
56.08,REGROUND,165.91,-2.17,-9.65,168.76,-0.01,1,0,,,,3.0,0.297,0.8,,,,,
56.13,REGROUND,166.2,-2.17,-9.65,168.91,-0.01,1,0,,,,2.925,0.289,1.4,,,,,
56.18,REGROUND,166.2,-2.17,-9.65,169.06,-0.01,1,0,,,,2.999,0.297,0.8,,,,,
56.23,REGROUND,166.5,-2.18,-9.65,169.21,-0.01,1,0,,,,2.925,0.289,1.4,,,,,
56.28,REGROUND,166.5,-2.18,-9.65,169.36,-0.01,1,0,,,,2.999,0.297,0.8,,,,,
56.33,REGROUND,166.8,-2.19,-9.65,169.51,-0.01,1,0,,,,2.925,0.289,1.5,,,,,
56.38,REGROUND,166.8,-2.19,-9.65,169.66,-0.01,1,0,,,,2.999,0.296,0.8,,,,,
56.43,REGROUND,167.1,-2.2,-9.65,169.81,-0.01,1,0,,,,2.925,0.289,5.1,,,,,
56.48,REGROUND,167.1,-2.2,-9.65,169.96,-0.01,1,0,,,,2.999,0.296,0.8,,,,,
56.53,REGROUND,167.4,-2.21,-9.65,170.11,-0.01,1,0,,,,2.925,0.289,1.6,,,,,
56.58,REGROUND,167.4,-2.21,-9.65,170.26,-0.01,1,0,,,,2.999,0.296,0.8,,,,,
56.63,REGROUND,167.7,-2.22,-9.65,170.41,-0.01,1,0,,,,2.925,0.289,1.3,,,,,
56.68,REGROUND,167.7,-2.22,-9.65,170.56,-0.01,1,0,,,,2.999,0.296,0.8,,,,,
56.73,REGROUND,167.99,-2.22,-9.65,170.71,-0.01,1,0,,,,2.925,0.289,1.5,,,,,
56.78,REGROUND,167.99,-2.22,-9.65,170.86,-0.01,1,0,,,,2.999,0.296,0.8,,,,,
56.83,REGROUND,168.29,-2.23,-9.65,171.01,-0.01,1,0,,,,2.925,0.289,1.4,,,,,
56.88,REGROUND,168.29,-2.23,-9.65,171.16,-0.01,1,0,,,,2.999,0.296,0.8,,,,,
56.93,REGROUND,168.59,-2.24,-9.65,171.31,-0.01,1,0,,,,2.925,0.289,1.4,,,,,
56.98,REGROUND,168.59,-2.24,-9.65,171.46,-0.01,1,0,,,,2.999,0.296,0.8,,,,,
57.03,REGROUND,168.89,-2.25,-9.65,171.61,-0.01,1,0,,,,2.925,0.289,1.5,,,,,
57.08,REGROUND,168.89,-2.25,-9.65,171.76,-0.01,1,0,,,,2.999,0.296,0.9,,,,,
57.13,REGROUND,169.18,-2.26,-9.65,171.91,-0.01,1,0,,,,2.925,0.289,1.5,,,,,
57.18,REGROUND,169.18,-2.26,-9.65,172.06,-0.01,1,0,,,,2.999,0.296,0.8,,,,,
57.23,REGROUND,169.48,-2.27,-9.65,172.21,-0.01,1,0,,,,2.924,0.289,1.6,,,,,
57.28,REGROUND,169.48,-2.27,-9.65,172.37,-0.01,1,0,,,,2.998,0.296,0.8,,,,,
57.33,REGROUND,169.78,-2.27,-9.65,172.52,-0.01,1,0,,,,2.925,0.289,1.5,,,,,
57.38,REGROUND,169.78,-2.27,-9.65,172.67,-0.01,1,0,,,,2.999,0.296,0.8,,,,,
57.43,REGROUND,170.08,-2.28,-9.65,172.82,-0.01,1,0,,,,2.925,0.289,1.5,,,,,
57.48,REGROUND,170.08,-2.28,-9.65,172.97,-0.01,1,0,,,,2.999,0.296,0.8,,,,,
57.53,REGROUND,170.37,-2.29,-9.65,173.12,-0.01,1,0,,,,2.926,0.289,1.5,,,,,
57.58,REGROUND,170.37,-2.29,-9.65,173.27,-0.01,1,0,,,,3.001,0.296,0.8,,,,,
57.63,REGROUND,170.67,-2.3,-9.65,173.42,-0.01,1,0,,,,2.927,0.289,1.4,,,,,
57.68,REGROUND,170.67,-2.3,-9.65,173.57,-0.01,1,0,,,,3.001,0.296,0.8,,,,,
57.73,REGROUND,170.97,-2.31,-9.65,173.72,-0.01,1,0,,,,2.927,0.289,1.5,,,,,
57.78,REGROUND,170.97,-2.31,-9.65,173.87,-0.01,1,0,,,,3.002,0.296,0.8,,,,,
57.83,REGROUND,171.27,-2.32,-9.65,174.02,-0.01,1,0,,,,2.928,0.289,1.5,,,,,
57.88,REGROUND,171.27,-2.32,-9.65,174.17,-0.01,1,0,,,,3.002,0.296,0.8,,,,,
57.93,REGROUND,171.57,-2.32,-9.65,174.32,-0.01,1,0,,,,2.927,0.289,1.5,,,,,
57.98,REGROUND,171.57,-2.32,-9.65,174.47,-0.01,1,0,,,,3.001,0.296,0.8,,,,,
58.03,REGROUND,171.86,-2.33,-9.65,174.62,-0.01,1,0,,,,2.927,0.289,1.5,,,,,
58.08,REGROUND,171.86,-2.33,-9.65,174.77,-0.01,1,0,,,,3.001,0.296,0.9,,,,,
58.13,REGROUND,172.16,-2.34,-9.65,174.92,-0.01,1,0,,,,2.927,0.289,1.3,,,,,
58.18,REGROUND,172.16,-2.34,-9.65,175.07,-0.01,1,0,,,,3.002,0.296,0.6,,,,,
58.23,REGROUND,172.46,-2.35,-9.65,175.22,-0.01,1,0,,,,2.928,0.289,1.5,,,,,
58.29,REGROUND,172.46,-2.35,-9.65,175.37,-0.01,1,0,,,,3.002,0.296,0.8,,,,,
58.34,REGROUND,172.75,-2.36,-9.65,175.52,-0.01,1,0,,,,2.928,0.289,1.4,,,,,
58.39,REGROUND,172.75,-2.36,-9.65,175.67,-0.01,1,0,,,,3.002,0.297,0.8,,,,,
58.44,REGROUND,173.05,-2.37,-9.65,175.82,-0.01,1,0,,,,2.929,0.289,1.5,,,,,
58.49,REGROUND,173.05,-2.37,-9.65,175.97,-0.01,1,0,,,,3.003,0.297,0.9,,,,,
58.54,REGROUND,173.35,-2.37,-9.65,176.12,-0.01,1,0,,,,2.929,0.289,1.6,,,,,
58.59,REGROUND,173.35,-2.37,-9.65,176.27,-0.01,1,0,,,,3.003,0.297,0.9,,,,,
58.64,REGROUND,173.65,-2.38,-9.65,176.42,-0.01,1,0,,,,2.929,0.289,1.5,,,,,
58.69,CARRY,173.65,-2.38,-9.65,176.57,-0.01,1,0,,,,3.221,1.733,275.4,,,,,
58.96,CARRY,174.54,-2.41,-9.65,177.4,-0.01,1,0,476.5,108.0,204.7,2.64,3.13,51.3,,,,,10.75
59.01,CARRY,174.83,-2.42,-9.65,177.56,-0.01,1,0,477.0,112.0,202.6,2.56,3.14,51.1,,,,,10.938
59.07,CARRY,174.83,-2.42,-9.65,177.71,-0.01,1,0,477.5,107.5,205.8,2.65,3.15,50.5,,,,,10.812
59.12,CARRY,175.13,-2.42,-9.65,177.87,-0.01,1,0,477.0,111.5,202.9,2.57,3.14,55.9,,,,,10.688
59.18,CARRY,175.13,-2.42,-9.65,178.04,-0.01,1,0,478.5,106.5,207.2,2.67,3.17,49.2,,,,,10.625
59.23,CARRY,175.43,-2.43,-9.65,178.19,-0.01,1,0,478.0,113.0,202.7,2.54,3.16,49.4,,,,,10.5
59.28,CARRY,175.43,-2.43,-9.65,178.34,-0.01,1,0,478.5,106.0,207.6,2.68,3.17,48.4,,,,,10.0
59.33,CARRY,175.73,-2.43,-9.65,178.49,-0.01,1,0,478.5,110.5,204.7,2.59,3.17,49.3,,,,,10.25
59.38,CARRY,175.73,-2.43,-9.65,178.64,-0.01,1,0,478.5,118.0,200.0,2.44,3.17,48.9,,,,,10.375
59.43,CARRY,176.02,-2.41,-9.65,178.79,-0.01,1,0,477.0,110.5,203.5,2.59,3.14,48.8,,,,,10.375
59.48,CARRY,176.02,-2.41,-9.65,178.94,-0.01,1,0,477.5,106.5,206.5,2.67,3.15,49.3,,,,,9.938
59.53,CARRY,176.32,-2.38,-9.64,179.09,-0.01,1,0,474.5,110.0,201.9,2.6,3.09,48.8,,,,,10.375
59.58,CARRY,176.32,-2.38,-9.64,179.24,-0.01,1,0,475.0,106.0,204.9,2.68,3.1,49.2,,,,,10.125
59.63,CARRY,176.61,-2.33,-9.64,179.4,-0.01,1,0,471.0,109.5,199.6,2.61,3.02,48.6,,,,,10.25
59.68,CARRY,176.61,-2.33,-9.64,179.55,-0.01,1,0,471.5,105.5,202.6,2.69,3.03,49.8,,,,,10.188
59.73,CARRY,176.91,-2.25,-9.64,179.7,-0.01,1,0,467.0,109.0,196.9,2.62,2.94,48.6,,,,,10.375
59.78,CARRY,176.91,-2.25,-9.64,179.85,-0.01,1,0,467.5,105.0,200.0,2.7,2.95,49.2,,,,,10.438
59.83,CARRY,177.21,-2.15,-9.64,180.0,-0.01,1,0,461.0,108.5,192.8,2.63,2.82,48.6,,,,,10.688
59.88,CARRY,177.21,-2.15,-9.64,180.15,-0.01,1,0,461.5,104.0,196.3,2.72,2.83,49.5,,,,,10.625
59.93,CARRY,177.5,-2.02,-9.64,180.3,-0.01,1,0,453.0,108.0,187.4,2.64,2.66,49.5,,,,,10.688
59.98,CARRY,177.5,-2.02,-9.64,180.45,-0.01,1,0,453.5,103.5,190.9,2.73,2.67,50.7,,,,,10.688
60.03,CARRY,177.8,-1.86,-9.64,180.61,-0.01,1,0,444.0,107.5,181.5,2.65,2.48,49.8,,,,,10.688
60.08,CARRY,177.8,-1.86,-9.64,180.76,-0.01,1,0,444.5,103.0,185.1,2.74,2.49,51.1,,,,,10.688
60.13,CARRY,178.1,-1.68,-9.64,180.91,-0.01,1,0,434.0,106.5,175.6,2.67,2.28,49.9,,,,,10.688
60.18,CARRY,178.1,-1.68,-9.64,181.07,-0.01,1,0,434.5,102.0,179.3,2.76,2.29,47.9,,,,,10.625
60.23,CARRY,178.4,-1.49,-9.65,181.22,-0.01,1,0,423.0,105.5,169.4,2.69,2.06,48.7,,,,,10.562
60.28,CARRY,178.4,-1.49,-9.65,181.37,-0.01,1,0,423.5,101.5,172.9,2.77,2.07,48.2,,,,,10.625
60.33,CARRY,178.7,-1.28,-9.65,181.52,-0.01,1,0,411.5,105.0,163.1,2.7,1.83,48.7,,,,,10.625
60.38,CARRY,178.7,-1.28,-9.65,181.67,-0.01,1,0,412.0,101.0,166.7,2.78,1.84,48.2,,,,,10.625
60.43,CARRY,179.0,-1.07,-9.65,181.82,-0.01,1,0,399.5,104.5,157.1,2.71,1.59,48.7,,,,,10.562
60.48,CARRY,179.0,-1.07,-9.65,181.97,-0.01,1,0,400.0,100.0,161.2,2.8,1.6,48.2,,,,,10.5
60.53,CARRY,179.3,-0.86,-9.65,182.12,-0.01,1,0,387.5,103.5,152.3,2.73,1.35,48.9,,,,,10.438
60.58,CARRY,179.3,-0.86,-9.65,182.27,-0.01,1,0,388.5,99.5,156.3,2.81,1.37,48.3,,,,,10.25
60.63,CARRY,179.61,-0.66,-9.65,182.42,-0.01,1,0,376.0,103.0,148.0,2.74,1.12,48.9,,,,,10.25
60.69,CARRY,179.61,-0.66,-9.65,182.57,-0.01,1,0,376.5,98.5,152.4,2.83,1.13,48.3,,,,,10.062
60.74,CARRY,179.9,-0.46,-9.65,182.72,-0.01,1,0,365.0,102.5,144.7,2.75,0.9,48.8,,,,,10.0
60.79,CARRY,179.9,-0.46,-9.65,182.87,-0.01,1,0,365.0,98.0,149.0,2.84,0.9,48.3,,,,,9.938
60.84,CARRY,180.2,-0.29,-9.65,183.02,-0.01,1,0,354.5,101.5,142.7,2.77,0.69,48.7,,,,,10.062
60.89,CARRY,180.2,-0.29,-9.65,183.17,-0.01,1,0,355.0,97.5,146.7,2.85,0.7,48.2,,,,,10.062
60.94,CARRY,180.5,-0.12,-9.65,183.32,-0.01,1,0,345.5,101.0,141.3,2.78,0.51,49.0,,,,,10.25
60.99,CARRY,180.5,-0.12,-9.65,183.47,-0.01,1,0,346.0,96.5,145.8,2.87,0.52,48.3,,,,,10.188
61.04,CARRY,180.8,0.02,-9.65,183.62,-0.01,1,0,337.5,100.5,140.6,2.79,0.35,48.6,,,,,10.5
61.09,CARRY,180.8,0.02,-9.65,183.77,-0.01,1,0,338.0,96.0,145.1,2.88,0.36,48.3,,,,,10.312
61.14,CARRY,181.09,0.14,-9.65,183.92,-0.01,1,0,330.5,100.0,140.4,2.8,0.21,49.0,,,,,10.312
61.19,CARRY,181.09,0.14,-9.65,184.07,-0.01,1,0,331.0,95.5,144.9,2.89,0.22,48.1,,,,,10.438
61.24,CARRY,181.39,0.25,-9.65,184.22,-0.01,1,0,324.5,99.0,141.1,2.82,0.09,48.2,,,,,10.438
61.29,CARRY,181.39,0.25,-9.65,184.37,-0.01,1,0,325.0,95.0,145.1,2.9,0.1,47.7,,,,,10.188
61.34,CARRY,181.68,0.33,-9.65,184.52,-0.01,1,0,319.5,99.0,141.0,2.82,-0.01,48.4,,,,,9.75
61.39,CARRY,181.68,0.33,-9.65,184.67,-0.01,1,0,320.0,94.5,145.5,2.91,0.0,47.9,,,,,9.562
61.44,CARRY,181.98,0.4,-9.64,184.82,-0.01,1,0,315.0,98.5,141.6,2.83,-0.1,48.2,,,,,9.438
61.49,CARRY,181.98,0.4,-9.64,184.97,-0.01,1,0,315.5,94.0,146.1,2.92,-0.09,48.3,,,,,9.312
61.54,CARRY,182.27,0.45,-9.64,185.12,-0.01,1,0,312.0,98.0,142.2,2.84,-0.16,48.6,,,,,9.188
61.59,CARRY,182.27,0.45,-9.64,185.27,-0.01,1,0,312.5,93.5,146.7,2.93,-0.15,47.9,,,,,9.188
61.64,CARRY,182.55,0.48,-9.64,185.42,-0.01,1,0,310.0,97.5,142.9,2.85,-0.2,48.2,,,,,9.062
61.69,CARRY,182.55,0.48,-9.64,185.57,-0.01,1,0,310.5,93.0,147.3,2.94,-0.19,47.9,,,,,9.062
61.74,CARRY,182.84,0.5,-9.64,185.72,-0.01,1,0,309.0,97.0,143.4,2.86,-0.22,48.4,,,,,8.875
61.79,CARRY,182.84,0.5,-9.64,185.87,-0.01,1,0,309.5,92.5,147.9,2.95,-0.21,47.8,,,,,8.938
61.84,CARRY,183.12,0.51,-9.64,186.02,-0.01,1,0,309.0,96.5,143.9,2.87,-0.22,48.3,,,,,8.875
61.89,CARRY,183.12,0.51,-9.64,186.17,-0.01,1,0,309.5,92.0,148.4,2.96,-0.21,47.8,,,,,8.875
61.94,CARRY,183.41,0.5,-9.65,186.32,-0.01,1,0,309.5,96.0,144.4,2.88,-0.21,48.4,,,,,8.938
61.99,CARRY,183.41,0.5,-9.65,186.47,-0.01,1,0,310.0,91.5,148.8,2.97,-0.2,47.9,,,,,9.062
62.04,CARRY,183.69,0.49,-9.65,186.62,-0.01,1,0,310.0,110.0,130.4,2.6,-0.2,48.3,,,,,9.0
62.09,CARRY,183.69,0.49,-9.65,186.77,-0.01,1,0,311.0,91.5,148.8,2.97,-0.18,48.5,,,,,9.0
62.14,CARRY,183.98,0.47,-9.65,186.92,-0.01,1,0,312.0,95.0,145.2,2.9,-0.16,48.9,,,,,8.938
62.19,CARRY,183.98,0.47,-9.65,187.07,-0.01,1,0,312.5,91.0,149.2,2.98,-0.15,48.0,,,,,8.875
62.24,CARRY,184.27,0.44,-9.65,187.22,-0.01,1,0,313.5,95.0,145.1,2.9,-0.13,48.2,,,,,8.875
62.29,CARRY,184.27,0.44,-9.65,187.38,-0.01,1,0,314.0,90.5,149.6,2.99,-0.12,48.1,,,,,8.938
62.34,CARRY,184.55,0.4,-9.65,187.53,-0.01,1,0,315.5,94.5,145.6,2.91,-0.09,49.8,,,,,8.812
62.39,CARRY,184.55,0.4,-9.65,187.68,-0.01,1,0,316.0,90.0,150.1,3.0,-0.08,48.3,,,,,8.812
62.44,CARRY,184.84,0.37,-9.65,187.83,-0.01,1,0,317.5,94.0,146.0,2.92,-0.05,48.4,,,,,8.875
62.49,CARRY,184.84,0.37,-9.65,187.98,-0.01,1,0,318.0,90.0,150.0,3.0,-0.04,48.1,,,,,8.875
62.54,CARRY,185.12,0.33,-9.65,188.13,-0.01,1,0,319.5,94.0,146.0,2.92,-0.01,48.3,,,,,9.0
62.59,CARRY,185.12,0.33,-9.65,188.28,-0.01,1,0,320.0,89.5,150.5,3.01,0.0,48.2,,,,,8.938
62.64,CARRY,185.41,0.29,-9.65,188.43,-0.01,1,0,322.0,93.5,146.5,2.93,0.04,48.2,,,,,8.812
62.69,CARRY,185.41,0.29,-9.65,188.58,-0.01,1,0,322.5,89.5,150.5,3.01,0.05,48.1,,,,,8.875
62.74,CARRY,185.7,0.25,-9.65,188.73,-0.01,1,0,324.5,93.5,146.6,2.93,0.09,48.2,,,,,8.938
62.79,CARRY,185.7,0.25,-9.65,188.88,-0.01,1,0,325.0,89.0,151.1,3.02,0.1,48.2,,,,,8.938
62.84,CARRY,185.98,0.21,-9.65,189.03,-0.01,1,0,326.5,93.0,147.1,2.94,0.13,48.2,,,,,9.0
62.89,CARRY,185.98,0.21,-9.65,189.18,-0.01,1,0,327.0,89.0,151.2,3.02,0.14,48.0,,,,,9.062
62.94,CARRY,186.27,0.18,-9.65,189.33,-0.01,1,0,328.5,93.0,147.2,2.94,0.17,48.4,,,,,9.125
62.99,CARRY,186.27,0.18,-9.65,189.48,-0.01,1,0,329.0,89.0,151.3,3.02,0.18,48.0,,,,,9.188
63.04,CARRY,186.56,0.14,-9.65,189.63,-0.01,1,0,330.5,93.0,147.4,2.94,0.21,48.6,,,,,9.188
63.09,CARRY,186.56,0.14,-9.65,189.78,-0.01,1,0,331.0,88.5,151.9,3.03,0.22,48.6,,,,,9.188
63.14,CARRY,186.86,0.11,-9.65,189.93,-0.01,1,0,332.5,93.0,147.5,2.94,0.25,48.6,,,,,9.125
63.19,CARRY,186.86,0.11,-9.65,190.08,-0.01,1,0,333.0,88.5,152.1,3.03,0.26,48.1,,,,,9.125
63.24,CARRY,187.15,0.08,-9.64,190.23,-0.01,1,0,334.5,92.5,148.2,2.95,0.29,48.2,,,,,9.062
63.29,CARRY,187.15,0.08,-9.64,190.38,-0.01,1,0,335.0,88.5,152.2,3.03,0.3,47.9,,,,,9.0
63.34,CARRY,187.44,0.05,-9.64,190.53,-0.01,1,0,335.5,92.5,148.3,2.95,0.31,48.2,,,,,9.0
63.39,CARRY,187.44,0.05,-9.64,190.68,-0.01,1,0,336.5,88.5,152.4,3.03,0.33,48.1,,,,,9.062
63.44,CARRY,187.74,0.03,-9.64,190.83,-0.01,1,0,337.5,92.5,148.5,2.95,0.35,48.5,,,,,8.938
63.49,CARRY,187.74,0.03,-9.64,190.98,-0.01,1,0,338.0,88.5,152.6,3.03,0.36,48.2,,,,,9.0
63.54,CARRY,188.04,0.01,-9.64,191.13,-0.01,1,0,338.5,92.5,148.7,2.95,0.37,48.3,,,,,9.0
63.59,CARRY,188.04,0.01,-9.64,191.28,-0.01,1,0,339.0,88.5,152.7,3.03,0.38,48.1,,,,,9.0
63.64,CARRY,188.33,-0.01,-9.64,191.43,-0.01,1,0,339.5,92.5,148.8,2.95,0.39,48.4,,,,,8.938
63.69,CARRY,188.33,-0.01,-9.64,191.58,-0.01,1,0,340.0,88.0,153.3,3.04,0.4,48.0,,,,,8.875
63.74,CARRY,188.63,-0.02,-9.64,191.73,-0.01,1,0,340.5,92.5,148.9,2.95,0.41,48.6,,,,,8.938
63.79,CARRY,188.63,-0.02,-9.64,191.88,-0.01,1,0,341.0,88.0,153.4,3.04,0.42,49.8,,,,,9.062
63.84,CARRY,188.92,-0.04,-9.64,192.03,-0.01,1,0,341.5,92.0,149.6,2.96,0.43,47.8,,,,,8.875
63.89,CARRY,188.92,-0.04,-9.64,192.19,-0.01,1,0,342.0,88.0,153.6,3.04,0.44,52.4,,,,,9.0
63.94,CARRY,189.22,-0.05,-9.64,192.35,-0.01,1,0,341.5,92.0,149.6,2.96,0.43,48.9,,,,,8.75
63.99,CARRY,189.22,-0.05,-9.64,192.5,-0.01,1,0,342.0,87.5,154.1,3.05,0.44,47.6,,,,,8.875
64.04,CARRY,189.52,-0.05,-9.64,192.65,-0.01,1,0,342.5,92.0,149.7,2.96,0.45,48.3,,,,,8.75
64.09,CARRY,189.52,-0.05,-9.64,192.8,-0.01,1,0,343.0,87.5,154.2,3.05,0.46,48.1,,,,,8.75
64.14,CARRY,189.82,-0.06,-9.64,192.95,-0.01,1,0,342.5,92.0,149.7,2.96,0.45,49.1,,,,,8.625
64.19,CARRY,189.82,-0.06,-9.64,193.1,-0.01,1,0,343.0,87.5,154.2,3.05,0.46,47.6,,,,,8.688
64.24,CARRY,190.12,-0.06,-9.64,193.25,-0.01,1,0,342.5,92.0,149.7,2.96,0.45,48.5,,,,,8.688
64.29,CARRY,190.12,-0.06,-9.64,193.4,-0.01,1,0,343.5,87.5,154.3,3.05,0.47,47.6,,,,,8.688
64.34,CARRY,190.42,-0.07,-9.64,193.55,-0.01,1,0,343.0,92.0,149.8,2.96,0.46,48.4,,,,,8.688
64.39,CARRY,190.42,-0.07,-9.64,193.7,-0.01,1,0,343.5,87.5,154.3,3.05,0.47,49.3,,,,,8.688
64.44,CARRY,190.73,-0.07,-9.64,193.85,-0.01,1,0,343.0,92.0,149.8,2.96,0.46,48.7,,,,,8.75
64.49,CARRY,190.73,-0.07,-9.64,194.0,-0.01,1,0,344.0,88.0,153.9,3.04,0.48,47.6,,,,,8.688
64.54,CARRY,191.03,-0.07,-9.64,194.15,-0.01,1,0,343.0,92.0,149.8,2.96,0.46,52.2,,,,,8.438
64.6,CARRY,191.03,-0.07,-9.64,194.31,-0.01,1,0,344.0,87.5,154.4,3.05,0.48,50.1,,,,,8.5
64.65,CARRY,191.33,-0.07,-9.64,194.46,-0.01,1,0,343.0,92.0,149.8,2.96,0.46,49.8,,,,,9.0
64.7,CARRY,191.33,-0.07,-9.64,194.61,-0.01,1,0,344.0,87.5,154.4,3.05,0.48,51.8,,,,,8.812
64.75,CARRY,191.63,-0.07,-9.64,194.77,-0.01,1,0,343.0,91.5,150.3,2.97,0.46,51.4,,,,,9.125
64.81,CARRY,191.63,-0.07,-9.64,194.93,-0.01,1,0,344.0,109.5,132.7,2.61,0.48,50.5,,,,,9.0
64.86,CARRY,191.94,-0.07,-9.64,195.08,-0.01,1,0,343.0,118.0,124.1,2.44,0.46,50.0,,,,,9.25
64.91,CARRY,191.94,-0.07,-9.64,195.24,-0.01,1,0,344.0,87.0,154.9,3.06,0.48,50.8,,,,,9.25
64.96,CARRY,192.24,-0.06,-9.64,195.39,-0.01,1,0,343.0,91.0,150.8,2.98,0.46,51.0,,,,,9.312
65.01,CARRY,192.55,-0.06,-9.64,195.55,-0.01,1,0,342.0,95.5,146.2,2.89,0.44,51.1,,,,,9.25
65.06,CARRY,192.55,-0.06,-9.64,195.71,-0.01,1,0,342.5,91.0,150.7,2.98,0.45,49.6,,,,,9.25
65.11,CARRY,192.85,-0.06,-9.64,195.86,-0.01,1,0,342.0,95.0,146.7,2.9,0.44,51.6,,,,,9.25
65.17,CARRY,192.85,-0.06,-9.64,196.02,-0.01,1,0,342.0,90.5,151.1,2.99,0.44,49.8,,,,,9.125
65.22,CARRY,193.14,-0.05,-9.64,196.17,-0.01,1,0,342.0,95.0,146.7,2.9,0.44,50.8,,,,,8.938
65.27,CARRY,193.14,-0.05,-9.64,196.32,-0.01,1,0,342.0,90.5,151.1,2.99,0.44,51.1,,,,,8.812
65.32,CARRY,193.44,-0.05,-9.64,196.48,-0.01,1,0,342.0,94.5,147.2,2.91,0.44,49.4,,,,,8.875
65.37,CARRY,193.44,-0.05,-9.64,196.63,-0.01,1,0,342.0,90.0,151.6,3.0,0.44,48.5,,,,,8.938
65.42,CARRY,193.74,-0.04,-9.64,196.78,-0.01,1,0,341.5,94.0,147.6,2.92,0.43,49.3,,,,,8.938
65.47,CARRY,193.74,-0.04,-9.64,196.93,-0.01,1,0,342.0,90.0,151.6,3.0,0.44,47.7,,,,,8.938
65.52,CARRY,194.04,-0.04,-9.64,197.08,-0.01,1,0,340.5,94.0,147.4,2.92,0.41,49.4,,,,,9.062
65.57,CARRY,194.04,-0.04,-9.64,197.23,-0.01,1,0,341.0,90.0,151.5,3.0,0.42,51.1,,,,,9.125
65.63,CARRY,194.34,-0.03,-9.64,197.39,-0.01,1,0,340.5,94.0,147.4,2.92,0.41,48.9,,,,,9.125
65.68,CARRY,194.34,-0.03,-9.64,197.54,-0.01,1,0,341.0,89.5,152.0,3.01,0.42,51.0,,,,,9.062
65.73,CARRY,194.63,-0.03,-9.64,197.7,-0.01,1,0,340.5,93.5,147.9,2.93,0.41,49.2,,,,,9.125
65.78,CARRY,194.63,-0.03,-9.64,197.85,-0.01,1,0,341.0,89.5,152.0,3.01,0.42,47.8,,,,,9.125
65.83,CARRY,194.93,-0.03,-9.64,198.0,-0.01,1,0,340.5,93.5,147.9,2.93,0.41,50.9,,,,,9.188
65.88,CARRY,194.93,-0.03,-9.64,198.15,-0.01,1,0,341.0,89.0,152.5,3.02,0.42,47.6,,,,,9.0
65.93,CARRY,195.23,-0.02,-9.65,198.3,-0.01,1,0,340.0,93.0,148.4,2.94,0.4,50.3,,,,,9.25
65.98,CARRY,195.23,-0.02,-9.65,198.46,-0.01,1,0,341.0,98.5,143.0,2.83,0.42,47.2,,,,,9.188
66.03,CARRY,195.53,-0.02,-9.65,198.61,-0.01,1,0,340.0,107.0,134.5,2.66,0.4,51.2,,,,,9.25
66.08,CARRY,195.53,-0.02,-9.65,198.76,-0.01,1,0,340.5,88.5,152.9,3.03,0.41,49.3,,,,,9.188
66.13,CARRY,195.83,-0.01,-9.65,198.92,-0.01,1,0,339.5,93.0,148.3,2.94,0.39,49.2,,,,,9.188
66.18,CARRY,195.83,-0.01,-9.65,199.07,-0.01,1,0,340.0,88.5,152.8,3.03,0.4,51.5,,,,,9.062
66.24,CARRY,196.13,-0.01,-9.65,199.22,-0.01,1,0,339.5,92.5,148.8,2.95,0.39,49.2,,,,,9.125
66.29,CARRY,196.13,-0.01,-9.65,199.38,-0.01,1,0,340.0,88.5,152.8,3.03,0.4,48.1,,,,,9.125
66.34,CARRY,196.43,-0.01,-9.65,199.53,-0.01,1,0,339.5,92.5,148.8,2.95,0.39,51.8,,,,,9.188
66.39,CARRY,196.43,-0.01,-9.65,199.68,-0.01,1,0,340.0,88.0,153.3,3.04,0.4,48.7,,,,,9.062
66.44,CARRY,196.72,-0.0,-9.65,199.83,-0.01,1,0,339.5,92.0,149.3,2.96,0.39,49.2,,,,,9.25
66.49,CARRY,196.72,-0.0,-9.65,199.98,-0.01,1,0,340.0,88.0,153.3,3.04,0.4,48.8,,,,,9.312
66.54,CARRY,197.02,-0.0,-9.65,200.14,-0.01,1,0,339.0,92.0,149.2,2.96,0.38,48.7,,,,,9.125
66.59,CARRY,197.02,-0.0,-9.65,200.29,-0.01,1,0,340.0,87.5,153.8,3.05,0.4,48.6,,,,,9.25
66.64,CARRY,197.31,0.0,-9.65,200.44,-0.01,1,0,339.0,92.0,149.2,2.96,0.38,49.0,,,,,9.125
66.69,CARRY,197.31,0.0,-9.65,200.59,-0.01,1,0,339.5,87.5,153.7,3.05,0.39,48.7,,,,,9.25
66.74,CARRY,197.61,0.01,-9.65,200.74,-0.01,1,0,338.5,91.5,149.6,2.97,0.37,49.3,,,,,9.25
66.79,CARRY,197.61,0.01,-9.65,200.89,-0.01,1,0,339.5,87.5,153.7,3.05,0.39,48.1,,,,,9.375
66.84,CARRY,197.91,0.01,-9.65,201.04,-0.01,1,0,338.5,91.5,149.6,2.97,0.37,48.4,,,,,9.312
66.89,CARRY,197.91,0.01,-9.65,201.19,-0.01,1,0,339.0,87.5,153.7,3.05,0.38,48.1,,,,,9.312
66.94,CARRY,198.21,0.01,-9.65,201.34,-0.01,1,0,338.5,91.5,149.6,2.97,0.37,48.6,,,,,9.188
66.99,CARRY,198.21,0.01,-9.65,201.49,-0.01,1,0,339.0,87.5,153.7,3.05,0.38,48.0,,,,,9.188
67.04,CARRY,198.51,0.01,-9.65,201.64,-0.01,1,0,338.5,91.5,149.6,2.97,0.37,48.4,,,,,9.188
67.09,CARRY,198.51,0.01,-9.65,201.79,-0.01,1,0,339.0,87.5,153.7,3.05,0.38,48.4,,,,,9.125
67.14,CARRY,198.81,0.02,-9.65,201.94,-0.01,1,0,338.5,91.5,149.6,2.97,0.37,49.3,,,,,9.188
67.19,CARRY,198.81,0.02,-9.65,202.09,-0.01,1,0,339.0,87.5,153.7,3.05,0.38,48.4,,,,,9.062
67.24,CARRY,199.11,0.02,-9.65,202.24,-0.01,1,0,338.5,91.5,149.6,2.97,0.37,48.5,,,,,9.125
67.29,CARRY,199.11,0.02,-9.65,202.39,-0.01,1,0,339.0,95.0,146.2,2.9,0.38,47.7,,,,,9.062
67.34,CARRY,199.42,0.02,-9.65,202.54,-0.01,1,0,338.0,103.0,138.2,2.74,0.36,48.4,,,,,9.125
67.39,CARRY,199.42,0.02,-9.65,202.69,-0.01,1,0,339.0,87.5,153.7,3.05,0.38,47.6,,,,,9.062
67.44,CARRY,199.72,0.02,-9.65,202.84,-0.01,1,0,338.0,110.5,130.7,2.59,0.36,50.6,,,,,8.75
67.49,CARRY,199.72,0.02,-9.65,203.0,-0.01,1,0,338.5,87.5,153.6,3.05,0.37,48.1,,,,,8.938
67.54,CARRY,200.02,0.02,-9.65,203.15,-0.01,1,0,338.0,91.5,149.6,2.97,0.36,49.1,,,,,8.812
67.59,CARRY,200.02,0.02,-9.65,203.3,-0.01,1,0,338.5,87.5,153.6,3.05,0.37,47.5,,,,,8.75
67.64,CARRY,200.32,0.02,-9.65,203.45,-0.01,1,0,338.0,91.5,149.6,2.97,0.36,48.7,,,,,8.75
67.69,CARRY,200.32,0.02,-9.65,203.6,-0.01,1,0,338.5,87.5,153.6,3.05,0.37,47.7,,,,,8.688
67.74,CARRY,200.62,0.02,-9.65,203.75,-0.01,1,0,338.0,91.5,149.6,2.97,0.36,51.4,,,,,8.812
67.8,CARRY,200.62,0.02,-9.65,203.9,-0.01,1,0,338.5,87.0,154.1,3.06,0.37,47.9,,,,,8.75
67.85,CARRY,200.91,0.02,-9.65,204.05,-0.01,1,0,338.0,91.0,150.1,2.98,0.36,49.0,,,,,8.688
67.9,CARRY,200.91,0.02,-9.65,204.2,-0.01,1,0,338.5,87.0,154.1,3.06,0.37,47.9,,,,,8.625
67.95,CARRY,201.21,0.03,-9.65,204.35,-0.01,1,0,338.0,91.0,150.1,2.98,0.36,48.9,,,,,8.688
68.0,CARRY,201.21,0.03,-9.65,204.5,-0.01,1,0,338.5,87.0,154.1,3.06,0.37,47.8,,,,,8.688
68.05,CARRY,201.51,0.03,-9.65,204.65,-0.01,1,0,337.5,91.0,150.0,2.98,0.35,48.8,,,,,8.75
68.1,CARRY,201.51,0.03,-9.65,204.8,-0.01,1,0,338.5,86.5,154.6,3.07,0.37,48.1,,,,,8.812
68.15,CARRY,201.81,0.03,-9.65,204.95,-0.01,1,0,337.5,91.0,150.0,2.98,0.35,49.3,,,,,8.938
68.2,CARRY,201.81,0.03,-9.65,205.11,-0.01,1,0,338.5,86.5,154.6,3.07,0.37,49.7,,,,,8.938
68.25,CARRY,202.11,0.03,-9.65,205.26,-0.01,1,0,337.5,91.0,150.0,2.98,0.35,48.4,,,,,8.875
68.3,CARRY,202.11,0.03,-9.65,205.41,-0.01,1,0,338.5,86.5,154.6,3.07,0.37,49.6,,,,,8.938
68.35,CARRY,202.41,0.03,-9.65,205.56,-0.01,1,0,337.5,91.0,150.0,2.98,0.35,49.0,,,,,8.875
68.4,CARRY,202.41,0.03,-9.65,205.71,-0.01,1,0,338.5,86.5,154.6,3.07,0.37,47.5,,,,,8.875
68.45,CARRY,202.71,0.03,-9.65,205.86,-0.01,1,0,337.5,91.0,150.0,2.98,0.35,48.8,,,,,8.875
68.5,CARRY,202.71,0.03,-9.65,206.01,-0.01,1,0,338.5,86.5,154.6,3.07,0.37,47.8,,,,,8.75
68.55,CARRY,203.01,0.03,-9.65,206.16,-0.01,1,0,338.0,91.0,150.1,2.98,0.36,48.8,,,,,8.625
68.6,CARRY,203.01,0.03,-9.65,206.31,-0.01,1,0,338.5,86.5,154.6,3.07,0.37,49.5,,,,,8.625
68.65,CARRY,203.32,0.02,-9.65,206.46,-0.01,1,0,338.0,91.0,150.1,2.98,0.36,48.8,,,,,8.875
68.7,CARRY,203.32,0.02,-9.65,206.61,-0.01,1,0,338.5,100.0,141.2,2.8,0.37,47.8,,,,,8.812
68.75,CARRY,203.62,0.02,-9.65,206.76,-0.01,1,0,338.0,109.5,131.7,2.61,0.36,48.8,,,,,9.0
68.8,CARRY,203.62,0.02,-9.65,206.91,-0.01,1,0,338.5,87.0,154.1,3.06,0.37,47.8,,,,,8.938
68.85,CARRY,203.92,0.02,-9.65,207.06,-0.01,1,0,338.0,91.0,150.1,2.98,0.36,48.5,,,,,8.875
68.9,CARRY,203.92,0.02,-9.65,207.21,-0.01,1,0,338.5,87.0,154.1,3.06,0.37,47.2,,,,,8.75
68.95,CARRY,204.22,0.02,-9.65,207.36,-0.01,1,0,338.0,91.0,150.1,2.98,0.36,53.2,,,,,8.812
69.0,CARRY,204.22,0.02,-9.65,207.53,-0.01,1,0,338.5,86.5,154.6,3.07,0.37,52.2,,,,,8.75
69.06,CARRY,204.52,0.02,-9.65,207.69,-0.01,1,0,338.0,90.5,150.6,2.99,0.36,49.5,,,,,8.812
69.11,CARRY,204.52,0.02,-9.65,207.84,-0.01,1,0,338.5,86.0,155.1,3.08,0.37,50.8,,,,,8.75
69.16,CARRY,204.82,0.02,-9.65,207.99,-0.01,1,0,338.0,90.0,151.1,3.0,0.36,48.0,,,,,8.75
69.21,CARRY,205.11,0.02,-9.65,208.14,-0.01,1,0,338.0,94.0,147.1,2.92,0.36,48.5,,,,,8.5
69.26,CARRY,205.11,0.02,-9.65,208.29,-0.01,1,0,338.0,90.0,151.1,3.0,0.36,47.6,,,,,8.375
69.31,CARRY,205.41,0.02,-9.65,208.44,-0.01,1,0,338.0,94.0,147.1,2.92,0.36,48.6,,,,,8.75
69.36,CARRY,205.41,0.02,-9.65,208.59,-0.01,1,0,338.0,90.0,151.1,3.0,0.36,47.6,,,,,8.688
69.41,CARRY,205.71,0.02,-9.65,208.74,-0.01,1,0,338.0,94.5,146.6,2.91,0.36,48.6,,,,,9.0
69.46,CARRY,205.71,0.02,-9.65,208.89,-0.01,1,0,338.0,90.0,151.1,3.0,0.36,47.6,,,,,8.875
69.51,CARRY,205.71,0.02,-9.65,209.04,-0.01,1,0,338.5,85.5,155.6,3.09,0.37,48.7,,,,,9.0
69.56,CARRY,206.01,0.02,-9.65,209.19,-0.01,1,0,338.0,90.0,151.1,3.0,0.36,49.1,,,,,9.0
69.61,CARRY,206.01,0.02,-9.65,209.34,-0.01,1,0,338.5,85.5,155.6,3.09,0.37,48.8,,,,,9.062
69.66,CARRY,206.31,0.02,-9.65,209.49,-0.01,1,0,338.0,90.0,151.1,3.0,0.36,48.9,,,,,8.875
69.71,CARRY,206.61,0.01,-9.65,209.64,-0.01,1,0,337.5,94.5,146.5,2.91,0.35,48.6,,,,,8.812
69.76,CARRY,206.61,0.01,-9.65,209.79,-0.01,1,0,338.0,90.0,151.1,3.0,0.36,48.9,,,,,8.75
69.81,CARRY,206.91,0.01,-9.65,209.95,-0.01,1,0,338.0,94.5,146.6,2.91,0.36,50.7,,,,,8.75
69.86,CARRY,206.91,0.01,-9.65,210.1,-0.01,1,0,338.5,90.0,151.1,3.0,0.37,53.1,,,,,8.625
69.92,CARRY,207.22,0.01,-9.65,210.26,-0.01,1,0,338.5,94.0,147.2,2.92,0.37,48.3,,,,,8.562
69.97,CARRY,207.22,0.01,-9.65,210.41,-0.01,1,0,338.5,98.0,143.2,2.84,0.37,50.4,,,,,8.438
70.02,CARRY,207.51,0.01,-9.65,210.57,-0.01,1,0,338.0,106.5,134.7,2.67,0.36,50.4,,,,,8.562
70.07,CARRY,207.51,0.01,-9.65,210.72,-0.01,1,0,338.5,89.5,151.6,3.01,0.37,49.4,,,,,8.375
70.12,CARRY,207.82,0.01,-9.65,210.87,-0.01,1,0,338.0,114.5,126.8,2.51,0.36,51.7,,,,,8.375
70.17,CARRY,207.82,0.01,-9.65,211.03,-0.01,1,0,339.0,89.0,152.2,3.02,0.38,49.0,,,,,8.312
70.22,CARRY,208.11,0.01,-9.65,211.18,-0.01,1,0,338.5,93.5,147.7,2.93,0.37,49.9,,,,,8.625
70.27,CARRY,208.11,0.01,-9.65,211.33,-0.01,1,0,339.0,89.0,152.2,3.02,0.38,48.0,,,,,8.688
70.32,CARRY,208.41,0.01,-9.65,211.48,-0.01,1,0,338.5,93.0,148.2,2.94,0.37,51.3,,,,,8.812
70.38,CARRY,208.41,0.01,-9.65,211.64,-0.01,1,0,339.0,88.5,152.7,3.03,0.38,48.3,,,,,8.812
70.43,CARRY,208.71,0.01,-9.65,211.79,-0.01,1,0,338.5,93.0,148.2,2.94,0.37,50.6,,,,,8.938
70.48,CARRY,208.71,0.01,-9.65,211.95,-0.01,1,0,339.0,88.5,152.7,3.03,0.38,51.2,,,,,8.875
70.53,CARRY,209.0,0.01,-9.65,212.1,-0.01,1,0,338.5,92.5,148.7,2.95,0.37,48.7,,,,,9.0
70.58,CARRY,209.0,0.01,-9.65,212.25,-0.01,1,0,339.0,88.0,153.2,3.04,0.38,48.5,,,,,9.0
70.63,CARRY,209.29,0.01,-9.65,212.4,-0.01,1,0,338.5,92.0,149.2,2.96,0.37,49.2,,,,,9.0
70.68,CARRY,209.29,0.01,-9.65,212.55,-0.01,1,0,339.0,88.0,153.2,3.04,0.38,48.3,,,,,9.0
70.73,CARRY,209.59,0.01,-9.65,212.7,-0.01,1,0,338.5,92.0,149.2,2.96,0.37,51.8,,,,,9.062
70.78,CARRY,209.59,0.01,-9.65,212.86,-0.01,1,0,339.5,87.5,153.7,3.05,0.39,48.9,,,,,9.188
70.83,CARRY,209.88,0.0,-9.65,213.01,-0.01,1,0,339.0,91.5,149.7,2.97,0.38,50.8,,,,,9.188
70.88,CARRY,209.88,0.0,-9.65,213.17,-0.01,1,0,339.5,87.0,154.2,3.06,0.39,49.2,,,,,9.125
70.94,CARRY,210.18,0.0,-9.65,213.32,-0.01,1,0,339.0,91.5,149.7,2.97,0.38,48.9,,,,,9.125
70.99,CARRY,210.18,0.0,-9.65,213.47,-0.01,1,0,340.0,87.0,154.3,3.06,0.4,49.3,,,,,9.062
71.04,CARRY,210.48,0.0,-9.65,213.62,-0.01,1,0,339.0,91.0,150.2,2.98,0.38,51.3,,,,,9.125
71.09,CARRY,210.48,0.0,-9.65,213.78,-0.01,1,0,339.5,86.5,154.7,3.07,0.39,48.7,,,,,9.062
71.14,CARRY,210.78,0.0,-9.65,213.93,-0.01,1,0,339.5,91.0,150.3,2.98,0.39,50.9,,,,,9.125
71.19,CARRY,210.78,0.0,-9.65,214.08,-0.01,1,0,339.5,86.5,154.7,3.07,0.39,50.2,,,,,9.0
71.24,CARRY,211.08,0.0,-9.65,214.24,-0.01,1,0,339.0,92.5,148.7,2.95,0.38,49.5,,,,,9.062
71.29,CARRY,211.08,0.0,-9.65,214.39,-0.01,1,0,339.5,94.5,146.8,2.91,0.39,47.6,,,,,9.125
71.34,CARRY,211.38,0.0,-9.65,214.54,-0.01,1,0,339.0,90.5,150.7,2.99,0.38,49.4,,,,,9.062
71.39,CARRY,211.38,0.0,-9.65,214.69,-0.01,1,0,339.5,86.5,154.7,3.07,0.39,50.0,,,,,8.875
71.44,CARRY,211.68,0.0,-9.65,214.84,-0.01,1,0,339.0,110.5,130.9,2.59,0.38,48.1,,,,,8.875
71.49,CARRY,211.68,0.0,-9.65,214.99,-0.01,1,0,339.5,86.5,154.7,3.07,0.39,47.4,,,,,9.125
71.54,CARRY,211.98,0.0,-9.65,215.14,-0.01,1,0,339.0,90.5,150.7,2.99,0.38,48.7,,,,,9.062
71.59,CARRY,211.98,0.0,-9.65,215.29,-0.01,1,0,339.5,86.5,154.7,3.07,0.39,47.6,,,,,9.062
71.64,CARRY,212.28,0.0,-9.65,215.44,-0.01,1,0,339.0,90.5,150.7,2.99,0.38,48.6,,,,,9.062
71.69,CARRY,212.28,0.0,-9.65,215.59,-0.01,1,0,339.5,86.5,154.7,3.07,0.39,47.5,,,,,9.125
71.74,CARRY,212.59,0.01,-9.65,215.74,-0.01,1,0,339.0,90.5,150.7,2.99,0.38,49.5,,,,,9.125
71.79,CARRY,212.59,0.01,-9.65,215.9,-0.01,1,0,339.5,86.5,154.7,3.07,0.39,47.2,,,,,9.125
71.84,CARRY,212.89,0.01,-9.65,216.05,-0.01,1,0,339.0,91.0,150.2,2.98,0.38,48.6,,,,,9.188
71.89,CARRY,212.89,0.01,-9.65,216.2,-0.01,1,0,339.5,86.5,154.7,3.07,0.39,47.4,,,,,9.125
71.94,CARRY,213.19,0.01,-9.65,216.35,-0.01,1,0,339.0,91.0,150.2,2.98,0.38,48.9,,,,,9.125
71.99,CARRY,213.19,0.01,-9.65,216.5,-0.01,1,0,339.5,86.5,154.7,3.07,0.39,47.6,,,,,9.125
72.04,CARRY,213.5,0.01,-9.65,216.65,-0.01,1,0,339.0,91.0,150.2,2.98,0.38,48.9,,,,,9.125
72.09,CARRY,213.5,0.01,-9.65,216.8,-0.01,1,0,339.5,86.5,154.7,3.07,0.39,49.9,,,,,9.062
72.15,CARRY,213.8,0.01,-9.65,216.95,-0.01,1,0,339.0,91.0,150.2,2.98,0.38,48.2,,,,,9.125
72.2,CARRY,213.8,0.01,-9.65,217.1,-0.01,1,0,339.5,86.5,154.7,3.07,0.39,50.2,,,,,9.062
72.25,CARRY,214.1,0.01,-9.65,217.25,-0.01,1,0,339.0,91.0,150.2,2.98,0.38,48.9,,,,,9.062
72.3,CARRY,214.1,0.01,-9.65,217.4,-0.01,1,0,339.5,86.5,154.7,3.07,0.39,48.9,,,,,9.0
72.35,CARRY,214.41,0.01,-9.65,217.55,-0.01,1,0,339.0,91.0,150.2,2.98,0.38,50.6,,,,,9.062
72.4,CARRY,214.41,0.01,-9.65,217.71,-0.01,1,0,339.5,86.5,154.7,3.07,0.39,47.6,,,,,9.0
72.45,CARRY,214.71,0.01,-9.65,217.86,-0.01,1,0,339.0,91.0,150.2,2.98,0.38,51.0,,,,,9.062
72.5,CARRY,214.71,0.01,-9.65,218.01,-0.01,1,0,339.5,86.5,154.7,3.07,0.39,49.8,,,,,8.875
72.55,CARRY,215.02,0.01,-9.65,218.17,-0.01,1,0,339.0,91.0,150.2,2.98,0.38,49.0,,,,,8.75
72.6,CARRY,215.02,0.01,-9.65,218.32,-0.01,1,0,339.5,86.5,154.7,3.07,0.39,50.7,,,,,8.938
72.65,CARRY,215.32,0.01,-9.65,218.47,-0.01,1,0,339.0,91.0,150.2,2.98,0.38,48.2,,,,,9.188
72.7,CARRY,215.32,0.01,-9.65,218.62,-0.01,1,0,339.5,86.5,154.7,3.07,0.39,50.7,,,,,9.0
72.75,CARRY,215.63,0.01,-9.65,218.78,-0.01,1,0,339.0,91.0,150.2,2.98,0.38,48.5,,,,,8.875
72.8,CARRY,215.63,0.01,-9.65,218.93,-0.01,1,0,339.5,109.5,131.9,2.61,0.39,48.5,,,,,8.938
72.85,CARRY,215.93,0.01,-9.65,219.08,-0.01,1,0,338.5,91.0,150.1,2.98,0.37,50.8,,,,,9.062
72.91,CARRY,215.93,0.01,-9.65,219.23,-0.01,1,0,339.5,86.5,154.7,3.07,0.39,48.3,,,,,9.0
72.96,CARRY,216.24,0.01,-9.65,219.38,-0.01,1,0,338.5,91.0,150.1,2.98,0.37,49.5,,,,,9.188
73.01,CARRY,216.24,0.01,-9.65,219.53,-0.01,1,0,339.5,87.0,154.2,3.06,0.39,48.1,,,,,9.062
73.06,CARRY,216.54,0.01,-9.65,219.69,-0.01,1,0,338.5,91.0,150.1,2.98,0.37,51.1,,,,,9.25
73.11,CARRY,216.85,0.01,-9.65,219.84,-0.01,1,0,338.0,95.0,146.1,2.9,0.36,50.3,,,,,9.312
73.16,CARRY,216.85,0.01,-9.65,220.0,-0.01,1,0,338.5,91.0,150.1,2.98,0.37,48.9,,,,,9.188
73.21,CARRY,216.85,0.01,-9.65,220.15,-0.01,1,0,339.5,86.5,154.7,3.07,0.39,48.0,,,,,9.062
73.26,CARRY,217.15,0.01,-9.65,220.3,-0.01,1,0,338.5,91.0,150.1,2.98,0.37,51.5,,,,,9.062
73.31,CARRY,217.45,0.01,-9.65,220.45,-0.01,1,0,338.0,95.0,146.1,2.9,0.36,49.0,,,,,9.062
73.36,CARRY,217.45,0.01,-9.65,220.6,-0.01,1,0,338.5,91.0,150.1,2.98,0.37,49.5,,,,,9.062
73.41,CARRY,217.75,0.01,-9.65,220.75,-0.01,1,0,338.0,95.0,146.1,2.9,0.36,49.1,,,,,9.0
73.46,CARRY,217.75,0.01,-9.65,220.91,-0.01,1,0,338.5,91.0,150.1,2.98,0.37,49.4,,,,,9.0
73.51,CARRY,218.05,0.01,-9.65,221.06,-0.01,1,0,338.0,95.0,146.1,2.9,0.36,49.2,,,,,9.125
73.56,CARRY,218.05,0.01,-9.65,221.21,-0.01,1,0,338.5,91.0,150.1,2.98,0.37,49.4,,,,,9.125
73.62,CARRY,218.36,0.01,-9.65,221.36,-0.01,1,0,338.0,95.0,146.1,2.9,0.36,49.8,,,,,9.188
73.67,CARRY,218.36,0.01,-9.65,221.51,-0.01,1,0,338.5,91.0,150.1,2.98,0.37,48.5,,,,,9.188
73.72,CARRY,218.66,0.01,-9.65,221.66,-0.01,1,0,338.0,95.0,146.1,2.9,0.36,48.9,,,,,9.312
73.77,CARRY,218.66,0.01,-9.65,221.81,-0.01,1,0,338.5,91.0,150.1,2.98,0.37,50.8,,,,,9.312
73.82,CARRY,218.96,0.01,-9.65,221.97,-0.01,1,0,338.0,95.0,146.1,2.9,0.36,49.7,,,,,9.438
73.87,CARRY,218.96,0.01,-9.65,222.12,-0.01,1,0,338.5,90.5,150.6,2.99,0.37,48.6,,,,,9.25
73.92,CARRY,219.26,0.01,-9.65,222.27,-0.01,1,0,338.0,95.0,146.1,2.9,0.36,48.8,,,,,9.312
73.97,CARRY,219.26,0.01,-9.65,222.42,-0.01,1,0,339.0,90.5,150.7,2.99,0.38,47.9,,,,,9.312
74.02,CARRY,219.55,0.01,-9.65,222.57,-0.01,1,0,338.0,95.0,146.1,2.9,0.36,48.6,,,,,9.125
74.07,CARRY,219.55,0.01,-9.65,222.72,-0.01,1,0,339.0,106.5,134.8,2.67,0.38,49.8,,,,,9.125
74.12,CARRY,219.85,0.01,-9.65,222.87,-0.01,1,0,338.5,114.0,127.4,2.52,0.37,51.4,,,,,9.125
74.17,CARRY,219.85,0.01,-9.65,223.03,-0.01,1,0,339.0,90.0,151.2,3.0,0.38,47.1,,,,,9.125
74.22,CARRY,220.14,0.01,-9.65,223.18,-0.01,1,0,338.5,121.5,119.9,2.37,0.37,48.7,,,,,9.125
74.27,CARRY,220.14,0.01,-9.65,223.33,-0.01,1,0,339.0,90.0,151.2,3.0,0.38,47.5,,,,,9.312
74.32,CARRY,220.44,0.01,-9.65,223.48,-0.01,1,0,338.5,94.0,147.2,2.92,0.37,48.6,,,,,9.25
74.37,CARRY,220.44,0.01,-9.65,223.63,-0.01,1,0,338.5,89.5,151.6,3.01,0.37,47.2,,,,,9.188
74.42,CARRY,220.73,0.01,-9.65,223.78,-0.01,1,0,338.0,93.5,147.6,2.93,0.36,49.9,,,,,9.312
74.47,CARRY,220.73,0.01,-9.65,223.93,-0.01,1,0,338.5,89.5,151.6,3.01,0.37,49.2,,,,,9.25
74.52,CARRY,221.02,0.01,-9.65,224.09,-0.01,1,0,338.0,93.0,148.1,2.94,0.36,49.5,,,,,9.312
74.57,CARRY,221.02,0.01,-9.65,224.24,-0.01,1,0,339.0,89.0,152.2,3.02,0.38,49.5,,,,,9.25
74.62,CARRY,221.3,0.01,-9.65,224.39,-0.01,1,0,338.5,93.0,148.2,2.94,0.37,50.0,,,,,9.312
74.68,CARRY,221.3,0.01,-9.65,224.54,-0.01,1,0,339.0,88.5,152.7,3.03,0.38,48.6,,,,,9.25
74.73,CARRY,221.59,0.01,-9.65,224.69,-0.01,1,0,338.5,92.5,148.7,2.95,0.37,51.7,,,,,9.375
74.78,CARRY,221.59,0.01,-9.65,224.85,-0.01,1,0,339.0,88.0,153.2,3.04,0.38,48.7,,,,,9.312
74.83,CARRY,221.88,0.01,-9.65,225.0,-0.01,1,0,338.5,91.5,149.6,2.97,0.37,54.2,,,,,9.438
74.88,CARRY,221.88,0.01,-9.65,225.17,-0.01,1,0,339.0,87.0,154.2,3.06,0.38,49.0,,,,,9.438
74.93,CARRY,222.17,0.01,-9.65,225.32,-0.01,1,0,338.5,91.0,150.1,2.98,0.37,49.0,,,,,9.438
74.98,CARRY,222.17,0.01,-9.65,225.47,-0.01,1,0,338.5,86.5,154.6,3.07,0.37,50.3,,,,,9.438
