{
  "backend": "hf",
  "n": 439,
  "parse_rate": 0.9977220956719818,
  "iou_gate_pass_rate": 0.7813211845102506,
  "mean_iou": 0.5072011545657613,
  "center_std": 228.80327135752987
}
