{
  "phase": "terse-RQ1",
  "host": "Orin Nano 8GB (15 W, clocks locked)",
  "max_side": 512,
  "n_reps": 8,
  "model": "/home/jfdg/grounding/phase3-terse-1024-q8_0.gguf",
  "wall_ms": {
    "n": 8,
    "mean": 2113.885157625191,
    "median": 2113.9991609998106,
    "p99": 2114.977060999081,
    "min": 2112.000227003591,
    "max": 2114.977060999081
  },
  "prefill_ms_prompt": {
    "n": 8,
    "mean": 1105.0653750000001,
    "median": 1105.2765,
    "p99": 1105.592,
    "min": 1103.692,
    "max": 1105.592
  },
  "decode_ms_predicted": {
    "n": 8,
    "mean": 962.8418750000001,
    "median": 962.753,
    "p99": 963.464,
    "min": 962.548,
    "max": 963.464
  },
  "predicted_n": {
    "n": 8,
    "mean": 21.0,
    "median": 21.0,
    "p99": 21.0,
    "min": 21.0,
    "max": 21.0
  },
  "prompt_n": {
    "n": 8,
    "mean": 309.0,
    "median": 309.0,
    "p99": 309.0,
    "min": 309.0,
    "max": 309.0
  },
  "decode_tok_per_s": 21.81244826035338,
  "parse_rate": 1.0,
  "sample_outputs": [
    "(339, 739, 434, 810)",
    "(339, 739, 434, 810)",
    "(339, 739, 434, 810)",
    "(339, 739, 434, 810)"
  ]
}