t_s,state,copter_n,copter_e,copter_d,rover_n,rover_e,in_fov,occluded,bbox_cx,bbox_cy,px_err,vx_cmd,vy_cmd,loop_ms,dist_n,dist_e,d_true_px,d_dist_px,carry_score
0.0,ACQUIRE,0.01,-0.01,-8.92,0.51,-0.01,1,0,,,,0.0,0.0,6.4,,,,,
0.05,ACQUIRE,0.01,-0.01,-8.92,0.64,-0.01,1,0,,,,0.0,0.0,0.6,,,,,
0.1,ACQUIRE,0.01,-0.01,-9.03,0.77,-0.01,1,0,,,,0.0,0.0,1.3,,,,,
0.15,ACQUIRE,0.01,-0.01,-9.03,0.89,-0.01,1,0,,,,0.0,0.0,0.8,,,,,
0.2,ACQUIRE,0.01,-0.01,-9.13,1.02,-0.01,1,0,,,,0.0,0.0,1.3,,,,,
0.25,ACQUIRE,0.01,-0.01,-9.13,1.14,-0.01,1,0,,,,0.0,0.0,0.8,,,,,
0.3,ACQUIRE,0.01,-0.01,-9.23,1.27,-0.01,1,0,,,,0.0,0.0,1.3,,,,,
0.35,ACQUIRE,0.01,-0.01,-9.31,1.39,-0.01,1,0,,,,1.11,0.14,2.5,,,,,
0.4,ACQUIRE,0.01,-0.01,-9.31,1.52,-0.01,1,0,,,,1.18,0.14,1.8,,,,,
0.45,ACQUIRE,0.01,-0.01,-9.39,1.64,-0.01,1,0,,,,1.25,0.15,2.4,,,,,
0.5,ACQUIRE,0.01,-0.01,-9.39,1.77,-0.01,1,0,,,,1.32,0.16,1.8,,,,,
0.55,ACQUIRE,0.01,-0.01,-9.46,1.89,-0.01,1,0,,,,1.32,0.17,2.4,,,,,
0.6,ACQUIRE,0.01,-0.01,-9.46,2.02,-0.01,1,0,,,,1.32,0.18,1.8,,,,,
0.65,ACQUIRE,0.01,-0.01,-9.46,2.14,-0.01,1,0,,,,1.32,0.18,1.7,,,,,
0.7,ACQUIRE,0.01,-0.01,-9.51,2.27,-0.01,1,0,,,,1.31,0.18,2.3,,,,,
0.75,ACQUIRE,0.01,-0.01,-9.51,2.39,-0.01,1,0,,,,1.31,0.19,1.8,,,,,
0.8,ACQUIRE,0.03,-0.01,-9.56,2.52,-0.01,1,0,,,,1.28,0.18,2.3,,,,,
0.85,ACQUIRE,0.03,-0.01,-9.56,2.64,-0.01,1,0,,,,2.12,0.3,1.8,,,,,
0.9,ACQUIRE,0.06,-0.01,-9.59,2.77,-0.01,1,0,,,,2.07,0.29,2.3,,,,,
0.95,ACQUIRE,0.06,-0.01,-9.59,2.89,-0.01,1,0,,,,2.07,0.29,1.8,,,,,
1.0,ACQUIRE,0.1,-0.01,-9.61,3.02,-0.01,1,0,,,,2.03,0.28,2.5,,,,,
1.05,ACQUIRE,0.16,-0.01,-9.63,3.14,-0.01,1,0,,,,1.93,0.27,2.3,,,,,
1.1,ACQUIRE,0.16,-0.01,-9.63,3.27,-0.01,1,0,,,,1.94,0.27,1.8,,,,,
1.15,ACQUIRE,0.25,-0.01,-9.63,3.39,-0.01,1,0,,,,1.85,0.26,2.4,,,,,
1.2,ACQUIRE,0.25,-0.01,-9.63,3.52,-0.01,1,0,,,,1.85,0.26,1.8,,,,,
1.25,ACQUIRE,0.25,-0.01,-9.63,3.64,-0.01,1,0,,,,1.85,0.27,1.7,,,,,
1.3,ACQUIRE,0.35,-0.01,-9.63,3.77,-0.01,1,0,,,,1.73,0.25,2.4,,,,,
1.35,ACQUIRE,0.35,-0.01,-9.63,3.89,-0.01,1,0,,,,2.55,0.24,1.7,,,,,
1.4,ACQUIRE,0.47,-0.01,-9.63,4.02,-0.01,1,0,,,,2.42,0.22,2.3,,,,,
1.45,ACQUIRE,0.47,-0.01,-9.63,4.14,-0.01,1,0,,,,2.42,0.22,1.8,,,,,
1.5,ACQUIRE,0.6,-0.01,-9.62,4.27,-0.01,1,0,,,,2.26,0.2,2.3,,,,,
1.55,ACQUIRE,0.76,-0.0,-9.62,4.4,-0.01,1,0,,,,2.09,0.16,2.2,,,,,
1.6,ACQUIRE,0.76,-0.0,-9.62,4.52,-0.01,1,0,,,,2.09,0.16,1.5,,,,,
1.65,ACQUIRE,0.92,-0.0,-9.61,4.65,-0.01,1,0,,,,1.91,0.14,2.6,,,,,
1.7,ACQUIRE,0.92,-0.0,-9.61,4.77,-0.01,1,0,,,,1.91,0.14,2.1,,,,,
1.75,ACQUIRE,1.1,-0.01,-9.6,4.9,-0.01,1,0,,,,1.71,0.13,2.8,,,,,
1.8,ACQUIRE,1.1,-0.01,-9.6,5.02,-0.01,1,0,,,,1.71,0.14,2.0,,,,,
1.85,ACQUIRE,1.28,-0.01,-9.6,5.15,-0.01,1,0,,,,1.62,0.21,2.5,,,,,
1.9,ACQUIRE,1.28,-0.01,-9.6,5.27,-0.01,1,0,,,,1.69,0.22,1.9,,,,,
1.95,ACQUIRE,1.28,-0.01,-9.6,5.4,-0.01,1,0,,,,1.76,0.23,2.1,,,,,
2.0,ACQUIRE,1.47,-0.01,-9.59,5.52,-0.01,1,0,,,,1.64,0.21,2.5,,,,,
2.05,ACQUIRE,1.47,-0.01,-9.59,5.65,-0.01,1,0,,,,1.71,0.22,1.5,,,,,
2.1,ACQUIRE,1.66,-0.02,-9.59,5.77,-0.01,1,0,,,,1.55,0.21,2.4,,,,,
2.15,ACQUIRE,1.84,-0.02,-9.59,5.9,-0.01,1,0,,,,1.41,0.2,2.2,,,,,
2.2,ACQUIRE,1.84,-0.02,-9.59,6.02,-0.01,1,0,,,,1.48,0.2,1.5,,,,,
2.25,ACQUIRE,2.03,-0.03,-9.59,6.15,-0.01,1,0,,,,1.33,0.19,2.1,,,,,
2.3,CARRY,2.03,-0.03,-9.59,6.27,-0.01,1,0,,,,3.53,0.459,560.4,,,,,
2.87,CARRY,3.02,-0.03,-9.59,7.68,-0.01,1,0,347.0,48.0,193.9,3.84,0.54,47.9,,,,,4.688
2.92,CARRY,3.02,-0.03,-9.59,7.8,-0.01,1,0,347.5,44.5,197.4,3.91,0.55,51.6,,,,,4.219
2.97,CARRY,3.17,-0.03,-9.59,7.93,-0.01,1,0,347.0,45.0,196.9,3.9,0.54,48.2,,,,,4.344
3.02,CARRY,3.17,-0.03,-9.59,8.06,-0.01,1,0,347.5,41.0,200.9,3.98,0.55,53.3,,,,,4.906
3.07,CARRY,3.32,-0.03,-9.59,8.19,-0.01,1,0,347.5,41.5,200.4,3.97,0.55,48.9,,,,,5.281
3.12,CARRY,3.32,-0.03,-9.59,8.32,-0.01,1,0,348.0,38.0,203.9,4.0,0.56,53.7,,,,,5.281
3.18,CARRY,3.47,-0.02,-9.59,8.46,-0.01,1,0,348.0,38.5,203.4,4.0,0.56,47.9,,,,,5.438
3.23,CARRY,3.47,-0.02,-9.59,8.58,-0.01,1,0,348.5,35.0,207.0,4.0,0.57,52.8,,,,,5.375
3.28,CARRY,3.63,-0.02,-9.59,8.72,-0.01,1,0,349.0,35.5,206.5,4.0,0.58,48.4,,,,,5.469
3.33,CARRY,3.63,-0.02,-9.59,8.84,-0.01,1,0,349.0,32.0,210.0,4.0,0.58,54.2,,,,,5.219
3.39,CARRY,3.8,-0.02,-9.6,8.98,-0.01,1,0,349.0,33.0,209.0,4.0,0.58,48.5,,,,,5.438
3.44,CARRY,3.8,-0.02,-9.6,9.1,-0.01,1,0,349.5,29.5,212.6,4.0,0.59,53.6,,,,,5.438
3.49,CARRY,3.98,-0.02,-9.6,9.24,-0.01,1,0,350.0,31.0,211.1,4.0,0.6,47.9,,,,,6.531
3.54,CARRY,3.98,-0.02,-9.6,9.37,-0.01,1,0,350.5,27.5,214.7,4.0,0.61,53.4,,,,,7.219
3.6,CARRY,4.19,-0.02,-9.6,9.5,-0.01,1,0,350.5,29.5,212.7,4.0,0.61,48.2,,,,,7.812
3.65,CARRY,4.19,-0.02,-9.6,9.63,-0.01,1,0,351.0,26.0,216.2,4.0,0.62,53.9,,,,,7.844
3.7,CARRY,4.43,-0.02,-9.6,9.76,-0.01,1,0,350.5,29.0,213.2,4.0,0.61,49.4,,,,,8.375
3.75,CARRY,4.43,-0.02,-9.6,9.89,-0.01,1,0,351.0,25.0,217.2,4.0,0.62,53.3,,,,,8.375
3.8,CARRY,4.69,-0.01,-9.6,10.03,-0.01,1,0,350.5,29.0,213.2,4.0,0.61,48.8,,,,,8.75
3.85,CARRY,4.98,-0.01,-9.6,10.15,-0.01,1,0,349.5,33.5,208.6,4.0,0.59,54.3,,,,,8.562
3.91,CARRY,4.98,-0.01,-9.6,10.29,-0.01,1,0,350.0,29.5,212.6,4.0,0.6,49.0,,,,,8.375
3.96,CARRY,5.29,-0.01,-9.61,10.41,-0.01,1,0,349.0,35.0,207.0,4.0,0.58,55.0,,,,,8.375
4.02,CARRY,5.29,-0.01,-9.61,10.55,-0.01,1,0,350.0,31.0,211.1,4.0,0.6,48.2,,,,,8.25
4.07,CARRY,5.62,-0.0,-9.61,10.68,-0.01,1,0,348.5,36.5,205.5,4.0,0.57,54.1,,,,,8.75
4.12,CARRY,5.62,-0.0,-9.61,10.82,-0.01,1,0,349.0,32.5,209.5,4.0,0.58,46.6,,,,,8.625
4.17,CARRY,5.96,0.0,-9.61,10.94,-0.01,1,0,347.5,39.0,202.9,4.0,0.55,54.1,,,,,8.875
4.23,CARRY,5.96,0.0,-9.61,11.08,-0.01,1,0,348.5,35.0,207.0,4.0,0.57,48.0,,,,,8.688
4.28,CARRY,6.32,0.01,-9.61,11.21,-0.01,1,0,346.5,41.5,200.3,3.97,0.53,54.2,,,,,8.812
4.33,CARRY,6.32,0.01,-9.61,11.34,-0.01,1,0,347.0,37.5,204.3,4.0,0.54,47.2,,,,,8.625
4.38,CARRY,6.68,0.01,-9.61,11.47,-0.01,1,0,346.0,44.5,197.2,3.91,0.52,53.9,,,,,9.0
4.44,CARRY,6.68,0.01,-9.61,11.61,-0.01,1,0,346.5,40.5,201.3,3.99,0.53,47.9,,,,,8.688
4.49,CARRY,7.06,0.01,-9.62,11.73,-0.01,1,0,345.0,47.5,194.1,3.85,0.5,53.8,,,,,9.188
4.54,CARRY,7.06,0.01,-9.62,11.87,-0.01,1,0,345.5,43.5,198.1,3.93,0.51,48.3,,,,,9.0
4.59,CARRY,7.43,0.02,-9.62,11.99,-0.01,1,0,344.5,51.0,190.6,3.78,0.49,53.3,,,,,9.5
4.65,CARRY,7.43,0.02,-9.62,12.13,-0.01,1,0,345.0,47.0,194.6,3.86,0.5,47.6,,,,,9.375
4.7,CARRY,7.81,0.02,-9.62,12.25,-0.01,1,0,344.0,54.0,187.5,3.72,0.48,54.1,,,,,9.75
4.75,CARRY,7.81,0.02,-9.62,12.39,-0.01,1,0,344.5,50.5,191.1,3.79,0.49,47.4,,,,,9.625
4.8,CARRY,8.2,0.02,-9.62,12.52,-0.01,1,0,343.5,57.5,184.0,3.65,0.47,54.1,,,,,9.875
4.86,CARRY,8.58,0.03,-9.62,12.66,-0.01,1,0,342.0,64.5,176.9,3.51,0.44,48.6,,,,,10.0
4.91,CARRY,8.58,0.03,-9.62,12.78,-0.01,1,0,342.5,61.0,180.4,3.58,0.45,53.0,,,,,9.938
4.96,CARRY,8.96,0.03,-9.62,12.92,-0.01,1,0,341.5,68.0,173.3,3.44,0.43,48.5,,,,,9.938
5.01,CARRY,8.96,0.03,-9.62,13.04,-0.01,1,0,342.0,64.5,176.9,3.51,0.44,53.1,,,,,9.938
5.06,CARRY,9.35,0.03,-9.62,13.18,-0.01,1,0,341.0,71.5,169.8,3.37,0.42,48.5,,,,,10.188
5.11,CARRY,9.35,0.03,-9.62,13.3,-0.01,1,0,341.5,68.0,173.3,3.44,0.43,53.9,,,,,10.0
5.17,CARRY,9.73,0.03,-9.62,13.44,-0.01,1,0,340.5,75.0,166.3,3.3,0.41,48.2,,,,,10.312
5.22,CARRY,9.73,0.03,-9.62,13.56,-0.01,1,0,341.0,71.5,169.8,3.37,0.42,53.4,,,,,10.188
5.27,CARRY,10.1,0.03,-9.62,13.7,-0.01,1,0,340.0,78.0,163.2,3.24,0.4,47.9,,,,,9.938
5.32,CARRY,10.1,0.03,-9.62,13.82,-0.01,1,0,340.5,74.5,166.8,3.31,0.41,52.6,,,,,10.125
5.38,CARRY,10.47,0.03,-9.62,13.96,-0.01,1,0,339.5,81.5,159.7,3.17,0.39,48.3,,,,,8.562
5.43,CARRY,10.47,0.03,-9.62,14.08,-0.01,1,0,340.0,77.5,163.7,3.25,0.4,53.1,,,,,9.938
5.48,CARRY,10.83,0.03,-9.62,14.22,-0.01,1,0,339.0,84.0,157.2,3.12,0.38,48.7,,,,,8.375
5.53,CARRY,10.83,0.03,-9.62,14.34,-0.01,1,0,339.5,80.5,160.7,3.19,0.39,53.5,,,,,9.438
5.59,CARRY,11.19,0.03,-9.62,14.48,-0.01,1,0,338.5,87.0,154.1,3.06,0.37,50.6,,,,,9.0
5.64,CARRY,11.19,0.03,-9.62,14.61,-0.01,1,0,339.0,83.0,158.1,3.14,0.38,53.3,,,,,9.125
5.69,CARRY,11.54,0.03,-9.62,14.75,-0.01,1,0,338.5,89.5,151.6,3.01,0.37,47.9,,,,,8.625
5.74,CARRY,11.54,0.03,-9.62,14.87,-0.01,1,0,339.0,86.0,155.2,3.08,0.38,52.7,,,,,9.0
5.8,CARRY,11.89,0.03,-9.62,15.0,-0.01,1,0,338.0,92.0,149.1,2.96,0.36,48.3,,,,,8.25
5.85,CARRY,11.89,0.03,-9.62,15.13,-0.01,1,0,338.5,88.5,152.6,3.03,0.37,52.3,,,,,8.562
5.9,CARRY,12.24,0.03,-9.62,15.26,-0.01,1,0,338.0,94.5,146.6,2.91,0.36,48.6,,,,,8.812
5.95,CARRY,12.24,0.03,-9.62,15.39,-0.01,1,0,338.5,91.0,150.1,2.98,0.37,52.9,,,,,8.375
6.0,CARRY,12.57,0.02,-9.62,15.52,-0.01,1,0,337.5,96.5,144.6,2.87,0.35,50.9,,,,,8.062
6.06,CARRY,12.91,0.02,-9.62,15.65,-0.01,1,0,337.0,102.5,138.5,2.75,0.34,54.7,,,,,8.312
6.11,CARRY,12.91,0.02,-9.62,15.79,-0.01,1,0,337.5,98.5,142.6,2.83,0.35,47.6,,,,,8.5
6.16,CARRY,13.24,0.02,-9.62,15.92,-0.01,1,0,337.5,104.5,136.6,2.71,0.35,54.4,,,,,8.125
6.22,CARRY,13.24,0.02,-9.62,16.06,-0.01,1,0,338.0,100.5,140.7,2.79,0.36,48.0,,,,,7.906
6.27,CARRY,13.56,0.02,-9.62,16.18,-0.01,1,0,336.5,106.0,135.0,2.68,0.33,53.9,,,,,8.062
6.32,CARRY,13.56,0.02,-9.62,16.32,-0.01,1,0,337.0,102.0,139.0,2.76,0.34,49.5,,,,,8.125
6.37,CARRY,13.88,0.02,-9.62,16.45,-0.01,1,0,337.0,107.5,133.6,2.65,0.34,53.7,,,,,7.719
6.43,CARRY,13.88,0.02,-9.62,16.58,-0.01,1,0,337.5,103.5,137.6,2.73,0.35,47.9,,,,,7.562
6.48,CARRY,14.19,0.01,-9.62,16.71,-0.01,1,0,337.0,109.0,132.1,2.62,0.34,54.0,,,,,7.625
6.53,CARRY,14.19,0.01,-9.62,16.85,-0.01,1,0,337.5,105.0,136.1,2.7,0.35,47.3,,,,,7.469
6.58,CARRY,14.49,0.01,-9.62,16.97,-0.01,1,0,336.0,110.5,130.5,2.59,0.32,54.0,,,,,8.188
6.64,CARRY,14.49,0.01,-9.62,17.11,-0.01,1,0,337.0,106.5,134.6,2.67,0.34,48.0,,,,,7.75
6.69,CARRY,14.8,0.01,-9.62,17.23,-0.01,1,0,336.5,111.5,129.6,2.57,0.33,53.3,,,,,8.0
6.74,CARRY,14.8,0.01,-9.62,17.37,-0.01,1,0,337.0,107.5,133.6,2.65,0.34,47.5,,,,,7.719
6.79,CARRY,15.09,0.01,-9.62,17.5,-0.01,1,0,336.5,112.5,128.6,2.55,0.33,53.8,,,,,7.625
6.85,CARRY,15.09,0.01,-9.62,17.63,-0.01,1,0,337.0,108.5,132.6,2.63,0.34,47.7,,,,,7.406
6.9,CARRY,15.39,0.01,-9.62,17.76,-0.01,1,0,336.5,113.5,127.6,2.53,0.33,53.7,,,,,7.438
6.95,CARRY,15.39,0.01,-9.62,17.89,-0.01,1,0,337.0,109.5,131.6,2.61,0.34,47.4,,,,,7.531
7.0,CARRY,15.68,0.0,-9.62,18.02,-0.01,1,0,336.5,114.0,127.1,2.52,0.33,53.3,,,,,7.281
7.06,CARRY,15.96,0.0,-9.62,18.16,-0.01,1,0,335.5,118.5,122.5,2.43,0.31,48.6,,,,,7.094
7.11,CARRY,15.96,0.0,-9.62,18.28,-0.01,1,0,336.5,115.0,126.1,2.5,0.33,52.5,,,,,7.094
7.16,CARRY,16.25,0.0,-9.62,18.41,-0.01,1,0,335.5,119.0,122.0,2.42,0.31,48.3,,,,,7.125
7.21,CARRY,16.25,0.0,-9.62,18.54,-0.01,1,0,336.5,115.5,125.6,2.49,0.33,53.1,,,,,7.125
7.26,CARRY,16.53,0.0,-9.62,18.67,-0.01,1,0,335.5,119.5,121.5,2.41,0.31,48.4,,,,,7.094
7.31,CARRY,16.53,0.0,-9.62,18.8,-0.01,1,0,336.5,116.0,125.1,2.48,0.33,53.7,,,,,7.25
7.37,CARRY,16.8,-0.0,-9.62,18.94,-0.01,1,0,335.5,120.0,121.0,2.4,0.31,48.4,,,,,7.094
7.42,CARRY,16.8,-0.0,-9.62,19.06,-0.01,1,0,336.5,116.5,124.6,2.47,0.33,53.3,,,,,7.188
7.47,CARRY,17.07,-0.0,-9.63,19.2,-0.01,1,0,335.5,120.5,120.5,2.39,0.31,48.2,,,,,7.125
7.52,CARRY,17.07,-0.0,-9.63,19.32,-0.01,1,0,336.5,117.0,124.1,2.46,0.33,53.7,,,,,7.469
7.58,CARRY,17.34,-0.0,-9.63,19.46,-0.01,1,0,335.5,120.5,120.5,2.39,0.31,49.0,,,,,7.219
7.63,CARRY,17.34,-0.0,-9.63,19.58,-0.01,1,0,336.5,117.0,124.1,2.46,0.33,53.3,,,,,7.469
7.68,CARRY,17.6,-0.01,-9.63,19.72,-0.01,1,0,335.5,120.5,120.5,2.39,0.31,48.3,,,,,7.281
7.73,CARRY,17.6,-0.01,-9.63,19.85,-0.01,1,0,336.5,117.0,124.1,2.46,0.33,53.5,,,,,7.5
7.79,CARRY,17.87,-0.01,-9.63,19.98,-0.01,1,0,335.5,120.5,120.5,2.39,0.31,48.6,,,,,7.594
7.84,CARRY,17.87,-0.01,-9.63,20.11,-0.01,1,0,336.5,117.0,124.1,2.46,0.33,53.6,,,,,7.562
7.89,CARRY,18.13,-0.01,-9.63,20.24,-0.01,1,0,335.5,120.5,120.5,2.39,0.31,47.8,,,,,7.469
7.94,CARRY,18.13,-0.01,-9.63,20.37,-0.01,1,0,336.5,117.0,124.1,2.46,0.33,48.4,,,,,7.406
7.99,CARRY,18.38,-0.01,-9.63,20.49,-0.01,1,0,335.5,121.0,120.0,2.38,0.31,49.9,,,,,7.438
8.04,CARRY,18.38,-0.01,-9.63,20.62,-0.01,1,0,336.5,117.0,124.1,2.46,0.33,48.6,,,,,7.562
8.09,CARRY,18.64,-0.01,-9.63,20.75,-0.01,1,0,335.5,121.0,120.0,2.38,0.31,49.2,,,,,7.562
8.14,CARRY,18.64,-0.01,-9.63,20.87,-0.01,1,0,336.5,117.5,123.6,2.45,0.33,50.7,,,,,7.625
8.19,CARRY,18.89,-0.01,-9.63,21.0,-0.01,1,0,335.5,121.0,120.0,2.38,0.31,49.8,,,,,7.25
8.25,CARRY,18.89,-0.01,-9.63,21.13,-0.01,1,0,336.5,117.5,123.6,2.45,0.33,49.5,,,,,7.344
8.3,CARRY,19.15,-0.01,-9.63,21.25,-0.01,1,0,335.5,121.0,120.0,2.38,0.31,50.3,,,,,7.125
8.35,CARRY,19.15,-0.01,-9.63,21.38,-0.01,1,0,336.5,117.0,124.1,2.46,0.33,49.3,,,,,7.219
8.4,CARRY,19.4,-0.01,-9.63,21.51,-0.01,1,0,335.5,121.0,120.0,2.38,0.31,50.4,,,,,7.188
8.45,CARRY,19.4,-0.01,-9.63,21.64,-0.01,1,0,336.5,117.0,124.1,2.46,0.33,49.2,,,,,7.25
8.5,CARRY,19.65,-0.01,-9.63,21.76,-0.01,1,0,335.5,120.5,120.5,2.39,0.31,50.4,,,,,7.281
8.55,CARRY,19.65,-0.01,-9.63,21.89,-0.01,1,0,336.5,117.0,124.1,2.46,0.33,49.2,,,,,7.188
8.6,CARRY,19.89,-0.01,-9.63,22.02,-0.01,1,0,335.5,120.5,120.5,2.39,0.31,50.3,,,,,6.688
8.65,CARRY,19.89,-0.01,-9.63,22.14,-0.01,1,0,336.5,117.0,124.1,2.46,0.33,49.1,,,,,6.812
8.7,CARRY,20.14,-0.01,-9.63,22.27,-0.01,1,0,335.5,120.5,120.5,2.39,0.31,50.0,,,,,7.188
8.75,CARRY,20.14,-0.01,-9.63,22.4,-0.01,1,0,336.5,116.5,124.6,2.47,0.33,49.6,,,,,7.656
8.8,CARRY,20.39,-0.01,-9.63,22.52,-0.01,1,0,335.5,120.0,121.0,2.4,0.31,50.2,,,,,7.375
8.86,CARRY,20.63,-0.01,-9.63,22.65,-0.01,1,0,334.5,125.0,115.9,2.3,0.29,50.3,,,,,7.062
8.91,CARRY,20.63,-0.01,-9.63,22.78,-0.01,1,0,335.5,120.0,121.0,2.4,0.31,49.6,,,,,7.219
8.96,CARRY,20.88,-0.01,-9.63,22.91,-0.01,1,0,334.5,124.0,116.9,2.32,0.29,50.4,,,,,6.875
9.01,CARRY,20.88,-0.01,-9.63,23.04,-0.01,1,0,335.5,119.5,121.5,2.41,0.31,50.9,,,,,6.844
9.06,CARRY,21.12,-0.01,-9.63,23.17,-0.01,1,0,334.5,123.5,117.4,2.33,0.29,50.7,,,,,6.781
9.11,CARRY,21.12,-0.01,-9.63,23.29,-0.01,1,0,335.5,119.0,122.0,2.42,0.31,48.6,,,,,6.906
9.16,CARRY,21.37,-0.01,-9.63,23.42,-0.01,1,0,335.5,123.0,118.0,2.34,0.31,49.9,,,,,6.625
9.21,CARRY,21.37,-0.01,-9.63,23.55,-0.01,1,0,336.5,119.0,122.1,2.42,0.33,49.1,,,,,6.812
9.26,CARRY,21.61,-0.01,-9.63,23.67,-0.01,1,0,335.5,122.0,119.0,2.36,0.31,50.1,,,,,6.625
9.31,CARRY,21.61,-0.01,-9.63,23.8,-0.01,1,0,336.5,118.5,122.6,2.43,0.33,50.0,,,,,6.719
9.37,CARRY,21.85,-0.01,-9.63,23.93,-0.01,1,0,335.5,121.5,119.5,2.37,0.31,50.2,,,,,6.625
9.42,CARRY,21.85,-0.01,-9.63,24.06,-0.01,1,0,336.5,118.0,123.1,2.44,0.33,49.6,,,,,6.906
9.47,CARRY,22.09,-0.01,-9.63,24.18,-0.01,1,0,335.5,121.5,119.5,2.37,0.31,50.0,,,,,7.062
9.52,CARRY,22.09,-0.01,-9.63,24.31,-0.01,1,0,336.5,117.5,123.6,2.45,0.33,49.8,,,,,7.156
9.57,CARRY,22.33,-0.01,-9.63,24.44,-0.01,1,0,335.5,121.0,120.0,2.38,0.31,50.0,,,,,7.156
9.62,CARRY,22.33,-0.01,-9.63,24.56,-0.01,1,0,336.5,117.5,123.6,2.45,0.33,49.6,,,,,7.281
9.67,CARRY,22.57,-0.01,-9.63,24.69,-0.01,1,0,335.5,120.5,120.5,2.39,0.31,49.8,,,,,7.281
9.72,CARRY,22.57,-0.01,-9.63,24.82,-0.01,1,0,336.5,117.0,124.1,2.46,0.33,49.4,,,,,7.344
9.77,CARRY,22.81,-0.01,-9.63,24.94,-0.01,1,0,335.5,120.0,121.0,2.4,0.31,49.7,,,,,7.25
9.82,CARRY,22.81,-0.01,-9.63,25.07,-0.01,1,0,336.5,116.5,124.6,2.47,0.33,49.4,,,,,7.156
9.87,CARRY,23.05,-0.01,-9.63,25.2,-0.01,1,0,335.5,119.5,121.5,2.41,0.31,49.9,,,,,7.031
9.92,CARRY,23.05,-0.01,-9.63,25.33,-0.01,1,0,336.5,116.0,125.1,2.48,0.33,50.3,,,,,6.969
9.98,CARRY,23.29,-0.01,-9.63,25.45,-0.01,1,0,336.5,119.5,121.6,2.41,0.33,50.5,,,,,6.812
10.03,CARRY,23.29,-0.01,-9.63,25.58,-0.01,1,0,337.0,115.5,125.7,2.49,0.34,49.9,,,,,6.844
10.08,CARRY,23.53,-0.01,-9.63,25.71,-0.01,1,0,336.5,119.0,122.1,2.42,0.33,51.0,,,,,6.969
10.13,CARRY,23.53,-0.01,-9.63,25.84,-0.01,1,0,337.5,115.0,126.2,2.5,0.35,49.6,,,,,6.812
10.18,CARRY,23.77,-0.01,-9.63,25.97,-0.01,1,0,336.5,118.5,122.6,2.43,0.33,50.7,,,,,6.938
10.23,CARRY,23.77,-0.01,-9.63,26.09,-0.01,1,0,337.5,115.0,126.2,2.5,0.35,49.8,,,,,6.812
10.28,CARRY,24.01,-0.01,-9.63,26.22,-0.01,1,0,336.5,118.0,123.1,2.44,0.33,52.7,,,,,7.219
10.34,CARRY,24.01,-0.01,-9.63,26.36,-0.01,1,0,337.5,114.0,127.2,2.52,0.35,50.3,,,,,6.969
10.39,CARRY,24.26,-0.01,-9.63,26.48,-0.01,1,0,336.5,117.5,123.6,2.45,0.33,50.6,,,,,7.281
10.44,CARRY,24.26,-0.01,-9.63,26.61,-0.01,1,0,337.5,114.0,127.2,2.52,0.35,50.3,,,,,7.062
10.49,CARRY,24.5,-0.01,-9.63,26.74,-0.01,1,0,336.5,117.0,124.1,2.46,0.33,50.3,,,,,7.438
10.54,CARRY,24.5,-0.01,-9.63,26.87,-0.01,1,0,337.5,113.5,127.7,2.53,0.35,51.3,,,,,7.344
10.59,CARRY,24.74,-0.01,-9.63,27.0,-0.01,1,0,336.5,116.5,124.6,2.47,0.33,50.3,,,,,7.406
10.65,CARRY,24.74,-0.01,-9.63,27.13,-0.01,1,0,337.5,113.0,128.2,2.54,0.35,49.5,,,,,7.406
10.7,CARRY,24.99,-0.01,-9.63,27.26,-0.01,1,0,336.5,116.5,124.6,2.47,0.33,50.3,,,,,7.562
10.75,CARRY,24.99,-0.01,-9.63,27.38,-0.01,1,0,337.5,112.5,128.7,2.55,0.35,49.2,,,,,7.656
10.8,CARRY,25.23,-0.01,-9.63,27.51,-0.01,1,0,336.5,116.0,125.1,2.48,0.33,53.1,,,,,7.906
10.85,CARRY,25.23,-0.01,-9.63,27.64,-0.01,1,0,337.5,112.5,128.7,2.55,0.35,49.4,,,,,8.0
10.9,CARRY,25.48,-0.01,-9.63,27.77,-0.01,1,0,336.5,115.5,125.6,2.49,0.33,50.5,,,,,7.906
10.95,CARRY,25.73,-0.01,-9.63,27.9,-0.01,1,0,335.5,119.0,122.0,2.42,0.31,48.4,,,,,7.781
11.0,CARRY,25.73,-0.01,-9.63,28.02,-0.01,1,0,336.5,115.5,125.6,2.49,0.33,49.3,,,,,7.688
11.05,CARRY,25.98,-0.0,-9.63,28.15,-0.01,1,0,335.5,119.0,122.0,2.42,0.31,49.6,,,,,7.719
11.11,CARRY,25.98,-0.0,-9.63,28.28,-0.01,1,0,336.5,115.5,125.6,2.49,0.33,49.9,,,,,7.594
11.16,CARRY,26.22,-0.0,-9.63,28.4,-0.01,1,0,335.5,119.0,122.0,2.42,0.31,51.1,,,,,7.656
11.21,CARRY,26.22,-0.0,-9.63,28.53,-0.01,1,0,336.5,115.0,126.1,2.5,0.33,49.6,,,,,7.5
11.26,CARRY,26.47,-0.0,-9.63,28.66,-0.01,1,0,335.5,118.5,122.5,2.43,0.31,50.2,,,,,7.594
11.31,CARRY,26.47,-0.0,-9.63,28.79,-0.01,1,0,336.5,115.0,126.1,2.5,0.33,49.0,,,,,7.438
11.36,CARRY,26.72,-0.0,-9.63,28.91,-0.01,1,0,335.5,118.5,122.5,2.43,0.31,50.4,,,,,7.531
11.41,CARRY,26.72,-0.0,-9.63,29.04,-0.01,1,0,336.5,114.5,126.6,2.51,0.33,49.0,,,,,7.344
11.46,CARRY,26.97,-0.0,-9.63,29.17,-0.01,1,0,335.5,118.5,122.5,2.43,0.31,50.2,,,,,7.344
11.51,CARRY,26.97,-0.0,-9.63,29.3,-0.01,1,0,336.5,114.5,126.6,2.51,0.33,48.9,,,,,7.281
11.56,CARRY,27.22,-0.0,-9.63,29.42,-0.01,1,0,335.5,118.0,123.0,2.44,0.31,50.1,,,,,7.531
11.61,CARRY,27.22,-0.0,-9.63,29.55,-0.01,1,0,336.5,114.5,126.6,2.51,0.33,49.6,,,,,7.344
11.66,CARRY,27.46,-0.0,-9.63,29.68,-0.01,1,0,336.0,118.0,123.0,2.44,0.32,50.2,,,,,7.656
11.72,CARRY,27.46,-0.0,-9.63,29.8,-0.01,1,0,337.0,114.0,127.1,2.52,0.34,49.4,,,,,7.469
11.77,CARRY,27.71,-0.0,-9.63,29.93,-0.01,1,0,336.0,117.5,123.5,2.45,0.32,50.5,,,,,7.656
11.82,CARRY,27.71,-0.0,-9.63,30.06,-0.01,1,0,337.0,114.0,127.1,2.52,0.34,49.6,,,,,7.344
11.87,CARRY,27.95,-0.0,-9.63,30.19,-0.01,1,0,336.5,117.5,123.6,2.45,0.33,49.9,,,,,7.594
11.92,CARRY,27.95,-0.0,-9.63,30.31,-0.01,1,0,337.5,113.5,127.7,2.53,0.35,49.5,,,,,7.438
11.97,CARRY,28.2,-0.0,-9.63,30.44,-0.01,1,0,336.5,117.0,124.1,2.46,0.33,49.7,,,,,7.844
12.02,CARRY,28.2,-0.0,-9.63,30.57,-0.01,1,0,337.5,113.5,127.7,2.53,0.35,49.3,,,,,7.875
12.07,CARRY,28.45,-0.0,-9.63,30.69,-0.01,1,0,336.5,117.0,124.1,2.46,0.33,49.6,,,,,7.969
12.12,CARRY,28.45,-0.0,-9.63,30.82,-0.01,1,0,337.5,113.5,127.7,2.53,0.35,49.3,,,,,7.969
12.17,CARRY,28.7,-0.0,-9.63,30.94,-0.01,1,0,336.5,117.0,124.1,2.46,0.33,49.8,,,,,8.062
12.22,CARRY,28.7,-0.0,-9.63,31.07,-0.01,1,0,337.5,113.5,127.7,2.53,0.35,49.4,,,,,8.062
12.27,CARRY,28.95,-0.0,-9.63,31.2,-0.01,1,0,336.5,117.0,124.1,2.46,0.33,50.0,,,,,8.125
12.32,CARRY,28.95,-0.0,-9.63,31.32,-0.01,1,0,337.5,113.0,128.2,2.54,0.35,50.2,,,,,8.188
12.38,CARRY,29.19,-0.0,-9.63,31.45,-0.01,1,0,336.5,116.5,124.6,2.47,0.33,52.5,,,,,8.062
12.43,CARRY,29.19,-0.0,-9.63,31.59,-0.01,1,0,337.5,112.5,128.7,2.55,0.35,48.8,,,,,8.125
12.48,CARRY,29.44,-0.0,-9.63,31.71,-0.01,1,0,336.5,116.5,124.6,2.47,0.33,50.8,,,,,8.125
12.53,CARRY,29.44,-0.0,-9.63,31.84,-0.01,1,0,337.5,112.5,128.7,2.55,0.35,49.5,,,,,8.188
12.58,CARRY,29.69,-0.0,-9.63,31.97,-0.01,1,0,336.5,116.0,125.1,2.48,0.33,49.7,,,,,8.125
12.63,CARRY,29.69,-0.0,-9.63,32.1,-0.01,1,0,337.5,112.5,128.7,2.55,0.35,49.1,,,,,8.125
12.68,CARRY,29.94,-0.0,-9.63,32.22,-0.01,1,0,336.5,116.0,125.1,2.48,0.33,50.0,,,,,8.125
12.73,CARRY,29.94,-0.0,-9.63,32.35,-0.01,1,0,337.5,112.5,128.7,2.55,0.35,49.6,,,,,8.188
12.78,CARRY,30.19,0.0,-9.63,32.47,-0.01,1,0,336.5,116.0,125.1,2.48,0.33,50.4,,,,,7.969
12.84,CARRY,30.19,0.0,-9.63,32.6,-0.01,1,0,337.5,112.5,128.7,2.55,0.35,49.8,,,,,8.062
12.89,CARRY,30.45,0.0,-9.63,32.73,-0.01,1,0,336.5,116.0,125.1,2.48,0.33,49.8,,,,,7.969
12.94,CARRY,30.45,0.0,-9.63,32.86,-0.01,1,0,337.5,112.0,129.2,2.56,0.35,50.5,,,,,8.062
12.99,CARRY,30.7,0.0,-9.63,32.99,-0.01,1,0,336.5,115.5,125.6,2.49,0.33,50.7,,,,,7.812
13.04,CARRY,30.7,0.0,-9.63,33.12,-0.01,1,0,337.5,112.0,129.2,2.56,0.35,48.8,,,,,7.938
13.09,CARRY,30.95,0.0,-9.63,33.24,-0.01,1,0,336.5,115.5,125.6,2.49,0.33,48.5,,,,,7.781
13.14,CARRY,30.95,0.0,-9.63,33.37,-0.01,1,0,337.5,112.0,129.2,2.56,0.35,48.8,,,,,7.969
13.19,CARRY,31.2,0.0,-9.63,33.49,-0.01,1,0,336.5,115.5,125.6,2.49,0.33,50.3,,,,,7.625
13.24,CARRY,31.2,0.0,-9.63,33.62,-0.01,1,0,337.5,112.0,129.2,2.56,0.35,50.4,,,,,7.875
13.29,CARRY,31.46,0.0,-9.63,33.75,-0.01,1,0,336.5,115.5,125.6,2.49,0.33,49.7,,,,,7.688
13.34,CARRY,31.46,0.0,-9.63,33.88,-0.01,1,0,337.5,112.0,129.2,2.56,0.35,50.0,,,,,7.875
13.4,CARRY,31.71,0.01,-9.63,34.0,-0.01,1,0,336.5,115.5,125.6,2.49,0.33,51.1,,,,,7.594
13.45,CARRY,31.71,0.01,-9.63,34.13,-0.01,1,0,337.5,112.0,129.2,2.56,0.35,49.6,,,,,7.594
13.5,CARRY,31.96,0.01,-9.63,34.26,-0.01,1,0,336.5,115.5,125.6,2.49,0.33,51.4,,,,,7.531
13.55,CARRY,32.22,0.01,-9.63,34.39,-0.01,1,0,335.5,119.0,122.0,2.42,0.31,48.3,,,,,7.469
13.6,CARRY,32.22,0.01,-9.63,34.52,-0.01,1,0,336.0,115.5,125.5,2.49,0.32,49.3,,,,,7.375
13.65,CARRY,32.47,0.01,-9.63,34.64,-0.01,1,0,335.5,119.0,122.0,2.42,0.31,48.9,,,,,7.406
13.7,CARRY,32.47,0.01,-9.63,34.77,-0.01,1,0,336.0,115.5,125.5,2.49,0.32,47.9,,,,,7.344
13.75,CARRY,32.47,0.01,-9.63,34.89,-0.01,1,0,337.0,112.0,129.1,2.56,0.34,47.3,,,,,7.594
13.8,CARRY,32.73,0.01,-9.63,35.02,-0.01,1,0,336.0,115.5,125.5,2.49,0.32,50.5,,,,,7.406
13.85,CARRY,32.73,0.01,-9.63,35.15,-0.01,1,0,336.5,112.0,129.1,2.56,0.33,47.7,,,,,7.562
13.9,CARRY,32.98,0.01,-9.63,35.27,-0.01,1,0,336.0,115.5,125.5,2.49,0.32,48.5,,,,,7.438
13.95,CARRY,32.98,0.01,-9.63,35.4,-0.01,1,0,336.5,112.0,129.1,2.56,0.33,47.4,,,,,7.625
14.0,CARRY,33.24,0.01,-9.63,35.52,-0.01,1,0,336.0,116.0,125.0,2.48,0.32,48.1,,,,,7.375
14.05,CARRY,33.24,0.01,-9.63,35.65,-0.01,1,0,336.5,112.0,129.1,2.56,0.33,47.4,,,,,7.562
14.1,CARRY,33.49,0.01,-9.63,35.77,-0.01,1,0,335.5,116.0,125.0,2.48,0.31,49.6,,,,,7.469
14.15,CARRY,33.74,0.01,-9.63,35.9,-0.01,1,0,335.0,119.5,121.4,2.41,0.3,48.4,,,,,6.781
14.2,CARRY,33.74,0.01,-9.63,36.02,-0.01,1,0,335.5,116.0,125.0,2.48,0.31,47.6,,,,,6.875
14.25,CARRY,34.0,0.01,-9.63,36.15,-0.01,1,0,334.5,119.5,121.4,2.41,0.29,48.2,,,,,7.156
14.3,CARRY,34.0,0.01,-9.63,36.27,-0.01,1,0,335.5,116.0,125.0,2.48,0.31,47.6,,,,,7.062
14.35,CARRY,34.26,0.01,-9.63,36.4,-0.01,1,0,334.5,120.0,120.9,2.4,0.29,48.4,,,,,7.312
14.4,CARRY,34.26,0.01,-9.63,36.52,-0.01,1,0,335.5,116.0,125.0,2.48,0.31,50.0,,,,,7.156
14.46,CARRY,34.26,0.01,-9.63,36.65,-0.01,1,0,336.5,112.5,128.6,2.55,0.33,48.1,,,,,7.406
14.51,CARRY,34.51,0.01,-9.63,36.78,-0.01,1,0,335.5,116.5,124.5,2.47,0.31,48.5,,,,,7.281
14.56,CARRY,34.76,0.01,-9.63,36.9,-0.01,1,0,334.5,120.0,120.9,2.4,0.29,48.6,,,,,7.375
14.61,CARRY,34.76,0.01,-9.63,37.03,-0.01,1,0,335.5,116.5,124.5,2.47,0.31,47.8,,,,,7.219
14.66,CARRY,35.01,0.01,-9.63,37.15,-0.01,1,0,334.5,120.0,120.9,2.4,0.29,48.6,,,,,7.188
14.71,CARRY,35.01,0.01,-9.63,37.28,-0.01,1,0,335.5,116.5,124.5,2.47,0.31,49.8,,,,,7.125
14.76,CARRY,35.26,0.01,-9.63,37.4,-0.01,1,0,335.0,120.0,120.9,2.4,0.3,48.9,,,,,7.062
14.81,CARRY,35.26,0.01,-9.63,37.53,-0.01,1,0,335.5,116.5,124.5,2.47,0.31,47.8,,,,,6.969
14.86,CARRY,35.51,0.01,-9.63,37.66,-0.01,1,0,335.0,120.0,120.9,2.4,0.3,48.7,,,,,7.062
14.91,CARRY,35.51,0.01,-9.63,37.78,-0.01,1,0,335.5,116.5,124.5,2.47,0.31,47.8,,,,,6.906
14.96,CARRY,35.76,0.01,-9.63,37.91,-0.01,1,0,335.0,120.0,120.9,2.4,0.3,48.6,,,,,7.219
15.01,CARRY,35.76,0.01,-9.63,38.03,-0.01,1,0,336.0,116.5,124.5,2.47,0.32,49.8,,,,,7.094
15.06,CARRY,36.01,0.0,-9.63,38.16,-0.01,1,0,335.5,120.0,121.0,2.4,0.31,48.9,,,,,6.938
15.11,CARRY,36.01,0.0,-9.63,38.28,-0.01,1,0,336.0,116.0,125.0,2.48,0.32,47.5,,,,,7.188
15.16,CARRY,36.26,0.0,-9.63,38.41,-0.01,1,0,335.5,119.5,121.5,2.41,0.31,48.6,,,,,7.156
15.21,CARRY,36.26,0.0,-9.63,38.53,-0.01,1,0,336.5,116.0,125.1,2.48,0.33,47.5,,,,,7.312
15.26,CARRY,36.51,0.0,-9.63,38.66,-0.01,1,0,335.5,119.5,121.5,2.41,0.31,48.7,,,,,7.156
15.31,CARRY,36.51,0.0,-9.63,38.78,-0.01,1,0,336.5,116.0,125.1,2.48,0.33,49.6,,,,,7.25
15.36,CARRY,36.75,0.0,-9.63,38.91,-0.01,1,0,335.5,119.5,121.5,2.41,0.31,48.8,,,,,7.031
15.41,CARRY,36.75,0.0,-9.63,39.03,-0.01,1,0,336.5,116.0,125.1,2.48,0.33,47.5,,,,,7.188
15.46,CARRY,37.0,0.0,-9.63,39.16,-0.01,1,0,335.5,119.5,121.5,2.41,0.31,48.7,,,,,7.031
15.51,CARRY,37.0,0.0,-9.63,39.28,-0.01,1,0,336.5,116.0,125.1,2.48,0.33,49.6,,,,,7.188
15.56,CARRY,37.25,0.0,-9.63,39.41,-0.01,1,0,335.5,119.5,121.5,2.41,0.31,48.4,,,,,7.125
15.61,CARRY,37.25,0.0,-9.63,39.54,-0.01,1,0,336.5,116.0,125.1,2.48,0.33,49.4,,,,,7.25
15.66,CARRY,37.5,0.0,-9.63,39.66,-0.01,1,0,335.5,119.0,122.0,2.42,0.31,48.8,,,,,7.188
15.71,CARRY,37.5,0.0,-9.63,39.79,-0.01,1,0,336.5,115.5,125.6,2.49,0.33,47.5,,,,,7.25
15.76,CARRY,37.74,0.0,-9.63,39.91,-0.01,1,0,335.5,119.0,122.0,2.42,0.31,48.6,,,,,7.281
15.81,CARRY,37.74,0.0,-9.63,40.04,-0.01,1,0,336.5,115.5,125.6,2.49,0.33,50.1,,,,,7.281
15.86,CARRY,37.99,0.0,-9.63,40.17,-0.01,1,0,335.5,119.0,122.0,2.42,0.31,48.2,,,,,7.344
15.91,CARRY,37.99,0.0,-9.63,40.29,-0.01,1,0,336.5,115.5,125.6,2.49,0.33,49.0,,,,,7.281
15.96,CARRY,38.23,0.0,-9.63,40.42,-0.01,1,0,335.5,119.0,122.0,2.42,0.31,48.6,,,,,7.438
16.01,CARRY,38.23,0.0,-9.63,40.54,-0.01,1,0,336.5,115.0,126.1,2.5,0.33,47.2,,,,,7.188
16.06,CARRY,38.48,0.0,-9.63,40.67,-0.01,1,0,335.5,118.5,122.5,2.43,0.31,48.5,,,,,7.469
16.11,CARRY,38.48,0.0,-9.63,40.79,-0.01,1,0,336.5,115.0,126.1,2.5,0.33,47.0,,,,,7.312
16.16,CARRY,38.73,0.0,-9.63,40.92,-0.01,1,0,335.5,118.5,122.5,2.43,0.31,48.2,,,,,7.438
16.21,CARRY,38.73,0.0,-9.63,41.04,-0.01,1,0,336.5,115.0,126.1,2.5,0.33,49.4,,,,,7.281
16.26,CARRY,38.98,0.0,-9.63,41.17,-0.01,1,0,335.5,118.5,122.5,2.43,0.31,48.6,,,,,7.375
16.31,CARRY,38.98,0.0,-9.63,41.29,-0.01,1,0,336.5,115.0,126.1,2.5,0.33,47.2,,,,,7.25
16.36,CARRY,39.22,0.0,-9.63,41.42,-0.01,1,0,335.5,118.5,122.5,2.43,0.31,48.5,,,,,7.312
16.41,CARRY,39.22,0.0,-9.63,41.54,-0.01,1,0,336.5,115.0,126.1,2.5,0.33,47.3,,,,,7.219
16.46,CARRY,39.47,0.0,-9.63,41.67,-0.01,1,0,335.5,118.5,122.5,2.43,0.31,48.5,,,,,7.156
16.51,CARRY,39.47,0.0,-9.63,41.79,-0.01,1,0,336.5,115.0,126.1,2.5,0.33,49.7,,,,,7.094
16.56,CARRY,39.72,0.0,-9.63,41.92,-0.01,1,0,335.5,118.5,122.5,2.43,0.31,48.6,,,,,7.125
16.61,CARRY,39.72,0.0,-9.63,42.04,-0.01,1,0,336.5,114.5,126.6,2.51,0.33,47.4,,,,,7.094
16.66,CARRY,39.97,0.0,-9.63,42.17,-0.01,1,0,335.5,118.0,123.0,2.44,0.31,48.4,,,,,7.312
16.71,CARRY,39.97,0.0,-9.63,42.29,-0.01,1,0,336.5,114.5,126.6,2.51,0.33,47.7,,,,,7.25
16.76,CARRY,40.21,-0.0,-9.63,42.42,-0.01,1,0,335.5,118.0,123.0,2.44,0.31,48.7,,,,,7.469
16.81,CARRY,40.21,-0.0,-9.63,42.54,-0.01,1,0,336.5,114.5,126.6,2.51,0.33,49.7,,,,,7.344
16.86,CARRY,40.46,-0.0,-9.63,42.67,-0.01,1,0,336.0,118.0,123.0,2.44,0.32,48.0,,,,,7.531
16.91,CARRY,40.46,-0.0,-9.63,42.8,-0.01,1,0,336.5,114.5,126.6,2.51,0.33,48.2,,,,,7.406
16.96,CARRY,40.71,-0.0,-9.63,42.92,-0.01,1,0,336.0,118.0,123.0,2.44,0.32,49.2,,,,,7.531
17.01,CARRY,40.71,-0.0,-9.63,43.05,-0.01,1,0,337.0,114.5,126.6,2.51,0.34,47.9,,,,,7.438
17.06,CARRY,40.96,-0.0,-9.63,43.17,-0.01,1,0,336.0,118.0,123.0,2.44,0.32,49.4,,,,,7.625
17.11,CARRY,40.96,-0.0,-9.63,43.3,-0.01,1,0,337.0,114.0,127.1,2.52,0.34,50.7,,,,,7.469
17.17,CARRY,41.21,-0.0,-9.63,43.43,-0.01,1,0,336.0,117.5,123.5,2.45,0.32,49.0,,,,,7.656
17.22,CARRY,41.21,-0.0,-9.63,43.55,-0.01,1,0,337.0,114.0,127.1,2.52,0.34,48.7,,,,,7.469
17.27,CARRY,41.46,-0.0,-9.63,43.68,-0.01,1,0,336.0,117.5,123.5,2.45,0.32,48.9,,,,,7.656
17.32,CARRY,41.46,-0.0,-9.63,43.8,-0.01,1,0,337.0,114.0,127.1,2.52,0.34,48.9,,,,,7.5
17.37,CARRY,41.7,-0.0,-9.63,43.93,-0.01,1,0,336.0,117.5,123.5,2.45,0.32,48.6,,,,,7.75
17.42,CARRY,41.7,-0.0,-9.63,44.05,-0.01,1,0,337.0,114.0,127.1,2.52,0.34,50.4,,,,,7.562
17.47,CARRY,41.95,-0.0,-9.63,44.18,-0.01,1,0,336.5,117.5,123.6,2.45,0.33,48.5,,,,,7.656
17.52,CARRY,41.95,-0.0,-9.63,44.31,-0.01,1,0,337.0,114.0,127.1,2.52,0.34,48.6,,,,,7.406
17.57,CARRY,42.2,-0.0,-9.63,44.43,-0.01,1,0,336.5,117.5,123.6,2.45,0.33,49.2,,,,,7.562
17.62,CARRY,42.2,-0.0,-9.63,44.56,-0.01,1,0,337.0,114.0,127.1,2.52,0.34,48.6,,,,,7.344
17.67,CARRY,42.45,-0.0,-9.63,44.68,-0.01,1,0,336.5,117.5,123.6,2.45,0.33,48.2,,,,,7.281
17.72,CARRY,42.45,-0.0,-9.63,44.81,-0.01,1,0,337.0,114.0,127.1,2.52,0.34,49.0,,,,,7.0
17.77,CARRY,42.7,-0.0,-9.63,44.93,-0.01,1,0,336.5,117.5,123.6,2.45,0.33,48.4,,,,,7.094
17.82,CARRY,42.7,-0.0,-9.63,45.06,-0.01,1,0,337.0,114.0,127.1,2.52,0.34,48.2,,,,,6.844
17.87,CARRY,42.95,-0.0,-9.63,45.18,-0.01,1,0,336.5,117.5,123.6,2.45,0.33,48.8,,,,,7.0
17.92,CARRY,42.95,-0.0,-9.63,45.31,-0.01,1,0,337.0,113.5,127.6,2.53,0.34,48.5,,,,,6.812
17.97,CARRY,43.2,-0.0,-9.63,45.43,-0.01,1,0,336.5,117.0,124.1,2.46,0.33,50.7,,,,,7.062
18.02,CARRY,43.2,-0.0,-9.63,45.56,-0.01,1,0,337.5,113.5,127.7,2.53,0.35,50.9,,,,,6.938
18.07,CARRY,43.45,-0.0,-9.63,45.69,-0.01,1,0,336.5,117.0,124.1,2.46,0.33,54.7,,,,,7.094
18.13,CARRY,43.45,-0.0,-9.63,45.83,-0.01,1,0,337.5,113.0,128.2,2.54,0.35,48.8,,,,,7.031
18.18,CARRY,43.7,-0.0,-9.63,45.96,-0.01,1,0,336.5,116.5,124.6,2.47,0.33,49.9,,,,,6.906
18.23,CARRY,43.7,-0.0,-9.63,46.09,-0.01,1,0,337.5,113.0,128.2,2.54,0.35,48.7,,,,,6.875
18.28,CARRY,43.95,-0.0,-9.63,46.21,-0.01,1,0,336.5,116.5,124.6,2.47,0.33,50.6,,,,,6.906
18.33,CARRY,43.95,-0.0,-9.63,46.34,-0.01,1,0,337.5,112.5,128.7,2.55,0.35,48.1,,,,,6.938
18.38,CARRY,44.2,-0.0,-9.63,46.47,-0.01,1,0,336.5,116.5,124.6,2.47,0.33,48.7,,,,,7.125
18.43,CARRY,44.2,-0.0,-9.63,46.59,-0.01,1,0,337.5,112.5,128.7,2.55,0.35,47.5,,,,,7.188
18.48,CARRY,44.45,0.0,-9.63,46.72,-0.01,1,0,336.5,116.5,124.6,2.47,0.33,49.7,,,,,6.969
18.53,CARRY,44.45,0.0,-9.63,46.84,-0.01,1,0,337.5,112.5,128.7,2.55,0.35,46.6,,,,,7.031
18.58,CARRY,44.7,0.0,-9.63,46.97,-0.01,1,0,336.5,116.5,124.6,2.47,0.33,50.3,,,,,7.656
18.63,CARRY,44.7,0.0,-9.63,47.1,-0.01,1,0,337.5,112.5,128.7,2.55,0.35,50.1,,,,,7.781
18.68,CARRY,44.95,0.0,-9.63,47.22,-0.01,1,0,336.5,116.0,125.1,2.48,0.33,50.5,,,,,7.844
18.74,CARRY,44.95,0.0,-9.63,47.35,-0.01,1,0,337.5,112.5,128.7,2.55,0.35,47.9,,,,,7.969
18.79,CARRY,45.2,0.0,-9.63,47.48,-0.01,1,0,336.5,116.0,125.1,2.48,0.33,48.2,,,,,7.688
18.84,CARRY,45.2,0.0,-9.63,47.6,-0.01,1,0,337.5,112.5,128.7,2.55,0.35,47.4,,,,,7.812
18.89,CARRY,45.45,0.0,-9.63,47.73,-0.01,1,0,336.5,116.0,125.1,2.48,0.33,50.3,,,,,7.656
18.94,CARRY,45.45,0.0,-9.63,47.86,-0.01,1,0,337.5,112.5,128.7,2.55,0.35,49.9,,,,,7.781
18.99,CARRY,45.71,0.0,-9.63,47.98,-0.01,1,0,336.5,116.0,125.1,2.48,0.33,49.6,,,,,7.688
19.04,CARRY,45.71,0.0,-9.63,48.11,-0.01,1,0,337.5,112.5,128.7,2.55,0.35,49.9,,,,,7.75
19.09,CARRY,45.96,0.0,-9.63,48.24,-0.01,1,0,336.5,116.0,125.1,2.48,0.33,48.8,,,,,7.688
19.14,CARRY,45.96,0.0,-9.63,48.36,-0.01,1,0,337.0,112.5,128.6,2.55,0.34,50.4,,,,,7.781
19.19,CARRY,46.21,0.0,-9.63,48.49,-0.01,1,0,336.5,116.0,125.1,2.48,0.33,50.0,,,,,7.5
19.24,CARRY,46.21,0.0,-9.63,48.62,-0.01,1,0,337.0,112.5,128.6,2.55,0.34,48.6,,,,,7.688
19.29,CARRY,46.47,0.0,-9.63,48.74,-0.01,1,0,336.0,116.0,125.0,2.48,0.32,48.0,,,,,7.562
19.34,CARRY,46.47,0.0,-9.63,48.87,-0.01,1,0,337.0,112.5,128.6,2.55,0.34,49.3,,,,,7.75
19.39,CARRY,46.72,0.0,-9.63,48.99,-0.01,1,0,336.0,116.0,125.0,2.48,0.32,48.7,,,,,7.625
19.44,CARRY,46.72,0.0,-9.63,49.12,-0.01,1,0,337.0,112.5,128.6,2.55,0.34,50.3,,,,,7.75
19.49,CARRY,46.98,0.01,-9.63,49.25,-0.01,1,0,336.0,116.0,125.0,2.48,0.32,50.6,,,,,7.719
19.55,CARRY,46.98,0.01,-9.63,49.38,-0.01,1,0,337.0,112.5,128.6,2.55,0.34,49.2,,,,,7.875
19.6,CARRY,47.23,0.01,-9.63,49.5,-0.01,1,0,336.0,116.0,125.0,2.48,0.32,50.9,,,,,7.719
19.65,CARRY,47.23,0.01,-9.63,49.63,-0.01,1,0,337.0,112.5,128.6,2.55,0.34,47.8,,,,,7.906
19.7,CARRY,47.48,0.01,-9.63,49.76,-0.01,1,0,336.0,116.0,125.0,2.48,0.32,50.2,,,,,7.688
19.75,CARRY,47.48,0.01,-9.63,49.89,-0.01,1,0,337.0,112.5,128.6,2.55,0.34,49.8,,,,,7.938
19.8,CARRY,47.74,0.01,-9.63,50.01,-0.01,1,0,336.0,116.0,125.0,2.48,0.32,49.6,,,,,7.719
19.85,CARRY,47.74,0.01,-9.63,50.14,-0.01,1,0,337.0,112.5,128.6,2.55,0.34,50.0,,,,,7.812
19.9,CARRY,48.0,0.01,-9.63,50.27,-0.01,1,0,336.0,116.0,125.0,2.48,0.32,51.0,,,,,7.812
19.95,CARRY,48.0,0.01,-9.63,50.4,-0.01,1,0,337.0,112.5,128.6,2.55,0.34,50.0,,,,,8.062
20.0,CARRY,48.25,0.01,-9.63,50.52,-0.01,1,0,336.0,116.0,125.0,2.48,0.32,48.6,,,,,8.062
20.05,CARRY,48.5,0.01,-9.63,50.65,-0.01,1,0,335.0,119.5,121.4,2.41,0.3,51.4,,,,,7.625
20.11,CARRY,48.5,0.01,-9.63,50.78,-0.01,1,0,336.0,116.0,125.0,2.48,0.32,47.0,,,,,7.844
20.16,CARRY,48.76,0.01,-9.63,50.91,-0.01,1,0,335.0,119.5,121.4,2.41,0.3,50.6,,,,,7.5
20.21,CARRY,48.76,0.01,-9.63,51.04,-0.01,1,0,336.0,116.0,125.0,2.48,0.32,49.1,,,,,7.688
20.26,CARRY,49.01,0.0,-9.63,51.16,-0.01,1,0,335.5,119.5,121.5,2.41,0.31,52.6,,,,,7.312
20.31,CARRY,49.01,0.0,-9.63,51.29,-0.01,1,0,336.5,116.0,125.1,2.48,0.33,49.8,,,,,7.5
20.36,CARRY,49.26,0.0,-9.63,51.42,-0.01,1,0,335.5,119.5,121.5,2.41,0.31,50.2,,,,,7.188
20.41,CARRY,49.26,0.0,-9.63,51.55,-0.01,1,0,336.5,115.5,125.6,2.49,0.33,48.1,,,,,7.344
20.46,CARRY,49.52,0.0,-9.63,51.67,-0.01,1,0,335.5,119.5,121.5,2.41,0.31,50.9,,,,,7.219
20.52,CARRY,49.52,0.0,-9.63,51.8,-0.01,1,0,336.5,115.5,125.6,2.49,0.33,50.7,,,,,7.312
20.57,CARRY,49.77,0.0,-9.63,51.93,-0.01,1,0,335.5,119.0,122.0,2.42,0.31,50.7,,,,,7.406
20.62,CARRY,49.77,0.0,-9.63,52.06,-0.01,1,0,336.5,115.5,125.6,2.49,0.33,49.4,,,,,7.375
20.67,CARRY,50.02,0.0,-9.63,52.19,-0.01,1,0,335.5,119.0,122.0,2.42,0.31,48.5,,,,,7.5
20.72,CARRY,50.02,0.0,-9.63,52.31,-0.01,1,0,336.5,115.5,125.6,2.49,0.33,50.7,,,,,7.375
20.77,CARRY,50.26,0.0,-9.63,52.44,-0.01,1,0,335.5,119.0,122.0,2.42,0.31,49.6,,,,,7.438
20.82,CARRY,50.26,0.0,-9.63,52.57,-0.01,1,0,336.5,115.0,126.1,2.5,0.33,50.5,,,,,7.156
20.87,CARRY,50.51,0.0,-9.63,52.7,-0.01,1,0,335.5,118.5,122.5,2.43,0.31,52.8,,,,,7.5
20.93,CARRY,50.51,0.0,-9.63,52.83,-0.01,1,0,336.5,115.0,126.1,2.5,0.33,48.0,,,,,7.344
20.98,CARRY,50.76,0.0,-9.63,52.96,-0.01,1,0,335.5,118.5,122.5,2.43,0.31,51.5,,,,,7.438
21.03,CARRY,50.76,0.0,-9.63,53.09,-0.01,1,0,336.5,114.5,126.6,2.51,0.33,48.2,,,,,7.344
21.08,CARRY,51.01,0.0,-9.63,53.22,-0.01,1,0,335.5,118.0,123.0,2.44,0.31,51.1,,,,,7.5
21.13,CARRY,51.01,0.0,-9.63,53.35,-0.01,1,0,336.5,114.5,126.6,2.51,0.33,48.1,,,,,7.25
21.18,CARRY,51.26,0.0,-9.63,53.47,-0.01,1,0,335.5,118.0,123.0,2.44,0.31,48.4,,,,,7.5
21.23,CARRY,51.26,0.0,-9.63,53.6,-0.01,1,0,336.5,114.5,126.6,2.51,0.33,50.1,,,,,7.219
21.28,CARRY,51.51,0.0,-9.63,53.72,-0.01,1,0,335.5,117.5,123.5,2.45,0.31,49.7,,,,,7.25
21.33,CARRY,51.51,0.0,-9.63,53.85,-0.01,1,0,336.5,114.0,127.1,2.52,0.33,51.7,,,,,7.125
21.39,CARRY,51.75,0.0,-9.63,53.98,-0.01,1,0,335.5,117.5,123.5,2.45,0.31,48.1,,,,,7.469
21.44,CARRY,51.75,0.0,-9.63,54.11,-0.01,1,0,336.5,114.0,127.1,2.52,0.33,50.3,,,,,7.156
21.49,CARRY,52.0,0.0,-9.63,54.24,-0.01,1,0,336.0,117.5,123.5,2.45,0.32,49.1,,,,,7.5
21.54,CARRY,52.0,0.0,-9.63,54.36,-0.01,1,0,336.5,113.5,127.6,2.53,0.33,47.2,,,,,7.469
21.59,CARRY,52.25,0.0,-9.63,54.49,-0.01,1,0,336.0,117.0,124.0,2.46,0.32,50.2,,,,,7.719
21.64,CARRY,52.25,0.0,-9.63,54.61,-0.01,1,0,337.0,113.5,127.6,2.53,0.34,48.8,,,,,7.781
21.69,CARRY,52.5,0.0,-9.63,54.74,-0.01,1,0,336.0,117.0,124.0,2.46,0.32,48.0,,,,,7.969
21.74,CARRY,52.5,0.0,-9.63,54.86,-0.01,1,0,337.0,113.5,127.6,2.53,0.34,49.6,,,,,7.812
21.79,CARRY,52.75,0.0,-9.63,54.99,-0.01,1,0,336.0,117.0,124.0,2.46,0.32,50.7,,,,,7.906
21.84,CARRY,52.75,0.0,-9.63,55.12,-0.01,1,0,337.0,113.5,127.6,2.53,0.34,48.4,,,,,7.812
21.89,CARRY,53.0,0.0,-9.63,55.25,-0.01,1,0,336.0,117.0,124.0,2.46,0.32,51.4,,,,,7.906
21.95,CARRY,53.0,0.0,-9.63,55.38,-0.01,1,0,337.0,113.0,128.1,2.54,0.34,47.8,,,,,7.781
22.0,CARRY,53.25,0.0,-9.63,55.5,-0.01,1,0,336.0,117.0,124.0,2.46,0.32,51.4,,,,,7.875
22.05,CARRY,53.25,0.0,-9.63,55.63,-0.01,1,0,337.0,113.0,128.1,2.54,0.34,47.9,,,,,7.781
22.1,CARRY,53.5,0.0,-9.63,55.76,-0.01,1,0,336.5,116.5,124.6,2.47,0.33,50.8,,,,,7.75
22.15,CARRY,53.5,0.0,-9.63,55.89,-0.01,1,0,337.5,113.0,128.2,2.54,0.35,47.7,,,,,7.75
22.2,CARRY,53.75,0.0,-9.63,56.01,-0.01,1,0,336.5,116.5,124.6,2.47,0.33,50.8,,,,,7.719
22.25,CARRY,54.0,0.0,-9.63,56.14,-0.01,1,0,335.5,120.0,121.0,2.4,0.31,48.7,,,,,7.594
22.3,CARRY,54.0,0.0,-9.63,56.27,-0.01,1,0,336.5,116.5,124.6,2.47,0.33,50.0,,,,,7.562
22.35,CARRY,54.0,0.0,-9.63,56.4,-0.01,1,0,337.5,112.5,128.7,2.55,0.35,47.9,,,,,7.656
22.4,CARRY,54.25,0.0,-9.63,56.52,-0.01,1,0,336.5,116.0,125.1,2.48,0.33,52.0,,,,,7.438
22.46,CARRY,54.25,0.0,-9.63,56.65,-0.01,1,0,337.5,112.5,128.7,2.55,0.35,48.2,,,,,7.625
22.51,CARRY,54.5,0.0,-9.63,56.78,-0.01,1,0,336.5,116.0,125.1,2.48,0.33,51.8,,,,,7.406
22.56,CARRY,54.75,0.0,-9.63,56.91,-0.01,1,0,335.5,119.5,121.5,2.41,0.31,49.4,,,,,7.25
22.61,CARRY,54.75,0.0,-9.63,57.04,-0.01,1,0,336.5,116.0,125.1,2.48,0.33,49.3,,,,,7.219
22.66,CARRY,55.0,0.0,-9.63,57.16,-0.01,1,0,335.5,119.5,121.5,2.41,0.31,49.6,,,,,7.219
22.71,CARRY,55.0,0.0,-9.63,57.29,-0.01,1,0,336.5,116.0,125.1,2.48,0.33,48.1,,,,,7.219
22.76,CARRY,55.25,0.0,-9.63,57.41,-0.01,1,0,335.5,119.5,121.5,2.41,0.31,48.3,,,,,7.094
22.81,CARRY,55.25,0.0,-9.63,57.54,-0.01,1,0,336.5,116.0,125.1,2.48,0.33,50.4,,,,,7.062
22.86,CARRY,55.5,0.0,-9.63,57.67,-0.01,1,0,335.5,119.0,122.0,2.42,0.31,49.1,,,,,7.0
22.91,CARRY,55.5,0.0,-9.63,57.79,-0.01,1,0,336.5,115.5,125.6,2.49,0.33,49.7,,,,,6.938
22.96,CARRY,55.75,0.0,-9.63,57.92,-0.01,1,0,335.5,119.0,122.0,2.42,0.31,50.8,,,,,7.031
23.01,CARRY,55.75,0.0,-9.63,58.05,-0.01,1,0,336.5,115.5,125.6,2.49,0.33,48.4,,,,,6.844
23.06,CARRY,56.0,0.0,-9.63,58.17,-0.01,1,0,335.5,119.0,122.0,2.42,0.31,50.3,,,,,7.031
23.12,CARRY,56.0,0.0,-9.63,58.3,-0.01,1,0,336.5,115.5,125.6,2.49,0.33,48.2,,,,,7.062
23.17,CARRY,56.25,0.0,-9.63,58.43,-0.01,1,0,335.5,119.0,122.0,2.42,0.31,50.2,,,,,7.219
23.22,CARRY,56.25,0.0,-9.63,58.56,-0.01,1,0,336.5,115.0,126.1,2.5,0.33,48.8,,,,,7.156
23.27,CARRY,56.5,0.0,-9.63,58.68,-0.01,1,0,335.5,119.0,122.0,2.42,0.31,53.8,,,,,7.156
23.32,CARRY,56.5,0.0,-9.63,58.82,-0.01,1,0,336.5,115.0,126.1,2.5,0.33,47.3,,,,,7.094
23.37,CARRY,56.75,0.0,-9.63,58.94,-0.01,1,0,335.5,118.5,122.5,2.43,0.31,50.9,,,,,7.062
23.42,CARRY,56.75,0.0,-9.63,59.07,-0.01,1,0,336.5,114.5,126.6,2.51,0.33,49.1,,,,,7.062
23.47,CARRY,57.0,0.0,-9.63,59.2,-0.01,1,0,335.5,118.0,123.0,2.44,0.31,50.6,,,,,7.25
23.53,CARRY,57.0,0.0,-9.63,59.33,-0.01,1,0,336.5,114.5,126.6,2.51,0.33,49.2,,,,,7.188
23.58,CARRY,57.25,0.0,-9.62,59.45,-0.01,1,0,335.5,118.0,123.0,2.44,0.31,49.5,,,,,7.312
23.63,CARRY,57.25,0.0,-9.62,59.58,-0.01,1,0,336.5,114.5,126.6,2.51,0.33,49.1,,,,,7.219
23.68,CARRY,57.49,0.0,-9.62,59.7,-0.01,1,0,335.5,118.0,123.0,2.44,0.31,50.3,,,,,7.406
23.73,CARRY,57.49,0.0,-9.62,59.83,-0.01,1,0,336.5,114.5,126.6,2.51,0.33,49.0,,,,,7.281
23.78,CARRY,57.74,0.0,-9.62,59.96,-0.01,1,0,336.0,118.0,123.0,2.44,0.32,48.7,,,,,7.562
23.83,CARRY,57.74,0.0,-9.62,60.08,-0.01,1,0,336.5,114.5,126.6,2.51,0.33,49.4,,,,,7.375
23.88,CARRY,57.99,0.0,-9.63,60.21,-0.01,1,0,336.0,118.0,123.0,2.44,0.32,49.5,,,,,7.562
23.93,CARRY,57.99,0.0,-9.63,60.34,-0.01,1,0,336.5,114.0,127.1,2.52,0.33,48.0,,,,,7.344
23.98,CARRY,58.24,-0.0,-9.63,60.46,-0.01,1,0,336.0,118.0,123.0,2.44,0.32,50.3,,,,,7.531
24.03,CARRY,58.24,-0.0,-9.63,60.59,-0.01,1,0,337.0,114.0,127.1,2.52,0.34,49.6,,,,,7.344
24.08,CARRY,58.5,-0.0,-9.63,60.72,-0.01,1,0,336.0,117.5,123.5,2.45,0.32,49.3,,,,,7.656
24.13,CARRY,58.5,-0.0,-9.63,60.84,-0.01,1,0,337.0,114.0,127.1,2.52,0.34,47.7,,,,,7.344
24.18,CARRY,58.75,-0.0,-9.63,60.97,-0.01,1,0,336.0,117.5,123.5,2.45,0.32,50.1,,,,,7.594
24.23,CARRY,58.75,-0.0,-9.63,61.09,-0.01,1,0,337.0,114.0,127.1,2.52,0.34,49.8,,,,,7.375
24.28,CARRY,58.99,-0.0,-9.63,61.22,-0.01,1,0,336.0,117.5,123.5,2.45,0.32,50.2,,,,,7.562
24.33,CARRY,58.99,-0.0,-9.63,61.35,-0.01,1,0,337.0,114.0,127.1,2.52,0.34,48.2,,,,,7.406
24.38,CARRY,59.24,-0.0,-9.63,61.47,-0.01,1,0,336.5,117.5,123.6,2.45,0.33,50.3,,,,,7.562
24.44,CARRY,59.24,-0.0,-9.63,61.6,-0.01,1,0,337.5,113.5,127.7,2.53,0.35,48.8,,,,,7.469
24.49,CARRY,59.5,-0.0,-9.63,61.73,-0.01,1,0,336.5,117.5,123.6,2.45,0.33,50.3,,,,,7.625
24.54,CARRY,59.5,-0.0,-9.63,61.86,-0.01,1,0,337.5,113.5,127.7,2.53,0.35,49.6,,,,,7.562
24.59,CARRY,59.75,-0.0,-9.63,61.98,-0.01,1,0,336.5,117.0,124.1,2.46,0.33,50.0,,,,,7.625
24.64,CARRY,59.75,-0.0,-9.63,62.11,-0.01,1,0,337.5,113.5,127.7,2.53,0.35,48.8,,,,,7.375
24.69,CARRY,60.0,-0.0,-9.63,62.24,-0.01,1,0,336.5,117.0,124.1,2.46,0.33,48.2,,,,,7.594
24.74,CARRY,60.0,-0.0,-9.63,62.36,-0.01,1,0,337.5,113.5,127.7,2.53,0.35,49.8,,,,,7.594
24.79,CARRY,60.25,-0.0,-9.63,62.49,-0.01,1,0,336.5,117.0,124.1,2.46,0.33,49.6,,,,,7.844
24.84,CARRY,60.25,-0.0,-9.63,62.61,-0.01,1,0,337.5,113.5,127.7,2.53,0.35,49.7,,,,,7.75
24.89,CARRY,60.5,-0.0,-9.63,62.74,-0.01,1,0,336.5,117.0,124.1,2.46,0.33,50.7,,,,,7.875
24.94,CARRY,60.5,-0.0,-9.63,62.87,-0.01,1,0,337.5,113.5,127.7,2.53,0.35,49.6,,,,,7.781
24.99,CARRY,60.75,-0.0,-9.63,63.0,-0.01,1,0,336.5,117.0,124.1,2.46,0.33,50.6,,,,,7.875
25.05,CARRY,60.75,-0.0,-9.63,63.13,-0.01,1,0,337.5,113.0,128.2,2.54,0.35,50.9,,,,,7.875
25.1,CARRY,61.0,-0.0,-9.63,63.26,-0.01,1,0,336.5,116.5,124.6,2.47,0.33,49.8,,,,,7.844
25.15,CARRY,61.0,-0.0,-9.63,63.38,-0.01,1,0,337.5,113.0,128.2,2.54,0.35,47.4,,,,,7.875
25.2,CARRY,61.25,-0.0,-9.63,63.51,-0.01,1,0,336.5,116.5,124.6,2.47,0.33,50.2,,,,,7.875
25.25,CARRY,61.25,-0.0,-9.63,63.64,-0.01,1,0,337.5,113.0,128.2,2.54,0.35,50.0,,,,,7.906
25.3,CARRY,61.5,-0.0,-9.63,63.76,-0.01,1,0,336.5,116.5,124.6,2.47,0.33,49.3,,,,,7.906
25.35,CARRY,61.5,-0.0,-9.63,63.89,-0.01,1,0,337.5,113.0,128.2,2.54,0.35,48.0,,,,,7.938
25.4,CARRY,61.75,-0.0,-9.63,64.02,-0.01,1,0,336.5,116.5,124.6,2.47,0.33,48.1,,,,,8.0
25.45,CARRY,61.75,-0.0,-9.63,64.14,-0.01,1,0,337.5,113.0,128.2,2.54,0.35,50.4,,,,,7.938
25.5,CARRY,62.0,0.0,-9.63,64.27,-0.01,1,0,336.5,116.5,124.6,2.47,0.33,50.2,,,,,7.844
25.55,CARRY,62.25,0.0,-9.63,64.4,-0.01,1,0,335.5,120.0,121.0,2.4,0.31,50.6,,,,,7.812
25.61,CARRY,62.25,0.0,-9.63,64.53,-0.01,1,0,336.5,116.0,125.1,2.48,0.33,49.0,,,,,7.75
25.66,CARRY,62.51,0.0,-9.63,64.65,-0.01,1,0,335.5,120.0,121.0,2.4,0.31,50.3,,,,,7.625
25.71,CARRY,62.51,0.0,-9.63,64.78,-0.01,1,0,336.5,116.0,125.1,2.48,0.33,49.1,,,,,7.531
25.76,CARRY,62.76,0.0,-9.63,64.91,-0.01,1,0,335.5,119.5,121.5,2.41,0.31,50.3,,,,,7.469
25.81,CARRY,62.76,0.0,-9.63,65.03,-0.01,1,0,336.5,116.0,125.1,2.48,0.33,50.0,,,,,7.438
25.86,CARRY,63.01,0.0,-9.63,65.16,-0.01,1,0,335.5,119.5,121.5,2.41,0.31,50.3,,,,,7.25
25.91,CARRY,63.01,0.0,-9.63,65.29,-0.01,1,0,336.5,116.0,125.1,2.48,0.33,49.7,,,,,7.344
25.96,CARRY,63.26,0.0,-9.63,65.42,-0.01,1,0,335.5,119.5,121.5,2.41,0.31,48.9,,,,,7.281
26.01,CARRY,63.26,0.0,-9.63,65.54,-0.01,1,0,336.5,116.0,125.1,2.48,0.33,48.3,,,,,7.344
26.06,CARRY,63.51,0.0,-9.63,65.67,-0.01,1,0,335.5,119.5,121.5,2.41,0.31,50.6,,,,,7.25
26.11,CARRY,63.51,0.0,-9.63,65.8,-0.01,1,0,336.5,116.0,125.1,2.48,0.33,49.6,,,,,7.312
26.16,CARRY,63.76,0.0,-9.63,65.92,-0.01,1,0,335.5,119.5,121.5,2.41,0.31,48.5,,,,,7.219
26.21,CARRY,63.76,0.0,-9.63,66.05,-0.01,1,0,336.5,115.5,125.6,2.49,0.33,48.3,,,,,7.125
26.26,CARRY,64.01,0.0,-9.62,66.17,-0.01,1,0,335.5,119.0,122.0,2.42,0.31,48.8,,,,,7.156
26.31,CARRY,64.01,0.0,-9.62,66.3,-0.01,1,0,336.5,115.5,125.6,2.49,0.33,50.8,,,,,7.312
26.37,CARRY,64.25,0.0,-9.62,66.43,-0.01,1,0,335.5,119.0,122.0,2.42,0.31,51.3,,,,,7.281
26.42,CARRY,64.25,0.0,-9.62,66.56,-0.01,1,0,336.5,115.0,126.1,2.5,0.33,49.7,,,,,7.125
26.47,CARRY,64.5,0.0,-9.62,66.69,-0.01,1,0,335.5,118.5,122.5,2.43,0.31,51.1,,,,,7.188
26.52,CARRY,64.5,0.0,-9.62,66.82,-0.01,1,0,336.5,115.0,126.1,2.5,0.33,49.4,,,,,7.094
26.57,CARRY,64.75,0.0,-9.62,66.94,-0.01,1,0,335.5,118.5,122.5,2.43,0.31,50.2,,,,,7.156
26.62,CARRY,64.75,0.0,-9.62,67.07,-0.01,1,0,336.5,115.0,126.1,2.5,0.33,49.7,,,,,7.094
26.67,CARRY,65.0,0.0,-9.62,67.2,-0.01,1,0,335.5,118.5,122.5,2.43,0.31,49.2,,,,,7.219
26.72,CARRY,65.0,0.0,-9.62,67.32,-0.01,1,0,336.5,114.5,126.6,2.51,0.33,51.2,,,,,7.25
26.78,CARRY,65.25,0.0,-9.62,67.45,-0.01,1,0,335.5,118.0,123.0,2.44,0.31,50.5,,,,,7.469
26.83,CARRY,65.25,0.0,-9.62,67.58,-0.01,1,0,336.5,114.5,126.6,2.51,0.33,49.4,,,,,7.344
26.88,CARRY,65.49,0.0,-9.62,67.71,-0.01,1,0,335.5,118.0,123.0,2.44,0.31,49.8,,,,,7.688
26.93,CARRY,65.49,0.0,-9.62,67.84,-0.01,1,0,336.5,114.0,127.1,2.52,0.33,50.5,,,,,7.375
26.98,CARRY,65.74,0.0,-9.62,67.96,-0.01,1,0,335.5,117.5,123.5,2.45,0.31,49.4,,,,,7.844
27.03,CARRY,65.74,0.0,-9.62,68.09,-0.01,1,0,336.5,114.0,127.1,2.52,0.33,50.1,,,,,7.688
27.08,CARRY,65.99,0.0,-9.62,68.22,-0.01,1,0,336.0,117.5,123.5,2.45,0.32,49.5,,,,,7.938
27.13,CARRY,65.99,0.0,-9.62,68.34,-0.01,1,0,336.5,114.0,127.1,2.52,0.33,51.0,,,,,7.812
27.18,CARRY,66.24,0.0,-9.62,68.47,-0.01,1,0,336.0,117.0,124.0,2.46,0.32,49.0,,,,,7.969
27.23,CARRY,66.24,0.0,-9.62,68.6,-0.01,1,0,337.0,113.5,127.6,2.53,0.34,49.1,,,,,7.938
27.28,CARRY,66.48,0.0,-9.62,68.72,-0.01,1,0,336.0,117.0,124.0,2.46,0.32,51.3,,,,,8.062
27.34,CARRY,66.48,0.0,-9.62,68.86,-0.01,1,0,337.0,113.5,127.6,2.53,0.34,48.5,,,,,7.906
27.39,CARRY,66.73,0.0,-9.63,68.98,-0.01,1,0,336.0,117.0,124.0,2.46,0.32,49.1,,,,,8.0
27.44,CARRY,66.73,0.0,-9.63,69.11,-0.01,1,0,337.0,113.5,127.6,2.53,0.34,50.7,,,,,7.906
27.49,CARRY,66.98,0.0,-9.63,69.24,-0.01,1,0,336.0,116.5,124.5,2.47,0.32,49.3,,,,,7.844
27.54,CARRY,66.98,0.0,-9.63,69.36,-0.01,1,0,337.0,113.0,128.1,2.54,0.34,50.0,,,,,7.906
27.59,CARRY,67.23,0.0,-9.63,69.49,-0.01,1,0,336.0,116.5,124.5,2.47,0.32,50.6,,,,,7.75
27.64,CARRY,67.23,0.0,-9.63,69.62,-0.01,1,0,337.0,113.0,128.1,2.54,0.34,49.5,,,,,7.812
27.69,CARRY,67.48,0.0,-9.63,69.74,-0.01,1,0,336.5,116.5,124.6,2.47,0.33,50.4,,,,,7.75
27.74,CARRY,67.48,0.0,-9.63,69.87,-0.01,1,0,337.0,112.5,128.6,2.55,0.34,48.6,,,,,7.938
27.79,CARRY,67.73,0.0,-9.63,70.0,-0.01,1,0,336.5,116.5,124.6,2.47,0.33,48.9,,,,,7.812
27.84,CARRY,67.73,0.0,-9.63,70.12,-0.01,1,0,337.0,112.5,128.6,2.55,0.34,49.1,,,,,7.844
27.89,CARRY,67.98,0.0,-9.63,70.25,-0.01,1,0,336.0,116.5,124.5,2.47,0.32,50.9,,,,,8.062
27.95,CARRY,67.98,0.0,-9.63,70.38,-0.01,1,0,337.0,112.5,128.6,2.55,0.34,48.9,,,,,8.312
28.0,CARRY,68.23,0.0,-9.63,70.5,-0.01,1,0,336.0,116.0,125.0,2.48,0.32,49.2,,,,,8.375
28.05,CARRY,68.23,0.0,-9.63,70.63,-0.01,1,0,337.0,112.5,128.6,2.55,0.34,48.3,,,,,8.5
28.1,CARRY,68.48,0.0,-9.63,70.75,-0.01,1,0,336.0,116.5,124.5,2.47,0.32,48.9,,,,,8.375
28.15,CARRY,68.48,0.0,-9.63,70.88,-0.01,1,0,337.0,112.5,128.6,2.55,0.34,47.9,,,,,8.5
28.2,CARRY,68.74,0.0,-9.63,71.0,-0.01,1,0,336.0,116.5,124.5,2.47,0.32,48.1,,,,,8.312
28.25,CARRY,68.74,0.0,-9.63,71.13,-0.01,1,0,337.0,112.5,128.6,2.55,0.34,49.6,,,,,8.438
28.3,CARRY,68.99,0.0,-9.63,71.26,-0.01,1,0,336.0,116.5,124.5,2.47,0.32,48.6,,,,,8.312
28.35,CARRY,68.99,0.0,-9.63,71.38,-0.01,1,0,337.0,112.5,128.6,2.55,0.34,48.4,,,,,8.438
28.4,CARRY,69.24,0.0,-9.63,71.51,-0.01,1,0,335.5,116.5,124.5,2.47,0.31,48.5,,,,,8.125
28.45,CARRY,69.24,0.0,-9.63,71.63,-0.01,1,0,336.0,112.5,128.5,2.55,0.32,52.0,,,,,8.188
28.5,CARRY,69.49,0.0,-9.63,71.76,-0.01,1,0,334.5,122.5,118.4,2.35,0.29,49.6,,,,,8.125
28.55,CARRY,69.49,0.0,-9.63,71.89,-0.01,1,0,335.0,119.0,121.9,2.42,0.3,48.6,,,,,8.062
28.6,CARRY,69.74,0.01,-9.63,72.01,-0.01,1,0,333.5,129.5,111.3,2.21,0.27,50.3,,,,,7.906
28.65,CARRY,69.74,0.01,-9.63,72.14,-0.01,1,0,334.0,126.0,114.9,2.28,0.28,51.2,,,,,7.969
28.7,CARRY,70.0,0.0,-9.63,72.27,-0.01,1,0,332.5,136.5,104.3,2.07,0.25,47.9,,,,,8.062
28.75,CARRY,70.25,0.0,-9.63,72.4,-0.01,1,0,331.5,147.0,93.7,1.86,0.23,50.8,,,,,7.875
28.81,CARRY,70.25,0.0,-9.63,72.53,-0.01,1,0,331.5,143.5,97.2,1.93,0.23,49.0,,,,,8.438
28.86,CARRY,70.5,0.0,-9.63,72.65,-0.01,1,0,330.5,154.5,86.1,1.71,0.21,48.7,,,,,8.688
28.91,CARRY,70.5,0.0,-9.63,72.78,-0.01,1,0,331.0,151.0,89.7,1.78,0.22,50.0,,,,,9.25
28.96,CARRY,70.75,0.0,-9.63,72.91,-0.01,1,0,329.5,161.5,79.1,1.57,0.19,48.3,,,,,9.75
29.01,CARRY,70.75,0.0,-9.63,73.03,-0.01,1,0,330.0,158.0,82.6,1.64,0.2,50.1,,,,,9.75
29.06,CARRY,70.99,0.0,-9.63,73.16,-0.01,1,0,328.5,168.0,72.5,1.44,0.17,51.3,,,,,9.875
29.11,CARRY,70.99,0.0,-9.63,73.29,-0.01,1,0,329.0,164.5,76.0,1.51,0.18,50.5,,,,,9.625
29.16,CARRY,71.21,0.0,-9.62,73.42,-0.01,1,0,327.5,173.5,66.9,1.33,0.15,48.7,,,,,9.812
29.21,CARRY,71.21,0.0,-9.62,73.54,-0.01,1,0,328.0,170.0,70.5,1.4,0.16,48.4,,,,,9.938
29.26,CARRY,71.43,-0.0,-9.62,73.67,-0.01,1,0,327.5,178.5,62.0,1.23,0.15,48.5,,,,,9.875
29.31,CARRY,71.43,-0.0,-9.62,73.79,-0.01,1,0,327.5,175.0,65.4,1.3,0.15,49.8,,,,,10.0
29.36,CARRY,71.64,-0.0,-9.62,73.92,-0.01,1,0,327.0,183.5,56.9,1.13,0.14,49.1,,,,,9.875
29.41,CARRY,71.64,-0.0,-9.62,74.05,-0.01,1,0,327.5,180.0,60.5,1.2,0.15,50.1,,,,,9.812
29.46,CARRY,71.83,-0.0,-9.62,74.17,-0.01,1,0,326.5,186.5,53.9,1.07,0.13,49.8,,,,,9.25
29.51,CARRY,71.83,-0.0,-9.62,74.3,-0.01,1,0,327.0,183.5,56.9,1.13,0.14,48.5,,,,,9.125
29.56,CARRY,72.01,-0.01,-9.62,74.43,-0.01,1,0,326.0,190.5,49.9,0.99,0.12,51.0,,,,,8.75
29.62,CARRY,72.01,-0.01,-9.62,74.56,-0.01,1,0,326.5,186.5,53.9,1.07,0.13,48.7,,,,,8.625
29.67,CARRY,72.18,-0.01,-9.62,74.68,-0.01,1,0,326.0,192.5,47.9,0.95,0.12,50.5,,,,,8.625
29.72,CARRY,72.18,-0.01,-9.62,74.81,-0.01,1,0,326.5,189.0,51.4,1.02,0.13,50.3,,,,,8.438
29.77,CARRY,72.34,-0.01,-9.62,74.94,-0.01,1,0,326.0,194.5,45.9,0.91,0.12,49.4,,,,,8.562
29.82,CARRY,72.34,-0.01,-9.62,75.06,-0.01,1,0,326.0,191.0,49.4,0.98,0.12,51.3,,,,,8.312
29.87,CARRY,72.49,-0.01,-9.62,75.19,-0.01,1,0,326.0,196.0,44.4,0.88,0.12,50.3,,,,,7.156
29.92,CARRY,72.49,-0.01,-9.62,75.32,-0.01,1,0,326.0,191.5,48.9,0.97,0.12,48.4,,,,,4.656
29.97,CARRY,72.63,-0.01,-9.62,75.45,-0.01,1,0,,,,2.804,0.267,50.0,,,,,-2.188
30.02,CARRY,72.63,-0.01,-9.62,75.58,-0.01,1,1,,,,2.866,0.272,47.1,,,,,-3.094
30.07,CARRY,72.76,-0.01,-9.62,75.7,-0.01,1,1,,,,2.863,0.269,50.7,,,,,-3.375
30.13,CARRY,72.76,-0.01,-9.62,75.83,-0.01,1,1,,,,2.927,0.275,48.9,,,,,-3.641
30.18,CARRY,72.88,-0.01,-9.62,75.95,-0.01,1,1,,,,2.927,0.272,50.6,,,,,-3.922
30.23,CARRY,72.88,-0.01,-9.62,76.08,-0.01,1,1,,,,2.99,0.277,47.9,,,,,-3.969
30.28,CARRY,73.0,-0.01,-9.62,76.21,-0.01,1,1,,,,2.992,0.275,48.1,,,,,-3.031
30.33,CARRY,73.0,-0.01,-9.62,76.33,-0.01,1,1,,,,3.054,0.281,49.2,,,,,-3.031
30.38,CARRY,73.13,-0.01,-9.62,76.46,-0.01,1,1,,,,3.056,0.279,49.6,,,,,-2.578
30.43,CARRY,73.13,-0.01,-9.62,76.59,-0.01,1,1,,,,3.118,0.284,48.6,,,,,-2.766
30.48,CARRY,73.25,-0.01,-9.62,76.71,-0.01,1,1,,,,3.117,0.284,50.2,,,,,-2.812
30.53,CARRY,73.25,-0.01,-9.62,76.84,-0.01,1,1,,,,3.181,0.289,48.0,,,,,-2.797
30.58,CARRY,73.39,-0.01,-9.62,76.96,-0.01,1,1,,,,3.174,0.289,50.0,,,,,-2.25
30.63,CARRY,73.39,-0.01,-9.62,77.09,-0.01,1,1,,,,3.237,0.295,49.6,,,,,-2.344
30.68,CARRY,73.55,-0.01,-9.62,77.22,-0.01,1,1,,,,3.222,0.295,48.1,,,,,-2.469
30.73,CARRY,73.55,-0.01,-9.62,77.34,-0.01,1,1,,,,3.284,0.3,47.9,,,,,-2.125
30.78,CARRY,73.72,-0.02,-9.62,77.47,-0.01,1,1,,,,3.257,0.3,50.3,,,,,-2.188
30.83,CARRY,73.72,-0.02,-9.62,77.6,-0.01,1,1,,,,3.32,0.305,48.0,,,,,-2.312
30.88,CARRY,73.93,-0.02,-9.62,77.72,-0.01,1,1,,,,3.281,0.301,49.7,,,,,-2.688
30.93,CARRY,73.93,-0.02,-9.62,77.85,-0.01,1,1,,,,3.344,0.307,50.0,,,,,-2.703
30.98,CARRY,74.15,-0.03,-9.62,77.97,-0.01,1,1,,,,3.294,0.3,48.7,,,,,-3.016
31.03,CARRY,74.15,-0.03,-9.62,78.1,-0.01,1,1,,,,3.356,0.305,49.4,,,,,-3.047
31.08,CARRY,74.4,-0.04,-9.62,78.23,-0.01,1,1,,,,3.295,0.297,48.8,,,,,-2.969
31.13,CARRY,74.4,-0.04,-9.62,78.35,-0.01,1,1,,,,3.357,0.303,48.1,,,,,-2.938
31.18,CARRY,74.66,-0.05,-9.63,78.48,-0.01,1,1,,,,3.287,0.295,51.0,,,,,-2.969
31.24,CARRY,74.66,-0.05,-9.63,78.61,-0.01,1,1,,,,3.351,0.301,49.8,,,,,-3.031
31.29,CARRY,74.94,-0.07,-9.63,78.73,-0.01,1,1,,,,3.275,0.293,50.2,,,,,-3.078
31.34,CARRY,74.94,-0.07,-9.63,78.86,-0.01,1,1,,,,3.338,0.299,48.5,,,,,-3.141
31.39,CARRY,75.23,-0.08,-9.63,78.98,-0.01,1,1,,,,3.256,0.291,51.6,,,,,-3.031
31.44,CARRY,75.23,-0.08,-9.63,79.12,-0.01,1,1,,,,3.321,0.297,48.2,,,,,-3.078
31.49,CARRY,75.53,-0.1,-9.63,79.24,-0.01,1,1,,,,3.235,0.29,52.1,,,,,-3.094
31.54,CARRY,75.53,-0.1,-9.63,79.37,-0.01,1,1,,,,3.3,0.296,48.3,,,,,-3.125
31.59,CARRY,75.83,-0.11,-9.63,79.5,-0.01,1,1,,,,3.211,0.289,50.8,,,,,-3.25
31.65,CARRY,75.83,-0.11,-9.63,79.63,-0.01,1,1,,,,3.275,0.295,48.6,,,,,-3.219
31.7,CARRY,76.14,-0.13,-9.63,79.75,-0.01,1,1,,,,3.184,0.288,48.2,,,,,-3.281
31.75,CARRY,76.14,-0.13,-9.63,79.88,-0.01,1,1,,,,3.245,0.293,46.9,,,,,-3.172
31.8,CARRY,76.45,-0.14,-9.63,80.0,-0.01,1,1,,,,3.153,0.286,49.0,,,,,-3.734
31.85,CARRY,76.45,-0.14,-9.63,80.13,-0.01,1,1,,,,3.215,0.292,49.9,,,,,-3.562
31.9,CARRY,76.76,-0.16,-9.63,80.26,-0.01,1,1,,,,3.122,0.284,49.3,,,,,-3.125
31.95,CARRY,76.76,-0.16,-9.63,80.38,-0.01,1,1,,,,3.184,0.29,48.1,,,,,-3.094
32.0,CARRY,77.07,-0.18,-9.63,80.51,-0.01,1,1,,,,3.09,0.282,48.3,,,,,-3.281
32.05,CARRY,77.07,-0.18,-9.63,80.63,-0.01,1,1,,,,3.152,0.288,51.0,,,,,-3.469
32.1,CARRY,77.38,-0.19,-9.63,80.76,-0.01,1,1,,,,3.06,0.28,49.4,,,,,-3.141
32.15,CARRY,77.38,-0.19,-9.63,80.89,-0.01,1,1,,,,3.122,0.286,49.7,,,,,-3.094
32.2,CARRY,77.7,-0.21,-9.63,81.01,-0.01,1,1,,,,3.029,0.278,49.2,,,,,-3.5
32.25,CARRY,77.7,-0.21,-9.63,81.14,-0.01,1,1,,,,3.091,0.283,48.8,,,,,-3.719
32.3,CARRY,78.01,-0.22,-9.63,81.26,-0.01,1,1,,,,2.996,0.276,50.7,,,,,-4.25
32.35,CARRY,78.01,-0.22,-9.63,81.39,-0.01,1,1,,,,3.06,0.281,50.4,,,,,-4.5
32.4,CARRY,78.32,-0.24,-9.63,81.52,-0.01,1,1,,,,2.968,0.273,50.3,,,,,-3.922
32.45,CARRY,78.32,-0.24,-9.63,81.65,-0.01,1,1,,,,3.031,0.279,48.6,,,,,-5.219
32.5,CARRY,78.63,-0.25,-9.63,81.77,-0.01,1,1,,,,2.939,0.271,50.4,,,,,-8.625
32.55,CARRY,78.63,-0.25,-9.63,81.9,-0.01,1,1,,,,3.003,0.277,50.4,,,,,-8.688
32.61,CARRY,78.93,-0.27,-9.63,82.03,-0.01,1,1,,,,2.914,0.269,51.0,,,,,-8.75
32.66,CARRY,79.24,-0.28,-9.63,82.16,-0.01,1,1,,,,2.826,0.261,49.7,,,,,-8.812
32.71,CARRY,79.24,-0.28,-9.63,82.29,-0.01,1,1,,,,2.889,0.267,47.7,,,,,-8.812
32.76,CARRY,79.54,-0.29,-9.63,82.41,-0.01,1,1,,,,2.8,0.258,48.5,,,,,-8.812
32.81,CARRY,79.54,-0.29,-9.63,82.54,-0.01,1,1,,,,2.862,0.264,49.8,,,,,-8.812
32.86,CARRY,79.84,-0.31,-9.63,82.66,-0.01,1,1,,,,2.774,0.256,50.3,,,,,-8.812
32.91,CARRY,79.84,-0.31,-9.63,82.79,-0.01,1,1,,,,2.837,0.261,49.5,,,,,-8.812
32.96,REGROUND,80.14,-0.32,-9.62,82.92,-0.01,1,1,,,,2.749,0.252,50.3,,,,,-8.812
33.01,REGROUND,80.14,-0.32,-9.62,83.04,-0.01,1,1,,,,2.813,0.258,2.2,,,,,
33.06,REGROUND,80.44,-0.33,-9.62,83.17,-0.01,1,1,,,,2.727,0.25,1.4,,,,,
33.11,REGROUND,80.44,-0.33,-9.62,83.29,-0.01,1,1,,,,2.789,0.255,0.8,,,,,
33.16,REGROUND,80.73,-0.34,-9.62,83.42,-0.01,1,1,,,,2.704,0.246,1.6,,,,,
33.21,REGROUND,80.73,-0.34,-9.62,83.54,-0.01,1,1,,,,2.766,0.252,0.9,,,,,
33.26,REGROUND,81.03,-0.35,-9.62,83.67,-0.01,1,1,,,,2.683,0.243,1.6,,,,,
33.31,REGROUND,81.03,-0.35,-9.62,83.8,-0.01,1,1,,,,2.745,0.249,0.9,,,,,
33.36,REGROUND,81.32,-0.36,-9.62,83.92,-0.01,1,1,,,,2.662,0.24,1.5,,,,,
33.41,REGROUND,81.32,-0.36,-9.62,84.05,-0.01,1,1,,,,2.724,0.246,0.9,,,,,
33.46,REGROUND,81.6,-0.37,-9.62,84.17,-0.01,1,1,,,,2.643,0.238,1.5,,,,,
33.51,REGROUND,81.6,-0.37,-9.62,84.3,-0.01,1,1,,,,2.705,0.243,0.9,,,,,
33.56,REGROUND,81.89,-0.38,-9.62,84.42,-0.01,1,1,,,,2.625,0.235,1.5,,,,,
33.61,REGROUND,81.89,-0.38,-9.62,84.55,-0.01,1,1,,,,2.686,0.24,0.9,,,,,
33.66,REGROUND,82.17,-0.39,-9.62,84.67,-0.01,1,1,,,,2.607,0.232,1.6,,,,,
33.71,REGROUND,82.17,-0.39,-9.62,84.8,-0.01,1,1,,,,2.669,0.237,0.9,,,,,
33.76,REGROUND,82.45,-0.4,-9.62,84.92,-0.01,1,1,,,,2.591,0.229,1.5,,,,,
33.81,REGROUND,82.45,-0.4,-9.62,85.05,-0.01,1,1,,,,2.653,0.235,0.7,,,,,
33.86,REGROUND,82.73,-0.41,-9.62,85.17,-0.01,1,1,,,,2.575,0.227,1.4,,,,,
33.91,REGROUND,82.73,-0.41,-9.62,85.3,-0.01,1,1,,,,2.637,0.232,0.8,,,,,
33.96,REGROUND,83.01,-0.42,-9.62,85.42,-0.01,1,1,,,,2.56,0.224,1.4,,,,,
34.01,REGROUND,83.01,-0.42,-9.62,85.55,-0.01,1,1,,,,2.622,0.23,0.6,,,,,
34.06,REGROUND,83.29,-0.43,-9.62,85.67,-0.01,1,1,,,,2.546,0.222,1.3,,,,,
34.11,REGROUND,83.29,-0.43,-9.62,85.8,-0.01,1,1,,,,2.608,0.228,0.7,,,,,
34.16,REGROUND,83.56,-0.44,-9.62,85.92,-0.01,1,1,,,,2.533,0.22,1.6,,,,,
34.21,REGROUND,83.56,-0.44,-9.62,86.05,-0.01,1,1,,,,2.595,0.226,0.8,,,,,
34.26,REGROUND,83.84,-0.45,-9.62,86.17,-0.01,1,1,,,,2.52,0.218,1.6,,,,,
34.31,REGROUND,83.84,-0.45,-9.62,86.3,-0.01,1,1,,,,2.582,0.224,0.8,,,,,
34.36,REGROUND,84.11,-0.46,-9.62,86.42,-0.01,1,1,,,,2.507,0.216,1.6,,,,,
34.41,REGROUND,84.11,-0.46,-9.62,86.55,-0.01,1,1,,,,2.569,0.222,0.8,,,,,
34.46,REGROUND,84.38,-0.47,-9.62,86.67,-0.01,1,1,,,,2.496,0.215,1.5,,,,,
34.51,REGROUND,84.38,-0.47,-9.62,86.8,-0.01,1,1,,,,2.558,0.22,0.9,,,,,
34.56,REGROUND,84.65,-0.48,-9.62,86.92,-0.01,1,1,,,,2.485,0.213,1.5,,,,,
34.61,REGROUND,84.65,-0.48,-9.62,87.05,-0.01,1,1,,,,2.547,0.219,0.9,,,,,
34.66,REGROUND,84.92,-0.49,-9.62,87.17,-0.01,1,1,,,,2.477,0.212,1.5,,,,,
34.71,REGROUND,84.92,-0.49,-9.62,87.3,-0.01,1,1,,,,2.539,0.217,0.8,,,,,
34.76,REGROUND,85.18,-0.5,-9.62,87.42,-0.01,1,1,,,,2.468,0.211,1.4,,,,,
34.81,REGROUND,85.18,-0.5,-9.62,87.55,-0.01,1,1,,,,2.53,0.216,0.6,,,,,
34.86,REGROUND,85.45,-0.51,-9.62,87.67,-0.01,1,1,,,,2.46,0.21,1.3,,,,,
34.91,REGROUND,85.45,-0.51,-9.62,87.8,-0.01,1,1,,,,2.522,0.215,0.8,,,,,
34.96,REGROUND,85.71,-0.52,-9.62,87.92,-0.01,1,1,,,,2.453,0.209,1.5,,,,,
35.01,REGROUND,85.71,-0.52,-9.62,88.05,-0.01,1,0,,,,2.515,0.214,0.9,,,,,
35.06,REGROUND,85.97,-0.54,-9.62,88.18,-0.01,1,0,,,,2.446,0.208,1.6,,,,,
35.11,REGROUND,85.97,-0.54,-9.62,88.3,-0.01,1,0,,,,2.507,0.214,0.9,,,,,
35.16,REGROUND,86.23,-0.55,-9.62,88.43,-0.01,1,0,,,,2.44,0.208,1.6,,,,,
35.21,REGROUND,86.23,-0.55,-9.62,88.55,-0.01,1,0,,,,2.502,0.213,2.8,,,,,
35.26,REGROUND,86.49,-0.56,-9.62,88.68,-0.01,1,0,,,,2.435,0.207,1.6,,,,,
35.31,REGROUND,86.49,-0.56,-9.62,88.8,-0.01,1,0,,,,2.497,0.213,0.9,,,,,
35.36,REGROUND,86.75,-0.57,-9.62,88.93,-0.01,1,0,,,,2.432,0.207,1.5,,,,,
35.41,REGROUND,86.75,-0.57,-9.62,89.05,-0.01,1,0,,,,2.493,0.212,0.9,,,,,
35.46,REGROUND,87.0,-0.58,-9.62,89.18,-0.01,1,0,,,,2.428,0.207,1.4,,,,,
35.51,REGROUND,87.0,-0.58,-9.62,89.3,-0.01,1,0,,,,2.49,0.212,0.8,,,,,
35.57,REGROUND,87.26,-0.59,-9.62,89.43,-0.01,1,0,,,,2.426,0.206,1.5,,,,,
35.62,REGROUND,87.26,-0.59,-9.62,89.55,-0.01,1,0,,,,2.487,0.212,0.9,,,,,
35.67,REGROUND,87.51,-0.6,-9.62,89.68,-0.01,1,0,,,,2.424,0.206,1.4,,,,,
35.72,REGROUND,87.51,-0.6,-9.62,89.8,-0.01,1,0,,,,2.485,0.212,0.8,,,,,
35.77,REGROUND,87.76,-0.61,-9.62,89.93,-0.01,1,0,,,,2.422,0.206,1.6,,,,,
35.82,REGROUND,87.76,-0.61,-9.62,90.05,-0.01,1,0,,,,2.484,0.212,0.9,,,,,
35.87,REGROUND,88.01,-0.62,-9.62,90.18,-0.01,1,0,,,,2.421,0.206,1.5,,,,,
35.92,REGROUND,88.01,-0.62,-9.62,90.3,-0.01,1,0,,,,2.483,0.212,0.6,,,,,
35.97,REGROUND,88.26,-0.64,-9.62,90.43,-0.01,1,0,,,,2.421,0.207,1.3,,,,,
36.02,REGROUND,88.26,-0.64,-9.62,90.55,-0.01,1,0,,,,2.482,0.212,0.9,,,,,
36.07,REGROUND,88.51,-0.65,-9.62,90.68,-0.01,1,0,,,,2.42,0.207,1.6,,,,,
36.12,REGROUND,88.51,-0.65,-9.62,90.8,-0.01,1,0,,,,2.482,0.212,0.9,,,,,
36.17,REGROUND,88.75,-0.66,-9.62,90.93,-0.01,1,0,,,,2.421,0.207,1.3,,,,,
36.22,REGROUND,88.75,-0.66,-9.62,91.05,-0.01,1,0,,,,2.482,0.213,0.9,,,,,
36.27,REGROUND,89.0,-0.67,-9.62,91.18,-0.01,1,0,,,,2.421,0.208,1.4,,,,,
36.32,REGROUND,89.0,-0.67,-9.62,91.3,-0.01,1,0,,,,2.483,0.213,0.8,,,,,
36.37,REGROUND,89.25,-0.68,-9.62,91.43,-0.01,1,0,,,,2.422,0.208,1.4,,,,,
36.42,REGROUND,89.25,-0.68,-9.62,91.55,-0.01,1,0,,,,2.484,0.214,0.8,,,,,
36.47,REGROUND,89.5,-0.69,-9.62,91.68,-0.01,1,0,,,,2.422,0.209,1.6,,,,,
36.52,REGROUND,89.5,-0.69,-9.62,91.81,-0.01,1,0,,,,2.484,0.214,0.8,,,,,
36.57,REGROUND,89.74,-0.7,-9.62,91.93,-0.01,1,0,,,,2.423,0.209,1.6,,,,,
36.62,REGROUND,89.74,-0.7,-9.62,92.06,-0.01,1,0,,,,2.485,0.214,0.9,,,,,
36.67,REGROUND,89.99,-0.72,-9.62,92.18,-0.01,1,0,,,,2.424,0.209,1.4,,,,,
36.72,REGROUND,89.99,-0.72,-9.62,92.31,-0.01,1,0,,,,2.486,0.215,0.9,,,,,
36.77,REGROUND,90.23,-0.73,-9.62,92.43,-0.01,1,0,,,,2.427,0.21,1.3,,,,,
36.82,REGROUND,90.23,-0.73,-9.62,92.56,-0.01,1,0,,,,2.489,0.215,0.9,,,,,
36.87,REGROUND,90.48,-0.74,-9.62,92.68,-0.01,1,0,,,,2.428,0.21,1.5,,,,,
36.92,REGROUND,90.48,-0.74,-9.62,92.81,-0.01,1,0,,,,2.49,0.216,0.9,,,,,
36.97,REGROUND,90.72,-0.75,-9.62,92.93,-0.01,1,0,,,,2.43,0.211,1.4,,,,,
37.02,REGROUND,90.72,-0.75,-9.62,93.06,-0.01,1,0,,,,2.492,0.216,0.8,,,,,
37.07,REGROUND,90.97,-0.76,-9.62,93.18,-0.01,1,0,,,,2.431,0.211,1.4,,,,,
37.12,REGROUND,90.97,-0.76,-9.62,93.31,-0.01,1,0,,,,2.493,0.217,0.8,,,,,
37.17,REGROUND,91.21,-0.77,-9.62,93.43,-0.01,1,0,,,,2.432,0.211,1.6,,,,,
37.22,REGROUND,91.21,-0.77,-9.62,93.56,-0.01,1,0,,,,2.494,0.217,0.9,,,,,
37.27,REGROUND,91.46,-0.78,-9.62,93.68,-0.01,1,0,,,,2.433,0.212,1.6,,,,,
37.32,REGROUND,91.46,-0.78,-9.62,93.81,-0.01,1,0,,,,2.495,0.217,0.9,,,,,
37.37,REGROUND,91.7,-0.79,-9.62,93.93,-0.01,1,0,,,,2.435,0.212,1.5,,,,,
37.42,REGROUND,91.7,-0.79,-9.62,94.06,-0.01,1,0,,,,2.496,0.217,0.9,,,,,
37.47,REGROUND,91.95,-0.8,-9.62,94.18,-0.01,1,0,,,,2.436,0.212,5.1,,,,,
37.52,REGROUND,91.95,-0.8,-9.62,94.31,-0.01,1,0,,,,2.498,0.218,0.9,,,,,
37.57,REGROUND,92.2,-0.81,-9.62,94.43,-0.01,1,0,,,,2.437,0.213,1.5,,,,,
37.62,REGROUND,92.2,-0.81,-9.62,94.56,-0.01,1,0,,,,2.499,0.218,0.9,,,,,
37.67,REGROUND,92.44,-0.82,-9.62,94.68,-0.01,1,0,,,,2.439,0.213,1.5,,,,,
37.72,REGROUND,92.44,-0.82,-9.62,94.81,-0.01,1,0,,,,2.501,0.218,0.8,,,,,
37.77,REGROUND,92.69,-0.84,-9.62,94.93,-0.01,1,0,,,,2.44,0.213,1.5,,,,,
37.82,REGROUND,92.69,-0.84,-9.62,95.06,-0.01,1,0,,,,2.502,0.218,0.8,,,,,
37.87,REGROUND,92.93,-0.85,-9.62,95.18,-0.01,1,0,,,,2.441,0.213,1.4,,,,,
37.92,REGROUND,92.93,-0.85,-9.62,95.31,-0.01,1,0,,,,2.503,0.219,0.8,,,,,
37.97,REGROUND,93.18,-0.86,-9.62,95.43,-0.01,1,0,,,,2.442,0.214,1.4,,,,,
38.02,REGROUND,93.18,-0.86,-9.62,95.56,-0.01,1,0,,,,2.504,0.219,0.8,,,,,
38.07,REGROUND,93.42,-0.87,-9.62,95.69,-0.01,1,0,,,,2.444,0.214,1.6,,,,,
38.12,REGROUND,93.42,-0.87,-9.62,95.81,-0.01,1,0,,,,2.505,0.219,0.9,,,,,
38.17,REGROUND,93.67,-0.88,-9.62,95.94,-0.01,1,0,,,,2.445,0.214,1.5,,,,,
38.22,REGROUND,93.67,-0.88,-9.62,96.06,-0.01,1,0,,,,2.507,0.22,0.8,,,,,
38.27,REGROUND,93.92,-0.89,-9.62,96.19,-0.01,1,0,,,,2.446,0.215,1.6,,,,,
38.32,REGROUND,93.92,-0.89,-9.62,96.31,-0.01,1,0,,,,2.507,0.22,0.8,,,,,
38.37,REGROUND,94.16,-0.9,-9.62,96.44,-0.01,1,0,,,,2.447,0.215,1.6,,,,,
38.42,REGROUND,94.16,-0.9,-9.62,96.56,-0.01,1,0,,,,2.509,0.22,0.8,,,,,
38.47,REGROUND,94.41,-0.91,-9.62,96.69,-0.01,1,0,,,,2.447,0.215,1.5,,,,,
38.52,REGROUND,94.41,-0.91,-9.62,96.81,-0.01,1,0,,,,2.509,0.22,0.8,,,,,
38.57,REGROUND,94.66,-0.92,-9.62,96.94,-0.01,1,0,,,,2.448,0.215,1.4,,,,,
38.62,REGROUND,94.66,-0.92,-9.62,97.06,-0.01,1,0,,,,2.51,0.22,0.9,,,,,
38.67,REGROUND,94.9,-0.93,-9.62,97.19,-0.01,1,0,,,,2.45,0.215,1.4,,,,,
38.72,REGROUND,94.9,-0.93,-9.62,97.31,-0.01,1,0,,,,2.512,0.221,0.8,,,,,
38.77,REGROUND,95.14,-0.94,-9.62,97.44,-0.01,1,0,,,,2.452,0.216,1.4,,,,,
38.82,REGROUND,95.14,-0.94,-9.62,97.56,-0.01,1,0,,,,2.514,0.221,0.8,,,,,
38.87,REGROUND,95.39,-0.96,-9.62,97.69,-0.01,1,0,,,,2.453,0.216,1.4,,,,,
38.92,REGROUND,95.39,-0.96,-9.62,97.81,-0.01,1,0,,,,2.515,0.221,0.8,,,,,
38.97,REGROUND,95.64,-0.97,-9.62,97.94,-0.01,1,0,,,,2.454,0.216,1.6,,,,,
39.02,REGROUND,95.64,-0.97,-9.62,98.06,-0.01,1,0,,,,2.516,0.221,0.8,,,,,
39.07,REGROUND,95.88,-0.98,-9.62,98.19,-0.01,1,0,,,,2.455,0.216,1.5,,,,,
39.12,REGROUND,95.88,-0.98,-9.62,98.31,-0.01,1,0,,,,2.517,0.221,0.9,,,,,
39.17,REGROUND,96.13,-0.99,-9.62,98.44,-0.01,1,0,,,,2.456,0.216,1.5,,,,,
39.22,REGROUND,96.13,-0.99,-9.62,98.56,-0.01,1,0,,,,2.518,0.222,0.8,,,,,
39.27,REGROUND,96.38,-1.0,-9.62,98.69,-0.01,1,0,,,,2.455,0.216,1.5,,,,,
39.32,REGROUND,96.38,-1.0,-9.62,98.81,-0.01,1,0,,,,2.517,0.222,0.8,,,,,
39.37,REGROUND,96.63,-1.01,-9.62,98.94,-0.01,1,0,,,,2.456,0.216,1.5,,,,,
39.42,REGROUND,96.63,-1.01,-9.62,99.06,-0.01,1,0,,,,2.518,0.222,0.8,,,,,
39.47,REGROUND,96.87,-1.02,-9.62,99.19,-0.01,1,0,,,,2.456,0.216,1.4,,,,,
39.52,REGROUND,96.87,-1.02,-9.62,99.31,-0.01,1,0,,,,2.518,0.222,0.8,,,,,
39.57,REGROUND,97.12,-1.03,-9.63,99.44,-0.01,1,0,,,,2.456,0.216,1.4,,,,,
39.62,REGROUND,97.12,-1.03,-9.63,99.56,-0.01,1,0,,,,2.518,0.222,0.9,,,,,
39.67,REGROUND,97.37,-1.04,-9.63,99.69,-0.01,1,0,,,,2.455,0.217,1.4,,,,,
39.72,CARRY,97.37,-1.04,-9.63,99.82,-0.01,1,0,,,,0.011,0.994,259.3,,,,,
39.98,CARRY,98.12,-1.07,-9.62,100.47,-0.01,1,0,398.5,185.5,95.6,1.09,1.57,48.1,,,,,9.188
40.03,CARRY,98.12,-1.07,-9.62,100.59,-0.01,1,0,399.5,185.5,96.4,1.09,1.59,49.8,,,,,9.75
40.08,CARRY,98.37,-1.09,-9.62,100.72,-0.01,1,0,398.5,192.5,91.8,0.95,1.57,51.5,,,,,10.0
40.13,CARRY,98.37,-1.09,-9.62,100.85,-0.01,1,0,399.5,192.5,92.6,0.95,1.59,48.0,,,,,10.062
40.18,CARRY,98.62,-1.1,-9.62,100.97,-0.01,1,0,399.5,200.0,89.0,0.8,1.59,50.2,,,,,10.062
40.24,CARRY,98.62,-1.1,-9.62,101.1,-0.01,1,0,400.5,200.0,89.9,0.8,1.61,50.4,,,,,10.0
40.29,CARRY,98.86,-1.1,-9.62,101.23,-0.01,1,0,399.5,207.0,86.1,0.66,1.59,52.0,,,,,10.062
40.34,CARRY,98.86,-1.1,-9.62,101.36,-0.01,1,0,400.5,113.5,149.9,2.53,1.61,49.8,,,,,9.875
40.39,CARRY,99.1,-1.11,-9.62,101.49,-0.01,1,0,400.0,116.5,147.1,2.47,1.6,49.9,,,,,10.125
40.44,CARRY,99.1,-1.11,-9.62,101.62,-0.01,1,0,401.0,113.0,150.6,2.54,1.62,49.3,,,,,10.062
40.49,CARRY,99.33,-1.1,-9.62,101.75,-0.01,1,0,398.5,115.5,147.2,2.49,1.57,50.8,,,,,9.875
40.54,CARRY,99.33,-1.1,-9.62,101.87,-0.01,1,0,399.5,112.0,150.7,2.56,1.59,47.6,,,,,9.75
40.59,CARRY,99.55,-1.08,-9.62,102.0,-0.01,1,0,397.5,114.5,147.5,2.51,1.55,48.2,,,,,9.688
40.64,CARRY,99.55,-1.08,-9.62,102.13,-0.01,1,0,398.5,111.5,150.6,2.57,1.57,47.2,,,,,9.438
40.69,CARRY,99.76,-1.04,-9.62,102.25,-0.01,1,0,397.0,117.5,144.7,2.45,1.54,48.2,,,,,9.25
40.74,CARRY,99.76,-1.04,-9.62,102.38,-0.01,1,0,396.5,117.5,144.4,2.45,1.53,47.1,,,,,9.188
40.79,CARRY,99.96,-0.99,-9.62,102.5,-0.01,1,0,395.0,123.0,139.0,2.34,1.5,48.3,,,,,9.312
40.84,CARRY,99.96,-0.99,-9.62,102.63,-0.01,1,0,395.5,122.5,139.7,2.35,1.51,47.4,,,,,9.5
40.89,CARRY,100.15,-0.92,-9.62,102.75,-0.01,1,0,393.0,128.5,133.3,2.23,1.46,50.9,,,,,9.688
40.95,CARRY,100.15,-0.92,-9.62,102.88,-0.01,1,0,393.5,128.5,133.5,2.23,1.47,47.9,,,,,9.812
41.0,CARRY,100.35,-0.83,-9.62,103.01,-0.01,1,0,389.5,109.5,147.9,2.61,1.39,48.6,,,,,9.812
41.05,CARRY,100.35,-0.83,-9.62,103.13,-0.01,1,0,390.0,105.5,151.6,2.69,1.4,47.9,,,,,9.875
41.1,CARRY,100.56,-0.73,-9.62,103.26,-0.01,1,0,385.0,108.5,146.7,2.63,1.3,48.4,,,,,9.875
41.15,CARRY,100.56,-0.73,-9.62,103.38,-0.01,1,0,385.5,104.5,150.5,2.71,1.31,47.8,,,,,9.812
41.2,CARRY,100.78,-0.63,-9.62,103.51,-0.01,1,0,378.5,107.0,145.3,2.66,1.17,48.4,,,,,9.875
41.25,CARRY,100.78,-0.63,-9.62,103.63,-0.01,1,0,379.0,103.5,148.7,2.73,1.18,47.7,,,,,9.562
41.3,CARRY,101.01,-0.52,-9.63,103.76,-0.01,1,0,373.0,105.5,144.6,2.69,1.06,50.0,,,,,9.625
41.35,CARRY,101.01,-0.52,-9.63,103.88,-0.01,1,0,373.5,102.0,148.0,2.76,1.07,48.4,,,,,9.625
41.4,CARRY,101.24,-0.41,-9.63,104.01,-0.01,1,0,367.0,105.0,142.9,2.7,0.94,48.5,,,,,9.5
41.45,CARRY,101.24,-0.41,-9.63,104.14,-0.01,1,0,367.5,101.0,146.9,2.78,0.95,48.1,,,,,9.25
41.5,CARRY,101.49,-0.31,-9.63,104.26,-0.01,1,0,361.0,104.0,142.0,2.72,0.82,50.6,,,,,9.188
41.55,CARRY,101.49,-0.31,-9.63,104.39,-0.01,1,0,361.5,100.5,145.5,2.79,0.83,48.5,,,,,9.0
41.6,CARRY,101.74,-0.21,-9.63,104.51,-0.01,1,0,355.5,103.5,141.0,2.73,0.71,48.1,,,,,9.188
41.65,CARRY,101.74,-0.21,-9.63,104.64,-0.01,1,0,356.0,100.0,144.6,2.8,0.72,48.1,,,,,9.0
41.7,CARRY,102.0,-0.12,-9.63,104.77,-0.01,1,0,350.5,103.5,139.9,2.73,0.61,48.7,,,,,9.312
41.75,CARRY,102.0,-0.12,-9.63,104.89,-0.01,1,0,351.0,100.0,143.4,2.8,0.62,48.1,,,,,9.25
41.8,CARRY,102.27,-0.04,-9.63,105.02,-0.01,1,0,345.5,103.5,138.9,2.73,0.51,48.7,,,,,9.688
41.85,CARRY,102.27,-0.04,-9.63,105.14,-0.01,1,0,346.0,100.0,142.4,2.8,0.52,48.3,,,,,9.438
41.9,CARRY,102.54,0.03,-9.63,105.27,-0.01,1,0,341.5,104.0,137.7,2.72,0.43,48.6,,,,,9.562
41.95,CARRY,102.54,0.03,-9.63,105.39,-0.01,1,0,342.0,100.5,141.2,2.79,0.44,48.6,,,,,9.188
42.0,CARRY,102.81,0.09,-9.63,105.52,-0.01,1,0,338.0,104.5,136.7,2.71,0.36,48.3,,,,,9.312
42.05,CARRY,102.81,0.09,-9.63,105.64,-0.01,1,0,339.0,101.0,140.3,2.78,0.38,48.1,,,,,9.062
42.1,CARRY,103.09,0.14,-9.63,105.77,-0.01,1,0,335.5,105.0,135.9,2.7,0.31,48.0,,,,,9.375
42.15,CARRY,103.09,0.14,-9.63,105.89,-0.01,1,0,336.0,101.5,139.4,2.77,0.32,47.4,,,,,9.188
42.2,CARRY,103.36,0.18,-9.63,106.02,-0.01,1,0,333.0,105.5,135.1,2.69,0.26,48.0,,,,,9.188
42.25,CARRY,103.36,0.18,-9.63,106.14,-0.01,1,0,333.5,102.0,138.7,2.76,0.27,47.8,,,,,9.125
42.3,CARRY,103.64,0.21,-9.63,106.27,-0.01,1,0,331.0,109.5,131.0,2.61,0.22,49.3,,,,,9.0
42.35,CARRY,103.64,0.21,-9.63,106.39,-0.01,1,0,331.5,109.5,131.0,2.61,0.23,47.5,,,,,8.812
42.4,CARRY,103.91,0.24,-9.63,106.52,-0.01,1,0,329.5,117.0,123.4,2.46,0.19,47.0,,,,,8.688
42.45,CARRY,103.91,0.24,-9.63,106.64,-0.01,1,0,330.0,117.0,123.4,2.46,0.2,49.7,,,,,8.812
42.5,CARRY,104.19,0.25,-9.63,106.77,-0.01,1,0,328.5,125.0,115.3,2.3,0.17,50.7,,,,,9.312
42.55,CARRY,104.46,0.26,-9.63,106.9,-0.01,1,0,327.5,132.5,107.8,2.15,0.15,50.4,,,,,9.25
42.61,CARRY,104.46,0.26,-9.63,107.03,-0.01,1,0,328.0,132.0,108.3,2.16,0.16,49.9,,,,,9.125
42.66,CARRY,104.46,0.26,-9.63,107.15,-0.01,1,0,329.0,132.0,108.4,2.16,0.18,49.6,,,,,9.062
42.71,CARRY,104.73,0.26,-9.63,107.28,-0.01,1,0,328.0,139.5,100.8,2.01,0.16,50.5,,,,,9.312
42.76,CARRY,104.99,0.26,-9.63,107.41,-0.01,1,0,327.5,147.0,93.3,1.86,0.15,50.2,,,,,9.25
42.81,CARRY,104.99,0.26,-9.63,107.54,-0.01,1,0,328.5,108.0,132.3,2.64,0.17,49.7,,,,,9.312
42.86,CARRY,105.24,0.26,-9.62,107.67,-0.01,1,0,328.0,112.0,128.2,2.56,0.16,49.9,,,,,9.25
42.91,CARRY,105.24,0.26,-9.62,107.79,-0.01,1,0,329.0,108.0,132.3,2.64,0.18,49.6,,,,,9.312
42.96,CARRY,105.49,0.25,-9.62,107.92,-0.01,1,0,329.0,111.0,129.3,2.58,0.18,50.1,,,,,9.375
43.01,CARRY,105.49,0.25,-9.62,108.05,-0.01,1,0,329.5,108.0,132.3,2.64,0.19,49.9,,,,,9.188
43.06,CARRY,105.72,0.24,-9.62,108.17,-0.01,1,0,329.5,110.5,129.8,2.59,0.19,50.5,,,,,9.375
43.12,CARRY,105.72,0.24,-9.62,108.3,-0.01,1,0,329.5,107.5,132.8,2.65,0.19,49.7,,,,,9.25
43.17,CARRY,105.95,0.23,-9.62,108.43,-0.01,1,0,330.0,109.5,130.9,2.61,0.2,50.5,,,,,9.375
43.22,CARRY,105.95,0.23,-9.62,108.56,-0.01,1,0,330.5,106.5,133.9,2.67,0.21,49.5,,,,,9.375
43.27,CARRY,106.17,0.22,-9.62,108.68,-0.01,1,0,331.0,109.0,131.5,2.62,0.22,50.6,,,,,9.5
43.32,CARRY,106.17,0.22,-9.62,108.81,-0.01,1,0,331.5,105.5,135.0,2.69,0.23,49.3,,,,,9.438
43.37,CARRY,106.4,0.2,-9.62,108.94,-0.01,1,0,332.0,108.5,132.0,2.63,0.24,50.2,,,,,9.625
43.42,CARRY,106.4,0.2,-9.62,109.07,-0.01,1,0,332.5,104.5,136.1,2.71,0.25,49.1,,,,,9.75
43.47,CARRY,106.64,0.19,-9.62,109.19,-0.01,1,0,333.0,108.0,132.6,2.64,0.26,51.6,,,,,9.812
43.52,CARRY,106.64,0.19,-9.62,109.32,-0.01,1,0,333.0,104.5,136.1,2.71,0.26,46.8,,,,,9.812
43.57,CARRY,106.88,0.17,-9.62,109.45,-0.01,1,0,334.0,107.5,133.2,2.65,0.28,50.3,,,,,9.938
43.63,CARRY,106.88,0.17,-9.62,109.58,-0.01,1,0,334.0,103.5,137.2,2.73,0.28,50.1,,,,,9.938
43.68,CARRY,107.12,0.15,-9.62,109.71,-0.01,1,0,334.5,107.5,133.3,2.65,0.29,50.5,,,,,10.0
43.73,CARRY,107.12,0.15,-9.62,109.83,-0.01,1,0,335.0,104.0,136.8,2.72,0.3,50.0,,,,,9.688
43.78,CARRY,107.37,0.14,-9.62,109.96,-0.01,1,0,335.5,107.5,133.4,2.65,0.31,50.2,,,,,9.625
43.83,CARRY,107.37,0.14,-9.62,110.09,-0.01,1,0,336.0,104.0,136.9,2.72,0.32,49.7,,,,,9.375
43.88,CARRY,107.63,0.12,-9.62,110.22,-0.01,1,0,336.5,109.5,131.5,2.61,0.33,50.2,,,,,9.188
43.93,CARRY,107.63,0.12,-9.62,110.35,-0.01,1,0,337.0,109.5,131.6,2.61,0.34,49.7,,,,,8.812
43.98,CARRY,107.88,0.1,-9.62,110.47,-0.01,1,0,337.5,117.0,124.2,2.46,0.35,50.4,,,,,8.75
44.03,CARRY,107.88,0.1,-9.62,110.6,-0.01,1,0,338.0,117.0,124.3,2.46,0.36,49.8,,,,,8.938
44.09,CARRY,108.14,0.09,-9.62,110.73,-0.01,1,0,339.0,107.5,133.9,2.65,0.38,50.6,,,,,9.375
44.14,CARRY,108.14,0.09,-9.62,110.86,-0.01,1,0,339.0,104.5,136.8,2.71,0.38,49.7,,,,,9.312
44.19,CARRY,108.41,0.07,-9.62,110.98,-0.01,1,0,339.0,108.0,133.4,2.64,0.38,50.5,,,,,9.438
44.24,CARRY,108.41,0.07,-9.62,111.11,-0.01,1,0,340.0,104.5,137.0,2.71,0.4,49.9,,,,,9.312
44.29,CARRY,108.67,0.06,-9.62,111.24,-0.01,1,0,340.0,108.5,133.0,2.63,0.4,51.5,,,,,9.438
44.34,CARRY,108.67,0.06,-9.62,111.37,-0.01,1,0,340.0,104.5,137.0,2.71,0.4,47.6,,,,,9.312
44.39,CARRY,108.93,0.05,-9.62,111.5,-0.01,1,0,341.0,108.5,133.2,2.63,0.42,48.5,,,,,9.5
44.44,CARRY,108.93,0.05,-9.62,111.62,-0.01,1,0,341.5,104.5,137.2,2.71,0.43,47.3,,,,,9.375
44.49,CARRY,109.19,0.04,-9.62,111.75,-0.01,1,0,341.0,108.5,133.2,2.63,0.42,49.9,,,,,9.312
44.54,CARRY,109.19,0.04,-9.62,111.87,-0.01,1,0,341.5,105.0,136.7,2.7,0.43,48.3,,,,,9.062
44.59,CARRY,109.46,0.03,-9.62,112.0,-0.01,1,0,342.0,109.0,132.8,2.62,0.44,48.4,,,,,9.188
44.64,CARRY,109.46,0.03,-9.62,112.12,-0.01,1,0,342.5,105.5,136.4,2.69,0.45,48.6,,,,,8.875
44.69,CARRY,109.72,0.02,-9.62,112.25,-0.01,1,0,342.0,109.5,132.3,2.61,0.44,49.9,,,,,9.0
44.75,CARRY,109.72,0.02,-9.62,112.38,-0.01,1,0,342.5,106.0,135.9,2.68,0.45,50.6,,,,,9.0
44.8,CARRY,109.99,0.01,-9.62,112.51,-0.01,1,0,342.0,110.0,131.8,2.6,0.44,50.9,,,,,9.0
44.85,CARRY,109.99,0.01,-9.62,112.64,-0.01,1,0,343.0,106.0,136.0,2.68,0.46,51.7,,,,,9.062
44.9,CARRY,110.26,0.0,-9.62,112.77,-0.01,1,0,343.5,110.0,132.1,2.6,0.47,50.7,,,,,9.375
44.95,CARRY,110.26,0.0,-9.62,112.9,-0.01,1,0,343.5,106.5,135.6,2.67,0.47,47.4,,,,,9.5
45.0,CARRY,110.53,-0.0,-9.62,113.02,-0.01,1,0,343.5,110.5,131.6,2.59,0.47,50.1,,,,,9.625
45.05,CARRY,110.79,-0.01,-9.62,113.15,-0.01,1,0,342.5,115.0,127.0,2.5,0.45,48.8,,,,,9.562
45.1,CARRY,110.79,-0.01,-9.62,113.27,-0.01,1,0,343.5,111.5,130.6,2.57,0.47,47.8,,,,,9.438
45.15,CARRY,111.06,-0.01,-9.62,113.4,-0.01,1,0,342.5,115.5,126.5,2.49,0.45,47.5,,,,,9.562
45.2,CARRY,111.06,-0.01,-9.62,113.53,-0.01,1,0,343.5,112.0,130.1,2.56,0.47,50.0,,,,,9.375
45.26,CARRY,111.33,-0.01,-9.62,113.65,-0.01,1,0,342.5,116.0,126.0,2.48,0.45,50.2,,,,,9.438
45.31,CARRY,111.33,-0.01,-9.62,113.78,-0.01,1,0,343.5,112.0,130.1,2.56,0.47,50.9,,,,,9.312
45.36,CARRY,111.59,-0.01,-9.62,113.91,-0.01,1,0,342.5,116.0,126.0,2.48,0.45,49.3,,,,,9.312
45.41,CARRY,111.59,-0.01,-9.62,114.04,-0.01,1,0,343.5,112.5,129.6,2.55,0.47,48.1,,,,,9.188
45.46,CARRY,111.86,-0.02,-9.62,114.16,-0.01,1,0,342.5,117.0,125.0,2.46,0.45,47.5,,,,,8.938
45.51,CARRY,111.86,-0.02,-9.62,114.29,-0.01,1,0,343.5,117.0,125.2,2.46,0.47,51.0,,,,,8.75
45.56,CARRY,112.13,-0.02,-9.62,114.42,-0.01,1,0,342.0,124.5,117.6,2.31,0.44,48.5,,,,,8.312
45.61,CARRY,112.13,-0.02,-9.62,114.54,-0.01,1,0,343.5,124.5,117.9,2.31,0.47,48.1,,,,,8.438
45.66,CARRY,112.39,-0.02,-9.62,114.67,-0.01,1,0,342.0,132.0,110.2,2.16,0.44,47.7,,,,,8.812
45.71,CARRY,112.39,-0.02,-9.62,114.79,-0.01,1,0,343.5,132.0,110.5,2.16,0.47,47.6,,,,,8.875
45.76,CARRY,112.65,-0.02,-9.62,114.92,-0.01,1,0,341.5,139.5,102.8,2.01,0.43,49.6,,,,,9.0
45.81,CARRY,112.65,-0.02,-9.62,115.04,-0.01,1,0,343.5,113.0,129.2,2.54,0.47,49.5,,,,,8.938
45.86,CARRY,112.9,-0.02,-9.62,115.17,-0.01,1,0,341.5,117.0,124.9,2.46,0.43,48.7,,,,,8.938
45.91,CARRY,112.9,-0.02,-9.62,115.3,-0.01,1,0,343.5,113.5,128.7,2.53,0.47,47.4,,,,,8.938
45.96,CARRY,113.15,-0.01,-9.62,115.42,-0.01,1,0,341.5,117.0,124.9,2.46,0.43,48.0,,,,,9.188
46.01,CARRY,113.15,-0.01,-9.62,115.55,-0.01,1,0,342.5,113.5,128.5,2.53,0.45,47.7,,,,,9.188
46.06,CARRY,113.4,-0.01,-9.62,115.67,-0.01,1,0,341.5,116.5,125.4,2.47,0.43,48.2,,,,,9.312
46.11,CARRY,113.4,-0.01,-9.62,115.8,-0.01,1,0,342.5,113.0,129.0,2.54,0.45,49.7,,,,,9.375
46.16,CARRY,113.64,-0.01,-9.62,115.92,-0.01,1,0,341.5,116.5,125.4,2.47,0.43,50.2,,,,,9.375
46.22,CARRY,113.64,-0.01,-9.62,116.05,-0.01,1,0,342.5,113.0,129.0,2.54,0.45,48.2,,,,,9.312
46.27,CARRY,113.88,-0.01,-9.62,116.18,-0.01,1,0,341.5,116.0,125.9,2.48,0.43,48.4,,,,,9.375
46.32,CARRY,113.88,-0.01,-9.62,116.3,-0.01,1,0,342.5,112.5,129.5,2.55,0.45,47.8,,,,,9.375
46.37,CARRY,114.12,-0.0,-9.62,116.43,-0.01,1,0,341.5,116.0,125.9,2.48,0.43,48.2,,,,,9.5
46.42,CARRY,114.12,-0.0,-9.62,116.55,-0.01,1,0,342.5,112.0,130.0,2.56,0.45,47.8,,,,,9.5
46.47,CARRY,114.37,-0.0,-9.62,116.68,-0.01,1,0,341.5,115.5,126.3,2.49,0.43,48.6,,,,,9.812
46.52,CARRY,114.37,-0.0,-9.62,116.8,-0.01,1,0,342.5,112.0,130.0,2.56,0.45,49.5,,,,,9.812
46.57,CARRY,114.61,0.0,-9.62,116.93,-0.01,1,0,341.5,116.0,125.9,2.48,0.43,48.7,,,,,10.0
46.62,CARRY,114.61,0.0,-9.62,117.05,-0.01,1,0,342.5,112.0,130.0,2.56,0.45,49.5,,,,,10.0
46.67,CARRY,114.86,0.0,-9.62,117.18,-0.01,1,0,341.5,116.0,125.9,2.48,0.43,48.9,,,,,10.125
46.72,CARRY,114.86,0.0,-9.62,117.31,-0.01,1,0,342.5,112.0,130.0,2.56,0.45,47.8,,,,,10.125
46.77,CARRY,115.11,0.01,-9.62,117.43,-0.01,1,0,341.5,115.5,126.3,2.49,0.43,48.7,,,,,10.125
46.82,CARRY,115.11,0.01,-9.62,117.56,-0.01,1,0,342.5,112.0,130.0,2.56,0.45,47.8,,,,,10.0
46.87,CARRY,115.37,0.01,-9.62,117.68,-0.01,1,0,341.0,116.0,125.8,2.48,0.42,48.8,,,,,9.938
46.92,CARRY,115.37,0.01,-9.62,117.81,-0.01,1,0,342.5,112.0,130.0,2.56,0.45,47.7,,,,,9.625
46.97,CARRY,115.62,0.01,-9.62,117.93,-0.01,1,0,340.5,116.0,125.7,2.48,0.41,48.8,,,,,9.562
47.02,CARRY,115.62,0.01,-9.62,118.06,-0.01,1,0,342.0,112.5,129.4,2.55,0.44,49.6,,,,,9.438
47.07,CARRY,115.88,0.01,-9.62,118.18,-0.01,1,0,340.5,117.0,124.7,2.46,0.41,48.2,,,,,9.062
47.12,CARRY,115.88,0.01,-9.62,118.31,-0.01,1,0,342.0,117.0,125.0,2.46,0.44,50.0,,,,,8.688
47.17,CARRY,116.13,0.01,-9.63,118.44,-0.01,1,0,340.5,124.5,117.3,2.31,0.41,48.6,,,,,8.75
47.22,CARRY,116.13,0.01,-9.63,118.56,-0.01,1,0,341.5,124.5,117.5,2.31,0.43,49.4,,,,,8.938
47.27,CARRY,116.38,0.01,-9.63,118.69,-0.01,1,0,340.5,132.0,109.9,2.16,0.41,47.8,,,,,9.062
47.32,CARRY,116.38,0.01,-9.63,118.81,-0.01,1,0,341.5,112.5,129.3,2.55,0.43,49.5,,,,,8.875
47.37,CARRY,116.64,0.01,-9.63,118.94,-0.01,1,0,340.5,116.0,125.7,2.48,0.41,48.8,,,,,9.25
47.42,CARRY,116.64,0.01,-9.63,119.06,-0.01,1,0,342.0,112.5,129.4,2.55,0.44,47.4,,,,,9.25
47.47,CARRY,116.89,0.02,-9.63,119.19,-0.01,1,0,340.5,116.0,125.7,2.48,0.41,48.4,,,,,9.375
47.52,CARRY,116.89,0.02,-9.63,119.31,-0.01,1,0,342.0,112.5,129.4,2.55,0.44,47.7,,,,,9.375
47.57,CARRY,117.14,0.02,-9.63,119.44,-0.01,1,0,340.0,116.0,125.6,2.48,0.4,50.0,,,,,9.438
47.62,CARRY,117.14,0.02,-9.63,119.57,-0.01,1,0,342.0,112.5,129.4,2.55,0.44,49.6,,,,,9.312
47.67,CARRY,117.39,0.02,-9.63,119.69,-0.01,1,0,340.0,116.0,125.6,2.48,0.4,48.1,,,,,9.438
47.72,CARRY,117.39,0.02,-9.63,119.82,-0.01,1,0,341.5,112.0,129.8,2.56,0.43,48.9,,,,,9.375
47.77,CARRY,117.63,0.02,-9.62,119.94,-0.01,1,0,340.0,116.0,125.6,2.48,0.4,48.4,,,,,9.5
47.82,CARRY,117.63,0.02,-9.62,120.07,-0.01,1,0,341.5,112.5,129.3,2.55,0.43,47.2,,,,,9.312
47.87,CARRY,117.88,0.02,-9.62,120.19,-0.01,1,0,340.0,115.5,126.1,2.49,0.4,48.2,,,,,9.438
47.92,CARRY,117.88,0.02,-9.62,120.32,-0.01,1,0,341.5,112.0,129.8,2.56,0.43,47.2,,,,,9.312
47.97,CARRY,118.13,0.02,-9.62,120.44,-0.01,1,0,340.0,115.5,126.1,2.49,0.4,48.2,,,,,9.5
48.02,CARRY,118.13,0.02,-9.62,120.57,-0.01,1,0,341.5,112.0,129.8,2.56,0.43,47.3,,,,,9.438
48.07,CARRY,118.38,0.03,-9.62,120.7,-0.01,1,0,340.0,115.5,126.1,2.49,0.4,48.1,,,,,9.75
48.12,CARRY,118.38,0.03,-9.62,120.82,-0.01,1,0,341.5,112.0,129.8,2.56,0.43,47.1,,,,,9.688
48.17,CARRY,118.63,0.03,-9.62,120.95,-0.01,1,0,339.5,115.5,126.0,2.49,0.39,50.0,,,,,9.812
48.22,CARRY,118.63,0.03,-9.62,121.07,-0.01,1,0,341.0,112.0,129.7,2.56,0.42,47.5,,,,,9.75
48.27,CARRY,118.88,0.03,-9.62,121.2,-0.01,1,0,339.5,115.5,126.0,2.49,0.39,48.5,,,,,9.875
48.32,CARRY,118.88,0.03,-9.62,121.32,-0.01,1,0,341.0,112.0,129.7,2.56,0.42,47.5,,,,,9.812
48.37,CARRY,119.13,0.03,-9.62,121.45,-0.01,1,0,339.5,115.5,126.0,2.49,0.39,48.3,,,,,9.812
48.42,CARRY,119.13,0.03,-9.62,121.57,-0.01,1,0,341.0,112.0,129.7,2.56,0.42,47.5,,,,,9.75
48.47,CARRY,119.39,0.03,-9.62,121.7,-0.01,1,0,339.5,116.0,125.5,2.48,0.39,48.4,,,,,9.75
48.52,CARRY,119.39,0.03,-9.62,121.82,-0.01,1,0,341.0,112.0,129.7,2.56,0.42,47.5,,,,,9.688
48.57,CARRY,119.64,0.03,-9.63,121.95,-0.01,1,0,339.5,116.0,125.5,2.48,0.39,48.3,,,,,9.625
48.62,CARRY,119.64,0.03,-9.63,122.07,-0.01,1,0,341.0,112.5,129.2,2.55,0.42,48.2,,,,,9.438
48.67,CARRY,119.89,0.03,-9.63,122.2,-0.01,1,0,339.5,117.5,124.0,2.45,0.39,48.5,,,,,8.812
48.72,CARRY,119.89,0.03,-9.63,122.32,-0.01,1,0,341.0,117.5,124.3,2.45,0.42,47.8,,,,,8.438
48.77,CARRY,120.15,0.03,-9.63,122.45,-0.01,1,0,339.5,125.0,116.6,2.3,0.39,48.5,,,,,9.0
48.82,CARRY,120.15,0.03,-9.63,122.57,-0.01,1,0,341.0,125.0,116.9,2.3,0.42,47.8,,,,,9.125
48.87,CARRY,120.4,0.02,-9.63,122.7,-0.01,1,0,339.5,132.5,109.3,2.15,0.39,48.4,,,,,9.188
48.92,CARRY,120.4,0.02,-9.63,122.83,-0.01,1,0,341.0,112.5,129.2,2.55,0.42,47.9,,,,,9.125
48.97,CARRY,120.66,0.02,-9.63,122.95,-0.01,1,0,339.5,116.0,125.5,2.48,0.39,48.3,,,,,9.25
49.02,CARRY,120.66,0.02,-9.63,123.08,-0.01,1,0,341.0,112.5,129.2,2.55,0.42,48.2,,,,,9.25
49.07,CARRY,120.91,0.02,-9.63,123.2,-0.01,1,0,339.5,116.0,125.5,2.48,0.39,48.6,,,,,9.312
49.12,CARRY,120.91,0.02,-9.63,123.33,-0.01,1,0,341.0,112.5,129.2,2.55,0.42,48.2,,,,,9.25
49.17,CARRY,121.16,0.02,-9.63,123.45,-0.01,1,0,339.5,116.0,125.5,2.48,0.39,48.4,,,,,9.375
49.22,CARRY,121.16,0.02,-9.63,123.58,-0.01,1,0,341.0,112.5,129.2,2.55,0.42,47.5,,,,,9.25
49.27,CARRY,121.4,0.02,-9.62,123.7,-0.01,1,0,339.5,116.0,125.5,2.48,0.39,48.5,,,,,9.312
49.32,CARRY,121.4,0.02,-9.62,123.83,-0.01,1,0,341.0,112.5,129.2,2.55,0.42,47.7,,,,,9.188
49.37,CARRY,121.65,0.02,-9.62,123.95,-0.01,1,0,339.5,116.0,125.5,2.48,0.39,48.7,,,,,9.375
49.42,CARRY,121.65,0.02,-9.62,124.08,-0.01,1,0,341.0,112.5,129.2,2.55,0.42,47.9,,,,,9.188
49.47,CARRY,121.9,0.02,-9.62,124.2,-0.01,1,0,340.0,115.5,126.1,2.49,0.4,48.5,,,,,9.312
49.52,CARRY,121.9,0.02,-9.62,124.33,-0.01,1,0,341.0,112.5,129.2,2.55,0.42,48.0,,,,,9.312
49.58,CARRY,122.14,0.02,-9.62,124.45,-0.01,1,0,340.0,115.5,126.1,2.49,0.4,48.5,,,,,9.438
49.63,CARRY,122.14,0.02,-9.62,124.58,-0.01,1,0,341.5,112.5,129.3,2.55,0.43,48.0,,,,,9.375
49.68,CARRY,122.4,0.02,-9.62,124.7,-0.01,1,0,340.0,115.5,126.1,2.49,0.4,48.4,,,,,9.688
49.73,CARRY,122.4,0.02,-9.62,124.83,-0.01,1,0,341.5,112.5,129.3,2.55,0.43,50.0,,,,,9.688
49.78,CARRY,122.65,0.02,-9.62,124.95,-0.01,1,0,340.0,115.5,126.1,2.49,0.4,48.7,,,,,9.812
49.83,CARRY,122.65,0.02,-9.62,125.08,-0.01,1,0,341.5,112.0,129.8,2.56,0.43,48.1,,,,,9.875
49.88,CARRY,122.9,0.02,-9.62,125.2,-0.01,1,0,339.5,115.5,126.0,2.49,0.39,48.4,,,,,9.938
49.93,CARRY,122.9,0.02,-9.62,125.33,-0.01,1,0,341.5,112.5,129.3,2.55,0.43,49.9,,,,,9.938
49.98,CARRY,123.15,0.02,-9.62,125.46,-0.01,1,0,339.5,116.0,125.5,2.48,0.39,48.4,,,,,9.688
50.03,CARRY,123.15,0.02,-9.62,125.58,-0.01,1,0,341.5,112.5,129.3,2.55,0.43,47.9,,,,,9.75
50.08,CARRY,123.41,0.02,-9.62,125.71,-0.01,1,0,340.0,116.0,125.6,2.48,0.4,50.0,,,,,9.562
50.13,CARRY,123.41,0.02,-9.62,125.84,-0.01,1,0,341.5,112.5,129.3,2.55,0.43,47.8,,,,,9.5
50.18,CARRY,123.66,0.02,-9.62,125.96,-0.01,1,0,340.0,116.5,125.1,2.47,0.4,47.2,,,,,9.438
50.23,CARRY,123.66,0.02,-9.62,126.09,-0.01,1,0,341.5,113.0,128.8,2.54,0.43,50.6,,,,,9.188
50.28,CARRY,123.92,0.02,-9.62,126.21,-0.01,1,0,340.5,118.5,123.2,2.43,0.41,48.0,,,,,8.875
50.33,CARRY,123.92,0.02,-9.62,126.34,-0.01,1,0,341.5,118.5,123.4,2.43,0.43,49.5,,,,,8.562
50.38,CARRY,124.17,0.02,-9.62,126.47,-0.01,1,0,340.5,125.5,116.3,2.29,0.41,47.8,,,,,8.312
50.43,CARRY,124.17,0.02,-9.62,126.59,-0.01,1,0,341.5,125.5,116.5,2.29,0.43,47.5,,,,,8.625
50.48,CARRY,124.43,0.02,-9.62,126.72,-0.01,1,0,340.5,133.0,108.9,2.14,0.41,47.6,,,,,9.0
50.53,CARRY,124.43,0.02,-9.62,126.84,-0.01,1,0,342.0,132.0,110.2,2.16,0.44,49.7,,,,,8.938
50.58,CARRY,124.68,0.02,-9.62,126.97,-0.01,1,0,340.5,116.0,125.7,2.48,0.41,49.2,,,,,9.125
50.63,CARRY,124.68,0.02,-9.62,127.09,-0.01,1,0,341.5,112.5,129.3,2.55,0.43,49.8,,,,,9.188
50.68,CARRY,124.93,0.02,-9.62,127.22,-0.01,1,0,340.0,116.0,125.6,2.48,0.4,48.5,,,,,9.375
50.73,CARRY,124.93,0.02,-9.62,127.35,-0.01,1,0,341.5,112.5,129.3,2.55,0.43,47.9,,,,,9.312
50.78,CARRY,125.18,0.02,-9.62,127.47,-0.01,1,0,340.0,116.0,125.6,2.48,0.4,48.6,,,,,9.5
50.83,CARRY,125.18,0.02,-9.62,127.6,-0.01,1,0,341.5,112.5,129.3,2.55,0.43,49.8,,,,,9.375
50.88,CARRY,125.42,0.02,-9.62,127.72,-0.01,1,0,340.0,116.0,125.6,2.48,0.4,49.4,,,,,9.438
50.93,CARRY,125.42,0.02,-9.62,127.85,-0.01,1,0,341.5,112.0,129.8,2.56,0.43,48.3,,,,,9.375
50.98,CARRY,125.67,0.02,-9.62,127.98,-0.01,1,0,340.0,116.0,125.6,2.48,0.4,50.5,,,,,9.438
51.04,CARRY,125.67,0.02,-9.62,128.1,-0.01,1,0,341.5,112.0,129.8,2.56,0.43,48.4,,,,,9.188
51.09,CARRY,125.91,0.02,-9.62,128.23,-0.01,1,0,340.5,115.5,126.2,2.49,0.41,50.4,,,,,9.312
51.14,CARRY,125.91,0.02,-9.62,128.36,-0.01,1,0,341.5,111.5,130.3,2.57,0.43,47.4,,,,,9.188
51.19,CARRY,126.16,0.02,-9.62,128.48,-0.01,1,0,340.5,115.0,126.7,2.5,0.41,50.2,,,,,9.438
51.24,CARRY,126.16,0.02,-9.62,128.61,-0.01,1,0,341.5,111.5,130.3,2.57,0.43,48.6,,,,,9.375
51.29,CARRY,126.4,0.02,-9.62,128.74,-0.01,1,0,340.5,115.0,126.7,2.5,0.41,49.5,,,,,9.875
51.34,CARRY,126.4,0.02,-9.62,128.86,-0.01,1,0,341.5,111.5,130.3,2.57,0.43,48.1,,,,,9.75
51.39,CARRY,126.65,0.02,-9.62,128.99,-0.01,1,0,340.5,115.0,126.7,2.5,0.41,52.7,,,,,10.0
51.44,CARRY,126.65,0.02,-9.62,129.12,-0.01,1,0,341.5,111.5,130.3,2.57,0.43,49.2,,,,,10.062
51.49,CARRY,126.91,0.02,-9.62,129.25,-0.01,1,0,340.5,115.0,126.7,2.5,0.41,49.9,,,,,9.812
51.54,CARRY,126.91,0.02,-9.62,129.38,-0.01,1,0,341.5,111.5,130.3,2.57,0.43,48.0,,,,,9.625
51.59,CARRY,127.16,0.02,-9.62,129.5,-0.01,1,0,340.5,115.0,126.7,2.5,0.41,48.6,,,,,9.625
51.64,CARRY,127.16,0.02,-9.62,129.63,-0.01,1,0,341.5,111.5,130.3,2.57,0.43,48.1,,,,,9.562
51.69,CARRY,127.41,0.02,-9.62,129.75,-0.01,1,0,340.5,115.5,126.2,2.49,0.41,49.4,,,,,9.625
51.75,CARRY,127.41,0.02,-9.62,129.88,-0.01,1,0,342.0,111.0,130.9,2.58,0.44,47.2,,,,,9.5
51.8,CARRY,127.67,0.02,-9.62,130.0,-0.01,1,0,340.5,115.5,126.2,2.49,0.41,52.3,,,,,9.5
51.85,CARRY,127.67,0.02,-9.62,130.14,-0.01,1,0,341.5,111.5,130.3,2.57,0.43,48.5,,,,,9.0
51.9,CARRY,127.93,0.02,-9.62,130.26,-0.01,1,0,340.5,119.0,122.7,2.42,0.41,48.1,,,,,8.812
51.95,CARRY,127.93,0.02,-9.62,130.39,-0.01,1,0,341.5,118.5,123.4,2.43,0.43,48.9,,,,,8.5
52.0,CARRY,128.18,0.02,-9.62,130.51,-0.01,1,0,340.5,126.0,115.8,2.28,0.41,48.8,,,,,8.375
52.05,CARRY,128.18,0.02,-9.62,130.64,-0.01,1,0,341.5,126.0,116.0,2.28,0.43,47.9,,,,,8.438
52.1,CARRY,128.44,0.02,-9.62,130.76,-0.01,1,0,340.5,133.5,108.5,2.13,0.41,48.8,,,,,8.562
52.15,CARRY,128.44,0.02,-9.62,130.89,-0.01,1,0,341.5,132.0,110.1,2.16,0.43,47.0,,,,,8.5
52.2,CARRY,128.69,0.02,-9.62,131.01,-0.01,1,0,340.5,116.0,125.7,2.48,0.41,51.7,,,,,8.75
52.25,CARRY,128.69,0.02,-9.62,131.14,-0.01,1,0,342.0,111.5,130.4,2.57,0.44,49.3,,,,,8.875
52.3,CARRY,128.95,0.02,-9.62,131.27,-0.01,1,0,340.5,115.5,126.2,2.49,0.41,51.0,,,,,8.938
52.35,CARRY,129.2,0.02,-9.62,131.4,-0.01,1,0,339.0,118.5,123.0,2.43,0.38,48.4,,,,,8.875
52.4,CARRY,129.2,0.02,-9.62,131.53,-0.01,1,0,340.5,115.5,126.2,2.49,0.41,47.8,,,,,9.0
52.45,CARRY,129.44,0.02,-9.62,131.65,-0.01,1,0,339.5,118.5,123.1,2.43,0.39,48.5,,,,,9.0
52.5,CARRY,129.44,0.02,-9.62,131.78,-0.01,1,0,340.5,115.5,126.2,2.49,0.41,47.6,,,,,9.062
52.55,CARRY,129.44,0.02,-9.62,131.9,-0.01,1,0,341.5,111.5,130.3,2.57,0.43,49.2,,,,,9.062
52.6,CARRY,129.68,0.02,-9.62,132.03,-0.01,1,0,340.5,115.0,126.7,2.5,0.41,49.0,,,,,9.25
52.65,CARRY,129.68,0.02,-9.62,132.15,-0.01,1,0,342.0,111.5,130.4,2.57,0.44,50.0,,,,,9.0
52.71,CARRY,129.93,0.02,-9.62,132.28,-0.01,1,0,340.5,115.0,126.7,2.5,0.41,48.8,,,,,9.188
52.76,CARRY,129.93,0.02,-9.62,132.4,-0.01,1,0,342.0,111.5,130.4,2.57,0.44,48.7,,,,,9.25
52.81,CARRY,130.17,0.02,-9.62,132.53,-0.01,1,0,340.5,114.0,127.7,2.52,0.41,49.0,,,,,9.5
52.86,CARRY,130.42,0.02,-9.62,132.65,-0.01,1,0,340.0,117.5,124.1,2.45,0.4,48.8,,,,,9.938
52.91,CARRY,130.42,0.02,-9.62,132.78,-0.01,1,0,340.5,114.0,127.7,2.52,0.41,49.8,,,,,9.875
52.96,CARRY,130.67,0.02,-9.62,132.91,-0.01,1,0,339.5,117.5,124.0,2.45,0.39,51.2,,,,,10.188
53.01,CARRY,130.67,0.02,-9.62,133.04,-0.01,1,0,340.5,114.5,127.2,2.51,0.41,48.1,,,,,10.25
53.06,CARRY,130.92,0.02,-9.62,133.16,-0.01,1,0,339.5,117.5,124.0,2.45,0.39,48.0,,,,,10.062
53.11,CARRY,130.92,0.02,-9.62,133.29,-0.01,1,0,340.5,114.5,127.2,2.51,0.41,50.0,,,,,9.875
53.16,CARRY,131.17,0.02,-9.62,133.41,-0.01,1,0,339.5,117.5,124.0,2.45,0.39,50.0,,,,,9.75
53.21,CARRY,131.17,0.02,-9.62,133.54,-0.01,1,0,340.5,114.0,127.7,2.52,0.41,47.6,,,,,9.625
53.26,CARRY,131.42,0.02,-9.62,133.67,-0.01,1,0,339.5,117.5,124.0,2.45,0.39,48.3,,,,,9.625
53.31,CARRY,131.42,0.02,-9.62,133.79,-0.01,1,0,340.5,114.0,127.7,2.52,0.41,47.6,,,,,9.438
53.36,CARRY,131.67,0.02,-9.62,133.92,-0.01,1,0,339.5,117.0,124.5,2.46,0.39,50.2,,,,,9.5
53.41,CARRY,131.67,0.02,-9.62,134.05,-0.01,1,0,341.0,114.0,127.7,2.52,0.42,47.4,,,,,9.312
53.46,CARRY,131.92,0.02,-9.62,134.17,-0.01,1,0,340.0,118.0,123.6,2.44,0.4,52.0,,,,,9.125
53.52,CARRY,131.92,0.02,-9.62,134.3,-0.01,1,0,341.0,118.0,123.8,2.44,0.42,47.8,,,,,9.062
53.57,CARRY,132.17,0.02,-9.62,134.43,-0.01,1,0,340.0,125.5,116.2,2.29,0.4,48.6,,,,,8.562
53.62,CARRY,132.17,0.02,-9.62,134.55,-0.01,1,0,341.0,125.5,116.4,2.29,0.42,47.4,,,,,8.375
53.67,CARRY,132.42,0.02,-9.62,134.68,-0.01,1,0,340.0,132.5,109.3,2.15,0.4,48.6,,,,,8.812
53.72,CARRY,132.42,0.02,-9.62,134.8,-0.01,1,0,341.5,132.5,109.6,2.15,0.43,47.7,,,,,9.062
53.77,CARRY,132.67,0.01,-9.62,134.93,-0.01,1,0,340.0,117.0,124.6,2.46,0.4,50.8,,,,,9.0
53.82,CARRY,132.67,0.01,-9.62,135.06,-0.01,1,0,342.0,113.0,128.9,2.54,0.44,47.5,,,,,9.125
53.87,CARRY,132.91,0.01,-9.62,135.19,-0.01,1,0,340.0,116.5,125.1,2.47,0.4,48.5,,,,,9.062
53.92,CARRY,132.91,0.01,-9.62,135.31,-0.01,1,0,342.0,113.0,128.9,2.54,0.44,47.3,,,,,9.125
53.97,CARRY,133.16,0.02,-9.62,135.44,-0.01,1,0,340.0,116.5,125.1,2.47,0.4,48.4,,,,,9.188
54.02,CARRY,133.16,0.02,-9.62,135.56,-0.01,1,0,342.0,113.0,128.9,2.54,0.44,49.6,,,,,9.125
54.07,CARRY,133.4,0.02,-9.62,135.69,-0.01,1,0,340.0,116.0,125.6,2.48,0.4,48.5,,,,,9.312
54.12,CARRY,133.4,0.02,-9.62,135.81,-0.01,1,0,341.5,112.5,129.3,2.55,0.43,47.7,,,,,9.25
54.17,CARRY,133.64,0.02,-9.62,135.94,-0.01,1,0,340.0,116.0,125.6,2.48,0.4,48.4,,,,,9.438
54.22,CARRY,133.64,0.02,-9.62,136.06,-0.01,1,0,342.0,112.5,129.4,2.55,0.44,47.5,,,,,9.188
54.27,CARRY,133.88,0.02,-9.62,136.19,-0.01,1,0,340.5,116.0,125.7,2.48,0.41,48.5,,,,,9.312
54.32,CARRY,133.88,0.02,-9.62,136.31,-0.01,1,0,341.5,112.0,129.8,2.56,0.43,49.7,,,,,9.25
54.37,CARRY,134.13,0.02,-9.62,136.44,-0.01,1,0,340.5,116.0,125.7,2.48,0.41,48.6,,,,,9.312
54.42,CARRY,134.13,0.02,-9.62,136.56,-0.01,1,0,341.5,112.5,129.3,2.55,0.43,47.3,,,,,9.312
54.47,CARRY,134.38,0.02,-9.62,136.69,-0.01,1,0,340.0,116.0,125.6,2.48,0.4,50.2,,,,,9.688
54.52,CARRY,134.38,0.02,-9.62,136.82,-0.01,1,0,341.5,112.5,129.3,2.55,0.43,47.2,,,,,9.562
54.57,CARRY,134.62,0.02,-9.62,136.94,-0.01,1,0,340.0,115.5,126.1,2.49,0.4,50.7,,,,,9.812
54.62,CARRY,134.62,0.02,-9.62,137.07,-0.01,1,0,341.5,112.0,129.8,2.56,0.43,48.4,,,,,9.812
54.67,CARRY,134.88,0.02,-9.62,137.2,-0.01,1,0,340.0,115.0,126.6,2.5,0.4,50.8,,,,,9.938
54.73,CARRY,134.88,0.02,-9.62,137.33,-0.01,1,0,341.5,111.5,130.3,2.57,0.43,47.9,,,,,9.875
54.78,CARRY,135.13,0.03,-9.62,137.45,-0.01,1,0,340.0,115.0,126.6,2.5,0.4,48.1,,,,,9.938
54.83,CARRY,135.13,0.03,-9.62,137.58,-0.01,1,0,341.5,112.0,129.8,2.56,0.43,49.9,,,,,9.875
54.88,CARRY,135.38,0.03,-9.62,137.71,-0.01,1,0,340.0,115.5,126.1,2.49,0.4,50.0,,,,,9.688
54.93,CARRY,135.38,0.03,-9.62,137.83,-0.01,1,0,341.5,112.0,129.8,2.56,0.43,48.1,,,,,9.438
54.98,CARRY,135.63,0.03,-9.63,137.96,-0.01,1,0,340.0,115.5,126.1,2.49,0.4,49.9,,,,,9.438
55.03,CARRY,135.63,0.03,-9.63,138.09,-0.01,1,0,341.5,112.0,129.8,2.56,0.43,47.8,,,,,9.25
55.08,CARRY,135.89,0.03,-9.63,138.21,-0.01,1,0,340.0,117.5,124.1,2.45,0.4,50.8,,,,,8.812
55.13,CARRY,135.89,0.03,-9.63,138.34,-0.01,1,0,341.5,117.5,124.4,2.45,0.43,49.7,,,,,8.5
55.18,CARRY,136.14,0.03,-9.63,138.47,-0.01,1,0,340.0,124.5,117.2,2.31,0.4,49.9,,,,,9.188
55.23,CARRY,136.14,0.03,-9.63,138.59,-0.01,1,0,341.5,125.0,117.0,2.3,0.43,47.8,,,,,9.125
55.28,CARRY,136.4,0.03,-9.63,138.72,-0.01,1,0,340.0,132.0,109.8,2.16,0.4,48.3,,,,,9.188
55.33,CARRY,136.4,0.03,-9.63,138.84,-0.01,1,0,341.0,112.0,129.7,2.56,0.42,47.8,,,,,9.125
55.38,CARRY,136.65,0.03,-9.63,138.97,-0.01,1,0,339.5,116.0,125.5,2.48,0.39,48.4,,,,,9.312
55.43,CARRY,136.65,0.03,-9.63,139.1,-0.01,1,0,341.0,112.5,129.2,2.55,0.42,49.6,,,,,9.375
55.48,CARRY,136.9,0.03,-9.63,139.22,-0.01,1,0,339.5,116.0,125.5,2.48,0.39,48.8,,,,,9.438
55.53,CARRY,136.9,0.03,-9.63,139.35,-0.01,1,0,341.0,112.5,129.2,2.55,0.42,49.7,,,,,9.438
55.58,CARRY,137.15,0.03,-9.63,139.47,-0.01,1,0,339.5,115.0,126.5,2.5,0.39,50.5,,,,,9.438
55.64,CARRY,137.15,0.03,-9.63,139.6,-0.01,1,0,341.0,112.0,129.7,2.56,0.42,47.3,,,,,9.312
55.69,CARRY,137.4,0.03,-9.63,139.73,-0.01,1,0,339.5,115.0,126.5,2.5,0.39,48.7,,,,,9.438
55.74,CARRY,137.4,0.03,-9.63,139.85,-0.01,1,0,341.0,112.0,129.7,2.56,0.42,49.6,,,,,9.375
55.79,CARRY,137.65,0.03,-9.62,139.98,-0.01,1,0,339.5,115.0,126.5,2.5,0.39,48.2,,,,,9.562
55.84,CARRY,137.65,0.03,-9.62,140.1,-0.01,1,0,341.0,112.0,129.7,2.56,0.42,49.4,,,,,9.312
55.89,CARRY,137.9,0.03,-9.62,140.23,-0.01,1,0,339.5,115.0,126.5,2.5,0.39,48.8,,,,,9.562
55.94,CARRY,137.9,0.03,-9.62,140.36,-0.01,1,0,341.0,111.5,130.2,2.57,0.42,47.6,,,,,9.438
55.99,CARRY,138.15,0.03,-9.62,140.48,-0.01,1,0,339.5,115.0,126.5,2.5,0.39,48.6,,,,,9.688
56.04,CARRY,138.15,0.03,-9.62,140.61,-0.01,1,0,341.0,111.5,130.2,2.57,0.42,47.3,,,,,9.625
56.09,CARRY,138.4,0.03,-9.62,140.73,-0.01,1,0,339.5,115.0,126.5,2.5,0.39,48.6,,,,,9.938
56.14,CARRY,138.4,0.03,-9.62,140.86,-0.01,1,0,341.0,111.5,130.2,2.57,0.42,50.0,,,,,9.875
56.19,CARRY,138.65,0.03,-9.62,140.98,-0.01,1,0,340.0,115.0,126.6,2.5,0.4,48.7,,,,,10.062
56.24,CARRY,138.65,0.03,-9.62,141.11,-0.01,1,0,341.0,112.0,129.7,2.56,0.42,48.5,,,,,10.0
56.29,CARRY,138.9,0.03,-9.62,141.23,-0.01,1,0,340.0,115.0,126.6,2.5,0.4,50.5,,,,,9.938
56.34,CARRY,138.9,0.03,-9.62,141.36,-0.01,1,0,341.5,112.0,129.8,2.56,0.43,49.7,,,,,9.875
56.39,CARRY,139.16,0.03,-9.62,141.49,-0.01,1,0,340.0,115.5,126.1,2.49,0.4,50.4,,,,,9.75
56.44,CARRY,139.16,0.03,-9.62,141.62,-0.01,1,0,341.5,112.0,129.8,2.56,0.43,50.8,,,,,9.562
56.49,CARRY,139.41,0.02,-9.62,141.75,-0.01,1,0,340.0,115.5,126.1,2.49,0.4,50.8,,,,,9.562
56.55,CARRY,139.41,0.02,-9.62,141.88,-0.01,1,0,341.5,111.5,130.3,2.57,0.43,48.5,,,,,9.312
56.6,CARRY,139.67,0.02,-9.63,142.0,-0.01,1,0,340.5,115.5,126.2,2.49,0.41,48.5,,,,,9.438
56.65,CARRY,139.67,0.02,-9.63,142.13,-0.01,1,0,341.5,112.0,129.8,2.56,0.43,49.5,,,,,9.062
56.7,CARRY,139.92,0.02,-9.63,142.25,-0.01,1,0,340.5,118.5,123.2,2.43,0.41,49.8,,,,,8.875
56.75,CARRY,139.92,0.02,-9.63,142.38,-0.01,1,0,341.5,119.0,122.9,2.42,0.43,49.3,,,,,8.562
56.8,CARRY,140.18,0.02,-9.63,142.51,-0.01,1,0,340.5,126.0,115.8,2.28,0.41,48.1,,,,,8.438
56.85,CARRY,140.18,0.02,-9.63,142.63,-0.01,1,0,341.5,126.0,116.0,2.28,0.43,50.2,,,,,8.5
56.9,CARRY,140.43,0.02,-9.63,142.76,-0.01,1,0,340.5,133.5,108.5,2.13,0.41,50.3,,,,,8.812
56.95,CARRY,140.43,0.02,-9.63,142.89,-0.01,1,0,341.5,132.0,110.1,2.16,0.43,47.5,,,,,8.75
57.0,CARRY,140.69,0.02,-9.63,143.01,-0.01,1,0,340.5,115.5,126.2,2.49,0.41,50.3,,,,,9.0
57.05,CARRY,140.69,0.02,-9.63,143.14,-0.01,1,0,341.5,111.5,130.3,2.57,0.43,49.6,,,,,9.062
57.1,CARRY,140.94,0.02,-9.63,143.27,-0.01,1,0,340.5,115.5,126.2,2.49,0.41,49.0,,,,,9.25
57.15,CARRY,140.94,0.02,-9.63,143.39,-0.01,1,0,341.5,111.5,130.3,2.57,0.43,47.2,,,,,9.25
57.2,CARRY,141.19,0.02,-9.63,143.52,-0.01,1,0,340.5,115.5,126.2,2.49,0.41,51.9,,,,,9.375
57.26,CARRY,141.44,0.02,-9.63,143.65,-0.01,1,0,339.0,118.0,123.5,2.44,0.38,51.1,,,,,9.5
57.31,CARRY,141.44,0.02,-9.63,143.78,-0.01,1,0,340.5,115.0,126.7,2.5,0.41,48.6,,,,,9.5
57.36,CARRY,141.68,0.02,-9.62,143.91,-0.01,1,0,339.5,118.0,123.5,2.44,0.39,50.8,,,,,9.562
57.41,CARRY,141.68,0.02,-9.62,144.04,-0.01,1,0,340.5,114.0,127.7,2.52,0.41,48.3,,,,,9.5
57.46,CARRY,141.92,0.02,-9.62,144.16,-0.01,1,0,339.5,117.5,124.0,2.45,0.39,51.5,,,,,9.5
57.51,CARRY,141.92,0.02,-9.62,144.29,-0.01,1,0,340.5,114.0,127.7,2.52,0.41,49.1,,,,,9.438
57.56,CARRY,142.16,0.03,-9.62,144.42,-0.01,1,0,339.5,117.0,124.5,2.46,0.39,50.0,,,,,9.562
57.61,CARRY,142.16,0.03,-9.62,144.55,-0.01,1,0,341.0,113.5,128.2,2.53,0.42,48.1,,,,,9.625
57.66,CARRY,142.41,0.03,-9.62,144.67,-0.01,1,0,339.5,117.0,124.5,2.46,0.39,48.6,,,,,9.938
57.71,CARRY,142.41,0.03,-9.62,144.8,-0.01,1,0,340.5,113.5,128.2,2.53,0.41,49.5,,,,,9.938
57.76,CARRY,142.66,0.03,-9.62,144.92,-0.01,1,0,340.0,117.0,124.6,2.46,0.4,49.3,,,,,10.062
57.81,CARRY,142.66,0.03,-9.62,145.05,-0.01,1,0,341.0,113.0,128.7,2.54,0.42,49.3,,,,,10.125
57.86,CARRY,142.91,0.03,-9.62,145.17,-0.01,1,0,339.5,116.5,125.0,2.47,0.39,50.2,,,,,10.188
57.92,CARRY,142.91,0.03,-9.62,145.3,-0.01,1,0,340.5,113.5,128.2,2.53,0.41,47.7,,,,,10.062
57.97,CARRY,143.16,0.02,-9.62,145.43,-0.01,1,0,339.5,117.0,124.5,2.46,0.39,48.5,,,,,9.875
58.02,CARRY,143.16,0.02,-9.62,145.55,-0.01,1,0,341.0,113.5,128.2,2.53,0.42,48.3,,,,,9.812
58.07,CARRY,143.41,0.02,-9.62,145.68,-0.01,1,0,339.5,117.0,124.5,2.46,0.39,49.4,,,,,9.75
58.12,CARRY,143.41,0.02,-9.62,145.8,-0.01,1,0,340.5,113.5,128.2,2.53,0.41,47.3,,,,,9.688
58.17,CARRY,143.66,0.02,-9.62,145.93,-0.01,1,0,339.5,117.0,124.5,2.46,0.39,50.6,,,,,9.625
58.22,CARRY,143.66,0.02,-9.62,146.06,-0.01,1,0,341.0,113.5,128.2,2.53,0.42,46.9,,,,,9.438
58.27,CARRY,143.91,0.02,-9.62,146.18,-0.01,1,0,339.5,118.5,123.1,2.43,0.39,48.4,,,,,9.25
58.32,CARRY,143.91,0.02,-9.62,146.31,-0.01,1,0,341.5,118.0,123.9,2.44,0.43,48.2,,,,,9.188
58.37,CARRY,144.16,0.02,-9.62,146.43,-0.01,1,0,339.5,125.5,116.1,2.29,0.39,49.0,,,,,8.75
58.42,CARRY,144.16,0.02,-9.62,146.56,-0.01,1,0,341.0,125.5,116.4,2.29,0.42,51.3,,,,,8.312
58.47,CARRY,144.42,0.02,-9.63,146.69,-0.01,1,0,340.0,132.5,109.3,2.15,0.4,51.3,,,,,8.688
58.52,CARRY,144.42,0.02,-9.63,146.82,-0.01,1,0,341.5,132.5,109.6,2.15,0.43,49.9,,,,,9.0
58.57,CARRY,144.67,0.02,-9.63,146.95,-0.01,1,0,340.0,139.5,102.5,2.01,0.4,48.5,,,,,9.125
58.62,CARRY,144.67,0.02,-9.63,147.07,-0.01,1,0,341.5,139.5,102.8,2.01,0.43,47.8,,,,,9.188
58.67,CARRY,144.92,0.02,-9.63,147.2,-0.01,1,0,340.0,116.5,125.1,2.47,0.4,48.0,,,,,9.312
58.72,CARRY,144.92,0.02,-9.63,147.33,-0.01,1,0,341.5,112.5,129.3,2.55,0.43,48.1,,,,,9.25
58.77,CARRY,145.16,0.02,-9.63,147.45,-0.01,1,0,340.0,116.0,125.6,2.48,0.4,48.1,,,,,9.375
58.82,CARRY,145.16,0.02,-9.63,147.58,-0.01,1,0,341.5,112.5,129.3,2.55,0.43,48.0,,,,,9.312
58.87,CARRY,145.4,0.02,-9.63,147.7,-0.01,1,0,340.0,116.0,125.6,2.48,0.4,48.4,,,,,9.375
58.92,CARRY,145.4,0.02,-9.63,147.83,-0.01,1,0,341.5,112.5,129.3,2.55,0.43,50.0,,,,,9.25
58.98,CARRY,145.63,0.02,-9.62,147.95,-0.01,1,0,340.5,116.0,125.7,2.48,0.41,48.5,,,,,9.562
59.03,CARRY,145.63,0.02,-9.62,148.08,-0.01,1,0,341.5,111.5,130.3,2.57,0.43,48.0,,,,,9.312
59.08,CARRY,145.87,0.02,-9.62,148.2,-0.01,1,0,340.5,115.5,126.2,2.49,0.41,48.3,,,,,9.375
59.13,CARRY,145.87,0.02,-9.62,148.33,-0.01,1,0,342.0,111.5,130.4,2.57,0.44,49.1,,,,,9.25
59.18,CARRY,146.1,0.02,-9.62,148.45,-0.01,1,0,340.5,115.0,126.7,2.5,0.41,48.5,,,,,9.438
59.23,CARRY,146.1,0.02,-9.62,148.58,-0.01,1,0,341.5,111.5,130.3,2.57,0.43,48.0,,,,,9.375
59.28,CARRY,146.34,0.02,-9.62,148.7,-0.01,1,0,340.5,114.0,127.7,2.52,0.41,49.9,,,,,9.75
59.33,CARRY,146.34,0.02,-9.62,148.83,-0.01,1,0,341.5,110.5,131.3,2.59,0.43,48.1,,,,,9.688
59.38,CARRY,146.59,0.03,-9.62,148.96,-0.01,1,0,341.0,114.0,127.7,2.52,0.42,48.1,,,,,10.0
59.43,CARRY,146.59,0.03,-9.62,149.08,-0.01,1,0,341.0,110.0,131.7,2.6,0.42,50.0,,,,,10.0
59.48,CARRY,146.83,0.03,-9.62,149.21,-0.01,1,0,340.5,114.0,127.7,2.52,0.41,48.4,,,,,10.062
59.53,CARRY,146.83,0.03,-9.62,149.34,-0.01,1,0,341.0,110.0,131.7,2.6,0.42,49.7,,,,,9.812
59.58,CARRY,147.08,0.03,-9.62,149.46,-0.01,1,0,340.5,113.5,128.2,2.53,0.41,47.8,,,,,9.812
59.63,CARRY,147.08,0.03,-9.62,149.59,-0.01,1,0,341.0,110.0,131.7,2.6,0.42,48.1,,,,,9.625
59.68,CARRY,147.33,0.03,-9.62,149.71,-0.01,1,0,340.5,114.0,127.7,2.52,0.41,48.2,,,,,9.625
59.73,CARRY,147.33,0.03,-9.62,149.84,-0.01,1,0,341.0,110.0,131.7,2.6,0.42,49.7,,,,,9.438
59.78,CARRY,147.58,0.03,-9.62,149.96,-0.01,1,0,340.5,114.0,127.7,2.52,0.41,47.8,,,,,9.438
59.83,CARRY,147.58,0.03,-9.62,150.09,-0.01,1,0,341.0,110.5,131.2,2.59,0.42,50.9,,,,,9.312
59.88,CARRY,147.83,0.03,-9.62,150.22,-0.01,1,0,341.0,115.5,126.3,2.49,0.42,51.1,,,,,9.0
59.93,CARRY,147.83,0.03,-9.62,150.35,-0.01,1,0,341.0,116.0,125.8,2.48,0.42,48.4,,,,,8.875
59.98,CARRY,148.09,0.03,-9.63,150.48,-0.01,1,0,340.5,123.5,118.3,2.33,0.41,50.0,,,,,8.438
60.04,CARRY,148.09,0.03,-9.63,150.6,-0.01,1,0,341.0,123.5,118.4,2.33,0.42,49.1,,,,,8.625
60.09,CARRY,148.34,0.03,-9.63,150.73,-0.01,1,0,340.5,130.5,111.4,2.19,0.41,48.9,,,,,9.0
60.14,CARRY,148.34,0.03,-9.63,150.85,-0.01,1,0,341.0,110.0,131.7,2.6,0.42,48.5,,,,,9.188
60.19,CARRY,148.6,0.03,-9.63,150.98,-0.01,1,0,341.0,113.5,128.2,2.53,0.42,48.6,,,,,9.5
60.24,CARRY,148.6,0.03,-9.63,151.1,-0.01,1,0,341.0,110.0,131.7,2.6,0.42,47.8,,,,,9.438
60.29,CARRY,148.85,0.03,-9.63,151.23,-0.01,1,0,341.0,113.5,128.2,2.53,0.42,50.3,,,,,9.438
60.34,CARRY,148.85,0.03,-9.63,151.36,-0.01,1,0,341.0,110.0,131.7,2.6,0.42,48.6,,,,,9.375
60.39,CARRY,149.1,0.03,-9.63,151.48,-0.01,1,0,341.0,113.5,128.2,2.53,0.42,50.2,,,,,9.312
60.44,CARRY,149.1,0.03,-9.63,151.61,-0.01,1,0,341.0,110.0,131.7,2.6,0.42,48.1,,,,,9.188
60.49,CARRY,149.35,0.03,-9.63,151.74,-0.01,1,0,341.0,113.5,128.2,2.53,0.42,50.9,,,,,9.312
60.54,CARRY,149.35,0.03,-9.63,151.87,-0.01,1,0,341.0,109.5,132.2,2.61,0.42,50.0,,,,,9.188
60.59,CARRY,149.6,0.03,-9.62,151.99,-0.01,1,0,341.0,113.0,128.7,2.54,0.42,49.4,,,,,9.125
60.64,CARRY,149.6,0.03,-9.62,152.12,-0.01,1,0,341.0,109.5,132.2,2.61,0.42,48.0,,,,,8.812
60.69,CARRY,149.85,0.03,-9.62,152.24,-0.01,1,0,341.0,113.0,128.7,2.54,0.42,48.6,,,,,8.938
60.74,CARRY,149.85,0.03,-9.62,152.37,-0.01,1,0,341.0,109.5,132.2,2.61,0.42,47.8,,,,,8.75
60.79,CARRY,150.1,0.03,-9.62,152.49,-0.01,1,0,341.0,113.0,128.7,2.54,0.42,50.3,,,,,8.938
60.84,CARRY,150.1,0.03,-9.62,152.62,-0.01,1,0,341.0,109.5,132.2,2.61,0.42,49.0,,,,,8.812
60.89,CARRY,150.35,0.03,-9.62,152.75,-0.01,1,0,341.0,113.0,128.7,2.54,0.42,49.8,,,,,9.188
60.94,CARRY,150.35,0.03,-9.62,152.87,-0.01,1,0,341.0,109.5,132.2,2.61,0.42,49.3,,,,,9.062
60.99,CARRY,150.61,0.03,-9.62,153.0,-0.01,1,0,341.0,113.0,128.7,2.54,0.42,48.0,,,,,9.5
61.04,CARRY,150.61,0.03,-9.62,153.13,-0.01,1,0,341.0,109.5,132.2,2.61,0.42,49.9,,,,,9.375
61.1,CARRY,150.87,0.03,-9.62,153.25,-0.01,1,0,341.0,113.5,128.2,2.53,0.42,48.4,,,,,9.75
61.15,CARRY,150.87,0.03,-9.62,153.38,-0.01,1,0,341.0,109.5,132.2,2.61,0.42,49.5,,,,,9.688
61.2,CARRY,151.12,0.03,-9.62,153.5,-0.01,1,0,341.0,113.5,128.2,2.53,0.42,49.8,,,,,9.812
61.25,CARRY,151.12,0.03,-9.62,153.63,-0.01,1,0,341.0,110.0,131.7,2.6,0.42,50.9,,,,,9.625
61.3,CARRY,151.38,0.03,-9.62,153.76,-0.01,1,0,341.0,113.5,128.2,2.53,0.42,50.6,,,,,9.688
61.35,CARRY,151.38,0.03,-9.62,153.89,-0.01,1,0,341.0,110.0,131.7,2.6,0.42,48.5,,,,,9.5
61.4,CARRY,151.64,0.03,-9.62,154.02,-0.01,1,0,340.5,114.0,127.7,2.52,0.41,48.8,,,,,9.5
61.45,CARRY,151.64,0.03,-9.62,154.14,-0.01,1,0,341.0,110.5,131.2,2.59,0.42,48.1,,,,,9.25
61.5,CARRY,151.9,0.02,-9.62,154.27,-0.01,1,0,340.5,118.0,123.7,2.44,0.41,48.8,,,,,8.625
61.55,CARRY,151.9,0.02,-9.62,154.39,-0.01,1,0,341.5,118.0,123.9,2.44,0.43,48.0,,,,,8.375
61.6,CARRY,152.16,0.02,-9.62,154.52,-0.01,1,0,340.5,125.5,116.3,2.29,0.41,49.2,,,,,8.688
61.65,CARRY,152.16,0.02,-9.62,154.64,-0.01,1,0,341.5,125.5,116.5,2.29,0.43,50.1,,,,,8.938
61.7,CARRY,152.42,0.02,-9.62,154.77,-0.01,1,0,340.5,133.0,108.9,2.14,0.41,49.3,,,,,8.938
61.75,CARRY,152.42,0.02,-9.62,154.89,-0.01,1,0,342.0,132.0,110.2,2.16,0.44,50.9,,,,,8.812
61.8,CARRY,152.68,0.02,-9.62,155.02,-0.01,1,0,340.5,115.0,126.7,2.5,0.41,49.3,,,,,8.875
61.85,CARRY,152.93,0.02,-9.62,155.15,-0.01,1,0,339.0,118.0,123.5,2.44,0.38,50.2,,,,,8.875
61.91,CARRY,152.93,0.02,-9.62,155.28,-0.01,1,0,340.5,115.0,126.7,2.5,0.41,48.0,,,,,8.938
61.96,CARRY,153.18,0.02,-9.62,155.4,-0.01,1,0,339.0,118.0,123.5,2.44,0.38,48.4,,,,,9.062
62.01,CARRY,153.18,0.02,-9.62,155.53,-0.01,1,0,340.5,115.0,126.7,2.5,0.41,47.8,,,,,9.062
62.06,CARRY,153.18,0.02,-9.62,155.65,-0.01,1,0,342.0,111.5,130.4,2.57,0.44,49.6,,,,,9.0
62.11,CARRY,153.43,0.02,-9.62,155.78,-0.01,1,0,340.5,115.0,126.7,2.5,0.41,48.5,,,,,9.25
62.16,CARRY,153.43,0.02,-9.62,155.91,-0.01,1,0,342.0,111.5,130.4,2.57,0.44,46.6,,,,,9.125
62.21,CARRY,153.68,0.03,-9.62,156.03,-0.01,1,0,340.0,115.0,126.6,2.5,0.4,50.1,,,,,9.312
62.26,CARRY,153.93,0.03,-9.62,156.16,-0.01,1,0,339.0,117.5,124.0,2.45,0.38,51.8,,,,,9.375
62.31,CARRY,153.93,0.03,-9.62,156.29,-0.01,1,0,340.5,114.0,127.7,2.52,0.41,50.1,,,,,9.25
62.36,CARRY,154.17,0.03,-9.62,156.42,-0.01,1,0,339.0,117.5,124.0,2.45,0.38,49.5,,,,,9.312
62.41,CARRY,154.17,0.03,-9.62,156.54,-0.01,1,0,341.0,114.0,127.7,2.52,0.42,47.6,,,,,9.25
62.46,CARRY,154.42,0.03,-9.62,156.67,-0.01,1,0,339.0,117.5,124.0,2.45,0.38,48.7,,,,,9.562
62.51,CARRY,154.42,0.03,-9.62,156.79,-0.01,1,0,340.5,113.5,128.2,2.53,0.41,49.8,,,,,9.438
62.56,CARRY,154.67,0.03,-9.62,156.92,-0.01,1,0,339.0,117.5,124.0,2.45,0.38,51.2,,,,,9.625
62.62,CARRY,154.67,0.03,-9.62,157.05,-0.01,1,0,341.0,113.5,128.2,2.53,0.42,50.9,,,,,9.562
62.67,CARRY,154.92,0.03,-9.62,157.18,-0.01,1,0,339.5,117.0,124.5,2.46,0.39,51.3,,,,,9.688
62.72,CARRY,154.92,0.03,-9.62,157.31,-0.01,1,0,341.0,113.0,128.7,2.54,0.42,50.1,,,,,9.625
62.77,CARRY,155.17,0.03,-9.62,157.44,-0.01,1,0,339.5,117.0,124.5,2.46,0.39,49.0,,,,,9.625
62.82,CARRY,155.17,0.03,-9.62,157.57,-0.01,1,0,341.0,113.0,128.7,2.54,0.42,48.2,,,,,9.562
62.87,CARRY,155.43,0.03,-9.62,157.69,-0.01,1,0,339.5,117.0,124.5,2.46,0.39,50.7,,,,,9.438
62.92,CARRY,155.43,0.03,-9.62,157.82,-0.01,1,0,341.0,113.5,128.2,2.53,0.42,49.0,,,,,9.375
62.97,CARRY,155.68,0.02,-9.62,157.95,-0.01,1,0,339.5,117.0,124.5,2.46,0.39,48.3,,,,,9.25
63.02,CARRY,155.68,0.02,-9.62,158.07,-0.01,1,0,341.0,113.5,128.2,2.53,0.42,48.3,,,,,9.062
63.07,CARRY,155.93,0.02,-9.62,158.2,-0.01,1,0,339.5,119.0,122.6,2.42,0.39,48.7,,,,,8.75
63.12,CARRY,155.93,0.02,-9.62,158.32,-0.01,1,0,340.5,119.0,122.7,2.42,0.41,49.3,,,,,8.375
63.17,CARRY,156.18,0.02,-9.62,158.45,-0.01,1,0,339.5,126.0,115.7,2.28,0.39,48.7,,,,,8.125
63.22,CARRY,156.18,0.02,-9.62,158.57,-0.01,1,0,340.5,126.0,115.8,2.28,0.41,50.7,,,,,8.5
63.27,CARRY,156.44,0.02,-9.62,158.7,-0.01,1,0,339.5,133.5,108.3,2.13,0.39,48.5,,,,,8.625
63.32,CARRY,156.44,0.02,-9.62,158.83,-0.01,1,0,340.5,133.5,108.5,2.13,0.41,48.1,,,,,8.75
63.37,CARRY,156.69,0.02,-9.62,158.95,-0.01,1,0,339.5,139.5,102.4,2.01,0.39,48.6,,,,,8.75
63.42,CARRY,156.69,0.02,-9.62,159.08,-0.01,1,0,341.0,139.5,102.7,2.01,0.42,48.2,,,,,9.0
63.47,CARRY,156.94,0.02,-9.62,159.2,-0.01,1,0,339.5,117.0,124.5,2.46,0.39,48.5,,,,,9.125
63.53,CARRY,156.94,0.02,-9.62,159.33,-0.01,1,0,341.0,113.5,128.2,2.53,0.42,48.2,,,,,9.312
63.58,CARRY,157.18,0.02,-9.62,159.45,-0.01,1,0,339.5,116.5,125.0,2.47,0.39,50.5,,,,,9.312
63.63,CARRY,157.18,0.02,-9.62,159.58,-0.01,1,0,341.0,113.0,128.7,2.54,0.42,48.3,,,,,9.312
63.68,CARRY,157.42,0.02,-9.62,159.71,-0.01,1,0,340.0,116.0,125.6,2.48,0.4,48.4,,,,,9.438
63.73,CARRY,157.42,0.02,-9.62,159.83,-0.01,1,0,341.0,112.5,129.2,2.55,0.42,47.6,,,,,9.375
63.78,CARRY,157.65,0.02,-9.62,159.96,-0.01,1,0,340.0,116.0,125.6,2.48,0.4,49.8,,,,,9.5
63.83,CARRY,157.65,0.02,-9.62,160.08,-0.01,1,0,341.0,112.5,129.2,2.55,0.42,48.6,,,,,9.375
63.88,CARRY,157.88,0.02,-9.62,160.21,-0.01,1,0,340.0,115.0,126.6,2.5,0.4,51.2,,,,,9.5
63.93,CARRY,157.88,0.02,-9.62,160.34,-0.01,1,0,341.5,111.5,130.3,2.57,0.43,48.4,,,,,9.312
63.98,CARRY,158.12,0.03,-9.62,160.46,-0.01,1,0,340.5,115.0,126.7,2.5,0.41,48.9,,,,,9.562
64.03,CARRY,158.12,0.03,-9.62,160.59,-0.01,1,0,342.0,111.5,130.4,2.57,0.44,49.5,,,,,9.5
64.08,CARRY,158.36,0.03,-9.62,160.72,-0.01,1,0,340.5,114.0,127.7,2.52,0.41,51.4,,,,,9.75
64.13,CARRY,158.36,0.03,-9.62,160.85,-0.01,1,0,341.5,110.5,131.3,2.59,0.43,50.3,,,,,9.688
64.18,CARRY,158.6,0.03,-9.62,160.98,-0.01,1,0,341.0,113.5,128.2,2.53,0.42,49.3,,,,,9.812
64.23,CARRY,158.6,0.03,-9.62,161.1,-0.01,1,0,341.0,110.0,131.7,2.6,0.42,49.5,,,,,9.812
64.29,CARRY,158.84,0.03,-9.62,161.23,-0.01,1,0,340.5,113.5,128.2,2.53,0.41,51.0,,,,,9.875
64.34,CARRY,158.84,0.03,-9.62,161.36,-0.01,1,0,341.0,110.0,131.7,2.6,0.42,48.1,,,,,9.812
64.39,CARRY,159.09,0.03,-9.62,161.48,-0.01,1,0,341.0,113.0,128.7,2.54,0.42,50.2,,,,,9.938
64.44,CARRY,159.09,0.03,-9.62,161.61,-0.01,1,0,341.0,109.5,132.2,2.61,0.42,48.7,,,,,9.812
64.49,CARRY,159.34,0.02,-9.62,161.74,-0.01,1,0,340.5,113.0,128.6,2.54,0.41,49.6,,,,,9.938
64.54,CARRY,159.34,0.02,-9.62,161.86,-0.01,1,0,341.5,110.0,131.8,2.6,0.43,47.5,,,,,9.625
64.59,CARRY,159.59,0.02,-9.62,161.99,-0.01,1,0,340.5,113.5,128.2,2.53,0.41,48.7,,,,,9.5
64.64,CARRY,159.59,0.02,-9.62,162.11,-0.01,1,0,341.5,110.0,131.8,2.6,0.43,48.0,,,,,9.188
64.69,CARRY,159.85,0.02,-9.62,162.24,-0.01,1,0,340.5,116.5,125.2,2.47,0.41,48.6,,,,,8.812
64.74,CARRY,159.85,0.02,-9.62,162.36,-0.01,1,0,341.5,116.5,125.4,2.47,0.43,48.2,,,,,8.625
64.79,CARRY,160.1,0.02,-9.62,162.49,-0.01,1,0,340.5,123.5,118.3,2.33,0.41,48.9,,,,,8.812
64.84,CARRY,160.1,0.02,-9.62,162.61,-0.01,1,0,341.5,124.0,118.0,2.32,0.43,48.1,,,,,9.25
64.89,CARRY,160.36,0.02,-9.63,162.74,-0.01,1,0,340.5,131.0,110.9,2.18,0.41,49.0,,,,,9.312
64.94,CARRY,160.36,0.02,-9.63,162.86,-0.01,1,0,341.0,110.0,131.7,2.6,0.42,48.3,,,,,9.188
64.99,CARRY,160.61,0.02,-9.63,162.99,-0.01,1,0,340.5,113.5,128.2,2.53,0.41,48.9,,,,,9.312
65.04,CARRY,160.61,0.02,-9.63,163.11,-0.01,1,0,341.0,110.0,131.7,2.6,0.42,48.0,,,,,9.375
65.09,CARRY,160.87,0.02,-9.63,163.24,-0.01,1,0,340.5,114.0,127.7,2.52,0.41,48.6,,,,,9.438
65.14,CARRY,160.87,0.02,-9.63,163.36,-0.01,1,0,341.0,110.0,131.7,2.6,0.42,49.9,,,,,9.438
65.19,CARRY,161.12,0.02,-9.63,163.49,-0.01,1,0,341.0,113.5,128.2,2.53,0.42,48.7,,,,,9.375
65.24,CARRY,161.12,0.02,-9.63,163.62,-0.01,1,0,341.0,110.0,131.7,2.6,0.42,48.2,,,,,9.312
65.29,CARRY,161.37,0.02,-9.63,163.74,-0.01,1,0,341.0,113.5,128.2,2.53,0.42,48.5,,,,,9.438
65.34,CARRY,161.37,0.02,-9.63,163.87,-0.01,1,0,341.0,110.0,131.7,2.6,0.42,50.1,,,,,9.312
65.39,CARRY,161.61,0.03,-9.62,163.99,-0.01,1,0,341.0,113.5,128.2,2.53,0.42,48.3,,,,,9.438
65.44,CARRY,161.61,0.03,-9.62,164.12,-0.01,1,0,341.0,110.0,131.7,2.6,0.42,50.2,,,,,9.188
65.49,CARRY,161.86,0.03,-9.62,164.25,-0.01,1,0,341.0,113.5,128.2,2.53,0.42,50.0,,,,,9.312
65.54,CARRY,161.86,0.03,-9.62,164.37,-0.01,1,0,341.0,110.0,131.7,2.6,0.42,49.3,,,,,9.062
65.59,CARRY,162.12,0.03,-9.62,164.5,-0.01,1,0,341.0,113.5,128.2,2.53,0.42,50.3,,,,,9.375
65.65,CARRY,162.12,0.03,-9.62,164.63,-0.01,1,0,341.0,110.0,131.7,2.6,0.42,48.9,,,,,9.25
65.7,CARRY,162.37,0.03,-9.62,164.75,-0.01,1,0,341.0,113.5,128.2,2.53,0.42,52.1,,,,,9.625
65.75,CARRY,162.37,0.03,-9.62,164.89,-0.01,1,0,341.0,109.5,132.2,2.61,0.42,50.0,,,,,9.562
65.8,CARRY,162.63,0.03,-9.62,165.01,-0.01,1,0,340.5,113.5,128.2,2.53,0.41,49.7,,,,,9.812
65.85,CARRY,162.63,0.03,-9.62,165.14,-0.01,1,0,341.0,109.5,132.2,2.61,0.42,48.0,,,,,9.75
65.9,CARRY,162.88,0.03,-9.62,165.27,-0.01,1,0,341.0,113.5,128.2,2.53,0.42,51.3,,,,,9.938
65.95,CARRY,162.88,0.03,-9.62,165.4,-0.01,1,0,341.0,109.5,132.2,2.61,0.42,50.1,,,,,9.875
66.0,CARRY,163.14,0.03,-9.62,165.52,-0.01,1,0,340.5,113.5,128.2,2.53,0.41,49.7,,,,,9.562
66.05,CARRY,163.14,0.03,-9.62,165.65,-0.01,1,0,341.0,109.5,132.2,2.61,0.42,47.3,,,,,9.375
66.11,CARRY,163.4,0.03,-9.62,165.78,-0.01,1,0,340.5,114.0,127.7,2.52,0.41,48.5,,,,,9.312
66.16,CARRY,163.4,0.03,-9.62,165.9,-0.01,1,0,341.0,110.0,131.7,2.6,0.42,47.9,,,,,9.25
66.21,CARRY,163.66,0.03,-9.62,166.03,-0.01,1,0,340.5,114.0,127.7,2.52,0.41,48.3,,,,,9.188
66.26,CARRY,163.66,0.03,-9.62,166.15,-0.01,1,0,341.0,111.0,130.7,2.58,0.42,48.3,,,,,9.0
66.31,CARRY,163.92,0.02,-9.62,166.28,-0.01,1,0,340.5,118.5,123.2,2.43,0.41,51.0,,,,,8.625
66.36,CARRY,164.18,0.02,-9.62,166.41,-0.01,1,0,339.5,125.5,116.1,2.29,0.39,48.9,,,,,8.312
66.41,CARRY,164.18,0.02,-9.62,166.53,-0.01,1,0,340.5,126.0,115.8,2.28,0.41,48.8,,,,,8.375
66.46,CARRY,164.44,0.02,-9.62,166.66,-0.01,1,0,339.5,133.0,108.8,2.14,0.39,48.9,,,,,8.812
66.51,CARRY,164.44,0.02,-9.62,166.78,-0.01,1,0,340.5,133.5,108.5,2.13,0.41,50.8,,,,,8.938
66.56,CARRY,164.69,0.02,-9.62,166.91,-0.01,1,0,339.0,140.5,101.3,1.99,0.38,49.0,,,,,8.938
66.61,CARRY,164.69,0.02,-9.62,167.04,-0.01,1,0,340.5,139.5,102.6,2.01,0.41,48.0,,,,,8.938
66.66,CARRY,164.95,0.02,-9.63,167.16,-0.01,1,0,339.0,118.0,123.5,2.44,0.38,48.9,,,,,9.062
66.71,CARRY,164.95,0.02,-9.63,167.29,-0.01,1,0,340.5,115.0,126.7,2.5,0.41,48.1,,,,,9.125
66.76,CARRY,165.2,0.02,-9.62,167.41,-0.01,1,0,339.0,118.0,123.5,2.44,0.38,48.5,,,,,9.312
66.81,CARRY,165.2,0.02,-9.62,167.54,-0.01,1,0,340.5,115.0,126.7,2.5,0.41,48.1,,,,,9.25
66.86,CARRY,165.44,0.02,-9.62,167.66,-0.01,1,0,339.0,118.0,123.5,2.44,0.38,48.6,,,,,9.438
66.91,CARRY,165.44,0.02,-9.62,167.79,-0.01,1,0,340.5,115.0,126.7,2.5,0.41,47.7,,,,,9.375
66.96,CARRY,165.67,0.02,-9.62,167.91,-0.01,1,0,339.0,117.5,124.0,2.45,0.38,50.7,,,,,9.438
67.01,CARRY,165.67,0.02,-9.62,168.04,-0.01,1,0,340.5,114.0,127.7,2.52,0.41,50.0,,,,,9.375
67.06,CARRY,165.91,0.03,-9.62,168.17,-0.01,1,0,340.0,117.0,124.6,2.46,0.4,50.1,,,,,9.25
67.11,CARRY,165.91,0.03,-9.62,168.3,-0.01,1,0,341.0,113.5,128.2,2.53,0.42,49.0,,,,,9.188
67.16,CARRY,166.15,0.03,-9.62,168.42,-0.01,1,0,339.5,116.5,125.0,2.47,0.39,49.4,,,,,9.375
67.21,CARRY,166.15,0.03,-9.62,168.55,-0.01,1,0,341.0,113.0,128.7,2.54,0.42,47.7,,,,,9.5
67.26,CARRY,166.38,0.03,-9.62,168.68,-0.01,1,0,339.5,116.0,125.5,2.48,0.39,51.5,,,,,9.688
67.32,CARRY,166.38,0.03,-9.62,168.81,-0.01,1,0,340.5,113.0,128.6,2.54,0.41,47.6,,,,,9.625
67.37,CARRY,166.63,0.03,-9.62,168.93,-0.01,1,0,339.5,116.0,125.5,2.48,0.39,50.8,,,,,9.812
67.42,CARRY,166.63,0.03,-9.62,169.06,-0.01,1,0,340.5,112.5,129.1,2.55,0.41,48.6,,,,,9.812
67.47,CARRY,166.87,0.03,-9.62,169.19,-0.01,1,0,339.5,115.5,126.0,2.49,0.39,50.7,,,,,9.938
67.52,CARRY,166.87,0.03,-9.62,169.32,-0.01,1,0,341.0,111.5,130.2,2.57,0.42,49.8,,,,,9.875
67.57,CARRY,167.12,0.03,-9.62,169.44,-0.01,1,0,339.5,115.0,126.5,2.5,0.39,48.4,,,,,10.0
67.62,CARRY,167.12,0.03,-9.62,169.57,-0.01,1,0,341.0,111.5,130.2,2.57,0.42,51.2,,,,,9.938
67.67,CARRY,167.37,0.03,-9.62,169.7,-0.01,1,0,340.0,115.5,126.1,2.49,0.4,48.9,,,,,9.875
67.72,CARRY,167.37,0.03,-9.62,169.82,-0.01,1,0,341.5,112.0,129.8,2.56,0.43,47.9,,,,,9.562
67.77,CARRY,167.62,0.03,-9.62,169.95,-0.01,1,0,340.0,115.5,126.1,2.49,0.4,50.5,,,,,9.5
67.83,CARRY,167.62,0.03,-9.62,170.08,-0.01,1,0,341.5,111.5,130.3,2.57,0.43,50.9,,,,,9.375
67.88,CARRY,167.87,0.02,-9.63,170.21,-0.01,1,0,340.5,117.0,124.7,2.46,0.41,49.1,,,,,8.875
67.93,CARRY,167.87,0.02,-9.63,170.33,-0.01,1,0,341.5,117.0,124.9,2.46,0.43,47.8,,,,,8.5
67.98,CARRY,168.12,0.02,-9.63,170.46,-0.01,1,0,340.5,124.5,117.3,2.31,0.41,51.5,,,,,8.812
68.03,CARRY,168.12,0.02,-9.63,170.59,-0.01,1,0,341.5,124.5,117.5,2.31,0.43,48.5,,,,,8.938
68.08,CARRY,168.37,0.02,-9.63,170.72,-0.01,1,0,340.5,131.5,110.4,2.17,0.41,49.0,,,,,9.0
68.13,CARRY,168.37,0.02,-9.63,170.84,-0.01,1,0,342.0,111.5,130.4,2.57,0.44,49.6,,,,,8.938
68.18,CARRY,168.63,0.02,-9.63,170.97,-0.01,1,0,340.5,115.0,126.7,2.5,0.41,48.1,,,,,9.125
68.23,CARRY,168.63,0.02,-9.63,171.09,-0.01,1,0,342.0,111.5,130.4,2.57,0.44,51.0,,,,,9.125
68.28,CARRY,168.88,0.02,-9.63,171.22,-0.01,1,0,340.5,115.0,126.7,2.5,0.41,51.0,,,,,9.188
68.34,CARRY,168.88,0.02,-9.63,171.35,-0.01,1,0,342.0,111.5,130.4,2.57,0.44,48.7,,,,,9.312
68.39,CARRY,169.13,0.02,-9.63,171.48,-0.01,1,0,340.5,115.0,126.7,2.5,0.41,48.9,,,,,9.375
68.44,CARRY,169.13,0.02,-9.63,171.6,-0.01,1,0,342.0,111.5,130.4,2.57,0.44,48.0,,,,,9.312
68.49,CARRY,169.38,0.02,-9.63,171.73,-0.01,1,0,340.5,115.0,126.7,2.5,0.41,49.9,,,,,9.375
68.54,CARRY,169.38,0.02,-9.63,171.86,-0.01,1,0,341.5,110.5,131.3,2.59,0.43,47.8,,,,,9.188
68.59,CARRY,169.62,0.02,-9.62,171.98,-0.01,1,0,340.5,114.0,127.7,2.52,0.41,48.6,,,,,9.312
68.64,CARRY,169.62,0.02,-9.62,172.11,-0.01,1,0,341.5,110.5,131.3,2.59,0.43,49.4,,,,,9.0
68.69,CARRY,169.87,0.02,-9.62,172.23,-0.01,1,0,340.5,114.0,127.7,2.52,0.41,49.0,,,,,9.25
68.74,CARRY,169.87,0.02,-9.62,172.36,-0.01,1,0,341.5,110.5,131.3,2.59,0.43,49.8,,,,,9.125
68.79,CARRY,170.12,0.02,-9.62,172.48,-0.01,1,0,340.5,114.0,127.7,2.52,0.41,48.5,,,,,9.312
68.84,CARRY,170.12,0.02,-9.62,172.61,-0.01,1,0,341.5,110.5,131.3,2.59,0.43,51.0,,,,,9.25
68.89,CARRY,170.37,0.02,-9.62,172.74,-0.01,1,0,340.5,114.0,127.7,2.52,0.41,50.5,,,,,9.75
68.94,CARRY,170.37,0.02,-9.62,172.87,-0.01,1,0,341.5,110.0,131.8,2.6,0.43,48.4,,,,,9.688
68.99,CARRY,170.62,0.02,-9.62,172.99,-0.01,1,0,341.0,113.5,128.2,2.53,0.42,51.0,,,,,9.938
69.04,CARRY,170.62,0.02,-9.62,173.12,-0.01,1,0,341.5,110.0,131.8,2.6,0.43,49.2,,,,,9.938
69.09,CARRY,170.87,0.02,-9.62,173.25,-0.01,1,0,341.0,113.5,128.2,2.53,0.42,49.1,,,,,9.938
69.14,CARRY,170.87,0.02,-9.62,173.38,-0.01,1,0,341.5,110.0,131.8,2.6,0.43,50.3,,,,,9.875
69.2,CARRY,171.13,0.02,-9.62,173.5,-0.01,1,0,341.0,114.0,127.7,2.52,0.42,51.6,,,,,9.562
69.25,CARRY,171.13,0.02,-9.62,173.63,-0.01,1,0,341.5,110.0,131.8,2.6,0.43,48.4,,,,,9.375
69.3,CARRY,171.38,0.02,-9.62,173.76,-0.01,1,0,341.0,114.0,127.7,2.52,0.42,51.3,,,,,9.375
69.35,CARRY,171.38,0.02,-9.62,173.89,-0.01,1,0,342.0,110.0,131.8,2.6,0.44,47.8,,,,,9.188
69.4,CARRY,171.64,0.02,-9.62,174.02,-0.01,1,0,341.0,114.0,127.7,2.52,0.42,52.1,,,,,9.312
69.45,CARRY,171.64,0.02,-9.62,174.15,-0.01,1,0,342.0,110.5,131.4,2.59,0.44,47.4,,,,,9.062
69.5,CARRY,171.89,0.02,-9.62,174.27,-0.01,1,0,341.0,117.5,124.3,2.45,0.42,49.7,,,,,8.875
69.55,CARRY,171.89,0.02,-9.62,174.4,-0.01,1,0,342.0,118.0,124.0,2.44,0.44,47.9,,,,,8.75
69.6,CARRY,172.15,0.02,-9.62,174.53,-0.01,1,0,341.0,125.0,116.9,2.3,0.42,48.8,,,,,8.312
69.66,CARRY,172.41,0.01,-9.62,174.65,-0.01,1,0,339.5,132.5,109.3,2.15,0.39,48.4,,,,,8.875
69.71,CARRY,172.41,0.01,-9.62,174.78,-0.01,1,0,341.0,132.5,109.5,2.15,0.42,48.3,,,,,9.25
69.76,CARRY,172.67,0.01,-9.63,174.9,-0.01,1,0,339.5,140.0,101.9,2.0,0.39,49.6,,,,,9.375
69.81,CARRY,172.67,0.01,-9.63,175.03,-0.01,1,0,341.0,139.5,102.7,2.01,0.42,48.4,,,,,9.375
69.86,CARRY,172.67,0.01,-9.63,175.15,-0.01,1,0,342.0,139.5,102.9,2.01,0.44,48.0,,,,,9.438
69.91,CARRY,172.92,0.01,-9.63,175.28,-0.01,1,0,340.5,114.0,127.7,2.52,0.41,48.8,,,,,9.562
69.96,CARRY,172.92,0.01,-9.63,175.4,-0.01,1,0,342.0,110.5,131.4,2.59,0.44,51.6,,,,,9.5
70.01,CARRY,173.17,0.02,-9.63,175.54,-0.01,1,0,340.5,114.0,127.7,2.52,0.41,50.6,,,,,9.562
70.06,CARRY,173.41,0.02,-9.62,175.67,-0.01,1,0,339.5,117.0,124.5,2.46,0.39,50.4,,,,,9.438
70.11,CARRY,173.41,0.02,-9.62,175.79,-0.01,1,0,341.0,113.5,128.2,2.53,0.42,48.3,,,,,9.5
70.16,CARRY,173.65,0.02,-9.62,175.92,-0.01,1,0,339.5,116.5,125.0,2.47,0.39,48.8,,,,,9.562
70.21,CARRY,173.65,0.02,-9.62,176.04,-0.01,1,0,341.0,113.0,128.7,2.54,0.42,46.9,,,,,9.5
70.26,CARRY,173.88,0.03,-9.62,176.17,-0.01,1,0,339.5,116.0,125.5,2.48,0.39,50.2,,,,,9.562
70.31,CARRY,173.88,0.03,-9.62,176.3,-0.01,1,0,340.5,112.5,129.1,2.55,0.41,47.4,,,,,9.438
70.36,CARRY,174.12,0.03,-9.62,176.42,-0.01,1,0,339.5,115.5,126.0,2.49,0.39,48.5,,,,,9.438
70.41,CARRY,174.12,0.03,-9.62,176.55,-0.01,1,0,340.5,112.5,129.1,2.55,0.41,48.0,,,,,9.375
70.46,CARRY,174.36,0.03,-9.62,176.67,-0.01,1,0,339.5,115.5,126.0,2.49,0.39,50.8,,,,,9.562
70.52,CARRY,174.36,0.03,-9.62,176.8,-0.01,1,0,341.0,112.0,129.7,2.56,0.42,48.5,,,,,9.5
70.57,CARRY,174.6,0.04,-9.62,176.93,-0.01,1,0,339.5,115.0,126.5,2.5,0.39,50.3,,,,,9.812
70.62,CARRY,174.6,0.04,-9.62,177.06,-0.01,1,0,341.0,111.5,130.2,2.57,0.42,50.0,,,,,9.688
70.67,CARRY,174.84,0.04,-9.62,177.18,-0.01,1,0,339.5,114.5,127.0,2.51,0.39,48.8,,,,,9.938
70.72,CARRY,174.84,0.04,-9.62,177.31,-0.01,1,0,341.0,111.5,130.2,2.57,0.42,47.8,,,,,9.938
70.77,CARRY,175.09,0.04,-9.62,177.43,-0.01,1,0,339.5,115.0,126.5,2.5,0.39,49.7,,,,,9.938
70.82,CARRY,175.09,0.04,-9.62,177.56,-0.01,1,0,341.0,111.5,130.2,2.57,0.42,50.7,,,,,10.0
70.87,CARRY,175.34,0.04,-9.62,177.69,-0.01,1,0,339.5,115.0,126.5,2.5,0.39,50.9,,,,,10.0
70.92,CARRY,175.34,0.04,-9.62,177.82,-0.01,1,0,341.0,110.5,131.2,2.59,0.42,49.2,,,,,9.938
70.97,CARRY,175.59,0.04,-9.62,177.95,-0.01,1,0,339.5,114.0,127.5,2.52,0.39,48.7,,,,,9.938
71.02,CARRY,175.59,0.04,-9.62,178.07,-0.01,1,0,340.5,111.0,130.6,2.58,0.41,48.7,,,,,9.75
71.07,CARRY,175.84,0.04,-9.62,178.2,-0.01,1,0,339.5,116.0,125.5,2.48,0.39,50.6,,,,,9.188
71.12,CARRY,175.84,0.04,-9.62,178.33,-0.01,1,0,340.5,116.5,125.2,2.47,0.41,49.1,,,,,8.875
71.17,CARRY,176.1,0.04,-9.63,178.45,-0.01,1,0,339.5,123.5,118.1,2.33,0.39,48.3,,,,,9.312
71.22,CARRY,176.1,0.04,-9.63,178.58,-0.01,1,0,340.5,123.5,118.3,2.33,0.41,48.0,,,,,9.625
71.27,CARRY,176.35,0.04,-9.63,178.7,-0.01,1,0,339.5,131.0,110.7,2.18,0.39,49.9,,,,,9.5
71.33,CARRY,176.35,0.04,-9.63,178.83,-0.01,1,0,340.5,110.5,131.1,2.59,0.41,49.8,,,,,9.438
71.38,CARRY,176.61,0.04,-9.63,178.96,-0.01,1,0,339.5,115.0,126.5,2.5,0.39,49.2,,,,,9.5
71.43,CARRY,176.61,0.04,-9.63,179.08,-0.01,1,0,341.0,111.5,130.2,2.57,0.42,50.3,,,,,9.562
71.48,CARRY,176.86,0.03,-9.63,179.21,-0.01,1,0,339.5,115.0,126.5,2.5,0.39,50.6,,,,,9.562
71.53,CARRY,176.86,0.03,-9.63,179.34,-0.01,1,0,341.0,110.5,131.2,2.59,0.42,49.7,,,,,9.625
71.58,CARRY,177.11,0.03,-9.63,179.47,-0.01,1,0,339.5,114.0,127.5,2.52,0.39,49.6,,,,,9.75
71.63,CARRY,177.11,0.03,-9.63,179.59,-0.01,1,0,341.0,110.5,131.2,2.59,0.42,50.0,,,,,9.688
71.68,CARRY,177.35,0.03,-9.63,179.72,-0.01,1,0,339.5,114.0,127.5,2.52,0.39,49.1,,,,,9.688
71.73,CARRY,177.35,0.03,-9.63,179.84,-0.01,1,0,341.0,110.5,131.2,2.59,0.42,50.0,,,,,9.625
71.78,CARRY,177.6,0.03,-9.62,179.97,-0.01,1,0,340.5,114.0,127.7,2.52,0.41,49.0,,,,,9.688
71.83,CARRY,177.6,0.03,-9.62,180.1,-0.01,1,0,340.5,110.0,131.6,2.6,0.41,47.8,,,,,9.438
71.88,CARRY,177.85,0.03,-9.62,180.22,-0.01,1,0,340.0,114.0,127.6,2.52,0.4,48.7,,,,,9.562
71.93,CARRY,177.85,0.03,-9.62,180.35,-0.01,1,0,340.5,110.5,131.1,2.59,0.41,50.2,,,,,9.438
71.98,CARRY,178.1,0.03,-9.62,180.47,-0.01,1,0,340.5,114.0,127.7,2.52,0.41,48.8,,,,,9.625
72.03,CARRY,178.1,0.03,-9.62,180.6,-0.01,1,0,341.0,110.0,131.7,2.6,0.42,48.3,,,,,9.562
72.08,CARRY,178.36,0.03,-9.62,180.73,-0.01,1,0,340.0,114.0,127.6,2.52,0.4,48.6,,,,,9.875
72.13,CARRY,178.36,0.03,-9.62,180.85,-0.01,1,0,341.0,110.5,131.2,2.59,0.42,49.6,,,,,9.812
72.18,CARRY,178.61,0.03,-9.62,180.98,-0.01,1,0,340.0,114.0,127.6,2.52,0.4,50.4,,,,,9.938
72.24,CARRY,178.61,0.03,-9.62,181.11,-0.01,1,0,341.0,110.0,131.7,2.6,0.42,50.7,,,,,9.938
72.29,CARRY,178.86,0.03,-9.62,181.23,-0.01,1,0,340.5,114.0,127.7,2.52,0.41,49.6,,,,,10.062
72.34,CARRY,178.86,0.03,-9.62,181.36,-0.01,1,0,341.0,110.0,131.7,2.6,0.42,47.7,,,,,9.938
72.39,CARRY,179.12,0.03,-9.62,181.49,-0.01,1,0,340.5,114.0,127.7,2.52,0.41,51.4,,,,,10.125
72.44,CARRY,179.12,0.03,-9.62,181.62,-0.01,1,0,341.0,110.0,131.7,2.6,0.42,50.8,,,,,10.0
72.49,CARRY,179.38,0.03,-9.63,181.75,-0.01,1,0,340.5,114.5,127.2,2.51,0.41,49.7,,,,,10.062
72.54,CARRY,179.38,0.03,-9.63,181.87,-0.01,1,0,341.0,110.0,131.7,2.6,0.42,50.0,,,,,9.688
72.59,CARRY,179.64,0.02,-9.63,182.0,-0.01,1,0,340.5,114.5,127.2,2.51,0.41,49.4,,,,,9.562
72.65,CARRY,179.64,0.02,-9.63,182.13,-0.01,1,0,341.5,111.0,130.8,2.58,0.43,50.3,,,,,9.375
72.7,CARRY,179.89,0.02,-9.63,182.26,-0.01,1,0,340.5,117.5,124.2,2.45,0.41,51.5,,,,,9.125
72.75,CARRY,179.89,0.02,-9.63,182.39,-0.01,1,0,341.5,118.0,123.9,2.44,0.43,49.0,,,,,8.812
72.8,CARRY,180.15,0.02,-9.63,182.51,-0.01,1,0,340.5,125.0,116.8,2.3,0.41,51.1,,,,,9.062
72.85,CARRY,180.15,0.02,-9.63,182.64,-0.01,1,0,341.5,125.0,117.0,2.3,0.43,47.3,,,,,9.312
72.9,CARRY,180.41,0.02,-9.63,182.77,-0.01,1,0,340.5,132.5,109.4,2.15,0.41,48.9,,,,,9.5
72.95,CARRY,180.41,0.02,-9.63,182.89,-0.01,1,0,341.5,132.5,109.6,2.15,0.43,48.2,,,,,9.438
73.0,CARRY,180.67,0.02,-9.63,183.02,-0.01,1,0,340.5,139.5,102.6,2.01,0.41,49.2,,,,,9.5
73.05,CARRY,180.67,0.02,-9.63,183.14,-0.01,1,0,342.0,111.5,130.4,2.57,0.44,48.4,,,,,9.562
73.1,CARRY,180.92,0.02,-9.63,183.27,-0.01,1,0,340.5,115.0,126.7,2.5,0.41,51.4,,,,,9.562
73.15,CARRY,181.17,0.02,-9.63,183.4,-0.01,1,0,339.0,118.0,123.5,2.44,0.38,48.7,,,,,9.625
73.2,CARRY,181.17,0.02,-9.63,183.53,-0.01,1,0,340.5,115.0,126.7,2.5,0.41,48.0,,,,,9.625
73.25,CARRY,181.42,0.02,-9.62,183.65,-0.01,1,0,339.0,117.5,124.0,2.45,0.38,48.9,,,,,9.688
73.3,CARRY,181.42,0.02,-9.62,183.78,-0.01,1,0,340.5,114.0,127.7,2.52,0.41,50.3,,,,,9.562
73.36,CARRY,181.42,0.02,-9.62,183.9,-0.01,1,0,341.5,110.5,131.3,2.59,0.43,47.7,,,,,9.438
73.41,CARRY,181.66,0.02,-9.62,184.03,-0.01,1,0,340.5,114.0,127.7,2.52,0.41,51.2,,,,,9.562
73.46,CARRY,181.9,0.03,-9.62,184.16,-0.01,1,0,340.0,117.0,124.6,2.46,0.4,51.5,,,,,9.375
73.51,CARRY,181.9,0.03,-9.62,184.29,-0.01,1,0,341.0,113.0,128.7,2.54,0.42,50.3,,,,,9.312
73.56,CARRY,182.14,0.03,-9.62,184.42,-0.01,1,0,339.5,116.0,125.5,2.48,0.39,49.3,,,,,9.562
73.61,CARRY,182.14,0.03,-9.62,184.55,-0.01,1,0,340.5,113.0,128.6,2.54,0.41,49.7,,,,,9.5
73.66,CARRY,182.38,0.03,-9.62,184.67,-0.01,1,0,339.5,116.0,125.5,2.48,0.39,49.6,,,,,9.875
73.71,CARRY,182.38,0.03,-9.62,184.8,-0.01,1,0,340.5,113.0,128.6,2.54,0.41,47.5,,,,,9.812
73.76,CARRY,182.62,0.03,-9.62,184.92,-0.01,1,0,339.0,116.0,125.4,2.48,0.38,50.8,,,,,10.0
73.82,CARRY,182.62,0.03,-9.62,185.05,-0.01,1,0,340.5,112.5,129.1,2.55,0.41,48.4,,,,,10.062
73.87,CARRY,182.87,0.03,-9.62,185.18,-0.01,1,0,339.5,115.5,126.0,2.49,0.39,51.0,,,,,10.125
73.92,CARRY,182.87,0.03,-9.62,185.31,-0.01,1,0,340.5,112.5,129.1,2.55,0.41,49.0,,,,,10.188
73.97,CARRY,183.12,0.03,-9.62,185.43,-0.01,1,0,339.5,116.0,125.5,2.48,0.39,49.7,,,,,10.25
74.02,CARRY,183.12,0.03,-9.62,185.56,-0.01,1,0,341.0,112.5,129.2,2.55,0.42,50.8,,,,,10.375
74.07,CARRY,183.37,0.03,-9.62,185.69,-0.01,1,0,339.5,115.5,126.0,2.49,0.39,48.5,,,,,10.188
74.12,CARRY,183.37,0.03,-9.62,185.82,-0.01,1,0,341.0,112.0,129.7,2.56,0.42,50.9,,,,,10.0
74.17,CARRY,183.62,0.03,-9.62,185.95,-0.01,1,0,340.0,115.5,126.1,2.49,0.4,51.5,,,,,9.938
74.23,CARRY,183.62,0.03,-9.62,186.08,-0.01,1,0,341.0,111.5,130.2,2.57,0.42,48.9,,,,,9.812
74.28,CARRY,183.87,0.02,-9.62,186.2,-0.01,1,0,340.0,117.0,124.6,2.46,0.4,49.3,,,,,9.438
74.33,CARRY,183.87,0.02,-9.62,186.33,-0.01,1,0,341.5,117.0,124.9,2.46,0.43,50.2,,,,,8.875
74.38,CARRY,184.12,0.02,-9.62,186.46,-0.01,1,0,340.5,124.0,117.8,2.32,0.41,51.1,,,,,9.125
74.43,CARRY,184.12,0.02,-9.62,186.59,-0.01,1,0,341.5,124.5,117.5,2.31,0.43,49.1,,,,,9.25
74.48,CARRY,184.37,0.02,-9.62,186.71,-0.01,1,0,340.5,115.0,126.7,2.5,0.41,49.0,,,,,9.125
74.53,CARRY,184.37,0.02,-9.62,186.84,-0.01,1,0,342.0,111.5,130.4,2.57,0.44,49.2,,,,,9.312
74.58,CARRY,184.62,0.02,-9.62,186.96,-0.01,1,0,340.5,115.0,126.7,2.5,0.41,49.7,,,,,9.438
74.63,CARRY,184.62,0.02,-9.62,187.09,-0.01,1,0,342.0,111.5,130.4,2.57,0.44,49.8,,,,,9.5
74.68,CARRY,184.87,0.02,-9.62,187.22,-0.01,1,0,340.5,115.0,126.7,2.5,0.41,48.6,,,,,9.5
74.73,CARRY,184.87,0.02,-9.62,187.34,-0.01,1,0,342.0,111.5,130.4,2.57,0.44,48.0,,,,,9.562
74.78,CARRY,185.12,0.02,-9.62,187.47,-0.01,1,0,340.5,115.0,126.7,2.5,0.41,50.4,,,,,9.5
74.83,CARRY,185.12,0.02,-9.62,187.6,-0.01,1,0,342.0,111.5,130.4,2.57,0.44,48.1,,,,,9.5
74.88,CARRY,185.37,0.02,-9.62,187.72,-0.01,1,0,340.5,115.0,126.7,2.5,0.41,50.6,,,,,9.5
74.93,CARRY,185.37,0.02,-9.62,187.85,-0.01,1,0,342.0,111.5,130.4,2.57,0.44,48.5,,,,,9.438
74.98,CARRY,185.62,0.02,-9.62,187.98,-0.01,1,0,340.5,115.0,126.7,2.5,0.41,48.5,,,,,9.562
