{
  "backend": "hf",
  "n": 439,
  "parse_rate": 0.9977220956719818,
  "iou_gate_pass_rate": 0.0,
  "mean_iou": 0.0,
  "center_std": 14.750521563148506
}
