t_s,state,copter_n,copter_e,copter_d,rover_n,rover_e,in_fov,occluded,bbox_cx,bbox_cy,px_err,vx_cmd,vy_cmd,loop_ms,dist_n,dist_e,d_true_px,d_dist_px,carry_score
0.0,ACQUIRE,0.01,-0.01,-8.81,0.51,-0.01,1,0,,,,0.0,0.0,5.2,13.26,-0.01,,,
0.05,ACQUIRE,0.01,-0.01,-8.92,0.53,-0.01,1,0,,,,0.0,0.0,2.2,13.26,-0.01,,,
0.1,ACQUIRE,0.01,-0.01,-8.92,0.54,-0.01,1,0,,,,0.0,0.0,0.8,13.26,-0.01,,,
0.15,ACQUIRE,0.01,-0.01,-9.03,0.55,-0.01,1,0,,,,0.0,0.0,1.7,13.26,-0.01,,,
0.2,ACQUIRE,0.01,-0.01,-9.03,0.56,-0.01,1,0,,,,0.0,0.0,1.0,13.26,-0.01,,,
0.25,ACQUIRE,0.01,-0.01,-9.13,0.58,-0.01,1,0,,,,0.0,0.0,1.6,13.26,-0.01,,,
0.3,ACQUIRE,0.01,-0.01,-9.13,0.59,-0.01,1,0,,,,0.0,0.0,0.9,13.26,-0.01,,,
0.35,ACQUIRE,0.01,-0.01,-9.22,0.6,-0.01,1,0,,,,0.65,0.1,2.7,13.26,-0.01,,,
0.4,ACQUIRE,0.01,-0.01,-9.22,0.61,-0.01,1,0,,,,0.66,0.08,1.9,13.26,-0.01,,,
0.45,ACQUIRE,0.01,-0.01,-9.3,0.63,-0.01,1,0,,,,0.66,0.08,2.4,13.26,-0.01,,,
0.5,ACQUIRE,0.01,-0.01,-9.3,0.64,-0.01,1,0,,,,0.67,0.08,2.0,13.26,-0.01,,,
0.55,ACQUIRE,0.01,-0.01,-9.37,0.65,-0.01,1,0,,,,0.67,0.08,2.7,13.26,-0.01,,,
0.6,ACQUIRE,0.01,-0.01,-9.37,0.66,-0.01,1,0,,,,0.68,0.08,1.9,13.26,-0.01,,,
0.65,ACQUIRE,0.01,-0.01,-9.44,0.68,-0.01,1,0,,,,0.67,0.08,2.7,13.26,-0.01,,,
0.7,ACQUIRE,0.01,-0.01,-9.44,0.69,-0.01,1,0,,,,0.68,0.08,2.0,13.26,-0.01,,,
0.75,ACQUIRE,0.03,-0.01,-9.49,0.7,-0.01,1,0,,,,0.67,0.07,2.6,13.26,-0.01,,,
0.8,ACQUIRE,0.03,-0.01,-9.49,0.71,-0.01,1,0,,,,0.68,0.07,1.9,13.26,-0.01,,,
0.85,ACQUIRE,0.05,-0.01,-9.53,0.73,-0.01,1,0,,,,0.73,0.05,2.5,13.26,-0.01,,,
0.9,ACQUIRE,0.05,-0.01,-9.53,0.74,-0.01,1,0,,,,0.74,0.08,2.0,13.26,-0.01,,,
0.95,ACQUIRE,0.08,-0.01,-9.55,0.75,-0.01,1,0,,,,0.71,0.09,2.4,13.26,-0.01,,,
1.0,ACQUIRE,0.08,-0.01,-9.55,0.76,-0.01,1,0,,,,0.72,0.09,2.0,13.26,-0.01,,,
1.05,ACQUIRE,0.11,-0.01,-9.57,0.78,-0.01,1,0,,,,0.68,0.08,2.4,13.26,-0.01,,,
1.1,ACQUIRE,0.11,-0.01,-9.57,0.79,-0.01,1,0,,,,0.69,0.08,1.9,13.26,-0.01,,,
1.15,ACQUIRE,0.16,-0.01,-9.58,0.8,-0.01,1,0,,,,0.64,0.07,2.4,13.26,-0.01,,,
1.2,ACQUIRE,0.16,-0.01,-9.58,0.81,-0.01,1,0,,,,0.65,0.07,2.0,13.26,-0.01,,,
1.25,ACQUIRE,0.21,-0.01,-9.58,0.83,-0.01,1,0,,,,0.6,0.07,2.6,13.26,-0.01,,,
1.3,ACQUIRE,0.21,-0.01,-9.58,0.84,-0.01,1,0,,,,0.61,0.07,1.9,13.26,-0.01,,,
1.35,ACQUIRE,0.26,-0.01,-9.58,0.85,-0.01,1,0,,,,0.26,-0.12,2.6,13.26,-0.01,,,
1.4,ACQUIRE,0.26,-0.01,-9.58,0.87,-0.01,1,0,,,,0.62,0.04,1.9,13.26,-0.01,,,
1.45,ACQUIRE,0.32,-0.01,-9.58,0.88,-0.01,1,0,,,,0.57,0.07,2.6,13.26,-0.01,,,
1.5,ACQUIRE,0.32,-0.01,-9.58,0.89,-0.01,1,0,,,,0.58,0.07,2.0,13.26,-0.01,,,
1.55,ACQUIRE,0.38,-0.01,-9.57,0.9,-0.01,1,0,,,,0.52,0.07,2.5,13.26,-0.01,,,
1.6,ACQUIRE,0.38,-0.01,-9.57,0.92,-0.01,1,0,,,,0.53,0.07,1.9,13.26,-0.01,,,
1.65,ACQUIRE,0.44,-0.02,-9.56,0.93,-0.01,1,0,,,,0.46,0.05,2.5,13.26,-0.01,,,
1.7,ACQUIRE,0.44,-0.02,-9.56,0.94,-0.01,1,0,,,,0.47,0.06,1.9,13.26,-0.01,,,
1.75,ACQUIRE,0.49,-0.02,-9.56,0.95,-0.01,1,0,,,,0.41,0.05,2.5,13.26,-0.01,,,
1.8,ACQUIRE,0.49,-0.02,-9.56,0.97,-0.01,1,0,,,,0.42,0.05,1.9,13.26,-0.01,,,
1.85,ACQUIRE,0.55,-0.02,-9.55,0.98,-0.01,1,0,,,,0.43,0.09,2.5,13.26,-0.01,,,
1.9,ACQUIRE,0.55,-0.02,-9.55,0.99,-0.01,1,0,,,,0.43,0.06,1.9,13.26,-0.01,,,
1.95,ACQUIRE,0.61,-0.02,-9.55,1.0,-0.01,1,0,,,,0.38,0.06,2.6,13.26,-0.01,,,
2.0,ACQUIRE,0.61,-0.02,-9.55,1.02,-0.01,1,0,,,,0.39,0.06,2.0,13.26,-0.01,,,
2.05,ACQUIRE,0.66,-0.02,-9.54,1.03,-0.01,1,0,,,,0.33,0.05,2.6,13.26,-0.01,,,
2.1,ACQUIRE,0.66,-0.02,-9.54,1.04,-0.01,1,0,,,,0.34,0.05,1.9,13.26,-0.01,,,
2.15,ACQUIRE,0.72,-0.02,-9.54,1.05,-0.01,1,0,,,,0.29,0.04,2.6,13.26,-0.01,,,
2.2,ACQUIRE,0.72,-0.02,-9.54,1.07,-0.01,1,0,,,,0.29,0.04,1.9,13.26,-0.01,,,
2.25,ACQUIRE,0.77,-0.02,-9.54,1.08,-0.01,1,0,,,,0.25,0.03,2.5,13.26,-0.01,,,
2.3,ACQUIRE,0.77,-0.02,-9.54,1.09,-0.01,1,0,,,,0.26,0.03,1.9,13.26,-0.01,,,
2.35,ACQUIRE,0.81,-0.02,-9.53,1.1,-0.01,1,0,,,,0.27,0.06,2.5,13.26,-0.01,,,
2.4,ACQUIRE,0.81,-0.02,-9.53,1.12,-0.01,1,0,,,,0.28,0.03,5.1,13.26,-0.01,,,
2.45,ACQUIRE,0.86,-0.02,-9.53,1.13,-0.01,1,0,,,,0.24,0.02,2.5,13.26,-0.01,,,
2.5,ACQUIRE,0.86,-0.02,-9.53,1.14,-0.01,1,0,,,,0.25,0.02,1.9,13.26,-0.01,,,
2.55,ACQUIRE,0.9,-0.02,-9.53,1.15,-0.01,1,0,,,,0.21,0.02,2.4,13.26,-0.01,,,
2.6,ACQUIRE,0.9,-0.02,-9.53,1.17,-0.01,1,0,,,,0.22,0.02,1.9,13.26,-0.01,,,
2.65,ACQUIRE,0.94,-0.02,-9.53,1.18,-0.01,1,0,,,,0.17,0.02,2.4,13.26,-0.01,,,
2.7,ACQUIRE,0.94,-0.02,-9.53,1.19,-0.01,1,0,,,,0.18,0.02,1.9,13.26,-0.01,,,
2.75,ACQUIRE,0.97,-0.02,-9.54,1.2,-0.01,1,0,,,,0.15,0.02,2.4,13.26,-0.01,,,
2.8,ACQUIRE,0.97,-0.02,-9.54,1.22,-0.01,1,0,,,,0.15,0.02,1.9,13.26,-0.01,,,
2.85,ACQUIRE,1.01,-0.02,-9.54,1.23,-0.01,1,0,,,,0.2,0.02,2.6,13.26,-0.01,,,
2.9,ACQUIRE,1.01,-0.02,-9.54,1.24,-0.01,1,0,,,,0.21,0.02,2.1,13.26,-0.01,,,
2.95,ACQUIRE,1.04,-0.02,-9.54,1.25,-0.01,1,0,,,,0.18,0.02,2.7,13.26,-0.01,,,
3.0,ACQUIRE,1.04,-0.02,-9.54,1.27,-0.01,1,0,,,,0.19,0.02,1.9,13.26,-0.01,,,
3.05,ACQUIRE,1.06,-0.02,-9.54,1.28,-0.01,1,0,,,,0.17,0.01,2.5,13.26,-0.01,,,
3.1,ACQUIRE,1.06,-0.02,-9.54,1.29,-0.01,1,0,,,,0.18,0.02,1.9,13.26,-0.01,,,
3.15,ACQUIRE,1.09,-0.02,-9.54,1.3,-0.01,1,0,,,,0.15,0.02,2.5,13.26,-0.01,,,
3.2,ACQUIRE,1.09,-0.02,-9.54,1.32,-0.01,1,0,,,,0.15,0.02,1.7,13.26,-0.01,,,
3.25,ACQUIRE,1.12,-0.02,-9.55,1.33,-0.01,1,0,,,,0.13,0.02,2.5,13.26,-0.01,,,
3.3,ACQUIRE,1.12,-0.02,-9.55,1.34,-0.01,1,0,,,,0.13,0.02,1.9,13.26,-0.01,,,
3.35,ACQUIRE,1.14,-0.02,-9.55,1.35,-0.01,1,0,,,,0.19,0.06,2.4,13.26,-0.01,,,
3.4,ACQUIRE,1.14,-0.02,-9.55,1.37,-0.01,1,0,,,,0.19,0.03,1.9,13.26,-0.01,,,
3.45,ACQUIRE,1.16,-0.02,-9.55,1.38,-0.01,1,0,,,,0.18,0.03,2.4,13.26,-0.01,,,
3.5,ACQUIRE,1.16,-0.02,-9.55,1.39,-0.01,1,0,,,,0.19,0.03,1.9,13.26,-0.01,,,
3.55,ACQUIRE,1.18,-0.03,-9.55,1.4,-0.01,1,0,,,,0.17,0.03,2.6,13.26,-0.01,,,
3.61,ACQUIRE,1.18,-0.03,-9.55,1.42,-0.01,1,0,,,,0.18,0.03,1.9,13.26,-0.01,,,
3.66,ACQUIRE,1.2,-0.03,-9.55,1.43,-0.01,1,0,,,,0.16,0.03,2.6,13.26,-0.01,,,
3.71,ACQUIRE,1.2,-0.03,-9.55,1.44,-0.01,1,0,,,,0.17,0.03,1.9,13.26,-0.01,,,
3.76,ACQUIRE,1.22,-0.03,-9.55,1.45,-0.01,1,0,,,,0.16,0.03,2.6,13.26,-0.01,,,
3.81,ACQUIRE,1.22,-0.03,-9.55,1.47,-0.01,1,0,,,,0.16,0.03,1.9,13.26,-0.01,,,
3.86,ACQUIRE,1.24,-0.03,-9.56,1.48,-0.01,1,0,,,,0.22,0.04,2.5,13.26,-0.01,,,
3.91,ACQUIRE,1.24,-0.03,-9.56,1.49,-0.01,1,0,,,,0.23,0.04,1.8,13.26,-0.01,,,
3.96,ACQUIRE,1.26,-0.03,-9.56,1.5,-0.01,1,0,,,,0.2,0.04,2.5,13.26,-0.01,,,
4.01,ACQUIRE,1.26,-0.03,-9.56,1.52,-0.01,1,0,,,,0.21,0.04,1.9,13.26,-0.01,,,
4.06,ACQUIRE,1.28,-0.03,-9.56,1.53,-0.01,1,0,,,,0.19,0.04,2.4,13.26,-0.01,,,
4.11,ACQUIRE,1.28,-0.03,-9.56,1.54,-0.01,1,0,,,,0.2,0.04,1.8,13.26,-0.01,,,
4.16,ACQUIRE,1.3,-0.03,-9.56,1.55,-0.01,1,0,,,,0.19,0.04,2.4,13.26,-0.01,,,
4.21,ACQUIRE,1.3,-0.03,-9.56,1.57,-0.01,1,0,,,,0.19,0.04,1.8,13.26,-0.01,,,
4.26,ACQUIRE,1.32,-0.03,-9.56,1.58,-0.01,1,0,,,,0.19,0.04,2.6,13.26,-0.01,,,
4.31,ACQUIRE,1.32,-0.03,-9.56,1.59,-0.01,1,0,,,,0.2,0.04,1.9,13.26,-0.01,,,
4.36,ACQUIRE,1.34,-0.03,-9.56,1.6,-0.01,1,0,,,,0.24,0.03,2.6,13.26,-0.01,,,
4.41,ACQUIRE,1.34,-0.03,-9.56,1.62,-0.01,1,0,,,,0.25,0.03,1.9,13.26,-0.01,,,
4.46,ACQUIRE,1.36,-0.03,-9.56,1.63,-0.01,1,0,,,,0.23,0.03,2.6,13.26,-0.01,,,
4.51,ACQUIRE,1.36,-0.03,-9.56,1.64,-0.01,1,0,,,,0.24,0.03,2.3,13.26,-0.01,,,
4.56,ACQUIRE,1.38,-0.03,-9.56,1.65,-0.01,1,0,,,,0.23,0.04,2.5,13.26,-0.01,,,
4.61,ACQUIRE,1.38,-0.03,-9.56,1.67,-0.01,1,0,,,,0.23,0.04,1.8,13.26,-0.01,,,
4.66,ACQUIRE,1.41,-0.03,-9.56,1.68,-0.01,1,0,,,,0.22,0.04,2.5,13.26,-0.01,,,
4.71,CARRY,1.41,-0.03,-9.56,1.69,-0.01,1,0,,,,-0.671,0.05,600.4,13.26,-0.01,,,
5.31,CARRY,1.54,-0.02,-9.57,1.84,-0.01,1,0,322.0,223.0,17.1,0.34,0.04,57.2,13.26,-0.01,0.8,662.1,4.031
5.37,CARRY,1.56,-0.02,-9.57,1.86,-0.01,1,0,322.5,223.5,16.7,0.33,0.05,49.1,13.26,-0.01,0.4,661.2,4.25
5.42,CARRY,1.56,-0.02,-9.57,1.87,-0.01,1,0,322.0,223.0,17.1,0.34,0.04,54.2,13.26,-0.01,0.9,660.8,4.438
5.47,CARRY,1.58,-0.02,-9.57,1.88,-0.01,1,0,322.5,223.5,16.7,0.33,0.05,48.8,13.26,-0.01,0.6,660.0,4.438
5.52,CARRY,1.58,-0.02,-9.57,1.89,-0.01,1,0,322.5,222.5,17.7,0.35,0.05,55.3,13.26,-0.01,0.4,659.0,4.531
5.58,CARRY,1.6,-0.02,-9.57,1.91,-0.01,1,0,322.0,223.0,17.1,0.34,0.04,48.6,13.26,-0.01,0.8,658.3,4.594
5.63,CARRY,1.6,-0.02,-9.57,1.92,-0.01,1,0,322.5,222.5,17.7,0.35,0.05,54.0,13.26,-0.01,0.7,657.7,4.656
5.68,CARRY,1.63,-0.02,-9.57,1.94,-0.01,1,0,322.5,223.0,17.2,0.34,0.05,48.9,13.26,-0.01,0.7,657.0,4.688
5.73,CARRY,1.63,-0.02,-9.57,1.95,-0.01,1,0,322.5,222.0,18.2,0.36,0.05,54.1,13.26,-0.01,0.5,656.0,4.656
5.79,CARRY,1.65,-0.02,-9.57,1.96,-0.01,1,0,322.5,222.5,17.7,0.35,0.05,49.2,13.26,-0.01,0.4,655.1,4.719
5.84,CARRY,1.65,-0.02,-9.57,1.97,-0.01,1,0,322.5,222.0,18.2,0.36,0.05,55.2,13.26,-0.01,0.6,654.6,4.812
5.89,CARRY,1.67,-0.02,-9.57,1.99,-0.01,1,0,322.5,222.5,17.7,0.35,0.05,49.7,13.26,-0.01,0.5,653.6,5.562
5.95,CARRY,1.7,-0.02,-9.57,2.0,-0.01,1,0,322.5,223.5,16.7,0.33,0.05,54.7,13.26,-0.01,0.7,653.0,6.625
6.0,CARRY,1.7,-0.02,-9.57,2.01,-0.01,1,0,322.5,222.5,17.7,0.35,0.05,49.3,13.26,-0.01,0.4,652.0,6.812
6.05,CARRY,1.73,-0.02,-9.57,2.03,-0.01,1,0,322.5,223.5,16.7,0.33,0.05,55.6,13.26,-0.01,0.6,651.3,6.812
6.11,CARRY,1.73,-0.02,-9.57,2.04,-0.01,1,0,322.5,222.5,17.7,0.35,0.05,48.9,13.26,-0.01,0.4,650.3,6.781
6.16,CARRY,1.76,-0.02,-9.57,2.05,-0.01,1,0,322.5,223.5,16.7,0.33,0.05,54.9,13.26,-0.01,0.4,649.5,6.719
6.21,CARRY,1.76,-0.02,-9.57,2.07,-0.01,1,0,322.5,223.0,17.2,0.34,0.05,49.7,13.26,-0.01,0.7,649.0,6.812
6.26,CARRY,1.79,-0.01,-9.57,2.08,-0.01,1,0,322.5,224.0,16.2,0.32,0.05,55.1,13.26,-0.01,0.7,648.2,6.781
6.32,CARRY,1.79,-0.01,-9.57,2.09,-0.01,1,0,322.5,223.0,17.2,0.34,0.05,48.6,13.26,-0.01,0.5,647.2,6.844
6.37,CARRY,1.82,-0.01,-9.57,2.11,-0.01,1,0,322.5,224.0,16.2,0.32,0.05,55.5,13.26,-0.01,0.5,646.4,6.844
6.43,CARRY,1.82,-0.01,-9.57,2.12,-0.01,1,0,322.5,223.5,16.7,0.33,0.05,49.6,13.26,-0.01,0.7,645.9,6.812
6.48,CARRY,1.86,-0.01,-9.57,2.13,-0.01,1,0,322.0,225.0,15.1,0.3,0.04,55.5,13.26,-0.01,1.0,645.6,6.875
6.53,CARRY,1.86,-0.01,-9.57,2.15,-0.01,1,0,322.5,224.5,15.7,0.31,0.05,48.8,13.26,-0.01,1.4,645.0,6.906
6.58,CARRY,1.89,-0.01,-9.57,2.16,-0.01,1,0,321.5,225.5,14.6,0.29,0.03,55.1,13.26,-0.01,1.3,644.2,6.875
6.64,CARRY,1.89,-0.01,-9.57,2.17,-0.01,1,0,322.0,225.0,15.1,0.3,0.04,49.3,13.26,-0.01,1.5,643.7,6.938
6.69,CARRY,1.92,-0.01,-9.57,2.19,-0.01,1,0,321.5,225.0,15.1,0.3,0.03,55.5,13.26,-0.01,0.5,641.9,6.938
6.75,CARRY,1.95,-0.01,-9.57,2.2,-0.01,1,0,321.5,226.0,14.1,0.28,0.03,49.4,13.26,-0.01,0.4,640.9,6.875
6.8,CARRY,1.95,-0.01,-9.57,2.21,-0.01,1,0,321.5,225.5,14.6,0.29,0.03,54.7,13.26,-0.01,0.6,640.4,6.938
6.85,CARRY,1.98,-0.01,-9.57,2.23,-0.01,1,0,321.5,229.0,11.1,0.22,0.03,49.0,13.26,-0.01,3.0,642.1,6.906
6.9,CARRY,1.98,-0.01,-9.57,2.24,-0.01,1,0,321.5,229.0,11.1,0.22,0.03,53.7,13.26,-0.01,3.8,642.1,6.906
6.96,CARRY,2.02,-0.01,-9.57,2.25,-0.01,1,0,321.5,227.0,13.1,0.26,0.03,48.8,13.26,-0.01,0.7,638.2,6.906
7.01,CARRY,2.02,-0.01,-9.57,2.27,-0.01,1,0,321.5,226.0,14.1,0.28,0.03,53.6,13.26,-0.01,0.5,637.2,6.875
7.06,CARRY,2.05,-0.01,-9.57,2.28,-0.01,1,0,321.5,227.0,13.1,0.26,0.03,49.2,13.26,-0.01,0.5,636.4,6.938
7.11,CARRY,2.05,-0.01,-9.57,2.29,-0.01,1,0,321.5,226.0,14.1,0.28,0.03,53.8,13.26,-0.01,0.2,635.4,6.906
7.17,CARRY,2.08,-0.01,-9.57,2.31,-0.01,1,0,321.5,227.0,13.1,0.26,0.03,49.3,13.26,-0.01,0.4,634.7,6.875
7.22,CARRY,2.08,-0.01,-9.57,2.32,-0.01,1,0,321.5,226.5,13.6,0.27,0.03,54.1,13.26,-0.01,0.5,634.2,6.969
7.27,CARRY,2.1,-0.01,-9.57,2.33,-0.01,1,0,321.5,227.0,13.1,0.26,0.03,48.7,13.26,-0.01,0.3,633.0,6.938
7.32,CARRY,2.1,-0.01,-9.57,2.35,-0.01,1,0,321.5,226.5,13.6,0.27,0.03,53.9,13.26,-0.01,0.5,632.5,7.031
7.38,CARRY,2.13,-0.01,-9.57,2.36,-0.01,1,0,321.5,227.5,12.6,0.25,0.03,48.8,13.26,-0.01,0.6,631.8,6.969
7.43,CARRY,2.13,-0.01,-9.57,2.37,-0.01,1,0,321.5,227.0,13.1,0.26,0.03,53.8,13.26,-0.01,0.8,631.3,7.062
7.48,CARRY,2.16,-0.0,-9.57,2.39,-0.01,1,0,321.5,227.5,12.6,0.25,0.03,49.0,13.26,-0.01,0.6,630.2,6.969
7.53,CARRY,2.16,-0.0,-9.57,2.4,-0.01,1,0,321.5,227.0,13.1,0.26,0.03,53.8,13.26,-0.01,0.7,629.7,7.062
7.59,CARRY,2.19,-0.0,-9.57,2.41,-0.01,1,0,321.5,228.0,12.1,0.24,0.03,48.5,13.26,-0.01,0.9,629.1,7.125
7.64,CARRY,2.19,-0.0,-9.57,2.42,-0.01,1,0,321.5,227.0,13.1,0.26,0.03,54.1,13.26,-0.01,0.7,628.1,7.188
7.69,CARRY,2.22,-0.0,-9.57,2.44,-0.01,1,0,321.5,228.0,12.1,0.24,0.03,48.6,13.26,-0.01,0.9,627.5,7.219
7.74,CARRY,2.24,-0.0,-9.57,2.45,-0.01,1,0,320.5,228.5,11.5,0.23,0.01,54.3,13.26,-0.01,0.6,626.6,7.156
7.8,CARRY,2.24,-0.0,-9.57,2.46,-0.01,1,0,321.5,228.0,12.1,0.24,0.03,48.7,13.26,-0.01,0.9,625.9,7.188
7.85,CARRY,2.27,-0.0,-9.57,2.48,-0.01,1,0,320.5,228.5,11.5,0.23,0.01,54.2,13.26,-0.01,0.6,625.0,7.188
7.9,CARRY,2.27,-0.0,-9.57,2.49,-0.01,1,0,321.5,228.0,12.1,0.24,0.03,48.2,13.26,-0.01,0.9,624.4,7.219
7.95,CARRY,2.3,-0.0,-9.57,2.5,-0.01,1,0,320.5,228.5,11.5,0.23,0.01,54.4,13.26,-0.01,0.6,623.5,7.188
8.01,CARRY,2.3,-0.0,-9.57,2.52,-0.01,1,0,321.5,228.0,12.1,0.24,0.03,47.9,13.26,-0.01,0.9,622.8,7.281
8.06,CARRY,2.32,-0.0,-9.57,2.53,-0.01,1,0,320.5,228.5,11.5,0.23,0.01,54.7,13.26,-0.01,0.6,622.0,7.281
8.11,CARRY,2.32,-0.0,-9.57,2.54,-0.01,1,0,321.5,228.0,12.1,0.24,0.03,48.0,13.26,-0.01,0.9,621.3,7.375
8.16,CARRY,2.35,-0.0,-9.58,2.56,-0.01,1,0,320.5,228.5,11.5,0.23,0.01,54.7,13.26,-0.01,0.7,620.5,7.344
8.22,CARRY,2.35,-0.0,-9.58,2.57,-0.01,1,0,321.5,228.0,12.1,0.24,0.03,48.2,13.26,-0.01,0.9,619.9,7.438
8.27,CARRY,2.37,-0.0,-9.58,2.58,-0.01,1,0,320.5,228.0,12.0,0.24,0.01,54.5,13.26,-0.01,0.5,618.5,7.406
8.33,CARRY,2.37,-0.0,-9.58,2.6,-0.01,1,0,321.5,227.5,12.6,0.25,0.03,48.0,13.26,-0.01,0.6,617.9,7.5
8.38,CARRY,2.4,-0.01,-9.58,2.61,-0.01,1,0,321.5,228.0,12.1,0.24,0.03,54.9,13.26,-0.01,0.5,617.0,7.438
8.43,CARRY,2.4,-0.01,-9.58,2.62,-0.01,1,0,321.5,227.5,12.6,0.25,0.03,47.9,13.26,-0.01,0.6,616.5,7.562
8.48,CARRY,2.42,-0.01,-9.58,2.63,-0.01,1,0,321.5,228.0,12.1,0.24,0.03,55.6,13.26,-0.01,0.6,615.6,7.438
8.54,CARRY,2.42,-0.01,-9.58,2.65,-0.01,1,0,321.5,227.0,13.1,0.26,0.03,48.3,13.26,-0.01,0.4,614.6,7.531
8.59,CARRY,2.45,-0.01,-9.58,2.66,-0.01,1,0,321.5,228.0,12.1,0.24,0.03,54.4,13.26,-0.01,0.6,614.1,7.562
8.64,CARRY,2.47,-0.01,-9.58,2.68,-0.01,1,0,321.5,229.0,11.1,0.22,0.03,49.1,13.26,-0.01,1.0,613.7,7.438
8.69,CARRY,2.47,-0.01,-9.58,2.69,-0.01,1,0,321.5,228.0,12.1,0.24,0.03,54.1,13.26,-0.01,0.7,612.7,7.531
8.75,CARRY,2.49,-0.01,-9.58,2.7,-0.01,1,0,321.5,228.5,11.6,0.23,0.03,48.8,13.26,-0.01,0.6,611.8,7.406
8.8,CARRY,2.49,-0.01,-9.58,2.71,-0.01,1,0,321.5,228.0,12.1,0.24,0.03,54.5,13.26,-0.01,0.7,611.3,7.5
8.85,CARRY,2.52,-0.01,-9.58,2.73,-0.01,1,0,321.5,228.5,11.6,0.23,0.03,48.8,13.26,-0.01,0.7,610.4,7.406
8.9,CARRY,2.52,-0.01,-9.58,2.74,-0.01,1,0,321.5,228.0,12.1,0.24,0.03,53.6,13.26,-0.01,0.9,609.9,7.5
8.96,CARRY,2.54,-0.01,-9.58,2.75,-0.01,1,0,321.5,228.0,12.1,0.24,0.03,48.6,13.26,-0.01,0.4,608.5,7.438
9.01,CARRY,2.54,-0.01,-9.58,2.77,-0.01,1,0,321.5,227.5,12.6,0.25,0.03,53.9,13.26,-0.01,0.5,608.0,7.5
9.06,CARRY,2.57,-0.01,-9.58,2.78,-0.01,1,0,321.5,228.0,12.1,0.24,0.03,48.8,13.26,-0.01,0.5,607.1,7.438
9.11,CARRY,2.57,-0.01,-9.58,2.79,-0.01,1,0,321.5,227.5,12.6,0.25,0.03,54.1,13.26,-0.01,0.6,606.6,7.5
9.17,CARRY,2.59,-0.01,-9.58,2.81,-0.01,1,0,321.5,228.0,12.1,0.24,0.03,48.8,13.26,-0.01,0.5,605.7,7.5
9.22,CARRY,2.59,-0.01,-9.58,2.82,-0.01,1,0,321.5,227.0,13.1,0.26,0.03,53.8,13.26,-0.01,0.3,604.7,7.531
9.27,CARRY,2.61,-0.01,-9.58,2.83,-0.01,1,0,321.5,228.0,12.1,0.24,0.03,48.8,13.26,-0.01,0.7,604.3,7.531
9.32,CARRY,2.61,-0.01,-9.58,2.85,-0.01,1,0,321.5,227.0,13.1,0.26,0.03,53.7,13.26,-0.01,0.4,603.3,7.531
9.38,CARRY,2.64,-0.01,-9.58,2.86,-0.01,1,0,321.5,228.0,12.1,0.24,0.03,49.0,13.26,-0.01,0.8,602.9,7.562
9.43,CARRY,2.64,-0.01,-9.58,2.87,-0.01,1,0,321.5,227.0,13.1,0.26,0.03,53.7,13.26,-0.01,0.5,601.9,7.625
9.48,CARRY,2.66,-0.01,-9.58,2.89,-0.01,1,0,321.5,228.0,12.1,0.24,0.03,48.9,13.26,-0.01,0.8,601.5,7.562
9.53,CARRY,2.66,-0.01,-9.58,2.9,-0.01,1,0,321.5,227.0,13.1,0.26,0.03,53.9,13.26,-0.01,0.5,600.5,7.594
9.59,CARRY,2.69,-0.01,-9.58,2.91,-0.01,1,0,321.5,227.5,12.6,0.25,0.03,48.8,13.26,-0.01,0.4,599.5,7.531
9.64,CARRY,2.69,-0.01,-9.58,2.92,-0.01,1,0,321.5,227.0,13.1,0.26,0.03,54.0,13.26,-0.01,0.6,599.0,7.531
9.69,CARRY,2.71,-0.01,-9.58,2.94,-0.01,1,0,321.5,227.5,12.6,0.25,0.03,48.5,13.26,-0.01,0.5,598.1,7.469
9.74,CARRY,2.74,-0.01,-9.58,2.95,-0.01,1,0,321.5,228.0,12.1,0.24,0.03,54.6,13.26,-0.01,0.4,597.2,7.281
9.8,CARRY,2.74,-0.01,-9.58,2.96,-0.01,1,0,321.5,227.5,12.6,0.25,0.03,48.2,13.26,-0.01,0.6,596.7,7.375
9.85,CARRY,2.76,-0.01,-9.58,2.98,-0.01,1,0,321.5,228.0,12.1,0.24,0.03,54.2,13.26,-0.01,0.5,595.7,7.281
9.9,CARRY,2.76,-0.01,-9.58,2.99,-0.01,1,0,321.5,227.5,12.6,0.25,0.03,48.2,13.26,-0.01,0.7,595.2,7.406
9.95,CARRY,2.79,-0.01,-9.58,3.0,-0.01,1,0,321.5,228.0,12.1,0.24,0.03,54.7,13.26,-0.01,0.5,594.3,7.312
10.01,CARRY,2.79,-0.01,-9.58,3.02,-0.01,1,0,321.5,227.0,13.1,0.26,0.03,49.9,13.26,-0.01,0.3,593.3,7.375
10.06,CARRY,2.81,-0.01,-9.58,3.03,-0.01,1,0,321.5,228.0,12.1,0.24,0.03,54.4,13.26,-0.01,0.6,592.8,7.344
10.12,CARRY,2.81,-0.01,-9.58,3.04,-0.01,1,0,321.5,227.0,13.1,0.26,0.03,48.2,13.26,-0.01,0.3,591.8,7.344
10.17,CARRY,2.84,-0.01,-9.58,3.06,-0.01,1,0,321.5,228.0,12.1,0.24,0.03,55.0,13.26,-0.01,0.6,591.4,7.406
10.22,CARRY,2.84,-0.01,-9.58,3.07,-0.01,1,0,321.5,227.0,13.1,0.26,0.03,49.0,13.26,-0.01,0.4,590.4,7.375
10.27,CARRY,2.86,-0.01,-9.58,3.08,-0.01,1,0,321.5,228.0,12.1,0.24,0.03,55.6,13.26,-0.01,0.7,589.9,7.438
10.33,CARRY,2.86,-0.01,-9.58,3.1,-0.01,1,0,321.5,227.0,13.1,0.26,0.03,48.7,13.26,-0.01,0.5,588.9,7.5
10.38,CARRY,2.89,-0.01,-9.58,3.11,-0.01,1,0,321.5,228.0,12.1,0.24,0.03,50.1,13.26,-0.01,0.8,588.5,7.438
10.43,CARRY,2.89,-0.01,-9.58,3.12,-0.01,1,0,321.5,227.0,13.1,0.26,0.03,49.1,13.26,-0.01,0.5,587.5,7.5
10.48,CARRY,2.91,-0.01,-9.58,3.13,-0.01,1,0,321.5,228.0,12.1,0.24,0.03,49.5,13.26,-0.01,0.8,587.0,7.5
10.53,CARRY,2.91,-0.01,-9.58,3.15,-0.01,1,0,321.5,227.0,13.1,0.26,0.03,48.7,13.26,-0.01,0.5,586.0,7.531
10.58,CARRY,2.94,-0.01,-9.58,3.16,-0.01,1,0,321.5,228.0,12.1,0.24,0.03,50.7,13.26,-0.01,0.8,585.6,7.406
10.63,CARRY,2.94,-0.01,-9.58,3.17,-0.01,1,0,321.5,227.0,13.1,0.26,0.03,49.4,13.26,-0.01,0.5,584.6,7.469
10.68,CARRY,2.96,-0.01,-9.58,3.19,-0.01,1,0,321.5,228.0,12.1,0.24,0.03,50.6,13.26,-0.01,0.8,584.1,7.406
10.73,CARRY,2.96,-0.01,-9.58,3.2,-0.01,1,0,321.5,227.0,13.1,0.26,0.03,48.8,13.26,-0.01,0.6,583.1,7.469
10.78,CARRY,2.99,-0.01,-9.58,3.21,-0.01,1,0,321.5,228.0,12.1,0.24,0.03,49.8,13.26,-0.01,0.8,582.7,7.406
10.83,CARRY,2.99,-0.01,-9.58,3.22,-0.01,1,0,321.5,227.0,13.1,0.26,0.03,50.2,13.26,-0.01,0.6,581.7,7.469
10.89,CARRY,3.01,-0.01,-9.58,3.24,-0.01,1,0,321.5,228.0,12.1,0.24,0.03,50.5,13.26,-0.01,0.9,581.2,7.438
10.94,CARRY,3.01,-0.01,-9.58,3.25,-0.01,1,0,321.5,227.0,13.1,0.26,0.03,50.3,13.26,-0.01,0.6,580.3,7.5
10.99,CARRY,3.04,-0.01,-9.58,3.26,-0.01,1,0,321.5,227.5,12.6,0.25,0.03,50.6,13.26,-0.01,0.4,579.3,7.469
11.04,CARRY,3.04,-0.01,-9.58,3.27,-0.01,1,0,321.5,227.0,13.1,0.26,0.03,50.2,13.26,-0.01,0.6,578.8,7.5
11.09,CARRY,3.06,-0.01,-9.58,3.29,-0.01,1,0,321.5,227.5,12.6,0.25,0.03,50.7,13.26,-0.01,0.5,577.9,7.438
11.14,CARRY,3.09,-0.01,-9.58,3.3,-0.01,1,0,321.5,228.0,12.1,0.24,0.03,49.6,13.26,-0.01,0.3,576.9,7.375
11.19,CARRY,3.09,-0.01,-9.58,3.31,-0.01,1,0,321.5,227.5,12.6,0.25,0.03,49.9,13.26,-0.01,0.5,576.4,7.438
11.24,CARRY,3.11,-0.01,-9.58,3.33,-0.01,1,0,321.5,228.0,12.1,0.24,0.03,49.4,13.26,-0.01,0.4,575.5,7.406
11.29,CARRY,3.11,-0.01,-9.58,3.34,-0.01,1,0,321.5,227.5,12.6,0.25,0.03,50.0,13.26,-0.01,0.5,575.0,7.438
11.35,CARRY,3.14,-0.01,-9.58,3.35,-0.01,1,0,321.5,228.0,12.1,0.24,0.03,50.6,13.26,-0.01,0.4,574.0,7.406
11.4,CARRY,3.14,-0.01,-9.58,3.36,-0.01,1,0,321.5,227.5,12.6,0.25,0.03,49.4,13.26,-0.01,0.6,573.5,7.469
11.45,CARRY,3.16,-0.01,-9.58,3.38,-0.01,1,0,321.5,228.0,12.1,0.24,0.03,50.7,13.26,-0.01,0.4,572.6,7.469
11.5,CARRY,3.16,-0.01,-9.58,3.39,-0.01,1,0,321.5,227.5,12.6,0.25,0.03,50.0,13.26,-0.01,0.6,572.1,7.531
11.55,CARRY,3.19,-0.01,-9.58,3.4,-0.01,1,0,321.5,228.0,12.1,0.24,0.03,50.5,13.26,-0.01,0.4,571.1,7.5
11.6,CARRY,3.19,-0.01,-9.58,3.41,-0.01,1,0,321.5,227.5,12.6,0.25,0.03,49.1,13.26,-0.01,0.6,570.6,7.531
11.65,CARRY,3.21,-0.01,-9.58,3.43,-0.01,1,0,321.5,228.0,12.1,0.24,0.03,49.2,13.26,-0.01,0.5,569.7,7.625
11.7,CARRY,3.21,-0.01,-9.58,3.44,-0.01,1,0,321.5,227.0,13.1,0.26,0.03,48.9,13.26,-0.01,0.2,568.7,7.562
11.75,CARRY,3.24,-0.01,-9.58,3.45,-0.01,1,0,321.5,228.0,12.1,0.24,0.03,49.2,13.26,-0.01,0.5,568.2,7.656
11.8,CARRY,3.24,-0.01,-9.58,3.47,-0.01,1,0,321.5,227.0,13.1,0.26,0.03,49.4,13.26,-0.01,0.2,567.2,7.594
11.85,CARRY,3.26,-0.01,-9.58,3.48,-0.01,1,0,321.5,228.0,12.1,0.24,0.03,50.9,13.26,-0.01,0.5,566.8,7.656
11.9,CARRY,3.26,-0.01,-9.58,3.49,-0.01,1,0,321.5,227.0,13.1,0.26,0.03,48.6,13.26,-0.01,0.3,565.8,7.594
11.95,CARRY,3.29,-0.01,-9.58,3.5,-0.01,1,0,321.5,228.0,12.1,0.24,0.03,49.8,13.26,-0.01,0.6,565.4,7.656
12.01,CARRY,3.29,-0.01,-9.58,3.52,-0.01,1,0,321.5,227.0,13.1,0.26,0.03,48.8,13.26,-0.01,0.3,564.4,7.625
12.06,CARRY,3.31,-0.01,-9.58,3.53,-0.01,1,0,321.5,228.0,12.1,0.24,0.03,49.6,13.26,-0.01,0.6,564.0,7.656
12.11,CARRY,3.31,-0.01,-9.58,3.54,-0.01,1,0,321.5,227.0,13.1,0.26,0.03,48.6,13.26,-0.01,0.3,563.0,7.656
12.16,CARRY,3.33,-0.01,-9.58,3.55,-0.01,1,0,321.5,228.0,12.1,0.24,0.03,51.1,13.26,-0.01,0.6,562.5,7.656
12.21,CARRY,3.33,-0.01,-9.58,3.57,-0.01,1,0,321.5,227.0,13.1,0.26,0.03,50.1,13.26,-0.01,0.3,561.5,7.656
12.26,CARRY,3.36,-0.01,-9.58,3.58,-0.01,1,0,321.5,228.0,12.1,0.24,0.03,51.1,13.26,-0.01,0.7,561.1,7.656
12.31,CARRY,3.36,-0.01,-9.58,3.59,-0.01,1,0,321.5,227.0,13.1,0.26,0.03,50.2,13.26,-0.01,0.4,560.1,7.656
12.36,CARRY,3.38,-0.01,-9.58,3.61,-0.01,1,0,321.5,228.0,12.1,0.24,0.03,49.7,13.26,-0.01,0.7,559.6,7.625
12.41,CARRY,3.38,-0.01,-9.58,3.62,-0.01,1,0,321.5,227.0,13.1,0.26,0.03,48.8,13.26,-0.01,0.4,558.6,7.594
12.46,CARRY,3.41,-0.01,-9.58,3.63,-0.01,1,0,321.5,228.0,12.1,0.24,0.03,50.6,13.26,-0.01,0.7,558.2,7.625
12.51,CARRY,3.41,-0.01,-9.58,3.64,-0.01,1,0,321.5,227.0,13.1,0.26,0.03,48.8,13.26,-0.01,0.4,557.2,7.594
12.56,CARRY,3.44,-0.01,-9.58,3.66,-0.01,1,0,321.5,228.0,12.1,0.24,0.03,50.4,13.26,-0.01,0.7,556.7,7.625
12.62,CARRY,3.44,-0.01,-9.58,3.67,-0.01,1,0,321.5,227.0,13.1,0.26,0.03,49.5,13.26,-0.01,0.4,555.7,7.594
12.67,CARRY,3.46,-0.01,-9.58,3.68,-0.01,1,0,321.5,228.0,12.1,0.24,0.03,50.7,13.26,-0.01,0.7,555.2,7.594
12.72,CARRY,3.46,-0.01,-9.58,3.69,-0.01,1,0,321.5,227.0,13.1,0.26,0.03,50.5,13.26,-0.01,0.4,554.2,7.656
12.77,CARRY,3.49,-0.01,-9.58,3.71,-0.01,1,0,321.5,227.5,12.6,0.25,0.03,49.5,13.26,-0.01,0.2,553.2,7.594
12.82,CARRY,3.49,-0.01,-9.58,3.72,-0.01,1,0,321.5,227.0,13.1,0.26,0.03,49.1,13.26,-0.01,0.4,552.8,7.688
12.87,CARRY,3.51,-0.01,-9.58,3.73,-0.01,1,0,321.5,227.5,12.6,0.25,0.03,49.4,13.26,-0.01,0.2,551.8,7.594
12.92,CARRY,3.51,-0.01,-9.58,3.74,-0.01,1,0,321.5,227.0,13.1,0.26,0.03,48.9,13.26,-0.01,0.4,551.3,7.656
12.97,CARRY,3.54,-0.01,-9.58,3.76,-0.01,1,0,321.5,227.5,12.6,0.25,0.03,50.9,13.26,-0.01,0.2,550.3,7.562
13.02,CARRY,3.54,-0.01,-9.58,3.77,-0.01,1,0,321.5,227.0,13.1,0.26,0.03,50.0,13.26,-0.01,0.4,549.8,7.469
13.07,CARRY,3.56,-0.01,-9.58,3.78,-0.01,1,0,321.5,227.5,12.6,0.25,0.03,49.5,13.26,-0.01,0.2,548.9,7.469
13.12,CARRY,3.56,-0.01,-9.58,3.8,-0.01,1,0,321.5,227.0,13.1,0.26,0.03,49.1,13.26,-0.01,0.4,548.4,7.531
13.17,CARRY,3.59,-0.01,-9.58,3.81,-0.01,1,0,321.5,227.5,12.6,0.25,0.03,50.9,13.26,-0.01,0.2,547.4,7.469
13.23,CARRY,3.59,-0.01,-9.58,3.82,-0.01,1,0,321.5,227.0,13.1,0.26,0.03,48.7,13.26,-0.01,0.4,546.9,7.5
13.28,CARRY,3.61,-0.01,-9.58,3.83,-0.01,1,0,321.5,228.0,12.1,0.24,0.03,50.0,13.26,-0.01,0.7,546.4,7.406
13.33,CARRY,3.61,-0.01,-9.58,3.85,-0.01,1,0,321.5,227.5,12.6,0.25,0.03,48.8,13.26,-0.01,0.9,545.9,7.5
13.38,CARRY,3.64,-0.01,-9.58,3.86,-0.01,1,0,321.5,228.0,12.1,0.24,0.03,49.7,13.26,-0.01,0.7,545.0,7.438
13.43,CARRY,3.64,-0.01,-9.58,3.87,-0.01,1,0,321.5,227.5,12.6,0.25,0.03,48.6,13.26,-0.01,0.9,544.5,7.5
13.48,CARRY,3.66,-0.01,-9.58,3.88,-0.01,1,0,321.0,229.5,10.5,0.21,0.02,49.8,13.26,-0.01,2.2,545.1,7.406
13.53,CARRY,3.66,-0.01,-9.58,3.9,-0.01,1,0,321.0,229.0,11.0,0.22,0.02,48.6,13.26,-0.01,2.5,544.6,7.469
13.58,CARRY,3.69,-0.01,-9.58,3.91,-0.01,1,0,321.0,230.0,10.0,0.2,0.02,49.5,13.26,-0.01,2.7,544.1,7.406
13.63,CARRY,3.69,-0.01,-9.58,3.92,-0.01,1,0,321.0,229.5,10.5,0.21,0.02,50.0,13.26,-0.01,2.9,543.6,7.406
13.68,CARRY,3.71,-0.01,-9.58,3.93,-0.01,1,0,321.0,231.0,9.1,0.18,0.02,51.0,13.26,-0.01,3.7,543.6,7.375
13.73,CARRY,3.71,-0.01,-9.58,3.95,-0.01,1,0,321.0,230.5,9.6,0.19,0.02,50.5,13.26,-0.01,3.9,543.1,7.375
13.78,CARRY,3.74,-0.01,-9.58,3.96,-0.01,1,0,321.0,231.0,9.1,0.18,0.02,51.2,13.26,-0.01,3.7,542.1,7.344
13.84,CARRY,3.74,-0.01,-9.58,3.97,-0.01,1,0,321.0,231.0,9.1,0.18,0.02,49.9,13.26,-0.01,4.5,542.1,7.469
13.89,CARRY,3.76,-0.01,-9.58,3.99,-0.01,1,0,321.0,232.0,8.1,0.16,0.02,50.0,13.26,-0.01,4.8,541.7,7.438
13.94,CARRY,3.76,-0.01,-9.58,4.0,-0.01,1,0,321.0,231.5,8.6,0.17,0.02,50.4,13.26,-0.01,5.1,541.3,7.531
13.99,CARRY,3.79,-0.01,-9.58,4.01,-0.01,1,0,320.5,233.0,7.0,0.14,0.01,49.7,13.26,-0.01,6.0,541.4,7.531
14.04,CARRY,3.79,-0.01,-9.58,4.02,-0.01,1,0,320.5,232.5,7.5,0.15,0.01,49.0,13.26,-0.01,6.3,541.0,7.562
14.09,CARRY,3.81,-0.01,-9.58,4.04,-0.01,1,0,320.5,233.5,6.5,0.13,0.01,49.4,13.26,-0.01,6.7,540.7,7.5
14.14,CARRY,3.81,-0.01,-9.58,4.05,-0.01,1,0,320.5,233.0,7.0,0.14,0.01,49.1,13.26,-0.01,6.9,540.2,7.438
14.19,CARRY,3.83,-0.01,-9.58,4.06,-0.01,1,0,320.5,233.5,6.5,0.13,0.01,49.5,13.26,-0.01,6.9,539.4,7.344
14.24,CARRY,3.83,-0.01,-9.58,4.07,-0.01,1,0,320.5,233.5,6.5,0.13,0.01,50.0,13.26,-0.01,7.6,539.4,7.281
14.29,CARRY,3.85,-0.01,-9.58,4.09,-0.01,1,0,320.5,234.0,6.0,0.12,0.01,49.4,13.26,-0.01,7.7,538.7,7.312
14.34,CARRY,3.87,-0.01,-9.58,4.1,-0.01,1,0,320.5,234.0,6.0,0.12,0.01,50.1,13.26,-0.01,7.3,537.6,7.25
14.39,CARRY,3.87,-0.01,-9.58,4.11,-0.01,1,0,320.5,234.0,6.0,0.12,0.01,48.7,13.26,-0.01,8.0,537.6,7.188
14.44,CARRY,3.89,-0.01,-9.58,4.13,-0.01,1,0,320.5,235.0,5.0,0.1,0.01,49.4,13.26,-0.01,8.7,537.5,7.25
14.49,CARRY,3.89,-0.01,-9.58,4.14,-0.01,1,0,320.5,234.0,6.0,0.12,0.01,51.1,13.26,-0.01,8.4,536.5,7.156
14.54,CARRY,3.91,-0.01,-9.58,4.15,-0.01,1,0,320.0,235.5,4.5,0.09,0.0,50.6,13.26,-0.01,9.7,537.1,7.125
14.6,CARRY,3.91,-0.01,-9.58,4.16,-0.01,1,0,320.0,235.0,5.0,0.1,0.0,50.6,13.26,-0.01,10.0,536.6,7.188
14.65,CARRY,3.92,-0.01,-9.58,4.18,-0.01,1,0,320.0,235.5,4.5,0.09,0.0,50.7,13.26,-0.01,10.3,536.2,7.156
14.7,CARRY,3.92,-0.01,-9.58,4.19,-0.01,1,0,320.0,235.0,5.0,0.1,0.0,49.1,13.26,-0.01,10.6,535.7,7.219
14.75,CARRY,3.94,-0.01,-9.58,4.2,-0.01,1,0,320.0,235.5,4.5,0.09,0.0,49.7,13.26,-0.01,10.9,535.3,7.25
14.8,CARRY,3.94,-0.01,-9.58,4.21,-0.01,1,0,321.0,235.5,4.6,0.09,0.02,50.8,13.26,-0.01,11.5,535.2,7.281
14.85,CARRY,3.95,-0.01,-9.58,4.23,-0.01,1,0,321.0,236.0,4.1,0.08,0.02,50.9,13.26,-0.01,12.0,534.9,7.281
14.9,CARRY,3.95,-0.01,-9.58,4.24,-0.01,1,0,320.5,235.5,4.5,0.09,0.01,49.7,13.26,-0.01,12.3,534.5,7.25
14.95,CARRY,3.96,-0.01,-9.58,4.25,-0.01,1,0,320.5,235.5,4.5,0.09,0.01,49.9,13.26,-0.01,12.3,533.8,7.281
15.01,CARRY,3.96,-0.01,-9.58,4.27,-0.01,1,0,320.5,235.0,5.0,0.1,0.01,50.0,13.26,-0.01,12.5,533.3,7.312
15.06,CARRY,3.97,-0.02,-9.58,4.28,-0.01,1,0,320.5,235.5,4.5,0.09,0.01,50.3,13.26,-0.01,13.1,533.1,7.281
15.11,CARRY,3.97,-0.02,-9.58,4.29,-0.01,1,0,320.5,235.0,5.0,0.1,0.01,50.0,13.26,-0.01,13.3,532.6,7.156
15.16,CARRY,3.99,-0.02,-9.58,4.3,-0.01,1,0,320.5,235.5,4.5,0.09,0.01,51.5,13.26,-0.01,13.9,532.4,7.062
15.21,CARRY,3.99,-0.02,-9.58,4.32,-0.01,1,0,320.5,235.5,4.5,0.09,0.01,50.1,13.26,-0.01,14.7,532.4,7.062
15.26,CARRY,4.0,-0.02,-9.58,4.33,-0.01,1,0,320.5,235.0,5.0,0.1,0.01,50.6,13.26,-0.01,14.3,531.3,7.062
15.31,CARRY,4.0,-0.02,-9.58,4.34,-0.01,1,0,320.5,235.0,5.0,0.1,0.01,48.8,13.26,-0.01,15.0,531.3,7.031
15.36,CARRY,4.01,-0.02,-9.58,4.36,-0.01,1,0,320.5,235.5,4.5,0.09,0.01,49.2,13.26,-0.01,15.7,531.2,6.938
15.41,CARRY,4.01,-0.02,-9.58,4.37,-0.01,1,0,320.5,235.0,5.0,0.1,0.01,49.8,13.26,-0.01,15.9,530.7,6.844
15.46,CARRY,4.02,-0.02,-9.58,4.38,-0.01,1,0,320.5,235.0,5.0,0.1,0.01,50.7,13.26,-0.01,16.1,530.2,6.75
15.52,CARRY,4.02,-0.02,-9.58,4.39,-0.01,1,0,320.5,234.5,5.5,0.11,0.01,49.4,13.26,-0.01,16.3,529.7,6.625
15.57,CARRY,4.03,-0.02,-9.58,4.41,-0.01,1,0,320.5,235.0,5.0,0.1,0.01,49.7,13.26,-0.01,17.0,529.6,6.438
15.62,CARRY,4.03,-0.02,-9.58,4.42,-0.01,1,0,320.5,234.5,5.5,0.11,0.01,50.4,13.26,-0.01,17.2,529.1,6.312
15.67,CARRY,4.04,-0.02,-9.58,4.43,-0.01,1,0,320.5,235.0,5.0,0.1,0.01,50.9,13.26,-0.01,17.9,529.1,6.031
15.72,CARRY,4.04,-0.02,-9.58,4.44,-0.01,1,0,321.0,234.5,5.6,0.11,0.02,49.9,13.26,-0.01,18.1,528.5,5.906
15.77,CARRY,4.05,-0.02,-9.58,4.46,-0.01,1,0,321.0,234.5,5.6,0.11,0.02,51.0,13.26,-0.01,18.2,527.9,5.688
15.82,CARRY,4.05,-0.02,-9.58,4.47,-0.01,1,0,321.0,234.0,6.1,0.12,0.02,48.7,13.26,-0.01,18.5,527.4,5.656
15.87,CARRY,4.06,-0.02,-9.58,4.48,-0.01,1,0,321.0,234.5,5.6,0.11,0.02,49.7,13.26,-0.01,19.2,527.4,5.625
15.92,CARRY,4.06,-0.02,-9.58,4.5,-0.01,1,0,321.0,234.0,6.1,0.12,0.02,48.7,13.26,-0.01,19.4,526.9,5.594
15.97,CARRY,4.07,-0.02,-9.58,4.51,-0.01,1,0,321.0,234.0,6.1,0.12,0.02,49.6,13.26,-0.01,19.5,526.3,5.594
16.02,CARRY,4.07,-0.02,-9.58,4.52,-0.01,1,0,321.0,234.0,6.1,0.12,0.02,48.5,13.26,-0.01,20.3,526.3,5.562
16.07,CARRY,4.08,-0.02,-9.58,4.53,-0.01,1,0,321.0,234.0,6.1,0.12,0.02,50.0,13.26,-0.01,20.4,525.7,5.562
16.12,CARRY,4.08,-0.02,-9.58,4.55,-0.01,1,0,321.0,234.0,6.1,0.12,0.02,48.8,13.26,-0.01,21.1,525.7,5.594
16.17,CARRY,4.09,-0.02,-9.58,4.56,-0.01,1,0,321.0,234.0,6.1,0.12,0.02,50.1,13.26,-0.01,21.2,525.1,5.531
16.23,CARRY,4.09,-0.02,-9.58,4.57,-0.01,1,0,320.5,233.5,6.5,0.13,0.01,48.8,13.26,-0.01,21.6,524.7,5.5
16.28,CARRY,4.1,-0.02,-9.58,4.58,-0.01,1,0,320.5,234.0,6.0,0.12,0.01,50.4,13.26,-0.01,22.2,524.6,5.5
16.33,CARRY,4.1,-0.02,-9.58,4.6,-0.01,1,0,320.5,233.0,7.0,0.14,0.01,48.7,13.26,-0.01,21.9,523.6,5.531
16.38,CARRY,4.11,-0.02,-9.58,4.61,-0.01,1,0,320.5,233.0,7.0,0.14,0.01,51.3,13.26,-0.01,22.0,522.9,5.594
16.43,CARRY,4.11,-0.02,-9.58,4.62,-0.01,1,0,320.5,233.0,7.0,0.14,0.01,48.7,13.26,-0.01,22.7,522.9,5.75
16.48,CARRY,4.12,-0.02,-9.58,4.63,-0.01,1,0,320.5,233.5,6.5,0.13,0.01,50.1,13.26,-0.01,23.3,522.8,5.938
16.53,CARRY,4.12,-0.02,-9.58,4.65,-0.01,1,0,321.0,233.0,7.1,0.14,0.02,49.9,13.26,-0.01,23.5,522.2,5.969
16.58,CARRY,4.13,-0.02,-9.58,4.66,-0.01,1,0,321.0,233.5,6.6,0.13,0.02,49.8,13.26,-0.01,24.0,522.0,6.031
16.63,CARRY,4.13,-0.02,-9.58,4.67,-0.01,1,0,321.5,233.5,6.7,0.13,0.03,48.9,13.26,-0.01,24.7,522.0,6.125
16.68,CARRY,4.14,-0.02,-9.58,4.69,-0.01,1,0,321.5,233.5,6.7,0.13,0.03,49.8,13.26,-0.01,24.7,521.3,6.125
16.73,CARRY,4.14,-0.02,-9.58,4.7,-0.01,1,0,321.5,233.0,7.2,0.14,0.03,48.9,13.26,-0.01,24.9,520.8,6.062
16.78,CARRY,4.16,-0.02,-9.58,4.71,-0.01,1,0,321.0,233.5,6.6,0.13,0.02,50.4,13.26,-0.01,25.5,520.6,6.031
16.83,CARRY,4.16,-0.02,-9.58,4.72,-0.01,1,0,321.0,233.0,7.1,0.14,0.02,49.0,13.26,-0.01,25.7,520.1,6.062
16.88,CARRY,4.17,-0.02,-9.58,4.74,-0.01,1,0,321.0,233.5,6.6,0.13,0.02,49.7,13.26,-0.01,26.2,519.9,6.031
16.94,CARRY,4.17,-0.02,-9.58,4.75,-0.01,1,0,321.0,233.0,7.1,0.14,0.02,49.2,13.26,-0.01,26.5,519.4,5.969
16.99,CARRY,4.18,-0.02,-9.58,4.76,-0.01,1,0,321.0,233.0,7.1,0.14,0.02,49.9,13.26,-0.01,26.4,518.6,5.969
17.04,CARRY,4.18,-0.02,-9.58,4.77,-0.01,1,0,321.0,233.0,7.1,0.14,0.02,49.1,13.26,-0.01,27.1,518.6,6.0
17.09,CARRY,4.2,-0.02,-9.58,4.79,-0.01,1,0,321.0,234.0,6.1,0.12,0.02,49.8,13.26,-0.01,28.1,518.8,6.062
17.14,CARRY,4.2,-0.02,-9.58,4.8,-0.01,1,0,321.0,233.5,6.6,0.13,0.02,49.2,13.26,-0.01,28.3,518.3,6.125
17.19,CARRY,4.21,-0.02,-9.58,4.81,-0.01,1,0,321.0,233.5,6.6,0.13,0.02,50.0,13.26,-0.01,28.3,517.6,6.219
17.24,CARRY,4.21,-0.02,-9.58,4.82,-0.01,1,0,321.0,233.0,7.1,0.14,0.02,49.2,13.26,-0.01,28.5,517.1,6.219
17.29,CARRY,4.22,-0.02,-9.58,4.84,-0.01,1,0,321.0,233.5,6.6,0.13,0.02,50.0,13.26,-0.01,29.0,516.8,6.281
17.34,CARRY,4.22,-0.02,-9.58,4.85,-0.01,1,0,321.0,233.5,6.6,0.13,0.02,49.1,13.26,-0.01,29.7,516.8,6.469
17.39,CARRY,4.23,-0.02,-9.58,4.86,-0.01,1,0,321.5,234.0,6.2,0.12,0.03,49.9,13.26,-0.01,30.1,516.5,6.531
17.44,CARRY,4.25,-0.02,-9.58,4.87,-0.01,1,0,321.5,234.5,5.7,0.11,0.03,49.7,13.26,-0.01,30.6,516.3,6.656
17.49,CARRY,4.25,-0.02,-9.58,4.89,-0.01,1,0,321.5,234.0,6.2,0.12,0.03,49.6,13.26,-0.01,30.9,515.8,6.875
17.54,CARRY,4.26,-0.02,-9.58,4.9,-0.01,1,0,321.5,234.0,6.2,0.12,0.03,49.3,13.26,-0.01,30.8,515.0,7.0
17.59,CARRY,4.26,-0.02,-9.58,4.91,-0.01,1,0,321.5,233.5,6.7,0.13,0.03,48.9,13.26,-0.01,31.1,514.5,7.031
17.64,CARRY,4.26,-0.02,-9.58,4.92,-0.01,1,0,321.5,233.0,7.2,0.14,0.03,49.0,13.26,-0.01,31.3,514.0,7.188
17.69,CARRY,4.27,-0.02,-9.58,4.94,-0.01,1,0,321.5,233.5,6.7,0.13,0.03,50.0,13.26,-0.01,31.8,513.8,7.281
17.74,CARRY,4.29,-0.02,-9.58,4.95,-0.01,1,0,321.5,234.0,6.2,0.12,0.03,49.4,13.26,-0.01,32.3,513.5,7.406
17.79,CARRY,4.29,-0.02,-9.58,4.96,-0.01,1,0,321.5,234.0,6.2,0.12,0.03,49.8,13.26,-0.01,33.0,513.5,7.438
17.84,CARRY,4.3,-0.02,-9.58,4.98,-0.01,1,0,321.5,234.5,5.7,0.11,0.03,49.5,13.26,-0.01,33.5,513.3,7.562
17.89,CARRY,4.3,-0.02,-9.58,4.99,-0.01,1,0,321.0,234.0,6.1,0.12,0.02,49.1,13.26,-0.01,33.8,512.9,7.719
17.94,CARRY,4.31,-0.02,-9.58,5.0,-0.01,1,0,321.0,234.0,6.1,0.12,0.02,49.2,13.26,-0.01,33.8,512.1,7.75
17.99,CARRY,4.31,-0.02,-9.58,5.01,-0.01,1,0,321.0,233.5,6.6,0.13,0.02,49.4,13.26,-0.01,34.0,511.6,7.688
18.04,CARRY,4.32,-0.02,-9.58,5.03,-0.01,1,0,321.0,233.5,6.6,0.13,0.02,49.4,13.26,-0.01,34.0,510.9,7.844
18.09,CARRY,4.32,-0.02,-9.58,5.04,-0.01,1,0,321.0,233.5,6.6,0.13,0.02,49.5,13.26,-0.01,34.8,510.9,7.969
18.15,CARRY,4.34,-0.02,-9.58,5.05,-0.01,1,0,321.0,234.5,5.6,0.11,0.02,49.1,13.26,-0.01,35.8,511.2,8.062
18.2,CARRY,4.34,-0.02,-9.58,5.06,-0.01,1,0,321.0,234.0,6.1,0.12,0.02,49.6,13.26,-0.01,36.0,510.7,8.188
18.25,CARRY,4.35,-0.02,-9.58,5.08,-0.01,1,0,321.0,234.5,5.6,0.11,0.02,49.3,13.26,-0.01,36.5,510.5,8.25
18.3,CARRY,4.35,-0.02,-9.58,5.09,-0.01,1,0,321.0,234.0,6.1,0.12,0.02,49.7,13.26,-0.01,36.7,510.0,8.375
18.35,CARRY,4.36,-0.02,-9.58,5.1,-0.01,1,0,321.0,234.0,6.1,0.12,0.02,49.4,13.26,-0.01,36.7,509.3,8.438
18.4,CARRY,4.36,-0.02,-9.58,5.11,-0.01,1,0,321.0,233.5,6.6,0.13,0.02,49.6,13.26,-0.01,37.0,508.8,8.5
18.45,CARRY,4.37,-0.02,-9.58,5.13,-0.01,1,0,320.5,234.0,6.0,0.12,0.01,49.5,13.26,-0.01,37.6,508.6,8.5
18.5,CARRY,4.37,-0.02,-9.58,5.14,-0.01,1,0,320.5,234.0,6.0,0.12,0.01,50.7,13.26,-0.01,38.3,508.6,8.562
18.55,CARRY,4.39,-0.02,-9.58,5.15,-0.01,1,0,320.5,234.5,5.5,0.11,0.01,50.7,13.26,-0.01,38.8,508.4,8.688
18.6,CARRY,4.39,-0.02,-9.58,5.16,-0.01,1,0,320.5,234.0,6.0,0.12,0.01,49.1,13.26,-0.01,39.1,507.9,8.875
18.65,CARRY,4.4,-0.01,-9.58,5.18,-0.01,1,0,320.5,233.5,6.5,0.13,0.01,49.4,13.26,-0.01,38.6,506.7,8.938
18.7,CARRY,4.4,-0.01,-9.58,5.19,-0.01,1,0,320.5,233.5,6.5,0.13,0.01,48.9,13.26,-0.01,39.3,506.7,9.0
18.75,CARRY,4.41,-0.01,-9.58,5.2,-0.01,1,0,320.5,234.0,6.0,0.12,0.01,49.2,13.26,-0.01,39.9,506.5,9.188
18.8,CARRY,4.41,-0.01,-9.58,5.21,-0.01,1,0,320.5,233.5,6.5,0.13,0.01,50.9,13.26,-0.01,40.1,506.0,9.312
18.85,CARRY,4.42,-0.01,-9.58,5.23,-0.01,1,0,320.5,233.5,6.5,0.13,0.01,50.1,13.26,-0.01,40.1,505.3,9.438
18.9,CARRY,4.42,-0.01,-9.58,5.24,-0.01,1,0,320.5,233.0,7.0,0.14,0.01,48.8,13.26,-0.01,40.4,504.8,9.625
18.95,CARRY,4.43,-0.01,-9.58,5.25,-0.01,1,0,320.5,233.5,6.5,0.13,0.01,49.8,13.26,-0.01,40.9,504.6,9.75
19.01,CARRY,4.43,-0.01,-9.58,5.27,-0.01,1,0,320.5,233.0,7.0,0.14,0.01,48.9,13.26,-0.01,41.1,504.1,9.875
19.06,CARRY,4.45,-0.01,-9.58,5.28,-0.01,1,0,320.5,233.5,6.5,0.13,0.01,49.8,13.26,-0.01,41.6,503.9,9.938
19.11,CARRY,4.45,-0.01,-9.58,5.29,-0.01,1,0,320.5,233.0,7.0,0.14,0.01,49.0,13.26,-0.01,41.8,503.4,9.875
19.16,CARRY,4.46,-0.01,-9.58,5.3,-0.01,1,0,320.5,233.5,6.5,0.13,0.01,49.8,13.26,-0.01,42.3,503.1,9.875
19.21,CARRY,4.46,-0.01,-9.58,5.32,-0.01,1,0,321.0,233.0,7.1,0.14,0.02,49.1,13.26,-0.01,42.5,502.6,9.938
19.26,CARRY,4.47,-0.01,-9.58,5.33,-0.01,1,0,321.0,233.0,7.1,0.14,0.02,49.7,13.26,-0.01,42.5,501.8,9.938
19.31,CARRY,4.47,-0.01,-9.58,5.34,-0.01,1,0,321.0,233.0,7.1,0.14,0.02,49.0,13.26,-0.01,43.2,501.8,10.0
19.36,CARRY,4.49,-0.01,-9.58,5.35,-0.01,1,0,321.0,233.5,6.6,0.13,0.02,49.6,13.26,-0.01,43.7,501.6,10.0
19.41,CARRY,4.49,-0.01,-9.58,5.37,-0.01,1,0,321.0,233.0,7.1,0.14,0.02,49.0,13.26,-0.01,43.9,501.1,10.062
19.46,CARRY,4.5,-0.01,-9.58,5.38,-0.01,1,0,321.0,234.0,6.1,0.12,0.02,49.8,13.26,-0.01,44.9,501.3,9.812
19.51,CARRY,4.5,-0.01,-9.58,5.39,-0.01,1,0,321.0,233.0,7.1,0.14,0.02,49.0,13.26,-0.01,44.7,500.4,10.062
19.56,CARRY,4.51,-0.01,-9.58,5.4,-0.01,1,0,320.5,233.5,6.5,0.13,0.01,49.3,13.26,-0.01,45.2,500.1,10.062
19.61,CARRY,4.51,-0.01,-9.58,5.42,-0.01,1,0,320.5,233.5,6.5,0.13,0.01,49.1,13.26,-0.01,45.9,500.1,10.0
19.66,CARRY,4.52,-0.01,-9.58,5.43,-0.01,1,0,320.5,234.0,6.0,0.12,0.01,49.4,13.26,-0.01,46.3,499.9,10.0
19.71,CARRY,4.52,-0.01,-9.58,5.44,-0.01,1,0,320.5,233.5,6.5,0.13,0.01,48.9,13.26,-0.01,46.6,499.4,9.875
19.76,CARRY,4.54,-0.01,-9.58,5.45,-0.01,1,0,320.5,234.0,6.0,0.12,0.01,49.5,13.26,-0.01,47.0,499.1,9.938
19.81,CARRY,4.54,-0.01,-9.58,5.47,-0.01,1,0,320.5,233.5,6.5,0.13,0.01,51.2,13.26,-0.01,47.3,498.6,9.938
19.86,CARRY,4.55,-0.01,-9.58,5.48,-0.01,1,0,320.5,233.5,6.5,0.13,0.01,50.4,13.26,-0.01,47.2,497.8,10.0
19.91,CARRY,4.55,-0.01,-9.58,5.49,-0.01,1,0,320.5,233.0,7.0,0.14,0.01,50.2,13.26,-0.01,47.5,497.3,10.0
19.97,CARRY,4.56,-0.01,-9.58,5.51,-0.01,1,0,320.5,234.0,6.0,0.12,0.01,50.0,13.26,-0.01,48.4,497.5,10.0
20.02,CARRY,4.56,-0.01,-9.58,5.52,-0.01,1,0,320.5,233.5,6.5,0.13,0.01,50.3,13.26,-0.01,48.7,497.0,10.0
20.07,CARRY,4.58,-0.01,-9.58,5.53,-0.01,1,0,320.5,234.0,6.0,0.12,0.01,50.1,13.26,-0.01,49.2,496.8,9.812
20.12,CARRY,4.58,-0.01,-9.58,5.54,-0.01,1,0,320.0,233.5,6.5,0.13,0.0,49.3,13.26,-0.01,49.5,496.3,9.812
20.17,CARRY,4.59,-0.01,-9.58,5.56,-0.01,1,0,320.0,234.0,6.0,0.12,0.0,49.5,13.26,-0.01,50.0,496.1,9.812
20.22,CARRY,4.59,-0.01,-9.58,5.57,-0.01,1,0,320.0,233.5,6.5,0.13,0.0,50.4,13.26,-0.01,50.2,495.6,9.812
20.27,CARRY,4.6,-0.01,-9.58,5.58,-0.01,1,0,320.0,234.0,6.0,0.12,0.0,49.5,13.26,-0.01,50.7,495.3,9.688
20.32,CARRY,4.6,-0.01,-9.58,5.59,-0.01,1,0,320.5,234.5,5.5,0.11,0.01,49.1,13.26,-0.01,51.8,495.7,9.625
20.37,CARRY,4.62,-0.01,-9.58,5.61,-0.01,1,0,320.5,234.5,5.5,0.11,0.01,49.2,13.26,-0.01,51.8,495.0,9.688
20.42,CARRY,4.62,-0.01,-9.58,5.62,-0.01,1,0,320.5,233.5,6.5,0.13,0.01,49.9,13.26,-0.01,51.6,494.0,9.75
20.47,CARRY,4.63,-0.01,-9.58,5.63,-0.01,1,0,320.5,234.0,6.0,0.12,0.01,51.8,13.26,-0.01,52.1,493.8,9.5
20.52,CARRY,4.63,-0.01,-9.58,5.65,-0.01,1,0,320.5,233.5,6.5,0.13,0.01,51.2,13.26,-0.01,52.3,493.3,9.5
20.58,CARRY,4.64,-0.01,-9.58,5.66,-0.01,1,0,320.5,234.5,5.5,0.11,0.01,48.8,13.26,-0.01,53.3,493.5,9.5
20.63,CARRY,4.64,-0.01,-9.58,5.67,-0.01,1,0,321.0,234.0,6.1,0.12,0.02,49.0,13.26,-0.01,53.5,493.0,9.688
20.68,CARRY,4.65,-0.01,-9.58,5.68,-0.01,1,0,320.5,233.5,6.5,0.13,0.01,49.2,13.26,-0.01,53.1,491.8,9.688
20.73,CARRY,4.65,-0.01,-9.58,5.7,-0.01,1,0,320.5,233.5,6.5,0.13,0.01,49.5,13.26,-0.01,53.8,491.8,9.5
20.78,CARRY,4.67,-0.01,-9.58,5.71,-0.01,1,0,320.5,233.5,6.5,0.13,0.01,49.4,13.26,-0.01,53.8,491.1,9.5
20.83,CARRY,4.67,-0.01,-9.58,5.72,-0.01,1,0,320.5,233.5,6.5,0.13,0.01,48.1,13.26,-0.01,54.6,491.1,9.5
20.88,CARRY,4.68,-0.01,-9.58,5.73,-0.01,1,0,320.5,234.0,6.0,0.12,0.01,50.0,13.26,-0.01,55.1,490.9,9.625
20.93,CARRY,4.68,-0.01,-9.58,5.75,-0.01,1,0,320.5,233.5,6.5,0.13,0.01,49.0,13.26,-0.01,55.3,490.4,9.688
20.98,CARRY,4.69,-0.01,-9.58,5.76,-0.01,1,0,320.5,234.0,6.0,0.12,0.01,48.8,13.26,-0.01,55.8,490.2,9.688
21.03,CARRY,4.69,-0.01,-9.58,5.77,-0.01,1,0,320.5,234.0,6.0,0.12,0.01,49.2,13.26,-0.01,56.5,490.2,9.562
21.08,CARRY,4.7,-0.01,-9.58,5.78,-0.01,1,0,320.5,234.0,6.0,0.12,0.01,49.6,13.26,-0.01,56.5,489.5,9.688
21.13,CARRY,4.7,-0.01,-9.58,5.8,-0.01,1,0,320.5,233.5,6.5,0.13,0.01,49.0,13.26,-0.01,56.8,489.0,9.562
21.18,CARRY,4.72,-0.01,-9.58,5.81,-0.01,1,0,320.5,234.0,6.0,0.12,0.01,49.3,13.26,-0.01,57.2,488.7,9.75
21.23,CARRY,4.72,-0.01,-9.58,5.82,-0.01,1,0,321.0,233.5,6.6,0.13,0.02,49.1,13.26,-0.01,57.4,488.2,9.812
21.28,CARRY,4.73,-0.01,-9.58,5.83,-0.01,1,0,321.0,234.0,6.1,0.12,0.02,49.2,13.26,-0.01,57.9,487.9,9.75
21.33,CARRY,4.73,-0.01,-9.58,5.85,-0.01,1,0,321.0,233.5,6.6,0.13,0.02,50.4,13.26,-0.01,58.1,487.4,9.562
21.38,CARRY,4.74,-0.02,-9.58,5.86,-0.01,1,0,321.0,233.5,6.6,0.13,0.02,49.6,13.26,-0.01,58.2,486.7,9.688
21.43,CARRY,4.74,-0.02,-9.58,5.87,-0.01,1,0,321.0,233.5,6.6,0.13,0.02,49.2,13.26,-0.01,58.9,486.7,9.75
21.48,CARRY,4.75,-0.02,-9.58,5.89,-0.01,1,0,321.0,234.0,6.1,0.12,0.02,49.4,13.26,-0.01,59.4,486.5,9.688
21.53,CARRY,4.75,-0.02,-9.58,5.9,-0.01,1,0,321.0,233.5,6.6,0.13,0.02,49.3,13.26,-0.01,59.6,486.0,9.812
21.58,CARRY,4.77,-0.02,-9.58,5.91,-0.01,1,0,321.0,234.0,6.1,0.12,0.02,49.2,13.26,-0.01,60.1,485.8,9.875
21.63,CARRY,4.77,-0.02,-9.58,5.92,-0.01,1,0,321.0,233.5,6.6,0.13,0.02,49.6,13.26,-0.01,60.4,485.3,9.938
21.68,CARRY,4.78,-0.02,-9.58,5.94,-0.01,1,0,321.0,234.0,6.1,0.12,0.02,49.4,13.26,-0.01,60.9,485.1,9.875
21.73,CARRY,4.78,-0.02,-9.58,5.95,-0.01,1,0,320.5,234.0,6.0,0.12,0.01,49.7,13.26,-0.01,61.7,485.2,9.875
21.78,CARRY,4.79,-0.02,-9.58,5.96,-0.01,1,0,320.5,234.0,6.0,0.12,0.01,49.2,13.26,-0.01,61.7,484.5,9.875
21.83,CARRY,4.79,-0.02,-9.58,5.97,-0.01,1,0,320.5,233.5,6.5,0.13,0.01,51.1,13.26,-0.01,61.9,484.0,9.812
21.89,CARRY,4.8,-0.02,-9.58,5.99,-0.01,1,0,320.5,234.0,6.0,0.12,0.01,49.9,13.26,-0.01,62.4,483.7,9.812
21.94,CARRY,4.8,-0.02,-9.58,6.0,-0.01,1,0,320.5,233.5,6.5,0.13,0.01,51.2,13.26,-0.01,62.7,483.2,9.75
21.99,CARRY,4.82,-0.02,-9.58,6.01,-0.01,1,0,320.5,233.5,6.5,0.13,0.01,50.5,13.26,-0.01,62.7,482.5,9.75
22.04,CARRY,4.83,-0.02,-9.58,6.02,-0.01,1,0,320.5,233.5,6.5,0.13,0.01,50.9,13.26,-0.01,62.7,481.8,9.75
22.09,CARRY,4.83,-0.02,-9.58,6.04,-0.01,1,0,320.5,233.5,6.5,0.13,0.01,50.1,13.26,-0.01,63.5,481.8,9.75
22.14,CARRY,4.84,-0.02,-9.58,6.05,-0.01,1,0,320.5,234.0,6.0,0.12,0.01,49.6,13.26,-0.01,64.0,481.6,9.75
22.19,CARRY,4.84,-0.02,-9.58,6.06,-0.01,1,0,321.0,233.5,6.6,0.13,0.02,49.4,13.26,-0.01,64.2,481.0,9.75
22.24,CARRY,4.85,-0.02,-9.58,6.08,-0.01,1,0,321.0,234.0,6.1,0.12,0.02,49.8,13.26,-0.01,64.7,480.8,9.688
22.3,CARRY,4.85,-0.02,-9.58,6.09,-0.01,1,0,321.0,233.5,6.6,0.13,0.02,49.2,13.26,-0.01,64.9,480.3,9.688
22.35,CARRY,4.87,-0.02,-9.58,6.1,-0.01,1,0,321.0,235.0,5.1,0.1,0.02,50.0,13.26,-0.01,66.4,481.1,9.625
22.4,CARRY,4.87,-0.02,-9.58,6.11,-0.01,1,0,321.0,234.5,5.6,0.11,0.02,50.4,13.26,-0.01,66.6,480.6,9.75
22.45,CARRY,4.88,-0.02,-9.58,6.13,-0.01,1,0,321.0,235.0,5.1,0.1,0.02,51.4,13.26,-0.01,67.1,480.3,9.688
22.5,CARRY,4.88,-0.02,-9.58,6.14,-0.01,1,0,321.0,234.0,6.1,0.12,0.02,49.0,13.26,-0.01,66.9,479.3,9.75
22.55,CARRY,4.89,-0.02,-9.58,6.15,-0.01,1,0,321.0,234.0,6.1,0.12,0.02,51.0,13.26,-0.01,66.9,478.6,9.938
22.6,CARRY,4.89,-0.02,-9.58,6.16,-0.01,1,0,321.0,234.5,5.6,0.11,0.02,48.9,13.26,-0.01,68.1,479.1,10.062
22.65,CARRY,4.9,-0.02,-9.58,6.18,-0.01,1,0,321.0,234.5,5.6,0.11,0.02,49.9,13.26,-0.01,68.1,478.4,9.938
22.7,CARRY,4.9,-0.02,-9.58,6.19,-0.01,1,0,321.0,234.0,6.1,0.12,0.02,48.7,13.26,-0.01,68.4,477.9,10.125
22.75,CARRY,4.92,-0.02,-9.58,6.2,-0.01,1,0,320.5,234.5,5.5,0.11,0.01,50.1,13.26,-0.01,68.9,477.7,10.125
22.8,CARRY,4.92,-0.02,-9.58,6.22,-0.01,1,0,320.5,234.0,6.0,0.12,0.01,49.2,13.26,-0.01,69.2,477.2,10.125
22.85,CARRY,4.93,-0.02,-9.58,6.23,-0.01,1,0,320.5,234.0,6.0,0.12,0.01,51.8,13.26,-0.01,69.2,476.5,10.125
22.91,CARRY,4.93,-0.02,-9.58,6.24,-0.01,1,0,320.5,233.5,6.5,0.13,0.01,50.0,13.26,-0.01,69.5,476.0,10.062
22.96,CARRY,4.94,-0.02,-9.58,6.25,-0.01,1,0,320.5,234.0,6.0,0.12,0.01,51.1,13.26,-0.01,70.0,475.8,10.062
23.01,CARRY,4.94,-0.02,-9.58,6.27,-0.01,1,0,320.5,234.0,6.0,0.12,0.01,48.9,13.26,-0.01,70.7,475.8,10.062
23.06,CARRY,4.95,-0.02,-9.58,6.28,-0.01,1,0,320.5,234.0,6.0,0.12,0.01,50.0,13.26,-0.01,70.8,475.1,9.938
23.11,CARRY,4.95,-0.02,-9.58,6.29,-0.01,1,0,320.5,234.0,6.0,0.12,0.01,48.5,13.26,-0.01,71.5,475.1,9.938
23.16,CARRY,4.96,-0.02,-9.58,6.3,-0.01,1,0,320.5,234.0,6.0,0.12,0.01,49.6,13.26,-0.01,71.6,474.4,9.875
23.21,CARRY,4.96,-0.02,-9.58,6.32,-0.01,1,0,321.0,233.5,6.6,0.13,0.02,50.1,13.26,-0.01,71.7,473.9,9.938
23.26,CARRY,4.98,-0.02,-9.58,6.33,-0.01,1,0,321.0,234.0,6.1,0.12,0.02,49.6,13.26,-0.01,72.3,473.7,9.938
23.31,CARRY,4.98,-0.02,-9.58,6.34,-0.01,1,0,321.0,233.5,6.6,0.13,0.02,48.9,13.26,-0.01,72.5,473.2,9.938
23.36,CARRY,4.99,-0.02,-9.58,6.36,-0.01,1,0,321.0,234.0,6.1,0.12,0.02,49.7,13.26,-0.01,73.1,473.0,9.875
23.41,CARRY,4.99,-0.02,-9.58,6.37,-0.01,1,0,321.0,233.5,6.6,0.13,0.02,49.2,13.26,-0.01,73.3,472.5,9.875
23.46,CARRY,5.0,-0.02,-9.58,6.38,-0.01,1,0,321.0,234.0,6.1,0.12,0.02,49.8,13.26,-0.01,73.8,472.3,9.875
23.51,CARRY,5.0,-0.02,-9.58,6.39,-0.01,1,0,321.0,234.0,6.1,0.12,0.02,49.6,13.26,-0.01,74.6,472.3,9.812
23.56,CARRY,5.01,-0.02,-9.58,6.41,-0.01,1,0,321.0,234.0,6.1,0.12,0.02,50.2,13.26,-0.01,74.6,471.6,9.875
23.62,CARRY,5.01,-0.02,-9.58,6.42,-0.01,1,0,321.0,233.5,6.6,0.13,0.02,49.2,13.26,-0.01,74.8,471.1,9.875
23.67,CARRY,5.02,-0.02,-9.58,6.43,-0.01,1,0,321.0,234.0,6.1,0.12,0.02,50.3,13.26,-0.01,75.3,470.9,9.875
23.72,CARRY,5.02,-0.02,-9.58,6.44,-0.01,1,0,321.0,233.5,6.6,0.13,0.02,49.1,13.26,-0.01,75.6,470.4,9.938
23.77,CARRY,5.04,-0.02,-9.58,6.46,-0.01,1,0,321.0,234.0,6.1,0.12,0.02,50.3,13.26,-0.01,76.1,470.2,9.812
23.82,CARRY,5.04,-0.02,-9.58,6.47,-0.01,1,0,321.0,233.5,6.6,0.13,0.02,50.5,13.26,-0.01,76.3,469.7,10.0
23.87,CARRY,5.05,-0.02,-9.58,6.48,-0.01,1,0,321.0,234.0,6.1,0.12,0.02,51.0,13.26,-0.01,76.9,469.5,9.875
23.92,CARRY,5.05,-0.02,-9.58,6.49,-0.01,1,0,321.0,234.0,6.1,0.12,0.02,48.6,13.26,-0.01,77.6,469.5,10.062
23.97,CARRY,5.06,-0.02,-9.58,6.51,-0.01,1,0,321.0,234.0,6.1,0.12,0.02,49.9,13.26,-0.01,77.6,468.7,9.875
24.02,CARRY,5.06,-0.02,-9.58,6.52,-0.01,1,0,321.0,233.5,6.6,0.13,0.02,48.6,13.26,-0.01,77.8,468.2,10.0
24.07,CARRY,5.07,-0.02,-9.58,6.53,-0.01,1,0,321.0,234.0,6.1,0.12,0.02,51.5,13.26,-0.01,78.3,468.0,9.938
24.12,CARRY,5.07,-0.02,-9.58,6.55,-0.01,1,0,321.0,233.5,6.6,0.13,0.02,50.2,13.26,-0.01,78.6,467.5,10.0
24.18,CARRY,5.09,-0.02,-9.58,6.56,-0.01,1,0,321.0,234.0,6.1,0.12,0.02,51.3,13.26,-0.01,79.1,467.3,10.0
24.23,CARRY,5.09,-0.02,-9.58,6.57,-0.01,1,0,321.5,233.5,6.7,0.13,0.03,49.1,13.26,-0.01,79.3,466.7,9.938
24.28,CARRY,5.1,-0.02,-9.58,6.58,-0.01,1,0,321.5,233.5,6.7,0.13,0.03,50.5,13.26,-0.01,79.3,466.0,9.812
24.33,CARRY,5.1,-0.02,-9.58,6.6,-0.01,1,0,321.5,233.5,6.7,0.13,0.03,48.9,13.26,-0.01,80.0,466.0,9.812
24.38,CARRY,5.11,-0.02,-9.58,6.61,-0.01,1,0,321.5,234.0,6.2,0.12,0.03,49.7,13.26,-0.01,80.5,465.8,9.812
24.43,CARRY,5.11,-0.02,-9.58,6.62,-0.01,1,0,321.5,233.5,6.7,0.13,0.03,48.7,13.26,-0.01,80.8,465.3,9.688
24.48,CARRY,5.12,-0.02,-9.58,6.63,-0.01,1,0,321.5,234.0,6.2,0.12,0.03,49.8,13.26,-0.01,81.3,465.0,9.75
24.53,CARRY,5.12,-0.02,-9.58,6.65,-0.01,1,0,321.0,233.5,6.6,0.13,0.02,48.7,13.26,-0.01,81.6,464.6,9.812
24.58,CARRY,5.14,-0.02,-9.58,6.66,-0.01,1,0,321.0,234.0,6.1,0.12,0.02,50.9,13.26,-0.01,82.0,464.3,9.75
24.63,CARRY,5.14,-0.02,-9.58,6.67,-0.01,1,0,321.0,234.0,6.1,0.12,0.02,50.7,13.26,-0.01,82.8,464.3,9.812
24.68,CARRY,5.15,-0.02,-9.58,6.69,-0.01,1,0,321.0,234.0,6.1,0.12,0.02,51.1,13.26,-0.01,82.8,463.6,9.75
24.74,CARRY,5.15,-0.02,-9.58,6.7,-0.01,1,0,321.0,233.5,6.6,0.13,0.02,50.2,13.26,-0.01,83.0,463.1,9.75
24.79,CARRY,5.16,-0.02,-9.58,6.71,-0.01,1,0,321.0,234.0,6.1,0.12,0.02,51.0,13.26,-0.01,83.5,462.8,9.75
24.84,CARRY,5.16,-0.02,-9.58,6.72,-0.01,1,0,321.0,233.5,6.6,0.13,0.02,49.1,13.26,-0.01,83.8,462.4,9.688
24.89,CARRY,5.18,-0.02,-9.58,6.74,-0.01,1,0,321.0,234.0,6.1,0.12,0.02,49.9,13.26,-0.01,84.3,462.1,9.75
24.94,CARRY,5.18,-0.02,-9.58,6.75,-0.01,1,0,321.0,233.5,6.6,0.13,0.02,48.7,13.26,-0.01,84.5,461.6,9.688
24.99,CARRY,5.19,-0.02,-9.58,6.76,-0.01,1,0,321.0,234.0,6.1,0.12,0.02,50.3,13.26,-0.01,85.0,461.4,9.625
25.04,CARRY,5.19,-0.02,-9.58,6.77,-0.01,1,0,321.0,234.0,6.1,0.12,0.02,48.8,13.26,-0.01,85.7,461.4,9.625
25.09,CARRY,5.2,-0.02,-9.58,6.79,-0.01,1,0,321.0,234.0,6.1,0.12,0.02,50.0,13.26,-0.01,85.7,460.7,9.688
25.14,CARRY,5.21,-0.02,-9.58,6.8,-0.01,1,0,320.5,234.5,5.5,0.11,0.01,49.3,13.26,-0.01,86.3,460.5,9.625
25.19,CARRY,5.21,-0.02,-9.58,6.81,-0.01,1,0,321.0,234.0,6.1,0.12,0.02,51.2,13.26,-0.01,86.5,459.9,9.562
25.24,CARRY,5.23,-0.02,-9.58,6.83,-0.01,1,0,321.0,234.5,5.6,0.11,0.02,50.3,13.26,-0.01,87.0,459.7,9.562
25.3,CARRY,5.23,-0.02,-9.58,6.84,-0.01,1,0,321.0,234.5,5.6,0.11,0.02,49.3,13.26,-0.01,87.7,459.7,9.5
25.35,CARRY,5.24,-0.02,-9.58,6.85,-0.01,1,0,321.0,234.5,5.6,0.11,0.02,49.5,13.26,-0.01,87.7,459.0,9.562
25.4,CARRY,5.24,-0.02,-9.58,6.86,-0.01,1,0,321.0,234.0,6.1,0.12,0.02,49.7,13.26,-0.01,88.0,458.5,9.5
25.45,CARRY,5.25,-0.02,-9.58,6.88,-0.01,1,0,321.0,234.5,5.6,0.11,0.02,49.4,13.26,-0.01,88.5,458.3,9.562
25.5,CARRY,5.25,-0.02,-9.58,6.89,-0.01,1,0,321.5,234.0,6.2,0.12,0.03,49.6,13.26,-0.01,88.7,457.7,9.562
25.55,CARRY,5.26,-0.02,-9.58,6.9,-0.01,1,0,321.5,234.5,5.7,0.11,0.03,50.2,13.26,-0.01,89.2,457.5,9.625
25.6,CARRY,5.26,-0.02,-9.58,6.91,-0.01,1,0,321.5,234.0,6.2,0.12,0.03,49.4,13.26,-0.01,89.4,457.0,9.625
25.65,CARRY,5.27,-0.02,-9.58,6.93,-0.01,1,0,321.0,234.5,5.6,0.11,0.02,48.3,13.26,-0.01,90.1,456.9,9.625
25.7,CARRY,5.27,-0.02,-9.58,6.94,-0.01,1,0,321.0,234.0,6.1,0.12,0.02,49.8,13.26,-0.01,90.3,456.4,9.75
25.75,CARRY,5.29,-0.02,-9.58,6.95,-0.01,1,0,321.0,234.0,6.1,0.12,0.02,48.6,13.26,-0.01,90.4,455.8,9.625
25.8,CARRY,5.29,-0.02,-9.58,6.96,-0.01,1,0,321.0,233.5,6.6,0.13,0.02,48.3,13.26,-0.01,90.6,455.3,9.562
25.85,CARRY,5.3,-0.02,-9.58,6.98,-0.01,1,0,321.0,234.0,6.1,0.12,0.02,50.2,13.26,-0.01,91.1,455.1,9.5
25.9,CARRY,5.3,-0.02,-9.58,6.99,-0.01,1,0,321.0,233.5,6.6,0.13,0.02,49.1,13.26,-0.01,91.4,454.6,9.438
25.95,CARRY,5.31,-0.02,-9.58,7.0,-0.01,1,0,321.0,233.0,7.1,0.14,0.02,48.3,13.26,-0.01,91.0,453.4,9.375
26.0,CARRY,5.31,-0.02,-9.58,7.01,-0.01,1,0,321.0,233.0,7.1,0.14,0.02,48.1,13.26,-0.01,91.7,453.4,9.438
26.05,CARRY,5.32,-0.01,-9.58,7.03,-0.01,1,0,321.0,233.5,6.6,0.13,0.02,49.5,13.26,-0.01,92.2,453.3,9.375
26.1,CARRY,5.32,-0.01,-9.58,7.04,-0.01,1,0,321.0,233.0,7.1,0.14,0.02,48.0,13.26,-0.01,92.5,452.8,9.312
26.15,CARRY,5.33,-0.01,-9.58,7.05,-0.01,1,0,321.0,233.5,6.6,0.13,0.02,48.8,13.26,-0.01,93.0,452.6,9.188
26.2,CARRY,5.33,-0.01,-9.58,7.06,-0.01,1,0,321.0,233.0,7.1,0.14,0.02,48.1,13.26,-0.01,93.2,452.1,9.25
26.25,CARRY,5.34,-0.01,-9.58,7.08,-0.01,1,0,320.5,234.0,6.0,0.12,0.01,48.9,13.26,-0.01,94.3,452.4,9.312
26.3,CARRY,5.34,-0.01,-9.58,7.09,-0.01,1,0,320.5,233.0,7.0,0.14,0.01,48.0,13.26,-0.01,94.0,451.4,9.312
26.35,CARRY,5.36,-0.01,-9.58,7.1,-0.01,1,0,320.5,233.0,7.0,0.14,0.01,48.8,13.26,-0.01,94.0,450.7,9.312
26.4,CARRY,5.36,-0.01,-9.58,7.11,-0.01,1,0,320.5,233.0,7.0,0.14,0.01,48.9,13.26,-0.01,94.7,450.7,9.25
26.45,CARRY,5.37,-0.01,-9.58,7.13,-0.01,1,0,320.5,233.5,6.5,0.13,0.01,49.2,13.26,-0.01,95.2,450.4,9.312
26.5,CARRY,5.37,-0.01,-9.58,7.14,-0.01,1,0,320.5,233.0,7.0,0.14,0.01,48.6,13.26,-0.01,95.4,449.9,9.25
26.55,CARRY,5.38,-0.01,-9.58,7.15,-0.01,1,0,320.5,233.5,6.5,0.13,0.01,50.1,13.26,-0.01,95.9,449.7,9.375
26.6,CARRY,5.38,-0.01,-9.58,7.17,-0.01,1,0,320.5,233.0,7.0,0.14,0.01,49.0,13.26,-0.01,96.1,449.2,9.438
26.65,CARRY,5.4,-0.01,-9.58,7.18,-0.01,1,0,320.5,233.5,6.5,0.13,0.01,49.9,13.26,-0.01,96.5,448.9,9.375
26.7,CARRY,5.4,-0.01,-9.58,7.19,-0.01,1,0,320.5,233.5,6.5,0.13,0.01,49.1,13.26,-0.01,97.3,448.9,9.312
26.75,CARRY,5.41,-0.01,-9.58,7.2,-0.01,1,0,320.5,233.5,6.5,0.13,0.01,50.0,13.26,-0.01,97.2,448.1,9.375
26.8,CARRY,5.41,-0.01,-9.58,7.22,-0.01,1,0,320.5,233.0,7.0,0.14,0.01,48.9,13.26,-0.01,97.4,447.6,9.438
26.85,CARRY,5.42,-0.01,-9.58,7.23,-0.01,1,0,320.0,233.5,6.5,0.13,0.0,49.3,13.26,-0.01,97.9,447.4,9.312
26.91,CARRY,5.42,-0.01,-9.58,7.24,-0.01,1,0,320.5,233.0,7.0,0.14,0.01,48.1,13.26,-0.01,98.1,446.8,9.312
26.96,CARRY,5.44,-0.01,-9.58,7.25,-0.01,1,0,320.0,233.5,6.5,0.13,0.0,48.8,13.26,-0.01,98.6,446.6,9.188
27.01,CARRY,5.44,-0.01,-9.58,7.27,-0.01,1,0,320.5,233.5,6.5,0.13,0.01,48.1,13.26,-0.01,99.3,446.5,9.125
27.06,CARRY,5.45,-0.01,-9.58,7.28,-0.01,1,0,320.0,234.0,6.0,0.12,0.0,50.0,13.26,-0.01,99.8,446.3,8.938
27.11,CARRY,5.45,-0.01,-9.58,7.29,-0.01,1,0,320.0,233.5,6.5,0.13,0.0,48.1,13.26,-0.01,100.0,445.8,9.0
27.16,CARRY,5.47,-0.01,-9.58,7.3,-0.01,1,0,320.0,233.5,6.5,0.13,0.0,49.1,13.26,-0.01,99.9,445.0,8.875
27.21,CARRY,5.47,-0.01,-9.58,7.32,-0.01,1,0,320.5,233.5,6.5,0.13,0.01,48.1,13.26,-0.01,100.6,444.9,8.688
27.26,CARRY,5.48,-0.01,-9.58,7.33,-0.01,1,0,320.5,233.5,6.5,0.13,0.01,48.9,13.26,-0.01,100.6,444.2,8.688
27.31,CARRY,5.48,-0.01,-9.58,7.34,-0.01,1,0,321.0,233.5,6.6,0.13,0.02,48.2,13.26,-0.01,101.2,444.1,8.562
27.36,CARRY,5.49,-0.01,-9.58,7.35,-0.01,1,0,321.0,234.0,6.1,0.12,0.02,49.9,13.26,-0.01,101.7,443.8,8.562
27.41,CARRY,5.49,-0.01,-9.58,7.37,-0.01,1,0,321.0,233.5,6.6,0.13,0.02,48.2,13.26,-0.01,101.9,443.3,8.438
27.46,CARRY,5.51,-0.01,-9.58,7.38,-0.01,1,0,321.0,234.0,6.1,0.12,0.02,48.8,13.26,-0.01,102.4,443.1,8.438
27.51,CARRY,5.51,-0.01,-9.58,7.39,-0.01,1,0,321.0,233.5,6.6,0.13,0.02,48.3,13.26,-0.01,102.6,442.6,8.5
27.56,CARRY,5.52,-0.01,-9.58,7.4,-0.01,1,0,321.0,234.0,6.1,0.12,0.02,48.7,13.26,-0.01,103.1,442.3,8.562
27.61,CARRY,5.52,-0.01,-9.58,7.42,-0.01,1,0,321.0,234.0,6.1,0.12,0.02,48.2,13.26,-0.01,103.8,442.3,8.625
27.66,CARRY,5.53,-0.01,-9.58,7.43,-0.01,1,0,320.5,234.0,6.0,0.12,0.01,49.6,13.26,-0.01,103.8,441.6,8.562
27.71,CARRY,5.53,-0.01,-9.58,7.44,-0.01,1,0,320.5,233.5,6.5,0.13,0.01,48.2,13.26,-0.01,104.1,441.1,8.625
27.76,CARRY,5.54,-0.01,-9.58,7.45,-0.01,1,0,320.5,234.0,6.0,0.12,0.01,48.7,13.26,-0.01,104.5,440.9,8.688
27.81,CARRY,5.54,-0.01,-9.58,7.47,-0.01,1,0,320.5,233.5,6.5,0.13,0.01,48.9,13.26,-0.01,104.8,440.4,8.75
27.86,CARRY,5.56,-0.01,-9.58,7.48,-0.01,1,0,320.5,234.0,6.0,0.12,0.01,49.7,13.26,-0.01,105.3,440.1,8.625
27.91,CARRY,5.56,-0.01,-9.58,7.49,-0.01,1,0,320.5,233.5,6.5,0.13,0.01,48.1,13.26,-0.01,105.5,439.6,8.625
27.96,CARRY,5.57,-0.01,-9.58,7.5,-0.01,1,0,320.5,234.0,6.0,0.12,0.01,50.2,13.26,-0.01,106.0,439.4,8.562
28.01,CARRY,5.57,-0.01,-9.58,7.52,-0.01,1,0,320.0,233.5,6.5,0.13,0.0,48.9,13.26,-0.01,106.3,439.0,8.438
28.06,CARRY,5.58,-0.01,-9.58,7.53,-0.01,1,0,320.0,233.5,6.5,0.13,0.0,48.9,13.26,-0.01,106.3,438.2,8.562
28.11,CARRY,5.58,-0.01,-9.58,7.54,-0.01,1,0,320.0,233.0,7.0,0.14,0.0,49.0,13.26,-0.01,106.5,437.7,8.312
28.16,CARRY,5.6,-0.01,-9.58,7.55,-0.01,1,0,320.0,233.5,6.5,0.13,0.0,48.9,13.26,-0.01,107.0,437.5,8.312
28.21,CARRY,5.6,-0.01,-9.58,7.57,-0.01,1,0,320.5,233.0,7.0,0.14,0.01,48.4,13.26,-0.01,107.1,436.9,8.125
28.26,CARRY,5.61,-0.01,-9.58,7.58,-0.01,1,0,320.0,233.5,6.5,0.13,0.0,49.4,13.26,-0.01,107.7,436.8,8.188
28.31,CARRY,5.61,-0.01,-9.58,7.59,-0.01,1,0,321.0,233.5,6.6,0.13,0.02,48.5,13.26,-0.01,108.3,436.6,8.0
28.36,CARRY,5.62,-0.01,-9.58,7.6,-0.01,1,0,320.5,234.0,6.0,0.12,0.01,48.4,13.26,-0.01,108.8,436.4,7.938
28.41,CARRY,5.62,-0.01,-9.58,7.62,-0.01,1,0,320.5,234.0,6.0,0.12,0.01,48.3,13.26,-0.01,109.6,436.4,7.75
28.46,CARRY,5.63,-0.01,-9.58,7.63,-0.01,1,0,320.5,234.0,6.0,0.12,0.01,48.4,13.26,-0.01,109.5,435.7,7.594
28.51,CARRY,5.63,-0.01,-9.58,7.64,-0.01,1,0,321.0,234.0,6.1,0.12,0.02,48.5,13.26,-0.01,110.2,435.6,7.656
28.56,CARRY,5.65,-0.01,-9.58,7.65,-0.01,1,0,321.0,234.5,5.6,0.11,0.02,50.3,13.26,-0.01,110.7,435.4,7.688
28.61,CARRY,5.65,-0.01,-9.58,7.67,-0.01,1,0,320.5,234.5,5.5,0.11,0.01,48.7,13.26,-0.01,111.5,435.5,7.594
28.66,CARRY,5.66,-0.01,-9.58,7.68,-0.01,1,0,320.5,235.0,5.0,0.1,0.01,48.5,13.26,-0.01,112.0,435.3,7.5
28.71,CARRY,5.66,-0.01,-9.58,7.69,-0.01,1,0,320.5,234.5,5.5,0.11,0.01,48.7,13.26,-0.01,112.2,434.8,7.25
28.76,CARRY,5.67,-0.01,-9.58,7.71,-0.01,1,0,320.5,234.5,5.5,0.11,0.01,48.5,13.26,-0.01,112.2,434.0,7.281
28.81,CARRY,5.67,-0.01,-9.58,7.72,-0.01,1,0,320.5,234.0,6.0,0.12,0.01,49.1,13.26,-0.01,112.5,433.5,7.125
28.86,CARRY,5.68,-0.01,-9.58,7.73,-0.01,1,0,320.5,234.5,5.5,0.11,0.01,50.6,13.26,-0.01,113.0,433.3,6.688
28.91,CARRY,5.68,-0.01,-9.58,7.74,-0.01,1,0,320.5,234.0,6.0,0.12,0.01,48.7,13.26,-0.01,113.2,432.8,6.719
28.96,CARRY,5.69,-0.01,-9.58,7.76,-0.01,1,0,320.5,234.5,5.5,0.11,0.01,48.6,13.26,-0.01,113.8,432.6,6.344
29.01,CARRY,5.69,-0.01,-9.58,7.77,-0.01,1,0,320.5,234.5,5.5,0.11,0.01,48.7,13.26,-0.01,114.5,432.6,6.25
29.06,CARRY,5.71,-0.01,-9.58,7.78,-0.01,1,0,320.5,234.5,5.5,0.11,0.01,48.7,13.26,-0.01,114.6,432.0,6.156
29.11,CARRY,5.71,-0.01,-9.58,7.79,-0.01,1,0,321.0,234.0,6.1,0.12,0.02,48.9,13.26,-0.01,114.7,431.4,5.781
29.16,CARRY,5.72,-0.02,-9.58,7.81,-0.01,1,0,321.0,234.5,5.6,0.11,0.02,50.7,13.26,-0.01,115.3,431.2,5.531
29.22,CARRY,5.72,-0.02,-9.58,7.82,-0.01,1,0,321.0,234.0,6.1,0.12,0.02,48.6,13.26,-0.01,115.5,430.8,5.125
29.27,CARRY,5.73,-0.02,-9.58,7.83,-0.01,1,0,321.0,234.0,6.1,0.12,0.02,48.9,13.26,-0.01,115.6,430.1,4.375
29.32,CARRY,5.73,-0.02,-9.58,7.84,-0.01,1,0,321.0,233.5,6.6,0.13,0.02,48.5,13.26,-0.01,115.8,429.6,3.734
29.37,CARRY,5.74,-0.02,-9.58,7.86,-0.01,1,0,321.0,233.5,6.6,0.13,0.02,48.7,13.26,-0.01,115.9,429.0,3.609
29.42,CARRY,5.74,-0.02,-9.58,7.87,-0.01,1,0,,,,0.233,0.025,48.5,13.26,-0.01,,,-0.494
29.47,CARRY,5.75,-0.02,-9.58,7.88,-0.01,1,0,,,,0.234,0.025,50.6,13.26,-0.01,,,-2.516
29.52,CARRY,5.75,-0.02,-9.58,7.89,-0.01,1,0,,,,0.24,0.025,48.7,13.26,-0.01,,,-2.844
29.57,CARRY,5.76,-0.02,-9.58,7.91,-0.01,1,0,,,,0.241,0.025,48.5,13.26,-0.01,,,-3.281
29.62,CARRY,5.76,-0.02,-9.58,7.92,-0.01,1,0,,,,0.247,0.025,48.2,13.26,-0.01,,,-3.453
29.67,CARRY,5.78,-0.02,-9.58,7.93,-0.01,1,0,,,,0.247,0.025,48.7,13.26,-0.01,,,-3.375
29.72,CARRY,5.78,-0.02,-9.58,7.94,-0.01,1,0,,,,0.253,0.025,48.2,13.26,-0.01,,,-2.828
29.77,CARRY,5.79,-0.02,-9.58,7.96,-0.01,1,0,,,,0.252,0.025,49.4,13.26,-0.01,,,-2.797
29.82,CARRY,5.79,-0.02,-9.58,7.97,-0.01,1,0,,,,0.258,0.026,48.3,13.26,-0.01,,,-3.062
29.87,CARRY,5.8,-0.02,-9.58,7.98,-0.01,1,0,,,,0.257,0.025,48.6,13.26,-0.01,,,-2.891
29.92,CARRY,5.8,-0.02,-9.58,7.99,-0.01,1,0,,,,0.263,0.026,48.1,13.26,-0.01,,,-3.203
29.97,CARRY,5.82,-0.02,-9.58,8.01,-0.01,1,0,,,,0.26,0.026,48.3,13.26,-0.01,,,-3.203
30.02,CARRY,5.82,-0.02,-9.58,8.02,-0.01,1,1,,,,0.266,0.026,48.1,13.26,-0.01,,,-3.375
30.07,CARRY,5.84,-0.02,-9.58,8.03,-0.01,1,1,,,,0.262,0.026,50.9,13.26,-0.01,,,-3.547
30.12,CARRY,5.84,-0.02,-9.58,8.04,-0.01,1,1,,,,0.269,0.026,49.2,13.26,-0.01,,,-3.531
30.17,CARRY,5.86,-0.02,-9.58,8.06,-0.01,1,1,,,,0.264,0.026,49.2,13.26,-0.01,,,-3.297
30.22,CARRY,5.86,-0.02,-9.58,8.07,-0.01,1,1,,,,0.27,0.026,47.4,13.26,-0.01,,,-3.328
30.27,CARRY,5.89,-0.02,-9.58,8.08,-0.01,1,1,,,,0.265,0.026,49.0,13.26,-0.01,,,-3.469
30.32,CARRY,5.89,-0.02,-9.58,8.09,-0.01,1,1,,,,0.271,0.026,47.9,13.26,-0.01,,,-3.406
30.37,CARRY,5.91,-0.03,-9.58,8.11,-0.01,1,1,,,,0.266,0.026,51.1,13.26,-0.01,,,-3.312
30.42,CARRY,5.91,-0.03,-9.58,8.12,-0.01,1,1,,,,0.272,0.026,48.5,13.26,-0.01,,,-3.25
30.47,CARRY,5.93,-0.03,-9.58,8.13,-0.01,1,1,,,,0.266,0.026,49.3,13.26,-0.01,,,-2.891
30.52,CARRY,5.93,-0.03,-9.58,8.15,-0.01,1,1,,,,0.272,0.026,48.2,13.26,-0.01,,,-2.891
30.57,CARRY,5.96,-0.03,-9.58,8.16,-0.01,1,1,,,,0.266,0.026,51.0,13.26,-0.01,,,-3.172
30.63,CARRY,5.96,-0.03,-9.58,8.17,-0.01,1,1,,,,0.272,0.026,50.5,13.26,-0.01,,,-3.219
30.68,CARRY,5.98,-0.03,-9.58,8.18,-0.01,1,1,,,,0.266,0.025,52.6,13.26,-0.01,,,-3.484
30.73,CARRY,5.98,-0.03,-9.58,8.2,-0.01,1,1,,,,0.272,0.026,48.8,13.26,-0.01,,,-3.469
30.78,CARRY,6.01,-0.03,-9.58,8.21,-0.01,1,1,,,,0.266,0.025,48.5,13.26,-0.01,,,-3.609
30.83,CARRY,6.01,-0.03,-9.58,8.22,-0.01,1,1,,,,0.272,0.026,49.4,13.26,-0.01,,,-3.531
30.88,CARRY,6.04,-0.03,-9.58,8.23,-0.01,1,1,,,,0.265,0.025,48.5,13.26,-0.01,,,-3.562
30.93,CARRY,6.04,-0.03,-9.58,8.25,-0.01,1,1,,,,0.271,0.025,48.2,13.26,-0.01,,,-3.547
30.98,CARRY,6.06,-0.03,-9.58,8.26,-0.01,1,1,,,,0.264,0.025,48.3,13.26,-0.01,,,-3.156
31.03,CARRY,6.06,-0.03,-9.58,8.27,-0.01,1,1,,,,0.27,0.025,48.2,13.26,-0.01,,,-3.203
31.08,CARRY,6.09,-0.03,-9.58,8.28,-0.01,1,1,,,,0.263,0.024,48.3,13.26,-0.01,,,-3.172
31.13,CARRY,6.09,-0.03,-9.58,8.3,-0.01,1,1,,,,0.269,0.025,48.1,13.26,-0.01,,,-3.234
31.18,CARRY,6.11,-0.04,-9.58,8.31,-0.01,1,1,,,,0.262,0.024,48.6,13.26,-0.01,,,-3.141
31.23,CARRY,6.11,-0.04,-9.58,8.32,-0.01,1,1,,,,0.268,0.024,50.5,13.26,-0.01,,,-3.156
31.28,CARRY,6.14,-0.04,-9.58,8.34,-0.01,1,1,,,,0.262,0.023,48.6,13.26,-0.01,,,-3.719
31.33,CARRY,6.14,-0.04,-9.58,8.35,-0.01,1,1,,,,0.268,0.024,51.6,13.26,-0.01,,,-3.688
31.38,CARRY,6.17,-0.04,-9.58,8.36,-0.01,1,1,,,,0.261,0.023,48.6,13.26,-0.01,,,-4.031
31.44,CARRY,6.17,-0.04,-9.58,8.37,-0.01,1,1,,,,0.267,0.023,50.2,13.26,-0.01,,,-3.906
31.49,CARRY,6.19,-0.04,-9.58,8.39,-0.01,1,1,,,,0.26,0.022,48.4,13.26,-0.01,,,-3.719
31.54,CARRY,6.19,-0.04,-9.58,8.4,-0.01,1,1,,,,0.266,0.023,49.3,13.26,-0.01,,,-3.719
31.59,CARRY,6.22,-0.04,-9.58,8.41,-0.01,1,1,,,,0.259,0.022,52.0,13.26,-0.01,,,-3.75
31.64,CARRY,6.25,-0.04,-9.58,8.42,-0.01,1,1,,,,0.252,0.021,52.3,13.26,-0.01,,,-3.844
31.69,CARRY,6.25,-0.04,-9.58,8.44,-0.01,1,1,,,,0.259,0.021,48.7,13.26,-0.01,,,-3.844
31.74,CARRY,6.27,-0.04,-9.58,8.45,-0.01,1,1,,,,0.252,0.02,52.3,13.26,-0.01,,,-4.031
31.8,CARRY,6.27,-0.04,-9.58,8.46,-0.01,1,1,,,,0.258,0.021,60.5,13.26,-0.01,,,-4.0
31.86,CARRY,6.3,-0.04,-9.58,8.48,-0.01,1,1,,,,0.253,0.02,49.9,13.26,-0.01,,,-3.656
31.91,CARRY,6.3,-0.04,-9.58,8.49,-0.01,1,1,,,,0.259,0.02,47.3,13.26,-0.01,,,-3.672
31.96,CARRY,6.33,-0.04,-9.58,8.5,-0.01,1,1,,,,0.252,0.019,52.8,13.26,-0.01,,,-3.453
32.01,CARRY,6.33,-0.04,-9.58,8.52,-0.01,1,1,,,,0.258,0.02,48.9,13.26,-0.01,,,-3.609
32.06,CARRY,6.35,-0.04,-9.58,8.53,-0.01,1,1,,,,0.252,0.019,50.3,13.26,-0.01,,,-3.594
32.11,CARRY,6.35,-0.04,-9.58,8.54,-0.01,1,1,,,,0.258,0.019,50.7,13.26,-0.01,,,-3.672
32.16,CARRY,6.38,-0.04,-9.58,8.56,-0.01,1,1,,,,0.251,0.018,49.8,13.26,-0.01,,,-3.578
32.22,CARRY,6.38,-0.04,-9.58,8.57,-0.01,1,1,,,,0.258,0.018,49.2,13.26,-0.01,,,-3.625
32.27,CARRY,6.4,-0.04,-9.58,8.58,-0.01,1,1,,,,0.251,0.017,50.9,13.26,-0.01,,,-3.938
32.32,CARRY,6.4,-0.04,-9.58,8.59,-0.01,1,1,,,,0.257,0.018,50.1,13.26,-0.01,,,-3.875
32.37,REGROUND,6.43,-0.04,-9.58,8.61,-0.01,1,1,,,,0.25,0.017,51.3,13.26,-0.01,,,-3.734
32.42,REGROUND,6.43,-0.04,-9.58,8.62,-0.01,1,1,,,,0.257,0.017,3.2,13.26,-0.01,,,
32.47,REGROUND,6.46,-0.04,-9.58,8.63,-0.01,1,1,,,,0.25,0.016,1.6,13.26,-0.01,,,
32.52,REGROUND,6.46,-0.04,-9.58,8.64,-0.01,1,1,,,,0.256,0.017,1.0,13.26,-0.01,,,
32.57,REGROUND,6.48,-0.04,-9.58,8.66,-0.01,1,1,,,,0.25,0.016,1.7,13.26,-0.01,,,
32.62,REGROUND,6.48,-0.04,-9.58,8.67,-0.01,1,1,,,,0.256,0.016,1.0,13.26,-0.01,,,
32.67,REGROUND,6.51,-0.04,-9.58,8.68,-0.01,1,1,,,,0.249,0.015,1.8,13.26,-0.01,,,
32.72,REGROUND,6.51,-0.04,-9.58,8.69,-0.01,1,1,,,,0.255,0.016,1.0,13.26,-0.01,,,
32.77,REGROUND,6.53,-0.05,-9.58,8.71,-0.01,1,1,,,,0.249,0.015,1.6,13.26,-0.01,,,
32.82,REGROUND,6.53,-0.05,-9.58,8.72,-0.01,1,1,,,,0.255,0.015,1.0,13.26,-0.01,,,
32.87,REGROUND,6.56,-0.05,-9.58,8.73,-0.01,1,1,,,,0.248,0.014,1.6,13.26,-0.01,,,
32.92,REGROUND,6.56,-0.05,-9.58,8.74,-0.01,1,1,,,,0.254,0.015,1.0,13.26,-0.01,,,
32.97,REGROUND,6.58,-0.05,-9.58,8.76,-0.01,1,1,,,,0.248,0.014,1.9,13.26,-0.01,,,
33.02,REGROUND,6.58,-0.05,-9.58,8.77,-0.01,1,1,,,,0.254,0.015,1.1,13.26,-0.01,,,
33.07,REGROUND,6.61,-0.05,-9.58,8.78,-0.01,1,1,,,,0.247,0.014,1.7,13.26,-0.01,,,
33.12,REGROUND,6.61,-0.05,-9.58,8.79,-0.01,1,1,,,,0.253,0.014,1.1,13.26,-0.01,,,
33.17,REGROUND,6.64,-0.05,-9.58,8.81,-0.01,1,1,,,,0.246,0.014,1.7,13.26,-0.01,,,
33.22,REGROUND,6.64,-0.05,-9.58,8.82,-0.01,1,1,,,,0.252,0.014,1.1,13.26,-0.01,,,
33.27,REGROUND,6.66,-0.05,-9.58,8.83,-0.01,1,1,,,,0.246,0.014,1.7,13.26,-0.01,,,
33.32,REGROUND,6.66,-0.05,-9.58,8.85,-0.01,1,1,,,,0.252,0.014,1.0,13.26,-0.01,,,
33.37,REGROUND,6.69,-0.05,-9.58,8.86,-0.01,1,1,,,,0.245,0.014,1.7,13.26,-0.01,,,
33.42,REGROUND,6.69,-0.05,-9.58,8.87,-0.01,1,1,,,,0.251,0.014,1.0,13.26,-0.01,,,
33.47,REGROUND,6.71,-0.05,-9.58,8.88,-0.01,1,1,,,,0.245,0.014,1.6,13.26,-0.01,,,
33.52,REGROUND,6.71,-0.05,-9.58,8.9,-0.01,1,1,,,,0.251,0.014,1.0,13.26,-0.01,,,
33.57,REGROUND,6.74,-0.06,-9.58,8.91,-0.01,1,1,,,,0.244,0.014,1.6,13.26,-0.01,,,
33.62,REGROUND,6.74,-0.06,-9.58,8.92,-0.01,1,1,,,,0.25,0.014,1.0,13.26,-0.01,,,
33.67,REGROUND,6.76,-0.06,-9.58,8.93,-0.01,1,1,,,,0.244,0.014,1.8,13.26,-0.01,,,
33.72,REGROUND,6.76,-0.06,-9.58,8.95,-0.01,1,1,,,,0.25,0.014,0.8,13.26,-0.01,,,
33.77,REGROUND,6.79,-0.06,-9.58,8.96,-0.01,1,1,,,,0.243,0.014,1.7,13.26,-0.01,,,
33.82,REGROUND,6.79,-0.06,-9.58,8.97,-0.01,1,1,,,,0.249,0.014,1.1,13.26,-0.01,,,
33.87,REGROUND,6.81,-0.06,-9.58,8.98,-0.01,1,1,,,,0.243,0.014,1.7,13.26,-0.01,,,
33.92,REGROUND,6.81,-0.06,-9.58,9.0,-0.01,1,1,,,,0.249,0.015,1.0,13.26,-0.01,,,
33.97,REGROUND,6.84,-0.06,-9.58,9.01,-0.01,1,1,,,,0.243,0.014,1.5,13.26,-0.01,,,
34.02,REGROUND,6.84,-0.06,-9.58,9.02,-0.01,1,1,,,,0.249,0.015,1.0,13.26,-0.01,,,
34.07,REGROUND,6.86,-0.07,-9.58,9.03,-0.01,1,1,,,,0.243,0.015,1.7,13.26,-0.01,,,
34.12,REGROUND,6.86,-0.07,-9.58,9.05,-0.01,1,1,,,,0.249,0.015,1.0,13.26,-0.01,,,
34.17,REGROUND,6.89,-0.07,-9.58,9.06,-0.01,1,1,,,,0.242,0.015,1.7,13.26,-0.01,,,
34.22,REGROUND,6.89,-0.07,-9.58,9.07,-0.01,1,1,,,,0.249,0.015,1.1,13.26,-0.01,,,
34.27,REGROUND,6.91,-0.07,-9.58,9.08,-0.01,1,1,,,,0.242,0.015,1.6,13.26,-0.01,,,
34.32,REGROUND,6.91,-0.07,-9.58,9.1,-0.01,1,1,,,,0.249,0.016,1.0,13.26,-0.01,,,
34.37,REGROUND,6.94,-0.07,-9.58,9.11,-0.01,1,1,,,,0.242,0.016,1.5,13.26,-0.01,,,
34.42,REGROUND,6.94,-0.07,-9.58,9.12,-0.01,1,1,,,,0.248,0.016,1.0,13.26,-0.01,,,
34.47,REGROUND,6.96,-0.07,-9.58,9.13,-0.01,1,1,,,,0.242,0.016,1.7,13.26,-0.01,,,
34.52,REGROUND,6.96,-0.07,-9.58,9.15,-0.01,1,1,,,,0.248,0.016,1.1,13.26,-0.01,,,
34.57,REGROUND,6.99,-0.08,-9.58,9.16,-0.01,1,1,,,,0.242,0.016,1.7,13.26,-0.01,,,
34.62,REGROUND,6.99,-0.08,-9.58,9.17,-0.01,1,1,,,,0.248,0.016,1.1,13.26,-0.01,,,
34.67,REGROUND,7.01,-0.08,-9.58,9.18,-0.01,1,1,,,,0.242,0.016,1.7,13.26,-0.01,,,
34.72,REGROUND,7.01,-0.08,-9.58,9.2,-0.01,1,1,,,,0.248,0.016,1.1,13.26,-0.01,,,
34.77,REGROUND,7.04,-0.08,-9.58,9.21,-0.01,1,1,,,,0.242,0.016,3.8,13.26,-0.01,,,
34.82,REGROUND,7.04,-0.08,-9.58,9.22,-0.01,1,1,,,,0.248,0.017,1.1,13.26,-0.01,,,
34.87,REGROUND,7.06,-0.08,-9.58,9.23,-0.01,1,1,,,,0.241,0.016,1.7,13.26,-0.01,,,
34.92,REGROUND,7.06,-0.08,-9.58,9.25,-0.01,1,1,,,,0.248,0.017,1.0,13.26,-0.01,,,
34.97,REGROUND,7.09,-0.08,-9.58,9.26,-0.01,1,1,,,,0.241,0.016,1.7,13.26,-0.01,,,
35.02,REGROUND,7.09,-0.08,-9.58,9.27,-0.01,1,0,,,,0.247,0.017,1.0,13.26,-0.01,,,
35.07,REGROUND,7.11,-0.09,-9.58,9.28,-0.01,1,0,,,,0.241,0.016,1.5,13.26,-0.01,,,
35.12,REGROUND,7.11,-0.09,-9.58,9.3,-0.01,1,0,,,,0.247,0.017,1.0,13.26,-0.01,,,
35.17,REGROUND,7.14,-0.09,-9.58,9.31,-0.01,1,0,,,,0.241,0.016,1.6,13.26,-0.01,,,
35.22,REGROUND,7.14,-0.09,-9.58,9.32,-0.01,1,0,,,,0.247,0.017,1.0,13.26,-0.01,,,
35.27,REGROUND,7.16,-0.09,-9.58,9.33,-0.01,1,0,,,,0.241,0.016,1.6,13.26,-0.01,,,
35.32,REGROUND,7.16,-0.09,-9.58,9.35,-0.01,1,0,,,,0.247,0.017,1.1,13.26,-0.01,,,
35.37,REGROUND,7.19,-0.09,-9.58,9.36,-0.01,1,0,,,,0.24,0.016,1.7,13.26,-0.01,,,
35.42,REGROUND,7.19,-0.09,-9.58,9.37,-0.01,1,0,,,,0.246,0.016,1.1,13.26,-0.01,,,
35.47,REGROUND,7.21,-0.09,-9.58,9.38,-0.01,1,0,,,,0.24,0.016,1.7,13.26,-0.01,,,
35.52,REGROUND,7.21,-0.09,-9.58,9.4,-0.01,1,0,,,,0.246,0.016,1.0,13.26,-0.01,,,
35.58,REGROUND,7.23,-0.09,-9.58,9.41,-0.01,1,0,,,,0.24,0.016,1.7,13.26,-0.01,,,
35.63,REGROUND,7.23,-0.09,-9.58,9.42,-0.01,1,0,,,,0.246,0.016,1.1,13.26,-0.01,,,
35.68,REGROUND,7.26,-0.09,-9.58,9.43,-0.01,1,0,,,,0.24,0.016,1.8,13.26,-0.01,,,
35.73,REGROUND,7.26,-0.09,-9.58,9.45,-0.01,1,0,,,,0.246,0.016,1.0,13.26,-0.01,,,
35.78,REGROUND,7.28,-0.09,-9.58,9.46,-0.01,1,0,,,,0.24,0.016,1.6,13.26,-0.01,,,
35.83,REGROUND,7.28,-0.09,-9.58,9.47,-0.01,1,0,,,,0.247,0.016,1.0,13.26,-0.01,,,
35.88,REGROUND,7.31,-0.1,-9.58,9.48,-0.01,1,0,,,,0.241,0.015,1.6,13.26,-0.01,,,
35.93,REGROUND,7.31,-0.1,-9.58,9.5,-0.01,1,0,,,,0.247,0.016,1.0,13.26,-0.01,,,
35.98,REGROUND,7.33,-0.1,-9.58,9.51,-0.01,1,0,,,,0.241,0.015,1.7,13.26,-0.01,,,
36.03,REGROUND,7.33,-0.1,-9.58,9.52,-0.01,1,0,,,,0.247,0.016,1.1,13.26,-0.01,,,
36.08,REGROUND,7.36,-0.1,-9.58,9.53,-0.01,1,0,,,,0.241,0.015,1.5,13.26,-0.01,,,
36.13,REGROUND,7.36,-0.1,-9.58,9.55,-0.01,1,0,,,,0.247,0.016,1.1,13.26,-0.01,,,
36.18,REGROUND,7.38,-0.1,-9.58,9.56,-0.01,1,0,,,,0.241,0.015,1.7,13.26,-0.01,,,
36.23,REGROUND,7.38,-0.1,-9.58,9.57,-0.01,1,0,,,,0.247,0.015,1.0,13.26,-0.01,,,
36.28,REGROUND,7.41,-0.1,-9.58,9.58,-0.01,1,0,,,,0.241,0.015,1.7,13.26,-0.01,,,
36.33,REGROUND,7.41,-0.1,-9.58,9.6,-0.01,1,0,,,,0.247,0.015,1.0,13.26,-0.01,,,
36.38,REGROUND,7.43,-0.1,-9.58,9.61,-0.01,1,0,,,,0.241,0.015,1.7,13.26,-0.01,,,
36.43,REGROUND,7.43,-0.1,-9.58,9.62,-0.01,1,0,,,,0.247,0.015,1.0,13.26,-0.01,,,
36.48,REGROUND,7.45,-0.1,-9.58,9.63,-0.01,1,0,,,,0.241,0.015,1.7,13.26,-0.01,,,
36.53,REGROUND,7.45,-0.1,-9.58,9.65,-0.01,1,0,,,,0.247,0.015,1.0,13.26,-0.01,,,
36.58,REGROUND,7.48,-0.11,-9.58,9.66,-0.01,1,0,,,,0.241,0.015,1.7,13.26,-0.01,,,
36.63,REGROUND,7.48,-0.11,-9.58,9.67,-0.01,1,0,,,,0.247,0.015,1.1,13.26,-0.01,,,
36.68,REGROUND,7.5,-0.11,-9.58,9.68,-0.01,1,0,,,,0.241,0.015,1.6,13.26,-0.01,,,
36.73,REGROUND,7.5,-0.11,-9.58,9.7,-0.01,1,0,,,,0.247,0.015,1.0,13.26,-0.01,,,
36.78,REGROUND,7.53,-0.11,-9.58,9.71,-0.01,1,0,,,,0.241,0.015,1.7,13.26,-0.01,,,
36.83,REGROUND,7.53,-0.11,-9.58,9.72,-0.01,1,0,,,,0.248,0.015,1.1,13.26,-0.01,,,
36.88,REGROUND,7.55,-0.11,-9.58,9.73,-0.01,1,0,,,,0.242,0.015,1.7,13.26,-0.01,,,
36.93,REGROUND,7.55,-0.11,-9.58,9.75,-0.01,1,0,,,,0.248,0.015,1.1,13.26,-0.01,,,
36.98,REGROUND,7.58,-0.11,-9.58,9.76,-0.01,1,0,,,,0.242,0.015,1.6,13.26,-0.01,,,
37.03,REGROUND,7.58,-0.11,-9.58,9.77,-0.01,1,0,,,,0.248,0.015,1.0,13.26,-0.01,,,
37.08,REGROUND,7.6,-0.11,-9.58,9.78,-0.01,1,0,,,,0.242,0.015,1.7,13.26,-0.01,,,
37.13,REGROUND,7.6,-0.11,-9.58,9.8,-0.01,1,0,,,,0.248,0.015,3.1,13.26,-0.01,,,
37.18,REGROUND,7.62,-0.12,-9.58,9.81,-0.01,1,0,,,,0.242,0.015,1.7,13.26,-0.01,,,
37.23,REGROUND,7.62,-0.12,-9.58,9.82,-0.01,1,0,,,,0.248,0.015,0.8,13.26,-0.01,,,
37.28,REGROUND,7.65,-0.12,-9.58,9.83,-0.01,1,0,,,,0.242,0.015,1.7,13.26,-0.01,,,
37.33,REGROUND,7.65,-0.12,-9.58,9.85,-0.01,1,0,,,,0.248,0.016,1.0,13.26,-0.01,,,
37.38,REGROUND,7.67,-0.12,-9.58,9.86,-0.01,1,0,,,,0.241,0.015,1.7,13.26,-0.01,,,
37.43,REGROUND,7.67,-0.12,-9.58,9.87,-0.01,1,0,,,,0.248,0.016,1.0,13.26,-0.01,,,
37.48,REGROUND,7.7,-0.12,-9.58,9.88,-0.01,1,0,,,,0.241,0.016,1.7,13.26,-0.01,,,
37.53,REGROUND,7.7,-0.12,-9.58,9.9,-0.01,1,0,,,,0.248,0.016,1.1,13.26,-0.01,,,
37.58,REGROUND,7.72,-0.12,-9.58,9.91,-0.01,1,0,,,,0.241,0.016,1.6,13.26,-0.01,,,
37.63,REGROUND,7.72,-0.12,-9.58,9.92,-0.01,1,0,,,,0.247,0.016,1.2,13.26,-0.01,,,
37.68,REGROUND,7.75,-0.12,-9.58,9.93,-0.01,1,0,,,,0.241,0.016,1.8,13.26,-0.01,,,
37.73,REGROUND,7.75,-0.12,-9.58,9.95,-0.01,1,0,,,,0.247,0.016,1.1,13.26,-0.01,,,
37.78,REGROUND,7.77,-0.13,-9.58,9.96,-0.01,1,0,,,,0.241,0.016,1.7,13.26,-0.01,,,
37.83,REGROUND,7.77,-0.13,-9.58,9.97,-0.01,1,0,,,,0.247,0.016,1.0,13.26,-0.01,,,
37.88,REGROUND,7.8,-0.13,-9.58,9.98,-0.01,1,0,,,,0.241,0.016,1.7,13.26,-0.01,,,
37.93,REGROUND,7.8,-0.13,-9.58,10.0,-0.01,1,0,,,,0.248,0.016,1.0,13.26,-0.01,,,
37.98,REGROUND,7.82,-0.13,-9.58,10.01,-0.01,1,0,,,,0.241,0.016,1.7,13.26,-0.01,,,
38.03,REGROUND,7.82,-0.13,-9.58,10.02,-0.01,1,0,,,,0.247,0.016,1.0,13.26,-0.01,,,
38.08,REGROUND,7.84,-0.13,-9.58,10.03,-0.01,1,0,,,,0.241,0.016,1.6,13.26,-0.01,,,
38.13,REGROUND,7.84,-0.13,-9.58,10.05,-0.01,1,0,,,,0.248,0.016,1.0,13.26,-0.01,,,
38.18,REGROUND,7.87,-0.13,-9.58,10.06,-0.01,1,0,,,,0.241,0.016,1.7,13.26,-0.01,,,
38.23,REGROUND,7.87,-0.13,-9.58,10.07,-0.01,1,0,,,,0.248,0.016,1.1,13.26,-0.01,,,
38.28,REGROUND,7.89,-0.13,-9.58,10.08,-0.01,1,0,,,,0.241,0.016,1.7,13.26,-0.01,,,
38.33,REGROUND,7.89,-0.13,-9.58,10.1,-0.01,1,0,,,,0.248,0.016,1.1,13.26,-0.01,,,
38.38,REGROUND,7.92,-0.14,-9.58,10.11,-0.01,1,0,,,,0.241,0.016,1.7,13.26,-0.01,,,
38.43,REGROUND,7.92,-0.14,-9.58,10.12,-0.01,1,0,,,,0.247,0.016,1.1,13.26,-0.01,,,
38.48,REGROUND,7.94,-0.14,-9.58,10.13,-0.01,1,0,,,,0.241,0.016,1.7,13.26,-0.01,,,
38.53,REGROUND,7.94,-0.14,-9.58,10.15,-0.01,1,0,,,,0.248,0.016,1.0,13.26,-0.01,,,
38.58,REGROUND,7.97,-0.14,-9.58,10.16,-0.01,1,0,,,,0.241,0.016,1.7,13.26,-0.01,,,
38.63,REGROUND,7.97,-0.14,-9.58,10.17,-0.01,1,0,,,,0.247,0.016,1.1,13.26,-0.01,,,
38.68,REGROUND,7.99,-0.14,-9.58,10.18,-0.01,1,0,,,,0.241,0.016,1.7,13.26,-0.01,,,
38.73,REGROUND,7.99,-0.14,-9.58,10.2,-0.01,1,0,,,,0.248,0.016,1.0,13.26,-0.01,,,
38.78,REGROUND,8.02,-0.14,-9.58,10.21,-0.01,1,0,,,,0.241,0.016,1.6,13.26,-0.01,,,
38.83,REGROUND,8.02,-0.14,-9.58,10.22,-0.01,1,0,,,,0.247,0.016,1.0,13.26,-0.01,,,
38.88,REGROUND,8.04,-0.14,-9.58,10.23,-0.01,1,0,,,,0.241,0.016,1.5,13.26,-0.01,,,
38.93,REGROUND,8.04,-0.14,-9.58,10.25,-0.01,1,0,,,,0.248,0.016,1.0,13.26,-0.01,,,
38.98,REGROUND,8.07,-0.14,-9.58,10.26,-0.01,1,0,,,,0.241,0.016,1.5,13.26,-0.01,,,
39.03,REGROUND,8.07,-0.14,-9.58,10.27,-0.01,1,0,,,,0.247,0.016,1.1,13.26,-0.01,,,
39.08,REGROUND,8.09,-0.15,-9.58,10.28,-0.01,1,0,,,,0.241,0.016,1.7,13.26,-0.01,,,
39.13,REGROUND,8.09,-0.15,-9.58,10.3,-0.01,1,0,,,,0.248,0.016,1.1,13.26,-0.01,,,
39.18,REGROUND,8.11,-0.15,-9.58,10.31,-0.01,1,0,,,,0.241,0.016,1.8,13.26,-0.01,,,
39.23,REGROUND,8.11,-0.15,-9.58,10.32,-0.01,1,0,,,,0.247,0.016,1.1,13.26,-0.01,,,
39.28,REGROUND,8.14,-0.15,-9.58,10.33,-0.01,1,0,,,,0.242,0.016,1.7,13.26,-0.01,,,
39.33,REGROUND,8.14,-0.15,-9.58,10.35,-0.01,1,0,,,,0.248,0.016,1.1,13.26,-0.01,,,
39.38,REGROUND,8.16,-0.15,-9.58,10.36,-0.01,1,0,,,,0.242,0.016,3.8,13.26,-0.01,,,
39.43,REGROUND,8.16,-0.15,-9.58,10.37,-0.01,1,0,,,,0.248,0.016,1.0,13.26,-0.01,,,
39.48,REGROUND,8.19,-0.15,-9.58,10.38,-0.01,1,0,,,,0.242,0.016,1.7,13.26,-0.01,,,
39.53,REGROUND,8.19,-0.15,-9.58,10.4,-0.01,1,0,,,,0.248,0.016,1.0,13.26,-0.01,,,
39.58,REGROUND,8.21,-0.15,-9.58,10.41,-0.01,1,0,,,,0.242,0.016,1.7,13.26,-0.01,,,
39.63,REGROUND,8.21,-0.15,-9.58,10.42,-0.01,1,0,,,,0.248,0.016,1.1,13.26,-0.01,,,
39.68,REGROUND,8.24,-0.16,-9.58,10.43,-0.01,1,0,,,,0.242,0.016,1.7,13.26,-0.01,,,
39.73,REGROUND,8.24,-0.16,-9.58,10.45,-0.01,1,0,,,,0.248,0.016,1.1,13.26,-0.01,,,
39.78,REGROUND,8.26,-0.16,-9.58,10.46,-0.01,1,0,,,,0.242,0.016,1.7,13.26,-0.01,,,
39.83,REGROUND,8.26,-0.16,-9.58,10.47,-0.01,1,0,,,,0.248,0.017,1.1,13.26,-0.01,,,
39.88,REGROUND,8.28,-0.16,-9.58,10.48,-0.01,1,0,,,,0.242,0.016,1.5,13.26,-0.01,,,
39.93,REGROUND,8.28,-0.16,-9.58,10.5,-0.01,1,0,,,,0.248,0.017,1.1,13.26,-0.01,,,
39.98,REGROUND,8.31,-0.16,-9.58,10.51,-0.01,1,0,,,,0.242,0.017,1.6,13.26,-0.01,,,
40.03,REGROUND,8.31,-0.16,-9.58,10.52,-0.01,1,0,,,,0.248,0.017,1.0,13.26,-0.01,,,
40.08,REGROUND,8.33,-0.16,-9.58,10.53,-0.01,1,0,,,,0.242,0.017,1.5,13.26,-0.01,,,
40.13,REGROUND,8.33,-0.16,-9.58,10.55,-0.01,1,0,,,,0.248,0.017,1.0,13.26,-0.01,,,
40.18,REGROUND,8.36,-0.16,-9.58,10.56,-0.01,1,0,,,,0.242,0.017,1.7,13.26,-0.01,,,
40.23,REGROUND,8.36,-0.16,-9.58,10.57,-0.01,1,0,,,,0.248,0.017,1.0,13.26,-0.01,,,
40.28,REGROUND,8.38,-0.17,-9.58,10.58,-0.01,1,0,,,,0.242,0.017,1.5,13.26,-0.01,,,
40.33,REGROUND,8.38,-0.17,-9.58,10.6,-0.01,1,0,,,,0.248,0.017,1.0,13.26,-0.01,,,
40.38,REGROUND,8.41,-0.17,-9.58,10.61,-0.01,1,0,,,,0.242,0.017,1.6,13.26,-0.01,,,
40.43,REGROUND,8.41,-0.17,-9.58,10.62,-0.01,1,0,,,,0.248,0.017,1.0,13.26,-0.01,,,
40.48,REGROUND,8.43,-0.17,-9.58,10.63,-0.01,1,0,,,,0.242,0.017,1.7,13.26,-0.01,,,
40.53,REGROUND,8.43,-0.17,-9.58,10.65,-0.01,1,0,,,,0.248,0.017,1.1,13.26,-0.01,,,
40.58,REGROUND,8.46,-0.17,-9.58,10.66,-0.01,1,0,,,,0.242,0.016,1.7,13.26,-0.01,,,
40.63,REGROUND,8.46,-0.17,-9.58,10.67,-0.01,1,0,,,,0.248,0.017,1.2,13.26,-0.01,,,
40.68,REGROUND,8.48,-0.17,-9.58,10.69,-0.01,1,0,,,,0.242,0.016,1.5,13.26,-0.01,,,
40.73,REGROUND,8.48,-0.17,-9.58,10.7,-0.01,1,0,,,,0.248,0.017,1.1,13.26,-0.01,,,
40.78,REGROUND,8.5,-0.17,-9.58,10.71,-0.01,1,0,,,,0.242,0.016,1.8,13.26,-0.01,,,
40.83,REGROUND,8.5,-0.17,-9.58,10.72,-0.01,1,0,,,,0.248,0.017,1.2,13.26,-0.01,,,
40.88,REGROUND,8.53,-0.17,-9.58,10.74,-0.01,1,0,,,,0.242,0.016,1.9,13.26,-0.01,,,
40.93,REGROUND,8.53,-0.17,-9.58,10.75,-0.01,1,0,,,,0.248,0.016,1.2,13.26,-0.01,,,
40.98,REGROUND,8.55,-0.18,-9.58,10.76,-0.01,1,0,,,,0.242,0.016,1.6,13.26,-0.01,,,
41.03,REGROUND,8.55,-0.18,-9.58,10.77,-0.01,1,0,,,,0.248,0.016,1.0,13.26,-0.01,,,
41.08,REGROUND,8.58,-0.18,-9.58,10.79,-0.01,1,0,,,,0.242,0.016,1.8,13.26,-0.01,,,
41.13,REGROUND,8.58,-0.18,-9.58,10.8,-0.01,1,0,,,,0.248,0.016,1.1,13.26,-0.01,,,
41.18,REGROUND,8.6,-0.18,-9.58,10.81,-0.01,1,0,,,,0.242,0.016,1.7,13.26,-0.01,,,
41.23,REGROUND,8.6,-0.18,-9.58,10.82,-0.01,1,0,,,,0.248,0.016,1.1,13.26,-0.01,,,
41.28,REGROUND,8.63,-0.18,-9.58,10.84,-0.01,1,0,,,,0.241,0.015,1.7,13.26,-0.01,,,
41.33,REGROUND,8.63,-0.18,-9.58,10.85,-0.01,1,0,,,,0.248,0.016,1.1,13.26,-0.01,,,
41.38,REGROUND,8.65,-0.18,-9.58,10.86,-0.01,1,0,,,,0.241,0.015,1.5,13.26,-0.01,,,
41.43,REGROUND,8.65,-0.18,-9.58,10.87,-0.01,1,0,,,,0.247,0.016,1.0,13.26,-0.01,,,
41.48,REGROUND,8.68,-0.18,-9.58,10.89,-0.01,1,0,,,,0.241,0.015,1.7,13.26,-0.01,,,
41.53,REGROUND,8.68,-0.18,-9.58,10.9,-0.01,1,0,,,,0.247,0.015,1.0,13.26,-0.01,,,
41.58,REGROUND,8.7,-0.18,-9.58,10.91,-0.01,1,0,,,,0.241,0.015,1.5,13.26,-0.01,,,
41.63,REGROUND,8.7,-0.18,-9.58,10.92,-0.01,1,0,,,,0.247,0.015,1.1,13.26,-0.01,,,
41.68,REGROUND,8.73,-0.18,-9.58,10.94,-0.01,1,0,,,,0.241,0.015,3.9,13.26,-0.01,,,
41.73,REGROUND,8.73,-0.18,-9.58,10.95,-0.01,1,0,,,,0.247,0.015,1.0,13.26,-0.01,,,
41.78,REGROUND,8.75,-0.19,-9.58,10.96,-0.01,1,0,,,,0.241,0.015,1.7,13.26,-0.01,,,
41.83,REGROUND,8.75,-0.19,-9.58,10.97,-0.01,1,0,,,,0.247,0.015,1.0,13.26,-0.01,,,
41.88,REGROUND,8.78,-0.19,-9.58,10.99,-0.01,1,0,,,,0.241,0.015,1.7,13.26,-0.01,,,
41.93,REGROUND,8.78,-0.19,-9.58,11.0,-0.01,1,0,,,,0.247,0.015,1.1,13.26,-0.01,,,
41.98,REGROUND,8.8,-0.19,-9.58,11.01,-0.01,1,0,,,,0.241,0.015,1.7,13.26,-0.01,,,
42.03,REGROUND,8.8,-0.19,-9.58,11.02,-0.01,1,0,,,,0.247,0.015,1.1,13.26,-0.01,,,
42.08,REGROUND,8.82,-0.19,-9.58,11.04,-0.01,1,0,,,,0.241,0.015,1.5,13.26,-0.01,,,
42.13,REGROUND,8.82,-0.19,-9.58,11.05,-0.01,1,0,,,,0.247,0.015,1.1,13.26,-0.01,,,
42.18,REGROUND,8.85,-0.19,-9.58,11.06,-0.01,1,0,,,,0.241,0.015,1.5,13.26,-0.01,,,
42.23,REGROUND,8.85,-0.19,-9.58,11.07,-0.01,1,0,,,,0.247,0.015,1.0,13.26,-0.01,,,
42.28,REGROUND,8.87,-0.19,-9.58,11.09,-0.01,1,0,,,,0.241,0.015,1.7,13.26,-0.01,,,
42.33,REGROUND,8.87,-0.19,-9.58,11.1,-0.01,1,0,,,,0.248,0.015,1.0,13.26,-0.01,,,
42.38,REGROUND,8.9,-0.19,-9.58,11.11,-0.01,1,0,,,,0.241,0.015,1.7,13.26,-0.01,,,
42.43,REGROUND,8.9,-0.19,-9.58,11.12,-0.01,1,0,,,,0.247,0.015,1.0,13.26,-0.01,,,
42.48,REGROUND,8.92,-0.2,-9.58,11.14,-0.01,1,0,,,,0.241,0.015,1.6,13.26,-0.01,,,
42.53,REGROUND,8.92,-0.2,-9.58,11.15,-0.01,1,0,,,,0.247,0.015,1.0,13.26,-0.01,,,
42.58,REGROUND,8.95,-0.2,-9.58,11.16,-0.01,1,0,,,,0.241,0.015,1.7,13.26,-0.01,,,
42.63,REGROUND,8.95,-0.2,-9.58,11.17,-0.01,1,0,,,,0.247,0.015,0.9,13.26,-0.01,,,
42.68,REGROUND,8.97,-0.2,-9.58,11.19,-0.01,1,0,,,,0.241,0.015,1.7,13.26,-0.01,,,
42.74,REGROUND,8.97,-0.2,-9.58,11.2,-0.01,1,0,,,,0.247,0.015,1.1,13.26,-0.01,,,
42.79,REGROUND,9.0,-0.2,-9.58,11.21,-0.01,1,0,,,,0.241,0.015,1.5,13.26,-0.01,,,
42.84,REGROUND,9.0,-0.2,-9.58,11.22,-0.01,1,0,,,,0.247,0.015,1.1,13.26,-0.01,,,
42.89,REGROUND,9.02,-0.2,-9.58,11.24,-0.01,1,0,,,,0.241,0.015,1.6,13.26,-0.01,,,
42.94,REGROUND,9.02,-0.2,-9.58,11.25,-0.01,1,0,,,,0.247,0.015,1.0,13.26,-0.01,,,
42.99,REGROUND,9.05,-0.2,-9.58,11.26,-0.01,1,0,,,,0.241,0.015,1.6,13.26,-0.01,,,
43.04,REGROUND,9.05,-0.2,-9.58,11.27,-0.01,1,0,,,,0.247,0.016,1.0,13.26,-0.01,,,
43.09,REGROUND,9.07,-0.21,-9.58,11.29,-0.01,1,0,,,,0.241,0.015,1.6,13.26,-0.01,,,
43.14,REGROUND,9.07,-0.21,-9.58,11.3,-0.01,1,0,,,,0.247,0.016,1.0,13.26,-0.01,,,
43.19,REGROUND,9.09,-0.21,-9.58,11.31,-0.01,1,0,,,,0.241,0.016,1.6,13.26,-0.01,,,
43.24,REGROUND,9.09,-0.21,-9.58,11.32,-0.01,1,0,,,,0.247,0.016,1.0,13.26,-0.01,,,
43.29,REGROUND,9.12,-0.21,-9.58,11.34,-0.01,1,0,,,,0.242,0.016,1.7,13.26,-0.01,,,
43.34,REGROUND,9.12,-0.21,-9.58,11.35,-0.01,1,0,,,,0.248,0.016,1.1,13.26,-0.01,,,
43.39,REGROUND,9.14,-0.21,-9.58,11.36,-0.01,1,0,,,,0.241,0.016,1.7,13.26,-0.01,,,
43.44,REGROUND,9.14,-0.21,-9.58,11.37,-0.01,1,0,,,,0.248,0.016,1.1,13.26,-0.01,,,
43.49,REGROUND,9.17,-0.21,-9.58,11.39,-0.01,1,0,,,,0.242,0.016,1.7,13.26,-0.01,,,
43.54,REGROUND,9.17,-0.21,-9.58,11.4,-0.01,1,0,,,,0.248,0.016,1.1,13.26,-0.01,,,
43.59,REGROUND,9.19,-0.22,-9.58,11.41,-0.01,1,0,,,,0.242,0.016,1.6,13.26,-0.01,,,
43.64,REGROUND,9.19,-0.22,-9.58,11.42,-0.01,1,0,,,,0.248,0.016,1.1,13.26,-0.01,,,
43.69,REGROUND,9.22,-0.22,-9.58,11.44,-0.01,1,0,,,,0.242,0.016,1.6,13.26,-0.01,,,
43.74,REGROUND,9.22,-0.22,-9.58,11.45,-0.01,1,0,,,,0.248,0.016,0.8,13.26,-0.01,,,
43.79,REGROUND,9.24,-0.22,-9.58,11.46,-0.01,1,0,,,,0.242,0.016,1.6,13.26,-0.01,,,
43.84,REGROUND,9.24,-0.22,-9.58,11.47,-0.01,1,0,,,,0.248,0.016,1.0,13.26,-0.01,,,
43.89,REGROUND,9.26,-0.22,-9.58,11.49,-0.01,1,0,,,,0.242,0.016,1.6,13.26,-0.01,,,
43.94,REGROUND,9.26,-0.22,-9.58,11.5,-0.01,1,0,,,,0.248,0.016,0.8,13.26,-0.01,,,
43.99,REGROUND,9.29,-0.22,-9.58,11.51,-0.01,1,0,,,,0.241,0.016,3.8,13.26,-0.01,,,
44.04,REGROUND,9.29,-0.22,-9.58,11.52,-0.01,1,0,,,,0.248,0.016,1.1,13.26,-0.01,,,
44.09,REGROUND,9.31,-0.22,-9.58,11.54,-0.01,1,0,,,,0.242,0.016,1.5,13.26,-0.01,,,
44.14,REGROUND,9.31,-0.22,-9.58,11.55,-0.01,1,0,,,,0.248,0.016,1.1,13.26,-0.01,,,
44.19,REGROUND,9.34,-0.22,-9.58,11.56,-0.01,1,0,,,,0.242,0.016,1.7,13.26,-0.01,,,
44.24,REGROUND,9.34,-0.22,-9.58,11.57,-0.01,1,0,,,,0.248,0.016,1.1,13.26,-0.01,,,
44.29,REGROUND,9.36,-0.23,-9.58,11.59,-0.01,1,0,,,,0.242,0.016,1.6,13.26,-0.01,,,
44.34,REGROUND,9.36,-0.23,-9.58,11.6,-0.01,1,0,,,,0.248,0.016,1.0,13.26,-0.01,,,
44.39,REGROUND,9.39,-0.23,-9.58,11.61,-0.01,1,0,,,,0.242,0.016,1.6,13.26,-0.01,,,
44.44,REGROUND,9.39,-0.23,-9.58,11.62,-0.01,1,0,,,,0.248,0.016,1.0,13.26,-0.01,,,
44.49,REGROUND,9.41,-0.23,-9.58,11.64,-0.01,1,0,,,,0.242,0.015,1.6,13.26,-0.01,,,
44.54,REGROUND,9.41,-0.23,-9.58,11.65,-0.01,1,0,,,,0.248,0.016,1.0,13.26,-0.01,,,
44.59,REGROUND,9.44,-0.23,-9.58,11.66,-0.01,1,0,,,,0.242,0.016,1.6,13.26,-0.01,,,
44.64,REGROUND,9.44,-0.23,-9.58,11.67,-0.01,1,0,,,,0.248,0.016,1.1,13.26,-0.01,,,
44.69,REGROUND,9.46,-0.23,-9.58,11.69,-0.01,1,0,,,,0.242,0.015,1.7,13.26,-0.01,,,
44.74,REGROUND,9.46,-0.23,-9.58,11.7,-0.01,1,0,,,,0.248,0.016,1.1,13.26,-0.01,,,
44.79,REGROUND,9.48,-0.23,-9.58,11.71,-0.01,1,0,,,,0.242,0.015,1.7,13.26,-0.01,,,
44.84,REGROUND,9.48,-0.23,-9.58,11.72,-0.01,1,0,,,,0.248,0.016,1.1,13.26,-0.01,,,
44.89,REGROUND,9.51,-0.23,-9.58,11.74,-0.01,1,0,,,,0.242,0.015,1.7,13.26,-0.01,,,
44.94,REGROUND,9.51,-0.23,-9.58,11.75,-0.01,1,0,,,,0.248,0.016,1.0,13.26,-0.01,,,
44.99,REGROUND,9.53,-0.24,-9.58,11.76,-0.01,1,0,,,,0.242,0.015,1.5,13.26,-0.01,,,
45.04,REGROUND,9.53,-0.24,-9.58,11.77,-0.01,1,0,,,,0.248,0.016,1.0,13.26,-0.01,,,
45.09,REGROUND,9.56,-0.24,-9.58,11.79,-0.01,1,0,,,,0.242,0.015,1.5,13.26,-0.01,,,
45.14,REGROUND,9.56,-0.24,-9.58,11.8,-0.01,1,0,,,,0.248,0.016,1.0,13.26,-0.01,,,
45.19,REGROUND,9.58,-0.24,-9.58,11.81,-0.01,1,0,,,,0.242,0.015,1.6,13.26,-0.01,,,
45.24,REGROUND,9.58,-0.24,-9.58,11.82,-0.01,1,0,,,,0.248,0.016,1.2,13.26,-0.01,,,
45.29,REGROUND,9.61,-0.24,-9.58,11.84,-0.01,1,0,,,,0.242,0.016,1.8,13.26,-0.01,,,
45.34,REGROUND,9.61,-0.24,-9.58,11.85,-0.01,1,0,,,,0.248,0.016,1.0,13.26,-0.01,,,
45.39,REGROUND,9.63,-0.24,-9.58,11.86,-0.01,1,0,,,,0.242,0.016,1.7,13.26,-0.01,,,
45.44,REGROUND,9.63,-0.24,-9.58,11.87,-0.01,1,0,,,,0.248,0.016,1.0,13.26,-0.01,,,
45.49,REGROUND,9.66,-0.24,-9.58,11.89,-0.01,1,0,,,,0.242,0.016,1.7,13.26,-0.01,,,
45.54,REGROUND,9.66,-0.24,-9.58,11.9,-0.01,1,0,,,,0.248,0.016,1.1,13.26,-0.01,,,
45.59,REGROUND,9.68,-0.25,-9.58,11.91,-0.01,1,0,,,,0.242,0.016,1.7,13.26,-0.01,,,
45.64,REGROUND,9.68,-0.25,-9.58,11.92,-0.01,1,0,,,,0.248,0.017,1.1,13.26,-0.01,,,
45.69,REGROUND,9.7,-0.25,-9.58,11.94,-0.01,1,0,,,,0.242,0.016,1.7,13.26,-0.01,,,
45.74,REGROUND,9.7,-0.25,-9.58,11.95,-0.01,1,0,,,,0.248,0.017,0.8,13.26,-0.01,,,
45.79,REGROUND,9.73,-0.25,-9.58,11.96,-0.01,1,0,,,,0.242,0.016,1.5,13.26,-0.01,,,
45.84,REGROUND,9.73,-0.25,-9.58,11.97,-0.01,1,0,,,,0.248,0.017,1.0,13.26,-0.01,,,
45.89,REGROUND,9.75,-0.25,-9.58,11.99,-0.01,1,0,,,,0.242,0.016,1.6,13.26,-0.01,,,
45.94,REGROUND,9.75,-0.25,-9.58,12.0,-0.01,1,0,,,,0.248,0.017,1.0,13.26,-0.01,,,
45.99,REGROUND,9.78,-0.25,-9.58,12.01,-0.01,1,0,,,,0.242,0.017,1.7,13.26,-0.01,,,
46.04,REGROUND,9.78,-0.25,-9.58,12.02,-0.01,1,0,,,,0.248,0.017,1.1,13.26,-0.01,,,
46.09,REGROUND,9.8,-0.25,-9.58,12.04,-0.01,1,0,,,,0.242,0.017,1.7,13.26,-0.01,,,
46.14,REGROUND,9.8,-0.25,-9.58,12.05,-0.01,1,0,,,,0.248,0.017,1.1,13.26,-0.01,,,
46.19,REGROUND,9.83,-0.26,-9.58,12.06,-0.01,1,0,,,,0.242,0.017,1.7,13.26,-0.01,,,
46.24,CARRY,9.83,-0.26,-9.58,12.07,-0.01,1,0,,,,1.193,-0.628,270.5,13.26,-0.01,,,
46.51,CARRY,9.9,-0.26,-9.58,12.14,-0.01,1,0,253.0,73.5,179.5,3.0,-1.34,49.8,13.26,-0.01,105.2,108.5,9.375
46.56,CARRY,9.93,-0.26,-9.58,12.16,-0.01,1,0,253.0,74.0,179.0,3.0,-1.34,49.4,13.26,-0.01,105.2,108.2,9.188
46.61,CARRY,9.93,-0.26,-9.58,12.17,-0.01,1,0,253.0,74.0,179.0,3.0,-1.34,49.0,13.26,-0.01,105.1,108.2,9.438
46.66,CARRY,9.95,-0.26,-9.58,12.18,-0.01,1,0,252.5,75.0,178.3,3.0,-1.35,49.8,13.26,-0.01,105.4,108.5,9.062
46.71,CARRY,9.95,-0.26,-9.58,12.19,-0.01,1,0,252.5,75.0,178.3,3.0,-1.35,47.9,13.26,-0.01,105.2,108.5,8.688
46.76,CARRY,9.98,-0.27,-9.58,12.21,-0.01,1,0,252.5,75.0,178.3,3.0,-1.35,48.6,13.26,-0.01,105.5,108.0,8.688
46.81,CARRY,9.98,-0.27,-9.58,12.22,-0.01,1,0,252.5,75.0,178.3,3.0,-1.35,47.9,13.26,-0.01,105.3,108.0,8.812
46.86,CARRY,10.01,-0.27,-9.58,12.23,-0.01,1,0,252.0,76.5,177.1,3.0,-1.36,48.4,13.26,-0.01,105.6,108.3,8.75
46.91,CARRY,10.01,-0.27,-9.58,12.24,-0.01,1,0,252.0,76.5,177.1,3.0,-1.36,47.8,13.26,-0.01,105.4,108.3,8.688
46.96,CARRY,10.05,-0.29,-9.57,12.26,-0.01,1,0,253.5,78.0,175.1,3.0,-1.33,48.7,13.26,-0.01,104.2,106.4,8.625
47.01,CARRY,10.05,-0.29,-9.57,12.27,-0.01,1,0,253.5,78.0,175.1,3.0,-1.33,48.2,13.26,-0.01,104.0,106.4,8.875
47.06,CARRY,10.1,-0.31,-9.57,12.28,-0.01,1,0,253.5,80.0,173.3,3.0,-1.33,49.0,13.26,-0.01,104.5,106.2,9.0
47.11,CARRY,10.1,-0.31,-9.57,12.29,-0.01,1,0,253.5,80.0,173.3,3.0,-1.33,47.7,13.26,-0.01,104.3,106.2,9.0
47.16,CARRY,10.17,-0.34,-9.57,12.31,-0.01,1,0,254.0,81.5,171.7,3.0,-1.32,48.6,13.26,-0.01,105.5,106.0,9.188
47.21,CARRY,10.17,-0.34,-9.57,12.32,-0.01,1,0,254.0,81.5,171.7,3.0,-1.32,47.7,13.26,-0.01,105.3,106.0,9.0
47.26,CARRY,10.27,-0.39,-9.57,12.33,-0.01,1,0,256.0,85.0,167.7,3.0,-1.28,48.6,13.26,-0.01,105.8,105.4,8.812
47.31,CARRY,10.27,-0.39,-9.57,12.34,-0.01,1,0,256.0,85.0,167.7,3.0,-1.28,49.8,13.26,-0.01,105.6,105.4,8.625
47.36,CARRY,10.38,-0.46,-9.57,12.36,-0.01,1,0,259.0,88.5,163.3,3.0,-1.22,48.6,13.26,-0.01,106.6,104.8,8.375
47.42,CARRY,10.38,-0.46,-9.57,12.37,-0.01,1,0,259.0,88.5,163.3,3.0,-1.22,48.0,13.26,-0.01,106.4,104.8,8.125
47.47,CARRY,10.52,-0.54,-9.57,12.38,-0.01,1,0,264.0,92.5,157.8,2.95,-1.12,49.0,13.26,-0.01,106.7,103.0,8.062
47.52,CARRY,10.52,-0.54,-9.57,12.39,-0.01,1,0,264.0,92.5,157.8,2.95,-1.12,47.6,13.26,-0.01,106.5,103.0,7.906
47.57,CARRY,10.68,-0.63,-9.57,12.41,-0.01,1,0,268.0,97.0,152.2,2.86,-1.04,49.5,13.26,-0.01,108.9,103.2,7.938
47.62,CARRY,10.68,-0.63,-9.57,12.42,-0.01,1,0,268.0,97.0,152.2,2.86,-1.04,48.2,13.26,-0.01,108.7,103.2,7.875
47.67,CARRY,10.87,-0.74,-9.57,12.43,-0.01,1,0,274.5,102.5,144.8,2.75,-0.91,49.1,13.26,-0.01,109.9,102.0,7.844
47.72,CARRY,10.87,-0.74,-9.57,12.44,-0.01,1,0,274.5,102.5,144.8,2.75,-0.91,47.7,13.26,-0.01,109.6,102.0,7.875
47.77,CARRY,11.07,-0.85,-9.58,12.46,-0.01,1,0,281.0,108.5,137.2,2.63,-0.78,48.7,13.26,-0.01,111.7,101.7,7.594
47.82,CARRY,11.07,-0.85,-9.58,12.47,-0.01,1,0,281.0,108.5,137.2,2.63,-0.78,47.9,13.26,-0.01,111.4,101.7,7.625
47.87,CARRY,11.29,-0.97,-9.58,12.48,-0.01,1,0,286.0,115.5,129.1,2.49,-0.68,49.1,13.26,-0.01,115.2,103.4,7.312
47.92,CARRY,11.29,-0.97,-9.58,12.49,-0.01,1,0,286.0,115.5,129.1,2.49,-0.68,47.8,13.26,-0.01,114.8,103.4,7.281
47.97,CARRY,11.52,-1.09,-9.58,12.51,-0.01,1,0,292.5,122.5,120.7,2.35,-0.55,48.6,13.26,-0.01,117.8,104.1,7.156
48.02,CARRY,11.52,-1.09,-9.58,12.52,-0.01,1,0,292.0,122.5,120.8,2.35,-0.56,48.6,13.26,-0.01,117.9,104.6,7.031
48.07,CARRY,11.76,-1.22,-9.58,12.53,-0.01,1,0,401.5,141.0,128.2,1.98,1.63,49.2,13.26,-0.01,63.0,20.6,7.094
48.12,CARRY,11.76,-1.22,-9.58,12.54,-0.01,1,0,401.5,141.0,128.2,1.98,1.63,47.9,13.26,-0.01,62.3,20.6,7.188
48.17,CARRY,12.0,-1.34,-9.58,12.56,-0.01,1,0,407.5,148.5,126.6,1.83,1.75,51.2,13.26,-0.01,68.6,27.6,7.094
48.22,CARRY,12.0,-1.34,-9.58,12.57,-0.01,1,0,407.5,148.5,126.6,1.83,1.75,48.2,13.26,-0.01,67.8,27.6,6.938
48.27,CARRY,12.24,-1.45,-9.58,12.58,-0.01,1,0,413.0,155.5,125.7,1.69,1.86,48.9,13.26,-0.01,74.5,35.0,6.781
48.32,CARRY,12.24,-1.45,-9.58,12.59,-0.01,1,0,413.0,155.5,125.7,1.69,1.86,48.1,13.26,-0.01,73.8,35.0,6.594
48.37,CARRY,12.47,-1.56,-9.58,12.61,-0.01,1,0,418.5,162.5,125.3,1.55,1.97,49.2,13.26,-0.01,80.3,42.3,6.031
48.42,CARRY,12.47,-1.56,-9.58,12.62,-0.01,1,0,418.5,162.5,125.3,1.55,1.97,48.0,13.26,-0.01,79.6,42.3,5.719
48.47,CARRY,12.71,-1.65,-9.58,12.63,-0.01,1,0,423.0,169.5,124.8,1.41,2.06,49.6,13.26,-0.01,85.7,49.1,5.719
48.52,CARRY,12.71,-1.65,-9.58,12.64,-0.01,1,0,423.0,169.5,124.8,1.41,2.06,48.7,13.26,-0.01,85.0,49.1,5.688
48.57,CARRY,12.94,-1.73,-9.58,12.66,-0.01,1,0,426.5,176.0,124.3,1.28,2.13,49.3,13.26,-0.01,91.2,56.1,5.656
48.62,CARRY,12.94,-1.73,-9.58,12.67,-0.01,1,0,426.5,176.0,124.3,1.28,2.13,47.9,13.26,-0.01,90.5,56.1,5.719
48.67,CARRY,13.16,-1.78,-9.58,12.68,-0.01,1,0,428.5,182.0,123.0,1.16,2.17,49.0,13.26,-0.01,96.6,62.9,5.469
48.72,CARRY,13.16,-1.78,-9.58,12.69,-0.01,1,0,428.5,182.5,122.8,1.15,2.17,48.0,13.26,-0.01,95.3,62.4,5.531
48.77,CARRY,13.38,-1.81,-9.57,12.71,-0.01,1,0,429.0,188.0,120.8,1.04,2.18,48.9,13.26,-0.01,101.5,69.3,5.531
48.82,CARRY,13.38,-1.81,-9.57,12.72,-0.01,1,0,429.0,188.0,120.8,1.04,2.18,48.1,13.26,-0.01,100.8,69.3,5.719
48.87,CARRY,13.59,-1.82,-9.57,12.73,-0.01,1,0,428.0,193.5,117.6,0.93,2.16,48.9,13.26,-0.01,106.4,75.6,6.094
48.92,CARRY,13.59,-1.82,-9.57,12.74,-0.01,1,0,428.5,193.5,118.0,0.93,2.17,48.2,13.26,-0.01,105.7,75.6,6.406
48.97,CARRY,13.8,-1.79,-9.57,12.76,-0.01,1,0,426.5,199.0,114.1,0.82,2.13,48.9,13.26,-0.01,110.9,81.6,6.938
49.02,CARRY,13.8,-1.79,-9.57,12.77,-0.01,1,0,426.5,199.0,114.1,0.82,2.13,48.7,13.26,-0.01,110.2,81.6,7.281
49.07,CARRY,14.0,-1.74,-9.57,12.78,-0.01,1,0,423.0,205.0,108.8,0.7,2.06,50.5,13.26,-0.01,114.2,86.3,7.5
49.12,CARRY,14.0,-1.74,-9.57,12.8,-0.01,1,0,423.0,205.0,108.8,0.7,2.06,48.1,13.26,-0.01,113.5,86.3,7.875
49.17,CARRY,14.18,-1.67,-9.57,12.81,-0.01,1,0,418.0,209.0,102.8,0.62,1.96,48.9,13.26,-0.01,118.8,92.3,8.438
49.22,CARRY,14.18,-1.67,-9.57,12.82,-0.01,1,0,418.0,209.0,102.8,0.62,1.96,49.6,13.26,-0.01,118.0,92.3,8.875
49.27,CARRY,14.36,-1.58,-9.57,12.83,-0.01,1,0,412.0,213.5,95.7,0.53,1.84,50.0,13.26,-0.01,122.0,97.0,9.5
49.32,CARRY,14.36,-1.58,-9.57,12.85,-0.01,1,0,412.0,213.5,95.7,0.53,1.84,49.6,13.26,-0.01,121.2,97.0,9.812
49.38,CARRY,14.52,-1.46,-9.57,12.86,-0.01,1,0,404.5,217.5,87.4,0.45,1.69,50.1,13.26,-0.01,125.0,101.5,10.25
49.43,CARRY,14.52,-1.46,-9.57,12.87,-0.01,1,0,404.5,218.0,87.3,0.44,1.69,49.9,13.26,-0.01,123.7,101.0,10.75
49.48,CARRY,14.66,-1.33,-9.57,12.88,-0.01,1,0,395.5,221.5,77.7,0.37,1.51,49.2,13.26,-0.01,127.2,105.2,10.688
49.53,CARRY,14.66,-1.33,-9.57,12.9,-0.01,1,0,395.5,221.5,77.7,0.37,1.51,48.6,13.26,-0.01,126.5,105.2,11.125
49.58,CARRY,14.8,-1.19,-9.57,12.91,-0.01,1,0,387.0,225.0,68.7,0.3,1.34,49.3,13.26,-0.01,129.3,108.8,11.25
49.63,CARRY,14.8,-1.19,-9.57,12.92,-0.01,1,0,387.0,225.0,68.7,0.3,1.34,49.1,13.26,-0.01,128.6,108.8,11.562
49.68,CARRY,14.91,-1.03,-9.58,12.93,-0.01,1,0,377.5,232.0,58.1,0.16,1.15,49.4,13.26,-0.01,127.1,107.9,11.625
49.73,CARRY,14.91,-1.03,-9.58,12.95,-0.01,1,0,377.5,232.0,58.1,0.16,1.15,48.5,13.26,-0.01,126.3,107.9,11.75
49.78,CARRY,15.02,-0.88,-9.58,12.96,-0.01,1,0,368.0,237.5,48.1,0.05,0.96,48.8,13.26,-0.01,125.7,108.0,11.438
49.83,CARRY,15.02,-0.88,-9.58,12.97,-0.01,1,0,368.0,237.0,48.1,0.06,0.96,48.8,13.26,-0.01,125.4,108.5,11.625
49.88,CARRY,15.12,-0.73,-9.58,12.98,-0.01,1,0,359.0,242.0,39.1,-0.04,0.78,49.2,13.26,-0.01,124.5,108.3,11.812
49.93,CARRY,15.12,-0.73,-9.58,13.0,-0.01,1,0,359.0,242.0,39.1,-0.04,0.78,49.4,13.26,-0.01,123.8,108.3,11.938
49.98,CARRY,15.2,-0.58,-9.58,13.01,-0.01,1,0,350.0,246.5,30.7,-0.13,0.6,49.3,13.26,-0.01,122.8,108.0,12.062
50.03,CARRY,15.2,-0.58,-9.58,13.02,-0.01,1,0,350.0,246.5,30.7,-0.13,0.6,51.4,13.26,-0.01,122.0,108.0,12.062
50.08,CARRY,15.27,-0.44,-9.58,13.04,-0.01,1,0,341.5,250.5,23.9,-0.21,0.43,51.5,13.26,-0.01,120.8,107.6,11.812
50.14,CARRY,15.27,-0.44,-9.58,13.05,-0.01,1,0,341.5,249.5,23.5,-0.19,0.43,49.6,13.26,-0.01,121.1,108.6,11.875
50.19,CARRY,15.34,-0.31,-9.58,13.06,-0.01,1,0,333.5,252.5,18.4,-0.25,0.27,51.6,13.26,-0.01,120.3,108.5,11.5
50.24,CARRY,15.34,-0.31,-9.58,13.07,-0.01,1,0,333.5,252.5,18.4,-0.25,0.27,49.5,13.26,-0.01,119.5,108.5,11.5
50.29,CARRY,15.38,-0.19,-9.58,13.09,-0.01,1,0,327.0,255.5,17.0,-0.31,0.14,49.9,13.26,-0.01,118.1,107.8,11.25
50.34,CARRY,15.38,-0.19,-9.58,13.1,-0.01,1,0,327.0,255.5,17.0,-0.31,0.14,49.6,13.26,-0.01,117.4,107.8,10.938
50.39,CARRY,15.42,-0.09,-9.58,13.11,-0.01,1,0,320.5,256.0,16.0,-0.32,0.01,49.9,13.26,-0.01,117.9,109.0,10.688
50.44,CARRY,15.42,-0.09,-9.58,13.13,-0.01,1,0,320.5,256.0,16.0,-0.32,0.01,48.8,13.26,-0.01,117.1,109.0,10.438
50.49,CARRY,15.45,0.0,-9.58,13.14,-0.01,1,0,315.0,256.5,17.2,-0.33,-0.1,52.1,13.26,-0.01,117.1,109.7,10.375
50.55,CARRY,15.47,0.08,-9.58,13.15,-0.01,1,0,311.0,257.0,19.2,-0.34,-0.18,50.5,13.26,-0.01,116.5,110.0,10.562
50.6,CARRY,15.47,0.08,-9.58,13.16,-0.01,1,0,310.5,257.0,19.5,-0.34,-0.19,49.5,13.26,-0.01,115.8,109.9,10.688
50.65,CARRY,15.48,0.15,-9.57,13.18,-0.01,1,0,307.0,257.5,21.8,-0.35,-0.26,50.7,13.26,-0.01,114.8,109.7,10.312
50.7,CARRY,15.48,0.15,-9.57,13.19,-0.01,1,0,307.0,257.5,21.8,-0.35,-0.26,49.3,13.26,-0.01,114.0,109.7,10.062
50.75,CARRY,15.48,0.2,-9.57,13.2,-0.01,1,0,304.0,257.0,23.3,-0.34,-0.32,50.5,13.26,-0.01,113.7,110.1,10.0
50.8,CARRY,15.48,0.2,-9.57,13.21,-0.01,1,0,304.0,257.0,23.3,-0.34,-0.32,48.9,13.26,-0.01,112.9,110.1,9.938
50.85,CARRY,15.47,0.23,-9.57,13.23,-0.01,1,0,301.5,257.0,25.1,-0.34,-0.37,50.2,13.26,-0.01,111.7,109.6,10.062
50.9,CARRY,15.47,0.23,-9.57,13.24,-0.01,1,0,301.5,257.0,25.1,-0.34,-0.37,47.9,13.26,-0.01,111.0,109.6,10.0
50.95,CARRY,15.46,0.26,-9.57,13.25,-0.01,1,0,300.5,257.0,25.9,-0.34,-0.39,48.7,13.26,-0.01,109.6,108.9,9.812
51.0,CARRY,15.46,0.26,-9.57,13.27,-0.01,1,0,300.5,257.0,25.9,-0.34,-0.39,48.9,13.26,-0.01,108.8,108.9,9.812
51.05,CARRY,15.45,0.27,-9.58,13.28,-0.01,1,0,300.0,256.0,25.6,-0.32,-0.4,49.7,13.26,-0.01,108.2,109.0,9.875
51.1,CARRY,15.45,0.27,-9.58,13.29,-0.01,1,0,300.0,256.0,25.6,-0.32,-0.4,48.5,13.26,-0.01,107.5,109.0,9.938
51.15,CARRY,15.43,0.28,-9.58,13.3,-0.01,1,0,299.5,255.5,25.7,-0.31,-0.41,48.9,13.26,-0.01,106.1,108.3,9.812
51.2,CARRY,15.43,0.28,-9.58,13.32,-0.01,1,0,299.5,255.5,25.7,-0.31,-0.41,48.5,13.26,-0.01,105.4,108.3,9.875
51.25,CARRY,15.4,0.27,-9.58,13.33,-0.01,1,0,300.5,254.5,24.3,-0.29,-0.39,50.9,13.26,-0.01,104.5,108.1,9.625
51.31,CARRY,15.4,0.27,-9.58,13.34,-0.01,1,0,300.5,254.5,24.3,-0.29,-0.39,48.9,13.26,-0.01,103.7,108.1,9.625
51.36,CARRY,15.38,0.26,-9.58,13.35,-0.01,1,0,300.5,252.5,23.2,-0.25,-0.39,50.8,13.26,-0.01,103.6,108.8,9.5
51.41,CARRY,15.38,0.26,-9.58,13.37,-0.01,1,0,300.5,252.5,23.2,-0.25,-0.39,49.5,13.26,-0.01,102.9,108.8,9.5
51.46,CARRY,15.36,0.24,-9.58,13.38,-0.01,1,0,302.0,251.5,21.4,-0.23,-0.36,49.4,13.26,-0.01,101.8,108.4,9.312
51.51,CARRY,15.36,0.24,-9.58,13.39,-0.01,1,0,302.0,251.5,21.4,-0.23,-0.36,49.6,13.26,-0.01,101.1,108.4,9.312
51.56,CARRY,15.33,0.22,-9.58,13.4,-0.01,1,0,303.0,250.0,19.7,-0.2,-0.34,50.2,13.26,-0.01,100.4,108.5,9.188
51.61,CARRY,15.33,0.22,-9.58,13.42,-0.01,1,0,303.0,250.0,19.7,-0.2,-0.34,50.5,13.26,-0.01,99.7,108.5,9.25
51.66,CARRY,15.3,0.19,-9.58,13.43,-0.01,1,0,305.0,248.5,17.2,-0.17,-0.3,51.4,13.26,-0.01,99.1,108.6,9.062
51.71,CARRY,15.3,0.19,-9.58,13.44,-0.01,1,0,305.0,248.5,17.2,-0.17,-0.3,48.6,13.26,-0.01,98.3,108.6,9.125
51.76,CARRY,15.28,0.17,-9.58,13.46,-0.01,1,0,306.5,248.0,15.7,-0.16,-0.27,51.5,13.26,-0.01,96.7,107.8,9.0
51.82,CARRY,15.28,0.17,-9.58,13.47,-0.01,1,0,306.5,247.5,15.4,-0.15,-0.27,48.2,13.26,-0.01,96.5,108.3,9.0
51.87,CARRY,15.25,0.14,-9.58,13.48,-0.01,1,0,308.0,246.0,13.4,-0.12,-0.24,49.5,13.26,-0.01,95.9,108.4,8.812
51.92,CARRY,15.25,0.14,-9.58,13.49,-0.01,1,0,308.5,246.0,13.0,-0.12,-0.23,48.5,13.26,-0.01,95.2,108.5,8.812
51.97,CARRY,15.23,0.11,-9.58,13.51,-0.01,1,0,310.0,245.0,11.2,-0.1,-0.2,49.3,13.26,-0.01,94.2,108.2,8.625
52.02,CARRY,15.23,0.11,-9.58,13.52,-0.01,1,0,310.0,245.0,11.2,-0.1,-0.2,49.2,13.26,-0.01,93.5,108.2,8.688
52.07,CARRY,15.21,0.08,-9.58,13.53,-0.01,1,0,312.0,243.0,8.5,-0.06,-0.16,50.4,13.26,-0.01,93.6,109.0,8.812
52.12,CARRY,15.21,0.08,-9.58,13.54,-0.01,1,0,312.0,243.0,8.5,-0.06,-0.16,48.3,13.26,-0.01,92.8,109.0,9.0
52.17,CARRY,15.19,0.06,-9.58,13.56,-0.01,1,0,313.0,242.0,7.3,-0.04,-0.14,49.3,13.26,-0.01,91.9,108.9,9.062
52.22,CARRY,15.19,0.06,-9.58,13.57,-0.01,1,0,313.0,242.0,7.3,-0.04,-0.14,48.3,13.26,-0.01,91.2,108.9,9.188
52.27,CARRY,15.17,0.04,-9.58,13.58,-0.01,1,0,315.0,241.5,5.2,-0.03,-0.1,49.1,13.26,-0.01,90.0,108.4,9.0
52.32,CARRY,15.17,0.04,-9.58,13.59,-0.01,1,0,315.0,241.5,5.2,-0.03,-0.1,48.4,13.26,-0.01,89.3,108.4,9.25
52.37,CARRY,15.15,0.01,-9.58,13.61,-0.01,1,0,316.0,240.5,4.0,-0.01,-0.08,49.9,13.26,-0.01,88.6,108.4,9.125
52.42,CARRY,15.15,0.01,-9.58,13.62,-0.01,1,0,316.0,240.5,4.0,-0.01,-0.08,48.3,13.26,-0.01,87.8,108.4,9.125
52.47,CARRY,15.13,-0.0,-9.58,13.63,-0.01,1,0,317.0,239.5,3.0,0.01,-0.06,49.7,13.26,-0.01,87.3,108.5,9.0
52.52,CARRY,15.13,-0.0,-9.58,13.65,-0.01,1,0,,,,-1.911,-0.044,49.3,13.26,-0.01,,,9.062
52.57,CARRY,15.12,-0.02,-9.58,13.66,-0.01,1,0,,,,-1.905,-0.036,48.8,13.26,-0.01,,,9.062
52.62,CARRY,15.12,-0.02,-9.58,13.67,-0.01,1,0,,,,-1.904,-0.037,48.3,13.26,-0.01,,,9.25
52.67,CARRY,15.11,-0.03,-9.58,13.68,-0.01,1,0,,,,-1.898,-0.03,48.8,13.26,-0.01,,,9.25
52.72,CARRY,15.11,-0.03,-9.58,13.7,-0.01,1,0,,,,-1.898,-0.031,48.5,13.26,-0.01,,,9.438
52.77,CARRY,15.1,-0.05,-9.58,13.71,-0.01,1,0,,,,-1.892,-0.024,49.5,13.26,-0.01,,,9.625
52.82,CARRY,15.1,-0.05,-9.58,13.72,-0.01,1,0,,,,-1.892,-0.024,49.2,13.26,-0.01,,,9.812
52.87,CARRY,15.08,-0.05,-9.58,13.73,-0.01,1,0,,,,-1.885,-0.018,48.9,13.26,-0.01,,,9.812
52.92,CARRY,15.08,-0.05,-9.58,13.75,-0.01,1,0,,,,-1.884,-0.018,51.0,13.26,-0.01,,,9.875
52.98,CARRY,15.06,-0.06,-9.58,13.76,-0.01,1,0,,,,-1.874,-0.013,49.8,13.26,-0.01,,,10.188
53.03,CARRY,15.06,-0.06,-9.58,13.77,-0.01,1,0,,,,-1.874,-0.013,49.7,13.26,-0.01,,,10.5
53.08,CARRY,15.03,-0.06,-9.57,13.78,-0.01,1,0,,,,-1.857,-0.009,51.0,13.26,-0.01,,,10.438
53.13,CARRY,15.03,-0.06,-9.57,13.8,-0.01,1,0,,,,-1.857,-0.009,49.0,13.26,-0.01,,,10.625
53.18,CARRY,14.98,-0.06,-9.57,13.81,-0.01,1,0,,,,-1.832,-0.006,49.2,13.26,-0.01,,,10.688
53.23,CARRY,14.98,-0.06,-9.57,13.82,-0.01,1,0,,,,-1.832,-0.007,48.5,13.26,-0.01,,,10.812
53.28,CARRY,14.91,-0.06,-9.57,13.83,-0.01,1,0,,,,-1.796,-0.006,49.9,13.26,-0.01,,,11.062
53.33,CARRY,14.91,-0.06,-9.57,13.85,-0.01,1,0,,,,-1.795,-0.006,48.8,13.26,-0.01,,,11.312
53.38,CARRY,14.82,-0.06,-9.57,13.86,-0.01,1,0,,,,-1.749,-0.006,50.6,13.26,-0.01,,,11.312
53.43,CARRY,14.82,-0.06,-9.57,13.87,-0.01,1,0,,,,-1.748,-0.006,50.7,13.26,-0.01,,,11.312
53.48,CARRY,14.7,-0.05,-9.57,13.89,-0.01,1,0,,,,-1.692,-0.006,51.6,13.26,-0.01,,,11.312
53.54,CARRY,14.7,-0.05,-9.57,13.9,-0.01,1,0,,,,-1.691,-0.007,48.8,13.26,-0.01,,,11.562
53.59,CARRY,14.58,-0.05,-9.58,13.91,-0.01,1,0,,,,-1.627,-0.006,51.3,13.26,-0.01,,,11.438
53.64,CARRY,14.58,-0.05,-9.58,13.92,-0.01,1,0,,,,-1.627,-0.006,48.5,13.26,-0.01,,,11.438
53.69,CARRY,14.44,-0.04,-9.58,13.94,-0.01,1,0,,,,-1.556,-0.006,50.8,13.26,-0.01,,,11.25
53.74,CARRY,14.29,-0.03,-9.58,13.95,-0.01,1,0,,,,-1.482,-0.005,50.9,13.26,-0.01,,,11.375
53.79,CARRY,14.29,-0.03,-9.58,13.96,-0.01,1,0,,,,-1.481,-0.005,49.2,13.26,-0.01,,,11.5
53.84,CARRY,14.13,-0.02,-9.58,13.98,-0.01,1,0,,,,-1.403,-0.005,49.4,13.26,-0.01,,,11.375
53.89,CARRY,14.13,-0.02,-9.58,13.99,-0.01,1,0,,,,-1.403,-0.006,48.0,13.26,-0.01,,,11.438
53.94,CARRY,14.13,-0.02,-9.58,14.0,-0.01,1,0,,,,-1.403,-0.006,49.0,13.26,-0.01,,,11.5
53.99,CARRY,13.98,-0.02,-9.58,14.01,-0.01,1,0,,,,-1.325,-0.005,49.5,13.26,-0.01,,,11.438
54.04,CARRY,13.82,-0.01,-9.58,14.03,-0.01,1,0,,,,-1.246,-0.005,51.5,13.26,-0.01,,,11.625
54.1,CARRY,13.82,-0.01,-9.58,14.04,-0.01,1,0,,,,-1.246,-0.005,49.0,13.26,-0.01,,,11.688
54.15,CARRY,13.67,-0.0,-9.58,14.05,-0.01,1,0,,,,-1.169,-0.004,49.8,13.26,-0.01,,,11.562
54.2,CARRY,13.67,-0.0,-9.58,14.06,-0.01,1,0,,,,-1.169,-0.005,48.3,13.26,-0.01,,,11.625
54.25,CARRY,13.52,0.0,-9.58,14.08,-0.01,1,0,,,,-1.093,-0.004,49.3,13.26,-0.01,,,11.5
54.3,CARRY,13.52,0.0,-9.58,14.09,-0.01,1,0,,,,-1.093,-0.004,48.2,13.26,-0.01,,,11.312
54.35,CARRY,13.37,0.01,-9.58,14.1,-0.01,1,0,,,,-1.019,-0.003,49.2,13.26,-0.01,,,11.0
54.4,CARRY,13.37,0.01,-9.58,14.11,-0.01,1,0,,,,-1.019,-0.004,48.6,13.26,-0.01,,,10.875
54.45,CARRY,13.23,0.01,-9.58,14.13,-0.01,1,0,,,,-0.948,-0.003,49.3,13.26,-0.01,,,10.688
54.5,CARRY,13.23,0.01,-9.58,14.14,-0.01,1,0,,,,-0.947,-0.003,48.5,13.26,-0.01,,,10.625
54.55,CARRY,13.1,0.02,-9.58,14.15,-0.01,1,0,,,,-0.879,-0.002,49.1,13.26,-0.01,,,10.375
54.6,CARRY,13.1,0.02,-9.58,14.16,-0.01,1,0,,,,-0.879,-0.003,48.4,13.26,-0.01,,,10.25
54.65,CARRY,12.97,0.02,-9.58,14.18,-0.01,1,0,,,,-0.814,-0.002,49.2,13.26,-0.01,,,10.125
54.7,CARRY,12.97,0.02,-9.58,14.19,-0.01,1,0,,,,-0.813,-0.002,48.2,13.26,-0.01,,,10.125
54.75,CARRY,12.84,0.03,-9.58,14.2,-0.01,1,0,,,,-0.751,-0.001,49.3,13.26,-0.01,,,9.938
54.8,CARRY,12.84,0.03,-9.58,14.21,-0.01,1,0,,,,-0.751,-0.002,48.5,13.26,-0.01,,,10.0
54.85,CARRY,12.73,0.03,-9.58,14.23,-0.01,1,0,,,,-0.692,-0.001,49.0,13.26,-0.01,,,9.875
54.9,CARRY,12.73,0.03,-9.58,14.24,-0.01,1,0,,,,-0.692,-0.002,48.2,13.26,-0.01,,,9.812
54.95,CARRY,12.62,0.04,-9.58,14.25,-0.01,1,0,,,,-0.636,-0.001,48.9,13.26,-0.01,,,9.875
55.0,CARRY,12.62,0.04,-9.58,14.26,-0.01,1,0,,,,-0.636,-0.002,50.1,13.26,-0.01,,,9.812
55.05,CARRY,12.51,0.04,-9.58,14.28,-0.01,1,0,,,,-0.583,-0.002,51.3,13.26,-0.01,,,9.75
55.1,CARRY,12.51,0.04,-9.58,14.29,-0.01,1,0,,,,-0.583,-0.002,48.7,13.26,-0.01,,,9.938
55.15,CARRY,12.41,0.05,-9.58,14.3,-0.01,1,0,,,,-0.533,-0.002,48.8,13.26,-0.01,,,9.875
55.2,CARRY,12.41,0.05,-9.58,14.32,-0.01,1,0,,,,-0.533,-0.002,48.9,13.26,-0.01,,,9.875
55.25,CARRY,12.32,0.05,-9.57,14.33,-0.01,1,0,,,,-0.486,-0.003,48.9,13.26,-0.01,,,9.938
55.3,CARRY,12.32,0.05,-9.57,14.34,-0.01,1,0,,,,-0.486,-0.003,48.7,13.26,-0.01,,,10.062
55.35,CARRY,12.24,0.06,-9.57,14.35,-0.01,1,0,,,,-0.443,-0.003,48.9,13.26,-0.01,,,10.188
55.4,CARRY,12.24,0.06,-9.57,14.37,-0.01,1,0,,,,-0.442,-0.004,48.6,13.26,-0.01,,,10.062
55.45,CARRY,12.16,0.06,-9.57,14.38,-0.01,1,0,,,,-0.402,-0.004,48.7,13.26,-0.01,,,10.0
55.5,REGROUND,12.16,0.06,-9.57,14.39,-0.01,1,0,,,,-0.402,-0.005,49.6,13.26,-0.01,,,10.0
55.55,REGROUND,12.08,0.07,-9.57,14.4,-0.01,1,0,,,,-0.365,-0.005,4.4,13.26,-0.01,,,
55.6,REGROUND,12.08,0.07,-9.57,14.42,-0.01,1,0,,,,-0.364,-0.006,0.8,13.26,-0.01,,,
55.66,REGROUND,12.01,0.07,-9.57,14.43,-0.01,1,0,,,,-0.33,-0.006,1.8,13.26,-0.01,,,
55.71,REGROUND,12.01,0.07,-9.57,14.44,-0.01,1,0,,,,-0.329,-0.007,1.0,13.26,-0.01,,,
55.76,REGROUND,11.95,0.08,-9.57,14.45,-0.01,1,0,,,,-0.297,-0.008,1.5,13.26,-0.01,,,
55.81,REGROUND,11.95,0.08,-9.57,14.47,-0.01,1,0,,,,-0.297,-0.008,1.1,13.26,-0.01,,,
55.86,REGROUND,11.89,0.08,-9.57,14.48,-0.01,1,0,,,,-0.267,-0.009,1.7,13.26,-0.01,,,
55.91,REGROUND,11.89,0.08,-9.57,14.49,-0.01,1,0,,,,-0.267,-0.009,1.0,13.26,-0.01,,,
55.96,REGROUND,11.84,0.09,-9.57,14.5,-0.01,1,0,,,,-0.239,-0.01,1.7,13.26,-0.01,,,
56.01,REGROUND,11.84,0.09,-9.57,14.52,-0.01,1,0,,,,-0.239,-0.011,1.1,13.26,-0.01,,,
56.06,REGROUND,11.79,0.09,-9.57,14.53,-0.01,1,0,,,,-0.214,-0.011,1.5,13.26,-0.01,,,
56.11,REGROUND,11.79,0.09,-9.57,14.54,-0.01,1,0,,,,-0.213,-0.012,1.0,13.26,-0.01,,,
56.16,REGROUND,11.74,0.09,-9.57,14.55,-0.01,1,0,,,,-0.19,-0.013,1.6,13.26,-0.01,,,
56.21,REGROUND,11.74,0.09,-9.57,14.57,-0.01,1,0,,,,-0.19,-0.013,1.0,13.26,-0.01,,,
56.26,REGROUND,11.7,0.1,-9.58,14.58,-0.01,1,0,,,,-0.169,-0.014,1.5,13.26,-0.01,,,
56.31,REGROUND,11.7,0.1,-9.58,14.59,-0.01,1,0,,,,-0.169,-0.014,1.0,13.26,-0.01,,,
56.36,REGROUND,11.66,0.1,-9.58,14.6,-0.01,1,0,,,,-0.15,-0.015,1.5,13.26,-0.01,,,
56.41,REGROUND,11.66,0.1,-9.58,14.62,-0.01,1,0,,,,-0.149,-0.015,1.1,13.26,-0.01,,,
56.46,REGROUND,11.63,0.1,-9.58,14.63,-0.01,1,0,,,,-0.132,-0.016,1.7,13.26,-0.01,,,
56.51,REGROUND,11.63,0.1,-9.58,14.64,-0.01,1,0,,,,-0.131,-0.016,1.2,13.26,-0.01,,,
56.56,REGROUND,11.6,0.1,-9.58,14.65,-0.01,1,0,,,,-0.115,-0.017,1.7,13.26,-0.01,,,
56.61,REGROUND,11.6,0.1,-9.58,14.67,-0.01,1,0,,,,-0.115,-0.017,1.1,13.26,-0.01,,,
56.66,REGROUND,11.57,0.1,-9.58,14.68,-0.01,1,0,,,,-0.101,-0.018,1.7,13.26,-0.01,,,
56.71,REGROUND,11.57,0.1,-9.58,14.69,-0.01,1,0,,,,-0.1,-0.018,1.0,13.26,-0.01,,,
56.76,REGROUND,11.55,0.11,-9.58,14.7,-0.01,1,0,,,,-0.087,-0.018,1.6,13.26,-0.01,,,
56.81,REGROUND,11.55,0.11,-9.58,14.72,-0.01,1,0,,,,-0.087,-0.019,1.0,13.26,-0.01,,,
56.86,REGROUND,11.52,0.11,-9.58,14.73,-0.01,1,0,,,,-0.075,-0.019,1.6,13.26,-0.01,,,
56.91,REGROUND,11.52,0.11,-9.58,14.74,-0.01,1,0,,,,-0.075,-0.02,1.0,13.26,-0.01,,,
56.96,REGROUND,11.5,0.11,-9.58,14.75,-0.01,1,0,,,,-0.064,-0.02,1.6,13.26,-0.01,,,
57.01,REGROUND,11.5,0.11,-9.58,14.77,-0.01,1,0,,,,-0.064,-0.02,1.0,13.26,-0.01,,,
57.06,REGROUND,11.48,0.11,-9.58,14.78,-0.01,1,0,,,,-0.054,-0.02,1.4,13.26,-0.01,,,
57.11,REGROUND,11.48,0.11,-9.58,14.79,-0.01,1,0,,,,-0.054,-0.021,0.8,13.26,-0.01,,,
57.16,REGROUND,11.47,0.11,-9.58,14.8,-0.01,1,0,,,,-0.046,-0.021,1.7,13.26,-0.01,,,
57.21,REGROUND,11.47,0.11,-9.58,14.82,-0.01,1,0,,,,-0.045,-0.021,0.8,13.26,-0.01,,,
57.26,REGROUND,11.45,0.11,-9.58,14.83,-0.01,1,0,,,,-0.038,-0.021,1.7,13.26,-0.01,,,
57.31,REGROUND,11.45,0.11,-9.58,14.84,-0.01,1,0,,,,-0.037,-0.022,1.1,13.26,-0.01,,,
57.36,REGROUND,11.44,0.11,-9.58,14.85,-0.01,1,0,,,,-0.031,-0.022,1.7,13.26,-0.01,,,
57.41,REGROUND,11.44,0.11,-9.58,14.87,-0.01,1,0,,,,-0.03,-0.022,1.0,13.26,-0.01,,,
57.46,REGROUND,11.43,0.11,-9.58,14.88,-0.01,1,0,,,,-0.025,-0.022,1.6,13.26,-0.01,,,
57.51,REGROUND,11.43,0.11,-9.58,14.89,-0.01,1,0,,,,-0.024,-0.023,0.9,13.26,-0.01,,,
57.56,REGROUND,11.42,0.11,-9.58,14.9,-0.01,1,0,,,,-0.019,-0.022,1.6,13.26,-0.01,,,
57.61,REGROUND,11.42,0.11,-9.58,14.92,-0.01,1,0,,,,-0.019,-0.023,1.0,13.26,-0.01,,,
57.66,REGROUND,11.41,0.11,-9.58,14.93,-0.01,1,0,,,,-0.014,-0.023,1.6,13.26,-0.01,,,
57.71,REGROUND,11.41,0.11,-9.58,14.94,-0.01,1,0,,,,-0.014,-0.023,0.9,13.26,-0.01,,,
57.76,REGROUND,11.41,0.1,-9.57,14.95,-0.01,1,0,,,,-0.01,-0.023,1.5,13.26,-0.01,,,
57.81,CARRY,11.41,0.1,-9.57,14.97,-0.01,1,0,,,,-0.004,-0.008,209.7,13.26,-0.01,,,
58.02,CARRY,11.39,0.1,-9.57,15.02,-0.01,1,0,321.5,121.0,119.0,2.38,0.03,47.1,13.26,-0.01,90.9,10.7,10.375
58.07,CARRY,11.39,0.1,-9.57,15.03,-0.01,1,0,,,,-0.001,-0.001,49.9,13.26,-0.01,,,10.438
58.12,CARRY,11.39,0.1,-9.57,15.04,-0.01,1,0,,,,-0.0,-0.002,50.4,13.26,-0.01,,,10.438
58.17,CARRY,11.39,0.1,-9.57,15.06,-0.01,1,0,,,,0.001,-0.001,48.0,13.26,-0.01,,,10.438
58.22,CARRY,11.39,0.1,-9.57,15.07,-0.01,1,0,,,,0.002,-0.001,47.9,13.26,-0.01,,,10.438
58.27,CARRY,11.39,0.1,-9.57,15.08,-0.01,1,0,,,,0.003,-0.001,51.5,13.26,-0.01,,,10.375
58.32,CARRY,11.39,0.1,-9.57,15.1,-0.01,1,0,,,,0.003,-0.001,50.8,13.26,-0.01,,,10.375
58.38,CARRY,11.39,0.1,-9.57,15.11,-0.01,1,0,,,,0.004,-0.001,48.9,13.26,-0.01,,,10.375
58.43,CARRY,11.39,0.1,-9.57,15.12,-0.01,1,0,,,,0.004,-0.001,49.0,13.26,-0.01,,,10.375
58.48,CARRY,11.39,0.09,-9.57,15.13,-0.01,1,0,,,,0.004,-0.001,53.1,13.26,-0.01,,,10.375
58.53,CARRY,11.39,0.09,-9.57,15.15,-0.01,1,0,,,,0.005,-0.002,50.6,13.26,-0.01,,,10.375
58.58,CARRY,11.39,0.09,-9.57,15.16,-0.01,1,0,,,,0.005,-0.001,51.7,13.26,-0.01,,,10.375
58.63,CARRY,11.39,0.09,-9.57,15.17,-0.01,1,0,,,,0.005,-0.002,50.8,13.26,-0.01,,,10.375
58.69,CARRY,11.39,0.09,-9.57,15.19,-0.01,1,0,,,,0.005,-0.002,51.2,13.26,-0.01,,,10.375
58.74,CARRY,11.39,0.09,-9.57,15.2,-0.01,1,0,,,,0.005,-0.002,48.7,13.26,-0.01,,,10.375
58.79,CARRY,11.39,0.09,-9.57,15.21,-0.01,1,0,,,,0.005,-0.002,51.4,13.26,-0.01,,,10.375
58.84,CARRY,11.39,0.09,-9.57,15.22,-0.01,1,0,,,,0.005,-0.002,48.7,13.26,-0.01,,,10.375
58.89,CARRY,11.39,0.09,-9.57,15.24,-0.01,1,0,,,,0.005,-0.002,49.1,13.26,-0.01,,,10.375
58.94,CARRY,11.39,0.09,-9.57,15.25,-0.01,1,0,,,,0.005,-0.002,48.1,13.26,-0.01,,,10.375
58.99,CARRY,11.39,0.09,-9.57,15.26,-0.01,1,0,,,,0.004,-0.002,48.7,13.26,-0.01,,,10.375
59.04,CARRY,11.39,0.09,-9.57,15.27,-0.01,1,0,,,,0.005,-0.003,48.9,13.26,-0.01,,,10.375
59.09,CARRY,11.4,0.09,-9.57,15.29,-0.01,1,0,,,,0.004,-0.002,48.6,13.26,-0.01,,,10.375
59.14,CARRY,11.4,0.09,-9.57,15.3,-0.01,1,0,,,,0.004,-0.003,47.9,13.26,-0.01,,,10.375
59.19,CARRY,11.4,0.09,-9.57,15.31,-0.01,1,0,,,,0.004,-0.003,48.6,13.26,-0.01,,,10.438
59.24,CARRY,11.4,0.09,-9.57,15.32,-0.01,1,0,,,,0.004,-0.003,48.0,13.26,-0.01,,,10.438
59.29,CARRY,11.4,0.09,-9.57,15.34,-0.01,1,0,,,,0.004,-0.003,48.6,13.26,-0.01,,,10.438
59.34,CARRY,11.4,0.09,-9.57,15.35,-0.01,1,0,,,,0.004,-0.003,48.0,13.26,-0.01,,,10.438
59.39,CARRY,11.4,0.08,-9.58,15.36,-0.01,1,0,,,,0.003,-0.003,48.6,13.26,-0.01,,,10.375
59.44,CARRY,11.4,0.08,-9.58,15.37,-0.01,1,0,,,,0.004,-0.004,48.0,13.26,-0.01,,,10.438
59.49,CARRY,11.4,0.08,-9.58,15.39,-0.01,1,0,,,,0.003,-0.003,48.9,13.26,-0.01,,,10.438
59.54,CARRY,11.4,0.08,-9.58,15.4,-0.01,1,0,,,,0.004,-0.004,48.1,13.26,-0.01,,,10.438
59.59,CARRY,11.4,0.08,-9.58,15.41,-0.01,1,0,,,,0.003,-0.003,48.7,13.26,-0.01,,,10.438
59.64,CARRY,11.4,0.08,-9.58,15.42,-0.01,1,0,,,,0.004,-0.004,48.1,13.26,-0.01,,,10.438
59.69,CARRY,11.4,0.08,-9.58,15.44,-0.01,1,0,,,,0.004,-0.004,48.5,13.26,-0.01,,,10.438
59.74,CARRY,11.4,0.08,-9.58,15.45,-0.01,1,0,,,,0.004,-0.004,48.6,13.26,-0.01,,,10.438
59.79,CARRY,11.41,0.08,-9.58,15.46,-0.01,1,0,,,,0.004,-0.004,48.5,13.26,-0.01,,,10.438
59.84,CARRY,11.41,0.08,-9.58,15.47,-0.01,1,0,,,,0.004,-0.004,48.0,13.26,-0.01,,,10.5
59.89,CARRY,11.41,0.08,-9.58,15.49,-0.01,1,0,,,,0.004,-0.004,48.4,13.26,-0.01,,,10.438
59.94,CARRY,11.41,0.08,-9.58,15.5,-0.01,1,0,,,,0.004,-0.004,47.8,13.26,-0.01,,,10.438
59.99,CARRY,11.41,0.08,-9.58,15.51,-0.01,1,0,,,,0.004,-0.004,50.6,13.26,-0.01,,,10.438
60.04,CARRY,11.41,0.08,-9.58,15.53,-0.01,1,0,,,,0.004,-0.004,51.2,13.26,-0.01,,,10.375
60.09,CARRY,11.41,0.08,-9.58,15.54,-0.01,1,0,,,,0.004,-0.005,48.3,13.26,-0.01,,,10.375
60.14,CARRY,11.41,0.08,-9.58,15.55,-0.01,1,0,,,,0.004,-0.004,49.5,13.26,-0.01,,,10.375
60.19,CARRY,11.41,0.08,-9.58,15.56,-0.01,1,0,,,,0.005,-0.005,48.4,13.26,-0.01,,,10.375
60.24,CARRY,11.41,0.07,-9.58,15.58,-0.01,1,0,,,,0.005,-0.005,50.4,13.26,-0.01,,,10.438
60.3,CARRY,11.41,0.07,-9.58,15.59,-0.01,1,0,,,,0.005,-0.005,48.7,13.26,-0.01,,,10.438
60.35,CARRY,11.41,0.07,-9.58,15.6,-0.01,1,0,,,,0.005,-0.005,49.4,13.26,-0.01,,,10.438
60.4,CARRY,11.41,0.07,-9.58,15.61,-0.01,1,0,,,,0.005,-0.005,48.7,13.26,-0.01,,,10.438
60.45,CARRY,11.41,0.07,-9.58,15.63,-0.01,1,0,,,,0.005,-0.005,49.1,13.26,-0.01,,,10.438
60.5,CARRY,11.41,0.07,-9.58,15.64,-0.01,1,0,,,,0.006,-0.006,48.3,13.26,-0.01,,,10.438
60.55,CARRY,11.41,0.07,-9.58,15.65,-0.01,1,0,,,,0.006,-0.005,48.8,13.26,-0.01,,,10.438
60.6,CARRY,11.41,0.07,-9.58,15.66,-0.01,1,0,,,,0.006,-0.006,48.1,13.26,-0.01,,,10.438
60.65,CARRY,11.41,0.07,-9.58,15.68,-0.01,1,0,,,,0.006,-0.006,50.1,13.26,-0.01,,,10.438
60.7,CARRY,11.41,0.07,-9.58,15.69,-0.01,1,0,,,,0.006,-0.006,47.6,13.26,-0.01,,,10.375
60.75,CARRY,11.41,0.07,-9.58,15.7,-0.01,1,0,,,,0.006,-0.006,49.0,13.26,-0.01,,,10.438
60.8,CARRY,11.41,0.07,-9.58,15.71,-0.01,1,0,,,,0.006,-0.006,48.1,13.26,-0.01,,,10.438
60.85,CARRY,11.41,0.07,-9.58,15.73,-0.01,1,0,,,,0.006,-0.006,49.2,13.26,-0.01,,,10.438
60.9,CARRY,11.41,0.07,-9.58,15.74,-0.01,1,0,,,,0.007,-0.007,49.6,13.26,-0.01,,,10.438
60.95,CARRY,11.42,0.07,-9.58,15.75,-0.01,1,0,,,,0.006,-0.007,48.6,13.26,-0.01,,,10.438
61.0,CARRY,11.42,0.07,-9.58,15.76,-0.01,1,0,,,,0.007,-0.007,48.2,13.26,-0.01,,,10.438
61.05,REGROUND,11.42,0.07,-9.58,15.78,-0.01,1,0,,,,0.006,-0.007,49.5,13.26,-0.01,,,10.438
61.1,REGROUND,11.42,0.07,-9.58,15.79,-0.01,1,0,,,,0.007,-0.007,3.5,13.26,-0.01,,,
61.15,REGROUND,11.42,0.07,-9.58,15.8,-0.01,1,0,,,,0.006,-0.007,1.6,13.26,-0.01,,,
61.2,REGROUND,11.42,0.07,-9.58,15.81,-0.01,1,0,,,,0.007,-0.007,1.0,13.26,-0.01,,,
61.25,REGROUND,11.42,0.06,-9.58,15.83,-0.01,1,0,,,,0.007,-0.007,1.6,13.26,-0.01,,,
61.3,REGROUND,11.42,0.06,-9.58,15.84,-0.01,1,0,,,,0.007,-0.008,1.0,13.26,-0.01,,,
61.35,REGROUND,11.42,0.06,-9.58,15.85,-0.01,1,0,,,,0.006,-0.007,1.6,13.26,-0.01,,,
61.4,REGROUND,11.42,0.06,-9.58,15.86,-0.01,1,0,,,,0.007,-0.008,1.0,13.26,-0.01,,,
61.45,REGROUND,11.42,0.06,-9.58,15.88,-0.01,1,0,,,,0.006,-0.007,1.6,13.26,-0.01,,,
61.5,REGROUND,11.42,0.06,-9.58,15.89,-0.01,1,0,,,,0.007,-0.008,1.0,13.26,-0.01,,,
61.55,REGROUND,11.42,0.06,-9.58,15.9,-0.01,1,0,,,,0.006,-0.007,1.5,13.26,-0.01,,,
61.6,REGROUND,11.42,0.06,-9.58,15.91,-0.01,1,0,,,,0.007,-0.008,1.0,13.26,-0.01,,,
61.65,REGROUND,11.43,0.06,-9.58,15.93,-0.01,1,0,,,,0.006,-0.007,1.7,13.26,-0.01,,,
61.7,REGROUND,11.43,0.06,-9.58,15.94,-0.01,1,0,,,,0.007,-0.008,1.0,13.26,-0.01,,,
61.75,REGROUND,11.43,0.06,-9.58,15.95,-0.01,1,0,,,,0.006,-0.007,1.5,13.26,-0.01,,,
61.8,REGROUND,11.43,0.06,-9.58,15.96,-0.01,1,0,,,,0.007,-0.008,1.0,13.26,-0.01,,,
61.85,REGROUND,11.43,0.06,-9.58,15.98,-0.01,1,0,,,,0.006,-0.008,1.7,13.26,-0.01,,,
61.9,REGROUND,11.43,0.06,-9.58,15.99,-0.01,1,0,,,,0.007,-0.008,1.0,13.26,-0.01,,,
61.95,REGROUND,11.43,0.05,-9.58,16.0,-0.01,1,0,,,,0.006,-0.008,1.7,13.26,-0.01,,,
62.0,REGROUND,11.43,0.05,-9.58,16.01,-0.01,1,0,,,,0.007,-0.008,1.0,13.26,-0.01,,,
62.05,REGROUND,11.43,0.05,-9.58,16.03,-0.01,1,0,,,,0.006,-0.008,1.7,13.26,-0.01,,,
62.1,REGROUND,11.43,0.05,-9.58,16.04,-0.01,1,0,,,,0.007,-0.008,1.0,13.26,-0.01,,,
62.15,REGROUND,11.43,0.05,-9.58,16.05,-0.01,1,0,,,,0.006,-0.008,1.7,13.26,-0.01,,,
62.2,REGROUND,11.43,0.05,-9.58,16.06,-0.01,1,0,,,,0.007,-0.008,0.9,13.26,-0.01,,,
62.25,REGROUND,11.43,0.05,-9.58,16.08,-0.01,1,0,,,,0.006,-0.008,1.6,13.26,-0.01,,,
62.3,REGROUND,11.43,0.05,-9.58,16.09,-0.01,1,0,,,,0.007,-0.009,1.0,13.26,-0.01,,,
62.35,REGROUND,11.44,0.05,-9.58,16.1,-0.01,1,0,,,,0.006,-0.008,1.7,13.26,-0.01,,,
62.4,REGROUND,11.44,0.05,-9.58,16.11,-0.01,1,0,,,,0.007,-0.009,1.0,13.26,-0.01,,,
62.45,REGROUND,11.44,0.05,-9.58,16.13,-0.01,1,0,,,,0.007,-0.009,1.7,13.26,-0.01,,,
62.5,REGROUND,11.44,0.05,-9.58,16.14,-0.01,1,0,,,,0.007,-0.009,1.1,13.26,-0.01,,,
62.55,REGROUND,11.44,0.05,-9.58,16.15,-0.01,1,0,,,,0.007,-0.009,1.7,13.26,-0.01,,,
62.6,REGROUND,11.44,0.05,-9.58,16.16,-0.01,1,0,,,,0.007,-0.01,1.0,13.26,-0.01,,,
62.65,REGROUND,11.44,0.05,-9.58,16.18,-0.01,1,0,,,,0.007,-0.01,1.8,13.26,-0.01,,,
62.7,REGROUND,11.44,0.05,-9.58,16.19,-0.01,1,0,,,,0.007,-0.01,1.0,13.26,-0.01,,,
62.75,REGROUND,11.44,0.05,-9.58,16.2,-0.01,1,0,,,,0.007,-0.01,1.7,13.26,-0.01,,,
62.8,REGROUND,11.44,0.05,-9.58,16.21,-0.01,1,0,,,,0.007,-0.01,0.9,13.26,-0.01,,,
62.85,REGROUND,11.44,0.05,-9.58,16.23,-0.01,1,0,,,,0.007,-0.01,1.7,13.26,-0.01,,,
62.9,REGROUND,11.44,0.05,-9.58,16.24,-0.01,1,0,,,,0.008,-0.011,1.0,13.26,-0.01,,,
62.95,REGROUND,11.44,0.04,-9.58,16.25,-0.01,1,0,,,,0.007,-0.011,1.4,13.26,-0.01,,,
63.0,REGROUND,11.44,0.04,-9.58,16.27,-0.01,1,0,,,,0.008,-0.011,1.0,13.26,-0.01,,,
63.05,REGROUND,11.44,0.04,-9.58,16.28,-0.01,1,0,,,,0.008,-0.011,1.6,13.26,-0.01,,,
63.1,REGROUND,11.44,0.04,-9.58,16.29,-0.01,1,0,,,,0.008,-0.011,1.1,13.26,-0.01,,,
63.15,REGROUND,11.44,0.04,-9.58,16.3,-0.01,1,0,,,,0.008,-0.011,1.7,13.26,-0.01,,,
63.2,REGROUND,11.44,0.04,-9.58,16.32,-0.01,1,0,,,,0.008,-0.012,0.8,13.26,-0.01,,,
63.25,REGROUND,11.44,0.04,-9.58,16.33,-0.01,1,0,,,,0.008,-0.012,1.7,13.26,-0.01,,,
63.3,REGROUND,11.44,0.04,-9.58,16.34,-0.01,1,0,,,,0.008,-0.012,1.0,13.26,-0.01,,,
63.35,CARRY,11.44,0.04,-9.58,16.35,-0.01,1,0,,,,-0.03,0.036,254.2,13.26,-0.01,,,
63.61,CARRY,11.45,0.04,-9.58,16.42,-0.01,1,0,325.0,122.5,117.6,2.35,0.1,48.9,13.26,-0.01,170.1,12.3,10.438
63.66,CARRY,11.45,0.04,-9.58,16.43,-0.01,1,0,,,,-0.04,0.036,49.2,13.26,-0.01,,,10.312
63.71,CARRY,11.45,0.04,-9.58,16.44,-0.01,1,0,,,,-0.04,0.036,49.8,13.26,-0.01,,,10.312
63.76,CARRY,11.45,0.04,-9.58,16.45,-0.01,1,0,,,,-0.04,0.036,50.2,13.26,-0.01,,,10.25
63.81,CARRY,11.45,0.04,-9.58,16.47,-0.01,1,0,,,,-0.04,0.036,49.2,13.26,-0.01,,,10.25
63.86,CARRY,11.45,0.04,-9.58,16.48,-0.01,1,0,,,,-0.04,0.036,50.8,13.26,-0.01,,,10.25
63.91,CARRY,11.45,0.04,-9.58,16.49,-0.01,1,0,,,,-0.04,0.036,49.4,13.26,-0.01,,,10.188
63.96,CARRY,11.45,0.04,-9.58,16.51,-0.01,1,0,,,,-0.04,0.036,50.5,13.26,-0.01,,,10.125
64.01,CARRY,11.45,0.04,-9.58,16.52,-0.01,1,0,,,,-0.04,0.036,50.2,13.26,-0.01,,,10.125
64.06,CARRY,11.45,0.04,-9.58,16.53,-0.01,1,0,,,,-0.04,0.035,50.9,13.26,-0.01,,,10.062
64.12,CARRY,11.45,0.04,-9.58,16.54,-0.01,1,0,,,,-0.04,0.035,49.2,13.26,-0.01,,,10.062
64.17,CARRY,11.45,0.04,-9.58,16.56,-0.01,1,0,,,,-0.039,0.034,49.5,13.26,-0.01,,,10.062
64.22,CARRY,11.45,0.04,-9.58,16.57,-0.01,1,0,,,,-0.039,0.034,49.1,13.26,-0.01,,,10.062
64.27,CARRY,11.45,0.04,-9.58,16.58,-0.01,1,0,,,,-0.038,0.032,49.4,13.26,-0.01,,,10.188
64.32,CARRY,11.45,0.04,-9.58,16.59,-0.01,1,0,,,,-0.038,0.032,47.7,13.26,-0.01,,,10.125
64.37,CARRY,11.44,0.04,-9.58,16.61,-0.01,1,0,,,,-0.037,0.031,49.7,13.26,-0.01,,,10.125
64.42,CARRY,11.44,0.04,-9.58,16.62,-0.01,1,0,,,,-0.037,0.031,49.1,13.26,-0.01,,,10.188
64.47,CARRY,11.44,0.05,-9.58,16.63,-0.01,1,0,,,,-0.035,0.029,48.7,13.26,-0.01,,,10.125
64.52,CARRY,11.44,0.05,-9.58,16.64,-0.01,1,0,,,,-0.035,0.029,49.9,13.26,-0.01,,,10.188
64.57,CARRY,11.44,0.05,-9.58,16.66,-0.01,1,0,,,,-0.034,0.028,48.6,13.26,-0.01,,,10.125
64.62,CARRY,11.44,0.05,-9.58,16.67,-0.01,1,0,,,,-0.034,0.028,50.3,13.26,-0.01,,,10.188
64.67,CARRY,11.44,0.05,-9.58,16.68,-0.01,1,0,,,,-0.032,0.026,48.9,13.26,-0.01,,,10.188
64.72,CARRY,11.44,0.05,-9.58,16.69,-0.01,1,0,,,,-0.032,0.026,48.4,13.26,-0.01,,,10.188
64.77,CARRY,11.43,0.05,-9.58,16.71,-0.01,1,0,,,,-0.031,0.025,48.5,13.26,-0.01,,,10.25
64.82,CARRY,11.43,0.05,-9.58,16.72,-0.01,1,0,,,,-0.03,0.024,48.3,13.26,-0.01,,,10.25
64.87,CARRY,11.43,0.06,-9.58,16.73,-0.01,1,0,,,,-0.029,0.023,48.7,13.26,-0.01,,,10.25
64.92,CARRY,11.43,0.06,-9.58,16.74,-0.01,1,0,,,,-0.029,0.023,48.3,13.26,-0.01,,,10.25
64.97,CARRY,11.43,0.06,-9.58,16.76,-0.01,1,0,,,,-0.027,0.022,48.6,13.26,-0.01,,,10.25
65.02,CARRY,11.43,0.06,-9.58,16.77,-0.01,1,0,,,,-0.027,0.021,48.9,13.26,-0.01,,,10.25
65.07,CARRY,11.42,0.06,-9.58,16.78,-0.01,1,0,,,,-0.026,0.02,50.2,13.26,-0.01,,,10.25
65.12,CARRY,11.42,0.06,-9.58,16.79,-0.01,1,0,,,,-0.026,0.02,48.7,13.26,-0.01,,,10.25
65.17,CARRY,11.42,0.06,-9.58,16.81,-0.01,1,0,,,,-0.024,0.019,48.9,13.26,-0.01,,,10.25
65.22,CARRY,11.42,0.06,-9.58,16.82,-0.01,1,0,,,,-0.024,0.018,49.6,13.26,-0.01,,,10.25
65.27,CARRY,11.42,0.07,-9.58,16.83,-0.01,1,0,,,,-0.023,0.017,50.9,13.26,-0.01,,,10.188
65.32,CARRY,11.42,0.07,-9.58,16.85,-0.01,1,0,,,,-0.023,0.017,48.3,13.26,-0.01,,,10.188
65.37,CARRY,11.42,0.07,-9.58,16.86,-0.01,1,0,,,,-0.022,0.016,49.1,13.26,-0.01,,,10.188
65.42,CARRY,11.42,0.07,-9.58,16.87,-0.01,1,0,,,,-0.022,0.016,50.3,13.26,-0.01,,,10.188
65.47,CARRY,11.42,0.07,-9.58,16.88,-0.01,1,0,,,,-0.02,0.014,48.8,13.26,-0.01,,,10.188
65.53,CARRY,11.42,0.07,-9.58,16.9,-0.01,1,0,,,,-0.02,0.014,49.8,13.26,-0.01,,,10.188
65.58,CARRY,11.41,0.07,-9.58,16.91,-0.01,1,0,,,,-0.019,0.013,48.8,13.26,-0.01,,,10.188
65.63,CARRY,11.41,0.07,-9.58,16.92,-0.01,1,0,,,,-0.019,0.013,50.4,13.26,-0.01,,,10.188
65.68,CARRY,11.41,0.07,-9.58,16.93,-0.01,1,0,,,,-0.018,0.011,49.1,13.26,-0.01,,,10.188
65.73,CARRY,11.41,0.07,-9.58,16.95,-0.01,1,0,,,,-0.018,0.011,50.5,13.26,-0.01,,,10.25
65.78,CARRY,11.41,0.08,-9.58,16.96,-0.01,1,0,,,,-0.017,0.01,49.3,13.26,-0.01,,,10.188
65.83,CARRY,11.41,0.08,-9.58,16.97,-0.01,1,0,,,,-0.017,0.01,50.1,13.26,-0.01,,,10.188
65.88,CARRY,11.41,0.08,-9.58,16.98,-0.01,1,0,,,,-0.015,0.009,51.2,13.26,-0.01,,,10.188
65.93,CARRY,11.41,0.08,-9.58,17.0,-0.01,1,0,,,,-0.015,0.009,48.5,13.26,-0.01,,,10.188
65.98,CARRY,11.41,0.08,-9.57,17.01,-0.01,1,0,,,,-0.014,0.008,49.1,13.26,-0.01,,,10.188
66.03,CARRY,11.41,0.08,-9.57,17.02,-0.01,1,0,,,,-0.014,0.007,49.3,13.26,-0.01,,,10.25
66.08,CARRY,11.4,0.08,-9.57,17.03,-0.01,1,0,,,,-0.013,0.006,49.5,13.26,-0.01,,,10.188
66.13,CARRY,11.4,0.08,-9.57,17.05,-0.01,1,0,,,,-0.013,0.006,49.1,13.26,-0.01,,,10.188
66.18,CARRY,11.4,0.08,-9.57,17.06,-0.01,1,0,,,,-0.012,0.005,49.7,13.26,-0.01,,,10.188
66.23,CARRY,11.4,0.08,-9.57,17.07,-0.01,1,0,,,,-0.012,0.005,48.6,13.26,-0.01,,,10.125
66.28,CARRY,11.4,0.09,-9.57,17.09,-0.01,1,0,,,,-0.011,0.004,49.6,13.26,-0.01,,,10.125
66.33,CARRY,11.4,0.09,-9.57,17.1,-0.01,1,0,,,,-0.011,0.003,48.7,13.26,-0.01,,,10.125
66.38,CARRY,11.4,0.09,-9.57,17.11,-0.01,1,0,,,,-0.01,0.003,49.8,13.26,-0.01,,,10.125
66.43,CARRY,11.4,0.09,-9.57,17.12,-0.01,1,0,,,,-0.01,0.002,48.8,13.26,-0.01,,,10.125
66.48,CARRY,11.4,0.09,-9.57,17.14,-0.01,1,0,,,,-0.009,0.001,49.7,13.26,-0.01,,,10.125
66.54,CARRY,11.4,0.09,-9.57,17.15,-0.01,1,0,,,,-0.009,0.001,48.0,13.26,-0.01,,,10.125
66.59,CARRY,11.4,0.09,-9.57,17.16,-0.01,1,0,,,,-0.008,0.0,49.1,13.26,-0.01,,,10.062
66.64,REGROUND,11.4,0.09,-9.57,17.17,-0.01,1,0,,,,-0.008,0.0,48.5,13.26,-0.01,,,10.062
66.69,REGROUND,11.39,0.09,-9.57,17.19,-0.01,1,0,,,,-0.006,-0.001,4.5,13.26,-0.01,,,
66.74,REGROUND,11.39,0.09,-9.57,17.2,-0.01,1,0,,,,-0.006,-0.001,0.9,13.26,-0.01,,,
66.79,REGROUND,11.39,0.09,-9.57,17.21,-0.01,1,0,,,,-0.005,-0.001,1.6,13.26,-0.01,,,
66.84,REGROUND,11.39,0.09,-9.57,17.22,-0.01,1,0,,,,-0.005,-0.002,0.8,13.26,-0.01,,,
66.89,REGROUND,11.39,0.1,-9.57,17.24,-0.01,1,0,,,,-0.004,-0.002,1.7,13.26,-0.01,,,
66.94,REGROUND,11.39,0.1,-9.57,17.25,-0.01,1,0,,,,-0.004,-0.003,0.8,13.26,-0.01,,,
66.99,REGROUND,11.39,0.1,-9.57,17.26,-0.01,1,0,,,,-0.004,-0.003,1.7,13.26,-0.01,,,
67.04,REGROUND,11.39,0.1,-9.57,17.27,-0.01,1,0,,,,-0.003,-0.003,1.0,13.26,-0.01,,,
67.09,REGROUND,11.39,0.1,-9.57,17.29,-0.01,1,0,,,,-0.003,-0.004,1.6,13.26,-0.01,,,
67.14,REGROUND,11.39,0.1,-9.57,17.3,-0.01,1,0,,,,-0.003,-0.004,0.8,13.26,-0.01,,,
67.19,REGROUND,11.39,0.1,-9.57,17.31,-0.01,1,0,,,,-0.002,-0.005,1.7,13.26,-0.01,,,
67.24,REGROUND,11.39,0.1,-9.57,17.32,-0.01,1,0,,,,-0.002,-0.005,1.0,13.26,-0.01,,,
67.29,REGROUND,11.39,0.1,-9.57,17.34,-0.01,1,0,,,,-0.001,-0.005,1.6,13.26,-0.01,,,
67.34,REGROUND,11.39,0.1,-9.57,17.35,-0.01,1,0,,,,-0.001,-0.005,1.0,13.26,-0.01,,,
67.39,REGROUND,11.39,0.1,-9.57,17.36,-0.01,1,0,,,,-0.001,-0.006,1.6,13.26,-0.01,,,
67.44,REGROUND,11.39,0.1,-9.57,17.37,-0.01,1,0,,,,-0.001,-0.006,1.0,13.26,-0.01,,,
67.49,REGROUND,11.38,0.1,-9.57,17.39,-0.01,1,0,,,,-0.0,-0.006,1.5,13.26,-0.01,,,
67.54,REGROUND,11.38,0.1,-9.57,17.4,-0.01,1,0,,,,-0.0,-0.006,1.0,13.26,-0.01,,,
67.59,REGROUND,11.38,0.1,-9.57,17.41,-0.01,1,0,,,,0.0,-0.006,1.7,13.26,-0.01,,,
67.64,REGROUND,11.38,0.1,-9.57,17.42,-0.01,1,0,,,,0.0,-0.007,1.1,13.26,-0.01,,,
67.69,REGROUND,11.38,0.1,-9.57,17.44,-0.01,1,0,,,,0.001,-0.007,1.7,13.26,-0.01,,,
67.74,REGROUND,11.38,0.1,-9.57,17.45,-0.01,1,0,,,,0.001,-0.007,0.8,13.26,-0.01,,,
67.79,REGROUND,11.38,0.1,-9.57,17.46,-0.01,1,0,,,,0.001,-0.007,1.7,13.26,-0.01,,,
67.84,REGROUND,11.38,0.1,-9.57,17.47,-0.01,1,0,,,,0.001,-0.007,1.0,13.26,-0.01,,,
67.89,REGROUND,11.38,0.1,-9.57,17.49,-0.01,1,0,,,,0.002,-0.007,1.5,13.26,-0.01,,,
67.94,REGROUND,11.38,0.1,-9.57,17.5,-0.01,1,0,,,,0.002,-0.007,1.0,13.26,-0.01,,,
67.99,REGROUND,11.38,0.1,-9.57,17.51,-0.01,1,0,,,,0.002,-0.007,1.5,13.26,-0.01,,,
68.04,REGROUND,11.38,0.1,-9.57,17.52,-0.01,1,0,,,,0.002,-0.007,1.0,13.26,-0.01,,,
68.09,REGROUND,11.38,0.1,-9.58,17.54,-0.01,0,0,,,,0.003,-0.007,1.4,13.26,-0.01,,,
68.14,REGROUND,11.38,0.1,-9.58,17.55,-0.01,0,0,,,,0.003,-0.007,1.0,13.26,-0.01,,,
68.19,REGROUND,11.38,0.1,-9.58,17.56,-0.01,0,0,,,,0.003,-0.007,1.5,13.26,-0.01,,,
68.24,REGROUND,11.38,0.1,-9.58,17.57,-0.01,0,0,,,,0.004,-0.007,0.8,13.26,-0.01,,,
68.29,REGROUND,11.38,0.09,-9.58,17.59,-0.01,0,0,,,,0.004,-0.007,1.7,13.26,-0.01,,,
68.34,REGROUND,11.38,0.09,-9.58,17.6,-0.01,0,0,,,,0.004,-0.007,1.1,13.26,-0.01,,,
68.39,REGROUND,11.38,0.09,-9.58,17.61,-0.01,0,0,,,,0.004,-0.007,1.7,13.26,-0.01,,,
68.44,REGROUND,11.38,0.09,-9.58,17.62,-0.01,0,0,,,,0.004,-0.007,1.0,13.26,-0.01,,,
68.49,REGROUND,11.38,0.09,-9.58,17.64,-0.01,0,0,,,,0.005,-0.007,1.6,13.26,-0.01,,,
68.54,REGROUND,11.38,0.09,-9.58,17.65,-0.01,0,0,,,,0.005,-0.008,1.0,13.26,-0.01,,,
68.59,REGROUND,11.38,0.09,-9.58,17.66,-0.01,0,0,,,,0.005,-0.007,1.6,13.26,-0.01,,,
68.64,REGROUND,11.38,0.09,-9.58,17.67,-0.01,0,0,,,,0.005,-0.008,1.0,13.26,-0.01,,,
68.69,REGROUND,11.38,0.09,-9.58,17.69,-0.01,0,0,,,,0.005,-0.008,1.6,13.26,-0.01,,,
68.74,REGROUND,11.38,0.09,-9.58,17.7,-0.01,0,0,,,,0.005,-0.008,1.0,13.26,-0.01,,,
68.79,REGROUND,11.38,0.09,-9.58,17.71,-0.01,0,0,,,,0.005,-0.008,1.5,13.26,-0.01,,,
68.84,REGROUND,11.38,0.09,-9.58,17.72,-0.01,0,0,,,,0.005,-0.008,1.0,13.26,-0.01,,,
68.89,REGROUND,11.38,0.09,-9.58,17.74,-0.01,0,0,,,,0.005,-0.008,1.7,13.26,-0.01,,,
68.94,REGROUND,11.38,0.09,-9.58,17.75,-0.01,0,0,,,,0.006,-0.008,1.0,13.26,-0.01,,,
68.99,REGROUND,11.38,0.09,-9.58,17.76,-0.01,0,0,,,,0.005,-0.008,1.9,13.26,-0.01,,,
69.04,REGROUND,11.38,0.09,-9.58,17.77,-0.01,0,0,,,,0.006,-0.008,1.0,13.26,-0.01,,,
69.09,REGROUND,11.38,0.09,-9.58,17.79,-0.01,0,0,,,,0.006,-0.008,4.5,13.26,-0.01,,,
69.14,REGROUND,11.38,0.09,-9.58,17.8,-0.01,0,0,,,,0.006,-0.008,1.0,13.26,-0.01,,,
69.19,REGROUND,11.38,0.09,-9.58,17.81,-0.01,0,0,,,,0.005,-0.008,1.6,13.26,-0.01,,,
69.24,REGROUND,11.38,0.09,-9.58,17.82,-0.01,0,0,,,,0.005,-0.008,1.0,13.26,-0.01,,,
69.29,REGROUND,11.38,0.09,-9.58,17.84,-0.01,0,0,,,,0.005,-0.008,1.6,13.26,-0.01,,,
69.34,REGROUND,11.38,0.09,-9.58,17.85,-0.01,0,0,,,,0.005,-0.008,1.0,13.26,-0.01,,,
69.39,REGROUND,11.38,0.09,-9.58,17.86,-0.01,0,0,,,,0.005,-0.008,1.6,13.26,-0.01,,,
69.44,REGROUND,11.38,0.09,-9.58,17.87,-0.01,0,0,,,,0.005,-0.008,0.9,13.26,-0.01,,,
69.49,REGROUND,11.38,0.09,-9.58,17.89,-0.01,0,0,,,,0.005,-0.008,1.5,13.26,-0.01,,,
69.54,REGROUND,11.38,0.09,-9.58,17.9,-0.01,0,0,,,,0.005,-0.009,1.0,13.26,-0.01,,,
69.59,REGROUND,11.38,0.09,-9.58,17.91,-0.01,0,0,,,,0.005,-0.008,1.7,13.26,-0.01,,,
69.64,REGROUND,11.38,0.09,-9.58,17.92,-0.01,0,0,,,,0.005,-0.009,1.1,13.26,-0.01,,,
69.69,REGROUND,11.38,0.09,-9.58,17.94,-0.01,0,0,,,,0.005,-0.009,1.7,13.26,-0.01,,,
69.74,REGROUND,11.38,0.09,-9.58,17.95,-0.01,0,0,,,,0.005,-0.009,1.0,13.26,-0.01,,,
69.79,REGROUND,11.38,0.09,-9.58,17.96,-0.01,0,0,,,,0.005,-0.009,1.7,13.26,-0.01,,,
69.84,REGROUND,11.38,0.09,-9.58,17.97,-0.01,0,0,,,,0.005,-0.009,1.0,13.26,-0.01,,,
69.89,REGROUND,11.38,0.09,-9.58,17.99,-0.01,0,0,,,,0.005,-0.009,1.7,13.26,-0.01,,,
69.94,REGROUND,11.38,0.09,-9.58,18.0,-0.01,0,0,,,,0.005,-0.009,1.0,13.26,-0.01,,,
69.99,REGROUND,11.38,0.09,-9.58,18.01,-0.01,0,0,,,,0.004,-0.009,1.6,13.26,-0.01,,,
70.04,REGROUND,11.38,0.09,-9.58,18.02,-0.01,0,0,,,,0.005,-0.009,0.9,13.26,-0.01,,,
70.09,REGROUND,11.38,0.09,-9.58,18.04,-0.01,0,0,,,,0.004,-0.009,1.6,13.26,-0.01,,,
70.14,REGROUND,11.38,0.09,-9.58,18.05,-0.01,0,0,,,,0.004,-0.009,0.9,13.26,-0.01,,,
70.19,REGROUND,11.38,0.08,-9.58,18.06,-0.01,0,0,,,,0.004,-0.009,1.5,13.26,-0.01,,,
70.24,REGROUND,11.38,0.08,-9.58,18.07,-0.01,0,0,,,,0.004,-0.009,1.0,13.26,-0.01,,,
70.29,REGROUND,11.38,0.08,-9.58,18.09,-0.01,0,0,,,,0.004,-0.009,1.7,13.26,-0.01,,,
70.34,REGROUND,11.38,0.08,-9.58,18.1,-0.01,0,0,,,,0.004,-0.01,1.0,13.26,-0.01,,,
70.39,REGROUND,11.38,0.08,-9.58,18.11,-0.01,0,0,,,,0.004,-0.009,1.7,13.26,-0.01,,,
70.44,REGROUND,11.38,0.08,-9.58,18.12,-0.01,0,0,,,,0.004,-0.01,1.1,13.26,-0.01,,,
70.49,REGROUND,11.39,0.08,-9.58,18.14,-0.01,0,0,,,,0.004,-0.009,1.7,13.26,-0.01,,,
70.54,REGROUND,11.39,0.08,-9.58,18.15,-0.01,0,0,,,,0.004,-0.01,1.0,13.26,-0.01,,,
70.59,REGROUND,11.39,0.08,-9.58,18.16,-0.01,0,0,,,,0.004,-0.009,1.6,13.26,-0.01,,,
70.64,REGROUND,11.39,0.08,-9.58,18.17,-0.01,0,0,,,,0.004,-0.01,1.0,13.26,-0.01,,,
70.69,REGROUND,11.39,0.08,-9.58,18.19,-0.01,0,0,,,,0.004,-0.01,1.6,13.26,-0.01,,,
70.74,REGROUND,11.39,0.08,-9.58,18.2,-0.01,0,0,,,,0.004,-0.01,1.0,13.26,-0.01,,,
70.79,REGROUND,11.39,0.08,-9.58,18.21,-0.01,0,0,,,,0.004,-0.01,1.6,13.26,-0.01,,,
70.84,REGROUND,11.39,0.08,-9.58,18.22,-0.01,0,0,,,,0.004,-0.01,0.9,13.26,-0.01,,,
70.89,REGROUND,11.39,0.08,-9.58,18.24,-0.01,0,0,,,,0.004,-0.01,1.5,13.26,-0.01,,,
70.94,REGROUND,11.39,0.08,-9.58,18.25,-0.01,0,0,,,,0.004,-0.01,1.0,13.26,-0.01,,,
70.99,REGROUND,11.39,0.08,-9.58,18.26,-0.01,0,0,,,,0.004,-0.01,1.7,13.26,-0.01,,,
71.04,REGROUND,11.39,0.08,-9.58,18.27,-0.01,0,0,,,,0.004,-0.01,1.1,13.26,-0.01,,,
71.09,REGROUND,11.39,0.08,-9.58,18.29,-0.01,0,0,,,,0.004,-0.01,1.8,13.26,-0.01,,,
71.14,REGROUND,11.39,0.08,-9.58,18.3,-0.01,0,0,,,,0.004,-0.009,1.7,13.26,-0.01,,,
71.19,REGROUND,11.39,0.08,-9.58,18.31,-0.01,0,0,,,,0.004,-0.009,1.1,13.26,-0.01,,,
71.24,REGROUND,11.39,0.08,-9.58,18.32,-0.01,0,0,,,,0.004,-0.01,1.0,13.26,-0.01,,,
71.29,REGROUND,11.39,0.08,-9.58,18.34,-0.01,0,0,,,,0.004,-0.009,1.8,13.26,-0.01,,,
71.34,REGROUND,11.39,0.08,-9.58,18.35,-0.01,0,0,,,,0.004,-0.01,1.0,13.26,-0.01,,,
71.39,REGROUND,11.39,0.08,-9.58,18.36,-0.01,0,0,,,,0.004,-0.009,1.6,13.26,-0.01,,,
71.44,REGROUND,11.39,0.08,-9.58,18.38,-0.01,0,0,,,,0.004,-0.009,1.0,13.26,-0.01,,,
71.49,REGROUND,11.39,0.07,-9.58,18.39,-0.01,0,0,,,,0.004,-0.009,4.3,13.26,-0.01,,,
71.54,REGROUND,11.39,0.07,-9.58,18.4,-0.01,0,0,,,,0.004,-0.009,0.9,13.26,-0.01,,,
71.59,REGROUND,11.39,0.07,-9.58,18.41,-0.01,0,0,,,,0.004,-0.009,1.5,13.26,-0.01,,,
71.64,REGROUND,11.39,0.07,-9.58,18.43,-0.01,0,0,,,,0.004,-0.009,1.1,13.26,-0.01,,,
71.69,REGROUND,11.39,0.07,-9.58,18.44,-0.01,0,0,,,,0.004,-0.009,1.5,13.26,-0.01,,,
71.74,REGROUND,11.39,0.07,-9.58,18.45,-0.01,0,0,,,,0.004,-0.008,1.5,13.26,-0.01,,,
71.79,REGROUND,11.39,0.07,-9.58,18.46,-0.01,0,0,,,,0.004,-0.008,1.0,13.26,-0.01,,,
71.84,REGROUND,11.39,0.07,-9.58,18.48,-0.01,0,0,,,,0.004,-0.008,1.6,13.26,-0.01,,,
71.89,REGROUND,11.39,0.07,-9.58,18.49,-0.01,0,0,,,,0.004,-0.008,1.2,13.26,-0.01,,,
71.94,REGROUND,11.39,0.07,-9.58,18.5,-0.01,0,0,,,,0.004,-0.008,1.0,13.26,-0.01,,,
71.99,REGROUND,11.39,0.07,-9.58,18.51,-0.01,0,0,,,,0.004,-0.007,1.6,13.26,-0.01,,,
72.04,REGROUND,11.39,0.07,-9.58,18.53,-0.01,0,0,,,,0.004,-0.008,0.7,13.26,-0.01,,,
72.09,REGROUND,11.39,0.07,-9.58,18.54,-0.01,0,0,,,,0.004,-0.007,1.6,13.26,-0.01,,,
72.14,REGROUND,11.39,0.07,-9.58,18.55,-0.01,0,0,,,,0.004,-0.007,1.1,13.26,-0.01,,,
72.19,REGROUND,11.39,0.06,-9.58,18.56,-0.01,0,0,,,,0.003,-0.007,1.6,13.26,-0.01,,,
72.24,REGROUND,11.39,0.06,-9.58,18.58,-0.01,0,0,,,,0.003,-0.007,1.0,13.26,-0.01,,,
72.29,REGROUND,11.39,0.06,-9.58,18.59,-0.01,0,0,,,,0.003,-0.007,1.5,13.26,-0.01,,,
72.34,REGROUND,11.39,0.06,-9.58,18.6,-0.01,0,0,,,,0.002,-0.006,1.4,13.26,-0.01,,,
72.39,REGROUND,11.39,0.06,-9.58,18.61,-0.01,0,0,,,,0.002,-0.007,1.0,13.26,-0.01,,,
72.44,REGROUND,11.4,0.06,-9.58,18.63,-0.01,0,0,,,,0.002,-0.006,1.7,13.26,-0.01,,,
72.49,REGROUND,11.4,0.06,-9.58,18.64,-0.01,0,0,,,,0.002,-0.006,1.1,13.26,-0.01,,,
72.54,REGROUND,11.4,0.06,-9.58,18.65,-0.01,0,0,,,,0.002,-0.007,1.0,13.26,-0.01,,,
72.59,REGROUND,11.4,0.06,-9.58,18.66,-0.01,0,0,,,,0.001,-0.006,1.5,13.26,-0.01,,,
72.64,REGROUND,11.4,0.06,-9.58,18.68,-0.01,0,0,,,,0.001,-0.006,1.1,13.26,-0.01,,,
72.69,REGROUND,11.4,0.06,-9.58,18.69,-0.01,0,0,,,,0.001,-0.006,1.8,13.26,-0.01,,,
72.74,REGROUND,11.4,0.06,-9.58,18.7,-0.01,0,0,,,,0.001,-0.006,1.2,13.26,-0.01,,,
72.79,REGROUND,11.4,0.06,-9.58,18.71,-0.01,0,0,,,,0.001,-0.005,1.6,13.26,-0.01,,,
72.84,REGROUND,11.4,0.06,-9.58,18.73,-0.01,0,0,,,,0.0,-0.005,1.5,13.26,-0.01,,,
72.89,REGROUND,11.4,0.06,-9.58,18.74,-0.01,0,0,,,,0.0,-0.005,1.0,13.26,-0.01,,,
72.94,REGROUND,11.4,0.05,-9.58,18.75,-0.01,0,0,,,,0.0,-0.005,1.5,13.26,-0.01,,,
72.99,REGROUND,11.4,0.05,-9.58,18.76,-0.01,0,0,,,,0.0,-0.005,1.0,13.26,-0.01,,,
73.04,REGROUND,11.4,0.05,-9.58,18.78,-0.01,0,0,,,,-0.0,-0.005,1.5,13.26,-0.01,,,
73.09,REGROUND,11.4,0.05,-9.58,18.79,-0.01,0,0,,,,0.0,-0.005,1.0,13.26,-0.01,,,
73.14,REGROUND,11.4,0.05,-9.58,18.8,-0.01,0,0,,,,-0.0,-0.005,1.5,13.26,-0.01,,,
73.19,REGROUND,11.4,0.05,-9.58,18.81,-0.01,0,0,,,,0.0,-0.005,0.9,13.26,-0.01,,,
73.24,REGROUND,11.4,0.05,-9.58,18.83,-0.01,0,0,,,,0.0,-0.005,1.0,13.26,-0.01,,,
73.29,REGROUND,11.4,0.05,-9.58,18.84,-0.01,0,0,,,,0.0,-0.005,2.0,13.26,-0.01,,,
73.34,REGROUND,11.4,0.05,-9.58,18.85,-0.01,0,0,,,,0.0,-0.005,1.3,13.26,-0.01,,,
73.39,REGROUND,11.4,0.05,-9.58,18.86,-0.01,0,0,,,,0.0,-0.005,1.7,13.26,-0.01,,,
73.44,REGROUND,11.4,0.05,-9.58,18.88,-0.01,0,0,,,,0.0,-0.005,1.4,13.26,-0.01,,,
73.49,REGROUND,11.4,0.05,-9.58,18.89,-0.01,0,0,,,,0.0,-0.005,1.0,13.26,-0.01,,,
73.54,REGROUND,11.4,0.05,-9.58,18.9,-0.01,0,0,,,,0.001,-0.005,1.6,13.26,-0.01,,,
73.59,REGROUND,11.4,0.05,-9.58,18.91,-0.01,0,0,,,,0.001,-0.005,1.1,13.26,-0.01,,,
73.65,REGROUND,11.4,0.05,-9.58,18.93,-0.01,0,0,,,,0.001,-0.005,1.6,13.26,-0.01,,,
73.7,REGROUND,11.4,0.05,-9.58,18.94,-0.01,0,0,,,,0.001,-0.006,1.0,13.26,-0.01,,,
73.75,REGROUND,11.4,0.05,-9.58,18.95,-0.01,0,0,,,,0.001,-0.006,1.6,13.26,-0.01,,,
73.8,REGROUND,11.4,0.05,-9.58,18.96,-0.01,0,0,,,,0.001,-0.006,0.9,13.26,-0.01,,,
73.85,REGROUND,11.4,0.05,-9.58,18.98,-0.01,0,0,,,,0.001,-0.006,1.6,13.26,-0.01,,,
73.9,REGROUND,11.4,0.05,-9.58,18.99,-0.01,0,0,,,,0.002,-0.006,3.9,13.26,-0.01,,,
73.95,REGROUND,11.4,0.05,-9.58,19.0,-0.01,0,0,,,,0.002,-0.006,1.1,13.26,-0.01,,,
74.0,REGROUND,11.4,0.05,-9.58,19.01,-0.01,0,0,,,,0.002,-0.006,1.7,13.26,-0.01,,,
74.05,REGROUND,11.4,0.05,-9.58,19.03,-0.01,0,0,,,,0.002,-0.006,1.3,13.26,-0.01,,,
74.1,REGROUND,11.4,0.05,-9.58,19.04,-0.01,0,0,,,,0.002,-0.007,1.0,13.26,-0.01,,,
74.15,REGROUND,11.4,0.05,-9.58,19.05,-0.01,0,0,,,,0.002,-0.007,1.7,13.26,-0.01,,,
74.2,REGROUND,11.4,0.05,-9.58,19.06,-0.01,0,0,,,,0.002,-0.007,1.2,13.26,-0.01,,,
74.25,REGROUND,11.4,0.05,-9.58,19.08,-0.01,0,0,,,,0.002,-0.007,1.6,13.26,-0.01,,,
74.3,REGROUND,11.4,0.05,-9.58,19.09,-0.01,0,0,,,,0.003,-0.007,1.0,13.26,-0.01,,,
74.35,REGROUND,11.4,0.05,-9.58,19.1,-0.01,0,0,,,,0.003,-0.007,1.6,13.26,-0.01,,,
74.4,REGROUND,11.4,0.05,-9.58,19.11,-0.01,0,0,,,,0.003,-0.007,0.9,13.26,-0.01,,,
74.45,REGROUND,11.4,0.05,-9.58,19.13,-0.01,0,0,,,,0.003,-0.007,1.7,13.26,-0.01,,,
74.5,REGROUND,11.4,0.05,-9.58,19.14,-0.01,0,0,,,,0.003,-0.007,1.0,13.26,-0.01,,,
74.55,REGROUND,11.4,0.05,-9.58,19.15,-0.01,0,0,,,,0.003,-0.007,1.0,13.26,-0.01,,,
74.6,REGROUND,11.4,0.05,-9.58,19.16,-0.01,0,0,,,,0.003,-0.007,1.5,13.26,-0.01,,,
74.65,REGROUND,11.4,0.05,-9.58,19.18,-0.01,0,0,,,,0.003,-0.007,1.5,13.26,-0.01,,,
74.7,REGROUND,11.4,0.05,-9.58,19.19,-0.01,0,0,,,,0.003,-0.007,1.0,13.26,-0.01,,,
74.75,REGROUND,11.4,0.05,-9.58,19.2,-0.01,0,0,,,,0.003,-0.007,1.6,13.26,-0.01,,,
74.8,REGROUND,11.4,0.05,-9.58,19.21,-0.01,0,0,,,,0.003,-0.007,1.1,13.26,-0.01,,,
74.85,REGROUND,11.4,0.04,-9.58,19.23,-0.01,0,0,,,,0.003,-0.007,1.7,13.26,-0.01,,,
74.9,REGROUND,11.4,0.04,-9.58,19.24,-0.01,0,0,,,,0.003,-0.007,1.1,13.26,-0.01,,,
74.95,REGROUND,11.4,0.04,-9.58,19.25,-0.01,0,0,,,,0.003,-0.007,1.6,13.26,-0.01,,,
75.0,REGROUND,11.4,0.04,-9.58,19.26,-0.01,0,0,,,,0.003,-0.007,1.0,13.26,-0.01,,,
75.05,REGROUND,11.4,0.04,-9.58,19.28,-0.01,0,0,,,,0.003,-0.007,1.6,13.26,-0.01,,,
75.1,REGROUND,11.4,0.04,-9.58,19.29,-0.01,0,0,,,,0.004,-0.007,1.0,13.26,-0.01,,,
75.15,REGROUND,11.4,0.04,-9.58,19.3,-0.01,0,0,,,,0.003,-0.007,1.6,13.26,-0.01,,,
75.2,REGROUND,11.4,0.04,-9.58,19.31,-0.01,0,0,,,,0.004,-0.007,1.0,13.26,-0.01,,,
75.25,REGROUND,11.4,0.04,-9.58,19.33,-0.01,0,0,,,,0.004,-0.007,1.5,13.26,-0.01,,,
75.3,REGROUND,11.4,0.04,-9.58,19.34,-0.01,0,0,,,,0.004,-0.007,1.0,13.26,-0.01,,,
75.35,REGROUND,11.4,0.04,-9.58,19.35,-0.01,0,0,,,,0.004,-0.007,1.5,13.26,-0.01,,,
75.4,REGROUND,11.4,0.04,-9.58,19.36,-0.01,0,0,,,,0.004,-0.007,1.0,13.26,-0.01,,,
75.45,REGROUND,11.4,0.04,-9.58,19.38,-0.01,0,0,,,,0.004,-0.007,1.5,13.26,-0.01,,,
75.5,REGROUND,11.4,0.04,-9.58,19.39,-0.01,0,0,,,,0.004,-0.007,1.0,13.26,-0.01,,,
75.55,REGROUND,11.4,0.04,-9.58,19.4,-0.01,0,0,,,,0.004,-0.007,1.7,13.26,-0.01,,,
75.6,REGROUND,11.4,0.04,-9.58,19.41,-0.01,0,0,,,,0.004,-0.007,1.0,13.26,-0.01,,,
75.65,REGROUND,11.4,0.04,-9.58,19.43,-0.01,0,0,,,,0.004,-0.007,1.8,13.26,-0.01,,,
75.7,REGROUND,11.4,0.04,-9.58,19.44,-0.01,0,0,,,,0.004,-0.007,1.0,13.26,-0.01,,,
75.75,REGROUND,11.4,0.04,-9.58,19.45,-0.01,0,0,,,,0.004,-0.007,1.5,13.26,-0.01,,,
75.8,REGROUND,11.4,0.04,-9.58,19.46,-0.01,0,0,,,,0.004,-0.007,1.0,13.26,-0.01,,,
75.85,REGROUND,11.4,0.04,-9.58,19.48,-0.01,0,0,,,,0.004,-0.007,1.5,13.26,-0.01,,,
75.9,REGROUND,11.4,0.04,-9.58,19.49,-0.01,0,0,,,,0.004,-0.007,1.0,13.26,-0.01,,,
75.95,REGROUND,11.4,0.04,-9.58,19.5,-0.01,0,0,,,,0.004,-0.007,1.6,13.26,-0.01,,,
76.0,REGROUND,11.4,0.04,-9.58,19.51,-0.01,0,0,,,,0.004,-0.007,1.0,13.26,-0.01,,,
76.05,REGROUND,11.4,0.04,-9.58,19.53,-0.01,0,0,,,,0.004,-0.007,1.6,13.26,-0.01,,,
76.1,REGROUND,11.4,0.04,-9.58,19.54,-0.01,0,0,,,,0.004,-0.007,1.0,13.26,-0.01,,,
76.15,REGROUND,11.4,0.03,-9.58,19.55,-0.01,0,0,,,,0.004,-0.007,1.7,13.26,-0.01,,,
76.2,REGROUND,11.4,0.03,-9.58,19.56,-0.01,0,0,,,,0.004,-0.007,1.0,13.26,-0.01,,,
76.25,REGROUND,11.4,0.03,-9.58,19.58,-0.01,0,0,,,,0.004,-0.007,1.7,13.26,-0.01,,,
76.3,REGROUND,11.4,0.03,-9.58,19.59,-0.01,0,0,,,,0.004,-0.007,3.7,13.26,-0.01,,,
76.35,REGROUND,11.4,0.03,-9.58,19.6,-0.01,0,0,,,,0.004,-0.007,1.6,13.26,-0.01,,,
76.4,REGROUND,11.4,0.03,-9.58,19.61,-0.01,0,0,,,,0.004,-0.007,1.1,13.26,-0.01,,,
76.45,REGROUND,11.4,0.03,-9.58,19.63,-0.01,0,0,,,,0.004,-0.007,1.6,13.26,-0.01,,,
76.5,REGROUND,11.4,0.03,-9.58,19.64,-0.01,0,0,,,,0.004,-0.007,1.0,13.26,-0.01,,,
76.55,REGROUND,11.4,0.03,-9.58,19.65,-0.01,0,0,,,,0.004,-0.007,1.6,13.26,-0.01,,,
76.6,REGROUND,11.4,0.03,-9.58,19.66,-0.01,0,0,,,,0.004,-0.007,1.0,13.26,-0.01,,,
76.65,REGROUND,11.4,0.03,-9.58,19.68,-0.01,0,0,,,,0.004,-0.007,1.6,13.26,-0.01,,,
76.7,REGROUND,11.4,0.03,-9.58,19.69,-0.01,0,0,,,,0.004,-0.007,0.9,13.26,-0.01,,,
76.75,REGROUND,11.41,0.03,-9.58,19.7,-0.01,0,0,,,,0.004,-0.007,1.6,13.26,-0.01,,,
76.8,REGROUND,11.41,0.03,-9.58,19.71,-0.01,0,0,,,,0.004,-0.007,1.0,13.26,-0.01,,,
76.85,REGROUND,11.41,0.03,-9.58,19.73,-0.01,0,0,,,,0.003,-0.007,1.7,13.26,-0.01,,,
76.9,REGROUND,11.41,0.03,-9.58,19.74,-0.01,0,0,,,,0.004,-0.007,1.1,13.26,-0.01,,,
76.95,REGROUND,11.41,0.03,-9.58,19.75,-0.01,0,0,,,,0.003,-0.007,1.7,13.26,-0.01,,,
77.0,REGROUND,11.41,0.03,-9.58,19.76,-0.01,0,0,,,,0.003,-0.007,1.0,13.26,-0.01,,,
77.05,REGROUND,11.41,0.03,-9.58,19.78,-0.01,0,0,,,,0.003,-0.007,1.7,13.26,-0.01,,,
77.1,REGROUND,11.41,0.03,-9.58,19.79,-0.01,0,0,,,,0.003,-0.007,1.0,13.26,-0.01,,,
77.15,REGROUND,11.41,0.03,-9.58,19.8,-0.01,0,0,,,,0.003,-0.007,1.6,13.26,-0.01,,,
77.2,REGROUND,11.41,0.03,-9.58,19.81,-0.01,0,0,,,,0.003,-0.007,1.0,13.26,-0.01,,,
77.25,REGROUND,11.41,0.03,-9.58,19.83,-0.01,0,0,,,,0.003,-0.007,1.6,13.26,-0.01,,,
77.3,REGROUND,11.41,0.03,-9.58,19.84,-0.01,0,0,,,,0.003,-0.007,0.9,13.26,-0.01,,,
77.35,REGROUND,11.41,0.03,-9.58,19.85,-0.01,0,0,,,,0.003,-0.007,1.6,13.26,-0.01,,,
77.4,REGROUND,11.41,0.03,-9.58,19.86,-0.01,0,0,,,,0.003,-0.007,1.0,13.26,-0.01,,,
77.45,REGROUND,11.41,0.03,-9.58,19.88,-0.01,0,0,,,,0.003,-0.007,1.5,13.26,-0.01,,,
77.5,REGROUND,11.41,0.03,-9.58,19.89,-0.01,0,0,,,,0.003,-0.008,1.0,13.26,-0.01,,,
77.55,REGROUND,11.41,0.02,-9.58,19.9,-0.01,0,0,,,,0.002,-0.008,1.7,13.26,-0.01,,,
77.6,REGROUND,11.41,0.02,-9.58,19.91,-0.01,0,0,,,,0.002,-0.008,1.0,13.26,-0.01,,,
77.65,REGROUND,11.41,0.02,-9.58,19.93,-0.01,0,0,,,,0.002,-0.008,1.7,13.26,-0.01,,,
77.7,REGROUND,11.41,0.02,-9.58,19.94,-0.01,0,0,,,,0.003,-0.008,1.0,13.26,-0.01,,,
77.75,REGROUND,11.41,0.02,-9.58,19.95,-0.01,0,0,,,,0.002,-0.008,1.5,13.26,-0.01,,,
77.8,REGROUND,11.41,0.02,-9.58,19.96,-0.01,0,0,,,,0.002,-0.008,1.0,13.26,-0.01,,,
77.85,REGROUND,11.41,0.02,-9.58,19.98,-0.01,0,0,,,,0.002,-0.008,1.7,13.26,-0.01,,,
77.9,REGROUND,11.41,0.02,-9.58,19.99,-0.01,0,0,,,,0.003,-0.008,1.1,13.26,-0.01,,,
77.95,REGROUND,11.41,0.02,-9.58,20.0,-0.01,0,0,,,,0.003,-0.008,1.6,13.26,-0.01,,,
78.0,REGROUND,11.41,0.02,-9.58,20.01,-0.01,0,0,,,,0.003,-0.008,1.0,13.26,-0.01,,,
78.05,REGROUND,11.41,0.02,-9.58,20.03,-0.01,0,0,,,,0.003,-0.008,1.5,13.26,-0.01,,,
78.1,REGROUND,11.41,0.02,-9.58,20.04,-0.01,0,0,,,,0.003,-0.008,1.0,13.26,-0.01,,,
78.15,REGROUND,11.41,0.02,-9.58,20.05,-0.01,0,0,,,,0.003,-0.008,1.5,13.26,-0.01,,,
78.2,REGROUND,11.41,0.02,-9.58,20.06,-0.01,0,0,,,,0.003,-0.008,0.8,13.26,-0.01,,,
78.25,REGROUND,11.41,0.02,-9.58,20.08,-0.01,0,0,,,,0.003,-0.007,1.7,13.26,-0.01,,,
78.3,REGROUND,11.41,0.02,-9.58,20.09,-0.01,0,0,,,,0.003,-0.008,1.0,13.26,-0.01,,,
78.35,REGROUND,11.41,0.02,-9.58,20.1,-0.01,0,0,,,,0.003,-0.007,1.7,13.26,-0.01,,,
78.4,REGROUND,11.41,0.02,-9.58,20.11,-0.01,0,0,,,,0.003,-0.007,1.1,13.26,-0.01,,,
78.45,REGROUND,11.41,0.02,-9.58,20.13,-0.01,0,0,,,,0.003,-0.007,1.7,13.26,-0.01,,,
78.5,REGROUND,11.41,0.02,-9.58,20.14,-0.01,0,0,,,,0.003,-0.007,1.0,13.26,-0.01,,,
78.55,REGROUND,11.41,0.02,-9.58,20.15,-0.01,0,0,,,,0.003,-0.007,1.6,13.26,-0.01,,,
78.6,REGROUND,11.41,0.02,-9.58,20.17,-0.01,0,0,,,,0.003,-0.007,1.0,13.26,-0.01,,,
78.65,REGROUND,11.41,0.01,-9.58,20.18,-0.01,0,0,,,,0.004,-0.006,1.6,13.26,-0.01,,,
78.7,REGROUND,11.41,0.01,-9.58,20.19,-0.01,0,0,,,,0.004,-0.007,3.7,13.26,-0.01,,,
78.75,REGROUND,11.41,0.01,-9.58,20.2,-0.01,0,0,,,,0.004,-0.006,1.5,13.26,-0.01,,,
78.8,REGROUND,11.41,0.01,-9.58,20.22,-0.01,0,0,,,,0.004,-0.006,1.0,13.26,-0.01,,,
78.85,REGROUND,11.41,0.01,-9.58,20.23,-0.01,0,0,,,,0.004,-0.006,1.5,13.26,-0.01,,,
78.9,REGROUND,11.41,0.01,-9.58,20.24,-0.01,0,0,,,,0.004,-0.006,1.0,13.26,-0.01,,,
78.95,REGROUND,11.41,0.01,-9.58,20.25,-0.01,0,0,,,,0.004,-0.006,1.7,13.26,-0.01,,,
79.0,REGROUND,11.41,0.01,-9.58,20.27,-0.01,0,0,,,,0.004,-0.006,1.0,13.26,-0.01,,,
79.05,REGROUND,11.41,0.01,-9.58,20.28,-0.01,0,0,,,,0.004,-0.006,1.5,13.26,-0.01,,,
79.1,REGROUND,11.41,0.01,-9.58,20.29,-0.01,0,0,,,,0.004,-0.006,1.1,13.26,-0.01,,,
79.15,REGROUND,11.41,0.01,-9.58,20.3,-0.01,0,0,,,,0.004,-0.006,1.5,13.26,-0.01,,,
79.2,REGROUND,11.41,0.01,-9.58,20.32,-0.01,0,0,,,,0.004,-0.006,1.0,13.26,-0.01,,,
79.25,REGROUND,11.41,0.01,-9.58,20.33,-0.01,0,0,,,,0.004,-0.006,1.7,13.26,-0.01,,,
79.3,REGROUND,11.41,0.01,-9.58,20.34,-0.01,0,0,,,,0.004,-0.006,1.0,13.26,-0.01,,,
79.35,REGROUND,11.41,0.01,-9.58,20.35,-0.01,0,0,,,,0.004,-0.006,1.6,13.26,-0.01,,,
79.4,REGROUND,11.41,0.01,-9.58,20.37,-0.01,0,0,,,,0.004,-0.007,1.0,13.26,-0.01,,,
79.45,REGROUND,11.41,0.01,-9.58,20.38,-0.01,0,0,,,,0.004,-0.007,1.6,13.26,-0.01,,,
79.5,REGROUND,11.41,0.01,-9.58,20.39,-0.01,0,0,,,,0.004,-0.007,1.0,13.26,-0.01,,,
79.55,REGROUND,11.41,0.01,-9.58,20.4,-0.01,0,0,,,,0.004,-0.007,1.5,13.26,-0.01,,,
79.6,REGROUND,11.41,0.01,-9.58,20.42,-0.01,0,0,,,,0.004,-0.007,0.9,13.26,-0.01,,,
79.65,REGROUND,11.41,0.01,-9.58,20.43,-0.01,0,0,,,,0.004,-0.007,1.7,13.26,-0.01,,,
79.7,REGROUND,11.41,0.01,-9.58,20.44,-0.01,0,0,,,,0.005,-0.007,1.0,13.26,-0.01,,,
79.75,REGROUND,11.41,0.01,-9.58,20.45,-0.01,0,0,,,,0.004,-0.007,1.4,13.26,-0.01,,,
79.8,REGROUND,11.41,0.01,-9.58,20.47,-0.01,0,0,,,,0.004,-0.007,1.0,13.26,-0.01,,,
79.85,REGROUND,11.41,0.01,-9.58,20.48,-0.01,0,0,,,,0.004,-0.008,1.7,13.26,-0.01,,,
79.9,REGROUND,11.41,0.01,-9.58,20.49,-0.01,0,0,,,,0.005,-0.008,1.0,13.26,-0.01,,,
79.95,REGROUND,11.41,0.01,-9.58,20.5,-0.01,0,0,,,,0.004,-0.008,1.6,13.26,-0.01,,,
80.0,REGROUND,11.41,0.01,-9.58,20.52,-0.01,0,0,,,,0.004,-0.008,1.0,13.26,-0.01,,,
80.05,REGROUND,11.41,0.01,-9.58,20.53,-0.01,0,0,,,,0.004,-0.008,1.6,13.26,-0.01,,,
80.1,REGROUND,11.41,0.01,-9.58,20.54,-0.01,0,0,,,,0.005,-0.008,1.0,13.26,-0.01,,,
80.15,REGROUND,11.41,0.01,-9.58,20.55,-0.01,0,0,,,,0.004,-0.008,1.5,13.26,-0.01,,,
80.2,REGROUND,11.41,0.01,-9.58,20.57,-0.01,0,0,,,,0.004,-0.008,1.0,13.26,-0.01,,,
80.25,REGROUND,11.41,0.01,-9.58,20.58,-0.01,0,0,,,,0.004,-0.008,1.7,13.26,-0.01,,,
80.3,REGROUND,11.41,0.01,-9.58,20.59,-0.01,0,0,,,,0.004,-0.009,1.1,13.26,-0.01,,,
80.35,REGROUND,11.42,0.01,-9.58,20.6,-0.01,0,0,,,,0.004,-0.009,1.7,13.26,-0.01,,,
80.4,REGROUND,11.42,0.01,-9.58,20.62,-0.01,0,0,,,,0.004,-0.009,1.1,13.26,-0.01,,,
80.45,REGROUND,11.42,0.01,-9.58,20.63,-0.01,0,0,,,,0.004,-0.009,1.7,13.26,-0.01,,,
80.5,REGROUND,11.42,0.01,-9.58,20.64,-0.01,0,0,,,,0.004,-0.009,1.0,13.26,-0.01,,,
80.56,REGROUND,11.42,0.0,-9.58,20.65,-0.01,0,0,,,,0.004,-0.009,1.6,13.26,-0.01,,,
80.61,REGROUND,11.42,0.0,-9.58,20.67,-0.01,0,0,,,,0.004,-0.009,1.0,13.26,-0.01,,,
80.66,REGROUND,11.42,0.0,-9.58,20.68,-0.01,0,0,,,,0.004,-0.009,1.6,13.26,-0.01,,,
80.71,REGROUND,11.42,0.0,-9.58,20.69,-0.01,0,0,,,,0.004,-0.009,0.9,13.26,-0.01,,,
80.76,REGROUND,11.42,0.0,-9.58,20.7,-0.01,0,0,,,,0.003,-0.009,1.6,13.26,-0.01,,,
80.81,REGROUND,11.42,0.0,-9.58,20.72,-0.01,0,0,,,,0.003,-0.009,1.0,13.26,-0.01,,,
80.86,REGROUND,11.42,0.0,-9.58,20.73,-0.01,0,0,,,,0.003,-0.009,1.6,13.26,-0.01,,,
80.91,REGROUND,11.42,0.0,-9.58,20.74,-0.01,0,0,,,,0.003,-0.01,1.1,13.26,-0.01,,,
80.96,REGROUND,11.42,0.0,-9.58,20.75,-0.01,0,0,,,,0.003,-0.009,1.6,13.26,-0.01,,,
81.01,REGROUND,11.42,0.0,-9.58,20.77,-0.01,0,0,,,,0.003,-0.009,1.0,13.26,-0.01,,,
81.06,REGROUND,11.42,0.0,-9.58,20.78,-0.01,0,0,,,,0.003,-0.009,1.7,13.26,-0.01,,,
81.11,REGROUND,11.42,0.0,-9.58,20.79,-0.01,0,0,,,,0.003,-0.009,3.7,13.26,-0.01,,,
81.16,REGROUND,11.42,0.0,-9.58,20.8,-0.01,0,0,,,,0.003,-0.009,1.7,13.26,-0.01,,,
81.21,REGROUND,11.42,0.0,-9.58,20.82,-0.01,0,0,,,,0.003,-0.009,1.0,13.26,-0.01,,,
81.26,REGROUND,11.42,-0.0,-9.58,20.83,-0.01,0,0,,,,0.003,-0.009,1.6,13.26,-0.01,,,
81.31,REGROUND,11.42,-0.0,-9.58,20.84,-0.01,0,0,,,,0.003,-0.009,1.0,13.26,-0.01,,,
81.36,REGROUND,11.42,-0.0,-9.58,20.85,-0.01,0,0,,,,0.003,-0.009,1.7,13.26,-0.01,,,
81.41,REGROUND,11.42,-0.0,-9.58,20.87,-0.01,0,0,,,,0.003,-0.009,1.0,13.26,-0.01,,,
81.46,REGROUND,11.42,-0.0,-9.58,20.88,-0.01,0,0,,,,0.003,-0.008,1.6,13.26,-0.01,,,
81.51,REGROUND,11.42,-0.0,-9.58,20.89,-0.01,0,0,,,,0.003,-0.009,1.1,13.26,-0.01,,,
81.56,REGROUND,11.42,-0.0,-9.58,20.9,-0.01,0,0,,,,0.003,-0.008,1.6,13.26,-0.01,,,
81.61,REGROUND,11.42,-0.0,-9.58,20.92,-0.01,0,0,,,,0.003,-0.008,1.0,13.26,-0.01,,,
81.66,REGROUND,11.42,-0.01,-9.58,20.93,-0.01,0,0,,,,0.003,-0.008,1.7,13.26,-0.01,,,
81.71,REGROUND,11.42,-0.01,-9.58,20.94,-0.01,0,0,,,,0.003,-0.008,1.2,13.26,-0.01,,,
81.76,REGROUND,11.42,-0.01,-9.58,20.95,-0.01,0,0,,,,0.003,-0.008,1.7,13.26,-0.01,,,
81.81,REGROUND,11.42,-0.01,-9.58,20.97,-0.01,0,0,,,,0.003,-0.008,1.1,13.26,-0.01,,,
81.86,REGROUND,11.42,-0.01,-9.58,20.98,-0.01,0,0,,,,0.003,-0.008,1.7,13.26,-0.01,,,
81.91,REGROUND,11.42,-0.01,-9.58,20.99,-0.01,0,0,,,,0.003,-0.008,1.1,13.26,-0.01,,,
81.96,REGROUND,11.42,-0.01,-9.58,21.0,-0.01,0,0,,,,0.003,-0.007,1.7,13.26,-0.01,,,
82.01,REGROUND,11.42,-0.01,-9.58,21.02,-0.01,0,1,,,,0.003,-0.008,1.0,13.26,-0.01,,,
82.06,REGROUND,11.42,-0.01,-9.58,21.03,-0.01,0,1,,,,0.003,-0.007,1.5,13.26,-0.01,,,
82.11,REGROUND,11.42,-0.01,-9.58,21.04,-0.01,0,1,,,,0.003,-0.007,1.0,13.26,-0.01,,,
82.16,REGROUND,11.42,-0.01,-9.58,21.05,-0.01,0,1,,,,0.003,-0.007,1.6,13.26,-0.01,,,
82.21,REGROUND,11.42,-0.01,-9.58,21.07,-0.01,0,1,,,,0.003,-0.007,1.0,13.26,-0.01,,,
82.26,REGROUND,11.42,-0.01,-9.58,21.08,-0.01,0,1,,,,0.004,-0.007,1.6,13.26,-0.01,,,
82.31,REGROUND,11.42,-0.01,-9.58,21.09,-0.01,0,1,,,,0.004,-0.007,1.0,13.26,-0.01,,,
82.36,REGROUND,11.42,-0.01,-9.58,21.1,-0.01,0,1,,,,0.004,-0.007,1.8,13.26,-0.01,,,
82.41,REGROUND,11.42,-0.01,-9.58,21.12,-0.01,0,1,,,,0.004,-0.007,1.1,13.26,-0.01,,,
82.46,REGROUND,11.42,-0.01,-9.58,21.13,-0.01,0,1,,,,0.004,-0.007,2.0,13.26,-0.01,,,
82.51,REGROUND,11.42,-0.01,-9.58,21.14,-0.01,0,1,,,,0.004,-0.007,0.7,13.26,-0.01,,,
82.56,REGROUND,11.42,-0.01,-9.58,21.15,-0.01,0,1,,,,0.004,-0.007,1.7,13.26,-0.01,,,
82.61,REGROUND,11.42,-0.01,-9.58,21.17,-0.01,0,1,,,,0.004,-0.007,1.0,13.26,-0.01,,,
82.66,REGROUND,11.42,-0.02,-9.58,21.18,-0.01,0,1,,,,0.004,-0.007,1.7,13.26,-0.01,,,
82.71,REGROUND,11.42,-0.02,-9.58,21.19,-0.01,0,1,,,,0.004,-0.007,1.3,13.26,-0.01,,,
82.76,REGROUND,11.42,-0.02,-9.58,21.2,-0.01,0,1,,,,0.004,-0.007,1.7,13.26,-0.01,,,
82.81,REGROUND,11.42,-0.02,-9.58,21.22,-0.01,0,1,,,,0.004,-0.007,1.2,13.26,-0.01,,,
82.86,REGROUND,11.42,-0.02,-9.58,21.23,-0.01,0,1,,,,0.004,-0.007,1.9,13.26,-0.01,,,
82.91,REGROUND,11.42,-0.02,-9.58,21.24,-0.01,0,1,,,,0.004,-0.007,1.2,13.26,-0.01,,,
82.96,REGROUND,11.42,-0.02,-9.58,21.25,-0.01,0,1,,,,0.004,-0.006,1.8,13.26,-0.01,,,
83.01,REGROUND,11.42,-0.02,-9.58,21.27,-0.01,0,1,,,,0.004,-0.007,1.2,13.26,-0.01,,,
83.06,REGROUND,11.42,-0.02,-9.58,21.28,-0.01,0,1,,,,0.004,-0.006,1.8,13.26,-0.01,,,
83.11,REGROUND,11.42,-0.02,-9.58,21.29,-0.01,0,1,,,,0.004,-0.007,1.0,13.26,-0.01,,,
83.16,REGROUND,11.42,-0.02,-9.58,21.3,-0.01,0,1,,,,0.004,-0.006,1.6,13.26,-0.01,,,
83.21,REGROUND,11.42,-0.02,-9.58,21.32,-0.01,0,1,,,,0.004,-0.006,1.1,13.26,-0.01,,,
83.26,REGROUND,11.42,-0.02,-9.58,21.33,-0.01,0,1,,,,0.004,-0.006,1.6,13.26,-0.01,,,
83.31,REGROUND,11.42,-0.02,-9.58,21.34,-0.01,0,1,,,,0.004,-0.006,1.0,13.26,-0.01,,,
83.36,REGROUND,11.42,-0.02,-9.58,21.35,-0.01,0,1,,,,0.004,-0.006,1.7,13.26,-0.01,,,
83.41,REGROUND,11.42,-0.02,-9.58,21.37,-0.01,0,1,,,,0.004,-0.006,1.1,13.26,-0.01,,,
83.46,REGROUND,11.42,-0.02,-9.58,21.38,-0.01,0,1,,,,0.004,-0.006,1.5,13.26,-0.01,,,
83.51,REGROUND,11.42,-0.02,-9.58,21.39,-0.01,0,1,,,,0.004,-0.006,3.7,13.26,-0.01,,,
83.56,REGROUND,11.42,-0.02,-9.58,21.4,-0.01,0,1,,,,0.004,-0.006,1.7,13.26,-0.01,,,
83.61,REGROUND,11.42,-0.02,-9.58,21.42,-0.01,0,1,,,,0.004,-0.006,1.0,13.26,-0.01,,,
83.66,REGROUND,11.42,-0.03,-9.58,21.43,-0.01,0,1,,,,0.004,-0.006,1.6,13.26,-0.01,,,
83.71,REGROUND,11.42,-0.03,-9.58,21.44,-0.01,0,1,,,,0.004,-0.006,1.0,13.26,-0.01,,,
83.76,REGROUND,11.43,-0.03,-9.58,21.45,-0.01,0,1,,,,0.004,-0.006,1.6,13.26,-0.01,,,
83.81,REGROUND,11.43,-0.03,-9.58,21.47,-0.01,0,1,,,,0.004,-0.006,1.1,13.26,-0.01,,,
83.86,REGROUND,11.43,-0.03,-9.58,21.48,-0.01,0,1,,,,0.004,-0.006,1.7,13.26,-0.01,,,
83.91,REGROUND,11.43,-0.03,-9.58,21.49,-0.01,0,1,,,,0.004,-0.006,1.1,13.26,-0.01,,,
83.96,REGROUND,11.43,-0.03,-9.58,21.5,-0.01,0,1,,,,0.004,-0.006,1.7,13.26,-0.01,,,
84.01,REGROUND,11.43,-0.03,-9.58,21.52,-0.01,0,1,,,,0.004,-0.006,1.0,13.26,-0.01,,,
84.06,REGROUND,11.43,-0.03,-9.58,21.53,-0.01,0,1,,,,0.004,-0.006,1.5,13.26,-0.01,,,
84.11,REGROUND,11.43,-0.03,-9.58,21.54,-0.01,0,1,,,,0.004,-0.006,1.0,13.26,-0.01,,,
84.16,REGROUND,11.43,-0.03,-9.58,21.55,-0.01,0,1,,,,0.004,-0.006,1.6,13.26,-0.01,,,
84.21,REGROUND,11.43,-0.03,-9.58,21.57,-0.01,0,1,,,,0.004,-0.006,0.9,13.26,-0.01,,,
84.26,REGROUND,11.43,-0.03,-9.58,21.58,-0.01,0,1,,,,0.004,-0.006,1.7,13.26,-0.01,,,
84.31,REGROUND,11.43,-0.03,-9.58,21.59,-0.01,0,1,,,,0.004,-0.006,0.8,13.26,-0.01,,,
84.36,REGROUND,11.43,-0.03,-9.58,21.6,-0.01,0,1,,,,0.003,-0.006,1.6,13.26,-0.01,,,
84.41,REGROUND,11.43,-0.03,-9.58,21.62,-0.01,0,1,,,,0.003,-0.006,1.0,13.26,-0.01,,,
84.46,REGROUND,11.43,-0.03,-9.58,21.63,-0.01,0,1,,,,0.003,-0.006,1.6,13.26,-0.01,,,
84.51,REGROUND,11.43,-0.03,-9.58,21.64,-0.01,0,1,,,,0.003,-0.006,0.8,13.26,-0.01,,,
84.56,REGROUND,11.43,-0.03,-9.58,21.65,-0.01,0,1,,,,0.003,-0.006,1.7,13.26,-0.01,,,
84.61,REGROUND,11.43,-0.03,-9.58,21.67,-0.01,0,1,,,,0.003,-0.006,1.1,13.26,-0.01,,,
84.66,REGROUND,11.43,-0.03,-9.58,21.68,-0.01,0,1,,,,0.003,-0.006,1.7,13.26,-0.01,,,
84.71,REGROUND,11.43,-0.03,-9.58,21.69,-0.01,0,1,,,,0.003,-0.006,0.8,13.26,-0.01,,,
84.76,REGROUND,11.43,-0.03,-9.58,21.7,-0.01,0,1,,,,0.003,-0.006,1.7,13.26,-0.01,,,
84.81,REGROUND,11.43,-0.03,-9.58,21.72,-0.01,0,1,,,,0.003,-0.007,0.8,13.26,-0.01,,,
84.86,REGROUND,11.43,-0.03,-9.58,21.73,-0.01,0,1,,,,0.003,-0.007,1.7,13.26,-0.01,,,
84.91,REGROUND,11.43,-0.03,-9.58,21.74,-0.01,0,1,,,,0.003,-0.007,1.1,13.26,-0.01,,,
84.96,REGROUND,11.43,-0.03,-9.58,21.75,-0.01,0,1,,,,0.002,-0.007,1.7,13.26,-0.01,,,
85.01,REGROUND,11.43,-0.03,-9.58,21.77,-0.01,0,1,,,,0.002,-0.007,0.8,13.26,-0.01,,,
85.06,REGROUND,11.43,-0.03,-9.58,21.78,-0.01,0,1,,,,0.002,-0.007,1.4,13.26,-0.01,,,
85.11,REGROUND,11.43,-0.03,-9.58,21.79,-0.01,0,1,,,,0.003,-0.007,0.8,13.26,-0.01,,,
85.16,REGROUND,11.43,-0.03,-9.58,21.8,-0.01,0,1,,,,0.002,-0.007,1.5,13.26,-0.01,,,
85.21,REGROUND,11.43,-0.03,-9.58,21.82,-0.01,0,1,,,,0.002,-0.007,0.8,13.26,-0.01,,,
85.26,REGROUND,11.43,-0.03,-9.58,21.83,-0.01,0,1,,,,0.003,-0.008,1.7,13.26,-0.01,,,
85.31,REGROUND,11.43,-0.03,-9.58,21.84,-0.01,0,1,,,,0.003,-0.008,1.0,13.26,-0.01,,,
85.36,REGROUND,11.43,-0.03,-9.58,21.85,-0.01,0,1,,,,0.003,-0.008,1.7,13.26,-0.01,,,
85.41,REGROUND,11.43,-0.03,-9.58,21.87,-0.01,0,1,,,,0.003,-0.008,1.0,13.26,-0.01,,,
85.46,REGROUND,11.43,-0.03,-9.58,21.88,-0.01,0,1,,,,0.003,-0.008,1.7,13.26,-0.01,,,
85.51,REGROUND,11.43,-0.03,-9.58,21.89,-0.01,0,1,,,,0.003,-0.008,1.0,13.26,-0.01,,,
85.56,REGROUND,11.43,-0.04,-9.58,21.91,-0.01,0,1,,,,0.003,-0.008,1.7,13.26,-0.01,,,
85.61,REGROUND,11.43,-0.04,-9.58,21.92,-0.01,0,1,,,,0.003,-0.008,1.0,13.26,-0.01,,,
85.66,REGROUND,11.43,-0.04,-9.58,21.93,-0.01,0,1,,,,0.003,-0.008,1.7,13.26,-0.01,,,
85.71,REGROUND,11.43,-0.04,-9.58,21.94,-0.01,0,1,,,,0.003,-0.009,0.8,13.26,-0.01,,,
85.76,REGROUND,11.43,-0.04,-9.58,21.96,-0.01,0,1,,,,0.003,-0.008,1.6,13.26,-0.01,,,
85.81,REGROUND,11.43,-0.04,-9.58,21.97,-0.01,0,1,,,,0.003,-0.009,1.0,13.26,-0.01,,,
85.86,REGROUND,11.43,-0.04,-9.58,21.98,-0.01,0,1,,,,0.003,-0.009,1.5,13.26,-0.01,,,
85.91,REGROUND,11.43,-0.04,-9.58,21.99,-0.01,0,1,,,,0.003,-0.009,3.7,13.26,-0.01,,,
85.96,REGROUND,11.43,-0.04,-9.58,22.01,-0.01,0,1,,,,0.003,-0.009,1.7,13.26,-0.01,,,
86.01,REGROUND,11.43,-0.04,-9.58,22.02,-0.01,0,1,,,,0.003,-0.009,1.0,13.26,-0.01,,,
86.06,REGROUND,11.43,-0.04,-9.58,22.03,-0.01,0,1,,,,0.004,-0.009,1.5,13.26,-0.01,,,
86.11,REGROUND,11.43,-0.04,-9.58,22.04,-0.01,0,1,,,,0.004,-0.009,1.1,13.26,-0.01,,,
86.16,REGROUND,11.43,-0.04,-9.58,22.06,-0.01,0,1,,,,0.004,-0.009,1.6,13.26,-0.01,,,
86.21,REGROUND,11.43,-0.04,-9.58,22.07,-0.01,0,1,,,,0.004,-0.009,1.0,13.26,-0.01,,,
86.26,REGROUND,11.43,-0.04,-9.58,22.08,-0.01,0,1,,,,0.004,-0.009,1.6,13.26,-0.01,,,
86.31,REGROUND,11.43,-0.04,-9.58,22.09,-0.01,0,1,,,,0.004,-0.009,1.0,13.26,-0.01,,,
86.36,REGROUND,11.43,-0.04,-9.58,22.11,-0.01,0,1,,,,0.004,-0.009,1.6,13.26,-0.01,,,
86.41,REGROUND,11.43,-0.04,-9.58,22.12,-0.01,0,1,,,,0.004,-0.009,1.0,13.26,-0.01,,,
86.46,REGROUND,11.43,-0.04,-9.58,22.13,-0.01,0,1,,,,0.004,-0.009,1.6,13.26,-0.01,,,
86.51,REGROUND,11.43,-0.04,-9.58,22.14,-0.01,0,1,,,,0.004,-0.009,0.9,13.26,-0.01,,,
86.56,REGROUND,11.43,-0.04,-9.58,22.16,-0.01,0,1,,,,0.004,-0.009,1.5,13.26,-0.01,,,
86.61,REGROUND,11.43,-0.04,-9.58,22.17,-0.01,0,1,,,,0.004,-0.009,1.0,13.26,-0.01,,,
86.66,REGROUND,11.43,-0.04,-9.58,22.18,-0.01,0,1,,,,0.004,-0.009,1.7,13.26,-0.01,,,
86.71,REGROUND,11.43,-0.04,-9.58,22.19,-0.01,0,1,,,,0.004,-0.009,1.0,13.26,-0.01,,,
86.76,REGROUND,11.43,-0.04,-9.58,22.21,-0.01,0,1,,,,0.004,-0.009,1.7,13.26,-0.01,,,
86.81,REGROUND,11.43,-0.04,-9.58,22.22,-0.01,0,1,,,,0.004,-0.009,1.0,13.26,-0.01,,,
86.86,REGROUND,11.43,-0.04,-9.58,22.23,-0.01,0,1,,,,0.004,-0.009,1.7,13.26,-0.01,,,
86.91,REGROUND,11.43,-0.04,-9.58,22.24,-0.01,0,1,,,,0.004,-0.009,1.1,13.26,-0.01,,,
86.96,REGROUND,11.44,-0.04,-9.58,22.26,-0.01,0,1,,,,0.004,-0.009,1.6,13.26,-0.01,,,
87.01,REGROUND,11.44,-0.04,-9.58,22.27,-0.01,0,1,,,,0.004,-0.009,0.9,13.26,-0.01,,,
87.06,REGROUND,11.44,-0.04,-9.58,22.28,-0.01,0,1,,,,0.004,-0.009,1.6,13.26,-0.01,,,
87.11,REGROUND,11.44,-0.04,-9.58,22.29,-0.01,0,1,,,,0.004,-0.009,1.0,13.26,-0.01,,,
87.16,REGROUND,11.44,-0.04,-9.58,22.31,-0.01,0,1,,,,0.004,-0.009,1.6,13.26,-0.01,,,
87.21,REGROUND,11.44,-0.04,-9.58,22.32,-0.01,0,1,,,,0.004,-0.009,1.0,13.26,-0.01,,,
87.26,REGROUND,11.44,-0.05,-9.58,22.33,-0.01,0,1,,,,0.004,-0.009,1.5,13.26,-0.01,,,
87.31,REGROUND,11.44,-0.05,-9.58,22.34,-0.01,0,1,,,,0.004,-0.009,1.0,13.26,-0.01,,,
87.36,REGROUND,11.44,-0.05,-9.58,22.36,-0.01,0,1,,,,0.004,-0.009,1.7,13.26,-0.01,,,
87.41,REGROUND,11.44,-0.05,-9.58,22.37,-0.01,0,1,,,,0.004,-0.009,1.1,13.26,-0.01,,,
87.46,REGROUND,11.44,-0.05,-9.58,22.38,-0.01,0,1,,,,0.004,-0.009,1.7,13.26,-0.01,,,
87.51,REGROUND,11.44,-0.05,-9.58,22.39,-0.01,0,1,,,,0.004,-0.009,1.0,13.26,-0.01,,,
87.57,REGROUND,11.44,-0.05,-9.58,22.41,-0.01,0,1,,,,0.004,-0.009,1.7,13.26,-0.01,,,
87.62,REGROUND,11.44,-0.05,-9.58,22.42,-0.01,0,1,,,,0.004,-0.009,1.0,13.26,-0.01,,,
87.67,REGROUND,11.44,-0.05,-9.58,22.43,-0.01,0,1,,,,0.004,-0.009,1.7,13.26,-0.01,,,
87.72,REGROUND,11.44,-0.05,-9.58,22.44,-0.01,0,1,,,,0.004,-0.009,1.0,13.26,-0.01,,,
87.77,REGROUND,11.44,-0.05,-9.58,22.46,-0.01,0,1,,,,0.003,-0.009,1.7,13.26,-0.01,,,
87.82,REGROUND,11.44,-0.05,-9.58,22.47,-0.01,0,1,,,,0.003,-0.009,1.0,13.26,-0.01,,,
87.87,REGROUND,11.44,-0.05,-9.58,22.48,-0.01,0,1,,,,0.003,-0.009,1.6,13.26,-0.01,,,
87.92,REGROUND,11.44,-0.05,-9.58,22.49,-0.01,0,1,,,,0.003,-0.009,1.0,13.26,-0.01,,,
87.97,REGROUND,11.44,-0.05,-9.58,22.51,-0.01,0,1,,,,0.003,-0.008,1.4,13.26,-0.01,,,
88.02,REGROUND,11.44,-0.05,-9.58,22.52,-0.01,0,1,,,,0.003,-0.009,1.0,13.26,-0.01,,,
88.07,REGROUND,11.44,-0.05,-9.58,22.53,-0.01,0,1,,,,0.003,-0.008,1.5,13.26,-0.01,,,
88.12,REGROUND,11.44,-0.05,-9.58,22.54,-0.01,0,1,,,,0.003,-0.009,1.0,13.26,-0.01,,,
88.17,CARRY,11.44,-0.05,-9.58,22.56,-0.01,0,1,,,,-0.052,0.076,230.9,13.26,-0.01,,,
88.4,CARRY,11.44,-0.06,-9.58,22.61,-0.01,0,1,329.5,130.5,109.9,2.19,0.19,47.8,13.26,-0.01,536.7,4.5,10.625
88.45,CARRY,11.44,-0.06,-9.58,22.63,-0.01,0,1,,,,-0.051,0.08,47.8,13.26,-0.01,,,10.625
88.5,CARRY,11.44,-0.06,-9.58,22.64,-0.01,0,1,,,,-0.051,0.08,49.0,13.26,-0.01,,,10.625
88.55,CARRY,11.44,-0.06,-9.58,22.65,-0.01,0,1,,,,-0.051,0.08,49.1,13.26,-0.01,,,10.562
88.6,CARRY,11.44,-0.06,-9.58,22.66,-0.01,0,1,,,,-0.051,0.08,49.4,13.26,-0.01,,,10.562
88.65,CARRY,11.44,-0.06,-9.58,22.68,-0.01,0,1,,,,-0.051,0.08,50.0,13.26,-0.01,,,10.562
88.7,CARRY,11.44,-0.06,-9.58,22.69,-0.01,0,1,,,,-0.051,0.08,49.5,13.26,-0.01,,,10.562
88.75,CARRY,11.44,-0.06,-9.58,22.7,-0.01,0,1,,,,-0.051,0.079,49.8,13.26,-0.01,,,10.562
88.8,CARRY,11.44,-0.06,-9.58,22.71,-0.01,0,1,,,,-0.051,0.079,49.3,13.26,-0.01,,,10.562
88.85,CARRY,11.44,-0.05,-9.58,22.73,-0.01,0,1,,,,-0.05,0.078,50.2,13.26,-0.01,,,10.562
88.9,CARRY,11.44,-0.05,-9.58,22.74,-0.01,0,1,,,,-0.05,0.078,50.0,13.26,-0.01,,,10.562
88.95,CARRY,11.44,-0.05,-9.58,22.75,-0.01,0,1,,,,-0.049,0.076,50.1,13.26,-0.01,,,10.5
89.0,CARRY,11.44,-0.05,-9.58,22.77,-0.01,0,1,,,,-0.049,0.075,48.7,13.26,-0.01,,,10.562
89.05,CARRY,11.44,-0.05,-9.58,22.78,-0.01,0,1,,,,-0.047,0.073,51.5,13.26,-0.01,,,10.562
89.11,CARRY,11.44,-0.05,-9.58,22.79,-0.01,0,1,,,,-0.047,0.073,49.6,13.26,-0.01,,,10.562
89.16,CARRY,11.43,-0.04,-9.58,22.8,-0.01,0,1,,,,-0.046,0.07,49.8,13.26,-0.01,,,10.562
89.21,CARRY,11.43,-0.04,-9.58,22.82,-0.01,0,1,,,,-0.046,0.07,49.0,13.26,-0.01,,,10.562
89.26,CARRY,11.43,-0.03,-9.58,22.83,-0.01,0,1,,,,-0.044,0.067,50.0,13.26,-0.01,,,10.562
89.31,CARRY,11.43,-0.03,-9.58,22.84,-0.01,0,1,,,,-0.044,0.067,48.8,13.26,-0.01,,,10.562
89.36,CARRY,11.43,-0.03,-9.58,22.85,-0.01,0,1,,,,-0.042,0.064,49.7,13.26,-0.01,,,10.625
89.41,CARRY,11.43,-0.03,-9.58,22.87,-0.01,0,1,,,,-0.042,0.064,49.2,13.26,-0.01,,,10.562
89.46,CARRY,11.42,-0.02,-9.58,22.88,-0.01,0,1,,,,-0.04,0.061,50.1,13.26,-0.01,,,10.625
89.51,CARRY,11.42,-0.02,-9.58,22.89,-0.01,0,1,,,,-0.04,0.061,48.7,13.26,-0.01,,,10.625
89.56,CARRY,11.42,-0.02,-9.58,22.9,-0.01,0,1,,,,-0.038,0.058,49.1,13.26,-0.01,,,10.625
89.61,CARRY,11.42,-0.02,-9.58,22.92,-0.01,0,1,,,,-0.038,0.058,48.5,13.26,-0.01,,,10.562
89.66,CARRY,11.42,-0.01,-9.58,22.93,-0.01,0,1,,,,-0.036,0.055,49.3,13.26,-0.01,,,10.5
89.71,CARRY,11.42,-0.01,-9.58,22.94,-0.01,0,1,,,,-0.036,0.054,48.4,13.26,-0.01,,,10.688
89.76,CARRY,11.41,-0.0,-9.58,22.95,-0.01,0,1,,,,-0.034,0.052,49.0,13.26,-0.01,,,10.5
89.81,CARRY,11.41,-0.0,-9.58,22.97,-0.01,0,1,,,,-0.034,0.052,49.4,13.26,-0.01,,,10.5
89.86,CARRY,11.41,0.0,-9.58,22.98,-0.01,0,1,,,,-0.032,0.049,48.9,13.26,-0.01,,,10.438
89.91,CARRY,11.41,0.0,-9.58,22.99,-0.01,0,1,,,,-0.032,0.049,48.6,13.26,-0.01,,,10.375
89.96,CARRY,11.41,0.01,-9.58,23.0,-0.01,0,1,,,,-0.03,0.046,49.0,13.26,-0.01,,,10.25
90.01,CARRY,11.41,0.01,-9.58,23.02,-0.01,0,1,,,,-0.03,0.046,48.5,13.26,-0.01,,,10.188
90.06,CARRY,11.41,0.01,-9.58,23.03,-0.01,0,1,,,,-0.029,0.043,48.7,13.26,-0.01,,,10.125
90.11,CARRY,11.41,0.01,-9.58,23.04,-0.01,0,1,,,,-0.029,0.043,48.5,13.26,-0.01,,,10.062
90.16,CARRY,11.4,0.02,-9.58,23.05,-0.01,0,1,,,,-0.027,0.04,51.4,13.26,-0.01,,,10.062
90.21,CARRY,11.4,0.02,-9.58,23.07,-0.01,0,1,,,,-0.027,0.04,48.9,13.26,-0.01,,,10.0
90.26,CARRY,11.4,0.02,-9.58,23.08,-0.01,0,1,,,,-0.025,0.038,49.4,13.26,-0.01,,,9.938
90.31,CARRY,11.4,0.02,-9.58,23.09,-0.01,0,1,,,,-0.025,0.038,49.0,13.26,-0.01,,,9.875
90.36,CARRY,11.4,0.03,-9.58,23.11,-0.01,0,1,,,,-0.024,0.035,49.1,13.26,-0.01,,,9.812
90.41,CARRY,11.4,0.03,-9.58,23.12,-0.01,0,1,,,,-0.024,0.035,48.9,13.26,-0.01,,,9.75
90.46,CARRY,11.39,0.03,-9.58,23.13,-0.01,0,1,,,,-0.022,0.032,50.0,13.26,-0.01,,,9.812
90.51,CARRY,11.39,0.03,-9.58,23.14,-0.01,0,1,,,,-0.022,0.032,50.9,13.26,-0.01,,,9.75
90.57,CARRY,11.39,0.04,-9.58,23.16,-0.01,0,1,,,,-0.02,0.03,49.5,13.26,-0.01,,,9.75
90.62,CARRY,11.39,0.04,-9.58,23.17,-0.01,0,1,,,,-0.02,0.03,48.7,13.26,-0.01,,,9.75
90.67,CARRY,11.39,0.04,-9.58,23.18,-0.01,0,1,,,,-0.019,0.028,49.2,13.26,-0.01,,,9.688
90.72,CARRY,11.39,0.04,-9.58,23.19,-0.01,0,1,,,,-0.019,0.027,48.7,13.26,-0.01,,,9.688
90.77,CARRY,11.39,0.05,-9.58,23.21,-0.01,0,1,,,,-0.017,0.025,49.1,13.26,-0.01,,,9.688
90.82,CARRY,11.39,0.05,-9.58,23.22,-0.01,0,1,,,,-0.017,0.025,48.9,13.26,-0.01,,,9.688
90.87,CARRY,11.38,0.05,-9.58,23.23,-0.01,0,1,,,,-0.015,0.023,49.0,13.26,-0.01,,,9.688
90.92,CARRY,11.38,0.05,-9.58,23.24,-0.01,0,1,,,,-0.015,0.023,50.7,13.26,-0.01,,,9.688
90.97,CARRY,11.38,0.06,-9.58,23.26,-0.01,0,1,,,,-0.014,0.021,49.0,13.26,-0.01,,,9.75
91.02,CARRY,11.38,0.06,-9.58,23.27,-0.01,0,1,,,,-0.014,0.021,49.4,13.26,-0.01,,,9.75
91.07,CARRY,11.38,0.06,-9.58,23.28,-0.01,0,1,,,,-0.013,0.018,52.0,13.26,-0.01,,,9.625
91.12,CARRY,11.38,0.06,-9.58,23.3,-0.01,0,1,,,,-0.013,0.018,48.9,13.26,-0.01,,,9.625
91.17,CARRY,11.38,0.07,-9.58,23.31,-0.01,0,1,,,,-0.012,0.016,50.0,13.26,-0.01,,,9.688
91.22,CARRY,11.38,0.07,-9.58,23.32,-0.01,0,1,,,,-0.012,0.016,48.8,13.26,-0.01,,,9.688
91.27,CARRY,11.37,0.07,-9.58,23.33,-0.01,0,1,,,,-0.01,0.014,49.3,13.26,-0.01,,,9.625
91.32,CARRY,11.37,0.07,-9.58,23.35,-0.01,0,1,,,,-0.01,0.014,48.4,13.26,-0.01,,,9.625
91.37,CARRY,11.37,0.07,-9.58,23.36,-0.01,0,1,,,,-0.009,0.013,49.9,13.26,-0.01,,,9.625
91.42,REGROUND,11.37,0.07,-9.58,23.37,-0.01,0,1,,,,-0.009,0.013,49.1,13.26,-0.01,,,9.625
91.47,REGROUND,11.37,0.08,-9.58,23.38,-0.01,0,1,,,,-0.008,0.011,4.1,13.26,-0.01,,,
91.52,REGROUND,11.37,0.08,-9.58,23.4,-0.01,0,1,,,,-0.008,0.011,0.8,13.26,-0.01,,,
91.57,REGROUND,11.37,0.08,-9.58,23.41,-0.01,0,1,,,,-0.007,0.009,1.6,13.26,-0.01,,,
91.62,REGROUND,11.37,0.08,-9.58,23.42,-0.01,0,1,,,,-0.007,0.009,1.0,13.26,-0.01,,,
91.67,REGROUND,11.37,0.08,-9.58,23.43,-0.01,0,1,,,,-0.006,0.008,1.7,13.26,-0.01,,,
91.72,REGROUND,11.37,0.08,-9.58,23.45,-0.01,0,1,,,,-0.006,0.008,1.0,13.26,-0.01,,,
91.77,REGROUND,11.36,0.09,-9.58,23.46,-0.01,0,1,,,,-0.005,0.006,1.7,13.26,-0.01,,,
91.82,REGROUND,11.36,0.09,-9.58,23.47,-0.01,0,1,,,,-0.005,0.006,1.0,13.26,-0.01,,,
91.88,REGROUND,11.36,0.09,-9.58,23.48,-0.01,0,1,,,,-0.004,0.005,1.7,13.26,-0.01,,,
91.93,REGROUND,11.36,0.09,-9.58,23.5,-0.01,0,1,,,,-0.004,0.005,1.0,13.26,-0.01,,,
91.98,REGROUND,11.36,0.09,-9.58,23.51,-0.01,0,1,,,,-0.003,0.004,1.6,13.26,-0.01,,,
92.03,REGROUND,11.36,0.09,-9.58,23.52,-0.01,0,0,,,,-0.003,0.004,1.0,13.26,-0.01,,,
92.08,REGROUND,11.36,0.09,-9.58,23.53,-0.01,0,0,,,,-0.002,0.003,1.6,13.26,-0.01,,,
92.13,REGROUND,11.36,0.09,-9.58,23.55,-0.01,0,0,,,,-0.002,0.003,1.0,13.26,-0.01,,,
92.18,REGROUND,11.36,0.09,-9.58,23.56,-0.01,0,0,,,,-0.002,0.002,1.6,13.26,-0.01,,,
92.23,REGROUND,11.36,0.09,-9.58,23.57,-0.01,0,0,,,,-0.001,0.002,1.0,13.26,-0.01,,,
92.28,REGROUND,11.36,0.09,-9.58,23.58,-0.01,0,0,,,,-0.001,0.001,1.5,13.26,-0.01,,,
92.33,REGROUND,11.36,0.09,-9.58,23.6,-0.01,0,0,,,,-0.001,0.001,0.9,13.26,-0.01,,,
92.38,REGROUND,11.36,0.1,-9.58,23.61,-0.01,0,0,,,,-0.0,0.001,1.5,13.26,-0.01,,,
92.43,REGROUND,11.36,0.1,-9.58,23.62,-0.01,0,0,,,,0.0,0.001,1.0,13.26,-0.01,,,
92.48,REGROUND,11.35,0.1,-9.58,23.63,-0.01,0,0,,,,0.001,-0.0,1.7,13.26,-0.01,,,
92.53,REGROUND,11.35,0.1,-9.58,23.65,-0.01,0,0,,,,0.001,-0.0,1.0,13.26,-0.01,,,
92.58,REGROUND,11.35,0.1,-9.58,23.66,-0.01,0,0,,,,0.001,-0.0,1.7,13.26,-0.01,,,
92.63,REGROUND,11.35,0.1,-9.58,23.67,-0.01,0,0,,,,0.001,-0.0,1.1,13.26,-0.01,,,
92.68,REGROUND,11.35,0.1,-9.58,23.68,-0.01,0,0,,,,0.002,-0.001,1.6,13.26,-0.01,,,
92.73,REGROUND,11.35,0.1,-9.58,23.7,-0.01,0,0,,,,0.002,-0.001,1.0,13.26,-0.01,,,
92.78,REGROUND,11.35,0.1,-9.58,23.71,-0.01,0,0,,,,0.002,-0.001,1.6,13.26,-0.01,,,
92.83,REGROUND,11.35,0.1,-9.58,23.72,-0.01,0,0,,,,0.002,-0.001,1.0,13.26,-0.01,,,
92.88,REGROUND,11.35,0.1,-9.58,23.73,-0.01,0,0,,,,0.002,-0.001,1.6,13.26,-0.01,,,
92.93,REGROUND,11.35,0.1,-9.58,23.75,-0.01,0,0,,,,0.002,-0.001,0.9,13.26,-0.01,,,
92.98,REGROUND,11.35,0.1,-9.58,23.76,-0.01,0,0,,,,0.002,-0.001,1.4,13.26,-0.01,,,
93.03,REGROUND,11.35,0.1,-9.58,23.77,-0.01,0,0,,,,0.002,-0.001,1.0,13.26,-0.01,,,
93.08,REGROUND,11.35,0.1,-9.58,23.78,-0.01,0,0,,,,0.003,-0.002,1.4,13.26,-0.01,,,
93.13,REGROUND,11.35,0.1,-9.58,23.8,-0.01,0,0,,,,0.003,-0.002,1.1,13.26,-0.01,,,
93.18,REGROUND,11.35,0.1,-9.58,23.81,-0.01,0,0,,,,0.003,-0.002,1.7,13.26,-0.01,,,
93.23,REGROUND,11.35,0.1,-9.58,23.82,-0.01,0,0,,,,0.003,-0.002,1.0,13.26,-0.01,,,
93.28,REGROUND,11.35,0.1,-9.58,23.83,-0.01,0,0,,,,0.003,-0.002,1.7,13.26,-0.01,,,
93.33,REGROUND,11.35,0.1,-9.58,23.85,-0.01,0,0,,,,0.003,-0.002,1.0,13.26,-0.01,,,
93.38,REGROUND,11.35,0.1,-9.58,23.86,-0.01,0,0,,,,0.003,-0.002,1.7,13.26,-0.01,,,
93.43,REGROUND,11.35,0.1,-9.58,23.87,-0.01,0,0,,,,0.003,-0.002,1.0,13.26,-0.01,,,
93.48,REGROUND,11.35,0.1,-9.58,23.88,-0.01,0,0,,,,0.003,-0.002,1.6,13.26,-0.01,,,
93.53,REGROUND,11.35,0.1,-9.58,23.9,-0.01,0,0,,,,0.003,-0.002,1.0,13.26,-0.01,,,
93.58,REGROUND,11.35,0.1,-9.58,23.91,-0.01,0,0,,,,0.003,-0.002,1.6,13.26,-0.01,,,
93.63,REGROUND,11.35,0.1,-9.58,23.92,-0.01,0,0,,,,0.003,-0.002,1.0,13.26,-0.01,,,
93.68,REGROUND,11.35,0.1,-9.58,23.93,-0.01,0,0,,,,0.003,-0.003,1.6,13.26,-0.01,,,
93.73,CARRY,11.35,0.1,-9.58,23.95,-0.01,0,0,,,,0.011,0.007,261.1,13.26,-0.01,,,
93.99,CARRY,11.35,0.1,-9.58,24.01,-0.01,0,0,321.0,124.0,116.0,2.32,0.02,50.6,13.26,-0.01,617.0,5.1,10.5
94.04,CARRY,11.35,0.1,-9.58,24.02,-0.01,0,0,,,,0.011,0.007,50.9,13.26,-0.01,,,10.5
94.09,CARRY,11.35,0.1,-9.58,24.04,-0.01,0,0,,,,0.011,0.007,49.1,13.26,-0.01,,,10.5
94.14,CARRY,11.35,0.1,-9.58,24.05,-0.01,0,0,,,,0.011,0.007,48.1,13.26,-0.01,,,10.438
94.19,CARRY,11.35,0.1,-9.58,24.06,-0.01,0,0,,,,0.011,0.007,49.4,13.26,-0.01,,,10.438
94.24,CARRY,11.35,0.1,-9.58,24.08,-0.01,0,0,,,,0.011,0.006,48.9,13.26,-0.01,,,10.375
94.29,CARRY,11.35,0.1,-9.58,24.09,-0.01,0,0,,,,0.011,0.006,48.8,13.26,-0.01,,,10.438
94.34,CARRY,11.35,0.1,-9.58,24.1,-0.01,0,0,,,,0.01,0.006,48.8,13.26,-0.01,,,10.562
94.39,CARRY,11.35,0.1,-9.58,24.11,-0.01,0,0,,,,0.01,0.006,49.1,13.26,-0.01,,,10.438
94.44,CARRY,11.35,0.1,-9.58,24.13,-0.01,0,0,,,,0.01,0.006,48.3,13.26,-0.01,,,10.375
94.49,CARRY,11.36,0.1,-9.58,24.14,-0.01,0,0,,,,0.009,0.006,49.6,13.26,-0.01,,,10.375
94.54,CARRY,11.36,0.1,-9.58,24.15,-0.01,0,0,,,,0.009,0.006,48.3,13.26,-0.01,,,10.25
94.59,CARRY,11.36,0.1,-9.58,24.16,-0.01,0,0,,,,0.008,0.006,49.3,13.26,-0.01,,,10.25
94.64,CARRY,11.36,0.1,-9.58,24.18,-0.01,0,0,,,,0.008,0.006,48.3,13.26,-0.01,,,10.188
94.69,CARRY,11.36,0.1,-9.58,24.19,-0.01,0,0,,,,0.008,0.005,49.1,13.26,-0.01,,,10.125
94.74,CARRY,11.36,0.1,-9.58,24.2,-0.01,0,0,,,,0.007,0.005,48.9,13.26,-0.01,,,10.125
94.79,CARRY,11.36,0.1,-9.58,24.21,-0.01,0,0,,,,0.007,0.005,48.7,13.26,-0.01,,,10.062
94.84,CARRY,11.36,0.1,-9.58,24.23,-0.01,0,0,,,,0.006,0.005,49.1,13.26,-0.01,,,10.0
94.89,CARRY,11.36,0.1,-9.58,24.24,-0.01,0,0,,,,0.006,0.005,48.9,13.26,-0.01,,,9.938
94.95,CARRY,11.37,0.1,-9.58,24.25,-0.01,0,0,,,,0.005,0.004,49.1,13.26,-0.01,,,10.0
95.0,CARRY,11.37,0.1,-9.58,24.26,-0.01,0,0,,,,0.006,0.004,48.8,13.26,-0.01,,,9.938
95.05,CARRY,11.37,0.1,-9.58,24.28,-0.01,0,0,,,,0.006,0.004,48.4,13.26,-0.01,,,9.938
95.1,CARRY,11.37,0.1,-9.58,24.29,-0.01,0,0,,,,0.005,0.004,49.3,13.26,-0.01,,,9.875
95.15,CARRY,11.37,0.1,-9.58,24.3,-0.01,0,0,,,,0.005,0.004,48.3,13.26,-0.01,,,9.875
95.2,CARRY,11.37,0.1,-9.58,24.31,-0.01,0,0,,,,0.005,0.004,49.2,13.26,-0.01,,,9.812
95.25,CARRY,11.37,0.1,-9.58,24.33,-0.01,0,0,,,,0.005,0.004,48.7,13.26,-0.01,,,9.812
95.3,CARRY,11.37,0.1,-9.58,24.34,-0.01,0,0,,,,0.004,0.003,50.2,13.26,-0.01,,,9.812
95.35,CARRY,11.37,0.1,-9.58,24.35,-0.01,0,0,,,,0.004,0.003,49.0,13.26,-0.01,,,9.875
95.4,CARRY,11.37,0.1,-9.58,24.36,-0.01,0,0,,,,0.004,0.003,48.6,13.26,-0.01,,,9.812
95.45,CARRY,11.37,0.1,-9.58,24.38,-0.01,0,0,,,,0.003,0.003,48.9,13.26,-0.01,,,9.812
95.5,CARRY,11.37,0.1,-9.58,24.39,-0.01,0,0,,,,0.003,0.003,48.6,13.26,-0.01,,,9.812
95.55,CARRY,11.37,0.1,-9.58,24.4,-0.01,0,0,,,,0.003,0.003,49.4,13.26,-0.01,,,9.812
95.6,CARRY,11.37,0.1,-9.58,24.41,-0.01,0,0,,,,0.003,0.003,48.4,13.26,-0.01,,,9.812
95.65,CARRY,11.37,0.1,-9.58,24.43,-0.01,0,0,,,,0.003,0.002,49.0,13.26,-0.01,,,9.812
95.7,CARRY,11.37,0.1,-9.58,24.44,-0.01,0,0,,,,0.003,0.002,48.5,13.26,-0.01,,,9.812
95.75,CARRY,11.37,0.1,-9.58,24.45,-0.01,0,0,,,,0.002,0.002,49.0,13.26,-0.01,,,9.812
95.8,CARRY,11.37,0.1,-9.58,24.46,-0.01,0,0,,,,0.002,0.002,48.5,13.26,-0.01,,,9.812
95.85,CARRY,11.37,0.1,-9.58,24.48,-0.01,0,0,,,,0.002,0.002,49.0,13.26,-0.01,,,9.812
95.9,CARRY,11.37,0.1,-9.58,24.49,-0.01,0,0,,,,0.002,0.002,48.3,13.26,-0.01,,,9.812
95.95,CARRY,11.37,0.1,-9.58,24.5,-0.01,0,0,,,,0.002,0.002,49.8,13.26,-0.01,,,9.812
96.0,CARRY,11.37,0.1,-9.58,24.51,-0.01,0,0,,,,0.002,0.002,48.6,13.26,-0.01,,,9.812
96.05,CARRY,11.38,0.1,-9.58,24.53,-0.01,0,0,,,,0.002,0.002,49.1,13.26,-0.01,,,9.812
96.1,CARRY,11.38,0.1,-9.58,24.54,-0.01,0,0,,,,0.002,0.002,47.9,13.26,-0.01,,,9.812
96.15,CARRY,11.38,0.1,-9.58,24.55,-0.01,0,0,,,,0.002,0.002,48.7,13.26,-0.01,,,9.75
96.2,CARRY,11.38,0.1,-9.58,24.56,-0.01,0,0,,,,0.002,0.002,47.9,13.26,-0.01,,,9.812
96.25,CARRY,11.38,0.1,-9.58,24.58,-0.01,0,0,,,,0.002,0.002,48.7,13.26,-0.01,,,9.812
96.3,CARRY,11.38,0.1,-9.58,24.59,-0.01,0,0,,,,0.002,0.002,48.0,13.26,-0.01,,,9.812
96.35,CARRY,11.38,0.1,-9.58,24.6,-0.01,0,0,,,,0.001,0.002,48.7,13.26,-0.01,,,9.812
96.4,CARRY,11.38,0.1,-9.58,24.61,-0.01,0,0,,,,0.001,0.002,47.9,13.26,-0.01,,,9.812
96.45,CARRY,11.38,0.1,-9.58,24.63,-0.01,0,0,,,,0.001,0.001,48.9,13.26,-0.01,,,9.812
96.5,CARRY,11.38,0.1,-9.58,24.64,-0.01,0,0,,,,0.001,0.001,48.1,13.26,-0.01,,,9.812
96.55,CARRY,11.38,0.1,-9.58,24.65,-0.01,0,0,,,,0.001,0.001,48.8,13.26,-0.01,,,9.812
96.6,CARRY,11.38,0.1,-9.58,24.66,-0.01,0,0,,,,0.001,0.001,47.9,13.26,-0.01,,,9.812
96.65,CARRY,11.38,0.1,-9.58,24.68,-0.01,0,0,,,,0.001,0.001,48.8,13.26,-0.01,,,9.812
96.7,CARRY,11.38,0.1,-9.58,24.69,-0.01,0,0,,,,0.001,0.001,47.8,13.26,-0.01,,,9.812
96.75,CARRY,11.38,0.1,-9.58,24.7,-0.01,0,0,,,,0.0,0.001,48.9,13.26,-0.01,,,9.812
96.8,CARRY,11.38,0.1,-9.58,24.71,-0.01,0,0,,,,0.001,0.001,47.8,13.26,-0.01,,,9.812
96.85,CARRY,11.38,0.1,-9.58,24.73,-0.01,0,0,,,,0.0,0.001,48.9,13.26,-0.01,,,9.812
96.9,CARRY,11.38,0.1,-9.58,24.74,-0.01,0,0,,,,0.001,0.001,47.6,13.26,-0.01,,,9.812
96.95,CARRY,11.38,0.1,-9.58,24.75,-0.01,0,0,,,,0.0,0.001,51.0,13.26,-0.01,,,9.812
97.0,REGROUND,11.38,0.1,-9.58,24.76,-0.01,0,0,,,,0.0,0.001,49.3,13.26,-0.01,,,9.812
97.05,REGROUND,11.38,0.1,-9.58,24.78,-0.01,0,0,,,,0.0,0.001,4.1,13.26,-0.01,,,
97.1,REGROUND,11.38,0.1,-9.58,24.79,-0.01,0,0,,,,0.0,0.001,0.8,13.26,-0.01,,,
97.15,REGROUND,11.38,0.1,-9.58,24.8,-0.01,0,0,,,,0.0,0.001,1.8,13.26,-0.01,,,
97.2,REGROUND,11.38,0.1,-9.58,24.82,-0.01,0,0,,,,0.0,0.001,1.1,13.26,-0.01,,,
97.25,REGROUND,11.38,0.1,-9.58,24.83,-0.01,0,0,,,,0.0,0.001,1.6,13.26,-0.01,,,
97.3,REGROUND,11.38,0.1,-9.58,24.84,-0.01,0,0,,,,0.0,0.0,1.4,13.26,-0.01,,,
97.35,REGROUND,11.38,0.1,-9.58,24.85,-0.01,0,0,,,,0.0,0.0,1.8,13.26,-0.01,,,
97.4,REGROUND,11.38,0.1,-9.58,24.87,-0.01,0,0,,,,0.0,0.0,1.1,13.26,-0.01,,,
97.45,REGROUND,11.38,0.1,-9.58,24.88,-0.01,0,0,,,,0.001,0.0,2.0,13.26,-0.01,,,
97.5,REGROUND,11.38,0.1,-9.58,24.89,-0.01,0,0,,,,0.001,0.0,1.1,13.26,-0.01,,,
97.55,REGROUND,11.38,0.1,-9.58,24.9,-0.01,0,0,,,,0.0,0.0,1.8,13.26,-0.01,,,
97.6,REGROUND,11.38,0.1,-9.58,24.92,-0.01,0,0,,,,0.0,0.0,1.0,13.26,-0.01,,,
97.65,REGROUND,11.38,0.1,-9.58,24.93,-0.01,0,0,,,,0.0,-0.0,1.7,13.26,-0.01,,,
97.7,REGROUND,11.38,0.1,-9.58,24.94,-0.01,0,0,,,,0.0,-0.0,1.0,13.26,-0.01,,,
97.75,REGROUND,11.38,0.1,-9.58,24.95,-0.01,0,0,,,,-0.0,-0.0,1.6,13.26,-0.01,,,
97.8,REGROUND,11.38,0.1,-9.58,24.97,-0.01,0,0,,,,-0.0,-0.0,1.0,13.26,-0.01,,,
97.85,REGROUND,11.38,0.1,-9.58,24.98,-0.01,0,0,,,,-0.0,-0.001,1.6,13.26,-0.01,,,
97.9,REGROUND,11.38,0.1,-9.58,24.99,-0.01,0,0,,,,-0.0,-0.001,1.0,13.26,-0.01,,,
97.95,REGROUND,11.39,0.1,-9.58,25.0,-0.01,0,0,,,,-0.001,-0.001,1.7,13.26,-0.01,,,
98.0,REGROUND,11.39,0.1,-9.58,25.02,-0.01,0,0,,,,-0.001,-0.001,1.0,13.26,-0.01,,,
98.05,REGROUND,11.39,0.1,-9.58,25.03,-0.01,0,0,,,,-0.001,-0.001,1.7,13.26,-0.01,,,
98.1,REGROUND,11.39,0.1,-9.58,25.04,-0.01,0,0,,,,-0.001,-0.001,1.3,13.26,-0.01,,,
98.15,REGROUND,11.39,0.11,-9.58,25.05,-0.01,0,0,,,,-0.001,-0.002,1.6,13.26,-0.01,,,
98.2,REGROUND,11.39,0.11,-9.58,25.07,-0.01,0,0,,,,-0.001,-0.002,0.9,13.26,-0.01,,,
98.25,REGROUND,11.39,0.11,-9.58,25.08,-0.01,0,0,,,,-0.001,-0.002,2.0,13.26,-0.01,,,
98.3,REGROUND,11.39,0.11,-9.58,25.09,-0.01,0,0,,,,-0.001,-0.002,1.1,13.26,-0.01,,,
98.35,REGROUND,11.39,0.11,-9.58,25.1,-0.01,0,0,,,,-0.002,-0.003,1.9,13.26,-0.01,,,
98.4,REGROUND,11.39,0.11,-9.58,25.12,-0.01,0,0,,,,-0.001,-0.003,1.0,13.26,-0.01,,,
98.45,REGROUND,11.39,0.11,-9.58,25.13,-0.01,0,0,,,,-0.002,-0.003,2.0,13.26,-0.01,,,
98.5,REGROUND,11.39,0.11,-9.58,25.14,-0.01,0,0,,,,-0.001,-0.003,1.1,13.26,-0.01,,,
98.55,REGROUND,11.39,0.11,-9.58,25.15,-0.01,0,0,,,,-0.002,-0.004,1.5,13.26,-0.01,,,
98.6,REGROUND,11.39,0.11,-9.58,25.17,-0.01,0,0,,,,-0.002,-0.004,1.0,13.26,-0.01,,,
98.65,REGROUND,11.39,0.11,-9.58,25.18,-0.01,0,0,,,,-0.001,-0.004,1.6,13.26,-0.01,,,
98.7,REGROUND,11.39,0.11,-9.58,25.19,-0.01,0,0,,,,-0.001,-0.004,1.3,13.26,-0.01,,,
98.75,REGROUND,11.39,0.11,-9.58,25.2,-0.01,0,0,,,,-0.001,-0.004,1.7,13.26,-0.01,,,
98.8,REGROUND,11.39,0.11,-9.58,25.22,-0.01,0,0,,,,-0.001,-0.004,1.0,13.26,-0.01,,,
98.85,REGROUND,11.39,0.11,-9.58,25.23,-0.01,0,0,,,,-0.001,-0.005,1.7,13.26,-0.01,,,
98.9,REGROUND,11.39,0.11,-9.58,25.24,-0.01,0,0,,,,-0.001,-0.005,1.0,13.26,-0.01,,,
98.95,REGROUND,11.39,0.11,-9.58,25.25,-0.01,0,0,,,,-0.001,-0.005,1.7,13.26,-0.01,,,
99.0,REGROUND,11.39,0.11,-9.58,25.27,-0.01,0,0,,,,-0.001,-0.005,1.0,13.26,-0.01,,,
99.05,REGROUND,11.39,0.11,-9.58,25.28,-0.01,0,0,,,,-0.001,-0.005,1.7,13.26,-0.01,,,
99.1,REGROUND,11.39,0.11,-9.58,25.29,-0.01,0,0,,,,-0.001,-0.005,1.0,13.26,-0.01,,,
99.15,REGROUND,11.39,0.11,-9.58,25.3,-0.01,0,0,,,,-0.0,-0.005,1.7,13.26,-0.01,,,
99.2,REGROUND,11.39,0.11,-9.58,25.32,-0.01,0,0,,,,-0.0,-0.005,1.0,13.26,-0.01,,,
99.25,REGROUND,11.39,0.11,-9.58,25.33,-0.01,0,0,,,,-0.0,-0.005,1.5,13.26,-0.01,,,
99.3,REGROUND,11.39,0.11,-9.58,25.34,-0.01,0,0,,,,-0.0,-0.005,1.0,13.26,-0.01,,,
99.35,REGROUND,11.39,0.11,-9.58,25.35,-0.01,0,0,,,,0.0,-0.005,1.6,13.26,-0.01,,,
99.4,REGROUND,11.39,0.11,-9.58,25.37,-0.01,0,0,,,,0.0,-0.005,1.1,13.26,-0.01,,,
99.46,REGROUND,11.39,0.11,-9.58,25.38,-0.01,0,0,,,,0.001,-0.005,4.4,13.26,-0.01,,,
99.51,REGROUND,11.39,0.11,-9.58,25.39,-0.01,0,0,,,,0.001,-0.005,1.1,13.26,-0.01,,,
99.56,REGROUND,11.39,0.11,-9.58,25.4,-0.01,0,0,,,,0.001,-0.004,1.7,13.26,-0.01,,,
99.61,REGROUND,11.39,0.11,-9.58,25.42,-0.01,0,0,,,,0.001,-0.005,1.0,13.26,-0.01,,,
99.66,REGROUND,11.39,0.11,-9.58,25.43,-0.01,0,0,,,,0.001,-0.004,1.7,13.26,-0.01,,,
99.71,REGROUND,11.39,0.11,-9.58,25.44,-0.01,0,0,,,,0.001,-0.004,1.0,13.26,-0.01,,,
99.76,REGROUND,11.39,0.11,-9.58,25.45,-0.01,0,0,,,,0.001,-0.004,1.5,13.26,-0.01,,,
99.81,REGROUND,11.39,0.11,-9.58,25.47,-0.01,0,0,,,,0.001,-0.004,1.0,13.26,-0.01,,,
99.86,REGROUND,11.39,0.11,-9.58,25.48,-0.01,0,0,,,,0.002,-0.004,1.7,13.26,-0.01,,,
99.91,REGROUND,11.39,0.11,-9.58,25.49,-0.01,0,0,,,,0.002,-0.004,1.0,13.26,-0.01,,,
99.96,REGROUND,11.39,0.11,-9.58,25.5,-0.01,0,0,,,,0.002,-0.004,1.6,13.26,-0.01,,,
100.01,REGROUND,11.39,0.11,-9.58,25.52,-0.01,0,0,,,,0.002,-0.004,1.0,13.26,-0.01,,,
100.06,REGROUND,11.39,0.11,-9.58,25.53,-0.01,0,0,,,,0.002,-0.003,1.6,13.26,-0.01,,,
100.11,REGROUND,11.39,0.11,-9.58,25.54,-0.01,0,0,,,,0.002,-0.004,1.0,13.26,-0.01,,,
100.16,REGROUND,11.38,0.1,-9.58,25.55,-0.01,0,0,,,,0.002,-0.003,1.5,13.26,-0.01,,,
100.21,REGROUND,11.38,0.1,-9.58,25.57,-0.01,0,0,,,,0.002,-0.003,0.9,13.26,-0.01,,,
100.26,REGROUND,11.38,0.1,-9.58,25.58,-0.01,0,0,,,,0.003,-0.003,1.7,13.26,-0.01,,,
100.31,REGROUND,11.38,0.1,-9.58,25.59,-0.01,0,0,,,,0.003,-0.003,1.0,13.26,-0.01,,,
100.36,REGROUND,11.38,0.1,-9.58,25.6,-0.01,0,0,,,,0.003,-0.002,1.7,13.26,-0.01,,,
100.41,REGROUND,11.38,0.1,-9.58,25.62,-0.01,0,0,,,,0.003,-0.002,1.0,13.26,-0.01,,,
100.46,REGROUND,11.38,0.1,-9.58,25.63,-0.01,0,0,,,,0.004,-0.002,1.7,13.26,-0.01,,,
100.51,REGROUND,11.38,0.1,-9.58,25.64,-0.01,0,0,,,,0.004,-0.002,1.0,13.26,-0.01,,,
100.56,REGROUND,11.38,0.1,-9.58,25.65,-0.01,0,0,,,,0.004,-0.001,1.7,13.26,-0.01,,,
100.61,REGROUND,11.38,0.1,-9.58,25.67,-0.01,0,0,,,,0.004,-0.001,1.0,13.26,-0.01,,,
100.66,REGROUND,11.38,0.1,-9.58,25.68,-0.01,0,0,,,,0.005,-0.001,1.7,13.26,-0.01,,,
100.71,REGROUND,11.38,0.1,-9.58,25.69,-0.01,0,0,,,,0.005,-0.001,1.0,13.26,-0.01,,,
100.76,REGROUND,11.38,0.1,-9.58,25.7,-0.01,0,0,,,,0.005,-0.0,1.6,13.26,-0.01,,,
100.81,REGROUND,11.38,0.1,-9.58,25.72,-0.01,0,0,,,,0.005,-0.0,1.0,13.26,-0.01,,,
100.86,REGROUND,11.38,0.1,-9.58,25.73,-0.01,0,0,,,,0.006,0.0,1.7,13.26,-0.01,,,
100.91,REGROUND,11.38,0.1,-9.58,25.74,-0.01,0,0,,,,0.006,-0.0,1.0,13.26,-0.01,,,
100.96,REGROUND,11.38,0.1,-9.58,25.75,-0.01,0,0,,,,0.006,0.0,1.7,13.26,-0.01,,,
101.01,REGROUND,11.38,0.1,-9.58,25.77,-0.01,0,0,,,,0.006,0.0,1.3,13.26,-0.01,,,
101.06,REGROUND,11.38,0.1,-9.58,25.78,-0.01,0,0,,,,0.006,0.001,2.1,13.26,-0.01,,,
101.11,REGROUND,11.38,0.1,-9.58,25.79,-0.01,0,0,,,,0.006,0.001,1.2,13.26,-0.01,,,
101.16,REGROUND,11.38,0.09,-9.58,25.8,-0.01,0,0,,,,0.006,0.001,1.8,13.26,-0.01,,,
101.21,REGROUND,11.38,0.09,-9.58,25.82,-0.01,0,0,,,,0.006,0.001,1.1,13.26,-0.01,,,
101.26,REGROUND,11.38,0.09,-9.58,25.83,-0.01,0,0,,,,0.006,0.001,1.8,13.26,-0.01,,,
101.31,REGROUND,11.38,0.09,-9.58,25.84,-0.01,0,0,,,,0.007,0.001,1.0,13.26,-0.01,,,
101.36,REGROUND,11.38,0.09,-9.58,25.85,-0.01,0,0,,,,0.006,0.002,2.0,13.26,-0.01,,,
101.41,REGROUND,11.38,0.09,-9.58,25.87,-0.01,0,0,,,,0.006,0.002,1.0,13.26,-0.01,,,
101.46,REGROUND,11.38,0.09,-9.58,25.88,-0.01,0,0,,,,0.006,0.002,1.6,13.26,-0.01,,,
101.51,REGROUND,11.38,0.09,-9.58,25.89,-0.01,0,0,,,,0.007,0.002,0.7,13.26,-0.01,,,
101.56,REGROUND,11.38,0.09,-9.58,25.9,-0.01,0,0,,,,0.006,0.002,2.0,13.26,-0.01,,,
101.61,REGROUND,11.38,0.09,-9.58,25.92,-0.01,0,0,,,,0.006,0.002,1.0,13.26,-0.01,,,
101.66,REGROUND,11.38,0.09,-9.58,25.93,-0.01,0,0,,,,0.006,0.002,1.7,13.26,-0.01,,,
101.71,REGROUND,11.38,0.09,-9.58,25.94,-0.01,0,0,,,,0.006,0.002,1.0,13.26,-0.01,,,
101.76,REGROUND,11.38,0.09,-9.58,25.95,-0.01,0,0,,,,0.006,0.002,1.7,13.26,-0.01,,,
101.81,REGROUND,11.38,0.09,-9.58,25.97,-0.01,0,0,,,,0.006,0.002,1.0,13.26,-0.01,,,
101.86,REGROUND,11.38,0.09,-9.58,25.98,-0.01,0,0,,,,0.006,0.001,4.6,13.26,-0.01,,,
101.91,REGROUND,11.38,0.09,-9.58,25.99,-0.01,0,0,,,,0.006,0.001,1.0,13.26,-0.01,,,
101.96,REGROUND,11.38,0.09,-9.58,26.0,-0.01,0,0,,,,0.006,0.001,1.4,13.26,-0.01,,,
102.01,REGROUND,11.38,0.09,-9.58,26.02,-0.01,0,0,,,,0.006,0.001,1.0,13.26,-0.01,,,
102.06,REGROUND,11.38,0.09,-9.58,26.03,-0.01,0,0,,,,0.006,0.001,1.6,13.26,-0.01,,,
102.11,REGROUND,11.38,0.09,-9.58,26.04,-0.01,0,0,,,,0.006,0.001,1.0,13.26,-0.01,,,
102.16,REGROUND,11.38,0.09,-9.58,26.05,-0.01,0,0,,,,0.005,0.001,1.6,13.26,-0.01,,,
102.21,REGROUND,11.38,0.09,-9.58,26.07,-0.01,0,0,,,,0.005,0.001,1.0,13.26,-0.01,,,
102.26,REGROUND,11.38,0.09,-9.58,26.08,-0.01,0,0,,,,0.005,0.001,1.7,13.26,-0.01,,,
102.31,REGROUND,11.38,0.09,-9.58,26.09,-0.01,0,0,,,,0.005,0.001,1.0,13.26,-0.01,,,
102.36,REGROUND,11.38,0.09,-9.58,26.1,-0.01,0,0,,,,0.005,0.0,1.7,13.26,-0.01,,,
102.41,REGROUND,11.38,0.09,-9.58,26.12,-0.01,0,0,,,,0.005,0.0,1.1,13.26,-0.01,,,
102.46,REGROUND,11.38,0.09,-9.58,26.13,-0.01,0,0,,,,0.005,0.0,1.7,13.26,-0.01,,,
102.51,REGROUND,11.38,0.09,-9.58,26.14,-0.01,0,0,,,,0.005,0.0,1.0,13.26,-0.01,,,
102.56,REGROUND,11.39,0.09,-9.58,26.15,-0.01,0,0,,,,0.005,-0.0,1.7,13.26,-0.01,,,
102.61,REGROUND,11.39,0.09,-9.58,26.17,-0.01,0,0,,,,0.005,-0.0,1.0,13.26,-0.01,,,
102.66,REGROUND,11.39,0.09,-9.58,26.18,-0.01,0,0,,,,0.005,-0.0,1.6,13.26,-0.01,,,
102.71,REGROUND,11.39,0.09,-9.58,26.19,-0.01,0,0,,,,0.005,-0.0,1.0,13.26,-0.01,,,
102.76,REGROUND,11.39,0.09,-9.58,26.2,-0.01,0,0,,,,0.004,-0.001,1.6,13.26,-0.01,,,
102.81,REGROUND,11.39,0.09,-9.58,26.22,-0.01,0,0,,,,0.004,-0.001,1.0,13.26,-0.01,,,
102.86,REGROUND,11.39,0.09,-9.58,26.23,-0.01,0,0,,,,0.004,-0.001,1.6,13.26,-0.01,,,
102.91,REGROUND,11.39,0.09,-9.58,26.24,-0.01,0,0,,,,0.004,-0.001,1.0,13.26,-0.01,,,
102.96,REGROUND,11.39,0.09,-9.58,26.25,-0.01,0,0,,,,0.004,-0.001,1.7,13.26,-0.01,,,
103.01,REGROUND,11.39,0.09,-9.58,26.27,-0.01,0,0,,,,0.004,-0.001,1.1,13.26,-0.01,,,
103.06,REGROUND,11.39,0.09,-9.58,26.28,-0.01,0,0,,,,0.004,-0.001,1.5,13.26,-0.01,,,
103.11,REGROUND,11.39,0.09,-9.58,26.29,-0.01,0,0,,,,0.004,-0.001,1.1,13.26,-0.01,,,
103.16,REGROUND,11.39,0.09,-9.58,26.3,-0.01,0,0,,,,0.004,-0.001,1.5,13.26,-0.01,,,
103.21,REGROUND,11.39,0.09,-9.58,26.32,-0.01,0,0,,,,0.004,-0.001,1.0,13.26,-0.01,,,
103.26,REGROUND,11.39,0.09,-9.58,26.33,-0.01,0,0,,,,0.004,-0.001,1.6,13.26,-0.01,,,
103.31,REGROUND,11.39,0.09,-9.58,26.34,-0.01,0,0,,,,0.004,-0.001,1.0,13.26,-0.01,,,
103.36,REGROUND,11.39,0.09,-9.58,26.35,-0.01,0,0,,,,0.004,-0.001,1.5,13.26,-0.01,,,
103.41,REGROUND,11.39,0.09,-9.58,26.37,-0.01,0,0,,,,0.004,-0.001,0.9,13.26,-0.01,,,
103.46,REGROUND,11.39,0.09,-9.58,26.38,-0.01,0,0,,,,0.004,-0.002,1.7,13.26,-0.01,,,
103.51,REGROUND,11.39,0.09,-9.58,26.39,-0.01,0,0,,,,0.004,-0.002,1.0,13.26,-0.01,,,
103.56,REGROUND,11.39,0.09,-9.58,26.4,-0.01,0,0,,,,0.004,-0.002,1.7,13.26,-0.01,,,
103.61,REGROUND,11.39,0.09,-9.58,26.42,-0.01,0,0,,,,0.004,-0.002,1.0,13.26,-0.01,,,
103.66,REGROUND,11.39,0.09,-9.58,26.43,-0.01,0,0,,,,0.004,-0.002,1.4,13.26,-0.01,,,
103.71,REGROUND,11.39,0.09,-9.58,26.44,-0.01,0,0,,,,0.004,-0.002,1.0,13.26,-0.01,,,
103.76,REGROUND,11.39,0.09,-9.58,26.45,-0.01,0,0,,,,0.003,-0.002,1.6,13.26,-0.01,,,
103.81,REGROUND,11.39,0.09,-9.58,26.47,-0.01,0,0,,,,0.003,-0.002,1.0,13.26,-0.01,,,
103.86,REGROUND,11.39,0.09,-9.58,26.48,-0.01,0,0,,,,0.003,-0.002,1.6,13.26,-0.01,,,
103.91,REGROUND,11.39,0.09,-9.58,26.49,-0.01,0,0,,,,0.003,-0.002,1.0,13.26,-0.01,,,
103.96,REGROUND,11.39,0.09,-9.58,26.5,-0.01,0,0,,,,0.003,-0.002,1.6,13.26,-0.01,,,
104.01,REGROUND,11.39,0.09,-9.58,26.52,-0.01,0,0,,,,0.003,-0.002,0.9,13.26,-0.01,,,
104.06,REGROUND,11.39,0.09,-9.58,26.53,-0.01,0,0,,,,0.002,-0.002,1.5,13.26,-0.01,,,
104.11,REGROUND,11.39,0.09,-9.58,26.54,-0.01,0,0,,,,0.002,-0.002,1.0,13.26,-0.01,,,
104.16,REGROUND,11.4,0.09,-9.58,26.56,-0.01,0,0,,,,0.002,-0.002,1.6,13.26,-0.01,,,
104.21,REGROUND,11.4,0.09,-9.58,26.57,-0.01,0,0,,,,0.002,-0.002,1.1,13.26,-0.01,,,
104.26,REGROUND,11.4,0.09,-9.58,26.58,-0.01,0,0,,,,0.001,-0.002,4.3,13.26,-0.01,,,
104.31,REGROUND,11.4,0.09,-9.58,26.59,-0.01,0,0,,,,0.001,-0.002,1.1,13.26,-0.01,,,
104.36,REGROUND,11.4,0.09,-9.58,26.61,-0.01,0,0,,,,0.001,-0.002,1.7,13.26,-0.01,,,
104.41,REGROUND,11.4,0.09,-9.58,26.62,-0.01,0,0,,,,0.001,-0.002,1.0,13.26,-0.01,,,
104.46,REGROUND,11.4,0.09,-9.58,26.63,-0.01,0,0,,,,0.0,-0.002,1.7,13.26,-0.01,,,
104.51,REGROUND,11.4,0.09,-9.58,26.64,-0.01,0,0,,,,0.001,-0.002,1.0,13.26,-0.01,,,
104.56,REGROUND,11.4,0.09,-9.58,26.66,-0.01,0,0,,,,0.0,-0.002,1.7,13.26,-0.01,,,
104.61,REGROUND,11.4,0.09,-9.58,26.67,-0.01,0,0,,,,0.0,-0.002,1.0,13.26,-0.01,,,
104.66,REGROUND,11.4,0.09,-9.58,26.68,-0.01,0,0,,,,-0.0,-0.002,1.7,13.26,-0.01,,,
104.71,REGROUND,11.4,0.09,-9.58,26.69,-0.01,0,0,,,,0.0,-0.002,1.0,13.26,-0.01,,,
104.76,REGROUND,11.4,0.09,-9.58,26.71,-0.01,0,0,,,,-0.0,-0.002,1.6,13.26,-0.01,,,
104.81,REGROUND,11.4,0.09,-9.58,26.72,-0.01,0,0,,,,-0.0,-0.002,1.0,13.26,-0.01,,,
104.86,REGROUND,11.4,0.09,-9.58,26.73,-0.01,0,0,,,,-0.0,-0.002,1.8,13.26,-0.01,,,
104.91,REGROUND,11.4,0.09,-9.58,26.74,-0.01,0,0,,,,-0.0,-0.002,1.0,13.26,-0.01,,,
104.96,REGROUND,11.4,0.09,-9.58,26.76,-0.01,0,0,,,,-0.0,-0.002,1.7,13.26,-0.01,,,
105.01,REGROUND,11.4,0.09,-9.58,26.77,-0.01,0,0,,,,-0.0,-0.002,1.1,13.26,-0.01,,,
105.06,REGROUND,11.4,0.09,-9.58,26.78,-0.01,0,0,,,,-0.0,-0.002,1.9,13.26,-0.01,,,
105.11,REGROUND,11.4,0.09,-9.58,26.79,-0.01,0,0,,,,-0.0,-0.002,1.0,13.26,-0.01,,,
105.16,REGROUND,11.4,0.09,-9.58,26.81,-0.01,0,0,,,,-0.0,-0.002,1.7,13.26,-0.01,,,
105.21,REGROUND,11.4,0.09,-9.58,26.82,-0.01,0,0,,,,-0.0,-0.002,0.8,13.26,-0.01,,,
105.26,REGROUND,11.4,0.09,-9.58,26.83,-0.01,0,0,,,,0.0,-0.003,1.6,13.26,-0.01,,,
105.31,REGROUND,11.4,0.09,-9.58,26.84,-0.01,0,0,,,,0.0,-0.003,1.0,13.26,-0.01,,,
105.36,REGROUND,11.4,0.09,-9.58,26.86,-0.01,0,0,,,,0.0,-0.003,1.6,13.26,-0.01,,,
105.41,REGROUND,11.4,0.09,-9.58,26.87,-0.01,0,0,,,,0.0,-0.003,1.1,13.26,-0.01,,,
105.46,REGROUND,11.4,0.09,-9.58,26.88,-0.01,0,0,,,,0.001,-0.003,1.7,13.26,-0.01,,,
105.51,REGROUND,11.4,0.09,-9.58,26.89,-0.01,0,0,,,,0.001,-0.003,0.8,13.26,-0.01,,,
105.56,REGROUND,11.4,0.09,-9.58,26.91,-0.01,0,0,,,,0.001,-0.003,1.7,13.26,-0.01,,,
105.61,REGROUND,11.4,0.09,-9.58,26.92,-0.01,0,0,,,,0.001,-0.003,1.0,13.26,-0.01,,,
105.66,REGROUND,11.4,0.09,-9.58,26.93,-0.01,0,0,,,,0.001,-0.003,1.7,13.26,-0.01,,,
105.71,REGROUND,11.4,0.09,-9.58,26.94,-0.01,0,0,,,,0.001,-0.003,0.8,13.26,-0.01,,,
105.76,REGROUND,11.4,0.09,-9.58,26.96,-0.01,0,0,,,,0.001,-0.003,1.7,13.26,-0.01,,,
105.81,REGROUND,11.4,0.09,-9.58,26.97,-0.01,0,0,,,,0.001,-0.003,1.0,13.26,-0.01,,,
105.86,REGROUND,11.4,0.09,-9.58,26.98,-0.01,0,0,,,,0.002,-0.003,1.6,13.26,-0.01,,,
105.91,REGROUND,11.4,0.09,-9.58,26.99,-0.01,0,0,,,,0.002,-0.003,1.0,13.26,-0.01,,,
105.96,REGROUND,11.4,0.09,-9.58,27.01,-0.01,0,0,,,,0.002,-0.003,1.6,13.26,-0.01,,,
106.01,REGROUND,11.4,0.09,-9.58,27.02,-0.01,0,0,,,,0.002,-0.003,1.0,13.26,-0.01,,,
106.07,REGROUND,11.4,0.09,-9.58,27.03,-0.01,0,0,,,,0.002,-0.003,1.6,13.26,-0.01,,,
106.12,REGROUND,11.4,0.09,-9.58,27.04,-0.01,0,0,,,,0.002,-0.003,1.0,13.26,-0.01,,,
106.17,REGROUND,11.4,0.09,-9.58,27.06,-0.01,0,0,,,,0.002,-0.003,1.7,13.26,-0.01,,,
106.22,REGROUND,11.4,0.09,-9.58,27.07,-0.01,0,0,,,,0.002,-0.003,1.0,13.26,-0.01,,,
106.27,REGROUND,11.4,0.09,-9.58,27.08,-0.01,0,0,,,,0.002,-0.003,1.7,13.26,-0.01,,,
106.32,REGROUND,11.4,0.09,-9.58,27.09,-0.01,0,0,,,,0.002,-0.003,1.0,13.26,-0.01,,,
106.37,REGROUND,11.4,0.09,-9.58,27.11,-0.01,0,0,,,,0.002,-0.003,1.7,13.26,-0.01,,,
106.42,REGROUND,11.4,0.09,-9.58,27.12,-0.01,0,0,,,,0.002,-0.003,1.0,13.26,-0.01,,,
106.47,REGROUND,11.4,0.09,-9.58,27.13,-0.01,0,0,,,,0.003,-0.003,1.6,13.26,-0.01,,,
106.52,REGROUND,11.4,0.09,-9.58,27.14,-0.01,0,0,,,,0.003,-0.003,1.0,13.26,-0.01,,,
106.57,REGROUND,11.4,0.09,-9.58,27.16,-0.01,0,0,,,,0.003,-0.003,1.6,13.26,-0.01,,,
106.62,REGROUND,11.4,0.09,-9.58,27.17,-0.01,0,0,,,,0.003,-0.003,1.0,13.26,-0.01,,,
106.67,REGROUND,11.4,0.09,-9.58,27.18,-0.01,0,0,,,,0.003,-0.003,4.3,13.26,-0.01,,,
106.72,REGROUND,11.4,0.09,-9.58,27.19,-0.01,0,0,,,,0.003,-0.003,1.0,13.26,-0.01,,,
106.77,REGROUND,11.4,0.09,-9.58,27.21,-0.01,0,0,,,,0.003,-0.003,1.6,13.26,-0.01,,,
106.82,REGROUND,11.4,0.09,-9.58,27.22,-0.01,0,0,,,,0.003,-0.003,1.1,13.26,-0.01,,,
106.87,REGROUND,11.4,0.09,-9.58,27.23,-0.01,0,0,,,,0.003,-0.003,1.8,13.26,-0.01,,,
106.92,REGROUND,11.4,0.09,-9.58,27.24,-0.01,0,0,,,,0.003,-0.003,1.1,13.26,-0.01,,,
106.97,REGROUND,11.4,0.09,-9.58,27.26,-0.01,0,0,,,,0.003,-0.003,1.7,13.26,-0.01,,,
107.02,REGROUND,11.4,0.09,-9.58,27.27,-0.01,0,0,,,,0.003,-0.003,1.1,13.26,-0.01,,,
107.07,REGROUND,11.4,0.09,-9.58,27.28,-0.01,0,0,,,,0.003,-0.003,1.5,13.26,-0.01,,,
107.12,REGROUND,11.4,0.09,-9.58,27.29,-0.01,0,0,,,,0.003,-0.003,1.0,13.26,-0.01,,,
107.17,REGROUND,11.4,0.09,-9.58,27.31,-0.01,0,0,,,,0.003,-0.003,1.7,13.26,-0.01,,,
107.22,REGROUND,11.4,0.09,-9.58,27.32,-0.01,0,0,,,,0.003,-0.003,1.0,13.26,-0.01,,,
107.27,REGROUND,11.4,0.09,-9.58,27.33,-0.01,0,0,,,,0.003,-0.003,1.7,13.26,-0.01,,,
107.32,REGROUND,11.4,0.09,-9.58,27.34,-0.01,0,0,,,,0.003,-0.003,1.0,13.26,-0.01,,,
107.37,REGROUND,11.4,0.09,-9.58,27.36,-0.01,0,0,,,,0.003,-0.003,1.7,13.26,-0.01,,,
107.42,REGROUND,11.4,0.09,-9.58,27.37,-0.01,0,0,,,,0.003,-0.003,1.0,13.26,-0.01,,,
107.47,REGROUND,11.4,0.09,-9.58,27.38,-0.01,0,0,,,,0.003,-0.003,1.6,13.26,-0.01,,,
107.52,REGROUND,11.4,0.09,-9.58,27.39,-0.01,0,0,,,,0.003,-0.003,1.0,13.26,-0.01,,,
107.57,REGROUND,11.4,0.09,-9.58,27.41,-0.01,0,0,,,,0.003,-0.003,1.7,13.26,-0.01,,,
107.62,REGROUND,11.4,0.09,-9.58,27.42,-0.01,0,0,,,,0.003,-0.003,1.2,13.26,-0.01,,,
107.67,REGROUND,11.4,0.09,-9.58,27.43,-0.01,0,0,,,,0.003,-0.003,1.7,13.26,-0.01,,,
107.72,REGROUND,11.4,0.09,-9.58,27.44,-0.01,0,0,,,,0.003,-0.003,1.0,13.26,-0.01,,,
107.77,REGROUND,11.4,0.09,-9.58,27.46,-0.01,0,0,,,,0.003,-0.003,1.5,13.26,-0.01,,,
107.82,REGROUND,11.4,0.09,-9.58,27.47,-0.01,0,0,,,,0.003,-0.003,1.0,13.26,-0.01,,,
107.87,REGROUND,11.4,0.09,-9.58,27.48,-0.01,0,0,,,,0.003,-0.003,1.7,13.26,-0.01,,,
107.92,REGROUND,11.4,0.09,-9.58,27.49,-0.01,0,0,,,,0.003,-0.003,1.0,13.26,-0.01,,,
107.97,REGROUND,11.4,0.09,-9.58,27.51,-0.01,0,0,,,,0.003,-0.003,1.5,13.26,-0.01,,,
108.02,REGROUND,11.4,0.09,-9.58,27.52,-0.01,0,0,,,,0.003,-0.003,1.0,13.26,-0.01,,,
108.07,REGROUND,11.4,0.09,-9.58,27.53,-0.01,0,0,,,,0.003,-0.003,1.6,13.26,-0.01,,,
108.12,REGROUND,11.4,0.09,-9.58,27.54,-0.01,0,0,,,,0.003,-0.003,1.0,13.26,-0.01,,,
108.17,REGROUND,11.4,0.09,-9.58,27.56,-0.01,0,0,,,,0.003,-0.003,1.5,13.26,-0.01,,,
108.22,REGROUND,11.4,0.09,-9.58,27.57,-0.01,0,0,,,,0.003,-0.003,1.0,13.26,-0.01,,,
108.27,REGROUND,11.4,0.09,-9.58,27.58,-0.01,0,0,,,,0.003,-0.003,1.7,13.26,-0.01,,,
108.32,REGROUND,11.4,0.09,-9.58,27.59,-0.01,0,0,,,,0.003,-0.003,1.1,13.26,-0.01,,,
108.37,REGROUND,11.4,0.09,-9.58,27.61,-0.01,0,0,,,,0.003,-0.003,1.7,13.26,-0.01,,,
108.42,REGROUND,11.4,0.09,-9.58,27.62,-0.01,0,0,,,,0.003,-0.003,1.0,13.26,-0.01,,,
108.47,REGROUND,11.4,0.09,-9.58,27.63,-0.01,0,0,,,,0.003,-0.003,1.8,13.26,-0.01,,,
108.52,REGROUND,11.4,0.09,-9.58,27.64,-0.01,0,0,,,,0.003,-0.003,1.0,13.26,-0.01,,,
108.57,REGROUND,11.4,0.09,-9.58,27.66,-0.01,0,0,,,,0.002,-0.003,1.7,13.26,-0.01,,,
108.62,REGROUND,11.4,0.09,-9.58,27.67,-0.01,0,0,,,,0.002,-0.003,1.0,13.26,-0.01,,,
108.67,REGROUND,11.41,0.09,-9.58,27.68,-0.01,0,0,,,,0.002,-0.003,1.7,13.26,-0.01,,,
108.72,REGROUND,11.41,0.09,-9.58,27.69,-0.01,0,0,,,,0.002,-0.003,1.0,13.26,-0.01,,,
108.77,REGROUND,11.41,0.09,-9.58,27.71,-0.01,0,0,,,,0.002,-0.003,1.6,13.26,-0.01,,,
108.82,REGROUND,11.41,0.09,-9.58,27.72,-0.01,0,0,,,,0.002,-0.003,1.0,13.26,-0.01,,,
108.87,REGROUND,11.41,0.09,-9.58,27.73,-0.01,0,0,,,,0.002,-0.003,1.6,13.26,-0.01,,,
108.92,REGROUND,11.41,0.09,-9.58,27.74,-0.01,0,0,,,,0.002,-0.003,1.0,13.26,-0.01,,,
108.97,REGROUND,11.41,0.09,-9.58,27.76,-0.01,0,0,,,,0.002,-0.003,1.5,13.26,-0.01,,,
109.02,REGROUND,11.41,0.09,-9.58,27.77,-0.01,0,0,,,,0.002,-0.003,1.1,13.26,-0.01,,,
109.07,REGROUND,11.41,0.09,-9.58,27.78,-0.01,0,0,,,,0.002,-0.003,4.3,13.26,-0.01,,,
109.12,REGROUND,11.41,0.09,-9.58,27.79,-0.01,0,0,,,,0.002,-0.003,1.0,13.26,-0.01,,,
109.17,REGROUND,11.41,0.09,-9.58,27.81,-0.01,0,0,,,,0.001,-0.003,1.7,13.26,-0.01,,,
109.22,REGROUND,11.41,0.09,-9.58,27.82,-0.01,0,0,,,,0.001,-0.003,1.0,13.26,-0.01,,,
109.27,REGROUND,11.41,0.09,-9.58,27.83,-0.01,0,0,,,,0.001,-0.003,1.7,13.26,-0.01,,,
109.32,REGROUND,11.41,0.09,-9.58,27.84,-0.01,0,0,,,,0.001,-0.003,1.0,13.26,-0.01,,,
109.37,REGROUND,11.41,0.08,-9.58,27.86,-0.01,0,0,,,,0.001,-0.003,1.7,13.26,-0.01,,,
109.42,REGROUND,11.41,0.08,-9.58,27.87,-0.01,0,0,,,,0.001,-0.003,1.0,13.26,-0.01,,,
109.47,REGROUND,11.41,0.08,-9.58,27.88,-0.01,0,0,,,,0.001,-0.003,1.6,13.26,-0.01,,,
109.52,REGROUND,11.41,0.08,-9.58,27.89,-0.01,0,0,,,,0.001,-0.003,1.0,13.26,-0.01,,,
109.57,REGROUND,11.41,0.08,-9.58,27.91,-0.01,0,0,,,,0.001,-0.003,1.6,13.26,-0.01,,,
109.62,REGROUND,11.41,0.08,-9.58,27.92,-0.01,0,0,,,,0.001,-0.003,1.0,13.26,-0.01,,,
109.67,REGROUND,11.41,0.08,-9.58,27.93,-0.01,0,0,,,,0.001,-0.003,1.7,13.26,-0.01,,,
109.72,REGROUND,11.41,0.08,-9.58,27.94,-0.01,0,0,,,,0.001,-0.003,1.1,13.26,-0.01,,,
109.77,REGROUND,11.41,0.08,-9.58,27.96,-0.01,0,0,,,,0.001,-0.003,1.7,13.26,-0.01,,,
109.82,REGROUND,11.41,0.08,-9.58,27.97,-0.01,0,0,,,,0.001,-0.003,1.1,13.26,-0.01,,,
109.87,REGROUND,11.41,0.08,-9.58,27.98,-0.01,0,0,,,,0.001,-0.003,1.7,13.26,-0.01,,,
109.92,REGROUND,11.41,0.08,-9.58,27.99,-0.01,0,0,,,,0.002,-0.003,1.0,13.26,-0.01,,,
109.97,REGROUND,11.41,0.08,-9.58,28.01,-0.01,0,0,,,,0.002,-0.003,1.7,13.26,-0.01,,,
110.02,REGROUND,11.41,0.08,-9.58,28.02,-0.01,0,0,,,,0.002,-0.003,1.0,13.26,-0.01,,,
110.07,REGROUND,11.41,0.08,-9.58,28.03,-0.01,0,0,,,,0.002,-0.002,1.5,13.26,-0.01,,,
110.12,REGROUND,11.41,0.08,-9.58,28.04,-0.01,0,0,,,,0.002,-0.003,1.0,13.26,-0.01,,,
110.17,REGROUND,11.41,0.08,-9.58,28.06,-0.01,0,0,,,,0.002,-0.002,1.6,13.26,-0.01,,,
110.22,REGROUND,11.41,0.08,-9.58,28.07,-0.01,0,0,,,,0.002,-0.002,1.0,13.26,-0.01,,,
110.27,REGROUND,11.41,0.08,-9.58,28.08,-0.01,0,0,,,,0.002,-0.002,1.6,13.26,-0.01,,,
110.32,REGROUND,11.41,0.08,-9.58,28.09,-0.01,0,0,,,,0.002,-0.002,0.9,13.26,-0.01,,,
110.37,REGROUND,11.41,0.08,-9.58,28.11,-0.01,0,0,,,,0.002,-0.002,1.7,13.26,-0.01,,,
110.42,REGROUND,11.41,0.08,-9.58,28.12,-0.01,0,0,,,,0.002,-0.002,1.1,13.26,-0.01,,,
110.47,REGROUND,11.41,0.08,-9.58,28.13,-0.01,0,0,,,,0.002,-0.002,1.7,13.26,-0.01,,,
110.52,REGROUND,11.41,0.08,-9.58,28.14,-0.01,0,0,,,,0.003,-0.002,1.0,13.26,-0.01,,,
110.57,REGROUND,11.41,0.08,-9.58,28.16,-0.01,0,0,,,,0.003,-0.001,1.6,13.26,-0.01,,,
110.62,REGROUND,11.41,0.08,-9.58,28.17,-0.01,0,0,,,,0.003,-0.001,1.0,13.26,-0.01,,,
110.67,REGROUND,11.41,0.08,-9.58,28.18,-0.01,0,0,,,,0.003,-0.001,1.7,13.26,-0.01,,,
110.72,REGROUND,11.41,0.08,-9.58,28.19,-0.01,0,0,,,,0.003,-0.001,1.0,13.26,-0.01,,,
110.77,REGROUND,11.41,0.08,-9.58,28.21,-0.01,0,0,,,,0.003,-0.001,1.7,13.26,-0.01,,,
110.82,REGROUND,11.41,0.08,-9.58,28.22,-0.01,0,0,,,,0.003,-0.001,1.0,13.26,-0.01,,,
110.87,REGROUND,11.41,0.08,-9.58,28.23,-0.01,0,0,,,,0.003,-0.001,1.7,13.26,-0.01,,,
110.92,REGROUND,11.41,0.08,-9.58,28.25,-0.01,0,0,,,,0.003,-0.001,1.0,13.26,-0.01,,,
110.97,REGROUND,11.41,0.08,-9.58,28.26,-0.01,0,0,,,,0.003,-0.001,1.6,13.26,-0.01,,,
111.02,REGROUND,11.41,0.08,-9.58,28.27,-0.01,0,0,,,,0.003,-0.001,1.1,13.26,-0.01,,,
111.07,REGROUND,11.41,0.08,-9.58,28.28,-0.01,0,0,,,,0.003,-0.001,1.6,13.26,-0.01,,,
111.12,REGROUND,11.41,0.08,-9.58,28.3,-0.01,0,0,,,,0.003,-0.001,1.1,13.26,-0.01,,,
111.17,REGROUND,11.41,0.08,-9.58,28.31,-0.01,0,0,,,,0.003,-0.0,1.7,13.26,-0.01,,,
111.22,REGROUND,11.41,0.08,-9.58,28.32,-0.01,0,0,,,,0.003,-0.001,1.1,13.26,-0.01,,,
111.27,REGROUND,11.41,0.08,-9.58,28.33,-0.01,0,0,,,,0.003,-0.0,1.7,13.26,-0.01,,,
111.32,REGROUND,11.41,0.08,-9.58,28.35,-0.01,0,0,,,,0.003,-0.0,1.0,13.26,-0.01,,,
111.37,REGROUND,11.41,0.08,-9.58,28.36,-0.01,0,0,,,,0.003,-0.0,1.7,13.26,-0.01,,,
111.42,REGROUND,11.41,0.08,-9.58,28.37,-0.01,0,0,,,,0.003,-0.0,0.9,13.26,-0.01,,,
111.47,REGROUND,11.41,0.08,-9.58,28.38,-0.01,0,0,,,,0.003,-0.0,4.3,13.26,-0.01,,,
111.52,REGROUND,11.41,0.08,-9.58,28.4,-0.01,0,0,,,,0.003,-0.0,0.8,13.26,-0.01,,,
111.57,REGROUND,11.41,0.07,-9.58,28.41,-0.01,0,0,,,,0.003,0.0,1.6,13.26,-0.01,,,
111.62,REGROUND,11.41,0.07,-9.58,28.42,-0.01,0,0,,,,0.003,-0.0,1.0,13.26,-0.01,,,
111.67,REGROUND,11.41,0.07,-9.58,28.43,-0.01,0,0,,,,0.003,0.0,1.6,13.26,-0.01,,,
111.72,REGROUND,11.41,0.07,-9.58,28.45,-0.01,0,0,,,,0.003,-0.0,0.7,13.26,-0.01,,,
111.77,REGROUND,11.41,0.07,-9.58,28.46,-0.01,0,0,,,,0.003,0.0,1.5,13.26,-0.01,,,
111.82,REGROUND,11.41,0.07,-9.58,28.47,-0.01,0,0,,,,0.003,0.0,1.0,13.26,-0.01,,,
111.87,REGROUND,11.41,0.07,-9.58,28.48,-0.01,0,0,,,,0.003,0.0,1.7,13.26,-0.01,,,
111.92,REGROUND,11.41,0.07,-9.58,28.5,-0.01,0,0,,,,0.003,0.0,1.1,13.26,-0.01,,,
111.97,REGROUND,11.41,0.07,-9.58,28.51,-0.01,0,0,,,,0.003,0.0,1.7,13.26,-0.01,,,
112.02,REGROUND,11.41,0.07,-9.58,28.52,-0.01,0,0,,,,0.003,0.0,1.1,13.26,-0.01,,,
112.07,REGROUND,11.41,0.07,-9.58,28.53,-0.01,0,0,,,,0.003,-0.0,1.7,13.26,-0.01,,,
112.12,REGROUND,11.41,0.07,-9.58,28.55,-0.01,0,0,,,,0.003,-0.0,1.0,13.26,-0.01,,,
112.17,REGROUND,11.41,0.07,-9.58,28.56,-0.01,0,0,,,,0.003,-0.0,1.7,13.26,-0.01,,,
112.22,REGROUND,11.41,0.07,-9.58,28.57,-0.01,0,0,,,,0.003,-0.0,1.0,13.26,-0.01,,,
112.27,REGROUND,11.41,0.07,-9.58,28.58,-0.01,0,0,,,,0.003,-0.0,1.7,13.26,-0.01,,,
112.32,REGROUND,11.41,0.07,-9.58,28.6,-0.01,0,0,,,,0.003,-0.0,1.0,13.26,-0.01,,,
112.37,REGROUND,11.41,0.07,-9.58,28.61,-0.01,0,0,,,,0.003,-0.0,1.6,13.26,-0.01,,,
112.42,REGROUND,11.41,0.07,-9.58,28.62,-0.01,0,0,,,,0.003,-0.0,1.0,13.26,-0.01,,,
112.47,REGROUND,11.41,0.07,-9.58,28.63,-0.01,0,0,,,,0.003,-0.001,1.6,13.26,-0.01,,,
112.52,REGROUND,11.41,0.07,-9.58,28.65,-0.01,0,0,,,,0.003,-0.001,0.7,13.26,-0.01,,,
112.57,REGROUND,11.41,0.07,-9.58,28.66,-0.01,0,0,,,,0.003,-0.001,1.7,13.26,-0.01,,,
112.62,REGROUND,11.41,0.07,-9.58,28.67,-0.01,0,0,,,,0.003,-0.001,1.1,13.26,-0.01,,,
112.67,REGROUND,11.41,0.07,-9.58,28.68,-0.01,0,0,,,,0.003,-0.001,1.5,13.26,-0.01,,,
112.72,REGROUND,11.41,0.07,-9.58,28.7,-0.01,0,0,,,,0.003,-0.001,1.1,13.26,-0.01,,,
112.77,REGROUND,11.41,0.07,-9.58,28.71,-0.01,0,0,,,,0.003,-0.001,1.6,13.26,-0.01,,,
112.82,REGROUND,11.41,0.07,-9.58,28.72,-0.01,0,0,,,,0.003,-0.001,1.1,13.26,-0.01,,,
112.87,REGROUND,11.41,0.07,-9.58,28.73,-0.01,0,0,,,,0.003,-0.001,1.3,13.26,-0.01,,,
112.92,REGROUND,11.41,0.07,-9.58,28.75,-0.01,0,0,,,,0.003,-0.001,1.0,13.26,-0.01,,,
112.97,REGROUND,11.41,0.07,-9.58,28.76,-0.01,0,0,,,,0.003,-0.001,1.7,13.26,-0.01,,,
113.02,REGROUND,11.41,0.07,-9.58,28.77,-0.01,0,0,,,,0.003,-0.001,1.0,13.26,-0.01,,,
113.08,REGROUND,11.41,0.07,-9.58,28.78,-0.01,0,0,,,,0.003,-0.002,1.6,13.26,-0.01,,,
113.13,REGROUND,11.41,0.07,-9.58,28.8,-0.01,0,0,,,,0.003,-0.002,1.0,13.26,-0.01,,,
113.18,REGROUND,11.41,0.07,-9.58,28.81,-0.01,0,0,,,,0.003,-0.002,1.6,13.26,-0.01,,,
113.23,REGROUND,11.41,0.07,-9.58,28.82,-0.01,0,0,,,,0.003,-0.002,1.0,13.26,-0.01,,,
113.28,REGROUND,11.41,0.07,-9.58,28.83,-0.01,0,0,,,,0.003,-0.002,1.7,13.26,-0.01,,,
113.33,REGROUND,11.41,0.07,-9.58,28.85,-0.01,0,0,,,,0.003,-0.002,1.1,13.26,-0.01,,,
113.38,REGROUND,11.41,0.07,-9.58,28.86,-0.01,0,0,,,,0.003,-0.002,1.8,13.26,-0.01,,,
113.43,REGROUND,11.41,0.07,-9.58,28.87,-0.01,0,0,,,,0.003,-0.002,0.8,13.26,-0.01,,,
113.48,REGROUND,11.41,0.07,-9.58,28.88,-0.01,0,0,,,,0.003,-0.002,1.5,13.26,-0.01,,,
113.53,REGROUND,11.41,0.07,-9.58,28.9,-0.01,0,0,,,,0.003,-0.002,1.0,13.26,-0.01,,,
113.58,REGROUND,11.42,0.07,-9.58,28.91,-0.01,0,0,,,,0.003,-0.002,1.5,13.26,-0.01,,,
113.63,REGROUND,11.42,0.07,-9.58,28.92,-0.01,0,0,,,,0.003,-0.002,0.9,13.26,-0.01,,,
113.68,REGROUND,11.42,0.07,-9.58,28.93,-0.01,0,0,,,,0.003,-0.002,1.7,13.26,-0.01,,,
113.73,REGROUND,11.42,0.07,-9.58,28.95,-0.01,0,0,,,,0.003,-0.002,0.8,13.26,-0.01,,,
113.78,REGROUND,11.42,0.07,-9.58,28.96,-0.01,0,0,,,,0.003,-0.002,1.7,13.26,-0.01,,,
113.83,REGROUND,11.42,0.07,-9.58,28.97,-0.01,0,0,,,,0.003,-0.002,1.0,13.26,-0.01,,,
113.88,REGROUND,11.42,0.07,-9.58,28.98,-0.01,0,0,,,,0.003,-0.002,4.6,13.26,-0.01,,,
113.93,REGROUND,11.42,0.07,-9.58,29.0,-0.01,0,0,,,,0.003,-0.002,0.8,13.26,-0.01,,,
113.98,REGROUND,11.42,0.07,-9.58,29.01,-0.01,0,0,,,,0.003,-0.002,1.4,13.26,-0.01,,,
114.03,REGROUND,11.42,0.07,-9.58,29.02,-0.01,0,0,,,,0.003,-0.002,1.1,13.26,-0.01,,,
114.08,REGROUND,11.42,0.07,-9.58,29.03,-0.01,0,0,,,,0.003,-0.002,1.6,13.26,-0.01,,,
114.13,REGROUND,11.42,0.07,-9.58,29.05,-0.01,0,0,,,,0.003,-0.002,1.0,13.26,-0.01,,,
114.18,REGROUND,11.42,0.07,-9.58,29.06,-0.01,0,0,,,,0.003,-0.002,1.6,13.26,-0.01,,,
114.23,REGROUND,11.42,0.07,-9.58,29.07,-0.01,0,0,,,,0.003,-0.002,1.0,13.26,-0.01,,,
114.28,REGROUND,11.42,0.07,-9.58,29.08,-0.01,0,0,,,,0.002,-0.002,1.7,13.26,-0.01,,,
114.33,REGROUND,11.42,0.07,-9.58,29.1,-0.01,0,0,,,,0.002,-0.003,0.9,13.26,-0.01,,,
114.38,REGROUND,11.42,0.07,-9.58,29.11,-0.01,0,0,,,,0.002,-0.002,1.6,13.26,-0.01,,,
114.43,REGROUND,11.42,0.07,-9.58,29.12,-0.01,0,0,,,,0.002,-0.003,1.0,13.26,-0.01,,,
114.48,REGROUND,11.42,0.07,-9.58,29.13,-0.01,0,0,,,,0.002,-0.003,1.6,13.26,-0.01,,,
114.53,REGROUND,11.42,0.07,-9.58,29.15,-0.01,0,0,,,,0.002,-0.003,0.8,13.26,-0.01,,,
114.58,REGROUND,11.42,0.07,-9.58,29.16,-0.01,0,0,,,,0.002,-0.003,1.7,13.26,-0.01,,,
114.63,REGROUND,11.42,0.07,-9.58,29.17,-0.01,0,0,,,,0.002,-0.003,0.8,13.26,-0.01,,,
114.68,REGROUND,11.42,0.07,-9.58,29.18,-0.01,0,0,,,,0.002,-0.003,1.7,13.26,-0.01,,,
114.73,REGROUND,11.42,0.07,-9.58,29.2,-0.01,0,0,,,,0.002,-0.003,1.0,13.26,-0.01,,,
114.78,REGROUND,11.42,0.07,-9.58,29.21,-0.01,0,0,,,,0.001,-0.003,1.7,13.26,-0.01,,,
114.83,REGROUND,11.42,0.07,-9.58,29.22,-0.01,0,0,,,,0.002,-0.003,1.0,13.26,-0.01,,,
114.88,REGROUND,11.42,0.07,-9.58,29.23,-0.01,0,0,,,,0.002,-0.003,1.7,13.26,-0.01,,,
114.93,REGROUND,11.42,0.07,-9.58,29.25,-0.01,0,0,,,,0.002,-0.003,1.0,13.26,-0.01,,,
114.98,REGROUND,11.42,0.07,-9.58,29.26,-0.01,0,0,,,,0.001,-0.003,1.7,13.26,-0.01,,,
115.03,REGROUND,11.42,0.07,-9.58,29.27,-0.01,0,0,,,,0.001,-0.003,1.0,13.26,-0.01,,,
115.08,REGROUND,11.42,0.07,-9.58,29.28,-0.01,0,0,,,,0.001,-0.003,1.6,13.26,-0.01,,,
115.13,REGROUND,11.42,0.07,-9.58,29.3,-0.01,0,0,,,,0.002,-0.003,1.0,13.26,-0.01,,,
115.18,REGROUND,11.42,0.07,-9.58,29.31,-0.01,0,0,,,,0.001,-0.003,1.5,13.26,-0.01,,,
115.23,REGROUND,11.42,0.07,-9.58,29.32,-0.01,0,0,,,,0.002,-0.003,0.8,13.26,-0.01,,,
115.28,REGROUND,11.42,0.07,-9.58,29.33,-0.01,0,0,,,,0.002,-0.003,1.7,13.26,-0.01,,,
115.33,REGROUND,11.42,0.07,-9.58,29.35,-0.01,0,0,,,,0.002,-0.003,1.1,13.26,-0.01,,,
115.38,REGROUND,11.42,0.07,-9.58,29.36,-0.01,0,0,,,,0.002,-0.003,1.7,13.26,-0.01,,,
115.43,REGROUND,11.42,0.07,-9.58,29.37,-0.01,0,0,,,,0.002,-0.003,1.0,13.26,-0.01,,,
115.48,REGROUND,11.42,0.07,-9.58,29.38,-0.01,0,0,,,,0.002,-0.003,1.5,13.26,-0.01,,,
115.53,REGROUND,11.42,0.07,-9.58,29.4,-0.01,0,0,,,,0.002,-0.003,1.0,13.26,-0.01,,,
115.58,REGROUND,11.42,0.07,-9.58,29.41,-0.01,0,0,,,,0.002,-0.003,1.8,13.26,-0.01,,,
115.63,REGROUND,11.42,0.07,-9.58,29.42,-0.01,0,0,,,,0.002,-0.003,1.1,13.26,-0.01,,,
115.68,REGROUND,11.42,0.07,-9.58,29.43,-0.01,0,0,,,,0.002,-0.003,1.6,13.26,-0.01,,,
115.73,REGROUND,11.42,0.07,-9.58,29.45,-0.01,0,0,,,,0.002,-0.003,0.8,13.26,-0.01,,,
115.78,REGROUND,11.42,0.07,-9.58,29.46,-0.01,0,0,,,,0.002,-0.003,1.6,13.26,-0.01,,,
115.83,REGROUND,11.42,0.07,-9.58,29.47,-0.01,0,0,,,,0.002,-0.003,1.0,13.26,-0.01,,,
115.88,REGROUND,11.42,0.07,-9.58,29.48,-0.01,0,0,,,,0.003,-0.003,1.7,13.26,-0.01,,,
115.93,REGROUND,11.42,0.07,-9.58,29.5,-0.01,0,0,,,,0.003,-0.003,1.0,13.26,-0.01,,,
115.98,REGROUND,11.42,0.07,-9.58,29.51,-0.01,0,0,,,,0.003,-0.003,1.7,13.26,-0.01,,,
116.03,REGROUND,11.42,0.07,-9.58,29.52,-0.01,0,0,,,,0.003,-0.003,1.1,13.26,-0.01,,,
116.08,REGROUND,11.42,0.07,-9.58,29.53,-0.01,0,0,,,,0.003,-0.003,1.7,13.26,-0.01,,,
116.13,CARRY,11.42,0.07,-9.58,29.55,-0.01,0,0,,,,-0.024,0.016,254.6,13.26,-0.01,,,
116.39,CARRY,11.42,0.07,-9.58,29.61,-0.01,0,0,322.0,128.5,111.5,2.23,0.04,48.1,13.26,-0.01,941.3,4.8,10.562
116.44,CARRY,11.42,0.07,-9.58,29.62,-0.01,0,0,,,,-0.025,0.016,46.4,13.26,-0.01,,,10.562
116.49,CARRY,11.42,0.07,-9.58,29.64,-0.01,0,0,,,,-0.025,0.016,50.9,13.26,-0.01,,,10.562
116.54,CARRY,11.42,0.07,-9.58,29.65,-0.01,0,0,,,,-0.025,0.016,48.1,13.26,-0.01,,,10.562
116.59,CARRY,11.42,0.07,-9.58,29.66,-0.01,0,0,,,,-0.025,0.016,50.8,13.26,-0.01,,,10.562
116.64,CARRY,11.42,0.07,-9.58,29.67,-0.01,0,0,,,,-0.025,0.016,48.7,13.26,-0.01,,,10.562
116.69,CARRY,11.42,0.07,-9.58,29.69,-0.01,0,0,,,,-0.025,0.016,49.4,13.26,-0.01,,,10.562
116.74,CARRY,11.42,0.07,-9.58,29.7,-0.01,0,0,,,,-0.025,0.016,48.3,13.26,-0.01,,,10.5
116.79,CARRY,11.42,0.07,-9.58,29.71,-0.01,0,0,,,,-0.025,0.016,49.1,13.26,-0.01,,,10.5
116.84,CARRY,11.42,0.07,-9.58,29.72,-0.01,0,0,,,,-0.025,0.016,47.9,13.26,-0.01,,,10.5
116.89,CARRY,11.42,0.07,-9.58,29.74,-0.01,0,0,,,,-0.025,0.015,49.3,13.26,-0.01,,,10.438
116.94,CARRY,11.42,0.07,-9.58,29.75,-0.01,0,0,,,,-0.025,0.015,48.8,13.26,-0.01,,,10.5
116.99,CARRY,11.42,0.07,-9.58,29.76,-0.01,0,0,,,,-0.024,0.015,48.7,13.26,-0.01,,,10.562
117.04,CARRY,11.42,0.07,-9.58,29.77,-0.01,0,0,,,,-0.024,0.015,48.0,13.26,-0.01,,,10.562
117.09,CARRY,11.42,0.07,-9.58,29.79,-0.01,0,0,,,,-0.024,0.014,49.0,13.26,-0.01,,,10.562
117.14,CARRY,11.42,0.07,-9.58,29.8,-0.01,0,0,,,,-0.024,0.014,47.9,13.26,-0.01,,,10.5
117.19,CARRY,11.42,0.07,-9.58,29.81,-0.01,0,0,,,,-0.023,0.014,48.8,13.26,-0.01,,,10.438
117.24,CARRY,11.42,0.07,-9.58,29.82,-0.01,0,0,,,,-0.023,0.014,48.2,13.26,-0.01,,,10.375
117.29,CARRY,11.42,0.07,-9.58,29.84,-0.01,0,0,,,,-0.022,0.013,48.7,13.26,-0.01,,,10.312
117.34,CARRY,11.42,0.07,-9.58,29.85,-0.01,0,0,,,,-0.022,0.013,47.9,13.26,-0.01,,,10.25
117.39,CARRY,11.42,0.08,-9.58,29.86,-0.01,0,0,,,,-0.022,0.012,48.8,13.26,-0.01,,,10.25
117.44,CARRY,11.42,0.08,-9.58,29.87,-0.01,0,0,,,,-0.022,0.012,47.8,13.26,-0.01,,,10.25
117.49,CARRY,11.42,0.08,-9.58,29.89,-0.01,0,0,,,,-0.021,0.012,48.9,13.26,-0.01,,,10.188
117.54,CARRY,11.42,0.08,-9.58,29.9,-0.01,0,0,,,,-0.021,0.011,47.9,13.26,-0.01,,,10.188
117.59,CARRY,11.41,0.08,-9.58,29.91,-0.01,0,0,,,,-0.02,0.011,48.8,13.26,-0.01,,,10.125
117.64,CARRY,11.41,0.08,-9.58,29.92,-0.01,0,0,,,,-0.02,0.011,47.9,13.26,-0.01,,,10.125
117.69,CARRY,11.41,0.08,-9.58,29.94,-0.01,0,0,,,,-0.019,0.01,48.9,13.26,-0.01,,,10.062
117.74,CARRY,11.41,0.08,-9.58,29.95,-0.01,0,0,,,,-0.019,0.01,47.8,13.26,-0.01,,,10.0
117.79,CARRY,11.41,0.08,-9.58,29.96,-0.01,0,0,,,,-0.018,0.01,48.9,13.26,-0.01,,,9.938
117.84,CARRY,11.41,0.08,-9.58,29.97,-0.01,0,0,,,,-0.018,0.01,48.0,13.26,-0.01,,,9.938
117.89,CARRY,11.41,0.08,-9.58,29.99,-0.01,0,0,,,,-0.017,0.009,50.2,13.26,-0.01,,,10.0
117.94,CARRY,11.41,0.08,-9.58,30.0,-0.01,0,0,,,,-0.017,0.009,48.5,13.26,-0.01,,,10.0
117.99,CARRY,11.41,0.08,-9.58,30.01,-0.01,0,0,,,,-0.016,0.009,48.8,13.26,-0.01,,,10.0
118.04,CARRY,11.41,0.08,-9.58,30.03,-0.01,0,0,,,,-0.016,0.009,48.1,13.26,-0.01,,,10.0
118.09,CARRY,11.41,0.08,-9.58,30.04,-0.01,0,0,,,,-0.016,0.008,48.5,13.26,-0.01,,,10.0
118.14,CARRY,11.41,0.08,-9.58,30.05,-0.01,0,0,,,,-0.016,0.008,47.9,13.26,-0.01,,,10.0
118.19,CARRY,11.41,0.08,-9.58,30.06,-0.01,0,0,,,,-0.015,0.008,48.6,13.26,-0.01,,,10.0
118.24,CARRY,11.41,0.08,-9.58,30.08,-0.01,0,0,,,,-0.015,0.008,48.6,13.26,-0.01,,,10.0
118.29,CARRY,11.4,0.09,-9.58,30.09,-0.01,0,0,,,,-0.014,0.008,48.5,13.26,-0.01,,,10.0
118.34,CARRY,11.4,0.09,-9.58,30.1,-0.01,0,0,,,,-0.014,0.008,47.8,13.26,-0.01,,,10.0
118.39,CARRY,11.4,0.09,-9.58,30.11,-0.01,0,0,,,,-0.014,0.007,48.6,13.26,-0.01,,,10.0
118.44,CARRY,11.4,0.09,-9.58,30.13,-0.01,0,0,,,,-0.014,0.007,48.4,13.26,-0.01,,,10.0
118.49,CARRY,11.4,0.09,-9.58,30.14,-0.01,0,0,,,,-0.013,0.007,48.7,13.26,-0.01,,,10.062
118.54,CARRY,11.4,0.09,-9.58,30.15,-0.01,0,0,,,,-0.013,0.007,48.1,13.26,-0.01,,,10.0
118.59,CARRY,11.4,0.09,-9.58,30.16,-0.01,0,0,,,,-0.012,0.007,48.3,13.26,-0.01,,,10.062
118.64,CARRY,11.4,0.09,-9.58,30.18,-0.01,0,0,,,,-0.012,0.007,50.3,13.26,-0.01,,,10.062
118.69,CARRY,11.4,0.09,-9.58,30.19,-0.01,0,0,,,,-0.012,0.007,48.9,13.26,-0.01,,,10.062
118.74,CARRY,11.4,0.09,-9.58,30.2,-0.01,0,0,,,,-0.012,0.007,48.3,13.26,-0.01,,,10.062
118.79,CARRY,11.4,0.09,-9.58,30.21,-0.01,0,0,,,,-0.011,0.006,48.4,13.26,-0.01,,,10.0
118.84,CARRY,11.4,0.09,-9.58,30.23,-0.01,0,0,,,,-0.011,0.006,48.6,13.26,-0.01,,,10.0
118.89,CARRY,11.4,0.09,-9.58,30.24,-0.01,0,0,,,,-0.01,0.006,49.2,13.26,-0.01,,,10.0
118.94,CARRY,11.4,0.09,-9.58,30.25,-0.01,0,0,,,,-0.01,0.006,49.0,13.26,-0.01,,,10.0
118.99,CARRY,11.4,0.09,-9.58,30.26,-0.01,0,0,,,,-0.01,0.005,49.1,13.26,-0.01,,,10.0
119.04,CARRY,11.39,0.09,-9.58,30.28,-0.01,0,0,,,,-0.009,0.005,49.7,13.26,-0.01,,,9.938
119.1,CARRY,11.39,0.09,-9.58,30.29,-0.01,0,0,,,,-0.009,0.005,48.5,13.26,-0.01,,,9.875
119.15,CARRY,11.39,0.09,-9.58,30.3,-0.01,0,0,,,,-0.008,0.005,49.9,13.26,-0.01,,,9.875
119.2,CARRY,11.39,0.09,-9.58,30.31,-0.01,0,0,,,,-0.008,0.005,48.8,13.26,-0.01,,,9.875
119.25,CARRY,11.39,0.09,-9.58,30.33,-0.01,0,0,,,,-0.008,0.005,49.9,13.26,-0.01,,,9.875
119.3,CARRY,11.39,0.09,-9.58,30.34,-0.01,0,0,,,,-0.007,0.004,49.0,13.26,-0.01,,,9.938
119.35,CARRY,11.39,0.09,-9.58,30.35,-0.01,0,0,,,,-0.007,0.004,48.5,13.26,-0.01,,,9.938
119.4,REGROUND,11.39,0.09,-9.58,30.36,-0.01,0,0,,,,-0.006,0.004,49.2,13.26,-0.01,,,9.938
119.45,REGROUND,11.39,0.09,-9.58,30.38,-0.01,0,0,,,,-0.006,0.004,3.7,13.26,-0.01,,,
119.5,REGROUND,11.39,0.09,-9.58,30.39,-0.01,0,0,,,,-0.006,0.003,1.8,13.26,-0.01,,,
119.55,REGROUND,11.39,0.09,-9.58,30.4,-0.01,0,0,,,,-0.005,0.003,1.7,13.26,-0.01,,,
119.6,REGROUND,11.39,0.09,-9.58,30.41,-0.01,0,0,,,,-0.005,0.003,1.0,13.26,-0.01,,,
119.65,REGROUND,11.39,0.09,-9.58,30.43,-0.01,0,0,,,,-0.004,0.002,1.6,13.26,-0.01,,,
119.7,REGROUND,11.39,0.09,-9.58,30.44,-0.01,0,0,,,,-0.004,0.002,1.0,13.26,-0.01,,,
119.75,REGROUND,11.39,0.1,-9.58,30.45,-0.01,0,0,,,,-0.004,0.002,1.6,13.26,-0.01,,,
119.8,REGROUND,11.39,0.1,-9.58,30.46,-0.01,0,0,,,,-0.004,0.002,1.2,13.26,-0.01,,,
119.85,REGROUND,11.39,0.1,-9.58,30.48,-0.01,0,0,,,,-0.003,0.001,1.7,13.26,-0.01,,,
119.9,REGROUND,11.39,0.1,-9.58,30.49,-0.01,0,0,,,,-0.003,0.001,1.1,13.26,-0.01,,,
119.95,REGROUND,11.39,0.1,-9.58,30.5,-0.01,0,0,,,,-0.003,0.001,1.0,13.26,-0.01,,,
120.0,REGROUND,11.38,0.1,-9.58,30.51,-0.01,0,0,,,,-0.003,0.001,1.5,13.26,-0.01,,,
120.05,REGROUND,11.38,0.1,-9.58,30.53,-0.01,0,0,,,,-0.003,0.001,1.1,13.26,-0.01,,,
120.1,REGROUND,11.38,0.1,-9.58,30.54,-0.01,0,0,,,,-0.002,0.0,1.9,13.26,-0.01,,,
120.15,REGROUND,11.38,0.1,-9.58,30.55,-0.01,0,0,,,,-0.002,0.0,1.0,13.26,-0.01,,,
120.2,REGROUND,11.38,0.1,-9.58,30.56,-0.01,0,0,,,,-0.002,-0.0,1.6,13.26,-0.01,,,
120.25,REGROUND,11.38,0.1,-9.58,30.58,-0.01,0,0,,,,-0.001,-0.0,1.6,13.26,-0.01,,,
120.3,REGROUND,11.38,0.1,-9.58,30.59,-0.01,0,0,,,,-0.001,-0.0,1.0,13.26,-0.01,,,
120.35,REGROUND,11.38,0.1,-9.58,30.6,-0.01,0,0,,,,-0.001,-0.001,1.6,13.26,-0.01,,,
120.4,REGROUND,11.38,0.1,-9.58,30.61,-0.01,0,0,,,,-0.001,-0.001,1.0,13.26,-0.01,,,
120.45,REGROUND,11.38,0.1,-9.58,30.63,-0.01,0,0,,,,-0.0,-0.001,1.5,13.26,-0.01,,,
120.5,REGROUND,11.38,0.1,-9.58,30.64,-0.01,0,0,,,,-0.0,-0.001,1.0,13.26,-0.01,,,
120.55,REGROUND,11.38,0.1,-9.58,30.65,-0.01,0,0,,,,0.0,-0.001,1.5,13.26,-0.01,,,
120.6,REGROUND,11.38,0.1,-9.58,30.66,-0.01,0,0,,,,0.0,-0.001,1.0,13.26,-0.01,,,
120.65,REGROUND,11.38,0.1,-9.58,30.68,-0.01,0,0,,,,0.001,-0.001,1.7,13.26,-0.01,,,
120.7,REGROUND,11.38,0.1,-9.58,30.69,-0.01,0,0,,,,0.001,-0.001,1.1,13.26,-0.01,,,
120.75,REGROUND,11.38,0.1,-9.58,30.7,-0.01,0,0,,,,0.001,-0.001,1.1,13.26,-0.01,,,
120.8,REGROUND,11.38,0.1,-9.58,30.71,-0.01,0,0,,,,0.001,-0.001,1.7,13.26,-0.01,,,
120.85,REGROUND,11.38,0.1,-9.58,30.73,-0.01,0,0,,,,0.002,-0.001,1.6,13.26,-0.01,,,
120.9,REGROUND,11.38,0.1,-9.58,30.74,-0.01,0,0,,,,0.002,-0.001,1.0,13.26,-0.01,,,
120.95,REGROUND,11.38,0.1,-9.58,30.75,-0.01,0,0,,,,0.002,-0.001,1.7,13.26,-0.01,,,
121.0,REGROUND,11.38,0.1,-9.58,30.76,-0.01,0,0,,,,0.002,-0.001,1.2,13.26,-0.01,,,
121.05,REGROUND,11.38,0.1,-9.58,30.78,-0.01,0,0,,,,0.002,-0.001,1.7,13.26,-0.01,,,
121.1,REGROUND,11.38,0.1,-9.58,30.79,-0.01,0,0,,,,0.002,-0.002,1.0,13.26,-0.01,,,
121.15,REGROUND,11.38,0.1,-9.58,30.8,-0.01,0,0,,,,0.003,-0.002,1.6,13.26,-0.01,,,
121.2,REGROUND,11.38,0.1,-9.58,30.81,-0.01,0,0,,,,0.003,-0.002,0.7,13.26,-0.01,,,
121.25,REGROUND,11.37,0.1,-9.58,30.83,-0.01,0,0,,,,0.003,-0.002,1.5,13.26,-0.01,,,
121.3,REGROUND,11.37,0.1,-9.58,30.84,-0.01,0,0,,,,0.003,-0.002,1.0,13.26,-0.01,,,
121.35,REGROUND,11.37,0.1,-9.58,30.85,-0.01,0,0,,,,0.003,-0.002,1.7,13.26,-0.01,,,
121.4,REGROUND,11.37,0.1,-9.58,30.86,-0.01,0,0,,,,0.003,-0.002,1.0,13.26,-0.01,,,
121.45,REGROUND,11.37,0.1,-9.58,30.88,-0.01,0,0,,,,0.003,-0.002,1.7,13.26,-0.01,,,
121.5,REGROUND,11.37,0.1,-9.58,30.89,-0.01,0,0,,,,0.003,-0.002,1.1,13.26,-0.01,,,
121.55,REGROUND,11.37,0.1,-9.58,30.9,-0.01,0,0,,,,0.003,-0.002,1.7,13.26,-0.01,,,
121.6,REGROUND,11.37,0.1,-9.58,30.91,-0.01,0,0,,,,0.003,-0.002,1.1,13.26,-0.01,,,
121.65,REGROUND,11.37,0.1,-9.58,30.93,-0.01,0,0,,,,0.003,-0.002,1.6,13.26,-0.01,,,
121.7,REGROUND,11.37,0.1,-9.58,30.94,-0.01,0,0,,,,0.003,-0.002,1.0,13.26,-0.01,,,
121.75,REGROUND,11.37,0.1,-9.58,30.95,-0.01,0,0,,,,0.004,-0.002,1.4,13.26,-0.01,,,
121.8,REGROUND,11.37,0.1,-9.58,30.96,-0.01,0,0,,,,0.004,-0.002,1.0,13.26,-0.01,,,
121.85,REGROUND,11.37,0.1,-9.58,30.98,-0.01,0,0,,,,0.004,-0.002,4.2,13.26,-0.01,,,
121.9,REGROUND,11.37,0.1,-9.58,30.99,-0.01,0,0,,,,0.004,-0.002,1.0,13.26,-0.01,,,
121.95,REGROUND,11.37,0.1,-9.58,31.0,-0.01,0,0,,,,0.004,-0.002,1.6,13.26,-0.01,,,
122.0,REGROUND,11.37,0.1,-9.58,31.01,-0.01,0,0,,,,0.004,-0.002,1.1,13.26,-0.01,,,
122.05,REGROUND,11.37,0.1,-9.58,31.03,-0.01,0,0,,,,0.004,-0.002,1.7,13.26,-0.01,,,
122.1,REGROUND,11.37,0.1,-9.58,31.04,-0.01,0,0,,,,0.004,-0.002,1.2,13.26,-0.01,,,
122.15,REGROUND,11.37,0.1,-9.58,31.05,-0.01,0,0,,,,0.004,-0.002,1.7,13.26,-0.01,,,
122.2,REGROUND,11.37,0.1,-9.58,31.06,-0.01,0,0,,,,0.004,-0.002,1.0,13.26,-0.01,,,
122.25,REGROUND,11.37,0.1,-9.58,31.08,-0.01,0,0,,,,0.004,-0.002,1.7,13.26,-0.01,,,
122.3,REGROUND,11.37,0.1,-9.58,31.09,-0.01,0,0,,,,0.004,-0.002,0.9,13.26,-0.01,,,
122.35,REGROUND,11.37,0.1,-9.58,31.1,-0.01,0,0,,,,0.004,-0.002,1.7,13.26,-0.01,,,
122.4,REGROUND,11.37,0.1,-9.58,31.11,-0.01,0,0,,,,0.004,-0.002,1.0,13.26,-0.01,,,
122.45,REGROUND,11.37,0.1,-9.58,31.13,-0.01,0,0,,,,0.004,-0.002,1.8,13.26,-0.01,,,
122.5,REGROUND,11.37,0.1,-9.58,31.14,-0.01,0,0,,,,0.004,-0.002,1.0,13.26,-0.01,,,
122.55,REGROUND,11.37,0.1,-9.58,31.15,-0.01,0,0,,,,0.004,-0.002,1.6,13.26,-0.01,,,
122.6,REGROUND,11.37,0.1,-9.58,31.16,-0.01,0,0,,,,0.004,-0.002,1.0,13.26,-0.01,,,
122.65,REGROUND,11.37,0.1,-9.58,31.18,-0.01,0,0,,,,0.004,-0.002,1.6,13.26,-0.01,,,
122.7,REGROUND,11.37,0.1,-9.58,31.19,-0.01,0,0,,,,0.004,-0.002,1.2,13.26,-0.01,,,
122.75,REGROUND,11.38,0.1,-9.58,31.2,-0.01,0,0,,,,0.004,-0.002,1.7,13.26,-0.01,,,
122.8,REGROUND,11.38,0.1,-9.58,31.21,-0.01,0,0,,,,0.004,-0.002,1.0,13.26,-0.01,,,
122.85,REGROUND,11.38,0.1,-9.58,31.23,-0.01,0,0,,,,0.003,-0.002,1.7,13.26,-0.01,,,
122.9,REGROUND,11.38,0.1,-9.58,31.24,-0.01,0,0,,,,0.003,-0.002,1.1,13.26,-0.01,,,
122.95,REGROUND,11.38,0.1,-9.58,31.25,-0.01,0,0,,,,0.003,-0.002,1.7,13.26,-0.01,,,
123.0,REGROUND,11.38,0.1,-9.58,31.27,-0.01,0,0,,,,0.003,-0.002,1.0,13.26,-0.01,,,
123.05,REGROUND,11.38,0.1,-9.58,31.28,-0.01,0,0,,,,0.003,-0.002,1.8,13.26,-0.01,,,
123.1,REGROUND,11.38,0.1,-9.58,31.29,-0.01,0,0,,,,0.003,-0.002,1.0,13.26,-0.01,,,
123.15,REGROUND,11.38,0.1,-9.58,31.3,-0.01,0,0,,,,0.003,-0.002,1.6,13.26,-0.01,,,
123.2,REGROUND,11.38,0.1,-9.58,31.32,-0.01,0,0,,,,0.003,-0.002,1.0,13.26,-0.01,,,
123.25,REGROUND,11.38,0.1,-9.58,31.33,-0.01,0,0,,,,0.003,-0.002,1.4,13.26,-0.01,,,
123.3,REGROUND,11.38,0.1,-9.58,31.34,-0.01,0,0,,,,0.003,-0.002,1.0,13.26,-0.01,,,
123.35,REGROUND,11.38,0.1,-9.58,31.35,-0.01,0,0,,,,0.003,-0.002,1.9,13.26,-0.01,,,
123.4,REGROUND,11.38,0.1,-9.58,31.37,-0.01,0,0,,,,0.003,-0.002,1.2,13.26,-0.01,,,
123.45,REGROUND,11.38,0.1,-9.58,31.38,-0.01,0,0,,,,0.003,-0.002,1.9,13.26,-0.01,,,
123.5,REGROUND,11.38,0.1,-9.58,31.39,-0.01,0,0,,,,0.003,-0.002,1.3,13.26,-0.01,,,
123.55,REGROUND,11.38,0.1,-9.58,31.4,-0.01,0,0,,,,0.002,-0.002,2.0,13.26,-0.01,,,
123.6,REGROUND,11.38,0.1,-9.58,31.42,-0.01,0,0,,,,0.002,-0.002,1.7,13.26,-0.01,,,
123.65,REGROUND,11.38,0.1,-9.58,31.43,-0.01,0,0,,,,0.002,-0.002,1.7,13.26,-0.01,,,
123.7,REGROUND,11.38,0.1,-9.58,31.44,-0.01,0,0,,,,0.002,-0.002,1.0,13.26,-0.01,,,
123.75,REGROUND,11.38,0.1,-9.58,31.45,-0.01,0,0,,,,0.002,-0.002,1.7,13.26,-0.01,,,
123.8,REGROUND,11.38,0.1,-9.58,31.47,-0.01,0,0,,,,0.002,-0.002,1.2,13.26,-0.01,,,
123.85,REGROUND,11.38,0.1,-9.58,31.48,-0.01,0,0,,,,0.001,-0.002,1.7,13.26,-0.01,,,
123.9,REGROUND,11.38,0.1,-9.58,31.49,-0.01,0,0,,,,0.001,-0.002,1.0,13.26,-0.01,,,
123.95,REGROUND,11.38,0.1,-9.58,31.5,-0.01,0,0,,,,0.001,-0.002,1.6,13.26,-0.01,,,
124.0,REGROUND,11.38,0.1,-9.58,31.52,-0.01,0,0,,,,0.001,-0.002,1.0,13.26,-0.01,,,
124.05,REGROUND,11.38,0.1,-9.58,31.53,-0.01,0,0,,,,0.001,-0.002,1.7,13.26,-0.01,,,
124.1,REGROUND,11.38,0.1,-9.58,31.54,-0.01,0,0,,,,0.001,-0.002,1.0,13.26,-0.01,,,
124.15,REGROUND,11.38,0.1,-9.58,31.55,-0.01,0,0,,,,0.0,-0.002,1.7,13.26,-0.01,,,
124.2,REGROUND,11.38,0.1,-9.58,31.57,-0.01,0,0,,,,0.0,-0.002,1.1,13.26,-0.01,,,
124.25,REGROUND,11.38,0.1,-9.58,31.58,-0.01,0,0,,,,0.0,-0.002,4.2,13.26,-0.01,,,
124.3,REGROUND,11.38,0.1,-9.58,31.59,-0.01,0,0,,,,0.0,-0.002,1.0,13.26,-0.01,,,
124.35,REGROUND,11.38,0.1,-9.58,31.6,-0.01,0,0,,,,0.0,-0.002,1.7,13.26,-0.01,,,
124.4,REGROUND,11.38,0.1,-9.58,31.62,-0.01,0,0,,,,0.0,-0.002,1.0,13.26,-0.01,,,
124.45,REGROUND,11.38,0.1,-9.58,31.63,-0.01,0,0,,,,-0.0,-0.002,1.7,13.26,-0.01,,,
124.5,REGROUND,11.38,0.1,-9.58,31.64,-0.01,0,0,,,,0.0,-0.002,1.0,13.26,-0.01,,,
124.55,REGROUND,11.38,0.1,-9.58,31.65,-0.01,0,0,,,,-0.0,-0.002,1.7,13.26,-0.01,,,
124.6,REGROUND,11.38,0.1,-9.58,31.67,-0.01,0,0,,,,-0.0,-0.002,1.0,13.26,-0.01,,,
124.65,REGROUND,11.38,0.1,-9.58,31.68,-0.01,0,0,,,,-0.0,-0.002,1.7,13.26,-0.01,,,
124.7,REGROUND,11.38,0.1,-9.58,31.69,-0.01,0,0,,,,-0.0,-0.002,1.0,13.26,-0.01,,,
124.75,REGROUND,11.39,0.1,-9.58,31.7,-0.01,0,0,,,,-0.0,-0.002,1.7,13.26,-0.01,,,
124.8,REGROUND,11.39,0.1,-9.58,31.72,-0.01,0,0,,,,-0.0,-0.002,1.0,13.26,-0.01,,,
124.85,REGROUND,11.39,0.1,-9.58,31.73,-0.01,0,0,,,,-0.001,-0.002,1.7,13.26,-0.01,,,
124.9,REGROUND,11.39,0.1,-9.58,31.74,-0.01,0,0,,,,-0.001,-0.002,1.0,13.26,-0.01,,,
124.95,REGROUND,11.39,0.1,-9.58,31.75,-0.01,0,0,,,,-0.001,-0.002,1.7,13.26,-0.01,,,
125.0,REGROUND,11.39,0.1,-9.58,31.77,-0.01,0,0,,,,-0.001,-0.002,1.1,13.26,-0.01,,,
125.05,REGROUND,11.39,0.1,-9.58,31.78,-0.01,0,0,,,,-0.001,-0.002,1.7,13.26,-0.01,,,
125.1,REGROUND,11.39,0.1,-9.58,31.79,-0.01,0,0,,,,-0.001,-0.002,1.0,13.26,-0.01,,,
125.15,REGROUND,11.39,0.1,-9.58,31.8,-0.01,0,0,,,,-0.002,-0.002,1.7,13.26,-0.01,,,
125.21,REGROUND,11.39,0.1,-9.58,31.82,-0.01,0,0,,,,-0.002,-0.002,1.0,13.26,-0.01,,,
125.26,REGROUND,11.39,0.1,-9.58,31.83,-0.01,0,0,,,,-0.002,-0.002,1.6,13.26,-0.01,,,
125.31,REGROUND,11.39,0.1,-9.58,31.84,-0.01,0,0,,,,-0.002,-0.002,0.9,13.26,-0.01,,,
125.36,REGROUND,11.39,0.1,-9.58,31.85,-0.01,0,0,,,,-0.002,-0.002,1.6,13.26,-0.01,,,
125.41,REGROUND,11.39,0.1,-9.58,31.87,-0.01,0,0,,,,-0.002,-0.002,1.0,13.26,-0.01,,,
125.46,REGROUND,11.39,0.1,-9.58,31.88,-0.01,0,0,,,,-0.003,-0.002,1.5,13.26,-0.01,,,
125.51,REGROUND,11.39,0.1,-9.58,31.89,-0.01,0,0,,,,-0.002,-0.002,1.0,13.26,-0.01,,,
125.56,REGROUND,11.39,0.09,-9.58,31.9,-0.01,0,0,,,,-0.003,-0.002,1.7,13.26,-0.01,,,
125.61,REGROUND,11.39,0.09,-9.58,31.92,-0.01,0,0,,,,-0.003,-0.002,1.1,13.26,-0.01,,,
125.66,REGROUND,11.39,0.09,-9.58,31.93,-0.01,0,0,,,,-0.003,-0.002,1.7,13.26,-0.01,,,
125.71,REGROUND,11.39,0.09,-9.58,31.94,-0.01,0,0,,,,-0.003,-0.002,1.0,13.26,-0.01,,,
125.76,REGROUND,11.39,0.09,-9.58,31.95,-0.01,0,0,,,,-0.003,-0.002,1.4,13.26,-0.01,,,
125.81,REGROUND,11.39,0.09,-9.58,31.97,-0.01,0,0,,,,-0.003,-0.002,1.0,13.26,-0.01,,,
125.86,REGROUND,11.39,0.09,-9.58,31.98,-0.01,0,0,,,,-0.003,-0.002,1.6,13.26,-0.01,,,
125.91,REGROUND,11.39,0.09,-9.58,31.99,-0.01,0,0,,,,-0.003,-0.002,1.0,13.26,-0.01,,,
125.96,REGROUND,11.39,0.09,-9.58,32.0,-0.01,0,0,,,,-0.003,-0.002,1.5,13.26,-0.01,,,
126.01,REGROUND,11.39,0.09,-9.58,32.02,-0.01,0,0,,,,-0.003,-0.002,1.0,13.26,-0.01,,,
126.06,REGROUND,11.39,0.09,-9.58,32.03,-0.01,0,0,,,,-0.003,-0.002,1.7,13.26,-0.01,,,
126.11,REGROUND,11.39,0.09,-9.58,32.04,-0.01,0,0,,,,-0.003,-0.002,1.1,13.26,-0.01,,,
126.16,REGROUND,11.39,0.09,-9.58,32.05,-0.01,0,0,,,,-0.003,-0.002,1.7,13.26,-0.01,,,
126.21,REGROUND,11.39,0.09,-9.58,32.07,-0.01,0,0,,,,-0.003,-0.002,1.0,13.26,-0.01,,,
126.26,REGROUND,11.39,0.09,-9.58,32.08,-0.01,0,0,,,,-0.002,-0.002,1.7,13.26,-0.01,,,
126.31,REGROUND,11.39,0.09,-9.58,32.09,-0.01,0,0,,,,-0.002,-0.002,1.0,13.26,-0.01,,,
126.36,REGROUND,11.39,0.09,-9.58,32.1,-0.01,0,0,,,,-0.002,-0.002,1.7,13.26,-0.01,,,
126.41,REGROUND,11.39,0.09,-9.58,32.12,-0.01,0,0,,,,-0.002,-0.002,1.0,13.26,-0.01,,,
126.46,REGROUND,11.39,0.09,-9.58,32.13,-0.01,0,0,,,,-0.002,-0.002,1.7,13.26,-0.01,,,
126.51,CARRY,11.39,0.09,-9.58,32.14,-0.01,0,0,,,,-0.006,0.008,213.6,13.26,-0.01,,,
126.72,CARRY,11.39,0.09,-9.58,32.19,-0.01,0,0,321.0,126.5,113.5,2.27,0.02,46.7,13.26,-0.01,1091.0,4.8,10.625
126.77,CARRY,11.39,0.09,-9.58,32.21,-0.01,0,0,,,,-0.007,0.008,47.3,13.26,-0.01,,,10.625
126.82,CARRY,11.39,0.09,-9.58,32.22,-0.01,0,0,,,,-0.007,0.008,48.3,13.26,-0.01,,,10.625
126.87,CARRY,11.39,0.09,-9.58,32.23,-0.01,0,0,,,,-0.007,0.008,48.5,13.26,-0.01,,,10.625
126.92,CARRY,11.39,0.09,-9.58,32.25,-0.01,0,0,,,,-0.007,0.008,50.5,13.26,-0.01,,,10.625
126.97,CARRY,11.39,0.09,-9.58,32.26,-0.01,0,0,,,,-0.007,0.008,48.8,13.26,-0.01,,,10.562
127.02,CARRY,11.39,0.09,-9.58,32.27,-0.01,0,0,,,,-0.007,0.008,48.5,13.26,-0.01,,,10.562
127.07,CARRY,11.39,0.09,-9.58,32.28,-0.01,0,0,,,,-0.007,0.008,48.6,13.26,-0.01,,,10.562
127.12,CARRY,11.39,0.09,-9.58,32.3,-0.01,0,0,,,,-0.007,0.008,50.3,13.26,-0.01,,,10.562
127.17,CARRY,11.39,0.09,-9.58,32.31,-0.01,0,0,,,,-0.007,0.008,49.2,13.26,-0.01,,,10.562
127.22,CARRY,11.39,0.09,-9.58,32.32,-0.01,0,0,,,,-0.007,0.008,48.9,13.26,-0.01,,,10.562
127.27,CARRY,11.39,0.09,-9.58,32.33,-0.01,0,0,,,,-0.007,0.008,48.7,13.26,-0.01,,,10.562
127.32,CARRY,11.39,0.09,-9.58,32.35,-0.01,0,0,,,,-0.007,0.008,48.4,13.26,-0.01,,,10.562
127.38,CARRY,11.39,0.09,-9.58,32.36,-0.01,0,0,,,,-0.007,0.008,48.6,13.26,-0.01,,,10.562
127.43,CARRY,11.39,0.09,-9.58,32.37,-0.01,0,0,,,,-0.007,0.008,48.2,13.26,-0.01,,,10.562
127.48,CARRY,11.39,0.09,-9.58,32.38,-0.01,0,0,,,,-0.007,0.008,48.7,13.26,-0.01,,,10.562
127.53,CARRY,11.39,0.09,-9.58,32.4,-0.01,0,0,,,,-0.007,0.008,48.5,13.26,-0.01,,,10.562
127.58,CARRY,11.39,0.09,-9.58,32.41,-0.01,0,0,,,,-0.007,0.008,48.5,13.26,-0.01,,,10.562
127.63,CARRY,11.39,0.09,-9.58,32.42,-0.01,0,0,,,,-0.007,0.008,48.3,13.26,-0.01,,,10.562
127.68,CARRY,11.39,0.09,-9.58,32.43,-0.01,0,0,,,,-0.007,0.007,48.9,13.26,-0.01,,,10.562
127.73,CARRY,11.39,0.09,-9.58,32.45,-0.01,0,0,,,,-0.006,0.007,48.4,13.26,-0.01,,,10.562
127.78,CARRY,11.39,0.09,-9.58,32.46,-0.01,0,0,,,,-0.006,0.007,48.6,13.26,-0.01,,,10.562
127.83,CARRY,11.39,0.09,-9.58,32.47,-0.01,0,0,,,,-0.006,0.007,48.2,13.26,-0.01,,,10.562
127.88,CARRY,11.39,0.09,-9.58,32.48,-0.01,0,0,,,,-0.006,0.007,48.4,13.26,-0.01,,,10.562
127.93,CARRY,11.39,0.09,-9.58,32.5,-0.01,0,0,,,,-0.006,0.007,50.2,13.26,-0.01,,,10.562
127.98,CARRY,11.39,0.09,-9.58,32.51,-0.01,0,0,,,,-0.005,0.007,49.4,13.26,-0.01,,,10.625
128.03,CARRY,11.39,0.09,-9.58,32.52,-0.01,0,0,,,,-0.005,0.007,48.8,13.26,-0.01,,,10.625
128.08,CARRY,11.38,0.09,-9.58,32.53,-0.01,0,0,,,,-0.005,0.006,48.7,13.26,-0.01,,,10.562
128.13,CARRY,11.38,0.09,-9.58,32.55,-0.01,0,0,,,,-0.005,0.006,48.7,13.26,-0.01,,,10.625
128.18,CARRY,11.38,0.1,-9.58,32.56,-0.01,0,0,,,,-0.004,0.006,49.2,13.26,-0.01,,,10.625
128.23,CARRY,11.38,0.1,-9.58,32.57,-0.01,0,0,,,,-0.004,0.006,50.3,13.26,-0.01,,,10.625
128.28,CARRY,11.38,0.1,-9.58,32.58,-0.01,0,0,,,,-0.003,0.006,49.8,13.26,-0.01,,,10.625
128.33,CARRY,11.38,0.1,-9.58,32.6,-0.01,0,0,,,,-0.003,0.005,48.5,13.26,-0.01,,,10.625
128.38,CARRY,11.38,0.1,-9.58,32.61,-0.01,0,0,,,,-0.003,0.005,50.8,13.26,-0.01,,,10.625
128.43,CARRY,11.38,0.1,-9.58,32.62,-0.01,0,0,,,,-0.002,0.005,47.7,13.26,-0.01,,,10.625
128.48,CARRY,11.38,0.1,-9.58,32.63,-0.01,0,0,,,,-0.002,0.005,49.4,13.26,-0.01,,,10.562
128.53,CARRY,11.38,0.1,-9.58,32.65,-0.01,0,0,,,,-0.002,0.005,48.3,13.26,-0.01,,,10.625
128.58,CARRY,11.38,0.1,-9.58,32.66,-0.01,0,0,,,,-0.001,0.005,48.9,13.26,-0.01,,,10.562
128.63,CARRY,11.38,0.1,-9.58,32.67,-0.01,0,0,,,,-0.001,0.005,47.9,13.26,-0.01,,,10.562
128.68,CARRY,11.38,0.1,-9.58,32.68,-0.01,0,0,,,,-0.0,0.004,49.0,13.26,-0.01,,,10.562
128.73,CARRY,11.38,0.1,-9.58,32.7,-0.01,0,0,,,,-0.0,0.004,47.8,13.26,-0.01,,,10.562
128.78,CARRY,11.38,0.1,-9.58,32.71,-0.01,0,0,,,,0.0,0.004,49.1,13.26,-0.01,,,10.562
128.83,CARRY,11.38,0.1,-9.58,32.72,-0.01,0,0,,,,0.0,0.004,48.0,13.26,-0.01,,,10.562
128.88,CARRY,11.38,0.1,-9.58,32.74,-0.01,0,0,,,,0.001,0.004,49.3,13.26,-0.01,,,10.562
128.93,CARRY,11.38,0.1,-9.58,32.75,-0.01,0,0,,,,0.001,0.004,48.0,13.26,-0.01,,,10.562
128.98,CARRY,11.37,0.1,-9.58,32.76,-0.01,0,0,,,,0.001,0.004,50.2,13.26,-0.01,,,10.562
129.03,CARRY,11.37,0.1,-9.58,32.77,-0.01,0,0,,,,0.001,0.004,49.0,13.26,-0.01,,,10.562
129.08,CARRY,11.37,0.1,-9.58,32.79,-0.01,0,0,,,,0.002,0.003,50.3,13.26,-0.01,,,10.562
129.13,CARRY,11.37,0.1,-9.58,32.8,-0.01,0,0,,,,0.002,0.003,48.1,13.26,-0.01,,,10.562
129.18,CARRY,11.37,0.1,-9.58,32.81,-0.01,0,0,,,,0.002,0.003,49.1,13.26,-0.01,,,10.562
129.23,CARRY,11.37,0.1,-9.58,32.82,-0.01,0,0,,,,0.002,0.003,48.9,13.26,-0.01,,,10.562
129.28,CARRY,11.37,0.1,-9.58,32.84,-0.01,0,0,,,,0.002,0.003,49.6,13.26,-0.01,,,10.562
129.34,CARRY,11.37,0.1,-9.58,32.85,-0.01,0,0,,,,0.002,0.003,48.7,13.26,-0.01,,,10.562
129.39,CARRY,11.37,0.1,-9.58,32.86,-0.01,0,0,,,,0.003,0.003,48.9,13.26,-0.01,,,10.562
129.44,CARRY,11.37,0.1,-9.58,32.87,-0.01,0,0,,,,0.003,0.003,48.1,13.26,-0.01,,,10.562
129.49,CARRY,11.37,0.1,-9.58,32.89,-0.01,0,0,,,,0.003,0.003,49.6,13.26,-0.01,,,10.562
129.54,CARRY,11.37,0.1,-9.58,32.9,-0.01,0,0,,,,0.003,0.003,49.1,13.26,-0.01,,,10.562
129.59,CARRY,11.37,0.1,-9.58,32.91,-0.01,0,0,,,,0.003,0.003,49.4,13.26,-0.01,,,10.562
129.64,CARRY,11.37,0.1,-9.58,32.92,-0.01,0,0,,,,0.003,0.003,48.1,13.26,-0.01,,,10.562
129.69,CARRY,11.37,0.1,-9.58,32.94,-0.01,0,0,,,,0.003,0.002,49.0,13.26,-0.01,,,10.562
129.74,REGROUND,11.37,0.1,-9.58,32.95,-0.01,0,0,,,,0.003,0.002,48.9,13.26,-0.01,,,10.562
129.79,REGROUND,11.37,0.1,-9.58,32.96,-0.01,0,0,,,,0.003,0.002,4.4,13.26,-0.01,,,
129.84,REGROUND,11.37,0.1,-9.58,32.97,-0.01,0,0,,,,0.003,0.002,0.9,13.26,-0.01,,,
129.89,REGROUND,11.37,0.1,-9.58,32.99,-0.01,0,0,,,,0.003,0.002,1.7,13.26,-0.01,,,
129.94,REGROUND,11.37,0.1,-9.58,33.0,-0.01,0,0,,,,0.003,0.002,0.8,13.26,-0.01,,,
129.99,REGROUND,11.37,0.1,-9.58,33.01,-0.01,0,0,,,,0.003,0.002,1.6,13.26,-0.01,,,
130.04,REGROUND,11.37,0.1,-9.58,33.02,-0.01,0,0,,,,0.003,0.002,0.8,13.26,-0.01,,,
130.09,REGROUND,11.37,0.1,-9.58,33.04,-0.01,0,0,,,,0.003,0.001,1.5,13.26,-0.01,,,
130.14,REGROUND,11.37,0.1,-9.58,33.05,-0.01,0,0,,,,0.003,0.001,0.8,13.26,-0.01,,,
130.19,REGROUND,11.37,0.1,-9.58,33.06,-0.01,0,0,,,,0.003,0.001,1.5,13.26,-0.01,,,
130.24,REGROUND,11.37,0.1,-9.58,33.07,-0.01,0,0,,,,0.003,0.001,0.8,13.26,-0.01,,,
130.29,REGROUND,11.37,0.1,-9.58,33.09,-0.01,0,0,,,,0.002,0.001,1.7,13.26,-0.01,,,
130.34,REGROUND,11.37,0.1,-9.58,33.1,-0.01,0,0,,,,0.002,0.001,1.1,13.26,-0.01,,,
130.39,REGROUND,11.37,0.1,-9.58,33.11,-0.01,0,0,,,,0.002,0.0,1.7,13.26,-0.01,,,
130.44,REGROUND,11.37,0.1,-9.58,33.12,-0.01,0,0,,,,0.002,0.0,1.0,13.26,-0.01,,,
130.49,REGROUND,11.37,0.1,-9.58,33.14,-0.01,0,0,,,,0.002,0.0,1.6,13.26,-0.01,,,
130.54,REGROUND,11.37,0.1,-9.58,33.15,-0.01,0,0,,,,0.002,0.0,1.0,13.26,-0.01,,,
130.59,REGROUND,11.38,0.11,-9.58,33.16,-0.01,0,0,,,,0.002,-0.0,1.6,13.26,-0.01,,,
130.64,REGROUND,11.38,0.11,-9.58,33.17,-0.01,0,0,,,,0.002,-0.0,1.0,13.26,-0.01,,,
130.69,REGROUND,11.38,0.11,-9.58,33.19,-0.01,0,0,,,,0.002,-0.001,1.4,13.26,-0.01,,,
130.74,REGROUND,11.38,0.11,-9.58,33.2,-0.01,0,0,,,,0.002,-0.001,1.0,13.26,-0.01,,,
130.79,REGROUND,11.38,0.11,-9.58,33.21,-0.01,0,0,,,,0.002,-0.001,1.5,13.26,-0.01,,,
130.84,REGROUND,11.38,0.11,-9.58,33.22,-0.01,0,0,,,,0.002,-0.001,1.0,13.26,-0.01,,,
130.89,REGROUND,11.38,0.11,-9.58,33.24,-0.01,0,0,,,,0.002,-0.001,1.6,13.26,-0.01,,,
130.94,REGROUND,11.38,0.11,-9.58,33.25,-0.01,0,0,,,,0.002,-0.001,1.0,13.26,-0.01,,,
130.99,REGROUND,11.38,0.11,-9.58,33.26,-0.01,0,0,,,,0.001,-0.001,1.7,13.26,-0.01,,,
131.04,REGROUND,11.38,0.11,-9.58,33.27,-0.01,0,0,,,,0.001,-0.001,1.0,13.26,-0.01,,,
131.09,REGROUND,11.38,0.11,-9.58,33.29,-0.01,0,0,,,,0.001,-0.002,1.7,13.26,-0.01,,,
131.14,REGROUND,11.38,0.11,-9.58,33.3,-0.01,0,0,,,,0.001,-0.002,1.0,13.26,-0.01,,,
131.19,REGROUND,11.38,0.11,-9.58,33.31,-0.01,0,0,,,,0.001,-0.002,1.6,13.26,-0.01,,,
131.24,REGROUND,11.38,0.11,-9.58,33.32,-0.01,0,0,,,,0.001,-0.002,1.0,13.26,-0.01,,,
131.29,REGROUND,11.38,0.11,-9.58,33.34,-0.01,0,0,,,,0.001,-0.002,1.6,13.26,-0.01,,,
131.34,REGROUND,11.38,0.11,-9.58,33.35,-0.01,0,0,,,,0.001,-0.002,1.0,13.26,-0.01,,,
131.39,REGROUND,11.38,0.11,-9.58,33.36,-0.01,0,0,,,,0.001,-0.002,1.4,13.26,-0.01,,,
131.44,REGROUND,11.38,0.11,-9.58,33.37,-0.01,0,0,,,,0.001,-0.003,1.0,13.26,-0.01,,,
131.49,REGROUND,11.38,0.11,-9.58,33.39,-0.01,0,0,,,,0.001,-0.003,1.5,13.26,-0.01,,,
131.54,REGROUND,11.38,0.11,-9.58,33.4,-0.01,0,0,,,,0.001,-0.003,1.0,13.26,-0.01,,,
131.59,REGROUND,11.38,0.11,-9.58,33.41,-0.01,0,0,,,,0.001,-0.003,1.5,13.26,-0.01,,,
131.64,REGROUND,11.38,0.11,-9.58,33.42,-0.01,0,0,,,,0.001,-0.003,1.1,13.26,-0.01,,,
131.69,REGROUND,11.38,0.11,-9.58,33.44,-0.01,0,0,,,,0.001,-0.004,1.7,13.26,-0.01,,,
131.74,REGROUND,11.38,0.11,-9.58,33.45,-0.01,0,0,,,,0.001,-0.004,0.8,13.26,-0.01,,,
131.79,REGROUND,11.38,0.11,-9.58,33.46,-0.01,0,0,,,,0.001,-0.004,1.7,13.26,-0.01,,,
131.84,REGROUND,11.38,0.11,-9.58,33.47,-0.01,0,0,,,,0.001,-0.004,1.0,13.26,-0.01,,,
131.89,REGROUND,11.38,0.11,-9.58,33.49,-0.01,0,0,,,,0.0,-0.004,1.5,13.26,-0.01,,,
131.94,REGROUND,11.38,0.11,-9.58,33.5,-0.01,0,0,,,,0.0,-0.004,1.0,13.26,-0.01,,,
131.99,REGROUND,11.38,0.11,-9.58,33.51,-0.01,0,0,,,,0.0,-0.004,1.6,13.26,-0.01,,,
132.04,REGROUND,11.38,0.11,-9.58,33.52,-0.01,0,0,,,,0.0,-0.004,1.0,13.26,-0.01,,,
132.09,REGROUND,11.38,0.11,-9.58,33.54,-0.01,0,0,,,,0.0,-0.005,1.7,13.26,-0.01,,,
132.14,REGROUND,11.38,0.11,-9.58,33.55,-0.01,0,0,,,,0.0,-0.005,3.6,13.26,-0.01,,,
132.19,REGROUND,11.38,0.11,-9.58,33.56,-0.01,0,0,,,,-0.0,-0.005,1.7,13.26,-0.01,,,
132.24,REGROUND,11.38,0.11,-9.58,33.57,-0.01,0,0,,,,-0.0,-0.005,1.0,13.26,-0.01,,,
132.29,REGROUND,11.38,0.11,-9.58,33.59,-0.01,0,0,,,,-0.0,-0.005,1.6,13.26,-0.01,,,
132.34,REGROUND,11.38,0.11,-9.58,33.6,-0.01,0,0,,,,-0.0,-0.005,0.9,13.26,-0.01,,,
132.39,REGROUND,11.38,0.11,-9.58,33.61,-0.01,0,0,,,,-0.0,-0.005,1.6,13.26,-0.01,,,
132.44,REGROUND,11.38,0.11,-9.58,33.62,-0.01,0,0,,,,-0.0,-0.005,0.9,13.26,-0.01,,,
132.49,REGROUND,11.38,0.11,-9.58,33.64,-0.01,0,0,,,,-0.0,-0.005,1.5,13.26,-0.01,,,
132.54,REGROUND,11.38,0.11,-9.58,33.65,-0.01,0,0,,,,-0.0,-0.005,1.0,13.26,-0.01,,,
132.59,REGROUND,11.38,0.11,-9.58,33.66,-0.01,0,0,,,,-0.0,-0.005,1.6,13.26,-0.01,,,
132.64,REGROUND,11.38,0.11,-9.58,33.67,-0.01,0,0,,,,-0.0,-0.005,1.1,13.26,-0.01,,,
132.69,REGROUND,11.38,0.11,-9.58,33.69,-0.01,0,0,,,,-0.0,-0.004,1.7,13.26,-0.01,,,
132.74,REGROUND,11.38,0.11,-9.58,33.7,-0.01,0,0,,,,-0.0,-0.004,1.0,13.26,-0.01,,,
132.79,REGROUND,11.38,0.11,-9.58,33.71,-0.01,0,0,,,,-0.0,-0.004,1.7,13.26,-0.01,,,
132.84,REGROUND,11.38,0.11,-9.58,33.72,-0.01,0,0,,,,-0.0,-0.004,1.0,13.26,-0.01,,,
132.89,REGROUND,11.38,0.11,-9.58,33.74,-0.01,0,0,,,,-0.0,-0.004,1.6,13.26,-0.01,,,
132.94,REGROUND,11.38,0.11,-9.58,33.75,-0.01,0,0,,,,-0.0,-0.004,1.0,13.26,-0.01,,,
132.99,REGROUND,11.38,0.11,-9.58,33.76,-0.01,0,0,,,,-0.001,-0.004,1.6,13.26,-0.01,,,
133.04,REGROUND,11.38,0.11,-9.58,33.77,-0.01,0,0,,,,-0.0,-0.004,1.0,13.26,-0.01,,,
133.09,REGROUND,11.38,0.11,-9.58,33.79,-0.01,0,0,,,,-0.001,-0.004,1.6,13.26,-0.01,,,
133.14,REGROUND,11.38,0.11,-9.58,33.8,-0.01,0,0,,,,-0.0,-0.004,1.0,13.26,-0.01,,,
133.19,REGROUND,11.38,0.11,-9.58,33.81,-0.01,0,0,,,,-0.001,-0.003,1.5,13.26,-0.01,,,
133.24,REGROUND,11.38,0.11,-9.58,33.82,-0.01,0,0,,,,-0.001,-0.003,0.9,13.26,-0.01,,,
133.29,REGROUND,11.38,0.11,-9.58,33.84,-0.01,0,0,,,,-0.001,-0.003,1.5,13.26,-0.01,,,
133.34,REGROUND,11.38,0.11,-9.58,33.85,-0.01,0,0,,,,-0.001,-0.003,1.0,13.26,-0.01,,,
133.39,REGROUND,11.39,0.11,-9.58,33.86,-0.01,0,0,,,,-0.002,-0.003,1.5,13.26,-0.01,,,
133.44,REGROUND,11.39,0.11,-9.58,33.87,-0.01,0,0,,,,-0.002,-0.003,1.0,13.26,-0.01,,,
133.49,REGROUND,11.39,0.11,-9.58,33.89,-0.01,0,0,,,,-0.002,-0.003,1.7,13.26,-0.01,,,
133.54,REGROUND,11.39,0.11,-9.58,33.9,-0.01,0,0,,,,-0.002,-0.003,1.0,13.26,-0.01,,,
133.59,REGROUND,11.39,0.11,-9.58,33.91,-0.01,0,0,,,,-0.002,-0.003,1.7,13.26,-0.01,,,
133.64,REGROUND,11.39,0.11,-9.58,33.92,-0.01,0,0,,,,-0.002,-0.003,1.1,13.26,-0.01,,,
133.69,REGROUND,11.39,0.11,-9.58,33.94,-0.01,0,0,,,,-0.002,-0.002,1.7,13.26,-0.01,,,
133.74,REGROUND,11.39,0.11,-9.58,33.95,-0.01,0,0,,,,-0.002,-0.002,0.9,13.26,-0.01,,,
133.79,REGROUND,11.39,0.1,-9.58,33.96,-0.01,0,0,,,,-0.003,-0.002,1.4,13.26,-0.01,,,
133.84,REGROUND,11.39,0.1,-9.58,33.97,-0.01,0,0,,,,-0.003,-0.002,1.0,13.26,-0.01,,,
133.89,REGROUND,11.39,0.1,-9.58,33.99,-0.01,0,0,,,,-0.003,-0.001,1.7,13.26,-0.01,,,
133.94,REGROUND,11.39,0.1,-9.58,34.0,-0.01,0,0,,,,-0.003,-0.001,1.0,13.26,-0.01,,,
133.99,REGROUND,11.39,0.1,-9.58,34.01,-0.01,0,0,,,,-0.003,-0.001,1.6,13.26,-0.01,,,
134.04,REGROUND,11.39,0.1,-9.58,34.02,-0.01,0,0,,,,-0.003,-0.001,1.0,13.26,-0.01,,,
134.09,REGROUND,11.39,0.1,-9.58,34.04,-0.01,0,0,,,,-0.003,-0.001,1.6,13.26,-0.01,,,
134.14,REGROUND,11.39,0.1,-9.58,34.05,-0.01,0,0,,,,-0.003,-0.001,0.9,13.26,-0.01,,,
134.19,REGROUND,11.39,0.1,-9.58,34.06,-0.01,0,0,,,,-0.003,-0.0,1.5,13.26,-0.01,,,
134.24,REGROUND,11.39,0.1,-9.58,34.07,-0.01,0,0,,,,-0.003,-0.0,0.9,13.26,-0.01,,,
134.29,REGROUND,11.39,0.1,-9.58,34.09,-0.01,0,0,,,,-0.003,0.0,1.5,13.26,-0.01,,,
134.34,REGROUND,11.39,0.1,-9.58,34.1,-0.01,0,0,,,,-0.003,0.0,1.0,13.26,-0.01,,,
134.39,REGROUND,11.39,0.1,-9.58,34.11,-0.01,0,0,,,,-0.003,0.001,1.7,13.26,-0.01,,,
134.44,REGROUND,11.39,0.1,-9.58,34.13,-0.01,0,0,,,,-0.003,0.001,1.1,13.26,-0.01,,,
134.49,REGROUND,11.39,0.1,-9.58,34.14,-0.01,0,0,,,,-0.003,0.001,1.5,13.26,-0.01,,,
134.54,REGROUND,11.39,0.1,-9.58,34.15,-0.01,0,0,,,,-0.003,0.001,3.7,13.26,-0.01,,,
134.59,REGROUND,11.39,0.1,-9.58,34.16,-0.01,0,0,,,,-0.002,0.001,1.6,13.26,-0.01,,,
134.64,REGROUND,11.39,0.1,-9.58,34.18,-0.01,0,0,,,,-0.002,0.001,1.0,13.26,-0.01,,,
134.69,REGROUND,11.39,0.1,-9.58,34.19,-0.01,0,0,,,,-0.002,0.001,1.6,13.26,-0.01,,,
134.74,REGROUND,11.39,0.1,-9.58,34.2,-0.01,0,0,,,,-0.002,0.001,1.0,13.26,-0.01,,,
134.79,REGROUND,11.39,0.1,-9.58,34.21,-0.01,0,0,,,,-0.002,0.001,1.6,13.26,-0.01,,,
134.84,REGROUND,11.39,0.1,-9.58,34.23,-0.01,0,0,,,,-0.002,0.001,1.0,13.26,-0.01,,,
134.89,REGROUND,11.39,0.1,-9.58,34.24,-0.01,0,0,,,,-0.002,0.001,1.5,13.26,-0.01,,,
134.94,REGROUND,11.39,0.1,-9.58,34.25,-0.01,0,0,,,,-0.001,0.001,1.0,13.26,-0.01,,,
134.99,REGROUND,11.39,0.1,-9.58,34.26,-0.01,0,0,,,,-0.001,0.002,1.7,13.26,-0.01,,,
135.04,REGROUND,11.39,0.1,-9.58,34.28,-0.01,0,0,,,,-0.001,0.002,1.1,13.26,-0.01,,,
135.09,REGROUND,11.39,0.1,-9.58,34.29,-0.01,0,0,,,,-0.001,0.002,1.7,13.26,-0.01,,,
135.14,REGROUND,11.39,0.1,-9.58,34.3,-0.01,0,0,,,,-0.001,0.002,1.0,13.26,-0.01,,,
135.19,REGROUND,11.39,0.1,-9.58,34.31,-0.01,0,0,,,,-0.001,0.002,1.7,13.26,-0.01,,,
135.24,REGROUND,11.39,0.1,-9.58,34.33,-0.01,0,0,,,,-0.001,0.002,1.0,13.26,-0.01,,,
135.29,REGROUND,11.38,0.1,-9.58,34.34,-0.01,0,0,,,,-0.0,0.002,1.6,13.26,-0.01,,,
135.34,REGROUND,11.38,0.1,-9.58,34.35,-0.01,0,0,,,,-0.0,0.002,1.0,13.26,-0.01,,,
135.39,REGROUND,11.38,0.1,-9.58,34.36,-0.01,0,0,,,,-0.0,0.002,1.6,13.26,-0.01,,,
135.44,REGROUND,11.38,0.1,-9.58,34.38,-0.01,0,0,,,,0.0,0.002,1.1,13.26,-0.01,,,
135.49,REGROUND,11.38,0.1,-9.58,34.39,-0.01,0,0,,,,0.001,0.002,1.8,13.26,-0.01,,,
135.54,REGROUND,11.38,0.1,-9.58,34.4,-0.01,0,0,,,,0.001,0.002,0.9,13.26,-0.01,,,
135.59,REGROUND,11.38,0.1,-9.58,34.41,-0.01,0,0,,,,0.001,0.002,1.5,13.26,-0.01,,,
135.64,REGROUND,11.38,0.1,-9.58,34.43,-0.01,0,0,,,,0.001,0.002,1.0,13.26,-0.01,,,
135.69,REGROUND,11.38,0.1,-9.58,34.44,-0.01,0,0,,,,0.002,0.002,1.5,13.26,-0.01,,,
135.74,REGROUND,11.38,0.1,-9.58,34.45,-0.01,0,0,,,,0.002,0.002,1.0,13.26,-0.01,,,
135.79,REGROUND,11.38,0.1,-9.58,34.46,-0.01,0,0,,,,0.002,0.002,2.0,13.26,-0.01,,,
135.84,REGROUND,11.38,0.1,-9.58,34.48,-0.01,0,0,,,,0.002,0.002,1.3,13.26,-0.01,,,
135.89,REGROUND,11.38,0.1,-9.58,34.49,-0.01,0,0,,,,0.003,0.001,1.9,13.26,-0.01,,,
135.94,REGROUND,11.38,0.1,-9.58,34.5,-0.01,0,0,,,,0.003,0.001,1.3,13.26,-0.01,,,
135.99,REGROUND,11.38,0.1,-9.58,34.51,-0.01,0,0,,,,0.003,0.001,1.8,13.26,-0.01,,,
136.04,REGROUND,11.38,0.1,-9.58,34.53,-0.01,0,0,,,,0.003,0.001,1.2,13.26,-0.01,,,
136.09,REGROUND,11.38,0.1,-9.58,34.54,-0.01,0,0,,,,0.004,0.001,1.6,13.26,-0.01,,,
136.14,REGROUND,11.38,0.1,-9.58,34.55,-0.01,0,0,,,,0.004,0.001,1.0,13.26,-0.01,,,
136.19,REGROUND,11.38,0.1,-9.58,34.56,-0.01,0,0,,,,0.004,0.001,2.0,13.26,-0.01,,,
136.24,REGROUND,11.38,0.1,-9.58,34.58,-0.01,0,0,,,,0.004,0.001,1.0,13.26,-0.01,,,
136.29,REGROUND,11.38,0.1,-9.58,34.59,-0.01,0,0,,,,0.005,0.001,1.7,13.26,-0.01,,,
136.34,REGROUND,11.38,0.1,-9.58,34.6,-0.01,0,0,,,,0.005,0.001,1.7,13.26,-0.01,,,
136.39,REGROUND,11.38,0.1,-9.58,34.61,-0.01,0,0,,,,0.005,0.001,1.0,13.26,-0.01,,,
136.44,REGROUND,11.38,0.1,-9.58,34.63,-0.01,0,0,,,,0.005,0.001,0.9,13.26,-0.01,,,
136.49,REGROUND,11.38,0.1,-9.58,34.64,-0.01,0,0,,,,0.005,0.0,2.0,13.26,-0.01,,,
136.54,REGROUND,11.38,0.1,-9.58,34.65,-0.01,0,0,,,,0.005,0.0,1.1,13.26,-0.01,,,
136.59,REGROUND,11.38,0.1,-9.58,34.66,-0.01,0,0,,,,0.005,0.0,1.9,13.26,-0.01,,,
136.65,REGROUND,11.38,0.1,-9.58,34.68,-0.01,0,0,,,,0.005,0.0,1.3,13.26,-0.01,,,
136.7,REGROUND,11.38,0.1,-9.58,34.69,-0.01,0,0,,,,0.005,0.0,1.8,13.26,-0.01,,,
136.75,REGROUND,11.38,0.1,-9.58,34.7,-0.01,0,0,,,,0.005,-0.0,1.2,13.26,-0.01,,,
136.8,REGROUND,11.38,0.1,-9.58,34.71,-0.01,0,0,,,,0.005,0.0,1.8,13.26,-0.01,,,
136.85,REGROUND,11.38,0.1,-9.58,34.73,-0.01,0,0,,,,0.005,-0.0,1.0,13.26,-0.01,,,
136.9,REGROUND,11.38,0.1,-9.58,34.74,-0.01,0,0,,,,0.005,-0.0,2.0,13.26,-0.01,,,
136.95,REGROUND,11.38,0.1,-9.58,34.75,-0.01,0,0,,,,0.005,-0.0,4.7,13.26,-0.01,,,
137.0,REGROUND,11.38,0.1,-9.58,34.76,-0.01,0,0,,,,0.005,-0.0,1.1,13.26,-0.01,,,
137.05,REGROUND,11.38,0.1,-9.58,34.78,-0.01,0,0,,,,0.005,-0.0,0.9,13.26,-0.01,,,
137.1,REGROUND,11.38,0.1,-9.58,34.79,-0.01,0,0,,,,0.005,-0.0,1.8,13.26,-0.01,,,
137.15,REGROUND,11.38,0.1,-9.58,34.8,-0.01,0,0,,,,0.005,-0.0,1.0,13.26,-0.01,,,
137.2,REGROUND,11.38,0.1,-9.58,34.81,-0.01,0,0,,,,0.005,-0.0,1.9,13.26,-0.01,,,
137.25,REGROUND,11.38,0.1,-9.58,34.83,-0.01,0,0,,,,0.005,-0.0,1.3,13.26,-0.01,,,
137.3,REGROUND,11.38,0.1,-9.58,34.84,-0.01,0,0,,,,0.005,-0.001,1.9,13.26,-0.01,,,
137.35,REGROUND,11.38,0.1,-9.58,34.85,-0.01,0,0,,,,0.005,-0.001,1.3,13.26,-0.01,,,
137.4,REGROUND,11.38,0.1,-9.58,34.86,-0.01,0,0,,,,0.005,-0.0,1.8,13.26,-0.01,,,
137.45,REGROUND,11.38,0.1,-9.58,34.88,-0.01,0,0,,,,0.005,-0.001,1.3,13.26,-0.01,,,
137.5,REGROUND,11.38,0.1,-9.58,34.89,-0.01,0,0,,,,0.005,-0.001,1.6,13.26,-0.01,,,
137.55,REGROUND,11.38,0.1,-9.58,34.9,-0.01,0,0,,,,0.005,-0.001,1.6,13.26,-0.01,,,
137.6,REGROUND,11.38,0.1,-9.58,34.91,-0.01,0,0,,,,0.005,-0.001,1.0,13.26,-0.01,,,
137.65,REGROUND,11.38,0.1,-9.58,34.93,-0.01,0,0,,,,0.005,-0.001,1.6,13.26,-0.01,,,
137.7,REGROUND,11.38,0.1,-9.58,34.94,-0.01,0,0,,,,0.005,-0.001,1.0,13.26,-0.01,,,
137.75,REGROUND,11.38,0.1,-9.58,34.95,-0.01,0,0,,,,0.005,-0.001,1.0,13.26,-0.01,,,
137.8,REGROUND,11.38,0.1,-9.58,34.96,-0.01,0,0,,,,0.005,-0.001,2.0,13.26,-0.01,,,
137.85,REGROUND,11.38,0.1,-9.58,34.98,-0.01,0,0,,,,0.005,-0.001,1.2,13.26,-0.01,,,
137.9,REGROUND,11.38,0.1,-9.58,34.99,-0.01,0,0,,,,0.004,-0.001,1.9,13.26,-0.01,,,
137.95,REGROUND,11.38,0.1,-9.58,35.0,-0.01,0,0,,,,0.004,-0.001,1.0,13.26,-0.01,,,
138.0,REGROUND,11.38,0.1,-9.58,35.01,-0.01,0,0,,,,0.004,-0.001,1.7,13.26,-0.01,,,
138.05,REGROUND,11.38,0.1,-9.58,35.03,-0.01,0,0,,,,0.004,-0.001,1.3,13.26,-0.01,,,
138.1,REGROUND,11.38,0.1,-9.58,35.04,-0.01,0,0,,,,0.004,-0.002,1.9,13.26,-0.01,,,
138.15,REGROUND,11.38,0.1,-9.58,35.05,-0.01,0,0,,,,0.004,-0.002,1.8,13.26,-0.01,,,
138.2,REGROUND,11.38,0.1,-9.58,35.06,-0.01,0,0,,,,0.004,-0.002,1.2,13.26,-0.01,,,
138.25,REGROUND,11.38,0.1,-9.58,35.08,-0.01,0,0,,,,0.004,-0.002,1.8,13.26,-0.01,,,
138.3,REGROUND,11.38,0.1,-9.58,35.09,-0.01,0,0,,,,0.004,-0.002,1.2,13.26,-0.01,,,
138.35,REGROUND,11.38,0.1,-9.58,35.1,-0.01,0,0,,,,0.003,-0.002,1.7,13.26,-0.01,,,
138.4,REGROUND,11.38,0.1,-9.58,35.11,-0.01,0,0,,,,0.003,-0.002,0.8,13.26,-0.01,,,
138.45,REGROUND,11.38,0.1,-9.58,35.13,-0.01,0,0,,,,0.003,-0.002,1.0,13.26,-0.01,,,
138.5,REGROUND,11.38,0.1,-9.58,35.14,-0.01,0,0,,,,0.003,-0.002,1.5,13.26,-0.01,,,
138.55,REGROUND,11.38,0.1,-9.58,35.15,-0.01,0,0,,,,0.003,-0.002,1.0,13.26,-0.01,,,
138.6,REGROUND,11.38,0.1,-9.58,35.16,-0.01,0,0,,,,0.003,-0.002,1.5,13.26,-0.01,,,
138.65,REGROUND,11.38,0.1,-9.58,35.18,-0.01,0,0,,,,0.002,-0.003,1.5,13.26,-0.01,,,
138.7,REGROUND,11.38,0.1,-9.58,35.19,-0.01,0,0,,,,0.003,-0.003,1.1,13.26,-0.01,,,
138.75,REGROUND,11.38,0.1,-9.58,35.2,-0.01,0,0,,,,0.002,-0.003,1.7,13.26,-0.01,,,
138.8,REGROUND,11.38,0.1,-9.58,35.21,-0.01,0,0,,,,0.002,-0.003,1.1,13.26,-0.01,,,
138.85,REGROUND,11.38,0.1,-9.58,35.23,-0.01,0,0,,,,0.002,-0.003,1.7,13.26,-0.01,,,
138.9,REGROUND,11.38,0.1,-9.58,35.24,-0.01,0,0,,,,0.002,-0.003,1.0,13.26,-0.01,,,
138.95,REGROUND,11.39,0.1,-9.58,35.25,-0.01,0,0,,,,0.001,-0.003,1.6,13.26,-0.01,,,
139.0,REGROUND,11.39,0.1,-9.58,35.26,-0.01,0,0,,,,0.001,-0.003,1.0,13.26,-0.01,,,
139.05,REGROUND,11.39,0.1,-9.58,35.28,-0.01,0,0,,,,0.002,-0.003,1.0,13.26,-0.01,,,
139.1,REGROUND,11.39,0.1,-9.58,35.29,-0.01,0,0,,,,0.001,-0.003,1.6,13.26,-0.01,,,
139.15,REGROUND,11.39,0.1,-9.58,35.3,-0.01,0,0,,,,0.001,-0.003,1.0,13.26,-0.01,,,
139.2,REGROUND,11.39,0.1,-9.58,35.31,-0.01,0,0,,,,0.001,-0.003,1.6,13.26,-0.01,,,
139.25,REGROUND,11.39,0.1,-9.58,35.33,-0.01,0,0,,,,0.0,-0.003,1.4,13.26,-0.01,,,
139.3,REGROUND,11.39,0.1,-9.58,35.34,-0.01,0,0,,,,0.0,-0.003,1.0,13.26,-0.01,,,
139.35,REGROUND,11.39,0.1,-9.58,35.35,-0.01,0,0,,,,-0.0,-0.003,4.1,13.26,-0.01,,,
139.4,REGROUND,11.39,0.1,-9.58,35.36,-0.01,0,0,,,,-0.0,-0.003,1.0,13.26,-0.01,,,
139.45,REGROUND,11.39,0.1,-9.58,35.38,-0.01,0,0,,,,-0.001,-0.003,1.7,13.26,-0.01,,,
139.5,REGROUND,11.39,0.1,-9.58,35.39,-0.01,0,0,,,,-0.001,-0.003,1.1,13.26,-0.01,,,
139.55,REGROUND,11.39,0.1,-9.58,35.4,-0.01,0,0,,,,-0.001,-0.003,1.7,13.26,-0.01,,,
139.6,REGROUND,11.39,0.1,-9.58,35.41,-0.01,0,0,,,,-0.001,-0.003,1.0,13.26,-0.01,,,
139.65,REGROUND,11.39,0.1,-9.58,35.43,-0.01,0,0,,,,-0.002,-0.003,1.6,13.26,-0.01,,,
139.7,REGROUND,11.39,0.1,-9.58,35.44,-0.01,0,0,,,,-0.002,-0.003,1.0,13.26,-0.01,,,
139.75,REGROUND,11.39,0.1,-9.58,35.45,-0.01,0,0,,,,-0.002,-0.003,1.0,13.26,-0.01,,,
139.8,REGROUND,11.39,0.1,-9.58,35.46,-0.01,0,0,,,,-0.002,-0.003,1.6,13.26,-0.01,,,
139.85,REGROUND,11.39,0.1,-9.58,35.48,-0.01,0,0,,,,-0.002,-0.003,1.5,13.26,-0.01,,,
139.9,REGROUND,11.39,0.1,-9.58,35.49,-0.01,0,0,,,,-0.002,-0.003,1.0,13.26,-0.01,,,
139.95,REGROUND,11.39,0.1,-9.58,35.5,-0.01,0,0,,,,-0.003,-0.002,1.5,13.26,-0.01,,,
140.0,REGROUND,11.39,0.1,-9.58,35.51,-0.01,0,0,,,,-0.003,-0.002,1.0,13.26,-0.01,,,
140.05,REGROUND,11.4,0.1,-9.58,35.53,-0.01,0,0,,,,-0.003,-0.002,1.5,13.26,-0.01,,,
140.1,REGROUND,11.4,0.1,-9.58,35.54,-0.01,0,0,,,,-0.003,-0.002,1.1,13.26,-0.01,,,
140.15,REGROUND,11.4,0.1,-9.58,35.55,-0.01,0,0,,,,-0.003,-0.002,1.7,13.26,-0.01,,,
140.2,REGROUND,11.4,0.1,-9.58,35.56,-0.01,0,0,,,,-0.003,-0.002,1.0,13.26,-0.01,,,
140.25,REGROUND,11.4,0.1,-9.58,35.58,-0.01,0,0,,,,-0.003,-0.002,1.7,13.26,-0.01,,,
140.3,REGROUND,11.4,0.1,-9.58,35.59,-0.01,0,0,,,,-0.003,-0.002,1.0,13.26,-0.01,,,
140.35,REGROUND,11.4,0.1,-9.58,35.6,-0.01,0,0,,,,-0.003,-0.002,1.6,13.26,-0.01,,,
140.4,REGROUND,11.4,0.1,-9.58,35.61,-0.01,0,0,,,,-0.003,-0.002,1.0,13.26,-0.01,,,
140.45,REGROUND,11.4,0.1,-9.58,35.63,-0.01,0,0,,,,-0.003,-0.002,1.6,13.26,-0.01,,,
140.5,REGROUND,11.4,0.1,-9.58,35.64,-0.01,0,0,,,,-0.003,-0.002,1.0,13.26,-0.01,,,
140.55,REGROUND,11.4,0.1,-9.58,35.65,-0.01,0,0,,,,-0.002,-0.002,1.6,13.26,-0.01,,,
140.6,REGROUND,11.4,0.1,-9.58,35.66,-0.01,0,0,,,,-0.002,-0.002,1.0,13.26,-0.01,,,
140.65,REGROUND,11.4,0.1,-9.58,35.68,-0.01,0,0,,,,-0.002,-0.002,1.6,13.26,-0.01,,,
140.7,REGROUND,11.4,0.1,-9.58,35.69,-0.01,0,0,,,,-0.002,-0.002,1.0,13.26,-0.01,,,
140.75,REGROUND,11.39,0.1,-9.58,35.7,-0.01,0,0,,,,-0.002,-0.002,1.5,13.26,-0.01,,,
140.8,REGROUND,11.39,0.1,-9.58,35.71,-0.01,0,0,,,,-0.002,-0.002,1.0,13.26,-0.01,,,
140.85,REGROUND,11.39,0.1,-9.58,35.73,-0.01,0,0,,,,-0.002,-0.002,1.7,13.26,-0.01,,,
140.9,REGROUND,11.39,0.1,-9.58,35.74,-0.01,0,0,,,,-0.002,-0.002,1.0,13.26,-0.01,,,
140.95,REGROUND,11.39,0.1,-9.58,35.75,-0.01,0,0,,,,-0.002,-0.002,1.7,13.26,-0.01,,,
141.0,REGROUND,11.39,0.1,-9.58,35.76,-0.01,0,0,,,,-0.001,-0.002,1.0,13.26,-0.01,,,
141.05,REGROUND,11.39,0.1,-9.58,35.78,-0.01,0,0,,,,-0.001,-0.002,1.6,13.26,-0.01,,,
141.1,REGROUND,11.39,0.1,-9.58,35.79,-0.01,0,0,,,,-0.001,-0.002,1.0,13.26,-0.01,,,
141.15,REGROUND,11.39,0.1,-9.58,35.8,-0.01,0,0,,,,-0.001,-0.002,1.6,13.26,-0.01,,,
141.2,REGROUND,11.39,0.1,-9.58,35.81,-0.01,0,0,,,,-0.001,-0.002,1.0,13.26,-0.01,,,
141.25,REGROUND,11.39,0.1,-9.58,35.83,-0.01,0,0,,,,-0.001,-0.002,1.4,13.26,-0.01,,,
141.3,REGROUND,11.39,0.1,-9.58,35.84,-0.01,0,0,,,,-0.001,-0.002,0.9,13.26,-0.01,,,
141.35,REGROUND,11.39,0.1,-9.58,35.85,-0.01,0,0,,,,-0.0,-0.002,1.6,13.26,-0.01,,,
141.4,REGROUND,11.39,0.1,-9.58,35.86,-0.01,0,0,,,,-0.0,-0.002,1.0,13.26,-0.01,,,
141.45,REGROUND,11.39,0.1,-9.58,35.88,-0.01,0,0,,,,-0.0,-0.002,1.5,13.26,-0.01,,,
141.5,REGROUND,11.39,0.1,-9.58,35.89,-0.01,0,0,,,,-0.0,-0.002,1.0,13.26,-0.01,,,
141.55,REGROUND,11.39,0.1,-9.58,35.9,-0.01,0,0,,,,0.0,-0.002,1.6,13.26,-0.01,,,
141.6,REGROUND,11.39,0.1,-9.58,35.92,-0.01,0,0,,,,0.0,-0.002,1.0,13.26,-0.01,,,
141.65,REGROUND,11.39,0.1,-9.58,35.93,-0.01,0,0,,,,0.0,-0.002,1.7,13.26,-0.01,,,
141.7,REGROUND,11.39,0.1,-9.58,35.94,-0.01,0,0,,,,0.0,-0.002,1.1,13.26,-0.01,,,
141.75,REGROUND,11.39,0.09,-9.58,35.95,-0.01,0,0,,,,0.0,-0.002,4.4,13.26,-0.01,,,
141.8,REGROUND,11.39,0.09,-9.58,35.97,-0.01,0,0,,,,0.0,-0.002,1.3,13.26,-0.01,,,
141.85,REGROUND,11.39,0.09,-9.58,35.98,-0.01,0,0,,,,0.0,-0.002,1.8,13.26,-0.01,,,
141.9,REGROUND,11.39,0.09,-9.58,35.99,-0.01,0,0,,,,0.001,-0.002,0.8,13.26,-0.01,,,
141.95,REGROUND,11.39,0.09,-9.58,36.0,-0.01,0,0,,,,0.001,-0.002,1.7,13.26,-0.01,,,
142.0,REGROUND,11.39,0.09,-9.58,36.02,-0.01,0,0,,,,0.001,-0.002,1.0,13.26,-0.01,,,
142.05,REGROUND,11.39,0.09,-9.58,36.03,-0.01,0,0,,,,0.001,-0.002,1.6,13.26,-0.01,,,
142.1,REGROUND,11.39,0.09,-9.58,36.04,-0.01,0,0,,,,0.001,-0.002,1.0,13.26,-0.01,,,
142.15,REGROUND,11.39,0.09,-9.58,36.05,-0.01,0,0,,,,0.001,-0.001,1.5,13.26,-0.01,,,
142.2,REGROUND,11.39,0.09,-9.58,36.07,-0.01,0,0,,,,0.001,-0.001,1.0,13.26,-0.01,,,
142.25,REGROUND,11.39,0.09,-9.58,36.08,-0.01,0,0,,,,0.001,-0.001,1.7,13.26,-0.01,,,
142.3,REGROUND,11.39,0.09,-9.58,36.09,-0.01,0,0,,,,0.001,-0.001,1.1,13.26,-0.01,,,
142.35,REGROUND,11.39,0.09,-9.58,36.1,-0.01,0,0,,,,0.001,-0.001,1.7,13.26,-0.01,,,
142.4,REGROUND,11.39,0.09,-9.58,36.12,-0.01,0,0,,,,0.001,-0.001,1.0,13.26,-0.01,,,
142.45,REGROUND,11.39,0.09,-9.58,36.13,-0.01,0,0,,,,0.001,-0.001,1.7,13.26,-0.01,,,
142.5,REGROUND,11.39,0.09,-9.58,36.14,-0.01,0,0,,,,0.001,-0.001,1.0,13.26,-0.01,,,
142.55,REGROUND,11.39,0.09,-9.58,36.15,-0.01,0,0,,,,0.001,-0.001,1.7,13.26,-0.01,,,
142.6,REGROUND,11.39,0.09,-9.58,36.17,-0.01,0,0,,,,0.001,-0.001,1.0,13.26,-0.01,,,
142.65,REGROUND,11.39,0.09,-9.58,36.18,-0.01,0,0,,,,0.001,-0.001,1.6,13.26,-0.01,,,
142.7,REGROUND,11.39,0.09,-9.58,36.19,-0.01,0,0,,,,0.001,-0.001,1.0,13.26,-0.01,,,
142.75,REGROUND,11.39,0.09,-9.58,36.2,-0.01,0,0,,,,0.001,-0.001,1.6,13.26,-0.01,,,
142.8,REGROUND,11.39,0.09,-9.58,36.22,-0.01,0,0,,,,0.001,-0.001,1.0,13.26,-0.01,,,
142.85,REGROUND,11.39,0.09,-9.58,36.23,-0.01,0,0,,,,0.001,-0.001,1.6,13.26,-0.01,,,
142.9,REGROUND,11.39,0.09,-9.58,36.24,-0.01,0,0,,,,0.001,-0.001,1.0,13.26,-0.01,,,
142.95,REGROUND,11.39,0.09,-9.58,36.25,-0.01,0,0,,,,0.001,-0.0,1.4,13.26,-0.01,,,
143.0,REGROUND,11.39,0.09,-9.58,36.27,-0.01,0,0,,,,0.001,-0.0,1.0,13.26,-0.01,,,
143.05,REGROUND,11.39,0.09,-9.58,36.28,-0.01,0,0,,,,0.001,-0.0,1.7,13.26,-0.01,,,
143.1,REGROUND,11.39,0.09,-9.58,36.29,-0.01,0,0,,,,0.001,-0.0,1.1,13.26,-0.01,,,
143.15,REGROUND,11.39,0.09,-9.58,36.3,-0.01,0,0,,,,0.001,0.0,1.7,13.26,-0.01,,,
143.2,REGROUND,11.39,0.09,-9.58,36.32,-0.01,0,0,,,,0.001,-0.0,1.0,13.26,-0.01,,,
143.25,REGROUND,11.39,0.09,-9.58,36.33,-0.01,0,0,,,,0.001,0.0,1.4,13.26,-0.01,,,
143.3,REGROUND,11.39,0.09,-9.58,36.34,-0.01,0,0,,,,0.001,0.0,1.0,13.26,-0.01,,,
143.35,REGROUND,11.39,0.09,-9.58,36.35,-0.01,0,0,,,,0.001,0.0,1.6,13.26,-0.01,,,
143.4,REGROUND,11.39,0.09,-9.58,36.37,-0.01,0,0,,,,0.001,0.0,1.0,13.26,-0.01,,,
143.45,REGROUND,11.39,0.09,-9.58,36.38,-0.01,0,0,,,,0.001,0.0,1.6,13.26,-0.01,,,
143.5,REGROUND,11.39,0.09,-9.58,36.39,-0.01,0,0,,,,0.001,0.0,1.0,13.26,-0.01,,,
143.55,REGROUND,11.39,0.09,-9.58,36.4,-0.01,0,0,,,,0.001,0.0,1.5,13.26,-0.01,,,
143.6,REGROUND,11.39,0.09,-9.58,36.42,-0.01,0,0,,,,0.001,0.0,1.0,13.26,-0.01,,,
143.65,REGROUND,11.39,0.09,-9.58,36.43,-0.01,0,0,,,,0.001,0.0,1.6,13.26,-0.01,,,
143.7,REGROUND,11.39,0.09,-9.58,36.44,-0.01,0,0,,,,0.001,0.0,1.0,13.26,-0.01,,,
143.76,REGROUND,11.39,0.09,-9.58,36.45,-0.01,0,0,,,,0.001,0.0,1.5,13.26,-0.01,,,
143.81,REGROUND,11.39,0.09,-9.58,36.47,-0.01,0,0,,,,0.001,0.0,1.1,13.26,-0.01,,,
143.86,REGROUND,11.39,0.09,-9.58,36.48,-0.01,0,0,,,,0.002,0.0,1.6,13.26,-0.01,,,
143.91,REGROUND,11.39,0.09,-9.58,36.49,-0.01,0,0,,,,0.002,0.0,1.0,13.26,-0.01,,,
143.96,REGROUND,11.39,0.09,-9.58,36.5,-0.01,0,0,,,,0.002,0.0,1.7,13.26,-0.01,,,
144.01,REGROUND,11.39,0.09,-9.58,36.52,-0.01,0,0,,,,0.002,0.0,1.0,13.26,-0.01,,,
144.06,REGROUND,11.39,0.09,-9.58,36.53,-0.01,0,0,,,,0.003,0.0,1.6,13.26,-0.01,,,
144.11,REGROUND,11.39,0.09,-9.58,36.54,-0.01,0,0,,,,0.003,0.0,1.0,13.26,-0.01,,,
144.16,REGROUND,11.39,0.09,-9.58,36.55,-0.01,0,0,,,,0.003,0.0,4.2,13.26,-0.01,,,
144.21,REGROUND,11.39,0.09,-9.58,36.57,-0.01,0,0,,,,0.003,0.0,1.0,13.26,-0.01,,,
144.26,REGROUND,11.39,0.09,-9.58,36.58,-0.01,0,0,,,,0.004,-0.0,1.4,13.26,-0.01,,,
144.31,REGROUND,11.39,0.09,-9.58,36.59,-0.01,0,0,,,,0.004,-0.0,1.0,13.26,-0.01,,,
144.36,REGROUND,11.39,0.09,-9.58,36.6,-0.01,0,0,,,,0.004,-0.0,1.5,13.26,-0.01,,,
144.41,REGROUND,11.39,0.09,-9.58,36.62,-0.01,0,0,,,,0.004,-0.0,1.0,13.26,-0.01,,,
144.46,REGROUND,11.39,0.09,-9.58,36.63,-0.01,0,0,,,,0.004,-0.0,1.6,13.26,-0.01,,,
144.51,REGROUND,11.39,0.09,-9.58,36.64,-0.01,0,0,,,,0.005,-0.0,1.2,13.26,-0.01,,,
144.56,REGROUND,11.39,0.09,-9.58,36.65,-0.01,0,0,,,,0.005,-0.0,1.7,13.26,-0.01,,,
144.61,REGROUND,11.39,0.09,-9.58,36.67,-0.01,0,0,,,,0.005,-0.0,1.0,13.26,-0.01,,,
144.66,REGROUND,11.38,0.09,-9.58,36.68,-0.01,0,0,,,,0.005,-0.0,1.7,13.26,-0.01,,,
144.71,REGROUND,11.38,0.09,-9.58,36.69,-0.01,0,0,,,,0.005,-0.001,1.0,13.26,-0.01,,,
144.76,REGROUND,11.38,0.09,-9.58,36.7,-0.01,0,0,,,,0.005,-0.0,1.6,13.26,-0.01,,,
144.81,REGROUND,11.38,0.09,-9.58,36.72,-0.01,0,0,,,,0.005,-0.0,0.9,13.26,-0.01,,,
144.86,REGROUND,11.38,0.09,-9.58,36.73,-0.01,0,0,,,,0.005,-0.001,1.6,13.26,-0.01,,,
144.91,REGROUND,11.38,0.09,-9.58,36.74,-0.01,0,0,,,,0.005,-0.001,1.0,13.26,-0.01,,,
144.96,REGROUND,11.38,0.09,-9.58,36.75,-0.01,0,0,,,,0.005,-0.001,1.6,13.26,-0.01,,,
145.01,REGROUND,11.38,0.09,-9.58,36.77,-0.01,0,0,,,,0.005,-0.001,1.0,13.26,-0.01,,,
145.06,REGROUND,11.38,0.09,-9.58,36.78,-0.01,0,0,,,,0.005,-0.001,1.5,13.26,-0.01,,,
145.11,REGROUND,11.38,0.09,-9.58,36.79,-0.01,0,0,,,,0.005,-0.001,1.0,13.26,-0.01,,,
145.16,REGROUND,11.39,0.09,-9.58,36.8,-0.01,0,0,,,,0.005,-0.001,1.7,13.26,-0.01,,,
145.21,REGROUND,11.39,0.09,-9.58,36.82,-0.01,0,0,,,,0.005,-0.001,1.0,13.26,-0.01,,,
145.26,REGROUND,11.39,0.09,-9.58,36.83,-0.01,0,0,,,,0.005,-0.001,1.6,13.26,-0.01,,,
145.31,REGROUND,11.39,0.09,-9.58,36.84,-0.01,0,0,,,,0.005,-0.001,0.8,13.26,-0.01,,,
145.36,REGROUND,11.39,0.09,-9.58,36.85,-0.01,0,0,,,,0.005,-0.001,1.7,13.26,-0.01,,,
145.41,REGROUND,11.39,0.09,-9.58,36.87,-0.01,0,0,,,,0.005,-0.001,1.0,13.26,-0.01,,,
145.46,REGROUND,11.39,0.09,-9.58,36.88,-0.01,0,0,,,,0.005,-0.001,1.6,13.26,-0.01,,,
145.51,REGROUND,11.39,0.09,-9.58,36.89,-0.01,0,0,,,,0.005,-0.001,0.9,13.26,-0.01,,,
145.56,REGROUND,11.39,0.09,-9.58,36.9,-0.01,0,0,,,,0.004,-0.001,1.6,13.26,-0.01,,,
145.61,REGROUND,11.39,0.09,-9.58,36.92,-0.01,0,0,,,,0.005,-0.001,1.0,13.26,-0.01,,,
145.66,REGROUND,11.39,0.09,-9.58,36.93,-0.01,0,0,,,,0.004,-0.001,1.6,13.26,-0.01,,,
145.71,REGROUND,11.39,0.09,-9.58,36.94,-0.01,0,0,,,,0.004,-0.001,1.0,13.26,-0.01,,,
145.76,REGROUND,11.39,0.09,-9.58,36.95,-0.01,0,0,,,,0.004,-0.001,1.5,13.26,-0.01,,,
145.81,REGROUND,11.39,0.09,-9.58,36.97,-0.01,0,0,,,,0.004,-0.001,1.0,13.26,-0.01,,,
145.86,REGROUND,11.39,0.09,-9.58,36.98,-0.01,0,0,,,,0.004,-0.001,1.7,13.26,-0.01,,,
145.91,REGROUND,11.39,0.09,-9.58,36.99,-0.01,0,0,,,,0.004,-0.001,1.0,13.26,-0.01,,,
145.96,REGROUND,11.39,0.09,-9.58,37.0,-0.01,0,0,,,,0.004,-0.001,1.7,13.26,-0.01,,,
146.01,REGROUND,11.39,0.09,-9.58,37.02,-0.01,0,0,,,,0.004,-0.001,1.0,13.26,-0.01,,,
146.06,REGROUND,11.39,0.09,-9.58,37.03,-0.01,0,0,,,,0.003,-0.001,1.7,13.26,-0.01,,,
146.11,REGROUND,11.39,0.09,-9.58,37.04,-0.01,0,0,,,,0.003,-0.001,1.1,13.26,-0.01,,,
146.16,REGROUND,11.39,0.09,-9.58,37.05,-0.01,0,0,,,,0.003,-0.001,1.6,13.26,-0.01,,,
146.21,REGROUND,11.39,0.09,-9.58,37.07,-0.01,0,0,,,,0.003,-0.001,1.0,13.26,-0.01,,,
146.26,REGROUND,11.39,0.09,-9.58,37.08,-0.01,0,0,,,,0.003,-0.001,1.7,13.26,-0.01,,,
146.31,REGROUND,11.39,0.09,-9.58,37.09,-0.01,0,0,,,,0.003,-0.001,1.0,13.26,-0.01,,,
146.36,REGROUND,11.39,0.09,-9.58,37.1,-0.01,0,0,,,,0.003,-0.001,1.6,13.26,-0.01,,,
146.41,REGROUND,11.39,0.09,-9.58,37.12,-0.01,0,0,,,,0.003,-0.001,1.0,13.26,-0.01,,,
146.46,REGROUND,11.39,0.09,-9.58,37.13,-0.01,0,0,,,,0.003,-0.001,1.5,13.26,-0.01,,,
146.51,REGROUND,11.39,0.09,-9.58,37.14,-0.01,0,0,,,,0.003,-0.001,0.9,13.26,-0.01,,,
146.56,REGROUND,11.39,0.09,-9.58,37.15,-0.01,0,0,,,,0.002,-0.001,4.2,13.26,-0.01,,,
146.61,REGROUND,11.39,0.09,-9.58,37.17,-0.01,0,0,,,,0.002,-0.001,1.0,13.26,-0.01,,,
146.66,REGROUND,11.39,0.09,-9.58,37.18,-0.01,0,0,,,,0.002,-0.001,1.7,13.26,-0.01,,,
146.71,REGROUND,11.39,0.09,-9.58,37.19,-0.01,0,0,,,,0.002,-0.001,1.0,13.26,-0.01,,,
146.76,REGROUND,11.39,0.09,-9.58,37.2,-0.01,0,0,,,,0.001,-0.001,1.6,13.26,-0.01,,,
146.81,REGROUND,11.39,0.09,-9.58,37.22,-0.01,0,0,,,,0.001,-0.001,1.1,13.26,-0.01,,,
146.86,REGROUND,11.4,0.09,-9.58,37.23,-0.01,0,0,,,,0.001,-0.001,1.6,13.26,-0.01,,,
146.91,REGROUND,11.4,0.09,-9.58,37.24,-0.01,0,0,,,,0.001,-0.001,1.0,13.26,-0.01,,,
146.96,REGROUND,11.4,0.09,-9.58,37.25,-0.01,0,0,,,,0.0,-0.001,1.6,13.26,-0.01,,,
147.01,REGROUND,11.4,0.09,-9.58,37.27,-0.01,0,0,,,,0.0,-0.001,1.0,13.26,-0.01,,,
147.06,REGROUND,11.4,0.09,-9.58,37.28,-0.01,0,0,,,,-0.0,-0.001,1.6,13.26,-0.01,,,
147.11,REGROUND,11.4,0.09,-9.58,37.29,-0.01,0,0,,,,-0.0,-0.001,0.9,13.26,-0.01,,,
147.16,REGROUND,11.4,0.09,-9.58,37.3,-0.01,0,0,,,,-0.001,-0.001,1.5,13.26,-0.01,,,
147.21,REGROUND,11.4,0.09,-9.58,37.32,-0.01,0,0,,,,-0.001,-0.001,1.0,13.26,-0.01,,,
147.26,REGROUND,11.4,0.09,-9.58,37.33,-0.01,0,0,,,,-0.001,-0.001,1.5,13.26,-0.01,,,
147.31,REGROUND,11.4,0.09,-9.58,37.34,-0.01,0,0,,,,-0.001,-0.002,1.1,13.26,-0.01,,,
147.36,REGROUND,11.4,0.09,-9.58,37.35,-0.01,0,0,,,,-0.001,-0.001,1.6,13.26,-0.01,,,
147.41,REGROUND,11.4,0.09,-9.58,37.37,-0.01,0,0,,,,-0.001,-0.001,1.0,13.26,-0.01,,,
147.46,REGROUND,11.4,0.09,-9.58,37.38,-0.01,0,0,,,,-0.001,-0.002,1.7,13.26,-0.01,,,
147.51,REGROUND,11.4,0.09,-9.58,37.39,-0.01,0,0,,,,-0.001,-0.002,1.0,13.26,-0.01,,,
147.56,REGROUND,11.4,0.09,-9.58,37.4,-0.01,0,0,,,,-0.002,-0.002,1.7,13.26,-0.01,,,
147.61,REGROUND,11.4,0.09,-9.58,37.42,-0.01,0,0,,,,-0.002,-0.002,1.0,13.26,-0.01,,,
147.66,REGROUND,11.4,0.09,-9.58,37.43,-0.01,0,0,,,,-0.002,-0.002,1.6,13.26,-0.01,,,
147.71,REGROUND,11.4,0.09,-9.58,37.44,-0.01,0,0,,,,-0.002,-0.002,0.9,13.26,-0.01,,,
147.76,REGROUND,11.4,0.09,-9.58,37.45,-0.01,0,0,,,,-0.002,-0.002,1.6,13.26,-0.01,,,
147.81,REGROUND,11.4,0.09,-9.58,37.47,-0.01,0,0,,,,-0.002,-0.002,1.0,13.26,-0.01,,,
147.86,REGROUND,11.4,0.09,-9.58,37.48,-0.01,0,0,,,,-0.002,-0.002,1.6,13.26,-0.01,,,
147.91,REGROUND,11.4,0.09,-9.58,37.49,-0.01,0,0,,,,-0.002,-0.002,1.0,13.26,-0.01,,,
147.96,REGROUND,11.4,0.09,-9.58,37.5,-0.01,0,0,,,,-0.002,-0.002,1.5,13.26,-0.01,,,
148.01,REGROUND,11.4,0.09,-9.58,37.52,-0.01,0,0,,,,-0.002,-0.002,0.9,13.26,-0.01,,,
148.06,REGROUND,11.4,0.09,-9.58,37.53,-0.01,0,0,,,,-0.002,-0.002,1.7,13.26,-0.01,,,
148.11,REGROUND,11.4,0.09,-9.58,37.54,-0.01,0,0,,,,-0.002,-0.002,1.1,13.26,-0.01,,,
148.16,REGROUND,11.4,0.09,-9.58,37.55,-0.01,0,0,,,,-0.001,-0.002,1.7,13.26,-0.01,,,
148.21,REGROUND,11.4,0.09,-9.58,37.57,-0.01,0,0,,,,-0.001,-0.002,1.0,13.26,-0.01,,,
148.26,REGROUND,11.4,0.09,-9.58,37.58,-0.01,0,0,,,,-0.001,-0.002,1.6,13.26,-0.01,,,
148.31,REGROUND,11.4,0.09,-9.58,37.59,-0.01,0,0,,,,-0.001,-0.002,1.0,13.26,-0.01,,,
148.36,REGROUND,11.4,0.09,-9.58,37.6,-0.01,0,0,,,,-0.001,-0.001,1.6,13.26,-0.01,,,
148.41,REGROUND,11.4,0.09,-9.58,37.62,-0.01,0,0,,,,-0.001,-0.001,1.0,13.26,-0.01,,,
148.46,REGROUND,11.4,0.09,-9.58,37.63,-0.01,0,0,,,,-0.001,-0.001,1.6,13.26,-0.01,,,
148.51,REGROUND,11.4,0.09,-9.58,37.64,-0.01,0,0,,,,-0.001,-0.001,0.9,13.26,-0.01,,,
148.56,REGROUND,11.4,0.09,-9.58,37.65,-0.01,0,0,,,,-0.001,-0.001,1.5,13.26,-0.01,,,
148.61,REGROUND,11.4,0.09,-9.58,37.67,-0.01,0,0,,,,-0.001,-0.001,1.0,13.26,-0.01,,,
148.66,REGROUND,11.4,0.09,-9.58,37.68,-0.01,0,0,,,,-0.0,-0.001,1.5,13.26,-0.01,,,
148.71,REGROUND,11.4,0.09,-9.58,37.69,-0.01,0,0,,,,-0.0,-0.001,1.1,13.26,-0.01,,,
148.76,REGROUND,11.4,0.08,-9.58,37.71,-0.01,0,0,,,,-0.0,-0.0,1.7,13.26,-0.01,,,
148.81,REGROUND,11.4,0.08,-9.58,37.72,-0.01,0,0,,,,-0.0,-0.0,1.0,13.26,-0.01,,,
148.86,REGROUND,11.4,0.08,-9.58,37.73,-0.01,0,0,,,,0.0,-0.0,1.7,13.26,-0.01,,,
148.91,REGROUND,11.4,0.08,-9.58,37.74,-0.01,0,0,,,,0.0,-0.0,1.1,13.26,-0.01,,,
148.96,REGROUND,11.4,0.08,-9.58,37.76,-0.01,0,0,,,,0.0,-0.0,4.3,13.26,-0.01,,,
149.01,REGROUND,11.4,0.08,-9.58,37.77,-0.01,0,0,,,,0.0,-0.0,1.0,13.26,-0.01,,,
149.06,REGROUND,11.4,0.08,-9.58,37.78,-0.01,0,0,,,,0.0,-0.0,1.6,13.26,-0.01,,,
149.11,REGROUND,11.4,0.08,-9.58,37.79,-0.01,0,0,,,,0.0,-0.0,1.0,13.26,-0.01,,,
149.16,REGROUND,11.4,0.08,-9.58,37.81,-0.01,0,0,,,,0.0,-0.0,1.6,13.26,-0.01,,,
149.21,REGROUND,11.4,0.08,-9.58,37.82,-0.01,0,0,,,,0.0,-0.0,1.0,13.26,-0.01,,,
149.26,REGROUND,11.4,0.08,-9.58,37.83,-0.01,0,0,,,,0.001,-0.0,1.5,13.26,-0.01,,,
149.31,REGROUND,11.4,0.08,-9.58,37.84,-0.01,0,0,,,,0.001,-0.0,1.1,13.26,-0.01,,,
149.36,REGROUND,11.4,0.08,-9.58,37.86,-0.01,0,0,,,,0.001,0.0,1.7,13.26,-0.01,,,
149.41,REGROUND,11.4,0.08,-9.58,37.87,-0.01,0,0,,,,0.001,0.0,1.1,13.26,-0.01,,,
149.46,REGROUND,11.4,0.08,-9.58,37.88,-0.01,0,0,,,,0.001,-0.0,1.7,13.26,-0.01,,,
149.51,REGROUND,11.4,0.08,-9.58,37.89,-0.01,0,0,,,,0.001,-0.0,1.0,13.26,-0.01,,,
149.56,REGROUND,11.4,0.08,-9.58,37.91,-0.01,0,0,,,,0.001,-0.0,1.6,13.26,-0.01,,,
149.61,REGROUND,11.4,0.08,-9.58,37.92,-0.01,0,0,,,,0.001,-0.0,1.0,13.26,-0.01,,,
149.66,REGROUND,11.4,0.08,-9.58,37.93,-0.01,0,0,,,,0.001,-0.0,1.6,13.26,-0.01,,,
149.71,REGROUND,11.4,0.08,-9.58,37.94,-0.01,0,0,,,,0.001,-0.0,1.0,13.26,-0.01,,,
149.76,REGROUND,11.4,0.08,-9.58,37.96,-0.01,0,0,,,,0.001,-0.0,1.6,13.26,-0.01,,,
149.81,REGROUND,11.4,0.08,-9.58,37.97,-0.01,0,0,,,,0.001,-0.0,1.0,13.26,-0.01,,,
149.86,REGROUND,11.4,0.08,-9.58,37.98,-0.01,0,0,,,,0.001,-0.0,1.5,13.26,-0.01,,,
149.91,REGROUND,11.4,0.08,-9.58,37.99,-0.01,0,0,,,,0.001,-0.0,1.0,13.26,-0.01,,,
149.96,REGROUND,11.4,0.08,-9.58,38.01,-0.01,0,0,,,,0.001,-0.0,1.5,13.26,-0.01,,,
