{
  "backend": "hf",
  "n": 439,
  "parse_rate": 0.9931662870159453,
  "iou_gate_pass_rate": 0.0,
  "mean_iou": 0.0009311977038058295,
  "center_std": 17.974992836657684
}
