t_s,state,copter_n,copter_e,copter_d,rover_n,rover_e,in_fov,occluded,bbox_cx,bbox_cy,px_err,vx_cmd,vy_cmd,loop_ms,dist_n,dist_e,d_true_px,d_dist_px,carry_score
0.0,ACQUIRE,0.01,-0.01,-8.81,0.51,-0.01,1,0,,,,0.0,0.0,4.9,13.26,-0.01,,,
0.05,ACQUIRE,0.01,-0.01,-8.92,0.53,-0.01,1,0,,,,0.0,0.0,1.7,13.26,-0.01,,,
0.1,ACQUIRE,0.01,-0.01,-8.92,0.54,-0.01,1,0,,,,0.0,0.0,0.9,13.26,-0.01,,,
0.15,ACQUIRE,0.01,-0.01,-9.03,0.55,-0.01,1,0,,,,0.0,0.0,1.4,13.26,-0.01,,,
0.2,ACQUIRE,0.01,-0.01,-9.03,0.56,-0.01,1,0,,,,0.0,0.0,1.0,13.26,-0.01,,,
0.25,ACQUIRE,0.01,-0.01,-9.13,0.58,-0.01,1,0,,,,0.0,0.0,1.6,13.26,-0.01,,,
0.3,ACQUIRE,0.01,-0.01,-9.13,0.59,-0.01,1,0,,,,0.0,0.0,1.0,13.26,-0.01,,,
0.35,ACQUIRE,0.01,-0.01,-9.22,0.6,-0.01,1,0,,,,0.65,0.1,2.8,13.26,-0.01,,,
0.4,ACQUIRE,0.01,-0.01,-9.22,0.61,-0.01,1,0,,,,0.66,0.08,1.8,13.26,-0.01,,,
0.45,ACQUIRE,0.01,-0.01,-9.3,0.63,-0.01,1,0,,,,0.66,0.08,2.5,13.26,-0.01,,,
0.5,ACQUIRE,0.01,-0.01,-9.3,0.64,-0.01,1,0,,,,0.67,0.08,2.1,13.26,-0.01,,,
0.55,ACQUIRE,0.01,-0.01,-9.37,0.65,-0.01,1,0,,,,0.67,0.08,2.6,13.26,-0.01,,,
0.6,ACQUIRE,0.01,-0.01,-9.37,0.66,-0.01,1,0,,,,0.68,0.08,2.0,13.26,-0.01,,,
0.65,ACQUIRE,0.01,-0.01,-9.44,0.68,-0.01,1,0,,,,0.67,0.08,2.5,13.26,-0.01,,,
0.7,ACQUIRE,0.01,-0.01,-9.44,0.69,-0.01,1,0,,,,0.68,0.08,1.9,13.26,-0.01,,,
0.75,ACQUIRE,0.03,-0.01,-9.49,0.7,-0.01,1,0,,,,0.67,0.07,2.3,13.26,-0.01,,,
0.8,ACQUIRE,0.03,-0.01,-9.49,0.71,-0.01,1,0,,,,0.68,0.07,2.1,13.26,-0.01,,,
0.85,ACQUIRE,0.05,-0.01,-9.53,0.73,-0.01,1,0,,,,0.73,0.05,2.6,13.26,-0.01,,,
0.9,ACQUIRE,0.05,-0.01,-9.53,0.74,-0.01,1,0,,,,0.74,0.08,1.9,13.26,-0.01,,,
0.95,ACQUIRE,0.08,-0.01,-9.55,0.75,-0.01,1,0,,,,0.71,0.09,2.6,13.26,-0.01,,,
1.0,ACQUIRE,0.08,-0.01,-9.55,0.76,-0.01,1,0,,,,0.72,0.09,1.9,13.26,-0.01,,,
1.05,ACQUIRE,0.11,-0.01,-9.57,0.78,-0.01,1,0,,,,0.68,0.08,2.6,13.26,-0.01,,,
1.1,ACQUIRE,0.11,-0.01,-9.57,0.79,-0.01,1,0,,,,0.69,0.08,1.8,13.26,-0.01,,,
1.15,ACQUIRE,0.16,-0.01,-9.58,0.8,-0.01,1,0,,,,0.64,0.07,2.5,13.26,-0.01,,,
1.2,ACQUIRE,0.16,-0.01,-9.58,0.81,-0.01,1,0,,,,0.65,0.07,1.8,13.26,-0.01,,,
1.25,ACQUIRE,0.21,-0.01,-9.58,0.83,-0.01,1,0,,,,0.6,0.07,2.6,13.26,-0.01,,,
1.3,ACQUIRE,0.21,-0.01,-9.58,0.84,-0.01,1,0,,,,0.61,0.07,1.9,13.26,-0.01,,,
1.35,ACQUIRE,0.26,-0.01,-9.58,0.85,-0.01,1,0,,,,0.26,-0.12,2.4,13.26,-0.01,,,
1.4,ACQUIRE,0.26,-0.01,-9.58,0.87,-0.01,1,0,,,,0.62,0.04,1.8,13.26,-0.01,,,
1.45,ACQUIRE,0.32,-0.01,-9.58,0.88,-0.01,1,0,,,,0.57,0.07,2.4,13.26,-0.01,,,
1.5,ACQUIRE,0.32,-0.01,-9.58,0.89,-0.01,1,0,,,,0.58,0.07,1.9,13.26,-0.01,,,
1.55,ACQUIRE,0.38,-0.01,-9.57,0.9,-0.01,1,0,,,,0.52,0.07,2.5,13.26,-0.01,,,
1.6,ACQUIRE,0.38,-0.01,-9.57,0.92,-0.01,1,0,,,,0.53,0.07,1.9,13.26,-0.01,,,
1.65,ACQUIRE,0.44,-0.02,-9.56,0.93,-0.01,1,0,,,,0.46,0.05,2.6,13.26,-0.01,,,
1.7,ACQUIRE,0.44,-0.02,-9.56,0.94,-0.01,1,0,,,,0.47,0.06,1.7,13.26,-0.01,,,
1.75,ACQUIRE,0.49,-0.02,-9.56,0.95,-0.01,1,0,,,,0.41,0.05,2.6,13.26,-0.01,,,
1.8,ACQUIRE,0.49,-0.02,-9.56,0.97,-0.01,1,0,,,,0.42,0.05,1.9,13.26,-0.01,,,
1.85,ACQUIRE,0.55,-0.02,-9.55,0.98,-0.01,1,0,,,,0.43,0.09,2.5,13.26,-0.01,,,
1.9,ACQUIRE,0.55,-0.02,-9.55,0.99,-0.01,1,0,,,,0.43,0.06,1.8,13.26,-0.01,,,
1.95,ACQUIRE,0.61,-0.02,-9.55,1.0,-0.01,1,0,,,,0.38,0.06,2.5,13.26,-0.01,,,
2.0,ACQUIRE,0.61,-0.02,-9.55,1.02,-0.01,1,0,,,,0.39,0.06,1.9,13.26,-0.01,,,
2.05,ACQUIRE,0.66,-0.02,-9.54,1.03,-0.01,1,0,,,,0.33,0.05,2.5,13.26,-0.01,,,
2.1,ACQUIRE,0.66,-0.02,-9.54,1.04,-0.01,1,0,,,,0.34,0.05,1.9,13.26,-0.01,,,
2.15,ACQUIRE,0.72,-0.02,-9.54,1.05,-0.01,1,0,,,,0.29,0.04,2.4,13.26,-0.01,,,
2.2,ACQUIRE,0.72,-0.02,-9.54,1.07,-0.01,1,0,,,,0.29,0.04,1.9,13.26,-0.01,,,
2.25,ACQUIRE,0.77,-0.02,-9.54,1.08,-0.01,1,0,,,,0.24,0.03,2.4,13.26,-0.01,,,
2.3,ACQUIRE,0.77,-0.02,-9.54,1.09,-0.01,1,0,,,,0.25,0.03,1.8,13.26,-0.01,,,
2.35,ACQUIRE,0.81,-0.02,-9.53,1.1,-0.01,1,0,,,,0.27,0.07,2.6,13.26,-0.01,,,
2.4,ACQUIRE,0.81,-0.02,-9.53,1.12,-0.01,1,0,,,,0.28,0.03,5.1,13.26,-0.01,,,
2.45,ACQUIRE,0.86,-0.02,-9.53,1.13,-0.01,1,0,,,,0.24,0.02,2.4,13.26,-0.01,,,
2.5,ACQUIRE,0.86,-0.02,-9.53,1.14,-0.01,1,0,,,,0.25,0.02,1.9,13.26,-0.01,,,
2.55,ACQUIRE,0.9,-0.02,-9.53,1.15,-0.01,1,0,,,,0.21,0.02,2.6,13.26,-0.01,,,
2.6,ACQUIRE,0.9,-0.02,-9.53,1.17,-0.01,1,0,,,,0.22,0.02,1.9,13.26,-0.01,,,
2.65,ACQUIRE,0.94,-0.02,-9.53,1.18,-0.01,1,0,,,,0.17,0.02,2.5,13.26,-0.01,,,
2.7,ACQUIRE,0.94,-0.02,-9.53,1.19,-0.01,1,0,,,,0.18,0.02,1.8,13.26,-0.01,,,
2.75,ACQUIRE,0.97,-0.02,-9.54,1.2,-0.01,1,0,,,,0.15,0.02,2.4,13.26,-0.01,,,
2.8,ACQUIRE,0.97,-0.02,-9.54,1.22,-0.01,1,0,,,,0.16,0.02,1.8,13.26,-0.01,,,
2.85,ACQUIRE,1.0,-0.02,-9.54,1.23,-0.01,1,0,,,,0.2,-0.01,2.4,13.26,-0.01,,,
2.9,ACQUIRE,1.0,-0.02,-9.54,1.24,-0.01,1,0,,,,0.21,0.02,1.8,13.26,-0.01,,,
2.95,ACQUIRE,1.03,-0.02,-9.54,1.25,-0.01,1,0,,,,0.18,0.02,2.3,13.26,-0.01,,,
3.0,ACQUIRE,1.03,-0.02,-9.54,1.27,-0.01,1,0,,,,0.19,0.02,1.9,13.26,-0.01,,,
3.05,ACQUIRE,1.06,-0.02,-9.54,1.28,-0.01,1,0,,,,0.17,0.01,2.5,13.26,-0.01,,,
3.1,ACQUIRE,1.06,-0.02,-9.54,1.29,-0.01,1,0,,,,0.18,0.02,1.9,13.26,-0.01,,,
3.15,ACQUIRE,1.09,-0.02,-9.54,1.3,-0.01,1,0,,,,0.15,0.02,2.6,13.26,-0.01,,,
3.2,ACQUIRE,1.09,-0.02,-9.54,1.32,-0.01,1,0,,,,0.16,0.02,1.9,13.26,-0.01,,,
3.25,ACQUIRE,1.11,-0.02,-9.55,1.33,-0.01,1,0,,,,0.13,0.02,2.6,13.26,-0.01,,,
3.3,ACQUIRE,1.11,-0.02,-9.55,1.34,-0.01,1,0,,,,0.14,0.02,1.8,13.26,-0.01,,,
3.35,ACQUIRE,1.14,-0.02,-9.55,1.35,-0.01,1,0,,,,0.19,0.03,2.5,13.26,-0.01,,,
3.4,ACQUIRE,1.14,-0.02,-9.55,1.37,-0.01,1,0,,,,0.2,0.03,1.7,13.26,-0.01,,,
3.45,ACQUIRE,1.16,-0.02,-9.55,1.38,-0.01,1,0,,,,0.18,0.03,2.4,13.26,-0.01,,,
3.5,ACQUIRE,1.16,-0.02,-9.55,1.39,-0.01,1,0,,,,0.19,0.03,1.9,13.26,-0.01,,,
3.56,ACQUIRE,1.18,-0.03,-9.55,1.4,-0.01,1,0,,,,0.17,0.03,2.4,13.26,-0.01,,,
3.61,ACQUIRE,1.18,-0.03,-9.55,1.42,-0.01,1,0,,,,0.18,0.03,1.9,13.26,-0.01,,,
3.66,ACQUIRE,1.2,-0.03,-9.55,1.43,-0.01,1,0,,,,0.16,0.03,3.0,13.26,-0.01,,,
3.71,ACQUIRE,1.2,-0.03,-9.55,1.44,-0.01,1,0,,,,0.17,0.03,2.0,13.26,-0.01,,,
3.76,ACQUIRE,1.22,-0.03,-9.55,1.45,-0.01,1,0,,,,0.16,0.03,2.8,13.26,-0.01,,,
3.81,ACQUIRE,1.22,-0.03,-9.55,1.47,-0.01,1,0,,,,0.16,0.03,1.9,13.26,-0.01,,,
3.86,ACQUIRE,1.24,-0.03,-9.56,1.48,-0.01,1,0,,,,0.22,0.04,2.5,13.26,-0.01,,,
3.91,ACQUIRE,1.24,-0.03,-9.56,1.49,-0.01,1,0,,,,0.23,0.04,1.9,13.26,-0.01,,,
3.96,ACQUIRE,1.26,-0.03,-9.56,1.5,-0.01,1,0,,,,0.2,0.04,2.6,13.26,-0.01,,,
4.01,ACQUIRE,1.26,-0.03,-9.56,1.52,-0.01,1,0,,,,0.21,0.04,1.9,13.26,-0.01,,,
4.06,ACQUIRE,1.28,-0.03,-9.56,1.53,-0.01,1,0,,,,0.2,0.04,2.6,13.26,-0.01,,,
4.11,ACQUIRE,1.28,-0.03,-9.56,1.54,-0.01,1,0,,,,0.2,0.04,2.4,13.26,-0.01,,,
4.16,ACQUIRE,1.3,-0.03,-9.56,1.55,-0.01,1,0,,,,0.19,0.04,2.6,13.26,-0.01,,,
4.21,ACQUIRE,1.3,-0.03,-9.56,1.57,-0.01,1,0,,,,0.2,0.04,1.8,13.26,-0.01,,,
4.26,ACQUIRE,1.32,-0.03,-9.56,1.58,-0.01,1,0,,,,0.19,0.04,3.0,13.26,-0.01,,,
4.31,ACQUIRE,1.32,-0.03,-9.56,1.59,-0.01,1,0,,,,0.2,0.04,2.0,13.26,-0.01,,,
4.36,ACQUIRE,1.34,-0.03,-9.56,1.6,-0.01,1,0,,,,0.24,0.03,2.7,13.26,-0.01,,,
4.41,ACQUIRE,1.34,-0.03,-9.56,1.62,-0.01,1,0,,,,0.25,0.04,1.8,13.26,-0.01,,,
4.46,ACQUIRE,1.36,-0.03,-9.56,1.63,-0.01,1,0,,,,0.24,0.04,2.8,13.26,-0.01,,,
4.51,ACQUIRE,1.36,-0.03,-9.56,1.64,-0.01,1,0,,,,0.24,0.04,1.9,13.26,-0.01,,,
4.56,ACQUIRE,1.38,-0.03,-9.56,1.65,-0.01,1,0,,,,0.23,0.04,2.6,13.26,-0.01,,,
4.61,ACQUIRE,1.38,-0.03,-9.56,1.67,-0.01,1,0,,,,0.24,0.04,1.9,13.26,-0.01,,,
4.66,ACQUIRE,1.4,-0.03,-9.56,1.68,-0.01,1,0,,,,0.22,0.04,3.0,13.26,-0.01,,,
4.71,CARRY,1.4,-0.03,-9.56,1.69,-0.01,1,0,,,,-0.671,0.04,605.1,13.26,-0.01,,,
5.31,CARRY,1.54,-0.03,-9.57,1.84,-0.01,1,0,322.0,223.0,17.1,0.34,0.04,55.9,13.26,-0.01,0.9,662.2,3.141
5.37,CARRY,1.56,-0.02,-9.57,1.86,-0.01,1,0,322.5,223.5,16.7,0.33,0.05,49.7,13.26,-0.01,0.5,661.3,3.25
5.42,CARRY,1.56,-0.02,-9.57,1.87,-0.01,1,0,322.0,223.0,17.1,0.34,0.04,53.7,13.26,-0.01,1.0,660.8,3.453
5.48,CARRY,1.58,-0.02,-9.57,1.88,-0.01,1,0,322.5,223.5,16.7,0.33,0.05,49.8,13.26,-0.01,0.7,660.0,3.453
5.53,CARRY,1.58,-0.02,-9.57,1.9,-0.01,1,0,322.0,222.5,17.6,0.35,0.04,54.0,13.26,-0.01,0.9,659.0,3.531
5.58,CARRY,1.61,-0.02,-9.57,1.91,-0.01,1,0,322.0,223.0,17.1,0.34,0.04,49.5,13.26,-0.01,0.8,658.2,3.578
5.63,CARRY,1.61,-0.02,-9.57,1.92,-0.01,1,0,322.5,222.5,17.7,0.35,0.05,54.8,13.26,-0.01,0.7,657.7,3.609
5.69,CARRY,1.63,-0.02,-9.57,1.94,-0.01,1,0,322.0,223.0,17.1,0.34,0.04,49.1,13.26,-0.01,1.0,656.9,3.609
5.74,CARRY,1.63,-0.02,-9.57,1.95,-0.01,1,0,322.5,222.0,18.2,0.36,0.05,55.2,13.26,-0.01,0.5,655.9,3.609
5.79,CARRY,1.65,-0.02,-9.57,1.96,-0.01,1,0,322.5,222.5,17.7,0.35,0.05,49.1,13.26,-0.01,0.4,655.0,3.656
5.84,CARRY,1.68,-0.02,-9.57,1.98,-0.01,1,0,322.5,223.5,16.7,0.33,0.05,55.6,13.26,-0.01,0.6,654.5,3.75
5.9,CARRY,1.68,-0.02,-9.57,1.99,-0.01,1,0,322.5,222.5,17.7,0.35,0.05,49.1,13.26,-0.01,0.4,653.5,4.125
5.95,CARRY,1.7,-0.02,-9.57,2.0,-0.01,1,0,322.5,223.5,16.7,0.33,0.05,54.8,13.26,-0.01,0.5,652.8,4.906
6.01,CARRY,1.7,-0.02,-9.57,2.02,-0.01,1,0,322.5,222.5,17.7,0.35,0.05,49.3,13.26,-0.01,0.3,651.8,5.25
6.06,CARRY,1.73,-0.02,-9.57,2.03,-0.01,1,0,322.5,223.5,16.7,0.33,0.05,55.5,13.26,-0.01,0.4,651.1,5.375
6.11,CARRY,1.73,-0.02,-9.57,2.04,-0.01,1,0,322.5,223.0,17.2,0.34,0.05,50.1,13.26,-0.01,0.7,650.6,5.438
6.16,CARRY,1.76,-0.02,-9.57,2.06,-0.01,1,0,322.5,224.0,16.2,0.32,0.05,54.3,13.26,-0.01,0.7,649.8,5.375
6.22,CARRY,1.76,-0.02,-9.57,2.07,-0.01,1,0,322.5,223.0,17.2,0.34,0.05,48.7,13.26,-0.01,0.5,648.8,5.438
6.27,CARRY,1.79,-0.02,-9.57,2.08,-0.01,1,0,322.5,224.0,16.2,0.32,0.05,54.8,13.26,-0.01,0.5,648.0,5.438
6.33,CARRY,1.79,-0.02,-9.57,2.1,-0.01,1,0,322.5,223.0,17.2,0.34,0.05,48.5,13.26,-0.01,0.3,647.0,5.469
6.38,CARRY,1.83,-0.02,-9.57,2.11,-0.01,1,0,322.5,224.5,15.7,0.31,0.05,54.4,13.26,-0.01,0.7,646.7,5.438
6.43,CARRY,1.83,-0.02,-9.57,2.12,-0.01,1,0,322.5,223.5,16.7,0.33,0.05,47.7,13.26,-0.01,0.5,645.7,5.469
6.48,CARRY,1.86,-0.02,-9.57,2.13,-0.01,1,0,322.5,224.5,15.7,0.31,0.05,54.4,13.26,-0.01,0.5,644.8,5.531
6.54,CARRY,1.86,-0.02,-9.57,2.15,-0.01,1,0,322.5,224.5,15.7,0.31,0.05,48.2,13.26,-0.01,1.2,644.8,5.562
6.59,CARRY,1.89,-0.02,-9.57,2.16,-0.01,1,0,322.5,225.0,15.2,0.3,0.05,54.6,13.26,-0.01,0.7,643.4,5.688
6.64,CARRY,1.92,-0.01,-9.57,2.17,-0.01,1,0,321.5,226.0,14.1,0.28,0.03,48.5,13.26,-0.01,0.6,642.7,5.562
6.69,CARRY,1.92,-0.01,-9.57,2.19,-0.01,1,0,321.5,225.0,15.1,0.3,0.03,54.0,13.26,-0.01,0.5,641.7,5.562
6.75,CARRY,1.95,-0.01,-9.57,2.2,-0.01,1,0,321.5,226.5,13.6,0.27,0.03,48.6,13.26,-0.01,0.7,641.3,5.562
6.8,CARRY,1.95,-0.01,-9.57,2.21,-0.01,1,0,321.5,225.5,14.6,0.29,0.03,53.6,13.26,-0.01,0.5,640.3,5.438
6.85,CARRY,1.99,-0.01,-9.57,2.23,-0.01,1,0,321.5,226.5,13.6,0.27,0.03,49.0,13.26,-0.01,0.4,639.4,5.5
6.9,CARRY,1.99,-0.01,-9.57,2.24,-0.01,1,0,321.5,226.0,14.1,0.28,0.03,53.3,13.26,-0.01,0.6,638.9,5.406
6.96,CARRY,2.02,-0.01,-9.57,2.25,-0.01,1,0,321.5,227.0,13.1,0.26,0.03,49.2,13.26,-0.01,0.6,638.1,5.469
7.01,CARRY,2.02,-0.01,-9.57,2.27,-0.01,1,0,321.5,226.0,14.1,0.28,0.03,53.8,13.26,-0.01,0.3,637.1,5.375
7.06,CARRY,2.05,-0.01,-9.57,2.28,-0.01,1,0,321.5,227.0,13.1,0.26,0.03,48.4,13.26,-0.01,0.3,636.3,5.281
7.11,CARRY,2.05,-0.01,-9.57,2.29,-0.01,1,0,321.5,226.5,13.6,0.27,0.03,54.1,13.26,-0.01,0.5,635.8,5.25
7.17,CARRY,2.08,-0.01,-9.57,2.31,-0.01,1,0,321.5,227.5,12.6,0.25,0.03,48.6,13.26,-0.01,0.6,635.0,5.281
7.22,CARRY,2.08,-0.01,-9.57,2.32,-0.01,1,0,321.5,227.0,13.1,0.26,0.03,53.7,13.26,-0.01,0.8,634.5,5.281
7.27,CARRY,2.11,-0.01,-9.57,2.33,-0.01,1,0,321.5,227.5,12.6,0.25,0.03,48.5,13.26,-0.01,0.4,633.3,5.281
7.32,CARRY,2.11,-0.01,-9.57,2.34,-0.01,1,0,321.5,227.0,13.1,0.26,0.03,53.6,13.26,-0.01,0.6,632.8,5.344
7.37,CARRY,2.14,-0.01,-9.57,2.36,-0.01,1,0,321.5,228.0,12.1,0.24,0.03,49.0,13.26,-0.01,0.7,632.1,5.375
7.42,CARRY,2.14,-0.01,-9.57,2.37,-0.01,1,0,321.5,227.0,13.1,0.26,0.03,53.5,13.26,-0.01,0.4,631.1,5.406
7.48,CARRY,2.17,-0.01,-9.57,2.38,-0.01,1,0,321.5,228.0,12.1,0.24,0.03,48.6,13.26,-0.01,0.6,630.4,5.406
7.53,CARRY,2.17,-0.01,-9.57,2.4,-0.01,1,0,321.5,227.0,13.1,0.26,0.03,54.4,13.26,-0.01,0.3,629.4,5.375
7.58,CARRY,2.19,-0.01,-9.57,2.41,-0.01,1,0,321.5,228.0,12.1,0.24,0.03,48.6,13.26,-0.01,0.6,628.8,5.469
7.63,CARRY,2.19,-0.01,-9.57,2.42,-0.01,1,0,321.5,227.0,13.1,0.26,0.03,53.6,13.26,-0.01,0.3,627.8,5.469
7.69,CARRY,2.22,-0.01,-9.57,2.44,-0.01,1,0,321.5,228.0,12.1,0.24,0.03,48.5,13.26,-0.01,0.6,627.3,5.531
7.74,CARRY,2.22,-0.01,-9.57,2.45,-0.01,1,0,321.5,227.0,13.1,0.26,0.03,54.7,13.26,-0.01,0.3,626.3,5.562
7.79,CARRY,2.25,-0.01,-9.57,2.46,-0.01,1,0,321.5,228.0,12.1,0.24,0.03,48.9,13.26,-0.01,0.6,625.7,5.594
7.84,CARRY,2.27,-0.01,-9.57,2.48,-0.01,1,0,321.5,229.0,11.1,0.22,0.03,54.5,13.26,-0.01,0.8,625.2,5.594
7.9,CARRY,2.27,-0.01,-9.57,2.49,-0.01,1,0,321.5,228.0,12.1,0.24,0.03,48.0,13.26,-0.01,0.6,624.2,5.625
7.95,CARRY,2.3,-0.01,-9.57,2.5,-0.01,1,0,321.0,229.0,11.0,0.22,0.02,54.4,13.26,-0.01,0.7,623.7,5.688
8.01,CARRY,2.3,-0.01,-9.57,2.52,-0.01,1,0,321.5,228.0,12.1,0.24,0.03,47.9,13.26,-0.01,0.6,622.7,5.688
8.06,CARRY,2.32,-0.01,-9.57,2.53,-0.01,1,0,320.5,229.0,11.0,0.22,0.01,54.4,13.26,-0.01,0.9,622.3,5.688
8.11,CARRY,2.32,-0.01,-9.57,2.54,-0.01,1,0,321.5,228.0,12.1,0.24,0.03,49.2,13.26,-0.01,0.7,621.2,5.781
8.16,CARRY,2.35,-0.0,-9.58,2.55,-0.01,1,0,320.5,229.0,11.0,0.22,0.01,55.2,13.26,-0.01,0.9,620.8,5.781
8.22,CARRY,2.35,-0.0,-9.58,2.57,-0.01,1,0,321.5,228.0,12.1,0.24,0.03,49.1,13.26,-0.01,0.7,619.7,5.844
8.27,CARRY,2.38,-0.0,-9.58,2.58,-0.01,1,0,320.5,228.5,11.5,0.23,0.01,55.5,13.26,-0.01,0.6,618.8,5.906
8.32,CARRY,2.38,-0.0,-9.58,2.6,-0.01,1,0,321.5,228.0,12.1,0.24,0.03,49.1,13.26,-0.01,0.9,618.2,5.938
8.37,CARRY,2.4,-0.0,-9.58,2.61,-0.01,1,0,320.5,228.5,11.5,0.23,0.01,55.5,13.26,-0.01,0.7,617.4,5.938
8.43,CARRY,2.4,-0.0,-9.58,2.62,-0.01,1,0,321.5,228.0,12.1,0.24,0.03,49.0,13.26,-0.01,0.9,616.8,5.969
8.48,CARRY,2.42,-0.0,-9.58,2.63,-0.01,1,0,321.0,228.0,12.0,0.24,0.02,55.3,13.26,-0.01,0.2,615.4,5.969
8.54,CARRY,2.42,-0.0,-9.58,2.65,-0.01,1,0,321.5,227.5,12.6,0.25,0.03,48.7,13.26,-0.01,0.6,614.9,5.969
8.59,CARRY,2.45,-0.0,-9.58,2.66,-0.01,1,0,321.0,228.0,12.0,0.24,0.02,54.5,13.26,-0.01,0.3,614.0,5.969
8.64,CARRY,2.47,-0.0,-9.58,2.68,-0.01,1,0,320.5,229.0,11.0,0.22,0.01,48.7,13.26,-0.01,0.9,613.7,5.938
8.69,CARRY,2.47,-0.0,-9.58,2.69,-0.01,1,0,321.5,228.0,12.1,0.24,0.03,53.9,13.26,-0.01,0.7,612.6,5.938
8.75,CARRY,2.5,-0.0,-9.58,2.7,-0.01,1,0,320.5,229.0,11.0,0.22,0.01,48.8,13.26,-0.01,1.0,612.3,5.938
8.8,CARRY,2.5,-0.0,-9.58,2.71,-0.01,1,0,321.5,228.0,12.1,0.24,0.03,53.8,13.26,-0.01,0.7,611.1,5.969
8.85,CARRY,2.52,-0.0,-9.58,2.73,-0.01,1,0,320.5,228.5,11.5,0.23,0.01,48.9,13.26,-0.01,0.7,610.4,5.969
8.9,CARRY,2.52,-0.0,-9.58,2.74,-0.01,1,0,321.5,228.0,12.1,0.24,0.03,53.4,13.26,-0.01,0.8,609.7,6.0
8.96,CARRY,2.54,-0.01,-9.58,2.75,-0.01,1,0,321.5,228.5,11.6,0.23,0.03,48.8,13.26,-0.01,0.8,608.8,5.938
9.01,CARRY,2.54,-0.01,-9.58,2.77,-0.01,1,0,321.5,228.0,12.1,0.24,0.03,53.8,13.26,-0.01,0.9,608.3,6.0
9.06,CARRY,2.57,-0.01,-9.58,2.78,-0.01,1,0,321.5,228.0,12.1,0.24,0.03,48.7,13.26,-0.01,0.5,607.0,5.938
9.11,CARRY,2.57,-0.01,-9.58,2.79,-0.01,1,0,321.5,227.5,12.6,0.25,0.03,54.1,13.26,-0.01,0.6,606.5,6.062
9.17,CARRY,2.59,-0.01,-9.58,2.81,-0.01,1,0,321.5,228.0,12.1,0.24,0.03,48.5,13.26,-0.01,0.6,605.6,6.0
9.22,CARRY,2.59,-0.01,-9.58,2.82,-0.01,1,0,321.5,227.5,12.6,0.25,0.03,53.7,13.26,-0.01,0.7,605.1,6.094
9.27,CARRY,2.61,-0.01,-9.58,2.83,-0.01,1,0,321.5,228.0,12.1,0.24,0.03,48.7,13.26,-0.01,0.7,604.3,6.062
9.32,CARRY,2.61,-0.01,-9.58,2.84,-0.01,1,0,321.5,227.0,13.1,0.26,0.03,53.9,13.26,-0.01,0.4,603.3,6.062
9.38,CARRY,2.64,-0.01,-9.58,2.86,-0.01,1,0,321.5,228.0,12.1,0.24,0.03,49.0,13.26,-0.01,0.8,602.9,6.094
9.43,CARRY,2.64,-0.01,-9.58,2.87,-0.01,1,0,321.5,227.0,13.1,0.26,0.03,53.7,13.26,-0.01,0.5,601.9,6.219
9.48,CARRY,2.66,-0.01,-9.58,2.88,-0.01,1,0,321.5,228.0,12.1,0.24,0.03,48.6,13.26,-0.01,0.8,601.5,6.156
9.53,CARRY,2.66,-0.01,-9.58,2.9,-0.01,1,0,321.5,227.0,13.1,0.26,0.03,54.0,13.26,-0.01,0.6,600.5,6.188
9.59,CARRY,2.69,-0.01,-9.58,2.91,-0.01,1,0,321.5,227.5,12.6,0.25,0.03,48.5,13.26,-0.01,0.5,599.6,6.156
9.64,CARRY,2.69,-0.01,-9.58,2.92,-0.01,1,0,321.5,227.0,13.1,0.26,0.03,53.7,13.26,-0.01,0.7,599.1,6.125
9.69,CARRY,2.71,-0.01,-9.58,2.94,-0.01,1,0,321.5,227.5,12.6,0.25,0.03,48.8,13.26,-0.01,0.6,598.2,6.062
9.74,CARRY,2.71,-0.01,-9.58,2.95,-0.01,1,0,321.5,227.0,13.1,0.26,0.03,53.6,13.26,-0.01,0.8,597.7,6.062
9.79,CARRY,2.74,-0.01,-9.58,2.96,-0.01,1,0,321.5,227.5,12.6,0.25,0.03,48.9,13.26,-0.01,0.6,596.8,6.031
9.85,CARRY,2.76,-0.01,-9.58,2.98,-0.01,1,0,321.5,228.0,12.1,0.24,0.03,54.5,13.26,-0.01,0.5,595.8,5.906
9.9,CARRY,2.76,-0.01,-9.58,2.99,-0.01,1,0,321.5,227.0,13.1,0.26,0.03,48.0,13.26,-0.01,0.3,594.8,5.906
9.95,CARRY,2.79,-0.01,-9.58,3.0,-0.01,1,0,321.5,228.0,12.1,0.24,0.03,54.5,13.26,-0.01,0.6,594.4,5.906
10.01,CARRY,2.79,-0.01,-9.58,3.02,-0.01,1,0,321.5,227.0,13.1,0.26,0.03,47.9,13.26,-0.01,0.3,593.4,5.938
10.06,CARRY,2.81,-0.01,-9.58,3.03,-0.01,1,0,321.5,228.0,12.1,0.24,0.03,54.5,13.26,-0.01,0.6,592.9,5.906
10.11,CARRY,2.81,-0.01,-9.58,3.04,-0.01,1,0,321.5,227.0,13.1,0.26,0.03,49.7,13.26,-0.01,0.4,591.9,5.875
10.16,CARRY,2.84,-0.01,-9.58,3.06,-0.01,1,0,321.5,228.0,12.1,0.24,0.03,54.0,13.26,-0.01,0.7,591.4,5.938
10.22,CARRY,2.84,-0.01,-9.58,3.07,-0.01,1,0,321.5,227.0,13.1,0.26,0.03,49.0,13.26,-0.01,0.4,590.5,6.031
10.27,CARRY,2.86,-0.01,-9.58,3.08,-0.01,1,0,321.5,228.0,12.1,0.24,0.03,54.9,13.26,-0.01,0.7,590.0,6.031
10.32,CARRY,2.86,-0.01,-9.58,3.1,-0.01,1,0,321.5,227.0,13.1,0.26,0.03,48.7,13.26,-0.01,0.5,589.0,6.094
10.37,CARRY,2.89,-0.01,-9.58,3.11,-0.01,1,0,321.5,228.0,12.1,0.24,0.03,50.1,13.26,-0.01,0.8,588.6,6.062
10.42,CARRY,2.89,-0.01,-9.58,3.12,-0.01,1,0,321.5,227.0,13.1,0.26,0.03,49.3,13.26,-0.01,0.5,587.6,6.125
10.48,CARRY,2.91,-0.01,-9.58,3.13,-0.01,1,0,321.5,228.0,12.1,0.24,0.03,49.4,13.26,-0.01,0.8,587.1,6.125
10.53,CARRY,2.91,-0.01,-9.58,3.15,-0.01,1,0,321.5,227.0,13.1,0.26,0.03,49.1,13.26,-0.01,0.5,586.1,6.156
10.58,CARRY,2.94,-0.01,-9.58,3.16,-0.01,1,0,321.5,228.0,12.1,0.24,0.03,49.4,13.26,-0.01,0.8,585.7,6.062
10.63,CARRY,2.94,-0.01,-9.58,3.17,-0.01,1,0,321.5,227.0,13.1,0.26,0.03,48.5,13.26,-0.01,0.5,584.7,6.125
10.68,CARRY,2.96,-0.01,-9.58,3.18,-0.01,1,0,321.5,228.0,12.1,0.24,0.03,50.6,13.26,-0.01,0.8,584.2,6.031
10.73,CARRY,2.96,-0.01,-9.58,3.2,-0.01,1,0,321.5,227.0,13.1,0.26,0.03,49.9,13.26,-0.01,0.6,583.3,6.094
10.78,CARRY,2.99,-0.01,-9.58,3.21,-0.01,1,0,321.5,228.0,12.1,0.24,0.03,50.7,13.26,-0.01,0.8,582.8,6.062
10.83,CARRY,2.99,-0.01,-9.58,3.22,-0.01,1,0,321.5,227.0,13.1,0.26,0.03,49.0,13.26,-0.01,0.6,581.8,6.125
10.88,CARRY,3.01,-0.01,-9.58,3.23,-0.01,1,0,321.5,228.0,12.1,0.24,0.03,50.7,13.26,-0.01,0.9,581.3,6.094
10.93,CARRY,3.01,-0.01,-9.58,3.25,-0.01,1,0,321.5,227.0,13.1,0.26,0.03,50.2,13.26,-0.01,0.6,580.3,6.156
10.98,CARRY,3.04,-0.01,-9.58,3.26,-0.01,1,0,321.5,227.5,12.6,0.25,0.03,50.5,13.26,-0.01,0.4,579.4,6.125
11.03,CARRY,3.04,-0.01,-9.58,3.27,-0.01,1,0,321.5,227.0,13.1,0.26,0.03,50.1,13.26,-0.01,0.6,578.9,6.25
11.09,CARRY,3.06,-0.01,-9.58,3.29,-0.01,1,0,321.5,227.5,12.6,0.25,0.03,49.9,13.26,-0.01,0.4,577.9,6.219
11.14,CARRY,3.06,-0.01,-9.58,3.3,-0.01,1,0,321.5,227.0,13.1,0.26,0.03,50.2,13.26,-0.01,0.7,577.4,6.281
11.19,CARRY,3.09,-0.01,-9.58,3.31,-0.01,1,0,321.5,227.5,12.6,0.25,0.03,49.2,13.26,-0.01,0.5,576.4,6.219
11.24,CARRY,3.09,-0.01,-9.58,3.32,-0.01,1,0,321.5,227.0,13.1,0.26,0.03,48.6,13.26,-0.01,0.7,576.0,6.281
11.29,CARRY,3.11,-0.01,-9.58,3.34,-0.01,1,0,321.5,227.5,12.6,0.25,0.03,50.5,13.26,-0.01,0.5,575.0,6.25
11.34,CARRY,3.11,-0.01,-9.58,3.35,-0.01,1,0,321.5,227.0,13.1,0.26,0.03,50.1,13.26,-0.01,0.7,574.5,6.219
11.39,CARRY,3.14,-0.01,-9.58,3.36,-0.01,1,0,321.5,227.5,12.6,0.25,0.03,51.0,13.26,-0.01,0.5,573.5,6.219
11.44,CARRY,3.14,-0.01,-9.58,3.38,-0.01,1,0,321.5,227.0,13.1,0.26,0.03,50.1,13.26,-0.01,0.8,573.0,6.188
11.49,CARRY,3.16,-0.01,-9.58,3.39,-0.01,1,0,321.5,227.5,12.6,0.25,0.03,51.0,13.26,-0.01,0.5,572.1,6.25
11.55,CARRY,3.19,-0.01,-9.58,3.4,-0.01,1,0,321.5,228.0,12.1,0.24,0.03,50.7,13.26,-0.01,0.3,571.1,6.125
11.6,CARRY,3.19,-0.01,-9.58,3.41,-0.01,1,0,321.5,227.5,12.6,0.25,0.03,50.0,13.26,-0.01,0.6,570.6,6.0
11.65,CARRY,3.21,-0.01,-9.58,3.43,-0.01,1,0,321.5,228.0,12.1,0.24,0.03,50.8,13.26,-0.01,0.4,569.6,5.906
11.7,CARRY,3.21,-0.01,-9.58,3.44,-0.01,1,0,321.5,227.5,12.6,0.25,0.03,48.7,13.26,-0.01,0.6,569.1,5.875
11.75,CARRY,3.24,-0.02,-9.58,3.45,-0.01,1,0,321.5,228.0,12.1,0.24,0.03,50.6,13.26,-0.01,0.4,568.2,5.812
11.8,CARRY,3.24,-0.02,-9.58,3.46,-0.01,1,0,321.5,227.5,12.6,0.25,0.03,50.0,13.26,-0.01,0.6,567.7,5.812
11.85,CARRY,3.26,-0.02,-9.58,3.48,-0.01,1,0,321.5,228.0,12.1,0.24,0.03,49.7,13.26,-0.01,0.4,566.7,5.844
11.9,CARRY,3.26,-0.02,-9.58,3.49,-0.01,1,0,321.5,227.5,12.6,0.25,0.03,48.3,13.26,-0.01,0.7,566.2,5.812
11.95,CARRY,3.29,-0.02,-9.58,3.5,-0.01,1,0,321.5,228.0,12.1,0.24,0.03,50.7,13.26,-0.01,0.5,565.3,5.812
12.0,CARRY,3.29,-0.02,-9.58,3.52,-0.01,1,0,321.5,227.0,13.1,0.26,0.03,48.9,13.26,-0.01,0.4,564.3,5.844
12.05,CARRY,3.31,-0.02,-9.58,3.53,-0.01,1,0,321.5,228.0,12.1,0.24,0.03,50.7,13.26,-0.01,0.5,563.9,5.938
12.11,CARRY,3.31,-0.02,-9.58,3.54,-0.01,1,0,321.5,227.0,13.1,0.26,0.03,48.9,13.26,-0.01,0.4,562.9,5.938
12.16,CARRY,3.34,-0.02,-9.58,3.55,-0.01,1,0,321.5,228.0,12.1,0.24,0.03,49.0,13.26,-0.01,0.6,562.4,5.938
12.21,CARRY,3.34,-0.02,-9.58,3.57,-0.01,1,0,322.0,227.0,13.2,0.26,0.04,48.5,13.26,-0.01,0.2,561.4,5.875
12.26,CARRY,3.36,-0.02,-9.58,3.58,-0.01,1,0,321.5,228.0,12.1,0.24,0.03,49.4,13.26,-0.01,0.6,561.0,5.875
12.31,CARRY,3.36,-0.02,-9.58,3.59,-0.01,1,0,322.0,227.0,13.2,0.26,0.04,48.4,13.26,-0.01,0.2,559.9,5.844
12.36,CARRY,3.39,-0.02,-9.58,3.6,-0.01,1,0,321.5,228.0,12.1,0.24,0.03,50.5,13.26,-0.01,0.6,559.5,5.844
12.41,CARRY,3.39,-0.02,-9.58,3.62,-0.01,1,0,322.0,227.0,13.2,0.26,0.04,49.9,13.26,-0.01,0.2,558.5,5.812
12.46,CARRY,3.41,-0.02,-9.58,3.63,-0.01,1,0,321.5,228.0,12.1,0.24,0.03,50.9,13.26,-0.01,0.7,558.1,5.781
12.51,CARRY,3.41,-0.02,-9.58,3.64,-0.01,1,0,322.5,227.0,13.2,0.26,0.05,50.4,13.26,-0.01,0.5,557.0,5.719
12.56,CARRY,3.44,-0.02,-9.58,3.66,-0.01,1,0,322.0,228.0,12.2,0.24,0.04,49.5,13.26,-0.01,0.5,556.5,5.719
12.61,CARRY,3.44,-0.02,-9.58,3.67,-0.01,1,0,322.5,227.0,13.2,0.26,0.05,50.1,13.26,-0.01,0.5,555.5,5.656
12.66,CARRY,3.46,-0.02,-9.58,3.68,-0.01,1,0,322.0,228.0,12.2,0.24,0.04,50.8,13.26,-0.01,0.5,555.1,5.594
12.72,CARRY,3.46,-0.02,-9.58,3.69,-0.01,1,0,322.5,227.0,13.2,0.26,0.05,50.1,13.26,-0.01,0.5,554.0,5.562
12.77,CARRY,3.49,-0.02,-9.58,3.71,-0.01,1,0,322.0,228.0,12.2,0.24,0.04,50.7,13.26,-0.01,0.5,553.6,5.594
12.82,CARRY,3.49,-0.02,-9.58,3.72,-0.01,1,0,322.5,227.0,13.2,0.26,0.05,50.0,13.26,-0.01,0.5,552.6,5.594
12.87,CARRY,3.51,-0.02,-9.58,3.73,-0.01,1,0,321.5,228.0,12.1,0.24,0.03,49.5,13.26,-0.01,0.7,552.2,5.625
12.92,CARRY,3.51,-0.02,-9.58,3.74,-0.01,1,0,322.5,227.0,13.2,0.26,0.05,48.4,13.26,-0.01,0.5,551.1,5.625
12.97,CARRY,3.54,-0.02,-9.58,3.76,-0.01,1,0,321.5,228.0,12.1,0.24,0.03,49.4,13.26,-0.01,0.7,550.7,5.688
13.02,CARRY,3.54,-0.02,-9.58,3.77,-0.01,1,0,322.0,227.0,13.2,0.26,0.04,49.2,13.26,-0.01,0.2,549.7,5.656
13.07,CARRY,3.56,-0.02,-9.58,3.78,-0.01,1,0,321.5,228.0,12.1,0.24,0.03,50.3,13.26,-0.01,0.6,549.2,5.75
13.12,CARRY,3.56,-0.02,-9.58,3.8,-0.01,1,0,321.5,227.0,13.1,0.26,0.03,48.6,13.26,-0.01,0.5,548.3,5.719
13.17,CARRY,3.59,-0.02,-9.58,3.81,-0.01,1,0,321.5,228.0,12.1,0.24,0.03,49.6,13.26,-0.01,0.6,547.8,5.812
13.22,CARRY,3.59,-0.02,-9.58,3.82,-0.01,1,0,321.5,227.0,13.1,0.26,0.03,49.8,13.26,-0.01,0.5,546.8,5.75
13.27,CARRY,3.61,-0.02,-9.58,3.83,-0.01,1,0,321.5,228.0,12.1,0.24,0.03,49.8,13.26,-0.01,0.5,546.3,5.844
13.32,CARRY,3.61,-0.02,-9.58,3.85,-0.01,1,0,321.5,227.5,12.6,0.25,0.03,48.6,13.26,-0.01,0.8,545.8,5.812
13.37,CARRY,3.64,-0.02,-9.58,3.86,-0.01,1,0,321.5,228.0,12.1,0.24,0.03,49.6,13.26,-0.01,0.5,544.8,5.875
13.42,CARRY,3.64,-0.02,-9.58,3.87,-0.01,1,0,321.5,228.0,12.1,0.24,0.03,49.8,13.26,-0.01,1.2,544.8,5.844
13.48,CARRY,3.67,-0.02,-9.58,3.88,-0.01,1,0,321.0,229.5,10.5,0.21,0.02,50.6,13.26,-0.01,2.1,544.9,5.938
13.53,CARRY,3.67,-0.02,-9.58,3.9,-0.01,1,0,321.0,229.0,11.0,0.22,0.02,48.6,13.26,-0.01,2.4,544.4,5.875
13.58,CARRY,3.69,-0.02,-9.58,3.91,-0.01,1,0,321.0,230.0,10.0,0.2,0.02,49.3,13.26,-0.01,2.6,543.9,5.906
13.63,CARRY,3.69,-0.02,-9.58,3.92,-0.01,1,0,321.0,229.5,10.5,0.21,0.02,48.7,13.26,-0.01,2.8,543.4,5.875
13.68,CARRY,3.72,-0.01,-9.58,3.93,-0.01,1,0,321.0,231.0,9.1,0.18,0.02,49.3,13.26,-0.01,3.6,543.5,5.906
13.73,CARRY,3.72,-0.01,-9.58,3.95,-0.01,1,0,321.0,230.5,9.6,0.19,0.02,48.6,13.26,-0.01,3.8,543.0,5.875
13.78,CARRY,3.74,-0.01,-9.58,3.96,-0.01,1,0,321.0,231.0,9.1,0.18,0.02,49.3,13.26,-0.01,3.6,542.1,5.938
13.83,CARRY,3.74,-0.01,-9.58,3.97,-0.01,1,0,321.0,231.0,9.1,0.18,0.02,49.7,13.26,-0.01,4.3,542.1,5.906
13.88,CARRY,3.76,-0.01,-9.58,3.98,-0.01,1,0,321.0,232.0,8.1,0.16,0.02,49.7,13.26,-0.01,4.7,541.7,5.969
13.93,CARRY,3.76,-0.01,-9.58,4.0,-0.01,1,0,321.0,231.5,8.6,0.17,0.02,48.4,13.26,-0.01,4.9,541.2,6.0
13.98,CARRY,3.79,-0.01,-9.58,4.01,-0.01,1,0,320.5,233.0,7.0,0.14,0.01,50.4,13.26,-0.01,5.9,541.4,6.062
14.03,CARRY,3.79,-0.01,-9.58,4.02,-0.01,1,0,320.5,232.5,7.5,0.15,0.01,49.0,13.26,-0.01,6.1,540.9,6.188
14.08,CARRY,3.81,-0.01,-9.58,4.03,-0.01,1,0,320.5,233.5,6.5,0.13,0.01,49.7,13.26,-0.01,6.6,540.6,6.219
14.13,CARRY,3.81,-0.01,-9.58,4.05,-0.01,1,0,320.5,233.0,7.0,0.14,0.01,50.4,13.26,-0.01,6.8,540.1,6.25
14.18,CARRY,3.83,-0.01,-9.58,4.06,-0.01,1,0,320.5,233.5,6.5,0.13,0.01,49.2,13.26,-0.01,6.8,539.4,6.156
14.23,CARRY,3.83,-0.01,-9.58,4.07,-0.01,1,0,320.5,233.5,6.5,0.13,0.01,48.8,13.26,-0.01,7.5,539.4,6.125
14.28,CARRY,3.85,-0.01,-9.58,4.09,-0.01,1,0,320.5,234.0,6.0,0.12,0.01,49.2,13.26,-0.01,7.6,538.8,6.156
14.33,CARRY,3.85,-0.01,-9.58,4.1,-0.01,1,0,320.5,233.5,6.5,0.13,0.01,50.0,13.26,-0.01,7.8,538.3,6.125
14.38,CARRY,3.87,-0.01,-9.58,4.11,-0.01,1,0,320.5,234.0,6.0,0.12,0.01,50.5,13.26,-0.01,7.9,537.7,6.062
14.44,CARRY,3.87,-0.01,-9.58,4.12,-0.01,1,0,320.5,233.5,6.5,0.13,0.01,50.0,13.26,-0.01,8.2,537.2,6.031
14.49,CARRY,3.89,-0.01,-9.58,4.14,-0.01,1,0,320.5,234.0,6.0,0.12,0.01,50.7,13.26,-0.01,8.4,536.6,6.031
14.54,CARRY,3.89,-0.01,-9.58,4.15,-0.01,1,0,320.0,234.0,6.0,0.12,0.0,50.0,13.26,-0.01,9.2,536.7,6.031
14.59,CARRY,3.9,-0.01,-9.58,4.16,-0.01,1,0,320.0,235.0,5.0,0.1,0.0,49.3,13.26,-0.01,10.0,536.7,6.0
14.64,CARRY,3.9,-0.01,-9.58,4.17,-0.01,1,0,320.0,234.5,5.5,0.11,0.0,48.4,13.26,-0.01,10.2,536.3,6.031
14.69,CARRY,3.92,-0.01,-9.58,4.19,-0.01,1,0,320.0,235.0,5.0,0.1,0.0,49.2,13.26,-0.01,10.6,535.9,6.062
14.74,CARRY,3.92,-0.01,-9.58,4.2,-0.01,1,0,320.0,234.5,5.5,0.11,0.0,48.5,13.26,-0.01,10.8,535.4,6.0
14.79,CARRY,3.93,-0.01,-9.58,4.21,-0.01,1,0,320.0,235.5,4.5,0.09,0.0,49.2,13.26,-0.01,11.6,535.5,5.906
14.84,CARRY,3.93,-0.01,-9.58,4.22,-0.01,1,0,320.0,235.0,5.0,0.1,0.0,49.3,13.26,-0.01,11.9,535.0,5.938
14.89,CARRY,3.95,-0.01,-9.58,4.24,-0.01,1,0,320.0,235.0,5.0,0.1,0.0,49.5,13.26,-0.01,11.8,534.2,5.906
14.94,CARRY,3.95,-0.01,-9.58,4.25,-0.01,1,0,320.0,234.5,5.5,0.11,0.0,49.6,13.26,-0.01,12.0,533.7,5.938
14.99,CARRY,3.96,-0.01,-9.58,4.26,-0.01,1,0,320.0,235.0,5.0,0.1,0.0,50.8,13.26,-0.01,12.5,533.4,5.938
15.04,CARRY,3.97,-0.01,-9.58,4.28,-0.01,1,0,320.0,235.5,4.5,0.09,0.0,49.1,13.26,-0.01,13.0,533.2,5.875
15.09,CARRY,3.97,-0.01,-9.58,4.29,-0.01,1,0,320.5,235.5,4.5,0.09,0.01,49.7,13.26,-0.01,13.6,533.1,5.844
15.14,CARRY,3.99,-0.01,-9.58,4.3,-0.01,1,0,320.5,236.0,4.0,0.08,0.01,50.7,13.26,-0.01,14.2,532.9,5.844
15.19,CARRY,3.99,-0.01,-9.58,4.31,-0.01,1,0,320.5,235.5,4.5,0.09,0.01,48.8,13.26,-0.01,14.4,532.4,5.781
15.24,CARRY,4.0,-0.01,-9.58,4.33,-0.01,1,0,320.5,235.5,4.5,0.09,0.01,50.3,13.26,-0.01,14.5,531.8,5.781
15.3,CARRY,4.0,-0.01,-9.58,4.34,-0.01,1,0,320.5,235.0,5.0,0.1,0.01,48.7,13.26,-0.01,14.7,531.3,5.781
15.35,CARRY,4.01,-0.01,-9.58,4.35,-0.01,1,0,320.5,235.5,4.5,0.09,0.01,49.5,13.26,-0.01,15.3,531.1,5.781
15.4,CARRY,4.01,-0.01,-9.58,4.36,-0.01,1,0,320.5,235.0,5.0,0.1,0.01,50.1,13.26,-0.01,15.5,530.6,5.781
15.45,CARRY,4.02,-0.01,-9.58,4.38,-0.01,1,0,320.5,235.5,4.5,0.09,0.01,49.1,13.26,-0.01,16.1,530.5,5.688
15.5,CARRY,4.02,-0.01,-9.58,4.39,-0.01,1,0,320.5,235.0,5.0,0.1,0.01,49.6,13.26,-0.01,16.4,530.0,5.656
15.55,CARRY,4.03,-0.01,-9.58,4.4,-0.01,1,0,320.5,235.0,5.0,0.1,0.01,49.7,13.26,-0.01,16.5,529.4,5.562
15.6,CARRY,4.03,-0.01,-9.58,4.41,-0.01,1,0,320.5,235.0,5.0,0.1,0.01,47.7,13.26,-0.01,17.2,529.4,5.438
15.65,CARRY,4.04,-0.01,-9.58,4.43,-0.01,1,0,320.0,235.0,5.0,0.1,0.0,49.6,13.26,-0.01,17.4,528.9,5.281
15.7,CARRY,4.04,-0.01,-9.58,4.44,-0.01,1,0,320.0,235.0,5.0,0.1,0.0,47.9,13.26,-0.01,18.1,528.9,5.188
15.75,CARRY,4.05,-0.01,-9.58,4.45,-0.01,1,0,320.0,235.0,5.0,0.1,0.0,49.8,13.26,-0.01,18.3,528.3,5.0
15.8,CARRY,4.05,-0.01,-9.58,4.46,-0.01,1,0,321.0,234.5,5.6,0.11,0.02,48.8,13.26,-0.01,18.4,527.7,4.875
15.85,CARRY,4.06,-0.01,-9.58,4.48,-0.01,1,0,321.0,235.0,5.1,0.1,0.02,49.9,13.26,-0.01,19.0,527.6,4.594
15.9,CARRY,4.06,-0.01,-9.58,4.49,-0.01,1,0,321.0,234.5,5.6,0.11,0.02,48.7,13.26,-0.01,19.3,527.1,4.469
15.95,CARRY,4.07,-0.02,-9.58,4.5,-0.01,1,0,321.0,234.5,5.6,0.11,0.02,50.3,13.26,-0.01,19.4,526.6,4.312
16.0,CARRY,4.07,-0.02,-9.58,4.52,-0.01,1,0,321.0,234.0,6.1,0.12,0.02,49.0,13.26,-0.01,19.7,526.1,4.125
16.05,CARRY,4.08,-0.02,-9.58,4.53,-0.01,1,0,321.0,234.5,5.6,0.11,0.02,50.1,13.26,-0.01,20.3,526.0,4.094
16.1,CARRY,4.08,-0.02,-9.58,4.54,-0.01,1,0,321.0,234.0,6.1,0.12,0.02,49.3,13.26,-0.01,20.6,525.5,3.984
16.15,CARRY,4.09,-0.02,-9.58,4.55,-0.01,1,0,321.0,234.0,6.1,0.12,0.02,50.2,13.26,-0.01,20.7,524.9,3.859
16.2,CARRY,4.09,-0.02,-9.58,4.57,-0.01,1,0,321.0,233.5,6.6,0.13,0.02,49.3,13.26,-0.01,21.0,524.5,3.75
16.25,CARRY,4.1,-0.02,-9.58,4.58,-0.01,1,0,320.5,234.0,6.0,0.12,0.01,49.9,13.26,-0.01,21.7,524.4,3.734
16.31,CARRY,4.1,-0.02,-9.58,4.59,-0.01,1,0,320.5,233.5,6.5,0.13,0.01,48.9,13.26,-0.01,21.9,523.9,3.672
16.36,CARRY,4.11,-0.02,-9.58,4.6,-0.01,1,0,320.5,234.0,6.0,0.12,0.01,49.7,13.26,-0.01,22.5,523.8,3.672
16.41,CARRY,4.11,-0.02,-9.58,4.62,-0.01,1,0,320.5,233.5,6.5,0.13,0.01,49.1,13.26,-0.01,22.8,523.3,3.781
16.46,CARRY,4.12,-0.02,-9.58,4.63,-0.01,1,0,320.5,233.5,6.5,0.13,0.01,49.7,13.26,-0.01,22.9,522.7,3.828
16.51,CARRY,4.12,-0.02,-9.58,4.64,-0.01,1,0,320.5,233.5,6.5,0.13,0.01,49.9,13.26,-0.01,23.6,522.7,3.828
16.56,CARRY,4.13,-0.02,-9.58,4.65,-0.01,1,0,320.5,234.0,6.0,0.12,0.01,51.2,13.26,-0.01,24.2,522.6,3.938
16.61,CARRY,4.13,-0.02,-9.58,4.67,-0.01,1,0,321.0,233.5,6.6,0.13,0.02,49.5,13.26,-0.01,24.4,522.0,4.0
16.66,CARRY,4.14,-0.02,-9.58,4.68,-0.01,1,0,321.0,233.5,6.6,0.13,0.02,49.8,13.26,-0.01,24.4,521.3,4.0
16.71,CARRY,4.14,-0.02,-9.58,4.69,-0.01,1,0,321.0,233.0,7.1,0.14,0.02,49.8,13.26,-0.01,24.7,520.9,4.062
16.76,CARRY,4.16,-0.02,-9.58,4.71,-0.01,1,0,321.0,233.5,6.6,0.13,0.02,51.0,13.26,-0.01,25.2,520.7,4.094
16.81,CARRY,4.16,-0.02,-9.58,4.72,-0.01,1,0,321.0,233.0,7.1,0.14,0.02,49.3,13.26,-0.01,25.5,520.2,4.156
16.86,CARRY,4.17,-0.02,-9.58,4.73,-0.01,1,0,321.0,233.5,6.6,0.13,0.02,49.6,13.26,-0.01,26.0,520.0,4.281
16.91,CARRY,4.17,-0.02,-9.58,4.74,-0.01,1,0,321.0,233.5,6.6,0.13,0.02,49.1,13.26,-0.01,26.7,520.0,4.344
16.96,CARRY,4.18,-0.02,-9.58,4.76,-0.01,1,0,321.0,233.5,6.6,0.13,0.02,49.6,13.26,-0.01,26.7,519.2,4.344
17.02,CARRY,4.18,-0.02,-9.58,4.77,-0.01,1,0,321.0,233.0,7.1,0.14,0.02,49.2,13.26,-0.01,27.0,518.7,4.312
17.07,CARRY,4.19,-0.02,-9.58,4.78,-0.01,1,0,321.0,233.5,6.6,0.13,0.02,49.7,13.26,-0.01,27.4,518.5,4.344
17.12,CARRY,4.19,-0.02,-9.58,4.79,-0.01,1,0,321.0,233.0,7.1,0.14,0.02,50.1,13.26,-0.01,27.7,518.0,4.406
17.17,CARRY,4.21,-0.02,-9.58,4.81,-0.01,1,0,321.0,233.5,6.6,0.13,0.02,50.7,13.26,-0.01,28.2,517.8,4.406
17.22,CARRY,4.21,-0.02,-9.58,4.82,-0.01,1,0,321.0,233.0,7.1,0.14,0.02,48.8,13.26,-0.01,28.4,517.3,4.438
17.27,CARRY,4.22,-0.02,-9.58,4.83,-0.01,1,0,321.0,233.5,6.6,0.13,0.02,49.7,13.26,-0.01,28.9,517.0,4.562
17.32,CARRY,4.22,-0.02,-9.58,4.84,-0.01,1,0,321.0,233.0,7.1,0.14,0.02,48.9,13.26,-0.01,29.1,516.5,4.719
17.37,CARRY,4.23,-0.02,-9.58,4.86,-0.01,1,0,320.5,233.5,6.5,0.13,0.01,50.0,13.26,-0.01,29.7,516.3,4.969
17.42,CARRY,4.23,-0.02,-9.58,4.87,-0.01,1,0,320.5,233.5,6.5,0.13,0.01,50.1,13.26,-0.01,30.4,516.3,5.219
17.47,CARRY,4.24,-0.02,-9.58,4.88,-0.01,1,0,320.5,233.5,6.5,0.13,0.01,50.0,13.26,-0.01,30.4,515.6,5.406
17.52,CARRY,4.24,-0.02,-9.58,4.9,-0.01,1,0,321.0,233.0,7.1,0.14,0.02,50.3,13.26,-0.01,30.6,515.0,5.562
17.57,CARRY,4.26,-0.02,-9.58,4.91,-0.01,1,0,321.0,233.5,6.6,0.13,0.02,51.1,13.26,-0.01,31.0,514.8,5.688
17.63,CARRY,4.26,-0.02,-9.58,4.92,-0.01,1,0,321.0,233.5,6.6,0.13,0.02,48.9,13.26,-0.01,31.8,514.8,5.844
17.68,CARRY,4.27,-0.02,-9.58,4.93,-0.01,1,0,321.0,234.0,6.1,0.12,0.02,49.6,13.26,-0.01,32.3,514.5,5.938
17.73,CARRY,4.27,-0.02,-9.58,4.95,-0.01,1,0,321.0,233.5,6.6,0.13,0.02,48.8,13.26,-0.01,32.5,514.0,6.031
17.78,CARRY,4.28,-0.02,-9.58,4.96,-0.01,1,0,321.0,234.0,6.1,0.12,0.02,49.6,13.26,-0.01,33.0,513.7,6.219
17.83,CARRY,4.28,-0.02,-9.58,4.97,-0.01,1,0,321.0,233.5,6.6,0.13,0.02,48.9,13.26,-0.01,33.2,513.2,6.469
17.88,CARRY,4.3,-0.02,-9.58,4.98,-0.01,1,0,321.0,233.5,6.6,0.13,0.02,50.3,13.26,-0.01,33.2,512.5,6.5
17.93,CARRY,4.3,-0.02,-9.58,5.0,-0.01,1,0,321.5,233.5,6.7,0.13,0.03,48.9,13.26,-0.01,33.9,512.4,6.562
17.98,CARRY,4.31,-0.02,-9.58,5.01,-0.01,1,0,321.0,234.0,6.1,0.12,0.02,49.5,13.26,-0.01,34.4,512.2,6.656
18.03,CARRY,4.31,-0.02,-9.58,5.02,-0.01,1,0,321.0,233.5,6.6,0.13,0.02,49.1,13.26,-0.01,34.6,511.7,6.75
18.08,CARRY,4.32,-0.02,-9.58,5.03,-0.01,1,0,321.0,233.5,6.6,0.13,0.02,50.2,13.26,-0.01,34.6,511.0,6.969
18.13,CARRY,4.32,-0.02,-9.58,5.05,-0.01,1,0,321.0,233.0,7.1,0.14,0.02,49.2,13.26,-0.01,34.8,510.5,7.062
18.18,CARRY,4.34,-0.02,-9.58,5.06,-0.01,1,0,321.0,234.0,6.1,0.12,0.02,49.4,13.26,-0.01,35.8,510.7,7.344
18.23,CARRY,4.34,-0.02,-9.58,5.07,-0.01,1,0,321.0,233.5,6.6,0.13,0.02,49.2,13.26,-0.01,36.0,510.2,7.469
18.28,CARRY,4.35,-0.02,-9.58,5.08,-0.01,1,0,321.0,233.5,6.6,0.13,0.02,49.6,13.26,-0.01,36.0,509.5,7.531
18.33,CARRY,4.35,-0.02,-9.58,5.1,-0.01,1,0,321.0,233.5,6.6,0.13,0.02,50.2,13.26,-0.01,36.7,509.5,7.812
18.38,CARRY,4.36,-0.02,-9.58,5.11,-0.01,1,0,321.0,234.0,6.1,0.12,0.02,49.7,13.26,-0.01,37.2,509.2,7.969
18.43,CARRY,4.36,-0.02,-9.58,5.12,-0.01,1,0,321.0,233.5,6.6,0.13,0.02,49.4,13.26,-0.01,37.5,508.7,8.125
18.48,CARRY,4.37,-0.02,-9.58,5.14,-0.01,1,0,320.5,234.0,6.0,0.12,0.01,51.1,13.26,-0.01,38.0,508.6,8.312
18.53,CARRY,4.37,-0.02,-9.58,5.15,-0.01,1,0,320.5,233.5,6.5,0.13,0.01,49.1,13.26,-0.01,38.3,508.1,8.438
18.58,CARRY,4.39,-0.02,-9.58,5.16,-0.01,1,0,320.5,234.0,6.0,0.12,0.01,49.0,13.26,-0.01,38.8,507.8,8.625
18.64,CARRY,4.39,-0.02,-9.58,5.17,-0.01,1,0,321.0,234.0,6.1,0.12,0.02,50.4,13.26,-0.01,39.4,507.8,8.812
18.69,CARRY,4.4,-0.02,-9.58,5.19,-0.01,1,0,320.5,233.5,6.5,0.13,0.01,49.6,13.26,-0.01,39.0,506.6,8.875
18.74,CARRY,4.4,-0.02,-9.58,5.2,-0.01,1,0,321.0,233.5,6.6,0.13,0.02,48.9,13.26,-0.01,39.7,506.6,9.0
18.79,CARRY,4.41,-0.02,-9.58,5.21,-0.01,1,0,321.0,234.0,6.1,0.12,0.02,51.0,13.26,-0.01,40.2,506.3,9.188
18.84,CARRY,4.41,-0.02,-9.58,5.22,-0.01,1,0,321.0,233.5,6.6,0.13,0.02,48.9,13.26,-0.01,40.4,505.8,9.438
18.89,CARRY,4.42,-0.02,-9.58,5.24,-0.01,1,0,321.0,233.5,6.6,0.13,0.02,50.0,13.26,-0.01,40.4,505.1,9.562
18.94,CARRY,4.42,-0.02,-9.58,5.25,-0.01,1,0,321.0,233.5,6.6,0.13,0.02,49.1,13.26,-0.01,41.2,505.1,9.812
18.99,CARRY,4.44,-0.02,-9.58,5.26,-0.01,1,0,321.0,234.0,6.1,0.12,0.02,50.2,13.26,-0.01,41.6,504.8,9.812
19.04,CARRY,4.44,-0.02,-9.58,5.27,-0.01,1,0,321.0,234.0,6.1,0.12,0.02,50.4,13.26,-0.01,42.4,504.8,9.938
19.09,CARRY,4.45,-0.02,-9.58,5.29,-0.01,1,0,321.0,234.0,6.1,0.12,0.02,50.9,13.26,-0.01,42.4,504.1,9.938
19.14,CARRY,4.46,-0.02,-9.58,5.3,-0.01,1,0,321.0,234.0,6.1,0.12,0.02,49.7,13.26,-0.01,42.4,503.4,10.062
19.19,CARRY,4.46,-0.02,-9.58,5.31,-0.01,1,0,321.0,233.5,6.6,0.13,0.02,48.9,13.26,-0.01,42.6,502.9,10.0
19.24,CARRY,4.48,-0.02,-9.58,5.33,-0.01,1,0,321.0,234.0,6.1,0.12,0.02,49.5,13.26,-0.01,43.1,502.6,10.0
19.3,CARRY,4.48,-0.02,-9.58,5.34,-0.01,1,0,321.0,233.5,6.6,0.13,0.02,49.0,13.26,-0.01,43.3,502.1,10.0
19.35,CARRY,4.49,-0.02,-9.58,5.35,-0.01,1,0,321.0,234.0,6.1,0.12,0.02,49.5,13.26,-0.01,43.8,501.9,9.938
19.4,CARRY,4.49,-0.02,-9.58,5.36,-0.01,1,0,321.0,233.0,7.1,0.14,0.02,49.0,13.26,-0.01,43.6,500.9,10.0
19.45,CARRY,4.5,-0.02,-9.58,5.38,-0.01,1,0,321.0,233.5,6.6,0.13,0.02,49.7,13.26,-0.01,44.1,500.7,9.875
19.5,CARRY,4.5,-0.02,-9.58,5.39,-0.01,1,0,321.0,234.0,6.1,0.12,0.02,50.3,13.26,-0.01,45.3,501.2,9.875
19.55,CARRY,4.51,-0.02,-9.58,5.4,-0.01,1,0,320.5,234.0,6.0,0.12,0.01,50.4,13.26,-0.01,45.4,500.6,9.812
19.6,CARRY,4.51,-0.02,-9.58,5.41,-0.01,1,0,320.5,234.0,6.0,0.12,0.01,50.4,13.26,-0.01,46.2,500.6,9.812
19.65,CARRY,4.53,-0.02,-9.58,5.43,-0.01,1,0,320.5,233.5,6.5,0.13,0.01,49.9,13.26,-0.01,45.7,499.3,9.812
19.7,CARRY,4.53,-0.02,-9.58,5.44,-0.01,1,0,321.0,233.0,7.1,0.14,0.02,48.7,13.26,-0.01,45.9,498.8,9.75
19.75,CARRY,4.54,-0.02,-9.58,5.45,-0.01,1,0,321.0,233.5,6.6,0.13,0.02,49.9,13.26,-0.01,46.3,498.5,9.688
19.8,CARRY,4.54,-0.02,-9.58,5.47,-0.01,1,0,321.5,233.5,6.7,0.13,0.03,49.1,13.26,-0.01,47.0,498.5,9.625
19.85,CARRY,4.55,-0.02,-9.58,5.48,-0.01,1,0,321.0,234.0,6.1,0.12,0.02,49.9,13.26,-0.01,47.6,498.3,9.75
19.9,CARRY,4.55,-0.02,-9.58,5.49,-0.01,1,0,321.5,233.5,6.7,0.13,0.03,48.8,13.26,-0.01,47.7,497.7,9.688
19.95,CARRY,4.56,-0.02,-9.58,5.5,-0.01,1,0,321.5,234.0,6.2,0.12,0.03,49.8,13.26,-0.01,48.2,497.5,9.562
20.0,CARRY,4.56,-0.02,-9.58,5.52,-0.01,1,0,321.5,234.0,6.2,0.12,0.03,48.8,13.26,-0.01,49.0,497.5,9.5
20.05,CARRY,4.58,-0.02,-9.58,5.53,-0.01,1,0,321.5,233.5,6.7,0.13,0.03,49.8,13.26,-0.01,48.4,496.3,9.625
20.1,CARRY,4.58,-0.02,-9.58,5.54,-0.01,1,0,321.5,233.0,7.2,0.14,0.03,49.3,13.26,-0.01,48.7,495.8,9.562
20.15,CARRY,4.59,-0.02,-9.58,5.55,-0.01,1,0,321.0,234.0,6.1,0.12,0.02,49.5,13.26,-0.01,49.7,496.1,9.438
20.21,CARRY,4.59,-0.02,-9.58,5.57,-0.01,1,0,321.0,234.0,6.1,0.12,0.02,48.8,13.26,-0.01,50.5,496.1,9.438
20.26,CARRY,4.6,-0.02,-9.58,5.58,-0.01,1,0,321.0,234.0,6.1,0.12,0.02,49.9,13.26,-0.01,50.4,495.4,9.5
20.31,CARRY,4.6,-0.02,-9.58,5.59,-0.01,1,0,321.0,233.5,6.6,0.13,0.02,50.3,13.26,-0.01,50.7,494.9,9.5
20.36,CARRY,4.61,-0.02,-9.58,5.6,-0.01,1,0,321.0,234.0,6.1,0.12,0.02,50.3,13.26,-0.01,51.2,494.6,9.438
20.41,CARRY,4.61,-0.02,-9.58,5.62,-0.01,1,0,321.0,234.0,6.1,0.12,0.02,49.4,13.26,-0.01,51.9,494.6,9.5
20.46,CARRY,4.63,-0.02,-9.58,5.63,-0.01,1,0,321.0,234.5,5.6,0.11,0.02,49.3,13.26,-0.01,52.4,494.4,9.562
20.51,CARRY,4.63,-0.02,-9.58,5.64,-0.01,1,0,321.0,234.0,6.1,0.12,0.02,50.0,13.26,-0.01,52.6,493.9,9.5
20.56,CARRY,4.64,-0.02,-9.58,5.65,-0.01,1,0,320.5,234.0,6.0,0.12,0.01,48.8,13.26,-0.01,52.7,493.2,9.5
20.61,CARRY,4.64,-0.02,-9.58,5.67,-0.01,1,0,320.5,234.0,6.0,0.12,0.01,49.4,13.26,-0.01,53.4,493.2,9.5
20.66,CARRY,4.65,-0.02,-9.58,5.68,-0.01,1,0,320.5,234.5,5.5,0.11,0.01,50.0,13.26,-0.01,53.9,492.9,9.5
20.71,CARRY,4.65,-0.02,-9.58,5.69,-0.01,1,0,320.5,234.0,6.0,0.12,0.01,48.2,13.26,-0.01,54.1,492.4,9.625
20.76,CARRY,4.67,-0.02,-9.58,5.7,-0.01,1,0,320.5,233.5,6.5,0.13,0.01,48.6,13.26,-0.01,53.6,491.2,9.625
20.81,CARRY,4.67,-0.02,-9.58,5.72,-0.01,1,0,321.0,233.0,7.1,0.14,0.02,47.2,13.26,-0.01,53.8,490.6,9.5
20.86,CARRY,4.68,-0.02,-9.58,5.73,-0.01,1,0,320.5,234.0,6.0,0.12,0.01,51.1,13.26,-0.01,54.8,491.0,9.5
20.91,CARRY,4.68,-0.02,-9.58,5.74,-0.01,1,0,321.0,234.0,6.1,0.12,0.02,48.7,13.26,-0.01,55.5,490.9,9.625
20.96,CARRY,4.69,-0.02,-9.58,5.76,-0.01,1,0,320.5,234.5,5.5,0.11,0.01,48.7,13.26,-0.01,56.1,490.7,9.688
21.01,CARRY,4.69,-0.02,-9.58,5.77,-0.01,1,0,321.0,234.0,6.1,0.12,0.02,48.4,13.26,-0.01,56.2,490.2,9.75
21.06,CARRY,4.7,-0.02,-9.58,5.78,-0.01,1,0,321.0,234.0,6.1,0.12,0.02,49.7,13.26,-0.01,56.2,489.4,9.75
21.11,CARRY,4.7,-0.02,-9.58,5.79,-0.01,1,0,321.0,233.5,6.6,0.13,0.02,50.1,13.26,-0.01,56.5,488.9,9.688
21.16,CARRY,4.72,-0.02,-9.58,5.81,-0.01,1,0,321.0,234.0,6.1,0.12,0.02,49.5,13.26,-0.01,57.0,488.7,9.562
21.22,CARRY,4.72,-0.02,-9.58,5.82,-0.01,1,0,321.0,233.5,6.6,0.13,0.02,49.9,13.26,-0.01,57.2,488.2,9.75
21.27,CARRY,4.73,-0.02,-9.58,5.83,-0.01,1,0,321.0,234.0,6.1,0.12,0.02,49.7,13.26,-0.01,57.7,487.9,9.688
21.32,CARRY,4.73,-0.02,-9.58,5.84,-0.01,1,0,321.0,234.0,6.1,0.12,0.02,49.0,13.26,-0.01,58.4,487.9,9.75
21.37,CARRY,4.74,-0.02,-9.58,5.86,-0.01,1,0,321.0,234.5,5.6,0.11,0.02,49.9,13.26,-0.01,58.9,487.7,9.812
21.42,CARRY,4.74,-0.02,-9.58,5.87,-0.01,1,0,321.0,234.0,6.1,0.12,0.02,49.3,13.26,-0.01,59.2,487.2,9.875
21.47,CARRY,4.75,-0.02,-9.58,5.88,-0.01,1,0,321.0,234.0,6.1,0.12,0.02,50.5,13.26,-0.01,59.2,486.5,9.938
21.52,CARRY,4.75,-0.02,-9.58,5.89,-0.01,1,0,321.0,233.5,6.6,0.13,0.02,49.6,13.26,-0.01,59.4,486.0,9.812
21.57,CARRY,4.77,-0.02,-9.58,5.91,-0.01,1,0,321.0,234.0,6.1,0.12,0.02,50.8,13.26,-0.01,60.0,485.8,9.875
21.62,CARRY,4.77,-0.02,-9.58,5.92,-0.01,1,0,321.0,233.5,6.6,0.13,0.02,49.1,13.26,-0.01,60.2,485.3,9.875
21.67,CARRY,4.78,-0.01,-9.58,5.93,-0.01,1,0,321.0,234.0,6.1,0.12,0.02,49.7,13.26,-0.01,60.7,485.1,9.875
21.72,CARRY,4.78,-0.01,-9.58,5.95,-0.01,1,0,320.5,234.0,6.0,0.12,0.01,49.2,13.26,-0.01,61.5,485.2,9.875
21.77,CARRY,4.79,-0.01,-9.58,5.96,-0.01,1,0,320.5,234.0,6.0,0.12,0.01,49.8,13.26,-0.01,61.6,484.4,9.875
21.82,CARRY,4.79,-0.01,-9.58,5.97,-0.01,1,0,320.5,233.5,6.5,0.13,0.01,48.9,13.26,-0.01,61.8,483.9,9.875
21.87,CARRY,4.8,-0.01,-9.58,5.98,-0.01,1,0,320.5,234.0,6.0,0.12,0.01,50.1,13.26,-0.01,62.3,483.7,9.875
21.92,CARRY,4.8,-0.01,-9.58,6.0,-0.01,1,0,320.5,233.5,6.5,0.13,0.01,48.8,13.26,-0.01,62.6,483.2,9.75
21.97,CARRY,4.81,-0.01,-9.58,6.01,-0.01,1,0,320.5,233.5,6.5,0.13,0.01,49.6,13.26,-0.01,62.6,482.5,9.75
22.02,CARRY,4.81,-0.01,-9.58,6.02,-0.01,1,0,320.5,233.5,6.5,0.13,0.01,49.4,13.26,-0.01,63.3,482.5,9.875
22.08,CARRY,4.83,-0.01,-9.58,6.03,-0.01,1,0,320.5,233.0,7.0,0.14,0.01,51.4,13.26,-0.01,62.8,481.3,9.812
22.13,CARRY,4.83,-0.01,-9.58,6.05,-0.01,1,0,320.5,233.0,7.0,0.14,0.01,49.3,13.26,-0.01,63.6,481.3,9.75
22.18,CARRY,4.84,-0.01,-9.58,6.06,-0.01,1,0,320.0,233.5,6.5,0.13,0.0,49.7,13.26,-0.01,64.2,481.2,9.688
22.23,CARRY,4.84,-0.01,-9.58,6.07,-0.01,1,0,320.0,233.0,7.0,0.14,0.0,49.3,13.26,-0.01,64.4,480.7,9.688
22.28,CARRY,4.85,-0.01,-9.58,6.08,-0.01,1,0,320.0,233.5,6.5,0.13,0.0,49.4,13.26,-0.01,64.9,480.5,9.625
22.33,CARRY,4.85,-0.01,-9.58,6.1,-0.01,1,0,320.0,233.0,7.0,0.14,0.0,49.2,13.26,-0.01,65.2,480.0,9.688
22.38,CARRY,4.86,-0.01,-9.58,6.11,-0.01,1,0,320.0,233.0,7.0,0.14,0.0,49.8,13.26,-0.01,65.2,479.3,9.75
22.43,CARRY,4.86,-0.01,-9.58,6.12,-0.01,1,0,320.0,233.0,7.0,0.14,0.0,49.7,13.26,-0.01,65.9,479.3,9.75
22.48,CARRY,4.88,-0.01,-9.58,6.13,-0.01,1,0,320.0,233.5,6.5,0.13,0.0,49.6,13.26,-0.01,66.4,479.1,9.875
22.53,CARRY,4.88,-0.01,-9.58,6.15,-0.01,1,0,320.0,233.5,6.5,0.13,0.0,50.2,13.26,-0.01,67.1,479.1,9.938
22.58,CARRY,4.89,-0.01,-9.58,6.16,-0.01,1,0,320.0,234.0,6.0,0.12,0.0,49.8,13.26,-0.01,67.6,478.8,10.062
22.63,CARRY,4.89,-0.01,-9.58,6.17,-0.01,1,0,320.5,233.5,6.5,0.13,0.01,49.9,13.26,-0.01,67.8,478.2,10.062
22.68,CARRY,4.9,-0.01,-9.58,6.19,-0.01,1,0,320.5,234.0,6.0,0.12,0.01,49.9,13.26,-0.01,68.2,478.0,10.062
22.73,CARRY,4.9,-0.01,-9.58,6.2,-0.01,1,0,320.5,233.5,6.5,0.13,0.01,49.2,13.26,-0.01,68.5,477.5,10.0
22.78,CARRY,4.92,-0.01,-9.58,6.21,-0.01,1,0,320.5,234.0,6.0,0.12,0.01,50.2,13.26,-0.01,68.9,477.2,10.062
22.84,CARRY,4.92,-0.01,-9.58,6.22,-0.01,1,0,320.5,234.0,6.0,0.12,0.01,49.2,13.26,-0.01,69.7,477.2,10.125
22.89,CARRY,4.93,-0.01,-9.58,6.24,-0.01,1,0,320.5,234.5,5.5,0.11,0.01,50.1,13.26,-0.01,70.1,476.9,10.125
22.94,CARRY,4.93,-0.01,-9.58,6.25,-0.01,1,0,320.5,234.0,6.0,0.12,0.01,50.0,13.26,-0.01,70.4,476.4,10.062
22.99,CARRY,4.94,-0.01,-9.58,6.26,-0.01,1,0,320.5,234.0,6.0,0.12,0.01,50.6,13.26,-0.01,70.3,475.7,10.062
23.04,CARRY,4.94,-0.01,-9.58,6.27,-0.01,1,0,320.5,233.5,6.5,0.13,0.01,49.0,13.26,-0.01,70.6,475.2,10.0
23.09,CARRY,4.96,-0.01,-9.58,6.29,-0.01,1,0,320.5,234.0,6.0,0.12,0.01,50.8,13.26,-0.01,71.1,474.9,9.875
23.14,CARRY,4.96,-0.01,-9.58,6.3,-0.01,1,0,320.5,233.5,6.5,0.13,0.01,49.5,13.26,-0.01,71.3,474.5,9.812
23.19,CARRY,4.97,-0.01,-9.58,6.31,-0.01,1,0,320.5,234.0,6.0,0.12,0.01,50.1,13.26,-0.01,71.8,474.2,9.75
23.24,CARRY,4.97,-0.01,-9.58,6.33,-0.01,1,0,320.0,234.0,6.0,0.12,0.0,49.0,13.26,-0.01,72.6,474.3,9.812
23.29,CARRY,4.98,-0.01,-9.58,6.34,-0.01,1,0,320.0,234.5,5.5,0.11,0.0,49.8,13.26,-0.01,73.1,474.0,9.688
23.34,CARRY,4.98,-0.01,-9.58,6.35,-0.01,1,0,320.0,234.0,6.0,0.12,0.0,48.7,13.26,-0.01,73.3,473.5,9.688
23.39,CARRY,4.99,-0.01,-9.58,6.36,-0.01,1,0,320.0,234.0,6.0,0.12,0.0,49.7,13.26,-0.01,73.3,472.8,9.688
23.44,CARRY,5.01,-0.01,-9.58,6.38,-0.01,1,0,320.0,234.5,5.5,0.11,0.0,49.7,13.26,-0.01,73.8,472.6,9.688
23.49,CARRY,5.01,-0.01,-9.58,6.39,-0.01,1,0,320.5,234.0,6.0,0.12,0.01,48.9,13.26,-0.01,74.0,472.0,9.875
23.54,CARRY,5.02,-0.01,-9.58,6.4,-0.01,1,0,320.5,234.5,5.5,0.11,0.01,49.9,13.26,-0.01,74.5,471.8,9.75
23.59,CARRY,5.02,-0.01,-9.58,6.41,-0.01,1,0,320.5,234.5,5.5,0.11,0.01,48.8,13.26,-0.01,75.3,471.8,9.75
23.64,CARRY,5.03,-0.01,-9.58,6.43,-0.01,1,0,321.0,234.5,5.6,0.11,0.02,49.5,13.26,-0.01,75.2,471.1,9.875
23.7,CARRY,5.03,-0.01,-9.58,6.44,-0.01,1,0,321.0,234.5,5.6,0.11,0.02,49.0,13.26,-0.01,76.0,471.1,9.75
23.75,CARRY,5.04,-0.02,-9.58,6.45,-0.01,1,0,321.0,234.5,5.6,0.11,0.02,49.6,13.26,-0.01,76.0,470.4,9.812
23.8,CARRY,5.04,-0.02,-9.58,6.46,-0.01,1,0,321.0,234.0,6.1,0.12,0.02,48.8,13.26,-0.01,76.2,469.9,9.938
23.85,CARRY,5.05,-0.02,-9.58,6.48,-0.01,1,0,321.0,234.5,5.6,0.11,0.02,50.8,13.26,-0.01,76.8,469.7,9.875
23.9,CARRY,5.05,-0.02,-9.58,6.49,-0.01,1,0,320.5,234.0,6.0,0.12,0.01,48.8,13.26,-0.01,77.1,469.3,9.938
23.95,CARRY,5.06,-0.02,-9.58,6.5,-0.01,1,0,320.5,234.5,5.5,0.11,0.01,49.8,13.26,-0.01,77.6,469.1,9.875
24.0,CARRY,5.06,-0.02,-9.58,6.51,-0.01,1,0,320.5,234.0,6.0,0.12,0.01,48.9,13.26,-0.01,77.9,468.6,9.812
24.05,CARRY,5.08,-0.02,-9.58,6.53,-0.01,1,0,320.5,234.0,6.0,0.12,0.01,49.9,13.26,-0.01,77.9,467.9,9.938
24.1,CARRY,5.08,-0.02,-9.58,6.54,-0.01,1,0,320.5,234.0,6.0,0.12,0.01,50.6,13.26,-0.01,78.7,467.9,9.875
24.15,CARRY,5.09,-0.02,-9.58,6.55,-0.01,1,0,320.5,234.5,5.5,0.11,0.01,50.4,13.26,-0.01,79.2,467.8,9.812
24.2,CARRY,5.09,-0.02,-9.58,6.57,-0.01,1,0,320.5,234.0,6.0,0.12,0.01,49.5,13.26,-0.01,79.5,467.3,9.812
24.25,CARRY,5.1,-0.02,-9.58,6.58,-0.01,1,0,320.5,234.5,5.5,0.11,0.01,50.3,13.26,-0.01,80.0,467.1,9.75
24.3,CARRY,5.1,-0.02,-9.58,6.59,-0.01,1,0,321.0,234.0,6.1,0.12,0.02,48.8,13.26,-0.01,80.2,466.5,9.812
24.35,CARRY,5.11,-0.02,-9.58,6.6,-0.01,1,0,321.0,234.0,6.1,0.12,0.02,49.5,13.26,-0.01,80.2,465.8,9.875
24.4,CARRY,5.11,-0.02,-9.58,6.62,-0.01,1,0,321.5,233.5,6.7,0.13,0.03,49.6,13.26,-0.01,80.4,465.3,9.812
24.45,CARRY,5.12,-0.02,-9.58,6.63,-0.01,1,0,321.5,234.0,6.2,0.12,0.03,50.3,13.26,-0.01,80.9,465.1,9.812
24.51,CARRY,5.12,-0.02,-9.58,6.64,-0.01,1,0,321.5,234.0,6.2,0.12,0.03,49.8,13.26,-0.01,81.7,465.1,9.75
24.56,CARRY,5.14,-0.02,-9.58,6.65,-0.01,1,0,321.0,234.5,5.6,0.11,0.02,50.5,13.26,-0.01,82.2,464.9,9.812
24.61,CARRY,5.14,-0.02,-9.58,6.67,-0.01,1,0,321.0,234.0,6.1,0.12,0.02,50.0,13.26,-0.01,82.5,464.4,9.625
24.66,CARRY,5.15,-0.02,-9.58,6.68,-0.01,1,0,321.0,234.0,6.1,0.12,0.02,50.4,13.26,-0.01,82.5,463.7,9.75
24.71,CARRY,5.15,-0.02,-9.58,6.69,-0.01,1,0,321.0,233.5,6.6,0.13,0.02,50.0,13.26,-0.01,82.8,463.2,9.75
24.76,CARRY,5.16,-0.02,-9.58,6.7,-0.01,1,0,321.0,234.0,6.1,0.12,0.02,49.8,13.26,-0.01,83.3,463.0,9.75
24.81,CARRY,5.16,-0.02,-9.58,6.72,-0.01,1,0,321.0,233.5,6.6,0.13,0.02,49.2,13.26,-0.01,83.5,462.5,9.625
24.86,CARRY,5.17,-0.02,-9.58,6.73,-0.01,1,0,321.0,234.0,6.1,0.12,0.02,49.6,13.26,-0.01,84.1,462.3,9.625
24.91,CARRY,5.17,-0.02,-9.58,6.74,-0.01,1,0,321.0,234.0,6.1,0.12,0.02,49.0,13.26,-0.01,84.8,462.3,9.625
24.96,CARRY,5.19,-0.02,-9.58,6.76,-0.01,1,0,321.0,234.0,6.1,0.12,0.02,49.4,13.26,-0.01,84.8,461.6,9.562
25.01,CARRY,5.19,-0.02,-9.58,6.77,-0.01,1,0,321.0,233.5,6.6,0.13,0.02,49.1,13.26,-0.01,85.0,461.1,9.625
25.06,CARRY,5.2,-0.02,-9.58,6.78,-0.01,1,0,321.0,234.0,6.1,0.12,0.02,49.6,13.26,-0.01,85.6,460.9,9.562
25.11,CARRY,5.2,-0.02,-9.58,6.79,-0.01,1,0,321.5,233.5,6.7,0.13,0.03,49.6,13.26,-0.01,85.7,460.3,9.625
25.16,CARRY,5.21,-0.02,-9.58,6.81,-0.01,1,0,321.5,234.0,6.2,0.12,0.03,49.9,13.26,-0.01,86.3,460.1,9.5
25.21,CARRY,5.21,-0.02,-9.58,6.82,-0.01,1,0,321.5,233.5,6.7,0.13,0.03,49.4,13.26,-0.01,86.5,459.6,9.438
25.26,CARRY,5.22,-0.02,-9.58,6.83,-0.01,1,0,321.5,234.0,6.2,0.12,0.03,49.4,13.26,-0.01,87.0,459.5,9.312
25.32,CARRY,5.22,-0.02,-9.58,6.84,-0.01,1,0,321.5,234.0,6.2,0.12,0.03,48.7,13.26,-0.01,87.8,459.5,9.438
25.37,CARRY,5.23,-0.02,-9.58,6.86,-0.01,1,0,321.5,234.0,6.2,0.12,0.03,50.1,13.26,-0.01,87.8,458.8,9.5
25.42,CARRY,5.23,-0.02,-9.58,6.87,-0.01,1,0,321.5,233.5,6.7,0.13,0.03,48.8,13.26,-0.01,88.0,458.3,9.375
25.47,CARRY,5.24,-0.02,-9.58,6.88,-0.01,1,0,321.5,234.0,6.2,0.12,0.03,49.6,13.26,-0.01,88.6,458.1,9.375
25.52,CARRY,5.24,-0.02,-9.58,6.89,-0.01,1,0,321.5,233.5,6.7,0.13,0.03,48.8,13.26,-0.01,88.8,457.6,9.438
25.57,CARRY,5.26,-0.02,-9.58,6.91,-0.01,1,0,321.5,234.0,6.2,0.12,0.03,49.8,13.26,-0.01,89.3,457.4,9.375
25.62,CARRY,5.26,-0.02,-9.58,6.92,-0.01,1,0,321.5,233.5,6.7,0.13,0.03,48.9,13.26,-0.01,89.6,456.9,9.5
25.67,CARRY,5.27,-0.02,-9.58,6.93,-0.01,1,0,321.5,233.5,6.7,0.13,0.03,50.9,13.26,-0.01,89.6,456.2,9.5
25.72,CARRY,5.27,-0.02,-9.58,6.94,-0.01,1,0,321.5,233.5,6.7,0.13,0.03,49.2,13.26,-0.01,90.3,456.2,9.562
25.77,CARRY,5.28,-0.02,-9.58,6.96,-0.01,1,0,321.0,234.0,6.1,0.12,0.02,52.7,13.26,-0.01,90.9,456.0,9.562
25.82,CARRY,5.28,-0.02,-9.58,6.97,-0.01,1,0,321.0,233.5,6.6,0.13,0.02,50.0,13.26,-0.01,91.2,455.5,9.562
25.87,CARRY,5.29,-0.02,-9.58,6.98,-0.01,1,0,321.0,234.0,6.1,0.12,0.02,48.9,13.26,-0.01,91.7,455.3,9.375
25.92,CARRY,5.29,-0.02,-9.58,7.0,-0.01,1,0,321.0,233.0,7.1,0.14,0.02,47.9,13.26,-0.01,91.4,454.3,9.375
25.97,CARRY,5.31,-0.02,-9.58,7.01,-0.01,1,0,321.0,233.0,7.1,0.14,0.02,48.7,13.26,-0.01,91.4,453.6,9.375
26.02,CARRY,5.31,-0.02,-9.58,7.02,-0.01,1,0,321.0,232.5,7.6,0.15,0.02,50.0,13.26,-0.01,91.7,453.1,9.312
26.07,CARRY,5.32,-0.02,-9.58,7.03,-0.01,1,0,321.0,233.0,7.1,0.14,0.02,48.9,13.26,-0.01,92.2,452.8,9.375
26.12,CARRY,5.32,-0.02,-9.58,7.05,-0.01,1,0,321.0,233.0,7.1,0.14,0.02,52.0,13.26,-0.01,92.9,452.8,9.188
26.18,CARRY,5.33,-0.02,-9.58,7.06,-0.01,1,0,321.0,233.5,6.6,0.13,0.02,48.6,13.26,-0.01,93.4,452.6,9.312
26.23,CARRY,5.33,-0.02,-9.58,7.07,-0.01,1,0,321.5,233.5,6.7,0.13,0.03,49.0,13.26,-0.01,94.1,452.5,9.188
26.28,CARRY,5.34,-0.02,-9.58,7.08,-0.01,1,0,321.0,234.0,6.1,0.12,0.02,48.5,13.26,-0.01,94.6,452.3,9.312
26.33,CARRY,5.34,-0.02,-9.58,7.1,-0.01,1,0,321.0,233.0,7.1,0.14,0.02,50.7,13.26,-0.01,94.3,451.4,9.062
26.38,CARRY,5.36,-0.02,-9.58,7.11,-0.01,1,0,321.0,233.5,6.6,0.13,0.02,48.8,13.26,-0.01,94.8,451.1,9.125
26.43,CARRY,5.36,-0.02,-9.58,7.12,-0.01,1,0,321.0,233.0,7.1,0.14,0.02,49.5,13.26,-0.01,95.0,450.6,9.125
26.48,CARRY,5.37,-0.02,-9.58,7.13,-0.01,1,0,321.0,233.0,7.1,0.14,0.02,50.5,13.26,-0.01,95.0,449.8,9.125
26.53,CARRY,5.37,-0.02,-9.58,7.15,-0.01,1,0,321.5,233.0,7.2,0.14,0.03,50.5,13.26,-0.01,95.7,449.8,9.188
26.58,CARRY,5.38,-0.02,-9.58,7.16,-0.01,1,0,321.5,233.5,6.7,0.13,0.03,48.9,13.26,-0.01,96.2,449.5,9.25
26.63,CARRY,5.38,-0.02,-9.58,7.17,-0.01,1,0,321.5,233.0,7.2,0.14,0.03,50.5,13.26,-0.01,96.4,449.0,9.312
26.68,CARRY,5.4,-0.02,-9.58,7.19,-0.01,1,0,321.5,233.5,6.7,0.13,0.03,48.1,13.26,-0.01,96.9,448.7,9.312
26.73,CARRY,5.4,-0.02,-9.58,7.2,-0.01,1,0,321.5,233.0,7.2,0.14,0.03,48.3,13.26,-0.01,97.1,448.2,9.312
26.78,CARRY,5.41,-0.02,-9.58,7.21,-0.01,1,0,321.5,233.0,7.2,0.14,0.03,49.4,13.26,-0.01,97.0,447.4,9.25
26.83,CARRY,5.41,-0.02,-9.58,7.22,-0.01,1,0,321.5,233.0,7.2,0.14,0.03,48.8,13.26,-0.01,97.7,447.4,9.312
26.88,CARRY,5.42,-0.02,-9.58,7.24,-0.01,1,0,321.5,233.5,6.7,0.13,0.03,49.5,13.26,-0.01,98.2,447.2,9.188
26.93,CARRY,5.42,-0.02,-9.58,7.25,-0.01,1,0,321.0,233.0,7.1,0.14,0.02,48.9,13.26,-0.01,98.5,446.7,9.062
26.98,CARRY,5.44,-0.02,-9.58,7.26,-0.01,1,0,321.0,233.5,6.6,0.13,0.02,49.6,13.26,-0.01,98.9,446.4,8.938
27.04,CARRY,5.44,-0.02,-9.58,7.27,-0.01,1,0,321.0,233.0,7.1,0.14,0.02,48.9,13.26,-0.01,99.1,445.9,9.0
27.09,CARRY,5.45,-0.02,-9.58,7.29,-0.01,1,0,321.0,234.0,6.1,0.12,0.02,50.3,13.26,-0.01,100.1,446.1,8.812
27.14,CARRY,5.45,-0.02,-9.58,7.3,-0.01,1,0,321.0,233.5,6.6,0.13,0.02,49.0,13.26,-0.01,100.3,445.6,8.75
27.19,CARRY,5.47,-0.01,-9.58,7.31,-0.01,1,0,321.0,234.0,6.1,0.12,0.02,49.6,13.26,-0.01,100.7,445.3,8.688
27.24,CARRY,5.47,-0.01,-9.58,7.32,-0.01,1,0,321.0,233.5,6.6,0.13,0.02,48.6,13.26,-0.01,100.9,444.8,8.625
27.29,CARRY,5.48,-0.01,-9.58,7.34,-0.01,1,0,321.0,233.5,6.6,0.13,0.02,49.9,13.26,-0.01,100.9,444.0,8.562
27.34,CARRY,5.48,-0.01,-9.58,7.35,-0.01,1,0,321.0,233.5,6.6,0.13,0.02,48.8,13.26,-0.01,101.6,444.0,8.5
27.39,CARRY,5.49,-0.01,-9.58,7.36,-0.01,1,0,321.0,234.0,6.1,0.12,0.02,49.9,13.26,-0.01,102.0,443.7,8.5
27.44,CARRY,5.49,-0.01,-9.58,7.37,-0.01,1,0,321.0,233.5,6.6,0.13,0.02,48.7,13.26,-0.01,102.2,443.2,8.375
27.49,CARRY,5.51,-0.01,-9.58,7.39,-0.01,1,0,321.0,233.5,6.6,0.13,0.02,50.0,13.26,-0.01,102.2,442.4,8.375
27.54,CARRY,5.51,-0.01,-9.58,7.4,-0.01,1,0,321.0,233.5,6.6,0.13,0.02,48.9,13.26,-0.01,102.9,442.4,8.438
27.59,CARRY,5.52,-0.01,-9.58,7.41,-0.01,1,0,320.5,234.0,6.0,0.12,0.01,49.1,13.26,-0.01,103.4,442.2,8.438
27.64,CARRY,5.52,-0.01,-9.58,7.42,-0.01,1,0,320.5,233.5,6.5,0.13,0.01,49.5,13.26,-0.01,103.7,441.7,8.562
27.69,CARRY,5.53,-0.01,-9.58,7.44,-0.01,1,0,320.5,234.0,6.0,0.12,0.01,49.5,13.26,-0.01,104.1,441.4,8.438
27.74,CARRY,5.55,-0.01,-9.58,7.45,-0.01,1,0,320.5,234.0,6.0,0.12,0.01,50.4,13.26,-0.01,104.1,440.7,8.5
27.79,CARRY,5.55,-0.01,-9.58,7.46,-0.01,1,0,320.5,234.0,6.0,0.12,0.01,49.2,13.26,-0.01,104.8,440.7,8.562
27.84,CARRY,5.55,-0.01,-9.58,7.48,-0.01,1,0,320.5,233.0,7.0,0.14,0.01,48.8,13.26,-0.01,104.6,439.7,8.5
27.89,CARRY,5.56,-0.01,-9.58,7.49,-0.01,1,0,320.5,233.5,6.5,0.13,0.01,48.9,13.26,-0.01,105.0,439.4,8.438
27.94,CARRY,5.56,-0.01,-9.58,7.5,-0.01,1,0,320.5,233.0,7.0,0.14,0.01,50.0,13.26,-0.01,105.3,438.9,8.438
27.99,CARRY,5.57,-0.01,-9.58,7.51,-0.01,1,0,320.0,233.5,6.5,0.13,0.0,49.1,13.26,-0.01,105.8,438.7,8.438
28.04,CARRY,5.57,-0.01,-9.58,7.53,-0.01,1,0,320.0,233.5,6.5,0.13,0.0,48.9,13.26,-0.01,106.5,438.7,8.25
28.09,CARRY,5.59,-0.0,-9.58,7.54,-0.01,1,0,320.0,234.0,6.0,0.12,0.0,49.5,13.26,-0.01,107.0,438.5,8.438
28.14,CARRY,5.6,-0.0,-9.58,7.55,-0.01,1,0,320.0,234.5,5.5,0.11,0.0,50.1,13.26,-0.01,107.5,438.2,8.188
28.19,CARRY,5.6,-0.0,-9.58,7.56,-0.01,1,0,320.0,234.0,6.0,0.12,0.0,48.9,13.26,-0.01,107.7,437.7,8.25
28.24,CARRY,5.61,-0.0,-9.58,7.58,-0.01,1,0,320.0,234.5,5.5,0.11,0.0,49.6,13.26,-0.01,108.2,437.5,8.188
28.3,CARRY,5.61,-0.0,-9.58,7.59,-0.01,1,0,320.0,234.5,5.5,0.11,0.0,49.9,13.26,-0.01,108.9,437.5,7.938
28.35,CARRY,5.63,-0.0,-9.58,7.6,-0.01,1,0,320.0,234.5,5.5,0.11,0.0,51.1,13.26,-0.01,108.9,436.7,7.906
28.4,CARRY,5.63,-0.0,-9.58,7.61,-0.01,1,0,320.0,234.0,6.0,0.12,0.0,49.5,13.26,-0.01,109.2,436.2,7.812
28.45,CARRY,5.64,-0.0,-9.58,7.63,-0.01,1,0,320.0,234.0,6.0,0.12,0.0,51.0,13.26,-0.01,109.2,435.5,7.969
28.5,CARRY,5.64,-0.0,-9.58,7.64,-0.01,1,0,320.5,234.0,6.0,0.12,0.01,49.7,13.26,-0.01,109.9,435.5,7.719
28.55,CARRY,5.65,-0.0,-9.58,7.65,-0.01,1,0,320.5,234.5,5.5,0.11,0.01,51.0,13.26,-0.01,110.4,435.2,7.719
28.6,CARRY,5.65,-0.0,-9.58,7.67,-0.01,1,0,320.0,234.0,6.0,0.12,0.0,49.5,13.26,-0.01,110.7,434.8,7.5
28.65,CARRY,5.66,-0.01,-9.58,7.68,-0.01,1,0,320.5,235.0,5.0,0.1,0.01,50.9,13.26,-0.01,111.6,435.0,7.469
28.7,CARRY,5.66,-0.01,-9.58,7.69,-0.01,1,0,320.5,234.5,5.5,0.11,0.01,50.0,13.26,-0.01,111.9,434.5,7.188
28.76,CARRY,5.67,-0.01,-9.58,7.7,-0.01,1,0,320.0,235.0,5.0,0.1,0.0,50.3,13.26,-0.01,112.5,434.4,6.969
28.81,CARRY,5.67,-0.01,-9.58,7.72,-0.01,1,0,320.0,234.5,5.5,0.11,0.0,49.8,13.26,-0.01,112.7,433.9,6.781
28.86,CARRY,5.69,-0.01,-9.58,7.73,-0.01,1,0,320.0,234.5,5.5,0.11,0.0,50.2,13.26,-0.01,112.8,433.2,6.719
28.91,CARRY,5.69,-0.01,-9.58,7.74,-0.01,1,0,320.0,234.5,5.5,0.11,0.0,49.6,13.26,-0.01,113.5,433.2,6.625
28.96,CARRY,5.7,-0.01,-9.58,7.75,-0.01,1,0,320.0,235.0,5.0,0.1,0.0,49.6,13.26,-0.01,114.1,433.0,6.281
29.01,CARRY,5.7,-0.01,-9.58,7.77,-0.01,1,0,320.0,234.5,5.5,0.11,0.0,49.5,13.26,-0.01,114.3,432.5,6.062
29.06,CARRY,5.71,-0.01,-9.58,7.78,-0.01,1,0,320.5,234.5,5.5,0.11,0.01,51.2,13.26,-0.01,114.3,431.8,6.0
29.11,CARRY,5.71,-0.01,-9.58,7.79,-0.01,1,0,320.0,233.5,6.5,0.13,0.0,50.1,13.26,-0.01,114.2,430.9,5.875
29.16,CARRY,5.72,-0.01,-9.58,7.81,-0.01,1,0,320.0,234.5,5.5,0.11,0.0,50.4,13.26,-0.01,115.2,431.2,5.688
29.21,CARRY,5.72,-0.01,-9.58,7.82,-0.01,1,0,320.5,234.0,6.0,0.12,0.01,49.8,13.26,-0.01,115.4,430.7,5.438
29.27,CARRY,5.73,-0.01,-9.58,7.83,-0.01,1,0,320.5,234.0,6.0,0.12,0.01,51.5,13.26,-0.01,115.5,430.1,4.5
29.32,CARRY,5.73,-0.01,-9.58,7.84,-0.01,1,0,321.0,233.5,6.6,0.13,0.02,49.7,13.26,-0.01,115.8,429.5,3.797
29.37,CARRY,5.74,-0.01,-9.58,7.86,-0.01,1,0,321.0,233.5,6.6,0.13,0.02,50.6,13.26,-0.01,115.9,428.9,3.672
29.42,CARRY,5.74,-0.01,-9.58,7.87,-0.01,1,0,,,,0.231,0.027,49.7,13.26,-0.01,,,-0.512
29.47,CARRY,5.75,-0.01,-9.58,7.88,-0.01,1,0,,,,0.231,0.028,50.5,13.26,-0.01,,,-2.484
29.52,CARRY,5.75,-0.01,-9.58,7.89,-0.01,1,0,,,,0.238,0.028,49.7,13.26,-0.01,,,-2.859
29.57,CARRY,5.76,-0.01,-9.58,7.91,-0.01,1,0,,,,0.238,0.028,51.6,13.26,-0.01,,,-3.281
29.62,CARRY,5.76,-0.01,-9.58,7.92,-0.01,1,0,,,,0.245,0.029,50.0,13.26,-0.01,,,-3.469
29.68,CARRY,5.78,-0.01,-9.58,7.93,-0.01,1,0,,,,0.245,0.029,49.6,13.26,-0.01,,,-3.453
29.73,CARRY,5.78,-0.01,-9.58,7.95,-0.01,1,0,,,,0.251,0.029,49.2,13.26,-0.01,,,-2.797
29.78,CARRY,5.79,-0.01,-9.58,7.96,-0.01,1,0,,,,0.25,0.029,49.5,13.26,-0.01,,,-2.812
29.83,CARRY,5.79,-0.01,-9.58,7.97,-0.01,1,0,,,,0.256,0.029,49.3,13.26,-0.01,,,-3.047
29.88,CARRY,5.8,-0.01,-9.58,7.98,-0.01,1,0,,,,0.255,0.029,50.2,13.26,-0.01,,,-2.938
29.93,CARRY,5.8,-0.01,-9.58,8.0,-0.01,1,0,,,,0.261,0.03,49.2,13.26,-0.01,,,-3.266
29.98,CARRY,5.82,-0.01,-9.58,8.01,-0.01,1,0,,,,0.258,0.029,49.6,13.26,-0.01,,,-3.188
30.03,CARRY,5.82,-0.01,-9.58,8.02,-0.01,1,1,,,,0.264,0.03,49.4,13.26,-0.01,,,-3.406
30.08,CARRY,5.84,-0.01,-9.58,8.03,-0.01,1,1,,,,0.261,0.029,50.0,13.26,-0.01,,,-3.547
30.13,CARRY,5.84,-0.01,-9.58,8.05,-0.01,1,1,,,,0.267,0.03,49.5,13.26,-0.01,,,-3.516
30.18,CARRY,5.86,-0.02,-9.58,8.06,-0.01,1,1,,,,0.263,0.029,49.4,13.26,-0.01,,,-3.234
30.23,CARRY,5.86,-0.02,-9.58,8.07,-0.01,1,1,,,,0.269,0.03,48.9,13.26,-0.01,,,-3.25
30.28,CARRY,5.88,-0.02,-9.58,8.08,-0.01,1,1,,,,0.263,0.029,49.8,13.26,-0.01,,,-3.578
30.33,CARRY,5.88,-0.02,-9.58,8.1,-0.01,1,1,,,,0.27,0.029,48.4,13.26,-0.01,,,-3.516
30.38,CARRY,5.91,-0.02,-9.58,8.11,-0.01,1,1,,,,0.264,0.029,50.0,13.26,-0.01,,,-3.453
30.43,CARRY,5.91,-0.02,-9.58,8.12,-0.01,1,1,,,,0.27,0.029,49.0,13.26,-0.01,,,-3.391
30.48,CARRY,5.93,-0.02,-9.58,8.14,-0.01,1,1,,,,0.264,0.028,49.7,13.26,-0.01,,,-3.062
30.53,CARRY,5.93,-0.02,-9.58,8.15,-0.01,1,1,,,,0.27,0.029,48.9,13.26,-0.01,,,-3.078
30.58,CARRY,5.96,-0.02,-9.58,8.16,-0.01,1,1,,,,0.264,0.028,49.7,13.26,-0.01,,,-3.281
30.63,CARRY,5.96,-0.02,-9.58,8.17,-0.01,1,1,,,,0.27,0.029,51.8,13.26,-0.01,,,-3.328
30.69,CARRY,5.98,-0.02,-9.58,8.19,-0.01,1,1,,,,0.264,0.028,50.8,13.26,-0.01,,,-3.484
30.74,CARRY,5.98,-0.02,-9.58,8.2,-0.01,1,1,,,,0.27,0.028,49.0,13.26,-0.01,,,-3.5
30.79,CARRY,6.01,-0.02,-9.58,8.21,-0.01,1,1,,,,0.263,0.028,50.0,13.26,-0.01,,,-3.797
30.84,CARRY,6.01,-0.02,-9.58,8.22,-0.01,1,1,,,,0.27,0.028,48.6,13.26,-0.01,,,-3.734
30.89,CARRY,6.03,-0.02,-9.58,8.24,-0.01,1,1,,,,0.263,0.027,50.2,13.26,-0.01,,,-3.641
30.94,CARRY,6.03,-0.02,-9.58,8.25,-0.01,1,1,,,,0.269,0.028,49.2,13.26,-0.01,,,-3.578
30.99,CARRY,6.06,-0.02,-9.58,8.26,-0.01,1,1,,,,0.262,0.027,51.2,13.26,-0.01,,,-3.406
31.04,CARRY,6.06,-0.02,-9.58,8.28,-0.01,1,1,,,,0.268,0.027,49.7,13.26,-0.01,,,-3.359
31.09,CARRY,6.09,-0.02,-9.58,8.29,-0.01,1,1,,,,0.261,0.027,49.8,13.26,-0.01,,,-3.25
31.14,CARRY,6.11,-0.02,-9.58,8.3,-0.01,1,1,,,,0.254,0.026,50.8,13.26,-0.01,,,-3.234
31.2,CARRY,6.11,-0.02,-9.58,8.31,-0.01,1,1,,,,0.261,0.027,49.6,13.26,-0.01,,,-3.234
31.25,CARRY,6.14,-0.02,-9.58,8.33,-0.01,1,1,,,,0.254,0.026,48.8,13.26,-0.01,,,-3.609
31.3,CARRY,6.14,-0.02,-9.58,8.34,-0.01,1,1,,,,0.26,0.026,48.8,13.26,-0.01,,,-3.562
31.35,CARRY,6.17,-0.03,-9.58,8.35,-0.01,1,1,,,,0.252,0.026,50.9,13.26,-0.01,,,-3.953
31.4,CARRY,6.17,-0.03,-9.58,8.36,-0.01,1,1,,,,0.259,0.026,48.0,13.26,-0.01,,,-3.875
31.45,CARRY,6.19,-0.03,-9.58,8.38,-0.01,1,1,,,,0.252,0.026,48.8,13.26,-0.01,,,-3.719
31.5,CARRY,6.19,-0.03,-9.58,8.39,-0.01,1,1,,,,0.258,0.026,48.7,13.26,-0.01,,,-3.719
31.55,CARRY,6.22,-0.03,-9.58,8.4,-0.01,1,1,,,,0.251,0.026,50.1,13.26,-0.01,,,-3.75
31.6,CARRY,6.22,-0.03,-9.58,8.41,-0.01,1,1,,,,0.257,0.026,49.6,13.26,-0.01,,,-3.75
31.65,CARRY,6.24,-0.03,-9.58,8.43,-0.01,1,1,,,,0.25,0.026,49.6,13.26,-0.01,,,-3.75
31.7,CARRY,6.24,-0.03,-9.58,8.44,-0.01,1,1,,,,0.256,0.026,49.7,13.26,-0.01,,,-3.781
31.75,CARRY,6.27,-0.03,-9.58,8.45,-0.01,1,1,,,,0.249,0.026,49.3,13.26,-0.01,,,-4.031
31.8,CARRY,6.27,-0.03,-9.58,8.46,-0.01,1,1,,,,0.255,0.026,48.1,13.26,-0.01,,,-3.984
31.85,CARRY,6.3,-0.03,-9.58,8.48,-0.01,1,1,,,,0.249,0.025,49.6,13.26,-0.01,,,-3.859
31.9,CARRY,6.3,-0.03,-9.58,8.49,-0.01,1,1,,,,0.255,0.026,48.1,13.26,-0.01,,,-3.875
31.95,CARRY,6.32,-0.03,-9.58,8.5,-0.01,1,1,,,,0.248,0.025,50.2,13.26,-0.01,,,-3.516
32.0,CARRY,6.32,-0.03,-9.58,8.52,-0.01,1,1,,,,0.254,0.026,49.0,13.26,-0.01,,,-3.672
32.05,CARRY,6.35,-0.03,-9.58,8.53,-0.01,1,1,,,,0.247,0.025,49.3,13.26,-0.01,,,-3.625
32.1,CARRY,6.35,-0.03,-9.58,8.54,-0.01,1,1,,,,0.253,0.026,49.0,13.26,-0.01,,,-3.688
32.15,CARRY,6.37,-0.04,-9.58,8.55,-0.01,1,1,,,,0.247,0.025,49.1,13.26,-0.01,,,-3.625
32.2,CARRY,6.37,-0.04,-9.58,8.57,-0.01,1,1,,,,0.253,0.025,49.7,13.26,-0.01,,,-3.672
32.25,CARRY,6.4,-0.04,-9.58,8.58,-0.01,1,1,,,,0.246,0.025,48.6,13.26,-0.01,,,-3.891
32.3,CARRY,6.4,-0.04,-9.58,8.59,-0.01,1,1,,,,0.252,0.025,49.8,13.26,-0.01,,,-3.875
32.35,CARRY,6.42,-0.04,-9.58,8.6,-0.01,1,1,,,,0.245,0.024,49.2,13.26,-0.01,,,-3.875
32.4,REGROUND,6.42,-0.04,-9.58,8.62,-0.01,1,1,,,,-2.092,-0.286,152.6,13.26,-0.01,,,-3.844
32.56,REGROUND,6.47,-0.04,-9.58,8.65,-0.01,1,1,,,,-2.087,-0.279,5.7,13.26,-0.01,,,
32.61,REGROUND,6.47,-0.04,-9.58,8.67,-0.01,1,1,,,,-2.09,-0.279,1.9,13.26,-0.01,,,
32.66,REGROUND,6.5,-0.04,-9.58,8.68,-0.01,1,1,,,,-2.094,-0.278,2.5,13.26,-0.01,,,
32.71,REGROUND,6.5,-0.04,-9.58,8.69,-0.01,1,1,,,,-2.097,-0.278,2.0,13.26,-0.01,,,
32.76,REGROUND,6.52,-0.04,-9.58,8.7,-0.01,1,1,,,,-2.107,-0.284,2.4,13.26,-0.01,,,
32.81,REGROUND,6.52,-0.04,-9.58,8.72,-0.01,1,1,,,,-2.107,-0.284,2.0,13.26,-0.01,,,
32.86,REGROUND,6.54,-0.04,-9.58,8.73,-0.01,1,1,,,,-2.112,-0.284,2.6,13.26,-0.01,,,
32.91,REGROUND,6.54,-0.04,-9.58,8.74,-0.01,1,1,,,,-2.115,-0.284,2.0,13.26,-0.01,,,
32.96,REGROUND,6.55,-0.04,-9.58,8.75,-0.01,1,1,,,,-2.121,-0.285,2.6,13.26,-0.01,,,
33.01,REGROUND,6.55,-0.04,-9.58,8.77,-0.01,1,1,,,,-2.122,-0.285,1.9,13.26,-0.01,,,
33.06,REGROUND,6.55,-0.04,-9.57,8.78,-0.01,1,1,,,,-2.129,-0.289,2.6,13.26,-0.01,,,
33.11,REGROUND,6.55,-0.04,-9.57,8.79,-0.01,1,1,,,,-2.139,-0.29,1.8,13.26,-0.01,,,
33.16,REGROUND,6.53,-0.04,-9.57,8.8,-0.01,1,1,,,,-2.137,-0.293,2.5,13.26,-0.01,,,
33.21,REGROUND,6.53,-0.04,-9.57,8.82,-0.01,1,1,,,,-2.146,-0.295,1.8,13.26,-0.01,,,
33.26,REGROUND,6.48,-0.04,-9.57,8.83,-0.01,1,1,,,,-2.132,-0.295,2.5,13.26,-0.01,,,
33.31,REGROUND,6.48,-0.04,-9.57,8.84,-0.01,1,1,,,,-2.142,-0.297,1.8,13.26,-0.01,,,
33.36,REGROUND,6.4,-0.04,-9.57,8.85,-0.01,1,1,,,,-2.115,-0.293,2.4,13.26,-0.01,,,
33.41,REGROUND,6.4,-0.04,-9.57,8.87,-0.01,1,1,,,,-2.125,-0.295,1.8,13.26,-0.01,,,
33.46,REGROUND,6.3,-0.04,-9.57,8.88,-0.01,1,1,,,,-2.085,-0.288,2.3,13.26,-0.01,,,
33.51,REGROUND,6.3,-0.04,-9.57,8.89,-0.01,1,1,,,,-2.095,-0.29,1.8,13.26,-0.01,,,
33.56,REGROUND,6.18,-0.04,-9.57,8.9,-0.01,1,1,,,,-2.045,-0.28,2.3,13.26,-0.01,,,
33.61,REGROUND,6.18,-0.04,-9.57,8.92,-0.01,1,1,,,,-2.055,-0.282,1.8,13.26,-0.01,,,
33.66,REGROUND,6.04,-0.04,-9.58,8.93,-0.01,1,1,,,,-1.994,-0.271,2.6,13.26,-0.01,,,
33.71,REGROUND,6.04,-0.04,-9.58,8.94,-0.01,1,1,,,,-2.004,-0.273,1.9,13.26,-0.01,,,
33.76,REGROUND,5.88,-0.04,-9.58,8.95,-0.01,1,1,,,,-1.936,-0.263,2.6,13.26,-0.01,,,
33.81,REGROUND,5.88,-0.04,-9.58,8.97,-0.01,1,1,,,,-1.946,-0.265,1.9,13.26,-0.01,,,
33.86,REGROUND,5.71,-0.04,-9.58,8.98,-0.01,1,1,,,,-1.873,-0.255,2.5,13.26,-0.01,,,
33.91,REGROUND,5.71,-0.04,-9.58,8.99,-0.01,1,1,,,,-1.883,-0.257,1.8,13.26,-0.01,,,
33.96,REGROUND,5.54,-0.04,-9.58,9.0,-0.01,1,1,,,,-1.806,-0.247,2.5,13.26,-0.01,,,
34.01,REGROUND,5.54,-0.04,-9.58,9.02,-0.01,1,1,,,,-1.816,-0.249,1.8,13.26,-0.01,,,
34.06,REGROUND,5.36,-0.04,-9.58,9.03,-0.01,1,1,,,,-1.737,-0.239,2.4,13.26,-0.01,,,
34.11,REGROUND,5.36,-0.04,-9.58,9.04,-0.01,1,1,,,,-1.747,-0.241,1.8,13.26,-0.01,,,
34.16,REGROUND,5.18,-0.04,-9.58,9.05,-0.01,1,1,,,,-1.667,-0.231,2.4,13.26,-0.01,,,
34.21,REGROUND,5.18,-0.04,-9.58,9.07,-0.01,1,1,,,,-1.677,-0.233,1.9,13.26,-0.01,,,
34.26,REGROUND,5.0,-0.04,-9.58,9.08,-0.01,1,1,,,,-1.597,-0.222,2.3,13.26,-0.01,,,
34.31,REGROUND,5.0,-0.04,-9.58,9.09,-0.01,1,1,,,,-1.607,-0.224,1.7,13.26,-0.01,,,
34.36,REGROUND,4.82,-0.04,-9.58,9.1,-0.01,1,1,,,,-1.528,-0.214,2.6,13.26,-0.01,,,
34.41,REGROUND,4.82,-0.04,-9.58,9.12,-0.01,1,1,,,,-1.538,-0.216,1.9,13.26,-0.01,,,
34.46,REGROUND,4.64,-0.05,-9.58,9.13,-0.01,1,1,,,,-1.459,-0.205,2.5,13.26,-0.01,,,
34.51,REGROUND,4.64,-0.05,-9.58,9.14,-0.01,1,1,,,,-1.469,-0.207,1.9,13.26,-0.01,,,
34.56,REGROUND,4.46,-0.05,-9.58,9.15,-0.01,1,1,,,,-1.392,-0.197,2.6,13.26,-0.01,,,
34.61,REGROUND,4.46,-0.05,-9.58,9.17,-0.01,1,1,,,,-1.402,-0.198,1.8,13.26,-0.01,,,
34.66,REGROUND,4.29,-0.05,-9.58,9.18,-0.01,1,1,,,,-1.327,-0.188,2.4,13.26,-0.01,,,
34.71,REGROUND,4.29,-0.05,-9.58,9.19,-0.01,1,1,,,,-1.337,-0.19,1.8,13.26,-0.01,,,
34.76,REGROUND,4.13,-0.05,-9.58,9.2,-0.01,1,1,,,,-1.265,-0.18,2.6,13.26,-0.01,,,
34.81,REGROUND,4.13,-0.05,-9.58,9.22,-0.01,1,1,,,,-1.275,-0.182,1.9,13.26,-0.01,,,
34.86,REGROUND,3.97,-0.05,-9.58,9.23,-0.01,1,1,,,,-1.205,-0.173,2.4,13.26,-0.01,,,
34.91,REGROUND,3.97,-0.05,-9.58,9.24,-0.01,1,1,,,,-1.215,-0.174,5.1,13.26,-0.01,,,
34.96,REGROUND,3.81,-0.05,-9.58,9.26,-0.01,1,1,,,,-1.148,-0.165,2.3,13.26,-0.01,,,
35.01,REGROUND,3.81,-0.05,-9.58,9.27,-0.01,1,0,,,,-1.158,-0.167,1.9,13.26,-0.01,,,
35.06,REGROUND,3.66,-0.05,-9.58,9.28,-0.01,1,0,,,,-1.093,-0.158,2.5,13.26,-0.01,,,
35.11,REGROUND,3.66,-0.05,-9.58,9.29,-0.01,1,0,,,,-1.103,-0.16,1.7,13.26,-0.01,,,
35.16,REGROUND,3.52,-0.06,-9.58,9.31,-0.01,1,0,,,,-1.041,-0.151,2.4,13.26,-0.01,,,
35.21,REGROUND,3.52,-0.06,-9.58,9.32,-0.01,1,0,,,,-1.05,-0.152,1.9,13.26,-0.01,,,
35.26,REGROUND,3.38,-0.06,-9.57,9.33,-0.01,1,0,,,,-0.991,-0.144,2.6,13.26,-0.01,,,
35.31,REGROUND,3.38,-0.06,-9.57,9.34,-0.01,1,0,,,,-1.001,-0.146,1.7,13.26,-0.01,,,
35.36,REGROUND,3.24,-0.06,-9.57,9.36,-0.01,1,0,,,,-0.945,-0.138,2.5,13.26,-0.01,,,
35.41,REGROUND,3.24,-0.06,-9.57,9.37,-0.01,1,0,,,,-0.954,-0.139,1.8,13.26,-0.01,,,
35.46,REGROUND,3.11,-0.06,-9.57,9.38,-0.01,0,0,,,,-0.9,-0.132,2.5,13.26,-0.01,,,
35.51,REGROUND,3.11,-0.06,-9.57,9.39,-0.01,0,0,,,,-0.91,-0.133,1.8,13.26,-0.01,,,
35.56,REGROUND,2.99,-0.07,-9.57,9.41,-0.01,0,0,,,,-0.859,-0.126,2.4,13.26,-0.01,,,
35.61,REGROUND,2.99,-0.07,-9.57,9.42,-0.01,0,0,,,,-0.869,-0.127,1.8,13.26,-0.01,,,
35.66,REGROUND,2.87,-0.07,-9.57,9.43,-0.01,0,0,,,,-0.819,-0.12,2.4,13.26,-0.01,,,
35.71,REGROUND,2.87,-0.07,-9.57,9.44,-0.01,0,0,,,,-0.829,-0.122,1.9,13.26,-0.01,,,
35.76,REGROUND,2.76,-0.07,-9.57,9.46,-0.01,0,0,,,,-0.782,-0.115,2.3,13.26,-0.01,,,
35.81,REGROUND,2.76,-0.07,-9.57,9.47,-0.01,0,0,,,,-0.792,-0.117,1.8,13.26,-0.01,,,
35.86,REGROUND,2.65,-0.07,-9.57,9.48,-0.01,0,0,,,,-0.748,-0.11,2.3,13.26,-0.01,,,
35.91,REGROUND,2.65,-0.07,-9.57,9.49,-0.01,0,0,,,,-0.758,-0.112,1.9,13.26,-0.01,,,
35.96,REGROUND,2.54,-0.08,-9.57,9.51,-0.01,0,0,,,,-0.716,-0.105,2.5,13.26,-0.01,,,
36.01,REGROUND,2.54,-0.08,-9.57,9.52,-0.01,0,0,,,,-0.726,-0.107,1.8,13.26,-0.01,,,
36.06,REGROUND,2.44,-0.08,-9.57,9.53,-0.01,0,0,,,,-0.686,-0.1,2.5,13.26,-0.01,,,
36.11,REGROUND,2.44,-0.08,-9.57,9.54,-0.01,0,0,,,,-0.696,-0.102,1.8,13.26,-0.01,,,
36.16,REGROUND,2.34,-0.08,-9.57,9.56,-0.01,0,0,,,,-0.658,-0.096,2.4,13.26,-0.01,,,
36.21,REGROUND,2.34,-0.08,-9.57,9.57,-0.01,0,0,,,,-0.668,-0.098,1.8,13.26,-0.01,,,
36.26,REGROUND,2.25,-0.09,-9.57,9.58,-0.01,0,0,,,,-0.632,-0.092,2.3,13.26,-0.01,,,
36.31,REGROUND,2.25,-0.09,-9.57,9.59,-0.01,0,0,,,,-0.642,-0.094,1.7,13.26,-0.01,,,
36.36,REGROUND,2.16,-0.09,-9.57,9.61,-0.01,0,0,,,,-0.608,-0.088,2.4,13.26,-0.01,,,
36.41,REGROUND,2.16,-0.09,-9.57,9.62,-0.01,0,0,,,,-0.618,-0.09,1.8,13.26,-0.01,,,
36.46,REGROUND,2.08,-0.09,-9.57,9.63,-0.01,0,0,,,,-0.586,-0.085,2.4,13.26,-0.01,,,
36.51,REGROUND,2.08,-0.09,-9.57,9.64,-0.01,0,0,,,,-0.595,-0.086,1.7,13.26,-0.01,,,
36.56,REGROUND,2.0,-0.09,-9.57,9.66,-0.01,0,0,,,,-0.565,-0.081,2.4,13.26,-0.01,,,
36.61,REGROUND,2.0,-0.09,-9.57,9.67,-0.01,0,0,,,,-0.574,-0.083,1.9,13.26,-0.01,,,
36.66,REGROUND,1.92,-0.1,-9.57,9.68,-0.01,0,0,,,,-0.545,-0.078,2.6,13.26,-0.01,,,
36.71,REGROUND,1.92,-0.1,-9.57,9.69,-0.01,0,0,,,,-0.555,-0.08,1.9,13.26,-0.01,,,
36.76,REGROUND,1.84,-0.1,-9.57,9.71,-0.01,0,0,,,,-0.528,-0.076,2.4,13.26,-0.01,,,
36.81,REGROUND,1.84,-0.1,-9.57,9.72,-0.01,0,0,,,,-0.538,-0.077,1.8,13.26,-0.01,,,
36.86,REGROUND,1.77,-0.1,-9.57,9.73,-0.01,0,0,,,,-0.512,-0.073,2.3,13.26,-0.01,,,
36.91,REGROUND,1.77,-0.1,-9.57,9.74,-0.01,0,0,,,,-0.522,-0.075,1.8,13.26,-0.01,,,
36.96,REGROUND,1.7,-0.1,-9.58,9.76,-0.01,0,0,,,,-0.497,-0.071,2.4,13.26,-0.01,,,
37.01,REGROUND,1.7,-0.1,-9.58,9.77,-0.01,0,0,,,,-0.507,-0.073,1.7,13.26,-0.01,,,
37.06,REGROUND,1.63,-0.11,-9.58,9.78,-0.01,0,0,,,,-0.484,-0.069,2.4,13.26,-0.01,,,
37.11,REGROUND,1.63,-0.11,-9.58,9.79,-0.01,0,0,,,,-0.494,-0.071,1.7,13.26,-0.01,,,
37.16,REGROUND,1.57,-0.11,-9.58,9.81,-0.01,0,0,,,,-0.472,-0.067,2.2,13.26,-0.01,,,
37.22,REGROUND,1.57,-0.11,-9.58,9.82,-0.01,0,0,,,,-0.482,-0.069,1.7,13.26,-0.01,,,
37.27,REGROUND,1.51,-0.11,-9.58,9.83,-0.01,0,0,,,,-0.461,-0.066,5.5,13.26,-0.01,,,
37.32,REGROUND,1.51,-0.11,-9.58,9.84,-0.01,0,0,,,,-0.471,-0.067,1.6,13.26,-0.01,,,
37.37,REGROUND,1.45,-0.11,-9.58,9.86,-0.01,0,0,,,,-0.451,-0.064,2.4,13.26,-0.01,,,
37.42,REGROUND,1.45,-0.11,-9.58,9.87,-0.01,0,0,,,,-0.461,-0.066,1.8,13.26,-0.01,,,
37.47,REGROUND,1.39,-0.11,-9.58,9.88,-0.01,0,0,,,,-0.442,-0.063,2.4,13.26,-0.01,,,
37.52,REGROUND,1.39,-0.11,-9.58,9.89,-0.01,0,0,,,,-0.452,-0.065,1.7,13.26,-0.01,,,
37.57,REGROUND,1.33,-0.11,-9.58,9.91,-0.01,0,0,,,,-0.434,-0.062,2.4,13.26,-0.01,,,
37.62,REGROUND,1.33,-0.11,-9.58,9.92,-0.01,0,0,,,,-0.444,-0.063,1.7,13.26,-0.01,,,
37.67,REGROUND,1.28,-0.12,-9.58,9.93,-0.01,0,0,,,,-0.428,-0.061,2.4,13.26,-0.01,,,
37.72,REGROUND,1.28,-0.12,-9.58,9.94,-0.01,0,0,,,,-0.437,-0.063,1.8,13.26,-0.01,,,
37.77,REGROUND,1.23,-0.12,-9.58,9.96,-0.01,0,0,,,,-0.422,-0.06,2.3,13.26,-0.01,,,
37.82,REGROUND,1.23,-0.12,-9.58,9.97,-0.01,0,0,,,,-0.432,-0.062,1.8,13.26,-0.01,,,
37.87,REGROUND,1.18,-0.12,-9.58,9.98,-0.01,0,0,,,,-0.417,-0.06,2.2,13.26,-0.01,,,
37.92,REGROUND,1.18,-0.12,-9.58,9.99,-0.01,0,0,,,,-0.426,-0.062,1.8,13.26,-0.01,,,
37.97,REGROUND,1.13,-0.12,-9.57,10.01,-0.01,0,0,,,,-0.412,-0.06,2.5,13.26,-0.01,,,
38.02,REGROUND,1.13,-0.12,-9.57,10.02,-0.01,0,0,,,,-0.422,-0.061,1.8,13.26,-0.01,,,
38.07,REGROUND,1.08,-0.12,-9.57,10.03,-0.01,0,0,,,,-0.408,-0.06,2.5,13.26,-0.01,,,
38.12,REGROUND,1.08,-0.12,-9.57,10.04,-0.01,0,0,,,,-0.418,-0.061,1.8,13.26,-0.01,,,
38.17,REGROUND,1.03,-0.12,-9.57,10.06,-0.01,0,0,,,,-0.405,-0.06,2.5,13.26,-0.01,,,
38.22,REGROUND,1.03,-0.12,-9.57,10.07,-0.01,0,0,,,,-0.415,-0.062,1.8,13.26,-0.01,,,
38.27,REGROUND,0.99,-0.12,-9.57,10.08,-0.01,0,0,,,,-0.402,-0.06,2.4,13.26,-0.01,,,
38.32,REGROUND,0.99,-0.12,-9.57,10.09,-0.01,0,0,,,,-0.412,-0.062,1.7,13.26,-0.01,,,
38.37,REGROUND,0.94,-0.12,-9.57,10.11,-0.01,0,0,,,,-0.4,-0.061,2.4,13.26,-0.01,,,
38.42,REGROUND,0.94,-0.12,-9.57,10.12,-0.01,0,0,,,,-0.41,-0.062,1.8,13.26,-0.01,,,
38.47,REGROUND,0.9,-0.12,-9.57,10.13,-0.01,0,0,,,,-0.398,-0.061,2.3,13.26,-0.01,,,
38.52,REGROUND,0.9,-0.12,-9.57,10.14,-0.01,0,0,,,,-0.408,-0.063,1.8,13.26,-0.01,,,
38.57,REGROUND,0.86,-0.12,-9.57,10.16,-0.01,0,0,,,,-0.396,-0.061,2.3,13.26,-0.01,,,
38.62,REGROUND,0.86,-0.12,-9.57,10.17,-0.01,0,0,,,,-0.406,-0.063,1.8,13.26,-0.01,,,
38.67,REGROUND,0.81,-0.12,-9.57,10.18,-0.01,0,0,,,,-0.395,-0.062,2.6,13.26,-0.01,,,
38.72,REGROUND,0.81,-0.12,-9.57,10.19,-0.01,0,0,,,,-0.405,-0.064,1.8,13.26,-0.01,,,
38.77,REGROUND,0.77,-0.12,-9.57,10.21,-0.01,0,0,,,,-0.394,-0.062,2.5,13.26,-0.01,,,
38.82,REGROUND,0.77,-0.12,-9.57,10.22,-0.01,0,0,,,,-0.404,-0.064,1.8,13.26,-0.01,,,
38.87,REGROUND,0.73,-0.12,-9.57,10.23,-0.01,0,0,,,,-0.394,-0.063,2.5,13.26,-0.01,,,
38.92,REGROUND,0.73,-0.12,-9.57,10.24,-0.01,0,0,,,,-0.403,-0.065,1.8,13.26,-0.01,,,
38.97,REGROUND,0.69,-0.12,-9.57,10.26,-0.01,0,0,,,,-0.393,-0.064,2.4,13.26,-0.01,,,
39.02,REGROUND,0.69,-0.12,-9.57,10.27,-0.01,0,0,,,,-0.403,-0.065,1.8,13.26,-0.01,,,
39.07,REGROUND,0.65,-0.12,-9.57,10.28,-0.01,0,0,,,,-0.393,-0.064,2.3,13.26,-0.01,,,
39.12,REGROUND,0.65,-0.12,-9.57,10.29,-0.01,0,0,,,,-0.403,-0.066,1.8,13.26,-0.01,,,
39.17,REGROUND,0.61,-0.12,-9.57,10.31,-0.01,0,0,,,,-0.393,-0.065,2.3,13.26,-0.01,,,
39.22,REGROUND,0.61,-0.12,-9.57,10.32,-0.01,0,0,,,,-0.403,-0.066,1.8,13.26,-0.01,,,
39.27,REGROUND,0.57,-0.12,-9.57,10.33,-0.01,0,0,,,,-0.393,-0.065,2.2,13.26,-0.01,,,
39.32,REGROUND,0.57,-0.12,-9.57,10.34,-0.01,0,0,,,,-0.403,-0.067,1.9,13.26,-0.01,,,
39.37,REGROUND,0.53,-0.12,-9.57,10.36,-0.01,0,0,,,,-0.393,-0.065,2.6,13.26,-0.01,,,
39.42,REGROUND,0.53,-0.12,-9.57,10.37,-0.01,0,0,,,,-0.403,-0.067,1.8,13.26,-0.01,,,
39.47,REGROUND,0.49,-0.12,-9.57,10.38,-0.01,0,0,,,,-0.393,-0.066,2.5,13.26,-0.01,,,
39.52,REGROUND,0.49,-0.12,-9.57,10.39,-0.01,0,0,,,,-0.403,-0.067,1.8,13.26,-0.01,,,
39.57,REGROUND,0.45,-0.12,-9.57,10.41,-0.01,0,0,,,,-0.394,-0.066,2.5,13.26,-0.01,,,
39.62,REGROUND,0.45,-0.12,-9.57,10.42,-0.01,0,0,,,,-0.403,-0.068,5.2,13.26,-0.01,,,
39.67,REGROUND,0.41,-0.12,-9.57,10.43,-0.01,0,0,,,,-0.394,-0.067,2.4,13.26,-0.01,,,
39.72,REGROUND,0.41,-0.12,-9.57,10.44,-0.01,0,0,,,,-0.404,-0.068,1.8,13.26,-0.01,,,
39.77,REGROUND,0.37,-0.12,-9.57,10.46,-0.01,0,0,,,,-0.394,-0.067,2.4,13.26,-0.01,,,
39.82,REGROUND,0.37,-0.12,-9.57,10.47,-0.01,0,0,,,,-0.404,-0.068,1.8,13.26,-0.01,,,
39.87,REGROUND,0.34,-0.12,-9.57,10.48,-0.01,0,0,,,,-0.394,-0.067,2.3,13.26,-0.01,,,
39.92,REGROUND,0.34,-0.12,-9.57,10.49,-0.01,0,0,,,,-0.404,-0.069,2.1,13.26,-0.01,,,
39.97,REGROUND,0.3,-0.13,-9.57,10.51,-0.01,0,0,,,,-0.395,-0.067,2.3,13.26,-0.01,,,
40.02,REGROUND,0.3,-0.13,-9.57,10.52,-0.01,0,0,,,,-0.405,-0.069,1.7,13.26,-0.01,,,
40.07,REGROUND,0.26,-0.13,-9.58,10.53,-0.01,0,0,,,,-0.395,-0.067,2.5,13.26,-0.01,,,
40.12,REGROUND,0.26,-0.13,-9.58,10.54,-0.01,0,0,,,,-0.405,-0.069,1.8,13.26,-0.01,,,
40.17,REGROUND,0.22,-0.13,-9.58,10.56,-0.01,0,0,,,,-0.395,-0.067,2.5,13.26,-0.01,,,
40.22,REGROUND,0.22,-0.13,-9.58,10.57,-0.01,0,0,,,,-0.405,-0.069,1.8,13.26,-0.01,,,
40.27,REGROUND,0.18,-0.13,-9.58,10.58,-0.01,0,0,,,,-0.396,-0.067,2.5,13.26,-0.01,,,
40.32,REGROUND,0.18,-0.13,-9.58,10.59,-0.01,0,0,,,,-0.405,-0.069,1.8,13.26,-0.01,,,
40.37,REGROUND,0.14,-0.13,-9.58,10.61,-0.01,0,0,,,,-0.396,-0.067,2.5,13.26,-0.01,,,
40.42,REGROUND,0.14,-0.13,-9.58,10.62,-0.01,0,0,,,,-0.406,-0.069,1.8,13.26,-0.01,,,
40.47,REGROUND,0.1,-0.13,-9.58,10.63,-0.01,0,0,,,,-0.396,-0.067,2.4,13.26,-0.01,,,
40.52,REGROUND,0.1,-0.13,-9.58,10.64,-0.01,0,0,,,,-0.406,-0.069,1.7,13.26,-0.01,,,
40.57,REGROUND,0.06,-0.14,-9.58,10.66,-0.01,0,0,,,,-0.396,-0.067,2.4,13.26,-0.01,,,
40.62,REGROUND,0.06,-0.14,-9.58,10.67,-0.01,0,0,,,,-0.406,-0.068,1.8,13.26,-0.01,,,
40.67,REGROUND,0.02,-0.14,-9.58,10.68,-0.01,0,0,,,,-0.397,-0.067,2.3,13.26,-0.01,,,
40.72,REGROUND,0.02,-0.14,-9.58,10.69,-0.01,0,0,,,,-0.406,-0.068,1.8,13.26,-0.01,,,
40.77,REGROUND,-0.02,-0.14,-9.57,10.71,-0.01,0,0,,,,-0.397,-0.066,2.3,13.26,-0.01,,,
40.82,REGROUND,-0.02,-0.14,-9.57,10.72,-0.01,0,0,,,,-0.407,-0.068,1.9,13.26,-0.01,,,
40.87,REGROUND,-0.06,-0.14,-9.57,10.73,-0.01,0,0,,,,-0.397,-0.066,2.5,13.26,-0.01,,,
40.92,REGROUND,-0.06,-0.14,-9.57,10.74,-0.01,0,0,,,,-0.407,-0.068,1.9,13.26,-0.01,,,
40.97,REGROUND,-0.1,-0.14,-9.57,10.76,-0.01,0,0,,,,-0.398,-0.066,2.5,13.26,-0.01,,,
41.02,REGROUND,-0.1,-0.14,-9.57,10.77,-0.01,0,0,,,,-0.407,-0.068,1.8,13.26,-0.01,,,
41.07,REGROUND,-0.14,-0.14,-9.57,10.78,-0.01,0,0,,,,-0.398,-0.066,2.6,13.26,-0.01,,,
41.12,REGROUND,-0.14,-0.14,-9.57,10.79,-0.01,0,0,,,,-0.408,-0.068,1.8,13.26,-0.01,,,
41.17,REGROUND,-0.18,-0.15,-9.57,10.81,-0.01,0,0,,,,-0.398,-0.066,2.5,13.26,-0.01,,,
41.22,REGROUND,-0.18,-0.15,-9.57,10.82,-0.01,0,0,,,,-0.408,-0.067,1.9,13.26,-0.01,,,
41.27,REGROUND,-0.22,-0.15,-9.57,10.83,-0.01,0,0,,,,-0.398,-0.066,2.2,13.26,-0.01,,,
41.32,REGROUND,-0.22,-0.15,-9.57,10.84,-0.01,0,0,,,,-0.408,-0.067,1.8,13.26,-0.01,,,
41.37,REGROUND,-0.26,-0.15,-9.57,10.86,-0.01,0,0,,,,-0.398,-0.065,2.3,13.26,-0.01,,,
41.42,REGROUND,-0.26,-0.15,-9.57,10.87,-0.01,0,0,,,,-0.408,-0.067,1.8,13.26,-0.01,,,
41.47,REGROUND,-0.3,-0.15,-9.57,10.88,-0.01,0,0,,,,-0.398,-0.065,2.5,13.26,-0.01,,,
41.52,REGROUND,-0.3,-0.15,-9.57,10.89,-0.01,0,0,,,,-0.408,-0.067,1.8,13.26,-0.01,,,
41.57,REGROUND,-0.34,-0.15,-9.57,10.91,-0.01,0,0,,,,-0.398,-0.065,2.5,13.26,-0.01,,,
41.62,REGROUND,-0.34,-0.15,-9.57,10.92,-0.01,0,0,,,,-0.408,-0.066,1.8,13.26,-0.01,,,
41.67,REGROUND,-0.38,-0.16,-9.57,10.93,-0.01,0,0,,,,-0.398,-0.065,2.6,13.26,-0.01,,,
41.72,REGROUND,-0.38,-0.16,-9.57,10.94,-0.01,0,0,,,,-0.408,-0.066,1.8,13.26,-0.01,,,
41.77,REGROUND,-0.42,-0.16,-9.57,10.96,-0.01,0,0,,,,-0.398,-0.064,2.5,13.26,-0.01,,,
41.82,REGROUND,-0.42,-0.16,-9.57,10.97,-0.01,0,0,,,,-0.408,-0.066,1.8,13.26,-0.01,,,
41.87,REGROUND,-0.46,-0.16,-9.57,10.98,-0.01,0,0,,,,-0.398,-0.064,2.3,13.26,-0.01,,,
41.92,REGROUND,-0.46,-0.16,-9.57,10.99,-0.01,0,0,,,,-0.408,-0.066,1.8,13.26,-0.01,,,
41.97,REGROUND,-0.5,-0.16,-9.58,11.01,-0.01,0,0,,,,-0.398,-0.064,2.4,13.26,-0.01,,,
42.02,REGROUND,-0.5,-0.16,-9.58,11.02,-0.01,0,0,,,,-0.408,-0.065,5.3,13.26,-0.01,,,
42.07,REGROUND,-0.54,-0.16,-9.58,11.03,-0.01,0,0,,,,-0.398,-0.063,2.3,13.26,-0.01,,,
42.12,REGROUND,-0.54,-0.16,-9.58,11.05,-0.01,0,0,,,,-0.407,-0.065,1.6,13.26,-0.01,,,
42.17,REGROUND,-0.58,-0.16,-9.58,11.06,-0.01,0,0,,,,-0.397,-0.063,2.3,13.26,-0.01,,,
42.22,REGROUND,-0.58,-0.16,-9.58,11.07,-0.01,0,0,,,,-0.407,-0.065,1.7,13.26,-0.01,,,
42.27,REGROUND,-0.62,-0.17,-9.58,11.08,-0.01,0,0,,,,-0.397,-0.063,2.5,13.26,-0.01,,,
42.32,REGROUND,-0.62,-0.17,-9.58,11.1,-0.01,0,0,,,,-0.407,-0.065,1.8,13.26,-0.01,,,
42.37,REGROUND,-0.66,-0.17,-9.58,11.11,-0.01,0,0,,,,-0.397,-0.063,2.6,13.26,-0.01,,,
42.42,REGROUND,-0.66,-0.17,-9.58,11.12,-0.01,0,0,,,,-0.407,-0.065,1.8,13.26,-0.01,,,
42.47,REGROUND,-0.7,-0.17,-9.58,11.13,-0.01,0,0,,,,-0.397,-0.063,2.4,13.26,-0.01,,,
42.52,REGROUND,-0.7,-0.17,-9.58,11.15,-0.01,0,0,,,,-0.407,-0.065,1.8,13.26,-0.01,,,
42.57,REGROUND,-0.74,-0.17,-9.57,11.16,-0.01,0,0,,,,-0.396,-0.063,2.5,13.26,-0.01,,,
42.62,REGROUND,-0.74,-0.17,-9.57,11.17,-0.01,0,0,,,,-0.406,-0.065,1.6,13.26,-0.01,,,
42.67,REGROUND,-0.78,-0.17,-9.57,11.18,-0.01,0,0,,,,-0.396,-0.063,2.3,13.26,-0.01,,,
42.72,REGROUND,-0.78,-0.17,-9.57,11.2,-0.01,0,0,,,,-0.406,-0.065,1.9,13.26,-0.01,,,
42.77,REGROUND,-0.82,-0.17,-9.57,11.21,-0.01,0,0,,,,-0.396,-0.063,2.3,13.26,-0.01,,,
42.82,REGROUND,-0.82,-0.17,-9.57,11.22,-0.01,0,0,,,,-0.405,-0.065,1.9,13.26,-0.01,,,
42.87,REGROUND,-0.86,-0.17,-9.57,11.23,-0.01,0,0,,,,-0.395,-0.063,2.6,13.26,-0.01,,,
42.92,REGROUND,-0.86,-0.17,-9.57,11.25,-0.01,0,0,,,,-0.405,-0.065,1.8,13.26,-0.01,,,
42.97,REGROUND,-0.9,-0.17,-9.57,11.26,-0.01,0,0,,,,-0.395,-0.063,2.7,13.26,-0.01,,,
43.02,REGROUND,-0.9,-0.17,-9.57,11.27,-0.01,0,0,,,,-0.405,-0.065,1.8,13.26,-0.01,,,
43.07,REGROUND,-0.94,-0.18,-9.57,11.28,-0.01,0,0,,,,-0.395,-0.064,2.3,13.26,-0.01,,,
43.12,REGROUND,-0.94,-0.18,-9.57,11.3,-0.01,0,0,,,,-0.405,-0.065,1.8,13.26,-0.01,,,
43.17,REGROUND,-0.98,-0.18,-9.57,11.31,-0.01,0,0,,,,-0.395,-0.064,2.3,13.26,-0.01,,,
43.22,REGROUND,-0.98,-0.18,-9.57,11.32,-0.01,0,0,,,,-0.405,-0.065,1.9,13.26,-0.01,,,
43.27,REGROUND,-1.02,-0.18,-9.57,11.33,-0.01,0,0,,,,-0.394,-0.064,2.4,13.26,-0.01,,,
43.32,REGROUND,-1.02,-0.18,-9.57,11.35,-0.01,0,0,,,,-0.404,-0.065,1.8,13.26,-0.01,,,
43.37,REGROUND,-1.06,-0.18,-9.57,11.36,-0.01,0,0,,,,-0.394,-0.064,2.4,13.26,-0.01,,,
43.42,REGROUND,-1.06,-0.18,-9.57,11.37,-0.01,0,0,,,,-0.404,-0.065,1.7,13.26,-0.01,,,
43.47,REGROUND,-1.11,-0.18,-9.57,11.38,-0.01,0,0,,,,-0.394,-0.064,2.4,13.26,-0.01,,,
43.52,REGROUND,-1.11,-0.18,-9.57,11.4,-0.01,0,0,,,,-0.404,-0.065,1.8,13.26,-0.01,,,
43.57,REGROUND,-1.15,-0.18,-9.57,11.41,-0.01,0,0,,,,-0.394,-0.064,2.4,13.26,-0.01,,,
43.62,REGROUND,-1.15,-0.18,-9.57,11.42,-0.01,0,0,,,,-0.404,-0.065,1.7,13.26,-0.01,,,
43.67,REGROUND,-1.19,-0.18,-9.57,11.43,-0.01,0,0,,,,-0.393,-0.064,2.3,13.26,-0.01,,,
43.72,REGROUND,-1.19,-0.18,-9.57,11.45,-0.01,0,0,,,,-0.403,-0.065,1.9,13.26,-0.01,,,
43.77,REGROUND,-1.23,-0.19,-9.57,11.46,-0.01,0,0,,,,-0.393,-0.064,2.5,13.26,-0.01,,,
43.82,REGROUND,-1.23,-0.19,-9.57,11.47,-0.01,0,0,,,,-0.403,-0.065,2.1,13.26,-0.01,,,
43.87,REGROUND,-1.27,-0.19,-9.57,11.48,-0.01,0,0,,,,-0.393,-0.064,2.6,13.26,-0.01,,,
43.92,REGROUND,-1.27,-0.19,-9.57,11.5,-0.01,0,0,,,,-0.403,-0.065,1.8,13.26,-0.01,,,
43.97,REGROUND,-1.31,-0.19,-9.57,11.51,-0.01,0,0,,,,-0.393,-0.064,2.4,13.26,-0.01,,,
44.02,REGROUND,-1.31,-0.19,-9.57,11.52,-0.01,0,0,,,,-0.403,-0.065,1.6,13.26,-0.01,,,
44.07,REGROUND,-1.35,-0.19,-9.57,11.53,-0.01,0,0,,,,-0.392,-0.064,2.4,13.26,-0.01,,,
44.12,REGROUND,-1.35,-0.19,-9.57,11.55,-0.01,0,0,,,,-0.402,-0.065,1.8,13.26,-0.01,,,
44.17,REGROUND,-1.39,-0.19,-9.57,11.56,-0.01,0,0,,,,-0.392,-0.064,2.4,13.26,-0.01,,,
44.23,REGROUND,-1.39,-0.19,-9.57,11.57,-0.01,0,0,,,,-0.402,-0.065,1.6,13.26,-0.01,,,
44.28,REGROUND,-1.43,-0.19,-9.57,11.58,-0.01,0,0,,,,-0.392,-0.064,2.3,13.26,-0.01,,,
44.33,REGROUND,-1.43,-0.19,-9.57,11.6,-0.01,0,0,,,,-0.402,-0.065,1.9,13.26,-0.01,,,
44.38,REGROUND,-1.47,-0.19,-9.57,11.61,-0.01,0,0,,,,-0.392,-0.063,5.6,13.26,-0.01,,,
44.43,REGROUND,-1.47,-0.19,-9.57,11.62,-0.01,0,0,,,,-0.402,-0.065,2.0,13.26,-0.01,,,
44.48,REGROUND,-1.51,-0.19,-9.57,11.63,-0.01,0,0,,,,-0.392,-0.063,2.6,13.26,-0.01,,,
44.53,REGROUND,-1.51,-0.19,-9.57,11.65,-0.01,0,0,,,,-0.402,-0.065,1.7,13.26,-0.01,,,
44.58,REGROUND,-1.55,-0.2,-9.57,11.66,-0.01,0,0,,,,-0.392,-0.063,2.6,13.26,-0.01,,,
44.63,REGROUND,-1.55,-0.2,-9.57,11.67,-0.01,0,0,,,,-0.402,-0.065,1.8,13.26,-0.01,,,
44.68,REGROUND,-1.59,-0.2,-9.57,11.68,-0.01,0,0,,,,-0.392,-0.063,2.5,13.26,-0.01,,,
44.73,REGROUND,-1.59,-0.2,-9.57,11.7,-0.01,0,0,,,,-0.402,-0.065,1.8,13.26,-0.01,,,
44.78,REGROUND,-1.63,-0.2,-9.57,11.71,-0.01,0,0,,,,-0.392,-0.063,2.5,13.26,-0.01,,,
44.83,REGROUND,-1.63,-0.2,-9.57,11.72,-0.01,0,0,,,,-0.402,-0.065,1.8,13.26,-0.01,,,
44.88,REGROUND,-1.67,-0.2,-9.57,11.73,-0.01,0,0,,,,-0.392,-0.063,2.3,13.26,-0.01,,,
44.93,REGROUND,-1.67,-0.2,-9.57,11.75,-0.01,0,0,,,,-0.401,-0.065,1.8,13.26,-0.01,,,
44.98,REGROUND,-1.71,-0.2,-9.57,11.76,-0.01,0,0,,,,-0.391,-0.063,2.4,13.26,-0.01,,,
45.03,REGROUND,-1.71,-0.2,-9.57,11.77,-0.01,0,0,,,,-0.401,-0.065,1.5,13.26,-0.01,,,
45.08,REGROUND,-1.75,-0.2,-9.57,11.78,-0.01,0,0,,,,-0.391,-0.063,2.4,13.26,-0.01,,,
45.13,REGROUND,-1.75,-0.2,-9.57,11.8,-0.01,0,0,,,,-0.401,-0.064,1.8,13.26,-0.01,,,
45.18,REGROUND,-1.79,-0.21,-9.57,11.81,-0.01,0,0,,,,-0.391,-0.063,2.6,13.26,-0.01,,,
45.23,REGROUND,-1.79,-0.21,-9.57,11.82,-0.01,0,0,,,,-0.401,-0.064,1.8,13.26,-0.01,,,
45.28,REGROUND,-1.83,-0.21,-9.57,11.83,-0.01,0,0,,,,-0.391,-0.062,2.5,13.26,-0.01,,,
45.33,REGROUND,-1.83,-0.21,-9.57,11.85,-0.01,0,0,,,,-0.401,-0.064,1.8,13.26,-0.01,,,
45.38,REGROUND,-1.87,-0.21,-9.57,11.86,-0.01,0,0,,,,-0.391,-0.062,2.5,13.26,-0.01,,,
45.43,REGROUND,-1.87,-0.21,-9.57,11.87,-0.01,0,0,,,,-0.401,-0.064,1.8,13.26,-0.01,,,
45.48,REGROUND,-1.91,-0.21,-9.57,11.88,-0.01,0,0,,,,-0.391,-0.062,2.5,13.26,-0.01,,,
45.53,REGROUND,-1.91,-0.21,-9.57,11.9,-0.01,0,0,,,,-0.401,-0.064,1.8,13.26,-0.01,,,
45.58,REGROUND,-1.95,-0.21,-9.57,11.91,-0.01,0,0,,,,-0.391,-0.062,2.5,13.26,-0.01,,,
45.63,REGROUND,-1.95,-0.21,-9.57,11.92,-0.01,0,0,,,,-0.401,-0.064,1.8,13.26,-0.01,,,
45.68,REGROUND,-1.99,-0.21,-9.57,11.93,-0.01,0,0,,,,-0.391,-0.062,2.4,13.26,-0.01,,,
45.73,REGROUND,-1.99,-0.21,-9.57,11.95,-0.01,0,0,,,,-0.4,-0.064,1.9,13.26,-0.01,,,
45.78,REGROUND,-2.03,-0.21,-9.57,11.96,-0.01,0,0,,,,-0.391,-0.062,2.4,13.26,-0.01,,,
45.83,REGROUND,-2.03,-0.21,-9.57,11.97,-0.01,0,0,,,,-0.4,-0.064,1.8,13.26,-0.01,,,
45.88,REGROUND,-2.07,-0.22,-9.58,11.98,-0.01,0,0,,,,-0.39,-0.063,2.5,13.26,-0.01,,,
45.93,REGROUND,-2.07,-0.22,-9.58,12.0,-0.01,0,0,,,,-0.4,-0.064,1.8,13.26,-0.01,,,
45.98,REGROUND,-2.11,-0.22,-9.58,12.01,-0.01,0,0,,,,-0.39,-0.062,2.4,13.26,-0.01,,,
46.03,REGROUND,-2.11,-0.22,-9.58,12.02,-0.01,0,0,,,,-0.4,-0.064,1.8,13.26,-0.01,,,
46.08,REGROUND,-2.15,-0.22,-9.58,12.03,-0.01,0,0,,,,-0.39,-0.063,2.5,13.26,-0.01,,,
46.13,REGROUND,-2.15,-0.22,-9.58,12.05,-0.01,0,0,,,,-0.4,-0.064,1.8,13.26,-0.01,,,
46.18,REGROUND,-2.19,-0.22,-9.58,12.06,-0.01,0,0,,,,-0.39,-0.063,2.5,13.26,-0.01,,,
46.23,REGROUND,-2.19,-0.22,-9.58,12.07,-0.01,0,0,,,,-0.4,-0.064,1.7,13.26,-0.01,,,
46.28,REGROUND,-2.23,-0.22,-9.58,12.08,-0.01,0,0,,,,-0.39,-0.063,2.5,13.26,-0.01,,,
46.33,REGROUND,-2.23,-0.22,-9.58,12.1,-0.01,0,0,,,,-0.4,-0.064,1.7,13.26,-0.01,,,
46.38,REGROUND,-2.27,-0.22,-9.58,12.11,-0.01,0,0,,,,-0.39,-0.063,2.5,13.26,-0.01,,,
46.43,REGROUND,-2.27,-0.22,-9.58,12.12,-0.01,0,0,,,,-0.4,-0.064,1.8,13.26,-0.01,,,
46.48,REGROUND,-2.31,-0.22,-9.58,12.13,-0.01,0,0,,,,-0.39,-0.063,2.5,13.26,-0.01,,,
46.53,REGROUND,-2.31,-0.22,-9.58,12.15,-0.01,0,0,,,,-0.4,-0.065,1.8,13.26,-0.01,,,
46.58,REGROUND,-2.35,-0.22,-9.58,12.16,-0.01,0,0,,,,-0.39,-0.063,2.3,13.26,-0.01,,,
46.63,REGROUND,-2.35,-0.22,-9.58,12.17,-0.01,0,0,,,,-0.4,-0.064,1.9,13.26,-0.01,,,
46.68,REGROUND,-2.39,-0.23,-9.58,12.18,-0.01,0,0,,,,-0.389,-0.063,2.5,13.26,-0.01,,,
46.73,REGROUND,-2.39,-0.23,-9.58,12.2,-0.01,0,0,,,,-0.399,-0.065,5.5,13.26,-0.01,,,
46.78,REGROUND,-2.43,-0.23,-9.58,12.21,-0.01,0,0,,,,-0.39,-0.063,2.5,13.26,-0.01,,,
46.83,REGROUND,-2.43,-0.23,-9.58,12.22,-0.01,0,0,,,,-0.399,-0.064,1.8,13.26,-0.01,,,
46.88,REGROUND,-2.47,-0.23,-9.58,12.23,-0.01,0,0,,,,-0.39,-0.063,2.5,13.26,-0.01,,,
46.93,REGROUND,-2.47,-0.23,-9.58,12.25,-0.01,0,0,,,,-0.399,-0.064,1.7,13.26,-0.01,,,
46.98,REGROUND,-2.51,-0.23,-9.58,12.26,-0.01,0,0,,,,-0.39,-0.063,2.5,13.26,-0.01,,,
47.03,REGROUND,-2.51,-0.23,-9.58,12.27,-0.01,0,0,,,,-0.399,-0.064,1.7,13.26,-0.01,,,
47.08,REGROUND,-2.55,-0.23,-9.58,12.28,-0.01,0,0,,,,-0.39,-0.063,2.5,13.26,-0.01,,,
47.13,REGROUND,-2.55,-0.23,-9.58,12.3,-0.01,0,0,,,,-0.399,-0.065,1.8,13.26,-0.01,,,
47.18,REGROUND,-2.59,-0.23,-9.58,12.31,-0.01,0,0,,,,-0.39,-0.063,2.3,13.26,-0.01,,,
47.23,REGROUND,-2.59,-0.23,-9.58,12.32,-0.01,0,0,,,,-0.4,-0.065,1.8,13.26,-0.01,,,
47.28,REGROUND,-2.63,-0.23,-9.58,12.33,-0.01,0,0,,,,-0.39,-0.063,2.3,13.26,-0.01,,,
47.33,REGROUND,-2.63,-0.23,-9.58,12.35,-0.01,0,0,,,,-0.4,-0.065,1.8,13.26,-0.01,,,
47.38,REGROUND,-2.67,-0.24,-9.58,12.36,-0.01,0,0,,,,-0.39,-0.063,2.5,13.26,-0.01,,,
47.43,REGROUND,-2.67,-0.24,-9.58,12.37,-0.01,0,0,,,,-0.4,-0.065,1.8,13.26,-0.01,,,
47.48,REGROUND,-2.71,-0.24,-9.58,12.38,-0.01,0,0,,,,-0.39,-0.063,2.6,13.26,-0.01,,,
47.53,REGROUND,-2.71,-0.24,-9.58,12.4,-0.01,0,0,,,,-0.4,-0.065,1.8,13.26,-0.01,,,
47.58,REGROUND,-2.75,-0.24,-9.58,12.41,-0.01,0,0,,,,-0.39,-0.063,2.5,13.26,-0.01,,,
47.63,REGROUND,-2.75,-0.24,-9.58,12.42,-0.01,0,0,,,,-0.4,-0.065,1.8,13.26,-0.01,,,
47.68,REGROUND,-2.79,-0.24,-9.58,12.43,-0.01,0,0,,,,-0.39,-0.063,2.4,13.26,-0.01,,,
47.73,REGROUND,-2.79,-0.24,-9.58,12.45,-0.01,0,0,,,,-0.4,-0.065,1.7,13.26,-0.01,,,
47.78,REGROUND,-2.83,-0.24,-9.58,12.46,-0.01,0,0,,,,-0.39,-0.063,2.3,13.26,-0.01,,,
47.83,REGROUND,-2.83,-0.24,-9.58,12.47,-0.01,0,0,,,,-0.4,-0.064,1.8,13.26,-0.01,,,
47.88,REGROUND,-2.87,-0.24,-9.58,12.48,-0.01,0,0,,,,-0.39,-0.063,2.3,13.26,-0.01,,,
47.93,REGROUND,-2.87,-0.24,-9.58,12.5,-0.01,0,0,,,,-0.4,-0.064,1.8,13.26,-0.01,,,
47.98,REGROUND,-2.91,-0.24,-9.58,12.51,-0.01,0,0,,,,-0.39,-0.062,2.3,13.26,-0.01,,,
48.03,REGROUND,-2.91,-0.24,-9.58,12.52,-0.01,0,0,,,,-0.4,-0.064,1.8,13.26,-0.01,,,
48.08,REGROUND,-2.95,-0.25,-9.58,12.53,-0.01,0,0,,,,-0.39,-0.062,2.6,13.26,-0.01,,,
48.13,REGROUND,-2.95,-0.25,-9.58,12.55,-0.01,0,0,,,,-0.4,-0.064,1.8,13.26,-0.01,,,
48.18,REGROUND,-2.99,-0.25,-9.58,12.56,-0.01,0,0,,,,-0.391,-0.062,2.5,13.26,-0.01,,,
48.23,REGROUND,-2.99,-0.25,-9.58,12.57,-0.01,0,0,,,,-0.4,-0.064,1.8,13.26,-0.01,,,
48.28,REGROUND,-3.03,-0.25,-9.58,12.58,-0.01,0,0,,,,-0.391,-0.062,2.6,13.26,-0.01,,,
48.33,REGROUND,-3.03,-0.25,-9.58,12.6,-0.01,0,0,,,,-0.4,-0.064,1.8,13.26,-0.01,,,
48.38,REGROUND,-3.07,-0.25,-9.58,12.61,-0.01,0,0,,,,-0.391,-0.062,2.5,13.26,-0.01,,,
48.43,REGROUND,-3.07,-0.25,-9.58,12.62,-0.01,0,0,,,,-0.401,-0.064,1.8,13.26,-0.01,,,
48.48,REGROUND,-3.11,-0.25,-9.58,12.63,-0.01,0,0,,,,-0.391,-0.062,2.4,13.26,-0.01,,,
48.53,REGROUND,-3.11,-0.25,-9.58,12.65,-0.01,0,0,,,,-0.401,-0.064,1.8,13.26,-0.01,,,
48.58,REGROUND,-3.15,-0.25,-9.58,12.66,-0.01,0,0,,,,-0.391,-0.062,2.4,13.26,-0.01,,,
48.63,REGROUND,-3.15,-0.25,-9.58,12.67,-0.01,0,0,,,,-0.401,-0.064,1.9,13.26,-0.01,,,
48.68,REGROUND,-3.19,-0.26,-9.58,12.68,-0.01,0,0,,,,-0.391,-0.062,2.3,13.26,-0.01,,,
48.73,REGROUND,-3.19,-0.26,-9.58,12.7,-0.01,0,0,,,,-0.401,-0.064,2.0,13.26,-0.01,,,
48.78,REGROUND,-3.23,-0.26,-9.58,12.71,-0.01,0,0,,,,-0.391,-0.062,2.4,13.26,-0.01,,,
48.83,REGROUND,-3.23,-0.26,-9.58,12.72,-0.01,0,0,,,,-0.401,-0.064,1.9,13.26,-0.01,,,
48.88,REGROUND,-3.27,-0.26,-9.58,12.73,-0.01,0,0,,,,-0.391,-0.062,2.3,13.26,-0.01,,,
48.93,REGROUND,-3.27,-0.26,-9.58,12.75,-0.01,0,0,,,,-0.401,-0.064,1.8,13.26,-0.01,,,
48.98,REGROUND,-3.31,-0.26,-9.58,12.76,-0.01,0,0,,,,-0.391,-0.062,2.5,13.26,-0.01,,,
49.03,REGROUND,-3.31,-0.26,-9.58,12.77,-0.01,0,0,,,,-0.401,-0.064,1.8,13.26,-0.01,,,
49.08,REGROUND,-3.35,-0.26,-9.58,12.79,-0.01,0,0,,,,-0.391,-0.063,2.5,13.26,-0.01,,,
49.13,REGROUND,-3.35,-0.26,-9.58,12.8,-0.01,0,0,,,,-0.401,-0.064,5.2,13.26,-0.01,,,
49.18,REGROUND,-3.39,-0.26,-9.58,12.81,-0.01,0,0,,,,-0.391,-0.063,2.4,13.26,-0.01,,,
49.23,REGROUND,-3.39,-0.26,-9.58,12.82,-0.01,0,0,,,,-0.401,-0.064,1.7,13.26,-0.01,,,
49.28,REGROUND,-3.43,-0.26,-9.58,12.84,-0.01,0,0,,,,-0.391,-0.063,2.4,13.26,-0.01,,,
49.33,REGROUND,-3.43,-0.26,-9.58,12.85,-0.01,0,0,,,,-0.4,-0.065,1.8,13.26,-0.01,,,
49.38,REGROUND,-3.47,-0.26,-9.58,12.86,-0.01,0,0,,,,-0.391,-0.063,2.3,13.26,-0.01,,,
49.43,REGROUND,-3.47,-0.26,-9.58,12.87,-0.01,0,0,,,,-0.401,-0.065,1.8,13.26,-0.01,,,
49.48,REGROUND,-3.51,-0.26,-9.58,12.89,-0.01,0,0,,,,-0.391,-0.064,2.3,13.26,-0.01,,,
49.53,REGROUND,-3.51,-0.26,-9.58,12.9,-0.01,0,0,,,,-0.4,-0.065,1.8,13.26,-0.01,,,
49.58,REGROUND,-3.55,-0.27,-9.58,12.91,-0.01,0,0,,,,-0.391,-0.064,2.5,13.26,-0.01,,,
49.63,REGROUND,-3.55,-0.27,-9.58,12.92,-0.01,0,0,,,,-0.4,-0.065,1.9,13.26,-0.01,,,
49.68,REGROUND,-3.59,-0.27,-9.58,12.94,-0.01,0,0,,,,-0.39,-0.064,2.5,13.26,-0.01,,,
49.73,REGROUND,-3.59,-0.27,-9.58,12.95,-0.01,0,0,,,,-0.4,-0.065,1.7,13.26,-0.01,,,
49.78,REGROUND,-3.63,-0.27,-9.58,12.96,-0.01,0,0,,,,-0.39,-0.064,2.3,13.26,-0.01,,,
49.83,REGROUND,-3.63,-0.27,-9.58,12.97,-0.01,0,0,,,,-0.4,-0.065,1.8,13.26,-0.01,,,
49.88,REGROUND,-3.67,-0.27,-9.58,12.99,-0.01,0,0,,,,-0.39,-0.064,2.5,13.26,-0.01,,,
49.93,REGROUND,-3.67,-0.27,-9.58,13.0,-0.01,0,0,,,,-0.4,-0.066,1.7,13.26,-0.01,,,
49.98,REGROUND,-3.71,-0.27,-9.58,13.01,-0.01,0,0,,,,-0.39,-0.064,2.4,13.26,-0.01,,,
50.03,REGROUND,-3.71,-0.27,-9.58,13.02,-0.01,0,0,,,,-0.4,-0.066,1.8,13.26,-0.01,,,
50.08,REGROUND,-3.75,-0.27,-9.58,13.04,-0.01,0,0,,,,-0.39,-0.064,2.3,13.26,-0.01,,,
50.13,REGROUND,-3.75,-0.27,-9.58,13.05,-0.01,0,0,,,,-0.4,-0.066,1.8,13.26,-0.01,,,
50.18,REGROUND,-3.79,-0.27,-9.58,13.06,-0.01,0,0,,,,-0.39,-0.064,2.4,13.26,-0.01,,,
50.23,REGROUND,-3.79,-0.27,-9.58,13.07,-0.01,0,0,,,,-0.4,-0.066,1.7,13.26,-0.01,,,
50.28,REGROUND,-3.83,-0.27,-9.58,13.09,-0.01,0,0,,,,-0.39,-0.064,2.5,13.26,-0.01,,,
50.33,REGROUND,-3.83,-0.27,-9.58,13.1,-0.01,0,0,,,,-0.399,-0.066,1.8,13.26,-0.01,,,
50.38,REGROUND,-3.87,-0.28,-9.58,13.11,-0.01,0,0,,,,-0.389,-0.064,2.6,13.26,-0.01,,,
50.43,REGROUND,-3.87,-0.28,-9.58,13.12,-0.01,0,0,,,,-0.399,-0.065,1.8,13.26,-0.01,,,
50.48,REGROUND,-3.91,-0.28,-9.58,13.14,-0.01,0,0,,,,-0.389,-0.064,2.5,13.26,-0.01,,,
50.53,REGROUND,-3.91,-0.28,-9.58,13.15,-0.01,0,0,,,,-0.399,-0.065,1.8,13.26,-0.01,,,
50.58,REGROUND,-3.95,-0.28,-9.58,13.16,-0.01,0,0,,,,-0.389,-0.064,2.3,13.26,-0.01,,,
50.63,REGROUND,-3.95,-0.28,-9.58,13.17,-0.01,0,0,,,,-0.399,-0.065,1.8,13.26,-0.01,,,
50.68,REGROUND,-3.99,-0.28,-9.58,13.19,-0.01,0,0,,,,-0.389,-0.064,2.3,13.26,-0.01,,,
50.73,REGROUND,-3.99,-0.28,-9.58,13.2,-0.01,0,0,,,,-0.399,-0.065,1.8,13.26,-0.01,,,
50.78,REGROUND,-4.03,-0.28,-9.58,13.21,-0.01,0,0,,,,-0.389,-0.064,2.4,13.26,-0.01,,,
50.83,REGROUND,-4.03,-0.28,-9.58,13.22,-0.01,0,0,,,,-0.399,-0.065,1.8,13.26,-0.01,,,
50.88,REGROUND,-4.07,-0.28,-9.58,13.24,-0.01,0,0,,,,-0.389,-0.064,2.4,13.26,-0.01,,,
50.93,REGROUND,-4.07,-0.28,-9.58,13.25,-0.01,0,0,,,,-0.399,-0.065,1.9,13.26,-0.01,,,
50.98,REGROUND,-4.11,-0.28,-9.58,13.26,-0.01,0,0,,,,-0.389,-0.063,2.6,13.26,-0.01,,,
51.03,REGROUND,-4.11,-0.28,-9.58,13.27,-0.01,0,0,,,,-0.399,-0.065,1.8,13.26,-0.01,,,
51.08,REGROUND,-4.15,-0.29,-9.58,13.29,-0.01,0,0,,,,-0.389,-0.063,2.4,13.26,-0.01,,,
51.13,REGROUND,-4.15,-0.29,-9.58,13.3,-0.01,0,0,,,,-0.399,-0.064,1.8,13.26,-0.01,,,
51.18,REGROUND,-4.19,-0.29,-9.58,13.31,-0.01,0,0,,,,-0.389,-0.063,2.5,13.26,-0.01,,,
51.23,REGROUND,-4.19,-0.29,-9.58,13.32,-0.01,0,0,,,,-0.399,-0.064,1.8,13.26,-0.01,,,
51.28,REGROUND,-4.23,-0.29,-9.58,13.34,-0.01,0,0,,,,-0.389,-0.062,2.5,13.26,-0.01,,,
51.34,REGROUND,-4.23,-0.29,-9.58,13.35,-0.01,0,0,,,,-0.399,-0.064,1.7,13.26,-0.01,,,
51.39,REGROUND,-4.27,-0.29,-9.58,13.36,-0.01,0,0,,,,-0.389,-0.062,2.5,13.26,-0.01,,,
51.44,REGROUND,-4.27,-0.29,-9.58,13.37,-0.01,0,0,,,,-0.399,-0.064,4.9,13.26,-0.01,,,
51.49,REGROUND,-4.31,-0.29,-9.58,13.39,-0.01,0,0,,,,-0.389,-0.062,2.4,13.26,-0.01,,,
51.54,REGROUND,-4.31,-0.29,-9.58,13.4,-0.01,0,0,,,,-0.399,-0.063,1.5,13.26,-0.01,,,
51.59,REGROUND,-4.35,-0.3,-9.58,13.41,-0.01,0,0,,,,-0.389,-0.062,2.4,13.26,-0.01,,,
51.64,REGROUND,-4.35,-0.3,-9.58,13.42,-0.01,0,0,,,,-0.399,-0.063,1.9,13.26,-0.01,,,
51.69,REGROUND,-4.39,-0.3,-9.58,13.44,-0.01,0,0,,,,-0.389,-0.061,2.3,13.26,-0.01,,,
51.74,REGROUND,-4.39,-0.3,-9.58,13.45,-0.01,0,0,,,,-0.399,-0.063,1.7,13.26,-0.01,,,
51.79,REGROUND,-4.43,-0.3,-9.58,13.46,-0.01,0,0,,,,-0.389,-0.061,2.5,13.26,-0.01,,,
51.84,REGROUND,-4.43,-0.3,-9.58,13.47,-0.01,0,0,,,,-0.399,-0.063,1.9,13.26,-0.01,,,
51.89,REGROUND,-4.47,-0.3,-9.58,13.49,-0.01,0,0,,,,-0.389,-0.061,2.5,13.26,-0.01,,,
51.94,REGROUND,-4.47,-0.3,-9.58,13.5,-0.01,0,0,,,,-0.399,-0.063,1.8,13.26,-0.01,,,
51.99,REGROUND,-4.51,-0.3,-9.58,13.51,-0.01,0,0,,,,-0.389,-0.061,2.5,13.26,-0.01,,,
52.04,REGROUND,-4.51,-0.3,-9.58,13.52,-0.01,0,0,,,,-0.399,-0.063,1.7,13.26,-0.01,,,
52.09,REGROUND,-4.55,-0.3,-9.58,13.54,-0.01,0,0,,,,-0.389,-0.062,2.5,13.26,-0.01,,,
52.14,REGROUND,-4.55,-0.3,-9.58,13.55,-0.01,0,0,,,,-0.399,-0.063,1.7,13.26,-0.01,,,
52.19,REGROUND,-4.59,-0.3,-9.58,13.56,-0.01,0,0,,,,-0.389,-0.062,2.3,13.26,-0.01,,,
52.24,REGROUND,-4.59,-0.3,-9.58,13.57,-0.01,0,0,,,,-0.399,-0.063,1.6,13.26,-0.01,,,
52.29,REGROUND,-4.63,-0.31,-9.58,13.59,-0.01,0,0,,,,-0.389,-0.062,2.4,13.26,-0.01,,,
52.34,REGROUND,-4.63,-0.31,-9.58,13.6,-0.01,0,0,,,,-0.399,-0.064,1.8,13.26,-0.01,,,
52.39,REGROUND,-4.67,-0.31,-9.58,13.61,-0.01,0,0,,,,-0.389,-0.062,2.5,13.26,-0.01,,,
52.44,REGROUND,-4.67,-0.31,-9.58,13.62,-0.01,0,0,,,,-0.399,-0.064,1.9,13.26,-0.01,,,
52.49,REGROUND,-4.71,-0.31,-9.58,13.64,-0.01,0,0,,,,-0.389,-0.063,2.5,13.26,-0.01,,,
52.54,REGROUND,-4.71,-0.31,-9.58,13.65,-0.01,0,0,,,,-0.399,-0.064,1.9,13.26,-0.01,,,
52.59,REGROUND,-4.75,-0.31,-9.58,13.66,-0.01,0,0,,,,-0.39,-0.063,2.5,13.26,-0.01,,,
52.64,REGROUND,-4.75,-0.31,-9.58,13.67,-0.01,0,0,,,,-0.399,-0.064,1.8,13.26,-0.01,,,
52.69,REGROUND,-4.79,-0.31,-9.58,13.69,-0.01,0,0,,,,-0.39,-0.063,2.5,13.26,-0.01,,,
52.74,REGROUND,-4.79,-0.31,-9.58,13.7,-0.01,0,0,,,,-0.4,-0.065,1.7,13.26,-0.01,,,
52.79,REGROUND,-4.83,-0.31,-9.58,13.71,-0.01,0,0,,,,-0.39,-0.063,2.5,13.26,-0.01,,,
52.84,REGROUND,-4.83,-0.31,-9.58,13.72,-0.01,0,0,,,,-0.4,-0.065,1.8,13.26,-0.01,,,
52.89,REGROUND,-4.87,-0.31,-9.58,13.74,-0.01,0,0,,,,-0.39,-0.063,2.4,13.26,-0.01,,,
52.94,REGROUND,-4.87,-0.31,-9.58,13.75,-0.01,0,0,,,,-0.4,-0.065,1.8,13.26,-0.01,,,
52.99,REGROUND,-4.91,-0.31,-9.58,13.76,-0.01,0,0,,,,-0.39,-0.064,2.3,13.26,-0.01,,,
53.04,REGROUND,-4.91,-0.31,-9.58,13.77,-0.01,0,0,,,,-0.4,-0.065,1.8,13.26,-0.01,,,
53.09,REGROUND,-4.95,-0.31,-9.58,13.79,-0.01,0,0,,,,-0.391,-0.064,2.5,13.26,-0.01,,,
53.14,REGROUND,-4.95,-0.31,-9.58,13.8,-0.01,0,0,,,,-0.4,-0.065,1.9,13.26,-0.01,,,
53.19,REGROUND,-4.99,-0.31,-9.58,13.81,-0.01,0,0,,,,-0.391,-0.064,2.5,13.26,-0.01,,,
53.24,REGROUND,-4.99,-0.31,-9.58,13.82,-0.01,0,0,,,,-0.4,-0.066,1.8,13.26,-0.01,,,
53.29,REGROUND,-5.03,-0.32,-9.58,13.84,-0.01,0,0,,,,-0.391,-0.064,2.5,13.26,-0.01,,,
53.34,REGROUND,-5.03,-0.32,-9.58,13.85,-0.01,0,0,,,,-0.401,-0.066,1.8,13.26,-0.01,,,
53.39,REGROUND,-5.07,-0.32,-9.58,13.86,-0.01,0,0,,,,-0.391,-0.064,2.5,13.26,-0.01,,,
53.44,REGROUND,-5.07,-0.32,-9.58,13.87,-0.01,0,0,,,,-0.401,-0.066,1.7,13.26,-0.01,,,
53.49,REGROUND,-5.11,-0.32,-9.58,13.89,-0.01,0,0,,,,-0.391,-0.064,2.4,13.26,-0.01,,,
53.54,REGROUND,-5.11,-0.32,-9.58,13.9,-0.01,0,0,,,,-0.401,-0.066,1.8,13.26,-0.01,,,
53.59,REGROUND,-5.15,-0.32,-9.58,13.91,-0.01,0,0,,,,-0.391,-0.064,2.3,13.26,-0.01,,,
53.64,REGROUND,-5.15,-0.32,-9.58,13.92,-0.01,0,0,,,,-0.401,-0.066,1.8,13.26,-0.01,,,
53.69,REGROUND,-5.19,-0.32,-9.58,13.94,-0.01,0,0,,,,-0.391,-0.064,2.4,13.26,-0.01,,,
53.74,REGROUND,-5.19,-0.32,-9.58,13.95,-0.01,0,0,,,,-0.401,-0.066,1.8,13.26,-0.01,,,
53.79,REGROUND,-5.23,-0.32,-9.58,13.96,-0.01,0,0,,,,-0.391,-0.064,5.8,13.26,-0.01,,,
53.84,REGROUND,-5.23,-0.32,-9.58,13.97,-0.01,0,0,,,,-0.401,-0.066,1.9,13.26,-0.01,,,
53.89,REGROUND,-5.27,-0.32,-9.58,13.99,-0.01,0,0,,,,-0.391,-0.064,2.9,13.26,-0.01,,,
53.94,REGROUND,-5.27,-0.32,-9.58,14.0,-0.01,0,0,,,,-0.401,-0.066,2.4,13.26,-0.01,,,
53.99,REGROUND,-5.31,-0.33,-9.58,14.01,-0.01,0,0,,,,-0.391,-0.064,3.0,13.26,-0.01,,,
54.04,REGROUND,-5.31,-0.33,-9.58,14.02,-0.01,0,0,,,,-0.401,-0.066,2.0,13.26,-0.01,,,
54.09,REGROUND,-5.35,-0.33,-9.58,14.04,-0.01,0,0,,,,-0.391,-0.064,2.5,13.26,-0.01,,,
54.14,REGROUND,-5.35,-0.33,-9.58,14.05,-0.01,0,0,,,,-0.401,-0.066,1.8,13.26,-0.01,,,
54.19,REGROUND,-5.39,-0.33,-9.58,14.06,-0.01,0,0,,,,-0.391,-0.064,2.4,13.26,-0.01,,,
54.24,REGROUND,-5.39,-0.33,-9.58,14.07,-0.01,0,0,,,,-0.401,-0.065,1.6,13.26,-0.01,,,
54.29,REGROUND,-5.43,-0.33,-9.58,14.09,-0.01,0,0,,,,-0.391,-0.063,2.3,13.26,-0.01,,,
54.34,REGROUND,-5.43,-0.33,-9.58,14.1,-0.01,0,0,,,,-0.401,-0.065,1.7,13.26,-0.01,,,
54.39,REGROUND,-5.46,-0.33,-9.58,14.11,-0.01,0,0,,,,-0.391,-0.063,2.2,13.26,-0.01,,,
54.44,REGROUND,-5.46,-0.33,-9.58,14.12,-0.01,0,0,,,,-0.401,-0.065,1.8,13.26,-0.01,,,
54.49,REGROUND,-5.51,-0.33,-9.58,14.14,-0.01,0,0,,,,-0.391,-0.063,2.6,13.26,-0.01,,,
54.54,REGROUND,-5.51,-0.33,-9.58,14.15,-0.01,0,0,,,,-0.401,-0.065,1.8,13.26,-0.01,,,
54.59,REGROUND,-5.54,-0.34,-9.58,14.16,-0.01,0,0,,,,-0.391,-0.063,2.3,13.26,-0.01,,,
54.64,REGROUND,-5.54,-0.34,-9.58,14.17,-0.01,0,0,,,,-0.401,-0.064,1.8,13.26,-0.01,,,
54.69,REGROUND,-5.59,-0.34,-9.58,14.19,-0.01,0,0,,,,-0.391,-0.063,2.5,13.26,-0.01,,,
54.74,REGROUND,-5.59,-0.34,-9.58,14.2,-0.01,0,0,,,,-0.401,-0.064,1.8,13.26,-0.01,,,
54.79,REGROUND,-5.63,-0.34,-9.58,14.21,-0.01,0,0,,,,-0.391,-0.062,2.4,13.26,-0.01,,,
54.84,REGROUND,-5.63,-0.34,-9.58,14.22,-0.01,0,0,,,,-0.401,-0.064,1.8,13.26,-0.01,,,
54.89,REGROUND,-5.67,-0.34,-9.58,14.24,-0.01,0,0,,,,-0.391,-0.063,2.3,13.26,-0.01,,,
54.94,REGROUND,-5.67,-0.34,-9.58,14.25,-0.01,0,0,,,,-0.401,-0.064,1.8,13.26,-0.01,,,
54.99,REGROUND,-5.71,-0.34,-9.58,14.26,-0.01,0,0,,,,-0.391,-0.063,2.3,13.26,-0.01,,,
55.04,REGROUND,-5.71,-0.34,-9.58,14.27,-0.01,0,0,,,,-0.401,-0.064,1.8,13.26,-0.01,,,
55.09,REGROUND,-5.75,-0.34,-9.58,14.29,-0.01,0,0,,,,-0.391,-0.063,3.0,13.26,-0.01,,,
55.14,REGROUND,-5.75,-0.34,-9.58,14.3,-0.01,0,0,,,,-0.4,-0.064,2.3,13.26,-0.01,,,
55.19,REGROUND,-5.79,-0.34,-9.58,14.31,-0.01,0,0,,,,-0.391,-0.063,2.9,13.26,-0.01,,,
55.24,REGROUND,-5.79,-0.34,-9.58,14.32,-0.01,0,0,,,,-0.4,-0.064,2.0,13.26,-0.01,,,
55.29,REGROUND,-5.83,-0.35,-9.58,14.34,-0.01,0,0,,,,-0.39,-0.063,2.6,13.26,-0.01,,,
55.34,REGROUND,-5.83,-0.35,-9.58,14.35,-0.01,0,0,,,,-0.4,-0.064,1.8,13.26,-0.01,,,
55.39,REGROUND,-5.87,-0.35,-9.58,14.36,-0.01,0,0,,,,-0.39,-0.063,2.4,13.26,-0.01,,,
55.44,REGROUND,-5.87,-0.35,-9.58,14.37,-0.01,0,0,,,,-0.4,-0.064,1.8,13.26,-0.01,,,
55.49,REGROUND,-5.91,-0.35,-9.58,14.39,-0.01,0,0,,,,-0.39,-0.063,2.4,13.26,-0.01,,,
55.54,REGROUND,-5.91,-0.35,-9.58,14.4,-0.01,0,0,,,,-0.4,-0.064,1.7,13.26,-0.01,,,
55.59,REGROUND,-5.95,-0.35,-9.58,14.41,-0.01,0,0,,,,-0.39,-0.063,2.2,13.26,-0.01,,,
55.64,REGROUND,-5.95,-0.35,-9.58,14.42,-0.01,0,0,,,,-0.4,-0.065,1.9,13.26,-0.01,,,
55.69,REGROUND,-5.99,-0.35,-9.58,14.44,-0.01,0,0,,,,-0.389,-0.063,2.3,13.26,-0.01,,,
55.74,REGROUND,-5.99,-0.35,-9.58,14.45,-0.01,0,0,,,,-0.399,-0.065,1.8,13.26,-0.01,,,
55.79,REGROUND,-6.03,-0.35,-9.58,14.46,-0.01,0,0,,,,-0.389,-0.063,2.3,13.26,-0.01,,,
55.84,REGROUND,-6.03,-0.35,-9.58,14.47,-0.01,0,0,,,,-0.399,-0.065,1.8,13.26,-0.01,,,
55.89,REGROUND,-6.07,-0.35,-9.58,14.49,-0.01,0,0,,,,-0.389,-0.063,2.5,13.26,-0.01,,,
55.94,REGROUND,-6.07,-0.35,-9.58,14.5,-0.01,0,0,,,,-0.399,-0.065,1.8,13.26,-0.01,,,
55.99,REGROUND,-6.11,-0.35,-9.58,14.51,-0.01,0,0,,,,-0.389,-0.063,2.5,13.26,-0.01,,,
56.04,REGROUND,-6.11,-0.35,-9.58,14.52,-0.01,0,0,,,,-0.399,-0.065,1.9,13.26,-0.01,,,
56.09,REGROUND,-6.15,-0.36,-9.58,14.54,-0.01,0,0,,,,-0.389,-0.063,2.3,13.26,-0.01,,,
56.14,REGROUND,-6.15,-0.36,-9.58,14.55,-0.01,0,0,,,,-0.398,-0.065,5.3,13.26,-0.01,,,
56.19,REGROUND,-6.19,-0.36,-9.58,14.56,-0.01,0,0,,,,-0.388,-0.063,2.5,13.26,-0.01,,,
56.24,REGROUND,-6.19,-0.36,-9.58,14.58,-0.01,0,0,,,,-0.398,-0.065,1.8,13.26,-0.01,,,
56.29,REGROUND,-6.23,-0.36,-9.58,14.59,-0.01,0,0,,,,-0.388,-0.063,2.5,13.26,-0.01,,,
56.34,REGROUND,-6.23,-0.36,-9.58,14.6,-0.01,0,0,,,,-0.398,-0.065,1.5,13.26,-0.01,,,
56.39,REGROUND,-6.27,-0.36,-9.58,14.61,-0.01,0,0,,,,-0.388,-0.063,2.4,13.26,-0.01,,,
56.44,REGROUND,-6.27,-0.36,-9.58,14.63,-0.01,0,0,,,,-0.398,-0.064,1.8,13.26,-0.01,,,
56.49,REGROUND,-6.31,-0.36,-9.58,14.64,-0.01,0,0,,,,-0.388,-0.063,2.3,13.26,-0.01,,,
56.54,REGROUND,-6.31,-0.36,-9.58,14.65,-0.01,0,0,,,,-0.398,-0.064,1.8,13.26,-0.01,,,
56.59,REGROUND,-6.35,-0.36,-9.58,14.66,-0.01,0,0,,,,-0.388,-0.063,2.4,13.26,-0.01,,,
56.64,REGROUND,-6.39,-0.36,-9.58,14.68,-0.01,0,0,,,,-0.378,-0.061,2.5,13.26,-0.01,,,
56.69,REGROUND,-6.39,-0.36,-9.58,14.69,-0.01,0,0,,,,-0.388,-0.063,1.8,13.26,-0.01,,,
56.74,REGROUND,-6.43,-0.37,-9.58,14.7,-0.01,0,0,,,,-0.378,-0.061,2.5,13.26,-0.01,,,
56.79,REGROUND,-6.43,-0.37,-9.58,14.71,-0.01,0,0,,,,-0.388,-0.063,1.8,13.26,-0.01,,,
56.84,REGROUND,-6.43,-0.37,-9.58,14.73,-0.01,0,0,,,,-0.398,-0.064,1.8,13.26,-0.01,,,
56.89,REGROUND,-6.47,-0.37,-9.58,14.74,-0.01,0,0,,,,-0.388,-0.063,2.5,13.26,-0.01,,,
56.94,REGROUND,-6.47,-0.37,-9.58,14.75,-0.01,0,0,,,,-0.398,-0.064,1.8,13.26,-0.01,,,
56.99,REGROUND,-6.51,-0.37,-9.58,14.76,-0.01,0,0,,,,-0.389,-0.063,2.4,13.26,-0.01,,,
57.04,REGROUND,-6.51,-0.37,-9.58,14.78,-0.01,0,0,,,,-0.399,-0.065,1.8,13.26,-0.01,,,
57.09,REGROUND,-6.55,-0.37,-9.58,14.79,-0.01,0,0,,,,-0.389,-0.063,2.3,13.26,-0.01,,,
57.14,REGROUND,-6.55,-0.37,-9.58,14.8,-0.01,0,0,,,,-0.399,-0.065,1.8,13.26,-0.01,,,
57.19,REGROUND,-6.59,-0.37,-9.58,14.81,-0.01,0,0,,,,-0.389,-0.063,2.3,13.26,-0.01,,,
57.24,REGROUND,-6.63,-0.37,-9.58,14.83,-0.01,0,0,,,,-0.379,-0.061,2.3,13.26,-0.01,,,
57.29,REGROUND,-6.63,-0.37,-9.58,14.84,-0.01,0,0,,,,-0.389,-0.063,1.8,13.26,-0.01,,,
57.34,REGROUND,-6.67,-0.37,-9.58,14.85,-0.01,0,0,,,,-0.379,-0.061,2.5,13.26,-0.01,,,
57.39,REGROUND,-6.67,-0.37,-9.58,14.86,-0.01,0,0,,,,-0.389,-0.063,1.8,13.26,-0.01,,,
57.44,REGROUND,-6.67,-0.37,-9.58,14.88,-0.01,0,0,,,,-0.399,-0.064,1.8,13.26,-0.01,,,
57.49,REGROUND,-6.71,-0.38,-9.58,14.89,-0.01,0,0,,,,-0.389,-0.063,2.5,13.26,-0.01,,,
57.54,REGROUND,-6.71,-0.38,-9.58,14.9,-0.01,0,0,,,,-0.399,-0.064,1.8,13.26,-0.01,,,
57.59,REGROUND,-6.75,-0.38,-9.58,14.91,-0.01,0,0,,,,-0.389,-0.063,2.4,13.26,-0.01,,,
57.64,REGROUND,-6.75,-0.38,-9.58,14.93,-0.01,0,0,,,,-0.399,-0.064,1.9,13.26,-0.01,,,
57.69,REGROUND,-6.79,-0.38,-9.58,14.94,-0.01,0,0,,,,-0.39,-0.063,2.5,13.26,-0.01,,,
57.74,REGROUND,-6.79,-0.38,-9.58,14.95,-0.01,0,0,,,,-0.4,-0.064,1.8,13.26,-0.01,,,
57.79,REGROUND,-6.83,-0.38,-9.58,14.96,-0.01,0,0,,,,-0.39,-0.063,2.5,13.26,-0.01,,,
57.84,REGROUND,-6.87,-0.38,-9.58,14.98,-0.01,0,0,,,,-0.38,-0.061,2.4,13.26,-0.01,,,
57.89,REGROUND,-6.87,-0.38,-9.58,14.99,-0.01,0,0,,,,-0.39,-0.063,1.8,13.26,-0.01,,,
57.94,REGROUND,-6.9,-0.38,-9.58,15.0,-0.01,0,0,,,,-0.381,-0.061,2.2,13.26,-0.01,,,
57.99,REGROUND,-6.9,-0.38,-9.58,15.01,-0.01,0,0,,,,-0.391,-0.063,1.8,13.26,-0.01,,,
58.04,REGROUND,-6.94,-0.38,-9.58,15.03,-0.01,0,0,,,,-0.381,-0.061,2.5,13.26,-0.01,,,
58.09,REGROUND,-6.94,-0.38,-9.58,15.04,-0.01,0,0,,,,-0.391,-0.063,1.9,13.26,-0.01,,,
58.14,REGROUND,-6.94,-0.38,-9.58,15.05,-0.01,0,0,,,,-0.4,-0.064,1.8,13.26,-0.01,,,
58.19,REGROUND,-6.98,-0.39,-9.58,15.06,-0.01,0,0,,,,-0.391,-0.063,2.5,13.26,-0.01,,,
58.24,REGROUND,-6.98,-0.39,-9.58,15.08,-0.01,0,0,,,,-0.401,-0.064,1.8,13.26,-0.01,,,
58.3,REGROUND,-7.02,-0.39,-9.58,15.09,-0.01,0,0,,,,-0.391,-0.063,2.5,13.26,-0.01,,,
58.35,REGROUND,-7.02,-0.39,-9.58,15.1,-0.01,0,0,,,,-0.401,-0.065,2.2,13.26,-0.01,,,
58.4,REGROUND,-7.06,-0.39,-9.58,15.11,-0.01,0,0,,,,-0.392,-0.063,2.5,13.26,-0.01,,,
58.45,REGROUND,-7.1,-0.39,-9.58,15.13,-0.01,0,0,,,,-0.382,-0.062,2.4,13.26,-0.01,,,
58.5,REGROUND,-7.1,-0.39,-9.58,15.14,-0.01,0,0,,,,-0.392,-0.063,1.8,13.26,-0.01,,,
58.55,REGROUND,-7.14,-0.39,-9.58,15.15,-0.01,0,0,,,,-0.382,-0.062,5.9,13.26,-0.01,,,
58.6,REGROUND,-7.14,-0.39,-9.58,15.16,-0.01,0,0,,,,-0.392,-0.063,1.8,13.26,-0.01,,,
58.65,REGROUND,-7.18,-0.39,-9.58,15.18,-0.01,0,0,,,,-0.383,-0.062,2.4,13.26,-0.01,,,
58.7,REGROUND,-7.18,-0.39,-9.58,15.19,-0.01,0,0,,,,-0.392,-0.063,1.6,13.26,-0.01,,,
58.75,REGROUND,-7.22,-0.39,-9.58,15.2,-0.01,0,0,,,,-0.383,-0.062,2.6,13.26,-0.01,,,
58.8,REGROUND,-7.22,-0.39,-9.58,15.21,-0.01,0,0,,,,-0.393,-0.064,1.8,13.26,-0.01,,,
58.85,REGROUND,-7.22,-0.39,-9.58,15.23,-0.01,0,0,,,,-0.403,-0.065,1.9,13.26,-0.01,,,
58.9,REGROUND,-7.26,-0.39,-9.58,15.24,-0.01,0,0,,,,-0.393,-0.064,2.5,13.26,-0.01,,,
58.95,REGROUND,-7.3,-0.4,-9.58,15.25,-0.01,0,0,,,,-0.384,-0.062,2.5,13.26,-0.01,,,
59.0,REGROUND,-7.3,-0.4,-9.58,15.26,-0.01,0,0,,,,-0.394,-0.064,1.8,13.26,-0.01,,,
59.05,REGROUND,-7.34,-0.4,-9.58,15.28,-0.01,0,0,,,,-0.384,-0.062,2.4,13.26,-0.01,,,
59.1,REGROUND,-7.34,-0.4,-9.58,15.29,-0.01,0,0,,,,-0.394,-0.064,1.7,13.26,-0.01,,,
59.15,REGROUND,-7.38,-0.4,-9.58,15.3,-0.01,0,0,,,,-0.384,-0.063,2.4,13.26,-0.01,,,
59.2,REGROUND,-7.38,-0.4,-9.58,15.31,-0.01,0,0,,,,-0.394,-0.064,1.8,13.26,-0.01,,,
59.25,REGROUND,-7.42,-0.4,-9.58,15.33,-0.01,0,0,,,,-0.385,-0.063,2.4,13.26,-0.01,,,
59.3,REGROUND,-7.42,-0.4,-9.58,15.34,-0.01,0,0,,,,-0.395,-0.064,1.8,13.26,-0.01,,,
59.35,REGROUND,-7.45,-0.4,-9.58,15.35,-0.01,0,0,,,,-0.385,-0.063,2.2,13.26,-0.01,,,
59.4,REGROUND,-7.45,-0.4,-9.58,15.36,-0.01,0,0,,,,-0.395,-0.064,1.8,13.26,-0.01,,,
59.45,REGROUND,-7.45,-0.4,-9.58,15.38,-0.01,0,0,,,,-0.405,-0.066,2.0,13.26,-0.01,,,
59.5,REGROUND,-7.49,-0.4,-9.58,15.39,-0.01,0,0,,,,-0.395,-0.064,2.5,13.26,-0.01,,,
59.55,REGROUND,-7.53,-0.4,-9.58,15.4,-0.01,0,0,,,,-0.386,-0.063,2.3,13.26,-0.01,,,
59.6,REGROUND,-7.53,-0.4,-9.58,15.41,-0.01,0,0,,,,-0.395,-0.064,1.9,13.26,-0.01,,,
59.65,REGROUND,-7.57,-0.4,-9.58,15.43,-0.01,0,0,,,,-0.386,-0.063,2.5,13.26,-0.01,,,
59.7,REGROUND,-7.57,-0.4,-9.58,15.44,-0.01,0,0,,,,-0.396,-0.065,1.9,13.26,-0.01,,,
59.75,REGROUND,-7.61,-0.41,-9.58,15.45,-0.01,0,0,,,,-0.386,-0.063,2.5,13.26,-0.01,,,
59.8,REGROUND,-7.61,-0.41,-9.58,15.46,-0.01,0,0,,,,-0.396,-0.065,1.8,13.26,-0.01,,,
59.85,REGROUND,-7.65,-0.41,-9.58,15.48,-0.01,0,0,,,,-0.386,-0.063,2.4,13.26,-0.01,,,
59.9,REGROUND,-7.65,-0.41,-9.58,15.49,-0.01,0,0,,,,-0.396,-0.065,1.6,13.26,-0.01,,,
59.95,REGROUND,-7.69,-0.41,-9.58,15.5,-0.01,0,0,,,,-0.387,-0.063,2.3,13.26,-0.01,,,
60.0,REGROUND,-7.69,-0.41,-9.58,15.51,-0.01,0,0,,,,-0.396,-0.065,1.8,13.26,-0.01,,,
60.05,REGROUND,-7.73,-0.41,-9.58,15.53,-0.01,0,0,,,,-0.387,-0.063,2.3,13.26,-0.01,,,
60.1,REGROUND,-7.73,-0.41,-9.58,15.54,-0.01,0,0,,,,-0.396,-0.065,1.8,13.26,-0.01,,,
60.15,REGROUND,-7.77,-0.41,-9.58,15.55,-0.01,0,0,,,,-0.387,-0.063,2.3,13.26,-0.01,,,
60.2,REGROUND,-7.77,-0.41,-9.58,15.56,-0.01,0,0,,,,-0.396,-0.065,1.8,13.26,-0.01,,,
60.25,REGROUND,-7.81,-0.41,-9.58,15.58,-0.01,0,0,,,,-0.387,-0.063,2.5,13.26,-0.01,,,
60.3,REGROUND,-7.81,-0.41,-9.58,15.59,-0.01,0,0,,,,-0.396,-0.065,1.8,13.26,-0.01,,,
60.35,REGROUND,-7.85,-0.41,-9.58,15.6,-0.01,0,0,,,,-0.387,-0.063,2.5,13.26,-0.01,,,
60.4,REGROUND,-7.85,-0.41,-9.58,15.61,-0.01,0,0,,,,-0.397,-0.064,1.8,13.26,-0.01,,,
60.45,REGROUND,-7.89,-0.42,-9.58,15.63,-0.01,0,0,,,,-0.387,-0.063,2.4,13.26,-0.01,,,
60.5,REGROUND,-7.89,-0.42,-9.58,15.64,-0.01,0,0,,,,-0.397,-0.064,1.8,13.26,-0.01,,,
60.55,REGROUND,-7.93,-0.42,-9.58,15.65,-0.01,0,0,,,,-0.387,-0.062,2.4,13.26,-0.01,,,
60.6,REGROUND,-7.93,-0.42,-9.58,15.66,-0.01,0,0,,,,-0.397,-0.064,1.8,13.26,-0.01,,,
60.65,REGROUND,-7.97,-0.42,-9.58,15.68,-0.01,0,0,,,,-0.387,-0.062,2.4,13.26,-0.01,,,
60.7,REGROUND,-7.97,-0.42,-9.58,15.69,-0.01,0,0,,,,-0.397,-0.064,1.8,13.26,-0.01,,,
60.75,REGROUND,-8.01,-0.42,-9.58,15.7,-0.01,0,0,,,,-0.387,-0.062,2.3,13.26,-0.01,,,
60.8,REGROUND,-8.01,-0.42,-9.58,15.71,-0.01,0,0,,,,-0.397,-0.064,1.8,13.26,-0.01,,,
60.85,REGROUND,-8.05,-0.42,-9.58,15.73,-0.01,0,0,,,,-0.387,-0.062,5.9,13.26,-0.01,,,
60.9,REGROUND,-8.05,-0.42,-9.58,15.74,-0.01,0,0,,,,-0.397,-0.064,1.8,13.26,-0.01,,,
60.95,REGROUND,-8.09,-0.42,-9.58,15.75,-0.01,0,0,,,,-0.388,-0.062,2.5,13.26,-0.01,,,
61.0,REGROUND,-8.09,-0.42,-9.58,15.76,-0.01,0,0,,,,-0.398,-0.064,1.8,13.26,-0.01,,,
61.05,REGROUND,-8.13,-0.43,-9.58,15.78,-0.01,0,0,,,,-0.388,-0.062,2.5,13.26,-0.01,,,
61.1,REGROUND,-8.13,-0.43,-9.58,15.79,-0.01,0,0,,,,-0.398,-0.064,1.9,13.26,-0.01,,,
61.15,REGROUND,-8.17,-0.43,-9.58,15.8,-0.01,0,0,,,,-0.388,-0.062,2.5,13.26,-0.01,,,
61.2,REGROUND,-8.17,-0.43,-9.58,15.81,-0.01,0,0,,,,-0.398,-0.063,1.8,13.26,-0.01,,,
61.25,REGROUND,-8.21,-0.43,-9.58,15.83,-0.01,0,0,,,,-0.388,-0.062,2.5,13.26,-0.01,,,
61.3,REGROUND,-8.21,-0.43,-9.58,15.84,-0.01,0,0,,,,-0.398,-0.064,1.7,13.26,-0.01,,,
61.35,REGROUND,-8.25,-0.43,-9.58,15.85,-0.01,0,0,,,,-0.388,-0.062,2.4,13.26,-0.01,,,
61.4,REGROUND,-8.25,-0.43,-9.58,15.86,-0.01,0,0,,,,-0.398,-0.064,1.8,13.26,-0.01,,,
61.45,REGROUND,-8.29,-0.43,-9.58,15.88,-0.01,0,0,,,,-0.388,-0.062,2.4,13.26,-0.01,,,
61.5,REGROUND,-8.29,-0.43,-9.58,15.89,-0.01,0,0,,,,-0.398,-0.064,1.9,13.26,-0.01,,,
61.55,REGROUND,-8.33,-0.43,-9.58,15.9,-0.01,0,0,,,,-0.388,-0.062,2.4,13.26,-0.01,,,
61.6,REGROUND,-8.33,-0.43,-9.58,15.91,-0.01,0,0,,,,-0.398,-0.064,1.8,13.26,-0.01,,,
61.65,REGROUND,-8.37,-0.43,-9.58,15.93,-0.01,0,0,,,,-0.388,-0.062,2.6,13.26,-0.01,,,
61.7,REGROUND,-8.37,-0.43,-9.58,15.94,-0.01,0,0,,,,-0.398,-0.064,1.8,13.26,-0.01,,,
61.75,REGROUND,-8.41,-0.43,-9.58,15.95,-0.01,0,0,,,,-0.388,-0.063,2.5,13.26,-0.01,,,
61.8,REGROUND,-8.41,-0.43,-9.58,15.96,-0.01,0,0,,,,-0.398,-0.064,1.8,13.26,-0.01,,,
61.85,REGROUND,-8.45,-0.44,-9.58,15.98,-0.01,0,0,,,,-0.388,-0.063,2.6,13.26,-0.01,,,
61.9,REGROUND,-8.45,-0.44,-9.58,15.99,-0.01,0,0,,,,-0.398,-0.064,1.8,13.26,-0.01,,,
61.95,REGROUND,-8.49,-0.44,-9.58,16.0,-0.01,0,0,,,,-0.388,-0.063,2.5,13.26,-0.01,,,
62.0,REGROUND,-8.49,-0.44,-9.58,16.01,-0.01,0,0,,,,-0.398,-0.064,1.7,13.26,-0.01,,,
62.05,REGROUND,-8.53,-0.44,-9.58,16.03,-0.01,0,0,,,,-0.388,-0.063,2.4,13.26,-0.01,,,
62.1,REGROUND,-8.53,-0.44,-9.58,16.04,-0.01,0,0,,,,-0.398,-0.065,1.8,13.26,-0.01,,,
62.15,REGROUND,-8.57,-0.44,-9.58,16.05,-0.01,0,0,,,,-0.388,-0.063,2.3,13.26,-0.01,,,
62.2,REGROUND,-8.57,-0.44,-9.58,16.06,-0.01,0,0,,,,-0.398,-0.065,1.9,13.26,-0.01,,,
62.25,REGROUND,-8.61,-0.44,-9.58,16.08,-0.01,0,0,,,,-0.388,-0.063,2.3,13.26,-0.01,,,
62.3,REGROUND,-8.61,-0.44,-9.58,16.09,-0.01,0,0,,,,-0.398,-0.065,1.8,13.26,-0.01,,,
62.35,REGROUND,-8.65,-0.44,-9.58,16.1,-0.01,0,0,,,,-0.388,-0.063,2.5,13.26,-0.01,,,
62.4,REGROUND,-8.65,-0.44,-9.58,16.11,-0.01,0,0,,,,-0.398,-0.065,1.8,13.26,-0.01,,,
62.45,REGROUND,-8.69,-0.44,-9.58,16.13,-0.01,0,0,,,,-0.388,-0.063,2.5,13.26,-0.01,,,
62.5,REGROUND,-8.69,-0.44,-9.58,16.14,-0.01,0,0,,,,-0.398,-0.065,1.8,13.26,-0.01,,,
62.55,REGROUND,-8.73,-0.44,-9.58,16.15,-0.01,0,0,,,,-0.389,-0.063,2.6,13.26,-0.01,,,
62.6,REGROUND,-8.73,-0.44,-9.58,16.16,-0.01,0,0,,,,-0.398,-0.065,1.6,13.26,-0.01,,,
62.65,REGROUND,-8.77,-0.45,-9.58,16.18,-0.01,0,0,,,,-0.389,-0.064,2.5,13.26,-0.01,,,
62.7,REGROUND,-8.77,-0.45,-9.58,16.19,-0.01,0,0,,,,-0.398,-0.065,1.7,13.26,-0.01,,,
62.75,REGROUND,-8.81,-0.45,-9.58,16.2,-0.01,0,0,,,,-0.389,-0.063,2.4,13.26,-0.01,,,
62.8,REGROUND,-8.81,-0.45,-9.58,16.21,-0.01,0,0,,,,-0.398,-0.065,1.8,13.26,-0.01,,,
62.85,REGROUND,-8.85,-0.45,-9.58,16.23,-0.01,0,0,,,,-0.389,-0.064,2.4,13.26,-0.01,,,
62.9,REGROUND,-8.85,-0.45,-9.58,16.24,-0.01,0,0,,,,-0.398,-0.065,1.8,13.26,-0.01,,,
62.95,REGROUND,-8.89,-0.45,-9.58,16.25,-0.01,0,0,,,,-0.389,-0.064,2.3,13.26,-0.01,,,
63.0,REGROUND,-8.89,-0.45,-9.58,16.26,-0.01,0,0,,,,-0.398,-0.065,1.9,13.26,-0.01,,,
63.05,REGROUND,-8.93,-0.45,-9.58,16.28,-0.01,0,0,,,,-0.389,-0.064,2.5,13.26,-0.01,,,
63.1,REGROUND,-8.93,-0.45,-9.58,16.29,-0.01,0,0,,,,-0.398,-0.065,1.8,13.26,-0.01,,,
63.15,REGROUND,-8.97,-0.45,-9.58,16.3,-0.01,0,0,,,,-0.389,-0.063,2.5,13.26,-0.01,,,
63.2,REGROUND,-8.97,-0.45,-9.58,16.32,-0.01,0,0,,,,-0.399,-0.065,5.3,13.26,-0.01,,,
63.25,REGROUND,-9.01,-0.45,-9.58,16.33,-0.01,0,0,,,,-0.389,-0.063,2.5,13.26,-0.01,,,
63.3,REGROUND,-9.01,-0.45,-9.58,16.34,-0.01,0,0,,,,-0.399,-0.065,1.8,13.26,-0.01,,,
63.35,REGROUND,-9.05,-0.46,-9.58,16.35,-0.01,0,0,,,,-0.389,-0.063,2.4,13.26,-0.01,,,
63.4,REGROUND,-9.05,-0.46,-9.58,16.37,-0.01,0,0,,,,-0.399,-0.065,1.7,13.26,-0.01,,,
63.45,REGROUND,-9.09,-0.46,-9.58,16.38,-0.01,0,0,,,,-0.389,-0.063,2.4,13.26,-0.01,,,
63.5,REGROUND,-9.09,-0.46,-9.58,16.39,-0.01,0,0,,,,-0.399,-0.065,1.8,13.26,-0.01,,,
63.55,REGROUND,-9.13,-0.46,-9.58,16.4,-0.01,0,0,,,,-0.389,-0.063,2.4,13.26,-0.01,,,
63.6,REGROUND,-9.13,-0.46,-9.58,16.42,-0.01,0,0,,,,-0.399,-0.064,1.8,13.26,-0.01,,,
63.65,REGROUND,-9.16,-0.46,-9.58,16.43,-0.01,0,0,,,,-0.389,-0.063,2.3,13.26,-0.01,,,
63.7,REGROUND,-9.16,-0.46,-9.58,16.44,-0.01,0,0,,,,-0.399,-0.064,1.8,13.26,-0.01,,,
63.75,REGROUND,-9.2,-0.46,-9.58,16.45,-0.01,0,0,,,,-0.389,-0.062,2.5,13.26,-0.01,,,
63.8,REGROUND,-9.2,-0.46,-9.58,16.47,-0.01,0,0,,,,-0.399,-0.064,1.9,13.26,-0.01,,,
63.85,REGROUND,-9.24,-0.46,-9.58,16.48,-0.01,0,0,,,,-0.39,-0.062,2.5,13.26,-0.01,,,
63.9,REGROUND,-9.24,-0.46,-9.58,16.49,-0.01,0,0,,,,-0.4,-0.064,1.8,13.26,-0.01,,,
63.95,REGROUND,-9.28,-0.47,-9.58,16.5,-0.01,0,0,,,,-0.39,-0.062,2.5,13.26,-0.01,,,
64.0,REGROUND,-9.28,-0.47,-9.58,16.52,-0.01,0,0,,,,-0.4,-0.064,1.8,13.26,-0.01,,,
64.05,REGROUND,-9.32,-0.47,-9.58,16.53,-0.01,0,0,,,,-0.39,-0.062,2.4,13.26,-0.01,,,
64.1,REGROUND,-9.32,-0.47,-9.58,16.54,-0.01,0,0,,,,-0.4,-0.064,1.8,13.26,-0.01,,,
64.15,REGROUND,-9.36,-0.47,-9.58,16.55,-0.01,0,0,,,,-0.39,-0.062,2.4,13.26,-0.01,,,
64.2,REGROUND,-9.36,-0.47,-9.58,16.57,-0.01,0,0,,,,-0.4,-0.063,1.8,13.26,-0.01,,,
64.25,REGROUND,-9.4,-0.47,-9.58,16.58,-0.01,0,0,,,,-0.39,-0.062,2.4,13.26,-0.01,,,
64.3,REGROUND,-9.4,-0.47,-9.58,16.59,-0.01,0,0,,,,-0.4,-0.064,1.8,13.26,-0.01,,,
64.35,REGROUND,-9.44,-0.47,-9.58,16.6,-0.01,0,0,,,,-0.39,-0.062,2.3,13.26,-0.01,,,
64.4,REGROUND,-9.44,-0.47,-9.58,16.62,-0.01,0,0,,,,-0.4,-0.063,1.8,13.26,-0.01,,,
64.45,REGROUND,-9.48,-0.47,-9.58,16.63,-0.01,0,0,,,,-0.39,-0.062,2.5,13.26,-0.01,,,
64.5,REGROUND,-9.48,-0.47,-9.58,16.64,-0.01,0,0,,,,-0.4,-0.064,1.8,13.26,-0.01,,,
64.55,REGROUND,-9.52,-0.48,-9.58,16.65,-0.01,0,0,,,,-0.39,-0.062,2.4,13.26,-0.01,,,
64.6,REGROUND,-9.52,-0.48,-9.58,16.67,-0.01,0,0,,,,-0.4,-0.064,1.8,13.26,-0.01,,,
64.65,REGROUND,-9.56,-0.48,-9.58,16.68,-0.01,0,0,,,,-0.39,-0.062,2.5,13.26,-0.01,,,
64.7,REGROUND,-9.56,-0.48,-9.58,16.69,-0.01,0,0,,,,-0.4,-0.064,1.8,13.26,-0.01,,,
64.75,REGROUND,-9.6,-0.48,-9.58,16.7,-0.01,0,0,,,,-0.39,-0.062,2.5,13.26,-0.01,,,
64.8,REGROUND,-9.6,-0.48,-9.58,16.72,-0.01,0,0,,,,-0.4,-0.064,2.3,13.26,-0.01,,,
64.85,REGROUND,-9.64,-0.48,-9.58,16.73,-0.01,0,0,,,,-0.39,-0.063,3.0,13.26,-0.01,,,
64.9,REGROUND,-9.64,-0.48,-9.58,16.74,-0.01,0,0,,,,-0.4,-0.064,2.2,13.26,-0.01,,,
64.95,REGROUND,-9.68,-0.48,-9.58,16.75,-0.01,0,0,,,,-0.39,-0.063,2.6,13.26,-0.01,,,
65.0,REGROUND,-9.68,-0.48,-9.58,16.77,-0.01,0,0,,,,-0.4,-0.065,1.6,13.26,-0.01,,,
65.05,REGROUND,-9.72,-0.48,-9.58,16.78,-0.01,0,0,,,,-0.39,-0.063,2.3,13.26,-0.01,,,
65.1,REGROUND,-9.72,-0.48,-9.58,16.79,-0.01,0,0,,,,-0.4,-0.065,1.8,13.26,-0.01,,,
65.15,REGROUND,-9.76,-0.48,-9.58,16.8,-0.01,0,0,,,,-0.39,-0.063,2.2,13.26,-0.01,,,
65.2,REGROUND,-9.76,-0.48,-9.58,16.82,-0.01,0,0,,,,-0.4,-0.065,1.8,13.26,-0.01,,,
65.25,REGROUND,-9.8,-0.48,-9.58,16.83,-0.01,0,0,,,,-0.39,-0.064,2.5,13.26,-0.01,,,
65.31,REGROUND,-9.8,-0.48,-9.58,16.84,-0.01,0,0,,,,-0.4,-0.065,1.8,13.26,-0.01,,,
65.36,REGROUND,-9.84,-0.48,-9.58,16.85,-0.01,0,0,,,,-0.39,-0.064,2.5,13.26,-0.01,,,
65.41,REGROUND,-9.84,-0.48,-9.58,16.87,-0.01,0,0,,,,-0.4,-0.065,1.8,13.26,-0.01,,,
65.46,REGROUND,-9.88,-0.48,-9.58,16.88,-0.01,0,0,,,,-0.39,-0.064,2.3,13.26,-0.01,,,
65.51,REGROUND,-9.88,-0.48,-9.58,16.89,-0.01,0,0,,,,-0.4,-0.065,1.8,13.26,-0.01,,,
65.56,REGROUND,-9.92,-0.49,-9.58,16.9,-0.01,0,0,,,,-0.39,-0.064,5.7,13.26,-0.01,,,
65.61,REGROUND,-9.92,-0.49,-9.58,16.92,-0.01,0,0,,,,-0.4,-0.065,1.6,13.26,-0.01,,,
65.66,REGROUND,-9.96,-0.49,-9.58,16.93,-0.01,0,0,,,,-0.389,-0.064,2.4,13.26,-0.01,,,
65.71,REGROUND,-9.96,-0.49,-9.58,16.94,-0.01,0,0,,,,-0.399,-0.066,1.8,13.26,-0.01,,,
65.76,REGROUND,-10.0,-0.49,-9.58,16.95,-0.01,0,0,,,,-0.389,-0.064,2.3,13.26,-0.01,,,
65.81,REGROUND,-10.0,-0.49,-9.58,16.97,-0.01,0,0,,,,-0.399,-0.065,1.8,13.26,-0.01,,,
65.86,REGROUND,-10.04,-0.49,-9.58,16.98,-0.01,0,0,,,,-0.389,-0.064,2.2,13.26,-0.01,,,
65.91,REGROUND,-10.04,-0.49,-9.58,16.99,-0.01,0,0,,,,-0.399,-0.066,1.8,13.26,-0.01,,,
65.96,REGROUND,-10.08,-0.49,-9.58,17.0,-0.01,0,0,,,,-0.39,-0.064,2.5,13.26,-0.01,,,
66.01,REGROUND,-10.08,-0.49,-9.58,17.02,-0.01,0,0,,,,-0.4,-0.065,1.8,13.26,-0.01,,,
66.06,REGROUND,-10.12,-0.49,-9.58,17.03,-0.01,0,0,,,,-0.39,-0.064,2.5,13.26,-0.01,,,
66.11,REGROUND,-10.12,-0.49,-9.58,17.04,-0.01,0,0,,,,-0.4,-0.065,1.8,13.26,-0.01,,,
66.16,REGROUND,-10.16,-0.49,-9.58,17.05,-0.01,0,0,,,,-0.39,-0.064,2.5,13.26,-0.01,,,
66.21,REGROUND,-10.16,-0.49,-9.58,17.07,-0.01,0,0,,,,-0.4,-0.065,1.8,13.26,-0.01,,,
66.26,REGROUND,-10.2,-0.49,-9.58,17.08,-0.01,0,0,,,,-0.389,-0.064,2.5,13.26,-0.01,,,
66.31,REGROUND,-10.2,-0.49,-9.58,17.09,-0.01,0,0,,,,-0.399,-0.065,1.7,13.26,-0.01,,,
66.36,REGROUND,-10.24,-0.5,-9.58,17.1,-0.01,0,0,,,,-0.389,-0.063,2.5,13.26,-0.01,,,
66.41,REGROUND,-10.24,-0.5,-9.58,17.12,-0.01,0,0,,,,-0.399,-0.065,1.8,13.26,-0.01,,,
66.46,REGROUND,-10.28,-0.5,-9.58,17.13,-0.01,0,0,,,,-0.389,-0.063,2.4,13.26,-0.01,,,
66.51,REGROUND,-10.28,-0.5,-9.58,17.14,-0.01,0,0,,,,-0.399,-0.065,1.8,13.26,-0.01,,,
66.56,REGROUND,-10.32,-0.5,-9.58,17.15,-0.01,0,0,,,,-0.389,-0.063,2.3,13.26,-0.01,,,
66.61,REGROUND,-10.32,-0.5,-9.58,17.17,-0.01,0,0,,,,-0.399,-0.065,1.8,13.26,-0.01,,,
66.66,REGROUND,-10.36,-0.5,-9.58,17.18,-0.01,0,0,,,,-0.389,-0.063,2.5,13.26,-0.01,,,
66.71,REGROUND,-10.36,-0.5,-9.58,17.19,-0.01,0,0,,,,-0.399,-0.064,1.8,13.26,-0.01,,,
66.76,REGROUND,-10.4,-0.5,-9.58,17.2,-0.01,0,0,,,,-0.389,-0.063,2.5,13.26,-0.01,,,
66.81,REGROUND,-10.4,-0.5,-9.58,17.22,-0.01,0,0,,,,-0.399,-0.064,1.8,13.26,-0.01,,,
66.86,REGROUND,-10.44,-0.51,-9.58,17.23,-0.01,0,0,,,,-0.389,-0.062,2.5,13.26,-0.01,,,
66.91,REGROUND,-10.44,-0.51,-9.58,17.24,-0.01,0,0,,,,-0.399,-0.064,1.8,13.26,-0.01,,,
66.96,REGROUND,-10.48,-0.51,-9.58,17.25,-0.01,0,0,,,,-0.389,-0.062,2.6,13.26,-0.01,,,
67.01,REGROUND,-10.48,-0.51,-9.58,17.27,-0.01,0,0,,,,-0.399,-0.064,1.7,13.26,-0.01,,,
67.06,REGROUND,-10.52,-0.51,-9.58,17.28,-0.01,0,0,,,,-0.389,-0.062,2.5,13.26,-0.01,,,
67.11,REGROUND,-10.52,-0.51,-9.58,17.29,-0.01,0,0,,,,-0.399,-0.064,1.8,13.26,-0.01,,,
67.16,REGROUND,-10.56,-0.51,-9.58,17.3,-0.01,0,0,,,,-0.389,-0.062,2.4,13.26,-0.01,,,
67.21,REGROUND,-10.56,-0.51,-9.58,17.32,-0.01,0,0,,,,-0.399,-0.064,1.8,13.26,-0.01,,,
67.26,REGROUND,-10.6,-0.51,-9.58,17.33,-0.01,0,0,,,,-0.389,-0.062,2.4,13.26,-0.01,,,
67.31,REGROUND,-10.6,-0.51,-9.58,17.34,-0.01,0,0,,,,-0.399,-0.063,1.8,13.26,-0.01,,,
67.36,REGROUND,-10.64,-0.51,-9.58,17.35,-0.01,0,0,,,,-0.389,-0.062,2.5,13.26,-0.01,,,
67.41,REGROUND,-10.64,-0.51,-9.58,17.37,-0.01,0,0,,,,-0.399,-0.063,1.8,13.26,-0.01,,,
67.46,REGROUND,-10.68,-0.52,-9.58,17.38,-0.01,0,0,,,,-0.389,-0.062,2.5,13.26,-0.01,,,
67.51,REGROUND,-10.68,-0.52,-9.58,17.39,-0.01,0,0,,,,-0.399,-0.063,1.8,13.26,-0.01,,,
67.56,REGROUND,-10.72,-0.52,-9.58,17.4,-0.01,0,0,,,,-0.389,-0.062,2.5,13.26,-0.01,,,
67.61,REGROUND,-10.72,-0.52,-9.58,17.42,-0.01,0,0,,,,-0.399,-0.063,1.8,13.26,-0.01,,,
67.66,REGROUND,-10.76,-0.52,-9.58,17.43,-0.01,0,0,,,,-0.389,-0.062,2.5,13.26,-0.01,,,
67.71,REGROUND,-10.76,-0.52,-9.58,17.44,-0.01,0,0,,,,-0.399,-0.063,1.6,13.26,-0.01,,,
67.76,REGROUND,-10.8,-0.52,-9.58,17.45,-0.01,0,0,,,,-0.389,-0.062,2.4,13.26,-0.01,,,
67.81,REGROUND,-10.8,-0.52,-9.58,17.47,-0.01,0,0,,,,-0.399,-0.063,1.8,13.26,-0.01,,,
67.86,REGROUND,-10.84,-0.52,-9.58,17.48,-0.01,0,0,,,,-0.389,-0.062,2.5,13.26,-0.01,,,
67.91,REGROUND,-10.84,-0.52,-9.58,17.49,-0.01,0,0,,,,-0.399,-0.064,5.3,13.26,-0.01,,,
67.96,REGROUND,-10.88,-0.52,-9.58,17.5,-0.01,0,0,,,,-0.389,-0.062,2.4,13.26,-0.01,,,
68.01,REGROUND,-10.88,-0.52,-9.58,17.52,-0.01,0,0,,,,-0.399,-0.064,1.8,13.26,-0.01,,,
68.06,REGROUND,-10.92,-0.52,-9.58,17.53,-0.01,0,0,,,,-0.389,-0.063,2.3,13.26,-0.01,,,
68.11,REGROUND,-10.92,-0.52,-9.58,17.54,-0.01,0,0,,,,-0.399,-0.064,1.8,13.26,-0.01,,,
68.16,REGROUND,-10.96,-0.52,-9.58,17.55,-0.01,0,0,,,,-0.39,-0.063,2.7,13.26,-0.01,,,
68.21,REGROUND,-10.96,-0.52,-9.58,17.57,-0.01,0,0,,,,-0.399,-0.064,1.8,13.26,-0.01,,,
68.26,REGROUND,-11.0,-0.52,-9.58,17.58,-0.01,0,0,,,,-0.39,-0.063,2.4,13.26,-0.01,,,
68.31,REGROUND,-11.0,-0.52,-9.58,17.59,-0.01,0,0,,,,-0.399,-0.065,1.8,13.26,-0.01,,,
68.36,REGROUND,-11.04,-0.52,-9.58,17.6,-0.01,0,0,,,,-0.39,-0.064,2.5,13.26,-0.01,,,
68.41,REGROUND,-11.04,-0.52,-9.58,17.62,-0.01,0,0,,,,-0.4,-0.065,1.9,13.26,-0.01,,,
68.46,REGROUND,-11.08,-0.53,-9.58,17.63,-0.01,0,0,,,,-0.39,-0.064,2.5,13.26,-0.01,,,
68.51,REGROUND,-11.08,-0.53,-9.58,17.64,-0.01,0,0,,,,-0.399,-0.065,1.7,13.26,-0.01,,,
68.56,REGROUND,-11.12,-0.53,-9.58,17.65,-0.01,0,0,,,,-0.39,-0.064,2.4,13.26,-0.01,,,
68.61,REGROUND,-11.12,-0.53,-9.58,17.67,-0.01,0,0,,,,-0.4,-0.066,1.7,13.26,-0.01,,,
68.66,REGROUND,-11.16,-0.53,-9.58,17.68,-0.01,0,0,,,,-0.39,-0.064,2.4,13.26,-0.01,,,
68.71,REGROUND,-11.16,-0.53,-9.58,17.69,-0.01,0,0,,,,-0.4,-0.066,1.7,13.26,-0.01,,,
68.76,REGROUND,-11.2,-0.53,-9.58,17.7,-0.01,0,0,,,,-0.39,-0.064,2.4,13.26,-0.01,,,
68.81,REGROUND,-11.2,-0.53,-9.58,17.72,-0.01,0,0,,,,-0.4,-0.066,1.8,13.26,-0.01,,,
68.86,REGROUND,-11.24,-0.53,-9.58,17.73,-0.01,0,0,,,,-0.39,-0.064,2.3,13.26,-0.01,,,
68.91,REGROUND,-11.24,-0.53,-9.58,17.74,-0.01,0,0,,,,-0.4,-0.066,1.8,13.26,-0.01,,,
68.96,REGROUND,-11.28,-0.53,-9.58,17.75,-0.01,0,0,,,,-0.39,-0.064,2.5,13.26,-0.01,,,
69.01,REGROUND,-11.28,-0.53,-9.58,17.77,-0.01,0,0,,,,-0.4,-0.066,1.8,13.26,-0.01,,,
69.06,REGROUND,-11.32,-0.53,-9.58,17.78,-0.01,0,0,,,,-0.39,-0.065,2.5,13.26,-0.01,,,
69.11,REGROUND,-11.32,-0.53,-9.58,17.79,-0.01,0,0,,,,-0.4,-0.066,1.6,13.26,-0.01,,,
69.16,REGROUND,-11.36,-0.53,-9.58,17.8,-0.01,0,0,,,,-0.39,-0.064,2.5,13.26,-0.01,,,
69.21,REGROUND,-11.36,-0.53,-9.58,17.82,-0.01,0,0,,,,-0.4,-0.066,1.7,13.26,-0.01,,,
69.26,REGROUND,-11.4,-0.54,-9.58,17.83,-0.01,0,0,,,,-0.39,-0.064,2.5,13.26,-0.01,,,
69.31,REGROUND,-11.4,-0.54,-9.58,17.84,-0.01,0,0,,,,-0.4,-0.066,1.8,13.26,-0.01,,,
69.36,REGROUND,-11.44,-0.54,-9.58,17.85,-0.01,0,0,,,,-0.39,-0.064,2.4,13.26,-0.01,,,
69.41,REGROUND,-11.44,-0.54,-9.58,17.87,-0.01,0,0,,,,-0.4,-0.066,1.8,13.26,-0.01,,,
69.46,REGROUND,-11.48,-0.54,-9.58,17.88,-0.01,0,0,,,,-0.39,-0.064,2.2,13.26,-0.01,,,
69.51,REGROUND,-11.48,-0.54,-9.58,17.89,-0.01,0,0,,,,-0.4,-0.066,1.9,13.26,-0.01,,,
69.56,REGROUND,-11.52,-0.54,-9.58,17.9,-0.01,0,0,,,,-0.39,-0.064,2.2,13.26,-0.01,,,
69.61,REGROUND,-11.52,-0.54,-9.58,17.92,-0.01,0,0,,,,-0.4,-0.066,1.8,13.26,-0.01,,,
69.66,REGROUND,-11.56,-0.54,-9.58,17.93,-0.01,0,0,,,,-0.39,-0.064,2.5,13.26,-0.01,,,
69.71,REGROUND,-11.56,-0.54,-9.58,17.94,-0.01,0,0,,,,-0.4,-0.066,1.8,13.26,-0.01,,,
69.76,REGROUND,-11.6,-0.54,-9.58,17.95,-0.01,0,0,,,,-0.391,-0.064,2.6,13.26,-0.01,,,
69.81,REGROUND,-11.6,-0.54,-9.58,17.97,-0.01,0,0,,,,-0.4,-0.065,1.8,13.26,-0.01,,,
69.86,REGROUND,-11.64,-0.55,-9.58,17.98,-0.01,0,0,,,,-0.39,-0.064,2.5,13.26,-0.01,,,
69.91,REGROUND,-11.64,-0.55,-9.58,17.99,-0.01,0,0,,,,-0.4,-0.065,1.8,13.26,-0.01,,,
69.96,REGROUND,-11.68,-0.55,-9.58,18.0,-0.01,0,0,,,,-0.39,-0.063,2.4,13.26,-0.01,,,
70.01,REGROUND,-11.68,-0.55,-9.58,18.02,-0.01,0,0,,,,-0.4,-0.065,1.8,13.26,-0.01,,,
70.06,REGROUND,-11.72,-0.55,-9.58,18.03,-0.01,0,0,,,,-0.39,-0.063,2.2,13.26,-0.01,,,
70.11,REGROUND,-11.72,-0.55,-9.58,18.04,-0.01,0,0,,,,-0.4,-0.065,1.9,13.26,-0.01,,,
70.16,REGROUND,-11.76,-0.55,-9.58,18.06,-0.01,0,0,,,,-0.39,-0.063,2.3,13.26,-0.01,,,
70.21,REGROUND,-11.76,-0.55,-9.58,18.07,-0.01,0,0,,,,-0.4,-0.064,1.8,13.26,-0.01,,,
70.26,REGROUND,-11.8,-0.55,-9.58,18.08,-0.01,0,0,,,,-0.39,-0.063,2.5,13.26,-0.01,,,
70.31,REGROUND,-11.8,-0.55,-9.58,18.09,-0.01,0,0,,,,-0.4,-0.064,5.4,13.26,-0.01,,,
70.36,REGROUND,-11.84,-0.55,-9.58,18.11,-0.01,0,0,,,,-0.39,-0.062,2.5,13.26,-0.01,,,
70.41,REGROUND,-11.84,-0.55,-9.58,18.12,-0.01,0,0,,,,-0.4,-0.064,1.8,13.26,-0.01,,,
70.46,REGROUND,-11.88,-0.56,-9.58,18.13,-0.01,0,0,,,,-0.39,-0.062,2.9,13.26,-0.01,,,
70.51,REGROUND,-11.88,-0.56,-9.58,18.14,-0.01,0,0,,,,-0.4,-0.064,1.8,13.26,-0.01,,,
70.56,REGROUND,-11.92,-0.56,-9.58,18.16,-0.01,0,0,,,,-0.39,-0.062,2.3,13.26,-0.01,,,
70.61,REGROUND,-11.92,-0.56,-9.58,18.17,-0.01,0,0,,,,-0.4,-0.064,1.8,13.26,-0.01,,,
70.66,REGROUND,-11.96,-0.56,-9.58,18.18,-0.01,0,0,,,,-0.389,-0.062,2.4,13.26,-0.01,,,
70.71,REGROUND,-11.96,-0.56,-9.58,18.19,-0.01,0,0,,,,-0.399,-0.064,1.9,13.26,-0.01,,,
70.76,REGROUND,-12.0,-0.56,-9.58,18.21,-0.01,0,0,,,,-0.389,-0.062,2.6,13.26,-0.01,,,
70.81,REGROUND,-12.0,-0.56,-9.58,18.22,-0.01,0,0,,,,-0.399,-0.064,1.8,13.26,-0.01,,,
70.86,REGROUND,-12.04,-0.56,-9.58,18.23,-0.01,0,0,,,,-0.389,-0.063,2.6,13.26,-0.01,,,
70.91,REGROUND,-12.04,-0.56,-9.58,18.24,-0.01,0,0,,,,-0.399,-0.064,1.8,13.26,-0.01,,,
70.96,REGROUND,-12.08,-0.56,-9.58,18.26,-0.01,0,0,,,,-0.389,-0.063,2.5,13.26,-0.01,,,
71.01,REGROUND,-12.08,-0.56,-9.58,18.27,-0.01,0,0,,,,-0.399,-0.064,1.8,13.26,-0.01,,,
71.06,REGROUND,-12.12,-0.56,-9.58,18.28,-0.01,0,0,,,,-0.389,-0.063,2.4,13.26,-0.01,,,
71.11,REGROUND,-12.12,-0.56,-9.58,18.29,-0.01,0,0,,,,-0.399,-0.064,1.8,13.26,-0.01,,,
71.16,REGROUND,-12.16,-0.56,-9.58,18.31,-0.01,0,0,,,,-0.389,-0.063,2.4,13.26,-0.01,,,
71.21,REGROUND,-12.16,-0.56,-9.58,18.32,-0.01,0,0,,,,-0.399,-0.064,1.8,13.26,-0.01,,,
71.26,REGROUND,-12.2,-0.57,-9.58,18.33,-0.01,0,0,,,,-0.389,-0.063,2.4,13.26,-0.01,,,
71.31,REGROUND,-12.2,-0.57,-9.58,18.34,-0.01,0,0,,,,-0.399,-0.064,1.8,13.26,-0.01,,,
71.36,REGROUND,-12.24,-0.57,-9.58,18.36,-0.01,0,0,,,,-0.389,-0.063,2.3,13.26,-0.01,,,
71.41,REGROUND,-12.24,-0.57,-9.58,18.37,-0.01,0,0,,,,-0.399,-0.065,1.8,13.26,-0.01,,,
71.46,REGROUND,-12.28,-0.57,-9.58,18.38,-0.01,0,0,,,,-0.389,-0.063,2.6,13.26,-0.01,,,
71.51,REGROUND,-12.28,-0.57,-9.58,18.39,-0.01,0,0,,,,-0.399,-0.065,1.8,13.26,-0.01,,,
71.56,REGROUND,-12.32,-0.57,-9.58,18.41,-0.01,0,0,,,,-0.389,-0.063,2.3,13.26,-0.01,,,
71.61,REGROUND,-12.32,-0.57,-9.58,18.42,-0.01,0,0,,,,-0.399,-0.065,1.8,13.26,-0.01,,,
71.66,REGROUND,-12.36,-0.57,-9.58,18.43,-0.01,0,0,,,,-0.389,-0.063,2.5,13.26,-0.01,,,
71.71,REGROUND,-12.36,-0.57,-9.58,18.44,-0.01,0,0,,,,-0.399,-0.065,1.8,13.26,-0.01,,,
71.76,REGROUND,-12.4,-0.57,-9.58,18.46,-0.01,0,0,,,,-0.389,-0.063,2.5,13.26,-0.01,,,
71.81,REGROUND,-12.4,-0.57,-9.58,18.47,-0.01,0,0,,,,-0.399,-0.065,1.8,13.26,-0.01,,,
71.86,REGROUND,-12.44,-0.57,-9.58,18.48,-0.01,0,0,,,,-0.389,-0.063,2.4,13.26,-0.01,,,
71.91,REGROUND,-12.44,-0.57,-9.58,18.49,-0.01,0,0,,,,-0.399,-0.065,1.8,13.26,-0.01,,,
71.96,REGROUND,-12.48,-0.58,-9.58,18.51,-0.01,0,0,,,,-0.389,-0.063,2.3,13.26,-0.01,,,
72.01,REGROUND,-12.48,-0.58,-9.58,18.52,-0.01,0,0,,,,-0.399,-0.065,1.8,13.26,-0.01,,,
72.06,REGROUND,-12.52,-0.58,-9.58,18.53,-0.01,0,0,,,,-0.389,-0.063,2.4,13.26,-0.01,,,
72.11,REGROUND,-12.52,-0.58,-9.58,18.54,-0.01,0,0,,,,-0.399,-0.065,1.9,13.26,-0.01,,,
72.17,REGROUND,-12.56,-0.58,-9.58,18.56,-0.01,0,0,,,,-0.389,-0.063,2.5,13.26,-0.01,,,
72.22,REGROUND,-12.56,-0.58,-9.58,18.57,-0.01,0,0,,,,-0.399,-0.064,1.7,13.26,-0.01,,,
72.27,REGROUND,-12.6,-0.58,-9.58,18.58,-0.01,0,0,,,,-0.389,-0.063,2.4,13.26,-0.01,,,
72.32,REGROUND,-12.6,-0.58,-9.58,18.59,-0.01,0,0,,,,-0.399,-0.065,1.8,13.26,-0.01,,,
72.37,REGROUND,-12.64,-0.58,-9.58,18.61,-0.01,0,0,,,,-0.389,-0.063,2.5,13.26,-0.01,,,
72.42,REGROUND,-12.64,-0.58,-9.58,18.62,-0.01,0,0,,,,-0.399,-0.064,1.8,13.26,-0.01,,,
72.47,REGROUND,-12.68,-0.58,-9.58,18.63,-0.01,0,0,,,,-0.389,-0.063,2.5,13.26,-0.01,,,
72.52,REGROUND,-12.68,-0.58,-9.58,18.64,-0.01,0,0,,,,-0.399,-0.064,1.8,13.26,-0.01,,,
72.57,REGROUND,-12.72,-0.58,-9.58,18.66,-0.01,0,0,,,,-0.39,-0.063,2.4,13.26,-0.01,,,
72.62,REGROUND,-12.72,-0.58,-9.58,18.67,-0.01,0,0,,,,-0.4,-0.064,1.7,13.26,-0.01,,,
72.67,REGROUND,-12.76,-0.59,-9.58,18.68,-0.01,0,0,,,,-0.39,-0.063,6.1,13.26,-0.01,,,
72.72,REGROUND,-12.76,-0.59,-9.58,18.69,-0.01,0,0,,,,-0.399,-0.064,1.8,13.26,-0.01,,,
72.77,REGROUND,-12.8,-0.59,-9.58,18.71,-0.01,0,0,,,,-0.39,-0.063,2.3,13.26,-0.01,,,
72.82,REGROUND,-12.8,-0.59,-9.58,18.72,-0.01,0,0,,,,-0.4,-0.064,1.8,13.26,-0.01,,,
72.87,REGROUND,-12.84,-0.59,-9.58,18.73,-0.01,0,0,,,,-0.39,-0.063,2.3,13.26,-0.01,,,
72.92,REGROUND,-12.84,-0.59,-9.58,18.74,-0.01,0,0,,,,-0.4,-0.064,1.9,13.26,-0.01,,,
72.97,REGROUND,-12.88,-0.59,-9.58,18.76,-0.01,0,0,,,,-0.39,-0.063,2.5,13.26,-0.01,,,
73.02,REGROUND,-12.88,-0.59,-9.58,18.77,-0.01,0,0,,,,-0.4,-0.064,1.8,13.26,-0.01,,,
73.07,REGROUND,-12.92,-0.59,-9.58,18.78,-0.01,0,0,,,,-0.39,-0.062,2.5,13.26,-0.01,,,
73.12,REGROUND,-12.92,-0.59,-9.58,18.79,-0.01,0,0,,,,-0.4,-0.064,1.7,13.26,-0.01,,,
73.17,REGROUND,-12.96,-0.59,-9.58,18.81,-0.01,0,0,,,,-0.39,-0.062,2.5,13.26,-0.01,,,
73.22,REGROUND,-12.96,-0.59,-9.58,18.82,-0.01,0,0,,,,-0.4,-0.064,1.8,13.26,-0.01,,,
73.27,REGROUND,-13.0,-0.6,-9.58,18.83,-0.01,0,0,,,,-0.39,-0.062,2.5,13.26,-0.01,,,
73.32,REGROUND,-13.0,-0.6,-9.58,18.84,-0.01,0,0,,,,-0.4,-0.064,1.8,13.26,-0.01,,,
73.37,REGROUND,-13.04,-0.6,-9.58,18.86,-0.01,0,0,,,,-0.39,-0.062,2.4,13.26,-0.01,,,
73.42,REGROUND,-13.04,-0.6,-9.58,18.87,-0.01,0,0,,,,-0.4,-0.064,1.8,13.26,-0.01,,,
73.47,REGROUND,-13.08,-0.6,-9.58,18.88,-0.01,0,0,,,,-0.39,-0.062,2.4,13.26,-0.01,,,
73.52,REGROUND,-13.08,-0.6,-9.58,18.89,-0.01,0,0,,,,-0.4,-0.064,1.8,13.26,-0.01,,,
73.57,REGROUND,-13.12,-0.6,-9.58,18.91,-0.01,0,0,,,,-0.39,-0.062,2.4,13.26,-0.01,,,
73.62,REGROUND,-13.12,-0.6,-9.58,18.92,-0.01,0,0,,,,-0.4,-0.064,1.9,13.26,-0.01,,,
73.67,REGROUND,-13.16,-0.6,-9.58,18.93,-0.01,0,0,,,,-0.39,-0.062,2.6,13.26,-0.01,,,
73.72,REGROUND,-13.16,-0.6,-9.58,18.94,-0.01,0,0,,,,-0.4,-0.064,1.9,13.26,-0.01,,,
73.77,REGROUND,-13.2,-0.6,-9.58,18.96,-0.01,0,0,,,,-0.39,-0.062,2.7,13.26,-0.01,,,
73.82,REGROUND,-13.2,-0.6,-9.58,18.97,-0.01,0,0,,,,-0.4,-0.064,1.8,13.26,-0.01,,,
73.87,REGROUND,-13.24,-0.6,-9.58,18.98,-0.01,0,0,,,,-0.39,-0.062,2.6,13.26,-0.01,,,
73.92,REGROUND,-13.24,-0.6,-9.58,18.99,-0.01,0,0,,,,-0.4,-0.064,1.8,13.26,-0.01,,,
73.97,REGROUND,-13.28,-0.6,-9.58,19.01,-0.01,0,0,,,,-0.39,-0.063,2.5,13.26,-0.01,,,
74.02,REGROUND,-13.28,-0.6,-9.58,19.02,-0.01,0,0,,,,-0.4,-0.064,1.8,13.26,-0.01,,,
74.07,REGROUND,-13.32,-0.6,-9.58,19.03,-0.01,0,0,,,,-0.39,-0.063,2.5,13.26,-0.01,,,
74.12,REGROUND,-13.32,-0.6,-9.58,19.04,-0.01,0,0,,,,-0.4,-0.065,1.7,13.26,-0.01,,,
74.17,REGROUND,-13.36,-0.61,-9.58,19.06,-0.01,0,0,,,,-0.39,-0.063,2.5,13.26,-0.01,,,
74.22,REGROUND,-13.36,-0.61,-9.58,19.07,-0.01,0,0,,,,-0.4,-0.065,1.6,13.26,-0.01,,,
74.27,REGROUND,-13.4,-0.61,-9.58,19.08,-0.01,0,0,,,,-0.39,-0.064,2.3,13.26,-0.01,,,
74.32,REGROUND,-13.4,-0.61,-9.58,19.09,-0.01,0,0,,,,-0.4,-0.065,1.8,13.26,-0.01,,,
74.37,REGROUND,-13.44,-0.61,-9.58,19.11,-0.01,0,0,,,,-0.39,-0.064,2.4,13.26,-0.01,,,
74.42,REGROUND,-13.44,-0.61,-9.58,19.12,-0.01,0,0,,,,-0.4,-0.065,1.8,13.26,-0.01,,,
74.47,REGROUND,-13.48,-0.61,-9.58,19.13,-0.01,0,0,,,,-0.39,-0.064,2.5,13.26,-0.01,,,
74.52,REGROUND,-13.48,-0.61,-9.58,19.14,-0.01,0,0,,,,-0.4,-0.066,1.8,13.26,-0.01,,,
74.57,REGROUND,-13.52,-0.61,-9.58,19.16,-0.01,0,0,,,,-0.39,-0.064,2.5,13.26,-0.01,,,
74.62,REGROUND,-13.52,-0.61,-9.58,19.17,-0.01,0,0,,,,-0.4,-0.066,1.8,13.26,-0.01,,,
74.67,REGROUND,-13.56,-0.61,-9.58,19.18,-0.01,0,0,,,,-0.39,-0.064,2.6,13.26,-0.01,,,
74.72,REGROUND,-13.56,-0.61,-9.58,19.19,-0.01,0,0,,,,-0.4,-0.066,1.8,13.26,-0.01,,,
74.77,REGROUND,-13.6,-0.61,-9.58,19.21,-0.01,0,0,,,,-0.39,-0.064,2.5,13.26,-0.01,,,
74.82,REGROUND,-13.6,-0.61,-9.58,19.22,-0.01,0,0,,,,-0.4,-0.066,1.8,13.26,-0.01,,,
74.87,REGROUND,-13.64,-0.61,-9.58,19.23,-0.01,0,0,,,,-0.39,-0.064,2.5,13.26,-0.01,,,
74.92,REGROUND,-13.64,-0.61,-9.58,19.24,-0.01,0,0,,,,-0.4,-0.066,1.8,13.26,-0.01,,,
74.97,REGROUND,-13.68,-0.61,-9.58,19.26,-0.01,0,0,,,,-0.39,-0.064,2.4,13.26,-0.01,,,
75.02,REGROUND,-13.68,-0.61,-9.58,19.27,-0.01,0,0,,,,-0.4,-0.066,5.3,13.26,-0.01,,,
75.07,REGROUND,-13.72,-0.62,-9.58,19.28,-0.01,0,0,,,,-0.39,-0.064,2.3,13.26,-0.01,,,
75.12,REGROUND,-13.72,-0.62,-9.58,19.29,-0.01,0,0,,,,-0.4,-0.066,1.8,13.26,-0.01,,,
75.17,REGROUND,-13.76,-0.62,-9.58,19.31,-0.01,0,0,,,,-0.39,-0.064,2.4,13.26,-0.01,,,
75.22,REGROUND,-13.76,-0.62,-9.58,19.32,-0.01,0,0,,,,-0.4,-0.066,1.8,13.26,-0.01,,,
75.27,REGROUND,-13.8,-0.62,-9.58,19.33,-0.01,0,0,,,,-0.39,-0.064,2.6,13.26,-0.01,,,
75.32,REGROUND,-13.8,-0.62,-9.58,19.34,-0.01,0,0,,,,-0.4,-0.066,1.8,13.26,-0.01,,,
75.37,REGROUND,-13.84,-0.62,-9.58,19.36,-0.01,0,0,,,,-0.391,-0.064,2.5,13.26,-0.01,,,
75.42,REGROUND,-13.84,-0.62,-9.58,19.37,-0.01,0,0,,,,-0.401,-0.066,1.8,13.26,-0.01,,,
75.47,REGROUND,-13.88,-0.62,-9.58,19.38,-0.01,0,0,,,,-0.391,-0.064,2.3,13.26,-0.01,,,
75.52,REGROUND,-13.88,-0.62,-9.58,19.39,-0.01,0,0,,,,-0.401,-0.066,1.7,13.26,-0.01,,,
75.57,REGROUND,-13.92,-0.62,-9.58,19.41,-0.01,0,0,,,,-0.391,-0.064,2.4,13.26,-0.01,,,
75.62,REGROUND,-13.92,-0.62,-9.58,19.42,-0.01,0,0,,,,-0.401,-0.065,1.8,13.26,-0.01,,,
75.67,REGROUND,-13.96,-0.63,-9.58,19.43,-0.01,0,0,,,,-0.391,-0.064,2.3,13.26,-0.01,,,
75.72,REGROUND,-13.96,-0.63,-9.58,19.44,-0.01,0,0,,,,-0.401,-0.065,1.8,13.26,-0.01,,,
75.77,REGROUND,-14.0,-0.63,-9.58,19.46,-0.01,0,0,,,,-0.391,-0.063,2.3,13.26,-0.01,,,
75.82,REGROUND,-14.0,-0.63,-9.58,19.47,-0.01,0,0,,,,-0.401,-0.065,1.8,13.26,-0.01,,,
75.87,REGROUND,-14.04,-0.63,-9.58,19.48,-0.01,0,0,,,,-0.391,-0.063,2.5,13.26,-0.01,,,
75.92,REGROUND,-14.04,-0.63,-9.58,19.49,-0.01,0,0,,,,-0.401,-0.065,1.8,13.26,-0.01,,,
75.97,REGROUND,-14.08,-0.63,-9.58,19.51,-0.01,0,0,,,,-0.391,-0.063,2.5,13.26,-0.01,,,
76.02,REGROUND,-14.08,-0.63,-9.58,19.52,-0.01,0,0,,,,-0.401,-0.064,1.8,13.26,-0.01,,,
76.07,REGROUND,-14.12,-0.63,-9.58,19.53,-0.01,0,0,,,,-0.39,-0.063,2.5,13.26,-0.01,,,
76.12,REGROUND,-14.12,-0.63,-9.58,19.54,-0.01,0,0,,,,-0.4,-0.064,1.8,13.26,-0.01,,,
76.17,REGROUND,-14.16,-0.63,-9.58,19.56,-0.01,0,0,,,,-0.39,-0.062,2.4,13.26,-0.01,,,
76.22,REGROUND,-14.16,-0.63,-9.58,19.57,-0.01,0,0,,,,-0.4,-0.064,1.8,13.26,-0.01,,,
76.27,REGROUND,-14.2,-0.64,-9.58,19.58,-0.01,0,0,,,,-0.39,-0.062,2.4,13.26,-0.01,,,
76.32,REGROUND,-14.2,-0.64,-9.58,19.59,-0.01,0,0,,,,-0.4,-0.064,1.7,13.26,-0.01,,,
76.37,REGROUND,-14.24,-0.64,-9.58,19.61,-0.01,0,0,,,,-0.39,-0.062,2.2,13.26,-0.01,,,
76.42,REGROUND,-14.24,-0.64,-9.58,19.62,-0.01,0,0,,,,-0.4,-0.064,1.8,13.26,-0.01,,,
76.47,REGROUND,-14.28,-0.64,-9.58,19.63,-0.01,0,0,,,,-0.39,-0.062,2.3,13.26,-0.01,,,
76.52,REGROUND,-14.28,-0.64,-9.58,19.64,-0.01,0,0,,,,-0.4,-0.064,1.8,13.26,-0.01,,,
76.57,REGROUND,-14.32,-0.64,-9.58,19.66,-0.01,0,0,,,,-0.39,-0.062,2.2,13.26,-0.01,,,
76.62,REGROUND,-14.32,-0.64,-9.58,19.67,-0.01,0,0,,,,-0.4,-0.063,1.8,13.26,-0.01,,,
76.67,REGROUND,-14.36,-0.64,-9.58,19.68,-0.01,0,0,,,,-0.389,-0.062,2.5,13.26,-0.01,,,
76.72,REGROUND,-14.36,-0.64,-9.58,19.69,-0.01,0,0,,,,-0.399,-0.063,1.8,13.26,-0.01,,,
76.77,REGROUND,-14.4,-0.64,-9.58,19.71,-0.01,0,0,,,,-0.389,-0.062,2.6,13.26,-0.01,,,
76.82,REGROUND,-14.4,-0.64,-9.58,19.72,-0.01,0,0,,,,-0.399,-0.063,1.8,13.26,-0.01,,,
76.87,REGROUND,-14.44,-0.65,-9.58,19.73,-0.01,0,0,,,,-0.389,-0.062,2.5,13.26,-0.01,,,
76.92,REGROUND,-14.44,-0.65,-9.58,19.74,-0.01,0,0,,,,-0.399,-0.063,1.7,13.26,-0.01,,,
76.97,REGROUND,-14.48,-0.65,-9.58,19.76,-0.01,0,0,,,,-0.389,-0.062,2.4,13.26,-0.01,,,
77.02,REGROUND,-14.48,-0.65,-9.58,19.77,-0.01,0,0,,,,-0.399,-0.063,1.7,13.26,-0.01,,,
77.07,REGROUND,-14.52,-0.65,-9.58,19.78,-0.01,0,0,,,,-0.389,-0.062,2.4,13.26,-0.01,,,
77.12,REGROUND,-14.52,-0.65,-9.58,19.79,-0.01,0,0,,,,-0.399,-0.064,1.8,13.26,-0.01,,,
77.17,REGROUND,-14.56,-0.65,-9.58,19.81,-0.01,0,0,,,,-0.389,-0.062,2.4,13.26,-0.01,,,
77.22,REGROUND,-14.56,-0.65,-9.58,19.82,-0.01,0,0,,,,-0.399,-0.064,1.8,13.26,-0.01,,,
77.27,REGROUND,-14.6,-0.65,-9.58,19.83,-0.01,0,0,,,,-0.389,-0.062,2.3,13.26,-0.01,,,
77.32,REGROUND,-14.6,-0.65,-9.58,19.85,-0.01,0,0,,,,-0.398,-0.064,1.8,13.26,-0.01,,,
77.37,REGROUND,-14.64,-0.65,-9.58,19.86,-0.01,0,0,,,,-0.388,-0.063,6.0,13.26,-0.01,,,
77.42,REGROUND,-14.64,-0.65,-9.58,19.87,-0.01,0,0,,,,-0.398,-0.064,1.8,13.26,-0.01,,,
77.47,REGROUND,-14.68,-0.65,-9.58,19.88,-0.01,0,0,,,,-0.388,-0.063,2.5,13.26,-0.01,,,
77.52,REGROUND,-14.68,-0.65,-9.58,19.9,-0.01,0,0,,,,-0.398,-0.065,1.8,13.26,-0.01,,,
77.57,REGROUND,-14.72,-0.65,-9.58,19.91,-0.01,0,0,,,,-0.388,-0.063,2.5,13.26,-0.01,,,
77.62,REGROUND,-14.72,-0.65,-9.58,19.92,-0.01,0,0,,,,-0.398,-0.065,1.8,13.26,-0.01,,,
77.67,REGROUND,-14.76,-0.65,-9.58,19.93,-0.01,0,0,,,,-0.388,-0.064,2.5,13.26,-0.01,,,
77.72,REGROUND,-14.76,-0.65,-9.58,19.95,-0.01,0,0,,,,-0.398,-0.065,1.8,13.26,-0.01,,,
77.77,REGROUND,-14.8,-0.65,-9.58,19.96,-0.01,0,0,,,,-0.388,-0.064,2.4,13.26,-0.01,,,
77.82,REGROUND,-14.8,-0.65,-9.58,19.97,-0.01,0,0,,,,-0.398,-0.065,1.7,13.26,-0.01,,,
77.87,REGROUND,-14.84,-0.65,-9.58,19.98,-0.01,0,0,,,,-0.388,-0.064,2.4,13.26,-0.01,,,
77.92,REGROUND,-14.84,-0.65,-9.58,20.0,-0.01,0,0,,,,-0.398,-0.066,1.7,13.26,-0.01,,,
77.97,REGROUND,-14.88,-0.66,-9.58,20.01,-0.01,0,0,,,,-0.388,-0.064,2.3,13.26,-0.01,,,
78.02,REGROUND,-14.88,-0.66,-9.58,20.02,-0.01,0,0,,,,-0.398,-0.066,1.8,13.26,-0.01,,,
78.07,REGROUND,-14.92,-0.66,-9.58,20.03,-0.01,0,0,,,,-0.389,-0.064,2.3,13.26,-0.01,,,
78.12,REGROUND,-14.92,-0.66,-9.58,20.05,-0.01,0,0,,,,-0.398,-0.066,1.9,13.26,-0.01,,,
78.17,REGROUND,-14.96,-0.66,-9.58,20.06,-0.01,0,0,,,,-0.389,-0.064,2.6,13.26,-0.01,,,
78.22,REGROUND,-14.96,-0.66,-9.58,20.07,-0.01,0,0,,,,-0.399,-0.066,1.6,13.26,-0.01,,,
78.27,REGROUND,-15.0,-0.66,-9.58,20.08,-0.01,0,0,,,,-0.389,-0.064,2.5,13.26,-0.01,,,
78.32,REGROUND,-15.0,-0.66,-9.58,20.1,-0.01,0,0,,,,-0.399,-0.066,1.8,13.26,-0.01,,,
78.37,REGROUND,-15.04,-0.66,-9.58,20.11,-0.01,0,0,,,,-0.389,-0.064,2.4,13.26,-0.01,,,
78.42,REGROUND,-15.04,-0.66,-9.58,20.12,-0.01,0,0,,,,-0.399,-0.066,1.8,13.26,-0.01,,,
78.47,REGROUND,-15.08,-0.66,-9.58,20.13,-0.01,0,0,,,,-0.389,-0.064,2.3,13.26,-0.01,,,
78.52,REGROUND,-15.08,-0.66,-9.58,20.15,-0.01,0,0,,,,-0.399,-0.066,1.7,13.26,-0.01,,,
78.57,REGROUND,-15.12,-0.66,-9.58,20.16,-0.01,0,0,,,,-0.389,-0.064,2.3,13.26,-0.01,,,
78.62,REGROUND,-15.12,-0.66,-9.58,20.17,-0.01,0,0,,,,-0.399,-0.066,1.8,13.26,-0.01,,,
78.67,REGROUND,-15.16,-0.67,-9.58,20.18,-0.01,0,0,,,,-0.389,-0.064,2.5,13.26,-0.01,,,
78.72,REGROUND,-15.16,-0.67,-9.58,20.2,-0.01,0,0,,,,-0.399,-0.066,1.8,13.26,-0.01,,,
78.77,REGROUND,-15.2,-0.67,-9.58,20.21,-0.01,0,0,,,,-0.389,-0.064,2.5,13.26,-0.01,,,
78.82,REGROUND,-15.2,-0.67,-9.58,20.22,-0.01,0,0,,,,-0.399,-0.065,1.8,13.26,-0.01,,,
78.87,REGROUND,-15.24,-0.67,-9.58,20.23,-0.01,0,0,,,,-0.389,-0.064,2.5,13.26,-0.01,,,
78.92,REGROUND,-15.24,-0.67,-9.58,20.25,-0.01,0,0,,,,-0.399,-0.065,1.8,13.26,-0.01,,,
78.97,REGROUND,-15.28,-0.67,-9.58,20.26,-0.01,0,0,,,,-0.389,-0.064,2.4,13.26,-0.01,,,
79.02,REGROUND,-15.28,-0.67,-9.58,20.27,-0.01,0,0,,,,-0.399,-0.065,1.7,13.26,-0.01,,,
79.07,REGROUND,-15.32,-0.67,-9.58,20.28,-0.01,0,0,,,,-0.389,-0.063,2.5,13.26,-0.01,,,
79.12,REGROUND,-15.32,-0.67,-9.58,20.3,-0.01,0,0,,,,-0.399,-0.065,1.8,13.26,-0.01,,,
79.17,REGROUND,-15.36,-0.67,-9.58,20.31,-0.01,0,0,,,,-0.389,-0.063,2.6,13.26,-0.01,,,
79.22,REGROUND,-15.36,-0.67,-9.58,20.32,-0.01,0,0,,,,-0.399,-0.065,1.8,13.26,-0.01,,,
79.28,REGROUND,-15.4,-0.68,-9.58,20.33,-0.01,0,0,,,,-0.389,-0.063,2.3,13.26,-0.01,,,
79.33,REGROUND,-15.4,-0.68,-9.58,20.35,-0.01,0,0,,,,-0.399,-0.065,1.8,13.26,-0.01,,,
79.38,REGROUND,-15.44,-0.68,-9.58,20.36,-0.01,0,0,,,,-0.39,-0.063,2.3,13.26,-0.01,,,
79.43,REGROUND,-15.44,-0.68,-9.58,20.37,-0.01,0,0,,,,-0.399,-0.064,1.8,13.26,-0.01,,,
79.48,REGROUND,-15.48,-0.68,-9.58,20.38,-0.01,0,0,,,,-0.39,-0.062,2.3,13.26,-0.01,,,
79.53,REGROUND,-15.48,-0.68,-9.58,20.4,-0.01,0,0,,,,-0.4,-0.064,2.0,13.26,-0.01,,,
79.58,REGROUND,-15.52,-0.68,-9.58,20.41,-0.01,0,0,,,,-0.39,-0.062,2.5,13.26,-0.01,,,
79.63,REGROUND,-15.52,-0.68,-9.58,20.42,-0.01,0,0,,,,-0.4,-0.064,1.8,13.26,-0.01,,,
79.68,REGROUND,-15.56,-0.68,-9.58,20.43,-0.01,0,0,,,,-0.39,-0.062,2.4,13.26,-0.01,,,
79.73,REGROUND,-15.56,-0.68,-9.58,20.45,-0.01,0,0,,,,-0.4,-0.064,5.0,13.26,-0.01,,,
79.78,REGROUND,-15.59,-0.69,-9.58,20.46,-0.01,0,0,,,,-0.39,-0.062,2.6,13.26,-0.01,,,
79.83,REGROUND,-15.59,-0.69,-9.58,20.47,-0.01,0,0,,,,-0.4,-0.064,1.7,13.26,-0.01,,,
79.88,REGROUND,-15.63,-0.69,-9.58,20.48,-0.01,0,0,,,,-0.391,-0.062,2.4,13.26,-0.01,,,
79.93,REGROUND,-15.63,-0.69,-9.58,20.5,-0.01,0,0,,,,-0.4,-0.064,1.7,13.26,-0.01,,,
79.98,REGROUND,-15.67,-0.69,-9.58,20.51,-0.01,0,0,,,,-0.391,-0.062,2.4,13.26,-0.01,,,
80.03,REGROUND,-15.67,-0.69,-9.58,20.52,-0.01,0,0,,,,-0.401,-0.064,1.8,13.26,-0.01,,,
80.08,REGROUND,-15.71,-0.69,-9.58,20.53,-0.01,0,0,,,,-0.391,-0.062,2.3,13.26,-0.01,,,
80.13,REGROUND,-15.71,-0.69,-9.58,20.55,-0.01,0,0,,,,-0.401,-0.064,2.0,13.26,-0.01,,,
80.18,REGROUND,-15.75,-0.69,-9.58,20.56,-0.01,0,0,,,,-0.391,-0.062,2.2,13.26,-0.01,,,
80.23,REGROUND,-15.75,-0.69,-9.58,20.57,-0.01,0,0,,,,-0.401,-0.064,1.9,13.26,-0.01,,,
80.28,REGROUND,-15.79,-0.69,-9.58,20.58,-0.01,0,0,,,,-0.391,-0.062,2.6,13.26,-0.01,,,
80.33,REGROUND,-15.79,-0.69,-9.58,20.6,-0.01,0,0,,,,-0.401,-0.064,1.7,13.26,-0.01,,,
80.38,REGROUND,-15.83,-0.69,-9.58,20.61,-0.01,0,0,,,,-0.391,-0.062,2.5,13.26,-0.01,,,
80.43,REGROUND,-15.83,-0.69,-9.58,20.62,-0.01,0,0,,,,-0.401,-0.064,1.8,13.26,-0.01,,,
80.48,REGROUND,-15.87,-0.69,-9.58,20.63,-0.01,0,0,,,,-0.39,-0.062,2.5,13.26,-0.01,,,
80.53,REGROUND,-15.87,-0.69,-9.58,20.65,-0.01,0,0,,,,-0.4,-0.064,1.8,13.26,-0.01,,,
80.58,REGROUND,-15.91,-0.7,-9.58,20.66,-0.01,0,0,,,,-0.391,-0.063,2.4,13.26,-0.01,,,
80.63,REGROUND,-15.91,-0.7,-9.58,20.67,-0.01,0,0,,,,-0.4,-0.064,1.7,13.26,-0.01,,,
80.68,REGROUND,-15.95,-0.7,-9.58,20.68,-0.01,0,0,,,,-0.39,-0.063,2.3,13.26,-0.01,,,
80.73,REGROUND,-15.95,-0.7,-9.58,20.7,-0.01,0,0,,,,-0.4,-0.065,1.8,13.26,-0.01,,,
80.78,REGROUND,-15.99,-0.7,-9.58,20.71,-0.01,0,0,,,,-0.391,-0.063,2.4,13.26,-0.01,,,
80.83,REGROUND,-15.99,-0.7,-9.58,20.72,-0.01,0,0,,,,-0.4,-0.065,1.8,13.26,-0.01,,,
80.88,REGROUND,-16.03,-0.7,-9.58,20.73,-0.01,0,0,,,,-0.39,-0.063,2.4,13.26,-0.01,,,
80.93,REGROUND,-16.03,-0.7,-9.58,20.75,-0.01,0,0,,,,-0.4,-0.065,1.8,13.26,-0.01,,,
80.98,REGROUND,-16.07,-0.7,-9.58,20.76,-0.01,0,0,,,,-0.39,-0.063,2.5,13.26,-0.01,,,
81.03,REGROUND,-16.07,-0.7,-9.58,20.77,-0.01,0,0,,,,-0.4,-0.065,1.8,13.26,-0.01,,,
81.08,REGROUND,-16.11,-0.7,-9.58,20.78,-0.01,0,0,,,,-0.39,-0.063,2.5,13.26,-0.01,,,
81.13,REGROUND,-16.11,-0.7,-9.58,20.8,-0.01,0,0,,,,-0.4,-0.065,1.8,13.26,-0.01,,,
81.18,REGROUND,-16.15,-0.7,-9.58,20.81,-0.01,0,0,,,,-0.39,-0.063,2.5,13.26,-0.01,,,
81.23,REGROUND,-16.15,-0.7,-9.58,20.82,-0.01,0,0,,,,-0.4,-0.065,1.8,13.26,-0.01,,,
81.28,REGROUND,-16.19,-0.7,-9.58,20.83,-0.01,0,0,,,,-0.39,-0.064,2.5,13.26,-0.01,,,
81.33,REGROUND,-16.19,-0.7,-9.58,20.85,-0.01,0,0,,,,-0.4,-0.065,1.8,13.26,-0.01,,,
81.38,REGROUND,-16.23,-0.7,-9.58,20.86,-0.01,0,0,,,,-0.39,-0.064,2.3,13.26,-0.01,,,
81.43,REGROUND,-16.23,-0.7,-9.58,20.87,-0.01,0,0,,,,-0.4,-0.065,1.8,13.26,-0.01,,,
81.48,REGROUND,-16.27,-0.71,-9.58,20.88,-0.01,0,0,,,,-0.39,-0.064,2.3,13.26,-0.01,,,
81.53,REGROUND,-16.27,-0.71,-9.58,20.9,-0.01,0,0,,,,-0.4,-0.065,2.3,13.26,-0.01,,,
81.58,REGROUND,-16.31,-0.71,-9.58,20.91,-0.01,0,0,,,,-0.39,-0.064,2.8,13.26,-0.01,,,
81.63,REGROUND,-16.31,-0.71,-9.58,20.92,-0.01,0,0,,,,-0.4,-0.065,2.2,13.26,-0.01,,,
81.68,REGROUND,-16.35,-0.71,-9.58,20.93,-0.01,0,0,,,,-0.39,-0.064,3.0,13.26,-0.01,,,
81.73,REGROUND,-16.35,-0.71,-9.58,20.95,-0.01,0,0,,,,-0.4,-0.065,2.3,13.26,-0.01,,,
81.78,REGROUND,-16.39,-0.71,-9.58,20.96,-0.01,0,0,,,,-0.39,-0.064,2.6,13.26,-0.01,,,
81.83,REGROUND,-16.39,-0.71,-9.58,20.97,-0.01,0,0,,,,-0.4,-0.065,1.6,13.26,-0.01,,,
81.88,REGROUND,-16.43,-0.71,-9.58,20.98,-0.01,0,0,,,,-0.39,-0.064,2.6,13.26,-0.01,,,
81.93,REGROUND,-16.43,-0.71,-9.58,21.0,-0.01,0,0,,,,-0.4,-0.065,1.8,13.26,-0.01,,,
81.98,REGROUND,-16.47,-0.71,-9.58,21.01,-0.01,0,0,,,,-0.39,-0.064,6.0,13.26,-0.01,,,
82.03,REGROUND,-16.47,-0.71,-9.58,21.02,-0.01,0,0,,,,-0.4,-0.065,2.0,13.26,-0.01,,,
82.08,REGROUND,-16.51,-0.71,-9.58,21.03,-0.01,0,0,,,,-0.39,-0.064,2.4,13.26,-0.01,,,
82.13,REGROUND,-16.51,-0.71,-9.58,21.05,-0.01,0,0,,,,-0.4,-0.065,1.8,13.26,-0.01,,,
82.18,REGROUND,-16.55,-0.72,-9.58,21.06,-0.01,0,0,,,,-0.39,-0.064,2.3,13.26,-0.01,,,
82.23,REGROUND,-16.55,-0.72,-9.58,21.07,-0.01,0,0,,,,-0.4,-0.065,1.9,13.26,-0.01,,,
82.28,REGROUND,-16.59,-0.72,-9.58,21.08,-0.01,0,0,,,,-0.39,-0.064,2.6,13.26,-0.01,,,
82.33,REGROUND,-16.59,-0.72,-9.58,21.1,-0.01,0,0,,,,-0.399,-0.065,1.8,13.26,-0.01,,,
82.38,REGROUND,-16.64,-0.72,-9.58,21.11,-0.01,0,0,,,,-0.39,-0.063,2.5,13.26,-0.01,,,
82.43,REGROUND,-16.64,-0.72,-9.58,21.12,-0.01,0,0,,,,-0.399,-0.065,1.8,13.26,-0.01,,,
82.48,REGROUND,-16.68,-0.72,-9.58,21.13,-0.01,0,0,,,,-0.389,-0.063,2.5,13.26,-0.01,,,
82.53,REGROUND,-16.68,-0.72,-9.58,21.15,-0.01,0,0,,,,-0.399,-0.065,1.8,13.26,-0.01,,,
82.58,REGROUND,-16.72,-0.72,-9.58,21.16,-0.01,0,0,,,,-0.389,-0.063,2.5,13.26,-0.01,,,
82.63,REGROUND,-16.72,-0.72,-9.58,21.17,-0.01,0,0,,,,-0.399,-0.064,1.9,13.26,-0.01,,,
82.68,REGROUND,-16.76,-0.72,-9.58,21.18,-0.01,0,0,,,,-0.389,-0.063,2.6,13.26,-0.01,,,
82.73,REGROUND,-16.76,-0.72,-9.58,21.2,-0.01,0,0,,,,-0.399,-0.064,1.8,13.26,-0.01,,,
82.78,REGROUND,-16.8,-0.73,-9.58,21.21,-0.01,0,0,,,,-0.389,-0.062,2.4,13.26,-0.01,,,
82.83,REGROUND,-16.8,-0.73,-9.58,21.22,-0.01,0,0,,,,-0.399,-0.064,1.8,13.26,-0.01,,,
82.88,REGROUND,-16.84,-0.73,-9.58,21.23,-0.01,0,0,,,,-0.389,-0.062,2.4,13.26,-0.01,,,
82.93,REGROUND,-16.84,-0.73,-9.58,21.25,-0.01,0,0,,,,-0.399,-0.064,1.8,13.26,-0.01,,,
82.98,REGROUND,-16.88,-0.73,-9.58,21.26,-0.01,0,0,,,,-0.389,-0.062,2.3,13.26,-0.01,,,
83.03,REGROUND,-16.88,-0.73,-9.58,21.27,-0.01,0,0,,,,-0.399,-0.064,1.9,13.26,-0.01,,,
83.08,REGROUND,-16.92,-0.73,-9.58,21.28,-0.01,0,0,,,,-0.389,-0.062,2.7,13.26,-0.01,,,
83.13,REGROUND,-16.92,-0.73,-9.58,21.3,-0.01,0,0,,,,-0.398,-0.064,1.9,13.26,-0.01,,,
83.18,REGROUND,-16.96,-0.73,-9.58,21.31,-0.01,0,0,,,,-0.389,-0.062,2.4,13.26,-0.01,,,
83.23,REGROUND,-16.96,-0.73,-9.58,21.32,-0.01,0,0,,,,-0.398,-0.064,1.8,13.26,-0.01,,,
83.28,REGROUND,-17.0,-0.73,-9.58,21.33,-0.01,0,0,,,,-0.388,-0.062,2.4,13.26,-0.01,,,
83.33,REGROUND,-17.0,-0.73,-9.58,21.35,-0.01,0,0,,,,-0.398,-0.064,2.0,13.26,-0.01,,,
83.38,REGROUND,-17.04,-0.73,-9.58,21.36,-0.01,0,0,,,,-0.388,-0.062,2.5,13.26,-0.01,,,
83.43,REGROUND,-17.04,-0.73,-9.58,21.37,-0.01,0,0,,,,-0.398,-0.064,1.6,13.26,-0.01,,,
83.48,REGROUND,-17.08,-0.74,-9.58,21.38,-0.01,0,0,,,,-0.388,-0.062,2.4,13.26,-0.01,,,
83.53,REGROUND,-17.08,-0.74,-9.58,21.4,-0.01,0,0,,,,-0.398,-0.064,1.8,13.26,-0.01,,,
83.58,REGROUND,-17.12,-0.74,-9.58,21.41,-0.01,0,0,,,,-0.389,-0.063,2.4,13.26,-0.01,,,
83.63,REGROUND,-17.12,-0.74,-9.58,21.42,-0.01,0,0,,,,-0.398,-0.064,1.8,13.26,-0.01,,,
83.68,REGROUND,-17.16,-0.74,-9.58,21.43,-0.01,0,0,,,,-0.389,-0.063,2.3,13.26,-0.01,,,
83.73,REGROUND,-17.16,-0.74,-9.58,21.45,-0.01,0,0,,,,-0.399,-0.064,1.7,13.26,-0.01,,,
83.78,REGROUND,-17.2,-0.74,-9.58,21.46,-0.01,0,0,,,,-0.389,-0.063,2.7,13.26,-0.01,,,
83.83,REGROUND,-17.2,-0.74,-9.58,21.47,-0.01,0,0,,,,-0.399,-0.064,1.8,13.26,-0.01,,,
83.88,REGROUND,-17.24,-0.74,-9.58,21.48,-0.01,0,0,,,,-0.389,-0.063,2.5,13.26,-0.01,,,
83.93,REGROUND,-17.24,-0.74,-9.58,21.5,-0.01,0,0,,,,-0.399,-0.065,1.8,13.26,-0.01,,,
83.98,REGROUND,-17.28,-0.74,-9.58,21.51,-0.01,0,0,,,,-0.389,-0.063,2.5,13.26,-0.01,,,
84.03,REGROUND,-17.28,-0.74,-9.58,21.52,-0.01,0,0,,,,-0.399,-0.065,1.8,13.26,-0.01,,,
84.08,REGROUND,-17.32,-0.74,-9.58,21.54,-0.01,0,0,,,,-0.389,-0.063,2.5,13.26,-0.01,,,
84.13,REGROUND,-17.32,-0.74,-9.58,21.55,-0.01,0,0,,,,-0.399,-0.065,1.8,13.26,-0.01,,,
84.18,REGROUND,-17.36,-0.74,-9.58,21.56,-0.01,0,0,,,,-0.389,-0.063,2.2,13.26,-0.01,,,
84.23,REGROUND,-17.36,-0.74,-9.58,21.57,-0.01,0,0,,,,-0.399,-0.065,1.6,13.26,-0.01,,,
84.28,REGROUND,-17.4,-0.75,-9.58,21.59,-0.01,0,0,,,,-0.389,-0.063,2.4,13.26,-0.01,,,
84.33,REGROUND,-17.4,-0.75,-9.58,21.6,-0.01,0,0,,,,-0.399,-0.065,5.2,13.26,-0.01,,,
84.38,REGROUND,-17.44,-0.75,-9.58,21.61,-0.01,0,0,,,,-0.389,-0.063,2.5,13.26,-0.01,,,
84.43,REGROUND,-17.44,-0.75,-9.58,21.62,-0.01,0,0,,,,-0.399,-0.065,1.8,13.26,-0.01,,,
84.48,REGROUND,-17.48,-0.75,-9.58,21.64,-0.01,0,0,,,,-0.389,-0.063,2.5,13.26,-0.01,,,
84.53,REGROUND,-17.48,-0.75,-9.58,21.65,-0.01,0,0,,,,-0.399,-0.065,1.8,13.26,-0.01,,,
84.58,REGROUND,-17.52,-0.75,-9.58,21.66,-0.01,0,0,,,,-0.389,-0.063,2.4,13.26,-0.01,,,
84.63,REGROUND,-17.52,-0.75,-9.58,21.67,-0.01,0,0,,,,-0.399,-0.065,2.4,13.26,-0.01,,,
84.68,REGROUND,-17.56,-0.75,-9.58,21.69,-0.01,0,0,,,,-0.389,-0.063,3.0,13.26,-0.01,,,
84.73,REGROUND,-17.56,-0.75,-9.58,21.7,-0.01,0,0,,,,-0.399,-0.065,2.3,13.26,-0.01,,,
84.78,REGROUND,-17.59,-0.75,-9.58,21.71,-0.01,0,0,,,,-0.389,-0.063,2.8,13.26,-0.01,,,
84.83,REGROUND,-17.59,-0.75,-9.58,21.72,-0.01,0,0,,,,-0.399,-0.065,2.1,13.26,-0.01,,,
84.88,REGROUND,-17.63,-0.75,-9.58,21.74,-0.01,0,0,,,,-0.389,-0.063,3.1,13.26,-0.01,,,
84.93,REGROUND,-17.63,-0.75,-9.58,21.75,-0.01,0,0,,,,-0.399,-0.065,2.1,13.26,-0.01,,,
84.98,REGROUND,-17.67,-0.75,-9.58,21.76,-0.01,0,0,,,,-0.39,-0.063,2.6,13.26,-0.01,,,
85.03,REGROUND,-17.67,-0.75,-9.58,21.77,-0.01,0,0,,,,-0.4,-0.065,1.8,13.26,-0.01,,,
85.08,REGROUND,-17.71,-0.76,-9.58,21.79,-0.01,0,0,,,,-0.39,-0.064,2.3,13.26,-0.01,,,
85.13,REGROUND,-17.71,-0.76,-9.58,21.8,-0.01,0,0,,,,-0.4,-0.065,1.8,13.26,-0.01,,,
85.18,REGROUND,-17.75,-0.76,-9.58,21.81,-0.01,0,0,,,,-0.39,-0.063,2.5,13.26,-0.01,,,
85.23,REGROUND,-17.75,-0.76,-9.58,21.82,-0.01,0,0,,,,-0.4,-0.065,1.8,13.26,-0.01,,,
85.28,REGROUND,-17.79,-0.76,-9.58,21.84,-0.01,0,0,,,,-0.39,-0.064,2.6,13.26,-0.01,,,
85.33,REGROUND,-17.79,-0.76,-9.58,21.85,-0.01,0,0,,,,-0.4,-0.065,1.8,13.26,-0.01,,,
85.38,REGROUND,-17.83,-0.76,-9.58,21.86,-0.01,0,0,,,,-0.391,-0.063,2.5,13.26,-0.01,,,
85.43,REGROUND,-17.83,-0.76,-9.58,21.87,-0.01,0,0,,,,-0.4,-0.065,1.8,13.26,-0.01,,,
85.48,REGROUND,-17.87,-0.76,-9.58,21.89,-0.01,0,0,,,,-0.391,-0.064,2.5,13.26,-0.01,,,
85.53,REGROUND,-17.87,-0.76,-9.58,21.9,-0.01,0,0,,,,-0.401,-0.065,1.8,13.26,-0.01,,,
85.58,REGROUND,-17.91,-0.76,-9.58,21.91,-0.01,0,0,,,,-0.391,-0.063,2.4,13.26,-0.01,,,
85.63,REGROUND,-17.91,-0.76,-9.58,21.92,-0.01,0,0,,,,-0.401,-0.065,1.9,13.26,-0.01,,,
85.68,REGROUND,-17.95,-0.77,-9.58,21.94,-0.01,0,0,,,,-0.391,-0.063,2.3,13.26,-0.01,,,
85.73,REGROUND,-17.95,-0.77,-9.58,21.95,-0.01,0,0,,,,-0.401,-0.065,1.8,13.26,-0.01,,,
85.78,REGROUND,-17.99,-0.77,-9.58,21.96,-0.01,0,0,,,,-0.391,-0.063,2.3,13.26,-0.01,,,
85.83,REGROUND,-17.99,-0.77,-9.58,21.97,-0.01,0,0,,,,-0.401,-0.064,1.8,13.26,-0.01,,,
85.88,REGROUND,-18.03,-0.77,-9.58,21.99,-0.01,0,0,,,,-0.391,-0.063,2.6,13.26,-0.01,,,
85.93,REGROUND,-18.03,-0.77,-9.58,22.0,-0.01,0,0,,,,-0.401,-0.064,1.9,13.26,-0.01,,,
85.98,REGROUND,-18.07,-0.77,-9.58,22.01,-0.01,0,0,,,,-0.391,-0.062,2.5,13.26,-0.01,,,
86.03,REGROUND,-18.07,-0.77,-9.58,22.02,-0.01,0,0,,,,-0.401,-0.064,1.7,13.26,-0.01,,,
86.08,REGROUND,-18.11,-0.77,-9.58,22.04,-0.01,0,0,,,,-0.391,-0.062,2.5,13.26,-0.01,,,
86.13,REGROUND,-18.11,-0.77,-9.58,22.05,-0.01,0,0,,,,-0.4,-0.064,1.8,13.26,-0.01,,,
86.18,REGROUND,-18.15,-0.77,-9.58,22.06,-0.01,0,0,,,,-0.391,-0.062,2.6,13.26,-0.01,,,
86.23,REGROUND,-18.15,-0.77,-9.58,22.07,-0.01,0,0,,,,-0.4,-0.064,1.8,13.26,-0.01,,,
86.28,REGROUND,-18.19,-0.77,-9.58,22.09,-0.01,0,0,,,,-0.39,-0.062,2.3,13.26,-0.01,,,
86.34,REGROUND,-18.19,-0.77,-9.58,22.1,-0.01,0,0,,,,-0.4,-0.064,2.4,13.26,-0.01,,,
86.39,REGROUND,-18.23,-0.78,-9.58,22.11,-0.01,0,0,,,,-0.391,-0.062,2.6,13.26,-0.01,,,
86.44,REGROUND,-18.23,-0.78,-9.58,22.12,-0.01,0,0,,,,-0.4,-0.064,1.8,13.26,-0.01,,,
86.49,REGROUND,-18.27,-0.78,-9.58,22.14,-0.01,0,0,,,,-0.39,-0.063,2.4,13.26,-0.01,,,
86.54,REGROUND,-18.27,-0.78,-9.58,22.15,-0.01,0,0,,,,-0.4,-0.064,2.1,13.26,-0.01,,,
86.59,REGROUND,-18.31,-0.78,-9.58,22.16,-0.01,0,0,,,,-0.39,-0.063,2.5,13.26,-0.01,,,
86.64,REGROUND,-18.31,-0.78,-9.58,22.17,-0.01,0,0,,,,-0.4,-0.064,1.9,13.26,-0.01,,,
86.69,REGROUND,-18.35,-0.78,-9.58,22.19,-0.01,0,0,,,,-0.39,-0.063,5.4,13.26,-0.01,,,
86.74,REGROUND,-18.35,-0.78,-9.58,22.2,-0.01,0,0,,,,-0.4,-0.064,1.8,13.26,-0.01,,,
86.79,REGROUND,-18.39,-0.78,-9.58,22.21,-0.01,0,0,,,,-0.39,-0.063,2.4,13.26,-0.01,,,
86.84,REGROUND,-18.39,-0.78,-9.58,22.22,-0.01,0,0,,,,-0.4,-0.064,1.8,13.26,-0.01,,,
86.89,REGROUND,-18.43,-0.78,-9.58,22.24,-0.01,0,0,,,,-0.39,-0.063,2.5,13.26,-0.01,,,
86.94,REGROUND,-18.43,-0.78,-9.58,22.25,-0.01,0,0,,,,-0.4,-0.065,1.8,13.26,-0.01,,,
86.99,REGROUND,-18.47,-0.78,-9.58,22.26,-0.01,0,0,,,,-0.39,-0.063,2.2,13.26,-0.01,,,
87.04,REGROUND,-18.47,-0.78,-9.58,22.27,-0.01,0,0,,,,-0.4,-0.065,1.7,13.26,-0.01,,,
87.09,REGROUND,-18.51,-0.78,-9.58,22.29,-0.01,0,0,,,,-0.39,-0.063,2.1,13.26,-0.01,,,
87.14,REGROUND,-18.51,-0.78,-9.58,22.3,-0.01,0,0,,,,-0.4,-0.065,2.0,13.26,-0.01,,,
87.19,REGROUND,-18.55,-0.79,-9.58,22.31,-0.01,0,0,,,,-0.39,-0.063,2.3,13.26,-0.01,,,
87.24,REGROUND,-18.55,-0.79,-9.58,22.32,-0.01,0,0,,,,-0.4,-0.065,1.8,13.26,-0.01,,,
87.29,REGROUND,-18.59,-0.79,-9.58,22.34,-0.01,0,0,,,,-0.389,-0.064,2.4,13.26,-0.01,,,
87.34,REGROUND,-18.59,-0.79,-9.58,22.35,-0.01,0,0,,,,-0.399,-0.065,1.8,13.26,-0.01,,,
87.39,REGROUND,-18.63,-0.79,-9.58,22.36,-0.01,0,0,,,,-0.389,-0.063,2.5,13.26,-0.01,,,
87.44,REGROUND,-18.63,-0.79,-9.58,22.37,-0.01,0,0,,,,-0.399,-0.065,1.8,13.26,-0.01,,,
87.49,REGROUND,-18.67,-0.79,-9.58,22.39,-0.01,0,0,,,,-0.389,-0.064,2.5,13.26,-0.01,,,
87.54,REGROUND,-18.67,-0.79,-9.58,22.4,-0.01,0,0,,,,-0.399,-0.065,1.8,13.26,-0.01,,,
87.59,REGROUND,-18.71,-0.79,-9.58,22.41,-0.01,0,0,,,,-0.389,-0.064,2.9,13.26,-0.01,,,
87.64,REGROUND,-18.71,-0.79,-9.58,22.42,-0.01,0,0,,,,-0.399,-0.065,2.1,13.26,-0.01,,,
87.69,REGROUND,-18.75,-0.79,-9.58,22.44,-0.01,0,0,,,,-0.389,-0.064,2.4,13.26,-0.01,,,
87.74,REGROUND,-18.75,-0.79,-9.58,22.45,-0.01,0,0,,,,-0.399,-0.065,2.0,13.26,-0.01,,,
87.79,REGROUND,-18.79,-0.79,-9.58,22.46,-0.01,0,0,,,,-0.389,-0.064,2.5,13.26,-0.01,,,
87.84,REGROUND,-18.79,-0.79,-9.58,22.47,-0.01,0,0,,,,-0.398,-0.065,1.8,13.26,-0.01,,,
87.89,REGROUND,-18.83,-0.79,-9.58,22.49,-0.01,0,0,,,,-0.388,-0.064,2.4,13.26,-0.01,,,
87.94,REGROUND,-18.83,-0.79,-9.58,22.5,-0.01,0,0,,,,-0.398,-0.065,1.8,13.26,-0.01,,,
87.99,REGROUND,-18.87,-0.8,-9.58,22.51,-0.01,0,0,,,,-0.389,-0.063,2.3,13.26,-0.01,,,
88.04,REGROUND,-18.87,-0.8,-9.58,22.52,-0.01,0,0,,,,-0.398,-0.065,1.8,13.26,-0.01,,,
88.09,REGROUND,-18.91,-0.8,-9.58,22.54,-0.01,0,0,,,,-0.388,-0.063,2.5,13.26,-0.01,,,
88.14,REGROUND,-18.91,-0.8,-9.58,22.55,-0.01,0,0,,,,-0.398,-0.065,1.8,13.26,-0.01,,,
88.19,REGROUND,-18.95,-0.8,-9.58,22.56,-0.01,0,0,,,,-0.389,-0.063,2.4,13.26,-0.01,,,
88.24,REGROUND,-18.95,-0.8,-9.58,22.57,-0.01,0,0,,,,-0.399,-0.065,1.8,13.26,-0.01,,,
88.29,REGROUND,-18.99,-0.8,-9.58,22.59,-0.01,0,0,,,,-0.389,-0.063,2.5,13.26,-0.01,,,
88.34,REGROUND,-18.99,-0.8,-9.58,22.6,-0.01,0,0,,,,-0.399,-0.065,1.9,13.26,-0.01,,,
88.39,REGROUND,-19.03,-0.8,-9.58,22.61,-0.01,0,0,,,,-0.389,-0.063,2.4,13.26,-0.01,,,
88.44,REGROUND,-19.03,-0.8,-9.58,22.62,-0.01,0,0,,,,-0.399,-0.065,1.8,13.26,-0.01,,,
88.49,REGROUND,-19.07,-0.8,-9.58,22.64,-0.01,0,0,,,,-0.389,-0.063,2.2,13.26,-0.01,,,
88.54,REGROUND,-19.07,-0.8,-9.58,22.65,-0.01,0,0,,,,-0.399,-0.065,2.0,13.26,-0.01,,,
88.59,REGROUND,-19.11,-0.8,-9.58,22.66,-0.01,0,0,,,,-0.389,-0.063,2.4,13.26,-0.01,,,
88.64,REGROUND,-19.11,-0.8,-9.58,22.67,-0.01,0,0,,,,-0.399,-0.065,1.9,13.26,-0.01,,,
88.69,REGROUND,-19.15,-0.81,-9.58,22.69,-0.01,0,0,,,,-0.389,-0.063,2.3,13.26,-0.01,,,
88.74,REGROUND,-19.15,-0.81,-9.58,22.7,-0.01,0,0,,,,-0.399,-0.065,1.8,13.26,-0.01,,,
88.79,REGROUND,-19.19,-0.81,-9.58,22.71,-0.01,0,0,,,,-0.389,-0.063,2.6,13.26,-0.01,,,
88.84,REGROUND,-19.19,-0.81,-9.58,22.72,-0.01,0,0,,,,-0.399,-0.064,1.8,13.26,-0.01,,,
88.89,REGROUND,-19.23,-0.81,-9.58,22.74,-0.01,0,0,,,,-0.389,-0.063,3.1,13.26,-0.01,,,
88.94,REGROUND,-19.23,-0.81,-9.58,22.75,-0.01,0,0,,,,-0.399,-0.064,1.9,13.26,-0.01,,,
88.99,REGROUND,-19.27,-0.81,-9.58,22.76,-0.01,0,0,,,,-0.389,-0.062,2.6,13.26,-0.01,,,
89.04,REGROUND,-19.27,-0.81,-9.58,22.77,-0.01,0,0,,,,-0.399,-0.064,5.0,13.26,-0.01,,,
89.09,REGROUND,-19.31,-0.81,-9.58,22.79,-0.01,0,0,,,,-0.389,-0.062,2.8,13.26,-0.01,,,
89.14,REGROUND,-19.31,-0.81,-9.58,22.8,-0.01,0,0,,,,-0.399,-0.064,1.8,13.26,-0.01,,,
89.19,REGROUND,-19.35,-0.82,-9.58,22.81,-0.01,0,0,,,,-0.389,-0.062,2.7,13.26,-0.01,,,
89.24,REGROUND,-19.35,-0.82,-9.58,22.82,-0.01,0,0,,,,-0.399,-0.064,1.8,13.26,-0.01,,,
89.29,REGROUND,-19.39,-0.82,-9.58,22.84,-0.01,0,0,,,,-0.389,-0.062,2.5,13.26,-0.01,,,
89.34,REGROUND,-19.39,-0.82,-9.58,22.85,-0.01,0,0,,,,-0.399,-0.064,1.8,13.26,-0.01,,,
89.39,REGROUND,-19.43,-0.82,-9.58,22.86,-0.01,0,0,,,,-0.389,-0.062,2.4,13.26,-0.01,,,
89.44,REGROUND,-19.43,-0.82,-9.58,22.87,-0.01,0,0,,,,-0.399,-0.064,1.8,13.26,-0.01,,,
89.49,REGROUND,-19.47,-0.82,-9.58,22.89,-0.01,0,0,,,,-0.389,-0.062,2.3,13.26,-0.01,,,
89.54,REGROUND,-19.47,-0.82,-9.58,22.9,-0.01,0,0,,,,-0.399,-0.064,1.9,13.26,-0.01,,,
89.59,REGROUND,-19.51,-0.82,-9.58,22.91,-0.01,0,0,,,,-0.39,-0.062,2.4,13.26,-0.01,,,
89.64,REGROUND,-19.51,-0.82,-9.58,22.92,-0.01,0,0,,,,-0.4,-0.064,1.9,13.26,-0.01,,,
89.69,REGROUND,-19.55,-0.82,-9.58,22.94,-0.01,0,0,,,,-0.39,-0.063,2.5,13.26,-0.01,,,
89.74,REGROUND,-19.55,-0.82,-9.58,22.95,-0.01,0,0,,,,-0.4,-0.064,1.8,13.26,-0.01,,,
89.79,REGROUND,-19.59,-0.82,-9.58,22.96,-0.01,0,0,,,,-0.39,-0.063,2.4,13.26,-0.01,,,
89.84,REGROUND,-19.59,-0.82,-9.58,22.97,-0.01,0,0,,,,-0.4,-0.064,1.8,13.26,-0.01,,,
89.89,REGROUND,-19.63,-0.82,-9.58,22.99,-0.01,0,0,,,,-0.39,-0.063,2.1,13.26,-0.01,,,
89.94,REGROUND,-19.63,-0.82,-9.58,23.0,-0.01,0,0,,,,-0.4,-0.065,1.7,13.26,-0.01,,,
89.99,REGROUND,-19.67,-0.82,-9.58,23.01,-0.01,0,0,,,,-0.391,-0.063,2.3,13.26,-0.01,,,
90.04,REGROUND,-19.67,-0.82,-9.58,23.02,-0.01,0,0,,,,-0.4,-0.065,1.9,13.26,-0.01,,,
90.09,REGROUND,-19.71,-0.83,-9.58,23.04,-0.01,0,0,,,,-0.39,-0.063,2.4,13.26,-0.01,,,
90.14,REGROUND,-19.71,-0.83,-9.58,23.05,-0.01,0,0,,,,-0.4,-0.065,1.8,13.26,-0.01,,,
90.19,REGROUND,-19.75,-0.83,-9.58,23.06,-0.01,0,0,,,,-0.391,-0.063,2.4,13.26,-0.01,,,
90.24,REGROUND,-19.75,-0.83,-9.58,23.07,-0.01,0,0,,,,-0.4,-0.065,1.8,13.26,-0.01,,,
90.29,REGROUND,-19.79,-0.83,-9.58,23.09,-0.01,0,0,,,,-0.39,-0.064,2.5,13.26,-0.01,,,
90.34,REGROUND,-19.79,-0.83,-9.58,23.1,-0.01,0,0,,,,-0.4,-0.065,1.8,13.26,-0.01,,,
90.39,REGROUND,-19.83,-0.83,-9.58,23.11,-0.01,0,0,,,,-0.391,-0.064,2.3,13.26,-0.01,,,
90.44,REGROUND,-19.83,-0.83,-9.58,23.12,-0.01,0,0,,,,-0.4,-0.065,1.8,13.26,-0.01,,,
90.49,REGROUND,-19.87,-0.83,-9.58,23.14,-0.01,0,0,,,,-0.39,-0.064,2.9,13.26,-0.01,,,
90.54,REGROUND,-19.87,-0.83,-9.58,23.15,-0.01,0,0,,,,-0.4,-0.065,2.1,13.26,-0.01,,,
90.59,REGROUND,-19.91,-0.83,-9.58,23.16,-0.01,0,0,,,,-0.391,-0.064,2.4,13.26,-0.01,,,
90.64,REGROUND,-19.91,-0.83,-9.58,23.17,-0.01,0,0,,,,-0.4,-0.065,1.8,13.26,-0.01,,,
90.69,REGROUND,-19.95,-0.83,-9.58,23.19,-0.01,0,0,,,,-0.39,-0.064,2.7,13.26,-0.01,,,
90.74,REGROUND,-19.95,-0.83,-9.58,23.2,-0.01,0,0,,,,-0.4,-0.066,2.0,13.26,-0.01,,,
90.79,REGROUND,-19.99,-0.83,-9.58,23.21,-0.01,0,0,,,,-0.39,-0.064,3.1,13.26,-0.01,,,
90.84,REGROUND,-19.99,-0.83,-9.58,23.22,-0.01,0,0,,,,-0.4,-0.066,1.9,13.26,-0.01,,,
90.89,REGROUND,-20.03,-0.84,-9.58,23.24,-0.01,0,0,,,,-0.39,-0.064,2.4,13.26,-0.01,,,
90.94,REGROUND,-20.03,-0.84,-9.58,23.25,-0.01,0,0,,,,-0.4,-0.066,1.8,13.26,-0.01,,,
90.99,REGROUND,-20.07,-0.84,-9.58,23.26,-0.01,0,0,,,,-0.39,-0.064,3.1,13.26,-0.01,,,
91.04,REGROUND,-20.07,-0.84,-9.58,23.27,-0.01,0,0,,,,-0.4,-0.066,1.9,13.26,-0.01,,,
91.09,REGROUND,-20.11,-0.84,-9.58,23.29,-0.01,0,0,,,,-0.39,-0.064,3.0,13.26,-0.01,,,
91.14,REGROUND,-20.11,-0.84,-9.58,23.3,-0.01,0,0,,,,-0.4,-0.066,2.4,13.26,-0.01,,,
91.19,REGROUND,-20.15,-0.84,-9.58,23.31,-0.01,0,0,,,,-0.39,-0.064,2.9,13.26,-0.01,,,
91.24,REGROUND,-20.15,-0.84,-9.58,23.33,-0.01,0,0,,,,-0.4,-0.066,2.4,13.26,-0.01,,,
91.29,REGROUND,-20.19,-0.84,-9.58,23.34,-0.01,0,0,,,,-0.39,-0.064,2.4,13.26,-0.01,,,
91.34,REGROUND,-20.19,-0.84,-9.58,23.35,-0.01,0,0,,,,-0.4,-0.066,4.3,13.26,-0.01,,,
91.39,REGROUND,-20.23,-0.84,-9.58,23.36,-0.01,0,0,,,,-0.39,-0.064,2.5,13.26,-0.01,,,
91.44,REGROUND,-20.23,-0.84,-9.58,23.38,-0.01,0,0,,,,-0.4,-0.065,1.9,13.26,-0.01,,,
91.49,REGROUND,-20.27,-0.84,-9.58,23.39,-0.01,0,0,,,,-0.39,-0.064,2.4,13.26,-0.01,,,
91.54,REGROUND,-20.27,-0.84,-9.58,23.4,-0.01,0,0,,,,-0.4,-0.065,1.8,13.26,-0.01,,,
91.59,REGROUND,-20.31,-0.85,-9.58,23.41,-0.01,0,0,,,,-0.39,-0.063,3.1,13.26,-0.01,,,
91.64,REGROUND,-20.31,-0.85,-9.58,23.43,-0.01,0,0,,,,-0.4,-0.065,2.4,13.26,-0.01,,,
91.69,REGROUND,-20.35,-0.85,-9.58,23.44,-0.01,0,0,,,,-0.39,-0.063,2.5,13.26,-0.01,,,
91.74,REGROUND,-20.35,-0.85,-9.58,23.45,-0.01,0,0,,,,-0.4,-0.065,1.9,13.26,-0.01,,,
91.79,REGROUND,-20.39,-0.85,-9.58,23.46,-0.01,0,0,,,,-0.39,-0.063,2.5,13.26,-0.01,,,
91.84,REGROUND,-20.39,-0.85,-9.58,23.48,-0.01,0,0,,,,-0.4,-0.065,1.8,13.26,-0.01,,,
91.89,REGROUND,-20.43,-0.85,-9.58,23.49,-0.01,0,0,,,,-0.39,-0.063,2.5,13.26,-0.01,,,
91.94,REGROUND,-20.43,-0.85,-9.58,23.5,-0.01,0,0,,,,-0.4,-0.064,1.8,13.26,-0.01,,,
91.99,REGROUND,-20.47,-0.85,-9.58,23.51,-0.01,0,0,,,,-0.39,-0.063,2.5,13.26,-0.01,,,
92.04,REGROUND,-20.47,-0.85,-9.58,23.53,-0.01,0,0,,,,-0.4,-0.064,1.8,13.26,-0.01,,,
92.09,REGROUND,-20.51,-0.85,-9.58,23.54,-0.01,0,0,,,,-0.39,-0.063,2.7,13.26,-0.01,,,
92.14,REGROUND,-20.51,-0.85,-9.58,23.55,-0.01,0,0,,,,-0.4,-0.064,1.8,13.26,-0.01,,,
92.19,REGROUND,-20.55,-0.86,-9.58,23.56,-0.01,0,0,,,,-0.39,-0.062,2.4,13.26,-0.01,,,
92.24,REGROUND,-20.55,-0.86,-9.58,23.58,-0.01,0,0,,,,-0.4,-0.064,1.8,13.26,-0.01,,,
92.29,REGROUND,-20.59,-0.86,-9.58,23.59,-0.01,0,0,,,,-0.39,-0.062,2.3,13.26,-0.01,,,
92.34,REGROUND,-20.59,-0.86,-9.58,23.6,-0.01,0,0,,,,-0.4,-0.064,1.8,13.26,-0.01,,,
92.39,REGROUND,-20.63,-0.86,-9.58,23.61,-0.01,0,0,,,,-0.39,-0.062,2.5,13.26,-0.01,,,
92.44,REGROUND,-20.63,-0.86,-9.58,23.63,-0.01,0,0,,,,-0.4,-0.064,1.8,13.26,-0.01,,,
92.49,REGROUND,-20.67,-0.86,-9.58,23.64,-0.01,0,0,,,,-0.39,-0.062,2.5,13.26,-0.01,,,
92.54,REGROUND,-20.67,-0.86,-9.58,23.65,-0.01,0,0,,,,-0.4,-0.064,1.8,13.26,-0.01,,,
92.59,REGROUND,-20.71,-0.86,-9.58,23.66,-0.01,0,0,,,,-0.39,-0.062,2.5,13.26,-0.01,,,
92.64,REGROUND,-20.75,-0.86,-9.58,23.68,-0.01,0,0,,,,-0.38,-0.06,2.5,13.26,-0.01,,,
92.69,REGROUND,-20.75,-0.86,-9.58,23.69,-0.01,0,0,,,,-0.39,-0.062,1.8,13.26,-0.01,,,
92.74,REGROUND,-20.75,-0.86,-9.58,23.7,-0.01,0,0,,,,-0.399,-0.064,1.8,13.26,-0.01,,,
92.79,REGROUND,-20.79,-0.87,-9.58,23.71,-0.01,0,0,,,,-0.389,-0.062,2.6,13.26,-0.01,,,
92.84,REGROUND,-20.79,-0.87,-9.58,23.73,-0.01,0,0,,,,-0.399,-0.064,1.7,13.26,-0.01,,,
92.89,REGROUND,-20.83,-0.87,-9.58,23.74,-0.01,0,0,,,,-0.389,-0.062,2.4,13.26,-0.01,,,
92.94,REGROUND,-20.83,-0.87,-9.58,23.75,-0.01,0,0,,,,-0.399,-0.064,1.8,13.26,-0.01,,,
92.99,REGROUND,-20.87,-0.87,-9.58,23.76,-0.01,0,0,,,,-0.389,-0.062,2.2,13.26,-0.01,,,
93.04,REGROUND,-20.87,-0.87,-9.58,23.78,-0.01,0,0,,,,-0.399,-0.064,1.8,13.26,-0.01,,,
93.09,REGROUND,-20.91,-0.87,-9.58,23.79,-0.01,0,0,,,,-0.389,-0.063,2.5,13.26,-0.01,,,
93.14,REGROUND,-20.91,-0.87,-9.58,23.8,-0.01,0,0,,,,-0.399,-0.064,1.9,13.26,-0.01,,,
93.19,REGROUND,-20.95,-0.87,-9.58,23.81,-0.01,0,0,,,,-0.389,-0.063,2.5,13.26,-0.01,,,
93.24,REGROUND,-20.99,-0.87,-9.58,23.83,-0.01,0,0,,,,-0.379,-0.062,2.3,13.26,-0.01,,,
93.29,REGROUND,-20.99,-0.87,-9.58,23.84,-0.01,0,0,,,,-0.389,-0.063,2.0,13.26,-0.01,,,
93.34,REGROUND,-20.99,-0.87,-9.58,23.85,-0.01,0,0,,,,-0.399,-0.065,1.8,13.26,-0.01,,,
93.4,REGROUND,-21.03,-0.87,-9.58,23.86,-0.01,0,0,,,,-0.389,-0.063,2.5,13.26,-0.01,,,
93.45,REGROUND,-21.03,-0.87,-9.58,23.88,-0.01,0,0,,,,-0.399,-0.065,1.8,13.26,-0.01,,,
93.5,REGROUND,-21.07,-0.87,-9.58,23.89,-0.01,0,0,,,,-0.389,-0.064,2.4,13.26,-0.01,,,
93.55,REGROUND,-21.07,-0.87,-9.58,23.9,-0.01,0,0,,,,-0.398,-0.065,1.8,13.26,-0.01,,,
93.6,REGROUND,-21.11,-0.87,-9.58,23.91,-0.01,0,0,,,,-0.389,-0.064,5.1,13.26,-0.01,,,
93.65,REGROUND,-21.11,-0.87,-9.58,23.93,-0.01,0,0,,,,-0.399,-0.065,1.8,13.26,-0.01,,,
93.7,REGROUND,-21.15,-0.87,-9.58,23.94,-0.01,0,0,,,,-0.389,-0.064,2.3,13.26,-0.01,,,
93.75,REGROUND,-21.15,-0.87,-9.58,23.95,-0.01,0,0,,,,-0.399,-0.065,1.8,13.26,-0.01,,,
93.8,REGROUND,-21.19,-0.88,-9.58,23.96,-0.01,0,0,,,,-0.389,-0.064,2.3,13.26,-0.01,,,
93.85,REGROUND,-21.23,-0.88,-9.58,23.98,-0.01,0,0,,,,-0.379,-0.062,2.5,13.26,-0.01,,,
93.9,REGROUND,-21.23,-0.88,-9.58,23.99,-0.01,0,0,,,,-0.389,-0.064,1.9,13.26,-0.01,,,
93.95,REGROUND,-21.27,-0.88,-9.58,24.0,-0.01,0,0,,,,-0.38,-0.063,2.5,13.26,-0.01,,,
94.0,REGROUND,-21.27,-0.88,-9.58,24.01,-0.01,0,0,,,,-0.39,-0.064,1.8,13.26,-0.01,,,
94.05,REGROUND,-21.27,-0.88,-9.58,24.03,-0.01,0,0,,,,-0.399,-0.066,1.8,13.26,-0.01,,,
94.1,REGROUND,-21.31,-0.88,-9.58,24.04,-0.01,0,0,,,,-0.39,-0.064,2.5,13.26,-0.01,,,
94.15,REGROUND,-21.31,-0.88,-9.58,24.05,-0.01,0,0,,,,-0.4,-0.066,1.8,13.26,-0.01,,,
94.2,REGROUND,-21.35,-0.88,-9.58,24.06,-0.01,0,0,,,,-0.39,-0.064,2.4,13.26,-0.01,,,
94.25,REGROUND,-21.35,-0.88,-9.58,24.08,-0.01,0,0,,,,-0.4,-0.066,1.9,13.26,-0.01,,,
94.3,REGROUND,-21.39,-0.88,-9.58,24.09,-0.01,0,0,,,,-0.39,-0.064,2.4,13.26,-0.01,,,
94.35,REGROUND,-21.43,-0.88,-9.58,24.1,-0.01,0,0,,,,-0.381,-0.063,2.3,13.26,-0.01,,,
94.4,REGROUND,-21.43,-0.88,-9.58,24.11,-0.01,0,0,,,,-0.391,-0.064,1.8,13.26,-0.01,,,
94.45,REGROUND,-21.47,-0.88,-9.58,24.13,-0.01,0,0,,,,-0.381,-0.063,2.3,13.26,-0.01,,,
94.5,REGROUND,-21.47,-0.88,-9.58,24.14,-0.01,0,0,,,,-0.391,-0.064,1.8,13.26,-0.01,,,
94.55,REGROUND,-21.51,-0.89,-9.58,24.15,-0.01,0,0,,,,-0.381,-0.063,2.3,13.26,-0.01,,,
94.6,REGROUND,-21.51,-0.89,-9.58,24.16,-0.01,0,0,,,,-0.391,-0.064,1.9,13.26,-0.01,,,
94.65,REGROUND,-21.55,-0.89,-9.58,24.18,-0.01,0,0,,,,-0.381,-0.063,2.2,13.26,-0.01,,,
94.7,REGROUND,-21.55,-0.89,-9.58,24.19,-0.01,0,0,,,,-0.391,-0.064,1.9,13.26,-0.01,,,
94.75,REGROUND,-21.59,-0.89,-9.58,24.2,-0.01,0,0,,,,-0.381,-0.062,2.5,13.26,-0.01,,,
94.8,REGROUND,-21.59,-0.89,-9.58,24.21,-0.01,0,0,,,,-0.391,-0.064,1.8,13.26,-0.01,,,
94.85,REGROUND,-21.63,-0.89,-9.58,24.23,-0.01,0,0,,,,-0.381,-0.062,2.4,13.26,-0.01,,,
94.9,REGROUND,-21.63,-0.89,-9.58,24.24,-0.01,0,0,,,,-0.391,-0.064,1.8,13.26,-0.01,,,
94.95,REGROUND,-21.63,-0.89,-9.58,24.25,-0.01,0,0,,,,-0.401,-0.066,1.8,13.26,-0.01,,,
95.0,REGROUND,-21.67,-0.89,-9.58,24.26,-0.01,0,0,,,,-0.392,-0.064,2.3,13.26,-0.01,,,
95.05,REGROUND,-21.67,-0.89,-9.58,24.28,-0.01,0,0,,,,-0.401,-0.065,1.8,13.26,-0.01,,,
95.1,REGROUND,-21.7,-0.89,-9.58,24.29,-0.01,0,0,,,,-0.392,-0.064,2.3,13.26,-0.01,,,
95.15,REGROUND,-21.7,-0.89,-9.58,24.3,-0.01,0,0,,,,-0.402,-0.065,1.6,13.26,-0.01,,,
95.2,REGROUND,-21.74,-0.9,-9.58,24.31,-0.01,0,0,,,,-0.392,-0.063,2.3,13.26,-0.01,,,
95.25,REGROUND,-21.78,-0.9,-9.58,24.33,-0.01,0,0,,,,-0.383,-0.062,2.5,13.26,-0.01,,,
95.3,REGROUND,-21.78,-0.9,-9.58,24.34,-0.01,0,0,,,,-0.393,-0.063,1.9,13.26,-0.01,,,
95.35,REGROUND,-21.82,-0.9,-9.58,24.35,-0.01,0,0,,,,-0.383,-0.062,2.5,13.26,-0.01,,,
95.4,REGROUND,-21.82,-0.9,-9.58,24.36,-0.01,0,0,,,,-0.393,-0.063,1.6,13.26,-0.01,,,
95.45,REGROUND,-21.86,-0.9,-9.58,24.38,-0.01,0,0,,,,-0.383,-0.062,2.5,13.26,-0.01,,,
95.5,REGROUND,-21.86,-0.9,-9.58,24.39,-0.01,0,0,,,,-0.393,-0.063,1.8,13.26,-0.01,,,
95.55,REGROUND,-21.9,-0.9,-9.58,24.4,-0.01,0,0,,,,-0.384,-0.061,2.6,13.26,-0.01,,,
95.6,REGROUND,-21.9,-0.9,-9.58,24.41,-0.01,0,0,,,,-0.394,-0.063,1.8,13.26,-0.01,,,
95.65,REGROUND,-21.9,-0.9,-9.58,24.43,-0.01,0,0,,,,-0.403,-0.064,1.9,13.26,-0.01,,,
95.7,REGROUND,-21.94,-0.9,-9.58,24.44,-0.01,0,0,,,,-0.394,-0.063,2.5,13.26,-0.01,,,
95.75,REGROUND,-21.98,-0.91,-9.58,24.45,-0.01,0,0,,,,-0.384,-0.061,2.4,13.26,-0.01,,,
95.8,REGROUND,-21.98,-0.91,-9.58,24.46,-0.01,0,0,,,,-0.394,-0.063,1.8,13.26,-0.01,,,
95.85,REGROUND,-22.02,-0.91,-9.58,24.48,-0.01,0,0,,,,-0.385,-0.061,2.4,13.26,-0.01,,,
95.9,REGROUND,-22.02,-0.91,-9.58,24.49,-0.01,0,0,,,,-0.395,-0.063,1.9,13.26,-0.01,,,
95.95,REGROUND,-22.06,-0.91,-9.58,24.5,-0.01,0,0,,,,-0.385,-0.061,4.8,13.26,-0.01,,,
96.0,REGROUND,-22.06,-0.91,-9.58,24.51,-0.01,0,0,,,,-0.395,-0.063,1.8,13.26,-0.01,,,
96.05,REGROUND,-22.1,-0.91,-9.58,24.53,-0.01,0,0,,,,-0.385,-0.061,2.5,13.26,-0.01,,,
96.1,REGROUND,-22.1,-0.91,-9.58,24.54,-0.01,0,0,,,,-0.395,-0.063,1.8,13.26,-0.01,,,
96.15,REGROUND,-22.14,-0.91,-9.58,24.55,-0.01,0,0,,,,-0.386,-0.062,2.5,13.26,-0.01,,,
96.2,REGROUND,-22.14,-0.91,-9.58,24.56,-0.01,0,0,,,,-0.396,-0.063,1.8,13.26,-0.01,,,
96.25,REGROUND,-22.18,-0.91,-9.58,24.58,-0.01,0,0,,,,-0.386,-0.062,2.6,13.26,-0.01,,,
96.3,REGROUND,-22.18,-0.91,-9.58,24.59,-0.01,0,0,,,,-0.396,-0.063,1.8,13.26,-0.01,,,
96.35,REGROUND,-22.21,-0.91,-9.58,24.6,-0.01,0,0,,,,-0.386,-0.062,2.4,13.26,-0.01,,,
96.4,REGROUND,-22.21,-0.91,-9.58,24.61,-0.01,0,0,,,,-0.396,-0.064,1.7,13.26,-0.01,,,
96.45,REGROUND,-22.25,-0.91,-9.58,24.63,-0.01,0,0,,,,-0.387,-0.062,2.5,13.26,-0.01,,,
96.5,REGROUND,-22.25,-0.91,-9.58,24.64,-0.01,0,0,,,,-0.397,-0.064,1.8,13.26,-0.01,,,
96.55,REGROUND,-22.29,-0.92,-9.58,24.65,-0.01,0,0,,,,-0.387,-0.062,2.4,13.26,-0.01,,,
96.6,REGROUND,-22.29,-0.92,-9.58,24.66,-0.01,0,0,,,,-0.397,-0.064,1.8,13.26,-0.01,,,
96.65,REGROUND,-22.33,-0.92,-9.58,24.68,-0.01,0,0,,,,-0.387,-0.063,2.3,13.26,-0.01,,,
96.7,REGROUND,-22.33,-0.92,-9.58,24.69,-0.01,0,0,,,,-0.397,-0.064,1.9,13.26,-0.01,,,
96.75,REGROUND,-22.37,-0.92,-9.58,24.7,-0.01,0,0,,,,-0.387,-0.063,2.5,13.26,-0.01,,,
96.8,REGROUND,-22.37,-0.92,-9.58,24.71,-0.01,0,0,,,,-0.397,-0.064,1.9,13.26,-0.01,,,
96.85,REGROUND,-22.41,-0.92,-9.58,24.73,-0.01,0,0,,,,-0.387,-0.063,2.5,13.26,-0.01,,,
96.9,REGROUND,-22.41,-0.92,-9.58,24.74,-0.01,0,0,,,,-0.397,-0.064,1.8,13.26,-0.01,,,
96.95,REGROUND,-22.45,-0.92,-9.58,24.75,-0.01,0,0,,,,-0.387,-0.063,2.6,13.26,-0.01,,,
97.0,REGROUND,-22.45,-0.92,-9.58,24.76,-0.01,0,0,,,,-0.397,-0.064,1.8,13.26,-0.01,,,
97.05,REGROUND,-22.49,-0.92,-9.58,24.78,-0.01,0,0,,,,-0.387,-0.063,2.6,13.26,-0.01,,,
97.1,REGROUND,-22.49,-0.92,-9.58,24.79,-0.01,0,0,,,,-0.397,-0.065,1.7,13.26,-0.01,,,
97.15,REGROUND,-22.53,-0.92,-9.58,24.8,-0.01,0,0,,,,-0.387,-0.063,2.4,13.26,-0.01,,,
97.2,REGROUND,-22.53,-0.92,-9.58,24.81,-0.01,0,0,,,,-0.397,-0.065,1.8,13.26,-0.01,,,
97.25,REGROUND,-22.57,-0.92,-9.58,24.83,-0.01,0,0,,,,-0.387,-0.063,2.4,13.26,-0.01,,,
97.3,REGROUND,-22.57,-0.92,-9.58,24.84,-0.01,0,0,,,,-0.397,-0.065,1.8,13.26,-0.01,,,
97.35,REGROUND,-22.61,-0.93,-9.58,24.85,-0.01,0,0,,,,-0.387,-0.063,2.3,13.26,-0.01,,,
97.4,REGROUND,-22.61,-0.93,-9.58,24.86,-0.01,0,0,,,,-0.397,-0.065,1.9,13.26,-0.01,,,
97.45,REGROUND,-22.65,-0.93,-9.58,24.88,-0.01,0,0,,,,-0.387,-0.063,2.5,13.26,-0.01,,,
97.5,REGROUND,-22.65,-0.93,-9.58,24.89,-0.01,0,0,,,,-0.397,-0.065,1.8,13.26,-0.01,,,
97.55,REGROUND,-22.69,-0.93,-9.58,24.9,-0.01,0,0,,,,-0.387,-0.063,2.5,13.26,-0.01,,,
97.6,REGROUND,-22.69,-0.93,-9.58,24.91,-0.01,0,0,,,,-0.397,-0.065,1.8,13.26,-0.01,,,
97.65,REGROUND,-22.73,-0.93,-9.58,24.93,-0.01,0,0,,,,-0.387,-0.063,2.5,13.26,-0.01,,,
97.7,REGROUND,-22.73,-0.93,-9.58,24.94,-0.01,0,0,,,,-0.397,-0.065,1.8,13.26,-0.01,,,
97.75,REGROUND,-22.77,-0.93,-9.58,24.95,-0.01,0,0,,,,-0.388,-0.063,2.5,13.26,-0.01,,,
97.8,REGROUND,-22.77,-0.93,-9.58,24.96,-0.01,0,0,,,,-0.398,-0.065,1.7,13.26,-0.01,,,
97.85,REGROUND,-22.81,-0.93,-9.58,24.98,-0.01,0,0,,,,-0.388,-0.063,2.3,13.26,-0.01,,,
97.9,REGROUND,-22.81,-0.93,-9.58,24.99,-0.01,0,0,,,,-0.398,-0.065,1.8,13.26,-0.01,,,
97.95,REGROUND,-22.85,-0.93,-9.58,25.0,-0.01,0,0,,,,-0.388,-0.063,2.4,13.26,-0.01,,,
98.0,REGROUND,-22.85,-0.93,-9.58,25.01,-0.01,0,0,,,,-0.398,-0.065,1.8,13.26,-0.01,,,
98.05,REGROUND,-22.89,-0.93,-9.58,25.03,-0.01,0,0,,,,-0.388,-0.063,2.4,13.26,-0.01,,,
98.1,REGROUND,-22.89,-0.93,-9.58,25.04,-0.01,0,0,,,,-0.398,-0.065,1.8,13.26,-0.01,,,
98.15,REGROUND,-22.93,-0.94,-9.58,25.05,-0.01,0,0,,,,-0.388,-0.063,2.5,13.26,-0.01,,,
98.2,REGROUND,-22.93,-0.94,-9.58,25.07,-0.01,0,0,,,,-0.398,-0.065,1.9,13.26,-0.01,,,
98.25,REGROUND,-22.97,-0.94,-9.58,25.08,-0.01,0,0,,,,-0.388,-0.063,4.7,13.26,-0.01,,,
98.3,REGROUND,-22.97,-0.94,-9.58,25.09,-0.01,0,0,,,,-0.398,-0.064,2.1,13.26,-0.01,,,
98.35,REGROUND,-23.01,-0.94,-9.58,25.1,-0.01,0,0,,,,-0.388,-0.063,2.5,13.26,-0.01,,,
98.4,REGROUND,-23.01,-0.94,-9.58,25.12,-0.01,0,0,,,,-0.398,-0.064,1.8,13.26,-0.01,,,
98.45,REGROUND,-23.05,-0.94,-9.58,25.13,-0.01,0,0,,,,-0.388,-0.062,2.5,13.26,-0.01,,,
98.5,REGROUND,-23.05,-0.94,-9.58,25.14,-0.01,0,0,,,,-0.398,-0.064,1.7,13.26,-0.01,,,
98.55,REGROUND,-23.09,-0.94,-9.58,25.15,-0.01,0,0,,,,-0.388,-0.062,2.4,13.26,-0.01,,,
98.6,REGROUND,-23.09,-0.94,-9.58,25.17,-0.01,0,0,,,,-0.398,-0.064,1.8,13.26,-0.01,,,
98.65,REGROUND,-23.13,-0.95,-9.58,25.18,-0.01,0,0,,,,-0.388,-0.062,2.4,13.26,-0.01,,,
98.7,REGROUND,-23.13,-0.95,-9.58,25.19,-0.01,0,0,,,,-0.398,-0.064,1.8,13.26,-0.01,,,
98.75,REGROUND,-23.17,-0.95,-9.58,25.2,-0.01,0,0,,,,-0.388,-0.062,2.4,13.26,-0.01,,,
98.8,REGROUND,-23.17,-0.95,-9.58,25.22,-0.01,0,0,,,,-0.398,-0.064,1.7,13.26,-0.01,,,
98.85,REGROUND,-23.21,-0.95,-9.58,25.23,-0.01,0,0,,,,-0.388,-0.062,2.5,13.26,-0.01,,,
98.9,REGROUND,-23.21,-0.95,-9.58,25.24,-0.01,0,0,,,,-0.398,-0.064,1.9,13.26,-0.01,,,
98.95,REGROUND,-23.25,-0.95,-9.58,25.25,-0.01,0,0,,,,-0.388,-0.062,2.6,13.26,-0.01,,,
99.0,REGROUND,-23.25,-0.95,-9.58,25.27,-0.01,0,0,,,,-0.398,-0.064,1.8,13.26,-0.01,,,
99.05,REGROUND,-23.29,-0.95,-9.58,25.28,-0.01,0,0,,,,-0.389,-0.062,2.5,13.26,-0.01,,,
99.1,REGROUND,-23.29,-0.95,-9.58,25.29,-0.01,0,0,,,,-0.398,-0.064,1.8,13.26,-0.01,,,
99.15,REGROUND,-23.33,-0.95,-9.58,25.3,-0.01,0,0,,,,-0.389,-0.062,2.4,13.26,-0.01,,,
99.2,REGROUND,-23.33,-0.95,-9.58,25.32,-0.01,0,0,,,,-0.399,-0.064,1.7,13.26,-0.01,,,
99.25,REGROUND,-23.37,-0.95,-9.58,25.33,-0.01,0,0,,,,-0.389,-0.063,2.4,13.26,-0.01,,,
99.3,REGROUND,-23.37,-0.95,-9.58,25.34,-0.01,0,0,,,,-0.399,-0.064,1.9,13.26,-0.01,,,
99.35,REGROUND,-23.41,-0.95,-9.58,25.35,-0.01,0,0,,,,-0.389,-0.063,2.4,13.26,-0.01,,,
99.4,REGROUND,-23.41,-0.95,-9.58,25.37,-0.01,0,0,,,,-0.399,-0.064,1.9,13.26,-0.01,,,
99.45,REGROUND,-23.45,-0.96,-9.58,25.38,-0.01,0,0,,,,-0.39,-0.063,2.3,13.26,-0.01,,,
99.5,REGROUND,-23.45,-0.96,-9.58,25.39,-0.01,0,0,,,,-0.399,-0.064,2.4,13.26,-0.01,,,
99.55,REGROUND,-23.49,-0.96,-9.58,25.4,-0.01,0,0,,,,-0.39,-0.063,2.6,13.26,-0.01,,,
99.6,REGROUND,-23.49,-0.96,-9.58,25.42,-0.01,0,0,,,,-0.4,-0.064,2.0,13.26,-0.01,,,
99.65,REGROUND,-23.53,-0.96,-9.58,25.43,-0.01,0,0,,,,-0.39,-0.063,2.5,13.26,-0.01,,,
99.7,REGROUND,-23.53,-0.96,-9.58,25.44,-0.01,0,0,,,,-0.4,-0.065,1.8,13.26,-0.01,,,
99.75,REGROUND,-23.57,-0.96,-9.58,25.45,-0.01,0,0,,,,-0.39,-0.063,3.2,13.26,-0.01,,,
99.8,REGROUND,-23.57,-0.96,-9.58,25.47,-0.01,0,0,,,,-0.4,-0.065,1.8,13.26,-0.01,,,
99.85,REGROUND,-23.61,-0.96,-9.58,25.48,-0.01,0,0,,,,-0.39,-0.063,2.5,13.26,-0.01,,,
99.9,REGROUND,-23.61,-0.96,-9.58,25.49,-0.01,0,0,,,,-0.4,-0.065,1.8,13.26,-0.01,,,
99.95,REGROUND,-23.65,-0.96,-9.58,25.5,-0.01,0,0,,,,-0.39,-0.063,2.6,13.26,-0.01,,,
100.0,REGROUND,-23.65,-0.96,-9.58,25.52,-0.01,0,0,,,,-0.4,-0.065,1.7,13.26,-0.01,,,
100.05,REGROUND,-23.69,-0.96,-9.58,25.53,-0.01,0,0,,,,-0.39,-0.064,2.4,13.26,-0.01,,,
100.1,REGROUND,-23.69,-0.96,-9.58,25.54,-0.01,0,0,,,,-0.4,-0.065,1.8,13.26,-0.01,,,
100.15,REGROUND,-23.73,-0.96,-9.58,25.55,-0.01,0,0,,,,-0.39,-0.064,2.3,13.26,-0.01,,,
100.2,REGROUND,-23.73,-0.96,-9.58,25.57,-0.01,0,0,,,,-0.4,-0.065,1.8,13.26,-0.01,,,
100.25,REGROUND,-23.77,-0.97,-9.58,25.58,-0.01,0,0,,,,-0.39,-0.064,2.3,13.26,-0.01,,,
100.3,REGROUND,-23.77,-0.97,-9.58,25.59,-0.01,0,0,,,,-0.399,-0.065,2.0,13.26,-0.01,,,
100.35,REGROUND,-23.81,-0.97,-9.58,25.6,-0.01,0,0,,,,-0.39,-0.064,2.4,13.26,-0.01,,,
100.4,REGROUND,-23.81,-0.97,-9.58,25.62,-0.01,0,0,,,,-0.4,-0.065,1.8,13.26,-0.01,,,
100.46,REGROUND,-23.85,-0.97,-9.58,25.63,-0.01,0,0,,,,-0.39,-0.064,2.5,13.26,-0.01,,,
100.51,REGROUND,-23.85,-0.97,-9.58,25.64,-0.01,0,0,,,,-0.399,-0.065,3.7,13.26,-0.01,,,
100.56,REGROUND,-23.89,-0.97,-9.58,25.65,-0.01,0,0,,,,-0.39,-0.064,2.5,13.26,-0.01,,,
100.61,REGROUND,-23.89,-0.97,-9.58,25.67,-0.01,0,0,,,,-0.4,-0.065,1.7,13.26,-0.01,,,
100.66,REGROUND,-23.93,-0.97,-9.58,25.68,-0.01,0,0,,,,-0.39,-0.064,2.4,13.26,-0.01,,,
100.71,REGROUND,-23.93,-0.97,-9.58,25.69,-0.01,0,0,,,,-0.4,-0.065,1.8,13.26,-0.01,,,
100.76,REGROUND,-23.97,-0.97,-9.58,25.7,-0.01,0,0,,,,-0.39,-0.063,2.4,13.26,-0.01,,,
100.81,REGROUND,-23.97,-0.97,-9.58,25.72,-0.01,0,0,,,,-0.4,-0.065,1.8,13.26,-0.01,,,
100.86,REGROUND,-24.01,-0.97,-9.58,25.73,-0.01,0,0,,,,-0.39,-0.063,2.3,13.26,-0.01,,,
100.91,REGROUND,-24.01,-0.97,-9.58,25.74,-0.01,0,0,,,,-0.4,-0.065,1.9,13.26,-0.01,,,
100.96,REGROUND,-24.05,-0.98,-9.58,25.75,-0.01,0,0,,,,-0.39,-0.063,2.5,13.26,-0.01,,,
101.01,REGROUND,-24.05,-0.98,-9.58,25.77,-0.01,0,0,,,,-0.4,-0.065,1.9,13.26,-0.01,,,
101.06,REGROUND,-24.09,-0.98,-9.58,25.78,-0.01,0,0,,,,-0.39,-0.063,2.6,13.26,-0.01,,,
101.11,REGROUND,-24.09,-0.98,-9.58,25.79,-0.01,0,0,,,,-0.399,-0.065,1.8,13.26,-0.01,,,
101.16,REGROUND,-24.13,-0.98,-9.58,25.8,-0.01,0,0,,,,-0.39,-0.063,2.6,13.26,-0.01,,,
101.21,REGROUND,-24.13,-0.98,-9.58,25.82,-0.01,0,0,,,,-0.399,-0.065,1.8,13.26,-0.01,,,
101.26,REGROUND,-24.17,-0.98,-9.58,25.83,-0.01,0,0,,,,-0.389,-0.063,2.5,13.26,-0.01,,,
101.31,REGROUND,-24.17,-0.98,-9.58,25.84,-0.01,0,0,,,,-0.399,-0.065,1.8,13.26,-0.01,,,
101.36,REGROUND,-24.21,-0.98,-9.58,25.85,-0.01,0,0,,,,-0.39,-0.063,2.4,13.26,-0.01,,,
101.41,REGROUND,-24.21,-0.98,-9.58,25.87,-0.01,0,0,,,,-0.4,-0.064,1.8,13.26,-0.01,,,
101.46,REGROUND,-24.25,-0.98,-9.58,25.88,-0.01,0,0,,,,-0.39,-0.063,2.4,13.26,-0.01,,,
101.51,REGROUND,-24.25,-0.98,-9.58,25.89,-0.01,0,0,,,,-0.4,-0.064,1.8,13.26,-0.01,,,
101.56,REGROUND,-24.29,-0.99,-9.58,25.9,-0.01,0,0,,,,-0.39,-0.062,2.3,13.26,-0.01,,,
101.61,REGROUND,-24.29,-0.99,-9.58,25.92,-0.01,0,0,,,,-0.4,-0.064,1.9,13.26,-0.01,,,
101.66,REGROUND,-24.33,-0.99,-9.58,25.93,-0.01,0,0,,,,-0.39,-0.062,2.5,13.26,-0.01,,,
101.71,REGROUND,-24.33,-0.99,-9.58,25.94,-0.01,0,0,,,,-0.4,-0.064,1.8,13.26,-0.01,,,
101.76,REGROUND,-24.37,-0.99,-9.58,25.95,-0.01,0,0,,,,-0.39,-0.062,2.5,13.26,-0.01,,,
101.81,REGROUND,-24.37,-0.99,-9.58,25.97,-0.01,0,0,,,,-0.4,-0.064,1.8,13.26,-0.01,,,
101.86,REGROUND,-24.41,-0.99,-9.58,25.98,-0.01,0,0,,,,-0.39,-0.062,2.5,13.26,-0.01,,,
101.91,REGROUND,-24.41,-0.99,-9.58,25.99,-0.01,0,0,,,,-0.4,-0.064,1.8,13.26,-0.01,,,
101.96,REGROUND,-24.44,-0.99,-9.58,26.0,-0.01,0,0,,,,-0.39,-0.062,2.4,13.26,-0.01,,,
102.01,REGROUND,-24.44,-0.99,-9.58,26.02,-0.01,0,0,,,,-0.4,-0.064,1.7,13.26,-0.01,,,
102.06,REGROUND,-24.48,-0.99,-9.58,26.03,-0.01,0,0,,,,-0.39,-0.062,2.4,13.26,-0.01,,,
102.11,REGROUND,-24.48,-0.99,-9.58,26.04,-0.01,0,0,,,,-0.4,-0.064,1.8,13.26,-0.01,,,
102.16,REGROUND,-24.52,-0.99,-9.58,26.05,-0.01,0,0,,,,-0.39,-0.062,2.4,13.26,-0.01,,,
102.21,REGROUND,-24.52,-0.99,-9.58,26.07,-0.01,0,0,,,,-0.4,-0.064,1.8,13.26,-0.01,,,
102.26,REGROUND,-24.56,-1.0,-9.58,26.08,-0.01,0,0,,,,-0.39,-0.063,2.3,13.26,-0.01,,,
102.31,REGROUND,-24.56,-1.0,-9.58,26.09,-0.01,0,0,,,,-0.4,-0.064,1.8,13.26,-0.01,,,
102.36,REGROUND,-24.6,-1.0,-9.58,26.1,-0.01,0,0,,,,-0.39,-0.062,2.3,13.26,-0.01,,,
102.41,REGROUND,-24.6,-1.0,-9.58,26.12,-0.01,0,0,,,,-0.4,-0.064,1.6,13.26,-0.01,,,
102.46,REGROUND,-24.64,-1.0,-9.58,26.13,-0.01,0,0,,,,-0.39,-0.063,2.4,13.26,-0.01,,,
102.51,REGROUND,-24.64,-1.0,-9.58,26.14,-0.01,0,0,,,,-0.4,-0.064,1.8,13.26,-0.01,,,
102.56,REGROUND,-24.68,-1.0,-9.58,26.15,-0.01,0,0,,,,-0.39,-0.063,2.4,13.26,-0.01,,,
102.61,REGROUND,-24.68,-1.0,-9.58,26.17,-0.01,0,0,,,,-0.4,-0.064,1.8,13.26,-0.01,,,
102.66,REGROUND,-24.72,-1.0,-9.58,26.18,-0.01,0,0,,,,-0.39,-0.063,2.3,13.26,-0.01,,,
102.71,REGROUND,-24.72,-1.0,-9.58,26.19,-0.01,0,0,,,,-0.4,-0.064,3.6,13.26,-0.01,,,
102.76,REGROUND,-24.76,-1.0,-9.58,26.2,-0.01,0,0,,,,-0.39,-0.063,2.5,13.26,-0.01,,,
102.81,REGROUND,-24.76,-1.0,-9.58,26.22,-0.01,0,0,,,,-0.4,-0.064,1.8,13.26,-0.01,,,
102.86,REGROUND,-24.8,-1.0,-9.58,26.23,-0.01,0,0,,,,-0.39,-0.063,2.5,13.26,-0.01,,,
102.91,REGROUND,-24.8,-1.0,-9.58,26.24,-0.01,0,0,,,,-0.4,-0.065,1.9,13.26,-0.01,,,
102.96,REGROUND,-24.84,-1.0,-9.58,26.25,-0.01,0,0,,,,-0.39,-0.063,2.5,13.26,-0.01,,,
103.01,REGROUND,-24.84,-1.0,-9.58,26.27,-0.01,0,0,,,,-0.4,-0.065,1.8,13.26,-0.01,,,
103.06,REGROUND,-24.88,-1.0,-9.58,26.28,-0.01,0,0,,,,-0.39,-0.063,2.5,13.26,-0.01,,,
103.11,REGROUND,-24.88,-1.0,-9.58,26.29,-0.01,0,0,,,,-0.4,-0.065,1.8,13.26,-0.01,,,
103.16,REGROUND,-24.92,-1.01,-9.58,26.3,-0.01,0,0,,,,-0.39,-0.063,2.4,13.26,-0.01,,,
103.21,REGROUND,-24.92,-1.01,-9.58,26.32,-0.01,0,0,,,,-0.4,-0.065,1.7,13.26,-0.01,,,
103.26,REGROUND,-24.96,-1.01,-9.58,26.33,-0.01,0,0,,,,-0.39,-0.063,2.4,13.26,-0.01,,,
103.31,REGROUND,-24.96,-1.01,-9.58,26.34,-0.01,0,0,,,,-0.4,-0.065,1.8,13.26,-0.01,,,
103.36,REGROUND,-25.01,-1.01,-9.58,26.35,-0.01,0,0,,,,-0.39,-0.063,2.3,13.26,-0.01,,,
103.41,REGROUND,-25.01,-1.01,-9.58,26.37,-0.01,0,0,,,,-0.4,-0.065,1.8,13.26,-0.01,,,
103.46,REGROUND,-25.05,-1.01,-9.58,26.38,-0.01,0,0,,,,-0.39,-0.064,2.5,13.26,-0.01,,,
103.51,REGROUND,-25.05,-1.01,-9.58,26.39,-0.01,0,0,,,,-0.4,-0.065,1.8,13.26,-0.01,,,
103.56,REGROUND,-25.09,-1.01,-9.58,26.4,-0.01,0,0,,,,-0.39,-0.063,2.5,13.26,-0.01,,,
103.61,REGROUND,-25.09,-1.01,-9.58,26.42,-0.01,0,0,,,,-0.399,-0.065,1.8,13.26,-0.01,,,
103.66,REGROUND,-25.13,-1.01,-9.58,26.43,-0.01,0,0,,,,-0.389,-0.064,2.5,13.26,-0.01,,,
103.71,REGROUND,-25.13,-1.01,-9.58,26.44,-0.01,0,0,,,,-0.399,-0.065,1.8,13.26,-0.01,,,
103.76,REGROUND,-25.17,-1.01,-9.58,26.45,-0.01,0,0,,,,-0.39,-0.063,2.5,13.26,-0.01,,,
103.81,REGROUND,-25.17,-1.01,-9.58,26.47,-0.01,0,0,,,,-0.399,-0.065,1.9,13.26,-0.01,,,
103.86,REGROUND,-25.21,-1.02,-9.58,26.48,-0.01,0,0,,,,-0.389,-0.063,2.5,13.26,-0.01,,,
103.91,REGROUND,-25.21,-1.02,-9.58,26.49,-0.01,0,0,,,,-0.399,-0.065,1.8,13.26,-0.01,,,
103.96,REGROUND,-25.25,-1.02,-9.58,26.5,-0.01,0,0,,,,-0.389,-0.063,2.4,13.26,-0.01,,,
104.01,REGROUND,-25.25,-1.02,-9.58,26.52,-0.01,0,0,,,,-0.399,-0.065,1.7,13.26,-0.01,,,
104.06,REGROUND,-25.29,-1.02,-9.58,26.53,-0.01,0,0,,,,-0.389,-0.063,2.4,13.26,-0.01,,,
104.11,REGROUND,-25.29,-1.02,-9.58,26.54,-0.01,0,0,,,,-0.399,-0.065,1.8,13.26,-0.01,,,
104.16,REGROUND,-25.33,-1.02,-9.58,26.55,-0.01,0,0,,,,-0.389,-0.063,2.4,13.26,-0.01,,,
104.21,REGROUND,-25.33,-1.02,-9.58,26.57,-0.01,0,0,,,,-0.399,-0.064,1.8,13.26,-0.01,,,
104.26,REGROUND,-25.37,-1.02,-9.58,26.58,-0.01,0,0,,,,-0.389,-0.063,2.4,13.26,-0.01,,,
104.31,REGROUND,-25.37,-1.02,-9.58,26.59,-0.01,0,0,,,,-0.399,-0.064,1.9,13.26,-0.01,,,
104.36,REGROUND,-25.41,-1.02,-9.58,26.6,-0.01,0,0,,,,-0.389,-0.062,2.3,13.26,-0.01,,,
104.41,REGROUND,-25.41,-1.02,-9.58,26.62,-0.01,0,0,,,,-0.399,-0.064,1.8,13.26,-0.01,,,
104.46,REGROUND,-25.45,-1.03,-9.58,26.63,-0.01,0,0,,,,-0.389,-0.062,2.5,13.26,-0.01,,,
104.51,REGROUND,-25.45,-1.03,-9.58,26.64,-0.01,0,0,,,,-0.399,-0.064,1.9,13.26,-0.01,,,
104.56,REGROUND,-25.49,-1.03,-9.58,26.65,-0.01,0,0,,,,-0.389,-0.062,2.6,13.26,-0.01,,,
104.61,REGROUND,-25.49,-1.03,-9.58,26.67,-0.01,0,0,,,,-0.399,-0.064,1.8,13.26,-0.01,,,
104.66,REGROUND,-25.53,-1.03,-9.58,26.68,-0.01,0,0,,,,-0.389,-0.062,2.5,13.26,-0.01,,,
104.71,REGROUND,-25.53,-1.03,-9.58,26.69,-0.01,0,0,,,,-0.399,-0.064,1.8,13.26,-0.01,,,
104.76,REGROUND,-25.57,-1.03,-9.58,26.7,-0.01,0,0,,,,-0.389,-0.062,2.5,13.26,-0.01,,,
104.81,REGROUND,-25.57,-1.03,-9.58,26.72,-0.01,0,0,,,,-0.399,-0.063,1.8,13.26,-0.01,,,
104.86,REGROUND,-25.61,-1.03,-9.58,26.73,-0.01,0,0,,,,-0.389,-0.062,2.3,13.26,-0.01,,,
104.91,REGROUND,-25.61,-1.03,-9.58,26.74,-0.01,0,0,,,,-0.399,-0.063,3.8,13.26,-0.01,,,
104.96,REGROUND,-25.65,-1.03,-9.58,26.75,-0.01,0,0,,,,-0.389,-0.062,2.3,13.26,-0.01,,,
105.01,REGROUND,-25.65,-1.03,-9.58,26.77,-0.01,0,0,,,,-0.399,-0.063,1.8,13.26,-0.01,,,
105.06,REGROUND,-25.68,-1.04,-9.58,26.78,-0.01,0,0,,,,-0.39,-0.062,2.5,13.26,-0.01,,,
105.11,REGROUND,-25.68,-1.04,-9.58,26.79,-0.01,0,0,,,,-0.399,-0.063,1.8,13.26,-0.01,,,
105.16,REGROUND,-25.72,-1.04,-9.58,26.81,-0.01,0,0,,,,-0.39,-0.062,2.5,13.26,-0.01,,,
105.21,REGROUND,-25.72,-1.04,-9.58,26.82,-0.01,0,0,,,,-0.4,-0.064,1.8,13.26,-0.01,,,
105.26,REGROUND,-25.76,-1.04,-9.58,26.83,-0.01,0,0,,,,-0.39,-0.062,2.5,13.26,-0.01,,,
105.31,REGROUND,-25.76,-1.04,-9.58,26.84,-0.01,0,0,,,,-0.399,-0.064,1.8,13.26,-0.01,,,
105.36,REGROUND,-25.8,-1.04,-9.58,26.86,-0.01,0,0,,,,-0.39,-0.062,2.5,13.26,-0.01,,,
105.41,REGROUND,-25.8,-1.04,-9.58,26.87,-0.01,0,0,,,,-0.399,-0.064,1.8,13.26,-0.01,,,
105.46,REGROUND,-25.84,-1.04,-9.58,26.88,-0.01,0,0,,,,-0.389,-0.063,2.5,13.26,-0.01,,,
105.51,REGROUND,-25.84,-1.04,-9.58,26.89,-0.01,0,0,,,,-0.399,-0.064,1.7,13.26,-0.01,,,
105.56,REGROUND,-25.88,-1.04,-9.58,26.91,-0.01,0,0,,,,-0.39,-0.063,2.4,13.26,-0.01,,,
105.61,REGROUND,-25.88,-1.04,-9.58,26.92,-0.01,0,0,,,,-0.4,-0.065,1.8,13.26,-0.01,,,
105.66,REGROUND,-25.92,-1.04,-9.58,26.93,-0.01,0,0,,,,-0.39,-0.063,2.4,13.26,-0.01,,,
105.71,REGROUND,-25.92,-1.04,-9.58,26.94,-0.01,0,0,,,,-0.399,-0.065,1.6,13.26,-0.01,,,
105.76,REGROUND,-25.96,-1.04,-9.58,26.96,-0.01,0,0,,,,-0.39,-0.064,2.5,13.26,-0.01,,,
105.81,REGROUND,-25.96,-1.04,-9.58,26.97,-0.01,0,0,,,,-0.4,-0.065,1.9,13.26,-0.01,,,
105.86,REGROUND,-26.0,-1.04,-9.58,26.98,-0.01,0,0,,,,-0.39,-0.064,2.6,13.26,-0.01,,,
105.91,REGROUND,-26.0,-1.04,-9.58,26.99,-0.01,0,0,,,,-0.399,-0.066,1.9,13.26,-0.01,,,
105.96,REGROUND,-26.04,-1.04,-9.58,27.01,-0.01,0,0,,,,-0.39,-0.064,2.5,13.26,-0.01,,,
106.01,REGROUND,-26.04,-1.04,-9.58,27.02,-0.01,0,0,,,,-0.399,-0.066,1.8,13.26,-0.01,,,
106.06,REGROUND,-26.08,-1.04,-9.58,27.03,-0.01,0,0,,,,-0.39,-0.064,2.5,13.26,-0.01,,,
106.11,REGROUND,-26.08,-1.04,-9.58,27.04,-0.01,0,0,,,,-0.399,-0.066,1.8,13.26,-0.01,,,
106.16,REGROUND,-26.12,-1.05,-9.58,27.06,-0.01,0,0,,,,-0.39,-0.064,2.5,13.26,-0.01,,,
106.21,REGROUND,-26.12,-1.05,-9.58,27.07,-0.01,0,0,,,,-0.4,-0.066,1.7,13.26,-0.01,,,
106.26,REGROUND,-26.16,-1.05,-9.58,27.08,-0.01,0,0,,,,-0.39,-0.064,2.4,13.26,-0.01,,,
106.31,REGROUND,-26.16,-1.05,-9.58,27.09,-0.01,0,0,,,,-0.4,-0.066,2.0,13.26,-0.01,,,
106.36,REGROUND,-26.2,-1.05,-9.58,27.11,-0.01,0,0,,,,-0.39,-0.064,2.4,13.26,-0.01,,,
106.41,REGROUND,-26.2,-1.05,-9.58,27.12,-0.01,0,0,,,,-0.4,-0.066,1.8,13.26,-0.01,,,
106.46,REGROUND,-26.24,-1.05,-9.58,27.13,-0.01,0,0,,,,-0.39,-0.065,2.3,13.26,-0.01,,,
106.51,REGROUND,-26.24,-1.05,-9.58,27.14,-0.01,0,0,,,,-0.399,-0.066,1.9,13.26,-0.01,,,
106.56,REGROUND,-26.28,-1.05,-9.58,27.16,-0.01,0,0,,,,-0.39,-0.065,2.5,13.26,-0.01,,,
106.61,REGROUND,-26.28,-1.05,-9.58,27.17,-0.01,0,0,,,,-0.4,-0.066,1.9,13.26,-0.01,,,
106.66,REGROUND,-26.32,-1.05,-9.58,27.18,-0.01,0,0,,,,-0.389,-0.065,2.5,13.26,-0.01,,,
106.71,REGROUND,-26.32,-1.05,-9.58,27.19,-0.01,0,0,,,,-0.399,-0.066,1.8,13.26,-0.01,,,
106.76,REGROUND,-26.36,-1.05,-9.58,27.21,-0.01,0,0,,,,-0.39,-0.065,2.5,13.26,-0.01,,,
106.81,REGROUND,-26.36,-1.05,-9.58,27.22,-0.01,0,0,,,,-0.399,-0.066,1.8,13.26,-0.01,,,
106.86,REGROUND,-26.4,-1.05,-9.58,27.23,-0.01,0,0,,,,-0.389,-0.065,2.4,13.26,-0.01,,,
106.91,REGROUND,-26.4,-1.05,-9.58,27.24,-0.01,0,0,,,,-0.399,-0.066,1.8,13.26,-0.01,,,
106.96,REGROUND,-26.44,-1.06,-9.58,27.26,-0.01,0,0,,,,-0.39,-0.064,2.5,13.26,-0.01,,,
107.01,REGROUND,-26.44,-1.06,-9.58,27.27,-0.01,0,0,,,,-0.399,-0.066,1.9,13.26,-0.01,,,
107.06,REGROUND,-26.48,-1.06,-9.58,27.28,-0.01,0,0,,,,-0.389,-0.064,2.4,13.26,-0.01,,,
107.11,REGROUND,-26.48,-1.06,-9.58,27.29,-0.01,0,0,,,,-0.399,-0.066,3.7,13.26,-0.01,,,
107.16,REGROUND,-26.52,-1.06,-9.58,27.31,-0.01,0,0,,,,-0.39,-0.064,2.3,13.26,-0.01,,,
107.21,REGROUND,-26.52,-1.06,-9.58,27.32,-0.01,0,0,,,,-0.399,-0.066,1.8,13.26,-0.01,,,
107.27,REGROUND,-26.56,-1.06,-9.58,27.33,-0.01,0,0,,,,-0.39,-0.064,2.4,13.26,-0.01,,,
107.32,REGROUND,-26.56,-1.06,-9.58,27.34,-0.01,0,0,,,,-0.399,-0.066,1.9,13.26,-0.01,,,
107.37,REGROUND,-26.6,-1.06,-9.58,27.36,-0.01,0,0,,,,-0.39,-0.063,2.4,13.26,-0.01,,,
107.42,REGROUND,-26.6,-1.06,-9.58,27.37,-0.01,0,0,,,,-0.399,-0.065,1.9,13.26,-0.01,,,
107.47,REGROUND,-26.64,-1.07,-9.58,27.38,-0.01,0,0,,,,-0.39,-0.063,2.5,13.26,-0.01,,,
107.52,REGROUND,-26.64,-1.07,-9.58,27.39,-0.01,0,0,,,,-0.399,-0.065,1.8,13.26,-0.01,,,
107.57,REGROUND,-26.68,-1.07,-9.58,27.41,-0.01,0,0,,,,-0.39,-0.063,2.4,13.26,-0.01,,,
107.62,REGROUND,-26.68,-1.07,-9.58,27.42,-0.01,0,0,,,,-0.4,-0.064,1.7,13.26,-0.01,,,
107.67,REGROUND,-26.72,-1.07,-9.58,27.43,-0.01,0,0,,,,-0.39,-0.063,3.0,13.26,-0.01,,,
107.72,REGROUND,-26.72,-1.07,-9.58,27.44,-0.01,0,0,,,,-0.4,-0.064,1.9,13.26,-0.01,,,
107.77,REGROUND,-26.76,-1.07,-9.58,27.46,-0.01,0,0,,,,-0.39,-0.062,2.9,13.26,-0.01,,,
107.82,REGROUND,-26.76,-1.07,-9.58,27.47,-0.01,0,0,,,,-0.4,-0.064,2.4,13.26,-0.01,,,
107.87,REGROUND,-26.8,-1.07,-9.58,27.48,-0.01,0,0,,,,-0.39,-0.062,2.4,13.26,-0.01,,,
107.92,REGROUND,-26.8,-1.07,-9.58,27.49,-0.01,0,0,,,,-0.4,-0.064,1.9,13.26,-0.01,,,
107.97,REGROUND,-26.84,-1.08,-9.58,27.51,-0.01,0,0,,,,-0.39,-0.062,2.3,13.26,-0.01,,,
108.02,REGROUND,-26.84,-1.08,-9.58,27.52,-0.01,0,0,,,,-0.4,-0.064,1.8,13.26,-0.01,,,
108.07,REGROUND,-26.88,-1.08,-9.58,27.53,-0.01,0,0,,,,-0.39,-0.062,2.5,13.26,-0.01,,,
108.12,REGROUND,-26.88,-1.08,-9.58,27.54,-0.01,0,0,,,,-0.399,-0.063,1.9,13.26,-0.01,,,
108.17,REGROUND,-26.92,-1.08,-9.58,27.56,-0.01,0,0,,,,-0.39,-0.062,2.6,13.26,-0.01,,,
108.22,REGROUND,-26.92,-1.08,-9.58,27.57,-0.01,0,0,,,,-0.4,-0.063,1.6,13.26,-0.01,,,
108.27,REGROUND,-26.96,-1.08,-9.58,27.58,-0.01,0,0,,,,-0.39,-0.062,2.6,13.26,-0.01,,,
108.32,REGROUND,-26.96,-1.08,-9.58,27.59,-0.01,0,0,,,,-0.399,-0.063,1.8,13.26,-0.01,,,
108.37,REGROUND,-27.0,-1.08,-9.58,27.61,-0.01,0,0,,,,-0.39,-0.062,2.4,13.26,-0.01,,,
108.42,REGROUND,-27.0,-1.08,-9.58,27.62,-0.01,0,0,,,,-0.4,-0.063,1.7,13.26,-0.01,,,
108.47,REGROUND,-27.04,-1.08,-9.58,27.63,-0.01,0,0,,,,-0.39,-0.062,2.4,13.26,-0.01,,,
108.52,REGROUND,-27.04,-1.08,-9.58,27.64,-0.01,0,0,,,,-0.4,-0.063,1.8,13.26,-0.01,,,
108.57,REGROUND,-27.08,-1.08,-9.58,27.66,-0.01,0,0,,,,-0.39,-0.062,2.4,13.26,-0.01,,,
108.62,REGROUND,-27.08,-1.08,-9.58,27.67,-0.01,0,0,,,,-0.4,-0.063,1.8,13.26,-0.01,,,
108.67,REGROUND,-27.12,-1.08,-9.58,27.68,-0.01,0,0,,,,-0.39,-0.062,2.4,13.26,-0.01,,,
108.72,REGROUND,-27.12,-1.08,-9.58,27.69,-0.01,0,0,,,,-0.399,-0.064,1.8,13.26,-0.01,,,
108.77,REGROUND,-27.16,-1.09,-9.58,27.71,-0.01,0,0,,,,-0.39,-0.062,2.5,13.26,-0.01,,,
108.82,REGROUND,-27.16,-1.09,-9.58,27.72,-0.01,0,0,,,,-0.399,-0.064,1.9,13.26,-0.01,,,
108.87,REGROUND,-27.2,-1.09,-9.58,27.73,-0.01,0,0,,,,-0.389,-0.063,2.5,13.26,-0.01,,,
108.92,REGROUND,-27.2,-1.09,-9.58,27.74,-0.01,0,0,,,,-0.399,-0.064,1.9,13.26,-0.01,,,
108.97,REGROUND,-27.24,-1.09,-9.58,27.76,-0.01,0,0,,,,-0.389,-0.063,2.4,13.26,-0.01,,,
109.02,REGROUND,-27.24,-1.09,-9.58,27.77,-0.01,0,0,,,,-0.399,-0.064,1.8,13.26,-0.01,,,
109.07,REGROUND,-27.28,-1.09,-9.58,27.78,-0.01,0,0,,,,-0.389,-0.063,2.3,13.26,-0.01,,,
109.12,REGROUND,-27.28,-1.09,-9.58,27.79,-0.01,0,0,,,,-0.399,-0.065,1.7,13.26,-0.01,,,
109.17,REGROUND,-27.32,-1.09,-9.58,27.81,-0.01,0,0,,,,-0.389,-0.063,2.3,13.26,-0.01,,,
109.22,REGROUND,-27.32,-1.09,-9.58,27.82,-0.01,0,0,,,,-0.399,-0.065,2.0,13.26,-0.01,,,
109.27,REGROUND,-27.36,-1.09,-9.58,27.83,-0.01,0,0,,,,-0.389,-0.063,4.3,13.26,-0.01,,,
109.32,REGROUND,-27.36,-1.09,-9.58,27.84,-0.01,0,0,,,,-0.399,-0.065,1.9,13.26,-0.01,,,
109.37,REGROUND,-27.4,-1.09,-9.58,27.86,-0.01,0,0,,,,-0.389,-0.064,2.3,13.26,-0.01,,,
109.42,REGROUND,-27.4,-1.09,-9.58,27.87,-0.01,0,0,,,,-0.399,-0.065,1.8,13.26,-0.01,,,
109.47,REGROUND,-27.44,-1.09,-9.58,27.88,-0.01,0,0,,,,-0.389,-0.064,2.5,13.26,-0.01,,,
109.52,REGROUND,-27.44,-1.09,-9.58,27.89,-0.01,0,0,,,,-0.399,-0.065,1.8,13.26,-0.01,,,
109.57,REGROUND,-27.48,-1.09,-9.58,27.91,-0.01,0,0,,,,-0.389,-0.064,2.5,13.26,-0.01,,,
109.62,REGROUND,-27.48,-1.09,-9.58,27.92,-0.01,0,0,,,,-0.399,-0.065,1.9,13.26,-0.01,,,
109.67,REGROUND,-27.52,-1.09,-9.58,27.93,-0.01,0,0,,,,-0.389,-0.064,2.6,13.26,-0.01,,,
109.72,REGROUND,-27.52,-1.09,-9.58,27.94,-0.01,0,0,,,,-0.399,-0.066,1.8,13.26,-0.01,,,
109.77,REGROUND,-27.56,-1.1,-9.58,27.96,-0.01,0,0,,,,-0.39,-0.064,2.5,13.26,-0.01,,,
109.82,REGROUND,-27.56,-1.1,-9.58,27.97,-0.01,0,0,,,,-0.399,-0.066,1.9,13.26,-0.01,,,
109.87,REGROUND,-27.6,-1.1,-9.58,27.98,-0.01,0,0,,,,-0.389,-0.064,2.4,13.26,-0.01,,,
109.92,REGROUND,-27.6,-1.1,-9.58,27.99,-0.01,0,0,,,,-0.399,-0.066,1.8,13.26,-0.01,,,
109.97,REGROUND,-27.64,-1.1,-9.58,28.01,-0.01,0,0,,,,-0.389,-0.064,2.4,13.26,-0.01,,,
110.02,REGROUND,-27.64,-1.1,-9.58,28.02,-0.01,0,0,,,,-0.399,-0.066,1.8,13.26,-0.01,,,
110.07,REGROUND,-27.68,-1.1,-9.58,28.03,-0.01,0,0,,,,-0.389,-0.064,2.3,13.26,-0.01,,,
110.12,REGROUND,-27.68,-1.1,-9.58,28.04,-0.01,0,0,,,,-0.399,-0.066,1.8,13.26,-0.01,,,
110.17,REGROUND,-27.72,-1.1,-9.58,28.06,-0.01,0,0,,,,-0.389,-0.064,2.3,13.26,-0.01,,,
110.22,REGROUND,-27.72,-1.1,-9.58,28.07,-0.01,0,0,,,,-0.399,-0.066,1.7,13.26,-0.01,,,
110.27,REGROUND,-27.76,-1.1,-9.58,28.08,-0.01,0,0,,,,-0.389,-0.064,2.4,13.26,-0.01,,,
110.32,REGROUND,-27.76,-1.1,-9.58,28.09,-0.01,0,0,,,,-0.399,-0.066,1.9,13.26,-0.01,,,
110.37,REGROUND,-27.8,-1.1,-9.58,28.11,-0.01,0,0,,,,-0.389,-0.064,2.5,13.26,-0.01,,,
110.42,REGROUND,-27.8,-1.1,-9.58,28.12,-0.01,0,0,,,,-0.399,-0.065,1.6,13.26,-0.01,,,
110.47,REGROUND,-27.84,-1.11,-9.58,28.13,-0.01,0,0,,,,-0.389,-0.064,2.6,13.26,-0.01,,,
110.52,REGROUND,-27.84,-1.11,-9.58,28.14,-0.01,0,0,,,,-0.399,-0.065,1.8,13.26,-0.01,,,
110.57,REGROUND,-27.88,-1.11,-9.58,28.16,-0.01,0,0,,,,-0.389,-0.063,2.5,13.26,-0.01,,,
110.62,REGROUND,-27.88,-1.11,-9.58,28.17,-0.01,0,0,,,,-0.399,-0.065,1.7,13.26,-0.01,,,
110.67,REGROUND,-27.92,-1.11,-9.58,28.18,-0.01,0,0,,,,-0.389,-0.063,2.5,13.26,-0.01,,,
110.72,REGROUND,-27.92,-1.11,-9.58,28.19,-0.01,0,0,,,,-0.399,-0.065,1.8,13.26,-0.01,,,
110.77,REGROUND,-27.96,-1.11,-9.58,28.21,-0.01,0,0,,,,-0.39,-0.063,2.3,13.26,-0.01,,,
110.82,REGROUND,-27.96,-1.11,-9.58,28.22,-0.01,0,0,,,,-0.4,-0.064,1.6,13.26,-0.01,,,
110.87,REGROUND,-28.0,-1.11,-9.58,28.23,-0.01,0,0,,,,-0.39,-0.063,2.3,13.26,-0.01,,,
110.92,REGROUND,-28.0,-1.11,-9.58,28.24,-0.01,0,0,,,,-0.4,-0.064,1.9,13.26,-0.01,,,
110.97,REGROUND,-28.04,-1.12,-9.58,28.26,-0.01,0,0,,,,-0.39,-0.062,2.3,13.26,-0.01,,,
111.02,REGROUND,-28.04,-1.12,-9.58,28.27,-0.01,0,0,,,,-0.4,-0.064,1.8,13.26,-0.01,,,
111.07,REGROUND,-28.08,-1.12,-9.58,28.28,-0.01,0,0,,,,-0.39,-0.062,2.5,13.26,-0.01,,,
111.12,REGROUND,-28.08,-1.12,-9.58,28.29,-0.01,0,0,,,,-0.4,-0.064,1.8,13.26,-0.01,,,
111.17,REGROUND,-28.12,-1.12,-9.58,28.31,-0.01,0,0,,,,-0.39,-0.062,2.5,13.26,-0.01,,,
111.22,REGROUND,-28.12,-1.12,-9.58,28.32,-0.01,0,0,,,,-0.4,-0.063,1.8,13.26,-0.01,,,
111.27,REGROUND,-28.16,-1.12,-9.58,28.33,-0.01,0,0,,,,-0.39,-0.062,2.5,13.26,-0.01,,,
111.32,REGROUND,-28.16,-1.12,-9.58,28.34,-0.01,0,0,,,,-0.4,-0.063,1.6,13.26,-0.01,,,
111.37,REGROUND,-28.2,-1.12,-9.58,28.36,-0.01,0,0,,,,-0.39,-0.062,2.9,13.26,-0.01,,,
111.42,REGROUND,-28.2,-1.12,-9.58,28.37,-0.01,0,0,,,,-0.4,-0.063,3.7,13.26,-0.01,,,
111.47,REGROUND,-28.24,-1.12,-9.58,28.38,-0.01,0,0,,,,-0.39,-0.062,2.4,13.26,-0.01,,,
111.52,REGROUND,-28.24,-1.12,-9.58,28.39,-0.01,0,0,,,,-0.4,-0.063,1.8,13.26,-0.01,,,
111.57,REGROUND,-28.28,-1.13,-9.58,28.41,-0.01,0,0,,,,-0.39,-0.062,2.3,13.26,-0.01,,,
111.62,REGROUND,-28.28,-1.13,-9.58,28.42,-0.01,0,0,,,,-0.4,-0.063,1.8,13.26,-0.01,,,
111.67,REGROUND,-28.32,-1.13,-9.58,28.43,-0.01,0,0,,,,-0.39,-0.062,2.4,13.26,-0.01,,,
111.72,REGROUND,-28.32,-1.13,-9.58,28.44,-0.01,0,0,,,,-0.4,-0.063,1.8,13.26,-0.01,,,
111.77,REGROUND,-28.36,-1.13,-9.58,28.46,-0.01,0,0,,,,-0.39,-0.062,2.3,13.26,-0.01,,,
111.82,REGROUND,-28.36,-1.13,-9.58,28.47,-0.01,0,0,,,,-0.4,-0.063,1.9,13.26,-0.01,,,
111.87,REGROUND,-28.4,-1.13,-9.58,28.48,-0.01,0,0,,,,-0.39,-0.062,2.3,13.26,-0.01,,,
111.92,REGROUND,-28.4,-1.13,-9.58,28.49,-0.01,0,0,,,,-0.4,-0.064,1.8,13.26,-0.01,,,
111.97,REGROUND,-28.44,-1.13,-9.58,28.51,-0.01,0,0,,,,-0.39,-0.062,2.3,13.26,-0.01,,,
112.02,REGROUND,-28.44,-1.13,-9.58,28.52,-0.01,0,0,,,,-0.4,-0.064,1.8,13.26,-0.01,,,
112.07,REGROUND,-28.48,-1.13,-9.58,28.53,-0.01,0,0,,,,-0.39,-0.063,2.4,13.26,-0.01,,,
112.12,REGROUND,-28.48,-1.13,-9.58,28.54,-0.01,0,0,,,,-0.4,-0.064,1.6,13.26,-0.01,,,
112.17,REGROUND,-28.52,-1.13,-9.58,28.56,-0.01,0,0,,,,-0.39,-0.063,2.4,13.26,-0.01,,,
112.22,REGROUND,-28.52,-1.13,-9.58,28.57,-0.01,0,0,,,,-0.4,-0.064,1.6,13.26,-0.01,,,
112.27,REGROUND,-28.56,-1.13,-9.58,28.58,-0.01,0,0,,,,-0.389,-0.063,2.4,13.26,-0.01,,,
112.32,REGROUND,-28.56,-1.13,-9.58,28.6,-0.01,0,0,,,,-0.399,-0.065,1.8,13.26,-0.01,,,
112.37,REGROUND,-28.6,-1.13,-9.58,28.61,-0.01,0,0,,,,-0.389,-0.063,2.4,13.26,-0.01,,,
112.42,REGROUND,-28.6,-1.13,-9.58,28.62,-0.01,0,0,,,,-0.399,-0.065,1.8,13.26,-0.01,,,
112.47,REGROUND,-28.64,-1.13,-9.58,28.63,-0.01,0,0,,,,-0.389,-0.063,2.3,13.26,-0.01,,,
112.52,REGROUND,-28.64,-1.13,-9.58,28.65,-0.01,0,0,,,,-0.399,-0.065,1.9,13.26,-0.01,,,
112.57,REGROUND,-28.68,-1.14,-9.58,28.66,-0.01,0,0,,,,-0.389,-0.064,2.3,13.26,-0.01,,,
112.62,REGROUND,-28.68,-1.14,-9.58,28.67,-0.01,0,0,,,,-0.399,-0.065,1.8,13.26,-0.01,,,
112.67,REGROUND,-28.72,-1.14,-9.58,28.68,-0.01,0,0,,,,-0.389,-0.064,2.3,13.26,-0.01,,,
112.72,REGROUND,-28.72,-1.14,-9.58,28.7,-0.01,0,0,,,,-0.399,-0.065,1.8,13.26,-0.01,,,
112.77,REGROUND,-28.76,-1.14,-9.58,28.71,-0.01,0,0,,,,-0.389,-0.064,2.3,13.26,-0.01,,,
112.82,REGROUND,-28.76,-1.14,-9.58,28.72,-0.01,0,0,,,,-0.399,-0.065,1.8,13.26,-0.01,,,
112.87,REGROUND,-28.8,-1.14,-9.58,28.73,-0.01,0,0,,,,-0.389,-0.064,2.3,13.26,-0.01,,,
112.92,REGROUND,-28.8,-1.14,-9.58,28.75,-0.01,0,0,,,,-0.399,-0.066,1.8,13.26,-0.01,,,
112.97,REGROUND,-28.84,-1.14,-9.58,28.76,-0.01,0,0,,,,-0.389,-0.064,2.3,13.26,-0.01,,,
113.02,REGROUND,-28.84,-1.14,-9.58,28.77,-0.01,0,0,,,,-0.399,-0.066,1.8,13.26,-0.01,,,
113.07,REGROUND,-28.88,-1.14,-9.58,28.78,-0.01,0,0,,,,-0.389,-0.064,2.3,13.26,-0.01,,,
113.12,REGROUND,-28.88,-1.14,-9.58,28.8,-0.01,0,0,,,,-0.399,-0.066,1.8,13.26,-0.01,,,
113.17,REGROUND,-28.92,-1.14,-9.58,28.81,-0.01,0,0,,,,-0.389,-0.064,2.2,13.26,-0.01,,,
113.22,REGROUND,-28.92,-1.14,-9.58,28.82,-0.01,0,0,,,,-0.399,-0.066,1.8,13.26,-0.01,,,
113.27,REGROUND,-28.96,-1.14,-9.58,28.83,-0.01,0,0,,,,-0.389,-0.064,2.6,13.26,-0.01,,,
113.32,REGROUND,-28.96,-1.14,-9.58,28.85,-0.01,0,0,,,,-0.399,-0.066,1.9,13.26,-0.01,,,
113.37,REGROUND,-29.0,-1.15,-9.58,28.86,-0.01,0,0,,,,-0.389,-0.064,2.5,13.26,-0.01,,,
113.42,REGROUND,-29.0,-1.15,-9.58,28.87,-0.01,0,0,,,,-0.399,-0.066,1.8,13.26,-0.01,,,
113.47,REGROUND,-29.04,-1.15,-9.58,28.88,-0.01,0,0,,,,-0.389,-0.064,2.3,13.26,-0.01,,,
113.52,REGROUND,-29.04,-1.15,-9.58,28.9,-0.01,0,0,,,,-0.399,-0.066,2.0,13.26,-0.01,,,
113.57,REGROUND,-29.08,-1.15,-9.58,28.91,-0.01,0,0,,,,-0.389,-0.064,2.4,13.26,-0.01,,,
113.62,REGROUND,-29.08,-1.15,-9.58,28.92,-0.01,0,0,,,,-0.399,-0.066,3.7,13.26,-0.01,,,
113.67,REGROUND,-29.12,-1.15,-9.58,28.93,-0.01,0,0,,,,-0.389,-0.064,2.4,13.26,-0.01,,,
113.72,REGROUND,-29.12,-1.15,-9.58,28.95,-0.01,0,0,,,,-0.399,-0.066,1.8,13.26,-0.01,,,
113.77,REGROUND,-29.16,-1.15,-9.58,28.96,-0.01,0,0,,,,-0.389,-0.064,2.4,13.26,-0.01,,,
113.82,REGROUND,-29.16,-1.15,-9.58,28.97,-0.01,0,0,,,,-0.399,-0.065,1.8,13.26,-0.01,,,
113.87,REGROUND,-29.2,-1.15,-9.58,28.98,-0.01,0,0,,,,-0.389,-0.064,2.3,13.26,-0.01,,,
113.92,REGROUND,-29.2,-1.15,-9.58,29.0,-0.01,0,0,,,,-0.399,-0.065,1.9,13.26,-0.01,,,
113.97,REGROUND,-29.24,-1.16,-9.58,29.01,-0.01,0,0,,,,-0.39,-0.063,2.1,13.26,-0.01,,,
114.02,REGROUND,-29.24,-1.16,-9.58,29.02,-0.01,0,0,,,,-0.399,-0.065,1.8,13.26,-0.01,,,
114.07,REGROUND,-29.28,-1.16,-9.58,29.03,-0.01,0,0,,,,-0.39,-0.063,2.5,13.26,-0.01,,,
114.12,REGROUND,-29.28,-1.16,-9.58,29.05,-0.01,0,0,,,,-0.399,-0.065,1.9,13.26,-0.01,,,
114.17,REGROUND,-29.32,-1.16,-9.58,29.06,-0.01,0,0,,,,-0.39,-0.063,2.3,13.26,-0.01,,,
114.22,REGROUND,-29.32,-1.16,-9.58,29.07,-0.01,0,0,,,,-0.4,-0.064,1.6,13.26,-0.01,,,
114.27,REGROUND,-29.36,-1.16,-9.58,29.08,-0.01,0,0,,,,-0.389,-0.063,2.6,13.26,-0.01,,,
114.32,REGROUND,-29.36,-1.16,-9.58,29.1,-0.01,0,0,,,,-0.399,-0.064,1.8,13.26,-0.01,,,
114.37,REGROUND,-29.4,-1.16,-9.58,29.11,-0.01,0,0,,,,-0.389,-0.062,2.5,13.26,-0.01,,,
114.42,REGROUND,-29.4,-1.16,-9.58,29.12,-0.01,0,0,,,,-0.399,-0.064,1.8,13.26,-0.01,,,
114.47,REGROUND,-29.44,-1.16,-9.58,29.13,-0.01,0,0,,,,-0.389,-0.062,2.3,13.26,-0.01,,,
114.52,REGROUND,-29.44,-1.16,-9.58,29.15,-0.01,0,0,,,,-0.399,-0.064,1.8,13.26,-0.01,,,
114.58,REGROUND,-29.48,-1.17,-9.58,29.16,-0.01,0,0,,,,-0.389,-0.062,2.3,13.26,-0.01,,,
114.63,REGROUND,-29.48,-1.17,-9.58,29.17,-0.01,0,0,,,,-0.399,-0.064,1.8,13.26,-0.01,,,
114.68,REGROUND,-29.52,-1.17,-9.58,29.18,-0.01,0,0,,,,-0.389,-0.062,2.5,13.26,-0.01,,,
114.73,REGROUND,-29.52,-1.17,-9.58,29.2,-0.01,0,0,,,,-0.399,-0.064,1.6,13.26,-0.01,,,
114.78,REGROUND,-29.56,-1.17,-9.58,29.21,-0.01,0,0,,,,-0.389,-0.062,2.5,13.26,-0.01,,,
114.83,REGROUND,-29.56,-1.17,-9.58,29.22,-0.01,0,0,,,,-0.399,-0.064,1.9,13.26,-0.01,,,
114.88,REGROUND,-29.6,-1.17,-9.58,29.23,-0.01,0,0,,,,-0.389,-0.063,2.5,13.26,-0.01,,,
114.93,REGROUND,-29.6,-1.17,-9.58,29.25,-0.01,0,0,,,,-0.399,-0.064,1.8,13.26,-0.01,,,
114.98,REGROUND,-29.64,-1.17,-9.58,29.26,-0.01,0,0,,,,-0.389,-0.063,2.3,13.26,-0.01,,,
115.03,REGROUND,-29.64,-1.17,-9.58,29.27,-0.01,0,0,,,,-0.399,-0.064,1.7,13.26,-0.01,,,
115.08,REGROUND,-29.68,-1.17,-9.58,29.28,-0.01,0,0,,,,-0.389,-0.063,2.5,13.26,-0.01,,,
115.13,REGROUND,-29.68,-1.17,-9.58,29.3,-0.01,0,0,,,,-0.399,-0.064,1.8,13.26,-0.01,,,
115.18,REGROUND,-29.72,-1.17,-9.58,29.31,-0.01,0,0,,,,-0.39,-0.063,2.3,13.26,-0.01,,,
115.23,REGROUND,-29.72,-1.17,-9.58,29.32,-0.01,0,0,,,,-0.399,-0.064,1.7,13.26,-0.01,,,
115.28,REGROUND,-29.76,-1.17,-9.58,29.33,-0.01,0,0,,,,-0.39,-0.063,2.3,13.26,-0.01,,,
115.33,REGROUND,-29.76,-1.17,-9.58,29.35,-0.01,0,0,,,,-0.399,-0.065,1.8,13.26,-0.01,,,
115.38,REGROUND,-29.8,-1.18,-9.58,29.36,-0.01,0,0,,,,-0.39,-0.063,2.5,13.26,-0.01,,,
115.43,REGROUND,-29.8,-1.18,-9.58,29.37,-0.01,0,0,,,,-0.399,-0.065,1.8,13.26,-0.01,,,
115.48,REGROUND,-29.84,-1.18,-9.58,29.38,-0.01,0,0,,,,-0.389,-0.063,2.5,13.26,-0.01,,,
115.53,REGROUND,-29.84,-1.18,-9.58,29.4,-0.01,0,0,,,,-0.399,-0.065,1.9,13.26,-0.01,,,
115.58,REGROUND,-29.88,-1.18,-9.58,29.41,-0.01,0,0,,,,-0.389,-0.063,2.5,13.26,-0.01,,,
115.63,REGROUND,-29.88,-1.18,-9.58,29.42,-0.01,0,0,,,,-0.399,-0.065,1.8,13.26,-0.01,,,
115.68,REGROUND,-29.92,-1.18,-9.58,29.43,-0.01,0,0,,,,-0.389,-0.064,2.6,13.26,-0.01,,,
115.73,REGROUND,-29.92,-1.18,-9.58,29.45,-0.01,0,0,,,,-0.399,-0.065,1.8,13.26,-0.01,,,
115.78,REGROUND,-29.96,-1.18,-9.58,29.46,-0.01,0,0,,,,-0.389,-0.064,4.0,13.26,-0.01,,,
115.83,REGROUND,-29.96,-1.18,-9.58,29.47,-0.01,0,0,,,,-0.399,-0.065,1.8,13.26,-0.01,,,
115.88,REGROUND,-30.0,-1.18,-9.58,29.48,-0.01,0,0,,,,-0.389,-0.064,2.4,13.26,-0.01,,,
115.93,REGROUND,-30.0,-1.18,-9.58,29.5,-0.01,0,0,,,,-0.399,-0.065,1.9,13.26,-0.01,,,
115.98,REGROUND,-30.04,-1.18,-9.58,29.51,-0.01,0,0,,,,-0.389,-0.064,2.3,13.26,-0.01,,,
116.03,REGROUND,-30.04,-1.18,-9.58,29.52,-0.01,0,0,,,,-0.399,-0.065,1.8,13.26,-0.01,,,
116.08,REGROUND,-30.08,-1.18,-9.58,29.53,-0.01,0,0,,,,-0.389,-0.064,2.4,13.26,-0.01,,,
116.13,REGROUND,-30.08,-1.18,-9.58,29.55,-0.01,0,0,,,,-0.399,-0.065,1.9,13.26,-0.01,,,
116.18,REGROUND,-30.12,-1.18,-9.58,29.56,-0.01,0,0,,,,-0.39,-0.064,2.5,13.26,-0.01,,,
116.23,REGROUND,-30.12,-1.18,-9.58,29.57,-0.01,0,0,,,,-0.399,-0.065,1.6,13.26,-0.01,,,
116.28,REGROUND,-30.16,-1.19,-9.58,29.58,-0.01,0,0,,,,-0.39,-0.064,2.5,13.26,-0.01,,,
116.33,REGROUND,-30.16,-1.19,-9.58,29.6,-0.01,0,0,,,,-0.4,-0.065,1.8,13.26,-0.01,,,
116.38,REGROUND,-30.2,-1.19,-9.58,29.61,-0.01,0,0,,,,-0.39,-0.064,2.4,13.26,-0.01,,,
116.43,REGROUND,-30.2,-1.19,-9.58,29.62,-0.01,0,0,,,,-0.4,-0.065,1.7,13.26,-0.01,,,
116.48,REGROUND,-30.24,-1.19,-9.58,29.63,-0.01,0,0,,,,-0.39,-0.064,2.4,13.26,-0.01,,,
116.53,REGROUND,-30.24,-1.19,-9.58,29.65,-0.01,0,0,,,,-0.4,-0.065,1.8,13.26,-0.01,,,
116.58,REGROUND,-30.28,-1.19,-9.58,29.66,-0.01,0,0,,,,-0.39,-0.064,2.4,13.26,-0.01,,,
116.63,REGROUND,-30.28,-1.19,-9.58,29.67,-0.01,0,0,,,,-0.4,-0.065,1.8,13.26,-0.01,,,
116.68,REGROUND,-30.32,-1.19,-9.58,29.68,-0.01,0,0,,,,-0.39,-0.064,2.3,13.26,-0.01,,,
116.73,REGROUND,-30.32,-1.19,-9.58,29.7,-0.01,0,0,,,,-0.4,-0.065,1.7,13.26,-0.01,,,
116.78,REGROUND,-30.36,-1.19,-9.58,29.71,-0.01,0,0,,,,-0.391,-0.064,2.5,13.26,-0.01,,,
116.83,REGROUND,-30.36,-1.19,-9.58,29.72,-0.01,0,0,,,,-0.401,-0.065,1.9,13.26,-0.01,,,
116.88,REGROUND,-30.4,-1.2,-9.58,29.73,-0.01,0,0,,,,-0.391,-0.064,2.6,13.26,-0.01,,,
116.93,REGROUND,-30.4,-1.2,-9.58,29.75,-0.01,0,0,,,,-0.401,-0.065,1.9,13.26,-0.01,,,
116.98,REGROUND,-30.44,-1.2,-9.58,29.76,-0.01,0,0,,,,-0.391,-0.063,2.5,13.26,-0.01,,,
117.03,REGROUND,-30.44,-1.2,-9.58,29.77,-0.01,0,0,,,,-0.401,-0.065,1.8,13.26,-0.01,,,
117.08,REGROUND,-30.48,-1.2,-9.58,29.78,-0.01,0,0,,,,-0.391,-0.063,2.5,13.26,-0.01,,,
117.13,REGROUND,-30.48,-1.2,-9.58,29.8,-0.01,0,0,,,,-0.401,-0.065,1.7,13.26,-0.01,,,
117.18,REGROUND,-30.52,-1.2,-9.58,29.81,-0.01,0,0,,,,-0.391,-0.063,2.4,13.26,-0.01,,,
117.23,REGROUND,-30.52,-1.2,-9.58,29.82,-0.01,0,0,,,,-0.401,-0.065,1.8,13.26,-0.01,,,
117.28,REGROUND,-30.56,-1.2,-9.58,29.83,-0.01,0,0,,,,-0.391,-0.063,2.4,13.26,-0.01,,,
117.33,REGROUND,-30.56,-1.2,-9.58,29.85,-0.01,0,0,,,,-0.401,-0.064,1.9,13.26,-0.01,,,
117.38,REGROUND,-30.6,-1.2,-9.58,29.86,-0.01,0,0,,,,-0.391,-0.063,2.3,13.26,-0.01,,,
117.43,REGROUND,-30.6,-1.2,-9.58,29.87,-0.01,0,0,,,,-0.401,-0.064,1.8,13.26,-0.01,,,
117.48,REGROUND,-30.64,-1.21,-9.58,29.88,-0.01,0,0,,,,-0.391,-0.062,2.5,13.26,-0.01,,,
117.53,REGROUND,-30.64,-1.21,-9.58,29.9,-0.01,0,0,,,,-0.401,-0.064,1.8,13.26,-0.01,,,
117.58,REGROUND,-30.68,-1.21,-9.58,29.91,-0.01,0,0,,,,-0.391,-0.062,2.5,13.26,-0.01,,,
117.63,REGROUND,-30.68,-1.21,-9.58,29.92,-0.01,0,0,,,,-0.401,-0.064,1.8,13.26,-0.01,,,
117.68,REGROUND,-30.72,-1.21,-9.58,29.93,-0.01,0,0,,,,-0.391,-0.062,2.3,13.26,-0.01,,,
117.73,REGROUND,-30.72,-1.21,-9.58,29.95,-0.01,0,0,,,,-0.401,-0.064,1.8,13.26,-0.01,,,
117.78,REGROUND,-30.76,-1.21,-9.58,29.96,-0.01,0,0,,,,-0.391,-0.062,2.4,13.26,-0.01,,,
117.83,REGROUND,-30.76,-1.21,-9.58,29.97,-0.01,0,0,,,,-0.401,-0.064,1.8,13.26,-0.01,,,
117.88,REGROUND,-30.8,-1.21,-9.58,29.98,-0.01,0,0,,,,-0.391,-0.062,2.2,13.26,-0.01,,,
117.93,REGROUND,-30.8,-1.21,-9.58,30.0,-0.01,0,0,,,,-0.401,-0.064,3.8,13.26,-0.01,,,
117.98,REGROUND,-30.84,-1.21,-9.58,30.01,-0.01,0,0,,,,-0.391,-0.062,2.5,13.26,-0.01,,,
118.03,REGROUND,-30.84,-1.21,-9.58,30.02,-0.01,0,0,,,,-0.4,-0.064,1.8,13.26,-0.01,,,
118.08,REGROUND,-30.88,-1.21,-9.58,30.03,-0.01,0,0,,,,-0.39,-0.063,2.5,13.26,-0.01,,,
118.13,REGROUND,-30.88,-1.21,-9.58,30.05,-0.01,0,0,,,,-0.4,-0.064,1.8,13.26,-0.01,,,
118.18,REGROUND,-30.92,-1.22,-9.58,30.06,-0.01,0,0,,,,-0.39,-0.063,2.5,13.26,-0.01,,,
118.23,REGROUND,-30.92,-1.22,-9.58,30.07,-0.01,0,0,,,,-0.4,-0.064,1.8,13.26,-0.01,,,
118.28,REGROUND,-30.96,-1.22,-9.58,30.08,-0.01,0,0,,,,-0.39,-0.063,2.5,13.26,-0.01,,,
118.33,REGROUND,-30.96,-1.22,-9.58,30.1,-0.01,0,0,,,,-0.4,-0.064,1.8,13.26,-0.01,,,
118.38,REGROUND,-31.0,-1.22,-9.58,30.11,-0.01,0,0,,,,-0.39,-0.063,2.5,13.26,-0.01,,,
118.43,REGROUND,-31.0,-1.22,-9.58,30.12,-0.01,0,0,,,,-0.4,-0.064,1.8,13.26,-0.01,,,
118.48,REGROUND,-31.04,-1.22,-9.58,30.13,-0.01,0,0,,,,-0.39,-0.063,2.3,13.26,-0.01,,,
118.53,REGROUND,-31.04,-1.22,-9.58,30.15,-0.01,0,0,,,,-0.399,-0.064,2.0,13.26,-0.01,,,
118.58,REGROUND,-31.08,-1.22,-9.58,30.16,-0.01,0,0,,,,-0.389,-0.063,2.4,13.26,-0.01,,,
118.63,REGROUND,-31.08,-1.22,-9.58,30.17,-0.01,0,0,,,,-0.399,-0.064,1.8,13.26,-0.01,,,
118.68,REGROUND,-31.12,-1.22,-9.58,30.18,-0.01,0,0,,,,-0.389,-0.063,2.6,13.26,-0.01,,,
118.73,REGROUND,-31.12,-1.22,-9.58,30.2,-0.01,0,0,,,,-0.399,-0.065,1.8,13.26,-0.01,,,
118.78,REGROUND,-31.16,-1.22,-9.58,30.21,-0.01,0,0,,,,-0.389,-0.063,2.5,13.26,-0.01,,,
118.83,REGROUND,-31.16,-1.22,-9.58,30.22,-0.01,0,0,,,,-0.399,-0.064,1.9,13.26,-0.01,,,
118.88,REGROUND,-31.2,-1.22,-9.58,30.23,-0.01,0,0,,,,-0.389,-0.063,2.5,13.26,-0.01,,,
118.93,REGROUND,-31.2,-1.22,-9.58,30.25,-0.01,0,0,,,,-0.398,-0.065,1.8,13.26,-0.01,,,
118.98,REGROUND,-31.24,-1.23,-9.58,30.26,-0.01,0,0,,,,-0.389,-0.063,2.5,13.26,-0.01,,,
119.03,REGROUND,-31.24,-1.23,-9.58,30.27,-0.01,0,0,,,,-0.398,-0.064,1.8,13.26,-0.01,,,
119.08,REGROUND,-31.28,-1.23,-9.58,30.28,-0.01,0,0,,,,-0.388,-0.063,2.2,13.26,-0.01,,,
119.13,REGROUND,-31.28,-1.23,-9.58,30.3,-0.01,0,0,,,,-0.398,-0.065,1.7,13.26,-0.01,,,
119.18,REGROUND,-31.32,-1.23,-9.58,30.31,-0.01,0,0,,,,-0.388,-0.063,2.4,13.26,-0.01,,,
119.23,REGROUND,-31.32,-1.23,-9.58,30.32,-0.01,0,0,,,,-0.398,-0.064,1.8,13.26,-0.01,,,
119.28,REGROUND,-31.36,-1.23,-9.58,30.34,-0.01,0,0,,,,-0.388,-0.063,2.4,13.26,-0.01,,,
119.33,REGROUND,-31.36,-1.23,-9.58,30.35,-0.01,0,0,,,,-0.398,-0.065,1.8,13.26,-0.01,,,
119.38,REGROUND,-31.4,-1.23,-9.58,30.36,-0.01,0,0,,,,-0.388,-0.063,2.5,13.26,-0.01,,,
119.43,REGROUND,-31.4,-1.23,-9.58,30.37,-0.01,0,0,,,,-0.398,-0.065,1.8,13.26,-0.01,,,
119.48,REGROUND,-31.44,-1.23,-9.58,30.39,-0.01,0,0,,,,-0.388,-0.063,2.5,13.26,-0.01,,,
119.53,REGROUND,-31.44,-1.23,-9.58,30.4,-0.01,0,0,,,,-0.398,-0.065,1.9,13.26,-0.01,,,
119.58,REGROUND,-31.48,-1.23,-9.58,30.41,-0.01,0,0,,,,-0.388,-0.063,2.6,13.26,-0.01,,,
119.63,REGROUND,-31.48,-1.23,-9.58,30.42,-0.01,0,0,,,,-0.398,-0.065,1.8,13.26,-0.01,,,
119.68,REGROUND,-31.52,-1.23,-9.58,30.44,-0.01,0,0,,,,-0.388,-0.063,2.3,13.26,-0.01,,,
119.73,REGROUND,-31.52,-1.23,-9.58,30.45,-0.01,0,0,,,,-0.398,-0.065,1.8,13.26,-0.01,,,
119.78,REGROUND,-31.56,-1.24,-9.58,30.46,-0.01,0,0,,,,-0.388,-0.063,2.5,13.26,-0.01,,,
119.83,REGROUND,-31.56,-1.24,-9.58,30.47,-0.01,0,0,,,,-0.398,-0.064,1.7,13.26,-0.01,,,
119.88,REGROUND,-31.6,-1.24,-9.58,30.49,-0.01,0,0,,,,-0.388,-0.063,2.4,13.26,-0.01,,,
119.93,REGROUND,-31.6,-1.24,-9.58,30.5,-0.01,0,0,,,,-0.398,-0.064,1.8,13.26,-0.01,,,
119.98,REGROUND,-31.64,-1.24,-9.58,30.51,-0.01,0,0,,,,-0.388,-0.063,2.4,13.26,-0.01,,,
120.03,REGROUND,-31.64,-1.24,-9.58,30.52,-0.01,0,0,,,,-0.398,-0.064,1.9,13.26,-0.01,,,
120.08,REGROUND,-31.68,-1.24,-9.58,30.54,-0.01,0,0,,,,-0.388,-0.062,2.6,13.26,-0.01,,,
120.13,REGROUND,-31.68,-1.24,-9.58,30.55,-0.01,0,0,,,,-0.398,-0.064,3.7,13.26,-0.01,,,
120.18,REGROUND,-31.72,-1.24,-9.58,30.56,-0.01,0,0,,,,-0.389,-0.062,2.5,13.26,-0.01,,,
120.23,REGROUND,-31.72,-1.24,-9.58,30.57,-0.01,0,0,,,,-0.398,-0.064,1.9,13.26,-0.01,,,
120.28,REGROUND,-31.76,-1.24,-9.58,30.59,-0.01,0,0,,,,-0.389,-0.062,2.6,13.26,-0.01,,,
120.33,REGROUND,-31.76,-1.24,-9.58,30.6,-0.01,0,0,,,,-0.399,-0.064,1.8,13.26,-0.01,,,
120.38,REGROUND,-31.8,-1.25,-9.58,30.61,-0.01,0,0,,,,-0.389,-0.062,2.5,13.26,-0.01,,,
120.43,REGROUND,-31.8,-1.25,-9.58,30.62,-0.01,0,0,,,,-0.399,-0.064,1.8,13.26,-0.01,,,
120.48,REGROUND,-31.84,-1.25,-9.58,30.64,-0.01,0,0,,,,-0.389,-0.062,2.3,13.26,-0.01,,,
120.53,REGROUND,-31.84,-1.25,-9.58,30.65,-0.01,0,0,,,,-0.399,-0.064,1.6,13.26,-0.01,,,
120.58,REGROUND,-31.88,-1.25,-9.58,30.66,-0.01,0,0,,,,-0.389,-0.062,2.4,13.26,-0.01,,,
120.63,REGROUND,-31.88,-1.25,-9.58,30.67,-0.01,0,0,,,,-0.399,-0.064,1.8,13.26,-0.01,,,
120.68,REGROUND,-31.92,-1.25,-9.58,30.69,-0.01,0,0,,,,-0.389,-0.062,2.4,13.26,-0.01,,,
120.73,REGROUND,-31.92,-1.25,-9.58,30.7,-0.01,0,0,,,,-0.399,-0.064,1.8,13.26,-0.01,,,
120.78,REGROUND,-31.96,-1.25,-9.58,30.71,-0.01,0,0,,,,-0.39,-0.062,2.3,13.26,-0.01,,,
120.83,REGROUND,-31.96,-1.25,-9.58,30.72,-0.01,0,0,,,,-0.4,-0.064,1.9,13.26,-0.01,,,
120.88,REGROUND,-32.0,-1.25,-9.58,30.74,-0.01,0,0,,,,-0.39,-0.062,2.5,13.26,-0.01,,,
120.93,REGROUND,-32.0,-1.25,-9.58,30.75,-0.01,0,0,,,,-0.4,-0.064,1.7,13.26,-0.01,,,
120.98,REGROUND,-32.04,-1.25,-9.58,30.76,-0.01,0,0,,,,-0.39,-0.062,2.5,13.26,-0.01,,,
121.03,REGROUND,-32.04,-1.25,-9.58,30.77,-0.01,0,0,,,,-0.4,-0.064,1.7,13.26,-0.01,,,
121.08,REGROUND,-32.08,-1.26,-9.58,30.79,-0.01,0,0,,,,-0.39,-0.062,2.6,13.26,-0.01,,,
121.13,REGROUND,-32.08,-1.26,-9.58,30.8,-0.01,0,0,,,,-0.4,-0.064,1.8,13.26,-0.01,,,
121.18,REGROUND,-32.11,-1.26,-9.58,30.81,-0.01,0,0,,,,-0.391,-0.063,2.5,13.26,-0.01,,,
121.23,REGROUND,-32.11,-1.26,-9.58,30.82,-0.01,0,0,,,,-0.401,-0.064,1.7,13.26,-0.01,,,
121.28,REGROUND,-32.15,-1.26,-9.58,30.84,-0.01,0,0,,,,-0.391,-0.063,2.4,13.26,-0.01,,,
121.34,REGROUND,-32.15,-1.26,-9.58,30.85,-0.01,0,0,,,,-0.401,-0.065,1.8,13.26,-0.01,,,
121.39,REGROUND,-32.19,-1.26,-9.58,30.86,-0.01,0,0,,,,-0.391,-0.063,2.4,13.26,-0.01,,,
121.44,REGROUND,-32.19,-1.26,-9.58,30.87,-0.01,0,0,,,,-0.401,-0.065,1.8,13.26,-0.01,,,
121.49,REGROUND,-32.23,-1.26,-9.58,30.89,-0.01,0,0,,,,-0.391,-0.064,2.6,13.26,-0.01,,,
121.54,REGROUND,-32.23,-1.26,-9.58,30.9,-0.01,0,0,,,,-0.401,-0.065,1.8,13.26,-0.01,,,
121.59,REGROUND,-32.27,-1.26,-9.58,30.91,-0.01,0,0,,,,-0.391,-0.064,2.6,13.26,-0.01,,,
121.64,REGROUND,-32.27,-1.26,-9.58,30.92,-0.01,0,0,,,,-0.401,-0.065,1.9,13.26,-0.01,,,
121.69,REGROUND,-32.31,-1.26,-9.58,30.94,-0.01,0,0,,,,-0.391,-0.064,2.3,13.26,-0.01,,,
121.74,REGROUND,-32.31,-1.26,-9.58,30.95,-0.01,0,0,,,,-0.4,-0.066,1.7,13.26,-0.01,,,
121.79,REGROUND,-32.35,-1.26,-9.58,30.96,-0.01,0,0,,,,-0.39,-0.064,2.5,13.26,-0.01,,,
121.84,REGROUND,-32.35,-1.26,-9.58,30.97,-0.01,0,0,,,,-0.4,-0.066,1.8,13.26,-0.01,,,
121.89,REGROUND,-32.4,-1.26,-9.58,30.99,-0.01,0,0,,,,-0.39,-0.064,2.5,13.26,-0.01,,,
121.94,REGROUND,-32.4,-1.26,-9.58,31.0,-0.01,0,0,,,,-0.4,-0.066,1.8,13.26,-0.01,,,
121.99,REGROUND,-32.44,-1.26,-9.58,31.01,-0.01,0,0,,,,-0.39,-0.064,2.4,13.26,-0.01,,,
122.04,REGROUND,-32.44,-1.26,-9.58,31.02,-0.01,0,0,,,,-0.4,-0.066,1.8,13.26,-0.01,,,
122.09,REGROUND,-32.48,-1.27,-9.58,31.04,-0.01,0,0,,,,-0.39,-0.065,2.3,13.26,-0.01,,,
122.14,REGROUND,-32.48,-1.27,-9.58,31.05,-0.01,0,0,,,,-0.4,-0.066,1.9,13.26,-0.01,,,
122.19,REGROUND,-32.51,-1.27,-9.58,31.06,-0.01,0,0,,,,-0.39,-0.065,2.5,13.26,-0.01,,,
122.24,REGROUND,-32.51,-1.27,-9.58,31.07,-0.01,0,0,,,,-0.4,-0.066,1.8,13.26,-0.01,,,
122.29,REGROUND,-32.55,-1.27,-9.58,31.09,-0.01,0,0,,,,-0.39,-0.065,4.5,13.26,-0.01,,,
122.34,REGROUND,-32.55,-1.27,-9.58,31.1,-0.01,0,0,,,,-0.4,-0.066,1.8,13.26,-0.01,,,
122.39,REGROUND,-32.59,-1.27,-9.58,31.11,-0.01,0,0,,,,-0.391,-0.065,2.6,13.26,-0.01,,,
122.44,REGROUND,-32.59,-1.27,-9.58,31.12,-0.01,0,0,,,,-0.401,-0.066,1.8,13.26,-0.01,,,
122.49,REGROUND,-32.63,-1.27,-9.58,31.14,-0.01,0,0,,,,-0.391,-0.065,2.5,13.26,-0.01,,,
122.54,REGROUND,-32.63,-1.27,-9.58,31.15,-0.01,0,0,,,,-0.401,-0.066,1.7,13.26,-0.01,,,
122.59,REGROUND,-32.67,-1.27,-9.58,31.16,-0.01,0,0,,,,-0.391,-0.064,2.3,13.26,-0.01,,,
122.64,REGROUND,-32.67,-1.27,-9.58,31.17,-0.01,0,0,,,,-0.401,-0.066,1.6,13.26,-0.01,,,
122.69,REGROUND,-32.71,-1.27,-9.58,31.19,-0.01,0,0,,,,-0.39,-0.064,2.3,13.26,-0.01,,,
122.74,REGROUND,-32.71,-1.27,-9.58,31.2,-0.01,0,0,,,,-0.4,-0.066,1.8,13.26,-0.01,,,
122.79,REGROUND,-32.75,-1.28,-9.58,31.21,-0.01,0,0,,,,-0.39,-0.064,2.4,13.26,-0.01,,,
122.84,REGROUND,-32.75,-1.28,-9.58,31.22,-0.01,0,0,,,,-0.4,-0.066,1.8,13.26,-0.01,,,
122.89,REGROUND,-32.79,-1.28,-9.58,31.24,-0.01,0,0,,,,-0.39,-0.064,2.6,13.26,-0.01,,,
122.94,REGROUND,-32.79,-1.28,-9.58,31.25,-0.01,0,0,,,,-0.4,-0.066,1.8,13.26,-0.01,,,
122.99,REGROUND,-32.83,-1.28,-9.58,31.26,-0.01,0,0,,,,-0.39,-0.064,2.5,13.26,-0.01,,,
123.04,REGROUND,-32.83,-1.28,-9.58,31.27,-0.01,0,0,,,,-0.4,-0.065,1.8,13.26,-0.01,,,
123.09,REGROUND,-32.87,-1.28,-9.58,31.29,-0.01,0,0,,,,-0.39,-0.064,2.5,13.26,-0.01,,,
123.14,REGROUND,-32.87,-1.28,-9.58,31.3,-0.01,0,0,,,,-0.4,-0.065,1.8,13.26,-0.01,,,
123.19,REGROUND,-32.92,-1.28,-9.58,31.31,-0.01,0,0,,,,-0.39,-0.063,2.9,13.26,-0.01,,,
123.24,REGROUND,-32.92,-1.28,-9.58,31.32,-0.01,0,0,,,,-0.4,-0.065,2.1,13.26,-0.01,,,
123.29,REGROUND,-32.96,-1.28,-9.58,31.34,-0.01,0,0,,,,-0.39,-0.063,2.4,13.26,-0.01,,,
123.34,REGROUND,-32.96,-1.28,-9.58,31.35,-0.01,0,0,,,,-0.4,-0.065,1.8,13.26,-0.01,,,
123.39,REGROUND,-33.0,-1.29,-9.58,31.36,-0.01,0,0,,,,-0.39,-0.063,2.4,13.26,-0.01,,,
123.44,REGROUND,-33.0,-1.29,-9.58,31.37,-0.01,0,0,,,,-0.4,-0.064,1.8,13.26,-0.01,,,
123.49,REGROUND,-33.04,-1.29,-9.58,31.39,-0.01,0,0,,,,-0.389,-0.063,2.5,13.26,-0.01,,,
123.54,REGROUND,-33.04,-1.29,-9.58,31.4,-0.01,0,0,,,,-0.399,-0.064,1.8,13.26,-0.01,,,
123.59,REGROUND,-33.08,-1.29,-9.58,31.41,-0.01,0,0,,,,-0.389,-0.062,2.3,13.26,-0.01,,,
123.64,REGROUND,-33.08,-1.29,-9.58,31.42,-0.01,0,0,,,,-0.399,-0.064,1.8,13.26,-0.01,,,
123.69,REGROUND,-33.12,-1.29,-9.58,31.44,-0.01,0,0,,,,-0.389,-0.062,2.4,13.26,-0.01,,,
123.74,REGROUND,-33.12,-1.29,-9.58,31.45,-0.01,0,0,,,,-0.399,-0.064,1.9,13.26,-0.01,,,
123.79,REGROUND,-33.16,-1.29,-9.58,31.46,-0.01,0,0,,,,-0.389,-0.062,2.4,13.26,-0.01,,,
123.84,REGROUND,-33.16,-1.29,-9.58,31.47,-0.01,0,0,,,,-0.399,-0.064,1.8,13.26,-0.01,,,
123.89,REGROUND,-33.2,-1.29,-9.58,31.49,-0.01,0,0,,,,-0.389,-0.062,2.3,13.26,-0.01,,,
123.94,REGROUND,-33.2,-1.29,-9.58,31.5,-0.01,0,0,,,,-0.399,-0.064,1.9,13.26,-0.01,,,
123.99,REGROUND,-33.24,-1.3,-9.58,31.51,-0.01,0,0,,,,-0.389,-0.062,2.4,13.26,-0.01,,,
124.04,REGROUND,-33.24,-1.3,-9.58,31.52,-0.01,0,0,,,,-0.399,-0.063,1.7,13.26,-0.01,,,
124.09,REGROUND,-33.28,-1.3,-9.58,31.54,-0.01,0,0,,,,-0.389,-0.062,2.3,13.26,-0.01,,,
124.14,REGROUND,-33.28,-1.3,-9.58,31.55,-0.01,0,0,,,,-0.399,-0.063,2.0,13.26,-0.01,,,
124.19,REGROUND,-33.32,-1.3,-9.58,31.56,-0.01,0,0,,,,-0.389,-0.062,2.4,13.26,-0.01,,,
124.24,REGROUND,-33.32,-1.3,-9.58,31.57,-0.01,0,0,,,,-0.399,-0.063,1.5,13.26,-0.01,,,
124.29,REGROUND,-33.36,-1.3,-9.58,31.59,-0.01,0,0,,,,-0.389,-0.062,2.4,13.26,-0.01,,,
124.34,REGROUND,-33.36,-1.3,-9.58,31.6,-0.01,0,0,,,,-0.399,-0.064,1.8,13.26,-0.01,,,
124.39,REGROUND,-33.4,-1.3,-9.58,31.61,-0.01,0,0,,,,-0.389,-0.062,2.6,13.26,-0.01,,,
124.44,REGROUND,-33.4,-1.3,-9.58,31.62,-0.01,0,0,,,,-0.399,-0.064,3.7,13.26,-0.01,,,
124.49,REGROUND,-33.44,-1.3,-9.58,31.64,-0.01,0,0,,,,-0.389,-0.062,2.5,13.26,-0.01,,,
124.54,REGROUND,-33.44,-1.3,-9.58,31.65,-0.01,0,0,,,,-0.399,-0.064,1.8,13.26,-0.01,,,
124.59,REGROUND,-33.48,-1.3,-9.58,31.66,-0.01,0,0,,,,-0.389,-0.062,2.5,13.26,-0.01,,,
124.64,REGROUND,-33.48,-1.3,-9.58,31.67,-0.01,0,0,,,,-0.399,-0.064,1.8,13.26,-0.01,,,
124.69,REGROUND,-33.52,-1.3,-9.58,31.69,-0.01,0,0,,,,-0.389,-0.063,2.4,13.26,-0.01,,,
124.74,REGROUND,-33.52,-1.3,-9.58,31.7,-0.01,0,0,,,,-0.399,-0.064,1.8,13.26,-0.01,,,
124.79,REGROUND,-33.56,-1.31,-9.58,31.71,-0.01,0,0,,,,-0.389,-0.063,2.6,13.26,-0.01,,,
124.84,REGROUND,-33.56,-1.31,-9.58,31.72,-0.01,0,0,,,,-0.399,-0.064,1.8,13.26,-0.01,,,
124.89,REGROUND,-33.6,-1.31,-9.58,31.74,-0.01,0,0,,,,-0.389,-0.063,2.2,13.26,-0.01,,,
124.94,REGROUND,-33.6,-1.31,-9.58,31.75,-0.01,0,0,,,,-0.399,-0.064,1.8,13.26,-0.01,,,
124.99,REGROUND,-33.64,-1.31,-9.58,31.76,-0.01,0,0,,,,-0.389,-0.063,2.3,13.26,-0.01,,,
125.04,REGROUND,-33.64,-1.31,-9.58,31.77,-0.01,0,0,,,,-0.399,-0.065,1.7,13.26,-0.01,,,
125.09,REGROUND,-33.68,-1.31,-9.58,31.79,-0.01,0,0,,,,-0.389,-0.063,2.6,13.26,-0.01,,,
125.14,REGROUND,-33.68,-1.31,-9.58,31.8,-0.01,0,0,,,,-0.399,-0.065,1.9,13.26,-0.01,,,
125.19,REGROUND,-33.72,-1.31,-9.58,31.81,-0.01,0,0,,,,-0.389,-0.063,2.5,13.26,-0.01,,,
125.24,REGROUND,-33.72,-1.31,-9.58,31.82,-0.01,0,0,,,,-0.399,-0.065,1.8,13.26,-0.01,,,
125.29,REGROUND,-33.76,-1.31,-9.58,31.84,-0.01,0,0,,,,-0.389,-0.063,2.6,13.26,-0.01,,,
125.34,REGROUND,-33.76,-1.31,-9.58,31.85,-0.01,0,0,,,,-0.399,-0.065,1.8,13.26,-0.01,,,
125.39,REGROUND,-33.8,-1.31,-9.58,31.86,-0.01,0,0,,,,-0.389,-0.063,2.5,13.26,-0.01,,,
125.44,REGROUND,-33.8,-1.31,-9.58,31.87,-0.01,0,0,,,,-0.399,-0.065,1.8,13.26,-0.01,,,
125.49,REGROUND,-33.84,-1.31,-9.58,31.89,-0.01,0,0,,,,-0.389,-0.064,2.5,13.26,-0.01,,,
125.54,REGROUND,-33.84,-1.31,-9.58,31.9,-0.01,0,0,,,,-0.399,-0.065,1.8,13.26,-0.01,,,
125.59,REGROUND,-33.88,-1.32,-9.58,31.91,-0.01,0,0,,,,-0.389,-0.064,2.4,13.26,-0.01,,,
125.64,REGROUND,-33.88,-1.32,-9.58,31.92,-0.01,0,0,,,,-0.399,-0.065,1.8,13.26,-0.01,,,
125.69,REGROUND,-33.92,-1.32,-9.58,31.94,-0.01,0,0,,,,-0.389,-0.064,2.4,13.26,-0.01,,,
125.74,REGROUND,-33.92,-1.32,-9.58,31.95,-0.01,0,0,,,,-0.399,-0.065,1.8,13.26,-0.01,,,
125.79,REGROUND,-33.96,-1.32,-9.58,31.96,-0.01,0,0,,,,-0.389,-0.064,2.3,13.26,-0.01,,,
125.84,REGROUND,-33.96,-1.32,-9.58,31.97,-0.01,0,0,,,,-0.399,-0.065,1.7,13.26,-0.01,,,
125.89,REGROUND,-34.0,-1.32,-9.58,31.99,-0.01,0,0,,,,-0.389,-0.064,2.5,13.26,-0.01,,,
125.94,REGROUND,-34.0,-1.32,-9.58,32.0,-0.01,0,0,,,,-0.399,-0.065,1.9,13.26,-0.01,,,
125.99,REGROUND,-34.04,-1.32,-9.58,32.01,-0.01,0,0,,,,-0.389,-0.064,2.4,13.26,-0.01,,,
126.04,REGROUND,-34.04,-1.32,-9.58,32.02,-0.01,0,0,,,,-0.399,-0.065,1.8,13.26,-0.01,,,
126.09,REGROUND,-34.08,-1.32,-9.58,32.04,-0.01,0,0,,,,-0.389,-0.064,2.2,13.26,-0.01,,,
126.14,REGROUND,-34.08,-1.32,-9.58,32.05,-0.01,0,0,,,,-0.399,-0.065,1.9,13.26,-0.01,,,
126.19,REGROUND,-34.12,-1.32,-9.58,32.06,-0.01,0,0,,,,-0.389,-0.063,2.5,13.26,-0.01,,,
126.24,REGROUND,-34.12,-1.32,-9.58,32.08,-0.01,0,0,,,,-0.399,-0.065,1.7,13.26,-0.01,,,
126.29,REGROUND,-34.16,-1.33,-9.58,32.09,-0.01,0,0,,,,-0.389,-0.063,2.3,13.26,-0.01,,,
126.34,REGROUND,-34.16,-1.33,-9.58,32.1,-0.01,0,0,,,,-0.399,-0.065,1.8,13.26,-0.01,,,
126.39,REGROUND,-34.19,-1.33,-9.58,32.11,-0.01,0,0,,,,-0.39,-0.063,2.4,13.26,-0.01,,,
126.44,REGROUND,-34.19,-1.33,-9.58,32.13,-0.01,0,0,,,,-0.4,-0.065,1.7,13.26,-0.01,,,
126.49,REGROUND,-34.23,-1.33,-9.58,32.14,-0.01,0,0,,,,-0.39,-0.063,2.3,13.26,-0.01,,,
126.54,REGROUND,-34.23,-1.33,-9.58,32.15,-0.01,0,0,,,,-0.4,-0.065,1.9,13.26,-0.01,,,
126.59,REGROUND,-34.27,-1.33,-9.58,32.16,-0.01,0,0,,,,-0.39,-0.063,2.4,13.26,-0.01,,,
126.64,REGROUND,-34.27,-1.33,-9.58,32.18,-0.01,0,0,,,,-0.4,-0.064,3.9,13.26,-0.01,,,
126.69,REGROUND,-34.31,-1.33,-9.58,32.19,-0.01,0,0,,,,-0.39,-0.063,2.5,13.26,-0.01,,,
126.74,REGROUND,-34.31,-1.33,-9.58,32.2,-0.01,0,0,,,,-0.4,-0.064,1.9,13.26,-0.01,,,
126.79,REGROUND,-34.35,-1.33,-9.58,32.21,-0.01,0,0,,,,-0.39,-0.063,2.5,13.26,-0.01,,,
126.84,REGROUND,-34.35,-1.33,-9.58,32.23,-0.01,0,0,,,,-0.4,-0.064,1.8,13.26,-0.01,,,
126.89,REGROUND,-34.39,-1.34,-9.58,32.24,-0.01,0,0,,,,-0.391,-0.063,2.5,13.26,-0.01,,,
126.94,REGROUND,-34.39,-1.34,-9.58,32.25,-0.01,0,0,,,,-0.4,-0.064,1.7,13.26,-0.01,,,
126.99,REGROUND,-34.43,-1.34,-9.58,32.26,-0.01,0,0,,,,-0.391,-0.062,2.4,13.26,-0.01,,,
127.04,REGROUND,-34.43,-1.34,-9.58,32.28,-0.01,0,0,,,,-0.401,-0.064,1.7,13.26,-0.01,,,
127.09,REGROUND,-34.47,-1.34,-9.58,32.29,-0.01,0,0,,,,-0.391,-0.063,2.5,13.26,-0.01,,,
127.14,REGROUND,-34.47,-1.34,-9.58,32.3,-0.01,0,0,,,,-0.401,-0.064,1.8,13.26,-0.01,,,
127.19,REGROUND,-34.51,-1.34,-9.58,32.31,-0.01,0,0,,,,-0.391,-0.063,2.3,13.26,-0.01,,,
127.24,REGROUND,-34.51,-1.34,-9.58,32.33,-0.01,0,0,,,,-0.401,-0.064,1.8,13.26,-0.01,,,
127.29,REGROUND,-34.55,-1.34,-9.58,32.34,-0.01,0,0,,,,-0.391,-0.063,2.3,13.26,-0.01,,,
127.34,REGROUND,-34.55,-1.34,-9.58,32.35,-0.01,0,0,,,,-0.401,-0.064,1.9,13.26,-0.01,,,
127.39,REGROUND,-34.59,-1.34,-9.58,32.36,-0.01,0,0,,,,-0.391,-0.063,2.4,13.26,-0.01,,,
127.44,REGROUND,-34.59,-1.34,-9.58,32.38,-0.01,0,0,,,,-0.401,-0.064,1.9,13.26,-0.01,,,
127.49,REGROUND,-34.63,-1.34,-9.58,32.39,-0.01,0,0,,,,-0.391,-0.063,2.5,13.26,-0.01,,,
127.54,REGROUND,-34.63,-1.34,-9.58,32.4,-0.01,0,0,,,,-0.4,-0.064,2.0,13.26,-0.01,,,
127.59,REGROUND,-34.67,-1.35,-9.58,32.41,-0.01,0,0,,,,-0.391,-0.063,2.5,13.26,-0.01,,,
127.64,REGROUND,-34.67,-1.35,-9.58,32.43,-0.01,0,0,,,,-0.401,-0.064,1.8,13.26,-0.01,,,
127.69,REGROUND,-34.71,-1.35,-9.58,32.44,-0.01,0,0,,,,-0.391,-0.063,2.4,13.26,-0.01,,,
127.74,REGROUND,-34.71,-1.35,-9.58,32.45,-0.01,0,0,,,,-0.4,-0.065,1.7,13.26,-0.01,,,
127.79,REGROUND,-34.75,-1.35,-9.58,32.46,-0.01,0,0,,,,-0.391,-0.063,2.4,13.26,-0.01,,,
127.84,REGROUND,-34.75,-1.35,-9.58,32.48,-0.01,0,0,,,,-0.4,-0.065,1.8,13.26,-0.01,,,
127.89,REGROUND,-34.79,-1.35,-9.58,32.49,-0.01,0,0,,,,-0.39,-0.063,2.4,13.26,-0.01,,,
127.94,REGROUND,-34.79,-1.35,-9.58,32.5,-0.01,0,0,,,,-0.4,-0.065,1.8,13.26,-0.01,,,
127.99,REGROUND,-34.83,-1.35,-9.58,32.51,-0.01,0,0,,,,-0.39,-0.063,2.3,13.26,-0.01,,,
128.04,REGROUND,-34.83,-1.35,-9.58,32.53,-0.01,0,0,,,,-0.4,-0.065,1.8,13.26,-0.01,,,
128.09,REGROUND,-34.87,-1.35,-9.58,32.54,-0.01,0,0,,,,-0.39,-0.063,2.5,13.26,-0.01,,,
128.14,REGROUND,-34.87,-1.35,-9.58,32.55,-0.01,0,0,,,,-0.4,-0.065,1.9,13.26,-0.01,,,
128.19,REGROUND,-34.91,-1.35,-9.58,32.56,-0.01,0,0,,,,-0.39,-0.063,2.5,13.26,-0.01,,,
128.24,REGROUND,-34.91,-1.35,-9.58,32.58,-0.01,0,0,,,,-0.4,-0.065,1.7,13.26,-0.01,,,
128.29,REGROUND,-34.95,-1.35,-9.58,32.59,-0.01,0,0,,,,-0.39,-0.063,2.5,13.26,-0.01,,,
128.34,REGROUND,-34.95,-1.35,-9.58,32.6,-0.01,0,0,,,,-0.399,-0.065,1.9,13.26,-0.01,,,
128.39,REGROUND,-34.99,-1.36,-9.58,32.61,-0.01,0,0,,,,-0.39,-0.063,2.6,13.26,-0.01,,,
128.44,REGROUND,-34.99,-1.36,-9.58,32.63,-0.01,0,0,,,,-0.399,-0.065,1.8,13.26,-0.01,,,
128.5,REGROUND,-35.03,-1.36,-9.58,32.64,-0.01,0,0,,,,-0.39,-0.063,2.4,13.26,-0.01,,,
128.55,REGROUND,-35.03,-1.36,-9.58,32.65,-0.01,0,0,,,,-0.399,-0.065,1.8,13.26,-0.01,,,
128.6,REGROUND,-35.07,-1.36,-9.58,32.66,-0.01,0,0,,,,-0.389,-0.063,2.4,13.26,-0.01,,,
128.65,REGROUND,-35.07,-1.36,-9.58,32.68,-0.01,0,0,,,,-0.399,-0.065,1.9,13.26,-0.01,,,
128.7,REGROUND,-35.11,-1.36,-9.58,32.69,-0.01,0,0,,,,-0.389,-0.063,2.4,13.26,-0.01,,,
128.75,REGROUND,-35.11,-1.36,-9.58,32.7,-0.01,0,0,,,,-0.399,-0.065,1.8,13.26,-0.01,,,
128.8,REGROUND,-35.15,-1.36,-9.58,32.71,-0.01,0,0,,,,-0.389,-0.063,4.0,13.26,-0.01,,,
128.85,REGROUND,-35.15,-1.36,-9.58,32.73,-0.01,0,0,,,,-0.399,-0.065,1.8,13.26,-0.01,,,
128.9,REGROUND,-35.2,-1.36,-9.58,32.74,-0.01,0,0,,,,-0.389,-0.063,2.5,13.26,-0.01,,,
128.95,REGROUND,-35.2,-1.36,-9.58,32.75,-0.01,0,0,,,,-0.398,-0.065,1.8,13.26,-0.01,,,
129.0,REGROUND,-35.24,-1.36,-9.58,32.76,-0.01,0,0,,,,-0.388,-0.063,2.5,13.26,-0.01,,,
129.05,REGROUND,-35.24,-1.36,-9.58,32.78,-0.01,0,0,,,,-0.398,-0.065,1.8,13.26,-0.01,,,
129.1,REGROUND,-35.28,-1.36,-9.58,32.79,-0.01,0,0,,,,-0.388,-0.063,2.5,13.26,-0.01,,,
129.15,REGROUND,-35.28,-1.36,-9.58,32.8,-0.01,0,0,,,,-0.398,-0.065,1.8,13.26,-0.01,,,
129.2,REGROUND,-35.32,-1.37,-9.58,32.81,-0.01,0,0,,,,-0.388,-0.063,2.5,13.26,-0.01,,,
129.25,REGROUND,-35.32,-1.37,-9.58,32.83,-0.01,0,0,,,,-0.398,-0.065,1.8,13.26,-0.01,,,
129.3,REGROUND,-35.36,-1.37,-9.58,32.84,-0.01,0,0,,,,-0.388,-0.063,2.4,13.26,-0.01,,,
129.35,REGROUND,-35.36,-1.37,-9.58,32.85,-0.01,0,0,,,,-0.398,-0.065,1.9,13.26,-0.01,,,
129.4,REGROUND,-35.4,-1.37,-9.58,32.86,-0.01,0,0,,,,-0.388,-0.063,2.4,13.26,-0.01,,,
129.45,REGROUND,-35.4,-1.37,-9.58,32.88,-0.01,0,0,,,,-0.398,-0.065,1.8,13.26,-0.01,,,
129.5,REGROUND,-35.43,-1.37,-9.58,32.89,-0.01,0,0,,,,-0.388,-0.063,2.7,13.26,-0.01,,,
129.55,REGROUND,-35.47,-1.37,-9.58,32.9,-0.01,0,0,,,,-0.379,-0.061,2.5,13.26,-0.01,,,
129.6,REGROUND,-35.47,-1.37,-9.58,32.91,-0.01,0,0,,,,-0.389,-0.063,1.8,13.26,-0.01,,,
129.65,REGROUND,-35.47,-1.37,-9.58,32.93,-0.01,0,0,,,,-0.399,-0.065,1.9,13.26,-0.01,,,
129.7,REGROUND,-35.51,-1.37,-9.58,32.94,-0.01,0,0,,,,-0.389,-0.063,3.1,13.26,-0.01,,,
129.75,REGROUND,-35.51,-1.37,-9.58,32.95,-0.01,0,0,,,,-0.399,-0.065,2.2,13.26,-0.01,,,
129.8,REGROUND,-35.55,-1.38,-9.58,32.96,-0.01,0,0,,,,-0.389,-0.063,2.3,13.26,-0.01,,,
129.85,REGROUND,-35.55,-1.38,-9.58,32.98,-0.01,0,0,,,,-0.399,-0.064,1.8,13.26,-0.01,,,
129.9,REGROUND,-35.59,-1.38,-9.58,32.99,-0.01,0,0,,,,-0.389,-0.063,2.5,13.26,-0.01,,,
129.95,REGROUND,-35.59,-1.38,-9.58,33.0,-0.01,0,0,,,,-0.399,-0.064,1.8,13.26,-0.01,,,
130.0,REGROUND,-35.63,-1.38,-9.58,33.01,-0.01,0,0,,,,-0.389,-0.062,3.1,13.26,-0.01,,,
130.05,REGROUND,-35.67,-1.38,-9.58,33.03,-0.01,0,0,,,,-0.38,-0.061,2.9,13.26,-0.01,,,
130.1,REGROUND,-35.67,-1.38,-9.58,33.04,-0.01,0,0,,,,-0.389,-0.062,2.0,13.26,-0.01,,,
130.15,REGROUND,-35.71,-1.38,-9.58,33.05,-0.01,0,0,,,,-0.38,-0.061,3.1,13.26,-0.01,,,
130.2,REGROUND,-35.71,-1.38,-9.58,33.06,-0.01,0,0,,,,-0.39,-0.062,1.9,13.26,-0.01,,,
130.25,REGROUND,-35.71,-1.38,-9.58,33.08,-0.01,0,0,,,,-0.399,-0.064,1.9,13.26,-0.01,,,
130.3,REGROUND,-35.75,-1.38,-9.58,33.09,-0.01,0,0,,,,-0.39,-0.062,2.3,13.26,-0.01,,,
130.35,REGROUND,-35.75,-1.38,-9.58,33.1,-0.01,0,0,,,,-0.399,-0.064,1.8,13.26,-0.01,,,
130.4,REGROUND,-35.79,-1.38,-9.58,33.11,-0.01,0,0,,,,-0.39,-0.062,2.3,13.26,-0.01,,,
130.45,REGROUND,-35.79,-1.38,-9.58,33.13,-0.01,0,0,,,,-0.4,-0.064,1.9,13.26,-0.01,,,
130.5,REGROUND,-35.83,-1.39,-9.58,33.14,-0.01,0,0,,,,-0.39,-0.063,2.5,13.26,-0.01,,,
130.55,REGROUND,-35.83,-1.39,-9.58,33.15,-0.01,0,0,,,,-0.4,-0.064,1.8,13.26,-0.01,,,
130.6,REGROUND,-35.87,-1.39,-9.58,33.16,-0.01,0,0,,,,-0.39,-0.063,2.5,13.26,-0.01,,,
130.65,REGROUND,-35.91,-1.39,-9.58,33.18,-0.01,0,0,,,,-0.381,-0.061,2.5,13.26,-0.01,,,
130.7,REGROUND,-35.91,-1.39,-9.58,33.19,-0.01,0,0,,,,-0.39,-0.063,1.8,13.26,-0.01,,,
130.75,REGROUND,-35.95,-1.39,-9.58,33.2,-0.01,0,0,,,,-0.381,-0.061,2.8,13.26,-0.01,,,
130.8,REGROUND,-35.95,-1.39,-9.58,33.21,-0.01,0,0,,,,-0.391,-0.063,2.0,13.26,-0.01,,,
130.85,REGROUND,-35.99,-1.39,-9.58,33.23,-0.01,0,0,,,,-0.381,-0.061,2.5,13.26,-0.01,,,
130.9,REGROUND,-35.99,-1.39,-9.58,33.24,-0.01,0,0,,,,-0.391,-0.063,1.8,13.26,-0.01,,,
130.95,REGROUND,-35.99,-1.39,-9.58,33.25,-0.01,0,0,,,,-0.401,-0.065,1.9,13.26,-0.01,,,
131.0,REGROUND,-36.03,-1.39,-9.58,33.26,-0.01,0,0,,,,-0.391,-0.063,4.9,13.26,-0.01,,,
131.05,REGROUND,-36.03,-1.39,-9.58,33.28,-0.01,0,0,,,,-0.401,-0.065,2.2,13.26,-0.01,,,
131.1,REGROUND,-36.07,-1.39,-9.58,33.29,-0.01,0,0,,,,-0.391,-0.063,2.4,13.26,-0.01,,,
131.15,REGROUND,-36.07,-1.39,-9.58,33.3,-0.01,0,0,,,,-0.401,-0.065,1.8,13.26,-0.01,,,
131.2,REGROUND,-36.11,-1.39,-9.58,33.31,-0.01,0,0,,,,-0.392,-0.063,2.5,13.26,-0.01,,,
131.25,REGROUND,-36.15,-1.39,-9.58,33.33,-0.01,0,0,,,,-0.382,-0.062,2.4,13.26,-0.01,,,
131.3,REGROUND,-36.15,-1.39,-9.58,33.34,-0.01,0,0,,,,-0.392,-0.064,1.8,13.26,-0.01,,,
131.35,REGROUND,-36.19,-1.4,-9.58,33.35,-0.01,0,0,,,,-0.382,-0.062,2.5,13.26,-0.01,,,
131.4,REGROUND,-36.19,-1.4,-9.58,33.36,-0.01,0,0,,,,-0.392,-0.064,1.8,13.26,-0.01,,,
131.45,REGROUND,-36.23,-1.4,-9.58,33.38,-0.01,0,0,,,,-0.383,-0.062,2.6,13.26,-0.01,,,
131.5,REGROUND,-36.23,-1.4,-9.58,33.39,-0.01,0,0,,,,-0.393,-0.064,2.3,13.26,-0.01,,,
131.55,REGROUND,-36.26,-1.4,-9.58,33.4,-0.01,0,0,,,,-0.383,-0.062,2.8,13.26,-0.01,,,
131.6,REGROUND,-36.26,-1.4,-9.58,33.41,-0.01,0,0,,,,-0.393,-0.064,1.7,13.26,-0.01,,,
131.65,REGROUND,-36.26,-1.4,-9.58,33.43,-0.01,0,0,,,,-0.403,-0.066,1.9,13.26,-0.01,,,
131.7,REGROUND,-36.3,-1.4,-9.58,33.44,-0.01,0,0,,,,-0.393,-0.064,2.8,13.26,-0.01,,,
131.75,REGROUND,-36.3,-1.4,-9.58,33.45,-0.01,0,0,,,,-0.403,-0.066,1.8,13.26,-0.01,,,
131.8,REGROUND,-36.34,-1.4,-9.58,33.46,-0.01,0,0,,,,-0.394,-0.064,2.5,13.26,-0.01,,,
131.85,REGROUND,-36.38,-1.4,-9.58,33.48,-0.01,0,0,,,,-0.384,-0.063,2.3,13.26,-0.01,,,
131.9,REGROUND,-36.38,-1.4,-9.58,33.49,-0.01,0,0,,,,-0.394,-0.064,1.9,13.26,-0.01,,,
131.95,REGROUND,-36.42,-1.4,-9.58,33.5,-0.01,0,0,,,,-0.385,-0.063,2.5,13.26,-0.01,,,
132.0,REGROUND,-36.42,-1.4,-9.58,33.51,-0.01,0,0,,,,-0.394,-0.064,1.9,13.26,-0.01,,,
132.05,REGROUND,-36.46,-1.41,-9.58,33.53,-0.01,0,0,,,,-0.385,-0.063,2.5,13.26,-0.01,,,
132.1,REGROUND,-36.46,-1.41,-9.58,33.54,-0.01,0,0,,,,-0.394,-0.064,1.8,13.26,-0.01,,,
132.15,REGROUND,-36.5,-1.41,-9.58,33.55,-0.01,0,0,,,,-0.385,-0.063,2.5,13.26,-0.01,,,
132.2,REGROUND,-36.5,-1.41,-9.58,33.56,-0.01,0,0,,,,-0.395,-0.064,1.8,13.26,-0.01,,,
132.25,REGROUND,-36.54,-1.41,-9.58,33.58,-0.01,0,0,,,,-0.385,-0.063,2.4,13.26,-0.01,,,
132.3,REGROUND,-36.54,-1.41,-9.58,33.59,-0.01,0,0,,,,-0.395,-0.064,1.8,13.26,-0.01,,,
132.35,REGROUND,-36.54,-1.41,-9.58,33.6,-0.01,0,0,,,,-0.404,-0.066,1.8,13.26,-0.01,,,
132.4,REGROUND,-36.58,-1.41,-9.58,33.61,-0.01,0,0,,,,-0.395,-0.064,2.4,13.26,-0.01,,,
132.45,REGROUND,-36.62,-1.41,-9.58,33.63,-0.01,0,0,,,,-0.385,-0.063,2.3,13.26,-0.01,,,
132.5,REGROUND,-36.62,-1.41,-9.58,33.64,-0.01,0,0,,,,-0.395,-0.064,1.8,13.26,-0.01,,,
132.55,REGROUND,-36.66,-1.41,-9.58,33.65,-0.01,0,0,,,,-0.385,-0.062,2.3,13.26,-0.01,,,
132.6,REGROUND,-36.66,-1.41,-9.58,33.66,-0.01,0,0,,,,-0.395,-0.064,1.8,13.26,-0.01,,,
132.65,REGROUND,-36.7,-1.41,-9.58,33.68,-0.01,0,0,,,,-0.385,-0.062,2.5,13.26,-0.01,,,
132.7,REGROUND,-36.7,-1.41,-9.58,33.69,-0.01,0,0,,,,-0.395,-0.064,1.9,13.26,-0.01,,,
132.75,REGROUND,-36.74,-1.42,-9.58,33.7,-0.01,0,0,,,,-0.385,-0.062,2.5,13.26,-0.01,,,
132.8,REGROUND,-36.74,-1.42,-9.58,33.71,-0.01,0,0,,,,-0.395,-0.064,1.8,13.26,-0.01,,,
132.85,REGROUND,-36.78,-1.42,-9.58,33.73,-0.01,0,0,,,,-0.385,-0.062,2.6,13.26,-0.01,,,
132.9,REGROUND,-36.78,-1.42,-9.58,33.74,-0.01,0,0,,,,-0.395,-0.064,1.8,13.26,-0.01,,,
132.95,REGROUND,-36.82,-1.42,-9.58,33.75,-0.01,0,0,,,,-0.386,-0.062,2.5,13.26,-0.01,,,
133.0,REGROUND,-36.82,-1.42,-9.58,33.76,-0.01,0,0,,,,-0.395,-0.063,1.8,13.26,-0.01,,,
133.05,REGROUND,-36.86,-1.42,-9.58,33.78,-0.01,0,0,,,,-0.385,-0.062,2.4,13.26,-0.01,,,
133.1,REGROUND,-36.86,-1.42,-9.58,33.79,-0.01,0,0,,,,-0.395,-0.063,1.8,13.26,-0.01,,,
133.15,REGROUND,-36.9,-1.42,-9.58,33.8,-0.01,0,0,,,,-0.386,-0.061,2.4,13.26,-0.01,,,
133.2,REGROUND,-36.9,-1.42,-9.58,33.81,-0.01,0,0,,,,-0.395,-0.063,3.5,13.26,-0.01,,,
133.25,REGROUND,-36.94,-1.42,-9.58,33.83,-0.01,0,0,,,,-0.386,-0.061,2.4,13.26,-0.01,,,
133.3,REGROUND,-36.94,-1.42,-9.58,33.84,-0.01,0,0,,,,-0.395,-0.063,1.8,13.26,-0.01,,,
133.35,REGROUND,-36.98,-1.43,-9.58,33.85,-0.01,0,0,,,,-0.386,-0.061,2.4,13.26,-0.01,,,
133.4,REGROUND,-36.98,-1.43,-9.58,33.86,-0.01,0,0,,,,-0.396,-0.063,1.8,13.26,-0.01,,,
133.45,REGROUND,-37.02,-1.43,-9.58,33.88,-0.01,0,0,,,,-0.386,-0.062,2.5,13.26,-0.01,,,
133.5,REGROUND,-37.02,-1.43,-9.58,33.89,-0.01,0,0,,,,-0.396,-0.063,1.8,13.26,-0.01,,,
133.55,REGROUND,-37.06,-1.43,-9.58,33.9,-0.01,0,0,,,,-0.386,-0.062,2.4,13.26,-0.01,,,
133.6,REGROUND,-37.06,-1.43,-9.58,33.92,-0.01,0,0,,,,-0.396,-0.063,1.8,13.26,-0.01,,,
133.65,REGROUND,-37.1,-1.43,-9.58,33.93,-0.01,0,0,,,,-0.386,-0.062,2.5,13.26,-0.01,,,
133.7,REGROUND,-37.1,-1.43,-9.58,33.94,-0.01,0,0,,,,-0.396,-0.063,1.9,13.26,-0.01,,,
133.75,REGROUND,-37.14,-1.43,-9.58,33.95,-0.01,0,0,,,,-0.386,-0.062,2.5,13.26,-0.01,,,
133.8,REGROUND,-37.14,-1.43,-9.58,33.97,-0.01,0,0,,,,-0.396,-0.064,1.8,13.26,-0.01,,,
133.85,REGROUND,-37.18,-1.43,-9.58,33.98,-0.01,0,0,,,,-0.386,-0.062,2.4,13.26,-0.01,,,
133.9,REGROUND,-37.18,-1.43,-9.58,33.99,-0.01,0,0,,,,-0.396,-0.064,1.7,13.26,-0.01,,,
133.95,REGROUND,-37.22,-1.43,-9.58,34.0,-0.01,0,0,,,,-0.386,-0.063,2.5,13.26,-0.01,,,
134.0,REGROUND,-37.22,-1.43,-9.58,34.02,-0.01,0,0,,,,-0.396,-0.064,1.8,13.26,-0.01,,,
134.05,REGROUND,-37.26,-1.43,-9.58,34.03,-0.01,0,0,,,,-0.386,-0.063,2.3,13.26,-0.01,,,
134.1,REGROUND,-37.26,-1.43,-9.58,34.04,-0.01,0,0,,,,-0.396,-0.065,1.9,13.26,-0.01,,,
134.15,REGROUND,-37.3,-1.43,-9.58,34.05,-0.01,0,0,,,,-0.387,-0.063,2.4,13.26,-0.01,,,
134.2,REGROUND,-37.3,-1.43,-9.58,34.07,-0.01,0,0,,,,-0.397,-0.065,1.8,13.26,-0.01,,,
134.25,REGROUND,-37.34,-1.43,-9.58,34.08,-0.01,0,0,,,,-0.387,-0.063,2.5,13.26,-0.01,,,
134.3,REGROUND,-37.34,-1.43,-9.58,34.09,-0.01,0,0,,,,-0.397,-0.065,1.8,13.26,-0.01,,,
134.35,REGROUND,-37.38,-1.44,-9.58,34.1,-0.01,0,0,,,,-0.387,-0.063,2.6,13.26,-0.01,,,
134.4,REGROUND,-37.38,-1.44,-9.58,34.12,-0.01,0,0,,,,-0.397,-0.065,1.8,13.26,-0.01,,,
134.45,REGROUND,-37.41,-1.44,-9.58,34.13,-0.01,0,0,,,,-0.387,-0.064,2.6,13.26,-0.01,,,
134.5,REGROUND,-37.41,-1.44,-9.58,34.14,-0.01,0,0,,,,-0.397,-0.065,1.7,13.26,-0.01,,,
134.55,REGROUND,-37.45,-1.44,-9.58,34.15,-0.01,0,0,,,,-0.388,-0.064,2.4,13.26,-0.01,,,
134.6,REGROUND,-37.45,-1.44,-9.58,34.17,-0.01,0,0,,,,-0.398,-0.065,1.8,13.26,-0.01,,,
134.65,REGROUND,-37.49,-1.44,-9.58,34.18,-0.01,0,0,,,,-0.388,-0.064,2.4,13.26,-0.01,,,
134.7,REGROUND,-37.49,-1.44,-9.58,34.19,-0.01,0,0,,,,-0.398,-0.065,1.8,13.26,-0.01,,,
134.75,REGROUND,-37.53,-1.44,-9.58,34.2,-0.01,0,0,,,,-0.388,-0.064,2.3,13.26,-0.01,,,
134.8,REGROUND,-37.53,-1.44,-9.58,34.22,-0.01,0,0,,,,-0.398,-0.065,1.6,13.26,-0.01,,,
134.85,REGROUND,-37.57,-1.44,-9.58,34.23,-0.01,0,0,,,,-0.388,-0.064,2.5,13.26,-0.01,,,
134.9,REGROUND,-37.57,-1.44,-9.58,34.24,-0.01,0,0,,,,-0.398,-0.065,1.8,13.26,-0.01,,,
134.95,REGROUND,-37.61,-1.44,-9.58,34.25,-0.01,0,0,,,,-0.388,-0.064,2.5,13.26,-0.01,,,
135.0,REGROUND,-37.61,-1.44,-9.58,34.27,-0.01,0,0,,,,-0.398,-0.065,1.8,13.26,-0.01,,,
135.05,REGROUND,-37.65,-1.45,-9.58,34.28,-0.01,0,0,,,,-0.388,-0.064,2.5,13.26,-0.01,,,
135.1,REGROUND,-37.65,-1.45,-9.58,34.29,-0.01,0,0,,,,-0.398,-0.065,1.8,13.26,-0.01,,,
135.15,REGROUND,-37.69,-1.45,-9.58,34.3,-0.01,0,0,,,,-0.388,-0.064,2.5,13.26,-0.01,,,
135.2,REGROUND,-37.69,-1.45,-9.58,34.32,-0.01,0,0,,,,-0.398,-0.065,1.8,13.26,-0.01,,,
135.25,REGROUND,-37.73,-1.45,-9.58,34.33,-0.01,0,0,,,,-0.388,-0.064,2.4,13.26,-0.01,,,
135.3,REGROUND,-37.73,-1.45,-9.58,34.34,-0.01,0,0,,,,-0.398,-0.065,1.8,13.26,-0.01,,,
135.35,REGROUND,-37.77,-1.45,-9.58,34.35,-0.01,0,0,,,,-0.388,-0.063,4.2,13.26,-0.01,,,
135.4,REGROUND,-37.77,-1.45,-9.58,34.37,-0.01,0,0,,,,-0.398,-0.065,1.8,13.26,-0.01,,,
135.45,REGROUND,-37.81,-1.45,-9.58,34.38,-0.01,0,0,,,,-0.388,-0.063,2.3,13.26,-0.01,,,
135.5,REGROUND,-37.81,-1.45,-9.58,34.39,-0.01,0,0,,,,-0.398,-0.065,1.8,13.26,-0.01,,,
135.55,REGROUND,-37.85,-1.45,-9.58,34.4,-0.01,0,0,,,,-0.388,-0.063,2.3,13.26,-0.01,,,
135.6,REGROUND,-37.85,-1.45,-9.58,34.42,-0.01,0,0,,,,-0.398,-0.065,1.8,13.26,-0.01,,,
135.65,REGROUND,-37.89,-1.46,-9.58,34.43,-0.01,0,0,,,,-0.388,-0.063,2.6,13.26,-0.01,,,
135.7,REGROUND,-37.89,-1.46,-9.58,34.44,-0.01,0,0,,,,-0.398,-0.064,1.8,13.26,-0.01,,,
135.75,REGROUND,-37.93,-1.46,-9.58,34.45,-0.01,0,0,,,,-0.389,-0.063,2.5,13.26,-0.01,,,
135.81,REGROUND,-37.93,-1.46,-9.58,34.47,-0.01,0,0,,,,-0.398,-0.064,1.6,13.26,-0.01,,,
135.86,REGROUND,-37.97,-1.46,-9.58,34.48,-0.01,0,0,,,,-0.389,-0.062,3.1,13.26,-0.01,,,
135.91,REGROUND,-37.97,-1.46,-9.58,34.49,-0.01,0,0,,,,-0.399,-0.064,2.3,13.26,-0.01,,,
135.96,REGROUND,-38.01,-1.46,-9.58,34.5,-0.01,0,0,,,,-0.389,-0.062,3.0,13.26,-0.01,,,
136.01,REGROUND,-38.01,-1.46,-9.58,34.52,-0.01,0,0,,,,-0.399,-0.064,2.3,13.26,-0.01,,,
136.06,REGROUND,-38.05,-1.46,-9.58,34.53,-0.01,0,0,,,,-0.389,-0.062,2.9,13.26,-0.01,,,
136.11,REGROUND,-38.05,-1.46,-9.58,34.54,-0.01,0,0,,,,-0.399,-0.064,2.0,13.26,-0.01,,,
136.16,REGROUND,-38.09,-1.46,-9.58,34.55,-0.01,0,0,,,,-0.389,-0.062,3.1,13.26,-0.01,,,
136.21,REGROUND,-38.09,-1.46,-9.58,34.57,-0.01,0,0,,,,-0.399,-0.064,1.9,13.26,-0.01,,,
136.26,REGROUND,-38.13,-1.47,-9.58,34.58,-0.01,0,0,,,,-0.39,-0.062,2.2,13.26,-0.01,,,
136.31,REGROUND,-38.13,-1.47,-9.58,34.59,-0.01,0,0,,,,-0.399,-0.064,1.9,13.26,-0.01,,,
136.36,REGROUND,-38.17,-1.47,-9.58,34.6,-0.01,0,0,,,,-0.39,-0.062,3.1,13.26,-0.01,,,
136.41,REGROUND,-38.17,-1.47,-9.58,34.62,-0.01,0,0,,,,-0.4,-0.063,2.1,13.26,-0.01,,,
136.46,REGROUND,-38.21,-1.47,-9.58,34.63,-0.01,0,0,,,,-0.39,-0.062,2.4,13.26,-0.01,,,
136.51,REGROUND,-38.21,-1.47,-9.58,34.64,-0.01,0,0,,,,-0.4,-0.064,1.8,13.26,-0.01,,,
136.56,REGROUND,-38.25,-1.47,-9.58,34.65,-0.01,0,0,,,,-0.39,-0.062,3.2,13.26,-0.01,,,
136.61,REGROUND,-38.25,-1.47,-9.58,34.67,-0.01,0,0,,,,-0.4,-0.064,1.8,13.26,-0.01,,,
136.66,REGROUND,-38.29,-1.47,-9.58,34.68,-0.01,0,0,,,,-0.39,-0.062,3.2,13.26,-0.01,,,
136.71,REGROUND,-38.29,-1.47,-9.58,34.69,-0.01,0,0,,,,-0.4,-0.064,2.0,13.26,-0.01,,,
136.76,REGROUND,-38.33,-1.47,-9.58,34.7,-0.01,0,0,,,,-0.39,-0.062,2.6,13.26,-0.01,,,
136.81,REGROUND,-38.33,-1.47,-9.58,34.72,-0.01,0,0,,,,-0.4,-0.064,1.8,13.26,-0.01,,,
136.86,REGROUND,-38.37,-1.47,-9.58,34.73,-0.01,0,0,,,,-0.39,-0.062,2.4,13.26,-0.01,,,
136.91,REGROUND,-38.37,-1.47,-9.58,34.74,-0.01,0,0,,,,-0.4,-0.064,1.8,13.26,-0.01,,,
136.96,REGROUND,-38.41,-1.47,-9.58,34.75,-0.01,0,0,,,,-0.39,-0.063,2.4,13.26,-0.01,,,
137.01,REGROUND,-38.41,-1.47,-9.58,34.77,-0.01,0,0,,,,-0.4,-0.064,1.8,13.26,-0.01,,,
137.06,REGROUND,-38.45,-1.48,-9.58,34.78,-0.01,0,0,,,,-0.39,-0.063,2.3,13.26,-0.01,,,
137.11,REGROUND,-38.45,-1.48,-9.58,34.79,-0.01,0,0,,,,-0.4,-0.065,2.2,13.26,-0.01,,,
137.16,REGROUND,-38.49,-1.48,-9.58,34.8,-0.01,0,0,,,,-0.39,-0.063,2.6,13.26,-0.01,,,
137.21,REGROUND,-38.49,-1.48,-9.58,34.82,-0.01,0,0,,,,-0.4,-0.065,1.8,13.26,-0.01,,,
137.26,REGROUND,-38.53,-1.48,-9.58,34.83,-0.01,0,0,,,,-0.39,-0.063,2.5,13.26,-0.01,,,
137.31,REGROUND,-38.53,-1.48,-9.58,34.84,-0.01,0,0,,,,-0.4,-0.065,1.8,13.26,-0.01,,,
137.36,REGROUND,-38.57,-1.48,-9.58,34.85,-0.01,0,0,,,,-0.39,-0.064,2.5,13.26,-0.01,,,
137.41,REGROUND,-38.57,-1.48,-9.58,34.87,-0.01,0,0,,,,-0.4,-0.065,1.7,13.26,-0.01,,,
137.46,REGROUND,-38.61,-1.48,-9.58,34.88,-0.01,0,0,,,,-0.39,-0.064,2.3,13.26,-0.01,,,
137.51,REGROUND,-38.61,-1.48,-9.58,34.89,-0.01,0,0,,,,-0.4,-0.066,3.4,13.26,-0.01,,,
137.56,REGROUND,-38.65,-1.48,-9.58,34.9,-0.01,0,0,,,,-0.39,-0.064,2.4,13.26,-0.01,,,
137.61,REGROUND,-38.65,-1.48,-9.58,34.92,-0.01,0,0,,,,-0.4,-0.066,1.8,13.26,-0.01,,,
137.66,REGROUND,-38.69,-1.48,-9.58,34.93,-0.01,0,0,,,,-0.39,-0.064,2.3,13.26,-0.01,,,
137.71,REGROUND,-38.69,-1.48,-9.58,34.94,-0.01,0,0,,,,-0.4,-0.066,1.8,13.26,-0.01,,,
137.76,REGROUND,-38.73,-1.48,-9.58,34.95,-0.01,0,0,,,,-0.39,-0.064,2.2,13.26,-0.01,,,
137.81,REGROUND,-38.73,-1.48,-9.58,34.97,-0.01,0,0,,,,-0.4,-0.066,2.5,13.26,-0.01,,,
137.86,REGROUND,-38.77,-1.48,-9.58,34.98,-0.01,0,0,,,,-0.39,-0.065,2.6,13.26,-0.01,,,
137.91,REGROUND,-38.77,-1.48,-9.58,34.99,-0.01,0,0,,,,-0.4,-0.066,1.8,13.26,-0.01,,,
137.96,REGROUND,-38.81,-1.48,-9.58,35.0,-0.01,0,0,,,,-0.39,-0.065,3.3,13.26,-0.01,,,
138.01,REGROUND,-38.81,-1.48,-9.58,35.02,-0.01,0,0,,,,-0.4,-0.066,1.8,13.26,-0.01,,,
138.06,REGROUND,-38.85,-1.49,-9.58,35.03,-0.01,0,0,,,,-0.39,-0.065,2.8,13.26,-0.01,,,
138.11,REGROUND,-38.85,-1.49,-9.58,35.04,-0.01,0,0,,,,-0.4,-0.066,1.8,13.26,-0.01,,,
138.16,REGROUND,-38.89,-1.49,-9.58,35.05,-0.01,0,0,,,,-0.39,-0.064,3.2,13.26,-0.01,,,
138.21,REGROUND,-38.89,-1.49,-9.58,35.07,-0.01,0,0,,,,-0.4,-0.066,1.9,13.26,-0.01,,,
138.26,REGROUND,-38.93,-1.49,-9.58,35.08,-0.01,0,0,,,,-0.39,-0.064,3.2,13.26,-0.01,,,
138.31,REGROUND,-38.93,-1.49,-9.58,35.09,-0.01,0,0,,,,-0.4,-0.066,2.3,13.26,-0.01,,,
138.36,REGROUND,-38.97,-1.49,-9.58,35.1,-0.01,0,0,,,,-0.39,-0.064,2.9,13.26,-0.01,,,
138.41,REGROUND,-38.97,-1.49,-9.58,35.12,-0.01,0,0,,,,-0.4,-0.066,1.8,13.26,-0.01,,,
138.46,REGROUND,-39.01,-1.49,-9.58,35.13,-0.01,0,0,,,,-0.39,-0.064,3.1,13.26,-0.01,,,
138.51,REGROUND,-39.01,-1.49,-9.58,35.14,-0.01,0,0,,,,-0.4,-0.066,2.1,13.26,-0.01,,,
138.56,REGROUND,-39.05,-1.49,-9.58,35.15,-0.01,0,0,,,,-0.39,-0.064,2.6,13.26,-0.01,,,
138.61,REGROUND,-39.05,-1.49,-9.58,35.17,-0.01,0,0,,,,-0.4,-0.066,1.8,13.26,-0.01,,,
138.66,REGROUND,-39.09,-1.5,-9.58,35.18,-0.01,0,0,,,,-0.39,-0.064,3.1,13.26,-0.01,,,
138.71,REGROUND,-39.09,-1.5,-9.58,35.19,-0.01,0,0,,,,-0.4,-0.065,2.1,13.26,-0.01,,,
138.76,REGROUND,-39.13,-1.5,-9.58,35.2,-0.01,0,0,,,,-0.39,-0.064,2.4,13.26,-0.01,,,
138.81,REGROUND,-39.13,-1.5,-9.58,35.22,-0.01,0,0,,,,-0.4,-0.065,2.0,13.26,-0.01,,,
138.86,REGROUND,-39.17,-1.5,-9.58,35.23,-0.01,0,0,,,,-0.39,-0.064,2.8,13.26,-0.01,,,
138.91,REGROUND,-39.17,-1.5,-9.58,35.24,-0.01,0,0,,,,-0.4,-0.065,1.8,13.26,-0.01,,,
138.96,REGROUND,-39.21,-1.5,-9.58,35.25,-0.01,0,0,,,,-0.39,-0.063,3.1,13.26,-0.01,,,
139.01,REGROUND,-39.21,-1.5,-9.58,35.27,-0.01,0,0,,,,-0.4,-0.065,1.9,13.26,-0.01,,,
139.06,REGROUND,-39.25,-1.5,-9.58,35.28,-0.01,0,0,,,,-0.39,-0.063,3.1,13.26,-0.01,,,
139.11,REGROUND,-39.25,-1.5,-9.58,35.29,-0.01,0,0,,,,-0.399,-0.065,2.3,13.26,-0.01,,,
139.16,REGROUND,-39.29,-1.5,-9.58,35.3,-0.01,0,0,,,,-0.39,-0.063,2.5,13.26,-0.01,,,
139.21,REGROUND,-39.29,-1.5,-9.58,35.32,-0.01,0,0,,,,-0.399,-0.064,2.5,13.26,-0.01,,,
139.26,REGROUND,-39.33,-1.51,-9.58,35.33,-0.01,0,0,,,,-0.389,-0.062,2.5,13.26,-0.01,,,
139.31,REGROUND,-39.33,-1.51,-9.58,35.34,-0.01,0,0,,,,-0.399,-0.064,1.8,13.26,-0.01,,,
139.36,REGROUND,-39.37,-1.51,-9.58,35.35,-0.01,0,0,,,,-0.389,-0.062,2.5,13.26,-0.01,,,
139.41,REGROUND,-39.37,-1.51,-9.58,35.37,-0.01,0,0,,,,-0.399,-0.064,1.9,13.26,-0.01,,,
139.46,REGROUND,-39.41,-1.51,-9.58,35.38,-0.01,0,0,,,,-0.389,-0.062,2.8,13.26,-0.01,,,
139.51,REGROUND,-39.41,-1.51,-9.58,35.39,-0.01,0,0,,,,-0.399,-0.063,2.0,13.26,-0.01,,,
139.56,REGROUND,-39.45,-1.51,-9.58,35.4,-0.01,0,0,,,,-0.389,-0.061,2.7,13.26,-0.01,,,
139.61,REGROUND,-39.45,-1.51,-9.58,35.42,-0.01,0,0,,,,-0.399,-0.063,2.1,13.26,-0.01,,,
139.66,REGROUND,-39.49,-1.51,-9.58,35.43,-0.01,0,0,,,,-0.389,-0.061,4.2,13.26,-0.01,,,
139.71,REGROUND,-39.49,-1.51,-9.58,35.44,-0.01,0,0,,,,-0.399,-0.063,1.8,13.26,-0.01,,,
139.76,REGROUND,-39.53,-1.52,-9.58,35.45,-0.01,0,0,,,,-0.389,-0.061,2.9,13.26,-0.01,,,
139.81,REGROUND,-39.53,-1.52,-9.58,35.47,-0.01,0,0,,,,-0.399,-0.063,1.7,13.26,-0.01,,,
139.86,REGROUND,-39.57,-1.52,-9.58,35.48,-0.01,0,0,,,,-0.389,-0.061,2.4,13.26,-0.01,,,
139.91,REGROUND,-39.57,-1.52,-9.58,35.49,-0.01,0,0,,,,-0.399,-0.063,2.3,13.26,-0.01,,,
139.96,REGROUND,-39.61,-1.52,-9.58,35.5,-0.01,0,0,,,,-0.389,-0.061,2.6,13.26,-0.01,,,
140.01,REGROUND,-39.61,-1.52,-9.58,35.52,-0.01,0,0,,,,-0.399,-0.063,1.9,13.26,-0.01,,,
140.06,REGROUND,-39.65,-1.52,-9.58,35.53,-0.01,0,0,,,,-0.389,-0.061,2.5,13.26,-0.01,,,
140.11,REGROUND,-39.65,-1.52,-9.58,35.54,-0.01,0,0,,,,-0.398,-0.063,1.8,13.26,-0.01,,,
140.16,REGROUND,-39.69,-1.52,-9.58,35.55,-0.01,0,0,,,,-0.389,-0.062,2.5,13.26,-0.01,,,
140.21,REGROUND,-39.69,-1.52,-9.58,35.57,-0.01,0,0,,,,-0.399,-0.063,1.8,13.26,-0.01,,,
140.26,REGROUND,-39.73,-1.52,-9.58,35.58,-0.01,0,0,,,,-0.389,-0.062,2.4,13.26,-0.01,,,
140.31,REGROUND,-39.73,-1.52,-9.58,35.59,-0.01,0,0,,,,-0.398,-0.064,1.8,13.26,-0.01,,,
140.36,REGROUND,-39.77,-1.52,-9.58,35.6,-0.01,0,0,,,,-0.389,-0.062,2.5,13.26,-0.01,,,
140.41,REGROUND,-39.77,-1.52,-9.58,35.62,-0.01,0,0,,,,-0.399,-0.064,1.7,13.26,-0.01,,,
140.46,REGROUND,-39.81,-1.52,-9.58,35.63,-0.01,0,0,,,,-0.389,-0.063,3.1,13.26,-0.01,,,
140.51,REGROUND,-39.81,-1.52,-9.58,35.64,-0.01,0,0,,,,-0.399,-0.064,1.9,13.26,-0.01,,,
140.56,REGROUND,-39.85,-1.52,-9.58,35.65,-0.01,0,0,,,,-0.389,-0.063,2.2,13.26,-0.01,,,
140.61,REGROUND,-39.85,-1.52,-9.58,35.67,-0.01,0,0,,,,-0.399,-0.064,1.9,13.26,-0.01,,,
140.66,REGROUND,-39.89,-1.52,-9.58,35.68,-0.01,0,0,,,,-0.389,-0.063,2.4,13.26,-0.01,,,
140.71,REGROUND,-39.89,-1.52,-9.58,35.69,-0.01,0,0,,,,-0.399,-0.065,1.9,13.26,-0.01,,,
140.76,REGROUND,-39.93,-1.53,-9.58,35.71,-0.01,0,0,,,,-0.389,-0.063,2.5,13.26,-0.01,,,
140.81,REGROUND,-39.93,-1.53,-9.58,35.72,-0.01,0,0,,,,-0.399,-0.065,1.9,13.26,-0.01,,,
140.86,REGROUND,-39.97,-1.53,-9.58,35.73,-0.01,0,0,,,,-0.389,-0.063,2.5,13.26,-0.01,,,
140.91,REGROUND,-39.97,-1.53,-9.58,35.74,-0.01,0,0,,,,-0.399,-0.065,1.8,13.26,-0.01,,,
140.96,REGROUND,-40.01,-1.53,-9.58,35.76,-0.01,0,0,,,,-0.389,-0.063,2.6,13.26,-0.01,,,
141.01,REGROUND,-40.01,-1.53,-9.58,35.77,-0.01,0,0,,,,-0.399,-0.065,1.8,13.26,-0.01,,,
141.06,REGROUND,-40.05,-1.53,-9.58,35.78,-0.01,0,0,,,,-0.389,-0.064,2.4,13.26,-0.01,,,
141.11,REGROUND,-40.05,-1.53,-9.58,35.79,-0.01,0,0,,,,-0.399,-0.065,1.7,13.26,-0.01,,,
141.16,REGROUND,-40.09,-1.53,-9.58,35.81,-0.01,0,0,,,,-0.389,-0.064,2.4,13.26,-0.01,,,
141.21,REGROUND,-40.09,-1.53,-9.58,35.82,-0.01,0,0,,,,-0.399,-0.065,1.8,13.26,-0.01,,,
141.26,REGROUND,-40.13,-1.53,-9.58,35.83,-0.01,0,0,,,,-0.389,-0.064,2.3,13.26,-0.01,,,
141.31,REGROUND,-40.13,-1.53,-9.58,35.84,-0.01,0,0,,,,-0.399,-0.066,1.9,13.26,-0.01,,,
141.36,REGROUND,-40.17,-1.53,-9.58,35.86,-0.01,0,0,,,,-0.389,-0.064,2.3,13.26,-0.01,,,
141.41,REGROUND,-40.17,-1.53,-9.58,35.87,-0.01,0,0,,,,-0.399,-0.065,1.8,13.26,-0.01,,,
141.46,REGROUND,-40.21,-1.53,-9.58,35.88,-0.01,0,0,,,,-0.389,-0.064,2.5,13.26,-0.01,,,
141.51,REGROUND,-40.21,-1.53,-9.58,35.89,-0.01,0,0,,,,-0.399,-0.066,2.2,13.26,-0.01,,,
141.56,REGROUND,-40.25,-1.54,-9.58,35.91,-0.01,0,0,,,,-0.389,-0.064,2.7,13.26,-0.01,,,
141.61,REGROUND,-40.25,-1.54,-9.58,35.92,-0.01,0,0,,,,-0.399,-0.065,1.7,13.26,-0.01,,,
141.66,REGROUND,-40.29,-1.54,-9.58,35.93,-0.01,0,0,,,,-0.389,-0.064,2.3,13.26,-0.01,,,
141.71,REGROUND,-40.29,-1.54,-9.58,35.94,-0.01,0,0,,,,-0.399,-0.065,1.8,13.26,-0.01,,,
141.76,REGROUND,-40.33,-1.54,-9.58,35.96,-0.01,0,0,,,,-0.389,-0.064,2.5,13.26,-0.01,,,
141.81,REGROUND,-40.33,-1.54,-9.58,35.97,-0.01,0,0,,,,-0.399,-0.065,1.8,13.26,-0.01,,,
141.86,REGROUND,-40.37,-1.54,-9.58,35.98,-0.01,0,0,,,,-0.389,-0.064,4.1,13.26,-0.01,,,
141.91,REGROUND,-40.37,-1.54,-9.58,35.99,-0.01,0,0,,,,-0.399,-0.065,1.8,13.26,-0.01,,,
141.96,REGROUND,-40.41,-1.54,-9.58,36.01,-0.01,0,0,,,,-0.39,-0.064,2.2,13.26,-0.01,,,
142.01,REGROUND,-40.41,-1.54,-9.58,36.02,-0.01,0,0,,,,-0.4,-0.065,2.0,13.26,-0.01,,,
142.06,REGROUND,-40.45,-1.54,-9.58,36.03,-0.01,0,0,,,,-0.39,-0.064,2.5,13.26,-0.01,,,
142.11,REGROUND,-40.45,-1.54,-9.58,36.04,-0.01,0,0,,,,-0.4,-0.065,1.8,13.26,-0.01,,,
142.16,REGROUND,-40.49,-1.55,-9.58,36.06,-0.01,0,0,,,,-0.39,-0.063,2.5,13.26,-0.01,,,
142.21,REGROUND,-40.49,-1.55,-9.58,36.07,-0.01,0,0,,,,-0.4,-0.065,1.7,13.26,-0.01,,,
142.26,REGROUND,-40.53,-1.55,-9.58,36.08,-0.01,0,0,,,,-0.39,-0.063,2.5,13.26,-0.01,,,
142.31,REGROUND,-40.53,-1.55,-9.58,36.09,-0.01,0,0,,,,-0.4,-0.065,1.8,13.26,-0.01,,,
142.36,REGROUND,-40.57,-1.55,-9.58,36.11,-0.01,0,0,,,,-0.39,-0.063,2.5,13.26,-0.01,,,
142.41,REGROUND,-40.57,-1.55,-9.58,36.12,-0.01,0,0,,,,-0.4,-0.064,1.8,13.26,-0.01,,,
142.46,REGROUND,-40.61,-1.55,-9.58,36.13,-0.01,0,0,,,,-0.39,-0.063,2.4,13.26,-0.01,,,
142.51,REGROUND,-40.61,-1.55,-9.58,36.14,-0.01,0,0,,,,-0.4,-0.064,1.8,13.26,-0.01,,,
142.56,REGROUND,-40.65,-1.55,-9.58,36.16,-0.01,0,0,,,,-0.39,-0.062,2.3,13.26,-0.01,,,
142.61,REGROUND,-40.65,-1.55,-9.58,36.17,-0.01,0,0,,,,-0.4,-0.064,1.8,13.26,-0.01,,,
142.66,REGROUND,-40.69,-1.55,-9.58,36.18,-0.01,0,0,,,,-0.39,-0.062,2.3,13.26,-0.01,,,
142.71,REGROUND,-40.69,-1.55,-9.58,36.19,-0.01,0,0,,,,-0.4,-0.064,1.8,13.26,-0.01,,,
142.76,REGROUND,-40.73,-1.56,-9.58,36.21,-0.01,0,0,,,,-0.39,-0.062,2.5,13.26,-0.01,,,
142.81,REGROUND,-40.73,-1.56,-9.58,36.22,-0.01,0,0,,,,-0.4,-0.064,1.9,13.26,-0.01,,,
142.87,REGROUND,-40.77,-1.56,-9.58,36.23,-0.01,0,0,,,,-0.39,-0.062,2.5,13.26,-0.01,,,
142.92,REGROUND,-40.77,-1.56,-9.58,36.24,-0.01,0,0,,,,-0.4,-0.064,1.8,13.26,-0.01,,,
142.97,REGROUND,-40.81,-1.56,-9.58,36.26,-0.01,0,0,,,,-0.39,-0.062,2.6,13.26,-0.01,,,
143.02,REGROUND,-40.81,-1.56,-9.58,36.27,-0.01,0,0,,,,-0.4,-0.064,1.8,13.26,-0.01,,,
143.07,REGROUND,-40.85,-1.56,-9.58,36.28,-0.01,0,0,,,,-0.39,-0.063,2.5,13.26,-0.01,,,
143.12,REGROUND,-40.85,-1.56,-9.58,36.29,-0.01,0,0,,,,-0.4,-0.064,1.8,13.26,-0.01,,,
143.17,REGROUND,-40.88,-1.56,-9.58,36.31,-0.01,0,0,,,,-0.391,-0.063,2.5,13.26,-0.01,,,
143.22,REGROUND,-40.88,-1.56,-9.58,36.32,-0.01,0,0,,,,-0.4,-0.064,1.7,13.26,-0.01,,,
143.27,REGROUND,-40.92,-1.56,-9.58,36.33,-0.01,0,0,,,,-0.391,-0.063,2.4,13.26,-0.01,,,
143.32,REGROUND,-40.92,-1.56,-9.58,36.34,-0.01,0,0,,,,-0.4,-0.064,1.8,13.26,-0.01,,,
143.37,REGROUND,-40.96,-1.56,-9.58,36.36,-0.01,0,0,,,,-0.391,-0.063,2.4,13.26,-0.01,,,
143.42,REGROUND,-40.96,-1.56,-9.58,36.37,-0.01,0,0,,,,-0.401,-0.064,1.8,13.26,-0.01,,,
143.47,REGROUND,-41.0,-1.56,-9.58,36.38,-0.01,0,0,,,,-0.391,-0.063,2.4,13.26,-0.01,,,
143.52,REGROUND,-41.0,-1.56,-9.58,36.39,-0.01,0,0,,,,-0.4,-0.065,1.9,13.26,-0.01,,,
143.57,REGROUND,-41.04,-1.57,-9.58,36.41,-0.01,0,0,,,,-0.391,-0.063,2.5,13.26,-0.01,,,
143.62,REGROUND,-41.04,-1.57,-9.58,36.42,-0.01,0,0,,,,-0.401,-0.065,1.9,13.26,-0.01,,,
143.67,REGROUND,-41.08,-1.57,-9.58,36.43,-0.01,0,0,,,,-0.391,-0.063,2.5,13.26,-0.01,,,
143.72,REGROUND,-41.08,-1.57,-9.58,36.44,-0.01,0,0,,,,-0.4,-0.065,1.6,13.26,-0.01,,,
143.77,REGROUND,-41.12,-1.57,-9.58,36.46,-0.01,0,0,,,,-0.391,-0.063,2.5,13.26,-0.01,,,
143.82,REGROUND,-41.12,-1.57,-9.58,36.47,-0.01,0,0,,,,-0.4,-0.065,1.8,13.26,-0.01,,,
143.87,REGROUND,-41.16,-1.57,-9.58,36.48,-0.01,0,0,,,,-0.39,-0.063,2.5,13.26,-0.01,,,
143.92,REGROUND,-41.16,-1.57,-9.58,36.49,-0.01,0,0,,,,-0.4,-0.065,1.8,13.26,-0.01,,,
143.97,REGROUND,-41.2,-1.57,-9.58,36.51,-0.01,0,0,,,,-0.39,-0.063,2.6,13.26,-0.01,,,
144.02,REGROUND,-41.2,-1.57,-9.58,36.52,-0.01,0,0,,,,-0.4,-0.065,1.8,13.26,-0.01,,,
144.07,REGROUND,-41.24,-1.57,-9.58,36.53,-0.01,0,0,,,,-0.39,-0.063,3.8,13.26,-0.01,,,
144.12,REGROUND,-41.24,-1.57,-9.58,36.54,-0.01,0,0,,,,-0.4,-0.065,1.8,13.26,-0.01,,,
144.17,REGROUND,-41.28,-1.57,-9.58,36.56,-0.01,0,0,,,,-0.39,-0.063,2.3,13.26,-0.01,,,
144.22,REGROUND,-41.28,-1.57,-9.58,36.57,-0.01,0,0,,,,-0.4,-0.065,1.7,13.26,-0.01,,,
144.27,REGROUND,-41.32,-1.57,-9.58,36.58,-0.01,0,0,,,,-0.39,-0.063,2.5,13.26,-0.01,,,
144.32,REGROUND,-41.32,-1.57,-9.58,36.59,-0.01,0,0,,,,-0.4,-0.065,1.8,13.26,-0.01,,,
144.37,REGROUND,-41.36,-1.58,-9.58,36.61,-0.01,0,0,,,,-0.39,-0.063,2.5,13.26,-0.01,,,
144.42,REGROUND,-41.36,-1.58,-9.58,36.62,-0.01,0,0,,,,-0.4,-0.065,1.8,13.26,-0.01,,,
144.47,REGROUND,-41.4,-1.58,-9.58,36.63,-0.01,0,0,,,,-0.39,-0.064,2.5,13.26,-0.01,,,
144.52,REGROUND,-41.4,-1.58,-9.58,36.64,-0.01,0,0,,,,-0.4,-0.065,1.8,13.26,-0.01,,,
144.57,REGROUND,-41.44,-1.58,-9.58,36.66,-0.01,0,0,,,,-0.39,-0.064,2.5,13.26,-0.01,,,
144.62,REGROUND,-41.44,-1.58,-9.58,36.67,-0.01,0,0,,,,-0.4,-0.065,1.7,13.26,-0.01,,,
144.67,REGROUND,-41.49,-1.58,-9.58,36.68,-0.01,0,0,,,,-0.39,-0.064,2.4,13.26,-0.01,,,
144.72,REGROUND,-41.49,-1.58,-9.58,36.69,-0.01,0,0,,,,-0.4,-0.065,1.8,13.26,-0.01,,,
144.77,REGROUND,-41.53,-1.58,-9.58,36.71,-0.01,0,0,,,,-0.39,-0.063,2.4,13.26,-0.01,,,
144.82,REGROUND,-41.53,-1.58,-9.58,36.72,-0.01,0,0,,,,-0.399,-0.065,1.8,13.26,-0.01,,,
144.87,REGROUND,-41.57,-1.58,-9.58,36.73,-0.01,0,0,,,,-0.389,-0.063,2.3,13.26,-0.01,,,
144.92,REGROUND,-41.57,-1.58,-9.58,36.74,-0.01,0,0,,,,-0.399,-0.065,1.7,13.26,-0.01,,,
144.97,REGROUND,-41.61,-1.58,-9.58,36.76,-0.01,0,0,,,,-0.389,-0.063,2.5,13.26,-0.01,,,
145.02,REGROUND,-41.61,-1.58,-9.58,36.77,-0.01,0,0,,,,-0.399,-0.065,2.1,13.26,-0.01,,,
145.07,REGROUND,-41.65,-1.59,-9.58,36.78,-0.01,0,0,,,,-0.389,-0.063,3.1,13.26,-0.01,,,
145.12,REGROUND,-41.65,-1.59,-9.58,36.79,-0.01,0,0,,,,-0.399,-0.065,1.9,13.26,-0.01,,,
145.17,REGROUND,-41.69,-1.59,-9.58,36.81,-0.01,0,0,,,,-0.389,-0.063,2.5,13.26,-0.01,,,
145.22,REGROUND,-41.69,-1.59,-9.58,36.82,-0.01,0,0,,,,-0.399,-0.065,1.8,13.26,-0.01,,,
145.27,REGROUND,-41.73,-1.59,-9.58,36.83,-0.01,0,0,,,,-0.389,-0.063,2.4,13.26,-0.01,,,
145.32,REGROUND,-41.73,-1.59,-9.58,36.84,-0.01,0,0,,,,-0.399,-0.065,1.7,13.26,-0.01,,,
145.37,REGROUND,-41.77,-1.59,-9.58,36.86,-0.01,0,0,,,,-0.389,-0.063,2.5,13.26,-0.01,,,
145.42,REGROUND,-41.77,-1.59,-9.58,36.87,-0.01,0,0,,,,-0.399,-0.065,1.8,13.26,-0.01,,,
145.47,REGROUND,-41.81,-1.59,-9.58,36.88,-0.01,0,0,,,,-0.389,-0.063,2.4,13.26,-0.01,,,
145.52,REGROUND,-41.81,-1.59,-9.58,36.89,-0.01,0,0,,,,-0.399,-0.064,1.5,13.26,-0.01,,,
145.57,REGROUND,-41.85,-1.59,-9.58,36.91,-0.01,0,0,,,,-0.389,-0.063,2.3,13.26,-0.01,,,
145.62,REGROUND,-41.85,-1.59,-9.58,36.92,-0.01,0,0,,,,-0.399,-0.064,1.8,13.26,-0.01,,,
145.67,REGROUND,-41.89,-1.6,-9.58,36.93,-0.01,0,0,,,,-0.389,-0.062,2.6,13.26,-0.01,,,
145.72,REGROUND,-41.89,-1.6,-9.58,36.94,-0.01,0,0,,,,-0.399,-0.064,2.2,13.26,-0.01,,,
145.77,REGROUND,-41.93,-1.6,-9.58,36.96,-0.01,0,0,,,,-0.389,-0.062,2.8,13.26,-0.01,,,
145.82,REGROUND,-41.93,-1.6,-9.58,36.97,-0.01,0,0,,,,-0.399,-0.064,2.2,13.26,-0.01,,,
145.87,REGROUND,-41.97,-1.6,-9.58,36.98,-0.01,0,0,,,,-0.389,-0.062,2.9,13.26,-0.01,,,
145.92,REGROUND,-41.97,-1.6,-9.58,36.99,-0.01,0,0,,,,-0.399,-0.064,2.2,13.26,-0.01,,,
145.97,REGROUND,-42.01,-1.6,-9.58,37.01,-0.01,0,0,,,,-0.389,-0.062,2.9,13.26,-0.01,,,
146.02,REGROUND,-42.01,-1.6,-9.58,37.02,-0.01,0,0,,,,-0.399,-0.064,2.1,13.26,-0.01,,,
146.07,REGROUND,-42.05,-1.6,-9.58,37.03,-0.01,0,0,,,,-0.389,-0.062,2.7,13.26,-0.01,,,
146.12,REGROUND,-42.05,-1.6,-9.58,37.04,-0.01,0,0,,,,-0.399,-0.064,2.2,13.26,-0.01,,,
146.17,REGROUND,-42.09,-1.6,-9.58,37.06,-0.01,0,0,,,,-0.389,-0.062,2.7,13.26,-0.01,,,
146.22,REGROUND,-42.09,-1.6,-9.58,37.07,-0.01,0,0,,,,-0.399,-0.064,3.6,13.26,-0.01,,,
146.27,REGROUND,-42.13,-1.6,-9.58,37.08,-0.01,0,0,,,,-0.389,-0.063,2.7,13.26,-0.01,,,
146.32,REGROUND,-42.13,-1.6,-9.58,37.09,-0.01,0,0,,,,-0.399,-0.064,1.9,13.26,-0.01,,,
146.37,REGROUND,-42.17,-1.6,-9.58,37.11,-0.01,0,0,,,,-0.389,-0.063,2.3,13.26,-0.01,,,
146.42,REGROUND,-42.17,-1.6,-9.58,37.12,-0.01,0,0,,,,-0.399,-0.064,1.9,13.26,-0.01,,,
146.47,REGROUND,-42.21,-1.61,-9.58,37.13,-0.01,0,0,,,,-0.389,-0.063,2.5,13.26,-0.01,,,
146.52,REGROUND,-42.21,-1.61,-9.58,37.14,-0.01,0,0,,,,-0.399,-0.065,2.0,13.26,-0.01,,,
146.57,REGROUND,-42.25,-1.61,-9.58,37.16,-0.01,0,0,,,,-0.389,-0.063,2.5,13.26,-0.01,,,
146.62,REGROUND,-42.25,-1.61,-9.58,37.17,-0.01,0,0,,,,-0.399,-0.065,1.8,13.26,-0.01,,,
146.67,REGROUND,-42.29,-1.61,-9.58,37.18,-0.01,0,0,,,,-0.389,-0.063,2.2,13.26,-0.01,,,
146.72,REGROUND,-42.29,-1.61,-9.58,37.19,-0.01,0,0,,,,-0.399,-0.065,1.8,13.26,-0.01,,,
146.77,REGROUND,-42.32,-1.61,-9.58,37.21,-0.01,0,0,,,,-0.389,-0.063,2.5,13.26,-0.01,,,
146.82,REGROUND,-42.32,-1.61,-9.58,37.22,-0.01,0,0,,,,-0.399,-0.065,1.7,13.26,-0.01,,,
146.87,REGROUND,-42.37,-1.61,-9.58,37.23,-0.01,0,0,,,,-0.389,-0.063,2.5,13.26,-0.01,,,
146.92,REGROUND,-42.37,-1.61,-9.58,37.24,-0.01,0,0,,,,-0.399,-0.065,1.8,13.26,-0.01,,,
146.97,REGROUND,-42.41,-1.61,-9.58,37.26,-0.01,0,0,,,,-0.389,-0.064,2.4,13.26,-0.01,,,
147.02,REGROUND,-42.41,-1.61,-9.58,37.27,-0.01,0,0,,,,-0.399,-0.065,1.8,13.26,-0.01,,,
147.07,REGROUND,-42.45,-1.61,-9.58,37.28,-0.01,0,0,,,,-0.389,-0.064,2.3,13.26,-0.01,,,
147.12,REGROUND,-42.45,-1.61,-9.58,37.29,-0.01,0,0,,,,-0.399,-0.065,1.9,13.26,-0.01,,,
147.17,REGROUND,-42.48,-1.61,-9.58,37.31,-0.01,0,0,,,,-0.39,-0.064,3.0,13.26,-0.01,,,
147.22,REGROUND,-42.48,-1.61,-9.58,37.32,-0.01,0,0,,,,-0.399,-0.065,1.9,13.26,-0.01,,,
147.27,REGROUND,-42.52,-1.61,-9.58,37.33,-0.01,0,0,,,,-0.39,-0.064,2.6,13.26,-0.01,,,
147.32,REGROUND,-42.52,-1.61,-9.58,37.34,-0.01,0,0,,,,-0.399,-0.065,1.8,13.26,-0.01,,,
147.37,REGROUND,-42.56,-1.62,-9.58,37.36,-0.01,0,0,,,,-0.39,-0.064,2.5,13.26,-0.01,,,
147.42,REGROUND,-42.56,-1.62,-9.58,37.37,-0.01,0,0,,,,-0.4,-0.065,1.7,13.26,-0.01,,,
147.47,REGROUND,-42.6,-1.62,-9.58,37.38,-0.01,0,0,,,,-0.39,-0.064,2.4,13.26,-0.01,,,
147.52,REGROUND,-42.6,-1.62,-9.58,37.39,-0.01,0,0,,,,-0.4,-0.065,1.6,13.26,-0.01,,,
147.57,REGROUND,-42.64,-1.62,-9.58,37.41,-0.01,0,0,,,,-0.39,-0.064,2.4,13.26,-0.01,,,
147.62,REGROUND,-42.64,-1.62,-9.58,37.42,-0.01,0,0,,,,-0.4,-0.065,1.8,13.26,-0.01,,,
147.67,REGROUND,-42.68,-1.62,-9.58,37.43,-0.01,0,0,,,,-0.39,-0.064,3.0,13.26,-0.01,,,
147.72,REGROUND,-42.68,-1.62,-9.58,37.45,-0.01,0,0,,,,-0.4,-0.065,2.1,13.26,-0.01,,,
147.77,REGROUND,-42.72,-1.62,-9.58,37.46,-0.01,0,0,,,,-0.39,-0.064,2.3,13.26,-0.01,,,
147.82,REGROUND,-42.72,-1.62,-9.58,37.47,-0.01,0,0,,,,-0.4,-0.065,1.9,13.26,-0.01,,,
147.87,REGROUND,-42.76,-1.62,-9.58,37.48,-0.01,0,0,,,,-0.39,-0.064,2.5,13.26,-0.01,,,
147.92,REGROUND,-42.76,-1.62,-9.58,37.5,-0.01,0,0,,,,-0.4,-0.065,1.8,13.26,-0.01,,,
147.97,REGROUND,-42.8,-1.63,-9.58,37.51,-0.01,0,0,,,,-0.39,-0.063,2.5,13.26,-0.01,,,
148.02,REGROUND,-42.8,-1.63,-9.58,37.52,-0.01,0,0,,,,-0.4,-0.065,1.8,13.26,-0.01,,,
148.07,REGROUND,-42.84,-1.63,-9.58,37.53,-0.01,0,0,,,,-0.39,-0.063,2.6,13.26,-0.01,,,
148.12,REGROUND,-42.84,-1.63,-9.58,37.55,-0.01,0,0,,,,-0.4,-0.065,1.8,13.26,-0.01,,,
148.17,REGROUND,-42.88,-1.63,-9.58,37.56,-0.01,0,0,,,,-0.39,-0.063,2.4,13.26,-0.01,,,
148.22,REGROUND,-42.88,-1.63,-9.58,37.57,-0.01,0,0,,,,-0.4,-0.064,1.7,13.26,-0.01,,,
148.27,REGROUND,-42.92,-1.63,-9.58,37.58,-0.01,0,0,,,,-0.39,-0.063,2.4,13.26,-0.01,,,
148.32,REGROUND,-42.92,-1.63,-9.58,37.6,-0.01,0,0,,,,-0.4,-0.064,1.7,13.26,-0.01,,,
148.37,REGROUND,-42.96,-1.63,-9.58,37.61,-0.01,0,0,,,,-0.39,-0.062,3.9,13.26,-0.01,,,
148.42,REGROUND,-42.96,-1.63,-9.58,37.62,-0.01,0,0,,,,-0.4,-0.064,1.9,13.26,-0.01,,,
148.47,REGROUND,-43.0,-1.63,-9.58,37.63,-0.01,0,0,,,,-0.39,-0.062,2.5,13.26,-0.01,,,
148.52,REGROUND,-43.0,-1.63,-9.58,37.65,-0.01,0,0,,,,-0.4,-0.064,1.9,13.26,-0.01,,,
148.57,REGROUND,-43.04,-1.64,-9.58,37.66,-0.01,0,0,,,,-0.39,-0.062,2.3,13.26,-0.01,,,
148.62,REGROUND,-43.04,-1.64,-9.58,37.67,-0.01,0,0,,,,-0.4,-0.064,1.8,13.26,-0.01,,,
148.67,REGROUND,-43.08,-1.64,-9.58,37.68,-0.01,0,0,,,,-0.39,-0.062,2.6,13.26,-0.01,,,
148.72,REGROUND,-43.08,-1.64,-9.58,37.7,-0.01,0,0,,,,-0.4,-0.064,1.7,13.26,-0.01,,,
148.77,REGROUND,-43.12,-1.64,-9.58,37.71,-0.01,0,0,,,,-0.39,-0.062,2.5,13.26,-0.01,,,
148.82,REGROUND,-43.12,-1.64,-9.58,37.72,-0.01,0,0,,,,-0.4,-0.063,1.7,13.26,-0.01,,,
148.87,REGROUND,-43.16,-1.64,-9.58,37.73,-0.01,0,0,,,,-0.39,-0.062,2.4,13.26,-0.01,,,
148.92,REGROUND,-43.16,-1.64,-9.58,37.75,-0.01,0,0,,,,-0.4,-0.063,1.8,13.26,-0.01,,,
148.97,REGROUND,-43.2,-1.64,-9.58,37.76,-0.01,0,0,,,,-0.39,-0.062,2.4,13.26,-0.01,,,
149.02,REGROUND,-43.2,-1.64,-9.58,37.77,-0.01,0,0,,,,-0.4,-0.063,1.8,13.26,-0.01,,,
149.07,REGROUND,-43.24,-1.64,-9.58,37.78,-0.01,0,0,,,,-0.39,-0.062,2.3,13.26,-0.01,,,
149.12,REGROUND,-43.24,-1.64,-9.58,37.8,-0.01,0,0,,,,-0.4,-0.064,1.9,13.26,-0.01,,,
149.17,REGROUND,-43.28,-1.64,-9.58,37.81,-0.01,0,0,,,,-0.39,-0.062,2.5,13.26,-0.01,,,
149.22,REGROUND,-43.28,-1.64,-9.58,37.82,-0.01,0,0,,,,-0.4,-0.064,1.9,13.26,-0.01,,,
149.27,REGROUND,-43.32,-1.65,-9.58,37.83,-0.01,0,0,,,,-0.39,-0.062,2.5,13.26,-0.01,,,
149.32,REGROUND,-43.32,-1.65,-9.58,37.85,-0.01,0,0,,,,-0.4,-0.064,1.8,13.26,-0.01,,,
149.37,REGROUND,-43.36,-1.65,-9.58,37.86,-0.01,0,0,,,,-0.39,-0.062,2.6,13.26,-0.01,,,
149.42,REGROUND,-43.36,-1.65,-9.58,37.87,-0.01,0,0,,,,-0.4,-0.064,1.8,13.26,-0.01,,,
149.47,REGROUND,-43.4,-1.65,-9.58,37.88,-0.01,0,0,,,,-0.39,-0.063,2.4,13.26,-0.01,,,
149.52,REGROUND,-43.4,-1.65,-9.58,37.9,-0.01,0,0,,,,-0.4,-0.064,1.7,13.26,-0.01,,,
149.57,REGROUND,-43.44,-1.65,-9.58,37.91,-0.01,0,0,,,,-0.39,-0.063,2.4,13.26,-0.01,,,
149.62,REGROUND,-43.44,-1.65,-9.58,37.92,-0.01,0,0,,,,-0.4,-0.065,1.8,13.26,-0.01,,,
149.67,REGROUND,-43.48,-1.65,-9.58,37.93,-0.01,0,0,,,,-0.389,-0.063,2.3,13.26,-0.01,,,
149.72,REGROUND,-43.48,-1.65,-9.58,37.95,-0.01,0,0,,,,-0.399,-0.065,1.8,13.26,-0.01,,,
149.78,REGROUND,-43.52,-1.65,-9.58,37.96,-0.01,0,0,,,,-0.39,-0.064,2.3,13.26,-0.01,,,
149.83,REGROUND,-43.52,-1.65,-9.58,37.97,-0.01,0,0,,,,-0.399,-0.065,1.9,13.26,-0.01,,,
149.88,REGROUND,-43.56,-1.65,-9.58,37.98,-0.01,0,0,,,,-0.389,-0.064,2.6,13.26,-0.01,,,
149.93,REGROUND,-43.56,-1.65,-9.58,38.0,-0.01,0,0,,,,-0.399,-0.066,1.9,13.26,-0.01,,,
149.98,REGROUND,-43.6,-1.65,-9.58,38.01,-0.01,0,0,,,,-0.389,-0.064,2.6,13.26,-0.01,,,
