t_s,state,copter_n,copter_e,copter_d,rover_n,rover_e,in_fov,occluded,bbox_cx,bbox_cy,px_err,vx_cmd,vy_cmd,loop_ms,dist_n,dist_e,d_true_px,d_dist_px,carry_score
0.0,ACQUIRE,0.01,-0.01,-8.81,0.51,-0.01,1,0,,,,0.0,0.0,4.7,-1.99,2.99,,,
0.05,ACQUIRE,0.01,-0.01,-8.92,0.54,-0.01,1,0,,,,0.0,0.0,1.5,-1.96,2.99,,,
0.1,ACQUIRE,0.01,-0.01,-8.92,0.56,-0.01,1,0,,,,0.0,0.0,0.9,-1.94,2.99,,,
0.15,ACQUIRE,0.01,-0.01,-9.03,0.59,-0.01,1,0,,,,0.0,0.0,1.9,-1.91,2.99,,,
0.2,ACQUIRE,0.01,-0.01,-9.03,0.61,-0.01,1,0,,,,0.0,0.0,1.2,-1.89,2.99,,,
0.25,ACQUIRE,0.01,-0.01,-9.13,0.64,-0.01,1,0,,,,0.0,0.0,1.8,-1.86,2.99,,,
0.3,ACQUIRE,0.01,-0.01,-9.13,0.66,-0.01,1,0,,,,0.0,0.0,1.2,-1.84,2.99,,,
0.35,ACQUIRE,0.01,-0.01,-9.22,0.69,-0.01,1,0,,,,0.56,1.52,3.4,-1.81,2.99,,,
0.4,ACQUIRE,0.01,-0.01,-9.22,0.71,-0.01,1,0,,,,0.57,1.52,2.2,-1.79,2.99,,,
0.45,ACQUIRE,0.01,-0.01,-9.31,0.74,-0.01,1,0,,,,0.58,1.51,3.3,-1.76,2.99,,,
0.5,ACQUIRE,0.01,-0.01,-9.31,0.76,-0.01,1,0,,,,0.6,1.51,2.5,-1.74,2.99,,,
0.55,ACQUIRE,0.01,-0.01,-9.38,0.79,-0.01,1,0,,,,0.61,1.49,3.6,-1.71,2.99,,,
0.6,ACQUIRE,0.01,-0.01,-9.38,0.81,-0.01,1,0,,,,0.63,1.49,1.8,-1.69,2.99,,,
0.65,ACQUIRE,0.01,-0.0,-9.44,0.84,-0.01,1,0,,,,0.63,1.48,2.6,-1.66,2.99,,,
0.7,ACQUIRE,0.01,-0.0,-9.44,0.86,-0.01,1,0,,,,0.64,1.48,1.7,-1.64,2.99,,,
0.75,ACQUIRE,0.01,0.01,-9.49,0.89,-0.01,1,0,,,,0.65,1.47,2.6,-1.61,2.99,,,
0.8,ACQUIRE,0.01,0.01,-9.49,0.91,-0.01,1,0,,,,0.66,1.47,2.5,-1.59,2.99,,,
0.85,ACQUIRE,0.03,0.03,-9.53,0.94,-0.01,1,0,,,,0.8,1.46,3.3,-1.56,2.99,,,
0.9,ACQUIRE,0.03,0.03,-9.53,0.96,-0.01,1,0,,,,0.81,1.46,2.5,-1.54,2.99,,,
0.95,ACQUIRE,0.05,0.06,-9.56,0.99,-0.01,1,0,,,,0.8,1.41,3.3,-1.51,2.99,,,
1.0,ACQUIRE,0.05,0.06,-9.56,1.01,-0.01,1,0,,,,0.82,1.41,2.4,-1.49,2.99,,,
1.05,ACQUIRE,0.08,0.11,-9.58,1.04,-0.01,1,0,,,,0.8,1.34,3.6,-1.46,2.99,,,
1.1,ACQUIRE,0.08,0.11,-9.58,1.07,-0.01,1,0,,,,0.81,1.34,2.3,-1.43,2.99,,,
1.15,ACQUIRE,0.12,0.18,-9.59,1.09,-0.01,1,0,,,,0.78,1.26,3.1,-1.41,2.99,,,
1.2,ACQUIRE,0.12,0.18,-9.59,1.12,-0.01,1,0,,,,0.8,1.26,2.2,-1.38,2.99,,,
1.25,ACQUIRE,0.17,0.26,-9.59,1.14,-0.01,1,0,,,,0.77,1.16,3.1,-1.36,2.99,,,
1.3,ACQUIRE,0.17,0.26,-9.59,1.17,-0.01,1,0,,,,0.78,1.16,2.2,-1.33,2.99,,,
1.35,ACQUIRE,0.24,0.35,-9.59,1.19,-0.01,1,0,,,,0.89,1.06,3.2,-1.31,2.99,,,
1.4,ACQUIRE,0.24,0.35,-9.59,1.22,-0.01,1,0,,,,0.9,1.06,2.2,-1.28,2.99,,,
1.45,ACQUIRE,0.31,0.44,-9.59,1.24,-0.01,1,0,,,,0.85,0.96,2.9,-1.26,2.99,,,
1.5,ACQUIRE,0.31,0.44,-9.59,1.27,-0.01,1,0,,,,0.87,0.96,2.3,-1.23,2.99,,,
1.55,ACQUIRE,0.38,0.54,-9.58,1.29,-0.01,1,0,,,,0.8,0.83,3.5,-1.21,2.99,,,
1.6,ACQUIRE,0.38,0.54,-9.58,1.32,-0.01,1,0,,,,0.82,0.83,2.2,-1.18,2.99,,,
1.65,ACQUIRE,0.46,0.64,-9.58,1.34,-0.01,1,0,,,,0.76,0.71,3.0,-1.16,2.99,,,
1.7,ACQUIRE,0.46,0.64,-9.58,1.37,-0.01,1,0,,,,0.78,0.71,2.0,-1.13,2.99,,,
1.75,ACQUIRE,0.55,0.74,-9.57,1.39,-0.01,1,0,,,,0.7,0.59,3.1,-1.11,2.99,,,
1.8,ACQUIRE,0.55,0.74,-9.57,1.42,-0.01,1,0,,,,0.72,0.6,2.3,-1.08,2.99,,,
1.85,ACQUIRE,0.64,0.83,-9.56,1.44,-0.01,1,0,,,,0.8,0.5,3.4,-1.06,2.99,,,
1.9,ACQUIRE,0.64,0.83,-9.56,1.47,-0.01,1,0,,,,0.81,0.5,2.3,-1.03,2.99,,,
1.95,ACQUIRE,0.73,0.92,-9.56,1.49,-0.01,1,0,,,,0.73,0.4,3.2,-1.01,2.99,,,
2.0,ACQUIRE,0.73,0.92,-9.56,1.52,-0.01,1,0,,,,0.75,0.4,2.9,-0.98,2.99,,,
2.05,ACQUIRE,0.82,1.0,-9.55,1.54,-0.01,1,0,,,,0.68,0.29,3.2,-0.96,2.99,,,
2.1,ACQUIRE,0.82,1.0,-9.55,1.57,-0.01,1,0,,,,0.69,0.29,2.6,-0.93,2.99,,,
2.15,ACQUIRE,0.9,1.07,-9.55,1.59,-0.01,1,0,,,,0.61,0.2,3.0,-0.91,2.99,,,
2.2,ACQUIRE,0.9,1.07,-9.55,1.62,-0.01,1,0,,,,0.63,0.2,2.3,-0.88,2.99,,,
2.25,ACQUIRE,0.99,1.14,-9.55,1.64,-0.01,1,0,,,,0.56,0.1,3.0,-0.86,2.99,,,
2.3,CARRY,0.99,1.14,-9.55,1.67,-0.01,1,0,,,,-0.15,-0.448,615.8,-0.83,2.99,,,
2.92,CARRY,1.45,1.37,-9.55,1.97,-0.01,1,0,244.5,199.0,85.9,0.82,-1.51,55.0,-0.53,2.99,0.2,226.7,6.844
2.98,CARRY,1.51,1.39,-9.55,2.0,-0.01,1,0,243.5,201.5,85.6,0.77,-1.53,58.1,-0.5,2.99,0.6,226.1,7.125
3.04,CARRY,1.58,1.4,-9.55,2.03,-0.01,1,0,242.0,203.0,86.3,0.74,-1.56,55.3,-0.47,2.99,0.2,226.6,7.375
3.09,CARRY,1.58,1.4,-9.55,2.06,-0.01,1,0,242.5,202.0,86.3,0.76,-1.55,61.5,-0.44,2.99,0.8,225.9,7.438
3.16,CARRY,1.64,1.41,-9.55,2.09,-0.01,1,0,241.0,203.5,87.0,0.73,-1.58,55.4,-0.41,2.99,0.7,226.4,7.562
3.21,CARRY,1.64,1.41,-9.55,2.12,-0.01,1,0,241.0,202.0,87.7,0.76,-1.58,59.4,-0.38,2.99,0.9,226.5,7.594
3.27,CARRY,1.7,1.42,-9.55,2.15,-0.01,1,0,240.5,203.5,87.5,0.73,-1.59,54.5,-0.35,2.99,0.8,226.5,7.719
3.33,CARRY,1.7,1.42,-9.55,2.18,-0.01,1,0,241.0,201.5,87.9,0.77,-1.58,60.6,-0.32,2.99,0.4,226.6,7.781
3.39,CARRY,1.76,1.41,-9.56,2.21,-0.01,1,0,241.0,203.5,87.0,0.73,-1.58,56.8,-0.29,2.99,0.7,226.3,7.812
3.45,CARRY,1.81,1.39,-9.56,2.24,-0.01,1,0,242.5,205.5,84.8,0.69,-1.55,61.2,-0.26,2.99,0.9,225.7,7.812
3.51,CARRY,1.81,1.39,-9.56,2.27,-0.01,1,0,242.5,203.5,85.7,0.73,-1.55,53.6,-0.23,2.99,0.7,226.1,7.906
3.57,CARRY,1.86,1.35,-9.56,2.3,-0.01,1,0,244.5,205.0,83.2,0.7,-1.51,59.7,-0.2,2.99,0.3,226.5,7.969
3.63,CARRY,1.91,1.29,-9.56,2.33,-0.01,1,0,248.5,207.0,78.7,0.66,-1.43,58.1,-0.17,2.99,0.5,225.9,8.25
3.69,CARRY,1.91,1.29,-9.56,2.36,-0.01,1,0,248.5,205.5,79.4,0.69,-1.43,58.9,-0.14,2.99,0.7,225.9,8.562
3.75,CARRY,1.96,1.2,-9.56,2.39,-0.01,1,0,253.5,207.0,74.2,0.66,-1.33,56.5,-0.11,2.99,0.5,225.9,8.875
3.8,CARRY,1.96,1.2,-9.56,2.42,-0.01,1,0,253.5,205.5,74.9,0.69,-1.33,59.8,-0.08,2.99,0.7,225.9,8.938
3.86,CARRY,2.01,1.1,-9.56,2.45,-0.01,1,0,259.0,207.0,69.4,0.66,-1.22,54.2,-0.05,2.99,0.6,226.3,8.812
3.92,CARRY,2.01,1.1,-9.56,2.47,-0.01,1,0,259.5,205.5,69.6,0.69,-1.21,60.8,-0.03,2.99,0.5,226.1,8.75
3.98,CARRY,2.06,0.98,-9.57,2.51,-0.01,1,0,266.0,207.5,63.0,0.65,-1.08,54.6,0.01,2.99,0.7,225.9,8.688
4.04,CARRY,2.11,0.86,-9.57,2.53,-0.01,1,0,273.0,209.5,56.0,0.61,-0.94,60.8,0.03,2.99,0.6,225.9,8.875
4.1,CARRY,2.11,0.86,-9.57,2.56,-0.01,1,0,273.5,207.5,56.7,0.65,-0.93,55.4,0.06,2.99,0.4,225.8,8.938
4.16,CARRY,2.16,0.74,-9.57,2.59,-0.01,1,0,280.0,209.0,50.6,0.62,-0.8,59.4,0.09,2.99,0.5,226.7,8.562
4.22,CARRY,2.16,0.74,-9.57,2.62,-0.01,1,0,280.5,208.5,50.5,0.63,-0.79,55.6,0.12,2.99,0.9,225.6,8.625
4.27,CARRY,2.21,0.61,-9.57,2.65,-0.01,1,0,287.5,210.5,43.9,0.59,-0.65,61.8,0.15,2.99,0.8,225.7,8.625
4.34,CARRY,2.26,0.49,-9.57,2.68,-0.01,1,0,294.5,212.5,37.5,0.55,-0.51,55.2,0.18,2.99,0.7,225.7,8.875
4.39,CARRY,2.26,0.49,-9.57,2.71,-0.01,1,0,295.0,210.5,38.7,0.59,-0.5,60.1,0.21,2.99,0.4,225.8,8.812
4.45,CARRY,2.31,0.37,-9.57,2.74,-0.01,1,0,301.5,212.5,33.1,0.55,-0.37,54.1,0.24,2.99,0.3,225.9,8.688
4.51,CARRY,2.31,0.37,-9.57,2.77,-0.01,1,0,301.5,211.5,34.0,0.57,-0.37,60.8,0.27,2.99,0.9,225.6,8.688
4.57,CARRY,2.36,0.25,-9.57,2.8,-0.01,1,0,308.0,213.0,29.5,0.54,-0.24,56.8,0.3,2.99,0.4,225.8,8.812
4.63,CARRY,2.41,0.15,-9.57,2.83,-0.01,1,0,313.5,215.0,25.8,0.5,-0.13,61.0,0.33,2.99,0.4,225.9,9.125
4.69,CARRY,2.41,0.15,-9.57,2.86,-0.01,1,0,314.0,213.0,27.7,0.54,-0.12,55.7,0.36,2.99,0.2,225.9,9.125
4.75,CARRY,2.46,0.06,-9.57,2.89,-0.01,1,0,318.5,215.0,25.0,0.5,-0.03,62.4,0.39,2.99,0.5,226.4,8.875
4.81,CARRY,2.46,0.06,-9.57,2.92,-0.01,1,0,319.5,213.0,27.0,0.54,-0.01,54.8,0.42,2.99,0.2,226.0,9.0
4.87,CARRY,2.51,-0.02,-9.57,2.95,-0.01,1,0,324.0,215.0,25.3,0.5,0.08,61.4,0.45,2.99,0.2,225.9,9.125
4.93,CARRY,2.56,-0.1,-9.57,2.98,-0.01,1,0,327.5,217.0,24.2,0.46,0.15,55.0,0.48,2.99,0.4,226.0,8.75
4.99,CARRY,2.56,-0.1,-9.57,3.01,-0.01,1,0,328.0,215.0,26.2,0.5,0.16,60.8,0.51,2.99,0.1,226.1,8.938
5.05,CARRY,2.62,-0.15,-9.57,3.04,-0.01,1,0,331.5,217.0,25.7,0.46,0.23,56.7,0.54,2.99,0.4,225.7,8.938
5.11,CARRY,2.62,-0.15,-9.57,3.07,-0.01,1,0,331.5,215.5,27.1,0.49,0.23,59.5,0.57,2.99,0.5,225.7,9.0
5.17,CARRY,2.67,-0.2,-9.57,3.1,-0.01,1,0,334.0,217.0,26.9,0.46,0.28,53.9,0.6,2.99,0.4,225.9,9.0
5.22,CARRY,2.72,-0.24,-9.58,3.13,-0.01,1,0,336.0,219.0,26.4,0.42,0.32,60.5,0.63,2.99,0.6,225.7,8.812
5.29,CARRY,2.72,-0.24,-9.58,3.16,-0.01,1,0,336.5,217.0,28.3,0.46,0.33,55.9,0.66,2.99,0.4,225.7,8.875
5.34,CARRY,2.77,-0.27,-9.58,3.19,-0.01,1,0,338.0,218.0,28.4,0.44,0.36,62.2,0.69,2.99,0.3,226.0,8.75
5.41,CARRY,2.77,-0.27,-9.58,3.22,-0.01,1,0,338.0,217.0,29.2,0.46,0.36,53.6,0.72,2.99,0.6,225.6,8.812
5.46,CARRY,2.82,-0.29,-9.58,3.24,-0.01,1,0,339.0,218.0,29.1,0.44,0.38,61.3,0.74,2.99,0.1,225.9,8.688
5.52,CARRY,2.82,-0.29,-9.58,3.28,-0.01,1,0,338.5,216.0,30.3,0.48,0.37,56.1,0.78,2.99,0.6,226.5,8.75
5.58,CARRY,2.88,-0.3,-9.58,3.3,-0.01,1,0,339.5,217.5,29.8,0.45,0.39,59.7,0.8,2.99,0.0,226.0,8.625
5.64,CARRY,2.93,-0.3,-9.58,3.34,-0.01,1,0,339.5,219.0,28.7,0.42,0.39,55.1,0.84,2.99,0.2,225.8,8.625
5.7,CARRY,2.93,-0.3,-9.58,3.36,-0.01,1,0,339.5,217.0,30.2,0.46,0.39,61.4,0.86,2.99,0.2,226.2,8.75
5.76,CARRY,2.98,-0.3,-9.58,3.39,-0.01,1,0,339.0,218.5,28.7,0.43,0.38,55.5,0.89,2.99,0.3,226.1,8.688
5.82,CARRY,2.98,-0.3,-9.58,3.42,-0.01,1,0,339.0,217.0,29.8,0.46,0.38,60.6,0.92,2.99,0.6,226.1,8.688
5.88,CARRY,3.03,-0.29,-9.58,3.45,-0.01,1,0,339.0,218.0,29.1,0.44,0.38,56.4,0.95,2.99,0.3,225.7,8.688
5.94,CARRY,3.09,-0.27,-9.58,3.48,-0.01,1,0,338.0,219.0,27.7,0.42,0.36,61.6,0.98,2.99,0.3,225.9,8.688
6.0,CARRY,3.09,-0.27,-9.58,3.51,-0.01,1,0,338.0,217.5,28.8,0.45,0.36,54.8,1.01,2.99,0.1,225.9,8.625
6.06,CARRY,3.14,-0.25,-9.58,3.54,-0.01,1,0,337.0,218.5,27.4,0.43,0.34,59.9,1.04,2.99,0.2,225.9,8.625
6.12,CARRY,3.14,-0.25,-9.58,3.57,-0.01,1,0,336.5,217.0,28.3,0.46,0.33,55.9,1.07,2.99,0.6,226.2,8.625
6.18,CARRY,3.19,-0.23,-9.58,3.6,-0.01,1,0,336.0,218.5,26.8,0.43,0.32,60.9,1.1,2.99,0.5,225.5,8.688
6.24,CARRY,3.24,-0.21,-9.58,3.63,-0.01,1,0,334.0,219.0,25.2,0.42,0.28,55.2,1.13,2.99,0.4,226.3,9.125
6.29,CARRY,3.24,-0.21,-9.58,3.66,-0.01,1,0,335.0,217.5,27.0,0.45,0.3,60.3,1.16,2.99,0.4,225.6,8.875
6.36,CARRY,3.29,-0.19,-9.58,3.69,-0.01,1,0,333.0,218.5,25.1,0.43,0.26,57.0,1.19,2.99,0.2,226.1,9.125
6.41,CARRY,3.29,-0.19,-9.58,3.72,-0.01,1,0,333.5,217.0,26.7,0.46,0.27,61.3,1.22,2.99,0.1,225.8,9.062
6.48,CARRY,3.34,-0.17,-9.58,3.75,-0.01,1,0,332.0,218.0,25.1,0.44,0.24,55.6,1.25,2.99,0.2,225.8,9.062
6.53,CARRY,3.4,-0.15,-9.58,3.78,-0.01,1,0,331.0,219.0,23.7,0.42,0.22,61.5,1.28,2.99,0.4,225.6,9.062
6.6,CARRY,3.4,-0.15,-9.58,3.81,-0.01,1,0,331.0,217.0,25.5,0.46,0.22,55.5,1.31,2.99,0.2,225.9,9.0
6.65,CARRY,3.45,-0.13,-9.58,3.84,-0.01,1,0,329.5,218.0,24.0,0.44,0.19,60.6,1.34,2.99,0.2,226.0,8.875
6.72,CARRY,3.45,-0.13,-9.58,3.87,-0.01,1,0,329.5,216.5,25.3,0.47,0.19,54.7,1.37,2.99,0.2,226.0,8.875
6.77,CARRY,3.5,-0.11,-9.58,3.9,-0.01,1,0,328.0,217.5,23.9,0.45,0.16,62.4,1.4,2.99,0.4,226.2,8.688
6.84,CARRY,3.54,-0.09,-9.58,3.93,-0.01,1,0,327.0,218.5,22.6,0.43,0.14,56.7,1.43,2.99,0.2,225.9,8.75
6.89,CARRY,3.54,-0.09,-9.58,3.96,-0.01,1,0,327.0,216.5,24.5,0.47,0.14,59.3,1.46,2.99,0.5,226.3,8.75
6.95,CARRY,3.59,-0.07,-9.58,3.99,-0.01,1,0,326.0,217.5,23.3,0.45,0.12,57.5,1.49,2.99,0.3,226.2,8.812
7.01,CARRY,3.59,-0.07,-9.58,4.02,-0.01,1,0,327.0,216.5,24.5,0.47,0.14,60.4,1.52,2.99,0.7,225.1,8.938
7.07,CARRY,3.64,-0.05,-9.58,4.05,-0.01,1,0,325.0,217.5,23.0,0.45,0.1,56.8,1.55,2.99,0.8,225.7,8.938
7.13,CARRY,3.69,-0.04,-9.58,4.08,-0.01,1,0,325.0,218.0,22.6,0.44,0.1,61.8,1.58,2.99,0.5,225.4,8.938
7.2,CARRY,3.69,-0.04,-9.58,4.11,-0.01,1,0,325.0,216.5,24.0,0.47,0.1,54.6,1.61,2.99,0.6,225.3,8.938
7.25,CARRY,3.74,-0.03,-9.58,4.14,-0.01,1,0,323.5,217.0,23.3,0.46,0.07,61.2,1.64,2.99,0.4,226.1,9.062
7.31,CARRY,3.74,-0.03,-9.58,4.17,-0.01,1,0,324.0,215.0,25.3,0.5,0.08,55.0,1.67,2.99,0.2,226.0,9.125
7.37,CARRY,3.78,-0.02,-9.58,4.2,-0.01,1,0,323.0,216.5,23.7,0.47,0.06,60.0,1.7,2.99,0.5,225.9,9.0
7.43,CARRY,3.83,-0.01,-9.58,4.23,-0.01,1,0,323.0,217.0,23.2,0.46,0.06,55.5,1.73,2.99,0.3,225.6,9.062
7.49,CARRY,3.83,-0.01,-9.58,4.26,-0.01,1,0,323.0,216.0,24.2,0.48,0.06,60.6,1.76,2.99,0.7,225.3,9.0
7.55,CARRY,3.87,-0.0,-9.58,4.29,-0.01,1,0,321.5,216.5,23.5,0.47,0.03,57.0,1.79,2.99,1.0,226.2,8.875
7.61,CARRY,3.87,-0.0,-9.58,4.32,-0.01,1,0,323.0,215.0,25.2,0.5,0.06,61.1,1.82,2.99,0.6,225.2,9.062
7.67,CARRY,3.92,0.01,-9.58,4.35,-0.01,1,0,322.0,216.0,24.1,0.48,0.04,55.9,1.85,2.99,0.8,225.4,8.938
7.73,CARRY,3.97,0.01,-9.58,4.38,-0.01,1,0,321.5,216.5,23.5,0.47,0.03,60.3,1.88,2.99,0.4,225.8,8.812
7.79,CARRY,3.97,0.01,-9.58,4.41,-0.01,1,0,322.0,215.0,25.1,0.5,0.04,55.6,1.91,2.99,0.6,225.4,8.938
7.85,CARRY,4.01,0.01,-9.58,4.44,-0.01,1,0,321.0,216.0,24.0,0.48,0.02,61.1,1.94,2.99,0.9,225.8,9.062
7.91,CARRY,4.01,0.01,-9.58,4.47,-0.01,1,0,321.5,214.0,26.0,0.52,0.03,56.2,1.97,2.99,0.5,225.7,9.0
7.97,CARRY,4.06,0.02,-9.58,4.5,-0.01,1,0,321.0,215.0,25.0,0.5,0.02,60.8,2.0,2.99,0.7,225.9,9.062
8.03,CARRY,4.06,0.02,-9.58,4.53,-0.01,1,0,321.5,213.0,27.0,0.54,0.03,55.2,2.03,2.99,0.4,225.8,9.0
8.08,CARRY,4.1,0.02,-9.59,4.56,-0.01,1,0,321.0,214.0,26.0,0.52,0.02,61.9,2.06,2.99,0.6,226.0,9.0
8.15,CARRY,4.15,0.02,-9.59,4.59,-0.01,1,0,321.0,215.0,25.0,0.5,0.02,55.2,2.09,2.99,0.5,225.8,8.938
8.2,CARRY,4.15,0.02,-9.59,4.62,-0.01,1,0,321.5,213.5,26.5,0.53,0.03,60.1,2.12,2.99,0.5,225.5,8.875
8.27,CARRY,4.2,0.02,-9.59,4.65,-0.01,1,0,321.0,214.5,25.5,0.51,0.02,55.7,2.15,2.99,0.8,225.6,8.812
8.32,CARRY,4.2,0.02,-9.59,4.68,-0.01,1,0,321.5,213.0,27.0,0.54,0.03,60.1,2.18,2.99,0.8,225.3,8.875
8.38,CARRY,4.24,0.02,-9.59,4.71,-0.01,1,0,321.5,214.0,26.0,0.52,0.03,56.2,2.21,2.99,0.8,225.3,8.75
8.44,CARRY,4.29,0.02,-9.59,4.73,-0.01,1,0,321.0,215.0,25.0,0.5,0.02,59.5,2.23,2.99,0.8,225.6,8.75
8.5,CARRY,4.29,0.02,-9.59,4.77,-0.01,1,0,321.5,213.0,27.0,0.54,0.03,55.1,2.27,2.99,0.5,225.6,8.75
8.56,CARRY,4.34,0.02,-9.59,4.79,-0.01,1,0,321.5,214.0,26.0,0.52,0.03,59.7,2.29,2.99,0.3,225.7,8.688
8.62,CARRY,4.34,0.02,-9.59,4.82,-0.01,1,0,322.0,212.5,27.6,0.55,0.04,55.1,2.32,2.99,0.5,225.3,8.75
8.68,CARRY,4.39,0.02,-9.59,4.85,-0.01,1,0,321.5,214.0,26.0,0.52,0.03,55.6,2.35,2.99,0.9,225.4,8.625
8.73,CARRY,4.44,0.01,-9.59,4.88,-0.01,1,0,321.5,215.0,25.0,0.5,0.03,55.2,2.38,2.99,0.7,225.5,8.625
8.79,CARRY,4.44,0.01,-9.59,4.91,-0.01,1,0,321.5,213.0,27.0,0.54,0.03,56.3,2.41,2.99,0.5,226.0,8.562
8.85,CARRY,4.49,0.01,-9.59,4.94,-0.01,1,0,321.5,214.5,25.5,0.51,0.03,55.3,2.44,2.99,0.7,225.7,8.5
8.9,CARRY,4.49,0.01,-9.59,4.97,-0.01,1,0,321.5,213.0,27.0,0.54,0.03,54.7,2.47,2.99,0.9,225.7,8.562
8.96,CARRY,4.54,0.01,-9.59,4.99,-0.01,1,0,321.5,214.0,26.0,0.52,0.03,55.8,2.49,2.99,0.7,225.9,8.5
9.02,CARRY,4.54,0.01,-9.59,5.02,-0.01,1,0,322.0,212.5,27.6,0.55,0.04,54.6,2.52,2.99,0.6,225.6,8.562
9.07,CARRY,4.59,0.01,-9.59,5.05,-0.01,1,0,321.5,214.0,26.0,0.52,0.03,54.8,2.55,2.99,1.0,225.8,8.562
9.13,CARRY,4.64,0.01,-9.59,5.08,-0.01,1,0,321.5,215.0,25.0,0.5,0.03,55.5,2.58,2.99,0.8,226.0,8.688
9.19,CARRY,4.64,0.01,-9.59,5.11,-0.01,1,0,322.0,213.5,26.6,0.53,0.04,54.8,2.61,2.99,0.6,225.7,8.562
9.24,CARRY,4.69,0.01,-9.59,5.13,-0.01,1,0,322.0,215.0,25.1,0.5,0.04,56.5,2.63,2.99,0.7,225.5,8.625
9.3,CARRY,4.69,0.01,-9.59,5.16,-0.01,1,0,322.0,213.0,27.1,0.54,0.04,55.1,2.66,2.99,0.6,225.9,8.625
9.36,CARRY,4.74,0.0,-9.59,5.19,-0.01,1,0,322.0,214.5,25.6,0.51,0.04,56.0,2.69,2.99,0.6,225.7,8.562
9.41,CARRY,4.74,0.0,-9.59,5.22,-0.01,1,0,322.0,213.0,27.1,0.54,0.04,56.0,2.72,2.99,0.9,225.7,8.688
9.47,CARRY,4.79,0.0,-9.59,5.25,-0.01,1,0,322.0,214.0,26.1,0.52,0.04,57.0,2.75,2.99,0.6,226.0,8.625
9.53,CARRY,4.85,0.0,-9.59,5.28,-0.01,1,0,322.5,215.5,24.6,0.49,0.05,56.2,2.78,2.99,0.4,225.4,8.625
9.59,CARRY,4.85,0.0,-9.59,5.31,-0.01,1,0,323.0,214.0,26.2,0.52,0.06,54.1,2.81,2.99,0.7,225.1,8.562
9.64,CARRY,4.9,-0.0,-9.59,5.33,-0.01,1,0,322.5,215.0,25.1,0.5,0.05,54.3,2.83,2.99,0.2,225.7,8.75
9.7,CARRY,4.9,-0.0,-9.59,5.36,-0.01,1,0,323.0,214.0,26.2,0.52,0.06,54.9,2.86,2.99,0.8,225.0,8.75
9.75,CARRY,4.95,-0.0,-9.59,5.39,-0.01,1,0,323.0,215.0,25.2,0.5,0.06,55.8,2.89,2.99,0.5,225.2,8.812
9.81,CARRY,4.95,-0.0,-9.59,5.42,-0.01,1,0,323.0,213.5,26.7,0.53,0.06,55.3,2.92,2.99,0.6,225.3,8.75
9.87,CARRY,5.0,-0.0,-9.59,5.45,-0.01,1,0,323.0,215.0,25.2,0.5,0.06,54.4,2.95,2.99,0.8,225.1,8.75
9.92,CARRY,5.0,-0.0,-9.59,5.48,-0.01,1,0,323.0,213.0,27.2,0.54,0.06,54.2,2.98,2.99,0.3,225.5,8.75
9.98,CARRY,5.05,-0.0,-9.59,5.5,-0.01,1,0,323.0,214.5,25.7,0.51,0.06,54.8,3.0,2.99,0.5,225.3,8.875
10.03,CARRY,5.1,-0.0,-9.59,5.53,-0.01,1,0,323.0,216.0,24.2,0.48,0.06,56.0,3.03,2.99,0.7,225.1,8.812
10.09,CARRY,5.1,-0.0,-9.59,5.56,-0.01,1,0,323.0,214.0,26.2,0.52,0.06,55.4,3.06,2.99,0.3,225.5,8.75
10.15,CARRY,5.16,-0.0,-9.59,5.59,-0.01,1,0,323.0,215.5,24.7,0.49,0.06,55.7,3.09,2.99,0.5,225.3,8.812
10.21,CARRY,5.16,-0.0,-9.59,5.62,-0.01,1,0,323.0,214.0,26.2,0.52,0.06,57.8,3.12,2.99,0.5,225.4,8.75
10.26,CARRY,5.21,-0.0,-9.59,5.65,-0.01,1,0,323.0,215.0,25.2,0.5,0.06,55.2,3.15,2.99,0.4,225.4,8.938
10.32,CARRY,5.21,-0.0,-9.59,5.67,-0.01,1,0,323.0,213.5,26.7,0.53,0.06,55.1,3.17,2.99,0.4,225.5,8.812
10.38,CARRY,5.26,-0.0,-9.59,5.7,-0.01,1,0,323.0,215.0,25.2,0.5,0.06,56.6,3.2,2.99,0.6,225.3,8.875
10.44,CARRY,5.31,-0.0,-9.59,5.73,-0.01,1,0,322.5,216.0,24.1,0.48,0.05,56.1,3.23,2.99,0.3,225.7,8.812
10.49,CARRY,5.31,-0.0,-9.59,5.76,-0.01,1,0,323.0,214.5,25.7,0.51,0.06,56.5,3.26,2.99,0.4,225.4,8.812
10.55,CARRY,5.36,-0.0,-9.59,5.79,-0.01,1,0,323.0,216.0,24.2,0.48,0.06,56.4,3.29,2.99,0.7,225.1,8.75
10.61,CARRY,5.36,-0.0,-9.59,5.82,-0.01,1,0,323.0,214.0,26.2,0.52,0.06,54.2,3.32,2.99,0.3,225.5,8.688
10.66,CARRY,5.41,-0.0,-9.59,5.85,-0.01,1,0,323.0,215.5,24.7,0.49,0.06,55.1,3.35,2.99,0.5,225.3,8.875
10.72,CARRY,5.41,-0.0,-9.59,5.87,-0.01,1,0,323.0,214.0,26.2,0.52,0.06,53.7,3.37,2.99,0.5,225.4,8.75
10.77,CARRY,5.46,-0.01,-9.59,5.9,-0.01,1,0,323.0,215.5,24.7,0.49,0.06,59.1,3.4,2.99,0.7,225.2,8.875
10.84,CARRY,5.51,-0.01,-9.59,5.93,-0.01,1,0,323.0,216.5,23.7,0.47,0.06,55.7,3.43,2.99,0.6,225.2,8.812
10.89,CARRY,5.51,-0.01,-9.59,5.96,-0.01,1,0,323.0,215.0,25.2,0.5,0.06,54.4,3.46,2.99,0.6,225.3,8.812
10.95,CARRY,5.57,-0.01,-9.59,5.99,-0.01,1,0,323.0,216.0,24.2,0.48,0.06,55.8,3.49,2.99,0.3,225.4,8.812
11.0,CARRY,5.57,-0.01,-9.59,6.02,-0.01,1,0,323.0,214.5,25.7,0.51,0.06,53.8,3.52,2.99,0.4,225.5,8.75
11.06,CARRY,5.62,-0.01,-9.59,6.04,-0.01,1,0,323.0,216.0,24.2,0.48,0.06,54.9,3.54,2.99,0.6,225.3,8.875
11.12,CARRY,5.62,-0.01,-9.59,6.07,-0.01,1,0,323.0,214.0,26.2,0.52,0.06,54.1,3.57,2.99,0.2,225.7,8.812
11.17,CARRY,5.67,-0.01,-9.59,6.1,-0.01,1,0,323.0,215.5,24.7,0.49,0.06,54.2,3.6,2.99,0.4,225.5,8.938
11.23,CARRY,5.72,-0.01,-9.59,6.13,-0.01,1,0,323.0,217.0,23.2,0.46,0.06,54.9,3.63,2.99,0.6,225.2,8.75
11.28,CARRY,5.72,-0.01,-9.59,6.16,-0.01,1,0,323.0,215.0,25.2,0.5,0.06,53.5,3.66,2.99,0.2,225.7,8.875
11.34,CARRY,5.77,-0.01,-9.59,6.18,-0.01,1,0,323.0,216.5,23.7,0.47,0.06,55.6,3.68,2.99,0.4,225.4,8.688
11.39,CARRY,5.77,-0.01,-9.59,6.21,-0.01,1,0,323.0,215.0,25.2,0.5,0.06,54.6,3.71,2.99,0.6,225.5,8.938
11.45,CARRY,5.82,-0.01,-9.59,6.24,-0.01,1,0,323.0,216.0,24.2,0.48,0.06,57.8,3.74,2.99,0.3,225.6,8.812
11.51,CARRY,5.82,-0.01,-9.59,6.27,-0.01,1,0,323.0,214.5,25.7,0.51,0.06,55.9,3.77,2.99,0.6,225.6,8.75
11.57,CARRY,5.87,-0.01,-9.59,6.3,-0.01,1,0,323.0,216.0,24.2,0.48,0.06,56.1,3.8,2.99,0.8,225.4,9.0
11.62,CARRY,5.87,-0.01,-9.59,6.33,-0.01,1,0,323.5,214.0,26.2,0.52,0.07,54.6,3.83,2.99,0.4,225.4,8.938
11.68,CARRY,5.92,-0.01,-9.59,6.35,-0.01,1,0,323.0,215.0,25.2,0.5,0.06,55.4,3.85,2.99,0.4,225.9,8.938
11.74,CARRY,5.96,-0.02,-9.59,6.38,-0.01,1,0,323.0,216.5,23.7,0.47,0.06,56.0,3.88,2.99,0.5,225.6,8.938
11.79,CARRY,5.96,-0.02,-9.59,6.41,-0.01,1,0,323.5,215.0,25.2,0.5,0.07,54.7,3.91,2.99,0.6,225.3,8.938
11.85,CARRY,6.01,-0.02,-9.59,6.44,-0.01,1,0,323.0,216.0,24.2,0.48,0.06,55.6,3.94,2.99,0.5,225.7,8.75
11.91,CARRY,6.01,-0.02,-9.59,6.47,-0.01,1,0,323.5,214.5,25.7,0.51,0.07,54.4,3.97,2.99,0.5,225.4,8.75
11.96,CARRY,6.06,-0.02,-9.59,6.5,-0.01,1,0,323.5,216.0,24.3,0.48,0.07,55.4,4.0,2.99,0.8,225.2,8.938
12.02,CARRY,6.06,-0.02,-9.59,6.52,-0.01,1,0,324.0,214.0,26.3,0.52,0.08,54.2,4.02,2.99,0.5,225.2,8.812
12.07,CARRY,6.11,-0.02,-9.59,6.55,-0.01,1,0,323.5,215.5,24.7,0.49,0.07,55.9,4.05,2.99,0.6,225.3,8.938
12.13,CARRY,6.16,-0.02,-9.59,6.58,-0.01,1,0,323.5,216.5,23.8,0.47,0.07,61.7,4.08,2.99,0.4,225.4,8.812
12.2,CARRY,6.16,-0.02,-9.59,6.61,-0.01,1,0,324.0,215.0,25.3,0.5,0.08,60.4,4.11,2.99,0.8,225.0,8.812
12.26,CARRY,6.21,-0.02,-9.59,6.64,-0.01,1,0,323.5,216.0,24.3,0.48,0.07,60.3,4.14,2.99,0.6,225.3,8.938
12.32,CARRY,6.21,-0.02,-9.59,6.67,-0.01,1,0,324.0,213.5,26.8,0.53,0.08,65.7,4.17,2.99,0.2,225.7,8.875
12.39,CARRY,6.26,-0.02,-9.59,6.71,-0.01,1,0,324.0,215.0,25.3,0.5,0.08,57.6,4.21,2.99,0.5,225.2,8.812
12.44,CARRY,6.31,-0.02,-9.59,6.74,-0.01,1,0,323.5,216.0,24.3,0.48,0.07,61.6,4.24,2.99,0.3,225.6,8.812
12.51,CARRY,6.31,-0.02,-9.59,6.77,-0.01,1,0,324.0,214.5,25.8,0.51,0.08,59.8,4.27,2.99,0.6,225.2,8.812
12.57,CARRY,6.36,-0.02,-9.59,6.8,-0.01,1,0,324.0,215.5,24.8,0.49,0.08,57.8,4.3,2.99,0.6,225.2,8.875
12.63,CARRY,6.41,-0.02,-9.59,6.83,-0.01,1,0,323.5,217.0,23.3,0.46,0.07,55.7,4.33,2.99,0.8,225.2,8.75
12.68,CARRY,6.41,-0.02,-9.59,6.86,-0.01,1,0,324.0,215.0,25.3,0.5,0.08,54.4,4.36,2.99,0.5,225.3,8.875
12.74,CARRY,6.46,-0.02,-9.59,6.88,-0.01,1,0,323.0,216.5,23.7,0.47,0.06,54.9,4.38,2.99,0.9,225.7,8.75
12.8,CARRY,6.46,-0.02,-9.59,6.91,-0.01,1,0,324.0,215.0,25.3,0.5,0.08,51.8,4.41,2.99,0.8,225.1,8.75
12.85,CARRY,6.51,-0.02,-9.59,6.94,-0.01,1,0,323.5,216.0,24.3,0.48,0.07,55.1,4.44,2.99,0.4,225.5,9.0
12.91,CARRY,6.51,-0.02,-9.59,6.97,-0.01,1,0,324.0,214.5,25.8,0.51,0.08,53.2,4.47,2.99,0.5,225.3,8.938
12.96,CARRY,6.56,-0.02,-9.59,6.99,-0.01,1,0,324.0,216.0,24.3,0.48,0.08,52.8,4.49,2.99,0.8,225.0,9.0
13.01,CARRY,6.56,-0.02,-9.59,7.02,-0.01,1,0,324.0,214.0,26.3,0.52,0.08,53.3,4.52,2.99,0.3,225.5,8.875
13.07,CARRY,6.61,-0.02,-9.59,7.05,-0.01,1,0,324.0,215.5,24.8,0.49,0.08,61.3,4.55,2.99,0.6,225.2,9.0
13.13,CARRY,6.66,-0.02,-9.59,7.08,-0.01,1,0,323.5,216.5,23.8,0.47,0.07,58.7,4.58,2.99,0.4,225.5,8.875
13.19,CARRY,6.66,-0.02,-9.59,7.11,-0.01,1,0,324.0,215.0,25.3,0.5,0.08,57.3,4.61,2.99,0.7,225.1,8.875
13.25,CARRY,6.71,-0.02,-9.59,7.14,-0.01,1,0,323.5,216.0,24.3,0.48,0.07,58.6,4.64,2.99,0.5,225.4,8.75
13.31,CARRY,6.71,-0.02,-9.59,7.17,-0.01,1,0,324.0,213.5,26.8,0.53,0.08,55.3,4.67,2.99,0.4,225.8,8.75
13.37,CARRY,6.76,-0.02,-9.59,7.2,-0.01,1,0,323.5,215.5,24.7,0.49,0.07,56.3,4.7,2.99,0.4,225.5,8.75
13.42,CARRY,6.76,-0.02,-9.59,7.23,-0.01,1,0,324.0,213.5,26.8,0.53,0.08,57.8,4.73,2.99,0.2,225.5,8.688
13.48,CARRY,6.81,-0.02,-9.59,7.26,-0.01,1,0,323.5,215.0,25.2,0.5,0.07,59.9,4.76,2.99,0.4,225.5,8.625
13.54,CARRY,6.86,-0.02,-9.59,7.29,-0.01,1,0,323.0,216.0,24.2,0.48,0.06,56.6,4.79,2.99,0.5,225.8,8.625
13.6,CARRY,6.86,-0.02,-9.59,7.32,-0.01,1,0,323.5,214.5,25.7,0.51,0.07,57.7,4.82,2.99,0.5,225.5,8.625
13.66,CARRY,6.91,-0.02,-9.59,7.34,-0.01,1,0,323.5,216.0,24.3,0.48,0.07,56.2,4.84,2.99,0.8,225.1,8.625
13.72,CARRY,6.91,-0.02,-9.59,7.37,-0.01,1,0,323.5,214.0,26.2,0.52,0.07,55.9,4.87,2.99,0.4,225.5,8.625
13.78,CARRY,6.96,-0.01,-9.59,7.4,-0.01,1,0,323.5,215.5,24.7,0.49,0.07,59.4,4.9,2.99,0.7,225.2,8.625
13.84,CARRY,7.01,-0.01,-9.59,7.43,-0.01,1,0,322.5,216.5,23.6,0.47,0.05,56.0,4.93,2.99,0.9,225.8,8.438
13.89,CARRY,7.01,-0.01,-9.59,7.46,-0.01,1,0,323.5,215.0,25.2,0.5,0.07,54.6,4.96,2.99,0.7,225.2,8.562
13.95,CARRY,7.06,-0.01,-9.59,7.49,-0.01,1,0,323.0,216.0,24.2,0.48,0.06,54.9,4.99,2.99,0.4,225.6,8.688
14.01,CARRY,7.06,-0.01,-9.59,7.52,-0.01,1,0,323.5,214.5,25.7,0.51,0.07,54.8,5.02,2.99,0.5,225.3,8.625
14.06,CARRY,7.11,-0.01,-9.59,7.54,-0.01,1,0,323.0,216.0,24.2,0.48,0.06,55.0,5.04,2.99,0.7,225.3,8.688
14.12,CARRY,7.11,-0.01,-9.59,7.57,-0.01,1,0,323.5,214.0,26.2,0.52,0.07,55.0,5.07,2.99,0.4,225.4,8.688
14.17,CARRY,7.16,-0.01,-9.59,7.6,-0.01,1,0,323.0,215.5,24.7,0.49,0.06,56.3,5.1,2.99,0.6,225.4,8.688
14.23,CARRY,7.21,-0.01,-9.59,7.63,-0.01,1,0,323.0,216.5,23.7,0.47,0.06,54.8,5.13,2.99,0.4,225.4,8.5
14.29,CARRY,7.21,-0.01,-9.59,7.66,-0.01,1,0,323.0,215.0,25.2,0.5,0.06,56.0,5.16,2.99,0.5,225.5,8.625
14.35,CARRY,7.27,-0.01,-9.59,7.69,-0.01,1,0,323.0,216.0,24.2,0.48,0.06,57.2,5.19,2.99,0.2,225.6,8.5
14.4,CARRY,7.27,-0.01,-9.59,7.72,-0.01,1,0,323.0,214.5,25.7,0.51,0.06,56.5,5.22,2.99,0.4,225.6,8.5
14.46,CARRY,7.32,-0.01,-9.59,7.75,-0.01,1,0,323.0,216.0,24.2,0.48,0.06,56.8,5.25,2.99,0.7,225.2,8.5
14.52,CARRY,7.32,-0.01,-9.59,7.77,-0.01,1,0,323.0,214.0,26.2,0.52,0.06,57.1,5.27,2.99,0.4,225.6,8.5
14.58,CARRY,7.37,-0.01,-9.59,7.8,-0.01,1,0,323.0,215.0,25.2,0.5,0.06,56.1,5.3,2.99,0.2,225.6,8.562
14.64,CARRY,7.41,-0.01,-9.59,7.83,-0.01,1,0,323.0,216.5,23.7,0.47,0.06,59.2,5.33,2.99,0.5,225.2,8.5
14.7,CARRY,7.41,-0.01,-9.59,7.86,-0.01,1,0,323.0,215.0,25.2,0.5,0.06,55.4,5.36,2.99,0.7,225.2,8.562
14.75,CARRY,7.46,-0.01,-9.59,7.89,-0.01,1,0,322.5,216.0,24.1,0.48,0.05,58.2,5.39,2.99,0.6,225.6,8.625
14.81,CARRY,7.46,-0.01,-9.59,7.92,-0.01,1,0,323.0,214.0,26.2,0.52,0.06,58.0,5.42,2.99,0.2,225.6,8.625
14.87,CARRY,7.51,-0.01,-9.59,7.95,-0.01,1,0,323.0,215.5,24.7,0.49,0.06,59.6,5.45,2.99,0.6,225.3,8.625
14.93,CARRY,7.56,-0.01,-9.59,7.98,-0.01,1,0,322.5,216.0,24.1,0.48,0.05,59.5,5.48,2.99,0.2,225.9,8.625
14.99,CARRY,7.56,-0.01,-9.59,8.01,-0.01,1,0,323.0,215.0,25.2,0.5,0.06,57.0,5.51,2.99,0.7,225.2,8.625
15.05,CARRY,7.61,-0.01,-9.59,8.04,-0.01,1,0,322.5,216.0,24.1,0.48,0.05,64.1,5.54,2.99,0.6,225.5,8.688
15.12,CARRY,7.61,-0.01,-9.59,8.07,-0.01,1,0,323.5,214.0,26.2,0.52,0.07,58.1,5.57,2.99,0.7,225.1,8.688
15.18,CARRY,7.66,-0.01,-9.59,8.1,-0.01,1,0,323.0,215.0,25.2,0.5,0.06,60.1,5.6,2.99,0.3,225.4,8.938
15.24,CARRY,7.71,-0.01,-9.59,8.13,-0.01,1,0,322.5,216.0,24.1,0.48,0.05,58.9,5.63,2.99,0.3,225.7,8.812
15.3,CARRY,7.71,-0.01,-9.59,8.16,-0.01,1,0,323.0,214.5,25.7,0.51,0.06,56.0,5.66,2.99,0.4,225.4,8.812
15.36,CARRY,7.76,-0.01,-9.59,8.19,-0.01,1,0,322.5,216.0,24.1,0.48,0.05,55.5,5.69,2.99,0.7,225.4,8.875
15.41,CARRY,7.76,-0.01,-9.59,8.22,-0.01,1,0,323.5,214.0,26.2,0.52,0.07,55.7,5.72,2.99,0.6,225.2,8.812
15.47,CARRY,7.81,-0.01,-9.59,8.25,-0.01,1,0,323.0,215.5,24.7,0.49,0.06,57.2,5.75,2.99,0.6,225.2,8.938
15.53,CARRY,7.86,-0.01,-9.59,8.28,-0.01,1,0,322.5,216.0,24.1,0.48,0.05,56.6,5.78,2.99,0.2,225.9,8.812
15.59,CARRY,7.86,-0.01,-9.59,8.31,-0.01,1,0,323.0,215.0,25.2,0.5,0.06,56.5,5.81,2.99,0.6,225.3,8.875
15.64,CARRY,7.91,-0.01,-9.59,8.34,-0.01,1,0,322.5,216.0,24.1,0.48,0.05,55.0,5.84,2.99,0.4,225.7,8.75
15.7,CARRY,7.91,-0.01,-9.59,8.37,-0.01,1,0,323.0,214.5,25.7,0.51,0.06,53.9,5.87,2.99,0.5,225.4,8.75
15.76,CARRY,7.96,-0.01,-9.59,8.39,-0.01,1,0,322.5,216.0,24.1,0.48,0.05,55.6,5.89,2.99,0.8,225.4,8.75
15.81,CARRY,7.96,-0.01,-9.59,8.42,-0.01,1,0,323.0,214.0,26.2,0.52,0.06,54.6,5.92,2.99,0.3,225.5,8.75
15.87,CARRY,8.01,-0.01,-9.59,8.45,-0.01,1,0,323.0,215.5,24.7,0.49,0.06,56.8,5.95,2.99,0.6,225.2,8.812
15.93,CARRY,8.01,-0.01,-9.59,8.48,-0.01,1,0,323.5,214.0,26.2,0.52,0.07,53.9,5.98,2.99,0.9,224.9,8.812
15.98,CARRY,8.06,-0.01,-9.59,8.51,-0.01,1,0,323.0,215.0,25.2,0.5,0.06,54.6,6.01,2.99,0.5,225.4,9.0
16.04,CARRY,8.11,-0.01,-9.59,8.53,-0.01,1,0,322.5,216.0,24.1,0.48,0.05,56.9,6.03,2.99,0.4,225.8,8.875
16.1,CARRY,8.11,-0.01,-9.59,8.56,-0.01,1,0,323.0,214.5,25.7,0.51,0.06,56.2,6.06,2.99,0.4,225.5,8.812
16.15,CARRY,8.16,-0.01,-9.59,8.59,-0.01,1,0,322.5,216.0,24.1,0.48,0.05,56.1,6.09,2.99,0.8,225.5,8.812
16.21,CARRY,8.16,-0.01,-9.59,8.62,-0.01,1,0,323.5,214.0,26.2,0.52,0.07,55.8,6.12,2.99,0.5,225.3,8.75
16.27,CARRY,8.21,-0.01,-9.59,8.65,-0.01,1,0,323.0,215.5,24.7,0.49,0.06,55.8,6.15,2.99,0.6,225.3,9.0
16.33,CARRY,8.26,-0.01,-9.59,8.68,-0.01,1,0,323.0,216.5,23.7,0.47,0.06,55.8,6.18,2.99,0.4,225.4,8.875
16.38,CARRY,8.26,-0.01,-9.59,8.71,-0.01,1,0,323.0,215.0,25.2,0.5,0.06,58.1,6.21,2.99,0.5,225.5,8.938
16.44,CARRY,8.31,-0.01,-9.59,8.74,-0.01,1,0,322.5,216.0,24.1,0.48,0.05,56.7,6.24,2.99,0.5,225.9,8.875
16.5,CARRY,8.31,-0.01,-9.59,8.76,-0.01,1,0,323.0,214.5,25.7,0.51,0.06,55.3,6.26,2.99,0.5,225.6,8.938
16.56,CARRY,8.36,-0.01,-9.59,8.79,-0.01,1,0,322.5,216.0,24.1,0.48,0.05,55.4,6.29,2.99,0.9,225.6,9.062
16.61,CARRY,8.36,-0.01,-9.59,8.82,-0.01,1,0,323.0,214.0,26.2,0.52,0.06,55.7,6.32,2.99,0.4,225.7,9.0
16.67,CARRY,8.41,-0.01,-9.59,8.85,-0.01,1,0,323.0,215.5,24.7,0.49,0.06,56.4,6.35,2.99,0.6,225.4,8.938
16.73,CARRY,8.46,-0.01,-9.59,8.88,-0.01,1,0,322.5,216.5,23.6,0.47,0.05,56.2,6.38,2.99,0.6,225.8,8.938
16.79,CARRY,8.46,-0.01,-9.59,8.91,-0.01,1,0,323.0,215.0,25.2,0.5,0.06,56.9,6.41,2.99,0.6,225.5,9.0
16.84,CARRY,8.51,-0.01,-9.59,8.94,-0.01,1,0,322.5,216.0,24.1,0.48,0.05,56.1,6.44,2.99,0.7,225.9,8.875
16.9,CARRY,8.51,-0.01,-9.59,8.97,-0.01,1,0,323.0,214.5,25.7,0.51,0.06,54.3,6.47,2.99,0.6,225.6,8.875
16.96,CARRY,8.56,-0.01,-9.59,8.99,-0.01,1,0,322.5,216.0,24.1,0.48,0.05,56.8,6.49,2.99,1.0,225.7,9.0
17.02,CARRY,8.56,-0.01,-9.59,9.02,-0.01,1,0,323.5,214.0,26.2,0.52,0.07,54.9,6.52,2.99,0.4,225.4,8.938
17.07,CARRY,8.61,-0.01,-9.59,9.05,-0.01,1,0,323.0,215.0,25.2,0.5,0.06,55.6,6.55,2.99,0.3,225.8,8.812
17.13,CARRY,8.66,-0.01,-9.59,9.08,-0.01,1,0,322.5,216.5,23.6,0.47,0.05,55.8,6.58,2.99,0.8,225.9,8.812
17.19,CARRY,8.66,-0.01,-9.59,9.11,-0.01,1,0,323.0,215.0,25.2,0.5,0.06,55.3,6.61,2.99,0.8,225.6,8.812
17.24,CARRY,8.71,-0.01,-9.59,9.14,-0.01,1,0,322.5,216.0,24.1,0.48,0.05,55.9,6.64,2.99,0.9,226.0,8.875
17.3,CARRY,8.71,-0.01,-9.59,9.16,-0.01,1,0,323.5,214.5,25.7,0.51,0.07,56.1,6.66,2.99,0.6,225.4,8.875
17.36,CARRY,8.76,-0.02,-9.59,9.19,-0.01,1,0,323.0,215.5,24.7,0.49,0.06,54.4,6.69,2.99,0.6,225.8,8.938
17.41,CARRY,8.76,-0.02,-9.59,9.22,-0.01,1,0,323.5,214.0,26.2,0.52,0.07,57.9,6.72,2.99,0.5,225.5,8.875
17.47,CARRY,8.81,-0.02,-9.59,9.25,-0.01,1,0,323.5,215.0,25.2,0.5,0.07,59.0,6.75,2.99,0.4,225.5,8.938
17.53,CARRY,8.86,-0.02,-9.59,9.28,-0.01,1,0,323.0,216.0,24.2,0.48,0.06,55.2,6.78,2.99,0.5,225.9,8.812
17.59,CARRY,8.86,-0.02,-9.59,9.31,-0.01,1,0,324.0,214.5,25.8,0.51,0.08,55.6,6.81,2.99,0.5,225.3,8.812
17.65,CARRY,8.91,-0.02,-9.59,9.34,-0.01,1,0,323.0,216.0,24.2,0.48,0.06,55.8,6.84,2.99,0.8,225.7,9.0
17.7,CARRY,8.91,-0.02,-9.59,9.37,-0.01,1,0,324.0,214.0,26.3,0.52,0.08,54.9,6.87,2.99,0.4,225.4,8.938
17.76,CARRY,8.96,-0.02,-9.59,9.39,-0.01,1,0,324.0,215.5,24.8,0.49,0.08,55.7,6.89,2.99,0.7,225.1,8.938
17.82,CARRY,8.96,-0.02,-9.59,9.42,-0.01,1,0,324.0,214.0,26.3,0.52,0.08,57.2,6.92,2.99,0.7,225.2,8.938
17.87,CARRY,9.01,-0.02,-9.59,9.45,-0.01,1,0,324.0,215.0,25.3,0.5,0.08,58.8,6.95,2.99,0.6,225.2,9.0
17.93,CARRY,9.06,-0.02,-9.58,9.48,-0.01,1,0,323.0,216.0,24.2,0.48,0.06,56.7,6.98,2.99,0.7,225.9,9.0
17.99,CARRY,9.06,-0.02,-9.58,9.51,-0.01,1,0,324.0,214.5,25.8,0.51,0.08,58.5,7.01,2.99,0.6,225.3,9.0
18.05,CARRY,9.1,-0.02,-9.58,9.54,-0.01,1,0,324.0,215.5,24.8,0.49,0.08,58.7,7.04,2.99,0.5,225.3,8.938
18.11,CARRY,9.1,-0.02,-9.58,9.57,-0.01,1,0,324.0,214.0,26.3,0.52,0.08,55.3,7.07,2.99,0.7,225.3,8.875
18.17,CARRY,9.16,-0.02,-9.58,9.6,-0.01,1,0,324.0,215.0,25.3,0.5,0.08,55.9,7.1,2.99,0.4,225.4,9.0
18.23,CARRY,9.16,-0.02,-9.58,9.63,-0.01,1,0,324.0,213.5,26.8,0.53,0.08,56.0,7.13,2.99,0.5,225.4,8.938
18.28,CARRY,9.21,-0.02,-9.58,9.66,-0.01,1,0,324.0,215.0,25.3,0.5,0.08,57.6,7.16,2.99,0.8,225.1,8.812
18.34,CARRY,9.26,-0.02,-9.58,9.69,-0.01,1,0,323.5,216.0,24.3,0.48,0.07,55.1,7.19,2.99,0.6,225.5,8.875
18.4,CARRY,9.26,-0.02,-9.58,9.71,-0.01,1,0,324.0,214.0,26.3,0.52,0.08,55.1,7.21,2.99,0.2,225.6,8.875
18.46,CARRY,9.31,-0.02,-9.58,9.74,-0.01,1,0,324.0,215.5,24.8,0.49,0.08,55.9,7.24,2.99,0.5,225.4,9.0
18.51,CARRY,9.31,-0.02,-9.58,9.77,-0.01,1,0,324.0,214.0,26.3,0.52,0.08,55.8,7.27,2.99,0.6,225.4,8.938
18.57,CARRY,9.36,-0.02,-9.58,9.8,-0.01,1,0,324.0,215.0,25.3,0.5,0.08,56.2,7.3,2.99,0.3,225.5,8.938
18.63,CARRY,9.41,-0.02,-9.58,9.83,-0.01,1,0,324.0,216.5,23.8,0.47,0.08,55.8,7.33,2.99,0.6,225.2,8.75
18.69,CARRY,9.41,-0.02,-9.58,9.86,-0.01,1,0,324.0,215.0,25.3,0.5,0.08,55.3,7.36,2.99,0.7,225.2,8.812
18.74,CARRY,9.46,-0.02,-9.58,9.88,-0.01,1,0,324.0,216.0,24.3,0.48,0.08,57.4,7.38,2.99,0.5,225.3,8.688
18.8,CARRY,9.46,-0.02,-9.58,9.91,-0.01,1,0,324.0,214.5,25.8,0.51,0.08,57.0,7.41,2.99,0.5,225.4,8.688
18.86,CARRY,9.51,-0.02,-9.59,9.94,-0.01,1,0,324.0,216.0,24.3,0.48,0.08,55.8,7.44,2.99,0.9,225.0,8.875
18.92,CARRY,9.51,-0.02,-9.59,9.97,-0.01,1,0,324.0,214.0,26.3,0.52,0.08,56.2,7.47,2.99,0.4,225.4,8.75
18.97,CARRY,9.56,-0.02,-9.59,10.0,-0.01,1,0,324.0,215.5,24.8,0.49,0.08,56.2,7.5,2.99,0.7,225.1,8.75
19.03,CARRY,9.61,-0.02,-9.59,10.03,-0.01,1,0,323.5,216.5,23.8,0.47,0.07,57.0,7.53,2.99,0.4,225.5,8.75
19.09,CARRY,9.61,-0.02,-9.59,10.06,-0.01,1,0,324.0,215.0,25.3,0.5,0.08,55.7,7.56,2.99,0.7,225.2,8.812
19.15,CARRY,9.66,-0.02,-9.59,10.09,-0.01,1,0,323.5,216.0,24.3,0.48,0.07,56.5,7.59,2.99,0.4,225.5,8.75
19.2,CARRY,9.66,-0.02,-9.59,10.12,-0.01,1,0,324.0,214.5,25.8,0.51,0.08,56.1,7.62,2.99,0.6,225.2,8.812
19.26,CARRY,9.71,-0.02,-9.59,10.14,-0.01,1,0,323.5,216.0,24.3,0.48,0.07,56.9,7.64,2.99,0.8,225.2,8.938
19.32,CARRY,9.71,-0.02,-9.59,10.17,-0.01,1,0,324.0,214.0,26.3,0.52,0.08,55.5,7.67,2.99,0.5,225.3,8.875
19.38,CARRY,9.76,-0.02,-9.59,10.2,-0.01,1,0,323.5,215.0,25.2,0.5,0.07,55.6,7.7,2.99,0.2,225.6,8.875
19.43,CARRY,9.81,-0.02,-9.59,10.23,-0.01,1,0,323.0,216.5,23.7,0.47,0.06,57.8,7.73,2.99,0.6,225.6,8.625
19.49,CARRY,9.81,-0.02,-9.59,10.26,-0.01,1,0,323.5,215.0,25.2,0.5,0.07,56.1,7.76,2.99,0.7,225.3,8.75
19.55,CARRY,9.86,-0.02,-9.59,10.29,-0.01,1,0,323.0,216.0,24.2,0.48,0.06,56.9,7.79,2.99,0.6,225.6,8.875
19.61,CARRY,9.86,-0.02,-9.59,10.32,-0.01,1,0,323.5,214.5,25.7,0.51,0.07,55.7,7.82,2.99,0.7,225.3,8.938
19.67,CARRY,9.91,-0.01,-9.59,10.35,-0.01,1,0,323.0,215.5,24.7,0.49,0.06,57.5,7.85,2.99,0.5,225.7,8.812
19.72,CARRY,9.91,-0.01,-9.59,10.38,-0.01,1,0,323.5,214.0,26.2,0.52,0.07,54.8,7.88,2.99,0.6,225.3,8.812
19.78,CARRY,9.96,-0.01,-9.59,10.4,-0.01,1,0,323.0,215.0,25.2,0.5,0.06,58.9,7.9,2.99,0.5,225.7,8.938
19.84,CARRY,10.01,-0.01,-9.59,10.43,-0.01,1,0,323.0,216.0,24.2,0.48,0.06,57.8,7.93,2.99,0.2,225.7,8.812
19.9,CARRY,10.01,-0.01,-9.59,10.46,-0.01,1,0,323.0,214.5,25.7,0.51,0.06,54.3,7.96,2.99,0.5,225.7,8.812
19.96,CARRY,10.06,-0.01,-9.59,10.49,-0.01,1,0,323.0,216.0,24.2,0.48,0.06,58.3,7.99,2.99,0.6,225.4,8.75
20.02,CARRY,10.06,-0.01,-9.59,10.52,-0.01,1,0,323.0,214.0,26.2,0.52,0.06,56.1,8.02,2.99,0.5,225.8,8.75
20.07,CARRY,10.11,-0.01,-9.59,10.55,-0.01,1,0,323.0,215.5,24.7,0.49,0.06,56.7,8.05,2.99,0.6,225.4,8.75
20.13,CARRY,10.16,-0.01,-9.59,10.58,-0.01,1,0,323.0,216.5,23.7,0.47,0.06,58.6,8.08,2.99,0.4,225.4,8.625
20.19,CARRY,10.16,-0.01,-9.59,10.61,-0.01,1,0,323.0,215.0,25.2,0.5,0.06,56.8,8.11,2.99,0.7,225.4,8.625
20.25,CARRY,10.21,-0.01,-9.59,10.64,-0.01,1,0,322.5,216.0,24.1,0.48,0.05,61.5,8.14,2.99,0.6,225.7,8.625
20.31,CARRY,10.21,-0.01,-9.59,10.67,-0.01,1,0,323.0,214.0,26.2,0.52,0.06,64.2,8.17,2.99,0.3,225.7,8.688
20.38,CARRY,10.26,-0.01,-9.59,10.7,-0.01,1,0,323.0,215.0,25.2,0.5,0.06,55.7,8.2,2.99,0.3,225.6,8.75
20.43,CARRY,10.31,-0.01,-9.59,10.73,-0.01,1,0,322.5,216.5,23.6,0.47,0.05,57.8,8.23,2.99,0.6,225.6,8.688
20.49,CARRY,10.31,-0.01,-9.59,10.76,-0.01,1,0,323.0,215.0,25.2,0.5,0.06,57.6,8.26,2.99,0.7,225.3,8.688
20.55,CARRY,10.36,-0.01,-9.59,10.79,-0.01,1,0,323.0,216.0,24.2,0.48,0.06,57.5,8.29,2.99,0.6,225.3,8.688
20.61,CARRY,10.36,-0.01,-9.59,10.82,-0.01,1,0,323.0,214.0,26.2,0.52,0.06,57.5,8.32,2.99,0.3,225.7,8.688
20.67,CARRY,10.41,-0.01,-9.59,10.85,-0.01,1,0,323.0,215.5,24.7,0.49,0.06,56.2,8.35,2.99,0.6,225.3,8.625
20.73,CARRY,10.46,-0.01,-9.59,10.88,-0.01,1,0,323.0,216.5,23.7,0.47,0.06,57.0,8.38,2.99,0.5,225.3,8.5
20.79,CARRY,10.46,-0.01,-9.59,10.91,-0.01,1,0,323.0,215.0,25.2,0.5,0.06,57.2,8.41,2.99,0.6,225.4,8.562
20.84,CARRY,10.51,-0.01,-9.59,10.94,-0.01,1,0,323.0,216.0,24.2,0.48,0.06,55.7,8.44,2.99,0.4,225.4,8.75
20.9,CARRY,10.51,-0.01,-9.59,10.96,-0.01,1,0,323.0,214.5,25.7,0.51,0.06,57.4,8.46,2.99,0.5,225.4,8.688
20.96,CARRY,10.56,-0.01,-9.59,10.99,-0.01,1,0,323.0,215.5,24.7,0.49,0.06,55.4,8.49,2.99,0.4,225.4,8.688
21.02,CARRY,10.56,-0.01,-9.59,11.02,-0.01,1,0,323.0,214.0,26.2,0.52,0.06,55.2,8.52,2.99,0.5,225.5,8.625
21.07,CARRY,10.61,-0.01,-9.59,11.05,-0.01,1,0,323.0,215.0,25.2,0.5,0.06,56.1,8.55,2.99,0.3,225.5,8.625
21.13,CARRY,10.66,-0.01,-9.59,11.08,-0.01,1,0,322.5,216.5,23.6,0.47,0.05,57.6,8.58,2.99,0.6,225.6,8.5
21.19,CARRY,10.66,-0.01,-9.59,11.11,-0.01,1,0,323.0,215.0,25.2,0.5,0.06,56.0,8.61,2.99,0.8,225.2,8.5
21.25,CARRY,10.71,-0.01,-9.59,11.14,-0.01,1,0,322.5,216.0,24.1,0.48,0.05,56.5,8.64,2.99,0.6,225.6,8.438
21.31,CARRY,10.71,-0.01,-9.59,11.17,-0.01,1,0,323.0,214.0,26.2,0.52,0.06,55.9,8.67,2.99,0.2,225.7,8.5
21.36,CARRY,10.76,-0.01,-9.59,11.2,-0.01,1,0,323.0,215.5,24.7,0.49,0.06,55.3,8.7,2.99,0.5,225.4,8.438
21.42,CARRY,10.76,-0.01,-9.59,11.22,-0.01,1,0,323.0,214.0,26.2,0.52,0.06,55.8,8.72,2.99,0.6,225.4,8.438
21.48,CARRY,10.81,-0.01,-9.59,11.25,-0.01,1,0,323.0,215.0,25.2,0.5,0.06,56.1,8.75,2.99,0.4,225.5,8.5
21.53,CARRY,10.86,-0.01,-9.59,11.28,-0.01,1,0,322.5,216.5,23.6,0.47,0.05,57.9,8.78,2.99,0.7,225.5,8.312
21.59,CARRY,10.86,-0.01,-9.59,11.31,-0.01,1,0,323.0,214.5,25.7,0.51,0.06,56.3,8.81,2.99,0.4,225.6,8.375
21.65,CARRY,10.91,-0.01,-9.59,11.34,-0.01,1,0,323.0,216.0,24.2,0.48,0.06,58.1,8.84,2.99,0.7,225.2,8.375
21.71,CARRY,10.91,-0.01,-9.59,11.37,-0.01,1,0,322.5,214.5,25.6,0.51,0.05,56.3,8.87,2.99,1.1,225.6,8.375
21.77,CARRY,10.96,-0.01,-9.59,11.4,-0.01,1,0,322.5,217.0,23.1,0.46,0.05,57.1,8.9,2.99,2.2,224.6,8.312
21.83,CARRY,10.96,-0.01,-9.59,11.43,-0.01,1,0,322.5,216.0,24.1,0.48,0.05,56.8,8.93,2.99,2.9,224.2,8.375
21.88,CARRY,11.01,-0.01,-9.59,11.46,-0.01,1,0,322.5,218.0,22.1,0.44,0.05,58.2,8.96,2.99,3.7,223.5,8.25
21.94,CARRY,11.06,-0.01,-9.59,11.49,-0.01,1,0,322.5,220.0,20.2,0.4,0.05,58.3,8.99,2.99,4.5,222.9,8.188
22.0,CARRY,11.06,-0.01,-9.59,11.52,-0.01,1,0,322.0,219.5,20.6,0.41,0.04,56.7,9.02,2.99,5.8,222.5,8.188
22.06,CARRY,11.11,-0.01,-9.59,11.55,-0.01,1,0,322.0,221.0,19.1,0.38,0.04,56.1,9.05,2.99,6.1,222.2,8.125
22.12,CARRY,11.11,-0.01,-9.59,11.57,-0.01,1,0,322.5,220.0,20.2,0.4,0.05,55.7,9.07,2.99,6.7,221.5,8.062
22.18,CARRY,11.16,-0.01,-9.59,11.6,-0.01,1,0,322.0,222.0,18.1,0.36,0.04,56.4,9.1,2.99,7.5,221.2,8.562
22.23,CARRY,11.21,-0.01,-9.58,11.63,-0.01,1,0,321.5,224.5,15.6,0.31,0.03,57.8,9.13,2.99,9.0,220.5,8.5
22.29,CARRY,11.21,-0.01,-9.58,11.66,-0.01,1,0,321.5,224.0,16.1,0.32,0.03,56.9,9.16,2.99,10.2,219.8,8.375
22.35,CARRY,11.25,-0.01,-9.58,11.69,-0.01,1,0,321.5,225.5,14.6,0.29,0.03,56.4,9.19,2.99,10.7,219.4,8.375
22.41,CARRY,11.25,-0.01,-9.58,11.72,-0.01,1,0,322.0,224.5,15.6,0.31,0.04,57.9,9.22,2.99,11.3,218.7,8.375
22.47,CARRY,11.3,-0.01,-9.58,11.75,-0.01,1,0,321.5,226.0,14.1,0.28,0.03,55.9,9.25,2.99,12.0,218.5,8.312
22.53,CARRY,11.3,-0.01,-9.58,11.78,-0.01,1,0,321.5,225.0,15.1,0.3,0.03,57.6,9.28,2.99,12.7,218.2,8.375
22.59,CARRY,11.34,-0.01,-9.58,11.81,-0.01,1,0,321.5,227.0,13.1,0.26,0.03,57.9,9.31,2.99,13.9,217.3,8.562
22.64,CARRY,11.38,-0.01,-9.58,11.84,-0.01,1,0,321.5,228.5,11.6,0.23,0.03,57.4,9.34,2.99,14.8,216.7,8.5
22.7,CARRY,11.38,-0.01,-9.58,11.87,-0.01,1,0,322.0,227.5,12.7,0.25,0.04,56.6,9.37,2.99,15.4,216.0,8.5
22.76,CARRY,11.42,-0.01,-9.58,11.89,-0.01,1,0,321.5,228.5,11.6,0.23,0.03,55.7,9.39,2.99,15.9,216.0,8.438
22.82,CARRY,11.42,-0.01,-9.58,11.92,-0.01,1,0,321.5,227.5,12.6,0.25,0.03,57.5,9.42,2.99,16.6,215.7,8.312
22.88,CARRY,11.45,-0.01,-9.58,11.95,-0.01,1,0,321.5,229.0,11.1,0.22,0.03,55.3,9.45,2.99,17.7,214.9,8.438
22.93,CARRY,11.49,-0.02,-9.58,11.98,-0.01,1,0,321.5,230.5,9.6,0.19,0.03,55.6,9.48,2.99,18.8,214.1,8.438
22.99,CARRY,11.49,-0.02,-9.58,12.01,-0.01,1,0,321.5,229.5,10.6,0.21,0.03,54.5,9.51,2.99,19.5,213.9,8.375
23.05,CARRY,11.52,-0.02,-9.58,12.04,-0.01,1,0,321.5,230.5,9.6,0.19,0.03,55.8,9.54,2.99,20.3,213.3,8.25
23.1,CARRY,11.52,-0.02,-9.58,12.07,-0.01,1,0,321.0,229.5,10.5,0.21,0.02,58.1,9.57,2.99,21.0,213.4,8.375
23.16,CARRY,11.55,-0.02,-9.58,12.1,-0.01,1,0,321.0,231.0,9.1,0.18,0.02,59.6,9.6,2.99,22.4,212.5,8.312
23.22,CARRY,11.55,-0.02,-9.58,12.13,-0.01,1,0,321.5,230.0,10.1,0.2,0.03,59.9,9.63,2.99,23.1,211.7,8.312
23.28,CARRY,11.58,-0.02,-9.58,12.16,-0.01,1,0,321.5,230.5,9.6,0.19,0.03,61.4,9.66,2.99,23.8,211.3,8.312
23.35,CARRY,11.61,-0.02,-9.58,12.19,-0.01,1,0,321.0,231.0,9.1,0.18,0.02,58.3,9.69,2.99,24.6,211.2,8.5
23.41,CARRY,11.61,-0.02,-9.58,12.22,-0.01,1,0,321.5,230.5,9.6,0.19,0.03,55.0,9.72,2.99,25.8,210.2,8.375
23.46,CARRY,11.63,-0.02,-9.58,12.25,-0.01,1,0,321.5,230.5,9.6,0.19,0.03,55.3,9.75,2.99,26.0,210.1,8.5
23.52,CARRY,11.63,-0.02,-9.58,12.27,-0.01,1,0,321.5,230.0,10.1,0.2,0.03,54.4,9.77,2.99,27.1,209.5,8.438
23.57,CARRY,11.65,-0.02,-9.58,12.3,-0.01,1,0,321.0,231.0,9.1,0.18,0.02,56.2,9.8,2.99,28.4,209.1,8.5
23.63,CARRY,11.68,-0.02,-9.58,12.33,-0.01,1,0,321.0,231.0,9.1,0.18,0.02,56.2,9.83,2.99,28.8,208.9,8.562
23.69,CARRY,11.68,-0.02,-9.58,12.36,-0.01,1,0,321.0,230.5,9.6,0.19,0.02,56.6,9.86,2.99,29.9,208.3,8.75
23.75,CARRY,11.7,-0.02,-9.58,12.39,-0.01,1,0,321.0,230.5,9.6,0.19,0.02,55.3,9.89,2.99,30.3,208.1,8.812
23.8,CARRY,11.7,-0.02,-9.58,12.42,-0.01,1,0,321.5,230.0,10.1,0.2,0.03,56.9,9.92,2.99,31.4,207.1,8.875
23.86,CARRY,11.72,-0.02,-9.58,12.45,-0.01,1,0,321.5,230.0,10.1,0.2,0.03,57.4,9.95,2.99,31.9,206.9,9.0
23.92,CARRY,11.72,-0.02,-9.58,12.47,-0.01,1,0,321.5,229.0,11.1,0.22,0.03,60.1,9.97,2.99,32.6,206.6,9.062
23.98,CARRY,11.74,-0.02,-9.58,12.51,-0.01,1,0,321.5,230.0,10.1,0.2,0.03,58.6,10.01,2.99,34.1,205.7,9.188
24.04,CARRY,11.76,-0.02,-9.58,12.54,-0.01,1,0,321.5,230.0,10.1,0.2,0.03,57.0,10.04,2.99,34.7,205.4,9.312
24.1,CARRY,11.76,-0.02,-9.58,12.56,-0.01,1,0,321.5,230.0,10.1,0.2,0.03,54.3,10.06,2.99,36.4,204.5,9.5
24.16,CARRY,11.78,-0.02,-9.58,12.59,-0.01,1,0,321.0,229.5,10.5,0.21,0.02,54.6,10.09,2.99,36.4,205.0,9.5
24.21,CARRY,11.78,-0.02,-9.58,12.62,-0.01,1,0,321.5,229.0,11.1,0.22,0.03,55.3,10.12,2.99,37.4,204.0,9.75
24.27,CARRY,11.8,-0.02,-9.58,12.65,-0.01,1,0,321.5,229.0,11.1,0.22,0.03,55.9,10.15,2.99,37.9,203.8,9.812
24.33,CARRY,11.8,-0.02,-9.58,12.68,-0.01,1,0,322.0,228.5,11.7,0.23,0.04,55.8,10.18,2.99,39.0,202.9,9.875
24.38,CARRY,11.82,-0.02,-9.58,12.71,-0.01,1,0,322.0,228.5,11.7,0.23,0.04,57.2,10.21,2.99,39.4,202.6,9.938
24.44,CARRY,11.84,-0.02,-9.58,12.73,-0.01,1,0,321.5,229.0,11.1,0.22,0.03,55.5,10.23,2.99,40.5,202.4,9.938
24.5,CARRY,11.84,-0.02,-9.58,12.76,-0.01,1,0,321.5,228.0,12.1,0.24,0.03,54.6,10.26,2.99,41.1,202.2,9.875
24.55,CARRY,11.86,-0.02,-9.58,12.79,-0.01,1,0,321.5,229.0,11.1,0.22,0.03,55.8,10.29,2.99,42.5,201.4,10.0
24.61,CARRY,11.86,-0.02,-9.58,12.82,-0.01,1,0,322.0,228.0,12.2,0.24,0.04,56.6,10.32,2.99,43.1,200.8,10.062
24.67,CARRY,11.88,-0.02,-9.58,12.85,-0.01,1,0,321.5,228.0,12.1,0.24,0.03,55.7,10.35,2.99,43.6,201.0,10.312
24.73,CARRY,11.88,-0.02,-9.58,12.88,-0.01,1,0,322.0,227.5,12.7,0.25,0.04,54.0,10.38,2.99,44.7,200.0,10.5
24.78,CARRY,11.91,-0.02,-9.58,12.9,-0.01,1,0,321.5,228.0,12.1,0.24,0.03,54.3,10.4,2.99,45.6,200.0,10.562
24.84,CARRY,11.93,-0.02,-9.58,12.93,-0.01,1,0,322.0,228.5,11.7,0.23,0.04,54.6,10.43,2.99,46.3,199.1,10.688
24.89,CARRY,11.93,-0.02,-9.58,12.96,-0.01,1,0,322.0,227.5,12.7,0.25,0.04,54.5,10.46,2.99,47.0,198.9,10.625
24.95,CARRY,11.95,-0.02,-9.58,12.99,-0.01,1,0,321.5,228.0,12.1,0.24,0.03,54.9,10.49,2.99,47.8,198.9,10.562
25.0,CARRY,11.95,-0.02,-9.58,13.02,-0.01,1,0,322.0,227.5,12.7,0.25,0.04,55.5,10.52,2.99,48.9,198.0,10.562
25.06,CARRY,11.97,-0.02,-9.59,13.04,-0.01,1,0,321.5,227.5,12.6,0.25,0.03,55.5,10.54,2.99,49.3,198.2,10.5
25.12,CARRY,11.97,-0.02,-9.59,13.07,-0.01,1,0,322.0,227.0,13.2,0.26,0.04,55.0,10.57,2.99,50.3,197.3,10.5
25.17,CARRY,12.0,-0.02,-9.59,13.1,-0.01,1,0,322.5,227.0,13.2,0.26,0.05,56.8,10.6,2.99,50.6,196.8,10.438
25.23,CARRY,12.02,-0.02,-9.59,13.13,-0.01,1,0,322.0,228.0,12.2,0.24,0.04,56.4,10.63,2.99,51.9,196.5,10.375
25.29,CARRY,12.02,-0.02,-9.59,13.16,-0.01,1,0,322.5,227.5,12.7,0.25,0.05,55.4,10.66,2.99,53.1,195.6,10.438
25.35,CARRY,12.05,-0.02,-9.59,13.19,-0.01,1,0,322.0,227.5,12.7,0.25,0.04,55.6,10.69,2.99,53.4,195.9,10.375
25.4,CARRY,12.05,-0.02,-9.59,13.22,-0.01,1,0,322.0,226.5,13.6,0.27,0.04,54.1,10.72,2.99,54.0,195.7,10.375
25.46,CARRY,12.07,-0.02,-9.59,13.24,-0.01,1,0,322.5,227.0,13.2,0.26,0.05,55.8,10.74,2.99,54.7,194.9,10.312
25.51,CARRY,12.07,-0.02,-9.59,13.27,-0.01,1,0,322.0,226.5,13.6,0.27,0.04,55.0,10.77,2.99,55.9,194.9,10.312
25.57,CARRY,12.09,-0.02,-9.59,13.3,-0.01,1,0,322.0,227.5,12.7,0.25,0.04,56.3,10.8,2.99,57.1,194.3,10.375
25.63,CARRY,12.09,-0.02,-9.59,13.33,-0.01,1,0,322.5,226.5,13.7,0.27,0.05,55.3,10.83,2.99,57.7,193.7,10.375
25.69,CARRY,12.12,-0.02,-9.59,13.36,-0.01,1,0,322.0,227.5,12.7,0.25,0.04,57.0,10.86,2.99,59.0,193.4,10.312
25.74,CARRY,12.14,-0.02,-9.59,13.39,-0.01,1,0,322.0,228.0,12.2,0.24,0.04,56.1,10.89,2.99,59.7,193.1,10.375
25.8,CARRY,12.14,-0.02,-9.59,13.41,-0.01,1,0,322.0,227.0,13.2,0.26,0.04,54.5,10.91,2.99,60.4,192.9,10.375
25.86,CARRY,12.17,-0.02,-9.59,13.44,-0.01,1,0,322.0,227.5,12.7,0.25,0.04,55.6,10.94,2.99,61.1,192.5,10.375
25.91,CARRY,12.17,-0.02,-9.59,13.47,-0.01,1,0,322.0,226.5,13.6,0.27,0.04,53.6,10.97,2.99,61.7,192.4,10.25
25.97,CARRY,12.19,-0.02,-9.59,13.5,-0.01,1,0,322.0,227.5,12.7,0.25,0.04,55.9,11.0,2.99,62.8,191.8,10.25
26.03,CARRY,12.19,-0.02,-9.59,13.53,-0.01,1,0,322.0,226.5,13.6,0.27,0.04,55.2,11.03,2.99,63.5,191.6,10.25
26.08,CARRY,12.22,-0.02,-9.59,13.56,-0.01,1,0,322.0,227.0,13.2,0.26,0.04,60.3,11.06,2.99,64.2,191.3,10.125
26.14,CARRY,12.24,-0.02,-9.59,13.59,-0.01,1,0,322.0,228.0,12.2,0.24,0.04,58.2,11.09,2.99,65.5,190.6,10.125
26.2,CARRY,12.24,-0.02,-9.59,13.62,-0.01,1,0,322.5,227.0,13.2,0.26,0.05,57.9,11.12,2.99,66.1,190.0,10.125
26.26,CARRY,12.27,-0.02,-9.59,13.65,-0.01,1,0,322.0,228.0,12.2,0.24,0.04,58.3,11.15,2.99,67.4,189.8,10.125
26.32,CARRY,12.27,-0.02,-9.59,13.67,-0.01,1,0,322.0,226.5,13.6,0.27,0.04,57.1,11.17,2.99,67.7,189.9,10.125
26.38,CARRY,12.29,-0.02,-9.59,13.7,-0.01,1,0,322.0,227.0,13.2,0.26,0.04,56.0,11.2,2.99,68.4,189.6,10.062
26.44,CARRY,12.32,-0.02,-9.59,13.73,-0.01,1,0,322.0,228.0,12.2,0.24,0.04,55.8,11.23,2.99,69.6,189.0,10.125
26.49,CARRY,12.32,-0.02,-9.59,13.76,-0.01,1,0,322.5,226.5,13.7,0.27,0.05,55.5,11.26,2.99,69.7,188.6,10.062
26.55,CARRY,12.34,-0.02,-9.59,13.79,-0.01,1,0,322.0,227.0,13.2,0.26,0.04,56.3,11.29,2.99,70.4,188.7,10.0
26.61,CARRY,12.34,-0.02,-9.59,13.82,-0.01,1,0,322.0,226.5,13.6,0.27,0.04,55.1,11.32,2.99,71.6,188.3,10.0
26.66,CARRY,12.37,-0.02,-9.59,13.85,-0.01,1,0,322.0,227.5,12.7,0.25,0.04,55.3,11.35,2.99,72.7,187.8,10.0
26.72,CARRY,12.37,-0.02,-9.59,13.87,-0.01,1,0,322.0,226.5,13.6,0.27,0.04,53.8,11.37,2.99,73.4,187.6,10.062
26.78,CARRY,12.4,-0.02,-9.59,13.9,-0.01,1,0,322.0,227.0,13.2,0.26,0.04,54.9,11.4,2.99,74.0,187.3,9.938
26.83,CARRY,12.42,-0.02,-9.59,13.93,-0.01,1,0,322.0,227.5,12.7,0.25,0.04,56.2,11.43,2.99,74.6,187.0,9.812
26.89,CARRY,12.42,-0.02,-9.59,13.96,-0.01,1,0,322.0,227.0,13.2,0.26,0.04,55.0,11.46,2.99,75.8,186.6,9.875
26.95,CARRY,12.45,-0.02,-9.59,13.99,-0.01,1,0,322.0,227.5,12.7,0.25,0.04,57.2,11.49,2.99,76.4,186.3,9.938
27.0,CARRY,12.45,-0.02,-9.59,14.02,-0.01,1,0,322.0,227.0,13.2,0.26,0.04,54.4,11.52,2.99,77.6,185.9,9.875
27.06,CARRY,12.47,-0.02,-9.59,14.04,-0.01,1,0,321.5,228.0,12.1,0.24,0.03,55.1,11.54,2.99,78.8,185.8,9.688
27.12,CARRY,12.47,-0.02,-9.59,14.07,-0.01,1,0,321.5,227.0,13.1,0.26,0.03,55.7,11.57,2.99,79.4,185.7,9.625
27.17,CARRY,12.5,-0.02,-9.59,14.1,-0.01,1,0,321.5,227.5,12.6,0.25,0.03,57.3,11.6,2.99,80.1,185.4,9.562
27.23,CARRY,12.52,-0.02,-9.59,14.13,-0.01,1,0,321.5,228.0,12.1,0.24,0.03,55.4,11.63,2.99,80.8,185.0,9.625
27.29,CARRY,12.52,-0.02,-9.59,14.16,-0.01,1,0,322.0,227.0,13.2,0.26,0.04,55.7,11.66,2.99,81.4,184.5,9.688
27.34,CARRY,12.55,-0.02,-9.59,14.19,-0.01,1,0,322.0,228.0,12.2,0.24,0.04,56.0,11.69,2.99,82.5,184.0,9.688
27.4,CARRY,12.55,-0.02,-9.59,14.22,-0.01,1,0,322.0,227.0,13.2,0.26,0.04,55.7,11.72,2.99,83.2,183.9,9.75
27.46,CARRY,12.58,-0.02,-9.59,14.24,-0.01,1,0,321.5,227.5,12.6,0.25,0.03,56.1,11.74,2.99,83.9,184.0,9.938
27.52,CARRY,12.58,-0.02,-9.59,14.27,-0.01,1,0,322.0,226.5,13.6,0.27,0.04,54.0,11.77,2.99,84.5,183.5,9.812
27.57,CARRY,12.6,-0.01,-9.59,14.3,-0.01,1,0,321.5,227.5,12.6,0.25,0.03,55.5,11.8,2.99,85.7,183.4,9.875
27.63,CARRY,12.63,-0.01,-9.59,14.33,-0.01,1,0,321.5,228.0,12.1,0.24,0.03,56.0,11.83,2.99,86.3,183.1,9.875
27.69,CARRY,12.63,-0.01,-9.59,14.36,-0.01,1,0,321.5,227.0,13.1,0.26,0.03,54.7,11.86,2.99,87.0,183.0,9.938
27.74,CARRY,12.65,-0.01,-9.59,14.38,-0.01,1,0,321.5,228.0,12.1,0.24,0.03,55.7,11.88,2.99,88.2,182.5,9.812
27.8,CARRY,12.65,-0.01,-9.59,14.41,-0.01,1,0,321.5,227.5,12.6,0.25,0.03,56.3,11.91,2.99,89.3,182.2,9.938
27.86,CARRY,12.68,-0.01,-9.59,14.44,-0.01,1,0,321.5,227.5,12.6,0.25,0.03,56.5,11.94,2.99,89.5,182.0,9.688
27.91,CARRY,12.68,-0.01,-9.59,14.47,-0.01,1,0,321.5,227.0,13.1,0.26,0.03,56.5,11.97,2.99,90.7,181.8,9.562
27.97,CARRY,12.7,-0.01,-9.59,14.5,-0.01,1,0,321.5,228.0,12.1,0.24,0.03,56.9,12.0,2.99,91.9,181.2,9.688
28.03,CARRY,12.73,-0.01,-9.58,14.53,-0.01,1,0,321.0,228.0,12.0,0.24,0.02,59.1,12.03,2.99,92.2,181.6,9.875
28.09,CARRY,12.73,-0.01,-9.58,14.56,-0.01,1,0,321.5,227.5,12.6,0.25,0.03,57.4,12.06,2.99,93.4,180.8,9.75
28.15,CARRY,12.75,-0.01,-9.58,14.59,-0.01,1,0,321.5,227.5,12.6,0.25,0.03,56.6,12.09,2.99,93.6,180.7,9.688
28.21,CARRY,12.75,-0.01,-9.58,14.62,-0.01,1,0,321.5,227.0,13.1,0.26,0.03,56.8,12.12,2.99,94.8,180.4,9.562
28.26,CARRY,12.78,-0.01,-9.58,14.65,-0.01,1,0,321.5,227.5,12.6,0.25,0.03,56.9,12.15,2.99,95.5,180.1,9.5
28.32,CARRY,12.78,-0.01,-9.58,14.68,-0.01,1,0,321.5,227.0,13.1,0.26,0.03,56.4,12.18,2.99,96.7,179.9,9.5
28.38,CARRY,12.8,-0.01,-9.58,14.7,-0.01,1,0,321.5,227.5,12.6,0.25,0.03,56.9,12.2,2.99,97.4,179.6,9.312
28.44,CARRY,12.83,-0.01,-9.58,14.73,-0.01,1,0,321.0,228.0,12.0,0.24,0.02,57.5,12.23,2.99,98.2,179.8,9.062
28.5,CARRY,12.83,-0.01,-9.58,14.76,-0.01,1,0,321.0,227.5,12.5,0.25,0.02,54.7,12.26,2.99,99.4,179.6,9.312
28.55,CARRY,12.85,-0.01,-9.58,14.79,-0.01,1,0,321.0,228.0,12.0,0.24,0.02,55.9,12.29,2.99,100.1,179.3,9.25
28.61,CARRY,12.85,-0.01,-9.58,14.82,-0.01,1,0,321.5,227.0,13.1,0.26,0.03,55.7,12.32,2.99,100.7,178.8,9.375
28.67,CARRY,12.88,-0.01,-9.58,14.85,-0.01,1,0,321.5,228.0,12.1,0.24,0.03,57.6,12.35,2.99,101.9,178.4,9.25
28.73,CARRY,12.88,-0.01,-9.58,14.88,-0.01,1,0,321.5,227.0,13.1,0.26,0.03,56.0,12.38,2.99,102.6,178.4,9.062
28.78,CARRY,12.9,-0.01,-9.58,14.91,-0.01,1,0,321.5,227.5,12.6,0.25,0.03,58.2,12.41,2.99,103.3,178.2,9.062
28.84,CARRY,12.93,-0.01,-9.58,14.94,-0.01,1,0,321.5,228.5,11.6,0.23,0.03,58.0,12.44,2.99,104.5,177.7,8.75
28.9,CARRY,12.93,-0.01,-9.58,14.97,-0.01,1,0,321.5,228.0,12.1,0.24,0.03,57.1,12.47,2.99,105.8,177.5,8.625
28.96,CARRY,12.95,-0.01,-9.58,14.99,-0.01,1,0,321.5,228.5,11.6,0.23,0.03,56.1,12.49,2.99,106.5,177.3,8.438
29.02,CARRY,12.95,-0.01,-9.58,15.02,-0.01,1,0,321.5,227.5,12.6,0.25,0.03,54.9,12.52,2.99,107.1,177.3,8.375
29.07,CARRY,12.98,-0.01,-9.58,15.05,-0.01,1,0,321.5,228.0,12.1,0.24,0.03,56.5,12.55,2.99,107.8,177.1,8.188
29.13,CARRY,13.0,-0.01,-9.58,15.08,-0.01,1,0,321.0,229.0,11.0,0.22,0.02,56.0,12.58,2.99,109.1,177.3,8.0
29.19,CARRY,13.0,-0.01,-9.58,15.11,-0.01,1,0,321.5,228.0,12.1,0.24,0.03,56.8,12.61,2.99,109.6,176.8,7.469
29.25,CARRY,13.03,-0.01,-9.58,15.14,-0.01,1,0,321.5,228.5,11.6,0.23,0.03,58.0,12.64,2.99,110.4,176.6,7.312
29.31,CARRY,13.03,-0.01,-9.58,15.17,-0.01,1,0,322.0,227.5,12.7,0.25,0.04,57.9,12.67,2.99,111.0,176.1,7.062
29.37,CARRY,13.05,-0.01,-9.58,15.2,-0.01,1,0,321.5,228.5,11.6,0.23,0.03,57.1,12.7,2.99,112.4,176.2,6.562
29.42,CARRY,13.05,-0.01,-9.58,15.23,-0.01,1,0,321.5,227.5,12.6,0.25,0.03,56.7,12.73,2.99,113.0,176.2,6.0
29.48,CARRY,13.08,-0.01,-9.58,15.25,-0.01,1,0,321.5,228.0,12.1,0.24,0.03,56.5,12.75,2.99,113.8,176.1,5.844
29.54,CARRY,13.1,-0.01,-9.58,15.28,-0.01,1,0,321.5,228.5,11.6,0.23,0.03,57.7,12.78,2.99,114.6,175.9,5.625
29.6,CARRY,13.1,-0.01,-9.58,15.31,-0.01,1,0,321.5,227.5,12.6,0.25,0.03,56.0,12.81,2.99,115.3,175.9,5.188
29.66,CARRY,13.13,-0.01,-9.58,15.34,-0.01,1,0,321.5,228.0,12.1,0.24,0.03,56.4,12.84,2.99,116.0,175.7,4.719
29.71,CARRY,13.13,-0.01,-9.58,15.37,-0.01,1,0,,,,0.524,0.046,55.2,12.87,2.99,,,-2.641
29.77,CARRY,13.15,-0.01,-9.58,15.4,-0.01,1,0,,,,0.526,0.046,58.7,12.9,2.99,,,-3.797
29.83,CARRY,13.17,-0.01,-9.58,15.43,-0.01,1,0,,,,0.528,0.045,57.6,12.93,2.99,,,-3.859
29.89,CARRY,13.17,-0.01,-9.58,15.46,-0.01,1,0,,,,0.543,0.046,55.1,12.96,2.99,,,-4.062
29.94,CARRY,13.2,-0.01,-9.58,15.49,-0.01,1,0,,,,0.544,0.046,57.1,12.99,2.99,,,-4.0
30.0,CARRY,13.2,-0.01,-9.58,15.52,-0.01,1,1,,,,0.558,0.046,54.4,13.02,2.99,,,-3.766
30.06,CARRY,13.23,-0.01,-9.58,15.54,-0.01,1,1,,,,0.558,0.046,55.3,13.04,2.99,,,-2.609
30.11,CARRY,13.23,-0.01,-9.58,15.57,-0.01,1,1,,,,0.572,0.047,54.6,13.07,2.99,,,-2.625
30.17,CARRY,13.26,-0.01,-9.58,15.6,-0.01,1,1,,,,0.57,0.046,56.6,13.1,2.99,,,-2.562
30.23,CARRY,13.29,-0.01,-9.58,15.63,-0.01,1,1,,,,0.566,0.045,56.5,13.13,2.99,,,-2.516
30.29,CARRY,13.29,-0.01,-9.58,15.66,-0.01,1,1,,,,0.58,0.046,56.4,13.16,2.99,,,-2.547
30.34,CARRY,13.33,-0.01,-9.58,15.69,-0.01,1,1,,,,0.574,0.045,56.9,13.19,2.99,,,-2.531
30.4,CARRY,13.33,-0.01,-9.58,15.72,-0.01,1,1,,,,0.588,0.046,56.8,13.22,2.99,,,-2.594
30.46,CARRY,13.38,-0.02,-9.58,15.74,-0.01,1,1,,,,0.58,0.045,56.9,13.24,2.99,,,-2.516
30.52,CARRY,13.38,-0.02,-9.58,15.77,-0.01,1,1,,,,0.594,0.046,58.0,13.27,2.99,,,-2.484
30.58,CARRY,13.42,-0.02,-9.58,15.8,-0.01,1,1,,,,0.585,0.045,56.0,13.3,2.99,,,-2.406
30.63,CARRY,13.47,-0.02,-9.58,15.83,-0.01,1,1,,,,0.574,0.044,55.4,13.33,2.99,,,-2.469
30.69,CARRY,13.47,-0.02,-9.58,15.86,-0.01,1,1,,,,0.588,0.044,55.6,13.36,2.99,,,-2.469
30.75,CARRY,13.52,-0.02,-9.58,15.89,-0.01,1,1,,,,0.576,0.043,55.6,13.39,2.99,,,-2.281
30.8,CARRY,13.52,-0.02,-9.58,15.92,-0.01,1,1,,,,0.59,0.044,57.3,13.42,2.99,,,-2.297
30.86,CARRY,13.58,-0.02,-9.58,15.95,-0.01,1,1,,,,0.578,0.043,57.4,13.45,2.99,,,-2.125
30.92,CARRY,13.58,-0.02,-9.58,15.97,-0.01,1,1,,,,0.592,0.044,56.2,13.47,2.99,,,-2.328
30.98,CARRY,13.63,-0.03,-9.58,16.0,-0.01,1,1,,,,0.579,0.043,58.0,13.5,2.99,,,-2.25
31.04,CARRY,13.69,-0.03,-9.58,16.03,-0.01,1,1,,,,0.566,0.042,57.6,13.53,2.99,,,-2.578
31.1,CARRY,13.69,-0.03,-9.58,16.06,-0.01,1,1,,,,0.58,0.043,55.9,13.56,2.99,,,-2.656
31.15,CARRY,13.74,-0.03,-9.58,16.09,-0.01,1,1,,,,0.566,0.041,56.6,13.59,2.99,,,-2.547
31.21,CARRY,13.74,-0.03,-9.58,16.12,-0.01,1,1,,,,0.58,0.042,55.4,13.62,2.99,,,-2.703
31.27,CARRY,13.8,-0.04,-9.58,16.15,-0.01,1,1,,,,0.565,0.041,57.0,13.65,2.99,,,-2.609
31.33,CARRY,13.8,-0.04,-9.58,16.18,-0.01,1,1,,,,0.58,0.042,55.9,13.68,2.99,,,-2.656
31.38,CARRY,13.86,-0.04,-9.58,16.21,-0.01,1,1,,,,0.565,0.041,57.6,13.71,2.99,,,-2.438
31.44,CARRY,13.91,-0.05,-9.58,16.24,-0.01,1,1,,,,0.551,0.04,57.9,13.74,2.99,,,-2.969
31.5,CARRY,13.91,-0.05,-9.58,16.27,-0.01,1,1,,,,0.565,0.041,56.7,13.77,2.99,,,-2.938
31.56,CARRY,13.97,-0.05,-9.58,16.29,-0.01,1,1,,,,0.551,0.04,55.7,13.79,2.99,,,-3.312
31.62,CARRY,13.97,-0.05,-9.58,16.32,-0.01,1,1,,,,0.565,0.041,55.9,13.82,2.99,,,-3.438
31.67,CARRY,14.03,-0.05,-9.58,16.35,-0.01,1,1,,,,0.55,0.04,56.2,13.85,2.99,,,-3.5
31.73,CARRY,14.08,-0.06,-9.58,16.38,-0.01,1,1,,,,0.536,0.039,56.2,13.88,2.99,,,-3.516
31.79,CARRY,14.08,-0.06,-9.58,16.41,-0.01,1,1,,,,0.55,0.04,55.9,13.91,2.99,,,-3.562
31.85,CARRY,14.14,-0.06,-9.58,16.44,-0.01,1,1,,,,0.535,0.039,58.2,13.94,2.99,,,-3.688
31.91,CARRY,14.14,-0.06,-9.58,16.47,-0.01,1,1,,,,0.55,0.04,56.4,13.97,2.99,,,-3.641
31.96,CARRY,14.2,-0.06,-9.58,16.5,-0.01,1,1,,,,0.535,0.039,57.8,14.0,2.99,,,-3.766
32.02,CARRY,14.2,-0.06,-9.58,16.53,-0.01,1,1,,,,0.55,0.04,57.2,14.03,2.99,,,-3.734
32.08,CARRY,14.25,-0.07,-9.58,16.55,-0.01,1,1,,,,0.536,0.039,54.8,14.05,2.99,,,-3.844
32.14,CARRY,14.31,-0.07,-9.58,16.58,-0.01,1,1,,,,0.522,0.038,55.8,14.08,2.99,,,-3.812
32.19,CARRY,14.31,-0.07,-9.58,16.61,-0.01,1,1,,,,0.536,0.039,60.3,14.11,2.99,,,-3.719
32.26,CARRY,14.36,-0.07,-9.58,16.64,-0.01,1,1,,,,0.523,0.038,57.7,14.14,2.99,,,-3.406
32.31,CARRY,14.36,-0.07,-9.58,16.67,-0.01,1,1,,,,0.538,0.039,55.6,14.17,2.99,,,-3.469
32.37,CARRY,14.42,-0.08,-9.58,16.7,-0.01,1,1,,,,0.523,0.038,55.8,14.2,2.99,,,-3.5
32.43,CARRY,14.47,-0.08,-9.58,16.73,-0.01,1,1,,,,0.51,0.037,57.5,14.23,2.99,,,-3.5
32.49,CARRY,14.47,-0.08,-9.58,16.76,-0.01,1,1,,,,0.524,0.038,55.2,14.26,2.99,,,-3.531
32.54,CARRY,14.53,-0.08,-9.58,16.79,-0.01,1,1,,,,0.511,0.037,56.1,14.29,2.99,,,-3.266
32.6,CARRY,14.53,-0.08,-9.58,16.81,-0.01,1,1,,,,0.525,0.038,55.7,14.31,2.99,,,-3.328
32.66,REGROUND,14.58,-0.09,-9.58,16.84,-0.01,1,1,,,,0.512,0.037,66.1,14.34,2.99,,,-3.391
32.72,REGROUND,14.58,-0.09,-9.58,16.88,-0.01,1,1,,,,0.528,0.038,3.4,14.38,2.99,,,
32.77,REGROUND,14.63,-0.09,-9.58,16.9,-0.01,1,1,,,,0.514,0.037,1.9,14.4,2.99,,,
32.82,REGROUND,14.63,-0.09,-9.58,16.93,-0.01,1,1,,,,0.526,0.038,1.3,14.43,2.99,,,
32.87,REGROUND,14.69,-0.09,-9.58,16.95,-0.01,1,1,,,,0.511,0.037,1.7,14.45,2.99,,,
32.93,REGROUND,14.69,-0.09,-9.58,16.98,-0.01,1,1,,,,0.523,0.037,0.8,14.48,2.99,,,
32.98,REGROUND,14.74,-0.1,-9.58,17.0,-0.01,1,1,,,,0.509,0.036,1.5,14.5,2.99,,,
33.03,REGROUND,14.74,-0.1,-9.58,17.03,-0.01,1,1,,,,0.521,0.037,0.8,14.53,2.99,,,
33.08,REGROUND,14.79,-0.1,-9.58,17.05,-0.01,1,1,,,,0.507,0.036,2.1,14.55,2.99,,,
33.13,REGROUND,14.79,-0.1,-9.58,17.08,-0.01,1,1,,,,0.519,0.037,0.9,14.58,2.99,,,
33.18,REGROUND,14.84,-0.1,-9.58,17.1,-0.01,1,1,,,,0.505,0.035,1.6,14.6,2.99,,,
33.23,REGROUND,14.84,-0.1,-9.58,17.13,-0.01,1,1,,,,0.517,0.036,0.9,14.63,2.99,,,
33.28,REGROUND,14.9,-0.1,-9.58,17.15,-0.01,1,1,,,,0.503,0.035,1.8,14.65,2.99,,,
33.33,REGROUND,14.95,-0.11,-9.58,17.18,-0.01,1,1,,,,0.489,0.034,2.0,14.68,2.99,,,
33.38,REGROUND,14.95,-0.11,-9.58,17.2,-0.01,1,1,,,,0.501,0.034,1.2,14.7,2.99,,,
33.43,REGROUND,14.95,-0.11,-9.58,17.23,-0.01,1,1,,,,0.513,0.035,1.0,14.73,2.99,,,
33.48,REGROUND,15.0,-0.11,-9.58,17.25,-0.01,1,1,,,,0.499,0.034,2.0,14.75,2.99,,,
33.53,REGROUND,15.0,-0.11,-9.58,17.28,-0.01,1,1,,,,0.511,0.035,1.2,14.78,2.99,,,
33.58,REGROUND,15.05,-0.11,-9.58,17.3,-0.01,1,1,,,,0.497,0.033,2.1,14.8,2.99,,,
33.63,REGROUND,15.05,-0.11,-9.58,17.33,-0.01,1,1,,,,0.51,0.034,1.2,14.83,2.99,,,
33.68,REGROUND,15.1,-0.11,-9.59,17.35,-0.01,1,1,,,,0.496,0.033,1.8,14.85,2.99,,,
33.73,REGROUND,15.1,-0.11,-9.59,17.38,-0.01,1,1,,,,0.508,0.034,1.2,14.88,2.99,,,
33.78,REGROUND,15.16,-0.12,-9.59,17.4,-0.01,1,1,,,,0.494,0.032,2.0,14.9,2.99,,,
33.83,REGROUND,15.16,-0.12,-9.59,17.43,-0.01,1,1,,,,0.507,0.033,1.1,14.93,2.99,,,
33.88,REGROUND,15.21,-0.12,-9.59,17.45,-0.01,1,1,,,,0.493,0.032,1.8,14.95,2.99,,,
33.93,REGROUND,15.26,-0.12,-9.59,17.48,-0.01,1,1,,,,0.479,0.031,1.7,14.98,2.99,,,
33.98,REGROUND,15.26,-0.12,-9.59,17.5,-0.01,1,1,,,,0.492,0.032,1.3,15.0,2.99,,,
34.03,REGROUND,15.31,-0.13,-9.59,17.53,-0.01,1,1,,,,0.478,0.031,2.0,15.03,2.99,,,
34.08,REGROUND,15.31,-0.13,-9.59,17.55,-0.01,1,1,,,,0.49,0.031,1.1,15.05,2.99,,,
34.13,REGROUND,15.31,-0.13,-9.59,17.58,-0.01,1,1,,,,0.502,0.032,1.2,15.08,2.99,,,
34.18,REGROUND,15.36,-0.13,-9.59,17.6,-0.01,1,1,,,,0.489,0.031,1.7,15.1,2.99,,,
34.23,REGROUND,15.36,-0.13,-9.59,17.63,-0.01,1,1,,,,0.501,0.032,0.9,15.13,2.99,,,
34.28,REGROUND,15.41,-0.13,-9.59,17.65,-0.01,1,1,,,,0.488,0.031,2.1,15.15,2.99,,,
34.33,REGROUND,15.41,-0.13,-9.59,17.68,-0.01,1,1,,,,0.5,0.032,1.2,15.18,2.99,,,
34.38,REGROUND,15.46,-0.13,-9.59,17.7,-0.01,1,1,,,,0.487,0.031,1.9,15.2,2.99,,,
34.43,REGROUND,15.46,-0.13,-9.59,17.73,-0.01,1,1,,,,0.499,0.032,0.9,15.23,2.99,,,
34.48,REGROUND,15.51,-0.14,-9.59,17.75,-0.01,1,1,,,,0.485,0.031,1.7,15.25,2.99,,,
34.53,REGROUND,15.57,-0.14,-9.59,17.78,-0.01,1,1,,,,0.472,0.03,2.2,15.28,2.99,,,
34.58,REGROUND,15.57,-0.14,-9.59,17.8,-0.01,1,1,,,,0.484,0.03,1.2,15.3,2.99,,,
34.63,REGROUND,15.62,-0.14,-9.59,17.83,-0.01,1,1,,,,0.471,0.03,2.0,15.33,2.99,,,
34.68,REGROUND,15.62,-0.14,-9.59,17.85,-0.01,1,1,,,,0.483,0.03,1.2,15.35,2.99,,,
34.73,REGROUND,15.62,-0.14,-9.59,17.88,-0.01,1,1,,,,0.495,0.031,1.1,15.38,2.99,,,
34.78,REGROUND,15.67,-0.15,-9.59,17.9,-0.01,1,1,,,,0.483,0.03,2.5,15.4,2.99,,,
34.83,REGROUND,15.67,-0.15,-9.59,17.93,-0.01,1,1,,,,0.495,0.031,1.3,15.43,2.99,,,
34.88,REGROUND,15.71,-0.15,-9.59,17.95,-0.01,1,1,,,,0.482,0.03,2.0,15.45,2.99,,,
34.93,REGROUND,15.71,-0.15,-9.59,17.98,-0.01,1,1,,,,0.494,0.031,1.2,15.48,2.99,,,
34.98,REGROUND,15.76,-0.15,-9.59,18.0,-0.01,1,1,,,,0.481,0.03,2.4,15.5,2.99,,,
35.03,REGROUND,15.81,-0.16,-9.59,18.03,-0.01,1,0,,,,0.469,0.029,2.4,15.53,2.99,,,
35.08,REGROUND,15.81,-0.16,-9.59,18.05,-0.01,1,0,,,,0.481,0.03,0.9,15.55,2.99,,,
35.13,REGROUND,15.86,-0.16,-9.59,18.08,-0.01,1,0,,,,0.468,0.03,4.1,15.58,2.99,,,
35.18,REGROUND,15.86,-0.16,-9.59,18.1,-0.01,1,0,,,,0.48,0.03,1.1,15.6,2.99,,,
35.23,REGROUND,15.91,-0.16,-9.59,18.13,-0.01,1,0,,,,0.468,0.03,2.0,15.63,2.99,,,
35.28,REGROUND,15.91,-0.16,-9.59,18.15,-0.01,1,0,,,,0.48,0.03,0.9,15.65,2.99,,,
35.33,REGROUND,15.96,-0.17,-9.59,18.18,-0.01,1,0,,,,0.468,0.03,1.8,15.68,2.99,,,
35.38,REGROUND,15.96,-0.17,-9.59,18.2,-0.01,1,0,,,,0.48,0.031,1.2,15.7,2.99,,,
35.43,REGROUND,15.96,-0.17,-9.59,18.23,-0.01,1,0,,,,0.492,0.031,1.1,15.73,2.99,,,
35.48,REGROUND,16.01,-0.17,-9.59,18.25,-0.01,1,0,,,,0.48,0.031,2.1,15.75,2.99,,,
35.53,REGROUND,16.01,-0.17,-9.59,18.28,-0.01,1,0,,,,0.492,0.031,1.1,15.78,2.99,,,
35.58,REGROUND,16.06,-0.17,-9.59,18.3,-0.01,1,0,,,,0.48,0.031,1.9,15.8,2.99,,,
35.63,REGROUND,16.11,-0.18,-9.59,18.33,-0.01,1,0,,,,0.468,0.03,1.8,15.83,2.99,,,
35.68,REGROUND,16.11,-0.18,-9.59,18.35,-0.01,1,0,,,,0.48,0.031,0.9,15.85,2.99,,,
35.73,REGROUND,16.16,-0.18,-9.59,18.38,-0.01,1,0,,,,0.468,0.03,1.9,15.88,2.99,,,
35.78,REGROUND,16.16,-0.18,-9.59,18.4,-0.01,1,0,,,,0.48,0.031,0.8,15.9,2.99,,,
35.83,REGROUND,16.2,-0.18,-9.59,18.43,-0.01,1,0,,,,0.468,0.03,1.7,15.93,2.99,,,
35.88,REGROUND,16.2,-0.18,-9.59,18.45,-0.01,1,0,,,,0.48,0.031,0.9,15.95,2.99,,,
35.93,REGROUND,16.25,-0.19,-9.59,18.48,-0.01,1,0,,,,0.468,0.03,1.9,15.98,2.99,,,
35.98,REGROUND,16.25,-0.19,-9.59,18.5,-0.01,1,0,,,,0.48,0.031,0.7,16.0,2.99,,,
36.03,REGROUND,16.3,-0.19,-9.59,18.53,-0.01,1,0,,,,0.468,0.031,1.5,16.03,2.99,,,
36.08,REGROUND,16.3,-0.19,-9.59,18.55,-0.01,1,0,,,,0.481,0.031,0.9,16.05,2.99,,,
36.13,REGROUND,16.3,-0.19,-9.59,18.58,-0.01,1,0,,,,0.493,0.032,1.1,16.08,2.99,,,
36.18,REGROUND,16.35,-0.19,-9.59,18.6,-0.01,1,0,,,,0.481,0.031,1.6,16.1,2.99,,,
36.23,REGROUND,16.39,-0.2,-9.59,18.63,-0.01,1,0,,,,0.469,0.031,1.5,16.13,2.99,,,
36.28,REGROUND,16.39,-0.2,-9.59,18.65,-0.01,1,0,,,,0.482,0.031,0.8,16.15,2.99,,,
36.33,REGROUND,16.44,-0.2,-9.59,18.68,-0.01,1,0,,,,0.47,0.031,1.5,16.18,2.99,,,
36.38,REGROUND,16.44,-0.2,-9.59,18.7,-0.01,1,0,,,,0.482,0.032,0.8,16.2,2.99,,,
36.43,REGROUND,16.49,-0.2,-9.58,18.73,-0.01,1,0,,,,0.47,0.031,2.0,16.23,2.99,,,
36.48,REGROUND,16.49,-0.2,-9.58,18.75,-0.01,1,0,,,,0.483,0.032,0.8,16.25,2.99,,,
36.53,REGROUND,16.54,-0.21,-9.58,18.78,-0.01,1,0,,,,0.471,0.031,1.6,16.28,2.99,,,
36.58,REGROUND,16.54,-0.21,-9.58,18.8,-0.01,1,0,,,,0.483,0.032,1.3,16.3,2.99,,,
36.63,REGROUND,16.58,-0.21,-9.58,18.83,-0.01,1,0,,,,0.471,0.031,2.0,16.33,2.99,,,
36.68,REGROUND,16.58,-0.21,-9.58,18.85,-0.01,1,0,,,,0.483,0.032,1.1,16.35,2.99,,,
36.73,REGROUND,16.58,-0.21,-9.58,18.88,-0.01,1,0,,,,0.496,0.033,0.8,16.38,2.99,,,
36.78,REGROUND,16.63,-0.21,-9.58,18.9,-0.01,1,0,,,,0.484,0.032,1.9,16.4,2.99,,,
36.83,REGROUND,16.68,-0.22,-9.58,18.93,-0.01,1,0,,,,0.472,0.031,1.8,16.43,2.99,,,
36.88,REGROUND,16.68,-0.22,-9.58,18.95,-0.01,1,0,,,,0.485,0.032,1.3,16.45,2.99,,,
36.93,REGROUND,16.73,-0.22,-9.58,18.98,-0.01,1,0,,,,0.473,0.031,2.4,16.48,2.99,,,
36.98,REGROUND,16.73,-0.22,-9.58,19.0,-0.01,1,0,,,,0.485,0.032,1.2,16.5,2.99,,,
37.03,REGROUND,16.77,-0.22,-9.58,19.03,-0.01,1,0,,,,0.473,0.031,1.8,16.53,2.99,,,
37.08,REGROUND,16.77,-0.22,-9.58,19.05,-0.01,1,0,,,,0.485,0.032,1.2,16.55,2.99,,,
37.13,REGROUND,16.82,-0.22,-9.58,19.08,-0.01,1,0,,,,0.473,0.032,2.2,16.58,2.99,,,
37.18,REGROUND,16.82,-0.22,-9.58,19.1,-0.01,1,0,,,,0.485,0.032,1.1,16.6,2.99,,,
37.23,REGROUND,16.87,-0.23,-9.58,19.13,-0.01,1,0,,,,0.473,0.032,1.8,16.63,2.99,,,
37.28,REGROUND,16.87,-0.23,-9.58,19.15,-0.01,1,0,,,,0.486,0.032,1.2,16.65,2.99,,,
37.33,REGROUND,16.92,-0.23,-9.58,19.18,-0.01,1,0,,,,0.474,0.032,1.6,16.68,2.99,,,
37.38,REGROUND,16.92,-0.23,-9.58,19.2,-0.01,1,0,,,,0.486,0.033,0.9,16.7,2.99,,,
37.43,REGROUND,16.97,-0.23,-9.58,19.23,-0.01,1,0,,,,0.474,0.032,2.0,16.73,2.99,,,
37.48,REGROUND,16.97,-0.23,-9.58,19.25,-0.01,1,0,,,,0.486,0.033,3.1,16.75,2.99,,,
37.53,REGROUND,17.01,-0.24,-9.58,19.28,-0.01,1,0,,,,0.474,0.032,1.9,16.78,2.99,,,
37.58,REGROUND,17.01,-0.24,-9.58,19.3,-0.01,1,0,,,,0.486,0.033,1.0,16.8,2.99,,,
37.63,REGROUND,17.06,-0.24,-9.58,19.33,-0.01,1,0,,,,0.475,0.032,2.0,16.83,2.99,,,
37.68,REGROUND,17.06,-0.24,-9.58,19.35,-0.01,1,0,,,,0.487,0.033,1.0,16.85,2.99,,,
37.73,REGROUND,17.11,-0.24,-9.58,19.38,-0.01,1,0,,,,0.475,0.032,1.6,16.88,2.99,,,
37.78,REGROUND,17.11,-0.24,-9.58,19.4,-0.01,1,0,,,,0.487,0.033,0.9,16.9,2.99,,,
37.83,REGROUND,17.16,-0.25,-9.58,19.43,-0.01,1,0,,,,0.475,0.032,1.9,16.93,2.99,,,
37.88,REGROUND,17.16,-0.25,-9.58,19.45,-0.01,1,0,,,,0.487,0.033,1.3,16.95,2.99,,,
37.93,REGROUND,17.21,-0.25,-9.58,19.48,-0.01,1,0,,,,0.475,0.032,1.8,16.98,2.99,,,
37.98,REGROUND,17.21,-0.25,-9.58,19.5,-0.01,1,0,,,,0.487,0.033,1.0,17.0,2.99,,,
38.03,REGROUND,17.25,-0.25,-9.58,19.53,-0.01,1,0,,,,0.476,0.032,2.9,17.03,2.99,,,
38.08,REGROUND,17.25,-0.25,-9.58,19.55,-0.01,1,0,,,,0.488,0.033,1.1,17.05,2.99,,,
38.13,REGROUND,17.3,-0.26,-9.58,19.58,-0.01,1,0,,,,0.476,0.032,2.5,17.08,2.99,,,
38.18,REGROUND,17.3,-0.26,-9.58,19.6,-0.01,1,0,,,,0.488,0.033,1.3,17.1,2.99,,,
38.23,REGROUND,17.35,-0.26,-9.58,19.63,-0.01,1,0,,,,0.476,0.032,1.9,17.13,2.99,,,
38.28,REGROUND,17.35,-0.26,-9.58,19.65,-0.01,1,0,,,,0.488,0.033,1.1,17.15,2.99,,,
38.33,REGROUND,17.4,-0.26,-9.58,19.68,-0.01,1,0,,,,0.476,0.032,2.7,17.18,2.99,,,
38.38,REGROUND,17.4,-0.26,-9.58,19.71,-0.01,1,0,,,,0.488,0.033,1.1,17.21,2.99,,,
38.43,REGROUND,17.45,-0.27,-9.58,19.73,-0.01,1,0,,,,0.476,0.032,1.7,17.23,2.99,,,
38.48,REGROUND,17.45,-0.27,-9.58,19.76,-0.01,1,0,,,,0.489,0.033,0.8,17.26,2.99,,,
38.53,REGROUND,17.5,-0.27,-9.58,19.78,-0.01,1,0,,,,0.476,0.032,1.6,17.28,2.99,,,
38.58,REGROUND,17.5,-0.27,-9.58,19.81,-0.01,1,0,,,,0.489,0.033,1.4,17.31,2.99,,,
38.63,REGROUND,17.54,-0.27,-9.58,19.83,-0.01,1,0,,,,0.477,0.032,1.9,17.33,2.99,,,
38.68,REGROUND,17.54,-0.27,-9.58,19.86,-0.01,1,0,,,,0.489,0.033,1.2,17.36,2.99,,,
38.73,REGROUND,17.59,-0.27,-9.58,19.88,-0.01,1,0,,,,0.477,0.032,1.9,17.38,2.99,,,
38.78,REGROUND,17.59,-0.27,-9.58,19.91,-0.01,1,0,,,,0.489,0.033,1.1,17.41,2.99,,,
38.83,REGROUND,17.64,-0.28,-9.58,19.93,-0.01,1,0,,,,0.478,0.032,1.9,17.43,2.99,,,
38.88,REGROUND,17.64,-0.28,-9.58,19.96,-0.01,1,0,,,,0.49,0.033,1.1,17.46,2.99,,,
38.93,REGROUND,17.69,-0.28,-9.58,19.98,-0.01,1,0,,,,0.478,0.032,2.0,17.48,2.99,,,
38.98,REGROUND,17.69,-0.28,-9.58,20.01,-0.01,1,0,,,,0.49,0.033,1.3,17.51,2.99,,,
39.03,REGROUND,17.73,-0.28,-9.58,20.03,-0.01,1,0,,,,0.478,0.032,2.2,17.53,2.99,,,
39.08,REGROUND,17.73,-0.28,-9.58,20.06,-0.01,1,0,,,,0.49,0.033,1.2,17.56,2.99,,,
39.13,REGROUND,17.78,-0.29,-9.58,20.08,-0.01,1,0,,,,0.478,0.032,1.8,17.58,2.99,,,
39.18,REGROUND,17.78,-0.29,-9.58,20.11,-0.01,1,0,,,,0.49,0.033,1.3,17.61,2.99,,,
39.23,REGROUND,17.83,-0.29,-9.58,20.13,-0.01,1,0,,,,0.479,0.032,2.0,17.63,2.99,,,
39.28,REGROUND,17.83,-0.29,-9.58,20.16,-0.01,1,0,,,,0.491,0.033,1.2,17.66,2.99,,,
39.33,REGROUND,17.88,-0.29,-9.58,20.18,-0.01,1,0,,,,0.478,0.032,1.8,17.68,2.99,,,
39.38,REGROUND,17.88,-0.29,-9.58,20.21,-0.01,1,0,,,,0.491,0.033,0.8,17.71,2.99,,,
39.43,REGROUND,17.93,-0.3,-9.58,20.23,-0.01,1,0,,,,0.479,0.032,1.7,17.73,2.99,,,
39.48,REGROUND,17.93,-0.3,-9.58,20.26,-0.01,1,0,,,,0.491,0.033,0.9,17.76,2.99,,,
39.53,REGROUND,17.98,-0.3,-9.58,20.28,-0.01,1,0,,,,0.479,0.032,1.8,17.78,2.99,,,
39.58,REGROUND,17.98,-0.3,-9.58,20.31,-0.01,1,0,,,,0.491,0.033,0.8,17.81,2.99,,,
39.63,REGROUND,18.02,-0.3,-9.58,20.33,-0.01,1,0,,,,0.479,0.032,1.6,17.83,2.99,,,
39.68,REGROUND,18.02,-0.3,-9.58,20.36,-0.01,1,0,,,,0.491,0.033,0.9,17.86,2.99,,,
39.73,REGROUND,18.07,-0.31,-9.58,20.38,-0.01,1,0,,,,0.479,0.032,1.8,17.88,2.99,,,
39.78,REGROUND,18.07,-0.31,-9.58,20.41,-0.01,1,0,,,,0.491,0.033,3.6,17.91,2.99,,,
39.83,REGROUND,18.12,-0.31,-9.58,20.43,-0.01,1,0,,,,0.479,0.032,1.6,17.93,2.99,,,
39.88,REGROUND,18.12,-0.31,-9.58,20.46,-0.01,1,0,,,,0.491,0.033,0.9,17.96,2.99,,,
39.93,REGROUND,18.17,-0.31,-9.58,20.48,-0.01,1,0,,,,0.479,0.032,1.7,17.98,2.99,,,
39.98,REGROUND,18.17,-0.31,-9.58,20.51,-0.01,1,0,,,,0.491,0.033,0.9,18.01,2.99,,,
40.03,REGROUND,18.22,-0.31,-9.58,20.53,-0.01,1,0,,,,0.479,0.032,2.0,18.03,2.99,,,
40.08,REGROUND,18.22,-0.31,-9.58,20.56,-0.01,1,0,,,,0.491,0.033,0.8,18.06,2.99,,,
40.13,REGROUND,18.27,-0.32,-9.58,20.58,-0.01,1,0,,,,0.479,0.032,1.6,18.08,2.99,,,
40.18,REGROUND,18.27,-0.32,-9.58,20.61,-0.01,1,0,,,,0.491,0.033,0.9,18.11,2.99,,,
40.23,REGROUND,18.31,-0.32,-9.58,20.63,-0.01,1,0,,,,0.479,0.032,1.8,18.13,2.99,,,
40.28,REGROUND,18.31,-0.32,-9.58,20.66,-0.01,1,0,,,,0.492,0.033,1.1,18.16,2.99,,,
40.33,REGROUND,18.36,-0.32,-9.58,20.68,-0.01,1,0,,,,0.479,0.032,1.7,18.18,2.99,,,
40.38,REGROUND,18.36,-0.32,-9.58,20.71,-0.01,1,0,,,,0.492,0.033,0.8,18.21,2.99,,,
40.43,REGROUND,18.41,-0.33,-9.58,20.73,-0.01,1,0,,,,0.48,0.032,1.7,18.23,2.99,,,
40.48,REGROUND,18.41,-0.33,-9.58,20.76,-0.01,1,0,,,,0.492,0.033,1.0,18.26,2.99,,,
40.53,REGROUND,18.46,-0.33,-9.58,20.78,-0.01,1,0,,,,0.479,0.032,1.8,18.28,2.99,,,
40.58,REGROUND,18.46,-0.33,-9.58,20.81,-0.01,1,0,,,,0.491,0.033,1.2,18.31,2.99,,,
40.63,REGROUND,18.51,-0.33,-9.59,20.83,-0.01,1,0,,,,0.479,0.033,1.9,18.33,2.99,,,
40.68,REGROUND,18.51,-0.33,-9.59,20.86,-0.01,1,0,,,,0.491,0.033,1.2,18.36,2.99,,,
40.73,REGROUND,18.56,-0.34,-9.59,20.88,-0.01,1,0,,,,0.479,0.033,2.1,18.38,2.99,,,
40.78,REGROUND,18.56,-0.34,-9.59,20.91,-0.01,1,0,,,,0.491,0.033,0.9,18.41,2.99,,,
40.83,REGROUND,18.61,-0.34,-9.59,20.93,-0.01,1,0,,,,0.479,0.033,1.6,18.43,2.99,,,
40.88,REGROUND,18.61,-0.34,-9.59,20.96,-0.01,1,0,,,,0.491,0.033,0.9,18.46,2.99,,,
40.93,REGROUND,18.65,-0.34,-9.59,20.98,-0.01,1,0,,,,0.479,0.033,2.2,18.48,2.99,,,
40.98,REGROUND,18.65,-0.34,-9.59,21.01,-0.01,1,0,,,,0.491,0.034,1.0,18.51,2.99,,,
41.03,REGROUND,18.7,-0.35,-9.59,21.03,-0.01,1,0,,,,0.479,0.033,1.6,18.53,2.99,,,
41.09,REGROUND,18.7,-0.35,-9.59,21.06,-0.01,1,0,,,,0.491,0.033,0.9,18.56,2.99,,,
41.14,REGROUND,18.75,-0.35,-9.59,21.08,-0.01,1,0,,,,0.479,0.033,1.7,18.58,2.99,,,
41.19,REGROUND,18.75,-0.35,-9.59,21.11,-0.01,1,0,,,,0.491,0.034,0.9,18.61,2.99,,,
41.24,REGROUND,18.8,-0.35,-9.59,21.13,-0.01,1,0,,,,0.479,0.033,1.9,18.63,2.99,,,
41.29,REGROUND,18.8,-0.35,-9.59,21.16,-0.01,1,0,,,,0.491,0.033,1.1,18.66,2.99,,,
41.34,REGROUND,18.85,-0.36,-9.59,21.18,-0.01,1,0,,,,0.478,0.033,1.8,18.68,2.99,,,
41.39,REGROUND,18.85,-0.36,-9.59,21.21,-0.01,1,0,,,,0.491,0.033,1.1,18.71,2.99,,,
41.44,REGROUND,18.9,-0.36,-9.59,21.23,-0.01,1,0,,,,0.478,0.032,2.1,18.73,2.99,,,
41.49,REGROUND,18.9,-0.36,-9.59,21.26,-0.01,1,0,,,,0.49,0.033,1.2,18.76,2.99,,,
41.54,REGROUND,18.95,-0.36,-9.59,21.28,-0.01,1,0,,,,0.478,0.032,1.9,18.78,2.99,,,
41.59,REGROUND,18.95,-0.36,-9.59,21.31,-0.01,1,0,,,,0.49,0.033,1.2,18.81,2.99,,,
41.64,REGROUND,19.0,-0.36,-9.59,21.33,-0.01,1,0,,,,0.478,0.032,2.0,18.83,2.99,,,
41.69,REGROUND,19.0,-0.36,-9.59,21.36,-0.01,1,0,,,,0.49,0.033,1.2,18.86,2.99,,,
41.74,REGROUND,19.04,-0.37,-9.59,21.38,-0.01,1,0,,,,0.478,0.032,2.1,18.88,2.99,,,
41.79,REGROUND,19.04,-0.37,-9.59,21.41,-0.01,1,0,,,,0.49,0.033,1.2,18.91,2.99,,,
41.84,REGROUND,19.09,-0.37,-9.59,21.43,-0.01,1,0,,,,0.478,0.032,1.8,18.93,2.99,,,
41.89,REGROUND,19.09,-0.37,-9.59,21.46,-0.01,1,0,,,,0.49,0.033,1.2,18.96,2.99,,,
41.94,REGROUND,19.14,-0.37,-9.59,21.48,-0.01,1,0,,,,0.478,0.032,2.1,18.98,2.99,,,
41.99,REGROUND,19.14,-0.37,-9.59,21.51,-0.01,1,0,,,,0.49,0.033,1.1,19.01,2.99,,,
42.04,CARRY,19.19,-0.38,-9.59,21.53,-0.01,1,0,,,,1.044,0.449,240.9,19.03,2.99,,,
42.28,CARRY,19.29,-0.38,-9.59,21.65,-0.01,1,0,361.0,100.0,145.9,2.8,0.82,53.3,19.15,2.99,7.4,229.7,9.375
42.33,CARRY,19.34,-0.39,-9.59,21.68,-0.01,1,0,360.5,101.5,144.3,2.77,0.81,53.9,19.18,2.99,7.0,229.9,9.875
42.39,CARRY,19.34,-0.39,-9.59,21.71,-0.01,1,0,361.0,101.5,144.4,2.77,0.82,56.9,19.21,2.99,5.6,228.5,10.125
42.45,CARRY,19.39,-0.39,-9.59,21.74,-0.01,1,0,361.0,103.0,143.0,2.74,0.82,60.1,19.24,2.99,5.3,228.3,10.5
42.51,CARRY,19.39,-0.39,-9.59,21.77,-0.01,1,0,361.0,103.0,143.0,2.74,0.82,56.0,19.27,2.99,3.5,227.1,10.312
42.57,CARRY,19.44,-0.39,-9.59,21.8,-0.01,1,0,361.5,104.5,141.7,2.71,0.83,58.1,19.3,2.99,3.6,226.8,10.5
42.63,CARRY,19.44,-0.39,-9.59,21.83,-0.01,1,0,361.5,104.5,141.7,2.71,0.83,56.7,19.33,2.99,2.2,225.7,10.688
42.68,CARRY,19.5,-0.39,-9.58,21.86,-0.01,1,0,361.5,106.5,139.8,2.67,0.83,57.8,19.36,2.99,2.0,225.5,10.438
42.74,CARRY,19.57,-0.39,-9.58,21.89,-0.01,1,0,360.5,108.0,138.1,2.64,0.81,57.6,19.39,2.99,2.2,226.9,10.062
42.8,CARRY,19.57,-0.39,-9.58,21.92,-0.01,1,0,361.5,108.0,138.4,2.64,0.83,56.0,19.42,2.99,1.5,225.2,10.062
42.86,CARRY,19.65,-0.38,-9.58,21.94,-0.01,1,0,361.0,110.5,135.8,2.59,0.82,57.5,19.44,2.99,1.9,226.0,9.938
42.92,CARRY,19.65,-0.38,-9.58,21.97,-0.01,1,0,361.0,110.5,135.8,2.59,0.82,57.3,19.47,2.99,1.0,224.9,9.812
42.98,CARRY,19.76,-0.37,-9.58,22.0,-0.01,1,0,360.5,114.0,132.3,2.52,0.81,54.1,19.5,2.99,1.6,225.6,9.75
43.03,CARRY,19.9,-0.35,-9.58,22.03,-0.01,1,0,358.5,118.0,127.9,2.44,0.77,56.1,19.53,2.99,2.9,227.2,10.0
43.09,CARRY,19.9,-0.35,-9.58,22.06,-0.01,1,0,358.0,118.0,127.8,2.44,0.76,53.4,19.56,2.99,1.2,226.5,9.812
43.14,CARRY,20.05,-0.33,-9.58,22.09,-0.01,1,0,355.5,124.0,121.3,2.32,0.71,58.0,19.59,2.99,2.4,227.4,9.438
43.2,CARRY,20.05,-0.33,-9.58,22.12,-0.01,1,0,355.5,123.0,122.3,2.34,0.71,55.9,19.62,2.99,1.7,227.0,9.625
43.26,CARRY,20.24,-0.3,-9.58,22.14,-0.01,1,0,352.5,132.0,112.8,2.16,0.65,56.8,19.64,2.99,1.1,226.4,9.5
43.32,CARRY,20.24,-0.3,-9.58,22.17,-0.01,1,0,352.5,131.0,113.7,2.18,0.65,55.4,19.67,2.99,0.4,226.1,9.5
43.37,CARRY,20.43,-0.27,-9.58,22.2,-0.01,1,0,349.0,141.5,102.7,1.97,0.58,56.2,19.7,2.99,0.7,225.4,9.375
43.43,CARRY,20.64,-0.24,-9.59,22.23,-0.01,1,0,345.5,151.0,92.6,1.78,0.51,54.9,19.73,2.99,0.2,225.9,9.438
43.49,CARRY,20.64,-0.24,-9.59,22.26,-0.01,1,0,345.5,148.5,95.0,1.83,0.51,54.6,19.76,2.99,0.9,226.7,9.375
43.54,CARRY,20.86,-0.21,-9.59,22.29,-0.01,1,0,342.5,160.0,83.1,1.6,0.45,55.8,19.79,2.99,0.2,225.7,9.25
43.6,CARRY,20.86,-0.21,-9.59,22.31,-0.01,1,0,342.5,158.0,85.0,1.64,0.45,55.3,19.81,2.99,0.3,226.1,9.312
43.66,CARRY,21.08,-0.18,-9.59,22.34,-0.01,1,0,339.5,169.0,73.6,1.42,0.39,56.3,19.84,2.99,0.2,225.5,9.312
43.72,CARRY,21.08,-0.18,-9.59,22.37,-0.01,1,0,339.5,168.5,74.1,1.43,0.39,56.1,19.87,2.99,1.4,224.9,9.312
43.77,CARRY,21.29,-0.15,-9.59,22.4,-0.01,1,0,336.5,177.5,64.6,1.25,0.33,56.0,19.9,2.99,0.1,225.8,9.438
43.83,CARRY,21.5,-0.12,-9.59,22.43,-0.01,1,0,333.5,191.0,50.8,0.98,0.27,56.9,19.93,2.99,3.3,223.2,9.562
43.89,CARRY,21.5,-0.12,-9.59,22.46,-0.01,1,0,333.5,190.0,51.8,1.0,0.27,54.7,19.96,2.99,4.0,222.9,9.625
43.95,CARRY,21.7,-0.09,-9.59,22.49,-0.01,1,0,330.5,196.0,45.2,0.88,0.21,57.2,19.99,2.99,0.4,225.7,9.375
44.0,CARRY,21.7,-0.09,-9.59,22.52,-0.01,1,0,330.5,194.5,46.7,0.91,0.21,56.4,20.02,2.99,0.7,225.7,9.375
44.06,CARRY,21.89,-0.07,-9.59,22.55,-0.01,1,0,328.5,202.5,38.5,0.75,0.17,57.1,20.05,2.99,0.5,225.9,9.375
44.12,CARRY,21.89,-0.07,-9.59,22.57,-0.01,1,0,328.5,200.5,40.4,0.79,0.17,53.5,20.07,2.99,0.8,226.3,9.375
44.18,CARRY,22.07,-0.04,-9.59,22.6,-0.01,1,0,326.0,217.0,23.8,0.46,0.12,55.0,20.1,2.99,7.4,220.3,9.375
44.23,CARRY,22.23,-0.02,-9.59,22.63,-0.01,1,0,323.5,225.0,15.4,0.3,0.07,55.7,20.13,2.99,8.1,220.0,9.375
44.29,CARRY,22.23,-0.02,-9.59,22.66,-0.01,1,0,323.5,215.0,25.2,0.5,0.07,55.2,20.16,2.99,0.5,226.3,9.438
44.35,CARRY,22.37,-0.0,-9.59,22.69,-0.01,1,0,321.5,222.0,18.1,0.36,0.03,55.7,20.19,2.99,0.4,226.0,9.062
44.4,CARRY,22.37,-0.0,-9.59,22.72,-0.01,1,0,322.5,220.0,20.2,0.4,0.05,56.2,20.22,2.99,0.5,225.7,9.25
44.46,CARRY,22.5,0.01,-9.58,22.74,-0.01,1,0,320.5,226.5,13.5,0.27,0.01,56.5,20.24,2.99,0.6,225.3,9.125
44.52,CARRY,22.5,0.01,-9.58,22.77,-0.01,1,0,320.5,224.5,15.5,0.31,0.01,55.5,20.27,2.99,0.2,225.7,9.188
44.57,CARRY,22.62,0.03,-9.58,22.8,-0.01,1,0,319.0,229.0,11.0,0.22,-0.02,54.6,20.3,2.99,0.2,226.0,9.188
44.63,CARRY,22.72,0.04,-9.58,22.83,-0.01,1,0,317.5,233.0,7.4,0.14,-0.05,56.2,20.33,2.99,0.3,226.2,9.125
44.69,CARRY,22.72,0.04,-9.58,22.86,-0.01,1,0,318.0,231.5,8.7,0.17,-0.04,55.7,20.36,2.99,0.0,225.9,9.188
44.75,CARRY,22.81,0.05,-9.58,22.89,-0.01,1,0,317.0,235.0,5.8,0.1,-0.06,57.3,20.39,2.99,0.2,225.7,9.0
44.8,CARRY,22.81,0.05,-9.58,22.92,-0.01,1,0,317.5,233.5,7.0,0.13,-0.05,57.0,20.42,2.99,0.5,225.4,9.25
44.86,CARRY,22.88,0.06,-9.58,22.95,-0.01,1,0,316.5,236.0,5.3,0.08,-0.07,57.2,20.45,2.99,0.3,225.6,9.25
44.92,CARRY,22.88,0.06,-9.58,22.97,-0.01,1,0,316.5,234.0,6.9,0.12,-0.07,54.8,20.47,2.99,0.2,226.0,9.25
44.98,CARRY,22.94,0.06,-9.58,23.0,-0.01,1,0,316.0,235.5,6.0,0.09,-0.08,57.2,20.5,2.99,0.5,226.3,9.375
45.04,CARRY,23.0,0.07,-9.58,23.03,-0.01,1,0,315.5,238.0,4.9,0.04,-0.09,56.0,20.53,2.99,0.7,225.5,9.438
45.09,CARRY,23.0,0.07,-9.58,23.06,-0.01,1,0,316.0,236.5,5.3,0.07,-0.08,53.8,20.56,2.99,0.8,225.2,9.438
45.15,CARRY,23.04,0.07,-9.58,23.09,-0.01,1,0,315.5,237.5,5.1,0.05,-0.09,54.4,20.59,2.99,0.8,225.4,9.438
45.2,CARRY,23.04,0.07,-9.58,23.12,-0.01,1,0,316.0,235.5,6.0,0.09,-0.08,54.6,20.62,2.99,0.4,225.5,9.438
45.26,CARRY,23.08,0.07,-9.58,23.14,-0.01,1,0,316.0,236.5,5.3,0.07,-0.08,56.9,20.64,2.99,0.8,225.1,9.375
45.32,CARRY,23.08,0.07,-9.58,23.17,-0.01,1,0,316.0,234.5,6.8,0.11,-0.08,55.5,20.67,2.99,0.5,225.5,9.375
45.38,CARRY,23.11,0.07,-9.58,23.2,-0.01,1,0,316.0,234.5,6.8,0.11,-0.08,57.3,20.7,2.99,0.2,225.6,9.375
45.43,CARRY,23.14,0.07,-9.58,23.23,-0.01,1,0,316.0,234.5,6.8,0.11,-0.08,55.7,20.73,2.99,0.4,225.6,9.438
45.49,CARRY,23.14,0.07,-9.58,23.26,-0.01,1,0,316.0,233.0,8.1,0.14,-0.08,56.4,20.76,2.99,0.6,225.7,9.438
45.55,CARRY,23.16,0.06,-9.58,23.29,-0.01,1,0,316.5,232.5,8.3,0.15,-0.07,55.8,20.79,2.99,0.2,225.6,9.312
45.61,CARRY,23.16,0.06,-9.58,23.32,-0.01,1,0,317.0,231.0,9.5,0.18,-0.06,54.8,20.82,2.99,0.5,225.3,9.312
45.66,CARRY,23.19,0.06,-9.58,23.35,-0.01,1,0,317.0,230.0,10.4,0.2,-0.06,55.2,20.85,2.99,0.3,226.0,9.25
45.72,CARRY,23.19,0.06,-9.58,23.37,-0.01,1,0,317.0,229.0,11.4,0.22,-0.06,54.5,20.87,2.99,0.4,225.7,9.375
45.77,CARRY,23.21,0.06,-9.58,23.4,-0.01,1,0,317.5,228.0,12.3,0.24,-0.05,56.0,20.9,2.99,0.2,226.0,9.312
45.83,CARRY,23.22,0.05,-9.58,23.43,-0.01,1,0,318.0,227.5,12.7,0.25,-0.04,55.1,20.93,2.99,0.3,225.9,9.438
45.89,CARRY,23.22,0.05,-9.58,23.46,-0.01,1,0,318.0,226.5,13.6,0.27,-0.04,55.1,20.96,2.99,0.4,225.6,9.375
45.94,CARRY,23.24,0.05,-9.58,23.49,-0.01,1,0,318.0,225.5,14.6,0.29,-0.04,55.1,20.99,2.99,0.4,226.2,9.25
46.0,CARRY,23.24,0.05,-9.58,23.51,-0.01,1,0,318.5,224.0,16.1,0.32,-0.03,56.6,21.01,2.99,0.1,225.9,9.25
46.06,CARRY,23.26,0.04,-9.58,23.54,-0.01,1,0,318.5,223.5,16.6,0.33,-0.03,55.4,21.04,2.99,0.5,226.2,9.25
46.12,CARRY,23.26,0.04,-9.58,23.57,-0.01,1,0,319.0,222.5,17.5,0.35,-0.02,56.3,21.07,2.99,0.6,225.6,9.25
46.17,CARRY,23.29,0.04,-9.58,23.6,-0.01,1,0,320.0,222.0,18.0,0.36,0.0,59.0,21.1,2.99,0.6,225.2,9.25
46.23,CARRY,23.31,0.03,-9.58,23.63,-0.01,1,0,320.0,221.5,18.5,0.37,0.0,55.9,21.13,2.99,0.2,225.6,9.375
46.29,CARRY,23.31,0.03,-9.58,23.66,-0.01,1,0,320.0,220.0,20.0,0.4,0.0,54.8,21.16,2.99,0.4,225.7,9.375
46.35,CARRY,23.34,0.02,-9.58,23.69,-0.01,1,0,320.5,219.5,20.5,0.41,0.01,55.9,21.19,2.99,0.1,225.9,9.375
46.4,CARRY,23.34,0.02,-9.58,23.72,-0.01,1,0,321.0,218.5,21.5,0.43,0.02,55.5,21.22,2.99,0.7,225.2,9.438
46.46,CARRY,23.36,0.02,-9.58,23.74,-0.01,1,0,321.0,218.0,22.0,0.44,0.02,54.3,21.24,2.99,0.2,225.8,9.312
46.52,CARRY,23.36,0.02,-9.58,23.77,-0.01,1,0,321.0,216.5,23.5,0.47,0.02,53.5,21.27,2.99,0.4,225.9,9.312
46.57,CARRY,23.39,0.01,-9.58,23.8,-0.01,1,0,321.5,216.5,23.5,0.47,0.03,54.2,21.3,2.99,0.1,225.9,9.312
46.63,CARRY,23.43,0.01,-9.58,23.83,-0.01,1,0,321.5,217.0,23.0,0.46,0.03,54.9,21.33,2.99,0.4,225.9,9.312
46.68,CARRY,23.43,0.01,-9.58,23.86,-0.01,1,0,322.0,215.5,24.6,0.49,0.04,54.8,21.36,2.99,0.3,225.7,9.312
46.74,CARRY,23.46,0.0,-9.58,23.88,-0.01,1,0,322.0,215.5,24.6,0.49,0.04,53.6,21.38,2.99,0.4,226.2,9.25
46.79,CARRY,23.46,0.0,-9.58,23.91,-0.01,1,0,323.0,214.0,26.2,0.52,0.06,54.2,21.41,2.99,0.4,225.6,9.125
46.85,CARRY,23.5,-0.0,-9.58,23.94,-0.01,1,0,323.0,214.5,25.7,0.51,0.06,55.7,21.44,2.99,0.3,225.8,9.125
46.91,CARRY,23.5,-0.0,-9.58,23.97,-0.01,1,0,323.0,213.0,27.2,0.54,0.06,54.1,21.47,2.99,0.0,225.8,9.062
46.96,CARRY,23.54,-0.01,-9.58,24.0,-0.01,1,0,323.0,213.5,26.7,0.53,0.06,54.1,21.5,2.99,0.3,226.1,9.125
47.02,CARRY,23.54,-0.01,-9.58,24.02,-0.01,1,0,323.0,212.0,28.2,0.56,0.06,54.6,21.52,2.99,0.4,226.2,9.25
47.07,CARRY,23.58,-0.01,-9.58,24.05,-0.01,1,0,323.5,213.0,27.2,0.54,0.07,53.8,21.55,2.99,0.1,225.8,9.188
47.13,CARRY,23.62,-0.02,-9.58,24.08,-0.01,1,0,324.0,214.0,26.3,0.52,0.08,54.4,21.58,2.99,0.4,225.5,9.188
47.18,CARRY,23.62,-0.02,-9.58,24.11,-0.01,1,0,324.0,212.0,28.3,0.56,0.08,54.1,21.61,2.99,0.3,225.9,9.312
47.24,CARRY,23.67,-0.02,-9.58,24.13,-0.01,1,0,324.0,213.0,27.3,0.54,0.08,56.1,21.63,2.99,0.3,226.0,9.312
47.3,CARRY,23.67,-0.02,-9.58,24.16,-0.01,1,0,324.0,212.0,28.3,0.56,0.08,54.8,21.66,2.99,0.4,225.7,9.375
47.35,CARRY,23.71,-0.02,-9.58,24.19,-0.01,1,0,324.0,212.5,27.8,0.55,0.08,55.2,21.69,2.99,0.3,226.2,9.312
47.41,CARRY,23.71,-0.02,-9.58,24.22,-0.01,1,0,324.5,211.5,28.9,0.57,0.09,53.5,21.72,2.99,0.4,225.5,9.375
47.46,CARRY,23.76,-0.03,-9.58,24.25,-0.01,1,0,324.5,212.5,27.9,0.55,0.09,54.8,21.75,2.99,0.2,225.7,9.25
47.52,CARRY,23.76,-0.03,-9.58,24.27,-0.01,1,0,325.0,211.0,29.4,0.58,0.1,59.0,21.77,2.99,0.4,225.4,9.375
47.58,CARRY,23.81,-0.03,-9.58,24.3,-0.01,1,0,325.0,212.0,28.4,0.56,0.1,63.8,21.8,2.99,0.4,225.5,9.25
47.65,CARRY,23.86,-0.03,-9.58,24.34,-0.01,1,0,325.0,213.0,27.5,0.54,0.1,63.0,21.84,2.99,0.3,225.5,9.25
47.71,CARRY,23.86,-0.03,-9.58,24.37,-0.01,1,0,325.0,211.5,28.9,0.57,0.1,63.5,21.87,2.99,0.6,225.4,9.188
47.77,CARRY,23.91,-0.04,-9.58,24.4,-0.01,1,0,325.0,212.0,28.4,0.56,0.1,65.1,21.9,2.99,0.0,225.8,9.062
47.84,CARRY,23.96,-0.04,-9.58,24.43,-0.01,1,0,325.0,213.0,27.5,0.54,0.1,65.0,21.93,2.99,0.1,225.8,9.062
47.91,CARRY,23.96,-0.04,-9.58,24.47,-0.01,1,0,325.0,211.5,28.9,0.57,0.1,60.2,21.97,2.99,0.4,225.7,9.125
47.97,CARRY,24.01,-0.04,-9.58,24.5,-0.01,1,0,325.0,212.5,28.0,0.55,0.1,55.6,22.0,2.99,0.1,225.8,9.0
48.03,CARRY,24.01,-0.04,-9.58,24.53,-0.01,1,0,325.0,211.5,28.9,0.57,0.1,54.5,22.03,2.99,0.8,225.5,9.062
48.08,CARRY,24.07,-0.04,-9.58,24.56,-0.01,1,0,325.0,212.5,28.0,0.55,0.1,57.3,22.06,2.99,0.4,225.7,8.938
48.14,CARRY,24.12,-0.04,-9.58,24.58,-0.01,1,0,325.0,213.5,27.0,0.53,0.1,58.6,22.08,2.99,0.0,225.8,8.938
48.2,CARRY,24.12,-0.04,-9.58,24.61,-0.01,1,0,325.0,212.5,28.0,0.55,0.1,58.2,22.11,2.99,0.8,225.4,8.938
48.26,CARRY,24.17,-0.04,-9.58,24.64,-0.01,1,0,325.0,213.0,27.5,0.54,0.1,58.8,22.14,2.99,0.1,225.9,8.875
48.32,CARRY,24.17,-0.04,-9.58,24.67,-0.01,1,0,325.0,211.5,28.9,0.57,0.1,57.0,22.17,2.99,0.3,225.9,8.875
48.38,CARRY,24.22,-0.04,-9.58,24.7,-0.01,1,0,325.0,212.5,28.0,0.55,0.1,56.4,22.2,2.99,0.2,226.0,8.812
48.44,CARRY,24.28,-0.04,-9.58,24.73,-0.01,1,0,325.0,214.0,26.5,0.52,0.1,57.4,22.23,2.99,0.1,225.8,8.75
48.5,CARRY,24.28,-0.04,-9.58,24.76,-0.01,1,0,325.0,213.0,27.5,0.54,0.1,55.1,22.26,2.99,0.7,225.4,8.812
48.55,CARRY,24.33,-0.04,-9.58,24.79,-0.01,1,0,325.0,214.0,26.5,0.52,0.1,56.4,22.29,2.99,0.3,225.6,8.75
48.61,CARRY,24.33,-0.04,-9.58,24.82,-0.01,1,0,325.0,212.5,28.0,0.55,0.1,56.8,22.32,2.99,0.4,225.6,8.812
48.67,CARRY,24.38,-0.04,-9.58,24.85,-0.01,1,0,325.0,213.5,27.0,0.53,0.1,57.0,22.35,2.99,0.1,225.7,8.75
48.73,CARRY,24.38,-0.04,-9.58,24.88,-0.01,1,0,325.0,212.0,28.4,0.56,0.1,56.5,22.38,2.99,0.2,225.7,8.75
48.78,CARRY,24.43,-0.04,-9.58,24.91,-0.01,1,0,325.0,213.0,27.5,0.54,0.1,58.8,22.41,2.99,0.2,225.8,8.688
48.84,CARRY,24.49,-0.03,-9.58,24.94,-0.01,1,0,325.0,214.5,26.0,0.51,0.1,61.2,22.44,2.99,0.4,225.5,8.625
48.91,CARRY,24.49,-0.03,-9.58,24.97,-0.01,1,0,325.0,213.0,27.5,0.54,0.1,58.2,22.47,2.99,0.4,225.4,8.688
48.97,CARRY,24.54,-0.03,-9.58,25.0,-0.01,1,0,325.0,214.0,26.5,0.52,0.1,55.9,22.5,2.99,0.4,225.5,8.625
49.02,CARRY,24.54,-0.03,-9.58,25.03,-0.01,1,0,325.0,213.0,27.5,0.54,0.1,55.7,22.53,2.99,0.7,225.2,8.75
49.08,CARRY,24.59,-0.03,-9.58,25.05,-0.01,1,0,324.5,213.5,26.9,0.53,0.09,55.9,22.55,2.99,0.2,226.0,8.688
49.14,CARRY,24.65,-0.03,-9.58,25.08,-0.01,1,0,324.0,215.0,25.3,0.5,0.08,56.9,22.58,2.99,0.3,226.0,8.625
49.2,CARRY,24.65,-0.03,-9.58,25.11,-0.01,1,0,324.5,213.5,26.9,0.53,0.09,56.0,22.61,2.99,0.1,225.7,8.688
49.25,CARRY,24.7,-0.03,-9.58,25.14,-0.01,1,0,324.0,215.0,25.3,0.5,0.08,55.6,22.64,2.99,0.3,225.8,8.688
49.31,CARRY,24.7,-0.03,-9.58,25.17,-0.01,1,0,324.0,213.5,26.8,0.53,0.08,55.1,22.67,2.99,0.5,225.8,8.75
49.37,CARRY,24.75,-0.03,-9.59,25.2,-0.01,1,0,324.0,214.5,25.8,0.51,0.08,56.3,22.7,2.99,0.1,225.9,8.75
49.42,CARRY,24.75,-0.03,-9.59,25.23,-0.01,1,0,324.0,213.5,26.8,0.53,0.08,56.3,22.73,2.99,0.7,225.6,8.812
49.48,CARRY,24.8,-0.02,-9.59,25.26,-0.01,1,0,324.0,214.0,26.3,0.52,0.08,56.5,22.76,2.99,0.2,226.0,8.75
49.54,CARRY,24.86,-0.02,-9.59,25.28,-0.01,1,0,324.0,215.5,24.8,0.49,0.08,57.3,22.78,2.99,0.2,225.7,8.688
49.6,CARRY,24.86,-0.02,-9.59,25.31,-0.01,1,0,324.0,214.0,26.3,0.52,0.08,56.5,22.81,2.99,0.1,225.7,8.75
49.66,CARRY,24.91,-0.02,-9.59,25.34,-0.01,1,0,324.0,215.0,25.3,0.5,0.08,54.5,22.84,2.99,0.3,225.8,8.562
49.71,CARRY,24.91,-0.02,-9.59,25.37,-0.01,1,0,324.0,213.5,26.8,0.53,0.08,54.8,22.87,2.99,0.1,225.9,8.625
49.77,CARRY,24.96,-0.02,-9.59,25.4,-0.01,1,0,324.0,215.0,25.3,0.5,0.08,56.6,22.9,2.99,0.3,225.6,8.375
49.83,CARRY,24.96,-0.02,-9.59,25.43,-0.01,1,0,324.0,213.5,26.8,0.53,0.08,56.7,22.93,2.99,0.1,225.7,8.5
49.88,CARRY,25.01,-0.02,-9.59,25.46,-0.01,1,0,324.0,214.5,25.8,0.51,0.08,58.8,22.96,2.99,0.4,225.7,8.75
49.94,CARRY,25.07,-0.02,-9.59,25.49,-0.01,1,0,323.5,216.0,24.3,0.48,0.07,56.4,22.99,2.99,0.0,225.8,8.75
50.0,RETARGET,25.07,-0.02,-9.59,25.52,-0.01,1,0,,,,-0.348,0.098,18.5,23.02,2.99,,,
50.05,RETARGET,25.12,-0.02,-9.59,25.54,-0.01,1,0,,,,-0.362,0.095,1.8,23.04,2.99,,,
50.1,RETARGET,25.12,-0.02,-9.59,25.57,-0.01,1,0,,,,-0.349,0.097,1.3,23.07,2.99,,,
50.15,RETARGET,25.17,-0.02,-9.59,25.59,-0.01,1,0,,,,-0.363,0.095,1.6,23.09,2.99,,,
50.2,RETARGET,25.17,-0.02,-9.59,25.62,-0.01,1,0,,,,-0.351,0.096,0.8,23.12,2.99,,,
50.25,RETARGET,25.22,-0.02,-9.59,25.64,-0.01,1,0,,,,-0.363,0.094,1.6,23.14,2.99,,,
50.3,RETARGET,25.22,-0.02,-9.59,25.67,-0.01,1,0,,,,-0.351,0.096,1.2,23.17,2.99,,,
50.35,RETARGET,25.27,-0.01,-9.59,25.69,-0.01,1,0,,,,-0.361,0.094,1.9,23.19,2.99,,,
50.4,RETARGET,25.27,-0.01,-9.59,25.72,-0.01,1,0,,,,-0.348,0.095,1.2,23.22,2.99,,,
50.45,RETARGET,25.3,-0.01,-9.59,25.74,-0.01,1,0,,,,-0.353,0.093,1.8,23.24,2.99,,,
50.5,RETARGET,25.3,-0.01,-9.59,25.77,-0.01,1,0,,,,-0.341,0.095,0.8,23.27,2.99,,,
50.55,RETARGET,25.33,-0.01,-9.59,25.79,-0.01,1,0,,,,-0.339,0.092,1.5,23.29,2.99,,,
50.6,RETARGET,25.33,-0.01,-9.59,25.82,-0.01,1,0,,,,-0.327,0.094,0.8,23.32,2.99,,,
50.65,RETARGET,25.34,0.0,-9.59,25.84,-0.01,1,0,,,,-0.32,0.091,1.6,23.34,2.99,,,
50.7,RETARGET,25.34,0.0,-9.59,25.87,-0.01,1,0,,,,-0.307,0.093,0.9,23.37,2.99,,,
50.75,RETARGET,25.34,0.01,-9.59,25.89,-0.01,1,0,,,,-0.296,0.09,1.7,23.39,2.99,,,
50.8,RETARGET,25.34,0.01,-9.59,25.92,-0.01,1,0,,,,-0.283,0.091,1.1,23.42,2.99,,,
50.85,RETARGET,25.33,0.02,-9.59,25.94,-0.01,1,0,,,,-0.267,0.088,1.7,23.44,2.99,,,
50.9,RETARGET,25.33,0.02,-9.59,25.97,-0.01,1,0,,,,-0.255,0.09,1.1,23.47,2.99,,,
50.95,RETARGET,25.32,0.03,-9.59,25.99,-0.01,1,0,,,,-0.237,0.086,1.7,23.49,2.99,,,
51.0,RETARGET,25.32,0.03,-9.59,26.02,-0.01,1,0,,,,-0.224,0.088,1.0,23.52,2.99,,,
51.05,RETARGET,25.31,0.05,-9.59,26.04,-0.01,1,0,,,,-0.204,0.084,2.0,23.54,2.99,,,
51.1,RETARGET,25.31,0.05,-9.59,26.07,-0.01,1,0,,,,-0.192,0.086,1.0,23.57,2.99,,,
51.15,RETARGET,25.29,0.06,-9.59,26.09,-0.01,1,0,,,,-0.17,0.083,1.8,23.59,2.99,,,
51.2,RETARGET,25.29,0.06,-9.59,26.12,-0.01,1,0,,,,-0.158,0.084,0.8,23.62,2.99,,,
51.25,RETARGET,25.27,0.07,-9.59,26.14,-0.01,1,0,,,,-0.136,0.081,1.7,23.64,2.99,,,
51.3,RETARGET,25.27,0.07,-9.59,26.17,-0.01,1,0,,,,-0.124,0.082,1.0,23.67,2.99,,,
51.35,RETARGET,25.26,0.08,-9.59,26.19,-0.01,1,0,,,,-0.102,0.079,1.8,23.69,2.99,,,
51.4,RETARGET,25.26,0.08,-9.59,26.22,-0.01,1,0,,,,-0.089,0.081,1.0,23.72,2.99,,,
51.45,RETARGET,25.24,0.1,-9.59,26.24,-0.01,1,0,,,,-0.068,0.077,1.5,23.74,2.99,,,
51.5,RETARGET,25.24,0.1,-9.59,26.27,-0.01,1,0,,,,-0.055,0.079,0.8,23.77,2.99,,,
51.55,RETARGET,25.22,0.11,-9.59,26.29,-0.01,1,0,,,,-0.034,0.075,2.0,23.79,2.99,,,
51.6,RETARGET,25.22,0.11,-9.59,26.32,-0.01,1,0,,,,-0.022,0.077,1.1,23.82,2.99,,,
51.65,RETARGET,25.21,0.12,-9.59,26.34,-0.01,1,0,,,,-0.001,0.074,1.8,23.84,2.99,,,
51.7,RETARGET,25.21,0.12,-9.59,26.37,-0.01,1,0,,,,0.011,0.075,1.0,23.87,2.99,,,
51.75,RETARGET,25.2,0.13,-9.59,26.39,-0.01,1,0,,,,0.03,0.072,2.1,23.89,2.99,,,
51.8,RETARGET,25.2,0.13,-9.59,26.42,-0.01,1,0,,,,0.043,0.074,0.9,23.92,2.99,,,
51.85,RETARGET,25.19,0.14,-9.59,26.44,-0.01,1,0,,,,0.061,0.071,1.8,23.94,2.99,,,
51.9,RETARGET,25.19,0.14,-9.59,26.47,-0.01,1,0,,,,0.073,0.073,1.1,23.97,2.99,,,
51.95,RETARGET,25.18,0.15,-9.59,26.49,-0.01,1,0,,,,0.09,0.07,1.8,23.99,2.99,,,
52.0,RETARGET,25.18,0.15,-9.59,26.52,-0.01,1,0,,,,0.102,0.071,0.8,24.02,2.99,,,
52.06,RETARGET,25.17,0.16,-9.59,26.54,-0.01,1,0,,,,0.118,0.069,1.8,24.04,2.99,,,
52.11,RETARGET,25.17,0.16,-9.59,26.57,-0.01,1,0,,,,0.13,0.07,0.8,24.07,2.99,,,
52.16,RETARGET,25.17,0.17,-9.59,26.59,-0.01,1,0,,,,0.144,0.068,1.7,24.09,2.99,,,
52.21,RETARGET,25.17,0.17,-9.59,26.62,-0.01,1,0,,,,0.157,0.07,1.0,24.12,2.99,,,
52.26,RETARGET,25.17,0.18,-9.59,26.64,-0.01,1,0,,,,0.17,0.067,2.1,24.14,2.99,,,
52.31,RETARGET,25.17,0.18,-9.59,26.67,-0.01,1,0,,,,0.182,0.069,1.0,24.17,2.99,,,
52.36,CARRY,25.17,0.19,-9.58,26.69,-0.01,1,0,,,,-1.725,1.809,244.9,24.19,2.99,,,
52.6,CARRY,25.19,0.2,-9.58,26.81,-0.01,1,0,473.0,311.0,168.7,-1.42,3.0,55.1,24.31,2.99,225.5,0.3,11.25
52.66,CARRY,25.2,0.2,-9.58,26.84,-0.01,1,0,472.5,310.5,168.0,-1.41,3.0,55.4,24.34,2.99,225.7,0.6,11.188
52.71,CARRY,25.2,0.2,-9.58,26.87,-0.01,1,0,473.0,309.0,167.8,-1.38,3.0,56.5,24.37,2.99,226.0,0.5,11.125
52.77,CARRY,25.21,0.21,-9.58,26.9,-0.01,1,0,473.0,307.5,167.2,-1.35,3.0,56.1,24.4,2.99,225.8,0.1,11.125
52.83,CARRY,25.22,0.22,-9.58,26.93,-0.01,1,0,472.5,306.5,166.4,-1.33,3.0,55.1,24.43,2.99,225.7,0.4,11.188
52.89,CARRY,25.22,0.22,-9.58,26.96,-0.01,1,0,473.0,305.0,166.2,-1.3,3.0,57.4,24.46,2.99,226.0,0.3,11.188
52.95,CARRY,25.23,0.23,-9.58,26.99,-0.01,1,0,472.5,303.5,165.2,-1.27,3.0,56.6,24.49,2.99,225.9,0.3,11.188
53.0,CARRY,25.23,0.23,-9.58,27.02,-0.01,1,0,473.0,302.0,165.1,-1.24,3.0,55.9,24.52,2.99,226.2,0.5,11.125
53.06,CARRY,25.24,0.25,-9.58,27.04,-0.01,1,0,471.5,299.5,162.8,-1.19,3.0,57.9,24.54,2.99,225.4,0.6,11.188
53.12,CARRY,25.24,0.25,-9.58,27.07,-0.01,1,0,472.5,298.0,163.2,-1.16,3.0,56.4,24.57,2.99,226.1,0.3,11.188
53.18,CARRY,25.24,0.28,-9.58,27.1,-0.01,1,0,470.5,295.5,160.4,-1.11,3.0,56.0,24.6,2.99,225.9,0.3,11.25
53.24,CARRY,25.23,0.34,-9.58,27.13,-0.01,1,0,467.5,292.0,156.4,-1.04,2.95,57.7,24.63,2.99,225.4,0.5,11.188
53.29,CARRY,25.23,0.34,-9.58,27.16,-0.01,1,0,468.5,290.5,156.9,-1.01,2.97,54.7,24.66,2.99,226.0,0.4,11.25
53.35,CARRY,25.21,0.42,-9.58,27.19,-0.01,1,0,463.5,287.5,151.2,-0.95,2.87,54.7,24.69,2.99,225.6,0.4,11.25
53.41,CARRY,25.21,0.42,-9.58,27.22,-0.01,1,0,464.5,286.0,151.6,-0.92,2.89,57.3,24.72,2.99,226.2,0.4,11.188
53.47,CARRY,25.19,0.52,-9.58,27.25,-0.01,1,0,458.5,282.5,144.9,-0.85,2.77,56.8,24.75,2.99,226.0,0.1,11.312
53.52,CARRY,25.19,0.52,-9.58,27.28,-0.01,1,0,458.5,281.0,144.4,-0.82,2.77,55.7,24.78,2.99,226.0,0.3,11.25
53.58,CARRY,25.16,0.65,-9.58,27.3,-0.01,1,0,451.5,277.0,136.6,-0.74,2.63,58.5,24.8,2.99,226.0,0.1,11.188
53.64,CARRY,25.13,0.81,-9.58,27.33,-0.01,1,0,442.5,273.0,126.9,-0.66,2.45,55.4,24.83,2.99,226.0,0.5,11.25
53.7,CARRY,25.13,0.81,-9.58,27.36,-0.01,1,0,442.5,271.0,126.4,-0.62,2.45,56.2,24.86,2.99,225.6,0.5,11.25
53.75,CARRY,25.09,0.99,-9.58,27.39,-0.01,1,0,433.0,267.0,116.2,-0.54,2.26,55.7,24.89,2.99,226.3,0.6,11.25
53.81,CARRY,25.09,0.99,-9.58,27.42,-0.01,1,0,433.0,265.5,115.8,-0.51,2.26,54.4,24.92,2.99,226.2,0.7,11.5
53.87,CARRY,25.05,1.19,-9.59,27.45,-0.01,1,0,421.5,260.5,103.5,-0.41,2.03,57.7,24.95,2.99,226.0,0.7,11.188
53.93,CARRY,25.01,1.41,-9.59,27.48,-0.01,1,0,409.5,255.0,90.7,-0.3,1.79,55.3,24.98,2.99,225.8,0.6,10.625
53.98,CARRY,25.01,1.41,-9.59,27.51,-0.01,1,0,409.5,253.5,90.5,-0.27,1.79,54.6,25.01,2.99,225.8,0.8,10.5
54.04,CARRY,24.97,1.64,-9.59,27.53,-0.01,1,0,397.5,248.0,77.9,-0.16,1.55,56.0,25.03,2.99,226.2,0.6,10.562
54.1,CARRY,24.97,1.64,-9.59,27.56,-0.01,1,0,397.0,245.5,77.2,-0.11,1.54,55.6,25.06,2.99,225.0,0.8,10.438
54.15,CARRY,24.93,1.87,-9.59,27.59,-0.01,1,0,385.0,240.5,65.0,-0.01,1.3,56.6,25.09,2.99,226.0,0.3,10.25
54.21,CARRY,24.93,1.87,-9.59,27.62,-0.01,1,0,385.0,239.0,65.0,0.02,1.3,57.2,25.12,2.99,225.9,0.5,10.25
54.27,CARRY,24.89,2.11,-9.59,27.65,-0.01,1,0,372.0,233.5,52.4,0.13,1.04,55.9,25.15,2.99,225.9,0.6,10.188
54.33,CARRY,24.89,2.11,-9.59,27.68,-0.01,1,0,373.0,232.0,53.6,0.16,1.06,55.8,25.18,2.99,226.5,0.8,10.062
54.39,CARRY,24.87,2.34,-9.59,27.71,-0.01,1,0,360.5,226.5,42.7,0.27,0.81,56.5,25.21,2.99,226.4,0.7,10.0
54.44,CARRY,24.84,2.56,-9.59,27.74,-0.01,1,0,348.0,221.5,33.6,0.37,0.56,56.7,25.24,2.99,226.0,0.3,9.938
54.5,CARRY,24.84,2.56,-9.59,27.77,-0.01,1,0,347.5,220.0,34.0,0.4,0.55,57.7,25.27,2.99,225.6,0.8,9.875
54.56,CARRY,24.83,2.76,-9.59,27.79,-0.01,1,0,336.0,215.5,29.3,0.49,0.32,58.3,25.29,2.99,225.4,0.8,9.812
54.62,CARRY,24.83,2.76,-9.59,27.82,-0.01,1,0,337.0,213.5,31.5,0.53,0.34,56.9,25.32,2.99,225.7,0.1,9.625
54.68,CARRY,24.82,2.95,-9.59,27.85,-0.01,1,0,326.5,210.5,30.2,0.59,0.13,57.4,25.35,2.99,226.0,0.5,9.5
54.74,CARRY,24.83,3.11,-9.59,27.88,-0.01,1,0,317.0,207.5,32.6,0.65,-0.06,55.8,25.38,2.99,225.7,0.6,9.562
54.79,CARRY,24.83,3.11,-9.59,27.91,-0.01,1,0,317.5,205.5,34.6,0.69,-0.05,54.4,25.41,2.99,225.6,0.2,9.5
54.85,CARRY,24.84,3.25,-9.59,27.94,-0.01,1,0,309.5,204.0,37.5,0.72,-0.21,54.1,25.44,2.99,225.9,0.6,9.375
54.91,CARRY,24.84,3.25,-9.59,27.97,-0.01,1,0,309.5,202.5,38.9,0.75,-0.21,55.0,25.47,2.99,225.8,0.8,9.375
54.96,CARRY,24.86,3.37,-9.59,28.0,-0.01,1,0,303.0,201.0,42.5,0.78,-0.34,56.3,25.5,2.99,225.8,0.7,9.188
55.02,CARRY,24.86,3.37,-9.59,28.02,-0.01,1,0,304.0,199.0,44.0,0.82,-0.32,54.7,25.52,2.99,226.1,0.3,9.188
55.08,CARRY,24.89,3.46,-9.59,28.05,-0.01,1,0,298.5,198.0,47.2,0.84,-0.43,56.5,25.55,2.99,225.7,0.2,9.25
55.13,CARRY,24.93,3.53,-9.58,28.08,-0.01,1,0,294.5,198.5,48.7,0.83,-0.51,55.9,25.58,2.99,226.2,0.5,9.062
55.19,CARRY,24.93,3.53,-9.58,28.11,-0.01,1,0,294.5,197.0,50.0,0.86,-0.51,55.9,25.61,2.99,226.1,0.7,9.125
55.25,CARRY,24.97,3.57,-9.58,28.14,-0.01,1,0,292.0,197.0,51.3,0.86,-0.56,56.2,25.64,2.99,226.0,0.2,8.938
55.31,CARRY,24.97,3.57,-9.58,28.17,-0.01,1,0,292.5,196.0,51.9,0.88,-0.55,56.5,25.67,2.99,226.6,0.9,9.062
55.36,CARRY,25.02,3.6,-9.58,28.2,-0.01,1,0,290.5,197.0,52.1,0.86,-0.59,55.6,25.7,2.99,226.5,0.9,9.062
55.42,CARRY,25.02,3.6,-9.58,28.22,-0.01,1,0,290.5,195.0,53.8,0.9,-0.59,55.5,25.72,2.99,226.0,0.6,9.062
55.48,CARRY,25.08,3.61,-9.58,28.25,-0.01,1,0,290.0,196.0,53.3,0.88,-0.6,57.8,25.75,2.99,225.9,0.1,9.062
55.54,CARRY,25.14,3.61,-9.58,28.28,-0.01,1,0,289.5,198.0,51.9,0.84,-0.61,56.4,25.78,2.99,225.7,0.7,9.188
55.59,CARRY,25.14,3.61,-9.58,28.31,-0.01,1,0,290.5,196.0,53.0,0.88,-0.59,54.8,25.81,2.99,226.0,0.2,9.312
55.65,CARRY,25.2,3.59,-9.59,28.34,-0.01,1,0,291.0,198.0,51.0,0.84,-0.58,55.8,25.84,2.99,225.7,0.1,9.125
55.71,CARRY,25.2,3.59,-9.59,28.37,-0.01,1,0,291.5,197.0,51.6,0.86,-0.57,56.7,25.87,2.99,226.3,0.6,9.312
55.77,CARRY,25.26,3.56,-9.59,28.4,-0.01,1,0,292.5,199.0,49.4,0.82,-0.55,56.0,25.9,2.99,225.9,0.4,9.125
55.82,CARRY,25.26,3.56,-9.59,28.43,-0.01,1,0,293.0,197.5,50.4,0.85,-0.54,56.6,25.93,2.99,226.2,0.4,9.25
55.88,CARRY,25.33,3.53,-9.59,28.45,-0.01,1,0,294.0,199.5,48.1,0.81,-0.52,58.8,25.95,2.99,225.3,0.7,9.188
55.94,CARRY,25.4,3.48,-9.59,28.48,-0.01,1,0,296.0,202.5,44.5,0.75,-0.48,55.4,25.98,2.99,225.5,0.9,9.062
56.0,CARRY,25.4,3.48,-9.59,28.51,-0.01,1,0,297.0,200.5,45.7,0.79,-0.46,55.6,26.01,2.99,225.7,0.1,9.062
56.05,CARRY,25.47,3.44,-9.58,28.54,-0.01,1,0,299.0,204.0,41.7,0.72,-0.42,56.6,26.04,2.99,226.1,0.8,9.188
56.11,CARRY,25.47,3.44,-9.58,28.57,-0.01,1,0,299.0,202.0,43.4,0.76,-0.42,55.9,26.07,2.99,225.6,0.8,9.062
56.17,CARRY,25.54,3.39,-9.58,28.6,-0.01,1,0,302.5,205.0,39.1,0.7,-0.35,54.8,26.1,2.99,226.4,0.6,9.0
56.23,CARRY,25.54,3.39,-9.58,28.63,-0.01,1,0,302.5,203.5,40.5,0.73,-0.35,54.5,26.13,2.99,226.4,0.7,9.125
56.28,CARRY,25.61,3.33,-9.58,28.65,-0.01,1,0,305.0,205.5,37.6,0.69,-0.3,55.5,26.15,2.99,225.7,0.2,9.125
56.34,CARRY,25.68,3.28,-9.58,28.68,-0.01,1,0,307.0,209.0,33.6,0.62,-0.26,55.4,26.18,2.99,225.8,0.9,9.25
56.39,CARRY,25.68,3.28,-9.58,28.71,-0.01,1,0,307.5,207.0,35.3,0.66,-0.25,56.5,26.21,2.99,225.7,0.4,9.375
56.45,CARRY,25.74,3.23,-9.58,28.74,-0.01,1,0,310.5,210.0,31.5,0.6,-0.19,57.0,26.24,2.99,226.3,0.5,9.375
56.51,CARRY,25.74,3.23,-9.58,28.77,-0.01,1,0,310.0,208.0,33.5,0.64,-0.2,54.9,26.27,2.99,225.5,0.7,9.5
56.57,CARRY,25.81,3.18,-9.58,28.8,-0.01,1,0,313.0,211.0,29.8,0.58,-0.14,55.7,26.3,2.99,226.2,0.5,9.375
56.62,CARRY,25.81,3.18,-9.58,28.83,-0.01,1,0,313.5,209.0,31.7,0.62,-0.13,56.0,26.33,2.99,226.1,0.2,9.5
56.68,CARRY,25.88,3.14,-9.58,28.85,-0.01,1,0,315.5,212.0,28.4,0.56,-0.09,56.2,26.35,2.99,226.3,0.6,9.5
56.74,CARRY,25.94,3.1,-9.58,28.88,-0.01,1,0,317.0,214.0,26.2,0.52,-0.06,55.5,26.38,2.99,225.6,0.7,9.375
56.8,CARRY,25.94,3.1,-9.58,28.91,-0.01,1,0,318.0,212.5,27.6,0.55,-0.04,54.3,26.41,2.99,226.2,0.4,9.562
56.85,CARRY,26.0,3.06,-9.58,28.94,-0.01,1,0,319.0,214.5,25.5,0.51,-0.02,54.7,26.44,2.99,225.4,0.7,9.375
56.91,CARRY,26.0,3.06,-9.58,28.97,-0.01,1,0,320.0,213.5,26.5,0.53,0.0,54.8,26.47,2.99,226.3,0.6,9.438
56.96,CARRY,26.07,3.03,-9.58,29.0,-0.01,1,0,321.0,215.0,25.0,0.5,0.02,56.8,26.5,2.99,225.3,0.7,9.312
57.02,CARRY,26.07,3.03,-9.58,29.02,-0.01,1,0,321.0,213.5,26.5,0.53,0.02,56.0,26.52,2.99,225.3,0.9,9.375
57.08,CARRY,26.13,3.0,-9.58,29.05,-0.01,1,0,323.5,215.5,24.7,0.49,0.07,56.3,26.55,2.99,226.0,0.2,9.188
57.14,CARRY,26.19,2.97,-9.58,29.08,-0.01,1,0,324.5,217.5,22.9,0.45,0.09,55.9,26.58,2.99,225.9,0.0,9.375
57.19,CARRY,26.19,2.97,-9.58,29.11,-0.01,1,0,324.5,216.0,24.4,0.48,0.09,55.5,26.61,2.99,225.8,0.3,9.438
57.25,CARRY,26.24,2.95,-9.58,29.14,-0.01,1,0,325.5,217.5,23.2,0.45,0.11,56.1,26.64,2.99,225.6,0.3,9.438
57.31,CARRY,26.24,2.95,-9.58,29.17,-0.01,1,0,325.5,216.0,24.6,0.48,0.11,56.3,26.67,2.99,225.5,0.5,9.5
57.37,CARRY,26.3,2.93,-9.58,29.2,-0.01,1,0,326.5,218.0,22.9,0.44,0.13,56.8,26.7,2.99,225.8,0.4,9.5
57.42,CARRY,26.3,2.93,-9.58,29.23,-0.01,1,0,327.0,216.0,25.0,0.48,0.14,56.0,26.73,2.99,225.7,0.1,9.562
57.48,CARRY,26.35,2.92,-9.58,29.25,-0.01,1,0,327.0,218.0,23.1,0.44,0.14,57.3,26.75,2.99,225.6,0.7,9.562
57.54,CARRY,26.41,2.9,-9.58,29.28,-0.01,1,0,328.0,219.5,22.0,0.41,0.16,57.0,26.78,2.99,226.0,0.3,9.625
57.6,CARRY,26.41,2.9,-9.58,29.31,-0.01,1,0,328.5,217.5,24.1,0.45,0.17,57.6,26.81,2.99,225.9,0.2,9.625
57.66,CARRY,26.46,2.9,-9.58,29.34,-0.01,1,0,328.5,219.5,22.2,0.41,0.17,55.8,26.84,2.99,226.2,0.5,9.562
57.71,CARRY,26.46,2.9,-9.58,29.37,-0.01,1,0,328.5,217.5,24.1,0.45,0.17,54.7,26.87,2.99,225.8,0.3,9.625
57.77,CARRY,26.51,2.89,-9.58,29.4,-0.01,1,0,328.5,219.0,22.7,0.42,0.17,57.1,26.9,2.99,225.8,0.4,9.625
57.83,CARRY,26.51,2.89,-9.58,29.43,-0.01,1,0,329.0,217.5,24.2,0.45,0.18,55.1,26.93,2.99,226.0,0.4,9.625
57.88,CARRY,26.56,2.89,-9.58,29.46,-0.01,1,0,329.0,219.0,22.8,0.42,0.18,56.8,26.96,2.99,226.2,0.6,9.688
57.94,CARRY,26.61,2.89,-9.58,29.49,-0.01,1,0,328.5,220.0,21.7,0.4,0.17,57.0,26.99,2.99,225.8,0.5,9.688
58.0,CARRY,26.61,2.89,-9.58,29.51,-0.01,1,0,329.0,218.0,23.8,0.44,0.18,57.3,27.01,2.99,225.7,0.2,9.625
58.06,CARRY,26.67,2.89,-9.58,29.54,-0.01,1,0,328.5,219.5,22.2,0.41,0.17,59.6,27.04,2.99,225.7,0.5,9.75
58.12,CARRY,26.67,2.89,-9.58,29.57,-0.01,1,0,329.0,217.5,24.2,0.45,0.18,56.3,27.07,2.99,225.7,0.2,9.688
58.18,CARRY,26.72,2.89,-9.58,29.6,-0.01,1,0,328.5,219.0,22.7,0.42,0.17,56.0,27.1,2.99,225.8,0.5,9.75
58.24,CARRY,26.77,2.9,-9.58,29.63,-0.01,1,0,328.5,220.5,21.3,0.39,0.17,56.4,27.13,2.99,226.3,0.6,9.688
58.29,CARRY,26.77,2.9,-9.58,29.66,-0.01,1,0,328.5,218.0,23.6,0.44,0.17,56.6,27.16,2.99,225.5,0.3,9.75
58.35,CARRY,26.81,2.9,-9.58,29.69,-0.01,1,0,328.5,220.0,21.7,0.4,0.17,55.8,27.19,2.99,226.4,0.7,9.625
58.41,CARRY,26.81,2.9,-9.58,29.72,-0.01,1,0,328.5,217.5,24.1,0.45,0.17,56.0,27.22,2.99,225.6,0.3,9.625
58.47,CARRY,26.86,2.9,-9.58,29.75,-0.01,1,0,328.5,219.5,22.2,0.41,0.17,59.0,27.25,2.99,226.6,0.7,9.625
58.53,CARRY,26.86,2.9,-9.58,29.78,-0.01,1,0,328.5,217.5,24.1,0.45,0.17,54.1,27.28,2.99,226.2,0.4,9.688
58.58,CARRY,26.91,2.91,-9.58,29.8,-0.01,1,0,328.0,219.0,22.5,0.42,0.16,56.3,27.3,2.99,226.4,0.7,9.688
58.64,CARRY,26.96,2.91,-9.58,29.83,-0.01,1,0,327.5,220.0,21.4,0.4,0.15,58.1,27.33,2.99,226.3,0.7,9.625
58.7,CARRY,26.96,2.91,-9.58,29.86,-0.01,1,0,327.5,218.0,23.2,0.44,0.15,57.1,27.36,2.99,225.9,0.5,9.625
58.76,CARRY,27.01,2.92,-9.58,29.89,-0.01,1,0,327.5,219.0,22.3,0.42,0.15,58.1,27.39,2.99,226.2,0.4,9.625
58.82,CARRY,27.01,2.92,-9.58,29.92,-0.01,1,0,327.5,217.5,23.7,0.45,0.15,56.5,27.42,2.99,226.2,0.5,9.625
58.87,CARRY,27.06,2.92,-9.58,29.95,-0.01,1,0,327.0,218.0,23.1,0.44,0.14,58.6,27.45,2.99,225.8,0.1,9.625
58.93,CARRY,27.1,2.93,-9.58,29.98,-0.01,1,0,326.5,219.0,22.0,0.42,0.13,55.8,27.48,2.99,225.8,0.2,9.562
58.99,CARRY,27.1,2.93,-9.58,30.01,-0.01,1,0,327.0,217.5,23.6,0.45,0.14,54.5,27.51,2.99,226.0,0.2,9.625
59.05,CARRY,27.15,2.93,-9.58,30.04,-0.01,1,0,326.5,218.5,22.5,0.43,0.13,55.4,27.54,2.99,226.0,0.2,9.562
59.1,CARRY,27.15,2.93,-9.58,30.07,-0.01,1,0,326.5,217.0,23.9,0.46,0.13,55.9,27.57,2.99,225.9,0.3,9.625
59.16,CARRY,27.2,2.94,-9.58,30.09,-0.01,1,0,326.5,218.0,22.9,0.44,0.13,57.1,27.59,2.99,226.2,0.3,9.625
59.22,CARRY,27.2,2.94,-9.58,30.12,-0.01,1,0,326.5,216.0,24.9,0.48,0.13,57.0,27.62,2.99,225.8,0.1,9.625
59.28,CARRY,27.24,2.94,-9.58,30.15,-0.01,1,0,326.0,217.0,23.8,0.46,0.12,57.4,27.65,2.99,225.8,0.1,9.688
59.34,CARRY,27.29,2.95,-9.58,30.18,-0.01,1,0,325.5,218.0,22.7,0.44,0.11,56.3,27.68,2.99,225.7,0.2,9.625
59.39,CARRY,27.29,2.95,-9.58,30.21,-0.01,1,0,326.0,216.5,24.3,0.47,0.12,56.8,27.71,2.99,226.0,0.2,9.688
59.45,CARRY,27.34,2.95,-9.58,30.24,-0.01,1,0,325.5,217.5,23.2,0.45,0.11,57.1,27.74,2.99,226.0,0.2,9.625
59.51,CARRY,27.34,2.95,-9.58,30.27,-0.01,1,0,325.5,215.5,25.1,0.49,0.11,56.3,27.77,2.99,225.6,0.3,9.562
59.57,CARRY,27.39,2.96,-9.58,30.3,-0.01,1,0,325.5,216.5,24.1,0.47,0.11,59.2,27.8,2.99,225.8,0.2,9.688
59.63,CARRY,27.43,2.96,-9.58,30.33,-0.01,1,0,325.0,217.5,23.0,0.45,0.1,57.6,27.83,2.99,225.8,0.1,9.688
59.69,CARRY,27.43,2.96,-9.58,30.36,-0.01,1,0,325.5,216.0,24.6,0.48,0.11,57.6,27.86,2.99,226.1,0.3,9.688
59.75,CARRY,27.48,2.97,-9.58,30.39,-0.01,1,0,324.5,217.0,23.4,0.46,0.09,56.1,27.89,2.99,225.7,0.4,9.688
59.8,CARRY,27.48,2.97,-9.58,30.42,-0.01,1,0,325.0,215.0,25.5,0.5,0.1,54.8,27.92,2.99,225.6,0.2,9.625
59.86,CARRY,27.53,2.97,-9.58,30.44,-0.01,1,0,324.5,216.0,24.4,0.48,0.09,57.6,27.94,2.99,225.5,0.3,9.688
59.92,CARRY,27.53,2.97,-9.58,30.47,-0.01,1,0,325.0,214.5,26.0,0.51,0.1,57.3,27.97,2.99,225.8,0.0,9.688
59.98,CARRY,27.57,2.97,-9.58,30.5,-0.01,1,0,324.5,215.5,24.9,0.49,0.09,57.5,28.0,2.99,225.7,0.2,9.75
60.04,CARRY,27.62,2.98,-9.58,30.53,-0.01,1,0,324.5,216.5,23.9,0.47,0.09,58.6,28.03,2.99,226.0,0.2,9.75
60.1,CARRY,27.62,2.98,-9.58,30.56,-0.01,1,0,324.5,215.0,25.4,0.5,0.09,59.5,28.06,2.99,225.9,0.2,9.75
60.16,CARRY,27.67,2.98,-9.58,30.59,-0.01,1,0,324.5,216.0,24.4,0.48,0.09,57.8,28.09,2.99,226.2,0.3,9.688
60.22,CARRY,27.67,2.98,-9.58,30.62,-0.01,1,0,324.5,214.0,26.4,0.52,0.09,58.1,28.12,2.99,225.7,0.1,9.75
60.27,CARRY,27.71,2.98,-9.58,30.65,-0.01,1,0,324.5,215.0,25.4,0.5,0.09,57.8,28.15,2.99,226.0,0.3,9.75
60.33,CARRY,27.76,2.98,-9.58,30.68,-0.01,1,0,324.0,216.0,24.3,0.48,0.08,56.4,28.18,2.99,225.8,0.1,9.75
60.39,CARRY,27.76,2.98,-9.58,30.71,-0.01,1,0,324.5,214.5,25.9,0.51,0.09,56.4,28.21,2.99,226.0,0.3,9.75
60.45,CARRY,27.81,2.99,-9.58,30.74,-0.01,1,0,323.5,215.5,24.7,0.49,0.07,59.4,28.24,2.99,225.5,0.4,9.625
60.51,CARRY,27.81,2.99,-9.58,30.77,-0.01,1,0,324.5,214.0,26.4,0.52,0.09,55.3,28.27,2.99,226.2,0.4,9.75
60.57,CARRY,27.86,2.99,-9.58,30.8,-0.01,1,0,324.0,215.0,25.3,0.5,0.08,56.6,28.3,2.99,225.9,0.1,9.625
60.62,CARRY,27.86,2.99,-9.58,30.83,-0.01,1,0,324.5,213.5,26.9,0.53,0.09,57.8,28.33,2.99,226.2,0.4,9.688
60.68,CARRY,27.91,2.99,-9.58,30.86,-0.01,1,0,324.0,214.5,25.8,0.51,0.08,57.2,28.36,2.99,225.9,0.1,9.625
60.74,CARRY,27.96,2.99,-9.58,30.89,-0.01,1,0,323.5,215.0,25.2,0.5,0.07,58.8,28.39,2.99,225.3,0.6,9.5
60.8,CARRY,27.96,2.99,-9.58,30.92,-0.01,1,0,324.0,214.0,26.3,0.52,0.08,56.3,28.42,2.99,226.0,0.2,9.625
60.86,CARRY,28.01,2.99,-9.58,30.94,-0.01,1,0,323.5,214.5,25.7,0.51,0.07,58.2,28.44,2.99,225.4,0.5,9.5
60.92,CARRY,28.01,2.99,-9.58,30.97,-0.01,1,0,324.0,213.5,26.8,0.53,0.08,55.5,28.47,2.99,226.0,0.2,9.625
60.98,CARRY,28.06,2.99,-9.58,31.0,-0.01,1,0,323.5,214.0,26.2,0.52,0.07,55.6,28.5,2.99,225.3,0.6,9.562
61.03,CARRY,28.11,2.99,-9.58,31.03,-0.01,1,0,323.5,215.5,24.7,0.49,0.07,56.4,28.53,2.99,225.7,0.3,9.625
61.09,CARRY,28.11,2.99,-9.58,31.06,-0.01,1,0,323.5,213.5,26.7,0.53,0.07,59.9,28.56,2.99,225.3,0.6,9.688
61.15,CARRY,28.16,3.0,-9.58,31.09,-0.01,1,0,323.5,215.0,25.2,0.5,0.07,60.7,28.59,2.99,225.7,0.3,9.5
61.21,CARRY,28.16,3.0,-9.58,31.12,-0.01,1,0,323.5,213.5,26.7,0.53,0.07,55.2,28.62,2.99,225.7,0.2,9.625
61.27,CARRY,28.21,3.0,-9.58,31.15,-0.01,1,0,323.5,214.5,25.7,0.51,0.07,58.8,28.65,2.99,225.7,0.3,9.5
61.33,CARRY,28.26,3.0,-9.58,31.18,-0.01,1,0,323.5,215.5,24.7,0.49,0.07,57.4,28.68,2.99,225.7,0.6,9.562
61.39,CARRY,28.26,3.0,-9.58,31.21,-0.01,1,0,323.5,214.0,26.2,0.52,0.07,54.8,28.71,2.99,225.7,0.3,9.562
61.45,CARRY,28.31,3.0,-9.58,31.24,-0.01,1,0,323.5,215.0,25.2,0.5,0.07,56.1,28.74,2.99,225.6,0.7,9.5
61.5,CARRY,28.31,3.0,-9.58,31.27,-0.01,1,0,323.5,213.5,26.7,0.53,0.07,56.0,28.77,2.99,225.5,0.5,9.625
61.56,CARRY,28.36,3.0,-9.58,31.29,-0.01,1,0,323.5,215.0,25.2,0.5,0.07,55.5,28.79,2.99,225.8,0.4,9.5
61.62,CARRY,28.36,3.0,-9.58,31.32,-0.01,1,0,323.5,213.5,26.7,0.53,0.07,56.9,28.82,2.99,225.7,0.1,9.625
61.67,CARRY,28.41,3.0,-9.58,31.35,-0.01,1,0,323.5,215.0,25.2,0.5,0.07,59.3,28.85,2.99,226.0,0.2,9.438
61.74,CARRY,28.47,3.0,-9.58,31.38,-0.01,1,0,323.5,216.0,24.3,0.48,0.07,60.5,28.88,2.99,226.0,0.4,9.5
61.8,CARRY,28.47,3.0,-9.58,31.41,-0.01,1,0,323.5,214.5,25.7,0.51,0.07,59.2,28.91,2.99,226.0,0.2,9.562
61.86,CARRY,28.52,3.0,-9.58,31.44,-0.01,1,0,323.5,215.5,24.7,0.49,0.07,56.1,28.94,2.99,226.0,0.3,9.438
61.92,CARRY,28.52,3.0,-9.58,31.47,-0.01,1,0,323.5,214.0,26.2,0.52,0.07,59.4,28.97,2.99,225.9,0.1,9.5
61.98,CARRY,28.57,3.0,-9.58,31.5,-0.01,1,0,323.5,215.0,25.2,0.5,0.07,55.5,29.0,2.99,225.8,0.2,9.438
62.03,CARRY,28.62,3.0,-9.58,31.53,-0.01,1,0,323.5,216.5,23.8,0.47,0.07,58.5,29.03,2.99,226.1,0.4,9.562
62.09,CARRY,28.62,3.0,-9.58,31.56,-0.01,1,0,323.5,214.0,26.2,0.52,0.07,57.0,29.06,2.99,225.4,0.7,9.5
62.15,CARRY,28.67,3.0,-9.58,31.59,-0.01,1,0,323.5,216.0,24.3,0.48,0.07,57.7,29.09,2.99,226.0,0.3,9.5
62.21,CARRY,28.67,3.0,-9.58,31.62,-0.01,1,0,323.5,214.0,26.2,0.52,0.07,58.0,29.12,2.99,225.6,0.3,9.5
62.27,CARRY,28.72,3.0,-9.58,31.65,-0.01,1,0,323.5,215.0,25.2,0.5,0.07,58.3,29.15,2.99,225.5,0.6,9.438
62.33,CARRY,28.77,2.99,-9.58,31.68,-0.01,1,0,323.5,216.5,23.8,0.47,0.07,55.0,29.18,2.99,225.9,0.4,9.562
62.38,CARRY,28.77,2.99,-9.58,31.71,-0.01,1,0,323.5,215.0,25.2,0.5,0.07,55.1,29.21,2.99,225.8,0.1,9.5
62.44,CARRY,28.82,2.99,-9.58,31.73,-0.01,1,0,323.5,216.5,23.8,0.47,0.07,56.7,29.23,2.99,226.0,0.3,9.562
62.5,CARRY,28.82,2.99,-9.58,31.76,-0.01,1,0,323.5,215.0,25.2,0.5,0.07,56.3,29.26,2.99,226.0,0.2,9.5
62.56,CARRY,28.87,2.99,-9.58,31.79,-0.01,1,0,323.5,216.0,24.3,0.48,0.07,58.9,29.29,2.99,225.9,0.1,9.562
62.62,CARRY,28.87,2.99,-9.58,31.82,-0.01,1,0,323.5,214.0,26.2,0.52,0.07,57.3,29.32,2.99,225.5,0.3,9.625
62.67,CARRY,28.92,2.99,-9.58,31.85,-0.01,1,0,323.5,215.5,24.7,0.49,0.07,57.9,29.35,2.99,225.9,0.0,9.5
62.73,CARRY,28.97,2.99,-9.58,31.88,-0.01,1,0,323.5,216.5,23.8,0.47,0.07,58.3,29.38,2.99,225.8,0.2,9.625
62.79,CARRY,28.97,2.99,-9.58,31.91,-0.01,1,0,323.5,215.0,25.2,0.5,0.07,56.7,29.41,2.99,225.8,0.1,9.562
62.85,CARRY,29.02,2.99,-9.58,31.94,-0.01,1,0,323.5,216.0,24.3,0.48,0.07,56.0,29.44,2.99,225.8,0.2,9.562
62.91,CARRY,29.02,2.99,-9.58,31.97,-0.01,1,0,323.5,214.0,26.2,0.52,0.07,55.4,29.47,2.99,225.3,0.5,9.562
62.97,CARRY,29.07,2.99,-9.58,32.0,-0.01,1,0,323.5,215.0,25.2,0.5,0.07,57.2,29.5,2.99,225.2,0.7,9.438
63.02,CARRY,29.07,2.99,-9.58,32.03,-0.01,1,0,323.5,213.5,26.7,0.53,0.07,55.7,29.53,2.99,225.2,0.6,9.562
63.08,CARRY,29.12,2.99,-9.58,32.06,-0.01,1,0,323.5,215.5,24.7,0.49,0.07,58.7,29.56,2.99,225.9,0.2,9.5
63.14,CARRY,29.17,2.99,-9.58,32.09,-0.01,1,0,323.5,216.5,23.8,0.47,0.07,56.4,29.59,2.99,225.9,0.0,9.562
63.2,CARRY,29.17,2.99,-9.58,32.11,-0.01,1,0,323.5,215.0,25.2,0.5,0.07,56.2,29.61,2.99,225.8,0.3,9.562
63.26,CARRY,29.22,2.99,-9.58,32.14,-0.01,1,0,323.5,216.0,24.3,0.48,0.07,58.7,29.64,2.99,225.7,0.1,9.5
63.32,CARRY,29.22,2.99,-9.58,32.17,-0.01,1,0,323.5,214.0,26.2,0.52,0.07,55.1,29.67,2.99,225.3,0.5,9.562
63.37,CARRY,29.27,2.99,-9.58,32.2,-0.01,1,0,323.5,215.5,24.7,0.49,0.07,55.1,29.7,2.99,225.6,0.2,9.438
63.43,CARRY,29.32,2.99,-9.58,32.23,-0.01,1,0,323.5,217.0,23.3,0.46,0.07,54.8,29.73,2.99,225.9,0.1,9.562
63.49,CARRY,29.32,2.99,-9.58,32.26,-0.01,1,0,323.5,215.5,24.7,0.49,0.07,53.5,29.76,2.99,225.8,0.4,9.5
63.54,CARRY,29.37,2.99,-9.58,32.28,-0.01,1,0,323.5,216.5,23.8,0.47,0.07,56.5,29.78,2.99,225.7,0.1,9.562
63.6,CARRY,29.37,2.99,-9.58,32.31,-0.01,1,0,324.0,215.0,25.3,0.5,0.08,56.0,29.81,2.99,226.0,0.1,9.438
63.66,CARRY,29.42,2.99,-9.58,32.34,-0.01,1,0,323.5,216.0,24.3,0.48,0.07,57.1,29.84,2.99,225.6,0.3,9.5
63.71,CARRY,29.42,2.99,-9.58,32.37,-0.01,1,0,324.0,214.5,25.8,0.51,0.08,56.6,29.87,2.99,225.9,0.0,9.5
63.77,CARRY,29.47,2.99,-9.58,32.4,-0.01,1,0,323.5,215.0,25.2,0.5,0.07,57.5,29.9,2.99,225.1,0.7,9.438
63.83,CARRY,29.47,2.99,-9.58,32.43,-0.01,1,0,324.0,214.0,26.3,0.52,0.08,54.6,29.93,2.99,225.8,0.1,9.562
63.89,CARRY,29.52,2.99,-9.58,32.46,-0.01,1,0,324.0,215.0,25.3,0.5,0.08,57.8,29.96,2.99,225.7,0.2,9.438
63.95,CARRY,29.57,2.99,-9.58,32.49,-0.01,1,0,323.5,216.5,23.8,0.47,0.07,56.2,29.99,2.99,225.8,0.4,9.562
64.0,CARRY,29.57,2.99,-9.58,32.52,-0.01,1,0,324.0,214.5,25.8,0.51,0.08,55.5,30.02,2.99,225.7,0.2,9.5
64.06,CARRY,29.62,2.98,-9.58,32.54,-0.01,1,0,324.0,216.0,24.3,0.48,0.08,57.0,30.04,2.99,226.0,0.2,9.5
64.12,CARRY,29.62,2.98,-9.58,32.57,-0.01,1,0,324.5,214.0,26.4,0.52,0.09,56.9,30.07,2.99,225.9,0.4,9.562
64.18,CARRY,29.67,2.98,-9.58,32.6,-0.01,1,0,324.0,215.5,24.8,0.49,0.08,57.9,30.1,2.99,225.9,0.1,9.438
64.24,CARRY,29.72,2.98,-9.58,32.63,-0.01,1,0,324.0,216.5,23.8,0.47,0.08,60.7,30.13,2.99,225.9,0.1,9.562
64.3,CARRY,29.72,2.98,-9.58,32.66,-0.01,1,0,324.5,214.5,25.9,0.51,0.09,55.3,30.16,2.99,225.9,0.4,9.5
64.35,CARRY,29.77,2.98,-9.58,32.69,-0.01,1,0,324.0,216.0,24.3,0.48,0.08,57.9,30.19,2.99,225.8,0.0,9.5
64.41,CARRY,29.77,2.98,-9.58,32.72,-0.01,1,0,324.5,214.5,25.9,0.51,0.09,55.6,30.22,2.99,226.1,0.3,9.5
64.47,CARRY,29.82,2.98,-9.58,32.75,-0.01,1,0,324.0,215.5,24.8,0.49,0.08,56.0,30.25,2.99,225.7,0.1,9.438
64.53,CARRY,29.82,2.98,-9.58,32.78,-0.01,1,0,324.5,214.0,26.4,0.52,0.09,56.0,30.28,2.99,226.0,0.2,9.562
64.59,CARRY,29.87,2.98,-9.58,32.81,-0.01,1,0,324.5,215.0,25.4,0.5,0.09,56.4,30.31,2.99,225.9,0.3,9.5
64.64,CARRY,29.92,2.98,-9.58,32.84,-0.01,1,0,324.0,216.5,23.8,0.47,0.08,56.6,30.34,2.99,225.9,0.2,9.438
64.7,CARRY,29.92,2.98,-9.58,32.86,-0.01,1,0,324.5,214.5,25.9,0.51,0.09,56.4,30.36,2.99,225.8,0.3,9.5
64.76,CARRY,29.97,2.98,-9.58,32.89,-0.01,1,0,324.0,216.0,24.3,0.48,0.08,56.8,30.39,2.99,225.8,0.1,9.438
64.82,CARRY,29.97,2.98,-9.58,32.92,-0.01,1,0,324.5,214.5,25.9,0.51,0.09,55.1,30.42,2.99,226.1,0.3,9.562
64.87,CARRY,30.02,2.98,-9.58,32.95,-0.01,1,0,324.5,215.5,24.9,0.49,0.09,58.8,30.45,2.99,226.0,0.4,9.438
64.93,CARRY,30.07,2.98,-9.58,32.98,-0.01,1,0,324.0,216.5,23.8,0.47,0.08,55.7,30.48,2.99,225.7,0.2,9.5
64.99,CARRY,30.07,2.98,-9.58,33.01,-0.01,1,0,324.5,215.0,25.4,0.5,0.09,54.1,30.51,2.99,226.0,0.3,9.5
65.05,CARRY,30.12,2.98,-9.58,33.04,-0.01,1,0,324.0,216.5,23.8,0.47,0.08,54.2,30.54,2.99,226.0,0.2,9.438
65.1,CARRY,30.12,2.98,-9.58,33.06,-0.01,1,0,324.5,215.0,25.4,0.5,0.09,55.4,30.56,2.99,226.2,0.4,9.438
65.16,CARRY,30.17,2.98,-9.58,33.09,-0.01,1,0,324.0,216.0,24.3,0.48,0.08,57.1,30.59,2.99,225.8,0.0,9.438
65.22,CARRY,30.17,2.98,-9.58,33.12,-0.01,1,0,324.5,214.5,25.9,0.51,0.09,57.4,30.62,2.99,226.1,0.3,9.5
65.27,CARRY,30.22,2.98,-9.58,33.15,-0.01,1,0,324.0,215.5,24.8,0.49,0.08,56.8,30.65,2.99,225.8,0.1,9.438
65.33,CARRY,30.27,2.98,-9.58,33.18,-0.01,1,0,323.5,216.0,24.3,0.48,0.07,57.3,30.68,2.99,225.0,0.8,9.5
65.39,CARRY,30.27,2.98,-9.58,33.21,-0.01,1,0,324.0,215.0,25.3,0.5,0.08,55.5,30.71,2.99,225.7,0.1,9.438
65.45,CARRY,30.32,2.98,-9.58,33.24,-0.01,1,0,324.0,216.5,23.8,0.47,0.08,55.1,30.74,2.99,226.1,0.2,9.438
65.5,CARRY,30.32,2.98,-9.58,33.27,-0.01,1,0,324.5,214.5,25.9,0.51,0.09,56.4,30.77,2.99,225.9,0.4,9.5
65.56,CARRY,30.37,2.98,-9.58,33.3,-0.01,1,0,324.0,216.0,24.3,0.48,0.08,55.8,30.8,2.99,226.0,0.1,9.375
65.62,CARRY,30.37,2.98,-9.58,33.32,-0.01,1,0,324.5,214.5,25.9,0.51,0.09,56.0,30.82,2.99,226.2,0.4,9.438
65.68,CARRY,30.42,2.98,-9.58,33.35,-0.01,1,0,324.0,215.5,24.8,0.49,0.08,56.3,30.85,2.99,225.9,0.0,9.312
65.73,CARRY,30.47,2.98,-9.58,33.38,-0.01,1,0,323.5,216.0,24.3,0.48,0.07,55.1,30.88,2.99,225.1,0.7,9.5
65.79,CARRY,30.47,2.98,-9.58,33.41,-0.01,1,0,324.0,215.0,25.3,0.5,0.08,54.1,30.91,2.99,225.7,0.1,9.375
65.85,CARRY,30.52,2.99,-9.58,33.44,-0.01,1,0,323.5,216.5,23.8,0.47,0.07,54.9,30.94,2.99,225.7,0.4,9.438
65.9,CARRY,30.52,2.99,-9.58,33.46,-0.01,1,0,324.0,214.5,25.8,0.51,0.08,56.5,30.96,2.99,225.6,0.2,9.438
65.96,CARRY,30.57,2.99,-9.58,33.49,-0.01,1,0,323.5,216.0,24.3,0.48,0.07,56.7,30.99,2.99,225.6,0.4,9.375
66.02,CARRY,30.57,2.99,-9.58,33.52,-0.01,1,0,324.5,214.5,25.9,0.51,0.09,55.9,31.02,2.99,226.2,0.4,9.438
66.07,CARRY,30.62,2.99,-9.58,33.55,-0.01,1,0,324.0,215.5,24.8,0.49,0.08,57.2,31.05,2.99,225.9,0.1,9.375
66.13,CARRY,30.67,2.99,-9.58,33.58,-0.01,1,0,323.5,216.5,23.8,0.47,0.07,56.0,31.08,2.99,225.5,0.3,9.5
66.19,CARRY,30.67,2.99,-9.58,33.61,-0.01,1,0,324.0,215.0,25.3,0.5,0.08,54.4,31.11,2.99,225.8,0.0,9.438
66.25,CARRY,30.72,2.99,-9.58,33.64,-0.01,1,0,323.5,216.5,23.8,0.47,0.07,54.2,31.14,2.99,225.8,0.4,9.562
66.3,CARRY,30.72,2.99,-9.58,33.66,-0.01,1,0,324.0,214.5,25.8,0.51,0.08,54.7,31.16,2.99,225.7,0.2,9.562
66.36,CARRY,30.77,2.98,-9.58,33.69,-0.01,1,0,324.0,216.0,24.3,0.48,0.08,56.1,31.19,2.99,225.9,0.1,9.5
66.41,CARRY,30.77,2.98,-9.58,33.72,-0.01,1,0,324.5,214.5,25.9,0.51,0.09,55.4,31.22,2.99,226.2,0.4,9.562
66.47,CARRY,30.82,2.98,-9.58,33.75,-0.01,1,0,324.0,215.5,24.8,0.49,0.08,56.8,31.25,2.99,225.8,0.1,9.438
66.53,CARRY,30.87,2.98,-9.58,33.78,-0.01,1,0,323.5,216.5,23.8,0.47,0.07,55.8,31.28,2.99,225.4,0.4,9.562
66.59,CARRY,30.87,2.98,-9.58,33.81,-0.01,1,0,324.0,215.0,25.3,0.5,0.08,54.7,31.31,2.99,225.7,0.2,9.5
66.64,CARRY,30.92,2.98,-9.58,33.84,-0.01,1,0,324.0,216.5,23.8,0.47,0.08,55.9,31.34,2.99,226.0,0.2,9.5
66.7,CARRY,30.92,2.98,-9.58,33.86,-0.01,1,0,324.5,214.5,25.9,0.51,0.09,55.2,31.36,2.99,225.9,0.4,9.562
66.76,CARRY,30.97,2.98,-9.58,33.89,-0.01,1,0,324.0,216.0,24.3,0.48,0.08,56.8,31.39,2.99,225.8,0.0,9.5
66.81,CARRY,30.97,2.98,-9.58,33.92,-0.01,1,0,324.5,214.5,25.9,0.51,0.09,56.3,31.42,2.99,226.1,0.3,9.562
66.87,CARRY,31.02,2.98,-9.58,33.95,-0.01,1,0,324.5,215.5,24.9,0.49,0.09,55.8,31.45,2.99,226.1,0.4,9.562
66.93,CARRY,31.02,2.98,-9.58,33.98,-0.01,1,0,324.5,214.0,26.4,0.52,0.09,55.0,31.48,2.99,226.0,0.2,9.625
66.98,CARRY,31.07,2.98,-9.58,34.01,-0.01,1,0,324.5,215.0,25.4,0.5,0.09,55.5,31.51,2.99,225.9,0.3,9.5
67.04,CARRY,31.12,2.98,-9.58,34.03,-0.01,1,0,324.0,216.5,23.8,0.47,0.08,56.8,31.53,2.99,225.9,0.2,9.438
67.1,CARRY,31.12,2.98,-9.58,34.06,-0.01,1,0,324.5,214.5,25.9,0.51,0.09,54.7,31.56,2.99,225.8,0.3,9.5
67.16,CARRY,31.17,2.98,-9.58,34.09,-0.01,1,0,324.0,216.0,24.3,0.48,0.08,55.0,31.59,2.99,225.7,0.2,9.438
67.21,CARRY,31.17,2.98,-9.58,34.12,-0.01,1,0,324.5,214.5,25.9,0.51,0.09,54.8,31.62,2.99,226.0,0.2,9.562
67.27,CARRY,31.22,2.98,-9.58,34.15,-0.01,1,0,324.0,215.5,24.8,0.49,0.08,55.2,31.65,2.99,225.6,0.2,9.5
67.32,CARRY,31.22,2.98,-9.58,34.18,-0.01,1,0,324.5,214.0,26.4,0.52,0.09,54.1,31.68,2.99,225.9,0.0,9.562
67.38,CARRY,31.27,2.98,-9.58,34.2,-0.01,1,0,324.5,215.5,24.9,0.49,0.09,55.3,31.7,2.99,226.1,0.3,9.5
67.44,CARRY,31.32,2.98,-9.58,34.23,-0.01,1,0,324.0,216.5,23.8,0.47,0.08,55.5,31.73,2.99,225.8,0.0,9.5
67.49,CARRY,31.32,2.98,-9.58,34.26,-0.01,1,0,324.5,215.0,25.4,0.5,0.09,56.0,31.76,2.99,226.0,0.2,9.5
67.55,CARRY,31.37,2.98,-9.58,34.29,-0.01,1,0,324.0,216.0,24.3,0.48,0.08,55.0,31.79,2.99,225.7,0.2,9.5
67.61,CARRY,31.37,2.98,-9.58,34.32,-0.01,1,0,324.5,214.5,25.9,0.51,0.09,53.9,31.82,2.99,225.9,0.2,9.562
67.66,CARRY,31.42,2.98,-9.58,34.34,-0.01,1,0,323.5,216.0,24.3,0.48,0.07,55.6,31.84,2.99,225.5,0.6,9.438
67.72,CARRY,31.42,2.98,-9.58,34.37,-0.01,1,0,324.5,214.0,26.4,0.52,0.09,54.6,31.87,2.99,225.7,0.3,9.562
67.77,CARRY,31.47,2.98,-9.58,34.4,-0.01,1,0,324.0,215.5,24.8,0.49,0.08,56.2,31.9,2.99,225.7,0.1,9.438
67.83,CARRY,31.52,2.98,-9.58,34.43,-0.01,1,0,324.0,216.5,23.8,0.47,0.08,55.4,31.93,2.99,225.7,0.3,9.5
67.89,CARRY,31.52,2.98,-9.58,34.46,-0.01,1,0,324.5,215.0,25.4,0.5,0.09,56.1,31.96,2.99,226.0,0.4,9.562
67.95,CARRY,31.57,2.98,-9.58,34.49,-0.01,1,0,324.0,216.5,23.8,0.47,0.08,55.0,31.99,2.99,226.0,0.2,9.5
68.0,CARRY,31.57,2.98,-9.58,34.51,-0.01,1,0,324.5,214.5,25.9,0.51,0.09,55.1,32.01,2.99,225.8,0.4,9.562
68.06,CARRY,31.62,2.98,-9.58,34.54,-0.01,1,0,323.5,216.0,24.3,0.48,0.07,57.1,32.04,2.99,225.6,0.4,9.5
68.12,CARRY,31.62,2.98,-9.58,34.57,-0.01,1,0,324.5,214.5,25.9,0.51,0.09,55.0,32.07,2.99,226.2,0.4,9.625
68.17,CARRY,31.67,2.98,-9.58,34.6,-0.01,1,0,324.0,215.5,24.8,0.49,0.08,56.9,32.1,2.99,225.8,0.1,9.5
68.23,CARRY,31.67,2.98,-9.58,34.63,-0.01,1,0,324.5,214.0,26.4,0.52,0.09,56.0,32.13,2.99,226.1,0.3,9.625
68.29,CARRY,31.72,2.99,-9.58,34.66,-0.01,1,0,324.0,215.0,25.3,0.5,0.08,56.2,32.16,2.99,225.7,0.1,9.562
68.35,CARRY,31.77,2.99,-9.58,34.69,-0.01,1,0,323.5,216.5,23.8,0.47,0.07,55.9,32.19,2.99,225.8,0.3,9.625
68.4,CARRY,31.77,2.99,-9.58,34.72,-0.01,1,0,324.0,214.5,25.8,0.51,0.08,54.9,32.22,2.99,225.7,0.2,9.688
68.46,CARRY,31.82,2.99,-9.58,34.74,-0.01,1,0,323.5,215.5,24.7,0.49,0.07,57.4,32.24,2.99,225.3,0.5,9.562
68.52,CARRY,31.82,2.99,-9.58,34.77,-0.01,1,0,324.0,214.5,25.8,0.51,0.08,55.8,32.27,2.99,226.0,0.2,9.625
68.57,CARRY,31.87,2.99,-9.58,34.8,-0.01,1,0,323.5,215.0,25.2,0.5,0.07,55.7,32.3,2.99,225.3,0.5,9.562
68.63,CARRY,31.92,2.99,-9.58,34.83,-0.01,1,0,323.5,216.0,24.3,0.48,0.07,57.5,32.33,2.99,225.3,0.7,9.625
68.69,CARRY,31.92,2.99,-9.58,34.86,-0.01,1,0,323.5,215.0,25.2,0.5,0.07,55.6,32.36,2.99,225.6,0.3,9.625
68.75,CARRY,31.97,2.99,-9.58,34.89,-0.01,1,0,323.5,216.0,24.3,0.48,0.07,56.8,32.39,2.99,225.6,0.2,9.562
68.81,CARRY,31.97,2.99,-9.58,34.92,-0.01,1,0,323.5,214.5,25.7,0.51,0.07,54.6,32.42,2.99,225.6,0.3,9.625
68.86,CARRY,32.02,2.99,-9.58,34.94,-0.01,1,0,323.5,215.5,24.7,0.49,0.07,55.2,32.44,2.99,225.6,0.3,9.562
68.92,CARRY,32.02,2.99,-9.58,34.97,-0.01,1,0,323.5,214.0,26.2,0.52,0.07,55.6,32.47,2.99,225.5,0.3,9.625
68.98,CARRY,32.07,2.99,-9.59,35.0,-0.01,1,0,323.5,215.5,24.7,0.49,0.07,56.8,32.5,2.99,225.9,0.2,9.562
69.03,CARRY,32.12,2.99,-9.59,35.03,-0.01,1,0,323.5,216.5,23.8,0.47,0.07,58.3,32.53,2.99,225.9,0.2,9.625
69.09,CARRY,32.12,2.99,-9.59,35.06,-0.01,1,0,323.5,215.0,25.2,0.5,0.07,55.0,32.56,2.99,225.9,0.2,9.625
69.15,CARRY,32.17,2.99,-9.59,35.09,-0.01,1,0,323.5,216.0,24.3,0.48,0.07,55.3,32.59,2.99,225.9,0.1,9.625
69.21,CARRY,32.17,2.99,-9.59,35.12,-0.01,1,0,323.5,214.5,25.7,0.51,0.07,55.7,32.62,2.99,225.8,0.2,9.75
69.26,CARRY,32.22,2.99,-9.59,35.15,-0.01,1,0,323.5,215.0,25.2,0.5,0.07,55.1,32.65,2.99,225.4,0.6,9.625
69.32,CARRY,32.22,2.99,-9.59,35.17,-0.01,1,0,323.5,213.5,26.7,0.53,0.07,54.7,32.67,2.99,225.3,0.5,9.75
69.37,CARRY,32.27,2.99,-9.59,35.2,-0.01,1,0,323.5,214.5,25.7,0.51,0.07,55.7,32.7,2.99,225.3,0.7,9.625
69.43,CARRY,32.32,2.99,-9.59,35.23,-0.01,1,0,323.5,216.0,24.3,0.48,0.07,57.5,32.73,2.99,225.6,0.5,9.688
69.49,CARRY,32.32,2.99,-9.59,35.26,-0.01,1,0,323.5,214.0,26.2,0.52,0.07,55.8,32.76,2.99,225.2,0.7,9.75
69.55,CARRY,32.37,2.99,-9.59,35.29,-0.01,1,0,323.5,215.5,24.7,0.49,0.07,58.0,32.79,2.99,225.5,0.5,9.688
69.61,CARRY,32.37,2.99,-9.59,35.32,-0.01,1,0,323.5,214.0,26.2,0.52,0.07,55.2,32.82,2.99,225.5,0.3,9.75
69.66,CARRY,32.42,2.99,-9.59,35.35,-0.01,1,0,323.5,215.0,25.2,0.5,0.07,54.7,32.85,2.99,225.4,0.5,9.688
69.72,CARRY,32.42,2.99,-9.59,35.37,-0.01,1,0,323.5,213.5,26.7,0.53,0.07,56.2,32.87,2.99,225.4,0.4,9.75
69.78,CARRY,32.47,2.99,-9.59,35.4,-0.01,1,0,323.5,214.5,25.7,0.51,0.07,56.3,32.9,2.99,225.3,0.6,9.688
69.83,CARRY,32.52,2.99,-9.59,35.43,-0.01,1,0,323.5,216.0,24.3,0.48,0.07,57.1,32.93,2.99,225.6,0.4,9.688
69.89,CARRY,32.52,2.99,-9.59,35.46,-0.01,1,0,323.5,214.0,26.2,0.52,0.07,59.7,32.96,2.99,225.1,0.7,9.688
69.95,CARRY,32.57,2.99,-9.59,35.49,-0.01,1,0,323.5,215.5,24.7,0.49,0.07,56.7,32.99,2.99,225.5,0.4,9.625
70.01,CARRY,32.57,2.99,-9.59,35.52,-0.01,1,0,323.5,214.0,26.2,0.52,0.07,56.3,33.02,2.99,225.4,0.3,9.688
70.07,CARRY,32.62,2.99,-9.59,35.55,-0.01,1,0,323.5,215.0,25.2,0.5,0.07,55.8,33.05,2.99,225.3,0.5,9.625
70.13,CARRY,32.62,2.99,-9.59,35.58,-0.01,1,0,323.5,213.5,26.7,0.53,0.07,54.7,33.08,2.99,225.3,0.5,9.75
70.18,CARRY,32.67,2.99,-9.59,35.6,-0.01,1,0,323.5,214.5,25.7,0.51,0.07,55.8,33.1,2.99,225.1,0.7,9.625
70.24,CARRY,32.72,2.99,-9.59,35.63,-0.01,1,0,323.5,216.0,24.3,0.48,0.07,55.4,33.13,2.99,225.4,0.5,9.625
70.3,CARRY,32.72,2.99,-9.59,35.66,-0.01,1,0,323.5,215.0,25.2,0.5,0.07,56.7,33.16,2.99,225.7,0.3,9.688
70.35,CARRY,32.77,2.99,-9.59,35.69,-0.01,1,0,323.5,215.5,24.7,0.49,0.07,56.3,33.19,2.99,225.2,0.7,9.625
70.41,CARRY,32.77,2.99,-9.59,35.72,-0.01,1,0,323.5,214.0,26.2,0.52,0.07,57.3,33.22,2.99,225.2,0.6,9.688
70.47,CARRY,32.82,2.99,-9.59,35.75,-0.01,1,0,323.5,215.0,25.2,0.5,0.07,56.2,33.25,2.99,225.1,0.8,9.562
70.53,CARRY,32.82,2.99,-9.59,35.78,-0.01,1,0,324.0,214.0,26.3,0.52,0.08,56.8,33.28,2.99,225.7,0.1,9.688
70.59,CARRY,32.88,2.99,-9.59,35.81,-0.01,1,0,323.5,215.0,25.2,0.5,0.07,56.7,33.31,2.99,225.3,0.5,9.625
70.64,CARRY,32.93,2.99,-9.59,35.84,-0.01,1,0,323.5,216.0,24.3,0.48,0.07,56.2,33.34,2.99,225.2,0.7,9.688
70.7,CARRY,32.93,2.99,-9.59,35.86,-0.01,1,0,323.5,215.0,25.2,0.5,0.07,56.2,33.36,2.99,225.5,0.4,9.688
70.76,CARRY,32.98,2.99,-9.59,35.89,-0.01,1,0,323.5,216.0,24.3,0.48,0.07,56.1,33.39,2.99,225.4,0.4,9.688
70.82,CARRY,32.98,2.99,-9.59,35.92,-0.01,1,0,324.0,214.5,25.8,0.51,0.08,54.9,33.42,2.99,225.6,0.2,9.688
70.87,CARRY,33.03,2.99,-9.59,35.95,-0.01,1,0,323.5,215.5,24.7,0.49,0.07,56.5,33.45,2.99,225.2,0.6,9.688
70.93,CARRY,33.08,2.99,-9.59,35.98,-0.01,1,0,323.5,217.5,22.8,0.45,0.07,57.5,33.48,2.99,225.8,0.2,9.625
70.99,CARRY,33.08,2.99,-9.59,36.01,-0.01,1,0,324.0,215.5,24.8,0.49,0.08,55.4,33.51,2.99,225.8,0.2,9.625
71.04,CARRY,33.13,2.98,-9.59,36.04,-0.01,1,0,323.5,217.0,23.3,0.46,0.07,55.4,33.54,2.99,225.7,0.3,9.75
71.1,CARRY,33.13,2.98,-9.59,36.06,-0.01,1,0,324.0,215.5,24.8,0.49,0.08,55.9,33.56,2.99,226.0,0.2,9.688
71.16,CARRY,33.18,2.98,-9.59,36.09,-0.01,1,0,323.5,216.0,24.3,0.48,0.07,56.8,33.59,2.99,225.1,0.7,9.75
71.22,CARRY,33.18,2.98,-9.59,36.12,-0.01,1,0,324.5,215.0,25.4,0.5,0.09,56.3,33.62,2.99,226.1,0.4,9.75
71.27,CARRY,33.23,2.98,-9.59,36.15,-0.01,1,0,324.0,216.0,24.3,0.48,0.08,56.4,33.65,2.99,225.7,0.1,9.688
71.33,CARRY,33.28,2.98,-9.59,36.18,-0.01,1,0,323.5,217.5,22.8,0.45,0.07,58.6,33.68,2.99,225.7,0.4,9.75
71.39,CARRY,33.28,2.98,-9.59,36.21,-0.01,1,0,324.0,215.5,24.8,0.49,0.08,54.9,33.71,2.99,225.7,0.1,9.688
71.45,CARRY,33.33,2.98,-9.59,36.24,-0.01,1,0,324.0,217.0,23.3,0.46,0.08,55.5,33.74,2.99,226.0,0.2,9.75
71.5,CARRY,33.33,2.98,-9.59,36.27,-0.01,1,0,324.5,215.0,25.4,0.5,0.09,55.1,33.77,2.99,225.9,0.4,9.688
71.56,CARRY,33.38,2.98,-9.59,36.29,-0.01,1,0,324.0,216.5,23.8,0.47,0.08,56.3,33.79,2.99,225.9,0.1,9.625
71.62,CARRY,33.38,2.98,-9.59,36.32,-0.01,1,0,324.5,214.5,25.9,0.51,0.09,57.4,33.82,2.99,225.8,0.3,9.688
71.68,CARRY,33.43,2.98,-9.59,36.35,-0.01,1,0,324.0,216.0,24.3,0.48,0.08,56.9,33.85,2.99,225.8,0.2,9.625
71.74,CARRY,33.48,2.98,-9.59,36.38,-0.01,1,0,324.0,217.0,23.3,0.46,0.08,57.8,33.88,2.99,225.8,0.0,9.688
71.79,CARRY,33.48,2.98,-9.59,36.41,-0.01,1,0,324.0,215.5,24.8,0.49,0.08,56.3,33.91,2.99,225.8,0.3,9.625
71.85,CARRY,33.53,2.98,-9.59,36.44,-0.01,1,0,324.0,216.5,23.8,0.47,0.08,57.8,33.94,2.99,225.8,0.1,9.688
71.91,CARRY,33.53,2.98,-9.59,36.47,-0.01,1,0,324.5,215.0,25.4,0.5,0.09,58.1,33.97,2.99,226.1,0.3,9.625
71.97,CARRY,33.58,2.98,-9.59,36.5,-0.01,1,0,324.5,216.0,24.4,0.48,0.09,57.8,34.0,2.99,226.1,0.4,9.562
72.03,CARRY,33.58,2.98,-9.59,36.53,-0.01,1,0,324.5,214.0,26.4,0.52,0.09,57.4,34.03,2.99,225.7,0.3,9.625
72.09,CARRY,33.63,2.98,-9.59,36.56,-0.01,1,0,324.0,215.5,24.8,0.49,0.08,55.5,34.06,2.99,225.8,0.3,9.562
72.14,CARRY,33.67,2.98,-9.59,36.59,-0.01,1,0,324.0,216.5,23.8,0.47,0.08,56.6,34.09,2.99,225.8,0.0,9.562
72.2,CARRY,33.67,2.98,-9.59,36.62,-0.01,1,0,324.5,215.0,25.4,0.5,0.09,55.5,34.12,2.99,226.1,0.3,9.562
72.26,CARRY,33.72,2.98,-9.58,36.64,-0.01,1,0,323.5,216.0,24.3,0.48,0.07,56.2,34.14,2.99,225.4,0.6,9.562
72.32,CARRY,33.72,2.98,-9.58,36.67,-0.01,1,0,324.5,214.5,25.9,0.51,0.09,56.1,34.17,2.99,226.0,0.2,9.562
72.37,CARRY,33.77,2.98,-9.58,36.7,-0.01,1,0,324.0,215.5,24.8,0.49,0.08,60.0,34.2,2.99,225.7,0.1,9.5
72.44,CARRY,33.82,2.98,-9.58,36.73,-0.01,1,0,324.0,216.5,23.8,0.47,0.08,57.4,34.23,2.99,225.7,0.2,9.5
72.49,CARRY,33.82,2.98,-9.58,36.76,-0.01,1,0,324.5,215.0,25.4,0.5,0.09,56.9,34.26,2.99,226.0,0.3,9.562
72.55,CARRY,33.87,2.98,-9.58,36.79,-0.01,1,0,323.5,216.0,24.3,0.48,0.07,57.0,34.29,2.99,225.3,0.6,9.5
72.61,CARRY,33.87,2.98,-9.58,36.82,-0.01,1,0,324.5,214.5,25.9,0.51,0.09,57.4,34.32,2.99,225.9,0.2,9.562
72.67,CARRY,33.92,2.98,-9.58,36.85,-0.01,1,0,323.5,215.5,24.7,0.49,0.07,55.7,34.35,2.99,225.2,0.7,9.438
72.73,CARRY,33.92,2.98,-9.58,36.88,-0.01,1,0,324.5,214.0,26.4,0.52,0.09,54.1,34.38,2.99,225.8,0.1,9.5
72.78,CARRY,33.97,2.98,-9.58,36.91,-0.01,1,0,324.0,215.5,24.8,0.49,0.08,55.6,34.41,2.99,225.8,0.3,9.438
72.84,CARRY,34.02,2.98,-9.58,36.93,-0.01,1,0,324.0,216.5,23.8,0.47,0.08,57.3,34.43,2.99,225.7,0.1,9.438
72.9,CARRY,34.02,2.98,-9.58,36.96,-0.01,1,0,324.5,215.0,25.4,0.5,0.09,56.9,34.46,2.99,226.0,0.2,9.438
72.96,CARRY,34.07,2.98,-9.58,36.99,-0.01,1,0,324.0,216.0,24.3,0.48,0.08,57.3,34.49,2.99,225.6,0.2,9.438
73.01,CARRY,34.07,2.98,-9.58,37.02,-0.01,1,0,324.5,214.5,25.9,0.51,0.09,57.1,34.52,2.99,225.9,0.1,9.438
73.07,CARRY,34.12,2.98,-9.58,37.05,-0.01,1,0,324.0,215.5,24.8,0.49,0.08,56.1,34.55,2.99,225.6,0.3,9.375
73.13,CARRY,34.17,2.98,-9.58,37.08,-0.01,1,0,324.0,217.0,23.3,0.46,0.08,55.8,34.58,2.99,225.9,0.2,9.438
73.19,CARRY,34.17,2.98,-9.58,37.11,-0.01,1,0,324.5,215.0,25.4,0.5,0.09,55.0,34.61,2.99,225.8,0.2,9.375
73.24,CARRY,34.22,2.98,-9.58,37.14,-0.01,1,0,324.5,216.5,23.9,0.47,0.09,56.5,34.64,2.99,226.1,0.4,9.438
73.3,CARRY,34.22,2.98,-9.58,37.16,-0.01,1,0,324.5,215.0,25.4,0.5,0.09,56.1,34.66,2.99,226.0,0.2,9.438
73.36,CARRY,34.27,2.98,-9.58,37.19,-0.01,1,0,324.0,216.0,24.3,0.48,0.08,55.5,34.69,2.99,225.7,0.2,9.375
73.42,CARRY,34.27,2.98,-9.58,37.22,-0.01,1,0,324.5,214.5,25.9,0.51,0.09,56.4,34.72,2.99,225.9,0.1,9.438
73.47,CARRY,34.32,2.98,-9.58,37.25,-0.01,1,0,324.0,215.5,24.8,0.49,0.08,58.3,34.75,2.99,225.6,0.3,9.375
73.53,CARRY,34.37,2.98,-9.58,37.28,-0.01,1,0,324.5,216.5,23.9,0.47,0.09,55.5,34.78,2.99,226.0,0.4,9.375
73.59,CARRY,34.37,2.98,-9.58,37.31,-0.01,1,0,324.5,215.0,25.4,0.5,0.09,54.4,34.81,2.99,225.9,0.1,9.438
73.64,CARRY,34.42,2.98,-9.58,37.34,-0.01,1,0,324.5,216.5,23.9,0.47,0.09,55.2,34.84,2.99,226.2,0.4,9.375
73.7,CARRY,34.42,2.98,-9.58,37.37,-0.01,1,0,324.5,214.5,25.9,0.51,0.09,55.0,34.87,2.99,225.8,0.2,9.438
73.76,CARRY,34.47,2.98,-9.58,37.39,-0.01,1,0,324.5,216.0,24.4,0.48,0.09,55.4,34.89,2.99,226.1,0.3,9.375
73.81,CARRY,34.47,2.98,-9.58,37.42,-0.01,1,0,324.5,214.0,26.4,0.52,0.09,58.1,34.92,2.99,225.7,0.2,9.438
73.87,CARRY,34.52,2.98,-9.58,37.45,-0.01,1,0,324.5,215.5,24.9,0.49,0.09,57.8,34.95,2.99,226.1,0.3,9.375
73.93,CARRY,34.57,2.98,-9.58,37.48,-0.01,1,0,324.0,216.5,23.8,0.47,0.08,55.7,34.98,2.99,225.8,0.0,9.438
73.99,CARRY,34.57,2.98,-9.58,37.51,-0.01,1,0,324.5,215.0,25.4,0.5,0.09,55.1,35.01,2.99,226.1,0.3,9.375
74.05,CARRY,34.62,2.98,-9.58,37.54,-0.01,1,0,324.0,216.0,24.3,0.48,0.08,55.7,35.04,2.99,225.8,0.1,9.375
74.1,CARRY,34.62,2.98,-9.58,37.57,-0.01,1,0,324.5,214.5,25.9,0.51,0.09,54.7,35.07,2.99,226.0,0.2,9.375
74.16,CARRY,34.67,2.98,-9.58,37.59,-0.01,1,0,323.5,215.5,24.7,0.49,0.07,58.6,35.09,2.99,225.3,0.6,9.312
74.22,CARRY,34.67,2.98,-9.58,37.62,-0.01,1,0,324.5,214.0,26.4,0.52,0.09,56.5,35.12,2.99,226.0,0.2,9.375
74.28,CARRY,34.72,2.98,-9.58,37.65,-0.01,1,0,324.0,215.0,25.3,0.5,0.08,57.5,35.15,2.99,225.7,0.1,9.312
74.34,CARRY,34.77,2.99,-9.58,37.68,-0.01,1,0,323.5,216.0,24.3,0.48,0.07,56.6,35.18,2.99,225.4,0.4,9.438
74.39,CARRY,34.77,2.99,-9.58,37.71,-0.01,1,0,324.0,214.5,25.8,0.51,0.08,55.8,35.21,2.99,225.7,0.1,9.438
74.45,CARRY,34.82,2.99,-9.58,37.74,-0.01,1,0,323.5,215.5,24.7,0.49,0.07,57.6,35.24,2.99,225.4,0.4,9.375
74.51,CARRY,34.82,2.99,-9.58,37.77,-0.01,1,0,324.0,214.0,26.3,0.52,0.08,55.3,35.27,2.99,225.7,0.2,9.438
74.57,CARRY,34.87,2.99,-9.58,37.8,-0.01,1,0,323.5,215.0,25.2,0.5,0.07,54.9,35.3,2.99,225.3,0.5,9.375
74.62,CARRY,34.87,2.99,-9.58,37.83,-0.01,1,0,324.0,214.0,26.3,0.52,0.08,53.9,35.33,2.99,226.0,0.2,9.438
74.68,CARRY,34.92,2.99,-9.58,37.85,-0.01,1,0,323.5,214.5,25.7,0.51,0.07,55.1,35.35,2.99,225.2,0.6,9.312
74.73,CARRY,34.97,2.99,-9.59,37.88,-0.01,1,0,323.5,216.0,24.3,0.48,0.07,55.5,35.38,2.99,225.6,0.3,9.312
74.79,CARRY,34.97,2.99,-9.59,37.91,-0.01,1,0,323.5,214.0,26.2,0.52,0.07,55.4,35.41,2.99,225.1,0.8,9.312
74.85,CARRY,35.02,2.99,-9.59,37.94,-0.01,1,0,323.5,215.5,24.7,0.49,0.07,55.5,35.44,2.99,225.5,0.5,9.312
74.9,CARRY,35.02,2.99,-9.59,37.97,-0.01,1,0,323.5,214.0,26.2,0.52,0.07,56.0,35.47,2.99,225.4,0.4,9.438
74.96,CARRY,35.07,2.99,-9.59,37.99,-0.01,1,0,323.5,215.0,25.2,0.5,0.07,55.8,35.49,2.99,225.3,0.6,9.25
