{
  "backend": "hf",
  "n": 439,
  "parse_rate": 0.9726651480637813,
  "iou_gate_pass_rate": 0.25968109339407747,
  "mean_iou": 0.2356951004212689,
  "center_std": 229.63677350625795
}
