{
  "phase": "terse-RQ1",
  "host": "Orin Nano 8GB (15 W, clocks locked)",
  "max_side": 512,
  "n_reps": 8,
  "model": "/home/jfdg/grounding/phase3-terse100eos-1024-q8_0.gguf",
  "wall_ms": {
    "n": 8,
    "mean": 2113.513883245105,
    "median": 2113.5552279956755,
    "p99": 2114.1081289970316,
    "min": 2112.59641200013,
    "max": 2114.1081289970316
  },
  "prefill_ms_prompt": {
    "n": 8,
    "mean": 1104.66375,
    "median": 1104.5884999999998,
    "p99": 1105.273,
    "min": 1104.25,
    "max": 1105.273
  },
  "decode_ms_predicted": {
    "n": 8,
    "mean": 962.64325,
    "median": 962.5930000000001,
    "p99": 963.088,
    "min": 962.422,
    "max": 963.088
  },
  "predicted_n": {
    "n": 8,
    "mean": 21.0,
    "median": 21.0,
    "p99": 21.0,
    "min": 21.0,
    "max": 21.0
  },
  "prompt_n": {
    "n": 8,
    "mean": 308.0,
    "median": 308.0,
    "p99": 308.0,
    "min": 308.0,
    "max": 308.0
  },
  "decode_tok_per_s": 21.816073875459306,
  "parse_rate": 1.0,
  "sample_outputs": [
    "(339, 739, 434, 810)",
    "(339, 739, 434, 810)",
    "(339, 739, 434, 810)",
    "(339, 739, 434, 810)"
  ]
}