{
  "backend": "hf",
  "n": 439,
  "parse_rate": 0.9977220956719818,
  "iou_gate_pass_rate": 0.835990888382688,
  "mean_iou": 0.6249020789742519,
  "center_std": 228.69713823868307
}
