t_s,state,copter_n,copter_e,copter_d,rover_n,rover_e,in_fov,occluded,bbox_cx,bbox_cy,px_err,vx_cmd,vy_cmd,loop_ms,dist_n,dist_e,d_true_px,d_dist_px,carry_score
0.0,ACQUIRE,0.01,-0.01,-8.81,0.51,-0.01,1,0,,,,0.0,0.0,4.8,13.26,-0.01,,,
0.05,ACQUIRE,0.01,-0.01,-8.92,0.53,-0.01,1,0,,,,0.0,0.0,1.5,13.26,-0.01,,,
0.1,ACQUIRE,0.01,-0.01,-8.92,0.54,-0.01,1,0,,,,0.0,0.0,0.7,13.26,-0.01,,,
0.15,ACQUIRE,0.01,-0.01,-9.03,0.55,-0.01,1,0,,,,0.0,0.0,1.4,13.26,-0.01,,,
0.2,ACQUIRE,0.01,-0.01,-9.03,0.56,-0.01,1,0,,,,0.0,0.0,0.9,13.26,-0.01,,,
0.25,ACQUIRE,0.01,-0.01,-9.13,0.58,-0.01,1,0,,,,0.0,0.0,1.6,13.26,-0.01,,,
0.3,ACQUIRE,0.01,-0.01,-9.13,0.59,-0.01,1,0,,,,0.0,0.0,0.9,13.26,-0.01,,,
0.35,ACQUIRE,0.01,-0.01,-9.22,0.6,-0.01,1,0,,,,0.65,0.1,2.6,13.26,-0.01,,,
0.4,ACQUIRE,0.01,-0.01,-9.22,0.61,-0.01,1,0,,,,0.66,0.08,1.8,13.26,-0.01,,,
0.45,ACQUIRE,0.01,-0.01,-9.3,0.63,-0.01,1,0,,,,0.66,0.07,2.4,13.26,-0.01,,,
0.5,ACQUIRE,0.01,-0.01,-9.3,0.64,-0.01,1,0,,,,0.67,0.07,1.9,13.26,-0.01,,,
0.55,ACQUIRE,0.01,-0.01,-9.38,0.65,-0.01,1,0,,,,0.67,0.08,2.6,13.26,-0.01,,,
0.6,ACQUIRE,0.01,-0.01,-9.38,0.66,-0.01,1,0,,,,0.68,0.08,1.9,13.26,-0.01,,,
0.65,ACQUIRE,0.01,-0.01,-9.44,0.68,-0.01,1,0,,,,0.67,0.07,2.6,13.26,-0.01,,,
0.7,ACQUIRE,0.01,-0.01,-9.44,0.69,-0.01,1,0,,,,0.68,0.08,1.9,13.26,-0.01,,,
0.75,ACQUIRE,0.02,-0.01,-9.49,0.7,-0.01,1,0,,,,0.67,0.07,2.5,13.26,-0.01,,,
0.8,ACQUIRE,0.02,-0.01,-9.49,0.71,-0.01,1,0,,,,0.68,0.07,1.9,13.26,-0.01,,,
0.85,ACQUIRE,0.05,-0.01,-9.53,0.73,-0.01,1,0,,,,0.73,0.05,2.5,13.26,-0.01,,,
0.9,ACQUIRE,0.05,-0.01,-9.53,0.74,-0.01,1,0,,,,0.74,0.08,1.8,13.26,-0.01,,,
0.95,ACQUIRE,0.08,-0.01,-9.56,0.75,-0.01,1,0,,,,0.71,0.08,2.5,13.26,-0.01,,,
1.0,ACQUIRE,0.08,-0.01,-9.56,0.76,-0.01,1,0,,,,0.72,0.09,1.9,13.26,-0.01,,,
1.05,ACQUIRE,0.11,-0.01,-9.58,0.78,-0.01,1,0,,,,0.68,0.08,2.4,13.26,-0.01,,,
1.1,ACQUIRE,0.11,-0.01,-9.58,0.79,-0.01,1,0,,,,0.69,0.08,1.9,13.26,-0.01,,,
1.15,ACQUIRE,0.16,-0.01,-9.59,0.8,-0.01,1,0,,,,0.64,0.07,2.4,13.26,-0.01,,,
1.2,ACQUIRE,0.16,-0.01,-9.59,0.81,-0.01,1,0,,,,0.64,0.07,1.9,13.26,-0.01,,,
1.25,ACQUIRE,0.21,-0.01,-9.59,0.83,-0.01,1,0,,,,0.6,0.07,2.5,13.26,-0.01,,,
1.3,ACQUIRE,0.21,-0.01,-9.59,0.84,-0.01,1,0,,,,0.61,0.07,1.9,13.26,-0.01,,,
1.35,ACQUIRE,0.26,-0.01,-9.59,0.85,-0.01,1,0,,,,0.62,0.07,2.6,13.26,-0.01,,,
1.4,ACQUIRE,0.26,-0.01,-9.59,0.86,-0.01,1,0,,,,0.62,0.07,1.9,13.26,-0.01,,,
1.45,ACQUIRE,0.32,-0.01,-9.58,0.88,-0.01,1,0,,,,0.57,0.07,2.6,13.26,-0.01,,,
1.5,ACQUIRE,0.32,-0.01,-9.58,0.89,-0.01,1,0,,,,0.58,0.07,1.9,13.26,-0.01,,,
1.55,ACQUIRE,0.38,-0.01,-9.57,0.9,-0.01,1,0,,,,0.51,0.07,2.5,13.26,-0.01,,,
1.6,ACQUIRE,0.38,-0.01,-9.57,0.91,-0.01,1,0,,,,0.52,0.07,1.8,13.26,-0.01,,,
1.65,ACQUIRE,0.44,-0.02,-9.57,0.93,-0.01,1,0,,,,0.46,0.05,2.5,13.26,-0.01,,,
1.7,ACQUIRE,0.44,-0.02,-9.57,0.94,-0.01,1,0,,,,0.47,0.06,1.8,13.26,-0.01,,,
1.75,ACQUIRE,0.5,-0.02,-9.56,0.95,-0.01,1,0,,,,0.41,0.05,2.4,13.26,-0.01,,,
1.8,ACQUIRE,0.5,-0.02,-9.56,0.96,-0.01,1,0,,,,0.42,0.05,1.8,13.26,-0.01,,,
1.85,ACQUIRE,0.56,-0.02,-9.55,0.98,-0.01,1,0,,,,0.06,-0.06,2.4,13.26,-0.01,,,
1.9,ACQUIRE,0.56,-0.02,-9.55,0.99,-0.01,1,0,,,,0.43,0.06,1.8,13.26,-0.01,,,
1.95,ACQUIRE,0.61,-0.02,-9.55,1.0,-0.01,1,0,,,,0.38,0.06,2.6,13.26,-0.01,,,
2.0,ACQUIRE,0.61,-0.02,-9.55,1.01,-0.01,1,0,,,,0.38,0.06,2.0,13.26,-0.01,,,
2.05,ACQUIRE,0.67,-0.02,-9.54,1.03,-0.01,1,0,,,,0.33,0.04,2.4,13.26,-0.01,,,
2.1,ACQUIRE,0.67,-0.02,-9.54,1.04,-0.01,1,0,,,,0.34,0.04,1.8,13.26,-0.01,,,
2.15,ACQUIRE,0.72,-0.02,-9.54,1.05,-0.01,1,0,,,,0.29,0.04,2.6,13.26,-0.01,,,
2.2,ACQUIRE,0.72,-0.02,-9.54,1.07,-0.01,1,0,,,,0.29,0.04,1.8,13.26,-0.01,,,
2.25,ACQUIRE,0.77,-0.02,-9.54,1.08,-0.01,1,0,,,,0.25,0.03,2.6,13.26,-0.01,,,
2.3,ACQUIRE,0.77,-0.02,-9.54,1.09,-0.01,1,0,,,,0.26,0.03,1.8,13.26,-0.01,,,
2.35,ACQUIRE,0.81,-0.02,-9.54,1.1,-0.01,1,0,,,,0.28,0.03,2.4,13.26,-0.01,,,
2.4,ACQUIRE,0.81,-0.02,-9.54,1.12,-0.01,1,0,,,,0.29,0.03,5.0,13.26,-0.01,,,
2.45,ACQUIRE,0.86,-0.02,-9.54,1.13,-0.01,1,0,,,,0.24,0.03,2.5,13.26,-0.01,,,
2.5,ACQUIRE,0.86,-0.02,-9.54,1.14,-0.01,1,0,,,,0.25,0.03,1.9,13.26,-0.01,,,
2.55,ACQUIRE,0.9,-0.02,-9.54,1.15,-0.01,1,0,,,,0.21,0.02,2.5,13.26,-0.01,,,
2.6,ACQUIRE,0.9,-0.02,-9.54,1.17,-0.01,1,0,,,,0.22,0.02,1.8,13.26,-0.01,,,
2.65,ACQUIRE,0.93,-0.02,-9.54,1.18,-0.01,1,0,,,,0.18,0.02,2.4,13.26,-0.01,,,
2.7,ACQUIRE,0.93,-0.02,-9.54,1.19,-0.01,1,0,,,,0.19,0.02,1.9,13.26,-0.01,,,
2.75,ACQUIRE,0.97,-0.02,-9.54,1.2,-0.01,1,0,,,,0.16,0.02,2.6,13.26,-0.01,,,
2.8,ACQUIRE,0.97,-0.02,-9.54,1.22,-0.01,1,0,,,,0.17,0.02,1.9,13.26,-0.01,,,
2.85,ACQUIRE,1.0,-0.02,-9.54,1.23,-0.01,1,0,,,,0.2,0.03,2.6,13.26,-0.01,,,
2.9,ACQUIRE,1.0,-0.02,-9.54,1.24,-0.01,1,0,,,,0.21,0.03,1.9,13.26,-0.01,,,
2.95,ACQUIRE,1.03,-0.02,-9.54,1.25,-0.01,1,0,,,,0.19,0.04,2.7,13.26,-0.01,,,
3.0,ACQUIRE,1.03,-0.02,-9.54,1.27,-0.01,1,0,,,,0.2,0.04,1.9,13.26,-0.01,,,
3.05,ACQUIRE,1.06,-0.02,-9.55,1.28,-0.01,1,0,,,,0.17,0.03,2.2,13.26,-0.01,,,
3.1,ACQUIRE,1.06,-0.02,-9.55,1.29,-0.01,1,0,,,,0.18,0.03,1.8,13.26,-0.01,,,
3.15,ACQUIRE,1.09,-0.02,-9.55,1.3,-0.01,1,0,,,,0.15,0.03,2.5,13.26,-0.01,,,
3.2,ACQUIRE,1.09,-0.02,-9.55,1.32,-0.01,1,0,,,,0.15,0.03,1.9,13.26,-0.01,,,
3.25,ACQUIRE,1.11,-0.02,-9.55,1.33,-0.01,1,0,,,,0.13,0.03,2.4,13.26,-0.01,,,
3.3,ACQUIRE,1.11,-0.02,-9.55,1.34,-0.01,1,0,,,,0.13,0.03,1.9,13.26,-0.01,,,
3.35,ACQUIRE,1.14,-0.02,-9.55,1.35,-0.01,1,0,,,,0.19,0.03,2.4,13.26,-0.01,,,
3.41,ACQUIRE,1.14,-0.02,-9.55,1.37,-0.01,1,0,,,,0.19,0.03,1.9,13.26,-0.01,,,
3.46,ACQUIRE,1.16,-0.02,-9.55,1.38,-0.01,1,0,,,,0.18,0.03,2.6,13.26,-0.01,,,
3.51,ACQUIRE,1.16,-0.02,-9.55,1.39,-0.01,1,0,,,,0.19,0.03,1.9,13.26,-0.01,,,
3.56,ACQUIRE,1.18,-0.03,-9.55,1.4,-0.01,1,0,,,,0.17,0.02,2.5,13.26,-0.01,,,
3.61,ACQUIRE,1.18,-0.03,-9.55,1.42,-0.01,1,0,,,,0.18,0.02,1.9,13.26,-0.01,,,
3.66,ACQUIRE,1.2,-0.03,-9.56,1.43,-0.01,1,0,,,,0.16,0.03,2.5,13.26,-0.01,,,
3.71,ACQUIRE,1.2,-0.03,-9.56,1.44,-0.01,1,0,,,,0.17,0.03,1.8,13.26,-0.01,,,
3.76,ACQUIRE,1.22,-0.03,-9.56,1.45,-0.01,1,0,,,,0.16,0.03,2.4,13.26,-0.01,,,
3.81,ACQUIRE,1.22,-0.03,-9.56,1.47,-0.01,1,0,,,,0.16,0.03,1.8,13.26,-0.01,,,
3.86,ACQUIRE,1.24,-0.03,-9.56,1.48,-0.01,1,0,,,,0.21,0.04,2.4,13.26,-0.01,,,
3.91,ACQUIRE,1.24,-0.03,-9.56,1.49,-0.01,1,0,,,,0.22,0.04,2.0,13.26,-0.01,,,
3.96,ACQUIRE,1.26,-0.03,-9.56,1.5,-0.01,1,0,,,,0.2,0.04,2.4,13.26,-0.01,,,
4.01,ACQUIRE,1.26,-0.03,-9.56,1.52,-0.01,1,0,,,,0.21,0.04,1.9,13.26,-0.01,,,
4.06,ACQUIRE,1.28,-0.03,-9.56,1.53,-0.01,1,0,,,,0.19,0.04,2.4,13.26,-0.01,,,
4.11,ACQUIRE,1.28,-0.03,-9.56,1.54,-0.01,1,0,,,,0.2,0.04,1.9,13.26,-0.01,,,
4.16,ACQUIRE,1.3,-0.03,-9.56,1.55,-0.01,1,0,,,,0.2,0.04,2.6,13.26,-0.01,,,
4.21,ACQUIRE,1.3,-0.03,-9.56,1.57,-0.01,1,0,,,,0.2,0.04,1.9,13.26,-0.01,,,
4.26,ACQUIRE,1.32,-0.03,-9.56,1.58,-0.01,1,0,,,,0.19,0.04,2.6,13.26,-0.01,,,
4.31,ACQUIRE,1.32,-0.03,-9.56,1.59,-0.01,1,0,,,,0.2,0.04,1.9,13.26,-0.01,,,
4.36,ACQUIRE,1.34,-0.03,-9.56,1.6,-0.01,1,0,,,,0.24,0.03,2.6,13.26,-0.01,,,
4.41,ACQUIRE,1.34,-0.03,-9.56,1.62,-0.01,1,0,,,,0.25,0.03,1.8,13.26,-0.01,,,
4.46,ACQUIRE,1.36,-0.03,-9.57,1.63,-0.01,1,0,,,,0.23,0.03,2.5,13.26,-0.01,,,
4.51,ACQUIRE,1.36,-0.03,-9.57,1.64,-0.01,1,0,,,,0.24,0.03,1.9,13.26,-0.01,,,
4.56,ACQUIRE,1.38,-0.03,-9.57,1.65,-0.01,1,0,,,,0.23,0.04,2.5,13.26,-0.01,,,
4.61,ACQUIRE,1.38,-0.03,-9.57,1.67,-0.01,1,0,,,,0.23,0.04,1.9,13.26,-0.01,,,
4.66,ACQUIRE,1.4,-0.03,-9.57,1.68,-0.01,1,0,,,,0.22,0.04,2.4,13.26,-0.01,,,
4.71,CARRY,1.4,-0.03,-9.57,1.69,-0.01,1,0,,,,-0.671,0.037,598.7,13.26,-0.01,,,
5.31,CARRY,1.54,-0.02,-9.57,1.84,-0.01,1,0,322.5,223.0,17.2,0.34,0.05,55.6,13.26,-0.01,0.4,661.9,3.25
5.36,CARRY,1.56,-0.02,-9.57,1.85,-0.01,1,0,322.5,224.0,16.2,0.32,0.05,48.6,13.26,-0.01,0.8,661.6,3.484
5.41,CARRY,1.56,-0.02,-9.57,1.87,-0.01,1,0,322.0,223.0,17.1,0.34,0.04,54.6,13.26,-0.01,0.9,660.6,3.656
5.47,CARRY,1.58,-0.02,-9.57,1.88,-0.01,1,0,322.5,223.5,16.7,0.33,0.05,49.5,13.26,-0.01,0.6,659.8,3.672
5.52,CARRY,1.58,-0.02,-9.57,1.89,-0.01,1,0,322.5,223.0,17.2,0.34,0.05,54.7,13.26,-0.01,0.8,659.3,3.75
5.57,CARRY,1.6,-0.02,-9.57,1.91,-0.01,1,0,322.5,223.0,17.2,0.34,0.05,49.3,13.26,-0.01,0.4,658.0,3.812
5.63,CARRY,1.6,-0.02,-9.57,1.92,-0.01,1,0,322.5,222.5,17.7,0.35,0.05,55.9,13.26,-0.01,0.6,657.5,3.875
5.68,CARRY,1.63,-0.02,-9.57,1.93,-0.01,1,0,322.5,223.0,17.2,0.34,0.05,49.6,13.26,-0.01,0.7,656.7,3.938
5.73,CARRY,1.63,-0.02,-9.57,1.95,-0.01,1,0,322.5,222.0,18.2,0.36,0.05,54.6,13.26,-0.01,0.4,655.7,3.922
5.79,CARRY,1.65,-0.02,-9.57,1.96,-0.01,1,0,322.5,223.0,17.2,0.34,0.05,49.5,13.26,-0.01,0.9,655.3,3.922
5.84,CARRY,1.68,-0.02,-9.57,1.97,-0.01,1,0,322.5,223.5,16.7,0.33,0.05,55.1,13.26,-0.01,0.7,654.3,4.094
5.89,CARRY,1.68,-0.02,-9.57,1.99,-0.01,1,0,322.5,222.5,17.7,0.35,0.05,47.7,13.26,-0.01,0.4,653.3,4.469
5.94,CARRY,1.7,-0.02,-9.57,2.0,-0.01,1,0,322.5,223.5,16.7,0.33,0.05,55.3,13.26,-0.01,0.6,652.7,5.312
6.0,CARRY,1.7,-0.02,-9.57,2.01,-0.01,1,0,322.5,222.5,17.7,0.35,0.05,48.9,13.26,-0.01,0.4,651.7,5.781
6.05,CARRY,1.73,-0.01,-9.57,2.03,-0.01,1,0,322.5,223.5,16.7,0.33,0.05,54.4,13.26,-0.01,0.6,651.0,5.812
6.11,CARRY,1.73,-0.01,-9.57,2.04,-0.01,1,0,322.5,223.0,17.2,0.34,0.05,49.6,13.26,-0.01,0.8,650.5,5.844
6.16,CARRY,1.76,-0.01,-9.57,2.05,-0.01,1,0,322.5,224.0,16.2,0.32,0.05,55.0,13.26,-0.01,0.8,649.7,5.812
6.21,CARRY,1.76,-0.01,-9.57,2.07,-0.01,1,0,322.5,223.0,17.2,0.34,0.05,48.5,13.26,-0.01,0.6,648.8,5.875
6.26,CARRY,1.79,-0.01,-9.57,2.08,-0.01,1,0,322.0,224.0,16.1,0.32,0.04,54.9,13.26,-0.01,0.5,648.0,5.906
6.32,CARRY,1.79,-0.01,-9.57,2.09,-0.01,1,0,322.5,223.0,17.2,0.34,0.05,48.1,13.26,-0.01,0.5,647.0,5.906
6.37,CARRY,1.82,-0.01,-9.57,2.11,-0.01,1,0,321.5,224.0,16.1,0.32,0.03,54.3,13.26,-0.01,0.5,646.2,5.875
6.42,CARRY,1.82,-0.01,-9.57,2.12,-0.01,1,0,322.5,223.5,16.7,0.33,0.05,48.6,13.26,-0.01,0.7,645.6,5.875
6.47,CARRY,1.86,-0.01,-9.57,2.13,-0.01,1,0,321.5,225.0,15.1,0.3,0.03,54.5,13.26,-0.01,1.0,645.4,5.875
6.53,CARRY,1.86,-0.01,-9.57,2.15,-0.01,1,0,321.5,225.0,15.1,0.3,0.03,47.9,13.26,-0.01,1.8,645.4,5.969
6.58,CARRY,1.89,-0.01,-9.57,2.16,-0.01,1,0,321.5,225.5,14.6,0.29,0.03,54.6,13.26,-0.01,1.2,644.0,6.0
6.64,CARRY,1.89,-0.01,-9.57,2.17,-0.01,1,0,321.5,225.0,15.1,0.3,0.03,48.0,13.26,-0.01,1.5,643.5,5.969
6.69,CARRY,1.92,-0.01,-9.58,2.19,-0.01,1,0,321.5,225.0,15.1,0.3,0.03,54.4,13.26,-0.01,0.4,641.6,5.969
6.74,CARRY,1.92,-0.01,-9.58,2.2,-0.01,1,0,321.5,224.5,15.6,0.31,0.03,47.9,13.26,-0.01,0.7,641.1,5.906
6.79,CARRY,1.95,-0.01,-9.58,2.21,-0.01,1,0,321.5,225.5,14.6,0.29,0.03,54.8,13.26,-0.01,0.5,640.2,5.906
6.85,CARRY,1.98,-0.01,-9.58,2.23,-0.01,1,0,321.5,229.0,11.1,0.22,0.03,49.6,13.26,-0.01,3.0,641.9,5.938
6.9,CARRY,1.98,-0.01,-9.58,2.24,-0.01,1,0,321.5,226.0,14.1,0.28,0.03,54.4,13.26,-0.01,0.7,638.9,5.906
6.95,CARRY,2.01,-0.01,-9.58,2.25,-0.01,1,0,321.5,227.0,13.1,0.26,0.03,49.3,13.26,-0.01,0.7,638.0,5.906
7.0,CARRY,2.01,-0.01,-9.58,2.26,-0.01,1,0,321.5,226.0,14.1,0.28,0.03,53.9,13.26,-0.01,0.4,637.0,5.875
7.06,CARRY,2.04,-0.01,-9.58,2.28,-0.01,1,0,321.5,227.0,13.1,0.26,0.03,48.8,13.26,-0.01,0.5,636.3,5.906
7.11,CARRY,2.04,-0.01,-9.58,2.29,-0.01,1,0,321.5,226.0,14.1,0.28,0.03,54.0,13.26,-0.01,0.2,635.3,5.844
7.16,CARRY,2.07,-0.01,-9.58,2.3,-0.01,1,0,321.5,227.0,13.1,0.26,0.03,50.0,13.26,-0.01,0.4,634.5,5.844
7.21,CARRY,2.07,-0.01,-9.58,2.32,-0.01,1,0,321.5,226.5,13.6,0.27,0.03,54.4,13.26,-0.01,0.5,634.0,5.844
7.27,CARRY,2.1,-0.01,-9.58,2.33,-0.01,1,0,321.5,227.0,13.1,0.26,0.03,48.9,13.26,-0.01,0.3,632.8,5.875
7.32,CARRY,2.1,-0.01,-9.58,2.34,-0.01,1,0,321.5,227.0,13.1,0.26,0.03,54.2,13.26,-0.01,0.9,632.8,5.875
7.37,CARRY,2.13,-0.01,-9.58,2.36,-0.01,1,0,321.5,227.5,12.6,0.25,0.03,48.9,13.26,-0.01,0.6,631.6,5.906
7.42,CARRY,2.13,-0.01,-9.58,2.37,-0.01,1,0,321.5,227.0,13.1,0.26,0.03,55.1,13.26,-0.01,0.7,631.1,5.938
7.48,CARRY,2.16,-0.01,-9.58,2.38,-0.01,1,0,321.5,228.0,12.1,0.24,0.03,49.1,13.26,-0.01,0.9,630.5,5.844
7.53,CARRY,2.16,-0.01,-9.58,2.4,-0.01,1,0,321.5,227.0,13.1,0.26,0.03,54.3,13.26,-0.01,0.6,629.5,5.906
7.59,CARRY,2.19,-0.01,-9.58,2.41,-0.01,1,0,321.5,228.0,12.1,0.24,0.03,49.3,13.26,-0.01,0.8,628.8,5.938
7.64,CARRY,2.19,-0.01,-9.58,2.42,-0.01,1,0,321.5,227.0,13.1,0.26,0.03,54.3,13.26,-0.01,0.6,627.8,6.0
7.69,CARRY,2.22,-0.0,-9.58,2.44,-0.01,1,0,321.5,228.0,12.1,0.24,0.03,49.0,13.26,-0.01,0.8,627.2,6.031
7.74,CARRY,2.24,-0.01,-9.58,2.45,-0.01,1,0,321.0,229.0,11.0,0.22,0.02,55.0,13.26,-0.01,0.9,626.7,5.969
7.8,CARRY,2.24,-0.01,-9.58,2.46,-0.01,1,0,321.5,228.0,12.1,0.24,0.03,49.1,13.26,-0.01,0.8,625.6,6.0
7.85,CARRY,2.27,-0.0,-9.58,2.48,-0.01,1,0,321.0,229.0,11.0,0.22,0.02,55.1,13.26,-0.01,0.9,625.1,5.969
7.9,CARRY,2.27,-0.0,-9.58,2.49,-0.01,1,0,321.5,228.0,12.1,0.24,0.03,48.8,13.26,-0.01,0.8,624.1,6.062
7.95,CARRY,2.3,-0.01,-9.58,2.5,-0.01,1,0,321.0,229.0,11.0,0.22,0.02,55.0,13.26,-0.01,0.9,623.6,6.062
8.01,CARRY,2.3,-0.01,-9.58,2.52,-0.01,1,0,321.5,228.0,12.1,0.24,0.03,48.2,13.26,-0.01,0.8,622.5,6.125
8.06,CARRY,2.32,-0.0,-9.58,2.53,-0.01,1,0,321.0,228.5,11.5,0.23,0.02,55.6,13.26,-0.01,0.4,621.6,6.156
8.12,CARRY,2.32,-0.0,-9.58,2.54,-0.01,1,0,321.5,228.0,12.1,0.24,0.03,48.5,13.26,-0.01,0.8,621.1,6.25
8.17,CARRY,2.35,-0.01,-9.58,2.56,-0.01,1,0,321.5,228.5,11.6,0.23,0.03,55.5,13.26,-0.01,0.7,620.1,6.188
8.22,CARRY,2.35,-0.01,-9.58,2.57,-0.01,1,0,321.5,228.0,12.1,0.24,0.03,48.9,13.26,-0.01,0.9,619.6,6.312
8.27,CARRY,2.37,-0.01,-9.58,2.58,-0.01,1,0,321.5,228.0,12.1,0.24,0.03,54.7,13.26,-0.01,0.5,618.2,6.312
8.33,CARRY,2.37,-0.01,-9.58,2.6,-0.01,1,0,321.5,227.5,12.6,0.25,0.03,49.1,13.26,-0.01,0.6,617.7,6.469
8.38,CARRY,2.4,-0.01,-9.58,2.61,-0.01,1,0,321.5,228.0,12.1,0.24,0.03,55.7,13.26,-0.01,0.5,616.7,6.438
8.44,CARRY,2.4,-0.01,-9.58,2.62,-0.01,1,0,321.5,227.5,12.6,0.25,0.03,48.7,13.26,-0.01,0.6,616.2,6.531
8.49,CARRY,2.42,-0.01,-9.58,2.64,-0.01,1,0,321.5,228.0,12.1,0.24,0.03,55.0,13.26,-0.01,0.6,615.4,6.594
8.54,CARRY,2.44,-0.01,-9.58,2.65,-0.01,1,0,321.5,229.0,11.1,0.22,0.03,49.3,13.26,-0.01,0.9,614.9,6.562
8.59,CARRY,2.44,-0.01,-9.58,2.66,-0.01,1,0,321.5,228.0,12.1,0.24,0.03,54.4,13.26,-0.01,0.6,613.9,6.625
8.65,CARRY,2.47,-0.01,-9.58,2.68,-0.01,1,0,321.5,228.5,11.6,0.23,0.03,49.9,13.26,-0.01,0.6,613.0,6.469
8.7,CARRY,2.47,-0.01,-9.58,2.69,-0.01,1,0,321.5,228.0,12.1,0.24,0.03,54.3,13.26,-0.01,0.8,612.5,6.531
8.75,CARRY,2.49,-0.01,-9.58,2.7,-0.01,1,0,321.5,228.5,11.6,0.23,0.03,48.8,13.26,-0.01,0.7,611.6,6.438
8.8,CARRY,2.49,-0.01,-9.58,2.71,-0.01,1,0,321.5,228.0,12.1,0.24,0.03,53.7,13.26,-0.01,0.8,611.1,6.5
8.86,CARRY,2.52,-0.01,-9.58,2.73,-0.01,1,0,321.5,228.0,12.1,0.24,0.03,49.3,13.26,-0.01,0.4,609.7,6.438
8.91,CARRY,2.52,-0.01,-9.58,2.74,-0.01,1,0,321.5,228.0,12.1,0.24,0.03,53.9,13.26,-0.01,0.9,609.7,6.531
8.96,CARRY,2.54,-0.01,-9.58,2.75,-0.01,1,0,321.5,228.0,12.1,0.24,0.03,49.9,13.26,-0.01,0.5,608.3,6.438
9.01,CARRY,2.54,-0.01,-9.58,2.77,-0.01,1,0,321.5,227.5,12.6,0.25,0.03,54.7,13.26,-0.01,0.6,607.8,6.531
9.07,CARRY,2.57,-0.01,-9.58,2.78,-0.01,1,0,321.5,228.0,12.1,0.24,0.03,50.4,13.26,-0.01,0.6,606.9,6.531
9.12,CARRY,2.57,-0.01,-9.58,2.79,-0.01,1,0,321.5,227.0,13.1,0.26,0.03,54.1,13.26,-0.01,0.3,605.9,6.594
9.18,CARRY,2.59,-0.01,-9.58,2.81,-0.01,1,0,321.5,228.0,12.1,0.24,0.03,49.6,13.26,-0.01,0.7,605.5,6.625
9.23,CARRY,2.59,-0.01,-9.58,2.82,-0.01,1,0,321.5,227.0,13.1,0.26,0.03,54.7,13.26,-0.01,0.4,604.5,6.656
9.28,CARRY,2.61,-0.01,-9.58,2.83,-0.01,1,0,321.5,228.0,12.1,0.24,0.03,49.8,13.26,-0.01,0.8,604.2,6.594
9.33,CARRY,2.61,-0.01,-9.58,2.85,-0.01,1,0,321.5,227.0,13.1,0.26,0.03,54.3,13.26,-0.01,0.5,603.2,6.719
9.39,CARRY,2.64,-0.01,-9.58,2.86,-0.01,1,0,321.5,228.0,12.1,0.24,0.03,49.3,13.26,-0.01,0.9,602.7,6.688
9.44,CARRY,2.64,-0.01,-9.58,2.87,-0.01,1,0,321.5,227.0,13.1,0.26,0.03,54.2,13.26,-0.01,0.6,601.7,6.75
9.49,CARRY,2.66,-0.01,-9.58,2.89,-0.01,1,0,321.5,227.5,12.6,0.25,0.03,49.0,13.26,-0.01,0.5,600.8,6.719
9.54,CARRY,2.69,-0.01,-9.58,2.9,-0.01,1,0,321.5,228.0,12.1,0.24,0.03,55.1,13.26,-0.01,0.5,599.9,6.531
9.6,CARRY,2.69,-0.01,-9.58,2.91,-0.01,1,0,321.5,227.5,12.6,0.25,0.03,48.7,13.26,-0.01,0.6,599.4,6.531
9.65,CARRY,2.71,-0.01,-9.58,2.93,-0.01,1,0,321.5,228.0,12.1,0.24,0.03,54.9,13.26,-0.01,0.5,598.4,6.375
9.71,CARRY,2.71,-0.01,-9.58,2.94,-0.01,1,0,321.5,227.0,13.1,0.26,0.03,48.8,13.26,-0.01,0.3,597.4,6.406
9.76,CARRY,2.74,-0.01,-9.58,2.95,-0.01,1,0,321.5,228.0,12.1,0.24,0.03,55.2,13.26,-0.01,0.6,597.0,6.469
9.81,CARRY,2.74,-0.01,-9.58,2.97,-0.01,1,0,321.5,227.0,13.1,0.26,0.03,48.7,13.26,-0.01,0.4,596.0,6.531
9.86,CARRY,2.76,-0.01,-9.58,2.98,-0.01,1,0,321.5,228.0,12.1,0.24,0.03,55.1,13.26,-0.01,0.7,595.5,6.531
9.92,CARRY,2.76,-0.01,-9.58,2.99,-0.01,1,0,321.5,227.0,13.1,0.26,0.03,48.6,13.26,-0.01,0.5,594.5,6.531
9.97,CARRY,2.79,-0.01,-9.58,3.01,-0.01,1,0,321.5,228.0,12.1,0.24,0.03,55.0,13.26,-0.01,0.7,594.1,6.531
10.02,CARRY,2.79,-0.01,-9.58,3.02,-0.01,1,0,321.5,227.0,13.1,0.26,0.03,49.1,13.26,-0.01,0.5,593.1,6.625
10.07,CARRY,2.81,-0.0,-9.58,3.03,-0.01,1,0,321.5,228.0,12.1,0.24,0.03,55.6,13.26,-0.01,0.8,592.6,6.531
10.13,CARRY,2.81,-0.0,-9.58,3.05,-0.01,1,0,321.5,227.0,13.1,0.26,0.03,49.1,13.26,-0.01,0.6,591.6,6.531
10.18,CARRY,2.84,-0.0,-9.58,3.06,-0.01,1,0,321.5,228.0,12.1,0.24,0.03,54.9,13.26,-0.01,0.9,591.1,6.469
10.24,CARRY,2.84,-0.0,-9.58,3.07,-0.01,1,0,321.5,227.0,13.1,0.26,0.03,48.5,13.26,-0.01,0.7,590.2,6.562
10.29,CARRY,2.86,-0.0,-9.58,3.09,-0.01,1,0,321.5,227.5,12.6,0.25,0.03,54.1,13.26,-0.01,0.6,589.2,6.531
10.34,CARRY,2.89,-0.0,-9.58,3.1,-0.01,1,0,321.5,228.0,12.1,0.24,0.03,48.7,13.26,-0.01,0.6,588.3,6.406
10.39,CARRY,2.89,-0.0,-9.58,3.11,-0.01,1,0,321.5,227.5,12.6,0.25,0.03,48.3,13.26,-0.01,0.7,587.8,6.469
10.44,CARRY,2.91,-0.0,-9.58,3.12,-0.01,1,0,321.5,228.0,12.1,0.24,0.03,49.7,13.26,-0.01,0.6,586.9,6.406
10.49,CARRY,2.91,-0.0,-9.58,3.14,-0.01,1,0,321.5,227.5,12.6,0.25,0.03,48.1,13.26,-0.01,0.7,586.4,6.469
10.54,CARRY,2.94,-0.0,-9.58,3.15,-0.01,1,0,321.5,228.0,12.1,0.24,0.03,49.6,13.26,-0.01,0.6,585.4,6.406
10.59,CARRY,2.94,-0.0,-9.58,3.16,-0.01,1,0,321.5,227.5,12.6,0.25,0.03,48.6,13.26,-0.01,0.7,584.9,6.469
10.64,CARRY,2.96,-0.0,-9.58,3.18,-0.01,1,0,321.0,228.0,12.0,0.24,0.02,49.6,13.26,-0.01,0.4,584.0,6.344
10.69,CARRY,2.96,-0.0,-9.58,3.19,-0.01,1,0,321.5,227.0,13.1,0.26,0.03,48.5,13.26,-0.01,0.4,583.0,6.375
10.74,CARRY,2.99,-0.0,-9.58,3.2,-0.01,1,0,321.0,228.0,12.0,0.24,0.02,49.7,13.26,-0.01,0.4,582.6,6.375
10.79,CARRY,2.99,-0.0,-9.58,3.21,-0.01,1,0,321.5,227.0,13.1,0.26,0.03,48.4,13.26,-0.01,0.4,581.5,6.406
10.84,CARRY,3.01,-0.0,-9.58,3.23,-0.01,1,0,321.0,228.0,12.0,0.24,0.02,49.8,13.26,-0.01,0.4,581.2,6.406
10.9,CARRY,3.01,-0.0,-9.58,3.24,-0.01,1,0,321.5,227.0,13.1,0.26,0.03,48.6,13.26,-0.01,0.4,580.1,6.438
10.95,CARRY,3.04,-0.0,-9.58,3.25,-0.01,1,0,321.5,228.0,12.1,0.24,0.03,49.5,13.26,-0.01,0.6,579.6,6.594
11.0,CARRY,3.04,-0.0,-9.58,3.26,-0.01,1,0,321.5,227.0,13.1,0.26,0.03,48.5,13.26,-0.01,0.4,578.7,6.594
11.05,CARRY,3.06,-0.0,-9.58,3.28,-0.01,1,0,321.5,228.0,12.1,0.24,0.03,49.6,13.26,-0.01,0.7,578.2,6.688
11.1,CARRY,3.06,-0.0,-9.58,3.29,-0.01,1,0,321.5,227.0,13.1,0.26,0.03,50.6,13.26,-0.01,0.4,577.2,6.656
11.15,CARRY,3.08,-0.0,-9.58,3.3,-0.01,1,0,321.5,228.0,12.1,0.24,0.03,49.3,13.26,-0.01,0.7,576.8,6.719
11.2,CARRY,3.08,-0.0,-9.58,3.31,-0.01,1,0,321.5,227.0,13.1,0.26,0.03,48.3,13.26,-0.01,0.4,575.8,6.656
11.25,CARRY,3.11,-0.0,-9.58,3.33,-0.01,1,0,321.5,228.0,12.1,0.24,0.03,49.3,13.26,-0.01,0.7,575.4,6.656
11.3,CARRY,3.11,-0.0,-9.58,3.34,-0.01,1,0,321.5,227.0,13.1,0.26,0.03,48.5,13.26,-0.01,0.4,574.4,6.594
11.35,CARRY,3.13,-0.0,-9.58,3.35,-0.01,1,0,321.5,228.0,12.1,0.24,0.03,49.2,13.26,-0.01,0.7,573.9,6.594
11.4,CARRY,3.13,-0.0,-9.58,3.36,-0.01,1,0,321.5,227.0,13.1,0.26,0.03,48.4,13.26,-0.01,0.4,572.9,6.562
11.45,CARRY,3.16,-0.0,-9.58,3.38,-0.01,1,0,321.5,228.0,12.1,0.24,0.03,49.2,13.26,-0.01,0.7,572.5,6.625
11.5,CARRY,3.16,-0.0,-9.58,3.39,-0.01,1,0,321.5,227.0,13.1,0.26,0.03,48.4,13.26,-0.01,0.4,571.5,6.594
11.55,CARRY,3.18,-0.01,-9.58,3.4,-0.01,1,0,321.5,228.0,12.1,0.24,0.03,49.2,13.26,-0.01,0.6,571.0,6.656
11.6,CARRY,3.18,-0.01,-9.58,3.41,-0.01,1,0,321.5,227.0,13.1,0.26,0.03,48.7,13.26,-0.01,0.4,570.0,6.562
11.65,CARRY,3.21,-0.01,-9.58,3.43,-0.01,1,0,321.5,228.0,12.1,0.24,0.03,49.4,13.26,-0.01,0.7,569.6,6.594
11.7,CARRY,3.21,-0.01,-9.58,3.44,-0.01,1,0,321.5,227.0,13.1,0.26,0.03,48.5,13.26,-0.01,0.4,568.6,6.562
11.75,CARRY,3.23,-0.01,-9.58,3.45,-0.01,1,0,321.5,228.0,12.1,0.24,0.03,49.3,13.26,-0.01,0.6,568.1,6.625
11.8,CARRY,3.23,-0.01,-9.58,3.46,-0.01,1,0,321.5,227.0,13.1,0.26,0.03,48.8,13.26,-0.01,0.4,567.2,6.656
11.85,CARRY,3.26,-0.01,-9.58,3.48,-0.01,1,0,321.5,228.0,12.1,0.24,0.03,49.2,13.26,-0.01,0.7,566.7,6.688
11.9,CARRY,3.26,-0.01,-9.58,3.49,-0.01,1,0,321.5,227.0,13.1,0.26,0.03,48.8,13.26,-0.01,0.4,565.7,6.656
11.95,CARRY,3.28,-0.01,-9.58,3.5,-0.01,1,0,321.5,228.0,12.1,0.24,0.03,49.3,13.26,-0.01,0.7,565.3,6.75
12.0,CARRY,3.28,-0.01,-9.58,3.51,-0.01,1,0,321.5,227.0,13.1,0.26,0.03,48.9,13.26,-0.01,0.4,564.3,6.75
12.05,CARRY,3.31,-0.01,-9.58,3.53,-0.01,1,0,321.5,228.0,12.1,0.24,0.03,49.7,13.26,-0.01,0.7,563.9,6.812
12.1,CARRY,3.31,-0.01,-9.58,3.54,-0.01,1,0,321.5,227.0,13.1,0.26,0.03,49.5,13.26,-0.01,0.4,562.9,6.812
12.15,CARRY,3.33,-0.01,-9.58,3.55,-0.01,1,0,321.5,228.0,12.1,0.24,0.03,49.4,13.26,-0.01,0.7,562.4,6.844
12.2,CARRY,3.33,-0.01,-9.58,3.56,-0.01,1,0,321.5,227.0,13.1,0.26,0.03,48.8,13.26,-0.01,0.4,561.4,6.812
12.25,CARRY,3.36,-0.01,-9.58,3.58,-0.01,1,0,321.5,228.0,12.1,0.24,0.03,49.0,13.26,-0.01,0.7,560.9,6.844
12.3,CARRY,3.36,-0.01,-9.58,3.59,-0.01,1,0,321.5,227.0,13.1,0.26,0.03,48.9,13.26,-0.01,0.4,559.9,6.812
12.35,CARRY,3.38,-0.01,-9.58,3.6,-0.01,1,0,321.5,228.0,12.1,0.24,0.03,49.6,13.26,-0.01,0.6,559.5,6.812
12.4,CARRY,3.38,-0.01,-9.58,3.61,-0.01,1,0,321.5,227.0,13.1,0.26,0.03,49.1,13.26,-0.01,0.3,558.5,6.781
12.45,CARRY,3.41,-0.01,-9.58,3.63,-0.01,1,0,321.5,228.0,12.1,0.24,0.03,49.1,13.26,-0.01,0.6,558.0,6.781
12.5,CARRY,3.41,-0.01,-9.58,3.64,-0.01,1,0,321.5,227.0,13.1,0.26,0.03,49.0,13.26,-0.01,0.3,557.0,6.75
12.55,CARRY,3.44,-0.01,-9.58,3.65,-0.01,1,0,321.5,228.0,12.1,0.24,0.03,49.2,13.26,-0.01,0.6,556.5,6.781
12.6,CARRY,3.44,-0.01,-9.58,3.67,-0.01,1,0,321.5,227.0,13.1,0.26,0.03,49.0,13.26,-0.01,0.3,555.5,6.75
12.65,CARRY,3.46,-0.01,-9.58,3.68,-0.01,1,0,321.5,228.0,12.1,0.24,0.03,49.4,13.26,-0.01,0.5,555.1,6.781
12.7,CARRY,3.46,-0.01,-9.58,3.69,-0.01,1,0,321.5,227.0,13.1,0.26,0.03,49.0,13.26,-0.01,0.3,554.1,6.719
12.75,CARRY,3.49,-0.01,-9.58,3.7,-0.01,1,0,321.5,228.0,12.1,0.24,0.03,49.3,13.26,-0.01,0.5,553.6,6.812
12.8,CARRY,3.49,-0.01,-9.58,3.72,-0.01,1,0,321.5,227.0,13.1,0.26,0.03,49.2,13.26,-0.01,0.2,552.6,6.75
12.85,CARRY,3.51,-0.01,-9.58,3.73,-0.01,1,0,321.5,228.0,12.1,0.24,0.03,49.3,13.26,-0.01,0.5,552.1,6.812
12.9,CARRY,3.51,-0.01,-9.58,3.74,-0.01,1,0,321.5,227.0,13.1,0.26,0.03,49.1,13.26,-0.01,0.2,551.2,6.719
12.95,CARRY,3.54,-0.01,-9.58,3.75,-0.01,1,0,321.5,228.0,12.1,0.24,0.03,49.4,13.26,-0.01,0.5,550.7,6.781
13.0,CARRY,3.54,-0.01,-9.58,3.77,-0.01,1,0,321.5,227.0,13.1,0.26,0.03,48.9,13.26,-0.01,0.2,549.7,6.75
13.05,CARRY,3.56,-0.01,-9.58,3.78,-0.01,1,0,321.5,228.0,12.1,0.24,0.03,49.2,13.26,-0.01,0.5,549.2,6.781
13.11,CARRY,3.56,-0.01,-9.58,3.79,-0.01,1,0,321.5,227.0,13.1,0.26,0.03,50.3,13.26,-0.01,0.2,548.2,6.688
13.16,CARRY,3.59,-0.01,-9.58,3.8,-0.01,1,0,321.5,228.0,12.1,0.24,0.03,50.4,13.26,-0.01,0.5,547.8,6.781
13.21,CARRY,3.59,-0.01,-9.58,3.82,-0.01,1,0,321.5,227.0,13.1,0.26,0.03,49.2,13.26,-0.01,0.2,546.8,6.656
13.26,CARRY,3.61,-0.01,-9.58,3.83,-0.01,1,0,321.5,228.0,12.1,0.24,0.03,50.0,13.26,-0.01,0.5,546.3,6.719
13.31,CARRY,3.61,-0.01,-9.58,3.84,-0.01,1,0,321.5,227.5,12.6,0.25,0.03,49.3,13.26,-0.01,0.7,545.8,6.688
13.36,CARRY,3.64,-0.01,-9.58,3.85,-0.01,1,0,321.5,228.0,12.1,0.24,0.03,50.2,13.26,-0.01,0.5,544.9,6.719
13.41,CARRY,3.64,-0.01,-9.58,3.87,-0.01,1,0,321.5,227.5,12.6,0.25,0.03,49.2,13.26,-0.01,0.7,544.4,6.719
13.46,CARRY,3.66,-0.01,-9.58,3.88,-0.01,1,0,321.0,229.5,10.5,0.21,0.02,49.4,13.26,-0.01,2.1,545.0,6.656
13.51,CARRY,3.66,-0.01,-9.58,3.89,-0.01,1,0,321.0,229.0,11.0,0.22,0.02,48.6,13.26,-0.01,2.3,544.5,6.625
13.56,CARRY,3.69,-0.01,-9.58,3.9,-0.01,1,0,321.0,230.0,10.0,0.2,0.02,49.5,13.26,-0.01,2.6,544.1,6.656
13.61,CARRY,3.69,-0.01,-9.58,3.92,-0.01,1,0,321.0,229.5,10.5,0.21,0.02,48.5,13.26,-0.01,2.8,543.6,6.625
13.66,CARRY,3.71,-0.01,-9.58,3.93,-0.01,1,0,321.0,230.5,9.6,0.19,0.02,49.5,13.26,-0.01,3.1,543.1,6.656
13.71,CARRY,3.71,-0.01,-9.58,3.94,-0.01,1,0,321.0,230.0,10.0,0.2,0.02,48.5,13.26,-0.01,3.3,542.6,6.656
13.76,CARRY,3.74,-0.01,-9.58,3.95,-0.01,1,0,321.0,231.0,9.1,0.18,0.02,49.6,13.26,-0.01,3.6,542.2,6.594
13.81,CARRY,3.74,-0.01,-9.58,3.97,-0.01,1,0,321.0,231.0,9.1,0.18,0.02,48.4,13.26,-0.01,4.3,542.2,6.594
13.86,CARRY,3.76,-0.01,-9.58,3.98,-0.01,1,0,321.0,232.0,8.1,0.16,0.02,49.7,13.26,-0.01,4.7,541.8,6.594
13.91,CARRY,3.76,-0.01,-9.58,3.99,-0.01,1,0,321.0,231.5,8.6,0.17,0.02,48.6,13.26,-0.01,4.9,541.3,6.656
13.96,CARRY,3.78,-0.01,-9.58,4.0,-0.01,1,0,320.5,233.0,7.0,0.14,0.01,49.8,13.26,-0.01,5.9,541.5,6.688
14.01,CARRY,3.78,-0.01,-9.58,4.02,-0.01,1,0,320.5,232.5,7.5,0.15,0.01,48.5,13.26,-0.01,6.1,541.0,6.812
14.06,CARRY,3.8,-0.01,-9.58,4.03,-0.01,1,0,320.5,233.5,6.5,0.13,0.01,49.7,13.26,-0.01,6.5,540.7,6.719
14.11,CARRY,3.8,-0.01,-9.58,4.04,-0.01,1,0,320.5,233.0,7.0,0.14,0.01,48.8,13.26,-0.01,6.8,540.2,6.688
14.16,CARRY,3.83,-0.01,-9.58,4.06,-0.01,1,0,320.5,233.5,6.5,0.13,0.01,49.3,13.26,-0.01,6.8,539.5,6.594
14.21,CARRY,3.83,-0.01,-9.58,4.07,-0.01,1,0,320.5,233.5,6.5,0.13,0.01,48.3,13.26,-0.01,7.5,539.5,6.469
14.26,CARRY,3.85,-0.01,-9.58,4.08,-0.01,1,0,320.5,234.0,6.0,0.12,0.01,49.4,13.26,-0.01,7.6,538.9,6.562
14.32,CARRY,3.85,-0.01,-9.58,4.09,-0.01,1,0,320.5,233.5,6.5,0.13,0.01,48.4,13.26,-0.01,7.8,538.4,6.469
14.37,CARRY,3.86,-0.01,-9.58,4.11,-0.01,1,0,320.5,234.0,6.0,0.12,0.01,49.4,13.26,-0.01,7.9,537.8,6.375
14.42,CARRY,3.86,-0.01,-9.58,4.12,-0.01,1,0,320.5,233.5,6.5,0.13,0.01,48.4,13.26,-0.01,8.2,537.3,6.312
14.47,CARRY,3.88,-0.01,-9.58,4.13,-0.01,1,0,320.5,234.5,5.5,0.11,0.01,49.4,13.26,-0.01,8.9,537.3,6.312
14.52,CARRY,3.88,-0.01,-9.58,4.14,-0.01,1,0,320.0,234.5,5.5,0.11,0.0,48.3,13.26,-0.01,9.7,537.3,6.281
14.57,CARRY,3.9,-0.01,-9.58,4.16,-0.01,1,0,320.0,235.0,5.0,0.1,0.0,49.5,13.26,-0.01,9.9,536.9,6.219
14.62,CARRY,3.9,-0.01,-9.58,4.17,-0.01,1,0,320.0,234.5,5.5,0.11,0.0,48.6,13.26,-0.01,10.2,536.4,6.281
14.67,CARRY,3.91,-0.01,-9.58,4.18,-0.01,1,0,320.0,235.0,5.0,0.1,0.0,49.4,13.26,-0.01,10.5,536.0,6.312
14.72,CARRY,3.91,-0.01,-9.58,4.19,-0.01,1,0,321.0,235.0,5.1,0.1,0.02,48.6,13.26,-0.01,11.1,535.8,6.312
14.77,CARRY,3.93,-0.01,-9.58,4.21,-0.01,1,0,321.0,235.0,5.1,0.1,0.02,49.3,13.26,-0.01,10.9,535.0,6.344
14.82,CARRY,3.93,-0.01,-9.58,4.22,-0.01,1,0,321.0,234.5,5.6,0.11,0.02,48.5,13.26,-0.01,11.2,534.5,6.344
14.87,CARRY,3.94,-0.01,-9.58,4.23,-0.01,1,0,321.0,234.5,5.6,0.11,0.02,49.0,13.26,-0.01,11.1,533.7,6.375
14.92,CARRY,3.94,-0.01,-9.58,4.24,-0.01,1,0,321.0,234.0,6.1,0.12,0.02,48.5,13.26,-0.01,11.3,533.2,6.375
14.97,CARRY,3.96,-0.01,-9.58,4.26,-0.01,1,0,321.0,234.5,5.6,0.11,0.02,49.3,13.26,-0.01,11.8,532.9,6.406
15.02,CARRY,3.96,-0.01,-9.58,4.27,-0.01,1,0,321.0,234.5,5.6,0.11,0.02,48.4,13.26,-0.01,12.5,532.9,6.375
15.07,CARRY,3.97,-0.01,-9.58,4.28,-0.01,1,0,320.5,235.5,4.5,0.09,0.01,49.6,13.26,-0.01,13.5,533.2,6.281
15.12,CARRY,3.97,-0.01,-9.58,4.29,-0.01,1,0,320.5,235.0,5.0,0.1,0.01,48.6,13.26,-0.01,13.8,532.7,6.25
15.17,CARRY,3.98,-0.02,-9.58,4.31,-0.01,1,0,320.5,235.0,5.0,0.1,0.01,49.4,13.26,-0.01,13.8,532.0,6.219
15.22,CARRY,3.98,-0.02,-9.58,4.32,-0.01,1,0,320.5,234.5,5.5,0.11,0.01,49.1,13.26,-0.01,14.0,531.5,6.219
15.27,CARRY,3.99,-0.02,-9.58,4.33,-0.01,1,0,320.5,235.0,5.0,0.1,0.01,49.7,13.26,-0.01,14.6,531.3,6.156
15.32,CARRY,3.99,-0.02,-9.58,4.34,-0.01,1,0,320.5,234.5,5.5,0.11,0.01,49.0,13.26,-0.01,14.8,530.9,6.125
15.37,CARRY,4.0,-0.02,-9.58,4.36,-0.01,1,0,320.5,235.0,5.0,0.1,0.01,50.5,13.26,-0.01,15.4,530.7,6.0
15.42,CARRY,4.0,-0.02,-9.58,4.37,-0.01,1,0,320.5,235.0,5.0,0.1,0.01,49.4,13.26,-0.01,16.1,530.7,5.938
15.47,CARRY,4.02,-0.02,-9.58,4.38,-0.01,1,0,320.5,235.0,5.0,0.1,0.01,50.2,13.26,-0.01,16.2,530.0,5.906
15.52,CARRY,4.02,-0.02,-9.58,4.39,-0.01,1,0,320.5,234.5,5.5,0.11,0.01,50.3,13.26,-0.01,16.4,529.5,5.844
15.57,CARRY,4.03,-0.02,-9.58,4.41,-0.01,1,0,320.5,235.0,5.0,0.1,0.01,51.5,13.26,-0.01,17.0,529.4,5.688
15.63,CARRY,4.03,-0.02,-9.58,4.42,-0.01,1,0,321.0,234.5,5.6,0.11,0.02,50.4,13.26,-0.01,17.2,528.8,5.594
15.68,CARRY,4.04,-0.02,-9.58,4.43,-0.01,1,0,321.0,235.0,5.1,0.1,0.02,50.0,13.26,-0.01,17.8,528.7,5.406
15.73,CARRY,4.04,-0.02,-9.58,4.45,-0.01,1,0,321.0,234.5,5.6,0.11,0.02,49.1,13.26,-0.01,18.1,528.2,5.188
15.78,CARRY,4.05,-0.02,-9.58,4.46,-0.01,1,0,321.0,234.5,5.6,0.11,0.02,50.6,13.26,-0.01,18.2,527.6,4.969
15.83,CARRY,4.05,-0.02,-9.58,4.47,-0.01,1,0,321.0,234.0,6.1,0.12,0.02,49.5,13.26,-0.01,18.4,527.1,4.844
15.88,CARRY,4.06,-0.02,-9.58,4.48,-0.01,1,0,321.0,234.5,5.6,0.11,0.02,50.5,13.26,-0.01,19.0,526.9,4.688
15.93,CARRY,4.06,-0.02,-9.58,4.5,-0.01,1,0,321.0,234.0,6.1,0.12,0.02,48.9,13.26,-0.01,19.3,526.5,4.531
15.98,CARRY,4.07,-0.02,-9.58,4.51,-0.01,1,0,321.0,234.5,5.6,0.11,0.02,50.5,13.26,-0.01,19.9,526.3,4.469
16.03,CARRY,4.07,-0.02,-9.58,4.52,-0.01,1,0,321.0,234.5,5.6,0.11,0.02,49.4,13.26,-0.01,20.6,526.3,4.375
16.08,CARRY,4.08,-0.02,-9.58,4.54,-0.01,1,0,321.0,234.5,5.6,0.11,0.02,49.8,13.26,-0.01,20.7,525.7,4.25
16.13,CARRY,4.08,-0.02,-9.58,4.55,-0.01,1,0,321.0,234.0,6.1,0.12,0.02,49.2,13.26,-0.01,20.9,525.2,4.188
16.19,CARRY,4.09,-0.02,-9.58,4.56,-0.01,1,0,320.5,234.5,5.5,0.11,0.01,49.9,13.26,-0.01,21.6,525.1,4.156
16.24,CARRY,4.09,-0.02,-9.58,4.57,-0.01,1,0,320.5,234.0,6.0,0.12,0.01,48.1,13.26,-0.01,21.8,524.6,4.156
16.29,CARRY,4.1,-0.02,-9.58,4.59,-0.01,1,0,320.5,234.0,6.0,0.12,0.01,49.0,13.26,-0.01,21.9,524.0,4.156
16.34,CARRY,4.1,-0.02,-9.58,4.6,-0.01,1,0,321.5,233.5,6.7,0.13,0.03,48.1,13.26,-0.01,22.0,523.4,4.062
16.39,CARRY,4.11,-0.02,-9.58,4.61,-0.01,1,0,321.5,234.0,6.2,0.12,0.03,49.3,13.26,-0.01,22.6,523.2,4.031
16.44,CARRY,4.11,-0.02,-9.58,4.62,-0.01,1,0,321.5,233.5,6.7,0.13,0.03,48.2,13.26,-0.01,22.8,522.7,4.094
16.49,CARRY,4.13,-0.02,-9.58,4.64,-0.01,1,0,321.5,233.5,6.7,0.13,0.03,50.4,13.26,-0.01,22.9,522.1,4.156
16.54,CARRY,4.13,-0.02,-9.58,4.65,-0.01,1,0,321.5,233.5,6.7,0.13,0.03,48.1,13.26,-0.01,23.7,522.1,4.219
16.59,CARRY,4.14,-0.02,-9.58,4.66,-0.01,1,0,321.5,234.0,6.2,0.12,0.03,48.8,13.26,-0.01,24.2,521.9,4.25
16.64,CARRY,4.14,-0.02,-9.58,4.67,-0.01,1,0,321.5,233.5,6.7,0.13,0.03,48.0,13.26,-0.01,24.4,521.4,4.312
16.69,CARRY,4.15,-0.02,-9.58,4.69,-0.01,1,0,321.5,234.0,6.2,0.12,0.03,48.9,13.26,-0.01,25.0,521.3,4.375
16.74,CARRY,4.16,-0.02,-9.58,4.7,-0.01,1,0,321.5,234.0,6.2,0.12,0.03,49.2,13.26,-0.01,25.0,520.6,4.344
16.79,CARRY,4.16,-0.02,-9.58,4.71,-0.01,1,0,321.0,233.5,6.6,0.13,0.02,49.0,13.26,-0.01,25.3,520.1,4.438
16.84,CARRY,4.16,-0.02,-9.58,4.72,-0.01,1,0,321.0,233.0,7.1,0.14,0.02,48.1,13.26,-0.01,25.5,519.6,4.469
16.89,CARRY,4.17,-0.02,-9.58,4.74,-0.01,1,0,321.0,233.5,6.6,0.13,0.02,48.9,13.26,-0.01,26.1,519.4,4.562
16.94,CARRY,4.17,-0.02,-9.58,4.75,-0.01,1,0,321.0,233.5,6.6,0.13,0.02,48.7,13.26,-0.01,26.8,519.4,4.656
16.99,CARRY,4.18,-0.02,-9.58,4.76,-0.01,1,0,321.0,234.0,6.1,0.12,0.02,48.7,13.26,-0.01,27.3,519.2,4.719
17.04,CARRY,4.18,-0.02,-9.58,4.77,-0.01,1,0,321.0,233.5,6.6,0.13,0.02,48.7,13.26,-0.01,27.5,518.7,4.812
17.09,CARRY,4.2,-0.02,-9.58,4.79,-0.01,1,0,321.0,233.5,6.6,0.13,0.02,51.1,13.26,-0.01,27.5,518.0,4.906
17.14,CARRY,4.21,-0.02,-9.58,4.8,-0.01,1,0,321.0,233.5,6.6,0.13,0.02,49.9,13.26,-0.01,27.5,517.2,4.938
17.19,CARRY,4.21,-0.02,-9.58,4.81,-0.01,1,0,321.0,233.5,6.6,0.13,0.02,48.4,13.26,-0.01,28.2,517.2,4.938
17.24,CARRY,4.22,-0.02,-9.58,4.82,-0.01,1,0,321.0,234.0,6.1,0.12,0.02,49.4,13.26,-0.01,28.7,517.0,5.031
17.29,CARRY,4.22,-0.02,-9.58,4.84,-0.01,1,0,321.0,233.5,6.6,0.13,0.02,48.3,13.26,-0.01,28.9,516.5,5.094
17.34,CARRY,4.24,-0.01,-9.58,4.85,-0.01,1,0,320.5,234.0,6.0,0.12,0.01,49.5,13.26,-0.01,29.4,516.2,5.094
17.39,CARRY,4.24,-0.01,-9.58,4.86,-0.01,1,0,320.5,233.5,6.5,0.13,0.01,49.8,13.26,-0.01,29.7,515.7,5.25
17.44,CARRY,4.25,-0.01,-9.58,4.88,-0.01,1,0,320.5,234.5,5.5,0.11,0.01,49.5,13.26,-0.01,30.6,516.0,5.406
17.49,CARRY,4.25,-0.01,-9.58,4.89,-0.01,1,0,320.5,234.0,6.0,0.12,0.01,48.4,13.26,-0.01,30.9,515.5,5.594
17.54,CARRY,4.26,-0.01,-9.58,4.9,-0.01,1,0,320.5,234.0,6.0,0.12,0.01,49.6,13.26,-0.01,30.8,514.7,5.75
17.59,CARRY,4.26,-0.01,-9.58,4.91,-0.01,1,0,320.5,234.0,6.0,0.12,0.01,48.5,13.26,-0.01,31.6,514.7,5.969
17.64,CARRY,4.28,-0.01,-9.58,4.93,-0.01,1,0,320.5,234.0,6.0,0.12,0.01,49.5,13.26,-0.01,31.5,514.0,6.031
17.69,CARRY,4.28,-0.01,-9.58,4.94,-0.01,1,0,320.5,234.0,6.0,0.12,0.01,49.3,13.26,-0.01,32.3,514.0,6.156
17.75,CARRY,4.29,-0.01,-9.58,4.95,-0.01,1,0,320.5,234.0,6.0,0.12,0.01,49.0,13.26,-0.01,32.2,513.2,6.188
17.8,CARRY,4.29,-0.01,-9.58,4.96,-0.01,1,0,320.5,234.0,6.0,0.12,0.01,48.1,13.26,-0.01,33.0,513.2,6.344
17.85,CARRY,4.3,-0.01,-9.58,4.98,-0.01,1,0,320.5,234.5,5.5,0.11,0.01,49.3,13.26,-0.01,33.5,513.0,6.469
17.9,CARRY,4.3,-0.01,-9.58,4.99,-0.01,1,0,320.5,234.0,6.0,0.12,0.01,48.1,13.26,-0.01,33.7,512.5,6.75
17.95,CARRY,4.31,-0.01,-9.58,5.0,-0.01,1,0,320.5,233.5,6.5,0.13,0.01,48.9,13.26,-0.01,33.2,511.3,6.781
18.0,CARRY,4.31,-0.01,-9.58,5.01,-0.01,1,0,320.0,233.0,7.0,0.14,0.0,49.3,13.26,-0.01,33.5,510.8,6.906
18.05,CARRY,4.33,-0.01,-9.58,5.03,-0.01,1,0,320.0,233.5,6.5,0.13,0.0,49.2,13.26,-0.01,34.0,510.7,7.094
18.1,CARRY,4.33,-0.01,-9.58,5.04,-0.01,1,0,320.0,233.5,6.5,0.13,0.0,49.5,13.26,-0.01,34.8,510.7,7.281
18.15,CARRY,4.34,-0.01,-9.58,5.05,-0.01,1,0,320.0,234.5,5.5,0.11,0.0,49.2,13.26,-0.01,35.8,510.9,7.5
18.2,CARRY,4.34,-0.01,-9.58,5.06,-0.01,1,0,321.0,234.0,6.1,0.12,0.02,48.3,13.26,-0.01,35.9,510.3,7.625
18.25,CARRY,4.35,-0.01,-9.58,5.08,-0.01,1,0,320.5,234.0,6.0,0.12,0.01,48.7,13.26,-0.01,36.0,509.7,7.656
18.3,CARRY,4.35,-0.01,-9.58,5.09,-0.01,1,0,321.0,233.5,6.6,0.13,0.02,49.1,13.26,-0.01,36.2,509.2,7.688
18.35,CARRY,4.36,-0.01,-9.58,5.1,-0.01,1,0,320.5,234.0,6.0,0.12,0.01,48.9,13.26,-0.01,36.8,509.0,7.875
18.4,CARRY,4.36,-0.01,-9.58,5.11,-0.01,1,0,320.5,233.5,6.5,0.13,0.01,48.5,13.26,-0.01,37.0,508.5,8.0
18.45,CARRY,4.37,-0.01,-9.58,5.13,-0.01,1,0,320.5,234.0,6.0,0.12,0.01,49.1,13.26,-0.01,37.5,508.4,8.125
18.5,CARRY,4.37,-0.01,-9.58,5.14,-0.01,1,0,320.5,234.0,6.0,0.12,0.01,48.8,13.26,-0.01,38.3,508.4,8.375
18.55,CARRY,4.38,-0.01,-9.58,5.15,-0.01,1,0,320.5,234.0,6.0,0.12,0.01,49.0,13.26,-0.01,38.3,507.7,8.5
18.6,CARRY,4.38,-0.01,-9.58,5.16,-0.01,1,0,320.5,233.5,6.5,0.13,0.01,49.4,13.26,-0.01,38.5,507.2,8.625
18.65,CARRY,4.4,-0.01,-9.58,5.18,-0.01,1,0,320.5,234.0,6.0,0.12,0.01,49.0,13.26,-0.01,39.1,507.0,8.812
18.7,CARRY,4.4,-0.01,-9.58,5.19,-0.01,1,0,320.5,233.5,6.5,0.13,0.01,48.3,13.26,-0.01,39.3,506.5,8.938
18.75,CARRY,4.41,-0.01,-9.58,5.2,-0.01,1,0,320.5,233.5,6.5,0.13,0.01,49.5,13.26,-0.01,39.4,505.9,9.0
18.8,CARRY,4.41,-0.01,-9.58,5.21,-0.01,1,0,320.5,233.0,7.0,0.14,0.01,48.6,13.26,-0.01,39.6,505.4,9.125
18.85,CARRY,4.42,-0.01,-9.58,5.23,-0.01,1,0,320.5,233.0,7.0,0.14,0.01,49.1,13.26,-0.01,39.7,504.7,9.312
18.9,CARRY,4.42,-0.01,-9.58,5.24,-0.01,1,0,320.5,233.0,7.0,0.14,0.01,49.8,13.26,-0.01,40.4,504.7,9.438
18.95,CARRY,4.43,-0.01,-9.58,5.25,-0.01,1,0,320.5,233.0,7.0,0.14,0.01,49.3,13.26,-0.01,40.4,504.0,9.625
19.0,CARRY,4.43,-0.01,-9.58,5.26,-0.01,1,0,320.5,233.0,7.0,0.14,0.01,49.0,13.26,-0.01,41.2,504.0,9.75
19.05,CARRY,4.44,-0.01,-9.58,5.28,-0.01,1,0,320.0,233.5,6.5,0.13,0.0,49.0,13.26,-0.01,41.8,503.9,9.812
19.1,CARRY,4.44,-0.01,-9.58,5.29,-0.01,1,0,320.0,233.0,7.0,0.14,0.0,49.1,13.26,-0.01,42.0,503.4,9.938
19.15,CARRY,4.46,-0.01,-9.58,5.3,-0.01,1,0,320.0,233.0,7.0,0.14,0.0,48.9,13.26,-0.01,42.0,502.7,9.875
19.2,CARRY,4.46,-0.01,-9.58,5.31,-0.01,1,0,321.0,232.5,7.6,0.15,0.02,50.1,13.26,-0.01,42.1,502.0,9.938
19.25,CARRY,4.47,-0.01,-9.58,5.33,-0.01,1,0,321.0,233.0,7.1,0.14,0.02,49.0,13.26,-0.01,42.6,501.8,10.0
19.3,CARRY,4.47,-0.01,-9.58,5.34,-0.01,1,0,321.0,233.0,7.1,0.14,0.02,48.8,13.26,-0.01,43.3,501.8,10.0
19.35,CARRY,4.48,-0.01,-9.58,5.35,-0.01,1,0,321.0,233.5,6.6,0.13,0.02,49.1,13.26,-0.01,43.8,501.5,10.062
19.4,CARRY,4.48,-0.01,-9.58,5.36,-0.01,1,0,321.0,233.0,7.1,0.14,0.02,48.8,13.26,-0.01,44.0,501.0,9.938
19.45,CARRY,4.49,-0.01,-9.58,5.38,-0.01,1,0,321.0,233.5,6.6,0.13,0.02,48.8,13.26,-0.01,44.5,500.8,10.0
19.5,CARRY,4.49,-0.01,-9.58,5.39,-0.01,1,0,320.5,233.0,7.0,0.14,0.01,49.5,13.26,-0.01,44.8,500.4,10.125
19.55,CARRY,4.51,-0.01,-9.58,5.4,-0.01,1,0,320.5,233.0,7.0,0.14,0.01,48.7,13.26,-0.01,44.7,499.6,10.125
19.6,CARRY,4.51,-0.01,-9.58,5.41,-0.01,1,0,320.5,233.0,7.0,0.14,0.01,48.4,13.26,-0.01,45.4,499.6,10.125
19.65,CARRY,4.52,-0.01,-9.58,5.43,-0.01,1,0,320.5,233.0,7.0,0.14,0.01,48.8,13.26,-0.01,45.4,498.8,10.062
19.7,CARRY,4.52,-0.01,-9.58,5.44,-0.01,1,0,320.5,233.0,7.0,0.14,0.01,48.2,13.26,-0.01,46.1,498.8,10.0
19.75,CARRY,4.54,-0.01,-9.58,5.45,-0.01,1,0,320.5,233.0,7.0,0.14,0.01,48.8,13.26,-0.01,46.0,498.0,9.875
19.8,CARRY,4.54,-0.01,-9.58,5.46,-0.01,1,0,320.5,233.0,7.0,0.14,0.01,49.6,13.26,-0.01,46.7,498.0,9.75
19.85,CARRY,4.55,-0.01,-9.58,5.48,-0.01,1,0,320.5,233.5,6.5,0.13,0.01,48.7,13.26,-0.01,47.2,497.7,9.875
19.9,CARRY,4.55,-0.01,-9.58,5.49,-0.01,1,0,320.5,233.5,6.5,0.13,0.01,48.5,13.26,-0.01,47.9,497.7,9.812
19.95,CARRY,4.56,-0.01,-9.58,5.5,-0.01,1,0,320.5,234.0,6.0,0.12,0.01,48.9,13.26,-0.01,48.3,497.4,9.875
20.0,CARRY,4.56,-0.01,-9.58,5.51,-0.01,1,0,320.5,233.5,6.5,0.13,0.01,48.5,13.26,-0.01,48.5,496.9,9.812
20.05,CARRY,4.58,-0.01,-9.58,5.53,-0.01,1,0,320.5,234.0,6.0,0.12,0.01,48.8,13.26,-0.01,49.0,496.6,9.812
20.1,CARRY,4.58,-0.01,-9.58,5.54,-0.01,1,0,321.0,233.5,6.6,0.13,0.02,50.6,13.26,-0.01,49.1,496.0,9.812
20.15,CARRY,4.59,-0.02,-9.58,5.55,-0.01,1,0,321.0,234.0,6.1,0.12,0.02,49.4,13.26,-0.01,49.6,495.7,9.75
20.2,CARRY,4.59,-0.02,-9.58,5.57,-0.01,1,0,321.0,234.0,6.1,0.12,0.02,48.8,13.26,-0.01,50.3,495.7,9.812
20.25,CARRY,4.6,-0.02,-9.58,5.58,-0.01,1,0,321.0,235.0,5.1,0.1,0.02,49.0,13.26,-0.01,51.2,495.9,9.75
20.31,CARRY,4.6,-0.02,-9.58,5.59,-0.01,1,0,321.0,234.0,6.1,0.12,0.02,48.5,13.26,-0.01,51.0,494.9,9.875
20.36,CARRY,4.62,-0.02,-9.58,5.6,-0.01,1,0,321.0,235.0,5.1,0.1,0.02,48.5,13.26,-0.01,51.9,495.1,9.875
20.41,CARRY,4.62,-0.02,-9.58,5.62,-0.01,1,0,321.0,234.5,5.6,0.11,0.02,49.4,13.26,-0.01,52.1,494.7,9.875
20.46,CARRY,4.63,-0.02,-9.58,5.63,-0.01,1,0,321.0,234.5,5.6,0.11,0.02,53.1,13.26,-0.01,52.1,493.9,9.938
20.51,CARRY,4.63,-0.02,-9.58,5.64,-0.01,1,0,321.0,234.5,5.6,0.11,0.02,48.4,13.26,-0.01,52.9,493.9,9.938
20.56,CARRY,4.64,-0.02,-9.58,5.65,-0.01,1,0,321.0,234.5,5.6,0.11,0.02,52.1,13.26,-0.01,52.9,493.1,9.875
20.61,CARRY,4.64,-0.02,-9.58,5.67,-0.01,1,0,320.5,234.0,6.0,0.12,0.01,49.1,13.26,-0.01,53.2,492.7,9.875
20.66,CARRY,4.66,-0.02,-9.58,5.68,-0.01,1,0,320.5,234.5,5.5,0.11,0.01,50.0,13.26,-0.01,53.7,492.5,9.875
20.71,CARRY,4.66,-0.02,-9.58,5.69,-0.01,1,0,320.5,234.0,6.0,0.12,0.01,48.6,13.26,-0.01,53.9,492.0,9.875
20.76,CARRY,4.67,-0.02,-9.58,5.71,-0.01,1,0,320.5,234.0,6.0,0.12,0.01,50.7,13.26,-0.01,54.0,491.3,9.875
20.82,CARRY,4.67,-0.02,-9.58,5.72,-0.01,1,0,321.0,233.5,6.6,0.13,0.02,48.4,13.26,-0.01,54.1,490.7,9.875
20.87,CARRY,4.68,-0.02,-9.58,5.73,-0.01,1,0,321.0,234.0,6.1,0.12,0.02,50.2,13.26,-0.01,54.7,490.5,9.875
20.92,CARRY,4.68,-0.02,-9.58,5.74,-0.01,1,0,321.5,234.0,6.2,0.12,0.03,49.2,13.26,-0.01,55.4,490.5,9.938
20.97,CARRY,4.69,-0.02,-9.58,5.76,-0.01,1,0,321.0,234.5,5.6,0.11,0.02,50.4,13.26,-0.01,56.0,490.4,9.938
21.02,CARRY,4.69,-0.02,-9.58,5.77,-0.01,1,0,321.0,234.0,6.1,0.12,0.02,48.1,13.26,-0.01,56.2,489.9,9.938
21.07,CARRY,4.7,-0.02,-9.58,5.78,-0.01,1,0,321.5,234.5,5.7,0.11,0.03,49.0,13.26,-0.01,56.7,489.6,9.812
21.12,CARRY,4.7,-0.02,-9.58,5.79,-0.01,1,0,321.5,234.0,6.2,0.12,0.03,49.9,13.26,-0.01,56.9,489.1,9.812
21.17,CARRY,4.72,-0.02,-9.58,5.81,-0.01,1,0,321.5,234.0,6.2,0.12,0.03,49.4,13.26,-0.01,56.9,488.4,9.812
21.22,CARRY,4.72,-0.02,-9.58,5.82,-0.01,1,0,321.0,233.5,6.6,0.13,0.02,49.8,13.26,-0.01,57.2,488.0,9.812
21.27,CARRY,4.73,-0.02,-9.58,5.83,-0.01,1,0,321.0,234.0,6.1,0.12,0.02,48.1,13.26,-0.01,57.8,487.8,9.812
21.32,CARRY,4.73,-0.02,-9.58,5.84,-0.01,1,0,321.0,234.0,6.1,0.12,0.02,48.0,13.26,-0.01,58.5,487.8,9.812
21.37,CARRY,4.74,-0.02,-9.58,5.86,-0.01,1,0,321.0,234.5,5.6,0.11,0.02,48.3,13.26,-0.01,59.0,487.6,9.812
21.42,CARRY,4.74,-0.02,-9.58,5.87,-0.01,1,0,321.0,234.0,6.1,0.12,0.02,50.3,13.26,-0.01,59.3,487.1,9.875
21.47,CARRY,4.75,-0.02,-9.58,5.88,-0.01,1,0,321.0,234.0,6.1,0.12,0.02,48.1,13.26,-0.01,59.3,486.4,9.938
21.52,CARRY,4.75,-0.02,-9.58,5.89,-0.01,1,0,321.0,233.5,6.6,0.13,0.02,50.2,13.26,-0.01,59.5,485.9,9.875
21.57,CARRY,4.76,-0.02,-9.58,5.91,-0.01,1,0,321.0,234.0,6.1,0.12,0.02,49.7,13.26,-0.01,60.1,485.8,9.938
21.62,CARRY,4.76,-0.02,-9.58,5.92,-0.01,1,0,321.0,233.5,6.6,0.13,0.02,49.2,13.26,-0.01,60.3,485.3,9.875
21.67,CARRY,4.78,-0.02,-9.58,5.93,-0.01,1,0,321.0,234.0,6.1,0.12,0.02,49.5,13.26,-0.01,60.9,485.1,9.875
21.72,CARRY,4.78,-0.02,-9.58,5.95,-0.01,1,0,321.5,233.5,6.7,0.13,0.03,49.9,13.26,-0.01,61.0,484.5,9.875
21.77,CARRY,4.79,-0.02,-9.58,5.96,-0.01,1,0,321.5,233.5,6.7,0.13,0.03,48.7,13.26,-0.01,61.1,483.8,9.812
21.82,CARRY,4.79,-0.02,-9.58,5.97,-0.01,1,0,321.5,233.5,6.7,0.13,0.03,49.6,13.26,-0.01,61.8,483.8,9.75
21.87,CARRY,4.8,-0.02,-9.58,5.98,-0.01,1,0,321.5,233.5,6.7,0.13,0.03,49.5,13.26,-0.01,61.8,483.1,9.812
21.93,CARRY,4.8,-0.02,-9.58,6.0,-0.01,1,0,321.5,233.5,6.7,0.13,0.03,48.8,13.26,-0.01,62.6,483.1,9.75
21.98,CARRY,4.81,-0.02,-9.58,6.01,-0.01,1,0,321.5,233.5,6.7,0.13,0.03,49.4,13.26,-0.01,62.6,482.4,9.625
22.03,CARRY,4.81,-0.02,-9.58,6.02,-0.01,1,0,321.5,233.5,6.7,0.13,0.03,49.5,13.26,-0.01,63.3,482.4,9.562
22.08,CARRY,4.82,-0.02,-9.58,6.03,-0.01,1,0,321.5,233.0,7.2,0.14,0.03,49.7,13.26,-0.01,62.8,481.2,9.562
22.13,CARRY,4.82,-0.02,-9.58,6.05,-0.01,1,0,321.5,233.5,6.7,0.13,0.03,49.3,13.26,-0.01,64.0,481.7,9.562
22.18,CARRY,4.84,-0.02,-9.58,6.06,-0.01,1,0,321.5,233.5,6.7,0.13,0.03,49.5,13.26,-0.01,64.0,481.0,9.562
22.23,CARRY,4.84,-0.02,-9.58,6.07,-0.01,1,0,321.0,233.5,6.6,0.13,0.02,48.3,13.26,-0.01,64.8,481.1,9.5
22.28,CARRY,4.85,-0.02,-9.58,6.08,-0.01,1,0,321.0,234.0,6.1,0.12,0.02,48.3,13.26,-0.01,65.3,480.8,9.5
22.33,CARRY,4.85,-0.02,-9.58,6.1,-0.01,1,0,321.0,233.5,6.6,0.13,0.02,49.1,13.26,-0.01,65.6,480.3,9.562
22.38,CARRY,4.86,-0.02,-9.58,6.11,-0.01,1,0,321.0,234.5,5.6,0.11,0.02,48.3,13.26,-0.01,66.5,480.6,9.625
22.43,CARRY,4.86,-0.02,-9.58,6.12,-0.01,1,0,321.0,234.0,6.1,0.12,0.02,48.9,13.26,-0.01,66.7,480.1,9.688
22.48,CARRY,4.88,-0.02,-9.58,6.13,-0.01,1,0,321.0,234.0,6.1,0.12,0.02,48.8,13.26,-0.01,66.7,479.4,9.75
22.53,CARRY,4.88,-0.02,-9.58,6.15,-0.01,1,0,321.0,234.0,6.1,0.12,0.02,49.6,13.26,-0.01,67.5,479.4,9.812
22.58,CARRY,4.89,-0.02,-9.58,6.16,-0.01,1,0,321.0,234.5,5.6,0.11,0.02,50.3,13.26,-0.01,67.9,479.1,9.875
22.63,CARRY,4.89,-0.02,-9.58,6.17,-0.01,1,0,321.0,233.5,6.6,0.13,0.02,49.3,13.26,-0.01,67.7,478.1,9.875
22.68,CARRY,4.9,-0.02,-9.58,6.18,-0.01,1,0,321.0,234.0,6.1,0.12,0.02,49.7,13.26,-0.01,68.2,477.9,9.938
22.73,CARRY,4.9,-0.02,-9.58,6.2,-0.01,1,0,320.5,233.5,6.5,0.13,0.01,49.7,13.26,-0.01,68.5,477.5,10.062
22.78,CARRY,4.91,-0.02,-9.58,6.21,-0.01,1,0,320.5,234.0,6.0,0.12,0.01,50.3,13.26,-0.01,69.0,477.2,9.938
22.83,CARRY,4.91,-0.02,-9.58,6.22,-0.01,1,0,320.5,234.0,6.0,0.12,0.01,49.3,13.26,-0.01,69.7,477.2,9.938
22.88,CARRY,4.93,-0.02,-9.58,6.23,-0.01,1,0,320.5,234.0,6.0,0.12,0.01,49.7,13.26,-0.01,69.7,476.5,9.938
22.93,CARRY,4.93,-0.02,-9.58,6.25,-0.01,1,0,320.5,233.5,6.5,0.13,0.01,49.6,13.26,-0.01,70.0,476.0,9.938
22.98,CARRY,4.94,-0.02,-9.58,6.26,-0.01,1,0,320.5,234.0,6.0,0.12,0.01,49.7,13.26,-0.01,70.5,475.8,9.875
23.03,CARRY,4.94,-0.02,-9.58,6.27,-0.01,1,0,320.5,233.5,6.5,0.13,0.01,49.3,13.26,-0.01,70.7,475.3,9.875
23.08,CARRY,4.95,-0.02,-9.58,6.29,-0.01,1,0,320.5,234.0,6.0,0.12,0.01,49.5,13.26,-0.01,71.2,475.1,9.75
23.13,CARRY,4.95,-0.02,-9.58,6.3,-0.01,1,0,320.5,233.5,6.5,0.13,0.01,49.8,13.26,-0.01,71.4,474.6,9.812
23.19,CARRY,4.96,-0.02,-9.58,6.31,-0.01,1,0,320.5,233.5,6.5,0.13,0.01,48.4,13.26,-0.01,71.5,473.8,9.75
23.24,CARRY,4.96,-0.02,-9.58,6.32,-0.01,1,0,321.0,233.5,6.6,0.13,0.02,48.4,13.26,-0.01,72.1,473.8,9.812
23.29,CARRY,4.98,-0.02,-9.58,6.34,-0.01,1,0,321.0,234.0,6.1,0.12,0.02,48.6,13.26,-0.01,72.6,473.6,9.812
23.34,CARRY,4.98,-0.02,-9.58,6.35,-0.01,1,0,321.0,233.5,6.6,0.13,0.02,49.8,13.26,-0.01,72.9,473.1,9.812
23.39,CARRY,4.99,-0.01,-9.58,6.36,-0.01,1,0,321.0,234.0,6.1,0.12,0.02,48.0,13.26,-0.01,73.3,472.8,9.75
23.44,CARRY,4.99,-0.01,-9.58,6.37,-0.01,1,0,321.0,233.5,6.6,0.13,0.02,48.4,13.26,-0.01,73.6,472.3,9.75
23.49,CARRY,5.0,-0.01,-9.58,6.39,-0.01,1,0,321.0,234.0,6.1,0.12,0.02,48.6,13.26,-0.01,74.1,472.1,9.812
23.54,CARRY,5.0,-0.01,-9.58,6.4,-0.01,1,0,321.0,233.5,6.6,0.13,0.02,50.5,13.26,-0.01,74.3,471.6,9.875
23.59,CARRY,5.01,-0.01,-9.58,6.41,-0.01,1,0,321.0,233.5,6.6,0.13,0.02,48.1,13.26,-0.01,74.3,470.9,9.75
23.64,CARRY,5.01,-0.01,-9.58,6.42,-0.01,1,0,321.0,233.5,6.6,0.13,0.02,49.4,13.26,-0.01,75.0,470.9,9.75
23.69,CARRY,5.03,-0.01,-9.58,6.44,-0.01,1,0,321.0,234.0,6.1,0.12,0.02,50.2,13.26,-0.01,75.5,470.7,9.75
23.74,CARRY,5.03,-0.01,-9.58,6.45,-0.01,1,0,321.0,233.5,6.6,0.13,0.02,50.2,13.26,-0.01,75.8,470.2,9.875
23.79,CARRY,5.04,-0.01,-9.58,6.46,-0.01,1,0,321.0,234.0,6.1,0.12,0.02,51.1,13.26,-0.01,76.3,469.9,9.812
23.84,CARRY,5.05,-0.01,-9.58,6.47,-0.01,1,0,321.0,234.5,5.6,0.11,0.02,50.3,13.26,-0.01,76.8,469.7,9.75
23.89,CARRY,5.05,-0.01,-9.58,6.49,-0.01,1,0,320.5,234.0,6.0,0.12,0.01,47.8,13.26,-0.01,77.1,469.3,9.75
23.94,CARRY,5.06,-0.01,-9.58,6.5,-0.01,1,0,321.0,234.0,6.1,0.12,0.02,50.0,13.26,-0.01,77.0,468.4,9.75
24.0,CARRY,5.06,-0.01,-9.58,6.51,-0.01,1,0,320.5,233.5,6.5,0.13,0.01,47.7,13.26,-0.01,77.3,468.0,9.812
24.05,CARRY,5.08,-0.01,-9.58,6.53,-0.01,1,0,320.5,234.0,6.0,0.12,0.01,48.1,13.26,-0.01,77.8,467.7,9.875
24.1,CARRY,5.08,-0.01,-9.58,6.54,-0.01,1,0,320.5,234.0,6.0,0.12,0.01,49.6,13.26,-0.01,78.5,467.7,9.812
24.15,CARRY,5.09,-0.01,-9.58,6.55,-0.01,1,0,320.5,234.5,5.5,0.11,0.01,51.3,13.26,-0.01,79.0,467.5,9.75
24.2,CARRY,5.09,-0.01,-9.58,6.56,-0.01,1,0,320.5,234.0,6.0,0.12,0.01,49.5,13.26,-0.01,79.2,467.0,9.75
24.25,CARRY,5.1,-0.01,-9.58,6.58,-0.01,1,0,320.5,234.5,5.5,0.11,0.01,50.2,13.26,-0.01,79.7,466.8,9.688
24.3,CARRY,5.1,-0.01,-9.58,6.59,-0.01,1,0,320.5,234.0,6.0,0.12,0.01,50.3,13.26,-0.01,80.0,466.3,9.75
24.35,CARRY,5.12,-0.01,-9.58,6.6,-0.01,1,0,320.5,234.0,6.0,0.12,0.01,50.2,13.26,-0.01,80.0,465.5,9.688
24.4,CARRY,5.12,-0.01,-9.58,6.61,-0.01,1,0,320.5,234.0,6.0,0.12,0.01,48.8,13.26,-0.01,80.7,465.5,9.75
24.45,CARRY,5.13,-0.01,-9.58,6.63,-0.01,1,0,320.5,234.5,5.5,0.11,0.01,51.8,13.26,-0.01,81.2,465.3,9.688
24.5,CARRY,5.13,-0.01,-9.58,6.64,-0.01,1,0,320.0,234.0,6.0,0.12,0.0,48.5,13.26,-0.01,81.5,464.9,9.688
24.55,CARRY,5.14,-0.01,-9.58,6.65,-0.01,1,0,320.0,234.5,5.5,0.11,0.0,51.0,13.26,-0.01,82.0,464.6,9.688
24.61,CARRY,5.14,-0.01,-9.58,6.67,-0.01,1,0,320.0,234.0,6.0,0.12,0.0,50.3,13.26,-0.01,82.3,464.1,9.688
24.66,CARRY,5.15,-0.01,-9.58,6.68,-0.01,1,0,320.0,234.5,5.5,0.11,0.0,50.8,13.26,-0.01,82.8,463.9,9.625
24.71,CARRY,5.15,-0.01,-9.58,6.69,-0.01,1,0,320.0,234.0,6.0,0.12,0.0,51.1,13.26,-0.01,83.1,463.4,9.625
24.76,CARRY,5.17,-0.01,-9.58,6.7,-0.01,1,0,320.0,234.0,6.0,0.12,0.0,51.1,13.26,-0.01,83.1,462.7,9.625
24.81,CARRY,5.17,-0.01,-9.58,6.72,-0.01,1,0,320.0,233.5,6.5,0.13,0.0,47.8,13.26,-0.01,83.4,462.2,9.562
24.86,CARRY,5.18,-0.01,-9.58,6.73,-0.01,1,0,320.0,234.0,6.0,0.12,0.0,49.8,13.26,-0.01,83.9,462.1,9.5
24.91,CARRY,5.18,-0.01,-9.58,6.74,-0.01,1,0,320.5,234.0,6.0,0.12,0.01,48.4,13.26,-0.01,84.6,462.0,9.438
24.96,CARRY,5.19,-0.01,-9.58,6.76,-0.01,1,0,320.5,234.5,5.5,0.11,0.01,49.2,13.26,-0.01,85.1,461.8,9.438
25.01,CARRY,5.19,-0.01,-9.58,6.77,-0.01,1,0,321.0,234.0,6.1,0.12,0.02,48.0,13.26,-0.01,85.3,461.2,9.5
25.06,CARRY,5.2,-0.01,-9.58,6.78,-0.01,1,0,321.0,234.0,6.1,0.12,0.02,51.7,13.26,-0.01,85.4,460.6,9.5
25.12,CARRY,5.2,-0.01,-9.58,6.79,-0.01,1,0,321.0,233.5,6.6,0.13,0.02,50.7,13.26,-0.01,85.6,460.1,9.562
25.17,CARRY,5.21,-0.01,-9.58,6.81,-0.01,1,0,320.5,234.0,6.0,0.12,0.01,50.3,13.26,-0.01,86.3,459.9,9.5
25.22,CARRY,5.21,-0.01,-9.58,6.82,-0.01,1,0,320.5,233.5,6.5,0.13,0.01,49.2,13.26,-0.01,86.5,459.4,9.438
25.27,CARRY,5.22,-0.01,-9.58,6.83,-0.01,1,0,320.5,234.0,6.0,0.12,0.01,48.7,13.26,-0.01,87.1,459.3,9.438
25.32,CARRY,5.22,-0.01,-9.58,6.84,-0.01,1,0,320.5,234.0,6.0,0.12,0.01,50.1,13.26,-0.01,87.8,459.3,9.438
25.37,CARRY,5.24,-0.01,-9.58,6.86,-0.01,1,0,320.5,233.5,6.5,0.13,0.01,49.4,13.26,-0.01,87.3,458.1,9.375
25.42,CARRY,5.24,-0.01,-9.58,6.87,-0.01,1,0,320.5,233.5,6.5,0.13,0.01,48.0,13.26,-0.01,88.1,458.1,9.375
25.47,CARRY,5.25,-0.01,-9.58,6.88,-0.01,1,0,320.5,233.5,6.5,0.13,0.01,52.9,13.26,-0.01,88.1,457.4,9.438
25.53,CARRY,5.25,-0.01,-9.58,6.9,-0.01,1,0,320.5,233.5,6.5,0.13,0.01,48.9,13.26,-0.01,88.9,457.4,9.5
25.58,CARRY,5.26,-0.01,-9.58,6.91,-0.01,1,0,320.0,234.0,6.0,0.12,0.0,48.7,13.26,-0.01,89.5,457.2,9.5
25.63,CARRY,5.26,-0.01,-9.58,6.92,-0.01,1,0,320.0,233.5,6.5,0.13,0.0,48.0,13.26,-0.01,89.7,456.8,9.562
25.68,CARRY,5.27,-0.01,-9.58,6.93,-0.01,1,0,320.0,234.0,6.0,0.12,0.0,48.7,13.26,-0.01,90.2,456.6,9.562
25.73,CARRY,5.27,-0.01,-9.58,6.95,-0.01,1,0,320.5,233.5,6.5,0.13,0.01,48.9,13.26,-0.01,90.4,456.0,9.5
25.78,CARRY,5.28,-0.01,-9.58,6.96,-0.01,1,0,320.5,233.5,6.5,0.13,0.01,48.8,13.26,-0.01,90.4,455.3,9.438
25.83,CARRY,5.28,-0.01,-9.58,6.97,-0.01,1,0,320.5,233.5,6.5,0.13,0.01,48.9,13.26,-0.01,91.2,455.3,9.375
25.88,CARRY,5.29,-0.01,-9.58,6.98,-0.01,1,0,321.0,234.0,6.1,0.12,0.02,50.0,13.26,-0.01,91.6,455.0,9.25
25.93,CARRY,5.29,-0.01,-9.58,7.0,-0.01,1,0,321.0,233.0,7.1,0.14,0.02,47.9,13.26,-0.01,91.4,454.0,9.375
25.98,CARRY,5.31,-0.01,-9.58,7.01,-0.01,1,0,321.0,233.5,6.6,0.13,0.02,50.0,13.26,-0.01,91.9,453.8,9.312
26.03,CARRY,5.31,-0.01,-9.58,7.02,-0.01,1,0,321.0,233.0,7.1,0.14,0.02,48.1,13.26,-0.01,92.1,453.3,9.375
26.08,CARRY,5.32,-0.01,-9.58,7.03,-0.01,1,0,321.0,233.0,7.1,0.14,0.02,50.8,13.26,-0.01,92.1,452.6,9.312
26.13,CARRY,5.32,-0.01,-9.58,7.05,-0.01,1,0,321.0,232.5,7.6,0.15,0.02,48.2,13.26,-0.01,92.4,452.1,9.125
26.18,CARRY,5.33,-0.01,-9.58,7.06,-0.01,1,0,321.0,233.0,7.1,0.14,0.02,50.0,13.26,-0.01,92.8,451.8,9.125
26.23,CARRY,5.33,-0.01,-9.58,7.07,-0.01,1,0,321.0,233.0,7.1,0.14,0.02,48.9,13.26,-0.01,93.6,451.8,9.25
26.28,CARRY,5.35,-0.01,-9.58,7.08,-0.01,1,0,320.5,233.5,6.5,0.13,0.01,49.5,13.26,-0.01,94.1,451.7,9.25
26.33,CARRY,5.35,-0.01,-9.58,7.1,-0.01,1,0,320.5,233.0,7.0,0.14,0.01,48.9,13.26,-0.01,94.4,451.2,9.25
26.38,CARRY,5.36,-0.02,-9.58,7.11,-0.01,1,0,320.5,233.5,6.5,0.13,0.01,49.7,13.26,-0.01,94.8,450.9,9.25
26.43,CARRY,5.36,-0.02,-9.58,7.12,-0.01,1,0,321.0,233.0,7.1,0.14,0.02,48.0,13.26,-0.01,95.0,450.3,9.188
26.48,CARRY,5.37,-0.02,-9.58,7.13,-0.01,1,0,321.0,233.5,6.6,0.13,0.02,49.1,13.26,-0.01,95.4,450.1,9.25
26.53,CARRY,5.37,-0.02,-9.58,7.15,-0.01,1,0,321.0,233.0,7.1,0.14,0.02,47.8,13.26,-0.01,95.7,449.6,9.25
26.58,CARRY,5.39,-0.02,-9.58,7.16,-0.01,1,0,321.0,233.5,6.6,0.13,0.02,49.8,13.26,-0.01,96.1,449.3,9.312
26.63,CARRY,5.39,-0.02,-9.58,7.17,-0.01,1,0,321.5,233.0,7.2,0.14,0.03,49.1,13.26,-0.01,96.3,448.7,9.312
26.68,CARRY,5.4,-0.02,-9.58,7.19,-0.01,1,0,321.5,233.5,6.7,0.13,0.03,49.6,13.26,-0.01,96.7,448.4,9.312
26.73,CARRY,5.4,-0.02,-9.58,7.2,-0.01,1,0,321.5,233.0,7.2,0.14,0.03,48.6,13.26,-0.01,96.9,447.9,9.25
26.78,CARRY,5.41,-0.02,-9.58,7.21,-0.01,1,0,321.0,233.5,6.6,0.13,0.02,49.8,13.26,-0.01,97.4,447.7,9.312
26.84,CARRY,5.41,-0.02,-9.58,7.22,-0.01,1,0,321.0,233.5,6.6,0.13,0.02,48.3,13.26,-0.01,98.1,447.7,9.188
26.89,CARRY,5.43,-0.02,-9.58,7.24,-0.01,1,0,321.5,233.5,6.7,0.13,0.03,50.1,13.26,-0.01,98.0,446.8,9.125
26.94,CARRY,5.43,-0.02,-9.58,7.25,-0.01,1,0,321.0,233.0,7.1,0.14,0.02,48.0,13.26,-0.01,98.3,446.4,9.125
26.99,CARRY,5.44,-0.02,-9.58,7.26,-0.01,1,0,321.0,233.5,6.6,0.13,0.02,48.8,13.26,-0.01,98.7,446.1,9.062
27.04,CARRY,5.44,-0.02,-9.58,7.27,-0.01,1,0,321.0,233.5,6.6,0.13,0.02,48.9,13.26,-0.01,99.5,446.1,8.938
27.09,CARRY,5.45,-0.02,-9.58,7.29,-0.01,1,0,321.0,234.0,6.1,0.12,0.02,50.3,13.26,-0.01,99.9,445.8,8.688
27.14,CARRY,5.45,-0.02,-9.58,7.3,-0.01,1,0,321.0,233.5,6.6,0.13,0.02,49.4,13.26,-0.01,100.1,445.3,8.812
27.19,CARRY,5.47,-0.02,-9.58,7.31,-0.01,1,0,321.0,234.0,6.1,0.12,0.02,49.3,13.26,-0.01,100.6,445.0,8.688
27.24,CARRY,5.47,-0.02,-9.58,7.32,-0.01,1,0,321.0,233.5,6.6,0.13,0.02,49.2,13.26,-0.01,100.8,444.5,8.625
27.29,CARRY,5.48,-0.02,-9.58,7.34,-0.01,1,0,321.0,234.0,6.1,0.12,0.02,49.3,13.26,-0.01,101.2,444.2,8.562
27.34,CARRY,5.48,-0.02,-9.58,7.35,-0.01,1,0,321.0,234.0,6.1,0.12,0.02,49.4,13.26,-0.01,102.0,444.2,8.562
27.39,CARRY,5.5,-0.02,-9.58,7.36,-0.01,1,0,321.0,234.0,6.1,0.12,0.02,49.3,13.26,-0.01,101.9,443.5,8.562
27.44,CARRY,5.51,-0.02,-9.58,7.37,-0.01,1,0,321.0,234.0,6.1,0.12,0.02,49.3,13.26,-0.01,101.9,442.7,8.5
27.49,CARRY,5.51,-0.02,-9.58,7.39,-0.01,1,0,321.0,233.5,6.6,0.13,0.02,49.1,13.26,-0.01,102.1,442.2,8.312
27.54,CARRY,5.52,-0.02,-9.58,7.4,-0.01,1,0,321.5,234.0,6.2,0.12,0.03,51.1,13.26,-0.01,102.5,441.9,8.375
27.59,CARRY,5.52,-0.02,-9.58,7.41,-0.01,1,0,321.0,234.0,6.1,0.12,0.02,49.5,13.26,-0.01,103.3,442.0,8.438
27.64,CARRY,5.52,-0.02,-9.58,7.42,-0.01,1,0,321.5,233.5,6.7,0.13,0.03,49.7,13.26,-0.01,103.5,441.4,8.5
27.69,CARRY,5.53,-0.02,-9.58,7.44,-0.01,1,0,321.5,234.0,6.2,0.12,0.03,49.3,13.26,-0.01,104.0,441.2,8.625
27.74,CARRY,5.55,-0.02,-9.58,7.45,-0.01,1,0,321.5,234.5,5.7,0.11,0.03,48.9,13.26,-0.01,104.5,440.9,8.5
27.79,CARRY,5.55,-0.02,-9.58,7.46,-0.01,1,0,321.5,234.5,5.7,0.11,0.03,48.9,13.26,-0.01,105.2,440.9,8.5
27.84,CARRY,5.56,-0.02,-9.58,7.47,-0.01,1,0,321.5,234.5,5.7,0.11,0.03,48.2,13.26,-0.01,105.2,440.2,8.5
27.89,CARRY,5.56,-0.02,-9.58,7.49,-0.01,1,0,321.5,233.5,6.7,0.13,0.03,47.9,13.26,-0.01,104.9,439.2,8.438
27.94,CARRY,5.57,-0.02,-9.58,7.5,-0.01,1,0,321.5,234.0,6.2,0.12,0.03,49.4,13.26,-0.01,105.4,439.0,8.375
27.99,CARRY,5.57,-0.02,-9.58,7.51,-0.01,1,0,321.5,233.5,6.7,0.13,0.03,48.2,13.26,-0.01,105.7,438.5,8.375
28.04,CARRY,5.58,-0.02,-9.58,7.52,-0.01,1,0,321.5,234.0,6.2,0.12,0.03,49.8,13.26,-0.01,106.2,438.3,8.312
28.09,CARRY,5.58,-0.02,-9.58,7.54,-0.01,1,0,321.0,234.0,6.1,0.12,0.02,51.1,13.26,-0.01,107.0,438.4,8.312
28.15,CARRY,5.6,-0.02,-9.58,7.55,-0.01,1,0,321.0,233.5,6.6,0.13,0.02,51.0,13.26,-0.01,106.5,437.1,8.188
28.2,CARRY,5.6,-0.02,-9.58,7.56,-0.01,1,0,321.0,233.5,6.6,0.13,0.02,50.2,13.26,-0.01,107.2,437.1,8.188
28.25,CARRY,5.61,-0.02,-9.58,7.58,-0.01,1,0,321.0,234.0,6.1,0.12,0.02,49.7,13.26,-0.01,107.8,436.9,8.062
28.3,CARRY,5.61,-0.02,-9.58,7.59,-0.01,1,0,320.5,233.5,6.5,0.13,0.01,49.9,13.26,-0.01,108.1,436.5,8.125
28.35,CARRY,5.62,-0.02,-9.58,7.6,-0.01,1,0,320.5,234.0,6.0,0.12,0.01,50.6,13.26,-0.01,108.6,436.2,7.875
28.4,CARRY,5.62,-0.02,-9.58,7.61,-0.01,1,0,321.0,234.0,6.1,0.12,0.02,49.8,13.26,-0.01,109.2,436.2,7.875
28.45,CARRY,5.63,-0.02,-9.58,7.63,-0.01,1,0,321.0,233.5,6.6,0.13,0.02,50.9,13.26,-0.01,108.8,435.0,7.781
28.5,CARRY,5.63,-0.02,-9.58,7.64,-0.01,1,0,321.0,233.5,6.6,0.13,0.02,47.7,13.26,-0.01,109.5,435.0,7.719
28.55,CARRY,5.65,-0.02,-9.58,7.65,-0.01,1,0,321.0,234.0,6.1,0.12,0.02,48.8,13.26,-0.01,110.0,434.8,7.625
28.6,CARRY,5.65,-0.02,-9.58,7.67,-0.01,1,0,320.5,234.0,6.0,0.12,0.01,48.1,13.26,-0.01,110.8,434.8,7.531
28.65,CARRY,5.66,-0.02,-9.58,7.68,-0.01,1,0,320.5,234.5,5.5,0.11,0.01,50.1,13.26,-0.01,111.3,434.6,7.531
28.71,CARRY,5.66,-0.02,-9.58,7.69,-0.01,1,0,320.5,234.0,6.0,0.12,0.01,48.6,13.26,-0.01,111.6,434.1,7.281
28.76,CARRY,5.67,-0.02,-9.58,7.7,-0.01,1,0,321.0,234.5,5.6,0.11,0.02,49.8,13.26,-0.01,112.0,433.8,7.219
28.81,CARRY,5.67,-0.02,-9.58,7.72,-0.01,1,0,321.0,234.0,6.1,0.12,0.02,48.0,13.26,-0.01,112.3,433.3,7.125
28.86,CARRY,5.68,-0.02,-9.58,7.73,-0.01,1,0,321.0,234.0,6.1,0.12,0.02,50.9,13.26,-0.01,112.3,432.6,7.125
28.91,CARRY,5.68,-0.02,-9.58,7.74,-0.01,1,0,321.0,233.5,6.6,0.13,0.02,48.3,13.26,-0.01,112.5,432.1,6.875
28.96,CARRY,5.7,-0.02,-9.58,7.75,-0.01,1,0,320.5,234.5,5.5,0.11,0.01,49.6,13.26,-0.01,113.6,432.5,6.219
29.01,CARRY,5.7,-0.02,-9.58,7.77,-0.01,1,0,321.0,234.5,5.6,0.11,0.02,47.7,13.26,-0.01,114.3,432.4,6.125
29.06,CARRY,5.71,-0.02,-9.58,7.78,-0.01,1,0,321.0,235.0,5.1,0.1,0.02,51.4,13.26,-0.01,114.8,432.2,5.75
29.11,CARRY,5.71,-0.02,-9.58,7.79,-0.01,1,0,321.0,234.5,5.6,0.11,0.02,48.5,13.26,-0.01,115.1,431.7,5.594
29.16,CARRY,5.72,-0.02,-9.58,7.8,-0.01,1,0,321.0,234.5,5.6,0.11,0.02,50.3,13.26,-0.01,115.1,431.0,5.625
29.21,CARRY,5.72,-0.02,-9.58,7.82,-0.01,1,0,321.0,234.0,6.1,0.12,0.02,48.3,13.26,-0.01,115.3,430.5,5.438
29.26,CARRY,5.73,-0.01,-9.58,7.83,-0.01,1,0,321.0,234.0,6.1,0.12,0.02,49.7,13.26,-0.01,115.4,429.9,4.938
29.31,CARRY,5.73,-0.01,-9.58,7.84,-0.01,1,0,321.0,233.5,6.6,0.13,0.02,48.3,13.26,-0.01,115.6,429.4,3.859
29.36,CARRY,5.74,-0.01,-9.58,7.86,-0.01,1,0,,,,0.226,0.025,49.6,13.26,-0.01,,,-0.334
29.41,CARRY,5.74,-0.01,-9.58,7.87,-0.01,1,0,,,,0.232,0.026,49.7,13.26,-0.01,,,-2.844
29.46,CARRY,5.75,-0.01,-9.58,7.88,-0.01,1,0,,,,0.233,0.025,49.3,13.26,-0.01,,,-3.141
29.51,CARRY,5.75,-0.01,-9.58,7.89,-0.01,1,0,,,,0.239,0.025,50.2,13.26,-0.01,,,-3.344
29.57,CARRY,5.77,-0.01,-9.58,7.91,-0.01,1,0,,,,0.239,0.025,49.7,13.26,-0.01,,,-3.562
29.62,CARRY,5.77,-0.01,-9.58,7.92,-0.01,1,0,,,,0.245,0.025,50.6,13.26,-0.01,,,-3.422
29.67,CARRY,5.78,-0.01,-9.58,7.93,-0.01,1,0,,,,0.245,0.024,50.2,13.26,-0.01,,,-2.562
29.72,CARRY,5.78,-0.01,-9.58,7.94,-0.01,1,0,,,,0.252,0.025,48.6,13.26,-0.01,,,-2.844
29.77,CARRY,5.79,-0.01,-9.58,7.96,-0.01,1,0,,,,0.25,0.024,49.1,13.26,-0.01,,,-2.906
29.82,CARRY,5.79,-0.01,-9.58,7.97,-0.01,1,0,,,,0.256,0.024,48.5,13.26,-0.01,,,-3.203
29.87,CARRY,5.81,-0.01,-9.58,7.98,-0.01,1,0,,,,0.254,0.023,49.7,13.26,-0.01,,,-3.094
29.92,CARRY,5.81,-0.01,-9.58,7.99,-0.01,1,0,,,,0.261,0.024,49.4,13.26,-0.01,,,-3.344
29.97,CARRY,5.83,-0.01,-9.58,8.01,-0.01,1,0,,,,0.257,0.023,50.0,13.26,-0.01,,,-3.531
30.02,CARRY,5.83,-0.01,-9.58,8.02,-0.01,1,1,,,,0.264,0.023,48.5,13.26,-0.01,,,-3.719
30.07,CARRY,5.85,-0.01,-9.58,8.03,-0.01,1,1,,,,0.26,0.022,48.8,13.26,-0.01,,,-3.766
30.12,CARRY,5.85,-0.01,-9.58,8.04,-0.01,1,1,,,,0.266,0.023,49.3,13.26,-0.01,,,-3.312
30.17,CARRY,5.87,-0.01,-9.58,8.06,-0.01,1,1,,,,0.262,0.022,50.0,13.26,-0.01,,,-3.5
30.22,CARRY,5.87,-0.01,-9.58,8.07,-0.01,1,1,,,,0.268,0.022,49.8,13.26,-0.01,,,-3.484
30.27,CARRY,5.89,-0.01,-9.58,8.08,-0.01,1,1,,,,0.263,0.021,49.1,13.26,-0.01,,,-3.719
30.32,CARRY,5.89,-0.01,-9.58,8.09,-0.01,1,1,,,,0.269,0.022,47.5,13.26,-0.01,,,-3.594
30.37,CARRY,5.92,-0.01,-9.58,8.11,-0.01,1,1,,,,0.263,0.021,51.2,13.26,-0.01,,,-3.312
30.42,CARRY,5.92,-0.01,-9.58,8.12,-0.01,1,1,,,,0.269,0.021,48.6,13.26,-0.01,,,-3.266
30.48,CARRY,5.94,-0.01,-9.58,8.13,-0.01,1,1,,,,0.264,0.02,50.8,13.26,-0.01,,,-3.078
30.53,CARRY,5.94,-0.01,-9.58,8.15,-0.01,1,1,,,,0.27,0.02,49.1,13.26,-0.01,,,-3.094
30.58,CARRY,5.97,-0.01,-9.58,8.16,-0.01,1,1,,,,0.264,0.019,48.6,13.26,-0.01,,,-3.328
30.63,CARRY,5.97,-0.01,-9.58,8.17,-0.01,1,1,,,,0.27,0.02,49.9,13.26,-0.01,,,-3.375
30.68,CARRY,5.99,-0.01,-9.58,8.18,-0.01,1,1,,,,0.263,0.019,48.6,13.26,-0.01,,,-3.609
30.73,CARRY,5.99,-0.01,-9.58,8.2,-0.01,1,1,,,,0.269,0.019,48.0,13.26,-0.01,,,-3.609
30.78,CARRY,6.02,-0.01,-9.58,8.21,-0.01,1,1,,,,0.263,0.019,51.8,13.26,-0.01,,,-3.922
30.83,CARRY,6.02,-0.01,-9.58,8.22,-0.01,1,1,,,,0.269,0.019,48.2,13.26,-0.01,,,-3.828
30.88,CARRY,6.04,-0.01,-9.58,8.23,-0.01,1,1,,,,0.262,0.018,49.4,13.26,-0.01,,,-3.688
30.93,CARRY,6.04,-0.01,-9.58,8.25,-0.01,1,1,,,,0.268,0.019,47.8,13.26,-0.01,,,-3.656
30.98,CARRY,6.07,-0.01,-9.58,8.26,-0.01,1,1,,,,0.261,0.018,51.4,13.26,-0.01,,,-3.156
31.03,CARRY,6.07,-0.01,-9.58,8.27,-0.01,1,1,,,,0.268,0.019,48.0,13.26,-0.01,,,-3.188
31.08,CARRY,6.09,-0.01,-9.58,8.29,-0.01,1,1,,,,0.261,0.018,50.4,13.26,-0.01,,,-3.234
31.13,CARRY,6.09,-0.01,-9.58,8.3,-0.01,1,1,,,,0.267,0.019,48.3,13.26,-0.01,,,-3.297
31.18,CARRY,6.12,-0.01,-9.58,8.31,-0.01,1,1,,,,0.26,0.018,50.7,13.26,-0.01,,,-3.125
31.24,CARRY,6.12,-0.01,-9.58,8.32,-0.01,1,1,,,,0.266,0.019,47.7,13.26,-0.01,,,-3.156
31.29,CARRY,6.15,-0.02,-9.58,8.34,-0.01,1,1,,,,0.259,0.018,48.6,13.26,-0.01,,,-3.75
31.34,CARRY,6.15,-0.02,-9.58,8.35,-0.01,1,1,,,,0.265,0.019,49.7,13.26,-0.01,,,-3.672
31.39,CARRY,6.17,-0.02,-9.58,8.36,-0.01,1,1,,,,0.258,0.018,48.7,13.26,-0.01,,,-4.0
31.44,CARRY,6.17,-0.02,-9.58,8.37,-0.01,1,1,,,,0.264,0.018,49.7,13.26,-0.01,,,-3.859
31.49,CARRY,6.2,-0.02,-9.58,8.39,-0.01,1,1,,,,0.257,0.018,49.6,13.26,-0.01,,,-3.719
31.54,CARRY,6.2,-0.02,-9.58,8.4,-0.01,1,1,,,,0.263,0.018,48.9,13.26,-0.01,,,-3.766
31.59,CARRY,6.23,-0.02,-9.58,8.41,-0.01,1,1,,,,0.256,0.018,49.6,13.26,-0.01,,,-3.719
31.64,CARRY,6.25,-0.02,-9.58,8.42,-0.01,1,1,,,,0.249,0.017,48.7,13.26,-0.01,,,-3.797
31.69,CARRY,6.25,-0.02,-9.58,8.44,-0.01,1,1,,,,0.255,0.018,47.5,13.26,-0.01,,,-3.766
31.74,CARRY,6.28,-0.02,-9.58,8.45,-0.01,1,1,,,,0.248,0.017,50.0,13.26,-0.01,,,-4.094
31.79,CARRY,6.28,-0.02,-9.58,8.46,-0.01,1,1,,,,0.254,0.018,47.7,13.26,-0.01,,,-4.031
31.84,CARRY,6.28,-0.02,-9.58,8.47,-0.01,1,1,,,,0.261,0.018,48.3,13.26,-0.01,,,-4.0
31.89,CARRY,6.31,-0.02,-9.58,8.49,-0.01,1,1,,,,0.254,0.017,50.9,13.26,-0.01,,,-3.688
31.94,CARRY,6.31,-0.02,-9.58,8.5,-0.01,1,1,,,,0.26,0.018,48.6,13.26,-0.01,,,-3.781
31.99,CARRY,6.33,-0.03,-9.58,8.51,-0.01,1,1,,,,0.253,0.017,47.9,13.26,-0.01,,,-3.688
32.04,CARRY,6.36,-0.03,-9.58,8.52,-0.01,1,1,,,,0.246,0.017,50.0,13.26,-0.01,,,-3.625
32.09,CARRY,6.36,-0.03,-9.58,8.54,-0.01,1,1,,,,0.252,0.017,49.2,13.26,-0.01,,,-3.719
32.14,CARRY,6.38,-0.03,-9.58,8.55,-0.01,1,1,,,,0.246,0.017,49.3,13.26,-0.01,,,-3.625
32.19,CARRY,6.38,-0.03,-9.58,8.56,-0.01,1,1,,,,0.252,0.018,48.1,13.26,-0.01,,,-3.672
32.24,CARRY,6.41,-0.03,-9.58,8.57,-0.01,1,1,,,,0.245,0.017,50.1,13.26,-0.01,,,-3.969
32.29,CARRY,6.41,-0.03,-9.58,8.59,-0.01,1,1,,,,0.251,0.018,48.6,13.26,-0.01,,,-3.953
32.34,REGROUND,6.43,-0.03,-9.58,8.6,-0.01,1,1,,,,-2.084,-0.285,56.3,13.26,-0.01,,,-3.844
32.4,REGROUND,6.43,-0.03,-9.58,8.61,-0.01,1,1,,,,-2.083,-0.285,3.9,13.26,-0.01,,,
32.45,REGROUND,6.46,-0.03,-9.58,8.63,-0.01,1,1,,,,-2.093,-0.279,2.6,13.26,-0.01,,,
32.5,REGROUND,6.46,-0.03,-9.58,8.64,-0.01,1,1,,,,-2.096,-0.279,2.0,13.26,-0.01,,,
32.55,REGROUND,6.48,-0.04,-9.58,8.65,-0.01,1,1,,,,-2.1,-0.279,2.7,13.26,-0.01,,,
32.6,REGROUND,6.48,-0.04,-9.58,8.66,-0.01,1,1,,,,-2.103,-0.279,2.0,13.26,-0.01,,,
32.65,REGROUND,6.51,-0.04,-9.58,8.68,-0.01,1,1,,,,-2.113,-0.279,2.8,13.26,-0.01,,,
32.7,REGROUND,6.51,-0.04,-9.58,8.69,-0.01,1,1,,,,-2.113,-0.279,1.9,13.26,-0.01,,,
32.75,REGROUND,6.52,-0.04,-9.58,8.7,-0.01,1,1,,,,-2.119,-0.279,2.7,13.26,-0.01,,,
32.8,REGROUND,6.52,-0.04,-9.58,8.71,-0.01,1,1,,,,-2.121,-0.28,1.9,13.26,-0.01,,,
32.85,REGROUND,6.53,-0.04,-9.58,8.73,-0.01,1,1,,,,-2.123,-0.286,2.4,13.26,-0.01,,,
32.9,REGROUND,6.53,-0.04,-9.58,8.74,-0.01,1,1,,,,-2.134,-0.287,1.9,13.26,-0.01,,,
32.95,REGROUND,6.51,-0.04,-9.58,8.75,-0.01,1,1,,,,-2.137,-0.29,2.4,13.26,-0.01,,,
33.0,REGROUND,6.51,-0.04,-9.58,8.76,-0.01,1,1,,,,-2.147,-0.292,1.9,13.26,-0.01,,,
33.05,REGROUND,6.48,-0.04,-9.58,8.78,-0.01,1,1,,,,-2.139,-0.293,2.6,13.26,-0.01,,,
33.1,REGROUND,6.48,-0.04,-9.58,8.79,-0.01,1,1,,,,-2.15,-0.294,2.0,13.26,-0.01,,,
33.15,REGROUND,6.42,-0.05,-9.58,8.8,-0.01,1,1,,,,-2.13,-0.292,2.5,13.26,-0.01,,,
33.2,REGROUND,6.42,-0.05,-9.58,8.81,-0.01,1,1,,,,-2.14,-0.294,1.9,13.26,-0.01,,,
33.25,REGROUND,6.33,-0.05,-9.58,8.83,-0.01,1,1,,,,-2.106,-0.289,2.6,13.26,-0.01,,,
33.3,REGROUND,6.33,-0.05,-9.58,8.84,-0.01,1,1,,,,-2.117,-0.291,1.8,13.26,-0.01,,,
33.35,REGROUND,6.22,-0.05,-9.58,8.85,-0.01,1,1,,,,-2.072,-0.282,2.5,13.26,-0.01,,,
33.4,REGROUND,6.22,-0.05,-9.58,8.86,-0.01,1,1,,,,-2.082,-0.284,1.6,13.26,-0.01,,,
33.45,REGROUND,6.08,-0.05,-9.58,8.88,-0.01,1,1,,,,-2.026,-0.274,2.4,13.26,-0.01,,,
33.5,REGROUND,6.08,-0.05,-9.58,8.89,-0.01,1,1,,,,-2.036,-0.275,1.9,13.26,-0.01,,,
33.55,REGROUND,5.93,-0.05,-9.58,8.9,-0.01,1,1,,,,-1.972,-0.266,2.4,13.26,-0.01,,,
33.6,REGROUND,5.93,-0.05,-9.58,8.92,-0.01,1,1,,,,-1.982,-0.267,1.8,13.26,-0.01,,,
33.65,REGROUND,5.77,-0.05,-9.58,8.93,-0.01,1,1,,,,-1.912,-0.257,2.4,13.26,-0.01,,,
33.7,REGROUND,5.77,-0.05,-9.58,8.94,-0.01,1,1,,,,-1.922,-0.259,1.9,13.26,-0.01,,,
33.75,REGROUND,5.6,-0.05,-9.58,8.95,-0.01,1,1,,,,-1.847,-0.25,2.6,13.26,-0.01,,,
33.8,REGROUND,5.6,-0.05,-9.58,8.97,-0.01,1,1,,,,-1.857,-0.251,1.9,13.26,-0.01,,,
33.85,REGROUND,5.42,-0.05,-9.58,8.98,-0.01,1,1,,,,-1.779,-0.242,2.5,13.26,-0.01,,,
33.9,REGROUND,5.42,-0.05,-9.58,8.99,-0.01,1,1,,,,-1.789,-0.244,1.9,13.26,-0.01,,,
33.95,REGROUND,5.24,-0.05,-9.58,9.0,-0.01,1,1,,,,-1.71,-0.234,2.5,13.26,-0.01,,,
34.0,REGROUND,5.24,-0.05,-9.58,9.02,-0.01,1,1,,,,-1.72,-0.236,1.8,13.26,-0.01,,,
34.05,REGROUND,5.06,-0.05,-9.58,9.03,-0.01,1,1,,,,-1.64,-0.226,2.5,13.26,-0.01,,,
34.1,REGROUND,5.06,-0.05,-9.58,9.04,-0.01,1,1,,,,-1.65,-0.227,1.8,13.26,-0.01,,,
34.15,REGROUND,4.88,-0.05,-9.58,9.05,-0.01,1,1,,,,-1.57,-0.218,2.4,13.26,-0.01,,,
34.2,REGROUND,4.88,-0.05,-9.58,9.07,-0.01,1,1,,,,-1.58,-0.219,1.9,13.26,-0.01,,,
34.25,REGROUND,4.7,-0.05,-9.58,9.08,-0.01,1,1,,,,-1.501,-0.209,2.4,13.26,-0.01,,,
34.3,REGROUND,4.7,-0.05,-9.58,9.09,-0.01,1,1,,,,-1.511,-0.211,1.8,13.26,-0.01,,,
34.35,REGROUND,4.52,-0.05,-9.58,9.1,-0.01,1,1,,,,-1.434,-0.201,2.3,13.26,-0.01,,,
34.4,REGROUND,4.52,-0.05,-9.58,9.12,-0.01,1,1,,,,-1.444,-0.202,1.8,13.26,-0.01,,,
34.45,REGROUND,4.35,-0.05,-9.58,9.13,-0.01,1,1,,,,-1.368,-0.192,2.3,13.26,-0.01,,,
34.5,REGROUND,4.35,-0.05,-9.58,9.14,-0.01,1,1,,,,-1.378,-0.194,1.9,13.26,-0.01,,,
34.55,REGROUND,4.18,-0.05,-9.58,9.15,-0.01,1,1,,,,-1.304,-0.184,2.5,13.26,-0.01,,,
34.6,REGROUND,4.18,-0.05,-9.58,9.17,-0.01,1,1,,,,-1.314,-0.186,1.9,13.26,-0.01,,,
34.65,REGROUND,4.01,-0.05,-9.58,9.18,-0.01,1,1,,,,-1.243,-0.176,2.6,13.26,-0.01,,,
34.71,REGROUND,4.01,-0.05,-9.58,9.19,-0.01,1,1,,,,-1.253,-0.178,1.8,13.26,-0.01,,,
34.76,REGROUND,3.86,-0.05,-9.58,9.2,-0.01,1,1,,,,-1.185,-0.169,5.3,13.26,-0.01,,,
34.81,REGROUND,3.86,-0.05,-9.58,9.22,-0.01,1,1,,,,-1.195,-0.17,1.8,13.26,-0.01,,,
34.86,REGROUND,3.7,-0.06,-9.58,9.23,-0.01,1,1,,,,-1.129,-0.161,2.5,13.26,-0.01,,,
34.91,REGROUND,3.7,-0.06,-9.58,9.24,-0.01,1,1,,,,-1.14,-0.163,1.8,13.26,-0.01,,,
34.96,REGROUND,3.55,-0.06,-9.58,9.25,-0.01,1,1,,,,-1.076,-0.154,2.3,13.26,-0.01,,,
35.01,REGROUND,3.55,-0.06,-9.58,9.27,-0.01,1,0,,,,-1.086,-0.155,1.8,13.26,-0.01,,,
35.06,REGROUND,3.41,-0.06,-9.58,9.28,-0.01,1,0,,,,-1.025,-0.147,2.4,13.26,-0.01,,,
35.11,REGROUND,3.41,-0.06,-9.58,9.29,-0.01,1,0,,,,-1.036,-0.149,1.8,13.26,-0.01,,,
35.16,REGROUND,3.27,-0.06,-9.58,9.3,-0.01,1,0,,,,-0.977,-0.14,2.3,13.26,-0.01,,,
35.21,REGROUND,3.27,-0.06,-9.58,9.32,-0.01,1,0,,,,-0.987,-0.142,1.8,13.26,-0.01,,,
35.26,REGROUND,3.14,-0.07,-9.58,9.33,-0.01,1,0,,,,-0.932,-0.134,2.5,13.26,-0.01,,,
35.31,REGROUND,3.14,-0.07,-9.58,9.34,-0.01,1,0,,,,-0.942,-0.135,1.9,13.26,-0.01,,,
35.36,REGROUND,3.01,-0.07,-9.58,9.35,-0.01,0,0,,,,-0.889,-0.128,2.5,13.26,-0.01,,,
35.41,REGROUND,3.01,-0.07,-9.58,9.37,-0.01,0,0,,,,-0.899,-0.129,1.8,13.26,-0.01,,,
35.46,REGROUND,2.89,-0.07,-9.58,9.38,-0.01,0,0,,,,-0.849,-0.122,2.5,13.26,-0.01,,,
35.51,REGROUND,2.89,-0.07,-9.58,9.39,-0.01,0,0,,,,-0.859,-0.123,1.7,13.26,-0.01,,,
35.56,REGROUND,2.77,-0.08,-9.58,9.4,-0.01,0,0,,,,-0.811,-0.116,2.6,13.26,-0.01,,,
35.61,REGROUND,2.77,-0.08,-9.58,9.42,-0.01,0,0,,,,-0.822,-0.118,1.8,13.26,-0.01,,,
35.66,REGROUND,2.66,-0.08,-9.58,9.43,-0.01,0,0,,,,-0.776,-0.111,2.5,13.26,-0.01,,,
35.71,REGROUND,2.66,-0.08,-9.58,9.44,-0.01,0,0,,,,-0.786,-0.112,1.8,13.26,-0.01,,,
35.76,REGROUND,2.55,-0.08,-9.58,9.45,-0.01,0,0,,,,-0.743,-0.106,2.4,13.26,-0.01,,,
35.81,REGROUND,2.55,-0.08,-9.58,9.47,-0.01,0,0,,,,-0.753,-0.107,1.8,13.26,-0.01,,,
35.86,REGROUND,2.45,-0.08,-9.58,9.48,-0.01,0,0,,,,-0.712,-0.101,2.3,13.26,-0.01,,,
35.91,REGROUND,2.45,-0.08,-9.58,9.49,-0.01,0,0,,,,-0.722,-0.103,1.8,13.26,-0.01,,,
35.96,REGROUND,2.35,-0.09,-9.58,9.5,-0.01,0,0,,,,-0.683,-0.097,2.2,13.26,-0.01,,,
36.01,REGROUND,2.35,-0.09,-9.58,9.52,-0.01,0,0,,,,-0.693,-0.099,1.8,13.26,-0.01,,,
36.06,REGROUND,2.25,-0.09,-9.58,9.53,-0.01,0,0,,,,-0.656,-0.093,2.6,13.26,-0.01,,,
36.11,REGROUND,2.25,-0.09,-9.58,9.54,-0.01,0,0,,,,-0.666,-0.094,1.8,13.26,-0.01,,,
36.16,REGROUND,2.16,-0.09,-9.58,9.55,-0.01,0,0,,,,-0.631,-0.089,2.5,13.26,-0.01,,,
36.21,REGROUND,2.16,-0.09,-9.58,9.57,-0.01,0,0,,,,-0.641,-0.091,1.8,13.26,-0.01,,,
36.26,REGROUND,2.07,-0.09,-9.58,9.58,-0.01,0,0,,,,-0.607,-0.085,2.4,13.26,-0.01,,,
36.31,REGROUND,2.07,-0.09,-9.58,9.59,-0.01,0,0,,,,-0.618,-0.087,1.8,13.26,-0.01,,,
36.36,REGROUND,1.99,-0.1,-9.58,9.6,-0.01,0,0,,,,-0.586,-0.082,2.5,13.26,-0.01,,,
36.41,REGROUND,1.99,-0.1,-9.58,9.62,-0.01,0,0,,,,-0.596,-0.084,1.8,13.26,-0.01,,,
36.46,REGROUND,1.91,-0.1,-9.58,9.63,-0.01,0,0,,,,-0.566,-0.079,2.4,13.26,-0.01,,,
36.51,REGROUND,1.91,-0.1,-9.58,9.64,-0.01,0,0,,,,-0.576,-0.081,1.8,13.26,-0.01,,,
36.56,REGROUND,1.83,-0.1,-9.58,9.65,-0.01,0,0,,,,-0.547,-0.077,2.5,13.26,-0.01,,,
36.61,REGROUND,1.83,-0.1,-9.58,9.67,-0.01,0,0,,,,-0.557,-0.078,1.9,13.26,-0.01,,,
36.66,REGROUND,1.76,-0.1,-9.58,9.68,-0.01,0,0,,,,-0.53,-0.074,2.4,13.26,-0.01,,,
36.71,REGROUND,1.76,-0.1,-9.58,9.69,-0.01,0,0,,,,-0.541,-0.076,1.8,13.26,-0.01,,,
36.76,REGROUND,1.68,-0.11,-9.58,9.7,-0.01,0,0,,,,-0.515,-0.072,2.5,13.26,-0.01,,,
36.81,REGROUND,1.68,-0.11,-9.58,9.72,-0.01,0,0,,,,-0.525,-0.073,1.8,13.26,-0.01,,,
36.86,REGROUND,1.61,-0.11,-9.58,9.73,-0.01,0,0,,,,-0.501,-0.07,2.5,13.26,-0.01,,,
36.91,REGROUND,1.61,-0.11,-9.58,9.74,-0.01,0,0,,,,-0.511,-0.071,1.9,13.26,-0.01,,,
36.96,REGROUND,1.55,-0.11,-9.58,9.75,-0.01,0,0,,,,-0.488,-0.068,2.5,13.26,-0.01,,,
37.01,REGROUND,1.55,-0.11,-9.58,9.77,-0.01,0,0,,,,-0.499,-0.069,1.8,13.26,-0.01,,,
37.06,REGROUND,1.48,-0.11,-9.58,9.78,-0.01,0,0,,,,-0.477,-0.066,2.4,13.26,-0.01,,,
37.11,REGROUND,1.48,-0.11,-9.58,9.79,-0.01,0,0,,,,-0.487,-0.068,4.7,13.26,-0.01,,,
37.16,REGROUND,1.42,-0.11,-9.58,9.8,-0.01,0,0,,,,-0.466,-0.064,2.6,13.26,-0.01,,,
37.21,REGROUND,1.42,-0.11,-9.58,9.82,-0.01,0,0,,,,-0.476,-0.066,1.7,13.26,-0.01,,,
37.26,REGROUND,1.36,-0.11,-9.58,9.83,-0.01,0,0,,,,-0.457,-0.063,2.5,13.26,-0.01,,,
37.31,REGROUND,1.36,-0.11,-9.58,9.84,-0.01,0,0,,,,-0.467,-0.065,1.8,13.26,-0.01,,,
37.36,REGROUND,1.3,-0.12,-9.58,9.85,-0.01,0,0,,,,-0.448,-0.062,2.4,13.26,-0.01,,,
37.41,REGROUND,1.3,-0.12,-9.58,9.87,-0.01,0,0,,,,-0.459,-0.064,1.8,13.26,-0.01,,,
37.46,REGROUND,1.25,-0.12,-9.58,9.88,-0.01,0,0,,,,-0.441,-0.061,2.3,13.26,-0.01,,,
37.51,REGROUND,1.25,-0.12,-9.58,9.89,-0.01,0,0,,,,-0.451,-0.063,1.8,13.26,-0.01,,,
37.56,REGROUND,1.19,-0.12,-9.58,9.9,-0.01,0,0,,,,-0.434,-0.061,2.6,13.26,-0.01,,,
37.61,REGROUND,1.19,-0.12,-9.58,9.92,-0.01,0,0,,,,-0.445,-0.062,1.8,13.26,-0.01,,,
37.66,REGROUND,1.14,-0.12,-9.58,9.93,-0.01,0,0,,,,-0.429,-0.061,2.6,13.26,-0.01,,,
37.71,REGROUND,1.14,-0.12,-9.58,9.94,-0.01,0,0,,,,-0.439,-0.062,1.8,13.26,-0.01,,,
37.76,REGROUND,1.09,-0.12,-9.58,9.95,-0.01,0,0,,,,-0.424,-0.06,2.5,13.26,-0.01,,,
37.81,REGROUND,1.09,-0.12,-9.58,9.97,-0.01,0,0,,,,-0.434,-0.062,1.8,13.26,-0.01,,,
37.86,REGROUND,1.04,-0.12,-9.58,9.98,-0.01,0,0,,,,-0.42,-0.06,2.5,13.26,-0.01,,,
37.91,REGROUND,1.04,-0.12,-9.58,9.99,-0.01,0,0,,,,-0.43,-0.062,1.7,13.26,-0.01,,,
37.96,REGROUND,0.99,-0.12,-9.58,10.0,-0.01,0,0,,,,-0.416,-0.06,2.5,13.26,-0.01,,,
38.01,REGROUND,0.99,-0.12,-9.58,10.02,-0.01,0,0,,,,-0.426,-0.062,1.8,13.26,-0.01,,,
38.06,REGROUND,0.95,-0.12,-9.58,10.03,-0.01,0,0,,,,-0.413,-0.061,2.4,13.26,-0.01,,,
38.11,REGROUND,0.95,-0.12,-9.58,10.04,-0.01,0,0,,,,-0.423,-0.062,1.8,13.26,-0.01,,,
38.16,REGROUND,0.9,-0.12,-9.58,10.05,-0.01,0,0,,,,-0.411,-0.061,2.4,13.26,-0.01,,,
38.21,REGROUND,0.9,-0.12,-9.58,10.07,-0.01,0,0,,,,-0.421,-0.063,1.8,13.26,-0.01,,,
38.26,REGROUND,0.86,-0.12,-9.58,10.08,-0.01,0,0,,,,-0.409,-0.061,2.5,13.26,-0.01,,,
38.31,REGROUND,0.86,-0.12,-9.58,10.09,-0.01,0,0,,,,-0.419,-0.063,1.9,13.26,-0.01,,,
38.36,REGROUND,0.81,-0.12,-9.58,10.1,-0.01,0,0,,,,-0.407,-0.062,2.5,13.26,-0.01,,,
38.41,REGROUND,0.81,-0.12,-9.58,10.12,-0.01,0,0,,,,-0.418,-0.064,1.8,13.26,-0.01,,,
38.46,REGROUND,0.77,-0.12,-9.58,10.13,-0.01,0,0,,,,-0.406,-0.063,2.5,13.26,-0.01,,,
38.51,REGROUND,0.77,-0.12,-9.58,10.14,-0.01,0,0,,,,-0.416,-0.064,1.8,13.26,-0.01,,,
38.56,REGROUND,0.73,-0.12,-9.58,10.15,-0.01,0,0,,,,-0.405,-0.063,2.7,13.26,-0.01,,,
38.61,REGROUND,0.73,-0.12,-9.58,10.17,-0.01,0,0,,,,-0.415,-0.065,1.8,13.26,-0.01,,,
38.66,REGROUND,0.68,-0.12,-9.58,10.18,-0.01,0,0,,,,-0.405,-0.064,2.5,13.26,-0.01,,,
38.71,REGROUND,0.68,-0.12,-9.58,10.19,-0.01,0,0,,,,-0.415,-0.065,1.8,13.26,-0.01,,,
38.76,REGROUND,0.64,-0.12,-9.58,10.2,-0.01,0,0,,,,-0.405,-0.064,2.4,13.26,-0.01,,,
38.81,REGROUND,0.64,-0.12,-9.58,10.22,-0.01,0,0,,,,-0.415,-0.066,1.8,13.26,-0.01,,,
38.86,REGROUND,0.6,-0.12,-9.58,10.23,-0.01,0,0,,,,-0.404,-0.065,2.4,13.26,-0.01,,,
38.91,REGROUND,0.6,-0.12,-9.58,10.24,-0.01,0,0,,,,-0.415,-0.066,1.8,13.26,-0.01,,,
38.96,REGROUND,0.56,-0.12,-9.58,10.25,-0.01,0,0,,,,-0.405,-0.065,2.5,13.26,-0.01,,,
39.01,REGROUND,0.56,-0.12,-9.58,10.27,-0.01,0,0,,,,-0.415,-0.067,1.8,13.26,-0.01,,,
39.06,REGROUND,0.52,-0.12,-9.58,10.28,-0.01,0,0,,,,-0.405,-0.066,2.5,13.26,-0.01,,,
39.11,REGROUND,0.52,-0.12,-9.58,10.29,-0.01,0,0,,,,-0.415,-0.067,1.8,13.26,-0.01,,,
39.16,REGROUND,0.48,-0.12,-9.58,10.3,-0.01,0,0,,,,-0.405,-0.066,2.5,13.26,-0.01,,,
39.21,REGROUND,0.48,-0.12,-9.58,10.32,-0.01,0,0,,,,-0.415,-0.068,1.8,13.26,-0.01,,,
39.26,REGROUND,0.44,-0.12,-9.58,10.33,-0.01,0,0,,,,-0.405,-0.067,2.5,13.26,-0.01,,,
39.31,REGROUND,0.44,-0.12,-9.58,10.34,-0.01,0,0,,,,-0.415,-0.068,1.8,13.26,-0.01,,,
39.36,REGROUND,0.4,-0.12,-9.58,10.35,-0.01,0,0,,,,-0.405,-0.067,2.5,13.26,-0.01,,,
39.41,REGROUND,0.4,-0.12,-9.58,10.37,-0.01,0,0,,,,-0.415,-0.068,1.8,13.26,-0.01,,,
39.46,REGROUND,0.36,-0.12,-9.58,10.38,-0.01,0,0,,,,-0.405,-0.067,5.6,13.26,-0.01,,,
39.51,REGROUND,0.36,-0.12,-9.58,10.39,-0.01,0,0,,,,-0.416,-0.069,1.8,13.26,-0.01,,,
39.56,REGROUND,0.32,-0.12,-9.58,10.4,-0.01,0,0,,,,-0.406,-0.068,2.3,13.26,-0.01,,,
39.61,REGROUND,0.32,-0.12,-9.58,10.42,-0.01,0,0,,,,-0.416,-0.069,1.8,13.26,-0.01,,,
39.66,REGROUND,0.28,-0.12,-9.58,10.43,-0.01,0,0,,,,-0.406,-0.068,2.5,13.26,-0.01,,,
39.71,REGROUND,0.28,-0.12,-9.58,10.44,-0.01,0,0,,,,-0.416,-0.069,1.9,13.26,-0.01,,,
39.76,REGROUND,0.24,-0.12,-9.58,10.45,-0.01,0,0,,,,-0.406,-0.068,2.5,13.26,-0.01,,,
39.81,REGROUND,0.24,-0.12,-9.58,10.47,-0.01,0,0,,,,-0.416,-0.069,1.9,13.26,-0.01,,,
39.86,REGROUND,0.2,-0.13,-9.58,10.48,-0.01,0,0,,,,-0.406,-0.068,2.3,13.26,-0.01,,,
39.91,REGROUND,0.2,-0.13,-9.58,10.49,-0.01,0,0,,,,-0.416,-0.07,1.8,13.26,-0.01,,,
39.96,REGROUND,0.16,-0.13,-9.58,10.5,-0.01,0,0,,,,-0.407,-0.068,2.5,13.26,-0.01,,,
40.01,REGROUND,0.16,-0.13,-9.58,10.52,-0.01,0,0,,,,-0.417,-0.07,1.8,13.26,-0.01,,,
40.06,REGROUND,0.12,-0.13,-9.58,10.53,-0.01,0,0,,,,-0.407,-0.068,2.5,13.26,-0.01,,,
40.11,REGROUND,0.12,-0.13,-9.58,10.54,-0.01,0,0,,,,-0.417,-0.07,1.8,13.26,-0.01,,,
40.16,REGROUND,0.08,-0.13,-9.58,10.55,-0.01,0,0,,,,-0.407,-0.068,2.5,13.26,-0.01,,,
40.21,REGROUND,0.08,-0.13,-9.58,10.57,-0.01,0,0,,,,-0.417,-0.069,1.8,13.26,-0.01,,,
40.26,REGROUND,0.03,-0.13,-9.58,10.58,-0.01,0,0,,,,-0.407,-0.068,2.4,13.26,-0.01,,,
40.31,REGROUND,0.03,-0.13,-9.58,10.59,-0.01,0,0,,,,-0.417,-0.069,1.8,13.26,-0.01,,,
40.36,REGROUND,-0.01,-0.13,-9.58,10.6,-0.01,0,0,,,,-0.408,-0.068,2.4,13.26,-0.01,,,
40.41,REGROUND,-0.01,-0.13,-9.58,10.62,-0.01,0,0,,,,-0.418,-0.069,1.9,13.26,-0.01,,,
40.46,REGROUND,-0.05,-0.13,-9.58,10.63,-0.01,0,0,,,,-0.408,-0.068,2.5,13.26,-0.01,,,
40.51,REGROUND,-0.05,-0.13,-9.58,10.64,-0.01,0,0,,,,-0.418,-0.069,1.8,13.26,-0.01,,,
40.56,REGROUND,-0.09,-0.14,-9.58,10.65,-0.01,0,0,,,,-0.408,-0.068,2.6,13.26,-0.01,,,
40.61,REGROUND,-0.09,-0.14,-9.58,10.67,-0.01,0,0,,,,-0.418,-0.069,1.8,13.26,-0.01,,,
40.66,REGROUND,-0.13,-0.14,-9.58,10.68,-0.01,0,0,,,,-0.408,-0.067,2.6,13.26,-0.01,,,
40.71,REGROUND,-0.13,-0.14,-9.58,10.69,-0.01,0,0,,,,-0.418,-0.069,1.8,13.26,-0.01,,,
40.76,REGROUND,-0.17,-0.14,-9.58,10.71,-0.01,0,0,,,,-0.408,-0.067,2.5,13.26,-0.01,,,
40.81,REGROUND,-0.17,-0.14,-9.58,10.72,-0.01,0,0,,,,-0.418,-0.069,1.7,13.26,-0.01,,,
40.86,REGROUND,-0.21,-0.14,-9.58,10.73,-0.01,0,0,,,,-0.408,-0.067,2.3,13.26,-0.01,,,
40.91,REGROUND,-0.21,-0.14,-9.58,10.74,-0.01,0,0,,,,-0.418,-0.069,1.8,13.26,-0.01,,,
40.96,REGROUND,-0.25,-0.14,-9.58,10.76,-0.01,0,0,,,,-0.408,-0.067,2.4,13.26,-0.01,,,
41.01,REGROUND,-0.25,-0.14,-9.58,10.77,-0.01,0,0,,,,-0.419,-0.068,1.8,13.26,-0.01,,,
41.06,REGROUND,-0.29,-0.14,-9.58,10.78,-0.01,0,0,,,,-0.408,-0.067,2.4,13.26,-0.01,,,
41.11,REGROUND,-0.29,-0.14,-9.58,10.79,-0.01,0,0,,,,-0.418,-0.068,1.8,13.26,-0.01,,,
41.16,REGROUND,-0.33,-0.15,-9.58,10.81,-0.01,0,0,,,,-0.408,-0.066,2.5,13.26,-0.01,,,
41.21,REGROUND,-0.33,-0.15,-9.58,10.82,-0.01,0,0,,,,-0.418,-0.068,1.8,13.26,-0.01,,,
41.26,REGROUND,-0.37,-0.15,-9.58,10.83,-0.01,0,0,,,,-0.408,-0.066,2.5,13.26,-0.01,,,
41.31,REGROUND,-0.37,-0.15,-9.58,10.84,-0.01,0,0,,,,-0.418,-0.068,1.8,13.26,-0.01,,,
41.36,REGROUND,-0.42,-0.15,-9.58,10.86,-0.01,0,0,,,,-0.408,-0.066,2.5,13.26,-0.01,,,
41.41,REGROUND,-0.42,-0.15,-9.58,10.87,-0.01,0,0,,,,-0.418,-0.068,1.8,13.26,-0.01,,,
41.46,REGROUND,-0.46,-0.15,-9.58,10.88,-0.01,0,0,,,,-0.407,-0.066,2.5,13.26,-0.01,,,
41.51,REGROUND,-0.46,-0.15,-9.58,10.89,-0.01,0,0,,,,-0.417,-0.068,1.7,13.26,-0.01,,,
41.56,REGROUND,-0.5,-0.15,-9.58,10.91,-0.01,0,0,,,,-0.407,-0.066,2.5,13.26,-0.01,,,
41.61,REGROUND,-0.5,-0.15,-9.58,10.92,-0.01,0,0,,,,-0.417,-0.067,1.8,13.26,-0.01,,,
41.66,REGROUND,-0.54,-0.15,-9.58,10.93,-0.01,0,0,,,,-0.407,-0.065,2.4,13.26,-0.01,,,
41.71,REGROUND,-0.54,-0.15,-9.58,10.94,-0.01,0,0,,,,-0.417,-0.067,1.8,13.26,-0.01,,,
41.76,REGROUND,-0.58,-0.16,-9.58,10.96,-0.01,0,0,,,,-0.407,-0.065,2.3,13.26,-0.01,,,
41.81,REGROUND,-0.58,-0.16,-9.58,10.97,-0.01,0,0,,,,-0.417,-0.067,5.1,13.26,-0.01,,,
41.86,REGROUND,-0.62,-0.16,-9.58,10.98,-0.01,0,0,,,,-0.406,-0.065,2.5,13.26,-0.01,,,
41.91,REGROUND,-0.62,-0.16,-9.58,10.99,-0.01,0,0,,,,-0.416,-0.066,1.8,13.26,-0.01,,,
41.96,REGROUND,-0.67,-0.16,-9.58,11.01,-0.01,0,0,,,,-0.406,-0.064,2.5,13.26,-0.01,,,
42.02,REGROUND,-0.67,-0.16,-9.58,11.02,-0.01,0,0,,,,-0.416,-0.066,1.8,13.26,-0.01,,,
42.07,REGROUND,-0.71,-0.16,-9.58,11.03,-0.01,0,0,,,,-0.406,-0.064,2.6,13.26,-0.01,,,
42.12,REGROUND,-0.71,-0.16,-9.58,11.04,-0.01,0,0,,,,-0.416,-0.066,1.8,13.26,-0.01,,,
42.17,REGROUND,-0.75,-0.16,-9.58,11.06,-0.01,0,0,,,,-0.406,-0.064,2.5,13.26,-0.01,,,
42.22,REGROUND,-0.75,-0.16,-9.58,11.07,-0.01,0,0,,,,-0.416,-0.065,1.8,13.26,-0.01,,,
42.27,REGROUND,-0.79,-0.17,-9.58,11.08,-0.01,0,0,,,,-0.405,-0.064,2.5,13.26,-0.01,,,
42.32,REGROUND,-0.79,-0.17,-9.58,11.09,-0.01,0,0,,,,-0.415,-0.065,1.7,13.26,-0.01,,,
42.37,REGROUND,-0.83,-0.17,-9.58,11.11,-0.01,0,0,,,,-0.405,-0.064,2.4,13.26,-0.01,,,
42.42,REGROUND,-0.83,-0.17,-9.58,11.12,-0.01,0,0,,,,-0.415,-0.065,1.8,13.26,-0.01,,,
42.47,REGROUND,-0.87,-0.17,-9.58,11.13,-0.01,0,0,,,,-0.405,-0.064,2.3,13.26,-0.01,,,
42.52,REGROUND,-0.87,-0.17,-9.58,11.14,-0.01,0,0,,,,-0.415,-0.065,1.8,13.26,-0.01,,,
42.57,REGROUND,-0.91,-0.17,-9.58,11.16,-0.01,0,0,,,,-0.405,-0.064,2.4,13.26,-0.01,,,
42.62,REGROUND,-0.91,-0.17,-9.58,11.17,-0.01,0,0,,,,-0.415,-0.065,1.9,13.26,-0.01,,,
42.67,REGROUND,-0.96,-0.17,-9.58,11.18,-0.01,0,0,,,,-0.404,-0.064,2.5,13.26,-0.01,,,
42.72,REGROUND,-0.96,-0.17,-9.58,11.19,-0.01,0,0,,,,-0.415,-0.065,2.4,13.26,-0.01,,,
42.77,REGROUND,-1.0,-0.17,-9.58,11.21,-0.01,0,0,,,,-0.404,-0.064,3.0,13.26,-0.01,,,
42.82,REGROUND,-1.0,-0.17,-9.58,11.22,-0.01,0,0,,,,-0.414,-0.065,1.8,13.26,-0.01,,,
42.87,REGROUND,-1.04,-0.17,-9.58,11.23,-0.01,0,0,,,,-0.404,-0.064,2.3,13.26,-0.01,,,
42.92,REGROUND,-1.04,-0.17,-9.58,11.24,-0.01,0,0,,,,-0.414,-0.066,1.8,13.26,-0.01,,,
42.97,REGROUND,-1.08,-0.17,-9.58,11.26,-0.01,0,0,,,,-0.404,-0.064,2.4,13.26,-0.01,,,
43.02,REGROUND,-1.08,-0.17,-9.58,11.27,-0.01,0,0,,,,-0.414,-0.066,1.8,13.26,-0.01,,,
43.07,REGROUND,-1.12,-0.17,-9.58,11.28,-0.01,0,0,,,,-0.404,-0.064,2.5,13.26,-0.01,,,
43.12,REGROUND,-1.12,-0.17,-9.58,11.29,-0.01,0,0,,,,-0.414,-0.066,1.8,13.26,-0.01,,,
43.17,REGROUND,-1.16,-0.18,-9.58,11.31,-0.01,0,0,,,,-0.404,-0.064,2.4,13.26,-0.01,,,
43.22,REGROUND,-1.16,-0.18,-9.58,11.32,-0.01,0,0,,,,-0.414,-0.066,1.8,13.26,-0.01,,,
43.27,REGROUND,-1.2,-0.18,-9.58,11.33,-0.01,0,0,,,,-0.404,-0.065,2.5,13.26,-0.01,,,
43.32,REGROUND,-1.2,-0.18,-9.58,11.34,-0.01,0,0,,,,-0.414,-0.066,1.8,13.26,-0.01,,,
43.37,REGROUND,-1.24,-0.18,-9.58,11.36,-0.01,0,0,,,,-0.404,-0.065,2.4,13.26,-0.01,,,
43.42,REGROUND,-1.24,-0.18,-9.58,11.37,-0.01,0,0,,,,-0.414,-0.066,1.8,13.26,-0.01,,,
43.47,REGROUND,-1.29,-0.18,-9.58,11.38,-0.01,0,0,,,,-0.403,-0.065,2.5,13.26,-0.01,,,
43.52,REGROUND,-1.29,-0.18,-9.58,11.39,-0.01,0,0,,,,-0.413,-0.066,1.8,13.26,-0.01,,,
43.57,REGROUND,-1.33,-0.18,-9.58,11.41,-0.01,0,0,,,,-0.403,-0.065,2.6,13.26,-0.01,,,
43.62,REGROUND,-1.33,-0.18,-9.58,11.42,-0.01,0,0,,,,-0.413,-0.066,1.9,13.26,-0.01,,,
43.67,REGROUND,-1.37,-0.18,-9.58,11.43,-0.01,0,0,,,,-0.403,-0.065,2.5,13.26,-0.01,,,
43.72,REGROUND,-1.37,-0.18,-9.58,11.44,-0.01,0,0,,,,-0.413,-0.066,1.8,13.26,-0.01,,,
43.77,REGROUND,-1.41,-0.18,-9.58,11.46,-0.01,0,0,,,,-0.403,-0.065,2.6,13.26,-0.01,,,
43.82,REGROUND,-1.41,-0.18,-9.58,11.47,-0.01,0,0,,,,-0.413,-0.066,1.8,13.26,-0.01,,,
43.87,REGROUND,-1.45,-0.18,-9.58,11.48,-0.01,0,0,,,,-0.402,-0.065,2.5,13.26,-0.01,,,
43.92,REGROUND,-1.45,-0.18,-9.58,11.49,-0.01,0,0,,,,-0.413,-0.066,1.8,13.26,-0.01,,,
43.97,REGROUND,-1.49,-0.18,-9.58,11.51,-0.01,0,0,,,,-0.402,-0.065,2.6,13.26,-0.01,,,
44.02,REGROUND,-1.49,-0.18,-9.58,11.52,-0.01,0,0,,,,-0.413,-0.066,1.8,13.26,-0.01,,,
44.07,REGROUND,-1.53,-0.19,-9.58,11.53,-0.01,0,0,,,,-0.402,-0.065,2.4,13.26,-0.01,,,
44.12,REGROUND,-1.53,-0.19,-9.58,11.54,-0.01,0,0,,,,-0.412,-0.066,1.9,13.26,-0.01,,,
44.17,REGROUND,-1.57,-0.19,-9.58,11.56,-0.01,0,0,,,,-0.402,-0.065,6.3,13.26,-0.01,,,
44.22,REGROUND,-1.57,-0.19,-9.58,11.57,-0.01,0,0,,,,-0.412,-0.066,2.0,13.26,-0.01,,,
44.27,REGROUND,-1.62,-0.19,-9.58,11.58,-0.01,0,0,,,,-0.402,-0.065,2.5,13.26,-0.01,,,
44.32,REGROUND,-1.62,-0.19,-9.58,11.59,-0.01,0,0,,,,-0.412,-0.066,1.9,13.26,-0.01,,,
44.37,REGROUND,-1.66,-0.19,-9.58,11.61,-0.01,0,0,,,,-0.402,-0.064,2.5,13.26,-0.01,,,
44.42,REGROUND,-1.66,-0.19,-9.58,11.62,-0.01,0,0,,,,-0.412,-0.066,1.8,13.26,-0.01,,,
44.47,REGROUND,-1.7,-0.19,-9.58,11.63,-0.01,0,0,,,,-0.402,-0.064,2.6,13.26,-0.01,,,
44.52,REGROUND,-1.7,-0.19,-9.58,11.64,-0.01,0,0,,,,-0.412,-0.066,1.8,13.26,-0.01,,,
44.57,REGROUND,-1.74,-0.19,-9.58,11.66,-0.01,0,0,,,,-0.402,-0.064,2.5,13.26,-0.01,,,
44.62,REGROUND,-1.74,-0.19,-9.58,11.67,-0.01,0,0,,,,-0.412,-0.066,1.8,13.26,-0.01,,,
44.67,REGROUND,-1.78,-0.2,-9.58,11.68,-0.01,0,0,,,,-0.402,-0.064,2.3,13.26,-0.01,,,
44.72,REGROUND,-1.78,-0.2,-9.58,11.69,-0.01,0,0,,,,-0.412,-0.066,1.8,13.26,-0.01,,,
44.77,REGROUND,-1.82,-0.2,-9.58,11.71,-0.01,0,0,,,,-0.402,-0.064,2.3,13.26,-0.01,,,
44.82,REGROUND,-1.82,-0.2,-9.58,11.72,-0.01,0,0,,,,-0.412,-0.065,1.8,13.26,-0.01,,,
44.87,REGROUND,-1.86,-0.2,-9.58,11.73,-0.01,0,0,,,,-0.401,-0.064,2.3,13.26,-0.01,,,
44.92,REGROUND,-1.86,-0.2,-9.58,11.74,-0.01,0,0,,,,-0.412,-0.065,1.8,13.26,-0.01,,,
44.97,REGROUND,-1.9,-0.2,-9.58,11.76,-0.01,0,0,,,,-0.401,-0.064,2.6,13.26,-0.01,,,
45.02,REGROUND,-1.9,-0.2,-9.58,11.77,-0.01,0,0,,,,-0.411,-0.065,1.8,13.26,-0.01,,,
45.07,REGROUND,-1.95,-0.2,-9.58,11.78,-0.01,0,0,,,,-0.401,-0.063,2.7,13.26,-0.01,,,
45.12,REGROUND,-1.95,-0.2,-9.58,11.79,-0.01,0,0,,,,-0.411,-0.065,1.8,13.26,-0.01,,,
45.17,REGROUND,-1.99,-0.2,-9.58,11.81,-0.01,0,0,,,,-0.401,-0.063,2.2,13.26,-0.01,,,
45.22,REGROUND,-1.99,-0.2,-9.58,11.82,-0.01,0,0,,,,-0.411,-0.065,1.8,13.26,-0.01,,,
45.27,REGROUND,-2.03,-0.2,-9.58,11.83,-0.01,0,0,,,,-0.401,-0.063,2.1,13.26,-0.01,,,
45.32,REGROUND,-2.03,-0.2,-9.58,11.84,-0.01,0,0,,,,-0.411,-0.065,1.7,13.26,-0.01,,,
45.37,REGROUND,-2.07,-0.21,-9.58,11.86,-0.01,0,0,,,,-0.401,-0.063,2.3,13.26,-0.01,,,
45.42,REGROUND,-2.07,-0.21,-9.58,11.87,-0.01,0,0,,,,-0.411,-0.064,1.8,13.26,-0.01,,,
45.47,REGROUND,-2.11,-0.21,-9.58,11.88,-0.01,0,0,,,,-0.4,-0.063,2.3,13.26,-0.01,,,
45.52,REGROUND,-2.11,-0.21,-9.58,11.89,-0.01,0,0,,,,-0.411,-0.064,1.8,13.26,-0.01,,,
45.57,REGROUND,-2.15,-0.21,-9.58,11.91,-0.01,0,0,,,,-0.4,-0.062,2.3,13.26,-0.01,,,
45.62,REGROUND,-2.15,-0.21,-9.58,11.92,-0.01,0,0,,,,-0.41,-0.064,1.8,13.26,-0.01,,,
45.67,REGROUND,-2.19,-0.21,-9.58,11.93,-0.01,0,0,,,,-0.4,-0.062,2.3,13.26,-0.01,,,
45.72,REGROUND,-2.19,-0.21,-9.58,11.94,-0.01,0,0,,,,-0.41,-0.064,1.8,13.26,-0.01,,,
45.77,REGROUND,-2.23,-0.21,-9.58,11.96,-0.01,0,0,,,,-0.4,-0.062,2.5,13.26,-0.01,,,
45.82,REGROUND,-2.23,-0.21,-9.58,11.97,-0.01,0,0,,,,-0.41,-0.064,1.8,13.26,-0.01,,,
45.87,REGROUND,-2.28,-0.21,-9.58,11.98,-0.01,0,0,,,,-0.4,-0.062,2.3,13.26,-0.01,,,
45.92,REGROUND,-2.28,-0.21,-9.58,11.99,-0.01,0,0,,,,-0.41,-0.064,1.8,13.26,-0.01,,,
45.97,REGROUND,-2.32,-0.21,-9.58,12.01,-0.01,0,0,,,,-0.4,-0.062,2.5,13.26,-0.01,,,
46.02,REGROUND,-2.32,-0.21,-9.58,12.02,-0.01,0,0,,,,-0.41,-0.064,1.9,13.26,-0.01,,,
46.07,REGROUND,-2.36,-0.22,-9.58,12.03,-0.01,0,0,,,,-0.4,-0.063,2.4,13.26,-0.01,,,
46.12,REGROUND,-2.36,-0.22,-9.58,12.04,-0.01,0,0,,,,-0.41,-0.064,1.8,13.26,-0.01,,,
46.17,REGROUND,-2.4,-0.22,-9.58,12.06,-0.01,0,0,,,,-0.4,-0.063,2.3,13.26,-0.01,,,
46.22,REGROUND,-2.4,-0.22,-9.58,12.07,-0.01,0,0,,,,-0.41,-0.064,1.7,13.26,-0.01,,,
46.27,REGROUND,-2.44,-0.22,-9.58,12.08,-0.01,0,0,,,,-0.4,-0.063,2.3,13.26,-0.01,,,
46.32,REGROUND,-2.44,-0.22,-9.58,12.09,-0.01,0,0,,,,-0.41,-0.064,1.8,13.26,-0.01,,,
46.37,REGROUND,-2.48,-0.22,-9.58,12.11,-0.01,0,0,,,,-0.4,-0.063,2.4,13.26,-0.01,,,
46.42,REGROUND,-2.48,-0.22,-9.58,12.12,-0.01,0,0,,,,-0.41,-0.064,1.9,13.26,-0.01,,,
46.47,REGROUND,-2.52,-0.22,-9.58,12.13,-0.01,0,0,,,,-0.4,-0.063,2.5,13.26,-0.01,,,
46.52,REGROUND,-2.52,-0.22,-9.58,12.14,-0.01,0,0,,,,-0.41,-0.065,5.1,13.26,-0.01,,,
46.57,REGROUND,-2.56,-0.22,-9.58,12.16,-0.01,0,0,,,,-0.4,-0.063,2.6,13.26,-0.01,,,
46.62,REGROUND,-2.56,-0.22,-9.58,12.17,-0.01,0,0,,,,-0.41,-0.065,1.9,13.26,-0.01,,,
46.67,REGROUND,-2.6,-0.22,-9.58,12.18,-0.01,0,0,,,,-0.4,-0.063,2.5,13.26,-0.01,,,
46.72,REGROUND,-2.6,-0.22,-9.58,12.19,-0.01,0,0,,,,-0.41,-0.065,1.7,13.26,-0.01,,,
46.77,REGROUND,-2.64,-0.22,-9.58,12.21,-0.01,0,0,,,,-0.401,-0.063,2.5,13.26,-0.01,,,
46.82,REGROUND,-2.64,-0.22,-9.58,12.22,-0.01,0,0,,,,-0.411,-0.065,1.7,13.26,-0.01,,,
46.87,REGROUND,-2.68,-0.23,-9.58,12.23,-0.01,0,0,,,,-0.401,-0.063,2.3,13.26,-0.01,,,
46.92,REGROUND,-2.68,-0.23,-9.58,12.24,-0.01,0,0,,,,-0.411,-0.065,1.7,13.26,-0.01,,,
46.97,REGROUND,-2.72,-0.23,-9.58,12.26,-0.01,0,0,,,,-0.401,-0.063,2.4,13.26,-0.01,,,
47.02,REGROUND,-2.72,-0.23,-9.58,12.27,-0.01,0,0,,,,-0.411,-0.065,1.8,13.26,-0.01,,,
47.07,REGROUND,-2.77,-0.23,-9.58,12.28,-0.01,0,0,,,,-0.401,-0.063,2.2,13.26,-0.01,,,
47.12,REGROUND,-2.77,-0.23,-9.58,12.29,-0.01,0,0,,,,-0.411,-0.065,1.9,13.26,-0.01,,,
47.17,REGROUND,-2.81,-0.23,-9.58,12.31,-0.01,0,0,,,,-0.401,-0.063,2.3,13.26,-0.01,,,
47.22,REGROUND,-2.81,-0.23,-9.58,12.32,-0.01,0,0,,,,-0.411,-0.065,1.9,13.26,-0.01,,,
47.27,REGROUND,-2.85,-0.23,-9.58,12.33,-0.01,0,0,,,,-0.401,-0.064,2.5,13.26,-0.01,,,
47.32,REGROUND,-2.85,-0.23,-9.58,12.34,-0.01,0,0,,,,-0.411,-0.065,1.8,13.26,-0.01,,,
47.37,REGROUND,-2.89,-0.23,-9.58,12.36,-0.01,0,0,,,,-0.401,-0.064,2.4,13.26,-0.01,,,
47.42,REGROUND,-2.89,-0.23,-9.58,12.37,-0.01,0,0,,,,-0.411,-0.065,1.8,13.26,-0.01,,,
47.47,REGROUND,-2.93,-0.23,-9.58,12.38,-0.01,0,0,,,,-0.401,-0.064,2.6,13.26,-0.01,,,
47.52,REGROUND,-2.93,-0.23,-9.58,12.39,-0.01,0,0,,,,-0.411,-0.065,1.8,13.26,-0.01,,,
47.57,REGROUND,-2.97,-0.23,-9.58,12.41,-0.01,0,0,,,,-0.401,-0.064,2.5,13.26,-0.01,,,
47.62,REGROUND,-2.97,-0.23,-9.58,12.42,-0.01,0,0,,,,-0.411,-0.065,1.7,13.26,-0.01,,,
47.67,REGROUND,-3.01,-0.24,-9.58,12.43,-0.01,0,0,,,,-0.401,-0.064,2.3,13.26,-0.01,,,
47.72,REGROUND,-3.01,-0.24,-9.58,12.44,-0.01,0,0,,,,-0.411,-0.065,1.9,13.26,-0.01,,,
47.77,REGROUND,-3.05,-0.24,-9.58,12.46,-0.01,0,0,,,,-0.401,-0.063,2.4,13.26,-0.01,,,
47.82,REGROUND,-3.05,-0.24,-9.58,12.47,-0.01,0,0,,,,-0.411,-0.065,1.8,13.26,-0.01,,,
47.87,REGROUND,-3.09,-0.24,-9.58,12.48,-0.01,0,0,,,,-0.401,-0.063,2.4,13.26,-0.01,,,
47.92,REGROUND,-3.09,-0.24,-9.58,12.49,-0.01,0,0,,,,-0.411,-0.065,1.8,13.26,-0.01,,,
47.97,REGROUND,-3.13,-0.24,-9.58,12.51,-0.01,0,0,,,,-0.401,-0.063,2.6,13.26,-0.01,,,
48.02,REGROUND,-3.13,-0.24,-9.58,12.52,-0.01,0,0,,,,-0.411,-0.065,1.8,13.26,-0.01,,,
48.07,REGROUND,-3.18,-0.24,-9.58,12.53,-0.01,0,0,,,,-0.401,-0.063,3.2,13.26,-0.01,,,
48.12,REGROUND,-3.18,-0.24,-9.58,12.54,-0.01,0,0,,,,-0.411,-0.065,2.0,13.26,-0.01,,,
48.17,REGROUND,-3.22,-0.24,-9.58,12.56,-0.01,0,0,,,,-0.401,-0.063,2.4,13.26,-0.01,,,
48.22,REGROUND,-3.22,-0.24,-9.58,12.57,-0.01,0,0,,,,-0.411,-0.064,1.8,13.26,-0.01,,,
48.27,REGROUND,-3.26,-0.24,-9.58,12.58,-0.01,0,0,,,,-0.401,-0.063,2.4,13.26,-0.01,,,
48.32,REGROUND,-3.26,-0.24,-9.58,12.6,-0.01,0,0,,,,-0.411,-0.064,1.8,13.26,-0.01,,,
48.37,REGROUND,-3.3,-0.25,-9.58,12.61,-0.01,0,0,,,,-0.401,-0.063,2.3,13.26,-0.01,,,
48.42,REGROUND,-3.3,-0.25,-9.58,12.62,-0.01,0,0,,,,-0.411,-0.064,1.7,13.26,-0.01,,,
48.47,REGROUND,-3.34,-0.25,-9.58,12.63,-0.01,0,0,,,,-0.401,-0.063,2.3,13.26,-0.01,,,
48.52,REGROUND,-3.34,-0.25,-9.58,12.65,-0.01,0,0,,,,-0.411,-0.064,1.8,13.26,-0.01,,,
48.57,REGROUND,-3.38,-0.25,-9.58,12.66,-0.01,0,0,,,,-0.401,-0.062,2.4,13.26,-0.01,,,
48.62,REGROUND,-3.38,-0.25,-9.58,12.67,-0.01,0,0,,,,-0.411,-0.064,1.8,13.26,-0.01,,,
48.67,REGROUND,-3.42,-0.25,-9.58,12.68,-0.01,0,0,,,,-0.401,-0.062,2.5,13.26,-0.01,,,
48.72,REGROUND,-3.42,-0.25,-9.58,12.7,-0.01,0,0,,,,-0.411,-0.064,1.9,13.26,-0.01,,,
48.77,REGROUND,-3.46,-0.25,-9.58,12.71,-0.01,0,0,,,,-0.401,-0.062,2.5,13.26,-0.01,,,
48.82,REGROUND,-3.46,-0.25,-9.58,12.72,-0.01,0,0,,,,-0.411,-0.064,1.8,13.26,-0.01,,,
48.87,REGROUND,-3.5,-0.25,-9.58,12.73,-0.01,0,0,,,,-0.401,-0.062,5.4,13.26,-0.01,,,
48.92,REGROUND,-3.5,-0.25,-9.58,12.75,-0.01,0,0,,,,-0.411,-0.064,1.8,13.26,-0.01,,,
48.97,REGROUND,-3.54,-0.25,-9.58,12.76,-0.01,0,0,,,,-0.401,-0.062,2.3,13.26,-0.01,,,
49.02,REGROUND,-3.54,-0.25,-9.58,12.77,-0.01,0,0,,,,-0.411,-0.064,1.8,13.26,-0.01,,,
49.07,REGROUND,-3.59,-0.26,-9.58,12.78,-0.01,0,0,,,,-0.4,-0.063,2.5,13.26,-0.01,,,
49.12,REGROUND,-3.59,-0.26,-9.58,12.8,-0.01,0,0,,,,-0.41,-0.064,1.7,13.26,-0.01,,,
49.17,REGROUND,-3.63,-0.26,-9.58,12.81,-0.01,0,0,,,,-0.4,-0.063,2.4,13.26,-0.01,,,
49.22,REGROUND,-3.63,-0.26,-9.58,12.82,-0.01,0,0,,,,-0.41,-0.064,1.8,13.26,-0.01,,,
49.27,REGROUND,-3.67,-0.26,-9.58,12.83,-0.01,0,0,,,,-0.4,-0.063,2.3,13.26,-0.01,,,
49.32,REGROUND,-3.67,-0.26,-9.58,12.85,-0.01,0,0,,,,-0.41,-0.065,1.8,13.26,-0.01,,,
49.37,REGROUND,-3.71,-0.26,-9.58,12.86,-0.01,0,0,,,,-0.4,-0.063,2.3,13.26,-0.01,,,
49.43,REGROUND,-3.71,-0.26,-9.58,12.87,-0.01,0,0,,,,-0.411,-0.065,1.8,13.26,-0.01,,,
49.48,REGROUND,-3.75,-0.26,-9.58,12.88,-0.01,0,0,,,,-0.4,-0.064,2.5,13.26,-0.01,,,
49.53,REGROUND,-3.75,-0.26,-9.58,12.9,-0.01,0,0,,,,-0.41,-0.065,1.6,13.26,-0.01,,,
49.58,REGROUND,-3.79,-0.26,-9.58,12.91,-0.01,0,0,,,,-0.4,-0.064,2.6,13.26,-0.01,,,
49.63,REGROUND,-3.79,-0.26,-9.58,12.92,-0.01,0,0,,,,-0.411,-0.065,1.8,13.26,-0.01,,,
49.68,REGROUND,-3.83,-0.26,-9.58,12.93,-0.01,0,0,,,,-0.4,-0.064,2.3,13.26,-0.01,,,
49.73,REGROUND,-3.83,-0.26,-9.58,12.95,-0.01,0,0,,,,-0.41,-0.066,1.8,13.26,-0.01,,,
49.78,REGROUND,-3.87,-0.26,-9.58,12.96,-0.01,0,0,,,,-0.4,-0.064,2.4,13.26,-0.01,,,
49.83,REGROUND,-3.87,-0.26,-9.58,12.97,-0.01,0,0,,,,-0.41,-0.066,1.7,13.26,-0.01,,,
49.88,REGROUND,-3.91,-0.26,-9.58,12.98,-0.01,0,0,,,,-0.4,-0.065,2.4,13.26,-0.01,,,
49.93,REGROUND,-3.91,-0.26,-9.58,13.0,-0.01,0,0,,,,-0.41,-0.066,1.8,13.26,-0.01,,,
49.98,REGROUND,-3.96,-0.26,-9.58,13.01,-0.01,0,0,,,,-0.4,-0.065,2.3,13.26,-0.01,,,
50.03,REGROUND,-3.96,-0.26,-9.58,13.02,-0.01,0,0,,,,-0.41,-0.066,1.8,13.26,-0.01,,,
50.08,REGROUND,-4.0,-0.26,-9.58,13.03,-0.01,0,0,,,,-0.399,-0.065,2.3,13.26,-0.01,,,
50.13,REGROUND,-4.0,-0.26,-9.58,13.05,-0.01,0,0,,,,-0.41,-0.067,1.8,13.26,-0.01,,,
50.18,REGROUND,-4.04,-0.27,-9.58,13.06,-0.01,0,0,,,,-0.399,-0.065,2.5,13.26,-0.01,,,
50.23,REGROUND,-4.04,-0.27,-9.58,13.07,-0.01,0,0,,,,-0.41,-0.067,1.8,13.26,-0.01,,,
50.28,REGROUND,-4.08,-0.27,-9.58,13.08,-0.01,0,0,,,,-0.399,-0.065,2.5,13.26,-0.01,,,
50.33,REGROUND,-4.08,-0.27,-9.58,13.1,-0.01,0,0,,,,-0.409,-0.067,1.8,13.26,-0.01,,,
50.38,REGROUND,-4.12,-0.27,-9.58,13.11,-0.01,0,0,,,,-0.399,-0.065,2.4,13.26,-0.01,,,
50.43,REGROUND,-4.12,-0.27,-9.58,13.12,-0.01,0,0,,,,-0.409,-0.067,1.8,13.26,-0.01,,,
50.48,REGROUND,-4.16,-0.27,-9.58,13.13,-0.01,0,0,,,,-0.399,-0.065,2.4,13.26,-0.01,,,
50.53,REGROUND,-4.16,-0.27,-9.58,13.15,-0.01,0,0,,,,-0.409,-0.067,1.8,13.26,-0.01,,,
50.58,REGROUND,-4.2,-0.27,-9.58,13.16,-0.01,0,0,,,,-0.399,-0.065,2.5,13.26,-0.01,,,
50.63,REGROUND,-4.2,-0.27,-9.58,13.17,-0.01,0,0,,,,-0.409,-0.066,1.8,13.26,-0.01,,,
50.68,REGROUND,-4.24,-0.27,-9.58,13.18,-0.01,0,0,,,,-0.399,-0.065,2.4,13.26,-0.01,,,
50.73,REGROUND,-4.24,-0.27,-9.58,13.2,-0.01,0,0,,,,-0.409,-0.066,1.8,13.26,-0.01,,,
50.78,REGROUND,-4.28,-0.27,-9.58,13.21,-0.01,0,0,,,,-0.399,-0.064,2.3,13.26,-0.01,,,
50.83,REGROUND,-4.28,-0.27,-9.58,13.22,-0.01,0,0,,,,-0.409,-0.066,1.9,13.26,-0.01,,,
50.88,REGROUND,-4.33,-0.28,-9.58,13.23,-0.01,0,0,,,,-0.399,-0.064,2.2,13.26,-0.01,,,
50.93,REGROUND,-4.33,-0.28,-9.58,13.25,-0.01,0,0,,,,-0.409,-0.066,1.7,13.26,-0.01,,,
50.98,REGROUND,-4.37,-0.28,-9.58,13.26,-0.01,0,0,,,,-0.399,-0.064,2.5,13.26,-0.01,,,
51.03,REGROUND,-4.37,-0.28,-9.58,13.27,-0.01,0,0,,,,-0.409,-0.066,1.9,13.26,-0.01,,,
51.08,REGROUND,-4.41,-0.28,-9.58,13.28,-0.01,0,0,,,,-0.399,-0.064,2.6,13.26,-0.01,,,
51.13,REGROUND,-4.41,-0.28,-9.58,13.3,-0.01,0,0,,,,-0.409,-0.066,1.8,13.26,-0.01,,,
51.18,REGROUND,-4.45,-0.28,-9.58,13.31,-0.01,0,0,,,,-0.399,-0.064,2.5,13.26,-0.01,,,
51.23,REGROUND,-4.45,-0.28,-9.58,13.32,-0.01,0,0,,,,-0.409,-0.066,4.9,13.26,-0.01,,,
51.28,REGROUND,-4.49,-0.28,-9.58,13.33,-0.01,0,0,,,,-0.399,-0.064,2.5,13.26,-0.01,,,
51.33,REGROUND,-4.49,-0.28,-9.58,13.35,-0.01,0,0,,,,-0.409,-0.065,1.8,13.26,-0.01,,,
51.38,REGROUND,-4.53,-0.28,-9.58,13.36,-0.01,0,0,,,,-0.399,-0.063,2.2,13.26,-0.01,,,
51.43,REGROUND,-4.53,-0.28,-9.58,13.37,-0.01,0,0,,,,-0.409,-0.065,1.8,13.26,-0.01,,,
51.48,REGROUND,-4.57,-0.29,-9.58,13.38,-0.01,0,0,,,,-0.399,-0.063,2.3,13.26,-0.01,,,
51.53,REGROUND,-4.57,-0.29,-9.58,13.4,-0.01,0,0,,,,-0.409,-0.065,1.8,13.26,-0.01,,,
51.58,REGROUND,-4.61,-0.29,-9.58,13.41,-0.01,0,0,,,,-0.4,-0.063,2.6,13.26,-0.01,,,
51.63,REGROUND,-4.61,-0.29,-9.58,13.42,-0.01,0,0,,,,-0.41,-0.065,1.9,13.26,-0.01,,,
51.68,REGROUND,-4.65,-0.29,-9.58,13.43,-0.01,0,0,,,,-0.4,-0.063,2.5,13.26,-0.01,,,
51.73,REGROUND,-4.65,-0.29,-9.58,13.45,-0.01,0,0,,,,-0.41,-0.064,1.9,13.26,-0.01,,,
51.78,REGROUND,-4.69,-0.29,-9.58,13.46,-0.01,0,0,,,,-0.4,-0.063,2.5,13.26,-0.01,,,
51.83,REGROUND,-4.69,-0.29,-9.58,13.47,-0.01,0,0,,,,-0.41,-0.064,1.8,13.26,-0.01,,,
51.88,REGROUND,-4.73,-0.29,-9.58,13.48,-0.01,0,0,,,,-0.4,-0.063,2.5,13.26,-0.01,,,
51.93,REGROUND,-4.73,-0.29,-9.58,13.5,-0.01,0,0,,,,-0.41,-0.064,1.7,13.26,-0.01,,,
51.98,REGROUND,-4.77,-0.29,-9.58,13.51,-0.01,0,0,,,,-0.4,-0.062,2.4,13.26,-0.01,,,
52.03,REGROUND,-4.77,-0.29,-9.58,13.52,-0.01,0,0,,,,-0.41,-0.064,1.8,13.26,-0.01,,,
52.08,REGROUND,-4.82,-0.3,-9.58,13.53,-0.01,0,0,,,,-0.4,-0.062,2.3,13.26,-0.01,,,
52.13,REGROUND,-4.82,-0.3,-9.58,13.55,-0.01,0,0,,,,-0.41,-0.064,1.8,13.26,-0.01,,,
52.18,REGROUND,-4.86,-0.3,-9.58,13.56,-0.01,0,0,,,,-0.4,-0.062,2.3,13.26,-0.01,,,
52.23,REGROUND,-4.86,-0.3,-9.58,13.57,-0.01,0,0,,,,-0.41,-0.064,1.8,13.26,-0.01,,,
52.28,REGROUND,-4.9,-0.3,-9.58,13.58,-0.01,0,0,,,,-0.4,-0.062,2.5,13.26,-0.01,,,
52.33,REGROUND,-4.9,-0.3,-9.58,13.6,-0.01,0,0,,,,-0.41,-0.064,1.8,13.26,-0.01,,,
52.38,REGROUND,-4.94,-0.3,-9.58,13.61,-0.01,0,0,,,,-0.4,-0.062,2.5,13.26,-0.01,,,
52.43,REGROUND,-4.94,-0.3,-9.58,13.62,-0.01,0,0,,,,-0.41,-0.064,1.8,13.26,-0.01,,,
52.48,REGROUND,-4.98,-0.3,-9.58,13.63,-0.01,0,0,,,,-0.4,-0.062,2.5,13.26,-0.01,,,
52.53,REGROUND,-4.98,-0.3,-9.58,13.65,-0.01,0,0,,,,-0.41,-0.064,1.8,13.26,-0.01,,,
52.58,REGROUND,-5.02,-0.3,-9.58,13.66,-0.01,0,0,,,,-0.4,-0.062,2.4,13.26,-0.01,,,
52.63,REGROUND,-5.02,-0.3,-9.58,13.67,-0.01,0,0,,,,-0.41,-0.064,1.8,13.26,-0.01,,,
52.68,REGROUND,-5.06,-0.3,-9.58,13.68,-0.01,0,0,,,,-0.4,-0.063,2.3,13.26,-0.01,,,
52.73,REGROUND,-5.06,-0.3,-9.58,13.7,-0.01,0,0,,,,-0.41,-0.064,1.8,13.26,-0.01,,,
52.78,REGROUND,-5.1,-0.3,-9.58,13.71,-0.01,0,0,,,,-0.4,-0.063,2.3,13.26,-0.01,,,
52.83,REGROUND,-5.1,-0.3,-9.58,13.72,-0.01,0,0,,,,-0.41,-0.064,1.7,13.26,-0.01,,,
52.88,REGROUND,-5.14,-0.3,-9.58,13.73,-0.01,0,0,,,,-0.4,-0.063,2.3,13.26,-0.01,,,
52.93,REGROUND,-5.14,-0.3,-9.58,13.75,-0.01,0,0,,,,-0.41,-0.065,1.7,13.26,-0.01,,,
52.98,REGROUND,-5.18,-0.31,-9.58,13.76,-0.01,0,0,,,,-0.4,-0.063,2.6,13.26,-0.01,,,
53.03,REGROUND,-5.18,-0.31,-9.58,13.77,-0.01,0,0,,,,-0.41,-0.065,1.8,13.26,-0.01,,,
53.08,REGROUND,-5.23,-0.31,-9.58,13.78,-0.01,0,0,,,,-0.399,-0.064,2.5,13.26,-0.01,,,
53.13,REGROUND,-5.23,-0.31,-9.58,13.8,-0.01,0,0,,,,-0.41,-0.065,1.8,13.26,-0.01,,,
53.18,REGROUND,-5.27,-0.31,-9.58,13.81,-0.01,0,0,,,,-0.399,-0.064,2.5,13.26,-0.01,,,
53.23,REGROUND,-5.27,-0.31,-9.58,13.82,-0.01,0,0,,,,-0.409,-0.065,1.8,13.26,-0.01,,,
53.28,REGROUND,-5.31,-0.31,-9.58,13.83,-0.01,0,0,,,,-0.399,-0.064,2.4,13.26,-0.01,,,
53.33,REGROUND,-5.31,-0.31,-9.58,13.85,-0.01,0,0,,,,-0.409,-0.066,1.8,13.26,-0.01,,,
53.38,REGROUND,-5.35,-0.31,-9.58,13.86,-0.01,0,0,,,,-0.399,-0.064,2.3,13.26,-0.01,,,
53.43,REGROUND,-5.35,-0.31,-9.58,13.87,-0.01,0,0,,,,-0.409,-0.066,1.8,13.26,-0.01,,,
53.48,REGROUND,-5.39,-0.31,-9.58,13.88,-0.01,0,0,,,,-0.399,-0.064,2.3,13.26,-0.01,,,
53.53,REGROUND,-5.39,-0.31,-9.58,13.9,-0.01,0,0,,,,-0.409,-0.066,1.7,13.26,-0.01,,,
53.58,REGROUND,-5.43,-0.31,-9.58,13.91,-0.01,0,0,,,,-0.4,-0.064,5.8,13.26,-0.01,,,
53.63,REGROUND,-5.43,-0.31,-9.58,13.92,-0.01,0,0,,,,-0.41,-0.066,1.8,13.26,-0.01,,,
53.68,REGROUND,-5.47,-0.31,-9.58,13.93,-0.01,0,0,,,,-0.4,-0.064,2.3,13.26,-0.01,,,
53.73,REGROUND,-5.47,-0.31,-9.58,13.95,-0.01,0,0,,,,-0.41,-0.066,1.9,13.26,-0.01,,,
53.78,REGROUND,-5.51,-0.31,-9.58,13.96,-0.01,0,0,,,,-0.4,-0.065,2.5,13.26,-0.01,,,
53.83,REGROUND,-5.51,-0.31,-9.58,13.97,-0.01,0,0,,,,-0.41,-0.066,1.8,13.26,-0.01,,,
53.88,REGROUND,-5.55,-0.31,-9.58,13.98,-0.01,0,0,,,,-0.4,-0.065,2.5,13.26,-0.01,,,
53.93,REGROUND,-5.55,-0.31,-9.58,14.0,-0.01,0,0,,,,-0.41,-0.066,1.9,13.26,-0.01,,,
53.98,REGROUND,-5.59,-0.32,-9.58,14.01,-0.01,0,0,,,,-0.4,-0.065,2.4,13.26,-0.01,,,
54.03,REGROUND,-5.59,-0.32,-9.58,14.02,-0.01,0,0,,,,-0.41,-0.066,1.8,13.26,-0.01,,,
54.08,REGROUND,-5.63,-0.32,-9.58,14.03,-0.01,0,0,,,,-0.4,-0.065,2.4,13.26,-0.01,,,
54.13,REGROUND,-5.63,-0.32,-9.58,14.05,-0.01,0,0,,,,-0.41,-0.066,1.8,13.26,-0.01,,,
54.18,REGROUND,-5.67,-0.32,-9.58,14.06,-0.01,0,0,,,,-0.4,-0.065,2.4,13.26,-0.01,,,
54.23,REGROUND,-5.67,-0.32,-9.58,14.07,-0.01,0,0,,,,-0.41,-0.066,1.8,13.26,-0.01,,,
54.28,REGROUND,-5.72,-0.32,-9.58,14.08,-0.01,0,0,,,,-0.4,-0.065,2.3,13.26,-0.01,,,
54.33,REGROUND,-5.72,-0.32,-9.58,14.1,-0.01,0,0,,,,-0.41,-0.066,1.8,13.26,-0.01,,,
54.38,REGROUND,-5.76,-0.32,-9.58,14.11,-0.01,0,0,,,,-0.401,-0.064,2.3,13.26,-0.01,,,
54.43,REGROUND,-5.76,-0.32,-9.58,14.12,-0.01,0,0,,,,-0.411,-0.066,1.8,13.26,-0.01,,,
54.48,REGROUND,-5.8,-0.32,-9.58,14.13,-0.01,0,0,,,,-0.401,-0.064,2.5,13.26,-0.01,,,
54.53,REGROUND,-5.8,-0.32,-9.58,14.15,-0.01,0,0,,,,-0.411,-0.066,1.8,13.26,-0.01,,,
54.58,REGROUND,-5.84,-0.33,-9.58,14.16,-0.01,0,0,,,,-0.401,-0.064,2.6,13.26,-0.01,,,
54.63,REGROUND,-5.84,-0.33,-9.58,14.17,-0.01,0,0,,,,-0.411,-0.066,1.8,13.26,-0.01,,,
54.68,REGROUND,-5.88,-0.33,-9.58,14.18,-0.01,0,0,,,,-0.401,-0.064,2.5,13.26,-0.01,,,
54.73,REGROUND,-5.88,-0.33,-9.58,14.2,-0.01,0,0,,,,-0.411,-0.066,1.8,13.26,-0.01,,,
54.78,REGROUND,-5.92,-0.33,-9.58,14.21,-0.01,0,0,,,,-0.401,-0.064,2.4,13.26,-0.01,,,
54.83,REGROUND,-5.92,-0.33,-9.58,14.22,-0.01,0,0,,,,-0.411,-0.066,1.8,13.26,-0.01,,,
54.88,REGROUND,-5.96,-0.33,-9.58,14.23,-0.01,0,0,,,,-0.401,-0.064,2.4,13.26,-0.01,,,
54.93,REGROUND,-5.96,-0.33,-9.58,14.25,-0.01,0,0,,,,-0.411,-0.065,1.8,13.26,-0.01,,,
54.98,REGROUND,-6.0,-0.33,-9.58,14.26,-0.01,0,0,,,,-0.401,-0.063,2.3,13.26,-0.01,,,
55.03,REGROUND,-6.0,-0.33,-9.58,14.27,-0.01,0,0,,,,-0.412,-0.065,1.8,13.26,-0.01,,,
55.08,REGROUND,-6.04,-0.33,-9.58,14.28,-0.01,0,0,,,,-0.401,-0.063,2.5,13.26,-0.01,,,
55.13,REGROUND,-6.04,-0.33,-9.58,14.3,-0.01,0,0,,,,-0.412,-0.065,1.9,13.26,-0.01,,,
55.18,REGROUND,-6.08,-0.34,-9.58,14.31,-0.01,0,0,,,,-0.402,-0.063,2.5,13.26,-0.01,,,
55.23,REGROUND,-6.08,-0.34,-9.58,14.32,-0.01,0,0,,,,-0.412,-0.065,1.8,13.26,-0.01,,,
55.28,REGROUND,-6.12,-0.34,-9.58,14.34,-0.01,0,0,,,,-0.401,-0.063,2.6,13.26,-0.01,,,
55.33,REGROUND,-6.12,-0.34,-9.58,14.35,-0.01,0,0,,,,-0.411,-0.065,1.8,13.26,-0.01,,,
55.38,REGROUND,-6.17,-0.34,-9.58,14.36,-0.01,0,0,,,,-0.401,-0.063,2.4,13.26,-0.01,,,
55.43,REGROUND,-6.17,-0.34,-9.58,14.37,-0.01,0,0,,,,-0.411,-0.064,1.8,13.26,-0.01,,,
55.48,REGROUND,-6.21,-0.34,-9.58,14.39,-0.01,0,0,,,,-0.401,-0.063,2.6,13.26,-0.01,,,
55.53,REGROUND,-6.21,-0.34,-9.58,14.4,-0.01,0,0,,,,-0.411,-0.065,1.8,13.26,-0.01,,,
55.58,REGROUND,-6.25,-0.34,-9.58,14.41,-0.01,0,0,,,,-0.401,-0.063,2.5,13.26,-0.01,,,
55.63,REGROUND,-6.25,-0.34,-9.58,14.42,-0.01,0,0,,,,-0.411,-0.065,1.9,13.26,-0.01,,,
55.68,REGROUND,-6.29,-0.34,-9.58,14.44,-0.01,0,0,,,,-0.4,-0.063,2.3,13.26,-0.01,,,
55.73,REGROUND,-6.29,-0.34,-9.58,14.45,-0.01,0,0,,,,-0.411,-0.065,2.3,13.26,-0.01,,,
55.78,REGROUND,-6.33,-0.34,-9.58,14.46,-0.01,0,0,,,,-0.4,-0.063,2.3,13.26,-0.01,,,
55.83,REGROUND,-6.33,-0.34,-9.58,14.47,-0.01,0,0,,,,-0.41,-0.065,1.8,13.26,-0.01,,,
55.88,REGROUND,-6.37,-0.34,-9.58,14.49,-0.01,0,0,,,,-0.4,-0.063,6.1,13.26,-0.01,,,
55.93,REGROUND,-6.37,-0.34,-9.58,14.5,-0.01,0,0,,,,-0.41,-0.065,1.8,13.26,-0.01,,,
55.98,REGROUND,-6.41,-0.35,-9.58,14.51,-0.01,0,0,,,,-0.4,-0.063,2.5,13.26,-0.01,,,
56.03,REGROUND,-6.41,-0.35,-9.58,14.52,-0.01,0,0,,,,-0.41,-0.065,1.8,13.26,-0.01,,,
56.08,REGROUND,-6.46,-0.35,-9.58,14.54,-0.01,0,0,,,,-0.399,-0.063,2.5,13.26,-0.01,,,
56.13,REGROUND,-6.46,-0.35,-9.58,14.55,-0.01,0,0,,,,-0.41,-0.065,1.8,13.26,-0.01,,,
56.18,REGROUND,-6.5,-0.35,-9.58,14.56,-0.01,0,0,,,,-0.399,-0.063,2.4,13.26,-0.01,,,
56.23,REGROUND,-6.5,-0.35,-9.58,14.57,-0.01,0,0,,,,-0.409,-0.065,1.8,13.26,-0.01,,,
56.28,REGROUND,-6.54,-0.35,-9.58,14.59,-0.01,0,0,,,,-0.399,-0.063,2.4,13.26,-0.01,,,
56.33,REGROUND,-6.54,-0.35,-9.58,14.6,-0.01,0,0,,,,-0.409,-0.065,1.8,13.26,-0.01,,,
56.38,REGROUND,-6.58,-0.35,-9.58,14.61,-0.01,0,0,,,,-0.399,-0.064,2.4,13.26,-0.01,,,
56.43,REGROUND,-6.58,-0.35,-9.58,14.62,-0.01,0,0,,,,-0.409,-0.065,1.8,13.26,-0.01,,,
56.48,REGROUND,-6.62,-0.35,-9.58,14.64,-0.01,0,0,,,,-0.398,-0.064,2.3,13.26,-0.01,,,
56.53,REGROUND,-6.62,-0.35,-9.58,14.65,-0.01,0,0,,,,-0.409,-0.065,1.8,13.26,-0.01,,,
56.58,REGROUND,-6.66,-0.35,-9.58,14.66,-0.01,0,0,,,,-0.398,-0.064,2.4,13.26,-0.01,,,
56.64,REGROUND,-6.66,-0.35,-9.58,14.67,-0.01,0,0,,,,-0.409,-0.065,1.9,13.26,-0.01,,,
56.69,REGROUND,-6.7,-0.35,-9.58,14.69,-0.01,0,0,,,,-0.398,-0.064,2.2,13.26,-0.01,,,
56.74,REGROUND,-6.7,-0.35,-9.58,14.7,-0.01,0,0,,,,-0.408,-0.065,1.7,13.26,-0.01,,,
56.79,REGROUND,-6.74,-0.35,-9.58,14.71,-0.01,0,0,,,,-0.398,-0.064,2.5,13.26,-0.01,,,
56.84,REGROUND,-6.74,-0.35,-9.58,14.72,-0.01,0,0,,,,-0.408,-0.065,1.8,13.26,-0.01,,,
56.89,REGROUND,-6.78,-0.36,-9.58,14.74,-0.01,0,0,,,,-0.398,-0.064,2.5,13.26,-0.01,,,
56.94,REGROUND,-6.78,-0.36,-9.58,14.75,-0.01,0,0,,,,-0.408,-0.066,1.8,13.26,-0.01,,,
56.99,REGROUND,-6.83,-0.36,-9.58,14.76,-0.01,0,0,,,,-0.399,-0.064,2.5,13.26,-0.01,,,
57.04,REGROUND,-6.83,-0.36,-9.58,14.77,-0.01,0,0,,,,-0.409,-0.066,1.8,13.26,-0.01,,,
57.09,REGROUND,-6.87,-0.36,-9.58,14.79,-0.01,0,0,,,,-0.399,-0.064,2.5,13.26,-0.01,,,
57.14,REGROUND,-6.87,-0.36,-9.58,14.8,-0.01,0,0,,,,-0.409,-0.066,1.7,13.26,-0.01,,,
57.19,REGROUND,-6.91,-0.36,-9.58,14.81,-0.01,0,0,,,,-0.399,-0.064,2.5,13.26,-0.01,,,
57.24,REGROUND,-6.91,-0.36,-9.58,14.82,-0.01,0,0,,,,-0.409,-0.066,1.8,13.26,-0.01,,,
57.29,REGROUND,-6.95,-0.36,-9.58,14.84,-0.01,0,0,,,,-0.399,-0.064,2.4,13.26,-0.01,,,
57.34,REGROUND,-6.95,-0.36,-9.58,14.85,-0.01,0,0,,,,-0.409,-0.066,1.8,13.26,-0.01,,,
57.39,REGROUND,-6.99,-0.36,-9.58,14.86,-0.01,0,0,,,,-0.399,-0.064,2.4,13.26,-0.01,,,
57.44,REGROUND,-6.99,-0.36,-9.58,14.87,-0.01,0,0,,,,-0.409,-0.065,1.8,13.26,-0.01,,,
57.49,REGROUND,-7.03,-0.36,-9.58,14.89,-0.01,0,0,,,,-0.399,-0.064,2.5,13.26,-0.01,,,
57.54,REGROUND,-7.03,-0.36,-9.58,14.9,-0.01,0,0,,,,-0.409,-0.065,1.8,13.26,-0.01,,,
57.59,REGROUND,-7.07,-0.37,-9.58,14.91,-0.01,0,0,,,,-0.399,-0.064,2.5,13.26,-0.01,,,
57.64,REGROUND,-7.07,-0.37,-9.58,14.92,-0.01,0,0,,,,-0.409,-0.065,1.8,13.26,-0.01,,,
57.69,REGROUND,-7.11,-0.37,-9.58,14.94,-0.01,0,0,,,,-0.4,-0.064,2.5,13.26,-0.01,,,
57.74,REGROUND,-7.11,-0.37,-9.58,14.95,-0.01,0,0,,,,-0.41,-0.065,1.8,13.26,-0.01,,,
57.79,REGROUND,-7.15,-0.37,-9.58,14.96,-0.01,0,0,,,,-0.4,-0.064,2.4,13.26,-0.01,,,
57.84,REGROUND,-7.15,-0.37,-9.58,14.97,-0.01,0,0,,,,-0.41,-0.065,1.8,13.26,-0.01,,,
57.89,REGROUND,-7.19,-0.37,-9.58,14.99,-0.01,0,0,,,,-0.4,-0.064,2.3,13.26,-0.01,,,
57.94,REGROUND,-7.19,-0.37,-9.58,15.0,-0.01,0,0,,,,-0.41,-0.065,1.8,13.26,-0.01,,,
57.99,REGROUND,-7.23,-0.37,-9.58,15.01,-0.01,0,0,,,,-0.4,-0.064,2.3,13.26,-0.01,,,
58.04,REGROUND,-7.23,-0.37,-9.58,15.02,-0.01,0,0,,,,-0.41,-0.065,1.9,13.26,-0.01,,,
58.09,REGROUND,-7.27,-0.37,-9.58,15.04,-0.01,0,0,,,,-0.4,-0.064,2.5,13.26,-0.01,,,
58.14,REGROUND,-7.27,-0.37,-9.58,15.05,-0.01,0,0,,,,-0.41,-0.065,1.8,13.26,-0.01,,,
58.19,REGROUND,-7.32,-0.37,-9.58,15.06,-0.01,0,0,,,,-0.4,-0.063,2.5,13.26,-0.01,,,
58.24,REGROUND,-7.32,-0.37,-9.58,15.07,-0.01,0,0,,,,-0.41,-0.065,1.8,13.26,-0.01,,,
58.29,REGROUND,-7.36,-0.38,-9.58,15.09,-0.01,0,0,,,,-0.4,-0.063,5.9,13.26,-0.01,,,
58.34,REGROUND,-7.36,-0.38,-9.58,15.1,-0.01,0,0,,,,-0.41,-0.065,1.8,13.26,-0.01,,,
58.39,REGROUND,-7.4,-0.38,-9.58,15.11,-0.01,0,0,,,,-0.4,-0.063,2.5,13.26,-0.01,,,
58.44,REGROUND,-7.4,-0.38,-9.58,15.12,-0.01,0,0,,,,-0.41,-0.065,1.7,13.26,-0.01,,,
58.49,REGROUND,-7.44,-0.38,-9.58,15.14,-0.01,0,0,,,,-0.399,-0.063,2.5,13.26,-0.01,,,
58.54,REGROUND,-7.44,-0.38,-9.58,15.15,-0.01,0,0,,,,-0.41,-0.065,1.8,13.26,-0.01,,,
58.59,REGROUND,-7.48,-0.38,-9.58,15.16,-0.01,0,0,,,,-0.4,-0.063,2.4,13.26,-0.01,,,
58.64,REGROUND,-7.48,-0.38,-9.58,15.17,-0.01,0,0,,,,-0.41,-0.065,1.8,13.26,-0.01,,,
58.69,REGROUND,-7.52,-0.38,-9.58,15.19,-0.01,0,0,,,,-0.399,-0.063,2.5,13.26,-0.01,,,
58.74,REGROUND,-7.52,-0.38,-9.58,15.2,-0.01,0,0,,,,-0.41,-0.065,2.1,13.26,-0.01,,,
58.79,REGROUND,-7.56,-0.38,-9.58,15.21,-0.01,0,0,,,,-0.399,-0.063,2.5,13.26,-0.01,,,
58.84,REGROUND,-7.56,-0.38,-9.58,15.22,-0.01,0,0,,,,-0.41,-0.065,1.8,13.26,-0.01,,,
58.89,REGROUND,-7.6,-0.38,-9.58,15.24,-0.01,0,0,,,,-0.399,-0.063,2.5,13.26,-0.01,,,
58.94,REGROUND,-7.6,-0.38,-9.58,15.25,-0.01,0,0,,,,-0.409,-0.065,1.7,13.26,-0.01,,,
58.99,REGROUND,-7.64,-0.39,-9.58,15.26,-0.01,0,0,,,,-0.399,-0.063,2.5,13.26,-0.01,,,
59.04,REGROUND,-7.64,-0.39,-9.58,15.27,-0.01,0,0,,,,-0.409,-0.065,1.8,13.26,-0.01,,,
59.09,REGROUND,-7.68,-0.39,-9.58,15.29,-0.01,0,0,,,,-0.399,-0.063,2.5,13.26,-0.01,,,
59.14,REGROUND,-7.68,-0.39,-9.58,15.3,-0.01,0,0,,,,-0.409,-0.065,1.7,13.26,-0.01,,,
59.19,REGROUND,-7.73,-0.39,-9.58,15.31,-0.01,0,0,,,,-0.399,-0.063,2.4,13.26,-0.01,,,
59.24,REGROUND,-7.73,-0.39,-9.58,15.32,-0.01,0,0,,,,-0.41,-0.065,1.5,13.26,-0.01,,,
59.29,REGROUND,-7.77,-0.39,-9.58,15.34,-0.01,0,0,,,,-0.399,-0.064,2.4,13.26,-0.01,,,
59.34,REGROUND,-7.77,-0.39,-9.58,15.35,-0.01,0,0,,,,-0.409,-0.065,1.8,13.26,-0.01,,,
59.39,REGROUND,-7.81,-0.39,-9.58,15.36,-0.01,0,0,,,,-0.399,-0.064,2.2,13.26,-0.01,,,
59.44,REGROUND,-7.81,-0.39,-9.58,15.37,-0.01,0,0,,,,-0.41,-0.065,1.8,13.26,-0.01,,,
59.49,REGROUND,-7.85,-0.39,-9.58,15.39,-0.01,0,0,,,,-0.399,-0.064,2.5,13.26,-0.01,,,
59.54,REGROUND,-7.85,-0.39,-9.58,15.4,-0.01,0,0,,,,-0.409,-0.065,1.8,13.26,-0.01,,,
59.59,REGROUND,-7.89,-0.39,-9.58,15.41,-0.01,0,0,,,,-0.399,-0.064,2.5,13.26,-0.01,,,
59.64,REGROUND,-7.89,-0.39,-9.58,15.42,-0.01,0,0,,,,-0.409,-0.065,1.8,13.26,-0.01,,,
59.69,REGROUND,-7.93,-0.39,-9.58,15.44,-0.01,0,0,,,,-0.399,-0.064,2.5,13.26,-0.01,,,
59.74,REGROUND,-7.93,-0.39,-9.58,15.45,-0.01,0,0,,,,-0.409,-0.066,1.8,13.26,-0.01,,,
59.79,REGROUND,-7.97,-0.39,-9.58,15.46,-0.01,0,0,,,,-0.4,-0.064,2.5,13.26,-0.01,,,
59.84,REGROUND,-7.97,-0.39,-9.58,15.47,-0.01,0,0,,,,-0.41,-0.066,1.6,13.26,-0.01,,,
59.89,REGROUND,-8.01,-0.39,-9.58,15.49,-0.01,0,0,,,,-0.4,-0.064,2.4,13.26,-0.01,,,
59.94,REGROUND,-8.01,-0.39,-9.58,15.5,-0.01,0,0,,,,-0.41,-0.066,1.8,13.26,-0.01,,,
59.99,REGROUND,-8.05,-0.4,-9.58,15.51,-0.01,0,0,,,,-0.4,-0.064,2.3,13.26,-0.01,,,
60.04,REGROUND,-8.05,-0.4,-9.58,15.52,-0.01,0,0,,,,-0.41,-0.066,1.8,13.26,-0.01,,,
60.09,REGROUND,-8.09,-0.4,-9.58,15.54,-0.01,0,0,,,,-0.4,-0.064,2.3,13.26,-0.01,,,
60.14,REGROUND,-8.13,-0.4,-9.58,15.55,-0.01,0,0,,,,-0.39,-0.063,2.3,13.26,-0.01,,,
60.19,REGROUND,-8.13,-0.4,-9.58,15.56,-0.01,0,0,,,,-0.4,-0.064,1.8,13.26,-0.01,,,
60.24,REGROUND,-8.13,-0.4,-9.58,15.57,-0.01,0,0,,,,-0.411,-0.066,1.8,13.26,-0.01,,,
60.29,REGROUND,-8.17,-0.4,-9.58,15.59,-0.01,0,0,,,,-0.401,-0.064,2.5,13.26,-0.01,,,
60.34,REGROUND,-8.17,-0.4,-9.58,15.6,-0.01,0,0,,,,-0.411,-0.066,1.8,13.26,-0.01,,,
60.39,REGROUND,-8.21,-0.4,-9.58,15.61,-0.01,0,0,,,,-0.401,-0.064,2.4,13.26,-0.01,,,
60.44,REGROUND,-8.21,-0.4,-9.58,15.62,-0.01,0,0,,,,-0.411,-0.066,1.8,13.26,-0.01,,,
60.49,REGROUND,-8.25,-0.4,-9.58,15.64,-0.01,0,0,,,,-0.401,-0.064,2.5,13.26,-0.01,,,
60.54,REGROUND,-8.25,-0.4,-9.58,15.65,-0.01,0,0,,,,-0.411,-0.066,1.8,13.26,-0.01,,,
60.59,REGROUND,-8.29,-0.4,-9.58,15.66,-0.01,0,0,,,,-0.401,-0.064,6.0,13.26,-0.01,,,
60.64,REGROUND,-8.29,-0.4,-9.58,15.67,-0.01,0,0,,,,-0.411,-0.066,1.9,13.26,-0.01,,,
60.69,REGROUND,-8.34,-0.41,-9.58,15.69,-0.01,0,0,,,,-0.401,-0.064,2.4,13.26,-0.01,,,
60.74,REGROUND,-8.38,-0.41,-9.58,15.7,-0.01,0,0,,,,-0.391,-0.063,2.5,13.26,-0.01,,,
60.79,REGROUND,-8.38,-0.41,-9.58,15.71,-0.01,0,0,,,,-0.401,-0.064,1.8,13.26,-0.01,,,
60.84,REGROUND,-8.42,-0.41,-9.58,15.72,-0.01,0,0,,,,-0.391,-0.063,2.3,13.26,-0.01,,,
60.89,REGROUND,-8.42,-0.41,-9.58,15.74,-0.01,0,0,,,,-0.401,-0.064,1.8,13.26,-0.01,,,
60.94,REGROUND,-8.42,-0.41,-9.58,15.75,-0.01,0,0,,,,-0.412,-0.066,1.8,13.26,-0.01,,,
60.99,REGROUND,-8.46,-0.41,-9.58,15.76,-0.01,0,0,,,,-0.402,-0.064,2.4,13.26,-0.01,,,
61.04,REGROUND,-8.46,-0.41,-9.58,15.77,-0.01,0,0,,,,-0.412,-0.065,1.8,13.26,-0.01,,,
61.09,REGROUND,-8.5,-0.41,-9.58,15.79,-0.01,0,0,,,,-0.402,-0.064,2.5,13.26,-0.01,,,
61.14,REGROUND,-8.5,-0.41,-9.58,15.8,-0.01,0,0,,,,-0.412,-0.065,1.8,13.26,-0.01,,,
61.19,REGROUND,-8.54,-0.41,-9.58,15.81,-0.01,0,0,,,,-0.402,-0.064,2.5,13.26,-0.01,,,
61.24,REGROUND,-8.58,-0.42,-9.58,15.82,-0.01,0,0,,,,-0.391,-0.062,2.4,13.26,-0.01,,,
61.29,REGROUND,-8.58,-0.42,-9.58,15.84,-0.01,0,0,,,,-0.402,-0.063,1.8,13.26,-0.01,,,
61.34,REGROUND,-8.62,-0.42,-9.58,15.85,-0.01,0,0,,,,-0.391,-0.062,2.4,13.26,-0.01,,,
61.39,REGROUND,-8.62,-0.42,-9.58,15.86,-0.01,0,0,,,,-0.402,-0.063,1.5,13.26,-0.01,,,
61.44,REGROUND,-8.66,-0.42,-9.58,15.87,-0.01,0,0,,,,-0.391,-0.061,2.3,13.26,-0.01,,,
61.49,REGROUND,-8.66,-0.42,-9.58,15.89,-0.01,0,0,,,,-0.401,-0.063,1.8,13.26,-0.01,,,
61.54,REGROUND,-8.66,-0.42,-9.58,15.9,-0.01,0,0,,,,-0.411,-0.065,1.9,13.26,-0.01,,,
61.59,REGROUND,-8.7,-0.42,-9.58,15.91,-0.01,0,0,,,,-0.401,-0.063,2.5,13.26,-0.01,,,
61.64,REGROUND,-8.7,-0.42,-9.58,15.92,-0.01,0,0,,,,-0.411,-0.065,1.9,13.26,-0.01,,,
61.69,REGROUND,-8.75,-0.42,-9.58,15.94,-0.01,0,0,,,,-0.401,-0.063,2.5,13.26,-0.01,,,
61.74,REGROUND,-8.75,-0.42,-9.58,15.95,-0.01,0,0,,,,-0.411,-0.064,1.9,13.26,-0.01,,,
61.79,REGROUND,-8.79,-0.42,-9.58,15.96,-0.01,0,0,,,,-0.401,-0.063,2.5,13.26,-0.01,,,
61.84,REGROUND,-8.83,-0.42,-9.58,15.97,-0.01,0,0,,,,-0.391,-0.061,2.3,13.26,-0.01,,,
61.89,REGROUND,-8.83,-0.42,-9.58,15.99,-0.01,0,0,,,,-0.401,-0.063,1.7,13.26,-0.01,,,
61.94,REGROUND,-8.87,-0.43,-9.58,16.0,-0.01,0,0,,,,-0.391,-0.061,2.4,13.26,-0.01,,,
61.99,REGROUND,-8.87,-0.43,-9.58,16.01,-0.01,0,0,,,,-0.402,-0.063,1.9,13.26,-0.01,,,
62.04,REGROUND,-8.91,-0.43,-9.58,16.02,-0.01,0,0,,,,-0.391,-0.061,2.3,13.26,-0.01,,,
62.09,REGROUND,-8.91,-0.43,-9.58,16.04,-0.01,0,0,,,,-0.401,-0.063,1.8,13.26,-0.01,,,
62.14,REGROUND,-8.95,-0.43,-9.58,16.05,-0.01,0,0,,,,-0.391,-0.061,2.3,13.26,-0.01,,,
62.19,REGROUND,-8.95,-0.43,-9.58,16.06,-0.01,0,0,,,,-0.402,-0.063,1.8,13.26,-0.01,,,
62.24,REGROUND,-8.95,-0.43,-9.58,16.07,-0.01,0,0,,,,-0.412,-0.065,1.8,13.26,-0.01,,,
62.29,REGROUND,-8.99,-0.43,-9.58,16.09,-0.01,0,0,,,,-0.401,-0.063,2.3,13.26,-0.01,,,
62.34,REGROUND,-8.99,-0.43,-9.58,16.1,-0.01,0,0,,,,-0.412,-0.065,1.9,13.26,-0.01,,,
62.39,REGROUND,-9.03,-0.43,-9.58,16.11,-0.01,0,0,,,,-0.402,-0.063,2.5,13.26,-0.01,,,
62.44,REGROUND,-9.07,-0.43,-9.58,16.13,-0.01,0,0,,,,-0.392,-0.062,2.5,13.26,-0.01,,,
62.49,REGROUND,-9.07,-0.43,-9.58,16.14,-0.01,0,0,,,,-0.402,-0.064,2.0,13.26,-0.01,,,
62.54,REGROUND,-9.11,-0.43,-9.58,16.15,-0.01,0,0,,,,-0.392,-0.062,2.5,13.26,-0.01,,,
62.59,REGROUND,-9.11,-0.43,-9.58,16.16,-0.01,0,0,,,,-0.402,-0.064,1.9,13.26,-0.01,,,
62.64,REGROUND,-9.15,-0.43,-9.58,16.18,-0.01,0,0,,,,-0.392,-0.063,2.4,13.26,-0.01,,,
62.69,REGROUND,-9.15,-0.43,-9.58,16.19,-0.01,0,0,,,,-0.402,-0.064,1.7,13.26,-0.01,,,
62.74,REGROUND,-9.19,-0.43,-9.58,16.2,-0.01,0,0,,,,-0.392,-0.063,2.4,13.26,-0.01,,,
62.79,REGROUND,-9.19,-0.43,-9.58,16.21,-0.01,0,0,,,,-0.402,-0.064,1.7,13.26,-0.01,,,
62.84,REGROUND,-9.23,-0.43,-9.58,16.23,-0.01,0,0,,,,-0.393,-0.063,2.4,13.26,-0.01,,,
62.89,REGROUND,-9.23,-0.43,-9.58,16.24,-0.01,0,0,,,,-0.403,-0.065,1.8,13.26,-0.01,,,
62.94,REGROUND,-9.23,-0.43,-9.58,16.25,-0.01,0,0,,,,-0.413,-0.066,5.1,13.26,-0.01,,,
62.99,REGROUND,-9.27,-0.44,-9.58,16.26,-0.01,0,0,,,,-0.403,-0.065,2.3,13.26,-0.01,,,
63.04,REGROUND,-9.31,-0.44,-9.58,16.28,-0.01,0,0,,,,-0.394,-0.064,2.2,13.26,-0.01,,,
63.09,REGROUND,-9.31,-0.44,-9.58,16.29,-0.01,0,0,,,,-0.404,-0.065,1.9,13.26,-0.01,,,
63.14,REGROUND,-9.35,-0.44,-9.58,16.3,-0.01,0,0,,,,-0.394,-0.064,2.5,13.26,-0.01,,,
63.19,REGROUND,-9.35,-0.44,-9.58,16.31,-0.01,0,0,,,,-0.404,-0.065,1.8,13.26,-0.01,,,
63.24,REGROUND,-9.39,-0.44,-9.58,16.33,-0.01,0,0,,,,-0.394,-0.064,2.6,13.26,-0.01,,,
63.29,REGROUND,-9.39,-0.44,-9.58,16.34,-0.01,0,0,,,,-0.404,-0.065,1.8,13.26,-0.01,,,
63.34,REGROUND,-9.43,-0.44,-9.58,16.35,-0.01,0,0,,,,-0.395,-0.064,2.5,13.26,-0.01,,,
63.39,REGROUND,-9.43,-0.44,-9.58,16.36,-0.01,0,0,,,,-0.405,-0.065,2.2,13.26,-0.01,,,
63.44,REGROUND,-9.48,-0.44,-9.58,16.38,-0.01,0,0,,,,-0.395,-0.064,2.3,13.26,-0.01,,,
63.49,REGROUND,-9.48,-0.44,-9.58,16.39,-0.01,0,0,,,,-0.405,-0.065,1.7,13.26,-0.01,,,
63.54,REGROUND,-9.52,-0.44,-9.58,16.4,-0.01,0,0,,,,-0.395,-0.064,2.4,13.26,-0.01,,,
63.59,REGROUND,-9.52,-0.44,-9.58,16.41,-0.01,0,0,,,,-0.405,-0.065,1.9,13.26,-0.01,,,
63.65,REGROUND,-9.56,-0.44,-9.58,16.43,-0.01,0,0,,,,-0.395,-0.064,2.4,13.26,-0.01,,,
63.7,REGROUND,-9.56,-0.44,-9.58,16.44,-0.01,0,0,,,,-0.406,-0.065,1.8,13.26,-0.01,,,
63.75,REGROUND,-9.6,-0.45,-9.58,16.45,-0.01,0,0,,,,-0.396,-0.064,2.3,13.26,-0.01,,,
63.8,REGROUND,-9.6,-0.45,-9.58,16.46,-0.01,0,0,,,,-0.406,-0.065,1.8,13.26,-0.01,,,
63.85,REGROUND,-9.64,-0.45,-9.58,16.48,-0.01,0,0,,,,-0.396,-0.064,2.5,13.26,-0.01,,,
63.9,REGROUND,-9.64,-0.45,-9.58,16.49,-0.01,0,0,,,,-0.407,-0.065,1.7,13.26,-0.01,,,
63.95,REGROUND,-9.68,-0.45,-9.58,16.5,-0.01,0,0,,,,-0.397,-0.064,2.6,13.26,-0.01,,,
64.0,REGROUND,-9.68,-0.45,-9.58,16.51,-0.01,0,0,,,,-0.407,-0.065,1.8,13.26,-0.01,,,
64.05,REGROUND,-9.72,-0.45,-9.58,16.53,-0.01,0,0,,,,-0.397,-0.064,2.4,13.26,-0.01,,,
64.1,REGROUND,-9.72,-0.45,-9.58,16.54,-0.01,0,0,,,,-0.407,-0.065,1.8,13.26,-0.01,,,
64.15,REGROUND,-9.76,-0.45,-9.58,16.55,-0.01,0,0,,,,-0.397,-0.064,2.4,13.26,-0.01,,,
64.2,REGROUND,-9.76,-0.45,-9.58,16.56,-0.01,0,0,,,,-0.408,-0.065,1.7,13.26,-0.01,,,
64.25,REGROUND,-9.8,-0.45,-9.58,16.58,-0.01,0,0,,,,-0.398,-0.064,2.4,13.26,-0.01,,,
64.3,REGROUND,-9.8,-0.45,-9.58,16.59,-0.01,0,0,,,,-0.408,-0.065,1.8,13.26,-0.01,,,
64.35,REGROUND,-9.84,-0.46,-9.58,16.6,-0.01,0,0,,,,-0.398,-0.063,2.4,13.26,-0.01,,,
64.4,REGROUND,-9.84,-0.46,-9.58,16.61,-0.01,0,0,,,,-0.408,-0.065,1.8,13.26,-0.01,,,
64.45,REGROUND,-9.88,-0.46,-9.58,16.63,-0.01,0,0,,,,-0.398,-0.063,2.3,13.26,-0.01,,,
64.5,REGROUND,-9.88,-0.46,-9.58,16.64,-0.01,0,0,,,,-0.408,-0.065,1.8,13.26,-0.01,,,
64.55,REGROUND,-9.92,-0.46,-9.58,16.65,-0.01,0,0,,,,-0.398,-0.063,2.3,13.26,-0.01,,,
64.6,REGROUND,-9.92,-0.46,-9.58,16.66,-0.01,0,0,,,,-0.409,-0.064,1.9,13.26,-0.01,,,
64.65,REGROUND,-9.96,-0.46,-9.58,16.68,-0.01,0,0,,,,-0.399,-0.063,2.5,13.26,-0.01,,,
64.7,REGROUND,-9.96,-0.46,-9.58,16.69,-0.01,0,0,,,,-0.409,-0.064,1.8,13.26,-0.01,,,
64.75,REGROUND,-10.0,-0.46,-9.58,16.7,-0.01,0,0,,,,-0.399,-0.063,2.5,13.26,-0.01,,,
64.8,REGROUND,-10.0,-0.46,-9.58,16.71,-0.01,0,0,,,,-0.409,-0.064,1.8,13.26,-0.01,,,
64.85,REGROUND,-10.04,-0.46,-9.58,16.73,-0.01,0,0,,,,-0.399,-0.062,2.4,13.26,-0.01,,,
64.9,REGROUND,-10.04,-0.46,-9.58,16.74,-0.01,0,0,,,,-0.409,-0.064,1.7,13.26,-0.01,,,
64.95,REGROUND,-10.08,-0.47,-9.58,16.75,-0.01,0,0,,,,-0.399,-0.062,2.6,13.26,-0.01,,,
65.0,REGROUND,-10.08,-0.47,-9.58,16.76,-0.01,0,0,,,,-0.409,-0.064,2.2,13.26,-0.01,,,
65.05,REGROUND,-10.12,-0.47,-9.58,16.78,-0.01,0,0,,,,-0.399,-0.062,2.8,13.26,-0.01,,,
65.1,REGROUND,-10.12,-0.47,-9.58,16.79,-0.01,0,0,,,,-0.409,-0.064,1.8,13.26,-0.01,,,
65.15,REGROUND,-10.16,-0.47,-9.58,16.8,-0.01,0,0,,,,-0.399,-0.062,2.4,13.26,-0.01,,,
65.2,REGROUND,-10.16,-0.47,-9.58,16.81,-0.01,0,0,,,,-0.409,-0.064,1.8,13.26,-0.01,,,
65.25,REGROUND,-10.21,-0.47,-9.58,16.83,-0.01,0,0,,,,-0.399,-0.062,2.4,13.26,-0.01,,,
65.3,REGROUND,-10.21,-0.47,-9.58,16.84,-0.01,0,0,,,,-0.409,-0.064,5.4,13.26,-0.01,,,
65.35,REGROUND,-10.25,-0.47,-9.58,16.85,-0.01,0,0,,,,-0.399,-0.062,2.5,13.26,-0.01,,,
65.4,REGROUND,-10.25,-0.47,-9.58,16.86,-0.01,0,0,,,,-0.409,-0.064,1.7,13.26,-0.01,,,
65.45,REGROUND,-10.29,-0.47,-9.58,16.88,-0.01,0,0,,,,-0.399,-0.062,2.5,13.26,-0.01,,,
65.5,REGROUND,-10.29,-0.47,-9.58,16.89,-0.01,0,0,,,,-0.409,-0.064,1.9,13.26,-0.01,,,
65.55,REGROUND,-10.33,-0.47,-9.58,16.9,-0.01,0,0,,,,-0.399,-0.062,2.5,13.26,-0.01,,,
65.6,REGROUND,-10.33,-0.47,-9.58,16.91,-0.01,0,0,,,,-0.409,-0.064,1.8,13.26,-0.01,,,
65.65,REGROUND,-10.37,-0.47,-9.58,16.93,-0.01,0,0,,,,-0.398,-0.062,2.5,13.26,-0.01,,,
65.7,REGROUND,-10.37,-0.47,-9.58,16.94,-0.01,0,0,,,,-0.408,-0.064,1.7,13.26,-0.01,,,
65.75,REGROUND,-10.41,-0.48,-9.58,16.95,-0.01,0,0,,,,-0.398,-0.063,2.5,13.26,-0.01,,,
65.8,REGROUND,-10.41,-0.48,-9.58,16.96,-0.01,0,0,,,,-0.408,-0.064,1.6,13.26,-0.01,,,
65.85,REGROUND,-10.45,-0.48,-9.58,16.98,-0.01,0,0,,,,-0.398,-0.063,2.5,13.26,-0.01,,,
65.9,REGROUND,-10.45,-0.48,-9.58,16.99,-0.01,0,0,,,,-0.408,-0.064,1.8,13.26,-0.01,,,
65.95,REGROUND,-10.49,-0.48,-9.58,17.0,-0.01,0,0,,,,-0.398,-0.063,2.4,13.26,-0.01,,,
66.0,REGROUND,-10.49,-0.48,-9.58,17.01,-0.01,0,0,,,,-0.408,-0.065,1.8,13.26,-0.01,,,
66.05,REGROUND,-10.53,-0.48,-9.58,17.03,-0.01,0,0,,,,-0.398,-0.063,2.2,13.26,-0.01,,,
66.1,REGROUND,-10.53,-0.48,-9.58,17.04,-0.01,0,0,,,,-0.408,-0.065,1.9,13.26,-0.01,,,
66.15,REGROUND,-10.58,-0.48,-9.58,17.05,-0.01,0,0,,,,-0.398,-0.064,2.5,13.26,-0.01,,,
66.2,REGROUND,-10.58,-0.48,-9.58,17.06,-0.01,0,0,,,,-0.408,-0.065,1.8,13.26,-0.01,,,
66.25,REGROUND,-10.62,-0.48,-9.58,17.08,-0.01,0,0,,,,-0.398,-0.064,2.5,13.26,-0.01,,,
66.3,REGROUND,-10.62,-0.48,-9.58,17.09,-0.01,0,0,,,,-0.408,-0.066,1.8,13.26,-0.01,,,
66.35,REGROUND,-10.66,-0.48,-9.58,17.1,-0.01,0,0,,,,-0.398,-0.064,2.6,13.26,-0.01,,,
66.4,REGROUND,-10.66,-0.48,-9.58,17.11,-0.01,0,0,,,,-0.408,-0.066,1.8,13.26,-0.01,,,
66.45,REGROUND,-10.7,-0.48,-9.58,17.13,-0.01,0,0,,,,-0.398,-0.064,2.5,13.26,-0.01,,,
66.5,REGROUND,-10.7,-0.48,-9.58,17.14,-0.01,0,0,,,,-0.408,-0.066,1.7,13.26,-0.01,,,
66.55,REGROUND,-10.74,-0.48,-9.58,17.15,-0.01,0,0,,,,-0.398,-0.064,2.7,13.26,-0.01,,,
66.6,REGROUND,-10.74,-0.48,-9.58,17.16,-0.01,0,0,,,,-0.408,-0.066,2.4,13.26,-0.01,,,
66.65,REGROUND,-10.78,-0.48,-9.58,17.18,-0.01,0,0,,,,-0.398,-0.065,2.5,13.26,-0.01,,,
66.7,REGROUND,-10.78,-0.48,-9.58,17.19,-0.01,0,0,,,,-0.408,-0.066,1.8,13.26,-0.01,,,
66.75,REGROUND,-10.82,-0.48,-9.58,17.2,-0.01,0,0,,,,-0.398,-0.065,2.3,13.26,-0.01,,,
66.8,REGROUND,-10.82,-0.48,-9.58,17.21,-0.01,0,0,,,,-0.408,-0.066,1.8,13.26,-0.01,,,
66.85,REGROUND,-10.86,-0.49,-9.58,17.23,-0.01,0,0,,,,-0.398,-0.065,2.5,13.26,-0.01,,,
66.9,REGROUND,-10.86,-0.49,-9.58,17.24,-0.01,0,0,,,,-0.409,-0.066,1.8,13.26,-0.01,,,
66.95,REGROUND,-10.9,-0.49,-9.58,17.25,-0.01,0,0,,,,-0.399,-0.065,2.5,13.26,-0.01,,,
67.0,REGROUND,-10.9,-0.49,-9.58,17.26,-0.01,0,0,,,,-0.409,-0.066,1.8,13.26,-0.01,,,
67.05,REGROUND,-10.94,-0.49,-9.58,17.28,-0.01,0,0,,,,-0.399,-0.065,2.5,13.26,-0.01,,,
67.1,REGROUND,-10.94,-0.49,-9.58,17.29,-0.01,0,0,,,,-0.409,-0.067,1.8,13.26,-0.01,,,
67.15,REGROUND,-10.98,-0.49,-9.58,17.3,-0.01,0,0,,,,-0.399,-0.065,2.3,13.26,-0.01,,,
67.2,REGROUND,-10.98,-0.49,-9.58,17.31,-0.01,0,0,,,,-0.409,-0.066,1.6,13.26,-0.01,,,
67.25,REGROUND,-11.02,-0.49,-9.58,17.33,-0.01,0,0,,,,-0.399,-0.065,2.5,13.26,-0.01,,,
67.3,REGROUND,-11.02,-0.49,-9.58,17.34,-0.01,0,0,,,,-0.409,-0.066,1.8,13.26,-0.01,,,
67.35,REGROUND,-11.06,-0.49,-9.58,17.35,-0.01,0,0,,,,-0.399,-0.065,2.4,13.26,-0.01,,,
67.4,REGROUND,-11.06,-0.49,-9.58,17.36,-0.01,0,0,,,,-0.41,-0.066,1.8,13.26,-0.01,,,
67.45,REGROUND,-11.1,-0.49,-9.58,17.38,-0.01,0,0,,,,-0.4,-0.065,2.3,13.26,-0.01,,,
67.5,REGROUND,-11.1,-0.49,-9.58,17.39,-0.01,0,0,,,,-0.41,-0.066,1.7,13.26,-0.01,,,
67.55,REGROUND,-11.14,-0.5,-9.58,17.4,-0.01,0,0,,,,-0.4,-0.065,2.5,13.26,-0.01,,,
67.6,REGROUND,-11.14,-0.5,-9.58,17.41,-0.01,0,0,,,,-0.41,-0.066,5.4,13.26,-0.01,,,
67.65,REGROUND,-11.19,-0.5,-9.58,17.43,-0.01,0,0,,,,-0.4,-0.065,2.5,13.26,-0.01,,,
67.7,REGROUND,-11.19,-0.5,-9.58,17.44,-0.01,0,0,,,,-0.41,-0.066,1.8,13.26,-0.01,,,
67.75,REGROUND,-11.23,-0.5,-9.58,17.45,-0.01,0,0,,,,-0.4,-0.064,2.4,13.26,-0.01,,,
67.8,REGROUND,-11.23,-0.5,-9.58,17.46,-0.01,0,0,,,,-0.41,-0.066,1.8,13.26,-0.01,,,
67.85,REGROUND,-11.27,-0.5,-9.58,17.48,-0.01,0,0,,,,-0.4,-0.064,2.5,13.26,-0.01,,,
67.9,REGROUND,-11.27,-0.5,-9.58,17.49,-0.01,0,0,,,,-0.41,-0.066,1.8,13.26,-0.01,,,
67.95,REGROUND,-11.31,-0.5,-9.58,17.5,-0.01,0,0,,,,-0.4,-0.064,2.4,13.26,-0.01,,,
68.0,REGROUND,-11.31,-0.5,-9.58,17.51,-0.01,0,0,,,,-0.411,-0.066,1.7,13.26,-0.01,,,
68.05,REGROUND,-11.35,-0.5,-9.58,17.53,-0.01,0,0,,,,-0.401,-0.064,2.4,13.26,-0.01,,,
68.1,REGROUND,-11.35,-0.5,-9.58,17.54,-0.01,0,0,,,,-0.411,-0.065,1.8,13.26,-0.01,,,
68.15,REGROUND,-11.39,-0.51,-9.58,17.55,-0.01,0,0,,,,-0.401,-0.063,2.3,13.26,-0.01,,,
68.2,REGROUND,-11.39,-0.51,-9.58,17.56,-0.01,0,0,,,,-0.411,-0.065,1.8,13.26,-0.01,,,
68.25,REGROUND,-11.43,-0.51,-9.58,17.58,-0.01,0,0,,,,-0.4,-0.063,2.3,13.26,-0.01,,,
68.3,REGROUND,-11.43,-0.51,-9.58,17.59,-0.01,0,0,,,,-0.411,-0.065,1.8,13.26,-0.01,,,
68.35,REGROUND,-11.47,-0.51,-9.58,17.6,-0.01,0,0,,,,-0.4,-0.063,2.4,13.26,-0.01,,,
68.4,REGROUND,-11.47,-0.51,-9.58,17.61,-0.01,0,0,,,,-0.41,-0.065,1.8,13.26,-0.01,,,
68.45,REGROUND,-11.51,-0.51,-9.58,17.63,-0.01,0,0,,,,-0.4,-0.063,2.5,13.26,-0.01,,,
68.5,REGROUND,-11.51,-0.51,-9.58,17.64,-0.01,0,0,,,,-0.41,-0.065,1.8,13.26,-0.01,,,
68.55,REGROUND,-11.56,-0.51,-9.58,17.65,-0.01,0,0,,,,-0.4,-0.063,2.5,13.26,-0.01,,,
68.6,REGROUND,-11.56,-0.51,-9.58,17.66,-0.01,0,0,,,,-0.41,-0.064,1.8,13.26,-0.01,,,
68.65,REGROUND,-11.6,-0.51,-9.58,17.68,-0.01,0,0,,,,-0.4,-0.063,2.5,13.26,-0.01,,,
68.7,REGROUND,-11.6,-0.51,-9.58,17.69,-0.01,0,0,,,,-0.41,-0.064,1.7,13.26,-0.01,,,
68.75,REGROUND,-11.64,-0.52,-9.58,17.7,-0.01,0,0,,,,-0.4,-0.062,2.4,13.26,-0.01,,,
68.8,REGROUND,-11.64,-0.52,-9.58,17.71,-0.01,0,0,,,,-0.41,-0.064,1.8,13.26,-0.01,,,
68.85,REGROUND,-11.68,-0.52,-9.58,17.73,-0.01,0,0,,,,-0.399,-0.062,2.2,13.26,-0.01,,,
68.9,REGROUND,-11.68,-0.52,-9.58,17.74,-0.01,0,0,,,,-0.41,-0.064,1.8,13.26,-0.01,,,
68.95,REGROUND,-11.72,-0.52,-9.58,17.75,-0.01,0,0,,,,-0.4,-0.062,2.3,13.26,-0.01,,,
69.0,REGROUND,-11.72,-0.52,-9.58,17.76,-0.01,0,0,,,,-0.41,-0.064,1.8,13.26,-0.01,,,
69.05,REGROUND,-11.76,-0.52,-9.58,17.78,-0.01,0,0,,,,-0.399,-0.062,2.5,13.26,-0.01,,,
69.1,REGROUND,-11.76,-0.52,-9.58,17.79,-0.01,0,0,,,,-0.41,-0.064,1.9,13.26,-0.01,,,
69.15,REGROUND,-11.8,-0.52,-9.58,17.8,-0.01,0,0,,,,-0.4,-0.062,2.5,13.26,-0.01,,,
69.2,REGROUND,-11.8,-0.52,-9.58,17.81,-0.01,0,0,,,,-0.41,-0.064,1.8,13.26,-0.01,,,
69.25,REGROUND,-11.84,-0.52,-9.58,17.83,-0.01,0,0,,,,-0.399,-0.063,2.5,13.26,-0.01,,,
69.3,REGROUND,-11.84,-0.52,-9.58,17.84,-0.01,0,0,,,,-0.41,-0.064,1.8,13.26,-0.01,,,
69.35,REGROUND,-11.88,-0.52,-9.58,17.85,-0.01,0,0,,,,-0.4,-0.063,2.5,13.26,-0.01,,,
69.4,REGROUND,-11.88,-0.52,-9.58,17.86,-0.01,0,0,,,,-0.41,-0.064,1.7,13.26,-0.01,,,
69.45,REGROUND,-11.92,-0.52,-9.58,17.88,-0.01,0,0,,,,-0.399,-0.063,2.4,13.26,-0.01,,,
69.5,REGROUND,-11.92,-0.52,-9.58,17.89,-0.01,0,0,,,,-0.41,-0.065,1.7,13.26,-0.01,,,
69.55,REGROUND,-11.96,-0.52,-9.58,17.9,-0.01,0,0,,,,-0.4,-0.063,2.4,13.26,-0.01,,,
69.6,REGROUND,-11.96,-0.52,-9.58,17.91,-0.01,0,0,,,,-0.41,-0.065,1.8,13.26,-0.01,,,
69.65,REGROUND,-12.01,-0.53,-9.58,17.93,-0.01,0,0,,,,-0.4,-0.063,2.4,13.26,-0.01,,,
69.7,REGROUND,-12.01,-0.53,-9.58,17.94,-0.01,0,0,,,,-0.41,-0.065,1.8,13.26,-0.01,,,
69.75,REGROUND,-12.05,-0.53,-9.58,17.95,-0.01,0,0,,,,-0.4,-0.063,2.4,13.26,-0.01,,,
69.8,REGROUND,-12.05,-0.53,-9.58,17.97,-0.01,0,0,,,,-0.41,-0.065,1.8,13.26,-0.01,,,
69.85,REGROUND,-12.09,-0.53,-9.58,17.98,-0.01,0,0,,,,-0.4,-0.064,2.3,13.26,-0.01,,,
69.9,REGROUND,-12.09,-0.53,-9.58,17.99,-0.01,0,0,,,,-0.41,-0.065,5.7,13.26,-0.01,,,
69.95,REGROUND,-12.13,-0.53,-9.58,18.0,-0.01,0,0,,,,-0.4,-0.064,2.5,13.26,-0.01,,,
70.0,REGROUND,-12.13,-0.53,-9.58,18.02,-0.01,0,0,,,,-0.41,-0.065,1.8,13.26,-0.01,,,
70.05,REGROUND,-12.17,-0.53,-9.58,18.03,-0.01,0,0,,,,-0.4,-0.064,2.5,13.26,-0.01,,,
70.1,REGROUND,-12.17,-0.53,-9.58,18.04,-0.01,0,0,,,,-0.41,-0.065,1.8,13.26,-0.01,,,
70.15,REGROUND,-12.21,-0.53,-9.58,18.05,-0.01,0,0,,,,-0.4,-0.064,2.5,13.26,-0.01,,,
70.2,REGROUND,-12.21,-0.53,-9.58,18.07,-0.01,0,0,,,,-0.41,-0.066,1.7,13.26,-0.01,,,
70.25,REGROUND,-12.25,-0.53,-9.58,18.08,-0.01,0,0,,,,-0.4,-0.064,2.5,13.26,-0.01,,,
70.3,REGROUND,-12.25,-0.53,-9.58,18.09,-0.01,0,0,,,,-0.41,-0.066,1.8,13.26,-0.01,,,
70.35,REGROUND,-12.29,-0.53,-9.58,18.1,-0.01,0,0,,,,-0.4,-0.064,2.4,13.26,-0.01,,,
70.4,REGROUND,-12.29,-0.53,-9.58,18.12,-0.01,0,0,,,,-0.411,-0.066,1.8,13.26,-0.01,,,
70.45,REGROUND,-12.33,-0.53,-9.58,18.13,-0.01,0,0,,,,-0.4,-0.064,2.3,13.26,-0.01,,,
70.5,REGROUND,-12.33,-0.53,-9.58,18.14,-0.01,0,0,,,,-0.41,-0.066,1.8,13.26,-0.01,,,
70.55,REGROUND,-12.37,-0.54,-9.58,18.15,-0.01,0,0,,,,-0.4,-0.064,2.4,13.26,-0.01,,,
70.6,REGROUND,-12.37,-0.54,-9.58,18.17,-0.01,0,0,,,,-0.41,-0.066,1.9,13.26,-0.01,,,
70.65,REGROUND,-12.41,-0.54,-9.58,18.18,-0.01,0,0,,,,-0.4,-0.064,2.5,13.26,-0.01,,,
70.7,REGROUND,-12.41,-0.54,-9.58,18.19,-0.01,0,0,,,,-0.41,-0.066,1.8,13.26,-0.01,,,
70.75,REGROUND,-12.46,-0.54,-9.58,18.2,-0.01,0,0,,,,-0.4,-0.064,2.5,13.26,-0.01,,,
70.8,REGROUND,-12.46,-0.54,-9.58,18.22,-0.01,0,0,,,,-0.41,-0.066,1.8,13.26,-0.01,,,
70.85,REGROUND,-12.5,-0.54,-9.58,18.23,-0.01,0,0,,,,-0.4,-0.064,2.6,13.26,-0.01,,,
70.9,REGROUND,-12.5,-0.54,-9.58,18.24,-0.01,0,0,,,,-0.41,-0.066,2.1,13.26,-0.01,,,
70.95,REGROUND,-12.54,-0.54,-9.58,18.25,-0.01,0,0,,,,-0.4,-0.064,2.6,13.26,-0.01,,,
71.01,REGROUND,-12.54,-0.54,-9.58,18.27,-0.01,0,0,,,,-0.41,-0.066,1.7,13.26,-0.01,,,
71.06,REGROUND,-12.58,-0.54,-9.58,18.28,-0.01,0,0,,,,-0.399,-0.064,2.4,13.26,-0.01,,,
71.11,REGROUND,-12.58,-0.54,-9.58,18.29,-0.01,0,0,,,,-0.41,-0.066,1.8,13.26,-0.01,,,
71.16,REGROUND,-12.62,-0.54,-9.58,18.3,-0.01,0,0,,,,-0.399,-0.064,2.5,13.26,-0.01,,,
71.21,REGROUND,-12.62,-0.54,-9.58,18.32,-0.01,0,0,,,,-0.41,-0.066,1.8,13.26,-0.01,,,
71.26,REGROUND,-12.66,-0.54,-9.58,18.33,-0.01,0,0,,,,-0.399,-0.064,2.4,13.26,-0.01,,,
71.31,REGROUND,-12.66,-0.54,-9.58,18.34,-0.01,0,0,,,,-0.409,-0.066,1.8,13.26,-0.01,,,
71.36,REGROUND,-12.7,-0.55,-9.58,18.35,-0.01,0,0,,,,-0.399,-0.064,2.5,13.26,-0.01,,,
71.41,REGROUND,-12.7,-0.55,-9.58,18.37,-0.01,0,0,,,,-0.409,-0.066,1.8,13.26,-0.01,,,
71.46,REGROUND,-12.74,-0.55,-9.58,18.38,-0.01,0,0,,,,-0.399,-0.064,2.5,13.26,-0.01,,,
71.51,REGROUND,-12.74,-0.55,-9.58,18.39,-0.01,0,0,,,,-0.409,-0.065,1.8,13.26,-0.01,,,
71.56,REGROUND,-12.79,-0.55,-9.58,18.4,-0.01,0,0,,,,-0.399,-0.064,2.5,13.26,-0.01,,,
71.61,REGROUND,-12.79,-0.55,-9.58,18.42,-0.01,0,0,,,,-0.409,-0.065,1.9,13.26,-0.01,,,
71.66,REGROUND,-12.83,-0.55,-9.58,18.43,-0.01,0,0,,,,-0.399,-0.063,2.5,13.26,-0.01,,,
71.71,REGROUND,-12.83,-0.55,-9.58,18.44,-0.01,0,0,,,,-0.409,-0.065,1.7,13.26,-0.01,,,
71.76,REGROUND,-12.87,-0.55,-9.58,18.45,-0.01,0,0,,,,-0.399,-0.063,2.4,13.26,-0.01,,,
71.81,REGROUND,-12.87,-0.55,-9.58,18.47,-0.01,0,0,,,,-0.409,-0.065,1.8,13.26,-0.01,,,
71.86,REGROUND,-12.91,-0.55,-9.58,18.48,-0.01,0,0,,,,-0.399,-0.063,2.4,13.26,-0.01,,,
71.91,REGROUND,-12.91,-0.55,-9.58,18.49,-0.01,0,0,,,,-0.409,-0.065,1.8,13.26,-0.01,,,
71.96,REGROUND,-12.95,-0.56,-9.58,18.5,-0.01,0,0,,,,-0.399,-0.063,2.4,13.26,-0.01,,,
72.01,REGROUND,-12.95,-0.56,-9.58,18.52,-0.01,0,0,,,,-0.409,-0.065,1.8,13.26,-0.01,,,
72.06,REGROUND,-12.99,-0.56,-9.58,18.53,-0.01,0,0,,,,-0.399,-0.063,2.3,13.26,-0.01,,,
72.11,REGROUND,-12.99,-0.56,-9.58,18.54,-0.01,0,0,,,,-0.409,-0.065,1.9,13.26,-0.01,,,
72.16,REGROUND,-13.03,-0.56,-9.58,18.55,-0.01,0,0,,,,-0.399,-0.063,5.8,13.26,-0.01,,,
72.21,REGROUND,-13.03,-0.56,-9.58,18.57,-0.01,0,0,,,,-0.409,-0.065,1.8,13.26,-0.01,,,
72.26,REGROUND,-13.07,-0.56,-9.58,18.58,-0.01,0,0,,,,-0.399,-0.063,2.6,13.26,-0.01,,,
72.31,REGROUND,-13.07,-0.56,-9.58,18.59,-0.01,0,0,,,,-0.409,-0.065,1.8,13.26,-0.01,,,
72.36,REGROUND,-13.11,-0.56,-9.58,18.6,-0.01,0,0,,,,-0.399,-0.063,2.4,13.26,-0.01,,,
72.41,REGROUND,-13.11,-0.56,-9.58,18.62,-0.01,0,0,,,,-0.409,-0.065,1.8,13.26,-0.01,,,
72.46,REGROUND,-13.15,-0.56,-9.58,18.63,-0.01,0,0,,,,-0.399,-0.063,2.4,13.26,-0.01,,,
72.51,REGROUND,-13.15,-0.56,-9.58,18.64,-0.01,0,0,,,,-0.409,-0.065,1.7,13.26,-0.01,,,
72.56,REGROUND,-13.19,-0.56,-9.58,18.65,-0.01,0,0,,,,-0.399,-0.063,2.4,13.26,-0.01,,,
72.61,REGROUND,-13.19,-0.56,-9.58,18.67,-0.01,0,0,,,,-0.409,-0.065,1.8,13.26,-0.01,,,
72.66,REGROUND,-13.24,-0.56,-9.58,18.68,-0.01,0,0,,,,-0.399,-0.063,2.2,13.26,-0.01,,,
72.71,REGROUND,-13.24,-0.56,-9.58,18.69,-0.01,0,0,,,,-0.409,-0.065,1.8,13.26,-0.01,,,
72.76,REGROUND,-13.28,-0.57,-9.58,18.7,-0.01,0,0,,,,-0.399,-0.063,2.3,13.26,-0.01,,,
72.81,REGROUND,-13.28,-0.57,-9.58,18.72,-0.01,0,0,,,,-0.409,-0.065,1.8,13.26,-0.01,,,
72.86,REGROUND,-13.32,-0.57,-9.58,18.73,-0.01,0,0,,,,-0.399,-0.064,2.5,13.26,-0.01,,,
72.91,REGROUND,-13.32,-0.57,-9.58,18.74,-0.01,0,0,,,,-0.409,-0.065,1.8,13.26,-0.01,,,
72.96,REGROUND,-13.36,-0.57,-9.58,18.75,-0.01,0,0,,,,-0.399,-0.064,2.5,13.26,-0.01,,,
73.01,REGROUND,-13.36,-0.57,-9.58,18.77,-0.01,0,0,,,,-0.409,-0.065,1.8,13.26,-0.01,,,
73.06,REGROUND,-13.4,-0.57,-9.58,18.78,-0.01,0,0,,,,-0.399,-0.064,2.5,13.26,-0.01,,,
73.11,REGROUND,-13.4,-0.57,-9.58,18.79,-0.01,0,0,,,,-0.409,-0.065,1.8,13.26,-0.01,,,
73.16,REGROUND,-13.44,-0.57,-9.58,18.8,-0.01,0,0,,,,-0.399,-0.064,2.4,13.26,-0.01,,,
73.21,REGROUND,-13.44,-0.57,-9.58,18.82,-0.01,0,0,,,,-0.409,-0.065,1.8,13.26,-0.01,,,
73.26,REGROUND,-13.48,-0.57,-9.58,18.83,-0.01,0,0,,,,-0.399,-0.064,2.4,13.26,-0.01,,,
73.31,REGROUND,-13.48,-0.57,-9.58,18.84,-0.01,0,0,,,,-0.409,-0.066,1.8,13.26,-0.01,,,
73.36,REGROUND,-13.52,-0.57,-9.58,18.85,-0.01,0,0,,,,-0.399,-0.064,2.4,13.26,-0.01,,,
73.41,REGROUND,-13.52,-0.57,-9.58,18.87,-0.01,0,0,,,,-0.409,-0.066,1.8,13.26,-0.01,,,
73.46,REGROUND,-13.56,-0.57,-9.58,18.88,-0.01,0,0,,,,-0.399,-0.064,2.3,13.26,-0.01,,,
73.51,REGROUND,-13.56,-0.57,-9.58,18.89,-0.01,0,0,,,,-0.409,-0.066,1.6,13.26,-0.01,,,
73.56,REGROUND,-13.6,-0.58,-9.58,18.9,-0.01,0,0,,,,-0.399,-0.064,2.3,13.26,-0.01,,,
73.61,REGROUND,-13.6,-0.58,-9.58,18.92,-0.01,0,0,,,,-0.41,-0.066,1.9,13.26,-0.01,,,
73.66,REGROUND,-13.64,-0.58,-9.58,18.93,-0.01,0,0,,,,-0.4,-0.064,2.4,13.26,-0.01,,,
73.71,REGROUND,-13.64,-0.58,-9.58,18.94,-0.01,0,0,,,,-0.41,-0.066,1.8,13.26,-0.01,,,
73.76,REGROUND,-13.69,-0.58,-9.58,18.95,-0.01,0,0,,,,-0.4,-0.064,2.5,13.26,-0.01,,,
73.81,REGROUND,-13.69,-0.58,-9.58,18.97,-0.01,0,0,,,,-0.41,-0.066,1.9,13.26,-0.01,,,
73.86,REGROUND,-13.73,-0.58,-9.58,18.98,-0.01,0,0,,,,-0.4,-0.064,2.4,13.26,-0.01,,,
73.91,REGROUND,-13.73,-0.58,-9.58,18.99,-0.01,0,0,,,,-0.41,-0.066,1.8,13.26,-0.01,,,
73.96,REGROUND,-13.77,-0.58,-9.58,19.0,-0.01,0,0,,,,-0.4,-0.064,2.5,13.26,-0.01,,,
74.01,REGROUND,-13.77,-0.58,-9.58,19.02,-0.01,0,0,,,,-0.41,-0.065,1.8,13.26,-0.01,,,
74.06,REGROUND,-13.81,-0.58,-9.58,19.03,-0.01,0,0,,,,-0.4,-0.064,2.4,13.26,-0.01,,,
74.11,REGROUND,-13.81,-0.58,-9.58,19.04,-0.01,0,0,,,,-0.41,-0.066,1.9,13.26,-0.01,,,
74.16,REGROUND,-13.85,-0.58,-9.58,19.05,-0.01,0,0,,,,-0.4,-0.064,2.6,13.26,-0.01,,,
74.21,REGROUND,-13.85,-0.58,-9.58,19.07,-0.01,0,0,,,,-0.41,-0.066,1.8,13.26,-0.01,,,
74.26,REGROUND,-13.89,-0.58,-9.58,19.08,-0.01,0,0,,,,-0.4,-0.064,2.4,13.26,-0.01,,,
74.31,REGROUND,-13.89,-0.58,-9.58,19.09,-0.01,0,0,,,,-0.41,-0.066,1.8,13.26,-0.01,,,
74.36,REGROUND,-13.93,-0.59,-9.58,19.1,-0.01,0,0,,,,-0.4,-0.064,2.5,13.26,-0.01,,,
74.41,REGROUND,-13.93,-0.59,-9.58,19.12,-0.01,0,0,,,,-0.41,-0.065,1.8,13.26,-0.01,,,
74.46,REGROUND,-13.97,-0.59,-9.58,19.13,-0.01,0,0,,,,-0.4,-0.064,2.5,13.26,-0.01,,,
74.51,REGROUND,-13.97,-0.59,-9.58,19.14,-0.01,0,0,,,,-0.411,-0.065,5.2,13.26,-0.01,,,
74.56,REGROUND,-14.01,-0.59,-9.58,19.15,-0.01,0,0,,,,-0.401,-0.063,2.7,13.26,-0.01,,,
74.61,REGROUND,-14.01,-0.59,-9.58,19.17,-0.01,0,0,,,,-0.411,-0.065,1.8,13.26,-0.01,,,
74.66,REGROUND,-14.05,-0.59,-9.58,19.18,-0.01,0,0,,,,-0.401,-0.063,2.5,13.26,-0.01,,,
74.71,REGROUND,-14.05,-0.59,-9.58,19.19,-0.01,0,0,,,,-0.411,-0.065,1.7,13.26,-0.01,,,
74.76,REGROUND,-14.09,-0.59,-9.58,19.2,-0.01,0,0,,,,-0.401,-0.063,2.4,13.26,-0.01,,,
74.81,REGROUND,-14.09,-0.59,-9.58,19.22,-0.01,0,0,,,,-0.411,-0.065,2.3,13.26,-0.01,,,
74.86,REGROUND,-14.13,-0.6,-9.58,19.23,-0.01,0,0,,,,-0.401,-0.063,2.9,13.26,-0.01,,,
74.91,REGROUND,-14.13,-0.6,-9.58,19.24,-0.01,0,0,,,,-0.411,-0.065,2.2,13.26,-0.01,,,
74.96,REGROUND,-14.17,-0.6,-9.58,19.25,-0.01,0,0,,,,-0.401,-0.063,2.6,13.26,-0.01,,,
75.01,REGROUND,-14.17,-0.6,-9.58,19.27,-0.01,0,0,,,,-0.411,-0.064,1.9,13.26,-0.01,,,
75.06,REGROUND,-14.22,-0.6,-9.58,19.28,-0.01,0,0,,,,-0.401,-0.063,2.6,13.26,-0.01,,,
75.11,REGROUND,-14.22,-0.6,-9.58,19.29,-0.01,0,0,,,,-0.411,-0.064,1.9,13.26,-0.01,,,
75.16,REGROUND,-14.26,-0.6,-9.58,19.3,-0.01,0,0,,,,-0.401,-0.063,2.5,13.26,-0.01,,,
75.21,REGROUND,-14.26,-0.6,-9.58,19.32,-0.01,0,0,,,,-0.411,-0.064,1.7,13.26,-0.01,,,
75.26,REGROUND,-14.3,-0.6,-9.58,19.33,-0.01,0,0,,,,-0.401,-0.063,2.4,13.26,-0.01,,,
75.31,REGROUND,-14.3,-0.6,-9.58,19.34,-0.01,0,0,,,,-0.411,-0.064,1.8,13.26,-0.01,,,
75.36,REGROUND,-14.34,-0.6,-9.58,19.35,-0.01,0,0,,,,-0.401,-0.063,2.4,13.26,-0.01,,,
75.41,REGROUND,-14.34,-0.6,-9.58,19.37,-0.01,0,0,,,,-0.411,-0.064,1.7,13.26,-0.01,,,
75.46,REGROUND,-14.38,-0.6,-9.58,19.38,-0.01,0,0,,,,-0.401,-0.063,2.6,13.26,-0.01,,,
75.51,REGROUND,-14.38,-0.6,-9.58,19.39,-0.01,0,0,,,,-0.411,-0.065,1.5,13.26,-0.01,,,
75.56,REGROUND,-14.42,-0.6,-9.58,19.4,-0.01,0,0,,,,-0.401,-0.063,2.3,13.26,-0.01,,,
75.61,REGROUND,-14.42,-0.6,-9.58,19.42,-0.01,0,0,,,,-0.411,-0.065,1.8,13.26,-0.01,,,
75.66,REGROUND,-14.46,-0.6,-9.58,19.43,-0.01,0,0,,,,-0.401,-0.063,2.2,13.26,-0.01,,,
75.71,REGROUND,-14.46,-0.6,-9.58,19.44,-0.01,0,0,,,,-0.411,-0.065,2.0,13.26,-0.01,,,
75.76,REGROUND,-14.5,-0.61,-9.58,19.45,-0.01,0,0,,,,-0.401,-0.064,2.5,13.26,-0.01,,,
75.81,REGROUND,-14.5,-0.61,-9.58,19.47,-0.01,0,0,,,,-0.411,-0.065,1.9,13.26,-0.01,,,
75.86,REGROUND,-14.54,-0.61,-9.58,19.48,-0.01,0,0,,,,-0.401,-0.064,2.5,13.26,-0.01,,,
75.91,REGROUND,-14.54,-0.61,-9.58,19.49,-0.01,0,0,,,,-0.411,-0.066,1.7,13.26,-0.01,,,
75.96,REGROUND,-14.58,-0.61,-9.58,19.5,-0.01,0,0,,,,-0.401,-0.064,2.5,13.26,-0.01,,,
76.01,REGROUND,-14.58,-0.61,-9.58,19.52,-0.01,0,0,,,,-0.411,-0.066,1.8,13.26,-0.01,,,
76.06,REGROUND,-14.63,-0.61,-9.58,19.53,-0.01,0,0,,,,-0.4,-0.064,2.5,13.26,-0.01,,,
76.11,REGROUND,-14.63,-0.61,-9.58,19.54,-0.01,0,0,,,,-0.411,-0.066,1.8,13.26,-0.01,,,
76.16,REGROUND,-14.67,-0.61,-9.58,19.55,-0.01,0,0,,,,-0.4,-0.064,2.4,13.26,-0.01,,,
76.21,REGROUND,-14.67,-0.61,-9.58,19.57,-0.01,0,0,,,,-0.411,-0.066,1.8,13.26,-0.01,,,
76.26,REGROUND,-14.71,-0.61,-9.58,19.58,-0.01,0,0,,,,-0.4,-0.065,2.3,13.26,-0.01,,,
76.31,REGROUND,-14.71,-0.61,-9.58,19.59,-0.01,0,0,,,,-0.41,-0.066,1.8,13.26,-0.01,,,
76.36,REGROUND,-14.75,-0.61,-9.58,19.6,-0.01,0,0,,,,-0.4,-0.065,2.4,13.26,-0.01,,,
76.41,REGROUND,-14.75,-0.61,-9.58,19.62,-0.01,0,0,,,,-0.41,-0.066,1.8,13.26,-0.01,,,
76.46,REGROUND,-14.79,-0.61,-9.58,19.63,-0.01,0,0,,,,-0.4,-0.065,2.5,13.26,-0.01,,,
76.51,REGROUND,-14.79,-0.61,-9.58,19.64,-0.01,0,0,,,,-0.41,-0.066,1.8,13.26,-0.01,,,
76.56,REGROUND,-14.83,-0.61,-9.58,19.65,-0.01,0,0,,,,-0.4,-0.065,2.5,13.26,-0.01,,,
76.61,REGROUND,-14.83,-0.61,-9.58,19.67,-0.01,0,0,,,,-0.41,-0.066,1.8,13.26,-0.01,,,
76.66,REGROUND,-14.87,-0.61,-9.58,19.68,-0.01,0,0,,,,-0.399,-0.065,2.5,13.26,-0.01,,,
76.71,REGROUND,-14.87,-0.61,-9.58,19.69,-0.01,0,0,,,,-0.409,-0.066,1.8,13.26,-0.01,,,
76.76,REGROUND,-14.92,-0.62,-9.58,19.7,-0.01,0,0,,,,-0.399,-0.065,2.4,13.26,-0.01,,,
76.81,REGROUND,-14.92,-0.62,-9.58,19.72,-0.01,0,0,,,,-0.409,-0.066,1.8,13.26,-0.01,,,
76.86,REGROUND,-14.96,-0.62,-9.58,19.73,-0.01,0,0,,,,-0.399,-0.065,5.9,13.26,-0.01,,,
76.91,REGROUND,-14.96,-0.62,-9.58,19.74,-0.01,0,0,,,,-0.409,-0.066,2.4,13.26,-0.01,,,
76.96,REGROUND,-15.0,-0.62,-9.58,19.76,-0.01,0,0,,,,-0.399,-0.064,2.7,13.26,-0.01,,,
77.01,REGROUND,-15.0,-0.62,-9.58,19.77,-0.01,0,0,,,,-0.409,-0.066,2.0,13.26,-0.01,,,
77.06,REGROUND,-15.04,-0.62,-9.58,19.78,-0.01,0,0,,,,-0.399,-0.064,2.7,13.26,-0.01,,,
77.11,REGROUND,-15.04,-0.62,-9.58,19.79,-0.01,0,0,,,,-0.409,-0.066,2.3,13.26,-0.01,,,
77.16,REGROUND,-15.08,-0.62,-9.58,19.81,-0.01,0,0,,,,-0.399,-0.064,2.5,13.26,-0.01,,,
77.21,REGROUND,-15.08,-0.62,-9.58,19.82,-0.01,0,0,,,,-0.409,-0.066,1.8,13.26,-0.01,,,
77.26,REGROUND,-15.12,-0.62,-9.58,19.83,-0.01,0,0,,,,-0.399,-0.064,2.5,13.26,-0.01,,,
77.31,REGROUND,-15.12,-0.62,-9.58,19.84,-0.01,0,0,,,,-0.409,-0.066,1.8,13.26,-0.01,,,
77.36,REGROUND,-15.16,-0.63,-9.58,19.86,-0.01,0,0,,,,-0.399,-0.064,2.5,13.26,-0.01,,,
77.41,REGROUND,-15.16,-0.63,-9.58,19.87,-0.01,0,0,,,,-0.409,-0.066,1.8,13.26,-0.01,,,
77.46,REGROUND,-15.2,-0.63,-9.58,19.88,-0.01,0,0,,,,-0.399,-0.064,2.3,13.26,-0.01,,,
77.51,REGROUND,-15.2,-0.63,-9.58,19.89,-0.01,0,0,,,,-0.409,-0.066,2.1,13.26,-0.01,,,
77.56,REGROUND,-15.24,-0.63,-9.58,19.91,-0.01,0,0,,,,-0.399,-0.064,2.5,13.26,-0.01,,,
77.61,REGROUND,-15.24,-0.63,-9.58,19.92,-0.01,0,0,,,,-0.409,-0.065,1.9,13.26,-0.01,,,
77.66,REGROUND,-15.29,-0.63,-9.58,19.93,-0.01,0,0,,,,-0.399,-0.063,2.4,13.26,-0.01,,,
77.71,REGROUND,-15.29,-0.63,-9.58,19.94,-0.01,0,0,,,,-0.409,-0.065,1.8,13.26,-0.01,,,
77.76,REGROUND,-15.33,-0.63,-9.58,19.96,-0.01,0,0,,,,-0.399,-0.063,2.5,13.26,-0.01,,,
77.81,REGROUND,-15.33,-0.63,-9.58,19.97,-0.01,0,0,,,,-0.409,-0.065,1.7,13.26,-0.01,,,
77.86,REGROUND,-15.37,-0.63,-9.58,19.98,-0.01,0,0,,,,-0.399,-0.063,2.3,13.26,-0.01,,,
77.91,REGROUND,-15.37,-0.63,-9.58,19.99,-0.01,0,0,,,,-0.409,-0.065,1.8,13.26,-0.01,,,
77.96,REGROUND,-15.41,-0.64,-9.58,20.01,-0.01,0,0,,,,-0.399,-0.063,2.5,13.26,-0.01,,,
78.01,REGROUND,-15.41,-0.64,-9.58,20.02,-0.01,0,0,,,,-0.409,-0.064,1.8,13.26,-0.01,,,
78.06,REGROUND,-15.45,-0.64,-9.58,20.03,-0.01,0,0,,,,-0.399,-0.062,2.3,13.26,-0.01,,,
78.11,REGROUND,-15.45,-0.64,-9.58,20.04,-0.01,0,0,,,,-0.409,-0.064,2.0,13.26,-0.01,,,
78.16,REGROUND,-15.49,-0.64,-9.58,20.06,-0.01,0,0,,,,-0.399,-0.062,2.5,13.26,-0.01,,,
78.21,REGROUND,-15.49,-0.64,-9.58,20.07,-0.01,0,0,,,,-0.409,-0.064,1.8,13.26,-0.01,,,
78.27,REGROUND,-15.53,-0.64,-9.58,20.08,-0.01,0,0,,,,-0.399,-0.062,2.4,13.26,-0.01,,,
78.32,REGROUND,-15.53,-0.64,-9.58,20.09,-0.01,0,0,,,,-0.409,-0.064,1.8,13.26,-0.01,,,
78.37,REGROUND,-15.57,-0.64,-9.58,20.11,-0.01,0,0,,,,-0.399,-0.062,2.4,13.26,-0.01,,,
78.42,REGROUND,-15.57,-0.64,-9.58,20.12,-0.01,0,0,,,,-0.41,-0.064,1.6,13.26,-0.01,,,
78.47,REGROUND,-15.61,-0.64,-9.58,20.13,-0.01,0,0,,,,-0.4,-0.062,2.4,13.26,-0.01,,,
78.52,REGROUND,-15.61,-0.64,-9.58,20.14,-0.01,0,0,,,,-0.41,-0.064,1.5,13.26,-0.01,,,
78.57,REGROUND,-15.65,-0.65,-9.58,20.16,-0.01,0,0,,,,-0.4,-0.062,2.4,13.26,-0.01,,,
78.62,REGROUND,-15.65,-0.65,-9.58,20.17,-0.01,0,0,,,,-0.41,-0.064,1.8,13.26,-0.01,,,
78.67,REGROUND,-15.69,-0.65,-9.58,20.18,-0.01,0,0,,,,-0.399,-0.062,2.4,13.26,-0.01,,,
78.72,REGROUND,-15.69,-0.65,-9.58,20.19,-0.01,0,0,,,,-0.41,-0.064,1.9,13.26,-0.01,,,
78.77,REGROUND,-15.73,-0.65,-9.58,20.21,-0.01,0,0,,,,-0.399,-0.062,2.5,13.26,-0.01,,,
78.82,REGROUND,-15.73,-0.65,-9.58,20.22,-0.01,0,0,,,,-0.409,-0.064,1.9,13.26,-0.01,,,
78.87,REGROUND,-15.78,-0.65,-9.58,20.23,-0.01,0,0,,,,-0.399,-0.063,3.0,13.26,-0.01,,,
78.92,REGROUND,-15.78,-0.65,-9.58,20.24,-0.01,0,0,,,,-0.409,-0.064,1.8,13.26,-0.01,,,
78.97,REGROUND,-15.82,-0.65,-9.58,20.26,-0.01,0,0,,,,-0.399,-0.063,3.1,13.26,-0.01,,,
79.02,REGROUND,-15.82,-0.65,-9.58,20.27,-0.01,0,0,,,,-0.409,-0.064,2.0,13.26,-0.01,,,
79.07,REGROUND,-15.86,-0.65,-9.58,20.28,-0.01,0,0,,,,-0.399,-0.063,3.0,13.26,-0.01,,,
79.12,REGROUND,-15.86,-0.65,-9.58,20.29,-0.01,0,0,,,,-0.409,-0.065,1.8,13.26,-0.01,,,
79.17,REGROUND,-15.9,-0.65,-9.58,20.31,-0.01,0,0,,,,-0.399,-0.063,2.6,13.26,-0.01,,,
79.22,REGROUND,-15.9,-0.65,-9.58,20.32,-0.01,0,0,,,,-0.409,-0.065,1.9,13.26,-0.01,,,
79.27,REGROUND,-15.94,-0.65,-9.58,20.33,-0.01,0,0,,,,-0.399,-0.064,5.8,13.26,-0.01,,,
79.32,REGROUND,-15.94,-0.65,-9.58,20.34,-0.01,0,0,,,,-0.409,-0.065,1.8,13.26,-0.01,,,
79.37,REGROUND,-15.98,-0.65,-9.58,20.36,-0.01,0,0,,,,-0.399,-0.064,2.2,13.26,-0.01,,,
79.42,REGROUND,-15.98,-0.65,-9.58,20.37,-0.01,0,0,,,,-0.409,-0.065,1.9,13.26,-0.01,,,
79.47,REGROUND,-16.02,-0.65,-9.58,20.38,-0.01,0,0,,,,-0.399,-0.064,2.5,13.26,-0.01,,,
79.52,REGROUND,-16.02,-0.65,-9.58,20.39,-0.01,0,0,,,,-0.409,-0.066,1.9,13.26,-0.01,,,
79.57,REGROUND,-16.06,-0.65,-9.58,20.41,-0.01,0,0,,,,-0.399,-0.064,2.5,13.26,-0.01,,,
79.62,REGROUND,-16.06,-0.65,-9.58,20.42,-0.01,0,0,,,,-0.409,-0.066,1.9,13.26,-0.01,,,
79.67,REGROUND,-16.1,-0.66,-9.58,20.43,-0.01,0,0,,,,-0.399,-0.064,2.5,13.26,-0.01,,,
79.72,REGROUND,-16.1,-0.66,-9.58,20.44,-0.01,0,0,,,,-0.409,-0.066,1.8,13.26,-0.01,,,
79.77,REGROUND,-16.14,-0.66,-9.58,20.46,-0.01,0,0,,,,-0.399,-0.064,2.4,13.26,-0.01,,,
79.82,REGROUND,-16.14,-0.66,-9.58,20.47,-0.01,0,0,,,,-0.409,-0.066,1.7,13.26,-0.01,,,
79.87,REGROUND,-16.19,-0.66,-9.58,20.48,-0.01,0,0,,,,-0.399,-0.065,2.4,13.26,-0.01,,,
79.92,REGROUND,-16.19,-0.66,-9.58,20.49,-0.01,0,0,,,,-0.409,-0.066,1.9,13.26,-0.01,,,
79.97,REGROUND,-16.23,-0.66,-9.58,20.51,-0.01,0,0,,,,-0.399,-0.065,3.1,13.26,-0.01,,,
80.02,REGROUND,-16.23,-0.66,-9.58,20.52,-0.01,0,0,,,,-0.409,-0.066,1.8,13.26,-0.01,,,
80.07,REGROUND,-16.27,-0.66,-9.58,20.53,-0.01,0,0,,,,-0.399,-0.065,2.7,13.26,-0.01,,,
80.12,REGROUND,-16.27,-0.66,-9.58,20.54,-0.01,0,0,,,,-0.409,-0.066,1.9,13.26,-0.01,,,
80.17,REGROUND,-16.31,-0.66,-9.58,20.56,-0.01,0,0,,,,-0.399,-0.065,2.3,13.26,-0.01,,,
80.22,REGROUND,-16.31,-0.66,-9.58,20.57,-0.01,0,0,,,,-0.41,-0.066,1.8,13.26,-0.01,,,
80.27,REGROUND,-16.35,-0.66,-9.58,20.58,-0.01,0,0,,,,-0.399,-0.065,2.6,13.26,-0.01,,,
80.32,REGROUND,-16.35,-0.66,-9.58,20.59,-0.01,0,0,,,,-0.409,-0.066,1.8,13.26,-0.01,,,
80.37,REGROUND,-16.39,-0.66,-9.58,20.61,-0.01,0,0,,,,-0.399,-0.065,2.4,13.26,-0.01,,,
80.42,REGROUND,-16.39,-0.66,-9.58,20.62,-0.01,0,0,,,,-0.409,-0.066,1.8,13.26,-0.01,,,
80.47,REGROUND,-16.43,-0.67,-9.58,20.63,-0.01,0,0,,,,-0.399,-0.065,2.6,13.26,-0.01,,,
80.52,REGROUND,-16.43,-0.67,-9.58,20.64,-0.01,0,0,,,,-0.409,-0.066,1.7,13.26,-0.01,,,
80.57,REGROUND,-16.47,-0.67,-9.58,20.66,-0.01,0,0,,,,-0.4,-0.065,3.1,13.26,-0.01,,,
80.62,REGROUND,-16.47,-0.67,-9.58,20.67,-0.01,0,0,,,,-0.41,-0.066,1.9,13.26,-0.01,,,
80.67,REGROUND,-16.51,-0.67,-9.58,20.68,-0.01,0,0,,,,-0.4,-0.065,2.8,13.26,-0.01,,,
80.72,REGROUND,-16.51,-0.67,-9.58,20.69,-0.01,0,0,,,,-0.41,-0.066,2.2,13.26,-0.01,,,
80.77,REGROUND,-16.55,-0.67,-9.58,20.71,-0.01,0,0,,,,-0.4,-0.064,3.1,13.26,-0.01,,,
80.82,REGROUND,-16.55,-0.67,-9.58,20.72,-0.01,0,0,,,,-0.41,-0.066,2.5,13.26,-0.01,,,
80.87,REGROUND,-16.59,-0.67,-9.58,20.73,-0.01,0,0,,,,-0.4,-0.064,3.1,13.26,-0.01,,,
80.92,REGROUND,-16.59,-0.67,-9.58,20.74,-0.01,0,0,,,,-0.41,-0.066,2.3,13.26,-0.01,,,
80.97,REGROUND,-16.63,-0.67,-9.58,20.76,-0.01,0,0,,,,-0.4,-0.064,2.9,13.26,-0.01,,,
81.02,REGROUND,-16.63,-0.67,-9.58,20.77,-0.01,0,0,,,,-0.41,-0.066,2.0,13.26,-0.01,,,
81.07,REGROUND,-16.67,-0.67,-9.58,20.78,-0.01,0,0,,,,-0.4,-0.064,3.2,13.26,-0.01,,,
81.12,REGROUND,-16.67,-0.67,-9.58,20.79,-0.01,0,0,,,,-0.411,-0.065,2.0,13.26,-0.01,,,
81.17,REGROUND,-16.72,-0.68,-9.58,20.81,-0.01,0,0,,,,-0.401,-0.063,2.1,13.26,-0.01,,,
81.22,REGROUND,-16.72,-0.68,-9.58,20.82,-0.01,0,0,,,,-0.411,-0.065,1.8,13.26,-0.01,,,
81.27,REGROUND,-16.76,-0.68,-9.58,20.83,-0.01,0,0,,,,-0.401,-0.063,2.6,13.26,-0.01,,,
81.32,REGROUND,-16.76,-0.68,-9.58,20.84,-0.01,0,0,,,,-0.411,-0.065,1.8,13.26,-0.01,,,
81.37,REGROUND,-16.8,-0.68,-9.58,20.86,-0.01,0,0,,,,-0.401,-0.063,3.1,13.26,-0.01,,,
81.42,REGROUND,-16.8,-0.68,-9.58,20.87,-0.01,0,0,,,,-0.411,-0.065,2.3,13.26,-0.01,,,
81.47,REGROUND,-16.84,-0.68,-9.58,20.88,-0.01,0,0,,,,-0.401,-0.063,2.8,13.26,-0.01,,,
81.52,REGROUND,-16.84,-0.68,-9.58,20.89,-0.01,0,0,,,,-0.411,-0.065,5.3,13.26,-0.01,,,
81.57,REGROUND,-16.88,-0.68,-9.58,20.91,-0.01,0,0,,,,-0.401,-0.063,2.5,13.26,-0.01,,,
81.62,REGROUND,-16.88,-0.68,-9.58,20.92,-0.01,0,0,,,,-0.411,-0.064,1.9,13.26,-0.01,,,
81.67,REGROUND,-16.92,-0.69,-9.58,20.93,-0.01,0,0,,,,-0.401,-0.063,2.5,13.26,-0.01,,,
81.72,REGROUND,-16.92,-0.69,-9.58,20.94,-0.01,0,0,,,,-0.411,-0.064,1.9,13.26,-0.01,,,
81.77,REGROUND,-16.96,-0.69,-9.58,20.96,-0.01,0,0,,,,-0.401,-0.062,2.6,13.26,-0.01,,,
81.82,REGROUND,-16.96,-0.69,-9.58,20.97,-0.01,0,0,,,,-0.411,-0.064,1.8,13.26,-0.01,,,
81.87,REGROUND,-17.0,-0.69,-9.58,20.98,-0.01,0,0,,,,-0.401,-0.063,2.5,13.26,-0.01,,,
81.92,REGROUND,-17.0,-0.69,-9.58,20.99,-0.01,0,0,,,,-0.411,-0.064,1.8,13.26,-0.01,,,
81.97,REGROUND,-17.04,-0.69,-9.58,21.01,-0.01,0,0,,,,-0.4,-0.062,2.5,13.26,-0.01,,,
82.02,REGROUND,-17.04,-0.69,-9.58,21.02,-0.01,0,0,,,,-0.411,-0.064,1.8,13.26,-0.01,,,
82.07,REGROUND,-17.09,-0.69,-9.58,21.03,-0.01,0,0,,,,-0.4,-0.063,2.4,13.26,-0.01,,,
82.12,REGROUND,-17.09,-0.69,-9.58,21.04,-0.01,0,0,,,,-0.41,-0.064,1.8,13.26,-0.01,,,
82.17,REGROUND,-17.13,-0.69,-9.58,21.06,-0.01,0,0,,,,-0.4,-0.063,2.2,13.26,-0.01,,,
82.22,REGROUND,-17.13,-0.69,-9.58,21.07,-0.01,0,0,,,,-0.41,-0.064,1.8,13.26,-0.01,,,
82.27,REGROUND,-17.17,-0.69,-9.58,21.08,-0.01,0,0,,,,-0.4,-0.063,2.5,13.26,-0.01,,,
82.32,REGROUND,-17.17,-0.69,-9.58,21.09,-0.01,0,0,,,,-0.41,-0.064,1.9,13.26,-0.01,,,
82.37,REGROUND,-17.21,-0.69,-9.58,21.11,-0.01,0,0,,,,-0.4,-0.063,2.5,13.26,-0.01,,,
82.42,REGROUND,-17.21,-0.69,-9.58,21.12,-0.01,0,0,,,,-0.41,-0.064,1.7,13.26,-0.01,,,
82.47,REGROUND,-17.25,-0.69,-9.58,21.13,-0.01,0,0,,,,-0.4,-0.063,2.6,13.26,-0.01,,,
82.52,REGROUND,-17.25,-0.69,-9.58,21.14,-0.01,0,0,,,,-0.41,-0.065,2.2,13.26,-0.01,,,
82.57,REGROUND,-17.29,-0.7,-9.58,21.16,-0.01,0,0,,,,-0.399,-0.063,2.7,13.26,-0.01,,,
82.62,REGROUND,-17.29,-0.7,-9.58,21.17,-0.01,0,0,,,,-0.41,-0.065,2.2,13.26,-0.01,,,
82.67,REGROUND,-17.33,-0.7,-9.58,21.18,-0.01,0,0,,,,-0.399,-0.064,2.9,13.26,-0.01,,,
82.72,REGROUND,-17.33,-0.7,-9.58,21.19,-0.01,0,0,,,,-0.41,-0.065,2.1,13.26,-0.01,,,
82.77,REGROUND,-17.37,-0.7,-9.58,21.21,-0.01,0,0,,,,-0.399,-0.064,2.5,13.26,-0.01,,,
82.82,REGROUND,-17.37,-0.7,-9.58,21.22,-0.01,0,0,,,,-0.41,-0.065,1.8,13.26,-0.01,,,
82.87,REGROUND,-17.41,-0.7,-9.58,21.23,-0.01,0,0,,,,-0.399,-0.064,2.4,13.26,-0.01,,,
82.92,REGROUND,-17.41,-0.7,-9.58,21.24,-0.01,0,0,,,,-0.409,-0.066,1.8,13.26,-0.01,,,
82.97,REGROUND,-17.45,-0.7,-9.58,21.26,-0.01,0,0,,,,-0.399,-0.064,2.2,13.26,-0.01,,,
83.02,REGROUND,-17.45,-0.7,-9.58,21.27,-0.01,0,0,,,,-0.41,-0.066,1.8,13.26,-0.01,,,
83.07,REGROUND,-17.5,-0.7,-9.58,21.28,-0.01,0,0,,,,-0.399,-0.064,2.5,13.26,-0.01,,,
83.12,REGROUND,-17.5,-0.7,-9.58,21.29,-0.01,0,0,,,,-0.409,-0.066,1.9,13.26,-0.01,,,
83.17,REGROUND,-17.54,-0.7,-9.58,21.31,-0.01,0,0,,,,-0.399,-0.064,2.5,13.26,-0.01,,,
83.22,REGROUND,-17.54,-0.7,-9.58,21.32,-0.01,0,0,,,,-0.409,-0.066,1.8,13.26,-0.01,,,
83.27,REGROUND,-17.58,-0.7,-9.58,21.33,-0.01,0,0,,,,-0.399,-0.064,2.5,13.26,-0.01,,,
83.32,REGROUND,-17.58,-0.7,-9.58,21.34,-0.01,0,0,,,,-0.409,-0.066,1.8,13.26,-0.01,,,
83.37,REGROUND,-17.62,-0.7,-9.58,21.36,-0.01,0,0,,,,-0.399,-0.064,2.3,13.26,-0.01,,,
83.42,REGROUND,-17.62,-0.7,-9.58,21.37,-0.01,0,0,,,,-0.409,-0.066,1.8,13.26,-0.01,,,
83.47,REGROUND,-17.66,-0.7,-9.58,21.38,-0.01,0,0,,,,-0.399,-0.065,3.2,13.26,-0.01,,,
83.52,REGROUND,-17.66,-0.7,-9.58,21.39,-0.01,0,0,,,,-0.409,-0.066,2.3,13.26,-0.01,,,
83.57,REGROUND,-17.7,-0.71,-9.58,21.41,-0.01,0,0,,,,-0.399,-0.065,2.6,13.26,-0.01,,,
83.62,REGROUND,-17.7,-0.71,-9.58,21.42,-0.01,0,0,,,,-0.41,-0.066,1.9,13.26,-0.01,,,
83.67,REGROUND,-17.74,-0.71,-9.58,21.43,-0.01,0,0,,,,-0.399,-0.065,2.4,13.26,-0.01,,,
83.72,REGROUND,-17.74,-0.71,-9.58,21.44,-0.01,0,0,,,,-0.41,-0.066,1.8,13.26,-0.01,,,
83.77,REGROUND,-17.78,-0.71,-9.58,21.46,-0.01,0,0,,,,-0.4,-0.064,2.3,13.26,-0.01,,,
83.82,REGROUND,-17.78,-0.71,-9.58,21.47,-0.01,0,0,,,,-0.41,-0.066,1.9,13.26,-0.01,,,
83.87,REGROUND,-17.82,-0.71,-9.58,21.48,-0.01,0,0,,,,-0.4,-0.064,5.6,13.26,-0.01,,,
83.92,REGROUND,-17.82,-0.71,-9.58,21.49,-0.01,0,0,,,,-0.41,-0.066,1.9,13.26,-0.01,,,
83.97,REGROUND,-17.86,-0.71,-9.58,21.51,-0.01,0,0,,,,-0.4,-0.064,2.6,13.26,-0.01,,,
84.02,REGROUND,-17.86,-0.71,-9.58,21.52,-0.01,0,0,,,,-0.41,-0.066,1.8,13.26,-0.01,,,
84.07,REGROUND,-17.91,-0.71,-9.58,21.53,-0.01,0,0,,,,-0.4,-0.064,2.5,13.26,-0.01,,,
84.12,REGROUND,-17.91,-0.71,-9.58,21.54,-0.01,0,0,,,,-0.41,-0.066,1.8,13.26,-0.01,,,
84.17,REGROUND,-17.95,-0.72,-9.58,21.56,-0.01,0,0,,,,-0.4,-0.064,2.4,13.26,-0.01,,,
84.22,REGROUND,-17.95,-0.72,-9.58,21.57,-0.01,0,0,,,,-0.41,-0.066,1.8,13.26,-0.01,,,
84.27,REGROUND,-17.99,-0.72,-9.58,21.58,-0.01,0,0,,,,-0.399,-0.064,2.4,13.26,-0.01,,,
84.32,REGROUND,-17.99,-0.72,-9.58,21.6,-0.01,0,0,,,,-0.41,-0.066,1.8,13.26,-0.01,,,
84.37,REGROUND,-18.03,-0.72,-9.58,21.61,-0.01,0,0,,,,-0.399,-0.064,2.3,13.26,-0.01,,,
84.42,REGROUND,-18.03,-0.72,-9.58,21.62,-0.01,0,0,,,,-0.41,-0.065,1.8,13.26,-0.01,,,
84.47,REGROUND,-18.07,-0.72,-9.58,21.63,-0.01,0,0,,,,-0.399,-0.063,2.3,13.26,-0.01,,,
84.52,REGROUND,-18.07,-0.72,-9.58,21.65,-0.01,0,0,,,,-0.409,-0.065,1.7,13.26,-0.01,,,
84.57,REGROUND,-18.11,-0.72,-9.58,21.66,-0.01,0,0,,,,-0.399,-0.063,2.5,13.26,-0.01,,,
84.62,REGROUND,-18.11,-0.72,-9.58,21.67,-0.01,0,0,,,,-0.409,-0.065,1.9,13.26,-0.01,,,
84.67,REGROUND,-18.15,-0.72,-9.58,21.68,-0.01,0,0,,,,-0.399,-0.063,2.3,13.26,-0.01,,,
84.72,REGROUND,-18.15,-0.72,-9.58,21.7,-0.01,0,0,,,,-0.409,-0.065,1.8,13.26,-0.01,,,
84.77,REGROUND,-18.19,-0.73,-9.58,21.71,-0.01,0,0,,,,-0.399,-0.063,2.2,13.26,-0.01,,,
84.82,REGROUND,-18.19,-0.73,-9.58,21.72,-0.01,0,0,,,,-0.41,-0.065,1.8,13.26,-0.01,,,
84.87,REGROUND,-18.23,-0.73,-9.58,21.73,-0.01,0,0,,,,-0.399,-0.063,2.3,13.26,-0.01,,,
84.92,REGROUND,-18.23,-0.73,-9.58,21.75,-0.01,0,0,,,,-0.41,-0.065,1.9,13.26,-0.01,,,
84.97,REGROUND,-18.27,-0.73,-9.58,21.76,-0.01,0,0,,,,-0.4,-0.063,2.4,13.26,-0.01,,,
85.02,REGROUND,-18.27,-0.73,-9.58,21.77,-0.01,0,0,,,,-0.41,-0.064,1.8,13.26,-0.01,,,
85.07,REGROUND,-18.32,-0.73,-9.58,21.78,-0.01,0,0,,,,-0.4,-0.063,2.4,13.26,-0.01,,,
85.12,REGROUND,-18.32,-0.73,-9.58,21.8,-0.01,0,0,,,,-0.41,-0.065,1.8,13.26,-0.01,,,
85.17,REGROUND,-18.36,-0.73,-9.58,21.81,-0.01,0,0,,,,-0.4,-0.063,2.3,13.26,-0.01,,,
85.22,REGROUND,-18.36,-0.73,-9.58,21.82,-0.01,0,0,,,,-0.41,-0.065,1.8,13.26,-0.01,,,
85.27,REGROUND,-18.4,-0.73,-9.58,21.83,-0.01,0,0,,,,-0.4,-0.063,2.5,13.26,-0.01,,,
85.32,REGROUND,-18.4,-0.73,-9.58,21.85,-0.01,0,0,,,,-0.41,-0.065,1.8,13.26,-0.01,,,
85.37,REGROUND,-18.44,-0.73,-9.58,21.86,-0.01,0,0,,,,-0.4,-0.063,2.5,13.26,-0.01,,,
85.43,REGROUND,-18.44,-0.73,-9.58,21.87,-0.01,0,0,,,,-0.41,-0.065,1.8,13.26,-0.01,,,
85.48,REGROUND,-18.48,-0.73,-9.58,21.88,-0.01,0,0,,,,-0.4,-0.063,2.4,13.26,-0.01,,,
85.53,REGROUND,-18.48,-0.73,-9.58,21.9,-0.01,0,0,,,,-0.41,-0.065,1.6,13.26,-0.01,,,
85.58,REGROUND,-18.52,-0.74,-9.58,21.91,-0.01,0,0,,,,-0.4,-0.063,2.4,13.26,-0.01,,,
85.63,REGROUND,-18.52,-0.74,-9.58,21.92,-0.01,0,0,,,,-0.41,-0.065,1.8,13.26,-0.01,,,
85.68,REGROUND,-18.56,-0.74,-9.58,21.93,-0.01,0,0,,,,-0.4,-0.063,2.4,13.26,-0.01,,,
85.73,REGROUND,-18.56,-0.74,-9.58,21.95,-0.01,0,0,,,,-0.41,-0.065,1.7,13.26,-0.01,,,
85.78,REGROUND,-18.6,-0.74,-9.58,21.96,-0.01,0,0,,,,-0.4,-0.063,2.4,13.26,-0.01,,,
85.83,REGROUND,-18.6,-0.74,-9.58,21.97,-0.01,0,0,,,,-0.41,-0.065,1.8,13.26,-0.01,,,
85.88,REGROUND,-18.64,-0.74,-9.58,21.98,-0.01,0,0,,,,-0.4,-0.064,2.4,13.26,-0.01,,,
85.93,REGROUND,-18.64,-0.74,-9.58,22.0,-0.01,0,0,,,,-0.41,-0.065,1.8,13.26,-0.01,,,
85.98,REGROUND,-18.68,-0.74,-9.58,22.01,-0.01,0,0,,,,-0.4,-0.064,2.5,13.26,-0.01,,,
86.03,REGROUND,-18.68,-0.74,-9.58,22.02,-0.01,0,0,,,,-0.411,-0.065,1.8,13.26,-0.01,,,
86.08,REGROUND,-18.72,-0.74,-9.58,22.03,-0.01,0,0,,,,-0.401,-0.064,2.5,13.26,-0.01,,,
86.13,REGROUND,-18.72,-0.74,-9.58,22.05,-0.01,0,0,,,,-0.411,-0.066,1.9,13.26,-0.01,,,
86.18,REGROUND,-18.76,-0.74,-9.58,22.06,-0.01,0,0,,,,-0.401,-0.064,6.0,13.26,-0.01,,,
86.23,REGROUND,-18.76,-0.74,-9.58,22.07,-0.01,0,0,,,,-0.411,-0.066,2.1,13.26,-0.01,,,
86.28,REGROUND,-18.8,-0.74,-9.58,22.08,-0.01,0,0,,,,-0.401,-0.064,2.6,13.26,-0.01,,,
86.33,REGROUND,-18.8,-0.74,-9.58,22.1,-0.01,0,0,,,,-0.411,-0.066,1.8,13.26,-0.01,,,
86.38,REGROUND,-18.85,-0.74,-9.58,22.11,-0.01,0,0,,,,-0.401,-0.064,2.4,13.26,-0.01,,,
86.43,REGROUND,-18.85,-0.74,-9.58,22.12,-0.01,0,0,,,,-0.411,-0.066,1.8,13.26,-0.01,,,
86.48,REGROUND,-18.89,-0.75,-9.58,22.13,-0.01,0,0,,,,-0.4,-0.064,2.4,13.26,-0.01,,,
86.53,REGROUND,-18.89,-0.75,-9.58,22.15,-0.01,0,0,,,,-0.411,-0.066,1.8,13.26,-0.01,,,
86.58,REGROUND,-18.93,-0.75,-9.58,22.16,-0.01,0,0,,,,-0.4,-0.064,2.3,13.26,-0.01,,,
86.63,REGROUND,-18.93,-0.75,-9.58,22.17,-0.01,0,0,,,,-0.411,-0.066,1.9,13.26,-0.01,,,
86.68,REGROUND,-18.97,-0.75,-9.58,22.18,-0.01,0,0,,,,-0.4,-0.064,2.2,13.26,-0.01,,,
86.73,REGROUND,-18.97,-0.75,-9.58,22.2,-0.01,0,0,,,,-0.41,-0.066,1.8,13.26,-0.01,,,
86.78,REGROUND,-19.01,-0.75,-9.58,22.21,-0.01,0,0,,,,-0.4,-0.064,2.5,13.26,-0.01,,,
86.83,REGROUND,-19.01,-0.75,-9.58,22.22,-0.01,0,0,,,,-0.411,-0.066,1.8,13.26,-0.01,,,
86.88,REGROUND,-19.05,-0.75,-9.58,22.23,-0.01,0,0,,,,-0.4,-0.064,2.5,13.26,-0.01,,,
86.93,REGROUND,-19.05,-0.75,-9.58,22.25,-0.01,0,0,,,,-0.41,-0.066,1.8,13.26,-0.01,,,
86.98,REGROUND,-19.09,-0.75,-9.58,22.26,-0.01,0,0,,,,-0.4,-0.064,2.5,13.26,-0.01,,,
87.03,REGROUND,-19.09,-0.75,-9.58,22.27,-0.01,0,0,,,,-0.41,-0.066,1.8,13.26,-0.01,,,
87.08,REGROUND,-19.13,-0.75,-9.58,22.28,-0.01,0,0,,,,-0.4,-0.064,2.4,13.26,-0.01,,,
87.13,REGROUND,-19.13,-0.75,-9.58,22.3,-0.01,0,0,,,,-0.41,-0.066,1.8,13.26,-0.01,,,
87.18,REGROUND,-19.18,-0.75,-9.58,22.31,-0.01,0,0,,,,-0.4,-0.064,2.3,13.26,-0.01,,,
87.23,REGROUND,-19.18,-0.75,-9.58,22.32,-0.01,0,0,,,,-0.41,-0.066,2.0,13.26,-0.01,,,
87.28,REGROUND,-19.22,-0.76,-9.58,22.33,-0.01,0,0,,,,-0.399,-0.064,2.3,13.26,-0.01,,,
87.33,REGROUND,-19.22,-0.76,-9.58,22.35,-0.01,0,0,,,,-0.409,-0.066,1.8,13.26,-0.01,,,
87.38,REGROUND,-19.26,-0.76,-9.58,22.36,-0.01,0,0,,,,-0.399,-0.064,2.5,13.26,-0.01,,,
87.43,REGROUND,-19.26,-0.76,-9.58,22.37,-0.01,0,0,,,,-0.409,-0.066,1.8,13.26,-0.01,,,
87.48,REGROUND,-19.3,-0.76,-9.58,22.38,-0.01,0,0,,,,-0.399,-0.064,2.5,13.26,-0.01,,,
87.53,REGROUND,-19.3,-0.76,-9.58,22.4,-0.01,0,0,,,,-0.409,-0.066,1.8,13.26,-0.01,,,
87.58,REGROUND,-19.34,-0.76,-9.58,22.41,-0.01,0,0,,,,-0.399,-0.064,2.5,13.26,-0.01,,,
87.63,REGROUND,-19.34,-0.76,-9.58,22.42,-0.01,0,0,,,,-0.409,-0.066,1.9,13.26,-0.01,,,
87.68,REGROUND,-19.38,-0.76,-9.58,22.43,-0.01,0,0,,,,-0.398,-0.064,2.5,13.26,-0.01,,,
87.73,REGROUND,-19.38,-0.76,-9.58,22.45,-0.01,0,0,,,,-0.409,-0.065,1.8,13.26,-0.01,,,
87.78,REGROUND,-19.42,-0.76,-9.58,22.46,-0.01,0,0,,,,-0.399,-0.064,2.4,13.26,-0.01,,,
87.83,REGROUND,-19.42,-0.76,-9.58,22.47,-0.01,0,0,,,,-0.409,-0.065,1.8,13.26,-0.01,,,
87.88,REGROUND,-19.46,-0.77,-9.58,22.48,-0.01,0,0,,,,-0.399,-0.063,2.3,13.26,-0.01,,,
87.93,REGROUND,-19.46,-0.77,-9.58,22.5,-0.01,0,0,,,,-0.409,-0.065,1.8,13.26,-0.01,,,
87.98,REGROUND,-19.51,-0.77,-9.58,22.51,-0.01,0,0,,,,-0.399,-0.063,2.3,13.26,-0.01,,,
88.03,REGROUND,-19.51,-0.77,-9.58,22.52,-0.01,0,0,,,,-0.409,-0.065,1.6,13.26,-0.01,,,
88.08,REGROUND,-19.55,-0.77,-9.58,22.53,-0.01,0,0,,,,-0.399,-0.063,2.3,13.26,-0.01,,,
88.13,REGROUND,-19.55,-0.77,-9.58,22.55,-0.01,0,0,,,,-0.409,-0.065,1.9,13.26,-0.01,,,
88.18,REGROUND,-19.59,-0.77,-9.58,22.56,-0.01,0,0,,,,-0.399,-0.063,2.3,13.26,-0.01,,,
88.23,REGROUND,-19.59,-0.77,-9.58,22.57,-0.01,0,0,,,,-0.409,-0.064,1.8,13.26,-0.01,,,
88.28,REGROUND,-19.63,-0.77,-9.58,22.58,-0.01,0,0,,,,-0.399,-0.063,2.5,13.26,-0.01,,,
88.33,REGROUND,-19.63,-0.77,-9.58,22.6,-0.01,0,0,,,,-0.409,-0.064,1.8,13.26,-0.01,,,
88.38,REGROUND,-19.67,-0.77,-9.58,22.61,-0.01,0,0,,,,-0.399,-0.063,2.4,13.26,-0.01,,,
88.43,REGROUND,-19.67,-0.77,-9.58,22.62,-0.01,0,0,,,,-0.409,-0.064,1.6,13.26,-0.01,,,
88.48,REGROUND,-19.71,-0.77,-9.58,22.63,-0.01,0,0,,,,-0.399,-0.063,2.4,13.26,-0.01,,,
88.53,REGROUND,-19.71,-0.77,-9.58,22.65,-0.01,0,0,,,,-0.409,-0.064,4.7,13.26,-0.01,,,
88.58,REGROUND,-19.75,-0.78,-9.58,22.66,-0.01,0,0,,,,-0.399,-0.063,2.5,13.26,-0.01,,,
88.63,REGROUND,-19.75,-0.78,-9.58,22.67,-0.01,0,0,,,,-0.409,-0.064,1.9,13.26,-0.01,,,
88.68,REGROUND,-19.79,-0.78,-9.58,22.68,-0.01,0,0,,,,-0.399,-0.063,2.3,13.26,-0.01,,,
88.73,REGROUND,-19.79,-0.78,-9.58,22.7,-0.01,0,0,,,,-0.41,-0.064,1.8,13.26,-0.01,,,
88.78,REGROUND,-19.83,-0.78,-9.58,22.71,-0.01,0,0,,,,-0.4,-0.063,2.2,13.26,-0.01,,,
88.83,REGROUND,-19.83,-0.78,-9.58,22.72,-0.01,0,0,,,,-0.41,-0.064,1.9,13.26,-0.01,,,
88.88,REGROUND,-19.87,-0.78,-9.58,22.73,-0.01,0,0,,,,-0.4,-0.063,2.5,13.26,-0.01,,,
88.93,REGROUND,-19.87,-0.78,-9.58,22.75,-0.01,0,0,,,,-0.41,-0.065,1.8,13.26,-0.01,,,
88.98,REGROUND,-19.91,-0.78,-9.58,22.76,-0.01,0,0,,,,-0.4,-0.063,2.5,13.26,-0.01,,,
89.03,REGROUND,-19.91,-0.78,-9.58,22.77,-0.01,0,0,,,,-0.41,-0.065,1.8,13.26,-0.01,,,
89.08,REGROUND,-19.95,-0.78,-9.58,22.78,-0.01,0,0,,,,-0.4,-0.063,2.5,13.26,-0.01,,,
89.13,REGROUND,-19.95,-0.78,-9.58,22.8,-0.01,0,0,,,,-0.41,-0.065,1.8,13.26,-0.01,,,
89.18,REGROUND,-19.99,-0.78,-9.58,22.81,-0.01,0,0,,,,-0.4,-0.063,2.4,13.26,-0.01,,,
89.23,REGROUND,-19.99,-0.78,-9.58,22.82,-0.01,0,0,,,,-0.41,-0.065,1.7,13.26,-0.01,,,
89.28,REGROUND,-20.04,-0.78,-9.58,22.83,-0.01,0,0,,,,-0.4,-0.063,2.4,13.26,-0.01,,,
89.33,REGROUND,-20.04,-0.78,-9.58,22.85,-0.01,0,0,,,,-0.41,-0.065,1.8,13.26,-0.01,,,
89.38,REGROUND,-20.08,-0.78,-9.58,22.86,-0.01,0,0,,,,-0.4,-0.064,2.2,13.26,-0.01,,,
89.43,REGROUND,-20.08,-0.78,-9.58,22.87,-0.01,0,0,,,,-0.41,-0.065,1.8,13.26,-0.01,,,
89.48,REGROUND,-20.12,-0.79,-9.58,22.88,-0.01,0,0,,,,-0.399,-0.064,2.2,13.26,-0.01,,,
89.53,REGROUND,-20.12,-0.79,-9.58,22.9,-0.01,0,0,,,,-0.41,-0.065,1.9,13.26,-0.01,,,
89.58,REGROUND,-20.16,-0.79,-9.58,22.91,-0.01,0,0,,,,-0.4,-0.064,2.5,13.26,-0.01,,,
89.63,REGROUND,-20.16,-0.79,-9.58,22.92,-0.01,0,0,,,,-0.41,-0.065,1.9,13.26,-0.01,,,
89.68,REGROUND,-20.2,-0.79,-9.58,22.93,-0.01,0,0,,,,-0.4,-0.064,2.4,13.26,-0.01,,,
89.73,REGROUND,-20.2,-0.79,-9.58,22.95,-0.01,0,0,,,,-0.41,-0.066,1.7,13.26,-0.01,,,
89.78,REGROUND,-20.24,-0.79,-9.58,22.96,-0.01,0,0,,,,-0.4,-0.064,2.6,13.26,-0.01,,,
89.83,REGROUND,-20.24,-0.79,-9.58,22.97,-0.01,0,0,,,,-0.41,-0.066,1.8,13.26,-0.01,,,
89.88,REGROUND,-20.28,-0.79,-9.58,22.98,-0.01,0,0,,,,-0.4,-0.064,2.4,13.26,-0.01,,,
89.93,REGROUND,-20.28,-0.79,-9.58,23.0,-0.01,0,0,,,,-0.41,-0.066,1.7,13.26,-0.01,,,
89.98,REGROUND,-20.32,-0.79,-9.58,23.01,-0.01,0,0,,,,-0.4,-0.064,2.4,13.26,-0.01,,,
90.03,REGROUND,-20.32,-0.79,-9.58,23.02,-0.01,0,0,,,,-0.41,-0.066,1.8,13.26,-0.01,,,
90.08,REGROUND,-20.36,-0.79,-9.58,23.03,-0.01,0,0,,,,-0.4,-0.064,2.3,13.26,-0.01,,,
90.13,REGROUND,-20.36,-0.79,-9.58,23.05,-0.01,0,0,,,,-0.41,-0.066,1.8,13.26,-0.01,,,
90.18,REGROUND,-20.4,-0.79,-9.58,23.06,-0.01,0,0,,,,-0.4,-0.064,2.3,13.26,-0.01,,,
90.23,REGROUND,-20.4,-0.79,-9.58,23.07,-0.01,0,0,,,,-0.41,-0.066,1.8,13.26,-0.01,,,
90.28,REGROUND,-20.44,-0.8,-9.58,23.08,-0.01,0,0,,,,-0.4,-0.064,2.5,13.26,-0.01,,,
90.33,REGROUND,-20.44,-0.8,-9.58,23.1,-0.01,0,0,,,,-0.41,-0.066,1.9,13.26,-0.01,,,
90.38,REGROUND,-20.49,-0.8,-9.58,23.11,-0.01,0,0,,,,-0.4,-0.064,2.5,13.26,-0.01,,,
90.43,REGROUND,-20.49,-0.8,-9.58,23.12,-0.01,0,0,,,,-0.41,-0.066,1.8,13.26,-0.01,,,
90.48,REGROUND,-20.53,-0.8,-9.58,23.13,-0.01,0,0,,,,-0.4,-0.064,2.6,13.26,-0.01,,,
90.53,REGROUND,-20.53,-0.8,-9.58,23.15,-0.01,0,0,,,,-0.41,-0.066,1.8,13.26,-0.01,,,
90.58,REGROUND,-20.57,-0.8,-9.58,23.16,-0.01,0,0,,,,-0.4,-0.064,2.5,13.26,-0.01,,,
90.63,REGROUND,-20.57,-0.8,-9.58,23.17,-0.01,0,0,,,,-0.41,-0.066,1.9,13.26,-0.01,,,
90.68,REGROUND,-20.61,-0.8,-9.58,23.18,-0.01,0,0,,,,-0.4,-0.064,2.4,13.26,-0.01,,,
90.73,REGROUND,-20.61,-0.8,-9.58,23.2,-0.01,0,0,,,,-0.41,-0.066,1.8,13.26,-0.01,,,
90.78,REGROUND,-20.65,-0.8,-9.58,23.21,-0.01,0,0,,,,-0.4,-0.064,4.9,13.26,-0.01,,,
90.83,REGROUND,-20.65,-0.8,-9.58,23.22,-0.01,0,0,,,,-0.41,-0.066,1.8,13.26,-0.01,,,
90.88,REGROUND,-20.69,-0.8,-9.58,23.23,-0.01,0,0,,,,-0.4,-0.064,2.4,13.26,-0.01,,,
90.93,REGROUND,-20.69,-0.8,-9.58,23.25,-0.01,0,0,,,,-0.41,-0.066,1.8,13.26,-0.01,,,
90.98,REGROUND,-20.73,-0.81,-9.58,23.26,-0.01,0,0,,,,-0.4,-0.064,2.4,13.26,-0.01,,,
91.03,REGROUND,-20.73,-0.81,-9.58,23.27,-0.01,0,0,,,,-0.41,-0.066,1.9,13.26,-0.01,,,
91.08,REGROUND,-20.77,-0.81,-9.58,23.28,-0.01,0,0,,,,-0.399,-0.064,2.3,13.26,-0.01,,,
91.13,REGROUND,-20.77,-0.81,-9.58,23.3,-0.01,0,0,,,,-0.41,-0.066,1.9,13.26,-0.01,,,
91.18,REGROUND,-20.81,-0.81,-9.58,23.31,-0.01,0,0,,,,-0.4,-0.064,2.5,13.26,-0.01,,,
91.23,REGROUND,-20.81,-0.81,-9.58,23.32,-0.01,0,0,,,,-0.41,-0.065,1.8,13.26,-0.01,,,
91.28,REGROUND,-20.86,-0.81,-9.58,23.33,-0.01,0,0,,,,-0.4,-0.063,2.3,13.26,-0.01,,,
91.33,REGROUND,-20.86,-0.81,-9.58,23.35,-0.01,0,0,,,,-0.41,-0.065,1.8,13.26,-0.01,,,
91.38,REGROUND,-20.9,-0.81,-9.58,23.36,-0.01,0,0,,,,-0.4,-0.063,2.3,13.26,-0.01,,,
91.43,REGROUND,-20.9,-0.81,-9.58,23.37,-0.01,0,0,,,,-0.41,-0.065,1.6,13.26,-0.01,,,
91.48,REGROUND,-20.94,-0.81,-9.58,23.39,-0.01,0,0,,,,-0.4,-0.063,2.5,13.26,-0.01,,,
91.53,REGROUND,-20.94,-0.81,-9.58,23.4,-0.01,0,0,,,,-0.41,-0.065,1.8,13.26,-0.01,,,
91.58,REGROUND,-20.98,-0.82,-9.58,23.41,-0.01,0,0,,,,-0.4,-0.063,2.5,13.26,-0.01,,,
91.63,REGROUND,-20.98,-0.82,-9.58,23.42,-0.01,0,0,,,,-0.41,-0.064,1.9,13.26,-0.01,,,
91.68,REGROUND,-21.02,-0.82,-9.58,23.44,-0.01,0,0,,,,-0.4,-0.063,2.2,13.26,-0.01,,,
91.73,REGROUND,-21.02,-0.82,-9.58,23.45,-0.01,0,0,,,,-0.41,-0.064,1.8,13.26,-0.01,,,
91.78,REGROUND,-21.06,-0.82,-9.58,23.46,-0.01,0,0,,,,-0.4,-0.063,2.2,13.26,-0.01,,,
91.83,REGROUND,-21.06,-0.82,-9.58,23.47,-0.01,0,0,,,,-0.41,-0.064,2.0,13.26,-0.01,,,
91.88,REGROUND,-21.1,-0.82,-9.58,23.49,-0.01,0,0,,,,-0.4,-0.063,2.5,13.26,-0.01,,,
91.93,REGROUND,-21.1,-0.82,-9.58,23.5,-0.01,0,0,,,,-0.41,-0.064,1.9,13.26,-0.01,,,
91.98,REGROUND,-21.14,-0.82,-9.58,23.51,-0.01,0,0,,,,-0.4,-0.063,2.5,13.26,-0.01,,,
92.03,REGROUND,-21.14,-0.82,-9.58,23.52,-0.01,0,0,,,,-0.41,-0.065,1.8,13.26,-0.01,,,
92.08,REGROUND,-21.18,-0.82,-9.58,23.54,-0.01,0,0,,,,-0.4,-0.063,2.6,13.26,-0.01,,,
92.13,REGROUND,-21.18,-0.82,-9.58,23.55,-0.01,0,0,,,,-0.41,-0.065,1.8,13.26,-0.01,,,
92.18,REGROUND,-21.22,-0.82,-9.58,23.56,-0.01,0,0,,,,-0.4,-0.063,2.5,13.26,-0.01,,,
92.23,REGROUND,-21.22,-0.82,-9.58,23.57,-0.01,0,0,,,,-0.41,-0.065,1.8,13.26,-0.01,,,
92.28,REGROUND,-21.26,-0.82,-9.58,23.59,-0.01,0,0,,,,-0.4,-0.064,2.5,13.26,-0.01,,,
92.33,REGROUND,-21.26,-0.82,-9.58,23.6,-0.01,0,0,,,,-0.41,-0.065,1.7,13.26,-0.01,,,
92.38,REGROUND,-21.31,-0.82,-9.58,23.61,-0.01,0,0,,,,-0.4,-0.064,2.4,13.26,-0.01,,,
92.43,REGROUND,-21.31,-0.82,-9.58,23.62,-0.01,0,0,,,,-0.41,-0.065,1.8,13.26,-0.01,,,
92.48,REGROUND,-21.35,-0.83,-9.58,23.64,-0.01,0,0,,,,-0.399,-0.064,2.4,13.26,-0.01,,,
92.53,REGROUND,-21.35,-0.83,-9.58,23.65,-0.01,0,0,,,,-0.41,-0.065,1.8,13.26,-0.01,,,
92.58,REGROUND,-21.39,-0.83,-9.58,23.66,-0.01,0,0,,,,-0.399,-0.064,2.3,13.26,-0.01,,,
92.63,REGROUND,-21.39,-0.83,-9.58,23.67,-0.01,0,0,,,,-0.41,-0.065,1.9,13.26,-0.01,,,
92.68,REGROUND,-21.43,-0.83,-9.58,23.69,-0.01,0,0,,,,-0.399,-0.064,2.3,13.26,-0.01,,,
92.73,REGROUND,-21.43,-0.83,-9.58,23.7,-0.01,0,0,,,,-0.409,-0.066,1.8,13.26,-0.01,,,
92.78,REGROUND,-21.47,-0.83,-9.58,23.71,-0.01,0,0,,,,-0.399,-0.064,2.6,13.26,-0.01,,,
92.84,REGROUND,-21.47,-0.83,-9.58,23.72,-0.01,0,0,,,,-0.409,-0.066,1.7,13.26,-0.01,,,
92.89,REGROUND,-21.51,-0.83,-9.58,23.74,-0.01,0,0,,,,-0.399,-0.064,2.3,13.26,-0.01,,,
92.94,REGROUND,-21.51,-0.83,-9.58,23.75,-0.01,0,0,,,,-0.409,-0.066,1.8,13.26,-0.01,,,
92.99,REGROUND,-21.55,-0.83,-9.58,23.76,-0.01,0,0,,,,-0.399,-0.064,2.5,13.26,-0.01,,,
93.04,REGROUND,-21.55,-0.83,-9.58,23.77,-0.01,0,0,,,,-0.409,-0.066,1.8,13.26,-0.01,,,
93.09,REGROUND,-21.59,-0.83,-9.58,23.79,-0.01,0,0,,,,-0.399,-0.064,2.5,13.26,-0.01,,,
93.14,REGROUND,-21.59,-0.83,-9.58,23.8,-0.01,0,0,,,,-0.409,-0.066,4.2,13.26,-0.01,,,
93.19,REGROUND,-21.63,-0.83,-9.58,23.81,-0.01,0,0,,,,-0.399,-0.064,2.5,13.26,-0.01,,,
93.24,REGROUND,-21.63,-0.83,-9.58,23.82,-0.01,0,0,,,,-0.409,-0.066,1.8,13.26,-0.01,,,
93.29,REGROUND,-21.68,-0.83,-9.58,23.84,-0.01,0,0,,,,-0.399,-0.064,2.4,13.26,-0.01,,,
93.34,REGROUND,-21.68,-0.83,-9.58,23.85,-0.01,0,0,,,,-0.409,-0.066,1.8,13.26,-0.01,,,
93.39,REGROUND,-21.72,-0.84,-9.58,23.86,-0.01,0,0,,,,-0.399,-0.064,2.3,13.26,-0.01,,,
93.44,REGROUND,-21.72,-0.84,-9.58,23.87,-0.01,0,0,,,,-0.409,-0.066,1.8,13.26,-0.01,,,
93.49,REGROUND,-21.76,-0.84,-9.58,23.89,-0.01,0,0,,,,-0.399,-0.064,2.5,13.26,-0.01,,,
93.54,REGROUND,-21.76,-0.84,-9.58,23.9,-0.01,0,0,,,,-0.409,-0.066,1.9,13.26,-0.01,,,
93.59,REGROUND,-21.8,-0.84,-9.58,23.91,-0.01,0,0,,,,-0.399,-0.064,2.5,13.26,-0.01,,,
93.64,REGROUND,-21.8,-0.84,-9.58,23.92,-0.01,0,0,,,,-0.409,-0.066,1.9,13.26,-0.01,,,
93.69,REGROUND,-21.84,-0.84,-9.58,23.94,-0.01,0,0,,,,-0.399,-0.064,2.5,13.26,-0.01,,,
93.74,REGROUND,-21.84,-0.84,-9.58,23.95,-0.01,0,0,,,,-0.409,-0.066,1.8,13.26,-0.01,,,
93.79,REGROUND,-21.88,-0.84,-9.58,23.96,-0.01,0,0,,,,-0.399,-0.064,2.5,13.26,-0.01,,,
93.84,REGROUND,-21.88,-0.84,-9.58,23.97,-0.01,0,0,,,,-0.409,-0.066,1.7,13.26,-0.01,,,
93.89,REGROUND,-21.92,-0.84,-9.58,23.99,-0.01,0,0,,,,-0.399,-0.064,2.5,13.26,-0.01,,,
93.94,REGROUND,-21.92,-0.84,-9.58,24.0,-0.01,0,0,,,,-0.409,-0.066,1.7,13.26,-0.01,,,
93.99,REGROUND,-21.96,-0.85,-9.58,24.01,-0.01,0,0,,,,-0.4,-0.064,2.4,13.26,-0.01,,,
94.04,REGROUND,-21.96,-0.85,-9.58,24.02,-0.01,0,0,,,,-0.41,-0.065,1.8,13.26,-0.01,,,
94.09,REGROUND,-22.0,-0.85,-9.58,24.04,-0.01,0,0,,,,-0.4,-0.064,2.2,13.26,-0.01,,,
94.14,REGROUND,-22.0,-0.85,-9.58,24.05,-0.01,0,0,,,,-0.41,-0.065,1.8,13.26,-0.01,,,
94.19,REGROUND,-22.04,-0.85,-9.58,24.06,-0.01,0,0,,,,-0.4,-0.063,2.2,13.26,-0.01,,,
94.24,REGROUND,-22.04,-0.85,-9.58,24.07,-0.01,0,0,,,,-0.41,-0.065,2.0,13.26,-0.01,,,
94.29,REGROUND,-22.08,-0.85,-9.58,24.09,-0.01,0,0,,,,-0.4,-0.063,2.5,13.26,-0.01,,,
94.34,REGROUND,-22.08,-0.85,-9.58,24.1,-0.01,0,0,,,,-0.41,-0.065,1.9,13.26,-0.01,,,
94.39,REGROUND,-22.12,-0.85,-9.58,24.11,-0.01,0,0,,,,-0.4,-0.063,2.5,13.26,-0.01,,,
94.44,REGROUND,-22.12,-0.85,-9.58,24.12,-0.01,0,0,,,,-0.41,-0.065,1.8,13.26,-0.01,,,
94.49,REGROUND,-22.17,-0.85,-9.58,24.14,-0.01,0,0,,,,-0.4,-0.063,2.5,13.26,-0.01,,,
94.54,REGROUND,-22.17,-0.85,-9.58,24.15,-0.01,0,0,,,,-0.41,-0.064,1.8,13.26,-0.01,,,
94.59,REGROUND,-22.21,-0.86,-9.58,24.16,-0.01,0,0,,,,-0.4,-0.063,2.5,13.26,-0.01,,,
94.64,REGROUND,-22.21,-0.86,-9.58,24.17,-0.01,0,0,,,,-0.41,-0.064,1.8,13.26,-0.01,,,
94.69,REGROUND,-22.25,-0.86,-9.58,24.19,-0.01,0,0,,,,-0.4,-0.063,2.2,13.26,-0.01,,,
94.74,REGROUND,-22.25,-0.86,-9.58,24.2,-0.01,0,0,,,,-0.41,-0.064,1.8,13.26,-0.01,,,
94.79,REGROUND,-22.29,-0.86,-9.58,24.21,-0.01,0,0,,,,-0.4,-0.062,2.4,13.26,-0.01,,,
94.84,REGROUND,-22.29,-0.86,-9.58,24.22,-0.01,0,0,,,,-0.41,-0.064,1.9,13.26,-0.01,,,
94.89,REGROUND,-22.33,-0.86,-9.58,24.24,-0.01,0,0,,,,-0.4,-0.062,2.3,13.26,-0.01,,,
94.94,REGROUND,-22.33,-0.86,-9.58,24.25,-0.01,0,0,,,,-0.41,-0.064,1.8,13.26,-0.01,,,
94.99,REGROUND,-22.37,-0.86,-9.58,24.26,-0.01,0,0,,,,-0.4,-0.062,2.7,13.26,-0.01,,,
95.04,REGROUND,-22.37,-0.86,-9.58,24.27,-0.01,0,0,,,,-0.41,-0.064,1.8,13.26,-0.01,,,
95.09,REGROUND,-22.41,-0.86,-9.58,24.29,-0.01,0,0,,,,-0.399,-0.063,2.5,13.26,-0.01,,,
95.14,REGROUND,-22.41,-0.86,-9.58,24.3,-0.01,0,0,,,,-0.41,-0.064,1.9,13.26,-0.01,,,
95.19,REGROUND,-22.45,-0.86,-9.58,24.31,-0.01,0,0,,,,-0.4,-0.063,2.6,13.26,-0.01,,,
95.24,REGROUND,-22.45,-0.86,-9.58,24.32,-0.01,0,0,,,,-0.41,-0.064,1.9,13.26,-0.01,,,
95.29,REGROUND,-22.49,-0.86,-9.58,24.34,-0.01,0,0,,,,-0.4,-0.063,2.3,13.26,-0.01,,,
95.34,REGROUND,-22.49,-0.86,-9.58,24.35,-0.01,0,0,,,,-0.41,-0.064,1.8,13.26,-0.01,,,
95.39,REGROUND,-22.53,-0.87,-9.58,24.36,-0.01,0,0,,,,-0.4,-0.063,2.3,13.26,-0.01,,,
95.44,REGROUND,-22.53,-0.87,-9.58,24.37,-0.01,0,0,,,,-0.41,-0.065,4.0,13.26,-0.01,,,
95.49,REGROUND,-22.58,-0.87,-9.58,24.39,-0.01,0,0,,,,-0.4,-0.063,2.4,13.26,-0.01,,,
95.54,REGROUND,-22.58,-0.87,-9.58,24.4,-0.01,0,0,,,,-0.41,-0.065,1.7,13.26,-0.01,,,
95.59,REGROUND,-22.62,-0.87,-9.58,24.41,-0.01,0,0,,,,-0.4,-0.064,2.5,13.26,-0.01,,,
95.64,REGROUND,-22.62,-0.87,-9.58,24.42,-0.01,0,0,,,,-0.41,-0.065,1.8,13.26,-0.01,,,
95.69,REGROUND,-22.66,-0.87,-9.58,24.44,-0.01,0,0,,,,-0.4,-0.064,2.4,13.26,-0.01,,,
95.74,REGROUND,-22.66,-0.87,-9.58,24.45,-0.01,0,0,,,,-0.41,-0.065,1.8,13.26,-0.01,,,
95.79,REGROUND,-22.7,-0.87,-9.58,24.46,-0.01,0,0,,,,-0.4,-0.064,2.3,13.26,-0.01,,,
95.84,REGROUND,-22.7,-0.87,-9.58,24.47,-0.01,0,0,,,,-0.41,-0.066,1.9,13.26,-0.01,,,
95.89,REGROUND,-22.74,-0.87,-9.58,24.49,-0.01,0,0,,,,-0.4,-0.064,2.5,13.26,-0.01,,,
95.94,REGROUND,-22.74,-0.87,-9.58,24.5,-0.01,0,0,,,,-0.41,-0.066,2.0,13.26,-0.01,,,
95.99,REGROUND,-22.78,-0.87,-9.58,24.51,-0.01,0,0,,,,-0.4,-0.065,2.5,13.26,-0.01,,,
96.04,REGROUND,-22.78,-0.87,-9.58,24.52,-0.01,0,0,,,,-0.41,-0.066,1.8,13.26,-0.01,,,
96.09,REGROUND,-22.82,-0.87,-9.58,24.54,-0.01,0,0,,,,-0.4,-0.065,2.5,13.26,-0.01,,,
96.14,REGROUND,-22.82,-0.87,-9.58,24.55,-0.01,0,0,,,,-0.41,-0.067,1.7,13.26,-0.01,,,
96.19,REGROUND,-22.86,-0.87,-9.58,24.56,-0.01,0,0,,,,-0.4,-0.065,2.5,13.26,-0.01,,,
96.24,REGROUND,-22.86,-0.87,-9.58,24.57,-0.01,0,0,,,,-0.41,-0.067,1.8,13.26,-0.01,,,
96.29,REGROUND,-22.9,-0.87,-9.58,24.59,-0.01,0,0,,,,-0.4,-0.065,2.5,13.26,-0.01,,,
96.34,REGROUND,-22.9,-0.87,-9.58,24.6,-0.01,0,0,,,,-0.41,-0.067,1.8,13.26,-0.01,,,
96.39,REGROUND,-22.94,-0.87,-9.58,24.61,-0.01,0,0,,,,-0.4,-0.065,2.4,13.26,-0.01,,,
96.44,REGROUND,-22.94,-0.87,-9.58,24.62,-0.01,0,0,,,,-0.41,-0.067,1.8,13.26,-0.01,,,
96.49,REGROUND,-22.98,-0.88,-9.58,24.64,-0.01,0,0,,,,-0.4,-0.065,2.2,13.26,-0.01,,,
96.54,REGROUND,-22.98,-0.88,-9.58,24.65,-0.01,0,0,,,,-0.41,-0.067,1.9,13.26,-0.01,,,
96.59,REGROUND,-23.02,-0.88,-9.58,24.66,-0.01,0,0,,,,-0.4,-0.065,2.3,13.26,-0.01,,,
96.64,REGROUND,-23.02,-0.88,-9.58,24.67,-0.01,0,0,,,,-0.41,-0.067,2.1,13.26,-0.01,,,
96.69,REGROUND,-23.07,-0.88,-9.58,24.69,-0.01,0,0,,,,-0.4,-0.065,2.5,13.26,-0.01,,,
96.74,REGROUND,-23.07,-0.88,-9.58,24.7,-0.01,0,0,,,,-0.41,-0.067,1.9,13.26,-0.01,,,
96.79,REGROUND,-23.11,-0.88,-9.58,24.71,-0.01,0,0,,,,-0.4,-0.065,3.1,13.26,-0.01,,,
96.84,REGROUND,-23.11,-0.88,-9.58,24.72,-0.01,0,0,,,,-0.41,-0.067,2.4,13.26,-0.01,,,
96.89,REGROUND,-23.15,-0.88,-9.58,24.74,-0.01,0,0,,,,-0.4,-0.065,2.5,13.26,-0.01,,,
96.94,REGROUND,-23.15,-0.88,-9.58,24.75,-0.01,0,0,,,,-0.41,-0.067,1.8,13.26,-0.01,,,
96.99,REGROUND,-23.19,-0.88,-9.58,24.76,-0.01,0,0,,,,-0.4,-0.065,2.3,13.26,-0.01,,,
97.04,REGROUND,-23.19,-0.88,-9.58,24.77,-0.01,0,0,,,,-0.41,-0.066,1.7,13.26,-0.01,,,
97.09,REGROUND,-23.23,-0.88,-9.58,24.79,-0.01,0,0,,,,-0.4,-0.065,2.4,13.26,-0.01,,,
97.14,REGROUND,-23.23,-0.88,-9.58,24.8,-0.01,0,0,,,,-0.41,-0.066,1.9,13.26,-0.01,,,
97.19,REGROUND,-23.27,-0.89,-9.58,24.81,-0.01,0,0,,,,-0.4,-0.065,2.2,13.26,-0.01,,,
97.24,REGROUND,-23.27,-0.89,-9.58,24.82,-0.01,0,0,,,,-0.41,-0.066,1.8,13.26,-0.01,,,
97.29,REGROUND,-23.31,-0.89,-9.58,24.84,-0.01,0,0,,,,-0.4,-0.065,2.3,13.26,-0.01,,,
97.34,REGROUND,-23.31,-0.89,-9.58,24.85,-0.01,0,0,,,,-0.41,-0.066,1.8,13.26,-0.01,,,
97.39,REGROUND,-23.35,-0.89,-9.58,24.86,-0.01,0,0,,,,-0.4,-0.064,2.5,13.26,-0.01,,,
97.44,REGROUND,-23.35,-0.89,-9.58,24.87,-0.01,0,0,,,,-0.41,-0.066,1.9,13.26,-0.01,,,
97.49,REGROUND,-23.39,-0.89,-9.58,24.89,-0.01,0,0,,,,-0.4,-0.064,2.3,13.26,-0.01,,,
97.54,REGROUND,-23.39,-0.89,-9.58,24.9,-0.01,0,0,,,,-0.41,-0.066,2.0,13.26,-0.01,,,
97.59,REGROUND,-23.44,-0.89,-9.58,24.91,-0.01,0,0,,,,-0.4,-0.064,2.5,13.26,-0.01,,,
97.64,REGROUND,-23.44,-0.89,-9.58,24.92,-0.01,0,0,,,,-0.41,-0.065,1.8,13.26,-0.01,,,
97.69,REGROUND,-23.48,-0.89,-9.58,24.94,-0.01,0,0,,,,-0.399,-0.064,4.0,13.26,-0.01,,,
97.74,REGROUND,-23.48,-0.89,-9.58,24.95,-0.01,0,0,,,,-0.41,-0.065,1.7,13.26,-0.01,,,
97.79,REGROUND,-23.52,-0.9,-9.58,24.96,-0.01,0,0,,,,-0.399,-0.063,2.4,13.26,-0.01,,,
97.84,REGROUND,-23.52,-0.9,-9.58,24.97,-0.01,0,0,,,,-0.409,-0.065,1.8,13.26,-0.01,,,
97.89,REGROUND,-23.56,-0.9,-9.58,24.99,-0.01,0,0,,,,-0.399,-0.063,2.4,13.26,-0.01,,,
97.94,REGROUND,-23.6,-0.9,-9.58,25.0,-0.01,0,0,,,,-0.389,-0.061,2.4,13.26,-0.01,,,
97.99,REGROUND,-23.6,-0.9,-9.58,25.01,-0.01,0,0,,,,-0.399,-0.063,1.8,13.26,-0.01,,,
98.04,REGROUND,-23.64,-0.9,-9.58,25.02,-0.01,0,0,,,,-0.389,-0.061,2.4,13.26,-0.01,,,
98.09,REGROUND,-23.64,-0.9,-9.58,25.04,-0.01,0,0,,,,-0.399,-0.063,2.0,13.26,-0.01,,,
98.14,REGROUND,-23.64,-0.9,-9.58,25.05,-0.01,0,0,,,,-0.409,-0.064,1.9,13.26,-0.01,,,
98.19,REGROUND,-23.68,-0.9,-9.58,25.06,-0.01,0,0,,,,-0.399,-0.063,2.5,13.26,-0.01,,,
98.24,REGROUND,-23.68,-0.9,-9.58,25.07,-0.01,0,0,,,,-0.409,-0.064,1.8,13.26,-0.01,,,
98.29,REGROUND,-23.72,-0.9,-9.58,25.09,-0.01,0,0,,,,-0.399,-0.062,2.4,13.26,-0.01,,,
98.34,REGROUND,-23.72,-0.9,-9.58,25.1,-0.01,0,0,,,,-0.409,-0.064,1.8,13.26,-0.01,,,
98.39,REGROUND,-23.76,-0.91,-9.58,25.11,-0.01,0,0,,,,-0.399,-0.062,2.5,13.26,-0.01,,,
98.44,REGROUND,-23.76,-0.91,-9.58,25.12,-0.01,0,0,,,,-0.409,-0.064,1.7,13.26,-0.01,,,
98.49,REGROUND,-23.81,-0.91,-9.58,25.14,-0.01,0,0,,,,-0.399,-0.062,2.4,13.26,-0.01,,,
98.54,REGROUND,-23.81,-0.91,-9.58,25.15,-0.01,0,0,,,,-0.41,-0.064,1.8,13.26,-0.01,,,
98.59,REGROUND,-23.85,-0.91,-9.58,25.16,-0.01,0,0,,,,-0.4,-0.062,2.3,13.26,-0.01,,,
98.64,REGROUND,-23.85,-0.91,-9.58,25.17,-0.01,0,0,,,,-0.41,-0.064,1.9,13.26,-0.01,,,
98.69,REGROUND,-23.89,-0.91,-9.58,25.19,-0.01,0,0,,,,-0.4,-0.063,2.4,13.26,-0.01,,,
98.74,REGROUND,-23.89,-0.91,-9.58,25.2,-0.01,0,0,,,,-0.41,-0.064,1.8,13.26,-0.01,,,
98.79,REGROUND,-23.93,-0.91,-9.58,25.21,-0.01,0,0,,,,-0.4,-0.063,2.5,13.26,-0.01,,,
98.84,REGROUND,-23.97,-0.91,-9.58,25.22,-0.01,0,0,,,,-0.39,-0.061,2.4,13.26,-0.01,,,
98.89,REGROUND,-23.97,-0.91,-9.58,25.24,-0.01,0,0,,,,-0.4,-0.063,1.8,13.26,-0.01,,,
98.94,REGROUND,-24.01,-0.91,-9.58,25.25,-0.01,0,0,,,,-0.39,-0.061,2.5,13.26,-0.01,,,
98.99,REGROUND,-24.01,-0.91,-9.58,25.26,-0.01,0,0,,,,-0.4,-0.063,1.8,13.26,-0.01,,,
99.04,REGROUND,-24.05,-0.91,-9.58,25.28,-0.01,0,0,,,,-0.39,-0.062,2.4,13.26,-0.01,,,
99.09,REGROUND,-24.05,-0.91,-9.58,25.29,-0.01,0,0,,,,-0.4,-0.063,1.9,13.26,-0.01,,,
99.14,REGROUND,-24.09,-0.91,-9.58,25.3,-0.01,0,0,,,,-0.39,-0.062,2.5,13.26,-0.01,,,
99.19,REGROUND,-24.09,-0.91,-9.58,25.31,-0.01,0,0,,,,-0.4,-0.064,1.7,13.26,-0.01,,,
99.24,REGROUND,-24.09,-0.91,-9.58,25.33,-0.01,0,0,,,,-0.41,-0.065,1.7,13.26,-0.01,,,
99.29,REGROUND,-24.13,-0.91,-9.58,25.34,-0.01,0,0,,,,-0.401,-0.064,2.4,13.26,-0.01,,,
99.34,REGROUND,-24.13,-0.91,-9.58,25.35,-0.01,0,0,,,,-0.411,-0.065,1.8,13.26,-0.01,,,
99.39,REGROUND,-24.17,-0.92,-9.58,25.36,-0.01,0,0,,,,-0.401,-0.064,2.3,13.26,-0.01,,,
99.44,REGROUND,-24.17,-0.92,-9.58,25.38,-0.01,0,0,,,,-0.411,-0.066,1.8,13.26,-0.01,,,
99.49,REGROUND,-24.21,-0.92,-9.58,25.39,-0.01,0,0,,,,-0.401,-0.064,2.3,13.26,-0.01,,,
99.54,REGROUND,-24.21,-0.92,-9.58,25.4,-0.01,0,0,,,,-0.411,-0.066,1.9,13.26,-0.01,,,
99.59,REGROUND,-24.25,-0.92,-9.58,25.41,-0.01,0,0,,,,-0.402,-0.064,2.5,13.26,-0.01,,,
99.64,REGROUND,-24.29,-0.92,-9.58,25.43,-0.01,0,0,,,,-0.392,-0.063,2.6,13.26,-0.01,,,
99.69,REGROUND,-24.29,-0.92,-9.58,25.44,-0.01,0,0,,,,-0.402,-0.064,1.8,13.26,-0.01,,,
99.74,REGROUND,-24.33,-0.92,-9.58,25.45,-0.01,0,0,,,,-0.392,-0.063,2.5,13.26,-0.01,,,
99.79,REGROUND,-24.33,-0.92,-9.58,25.46,-0.01,0,0,,,,-0.402,-0.065,1.8,13.26,-0.01,,,
99.84,REGROUND,-24.37,-0.92,-9.58,25.48,-0.01,0,0,,,,-0.392,-0.063,2.4,13.26,-0.01,,,
99.89,REGROUND,-24.37,-0.92,-9.58,25.49,-0.01,0,0,,,,-0.402,-0.065,3.4,13.26,-0.01,,,
99.94,REGROUND,-24.37,-0.92,-9.58,25.5,-0.01,0,0,,,,-0.412,-0.066,1.8,13.26,-0.01,,,
99.99,REGROUND,-24.41,-0.92,-9.58,25.51,-0.01,0,0,,,,-0.402,-0.065,2.4,13.26,-0.01,,,
100.04,REGROUND,-24.41,-0.92,-9.58,25.53,-0.01,0,0,,,,-0.413,-0.066,1.8,13.26,-0.01,,,
100.09,REGROUND,-24.45,-0.92,-9.58,25.54,-0.01,0,0,,,,-0.403,-0.065,2.3,13.26,-0.01,,,
100.14,REGROUND,-24.49,-0.93,-9.58,25.55,-0.01,0,0,,,,-0.393,-0.063,2.3,13.26,-0.01,,,
100.2,REGROUND,-24.49,-0.93,-9.58,25.56,-0.01,0,0,,,,-0.403,-0.065,1.9,13.26,-0.01,,,
100.25,REGROUND,-24.53,-0.93,-9.58,25.58,-0.01,0,0,,,,-0.393,-0.063,2.5,13.26,-0.01,,,
100.3,REGROUND,-24.53,-0.93,-9.58,25.59,-0.01,0,0,,,,-0.403,-0.065,1.9,13.26,-0.01,,,
100.35,REGROUND,-24.58,-0.93,-9.58,25.6,-0.01,0,0,,,,-0.393,-0.063,2.5,13.26,-0.01,,,
100.4,REGROUND,-24.58,-0.93,-9.58,25.61,-0.01,0,0,,,,-0.403,-0.065,1.8,13.26,-0.01,,,
100.45,REGROUND,-24.62,-0.93,-9.58,25.63,-0.01,0,0,,,,-0.393,-0.063,2.5,13.26,-0.01,,,
100.5,REGROUND,-24.62,-0.93,-9.58,25.64,-0.01,0,0,,,,-0.403,-0.065,1.8,13.26,-0.01,,,
100.55,REGROUND,-24.66,-0.93,-9.58,25.65,-0.01,0,0,,,,-0.394,-0.063,2.5,13.26,-0.01,,,
100.6,REGROUND,-24.66,-0.93,-9.58,25.66,-0.01,0,0,,,,-0.404,-0.065,1.8,13.26,-0.01,,,
100.65,REGROUND,-24.66,-0.93,-9.58,25.68,-0.01,0,0,,,,-0.414,-0.066,1.9,13.26,-0.01,,,
100.7,REGROUND,-24.7,-0.93,-9.58,25.69,-0.01,0,0,,,,-0.404,-0.065,2.4,13.26,-0.01,,,
100.75,REGROUND,-24.74,-0.93,-9.58,25.7,-0.01,0,0,,,,-0.394,-0.063,2.4,13.26,-0.01,,,
100.8,REGROUND,-24.74,-0.93,-9.58,25.71,-0.01,0,0,,,,-0.404,-0.065,2.1,13.26,-0.01,,,
100.85,REGROUND,-24.78,-0.94,-9.58,25.73,-0.01,0,0,,,,-0.395,-0.063,2.3,13.26,-0.01,,,
100.9,REGROUND,-24.78,-0.94,-9.58,25.74,-0.01,0,0,,,,-0.405,-0.065,1.9,13.26,-0.01,,,
100.95,REGROUND,-24.82,-0.94,-9.58,25.75,-0.01,0,0,,,,-0.395,-0.063,2.5,13.26,-0.01,,,
101.0,REGROUND,-24.82,-0.94,-9.58,25.76,-0.01,0,0,,,,-0.405,-0.064,1.8,13.26,-0.01,,,
101.05,REGROUND,-24.86,-0.94,-9.58,25.78,-0.01,0,0,,,,-0.395,-0.063,2.6,13.26,-0.01,,,
101.1,REGROUND,-24.86,-0.94,-9.58,25.79,-0.01,0,0,,,,-0.405,-0.064,1.8,13.26,-0.01,,,
101.15,REGROUND,-24.9,-0.94,-9.58,25.8,-0.01,0,0,,,,-0.395,-0.063,2.6,13.26,-0.01,,,
101.2,REGROUND,-24.9,-0.94,-9.58,25.81,-0.01,0,0,,,,-0.405,-0.064,1.8,13.26,-0.01,,,
101.25,REGROUND,-24.9,-0.94,-9.58,25.83,-0.01,0,0,,,,-0.415,-0.066,1.8,13.26,-0.01,,,
101.3,REGROUND,-24.94,-0.94,-9.58,25.84,-0.01,0,0,,,,-0.405,-0.064,2.5,13.26,-0.01,,,
101.35,REGROUND,-24.98,-0.94,-9.58,25.85,-0.01,0,0,,,,-0.396,-0.062,2.4,13.26,-0.01,,,
101.4,REGROUND,-24.98,-0.94,-9.58,25.86,-0.01,0,0,,,,-0.406,-0.064,1.8,13.26,-0.01,,,
101.45,REGROUND,-25.02,-0.95,-9.58,25.88,-0.01,0,0,,,,-0.396,-0.062,2.4,13.26,-0.01,,,
101.5,REGROUND,-25.02,-0.95,-9.58,25.89,-0.01,0,0,,,,-0.406,-0.064,1.8,13.26,-0.01,,,
101.55,REGROUND,-25.06,-0.95,-9.58,25.9,-0.01,0,0,,,,-0.396,-0.062,2.4,13.26,-0.01,,,
101.6,REGROUND,-25.06,-0.95,-9.58,25.91,-0.01,0,0,,,,-0.406,-0.064,1.8,13.26,-0.01,,,
101.65,REGROUND,-25.1,-0.95,-9.58,25.93,-0.01,0,0,,,,-0.396,-0.062,2.6,13.26,-0.01,,,
101.7,REGROUND,-25.1,-0.95,-9.58,25.94,-0.01,0,0,,,,-0.406,-0.064,1.8,13.26,-0.01,,,
101.75,REGROUND,-25.14,-0.95,-9.58,25.95,-0.01,0,0,,,,-0.396,-0.062,2.5,13.26,-0.01,,,
101.8,REGROUND,-25.14,-0.95,-9.58,25.96,-0.01,0,0,,,,-0.406,-0.064,1.9,13.26,-0.01,,,
101.85,REGROUND,-25.18,-0.95,-9.58,25.98,-0.01,0,0,,,,-0.396,-0.063,2.6,13.26,-0.01,,,
101.9,REGROUND,-25.18,-0.95,-9.58,25.99,-0.01,0,0,,,,-0.406,-0.064,1.8,13.26,-0.01,,,
101.95,REGROUND,-25.23,-0.95,-9.58,26.0,-0.01,0,0,,,,-0.396,-0.063,2.4,13.26,-0.01,,,
102.0,REGROUND,-25.23,-0.95,-9.58,26.01,-0.01,0,0,,,,-0.406,-0.064,1.9,13.26,-0.01,,,
102.05,REGROUND,-25.27,-0.95,-9.58,26.03,-0.01,0,0,,,,-0.396,-0.063,2.4,13.26,-0.01,,,
102.1,REGROUND,-25.27,-0.95,-9.58,26.04,-0.01,0,0,,,,-0.406,-0.064,1.7,13.26,-0.01,,,
102.15,REGROUND,-25.31,-0.95,-9.58,26.05,-0.01,0,0,,,,-0.396,-0.063,4.0,13.26,-0.01,,,
102.2,REGROUND,-25.31,-0.95,-9.58,26.06,-0.01,0,0,,,,-0.406,-0.064,2.1,13.26,-0.01,,,
102.25,REGROUND,-25.35,-0.95,-9.58,26.08,-0.01,0,0,,,,-0.396,-0.063,3.2,13.26,-0.01,,,
102.3,REGROUND,-25.35,-0.95,-9.58,26.09,-0.01,0,0,,,,-0.406,-0.065,2.4,13.26,-0.01,,,
102.35,REGROUND,-25.39,-0.96,-9.58,26.1,-0.01,0,0,,,,-0.396,-0.063,2.8,13.26,-0.01,,,
102.4,REGROUND,-25.39,-0.96,-9.58,26.11,-0.01,0,0,,,,-0.407,-0.065,1.9,13.26,-0.01,,,
102.45,REGROUND,-25.43,-0.96,-9.58,26.13,-0.01,0,0,,,,-0.397,-0.063,2.3,13.26,-0.01,,,
102.5,REGROUND,-25.43,-0.96,-9.58,26.14,-0.01,0,0,,,,-0.407,-0.065,1.8,13.26,-0.01,,,
102.55,REGROUND,-25.47,-0.96,-9.58,26.15,-0.01,0,0,,,,-0.397,-0.063,2.5,13.26,-0.01,,,
102.6,REGROUND,-25.47,-0.96,-9.58,26.16,-0.01,0,0,,,,-0.407,-0.065,1.8,13.26,-0.01,,,
102.65,REGROUND,-25.51,-0.96,-9.58,26.18,-0.01,0,0,,,,-0.397,-0.064,2.6,13.26,-0.01,,,
102.7,REGROUND,-25.51,-0.96,-9.58,26.19,-0.01,0,0,,,,-0.407,-0.065,1.6,13.26,-0.01,,,
102.75,REGROUND,-25.55,-0.96,-9.58,26.2,-0.01,0,0,,,,-0.397,-0.063,2.3,13.26,-0.01,,,
102.8,REGROUND,-25.55,-0.96,-9.58,26.21,-0.01,0,0,,,,-0.407,-0.065,1.7,13.26,-0.01,,,
102.85,REGROUND,-25.59,-0.96,-9.58,26.23,-0.01,0,0,,,,-0.397,-0.064,2.5,13.26,-0.01,,,
102.9,REGROUND,-25.59,-0.96,-9.58,26.24,-0.01,0,0,,,,-0.408,-0.065,1.7,13.26,-0.01,,,
102.95,REGROUND,-25.63,-0.96,-9.58,26.25,-0.01,0,0,,,,-0.398,-0.064,2.5,13.26,-0.01,,,
103.0,REGROUND,-25.63,-0.96,-9.58,26.26,-0.01,0,0,,,,-0.408,-0.065,1.8,13.26,-0.01,,,
103.05,REGROUND,-25.67,-0.96,-9.58,26.28,-0.01,0,0,,,,-0.398,-0.064,2.3,13.26,-0.01,,,
103.1,REGROUND,-25.67,-0.96,-9.58,26.29,-0.01,0,0,,,,-0.408,-0.065,1.9,13.26,-0.01,,,
103.15,REGROUND,-25.71,-0.97,-9.58,26.3,-0.01,0,0,,,,-0.398,-0.064,2.6,13.26,-0.01,,,
103.2,REGROUND,-25.71,-0.97,-9.58,26.31,-0.01,0,0,,,,-0.408,-0.065,1.9,13.26,-0.01,,,
103.25,REGROUND,-25.75,-0.97,-9.58,26.33,-0.01,0,0,,,,-0.398,-0.064,2.5,13.26,-0.01,,,
103.3,REGROUND,-25.75,-0.97,-9.58,26.34,-0.01,0,0,,,,-0.408,-0.065,1.9,13.26,-0.01,,,
103.35,REGROUND,-25.79,-0.97,-9.58,26.35,-0.01,0,0,,,,-0.398,-0.064,2.6,13.26,-0.01,,,
103.4,REGROUND,-25.79,-0.97,-9.58,26.36,-0.01,0,0,,,,-0.408,-0.065,1.6,13.26,-0.01,,,
103.45,REGROUND,-25.83,-0.97,-9.58,26.38,-0.01,0,0,,,,-0.399,-0.064,2.5,13.26,-0.01,,,
103.5,REGROUND,-25.83,-0.97,-9.58,26.39,-0.01,0,0,,,,-0.409,-0.065,1.8,13.26,-0.01,,,
103.55,REGROUND,-25.88,-0.97,-9.58,26.4,-0.01,0,0,,,,-0.399,-0.064,2.5,13.26,-0.01,,,
103.6,REGROUND,-25.88,-0.97,-9.58,26.41,-0.01,0,0,,,,-0.409,-0.065,1.8,13.26,-0.01,,,
103.65,REGROUND,-25.92,-0.97,-9.58,26.43,-0.01,0,0,,,,-0.399,-0.064,2.5,13.26,-0.01,,,
103.7,REGROUND,-25.92,-0.97,-9.58,26.44,-0.01,0,0,,,,-0.409,-0.065,1.8,13.26,-0.01,,,
103.75,REGROUND,-25.96,-0.97,-9.58,26.45,-0.01,0,0,,,,-0.399,-0.063,2.3,13.26,-0.01,,,
103.8,REGROUND,-25.96,-0.97,-9.58,26.46,-0.01,0,0,,,,-0.409,-0.065,1.8,13.26,-0.01,,,
103.85,REGROUND,-26.0,-0.98,-9.58,26.48,-0.01,0,0,,,,-0.399,-0.063,2.3,13.26,-0.01,,,
103.9,REGROUND,-26.0,-0.98,-9.58,26.49,-0.01,0,0,,,,-0.409,-0.065,2.1,13.26,-0.01,,,
103.95,REGROUND,-26.04,-0.98,-9.58,26.5,-0.01,0,0,,,,-0.399,-0.063,2.6,13.26,-0.01,,,
104.0,REGROUND,-26.04,-0.98,-9.58,26.51,-0.01,0,0,,,,-0.409,-0.065,1.8,13.26,-0.01,,,
104.05,REGROUND,-26.08,-0.98,-9.58,26.53,-0.01,0,0,,,,-0.399,-0.063,2.5,13.26,-0.01,,,
104.1,REGROUND,-26.08,-0.98,-9.58,26.54,-0.01,0,0,,,,-0.409,-0.065,1.8,13.26,-0.01,,,
104.15,REGROUND,-26.12,-0.98,-9.58,26.55,-0.01,0,0,,,,-0.399,-0.063,2.6,13.26,-0.01,,,
104.2,REGROUND,-26.12,-0.98,-9.58,26.56,-0.01,0,0,,,,-0.409,-0.065,1.8,13.26,-0.01,,,
104.25,REGROUND,-26.16,-0.98,-9.58,26.58,-0.01,0,0,,,,-0.399,-0.063,2.3,13.26,-0.01,,,
104.3,REGROUND,-26.16,-0.98,-9.58,26.59,-0.01,0,0,,,,-0.41,-0.064,3.3,13.26,-0.01,,,
104.35,REGROUND,-26.2,-0.98,-9.58,26.6,-0.01,0,0,,,,-0.4,-0.063,2.3,13.26,-0.01,,,
104.4,REGROUND,-26.2,-0.98,-9.58,26.61,-0.01,0,0,,,,-0.41,-0.064,1.5,13.26,-0.01,,,
104.45,REGROUND,-26.24,-0.99,-9.58,26.63,-0.01,0,0,,,,-0.4,-0.063,2.3,13.26,-0.01,,,
104.5,REGROUND,-26.24,-0.99,-9.58,26.64,-0.01,0,0,,,,-0.41,-0.064,1.8,13.26,-0.01,,,
104.55,REGROUND,-26.28,-0.99,-9.58,26.65,-0.01,0,0,,,,-0.4,-0.062,2.5,13.26,-0.01,,,
104.6,REGROUND,-26.28,-0.99,-9.58,26.66,-0.01,0,0,,,,-0.41,-0.064,1.9,13.26,-0.01,,,
104.65,REGROUND,-26.32,-0.99,-9.58,26.68,-0.01,0,0,,,,-0.399,-0.062,2.6,13.26,-0.01,,,
104.7,REGROUND,-26.32,-0.99,-9.58,26.69,-0.01,0,0,,,,-0.41,-0.064,1.8,13.26,-0.01,,,
104.75,REGROUND,-26.37,-0.99,-9.58,26.7,-0.01,0,0,,,,-0.399,-0.062,2.5,13.26,-0.01,,,
104.8,REGROUND,-26.37,-0.99,-9.58,26.71,-0.01,0,0,,,,-0.41,-0.064,1.8,13.26,-0.01,,,
104.85,REGROUND,-26.41,-0.99,-9.58,26.73,-0.01,0,0,,,,-0.399,-0.062,2.5,13.26,-0.01,,,
104.9,REGROUND,-26.41,-0.99,-9.58,26.74,-0.01,0,0,,,,-0.41,-0.064,1.8,13.26,-0.01,,,
104.95,REGROUND,-26.45,-0.99,-9.58,26.75,-0.01,0,0,,,,-0.399,-0.063,2.5,13.26,-0.01,,,
105.0,REGROUND,-26.45,-0.99,-9.58,26.76,-0.01,0,0,,,,-0.41,-0.064,1.8,13.26,-0.01,,,
105.05,REGROUND,-26.49,-0.99,-9.58,26.78,-0.01,0,0,,,,-0.399,-0.063,2.4,13.26,-0.01,,,
105.1,REGROUND,-26.49,-0.99,-9.58,26.79,-0.01,0,0,,,,-0.41,-0.064,1.8,13.26,-0.01,,,
105.15,REGROUND,-26.53,-0.99,-9.58,26.8,-0.01,0,0,,,,-0.399,-0.063,2.4,13.26,-0.01,,,
105.2,REGROUND,-26.53,-0.99,-9.58,26.81,-0.01,0,0,,,,-0.41,-0.065,1.8,13.26,-0.01,,,
105.25,REGROUND,-26.57,-0.99,-9.58,26.83,-0.01,0,0,,,,-0.399,-0.063,2.3,13.26,-0.01,,,
105.3,REGROUND,-26.57,-0.99,-9.58,26.84,-0.01,0,0,,,,-0.409,-0.065,1.8,13.26,-0.01,,,
105.35,REGROUND,-26.61,-1.0,-9.58,26.85,-0.01,0,0,,,,-0.399,-0.063,2.5,13.26,-0.01,,,
105.4,REGROUND,-26.61,-1.0,-9.58,26.86,-0.01,0,0,,,,-0.409,-0.065,1.8,13.26,-0.01,,,
105.45,REGROUND,-26.65,-1.0,-9.58,26.88,-0.01,0,0,,,,-0.399,-0.064,2.5,13.26,-0.01,,,
105.5,REGROUND,-26.65,-1.0,-9.58,26.89,-0.01,0,0,,,,-0.409,-0.065,1.8,13.26,-0.01,,,
105.55,REGROUND,-26.69,-1.0,-9.58,26.9,-0.01,0,0,,,,-0.399,-0.064,2.6,13.26,-0.01,,,
105.6,REGROUND,-26.69,-1.0,-9.58,26.91,-0.01,0,0,,,,-0.409,-0.066,1.7,13.26,-0.01,,,
105.65,REGROUND,-26.73,-1.0,-9.58,26.93,-0.01,0,0,,,,-0.399,-0.064,2.6,13.26,-0.01,,,
105.7,REGROUND,-26.73,-1.0,-9.58,26.94,-0.01,0,0,,,,-0.409,-0.066,1.6,13.26,-0.01,,,
105.75,REGROUND,-26.77,-1.0,-9.58,26.95,-0.01,0,0,,,,-0.399,-0.064,2.4,13.26,-0.01,,,
105.8,REGROUND,-26.77,-1.0,-9.58,26.96,-0.01,0,0,,,,-0.41,-0.066,1.8,13.26,-0.01,,,
105.85,REGROUND,-26.82,-1.0,-9.58,26.98,-0.01,0,0,,,,-0.399,-0.064,2.3,13.26,-0.01,,,
105.9,REGROUND,-26.82,-1.0,-9.58,26.99,-0.01,0,0,,,,-0.41,-0.066,1.8,13.26,-0.01,,,
105.95,REGROUND,-26.86,-1.0,-9.58,27.0,-0.01,0,0,,,,-0.399,-0.064,2.5,13.26,-0.01,,,
106.0,REGROUND,-26.86,-1.0,-9.58,27.02,-0.01,0,0,,,,-0.41,-0.066,1.8,13.26,-0.01,,,
106.05,REGROUND,-26.9,-1.0,-9.58,27.03,-0.01,0,0,,,,-0.399,-0.065,2.5,13.26,-0.01,,,
106.1,REGROUND,-26.9,-1.0,-9.58,27.04,-0.01,0,0,,,,-0.41,-0.066,1.8,13.26,-0.01,,,
106.15,REGROUND,-26.94,-1.0,-9.58,27.05,-0.01,0,0,,,,-0.4,-0.065,2.5,13.26,-0.01,,,
106.2,REGROUND,-26.94,-1.0,-9.58,27.07,-0.01,0,0,,,,-0.41,-0.066,1.8,13.26,-0.01,,,
106.25,REGROUND,-26.98,-1.0,-9.58,27.08,-0.01,0,0,,,,-0.4,-0.065,2.5,13.26,-0.01,,,
106.3,REGROUND,-26.98,-1.0,-9.58,27.09,-0.01,0,0,,,,-0.41,-0.066,1.7,13.26,-0.01,,,
106.35,REGROUND,-27.02,-1.01,-9.58,27.1,-0.01,0,0,,,,-0.4,-0.065,3.0,13.26,-0.01,,,
106.4,REGROUND,-27.02,-1.01,-9.58,27.12,-0.01,0,0,,,,-0.41,-0.066,1.7,13.26,-0.01,,,
106.45,REGROUND,-27.06,-1.01,-9.58,27.13,-0.01,0,0,,,,-0.4,-0.065,4.0,13.26,-0.01,,,
106.5,REGROUND,-27.06,-1.01,-9.58,27.14,-0.01,0,0,,,,-0.41,-0.066,1.7,13.26,-0.01,,,
106.55,REGROUND,-27.1,-1.01,-9.58,27.15,-0.01,0,0,,,,-0.4,-0.065,2.3,13.26,-0.01,,,
106.6,REGROUND,-27.1,-1.01,-9.58,27.17,-0.01,0,0,,,,-0.41,-0.066,1.6,13.26,-0.01,,,
106.65,REGROUND,-27.14,-1.01,-9.58,27.18,-0.01,0,0,,,,-0.4,-0.065,2.4,13.26,-0.01,,,
106.7,REGROUND,-27.14,-1.01,-9.58,27.19,-0.01,0,0,,,,-0.41,-0.066,1.6,13.26,-0.01,,,
106.75,REGROUND,-27.18,-1.01,-9.58,27.2,-0.01,0,0,,,,-0.4,-0.065,2.4,13.26,-0.01,,,
106.8,REGROUND,-27.18,-1.01,-9.58,27.22,-0.01,0,0,,,,-0.41,-0.066,1.8,13.26,-0.01,,,
106.85,REGROUND,-27.22,-1.01,-9.58,27.23,-0.01,0,0,,,,-0.4,-0.065,2.4,13.26,-0.01,,,
106.9,REGROUND,-27.22,-1.01,-9.58,27.24,-0.01,0,0,,,,-0.41,-0.066,1.8,13.26,-0.01,,,
106.95,REGROUND,-27.26,-1.01,-9.58,27.25,-0.01,0,0,,,,-0.4,-0.064,2.5,13.26,-0.01,,,
107.0,REGROUND,-27.26,-1.01,-9.58,27.27,-0.01,0,0,,,,-0.41,-0.066,1.8,13.26,-0.01,,,
107.05,REGROUND,-27.31,-1.02,-9.58,27.28,-0.01,0,0,,,,-0.4,-0.064,2.3,13.26,-0.01,,,
107.1,REGROUND,-27.31,-1.02,-9.58,27.29,-0.01,0,0,,,,-0.41,-0.066,1.8,13.26,-0.01,,,
107.15,REGROUND,-27.35,-1.02,-9.58,27.3,-0.01,0,0,,,,-0.4,-0.064,2.6,13.26,-0.01,,,
107.2,REGROUND,-27.35,-1.02,-9.58,27.32,-0.01,0,0,,,,-0.411,-0.066,1.7,13.26,-0.01,,,
107.25,REGROUND,-27.39,-1.02,-9.58,27.33,-0.01,0,0,,,,-0.4,-0.064,2.4,13.26,-0.01,,,
107.3,REGROUND,-27.39,-1.02,-9.58,27.34,-0.01,0,0,,,,-0.411,-0.066,1.8,13.26,-0.01,,,
107.36,REGROUND,-27.43,-1.02,-9.58,27.35,-0.01,0,0,,,,-0.4,-0.064,2.4,13.26,-0.01,,,
107.41,REGROUND,-27.43,-1.02,-9.58,27.37,-0.01,0,0,,,,-0.411,-0.065,1.8,13.26,-0.01,,,
107.46,REGROUND,-27.47,-1.02,-9.58,27.38,-0.01,0,0,,,,-0.4,-0.063,2.3,13.26,-0.01,,,
107.51,REGROUND,-27.47,-1.02,-9.58,27.39,-0.01,0,0,,,,-0.41,-0.065,1.9,13.26,-0.01,,,
107.56,REGROUND,-27.51,-1.03,-9.58,27.4,-0.01,0,0,,,,-0.4,-0.063,2.5,13.26,-0.01,,,
107.61,REGROUND,-27.51,-1.03,-9.58,27.42,-0.01,0,0,,,,-0.411,-0.065,1.8,13.26,-0.01,,,
107.66,REGROUND,-27.55,-1.03,-9.58,27.43,-0.01,0,0,,,,-0.4,-0.063,2.6,13.26,-0.01,,,
107.71,REGROUND,-27.55,-1.03,-9.58,27.44,-0.01,0,0,,,,-0.411,-0.065,1.9,13.26,-0.01,,,
107.76,REGROUND,-27.59,-1.03,-9.58,27.45,-0.01,0,0,,,,-0.4,-0.063,2.5,13.26,-0.01,,,
107.81,REGROUND,-27.59,-1.03,-9.58,27.47,-0.01,0,0,,,,-0.411,-0.064,1.8,13.26,-0.01,,,
107.86,REGROUND,-27.63,-1.03,-9.58,27.48,-0.01,0,0,,,,-0.4,-0.063,2.5,13.26,-0.01,,,
107.91,REGROUND,-27.63,-1.03,-9.58,27.49,-0.01,0,0,,,,-0.41,-0.064,1.7,13.26,-0.01,,,
107.96,REGROUND,-27.68,-1.03,-9.58,27.5,-0.01,0,0,,,,-0.4,-0.063,2.2,13.26,-0.01,,,
108.01,REGROUND,-27.68,-1.03,-9.58,27.52,-0.01,0,0,,,,-0.41,-0.064,1.8,13.26,-0.01,,,
108.06,REGROUND,-27.72,-1.03,-9.58,27.53,-0.01,0,0,,,,-0.4,-0.063,2.4,13.26,-0.01,,,
108.11,REGROUND,-27.72,-1.03,-9.58,27.54,-0.01,0,0,,,,-0.41,-0.064,1.8,13.26,-0.01,,,
108.16,REGROUND,-27.76,-1.03,-9.58,27.55,-0.01,0,0,,,,-0.4,-0.062,2.4,13.26,-0.01,,,
108.21,REGROUND,-27.76,-1.03,-9.58,27.57,-0.01,0,0,,,,-0.41,-0.064,1.8,13.26,-0.01,,,
108.26,REGROUND,-27.8,-1.04,-9.58,27.58,-0.01,0,0,,,,-0.399,-0.063,2.6,13.26,-0.01,,,
108.31,REGROUND,-27.8,-1.04,-9.58,27.59,-0.01,0,0,,,,-0.409,-0.064,1.8,13.26,-0.01,,,
108.36,REGROUND,-27.84,-1.04,-9.58,27.6,-0.01,0,0,,,,-0.399,-0.063,2.5,13.26,-0.01,,,
108.41,REGROUND,-27.84,-1.04,-9.58,27.62,-0.01,0,0,,,,-0.409,-0.064,2.4,13.26,-0.01,,,
108.46,REGROUND,-27.88,-1.04,-9.58,27.63,-0.01,0,0,,,,-0.399,-0.063,2.5,13.26,-0.01,,,
108.51,REGROUND,-27.88,-1.04,-9.58,27.64,-0.01,0,0,,,,-0.409,-0.064,1.6,13.26,-0.01,,,
108.56,REGROUND,-27.92,-1.04,-9.58,27.65,-0.01,0,0,,,,-0.399,-0.063,2.7,13.26,-0.01,,,
108.61,REGROUND,-27.92,-1.04,-9.58,27.67,-0.01,0,0,,,,-0.409,-0.064,3.3,13.26,-0.01,,,
108.66,REGROUND,-27.96,-1.04,-9.58,27.68,-0.01,0,0,,,,-0.399,-0.063,2.5,13.26,-0.01,,,
108.71,REGROUND,-27.96,-1.04,-9.58,27.69,-0.01,0,0,,,,-0.409,-0.065,1.9,13.26,-0.01,,,
108.76,REGROUND,-28.0,-1.04,-9.58,27.7,-0.01,0,0,,,,-0.399,-0.063,2.3,13.26,-0.01,,,
108.81,REGROUND,-28.0,-1.04,-9.58,27.72,-0.01,0,0,,,,-0.409,-0.065,1.8,13.26,-0.01,,,
108.86,REGROUND,-28.05,-1.04,-9.58,27.73,-0.01,0,0,,,,-0.399,-0.064,2.4,13.26,-0.01,,,
108.91,REGROUND,-28.05,-1.04,-9.58,27.74,-0.01,0,0,,,,-0.409,-0.065,1.8,13.26,-0.01,,,
108.96,REGROUND,-28.09,-1.04,-9.58,27.75,-0.01,0,0,,,,-0.399,-0.064,2.4,13.26,-0.01,,,
109.01,REGROUND,-28.09,-1.04,-9.58,27.77,-0.01,0,0,,,,-0.409,-0.066,1.9,13.26,-0.01,,,
109.06,REGROUND,-28.13,-1.04,-9.58,27.78,-0.01,0,0,,,,-0.399,-0.064,2.4,13.26,-0.01,,,
109.11,REGROUND,-28.13,-1.04,-9.58,27.79,-0.01,0,0,,,,-0.409,-0.066,2.0,13.26,-0.01,,,
109.16,REGROUND,-28.17,-1.04,-9.58,27.8,-0.01,0,0,,,,-0.399,-0.064,2.6,13.26,-0.01,,,
109.21,REGROUND,-28.17,-1.04,-9.58,27.82,-0.01,0,0,,,,-0.409,-0.066,1.8,13.26,-0.01,,,
109.26,REGROUND,-28.21,-1.04,-9.58,27.83,-0.01,0,0,,,,-0.399,-0.065,2.5,13.26,-0.01,,,
109.31,REGROUND,-28.21,-1.04,-9.58,27.84,-0.01,0,0,,,,-0.409,-0.066,1.8,13.26,-0.01,,,
109.36,REGROUND,-28.25,-1.05,-9.58,27.85,-0.01,0,0,,,,-0.399,-0.065,2.4,13.26,-0.01,,,
109.41,REGROUND,-28.25,-1.05,-9.58,27.87,-0.01,0,0,,,,-0.409,-0.066,1.7,13.26,-0.01,,,
109.46,REGROUND,-28.29,-1.05,-9.58,27.88,-0.01,0,0,,,,-0.399,-0.065,2.4,13.26,-0.01,,,
109.51,REGROUND,-28.29,-1.05,-9.58,27.89,-0.01,0,0,,,,-0.409,-0.066,1.8,13.26,-0.01,,,
109.56,REGROUND,-28.33,-1.05,-9.58,27.9,-0.01,0,0,,,,-0.399,-0.065,2.4,13.26,-0.01,,,
109.61,REGROUND,-28.33,-1.05,-9.58,27.92,-0.01,0,0,,,,-0.41,-0.066,1.9,13.26,-0.01,,,
109.66,REGROUND,-28.37,-1.05,-9.58,27.93,-0.01,0,0,,,,-0.399,-0.065,2.4,13.26,-0.01,,,
109.71,REGROUND,-28.37,-1.05,-9.58,27.94,-0.01,0,0,,,,-0.41,-0.066,1.9,13.26,-0.01,,,
109.76,REGROUND,-28.41,-1.05,-9.58,27.95,-0.01,0,0,,,,-0.4,-0.065,2.5,13.26,-0.01,,,
109.81,REGROUND,-28.41,-1.05,-9.58,27.97,-0.01,0,0,,,,-0.41,-0.066,1.9,13.26,-0.01,,,
109.86,REGROUND,-28.45,-1.05,-9.58,27.98,-0.01,0,0,,,,-0.4,-0.065,2.6,13.26,-0.01,,,
109.91,REGROUND,-28.45,-1.05,-9.58,27.99,-0.01,0,0,,,,-0.41,-0.066,1.8,13.26,-0.01,,,
109.96,REGROUND,-28.49,-1.05,-9.58,28.0,-0.01,0,0,,,,-0.4,-0.065,2.6,13.26,-0.01,,,
110.01,REGROUND,-28.49,-1.05,-9.58,28.02,-0.01,0,0,,,,-0.41,-0.066,1.8,13.26,-0.01,,,
110.06,REGROUND,-28.54,-1.06,-9.58,28.03,-0.01,0,0,,,,-0.4,-0.065,2.5,13.26,-0.01,,,
110.11,REGROUND,-28.54,-1.06,-9.58,28.04,-0.01,0,0,,,,-0.41,-0.066,1.7,13.26,-0.01,,,
110.16,REGROUND,-28.58,-1.06,-9.58,28.05,-0.01,0,0,,,,-0.399,-0.064,2.4,13.26,-0.01,,,
110.21,REGROUND,-28.58,-1.06,-9.58,28.07,-0.01,0,0,,,,-0.409,-0.066,1.8,13.26,-0.01,,,
110.26,REGROUND,-28.62,-1.06,-9.58,28.08,-0.01,0,0,,,,-0.399,-0.064,2.4,13.26,-0.01,,,
110.31,REGROUND,-28.62,-1.06,-9.58,28.09,-0.01,0,0,,,,-0.409,-0.066,1.8,13.26,-0.01,,,
110.36,REGROUND,-28.66,-1.06,-9.58,28.1,-0.01,0,0,,,,-0.399,-0.064,2.3,13.26,-0.01,,,
110.41,REGROUND,-28.66,-1.06,-9.58,28.12,-0.01,0,0,,,,-0.409,-0.066,1.9,13.26,-0.01,,,
110.46,REGROUND,-28.7,-1.06,-9.58,28.13,-0.01,0,0,,,,-0.399,-0.064,2.5,13.26,-0.01,,,
110.51,REGROUND,-28.7,-1.06,-9.58,28.14,-0.01,0,0,,,,-0.409,-0.066,1.9,13.26,-0.01,,,
110.56,REGROUND,-28.74,-1.06,-9.58,28.15,-0.01,0,0,,,,-0.399,-0.064,2.5,13.26,-0.01,,,
110.61,REGROUND,-28.74,-1.06,-9.58,28.17,-0.01,0,0,,,,-0.409,-0.065,1.9,13.26,-0.01,,,
110.66,REGROUND,-28.78,-1.07,-9.58,28.18,-0.01,0,0,,,,-0.399,-0.064,2.7,13.26,-0.01,,,
110.71,REGROUND,-28.78,-1.07,-9.58,28.19,-0.01,0,0,,,,-0.409,-0.065,1.8,13.26,-0.01,,,
110.76,REGROUND,-28.82,-1.07,-9.58,28.2,-0.01,0,0,,,,-0.399,-0.063,4.1,13.26,-0.01,,,
110.81,REGROUND,-28.82,-1.07,-9.58,28.22,-0.01,0,0,,,,-0.41,-0.065,1.7,13.26,-0.01,,,
110.86,REGROUND,-28.86,-1.07,-9.58,28.23,-0.01,0,0,,,,-0.399,-0.063,2.6,13.26,-0.01,,,
110.91,REGROUND,-28.86,-1.07,-9.58,28.24,-0.01,0,0,,,,-0.41,-0.065,1.8,13.26,-0.01,,,
110.96,REGROUND,-28.91,-1.07,-9.58,28.25,-0.01,0,0,,,,-0.4,-0.063,2.4,13.26,-0.01,,,
111.01,REGROUND,-28.91,-1.07,-9.58,28.27,-0.01,0,0,,,,-0.41,-0.064,1.8,13.26,-0.01,,,
111.06,REGROUND,-28.95,-1.07,-9.58,28.28,-0.01,0,0,,,,-0.4,-0.063,2.3,13.26,-0.01,,,
111.11,REGROUND,-28.95,-1.07,-9.58,28.29,-0.01,0,0,,,,-0.41,-0.064,1.9,13.26,-0.01,,,
111.16,REGROUND,-28.99,-1.07,-9.58,28.3,-0.01,0,0,,,,-0.4,-0.062,2.6,13.26,-0.01,,,
111.21,REGROUND,-28.99,-1.07,-9.58,28.32,-0.01,0,0,,,,-0.41,-0.064,1.8,13.26,-0.01,,,
111.26,REGROUND,-29.03,-1.08,-9.58,28.33,-0.01,0,0,,,,-0.4,-0.062,2.5,13.26,-0.01,,,
111.31,REGROUND,-29.03,-1.08,-9.58,28.34,-0.01,0,0,,,,-0.41,-0.064,1.8,13.26,-0.01,,,
111.36,REGROUND,-29.07,-1.08,-9.58,28.35,-0.01,0,0,,,,-0.4,-0.062,2.5,13.26,-0.01,,,
111.41,REGROUND,-29.07,-1.08,-9.58,28.37,-0.01,0,0,,,,-0.41,-0.064,1.8,13.26,-0.01,,,
111.46,REGROUND,-29.11,-1.08,-9.58,28.38,-0.01,0,0,,,,-0.399,-0.062,2.5,13.26,-0.01,,,
111.51,REGROUND,-29.11,-1.08,-9.58,28.39,-0.01,0,0,,,,-0.41,-0.064,1.6,13.26,-0.01,,,
111.56,REGROUND,-29.15,-1.08,-9.58,28.4,-0.01,0,0,,,,-0.4,-0.062,2.4,13.26,-0.01,,,
111.61,REGROUND,-29.15,-1.08,-9.58,28.42,-0.01,0,0,,,,-0.41,-0.064,1.8,13.26,-0.01,,,
111.66,REGROUND,-29.19,-1.08,-9.58,28.43,-0.01,0,0,,,,-0.4,-0.062,2.5,13.26,-0.01,,,
111.71,REGROUND,-29.19,-1.08,-9.58,28.44,-0.01,0,0,,,,-0.41,-0.064,1.8,13.26,-0.01,,,
111.76,REGROUND,-29.23,-1.08,-9.58,28.45,-0.01,0,0,,,,-0.4,-0.062,2.4,13.26,-0.01,,,
111.81,REGROUND,-29.23,-1.08,-9.58,28.47,-0.01,0,0,,,,-0.41,-0.064,1.8,13.26,-0.01,,,
111.86,REGROUND,-29.27,-1.08,-9.58,28.48,-0.01,0,0,,,,-0.4,-0.063,2.5,13.26,-0.01,,,
111.91,REGROUND,-29.27,-1.08,-9.58,28.49,-0.01,0,0,,,,-0.41,-0.064,1.7,13.26,-0.01,,,
111.96,REGROUND,-29.31,-1.08,-9.58,28.5,-0.01,0,0,,,,-0.4,-0.063,2.5,13.26,-0.01,,,
112.01,REGROUND,-29.31,-1.08,-9.58,28.52,-0.01,0,0,,,,-0.41,-0.064,1.8,13.26,-0.01,,,
112.06,REGROUND,-29.35,-1.08,-9.58,28.53,-0.01,0,0,,,,-0.4,-0.063,2.5,13.26,-0.01,,,
112.11,REGROUND,-29.35,-1.08,-9.58,28.54,-0.01,0,0,,,,-0.41,-0.065,1.8,13.26,-0.01,,,
112.16,REGROUND,-29.4,-1.09,-9.58,28.55,-0.01,0,0,,,,-0.4,-0.063,2.4,13.26,-0.01,,,
112.21,REGROUND,-29.4,-1.09,-9.58,28.57,-0.01,0,0,,,,-0.41,-0.065,1.8,13.26,-0.01,,,
112.26,REGROUND,-29.44,-1.09,-9.58,28.58,-0.01,0,0,,,,-0.4,-0.064,2.5,13.26,-0.01,,,
112.31,REGROUND,-29.44,-1.09,-9.58,28.59,-0.01,0,0,,,,-0.41,-0.065,1.7,13.26,-0.01,,,
112.36,REGROUND,-29.48,-1.09,-9.58,28.6,-0.01,0,0,,,,-0.4,-0.064,2.4,13.26,-0.01,,,
112.41,REGROUND,-29.48,-1.09,-9.58,28.62,-0.01,0,0,,,,-0.41,-0.066,1.8,13.26,-0.01,,,
112.46,REGROUND,-29.52,-1.09,-9.58,28.63,-0.01,0,0,,,,-0.4,-0.064,2.3,13.26,-0.01,,,
112.51,REGROUND,-29.52,-1.09,-9.58,28.64,-0.01,0,0,,,,-0.41,-0.066,1.7,13.26,-0.01,,,
112.56,REGROUND,-29.56,-1.09,-9.58,28.65,-0.01,0,0,,,,-0.4,-0.064,2.5,13.26,-0.01,,,
112.61,REGROUND,-29.56,-1.09,-9.58,28.67,-0.01,0,0,,,,-0.41,-0.066,1.8,13.26,-0.01,,,
112.66,REGROUND,-29.6,-1.09,-9.58,28.68,-0.01,0,0,,,,-0.4,-0.065,2.4,13.26,-0.01,,,
112.71,REGROUND,-29.6,-1.09,-9.58,28.69,-0.01,0,0,,,,-0.41,-0.066,1.8,13.26,-0.01,,,
112.76,REGROUND,-29.64,-1.09,-9.58,28.7,-0.01,0,0,,,,-0.4,-0.065,2.3,13.26,-0.01,,,
112.81,REGROUND,-29.64,-1.09,-9.58,28.72,-0.01,0,0,,,,-0.41,-0.066,1.8,13.26,-0.01,,,
112.86,REGROUND,-29.68,-1.09,-9.58,28.73,-0.01,0,0,,,,-0.4,-0.065,2.6,13.26,-0.01,,,
112.91,REGROUND,-29.68,-1.09,-9.58,28.74,-0.01,0,0,,,,-0.41,-0.067,1.8,13.26,-0.01,,,
112.96,REGROUND,-29.72,-1.09,-9.58,28.75,-0.01,0,0,,,,-0.4,-0.065,3.9,13.26,-0.01,,,
113.01,REGROUND,-29.72,-1.09,-9.58,28.77,-0.01,0,0,,,,-0.41,-0.067,1.8,13.26,-0.01,,,
113.06,REGROUND,-29.76,-1.09,-9.58,28.78,-0.01,0,0,,,,-0.4,-0.065,2.6,13.26,-0.01,,,
113.11,REGROUND,-29.76,-1.09,-9.58,28.79,-0.01,0,0,,,,-0.41,-0.067,2.0,13.26,-0.01,,,
113.16,REGROUND,-29.81,-1.1,-9.58,28.8,-0.01,0,0,,,,-0.4,-0.065,2.5,13.26,-0.01,,,
113.21,REGROUND,-29.81,-1.1,-9.58,28.82,-0.01,0,0,,,,-0.41,-0.067,1.8,13.26,-0.01,,,
113.26,REGROUND,-29.85,-1.1,-9.58,28.83,-0.01,0,0,,,,-0.399,-0.065,2.3,13.26,-0.01,,,
113.31,REGROUND,-29.85,-1.1,-9.58,28.84,-0.01,0,0,,,,-0.41,-0.067,1.9,13.26,-0.01,,,
113.36,REGROUND,-29.89,-1.1,-9.58,28.86,-0.01,0,0,,,,-0.399,-0.065,2.5,13.26,-0.01,,,
113.41,REGROUND,-29.89,-1.1,-9.58,28.87,-0.01,0,0,,,,-0.409,-0.067,1.8,13.26,-0.01,,,
113.46,REGROUND,-29.93,-1.1,-9.58,28.88,-0.01,0,0,,,,-0.399,-0.065,2.6,13.26,-0.01,,,
113.51,REGROUND,-29.93,-1.1,-9.58,28.89,-0.01,0,0,,,,-0.409,-0.067,1.8,13.26,-0.01,,,
113.56,REGROUND,-29.97,-1.1,-9.58,28.91,-0.01,0,0,,,,-0.399,-0.065,2.4,13.26,-0.01,,,
113.61,REGROUND,-29.97,-1.1,-9.58,28.92,-0.01,0,0,,,,-0.409,-0.066,1.9,13.26,-0.01,,,
113.66,REGROUND,-30.01,-1.1,-9.58,28.93,-0.01,0,0,,,,-0.399,-0.065,2.6,13.26,-0.01,,,
113.71,REGROUND,-30.01,-1.1,-9.58,28.94,-0.01,0,0,,,,-0.409,-0.066,1.8,13.26,-0.01,,,
113.76,REGROUND,-30.05,-1.1,-9.58,28.96,-0.01,0,0,,,,-0.399,-0.064,2.4,13.26,-0.01,,,
113.81,REGROUND,-30.05,-1.1,-9.58,28.97,-0.01,0,0,,,,-0.409,-0.066,1.8,13.26,-0.01,,,
113.86,REGROUND,-30.09,-1.11,-9.58,28.98,-0.01,0,0,,,,-0.399,-0.064,2.5,13.26,-0.01,,,
113.91,REGROUND,-30.09,-1.11,-9.58,28.99,-0.01,0,0,,,,-0.409,-0.066,1.7,13.26,-0.01,,,
113.96,REGROUND,-30.14,-1.11,-9.58,29.01,-0.01,0,0,,,,-0.399,-0.064,2.4,13.26,-0.01,,,
114.01,REGROUND,-30.14,-1.11,-9.58,29.02,-0.01,0,0,,,,-0.409,-0.066,1.8,13.26,-0.01,,,
114.06,REGROUND,-30.18,-1.11,-9.58,29.03,-0.01,0,0,,,,-0.399,-0.064,2.4,13.26,-0.01,,,
114.11,REGROUND,-30.18,-1.11,-9.58,29.04,-0.01,0,0,,,,-0.409,-0.066,1.8,13.26,-0.01,,,
114.16,REGROUND,-30.22,-1.11,-9.58,29.06,-0.01,0,0,,,,-0.399,-0.064,2.5,13.26,-0.01,,,
114.21,REGROUND,-30.22,-1.11,-9.58,29.07,-0.01,0,0,,,,-0.409,-0.065,1.9,13.26,-0.01,,,
114.26,REGROUND,-30.26,-1.11,-9.58,29.08,-0.01,0,0,,,,-0.399,-0.064,2.6,13.26,-0.01,,,
114.31,REGROUND,-30.26,-1.11,-9.58,29.09,-0.01,0,0,,,,-0.409,-0.065,1.8,13.26,-0.01,,,
114.36,REGROUND,-30.3,-1.11,-9.58,29.11,-0.01,0,0,,,,-0.399,-0.063,2.6,13.26,-0.01,,,
114.41,REGROUND,-30.3,-1.11,-9.58,29.12,-0.01,0,0,,,,-0.409,-0.065,1.7,13.26,-0.01,,,
114.46,REGROUND,-30.34,-1.12,-9.58,29.13,-0.01,0,0,,,,-0.399,-0.063,2.7,13.26,-0.01,,,
114.51,REGROUND,-30.34,-1.12,-9.58,29.14,-0.01,0,0,,,,-0.409,-0.065,1.8,13.26,-0.01,,,
114.57,REGROUND,-30.38,-1.12,-9.58,29.16,-0.01,0,0,,,,-0.399,-0.063,2.4,13.26,-0.01,,,
114.62,REGROUND,-30.38,-1.12,-9.58,29.17,-0.01,0,0,,,,-0.409,-0.065,1.8,13.26,-0.01,,,
114.67,REGROUND,-30.42,-1.12,-9.58,29.18,-0.01,0,0,,,,-0.399,-0.063,2.4,13.26,-0.01,,,
114.72,REGROUND,-30.42,-1.12,-9.58,29.19,-0.01,0,0,,,,-0.409,-0.065,1.8,13.26,-0.01,,,
114.77,REGROUND,-30.46,-1.12,-9.58,29.21,-0.01,0,0,,,,-0.4,-0.063,2.3,13.26,-0.01,,,
114.82,REGROUND,-30.46,-1.12,-9.58,29.22,-0.01,0,0,,,,-0.41,-0.064,1.8,13.26,-0.01,,,
114.87,REGROUND,-30.5,-1.12,-9.58,29.23,-0.01,0,0,,,,-0.4,-0.063,2.3,13.26,-0.01,,,
114.92,REGROUND,-30.5,-1.12,-9.58,29.24,-0.01,0,0,,,,-0.41,-0.064,2.0,13.26,-0.01,,,
114.97,REGROUND,-30.54,-1.12,-9.58,29.26,-0.01,0,0,,,,-0.4,-0.062,2.5,13.26,-0.01,,,
115.02,REGROUND,-30.54,-1.12,-9.58,29.27,-0.01,0,0,,,,-0.41,-0.064,1.8,13.26,-0.01,,,
115.07,REGROUND,-30.58,-1.13,-9.58,29.28,-0.01,0,0,,,,-0.4,-0.062,2.7,13.26,-0.01,,,
115.12,REGROUND,-30.58,-1.13,-9.58,29.29,-0.01,0,0,,,,-0.41,-0.064,3.5,13.26,-0.01,,,
115.17,REGROUND,-30.63,-1.13,-9.58,29.31,-0.01,0,0,,,,-0.4,-0.062,2.5,13.26,-0.01,,,
115.22,REGROUND,-30.63,-1.13,-9.58,29.32,-0.01,0,0,,,,-0.41,-0.064,1.7,13.26,-0.01,,,
115.27,REGROUND,-30.67,-1.13,-9.58,29.33,-0.01,0,0,,,,-0.4,-0.063,2.4,13.26,-0.01,,,
115.32,REGROUND,-30.67,-1.13,-9.58,29.34,-0.01,0,0,,,,-0.41,-0.064,1.8,13.26,-0.01,,,
115.37,REGROUND,-30.71,-1.13,-9.58,29.36,-0.01,0,0,,,,-0.4,-0.063,2.4,13.26,-0.01,,,
115.42,REGROUND,-30.71,-1.13,-9.58,29.37,-0.01,0,0,,,,-0.41,-0.064,1.8,13.26,-0.01,,,
115.47,REGROUND,-30.75,-1.13,-9.58,29.38,-0.01,0,0,,,,-0.4,-0.063,2.3,13.26,-0.01,,,
115.52,REGROUND,-30.75,-1.13,-9.58,29.39,-0.01,0,0,,,,-0.41,-0.064,1.8,13.26,-0.01,,,
115.57,REGROUND,-30.79,-1.13,-9.58,29.41,-0.01,0,0,,,,-0.4,-0.063,2.5,13.26,-0.01,,,
115.62,REGROUND,-30.79,-1.13,-9.58,29.42,-0.01,0,0,,,,-0.41,-0.065,1.9,13.26,-0.01,,,
115.67,REGROUND,-30.83,-1.13,-9.58,29.43,-0.01,0,0,,,,-0.4,-0.063,2.7,13.26,-0.01,,,
115.72,REGROUND,-30.83,-1.13,-9.58,29.44,-0.01,0,0,,,,-0.41,-0.065,1.7,13.26,-0.01,,,
115.77,REGROUND,-30.87,-1.13,-9.58,29.46,-0.01,0,0,,,,-0.4,-0.063,2.5,13.26,-0.01,,,
115.82,REGROUND,-30.87,-1.13,-9.58,29.47,-0.01,0,0,,,,-0.41,-0.065,1.8,13.26,-0.01,,,
115.87,REGROUND,-30.91,-1.13,-9.58,29.48,-0.01,0,0,,,,-0.4,-0.063,2.4,13.26,-0.01,,,
115.92,REGROUND,-30.91,-1.13,-9.58,29.49,-0.01,0,0,,,,-0.41,-0.065,1.8,13.26,-0.01,,,
115.97,REGROUND,-30.95,-1.14,-9.58,29.51,-0.01,0,0,,,,-0.4,-0.064,2.4,13.26,-0.01,,,
116.02,REGROUND,-30.95,-1.14,-9.58,29.52,-0.01,0,0,,,,-0.41,-0.065,1.9,13.26,-0.01,,,
116.07,REGROUND,-30.99,-1.14,-9.58,29.53,-0.01,0,0,,,,-0.4,-0.064,2.3,13.26,-0.01,,,
116.12,REGROUND,-30.99,-1.14,-9.58,29.54,-0.01,0,0,,,,-0.41,-0.065,1.9,13.26,-0.01,,,
116.17,REGROUND,-31.04,-1.14,-9.58,29.56,-0.01,0,0,,,,-0.4,-0.064,2.9,13.26,-0.01,,,
116.22,REGROUND,-31.04,-1.14,-9.58,29.57,-0.01,0,0,,,,-0.41,-0.065,1.9,13.26,-0.01,,,
116.27,REGROUND,-31.08,-1.14,-9.58,29.58,-0.01,0,0,,,,-0.4,-0.064,3.0,13.26,-0.01,,,
116.32,REGROUND,-31.08,-1.14,-9.58,29.59,-0.01,0,0,,,,-0.41,-0.066,2.4,13.26,-0.01,,,
116.37,REGROUND,-31.12,-1.14,-9.58,29.61,-0.01,0,0,,,,-0.399,-0.064,2.9,13.26,-0.01,,,
116.42,REGROUND,-31.12,-1.14,-9.58,29.62,-0.01,0,0,,,,-0.41,-0.066,2.4,13.26,-0.01,,,
116.47,REGROUND,-31.16,-1.14,-9.58,29.63,-0.01,0,0,,,,-0.399,-0.064,2.8,13.26,-0.01,,,
116.52,REGROUND,-31.16,-1.14,-9.58,29.64,-0.01,0,0,,,,-0.409,-0.066,1.8,13.26,-0.01,,,
116.57,REGROUND,-31.2,-1.14,-9.58,29.66,-0.01,0,0,,,,-0.399,-0.064,2.5,13.26,-0.01,,,
116.62,REGROUND,-31.2,-1.14,-9.58,29.67,-0.01,0,0,,,,-0.41,-0.066,1.8,13.26,-0.01,,,
116.67,REGROUND,-31.24,-1.14,-9.58,29.68,-0.01,0,0,,,,-0.399,-0.064,2.3,13.26,-0.01,,,
116.72,REGROUND,-31.24,-1.14,-9.58,29.69,-0.01,0,0,,,,-0.41,-0.066,1.8,13.26,-0.01,,,
116.77,REGROUND,-31.28,-1.14,-9.58,29.71,-0.01,0,0,,,,-0.4,-0.064,2.3,13.26,-0.01,,,
116.82,REGROUND,-31.28,-1.14,-9.58,29.72,-0.01,0,0,,,,-0.41,-0.066,1.8,13.26,-0.01,,,
116.87,REGROUND,-31.32,-1.15,-9.58,29.73,-0.01,0,0,,,,-0.399,-0.064,2.5,13.26,-0.01,,,
116.92,REGROUND,-31.32,-1.15,-9.58,29.74,-0.01,0,0,,,,-0.41,-0.066,1.8,13.26,-0.01,,,
116.97,REGROUND,-31.36,-1.15,-9.58,29.76,-0.01,0,0,,,,-0.4,-0.064,2.6,13.26,-0.01,,,
117.02,REGROUND,-31.36,-1.15,-9.58,29.77,-0.01,0,0,,,,-0.41,-0.066,1.9,13.26,-0.01,,,
117.07,REGROUND,-31.4,-1.15,-9.58,29.78,-0.01,0,0,,,,-0.4,-0.064,2.5,13.26,-0.01,,,
117.12,REGROUND,-31.4,-1.15,-9.58,29.79,-0.01,0,0,,,,-0.41,-0.066,1.8,13.26,-0.01,,,
117.17,REGROUND,-31.44,-1.15,-9.58,29.81,-0.01,0,0,,,,-0.4,-0.064,2.4,13.26,-0.01,,,
117.22,REGROUND,-31.44,-1.15,-9.58,29.82,-0.01,0,0,,,,-0.41,-0.066,1.6,13.26,-0.01,,,
117.27,REGROUND,-31.49,-1.15,-9.58,29.83,-0.01,0,0,,,,-0.4,-0.064,4.0,13.26,-0.01,,,
117.32,REGROUND,-31.49,-1.15,-9.58,29.84,-0.01,0,0,,,,-0.41,-0.066,2.0,13.26,-0.01,,,
117.37,REGROUND,-31.53,-1.15,-9.58,29.86,-0.01,0,0,,,,-0.4,-0.064,2.4,13.26,-0.01,,,
117.42,REGROUND,-31.53,-1.15,-9.58,29.87,-0.01,0,0,,,,-0.41,-0.066,1.8,13.26,-0.01,,,
117.47,REGROUND,-31.57,-1.15,-9.58,29.88,-0.01,0,0,,,,-0.4,-0.064,2.3,13.26,-0.01,,,
117.52,REGROUND,-31.57,-1.15,-9.58,29.89,-0.01,0,0,,,,-0.41,-0.066,1.7,13.26,-0.01,,,
117.57,REGROUND,-31.61,-1.16,-9.58,29.91,-0.01,0,0,,,,-0.4,-0.064,2.5,13.26,-0.01,,,
117.62,REGROUND,-31.61,-1.16,-9.58,29.92,-0.01,0,0,,,,-0.411,-0.066,1.8,13.26,-0.01,,,
117.67,REGROUND,-31.65,-1.16,-9.58,29.93,-0.01,0,0,,,,-0.4,-0.064,2.6,13.26,-0.01,,,
117.72,REGROUND,-31.65,-1.16,-9.58,29.94,-0.01,0,0,,,,-0.411,-0.066,1.8,13.26,-0.01,,,
117.77,REGROUND,-31.69,-1.16,-9.58,29.96,-0.01,0,0,,,,-0.4,-0.064,2.6,13.26,-0.01,,,
117.82,REGROUND,-31.69,-1.16,-9.58,29.97,-0.01,0,0,,,,-0.411,-0.065,1.8,13.26,-0.01,,,
117.87,REGROUND,-31.73,-1.16,-9.58,29.98,-0.01,0,0,,,,-0.4,-0.064,2.4,13.26,-0.01,,,
117.92,REGROUND,-31.73,-1.16,-9.58,29.99,-0.01,0,0,,,,-0.411,-0.065,1.8,13.26,-0.01,,,
117.97,REGROUND,-31.77,-1.16,-9.58,30.01,-0.01,0,0,,,,-0.4,-0.063,2.4,13.26,-0.01,,,
118.02,REGROUND,-31.77,-1.16,-9.58,30.02,-0.01,0,0,,,,-0.411,-0.065,1.7,13.26,-0.01,,,
118.07,REGROUND,-31.81,-1.16,-9.58,30.03,-0.01,0,0,,,,-0.4,-0.063,2.4,13.26,-0.01,,,
118.12,REGROUND,-31.81,-1.16,-9.58,30.04,-0.01,0,0,,,,-0.411,-0.065,1.7,13.26,-0.01,,,
118.17,REGROUND,-31.85,-1.17,-9.58,30.06,-0.01,0,0,,,,-0.4,-0.063,2.3,13.26,-0.01,,,
118.22,REGROUND,-31.85,-1.17,-9.58,30.07,-0.01,0,0,,,,-0.41,-0.065,1.8,13.26,-0.01,,,
118.27,REGROUND,-31.89,-1.17,-9.58,30.08,-0.01,0,0,,,,-0.4,-0.063,2.3,13.26,-0.01,,,
118.32,REGROUND,-31.89,-1.17,-9.58,30.09,-0.01,0,0,,,,-0.41,-0.065,1.9,13.26,-0.01,,,
118.37,REGROUND,-31.94,-1.17,-9.58,30.11,-0.01,0,0,,,,-0.4,-0.063,2.5,13.26,-0.01,,,
118.42,REGROUND,-31.94,-1.17,-9.58,30.12,-0.01,0,0,,,,-0.41,-0.065,1.9,13.26,-0.01,,,
118.47,REGROUND,-31.98,-1.17,-9.58,30.13,-0.01,0,0,,,,-0.4,-0.063,2.5,13.26,-0.01,,,
118.52,REGROUND,-31.98,-1.17,-9.58,30.14,-0.01,0,0,,,,-0.41,-0.065,1.8,13.26,-0.01,,,
118.57,REGROUND,-32.02,-1.17,-9.58,30.16,-0.01,0,0,,,,-0.4,-0.063,2.5,13.26,-0.01,,,
118.62,REGROUND,-32.02,-1.17,-9.58,30.17,-0.01,0,0,,,,-0.41,-0.065,1.8,13.26,-0.01,,,
118.67,REGROUND,-32.06,-1.17,-9.58,30.18,-0.01,0,0,,,,-0.4,-0.063,2.4,13.26,-0.01,,,
118.72,REGROUND,-32.06,-1.17,-9.58,30.19,-0.01,0,0,,,,-0.41,-0.065,1.7,13.26,-0.01,,,
118.77,REGROUND,-32.1,-1.17,-9.58,30.21,-0.01,0,0,,,,-0.4,-0.063,2.5,13.26,-0.01,,,
118.82,REGROUND,-32.1,-1.17,-9.58,30.22,-0.01,0,0,,,,-0.41,-0.065,1.7,13.26,-0.01,,,
118.87,REGROUND,-32.14,-1.17,-9.58,30.23,-0.01,0,0,,,,-0.399,-0.063,2.2,13.26,-0.01,,,
118.92,REGROUND,-32.14,-1.17,-9.58,30.24,-0.01,0,0,,,,-0.41,-0.065,1.8,13.26,-0.01,,,
118.97,REGROUND,-32.18,-1.17,-9.58,30.26,-0.01,0,0,,,,-0.399,-0.063,2.3,13.26,-0.01,,,
119.02,REGROUND,-32.18,-1.17,-9.58,30.27,-0.01,0,0,,,,-0.409,-0.065,1.8,13.26,-0.01,,,
119.07,REGROUND,-32.22,-1.18,-9.58,30.28,-0.01,0,0,,,,-0.399,-0.064,2.5,13.26,-0.01,,,
119.12,REGROUND,-32.22,-1.18,-9.58,30.29,-0.01,0,0,,,,-0.409,-0.065,1.8,13.26,-0.01,,,
119.17,REGROUND,-32.27,-1.18,-9.58,30.31,-0.01,0,0,,,,-0.399,-0.064,2.5,13.26,-0.01,,,
119.22,REGROUND,-32.27,-1.18,-9.58,30.32,-0.01,0,0,,,,-0.409,-0.065,1.9,13.26,-0.01,,,
119.27,REGROUND,-32.31,-1.18,-9.58,30.33,-0.01,0,0,,,,-0.399,-0.064,2.5,13.26,-0.01,,,
119.32,REGROUND,-32.31,-1.18,-9.58,30.34,-0.01,0,0,,,,-0.409,-0.065,1.8,13.26,-0.01,,,
119.37,REGROUND,-32.35,-1.18,-9.58,30.36,-0.01,0,0,,,,-0.399,-0.064,2.7,13.26,-0.01,,,
119.42,REGROUND,-32.35,-1.18,-9.58,30.37,-0.01,0,0,,,,-0.409,-0.065,3.9,13.26,-0.01,,,
119.47,REGROUND,-32.39,-1.18,-9.58,30.38,-0.01,0,0,,,,-0.399,-0.064,2.6,13.26,-0.01,,,
119.52,REGROUND,-32.39,-1.18,-9.58,30.39,-0.01,0,0,,,,-0.409,-0.066,1.8,13.26,-0.01,,,
119.57,REGROUND,-32.43,-1.18,-9.58,30.41,-0.01,0,0,,,,-0.399,-0.064,2.4,13.26,-0.01,,,
119.62,REGROUND,-32.43,-1.18,-9.58,30.42,-0.01,0,0,,,,-0.409,-0.066,1.8,13.26,-0.01,,,
119.67,REGROUND,-32.47,-1.18,-9.58,30.43,-0.01,0,0,,,,-0.399,-0.064,2.4,13.26,-0.01,,,
119.72,REGROUND,-32.47,-1.18,-9.58,30.44,-0.01,0,0,,,,-0.409,-0.066,1.8,13.26,-0.01,,,
119.77,REGROUND,-32.51,-1.18,-9.58,30.46,-0.01,0,0,,,,-0.399,-0.064,2.5,13.26,-0.01,,,
119.82,REGROUND,-32.51,-1.18,-9.58,30.47,-0.01,0,0,,,,-0.409,-0.066,1.8,13.26,-0.01,,,
119.87,REGROUND,-32.55,-1.19,-9.58,30.48,-0.01,0,0,,,,-0.399,-0.064,2.5,13.26,-0.01,,,
119.92,REGROUND,-32.55,-1.19,-9.58,30.49,-0.01,0,0,,,,-0.409,-0.066,1.8,13.26,-0.01,,,
119.97,REGROUND,-32.59,-1.19,-9.58,30.51,-0.01,0,0,,,,-0.399,-0.064,2.5,13.26,-0.01,,,
120.02,REGROUND,-32.59,-1.19,-9.58,30.52,-0.01,0,0,,,,-0.409,-0.065,1.8,13.26,-0.01,,,
120.07,REGROUND,-32.63,-1.19,-9.58,30.53,-0.01,0,0,,,,-0.399,-0.064,2.5,13.26,-0.01,,,
120.12,REGROUND,-32.63,-1.19,-9.58,30.54,-0.01,0,0,,,,-0.409,-0.065,1.8,13.26,-0.01,,,
120.17,REGROUND,-32.67,-1.19,-9.58,30.56,-0.01,0,0,,,,-0.4,-0.064,2.5,13.26,-0.01,,,
120.22,REGROUND,-32.67,-1.19,-9.58,30.57,-0.01,0,0,,,,-0.41,-0.065,1.7,13.26,-0.01,,,
120.27,REGROUND,-32.71,-1.19,-9.58,30.58,-0.01,0,0,,,,-0.4,-0.064,2.4,13.26,-0.01,,,
120.32,REGROUND,-32.71,-1.19,-9.58,30.59,-0.01,0,0,,,,-0.41,-0.065,1.9,13.26,-0.01,,,
120.37,REGROUND,-32.76,-1.19,-9.58,30.61,-0.01,0,0,,,,-0.4,-0.064,2.3,13.26,-0.01,,,
120.42,REGROUND,-32.76,-1.19,-9.58,30.62,-0.01,0,0,,,,-0.41,-0.065,1.8,13.26,-0.01,,,
120.47,REGROUND,-32.8,-1.19,-9.58,30.63,-0.01,0,0,,,,-0.4,-0.064,2.3,13.26,-0.01,,,
120.52,REGROUND,-32.8,-1.19,-9.58,30.65,-0.01,0,0,,,,-0.41,-0.065,1.9,13.26,-0.01,,,
120.57,REGROUND,-32.84,-1.2,-9.58,30.66,-0.01,0,0,,,,-0.4,-0.064,2.5,13.26,-0.01,,,
120.62,REGROUND,-32.84,-1.2,-9.58,30.67,-0.01,0,0,,,,-0.41,-0.065,1.9,13.26,-0.01,,,
120.67,REGROUND,-32.88,-1.2,-9.58,30.68,-0.01,0,0,,,,-0.4,-0.064,2.6,13.26,-0.01,,,
120.72,REGROUND,-32.88,-1.2,-9.58,30.7,-0.01,0,0,,,,-0.41,-0.065,1.8,13.26,-0.01,,,
120.77,REGROUND,-32.92,-1.2,-9.58,30.71,-0.01,0,0,,,,-0.4,-0.063,2.5,13.26,-0.01,,,
120.82,REGROUND,-32.92,-1.2,-9.58,30.72,-0.01,0,0,,,,-0.41,-0.065,1.8,13.26,-0.01,,,
120.87,REGROUND,-32.96,-1.2,-9.58,30.73,-0.01,0,0,,,,-0.4,-0.063,2.6,13.26,-0.01,,,
120.92,REGROUND,-32.96,-1.2,-9.58,30.75,-0.01,0,0,,,,-0.41,-0.065,1.7,13.26,-0.01,,,
120.97,REGROUND,-33.0,-1.2,-9.58,30.76,-0.01,0,0,,,,-0.4,-0.063,2.4,13.26,-0.01,,,
121.02,REGROUND,-33.0,-1.2,-9.58,30.77,-0.01,0,0,,,,-0.41,-0.064,1.8,13.26,-0.01,,,
121.07,REGROUND,-33.04,-1.2,-9.58,30.78,-0.01,0,0,,,,-0.4,-0.063,2.5,13.26,-0.01,,,
121.12,REGROUND,-33.04,-1.2,-9.58,30.8,-0.01,0,0,,,,-0.41,-0.064,1.8,13.26,-0.01,,,
121.17,REGROUND,-33.08,-1.21,-9.58,30.81,-0.01,0,0,,,,-0.4,-0.063,2.3,13.26,-0.01,,,
121.22,REGROUND,-33.08,-1.21,-9.58,30.82,-0.01,0,0,,,,-0.41,-0.064,1.8,13.26,-0.01,,,
121.27,REGROUND,-33.12,-1.21,-9.58,30.83,-0.01,0,0,,,,-0.4,-0.063,2.5,13.26,-0.01,,,
121.32,REGROUND,-33.12,-1.21,-9.58,30.85,-0.01,0,0,,,,-0.41,-0.064,1.8,13.26,-0.01,,,
121.37,REGROUND,-33.17,-1.21,-9.58,30.86,-0.01,0,0,,,,-0.4,-0.063,2.5,13.26,-0.01,,,
121.42,REGROUND,-33.17,-1.21,-9.58,30.87,-0.01,0,0,,,,-0.41,-0.064,1.6,13.26,-0.01,,,
121.47,REGROUND,-33.21,-1.21,-9.58,30.88,-0.01,0,0,,,,-0.4,-0.063,2.5,13.26,-0.01,,,
121.52,REGROUND,-33.21,-1.21,-9.58,30.9,-0.01,0,0,,,,-0.41,-0.064,1.8,13.26,-0.01,,,
121.57,REGROUND,-33.25,-1.21,-9.58,30.91,-0.01,0,0,,,,-0.4,-0.063,3.9,13.26,-0.01,,,
121.63,REGROUND,-33.25,-1.21,-9.58,30.92,-0.01,0,0,,,,-0.41,-0.064,3.8,13.26,-0.01,,,
121.68,REGROUND,-33.29,-1.21,-9.58,30.93,-0.01,0,0,,,,-0.4,-0.063,2.6,13.26,-0.01,,,
121.73,REGROUND,-33.29,-1.21,-9.58,30.95,-0.01,0,0,,,,-0.41,-0.065,1.8,13.26,-0.01,,,
121.78,REGROUND,-33.33,-1.21,-9.58,30.96,-0.01,0,0,,,,-0.4,-0.063,2.3,13.26,-0.01,,,
121.83,REGROUND,-33.33,-1.21,-9.58,30.97,-0.01,0,0,,,,-0.41,-0.065,1.8,13.26,-0.01,,,
121.88,REGROUND,-33.37,-1.21,-9.58,30.98,-0.01,0,0,,,,-0.399,-0.063,2.3,13.26,-0.01,,,
121.93,REGROUND,-33.37,-1.21,-9.58,31.0,-0.01,0,0,,,,-0.41,-0.065,1.8,13.26,-0.01,,,
121.98,REGROUND,-33.41,-1.21,-9.58,31.01,-0.01,0,0,,,,-0.4,-0.063,2.5,13.26,-0.01,,,
122.03,REGROUND,-33.41,-1.21,-9.58,31.02,-0.01,0,0,,,,-0.41,-0.065,1.9,13.26,-0.01,,,
122.08,REGROUND,-33.45,-1.22,-9.58,31.03,-0.01,0,0,,,,-0.399,-0.064,2.5,13.26,-0.01,,,
122.13,REGROUND,-33.45,-1.22,-9.58,31.05,-0.01,0,0,,,,-0.41,-0.065,1.8,13.26,-0.01,,,
122.18,REGROUND,-33.49,-1.22,-9.58,31.06,-0.01,0,0,,,,-0.4,-0.064,2.5,13.26,-0.01,,,
122.23,REGROUND,-33.49,-1.22,-9.58,31.07,-0.01,0,0,,,,-0.41,-0.065,1.8,13.26,-0.01,,,
122.28,REGROUND,-33.53,-1.22,-9.58,31.08,-0.01,0,0,,,,-0.4,-0.064,2.5,13.26,-0.01,,,
122.33,REGROUND,-33.53,-1.22,-9.58,31.1,-0.01,0,0,,,,-0.41,-0.066,1.8,13.26,-0.01,,,
122.38,REGROUND,-33.57,-1.22,-9.58,31.11,-0.01,0,0,,,,-0.4,-0.064,2.4,13.26,-0.01,,,
122.43,REGROUND,-33.57,-1.22,-9.58,31.12,-0.01,0,0,,,,-0.41,-0.066,1.6,13.26,-0.01,,,
122.48,REGROUND,-33.62,-1.22,-9.58,31.13,-0.01,0,0,,,,-0.4,-0.064,2.4,13.26,-0.01,,,
122.53,REGROUND,-33.62,-1.22,-9.58,31.15,-0.01,0,0,,,,-0.41,-0.066,1.8,13.26,-0.01,,,
122.58,REGROUND,-33.66,-1.22,-9.58,31.16,-0.01,0,0,,,,-0.4,-0.064,2.3,13.26,-0.01,,,
122.63,REGROUND,-33.66,-1.22,-9.58,31.17,-0.01,0,0,,,,-0.41,-0.066,1.8,13.26,-0.01,,,
122.68,REGROUND,-33.7,-1.22,-9.58,31.18,-0.01,0,0,,,,-0.4,-0.064,2.6,13.26,-0.01,,,
122.73,REGROUND,-33.7,-1.22,-9.58,31.2,-0.01,0,0,,,,-0.41,-0.066,1.9,13.26,-0.01,,,
122.78,REGROUND,-33.74,-1.22,-9.58,31.21,-0.01,0,0,,,,-0.4,-0.064,2.5,13.26,-0.01,,,
122.83,REGROUND,-33.74,-1.22,-9.58,31.22,-0.01,0,0,,,,-0.41,-0.066,1.8,13.26,-0.01,,,
122.88,REGROUND,-33.78,-1.22,-9.58,31.23,-0.01,0,0,,,,-0.4,-0.064,2.6,13.26,-0.01,,,
122.93,REGROUND,-33.78,-1.22,-9.58,31.25,-0.01,0,0,,,,-0.41,-0.066,1.8,13.26,-0.01,,,
122.98,REGROUND,-33.82,-1.23,-9.58,31.26,-0.01,0,0,,,,-0.4,-0.064,2.5,13.26,-0.01,,,
123.03,REGROUND,-33.82,-1.23,-9.58,31.27,-0.01,0,0,,,,-0.41,-0.066,1.8,13.26,-0.01,,,
123.08,REGROUND,-33.86,-1.23,-9.58,31.28,-0.01,0,0,,,,-0.4,-0.064,2.3,13.26,-0.01,,,
123.13,REGROUND,-33.86,-1.23,-9.58,31.3,-0.01,0,0,,,,-0.41,-0.066,1.7,13.26,-0.01,,,
123.18,REGROUND,-33.9,-1.23,-9.58,31.31,-0.01,0,0,,,,-0.4,-0.064,2.4,13.26,-0.01,,,
123.23,REGROUND,-33.9,-1.23,-9.58,31.32,-0.01,0,0,,,,-0.411,-0.066,1.8,13.26,-0.01,,,
123.28,REGROUND,-33.94,-1.23,-9.58,31.33,-0.01,0,0,,,,-0.4,-0.064,2.3,13.26,-0.01,,,
123.33,REGROUND,-33.94,-1.23,-9.58,31.35,-0.01,0,0,,,,-0.41,-0.066,1.8,13.26,-0.01,,,
123.38,REGROUND,-33.98,-1.23,-9.58,31.36,-0.01,0,0,,,,-0.4,-0.064,2.3,13.26,-0.01,,,
123.43,REGROUND,-33.98,-1.23,-9.58,31.37,-0.01,0,0,,,,-0.411,-0.066,1.9,13.26,-0.01,,,
123.48,REGROUND,-34.02,-1.23,-9.58,31.38,-0.01,0,0,,,,-0.4,-0.064,2.5,13.26,-0.01,,,
123.53,REGROUND,-34.02,-1.23,-9.58,31.4,-0.01,0,0,,,,-0.41,-0.066,1.8,13.26,-0.01,,,
123.58,REGROUND,-34.07,-1.24,-9.58,31.41,-0.01,0,0,,,,-0.4,-0.064,2.5,13.26,-0.01,,,
123.63,REGROUND,-34.07,-1.24,-9.58,31.42,-0.01,0,0,,,,-0.41,-0.065,1.9,13.26,-0.01,,,
123.68,REGROUND,-34.11,-1.24,-9.58,31.43,-0.01,0,0,,,,-0.4,-0.064,2.9,13.26,-0.01,,,
123.73,REGROUND,-34.11,-1.24,-9.58,31.45,-0.01,0,0,,,,-0.41,-0.065,1.8,13.26,-0.01,,,
123.78,REGROUND,-34.15,-1.24,-9.58,31.46,-0.01,0,0,,,,-0.4,-0.063,4.0,13.26,-0.01,,,
123.83,REGROUND,-34.15,-1.24,-9.58,31.47,-0.01,0,0,,,,-0.41,-0.065,1.7,13.26,-0.01,,,
123.88,REGROUND,-34.19,-1.24,-9.58,31.48,-0.01,0,0,,,,-0.4,-0.063,2.5,13.26,-0.01,,,
123.93,REGROUND,-34.19,-1.24,-9.58,31.5,-0.01,0,0,,,,-0.41,-0.065,1.8,13.26,-0.01,,,
123.98,REGROUND,-34.23,-1.24,-9.58,31.51,-0.01,0,0,,,,-0.4,-0.063,2.3,13.26,-0.01,,,
124.03,REGROUND,-34.23,-1.24,-9.58,31.52,-0.01,0,0,,,,-0.41,-0.064,1.8,13.26,-0.01,,,
124.08,REGROUND,-34.27,-1.24,-9.58,31.53,-0.01,0,0,,,,-0.4,-0.063,2.3,13.26,-0.01,,,
124.13,REGROUND,-34.27,-1.24,-9.58,31.55,-0.01,0,0,,,,-0.41,-0.064,1.8,13.26,-0.01,,,
124.18,REGROUND,-34.31,-1.25,-9.58,31.56,-0.01,0,0,,,,-0.4,-0.063,2.6,13.26,-0.01,,,
124.23,REGROUND,-34.31,-1.25,-9.58,31.57,-0.01,0,0,,,,-0.41,-0.064,1.8,13.26,-0.01,,,
124.28,REGROUND,-34.35,-1.25,-9.58,31.58,-0.01,0,0,,,,-0.4,-0.063,2.5,13.26,-0.01,,,
124.33,REGROUND,-34.35,-1.25,-9.58,31.6,-0.01,0,0,,,,-0.41,-0.064,1.8,13.26,-0.01,,,
124.38,REGROUND,-34.39,-1.25,-9.58,31.61,-0.01,0,0,,,,-0.4,-0.063,2.5,13.26,-0.01,,,
124.43,REGROUND,-34.39,-1.25,-9.58,31.62,-0.01,0,0,,,,-0.41,-0.064,1.8,13.26,-0.01,,,
124.48,REGROUND,-34.44,-1.25,-9.58,31.63,-0.01,0,0,,,,-0.4,-0.063,2.4,13.26,-0.01,,,
124.53,REGROUND,-34.44,-1.25,-9.58,31.65,-0.01,0,0,,,,-0.41,-0.064,1.8,13.26,-0.01,,,
124.58,REGROUND,-34.48,-1.25,-9.58,31.66,-0.01,0,0,,,,-0.4,-0.063,2.4,13.26,-0.01,,,
124.63,REGROUND,-34.48,-1.25,-9.58,31.67,-0.01,0,0,,,,-0.41,-0.064,1.8,13.26,-0.01,,,
124.68,REGROUND,-34.52,-1.25,-9.58,31.68,-0.01,0,0,,,,-0.399,-0.063,2.5,13.26,-0.01,,,
124.73,REGROUND,-34.52,-1.25,-9.58,31.7,-0.01,0,0,,,,-0.409,-0.064,1.8,13.26,-0.01,,,
124.78,REGROUND,-34.56,-1.25,-9.58,31.71,-0.01,0,0,,,,-0.399,-0.063,2.2,13.26,-0.01,,,
124.83,REGROUND,-34.56,-1.25,-9.58,31.72,-0.01,0,0,,,,-0.409,-0.064,1.8,13.26,-0.01,,,
124.88,REGROUND,-34.6,-1.25,-9.58,31.73,-0.01,0,0,,,,-0.399,-0.063,2.3,13.26,-0.01,,,
124.93,REGROUND,-34.6,-1.25,-9.58,31.75,-0.01,0,0,,,,-0.409,-0.064,1.8,13.26,-0.01,,,
124.98,REGROUND,-34.64,-1.25,-9.58,31.76,-0.01,0,0,,,,-0.399,-0.063,2.4,13.26,-0.01,,,
125.03,REGROUND,-34.64,-1.25,-9.58,31.77,-0.01,0,0,,,,-0.409,-0.065,1.8,13.26,-0.01,,,
125.08,REGROUND,-34.68,-1.26,-9.58,31.78,-0.01,0,0,,,,-0.399,-0.063,2.5,13.26,-0.01,,,
125.13,REGROUND,-34.68,-1.26,-9.58,31.8,-0.01,0,0,,,,-0.409,-0.065,1.8,13.26,-0.01,,,
125.18,REGROUND,-34.72,-1.26,-9.58,31.81,-0.01,0,0,,,,-0.399,-0.063,2.5,13.26,-0.01,,,
125.23,REGROUND,-34.72,-1.26,-9.58,31.82,-0.01,0,0,,,,-0.409,-0.065,1.7,13.26,-0.01,,,
125.28,REGROUND,-34.76,-1.26,-9.58,31.83,-0.01,0,0,,,,-0.399,-0.064,2.4,13.26,-0.01,,,
125.33,REGROUND,-34.76,-1.26,-9.58,31.85,-0.01,0,0,,,,-0.409,-0.065,1.8,13.26,-0.01,,,
125.38,REGROUND,-34.8,-1.26,-9.58,31.86,-0.01,0,0,,,,-0.399,-0.064,2.2,13.26,-0.01,,,
125.43,REGROUND,-34.8,-1.26,-9.58,31.87,-0.01,0,0,,,,-0.41,-0.066,1.8,13.26,-0.01,,,
125.48,REGROUND,-34.85,-1.26,-9.58,31.88,-0.01,0,0,,,,-0.399,-0.064,2.3,13.26,-0.01,,,
125.53,REGROUND,-34.85,-1.26,-9.58,31.9,-0.01,0,0,,,,-0.41,-0.066,1.8,13.26,-0.01,,,
125.58,REGROUND,-34.89,-1.26,-9.58,31.91,-0.01,0,0,,,,-0.4,-0.064,2.5,13.26,-0.01,,,
125.63,REGROUND,-34.89,-1.26,-9.58,31.92,-0.01,0,0,,,,-0.41,-0.066,1.9,13.26,-0.01,,,
125.68,REGROUND,-34.93,-1.26,-9.58,31.93,-0.01,0,0,,,,-0.4,-0.065,2.4,13.26,-0.01,,,
125.73,REGROUND,-34.93,-1.26,-9.58,31.95,-0.01,0,0,,,,-0.41,-0.066,1.8,13.26,-0.01,,,
125.78,REGROUND,-34.97,-1.26,-9.58,31.96,-0.01,0,0,,,,-0.4,-0.065,3.0,13.26,-0.01,,,
125.83,REGROUND,-34.97,-1.26,-9.58,31.97,-0.01,0,0,,,,-0.41,-0.066,1.9,13.26,-0.01,,,
125.88,REGROUND,-35.01,-1.26,-9.58,31.98,-0.01,0,0,,,,-0.4,-0.065,2.6,13.26,-0.01,,,
125.93,REGROUND,-35.01,-1.26,-9.58,32.0,-0.01,0,0,,,,-0.41,-0.067,3.3,13.26,-0.01,,,
125.98,REGROUND,-35.05,-1.26,-9.58,32.01,-0.01,0,0,,,,-0.4,-0.065,2.5,13.26,-0.01,,,
126.03,REGROUND,-35.05,-1.26,-9.58,32.02,-0.01,0,0,,,,-0.41,-0.067,1.8,13.26,-0.01,,,
126.08,REGROUND,-35.09,-1.27,-9.58,32.03,-0.01,0,0,,,,-0.4,-0.065,2.4,13.26,-0.01,,,
126.13,REGROUND,-35.09,-1.27,-9.58,32.05,-0.01,0,0,,,,-0.41,-0.067,1.8,13.26,-0.01,,,
126.18,REGROUND,-35.13,-1.27,-9.58,32.06,-0.01,0,0,,,,-0.399,-0.065,2.2,13.26,-0.01,,,
126.23,REGROUND,-35.13,-1.27,-9.58,32.07,-0.01,0,0,,,,-0.41,-0.067,1.8,13.26,-0.01,,,
126.28,REGROUND,-35.17,-1.27,-9.58,32.08,-0.01,0,0,,,,-0.399,-0.065,2.3,13.26,-0.01,,,
126.33,REGROUND,-35.17,-1.27,-9.58,32.1,-0.01,0,0,,,,-0.409,-0.067,1.9,13.26,-0.01,,,
126.38,REGROUND,-35.21,-1.27,-9.58,32.11,-0.01,0,0,,,,-0.399,-0.065,2.5,13.26,-0.01,,,
126.43,REGROUND,-35.21,-1.27,-9.58,32.12,-0.01,0,0,,,,-0.41,-0.067,1.8,13.26,-0.01,,,
126.48,REGROUND,-35.26,-1.27,-9.58,32.13,-0.01,0,0,,,,-0.399,-0.065,2.5,13.26,-0.01,,,
126.53,REGROUND,-35.26,-1.27,-9.58,32.15,-0.01,0,0,,,,-0.409,-0.066,1.7,13.26,-0.01,,,
126.58,REGROUND,-35.3,-1.27,-9.58,32.16,-0.01,0,0,,,,-0.399,-0.065,2.5,13.26,-0.01,,,
126.63,REGROUND,-35.3,-1.27,-9.58,32.17,-0.01,0,0,,,,-0.409,-0.066,1.8,13.26,-0.01,,,
126.68,REGROUND,-35.34,-1.27,-9.58,32.18,-0.01,0,0,,,,-0.399,-0.065,2.5,13.26,-0.01,,,
126.73,REGROUND,-35.34,-1.27,-9.58,32.2,-0.01,0,0,,,,-0.409,-0.066,1.8,13.26,-0.01,,,
126.78,REGROUND,-35.38,-1.28,-9.58,32.21,-0.01,0,0,,,,-0.399,-0.064,2.4,13.26,-0.01,,,
126.83,REGROUND,-35.38,-1.28,-9.58,32.22,-0.01,0,0,,,,-0.409,-0.066,1.8,13.26,-0.01,,,
126.88,REGROUND,-35.42,-1.28,-9.58,32.23,-0.01,0,0,,,,-0.399,-0.064,2.4,13.26,-0.01,,,
126.93,REGROUND,-35.42,-1.28,-9.58,32.25,-0.01,0,0,,,,-0.409,-0.066,1.8,13.26,-0.01,,,
126.98,REGROUND,-35.46,-1.28,-9.58,32.26,-0.01,0,0,,,,-0.399,-0.064,2.4,13.26,-0.01,,,
127.03,REGROUND,-35.46,-1.28,-9.58,32.27,-0.01,0,0,,,,-0.409,-0.066,1.8,13.26,-0.01,,,
127.08,REGROUND,-35.5,-1.28,-9.58,32.28,-0.01,0,0,,,,-0.399,-0.064,2.5,13.26,-0.01,,,
127.13,REGROUND,-35.5,-1.28,-9.58,32.3,-0.01,0,0,,,,-0.409,-0.066,1.8,13.26,-0.01,,,
127.18,REGROUND,-35.54,-1.28,-9.58,32.31,-0.01,0,0,,,,-0.399,-0.064,2.6,13.26,-0.01,,,
127.23,REGROUND,-35.54,-1.28,-9.58,32.32,-0.01,0,0,,,,-0.409,-0.065,1.8,13.26,-0.01,,,
127.28,REGROUND,-35.58,-1.28,-9.58,32.33,-0.01,0,0,,,,-0.399,-0.064,2.4,13.26,-0.01,,,
127.33,REGROUND,-35.58,-1.28,-9.58,32.35,-0.01,0,0,,,,-0.409,-0.065,1.8,13.26,-0.01,,,
127.38,REGROUND,-35.62,-1.29,-9.58,32.36,-0.01,0,0,,,,-0.399,-0.063,2.3,13.26,-0.01,,,
127.43,REGROUND,-35.62,-1.29,-9.58,32.37,-0.01,0,0,,,,-0.41,-0.065,1.8,13.26,-0.01,,,
127.48,REGROUND,-35.67,-1.29,-9.58,32.39,-0.01,0,0,,,,-0.399,-0.063,2.4,13.26,-0.01,,,
127.53,REGROUND,-35.67,-1.29,-9.58,32.4,-0.01,0,0,,,,-0.41,-0.065,1.8,13.26,-0.01,,,
127.58,REGROUND,-35.71,-1.29,-9.58,32.41,-0.01,0,0,,,,-0.4,-0.063,2.3,13.26,-0.01,,,
127.63,REGROUND,-35.71,-1.29,-9.58,32.42,-0.01,0,0,,,,-0.41,-0.064,1.8,13.26,-0.01,,,
127.68,REGROUND,-35.75,-1.29,-9.58,32.44,-0.01,0,0,,,,-0.4,-0.063,2.4,13.26,-0.01,,,
127.73,REGROUND,-35.75,-1.29,-9.58,32.45,-0.01,0,0,,,,-0.41,-0.064,1.9,13.26,-0.01,,,
127.78,REGROUND,-35.79,-1.29,-9.58,32.46,-0.01,0,0,,,,-0.4,-0.062,2.5,13.26,-0.01,,,
127.83,REGROUND,-35.79,-1.29,-9.58,32.47,-0.01,0,0,,,,-0.41,-0.064,1.8,13.26,-0.01,,,
127.88,REGROUND,-35.83,-1.29,-9.58,32.49,-0.01,0,0,,,,-0.4,-0.062,2.5,13.26,-0.01,,,
127.93,REGROUND,-35.83,-1.29,-9.58,32.5,-0.01,0,0,,,,-0.41,-0.064,1.8,13.26,-0.01,,,
127.98,REGROUND,-35.87,-1.3,-9.58,32.51,-0.01,0,0,,,,-0.4,-0.062,2.3,13.26,-0.01,,,
128.03,REGROUND,-35.87,-1.3,-9.58,32.52,-0.01,0,0,,,,-0.41,-0.064,1.8,13.26,-0.01,,,
128.08,REGROUND,-35.91,-1.3,-9.58,32.54,-0.01,0,0,,,,-0.4,-0.062,2.4,13.26,-0.01,,,
128.13,REGROUND,-35.91,-1.3,-9.58,32.55,-0.01,0,0,,,,-0.41,-0.064,3.4,13.26,-0.01,,,
128.18,REGROUND,-35.95,-1.3,-9.58,32.56,-0.01,0,0,,,,-0.4,-0.062,2.3,13.26,-0.01,,,
128.23,REGROUND,-35.95,-1.3,-9.58,32.57,-0.01,0,0,,,,-0.41,-0.064,1.8,13.26,-0.01,,,
128.28,REGROUND,-35.99,-1.3,-9.58,32.59,-0.01,0,0,,,,-0.4,-0.062,2.3,13.26,-0.01,,,
128.33,REGROUND,-35.99,-1.3,-9.58,32.6,-0.01,0,0,,,,-0.41,-0.064,1.8,13.26,-0.01,,,
128.38,REGROUND,-36.03,-1.3,-9.58,32.61,-0.01,0,0,,,,-0.4,-0.062,2.3,13.26,-0.01,,,
128.43,REGROUND,-36.03,-1.3,-9.58,32.62,-0.01,0,0,,,,-0.41,-0.064,1.9,13.26,-0.01,,,
128.48,REGROUND,-36.07,-1.3,-9.58,32.64,-0.01,0,0,,,,-0.4,-0.063,2.5,13.26,-0.01,,,
128.53,REGROUND,-36.07,-1.3,-9.58,32.65,-0.01,0,0,,,,-0.41,-0.064,1.9,13.26,-0.01,,,
128.58,REGROUND,-36.11,-1.3,-9.58,32.66,-0.01,0,0,,,,-0.4,-0.063,2.5,13.26,-0.01,,,
128.63,REGROUND,-36.11,-1.3,-9.58,32.67,-0.01,0,0,,,,-0.41,-0.064,1.8,13.26,-0.01,,,
128.69,REGROUND,-36.16,-1.3,-9.58,32.69,-0.01,0,0,,,,-0.4,-0.063,2.6,13.26,-0.01,,,
128.74,REGROUND,-36.16,-1.3,-9.58,32.7,-0.01,0,0,,,,-0.41,-0.065,1.8,13.26,-0.01,,,
128.79,REGROUND,-36.2,-1.3,-9.58,32.71,-0.01,0,0,,,,-0.4,-0.063,2.4,13.26,-0.01,,,
128.84,REGROUND,-36.2,-1.3,-9.58,32.72,-0.01,0,0,,,,-0.41,-0.065,1.8,13.26,-0.01,,,
128.89,REGROUND,-36.24,-1.3,-9.58,32.74,-0.01,0,0,,,,-0.399,-0.064,2.4,13.26,-0.01,,,
128.94,REGROUND,-36.24,-1.3,-9.58,32.75,-0.01,0,0,,,,-0.409,-0.065,1.7,13.26,-0.01,,,
128.99,REGROUND,-36.28,-1.31,-9.58,32.76,-0.01,0,0,,,,-0.399,-0.064,2.4,13.26,-0.01,,,
129.04,REGROUND,-36.28,-1.31,-9.58,32.77,-0.01,0,0,,,,-0.409,-0.065,1.8,13.26,-0.01,,,
129.09,REGROUND,-36.32,-1.31,-9.58,32.79,-0.01,0,0,,,,-0.399,-0.064,2.3,13.26,-0.01,,,
129.14,REGROUND,-36.32,-1.31,-9.58,32.8,-0.01,0,0,,,,-0.409,-0.066,1.8,13.26,-0.01,,,
129.19,REGROUND,-36.36,-1.31,-9.58,32.81,-0.01,0,0,,,,-0.399,-0.064,2.5,13.26,-0.01,,,
129.24,REGROUND,-36.36,-1.31,-9.58,32.82,-0.01,0,0,,,,-0.409,-0.066,1.9,13.26,-0.01,,,
129.29,REGROUND,-36.4,-1.31,-9.58,32.84,-0.01,0,0,,,,-0.399,-0.064,2.5,13.26,-0.01,,,
129.34,REGROUND,-36.4,-1.31,-9.58,32.85,-0.01,0,0,,,,-0.409,-0.066,1.8,13.26,-0.01,,,
129.39,REGROUND,-36.44,-1.31,-9.58,32.86,-0.01,0,0,,,,-0.399,-0.064,2.3,13.26,-0.01,,,
129.44,REGROUND,-36.44,-1.31,-9.58,32.87,-0.01,0,0,,,,-0.409,-0.066,1.8,13.26,-0.01,,,
129.49,REGROUND,-36.49,-1.31,-9.58,32.89,-0.01,0,0,,,,-0.399,-0.064,2.3,13.26,-0.01,,,
129.54,REGROUND,-36.49,-1.31,-9.58,32.9,-0.01,0,0,,,,-0.409,-0.066,1.8,13.26,-0.01,,,
129.59,REGROUND,-36.53,-1.31,-9.58,32.91,-0.01,0,0,,,,-0.399,-0.064,2.2,13.26,-0.01,,,
129.64,REGROUND,-36.53,-1.31,-9.58,32.92,-0.01,0,0,,,,-0.409,-0.066,1.9,13.26,-0.01,,,
129.69,REGROUND,-36.57,-1.31,-9.58,32.94,-0.01,0,0,,,,-0.399,-0.065,2.5,13.26,-0.01,,,
129.74,REGROUND,-36.57,-1.31,-9.58,32.95,-0.01,0,0,,,,-0.409,-0.066,1.9,13.26,-0.01,,,
129.79,REGROUND,-36.61,-1.32,-9.58,32.96,-0.01,0,0,,,,-0.399,-0.065,2.5,13.26,-0.01,,,
129.84,REGROUND,-36.61,-1.32,-9.58,32.97,-0.01,0,0,,,,-0.409,-0.066,1.9,13.26,-0.01,,,
129.89,REGROUND,-36.65,-1.32,-9.58,32.99,-0.01,0,0,,,,-0.399,-0.065,2.6,13.26,-0.01,,,
129.94,REGROUND,-36.65,-1.32,-9.58,33.0,-0.01,0,0,,,,-0.409,-0.066,1.8,13.26,-0.01,,,
129.99,REGROUND,-36.69,-1.32,-9.58,33.01,-0.01,0,0,,,,-0.399,-0.064,2.5,13.26,-0.01,,,
130.04,REGROUND,-36.69,-1.32,-9.58,33.02,-0.01,0,0,,,,-0.41,-0.066,1.7,13.26,-0.01,,,
130.09,REGROUND,-36.73,-1.32,-9.58,33.04,-0.01,0,0,,,,-0.399,-0.065,2.5,13.26,-0.01,,,
130.14,REGROUND,-36.73,-1.32,-9.58,33.05,-0.01,0,0,,,,-0.41,-0.066,1.7,13.26,-0.01,,,
130.19,REGROUND,-36.77,-1.32,-9.58,33.06,-0.01,0,0,,,,-0.4,-0.064,2.4,13.26,-0.01,,,
130.24,REGROUND,-36.77,-1.32,-9.58,33.07,-0.01,0,0,,,,-0.41,-0.066,1.8,13.26,-0.01,,,
130.29,REGROUND,-36.81,-1.32,-9.58,33.09,-0.01,0,0,,,,-0.399,-0.064,3.9,13.26,-0.01,,,
130.34,REGROUND,-36.81,-1.32,-9.58,33.1,-0.01,0,0,,,,-0.41,-0.066,1.8,13.26,-0.01,,,
130.39,REGROUND,-36.85,-1.32,-9.58,33.11,-0.01,0,0,,,,-0.4,-0.064,2.3,13.26,-0.01,,,
130.44,REGROUND,-36.85,-1.32,-9.58,33.12,-0.01,0,0,,,,-0.41,-0.066,1.9,13.26,-0.01,,,
130.49,REGROUND,-36.89,-1.33,-9.58,33.14,-0.01,0,0,,,,-0.4,-0.064,2.5,13.26,-0.01,,,
130.54,REGROUND,-36.89,-1.33,-9.58,33.15,-0.01,0,0,,,,-0.41,-0.066,1.9,13.26,-0.01,,,
130.59,REGROUND,-36.93,-1.33,-9.58,33.16,-0.01,0,0,,,,-0.4,-0.064,2.5,13.26,-0.01,,,
130.64,REGROUND,-36.93,-1.33,-9.58,33.17,-0.01,0,0,,,,-0.41,-0.065,1.9,13.26,-0.01,,,
130.69,REGROUND,-36.98,-1.33,-9.58,33.19,-0.01,0,0,,,,-0.4,-0.064,2.4,13.26,-0.01,,,
130.74,REGROUND,-36.98,-1.33,-9.58,33.2,-0.01,0,0,,,,-0.41,-0.065,1.8,13.26,-0.01,,,
130.79,REGROUND,-37.02,-1.33,-9.58,33.21,-0.01,0,0,,,,-0.4,-0.063,2.5,13.26,-0.01,,,
130.84,REGROUND,-37.02,-1.33,-9.58,33.22,-0.01,0,0,,,,-0.41,-0.065,1.8,13.26,-0.01,,,
130.89,REGROUND,-37.06,-1.33,-9.58,33.24,-0.01,0,0,,,,-0.4,-0.063,2.4,13.26,-0.01,,,
130.94,REGROUND,-37.06,-1.33,-9.58,33.25,-0.01,0,0,,,,-0.41,-0.065,1.6,13.26,-0.01,,,
130.99,REGROUND,-37.1,-1.33,-9.58,33.26,-0.01,0,0,,,,-0.4,-0.063,2.4,13.26,-0.01,,,
131.04,REGROUND,-37.1,-1.33,-9.58,33.27,-0.01,0,0,,,,-0.41,-0.065,1.8,13.26,-0.01,,,
131.09,REGROUND,-37.14,-1.34,-9.58,33.29,-0.01,0,0,,,,-0.4,-0.063,2.3,13.26,-0.01,,,
131.14,REGROUND,-37.14,-1.34,-9.58,33.3,-0.01,0,0,,,,-0.41,-0.065,1.8,13.26,-0.01,,,
131.19,REGROUND,-37.18,-1.34,-9.58,33.31,-0.01,0,0,,,,-0.4,-0.063,2.3,13.26,-0.01,,,
131.24,REGROUND,-37.18,-1.34,-9.58,33.32,-0.01,0,0,,,,-0.41,-0.064,1.8,13.26,-0.01,,,
131.29,REGROUND,-37.22,-1.34,-9.58,33.34,-0.01,0,0,,,,-0.4,-0.063,2.5,13.26,-0.01,,,
131.34,REGROUND,-37.22,-1.34,-9.58,33.35,-0.01,0,0,,,,-0.41,-0.065,1.9,13.26,-0.01,,,
131.39,REGROUND,-37.26,-1.34,-9.58,33.36,-0.01,0,0,,,,-0.401,-0.063,2.5,13.26,-0.01,,,
131.44,REGROUND,-37.26,-1.34,-9.58,33.37,-0.01,0,0,,,,-0.411,-0.065,1.8,13.26,-0.01,,,
131.49,REGROUND,-37.3,-1.34,-9.58,33.39,-0.01,0,0,,,,-0.401,-0.063,2.6,13.26,-0.01,,,
131.54,REGROUND,-37.3,-1.34,-9.58,33.4,-0.01,0,0,,,,-0.411,-0.065,1.8,13.26,-0.01,,,
131.59,REGROUND,-37.34,-1.34,-9.58,33.41,-0.01,0,0,,,,-0.401,-0.063,2.6,13.26,-0.01,,,
131.64,REGROUND,-37.34,-1.34,-9.58,33.42,-0.01,0,0,,,,-0.411,-0.065,1.8,13.26,-0.01,,,
131.69,REGROUND,-37.38,-1.34,-9.58,33.44,-0.01,0,0,,,,-0.401,-0.063,2.5,13.26,-0.01,,,
131.74,REGROUND,-37.38,-1.34,-9.58,33.45,-0.01,0,0,,,,-0.411,-0.065,1.8,13.26,-0.01,,,
131.79,REGROUND,-37.42,-1.34,-9.58,33.46,-0.01,0,0,,,,-0.401,-0.063,2.4,13.26,-0.01,,,
131.84,REGROUND,-37.42,-1.34,-9.58,33.47,-0.01,0,0,,,,-0.411,-0.065,1.8,13.26,-0.01,,,
131.89,REGROUND,-37.47,-1.35,-9.58,33.49,-0.01,0,0,,,,-0.401,-0.064,2.3,13.26,-0.01,,,
131.94,REGROUND,-37.47,-1.35,-9.58,33.5,-0.01,0,0,,,,-0.411,-0.065,1.8,13.26,-0.01,,,
131.99,REGROUND,-37.51,-1.35,-9.58,33.51,-0.01,0,0,,,,-0.4,-0.063,2.3,13.26,-0.01,,,
132.04,REGROUND,-37.51,-1.35,-9.58,33.52,-0.01,0,0,,,,-0.411,-0.065,1.9,13.26,-0.01,,,
132.09,REGROUND,-37.55,-1.35,-9.58,33.54,-0.01,0,0,,,,-0.4,-0.064,2.5,13.26,-0.01,,,
132.14,REGROUND,-37.55,-1.35,-9.58,33.55,-0.01,0,0,,,,-0.41,-0.065,1.8,13.26,-0.01,,,
132.19,REGROUND,-37.59,-1.35,-9.58,33.56,-0.01,0,0,,,,-0.4,-0.064,2.6,13.26,-0.01,,,
132.24,REGROUND,-37.59,-1.35,-9.58,33.57,-0.01,0,0,,,,-0.41,-0.065,1.8,13.26,-0.01,,,
132.29,REGROUND,-37.63,-1.35,-9.58,33.59,-0.01,0,0,,,,-0.4,-0.064,2.5,13.26,-0.01,,,
132.34,REGROUND,-37.63,-1.35,-9.58,33.6,-0.01,0,0,,,,-0.41,-0.066,1.8,13.26,-0.01,,,
132.39,REGROUND,-37.67,-1.35,-9.58,33.61,-0.01,0,0,,,,-0.4,-0.064,2.2,13.26,-0.01,,,
132.44,REGROUND,-37.67,-1.35,-9.58,33.62,-0.01,0,0,,,,-0.41,-0.065,3.4,13.26,-0.01,,,
132.49,REGROUND,-37.71,-1.35,-9.58,33.64,-0.01,0,0,,,,-0.4,-0.064,2.5,13.26,-0.01,,,
132.54,REGROUND,-37.71,-1.35,-9.58,33.65,-0.01,0,0,,,,-0.41,-0.066,1.8,13.26,-0.01,,,
132.59,REGROUND,-37.75,-1.35,-9.58,33.66,-0.01,0,0,,,,-0.399,-0.064,2.4,13.26,-0.01,,,
132.64,REGROUND,-37.75,-1.35,-9.58,33.67,-0.01,0,0,,,,-0.41,-0.065,1.9,13.26,-0.01,,,
132.69,REGROUND,-37.8,-1.35,-9.58,33.69,-0.01,0,0,,,,-0.399,-0.064,2.4,13.26,-0.01,,,
132.74,REGROUND,-37.8,-1.35,-9.58,33.7,-0.01,0,0,,,,-0.41,-0.066,1.8,13.26,-0.01,,,
132.79,REGROUND,-37.84,-1.36,-9.58,33.71,-0.01,0,0,,,,-0.4,-0.064,2.4,13.26,-0.01,,,
132.84,REGROUND,-37.84,-1.36,-9.58,33.72,-0.01,0,0,,,,-0.41,-0.066,1.7,13.26,-0.01,,,
132.89,REGROUND,-37.88,-1.36,-9.58,33.74,-0.01,0,0,,,,-0.399,-0.064,2.4,13.26,-0.01,,,
132.94,REGROUND,-37.88,-1.36,-9.58,33.75,-0.01,0,0,,,,-0.41,-0.066,2.0,13.26,-0.01,,,
132.99,REGROUND,-37.92,-1.36,-9.58,33.76,-0.01,0,0,,,,-0.4,-0.064,2.5,13.26,-0.01,,,
133.04,REGROUND,-37.92,-1.36,-9.58,33.77,-0.01,0,0,,,,-0.41,-0.065,1.7,13.26,-0.01,,,
133.09,REGROUND,-37.96,-1.36,-9.58,33.79,-0.01,0,0,,,,-0.399,-0.064,2.4,13.26,-0.01,,,
133.14,REGROUND,-37.96,-1.36,-9.58,33.8,-0.01,0,0,,,,-0.409,-0.065,1.7,13.26,-0.01,,,
133.19,REGROUND,-38.0,-1.36,-9.58,33.81,-0.01,0,0,,,,-0.399,-0.064,2.6,13.26,-0.01,,,
133.24,REGROUND,-38.0,-1.36,-9.58,33.82,-0.01,0,0,,,,-0.409,-0.065,1.8,13.26,-0.01,,,
133.29,REGROUND,-38.04,-1.36,-9.58,33.84,-0.01,0,0,,,,-0.399,-0.064,2.3,13.26,-0.01,,,
133.34,REGROUND,-38.04,-1.36,-9.58,33.85,-0.01,0,0,,,,-0.409,-0.065,1.8,13.26,-0.01,,,
133.39,REGROUND,-38.08,-1.36,-9.58,33.86,-0.01,0,0,,,,-0.399,-0.064,2.3,13.26,-0.01,,,
133.44,REGROUND,-38.08,-1.36,-9.58,33.87,-0.01,0,0,,,,-0.41,-0.065,1.7,13.26,-0.01,,,
133.49,REGROUND,-38.12,-1.37,-9.58,33.89,-0.01,0,0,,,,-0.399,-0.064,2.5,13.26,-0.01,,,
133.54,REGROUND,-38.12,-1.37,-9.58,33.9,-0.01,0,0,,,,-0.409,-0.065,1.7,13.26,-0.01,,,
133.59,REGROUND,-38.16,-1.37,-9.58,33.91,-0.01,0,0,,,,-0.399,-0.063,2.5,13.26,-0.01,,,
133.64,REGROUND,-38.16,-1.37,-9.58,33.92,-0.01,0,0,,,,-0.41,-0.065,1.8,13.26,-0.01,,,
133.69,REGROUND,-38.21,-1.37,-9.58,33.94,-0.01,0,0,,,,-0.399,-0.063,2.6,13.26,-0.01,,,
133.74,REGROUND,-38.21,-1.37,-9.58,33.95,-0.01,0,0,,,,-0.41,-0.065,1.6,13.26,-0.01,,,
133.79,REGROUND,-38.25,-1.37,-9.58,33.96,-0.01,0,0,,,,-0.4,-0.063,2.5,13.26,-0.01,,,
133.84,REGROUND,-38.25,-1.37,-9.58,33.97,-0.01,0,0,,,,-0.41,-0.065,1.7,13.26,-0.01,,,
133.89,REGROUND,-38.29,-1.37,-9.58,33.99,-0.01,0,0,,,,-0.399,-0.063,2.5,13.26,-0.01,,,
133.94,REGROUND,-38.29,-1.37,-9.58,34.0,-0.01,0,0,,,,-0.41,-0.065,1.6,13.26,-0.01,,,
133.99,REGROUND,-38.33,-1.37,-9.58,34.01,-0.01,0,0,,,,-0.4,-0.063,2.3,13.26,-0.01,,,
134.04,REGROUND,-38.33,-1.37,-9.58,34.02,-0.01,0,0,,,,-0.41,-0.064,1.5,13.26,-0.01,,,
134.09,REGROUND,-38.37,-1.38,-9.58,34.04,-0.01,0,0,,,,-0.399,-0.063,2.4,13.26,-0.01,,,
134.14,REGROUND,-38.37,-1.38,-9.58,34.05,-0.01,0,0,,,,-0.41,-0.064,1.8,13.26,-0.01,,,
134.19,REGROUND,-38.41,-1.38,-9.58,34.06,-0.01,0,0,,,,-0.399,-0.062,2.5,13.26,-0.01,,,
134.24,REGROUND,-38.41,-1.38,-9.58,34.07,-0.01,0,0,,,,-0.41,-0.064,1.9,13.26,-0.01,,,
134.29,REGROUND,-38.45,-1.38,-9.58,34.09,-0.01,0,0,,,,-0.399,-0.062,2.3,13.26,-0.01,,,
134.34,REGROUND,-38.45,-1.38,-9.58,34.1,-0.01,0,0,,,,-0.409,-0.064,1.8,13.26,-0.01,,,
134.39,REGROUND,-38.49,-1.38,-9.58,34.11,-0.01,0,0,,,,-0.399,-0.062,2.6,13.26,-0.01,,,
134.44,REGROUND,-38.49,-1.38,-9.58,34.12,-0.01,0,0,,,,-0.409,-0.064,1.9,13.26,-0.01,,,
134.49,REGROUND,-38.53,-1.38,-9.58,34.14,-0.01,0,0,,,,-0.399,-0.062,2.5,13.26,-0.01,,,
134.54,REGROUND,-38.53,-1.38,-9.58,34.15,-0.01,0,0,,,,-0.409,-0.064,1.8,13.26,-0.01,,,
134.59,REGROUND,-38.58,-1.38,-9.58,34.16,-0.01,0,0,,,,-0.399,-0.062,4.0,13.26,-0.01,,,
134.64,REGROUND,-38.58,-1.38,-9.58,34.18,-0.01,0,0,,,,-0.409,-0.064,1.9,13.26,-0.01,,,
134.69,REGROUND,-38.62,-1.38,-9.58,34.19,-0.01,0,0,,,,-0.399,-0.063,2.5,13.26,-0.01,,,
134.74,REGROUND,-38.62,-1.38,-9.58,34.2,-0.01,0,0,,,,-0.409,-0.064,1.8,13.26,-0.01,,,
134.79,REGROUND,-38.66,-1.38,-9.58,34.21,-0.01,0,0,,,,-0.399,-0.063,2.4,13.26,-0.01,,,
134.84,REGROUND,-38.66,-1.38,-9.58,34.23,-0.01,0,0,,,,-0.409,-0.064,2.1,13.26,-0.01,,,
134.89,REGROUND,-38.7,-1.39,-9.58,34.24,-0.01,0,0,,,,-0.399,-0.063,2.4,13.26,-0.01,,,
134.94,REGROUND,-38.7,-1.39,-9.58,34.25,-0.01,0,0,,,,-0.409,-0.065,1.7,13.26,-0.01,,,
134.99,REGROUND,-38.74,-1.39,-9.58,34.26,-0.01,0,0,,,,-0.399,-0.063,2.5,13.26,-0.01,,,
135.04,REGROUND,-38.78,-1.39,-9.58,34.28,-0.01,0,0,,,,-0.388,-0.062,2.4,13.26,-0.01,,,
135.09,REGROUND,-38.78,-1.39,-9.58,34.29,-0.01,0,0,,,,-0.399,-0.064,2.0,13.26,-0.01,,,
135.14,REGROUND,-38.82,-1.39,-9.58,34.3,-0.01,0,0,,,,-0.388,-0.062,2.4,13.26,-0.01,,,
135.19,REGROUND,-38.82,-1.39,-9.58,34.31,-0.01,0,0,,,,-0.398,-0.064,1.8,13.26,-0.01,,,
135.24,REGROUND,-38.86,-1.39,-9.58,34.33,-0.01,0,0,,,,-0.388,-0.062,2.3,13.26,-0.01,,,
135.29,REGROUND,-38.86,-1.39,-9.58,34.34,-0.01,0,0,,,,-0.398,-0.064,1.9,13.26,-0.01,,,
135.34,REGROUND,-38.86,-1.39,-9.58,34.35,-0.01,0,0,,,,-0.409,-0.066,1.7,13.26,-0.01,,,
135.39,REGROUND,-38.9,-1.39,-9.58,34.36,-0.01,0,0,,,,-0.399,-0.064,2.4,13.26,-0.01,,,
135.44,REGROUND,-38.9,-1.39,-9.58,34.38,-0.01,0,0,,,,-0.409,-0.066,1.8,13.26,-0.01,,,
135.49,REGROUND,-38.94,-1.39,-9.58,34.39,-0.01,0,0,,,,-0.399,-0.064,2.4,13.26,-0.01,,,
135.54,REGROUND,-38.94,-1.39,-9.58,34.4,-0.01,0,0,,,,-0.409,-0.066,1.8,13.26,-0.01,,,
135.59,REGROUND,-38.98,-1.39,-9.58,34.41,-0.01,0,0,,,,-0.399,-0.065,2.3,13.26,-0.01,,,
135.64,REGROUND,-38.98,-1.39,-9.58,34.43,-0.01,0,0,,,,-0.41,-0.066,2.0,13.26,-0.01,,,
135.69,REGROUND,-39.02,-1.39,-9.58,34.44,-0.01,0,0,,,,-0.4,-0.065,2.6,13.26,-0.01,,,
135.74,REGROUND,-39.02,-1.39,-9.58,34.45,-0.01,0,0,,,,-0.41,-0.066,1.9,13.26,-0.01,,,
135.8,REGROUND,-39.06,-1.39,-9.58,34.46,-0.01,0,0,,,,-0.4,-0.065,2.5,13.26,-0.01,,,
135.85,REGROUND,-39.1,-1.39,-9.58,34.48,-0.01,0,0,,,,-0.39,-0.063,2.4,13.26,-0.01,,,
135.9,REGROUND,-39.1,-1.39,-9.58,34.49,-0.01,0,0,,,,-0.4,-0.065,2.8,13.26,-0.01,,,
135.95,REGROUND,-39.15,-1.4,-9.58,34.5,-0.01,0,0,,,,-0.39,-0.063,2.4,13.26,-0.01,,,
136.0,REGROUND,-39.15,-1.4,-9.58,34.51,-0.01,0,0,,,,-0.4,-0.065,1.8,13.26,-0.01,,,
136.05,REGROUND,-39.19,-1.4,-9.58,34.53,-0.01,0,0,,,,-0.39,-0.063,2.4,13.26,-0.01,,,
136.1,REGROUND,-39.19,-1.4,-9.58,34.54,-0.01,0,0,,,,-0.401,-0.065,1.8,13.26,-0.01,,,
136.15,REGROUND,-39.19,-1.4,-9.58,34.55,-0.01,0,0,,,,-0.411,-0.067,1.8,13.26,-0.01,,,
136.2,REGROUND,-39.23,-1.4,-9.58,34.56,-0.01,0,0,,,,-0.401,-0.065,2.4,13.26,-0.01,,,
136.25,REGROUND,-39.23,-1.4,-9.58,34.58,-0.01,0,0,,,,-0.411,-0.067,2.0,13.26,-0.01,,,
136.3,REGROUND,-39.27,-1.4,-9.58,34.59,-0.01,0,0,,,,-0.401,-0.065,2.3,13.26,-0.01,,,
136.35,REGROUND,-39.27,-1.4,-9.58,34.6,-0.01,0,0,,,,-0.411,-0.067,1.9,13.26,-0.01,,,
136.4,REGROUND,-39.31,-1.4,-9.58,34.61,-0.01,0,0,,,,-0.402,-0.065,2.5,13.26,-0.01,,,
136.45,REGROUND,-39.35,-1.4,-9.58,34.63,-0.01,0,0,,,,-0.392,-0.063,2.3,13.26,-0.01,,,
136.5,REGROUND,-39.35,-1.4,-9.58,34.64,-0.01,0,0,,,,-0.402,-0.065,1.8,13.26,-0.01,,,
136.55,REGROUND,-39.39,-1.4,-9.58,34.65,-0.01,0,0,,,,-0.392,-0.063,2.3,13.26,-0.01,,,
136.6,REGROUND,-39.39,-1.4,-9.58,34.66,-0.01,0,0,,,,-0.402,-0.065,1.8,13.26,-0.01,,,
136.65,REGROUND,-39.43,-1.41,-9.58,34.68,-0.01,0,0,,,,-0.392,-0.063,2.4,13.26,-0.01,,,
136.7,REGROUND,-39.43,-1.41,-9.58,34.69,-0.01,0,0,,,,-0.402,-0.065,1.8,13.26,-0.01,,,
136.75,REGROUND,-39.47,-1.41,-9.58,34.7,-0.01,0,0,,,,-0.393,-0.063,2.3,13.26,-0.01,,,
136.8,REGROUND,-39.47,-1.41,-9.58,34.71,-0.01,0,0,,,,-0.403,-0.065,3.3,13.26,-0.01,,,
136.85,REGROUND,-39.51,-1.41,-9.58,34.73,-0.01,0,0,,,,-0.393,-0.063,2.4,13.26,-0.01,,,
136.9,REGROUND,-39.51,-1.41,-9.58,34.74,-0.01,0,0,,,,-0.403,-0.065,1.8,13.26,-0.01,,,
136.95,REGROUND,-39.55,-1.41,-9.58,34.75,-0.01,0,0,,,,-0.394,-0.063,2.4,13.26,-0.01,,,
137.0,REGROUND,-39.55,-1.41,-9.58,34.76,-0.01,0,0,,,,-0.404,-0.065,1.8,13.26,-0.01,,,
137.05,REGROUND,-39.55,-1.41,-9.58,34.78,-0.01,0,0,,,,-0.414,-0.066,1.9,13.26,-0.01,,,
137.1,REGROUND,-39.59,-1.41,-9.58,34.79,-0.01,0,0,,,,-0.404,-0.065,2.3,13.26,-0.01,,,
137.15,REGROUND,-39.59,-1.41,-9.58,34.8,-0.01,0,0,,,,-0.414,-0.066,2.0,13.26,-0.01,,,
137.2,REGROUND,-39.63,-1.41,-9.58,34.81,-0.01,0,0,,,,-0.404,-0.065,2.5,13.26,-0.01,,,
137.25,REGROUND,-39.63,-1.41,-9.58,34.83,-0.01,0,0,,,,-0.414,-0.066,1.8,13.26,-0.01,,,
137.3,REGROUND,-39.67,-1.42,-9.58,34.84,-0.01,0,0,,,,-0.405,-0.065,2.5,13.26,-0.01,,,
137.35,REGROUND,-39.71,-1.42,-9.58,34.85,-0.01,0,0,,,,-0.395,-0.063,2.5,13.26,-0.01,,,
137.4,REGROUND,-39.71,-1.42,-9.58,34.86,-0.01,0,0,,,,-0.405,-0.064,1.8,13.26,-0.01,,,
137.45,REGROUND,-39.75,-1.42,-9.58,34.88,-0.01,0,0,,,,-0.395,-0.062,2.5,13.26,-0.01,,,
137.5,REGROUND,-39.75,-1.42,-9.58,34.89,-0.01,0,0,,,,-0.405,-0.064,1.7,13.26,-0.01,,,
137.55,REGROUND,-39.79,-1.42,-9.58,34.9,-0.01,0,0,,,,-0.395,-0.062,2.4,13.26,-0.01,,,
137.6,REGROUND,-39.79,-1.42,-9.58,34.91,-0.01,0,0,,,,-0.405,-0.064,1.8,13.26,-0.01,,,
137.65,REGROUND,-39.83,-1.42,-9.58,34.93,-0.01,0,0,,,,-0.395,-0.062,2.3,13.26,-0.01,,,
137.7,REGROUND,-39.83,-1.42,-9.58,34.94,-0.01,0,0,,,,-0.405,-0.064,1.8,13.26,-0.01,,,
137.75,REGROUND,-39.87,-1.42,-9.58,34.95,-0.01,0,0,,,,-0.395,-0.062,2.3,13.26,-0.01,,,
137.8,REGROUND,-39.87,-1.42,-9.58,34.96,-0.01,0,0,,,,-0.405,-0.063,1.7,13.26,-0.01,,,
137.85,REGROUND,-39.87,-1.42,-9.58,34.98,-0.01,0,0,,,,-0.416,-0.065,1.8,13.26,-0.01,,,
137.9,REGROUND,-39.91,-1.43,-9.58,34.99,-0.01,0,0,,,,-0.405,-0.063,2.3,13.26,-0.01,,,
137.95,REGROUND,-39.96,-1.43,-9.58,35.0,-0.01,0,0,,,,-0.395,-0.062,2.3,13.26,-0.01,,,
138.0,REGROUND,-39.96,-1.43,-9.58,35.01,-0.01,0,0,,,,-0.405,-0.063,1.8,13.26,-0.01,,,
138.05,REGROUND,-40.0,-1.43,-9.58,35.03,-0.01,0,0,,,,-0.395,-0.062,2.4,13.26,-0.01,,,
138.1,REGROUND,-40.0,-1.43,-9.58,35.04,-0.01,0,0,,,,-0.405,-0.063,1.8,13.26,-0.01,,,
138.15,REGROUND,-40.04,-1.43,-9.58,35.05,-0.01,0,0,,,,-0.395,-0.062,2.4,13.26,-0.01,,,
138.2,REGROUND,-40.04,-1.43,-9.58,35.06,-0.01,0,0,,,,-0.405,-0.063,1.9,13.26,-0.01,,,
138.25,REGROUND,-40.08,-1.43,-9.58,35.08,-0.01,0,0,,,,-0.395,-0.062,2.5,13.26,-0.01,,,
138.3,REGROUND,-40.08,-1.43,-9.58,35.09,-0.01,0,0,,,,-0.405,-0.064,1.8,13.26,-0.01,,,
138.35,REGROUND,-40.12,-1.43,-9.58,35.1,-0.01,0,0,,,,-0.395,-0.062,2.4,13.26,-0.01,,,
138.4,REGROUND,-40.12,-1.43,-9.58,35.11,-0.01,0,0,,,,-0.406,-0.064,1.8,13.26,-0.01,,,
138.45,REGROUND,-40.16,-1.43,-9.58,35.13,-0.01,0,0,,,,-0.395,-0.063,2.6,13.26,-0.01,,,
138.5,REGROUND,-40.16,-1.43,-9.58,35.14,-0.01,0,0,,,,-0.405,-0.064,1.8,13.26,-0.01,,,
138.55,REGROUND,-40.2,-1.43,-9.58,35.15,-0.01,0,0,,,,-0.395,-0.063,2.6,13.26,-0.01,,,
138.6,REGROUND,-40.2,-1.43,-9.58,35.16,-0.01,0,0,,,,-0.405,-0.064,1.9,13.26,-0.01,,,
138.65,REGROUND,-40.24,-1.43,-9.58,35.18,-0.01,0,0,,,,-0.395,-0.063,2.6,13.26,-0.01,,,
138.7,REGROUND,-40.24,-1.43,-9.58,35.19,-0.01,0,0,,,,-0.405,-0.064,1.9,13.26,-0.01,,,
138.75,REGROUND,-40.28,-1.44,-9.58,35.2,-0.01,0,0,,,,-0.396,-0.063,2.5,13.26,-0.01,,,
138.8,REGROUND,-40.28,-1.44,-9.58,35.21,-0.01,0,0,,,,-0.406,-0.065,1.8,13.26,-0.01,,,
138.85,REGROUND,-40.32,-1.44,-9.58,35.23,-0.01,0,0,,,,-0.396,-0.063,2.5,13.26,-0.01,,,
138.9,REGROUND,-40.32,-1.44,-9.58,35.24,-0.01,0,0,,,,-0.406,-0.065,2.1,13.26,-0.01,,,
138.95,REGROUND,-40.36,-1.44,-9.58,35.25,-0.01,0,0,,,,-0.396,-0.063,4.0,13.26,-0.01,,,
139.0,REGROUND,-40.36,-1.44,-9.58,35.26,-0.01,0,0,,,,-0.406,-0.065,1.8,13.26,-0.01,,,
139.05,REGROUND,-40.4,-1.44,-9.58,35.28,-0.01,0,0,,,,-0.396,-0.063,2.4,13.26,-0.01,,,
139.1,REGROUND,-40.4,-1.44,-9.58,35.29,-0.01,0,0,,,,-0.406,-0.065,1.8,13.26,-0.01,,,
139.15,REGROUND,-40.44,-1.44,-9.58,35.3,-0.01,0,0,,,,-0.396,-0.063,2.3,13.26,-0.01,,,
139.2,REGROUND,-40.44,-1.44,-9.58,35.31,-0.01,0,0,,,,-0.406,-0.065,1.9,13.26,-0.01,,,
139.25,REGROUND,-40.49,-1.44,-9.58,35.33,-0.01,0,0,,,,-0.396,-0.063,2.5,13.26,-0.01,,,
139.3,REGROUND,-40.49,-1.44,-9.58,35.34,-0.01,0,0,,,,-0.406,-0.065,1.9,13.26,-0.01,,,
139.35,REGROUND,-40.53,-1.44,-9.58,35.35,-0.01,0,0,,,,-0.396,-0.063,2.4,13.26,-0.01,,,
139.4,REGROUND,-40.53,-1.44,-9.58,35.36,-0.01,0,0,,,,-0.406,-0.065,1.8,13.26,-0.01,,,
139.45,REGROUND,-40.57,-1.44,-9.58,35.38,-0.01,0,0,,,,-0.396,-0.063,2.6,13.26,-0.01,,,
139.5,REGROUND,-40.57,-1.44,-9.58,35.39,-0.01,0,0,,,,-0.407,-0.065,1.8,13.26,-0.01,,,
139.55,REGROUND,-40.61,-1.45,-9.58,35.4,-0.01,0,0,,,,-0.397,-0.063,2.4,13.26,-0.01,,,
139.6,REGROUND,-40.61,-1.45,-9.58,35.41,-0.01,0,0,,,,-0.407,-0.065,1.7,13.26,-0.01,,,
139.65,REGROUND,-40.65,-1.45,-9.58,35.43,-0.01,0,0,,,,-0.397,-0.063,2.3,13.26,-0.01,,,
139.7,REGROUND,-40.65,-1.45,-9.58,35.44,-0.01,0,0,,,,-0.407,-0.065,1.8,13.26,-0.01,,,
139.75,REGROUND,-40.69,-1.45,-9.58,35.45,-0.01,0,0,,,,-0.397,-0.063,2.4,13.26,-0.01,,,
139.8,REGROUND,-40.69,-1.45,-9.58,35.46,-0.01,0,0,,,,-0.407,-0.065,1.8,13.26,-0.01,,,
139.85,REGROUND,-40.73,-1.45,-9.58,35.48,-0.01,0,0,,,,-0.397,-0.064,2.3,13.26,-0.01,,,
139.9,REGROUND,-40.73,-1.45,-9.58,35.49,-0.01,0,0,,,,-0.407,-0.065,1.8,13.26,-0.01,,,
139.95,REGROUND,-40.77,-1.45,-9.58,35.5,-0.01,0,0,,,,-0.398,-0.064,2.3,13.26,-0.01,,,
140.0,REGROUND,-40.77,-1.45,-9.58,35.51,-0.01,0,0,,,,-0.408,-0.065,1.8,13.26,-0.01,,,
140.05,REGROUND,-40.81,-1.45,-9.58,35.53,-0.01,0,0,,,,-0.398,-0.064,2.5,13.26,-0.01,,,
140.1,REGROUND,-40.81,-1.45,-9.58,35.54,-0.01,0,0,,,,-0.408,-0.065,1.9,13.26,-0.01,,,
140.15,REGROUND,-40.85,-1.45,-9.58,35.55,-0.01,0,0,,,,-0.398,-0.063,2.6,13.26,-0.01,,,
140.2,REGROUND,-40.85,-1.45,-9.58,35.56,-0.01,0,0,,,,-0.408,-0.065,1.8,13.26,-0.01,,,
140.25,REGROUND,-40.89,-1.46,-9.58,35.58,-0.01,0,0,,,,-0.398,-0.063,2.5,13.26,-0.01,,,
140.3,REGROUND,-40.89,-1.46,-9.58,35.59,-0.01,0,0,,,,-0.408,-0.065,1.7,13.26,-0.01,,,
140.35,REGROUND,-40.93,-1.46,-9.58,35.6,-0.01,0,0,,,,-0.399,-0.063,2.5,13.26,-0.01,,,
140.4,REGROUND,-40.93,-1.46,-9.58,35.61,-0.01,0,0,,,,-0.409,-0.065,1.6,13.26,-0.01,,,
140.45,REGROUND,-40.97,-1.46,-9.58,35.63,-0.01,0,0,,,,-0.399,-0.063,2.3,13.26,-0.01,,,
140.5,REGROUND,-40.97,-1.46,-9.58,35.64,-0.01,0,0,,,,-0.409,-0.065,1.8,13.26,-0.01,,,
140.55,REGROUND,-41.01,-1.46,-9.58,35.65,-0.01,0,0,,,,-0.399,-0.063,2.3,13.26,-0.01,,,
140.6,REGROUND,-41.01,-1.46,-9.58,35.66,-0.01,0,0,,,,-0.409,-0.065,2.0,13.26,-0.01,,,
140.65,REGROUND,-41.05,-1.46,-9.58,35.68,-0.01,0,0,,,,-0.399,-0.063,2.5,13.26,-0.01,,,
140.7,REGROUND,-41.05,-1.46,-9.58,35.69,-0.01,0,0,,,,-0.409,-0.064,1.9,13.26,-0.01,,,
140.75,REGROUND,-41.09,-1.46,-9.58,35.7,-0.01,0,0,,,,-0.399,-0.063,2.5,13.26,-0.01,,,
140.8,REGROUND,-41.09,-1.46,-9.58,35.71,-0.01,0,0,,,,-0.409,-0.064,1.8,13.26,-0.01,,,
140.85,REGROUND,-41.13,-1.46,-9.58,35.73,-0.01,0,0,,,,-0.399,-0.063,2.5,13.26,-0.01,,,
140.9,REGROUND,-41.13,-1.46,-9.58,35.74,-0.01,0,0,,,,-0.41,-0.064,2.1,13.26,-0.01,,,
140.95,REGROUND,-41.18,-1.47,-9.58,35.75,-0.01,0,0,,,,-0.4,-0.062,2.9,13.26,-0.01,,,
141.0,REGROUND,-41.18,-1.47,-9.58,35.76,-0.01,0,0,,,,-0.41,-0.064,1.8,13.26,-0.01,,,
141.05,REGROUND,-41.22,-1.47,-9.58,35.78,-0.01,0,0,,,,-0.4,-0.063,2.8,13.26,-0.01,,,
141.1,REGROUND,-41.22,-1.47,-9.58,35.79,-0.01,0,0,,,,-0.41,-0.064,1.7,13.26,-0.01,,,
141.15,REGROUND,-41.26,-1.47,-9.58,35.8,-0.01,0,0,,,,-0.4,-0.062,4.2,13.26,-0.01,,,
141.2,REGROUND,-41.26,-1.47,-9.58,35.81,-0.01,0,0,,,,-0.41,-0.064,1.8,13.26,-0.01,,,
141.25,REGROUND,-41.3,-1.47,-9.58,35.83,-0.01,0,0,,,,-0.4,-0.063,2.4,13.26,-0.01,,,
141.3,REGROUND,-41.3,-1.47,-9.58,35.84,-0.01,0,0,,,,-0.41,-0.064,1.8,13.26,-0.01,,,
141.35,REGROUND,-41.34,-1.47,-9.58,35.85,-0.01,0,0,,,,-0.4,-0.063,2.3,13.26,-0.01,,,
141.4,REGROUND,-41.34,-1.47,-9.58,35.86,-0.01,0,0,,,,-0.41,-0.064,1.8,13.26,-0.01,,,
141.45,REGROUND,-41.38,-1.47,-9.58,35.88,-0.01,0,0,,,,-0.4,-0.063,2.5,13.26,-0.01,,,
141.5,REGROUND,-41.38,-1.47,-9.58,35.89,-0.01,0,0,,,,-0.41,-0.064,1.9,13.26,-0.01,,,
141.55,REGROUND,-41.42,-1.47,-9.58,35.9,-0.01,0,0,,,,-0.4,-0.063,2.4,13.26,-0.01,,,
141.6,REGROUND,-41.42,-1.47,-9.58,35.91,-0.01,0,0,,,,-0.41,-0.065,1.8,13.26,-0.01,,,
141.65,REGROUND,-41.46,-1.47,-9.58,35.93,-0.01,0,0,,,,-0.4,-0.063,2.6,13.26,-0.01,,,
141.7,REGROUND,-41.46,-1.47,-9.58,35.94,-0.01,0,0,,,,-0.41,-0.065,1.8,13.26,-0.01,,,
141.75,REGROUND,-41.5,-1.48,-9.58,35.95,-0.01,0,0,,,,-0.4,-0.063,2.4,13.26,-0.01,,,
141.8,REGROUND,-41.5,-1.48,-9.58,35.97,-0.01,0,0,,,,-0.41,-0.065,1.8,13.26,-0.01,,,
141.85,REGROUND,-41.54,-1.48,-9.58,35.98,-0.01,0,0,,,,-0.4,-0.064,2.4,13.26,-0.01,,,
141.9,REGROUND,-41.54,-1.48,-9.58,35.99,-0.01,0,0,,,,-0.41,-0.065,1.5,13.26,-0.01,,,
141.95,REGROUND,-41.58,-1.48,-9.58,36.0,-0.01,0,0,,,,-0.4,-0.064,2.4,13.26,-0.01,,,
142.0,REGROUND,-41.58,-1.48,-9.58,36.02,-0.01,0,0,,,,-0.41,-0.066,1.8,13.26,-0.01,,,
142.05,REGROUND,-41.63,-1.48,-9.58,36.03,-0.01,0,0,,,,-0.399,-0.064,2.3,13.26,-0.01,,,
142.1,REGROUND,-41.63,-1.48,-9.58,36.04,-0.01,0,0,,,,-0.41,-0.066,1.8,13.26,-0.01,,,
142.15,REGROUND,-41.67,-1.48,-9.58,36.05,-0.01,0,0,,,,-0.4,-0.065,2.5,13.26,-0.01,,,
142.2,REGROUND,-41.67,-1.48,-9.58,36.07,-0.01,0,0,,,,-0.41,-0.066,1.9,13.26,-0.01,,,
142.25,REGROUND,-41.71,-1.48,-9.58,36.08,-0.01,0,0,,,,-0.399,-0.065,2.5,13.26,-0.01,,,
142.3,REGROUND,-41.71,-1.48,-9.58,36.09,-0.01,0,0,,,,-0.41,-0.066,1.8,13.26,-0.01,,,
142.35,REGROUND,-41.75,-1.48,-9.58,36.1,-0.01,0,0,,,,-0.399,-0.065,2.5,13.26,-0.01,,,
142.4,REGROUND,-41.75,-1.48,-9.58,36.12,-0.01,0,0,,,,-0.41,-0.067,1.8,13.26,-0.01,,,
142.45,REGROUND,-41.79,-1.48,-9.58,36.13,-0.01,0,0,,,,-0.399,-0.065,2.5,13.26,-0.01,,,
142.5,REGROUND,-41.79,-1.48,-9.58,36.14,-0.01,0,0,,,,-0.409,-0.067,1.8,13.26,-0.01,,,
142.55,REGROUND,-41.83,-1.48,-9.58,36.15,-0.01,0,0,,,,-0.399,-0.065,2.4,13.26,-0.01,,,
142.6,REGROUND,-41.83,-1.48,-9.58,36.17,-0.01,0,0,,,,-0.409,-0.067,1.7,13.26,-0.01,,,
142.65,REGROUND,-41.87,-1.48,-9.58,36.18,-0.01,0,0,,,,-0.399,-0.065,2.4,13.26,-0.01,,,
142.7,REGROUND,-41.87,-1.48,-9.58,36.19,-0.01,0,0,,,,-0.409,-0.067,1.8,13.26,-0.01,,,
142.75,REGROUND,-41.91,-1.48,-9.58,36.2,-0.01,0,0,,,,-0.399,-0.065,2.3,13.26,-0.01,,,
142.8,REGROUND,-41.91,-1.48,-9.58,36.22,-0.01,0,0,,,,-0.409,-0.067,1.8,13.26,-0.01,,,
142.85,REGROUND,-41.95,-1.49,-9.58,36.23,-0.01,0,0,,,,-0.399,-0.065,2.4,13.26,-0.01,,,
142.91,REGROUND,-41.95,-1.49,-9.58,36.24,-0.01,0,0,,,,-0.409,-0.067,1.8,13.26,-0.01,,,
142.96,REGROUND,-42.0,-1.49,-9.58,36.25,-0.01,0,0,,,,-0.399,-0.065,2.5,13.26,-0.01,,,
143.01,REGROUND,-42.0,-1.49,-9.58,36.27,-0.01,0,0,,,,-0.409,-0.067,1.8,13.26,-0.01,,,
143.06,REGROUND,-42.04,-1.49,-9.58,36.28,-0.01,0,0,,,,-0.399,-0.065,2.6,13.26,-0.01,,,
143.11,REGROUND,-42.04,-1.49,-9.58,36.29,-0.01,0,0,,,,-0.409,-0.067,1.8,13.26,-0.01,,,
143.16,REGROUND,-42.08,-1.49,-9.58,36.3,-0.01,0,0,,,,-0.399,-0.065,2.5,13.26,-0.01,,,
143.21,REGROUND,-42.08,-1.49,-9.58,36.32,-0.01,0,0,,,,-0.41,-0.066,1.8,13.26,-0.01,,,
143.26,REGROUND,-42.12,-1.49,-9.58,36.33,-0.01,0,0,,,,-0.399,-0.065,2.6,13.26,-0.01,,,
143.31,REGROUND,-42.12,-1.49,-9.58,36.34,-0.01,0,0,,,,-0.41,-0.066,3.7,13.26,-0.01,,,
143.36,REGROUND,-42.16,-1.49,-9.58,36.35,-0.01,0,0,,,,-0.4,-0.065,2.4,13.26,-0.01,,,
143.41,REGROUND,-42.16,-1.49,-9.58,36.37,-0.01,0,0,,,,-0.41,-0.066,1.8,13.26,-0.01,,,
143.46,REGROUND,-42.2,-1.5,-9.58,36.38,-0.01,0,0,,,,-0.4,-0.064,2.3,13.26,-0.01,,,
143.51,REGROUND,-42.2,-1.5,-9.58,36.39,-0.01,0,0,,,,-0.41,-0.066,1.8,13.26,-0.01,,,
143.56,REGROUND,-42.24,-1.5,-9.58,36.4,-0.01,0,0,,,,-0.4,-0.064,2.5,13.26,-0.01,,,
143.61,REGROUND,-42.24,-1.5,-9.58,36.42,-0.01,0,0,,,,-0.41,-0.066,1.8,13.26,-0.01,,,
143.66,REGROUND,-42.28,-1.5,-9.58,36.43,-0.01,0,0,,,,-0.4,-0.064,2.5,13.26,-0.01,,,
143.71,REGROUND,-42.28,-1.5,-9.58,36.44,-0.01,0,0,,,,-0.41,-0.066,1.8,13.26,-0.01,,,
143.76,REGROUND,-42.32,-1.5,-9.58,36.45,-0.01,0,0,,,,-0.4,-0.064,2.6,13.26,-0.01,,,
143.81,REGROUND,-42.32,-1.5,-9.58,36.47,-0.01,0,0,,,,-0.41,-0.065,1.8,13.26,-0.01,,,
143.86,REGROUND,-42.36,-1.5,-9.58,36.48,-0.01,0,0,,,,-0.4,-0.064,2.5,13.26,-0.01,,,
143.91,REGROUND,-42.36,-1.5,-9.58,36.49,-0.01,0,0,,,,-0.41,-0.065,1.7,13.26,-0.01,,,
143.96,REGROUND,-42.4,-1.5,-9.58,36.5,-0.01,0,0,,,,-0.4,-0.063,2.4,13.26,-0.01,,,
144.01,REGROUND,-42.4,-1.5,-9.58,36.52,-0.01,0,0,,,,-0.411,-0.065,1.8,13.26,-0.01,,,
144.06,REGROUND,-42.44,-1.51,-9.58,36.53,-0.01,0,0,,,,-0.4,-0.063,2.3,13.26,-0.01,,,
144.11,REGROUND,-42.44,-1.51,-9.58,36.54,-0.01,0,0,,,,-0.411,-0.065,1.8,13.26,-0.01,,,
144.16,REGROUND,-42.48,-1.51,-9.58,36.55,-0.01,0,0,,,,-0.401,-0.063,2.3,13.26,-0.01,,,
144.21,REGROUND,-42.48,-1.51,-9.58,36.57,-0.01,0,0,,,,-0.411,-0.064,1.8,13.26,-0.01,,,
144.26,REGROUND,-42.53,-1.51,-9.58,36.58,-0.01,0,0,,,,-0.4,-0.063,2.5,13.26,-0.01,,,
144.31,REGROUND,-42.53,-1.51,-9.58,36.59,-0.01,0,0,,,,-0.411,-0.064,1.8,13.26,-0.01,,,
144.36,REGROUND,-42.57,-1.51,-9.58,36.6,-0.01,0,0,,,,-0.401,-0.062,2.5,13.26,-0.01,,,
144.41,REGROUND,-42.57,-1.51,-9.58,36.62,-0.01,0,0,,,,-0.411,-0.064,1.8,13.26,-0.01,,,
144.46,REGROUND,-42.61,-1.51,-9.58,36.63,-0.01,0,0,,,,-0.4,-0.062,2.5,13.26,-0.01,,,
144.51,REGROUND,-42.61,-1.51,-9.58,36.64,-0.01,0,0,,,,-0.411,-0.064,1.8,13.26,-0.01,,,
144.56,REGROUND,-42.65,-1.51,-9.58,36.65,-0.01,0,0,,,,-0.4,-0.062,2.5,13.26,-0.01,,,
144.61,REGROUND,-42.65,-1.51,-9.58,36.67,-0.01,0,0,,,,-0.411,-0.064,1.8,13.26,-0.01,,,
144.66,REGROUND,-42.69,-1.52,-9.58,36.68,-0.01,0,0,,,,-0.4,-0.062,2.3,13.26,-0.01,,,
144.71,REGROUND,-42.69,-1.52,-9.58,36.69,-0.01,0,0,,,,-0.41,-0.064,1.9,13.26,-0.01,,,
144.76,REGROUND,-42.73,-1.52,-9.58,36.7,-0.01,0,0,,,,-0.4,-0.062,2.3,13.26,-0.01,,,
144.81,REGROUND,-42.73,-1.52,-9.58,36.72,-0.01,0,0,,,,-0.41,-0.064,2.0,13.26,-0.01,,,
144.86,REGROUND,-42.77,-1.52,-9.58,36.73,-0.01,0,0,,,,-0.4,-0.062,2.3,13.26,-0.01,,,
144.91,REGROUND,-42.77,-1.52,-9.58,36.74,-0.01,0,0,,,,-0.41,-0.064,1.8,13.26,-0.01,,,
144.96,REGROUND,-42.81,-1.52,-9.58,36.75,-0.01,0,0,,,,-0.4,-0.062,2.5,13.26,-0.01,,,
145.01,REGROUND,-42.81,-1.52,-9.58,36.77,-0.01,0,0,,,,-0.41,-0.064,1.8,13.26,-0.01,,,
145.06,REGROUND,-42.86,-1.52,-9.58,36.78,-0.01,0,0,,,,-0.399,-0.063,2.5,13.26,-0.01,,,
145.11,REGROUND,-42.86,-1.52,-9.58,36.79,-0.01,0,0,,,,-0.409,-0.064,1.8,13.26,-0.01,,,
145.16,REGROUND,-42.9,-1.52,-9.58,36.8,-0.01,0,0,,,,-0.399,-0.063,2.3,13.26,-0.01,,,
145.21,REGROUND,-42.9,-1.52,-9.58,36.82,-0.01,0,0,,,,-0.41,-0.065,1.8,13.26,-0.01,,,
145.26,REGROUND,-42.94,-1.52,-9.58,36.83,-0.01,0,0,,,,-0.399,-0.063,2.3,13.26,-0.01,,,
145.31,REGROUND,-42.94,-1.52,-9.58,36.84,-0.01,0,0,,,,-0.409,-0.065,1.8,13.26,-0.01,,,
145.36,REGROUND,-42.98,-1.52,-9.58,36.85,-0.01,0,0,,,,-0.399,-0.064,2.3,13.26,-0.01,,,
145.41,REGROUND,-42.98,-1.52,-9.58,36.87,-0.01,0,0,,,,-0.409,-0.065,1.6,13.26,-0.01,,,
145.46,REGROUND,-43.02,-1.52,-9.58,36.88,-0.01,0,0,,,,-0.399,-0.064,4.2,13.26,-0.01,,,
145.51,REGROUND,-43.02,-1.52,-9.58,36.89,-0.01,0,0,,,,-0.409,-0.065,1.9,13.26,-0.01,,,
145.56,REGROUND,-43.06,-1.52,-9.58,36.9,-0.01,0,0,,,,-0.399,-0.064,2.5,13.26,-0.01,,,
145.61,REGROUND,-43.06,-1.52,-9.58,36.92,-0.01,0,0,,,,-0.409,-0.066,1.8,13.26,-0.01,,,
145.66,REGROUND,-43.1,-1.52,-9.58,36.93,-0.01,0,0,,,,-0.399,-0.064,2.6,13.26,-0.01,,,
145.71,REGROUND,-43.1,-1.52,-9.58,36.94,-0.01,0,0,,,,-0.409,-0.066,1.9,13.26,-0.01,,,
145.76,REGROUND,-43.14,-1.53,-9.58,36.95,-0.01,0,0,,,,-0.399,-0.064,2.5,13.26,-0.01,,,
145.81,REGROUND,-43.14,-1.53,-9.58,36.97,-0.01,0,0,,,,-0.409,-0.066,1.7,13.26,-0.01,,,
145.86,REGROUND,-43.18,-1.53,-9.58,36.98,-0.01,0,0,,,,-0.399,-0.064,2.5,13.26,-0.01,,,
145.91,REGROUND,-43.18,-1.53,-9.58,36.99,-0.01,0,0,,,,-0.409,-0.066,1.7,13.26,-0.01,,,
145.96,REGROUND,-43.23,-1.53,-9.58,37.0,-0.01,0,0,,,,-0.399,-0.064,2.3,13.26,-0.01,,,
146.01,REGROUND,-43.23,-1.53,-9.58,37.02,-0.01,0,0,,,,-0.409,-0.066,1.8,13.26,-0.01,,,
146.06,REGROUND,-43.27,-1.53,-9.58,37.03,-0.01,0,0,,,,-0.399,-0.065,2.3,13.26,-0.01,,,
146.11,REGROUND,-43.27,-1.53,-9.58,37.04,-0.01,0,0,,,,-0.409,-0.066,1.8,13.26,-0.01,,,
146.16,REGROUND,-43.31,-1.53,-9.58,37.05,-0.01,0,0,,,,-0.399,-0.065,2.3,13.26,-0.01,,,
146.21,REGROUND,-43.31,-1.53,-9.58,37.07,-0.01,0,0,,,,-0.409,-0.066,1.9,13.26,-0.01,,,
146.26,REGROUND,-43.35,-1.53,-9.58,37.08,-0.01,0,0,,,,-0.399,-0.065,2.6,13.26,-0.01,,,
146.31,REGROUND,-43.35,-1.53,-9.58,37.09,-0.01,0,0,,,,-0.409,-0.066,1.8,13.26,-0.01,,,
146.36,REGROUND,-43.39,-1.53,-9.58,37.1,-0.01,0,0,,,,-0.399,-0.065,2.6,13.26,-0.01,,,
146.41,REGROUND,-43.39,-1.53,-9.58,37.12,-0.01,0,0,,,,-0.409,-0.066,1.8,13.26,-0.01,,,
146.46,REGROUND,-43.43,-1.53,-9.58,37.13,-0.01,0,0,,,,-0.399,-0.065,2.5,13.26,-0.01,,,
146.51,REGROUND,-43.43,-1.53,-9.58,37.14,-0.01,0,0,,,,-0.409,-0.066,1.8,13.26,-0.01,,,
146.56,REGROUND,-43.47,-1.54,-9.58,37.15,-0.01,0,0,,,,-0.399,-0.064,2.5,13.26,-0.01,,,
146.61,REGROUND,-43.47,-1.54,-9.58,37.17,-0.01,0,0,,,,-0.409,-0.066,1.8,13.26,-0.01,,,
146.66,REGROUND,-43.51,-1.54,-9.58,37.18,-0.01,0,0,,,,-0.399,-0.064,2.4,13.26,-0.01,,,
146.71,REGROUND,-43.51,-1.54,-9.58,37.19,-0.01,0,0,,,,-0.409,-0.066,1.9,13.26,-0.01,,,
146.76,REGROUND,-43.55,-1.54,-9.58,37.2,-0.01,0,0,,,,-0.399,-0.064,2.4,13.26,-0.01,,,
146.81,REGROUND,-43.55,-1.54,-9.58,37.22,-0.01,0,0,,,,-0.409,-0.066,1.8,13.26,-0.01,,,
146.86,REGROUND,-43.59,-1.54,-9.58,37.23,-0.01,0,0,,,,-0.399,-0.064,2.3,13.26,-0.01,,,
146.91,REGROUND,-43.59,-1.54,-9.58,37.24,-0.01,0,0,,,,-0.409,-0.066,1.9,13.26,-0.01,,,
146.96,REGROUND,-43.63,-1.54,-9.58,37.25,-0.01,0,0,,,,-0.399,-0.064,2.5,13.26,-0.01,,,
147.01,REGROUND,-43.63,-1.54,-9.58,37.27,-0.01,0,0,,,,-0.409,-0.066,1.9,13.26,-0.01,,,
147.06,REGROUND,-43.68,-1.54,-9.58,37.28,-0.01,0,0,,,,-0.399,-0.064,2.6,13.26,-0.01,,,
147.11,REGROUND,-43.68,-1.54,-9.58,37.29,-0.01,0,0,,,,-0.409,-0.066,1.8,13.26,-0.01,,,
147.16,REGROUND,-43.72,-1.55,-9.58,37.3,-0.01,0,0,,,,-0.399,-0.064,2.5,13.26,-0.01,,,
147.21,REGROUND,-43.72,-1.55,-9.58,37.32,-0.01,0,0,,,,-0.41,-0.065,1.8,13.26,-0.01,,,
147.26,REGROUND,-43.76,-1.55,-9.58,37.33,-0.01,0,0,,,,-0.399,-0.064,2.5,13.26,-0.01,,,
147.31,REGROUND,-43.76,-1.55,-9.58,37.34,-0.01,0,0,,,,-0.41,-0.065,1.7,13.26,-0.01,,,
147.36,REGROUND,-43.8,-1.55,-9.58,37.35,-0.01,0,0,,,,-0.4,-0.063,2.4,13.26,-0.01,,,
147.41,REGROUND,-43.8,-1.55,-9.58,37.37,-0.01,0,0,,,,-0.41,-0.065,1.8,13.26,-0.01,,,
147.46,REGROUND,-43.84,-1.55,-9.58,37.38,-0.01,0,0,,,,-0.4,-0.063,2.4,13.26,-0.01,,,
147.51,REGROUND,-43.84,-1.55,-9.58,37.39,-0.01,0,0,,,,-0.41,-0.065,1.8,13.26,-0.01,,,
147.56,REGROUND,-43.88,-1.55,-9.58,37.4,-0.01,0,0,,,,-0.4,-0.063,2.5,13.26,-0.01,,,
147.61,REGROUND,-43.88,-1.55,-9.58,37.42,-0.01,0,0,,,,-0.41,-0.065,1.8,13.26,-0.01,,,
147.66,REGROUND,-43.92,-1.55,-9.58,37.43,-0.01,0,0,,,,-0.4,-0.063,4.3,13.26,-0.01,,,
147.71,REGROUND,-43.92,-1.55,-9.58,37.44,-0.01,0,0,,,,-0.41,-0.064,1.9,13.26,-0.01,,,
147.76,REGROUND,-43.96,-1.56,-9.58,37.45,-0.01,0,0,,,,-0.4,-0.063,2.3,13.26,-0.01,,,
147.81,REGROUND,-43.96,-1.56,-9.58,37.47,-0.01,0,0,,,,-0.41,-0.064,1.8,13.26,-0.01,,,
147.86,REGROUND,-44.0,-1.56,-9.58,37.48,-0.01,0,0,,,,-0.4,-0.063,2.3,13.26,-0.01,,,
147.91,REGROUND,-44.0,-1.56,-9.58,37.49,-0.01,0,0,,,,-0.41,-0.064,1.8,13.26,-0.01,,,
147.96,REGROUND,-44.04,-1.56,-9.58,37.5,-0.01,0,0,,,,-0.4,-0.063,2.5,13.26,-0.01,,,
148.01,REGROUND,-44.04,-1.56,-9.58,37.52,-0.01,0,0,,,,-0.41,-0.065,1.7,13.26,-0.01,,,
148.06,REGROUND,-44.08,-1.56,-9.58,37.53,-0.01,0,0,,,,-0.4,-0.063,2.4,13.26,-0.01,,,
148.11,REGROUND,-44.08,-1.56,-9.58,37.54,-0.01,0,0,,,,-0.41,-0.065,1.8,13.26,-0.01,,,
148.16,REGROUND,-44.12,-1.56,-9.58,37.55,-0.01,0,0,,,,-0.4,-0.063,2.3,13.26,-0.01,,,
148.21,REGROUND,-44.12,-1.56,-9.58,37.57,-0.01,0,0,,,,-0.41,-0.065,1.8,13.26,-0.01,,,
148.26,REGROUND,-44.17,-1.56,-9.58,37.58,-0.01,0,0,,,,-0.4,-0.063,2.3,13.26,-0.01,,,
148.31,REGROUND,-44.17,-1.56,-9.58,37.59,-0.01,0,0,,,,-0.41,-0.065,1.8,13.26,-0.01,,,
148.36,REGROUND,-44.21,-1.56,-9.58,37.6,-0.01,0,0,,,,-0.4,-0.063,2.4,13.26,-0.01,,,
148.41,REGROUND,-44.21,-1.56,-9.58,37.62,-0.01,0,0,,,,-0.41,-0.065,1.9,13.26,-0.01,,,
148.46,REGROUND,-44.25,-1.56,-9.58,37.63,-0.01,0,0,,,,-0.4,-0.063,2.5,13.26,-0.01,,,
148.51,REGROUND,-44.25,-1.56,-9.58,37.64,-0.01,0,0,,,,-0.41,-0.065,1.8,13.26,-0.01,,,
148.56,REGROUND,-44.29,-1.56,-9.58,37.66,-0.01,0,0,,,,-0.4,-0.064,2.5,13.26,-0.01,,,
148.61,REGROUND,-44.29,-1.56,-9.58,37.67,-0.01,0,0,,,,-0.41,-0.065,1.9,13.26,-0.01,,,
148.66,REGROUND,-44.33,-1.57,-9.58,37.68,-0.01,0,0,,,,-0.4,-0.064,2.5,13.26,-0.01,,,
148.71,REGROUND,-44.33,-1.57,-9.58,37.69,-0.01,0,0,,,,-0.41,-0.065,1.8,13.26,-0.01,,,
148.76,REGROUND,-44.37,-1.57,-9.58,37.71,-0.01,0,0,,,,-0.4,-0.064,2.5,13.26,-0.01,,,
148.81,REGROUND,-44.37,-1.57,-9.58,37.72,-0.01,0,0,,,,-0.41,-0.065,1.8,13.26,-0.01,,,
148.86,REGROUND,-44.41,-1.57,-9.58,37.73,-0.01,0,0,,,,-0.4,-0.064,2.4,13.26,-0.01,,,
148.91,REGROUND,-44.41,-1.57,-9.58,37.74,-0.01,0,0,,,,-0.41,-0.066,1.8,13.26,-0.01,,,
148.96,REGROUND,-44.45,-1.57,-9.58,37.76,-0.01,0,0,,,,-0.4,-0.064,2.4,13.26,-0.01,,,
149.01,REGROUND,-44.45,-1.57,-9.58,37.77,-0.01,0,0,,,,-0.41,-0.066,1.8,13.26,-0.01,,,
149.06,REGROUND,-44.49,-1.57,-9.58,37.78,-0.01,0,0,,,,-0.4,-0.064,2.4,13.26,-0.01,,,
149.11,REGROUND,-44.49,-1.57,-9.58,37.79,-0.01,0,0,,,,-0.41,-0.066,1.8,13.26,-0.01,,,
149.16,REGROUND,-44.53,-1.57,-9.58,37.81,-0.01,0,0,,,,-0.4,-0.064,2.5,13.26,-0.01,,,
149.21,REGROUND,-44.53,-1.57,-9.58,37.82,-0.01,0,0,,,,-0.41,-0.066,1.9,13.26,-0.01,,,
149.26,REGROUND,-44.57,-1.57,-9.58,37.83,-0.01,0,0,,,,-0.4,-0.064,2.5,13.26,-0.01,,,
149.31,REGROUND,-44.57,-1.57,-9.58,37.84,-0.01,0,0,,,,-0.41,-0.066,1.8,13.26,-0.01,,,
149.36,REGROUND,-44.61,-1.57,-9.58,37.86,-0.01,0,0,,,,-0.4,-0.064,2.6,13.26,-0.01,,,
149.41,REGROUND,-44.61,-1.57,-9.58,37.87,-0.01,0,0,,,,-0.411,-0.066,1.8,13.26,-0.01,,,
149.46,REGROUND,-44.66,-1.58,-9.58,37.88,-0.01,0,0,,,,-0.4,-0.064,2.4,13.26,-0.01,,,
149.51,REGROUND,-44.66,-1.58,-9.58,37.89,-0.01,0,0,,,,-0.411,-0.066,1.7,13.26,-0.01,,,
149.56,REGROUND,-44.7,-1.58,-9.58,37.91,-0.01,0,0,,,,-0.4,-0.064,2.4,13.26,-0.01,,,
149.61,REGROUND,-44.7,-1.58,-9.58,37.92,-0.01,0,0,,,,-0.411,-0.066,1.8,13.26,-0.01,,,
149.66,REGROUND,-44.74,-1.58,-9.58,37.93,-0.01,0,0,,,,-0.4,-0.064,2.3,13.26,-0.01,,,
149.71,REGROUND,-44.74,-1.58,-9.58,37.94,-0.01,0,0,,,,-0.41,-0.066,1.9,13.26,-0.01,,,
149.77,REGROUND,-44.78,-1.58,-9.58,37.96,-0.01,0,0,,,,-0.4,-0.064,2.4,13.26,-0.01,,,
149.82,REGROUND,-44.78,-1.58,-9.58,37.97,-0.01,0,0,,,,-0.41,-0.066,1.9,13.26,-0.01,,,
149.87,REGROUND,-44.82,-1.58,-9.58,37.98,-0.01,0,0,,,,-0.4,-0.064,4.1,13.26,-0.01,,,
149.92,REGROUND,-44.82,-1.58,-9.58,37.99,-0.01,0,0,,,,-0.41,-0.066,1.8,13.26,-0.01,,,
149.97,REGROUND,-44.86,-1.58,-9.58,38.01,-0.01,0,0,,,,-0.4,-0.064,2.6,13.26,-0.01,,,
