{
  "backend": "hf",
  "n": 439,
  "parse_rate": 0.9931662870159453,
  "iou_gate_pass_rate": 0.0,
  "mean_iou": 0.00032812905800204926,
  "center_std": 17.10513098332831
}
