{
  "backend": "hf",
  "n": 439,
  "parse_rate": 0.9954441913439636,
  "iou_gate_pass_rate": 0.0,
  "mean_iou": 0.0006474993005053333,
  "center_std": 17.483186531048325
}
