{
  "backend": "hf",
  "n": 439,
  "parse_rate": 0.9886104783599089,
  "iou_gate_pass_rate": 0.15945330296127563,
  "mean_iou": 0.09405781346045544,
  "center_std": 196.90785400257678
}
