t_s,state,copter_n,copter_e,copter_d,rover_n,rover_e,in_fov,occluded,bbox_cx,bbox_cy,px_err,vx_cmd,vy_cmd,loop_ms,dist_n,dist_e,d_true_px,d_dist_px,carry_score
0.0,ACQUIRE,0.01,-0.01,-8.92,0.52,-0.01,1,0,,,,0.0,0.0,5.7,,,,,
0.05,ACQUIRE,0.01,-0.01,-8.92,0.62,-0.01,1,0,,,,0.0,0.0,0.6,,,,,
0.1,ACQUIRE,0.01,-0.01,-9.03,0.72,-0.01,1,0,,,,0.0,0.0,1.2,,,,,
0.15,ACQUIRE,0.01,-0.01,-9.03,0.82,-0.01,1,0,,,,0.0,0.0,0.6,,,,,
0.2,ACQUIRE,0.01,-0.01,-9.13,0.92,-0.01,1,0,,,,0.0,0.0,1.3,,,,,
0.25,ACQUIRE,0.01,-0.01,-9.13,1.02,-0.01,1,0,,,,0.0,0.0,0.9,,,,,
0.3,ACQUIRE,0.01,-0.01,-9.23,1.12,-0.01,1,0,,,,0.0,0.0,1.3,,,,,
0.35,ACQUIRE,0.01,-0.01,-9.23,1.22,-0.01,1,0,,,,1.01,0.12,2.0,,,,,
0.4,ACQUIRE,0.01,-0.01,-9.31,1.32,-0.01,1,0,,,,1.06,0.13,2.5,,,,,
0.45,ACQUIRE,0.01,-0.01,-9.31,1.42,-0.01,1,0,,,,1.12,0.14,1.7,,,,,
0.5,ACQUIRE,0.01,-0.01,-9.38,1.52,-0.01,1,0,,,,1.17,0.14,2.4,,,,,
0.55,ACQUIRE,0.01,-0.01,-9.38,1.62,-0.01,1,0,,,,1.23,0.15,1.7,,,,,
0.6,ACQUIRE,0.01,-0.01,-9.45,1.72,-0.01,1,0,,,,1.28,0.16,2.4,,,,,
0.65,ACQUIRE,0.01,-0.01,-9.45,1.82,-0.01,1,0,,,,1.31,0.17,1.6,,,,,
0.7,ACQUIRE,0.02,-0.01,-9.5,1.92,-0.01,1,0,,,,1.3,0.17,2.2,,,,,
0.75,ACQUIRE,0.02,-0.01,-9.5,2.02,-0.01,1,0,,,,1.3,0.18,1.8,,,,,
0.8,ACQUIRE,0.04,-0.01,-9.54,2.12,-0.01,1,0,,,,1.28,0.18,2.2,,,,,
0.85,ACQUIRE,0.04,-0.01,-9.54,2.22,-0.01,1,0,,,,1.96,0.27,1.8,,,,,
0.9,ACQUIRE,0.07,-0.01,-9.57,2.32,-0.01,1,0,,,,1.91,0.26,2.1,,,,,
0.95,ACQUIRE,0.07,-0.01,-9.57,2.42,-0.01,1,0,,,,1.91,0.26,1.6,,,,,
1.0,ACQUIRE,0.12,-0.01,-9.6,2.52,-0.01,1,0,,,,1.86,0.26,2.5,,,,,
1.05,ACQUIRE,0.12,-0.01,-9.6,2.62,-0.01,1,0,,,,1.86,0.26,1.9,,,,,
1.1,ACQUIRE,0.19,-0.01,-9.61,2.72,-0.01,1,0,,,,1.77,0.26,2.6,,,,,
1.15,ACQUIRE,0.19,-0.01,-9.61,2.82,-0.01,1,0,,,,1.77,0.25,2.3,,,,,
1.2,ACQUIRE,0.28,-0.01,-9.61,2.92,-0.01,1,0,,,,1.66,0.24,2.4,,,,,
1.25,ACQUIRE,0.28,-0.01,-9.61,3.02,-0.01,1,0,,,,1.66,0.24,1.6,,,,,
1.3,ACQUIRE,0.39,-0.01,-9.61,3.12,-0.01,1,0,,,,1.54,0.23,2.5,,,,,
1.35,ACQUIRE,0.39,-0.01,-9.61,3.22,-0.01,1,0,,,,2.24,0.2,1.7,,,,,
1.4,ACQUIRE,0.51,-0.01,-9.61,3.32,-0.01,1,0,,,,2.1,0.16,2.3,,,,,
1.45,ACQUIRE,0.51,-0.01,-9.61,3.42,-0.01,1,0,,,,2.1,0.16,1.7,,,,,
1.5,ACQUIRE,0.64,-0.01,-9.6,3.52,-0.01,1,0,,,,1.96,0.16,2.3,,,,,
1.55,ACQUIRE,0.64,-0.01,-9.6,3.62,-0.01,1,0,,,,1.96,0.16,1.6,,,,,
1.6,ACQUIRE,0.79,-0.01,-9.6,3.72,-0.01,1,0,,,,1.62,0.09,2.5,,,,,
1.65,ACQUIRE,0.79,-0.01,-9.6,3.82,-0.01,1,0,,,,1.62,0.09,1.9,,,,,
1.7,ACQUIRE,0.94,-0.01,-9.59,3.92,-0.01,1,0,,,,1.45,0.06,2.5,,,,,
1.75,ACQUIRE,0.94,-0.01,-9.59,4.02,-0.01,1,0,,,,1.45,0.06,1.7,,,,,
1.8,ACQUIRE,1.11,-0.01,-9.58,4.12,-0.01,1,0,,,,1.27,0.03,2.5,,,,,
1.85,ACQUIRE,1.11,-0.01,-9.58,4.22,-0.01,1,0,,,,2.29,0.18,1.6,,,,,
1.9,ACQUIRE,1.28,-0.01,-9.58,4.32,-0.01,1,0,,,,2.1,0.18,2.6,,,,,
1.95,ACQUIRE,1.28,-0.01,-9.58,4.42,-0.01,1,0,,,,2.1,0.18,1.7,,,,,
2.0,ACQUIRE,1.44,-0.02,-9.57,4.52,-0.01,1,0,,,,1.91,0.15,2.5,,,,,
2.05,ACQUIRE,1.44,-0.02,-9.57,4.62,-0.01,1,0,,,,1.91,0.15,1.7,,,,,
2.1,ACQUIRE,1.61,-0.02,-9.57,4.72,-0.01,1,0,,,,1.72,0.14,2.3,,,,,
2.15,ACQUIRE,1.61,-0.02,-9.57,4.82,-0.01,1,0,,,,1.72,0.14,1.7,,,,,
2.2,ACQUIRE,1.78,-0.03,-9.57,4.92,-0.01,1,0,,,,1.52,0.11,2.3,,,,,
2.25,ACQUIRE,1.78,-0.03,-9.57,5.02,-0.01,1,0,,,,1.52,0.11,1.9,,,,,
2.3,CARRY,1.95,-0.04,-9.56,5.12,-0.01,1,0,,,,2.501,0.414,559.6,,,,,
2.86,CARRY,2.79,-0.08,-9.56,6.24,-0.01,1,0,345.5,82.5,159.6,3.15,0.51,47.8,,,,,3.766
2.91,CARRY,2.96,-0.09,-9.57,6.34,-0.01,1,0,346.0,84.5,157.7,3.11,0.52,53.7,,,,,4.625
2.97,CARRY,2.96,-0.09,-9.57,6.45,-0.01,1,0,346.0,81.0,161.1,3.18,0.52,46.9,,,,,5.188
3.02,CARRY,3.12,-0.1,-9.57,6.55,-0.01,1,0,346.0,83.0,159.1,3.14,0.52,53.1,,,,,5.688
3.07,CARRY,3.12,-0.1,-9.57,6.66,-0.01,1,0,346.5,80.0,162.2,3.2,0.53,47.0,,,,,6.531
3.12,CARRY,3.28,-0.1,-9.57,6.76,-0.01,1,0,347.0,81.5,160.8,3.17,0.54,54.8,,,,,6.344
3.18,CARRY,3.28,-0.1,-9.57,6.87,-0.01,1,0,347.5,78.5,163.8,3.23,0.55,47.6,,,,,7.281
3.23,CARRY,3.45,-0.11,-9.57,6.97,-0.01,1,0,347.5,80.5,161.9,3.19,0.55,53.2,,,,,6.969
3.28,CARRY,3.45,-0.11,-9.57,7.08,-0.01,1,0,348.5,99.5,143.4,2.81,0.57,47.4,,,,,7.375
3.33,CARRY,3.62,-0.12,-9.57,7.18,-0.01,1,0,348.5,79.5,163.0,3.21,0.57,53.4,,,,,7.469
3.39,CARRY,3.62,-0.12,-9.57,7.29,-0.01,1,0,349.0,76.5,166.1,3.27,0.58,47.0,,,,,7.875
3.44,CARRY,3.81,-0.12,-9.58,7.39,-0.01,1,0,349.5,79.5,163.2,3.21,0.59,53.7,,,,,7.719
3.49,CARRY,4.02,-0.12,-9.58,7.5,-0.01,1,0,349.5,82.5,160.2,3.15,0.59,47.6,,,,,7.469
3.54,CARRY,4.02,-0.12,-9.58,7.6,-0.01,1,0,350.0,79.5,163.3,3.21,0.6,52.3,,,,,9.062
3.6,CARRY,4.26,-0.12,-9.58,7.71,-0.01,1,0,349.5,83.0,159.7,3.14,0.59,49.5,,,,,8.688
3.65,CARRY,4.26,-0.12,-9.58,7.81,-0.01,1,0,349.5,80.0,162.7,3.2,0.59,53.3,,,,,9.375
3.7,CARRY,4.51,-0.12,-9.58,7.92,-0.01,1,0,348.5,84.0,158.6,3.12,0.57,48.6,,,,,8.438
3.75,CARRY,4.51,-0.12,-9.58,8.02,-0.01,1,0,349.0,81.5,161.1,3.17,0.58,52.4,,,,,9.188
3.8,CARRY,4.78,-0.11,-9.58,8.12,-0.01,1,0,348.0,86.0,156.5,3.08,0.56,48.1,,,,,8.75
3.85,CARRY,4.78,-0.11,-9.58,8.22,-0.01,1,0,348.0,83.0,159.5,3.14,0.56,52.5,,,,,9.0
3.91,CARRY,5.06,-0.1,-9.59,8.33,-0.01,1,0,347.0,88.0,154.4,3.04,0.54,47.6,,,,,9.0
3.96,CARRY,5.06,-0.1,-9.59,8.43,-0.01,1,0,347.0,85.0,157.3,3.1,0.54,52.5,,,,,9.125
4.01,CARRY,5.35,-0.09,-9.59,8.54,-0.01,1,0,346.0,90.0,152.2,3.0,0.52,49.9,,,,,8.875
4.06,CARRY,5.35,-0.09,-9.59,8.64,-0.01,1,0,346.0,87.5,154.7,3.05,0.52,52.2,,,,,9.0
4.12,CARRY,5.64,-0.08,-9.59,8.75,-0.01,1,0,344.5,92.5,149.5,2.95,0.49,51.2,,,,,8.125
4.17,CARRY,5.64,-0.08,-9.59,8.85,-0.01,1,0,345.0,89.5,152.6,3.01,0.5,53.0,,,,,8.75
4.22,CARRY,5.94,-0.07,-9.59,8.96,-0.01,1,0,343.5,95.0,146.9,2.9,0.47,48.6,,,,,8.438
4.27,CARRY,5.94,-0.07,-9.59,9.06,-0.01,1,0,344.5,92.0,150.0,2.96,0.49,53.4,,,,,8.375
4.33,CARRY,6.24,-0.06,-9.59,9.17,-0.01,1,0,343.0,97.5,144.3,2.85,0.46,48.0,,,,,8.25
4.38,CARRY,6.24,-0.06,-9.59,9.27,-0.01,1,0,343.0,95.0,146.8,2.9,0.46,52.8,,,,,8.25
4.43,CARRY,6.54,-0.05,-9.59,9.37,-0.01,1,0,342.0,100.0,141.7,2.8,0.44,47.6,,,,,7.781
4.48,CARRY,6.54,-0.05,-9.59,9.47,-0.01,1,0,342.0,97.5,144.2,2.85,0.44,52.8,,,,,8.312
4.53,CARRY,6.84,-0.04,-9.59,9.58,-0.01,1,0,340.5,103.0,138.5,2.74,0.41,48.1,,,,,7.875
4.58,CARRY,6.84,-0.04,-9.59,9.68,-0.01,1,0,341.5,100.0,141.6,2.8,0.43,52.4,,,,,7.719
4.64,CARRY,7.14,-0.03,-9.59,9.79,-0.01,1,0,340.0,105.5,136.0,2.69,0.4,48.4,,,,,7.844
4.69,CARRY,7.14,-0.03,-9.59,9.89,-0.01,1,0,340.0,102.5,138.9,2.75,0.4,52.3,,,,,7.625
4.74,CARRY,7.44,-0.02,-9.59,10.0,-0.01,1,0,339.0,108.0,133.4,2.64,0.38,48.4,,,,,7.469
4.79,CARRY,7.73,-0.01,-9.59,10.1,-0.01,1,0,337.5,113.5,127.7,2.53,0.35,53.4,,,,,7.469
4.85,CARRY,7.73,-0.01,-9.59,10.21,-0.01,1,0,338.0,110.5,130.7,2.59,0.36,48.4,,,,,7.281
4.9,CARRY,8.02,-0.0,-9.59,10.31,-0.01,1,0,336.5,116.0,125.1,2.48,0.33,53.4,,,,,7.25
4.95,CARRY,8.02,-0.0,-9.59,10.41,-0.01,1,0,337.0,112.5,128.6,2.55,0.34,46.8,,,,,7.344
5.0,CARRY,8.31,0.01,-9.6,10.51,-0.01,1,0,335.5,118.0,123.0,2.44,0.31,53.2,,,,,7.312
5.05,CARRY,8.31,0.01,-9.6,10.62,-0.01,1,0,336.0,115.0,126.0,2.5,0.32,47.5,,,,,7.188
5.1,CARRY,8.59,0.01,-9.6,10.72,-0.01,1,0,334.5,120.0,120.9,2.4,0.29,53.2,,,,,6.719
5.16,CARRY,8.59,0.01,-9.6,10.83,-0.01,1,0,335.5,117.0,124.0,2.46,0.31,47.5,,,,,6.906
5.21,CARRY,8.87,0.02,-9.6,10.93,-0.01,1,0,333.5,122.0,118.8,2.36,0.27,53.4,,,,,6.188
5.26,CARRY,8.87,0.02,-9.6,11.04,-0.01,1,0,334.5,119.0,121.9,2.42,0.29,47.3,,,,,6.312
5.31,CARRY,9.15,0.02,-9.6,11.14,-0.01,1,0,332.5,125.5,115.2,2.29,0.25,54.2,,,,,6.031
5.37,CARRY,9.15,0.02,-9.6,11.25,-0.01,1,0,333.5,121.0,119.8,2.38,0.27,47.0,,,,,6.5
5.42,CARRY,9.42,0.03,-9.6,11.35,-0.01,1,0,332.0,129.0,111.6,2.22,0.24,53.5,,,,,6.219
5.47,CARRY,9.42,0.03,-9.6,11.46,-0.01,1,0,332.5,122.5,118.2,2.35,0.25,47.3,,,,,6.281
5.52,CARRY,9.68,0.03,-9.6,11.56,-0.01,1,0,331.5,132.0,108.6,2.16,0.23,53.0,,,,,5.875
5.58,CARRY,9.68,0.03,-9.6,11.67,-0.01,1,0,332.5,125.5,115.2,2.29,0.25,47.7,,,,,6.125
5.63,CARRY,9.94,0.03,-9.6,11.77,-0.01,1,0,331.0,134.5,106.1,2.11,0.22,53.3,,,,,6.031
5.68,CARRY,9.94,0.03,-9.6,11.88,-0.01,1,0,331.5,128.5,112.1,2.23,0.23,47.6,,,,,6.375
5.73,CARRY,10.2,0.03,-9.6,11.98,-0.01,1,0,330.0,138.0,102.5,2.04,0.2,53.6,,,,,6.156
5.79,CARRY,10.2,0.03,-9.6,12.09,-0.01,1,0,331.5,131.5,109.1,2.17,0.23,47.1,,,,,6.25
5.84,CARRY,10.45,0.03,-9.6,12.19,-0.01,1,0,330.5,140.0,100.5,2.0,0.21,53.5,,,,,5.938
5.89,CARRY,10.45,0.03,-9.6,12.3,-0.01,1,0,331.5,133.5,107.1,2.13,0.23,47.1,,,,,6.156
5.94,CARRY,10.7,0.03,-9.6,12.4,-0.01,1,0,330.5,142.5,98.1,1.95,0.21,53.4,,,,,6.062
6.0,CARRY,10.94,0.02,-9.6,12.51,-0.01,1,0,329.5,149.5,91.0,1.81,0.19,48.8,,,,,6.125
6.05,CARRY,10.94,0.02,-9.6,12.61,-0.01,1,0,330.5,144.5,96.1,1.91,0.21,52.4,,,,,5.969
6.1,CARRY,11.18,0.02,-9.6,12.71,-0.01,1,0,329.5,151.5,89.0,1.77,0.19,48.1,,,,,5.844
6.15,CARRY,11.18,0.02,-9.6,12.81,-0.01,1,0,330.5,146.0,94.6,1.88,0.21,52.6,,,,,5.688
6.2,CARRY,11.41,0.02,-9.6,12.92,-0.01,1,0,329.5,153.5,87.0,1.73,0.19,48.3,,,,,5.75
6.25,CARRY,11.41,0.02,-9.6,13.02,-0.01,1,0,330.5,147.5,93.1,1.85,0.21,52.9,,,,,5.594
6.31,CARRY,11.63,0.01,-9.6,13.13,-0.01,1,0,329.5,154.5,86.0,1.71,0.19,47.8,,,,,5.656
6.36,CARRY,11.63,0.01,-9.6,13.23,-0.01,1,0,330.0,148.5,92.0,1.83,0.2,52.6,,,,,5.594
6.41,CARRY,11.85,0.01,-9.6,13.34,-0.01,1,0,329.5,154.5,86.0,1.71,0.19,47.8,,,,,5.625
6.46,CARRY,11.85,0.01,-9.6,13.44,-0.01,1,0,330.0,149.5,91.1,1.81,0.2,52.9,,,,,5.562
6.51,CARRY,12.06,0.01,-9.6,13.54,-0.01,1,0,329.5,156.0,84.5,1.68,0.19,48.5,,,,,5.75
6.56,CARRY,12.06,0.01,-9.6,13.64,-0.01,1,0,330.5,150.0,90.6,1.8,0.21,52.4,,,,,5.688
6.62,CARRY,12.27,0.0,-9.6,13.75,-0.01,1,0,329.5,155.5,85.0,1.69,0.19,48.3,,,,,5.719
6.67,CARRY,12.27,0.0,-9.6,13.85,-0.01,1,0,330.5,150.0,90.6,1.8,0.21,52.5,,,,,5.719
6.72,CARRY,12.47,0.0,-9.6,13.96,-0.01,1,0,330.0,155.0,85.6,1.7,0.2,48.3,,,,,5.594
6.77,CARRY,12.47,0.0,-9.6,14.06,-0.01,1,0,330.0,149.5,91.1,1.81,0.2,52.9,,,,,5.5
6.83,CARRY,12.67,-0.0,-9.6,14.17,-0.01,1,0,330.0,155.0,85.6,1.7,0.2,47.8,,,,,5.719
6.88,CARRY,12.67,-0.0,-9.6,14.27,-0.01,1,0,331.5,149.0,91.7,1.82,0.23,52.9,,,,,5.688
6.93,CARRY,12.86,-0.01,-9.6,14.37,-0.01,1,0,330.5,154.0,86.6,1.72,0.21,47.5,,,,,5.844
6.98,CARRY,12.86,-0.01,-9.6,14.47,-0.01,1,0,331.5,148.0,92.7,1.84,0.23,52.7,,,,,5.719
7.03,CARRY,13.05,-0.01,-9.6,14.58,-0.01,1,0,330.0,153.0,87.6,1.74,0.2,48.2,,,,,5.625
7.08,CARRY,13.05,-0.01,-9.6,14.68,-0.01,1,0,331.5,147.0,93.7,1.86,0.23,52.9,,,,,5.562
7.14,CARRY,13.24,-0.01,-9.6,14.79,-0.01,1,0,331.5,152.0,88.7,1.76,0.23,48.2,,,,,5.312
7.19,CARRY,13.43,-0.02,-9.6,14.89,-0.01,1,0,330.0,157.0,83.6,1.66,0.2,53.4,,,,,5.5
7.24,CARRY,13.43,-0.02,-9.6,15.0,-0.01,1,0,331.5,151.0,89.7,1.78,0.23,47.5,,,,,5.719
7.29,CARRY,13.43,-0.02,-9.6,15.1,-0.01,1,0,332.5,145.0,95.8,1.9,0.25,52.9,,,,,5.656
7.35,CARRY,13.62,-0.02,-9.6,15.21,-0.01,1,0,331.5,149.5,91.2,1.81,0.23,47.9,,,,,5.719
7.4,CARRY,13.8,-0.02,-9.6,15.31,-0.01,1,0,331.5,154.5,86.3,1.71,0.23,53.4,,,,,5.75
7.45,CARRY,13.8,-0.02,-9.6,15.42,-0.01,1,0,332.5,148.0,92.8,1.84,0.25,47.1,,,,,5.781
7.5,CARRY,13.99,-0.02,-9.6,15.52,-0.01,1,0,331.5,153.0,87.8,1.74,0.23,53.0,,,,,5.688
7.55,CARRY,13.99,-0.02,-9.6,15.62,-0.01,1,0,332.5,147.0,93.8,1.86,0.25,47.7,,,,,5.531
7.6,CARRY,14.17,-0.02,-9.6,15.72,-0.01,1,0,332.5,151.5,89.4,1.77,0.25,53.3,,,,,5.438
7.66,CARRY,14.17,-0.02,-9.6,15.83,-0.01,1,0,332.5,145.0,95.8,1.9,0.25,47.5,,,,,5.438
7.71,CARRY,14.35,-0.02,-9.6,15.93,-0.01,1,0,332.5,150.0,90.9,1.8,0.25,53.7,,,,,5.719
7.76,CARRY,14.35,-0.02,-9.6,16.04,-0.01,1,0,333.5,143.5,97.4,1.93,0.27,47.5,,,,,5.844
7.81,CARRY,14.54,-0.03,-9.6,16.14,-0.01,1,0,332.5,148.5,92.3,1.83,0.25,53.8,,,,,5.875
7.87,CARRY,14.54,-0.03,-9.6,16.25,-0.01,1,0,333.5,142.0,98.9,1.96,0.27,46.8,,,,,6.031
7.92,CARRY,14.72,-0.03,-9.61,16.35,-0.01,1,0,332.5,147.0,93.8,1.86,0.25,48.3,,,,,6.156
7.97,CARRY,14.72,-0.03,-9.61,16.45,-0.01,1,0,333.5,141.0,99.9,1.98,0.27,47.9,,,,,6.188
8.02,CARRY,14.91,-0.03,-9.61,16.55,-0.01,1,0,332.5,146.0,94.8,1.88,0.25,48.2,,,,,6.188
8.07,CARRY,14.91,-0.03,-9.61,16.65,-0.01,1,0,333.5,140.5,100.4,1.99,0.27,49.0,,,,,6.156
8.12,CARRY,15.09,-0.03,-9.61,16.75,-0.01,1,0,333.0,145.0,95.9,1.9,0.26,48.7,,,,,6.25
8.17,CARRY,15.09,-0.03,-9.61,16.85,-0.01,1,0,333.5,139.5,101.4,2.01,0.27,47.5,,,,,6.156
8.22,CARRY,15.28,-0.03,-9.61,16.95,-0.01,1,0,333.5,144.5,96.4,1.91,0.27,48.8,,,,,6.219
8.27,CARRY,15.28,-0.03,-9.61,17.05,-0.01,1,0,333.5,138.5,102.4,2.03,0.27,48.3,,,,,6.156
8.32,CARRY,15.47,-0.03,-9.61,17.15,-0.01,1,0,333.5,143.5,97.4,1.93,0.27,49.3,,,,,6.188
8.37,CARRY,15.47,-0.03,-9.61,17.25,-0.01,1,0,334.0,138.0,103.0,2.04,0.28,48.6,,,,,6.219
8.42,CARRY,15.65,-0.03,-9.61,17.35,-0.01,1,0,333.5,143.0,97.9,1.94,0.27,49.3,,,,,6.312
8.47,CARRY,15.65,-0.03,-9.61,17.45,-0.01,1,0,334.0,137.5,103.5,2.05,0.28,48.7,,,,,6.188
8.52,CARRY,15.85,-0.03,-9.61,17.55,-0.01,1,0,333.5,143.0,97.9,1.94,0.27,49.4,,,,,6.062
8.57,CARRY,15.85,-0.03,-9.61,17.66,-0.01,1,0,334.5,136.5,104.5,2.07,0.29,48.5,,,,,5.875
8.62,CARRY,16.04,-0.02,-9.61,17.76,-0.01,1,0,333.5,142.0,98.9,1.96,0.27,49.5,,,,,5.938
8.67,CARRY,16.04,-0.02,-9.61,17.86,-0.01,1,0,334.5,136.0,105.0,2.08,0.29,48.7,,,,,6.062
8.72,CARRY,16.23,-0.02,-9.61,17.96,-0.01,1,0,333.5,142.0,98.9,1.96,0.27,49.4,,,,,5.875
8.77,CARRY,16.23,-0.02,-9.61,18.06,-0.01,1,0,334.5,136.0,105.0,2.08,0.29,48.9,,,,,6.031
8.82,CARRY,16.42,-0.02,-9.61,18.16,-0.01,1,0,333.5,141.0,99.9,1.98,0.27,49.4,,,,,5.938
8.87,CARRY,16.42,-0.02,-9.61,18.26,-0.01,1,0,334.5,135.5,105.5,2.09,0.29,48.2,,,,,6.281
8.92,CARRY,16.62,-0.02,-9.61,18.36,-0.01,1,0,333.5,141.0,99.9,1.98,0.27,48.7,,,,,6.156
8.97,CARRY,16.62,-0.02,-9.61,18.46,-0.01,1,0,334.5,135.0,106.0,2.1,0.29,48.0,,,,,6.406
9.02,CARRY,16.82,-0.02,-9.61,18.56,-0.01,1,0,333.5,141.0,99.9,1.98,0.27,48.6,,,,,6.344
9.07,CARRY,16.82,-0.02,-9.61,18.66,-0.01,1,0,334.0,135.0,105.9,2.1,0.28,48.5,,,,,6.625
9.12,CARRY,17.01,-0.02,-9.61,18.76,-0.01,1,0,333.5,141.0,99.9,1.98,0.27,49.0,,,,,6.344
9.17,CARRY,17.01,-0.02,-9.61,18.86,-0.01,1,0,334.0,135.0,105.9,2.1,0.28,48.3,,,,,6.719
9.22,CARRY,17.21,-0.02,-9.61,18.96,-0.01,1,0,333.5,140.5,100.4,1.99,0.27,48.7,,,,,6.281
9.27,CARRY,17.21,-0.02,-9.61,19.06,-0.01,1,0,334.0,135.0,105.9,2.1,0.28,48.3,,,,,6.75
9.32,CARRY,17.41,-0.02,-9.61,19.16,-0.01,1,0,333.5,140.0,100.9,2.0,0.27,48.9,,,,,6.344
9.37,CARRY,17.41,-0.02,-9.61,19.26,-0.01,1,0,334.0,135.0,105.9,2.1,0.28,48.4,,,,,6.969
9.42,CARRY,17.61,-0.02,-9.61,19.36,-0.01,1,0,333.5,140.5,100.4,1.99,0.27,48.8,,,,,6.531
9.47,CARRY,17.61,-0.02,-9.61,19.46,-0.01,1,0,333.5,135.0,105.9,2.1,0.27,48.2,,,,,6.844
9.52,CARRY,17.82,-0.02,-9.61,19.56,-0.01,1,0,333.0,140.5,100.3,1.99,0.26,48.7,,,,,6.625
9.57,CARRY,17.82,-0.02,-9.61,19.66,-0.01,1,0,333.5,135.0,105.9,2.1,0.27,48.1,,,,,6.812
9.62,CARRY,18.02,-0.01,-9.61,19.76,-0.01,1,0,333.0,140.5,100.3,1.99,0.26,48.8,,,,,6.656
9.67,CARRY,18.02,-0.01,-9.61,19.86,-0.01,1,0,333.5,134.5,106.4,2.11,0.27,48.4,,,,,6.812
9.72,CARRY,18.22,-0.01,-9.61,19.96,-0.01,1,0,333.0,140.5,100.3,1.99,0.26,48.8,,,,,6.938
9.77,CARRY,18.22,-0.01,-9.61,20.06,-0.01,1,0,333.5,134.5,106.4,2.11,0.27,48.3,,,,,7.281
9.82,CARRY,18.42,-0.01,-9.61,20.16,-0.01,1,0,332.5,140.5,100.3,1.99,0.25,48.7,,,,,7.188
9.87,CARRY,18.42,-0.01,-9.61,20.26,-0.01,1,0,333.5,134.5,106.4,2.11,0.27,48.3,,,,,7.375
9.92,CARRY,18.63,-0.01,-9.61,20.36,-0.01,1,0,332.5,140.5,100.3,1.99,0.25,48.8,,,,,7.125
9.97,CARRY,18.63,-0.01,-9.61,20.46,-0.01,1,0,333.5,135.5,105.4,2.09,0.27,48.3,,,,,7.281
10.02,CARRY,18.83,-0.01,-9.61,20.56,-0.01,1,0,332.5,141.0,99.8,1.98,0.25,48.7,,,,,6.906
10.07,CARRY,18.83,-0.01,-9.61,20.66,-0.01,1,0,333.5,136.0,104.9,2.08,0.27,48.3,,,,,7.062
10.12,CARRY,19.04,-0.01,-9.61,20.76,-0.01,1,0,332.5,141.5,99.3,1.97,0.25,49.0,,,,,6.688
10.17,CARRY,19.04,-0.01,-9.61,20.86,-0.01,1,0,333.5,136.0,104.9,2.08,0.27,48.4,,,,,6.719
10.22,CARRY,19.24,-0.01,-9.61,20.96,-0.01,1,0,332.5,141.5,99.3,1.97,0.25,49.4,,,,,6.625
10.27,CARRY,19.24,-0.01,-9.61,21.06,-0.01,1,0,333.5,136.0,104.9,2.08,0.27,49.0,,,,,6.656
10.32,CARRY,19.44,-0.01,-9.61,21.16,-0.01,1,0,332.5,141.5,99.3,1.97,0.25,48.8,,,,,6.562
10.37,CARRY,19.44,-0.01,-9.61,21.26,-0.01,1,0,333.5,136.0,104.9,2.08,0.27,48.2,,,,,6.562
10.42,CARRY,19.65,-0.01,-9.61,21.36,-0.01,1,0,332.5,142.0,98.8,1.96,0.25,48.8,,,,,6.438
10.47,CARRY,19.65,-0.01,-9.61,21.46,-0.01,1,0,333.5,136.5,104.4,2.07,0.27,48.3,,,,,6.562
10.52,CARRY,19.85,-0.01,-9.61,21.56,-0.01,1,0,332.5,142.5,98.3,1.95,0.25,48.6,,,,,6.438
10.57,CARRY,19.85,-0.01,-9.61,21.66,-0.01,1,0,333.5,136.5,104.4,2.07,0.27,48.4,,,,,6.312
10.62,CARRY,20.06,-0.01,-9.61,21.76,-0.01,1,0,332.5,143.0,97.8,1.94,0.25,49.3,,,,,6.312
10.67,CARRY,20.06,-0.01,-9.61,21.86,-0.01,1,0,333.5,136.5,104.4,2.07,0.27,49.1,,,,,6.188
10.72,CARRY,20.26,-0.01,-9.61,21.96,-0.01,1,0,332.5,143.0,97.8,1.94,0.25,49.3,,,,,6.156
10.78,CARRY,20.26,-0.01,-9.61,22.07,-0.01,1,0,333.5,136.5,104.4,2.07,0.27,49.9,,,,,6.0
10.83,CARRY,20.46,-0.01,-9.61,22.17,-0.01,1,0,332.5,143.0,97.8,1.94,0.25,49.2,,,,,6.094
10.88,CARRY,20.46,-0.01,-9.61,22.27,-0.01,1,0,333.5,136.5,104.4,2.07,0.27,49.4,,,,,6.031
10.93,CARRY,20.67,-0.01,-9.61,22.37,-0.01,1,0,332.5,143.0,97.8,1.94,0.25,49.2,,,,,6.156
10.98,CARRY,20.67,-0.01,-9.61,22.47,-0.01,1,0,333.0,137.5,103.3,2.05,0.26,48.4,,,,,6.125
11.03,CARRY,20.87,-0.01,-9.61,22.57,-0.01,1,0,332.5,143.0,97.8,1.94,0.25,48.5,,,,,6.156
11.08,CARRY,20.87,-0.01,-9.61,22.67,-0.01,1,0,333.0,137.5,103.3,2.05,0.26,50.8,,,,,6.156
11.13,CARRY,21.07,-0.01,-9.61,22.77,-0.01,1,0,332.5,143.0,97.8,1.94,0.25,48.6,,,,,6.156
11.18,CARRY,21.07,-0.01,-9.61,22.87,-0.01,1,0,333.0,137.5,103.3,2.05,0.26,47.9,,,,,6.156
11.23,CARRY,21.27,-0.01,-9.61,22.97,-0.01,1,0,332.5,143.0,97.8,1.94,0.25,48.2,,,,,6.156
11.28,CARRY,21.27,-0.01,-9.61,23.07,-0.01,1,0,333.0,137.5,103.3,2.05,0.26,48.0,,,,,6.125
11.33,CARRY,21.48,-0.01,-9.61,23.17,-0.01,1,0,332.5,143.0,97.8,1.94,0.25,48.7,,,,,6.156
11.38,CARRY,21.48,-0.01,-9.61,23.27,-0.01,1,0,333.0,137.5,103.3,2.05,0.26,48.7,,,,,6.062
11.43,CARRY,21.68,-0.01,-9.61,23.37,-0.01,1,0,332.5,143.5,97.3,1.93,0.25,49.6,,,,,6.156
11.48,CARRY,21.68,-0.01,-9.61,23.47,-0.01,1,0,333.0,137.5,103.3,2.05,0.26,48.3,,,,,6.094
11.53,CARRY,21.88,-0.01,-9.61,23.58,-0.01,1,0,332.5,143.5,97.3,1.93,0.25,48.6,,,,,6.125
11.58,CARRY,21.88,-0.01,-9.61,23.68,-0.01,1,0,333.0,138.0,102.8,2.04,0.26,48.4,,,,,6.062
11.63,CARRY,22.08,-0.01,-9.61,23.78,-0.01,1,0,332.5,143.5,97.3,1.93,0.25,49.2,,,,,6.188
11.68,CARRY,22.08,-0.01,-9.61,23.88,-0.01,1,0,333.0,138.0,102.8,2.04,0.26,48.5,,,,,6.125
11.73,CARRY,22.28,-0.01,-9.61,23.98,-0.01,1,0,332.5,143.5,97.3,1.93,0.25,48.5,,,,,6.219
11.78,CARRY,22.28,-0.01,-9.61,24.08,-0.01,1,0,333.0,138.0,102.8,2.04,0.26,48.1,,,,,6.188
11.83,CARRY,22.48,-0.01,-9.61,24.18,-0.01,1,0,332.5,143.0,97.8,1.94,0.25,48.9,,,,,6.188
11.88,CARRY,22.48,-0.01,-9.61,24.28,-0.01,1,0,333.0,137.5,103.3,2.05,0.26,48.2,,,,,6.156
11.93,CARRY,22.68,-0.01,-9.61,24.38,-0.01,1,0,332.5,143.0,97.8,1.94,0.25,48.5,,,,,6.219
11.98,CARRY,22.68,-0.01,-9.61,24.48,-0.01,1,0,333.0,137.5,103.3,2.05,0.26,48.2,,,,,6.156
12.03,CARRY,22.88,-0.01,-9.61,24.58,-0.01,1,0,332.5,143.0,97.8,1.94,0.25,48.9,,,,,6.281
12.08,CARRY,22.88,-0.01,-9.61,24.68,-0.01,1,0,333.0,137.5,103.3,2.05,0.26,48.3,,,,,6.156
12.13,CARRY,23.08,-0.01,-9.61,24.78,-0.01,1,0,332.5,143.0,97.8,1.94,0.25,48.8,,,,,6.219
12.18,CARRY,23.08,-0.01,-9.61,24.88,-0.01,1,0,333.0,137.5,103.3,2.05,0.26,48.3,,,,,6.188
12.23,CARRY,23.28,-0.01,-9.61,24.98,-0.01,1,0,332.5,143.0,97.8,1.94,0.25,48.8,,,,,6.344
12.28,CARRY,23.28,-0.01,-9.61,25.08,-0.01,1,0,333.0,137.5,103.3,2.05,0.26,48.2,,,,,6.219
12.33,CARRY,23.48,-0.01,-9.61,25.18,-0.01,1,0,332.5,143.5,97.3,1.93,0.25,48.8,,,,,6.438
12.38,CARRY,23.48,-0.01,-9.61,25.28,-0.01,1,0,333.0,137.5,103.3,2.05,0.26,48.2,,,,,6.25
12.43,CARRY,23.69,-0.01,-9.61,25.38,-0.01,1,0,332.5,143.5,97.3,1.93,0.25,48.7,,,,,6.344
12.48,CARRY,23.69,-0.01,-9.61,25.48,-0.01,1,0,333.0,137.5,103.3,2.05,0.26,48.2,,,,,6.219
12.53,CARRY,23.89,-0.01,-9.61,25.58,-0.01,1,0,332.5,143.5,97.3,1.93,0.25,49.0,,,,,6.25
12.58,CARRY,23.89,-0.01,-9.61,25.68,-0.01,1,0,333.0,137.5,103.3,2.05,0.26,48.2,,,,,6.156
12.63,CARRY,24.09,-0.01,-9.61,25.78,-0.01,1,0,332.5,143.5,97.3,1.93,0.25,49.3,,,,,6.312
12.68,CARRY,24.09,-0.01,-9.61,25.88,-0.01,1,0,333.0,138.0,102.8,2.04,0.26,48.6,,,,,6.125
12.73,CARRY,24.29,-0.01,-9.61,25.98,-0.01,1,0,332.5,144.0,96.8,1.92,0.25,49.5,,,,,6.062
12.78,CARRY,24.29,-0.01,-9.61,26.08,-0.01,1,0,333.0,138.0,102.8,2.04,0.26,48.3,,,,,5.844
12.83,CARRY,24.49,-0.01,-9.61,26.18,-0.01,1,0,332.5,144.0,96.8,1.92,0.25,48.8,,,,,6.031
12.88,CARRY,24.49,-0.01,-9.61,26.28,-0.01,1,0,333.0,138.0,102.8,2.04,0.26,49.1,,,,,5.938
12.93,CARRY,24.69,-0.01,-9.61,26.38,-0.01,1,0,332.5,144.0,96.8,1.92,0.25,49.6,,,,,6.094
12.98,CARRY,24.69,-0.01,-9.61,26.48,-0.01,1,0,333.0,138.0,102.8,2.04,0.26,48.2,,,,,5.969
13.03,CARRY,24.89,-0.01,-9.61,26.58,-0.01,1,0,332.5,144.0,96.8,1.92,0.25,49.5,,,,,6.156
13.08,CARRY,24.89,-0.01,-9.61,26.68,-0.01,1,0,333.5,138.0,102.9,2.04,0.27,49.6,,,,,6.031
13.13,CARRY,25.09,-0.01,-9.61,26.78,-0.01,1,0,332.5,144.0,96.8,1.92,0.25,50.8,,,,,6.219
13.19,CARRY,25.09,-0.01,-9.61,26.89,-0.01,1,0,333.5,138.0,102.9,2.04,0.27,47.8,,,,,6.094
13.24,CARRY,25.29,-0.01,-9.61,26.99,-0.01,1,0,332.5,143.5,97.3,1.93,0.25,49.4,,,,,6.125
13.29,CARRY,25.29,-0.01,-9.61,27.09,-0.01,1,0,333.5,138.0,102.9,2.04,0.27,48.8,,,,,6.062
13.34,CARRY,25.49,-0.01,-9.61,27.19,-0.01,1,0,332.5,143.5,97.3,1.93,0.25,49.1,,,,,6.219
13.39,CARRY,25.49,-0.01,-9.61,27.29,-0.01,1,0,333.5,138.0,102.9,2.04,0.27,48.2,,,,,6.094
13.44,CARRY,25.69,-0.01,-9.61,27.39,-0.01,1,0,332.5,143.5,97.3,1.93,0.25,48.6,,,,,6.125
13.49,CARRY,25.69,-0.01,-9.61,27.49,-0.01,1,0,333.5,138.0,102.9,2.04,0.27,48.4,,,,,5.969
13.54,CARRY,25.9,-0.01,-9.61,27.59,-0.01,1,0,332.5,143.5,97.3,1.93,0.25,48.9,,,,,5.875
13.59,CARRY,25.9,-0.01,-9.61,27.69,-0.01,1,0,333.5,138.0,102.9,2.04,0.27,47.0,,,,,5.844
13.64,CARRY,26.1,-0.01,-9.61,27.79,-0.01,1,0,332.5,144.0,96.8,1.92,0.25,48.3,,,,,5.781
13.69,CARRY,26.1,-0.01,-9.61,27.89,-0.01,1,0,333.5,138.0,102.9,2.04,0.27,48.0,,,,,5.75
13.74,CARRY,26.3,-0.01,-9.61,27.99,-0.01,1,0,332.5,144.0,96.8,1.92,0.25,48.5,,,,,6.25
13.79,CARRY,26.3,-0.01,-9.61,28.09,-0.01,1,0,333.5,137.5,103.4,2.05,0.27,47.5,,,,,6.125
13.84,CARRY,26.5,-0.01,-9.61,28.19,-0.01,1,0,332.5,143.5,97.3,1.93,0.25,48.4,,,,,6.469
13.89,CARRY,26.5,-0.01,-9.61,28.29,-0.01,1,0,333.5,137.5,103.4,2.05,0.27,47.1,,,,,6.312
13.94,CARRY,26.7,-0.01,-9.61,28.39,-0.01,1,0,332.5,143.5,97.3,1.93,0.25,48.6,,,,,6.625
13.99,CARRY,26.7,-0.01,-9.61,28.49,-0.01,1,0,333.5,137.5,103.4,2.05,0.27,48.3,,,,,6.469
14.04,CARRY,26.9,-0.01,-9.61,28.59,-0.01,1,0,332.5,143.5,97.3,1.93,0.25,48.2,,,,,6.562
14.09,CARRY,26.9,-0.01,-9.61,28.69,-0.01,1,0,333.5,137.5,103.4,2.05,0.27,47.1,,,,,6.406
14.14,CARRY,27.1,-0.01,-9.61,28.79,-0.01,1,0,332.5,143.5,97.3,1.93,0.25,48.2,,,,,6.469
14.19,CARRY,27.1,-0.01,-9.61,28.89,-0.01,1,0,333.5,138.0,102.9,2.04,0.27,47.4,,,,,6.344
14.24,CARRY,27.3,-0.01,-9.61,28.99,-0.01,1,0,332.5,143.5,97.3,1.93,0.25,48.4,,,,,6.344
14.29,CARRY,27.3,-0.01,-9.61,29.09,-0.01,1,0,333.5,138.0,102.9,2.04,0.27,48.3,,,,,6.281
14.34,CARRY,27.51,-0.01,-9.61,29.19,-0.01,1,0,332.5,143.5,97.3,1.93,0.25,48.3,,,,,6.406
14.39,CARRY,27.51,-0.01,-9.61,29.29,-0.01,1,0,333.5,138.0,102.9,2.04,0.27,47.1,,,,,6.312
14.44,CARRY,27.71,-0.01,-9.61,29.39,-0.01,1,0,332.5,143.5,97.3,1.93,0.25,48.3,,,,,6.312
14.49,CARRY,27.91,-0.01,-9.61,29.49,-0.01,1,0,331.5,150.0,90.7,1.8,0.23,47.9,,,,,6.188
14.54,CARRY,27.91,-0.01,-9.61,29.59,-0.01,1,0,332.5,143.5,97.3,1.93,0.25,47.9,,,,,6.156
14.59,CARRY,27.91,-0.01,-9.61,29.69,-0.01,1,0,333.5,138.0,102.9,2.04,0.27,48.2,,,,,6.062
14.64,CARRY,28.11,-0.01,-9.61,29.79,-0.01,1,0,332.5,144.0,96.8,1.92,0.25,48.2,,,,,6.188
14.69,CARRY,28.11,-0.01,-9.61,29.89,-0.01,1,0,333.5,138.0,102.9,2.04,0.27,47.2,,,,,6.031
14.74,CARRY,28.31,-0.01,-9.61,29.99,-0.01,1,0,332.5,144.0,96.8,1.92,0.25,51.0,,,,,5.875
14.79,CARRY,28.51,-0.01,-9.61,30.1,-0.01,1,0,331.5,150.0,90.7,1.8,0.23,48.9,,,,,5.812
14.84,CARRY,28.51,-0.01,-9.61,30.2,-0.01,1,0,332.5,144.0,96.8,1.92,0.25,48.1,,,,,5.812
14.89,CARRY,28.71,-0.01,-9.61,30.3,-0.01,1,0,331.5,150.0,90.7,1.8,0.23,49.7,,,,,5.875
14.94,CARRY,28.71,-0.01,-9.61,30.4,-0.01,1,0,332.5,144.0,96.8,1.92,0.25,47.8,,,,,6.031
14.99,CARRY,28.91,-0.01,-9.61,30.5,-0.01,1,0,332.0,149.5,91.3,1.81,0.24,48.8,,,,,5.969
15.04,CARRY,28.91,-0.01,-9.61,30.6,-0.01,1,0,332.5,144.0,96.8,1.92,0.25,47.7,,,,,6.0
15.09,CARRY,29.1,-0.01,-9.61,30.7,-0.01,1,0,332.0,149.0,91.8,1.82,0.24,48.6,,,,,5.906
15.14,CARRY,29.1,-0.01,-9.61,30.8,-0.01,1,0,332.5,143.0,97.8,1.94,0.25,47.9,,,,,5.875
15.19,CARRY,29.3,-0.01,-9.61,30.9,-0.01,1,0,332.0,149.0,91.8,1.82,0.24,49.7,,,,,5.844
15.24,CARRY,29.3,-0.01,-9.61,31.0,-0.01,1,0,332.5,143.0,97.8,1.94,0.25,47.8,,,,,5.812
15.29,CARRY,29.49,-0.01,-9.61,31.1,-0.01,1,0,332.0,148.0,92.8,1.84,0.24,48.7,,,,,5.875
15.34,CARRY,29.49,-0.01,-9.61,31.2,-0.01,1,0,332.5,143.0,97.8,1.94,0.25,47.8,,,,,5.812
15.39,CARRY,29.68,-0.01,-9.61,31.3,-0.01,1,0,332.0,148.0,92.8,1.84,0.24,48.7,,,,,6.031
15.44,CARRY,29.68,-0.01,-9.61,31.4,-0.01,1,0,332.5,142.0,98.8,1.96,0.25,49.0,,,,,6.031
15.49,CARRY,29.87,-0.01,-9.61,31.5,-0.01,1,0,332.0,147.0,93.8,1.86,0.24,49.6,,,,,5.875
15.54,CARRY,29.87,-0.01,-9.61,31.6,-0.01,1,0,333.0,141.5,99.4,1.97,0.26,47.6,,,,,5.812
15.59,CARRY,30.07,-0.01,-9.61,31.7,-0.01,1,0,332.5,147.0,93.8,1.86,0.25,48.7,,,,,5.562
15.64,CARRY,30.07,-0.01,-9.61,31.8,-0.01,1,0,333.0,140.5,100.3,1.99,0.26,47.6,,,,,5.531
15.69,CARRY,30.26,-0.01,-9.6,31.9,-0.01,1,0,332.5,145.5,95.3,1.89,0.25,48.7,,,,,5.625
15.74,CARRY,30.26,-0.01,-9.6,32.0,-0.01,1,0,333.0,140.5,100.3,1.99,0.26,47.6,,,,,5.688
15.79,CARRY,30.45,-0.01,-9.6,32.1,-0.01,1,0,332.5,145.5,95.3,1.89,0.25,49.7,,,,,5.781
15.85,CARRY,30.45,-0.01,-9.6,32.21,-0.01,1,0,333.0,139.5,101.3,2.01,0.26,47.5,,,,,5.812
15.9,CARRY,30.64,-0.01,-9.6,32.31,-0.01,1,0,332.5,144.5,96.3,1.91,0.25,48.7,,,,,5.656
15.95,CARRY,30.64,-0.01,-9.6,32.41,-0.01,1,0,333.5,138.5,102.4,2.03,0.27,47.4,,,,,5.562
16.0,CARRY,30.83,-0.01,-9.6,32.51,-0.01,1,0,332.5,144.5,96.3,1.91,0.25,48.6,,,,,5.656
16.05,CARRY,30.83,-0.01,-9.6,32.61,-0.01,1,0,333.5,138.5,102.4,2.03,0.27,47.5,,,,,5.594
16.1,CARRY,31.02,-0.01,-9.6,32.71,-0.01,1,0,332.5,143.5,97.3,1.93,0.25,51.4,,,,,5.781
16.15,CARRY,31.02,-0.01,-9.6,32.81,-0.01,1,0,333.5,138.0,102.9,2.04,0.27,48.1,,,,,5.719
16.2,CARRY,31.22,-0.01,-9.6,32.91,-0.01,1,0,332.5,143.5,97.3,1.93,0.25,48.9,,,,,5.875
16.25,CARRY,31.22,-0.01,-9.6,33.01,-0.01,1,0,333.5,138.0,102.9,2.04,0.27,47.9,,,,,5.812
16.3,CARRY,31.41,-0.01,-9.6,33.11,-0.01,1,0,332.5,143.0,97.8,1.94,0.25,48.9,,,,,6.0
16.35,CARRY,31.41,-0.01,-9.6,33.21,-0.01,1,0,333.5,138.0,102.9,2.04,0.27,47.8,,,,,5.906
16.4,CARRY,31.61,-0.01,-9.6,33.31,-0.01,1,0,332.5,143.0,97.8,1.94,0.25,50.2,,,,,6.031
16.45,CARRY,31.61,-0.01,-9.6,33.41,-0.01,1,0,333.5,136.5,104.4,2.07,0.27,48.5,,,,,5.938
16.5,CARRY,31.81,-0.01,-9.6,33.51,-0.01,1,0,332.5,143.0,97.8,1.94,0.25,49.3,,,,,5.844
16.55,CARRY,31.81,-0.01,-9.6,33.61,-0.01,1,0,333.5,136.5,104.4,2.07,0.27,48.4,,,,,5.75
16.6,CARRY,32.01,-0.01,-9.6,33.71,-0.01,1,0,332.5,143.0,97.8,1.94,0.25,49.2,,,,,5.781
16.65,CARRY,32.01,-0.01,-9.6,33.82,-0.01,1,0,333.5,136.5,104.4,2.07,0.27,49.2,,,,,5.719
16.7,CARRY,32.2,-0.01,-9.6,33.92,-0.01,1,0,332.5,142.5,98.3,1.95,0.25,50.0,,,,,5.688
16.75,CARRY,32.2,-0.01,-9.6,34.02,-0.01,1,0,333.5,136.5,104.4,2.07,0.27,48.4,,,,,5.812
16.8,CARRY,32.4,-0.01,-9.6,34.12,-0.01,1,0,332.5,142.0,98.8,1.96,0.25,48.7,,,,,5.781
16.85,CARRY,32.4,-0.01,-9.6,34.22,-0.01,1,0,333.5,136.5,104.4,2.07,0.27,48.5,,,,,5.906
16.9,CARRY,32.6,-0.01,-9.6,34.32,-0.01,1,0,332.5,142.0,98.8,1.96,0.25,49.0,,,,,5.875
16.95,CARRY,32.6,-0.01,-9.6,34.42,-0.01,1,0,333.5,136.5,104.4,2.07,0.27,48.4,,,,,6.0
17.0,CARRY,32.8,-0.01,-9.6,34.52,-0.01,1,0,332.5,142.0,98.8,1.96,0.25,49.9,,,,,5.938
17.05,CARRY,32.8,-0.01,-9.6,34.62,-0.01,1,0,333.5,136.0,104.9,2.08,0.27,48.4,,,,,6.031
17.1,CARRY,33.0,-0.01,-9.6,34.72,-0.01,1,0,332.5,142.0,98.8,1.96,0.25,48.3,,,,,5.906
17.15,CARRY,33.0,-0.01,-9.6,34.82,-0.01,1,0,333.5,136.0,104.9,2.08,0.27,47.9,,,,,6.0
17.2,CARRY,33.2,-0.01,-9.6,34.92,-0.01,1,0,332.5,142.0,98.8,1.96,0.25,48.6,,,,,5.875
17.25,CARRY,33.2,-0.01,-9.6,35.02,-0.01,1,0,333.5,136.0,104.9,2.08,0.27,48.1,,,,,5.938
17.3,CARRY,33.4,-0.01,-9.6,35.12,-0.01,1,0,332.5,142.0,98.8,1.96,0.25,49.1,,,,,5.844
17.35,CARRY,33.4,-0.01,-9.6,35.22,-0.01,1,0,333.5,136.0,104.9,2.08,0.27,48.0,,,,,5.938
17.4,CARRY,33.61,-0.01,-9.6,35.32,-0.01,1,0,332.5,142.0,98.8,1.96,0.25,48.3,,,,,5.969
17.45,CARRY,33.61,-0.01,-9.6,35.42,-0.01,1,0,333.5,136.5,104.4,2.07,0.27,48.0,,,,,6.031
17.5,CARRY,33.81,-0.01,-9.6,35.52,-0.01,1,0,332.5,142.5,98.3,1.95,0.25,48.3,,,,,6.031
17.55,CARRY,33.81,-0.01,-9.6,35.62,-0.01,1,0,333.5,136.5,104.4,2.07,0.27,47.9,,,,,6.125
17.6,CARRY,34.01,-0.01,-9.61,35.72,-0.01,1,0,332.5,142.5,98.3,1.95,0.25,49.0,,,,,6.125
17.65,CARRY,34.01,-0.01,-9.61,35.82,-0.01,1,0,333.5,136.5,104.4,2.07,0.27,47.8,,,,,6.219
17.7,CARRY,34.21,-0.01,-9.61,35.92,-0.01,1,0,332.5,143.0,97.8,1.94,0.25,48.3,,,,,6.312
17.75,CARRY,34.21,-0.01,-9.61,36.02,-0.01,1,0,333.5,136.5,104.4,2.07,0.27,47.1,,,,,6.281
17.8,CARRY,34.41,-0.01,-9.61,36.12,-0.01,1,0,332.5,143.0,97.8,1.94,0.25,47.7,,,,,6.344
17.85,CARRY,34.41,-0.01,-9.61,36.22,-0.01,1,0,333.5,136.5,104.4,2.07,0.27,49.0,,,,,6.188
17.9,CARRY,34.62,-0.01,-9.61,36.32,-0.01,1,0,332.5,143.0,97.8,1.94,0.25,49.1,,,,,6.5
17.95,CARRY,34.62,-0.01,-9.61,36.42,-0.01,1,0,333.5,136.5,104.4,2.07,0.27,53.6,,,,,6.281
18.01,CARRY,34.82,-0.01,-9.61,36.53,-0.01,1,0,333.0,141.5,99.4,1.97,0.26,48.1,,,,,6.344
18.06,CARRY,34.82,-0.01,-9.61,36.63,-0.01,1,0,333.5,136.0,104.9,2.08,0.27,47.4,,,,,6.375
18.11,CARRY,35.02,-0.02,-9.61,36.73,-0.01,1,0,333.0,141.5,99.4,1.97,0.26,48.2,,,,,6.5
18.16,CARRY,35.02,-0.02,-9.61,36.83,-0.01,1,0,333.5,136.5,104.4,2.07,0.27,49.9,,,,,6.5
18.21,CARRY,35.22,-0.02,-9.61,36.93,-0.01,1,0,333.0,141.5,99.4,1.97,0.26,47.4,,,,,6.438
18.26,CARRY,35.22,-0.02,-9.61,37.04,-0.01,1,0,333.5,136.0,104.9,2.08,0.27,48.4,,,,,6.469
18.31,CARRY,35.42,-0.02,-9.61,37.14,-0.01,1,0,333.0,142.0,98.9,1.96,0.26,48.0,,,,,6.5
18.36,CARRY,35.42,-0.02,-9.61,37.24,-0.01,1,0,333.5,136.5,104.4,2.07,0.27,48.4,,,,,6.5
18.41,CARRY,35.62,-0.02,-9.61,37.34,-0.01,1,0,333.0,142.5,98.4,1.95,0.26,47.3,,,,,6.594
18.46,CARRY,35.62,-0.02,-9.61,37.44,-0.01,1,0,333.5,136.5,104.4,2.07,0.27,49.1,,,,,6.375
18.51,CARRY,35.83,-0.02,-9.61,37.54,-0.01,1,0,332.5,143.0,97.8,1.94,0.25,49.4,,,,,6.281
18.56,CARRY,35.83,-0.02,-9.61,37.64,-0.01,1,0,333.5,136.5,104.4,2.07,0.27,48.9,,,,,6.094
18.61,CARRY,36.03,-0.02,-9.61,37.74,-0.01,1,0,332.5,143.0,97.8,1.94,0.25,48.2,,,,,6.344
18.66,CARRY,36.03,-0.02,-9.61,37.84,-0.01,1,0,333.5,136.5,104.4,2.07,0.27,47.5,,,,,6.125
18.71,CARRY,36.23,-0.01,-9.61,37.94,-0.01,1,0,332.5,143.0,97.8,1.94,0.25,49.5,,,,,6.188
18.76,CARRY,36.23,-0.01,-9.61,38.04,-0.01,1,0,333.5,136.5,104.4,2.07,0.27,48.3,,,,,5.938
18.81,CARRY,36.44,-0.01,-9.61,38.14,-0.01,1,0,332.5,143.0,97.8,1.94,0.25,49.4,,,,,5.906
18.86,CARRY,36.44,-0.01,-9.61,38.24,-0.01,1,0,333.5,136.5,104.4,2.07,0.27,48.5,,,,,5.812
18.91,CARRY,36.64,-0.01,-9.61,38.34,-0.01,1,0,332.5,143.0,97.8,1.94,0.25,49.1,,,,,5.938
18.96,CARRY,36.64,-0.01,-9.61,38.44,-0.01,1,0,333.5,137.5,103.4,2.05,0.27,48.4,,,,,5.844
19.01,CARRY,36.84,-0.01,-9.61,38.54,-0.01,1,0,332.5,143.0,97.8,1.94,0.25,50.2,,,,,5.844
19.06,CARRY,36.84,-0.01,-9.61,38.64,-0.01,1,0,333.5,137.5,103.4,2.05,0.27,46.9,,,,,5.812
19.11,CARRY,37.05,-0.01,-9.61,38.74,-0.01,1,0,332.5,143.5,97.3,1.93,0.25,48.8,,,,,5.688
19.16,CARRY,37.05,-0.01,-9.61,38.84,-0.01,1,0,333.5,138.0,102.9,2.04,0.27,48.3,,,,,5.656
19.21,CARRY,37.25,-0.01,-9.61,38.94,-0.01,1,0,332.5,143.5,97.3,1.93,0.25,48.7,,,,,5.594
19.26,CARRY,37.25,-0.01,-9.61,39.04,-0.01,1,0,333.5,138.0,102.9,2.04,0.27,47.3,,,,,5.531
19.31,CARRY,37.45,-0.01,-9.61,39.14,-0.01,1,0,332.5,144.0,96.8,1.92,0.25,49.6,,,,,5.625
19.37,CARRY,37.45,-0.01,-9.61,39.24,-0.01,1,0,333.5,138.0,102.9,2.04,0.27,46.7,,,,,5.562
19.42,CARRY,37.65,-0.01,-9.61,39.34,-0.01,1,0,332.5,144.0,96.8,1.92,0.25,50.0,,,,,5.594
19.47,CARRY,37.65,-0.01,-9.61,39.45,-0.01,1,0,333.5,138.0,102.9,2.04,0.27,47.0,,,,,5.562
19.52,CARRY,37.86,-0.01,-9.61,39.55,-0.01,1,0,332.5,144.0,96.8,1.92,0.25,48.4,,,,,5.688
19.57,CARRY,37.86,-0.01,-9.61,39.65,-0.01,1,0,333.5,138.0,102.9,2.04,0.27,47.3,,,,,5.625
19.62,CARRY,38.06,-0.01,-9.61,39.75,-0.01,1,0,332.5,144.0,96.8,1.92,0.25,49.7,,,,,5.594
19.67,CARRY,38.06,-0.01,-9.61,39.85,-0.01,1,0,333.5,138.0,102.9,2.04,0.27,48.0,,,,,5.562
19.72,CARRY,38.26,-0.01,-9.61,39.95,-0.01,1,0,332.5,144.0,96.8,1.92,0.25,47.9,,,,,5.719
19.77,CARRY,38.26,-0.01,-9.61,40.05,-0.01,1,0,333.5,138.0,102.9,2.04,0.27,47.2,,,,,5.719
19.82,CARRY,38.46,-0.01,-9.6,40.15,-0.01,1,0,332.5,143.5,97.3,1.93,0.25,48.3,,,,,5.906
19.87,CARRY,38.46,-0.01,-9.6,40.25,-0.01,1,0,333.5,138.0,102.9,2.04,0.27,48.7,,,,,5.938
19.92,CARRY,38.67,-0.01,-9.6,40.35,-0.01,1,0,332.5,143.5,97.3,1.93,0.25,49.5,,,,,6.062
19.97,CARRY,38.67,-0.01,-9.6,40.45,-0.01,1,0,333.5,138.0,102.9,2.04,0.27,48.1,,,,,6.031
20.02,CARRY,38.87,-0.01,-9.6,40.55,-0.01,1,0,332.5,143.5,97.3,1.93,0.25,48.8,,,,,6.125
20.07,CARRY,38.87,-0.01,-9.6,40.65,-0.01,1,0,333.5,138.0,102.9,2.04,0.27,47.8,,,,,6.062
20.12,CARRY,39.07,-0.01,-9.6,40.75,-0.01,1,0,332.5,143.5,97.3,1.93,0.25,49.8,,,,,6.125
20.17,CARRY,39.07,-0.01,-9.6,40.85,-0.01,1,0,333.5,138.0,102.9,2.04,0.27,48.2,,,,,6.062
20.22,CARRY,39.27,-0.01,-9.6,40.95,-0.01,1,0,332.5,143.5,97.3,1.93,0.25,49.3,,,,,6.094
20.27,CARRY,39.27,-0.01,-9.6,41.05,-0.01,1,0,333.5,138.0,102.9,2.04,0.27,48.7,,,,,6.062
20.32,CARRY,39.47,-0.01,-9.6,41.15,-0.01,1,0,332.5,143.5,97.3,1.93,0.25,49.2,,,,,6.062
20.37,CARRY,39.47,-0.01,-9.6,41.25,-0.01,1,0,333.5,138.0,102.9,2.04,0.27,47.4,,,,,6.031
20.42,CARRY,39.67,-0.01,-9.6,41.36,-0.01,1,0,332.5,143.5,97.3,1.93,0.25,50.6,,,,,6.156
20.47,CARRY,39.67,-0.01,-9.6,41.46,-0.01,1,0,333.5,138.0,102.9,2.04,0.27,49.9,,,,,6.062
20.52,CARRY,39.87,-0.01,-9.6,41.56,-0.01,1,0,332.5,144.0,96.8,1.92,0.25,49.0,,,,,6.156
20.57,CARRY,39.87,-0.01,-9.6,41.66,-0.01,1,0,333.5,138.0,102.9,2.04,0.27,49.6,,,,,6.094
20.62,CARRY,40.07,-0.01,-9.6,41.76,-0.01,1,0,332.5,143.5,97.3,1.93,0.25,49.6,,,,,6.156
20.67,CARRY,40.07,-0.01,-9.6,41.86,-0.01,1,0,333.5,138.0,102.9,2.04,0.27,48.2,,,,,6.0
20.72,CARRY,40.27,-0.01,-9.6,41.96,-0.01,1,0,332.5,144.0,96.8,1.92,0.25,50.3,,,,,6.156
20.78,CARRY,40.27,-0.01,-9.6,42.07,-0.01,1,0,333.5,138.0,102.9,2.04,0.27,48.0,,,,,5.906
20.83,CARRY,40.47,-0.01,-9.6,42.17,-0.01,1,0,332.5,143.5,97.3,1.93,0.25,49.8,,,,,6.156
20.88,CARRY,40.47,-0.01,-9.6,42.27,-0.01,1,0,333.5,138.0,102.9,2.04,0.27,48.5,,,,,6.0
20.93,CARRY,40.67,-0.01,-9.6,42.37,-0.01,1,0,332.5,143.0,97.8,1.94,0.25,48.9,,,,,6.188
20.98,CARRY,40.67,-0.01,-9.6,42.47,-0.01,1,0,333.5,138.0,102.9,2.04,0.27,49.5,,,,,6.062
21.03,CARRY,40.87,-0.01,-9.6,42.57,-0.01,1,0,332.5,143.0,97.8,1.94,0.25,48.3,,,,,6.219
21.08,CARRY,40.87,-0.01,-9.6,42.67,-0.01,1,0,333.5,138.0,102.9,2.04,0.27,48.0,,,,,6.062
21.13,CARRY,41.07,-0.01,-9.6,42.77,-0.01,1,0,332.5,143.0,97.8,1.94,0.25,50.1,,,,,6.188
21.18,CARRY,41.07,-0.01,-9.6,42.87,-0.01,1,0,333.5,137.5,103.4,2.05,0.27,47.8,,,,,6.062
21.23,CARRY,41.27,-0.01,-9.6,42.97,-0.01,1,0,332.5,143.0,97.8,1.94,0.25,48.5,,,,,6.094
21.28,CARRY,41.27,-0.01,-9.6,43.07,-0.01,1,0,333.5,137.5,103.4,2.05,0.27,48.8,,,,,6.031
21.33,CARRY,41.47,-0.01,-9.6,43.17,-0.01,1,0,332.5,143.0,97.8,1.94,0.25,53.2,,,,,6.125
21.38,CARRY,41.47,-0.01,-9.6,43.28,-0.01,1,0,333.5,136.5,104.4,2.07,0.27,47.8,,,,,5.969
21.43,CARRY,41.67,-0.01,-9.6,43.38,-0.01,1,0,332.5,143.0,97.8,1.94,0.25,49.5,,,,,6.062
21.48,CARRY,41.67,-0.01,-9.6,43.48,-0.01,1,0,333.5,136.5,104.4,2.07,0.27,47.6,,,,,5.969
21.53,CARRY,41.87,-0.01,-9.6,43.58,-0.01,1,0,332.5,143.0,97.8,1.94,0.25,49.7,,,,,6.062
21.58,CARRY,41.87,-0.01,-9.6,43.68,-0.01,1,0,333.5,136.5,104.4,2.07,0.27,48.4,,,,,5.906
21.63,CARRY,42.08,-0.01,-9.6,43.78,-0.01,1,0,332.5,143.0,97.8,1.94,0.25,49.4,,,,,6.188
21.69,CARRY,42.08,-0.01,-9.6,43.89,-0.01,1,0,333.5,136.5,104.4,2.07,0.27,46.8,,,,,6.031
21.74,CARRY,42.28,-0.01,-9.6,43.99,-0.01,1,0,332.5,143.0,97.8,1.94,0.25,49.3,,,,,6.406
21.79,CARRY,42.28,-0.01,-9.6,44.09,-0.01,1,0,333.5,136.5,104.4,2.07,0.27,49.2,,,,,6.219
21.84,CARRY,42.48,-0.01,-9.6,44.19,-0.01,1,0,332.5,143.0,97.8,1.94,0.25,49.0,,,,,6.531
21.89,CARRY,42.48,-0.01,-9.6,44.29,-0.01,1,0,333.5,136.5,104.4,2.07,0.27,47.4,,,,,6.344
21.94,CARRY,42.68,-0.01,-9.6,44.39,-0.01,1,0,332.5,143.0,97.8,1.94,0.25,49.1,,,,,6.594
21.99,CARRY,42.68,-0.01,-9.6,44.49,-0.01,1,0,333.5,136.5,104.4,2.07,0.27,46.7,,,,,6.375
22.04,CARRY,42.88,-0.01,-9.6,44.59,-0.01,1,0,332.5,143.0,97.8,1.94,0.25,50.2,,,,,6.625
22.09,CARRY,42.88,-0.01,-9.6,44.69,-0.01,1,0,333.5,136.5,104.4,2.07,0.27,49.5,,,,,6.406
22.14,CARRY,43.09,-0.01,-9.6,44.79,-0.01,1,0,332.5,143.0,97.8,1.94,0.25,48.6,,,,,6.656
22.19,CARRY,43.09,-0.01,-9.6,44.89,-0.01,1,0,333.5,136.5,104.4,2.07,0.27,47.2,,,,,6.438
22.24,CARRY,43.29,-0.01,-9.6,44.99,-0.01,1,0,332.5,143.0,97.8,1.94,0.25,50.6,,,,,6.562
22.29,CARRY,43.29,-0.01,-9.6,45.1,-0.01,1,0,333.5,136.5,104.4,2.07,0.27,47.3,,,,,6.375
22.34,CARRY,43.49,-0.01,-9.6,45.2,-0.01,1,0,332.5,143.0,97.8,1.94,0.25,50.4,,,,,6.562
22.39,CARRY,43.49,-0.01,-9.6,45.3,-0.01,1,0,333.5,136.5,104.4,2.07,0.27,49.7,,,,,6.375
22.44,CARRY,43.69,-0.01,-9.6,45.4,-0.01,1,0,333.0,143.0,97.9,1.94,0.26,48.9,,,,,6.406
22.49,CARRY,43.89,-0.02,-9.6,45.5,-0.01,1,0,332.0,147.5,93.3,1.85,0.24,49.1,,,,,6.344
22.54,CARRY,43.89,-0.02,-9.6,45.6,-0.01,1,0,333.0,143.0,97.9,1.94,0.26,48.4,,,,,6.406
22.59,CARRY,44.09,-0.02,-9.6,45.7,-0.01,1,0,332.0,148.5,92.3,1.83,0.24,48.6,,,,,6.219
22.64,CARRY,44.09,-0.02,-9.6,45.8,-0.01,1,0,332.5,143.0,97.8,1.94,0.25,48.9,,,,,6.375
22.69,CARRY,44.3,-0.02,-9.6,45.9,-0.01,1,0,332.0,149.0,91.8,1.82,0.24,48.3,,,,,6.219
22.74,CARRY,44.3,-0.02,-9.6,46.0,-0.01,1,0,332.5,143.0,97.8,1.94,0.25,48.3,,,,,6.25
22.79,CARRY,44.5,-0.02,-9.6,46.1,-0.01,1,0,332.0,148.5,92.3,1.83,0.24,48.2,,,,,6.156
22.84,CARRY,44.5,-0.02,-9.6,46.2,-0.01,1,0,332.5,143.0,97.8,1.94,0.25,47.7,,,,,6.344
22.89,CARRY,44.69,-0.02,-9.6,46.3,-0.01,1,0,332.0,148.0,92.8,1.84,0.24,49.7,,,,,6.219
22.94,CARRY,44.69,-0.02,-9.6,46.4,-0.01,1,0,332.5,143.0,97.8,1.94,0.25,48.3,,,,,6.219
22.99,CARRY,44.89,-0.02,-9.6,46.5,-0.01,1,0,332.0,148.0,92.8,1.84,0.24,49.2,,,,,6.188
23.05,CARRY,44.89,-0.02,-9.6,46.6,-0.01,1,0,333.0,142.0,98.9,1.96,0.26,48.2,,,,,6.125
23.1,CARRY,45.08,-0.02,-9.61,46.71,-0.01,1,0,332.5,148.0,92.8,1.84,0.25,54.0,,,,,6.062
23.15,CARRY,45.08,-0.02,-9.61,46.82,-0.01,1,0,333.0,141.5,99.4,1.97,0.26,47.6,,,,,6.062
23.2,CARRY,45.28,-0.02,-9.61,46.92,-0.01,1,0,332.5,147.0,93.8,1.86,0.25,48.6,,,,,6.031
23.25,CARRY,45.28,-0.02,-9.61,47.02,-0.01,1,0,333.0,141.0,99.8,1.98,0.26,49.8,,,,,6.062
23.3,CARRY,45.47,-0.02,-9.61,47.12,-0.01,1,0,332.5,145.5,95.3,1.89,0.25,49.3,,,,,5.969
23.35,CARRY,45.47,-0.02,-9.61,47.22,-0.01,1,0,333.0,141.0,99.8,1.98,0.26,48.5,,,,,5.906
23.4,CARRY,45.66,-0.01,-9.61,47.32,-0.01,1,0,332.5,145.5,95.3,1.89,0.25,48.4,,,,,5.781
23.45,CARRY,45.66,-0.01,-9.61,47.42,-0.01,1,0,333.0,140.0,100.8,2.0,0.26,49.1,,,,,5.656
23.5,CARRY,45.86,-0.01,-9.61,47.52,-0.01,1,0,332.5,145.0,95.8,1.9,0.25,50.2,,,,,5.562
23.55,CARRY,45.86,-0.01,-9.61,47.62,-0.01,1,0,333.5,140.0,100.9,2.0,0.27,49.4,,,,,5.438
23.6,CARRY,46.05,-0.01,-9.61,47.72,-0.01,1,0,332.5,145.0,95.8,1.9,0.25,49.7,,,,,5.312
23.65,CARRY,46.05,-0.01,-9.61,47.82,-0.01,1,0,333.5,139.0,101.9,2.02,0.27,49.4,,,,,5.219
23.7,CARRY,46.25,-0.01,-9.61,47.92,-0.01,1,0,332.5,144.5,96.3,1.91,0.25,49.1,,,,,5.312
23.75,CARRY,46.25,-0.01,-9.61,48.02,-0.01,1,0,333.5,138.5,102.4,2.03,0.27,47.5,,,,,5.438
23.8,CARRY,46.44,-0.01,-9.61,48.12,-0.01,1,0,332.5,144.0,96.8,1.92,0.25,48.0,,,,,5.656
23.85,CARRY,46.44,-0.01,-9.61,48.22,-0.01,1,0,333.5,138.0,102.9,2.04,0.27,48.7,,,,,5.656
23.91,CARRY,46.64,-0.01,-9.61,48.32,-0.01,1,0,332.5,143.5,97.3,1.93,0.25,47.1,,,,,5.844
23.96,CARRY,46.64,-0.01,-9.61,48.42,-0.01,1,0,333.5,138.0,102.9,2.04,0.27,48.5,,,,,5.781
24.01,CARRY,46.83,-0.01,-9.61,48.52,-0.01,1,0,332.5,143.5,97.3,1.93,0.25,49.7,,,,,5.969
24.06,CARRY,46.83,-0.01,-9.61,48.63,-0.01,1,0,333.5,138.0,102.9,2.04,0.27,48.6,,,,,5.906
24.11,CARRY,47.03,-0.01,-9.61,48.73,-0.01,1,0,332.5,143.0,97.8,1.94,0.25,48.0,,,,,6.062
24.16,CARRY,47.03,-0.01,-9.61,48.83,-0.01,1,0,333.5,138.0,102.9,2.04,0.27,48.6,,,,,6.0
24.21,CARRY,47.23,-0.01,-9.61,48.93,-0.01,1,0,332.5,143.0,97.8,1.94,0.25,48.3,,,,,6.188
24.26,CARRY,47.23,-0.01,-9.61,49.03,-0.01,1,0,333.5,138.0,102.9,2.04,0.27,48.6,,,,,6.094
24.31,CARRY,47.43,-0.01,-9.61,49.13,-0.01,1,0,332.5,143.0,97.8,1.94,0.25,47.9,,,,,6.156
24.36,CARRY,47.43,-0.01,-9.61,49.23,-0.01,1,0,333.5,137.0,103.9,2.06,0.27,47.7,,,,,6.094
24.41,CARRY,47.62,-0.01,-9.61,49.33,-0.01,1,0,332.5,143.0,97.8,1.94,0.25,49.5,,,,,6.312
24.46,CARRY,47.62,-0.01,-9.61,49.43,-0.01,1,0,333.5,136.5,104.4,2.07,0.27,49.5,,,,,6.219
24.51,CARRY,47.82,-0.01,-9.61,49.53,-0.01,1,0,332.5,143.0,97.8,1.94,0.25,48.6,,,,,6.125
24.56,CARRY,47.82,-0.01,-9.61,49.63,-0.01,1,0,333.5,136.5,104.4,2.07,0.27,48.8,,,,,6.0
24.61,CARRY,48.02,-0.01,-9.6,49.73,-0.01,1,0,332.5,143.0,97.8,1.94,0.25,47.8,,,,,6.188
24.66,CARRY,48.02,-0.01,-9.6,49.83,-0.01,1,0,333.5,136.5,104.4,2.07,0.27,48.9,,,,,6.125
24.71,CARRY,48.22,-0.01,-9.6,49.93,-0.01,1,0,332.5,143.0,97.8,1.94,0.25,50.8,,,,,6.094
24.76,CARRY,48.22,-0.01,-9.6,50.03,-0.01,1,0,333.5,136.5,104.4,2.07,0.27,48.8,,,,,6.0
24.81,CARRY,48.42,-0.01,-9.6,50.13,-0.01,1,0,332.5,143.0,97.8,1.94,0.25,52.3,,,,,6.0
24.86,CARRY,48.42,-0.01,-9.6,50.24,-0.01,1,0,333.5,136.0,104.9,2.08,0.27,46.7,,,,,6.031
24.91,CARRY,48.63,-0.01,-9.6,50.34,-0.01,1,0,332.5,142.0,98.8,1.96,0.25,49.1,,,,,6.125
24.96,CARRY,48.63,-0.01,-9.6,50.44,-0.01,1,0,333.5,136.0,104.9,2.08,0.27,48.1,,,,,6.156
25.01,CARRY,48.83,-0.01,-9.6,50.54,-0.01,1,0,332.5,142.0,98.8,1.96,0.25,50.2,,,,,6.312
25.06,CARRY,48.83,-0.01,-9.6,50.64,-0.01,1,0,333.5,136.0,104.9,2.08,0.27,48.2,,,,,6.406
25.12,CARRY,49.03,-0.01,-9.6,50.74,-0.01,1,0,333.0,142.0,98.9,1.96,0.26,48.5,,,,,6.312
25.17,CARRY,49.03,-0.01,-9.6,50.84,-0.01,1,0,333.5,136.0,104.9,2.08,0.27,48.4,,,,,6.438
25.22,CARRY,49.23,-0.01,-9.6,50.94,-0.01,1,0,333.0,142.0,98.9,1.96,0.26,49.3,,,,,6.344
25.27,CARRY,49.23,-0.01,-9.6,51.05,-0.01,1,0,333.5,136.0,104.9,2.08,0.27,48.0,,,,,6.438
25.32,CARRY,49.43,-0.01,-9.6,51.15,-0.01,1,0,333.0,142.0,98.9,1.96,0.26,50.3,,,,,6.344
25.37,CARRY,49.43,-0.01,-9.6,51.25,-0.01,1,0,333.5,136.0,104.9,2.08,0.27,47.7,,,,,6.375
25.42,CARRY,49.63,-0.01,-9.6,51.35,-0.01,1,0,333.0,142.0,98.9,1.96,0.26,48.4,,,,,6.219
25.47,CARRY,49.63,-0.01,-9.6,51.45,-0.01,1,0,333.5,136.0,104.9,2.08,0.27,48.2,,,,,6.281
25.52,CARRY,49.83,-0.02,-9.6,51.55,-0.01,1,0,333.0,142.0,98.9,1.96,0.26,49.9,,,,,6.125
25.57,CARRY,49.83,-0.02,-9.6,51.65,-0.01,1,0,333.5,136.0,104.9,2.08,0.27,47.7,,,,,6.219
25.62,CARRY,50.03,-0.02,-9.6,51.75,-0.01,1,0,333.0,141.5,99.4,1.97,0.26,48.5,,,,,6.156
25.67,CARRY,50.03,-0.02,-9.6,51.85,-0.01,1,0,333.5,136.5,104.4,2.07,0.27,48.8,,,,,6.219
25.72,CARRY,50.24,-0.02,-9.6,51.95,-0.01,1,0,333.0,142.0,98.9,1.96,0.26,48.5,,,,,6.312
25.77,CARRY,50.24,-0.02,-9.6,52.05,-0.01,1,0,333.5,136.5,104.4,2.07,0.27,50.6,,,,,6.375
25.82,CARRY,50.44,-0.02,-9.6,52.15,-0.01,1,0,333.0,141.5,99.4,1.97,0.26,49.4,,,,,6.469
25.87,CARRY,50.44,-0.02,-9.6,52.26,-0.01,1,0,333.5,136.5,104.4,2.07,0.27,49.8,,,,,6.531
25.92,CARRY,50.64,-0.02,-9.6,52.36,-0.01,1,0,333.0,142.0,98.9,1.96,0.26,48.2,,,,,6.562
25.97,CARRY,50.64,-0.02,-9.6,52.46,-0.01,1,0,333.5,136.5,104.4,2.07,0.27,49.3,,,,,6.562
26.02,CARRY,50.85,-0.02,-9.6,52.56,-0.01,1,0,333.0,143.0,97.9,1.94,0.26,49.4,,,,,6.656
26.07,CARRY,50.85,-0.02,-9.6,52.66,-0.01,1,0,333.5,136.5,104.4,2.07,0.27,48.8,,,,,6.375
26.12,CARRY,51.05,-0.02,-9.6,52.76,-0.01,1,0,332.5,143.0,97.8,1.94,0.25,48.3,,,,,6.562
26.17,CARRY,51.05,-0.02,-9.6,52.86,-0.01,1,0,333.5,136.5,104.4,2.07,0.27,48.0,,,,,6.312
26.22,CARRY,51.25,-0.01,-9.6,52.96,-0.01,1,0,332.5,143.0,97.8,1.94,0.25,49.0,,,,,6.5
26.27,CARRY,51.25,-0.01,-9.6,53.06,-0.01,1,0,333.5,136.5,104.4,2.07,0.27,49.3,,,,,6.281
26.32,CARRY,51.46,-0.01,-9.6,53.16,-0.01,1,0,332.5,143.0,97.8,1.94,0.25,48.2,,,,,6.344
26.37,CARRY,51.46,-0.01,-9.6,53.26,-0.01,1,0,333.5,136.5,104.4,2.07,0.27,49.3,,,,,6.219
26.42,CARRY,51.66,-0.01,-9.6,53.36,-0.01,1,0,332.5,143.0,97.8,1.94,0.25,48.2,,,,,6.219
26.47,CARRY,51.66,-0.01,-9.6,53.46,-0.01,1,0,333.5,136.5,104.4,2.07,0.27,48.4,,,,,6.125
26.52,CARRY,51.86,-0.01,-9.6,53.56,-0.01,1,0,332.5,143.0,97.8,1.94,0.25,49.7,,,,,6.094
26.57,CARRY,51.86,-0.01,-9.6,53.66,-0.01,1,0,333.5,137.0,103.9,2.06,0.27,48.5,,,,,5.969
26.62,CARRY,52.06,-0.01,-9.6,53.76,-0.01,1,0,332.5,143.0,97.8,1.94,0.25,49.1,,,,,5.969
26.67,CARRY,52.06,-0.01,-9.6,53.86,-0.01,1,0,333.5,137.5,103.4,2.05,0.27,49.5,,,,,5.938
26.72,CARRY,52.27,-0.01,-9.6,53.96,-0.01,1,0,332.5,143.0,97.8,1.94,0.25,49.2,,,,,5.844
26.78,CARRY,52.27,-0.01,-9.6,54.06,-0.01,1,0,333.5,138.0,102.9,2.04,0.27,47.7,,,,,5.656
26.83,CARRY,52.47,-0.01,-9.6,54.17,-0.01,1,0,332.5,143.5,97.3,1.93,0.25,49.5,,,,,5.875
26.88,CARRY,52.47,-0.01,-9.6,54.27,-0.01,1,0,333.5,138.0,102.9,2.04,0.27,48.9,,,,,5.781
26.93,CARRY,52.67,-0.01,-9.6,54.37,-0.01,1,0,332.5,144.0,96.8,1.92,0.25,48.4,,,,,5.875
26.98,CARRY,52.67,-0.01,-9.6,54.47,-0.01,1,0,333.5,138.0,102.9,2.04,0.27,49.3,,,,,5.844
27.03,CARRY,52.87,-0.01,-9.6,54.57,-0.01,1,0,332.5,144.0,96.8,1.92,0.25,48.3,,,,,5.938
27.08,CARRY,52.87,-0.01,-9.6,54.67,-0.01,1,0,333.5,138.0,102.9,2.04,0.27,48.7,,,,,5.875
27.13,CARRY,53.08,-0.01,-9.6,54.77,-0.01,1,0,332.5,144.0,96.8,1.92,0.25,50.2,,,,,6.031
27.18,CARRY,53.08,-0.01,-9.6,54.87,-0.01,1,0,333.5,138.0,102.9,2.04,0.27,48.9,,,,,5.938
27.23,CARRY,53.28,-0.01,-9.6,54.97,-0.01,1,0,332.5,143.5,97.3,1.93,0.25,49.3,,,,,5.969
27.28,CARRY,53.28,-0.01,-9.6,55.07,-0.01,1,0,333.5,138.0,102.9,2.04,0.27,48.2,,,,,5.875
27.33,CARRY,53.48,-0.02,-9.6,55.17,-0.01,1,0,332.5,143.0,97.8,1.94,0.25,49.1,,,,,5.812
27.38,CARRY,53.48,-0.02,-9.6,55.27,-0.01,1,0,333.5,138.0,102.9,2.04,0.27,49.1,,,,,5.719
27.43,CARRY,53.68,-0.01,-9.6,55.37,-0.01,1,0,332.5,143.0,97.8,1.94,0.25,49.9,,,,,5.75
27.48,CARRY,53.68,-0.01,-9.6,55.47,-0.01,1,0,333.5,138.0,102.9,2.04,0.27,47.0,,,,,5.688
27.53,CARRY,53.88,-0.01,-9.6,55.57,-0.01,1,0,332.5,143.0,97.8,1.94,0.25,48.6,,,,,5.594
27.58,CARRY,53.88,-0.01,-9.6,55.67,-0.01,1,0,333.5,138.0,102.9,2.04,0.27,48.5,,,,,5.594
27.63,CARRY,54.08,-0.01,-9.6,55.77,-0.01,1,0,332.5,143.0,97.8,1.94,0.25,49.6,,,,,5.719
27.68,CARRY,54.08,-0.01,-9.6,55.88,-0.01,1,0,333.5,137.5,103.4,2.05,0.27,48.1,,,,,5.719
27.73,CARRY,54.28,-0.02,-9.6,55.98,-0.01,1,0,332.5,143.0,97.8,1.94,0.25,50.4,,,,,6.094
27.78,CARRY,54.28,-0.02,-9.6,56.08,-0.01,1,0,333.5,136.5,104.4,2.07,0.27,49.3,,,,,6.031
27.83,CARRY,54.48,-0.02,-9.6,56.18,-0.01,1,0,332.5,143.0,97.8,1.94,0.25,48.3,,,,,6.219
27.88,CARRY,54.48,-0.02,-9.6,56.28,-0.01,1,0,333.5,136.5,104.4,2.07,0.27,47.0,,,,,6.125
27.93,CARRY,54.68,-0.02,-9.6,56.38,-0.01,1,0,333.0,144.0,96.9,1.92,0.26,48.2,,,,,6.344
27.98,CARRY,54.68,-0.02,-9.6,56.48,-0.01,1,0,333.0,141.0,99.8,1.98,0.26,47.3,,,,,6.219
28.03,CARRY,54.88,-0.02,-9.6,56.58,-0.01,1,0,332.0,150.0,90.8,1.8,0.24,49.5,,,,,6.344
28.08,CARRY,54.88,-0.02,-9.6,56.68,-0.01,1,0,332.0,147.0,93.8,1.86,0.24,48.5,,,,,6.219
28.13,CARRY,55.08,-0.02,-9.6,56.78,-0.01,1,0,331.0,155.5,85.2,1.69,0.22,49.3,,,,,6.344
28.18,CARRY,55.08,-0.02,-9.6,56.88,-0.01,1,0,331.5,152.5,88.3,1.75,0.23,47.4,,,,,6.156
28.23,CARRY,55.28,-0.02,-9.6,56.98,-0.01,1,0,330.5,161.0,79.7,1.58,0.21,52.8,,,,,6.219
28.29,CARRY,55.28,-0.02,-9.6,57.09,-0.01,1,0,331.0,158.0,82.7,1.64,0.22,47.8,,,,,6.094
28.34,CARRY,55.48,-0.02,-9.6,57.19,-0.01,1,0,330.0,167.0,73.7,1.46,0.2,49.3,,,,,6.062
28.39,CARRY,55.48,-0.02,-9.6,57.29,-0.01,1,0,330.0,164.0,76.7,1.52,0.2,49.9,,,,,6.094
28.44,CARRY,55.68,-0.02,-9.6,57.39,-0.01,1,0,329.0,171.5,69.1,1.37,0.18,47.8,,,,,6.344
28.49,CARRY,55.87,-0.02,-9.6,57.49,-0.01,1,0,328.0,179.5,61.0,1.21,0.16,49.5,,,,,6.625
28.54,CARRY,55.87,-0.02,-9.6,57.59,-0.01,1,0,329.0,177.0,63.6,1.26,0.18,49.5,,,,,7.375
28.59,CARRY,55.87,-0.02,-9.6,57.7,-0.01,1,0,329.0,174.0,66.6,1.32,0.18,47.4,,,,,8.125
28.64,CARRY,56.06,-0.02,-9.61,57.8,-0.01,1,0,328.0,182.5,58.1,1.15,0.16,47.8,,,,,8.625
28.69,CARRY,56.06,-0.02,-9.61,57.9,-0.01,1,0,328.0,179.5,61.0,1.21,0.16,48.9,,,,,9.5
28.74,CARRY,56.24,-0.02,-9.61,58.0,-0.01,1,0,327.0,187.0,53.5,1.06,0.14,48.0,,,,,9.5
28.79,CARRY,56.24,-0.02,-9.61,58.1,-0.01,1,0,328.0,184.0,56.6,1.12,0.16,49.0,,,,,9.5
28.84,CARRY,56.41,-0.02,-9.61,58.2,-0.01,1,0,326.5,191.0,49.4,0.98,0.13,48.6,,,,,9.625
28.89,CARRY,56.41,-0.02,-9.61,58.3,-0.01,1,0,327.0,188.0,52.5,1.04,0.14,47.3,,,,,9.625
28.94,CARRY,56.57,-0.02,-9.61,58.4,-0.01,1,0,326.0,194.5,45.9,0.91,0.12,47.7,,,,,9.688
28.99,CARRY,56.72,-0.02,-9.61,58.5,-0.01,1,0,325.5,200.5,39.9,0.79,0.11,50.1,,,,,9.562
29.04,CARRY,56.72,-0.02,-9.61,58.6,-0.01,1,0,326.0,197.5,42.9,0.85,0.12,48.5,,,,,9.375
29.09,CARRY,56.87,-0.02,-9.61,58.7,-0.01,1,0,325.0,203.0,37.3,0.74,0.1,48.5,,,,,9.312
29.14,CARRY,56.87,-0.02,-9.61,58.8,-0.01,1,0,325.5,200.0,40.4,0.8,0.11,48.0,,,,,9.312
29.19,CARRY,57.01,-0.02,-9.61,58.9,-0.01,1,0,325.0,205.5,34.9,0.69,0.1,48.8,,,,,9.312
29.24,CARRY,57.01,-0.02,-9.61,59.0,-0.01,1,0,325.5,202.5,37.9,0.75,0.11,46.6,,,,,9.375
29.29,CARRY,57.01,-0.02,-9.61,59.1,-0.01,1,0,325.5,199.5,40.9,0.81,0.11,47.6,,,,,9.438
29.34,CARRY,57.13,-0.02,-9.61,59.2,-0.01,1,0,324.5,204.0,36.3,0.72,0.09,48.5,,,,,9.375
29.39,CARRY,57.13,-0.02,-9.61,59.3,-0.01,1,0,325.0,201.0,39.3,0.78,0.1,47.4,,,,,9.25
29.44,CARRY,57.25,-0.02,-9.61,59.4,-0.01,1,0,325.0,204.5,35.9,0.71,0.1,47.7,,,,,9.125
29.49,CARRY,57.36,-0.02,-9.61,59.5,-0.01,1,0,324.0,208.0,32.2,0.64,0.08,51.0,,,,,9.062
29.54,CARRY,57.36,-0.02,-9.61,59.6,-0.01,1,0,324.5,205.0,35.3,0.7,0.09,47.2,,,,,8.938
29.59,CARRY,57.46,-0.01,-9.61,59.7,-0.01,1,0,324.0,208.0,32.2,0.64,0.08,49.3,,,,,8.875
29.65,CARRY,57.46,-0.01,-9.61,59.8,-0.01,1,0,324.5,205.0,35.3,0.7,0.09,48.9,,,,,8.812
29.7,CARRY,57.56,-0.01,-9.61,59.9,-0.01,1,0,324.0,207.5,32.7,0.65,0.08,49.5,,,,,8.625
29.75,CARRY,57.56,-0.01,-9.61,60.01,-0.01,1,0,325.0,204.5,35.9,0.71,0.1,48.3,,,,,8.438
29.8,CARRY,57.65,-0.01,-9.61,60.11,-0.01,1,0,324.0,207.0,33.2,0.66,0.08,47.9,,,,,7.938
29.85,CARRY,57.65,-0.01,-9.61,60.21,-0.01,1,0,325.0,204.5,35.9,0.71,0.1,48.6,,,,,7.125
29.9,CARRY,57.73,-0.01,-9.61,60.31,-0.01,1,0,323.5,206.5,33.7,0.67,0.07,48.8,,,,,5.188
29.95,CARRY,57.73,-0.01,-9.61,60.41,-0.01,1,0,,,,2.233,0.181,48.9,,,,,-3.719
30.0,CARRY,57.82,-0.01,-9.6,60.51,-0.01,1,0,,,,2.242,0.179,48.8,,,,,-4.188
30.05,CARRY,57.82,-0.01,-9.6,60.61,-0.01,1,1,,,,2.291,0.183,47.0,,,,,-4.219
30.1,CARRY,57.9,-0.01,-9.6,60.71,-0.01,1,1,,,,2.301,0.18,48.3,,,,,-3.75
30.15,CARRY,57.9,-0.01,-9.6,60.81,-0.01,1,1,,,,2.35,0.184,48.3,,,,,-3.562
30.2,CARRY,57.98,-0.0,-9.6,60.91,-0.01,1,1,,,,2.36,0.182,47.7,,,,,-3.25
30.25,CARRY,57.98,-0.0,-9.6,61.01,-0.01,1,1,,,,2.41,0.185,47.6,,,,,-2.703
30.3,CARRY,58.06,-0.0,-9.6,61.11,-0.01,1,1,,,,2.419,0.183,48.1,,,,,-3.141
30.35,CARRY,58.06,-0.0,-9.6,61.21,-0.01,1,1,,,,2.468,0.187,47.5,,,,,-3.266
30.4,CARRY,58.15,-0.0,-9.6,61.31,-0.01,1,1,,,,2.474,0.186,48.2,,,,,-3.172
30.45,CARRY,58.15,-0.0,-9.6,61.41,-0.01,1,1,,,,2.524,0.19,47.5,,,,,-3.25
30.5,CARRY,58.25,-0.01,-9.6,61.51,-0.01,1,1,,,,2.524,0.189,47.9,,,,,-3.25
30.55,CARRY,58.25,-0.01,-9.6,61.61,-0.01,1,1,,,,2.573,0.193,48.1,,,,,-3.25
30.6,CARRY,58.36,-0.01,-9.6,61.71,-0.01,1,1,,,,2.564,0.192,48.9,,,,,-3.469
30.65,CARRY,58.36,-0.01,-9.6,61.81,-0.01,1,1,,,,2.614,0.196,49.5,,,,,-3.359
30.7,CARRY,58.5,-0.01,-9.6,61.91,-0.01,1,1,,,,2.594,0.194,48.3,,,,,-2.922
30.75,CARRY,58.5,-0.01,-9.6,62.01,-0.01,1,1,,,,2.644,0.198,49.8,,,,,-2.938
30.8,CARRY,58.66,-0.02,-9.6,62.11,-0.01,1,1,,,,2.614,0.194,49.0,,,,,-2.844
30.85,CARRY,58.66,-0.02,-9.6,62.21,-0.01,1,1,,,,2.663,0.198,47.7,,,,,-2.812
30.9,CARRY,58.84,-0.03,-9.6,62.31,-0.01,1,1,,,,2.622,0.194,49.8,,,,,-2.594
30.95,CARRY,58.84,-0.03,-9.6,62.41,-0.01,1,1,,,,2.672,0.197,47.7,,,,,-2.516
31.0,CARRY,59.04,-0.04,-9.6,62.51,-0.01,1,1,,,,2.623,0.193,49.7,,,,,-2.234
31.05,CARRY,59.04,-0.04,-9.6,62.61,-0.01,1,1,,,,2.673,0.196,47.8,,,,,-2.141
31.1,CARRY,59.25,-0.05,-9.6,62.71,-0.01,1,1,,,,2.618,0.192,48.9,,,,,-2.016
31.15,CARRY,59.25,-0.05,-9.6,62.81,-0.01,1,1,,,,2.667,0.196,49.6,,,,,-1.867
31.2,CARRY,59.47,-0.07,-9.6,62.91,-0.01,1,1,,,,2.606,0.191,48.4,,,,,-1.453
31.25,CARRY,59.47,-0.07,-9.6,63.01,-0.01,1,1,,,,2.656,0.195,47.7,,,,,-1.43
31.3,CARRY,59.7,-0.08,-9.61,63.11,-0.01,1,1,,,,2.59,0.191,49.6,,,,,-1.422
31.35,CARRY,59.7,-0.08,-9.61,63.22,-0.01,1,1,,,,2.64,0.195,47.5,,,,,-1.344
31.4,CARRY,59.94,-0.1,-9.61,63.32,-0.01,1,1,,,,2.572,0.191,49.2,,,,,-2.109
31.45,CARRY,59.94,-0.1,-9.61,63.42,-0.01,1,1,,,,2.621,0.194,47.8,,,,,-2.047
31.5,CARRY,60.18,-0.11,-9.61,63.52,-0.01,1,1,,,,2.55,0.19,51.3,,,,,-1.68
31.55,CARRY,60.18,-0.11,-9.61,63.62,-0.01,1,1,,,,2.602,0.194,48.3,,,,,-1.625
31.6,CARRY,60.42,-0.13,-9.61,63.72,-0.01,1,1,,,,2.53,0.189,50.2,,,,,-2.109
31.65,CARRY,60.42,-0.13,-9.61,63.82,-0.01,1,1,,,,2.58,0.193,47.8,,,,,-2.062
31.7,CARRY,60.67,-0.14,-9.61,63.92,-0.01,1,1,,,,2.506,0.189,48.5,,,,,-2.281
31.75,CARRY,60.67,-0.14,-9.61,64.02,-0.01,1,1,,,,2.556,0.192,49.7,,,,,-2.188
31.8,CARRY,60.92,-0.16,-9.61,64.12,-0.01,1,1,,,,2.482,0.188,48.3,,,,,-2.328
31.85,CARRY,60.92,-0.16,-9.61,64.22,-0.01,1,1,,,,2.532,0.191,48.4,,,,,-2.234
31.9,CARRY,61.17,-0.18,-9.61,64.32,-0.01,1,1,,,,2.457,0.187,49.1,,,,,-2.109
31.95,CARRY,61.17,-0.18,-9.61,64.42,-0.01,1,1,,,,2.506,0.191,47.5,,,,,-2.047
32.0,CARRY,61.41,-0.19,-9.61,64.52,-0.01,1,1,,,,2.432,0.186,50.0,,,,,-2.672
32.06,CARRY,61.41,-0.19,-9.61,64.63,-0.01,1,1,,,,2.482,0.189,47.8,,,,,-2.594
32.11,CARRY,61.66,-0.21,-9.61,64.73,-0.01,1,1,,,,2.407,0.185,48.2,,,,,-2.422
32.16,CARRY,61.66,-0.21,-9.61,64.83,-0.01,1,1,,,,2.457,0.188,47.7,,,,,-2.438
32.21,CARRY,61.91,-0.22,-9.61,64.93,-0.01,1,1,,,,2.383,0.183,50.4,,,,,-1.969
32.26,CARRY,61.91,-0.22,-9.61,65.03,-0.01,1,1,,,,2.433,0.187,48.2,,,,,-2.109
32.31,CARRY,62.16,-0.24,-9.61,65.13,-0.01,1,1,,,,2.359,0.182,49.5,,,,,-2.453
32.36,CARRY,62.16,-0.24,-9.61,65.23,-0.01,1,1,,,,2.408,0.186,47.8,,,,,-2.812
32.41,CARRY,62.4,-0.25,-9.6,65.33,-0.01,1,1,,,,2.336,0.18,49.6,,,,,-3.172
32.46,CARRY,62.4,-0.25,-9.6,65.43,-0.01,1,1,,,,2.385,0.184,48.5,,,,,-3.312
32.51,CARRY,62.65,-0.27,-9.6,65.53,-0.01,1,1,,,,2.313,0.179,48.1,,,,,-4.031
32.56,CARRY,62.65,-0.27,-9.6,65.63,-0.01,1,1,,,,2.363,0.182,48.1,,,,,-4.156
32.61,CARRY,62.89,-0.28,-9.6,65.73,-0.01,1,1,,,,2.293,0.177,49.3,,,,,-4.719
32.66,CARRY,62.89,-0.28,-9.6,65.83,-0.01,1,1,,,,2.342,0.181,47.7,,,,,-4.812
32.71,CARRY,63.13,-0.29,-9.6,65.93,-0.01,1,1,,,,2.272,0.175,48.1,,,,,-3.016
32.76,CARRY,63.13,-0.29,-9.6,66.03,-0.01,1,1,,,,2.321,0.179,48.2,,,,,-3.062
32.81,CARRY,63.36,-0.31,-9.6,66.13,-0.01,1,1,,,,2.251,0.173,49.2,,,,,-5.0
32.86,CARRY,63.36,-0.31,-9.6,66.23,-0.01,1,1,,,,2.301,0.177,47.1,,,,,-6.406
32.91,REGROUND,63.6,-0.32,-9.6,66.33,-0.01,1,1,,,,2.231,0.172,73.9,,,,,-8.688
32.98,REGROUND,63.6,-0.32,-9.6,66.48,-0.01,1,1,,,,2.305,0.177,2.3,,,,,
33.03,REGROUND,63.84,-0.33,-9.6,66.58,-0.01,1,1,,,,2.236,0.171,1.4,,,,,
33.08,REGROUND,63.84,-0.33,-9.6,66.68,-0.01,1,1,,,,2.285,0.175,0.8,,,,,
33.13,REGROUND,64.08,-0.34,-9.6,66.78,-0.01,1,1,,,,2.217,0.169,1.3,,,,,
33.18,REGROUND,64.08,-0.34,-9.6,66.88,-0.01,1,1,,,,2.267,0.173,0.8,,,,,
33.23,REGROUND,64.31,-0.35,-9.6,66.98,-0.01,1,1,,,,2.199,0.167,1.5,,,,,
33.28,REGROUND,64.31,-0.35,-9.6,67.08,-0.01,1,1,,,,2.249,0.171,0.8,,,,,
33.33,REGROUND,64.54,-0.37,-9.6,67.18,-0.01,1,1,,,,2.182,0.166,1.5,,,,,
33.38,REGROUND,64.54,-0.37,-9.6,67.28,-0.01,1,1,,,,2.231,0.169,0.9,,,,,
33.43,REGROUND,64.78,-0.38,-9.6,67.38,-0.01,1,1,,,,2.165,0.164,1.3,,,,,
33.48,REGROUND,64.78,-0.38,-9.6,67.48,-0.01,1,1,,,,2.214,0.167,0.9,,,,,
33.53,REGROUND,65.01,-0.39,-9.6,67.58,-0.01,1,1,,,,2.148,0.162,1.4,,,,,
33.58,REGROUND,65.01,-0.39,-9.6,67.68,-0.01,1,1,,,,2.198,0.165,0.9,,,,,
33.63,REGROUND,65.24,-0.4,-9.6,67.78,-0.01,1,1,,,,2.132,0.16,1.3,,,,,
33.68,REGROUND,65.24,-0.4,-9.6,67.88,-0.01,1,1,,,,2.182,0.163,0.9,,,,,
33.73,REGROUND,65.47,-0.41,-9.6,67.98,-0.01,1,1,,,,2.117,0.158,1.5,,,,,
33.78,REGROUND,65.47,-0.41,-9.6,68.08,-0.01,1,1,,,,2.166,0.162,0.9,,,,,
33.83,REGROUND,65.7,-0.42,-9.6,68.18,-0.01,1,1,,,,2.102,0.156,1.5,,,,,
33.88,REGROUND,65.7,-0.42,-9.6,68.28,-0.01,1,1,,,,2.152,0.16,0.8,,,,,
33.94,REGROUND,65.92,-0.44,-9.6,68.38,-0.01,1,1,,,,2.088,0.155,1.5,,,,,
33.99,REGROUND,65.92,-0.44,-9.6,68.48,-0.01,1,1,,,,2.137,0.158,0.8,,,,,
34.04,REGROUND,66.15,-0.45,-9.6,68.58,-0.01,1,1,,,,2.075,0.153,1.5,,,,,
34.09,REGROUND,66.15,-0.45,-9.6,68.68,-0.01,1,1,,,,2.124,0.157,0.9,,,,,
34.14,REGROUND,66.37,-0.46,-9.6,68.79,-0.01,1,1,,,,2.062,0.152,1.4,,,,,
34.19,REGROUND,66.37,-0.46,-9.6,68.89,-0.01,1,1,,,,2.111,0.155,0.9,,,,,
34.24,REGROUND,66.59,-0.47,-9.6,68.99,-0.01,1,1,,,,2.05,0.15,1.3,,,,,
34.29,REGROUND,66.59,-0.47,-9.6,69.09,-0.01,1,1,,,,2.099,0.154,0.9,,,,,
34.34,REGROUND,66.81,-0.48,-9.6,69.19,-0.01,1,1,,,,2.038,0.149,1.5,,,,,
34.39,REGROUND,66.81,-0.48,-9.6,69.29,-0.01,1,1,,,,2.088,0.152,0.9,,,,,
34.44,REGROUND,67.04,-0.49,-9.6,69.39,-0.01,1,1,,,,2.026,0.147,1.6,,,,,
34.49,REGROUND,67.04,-0.49,-9.6,69.49,-0.01,1,1,,,,2.076,0.151,0.9,,,,,
34.54,REGROUND,67.26,-0.5,-9.6,69.59,-0.01,1,1,,,,2.016,0.146,1.4,,,,,
34.59,REGROUND,67.26,-0.5,-9.6,69.69,-0.01,1,1,,,,2.065,0.15,0.9,,,,,
34.64,REGROUND,67.47,-0.51,-9.6,69.79,-0.01,1,1,,,,2.006,0.145,1.5,,,,,
34.69,REGROUND,67.47,-0.51,-9.6,69.89,-0.01,1,1,,,,2.056,0.148,0.9,,,,,
34.74,REGROUND,67.69,-0.52,-9.6,69.99,-0.01,1,1,,,,1.998,0.144,1.5,,,,,
34.79,REGROUND,67.69,-0.52,-9.6,70.09,-0.01,1,1,,,,2.047,0.147,0.9,,,,,
34.84,REGROUND,67.9,-0.54,-9.6,70.19,-0.01,1,1,,,,1.99,0.143,1.5,,,,,
34.89,REGROUND,67.9,-0.54,-9.6,70.29,-0.01,1,1,,,,2.039,0.146,0.9,,,,,
34.94,REGROUND,68.12,-0.55,-9.6,70.39,-0.01,1,1,,,,1.982,0.142,1.4,,,,,
34.99,REGROUND,68.12,-0.55,-9.6,70.49,-0.01,1,1,,,,2.031,0.145,1.0,,,,,
35.04,REGROUND,68.33,-0.56,-9.6,70.59,-0.01,1,0,,,,1.975,0.141,1.3,,,,,
35.09,REGROUND,68.33,-0.56,-9.6,70.69,-0.01,1,0,,,,2.025,0.145,0.9,,,,,
35.14,REGROUND,68.54,-0.57,-9.6,70.79,-0.01,1,0,,,,1.968,0.14,1.4,,,,,
35.19,REGROUND,68.54,-0.57,-9.6,70.89,-0.01,1,0,,,,2.017,0.144,2.6,,,,,
35.24,REGROUND,68.75,-0.58,-9.6,70.99,-0.01,1,0,,,,1.962,0.14,1.4,,,,,
35.29,REGROUND,68.75,-0.58,-9.6,71.09,-0.01,1,0,,,,2.012,0.143,0.8,,,,,
35.34,REGROUND,68.96,-0.59,-9.6,71.19,-0.01,1,0,,,,1.958,0.139,1.5,,,,,
35.39,REGROUND,68.96,-0.59,-9.6,71.29,-0.01,1,0,,,,2.007,0.143,0.9,,,,,
35.44,REGROUND,69.16,-0.6,-9.6,71.39,-0.01,1,0,,,,1.954,0.139,1.3,,,,,
35.49,REGROUND,69.16,-0.6,-9.6,71.49,-0.01,1,0,,,,2.003,0.142,0.9,,,,,
35.54,REGROUND,69.37,-0.61,-9.6,71.59,-0.01,1,0,,,,1.95,0.138,1.5,,,,,
35.59,REGROUND,69.37,-0.61,-9.6,71.69,-0.01,1,0,,,,2.0,0.142,0.9,,,,,
35.64,REGROUND,69.57,-0.63,-9.6,71.79,-0.01,1,0,,,,1.947,0.138,1.4,,,,,
35.69,REGROUND,69.57,-0.63,-9.6,71.89,-0.01,1,0,,,,1.997,0.142,1.0,,,,,
35.74,REGROUND,69.78,-0.64,-9.6,71.99,-0.01,1,0,,,,1.945,0.138,1.3,,,,,
35.79,REGROUND,69.78,-0.64,-9.6,72.09,-0.01,1,0,,,,1.994,0.142,0.8,,,,,
35.84,REGROUND,69.98,-0.65,-9.6,72.19,-0.01,1,0,,,,1.943,0.138,1.6,,,,,
35.89,REGROUND,69.98,-0.65,-9.6,72.29,-0.01,1,0,,,,1.993,0.142,0.9,,,,,
35.94,REGROUND,70.18,-0.66,-9.6,72.39,-0.01,1,0,,,,1.942,0.138,1.6,,,,,
35.99,REGROUND,70.18,-0.66,-9.6,72.49,-0.01,1,0,,,,1.991,0.142,0.9,,,,,
36.04,REGROUND,70.38,-0.67,-9.6,72.59,-0.01,1,0,,,,1.941,0.138,1.3,,,,,
36.09,REGROUND,70.38,-0.67,-9.6,72.69,-0.01,1,0,,,,1.99,0.142,0.8,,,,,
36.14,REGROUND,70.58,-0.68,-9.6,72.79,-0.01,1,0,,,,1.94,0.138,1.4,,,,,
36.19,REGROUND,70.58,-0.68,-9.6,72.89,-0.01,1,0,,,,1.99,0.142,0.9,,,,,
36.24,REGROUND,70.78,-0.69,-9.6,72.99,-0.01,1,0,,,,1.94,0.139,1.4,,,,,
36.29,REGROUND,70.78,-0.69,-9.6,73.09,-0.01,1,0,,,,1.99,0.142,0.9,,,,,
36.34,REGROUND,70.97,-0.7,-9.6,73.19,-0.01,1,0,,,,1.94,0.139,1.6,,,,,
36.39,REGROUND,70.97,-0.7,-9.6,73.29,-0.01,1,0,,,,1.989,0.142,0.9,,,,,
36.44,REGROUND,71.17,-0.72,-9.6,73.39,-0.01,1,0,,,,1.94,0.139,1.3,,,,,
36.49,REGROUND,71.17,-0.72,-9.6,73.49,-0.01,1,0,,,,1.99,0.143,0.9,,,,,
36.54,REGROUND,71.37,-0.73,-9.6,73.59,-0.01,1,0,,,,1.939,0.139,1.4,,,,,
36.59,REGROUND,71.37,-0.73,-9.6,73.69,-0.01,1,0,,,,1.989,0.143,0.9,,,,,
36.64,REGROUND,71.57,-0.74,-9.6,73.79,-0.01,1,0,,,,1.94,0.14,1.3,,,,,
36.69,REGROUND,71.57,-0.74,-9.6,73.89,-0.01,1,0,,,,1.989,0.143,0.7,,,,,
36.74,REGROUND,71.76,-0.75,-9.6,73.99,-0.01,1,0,,,,1.941,0.14,1.5,,,,,
36.79,REGROUND,71.76,-0.75,-9.6,74.09,-0.01,1,0,,,,1.99,0.144,0.7,,,,,
36.84,REGROUND,71.96,-0.76,-9.6,74.19,-0.01,1,0,,,,1.942,0.14,1.3,,,,,
36.89,REGROUND,71.96,-0.76,-9.6,74.29,-0.01,1,0,,,,1.992,0.144,0.8,,,,,
36.94,REGROUND,72.16,-0.77,-9.6,74.39,-0.01,1,0,,,,1.943,0.141,1.3,,,,,
36.99,REGROUND,72.16,-0.77,-9.6,74.49,-0.01,1,0,,,,1.992,0.144,0.6,,,,,
37.04,REGROUND,72.35,-0.79,-9.6,74.59,-0.01,1,0,,,,1.944,0.141,1.4,,,,,
37.09,REGROUND,72.35,-0.79,-9.6,74.69,-0.01,1,0,,,,1.993,0.145,0.9,,,,,
37.14,REGROUND,72.55,-0.8,-9.6,74.79,-0.01,1,0,,,,1.945,0.141,1.3,,,,,
37.19,REGROUND,72.55,-0.8,-9.6,74.89,-0.01,1,0,,,,1.994,0.145,0.9,,,,,
37.24,REGROUND,72.75,-0.81,-9.6,74.99,-0.01,1,0,,,,1.945,0.142,1.3,,,,,
37.29,REGROUND,72.75,-0.81,-9.6,75.09,-0.01,1,0,,,,1.994,0.145,0.9,,,,,
37.34,REGROUND,72.94,-0.82,-9.6,75.19,-0.01,1,0,,,,1.946,0.142,1.3,,,,,
37.39,REGROUND,72.94,-0.82,-9.6,75.29,-0.01,1,0,,,,1.995,0.146,0.9,,,,,
37.44,REGROUND,73.14,-0.83,-9.6,75.39,-0.01,1,0,,,,1.947,0.142,4.1,,,,,
37.49,REGROUND,73.14,-0.83,-9.6,75.49,-0.01,1,0,,,,1.996,0.146,0.7,,,,,
37.54,REGROUND,73.34,-0.84,-9.6,75.59,-0.01,1,0,,,,1.947,0.142,1.3,,,,,
37.59,REGROUND,73.53,-0.85,-9.61,75.69,-0.01,1,0,,,,1.899,0.139,1.5,,,,,
37.64,REGROUND,73.53,-0.85,-9.61,75.79,-0.01,1,0,,,,1.948,0.143,0.8,,,,,
37.69,REGROUND,73.53,-0.85,-9.61,75.89,-0.01,1,0,,,,1.998,0.146,0.9,,,,,
37.74,REGROUND,73.73,-0.86,-9.61,76.0,-0.01,1,0,,,,1.949,0.143,1.3,,,,,
37.79,REGROUND,73.73,-0.86,-9.61,76.1,-0.01,1,0,,,,1.999,0.146,1.0,,,,,
37.84,REGROUND,73.92,-0.87,-9.61,76.2,-0.01,1,0,,,,1.95,0.143,1.3,,,,,
37.89,REGROUND,73.92,-0.87,-9.61,76.3,-0.01,1,0,,,,2.0,0.147,0.9,,,,,
37.94,REGROUND,74.12,-0.89,-9.61,76.4,-0.01,1,0,,,,1.951,0.143,1.3,,,,,
37.99,REGROUND,74.12,-0.89,-9.61,76.5,-0.01,1,0,,,,2.001,0.147,0.9,,,,,
38.04,REGROUND,74.32,-0.9,-9.61,76.6,-0.01,1,0,,,,1.953,0.143,1.7,,,,,
38.09,REGROUND,74.51,-0.91,-9.61,76.7,-0.01,1,0,,,,1.904,0.14,1.6,,,,,
38.14,REGROUND,74.51,-0.91,-9.61,76.8,-0.01,1,0,,,,1.954,0.144,0.7,,,,,
38.19,REGROUND,74.71,-0.92,-9.61,76.9,-0.01,1,0,,,,1.905,0.14,1.3,,,,,
38.24,REGROUND,74.71,-0.92,-9.61,77.0,-0.01,1,0,,,,1.955,0.144,0.6,,,,,
38.29,REGROUND,74.9,-0.93,-9.61,77.1,-0.01,1,0,,,,1.907,0.14,1.5,,,,,
38.34,REGROUND,74.9,-0.93,-9.61,77.2,-0.01,1,0,,,,1.956,0.144,0.7,,,,,
38.39,REGROUND,74.9,-0.93,-9.61,77.3,-0.01,1,0,,,,2.005,0.148,0.9,,,,,
38.44,REGROUND,75.1,-0.94,-9.61,77.4,-0.01,1,0,,,,1.958,0.144,1.2,,,,,
38.49,REGROUND,75.1,-0.94,-9.61,77.5,-0.01,1,0,,,,2.007,0.148,1.0,,,,,
38.54,REGROUND,75.29,-0.95,-9.61,77.6,-0.01,1,0,,,,1.959,0.144,1.6,,,,,
38.59,REGROUND,75.29,-0.95,-9.61,77.7,-0.01,1,0,,,,2.008,0.148,0.9,,,,,
38.64,REGROUND,75.49,-0.96,-9.61,77.8,-0.01,1,0,,,,1.961,0.145,1.3,,,,,
38.69,REGROUND,75.68,-0.97,-9.61,77.9,-0.01,1,0,,,,1.913,0.141,1.7,,,,,
38.74,REGROUND,75.68,-0.97,-9.61,78.0,-0.01,1,0,,,,1.963,0.145,0.9,,,,,
38.79,REGROUND,75.87,-0.98,-9.61,78.1,-0.01,1,0,,,,1.916,0.141,1.6,,,,,
38.84,REGROUND,75.87,-0.98,-9.61,78.2,-0.01,1,0,,,,1.966,0.145,0.6,,,,,
38.89,REGROUND,76.07,-0.99,-9.61,78.3,-0.01,1,0,,,,1.918,0.141,1.5,,,,,
38.94,REGROUND,76.07,-0.99,-9.61,78.4,-0.01,1,0,,,,1.967,0.145,0.6,,,,,
38.99,REGROUND,76.07,-0.99,-9.61,78.5,-0.01,1,0,,,,2.017,0.149,0.8,,,,,
39.04,REGROUND,76.26,-1.0,-9.6,78.6,-0.01,1,0,,,,1.969,0.145,1.4,,,,,
39.09,REGROUND,76.26,-1.0,-9.6,78.7,-0.01,1,0,,,,2.018,0.149,0.9,,,,,
39.14,REGROUND,76.46,-1.02,-9.6,78.8,-0.01,1,0,,,,1.971,0.145,1.3,,,,,
39.19,REGROUND,76.46,-1.02,-9.6,78.9,-0.01,1,0,,,,2.02,0.149,1.0,,,,,
39.24,REGROUND,76.65,-1.03,-9.6,79.0,-0.01,1,0,,,,1.972,0.146,1.5,,,,,
39.29,REGROUND,76.85,-1.04,-9.6,79.1,-0.01,1,0,,,,1.923,0.142,1.5,,,,,
39.34,REGROUND,76.85,-1.04,-9.6,79.2,-0.01,1,0,,,,1.973,0.146,0.9,,,,,
39.39,REGROUND,77.05,-1.05,-9.6,79.3,-0.01,1,0,,,,1.924,0.142,1.7,,,,,
39.44,REGROUND,77.05,-1.05,-9.6,79.4,-0.01,1,0,,,,1.974,0.146,0.8,,,,,
39.49,REGROUND,77.24,-1.06,-9.6,79.5,-0.01,1,0,,,,1.925,0.142,1.6,,,,,
39.54,REGROUND,77.24,-1.06,-9.6,79.6,-0.01,1,0,,,,1.974,0.146,0.8,,,,,
39.59,REGROUND,77.44,-1.07,-9.6,79.7,-0.01,1,0,,,,1.925,0.142,1.5,,,,,
39.64,REGROUND,77.44,-1.07,-9.6,79.8,-0.01,1,0,,,,1.975,0.146,0.8,,,,,
39.69,REGROUND,77.44,-1.07,-9.6,79.9,-0.01,1,0,,,,2.024,0.15,0.8,,,,,
39.74,REGROUND,77.64,-1.08,-9.6,80.0,-0.01,1,0,,,,1.975,0.146,1.4,,,,,
39.79,REGROUND,77.64,-1.08,-9.6,80.1,-0.01,1,0,,,,2.025,0.15,0.8,,,,,
39.84,REGROUND,77.83,-1.09,-9.6,80.2,-0.01,1,0,,,,1.976,0.146,5.3,,,,,
39.89,REGROUND,78.03,-1.1,-9.6,80.3,-0.01,1,0,,,,1.928,0.143,1.5,,,,,
39.94,REGROUND,78.03,-1.1,-9.6,80.4,-0.01,1,0,,,,1.977,0.146,1.0,,,,,
39.99,REGROUND,78.23,-1.11,-9.6,80.5,-0.01,1,0,,,,1.928,0.143,1.3,,,,,
40.04,REGROUND,78.23,-1.11,-9.6,80.6,-0.01,1,0,,,,1.978,0.146,1.0,,,,,
40.09,REGROUND,78.43,-1.13,-9.6,80.7,-0.01,1,0,,,,1.928,0.143,1.3,,,,,
40.14,REGROUND,78.43,-1.13,-9.6,80.8,-0.01,1,0,,,,1.978,0.147,0.6,,,,,
40.19,REGROUND,78.62,-1.14,-9.6,80.9,-0.01,1,0,,,,1.929,0.143,1.7,,,,,
40.24,REGROUND,78.62,-1.14,-9.6,81.0,-0.01,1,0,,,,1.978,0.147,0.8,,,,,
40.29,REGROUND,78.82,-1.15,-9.6,81.1,-0.01,1,0,,,,1.929,0.143,1.5,,,,,
40.34,REGROUND,78.82,-1.15,-9.6,81.2,-0.01,1,0,,,,1.979,0.147,0.8,,,,,
40.39,REGROUND,79.02,-1.16,-9.6,81.3,-0.01,1,0,,,,1.93,0.143,1.4,,,,,
40.44,REGROUND,79.02,-1.16,-9.6,81.4,-0.01,1,0,,,,1.98,0.147,0.8,,,,,
40.49,REGROUND,79.21,-1.17,-9.6,81.5,-0.01,1,0,,,,1.931,0.143,1.4,,,,,
40.54,REGROUND,79.21,-1.17,-9.6,81.6,-0.01,1,0,,,,1.98,0.147,0.8,,,,,
40.59,REGROUND,79.41,-1.18,-9.6,81.7,-0.01,1,0,,,,1.931,0.143,1.5,,,,,
40.64,REGROUND,79.41,-1.18,-9.6,81.8,-0.01,1,0,,,,1.98,0.147,0.7,,,,,
40.69,REGROUND,79.61,-1.19,-9.6,81.9,-0.01,1,0,,,,1.932,0.143,1.6,,,,,
40.74,REGROUND,79.61,-1.19,-9.6,82.0,-0.01,1,0,,,,1.981,0.147,0.9,,,,,
40.79,REGROUND,79.8,-1.2,-9.6,82.1,-0.01,1,0,,,,1.933,0.143,1.3,,,,,
40.84,REGROUND,79.8,-1.2,-9.6,82.2,-0.01,1,0,,,,1.982,0.147,0.8,,,,,
40.89,REGROUND,80.0,-1.21,-9.6,82.3,-0.01,1,0,,,,1.935,0.143,1.6,,,,,
40.94,REGROUND,80.0,-1.21,-9.6,82.4,-0.01,1,0,,,,1.984,0.147,0.9,,,,,
40.99,REGROUND,80.19,-1.22,-9.6,82.5,-0.01,1,0,,,,1.936,0.143,1.4,,,,,
41.05,REGROUND,80.19,-1.22,-9.6,82.6,-0.01,1,0,,,,1.985,0.147,0.9,,,,,
41.1,REGROUND,80.39,-1.23,-9.6,82.7,-0.01,1,0,,,,1.936,0.143,1.2,,,,,
41.15,REGROUND,80.39,-1.23,-9.6,82.8,-0.01,1,0,,,,1.986,0.146,0.8,,,,,
41.2,REGROUND,80.59,-1.24,-9.6,82.9,-0.01,1,0,,,,1.937,0.143,1.4,,,,,
41.25,REGROUND,80.59,-1.24,-9.6,83.01,-0.01,1,0,,,,1.987,0.146,0.8,,,,,
41.3,REGROUND,80.79,-1.25,-9.6,83.11,-0.01,1,0,,,,1.937,0.143,1.5,,,,,
41.35,REGROUND,80.79,-1.25,-9.6,83.21,-0.01,1,0,,,,1.987,0.146,0.8,,,,,
41.4,REGROUND,80.98,-1.26,-9.6,83.31,-0.01,1,0,,,,1.938,0.142,1.6,,,,,
41.45,REGROUND,80.98,-1.26,-9.6,83.41,-0.01,1,0,,,,1.988,0.146,0.8,,,,,
41.5,REGROUND,81.18,-1.27,-9.6,83.51,-0.01,1,0,,,,1.939,0.142,1.3,,,,,
41.55,REGROUND,81.18,-1.27,-9.6,83.61,-0.01,1,0,,,,1.989,0.146,0.8,,,,,
41.6,REGROUND,81.37,-1.28,-9.6,83.71,-0.01,1,0,,,,1.94,0.142,1.3,,,,,
41.65,REGROUND,81.37,-1.28,-9.6,83.81,-0.01,1,0,,,,1.99,0.146,0.8,,,,,
41.7,REGROUND,81.57,-1.3,-9.6,83.91,-0.01,1,0,,,,1.941,0.142,1.4,,,,,
41.75,REGROUND,81.57,-1.3,-9.6,84.01,-0.01,1,0,,,,1.99,0.146,0.8,,,,,
41.8,REGROUND,81.77,-1.31,-9.6,84.11,-0.01,1,0,,,,1.942,0.142,1.4,,,,,
41.85,REGROUND,81.77,-1.31,-9.6,84.21,-0.01,1,0,,,,1.991,0.146,0.8,,,,,
41.9,REGROUND,81.96,-1.32,-9.6,84.31,-0.01,1,0,,,,1.943,0.142,1.4,,,,,
41.95,REGROUND,81.96,-1.32,-9.6,84.41,-0.01,1,0,,,,1.992,0.146,0.7,,,,,
42.0,REGROUND,82.16,-1.33,-9.6,84.51,-0.01,1,0,,,,1.943,0.142,1.5,,,,,
42.05,REGROUND,82.16,-1.33,-9.6,84.61,-0.01,1,0,,,,1.993,0.146,1.0,,,,,
42.1,REGROUND,82.36,-1.34,-9.6,84.71,-0.01,1,0,,,,1.944,0.142,1.5,,,,,
42.15,REGROUND,82.36,-1.34,-9.6,84.81,-0.01,1,0,,,,1.994,0.146,0.9,,,,,
42.2,REGROUND,82.55,-1.35,-9.6,84.91,-0.01,1,0,,,,1.945,0.142,5.4,,,,,
42.25,REGROUND,82.55,-1.35,-9.6,85.01,-0.01,1,0,,,,1.995,0.146,0.8,,,,,
42.3,REGROUND,82.75,-1.36,-9.6,85.11,-0.01,1,0,,,,1.946,0.142,1.5,,,,,
42.35,REGROUND,82.75,-1.36,-9.6,85.21,-0.01,1,0,,,,1.995,0.146,0.8,,,,,
42.4,REGROUND,82.95,-1.37,-9.6,85.31,-0.01,1,0,,,,1.947,0.142,1.5,,,,,
42.45,REGROUND,82.95,-1.37,-9.6,85.41,-0.01,1,0,,,,1.996,0.146,0.8,,,,,
42.5,REGROUND,83.14,-1.38,-9.6,85.51,-0.01,1,0,,,,1.947,0.142,1.4,,,,,
42.55,REGROUND,83.14,-1.38,-9.6,85.61,-0.01,1,0,,,,1.997,0.146,0.7,,,,,
42.6,REGROUND,83.34,-1.39,-9.6,85.71,-0.01,1,0,,,,1.948,0.142,1.4,,,,,
42.65,REGROUND,83.34,-1.39,-9.6,85.81,-0.01,1,0,,,,1.997,0.146,0.8,,,,,
42.7,REGROUND,83.54,-1.4,-9.6,85.91,-0.01,1,0,,,,1.947,0.142,1.4,,,,,
42.75,REGROUND,83.54,-1.4,-9.6,86.01,-0.01,1,0,,,,1.997,0.146,0.8,,,,,
42.8,REGROUND,83.74,-1.41,-9.6,86.11,-0.01,1,0,,,,1.948,0.142,1.5,,,,,
42.85,REGROUND,83.74,-1.41,-9.6,86.21,-0.01,1,0,,,,1.998,0.146,0.9,,,,,
42.9,REGROUND,83.93,-1.42,-9.6,86.31,-0.01,1,0,,,,1.949,0.142,1.6,,,,,
42.95,REGROUND,83.93,-1.42,-9.6,86.41,-0.01,1,0,,,,1.998,0.146,0.8,,,,,
43.0,REGROUND,84.13,-1.43,-9.6,86.51,-0.01,1,0,,,,1.951,0.142,1.3,,,,,
43.05,REGROUND,84.13,-1.43,-9.6,86.61,-0.01,1,0,,,,2.0,0.146,0.8,,,,,
43.1,REGROUND,84.32,-1.45,-9.6,86.71,-0.01,1,0,,,,1.952,0.142,1.5,,,,,
43.15,REGROUND,84.32,-1.45,-9.6,86.81,-0.01,1,0,,,,2.001,0.146,0.8,,,,,
43.2,REGROUND,84.52,-1.46,-9.6,86.91,-0.01,1,0,,,,1.953,0.142,1.4,,,,,
43.25,REGROUND,84.52,-1.46,-9.6,87.01,-0.01,1,0,,,,2.002,0.146,0.8,,,,,
43.3,REGROUND,84.72,-1.47,-9.6,87.11,-0.01,1,0,,,,1.953,0.143,1.4,,,,,
43.35,REGROUND,84.72,-1.47,-9.6,87.21,-0.01,1,0,,,,2.003,0.146,0.8,,,,,
43.4,REGROUND,84.91,-1.48,-9.6,87.31,-0.01,1,0,,,,1.953,0.143,1.4,,,,,
43.45,REGROUND,84.91,-1.48,-9.6,87.41,-0.01,1,0,,,,2.003,0.146,0.8,,,,,
43.5,REGROUND,85.11,-1.49,-9.6,87.51,-0.01,1,0,,,,1.954,0.143,1.5,,,,,
43.55,REGROUND,85.11,-1.49,-9.6,87.61,-0.01,1,0,,,,2.003,0.147,0.8,,,,,
43.6,REGROUND,85.31,-1.5,-9.6,87.71,-0.01,1,0,,,,1.954,0.143,1.5,,,,,
43.65,REGROUND,85.31,-1.5,-9.6,87.81,-0.01,1,0,,,,2.004,0.147,0.8,,,,,
43.7,REGROUND,85.51,-1.51,-9.6,87.91,-0.01,1,0,,,,1.954,0.143,1.5,,,,,
43.75,REGROUND,85.51,-1.51,-9.6,88.01,-0.01,1,0,,,,2.004,0.147,0.8,,,,,
43.8,REGROUND,85.7,-1.52,-9.6,88.11,-0.01,1,0,,,,1.955,0.143,1.5,,,,,
43.85,REGROUND,85.7,-1.52,-9.6,88.21,-0.01,1,0,,,,2.004,0.147,0.8,,,,,
43.9,REGROUND,85.9,-1.53,-9.6,88.31,-0.01,1,0,,,,1.955,0.144,1.5,,,,,
43.95,REGROUND,85.9,-1.53,-9.6,88.41,-0.01,1,0,,,,2.004,0.147,0.8,,,,,
44.0,REGROUND,86.1,-1.55,-9.6,88.51,-0.01,1,0,,,,1.955,0.144,1.3,,,,,
44.05,REGROUND,86.1,-1.55,-9.6,88.61,-0.01,1,0,,,,2.005,0.147,0.8,,,,,
44.1,REGROUND,86.3,-1.56,-9.61,88.71,-0.01,1,0,,,,1.955,0.144,1.4,,,,,
44.15,REGROUND,86.3,-1.56,-9.61,88.81,-0.01,1,0,,,,2.005,0.147,0.8,,,,,
44.2,REGROUND,86.49,-1.57,-9.61,88.91,-0.01,1,0,,,,1.955,0.144,1.5,,,,,
44.25,REGROUND,86.49,-1.57,-9.61,89.01,-0.01,1,0,,,,2.005,0.147,0.8,,,,,
44.3,REGROUND,86.69,-1.58,-9.61,89.11,-0.01,1,0,,,,1.956,0.144,1.5,,,,,
44.35,REGROUND,86.69,-1.58,-9.61,89.21,-0.01,1,0,,,,2.005,0.147,0.8,,,,,
44.4,REGROUND,86.89,-1.59,-9.61,89.31,-0.01,1,0,,,,1.956,0.143,1.6,,,,,
44.45,REGROUND,86.89,-1.59,-9.61,89.41,-0.01,1,0,,,,2.005,0.147,0.8,,,,,
44.5,REGROUND,87.09,-1.6,-9.61,89.51,-0.01,1,0,,,,1.956,0.143,1.5,,,,,
44.55,REGROUND,87.09,-1.6,-9.61,89.61,-0.01,1,0,,,,2.005,0.147,4.5,,,,,
44.6,REGROUND,87.29,-1.61,-9.61,89.71,-0.01,1,0,,,,1.956,0.143,1.3,,,,,
44.65,REGROUND,87.29,-1.61,-9.61,89.81,-0.01,1,0,,,,2.005,0.146,0.8,,,,,
44.7,REGROUND,87.49,-1.62,-9.61,89.91,-0.01,1,0,,,,1.955,0.143,1.4,,,,,
44.75,REGROUND,87.49,-1.62,-9.61,90.01,-0.01,1,0,,,,2.005,0.146,0.8,,,,,
44.8,REGROUND,87.69,-1.63,-9.61,90.11,-0.01,1,0,,,,1.954,0.142,1.5,,,,,
44.85,REGROUND,87.69,-1.63,-9.61,90.21,-0.01,1,0,,,,2.004,0.146,0.8,,,,,
44.9,REGROUND,87.89,-1.64,-9.61,90.32,-0.01,1,0,,,,1.953,0.142,1.4,,,,,
44.95,REGROUND,87.89,-1.64,-9.61,90.42,-0.01,1,0,,,,2.003,0.146,0.9,,,,,
45.0,REGROUND,88.08,-1.65,-9.61,90.52,-0.01,1,0,,,,1.953,0.142,1.6,,,,,
45.05,REGROUND,88.08,-1.65,-9.61,90.62,-0.01,1,0,,,,2.002,0.145,0.9,,,,,
45.1,REGROUND,88.28,-1.66,-9.61,90.72,-0.01,1,0,,,,1.953,0.142,1.4,,,,,
45.15,REGROUND,88.28,-1.66,-9.61,90.82,-0.01,1,0,,,,2.003,0.145,0.8,,,,,
45.2,REGROUND,88.48,-1.67,-9.61,90.92,-0.01,1,0,,,,1.953,0.142,1.5,,,,,
45.25,REGROUND,88.48,-1.67,-9.61,91.02,-0.01,1,0,,,,2.002,0.145,0.8,,,,,
45.3,REGROUND,88.68,-1.69,-9.61,91.12,-0.01,1,0,,,,1.952,0.142,1.5,,,,,
45.35,REGROUND,88.68,-1.69,-9.61,91.22,-0.01,1,0,,,,2.002,0.145,0.8,,,,,
45.4,REGROUND,88.88,-1.7,-9.61,91.32,-0.01,1,0,,,,1.952,0.142,1.4,,,,,
45.45,REGROUND,88.88,-1.7,-9.61,91.42,-0.01,1,0,,,,2.002,0.145,0.8,,,,,
45.5,REGROUND,89.08,-1.71,-9.61,91.52,-0.01,1,0,,,,1.951,0.142,1.3,,,,,
45.55,REGROUND,89.08,-1.71,-9.61,91.62,-0.01,1,0,,,,2.001,0.145,0.8,,,,,
45.6,REGROUND,89.28,-1.72,-9.61,91.72,-0.01,1,0,,,,1.952,0.142,1.6,,,,,
45.65,REGROUND,89.28,-1.72,-9.61,91.82,-0.01,1,0,,,,2.001,0.146,1.0,,,,,
45.7,REGROUND,89.47,-1.73,-9.61,91.92,-0.01,1,0,,,,1.952,0.142,1.7,,,,,
45.75,REGROUND,89.47,-1.73,-9.61,92.02,-0.01,1,0,,,,2.001,0.146,0.9,,,,,
45.8,REGROUND,89.67,-1.74,-9.6,92.12,-0.01,1,0,,,,1.952,0.142,1.6,,,,,
45.85,REGROUND,89.67,-1.74,-9.6,92.22,-0.01,1,0,,,,2.001,0.146,0.8,,,,,
45.9,REGROUND,89.87,-1.75,-9.6,92.32,-0.01,1,0,,,,1.952,0.143,1.7,,,,,
45.95,REGROUND,89.87,-1.75,-9.6,92.42,-0.01,1,0,,,,2.001,0.146,0.9,,,,,
46.0,REGROUND,90.07,-1.76,-9.6,92.52,-0.01,1,0,,,,1.952,0.143,1.6,,,,,
46.05,REGROUND,90.07,-1.76,-9.6,92.62,-0.01,1,0,,,,2.002,0.147,0.9,,,,,
46.1,REGROUND,90.27,-1.78,-9.6,92.72,-0.01,1,0,,,,1.952,0.143,1.6,,,,,
46.15,REGROUND,90.27,-1.78,-9.6,92.82,-0.01,1,0,,,,2.002,0.147,0.9,,,,,
46.2,REGROUND,90.46,-1.79,-9.6,92.92,-0.01,1,0,,,,1.952,0.143,1.4,,,,,
46.25,REGROUND,90.46,-1.79,-9.6,93.02,-0.01,1,0,,,,2.002,0.147,0.9,,,,,
46.3,REGROUND,90.66,-1.8,-9.6,93.12,-0.01,1,0,,,,1.952,0.143,1.4,,,,,
46.35,REGROUND,90.66,-1.8,-9.6,93.22,-0.01,1,0,,,,2.002,0.147,0.6,,,,,
46.4,REGROUND,90.86,-1.81,-9.6,93.32,-0.01,1,0,,,,1.953,0.143,1.6,,,,,
46.45,REGROUND,90.86,-1.81,-9.6,93.42,-0.01,1,0,,,,2.002,0.147,0.9,,,,,
46.5,REGROUND,91.06,-1.82,-9.6,93.52,-0.01,1,0,,,,1.953,0.143,1.6,,,,,
46.55,REGROUND,91.06,-1.82,-9.6,93.62,-0.01,1,0,,,,2.002,0.147,0.9,,,,,
46.6,REGROUND,91.25,-1.83,-9.6,93.72,-0.01,1,0,,,,1.953,0.143,1.6,,,,,
46.65,REGROUND,91.25,-1.83,-9.6,93.82,-0.01,1,0,,,,2.003,0.147,0.8,,,,,
46.7,REGROUND,91.45,-1.84,-9.6,93.92,-0.01,1,0,,,,1.953,0.143,1.6,,,,,
46.75,REGROUND,91.45,-1.84,-9.6,94.02,-0.01,1,0,,,,2.003,0.147,0.8,,,,,
46.8,CARRY,91.65,-1.85,-9.6,94.12,-0.01,1,0,,,,2.029,1.321,212.2,,,,,
47.02,CARRY,92.05,-1.87,-9.6,94.55,-0.01,1,0,444.5,116.5,175.4,2.47,2.49,45.8,,,,,10.25
47.07,CARRY,92.05,-1.87,-9.6,94.65,-0.01,1,0,445.5,113.5,178.2,2.53,2.51,47.9,,,,,10.312
47.12,CARRY,92.24,-1.88,-9.6,94.75,-0.01,1,0,445.5,116.5,176.1,2.47,2.51,50.1,,,,,10.25
47.17,CARRY,92.24,-1.88,-9.6,94.85,-0.01,1,0,446.5,113.5,178.9,2.53,2.53,50.1,,,,,10.312
47.22,CARRY,92.44,-1.89,-9.6,94.95,-0.01,1,0,446.5,116.5,176.8,2.47,2.53,48.4,,,,,10.312
47.27,CARRY,92.44,-1.89,-9.6,95.05,-0.01,1,0,446.5,113.5,178.9,2.53,2.53,49.0,,,,,10.375
47.32,CARRY,92.64,-1.9,-9.6,95.15,-0.01,1,0,446.5,116.5,176.8,2.47,2.53,47.8,,,,,10.375
47.37,CARRY,92.64,-1.9,-9.6,95.25,-0.01,1,0,447.5,113.5,179.6,2.53,2.55,48.9,,,,,10.438
47.42,CARRY,92.84,-1.9,-9.6,95.35,-0.01,1,0,446.5,116.5,176.8,2.47,2.53,48.0,,,,,10.438
47.47,CARRY,92.84,-1.9,-9.6,95.45,-0.01,1,0,447.5,113.5,179.6,2.53,2.55,51.6,,,,,10.5
47.52,CARRY,93.05,-1.88,-9.6,95.56,-0.01,1,0,445.5,116.5,176.1,2.47,2.51,49.6,,,,,10.25
47.57,CARRY,93.05,-1.88,-9.6,95.66,-0.01,1,0,446.5,113.5,178.9,2.53,2.53,47.3,,,,,10.312
47.62,CARRY,93.26,-1.85,-9.6,95.76,-0.01,1,0,443.5,116.5,174.7,2.47,2.47,49.2,,,,,10.375
47.67,CARRY,93.26,-1.85,-9.6,95.86,-0.01,1,0,444.5,113.5,177.5,2.53,2.49,48.8,,,,,10.375
47.72,CARRY,93.46,-1.79,-9.6,95.96,-0.01,1,0,441.5,117.0,172.9,2.46,2.43,49.7,,,,,10.312
47.77,CARRY,93.46,-1.79,-9.6,96.06,-0.01,1,0,442.0,114.0,175.4,2.52,2.44,48.3,,,,,10.438
47.82,CARRY,93.68,-1.71,-9.6,96.16,-0.01,1,0,437.5,118.0,169.4,2.44,2.35,49.0,,,,,10.5
47.87,CARRY,93.68,-1.71,-9.6,96.26,-0.01,1,0,438.5,115.0,172.2,2.5,2.37,48.7,,,,,10.5
47.92,CARRY,93.9,-1.6,-9.6,96.36,-0.01,1,0,432.0,118.5,165.2,2.43,2.24,49.3,,,,,10.375
47.97,CARRY,93.9,-1.6,-9.6,96.46,-0.01,1,0,433.0,115.5,168.1,2.49,2.26,49.5,,,,,10.438
48.02,CARRY,94.14,-1.47,-9.6,96.56,-0.01,1,0,424.0,119.0,159.6,2.42,2.08,49.3,,,,,10.375
48.07,CARRY,94.14,-1.47,-9.6,96.66,-0.01,1,0,425.0,116.0,162.5,2.48,2.1,49.1,,,,,10.438
48.12,CARRY,94.38,-1.33,-9.6,96.76,-0.01,1,0,415.5,119.5,153.8,2.41,1.91,49.3,,,,,10.438
48.18,CARRY,94.38,-1.33,-9.6,96.87,-0.01,1,0,416.5,116.5,156.7,2.47,1.93,48.0,,,,,10.5
48.23,CARRY,94.64,-1.17,-9.6,96.97,-0.01,1,0,405.5,120.0,147.3,2.4,1.71,49.2,,,,,10.375
48.28,CARRY,94.64,-1.17,-9.6,97.07,-0.01,1,0,406.5,117.0,150.4,2.46,1.73,48.0,,,,,10.5
48.33,CARRY,94.9,-1.01,-9.61,97.17,-0.01,1,0,396.0,121.0,141.2,2.38,1.52,49.3,,,,,10.438
48.38,CARRY,94.9,-1.01,-9.61,97.27,-0.01,1,0,396.5,118.0,144.0,2.44,1.53,47.8,,,,,10.5
48.43,CARRY,95.16,-0.84,-9.61,97.37,-0.01,1,0,386.0,122.0,135.2,2.36,1.32,49.1,,,,,10.562
48.48,CARRY,95.16,-0.84,-9.61,97.47,-0.01,1,0,386.5,119.0,138.1,2.42,1.33,48.1,,,,,10.562
48.53,CARRY,95.42,-0.68,-9.61,97.57,-0.01,1,0,376.0,123.0,129.7,2.34,1.12,49.3,,,,,10.5
48.58,CARRY,95.42,-0.68,-9.61,97.67,-0.01,1,0,377.0,120.0,132.8,2.4,1.14,48.5,,,,,10.562
48.63,CARRY,95.69,-0.53,-9.61,97.77,-0.01,1,0,366.5,125.0,124.0,2.3,0.93,49.4,,,,,10.438
48.68,CARRY,95.69,-0.53,-9.61,97.87,-0.01,1,0,367.5,121.5,127.7,2.37,0.95,48.5,,,,,10.5
48.73,CARRY,95.95,-0.38,-9.61,97.97,-0.01,1,0,358.0,128.0,118.3,2.24,0.76,49.6,,,,,10.188
48.78,CARRY,95.95,-0.38,-9.61,98.07,-0.01,1,0,358.0,122.5,123.5,2.35,0.76,48.9,,,,,10.375
48.83,CARRY,96.21,-0.24,-9.61,98.17,-0.01,1,0,349.5,130.5,113.4,2.19,0.59,49.7,,,,,10.125
48.88,CARRY,96.21,-0.24,-9.61,98.27,-0.01,1,0,350.5,123.5,120.4,2.33,0.61,48.8,,,,,10.125
48.93,CARRY,96.47,-0.12,-9.61,98.37,-0.01,1,0,342.5,133.0,109.3,2.14,0.45,49.9,,,,,10.125
48.98,CARRY,96.47,-0.12,-9.61,98.47,-0.01,1,0,343.0,125.0,117.3,2.3,0.46,47.9,,,,,10.188
49.03,CARRY,96.73,-0.01,-9.61,98.57,-0.01,1,0,335.5,130.0,111.1,2.2,0.31,48.0,,,,,10.0
49.08,CARRY,96.73,-0.01,-9.61,98.67,-0.01,1,0,336.5,129.0,112.2,2.22,0.33,47.3,,,,,10.062
49.13,CARRY,96.99,0.09,-9.61,98.77,-0.01,1,0,329.5,137.0,103.4,2.06,0.19,47.9,,,,,10.062
49.18,CARRY,96.99,0.09,-9.61,98.87,-0.01,1,0,330.5,149.0,91.6,1.82,0.21,47.6,,,,,10.125
49.23,CARRY,97.23,0.17,-9.61,98.97,-0.01,1,0,324.5,139.0,101.1,2.02,0.09,48.0,,,,,10.0
49.28,CARRY,97.23,0.17,-9.61,99.08,-0.01,1,0,325.5,133.5,106.6,2.13,0.11,47.6,,,,,9.938
49.33,CARRY,97.48,0.23,-9.61,99.18,-0.01,1,0,320.5,141.0,99.0,1.98,0.01,48.0,,,,,9.688
49.38,CARRY,97.48,0.23,-9.61,99.28,-0.01,1,0,321.5,154.0,86.0,1.72,0.03,47.5,,,,,9.812
49.43,CARRY,97.72,0.29,-9.6,99.38,-0.01,1,0,317.0,143.0,97.0,1.94,-0.06,48.0,,,,,9.812
49.48,CARRY,97.72,0.29,-9.6,99.48,-0.01,1,0,317.5,137.5,102.5,2.05,-0.05,47.6,,,,,9.812
49.53,CARRY,97.95,0.33,-9.6,99.58,-0.01,1,0,315.0,184.5,55.7,1.11,-0.1,48.3,,,,,9.688
49.58,CARRY,97.95,0.33,-9.6,99.68,-0.01,1,0,316.0,138.5,101.6,2.03,-0.08,47.6,,,,,9.938
49.63,CARRY,98.18,0.35,-9.6,99.78,-0.01,1,0,313.0,146.0,94.3,1.88,-0.14,48.4,,,,,9.688
49.68,CARRY,98.18,0.35,-9.6,99.88,-0.01,1,0,314.0,139.5,100.7,2.01,-0.12,47.7,,,,,9.75
49.73,CARRY,98.4,0.37,-9.6,99.98,-0.01,1,0,312.0,146.5,93.8,1.87,-0.16,48.2,,,,,9.812
49.78,CARRY,98.4,0.37,-9.6,100.08,-0.01,1,0,313.0,141.0,99.2,1.98,-0.14,47.5,,,,,9.688
49.83,CARRY,98.61,0.38,-9.6,100.18,-0.01,1,0,311.0,147.5,92.9,1.85,-0.18,48.2,,,,,9.625
49.88,CARRY,98.61,0.38,-9.6,100.28,-0.01,1,0,312.0,141.5,98.8,1.97,-0.16,47.5,,,,,9.562
49.93,CARRY,98.82,0.37,-9.6,100.38,-0.01,1,0,311.5,148.0,92.4,1.84,-0.17,48.3,,,,,9.562
49.98,CARRY,98.82,0.37,-9.6,100.48,-0.01,1,0,312.0,142.0,98.3,1.96,-0.16,49.7,,,,,9.5
50.03,CARRY,99.03,0.36,-9.6,100.58,-0.01,1,0,312.0,148.0,92.3,1.84,-0.16,48.4,,,,,9.5
50.08,CARRY,99.03,0.36,-9.6,100.68,-0.01,1,0,313.0,142.5,97.8,1.95,-0.14,47.6,,,,,9.438
50.13,CARRY,99.23,0.34,-9.6,100.78,-0.01,1,0,313.0,148.5,91.8,1.83,-0.14,48.2,,,,,9.312
50.18,CARRY,99.23,0.34,-9.6,100.88,-0.01,1,0,314.0,142.5,97.7,1.95,-0.12,47.9,,,,,9.312
50.23,CARRY,99.43,0.32,-9.6,100.98,-0.01,1,0,314.0,148.5,91.7,1.83,-0.12,48.2,,,,,9.312
50.28,CARRY,99.43,0.32,-9.6,101.08,-0.01,1,0,315.0,143.0,97.1,1.94,-0.1,47.9,,,,,9.312
50.33,CARRY,99.62,0.3,-9.6,101.18,-0.01,1,0,315.5,148.5,91.6,1.83,-0.09,49.0,,,,,9.25
50.38,CARRY,99.62,0.3,-9.6,101.28,-0.01,1,0,316.5,142.5,97.6,1.95,-0.07,48.7,,,,,9.25
50.43,CARRY,99.82,0.27,-9.6,101.38,-0.01,1,0,317.0,148.5,91.5,1.83,-0.06,49.0,,,,,9.0
50.48,CARRY,99.82,0.27,-9.6,101.48,-0.01,1,0,317.5,143.0,97.0,1.94,-0.05,48.7,,,,,9.0
50.53,CARRY,100.01,0.24,-9.6,101.58,-0.01,1,0,318.5,148.0,92.0,1.84,-0.03,49.0,,,,,8.812
50.58,CARRY,100.01,0.24,-9.6,101.68,-0.01,1,0,320.0,142.5,97.5,1.95,0.0,48.8,,,,,8.75
50.63,CARRY,100.2,0.21,-9.6,101.78,-0.01,1,0,321.0,148.0,92.0,1.84,0.02,48.9,,,,,8.625
50.68,CARRY,100.2,0.21,-9.6,101.88,-0.01,1,0,322.0,143.0,97.0,1.94,0.04,49.0,,,,,8.688
50.73,CARRY,100.39,0.17,-9.6,101.98,-0.01,1,0,323.0,148.0,92.0,1.84,0.06,49.0,,,,,8.688
50.78,CARRY,100.39,0.17,-9.6,102.08,-0.01,1,0,324.0,142.0,98.1,1.96,0.08,48.8,,,,,8.875
50.83,CARRY,100.58,0.14,-9.6,102.18,-0.01,1,0,325.0,147.5,92.6,1.85,0.1,49.1,,,,,8.875
50.88,CARRY,100.58,0.14,-9.6,102.28,-0.01,1,0,325.5,141.5,98.7,1.97,0.11,51.2,,,,,8.938
50.94,CARRY,100.77,0.11,-9.6,102.38,-0.01,1,0,326.5,147.0,93.2,1.86,0.13,48.7,,,,,8.875
50.99,CARRY,100.77,0.11,-9.6,102.48,-0.01,1,0,327.5,141.0,99.3,1.98,0.15,48.6,,,,,9.0
51.04,CARRY,100.96,0.09,-9.6,102.59,-0.01,1,0,328.5,146.5,93.9,1.87,0.17,48.8,,,,,9.125
51.09,CARRY,100.96,0.09,-9.6,102.69,-0.01,1,0,329.0,141.5,98.9,1.97,0.18,48.4,,,,,9.188
51.14,CARRY,101.15,0.06,-9.6,102.79,-0.01,1,0,330.0,146.0,94.5,1.88,0.2,48.9,,,,,9.312
51.19,CARRY,101.15,0.06,-9.6,102.89,-0.01,1,0,331.0,140.5,100.1,1.99,0.22,52.7,,,,,9.375
51.24,CARRY,101.34,0.03,-9.6,102.99,-0.01,1,0,331.5,145.5,95.2,1.89,0.23,52.6,,,,,9.375
51.29,CARRY,101.53,0.01,-9.6,103.1,-0.01,1,0,332.0,150.5,90.3,1.79,0.24,53.9,,,,,9.438
51.35,CARRY,101.53,0.01,-9.6,103.21,-0.01,1,0,333.0,144.0,96.9,1.92,0.26,51.0,,,,,9.5
51.4,CARRY,101.73,-0.01,-9.6,103.31,-0.01,1,0,333.0,149.5,91.4,1.81,0.26,53.1,,,,,9.5
51.45,CARRY,101.73,-0.01,-9.6,103.42,-0.01,1,0,334.0,143.0,98.0,1.94,0.28,51.9,,,,,9.562
51.51,CARRY,101.92,-0.02,-9.6,103.53,-0.01,1,0,334.5,148.0,93.1,1.84,0.29,52.7,,,,,9.562
51.56,CARRY,101.92,-0.02,-9.6,103.64,-0.01,1,0,335.5,142.0,99.2,1.96,0.31,52.1,,,,,9.625
51.61,CARRY,102.11,-0.04,-9.6,103.74,-0.01,1,0,335.5,147.0,94.3,1.86,0.31,52.6,,,,,9.562
51.67,CARRY,102.11,-0.04,-9.6,103.85,-0.01,1,0,336.5,141.0,100.4,1.98,0.33,51.7,,,,,9.688
51.72,CARRY,102.3,-0.05,-9.6,103.95,-0.01,1,0,336.0,146.0,95.4,1.88,0.32,52.8,,,,,9.75
51.77,CARRY,102.3,-0.05,-9.6,104.06,-0.01,1,0,337.0,140.0,101.4,2.0,0.34,50.9,,,,,9.688
51.83,CARRY,102.49,-0.06,-9.6,104.17,-0.01,1,0,337.0,145.0,96.5,1.9,0.34,51.6,,,,,9.562
51.88,CARRY,102.49,-0.06,-9.6,104.27,-0.01,1,0,338.0,139.0,102.6,2.02,0.36,51.2,,,,,9.562
51.93,CARRY,102.68,-0.07,-9.6,104.37,-0.01,1,0,337.5,144.0,97.6,1.92,0.35,49.2,,,,,9.625
51.98,CARRY,102.68,-0.07,-9.6,104.48,-0.01,1,0,338.5,138.5,103.2,2.03,0.37,50.1,,,,,9.5
52.03,CARRY,102.88,-0.07,-9.6,104.58,-0.01,1,0,338.0,144.0,97.7,1.92,0.36,47.9,,,,,9.5
52.08,CARRY,102.88,-0.07,-9.6,104.68,-0.01,1,0,339.0,137.5,104.2,2.05,0.38,48.9,,,,,9.375
52.13,CARRY,103.07,-0.08,-9.6,104.78,-0.01,1,0,338.0,143.5,98.2,1.93,0.36,48.5,,,,,9.25
52.18,CARRY,103.07,-0.08,-9.6,104.88,-0.01,1,0,339.0,137.5,104.2,2.05,0.38,48.9,,,,,9.188
52.23,CARRY,103.26,-0.08,-9.6,104.98,-0.01,1,0,338.5,143.0,98.7,1.94,0.37,48.6,,,,,9.188
52.28,CARRY,103.26,-0.08,-9.6,105.08,-0.01,1,0,339.0,137.0,104.7,2.06,0.38,48.9,,,,,9.125
52.33,CARRY,103.46,-0.08,-9.6,105.18,-0.01,1,0,338.5,143.0,98.7,1.94,0.37,48.3,,,,,9.125
52.38,CARRY,103.46,-0.08,-9.6,105.28,-0.01,1,0,339.5,137.0,104.8,2.06,0.39,48.9,,,,,9.125
52.43,CARRY,103.66,-0.08,-9.6,105.38,-0.01,1,0,338.5,143.0,98.7,1.94,0.37,48.6,,,,,9.0
52.48,CARRY,103.66,-0.08,-9.6,105.48,-0.01,1,0,339.5,136.5,105.3,2.07,0.39,48.9,,,,,9.0
52.53,CARRY,103.85,-0.08,-9.6,105.58,-0.01,1,0,338.5,142.5,99.2,1.95,0.37,48.2,,,,,8.812
52.58,CARRY,103.85,-0.08,-9.6,105.68,-0.01,1,0,339.5,136.5,105.3,2.07,0.39,48.7,,,,,8.812
52.63,CARRY,104.05,-0.08,-9.6,105.78,-0.01,1,0,338.5,142.5,99.2,1.95,0.37,48.2,,,,,8.875
52.68,CARRY,104.05,-0.08,-9.6,105.88,-0.01,1,0,339.0,136.5,105.2,2.07,0.38,48.6,,,,,8.812
52.73,CARRY,104.25,-0.07,-9.6,105.98,-0.01,1,0,338.0,142.5,99.1,1.95,0.36,47.9,,,,,8.812
52.78,CARRY,104.25,-0.07,-9.6,106.08,-0.01,1,0,339.0,136.5,105.2,2.07,0.38,48.5,,,,,8.875
52.83,CARRY,104.45,-0.07,-9.6,106.18,-0.01,1,0,338.0,142.5,99.1,1.95,0.36,49.0,,,,,8.938
52.88,CARRY,104.45,-0.07,-9.6,106.28,-0.01,1,0,339.0,136.5,105.2,2.07,0.38,48.0,,,,,8.938
52.93,CARRY,104.65,-0.07,-9.6,106.38,-0.01,1,0,338.0,142.5,99.1,1.95,0.36,48.1,,,,,8.938
52.98,CARRY,104.65,-0.07,-9.6,106.48,-0.01,1,0,339.0,136.0,105.7,2.08,0.38,49.0,,,,,9.0
53.03,CARRY,104.85,-0.06,-9.6,106.58,-0.01,1,0,338.0,142.0,99.6,1.96,0.36,47.5,,,,,9.0
53.08,CARRY,104.85,-0.06,-9.6,106.68,-0.01,1,0,338.5,136.5,105.1,2.07,0.37,48.2,,,,,9.062
53.13,CARRY,105.06,-0.06,-9.6,106.78,-0.01,1,0,337.5,142.0,99.6,1.96,0.35,49.5,,,,,9.125
53.18,CARRY,105.06,-0.06,-9.6,106.88,-0.01,1,0,338.5,137.0,104.6,2.06,0.37,47.5,,,,,9.188
53.23,CARRY,105.26,-0.06,-9.6,106.98,-0.01,1,0,337.5,142.0,99.6,1.96,0.35,48.3,,,,,9.125
53.28,CARRY,105.26,-0.06,-9.6,107.08,-0.01,1,0,338.0,136.5,105.1,2.07,0.36,48.0,,,,,9.125
53.33,CARRY,105.46,-0.05,-9.6,107.18,-0.01,1,0,337.0,142.0,99.5,1.96,0.34,50.7,,,,,9.0
53.39,CARRY,105.46,-0.05,-9.6,107.29,-0.01,1,0,338.0,136.0,105.5,2.08,0.36,48.3,,,,,9.062
53.44,CARRY,105.66,-0.05,-9.6,107.39,-0.01,1,0,337.0,142.0,99.5,1.96,0.34,48.2,,,,,9.062
53.49,CARRY,105.66,-0.05,-9.6,107.49,-0.01,1,0,338.0,136.0,105.5,2.08,0.36,47.7,,,,,9.0
53.54,CARRY,105.86,-0.05,-9.6,107.59,-0.01,1,0,337.0,142.0,99.5,1.96,0.34,47.9,,,,,9.0
53.59,CARRY,105.86,-0.05,-9.6,107.69,-0.01,1,0,338.0,136.0,105.5,2.08,0.36,47.7,,,,,9.062
53.64,CARRY,106.06,-0.05,-9.6,107.79,-0.01,1,0,337.0,142.0,99.5,1.96,0.34,47.9,,,,,9.125
53.69,CARRY,106.06,-0.05,-9.6,107.89,-0.01,1,0,337.5,136.0,105.5,2.08,0.35,48.1,,,,,9.312
53.74,CARRY,106.26,-0.04,-9.6,107.99,-0.01,1,0,336.5,142.0,99.4,1.96,0.33,48.0,,,,,9.25
53.79,CARRY,106.26,-0.04,-9.6,108.09,-0.01,1,0,337.5,136.0,105.5,2.08,0.35,47.9,,,,,9.125
53.84,CARRY,106.47,-0.04,-9.6,108.19,-0.01,1,0,336.0,142.0,99.3,1.96,0.32,47.9,,,,,9.188
53.89,CARRY,106.47,-0.04,-9.6,108.29,-0.01,1,0,337.0,136.5,104.9,2.07,0.34,47.7,,,,,9.125
53.94,CARRY,106.67,-0.04,-9.6,108.39,-0.01,1,0,336.0,142.0,99.3,1.96,0.32,47.8,,,,,9.188
53.99,CARRY,106.67,-0.04,-9.6,108.49,-0.01,1,0,337.0,136.5,104.9,2.07,0.34,47.7,,,,,9.125
54.04,CARRY,106.87,-0.03,-9.6,108.59,-0.01,1,0,336.0,142.0,99.3,1.96,0.32,47.4,,,,,9.125
54.09,CARRY,106.87,-0.03,-9.6,108.69,-0.01,1,0,337.0,136.5,104.9,2.07,0.34,47.6,,,,,9.125
54.14,CARRY,107.07,-0.03,-9.6,108.79,-0.01,1,0,336.0,142.5,98.8,1.95,0.32,49.9,,,,,9.125
54.19,CARRY,107.07,-0.03,-9.6,108.89,-0.01,1,0,337.0,136.5,104.9,2.07,0.34,47.5,,,,,9.062
54.24,CARRY,107.28,-0.03,-9.6,108.99,-0.01,1,0,335.5,142.5,98.7,1.95,0.31,49.1,,,,,9.0
54.29,CARRY,107.28,-0.03,-9.6,109.09,-0.01,1,0,336.5,136.5,104.8,2.07,0.33,48.0,,,,,9.0
54.34,CARRY,107.48,-0.03,-9.6,109.19,-0.01,1,0,335.5,142.5,98.7,1.95,0.31,47.6,,,,,9.0
54.39,CARRY,107.48,-0.03,-9.6,109.29,-0.01,1,0,336.0,137.0,104.2,2.06,0.32,47.6,,,,,9.062
54.44,CARRY,107.68,-0.02,-9.6,109.39,-0.01,1,0,335.0,142.5,98.6,1.95,0.3,48.1,,,,,8.875
54.49,CARRY,107.68,-0.02,-9.6,109.49,-0.01,1,0,336.0,137.0,104.2,2.06,0.32,47.8,,,,,8.875
54.54,CARRY,107.89,-0.02,-9.6,109.59,-0.01,1,0,335.0,143.0,98.2,1.94,0.3,48.3,,,,,8.812
54.59,CARRY,107.89,-0.02,-9.6,109.69,-0.01,1,0,336.0,137.0,104.2,2.06,0.32,47.6,,,,,8.938
54.64,CARRY,108.09,-0.02,-9.6,109.79,-0.01,1,0,335.0,143.0,98.2,1.94,0.3,48.3,,,,,8.875
54.69,CARRY,108.09,-0.02,-9.6,109.89,-0.01,1,0,336.0,137.5,103.7,2.05,0.32,48.8,,,,,8.938
54.74,CARRY,108.29,-0.02,-9.6,109.99,-0.01,1,0,335.0,143.0,98.2,1.94,0.3,50.6,,,,,8.875
54.79,CARRY,108.29,-0.02,-9.6,110.09,-0.01,1,0,336.0,137.5,103.7,2.05,0.32,49.1,,,,,9.125
54.84,CARRY,108.5,-0.02,-9.6,110.19,-0.01,1,0,335.0,143.0,98.2,1.94,0.3,48.7,,,,,9.062
54.89,CARRY,108.5,-0.02,-9.6,110.29,-0.01,1,0,335.5,137.5,103.7,2.05,0.31,49.0,,,,,9.125
54.94,CARRY,108.7,-0.01,-9.6,110.39,-0.01,1,0,334.5,143.5,97.6,1.93,0.29,49.9,,,,,9.062
54.99,CARRY,108.7,-0.01,-9.6,110.5,-0.01,1,0,335.5,137.5,103.7,2.05,0.31,48.7,,,,,9.125
55.04,CARRY,108.9,-0.01,-9.6,110.6,-0.01,1,0,334.5,143.5,97.6,1.93,0.29,49.7,,,,,9.125
55.09,CARRY,109.11,-0.01,-9.6,110.7,-0.01,1,0,333.5,149.5,91.5,1.81,0.27,49.2,,,,,9.062
55.14,CARRY,109.11,-0.01,-9.6,110.8,-0.01,1,0,334.5,143.5,97.6,1.93,0.29,49.0,,,,,9.125
55.19,CARRY,109.11,-0.01,-9.6,110.9,-0.01,1,0,335.0,137.5,103.6,2.05,0.3,47.5,,,,,9.188
55.24,CARRY,109.31,-0.01,-9.6,111.0,-0.01,1,0,334.0,143.5,97.5,1.93,0.28,48.9,,,,,9.062
55.29,CARRY,109.31,-0.01,-9.6,111.1,-0.01,1,0,335.0,138.0,103.1,2.04,0.3,47.5,,,,,9.125
55.34,CARRY,109.52,-0.01,-9.6,111.2,-0.01,1,0,334.0,144.0,97.0,1.92,0.28,48.7,,,,,9.0
55.39,CARRY,109.52,-0.01,-9.6,111.3,-0.01,1,0,335.0,138.0,103.1,2.04,0.3,47.6,,,,,9.0
55.44,CARRY,109.72,-0.01,-9.6,111.4,-0.01,1,0,334.0,144.0,97.0,1.92,0.28,48.7,,,,,8.938
55.49,CARRY,109.92,-0.01,-9.6,111.5,-0.01,1,0,333.0,149.5,91.4,1.81,0.26,48.2,,,,,9.0
55.54,CARRY,109.92,-0.01,-9.6,111.6,-0.01,1,0,334.0,144.0,97.0,1.92,0.28,48.1,,,,,9.062
55.59,CARRY,110.12,-0.0,-9.6,111.7,-0.01,1,0,333.0,149.5,91.4,1.81,0.26,48.2,,,,,9.062
55.64,CARRY,110.12,-0.0,-9.6,111.8,-0.01,1,0,334.0,144.0,97.0,1.92,0.28,48.0,,,,,9.125
55.69,CARRY,110.32,-0.0,-9.6,111.9,-0.01,1,0,333.0,149.5,91.4,1.81,0.26,48.5,,,,,9.188
55.74,CARRY,110.32,-0.0,-9.6,112.0,-0.01,1,0,334.0,144.0,97.0,1.92,0.28,48.5,,,,,9.25
55.79,CARRY,110.32,-0.0,-9.6,112.1,-0.01,1,0,335.0,138.0,103.1,2.04,0.3,47.8,,,,,9.062
55.84,CARRY,110.52,-0.0,-9.6,112.2,-0.01,1,0,334.0,144.0,97.0,1.92,0.28,48.9,,,,,9.188
55.89,CARRY,110.52,-0.0,-9.6,112.3,-0.01,1,0,335.0,138.0,103.1,2.04,0.3,47.6,,,,,9.125
55.94,CARRY,110.71,-0.0,-9.6,112.4,-0.01,1,0,334.0,143.5,97.5,1.93,0.28,50.1,,,,,9.062
55.99,CARRY,110.91,-0.0,-9.6,112.5,-0.01,1,0,333.0,149.0,91.9,1.82,0.26,47.9,,,,,9.0
56.04,CARRY,110.91,-0.0,-9.6,112.6,-0.01,1,0,334.0,143.5,97.5,1.93,0.28,47.6,,,,,9.062
56.09,CARRY,111.11,-0.0,-9.6,112.7,-0.01,1,0,333.0,149.0,91.9,1.82,0.26,47.8,,,,,9.062
56.14,CARRY,111.11,-0.0,-9.6,112.8,-0.01,1,0,334.0,143.0,98.0,1.94,0.28,49.1,,,,,9.062
56.19,CARRY,111.3,-0.0,-9.6,112.9,-0.01,1,0,333.0,148.5,92.4,1.83,0.26,48.5,,,,,8.938
56.24,CARRY,111.3,-0.0,-9.6,113.0,-0.01,1,0,334.0,143.0,98.0,1.94,0.28,47.9,,,,,8.938
56.29,CARRY,111.5,-0.0,-9.6,113.1,-0.01,1,0,333.0,148.5,92.4,1.83,0.26,48.9,,,,,9.0
56.34,CARRY,111.5,-0.0,-9.6,113.2,-0.01,1,0,334.0,142.5,98.5,1.95,0.28,48.2,,,,,8.938
56.39,CARRY,111.69,-0.0,-9.6,113.3,-0.01,1,0,333.0,148.0,92.9,1.84,0.26,47.9,,,,,9.0
56.44,CARRY,111.69,-0.0,-9.6,113.4,-0.01,1,0,334.0,142.5,98.5,1.95,0.28,47.7,,,,,8.938
56.49,CARRY,111.69,-0.0,-9.6,113.5,-0.01,1,0,335.0,136.5,104.6,2.07,0.3,47.3,,,,,9.0
56.54,CARRY,111.89,-0.0,-9.6,113.6,-0.01,1,0,334.0,142.0,99.0,1.96,0.28,49.8,,,,,8.812
56.6,CARRY,112.08,-0.0,-9.6,113.71,-0.01,1,0,333.5,147.0,94.0,1.86,0.27,47.7,,,,,9.0
56.65,CARRY,112.08,-0.0,-9.6,113.81,-0.01,1,0,334.5,141.5,99.6,1.97,0.29,47.5,,,,,9.0
56.7,CARRY,112.27,-0.01,-9.6,113.91,-0.01,1,0,333.5,146.5,94.5,1.87,0.27,47.6,,,,,9.0
56.75,CARRY,112.27,-0.01,-9.6,114.01,-0.01,1,0,334.5,141.0,100.1,1.98,0.29,48.8,,,,,8.938
56.8,CARRY,112.47,-0.01,-9.6,114.11,-0.01,1,0,334.0,146.5,94.5,1.87,0.28,47.4,,,,,9.125
56.85,CARRY,112.47,-0.01,-9.6,114.21,-0.01,1,0,334.5,140.5,100.6,1.99,0.29,48.4,,,,,9.25
56.9,CARRY,112.66,-0.01,-9.6,114.31,-0.01,1,0,334.0,146.0,95.0,1.88,0.28,48.0,,,,,9.188
56.95,CARRY,112.66,-0.01,-9.6,114.41,-0.01,1,0,335.0,140.5,100.6,1.99,0.3,48.5,,,,,9.312
57.0,CARRY,112.86,-0.01,-9.6,114.51,-0.01,1,0,334.0,145.5,95.5,1.89,0.28,48.1,,,,,9.25
57.05,CARRY,112.86,-0.01,-9.6,114.61,-0.01,1,0,335.0,140.0,101.1,2.0,0.3,47.7,,,,,9.375
57.1,CARRY,113.05,-0.01,-9.6,114.71,-0.01,1,0,334.0,145.5,95.5,1.89,0.28,47.9,,,,,9.25
57.15,CARRY,113.05,-0.01,-9.6,114.81,-0.01,1,0,335.0,139.5,101.6,2.01,0.3,48.6,,,,,9.375
57.2,CARRY,113.24,-0.01,-9.6,114.91,-0.01,1,0,334.0,145.0,96.0,1.9,0.28,48.2,,,,,9.375
57.25,CARRY,113.24,-0.01,-9.6,115.01,-0.01,1,0,335.0,139.5,101.6,2.01,0.3,48.6,,,,,9.438
57.3,CARRY,113.44,-0.01,-9.6,115.11,-0.01,1,0,334.0,145.0,96.0,1.9,0.28,48.8,,,,,9.375
57.35,CARRY,113.44,-0.01,-9.6,115.21,-0.01,1,0,335.0,139.0,102.1,2.02,0.3,48.8,,,,,9.438
57.4,CARRY,113.64,-0.01,-9.6,115.31,-0.01,1,0,334.0,144.5,96.5,1.91,0.28,48.1,,,,,9.438
57.45,CARRY,113.64,-0.01,-9.6,115.41,-0.01,1,0,335.0,139.0,102.1,2.02,0.3,48.5,,,,,9.5
57.5,CARRY,113.83,-0.01,-9.6,115.51,-0.01,1,0,334.0,144.5,96.5,1.91,0.28,48.6,,,,,9.562
57.55,CARRY,113.83,-0.01,-9.6,115.61,-0.01,1,0,335.0,138.5,102.6,2.03,0.3,49.0,,,,,9.625
57.6,CARRY,114.03,-0.01,-9.6,115.71,-0.01,1,0,334.5,144.0,97.1,1.92,0.29,47.7,,,,,9.562
57.65,CARRY,114.03,-0.01,-9.6,115.81,-0.01,1,0,335.0,138.5,102.6,2.03,0.3,48.6,,,,,9.625
57.7,CARRY,114.22,-0.01,-9.6,115.91,-0.01,1,0,334.5,144.0,97.1,1.92,0.29,50.6,,,,,9.625
57.75,CARRY,114.22,-0.01,-9.6,116.01,-0.01,1,0,335.5,138.0,103.2,2.04,0.31,47.5,,,,,9.812
57.8,CARRY,114.42,-0.01,-9.6,116.11,-0.01,1,0,334.5,143.5,97.6,1.93,0.29,49.4,,,,,9.75
57.85,CARRY,114.42,-0.01,-9.6,116.21,-0.01,1,0,335.5,137.5,103.7,2.05,0.31,48.9,,,,,9.75
57.9,CARRY,114.62,-0.01,-9.6,116.31,-0.01,1,0,335.0,143.5,97.7,1.93,0.3,49.8,,,,,9.625
57.95,CARRY,114.62,-0.01,-9.6,116.41,-0.01,1,0,335.5,137.5,103.7,2.05,0.31,47.9,,,,,9.688
58.0,CARRY,114.82,-0.02,-9.6,116.51,-0.01,1,0,335.0,143.0,98.2,1.94,0.3,48.8,,,,,9.562
58.05,CARRY,114.82,-0.02,-9.6,116.61,-0.01,1,0,335.5,137.5,103.7,2.05,0.31,47.7,,,,,9.562
58.1,CARRY,115.02,-0.02,-9.6,116.71,-0.01,1,0,335.0,143.0,98.2,1.94,0.3,49.7,,,,,9.438
58.15,CARRY,115.02,-0.02,-9.6,116.82,-0.01,1,0,336.0,137.5,103.7,2.05,0.32,47.6,,,,,9.5
58.2,CARRY,115.21,-0.02,-9.6,116.92,-0.01,1,0,335.0,143.0,98.2,1.94,0.3,49.9,,,,,9.375
58.25,CARRY,115.21,-0.02,-9.6,117.02,-0.01,1,0,336.0,137.0,104.2,2.06,0.32,47.9,,,,,9.438
58.3,CARRY,115.41,-0.02,-9.6,117.12,-0.01,1,0,335.0,142.5,98.6,1.95,0.3,49.0,,,,,9.25
58.35,CARRY,115.41,-0.02,-9.6,117.22,-0.01,1,0,336.0,137.0,104.2,2.06,0.32,47.4,,,,,9.25
58.4,CARRY,115.61,-0.02,-9.6,117.32,-0.01,1,0,335.0,142.5,98.6,1.95,0.3,48.4,,,,,9.25
58.45,CARRY,115.61,-0.02,-9.6,117.42,-0.01,1,0,336.0,137.0,104.2,2.06,0.32,47.4,,,,,9.25
58.5,CARRY,115.81,-0.02,-9.6,117.52,-0.01,1,0,335.0,142.5,98.6,1.95,0.3,49.6,,,,,9.0
58.55,CARRY,115.81,-0.02,-9.6,117.62,-0.01,1,0,336.0,137.0,104.2,2.06,0.32,47.9,,,,,9.125
58.6,CARRY,116.01,-0.02,-9.6,117.72,-0.01,1,0,335.0,142.5,98.6,1.95,0.3,48.9,,,,,9.062
58.65,CARRY,116.01,-0.02,-9.6,117.82,-0.01,1,0,336.0,137.0,104.2,2.06,0.32,47.5,,,,,9.188
58.7,CARRY,116.21,-0.02,-9.6,117.92,-0.01,1,0,335.0,142.5,98.6,1.95,0.3,49.7,,,,,8.938
58.75,CARRY,116.21,-0.02,-9.6,118.02,-0.01,1,0,336.0,137.0,104.2,2.06,0.32,48.3,,,,,9.062
58.8,CARRY,116.42,-0.02,-9.6,118.12,-0.01,1,0,335.0,142.5,98.6,1.95,0.3,48.7,,,,,9.125
58.85,CARRY,116.42,-0.02,-9.6,118.22,-0.01,1,0,336.0,137.0,104.2,2.06,0.32,47.9,,,,,9.125
58.9,CARRY,116.62,-0.02,-9.6,118.32,-0.01,1,0,335.0,142.5,98.6,1.95,0.3,49.0,,,,,9.125
58.95,CARRY,116.62,-0.02,-9.6,118.42,-0.01,1,0,336.0,137.0,104.2,2.06,0.32,48.4,,,,,9.25
59.0,CARRY,116.82,-0.02,-9.6,118.52,-0.01,1,0,335.0,142.5,98.6,1.95,0.3,48.9,,,,,9.25
59.05,CARRY,116.82,-0.02,-9.6,118.62,-0.01,1,0,336.0,137.0,104.2,2.06,0.32,48.3,,,,,9.375
59.1,CARRY,117.02,-0.02,-9.6,118.72,-0.01,1,0,335.0,143.0,98.2,1.94,0.3,50.1,,,,,9.375
59.16,CARRY,117.02,-0.02,-9.6,118.83,-0.01,1,0,336.0,137.0,104.2,2.06,0.32,48.7,,,,,9.5
59.21,CARRY,117.22,-0.02,-9.6,118.93,-0.01,1,0,335.0,142.5,98.6,1.95,0.3,49.4,,,,,9.312
59.26,CARRY,117.22,-0.02,-9.6,119.03,-0.01,1,0,336.0,137.0,104.2,2.06,0.32,48.3,,,,,9.375
59.31,CARRY,117.42,-0.02,-9.6,119.13,-0.01,1,0,335.0,143.0,98.2,1.94,0.3,48.9,,,,,9.375
59.36,CARRY,117.42,-0.02,-9.6,119.23,-0.01,1,0,336.0,137.0,104.2,2.06,0.32,48.4,,,,,9.375
59.41,CARRY,117.63,-0.02,-9.6,119.33,-0.01,1,0,335.0,143.0,98.2,1.94,0.3,49.0,,,,,9.375
59.46,CARRY,117.63,-0.02,-9.6,119.43,-0.01,1,0,336.0,137.5,103.7,2.05,0.32,48.3,,,,,9.375
59.51,CARRY,117.83,-0.02,-9.6,119.53,-0.01,1,0,335.0,143.0,98.2,1.94,0.3,49.2,,,,,9.312
59.56,CARRY,117.83,-0.02,-9.6,119.63,-0.01,1,0,336.0,137.5,103.7,2.05,0.32,48.4,,,,,9.312
59.61,CARRY,118.03,-0.02,-9.6,119.73,-0.01,1,0,335.0,143.0,98.2,1.94,0.3,49.2,,,,,9.375
59.66,CARRY,118.03,-0.02,-9.6,119.83,-0.01,1,0,336.0,137.5,103.7,2.05,0.32,47.7,,,,,9.375
59.71,CARRY,118.23,-0.02,-9.6,119.93,-0.01,1,0,335.0,143.0,98.2,1.94,0.3,48.8,,,,,9.5
59.76,CARRY,118.23,-0.02,-9.6,120.03,-0.01,1,0,336.0,137.5,103.7,2.05,0.32,48.2,,,,,9.438
59.81,CARRY,118.43,-0.02,-9.61,120.13,-0.01,1,0,335.0,143.5,97.7,1.93,0.3,48.4,,,,,9.438
59.86,CARRY,118.43,-0.02,-9.61,120.23,-0.01,1,0,336.0,137.5,103.7,2.05,0.32,49.8,,,,,9.438
59.91,CARRY,118.63,-0.02,-9.61,120.33,-0.01,1,0,335.0,143.5,97.7,1.93,0.3,48.9,,,,,9.438
59.96,CARRY,118.63,-0.02,-9.61,120.43,-0.01,1,0,336.0,137.5,103.7,2.05,0.32,47.7,,,,,9.375
60.01,CARRY,118.84,-0.02,-9.61,120.53,-0.01,1,0,335.0,143.5,97.7,1.93,0.3,48.5,,,,,9.438
60.06,CARRY,118.84,-0.02,-9.61,120.63,-0.01,1,0,336.0,137.5,103.7,2.05,0.32,49.7,,,,,9.438
60.11,CARRY,119.04,-0.02,-9.61,120.73,-0.01,1,0,335.0,143.5,97.7,1.93,0.3,48.8,,,,,9.375
60.16,CARRY,119.04,-0.02,-9.61,120.83,-0.01,1,0,336.0,138.0,103.2,2.04,0.32,48.5,,,,,9.25
60.21,CARRY,119.24,-0.02,-9.61,120.93,-0.01,1,0,335.0,143.5,97.7,1.93,0.3,48.6,,,,,9.312
60.26,CARRY,119.24,-0.02,-9.61,121.03,-0.01,1,0,335.5,138.0,103.2,2.04,0.31,48.9,,,,,9.188
60.31,CARRY,119.44,-0.02,-9.61,121.13,-0.01,1,0,335.0,143.5,97.7,1.93,0.3,48.3,,,,,9.188
60.36,CARRY,119.44,-0.02,-9.61,121.23,-0.01,1,0,335.5,138.0,103.2,2.04,0.31,47.8,,,,,9.125
60.41,CARRY,119.64,-0.02,-9.61,121.33,-0.01,1,0,335.0,143.5,97.7,1.93,0.3,48.3,,,,,9.062
60.46,CARRY,119.64,-0.02,-9.61,121.43,-0.01,1,0,335.5,138.0,103.2,2.04,0.31,48.7,,,,,9.0
60.51,CARRY,119.85,-0.02,-9.61,121.53,-0.01,1,0,334.5,144.0,97.1,1.92,0.29,49.0,,,,,8.938
60.56,CARRY,119.85,-0.02,-9.61,121.63,-0.01,1,0,335.5,138.0,103.2,2.04,0.31,49.2,,,,,8.938
60.61,CARRY,120.05,-0.01,-9.61,121.73,-0.01,1,0,334.5,144.0,97.1,1.92,0.29,48.2,,,,,8.938
60.66,CARRY,120.05,-0.01,-9.61,121.83,-0.01,1,0,335.5,138.0,103.2,2.04,0.31,47.7,,,,,8.938
60.71,CARRY,120.25,-0.01,-9.61,121.93,-0.01,1,0,334.5,144.0,97.1,1.92,0.29,48.3,,,,,8.812
60.76,CARRY,120.25,-0.01,-9.61,122.03,-0.01,1,0,335.5,138.0,103.2,2.04,0.31,47.7,,,,,8.938
60.81,CARRY,120.45,-0.01,-9.61,122.13,-0.01,1,0,334.5,144.0,97.1,1.92,0.29,48.4,,,,,8.938
60.86,CARRY,120.45,-0.01,-9.61,122.24,-0.01,1,0,335.5,138.0,103.2,2.04,0.31,48.0,,,,,9.0
60.91,CARRY,120.65,-0.01,-9.61,122.34,-0.01,1,0,334.5,144.0,97.1,1.92,0.29,48.2,,,,,9.0
60.96,CARRY,120.65,-0.01,-9.61,122.44,-0.01,1,0,335.5,138.5,102.7,2.03,0.31,48.0,,,,,9.125
61.01,CARRY,120.85,-0.01,-9.61,122.54,-0.01,1,0,334.5,144.0,97.1,1.92,0.29,48.4,,,,,9.125
61.06,CARRY,120.85,-0.01,-9.61,122.64,-0.01,1,0,335.0,138.5,102.6,2.03,0.3,47.9,,,,,9.188
61.11,CARRY,121.05,-0.01,-9.61,122.74,-0.01,1,0,334.5,144.0,97.1,1.92,0.29,48.1,,,,,9.125
61.16,CARRY,121.05,-0.01,-9.61,122.84,-0.01,1,0,335.0,138.5,102.6,2.03,0.3,48.1,,,,,9.25
61.21,CARRY,121.26,-0.01,-9.61,122.94,-0.01,1,0,334.0,144.0,97.0,1.92,0.28,47.2,,,,,9.125
61.26,CARRY,121.26,-0.01,-9.61,123.04,-0.01,1,0,335.0,138.5,102.6,2.03,0.3,49.8,,,,,9.25
61.31,CARRY,121.46,-0.01,-9.61,123.14,-0.01,1,0,334.0,144.0,97.0,1.92,0.28,48.0,,,,,9.25
61.36,CARRY,121.46,-0.01,-9.61,123.24,-0.01,1,0,335.0,138.5,102.6,2.03,0.3,47.4,,,,,9.25
61.41,CARRY,121.66,-0.01,-9.6,123.34,-0.01,1,0,334.0,144.0,97.0,1.92,0.28,48.8,,,,,9.25
61.46,CARRY,121.66,-0.01,-9.6,123.44,-0.01,1,0,335.0,138.5,102.6,2.03,0.3,48.8,,,,,9.25
61.51,CARRY,121.86,-0.01,-9.6,123.54,-0.01,1,0,334.0,144.0,97.0,1.92,0.28,47.8,,,,,9.312
61.56,CARRY,121.86,-0.01,-9.6,123.64,-0.01,1,0,335.0,138.5,102.6,2.03,0.3,48.4,,,,,9.312
61.61,CARRY,122.06,-0.01,-9.6,123.74,-0.01,1,0,334.0,144.0,97.0,1.92,0.28,48.7,,,,,9.312
61.66,CARRY,122.06,-0.01,-9.6,123.84,-0.01,1,0,335.0,138.5,102.6,2.03,0.3,47.7,,,,,9.375
61.71,CARRY,122.26,-0.01,-9.6,123.94,-0.01,1,0,334.0,144.0,97.0,1.92,0.28,48.2,,,,,9.438
61.76,CARRY,122.26,-0.01,-9.6,124.04,-0.01,1,0,335.0,138.5,102.6,2.03,0.3,47.7,,,,,9.375
61.81,CARRY,122.46,-0.01,-9.6,124.14,-0.01,1,0,334.0,144.0,97.0,1.92,0.28,47.9,,,,,9.438
61.86,CARRY,122.46,-0.01,-9.6,124.24,-0.01,1,0,335.0,138.5,102.6,2.03,0.3,47.8,,,,,9.375
61.91,CARRY,122.66,-0.01,-9.6,124.34,-0.01,1,0,334.0,144.0,97.0,1.92,0.28,53.0,,,,,9.438
61.97,CARRY,122.66,-0.01,-9.6,124.45,-0.01,1,0,335.0,138.0,103.1,2.04,0.3,48.8,,,,,9.375
62.02,CARRY,122.86,-0.01,-9.6,124.55,-0.01,1,0,334.0,143.5,97.5,1.93,0.28,48.5,,,,,9.375
62.07,CARRY,122.86,-0.01,-9.6,124.65,-0.01,1,0,335.0,138.0,103.1,2.04,0.3,47.6,,,,,9.312
62.12,CARRY,123.06,-0.01,-9.6,124.75,-0.01,1,0,334.0,143.5,97.5,1.93,0.28,48.3,,,,,9.25
62.17,CARRY,123.06,-0.01,-9.6,124.85,-0.01,1,0,335.0,138.0,103.1,2.04,0.3,47.8,,,,,9.188
62.22,CARRY,123.26,-0.01,-9.6,124.95,-0.01,1,0,334.5,143.5,97.6,1.93,0.29,49.3,,,,,9.125
62.27,CARRY,123.26,-0.01,-9.6,125.05,-0.01,1,0,335.0,138.0,103.1,2.04,0.3,47.9,,,,,9.062
62.32,CARRY,123.46,-0.01,-9.6,125.15,-0.01,1,0,334.5,143.5,97.6,1.93,0.29,49.4,,,,,9.062
62.37,CARRY,123.46,-0.01,-9.6,125.25,-0.01,1,0,335.0,138.0,103.1,2.04,0.3,48.4,,,,,9.062
62.42,CARRY,123.66,-0.01,-9.6,125.35,-0.01,1,0,334.5,143.5,97.6,1.93,0.29,49.0,,,,,8.938
62.47,CARRY,123.66,-0.01,-9.6,125.45,-0.01,1,0,335.0,138.0,103.1,2.04,0.3,48.9,,,,,8.938
62.52,CARRY,123.86,-0.01,-9.6,125.55,-0.01,1,0,334.5,143.5,97.6,1.93,0.29,49.4,,,,,8.875
62.57,CARRY,123.86,-0.01,-9.6,125.65,-0.01,1,0,335.5,137.5,103.7,2.05,0.31,48.0,,,,,8.938
62.62,CARRY,124.06,-0.01,-9.6,125.75,-0.01,1,0,334.5,143.5,97.6,1.93,0.29,48.3,,,,,8.875
62.67,CARRY,124.06,-0.01,-9.6,125.85,-0.01,1,0,335.5,137.5,103.7,2.05,0.31,48.5,,,,,8.938
62.72,CARRY,124.26,-0.01,-9.6,125.95,-0.01,1,0,334.5,143.5,97.6,1.93,0.29,48.2,,,,,8.812
62.77,CARRY,124.26,-0.01,-9.6,126.05,-0.01,1,0,335.5,138.0,103.2,2.04,0.31,49.2,,,,,9.0
62.82,CARRY,124.46,-0.01,-9.6,126.15,-0.01,1,0,334.5,143.5,97.6,1.93,0.29,48.7,,,,,9.062
62.87,CARRY,124.46,-0.01,-9.6,126.25,-0.01,1,0,335.5,138.0,103.2,2.04,0.31,48.4,,,,,9.062
62.92,CARRY,124.66,-0.01,-9.6,126.35,-0.01,1,0,334.5,143.5,97.6,1.93,0.29,50.2,,,,,9.125
62.97,CARRY,124.66,-0.01,-9.6,126.45,-0.01,1,0,335.5,137.5,103.7,2.05,0.31,48.5,,,,,9.312
63.02,CARRY,124.86,-0.01,-9.6,126.55,-0.01,1,0,334.5,143.5,97.6,1.93,0.29,50.3,,,,,9.188
63.07,CARRY,124.86,-0.01,-9.6,126.66,-0.01,1,0,335.5,137.5,103.7,2.05,0.31,47.1,,,,,9.312
63.12,CARRY,125.06,-0.01,-9.6,126.76,-0.01,1,0,335.0,143.5,97.7,1.93,0.3,49.0,,,,,9.188
63.17,CARRY,125.06,-0.01,-9.6,126.86,-0.01,1,0,335.5,137.5,103.7,2.05,0.31,48.1,,,,,9.312
63.22,CARRY,125.26,-0.01,-9.6,126.96,-0.01,1,0,335.0,143.5,97.7,1.93,0.3,49.7,,,,,9.25
63.27,CARRY,125.26,-0.01,-9.6,127.06,-0.01,1,0,335.5,137.5,103.7,2.05,0.31,46.9,,,,,9.375
63.32,CARRY,125.46,-0.02,-9.6,127.16,-0.01,1,0,335.0,143.5,97.7,1.93,0.3,49.0,,,,,9.375
63.37,CARRY,125.46,-0.02,-9.6,127.26,-0.01,1,0,335.5,137.5,103.7,2.05,0.31,48.5,,,,,9.438
63.42,CARRY,125.67,-0.02,-9.6,127.36,-0.01,1,0,335.0,143.5,97.7,1.93,0.3,47.5,,,,,9.312
63.47,CARRY,125.67,-0.02,-9.6,127.46,-0.01,1,0,335.5,137.5,103.7,2.05,0.31,47.0,,,,,9.438
63.52,CARRY,125.87,-0.02,-9.6,127.56,-0.01,1,0,334.5,143.5,97.6,1.93,0.29,48.9,,,,,9.438
63.57,CARRY,125.87,-0.02,-9.6,127.66,-0.01,1,0,335.5,138.0,103.2,2.04,0.31,46.8,,,,,9.5
63.62,CARRY,126.07,-0.01,-9.6,127.76,-0.01,1,0,334.5,143.5,97.6,1.93,0.29,47.9,,,,,9.438
63.67,CARRY,126.07,-0.01,-9.6,127.86,-0.01,1,0,335.5,138.0,103.2,2.04,0.31,46.9,,,,,9.562
63.72,CARRY,126.27,-0.01,-9.6,127.96,-0.01,1,0,334.5,143.5,97.6,1.93,0.29,47.9,,,,,9.625
63.77,CARRY,126.27,-0.01,-9.6,128.06,-0.01,1,0,335.5,138.0,103.2,2.04,0.31,46.9,,,,,9.5
63.82,CARRY,126.47,-0.01,-9.6,128.16,-0.01,1,0,334.5,143.5,97.6,1.93,0.29,48.1,,,,,9.438
63.87,CARRY,126.47,-0.01,-9.6,128.26,-0.01,1,0,335.5,138.0,103.2,2.04,0.31,46.6,,,,,9.438
63.92,CARRY,126.67,-0.01,-9.6,128.36,-0.01,1,0,334.5,143.5,97.6,1.93,0.29,47.8,,,,,9.438
63.97,CARRY,126.67,-0.01,-9.6,128.46,-0.01,1,0,335.5,138.0,103.2,2.04,0.31,47.0,,,,,9.438
64.02,CARRY,126.87,-0.01,-9.6,128.56,-0.01,1,0,334.5,144.0,97.1,1.92,0.29,47.9,,,,,9.375
64.07,CARRY,126.87,-0.01,-9.6,128.66,-0.01,1,0,335.5,138.0,103.2,2.04,0.31,46.9,,,,,9.375
64.12,CARRY,127.08,-0.01,-9.6,128.76,-0.01,1,0,334.5,144.0,97.1,1.92,0.29,47.9,,,,,9.312
64.17,CARRY,127.08,-0.01,-9.6,128.86,-0.01,1,0,335.5,138.0,103.2,2.04,0.31,48.5,,,,,9.25
64.22,CARRY,127.28,-0.01,-9.6,128.96,-0.01,1,0,334.5,144.0,97.1,1.92,0.29,49.1,,,,,9.188
64.27,CARRY,127.28,-0.01,-9.6,129.06,-0.01,1,0,335.5,138.0,103.2,2.04,0.31,47.9,,,,,9.125
64.32,CARRY,127.48,-0.01,-9.6,129.16,-0.01,1,0,334.5,144.0,97.1,1.92,0.29,48.4,,,,,9.188
64.37,CARRY,127.48,-0.01,-9.6,129.26,-0.01,1,0,335.5,138.0,103.2,2.04,0.31,47.3,,,,,9.125
64.42,CARRY,127.68,-0.01,-9.6,129.36,-0.01,1,0,334.5,144.0,97.1,1.92,0.29,48.3,,,,,9.125
64.47,CARRY,127.68,-0.01,-9.6,129.46,-0.01,1,0,335.5,138.0,103.2,2.04,0.31,47.2,,,,,9.062
64.52,CARRY,127.88,-0.01,-9.6,129.56,-0.01,1,0,334.5,144.0,97.1,1.92,0.29,48.3,,,,,8.938
64.57,CARRY,127.88,-0.01,-9.6,129.66,-0.01,1,0,335.5,138.0,103.2,2.04,0.31,48.2,,,,,9.0
64.62,CARRY,128.08,-0.01,-9.6,129.76,-0.01,1,0,334.5,144.0,97.1,1.92,0.29,47.5,,,,,9.062
64.67,CARRY,128.08,-0.01,-9.6,129.86,-0.01,1,0,335.5,138.0,103.2,2.04,0.31,49.5,,,,,9.062
64.72,CARRY,128.28,-0.01,-9.6,129.96,-0.01,1,0,334.5,144.0,97.1,1.92,0.29,47.8,,,,,8.938
64.77,CARRY,128.28,-0.01,-9.6,130.06,-0.01,1,0,335.5,138.0,103.2,2.04,0.31,48.9,,,,,9.125
64.82,CARRY,128.48,-0.01,-9.6,130.16,-0.01,1,0,334.5,144.0,97.1,1.92,0.29,47.5,,,,,9.062
64.87,CARRY,128.48,-0.01,-9.6,130.26,-0.01,1,0,335.5,138.0,103.2,2.04,0.31,49.3,,,,,9.188
64.93,CARRY,128.68,-0.01,-9.6,130.36,-0.01,1,0,334.5,144.0,97.1,1.92,0.29,47.6,,,,,9.25
64.98,CARRY,128.68,-0.01,-9.6,130.46,-0.01,1,0,335.5,138.0,103.2,2.04,0.31,49.4,,,,,9.312
65.03,CARRY,128.88,-0.01,-9.6,130.57,-0.01,1,0,334.5,144.0,97.1,1.92,0.29,47.8,,,,,9.188
65.08,CARRY,128.88,-0.01,-9.6,130.67,-0.01,1,0,335.5,138.0,103.2,2.04,0.31,49.3,,,,,9.375
65.13,CARRY,129.08,-0.01,-9.6,130.77,-0.01,1,0,334.5,144.0,97.1,1.92,0.29,51.0,,,,,9.312
65.18,CARRY,129.08,-0.01,-9.6,130.87,-0.01,1,0,335.5,138.0,103.2,2.04,0.31,46.9,,,,,9.438
65.23,CARRY,129.28,-0.01,-9.6,130.97,-0.01,1,0,334.5,143.5,97.6,1.93,0.29,49.7,,,,,9.375
65.28,CARRY,129.28,-0.01,-9.6,131.07,-0.01,1,0,335.5,137.5,103.7,2.05,0.31,48.9,,,,,9.562
65.33,CARRY,129.48,-0.01,-9.6,131.17,-0.01,1,0,334.5,143.5,97.6,1.93,0.29,47.8,,,,,9.5
65.38,CARRY,129.48,-0.01,-9.6,131.27,-0.01,1,0,335.5,138.0,103.2,2.04,0.31,48.1,,,,,9.625
65.43,CARRY,129.68,-0.01,-9.6,131.37,-0.01,1,0,334.5,143.5,97.6,1.93,0.29,48.0,,,,,9.562
65.48,CARRY,129.68,-0.01,-9.6,131.47,-0.01,1,0,335.5,174.0,67.8,1.32,0.31,48.9,,,,,9.75
65.53,CARRY,129.88,-0.02,-9.6,131.57,-0.01,1,0,334.5,143.5,97.6,1.93,0.29,48.9,,,,,9.75
65.58,CARRY,129.88,-0.02,-9.6,131.67,-0.01,1,0,335.5,138.0,103.2,2.04,0.31,48.8,,,,,9.688
65.63,CARRY,130.08,-0.02,-9.6,131.77,-0.01,1,0,334.5,143.5,97.6,1.93,0.29,47.6,,,,,9.375
65.68,CARRY,130.08,-0.02,-9.6,131.87,-0.01,1,0,335.5,138.0,103.2,2.04,0.31,48.0,,,,,9.625
65.73,CARRY,130.28,-0.02,-9.6,131.97,-0.01,1,0,334.5,143.5,97.6,1.93,0.29,48.0,,,,,9.5
65.78,CARRY,130.28,-0.02,-9.6,132.07,-0.01,1,0,335.5,138.0,103.2,2.04,0.31,47.9,,,,,9.562
65.83,CARRY,130.48,-0.02,-9.6,132.17,-0.01,1,0,335.0,143.5,97.7,1.93,0.3,48.1,,,,,9.375
65.88,CARRY,130.48,-0.02,-9.6,132.27,-0.01,1,0,335.5,138.0,103.2,2.04,0.31,48.0,,,,,9.375
65.93,CARRY,130.68,-0.02,-9.6,132.37,-0.01,1,0,335.0,143.5,97.7,1.93,0.3,49.0,,,,,9.25
65.98,CARRY,130.68,-0.02,-9.6,132.47,-0.01,1,0,335.5,137.5,103.7,2.05,0.31,47.1,,,,,9.312
66.03,CARRY,130.88,-0.02,-9.6,132.57,-0.01,1,0,335.0,143.0,98.2,1.94,0.3,49.3,,,,,9.375
66.08,CARRY,130.88,-0.02,-9.6,132.67,-0.01,1,0,336.0,137.5,103.7,2.05,0.32,49.5,,,,,9.375
66.13,CARRY,131.08,-0.02,-9.61,132.78,-0.01,1,0,335.0,143.0,98.2,1.94,0.3,48.8,,,,,9.188
66.18,CARRY,131.08,-0.02,-9.61,132.88,-0.01,1,0,336.0,137.5,103.7,2.05,0.32,48.6,,,,,9.25
66.23,CARRY,131.28,-0.02,-9.61,132.98,-0.01,1,0,335.0,143.0,98.2,1.94,0.3,49.3,,,,,9.188
66.28,CARRY,131.28,-0.02,-9.61,133.08,-0.01,1,0,336.0,137.5,103.7,2.05,0.32,48.7,,,,,9.125
66.33,CARRY,131.48,-0.02,-9.61,133.18,-0.01,1,0,335.0,143.0,98.2,1.94,0.3,47.0,,,,,9.188
66.38,CARRY,131.48,-0.02,-9.61,133.28,-0.01,1,0,336.0,137.5,103.7,2.05,0.32,49.2,,,,,9.188
66.43,CARRY,131.68,-0.02,-9.61,133.38,-0.01,1,0,335.0,143.0,98.2,1.94,0.3,47.1,,,,,9.125
66.48,CARRY,131.68,-0.02,-9.61,133.48,-0.01,1,0,336.0,137.5,103.7,2.05,0.32,49.2,,,,,9.125
66.53,CARRY,131.88,-0.02,-9.61,133.58,-0.01,1,0,335.0,143.0,98.2,1.94,0.3,48.6,,,,,9.0
66.58,CARRY,131.88,-0.02,-9.61,133.68,-0.01,1,0,336.0,137.5,103.7,2.05,0.32,47.4,,,,,9.125
66.63,CARRY,132.08,-0.02,-9.61,133.78,-0.01,1,0,335.0,143.0,98.2,1.94,0.3,49.3,,,,,9.0
66.68,CARRY,132.08,-0.02,-9.61,133.88,-0.01,1,0,336.0,137.5,103.7,2.05,0.32,47.4,,,,,9.0
66.73,CARRY,132.28,-0.02,-9.61,133.98,-0.01,1,0,335.0,143.0,98.2,1.94,0.3,50.1,,,,,8.875
66.78,CARRY,132.28,-0.02,-9.61,134.08,-0.01,1,0,336.0,137.5,103.7,2.05,0.32,47.3,,,,,9.062
66.83,CARRY,132.48,-0.02,-9.61,134.18,-0.01,1,0,335.0,143.0,98.2,1.94,0.3,49.9,,,,,9.0
66.88,CARRY,132.48,-0.02,-9.61,134.28,-0.01,1,0,336.0,137.5,103.7,2.05,0.32,48.3,,,,,9.0
66.93,CARRY,132.69,-0.02,-9.61,134.38,-0.01,1,0,335.0,143.0,98.2,1.94,0.3,51.4,,,,,9.062
66.99,CARRY,132.69,-0.02,-9.61,134.49,-0.01,1,0,336.0,137.0,104.2,2.06,0.32,48.6,,,,,9.125
67.04,CARRY,132.89,-0.02,-9.61,134.59,-0.01,1,0,335.0,143.0,98.2,1.94,0.3,50.3,,,,,9.125
67.09,CARRY,132.89,-0.02,-9.61,134.69,-0.01,1,0,336.0,137.0,104.2,2.06,0.32,48.7,,,,,9.188
67.14,CARRY,133.09,-0.02,-9.61,134.79,-0.01,1,0,335.0,143.0,98.2,1.94,0.3,48.1,,,,,9.125
67.19,CARRY,133.09,-0.02,-9.61,134.89,-0.01,1,0,336.0,137.0,104.2,2.06,0.32,48.7,,,,,9.188
67.24,CARRY,133.29,-0.02,-9.61,134.99,-0.01,1,0,335.0,143.0,98.2,1.94,0.3,49.9,,,,,9.062
67.29,CARRY,133.29,-0.02,-9.61,135.09,-0.01,1,0,336.0,137.0,104.2,2.06,0.32,47.1,,,,,9.125
67.34,CARRY,133.49,-0.02,-9.61,135.19,-0.01,1,0,335.0,143.0,98.2,1.94,0.3,50.1,,,,,9.062
67.39,CARRY,133.49,-0.02,-9.61,135.3,-0.01,1,0,336.0,137.0,104.2,2.06,0.32,46.5,,,,,9.125
67.44,CARRY,133.69,-0.02,-9.6,135.4,-0.01,1,0,335.0,142.5,98.6,1.95,0.3,49.6,,,,,9.125
67.49,CARRY,133.89,-0.02,-9.6,135.5,-0.01,1,0,334.0,148.5,92.6,1.83,0.28,48.7,,,,,9.125
67.54,CARRY,133.89,-0.02,-9.6,135.6,-0.01,1,0,335.0,142.5,98.6,1.95,0.3,48.6,,,,,9.188
67.59,CARRY,133.89,-0.02,-9.6,135.7,-0.01,1,0,335.5,137.0,104.2,2.06,0.31,49.2,,,,,9.25
67.64,CARRY,134.09,-0.01,-9.6,135.8,-0.01,1,0,335.0,142.5,98.6,1.95,0.3,48.8,,,,,9.125
67.69,CARRY,134.09,-0.01,-9.6,135.9,-0.01,1,0,335.5,137.0,104.2,2.06,0.31,48.5,,,,,9.312
67.74,CARRY,134.3,-0.01,-9.6,136.0,-0.01,1,0,335.0,143.0,98.2,1.94,0.3,48.8,,,,,9.312
67.79,CARRY,134.3,-0.01,-9.6,136.1,-0.01,1,0,335.5,137.0,104.2,2.06,0.31,48.7,,,,,9.188
67.84,CARRY,134.5,-0.01,-9.6,136.2,-0.01,1,0,334.5,143.0,98.1,1.94,0.29,49.2,,,,,9.25
67.89,CARRY,134.5,-0.01,-9.6,136.3,-0.01,1,0,335.5,137.0,104.2,2.06,0.31,47.3,,,,,9.312
67.94,CARRY,134.7,-0.01,-9.6,136.4,-0.01,1,0,334.5,143.0,98.1,1.94,0.29,48.6,,,,,9.188
67.99,CARRY,134.9,-0.01,-9.6,136.5,-0.01,1,0,334.0,148.5,92.6,1.83,0.28,48.2,,,,,9.188
68.04,CARRY,134.9,-0.01,-9.6,136.6,-0.01,1,0,334.5,143.0,98.1,1.94,0.29,49.1,,,,,9.188
68.09,CARRY,135.1,-0.01,-9.6,136.7,-0.01,1,0,333.5,148.5,92.5,1.83,0.27,48.0,,,,,9.125
68.14,CARRY,135.1,-0.01,-9.6,136.8,-0.01,1,0,334.5,143.0,98.1,1.94,0.29,49.0,,,,,9.188
68.19,CARRY,135.1,-0.01,-9.6,136.9,-0.01,1,0,335.5,137.0,104.2,2.06,0.31,48.5,,,,,9.188
68.24,CARRY,135.3,-0.01,-9.6,137.0,-0.01,1,0,334.5,143.0,98.1,1.94,0.29,50.4,,,,,9.062
68.29,CARRY,135.3,-0.01,-9.6,137.1,-0.01,1,0,335.0,137.0,104.1,2.06,0.3,47.2,,,,,9.062
68.34,CARRY,135.5,-0.01,-9.6,137.2,-0.01,1,0,334.5,142.5,98.6,1.95,0.29,50.6,,,,,9.062
68.4,CARRY,135.7,-0.01,-9.6,137.31,-0.01,1,0,333.5,148.0,93.0,1.84,0.27,48.8,,,,,9.0
68.45,CARRY,135.7,-0.01,-9.6,137.41,-0.01,1,0,334.5,142.5,98.6,1.95,0.29,48.0,,,,,8.938
68.5,CARRY,135.89,-0.01,-9.6,137.51,-0.01,1,0,333.5,148.0,93.0,1.84,0.27,49.5,,,,,8.812
68.55,CARRY,135.89,-0.01,-9.6,137.61,-0.01,1,0,334.5,142.0,99.1,1.96,0.29,48.0,,,,,8.938
68.6,CARRY,136.09,-0.01,-9.6,137.71,-0.01,1,0,333.5,147.5,93.5,1.85,0.27,48.4,,,,,8.875
68.65,CARRY,136.09,-0.01,-9.6,137.81,-0.01,1,0,334.5,142.0,99.1,1.96,0.29,47.7,,,,,8.875
68.7,CARRY,136.29,-0.01,-9.6,137.91,-0.01,1,0,333.5,147.5,93.5,1.85,0.27,48.8,,,,,8.875
68.75,CARRY,136.29,-0.01,-9.6,138.01,-0.01,1,0,334.5,142.0,99.1,1.96,0.29,48.2,,,,,8.812
68.8,CARRY,136.49,-0.01,-9.6,138.11,-0.01,1,0,333.5,147.5,93.5,1.85,0.27,50.2,,,,,9.125
68.85,CARRY,136.49,-0.01,-9.6,138.21,-0.01,1,0,334.5,141.5,99.6,1.97,0.29,47.4,,,,,9.125
68.9,CARRY,136.68,-0.01,-9.6,138.31,-0.01,1,0,333.5,147.0,94.0,1.86,0.27,49.8,,,,,9.25
68.95,CARRY,136.68,-0.01,-9.6,138.41,-0.01,1,0,334.5,141.0,100.1,1.98,0.29,47.7,,,,,9.25
69.0,CARRY,136.88,-0.01,-9.6,138.51,-0.01,1,0,334.0,146.5,94.5,1.87,0.28,49.5,,,,,9.25
69.05,CARRY,136.88,-0.01,-9.6,138.61,-0.01,1,0,334.5,140.5,100.6,1.99,0.29,47.8,,,,,9.312
69.1,CARRY,137.07,-0.01,-9.6,138.71,-0.01,1,0,334.0,146.0,95.0,1.88,0.28,48.8,,,,,9.25
69.15,CARRY,137.07,-0.01,-9.6,138.81,-0.01,1,0,334.5,140.5,100.6,1.99,0.29,46.7,,,,,9.312
69.2,CARRY,137.26,-0.01,-9.6,138.91,-0.01,1,0,334.0,146.0,95.0,1.88,0.28,48.5,,,,,9.25
69.25,CARRY,137.26,-0.01,-9.6,139.01,-0.01,1,0,335.0,140.0,101.1,2.0,0.3,47.3,,,,,9.312
69.3,CARRY,137.46,-0.01,-9.6,139.11,-0.01,1,0,334.0,145.5,95.5,1.89,0.28,49.4,,,,,9.188
69.35,CARRY,137.46,-0.01,-9.6,139.22,-0.01,1,0,335.0,139.5,101.6,2.01,0.3,47.3,,,,,9.25
69.4,CARRY,137.65,-0.01,-9.6,139.32,-0.01,1,0,334.0,145.0,96.0,1.9,0.28,49.6,,,,,9.188
69.45,CARRY,137.65,-0.01,-9.6,139.42,-0.01,1,0,335.0,139.5,101.6,2.01,0.3,46.5,,,,,9.25
69.5,CARRY,137.85,-0.01,-9.6,139.52,-0.01,1,0,334.0,144.5,96.5,1.91,0.28,50.1,,,,,9.25
69.55,CARRY,137.85,-0.01,-9.6,139.62,-0.01,1,0,335.0,139.0,102.1,2.02,0.3,48.3,,,,,9.312
69.6,CARRY,138.04,-0.01,-9.6,139.72,-0.01,1,0,334.0,144.5,96.5,1.91,0.28,48.4,,,,,9.188
69.65,CARRY,138.04,-0.01,-9.6,139.82,-0.01,1,0,335.0,138.5,102.6,2.03,0.3,49.4,,,,,9.188
69.7,CARRY,138.24,-0.01,-9.6,139.92,-0.01,1,0,334.0,144.0,97.0,1.92,0.28,48.3,,,,,9.25
69.75,CARRY,138.24,-0.01,-9.6,140.02,-0.01,1,0,335.0,138.5,102.6,2.03,0.3,50.0,,,,,9.125
69.8,CARRY,138.44,-0.01,-9.6,140.12,-0.01,1,0,334.0,143.5,97.5,1.93,0.28,48.8,,,,,9.25
69.85,CARRY,138.44,-0.01,-9.6,140.22,-0.01,1,0,335.0,138.0,103.1,2.04,0.3,47.7,,,,,9.25
69.9,CARRY,138.63,-0.01,-9.6,140.32,-0.01,1,0,334.5,143.5,97.6,1.93,0.29,48.4,,,,,9.25
69.95,CARRY,138.63,-0.01,-9.6,140.42,-0.01,1,0,335.0,138.0,103.1,2.04,0.3,48.2,,,,,9.25
70.0,CARRY,138.83,-0.01,-9.6,140.52,-0.01,1,0,334.5,143.5,97.6,1.93,0.29,48.7,,,,,9.188
70.05,CARRY,138.83,-0.01,-9.6,140.62,-0.01,1,0,335.0,138.0,103.1,2.04,0.3,48.3,,,,,9.25
70.1,CARRY,139.03,-0.01,-9.6,140.72,-0.01,1,0,334.5,143.5,97.6,1.93,0.29,49.1,,,,,9.188
70.15,CARRY,139.03,-0.01,-9.6,140.82,-0.01,1,0,335.5,137.5,103.7,2.05,0.31,48.1,,,,,9.125
70.2,CARRY,139.23,-0.01,-9.6,140.92,-0.01,1,0,334.5,143.0,98.1,1.94,0.29,49.0,,,,,9.125
70.25,CARRY,139.23,-0.01,-9.6,141.02,-0.01,1,0,335.5,137.5,103.7,2.05,0.31,47.5,,,,,9.125
70.31,CARRY,139.43,-0.01,-9.6,141.12,-0.01,1,0,334.5,143.0,98.1,1.94,0.29,48.7,,,,,8.938
70.36,CARRY,139.43,-0.01,-9.6,141.22,-0.01,1,0,335.5,137.5,103.7,2.05,0.31,49.1,,,,,9.0
70.41,CARRY,139.63,-0.01,-9.6,141.32,-0.01,1,0,334.5,143.0,98.1,1.94,0.29,48.8,,,,,8.938
70.46,CARRY,139.63,-0.01,-9.6,141.42,-0.01,1,0,335.5,137.5,103.7,2.05,0.31,48.2,,,,,9.0
70.51,CARRY,139.83,-0.01,-9.6,141.53,-0.01,1,0,334.5,143.0,98.1,1.94,0.29,48.8,,,,,8.688
70.56,CARRY,139.83,-0.01,-9.6,141.63,-0.01,1,0,335.5,137.5,103.7,2.05,0.31,49.1,,,,,8.875
70.61,CARRY,140.03,-0.01,-9.6,141.73,-0.01,1,0,335.0,143.0,98.2,1.94,0.3,48.5,,,,,8.812
70.66,CARRY,140.03,-0.01,-9.6,141.83,-0.01,1,0,335.5,137.5,103.7,2.05,0.31,48.2,,,,,9.0
70.71,CARRY,140.23,-0.01,-9.6,141.93,-0.01,1,0,335.0,143.0,98.2,1.94,0.3,49.6,,,,,8.812
70.76,CARRY,140.23,-0.01,-9.6,142.03,-0.01,1,0,335.5,137.5,103.7,2.05,0.31,48.6,,,,,9.0
70.81,CARRY,140.43,-0.01,-9.6,142.13,-0.01,1,0,335.0,143.0,98.2,1.94,0.3,48.6,,,,,9.125
70.86,CARRY,140.43,-0.01,-9.6,142.23,-0.01,1,0,335.5,137.5,103.7,2.05,0.31,47.9,,,,,9.125
70.91,CARRY,140.63,-0.02,-9.6,142.33,-0.01,1,0,335.0,143.0,98.2,1.94,0.3,48.5,,,,,9.125
70.96,CARRY,140.63,-0.02,-9.6,142.43,-0.01,1,0,335.5,137.5,103.7,2.05,0.31,47.1,,,,,9.25
71.01,CARRY,140.83,-0.01,-9.6,142.53,-0.01,1,0,335.0,143.0,98.2,1.94,0.3,50.1,,,,,9.312
71.06,CARRY,140.83,-0.01,-9.6,142.63,-0.01,1,0,335.5,137.5,103.7,2.05,0.31,47.0,,,,,9.375
71.11,CARRY,141.03,-0.02,-9.6,142.73,-0.01,1,0,335.0,143.0,98.2,1.94,0.3,49.5,,,,,9.25
71.16,CARRY,141.03,-0.02,-9.6,142.83,-0.01,1,0,335.5,137.5,103.7,2.05,0.31,49.2,,,,,9.375
71.21,CARRY,141.23,-0.01,-9.6,142.93,-0.01,1,0,335.0,143.0,98.2,1.94,0.3,48.2,,,,,9.25
71.26,CARRY,141.23,-0.01,-9.6,143.03,-0.01,1,0,335.5,137.5,103.7,2.05,0.31,47.7,,,,,9.312
71.31,CARRY,141.43,-0.01,-9.6,143.13,-0.01,1,0,335.0,143.0,98.2,1.94,0.3,48.1,,,,,9.312
71.36,CARRY,141.43,-0.01,-9.6,143.23,-0.01,1,0,335.5,137.5,103.7,2.05,0.31,48.9,,,,,9.312
71.41,CARRY,141.64,-0.01,-9.6,143.33,-0.01,1,0,334.5,143.0,98.1,1.94,0.29,48.3,,,,,9.25
71.46,CARRY,141.64,-0.01,-9.6,143.43,-0.01,1,0,335.5,137.5,103.7,2.05,0.31,48.8,,,,,9.25
71.51,CARRY,141.84,-0.01,-9.6,143.53,-0.01,1,0,334.5,143.5,97.6,1.93,0.29,48.2,,,,,9.25
71.56,CARRY,141.84,-0.01,-9.6,143.63,-0.01,1,0,335.5,137.5,103.7,2.05,0.31,47.9,,,,,9.25
71.61,CARRY,142.04,-0.01,-9.6,143.73,-0.01,1,0,334.5,143.5,97.6,1.93,0.29,48.9,,,,,9.25
71.66,CARRY,142.04,-0.01,-9.6,143.83,-0.01,1,0,335.5,137.5,103.7,2.05,0.31,48.2,,,,,9.312
71.71,CARRY,142.24,-0.01,-9.6,143.93,-0.01,1,0,334.5,143.5,97.6,1.93,0.29,49.4,,,,,9.375
71.76,CARRY,142.24,-0.01,-9.6,144.03,-0.01,1,0,335.5,137.5,103.7,2.05,0.31,48.7,,,,,9.312
71.81,CARRY,142.44,-0.01,-9.6,144.13,-0.01,1,0,334.5,143.5,97.6,1.93,0.29,52.1,,,,,9.438
71.86,CARRY,142.44,-0.01,-9.6,144.24,-0.01,1,0,335.5,137.5,103.7,2.05,0.31,47.8,,,,,9.438
71.91,CARRY,142.65,-0.01,-9.6,144.34,-0.01,1,0,334.5,143.5,97.6,1.93,0.29,48.4,,,,,9.375
71.96,CARRY,142.65,-0.01,-9.6,144.44,-0.01,1,0,335.5,137.5,103.7,2.05,0.31,47.9,,,,,9.375
72.01,CARRY,142.85,-0.01,-9.6,144.54,-0.01,1,0,334.5,143.5,97.6,1.93,0.29,48.5,,,,,9.375
72.06,CARRY,142.85,-0.01,-9.6,144.64,-0.01,1,0,335.5,138.0,103.2,2.04,0.31,48.9,,,,,9.312
72.11,CARRY,143.05,-0.01,-9.6,144.74,-0.01,1,0,334.5,143.5,97.6,1.93,0.29,48.3,,,,,9.25
72.16,CARRY,143.05,-0.01,-9.6,144.84,-0.01,1,0,335.5,138.0,103.2,2.04,0.31,48.0,,,,,9.188
72.21,CARRY,143.25,-0.01,-9.61,144.94,-0.01,1,0,334.5,143.5,97.6,1.93,0.29,48.7,,,,,9.188
72.26,CARRY,143.25,-0.01,-9.61,145.04,-0.01,1,0,335.5,138.0,103.2,2.04,0.31,49.0,,,,,9.125
72.31,CARRY,143.45,-0.01,-9.61,145.14,-0.01,1,0,334.5,143.5,97.6,1.93,0.29,50.9,,,,,9.188
72.37,CARRY,143.45,-0.01,-9.61,145.24,-0.01,1,0,335.5,138.0,103.2,2.04,0.31,48.2,,,,,9.188
72.42,CARRY,143.65,-0.01,-9.61,145.34,-0.01,1,0,334.5,143.5,97.6,1.93,0.29,49.0,,,,,9.125
72.47,CARRY,143.65,-0.01,-9.61,145.44,-0.01,1,0,335.5,138.0,103.2,2.04,0.31,50.2,,,,,9.125
72.52,CARRY,143.86,-0.01,-9.61,145.55,-0.01,1,0,334.5,143.5,97.6,1.93,0.29,49.6,,,,,8.938
72.57,CARRY,143.86,-0.01,-9.61,145.65,-0.01,1,0,335.5,138.0,103.2,2.04,0.31,49.3,,,,,9.125
72.62,CARRY,144.06,-0.01,-9.61,145.75,-0.01,1,0,334.5,143.5,97.6,1.93,0.29,50.8,,,,,9.0
72.67,CARRY,144.06,-0.01,-9.61,145.85,-0.01,1,0,335.5,137.5,103.7,2.05,0.31,47.4,,,,,9.125
72.72,CARRY,144.26,-0.01,-9.61,145.95,-0.01,1,0,334.5,143.5,97.6,1.93,0.29,48.6,,,,,8.938
72.77,CARRY,144.26,-0.01,-9.61,146.05,-0.01,1,0,335.5,137.5,103.7,2.05,0.31,47.1,,,,,9.188
72.82,CARRY,144.46,-0.01,-9.61,146.15,-0.01,1,0,334.5,143.5,97.6,1.93,0.29,48.4,,,,,9.188
72.87,CARRY,144.46,-0.01,-9.61,146.25,-0.01,1,0,335.5,138.0,103.2,2.04,0.31,48.1,,,,,9.25
72.92,CARRY,144.66,-0.02,-9.61,146.35,-0.01,1,0,334.5,143.5,97.6,1.93,0.29,49.2,,,,,9.25
72.97,CARRY,144.66,-0.02,-9.61,146.45,-0.01,1,0,335.5,138.0,103.2,2.04,0.31,48.3,,,,,9.375
73.02,CARRY,144.86,-0.02,-9.61,146.55,-0.01,1,0,334.5,143.5,97.6,1.93,0.29,47.9,,,,,9.312
73.07,CARRY,144.86,-0.02,-9.61,146.65,-0.01,1,0,335.5,138.0,103.2,2.04,0.31,48.4,,,,,9.438
73.12,CARRY,145.06,-0.02,-9.61,146.76,-0.01,1,0,335.0,143.5,97.7,1.93,0.3,48.4,,,,,9.312
73.17,CARRY,145.06,-0.02,-9.61,146.86,-0.01,1,0,335.5,138.0,103.2,2.04,0.31,47.4,,,,,9.5
73.22,CARRY,145.26,-0.02,-9.61,146.96,-0.01,1,0,335.0,143.5,97.7,1.93,0.3,48.3,,,,,9.312
73.27,CARRY,145.26,-0.02,-9.61,147.06,-0.01,1,0,335.5,138.0,103.2,2.04,0.31,47.3,,,,,9.438
73.32,CARRY,145.47,-0.02,-9.61,147.16,-0.01,1,0,335.0,143.5,97.7,1.93,0.3,48.6,,,,,9.438
73.37,CARRY,145.47,-0.02,-9.61,147.26,-0.01,1,0,336.0,138.0,103.2,2.04,0.32,47.4,,,,,9.438
73.42,CARRY,145.67,-0.02,-9.61,147.36,-0.01,1,0,335.0,143.5,97.7,1.93,0.3,49.8,,,,,9.312
73.47,CARRY,145.67,-0.02,-9.61,147.46,-0.01,1,0,336.0,138.0,103.2,2.04,0.32,49.7,,,,,9.438
73.52,CARRY,145.87,-0.02,-9.6,147.56,-0.01,1,0,335.0,143.5,97.7,1.93,0.3,48.6,,,,,9.438
73.57,CARRY,145.87,-0.02,-9.6,147.66,-0.01,1,0,336.0,138.0,103.2,2.04,0.32,50.0,,,,,9.5
73.62,CARRY,146.07,-0.02,-9.6,147.76,-0.01,1,0,335.0,143.5,97.7,1.93,0.3,49.4,,,,,9.562
73.67,CARRY,146.07,-0.02,-9.6,147.86,-0.01,1,0,336.0,137.5,103.7,2.05,0.32,48.1,,,,,9.625
73.72,CARRY,146.27,-0.02,-9.6,147.96,-0.01,1,0,335.0,143.5,97.7,1.93,0.3,48.7,,,,,9.562
73.77,CARRY,146.27,-0.02,-9.6,148.06,-0.01,1,0,336.0,137.5,103.7,2.05,0.32,48.4,,,,,9.5
73.82,CARRY,146.47,-0.02,-9.6,148.16,-0.01,1,0,335.0,143.5,97.7,1.93,0.3,48.7,,,,,9.562
73.87,CARRY,146.47,-0.02,-9.6,148.26,-0.01,1,0,336.0,137.5,103.7,2.05,0.32,48.1,,,,,9.562
73.92,CARRY,146.67,-0.02,-9.6,148.36,-0.01,1,0,335.0,143.5,97.7,1.93,0.3,48.6,,,,,9.562
73.97,CARRY,146.67,-0.02,-9.6,148.46,-0.01,1,0,336.0,138.0,103.2,2.04,0.32,47.8,,,,,9.5
74.02,CARRY,146.87,-0.02,-9.6,148.56,-0.01,1,0,335.0,143.5,97.7,1.93,0.3,48.6,,,,,9.5
74.07,CARRY,146.87,-0.02,-9.6,148.66,-0.01,1,0,336.0,138.0,103.2,2.04,0.32,47.9,,,,,9.5
74.12,CARRY,147.07,-0.02,-9.6,148.76,-0.01,1,0,335.0,143.5,97.7,1.93,0.3,48.6,,,,,9.5
74.17,CARRY,147.07,-0.02,-9.6,148.86,-0.01,1,0,336.0,138.0,103.2,2.04,0.32,49.0,,,,,9.375
74.22,CARRY,147.27,-0.02,-9.6,148.96,-0.01,1,0,335.0,143.5,97.7,1.93,0.3,48.5,,,,,9.312
74.27,CARRY,147.27,-0.02,-9.6,149.06,-0.01,1,0,336.0,137.5,103.7,2.05,0.32,48.1,,,,,9.312
74.32,CARRY,147.47,-0.02,-9.6,149.16,-0.01,1,0,335.0,143.5,97.7,1.93,0.3,49.7,,,,,9.312
74.38,CARRY,147.47,-0.02,-9.6,149.27,-0.01,1,0,336.0,137.5,103.7,2.05,0.32,50.7,,,,,9.312
74.43,CARRY,147.67,-0.02,-9.6,149.37,-0.01,1,0,335.0,143.0,98.2,1.94,0.3,48.2,,,,,9.25
74.48,CARRY,147.67,-0.02,-9.6,149.47,-0.01,1,0,336.0,137.5,103.7,2.05,0.32,47.8,,,,,9.188
74.53,CARRY,147.87,-0.02,-9.6,149.57,-0.01,1,0,335.0,143.0,98.2,1.94,0.3,49.2,,,,,9.062
74.58,CARRY,147.87,-0.02,-9.6,149.67,-0.01,1,0,336.0,137.5,103.7,2.05,0.32,47.9,,,,,9.188
74.63,CARRY,148.07,-0.02,-9.6,149.77,-0.01,1,0,335.0,143.0,98.2,1.94,0.3,48.2,,,,,9.062
74.68,CARRY,148.07,-0.02,-9.6,149.87,-0.01,1,0,335.5,137.5,103.7,2.05,0.31,47.5,,,,,9.188
74.73,CARRY,148.27,-0.02,-9.6,149.97,-0.01,1,0,335.0,143.0,98.2,1.94,0.3,50.6,,,,,9.0
74.78,CARRY,148.27,-0.02,-9.6,150.07,-0.01,1,0,335.5,137.5,103.7,2.05,0.31,48.6,,,,,9.125
74.83,CARRY,148.47,-0.01,-9.6,150.17,-0.01,1,0,335.0,143.0,98.2,1.94,0.3,49.3,,,,,9.062
74.88,CARRY,148.47,-0.01,-9.6,150.27,-0.01,1,0,335.5,137.5,103.7,2.05,0.31,49.6,,,,,9.062
74.93,CARRY,148.68,-0.01,-9.6,150.38,-0.01,1,0,335.0,143.0,98.2,1.94,0.3,49.6,,,,,9.125
74.98,CARRY,148.68,-0.01,-9.6,150.48,-0.01,1,0,335.5,137.0,104.2,2.06,0.31,50.1,,,,,9.188
