{
  "backend": "hf",
  "n": 439,
  "parse_rate": 0.9202733485193622,
  "iou_gate_pass_rate": 0.38724373576309795,
  "mean_iou": 0.31337364153663716,
  "center_std": 196.08039483982924
}
