{
  "backend": "jetson",
  "n": 439,
  "parse_rate": 0.9931662870159453,
  "iou_gate_pass_rate": 0.6104783599088838,
  "mean_iou": 0.46236935466331974,
  "center_std": 214.8297915032839
}
