{
  "backend": "hf",
  "n": 439,
  "parse_rate": 0.9886104783599089,
  "iou_gate_pass_rate": 0.8246013667425968,
  "mean_iou": 0.6578655720407846,
  "center_std": 227.26661419840653
}
