t_s,state,copter_n,copter_e,copter_d,rover_n,rover_e,in_fov,occluded,bbox_cx,bbox_cy,px_err,vx_cmd,vy_cmd,loop_ms,dist_n,dist_e,d_true_px,d_dist_px,carry_score
0.0,ACQUIRE,0.01,-0.01,-8.81,0.51,-0.01,1,0,,,,0.0,0.0,4.7,13.26,-0.01,,,
0.05,ACQUIRE,0.01,-0.01,-8.92,0.53,-0.01,1,0,,,,0.0,0.0,1.7,13.26,-0.01,,,
0.1,ACQUIRE,0.01,-0.01,-8.92,0.54,-0.01,1,0,,,,0.0,0.0,0.8,13.26,-0.01,,,
0.15,ACQUIRE,0.01,-0.01,-9.03,0.55,-0.01,1,0,,,,0.0,0.0,1.6,13.26,-0.01,,,
0.2,ACQUIRE,0.01,-0.01,-9.03,0.56,-0.01,1,0,,,,0.0,0.0,0.9,13.26,-0.01,,,
0.25,ACQUIRE,0.01,-0.01,-9.13,0.58,-0.01,1,0,,,,0.0,0.0,1.5,13.26,-0.01,,,
0.3,ACQUIRE,0.01,-0.01,-9.13,0.59,-0.01,1,0,,,,0.0,0.0,0.9,13.26,-0.01,,,
0.35,ACQUIRE,0.01,-0.01,-9.22,0.6,-0.01,1,0,,,,0.65,0.1,2.8,13.26,-0.01,,,
0.4,ACQUIRE,0.01,-0.01,-9.22,0.61,-0.01,1,0,,,,0.66,0.08,1.8,13.26,-0.01,,,
0.45,ACQUIRE,0.01,-0.01,-9.3,0.63,-0.01,1,0,,,,0.66,0.08,2.5,13.26,-0.01,,,
0.5,ACQUIRE,0.01,-0.01,-9.3,0.64,-0.01,1,0,,,,0.67,0.08,2.1,13.26,-0.01,,,
0.55,ACQUIRE,0.01,-0.01,-9.37,0.65,-0.01,1,0,,,,0.67,0.08,2.5,13.26,-0.01,,,
0.6,ACQUIRE,0.01,-0.01,-9.37,0.66,-0.01,1,0,,,,0.68,0.08,1.9,13.26,-0.01,,,
0.65,ACQUIRE,0.01,-0.01,-9.44,0.68,-0.01,1,0,,,,0.67,0.08,2.4,13.26,-0.01,,,
0.7,ACQUIRE,0.01,-0.01,-9.44,0.69,-0.01,1,0,,,,0.68,0.08,1.9,13.26,-0.01,,,
0.75,ACQUIRE,0.03,-0.01,-9.49,0.7,-0.01,1,0,,,,0.67,0.07,2.6,13.26,-0.01,,,
0.8,ACQUIRE,0.03,-0.01,-9.49,0.71,-0.01,1,0,,,,0.68,0.07,1.9,13.26,-0.01,,,
0.85,ACQUIRE,0.05,-0.01,-9.53,0.73,-0.01,1,0,,,,0.73,0.05,2.6,13.26,-0.01,,,
0.9,ACQUIRE,0.05,-0.01,-9.53,0.74,-0.01,1,0,,,,0.74,0.08,1.9,13.26,-0.01,,,
0.95,ACQUIRE,0.08,-0.01,-9.55,0.75,-0.01,1,0,,,,0.71,0.09,2.6,13.26,-0.01,,,
1.0,ACQUIRE,0.08,-0.01,-9.55,0.76,-0.01,1,0,,,,0.72,0.09,1.9,13.26,-0.01,,,
1.05,ACQUIRE,0.11,-0.01,-9.57,0.78,-0.01,1,0,,,,0.68,0.08,2.6,13.26,-0.01,,,
1.1,ACQUIRE,0.11,-0.01,-9.57,0.79,-0.01,1,0,,,,0.69,0.08,1.8,13.26,-0.01,,,
1.15,ACQUIRE,0.16,-0.01,-9.58,0.8,-0.01,1,0,,,,0.64,0.07,2.5,13.26,-0.01,,,
1.2,ACQUIRE,0.16,-0.01,-9.58,0.82,-0.01,1,0,,,,0.65,0.07,1.9,13.26,-0.01,,,
1.25,ACQUIRE,0.21,-0.01,-9.58,0.83,-0.01,1,0,,,,0.6,0.07,2.4,13.26,-0.01,,,
1.3,ACQUIRE,0.21,-0.01,-9.58,0.84,-0.01,1,0,,,,0.61,0.07,1.9,13.26,-0.01,,,
1.35,ACQUIRE,0.26,-0.01,-9.58,0.85,-0.01,1,0,,,,0.26,-0.12,2.3,13.26,-0.01,,,
1.4,ACQUIRE,0.26,-0.01,-9.58,0.87,-0.01,1,0,,,,0.62,0.04,1.8,13.26,-0.01,,,
1.45,ACQUIRE,0.32,-0.01,-9.58,0.88,-0.01,1,0,,,,0.57,0.07,2.6,13.26,-0.01,,,
1.5,ACQUIRE,0.32,-0.01,-9.58,0.89,-0.01,1,0,,,,0.58,0.07,1.9,13.26,-0.01,,,
1.55,ACQUIRE,0.38,-0.01,-9.57,0.9,-0.01,1,0,,,,0.52,0.07,2.5,13.26,-0.01,,,
1.6,ACQUIRE,0.38,-0.01,-9.57,0.92,-0.01,1,0,,,,0.53,0.07,1.9,13.26,-0.01,,,
1.65,ACQUIRE,0.44,-0.02,-9.56,0.93,-0.01,1,0,,,,0.46,0.05,2.6,13.26,-0.01,,,
1.7,ACQUIRE,0.44,-0.02,-9.56,0.94,-0.01,1,0,,,,0.47,0.06,1.8,13.26,-0.01,,,
1.75,ACQUIRE,0.49,-0.02,-9.56,0.95,-0.01,1,0,,,,0.42,0.05,2.5,13.26,-0.01,,,
1.8,ACQUIRE,0.49,-0.02,-9.56,0.97,-0.01,1,0,,,,0.42,0.05,1.9,13.26,-0.01,,,
1.85,ACQUIRE,0.55,-0.02,-9.55,0.98,-0.01,1,0,,,,0.43,0.09,2.5,13.26,-0.01,,,
1.9,ACQUIRE,0.55,-0.02,-9.55,0.99,-0.01,1,0,,,,0.43,0.06,1.8,13.26,-0.01,,,
1.95,ACQUIRE,0.61,-0.02,-9.55,1.0,-0.01,1,0,,,,0.38,0.06,2.4,13.26,-0.01,,,
2.0,ACQUIRE,0.61,-0.02,-9.55,1.02,-0.01,1,0,,,,0.39,0.06,1.9,13.26,-0.01,,,
2.05,ACQUIRE,0.66,-0.02,-9.54,1.03,-0.01,1,0,,,,0.33,0.05,2.4,13.26,-0.01,,,
2.1,ACQUIRE,0.66,-0.02,-9.54,1.04,-0.01,1,0,,,,0.34,0.05,1.9,13.26,-0.01,,,
2.15,ACQUIRE,0.72,-0.02,-9.54,1.05,-0.01,1,0,,,,0.29,0.04,2.6,13.26,-0.01,,,
2.2,ACQUIRE,0.72,-0.02,-9.54,1.07,-0.01,1,0,,,,0.29,0.04,2.1,13.26,-0.01,,,
2.25,ACQUIRE,0.77,-0.02,-9.54,1.08,-0.01,1,0,,,,0.24,0.03,2.5,13.26,-0.01,,,
2.3,ACQUIRE,0.77,-0.02,-9.54,1.09,-0.01,1,0,,,,0.25,0.03,1.9,13.26,-0.01,,,
2.35,ACQUIRE,0.81,-0.02,-9.53,1.1,-0.01,1,0,,,,0.27,0.06,2.6,13.26,-0.01,,,
2.4,ACQUIRE,0.81,-0.02,-9.53,1.12,-0.01,1,0,,,,0.28,0.03,5.0,13.26,-0.01,,,
2.45,ACQUIRE,0.86,-0.02,-9.53,1.13,-0.01,1,0,,,,0.24,0.02,2.4,13.26,-0.01,,,
2.5,ACQUIRE,0.86,-0.02,-9.53,1.14,-0.01,1,0,,,,0.25,0.02,1.8,13.26,-0.01,,,
2.55,ACQUIRE,0.9,-0.02,-9.53,1.15,-0.01,1,0,,,,0.21,0.02,2.3,13.26,-0.01,,,
2.6,ACQUIRE,0.9,-0.02,-9.53,1.17,-0.01,1,0,,,,0.22,0.02,1.8,13.26,-0.01,,,
2.65,ACQUIRE,0.94,-0.02,-9.53,1.18,-0.01,1,0,,,,0.17,0.02,2.5,13.26,-0.01,,,
2.7,ACQUIRE,0.94,-0.02,-9.53,1.19,-0.01,1,0,,,,0.18,0.02,1.5,13.26,-0.01,,,
2.75,ACQUIRE,0.97,-0.02,-9.54,1.2,-0.01,1,0,,,,0.15,0.02,2.4,13.26,-0.01,,,
2.8,ACQUIRE,0.97,-0.02,-9.54,1.22,-0.01,1,0,,,,0.16,0.02,1.8,13.26,-0.01,,,
2.85,ACQUIRE,1.0,-0.02,-9.54,1.23,-0.01,1,0,,,,0.2,0.02,2.3,13.26,-0.01,,,
2.9,ACQUIRE,1.0,-0.02,-9.54,1.24,-0.01,1,0,,,,0.21,0.02,1.9,13.26,-0.01,,,
2.95,ACQUIRE,1.03,-0.02,-9.54,1.25,-0.01,1,0,,,,0.18,0.02,2.5,13.26,-0.01,,,
3.0,ACQUIRE,1.03,-0.02,-9.54,1.27,-0.01,1,0,,,,0.19,0.02,2.0,13.26,-0.01,,,
3.05,ACQUIRE,1.06,-0.02,-9.54,1.28,-0.01,1,0,,,,0.17,0.02,2.4,13.26,-0.01,,,
3.1,ACQUIRE,1.06,-0.02,-9.54,1.29,-0.01,1,0,,,,0.18,0.02,1.8,13.26,-0.01,,,
3.15,ACQUIRE,1.09,-0.02,-9.54,1.3,-0.01,1,0,,,,0.15,0.02,2.6,13.26,-0.01,,,
3.2,ACQUIRE,1.09,-0.02,-9.54,1.32,-0.01,1,0,,,,0.15,0.02,1.8,13.26,-0.01,,,
3.25,ACQUIRE,1.11,-0.02,-9.55,1.33,-0.01,1,0,,,,0.13,0.02,2.5,13.26,-0.01,,,
3.3,ACQUIRE,1.11,-0.02,-9.55,1.34,-0.01,1,0,,,,0.13,0.02,1.8,13.26,-0.01,,,
3.35,ACQUIRE,1.14,-0.02,-9.55,1.35,-0.01,1,0,,,,0.19,0.06,2.5,13.26,-0.01,,,
3.41,ACQUIRE,1.14,-0.02,-9.55,1.37,-0.01,1,0,,,,0.2,0.03,1.8,13.26,-0.01,,,
3.46,ACQUIRE,1.16,-0.02,-9.55,1.38,-0.01,1,0,,,,0.18,0.03,2.7,13.26,-0.01,,,
3.51,ACQUIRE,1.16,-0.02,-9.55,1.39,-0.01,1,0,,,,0.19,0.03,2.1,13.26,-0.01,,,
3.56,ACQUIRE,1.18,-0.03,-9.55,1.4,-0.01,1,0,,,,0.17,0.03,2.3,13.26,-0.01,,,
3.61,ACQUIRE,1.18,-0.03,-9.55,1.42,-0.01,1,0,,,,0.18,0.03,1.9,13.26,-0.01,,,
3.66,ACQUIRE,1.2,-0.03,-9.55,1.43,-0.01,1,0,,,,0.16,0.03,3.2,13.26,-0.01,,,
3.71,ACQUIRE,1.2,-0.03,-9.55,1.44,-0.01,1,0,,,,0.17,0.03,2.0,13.26,-0.01,,,
3.76,ACQUIRE,1.22,-0.03,-9.55,1.45,-0.01,1,0,,,,0.16,0.03,3.1,13.26,-0.01,,,
3.81,ACQUIRE,1.22,-0.03,-9.55,1.47,-0.01,1,0,,,,0.16,0.03,2.1,13.26,-0.01,,,
3.86,ACQUIRE,1.24,-0.03,-9.56,1.48,-0.01,1,0,,,,0.21,0.04,2.8,13.26,-0.01,,,
3.91,ACQUIRE,1.24,-0.03,-9.56,1.49,-0.01,1,0,,,,0.22,0.04,1.8,13.26,-0.01,,,
3.96,ACQUIRE,1.26,-0.03,-9.56,1.5,-0.01,1,0,,,,0.2,0.04,2.5,13.26,-0.01,,,
4.01,ACQUIRE,1.26,-0.03,-9.56,1.52,-0.01,1,0,,,,0.21,0.04,1.9,13.26,-0.01,,,
4.06,ACQUIRE,1.28,-0.03,-9.56,1.53,-0.01,1,0,,,,0.2,0.04,2.5,13.26,-0.01,,,
4.11,ACQUIRE,1.28,-0.03,-9.56,1.54,-0.01,1,0,,,,0.2,0.04,1.9,13.26,-0.01,,,
4.16,ACQUIRE,1.3,-0.03,-9.56,1.55,-0.01,1,0,,,,0.19,0.04,2.4,13.26,-0.01,,,
4.21,ACQUIRE,1.3,-0.03,-9.56,1.57,-0.01,1,0,,,,0.2,0.04,1.9,13.26,-0.01,,,
4.26,ACQUIRE,1.32,-0.03,-9.56,1.58,-0.01,1,0,,,,0.19,0.04,2.3,13.26,-0.01,,,
4.31,ACQUIRE,1.32,-0.03,-9.56,1.59,-0.01,1,0,,,,0.2,0.04,1.9,13.26,-0.01,,,
4.36,ACQUIRE,1.34,-0.03,-9.56,1.6,-0.01,1,0,,,,0.24,0.03,2.5,13.26,-0.01,,,
4.41,ACQUIRE,1.34,-0.03,-9.56,1.62,-0.01,1,0,,,,0.25,0.03,1.8,13.26,-0.01,,,
4.46,ACQUIRE,1.36,-0.03,-9.56,1.63,-0.01,1,0,,,,0.24,0.03,2.5,13.26,-0.01,,,
4.51,ACQUIRE,1.36,-0.03,-9.56,1.64,-0.01,1,0,,,,0.24,0.03,1.9,13.26,-0.01,,,
4.56,ACQUIRE,1.38,-0.03,-9.56,1.65,-0.01,1,0,,,,0.23,0.04,2.3,13.26,-0.01,,,
4.61,ACQUIRE,1.38,-0.03,-9.56,1.67,-0.01,1,0,,,,0.24,0.04,1.8,13.26,-0.01,,,
4.66,ACQUIRE,1.4,-0.03,-9.56,1.68,-0.01,1,0,,,,0.22,0.04,2.5,13.26,-0.01,,,
4.71,CARRY,1.4,-0.03,-9.56,1.69,-0.01,1,0,,,,-0.672,0.041,615.5,13.26,-0.01,,,
5.32,CARRY,1.54,-0.02,-9.57,1.85,-0.01,1,0,322.0,223.0,17.1,0.34,0.04,56.6,13.26,-0.01,1.0,662.2,2.844
5.38,CARRY,1.56,-0.02,-9.57,1.86,-0.01,1,0,322.5,223.5,16.7,0.33,0.05,49.4,13.26,-0.01,0.7,661.3,2.922
5.43,CARRY,1.56,-0.02,-9.57,1.87,-0.01,1,0,322.0,222.5,17.6,0.35,0.04,54.0,13.26,-0.01,0.9,660.4,3.078
5.49,CARRY,1.58,-0.02,-9.57,1.89,-0.01,1,0,322.0,223.0,17.1,0.34,0.04,49.1,13.26,-0.01,0.8,659.6,3.109
5.54,CARRY,1.58,-0.02,-9.57,1.9,-0.01,1,0,322.5,222.5,17.7,0.35,0.05,54.8,13.26,-0.01,0.7,659.0,3.156
5.59,CARRY,1.6,-0.02,-9.57,1.91,-0.01,1,0,322.0,223.0,17.1,0.34,0.04,49.9,13.26,-0.01,1.0,658.3,3.172
5.64,CARRY,1.63,-0.02,-9.57,1.93,-0.01,1,0,322.5,223.5,16.7,0.33,0.05,55.6,13.26,-0.01,0.7,657.5,3.156
5.7,CARRY,1.63,-0.02,-9.57,1.94,-0.01,1,0,322.5,222.5,17.7,0.35,0.05,48.9,13.26,-0.01,0.5,656.5,3.25
5.75,CARRY,1.65,-0.02,-9.57,1.95,-0.01,1,0,322.5,223.0,17.2,0.34,0.05,55.3,13.26,-0.01,0.4,655.6,3.234
5.81,CARRY,1.65,-0.02,-9.57,1.97,-0.01,1,0,322.5,222.0,18.2,0.36,0.05,50.2,13.26,-0.01,0.2,654.6,3.281
5.86,CARRY,1.67,-0.02,-9.57,1.98,-0.01,1,0,322.5,223.0,17.2,0.34,0.05,56.5,13.26,-0.01,0.5,654.1,3.391
5.92,CARRY,1.67,-0.02,-9.57,1.99,-0.01,1,0,322.5,222.0,18.2,0.36,0.05,49.1,13.26,-0.01,0.3,653.1,3.609
5.97,CARRY,1.7,-0.02,-9.57,2.01,-0.01,1,0,322.5,223.0,17.2,0.34,0.05,54.8,13.26,-0.01,0.5,652.5,4.25
6.02,CARRY,1.7,-0.02,-9.57,2.02,-0.01,1,0,322.5,222.0,18.2,0.36,0.05,48.3,13.26,-0.01,0.3,651.5,4.562
6.07,CARRY,1.73,-0.02,-9.57,2.03,-0.01,1,0,322.5,223.0,17.2,0.34,0.05,55.3,13.26,-0.01,0.4,650.8,4.719
6.13,CARRY,1.73,-0.02,-9.57,2.05,-0.01,1,0,322.5,222.5,17.7,0.35,0.05,49.6,13.26,-0.01,0.7,650.3,4.719
6.18,CARRY,1.76,-0.02,-9.57,2.06,-0.01,1,0,322.5,223.5,16.7,0.33,0.05,55.3,13.26,-0.01,0.7,649.6,4.656
6.23,CARRY,1.76,-0.02,-9.57,2.07,-0.01,1,0,322.5,222.5,17.7,0.35,0.05,48.3,13.26,-0.01,0.5,648.6,4.688
6.28,CARRY,1.79,-0.02,-9.57,2.09,-0.01,1,0,322.5,223.5,16.7,0.33,0.05,54.9,13.26,-0.01,0.5,647.8,4.625
6.34,CARRY,1.79,-0.02,-9.57,2.1,-0.01,1,0,322.5,223.0,17.2,0.34,0.05,49.4,13.26,-0.01,0.7,647.3,4.719
6.39,CARRY,1.82,-0.02,-9.57,2.11,-0.01,1,0,322.5,224.0,16.2,0.32,0.05,54.4,13.26,-0.01,0.7,646.4,4.688
6.45,CARRY,1.86,-0.01,-9.57,2.13,-0.01,1,0,322.0,225.0,15.1,0.3,0.04,49.1,13.26,-0.01,0.6,645.6,4.688
6.5,CARRY,1.86,-0.01,-9.57,2.14,-0.01,1,0,322.5,224.5,15.7,0.31,0.05,54.7,13.26,-0.01,0.9,645.0,4.75
6.55,CARRY,1.89,-0.01,-9.57,2.15,-0.01,1,0,321.5,225.5,14.6,0.29,0.03,48.8,13.26,-0.01,0.8,644.2,4.656
6.6,CARRY,1.89,-0.01,-9.57,2.16,-0.01,1,0,322.0,225.0,15.1,0.3,0.04,53.8,13.26,-0.01,0.9,643.7,4.688
6.66,CARRY,1.92,-0.01,-9.57,2.18,-0.01,1,0,321.5,225.5,14.6,0.29,0.03,48.7,13.26,-0.01,0.5,642.3,4.719
6.71,CARRY,1.92,-0.01,-9.57,2.19,-0.01,1,0,321.5,225.0,15.1,0.3,0.03,54.0,13.26,-0.01,0.7,641.8,4.656
6.76,CARRY,1.95,-0.01,-9.57,2.2,-0.01,1,0,321.5,226.0,14.1,0.28,0.03,48.6,13.26,-0.01,0.6,640.9,4.688
6.81,CARRY,1.95,-0.01,-9.57,2.22,-0.01,1,0,321.5,225.0,15.1,0.3,0.03,55.6,13.26,-0.01,0.4,639.9,4.688
6.87,CARRY,1.98,-0.01,-9.57,2.23,-0.01,1,0,321.5,226.0,14.1,0.28,0.03,49.4,13.26,-0.01,0.3,639.1,4.688
6.92,CARRY,1.98,-0.01,-9.57,2.24,-0.01,1,0,321.5,225.5,14.6,0.29,0.03,54.1,13.26,-0.01,0.5,638.6,4.656
6.97,CARRY,2.02,-0.01,-9.57,2.26,-0.01,1,0,321.5,226.5,13.6,0.27,0.03,48.9,13.26,-0.01,0.4,637.7,4.562
7.02,CARRY,2.02,-0.01,-9.57,2.27,-0.01,1,0,321.5,226.0,14.1,0.28,0.03,53.8,13.26,-0.01,0.7,637.2,4.5
7.08,CARRY,2.05,-0.01,-9.57,2.28,-0.01,1,0,321.5,227.0,13.1,0.26,0.03,48.6,13.26,-0.01,0.7,636.4,4.531
7.13,CARRY,2.05,-0.01,-9.57,2.3,-0.01,1,0,321.5,226.0,14.1,0.28,0.03,54.1,13.26,-0.01,0.4,635.4,4.406
7.18,CARRY,2.08,-0.01,-9.57,2.31,-0.01,1,0,321.5,227.0,13.1,0.26,0.03,49.1,13.26,-0.01,0.4,634.6,4.5
7.23,CARRY,2.08,-0.01,-9.57,2.32,-0.01,1,0,321.5,226.5,13.6,0.27,0.03,54.4,13.26,-0.01,0.7,634.1,4.438
7.29,CARRY,2.11,-0.01,-9.57,2.34,-0.01,1,0,321.5,227.0,13.1,0.26,0.03,49.4,13.26,-0.01,0.3,632.9,4.406
7.34,CARRY,2.11,-0.01,-9.57,2.35,-0.01,1,0,321.5,226.5,13.6,0.27,0.03,53.8,13.26,-0.01,0.5,632.4,4.375
7.39,CARRY,2.14,-0.01,-9.57,2.36,-0.01,1,0,321.5,227.5,12.6,0.25,0.03,49.0,13.26,-0.01,0.6,631.7,4.375
7.44,CARRY,2.14,-0.01,-9.57,2.38,-0.01,1,0,321.5,227.0,13.1,0.26,0.03,54.0,13.26,-0.01,0.8,631.2,4.344
7.5,CARRY,2.16,-0.01,-9.57,2.39,-0.01,1,0,321.5,227.5,12.6,0.25,0.03,48.6,13.26,-0.01,0.5,630.0,4.312
7.55,CARRY,2.19,-0.01,-9.57,2.4,-0.01,1,0,321.5,228.5,11.6,0.23,0.03,55.0,13.26,-0.01,0.7,629.3,4.281
7.6,CARRY,2.19,-0.01,-9.57,2.42,-0.01,1,0,321.5,228.0,12.1,0.24,0.03,48.6,13.26,-0.01,0.9,628.8,4.312
7.65,CARRY,2.22,-0.01,-9.57,2.43,-0.01,1,0,321.5,228.5,11.6,0.23,0.03,54.4,13.26,-0.01,0.6,627.8,4.281
7.71,CARRY,2.22,-0.01,-9.57,2.44,-0.01,1,0,321.5,228.0,12.1,0.24,0.03,48.7,13.26,-0.01,0.9,627.3,4.344
7.76,CARRY,2.25,-0.01,-9.57,2.45,-0.01,1,0,321.5,228.5,11.6,0.23,0.03,55.3,13.26,-0.01,0.6,626.2,4.312
7.82,CARRY,2.25,-0.01,-9.57,2.47,-0.01,1,0,321.5,228.0,12.1,0.24,0.03,48.7,13.26,-0.01,0.8,625.7,4.406
7.87,CARRY,2.27,-0.01,-9.57,2.48,-0.01,1,0,321.5,228.5,11.6,0.23,0.03,55.2,13.26,-0.01,0.7,624.6,4.375
7.92,CARRY,2.27,-0.01,-9.57,2.5,-0.01,1,0,321.5,228.0,12.1,0.24,0.03,48.0,13.26,-0.01,0.8,624.1,4.469
7.97,CARRY,2.3,-0.01,-9.57,2.51,-0.01,1,0,321.5,228.5,11.6,0.23,0.03,55.9,13.26,-0.01,0.7,623.1,4.469
8.03,CARRY,2.3,-0.01,-9.57,2.52,-0.01,1,0,321.5,228.0,12.1,0.24,0.03,49.1,13.26,-0.01,0.9,622.6,4.562
8.08,CARRY,2.33,-0.01,-9.57,2.53,-0.01,1,0,321.5,228.5,11.6,0.23,0.03,54.6,13.26,-0.01,0.7,621.6,4.594
8.14,CARRY,2.33,-0.01,-9.57,2.55,-0.01,1,0,321.5,227.5,12.6,0.25,0.03,48.4,13.26,-0.01,0.5,620.6,4.688
8.19,CARRY,2.35,-0.01,-9.58,2.56,-0.01,1,0,321.5,228.5,11.6,0.23,0.03,54.9,13.26,-0.01,0.8,620.1,4.719
8.24,CARRY,2.35,-0.01,-9.58,2.57,-0.01,1,0,321.5,227.5,12.6,0.25,0.03,47.9,13.26,-0.01,0.6,619.2,4.781
8.29,CARRY,2.38,-0.0,-9.58,2.59,-0.01,1,0,321.5,228.0,12.1,0.24,0.03,55.0,13.26,-0.01,0.5,618.2,4.875
8.35,CARRY,2.4,-0.0,-9.58,2.6,-0.01,1,0,320.5,229.0,11.0,0.22,0.01,50.0,13.26,-0.01,0.8,617.9,4.969
8.4,CARRY,2.4,-0.0,-9.58,2.61,-0.01,1,0,321.5,228.0,12.1,0.24,0.03,54.6,13.26,-0.01,0.6,616.8,4.969
8.45,CARRY,2.42,-0.0,-9.58,2.63,-0.01,1,0,320.5,229.0,11.0,0.22,0.01,49.5,13.26,-0.01,0.9,616.5,5.0
8.5,CARRY,2.42,-0.0,-9.58,2.64,-0.01,1,0,321.5,228.0,12.1,0.24,0.03,55.3,13.26,-0.01,0.7,615.4,5.0
8.56,CARRY,2.45,-0.0,-9.58,2.65,-0.01,1,0,320.5,228.5,11.5,0.23,0.01,50.0,13.26,-0.01,0.6,614.5,5.0
8.61,CARRY,2.45,-0.0,-9.58,2.67,-0.01,1,0,321.5,228.0,12.1,0.24,0.03,54.7,13.26,-0.01,0.8,613.9,5.031
8.67,CARRY,2.47,-0.0,-9.58,2.68,-0.01,1,0,320.5,228.5,11.5,0.23,0.01,50.4,13.26,-0.01,0.7,613.1,4.969
8.72,CARRY,2.47,-0.0,-9.58,2.69,-0.01,1,0,321.5,228.0,12.1,0.24,0.03,55.9,13.26,-0.01,0.9,612.5,4.969
8.78,CARRY,2.5,-0.0,-9.58,2.71,-0.01,1,0,320.5,228.0,12.0,0.24,0.01,49.2,13.26,-0.01,0.5,611.2,4.938
8.83,CARRY,2.5,-0.0,-9.58,2.72,-0.01,1,0,321.5,227.5,12.6,0.25,0.03,54.7,13.26,-0.01,0.6,610.6,4.969
8.88,CARRY,2.52,-0.0,-9.58,2.73,-0.01,1,0,320.5,228.0,12.0,0.24,0.01,49.4,13.26,-0.01,0.6,609.9,4.969
8.93,CARRY,2.52,-0.0,-9.58,2.75,-0.01,1,0,321.5,227.5,12.6,0.25,0.03,54.6,13.26,-0.01,0.7,609.2,5.031
8.99,CARRY,2.54,-0.0,-9.58,2.76,-0.01,1,0,321.5,228.0,12.1,0.24,0.03,50.0,13.26,-0.01,0.7,608.3,5.031
9.04,CARRY,2.54,-0.0,-9.58,2.77,-0.01,1,0,321.5,227.0,13.1,0.26,0.03,55.2,13.26,-0.01,0.5,607.4,5.031
9.09,CARRY,2.57,-0.0,-9.58,2.79,-0.01,1,0,321.5,228.0,12.1,0.24,0.03,49.9,13.26,-0.01,0.8,607.0,5.062
9.15,CARRY,2.59,-0.0,-9.58,2.8,-0.01,1,0,320.5,228.5,11.5,0.23,0.01,55.4,13.26,-0.01,0.7,606.2,5.031
9.2,CARRY,2.59,-0.0,-9.58,2.81,-0.01,1,0,321.5,228.0,12.1,0.24,0.03,49.0,13.26,-0.01,1.0,605.6,5.062
9.25,CARRY,2.62,-0.0,-9.58,2.83,-0.01,1,0,321.5,228.0,12.1,0.24,0.03,54.6,13.26,-0.01,0.5,604.2,5.0
9.31,CARRY,2.62,-0.0,-9.58,2.84,-0.01,1,0,321.5,227.5,12.6,0.25,0.03,49.2,13.26,-0.01,0.7,603.7,5.062
9.36,CARRY,2.64,-0.01,-9.58,2.85,-0.01,1,0,321.5,228.0,12.1,0.24,0.03,54.3,13.26,-0.01,0.6,602.8,5.062
9.41,CARRY,2.64,-0.01,-9.58,2.87,-0.01,1,0,321.5,227.0,13.1,0.26,0.03,48.5,13.26,-0.01,0.4,601.8,5.062
9.46,CARRY,2.66,-0.01,-9.58,2.88,-0.01,1,0,321.5,228.0,12.1,0.24,0.03,54.7,13.26,-0.01,0.6,601.4,5.125
9.52,CARRY,2.66,-0.01,-9.58,2.89,-0.01,1,0,321.5,227.0,13.1,0.26,0.03,48.2,13.26,-0.01,0.4,600.4,5.125
9.57,CARRY,2.69,-0.01,-9.58,2.91,-0.01,1,0,321.5,228.0,12.1,0.24,0.03,54.4,13.26,-0.01,0.6,600.0,5.094
9.62,CARRY,2.69,-0.01,-9.58,2.92,-0.01,1,0,321.5,227.0,13.1,0.26,0.03,49.1,13.26,-0.01,0.4,599.0,5.062
9.67,CARRY,2.71,-0.01,-9.58,2.93,-0.01,1,0,321.5,228.0,12.1,0.24,0.03,56.0,13.26,-0.01,0.7,598.5,5.031
9.73,CARRY,2.71,-0.01,-9.58,2.95,-0.01,1,0,321.5,227.0,13.1,0.26,0.03,49.1,13.26,-0.01,0.5,597.6,5.062
9.78,CARRY,2.74,-0.01,-9.58,2.96,-0.01,1,0,321.5,228.0,12.1,0.24,0.03,55.3,13.26,-0.01,0.8,597.1,5.125
9.84,CARRY,2.74,-0.01,-9.58,2.97,-0.01,1,0,321.5,227.0,13.1,0.26,0.03,49.0,13.26,-0.01,0.6,596.1,5.125
9.89,CARRY,2.76,-0.01,-9.58,2.99,-0.01,1,0,321.5,228.0,12.1,0.24,0.03,54.4,13.26,-0.01,0.9,595.7,5.125
9.94,CARRY,2.76,-0.01,-9.58,3.0,-0.01,1,0,321.5,227.0,13.1,0.26,0.03,49.1,13.26,-0.01,0.7,594.7,5.156
9.99,CARRY,2.79,-0.01,-9.58,3.01,-0.01,1,0,321.5,227.5,12.6,0.25,0.03,55.6,13.26,-0.01,0.5,593.7,5.125
10.05,CARRY,2.81,-0.01,-9.58,3.03,-0.01,1,0,321.5,228.0,12.1,0.24,0.03,49.6,13.26,-0.01,0.5,592.8,4.969
10.1,CARRY,2.81,-0.01,-9.58,3.04,-0.01,1,0,321.5,227.5,12.6,0.25,0.03,55.3,13.26,-0.01,0.6,592.3,4.969
10.16,CARRY,2.84,-0.01,-9.58,3.05,-0.01,1,0,321.5,228.0,12.1,0.24,0.03,48.7,13.26,-0.01,0.5,591.3,4.875
10.21,CARRY,2.84,-0.01,-9.58,3.07,-0.01,1,0,321.5,227.5,12.6,0.25,0.03,55.1,13.26,-0.01,0.7,590.8,4.938
10.26,CARRY,2.86,-0.01,-9.58,3.08,-0.01,1,0,321.5,228.0,12.1,0.24,0.03,49.3,13.26,-0.01,0.6,589.9,4.969
10.31,CARRY,2.86,-0.01,-9.58,3.09,-0.01,1,0,321.5,227.0,13.1,0.26,0.03,55.0,13.26,-0.01,0.3,588.9,4.969
10.37,CARRY,2.89,-0.01,-9.58,3.11,-0.01,1,0,321.5,228.0,12.1,0.24,0.03,50.1,13.26,-0.01,0.6,588.4,5.062
10.42,CARRY,2.89,-0.01,-9.58,3.12,-0.01,1,0,321.5,227.0,13.1,0.26,0.03,49.3,13.26,-0.01,0.3,587.4,5.031
10.47,CARRY,2.91,-0.01,-9.58,3.13,-0.01,1,0,321.5,228.0,12.1,0.24,0.03,51.8,13.26,-0.01,0.6,587.0,5.125
10.52,CARRY,2.91,-0.01,-9.58,3.15,-0.01,1,0,321.5,227.0,13.1,0.26,0.03,50.0,13.26,-0.01,0.4,586.0,5.094
10.57,CARRY,2.94,-0.01,-9.58,3.16,-0.01,1,0,321.5,228.0,12.1,0.24,0.03,50.2,13.26,-0.01,0.7,585.5,5.125
10.63,CARRY,2.94,-0.01,-9.58,3.17,-0.01,1,0,321.5,227.0,13.1,0.26,0.03,49.9,13.26,-0.01,0.4,584.6,5.062
10.68,CARRY,2.96,-0.01,-9.58,3.18,-0.01,1,0,321.5,228.0,12.1,0.24,0.03,49.4,13.26,-0.01,0.7,584.1,5.125
10.73,CARRY,2.96,-0.01,-9.58,3.2,-0.01,1,0,321.5,227.0,13.1,0.26,0.03,51.4,13.26,-0.01,0.4,583.1,5.156
10.78,CARRY,2.99,-0.01,-9.58,3.21,-0.01,1,0,321.5,228.0,12.1,0.24,0.03,52.0,13.26,-0.01,0.7,582.7,5.188
10.83,CARRY,2.99,-0.01,-9.58,3.22,-0.01,1,0,321.5,227.0,13.1,0.26,0.03,52.0,13.26,-0.01,0.5,581.7,5.25
10.88,CARRY,3.01,-0.01,-9.58,3.24,-0.01,1,0,321.5,228.0,12.1,0.24,0.03,52.0,13.26,-0.01,0.8,581.2,5.281
10.94,CARRY,3.01,-0.01,-9.58,3.25,-0.01,1,0,321.5,227.0,13.1,0.26,0.03,50.0,13.26,-0.01,0.6,580.2,5.344
10.99,CARRY,3.04,-0.01,-9.58,3.26,-0.01,1,0,321.5,228.0,12.1,0.24,0.03,49.5,13.26,-0.01,0.9,579.8,5.344
11.04,CARRY,3.04,-0.01,-9.58,3.27,-0.01,1,0,321.5,227.0,13.1,0.26,0.03,48.5,13.26,-0.01,0.6,578.8,5.375
11.09,CARRY,3.06,-0.01,-9.58,3.29,-0.01,1,0,321.5,228.0,12.1,0.24,0.03,49.9,13.26,-0.01,0.9,578.3,5.312
11.14,CARRY,3.06,-0.01,-9.58,3.3,-0.01,1,0,321.5,227.0,13.1,0.26,0.03,49.5,13.26,-0.01,0.6,577.3,5.344
11.19,CARRY,3.09,-0.01,-9.58,3.31,-0.01,1,0,321.5,227.5,12.6,0.25,0.03,50.0,13.26,-0.01,0.4,576.4,5.312
11.24,CARRY,3.11,-0.01,-9.58,3.32,-0.01,1,0,321.5,228.0,12.1,0.24,0.03,51.3,13.26,-0.01,0.2,575.4,5.25
11.29,CARRY,3.11,-0.01,-9.58,3.34,-0.01,1,0,321.5,227.5,12.6,0.25,0.03,50.5,13.26,-0.01,0.4,574.9,5.25
11.34,CARRY,3.14,-0.01,-9.58,3.35,-0.01,1,0,321.5,228.0,12.1,0.24,0.03,51.6,13.26,-0.01,0.2,573.9,5.25
11.4,CARRY,3.14,-0.01,-9.58,3.36,-0.01,1,0,321.5,227.5,12.6,0.25,0.03,49.8,13.26,-0.01,0.5,573.4,5.312
11.45,CARRY,3.16,-0.01,-9.58,3.38,-0.01,1,0,321.5,228.0,12.1,0.24,0.03,50.4,13.26,-0.01,0.2,572.4,5.312
11.5,CARRY,3.16,-0.01,-9.58,3.39,-0.01,1,0,321.5,227.5,12.6,0.25,0.03,49.7,13.26,-0.01,0.5,571.9,5.344
11.55,CARRY,3.19,-0.01,-9.58,3.4,-0.01,1,0,321.5,228.0,12.1,0.24,0.03,51.6,13.26,-0.01,0.2,570.9,5.375
11.6,CARRY,3.19,-0.01,-9.58,3.42,-0.01,1,0,321.5,227.5,12.6,0.25,0.03,50.6,13.26,-0.01,0.5,570.5,5.375
11.65,CARRY,3.21,-0.01,-9.58,3.43,-0.01,1,0,321.5,228.0,12.1,0.24,0.03,51.6,13.26,-0.01,0.3,569.5,5.312
11.71,CARRY,3.21,-0.01,-9.58,3.44,-0.01,1,0,321.5,227.5,12.6,0.25,0.03,51.2,13.26,-0.01,0.6,569.0,5.344
11.76,CARRY,3.24,-0.01,-9.58,3.45,-0.01,1,0,321.5,228.0,12.1,0.24,0.03,51.5,13.26,-0.01,0.4,568.1,5.312
11.81,CARRY,3.24,-0.01,-9.58,3.47,-0.01,1,0,321.5,227.5,12.6,0.25,0.03,50.2,13.26,-0.01,0.6,567.6,5.312
11.86,CARRY,3.26,-0.01,-9.58,3.48,-0.01,1,0,321.5,228.0,12.1,0.24,0.03,51.1,13.26,-0.01,0.5,566.7,5.406
11.91,CARRY,3.26,-0.01,-9.58,3.49,-0.01,1,0,321.5,227.0,13.1,0.26,0.03,49.4,13.26,-0.01,0.3,565.7,5.438
11.96,CARRY,3.29,-0.01,-9.58,3.51,-0.01,1,0,321.5,228.0,12.1,0.24,0.03,49.9,13.26,-0.01,0.5,565.2,5.469
12.02,CARRY,3.29,-0.01,-9.58,3.52,-0.01,1,0,321.5,227.0,13.1,0.26,0.03,49.5,13.26,-0.01,0.3,564.3,5.406
12.07,CARRY,3.31,-0.02,-9.58,3.53,-0.01,1,0,321.5,228.0,12.1,0.24,0.03,50.2,13.26,-0.01,0.6,563.8,5.438
12.12,CARRY,3.31,-0.02,-9.58,3.54,-0.01,1,0,321.5,227.0,13.1,0.26,0.03,48.7,13.26,-0.01,0.4,562.9,5.375
12.17,CARRY,3.34,-0.02,-9.58,3.56,-0.01,1,0,321.5,228.0,12.1,0.24,0.03,50.0,13.26,-0.01,0.7,562.4,5.469
12.22,CARRY,3.34,-0.02,-9.58,3.57,-0.01,1,0,321.5,227.0,13.1,0.26,0.03,49.8,13.26,-0.01,0.5,561.4,5.375
12.27,CARRY,3.36,-0.02,-9.58,3.58,-0.01,1,0,321.5,228.0,12.1,0.24,0.03,51.6,13.26,-0.01,0.7,561.0,5.406
12.32,CARRY,3.36,-0.02,-9.58,3.59,-0.01,1,0,321.5,227.0,13.1,0.26,0.03,51.2,13.26,-0.01,0.6,560.0,5.438
12.37,CARRY,3.39,-0.02,-9.58,3.61,-0.01,1,0,321.5,228.0,12.1,0.24,0.03,52.2,13.26,-0.01,0.8,559.6,5.469
12.43,CARRY,3.39,-0.02,-9.58,3.62,-0.01,1,0,321.5,227.0,13.1,0.26,0.03,51.2,13.26,-0.01,0.7,558.6,5.469
12.48,CARRY,3.41,-0.02,-9.58,3.63,-0.01,1,0,321.5,228.0,12.1,0.24,0.03,51.9,13.26,-0.01,0.9,558.1,5.5
12.53,CARRY,3.41,-0.02,-9.58,3.65,-0.01,1,0,321.5,227.0,13.1,0.26,0.03,49.8,13.26,-0.01,0.8,557.1,5.438
12.58,CARRY,3.44,-0.02,-9.58,3.66,-0.01,1,0,321.5,228.0,12.1,0.24,0.03,51.8,13.26,-0.01,1.0,556.7,5.438
12.64,CARRY,3.44,-0.02,-9.58,3.67,-0.01,1,0,321.5,227.0,13.1,0.26,0.03,50.1,13.26,-0.01,0.8,555.7,5.375
12.69,CARRY,3.46,-0.02,-9.58,3.69,-0.01,1,0,321.5,227.5,12.6,0.25,0.03,50.1,13.26,-0.01,0.6,554.8,5.312
12.74,CARRY,3.46,-0.02,-9.58,3.7,-0.01,1,0,322.0,227.0,13.2,0.26,0.04,49.7,13.26,-0.01,0.7,554.2,5.219
12.79,CARRY,3.49,-0.02,-9.58,3.71,-0.01,1,0,322.0,227.5,12.7,0.25,0.04,52.0,13.26,-0.01,0.4,553.2,5.219
12.84,CARRY,3.49,-0.02,-9.58,3.72,-0.01,1,0,322.0,226.5,13.6,0.27,0.04,51.4,13.26,-0.01,0.2,552.2,5.188
12.89,CARRY,3.51,-0.02,-9.58,3.74,-0.01,1,0,322.0,227.5,12.7,0.25,0.04,50.8,13.26,-0.01,0.5,551.8,5.156
12.95,CARRY,3.54,-0.02,-9.58,3.75,-0.01,1,0,321.5,228.0,12.1,0.24,0.03,51.0,13.26,-0.01,0.5,550.9,5.062
13.0,CARRY,3.54,-0.02,-9.58,3.76,-0.01,1,0,322.0,227.5,12.7,0.25,0.04,49.6,13.26,-0.01,0.5,550.3,5.0
13.05,CARRY,3.56,-0.02,-9.58,3.78,-0.01,1,0,321.5,228.0,12.1,0.24,0.03,52.7,13.26,-0.01,0.5,549.4,4.969
13.1,CARRY,3.56,-0.02,-9.58,3.79,-0.01,1,0,322.0,227.5,12.7,0.25,0.04,50.1,13.26,-0.01,0.6,548.9,4.938
13.15,CARRY,3.59,-0.02,-9.58,3.8,-0.01,1,0,321.5,228.0,12.1,0.24,0.03,50.6,13.26,-0.01,0.6,547.9,4.938
13.2,CARRY,3.59,-0.02,-9.58,3.82,-0.01,1,0,322.0,227.5,12.7,0.25,0.04,50.3,13.26,-0.01,0.6,547.4,4.906
13.26,CARRY,3.61,-0.02,-9.58,3.83,-0.01,1,0,321.5,228.0,12.1,0.24,0.03,50.5,13.26,-0.01,0.6,546.5,4.938
13.31,CARRY,3.61,-0.02,-9.58,3.84,-0.01,1,0,322.0,227.5,12.7,0.25,0.04,50.1,13.26,-0.01,0.7,545.9,4.969
13.36,CARRY,3.64,-0.02,-9.58,3.85,-0.01,1,0,321.5,228.5,11.6,0.23,0.03,50.6,13.26,-0.01,1.0,545.5,5.031
13.41,CARRY,3.64,-0.02,-9.58,3.87,-0.01,1,0,322.0,228.0,12.2,0.24,0.04,49.9,13.26,-0.01,1.2,545.0,5.062
13.46,CARRY,3.66,-0.02,-9.58,3.88,-0.01,1,0,321.0,229.0,11.0,0.22,0.02,50.4,13.26,-0.01,1.7,544.6,5.125
13.51,CARRY,3.66,-0.02,-9.58,3.89,-0.01,1,0,321.5,228.0,12.1,0.24,0.03,49.8,13.26,-0.01,1.3,543.6,5.156
13.56,CARRY,3.69,-0.02,-9.58,3.91,-0.01,1,0,321.0,230.0,10.0,0.2,0.02,50.8,13.26,-0.01,2.6,544.2,5.188
13.61,CARRY,3.69,-0.02,-9.58,3.92,-0.01,1,0,321.0,229.5,10.5,0.21,0.02,49.8,13.26,-0.01,2.9,543.7,5.188
13.66,CARRY,3.71,-0.02,-9.58,3.93,-0.01,1,0,321.0,230.5,9.6,0.19,0.02,51.0,13.26,-0.01,3.2,543.3,5.188
13.72,CARRY,3.71,-0.02,-9.58,3.94,-0.01,1,0,321.0,230.0,10.0,0.2,0.02,50.0,13.26,-0.01,3.4,542.8,5.188
13.77,CARRY,3.74,-0.02,-9.58,3.96,-0.01,1,0,321.0,231.0,9.1,0.18,0.02,50.7,13.26,-0.01,3.7,542.3,5.188
13.82,CARRY,3.74,-0.02,-9.58,3.97,-0.01,1,0,321.0,230.5,9.6,0.19,0.02,50.1,13.26,-0.01,4.0,541.8,5.125
13.87,CARRY,3.76,-0.02,-9.58,3.98,-0.01,1,0,321.0,231.5,8.6,0.17,0.02,50.7,13.26,-0.01,4.3,541.5,5.188
13.92,CARRY,3.76,-0.02,-9.58,3.99,-0.01,1,0,321.0,231.5,8.6,0.17,0.02,50.0,13.26,-0.01,5.1,541.5,5.281
13.97,CARRY,3.78,-0.02,-9.58,4.01,-0.01,1,0,320.5,233.0,7.0,0.14,0.01,50.7,13.26,-0.01,6.0,541.7,5.344
14.02,CARRY,3.78,-0.02,-9.58,4.02,-0.01,1,0,320.5,232.5,7.5,0.15,0.01,50.5,13.26,-0.01,6.3,541.2,5.406
14.08,CARRY,3.81,-0.02,-9.58,4.03,-0.01,1,0,320.5,233.5,6.5,0.13,0.01,50.7,13.26,-0.01,6.7,540.9,5.406
14.13,CARRY,3.81,-0.02,-9.58,4.05,-0.01,1,0,320.5,233.0,7.0,0.14,0.01,50.7,13.26,-0.01,7.0,540.4,5.375
14.18,CARRY,3.83,-0.02,-9.58,4.06,-0.01,1,0,320.5,233.5,6.5,0.13,0.01,50.4,13.26,-0.01,7.0,539.6,5.281
14.23,CARRY,3.83,-0.02,-9.58,4.07,-0.01,1,0,320.5,233.5,6.5,0.13,0.01,49.7,13.26,-0.01,7.7,539.6,5.281
14.28,CARRY,3.85,-0.02,-9.58,4.08,-0.01,1,0,320.5,234.0,6.0,0.12,0.01,50.7,13.26,-0.01,7.8,539.0,5.281
14.33,CARRY,3.85,-0.02,-9.58,4.1,-0.01,1,0,320.5,233.5,6.5,0.13,0.01,49.8,13.26,-0.01,8.0,538.5,5.281
14.38,CARRY,3.87,-0.02,-9.58,4.11,-0.01,1,0,320.5,234.0,6.0,0.12,0.01,51.0,13.26,-0.01,8.1,537.9,5.25
14.44,CARRY,3.87,-0.02,-9.58,4.12,-0.01,1,0,320.5,233.5,6.5,0.13,0.01,50.0,13.26,-0.01,8.4,537.4,5.219
14.49,CARRY,3.88,-0.01,-9.58,4.14,-0.01,1,0,320.5,234.5,5.5,0.11,0.01,50.9,13.26,-0.01,9.1,537.3,5.188
14.54,CARRY,3.88,-0.01,-9.58,4.15,-0.01,1,0,321.0,234.0,6.1,0.12,0.02,50.0,13.26,-0.01,9.3,536.8,5.188
14.59,CARRY,3.9,-0.01,-9.58,4.16,-0.01,1,0,320.0,235.0,5.0,0.1,0.0,50.5,13.26,-0.01,10.2,536.9,5.156
14.64,CARRY,3.9,-0.01,-9.58,4.17,-0.01,1,0,321.0,234.5,5.6,0.11,0.02,50.0,13.26,-0.01,10.3,536.3,5.219
14.69,CARRY,3.92,-0.01,-9.58,4.19,-0.01,1,0,320.0,235.0,5.0,0.1,0.0,50.6,13.26,-0.01,10.8,536.0,5.188
14.74,CARRY,3.92,-0.01,-9.58,4.2,-0.01,1,0,321.0,234.5,5.6,0.11,0.02,50.3,13.26,-0.01,10.9,535.4,5.188
14.79,CARRY,3.93,-0.01,-9.58,4.21,-0.01,1,0,321.0,234.5,5.6,0.11,0.02,51.1,13.26,-0.01,10.8,534.5,5.188
14.85,CARRY,3.94,-0.01,-9.58,4.23,-0.01,1,0,320.5,235.0,5.0,0.1,0.01,51.5,13.26,-0.01,11.3,534.3,5.094
14.9,CARRY,3.94,-0.01,-9.58,4.24,-0.01,1,0,321.0,235.0,5.1,0.1,0.02,49.7,13.26,-0.01,12.0,534.2,5.094
14.95,CARRY,3.96,-0.01,-9.58,4.25,-0.01,1,0,320.5,235.5,4.5,0.09,0.01,50.3,13.26,-0.01,12.5,534.0,5.156
15.0,CARRY,3.96,-0.01,-9.58,4.26,-0.01,1,0,320.5,235.0,5.0,0.1,0.01,49.6,13.26,-0.01,12.7,533.5,5.156
15.05,CARRY,3.97,-0.01,-9.58,4.28,-0.01,1,0,320.5,235.5,4.5,0.09,0.01,51.2,13.26,-0.01,13.2,533.3,5.156
15.1,CARRY,3.97,-0.01,-9.58,4.29,-0.01,1,0,320.5,235.0,5.0,0.1,0.01,51.2,13.26,-0.01,13.5,532.8,5.062
15.16,CARRY,3.98,-0.01,-9.58,4.3,-0.01,1,0,320.5,235.0,5.0,0.1,0.01,51.5,13.26,-0.01,13.5,532.1,5.0
15.21,CARRY,3.98,-0.01,-9.58,4.32,-0.01,1,0,320.5,234.5,5.5,0.11,0.01,50.8,13.26,-0.01,13.8,531.6,5.031
15.26,CARRY,4.0,-0.01,-9.58,4.33,-0.01,1,0,320.5,235.0,5.0,0.1,0.01,51.2,13.26,-0.01,14.3,531.4,5.031
15.31,CARRY,4.0,-0.01,-9.58,4.34,-0.01,1,0,320.5,235.0,5.0,0.1,0.01,49.9,13.26,-0.01,15.1,531.4,5.031
15.36,CARRY,4.01,-0.01,-9.58,4.36,-0.01,1,0,320.5,235.5,4.5,0.09,0.01,51.1,13.26,-0.01,15.6,531.2,4.969
15.41,CARRY,4.01,-0.01,-9.58,4.37,-0.01,1,0,320.5,235.0,5.0,0.1,0.01,49.9,13.26,-0.01,15.9,530.8,4.938
15.47,CARRY,4.02,-0.01,-9.58,4.38,-0.01,1,0,320.5,235.0,5.0,0.1,0.01,50.8,13.26,-0.01,16.0,530.1,4.875
15.52,CARRY,4.02,-0.01,-9.58,4.39,-0.01,1,0,320.5,234.5,5.5,0.11,0.01,50.9,13.26,-0.01,16.2,529.6,4.781
15.57,CARRY,4.03,-0.01,-9.58,4.41,-0.01,1,0,320.5,235.0,5.0,0.1,0.01,50.9,13.26,-0.01,16.8,529.5,4.656
15.62,CARRY,4.03,-0.01,-9.58,4.42,-0.01,1,0,320.5,234.5,5.5,0.11,0.01,49.3,13.26,-0.01,17.1,529.0,4.594
15.67,CARRY,4.04,-0.01,-9.58,4.43,-0.01,1,0,320.0,235.0,5.0,0.1,0.0,50.0,13.26,-0.01,17.7,528.9,4.5
15.72,CARRY,4.04,-0.01,-9.58,4.45,-0.01,1,0,320.0,234.5,5.5,0.11,0.0,51.0,13.26,-0.01,18.0,528.4,4.344
15.77,CARRY,4.05,-0.01,-9.58,4.46,-0.01,1,0,320.0,234.5,5.5,0.11,0.0,51.5,13.26,-0.01,18.1,527.8,4.156
15.83,CARRY,4.05,-0.01,-9.58,4.47,-0.01,1,0,320.0,234.5,5.5,0.11,0.0,51.2,13.26,-0.01,18.8,527.8,4.062
15.88,CARRY,4.06,-0.01,-9.58,4.48,-0.01,1,0,320.0,234.5,5.5,0.11,0.0,50.7,13.26,-0.01,19.0,527.2,3.844
15.93,CARRY,4.06,-0.01,-9.58,4.5,-0.01,1,0,320.5,234.5,5.5,0.11,0.01,48.4,13.26,-0.01,19.6,527.1,3.766
15.98,CARRY,4.07,-0.01,-9.58,4.51,-0.01,1,0,321.0,235.0,5.1,0.1,0.02,49.6,13.26,-0.01,20.2,526.9,3.703
16.03,CARRY,4.07,-0.01,-9.58,4.52,-0.01,1,0,321.0,234.5,5.6,0.11,0.02,49.2,13.26,-0.01,20.4,526.4,3.578
16.08,CARRY,4.08,-0.01,-9.58,4.53,-0.01,1,0,321.0,234.5,5.6,0.11,0.02,51.1,13.26,-0.01,20.5,525.8,3.469
16.13,CARRY,4.08,-0.01,-9.58,4.55,-0.01,1,0,321.0,234.0,6.1,0.12,0.02,50.2,13.26,-0.01,20.8,525.3,3.375
16.18,CARRY,4.09,-0.01,-9.58,4.56,-0.01,1,0,321.0,234.5,5.6,0.11,0.02,51.3,13.26,-0.01,21.4,525.2,3.312
16.24,CARRY,4.09,-0.01,-9.58,4.57,-0.01,1,0,320.5,234.0,6.0,0.12,0.01,50.3,13.26,-0.01,21.7,524.8,3.25
16.29,CARRY,4.1,-0.01,-9.58,4.59,-0.01,1,0,320.5,234.0,6.0,0.12,0.01,51.1,13.26,-0.01,21.9,524.2,3.203
16.34,CARRY,4.1,-0.01,-9.58,4.6,-0.01,1,0,320.5,233.5,6.5,0.13,0.01,50.3,13.26,-0.01,22.1,523.7,3.172
16.39,CARRY,4.11,-0.01,-9.58,4.61,-0.01,1,0,320.5,233.5,6.5,0.13,0.01,50.0,13.26,-0.01,22.3,523.1,3.172
16.44,CARRY,4.11,-0.01,-9.58,4.62,-0.01,1,0,320.5,233.5,6.5,0.13,0.01,50.7,13.26,-0.01,23.0,523.1,3.203
16.49,CARRY,4.13,-0.01,-9.58,4.64,-0.01,1,0,320.5,233.5,6.5,0.13,0.01,50.7,13.26,-0.01,23.1,522.5,3.234
16.54,CARRY,4.14,-0.01,-9.58,4.65,-0.01,1,0,320.5,234.0,6.0,0.12,0.01,51.1,13.26,-0.01,23.8,522.3,3.328
16.6,CARRY,4.14,-0.01,-9.58,4.66,-0.01,1,0,320.5,233.5,6.5,0.13,0.01,50.3,13.26,-0.01,24.0,521.8,3.359
16.65,CARRY,4.15,-0.02,-9.58,4.68,-0.01,1,0,320.5,234.0,6.0,0.12,0.01,51.0,13.26,-0.01,24.6,521.7,3.406
16.7,CARRY,4.15,-0.02,-9.58,4.69,-0.01,1,0,320.5,234.0,6.0,0.12,0.01,50.5,13.26,-0.01,25.4,521.7,3.438
16.75,CARRY,4.16,-0.02,-9.58,4.7,-0.01,1,0,321.0,233.5,6.6,0.13,0.02,51.1,13.26,-0.01,24.9,520.5,3.438
16.8,CARRY,4.16,-0.02,-9.58,4.72,-0.01,1,0,321.0,233.5,6.6,0.13,0.02,51.0,13.26,-0.01,25.6,520.5,3.422
16.86,CARRY,4.17,-0.02,-9.58,4.73,-0.01,1,0,321.0,234.0,6.1,0.12,0.02,51.6,13.26,-0.01,26.2,520.3,3.531
16.91,CARRY,4.17,-0.02,-9.58,4.74,-0.01,1,0,321.0,233.5,6.6,0.13,0.02,50.3,13.26,-0.01,26.5,519.8,3.609
16.96,CARRY,4.18,-0.02,-9.58,4.75,-0.01,1,0,321.0,234.0,6.1,0.12,0.02,51.1,13.26,-0.01,27.0,519.6,3.734
17.01,CARRY,4.18,-0.02,-9.58,4.77,-0.01,1,0,321.0,233.5,6.6,0.13,0.02,50.4,13.26,-0.01,27.3,519.1,3.844
17.06,CARRY,4.19,-0.02,-9.58,4.78,-0.01,1,0,321.0,233.5,6.6,0.13,0.02,51.6,13.26,-0.01,27.3,518.4,3.938
17.11,CARRY,4.19,-0.02,-9.58,4.79,-0.01,1,0,321.0,233.0,7.1,0.14,0.02,50.4,13.26,-0.01,27.6,517.9,3.984
17.17,CARRY,4.21,-0.02,-9.58,4.81,-0.01,1,0,321.0,233.5,6.6,0.13,0.02,51.9,13.26,-0.01,28.1,517.7,4.031
17.22,CARRY,4.21,-0.02,-9.58,4.82,-0.01,1,0,321.0,233.5,6.6,0.13,0.02,50.2,13.26,-0.01,28.9,517.7,4.062
17.27,CARRY,4.22,-0.02,-9.58,4.83,-0.01,1,0,321.0,234.0,6.1,0.12,0.02,51.0,13.26,-0.01,29.4,517.5,4.156
17.32,CARRY,4.22,-0.02,-9.58,4.85,-0.01,1,0,321.0,233.0,7.1,0.14,0.02,50.8,13.26,-0.01,29.1,516.5,4.281
17.37,CARRY,4.23,-0.02,-9.58,4.86,-0.01,1,0,320.5,233.5,6.5,0.13,0.01,50.6,13.26,-0.01,29.7,516.3,4.469
17.43,CARRY,4.23,-0.02,-9.58,4.87,-0.01,1,0,320.5,233.5,6.5,0.13,0.01,50.6,13.26,-0.01,30.5,516.3,4.688
17.48,CARRY,4.24,-0.02,-9.58,4.88,-0.01,1,0,320.5,233.5,6.5,0.13,0.01,50.5,13.26,-0.01,30.5,515.6,4.906
17.53,CARRY,4.24,-0.02,-9.58,4.9,-0.01,1,0,321.0,233.0,7.1,0.14,0.02,50.9,13.26,-0.01,30.6,515.0,5.062
17.58,CARRY,4.26,-0.02,-9.58,4.91,-0.01,1,0,321.0,233.5,6.6,0.13,0.02,50.4,13.26,-0.01,31.1,514.7,5.219
17.63,CARRY,4.26,-0.02,-9.58,4.92,-0.01,1,0,321.0,233.5,6.6,0.13,0.02,50.3,13.26,-0.01,31.9,514.7,5.375
17.68,CARRY,4.27,-0.02,-9.58,4.94,-0.01,1,0,321.0,234.0,6.1,0.12,0.02,51.6,13.26,-0.01,32.4,514.5,5.531
17.73,CARRY,4.27,-0.02,-9.58,4.95,-0.01,1,0,321.0,233.5,6.6,0.13,0.02,50.7,13.26,-0.01,32.6,514.0,5.656
17.79,CARRY,4.28,-0.02,-9.58,4.96,-0.01,1,0,321.0,234.0,6.1,0.12,0.02,51.2,13.26,-0.01,33.1,513.7,5.906
17.84,CARRY,4.28,-0.02,-9.58,4.97,-0.01,1,0,321.0,233.5,6.6,0.13,0.02,51.9,13.26,-0.01,33.4,513.2,6.188
17.89,CARRY,4.3,-0.02,-9.58,4.99,-0.01,1,0,321.0,233.5,6.6,0.13,0.02,51.6,13.26,-0.01,33.4,512.5,6.281
17.94,CARRY,4.31,-0.02,-9.58,5.0,-0.01,1,0,321.0,234.0,6.1,0.12,0.02,51.1,13.26,-0.01,33.9,512.2,6.375
18.0,CARRY,4.31,-0.02,-9.58,5.01,-0.01,1,0,321.0,233.5,6.6,0.13,0.02,51.0,13.26,-0.01,34.1,511.7,6.531
18.05,CARRY,4.32,-0.02,-9.58,5.03,-0.01,1,0,321.0,233.5,6.6,0.13,0.02,51.5,13.26,-0.01,34.2,511.0,6.719
18.1,CARRY,4.32,-0.02,-9.58,5.04,-0.01,1,0,321.0,233.5,6.6,0.13,0.02,50.5,13.26,-0.01,34.9,511.0,6.906
18.15,CARRY,4.34,-0.02,-9.58,5.05,-0.01,1,0,321.0,234.5,5.6,0.11,0.02,51.1,13.26,-0.01,35.9,511.2,7.219
18.2,CARRY,4.34,-0.02,-9.58,5.07,-0.01,1,0,321.0,234.0,6.1,0.12,0.02,51.3,13.26,-0.01,36.2,510.8,7.5
18.26,CARRY,4.35,-0.02,-9.58,5.08,-0.01,1,0,321.0,234.0,6.1,0.12,0.02,50.9,13.26,-0.01,36.2,510.0,7.562
18.31,CARRY,4.35,-0.02,-9.58,5.09,-0.01,1,0,321.0,233.5,6.6,0.13,0.02,50.2,13.26,-0.01,36.4,509.5,7.719
18.36,CARRY,4.36,-0.02,-9.58,5.1,-0.01,1,0,321.0,234.0,6.1,0.12,0.02,51.0,13.26,-0.01,36.9,509.3,7.844
18.41,CARRY,4.36,-0.02,-9.58,5.12,-0.01,1,0,321.0,233.5,6.6,0.13,0.02,50.6,13.26,-0.01,37.2,508.8,7.969
18.46,CARRY,4.37,-0.02,-9.58,5.13,-0.01,1,0,320.5,234.0,6.0,0.12,0.01,51.4,13.26,-0.01,37.8,508.6,8.125
18.51,CARRY,4.37,-0.02,-9.58,5.14,-0.01,1,0,320.5,233.5,6.5,0.13,0.01,50.2,13.26,-0.01,38.1,508.1,8.25
18.57,CARRY,4.39,-0.02,-9.58,5.16,-0.01,1,0,320.5,233.5,6.5,0.13,0.01,51.3,13.26,-0.01,38.1,507.4,8.438
18.62,CARRY,4.39,-0.02,-9.58,5.17,-0.01,1,0,320.5,233.5,6.5,0.13,0.01,50.4,13.26,-0.01,38.8,507.4,8.625
18.67,CARRY,4.4,-0.02,-9.58,5.18,-0.01,1,0,320.5,233.5,6.5,0.13,0.01,51.1,13.26,-0.01,38.9,506.7,8.812
18.72,CARRY,4.4,-0.02,-9.58,5.19,-0.01,1,0,321.0,233.5,6.6,0.13,0.02,50.8,13.26,-0.01,39.6,506.7,8.938
18.77,CARRY,4.41,-0.02,-9.58,5.21,-0.01,1,0,321.0,234.0,6.1,0.12,0.02,50.2,13.26,-0.01,40.1,506.4,9.125
18.82,CARRY,4.41,-0.02,-9.58,5.22,-0.01,1,0,320.5,233.5,6.5,0.13,0.01,50.2,13.26,-0.01,40.4,506.0,9.438
18.88,CARRY,4.42,-0.02,-9.58,5.23,-0.01,1,0,320.5,233.5,6.5,0.13,0.01,51.8,13.26,-0.01,40.4,505.3,9.562
18.93,CARRY,4.42,-0.02,-9.58,5.25,-0.01,1,0,321.0,233.0,7.1,0.14,0.02,51.0,13.26,-0.01,40.6,504.7,9.75
18.98,CARRY,4.44,-0.02,-9.58,5.26,-0.01,1,0,321.0,233.0,7.1,0.14,0.02,51.8,13.26,-0.01,40.6,504.0,9.875
19.03,CARRY,4.44,-0.02,-9.58,5.27,-0.01,1,0,321.5,233.5,6.7,0.13,0.03,51.1,13.26,-0.01,41.8,504.4,9.875
19.08,CARRY,4.45,-0.02,-9.58,5.29,-0.01,1,0,321.0,233.5,6.6,0.13,0.02,52.0,13.26,-0.01,41.9,503.7,9.938
19.14,CARRY,4.45,-0.02,-9.58,5.3,-0.01,1,0,321.0,233.0,7.1,0.14,0.02,51.1,13.26,-0.01,42.2,503.2,9.938
19.19,CARRY,4.46,-0.02,-9.58,5.31,-0.01,1,0,321.0,233.5,6.6,0.13,0.02,51.7,13.26,-0.01,42.7,503.0,9.938
19.24,CARRY,4.46,-0.02,-9.58,5.33,-0.01,1,0,321.0,233.0,7.1,0.14,0.02,51.7,13.26,-0.01,43.0,502.5,10.0
19.29,CARRY,4.47,-0.02,-9.58,5.34,-0.01,1,0,321.0,233.5,6.6,0.13,0.02,51.9,13.26,-0.01,43.5,502.2,9.938
19.35,CARRY,4.49,-0.02,-9.58,5.35,-0.01,1,0,321.0,233.5,6.6,0.13,0.02,51.8,13.26,-0.01,43.5,501.5,10.0
19.4,CARRY,4.49,-0.02,-9.58,5.36,-0.01,1,0,321.0,233.0,7.1,0.14,0.02,51.2,13.26,-0.01,43.8,501.0,9.938
19.45,CARRY,4.5,-0.02,-9.58,5.38,-0.01,1,0,321.0,234.0,6.1,0.12,0.02,51.1,13.26,-0.01,44.8,501.2,10.062
19.5,CARRY,4.5,-0.02,-9.58,5.39,-0.01,1,0,321.0,233.5,6.6,0.13,0.02,50.5,13.26,-0.01,45.0,500.7,10.062
19.56,CARRY,4.51,-0.02,-9.58,5.4,-0.01,1,0,320.5,234.0,6.0,0.12,0.01,50.9,13.26,-0.01,45.6,500.5,10.062
19.61,CARRY,4.51,-0.02,-9.58,5.42,-0.01,1,0,320.5,233.5,6.5,0.13,0.01,50.2,13.26,-0.01,45.8,500.0,10.125
19.66,CARRY,4.53,-0.02,-9.58,5.43,-0.01,1,0,320.5,234.0,6.0,0.12,0.01,51.0,13.26,-0.01,46.3,499.8,10.062
19.71,CARRY,4.53,-0.02,-9.58,5.44,-0.01,1,0,320.5,233.5,6.5,0.13,0.01,50.3,13.26,-0.01,46.5,499.3,10.0
19.76,CARRY,4.54,-0.02,-9.58,5.45,-0.01,1,0,320.5,233.5,6.5,0.13,0.01,51.4,13.26,-0.01,46.5,498.5,9.938
19.81,CARRY,4.54,-0.02,-9.58,5.47,-0.01,1,0,321.0,233.0,7.1,0.14,0.02,50.3,13.26,-0.01,46.7,497.9,9.875
19.87,CARRY,4.55,-0.02,-9.58,5.48,-0.01,1,0,321.0,234.0,6.1,0.12,0.02,51.1,13.26,-0.01,47.7,498.2,9.938
19.92,CARRY,4.55,-0.02,-9.58,5.49,-0.01,1,0,321.0,233.5,6.6,0.13,0.02,52.3,13.26,-0.01,48.0,497.7,9.812
19.97,CARRY,4.56,-0.02,-9.58,5.51,-0.01,1,0,321.0,234.5,5.6,0.11,0.02,51.3,13.26,-0.01,49.0,497.9,9.875
20.02,CARRY,4.56,-0.02,-9.58,5.52,-0.01,1,0,321.0,234.0,6.1,0.12,0.02,51.3,13.26,-0.01,49.2,497.4,9.812
20.08,CARRY,4.58,-0.02,-9.58,5.53,-0.01,1,0,321.5,234.0,6.2,0.12,0.03,51.0,13.26,-0.01,49.2,496.6,9.688
20.13,CARRY,4.58,-0.02,-9.58,5.55,-0.01,1,0,321.5,233.5,6.7,0.13,0.03,50.3,13.26,-0.01,49.4,496.1,9.75
20.18,CARRY,4.59,-0.02,-9.58,5.56,-0.01,1,0,321.0,234.0,6.1,0.12,0.02,51.1,13.26,-0.01,50.0,495.9,9.688
20.23,CARRY,4.59,-0.02,-9.58,5.57,-0.01,1,0,321.0,233.5,6.6,0.13,0.02,50.5,13.26,-0.01,50.3,495.4,9.75
20.28,CARRY,4.6,-0.02,-9.58,5.58,-0.01,1,0,321.0,234.0,6.1,0.12,0.02,51.5,13.26,-0.01,50.8,495.2,9.75
20.33,CARRY,4.6,-0.02,-9.58,5.6,-0.01,1,0,321.0,234.0,6.1,0.12,0.02,50.3,13.26,-0.01,51.5,495.2,9.688
20.39,CARRY,4.62,-0.02,-9.58,5.61,-0.01,1,0,321.0,234.0,6.1,0.12,0.02,50.7,13.26,-0.01,51.5,494.5,9.688
20.44,CARRY,4.62,-0.02,-9.58,5.62,-0.01,1,0,321.0,234.0,6.1,0.12,0.02,50.3,13.26,-0.01,52.3,494.5,9.625
20.49,CARRY,4.63,-0.02,-9.58,5.64,-0.01,1,0,321.0,234.5,5.6,0.11,0.02,51.1,13.26,-0.01,52.8,494.3,9.562
20.54,CARRY,4.63,-0.02,-9.58,5.65,-0.01,1,0,320.5,233.5,6.5,0.13,0.01,51.8,13.26,-0.01,52.6,493.3,9.5
20.59,CARRY,4.64,-0.02,-9.58,5.66,-0.01,1,0,320.5,234.0,6.0,0.12,0.01,52.0,13.26,-0.01,53.1,493.1,9.438
20.65,CARRY,4.65,-0.02,-9.58,5.68,-0.01,1,0,320.5,234.5,5.5,0.11,0.01,52.5,13.26,-0.01,53.7,492.9,9.375
20.7,CARRY,4.65,-0.02,-9.58,5.69,-0.01,1,0,321.0,233.5,6.6,0.13,0.02,53.2,13.26,-0.01,53.4,491.8,9.375
20.75,CARRY,4.67,-0.02,-9.58,5.7,-0.01,1,0,321.0,233.5,6.6,0.13,0.02,53.4,13.26,-0.01,53.5,491.1,9.375
20.81,CARRY,4.67,-0.02,-9.58,5.72,-0.01,1,0,321.5,233.0,7.2,0.14,0.03,49.6,13.26,-0.01,53.7,490.6,9.375
20.86,CARRY,4.68,-0.02,-9.58,5.73,-0.01,1,0,321.5,234.0,6.2,0.12,0.03,50.0,13.26,-0.01,54.7,490.8,9.375
20.91,CARRY,4.68,-0.02,-9.58,5.74,-0.01,1,0,321.0,234.0,6.1,0.12,0.02,48.5,13.26,-0.01,55.5,490.9,9.562
20.96,CARRY,4.69,-0.02,-9.58,5.75,-0.01,1,0,321.0,234.5,5.6,0.11,0.02,51.4,13.26,-0.01,56.0,490.7,9.438
21.01,CARRY,4.69,-0.02,-9.58,5.77,-0.01,1,0,321.5,233.5,6.7,0.13,0.03,48.5,13.26,-0.01,55.7,489.6,9.5
21.06,CARRY,4.7,-0.02,-9.58,5.78,-0.01,1,0,321.5,234.0,6.2,0.12,0.03,49.2,13.26,-0.01,56.2,489.4,9.375
21.11,CARRY,4.7,-0.02,-9.58,5.79,-0.01,1,0,321.5,233.5,6.7,0.13,0.03,47.9,13.26,-0.01,56.4,488.9,9.5
21.16,CARRY,4.72,-0.02,-9.58,5.8,-0.01,1,0,321.5,234.0,6.2,0.12,0.03,52.8,13.26,-0.01,56.9,488.6,9.562
21.22,CARRY,4.72,-0.02,-9.58,5.82,-0.01,1,0,321.0,233.5,6.6,0.13,0.02,48.2,13.26,-0.01,57.2,488.2,9.562
21.27,CARRY,4.73,-0.02,-9.58,5.83,-0.01,1,0,321.0,234.0,6.1,0.12,0.02,51.8,13.26,-0.01,57.7,488.0,9.5
21.32,CARRY,4.73,-0.02,-9.58,5.84,-0.01,1,0,321.0,234.0,6.1,0.12,0.02,47.6,13.26,-0.01,58.5,488.0,9.688
21.37,CARRY,4.74,-0.02,-9.58,5.86,-0.01,1,0,321.0,234.5,5.6,0.11,0.02,48.1,13.26,-0.01,59.0,487.7,9.5
21.42,CARRY,4.74,-0.02,-9.58,5.87,-0.01,1,0,321.0,234.0,6.1,0.12,0.02,50.2,13.26,-0.01,59.2,487.3,9.625
21.47,CARRY,4.75,-0.02,-9.58,5.88,-0.01,1,0,321.0,234.0,6.1,0.12,0.02,50.8,13.26,-0.01,59.2,486.5,9.875
21.52,CARRY,4.75,-0.02,-9.58,5.89,-0.01,1,0,321.0,233.5,6.6,0.13,0.02,50.7,13.26,-0.01,59.5,486.0,9.875
21.57,CARRY,4.77,-0.02,-9.58,5.91,-0.01,1,0,321.0,234.0,6.1,0.12,0.02,51.0,13.26,-0.01,60.0,485.8,9.875
21.62,CARRY,4.77,-0.02,-9.58,5.92,-0.01,1,0,321.0,233.5,6.6,0.13,0.02,50.7,13.26,-0.01,60.2,485.3,9.812
21.68,CARRY,4.78,-0.02,-9.58,5.93,-0.01,1,0,321.0,234.0,6.1,0.12,0.02,51.0,13.26,-0.01,60.8,485.1,9.812
21.73,CARRY,4.78,-0.02,-9.58,5.95,-0.01,1,0,320.5,234.0,6.0,0.12,0.01,50.3,13.26,-0.01,61.6,485.2,9.875
21.78,CARRY,4.79,-0.02,-9.58,5.96,-0.01,1,0,320.5,234.0,6.0,0.12,0.01,51.3,13.26,-0.01,61.6,484.5,9.812
21.83,CARRY,4.79,-0.02,-9.58,5.97,-0.01,1,0,320.5,233.5,6.5,0.13,0.01,50.2,13.26,-0.01,61.9,484.0,9.812
21.88,CARRY,4.8,-0.02,-9.58,5.99,-0.01,1,0,320.5,234.0,6.0,0.12,0.01,51.3,13.26,-0.01,62.4,483.8,9.812
21.93,CARRY,4.8,-0.02,-9.58,6.0,-0.01,1,0,320.5,233.0,7.0,0.14,0.01,50.4,13.26,-0.01,62.2,482.8,9.812
21.99,CARRY,4.82,-0.02,-9.58,6.01,-0.01,1,0,320.5,233.5,6.5,0.13,0.01,51.0,13.26,-0.01,62.7,482.5,9.75
22.04,CARRY,4.82,-0.02,-9.58,6.02,-0.01,1,0,320.5,233.5,6.5,0.13,0.01,50.2,13.26,-0.01,63.4,482.5,9.812
22.09,CARRY,4.83,-0.01,-9.58,6.04,-0.01,1,0,320.5,233.5,6.5,0.13,0.01,51.1,13.26,-0.01,63.5,481.8,9.688
22.14,CARRY,4.83,-0.01,-9.58,6.05,-0.01,1,0,320.5,233.5,6.5,0.13,0.01,50.9,13.26,-0.01,64.2,481.8,9.688
22.19,CARRY,4.84,-0.01,-9.58,6.06,-0.01,1,0,320.0,233.5,6.5,0.13,0.0,51.0,13.26,-0.01,64.3,481.2,9.625
22.24,CARRY,4.85,-0.01,-9.58,6.08,-0.01,1,0,320.0,233.5,6.5,0.13,0.0,51.3,13.26,-0.01,64.4,480.5,9.625
22.3,CARRY,4.85,-0.01,-9.58,6.09,-0.01,1,0,320.5,233.5,6.5,0.13,0.01,50.8,13.26,-0.01,65.1,480.4,9.625
22.35,CARRY,4.86,-0.01,-9.58,6.1,-0.01,1,0,320.0,234.5,5.5,0.11,0.0,50.8,13.26,-0.01,66.1,480.8,9.562
22.4,CARRY,4.86,-0.01,-9.58,6.11,-0.01,1,0,320.0,234.0,6.0,0.12,0.0,50.6,13.26,-0.01,66.4,480.3,9.688
22.45,CARRY,4.88,-0.01,-9.58,6.13,-0.01,1,0,320.0,234.0,6.0,0.12,0.0,50.8,13.26,-0.01,66.4,479.5,9.688
22.5,CARRY,4.88,-0.01,-9.58,6.14,-0.01,1,0,320.5,234.0,6.0,0.12,0.01,50.6,13.26,-0.01,67.1,479.5,9.688
22.55,CARRY,4.89,-0.01,-9.58,6.15,-0.01,1,0,320.5,234.5,5.5,0.11,0.01,51.8,13.26,-0.01,67.6,479.2,9.75
22.61,CARRY,4.89,-0.01,-9.58,6.17,-0.01,1,0,320.5,233.5,6.5,0.13,0.01,50.9,13.26,-0.01,67.4,478.2,9.75
22.66,CARRY,4.9,-0.01,-9.58,6.18,-0.01,1,0,320.5,233.5,6.5,0.13,0.01,52.1,13.26,-0.01,67.4,477.5,9.75
22.71,CARRY,4.9,-0.01,-9.58,6.19,-0.01,1,0,320.5,234.0,6.0,0.12,0.01,52.3,13.26,-0.01,68.7,478.0,9.875
22.77,CARRY,4.92,-0.01,-9.58,6.21,-0.01,1,0,320.5,234.0,6.0,0.12,0.01,51.8,13.26,-0.01,68.7,477.3,9.812
22.82,CARRY,4.92,-0.01,-9.58,6.22,-0.01,1,0,320.5,234.0,6.0,0.12,0.01,51.9,13.26,-0.01,69.4,477.3,9.812
22.87,CARRY,4.93,-0.01,-9.58,6.23,-0.01,1,0,320.5,234.0,6.0,0.12,0.01,51.8,13.26,-0.01,69.5,476.5,9.812
22.92,CARRY,4.93,-0.01,-9.58,6.25,-0.01,1,0,320.5,233.5,6.5,0.13,0.01,51.4,13.26,-0.01,69.8,476.0,9.812
22.98,CARRY,4.94,-0.01,-9.58,6.26,-0.01,1,0,320.5,234.0,6.0,0.12,0.01,51.7,13.26,-0.01,70.3,475.8,9.812
23.03,CARRY,4.94,-0.01,-9.58,6.27,-0.01,1,0,320.5,233.5,6.5,0.13,0.01,51.0,13.26,-0.01,70.5,475.3,9.938
23.08,CARRY,4.95,-0.01,-9.58,6.28,-0.01,1,0,320.5,233.5,6.5,0.13,0.01,52.2,13.26,-0.01,70.6,474.6,9.875
23.13,CARRY,4.95,-0.01,-9.58,6.3,-0.01,1,0,320.5,233.0,7.0,0.14,0.01,50.3,13.26,-0.01,70.9,474.1,9.875
23.18,CARRY,4.96,-0.01,-9.58,6.31,-0.01,1,0,320.5,234.0,6.0,0.12,0.01,51.0,13.26,-0.01,71.9,474.4,9.812
23.24,CARRY,4.96,-0.01,-9.58,6.32,-0.01,1,0,320.0,234.0,6.0,0.12,0.0,50.3,13.26,-0.01,72.7,474.5,9.938
23.29,CARRY,4.98,-0.01,-9.58,6.34,-0.01,1,0,320.0,234.0,6.0,0.12,0.0,50.9,13.26,-0.01,72.7,473.8,9.875
23.34,CARRY,4.98,-0.01,-9.58,6.35,-0.01,1,0,320.5,233.5,6.5,0.13,0.01,50.6,13.26,-0.01,72.9,473.2,9.812
23.39,CARRY,4.99,-0.01,-9.58,6.36,-0.01,1,0,320.5,234.0,6.0,0.12,0.01,50.9,13.26,-0.01,73.4,473.0,9.75
23.44,CARRY,5.0,-0.01,-9.58,6.38,-0.01,1,0,320.5,235.0,5.0,0.1,0.01,51.2,13.26,-0.01,74.5,473.2,9.75
23.49,CARRY,5.0,-0.01,-9.58,6.39,-0.01,1,0,321.0,234.0,6.1,0.12,0.02,50.3,13.26,-0.01,74.2,472.2,9.75
23.55,CARRY,5.01,-0.01,-9.58,6.4,-0.01,1,0,320.5,234.5,5.5,0.11,0.01,50.9,13.26,-0.01,74.7,472.0,9.812
23.6,CARRY,5.01,-0.01,-9.58,6.41,-0.01,1,0,321.0,234.0,6.1,0.12,0.02,50.3,13.26,-0.01,74.9,471.5,9.875
23.65,CARRY,5.03,-0.02,-9.58,6.43,-0.01,1,0,321.0,234.0,6.1,0.12,0.02,51.0,13.26,-0.01,74.9,470.7,9.812
23.7,CARRY,5.03,-0.02,-9.58,6.44,-0.01,1,0,321.0,234.0,6.1,0.12,0.02,50.8,13.26,-0.01,75.7,470.7,9.812
23.75,CARRY,5.04,-0.02,-9.58,6.45,-0.01,1,0,321.0,234.5,5.6,0.11,0.02,50.8,13.26,-0.01,76.2,470.5,9.812
23.8,CARRY,5.04,-0.02,-9.58,6.47,-0.01,1,0,321.0,234.0,6.1,0.12,0.02,51.7,13.26,-0.01,76.5,470.0,9.938
23.86,CARRY,5.05,-0.02,-9.58,6.48,-0.01,1,0,321.0,234.5,5.6,0.11,0.02,51.4,13.26,-0.01,77.0,469.8,10.0
23.91,CARRY,5.05,-0.02,-9.58,6.49,-0.01,1,0,321.0,234.0,6.1,0.12,0.02,49.9,13.26,-0.01,77.3,469.3,10.0
23.96,CARRY,5.06,-0.02,-9.58,6.5,-0.01,1,0,321.0,234.0,6.1,0.12,0.02,51.2,13.26,-0.01,77.3,468.6,9.875
24.01,CARRY,5.06,-0.02,-9.58,6.52,-0.01,1,0,320.5,233.5,6.5,0.13,0.01,50.4,13.26,-0.01,77.6,468.2,9.812
24.06,CARRY,5.08,-0.02,-9.58,6.53,-0.01,1,0,320.5,234.0,6.0,0.12,0.01,51.3,13.26,-0.01,78.2,468.0,9.875
24.12,CARRY,5.08,-0.02,-9.58,6.54,-0.01,1,0,320.5,233.5,6.5,0.13,0.01,50.4,13.26,-0.01,78.4,467.5,10.0
24.17,CARRY,5.09,-0.02,-9.58,6.56,-0.01,1,0,320.5,234.0,6.0,0.12,0.01,50.9,13.26,-0.01,79.0,467.3,9.938
24.22,CARRY,5.09,-0.02,-9.58,6.57,-0.01,1,0,320.5,234.0,6.0,0.12,0.01,50.4,13.26,-0.01,79.7,467.3,9.812
24.27,CARRY,5.1,-0.02,-9.58,6.58,-0.01,1,0,320.5,234.5,5.5,0.11,0.01,50.9,13.26,-0.01,80.2,467.1,9.875
24.32,CARRY,5.1,-0.02,-9.58,6.6,-0.01,1,0,320.5,234.0,6.0,0.12,0.01,50.7,13.26,-0.01,80.5,466.6,9.875
24.37,CARRY,5.11,-0.02,-9.58,6.61,-0.01,1,0,320.5,234.0,6.0,0.12,0.01,51.2,13.26,-0.01,80.5,465.8,9.812
24.43,CARRY,5.11,-0.02,-9.58,6.62,-0.01,1,0,321.0,233.5,6.6,0.13,0.02,50.3,13.26,-0.01,80.7,465.3,9.812
24.48,CARRY,5.13,-0.02,-9.58,6.63,-0.01,1,0,321.0,234.0,6.1,0.12,0.02,50.2,13.26,-0.01,81.2,465.0,9.812
24.53,CARRY,5.13,-0.02,-9.58,6.65,-0.01,1,0,321.0,233.5,6.6,0.13,0.02,49.2,13.26,-0.01,81.5,464.5,9.75
24.58,CARRY,5.14,-0.02,-9.58,6.66,-0.01,1,0,321.0,234.0,6.1,0.12,0.02,51.2,13.26,-0.01,81.9,464.3,9.812
24.63,CARRY,5.14,-0.02,-9.58,6.67,-0.01,1,0,321.0,234.0,6.1,0.12,0.02,50.3,13.26,-0.01,82.7,464.3,9.812
24.68,CARRY,5.15,-0.02,-9.58,6.68,-0.01,1,0,321.0,234.0,6.1,0.12,0.02,51.4,13.26,-0.01,82.7,463.6,9.688
24.73,CARRY,5.15,-0.02,-9.58,6.7,-0.01,1,0,321.0,233.5,6.6,0.13,0.02,50.3,13.26,-0.01,83.0,463.1,9.812
24.78,CARRY,5.16,-0.02,-9.58,6.71,-0.01,1,0,321.0,234.0,6.1,0.12,0.02,50.9,13.26,-0.01,83.5,462.9,9.625
24.84,CARRY,5.16,-0.02,-9.58,6.72,-0.01,1,0,321.0,233.5,6.6,0.13,0.02,50.3,13.26,-0.01,83.8,462.4,9.75
24.89,CARRY,5.18,-0.02,-9.58,6.74,-0.01,1,0,321.0,234.0,6.1,0.12,0.02,50.9,13.26,-0.01,84.3,462.2,9.688
24.94,CARRY,5.18,-0.02,-9.58,6.75,-0.01,1,0,321.0,233.5,6.6,0.13,0.02,51.5,13.26,-0.01,84.6,461.7,9.625
24.99,CARRY,5.19,-0.02,-9.58,6.76,-0.01,1,0,321.0,234.0,6.1,0.12,0.02,50.9,13.26,-0.01,85.1,461.5,9.625
25.04,CARRY,5.2,-0.02,-9.58,6.78,-0.01,1,0,321.0,234.0,6.1,0.12,0.02,51.1,13.26,-0.01,85.1,460.8,9.562
25.1,CARRY,5.2,-0.02,-9.58,6.79,-0.01,1,0,321.0,233.5,6.6,0.13,0.02,50.2,13.26,-0.01,85.4,460.3,9.562
25.15,CARRY,5.21,-0.02,-9.58,6.8,-0.01,1,0,320.5,234.0,6.0,0.12,0.01,50.0,13.26,-0.01,86.0,460.1,9.562
25.2,CARRY,5.21,-0.02,-9.58,6.81,-0.01,1,0,320.5,234.0,6.0,0.12,0.01,50.3,13.26,-0.01,86.7,460.1,9.5
25.25,CARRY,5.22,-0.02,-9.58,6.83,-0.01,1,0,320.5,234.5,5.5,0.11,0.01,51.0,13.26,-0.01,87.3,459.9,9.438
25.3,CARRY,5.22,-0.02,-9.58,6.84,-0.01,1,0,320.5,234.0,6.0,0.12,0.01,50.9,13.26,-0.01,87.5,459.4,9.438
25.35,CARRY,5.24,-0.02,-9.58,6.85,-0.01,1,0,320.5,234.0,6.0,0.12,0.01,51.1,13.26,-0.01,87.6,458.7,9.438
25.4,CARRY,5.24,-0.02,-9.58,6.87,-0.01,1,0,320.5,233.5,6.5,0.13,0.01,49.1,13.26,-0.01,87.8,458.2,9.375
25.45,CARRY,5.25,-0.02,-9.58,6.88,-0.01,1,0,320.5,233.5,6.5,0.13,0.01,50.8,13.26,-0.01,87.9,457.5,9.5
25.51,CARRY,5.25,-0.02,-9.58,6.89,-0.01,1,0,321.0,233.5,6.6,0.13,0.02,50.3,13.26,-0.01,88.6,457.5,9.5
25.56,CARRY,5.26,-0.02,-9.58,6.9,-0.01,1,0,321.0,234.0,6.1,0.12,0.02,51.1,13.26,-0.01,89.1,457.3,9.562
25.61,CARRY,5.26,-0.02,-9.58,6.92,-0.01,1,0,321.5,234.0,6.2,0.12,0.03,50.2,13.26,-0.01,89.8,457.2,9.562
25.66,CARRY,5.27,-0.02,-9.58,6.93,-0.01,1,0,321.0,233.5,6.6,0.13,0.02,51.5,13.26,-0.01,89.4,456.1,9.625
25.71,CARRY,5.27,-0.02,-9.58,6.94,-0.01,1,0,321.5,233.5,6.7,0.13,0.03,50.3,13.26,-0.01,90.1,456.0,9.625
25.76,CARRY,5.28,-0.02,-9.58,6.96,-0.01,1,0,321.0,234.0,6.1,0.12,0.02,50.8,13.26,-0.01,90.7,455.9,9.562
25.82,CARRY,5.28,-0.02,-9.58,6.97,-0.01,1,0,321.0,233.5,6.6,0.13,0.02,50.6,13.26,-0.01,91.0,455.4,9.562
25.87,CARRY,5.3,-0.02,-9.58,6.98,-0.01,1,0,321.0,234.0,6.1,0.12,0.02,50.6,13.26,-0.01,91.5,455.2,9.438
25.92,CARRY,5.3,-0.02,-9.58,6.99,-0.01,1,0,321.0,233.0,7.1,0.14,0.02,49.4,13.26,-0.01,91.3,454.2,9.438
25.97,CARRY,5.31,-0.02,-9.58,7.01,-0.01,1,0,321.0,233.0,7.1,0.14,0.02,52.0,13.26,-0.01,91.3,453.5,9.375
26.02,CARRY,5.31,-0.02,-9.58,7.02,-0.01,1,0,321.0,232.5,7.6,0.15,0.02,49.0,13.26,-0.01,91.5,453.0,9.312
26.07,CARRY,5.32,-0.02,-9.58,7.03,-0.01,1,0,321.0,233.0,7.1,0.14,0.02,48.3,13.26,-0.01,92.1,452.8,9.375
26.12,CARRY,5.32,-0.02,-9.58,7.05,-0.01,1,0,321.0,233.0,7.1,0.14,0.02,50.5,13.26,-0.01,92.8,452.8,9.312
26.17,CARRY,5.33,-0.02,-9.58,7.06,-0.01,1,0,321.0,233.5,6.6,0.13,0.02,50.1,13.26,-0.01,93.3,452.5,9.25
26.22,CARRY,5.33,-0.02,-9.58,7.07,-0.01,1,0,321.0,233.0,7.1,0.14,0.02,50.3,13.26,-0.01,93.5,452.1,9.25
26.28,CARRY,5.35,-0.02,-9.58,7.08,-0.01,1,0,320.5,233.5,6.5,0.13,0.01,49.4,13.26,-0.01,94.1,451.9,9.25
26.33,CARRY,5.35,-0.02,-9.58,7.1,-0.01,1,0,320.5,233.5,6.5,0.13,0.01,50.3,13.26,-0.01,94.8,451.9,9.312
26.38,CARRY,5.36,-0.02,-9.58,7.11,-0.01,1,0,320.5,233.5,6.5,0.13,0.01,50.9,13.26,-0.01,94.8,451.1,9.312
26.43,CARRY,5.36,-0.02,-9.58,7.12,-0.01,1,0,320.5,232.5,7.5,0.15,0.01,49.6,13.26,-0.01,94.5,450.1,9.125
26.48,CARRY,5.37,-0.02,-9.58,7.13,-0.01,1,0,320.5,233.0,7.0,0.14,0.01,50.4,13.26,-0.01,95.0,449.8,9.25
26.53,CARRY,5.37,-0.02,-9.58,7.15,-0.01,1,0,321.0,233.0,7.1,0.14,0.02,47.7,13.26,-0.01,95.7,449.8,9.25
26.58,CARRY,5.39,-0.02,-9.58,7.16,-0.01,1,0,321.0,233.5,6.6,0.13,0.02,50.9,13.26,-0.01,96.1,449.5,9.25
26.63,CARRY,5.39,-0.02,-9.58,7.17,-0.01,1,0,321.0,233.0,7.1,0.14,0.02,47.3,13.26,-0.01,96.3,449.0,9.312
26.68,CARRY,5.4,-0.02,-9.58,7.19,-0.01,1,0,321.0,233.5,6.6,0.13,0.02,51.2,13.26,-0.01,96.8,448.7,9.25
26.73,CARRY,5.4,-0.02,-9.58,7.2,-0.01,1,0,321.5,233.0,7.2,0.14,0.03,51.7,13.26,-0.01,97.0,448.1,9.312
26.79,CARRY,5.41,-0.02,-9.58,7.21,-0.01,1,0,321.5,233.5,6.7,0.13,0.03,49.2,13.26,-0.01,97.4,447.8,9.25
26.84,CARRY,5.41,-0.02,-9.58,7.22,-0.01,1,0,321.5,233.5,6.7,0.13,0.03,50.8,13.26,-0.01,98.1,447.8,9.188
26.89,CARRY,5.43,-0.02,-9.58,7.24,-0.01,1,0,321.5,233.5,6.7,0.13,0.03,50.3,13.26,-0.01,98.1,447.0,9.125
26.94,CARRY,5.43,-0.02,-9.58,7.25,-0.01,1,0,321.0,233.0,7.1,0.14,0.02,48.4,13.26,-0.01,98.4,446.6,9.062
26.99,CARRY,5.44,-0.02,-9.58,7.26,-0.01,1,0,321.0,233.5,6.6,0.13,0.02,50.6,13.26,-0.01,98.8,446.3,9.0
27.04,CARRY,5.44,-0.02,-9.58,7.27,-0.01,1,0,321.0,233.5,6.6,0.13,0.02,48.1,13.26,-0.01,99.6,446.3,9.0
27.09,CARRY,5.45,-0.02,-9.58,7.29,-0.01,1,0,321.0,234.0,6.1,0.12,0.02,50.7,13.26,-0.01,100.0,446.0,8.812
27.14,CARRY,5.47,-0.02,-9.58,7.3,-0.01,1,0,321.0,234.5,5.6,0.11,0.02,50.0,13.26,-0.01,100.4,445.7,8.688
27.19,CARRY,5.47,-0.02,-9.58,7.31,-0.01,1,0,321.0,234.0,6.1,0.12,0.02,48.9,13.26,-0.01,100.7,445.2,8.75
27.24,CARRY,5.48,-0.02,-9.58,7.33,-0.01,1,0,321.0,234.5,5.6,0.11,0.02,49.7,13.26,-0.01,101.1,444.9,8.625
27.29,CARRY,5.48,-0.02,-9.58,7.34,-0.01,1,0,321.0,234.0,6.1,0.12,0.02,50.2,13.26,-0.01,101.4,444.4,8.625
27.35,CARRY,5.5,-0.02,-9.58,7.35,-0.01,1,0,321.0,234.0,6.1,0.12,0.02,49.1,13.26,-0.01,101.3,443.6,8.562
27.4,CARRY,5.5,-0.02,-9.58,7.36,-0.01,1,0,321.0,234.0,6.1,0.12,0.02,48.5,13.26,-0.01,102.0,443.6,8.562
27.45,CARRY,5.51,-0.02,-9.58,7.38,-0.01,1,0,321.0,234.0,6.1,0.12,0.02,48.5,13.26,-0.01,102.0,442.9,8.562
27.5,CARRY,5.51,-0.02,-9.58,7.39,-0.01,1,0,321.5,233.5,6.7,0.13,0.03,47.7,13.26,-0.01,102.2,442.3,8.375
27.55,CARRY,5.52,-0.02,-9.58,7.4,-0.01,1,0,321.5,234.0,6.2,0.12,0.03,48.6,13.26,-0.01,102.7,442.1,8.375
27.6,CARRY,5.52,-0.02,-9.58,7.41,-0.01,1,0,321.5,234.0,6.2,0.12,0.03,49.8,13.26,-0.01,103.4,442.1,8.5
27.65,CARRY,5.53,-0.02,-9.58,7.43,-0.01,1,0,321.5,234.5,5.7,0.11,0.03,48.6,13.26,-0.01,103.9,441.9,8.562
27.7,CARRY,5.53,-0.02,-9.58,7.44,-0.01,1,0,321.5,234.0,6.2,0.12,0.03,47.8,13.26,-0.01,104.1,441.4,8.562
27.75,CARRY,5.55,-0.02,-9.58,7.45,-0.01,1,0,321.5,234.5,5.7,0.11,0.03,48.9,13.26,-0.01,104.6,441.1,8.562
27.8,CARRY,5.55,-0.02,-9.58,7.46,-0.01,1,0,321.5,234.5,5.7,0.11,0.03,48.6,13.26,-0.01,105.4,441.1,8.562
27.85,CARRY,5.56,-0.02,-9.58,7.48,-0.01,1,0,321.5,234.5,5.7,0.11,0.03,49.5,13.26,-0.01,105.4,440.4,8.5
27.9,CARRY,5.56,-0.02,-9.58,7.49,-0.01,1,0,321.5,233.5,6.7,0.13,0.03,50.3,13.26,-0.01,105.1,439.4,8.5
27.95,CARRY,5.57,-0.02,-9.58,7.5,-0.01,1,0,321.5,234.0,6.2,0.12,0.03,49.2,13.26,-0.01,105.6,439.2,8.375
28.0,CARRY,5.57,-0.02,-9.58,7.51,-0.01,1,0,321.0,233.5,6.6,0.13,0.02,48.0,13.26,-0.01,105.9,438.8,8.375
28.05,CARRY,5.58,-0.02,-9.58,7.53,-0.01,1,0,321.0,234.0,6.1,0.12,0.02,48.6,13.26,-0.01,106.5,438.6,8.25
28.1,CARRY,5.58,-0.02,-9.58,7.54,-0.01,1,0,321.0,233.5,6.6,0.13,0.02,47.9,13.26,-0.01,106.7,438.1,8.312
28.15,CARRY,5.6,-0.02,-9.58,7.55,-0.01,1,0,321.0,234.0,6.1,0.12,0.02,48.5,13.26,-0.01,107.2,437.8,8.188
28.2,CARRY,5.6,-0.02,-9.58,7.56,-0.01,1,0,321.0,233.5,6.6,0.13,0.02,50.2,13.26,-0.01,107.4,437.4,8.188
28.25,CARRY,5.61,-0.02,-9.58,7.58,-0.01,1,0,321.0,234.0,6.1,0.12,0.02,48.6,13.26,-0.01,107.9,437.1,8.062
28.3,CARRY,5.61,-0.02,-9.58,7.59,-0.01,1,0,321.0,233.5,6.6,0.13,0.02,48.3,13.26,-0.01,108.2,436.6,8.062
28.35,CARRY,5.62,-0.02,-9.58,7.6,-0.01,1,0,320.5,234.0,6.0,0.12,0.01,49.0,13.26,-0.01,108.7,436.5,7.906
28.4,CARRY,5.62,-0.02,-9.58,7.61,-0.01,1,0,321.0,233.5,6.6,0.13,0.02,49.7,13.26,-0.01,108.9,435.9,7.75
28.45,CARRY,5.63,-0.02,-9.58,7.63,-0.01,1,0,321.0,234.0,6.1,0.12,0.02,48.6,13.26,-0.01,109.4,435.7,7.812
28.5,CARRY,5.63,-0.02,-9.58,7.64,-0.01,1,0,321.0,233.5,6.6,0.13,0.02,50.4,13.26,-0.01,109.6,435.2,7.719
28.55,CARRY,5.64,-0.01,-9.58,7.65,-0.01,1,0,321.0,234.0,6.1,0.12,0.02,48.7,13.26,-0.01,110.1,435.0,7.625
28.6,CARRY,5.64,-0.01,-9.58,7.67,-0.01,1,0,320.5,234.0,6.0,0.12,0.01,48.7,13.26,-0.01,110.9,435.0,7.531
28.65,CARRY,5.66,-0.01,-9.58,7.68,-0.01,1,0,320.5,235.0,5.0,0.1,0.01,48.8,13.26,-0.01,111.9,435.3,7.406
28.7,CARRY,5.66,-0.01,-9.58,7.69,-0.01,1,0,320.5,234.5,5.5,0.11,0.01,48.4,13.26,-0.01,112.2,434.8,7.188
28.75,CARRY,5.67,-0.01,-9.58,7.7,-0.01,1,0,320.5,234.5,5.5,0.11,0.01,48.6,13.26,-0.01,112.2,434.1,7.25
28.8,CARRY,5.67,-0.01,-9.58,7.72,-0.01,1,0,320.5,234.0,6.0,0.12,0.01,50.1,13.26,-0.01,112.4,433.6,7.125
28.85,CARRY,5.68,-0.01,-9.58,7.73,-0.01,1,0,320.0,234.5,5.5,0.11,0.0,48.7,13.26,-0.01,113.0,433.5,6.812
28.9,CARRY,5.68,-0.01,-9.58,7.74,-0.01,1,0,320.0,234.0,6.0,0.12,0.0,48.1,13.26,-0.01,113.2,433.0,6.562
28.95,CARRY,5.69,-0.01,-9.58,7.75,-0.01,1,0,320.5,234.5,5.5,0.11,0.01,48.5,13.26,-0.01,113.7,432.7,6.156
29.0,CARRY,5.69,-0.01,-9.58,7.77,-0.01,1,0,320.5,234.5,5.5,0.11,0.01,48.1,13.26,-0.01,114.4,432.7,6.219
29.05,CARRY,5.71,-0.01,-9.58,7.78,-0.01,1,0,320.5,234.5,5.5,0.11,0.01,48.4,13.26,-0.01,114.4,432.0,6.344
29.1,CARRY,5.71,-0.01,-9.58,7.79,-0.01,1,0,320.0,233.5,6.5,0.13,0.0,49.9,13.26,-0.01,114.2,431.1,6.094
29.15,CARRY,5.72,-0.01,-9.58,7.8,-0.01,1,0,320.0,234.5,5.5,0.11,0.0,48.4,13.26,-0.01,115.3,431.4,5.719
29.2,CARRY,5.72,-0.01,-9.58,7.82,-0.01,1,0,320.5,234.0,6.0,0.12,0.01,48.0,13.26,-0.01,115.4,430.8,5.438
29.25,CARRY,5.73,-0.01,-9.58,7.83,-0.01,1,0,320.5,234.0,6.0,0.12,0.01,48.4,13.26,-0.01,115.5,430.2,4.656
29.3,CARRY,5.73,-0.01,-9.58,7.84,-0.01,1,0,320.5,233.5,6.5,0.13,0.01,48.1,13.26,-0.01,115.7,429.7,3.922
29.35,CARRY,5.74,-0.01,-9.58,7.85,-0.01,1,0,321.0,233.5,6.6,0.13,0.02,49.0,13.26,-0.01,115.7,428.9,3.688
29.41,CARRY,5.74,-0.01,-9.58,7.87,-0.01,1,0,321.5,233.5,6.7,0.13,0.03,50.2,13.26,-0.01,116.4,428.9,1.562
29.46,CARRY,5.75,-0.01,-9.58,7.88,-0.01,1,0,,,,0.225,0.036,48.5,13.26,-0.01,,,-1.812
29.51,CARRY,5.75,-0.01,-9.58,7.89,-0.01,1,0,,,,0.232,0.037,47.7,13.26,-0.01,,,-2.359
29.56,CARRY,5.76,-0.01,-9.58,7.9,-0.01,1,0,,,,0.232,0.037,48.6,13.26,-0.01,,,-2.875
29.61,CARRY,5.76,-0.01,-9.58,7.92,-0.01,1,0,,,,0.238,0.037,47.8,13.26,-0.01,,,-3.156
29.66,CARRY,5.78,-0.01,-9.58,7.93,-0.01,1,0,,,,0.238,0.037,48.3,13.26,-0.01,,,-3.266
29.71,CARRY,5.78,-0.01,-9.58,7.94,-0.01,1,0,,,,0.244,0.037,49.8,13.26,-0.01,,,-3.219
29.76,CARRY,5.79,-0.01,-9.58,7.95,-0.01,1,0,,,,0.244,0.037,48.7,13.26,-0.01,,,-2.688
29.81,CARRY,5.79,-0.01,-9.58,7.97,-0.01,1,0,,,,0.25,0.038,47.7,13.26,-0.01,,,-2.875
29.86,CARRY,5.8,-0.01,-9.58,7.98,-0.01,1,0,,,,0.248,0.037,48.6,13.26,-0.01,,,-2.703
29.91,CARRY,5.8,-0.01,-9.58,7.99,-0.01,1,0,,,,0.254,0.038,47.8,13.26,-0.01,,,-3.062
29.96,CARRY,5.82,-0.01,-9.58,8.0,-0.01,1,0,,,,0.252,0.037,48.6,13.26,-0.01,,,-3.141
30.01,CARRY,5.82,-0.01,-9.58,8.02,-0.01,1,1,,,,0.258,0.037,49.7,13.26,-0.01,,,-3.375
30.06,CARRY,5.84,-0.01,-9.58,8.03,-0.01,1,1,,,,0.255,0.036,49.0,13.26,-0.01,,,-3.547
30.11,CARRY,5.84,-0.01,-9.58,8.04,-0.01,1,1,,,,0.261,0.037,47.6,13.26,-0.01,,,-3.672
30.16,CARRY,5.86,-0.01,-9.58,8.05,-0.01,1,1,,,,0.257,0.036,48.7,13.26,-0.01,,,-3.766
30.21,CARRY,5.86,-0.01,-9.58,8.07,-0.01,1,1,,,,0.263,0.036,47.6,13.26,-0.01,,,-3.266
30.26,CARRY,5.88,-0.0,-9.58,8.08,-0.01,1,1,,,,0.258,0.035,48.7,13.26,-0.01,,,-3.594
30.31,CARRY,5.88,-0.0,-9.58,8.09,-0.01,1,1,,,,0.264,0.036,49.7,13.26,-0.01,,,-3.547
30.36,CARRY,5.91,-0.0,-9.58,8.1,-0.01,1,1,,,,0.259,0.035,49.0,13.26,-0.01,,,-3.469
30.41,CARRY,5.91,-0.0,-9.58,8.12,-0.01,1,1,,,,0.265,0.035,47.8,13.26,-0.01,,,-3.359
30.46,CARRY,5.93,-0.0,-9.58,8.13,-0.01,1,1,,,,0.259,0.034,48.6,13.26,-0.01,,,-3.109
30.51,CARRY,5.93,-0.0,-9.58,8.14,-0.01,1,1,,,,0.265,0.035,48.7,13.26,-0.01,,,-3.094
30.56,CARRY,5.95,-0.0,-9.58,8.15,-0.01,1,1,,,,0.259,0.033,49.0,13.26,-0.01,,,-3.234
30.61,CARRY,5.95,-0.0,-9.58,8.17,-0.01,1,1,,,,0.265,0.034,49.8,13.26,-0.01,,,-3.281
30.66,CARRY,5.98,-0.0,-9.58,8.18,-0.01,1,1,,,,0.259,0.033,49.1,13.26,-0.01,,,-3.484
30.71,CARRY,5.98,-0.0,-9.58,8.19,-0.01,1,1,,,,0.265,0.033,47.7,13.26,-0.01,,,-3.484
30.76,CARRY,6.0,-0.0,-9.58,8.2,-0.01,1,1,,,,0.259,0.032,49.0,13.26,-0.01,,,-3.531
30.81,CARRY,6.0,-0.0,-9.58,8.22,-0.01,1,1,,,,0.265,0.033,47.7,13.26,-0.01,,,-3.484
30.86,CARRY,6.03,-0.0,-9.58,8.23,-0.01,1,1,,,,0.259,0.032,51.0,13.26,-0.01,,,-3.75
30.91,CARRY,6.03,-0.0,-9.58,8.24,-0.01,1,1,,,,0.265,0.032,49.7,13.26,-0.01,,,-3.625
30.96,CARRY,6.05,-0.0,-9.58,8.26,-0.01,1,1,,,,0.258,0.031,51.0,13.26,-0.01,,,-3.297
31.01,CARRY,6.05,-0.0,-9.58,8.27,-0.01,1,1,,,,0.264,0.032,50.7,13.26,-0.01,,,-3.266
31.07,CARRY,6.08,-0.0,-9.58,8.28,-0.01,1,1,,,,0.258,0.031,53.3,13.26,-0.01,,,-3.047
31.12,CARRY,6.08,-0.0,-9.58,8.29,-0.01,1,1,,,,0.264,0.031,49.5,13.26,-0.01,,,-3.125
31.17,CARRY,6.11,-0.0,-9.58,8.31,-0.01,1,1,,,,0.258,0.031,49.8,13.26,-0.01,,,-3.062
31.22,CARRY,6.11,-0.0,-9.58,8.32,-0.01,1,1,,,,0.264,0.031,47.9,13.26,-0.01,,,-3.125
31.27,CARRY,6.13,-0.0,-9.58,8.33,-0.01,1,1,,,,0.257,0.03,49.0,13.26,-0.01,,,-3.328
31.32,CARRY,6.13,-0.0,-9.58,8.34,-0.01,1,1,,,,0.263,0.031,51.9,13.26,-0.01,,,-3.281
31.37,CARRY,6.16,-0.0,-9.58,8.36,-0.01,1,1,,,,0.256,0.03,52.6,13.26,-0.01,,,-3.812
31.43,CARRY,6.16,-0.0,-9.58,8.37,-0.01,1,1,,,,0.263,0.03,51.2,13.26,-0.01,,,-3.688
31.48,CARRY,6.18,-0.0,-9.58,8.38,-0.01,1,1,,,,0.256,0.03,52.3,13.26,-0.01,,,-3.672
31.53,CARRY,6.18,-0.0,-9.58,8.4,-0.01,1,1,,,,0.263,0.03,50.1,13.26,-0.01,,,-3.688
31.58,CARRY,6.21,-0.0,-9.58,8.41,-0.01,1,1,,,,0.256,0.029,49.2,13.26,-0.01,,,-3.734
31.63,CARRY,6.21,-0.0,-9.58,8.42,-0.01,1,1,,,,0.262,0.03,47.8,13.26,-0.01,,,-3.766
31.68,CARRY,6.24,-0.0,-9.58,8.44,-0.01,1,1,,,,0.255,0.029,50.8,13.26,-0.01,,,-3.766
31.74,CARRY,6.24,-0.0,-9.58,8.45,-0.01,1,1,,,,0.261,0.03,50.7,13.26,-0.01,,,-3.766
31.79,CARRY,6.26,-0.0,-9.58,8.46,-0.01,1,1,,,,0.255,0.029,49.4,13.26,-0.01,,,-3.859
31.84,CARRY,6.26,-0.0,-9.58,8.47,-0.01,1,1,,,,0.261,0.029,52.5,13.26,-0.01,,,-3.844
31.89,CARRY,6.29,-0.0,-9.58,8.49,-0.01,1,1,,,,0.254,0.028,50.8,13.26,-0.01,,,-4.031
31.94,CARRY,6.31,-0.0,-9.58,8.5,-0.01,1,1,,,,0.247,0.028,48.8,13.26,-0.01,,,-3.781
31.99,CARRY,6.31,-0.0,-9.58,8.51,-0.01,1,1,,,,0.254,0.028,49.3,13.26,-0.01,,,-3.812
32.04,CARRY,6.34,-0.0,-9.58,8.53,-0.01,1,1,,,,0.247,0.027,50.5,13.26,-0.01,,,-3.766
32.09,CARRY,6.34,-0.0,-9.58,8.54,-0.01,1,1,,,,0.253,0.028,47.8,13.26,-0.01,,,-3.781
32.14,CARRY,6.34,-0.0,-9.58,8.55,-0.01,1,1,,,,0.259,0.028,50.8,13.26,-0.01,,,-3.812
32.2,CARRY,6.37,-0.01,-9.58,8.56,-0.01,1,1,,,,0.253,0.028,48.8,13.26,-0.01,,,-3.719
32.25,CARRY,6.39,-0.01,-9.58,8.58,-0.01,1,1,,,,0.246,0.027,48.2,13.26,-0.01,,,-3.797
32.3,CARRY,6.39,-0.01,-9.58,8.59,-0.01,1,1,,,,0.252,0.027,50.0,13.26,-0.01,,,-3.797
32.35,CARRY,6.42,-0.01,-9.58,8.6,-0.01,1,1,,,,0.245,0.026,50.9,13.26,-0.01,,,-4.0
32.4,CARRY,6.42,-0.01,-9.58,8.61,-0.01,1,1,,,,0.252,0.027,51.8,13.26,-0.01,,,-3.969
32.45,REGROUND,6.44,-0.01,-9.58,8.63,-0.01,1,1,,,,0.246,0.026,56.6,13.26,-0.01,,,-3.875
32.51,REGROUND,6.44,-0.01,-9.58,8.64,-0.01,1,1,,,,0.253,0.027,2.9,13.26,-0.01,,,
32.56,REGROUND,6.47,-0.01,-9.58,8.65,-0.01,1,1,,,,0.246,0.026,1.5,13.26,-0.01,,,
32.61,REGROUND,6.47,-0.01,-9.58,8.67,-0.01,1,1,,,,0.252,0.026,1.0,13.26,-0.01,,,
32.66,REGROUND,6.49,-0.01,-9.58,8.68,-0.01,1,1,,,,0.246,0.026,1.6,13.26,-0.01,,,
32.71,REGROUND,6.49,-0.01,-9.58,8.69,-0.01,1,1,,,,0.252,0.026,0.8,13.26,-0.01,,,
32.76,REGROUND,6.52,-0.01,-9.58,8.7,-0.01,1,1,,,,0.245,0.025,1.5,13.26,-0.01,,,
32.81,REGROUND,6.52,-0.01,-9.58,8.72,-0.01,1,1,,,,0.251,0.026,0.9,13.26,-0.01,,,
32.86,REGROUND,6.54,-0.01,-9.58,8.73,-0.01,1,1,,,,0.245,0.025,1.5,13.26,-0.01,,,
32.91,REGROUND,6.54,-0.01,-9.58,8.74,-0.01,1,1,,,,0.251,0.026,0.9,13.26,-0.01,,,
32.96,REGROUND,6.57,-0.01,-9.58,8.75,-0.01,1,1,,,,0.245,0.025,1.7,13.26,-0.01,,,
33.01,REGROUND,6.57,-0.01,-9.58,8.77,-0.01,1,1,,,,0.251,0.025,1.0,13.26,-0.01,,,
33.06,REGROUND,6.59,-0.01,-9.58,8.78,-0.01,1,1,,,,0.244,0.025,1.6,13.26,-0.01,,,
33.11,REGROUND,6.59,-0.01,-9.58,8.79,-0.01,1,1,,,,0.25,0.025,1.0,13.26,-0.01,,,
33.16,REGROUND,6.62,-0.01,-9.58,8.8,-0.01,1,1,,,,0.244,0.024,1.6,13.26,-0.01,,,
33.21,REGROUND,6.62,-0.01,-9.58,8.82,-0.01,1,1,,,,0.25,0.025,1.0,13.26,-0.01,,,
33.26,REGROUND,6.64,-0.01,-9.58,8.83,-0.01,1,1,,,,0.244,0.024,1.6,13.26,-0.01,,,
33.31,REGROUND,6.64,-0.01,-9.58,8.84,-0.01,1,1,,,,0.25,0.025,0.8,13.26,-0.01,,,
33.36,REGROUND,6.67,-0.01,-9.58,8.85,-0.01,1,1,,,,0.243,0.024,1.5,13.26,-0.01,,,
33.41,REGROUND,6.67,-0.01,-9.58,8.87,-0.01,1,1,,,,0.249,0.024,0.9,13.26,-0.01,,,
33.46,REGROUND,6.69,-0.01,-9.58,8.88,-0.01,1,1,,,,0.243,0.024,1.5,13.26,-0.01,,,
33.51,REGROUND,6.69,-0.01,-9.58,8.89,-0.01,1,1,,,,0.249,0.024,0.9,13.26,-0.01,,,
33.56,REGROUND,6.72,-0.01,-9.58,8.9,-0.01,1,1,,,,0.243,0.023,1.5,13.26,-0.01,,,
33.61,REGROUND,6.72,-0.01,-9.58,8.92,-0.01,1,1,,,,0.249,0.024,0.9,13.26,-0.01,,,
33.66,REGROUND,6.74,-0.01,-9.58,8.93,-0.01,1,1,,,,0.242,0.023,1.6,13.26,-0.01,,,
33.71,REGROUND,6.74,-0.01,-9.58,8.94,-0.01,1,1,,,,0.248,0.024,1.0,13.26,-0.01,,,
33.76,REGROUND,6.77,-0.01,-9.58,8.95,-0.01,1,1,,,,0.242,0.023,1.6,13.26,-0.01,,,
33.81,REGROUND,6.77,-0.01,-9.58,8.97,-0.01,1,1,,,,0.248,0.024,1.0,13.26,-0.01,,,
33.86,REGROUND,6.79,-0.01,-9.58,8.98,-0.01,1,1,,,,0.241,0.023,1.6,13.26,-0.01,,,
33.91,REGROUND,6.79,-0.01,-9.58,8.99,-0.01,1,1,,,,0.247,0.024,1.0,13.26,-0.01,,,
33.96,REGROUND,6.82,-0.01,-9.58,9.0,-0.01,1,1,,,,0.241,0.023,1.6,13.26,-0.01,,,
34.01,REGROUND,6.82,-0.01,-9.58,9.02,-0.01,1,1,,,,0.247,0.024,1.0,13.26,-0.01,,,
34.06,REGROUND,6.85,-0.01,-9.58,9.03,-0.01,1,1,,,,0.24,0.023,1.5,13.26,-0.01,,,
34.11,REGROUND,6.85,-0.01,-9.58,9.04,-0.01,1,1,,,,0.246,0.024,0.9,13.26,-0.01,,,
34.16,REGROUND,6.87,-0.01,-9.58,9.05,-0.01,1,1,,,,0.24,0.023,1.5,13.26,-0.01,,,
34.21,REGROUND,6.87,-0.01,-9.58,9.07,-0.01,1,1,,,,0.246,0.024,0.9,13.26,-0.01,,,
34.26,REGROUND,6.9,-0.02,-9.58,9.08,-0.01,1,1,,,,0.24,0.023,1.5,13.26,-0.01,,,
34.31,REGROUND,6.9,-0.02,-9.58,9.09,-0.01,1,1,,,,0.246,0.024,0.9,13.26,-0.01,,,
34.36,REGROUND,6.92,-0.02,-9.58,9.1,-0.01,1,1,,,,0.239,0.023,1.6,13.26,-0.01,,,
34.41,REGROUND,6.92,-0.02,-9.58,9.12,-0.01,1,1,,,,0.245,0.024,1.0,13.26,-0.01,,,
34.46,REGROUND,6.95,-0.02,-9.58,9.13,-0.01,1,1,,,,0.239,0.023,1.7,13.26,-0.01,,,
34.51,REGROUND,6.95,-0.02,-9.58,9.14,-0.01,1,1,,,,0.245,0.024,1.0,13.26,-0.01,,,
34.56,REGROUND,6.97,-0.02,-9.58,9.15,-0.01,1,1,,,,0.238,0.024,1.5,13.26,-0.01,,,
34.61,REGROUND,6.97,-0.02,-9.58,9.17,-0.01,1,1,,,,0.245,0.024,1.0,13.26,-0.01,,,
34.66,REGROUND,7.0,-0.02,-9.58,9.18,-0.01,1,1,,,,0.238,0.024,1.6,13.26,-0.01,,,
34.71,REGROUND,7.0,-0.02,-9.58,9.19,-0.01,1,1,,,,0.244,0.024,1.0,13.26,-0.01,,,
34.76,REGROUND,7.02,-0.02,-9.58,9.2,-0.01,1,1,,,,0.238,0.024,1.4,13.26,-0.01,,,
34.81,REGROUND,7.02,-0.02,-9.58,9.22,-0.01,1,1,,,,0.244,0.025,0.9,13.26,-0.01,,,
34.86,REGROUND,7.04,-0.02,-9.58,9.23,-0.01,1,1,,,,0.238,0.024,3.6,13.26,-0.01,,,
34.91,REGROUND,7.04,-0.02,-9.58,9.24,-0.01,1,1,,,,0.244,0.025,0.9,13.26,-0.01,,,
34.96,REGROUND,7.07,-0.02,-9.58,9.26,-0.01,1,1,,,,0.238,0.025,1.5,13.26,-0.01,,,
35.01,REGROUND,7.07,-0.02,-9.58,9.27,-0.01,1,0,,,,0.244,0.025,0.9,13.26,-0.01,,,
35.06,REGROUND,7.09,-0.02,-9.58,9.28,-0.01,1,0,,,,0.238,0.025,1.5,13.26,-0.01,,,
35.11,REGROUND,7.09,-0.02,-9.58,9.29,-0.01,1,0,,,,0.244,0.025,1.0,13.26,-0.01,,,
35.16,REGROUND,7.12,-0.03,-9.58,9.31,-0.01,1,0,,,,0.238,0.025,1.6,13.26,-0.01,,,
35.21,REGROUND,7.12,-0.03,-9.58,9.32,-0.01,1,0,,,,0.244,0.026,1.0,13.26,-0.01,,,
35.26,REGROUND,7.14,-0.03,-9.58,9.33,-0.01,1,0,,,,0.238,0.025,1.6,13.26,-0.01,,,
35.31,REGROUND,7.14,-0.03,-9.58,9.34,-0.01,1,0,,,,0.244,0.026,1.0,13.26,-0.01,,,
35.36,REGROUND,7.17,-0.03,-9.58,9.36,-0.01,1,0,,,,0.238,0.025,1.4,13.26,-0.01,,,
35.41,REGROUND,7.17,-0.03,-9.58,9.37,-0.01,1,0,,,,0.244,0.026,1.0,13.26,-0.01,,,
35.46,REGROUND,7.19,-0.03,-9.58,9.38,-0.01,1,0,,,,0.238,0.025,1.6,13.26,-0.01,,,
35.51,REGROUND,7.19,-0.03,-9.58,9.39,-0.01,1,0,,,,0.244,0.026,0.8,13.26,-0.01,,,
35.56,REGROUND,7.22,-0.03,-9.58,9.41,-0.01,1,0,,,,0.238,0.026,1.5,13.26,-0.01,,,
35.61,REGROUND,7.22,-0.03,-9.58,9.42,-0.01,1,0,,,,0.244,0.026,0.9,13.26,-0.01,,,
35.66,REGROUND,7.24,-0.03,-9.58,9.43,-0.01,1,0,,,,0.238,0.026,1.5,13.26,-0.01,,,
35.71,REGROUND,7.24,-0.03,-9.58,9.44,-0.01,1,0,,,,0.244,0.026,0.9,13.26,-0.01,,,
35.76,REGROUND,7.26,-0.03,-9.58,9.46,-0.01,1,0,,,,0.238,0.026,1.6,13.26,-0.01,,,
35.81,REGROUND,7.26,-0.03,-9.58,9.47,-0.01,1,0,,,,0.244,0.026,1.0,13.26,-0.01,,,
35.86,REGROUND,7.29,-0.03,-9.58,9.48,-0.01,1,0,,,,0.238,0.026,1.5,13.26,-0.01,,,
35.91,REGROUND,7.29,-0.03,-9.58,9.49,-0.01,1,0,,,,0.244,0.026,1.0,13.26,-0.01,,,
35.96,REGROUND,7.31,-0.03,-9.58,9.51,-0.01,1,0,,,,0.238,0.026,1.6,13.26,-0.01,,,
36.01,REGROUND,7.31,-0.03,-9.58,9.52,-0.01,1,0,,,,0.244,0.026,1.0,13.26,-0.01,,,
36.06,REGROUND,7.34,-0.03,-9.58,9.53,-0.01,1,0,,,,0.238,0.026,1.5,13.26,-0.01,,,
36.11,REGROUND,7.34,-0.03,-9.58,9.54,-0.01,1,0,,,,0.244,0.026,1.0,13.26,-0.01,,,
36.16,REGROUND,7.36,-0.03,-9.58,9.56,-0.01,1,0,,,,0.238,0.026,1.6,13.26,-0.01,,,
36.21,REGROUND,7.36,-0.03,-9.58,9.57,-0.01,1,0,,,,0.244,0.026,0.9,13.26,-0.01,,,
36.26,REGROUND,7.38,-0.03,-9.58,9.58,-0.01,1,0,,,,0.239,0.025,1.5,13.26,-0.01,,,
36.31,REGROUND,7.38,-0.03,-9.58,9.59,-0.01,1,0,,,,0.245,0.026,0.9,13.26,-0.01,,,
36.36,REGROUND,7.41,-0.03,-9.58,9.61,-0.01,1,0,,,,0.239,0.025,1.5,13.26,-0.01,,,
36.41,REGROUND,7.41,-0.03,-9.58,9.62,-0.01,1,0,,,,0.245,0.026,0.9,13.26,-0.01,,,
36.46,REGROUND,7.43,-0.03,-9.58,9.63,-0.01,1,0,,,,0.239,0.025,1.6,13.26,-0.01,,,
36.51,REGROUND,7.43,-0.03,-9.58,9.64,-0.01,1,0,,,,0.245,0.026,0.8,13.26,-0.01,,,
36.56,REGROUND,7.46,-0.04,-9.58,9.66,-0.01,1,0,,,,0.238,0.025,1.4,13.26,-0.01,,,
36.61,REGROUND,7.46,-0.04,-9.58,9.67,-0.01,1,0,,,,0.244,0.025,1.0,13.26,-0.01,,,
36.66,REGROUND,7.48,-0.04,-9.58,9.68,-0.01,1,0,,,,0.238,0.024,1.6,13.26,-0.01,,,
36.71,REGROUND,7.48,-0.04,-9.58,9.69,-0.01,1,0,,,,0.244,0.025,1.0,13.26,-0.01,,,
36.76,REGROUND,7.51,-0.04,-9.58,9.71,-0.01,1,0,,,,0.238,0.024,1.6,13.26,-0.01,,,
36.81,REGROUND,7.51,-0.04,-9.58,9.72,-0.01,1,0,,,,0.244,0.025,0.9,13.26,-0.01,,,
36.86,REGROUND,7.53,-0.04,-9.58,9.73,-0.01,1,0,,,,0.238,0.024,1.5,13.26,-0.01,,,
36.91,REGROUND,7.53,-0.04,-9.58,9.74,-0.01,1,0,,,,0.244,0.024,1.0,13.26,-0.01,,,
36.96,REGROUND,7.56,-0.04,-9.58,9.76,-0.01,1,0,,,,0.238,0.024,1.6,13.26,-0.01,,,
37.01,REGROUND,7.56,-0.04,-9.58,9.77,-0.01,1,0,,,,0.244,0.024,0.9,13.26,-0.01,,,
37.06,REGROUND,7.58,-0.04,-9.58,9.78,-0.01,1,0,,,,0.238,0.023,1.4,13.26,-0.01,,,
37.11,REGROUND,7.58,-0.04,-9.58,9.79,-0.01,1,0,,,,0.244,0.024,0.9,13.26,-0.01,,,
37.17,REGROUND,7.6,-0.04,-9.58,9.81,-0.01,1,0,,,,0.238,0.023,1.4,13.26,-0.01,,,
37.22,REGROUND,7.6,-0.04,-9.58,9.82,-0.01,1,0,,,,0.244,0.024,3.1,13.26,-0.01,,,
37.27,REGROUND,7.63,-0.04,-9.58,9.83,-0.01,1,0,,,,0.238,0.023,1.6,13.26,-0.01,,,
37.32,REGROUND,7.63,-0.04,-9.58,9.84,-0.01,1,0,,,,0.244,0.023,0.9,13.26,-0.01,,,
37.37,REGROUND,7.65,-0.04,-9.58,9.86,-0.01,1,0,,,,0.238,0.023,1.6,13.26,-0.01,,,
37.42,REGROUND,7.65,-0.04,-9.58,9.87,-0.01,1,0,,,,0.244,0.023,1.0,13.26,-0.01,,,
37.47,REGROUND,7.68,-0.04,-9.58,9.88,-0.01,1,0,,,,0.239,0.022,1.7,13.26,-0.01,,,
37.52,REGROUND,7.68,-0.04,-9.58,9.89,-0.01,1,0,,,,0.245,0.023,1.0,13.26,-0.01,,,
37.57,REGROUND,7.7,-0.04,-9.58,9.91,-0.01,1,0,,,,0.239,0.022,1.8,13.26,-0.01,,,
37.62,REGROUND,7.7,-0.04,-9.58,9.92,-0.01,1,0,,,,0.245,0.023,1.0,13.26,-0.01,,,
37.67,REGROUND,7.73,-0.04,-9.58,9.93,-0.01,1,0,,,,0.239,0.022,1.5,13.26,-0.01,,,
37.72,REGROUND,7.73,-0.04,-9.58,9.94,-0.01,1,0,,,,0.245,0.023,0.9,13.26,-0.01,,,
37.77,REGROUND,7.75,-0.04,-9.58,9.96,-0.01,1,0,,,,0.239,0.022,1.6,13.26,-0.01,,,
37.82,REGROUND,7.75,-0.04,-9.58,9.97,-0.01,1,0,,,,0.245,0.023,0.9,13.26,-0.01,,,
37.87,REGROUND,7.77,-0.04,-9.58,9.98,-0.01,1,0,,,,0.239,0.022,1.5,13.26,-0.01,,,
37.92,REGROUND,7.77,-0.04,-9.58,9.99,-0.01,1,0,,,,0.245,0.022,1.0,13.26,-0.01,,,
37.97,REGROUND,7.8,-0.04,-9.58,10.01,-0.01,1,0,,,,0.239,0.022,1.6,13.26,-0.01,,,
38.02,REGROUND,7.8,-0.04,-9.58,10.02,-0.01,1,0,,,,0.245,0.022,1.0,13.26,-0.01,,,
38.07,REGROUND,7.82,-0.04,-9.58,10.03,-0.01,1,0,,,,0.239,0.022,1.6,13.26,-0.01,,,
38.12,REGROUND,7.82,-0.04,-9.58,10.04,-0.01,1,0,,,,0.245,0.022,1.0,13.26,-0.01,,,
38.17,REGROUND,7.85,-0.04,-9.58,10.06,-0.01,1,0,,,,0.239,0.022,1.7,13.26,-0.01,,,
38.22,REGROUND,7.85,-0.04,-9.58,10.07,-0.01,1,0,,,,0.245,0.022,1.0,13.26,-0.01,,,
38.27,REGROUND,7.87,-0.04,-9.58,10.08,-0.01,1,0,,,,0.239,0.022,1.6,13.26,-0.01,,,
38.32,REGROUND,7.87,-0.04,-9.58,10.09,-0.01,1,0,,,,0.245,0.022,1.0,13.26,-0.01,,,
38.37,REGROUND,7.9,-0.04,-9.58,10.11,-0.01,1,0,,,,0.239,0.022,1.6,13.26,-0.01,,,
38.42,REGROUND,7.9,-0.04,-9.58,10.12,-0.01,1,0,,,,0.245,0.022,0.9,13.26,-0.01,,,
38.47,REGROUND,7.92,-0.04,-9.58,10.13,-0.01,1,0,,,,0.24,0.021,1.5,13.26,-0.01,,,
38.52,REGROUND,7.92,-0.04,-9.58,10.14,-0.01,1,0,,,,0.246,0.022,0.9,13.26,-0.01,,,
38.57,REGROUND,7.94,-0.04,-9.58,10.16,-0.01,1,0,,,,0.24,0.021,1.4,13.26,-0.01,,,
38.62,REGROUND,7.94,-0.04,-9.58,10.17,-0.01,1,0,,,,0.246,0.022,1.0,13.26,-0.01,,,
38.67,REGROUND,7.97,-0.04,-9.58,10.18,-0.01,1,0,,,,0.24,0.021,1.4,13.26,-0.01,,,
38.72,REGROUND,7.97,-0.04,-9.58,10.19,-0.01,1,0,,,,0.246,0.022,1.0,13.26,-0.01,,,
38.77,REGROUND,7.99,-0.04,-9.58,10.21,-0.01,1,0,,,,0.24,0.021,1.6,13.26,-0.01,,,
38.82,REGROUND,7.99,-0.04,-9.58,10.22,-0.01,1,0,,,,0.246,0.022,1.0,13.26,-0.01,,,
38.87,REGROUND,8.02,-0.05,-9.58,10.23,-0.01,1,0,,,,0.24,0.021,1.6,13.26,-0.01,,,
38.92,REGROUND,8.02,-0.05,-9.58,10.24,-0.01,1,0,,,,0.246,0.022,1.0,13.26,-0.01,,,
38.97,REGROUND,8.04,-0.05,-9.58,10.26,-0.01,1,0,,,,0.24,0.021,1.6,13.26,-0.01,,,
39.02,REGROUND,8.04,-0.05,-9.58,10.27,-0.01,1,0,,,,0.246,0.022,1.0,13.26,-0.01,,,
39.07,REGROUND,8.06,-0.05,-9.58,10.28,-0.01,1,0,,,,0.24,0.021,1.4,13.26,-0.01,,,
39.12,REGROUND,8.06,-0.05,-9.58,10.29,-0.01,1,0,,,,0.246,0.022,0.9,13.26,-0.01,,,
39.17,REGROUND,8.09,-0.05,-9.58,10.31,-0.01,1,0,,,,0.24,0.022,1.5,13.26,-0.01,,,
39.22,REGROUND,8.09,-0.05,-9.58,10.32,-0.01,1,0,,,,0.246,0.022,0.9,13.26,-0.01,,,
39.27,REGROUND,8.11,-0.05,-9.58,10.33,-0.01,1,0,,,,0.24,0.022,1.6,13.26,-0.01,,,
39.32,REGROUND,8.11,-0.05,-9.58,10.34,-0.01,1,0,,,,0.246,0.022,0.8,13.26,-0.01,,,
39.37,REGROUND,8.14,-0.05,-9.58,10.36,-0.01,1,0,,,,0.24,0.022,1.6,13.26,-0.01,,,
39.42,REGROUND,8.14,-0.05,-9.58,10.37,-0.01,1,0,,,,0.246,0.022,1.0,13.26,-0.01,,,
39.47,REGROUND,8.16,-0.05,-9.58,10.38,-0.01,1,0,,,,0.24,0.022,4.0,13.26,-0.01,,,
39.52,REGROUND,8.16,-0.05,-9.58,10.39,-0.01,1,0,,,,0.246,0.023,1.0,13.26,-0.01,,,
39.57,REGROUND,8.19,-0.05,-9.58,10.41,-0.01,1,0,,,,0.24,0.022,1.6,13.26,-0.01,,,
39.62,REGROUND,8.19,-0.05,-9.58,10.42,-0.01,1,0,,,,0.246,0.023,1.0,13.26,-0.01,,,
39.67,REGROUND,8.21,-0.05,-9.58,10.43,-0.01,1,0,,,,0.24,0.022,1.6,13.26,-0.01,,,
39.72,REGROUND,8.21,-0.05,-9.58,10.44,-0.01,1,0,,,,0.246,0.023,0.9,13.26,-0.01,,,
39.77,REGROUND,8.23,-0.05,-9.58,10.46,-0.01,1,0,,,,0.24,0.023,1.5,13.26,-0.01,,,
39.82,REGROUND,8.23,-0.05,-9.58,10.47,-0.01,1,0,,,,0.246,0.023,0.9,13.26,-0.01,,,
39.87,REGROUND,8.26,-0.06,-9.58,10.48,-0.01,1,0,,,,0.24,0.023,1.5,13.26,-0.01,,,
39.92,REGROUND,8.26,-0.06,-9.58,10.49,-0.01,1,0,,,,0.246,0.023,1.0,13.26,-0.01,,,
39.97,REGROUND,8.28,-0.06,-9.58,10.51,-0.01,1,0,,,,0.24,0.023,1.5,13.26,-0.01,,,
40.02,REGROUND,8.28,-0.06,-9.58,10.52,-0.01,1,0,,,,0.246,0.024,1.0,13.26,-0.01,,,
40.07,REGROUND,8.31,-0.06,-9.58,10.53,-0.01,1,0,,,,0.24,0.023,1.6,13.26,-0.01,,,
40.12,REGROUND,8.31,-0.06,-9.58,10.54,-0.01,1,0,,,,0.246,0.024,1.0,13.26,-0.01,,,
40.17,REGROUND,8.33,-0.06,-9.58,10.56,-0.01,1,0,,,,0.239,0.023,1.6,13.26,-0.01,,,
40.22,REGROUND,8.33,-0.06,-9.58,10.57,-0.01,1,0,,,,0.245,0.024,1.0,13.26,-0.01,,,
40.27,REGROUND,8.36,-0.06,-9.58,10.58,-0.01,1,0,,,,0.239,0.024,1.6,13.26,-0.01,,,
40.32,REGROUND,8.36,-0.06,-9.58,10.59,-0.01,1,0,,,,0.245,0.024,0.8,13.26,-0.01,,,
40.37,REGROUND,8.38,-0.06,-9.58,10.61,-0.01,1,0,,,,0.239,0.024,1.6,13.26,-0.01,,,
40.42,REGROUND,8.38,-0.06,-9.58,10.62,-0.01,1,0,,,,0.245,0.024,0.9,13.26,-0.01,,,
40.47,REGROUND,8.41,-0.06,-9.58,10.63,-0.01,1,0,,,,0.239,0.024,1.5,13.26,-0.01,,,
40.52,REGROUND,8.41,-0.06,-9.58,10.64,-0.01,1,0,,,,0.245,0.024,0.8,13.26,-0.01,,,
40.57,REGROUND,8.43,-0.06,-9.58,10.66,-0.01,1,0,,,,0.239,0.024,1.5,13.26,-0.01,,,
40.62,REGROUND,8.43,-0.06,-9.58,10.67,-0.01,1,0,,,,0.245,0.024,0.9,13.26,-0.01,,,
40.67,REGROUND,8.45,-0.06,-9.58,10.68,-0.01,1,0,,,,0.239,0.024,1.4,13.26,-0.01,,,
40.72,REGROUND,8.45,-0.06,-9.58,10.69,-0.01,1,0,,,,0.245,0.025,1.0,13.26,-0.01,,,
40.77,REGROUND,8.48,-0.07,-9.58,10.71,-0.01,1,0,,,,0.239,0.024,1.6,13.26,-0.01,,,
40.82,REGROUND,8.48,-0.07,-9.58,10.72,-0.01,1,0,,,,0.245,0.025,1.0,13.26,-0.01,,,
40.87,REGROUND,8.5,-0.07,-9.58,10.73,-0.01,1,0,,,,0.239,0.025,1.6,13.26,-0.01,,,
40.92,REGROUND,8.5,-0.07,-9.58,10.74,-0.01,1,0,,,,0.245,0.025,1.0,13.26,-0.01,,,
40.97,REGROUND,8.53,-0.07,-9.58,10.76,-0.01,1,0,,,,0.239,0.025,1.7,13.26,-0.01,,,
41.02,REGROUND,8.53,-0.07,-9.58,10.77,-0.01,1,0,,,,0.245,0.025,1.0,13.26,-0.01,,,
41.07,REGROUND,8.55,-0.07,-9.58,10.78,-0.01,1,0,,,,0.239,0.025,1.5,13.26,-0.01,,,
41.12,REGROUND,8.55,-0.07,-9.58,10.79,-0.01,1,0,,,,0.245,0.026,0.9,13.26,-0.01,,,
41.17,REGROUND,8.58,-0.07,-9.58,10.81,-0.01,1,0,,,,0.239,0.025,1.6,13.26,-0.01,,,
41.22,REGROUND,8.58,-0.07,-9.58,10.82,-0.01,1,0,,,,0.245,0.026,0.9,13.26,-0.01,,,
41.27,REGROUND,8.6,-0.07,-9.58,10.83,-0.01,1,0,,,,0.239,0.025,1.6,13.26,-0.01,,,
41.32,REGROUND,8.6,-0.07,-9.58,10.84,-0.01,1,0,,,,0.245,0.026,1.0,13.26,-0.01,,,
41.37,REGROUND,8.63,-0.07,-9.58,10.86,-0.01,1,0,,,,0.238,0.025,1.6,13.26,-0.01,,,
41.42,REGROUND,8.63,-0.07,-9.58,10.87,-0.01,1,0,,,,0.244,0.026,0.9,13.26,-0.01,,,
41.47,REGROUND,8.65,-0.07,-9.58,10.88,-0.01,1,0,,,,0.238,0.025,1.6,13.26,-0.01,,,
41.52,REGROUND,8.65,-0.07,-9.58,10.89,-0.01,1,0,,,,0.244,0.026,1.0,13.26,-0.01,,,
41.57,REGROUND,8.68,-0.07,-9.58,10.91,-0.01,1,0,,,,0.238,0.025,1.7,13.26,-0.01,,,
41.62,REGROUND,8.68,-0.07,-9.58,10.92,-0.01,1,0,,,,0.244,0.026,1.0,13.26,-0.01,,,
41.67,REGROUND,8.7,-0.07,-9.58,10.93,-0.01,1,0,,,,0.238,0.025,1.7,13.26,-0.01,,,
41.72,REGROUND,8.7,-0.07,-9.58,10.94,-0.01,1,0,,,,0.245,0.026,1.0,13.26,-0.01,,,
41.77,REGROUND,8.72,-0.07,-9.58,10.96,-0.01,1,0,,,,0.238,0.025,3.9,13.26,-0.01,,,
41.82,REGROUND,8.72,-0.07,-9.58,10.97,-0.01,1,0,,,,0.245,0.026,0.9,13.26,-0.01,,,
41.87,REGROUND,8.75,-0.07,-9.58,10.98,-0.01,1,0,,,,0.239,0.025,1.6,13.26,-0.01,,,
41.92,REGROUND,8.75,-0.07,-9.58,11.0,-0.01,1,0,,,,0.245,0.026,0.9,13.26,-0.01,,,
41.97,REGROUND,8.77,-0.08,-9.58,11.01,-0.01,1,0,,,,0.239,0.025,1.6,13.26,-0.01,,,
42.02,REGROUND,8.77,-0.08,-9.58,11.02,-0.01,1,0,,,,0.245,0.026,1.0,13.26,-0.01,,,
42.07,REGROUND,8.8,-0.08,-9.58,11.03,-0.01,1,0,,,,0.239,0.025,1.6,13.26,-0.01,,,
42.12,REGROUND,8.8,-0.08,-9.58,11.05,-0.01,1,0,,,,0.245,0.026,1.0,13.26,-0.01,,,
42.17,REGROUND,8.82,-0.08,-9.58,11.06,-0.01,1,0,,,,0.239,0.025,1.6,13.26,-0.01,,,
42.22,REGROUND,8.82,-0.08,-9.58,11.07,-0.01,1,0,,,,0.245,0.026,1.0,13.26,-0.01,,,
42.27,REGROUND,8.84,-0.08,-9.58,11.08,-0.01,1,0,,,,0.239,0.025,1.6,13.26,-0.01,,,
42.32,REGROUND,8.84,-0.08,-9.58,11.1,-0.01,1,0,,,,0.245,0.025,1.0,13.26,-0.01,,,
42.37,REGROUND,8.87,-0.08,-9.58,11.11,-0.01,1,0,,,,0.239,0.025,1.6,13.26,-0.01,,,
42.42,REGROUND,8.87,-0.08,-9.58,11.12,-0.01,1,0,,,,0.245,0.025,0.9,13.26,-0.01,,,
42.47,REGROUND,8.89,-0.08,-9.58,11.13,-0.01,1,0,,,,0.239,0.025,1.7,13.26,-0.01,,,
42.52,REGROUND,8.89,-0.08,-9.58,11.15,-0.01,1,0,,,,0.245,0.025,0.8,13.26,-0.01,,,
42.57,REGROUND,8.92,-0.08,-9.58,11.16,-0.01,1,0,,,,0.239,0.025,1.4,13.26,-0.01,,,
42.62,REGROUND,8.92,-0.08,-9.58,11.17,-0.01,1,0,,,,0.245,0.025,0.9,13.26,-0.01,,,
42.67,REGROUND,8.94,-0.08,-9.58,11.18,-0.01,1,0,,,,0.239,0.024,1.5,13.26,-0.01,,,
42.72,REGROUND,8.94,-0.08,-9.58,11.2,-0.01,1,0,,,,0.246,0.025,1.0,13.26,-0.01,,,
42.77,REGROUND,8.97,-0.08,-9.58,11.21,-0.01,1,0,,,,0.239,0.024,1.7,13.26,-0.01,,,
42.82,REGROUND,8.97,-0.08,-9.58,11.22,-0.01,1,0,,,,0.245,0.025,1.0,13.26,-0.01,,,
42.87,REGROUND,8.99,-0.08,-9.58,11.23,-0.01,1,0,,,,0.24,0.024,1.6,13.26,-0.01,,,
42.92,REGROUND,8.99,-0.08,-9.58,11.25,-0.01,1,0,,,,0.246,0.024,0.8,13.26,-0.01,,,
42.97,REGROUND,9.01,-0.08,-9.58,11.26,-0.01,1,0,,,,0.24,0.024,1.7,13.26,-0.01,,,
43.02,REGROUND,9.01,-0.08,-9.58,11.27,-0.01,1,0,,,,0.246,0.024,1.0,13.26,-0.01,,,
43.07,REGROUND,9.04,-0.08,-9.58,11.28,-0.01,1,0,,,,0.24,0.024,1.4,13.26,-0.01,,,
43.12,REGROUND,9.04,-0.08,-9.58,11.3,-0.01,1,0,,,,0.246,0.024,1.0,13.26,-0.01,,,
43.17,REGROUND,9.06,-0.08,-9.58,11.31,-0.01,1,0,,,,0.24,0.023,1.4,13.26,-0.01,,,
43.22,REGROUND,9.06,-0.08,-9.58,11.32,-0.01,1,0,,,,0.246,0.024,0.9,13.26,-0.01,,,
43.27,REGROUND,9.09,-0.08,-9.58,11.33,-0.01,1,0,,,,0.24,0.023,1.5,13.26,-0.01,,,
43.32,REGROUND,9.09,-0.08,-9.58,11.35,-0.01,1,0,,,,0.246,0.024,0.8,13.26,-0.01,,,
43.37,REGROUND,9.11,-0.08,-9.58,11.36,-0.01,1,0,,,,0.24,0.023,1.5,13.26,-0.01,,,
43.42,REGROUND,9.11,-0.08,-9.58,11.37,-0.01,1,0,,,,0.246,0.024,1.0,13.26,-0.01,,,
43.47,REGROUND,9.14,-0.08,-9.58,11.38,-0.01,1,0,,,,0.24,0.023,1.6,13.26,-0.01,,,
43.52,REGROUND,9.14,-0.08,-9.58,11.4,-0.01,1,0,,,,0.246,0.023,1.0,13.26,-0.01,,,
43.57,REGROUND,9.16,-0.08,-9.58,11.41,-0.01,1,0,,,,0.24,0.023,1.7,13.26,-0.01,,,
43.62,REGROUND,9.16,-0.08,-9.58,11.42,-0.01,1,0,,,,0.246,0.023,1.0,13.26,-0.01,,,
43.67,REGROUND,9.18,-0.08,-9.58,11.43,-0.01,1,0,,,,0.24,0.022,1.6,13.26,-0.01,,,
43.72,REGROUND,9.18,-0.08,-9.58,11.45,-0.01,1,0,,,,0.246,0.023,1.0,13.26,-0.01,,,
43.77,REGROUND,9.21,-0.08,-9.58,11.46,-0.01,1,0,,,,0.24,0.022,1.6,13.26,-0.01,,,
43.82,REGROUND,9.21,-0.08,-9.58,11.47,-0.01,1,0,,,,0.246,0.023,0.9,13.26,-0.01,,,
43.87,REGROUND,9.23,-0.08,-9.58,11.48,-0.01,1,0,,,,0.24,0.022,1.5,13.26,-0.01,,,
43.92,REGROUND,9.23,-0.08,-9.58,11.5,-0.01,1,0,,,,0.246,0.023,0.9,13.26,-0.01,,,
43.98,REGROUND,9.26,-0.08,-9.58,11.51,-0.01,1,0,,,,0.24,0.022,1.6,13.26,-0.01,,,
44.03,REGROUND,9.26,-0.08,-9.58,11.52,-0.01,1,0,,,,0.246,0.023,1.0,13.26,-0.01,,,
44.08,REGROUND,9.28,-0.08,-9.58,11.53,-0.01,1,0,,,,0.24,0.022,3.7,13.26,-0.01,,,
44.13,REGROUND,9.28,-0.08,-9.58,11.55,-0.01,1,0,,,,0.246,0.022,0.9,13.26,-0.01,,,
44.18,REGROUND,9.31,-0.08,-9.58,11.56,-0.01,1,0,,,,0.24,0.022,1.6,13.26,-0.01,,,
44.23,REGROUND,9.31,-0.08,-9.58,11.57,-0.01,1,0,,,,0.246,0.022,1.0,13.26,-0.01,,,
44.28,REGROUND,9.33,-0.09,-9.58,11.58,-0.01,1,0,,,,0.24,0.022,1.6,13.26,-0.01,,,
44.33,REGROUND,9.33,-0.09,-9.58,11.6,-0.01,1,0,,,,0.246,0.022,1.0,13.26,-0.01,,,
44.38,REGROUND,9.36,-0.09,-9.58,11.61,-0.01,1,0,,,,0.24,0.022,1.6,13.26,-0.01,,,
44.43,REGROUND,9.36,-0.09,-9.58,11.62,-0.01,1,0,,,,0.246,0.022,1.0,13.26,-0.01,,,
44.48,REGROUND,9.38,-0.09,-9.58,11.63,-0.01,1,0,,,,0.24,0.021,1.5,13.26,-0.01,,,
44.53,REGROUND,9.38,-0.09,-9.58,11.65,-0.01,1,0,,,,0.246,0.022,0.9,13.26,-0.01,,,
44.58,REGROUND,9.4,-0.09,-9.58,11.66,-0.01,1,0,,,,0.24,0.021,1.5,13.26,-0.01,,,
44.63,REGROUND,9.4,-0.09,-9.58,11.67,-0.01,1,0,,,,0.246,0.022,0.9,13.26,-0.01,,,
44.68,REGROUND,9.43,-0.09,-9.58,11.68,-0.01,1,0,,,,0.239,0.021,1.5,13.26,-0.01,,,
44.73,REGROUND,9.43,-0.09,-9.58,11.7,-0.01,1,0,,,,0.246,0.022,0.9,13.26,-0.01,,,
44.78,REGROUND,9.45,-0.09,-9.58,11.71,-0.01,1,0,,,,0.239,0.021,1.5,13.26,-0.01,,,
44.83,REGROUND,9.45,-0.09,-9.58,11.72,-0.01,1,0,,,,0.245,0.022,1.0,13.26,-0.01,,,
44.88,REGROUND,9.48,-0.09,-9.58,11.73,-0.01,1,0,,,,0.239,0.021,1.7,13.26,-0.01,,,
44.93,REGROUND,9.48,-0.09,-9.58,11.75,-0.01,1,0,,,,0.245,0.022,1.0,13.26,-0.01,,,
44.98,REGROUND,9.5,-0.09,-9.58,11.76,-0.01,1,0,,,,0.239,0.021,1.4,13.26,-0.01,,,
45.03,REGROUND,9.5,-0.09,-9.58,11.77,-0.01,1,0,,,,0.245,0.022,1.0,13.26,-0.01,,,
45.08,REGROUND,9.53,-0.09,-9.58,11.78,-0.01,1,0,,,,0.239,0.021,1.4,13.26,-0.01,,,
45.13,REGROUND,9.53,-0.09,-9.58,11.8,-0.01,1,0,,,,0.245,0.022,1.0,13.26,-0.01,,,
45.18,REGROUND,9.55,-0.09,-9.58,11.81,-0.01,1,0,,,,0.239,0.021,1.6,13.26,-0.01,,,
45.23,REGROUND,9.55,-0.09,-9.58,11.82,-0.01,1,0,,,,0.245,0.022,1.0,13.26,-0.01,,,
45.28,REGROUND,9.58,-0.09,-9.58,11.83,-0.01,1,0,,,,0.24,0.021,1.5,13.26,-0.01,,,
45.33,REGROUND,9.58,-0.09,-9.58,11.85,-0.01,1,0,,,,0.246,0.022,0.9,13.26,-0.01,,,
45.38,REGROUND,9.6,-0.09,-9.58,11.86,-0.01,1,0,,,,0.239,0.021,1.6,13.26,-0.01,,,
45.43,REGROUND,9.6,-0.09,-9.58,11.87,-0.01,1,0,,,,0.245,0.022,0.8,13.26,-0.01,,,
45.48,REGROUND,9.62,-0.09,-9.58,11.88,-0.01,1,0,,,,0.24,0.021,1.5,13.26,-0.01,,,
45.53,REGROUND,9.62,-0.09,-9.58,11.9,-0.01,1,0,,,,0.246,0.022,0.8,13.26,-0.01,,,
45.58,REGROUND,9.65,-0.09,-9.58,11.91,-0.01,1,0,,,,0.239,0.021,1.5,13.26,-0.01,,,
45.63,REGROUND,9.65,-0.09,-9.58,11.92,-0.01,1,0,,,,0.245,0.022,1.1,13.26,-0.01,,,
45.68,REGROUND,9.67,-0.1,-9.58,11.93,-0.01,1,0,,,,0.239,0.022,1.7,13.26,-0.01,,,
45.73,REGROUND,9.67,-0.1,-9.58,11.95,-0.01,1,0,,,,0.245,0.022,1.0,13.26,-0.01,,,
45.78,REGROUND,9.7,-0.1,-9.58,11.96,-0.01,1,0,,,,0.239,0.022,1.6,13.26,-0.01,,,
45.83,REGROUND,9.7,-0.1,-9.58,11.97,-0.01,1,0,,,,0.245,0.022,1.0,13.26,-0.01,,,
45.88,REGROUND,9.72,-0.1,-9.58,11.98,-0.01,1,0,,,,0.239,0.022,1.6,13.26,-0.01,,,
45.93,REGROUND,9.72,-0.1,-9.58,12.0,-0.01,1,0,,,,0.245,0.022,1.0,13.26,-0.01,,,
45.98,REGROUND,9.75,-0.1,-9.58,12.01,-0.01,1,0,,,,0.239,0.022,1.6,13.26,-0.01,,,
46.03,REGROUND,9.75,-0.1,-9.58,12.02,-0.01,1,0,,,,0.245,0.023,1.0,13.26,-0.01,,,
46.08,REGROUND,9.77,-0.1,-9.58,12.03,-0.01,1,0,,,,0.239,0.022,1.4,13.26,-0.01,,,
46.13,REGROUND,9.77,-0.1,-9.58,12.05,-0.01,1,0,,,,0.245,0.023,0.9,13.26,-0.01,,,
46.18,REGROUND,9.79,-0.1,-9.58,12.06,-0.01,1,0,,,,0.239,0.023,1.6,13.26,-0.01,,,
46.23,REGROUND,9.79,-0.1,-9.58,12.07,-0.01,1,0,,,,0.245,0.023,1.0,13.26,-0.01,,,
46.28,REGROUND,9.82,-0.1,-9.58,12.08,-0.01,1,0,,,,0.239,0.023,1.7,13.26,-0.01,,,
46.33,REGROUND,9.82,-0.1,-9.58,12.1,-0.01,1,0,,,,0.245,0.024,1.0,13.26,-0.01,,,
46.38,REGROUND,9.84,-0.1,-9.58,12.11,-0.01,1,0,,,,0.239,0.023,4.0,13.26,-0.01,,,
46.43,REGROUND,9.84,-0.1,-9.58,12.12,-0.01,1,0,,,,0.245,0.024,1.0,13.26,-0.01,,,
46.48,REGROUND,9.87,-0.11,-9.58,12.13,-0.01,1,0,,,,0.239,0.024,1.7,13.26,-0.01,,,
46.53,REGROUND,9.87,-0.11,-9.58,12.15,-0.01,1,0,,,,0.245,0.024,1.0,13.26,-0.01,,,
46.58,REGROUND,9.89,-0.11,-9.58,12.16,-0.01,1,0,,,,0.239,0.024,1.6,13.26,-0.01,,,
46.63,REGROUND,9.89,-0.11,-9.58,12.17,-0.01,1,0,,,,0.245,0.024,1.0,13.26,-0.01,,,
46.68,REGROUND,9.92,-0.11,-9.58,12.18,-0.01,1,0,,,,0.24,0.024,1.5,13.26,-0.01,,,
46.73,REGROUND,9.92,-0.11,-9.58,12.2,-0.01,1,0,,,,0.246,0.025,0.9,13.26,-0.01,,,
46.78,REGROUND,9.94,-0.11,-9.58,12.21,-0.01,1,0,,,,0.239,0.025,1.5,13.26,-0.01,,,
46.83,REGROUND,9.94,-0.11,-9.58,12.22,-0.01,1,0,,,,0.246,0.025,0.9,13.26,-0.01,,,
46.88,REGROUND,9.96,-0.11,-9.58,12.23,-0.01,1,0,,,,0.239,0.025,1.6,13.26,-0.01,,,
46.93,REGROUND,9.96,-0.11,-9.58,12.25,-0.01,1,0,,,,0.246,0.025,1.0,13.26,-0.01,,,
46.98,REGROUND,9.99,-0.11,-9.58,12.26,-0.01,1,0,,,,0.239,0.025,1.7,13.26,-0.01,,,
47.03,REGROUND,9.99,-0.11,-9.58,12.27,-0.01,1,0,,,,0.245,0.026,1.0,13.26,-0.01,,,
47.08,REGROUND,10.01,-0.11,-9.58,12.28,-0.01,1,0,,,,0.239,0.025,1.4,13.26,-0.01,,,
47.13,REGROUND,10.01,-0.11,-9.58,12.3,-0.01,1,0,,,,0.245,0.026,1.0,13.26,-0.01,,,
47.18,REGROUND,10.04,-0.11,-9.58,12.31,-0.01,1,0,,,,0.239,0.026,1.6,13.26,-0.01,,,
47.23,REGROUND,10.04,-0.11,-9.58,12.32,-0.01,1,0,,,,0.245,0.026,0.9,13.26,-0.01,,,
47.28,REGROUND,10.06,-0.12,-9.58,12.33,-0.01,1,0,,,,0.239,0.026,1.6,13.26,-0.01,,,
47.33,REGROUND,10.06,-0.12,-9.58,12.35,-0.01,1,0,,,,0.245,0.026,0.9,13.26,-0.01,,,
47.38,REGROUND,10.09,-0.12,-9.58,12.36,-0.01,1,0,,,,0.239,0.026,1.5,13.26,-0.01,,,
47.43,REGROUND,10.09,-0.12,-9.58,12.37,-0.01,1,0,,,,0.245,0.026,0.9,13.26,-0.01,,,
47.48,REGROUND,10.11,-0.12,-9.58,12.38,-0.01,1,0,,,,0.239,0.026,1.5,13.26,-0.01,,,
47.53,REGROUND,10.11,-0.12,-9.58,12.4,-0.01,1,0,,,,0.245,0.026,0.9,13.26,-0.01,,,
47.58,REGROUND,10.14,-0.12,-9.58,12.41,-0.01,1,0,,,,0.239,0.026,1.4,13.26,-0.01,,,
47.63,REGROUND,10.14,-0.12,-9.58,12.42,-0.01,1,0,,,,0.245,0.026,1.0,13.26,-0.01,,,
47.68,REGROUND,10.16,-0.12,-9.58,12.43,-0.01,1,0,,,,0.239,0.025,1.6,13.26,-0.01,,,
47.73,REGROUND,10.16,-0.12,-9.58,12.45,-0.01,1,0,,,,0.245,0.026,1.0,13.26,-0.01,,,
47.78,REGROUND,10.18,-0.12,-9.58,12.46,-0.01,1,0,,,,0.239,0.025,1.7,13.26,-0.01,,,
47.83,REGROUND,10.18,-0.12,-9.58,12.47,-0.01,1,0,,,,0.245,0.026,0.9,13.26,-0.01,,,
47.88,REGROUND,10.21,-0.12,-9.58,12.48,-0.01,1,0,,,,0.239,0.025,1.6,13.26,-0.01,,,
47.93,REGROUND,10.21,-0.12,-9.58,12.5,-0.01,1,0,,,,0.245,0.025,1.0,13.26,-0.01,,,
47.98,REGROUND,10.23,-0.12,-9.58,12.51,-0.01,1,0,,,,0.239,0.025,1.6,13.26,-0.01,,,
48.03,REGROUND,10.23,-0.12,-9.58,12.52,-0.01,1,0,,,,0.245,0.025,1.0,13.26,-0.01,,,
48.08,REGROUND,10.26,-0.12,-9.58,12.53,-0.01,1,0,,,,0.239,0.024,1.4,13.26,-0.01,,,
48.13,REGROUND,10.26,-0.12,-9.58,12.55,-0.01,1,0,,,,0.245,0.025,0.9,13.26,-0.01,,,
48.18,REGROUND,10.28,-0.12,-9.58,12.56,-0.01,1,0,,,,0.239,0.024,1.5,13.26,-0.01,,,
48.23,REGROUND,10.28,-0.12,-9.58,12.57,-0.01,1,0,,,,0.245,0.025,0.9,13.26,-0.01,,,
48.28,REGROUND,10.31,-0.12,-9.58,12.58,-0.01,1,0,,,,0.239,0.024,1.5,13.26,-0.01,,,
48.33,REGROUND,10.31,-0.12,-9.58,12.6,-0.01,1,0,,,,0.245,0.024,1.0,13.26,-0.01,,,
48.38,REGROUND,10.33,-0.12,-9.58,12.61,-0.01,1,0,,,,0.239,0.024,1.6,13.26,-0.01,,,
48.43,REGROUND,10.33,-0.12,-9.58,12.62,-0.01,1,0,,,,0.245,0.024,1.0,13.26,-0.01,,,
48.48,REGROUND,10.35,-0.12,-9.58,12.63,-0.01,1,0,,,,0.239,0.023,1.7,13.26,-0.01,,,
48.53,REGROUND,10.35,-0.12,-9.58,12.65,-0.01,1,0,,,,0.245,0.024,1.0,13.26,-0.01,,,
48.58,REGROUND,10.38,-0.12,-9.58,12.66,-0.01,1,0,,,,0.239,0.023,1.6,13.26,-0.01,,,
48.63,REGROUND,10.38,-0.12,-9.58,12.67,-0.01,1,0,,,,0.245,0.024,1.0,13.26,-0.01,,,
48.68,REGROUND,10.4,-0.12,-9.58,12.69,-0.01,1,0,,,,0.239,0.023,4.0,13.26,-0.01,,,
48.73,REGROUND,10.4,-0.12,-9.58,12.7,-0.01,1,0,,,,0.245,0.023,0.9,13.26,-0.01,,,
48.78,REGROUND,10.43,-0.12,-9.58,12.71,-0.01,1,0,,,,0.239,0.023,1.5,13.26,-0.01,,,
48.83,REGROUND,10.43,-0.12,-9.58,12.72,-0.01,1,0,,,,0.245,0.023,0.9,13.26,-0.01,,,
48.88,REGROUND,10.45,-0.12,-9.58,12.74,-0.01,1,0,,,,0.239,0.022,1.5,13.26,-0.01,,,
48.93,REGROUND,10.45,-0.12,-9.58,12.75,-0.01,1,0,,,,0.245,0.023,0.9,13.26,-0.01,,,
48.98,REGROUND,10.48,-0.12,-9.58,12.76,-0.01,1,0,,,,0.24,0.022,1.5,13.26,-0.01,,,
49.03,REGROUND,10.48,-0.12,-9.58,12.77,-0.01,1,0,,,,0.246,0.023,0.8,13.26,-0.01,,,
49.08,REGROUND,10.5,-0.12,-9.58,12.79,-0.01,1,0,,,,0.24,0.022,1.5,13.26,-0.01,,,
49.13,REGROUND,10.5,-0.12,-9.58,12.8,-0.01,1,0,,,,0.246,0.023,1.0,13.26,-0.01,,,
49.18,REGROUND,10.52,-0.12,-9.58,12.81,-0.01,1,0,,,,0.24,0.022,1.7,13.26,-0.01,,,
49.23,REGROUND,10.52,-0.12,-9.58,12.82,-0.01,1,0,,,,0.246,0.023,1.0,13.26,-0.01,,,
49.28,REGROUND,10.55,-0.12,-9.58,12.84,-0.01,1,0,,,,0.24,0.022,1.6,13.26,-0.01,,,
49.33,REGROUND,10.55,-0.12,-9.58,12.85,-0.01,1,0,,,,0.246,0.023,1.0,13.26,-0.01,,,
49.38,REGROUND,10.57,-0.12,-9.58,12.86,-0.01,1,0,,,,0.24,0.022,1.6,13.26,-0.01,,,
49.43,REGROUND,10.57,-0.12,-9.58,12.87,-0.01,1,0,,,,0.246,0.022,1.0,13.26,-0.01,,,
49.48,REGROUND,10.6,-0.12,-9.58,12.89,-0.01,1,0,,,,0.24,0.022,1.6,13.26,-0.01,,,
49.53,REGROUND,10.6,-0.12,-9.58,12.9,-0.01,1,0,,,,0.246,0.022,0.9,13.26,-0.01,,,
49.58,REGROUND,10.62,-0.12,-9.58,12.91,-0.01,1,0,,,,0.24,0.022,1.5,13.26,-0.01,,,
49.63,REGROUND,10.62,-0.12,-9.58,12.92,-0.01,1,0,,,,0.246,0.022,1.0,13.26,-0.01,,,
49.68,REGROUND,10.65,-0.13,-9.58,12.94,-0.01,1,0,,,,0.24,0.022,1.6,13.26,-0.01,,,
49.73,REGROUND,10.65,-0.13,-9.58,12.95,-0.01,1,0,,,,0.246,0.023,0.9,13.26,-0.01,,,
49.78,REGROUND,10.67,-0.13,-9.58,12.96,-0.01,1,0,,,,0.24,0.022,1.5,13.26,-0.01,,,
49.83,REGROUND,10.67,-0.13,-9.58,12.97,-0.01,1,0,,,,0.246,0.023,1.0,13.26,-0.01,,,
49.88,REGROUND,10.69,-0.13,-9.58,12.99,-0.01,1,0,,,,0.24,0.022,1.8,13.26,-0.01,,,
49.93,REGROUND,10.69,-0.13,-9.58,13.0,-0.01,1,0,,,,0.246,0.023,1.0,13.26,-0.01,,,
49.98,REGROUND,10.72,-0.13,-9.58,13.01,-0.01,1,0,,,,0.24,0.022,1.7,13.26,-0.01,,,
50.03,REGROUND,10.72,-0.13,-9.58,13.02,-0.01,1,0,,,,0.246,0.023,1.0,13.26,-0.01,,,
50.08,REGROUND,10.74,-0.13,-9.58,13.04,-0.01,1,0,,,,0.24,0.023,1.4,13.26,-0.01,,,
50.13,REGROUND,10.74,-0.13,-9.58,13.05,-0.01,1,0,,,,0.246,0.023,1.0,13.26,-0.01,,,
50.18,REGROUND,10.77,-0.13,-9.58,13.06,-0.01,1,0,,,,0.24,0.023,1.7,13.26,-0.01,,,
50.23,REGROUND,10.77,-0.13,-9.58,13.07,-0.01,1,0,,,,0.246,0.023,1.0,13.26,-0.01,,,
50.28,REGROUND,10.79,-0.13,-9.58,13.09,-0.01,1,0,,,,0.24,0.023,1.4,13.26,-0.01,,,
50.33,REGROUND,10.79,-0.13,-9.58,13.1,-0.01,1,0,,,,0.246,0.023,0.9,13.26,-0.01,,,
50.38,REGROUND,10.82,-0.13,-9.58,13.11,-0.01,1,0,,,,0.24,0.023,1.6,13.26,-0.01,,,
50.43,REGROUND,10.82,-0.13,-9.58,13.12,-0.01,1,0,,,,0.246,0.024,0.9,13.26,-0.01,,,
50.48,REGROUND,10.84,-0.13,-9.58,13.14,-0.01,1,0,,,,0.24,0.023,1.5,13.26,-0.01,,,
50.53,REGROUND,10.84,-0.13,-9.58,13.15,-0.01,1,0,,,,0.246,0.024,1.0,13.26,-0.01,,,
50.58,REGROUND,10.87,-0.14,-9.58,13.16,-0.01,1,0,,,,0.24,0.023,1.5,13.26,-0.01,,,
50.63,REGROUND,10.87,-0.14,-9.58,13.17,-0.01,1,0,,,,0.246,0.024,1.1,13.26,-0.01,,,
50.68,REGROUND,10.89,-0.14,-9.58,13.19,-0.01,1,0,,,,0.239,0.023,1.6,13.26,-0.01,,,
50.73,REGROUND,10.89,-0.14,-9.58,13.2,-0.01,1,0,,,,0.246,0.024,1.0,13.26,-0.01,,,
50.78,REGROUND,10.91,-0.14,-9.58,13.21,-0.01,1,0,,,,0.239,0.024,1.6,13.26,-0.01,,,
50.83,REGROUND,10.91,-0.14,-9.58,13.22,-0.01,1,0,,,,0.245,0.024,1.0,13.26,-0.01,,,
50.88,REGROUND,10.94,-0.14,-9.58,13.24,-0.01,1,0,,,,0.239,0.024,1.5,13.26,-0.01,,,
50.93,REGROUND,10.94,-0.14,-9.58,13.25,-0.01,1,0,,,,0.245,0.024,1.0,13.26,-0.01,,,
50.99,REGROUND,10.96,-0.14,-9.58,13.26,-0.01,1,0,,,,0.239,0.024,1.6,13.26,-0.01,,,
51.04,REGROUND,10.96,-0.14,-9.58,13.27,-0.01,1,0,,,,0.245,0.024,1.0,13.26,-0.01,,,
51.09,REGROUND,10.99,-0.14,-9.58,13.29,-0.01,1,0,,,,0.239,0.024,4.0,13.26,-0.01,,,
51.14,REGROUND,10.99,-0.14,-9.58,13.3,-0.01,1,0,,,,0.245,0.024,0.9,13.26,-0.01,,,
51.19,REGROUND,11.01,-0.14,-9.58,13.31,-0.01,1,0,,,,0.239,0.024,1.5,13.26,-0.01,,,
51.24,REGROUND,11.01,-0.14,-9.58,13.32,-0.01,1,0,,,,0.245,0.024,0.9,13.26,-0.01,,,
51.29,REGROUND,11.04,-0.14,-9.58,13.34,-0.01,1,0,,,,0.239,0.024,1.5,13.26,-0.01,,,
51.34,REGROUND,11.04,-0.14,-9.58,13.35,-0.01,1,0,,,,0.245,0.025,1.0,13.26,-0.01,,,
51.39,REGROUND,11.06,-0.14,-9.58,13.36,-0.01,1,0,,,,0.239,0.024,1.5,13.26,-0.01,,,
51.44,REGROUND,11.06,-0.14,-9.58,13.37,-0.01,1,0,,,,0.245,0.025,1.0,13.26,-0.01,,,
51.49,REGROUND,11.08,-0.14,-9.58,13.39,-0.01,1,0,,,,0.239,0.024,1.5,13.26,-0.01,,,
51.54,REGROUND,11.08,-0.14,-9.58,13.4,-0.01,1,0,,,,0.245,0.025,1.0,13.26,-0.01,,,
51.59,REGROUND,11.11,-0.14,-9.58,13.41,-0.01,1,0,,,,0.239,0.024,1.5,13.26,-0.01,,,
51.64,REGROUND,11.11,-0.14,-9.58,13.42,-0.01,1,0,,,,0.245,0.025,1.0,13.26,-0.01,,,
51.69,REGROUND,11.13,-0.14,-9.58,13.44,-0.01,1,0,,,,0.239,0.024,1.5,13.26,-0.01,,,
51.74,REGROUND,11.13,-0.14,-9.58,13.45,-0.01,1,0,,,,0.245,0.025,1.0,13.26,-0.01,,,
51.79,REGROUND,11.16,-0.15,-9.58,13.46,-0.01,1,0,,,,0.239,0.024,1.5,13.26,-0.01,,,
51.84,REGROUND,11.16,-0.15,-9.58,13.47,-0.01,1,0,,,,0.245,0.025,1.0,13.26,-0.01,,,
51.89,REGROUND,11.18,-0.15,-9.58,13.49,-0.01,1,0,,,,0.239,0.024,1.7,13.26,-0.01,,,
51.94,REGROUND,11.18,-0.15,-9.58,13.5,-0.01,1,0,,,,0.245,0.025,1.0,13.26,-0.01,,,
51.99,REGROUND,11.21,-0.15,-9.58,13.51,-0.01,1,0,,,,0.239,0.024,1.5,13.26,-0.01,,,
52.04,REGROUND,11.21,-0.15,-9.58,13.52,-0.01,1,0,,,,0.245,0.024,1.0,13.26,-0.01,,,
52.09,REGROUND,11.23,-0.15,-9.58,13.54,-0.01,1,0,,,,0.239,0.024,1.4,13.26,-0.01,,,
52.14,REGROUND,11.23,-0.15,-9.58,13.55,-0.01,1,0,,,,0.245,0.024,1.0,13.26,-0.01,,,
52.19,REGROUND,11.26,-0.15,-9.58,13.56,-0.01,1,0,,,,0.239,0.024,1.5,13.26,-0.01,,,
52.24,REGROUND,11.26,-0.15,-9.58,13.57,-0.01,1,0,,,,0.245,0.024,1.0,13.26,-0.01,,,
52.29,REGROUND,11.28,-0.15,-9.58,13.59,-0.01,1,0,,,,0.239,0.023,1.5,13.26,-0.01,,,
52.34,REGROUND,11.28,-0.15,-9.58,13.6,-0.01,1,0,,,,0.245,0.024,0.9,13.26,-0.01,,,
52.39,REGROUND,11.3,-0.15,-9.58,13.61,-0.01,1,0,,,,0.239,0.023,1.4,13.26,-0.01,,,
52.44,REGROUND,11.3,-0.15,-9.58,13.62,-0.01,1,0,,,,0.245,0.024,0.9,13.26,-0.01,,,
52.49,REGROUND,11.33,-0.15,-9.58,13.64,-0.01,1,0,,,,0.239,0.023,1.6,13.26,-0.01,,,
52.54,REGROUND,11.33,-0.15,-9.58,13.65,-0.01,1,0,,,,0.245,0.024,1.0,13.26,-0.01,,,
52.59,REGROUND,11.35,-0.15,-9.58,13.66,-0.01,1,0,,,,0.239,0.023,1.5,13.26,-0.01,,,
52.64,REGROUND,11.35,-0.15,-9.58,13.67,-0.01,1,0,,,,0.245,0.024,1.1,13.26,-0.01,,,
52.69,REGROUND,11.38,-0.15,-9.58,13.69,-0.01,1,0,,,,0.239,0.023,1.6,13.26,-0.01,,,
52.74,REGROUND,11.38,-0.15,-9.58,13.7,-0.01,1,0,,,,0.246,0.024,1.0,13.26,-0.01,,,
52.79,REGROUND,11.4,-0.15,-9.58,13.71,-0.01,1,0,,,,0.239,0.023,1.7,13.26,-0.01,,,
52.84,REGROUND,11.4,-0.15,-9.58,13.72,-0.01,1,0,,,,0.245,0.024,1.0,13.26,-0.01,,,
52.89,REGROUND,11.43,-0.15,-9.58,13.74,-0.01,1,0,,,,0.239,0.023,1.6,13.26,-0.01,,,
52.94,REGROUND,11.43,-0.15,-9.58,13.75,-0.01,1,0,,,,0.245,0.024,1.0,13.26,-0.01,,,
52.99,REGROUND,11.45,-0.15,-9.58,13.76,-0.01,1,0,,,,0.239,0.024,1.7,13.26,-0.01,,,
53.04,REGROUND,11.45,-0.15,-9.58,13.77,-0.01,1,0,,,,0.245,0.024,0.9,13.26,-0.01,,,
53.09,REGROUND,11.47,-0.15,-9.58,13.79,-0.01,1,0,,,,0.239,0.024,1.6,13.26,-0.01,,,
53.14,REGROUND,11.47,-0.15,-9.58,13.8,-0.01,1,0,,,,0.245,0.024,0.9,13.26,-0.01,,,
53.19,REGROUND,11.5,-0.16,-9.58,13.81,-0.01,1,0,,,,0.239,0.024,1.4,13.26,-0.01,,,
53.24,REGROUND,11.5,-0.16,-9.58,13.82,-0.01,1,0,,,,0.245,0.025,0.9,13.26,-0.01,,,
53.29,REGROUND,11.52,-0.16,-9.58,13.84,-0.01,1,0,,,,0.239,0.024,1.6,13.26,-0.01,,,
53.34,REGROUND,11.52,-0.16,-9.58,13.85,-0.01,1,0,,,,0.245,0.025,56.3,13.26,-0.01,,,
53.4,REGROUND,11.55,-0.16,-9.58,13.86,-0.01,1,0,,,,0.24,0.024,4.3,13.26,-0.01,,,
53.45,REGROUND,11.57,-0.16,-9.58,13.88,-0.01,1,0,,,,0.234,0.024,1.5,13.26,-0.01,,,
53.5,REGROUND,11.57,-0.16,-9.58,13.89,-0.01,1,0,,,,0.24,0.024,1.0,13.26,-0.01,,,
53.55,REGROUND,11.6,-0.16,-9.58,13.9,-0.01,1,0,,,,0.234,0.024,1.7,13.26,-0.01,,,
53.6,REGROUND,11.6,-0.16,-9.58,13.91,-0.01,1,0,,,,0.24,0.024,1.0,13.26,-0.01,,,
53.65,REGROUND,11.62,-0.16,-9.58,13.93,-0.01,1,0,,,,0.235,0.024,1.6,13.26,-0.01,,,
53.7,REGROUND,11.62,-0.16,-9.58,13.94,-0.01,1,0,,,,0.241,0.024,0.9,13.26,-0.01,,,
53.75,REGROUND,11.64,-0.16,-9.58,13.95,-0.01,1,0,,,,0.234,0.024,1.5,13.26,-0.01,,,
53.8,REGROUND,11.64,-0.16,-9.58,13.96,-0.01,1,0,,,,0.241,0.024,0.8,13.26,-0.01,,,
53.85,REGROUND,11.64,-0.16,-9.58,13.98,-0.01,1,0,,,,0.247,0.025,0.7,13.26,-0.01,,,
53.9,REGROUND,11.67,-0.16,-9.58,13.99,-0.01,1,0,,,,0.241,0.024,1.5,13.26,-0.01,,,
53.95,REGROUND,11.67,-0.16,-9.58,14.0,-0.01,1,0,,,,0.247,0.025,1.0,13.26,-0.01,,,
54.0,REGROUND,11.69,-0.16,-9.58,14.01,-0.01,1,0,,,,0.241,0.024,1.5,13.26,-0.01,,,
54.05,REGROUND,11.72,-0.16,-9.58,14.03,-0.01,1,0,,,,0.235,0.023,1.4,13.26,-0.01,,,
54.1,REGROUND,11.72,-0.16,-9.58,14.04,-0.01,1,0,,,,0.241,0.024,1.0,13.26,-0.01,,,
54.15,REGROUND,11.74,-0.16,-9.58,14.05,-0.01,1,0,,,,0.235,0.023,1.6,13.26,-0.01,,,
54.2,REGROUND,11.74,-0.16,-9.58,14.06,-0.01,1,0,,,,0.241,0.024,1.0,13.26,-0.01,,,
54.25,REGROUND,11.77,-0.16,-9.58,14.08,-0.01,1,0,,,,0.235,0.023,1.6,13.26,-0.01,,,
54.3,REGROUND,11.77,-0.16,-9.58,14.09,-0.01,1,0,,,,0.241,0.024,1.0,13.26,-0.01,,,
54.35,REGROUND,11.79,-0.16,-9.58,14.1,-0.01,1,0,,,,0.235,0.023,1.5,13.26,-0.01,,,
54.4,REGROUND,11.79,-0.16,-9.58,14.11,-0.01,1,0,,,,0.241,0.023,0.9,13.26,-0.01,,,
54.45,REGROUND,11.81,-0.16,-9.58,14.13,-0.01,1,0,,,,0.235,0.023,1.5,13.26,-0.01,,,
54.5,REGROUND,11.81,-0.16,-9.58,14.14,-0.01,1,0,,,,0.241,0.023,1.0,13.26,-0.01,,,
54.55,REGROUND,11.84,-0.16,-9.58,14.15,-0.01,1,0,,,,0.235,0.022,1.5,13.26,-0.01,,,
54.6,REGROUND,11.84,-0.16,-9.58,14.16,-0.01,1,0,,,,0.241,0.023,1.0,13.26,-0.01,,,
54.65,REGROUND,11.86,-0.16,-9.58,14.18,-0.01,1,0,,,,0.236,0.022,1.7,13.26,-0.01,,,
54.7,REGROUND,11.86,-0.16,-9.58,14.19,-0.01,1,0,,,,0.242,0.023,1.0,13.26,-0.01,,,
54.75,REGROUND,11.89,-0.16,-9.58,14.2,-0.01,1,0,,,,0.236,0.022,1.6,13.26,-0.01,,,
54.8,REGROUND,11.89,-0.16,-9.58,14.21,-0.01,1,0,,,,0.242,0.023,1.0,13.26,-0.01,,,
54.85,REGROUND,11.91,-0.16,-9.58,14.23,-0.01,1,0,,,,0.236,0.022,1.6,13.26,-0.01,,,
54.9,REGROUND,11.91,-0.16,-9.58,14.24,-0.01,1,0,,,,0.242,0.022,1.0,13.26,-0.01,,,
54.95,REGROUND,11.93,-0.16,-9.58,14.25,-0.01,1,0,,,,0.236,0.022,1.6,13.26,-0.01,,,
55.0,REGROUND,11.93,-0.16,-9.58,14.26,-0.01,1,0,,,,0.242,0.022,0.8,13.26,-0.01,,,
55.05,REGROUND,11.96,-0.17,-9.58,14.28,-0.01,1,0,,,,0.237,0.022,1.4,13.26,-0.01,,,
55.1,REGROUND,11.96,-0.17,-9.58,14.29,-0.01,1,0,,,,0.243,0.022,1.0,13.26,-0.01,,,
55.15,REGROUND,11.98,-0.17,-9.58,14.3,-0.01,1,0,,,,0.237,0.022,1.5,13.26,-0.01,,,
55.2,REGROUND,11.98,-0.17,-9.58,14.31,-0.01,1,0,,,,0.243,0.022,0.9,13.26,-0.01,,,
55.25,REGROUND,12.0,-0.17,-9.58,14.33,-0.01,1,0,,,,0.237,0.021,1.5,13.26,-0.01,,,
55.3,REGROUND,12.0,-0.17,-9.58,14.34,-0.01,1,0,,,,0.243,0.022,0.9,13.26,-0.01,,,
55.35,REGROUND,12.03,-0.17,-9.58,14.35,-0.01,1,0,,,,0.237,0.021,1.6,13.26,-0.01,,,
55.4,REGROUND,12.03,-0.17,-9.58,14.36,-0.01,1,0,,,,0.243,0.022,1.3,13.26,-0.01,,,
55.45,REGROUND,12.05,-0.17,-9.58,14.38,-0.01,1,0,,,,0.238,0.021,1.8,13.26,-0.01,,,
55.5,REGROUND,12.05,-0.17,-9.58,14.39,-0.01,1,0,,,,0.244,0.022,1.0,13.26,-0.01,,,
55.55,REGROUND,12.08,-0.17,-9.58,14.4,-0.01,1,0,,,,0.238,0.021,1.8,13.26,-0.01,,,
55.6,REGROUND,12.08,-0.17,-9.58,14.41,-0.01,1,0,,,,0.244,0.022,1.0,13.26,-0.01,,,
55.65,REGROUND,12.1,-0.17,-9.58,14.43,-0.01,1,0,,,,0.238,0.021,79.3,13.26,-0.01,,,
55.73,REGROUND,12.1,-0.17,-9.58,14.45,-0.01,1,0,,,,0.248,0.022,3.9,13.26,-0.01,,,
55.78,REGROUND,12.12,-0.17,-9.58,14.46,-0.01,1,0,,,,0.242,0.021,1.6,13.26,-0.01,,,
55.83,REGROUND,12.12,-0.17,-9.58,14.47,-0.01,1,0,,,,0.248,0.022,0.9,13.26,-0.01,,,
55.88,REGROUND,12.15,-0.17,-9.58,14.48,-0.01,1,0,,,,0.242,0.021,1.6,13.26,-0.01,,,
55.93,REGROUND,12.15,-0.17,-9.58,14.5,-0.01,1,0,,,,0.248,0.022,1.0,13.26,-0.01,,,
55.98,REGROUND,12.17,-0.17,-9.58,14.51,-0.01,1,0,,,,0.242,0.021,1.6,13.26,-0.01,,,
56.03,REGROUND,12.17,-0.17,-9.58,14.52,-0.01,1,0,,,,0.248,0.022,0.8,13.26,-0.01,,,
56.08,REGROUND,12.2,-0.17,-9.58,14.53,-0.01,1,0,,,,0.242,0.021,1.7,13.26,-0.01,,,
56.13,REGROUND,12.2,-0.17,-9.58,14.55,-0.01,1,0,,,,0.248,0.022,1.0,13.26,-0.01,,,
56.18,REGROUND,12.22,-0.17,-9.58,14.56,-0.01,1,0,,,,0.242,0.021,1.6,13.26,-0.01,,,
56.23,REGROUND,12.22,-0.17,-9.58,14.57,-0.01,1,0,,,,0.248,0.022,1.0,13.26,-0.01,,,
56.28,REGROUND,12.25,-0.17,-9.58,14.58,-0.01,1,0,,,,0.242,0.021,1.5,13.26,-0.01,,,
56.33,REGROUND,12.25,-0.17,-9.58,14.6,-0.01,1,0,,,,0.248,0.022,0.9,13.26,-0.01,,,
56.38,REGROUND,12.27,-0.17,-9.58,14.61,-0.01,1,0,,,,0.242,0.022,1.5,13.26,-0.01,,,
56.43,REGROUND,12.27,-0.17,-9.58,14.62,-0.01,1,0,,,,0.248,0.022,0.9,13.26,-0.01,,,
56.48,REGROUND,12.29,-0.17,-9.58,14.63,-0.01,1,0,,,,0.242,0.022,1.6,13.26,-0.01,,,
56.53,REGROUND,12.29,-0.17,-9.58,14.65,-0.01,1,0,,,,0.248,0.022,0.9,13.26,-0.01,,,
56.58,REGROUND,12.32,-0.18,-9.58,14.66,-0.01,1,0,,,,0.242,0.022,1.6,13.26,-0.01,,,
56.63,REGROUND,12.32,-0.18,-9.58,14.67,-0.01,1,0,,,,0.248,0.023,1.0,13.26,-0.01,,,
56.68,REGROUND,12.34,-0.18,-9.58,14.68,-0.01,1,0,,,,0.242,0.022,1.6,13.26,-0.01,,,
56.73,REGROUND,12.34,-0.18,-9.58,14.7,-0.01,1,0,,,,0.248,0.023,1.0,13.26,-0.01,,,
56.78,REGROUND,12.37,-0.18,-9.58,14.71,-0.01,1,0,,,,0.242,0.022,1.7,13.26,-0.01,,,
56.83,REGROUND,12.37,-0.18,-9.58,14.72,-0.01,1,0,,,,0.248,0.023,1.0,13.26,-0.01,,,
56.88,REGROUND,12.39,-0.18,-9.58,14.73,-0.01,1,0,,,,0.242,0.022,1.6,13.26,-0.01,,,
56.93,REGROUND,12.39,-0.18,-9.58,14.75,-0.01,1,0,,,,0.248,0.023,1.0,13.26,-0.01,,,
56.98,REGROUND,12.42,-0.18,-9.58,14.76,-0.01,1,0,,,,0.242,0.023,1.6,13.26,-0.01,,,
57.03,REGROUND,12.42,-0.18,-9.58,14.77,-0.01,1,0,,,,0.248,0.023,0.8,13.26,-0.01,,,
57.08,REGROUND,12.44,-0.18,-9.58,14.78,-0.01,1,0,,,,0.241,0.023,1.4,13.26,-0.01,,,
57.13,REGROUND,12.44,-0.18,-9.58,14.8,-0.01,1,0,,,,0.247,0.023,0.9,13.26,-0.01,,,
57.18,REGROUND,12.47,-0.18,-9.58,14.81,-0.01,1,0,,,,0.241,0.023,1.5,13.26,-0.01,,,
57.23,REGROUND,12.47,-0.18,-9.58,14.82,-0.01,1,0,,,,0.247,0.024,0.9,13.26,-0.01,,,
57.28,REGROUND,12.49,-0.18,-9.58,14.83,-0.01,1,0,,,,0.241,0.023,1.5,13.26,-0.01,,,
57.33,REGROUND,12.49,-0.18,-9.58,14.85,-0.01,1,0,,,,0.247,0.024,1.0,13.26,-0.01,,,
57.38,REGROUND,12.52,-0.18,-9.58,14.86,-0.01,1,0,,,,0.241,0.023,1.5,13.26,-0.01,,,
57.43,REGROUND,12.52,-0.18,-9.58,14.87,-0.01,1,0,,,,0.247,0.024,1.0,13.26,-0.01,,,
57.48,REGROUND,12.54,-0.19,-9.58,14.88,-0.01,1,0,,,,0.24,0.023,1.6,13.26,-0.01,,,
57.53,REGROUND,12.54,-0.19,-9.58,14.9,-0.01,1,0,,,,0.247,0.024,1.0,13.26,-0.01,,,
57.58,REGROUND,12.57,-0.19,-9.58,14.91,-0.01,1,0,,,,0.24,0.023,1.7,13.26,-0.01,,,
57.63,REGROUND,12.57,-0.19,-9.58,14.92,-0.01,1,0,,,,0.246,0.024,1.0,13.26,-0.01,,,
57.68,REGROUND,12.59,-0.19,-9.58,14.94,-0.01,1,0,,,,0.24,0.024,1.6,13.26,-0.01,,,
57.73,REGROUND,12.59,-0.19,-9.58,14.95,-0.01,1,0,,,,0.246,0.024,0.9,13.26,-0.01,,,
57.78,REGROUND,12.61,-0.19,-9.58,14.96,-0.01,1,0,,,,0.24,0.024,1.5,13.26,-0.01,,,
57.83,REGROUND,12.61,-0.19,-9.58,14.97,-0.01,1,0,,,,0.246,0.024,0.9,13.26,-0.01,,,
57.88,REGROUND,12.64,-0.19,-9.58,14.99,-0.01,1,0,,,,0.24,0.024,1.5,13.26,-0.01,,,
57.93,REGROUND,12.64,-0.19,-9.58,15.0,-0.01,1,0,,,,0.246,0.024,0.9,13.26,-0.01,,,
57.98,REGROUND,12.66,-0.19,-9.58,15.01,-0.01,1,0,,,,0.24,0.024,42.8,13.26,-0.01,,,
58.03,REGROUND,12.66,-0.19,-9.58,15.02,-0.01,1,0,,,,0.246,0.024,4.2,13.26,-0.01,,,
58.08,REGROUND,12.69,-0.19,-9.58,15.04,-0.01,1,0,,,,0.24,0.024,1.7,13.26,-0.01,,,
58.13,REGROUND,12.69,-0.19,-9.58,15.05,-0.01,1,0,,,,0.246,0.024,1.0,13.26,-0.01,,,
58.18,REGROUND,12.71,-0.19,-9.58,15.06,-0.01,1,0,,,,0.24,0.024,1.6,13.26,-0.01,,,
58.23,REGROUND,12.71,-0.19,-9.58,15.07,-0.01,1,0,,,,0.246,0.025,1.0,13.26,-0.01,,,
58.28,REGROUND,12.74,-0.19,-9.58,15.09,-0.01,1,0,,,,0.24,0.024,1.6,13.26,-0.01,,,
58.33,REGROUND,12.74,-0.19,-9.58,15.1,-0.01,1,0,,,,0.246,0.025,0.9,13.26,-0.01,,,
58.38,REGROUND,12.76,-0.19,-9.58,15.11,-0.01,1,0,,,,0.24,0.024,1.6,13.26,-0.01,,,
58.43,REGROUND,12.76,-0.19,-9.58,15.12,-0.01,1,0,,,,0.246,0.025,1.0,13.26,-0.01,,,
58.48,REGROUND,12.79,-0.19,-9.58,15.14,-0.01,1,0,,,,0.239,0.024,1.4,13.26,-0.01,,,
58.53,REGROUND,12.79,-0.19,-9.58,15.15,-0.01,1,0,,,,0.246,0.024,1.0,13.26,-0.01,,,
58.58,REGROUND,12.81,-0.19,-9.58,15.16,-0.01,1,0,,,,0.239,0.024,1.6,13.26,-0.01,,,
58.63,REGROUND,12.81,-0.19,-9.58,15.17,-0.01,1,0,,,,0.245,0.024,1.0,13.26,-0.01,,,
58.68,REGROUND,12.84,-0.2,-9.58,15.19,-0.01,1,0,,,,0.239,0.024,1.6,13.26,-0.01,,,
58.73,REGROUND,12.84,-0.2,-9.58,15.2,-0.01,1,0,,,,0.245,0.024,0.9,13.26,-0.01,,,
58.78,REGROUND,12.86,-0.2,-9.58,15.21,-0.01,1,0,,,,0.239,0.024,1.6,13.26,-0.01,,,
58.83,REGROUND,12.86,-0.2,-9.58,15.22,-0.01,1,0,,,,0.245,0.024,1.0,13.26,-0.01,,,
58.88,REGROUND,12.88,-0.2,-9.58,15.24,-0.01,1,0,,,,0.239,0.024,1.7,13.26,-0.01,,,
58.93,REGROUND,12.88,-0.2,-9.58,15.25,-0.01,1,0,,,,0.245,0.024,1.0,13.26,-0.01,,,
58.98,REGROUND,12.91,-0.2,-9.58,15.26,-0.01,1,0,,,,0.239,0.024,1.7,13.26,-0.01,,,
59.03,REGROUND,12.91,-0.2,-9.58,15.27,-0.01,1,0,,,,0.245,0.025,0.8,13.26,-0.01,,,
59.08,REGROUND,12.93,-0.2,-9.58,15.29,-0.01,1,0,,,,0.239,0.024,1.5,13.26,-0.01,,,
59.13,REGROUND,12.93,-0.2,-9.58,15.3,-0.01,1,0,,,,0.245,0.025,1.0,13.26,-0.01,,,
59.18,REGROUND,12.96,-0.2,-9.58,15.31,-0.01,1,0,,,,0.239,0.024,1.6,13.26,-0.01,,,
59.23,REGROUND,12.96,-0.2,-9.58,15.32,-0.01,1,0,,,,0.245,0.025,0.9,13.26,-0.01,,,
59.28,REGROUND,12.98,-0.2,-9.58,15.34,-0.01,1,0,,,,0.239,0.024,1.6,13.26,-0.01,,,
59.33,REGROUND,12.98,-0.2,-9.58,15.35,-0.01,1,0,,,,0.245,0.025,1.0,13.26,-0.01,,,
59.38,REGROUND,13.01,-0.2,-9.58,15.36,-0.01,1,0,,,,0.239,0.025,1.7,13.26,-0.01,,,
59.43,REGROUND,13.01,-0.2,-9.58,15.37,-0.01,1,0,,,,0.245,0.025,0.9,13.26,-0.01,,,
59.48,REGROUND,13.03,-0.2,-9.58,15.39,-0.01,1,0,,,,0.239,0.025,1.6,13.26,-0.01,,,
59.53,REGROUND,13.03,-0.2,-9.58,15.4,-0.01,1,0,,,,0.245,0.025,1.0,13.26,-0.01,,,
59.58,REGROUND,13.05,-0.2,-9.58,15.41,-0.01,1,0,,,,0.239,0.025,1.6,13.26,-0.01,,,
59.63,REGROUND,13.05,-0.2,-9.58,15.42,-0.01,1,0,,,,0.245,0.025,1.0,13.26,-0.01,,,
59.68,REGROUND,13.08,-0.2,-9.58,15.44,-0.01,1,0,,,,0.239,0.025,1.6,13.26,-0.01,,,
59.73,REGROUND,13.08,-0.2,-9.58,15.45,-0.01,1,0,,,,0.245,0.025,1.0,13.26,-0.01,,,
59.79,REGROUND,13.1,-0.21,-9.58,15.46,-0.01,1,0,,,,0.239,0.025,1.6,13.26,-0.01,,,
59.84,REGROUND,13.1,-0.21,-9.58,15.47,-0.01,1,0,,,,0.245,0.025,1.0,13.26,-0.01,,,
59.89,REGROUND,13.13,-0.21,-9.58,15.49,-0.01,1,0,,,,0.24,0.025,1.6,13.26,-0.01,,,
59.94,REGROUND,13.13,-0.21,-9.58,15.5,-0.01,1,0,,,,0.246,0.025,0.9,13.26,-0.01,,,
59.99,REGROUND,13.15,-0.21,-9.58,15.51,-0.01,1,0,,,,0.24,0.025,1.6,13.26,-0.01,,,
60.04,REGROUND,13.15,-0.21,-9.58,15.52,-0.01,1,0,,,,0.246,0.025,1.0,13.26,-0.01,,,
60.09,REGROUND,13.17,-0.21,-9.58,15.54,-0.01,1,0,,,,0.24,0.025,1.6,13.26,-0.01,,,
60.14,REGROUND,13.17,-0.21,-9.58,15.55,-0.01,1,0,,,,0.246,0.025,0.9,13.26,-0.01,,,
60.19,REGROUND,13.2,-0.21,-9.58,15.56,-0.01,1,0,,,,0.24,0.024,1.5,13.26,-0.01,,,
60.24,REGROUND,13.2,-0.21,-9.58,15.57,-0.01,1,0,,,,0.246,0.025,1.0,13.26,-0.01,,,
60.29,REGROUND,13.22,-0.21,-9.58,15.59,-0.01,1,0,,,,0.24,0.024,1.6,13.26,-0.01,,,
60.34,REGROUND,13.22,-0.21,-9.58,15.6,-0.01,1,0,,,,0.246,0.025,41.5,13.26,-0.01,,,
60.39,REGROUND,13.25,-0.21,-9.58,15.61,-0.01,1,0,,,,0.24,0.024,5.2,13.26,-0.01,,,
60.44,REGROUND,13.25,-0.21,-9.58,15.62,-0.01,1,0,,,,0.246,0.025,1.0,13.26,-0.01,,,
60.49,REGROUND,13.27,-0.21,-9.58,15.64,-0.01,1,0,,,,0.24,0.024,1.6,13.26,-0.01,,,
60.54,REGROUND,13.27,-0.21,-9.58,15.65,-0.01,1,0,,,,0.246,0.024,1.0,13.26,-0.01,,,
60.59,REGROUND,13.3,-0.21,-9.58,15.66,-0.01,1,0,,,,0.24,0.024,1.6,13.26,-0.01,,,
60.64,REGROUND,13.3,-0.21,-9.58,15.67,-0.01,1,0,,,,0.246,0.024,0.9,13.26,-0.01,,,
60.69,REGROUND,13.32,-0.21,-9.58,15.69,-0.01,1,0,,,,0.24,0.023,1.6,13.26,-0.01,,,
60.74,REGROUND,13.32,-0.21,-9.58,15.7,-0.01,1,0,,,,0.246,0.024,0.9,13.26,-0.01,,,
60.79,REGROUND,13.35,-0.21,-9.58,15.71,-0.01,1,0,,,,0.24,0.023,1.6,13.26,-0.01,,,
60.84,REGROUND,13.35,-0.21,-9.58,15.72,-0.01,1,0,,,,0.246,0.024,0.9,13.26,-0.01,,,
60.89,REGROUND,13.37,-0.21,-9.58,15.74,-0.01,1,0,,,,0.24,0.023,1.3,13.26,-0.01,,,
60.94,REGROUND,13.37,-0.21,-9.58,15.75,-0.01,1,0,,,,0.246,0.023,1.0,13.26,-0.01,,,
60.99,REGROUND,13.39,-0.21,-9.58,15.76,-0.01,1,0,,,,0.24,0.023,1.6,13.26,-0.01,,,
61.04,REGROUND,13.39,-0.21,-9.58,15.77,-0.01,1,0,,,,0.246,0.023,0.8,13.26,-0.01,,,
61.09,REGROUND,13.42,-0.21,-9.58,15.79,-0.01,1,0,,,,0.24,0.022,1.5,13.26,-0.01,,,
61.14,REGROUND,13.42,-0.21,-9.58,15.8,-0.01,1,0,,,,0.246,0.023,1.0,13.26,-0.01,,,
61.19,REGROUND,13.44,-0.21,-9.58,15.81,-0.01,1,0,,,,0.24,0.022,1.6,13.26,-0.01,,,
61.24,REGROUND,13.44,-0.21,-9.58,15.82,-0.01,1,0,,,,0.246,0.023,0.9,13.26,-0.01,,,
61.29,REGROUND,13.47,-0.21,-9.58,15.84,-0.01,1,0,,,,0.24,0.022,1.5,13.26,-0.01,,,
61.34,REGROUND,13.47,-0.21,-9.58,15.85,-0.01,1,0,,,,0.246,0.023,0.9,13.26,-0.01,,,
61.39,REGROUND,13.49,-0.21,-9.58,15.86,-0.01,1,0,,,,0.24,0.022,1.5,13.26,-0.01,,,
61.44,REGROUND,13.49,-0.21,-9.58,15.87,-0.01,1,0,,,,0.246,0.023,0.9,13.26,-0.01,,,
61.49,REGROUND,13.52,-0.21,-9.58,15.89,-0.01,1,0,,,,0.24,0.022,1.5,13.26,-0.01,,,
61.54,REGROUND,13.52,-0.21,-9.58,15.9,-0.01,1,0,,,,0.246,0.022,0.9,13.26,-0.01,,,
61.59,REGROUND,13.54,-0.21,-9.58,15.91,-0.01,1,0,,,,0.24,0.022,1.5,13.26,-0.01,,,
61.64,REGROUND,13.54,-0.21,-9.58,15.92,-0.01,1,0,,,,0.246,0.022,1.0,13.26,-0.01,,,
61.69,REGROUND,13.57,-0.21,-9.58,15.94,-0.01,1,0,,,,0.24,0.022,1.6,13.26,-0.01,,,
61.74,REGROUND,13.57,-0.21,-9.58,15.95,-0.01,1,0,,,,0.246,0.022,1.0,13.26,-0.01,,,
61.79,REGROUND,13.59,-0.21,-9.58,15.96,-0.01,1,0,,,,0.24,0.022,1.6,13.26,-0.01,,,
61.84,REGROUND,13.59,-0.21,-9.58,15.97,-0.01,1,0,,,,0.246,0.022,1.0,13.26,-0.01,,,
61.89,REGROUND,13.61,-0.21,-9.58,15.99,-0.01,1,0,,,,0.24,0.021,1.6,13.26,-0.01,,,
61.94,REGROUND,13.61,-0.21,-9.58,16.0,-0.01,1,0,,,,0.246,0.022,1.0,13.26,-0.01,,,
61.99,REGROUND,13.64,-0.21,-9.58,16.01,-0.01,1,0,,,,0.24,0.021,1.4,13.26,-0.01,,,
62.04,REGROUND,13.64,-0.21,-9.58,16.02,-0.01,1,0,,,,0.246,0.022,0.8,13.26,-0.01,,,
62.09,REGROUND,13.66,-0.22,-9.58,16.04,-0.01,1,0,,,,0.24,0.021,1.5,13.26,-0.01,,,
62.14,REGROUND,13.66,-0.22,-9.58,16.05,-0.01,1,0,,,,0.246,0.022,0.9,13.26,-0.01,,,
62.19,REGROUND,13.69,-0.22,-9.58,16.06,-0.01,1,0,,,,0.239,0.021,1.5,13.26,-0.01,,,
62.24,REGROUND,13.69,-0.22,-9.58,16.07,-0.01,1,0,,,,0.245,0.022,0.9,13.26,-0.01,,,
62.29,REGROUND,13.71,-0.22,-9.58,16.09,-0.01,1,0,,,,0.239,0.021,1.5,13.26,-0.01,,,
62.34,REGROUND,13.71,-0.22,-9.58,16.1,-0.01,1,0,,,,0.245,0.022,0.9,13.26,-0.01,,,
62.39,REGROUND,13.74,-0.22,-9.58,16.11,-0.01,1,0,,,,0.239,0.022,1.6,13.26,-0.01,,,
62.44,REGROUND,13.74,-0.22,-9.58,16.12,-0.01,1,0,,,,0.245,0.022,1.0,13.26,-0.01,,,
62.49,REGROUND,13.76,-0.22,-9.58,16.14,-0.01,1,0,,,,0.239,0.022,1.6,13.26,-0.01,,,
62.54,REGROUND,13.76,-0.22,-9.58,16.15,-0.01,1,0,,,,0.245,0.022,1.0,13.26,-0.01,,,
62.59,REGROUND,13.79,-0.22,-9.58,16.16,-0.01,1,0,,,,0.239,0.022,1.4,13.26,-0.01,,,
62.64,REGROUND,13.79,-0.22,-9.58,16.17,-0.01,1,0,,,,0.245,0.023,41.4,13.26,-0.01,,,
62.69,REGROUND,13.81,-0.22,-9.58,16.19,-0.01,1,0,,,,0.239,0.022,5.2,13.26,-0.01,,,
62.74,REGROUND,13.81,-0.22,-9.58,16.2,-0.01,1,0,,,,0.245,0.023,1.0,13.26,-0.01,,,
62.79,REGROUND,13.83,-0.22,-9.58,16.21,-0.01,1,0,,,,0.239,0.022,1.6,13.26,-0.01,,,
62.84,REGROUND,13.83,-0.22,-9.58,16.22,-0.01,1,0,,,,0.245,0.023,0.9,13.26,-0.01,,,
62.89,REGROUND,13.86,-0.22,-9.58,16.24,-0.01,1,0,,,,0.239,0.022,1.6,13.26,-0.01,,,
62.94,REGROUND,13.86,-0.22,-9.58,16.25,-0.01,1,0,,,,0.245,0.023,0.9,13.26,-0.01,,,
62.99,REGROUND,13.88,-0.22,-9.58,16.26,-0.01,1,0,,,,0.239,0.023,1.6,13.26,-0.01,,,
63.04,REGROUND,13.88,-0.22,-9.58,16.27,-0.01,1,0,,,,0.245,0.023,1.0,13.26,-0.01,,,
63.09,REGROUND,13.91,-0.23,-9.58,16.29,-0.01,1,0,,,,0.239,0.023,1.5,13.26,-0.01,,,
63.14,REGROUND,13.91,-0.23,-9.58,16.3,-0.01,1,0,,,,0.245,0.023,1.0,13.26,-0.01,,,
63.19,REGROUND,13.93,-0.23,-9.58,16.31,-0.01,1,0,,,,0.239,0.023,1.6,13.26,-0.01,,,
63.24,REGROUND,13.93,-0.23,-9.58,16.32,-0.01,1,0,,,,0.245,0.024,1.0,13.26,-0.01,,,
63.29,REGROUND,13.96,-0.23,-9.58,16.34,-0.01,1,0,,,,0.239,0.023,1.6,13.26,-0.01,,,
63.34,REGROUND,13.96,-0.23,-9.58,16.35,-0.01,1,0,,,,0.245,0.024,1.0,13.26,-0.01,,,
63.39,REGROUND,13.98,-0.23,-9.58,16.36,-0.01,1,0,,,,0.239,0.023,1.6,13.26,-0.01,,,
63.44,REGROUND,13.98,-0.23,-9.58,16.37,-0.01,1,0,,,,0.245,0.024,1.0,13.26,-0.01,,,
63.49,REGROUND,14.0,-0.23,-9.58,16.39,-0.01,1,0,,,,0.239,0.023,1.7,13.26,-0.01,,,
63.54,REGROUND,14.0,-0.23,-9.58,16.4,-0.01,1,0,,,,0.245,0.024,0.9,13.26,-0.01,,,
63.59,REGROUND,14.03,-0.23,-9.58,16.41,-0.01,1,0,,,,0.239,0.024,1.5,13.26,-0.01,,,
63.64,REGROUND,14.03,-0.23,-9.58,16.42,-0.01,1,0,,,,0.245,0.024,1.0,13.26,-0.01,,,
63.69,REGROUND,14.05,-0.23,-9.58,16.44,-0.01,1,0,,,,0.239,0.023,1.5,13.26,-0.01,,,
63.74,REGROUND,14.05,-0.23,-9.58,16.45,-0.01,1,0,,,,0.245,0.024,0.9,13.26,-0.01,,,
63.79,REGROUND,14.08,-0.23,-9.58,16.46,-0.01,1,0,,,,0.239,0.024,1.4,13.26,-0.01,,,
63.84,REGROUND,14.08,-0.23,-9.58,16.47,-0.01,1,0,,,,0.246,0.024,1.0,13.26,-0.01,,,
63.89,REGROUND,14.1,-0.23,-9.58,16.49,-0.01,1,0,,,,0.24,0.024,1.6,13.26,-0.01,,,
63.94,REGROUND,14.1,-0.23,-9.58,16.5,-0.01,1,0,,,,0.246,0.024,1.0,13.26,-0.01,,,
63.99,REGROUND,14.12,-0.24,-9.58,16.51,-0.01,1,0,,,,0.24,0.024,1.6,13.26,-0.01,,,
64.04,REGROUND,14.12,-0.24,-9.58,16.52,-0.01,1,0,,,,0.246,0.025,0.8,13.26,-0.01,,,
64.09,REGROUND,14.15,-0.24,-9.58,16.54,-0.01,1,0,,,,0.24,0.024,1.4,13.26,-0.01,,,
64.14,REGROUND,14.15,-0.24,-9.58,16.55,-0.01,1,0,,,,0.246,0.025,1.0,13.26,-0.01,,,
64.19,REGROUND,14.17,-0.24,-9.58,16.56,-0.01,1,0,,,,0.24,0.025,1.6,13.26,-0.01,,,
64.24,REGROUND,14.17,-0.24,-9.58,16.57,-0.01,1,0,,,,0.246,0.025,1.0,13.26,-0.01,,,
64.29,REGROUND,14.2,-0.24,-9.58,16.59,-0.01,1,0,,,,0.24,0.025,1.7,13.26,-0.01,,,
64.34,REGROUND,14.2,-0.24,-9.58,16.6,-0.01,1,0,,,,0.246,0.025,0.9,13.26,-0.01,,,
64.39,REGROUND,14.22,-0.24,-9.58,16.61,-0.01,1,0,,,,0.239,0.025,1.5,13.26,-0.01,,,
64.44,REGROUND,14.22,-0.24,-9.58,16.62,-0.01,1,0,,,,0.245,0.026,0.9,13.26,-0.01,,,
64.49,REGROUND,14.25,-0.24,-9.58,16.64,-0.01,1,0,,,,0.239,0.025,1.5,13.26,-0.01,,,
64.54,REGROUND,14.25,-0.24,-9.58,16.65,-0.01,1,0,,,,0.245,0.026,1.2,13.26,-0.01,,,
64.59,REGROUND,14.27,-0.24,-9.58,16.66,-0.01,1,0,,,,0.239,0.025,1.6,13.26,-0.01,,,
64.64,REGROUND,14.27,-0.24,-9.58,16.68,-0.01,1,0,,,,0.245,0.026,1.1,13.26,-0.01,,,
64.69,REGROUND,14.3,-0.24,-9.58,16.69,-0.01,1,0,,,,0.239,0.025,1.6,13.26,-0.01,,,
64.74,REGROUND,14.3,-0.24,-9.58,16.7,-0.01,1,0,,,,0.245,0.026,1.0,13.26,-0.01,,,
64.79,REGROUND,14.32,-0.24,-9.58,16.71,-0.01,1,0,,,,0.239,0.025,1.7,13.26,-0.01,,,
64.84,REGROUND,14.32,-0.24,-9.58,16.73,-0.01,1,0,,,,0.245,0.026,1.0,13.26,-0.01,,,
64.89,REGROUND,14.34,-0.24,-9.58,16.74,-0.01,1,0,,,,0.239,0.025,1.7,13.26,-0.01,,,
64.94,REGROUND,14.34,-0.24,-9.58,16.75,-0.01,1,0,,,,0.245,0.026,42.2,13.26,-0.01,,,
64.99,REGROUND,14.37,-0.24,-9.58,16.76,-0.01,1,0,,,,0.239,0.025,5.2,13.26,-0.01,,,
65.04,REGROUND,14.37,-0.24,-9.58,16.78,-0.01,1,0,,,,0.245,0.026,1.0,13.26,-0.01,,,
65.09,REGROUND,14.39,-0.24,-9.58,16.79,-0.01,1,0,,,,0.239,0.025,1.4,13.26,-0.01,,,
65.14,REGROUND,14.39,-0.24,-9.58,16.8,-0.01,1,0,,,,0.245,0.025,0.9,13.26,-0.01,,,
65.19,REGROUND,14.42,-0.25,-9.58,16.81,-0.01,1,0,,,,0.239,0.025,1.6,13.26,-0.01,,,
65.24,REGROUND,14.42,-0.25,-9.58,16.83,-0.01,1,0,,,,0.245,0.026,0.9,13.26,-0.01,,,
65.29,REGROUND,14.44,-0.25,-9.58,16.84,-0.01,1,0,,,,0.239,0.025,1.5,13.26,-0.01,,,
65.34,REGROUND,14.44,-0.25,-9.58,16.85,-0.01,1,0,,,,0.245,0.025,1.0,13.26,-0.01,,,
65.39,REGROUND,14.47,-0.25,-9.58,16.86,-0.01,1,0,,,,0.239,0.025,1.6,13.26,-0.01,,,
65.44,REGROUND,14.47,-0.25,-9.58,16.88,-0.01,1,0,,,,0.245,0.025,1.0,13.26,-0.01,,,
65.49,REGROUND,14.49,-0.25,-9.58,16.89,-0.01,1,0,,,,0.239,0.025,1.6,13.26,-0.01,,,
65.54,REGROUND,14.49,-0.25,-9.58,16.9,-0.01,1,0,,,,0.245,0.025,1.0,13.26,-0.01,,,
65.59,REGROUND,14.52,-0.25,-9.58,16.91,-0.01,1,0,,,,0.239,0.025,1.6,13.26,-0.01,,,
65.64,REGROUND,14.52,-0.25,-9.58,16.93,-0.01,1,0,,,,0.245,0.025,1.0,13.26,-0.01,,,
65.69,REGROUND,14.54,-0.25,-9.58,16.94,-0.01,1,0,,,,0.239,0.024,1.6,13.26,-0.01,,,
65.74,REGROUND,14.54,-0.25,-9.58,16.95,-0.01,1,0,,,,0.245,0.025,1.1,13.26,-0.01,,,
65.79,REGROUND,14.56,-0.25,-9.58,16.96,-0.01,1,0,,,,0.239,0.024,1.6,13.26,-0.01,,,
65.84,REGROUND,14.56,-0.25,-9.58,16.98,-0.01,1,0,,,,0.245,0.025,0.8,13.26,-0.01,,,
65.89,REGROUND,14.59,-0.25,-9.58,16.99,-0.01,1,0,,,,0.239,0.024,1.5,13.26,-0.01,,,
65.94,REGROUND,14.59,-0.25,-9.58,17.0,-0.01,1,0,,,,0.245,0.025,0.9,13.26,-0.01,,,
65.99,REGROUND,14.61,-0.25,-9.58,17.01,-0.01,1,0,,,,0.239,0.024,1.5,13.26,-0.01,,,
66.04,REGROUND,14.61,-0.25,-9.58,17.03,-0.01,1,0,,,,0.245,0.025,0.8,13.26,-0.01,,,
66.09,REGROUND,14.64,-0.25,-9.58,17.04,-0.01,1,0,,,,0.239,0.024,1.6,13.26,-0.01,,,
66.14,REGROUND,14.64,-0.25,-9.58,17.05,-0.01,1,0,,,,0.245,0.024,1.0,13.26,-0.01,,,
66.19,REGROUND,14.66,-0.25,-9.58,17.06,-0.01,1,0,,,,0.239,0.024,1.6,13.26,-0.01,,,
66.24,REGROUND,14.66,-0.25,-9.58,17.08,-0.01,1,0,,,,0.245,0.024,1.0,13.26,-0.01,,,
66.29,REGROUND,14.69,-0.25,-9.58,17.09,-0.01,1,0,,,,0.239,0.023,1.6,13.26,-0.01,,,
66.34,REGROUND,14.69,-0.25,-9.58,17.1,-0.01,1,0,,,,0.245,0.024,1.0,13.26,-0.01,,,
66.39,REGROUND,14.71,-0.25,-9.58,17.11,-0.01,1,0,,,,0.239,0.023,1.6,13.26,-0.01,,,
66.44,REGROUND,14.73,-0.25,-9.58,17.13,-0.01,1,0,,,,0.233,0.022,1.5,13.26,-0.01,,,
66.49,REGROUND,14.73,-0.25,-9.58,17.14,-0.01,1,0,,,,0.239,0.023,0.9,13.26,-0.01,,,
66.54,REGROUND,14.73,-0.25,-9.58,17.15,-0.01,1,0,,,,0.245,0.023,0.9,13.26,-0.01,,,
66.59,REGROUND,14.76,-0.25,-9.58,17.16,-0.01,1,0,,,,0.239,0.023,1.5,13.26,-0.01,,,
66.64,REGROUND,14.76,-0.25,-9.58,17.18,-0.01,1,0,,,,0.245,0.023,1.0,13.26,-0.01,,,
66.69,REGROUND,14.78,-0.25,-9.58,17.19,-0.01,1,0,,,,0.239,0.022,1.4,13.26,-0.01,,,
66.74,REGROUND,14.78,-0.25,-9.58,17.2,-0.01,1,0,,,,0.245,0.023,1.0,13.26,-0.01,,,
66.79,REGROUND,14.81,-0.25,-9.58,17.21,-0.01,1,0,,,,0.239,0.022,1.5,13.26,-0.01,,,
66.84,REGROUND,14.81,-0.25,-9.58,17.23,-0.01,1,0,,,,0.246,0.023,1.0,13.26,-0.01,,,
66.9,REGROUND,14.83,-0.25,-9.58,17.24,-0.01,1,0,,,,0.24,0.022,1.6,13.26,-0.01,,,
66.95,REGROUND,14.86,-0.25,-9.58,17.25,-0.01,1,0,,,,0.234,0.022,1.6,13.26,-0.01,,,
67.0,REGROUND,14.86,-0.25,-9.58,17.26,-0.01,1,0,,,,0.24,0.022,1.0,13.26,-0.01,,,
67.05,REGROUND,14.88,-0.25,-9.58,17.28,-0.01,1,0,,,,0.234,0.021,1.4,13.26,-0.01,,,
67.1,REGROUND,14.88,-0.25,-9.58,17.29,-0.01,1,0,,,,0.24,0.022,0.8,13.26,-0.01,,,
67.15,REGROUND,14.9,-0.25,-9.58,17.3,-0.01,1,0,,,,0.234,0.021,1.6,13.26,-0.01,,,
67.2,REGROUND,14.9,-0.25,-9.58,17.31,-0.01,1,0,,,,0.24,0.022,0.9,13.26,-0.01,,,
67.25,REGROUND,14.9,-0.25,-9.58,17.33,-0.01,1,0,,,,0.246,0.022,42.3,13.26,-0.01,,,
67.3,REGROUND,14.93,-0.25,-9.58,17.34,-0.01,1,0,,,,0.24,0.022,5.2,13.26,-0.01,,,
67.35,REGROUND,14.93,-0.25,-9.58,17.35,-0.01,1,0,,,,0.246,0.022,1.0,13.26,-0.01,,,
67.4,REGROUND,14.95,-0.26,-9.58,17.36,-0.01,1,0,,,,0.241,0.022,1.7,13.26,-0.01,,,
67.45,REGROUND,14.95,-0.26,-9.58,17.38,-0.01,1,0,,,,0.247,0.022,1.0,13.26,-0.01,,,
67.5,REGROUND,14.98,-0.26,-9.58,17.39,-0.01,1,0,,,,0.241,0.022,1.6,13.26,-0.01,,,
67.55,REGROUND,15.0,-0.26,-9.58,17.4,-0.01,1,0,,,,0.235,0.021,1.5,13.26,-0.01,,,
67.6,REGROUND,15.0,-0.26,-9.58,17.41,-0.01,1,0,,,,0.241,0.022,1.0,13.26,-0.01,,,
67.65,REGROUND,15.02,-0.26,-9.58,17.43,-0.01,1,0,,,,0.235,0.021,1.6,13.26,-0.01,,,
67.7,REGROUND,15.02,-0.26,-9.58,17.44,-0.01,1,0,,,,0.241,0.022,1.0,13.26,-0.01,,,
67.75,REGROUND,15.05,-0.26,-9.58,17.45,-0.01,1,0,,,,0.235,0.021,1.6,13.26,-0.01,,,
67.8,REGROUND,15.05,-0.26,-9.58,17.46,-0.01,1,0,,,,0.241,0.022,0.9,13.26,-0.01,,,
67.85,REGROUND,15.05,-0.26,-9.58,17.48,-0.01,1,0,,,,0.247,0.022,0.9,13.26,-0.01,,,
67.9,REGROUND,15.07,-0.26,-9.58,17.49,-0.01,1,0,,,,0.241,0.022,1.5,13.26,-0.01,,,
67.95,REGROUND,15.07,-0.26,-9.58,17.5,-0.01,1,0,,,,0.247,0.022,0.9,13.26,-0.01,,,
68.0,REGROUND,15.1,-0.26,-9.58,17.51,-0.01,1,0,,,,0.241,0.022,1.7,13.26,-0.01,,,
68.05,REGROUND,15.1,-0.26,-9.58,17.53,-0.01,1,0,,,,0.247,0.022,1.1,13.26,-0.01,,,
68.1,REGROUND,15.12,-0.26,-9.58,17.54,-0.01,1,0,,,,0.242,0.022,1.9,13.26,-0.01,,,
68.15,REGROUND,15.14,-0.26,-9.58,17.55,-0.01,1,0,,,,0.236,0.021,1.7,13.26,-0.01,,,
68.2,REGROUND,15.14,-0.26,-9.58,17.56,-0.01,1,0,,,,0.242,0.022,1.1,13.26,-0.01,,,
68.25,REGROUND,15.17,-0.26,-9.58,17.58,-0.01,1,0,,,,0.236,0.021,1.4,13.26,-0.01,,,
68.3,REGROUND,15.17,-0.26,-9.58,17.59,-0.01,1,0,,,,0.242,0.021,1.0,13.26,-0.01,,,
68.35,REGROUND,15.19,-0.26,-9.58,17.6,-0.01,1,0,,,,0.236,0.021,1.7,13.26,-0.01,,,
68.4,REGROUND,15.19,-0.26,-9.58,17.61,-0.01,1,0,,,,0.242,0.021,0.9,13.26,-0.01,,,
68.45,REGROUND,15.22,-0.26,-9.58,17.63,-0.01,1,0,,,,0.236,0.021,1.5,13.26,-0.01,,,
68.5,REGROUND,15.22,-0.26,-9.58,17.64,-0.01,1,0,,,,0.242,0.021,0.8,13.26,-0.01,,,
68.55,REGROUND,15.22,-0.26,-9.58,17.65,-0.01,1,0,,,,0.248,0.022,1.0,13.26,-0.01,,,
68.6,REGROUND,15.24,-0.26,-9.58,17.66,-0.01,1,0,,,,0.242,0.021,1.5,13.26,-0.01,,,
68.65,REGROUND,15.27,-0.26,-9.58,17.68,-0.01,1,0,,,,0.236,0.021,1.5,13.26,-0.01,,,
68.7,REGROUND,15.27,-0.26,-9.58,17.69,-0.01,1,0,,,,0.242,0.021,1.0,13.26,-0.01,,,
68.75,REGROUND,15.29,-0.26,-9.58,17.7,-0.01,1,0,,,,0.236,0.021,1.6,13.26,-0.01,,,
68.8,REGROUND,15.29,-0.26,-9.58,17.71,-0.01,1,0,,,,0.242,0.021,1.0,13.26,-0.01,,,
68.85,REGROUND,15.31,-0.27,-9.58,17.73,-0.01,1,0,,,,0.236,0.021,1.6,13.26,-0.01,,,
68.9,REGROUND,15.31,-0.27,-9.58,17.74,-0.01,1,0,,,,0.242,0.021,1.0,13.26,-0.01,,,
68.95,REGROUND,15.34,-0.27,-9.58,17.75,-0.01,1,0,,,,0.236,0.021,1.6,13.26,-0.01,,,
69.0,REGROUND,15.34,-0.27,-9.58,17.76,-0.01,1,0,,,,0.242,0.022,0.9,13.26,-0.01,,,
69.05,REGROUND,15.36,-0.27,-9.58,17.78,-0.01,1,0,,,,0.237,0.021,1.6,13.26,-0.01,,,
69.1,REGROUND,15.36,-0.27,-9.58,17.79,-0.01,1,0,,,,0.243,0.022,1.1,13.26,-0.01,,,
69.15,REGROUND,15.39,-0.27,-9.58,17.8,-0.01,1,0,,,,0.237,0.022,1.9,13.26,-0.01,,,
69.2,REGROUND,15.39,-0.27,-9.58,17.81,-0.01,1,0,,,,0.243,0.022,1.0,13.26,-0.01,,,
69.25,REGROUND,15.41,-0.27,-9.58,17.83,-0.01,1,0,,,,0.237,0.022,1.5,13.26,-0.01,,,
69.3,REGROUND,15.41,-0.27,-9.58,17.84,-0.01,1,0,,,,0.243,0.022,0.9,13.26,-0.01,,,
69.35,REGROUND,15.43,-0.27,-9.58,17.85,-0.01,1,0,,,,0.237,0.022,1.4,13.26,-0.01,,,
69.4,REGROUND,15.43,-0.27,-9.58,17.86,-0.01,1,0,,,,0.243,0.023,0.9,13.26,-0.01,,,
69.45,REGROUND,15.46,-0.27,-9.58,17.88,-0.01,1,0,,,,0.237,0.022,1.6,13.26,-0.01,,,
69.5,REGROUND,15.46,-0.27,-9.58,17.89,-0.01,1,0,,,,0.243,0.023,1.0,13.26,-0.01,,,
69.55,REGROUND,15.48,-0.27,-9.58,17.9,-0.01,1,0,,,,0.237,0.023,1.6,13.26,-0.01,,,
69.6,REGROUND,15.48,-0.27,-9.58,17.91,-0.01,1,0,,,,0.243,0.023,41.6,13.26,-0.01,,,
69.65,REGROUND,15.51,-0.27,-9.58,17.93,-0.01,1,0,,,,0.238,0.023,5.2,13.26,-0.01,,,
69.7,REGROUND,15.51,-0.27,-9.58,17.94,-0.01,1,0,,,,0.244,0.023,1.0,13.26,-0.01,,,
69.75,REGROUND,15.53,-0.28,-9.58,17.95,-0.01,1,0,,,,0.238,0.023,1.6,13.26,-0.01,,,
69.8,REGROUND,15.53,-0.28,-9.58,17.96,-0.01,1,0,,,,0.244,0.024,0.9,13.26,-0.01,,,
69.85,REGROUND,15.55,-0.28,-9.58,17.98,-0.01,1,0,,,,0.238,0.023,1.5,13.26,-0.01,,,
69.9,REGROUND,15.55,-0.28,-9.58,17.99,-0.01,1,0,,,,0.244,0.024,0.9,13.26,-0.01,,,
69.95,REGROUND,15.58,-0.28,-9.58,18.0,-0.01,1,0,,,,0.237,0.023,1.5,13.26,-0.01,,,
70.0,REGROUND,15.58,-0.28,-9.58,18.01,-0.01,1,0,,,,0.244,0.024,0.7,13.26,-0.01,,,
70.05,REGROUND,15.6,-0.28,-9.58,18.03,-0.01,1,0,,,,0.238,0.023,1.6,13.26,-0.01,,,
70.1,REGROUND,15.6,-0.28,-9.58,18.04,-0.01,1,0,,,,0.244,0.024,0.9,13.26,-0.01,,,
70.15,REGROUND,15.63,-0.28,-9.58,18.05,-0.01,1,0,,,,0.238,0.024,1.5,13.26,-0.01,,,
70.2,REGROUND,15.63,-0.28,-9.58,18.06,-0.01,1,0,,,,0.244,0.024,0.9,13.26,-0.01,,,
70.25,REGROUND,15.65,-0.28,-9.58,18.08,-0.01,1,0,,,,0.238,0.024,1.6,13.26,-0.01,,,
70.3,REGROUND,15.65,-0.28,-9.58,18.09,-0.01,1,0,,,,0.244,0.024,1.0,13.26,-0.01,,,
70.35,REGROUND,15.67,-0.28,-9.58,18.1,-0.01,1,0,,,,0.238,0.024,1.6,13.26,-0.01,,,
70.4,REGROUND,15.67,-0.28,-9.58,18.11,-0.01,1,0,,,,0.244,0.025,1.0,13.26,-0.01,,,
70.45,REGROUND,15.7,-0.28,-9.58,18.13,-0.01,1,0,,,,0.238,0.024,1.5,13.26,-0.01,,,
70.5,REGROUND,15.7,-0.28,-9.58,18.14,-0.01,1,0,,,,0.244,0.025,1.0,13.26,-0.01,,,
70.55,REGROUND,15.72,-0.28,-9.58,18.15,-0.01,1,0,,,,0.238,0.025,1.6,13.26,-0.01,,,
70.6,REGROUND,15.72,-0.28,-9.58,18.16,-0.01,1,0,,,,0.244,0.025,1.0,13.26,-0.01,,,
70.65,REGROUND,15.75,-0.29,-9.58,18.18,-0.01,1,0,,,,0.238,0.025,1.5,13.26,-0.01,,,
70.7,REGROUND,15.75,-0.29,-9.58,18.19,-0.01,1,0,,,,0.244,0.025,0.9,13.26,-0.01,,,
70.75,REGROUND,15.77,-0.29,-9.58,18.2,-0.01,1,0,,,,0.238,0.025,1.5,13.26,-0.01,,,
70.8,REGROUND,15.77,-0.29,-9.58,18.21,-0.01,1,0,,,,0.244,0.025,0.9,13.26,-0.01,,,
70.85,REGROUND,15.8,-0.29,-9.58,18.23,-0.01,1,0,,,,0.238,0.025,1.5,13.26,-0.01,,,
70.9,REGROUND,15.8,-0.29,-9.58,18.24,-0.01,1,0,,,,0.244,0.025,0.9,13.26,-0.01,,,
70.95,REGROUND,15.82,-0.29,-9.58,18.25,-0.01,1,0,,,,0.238,0.025,1.6,13.26,-0.01,,,
71.0,REGROUND,15.82,-0.29,-9.58,18.26,-0.01,1,0,,,,0.244,0.026,0.8,13.26,-0.01,,,
71.05,REGROUND,15.85,-0.29,-9.58,18.28,-0.01,1,0,,,,0.238,0.025,9.9,13.26,-0.01,,,
71.1,REGROUND,15.85,-0.29,-9.58,18.29,-0.01,1,0,,,,0.244,0.026,1.0,13.26,-0.01,,,
71.15,REGROUND,15.87,-0.29,-9.58,18.3,-0.01,1,0,,,,0.238,0.025,1.6,13.26,-0.01,,,
71.2,REGROUND,15.87,-0.29,-9.58,18.31,-0.01,1,0,,,,0.244,0.026,1.0,13.26,-0.01,,,
71.25,REGROUND,15.89,-0.29,-9.58,18.33,-0.01,1,0,,,,0.238,0.025,1.7,13.26,-0.01,,,
71.3,REGROUND,15.89,-0.29,-9.58,18.34,-0.01,1,0,,,,0.244,0.026,0.9,13.26,-0.01,,,
71.35,REGROUND,15.92,-0.29,-9.58,18.35,-0.01,1,0,,,,0.237,0.025,1.6,13.26,-0.01,,,
71.4,REGROUND,15.92,-0.29,-9.58,18.36,-0.01,1,0,,,,0.244,0.026,0.9,13.26,-0.01,,,
71.45,REGROUND,15.94,-0.29,-9.58,18.38,-0.01,1,0,,,,0.238,0.025,1.6,13.26,-0.01,,,
71.5,REGROUND,15.94,-0.29,-9.58,18.39,-0.01,1,0,,,,0.244,0.026,0.9,13.26,-0.01,,,
71.55,REGROUND,15.97,-0.29,-9.58,18.4,-0.01,1,0,,,,0.238,0.025,1.6,13.26,-0.01,,,
71.6,REGROUND,15.97,-0.29,-9.58,18.41,-0.01,1,0,,,,0.244,0.026,0.9,13.26,-0.01,,,
71.65,REGROUND,15.99,-0.29,-9.58,18.43,-0.01,1,0,,,,0.238,0.025,1.4,13.26,-0.01,,,
71.7,REGROUND,15.99,-0.29,-9.58,18.44,-0.01,1,0,,,,0.244,0.026,0.9,13.26,-0.01,,,
71.75,REGROUND,16.02,-0.29,-9.58,18.45,-0.01,1,0,,,,0.238,0.025,1.6,13.26,-0.01,,,
71.8,REGROUND,16.02,-0.29,-9.58,18.47,-0.01,1,0,,,,0.244,0.026,1.0,13.26,-0.01,,,
71.85,REGROUND,16.04,-0.29,-9.58,18.48,-0.01,1,0,,,,0.238,0.025,1.6,13.26,-0.01,,,
71.9,REGROUND,16.04,-0.29,-9.58,18.49,-0.01,1,0,,,,0.244,0.025,1.0,13.26,-0.01,,,
71.95,REGROUND,16.06,-0.3,-9.58,18.5,-0.01,1,0,,,,0.238,0.025,1.7,13.26,-0.01,,,
72.0,REGROUND,16.06,-0.3,-9.58,18.52,-0.01,1,0,,,,0.244,0.025,41.5,13.26,-0.01,,,
72.05,REGROUND,16.09,-0.3,-9.58,18.53,-0.01,1,0,,,,0.238,0.025,5.5,13.26,-0.01,,,
72.1,REGROUND,16.09,-0.3,-9.58,18.54,-0.01,1,0,,,,0.244,0.025,1.1,13.26,-0.01,,,
72.15,REGROUND,16.11,-0.3,-9.58,18.55,-0.01,1,0,,,,0.238,0.024,1.6,13.26,-0.01,,,
72.2,REGROUND,16.11,-0.3,-9.58,18.57,-0.01,1,0,,,,0.244,0.025,0.9,13.26,-0.01,,,
72.25,REGROUND,16.14,-0.3,-9.58,18.58,-0.01,1,0,,,,0.239,0.024,1.6,13.26,-0.01,,,
72.3,REGROUND,16.14,-0.3,-9.58,18.59,-0.01,1,0,,,,0.245,0.025,0.9,13.26,-0.01,,,
72.35,REGROUND,16.16,-0.3,-9.58,18.6,-0.01,1,0,,,,0.239,0.024,1.5,13.26,-0.01,,,
72.4,REGROUND,16.16,-0.3,-9.58,18.62,-0.01,1,0,,,,0.245,0.024,1.0,13.26,-0.01,,,
72.45,REGROUND,16.18,-0.3,-9.58,18.63,-0.01,1,0,,,,0.239,0.024,1.6,13.26,-0.01,,,
72.5,REGROUND,16.18,-0.3,-9.58,18.64,-0.01,1,0,,,,0.245,0.024,1.0,13.26,-0.01,,,
72.55,REGROUND,16.21,-0.3,-9.58,18.65,-0.01,1,0,,,,0.239,0.023,1.6,13.26,-0.01,,,
72.6,REGROUND,16.21,-0.3,-9.58,18.67,-0.01,1,0,,,,0.245,0.024,1.0,13.26,-0.01,,,
72.65,REGROUND,16.23,-0.3,-9.58,18.68,-0.01,1,0,,,,0.239,0.023,1.7,13.26,-0.01,,,
72.7,REGROUND,16.23,-0.3,-9.58,18.69,-0.01,1,0,,,,0.245,0.024,0.9,13.26,-0.01,,,
72.75,REGROUND,16.26,-0.3,-9.58,18.7,-0.01,1,0,,,,0.239,0.023,1.6,13.26,-0.01,,,
72.8,REGROUND,16.26,-0.3,-9.58,18.72,-0.01,1,0,,,,0.245,0.024,0.9,13.26,-0.01,,,
72.85,REGROUND,16.28,-0.3,-9.58,18.73,-0.01,1,0,,,,0.239,0.023,1.6,13.26,-0.01,,,
72.9,REGROUND,16.28,-0.3,-9.58,18.74,-0.01,1,0,,,,0.245,0.023,0.9,13.26,-0.01,,,
72.95,REGROUND,16.31,-0.3,-9.58,18.75,-0.01,1,0,,,,0.239,0.023,1.6,13.26,-0.01,,,
73.0,REGROUND,16.31,-0.3,-9.58,18.77,-0.01,1,0,,,,0.245,0.023,0.7,13.26,-0.01,,,
73.05,REGROUND,16.33,-0.3,-9.58,18.78,-0.01,1,0,,,,0.239,0.022,1.6,13.26,-0.01,,,
73.1,REGROUND,16.33,-0.3,-9.58,18.79,-0.01,1,0,,,,0.245,0.023,0.7,13.26,-0.01,,,
73.15,REGROUND,16.35,-0.3,-9.58,18.8,-0.01,1,0,,,,0.239,0.022,1.7,13.26,-0.01,,,
73.2,REGROUND,16.35,-0.3,-9.58,18.82,-0.01,1,0,,,,0.245,0.023,1.0,13.26,-0.01,,,
73.25,REGROUND,16.38,-0.3,-9.58,18.83,-0.01,1,0,,,,0.24,0.022,1.6,13.26,-0.01,,,
73.3,REGROUND,16.38,-0.3,-9.58,18.84,-0.01,1,0,,,,0.246,0.023,1.0,13.26,-0.01,,,
73.35,REGROUND,16.4,-0.3,-9.58,18.85,-0.01,1,0,,,,0.24,0.022,1.6,13.26,-0.01,,,
73.4,REGROUND,16.4,-0.3,-9.58,18.87,-0.01,1,0,,,,0.246,0.023,1.0,13.26,-0.01,,,
73.45,REGROUND,16.43,-0.3,-9.58,18.88,-0.01,1,0,,,,0.24,0.022,1.6,13.26,-0.01,,,
73.5,REGROUND,16.43,-0.3,-9.58,18.89,-0.01,1,0,,,,0.246,0.022,1.0,13.26,-0.01,,,
73.55,REGROUND,16.45,-0.3,-9.58,18.9,-0.01,1,0,,,,0.24,0.022,1.6,13.26,-0.01,,,
73.6,REGROUND,16.45,-0.3,-9.58,18.92,-0.01,1,0,,,,0.246,0.022,0.9,13.26,-0.01,,,
73.65,REGROUND,16.47,-0.3,-9.58,18.93,-0.01,1,0,,,,0.24,0.022,1.6,13.26,-0.01,,,
73.7,REGROUND,16.47,-0.3,-9.58,18.94,-0.01,1,0,,,,0.246,0.022,0.9,13.26,-0.01,,,
73.75,REGROUND,16.5,-0.3,-9.58,18.95,-0.01,1,0,,,,0.24,0.022,1.6,13.26,-0.01,,,
73.8,REGROUND,16.5,-0.3,-9.58,18.97,-0.01,1,0,,,,0.246,0.022,0.9,13.26,-0.01,,,
73.85,REGROUND,16.52,-0.3,-9.58,18.98,-0.01,1,0,,,,0.24,0.021,1.6,13.26,-0.01,,,
73.91,REGROUND,16.52,-0.3,-9.58,18.99,-0.01,1,0,,,,0.246,0.022,1.2,13.26,-0.01,,,
73.96,REGROUND,16.55,-0.3,-9.58,19.0,-0.01,1,0,,,,0.24,0.021,1.6,13.26,-0.01,,,
74.01,REGROUND,16.55,-0.3,-9.58,19.02,-0.01,1,0,,,,0.246,0.022,0.7,13.26,-0.01,,,
74.06,REGROUND,16.57,-0.3,-9.58,19.03,-0.01,1,0,,,,0.24,0.021,1.4,13.26,-0.01,,,
74.11,REGROUND,16.57,-0.3,-9.58,19.04,-0.01,1,0,,,,0.246,0.022,1.0,13.26,-0.01,,,
74.16,REGROUND,16.6,-0.3,-9.58,19.05,-0.01,1,0,,,,0.24,0.021,1.6,13.26,-0.01,,,
74.21,REGROUND,16.6,-0.3,-9.58,19.07,-0.01,1,0,,,,0.246,0.022,0.9,13.26,-0.01,,,
74.26,REGROUND,16.62,-0.3,-9.58,19.08,-0.01,1,0,,,,0.24,0.021,1.6,13.26,-0.01,,,
74.31,REGROUND,16.62,-0.3,-9.58,19.09,-0.01,1,0,,,,0.246,0.022,0.9,13.26,-0.01,,,
74.36,REGROUND,16.64,-0.31,-9.58,19.1,-0.01,1,0,,,,0.24,0.021,1.6,13.26,-0.01,,,
74.41,REGROUND,16.64,-0.31,-9.58,19.12,-0.01,1,0,,,,0.246,0.022,41.2,13.26,-0.01,,,
74.46,REGROUND,16.67,-0.31,-9.58,19.13,-0.01,1,0,,,,0.24,0.021,5.3,13.26,-0.01,,,
74.51,REGROUND,16.67,-0.31,-9.58,19.14,-0.01,1,0,,,,0.246,0.022,0.9,13.26,-0.01,,,
74.56,REGROUND,16.69,-0.31,-9.58,19.15,-0.01,1,0,,,,0.24,0.021,1.5,13.26,-0.01,,,
74.61,REGROUND,16.69,-0.31,-9.58,19.17,-0.01,1,0,,,,0.246,0.022,0.9,13.26,-0.01,,,
74.66,REGROUND,16.72,-0.31,-9.58,19.18,-0.01,1,0,,,,0.241,0.021,1.7,13.26,-0.01,,,
74.71,REGROUND,16.72,-0.31,-9.58,19.19,-0.01,1,0,,,,0.247,0.022,0.9,13.26,-0.01,,,
74.76,REGROUND,16.74,-0.31,-9.58,19.2,-0.01,1,0,,,,0.24,0.021,1.6,13.26,-0.01,,,
74.81,REGROUND,16.74,-0.31,-9.58,19.22,-0.01,1,0,,,,0.247,0.022,1.0,13.26,-0.01,,,
74.86,REGROUND,16.77,-0.31,-9.58,19.23,-0.01,1,0,,,,0.241,0.021,1.6,13.26,-0.01,,,
74.91,REGROUND,16.77,-0.31,-9.58,19.24,-0.01,1,0,,,,0.247,0.022,1.0,13.26,-0.01,,,
74.96,REGROUND,16.79,-0.31,-9.58,19.25,-0.01,1,0,,,,0.24,0.021,1.6,13.26,-0.01,,,
75.01,REGROUND,16.79,-0.31,-9.58,19.27,-0.01,1,0,,,,0.246,0.022,0.7,13.26,-0.01,,,
75.06,REGROUND,16.81,-0.31,-9.58,19.28,-0.01,1,0,,,,0.24,0.021,1.4,13.26,-0.01,,,
75.11,REGROUND,16.81,-0.31,-9.58,19.29,-0.01,1,0,,,,0.247,0.022,0.9,13.26,-0.01,,,
75.16,REGROUND,16.84,-0.31,-9.58,19.3,-0.01,1,0,,,,0.24,0.022,1.6,13.26,-0.01,,,
75.21,REGROUND,16.84,-0.31,-9.58,19.32,-0.01,1,0,,,,0.246,0.022,0.9,13.26,-0.01,,,
75.26,REGROUND,16.86,-0.31,-9.58,19.33,-0.01,1,0,,,,0.24,0.022,1.6,13.26,-0.01,,,
75.31,REGROUND,16.86,-0.31,-9.58,19.34,-0.01,1,0,,,,0.246,0.022,0.9,13.26,-0.01,,,
75.36,REGROUND,16.89,-0.31,-9.58,19.35,-0.01,1,0,,,,0.24,0.022,1.6,13.26,-0.01,,,
75.41,REGROUND,16.89,-0.31,-9.58,19.37,-0.01,1,0,,,,0.246,0.022,1.0,13.26,-0.01,,,
75.46,REGROUND,16.91,-0.31,-9.58,19.38,-0.01,1,0,,,,0.24,0.022,1.6,13.26,-0.01,,,
75.51,REGROUND,16.91,-0.31,-9.58,19.39,-0.01,1,0,,,,0.246,0.023,0.9,13.26,-0.01,,,
75.56,REGROUND,16.94,-0.32,-9.58,19.4,-0.01,1,0,,,,0.24,0.022,1.6,13.26,-0.01,,,
75.61,REGROUND,16.94,-0.32,-9.58,19.42,-0.01,1,0,,,,0.246,0.023,1.0,13.26,-0.01,,,
75.66,REGROUND,16.96,-0.32,-9.58,19.43,-0.01,1,0,,,,0.24,0.022,1.6,13.26,-0.01,,,
75.71,REGROUND,16.96,-0.32,-9.58,19.44,-0.01,1,0,,,,0.246,0.023,0.9,13.26,-0.01,,,
75.76,REGROUND,16.99,-0.32,-9.58,19.45,-0.01,1,0,,,,0.24,0.023,1.6,13.26,-0.01,,,
75.81,REGROUND,16.99,-0.32,-9.58,19.47,-0.01,1,0,,,,0.246,0.023,0.9,13.26,-0.01,,,
75.86,REGROUND,17.01,-0.32,-9.58,19.48,-0.01,1,0,,,,0.24,0.023,1.6,13.26,-0.01,,,
75.91,REGROUND,17.01,-0.32,-9.58,19.49,-0.01,1,0,,,,0.246,0.024,0.9,13.26,-0.01,,,
75.96,REGROUND,17.04,-0.32,-9.58,19.5,-0.01,1,0,,,,0.239,0.023,1.5,13.26,-0.01,,,
76.01,REGROUND,17.04,-0.32,-9.58,19.52,-0.01,1,0,,,,0.246,0.024,0.7,13.26,-0.01,,,
76.06,REGROUND,17.06,-0.32,-9.58,19.53,-0.01,1,0,,,,0.239,0.023,1.7,13.26,-0.01,,,
76.11,REGROUND,17.06,-0.32,-9.58,19.54,-0.01,1,0,,,,0.245,0.024,1.0,13.26,-0.01,,,
76.16,REGROUND,17.08,-0.32,-9.58,19.55,-0.01,1,0,,,,0.239,0.024,1.6,13.26,-0.01,,,
76.21,REGROUND,17.08,-0.32,-9.58,19.57,-0.01,1,0,,,,0.245,0.024,1.0,13.26,-0.01,,,
76.26,REGROUND,17.11,-0.32,-9.58,19.58,-0.01,1,0,,,,0.239,0.024,1.6,13.26,-0.01,,,
76.31,REGROUND,17.11,-0.32,-9.58,19.59,-0.01,1,0,,,,0.245,0.024,0.9,13.26,-0.01,,,
76.36,REGROUND,17.13,-0.33,-9.58,19.6,-0.01,1,0,,,,0.239,0.024,1.6,13.26,-0.01,,,
76.41,REGROUND,17.13,-0.33,-9.58,19.62,-0.01,1,0,,,,0.245,0.025,0.9,13.26,-0.01,,,
76.46,REGROUND,17.16,-0.33,-9.58,19.63,-0.01,1,0,,,,0.239,0.024,1.6,13.26,-0.01,,,
76.51,REGROUND,17.16,-0.33,-9.58,19.64,-0.01,1,0,,,,0.245,0.025,0.9,13.26,-0.01,,,
76.56,REGROUND,17.18,-0.33,-9.58,19.65,-0.01,1,0,,,,0.239,0.025,1.6,13.26,-0.01,,,
76.61,REGROUND,17.18,-0.33,-9.58,19.67,-0.01,1,0,,,,0.245,0.025,0.9,13.26,-0.01,,,
76.66,REGROUND,17.21,-0.33,-9.58,19.68,-0.01,1,0,,,,0.239,0.025,1.6,13.26,-0.01,,,
76.71,REGROUND,17.21,-0.33,-9.58,19.69,-0.01,1,0,,,,0.245,0.026,0.9,13.26,-0.01,,,
76.76,REGROUND,17.23,-0.33,-9.58,19.7,-0.01,1,0,,,,0.239,0.025,1.5,13.26,-0.01,,,
76.81,REGROUND,17.23,-0.33,-9.58,19.72,-0.01,1,0,,,,0.245,0.026,40.9,13.26,-0.01,,,
76.86,REGROUND,17.26,-0.33,-9.58,19.73,-0.01,1,0,,,,0.239,0.025,5.6,13.26,-0.01,,,
76.91,REGROUND,17.26,-0.33,-9.58,19.74,-0.01,1,0,,,,0.245,0.026,1.0,13.26,-0.01,,,
76.96,REGROUND,17.28,-0.33,-9.58,19.75,-0.01,1,0,,,,0.239,0.026,1.6,13.26,-0.01,,,
77.01,REGROUND,17.28,-0.33,-9.58,19.77,-0.01,1,0,,,,0.245,0.026,0.7,13.26,-0.01,,,
77.06,REGROUND,17.3,-0.33,-9.58,19.78,-0.01,1,0,,,,0.239,0.026,1.5,13.26,-0.01,,,
77.11,REGROUND,17.3,-0.33,-9.58,19.79,-0.01,1,0,,,,0.245,0.026,1.0,13.26,-0.01,,,
77.16,REGROUND,17.33,-0.33,-9.58,19.8,-0.01,1,0,,,,0.239,0.026,1.6,13.26,-0.01,,,
77.21,REGROUND,17.33,-0.33,-9.58,19.82,-0.01,1,0,,,,0.245,0.026,0.9,13.26,-0.01,,,
77.26,REGROUND,17.35,-0.34,-9.58,19.83,-0.01,1,0,,,,0.239,0.025,1.6,13.26,-0.01,,,
77.31,REGROUND,17.35,-0.34,-9.58,19.84,-0.01,1,0,,,,0.245,0.026,0.9,13.26,-0.01,,,
77.36,REGROUND,17.38,-0.34,-9.58,19.85,-0.01,1,0,,,,0.239,0.025,1.5,13.26,-0.01,,,
77.41,REGROUND,17.38,-0.34,-9.58,19.87,-0.01,1,0,,,,0.245,0.026,0.9,13.26,-0.01,,,
77.46,REGROUND,17.4,-0.34,-9.58,19.88,-0.01,1,0,,,,0.239,0.025,1.5,13.26,-0.01,,,
77.51,REGROUND,17.4,-0.34,-9.58,19.89,-0.01,1,0,,,,0.245,0.026,0.9,13.26,-0.01,,,
77.56,REGROUND,17.43,-0.34,-9.58,19.9,-0.01,1,0,,,,0.239,0.025,1.6,13.26,-0.01,,,
77.61,REGROUND,17.43,-0.34,-9.58,19.92,-0.01,1,0,,,,0.245,0.025,1.0,13.26,-0.01,,,
77.66,REGROUND,17.45,-0.34,-9.58,19.93,-0.01,1,0,,,,0.239,0.024,1.6,13.26,-0.01,,,
77.71,REGROUND,17.45,-0.34,-9.58,19.94,-0.01,1,0,,,,0.245,0.025,1.0,13.26,-0.01,,,
77.76,REGROUND,17.47,-0.34,-9.58,19.95,-0.01,1,0,,,,0.239,0.024,1.6,13.26,-0.01,,,
77.81,REGROUND,17.47,-0.34,-9.58,19.97,-0.01,1,0,,,,0.245,0.025,0.9,13.26,-0.01,,,
77.86,REGROUND,17.5,-0.34,-9.58,19.98,-0.01,1,0,,,,0.239,0.024,1.4,13.26,-0.01,,,
77.91,REGROUND,17.5,-0.34,-9.58,19.99,-0.01,1,0,,,,0.245,0.024,0.7,13.26,-0.01,,,
77.96,REGROUND,17.52,-0.34,-9.58,20.0,-0.01,1,0,,,,0.239,0.024,1.5,13.26,-0.01,,,
78.01,REGROUND,17.52,-0.34,-9.58,20.02,-0.01,1,0,,,,0.245,0.024,0.7,13.26,-0.01,,,
78.06,REGROUND,17.55,-0.34,-9.58,20.03,-0.01,1,0,,,,0.239,0.023,1.6,13.26,-0.01,,,
78.11,REGROUND,17.55,-0.34,-9.58,20.04,-0.01,1,0,,,,0.245,0.024,1.0,13.26,-0.01,,,
78.16,REGROUND,17.57,-0.34,-9.58,20.05,-0.01,1,0,,,,0.239,0.023,1.6,13.26,-0.01,,,
78.21,REGROUND,17.57,-0.34,-9.58,20.07,-0.01,1,0,,,,0.245,0.024,0.9,13.26,-0.01,,,
78.26,REGROUND,17.6,-0.34,-9.58,20.08,-0.01,1,0,,,,0.239,0.023,1.6,13.26,-0.01,,,
78.31,REGROUND,17.6,-0.34,-9.58,20.09,-0.01,1,0,,,,0.245,0.023,0.9,13.26,-0.01,,,
78.36,REGROUND,17.62,-0.34,-9.58,20.1,-0.01,1,0,,,,0.239,0.023,1.5,13.26,-0.01,,,
78.41,REGROUND,17.62,-0.34,-9.58,20.12,-0.01,1,0,,,,0.245,0.023,0.9,13.26,-0.01,,,
78.46,REGROUND,17.64,-0.34,-9.58,20.13,-0.01,1,0,,,,0.239,0.022,1.6,13.26,-0.01,,,
78.51,REGROUND,17.64,-0.34,-9.58,20.14,-0.01,1,0,,,,0.245,0.023,0.9,13.26,-0.01,,,
78.56,REGROUND,17.67,-0.34,-9.58,20.15,-0.01,1,0,,,,0.239,0.022,1.2,13.26,-0.01,,,
78.61,REGROUND,17.67,-0.34,-9.58,20.17,-0.01,1,0,,,,0.245,0.023,0.9,13.26,-0.01,,,
78.66,REGROUND,17.69,-0.34,-9.58,20.18,-0.01,1,0,,,,0.239,0.022,1.6,13.26,-0.01,,,
78.71,REGROUND,17.69,-0.34,-9.58,20.19,-0.01,1,0,,,,0.246,0.023,0.9,13.26,-0.01,,,
78.76,REGROUND,17.72,-0.34,-9.58,20.21,-0.01,1,0,,,,0.239,0.022,1.6,13.26,-0.01,,,
78.81,REGROUND,17.72,-0.34,-9.58,20.22,-0.01,1,0,,,,0.245,0.022,0.9,13.26,-0.01,,,
78.86,REGROUND,17.74,-0.34,-9.58,20.23,-0.01,1,0,,,,0.239,0.022,1.6,13.26,-0.01,,,
78.91,REGROUND,17.74,-0.34,-9.58,20.24,-0.01,1,0,,,,0.245,0.022,0.9,13.26,-0.01,,,
78.96,REGROUND,17.77,-0.34,-9.58,20.26,-0.01,1,0,,,,0.239,0.022,1.6,13.26,-0.01,,,
79.01,REGROUND,17.77,-0.34,-9.58,20.27,-0.01,1,0,,,,0.245,0.022,0.7,13.26,-0.01,,,
79.06,REGROUND,17.79,-0.34,-9.58,20.28,-0.01,1,0,,,,0.239,0.022,1.4,13.26,-0.01,,,
79.11,REGROUND,17.79,-0.34,-9.58,20.29,-0.01,1,0,,,,0.245,0.022,1.0,13.26,-0.01,,,
79.16,REGROUND,17.82,-0.34,-9.58,20.31,-0.01,1,0,,,,0.239,0.022,1.4,13.26,-0.01,,,
79.21,REGROUND,17.82,-0.34,-9.58,20.32,-0.01,1,0,,,,0.245,0.022,41.0,13.26,-0.01,,,
79.26,REGROUND,17.84,-0.34,-9.58,20.33,-0.01,1,0,,,,0.239,0.022,5.4,13.26,-0.01,,,
79.31,REGROUND,17.84,-0.34,-9.58,20.34,-0.01,1,0,,,,0.245,0.022,0.9,13.26,-0.01,,,
79.36,REGROUND,17.86,-0.34,-9.58,20.36,-0.01,1,0,,,,0.239,0.022,1.6,13.26,-0.01,,,
79.41,REGROUND,17.86,-0.34,-9.58,20.37,-0.01,1,0,,,,0.245,0.022,0.7,13.26,-0.01,,,
79.46,REGROUND,17.89,-0.34,-9.58,20.38,-0.01,1,0,,,,0.239,0.022,1.5,13.26,-0.01,,,
79.51,REGROUND,17.89,-0.34,-9.58,20.39,-0.01,1,0,,,,0.245,0.023,0.9,13.26,-0.01,,,
79.56,REGROUND,17.91,-0.35,-9.58,20.41,-0.01,1,0,,,,0.239,0.022,1.6,13.26,-0.01,,,
79.61,REGROUND,17.91,-0.35,-9.58,20.42,-0.01,1,0,,,,0.245,0.023,1.0,13.26,-0.01,,,
79.66,REGROUND,17.94,-0.35,-9.58,20.43,-0.01,1,0,,,,0.24,0.022,1.5,13.26,-0.01,,,
79.71,REGROUND,17.94,-0.35,-9.58,20.44,-0.01,1,0,,,,0.246,0.023,0.9,13.26,-0.01,,,
79.76,REGROUND,17.96,-0.35,-9.58,20.46,-0.01,1,0,,,,0.24,0.023,1.7,13.26,-0.01,,,
79.81,REGROUND,17.96,-0.35,-9.58,20.47,-0.01,1,0,,,,0.246,0.023,1.0,13.26,-0.01,,,
79.86,REGROUND,17.99,-0.35,-9.58,20.48,-0.01,1,0,,,,0.24,0.023,1.6,13.26,-0.01,,,
79.91,REGROUND,17.99,-0.35,-9.58,20.49,-0.01,1,0,,,,0.246,0.023,0.9,13.26,-0.01,,,
79.96,REGROUND,18.01,-0.35,-9.58,20.51,-0.01,1,0,,,,0.24,0.023,1.6,13.26,-0.01,,,
80.01,REGROUND,18.01,-0.35,-9.58,20.52,-0.01,1,0,,,,0.246,0.023,0.7,13.26,-0.01,,,
80.06,REGROUND,18.03,-0.35,-9.58,20.53,-0.01,1,0,,,,0.24,0.023,1.4,13.26,-0.01,,,
80.11,REGROUND,18.03,-0.35,-9.58,20.54,-0.01,1,0,,,,0.246,0.023,0.9,13.26,-0.01,,,
80.16,REGROUND,18.06,-0.35,-9.58,20.56,-0.01,1,0,,,,0.24,0.023,1.6,13.26,-0.01,,,
80.21,REGROUND,18.06,-0.35,-9.58,20.57,-0.01,1,0,,,,0.246,0.023,0.9,13.26,-0.01,,,
80.26,REGROUND,18.08,-0.35,-9.58,20.58,-0.01,1,0,,,,0.24,0.023,1.6,13.26,-0.01,,,
80.31,REGROUND,18.08,-0.35,-9.58,20.59,-0.01,1,0,,,,0.246,0.023,1.0,13.26,-0.01,,,
80.36,REGROUND,18.11,-0.35,-9.58,20.61,-0.01,1,0,,,,0.24,0.023,1.6,13.26,-0.01,,,
80.41,REGROUND,18.11,-0.35,-9.58,20.62,-0.01,1,0,,,,0.246,0.024,1.0,13.26,-0.01,,,
80.46,REGROUND,18.13,-0.35,-9.58,20.63,-0.01,1,0,,,,0.24,0.023,1.7,13.26,-0.01,,,
80.51,REGROUND,18.13,-0.35,-9.58,20.64,-0.01,1,0,,,,0.246,0.024,1.0,13.26,-0.01,,,
80.56,REGROUND,18.15,-0.35,-9.58,20.66,-0.01,1,0,,,,0.24,0.023,1.4,13.26,-0.01,,,
80.61,REGROUND,18.15,-0.35,-9.58,20.67,-0.01,1,0,,,,0.246,0.024,0.9,13.26,-0.01,,,
80.66,REGROUND,18.18,-0.36,-9.58,20.68,-0.01,1,0,,,,0.24,0.023,1.6,13.26,-0.01,,,
80.71,REGROUND,18.18,-0.36,-9.58,20.69,-0.01,1,0,,,,0.246,0.024,0.9,13.26,-0.01,,,
80.76,REGROUND,18.2,-0.36,-9.58,20.71,-0.01,1,0,,,,0.24,0.023,1.6,13.26,-0.01,,,
80.81,REGROUND,18.2,-0.36,-9.58,20.72,-0.01,1,0,,,,0.246,0.024,0.9,13.26,-0.01,,,
80.87,REGROUND,18.23,-0.36,-9.58,20.73,-0.01,1,0,,,,0.241,0.023,1.5,13.26,-0.01,,,
80.92,REGROUND,18.23,-0.36,-9.58,20.74,-0.01,1,0,,,,0.247,0.024,0.8,13.26,-0.01,,,
80.97,REGROUND,18.25,-0.36,-9.58,20.76,-0.01,1,0,,,,0.24,0.023,1.6,13.26,-0.01,,,
81.02,REGROUND,18.25,-0.36,-9.58,20.77,-0.01,1,0,,,,0.246,0.024,0.7,13.26,-0.01,,,
81.07,REGROUND,18.28,-0.36,-9.58,20.78,-0.01,1,0,,,,0.241,0.023,1.4,13.26,-0.01,,,
81.12,REGROUND,18.28,-0.36,-9.58,20.79,-0.01,1,0,,,,0.247,0.024,1.0,13.26,-0.01,,,
81.17,REGROUND,18.3,-0.36,-9.58,20.81,-0.01,1,0,,,,0.24,0.024,1.6,13.26,-0.01,,,
81.22,REGROUND,18.3,-0.36,-9.58,20.82,-0.01,1,0,,,,0.246,0.024,1.0,13.26,-0.01,,,
81.27,REGROUND,18.32,-0.36,-9.58,20.83,-0.01,1,0,,,,0.24,0.024,1.6,13.26,-0.01,,,
81.32,REGROUND,18.32,-0.36,-9.58,20.84,-0.01,1,0,,,,0.246,0.024,0.9,13.26,-0.01,,,
81.37,REGROUND,18.35,-0.36,-9.58,20.86,-0.01,1,0,,,,0.24,0.024,1.6,13.26,-0.01,,,
81.42,REGROUND,18.35,-0.36,-9.58,20.87,-0.01,1,0,,,,0.246,0.024,0.9,13.26,-0.01,,,
81.47,REGROUND,18.37,-0.36,-9.58,20.88,-0.01,1,0,,,,0.24,0.024,1.5,13.26,-0.01,,,
81.52,CARRY,18.37,-0.36,-9.58,20.89,-0.01,1,0,,,,0.429,0.367,244.4,13.26,-0.01,,,
81.76,CARRY,18.45,-0.36,-9.58,20.95,-0.01,1,0,358.0,192.0,61.2,0.96,0.76,49.1,13.26,-0.01,93.5,352.5,6.0
81.81,CARRY,18.45,-0.36,-9.58,20.97,-0.01,1,0,358.0,192.0,61.2,0.96,0.76,49.0,13.26,-0.01,94.2,352.5,6.5
81.86,CARRY,18.47,-0.37,-9.58,20.98,-0.01,1,0,358.0,192.0,61.2,0.96,0.76,51.1,13.26,-0.01,93.6,353.9,7.0
81.91,CARRY,18.47,-0.37,-9.58,20.99,-0.01,1,0,358.0,192.0,61.2,0.96,0.76,50.1,13.26,-0.01,94.3,353.9,7.156
81.96,CARRY,18.5,-0.36,-9.58,21.01,-0.01,1,0,358.0,193.5,60.1,0.93,0.76,51.6,13.26,-0.01,95.1,353.9,7.469
82.02,CARRY,18.5,-0.36,-9.58,21.02,-0.01,1,0,358.0,192.5,60.8,0.95,0.76,50.3,13.26,-0.01,94.8,354.9,7.625
82.07,CARRY,18.52,-0.36,-9.58,21.03,-0.01,1,0,358.0,194.0,59.7,0.92,0.76,50.6,13.26,-0.01,95.4,355.1,7.812
82.12,CARRY,18.52,-0.36,-9.58,21.04,-0.01,1,0,358.0,192.5,60.8,0.95,0.76,49.9,13.26,-0.01,94.7,356.6,7.906
82.17,CARRY,18.56,-0.35,-9.58,21.06,-0.01,1,0,358.5,195.5,58.8,0.89,0.77,50.4,13.26,-0.01,96.3,355.9,7.875
82.22,CARRY,18.56,-0.35,-9.58,21.07,-0.01,1,0,358.0,110.0,135.4,2.6,0.76,50.4,13.26,-0.01,11.5,440.3,7.906
82.27,CARRY,18.6,-0.34,-9.57,21.08,-0.01,1,0,357.5,111.0,134.3,2.58,0.75,50.8,13.26,-0.01,10.8,441.9,8.375
82.33,CARRY,18.6,-0.34,-9.57,21.1,-0.01,1,0,357.5,110.5,134.8,2.59,0.75,50.3,13.26,-0.01,11.0,442.4,8.562
82.38,CARRY,18.66,-0.31,-9.57,21.11,-0.01,1,0,356.5,112.0,133.1,2.56,0.73,50.7,13.26,-0.01,10.2,444.1,7.969
82.43,CARRY,18.66,-0.31,-9.57,21.12,-0.01,1,0,356.5,111.5,133.6,2.57,0.73,49.7,13.26,-0.01,10.5,444.6,8.0
82.48,CARRY,18.73,-0.28,-9.57,21.13,-0.01,1,0,353.5,113.0,131.3,2.54,0.67,50.6,13.26,-0.01,9.1,446.6,8.5
82.53,CARRY,18.73,-0.28,-9.57,21.15,-0.01,1,0,353.5,199.5,52.6,0.81,0.67,49.8,13.26,-0.01,96.3,361.1,8.688
82.58,CARRY,18.81,-0.24,-9.57,21.16,-0.01,1,0,352.0,201.0,50.4,0.78,0.64,51.0,13.26,-0.01,94.2,364.1,8.562
82.63,CARRY,18.81,-0.24,-9.57,21.17,-0.01,1,0,352.0,114.5,129.5,2.51,0.64,51.4,13.26,-0.01,8.4,449.5,8.562
82.69,CARRY,18.9,-0.19,-9.57,21.19,-0.01,1,0,349.0,116.5,126.9,2.47,0.58,52.0,13.26,-0.01,6.1,452.5,8.938
82.74,CARRY,18.9,-0.19,-9.57,21.2,-0.01,1,0,349.0,204.0,46.2,0.72,0.58,50.7,13.26,-0.01,94.4,366.1,9.062
82.79,CARRY,19.01,-0.15,-9.57,21.21,-0.01,1,0,346.5,118.5,124.4,2.43,0.53,52.1,13.26,-0.01,3.5,456.7,9.0
82.84,CARRY,19.01,-0.15,-9.57,21.23,-0.01,1,0,346.5,118.5,124.4,2.43,0.53,51.2,13.26,-0.01,4.2,456.7,9.312
82.9,CARRY,19.14,-0.1,-9.57,21.24,-0.01,1,0,343.0,122.0,120.2,2.36,0.46,51.4,13.26,-0.01,1.3,460.4,9.188
82.95,CARRY,19.29,-0.06,-9.57,21.25,-0.01,1,0,339.5,217.0,30.2,0.46,0.39,51.3,13.26,-0.01,88.7,374.9,9.125
83.0,CARRY,19.29,-0.06,-9.57,21.26,-0.01,1,0,339.5,217.0,30.2,0.46,0.39,50.6,13.26,-0.01,89.5,374.9,8.875
83.05,CARRY,19.47,-0.02,-9.58,21.28,-0.01,1,0,335.5,136.5,104.7,2.07,0.31,50.6,13.26,-0.01,0.2,463.6,9.312
83.1,CARRY,19.47,-0.02,-9.58,21.29,-0.01,1,0,335.5,225.5,21.2,0.29,0.31,50.3,13.26,-0.01,90.0,375.8,9.438
83.16,CARRY,19.65,0.01,-9.58,21.3,-0.01,1,0,332.0,145.0,95.8,1.9,0.24,50.7,13.26,-0.01,0.1,465.4,9.312
83.21,CARRY,19.65,0.01,-9.58,21.32,-0.01,1,0,332.5,144.5,96.3,1.91,0.25,50.0,13.26,-0.01,0.3,466.0,9.625
83.26,CARRY,19.85,0.05,-9.58,21.33,-0.01,1,0,328.5,154.5,85.9,1.71,0.17,50.8,13.26,-0.01,0.5,466.8,9.5
83.31,CARRY,19.85,0.05,-9.58,21.34,-0.01,1,0,329.0,153.5,87.0,1.73,0.18,49.9,13.26,-0.01,0.4,467.9,9.688
83.36,CARRY,20.05,0.07,-9.58,21.35,-0.01,1,0,326.5,254.5,15.9,-0.29,0.13,51.1,13.26,-0.01,90.0,379.4,9.625
83.41,CARRY,20.05,0.07,-9.58,21.37,-0.01,1,0,326.5,254.5,15.9,-0.29,0.13,50.0,13.26,-0.01,90.8,379.4,9.75
83.47,CARRY,20.25,0.09,-9.58,21.38,-0.01,1,0,323.5,174.5,65.6,1.31,0.07,50.8,13.26,-0.01,0.1,469.6,9.625
83.52,CARRY,20.25,0.09,-9.58,21.39,-0.01,1,0,323.5,174.0,66.1,1.32,0.07,49.8,13.26,-0.01,0.4,470.1,9.625
83.57,CARRY,20.45,0.11,-9.58,21.41,-0.01,1,0,321.0,184.0,56.0,1.12,0.02,50.5,13.26,-0.01,0.2,471.3,9.25
83.62,CARRY,20.45,0.11,-9.58,21.42,-0.01,1,0,321.0,183.5,56.5,1.13,0.02,49.9,13.26,-0.01,0.3,471.8,9.125
83.67,CARRY,20.64,0.12,-9.58,21.43,-0.01,1,0,319.0,193.5,46.5,0.93,-0.02,50.6,13.26,-0.01,0.2,472.7,9.125
83.72,CARRY,20.64,0.12,-9.58,21.44,-0.01,1,0,319.0,192.5,47.5,0.95,-0.02,50.4,13.26,-0.01,0.4,473.6,9.125
83.77,CARRY,20.82,0.13,-9.58,21.46,-0.01,1,0,317.5,202.0,38.1,0.76,-0.05,50.7,13.26,-0.01,0.3,474.5,9.188
83.82,CARRY,20.82,0.13,-9.58,21.47,-0.01,1,0,318.0,201.5,38.6,0.77,-0.04,51.1,13.26,-0.01,0.3,475.1,9.125
83.88,CARRY,20.99,0.13,-9.58,21.48,-0.01,1,0,316.5,210.5,29.7,0.59,-0.07,51.5,13.26,-0.01,0.2,475.7,9.062
83.93,CARRY,20.99,0.13,-9.58,21.5,-0.01,1,0,316.5,209.5,30.7,0.61,-0.07,50.6,13.26,-0.01,0.2,476.7,9.125
83.98,CARRY,21.14,0.13,-9.58,21.51,-0.01,1,0,315.5,217.5,22.9,0.45,-0.09,52.8,13.26,-0.01,0.5,477.7,9.0
84.03,CARRY,21.14,0.13,-9.58,21.52,-0.01,1,0,315.5,216.5,23.9,0.47,-0.09,51.2,13.26,-0.01,0.6,478.6,9.062
84.09,CARRY,21.29,0.12,-9.58,21.54,-0.01,1,0,314.5,224.5,16.4,0.31,-0.11,50.5,13.26,-0.01,0.1,478.8,9.0
84.14,CARRY,21.29,0.12,-9.58,21.55,-0.01,1,0,314.5,223.5,17.4,0.33,-0.11,49.9,13.26,-0.01,0.2,479.8,9.062
84.19,CARRY,21.41,0.11,-9.57,21.56,-0.01,1,0,313.5,231.0,11.1,0.18,-0.13,50.5,13.26,-0.01,0.8,479.6,9.062
84.24,CARRY,21.41,0.11,-9.57,21.57,-0.01,1,0,314.5,230.0,11.4,0.2,-0.11,50.3,13.26,-0.01,0.6,480.7,9.062
84.29,CARRY,21.52,0.11,-9.57,21.59,-0.01,1,0,313.5,236.0,7.6,0.08,-0.13,50.7,13.26,-0.01,0.7,481.1,8.938
84.34,CARRY,21.62,0.1,-9.57,21.6,-0.01,1,0,313.5,240.5,6.5,-0.01,-0.13,51.0,13.26,-0.01,0.3,482.3,8.875
84.4,CARRY,21.62,0.1,-9.57,21.61,-0.01,1,0,313.5,240.0,6.5,-0.0,-0.13,50.0,13.26,-0.01,0.5,482.8,8.938
84.45,CARRY,21.62,0.1,-9.57,21.63,-0.01,1,0,313.5,239.5,6.5,0.01,-0.13,50.1,13.26,-0.01,0.8,483.3,8.875
84.5,CARRY,21.7,0.08,-9.57,21.64,-0.01,1,0,313.5,243.5,7.4,-0.07,-0.13,50.6,13.26,-0.01,0.7,484.2,8.938
84.55,CARRY,21.77,0.07,-9.57,21.65,-0.01,1,0,314.0,246.5,8.8,-0.13,-0.12,50.7,13.26,-0.01,0.3,485.3,8.875
84.6,CARRY,21.77,0.07,-9.57,21.66,-0.01,1,0,314.0,246.0,8.5,-0.12,-0.12,57.8,13.26,-0.01,0.5,485.8,8.938
84.66,CARRY,21.83,0.06,-9.57,21.68,-0.01,1,0,314.5,248.5,10.1,-0.17,-0.11,58.3,13.26,-0.01,0.6,486.6,8.812
84.72,CARRY,21.83,0.06,-9.57,21.69,-0.01,1,0,314.5,247.0,8.9,-0.14,-0.11,57.7,13.26,-0.01,0.0,488.1,8.812
84.78,CARRY,21.87,0.05,-9.57,21.71,-0.01,1,0,315.0,249.0,10.3,-0.18,-0.1,58.3,13.26,-0.01,0.2,488.7,8.875
84.84,CARRY,21.87,0.05,-9.57,21.72,-0.01,1,0,315.0,248.0,9.4,-0.16,-0.1,57.8,13.26,-0.01,0.1,489.7,8.938
84.9,CARRY,21.91,0.04,-9.57,21.74,-0.01,1,0,315.5,249.0,10.1,-0.18,-0.09,59.8,13.26,-0.01,0.1,490.7,8.75
84.96,CARRY,21.93,0.03,-9.57,21.75,-0.01,1,0,316.0,249.5,10.3,-0.19,-0.08,58.4,13.26,-0.01,0.2,491.6,8.75
85.02,CARRY,21.93,0.03,-9.57,21.77,-0.01,1,0,316.0,249.0,9.8,-0.18,-0.08,56.9,13.26,-0.01,0.3,492.1,8.812
85.07,CARRY,21.95,0.02,-9.57,21.78,-0.01,1,0,317.0,249.0,9.5,-0.18,-0.06,58.4,13.26,-0.01,0.2,493.2,8.75
85.13,CARRY,21.95,0.02,-9.57,21.8,-0.01,1,0,317.0,247.5,8.1,-0.15,-0.06,57.8,13.26,-0.01,0.7,494.7,8.812
85.19,CARRY,21.96,0.01,-9.57,21.81,-0.01,1,0,317.0,248.0,8.5,-0.16,-0.06,58.5,13.26,-0.01,0.5,494.8,8.812
85.25,CARRY,21.96,-0.0,-9.57,21.83,-0.01,1,0,318.0,248.0,8.2,-0.16,-0.04,58.6,13.26,-0.01,0.5,495.1,8.688
85.31,CARRY,21.96,-0.0,-9.57,21.84,-0.01,1,0,318.0,247.0,7.3,-0.14,-0.04,57.8,13.26,-0.01,0.4,496.1,8.562
85.37,CARRY,21.96,-0.01,-9.58,21.86,-0.01,1,0,318.5,246.0,6.2,-0.12,-0.03,59.4,13.26,-0.01,0.2,497.2,8.5
85.43,CARRY,21.96,-0.01,-9.58,21.87,-0.01,1,0,318.5,245.0,5.2,-0.1,-0.03,58.2,13.26,-0.01,0.3,498.2,8.562
85.49,CARRY,21.96,-0.01,-9.58,21.89,-0.01,1,0,319.0,244.5,4.6,-0.09,-0.02,58.4,13.26,-0.01,0.5,498.6,8.562
85.55,CARRY,21.95,-0.02,-9.58,21.9,-0.01,1,0,319.5,243.0,3.0,-0.06,-0.01,58.5,13.26,-0.01,0.3,500.0,8.438
85.61,CARRY,21.95,-0.02,-9.58,21.92,-0.01,1,0,319.5,242.5,2.5,-0.05,-0.01,57.7,13.26,-0.01,0.5,500.4,8.5
85.67,CARRY,21.95,-0.02,-9.58,21.93,-0.01,1,0,320.5,241.0,1.1,-0.02,0.01,58.5,13.26,-0.01,0.2,501.8,8.562
85.73,CARRY,21.95,-0.02,-9.58,21.95,-0.01,1,0,320.5,240.5,0.7,-0.01,0.01,59.2,13.26,-0.01,0.3,502.2,8.438
85.79,CARRY,21.94,-0.03,-9.58,21.96,-0.01,1,0,320.5,239.0,1.1,0.02,0.01,52.8,13.26,-0.01,0.3,503.4,8.438
85.84,CARRY,21.94,-0.03,-9.58,21.97,-0.01,1,0,320.5,238.5,1.6,0.03,0.01,52.5,13.26,-0.01,0.5,503.9,8.438
85.9,CARRY,21.94,-0.03,-9.58,21.99,-0.01,1,0,321.5,237.0,3.4,0.06,0.03,52.9,13.26,-0.01,0.4,505.2,8.5
85.95,CARRY,21.93,-0.03,-9.58,22.0,-0.01,1,0,321.5,236.5,3.8,0.07,0.03,52.6,13.26,-0.01,0.3,505.5,8.625
86.0,CARRY,21.93,-0.03,-9.58,22.02,-0.01,1,0,321.5,235.5,4.7,0.09,0.03,53.3,13.26,-0.01,0.1,506.5,8.688
86.06,CARRY,21.93,-0.03,-9.58,22.03,-0.01,1,0,321.5,234.5,5.7,0.11,0.03,53.2,13.26,-0.01,0.3,507.3,8.625
86.11,CARRY,21.93,-0.03,-9.58,22.04,-0.01,1,0,322.0,234.0,6.3,0.12,0.04,52.3,13.26,-0.01,0.3,507.9,8.625
86.16,CARRY,21.93,-0.03,-9.58,22.06,-0.01,1,0,322.5,233.0,7.4,0.14,0.05,53.1,13.26,-0.01,0.4,508.9,8.688
86.22,CARRY,21.93,-0.03,-9.58,22.07,-0.01,1,0,322.5,232.0,8.4,0.16,0.05,52.7,13.26,-0.01,0.4,509.9,8.812
86.27,CARRY,21.93,-0.03,-9.58,22.08,-0.01,1,0,322.5,231.5,8.9,0.17,0.05,52.9,13.26,-0.01,0.2,510.5,9.0
86.33,CARRY,21.93,-0.03,-9.58,22.1,-0.01,1,0,323.0,230.5,10.0,0.19,0.06,52.2,13.26,-0.01,0.6,511.5,9.125
86.38,CARRY,21.94,-0.03,-9.58,22.11,-0.01,1,0,323.0,230.0,10.4,0.2,0.06,53.5,13.26,-0.01,0.5,512.3,9.312
86.43,CARRY,21.94,-0.03,-9.58,22.12,-0.01,1,0,322.5,229.0,11.3,0.22,0.05,52.5,13.26,-0.01,0.4,513.2,9.438
86.49,CARRY,21.94,-0.03,-9.58,22.14,-0.01,1,0,322.5,228.5,11.8,0.23,0.05,53.0,13.26,-0.01,0.5,514.0,9.562
86.54,CARRY,21.94,-0.03,-9.58,22.15,-0.01,1,0,323.0,228.0,12.4,0.24,0.06,52.8,13.26,-0.01,0.3,514.6,9.5
86.59,CARRY,21.95,-0.03,-9.58,22.16,-0.01,1,0,322.5,228.0,12.3,0.24,0.05,53.0,13.26,-0.01,0.3,515.0,9.438
86.65,CARRY,21.96,-0.03,-9.58,22.18,-0.01,1,0,322.5,228.0,12.3,0.24,0.05,52.9,13.26,-0.01,0.3,515.7,9.5
86.7,CARRY,21.96,-0.03,-9.58,22.19,-0.01,1,0,322.5,227.0,13.2,0.26,0.05,52.5,13.26,-0.01,0.3,516.7,9.5
86.76,CARRY,21.98,-0.03,-9.58,22.2,-0.01,1,0,322.5,227.0,13.2,0.26,0.05,53.3,13.26,-0.01,0.3,517.5,9.5
86.81,CARRY,21.98,-0.03,-9.58,22.22,-0.01,1,0,322.5,226.5,13.7,0.27,0.05,52.1,13.26,-0.01,0.5,518.0,9.562
86.86,CARRY,21.99,-0.03,-9.58,22.23,-0.01,1,0,322.5,226.5,13.7,0.27,0.05,52.9,13.26,-0.01,0.3,518.9,9.562
86.92,CARRY,21.99,-0.03,-9.58,22.24,-0.01,1,0,322.5,225.5,14.7,0.29,0.05,52.3,13.26,-0.01,0.5,519.9,9.625
86.97,CARRY,22.01,-0.03,-9.58,22.26,-0.01,1,0,322.5,226.0,14.2,0.28,0.05,49.1,13.26,-0.01,0.4,520.4,9.625
87.02,CARRY,22.01,-0.03,-9.58,22.27,-0.01,1,0,323.0,225.0,15.3,0.3,0.06,51.7,13.26,-0.01,0.2,521.5,9.625
87.07,CARRY,22.03,-0.03,-9.58,22.28,-0.01,1,0,322.5,225.5,14.7,0.29,0.05,49.2,13.26,-0.01,0.4,522.0,9.625
87.12,CARRY,22.03,-0.03,-9.58,22.3,-0.01,1,0,323.0,225.0,15.3,0.3,0.06,48.0,13.26,-0.01,0.2,522.6,9.562
87.17,CARRY,22.05,-0.03,-9.58,22.31,-0.01,1,0,322.5,225.0,15.2,0.3,0.05,48.9,13.26,-0.01,0.5,523.7,9.562
87.22,CARRY,22.05,-0.03,-9.58,22.32,-0.01,1,0,323.5,224.5,15.9,0.31,0.07,51.5,13.26,-0.01,0.4,524.3,9.562
87.28,CARRY,22.07,-0.02,-9.58,22.33,-0.01,1,0,323.0,225.0,15.3,0.3,0.06,49.9,13.26,-0.01,0.1,525.0,9.562
87.33,CARRY,22.07,-0.02,-9.58,22.35,-0.01,1,0,323.5,224.5,15.9,0.31,0.07,49.8,13.26,-0.01,0.5,525.6,9.562
87.38,CARRY,22.09,-0.03,-9.58,22.36,-0.01,1,0,323.0,225.0,15.3,0.3,0.06,49.3,13.26,-0.01,0.1,526.4,9.562
87.43,CARRY,22.09,-0.03,-9.58,22.37,-0.01,1,0,323.5,224.0,16.4,0.32,0.07,48.4,13.26,-0.01,0.4,527.4,9.625
87.48,CARRY,22.12,-0.03,-9.58,22.38,-0.01,1,0,323.0,225.0,15.3,0.3,0.06,49.1,13.26,-0.01,0.1,527.7,9.625
87.53,CARRY,22.12,-0.03,-9.58,22.4,-0.01,1,0,323.5,224.0,16.4,0.32,0.07,48.5,13.26,-0.01,0.4,528.8,9.688
87.58,CARRY,22.14,-0.03,-9.58,22.41,-0.01,1,0,323.0,225.0,15.3,0.3,0.06,49.3,13.26,-0.01,0.2,529.2,9.688
87.63,CARRY,22.14,-0.03,-9.58,22.42,-0.01,1,0,323.5,224.0,16.4,0.32,0.07,48.5,13.26,-0.01,0.4,530.2,9.75
87.68,CARRY,22.17,-0.03,-9.58,22.43,-0.01,1,0,323.0,225.0,15.3,0.3,0.06,49.3,13.26,-0.01,0.1,530.7,9.625
87.73,CARRY,22.17,-0.03,-9.58,22.45,-0.01,1,0,323.5,224.0,16.4,0.32,0.07,48.3,13.26,-0.01,0.4,531.7,9.688
87.78,CARRY,22.19,-0.03,-9.58,22.46,-0.01,1,0,323.0,225.0,15.3,0.3,0.06,49.4,13.26,-0.01,0.1,532.2,9.625
87.83,CARRY,22.19,-0.03,-9.58,22.47,-0.01,1,0,323.5,224.0,16.4,0.32,0.07,48.9,13.26,-0.01,0.4,533.2,9.688
87.88,CARRY,22.22,-0.02,-9.58,22.48,-0.01,1,0,323.0,225.0,15.3,0.3,0.06,49.6,13.26,-0.01,0.0,533.7,9.625
87.93,CARRY,22.22,-0.02,-9.58,22.5,-0.01,1,0,323.5,224.0,16.4,0.32,0.07,49.4,13.26,-0.01,0.5,534.8,9.625
87.98,CARRY,22.25,-0.02,-9.58,22.51,-0.01,1,0,323.0,225.0,15.3,0.3,0.06,50.6,13.26,-0.01,0.1,535.3,9.562
88.03,CARRY,22.25,-0.02,-9.58,22.52,-0.01,1,0,323.0,224.5,15.8,0.31,0.06,49.0,13.26,-0.01,0.2,535.8,9.625
88.08,CARRY,22.27,-0.02,-9.58,22.54,-0.01,1,0,322.5,235.0,5.6,0.1,0.05,49.5,13.26,-0.01,9.8,526.9,9.625
88.13,CARRY,22.27,-0.02,-9.58,22.55,-0.01,1,0,323.0,235.0,5.8,0.1,0.06,48.5,13.26,-0.01,10.5,527.0,9.625
88.18,CARRY,22.3,-0.02,-9.58,22.56,-0.01,1,0,322.5,225.5,14.7,0.29,0.05,49.7,13.26,-0.01,0.4,537.9,9.438
88.23,CARRY,22.3,-0.02,-9.58,22.57,-0.01,1,0,323.0,224.5,15.8,0.31,0.06,48.7,13.26,-0.01,0.1,538.9,9.438
88.28,CARRY,22.33,-0.02,-9.58,22.59,-0.01,1,0,322.5,225.5,14.7,0.29,0.05,49.6,13.26,-0.01,0.3,539.5,9.375
88.34,CARRY,22.33,-0.02,-9.58,22.6,-0.01,1,0,322.5,225.0,15.2,0.3,0.05,48.6,13.26,-0.01,0.5,540.0,9.438
88.39,CARRY,22.36,-0.02,-9.58,22.61,-0.01,1,0,322.5,225.5,14.7,0.29,0.05,49.6,13.26,-0.01,0.3,541.0,9.562
88.44,CARRY,22.36,-0.02,-9.58,22.62,-0.01,1,0,322.5,225.0,15.2,0.3,0.05,51.3,13.26,-0.01,0.4,541.5,9.5
88.49,CARRY,22.38,-0.02,-9.58,22.64,-0.01,1,0,322.5,225.5,14.7,0.29,0.05,48.1,13.26,-0.01,0.2,542.5,9.625
88.54,CARRY,22.38,-0.02,-9.58,22.65,-0.01,1,0,322.5,225.0,15.2,0.3,0.05,50.6,13.26,-0.01,0.4,543.0,9.625
88.59,CARRY,22.41,-0.02,-9.58,22.66,-0.01,1,0,322.5,225.0,15.2,0.3,0.05,50.7,13.26,-0.01,0.5,544.4,9.625
88.64,CARRY,22.41,-0.02,-9.58,22.68,-0.01,1,0,322.5,225.0,15.2,0.3,0.05,50.5,13.26,-0.01,0.4,544.4,9.625
88.69,CARRY,22.43,-0.02,-9.58,22.69,-0.01,1,0,322.5,225.0,15.2,0.3,0.05,50.8,13.26,-0.01,0.5,545.9,9.25
88.75,CARRY,22.43,-0.02,-9.58,22.7,-0.01,1,0,322.5,225.0,15.2,0.3,0.05,50.3,13.26,-0.01,0.4,545.9,9.25
88.8,CARRY,22.46,-0.02,-9.58,22.71,-0.01,1,0,322.5,225.0,15.2,0.3,0.05,50.7,13.26,-0.01,0.5,547.4,9.25
88.85,CARRY,22.48,-0.02,-9.58,22.73,-0.01,1,0,322.5,226.0,14.2,0.28,0.05,50.6,13.26,-0.01,0.2,547.9,9.375
88.9,CARRY,22.48,-0.02,-9.58,22.74,-0.01,1,0,322.5,225.0,15.2,0.3,0.05,50.4,13.26,-0.01,0.5,548.9,9.188
88.95,CARRY,22.51,-0.02,-9.58,22.75,-0.01,1,0,322.5,226.0,14.2,0.28,0.05,50.8,13.26,-0.01,0.3,549.5,9.375
89.0,CARRY,22.51,-0.02,-9.58,22.77,-0.01,1,0,322.5,243.0,3.9,-0.06,0.05,51.0,13.26,-0.01,17.4,532.7,9.312
89.05,CARRY,22.54,-0.02,-9.58,22.78,-0.01,1,0,322.5,226.5,13.7,0.27,0.05,50.6,13.26,-0.01,0.2,550.6,9.25
89.11,CARRY,22.54,-0.02,-9.58,22.79,-0.01,1,0,323.0,225.0,15.3,0.3,0.06,50.0,13.26,-0.01,0.8,552.2,9.188
89.16,CARRY,22.57,-0.02,-9.58,22.8,-0.01,1,0,322.5,226.5,13.7,0.27,0.05,50.8,13.26,-0.01,0.2,552.2,8.625
89.21,CARRY,22.57,-0.02,-9.58,22.82,-0.01,1,0,322.5,226.0,14.2,0.28,0.05,49.9,13.26,-0.01,0.2,552.7,8.5
89.26,CARRY,22.6,-0.02,-9.58,22.83,-0.01,1,0,322.5,226.5,13.7,0.27,0.05,51.2,13.26,-0.01,0.2,553.8,8.5
89.31,CARRY,22.6,-0.02,-9.58,22.84,-0.01,1,0,322.5,226.0,14.2,0.28,0.05,50.3,13.26,-0.01,0.1,554.3,8.5
89.36,CARRY,22.62,-0.02,-9.58,22.86,-0.01,1,0,322.5,226.5,13.7,0.27,0.05,51.0,13.26,-0.01,0.3,555.4,8.938
89.42,CARRY,22.62,-0.02,-9.58,22.87,-0.01,1,0,322.5,226.0,14.2,0.28,0.05,50.0,13.26,-0.01,0.1,555.9,9.062
89.47,CARRY,22.65,-0.02,-9.58,22.88,-0.01,1,0,323.0,226.5,13.8,0.27,0.06,50.7,13.26,-0.01,0.8,557.1,9.062
89.52,CARRY,22.65,-0.02,-9.58,22.89,-0.01,1,0,322.5,226.0,14.2,0.28,0.05,50.3,13.26,-0.01,0.2,557.5,9.125
89.57,CARRY,22.68,-0.02,-9.58,22.91,-0.01,1,0,322.5,226.5,13.7,0.27,0.05,50.5,13.26,-0.01,0.5,558.6,8.75
89.62,CARRY,22.68,-0.02,-9.58,22.92,-0.01,1,0,322.5,226.0,14.2,0.28,0.05,50.6,13.26,-0.01,0.2,559.1,8.812
89.67,CARRY,22.7,-0.02,-9.58,22.93,-0.01,1,0,322.5,227.0,13.2,0.26,0.05,50.9,13.26,-0.01,0.4,559.6,8.312
89.72,CARRY,22.7,-0.02,-9.58,22.95,-0.01,1,0,322.5,226.0,14.2,0.28,0.05,50.3,13.26,-0.01,0.3,560.6,8.438
89.78,CARRY,22.73,-0.01,-9.58,22.96,-0.01,1,0,322.0,226.5,13.6,0.27,0.04,50.8,13.26,-0.01,0.5,561.6,8.562
89.83,CARRY,22.73,-0.01,-9.58,22.97,-0.01,1,0,322.5,226.0,14.2,0.28,0.05,50.0,13.26,-0.01,0.4,562.2,8.438
89.88,CARRY,22.76,-0.01,-9.58,22.98,-0.01,1,0,322.0,251.0,11.2,-0.22,0.04,51.0,13.26,-0.01,23.9,539.0,8.625
89.93,CARRY,22.76,-0.01,-9.58,23.0,-0.01,1,0,322.5,251.0,11.3,-0.22,0.05,51.5,13.26,-0.01,24.7,539.1,8.688
89.98,CARRY,22.79,-0.01,-9.58,23.01,-0.01,1,0,322.0,251.0,11.2,-0.22,0.04,49.7,13.26,-0.01,23.8,540.6,8.688
90.03,CARRY,22.79,-0.01,-9.58,23.02,-0.01,1,0,322.5,226.0,14.2,0.28,0.05,50.8,13.26,-0.01,0.6,565.4,8.688
90.09,CARRY,22.81,-0.01,-9.58,23.04,-0.01,1,0,321.5,251.0,11.1,-0.22,0.03,50.7,13.26,-0.01,23.8,542.1,8.5
90.14,CARRY,22.81,-0.01,-9.58,23.05,-0.01,1,0,322.0,251.5,11.7,-0.23,0.04,50.0,13.26,-0.01,25.0,541.7,8.438
90.19,CARRY,22.84,-0.01,-9.58,23.06,-0.01,1,0,322.0,227.0,13.2,0.26,0.04,50.8,13.26,-0.01,0.3,567.4,8.0
90.24,CARRY,22.84,-0.01,-9.58,23.07,-0.01,1,0,321.5,226.5,13.6,0.27,0.03,50.6,13.26,-0.01,0.4,567.8,8.125
90.29,CARRY,22.86,-0.01,-9.58,23.09,-0.01,1,0,321.5,226.5,13.6,0.27,0.03,51.0,13.26,-0.01,0.5,569.0,8.25
90.34,CARRY,22.86,-0.01,-9.58,23.1,-0.01,1,0,321.5,226.0,14.1,0.28,0.03,50.5,13.26,-0.01,0.4,569.5,8.125
90.4,CARRY,22.88,-0.01,-9.58,23.11,-0.01,1,0,322.0,226.5,13.6,0.27,0.04,50.6,13.26,-0.01,0.4,570.0,8.125
90.45,CARRY,22.88,-0.01,-9.58,23.13,-0.01,1,0,321.5,225.0,15.1,0.3,0.03,49.9,13.26,-0.01,0.6,571.4,8.25
90.5,CARRY,22.89,-0.0,-9.58,23.14,-0.01,1,0,321.5,254.0,14.1,-0.28,0.03,50.9,13.26,-0.01,28.6,543.3,8.312
90.55,CARRY,22.89,0.0,-9.58,23.15,-0.01,1,0,321.5,253.5,13.6,-0.27,0.03,50.8,13.26,-0.01,28.4,544.3,8.625
90.6,CARRY,22.89,0.0,-9.58,23.17,-0.01,1,0,321.5,253.0,13.1,-0.26,0.03,50.5,13.26,-0.01,28.7,544.8,8.688
90.65,CARRY,22.9,0.01,-9.58,23.18,-0.01,1,0,321.5,223.5,16.6,0.33,0.03,50.9,13.26,-0.01,0.6,574.4,8.75
90.71,CARRY,22.9,0.01,-9.58,23.19,-0.01,1,0,321.5,223.0,17.1,0.34,0.03,50.0,13.26,-0.01,0.3,574.9,8.812
90.76,CARRY,22.91,0.01,-9.58,23.2,-0.01,1,0,322.0,222.5,17.6,0.35,0.04,50.6,13.26,-0.01,1.0,576.1,8.812
90.81,CARRY,22.91,0.01,-9.58,23.22,-0.01,1,0,321.5,222.5,17.6,0.35,0.03,49.8,13.26,-0.01,0.1,576.0,8.938
90.86,CARRY,22.92,0.01,-9.58,23.23,-0.01,1,0,321.5,253.0,13.1,-0.26,0.03,50.9,13.26,-0.01,30.7,546.5,9.0
90.91,CARRY,22.92,0.01,-9.58,23.24,-0.01,1,0,322.0,221.0,19.1,0.38,0.04,49.8,13.26,-0.01,0.9,578.2,9.125
90.96,CARRY,22.94,0.01,-9.58,23.25,-0.01,1,0,321.5,252.5,12.6,-0.25,0.03,51.7,13.26,-0.01,31.0,547.7,9.125
91.01,CARRY,22.94,0.01,-9.58,23.27,-0.01,1,0,321.5,253.0,13.1,-0.26,0.03,50.3,13.26,-0.01,32.3,547.2,9.125
91.07,CARRY,22.95,0.02,-9.58,23.28,-0.01,1,0,321.5,252.5,12.6,-0.25,0.03,50.6,13.26,-0.01,31.8,548.4,9.062
91.12,CARRY,22.95,0.02,-9.58,23.29,-0.01,1,0,322.0,220.0,20.1,0.4,0.04,50.0,13.26,-0.01,0.6,580.6,9.062
91.17,CARRY,22.96,0.02,-9.58,23.31,-0.01,1,0,321.5,252.0,12.1,-0.24,0.03,50.7,13.26,-0.01,31.9,549.9,8.938
91.22,CARRY,22.96,0.02,-9.58,23.32,-0.01,1,0,321.5,252.0,12.1,-0.24,0.03,50.5,13.26,-0.01,32.6,549.9,8.938
91.27,CARRY,22.98,0.02,-9.58,23.33,-0.01,1,0,321.5,219.0,21.1,0.42,0.03,50.9,13.26,-0.01,0.7,583.5,8.875
91.32,CARRY,22.98,0.02,-9.58,23.35,-0.01,1,0,321.5,219.5,20.6,0.41,0.03,50.4,13.26,-0.01,0.6,583.0,8.875
91.37,CARRY,23.0,0.02,-9.58,23.36,-0.01,1,0,321.5,219.0,21.1,0.42,0.03,51.2,13.26,-0.01,0.3,584.5,8.875
91.43,CARRY,23.0,0.02,-9.58,23.37,-0.01,1,0,321.5,251.0,11.1,-0.22,0.03,50.8,13.26,-0.01,32.5,552.9,8.812
91.48,CARRY,23.01,0.02,-9.58,23.38,-0.01,1,0,321.5,218.5,21.6,0.43,0.03,49.2,13.26,-0.01,0.2,585.9,8.812
91.53,CARRY,23.01,0.02,-9.58,23.4,-0.01,1,0,321.5,218.0,22.1,0.44,0.03,47.9,13.26,-0.01,0.2,586.3,8.75
91.58,CARRY,23.03,0.02,-9.58,23.41,-0.01,1,0,322.0,217.5,22.6,0.45,0.04,49.0,13.26,-0.01,0.7,587.6,8.75
91.63,CARRY,23.03,0.02,-9.58,23.42,-0.01,1,0,321.5,253.5,13.6,-0.27,0.03,48.0,13.26,-0.01,36.4,552.0,8.75
91.68,CARRY,23.04,0.02,-9.58,23.43,-0.01,1,0,321.5,253.5,13.6,-0.27,0.03,48.9,13.26,-0.01,36.5,552.6,8.688
91.73,CARRY,23.04,0.02,-9.58,23.45,-0.01,1,0,321.5,253.0,13.1,-0.26,0.03,48.0,13.26,-0.01,36.8,553.1,8.688
91.78,CARRY,23.05,0.03,-9.58,23.46,-0.01,1,0,321.5,253.5,13.6,-0.27,0.03,49.1,13.26,-0.01,37.3,553.3,8.688
91.83,CARRY,23.05,0.03,-9.58,23.47,-0.01,1,0,321.5,253.5,13.6,-0.27,0.03,48.1,13.26,-0.01,38.0,553.3,8.688
91.88,CARRY,23.06,0.03,-9.58,23.48,-0.01,1,0,321.5,253.5,13.6,-0.27,0.03,49.0,13.26,-0.01,37.9,554.2,8.75
91.93,CARRY,23.06,0.03,-9.58,23.5,-0.01,1,0,321.5,253.5,13.6,-0.27,0.03,47.8,13.26,-0.01,38.6,554.2,8.75
91.98,CARRY,23.08,0.03,-9.58,23.51,-0.01,1,0,321.5,254.0,14.1,-0.28,0.03,52.5,13.26,-0.01,38.8,554.7,8.688
92.03,CARRY,23.08,0.03,-9.58,23.52,-0.01,1,0,321.5,254.0,14.1,-0.28,0.03,50.4,13.26,-0.01,39.6,554.7,8.625
92.08,CARRY,23.1,0.03,-9.58,23.54,-0.01,1,0,321.5,254.5,14.6,-0.29,0.03,50.8,13.26,-0.01,39.9,555.2,8.438
92.14,CARRY,23.1,0.03,-9.58,23.55,-0.01,1,0,321.5,254.0,14.1,-0.28,0.03,50.8,13.26,-0.01,40.1,555.7,8.375
92.19,CARRY,23.11,0.03,-9.58,23.56,-0.01,1,0,321.5,254.5,14.6,-0.29,0.03,48.9,13.26,-0.01,40.8,555.8,8.188
92.24,CARRY,23.11,0.03,-9.58,23.57,-0.01,1,0,321.5,213.0,27.0,0.54,0.03,48.6,13.26,-0.01,0.1,596.8,8.125
92.29,CARRY,23.11,0.03,-9.58,23.59,-0.01,1,0,321.5,254.0,14.1,-0.28,0.03,48.6,13.26,-0.01,41.5,556.5,8.125
92.34,CARRY,23.11,0.03,-9.58,23.6,-0.01,1,0,321.5,253.5,13.6,-0.27,0.03,50.1,13.26,-0.01,41.7,557.0,8.0
92.39,CARRY,23.11,0.04,-9.58,23.61,-0.01,1,0,322.0,211.0,29.1,0.58,0.04,51.3,13.26,-0.01,0.5,598.9,7.844
92.44,CARRY,23.11,0.04,-9.58,23.62,-0.01,1,0,321.5,252.5,12.6,-0.25,0.03,49.0,13.26,-0.01,42.4,557.9,7.875
92.49,CARRY,23.1,0.04,-9.58,23.64,-0.01,1,0,321.5,208.5,31.5,0.63,0.03,49.3,13.26,-0.01,0.4,600.8,7.938
92.54,CARRY,23.1,0.04,-9.58,23.65,-0.01,1,0,321.5,251.0,11.1,-0.22,0.03,48.2,13.26,-0.01,42.8,558.9,8.0
92.59,CARRY,23.09,0.05,-9.58,23.66,-0.01,1,0,321.5,250.5,10.6,-0.21,0.03,51.0,13.26,-0.01,43.7,558.7,8.125
92.64,CARRY,23.09,0.05,-9.58,23.68,-0.01,1,0,321.5,206.0,34.0,0.68,0.03,49.2,13.26,-0.01,0.2,602.7,8.188
92.69,CARRY,23.08,0.05,-9.58,23.69,-0.01,1,0,321.5,248.5,8.6,-0.17,0.03,50.8,13.26,-0.01,44.0,559.9,8.438
92.75,CARRY,23.06,0.06,-9.58,23.7,-0.01,1,0,321.5,247.5,7.6,-0.15,0.03,49.1,13.26,-0.01,44.7,559.9,8.5
92.8,CARRY,23.06,0.06,-9.58,23.71,-0.01,1,0,321.5,247.0,7.2,-0.14,0.03,48.2,13.26,-0.01,44.9,560.4,8.625
92.85,CARRY,23.04,0.06,-9.58,23.73,-0.01,1,0,322.0,200.0,40.0,0.8,0.04,49.4,13.26,-0.01,0.5,605.9,8.625
92.9,CARRY,23.04,0.06,-9.58,23.74,-0.01,1,0,321.5,245.5,5.7,-0.11,0.03,48.2,13.26,-0.01,45.9,560.9,8.625
92.95,CARRY,23.04,0.06,-9.58,23.75,-0.01,1,0,321.5,245.0,5.2,-0.1,0.03,49.8,13.26,-0.01,46.1,561.4,8.438
93.0,CARRY,23.03,0.07,-9.58,23.76,-0.01,1,0,321.5,197.0,43.0,0.86,0.03,50.3,13.26,-0.01,0.3,607.8,8.375
93.05,CARRY,23.03,0.07,-9.58,23.78,-0.01,1,0,321.5,243.5,3.8,-0.07,0.03,48.8,13.26,-0.01,47.1,561.9,8.5
93.1,CARRY,23.01,0.07,-9.58,23.79,-0.01,1,0,321.5,242.0,2.5,-0.04,0.03,49.3,13.26,-0.01,47.3,562.5,8.312
93.15,CARRY,23.0,0.08,-9.58,23.8,-0.01,1,0,321.5,240.5,1.6,-0.01,0.03,50.4,13.26,-0.01,47.4,563.1,8.25
93.2,CARRY,23.0,0.08,-9.58,23.81,-0.01,1,0,321.5,192.5,47.5,0.95,0.03,48.6,13.26,-0.01,0.4,610.5,8.0
93.25,CARRY,22.98,0.09,-9.58,23.83,-0.01,1,0,321.5,239.5,1.6,0.01,0.03,48.7,13.26,-0.01,48.6,563.4,8.062
93.3,CARRY,22.98,0.09,-9.58,23.84,-0.01,1,0,322.0,239.0,2.2,0.02,0.04,48.5,13.26,-0.01,48.8,564.0,7.75
93.35,CARRY,22.97,0.09,-9.58,23.85,-0.01,1,0,321.5,189.0,51.0,1.02,0.03,48.8,13.26,-0.01,0.4,612.6,7.656
93.4,CARRY,22.97,0.09,-9.58,23.86,-0.01,1,0,322.0,237.0,3.6,0.06,0.04,48.4,13.26,-0.01,48.9,565.3,7.688
93.45,CARRY,22.97,0.09,-9.58,23.88,-0.01,1,0,321.5,186.5,53.5,1.07,0.03,48.6,13.26,-0.01,0.6,614.6,8.0
93.5,CARRY,22.97,0.09,-9.58,23.89,-0.01,1,0,322.0,235.5,4.9,0.09,0.04,47.5,13.26,-0.01,49.3,566.3,8.125
93.55,CARRY,22.96,0.1,-9.58,23.9,-0.01,1,0,322.5,184.5,55.6,1.11,0.05,50.5,13.26,-0.01,0.8,616.4,8.188
93.6,CARRY,22.96,0.1,-9.58,23.92,-0.01,1,0,322.5,235.0,5.6,0.1,0.05,51.1,13.26,-0.01,50.6,566.6,8.312
93.65,CARRY,22.96,0.1,-9.58,23.93,-0.01,1,0,322.0,183.0,57.0,1.14,0.04,48.1,13.26,-0.01,0.5,617.7,8.375
93.7,CARRY,22.96,0.1,-9.58,23.94,-0.01,1,0,322.5,234.0,6.5,0.12,0.05,50.4,13.26,-0.01,51.2,567.5,8.562
93.76,CARRY,22.96,0.11,-9.58,23.95,-0.01,1,0,322.5,233.5,7.0,0.13,0.05,50.9,13.26,-0.01,51.4,568.0,8.688
93.81,CARRY,22.96,0.11,-9.58,23.97,-0.01,1,0,322.5,233.5,7.0,0.13,0.05,50.0,13.26,-0.01,52.2,568.0,8.688
93.86,CARRY,22.96,0.11,-9.58,23.98,-0.01,1,0,322.5,233.5,7.0,0.13,0.05,51.3,13.26,-0.01,52.7,568.3,8.625
93.91,CARRY,22.96,0.11,-9.58,23.99,-0.01,1,0,322.5,179.5,60.6,1.21,0.05,50.3,13.26,-0.01,0.6,621.6,8.688
93.96,CARRY,22.97,0.11,-9.58,24.01,-0.01,1,0,322.5,179.5,60.6,1.21,0.05,51.7,13.26,-0.01,0.5,622.0,8.5
94.01,CARRY,22.97,0.11,-9.58,24.02,-0.01,1,0,322.5,178.5,61.6,1.23,0.05,51.6,13.26,-0.01,0.6,623.0,8.562
94.07,CARRY,22.98,0.11,-9.58,24.03,-0.01,1,0,322.5,178.5,61.6,1.23,0.05,50.4,13.26,-0.01,0.5,623.6,8.5
94.12,CARRY,22.98,0.11,-9.58,24.04,-0.01,1,0,323.0,177.5,62.6,1.25,0.06,50.2,13.26,-0.01,1.0,624.7,8.625
94.17,CARRY,22.99,0.11,-9.58,24.06,-0.01,1,0,323.0,177.5,62.6,1.25,0.06,50.7,13.26,-0.01,1.0,625.3,8.75
94.22,CARRY,22.99,0.11,-9.58,24.07,-0.01,1,0,322.5,230.5,9.8,0.19,0.05,50.6,13.26,-0.01,53.2,573.0,8.938
94.27,CARRY,23.01,0.12,-9.58,24.08,-0.01,1,0,322.5,231.5,8.9,0.17,0.05,50.8,13.26,-0.01,54.0,572.9,8.625
94.32,CARRY,23.01,0.12,-9.58,24.1,-0.01,1,0,322.5,176.5,63.5,1.27,0.05,50.2,13.26,-0.01,0.3,627.2,8.562
94.38,CARRY,23.04,0.12,-9.58,24.11,-0.01,1,0,322.5,231.0,9.3,0.18,0.05,50.9,13.26,-0.01,53.5,575.0,9.0
94.43,CARRY,23.04,0.12,-9.58,24.12,-0.01,1,0,322.5,233.5,7.0,0.13,0.05,49.9,13.26,-0.01,56.8,572.5,8.938
94.48,CARRY,23.07,0.12,-9.57,24.13,-0.01,1,0,322.5,177.5,62.5,1.25,0.05,51.3,13.26,-0.01,0.8,630.0,9.062
94.53,CARRY,23.07,0.12,-9.57,24.15,-0.01,1,0,322.5,234.5,6.0,0.11,0.05,50.1,13.26,-0.01,57.0,573.8,9.0
94.58,CARRY,23.13,0.11,-9.57,24.16,-0.01,1,0,322.0,179.5,60.5,1.21,0.04,51.0,13.26,-0.01,0.4,631.0,8.625
94.63,CARRY,23.13,0.11,-9.57,24.17,-0.01,1,0,322.5,235.5,5.1,0.09,0.05,50.1,13.26,-0.01,56.4,575.9,9.125
94.69,CARRY,23.19,0.11,-9.57,24.19,-0.01,1,0,322.0,182.0,58.0,1.16,0.04,50.8,13.26,-0.01,0.2,632.4,9.125
94.74,CARRY,23.19,0.11,-9.57,24.2,-0.01,1,0,322.5,182.0,58.1,1.16,0.05,50.2,13.26,-0.01,0.6,632.5,9.375
94.79,CARRY,23.27,0.1,-9.57,24.21,-0.01,1,0,322.5,242.0,3.2,-0.04,0.05,50.5,13.26,-0.01,56.8,577.7,9.188
94.84,CARRY,23.27,0.1,-9.57,24.22,-0.01,1,0,322.5,184.0,56.1,1.12,0.05,50.6,13.26,-0.01,0.6,634.9,8.812
94.89,CARRY,23.36,0.09,-9.58,24.24,-0.01,1,0,322.0,248.0,8.2,-0.16,0.04,50.5,13.26,-0.01,59.2,576.7,9.062
94.94,CARRY,23.36,0.09,-9.58,24.25,-0.01,1,0,322.0,248.0,8.2,-0.16,0.04,50.1,13.26,-0.01,60.0,576.7,8.75
94.99,CARRY,23.45,0.08,-9.58,24.26,-0.01,1,0,322.5,192.5,47.6,0.95,0.05,51.5,13.26,-0.01,0.5,636.9,9.062
95.05,CARRY,23.45,0.08,-9.58,24.28,-0.01,1,0,322.0,252.5,12.7,-0.25,0.04,51.2,13.26,-0.01,60.6,577.6,9.25
95.1,CARRY,23.55,0.07,-9.58,24.29,-0.01,1,0,322.0,258.5,18.6,-0.37,0.04,48.6,13.26,-0.01,61.7,577.3,8.75
95.15,CARRY,23.64,0.06,-9.58,24.3,-0.01,1,0,322.0,201.5,38.6,0.77,0.04,50.9,13.26,-0.01,0.3,639.1,8.938
95.2,CARRY,23.64,0.06,-9.58,24.31,-0.01,1,0,322.0,201.0,39.1,0.78,0.04,52.4,13.26,-0.01,0.0,639.6,9.062
95.25,CARRY,23.74,0.04,-9.58,24.33,-0.01,1,0,322.0,268.0,28.1,-0.56,0.04,48.8,13.26,-0.01,62.1,579.1,9.125
95.3,CARRY,23.74,0.04,-9.58,24.34,-0.01,1,0,322.0,204.5,35.6,0.71,0.04,48.9,13.26,-0.01,0.7,641.8,9.25
95.35,CARRY,23.84,0.03,-9.58,24.35,-0.01,1,0,322.0,272.5,32.6,-0.65,0.04,50.8,13.26,-0.01,62.5,580.1,9.062
95.41,CARRY,23.84,0.03,-9.58,24.37,-0.01,1,0,322.0,272.0,32.1,-0.64,0.04,49.9,13.26,-0.01,62.8,580.6,9.125
95.46,CARRY,23.93,0.02,-9.58,24.38,-0.01,1,0,322.0,213.5,26.6,0.53,0.04,50.9,13.26,-0.01,0.3,643.6,9.125
95.51,CARRY,23.93,0.02,-9.58,24.39,-0.01,1,0,322.0,213.0,27.1,0.54,0.04,50.0,13.26,-0.01,0.0,644.1,9.188
95.56,CARRY,24.01,0.01,-9.58,24.4,-0.01,1,0,322.0,281.5,41.5,-0.83,0.04,51.2,13.26,-0.01,64.2,581.5,9.125
95.61,CARRY,24.01,0.01,-9.58,24.42,-0.01,1,0,322.5,216.5,23.6,0.47,0.05,50.0,13.26,-0.01,0.5,645.7,9.188
95.66,CARRY,24.09,0.01,-9.58,24.43,-0.01,1,0,322.0,220.5,19.6,0.39,0.04,50.9,13.26,-0.01,0.1,646.3,9.188
95.72,CARRY,24.09,0.01,-9.58,24.44,-0.01,1,0,322.0,220.0,20.1,0.4,0.04,50.1,13.26,-0.01,0.2,646.8,9.188
95.77,CARRY,24.17,-0.0,-9.58,24.46,-0.01,1,0,322.0,223.0,17.1,0.34,0.04,50.7,13.26,-0.01,0.4,648.2,9.0
95.82,CARRY,24.17,-0.0,-9.58,24.47,-0.01,1,0,322.0,222.5,17.6,0.35,0.04,50.5,13.26,-0.01,0.1,648.6,9.125
95.87,CARRY,24.23,-0.01,-9.58,24.48,-0.01,1,0,321.5,226.0,14.1,0.28,0.03,51.0,13.26,-0.01,0.4,649.0,9.062
95.92,CARRY,24.23,-0.01,-9.58,24.49,-0.01,1,0,322.0,224.5,15.6,0.31,0.04,50.4,13.26,-0.01,0.5,650.6,9.188
95.97,CARRY,24.3,-0.01,-9.58,24.51,-0.01,1,0,321.5,228.0,12.1,0.24,0.03,51.2,13.26,-0.01,0.4,650.7,9.125
96.03,CARRY,24.3,-0.01,-9.58,24.52,-0.01,1,0,322.0,227.0,13.2,0.26,0.04,50.1,13.26,-0.01,0.2,651.7,9.125
96.08,CARRY,24.35,-0.02,-9.58,24.53,-0.01,1,0,321.5,230.0,10.1,0.2,0.03,50.7,13.26,-0.01,0.4,652.0,9.125
96.13,CARRY,24.35,-0.02,-9.58,24.55,-0.01,1,0,322.0,228.5,11.7,0.23,0.04,49.7,13.26,-0.01,0.5,653.5,9.188
96.18,CARRY,24.41,-0.02,-9.57,24.56,-0.01,1,0,321.5,231.0,9.1,0.18,0.03,51.1,13.26,-0.01,0.4,654.0,9.188
96.23,CARRY,24.41,-0.02,-9.57,24.57,-0.01,1,0,322.0,230.5,9.7,0.19,0.04,50.2,13.26,-0.01,0.0,654.6,9.188
96.28,CARRY,24.45,-0.03,-9.57,24.59,-0.01,1,0,321.5,232.5,7.6,0.15,0.03,51.0,13.26,-0.01,0.3,655.2,9.125
96.33,CARRY,24.45,-0.03,-9.57,24.6,-0.01,1,0,322.0,232.0,8.2,0.16,0.04,50.1,13.26,-0.01,0.3,655.8,9.125
96.39,CARRY,24.49,-0.03,-9.57,24.61,-0.01,1,0,321.5,233.5,6.7,0.13,0.03,50.8,13.26,-0.01,0.3,656.7,9.125
96.44,CARRY,24.49,-0.03,-9.57,24.62,-0.01,1,0,321.5,233.0,7.2,0.14,0.03,50.3,13.26,-0.01,0.5,657.2,9.188
96.49,CARRY,24.53,-0.03,-9.57,24.64,-0.01,1,0,321.5,234.5,5.7,0.11,0.03,50.7,13.26,-0.01,0.5,657.9,9.25
96.54,CARRY,24.53,-0.03,-9.57,24.65,-0.01,1,0,321.5,233.0,7.2,0.14,0.03,50.5,13.26,-0.01,0.6,659.4,9.188
96.59,CARRY,24.57,-0.03,-9.58,24.66,-0.01,1,0,321.5,234.5,5.7,0.11,0.03,52.2,13.26,-0.01,0.3,659.9,9.125
96.65,CARRY,24.6,-0.03,-9.58,24.68,-0.01,1,0,321.5,235.5,4.7,0.09,0.03,49.2,13.26,-0.01,0.2,660.6,9.062
96.7,CARRY,24.6,-0.03,-9.58,24.69,-0.01,1,0,321.5,234.5,5.7,0.11,0.03,48.2,13.26,-0.01,0.4,661.6,9.062
96.75,CARRY,24.6,-0.03,-9.58,24.7,-0.01,1,0,321.5,234.0,6.2,0.12,0.03,48.4,13.26,-0.01,0.4,662.1,9.0
96.8,CARRY,24.62,-0.03,-9.58,24.71,-0.01,1,0,321.5,234.5,5.7,0.11,0.03,48.9,13.26,-0.01,0.6,663.2,9.0
96.85,CARRY,24.62,-0.03,-9.58,24.73,-0.01,1,0,321.5,234.0,6.2,0.12,0.03,48.4,13.26,-0.01,0.5,663.7,8.938
96.9,CARRY,24.65,-0.03,-9.58,24.74,-0.01,1,0,321.5,234.5,5.7,0.11,0.03,49.0,13.26,-0.01,0.5,664.6,9.0
96.95,CARRY,24.65,-0.03,-9.58,24.75,-0.01,1,0,321.5,234.0,6.2,0.12,0.03,48.5,13.26,-0.01,0.4,665.1,8.938
97.0,CARRY,24.67,-0.03,-9.58,24.76,-0.01,1,0,321.5,234.5,5.7,0.11,0.03,52.9,13.26,-0.01,0.4,665.9,8.938
97.05,CARRY,24.69,-0.03,-9.58,24.78,-0.01,1,0,321.5,235.0,5.2,0.1,0.03,50.2,13.26,-0.01,0.2,666.5,8.938
97.1,CARRY,24.69,-0.03,-9.58,24.79,-0.01,1,0,321.5,234.5,5.7,0.11,0.03,49.6,13.26,-0.01,0.2,667.0,8.875
97.15,CARRY,24.71,-0.03,-9.58,24.8,-0.01,1,0,321.5,235.0,5.2,0.1,0.03,51.5,13.26,-0.01,0.2,667.6,8.938
97.2,CARRY,24.71,-0.03,-9.58,24.82,-0.01,1,0,321.5,234.5,5.7,0.11,0.03,55.4,13.26,-0.01,0.5,668.1,8.938
97.26,CARRY,24.73,-0.03,-9.58,24.83,-0.01,1,0,321.5,234.0,6.2,0.12,0.03,50.6,13.26,-0.01,0.3,669.6,8.875
97.31,CARRY,24.73,-0.03,-9.58,24.84,-0.01,1,0,321.5,233.0,7.2,0.14,0.03,49.3,13.26,-0.01,0.5,670.6,8.875
97.36,CARRY,24.74,-0.03,-9.58,24.86,-0.01,1,0,321.5,234.0,6.2,0.12,0.03,49.3,13.26,-0.01,0.3,670.6,8.938
97.41,CARRY,24.74,-0.03,-9.58,24.87,-0.01,1,0,321.5,232.5,7.6,0.15,0.03,50.7,13.26,-0.01,0.6,672.1,8.875
97.46,CARRY,24.76,-0.02,-9.58,24.88,-0.01,1,0,321.5,232.5,7.6,0.15,0.03,49.2,13.26,-0.01,0.7,673.1,8.875
97.51,CARRY,24.76,-0.02,-9.58,24.89,-0.01,1,0,321.5,232.0,8.1,0.16,0.03,48.4,13.26,-0.01,0.6,673.6,8.938
97.56,CARRY,24.78,-0.02,-9.58,24.91,-0.01,1,0,321.5,232.0,8.1,0.16,0.03,49.5,13.26,-0.01,0.7,674.5,8.938
97.61,CARRY,24.78,-0.02,-9.58,24.92,-0.01,1,0,321.5,231.5,8.6,0.17,0.03,49.4,13.26,-0.01,0.6,675.0,8.938
97.67,CARRY,24.79,-0.02,-9.58,24.93,-0.01,1,0,321.5,231.5,8.6,0.17,0.03,52.3,13.26,-0.01,0.7,675.9,8.938
97.72,CARRY,24.79,-0.02,-9.58,24.94,-0.01,1,0,321.5,231.0,9.1,0.18,0.03,49.7,13.26,-0.01,0.5,676.4,8.938
97.77,CARRY,24.81,-0.02,-9.58,24.96,-0.01,1,0,321.5,231.5,8.6,0.17,0.03,52.5,13.26,-0.01,0.3,676.8,8.875
97.82,CARRY,24.81,-0.02,-9.58,24.97,-0.01,1,0,321.5,231.0,9.1,0.18,0.03,48.9,13.26,-0.01,0.4,677.3,8.875
97.87,CARRY,24.82,-0.02,-9.58,24.98,-0.01,1,0,321.5,231.0,9.1,0.18,0.03,50.9,13.26,-0.01,0.3,678.3,8.812
97.92,CARRY,24.82,-0.02,-9.58,25.0,-0.01,1,0,321.5,230.0,10.1,0.2,0.03,48.7,13.26,-0.01,0.5,679.3,8.812
97.97,CARRY,24.84,-0.02,-9.58,25.01,-0.01,1,0,321.5,230.5,9.6,0.19,0.03,48.8,13.26,-0.01,0.4,679.8,8.812
98.02,CARRY,24.84,-0.02,-9.58,25.02,-0.01,1,0,322.0,230.0,10.2,0.2,0.04,48.7,13.26,-0.01,0.2,680.3,8.875
98.07,CARRY,24.86,-0.02,-9.58,25.03,-0.01,1,0,321.5,230.0,10.1,0.2,0.03,50.6,13.26,-0.01,0.4,681.3,8.812
98.13,CARRY,24.86,-0.02,-9.58,25.05,-0.01,1,0,322.0,229.0,11.2,0.22,0.04,48.8,13.26,-0.01,0.4,682.3,8.875
98.18,CARRY,24.88,-0.02,-9.58,25.06,-0.01,1,0,321.5,229.0,11.1,0.22,0.03,48.6,13.26,-0.01,0.8,683.3,8.812
98.23,CARRY,24.88,-0.02,-9.58,25.07,-0.01,1,0,322.5,228.5,11.8,0.23,0.05,47.9,13.26,-0.01,0.6,683.9,8.875
98.28,CARRY,24.9,-0.02,-9.58,25.08,-0.01,1,0,322.0,228.5,11.7,0.23,0.04,49.1,13.26,-0.01,0.8,684.9,8.875
98.33,CARRY,24.9,-0.02,-9.58,25.1,-0.01,1,0,322.5,228.5,11.8,0.23,0.05,48.1,13.26,-0.01,0.4,685.0,8.875
98.38,CARRY,24.91,-0.02,-9.58,25.11,-0.01,1,0,322.0,228.5,11.7,0.23,0.04,49.1,13.26,-0.01,0.4,686.0,8.875
98.43,CARRY,24.91,-0.02,-9.58,25.12,-0.01,1,0,322.5,228.0,12.3,0.24,0.05,47.7,13.26,-0.01,0.4,686.6,8.875
98.48,CARRY,24.93,-0.02,-9.58,25.13,-0.01,1,0,322.5,228.5,11.8,0.23,0.05,48.7,13.26,-0.01,0.5,687.2,8.875
98.53,CARRY,24.93,-0.02,-9.58,25.15,-0.01,1,0,322.5,228.0,12.3,0.24,0.05,47.7,13.26,-0.01,0.3,687.7,8.875
98.58,CARRY,24.95,-0.02,-9.58,25.16,-0.01,1,0,322.5,228.5,11.8,0.23,0.05,48.7,13.26,-0.01,0.4,688.4,8.812
98.63,CARRY,24.95,-0.02,-9.58,25.17,-0.01,1,0,322.5,227.5,12.7,0.25,0.05,47.6,13.26,-0.01,0.3,689.4,8.812
98.68,CARRY,24.98,-0.02,-9.58,25.18,-0.01,1,0,322.5,228.0,12.3,0.24,0.05,48.8,13.26,-0.01,0.4,690.1,8.812
98.73,CARRY,24.98,-0.02,-9.58,25.2,-0.01,1,0,322.5,227.5,12.7,0.25,0.05,47.9,13.26,-0.01,0.3,690.6,8.812
98.78,CARRY,25.0,-0.02,-9.58,25.21,-0.01,1,0,322.5,228.0,12.3,0.24,0.05,49.0,13.26,-0.01,0.4,691.4,8.875
98.83,CARRY,25.0,-0.02,-9.58,25.22,-0.01,1,0,322.5,227.0,13.2,0.26,0.05,47.9,13.26,-0.01,0.4,692.4,8.812
98.88,CARRY,25.02,-0.02,-9.58,25.23,-0.01,1,0,322.5,228.0,12.3,0.24,0.05,51.3,13.26,-0.01,0.5,692.7,8.875
98.93,CARRY,25.02,-0.02,-9.58,25.25,-0.01,1,0,322.5,227.0,13.2,0.26,0.05,48.4,13.26,-0.01,0.3,693.7,8.875
98.98,CARRY,25.04,-0.02,-9.58,25.26,-0.01,1,0,322.0,227.5,12.7,0.25,0.04,50.2,13.26,-0.01,0.1,694.4,8.938
99.03,CARRY,25.04,-0.02,-9.58,25.27,-0.01,1,0,322.5,227.0,13.2,0.26,0.05,49.6,13.26,-0.01,0.4,695.0,8.938
99.08,CARRY,25.07,-0.01,-9.58,25.29,-0.01,1,0,321.5,227.5,12.6,0.25,0.03,50.1,13.26,-0.01,0.4,695.7,8.938
99.13,CARRY,25.07,-0.01,-9.58,25.3,-0.01,1,0,322.5,227.0,13.2,0.26,0.05,49.4,13.26,-0.01,0.5,696.4,8.938
99.18,CARRY,25.09,-0.01,-9.58,25.31,-0.01,1,0,321.5,227.5,12.6,0.25,0.03,50.4,13.26,-0.01,0.4,697.1,8.812
99.24,CARRY,25.09,-0.01,-9.58,25.32,-0.01,1,0,322.0,226.5,13.6,0.27,0.04,50.2,13.26,-0.01,0.1,698.1,8.812
99.29,CARRY,25.11,-0.01,-9.58,25.34,-0.01,1,0,321.5,227.0,13.1,0.26,0.03,48.9,13.26,-0.01,0.4,698.9,8.75
99.34,CARRY,25.11,-0.01,-9.58,25.35,-0.01,1,0,321.5,226.5,13.6,0.27,0.03,48.2,13.26,-0.01,0.4,699.4,8.75
99.39,CARRY,25.14,-0.01,-9.58,25.36,-0.01,1,0,321.5,227.0,13.1,0.26,0.03,48.6,13.26,-0.01,0.3,700.3,8.688
99.44,CARRY,25.14,-0.01,-9.58,25.37,-0.01,1,0,321.5,226.5,13.6,0.27,0.03,48.4,13.26,-0.01,0.4,700.8,8.688
99.49,CARRY,25.16,-0.01,-9.58,25.39,-0.01,1,0,321.5,227.0,13.1,0.26,0.03,48.5,13.26,-0.01,0.2,701.7,8.75
99.54,CARRY,25.16,-0.01,-9.58,25.4,-0.01,1,0,321.5,226.5,13.6,0.27,0.03,48.0,13.26,-0.01,0.3,702.2,8.75
99.59,CARRY,25.19,-0.01,-9.58,25.41,-0.01,1,0,321.5,227.0,13.1,0.26,0.03,48.8,13.26,-0.01,0.2,703.2,8.75
99.64,CARRY,25.19,-0.01,-9.58,25.42,-0.01,1,0,321.5,226.5,13.6,0.27,0.03,50.4,13.26,-0.01,0.3,703.7,8.75
99.69,CARRY,25.21,-0.01,-9.58,25.44,-0.01,1,0,321.5,227.0,13.1,0.26,0.03,48.6,13.26,-0.01,0.2,704.6,8.75
99.74,CARRY,25.21,-0.01,-9.58,25.45,-0.01,1,0,321.5,226.5,13.6,0.27,0.03,48.4,13.26,-0.01,0.3,705.1,8.75
99.79,CARRY,25.24,-0.01,-9.58,25.46,-0.01,1,0,321.5,227.0,13.1,0.26,0.03,48.8,13.26,-0.01,0.2,706.1,8.688
99.84,CARRY,25.24,-0.01,-9.58,25.47,-0.01,1,0,321.5,226.5,13.6,0.27,0.03,48.7,13.26,-0.01,0.3,706.6,8.688
99.89,CARRY,25.26,-0.01,-9.58,25.49,-0.01,1,0,321.5,226.5,13.6,0.27,0.03,48.6,13.26,-0.01,0.6,708.0,8.688
99.94,CARRY,25.26,-0.01,-9.58,25.5,-0.01,1,0,321.5,226.5,13.6,0.27,0.03,48.4,13.26,-0.01,0.3,708.0,8.75
99.99,CARRY,25.29,-0.01,-9.58,25.51,-0.01,1,0,321.5,226.5,13.6,0.27,0.03,48.6,13.26,-0.01,0.6,709.5,8.688
100.04,CARRY,25.29,-0.01,-9.58,25.52,-0.01,1,0,321.5,226.5,13.6,0.27,0.03,48.4,13.26,-0.01,0.3,709.5,8.75
100.09,CARRY,25.31,-0.01,-9.58,25.54,-0.01,1,0,321.5,226.5,13.6,0.27,0.03,48.7,13.26,-0.01,0.7,710.9,8.75
100.14,CARRY,25.31,-0.01,-9.58,25.55,-0.01,1,0,321.5,226.5,13.6,0.27,0.03,48.4,13.26,-0.01,0.3,710.9,8.75
100.19,CARRY,25.34,-0.01,-9.58,25.56,-0.01,1,0,321.5,226.5,13.6,0.27,0.03,48.7,13.26,-0.01,0.7,712.4,8.75
100.24,CARRY,25.34,-0.01,-9.58,25.57,-0.01,1,0,321.5,226.5,13.6,0.27,0.03,48.4,13.26,-0.01,0.4,712.4,8.75
100.29,CARRY,25.36,-0.01,-9.58,25.59,-0.01,1,0,321.5,227.0,13.1,0.26,0.03,48.6,13.26,-0.01,0.3,713.4,8.625
100.34,CARRY,25.36,-0.01,-9.58,25.6,-0.01,1,0,321.5,226.5,13.6,0.27,0.03,50.2,13.26,-0.01,0.4,713.9,8.625
100.39,CARRY,25.39,-0.01,-9.58,25.61,-0.01,1,0,321.5,226.5,13.6,0.27,0.03,48.3,13.26,-0.01,0.8,715.3,8.625
100.44,CARRY,25.39,-0.01,-9.58,25.62,-0.01,1,0,321.5,226.5,13.6,0.27,0.03,49.8,13.26,-0.01,0.4,715.3,8.625
100.49,CARRY,25.41,-0.01,-9.58,25.64,-0.01,1,0,321.5,226.5,13.6,0.27,0.03,50.5,13.26,-0.01,0.8,716.8,8.625
100.54,CARRY,25.41,-0.01,-9.58,25.65,-0.01,1,0,322.0,226.5,13.6,0.27,0.04,50.2,13.26,-0.01,0.0,716.9,8.688
100.59,CARRY,25.44,-0.01,-9.58,25.66,-0.01,1,0,321.5,227.0,13.1,0.26,0.03,50.7,13.26,-0.01,0.5,717.8,8.688
100.65,CARRY,25.44,-0.01,-9.58,25.68,-0.01,1,0,322.0,226.5,13.6,0.27,0.04,49.8,13.26,-0.01,0.0,718.3,8.688
100.7,CARRY,25.47,-0.01,-9.58,25.69,-0.01,1,0,321.5,227.0,13.1,0.26,0.03,51.0,13.26,-0.01,0.5,719.3,8.688
100.75,CARRY,25.49,-0.01,-9.58,25.7,-0.01,1,0,321.5,228.0,12.1,0.24,0.03,50.6,13.26,-0.01,0.4,719.8,8.688
100.8,CARRY,25.49,-0.01,-9.58,25.71,-0.01,1,0,322.0,227.0,13.2,0.26,0.04,50.3,13.26,-0.01,0.3,720.8,8.625
100.85,CARRY,25.52,-0.02,-9.58,25.73,-0.01,1,0,321.5,228.0,12.1,0.24,0.03,50.9,13.26,-0.01,0.4,721.3,8.688
100.9,CARRY,25.52,-0.02,-9.58,25.74,-0.01,1,0,322.0,227.5,12.7,0.25,0.04,50.1,13.26,-0.01,0.2,721.8,8.625
100.95,CARRY,25.54,-0.02,-9.58,25.75,-0.01,1,0,322.5,227.5,12.7,0.25,0.05,50.8,13.26,-0.01,0.8,723.4,8.688
101.01,CARRY,25.54,-0.02,-9.58,25.77,-0.01,1,0,322.5,227.5,12.7,0.25,0.05,50.5,13.26,-0.01,0.4,723.4,8.625
101.06,CARRY,25.57,-0.02,-9.58,25.78,-0.01,1,0,322.0,228.0,12.2,0.24,0.04,50.9,13.26,-0.01,0.1,724.3,8.688
101.11,CARRY,25.57,-0.02,-9.58,25.79,-0.01,1,0,322.5,227.5,12.7,0.25,0.05,49.7,13.26,-0.01,0.4,724.9,8.75
101.16,CARRY,25.6,-0.02,-9.58,25.8,-0.01,1,0,322.5,228.0,12.3,0.24,0.05,51.0,13.26,-0.01,0.4,725.9,8.625
101.21,CARRY,25.6,-0.02,-9.58,25.82,-0.01,1,0,323.0,227.0,13.3,0.26,0.06,50.0,13.26,-0.01,0.9,726.9,8.625
101.26,CARRY,25.62,-0.02,-9.58,25.83,-0.01,1,0,322.5,228.0,12.3,0.24,0.05,50.6,13.26,-0.01,0.4,727.3,8.562
101.31,CARRY,25.62,-0.02,-9.58,25.84,-0.01,1,0,322.5,227.5,12.7,0.25,0.05,49.8,13.26,-0.01,0.3,727.8,8.562
101.36,CARRY,25.65,-0.02,-9.58,25.86,-0.01,1,0,322.5,228.0,12.3,0.24,0.05,50.7,13.26,-0.01,0.4,728.8,8.625
101.42,CARRY,25.65,-0.02,-9.58,25.87,-0.01,1,0,322.5,227.5,12.7,0.25,0.05,50.6,13.26,-0.01,0.3,729.3,8.562
101.47,CARRY,25.67,-0.02,-9.58,25.88,-0.01,1,0,322.5,228.0,12.3,0.24,0.05,50.6,13.26,-0.01,0.4,730.2,8.625
101.52,CARRY,25.67,-0.02,-9.58,25.89,-0.01,1,0,322.5,227.0,13.2,0.26,0.05,50.3,13.26,-0.01,0.4,731.2,8.562
101.57,CARRY,25.7,-0.02,-9.58,25.91,-0.01,1,0,322.5,228.0,12.3,0.24,0.05,51.2,13.26,-0.01,0.4,731.7,8.75
101.62,CARRY,25.7,-0.02,-9.58,25.92,-0.01,1,0,322.5,227.0,13.2,0.26,0.05,50.4,13.26,-0.01,0.3,732.7,8.625
101.67,CARRY,25.72,-0.02,-9.58,25.93,-0.01,1,0,322.5,228.0,12.3,0.24,0.05,52.8,13.26,-0.01,0.4,733.2,8.688
101.73,CARRY,25.72,-0.02,-9.58,25.95,-0.01,1,0,322.5,227.0,13.2,0.26,0.05,48.5,13.26,-0.01,0.3,734.2,8.688
101.78,CARRY,25.75,-0.02,-9.58,25.96,-0.01,1,0,322.5,228.0,12.3,0.24,0.05,51.1,13.26,-0.01,0.4,734.7,8.688
101.83,CARRY,25.75,-0.02,-9.58,25.97,-0.01,1,0,322.5,227.0,13.2,0.26,0.05,48.3,13.26,-0.01,0.3,735.6,8.688
101.88,CARRY,25.77,-0.02,-9.58,25.98,-0.01,1,0,322.5,228.0,12.3,0.24,0.05,49.1,13.26,-0.01,0.4,736.1,8.688
101.93,CARRY,25.77,-0.02,-9.58,26.0,-0.01,1,0,322.5,227.0,13.2,0.26,0.05,48.3,13.26,-0.01,0.3,737.1,8.688
101.98,CARRY,25.8,-0.02,-9.58,26.01,-0.01,1,0,322.5,228.0,12.3,0.24,0.05,51.8,13.26,-0.01,0.4,737.6,8.688
102.03,CARRY,25.8,-0.02,-9.58,26.02,-0.01,1,0,322.5,227.0,13.2,0.26,0.05,48.9,13.26,-0.01,0.3,738.6,8.75
102.08,CARRY,25.82,-0.02,-9.58,26.04,-0.01,1,0,322.5,228.0,12.3,0.24,0.05,48.8,13.26,-0.01,0.4,739.1,8.812
102.13,CARRY,25.82,-0.02,-9.58,26.05,-0.01,1,0,322.5,227.0,13.2,0.26,0.05,47.9,13.26,-0.01,0.3,740.1,8.875
102.18,CARRY,25.85,-0.02,-9.58,26.06,-0.01,1,0,322.5,228.0,12.3,0.24,0.05,48.8,13.26,-0.01,0.4,740.6,8.938
102.23,CARRY,25.85,-0.02,-9.58,26.07,-0.01,1,0,322.5,227.0,13.2,0.26,0.05,47.7,13.26,-0.01,0.3,741.6,9.0
102.28,CARRY,25.87,-0.02,-9.58,26.09,-0.01,1,0,323.0,227.5,12.9,0.25,0.06,52.8,13.26,-0.01,1.0,742.7,9.125
102.34,CARRY,25.87,-0.02,-9.58,26.1,-0.01,1,0,323.0,227.0,13.3,0.26,0.06,50.6,13.26,-0.01,0.8,743.2,9.0
102.39,CARRY,25.9,-0.02,-9.58,26.11,-0.01,1,0,322.5,228.0,12.3,0.24,0.05,49.8,13.26,-0.01,0.4,743.6,9.0
102.44,CARRY,25.9,-0.02,-9.58,26.12,-0.01,1,0,322.5,227.0,13.2,0.26,0.05,48.8,13.26,-0.01,0.4,744.6,9.125
102.49,CARRY,25.93,-0.02,-9.58,26.14,-0.01,1,0,322.5,228.0,12.3,0.24,0.05,50.3,13.26,-0.01,0.4,745.1,9.25
102.54,CARRY,25.93,-0.02,-9.58,26.15,-0.01,1,0,322.5,227.0,13.2,0.26,0.05,49.5,13.26,-0.01,0.4,746.1,9.312
102.59,CARRY,25.95,-0.02,-9.58,26.16,-0.01,1,0,322.0,228.0,12.2,0.24,0.04,50.6,13.26,-0.01,0.0,746.5,9.438
102.64,CARRY,25.95,-0.02,-9.58,26.18,-0.01,1,0,322.5,227.0,13.2,0.26,0.05,48.6,13.26,-0.01,0.4,747.6,9.438
102.69,CARRY,25.98,-0.02,-9.58,26.19,-0.01,1,0,322.0,228.0,12.2,0.24,0.04,49.2,13.26,-0.01,0.0,748.0,9.438
102.74,CARRY,25.98,-0.02,-9.58,26.2,-0.01,1,0,322.5,227.0,13.2,0.26,0.05,48.5,13.26,-0.01,0.5,749.1,9.5
102.79,CARRY,26.0,-0.02,-9.58,26.21,-0.01,1,0,322.0,228.0,12.2,0.24,0.04,50.7,13.26,-0.01,0.1,749.6,9.5
102.85,CARRY,26.03,-0.02,-9.58,26.23,-0.01,1,0,321.5,228.5,11.6,0.23,0.03,50.2,13.26,-0.01,0.4,750.5,9.562
102.9,CARRY,26.03,-0.02,-9.58,26.24,-0.01,1,0,321.5,228.0,12.1,0.24,0.03,51.3,13.26,-0.01,0.4,751.0,9.562
102.95,CARRY,26.06,-0.01,-9.58,26.25,-0.01,1,0,321.5,228.5,11.6,0.23,0.03,49.9,13.26,-0.01,0.4,752.0,9.562
103.0,CARRY,26.06,-0.01,-9.58,26.26,-0.01,1,0,321.5,228.0,12.1,0.24,0.03,50.0,13.26,-0.01,0.4,752.5,9.562
103.05,CARRY,26.08,-0.01,-9.58,26.28,-0.01,1,0,321.5,228.5,11.6,0.23,0.03,50.2,13.26,-0.01,0.4,753.5,9.625
103.1,CARRY,26.08,-0.01,-9.58,26.29,-0.01,1,0,321.5,228.0,12.1,0.24,0.03,49.5,13.26,-0.01,0.4,754.0,9.625
103.15,CARRY,26.11,-0.01,-9.58,26.3,-0.01,1,0,321.5,228.5,11.6,0.23,0.03,49.6,13.26,-0.01,0.4,755.0,9.688
103.2,CARRY,26.11,-0.01,-9.58,26.32,-0.01,1,0,321.5,228.0,12.1,0.24,0.03,50.0,13.26,-0.01,0.4,755.5,9.625
103.25,CARRY,26.13,-0.01,-9.58,26.33,-0.01,1,0,321.5,228.5,11.6,0.23,0.03,49.9,13.26,-0.01,0.4,756.4,9.75
103.31,CARRY,26.13,-0.01,-9.58,26.34,-0.01,1,0,321.5,233.0,7.2,0.14,0.03,48.6,13.26,-0.01,5.0,752.0,9.688
103.36,CARRY,26.16,-0.01,-9.58,26.35,-0.01,1,0,321.5,233.5,6.7,0.13,0.03,50.1,13.26,-0.01,4.7,752.9,9.688
103.41,CARRY,26.16,-0.01,-9.58,26.37,-0.01,1,0,321.5,233.0,7.2,0.14,0.03,50.2,13.26,-0.01,5.0,753.4,9.625
103.46,CARRY,26.18,-0.01,-9.58,26.38,-0.01,1,0,321.5,228.5,11.6,0.23,0.03,48.8,13.26,-0.01,0.3,759.2,9.5
103.51,CARRY,26.18,-0.01,-9.58,26.39,-0.01,1,0,321.5,233.0,7.2,0.14,0.03,49.9,13.26,-0.01,5.1,754.8,9.5
103.56,CARRY,26.2,-0.01,-9.58,26.4,-0.01,1,0,321.5,228.5,11.6,0.23,0.03,50.2,13.26,-0.01,0.3,760.6,9.5
103.61,CARRY,26.2,-0.01,-9.58,26.42,-0.01,1,0,321.5,228.0,12.1,0.24,0.03,47.9,13.26,-0.01,0.4,761.1,9.438
103.66,CARRY,26.23,-0.01,-9.58,26.43,-0.01,1,0,321.5,228.5,11.6,0.23,0.03,50.2,13.26,-0.01,0.3,761.9,9.438
103.71,CARRY,26.23,-0.01,-9.58,26.44,-0.01,1,0,321.5,227.5,12.6,0.25,0.03,48.3,13.26,-0.01,0.4,762.9,9.438
103.76,CARRY,26.25,-0.01,-9.58,26.45,-0.01,1,0,321.5,236.5,3.8,0.07,0.03,49.3,13.26,-0.01,8.4,755.2,9.438
103.81,CARRY,26.25,-0.01,-9.58,26.47,-0.01,1,0,321.5,236.5,3.8,0.07,0.03,48.4,13.26,-0.01,9.1,755.2,9.375
103.86,CARRY,26.27,-0.01,-9.58,26.48,-0.01,1,0,321.5,236.5,3.8,0.07,0.03,54.1,13.26,-0.01,8.6,756.4,9.375
103.92,CARRY,26.27,-0.01,-9.58,26.49,-0.01,1,0,321.5,236.0,4.3,0.08,0.03,49.2,13.26,-0.01,8.9,756.9,9.375
103.97,CARRY,26.29,-0.01,-9.58,26.51,-0.01,1,0,321.5,237.0,3.4,0.06,0.03,49.6,13.26,-0.01,9.4,757.1,9.25
104.02,CARRY,26.29,-0.01,-9.58,26.52,-0.01,1,0,321.5,236.5,3.8,0.07,0.03,48.6,13.26,-0.01,9.6,757.6,9.312
104.07,CARRY,26.31,-0.01,-9.58,26.53,-0.01,1,0,321.5,227.0,13.1,0.26,0.03,48.8,13.26,-0.01,0.4,768.2,9.062
104.12,CARRY,26.31,-0.01,-9.58,26.54,-0.01,1,0,321.5,226.5,13.6,0.27,0.03,48.5,13.26,-0.01,0.4,768.7,9.062
104.17,CARRY,26.33,-0.01,-9.58,26.56,-0.01,1,0,321.5,227.0,13.1,0.26,0.03,49.6,13.26,-0.01,0.3,769.2,9.125
104.22,CARRY,26.33,-0.01,-9.58,26.57,-0.01,1,0,321.5,226.0,14.1,0.28,0.03,48.6,13.26,-0.01,0.4,770.2,9.062
104.27,CARRY,26.34,-0.01,-9.58,26.58,-0.01,1,0,321.5,226.5,13.6,0.27,0.03,49.8,13.26,-0.01,0.3,770.7,9.25
104.32,CARRY,26.34,-0.01,-9.58,26.59,-0.01,1,0,321.5,225.5,14.6,0.29,0.03,52.7,13.26,-0.01,0.4,771.7,9.188
104.37,CARRY,26.36,-0.01,-9.58,26.61,-0.01,1,0,321.5,226.0,14.1,0.28,0.03,50.8,13.26,-0.01,0.4,772.1,9.312
104.43,CARRY,26.36,-0.01,-9.58,26.62,-0.01,1,0,321.5,225.0,15.1,0.3,0.03,48.4,13.26,-0.01,0.4,773.1,9.25
104.48,CARRY,26.38,-0.01,-9.58,26.63,-0.01,1,0,321.5,224.5,15.6,0.31,0.03,50.3,13.26,-0.01,0.9,774.6,9.375
104.53,CARRY,26.38,-0.01,-9.58,26.65,-0.01,1,0,321.5,224.5,15.6,0.31,0.03,49.5,13.26,-0.01,0.4,774.6,9.438
104.58,CARRY,26.4,-0.01,-9.58,26.66,-0.01,1,0,321.5,224.5,15.6,0.31,0.03,50.0,13.26,-0.01,0.6,775.7,9.375
104.63,CARRY,26.4,-0.01,-9.58,26.67,-0.01,1,0,322.0,224.0,16.1,0.32,0.04,49.5,13.26,-0.01,0.2,776.3,9.438
104.68,CARRY,26.42,-0.0,-9.58,26.68,-0.01,1,0,321.5,224.5,15.6,0.31,0.03,50.7,13.26,-0.01,0.4,776.9,9.125
104.73,CARRY,26.42,-0.0,-9.58,26.7,-0.01,1,0,322.0,224.0,16.1,0.32,0.04,49.0,13.26,-0.01,0.1,777.5,9.188
104.78,CARRY,26.44,-0.0,-9.58,26.71,-0.01,1,0,321.5,224.5,15.6,0.31,0.03,49.2,13.26,-0.01,0.4,778.3,8.75
104.83,CARRY,26.44,-0.0,-9.58,26.72,-0.01,1,0,322.0,224.0,16.1,0.32,0.04,49.2,13.26,-0.01,0.2,778.8,8.812
104.88,CARRY,26.47,-0.01,-9.58,26.73,-0.01,1,0,321.5,224.5,15.6,0.31,0.03,49.2,13.26,-0.01,0.4,779.7,8.875
104.93,CARRY,26.47,-0.01,-9.58,26.75,-0.01,1,0,322.0,224.0,16.1,0.32,0.04,47.9,13.26,-0.01,0.2,780.3,8.938
104.98,CARRY,26.49,-0.01,-9.58,26.76,-0.01,1,0,321.5,224.5,15.6,0.31,0.03,49.7,13.26,-0.01,0.4,781.2,9.188
105.03,CARRY,26.49,-0.01,-9.58,26.77,-0.01,1,0,322.0,224.0,16.1,0.32,0.04,48.8,13.26,-0.01,0.1,781.8,9.125
105.08,CARRY,26.52,-0.01,-9.58,26.79,-0.01,1,0,321.5,242.5,2.9,-0.05,0.03,48.8,13.26,-0.01,17.7,765.0,9.062
105.13,CARRY,26.52,-0.01,-9.58,26.8,-0.01,1,0,322.0,242.0,2.8,-0.04,0.04,48.0,13.26,-0.01,17.9,765.6,9.188
105.18,CARRY,26.55,-0.01,-9.58,26.81,-0.01,1,0,321.5,242.5,2.9,-0.05,0.03,48.8,13.26,-0.01,17.5,766.7,8.875
105.23,CARRY,26.55,-0.01,-9.58,26.82,-0.01,1,0,322.0,242.0,2.8,-0.04,0.04,48.2,13.26,-0.01,17.7,767.3,8.938
105.28,CARRY,26.58,-0.01,-9.58,26.84,-0.01,1,0,321.5,224.5,15.6,0.31,0.03,48.7,13.26,-0.01,0.9,786.2,7.938
105.33,CARRY,26.58,-0.01,-9.58,26.85,-0.01,1,0,322.0,224.5,15.6,0.31,0.04,48.0,13.26,-0.01,0.0,786.3,8.0
105.38,CARRY,26.61,-0.01,-9.58,26.86,-0.01,1,0,321.5,225.0,15.1,0.3,0.03,49.0,13.26,-0.01,0.6,787.3,8.375
105.43,CARRY,26.61,-0.01,-9.58,26.87,-0.01,1,0,322.0,224.5,15.6,0.31,0.04,48.0,13.26,-0.01,0.2,787.9,8.312
105.48,CARRY,26.63,-0.01,-9.58,26.89,-0.01,1,0,321.5,246.5,6.7,-0.13,0.03,48.9,13.26,-0.01,21.1,767.5,8.688
105.53,CARRY,26.63,-0.01,-9.58,26.9,-0.01,1,0,322.0,246.0,6.3,-0.12,0.04,48.1,13.26,-0.01,21.3,768.1,8.75
105.58,CARRY,26.65,-0.01,-9.58,26.91,-0.01,1,0,321.5,246.5,6.7,-0.13,0.03,48.9,13.26,-0.01,21.3,768.8,8.75
105.63,CARRY,26.65,-0.01,-9.58,26.92,-0.01,1,0,322.0,246.5,6.8,-0.13,0.04,48.0,13.26,-0.01,22.0,768.8,8.875
105.68,CARRY,26.67,-0.01,-9.58,26.94,-0.01,1,0,321.5,246.5,6.7,-0.13,0.03,48.8,13.26,-0.01,21.6,769.9,8.688
105.73,CARRY,26.67,-0.01,-9.58,26.95,-0.01,1,0,322.0,246.0,6.3,-0.12,0.04,48.0,13.26,-0.01,21.8,770.5,8.75
105.78,CARRY,26.69,-0.01,-9.58,26.96,-0.01,1,0,321.5,224.5,15.6,0.31,0.03,48.8,13.26,-0.01,0.5,792.8,8.125
105.83,CARRY,26.69,-0.01,-9.58,26.97,-0.01,1,0,322.5,224.0,16.2,0.32,0.05,47.9,13.26,-0.01,0.5,793.4,8.25
105.88,CARRY,26.71,-0.0,-9.58,26.99,-0.01,1,0,321.5,224.0,16.1,0.32,0.03,48.7,13.26,-0.01,0.4,794.2,8.188
105.93,CARRY,26.71,-0.0,-9.58,27.0,-0.01,1,0,322.5,223.5,16.7,0.33,0.05,47.9,13.26,-0.01,0.5,794.9,8.125
105.98,CARRY,26.72,-0.0,-9.58,27.01,-0.01,1,0,321.5,223.5,16.6,0.33,0.03,49.6,13.26,-0.01,0.5,795.5,8.062
106.03,CARRY,26.72,-0.0,-9.58,27.02,-0.01,1,0,322.5,222.5,17.7,0.35,0.05,48.4,13.26,-0.01,0.5,796.6,8.0
106.08,CARRY,26.73,-0.0,-9.58,27.04,-0.01,1,0,322.5,222.5,17.7,0.35,0.05,48.6,13.26,-0.01,0.6,797.1,8.062
106.13,CARRY,26.73,-0.0,-9.58,27.05,-0.01,1,0,322.5,221.0,19.2,0.38,0.05,48.0,13.26,-0.01,0.8,798.6,8.188
106.18,CARRY,26.74,0.0,-9.58,27.06,-0.01,1,0,322.5,221.0,19.2,0.38,0.05,48.6,13.26,-0.01,0.7,799.1,8.125
106.23,CARRY,26.74,0.0,-9.58,27.07,-0.01,1,0,322.5,221.0,19.2,0.38,0.05,48.0,13.26,-0.01,0.5,799.1,8.312
106.28,CARRY,26.75,0.0,-9.58,27.09,-0.01,1,0,322.0,220.5,19.6,0.39,0.04,48.5,13.26,-0.01,0.2,800.2,8.188
106.33,CARRY,26.75,0.0,-9.58,27.1,-0.01,1,0,323.0,220.0,20.2,0.4,0.06,48.2,13.26,-0.01,0.9,800.9,8.125
106.38,CARRY,26.77,0.0,-9.58,27.11,-0.01,1,0,322.0,247.5,7.8,-0.15,0.04,48.8,13.26,-0.01,27.3,774.5,8.375
106.43,CARRY,26.77,0.0,-9.58,27.12,-0.01,1,0,323.0,219.5,20.7,0.41,0.06,48.0,13.26,-0.01,0.9,802.3,8.25
106.48,CARRY,26.79,0.01,-9.58,27.14,-0.01,1,0,322.0,247.5,7.8,-0.15,0.04,48.6,13.26,-0.01,27.5,775.7,8.375
106.53,CARRY,26.79,0.01,-9.58,27.15,-0.01,1,0,323.0,219.0,21.2,0.42,0.06,48.4,13.26,-0.01,0.9,804.0,8.188
106.58,CARRY,26.81,0.01,-9.58,27.16,-0.01,1,0,322.5,219.5,20.7,0.41,0.05,48.4,13.26,-0.01,0.7,804.9,8.25
106.63,CARRY,26.81,0.01,-9.58,27.17,-0.01,1,0,323.0,247.0,7.6,-0.14,0.06,48.4,13.26,-0.01,27.8,777.8,8.375
106.68,CARRY,26.84,0.01,-9.58,27.19,-0.01,1,0,322.5,219.5,20.7,0.41,0.05,48.6,13.26,-0.01,0.8,806.4,8.062
106.73,CARRY,26.84,0.01,-9.58,27.2,-0.01,1,0,323.0,219.5,20.7,0.41,0.06,48.4,13.26,-0.01,0.9,806.5,8.312
106.78,CARRY,26.87,0.0,-9.58,27.21,-0.01,1,0,322.0,220.0,20.1,0.4,0.04,48.6,13.26,-0.01,0.3,807.6,8.375
106.83,CARRY,26.87,0.0,-9.58,27.22,-0.01,1,0,322.5,219.5,20.7,0.41,0.05,48.3,13.26,-0.01,0.4,808.1,8.438
106.88,CARRY,26.9,0.0,-9.58,27.24,-0.01,1,0,322.0,220.5,19.6,0.39,0.04,48.3,13.26,-0.01,0.2,808.9,8.812
106.93,CARRY,26.9,0.0,-9.58,27.25,-0.01,1,0,323.0,219.5,20.7,0.41,0.06,50.4,13.26,-0.01,1.0,810.0,8.812
106.99,CARRY,26.93,0.0,-9.58,27.26,-0.01,1,0,321.5,252.0,12.1,-0.24,0.03,50.5,13.26,-0.01,30.9,779.6,8.938
107.04,CARRY,26.93,0.0,-9.58,27.27,-0.01,1,0,322.5,220.5,19.7,0.39,0.05,51.5,13.26,-0.01,0.5,810.8,8.875
107.09,CARRY,26.97,0.0,-9.58,27.29,-0.01,1,0,321.5,221.0,19.1,0.38,0.03,51.5,13.26,-0.01,0.7,812.2,8.75
107.14,CARRY,26.97,0.0,-9.58,27.3,-0.01,1,0,322.0,220.5,19.6,0.39,0.04,48.3,13.26,-0.01,0.3,812.7,8.812
107.19,CARRY,27.0,0.0,-9.58,27.31,-0.01,1,0,321.5,222.0,18.1,0.36,0.03,48.8,13.26,-0.01,0.4,813.2,8.812
107.24,CARRY,27.0,0.0,-9.58,27.33,-0.01,1,0,322.0,221.0,19.1,0.38,0.04,48.1,13.26,-0.01,0.4,814.3,8.812
107.29,CARRY,27.04,0.0,-9.58,27.34,-0.01,1,0,321.5,256.5,16.6,-0.33,0.03,51.1,13.26,-0.01,33.8,781.2,8.875
107.34,CARRY,27.04,0.0,-9.58,27.35,-0.01,1,0,322.0,256.0,16.1,-0.32,0.04,47.6,13.26,-0.01,34.0,781.8,8.875
107.39,CARRY,27.07,-0.0,-9.58,27.36,-0.01,1,0,322.0,223.0,17.1,0.34,0.04,51.4,13.26,-0.01,0.4,816.5,8.812
107.45,CARRY,27.11,-0.0,-9.58,27.38,-0.01,1,0,321.5,224.5,15.6,0.31,0.03,49.1,13.26,-0.01,0.3,817.0,8.562
107.5,CARRY,27.11,-0.0,-9.58,27.39,-0.01,1,0,321.5,257.0,17.1,-0.34,0.03,48.5,13.26,-0.01,33.0,784.9,8.688
107.55,CARRY,27.15,-0.0,-9.58,27.4,-0.01,1,0,321.5,225.0,15.1,0.3,0.03,48.7,13.26,-0.01,0.4,818.6,9.0
107.6,CARRY,27.15,-0.0,-9.58,27.41,-0.01,1,0,321.5,261.0,21.1,-0.42,0.03,48.4,13.26,-0.01,36.4,783.1,9.125
107.65,CARRY,27.15,-0.0,-9.58,27.43,-0.01,1,0,321.5,260.5,20.6,-0.41,0.03,48.0,13.26,-0.01,36.6,783.6,9.188
107.7,CARRY,27.18,-0.0,-9.58,27.44,-0.01,1,0,321.5,261.5,21.6,-0.43,0.03,49.2,13.26,-0.01,36.4,784.5,9.312
107.75,CARRY,27.18,-0.0,-9.58,27.45,-0.01,1,0,321.5,261.5,21.6,-0.43,0.03,48.0,13.26,-0.01,37.1,784.5,9.438
107.8,CARRY,27.21,-0.01,-9.58,27.46,-0.01,1,0,321.5,262.5,22.5,-0.45,0.03,49.3,13.26,-0.01,37.0,785.4,9.0
107.85,CARRY,27.21,-0.01,-9.58,27.48,-0.01,1,0,321.5,262.0,22.1,-0.44,0.03,48.3,13.26,-0.01,37.2,785.9,9.062
107.9,CARRY,27.24,-0.01,-9.58,27.49,-0.01,1,0,321.5,262.0,22.1,-0.44,0.03,49.0,13.26,-0.01,36.2,787.5,9.0
107.95,CARRY,27.27,-0.01,-9.58,27.5,-0.01,1,0,321.5,226.5,13.6,0.27,0.03,49.0,13.26,-0.01,0.2,824.0,9.125
108.0,CARRY,27.27,-0.01,-9.58,27.51,-0.01,1,0,321.5,226.0,14.1,0.28,0.03,50.0,13.26,-0.01,0.4,824.5,9.188
108.05,CARRY,27.28,-0.01,-9.58,27.53,-0.01,1,0,321.5,265.5,25.5,-0.51,0.03,49.2,13.26,-0.01,39.6,786.4,9.25
108.1,CARRY,27.28,-0.01,-9.58,27.54,-0.01,1,0,321.5,265.0,25.0,-0.5,0.03,48.6,13.26,-0.01,39.9,786.9,9.25
108.15,CARRY,27.29,-0.0,-9.58,27.55,-0.01,1,0,321.5,265.0,25.0,-0.5,0.03,48.8,13.26,-0.01,40.3,787.2,9.25
108.2,CARRY,27.29,-0.0,-9.58,27.56,-0.01,1,0,321.5,223.5,16.6,0.33,0.03,48.3,13.26,-0.01,0.6,828.2,9.375
108.25,CARRY,27.28,0.0,-9.58,27.58,-0.01,1,0,321.5,264.0,24.0,-0.48,0.03,48.8,13.26,-0.01,41.0,787.9,9.312
108.3,CARRY,27.28,0.0,-9.58,27.59,-0.01,1,0,322.0,221.5,18.6,0.37,0.04,48.3,13.26,-0.01,0.8,830.0,9.312
108.35,CARRY,27.28,0.0,-9.58,27.6,-0.01,1,0,322.0,221.0,19.1,0.38,0.04,48.1,13.26,-0.01,0.5,830.5,9.312
108.4,CARRY,27.27,0.01,-9.58,27.61,-0.01,1,0,321.5,220.0,20.1,0.4,0.03,48.9,13.26,-0.01,0.4,830.7,9.375
108.45,CARRY,27.25,0.01,-9.58,27.63,-0.01,1,0,321.5,258.5,18.6,-0.37,0.03,48.6,13.26,-0.01,40.2,791.6,9.438
108.5,CARRY,27.25,0.01,-9.58,27.64,-0.01,1,0,321.5,258.5,18.6,-0.37,0.03,48.3,13.26,-0.01,41.0,791.6,9.438
108.55,CARRY,27.23,0.02,-9.58,27.65,-0.01,1,0,322.0,258.0,18.1,-0.36,0.04,50.7,13.26,-0.01,42.5,790.8,9.188
108.6,CARRY,27.23,0.02,-9.58,27.66,-0.01,1,0,322.5,257.5,17.7,-0.35,0.05,48.8,13.26,-0.01,42.8,791.4,9.312
108.65,CARRY,27.2,0.03,-9.58,27.68,-0.01,1,0,322.0,212.5,27.6,0.55,0.04,49.3,13.26,-0.01,0.1,834.2,9.375
108.7,CARRY,27.2,0.03,-9.58,27.69,-0.01,1,0,322.0,256.0,16.1,-0.32,0.04,48.2,13.26,-0.01,44.3,791.3,9.375
108.75,CARRY,27.18,0.03,-9.58,27.7,-0.01,1,0,322.0,209.5,30.6,0.61,0.04,48.6,13.26,-0.01,0.1,835.7,9.5
108.8,CARRY,27.18,0.03,-9.58,27.72,-0.01,1,0,323.0,209.0,31.1,0.62,0.06,48.0,13.26,-0.01,1.0,836.3,9.562
108.85,CARRY,27.15,0.04,-9.58,27.73,-0.01,1,0,321.5,206.0,34.0,0.68,0.03,48.5,13.26,-0.01,0.6,837.5,9.375
108.9,CARRY,27.15,0.04,-9.58,27.74,-0.01,1,0,322.5,249.0,9.3,-0.18,0.05,48.1,13.26,-0.01,43.3,795.2,9.5
108.95,CARRY,27.12,0.05,-9.58,27.75,-0.01,1,0,322.0,203.0,37.1,0.74,0.04,48.7,13.26,-0.01,0.3,838.9,8.812
109.0,CARRY,27.12,0.05,-9.58,27.77,-0.01,1,0,322.5,247.5,7.9,-0.15,0.05,50.9,13.26,-0.01,44.9,795.1,9.0
109.05,CARRY,27.1,0.06,-9.58,27.78,-0.01,1,0,322.5,200.0,40.1,0.8,0.05,50.9,13.26,-0.01,0.6,840.4,9.0
109.11,CARRY,27.1,0.06,-9.58,27.79,-0.01,1,0,322.5,246.0,6.5,-0.12,0.05,48.0,13.26,-0.01,46.5,795.0,9.25
109.16,CARRY,27.07,0.07,-9.58,27.8,-0.01,1,0,322.5,197.5,42.6,0.85,0.05,51.1,13.26,-0.01,0.5,841.7,9.125
109.21,CARRY,27.07,0.07,-9.58,27.82,-0.01,1,0,322.5,196.5,43.6,0.87,0.05,48.1,13.26,-0.01,0.5,842.7,9.25
109.26,CARRY,27.06,0.07,-9.58,27.83,-0.01,1,0,322.5,195.0,45.1,0.9,0.05,51.0,13.26,-0.01,0.6,843.3,9.062
109.31,CARRY,27.06,0.07,-9.58,27.84,-0.01,1,0,322.0,194.5,45.5,0.91,0.04,48.9,13.26,-0.01,0.1,843.7,9.312
109.36,CARRY,27.05,0.08,-9.58,27.85,-0.01,1,0,322.0,241.5,2.5,-0.03,0.04,49.5,13.26,-0.01,48.5,796.7,9.188
109.41,CARRY,27.05,0.08,-9.58,27.87,-0.01,1,0,322.0,241.0,2.2,-0.02,0.04,48.1,13.26,-0.01,48.7,797.2,8.938
109.46,CARRY,27.04,0.08,-9.58,27.88,-0.01,1,0,321.5,240.5,1.6,-0.01,0.03,52.0,13.26,-0.01,49.2,797.4,8.938
109.51,CARRY,27.04,0.08,-9.58,27.89,-0.01,1,0,322.0,240.5,2.1,-0.01,0.04,48.9,13.26,-0.01,49.9,797.5,8.688
109.56,CARRY,27.05,0.09,-9.58,27.91,-0.01,1,0,321.5,240.5,1.6,-0.01,0.03,48.7,13.26,-0.01,50.3,797.8,8.688
109.61,CARRY,27.05,0.09,-9.58,27.92,-0.01,1,0,322.0,240.5,2.1,-0.01,0.04,48.1,13.26,-0.01,51.0,797.9,8.312
109.66,CARRY,27.07,0.09,-9.58,27.93,-0.01,1,0,321.5,189.5,50.5,1.01,0.03,48.6,13.26,-0.01,0.3,849.1,8.438
109.71,CARRY,27.07,0.09,-9.58,27.94,-0.01,1,0,321.5,240.5,1.6,-0.01,0.03,48.3,13.26,-0.01,51.5,798.8,8.5
109.76,CARRY,27.09,0.09,-9.58,27.96,-0.01,1,0,321.5,190.0,50.0,1.0,0.03,48.5,13.26,-0.01,0.4,850.0,8.438
109.82,CARRY,27.09,0.09,-9.58,27.97,-0.01,1,0,321.5,189.0,51.0,1.02,0.03,48.4,13.26,-0.01,0.3,851.0,8.438
109.87,CARRY,27.12,0.09,-9.58,27.98,-0.01,1,0,321.5,242.5,2.9,-0.05,0.03,49.5,13.26,-0.01,52.6,799.8,8.25
109.92,CARRY,27.12,0.09,-9.58,27.99,-0.01,1,0,321.5,189.0,51.0,1.02,0.03,51.3,13.26,-0.01,0.3,852.6,8.062
109.97,CARRY,27.15,0.09,-9.58,28.01,-0.01,1,0,321.5,243.5,3.8,-0.07,0.03,50.5,13.26,-0.01,53.5,800.5,8.438
110.02,CARRY,27.15,0.09,-9.58,28.02,-0.01,1,0,321.5,188.5,51.5,1.03,0.03,49.1,13.26,-0.01,0.8,854.8,8.188
110.07,CARRY,27.18,0.09,-9.58,28.03,-0.01,1,0,321.5,190.0,50.0,1.0,0.03,48.1,13.26,-0.01,0.2,854.9,8.938
110.12,CARRY,27.18,0.09,-9.58,28.04,-0.01,1,0,321.5,189.0,51.0,1.02,0.03,50.3,13.26,-0.01,0.5,855.9,8.875
110.17,CARRY,27.21,0.09,-9.58,28.06,-0.01,1,0,321.5,190.0,50.0,1.0,0.03,50.7,13.26,-0.01,0.5,856.7,8.938
110.22,CARRY,27.21,0.09,-9.58,28.07,-0.01,1,0,321.5,189.5,50.5,1.01,0.03,48.2,13.26,-0.01,0.4,857.2,9.0
110.27,CARRY,27.24,0.09,-9.58,28.08,-0.01,1,0,321.5,190.5,49.5,0.99,0.03,49.2,13.26,-0.01,0.4,858.0,8.625
110.32,CARRY,27.24,0.09,-9.58,28.1,-0.01,1,0,321.5,244.5,4.7,-0.09,0.03,48.1,13.26,-0.01,54.4,804.7,8.875
110.37,CARRY,27.28,0.09,-9.58,28.11,-0.01,1,0,321.5,191.0,49.0,0.98,0.03,50.2,13.26,-0.01,0.6,859.7,8.938
110.42,CARRY,27.28,0.09,-9.58,28.12,-0.01,1,0,322.0,190.5,49.5,0.99,0.04,48.8,13.26,-0.01,0.3,860.2,9.188
110.47,CARRY,27.32,0.08,-9.58,28.13,-0.01,1,0,321.5,249.5,9.6,-0.19,0.03,50.1,13.26,-0.01,56.8,804.5,9.188
110.53,CARRY,27.32,0.08,-9.58,28.15,-0.01,1,0,322.0,249.0,9.2,-0.18,0.04,48.3,13.26,-0.01,57.0,805.1,9.312
110.58,CARRY,27.38,0.08,-9.58,28.16,-0.01,1,0,322.0,194.0,46.0,0.92,0.04,49.3,13.26,-0.01,0.4,862.6,8.938
110.63,CARRY,27.38,0.08,-9.58,28.17,-0.01,1,0,322.0,250.5,10.7,-0.21,0.04,50.2,13.26,-0.01,56.8,806.8,8.938
110.68,CARRY,27.44,0.07,-9.58,28.18,-0.01,1,0,322.0,255.0,15.1,-0.3,0.04,49.3,13.26,-0.01,58.4,806.0,9.188
110.73,CARRY,27.44,0.07,-9.58,28.2,-0.01,1,0,322.0,196.5,43.5,0.87,0.04,48.2,13.26,-0.01,0.6,863.7,9.188
110.78,CARRY,27.51,0.06,-9.58,28.21,-0.01,1,0,322.0,257.0,17.1,-0.34,0.04,51.1,13.26,-0.01,57.8,808.0,8.875
110.83,CARRY,27.51,0.06,-9.58,28.22,-0.01,1,0,322.0,198.0,42.0,0.84,0.04,47.6,13.26,-0.01,0.4,866.2,8.938
110.88,CARRY,27.58,0.05,-9.58,28.23,-0.01,1,0,322.0,261.5,21.6,-0.43,0.04,50.8,13.26,-0.01,59.6,807.7,9.25
110.93,CARRY,27.58,0.05,-9.58,28.25,-0.01,1,0,322.0,261.0,21.1,-0.42,0.04,50.4,13.26,-0.01,59.8,808.2,9.125
110.98,CARRY,27.65,0.05,-9.58,28.26,-0.01,1,0,322.0,204.5,35.6,0.71,0.04,52.3,13.26,-0.01,0.3,868.3,8.812
111.04,CARRY,27.65,0.05,-9.58,28.27,-0.01,1,0,322.5,204.0,36.1,0.72,0.05,50.9,13.26,-0.01,0.3,868.8,9.125
111.09,CARRY,27.73,0.04,-9.58,28.29,-0.01,1,0,322.0,268.5,28.6,-0.57,0.04,51.4,13.26,-0.01,60.9,809.4,9.125
111.14,CARRY,27.73,0.04,-9.58,28.3,-0.01,1,0,322.5,268.5,28.6,-0.57,0.05,49.9,13.26,-0.01,61.6,809.5,9.375
111.19,CARRY,27.8,0.03,-9.58,28.31,-0.01,1,0,322.5,210.5,29.6,0.59,0.05,48.9,13.26,-0.01,0.4,871.1,8.812
111.24,CARRY,27.8,0.03,-9.58,28.33,-0.01,1,0,322.5,272.5,32.6,-0.65,0.05,50.1,13.26,-0.01,62.7,809.9,9.0
111.29,CARRY,27.88,0.02,-9.58,28.34,-0.01,1,0,322.0,213.0,27.1,0.54,0.04,51.0,13.26,-0.01,0.3,872.7,8.938
111.35,CARRY,27.88,0.02,-9.58,28.35,-0.01,1,0,322.5,274.5,34.6,-0.69,0.05,48.1,13.26,-0.01,62.0,812.1,9.0
111.4,CARRY,27.95,0.01,-9.58,28.36,-0.01,1,0,322.5,279.5,39.6,-0.79,0.05,49.0,13.26,-0.01,63.5,811.3,9.188
111.45,CARRY,27.95,0.01,-9.58,28.38,-0.01,1,0,322.5,279.0,39.1,-0.78,0.05,48.2,13.26,-0.01,63.7,811.8,9.25
111.5,CARRY,28.02,0.01,-9.58,28.39,-0.01,1,0,322.0,218.5,21.6,0.43,0.04,49.0,13.26,-0.01,0.1,875.4,9.062
111.55,CARRY,28.02,0.01,-9.58,28.4,-0.01,1,0,322.5,280.5,40.6,-0.81,0.05,48.1,13.26,-0.01,62.7,814.3,9.125
111.6,CARRY,28.08,0.0,-9.58,28.41,-0.01,1,0,322.0,285.5,45.5,-0.91,0.04,48.8,13.26,-0.01,64.8,812.9,9.25
111.65,CARRY,28.08,0.0,-9.58,28.43,-0.01,1,0,322.5,220.0,20.2,0.4,0.05,48.2,13.26,-0.01,0.3,877.7,9.25
111.7,CARRY,28.14,-0.0,-9.58,28.44,-0.01,1,0,322.0,222.5,17.6,0.35,0.04,49.5,13.26,-0.01,0.1,878.4,9.25
111.75,CARRY,28.14,-0.0,-9.58,28.45,-0.01,1,0,322.5,222.0,18.2,0.36,0.05,51.1,13.26,-0.01,0.4,879.0,9.312
111.8,CARRY,28.18,-0.01,-9.58,28.46,-0.01,1,0,322.0,224.0,16.1,0.32,0.04,50.8,13.26,-0.01,0.2,879.7,9.188
111.85,CARRY,28.22,-0.01,-9.57,28.48,-0.01,1,0,321.5,224.5,15.6,0.31,0.03,49.4,13.26,-0.01,0.8,881.2,9.0
111.9,CARRY,28.22,-0.01,-9.57,28.49,-0.01,1,0,322.0,224.5,15.6,0.31,0.04,48.6,13.26,-0.01,0.0,881.3,9.062
111.95,CARRY,28.25,-0.01,-9.57,28.5,-0.01,1,0,321.5,225.0,15.1,0.3,0.03,49.1,13.26,-0.01,0.5,882.3,9.062
112.0,CARRY,28.25,-0.01,-9.57,28.51,-0.01,1,0,322.0,224.5,15.6,0.31,0.04,50.2,13.26,-0.01,0.1,882.9,9.125
112.05,CARRY,28.27,-0.01,-9.58,28.53,-0.01,1,0,321.5,224.5,15.6,0.31,0.03,48.8,13.26,-0.01,0.7,884.0,9.125
112.1,CARRY,28.27,-0.01,-9.58,28.54,-0.01,1,0,322.0,224.5,15.6,0.31,0.04,47.9,13.26,-0.01,0.2,884.1,9.188
112.15,CARRY,28.29,-0.0,-9.58,28.55,-0.01,1,0,321.5,224.5,15.6,0.31,0.03,49.2,13.26,-0.01,0.4,885.1,9.125
112.2,CARRY,28.29,-0.0,-9.58,28.57,-0.01,1,0,322.0,224.0,16.1,0.32,0.04,47.7,13.26,-0.01,0.0,885.7,9.125
112.25,CARRY,28.31,-0.0,-9.58,28.58,-0.01,1,0,321.5,224.5,15.6,0.31,0.03,51.1,13.26,-0.01,0.3,886.3,9.062
112.3,CARRY,28.31,-0.0,-9.58,28.59,-0.01,1,0,321.5,223.5,16.6,0.33,0.03,48.3,13.26,-0.01,0.5,887.3,9.062
112.35,CARRY,28.33,-0.0,-9.58,28.6,-0.01,1,0,321.5,224.0,16.1,0.32,0.03,51.2,13.26,-0.01,0.4,888.1,9.0
112.41,CARRY,28.33,-0.0,-9.58,28.62,-0.01,1,0,321.5,223.5,16.6,0.33,0.03,49.2,13.26,-0.01,0.4,888.5,8.938
112.46,CARRY,28.35,-0.0,-9.58,28.63,-0.01,1,0,321.5,224.0,16.1,0.32,0.03,49.6,13.26,-0.01,0.3,889.4,8.938
112.51,CARRY,28.35,-0.0,-9.58,28.64,-0.01,1,0,321.5,223.5,16.6,0.33,0.03,51.0,13.26,-0.01,0.4,889.9,8.875
112.56,CARRY,28.38,-0.0,-9.58,28.65,-0.01,1,0,321.5,224.0,16.1,0.32,0.03,49.5,13.26,-0.01,0.3,890.9,8.938
112.61,CARRY,28.38,-0.0,-9.58,28.67,-0.01,1,0,321.5,223.5,16.6,0.33,0.03,51.2,13.26,-0.01,0.4,891.4,8.875
112.66,CARRY,28.41,-0.0,-9.58,28.68,-0.01,1,0,321.5,224.0,16.1,0.32,0.03,83.2,13.26,-0.01,0.4,892.5,8.875
112.75,CARRY,28.44,-0.0,-9.58,28.7,-0.01,1,0,321.5,224.5,15.6,0.31,0.03,50.4,13.26,-0.01,0.3,893.7,8.812
112.8,CARRY,28.44,-0.0,-9.58,28.71,-0.01,1,0,321.5,224.0,16.1,0.32,0.03,48.7,13.26,-0.01,0.4,894.2,8.812
112.85,CARRY,28.44,-0.0,-9.58,28.73,-0.01,1,0,322.0,223.0,17.1,0.34,0.04,50.9,13.26,-0.01,0.3,895.3,8.812
112.9,CARRY,28.47,-0.0,-9.58,28.74,-0.01,1,0,321.5,224.0,16.1,0.32,0.03,50.1,13.26,-0.01,0.5,896.0,8.75
112.95,CARRY,28.5,-0.01,-9.58,28.75,-0.01,1,0,321.5,225.0,15.1,0.3,0.03,50.3,13.26,-0.01,0.4,896.8,8.688
113.0,CARRY,28.5,-0.01,-9.58,28.77,-0.01,1,0,321.5,224.5,15.6,0.31,0.03,50.1,13.26,-0.01,0.4,897.3,8.75
113.05,CARRY,28.53,-0.01,-9.58,28.78,-0.01,1,0,321.5,225.0,15.1,0.3,0.03,52.3,13.26,-0.01,0.7,898.6,8.75
113.11,CARRY,28.53,-0.01,-9.58,28.79,-0.01,1,0,321.5,224.5,15.6,0.31,0.03,49.3,13.26,-0.01,0.6,899.1,8.812
113.16,CARRY,28.56,-0.01,-9.58,28.8,-0.01,1,0,321.5,226.0,14.1,0.28,0.03,50.4,13.26,-0.01,0.4,899.5,8.688
113.21,CARRY,28.56,-0.01,-9.58,28.82,-0.01,1,0,322.0,224.5,15.6,0.31,0.04,50.8,13.26,-0.01,0.8,901.0,8.75
113.26,CARRY,28.59,-0.01,-9.58,28.83,-0.01,1,0,321.5,226.5,13.6,0.27,0.03,49.1,13.26,-0.01,0.4,900.8,8.688
113.31,CARRY,28.59,-0.01,-9.58,28.84,-0.01,1,0,322.0,225.0,15.1,0.3,0.04,48.5,13.26,-0.01,0.7,902.4,8.688
113.36,CARRY,28.62,-0.01,-9.58,28.85,-0.01,1,0,321.5,226.5,13.6,0.27,0.03,49.2,13.26,-0.01,0.5,902.7,8.75
113.41,CARRY,28.62,-0.01,-9.58,28.87,-0.01,1,0,322.0,226.0,14.1,0.28,0.04,51.1,13.26,-0.01,0.1,903.3,8.75
113.46,CARRY,28.66,-0.01,-9.58,28.88,-0.01,1,0,321.5,226.5,13.6,0.27,0.03,49.0,13.26,-0.01,0.8,904.6,8.812
113.51,CARRY,28.66,-0.01,-9.58,28.89,-0.01,1,0,322.5,226.5,13.7,0.27,0.05,48.8,13.26,-0.01,0.4,904.7,8.812
113.56,CARRY,28.69,-0.01,-9.58,28.91,-0.01,1,0,322.0,227.5,12.7,0.25,0.04,49.0,13.26,-0.01,0.2,905.5,8.812
113.61,CARRY,28.69,-0.01,-9.58,28.92,-0.01,1,0,322.5,226.5,13.7,0.27,0.05,48.9,13.26,-0.01,0.6,906.6,8.812
113.66,CARRY,28.72,-0.02,-9.58,28.93,-0.01,1,0,322.0,228.0,12.2,0.24,0.04,50.9,13.26,-0.01,0.0,906.8,8.75
113.72,CARRY,28.72,-0.02,-9.58,28.94,-0.01,1,0,322.5,227.0,13.2,0.26,0.05,50.9,13.26,-0.01,0.5,907.9,8.75
113.77,CARRY,28.75,-0.02,-9.58,28.96,-0.01,1,0,322.0,228.0,12.2,0.24,0.04,48.9,13.26,-0.01,0.3,908.6,8.75
113.82,CARRY,28.75,-0.02,-9.58,28.97,-0.01,1,0,322.5,227.5,12.7,0.25,0.05,50.4,13.26,-0.01,0.4,909.2,8.75
113.87,CARRY,28.78,-0.02,-9.58,28.98,-0.01,1,0,322.0,228.5,11.7,0.23,0.04,49.1,13.26,-0.01,0.1,909.9,8.75
113.92,CARRY,28.78,-0.02,-9.58,28.99,-0.01,1,0,322.5,227.5,12.7,0.25,0.05,47.5,13.26,-0.01,0.5,910.9,8.75
113.97,CARRY,28.81,-0.02,-9.58,29.01,-0.01,1,0,322.0,228.5,11.7,0.23,0.04,59.5,13.26,-0.01,0.3,911.6,8.688
114.03,CARRY,28.81,-0.02,-9.58,29.02,-0.01,1,0,322.5,228.0,12.3,0.24,0.05,51.0,13.26,-0.01,0.3,912.1,8.75
114.08,CARRY,28.84,-0.02,-9.58,29.03,-0.01,1,0,322.5,228.5,11.8,0.23,0.05,48.9,13.26,-0.01,0.6,913.3,8.688
114.13,CARRY,28.84,-0.02,-9.58,29.05,-0.01,1,0,322.5,228.0,12.3,0.24,0.05,48.2,13.26,-0.01,0.4,913.8,8.688
114.18,CARRY,28.87,-0.02,-9.58,29.06,-0.01,1,0,322.5,228.5,11.8,0.23,0.05,48.4,13.26,-0.01,0.7,914.9,8.688
114.23,CARRY,28.87,-0.02,-9.58,29.07,-0.01,1,0,322.5,228.5,11.8,0.23,0.05,47.3,13.26,-0.01,0.4,914.9,8.688
114.28,CARRY,28.9,-0.02,-9.58,29.08,-0.01,1,0,322.0,228.5,11.7,0.23,0.04,59.4,13.26,-0.01,0.7,916.4,8.688
114.34,CARRY,28.9,-0.02,-9.58,29.1,-0.01,1,0,322.5,228.5,11.8,0.23,0.05,49.9,13.26,-0.01,0.4,916.5,8.688
114.39,CARRY,28.92,-0.02,-9.58,29.11,-0.01,1,0,322.0,228.5,11.7,0.23,0.04,54.4,13.26,-0.01,0.6,918.0,8.75
114.45,CARRY,28.95,-0.02,-9.58,29.13,-0.01,1,0,321.5,230.0,10.1,0.2,0.03,50.5,13.26,-0.01,0.5,917.9,8.688
114.5,CARRY,28.95,-0.02,-9.58,29.14,-0.01,1,0,322.0,228.5,11.7,0.23,0.04,48.5,13.26,-0.01,0.6,919.4,8.75
114.55,CARRY,28.97,-0.02,-9.58,29.15,-0.01,1,0,321.5,230.0,10.1,0.2,0.03,48.8,13.26,-0.01,0.4,919.3,8.688
114.6,CARRY,28.97,-0.02,-9.58,29.16,-0.01,1,0,322.0,228.5,11.7,0.23,0.04,48.0,13.26,-0.01,0.6,920.9,8.75
114.65,CARRY,28.97,-0.02,-9.58,29.18,-0.01,1,0,322.5,228.5,11.8,0.23,0.05,48.1,13.26,-0.01,0.4,921.0,8.75
114.7,CARRY,29.0,-0.02,-9.58,29.19,-0.01,1,0,322.0,228.5,11.7,0.23,0.04,48.9,13.26,-0.01,0.6,922.3,8.75
114.75,CARRY,29.02,-0.02,-9.58,29.2,-0.01,1,0,321.5,230.0,10.1,0.2,0.03,48.6,13.26,-0.01,0.4,922.1,8.688
114.8,CARRY,29.02,-0.02,-9.58,29.21,-0.01,1,0,322.0,228.5,11.7,0.23,0.04,48.1,13.26,-0.01,0.5,923.7,8.75
114.85,CARRY,29.05,-0.02,-9.58,29.23,-0.01,1,0,321.5,229.0,11.1,0.22,0.03,48.8,13.26,-0.01,0.7,924.5,8.688
114.9,CARRY,29.05,-0.02,-9.58,29.24,-0.01,1,0,321.5,228.5,11.6,0.23,0.03,47.9,13.26,-0.01,0.6,925.0,8.75
114.95,CARRY,29.07,-0.02,-9.58,29.25,-0.01,1,0,321.5,229.0,11.1,0.22,0.03,48.7,13.26,-0.01,0.7,925.8,8.688
115.0,CARRY,29.07,-0.02,-9.58,29.26,-0.01,1,0,321.5,228.5,11.6,0.23,0.03,49.6,13.26,-0.01,0.6,926.3,8.75
115.05,CARRY,29.09,-0.02,-9.58,29.28,-0.01,1,0,321.5,229.0,11.1,0.22,0.03,50.3,13.26,-0.01,0.6,927.1,8.625
115.1,CARRY,29.09,-0.02,-9.58,29.29,-0.01,1,0,321.5,228.5,11.6,0.23,0.03,48.6,13.26,-0.01,0.5,927.6,8.625
115.15,CARRY,29.12,-0.02,-9.58,29.3,-0.01,1,0,321.5,229.0,11.1,0.22,0.03,49.6,13.26,-0.01,0.5,928.5,8.625
115.2,CARRY,29.12,-0.02,-9.58,29.32,-0.01,1,0,321.5,228.5,11.6,0.23,0.03,48.6,13.26,-0.01,0.5,929.0,8.625
115.25,CARRY,29.14,-0.02,-9.58,29.33,-0.01,1,0,321.5,228.5,11.6,0.23,0.03,49.6,13.26,-0.01,0.8,930.3,8.625
115.3,CARRY,29.14,-0.02,-9.58,29.34,-0.01,1,0,322.0,228.5,11.7,0.23,0.04,48.5,13.26,-0.01,0.0,930.3,8.688
115.35,CARRY,29.16,-0.02,-9.58,29.35,-0.01,1,0,321.5,228.5,11.6,0.23,0.03,48.9,13.26,-0.01,0.7,931.6,8.688
115.4,CARRY,29.16,-0.02,-9.58,29.37,-0.01,1,0,322.0,228.5,11.7,0.23,0.04,48.1,13.26,-0.01,0.1,931.7,8.75
115.45,CARRY,29.18,-0.02,-9.58,29.38,-0.01,1,0,321.5,228.5,11.6,0.23,0.03,49.2,13.26,-0.01,0.6,932.9,8.75
115.5,CARRY,29.18,-0.02,-9.58,29.39,-0.01,1,0,322.0,228.0,12.2,0.24,0.04,47.9,13.26,-0.01,0.2,933.5,8.75
115.55,CARRY,29.21,-0.02,-9.58,29.4,-0.01,1,0,321.5,228.5,11.6,0.23,0.03,49.1,13.26,-0.01,0.5,934.2,8.688
115.6,CARRY,29.21,-0.02,-9.58,29.42,-0.01,1,0,322.5,228.0,12.3,0.24,0.05,48.1,13.26,-0.01,0.4,934.8,8.75
115.65,CARRY,29.23,-0.02,-9.58,29.43,-0.01,1,0,322.0,228.5,11.7,0.23,0.04,49.2,13.26,-0.01,0.2,935.6,8.688
115.7,CARRY,29.23,-0.02,-9.58,29.44,-0.01,1,0,322.5,228.0,12.3,0.24,0.05,48.2,13.26,-0.01,0.4,936.2,8.75
115.75,CARRY,29.25,-0.02,-9.58,29.45,-0.01,1,0,322.0,228.5,11.7,0.23,0.04,49.1,13.26,-0.01,0.0,936.9,8.688
115.8,CARRY,29.25,-0.02,-9.58,29.47,-0.01,1,0,322.5,228.0,12.3,0.24,0.05,48.3,13.26,-0.01,0.4,937.5,8.75
115.85,CARRY,29.27,-0.02,-9.58,29.48,-0.01,1,0,322.0,228.5,11.7,0.23,0.04,49.2,13.26,-0.01,0.1,938.3,8.688
115.9,CARRY,29.27,-0.02,-9.58,29.49,-0.01,1,0,322.5,227.5,12.7,0.25,0.05,48.2,13.26,-0.01,0.4,939.3,8.75
115.95,CARRY,29.3,-0.02,-9.58,29.5,-0.01,1,0,322.5,228.0,12.3,0.24,0.05,49.3,13.26,-0.01,0.5,940.2,8.75
116.01,CARRY,29.3,-0.02,-9.58,29.52,-0.01,1,0,323.0,227.0,13.3,0.26,0.06,48.4,13.26,-0.01,1.0,941.3,8.75
116.06,CARRY,29.32,-0.02,-9.58,29.53,-0.01,1,0,323.0,227.5,12.9,0.25,0.06,49.5,13.26,-0.01,1.1,942.1,8.625
116.11,CARRY,29.32,-0.02,-9.58,29.54,-0.01,1,0,322.5,227.0,13.2,0.26,0.05,48.6,13.26,-0.01,0.5,942.5,8.625
116.16,CARRY,29.34,-0.02,-9.58,29.55,-0.01,1,0,322.5,227.5,12.7,0.25,0.05,49.5,13.26,-0.01,0.7,943.4,8.562
116.21,CARRY,29.34,-0.02,-9.58,29.57,-0.01,1,0,322.5,227.0,13.2,0.26,0.05,48.6,13.26,-0.01,0.5,943.9,8.562
116.26,CARRY,29.37,-0.02,-9.58,29.58,-0.01,1,0,322.0,227.5,12.7,0.25,0.04,49.4,13.26,-0.01,0.4,944.7,8.438
116.31,CARRY,29.37,-0.02,-9.58,29.59,-0.01,1,0,322.5,226.5,13.7,0.27,0.05,48.5,13.26,-0.01,0.8,945.7,8.438
116.36,CARRY,29.39,-0.01,-9.58,29.6,-0.01,1,0,321.5,227.5,12.6,0.25,0.03,49.2,13.26,-0.01,0.6,946.0,8.5
116.41,CARRY,29.39,-0.01,-9.58,29.62,-0.01,1,0,322.0,227.0,13.2,0.26,0.04,48.2,13.26,-0.01,0.1,946.6,8.5
116.46,CARRY,29.42,-0.01,-9.58,29.63,-0.01,1,0,321.5,228.0,12.1,0.24,0.03,48.9,13.26,-0.01,0.4,946.9,8.562
116.51,CARRY,29.42,-0.01,-9.58,29.64,-0.01,1,0,322.0,227.0,13.2,0.26,0.04,48.0,13.26,-0.01,0.1,948.0,8.562
116.56,CARRY,29.44,-0.01,-9.58,29.65,-0.01,1,0,321.5,228.0,12.1,0.24,0.03,48.9,13.26,-0.01,0.4,948.4,8.688
116.61,CARRY,29.44,-0.01,-9.58,29.67,-0.01,1,0,321.5,227.0,13.1,0.26,0.03,48.3,13.26,-0.01,0.4,949.3,8.625
116.66,CARRY,29.46,-0.01,-9.58,29.68,-0.01,1,0,321.5,228.0,12.1,0.24,0.03,51.7,13.26,-0.01,0.3,949.8,8.625
116.71,CARRY,29.46,-0.01,-9.58,29.69,-0.01,1,0,321.5,227.0,13.1,0.26,0.03,48.5,13.26,-0.01,0.3,950.8,8.625
116.76,CARRY,29.49,-0.01,-9.58,29.7,-0.01,1,0,321.5,227.5,12.6,0.25,0.03,48.5,13.26,-0.01,0.2,951.7,8.625
116.81,CARRY,29.49,-0.01,-9.58,29.72,-0.01,1,0,321.5,227.0,13.1,0.26,0.03,48.1,13.26,-0.01,0.3,952.2,8.625
116.86,CARRY,29.51,-0.01,-9.58,29.73,-0.01,1,0,321.5,227.5,12.6,0.25,0.03,48.5,13.26,-0.01,0.2,953.2,8.625
116.91,CARRY,29.51,-0.01,-9.58,29.74,-0.01,1,0,321.5,227.0,13.1,0.26,0.03,48.0,13.26,-0.01,0.2,953.7,8.625
116.96,CARRY,29.54,-0.01,-9.58,29.75,-0.01,1,0,321.5,227.5,12.6,0.25,0.03,48.7,13.26,-0.01,0.2,954.6,8.688
117.01,CARRY,29.54,-0.01,-9.58,29.77,-0.01,1,0,321.5,227.0,13.1,0.26,0.03,52.7,13.26,-0.01,0.2,955.1,8.688
117.06,CARRY,29.56,-0.01,-9.58,29.78,-0.01,1,0,321.5,227.5,12.6,0.25,0.03,50.3,13.26,-0.01,0.1,956.1,8.75
117.12,CARRY,29.56,-0.01,-9.58,29.79,-0.01,1,0,321.5,227.0,13.1,0.26,0.03,50.8,13.26,-0.01,0.2,956.6,8.75
117.17,CARRY,29.59,-0.01,-9.58,29.81,-0.01,1,0,321.5,227.5,12.6,0.25,0.03,49.1,13.26,-0.01,0.1,957.6,8.75
117.22,CARRY,29.59,-0.01,-9.58,29.82,-0.01,1,0,321.5,227.0,13.1,0.26,0.03,48.5,13.26,-0.01,0.2,958.1,8.75
117.27,CARRY,29.62,-0.01,-9.58,29.83,-0.01,1,0,321.5,227.5,12.6,0.25,0.03,48.8,13.26,-0.01,0.1,959.0,8.688
117.32,CARRY,29.62,-0.01,-9.58,29.84,-0.01,1,0,322.0,226.5,13.6,0.27,0.04,50.1,13.26,-0.01,0.5,960.1,8.625
117.37,CARRY,29.64,-0.01,-9.58,29.86,-0.01,1,0,321.5,227.5,12.6,0.25,0.03,49.8,13.26,-0.01,0.1,960.5,8.562
117.42,CARRY,29.64,-0.01,-9.58,29.87,-0.01,1,0,321.5,226.5,13.6,0.27,0.03,48.3,13.26,-0.01,0.4,961.5,8.5
117.47,CARRY,29.67,-0.01,-9.58,29.88,-0.01,1,0,321.5,227.5,12.6,0.25,0.03,48.7,13.26,-0.01,0.1,962.0,8.625
117.52,CARRY,29.67,-0.01,-9.58,29.89,-0.01,1,0,321.5,226.5,13.6,0.27,0.03,48.1,13.26,-0.01,0.4,962.9,8.5
117.57,CARRY,29.69,-0.01,-9.58,29.91,-0.01,1,0,321.5,227.5,12.6,0.25,0.03,48.7,13.26,-0.01,0.2,963.4,8.625
117.62,CARRY,29.69,-0.01,-9.58,29.92,-0.01,1,0,321.5,226.5,13.6,0.27,0.03,48.1,13.26,-0.01,0.5,964.4,8.562
117.67,CARRY,29.72,-0.01,-9.58,29.93,-0.01,1,0,321.5,227.5,12.6,0.25,0.03,51.5,13.26,-0.01,0.2,964.9,8.688
117.72,CARRY,29.72,-0.01,-9.58,29.95,-0.01,1,0,321.5,226.5,13.6,0.27,0.03,50.1,13.26,-0.01,0.5,965.9,8.625
117.77,CARRY,29.74,-0.01,-9.58,29.96,-0.01,1,0,321.5,227.5,12.6,0.25,0.03,50.9,13.26,-0.01,0.3,966.4,8.625
117.83,CARRY,29.74,-0.01,-9.58,29.97,-0.01,1,0,321.5,227.0,13.1,0.26,0.03,50.9,13.26,-0.01,0.4,966.9,8.562
117.88,CARRY,29.77,-0.01,-9.58,29.98,-0.01,1,0,321.5,227.5,12.6,0.25,0.03,49.5,13.26,-0.01,0.3,967.9,8.562
117.93,CARRY,29.77,-0.01,-9.58,30.0,-0.01,1,0,321.5,227.0,13.1,0.26,0.03,50.1,13.26,-0.01,0.4,968.4,8.625
117.98,CARRY,29.79,-0.01,-9.58,30.01,-0.01,1,0,321.5,228.0,12.1,0.24,0.03,50.3,13.26,-0.01,0.4,968.9,8.562
118.03,CARRY,29.79,-0.01,-9.58,30.02,-0.01,1,0,322.0,227.0,13.2,0.26,0.04,50.3,13.26,-0.01,0.0,970.0,8.625
118.08,CARRY,29.82,-0.01,-9.58,30.03,-0.01,1,0,321.5,228.0,12.1,0.24,0.03,50.2,13.26,-0.01,0.5,970.4,8.688
118.13,CARRY,29.82,-0.01,-9.58,30.05,-0.01,1,0,322.0,227.0,13.2,0.26,0.04,48.5,13.26,-0.01,0.0,971.5,8.75
118.18,CARRY,29.85,-0.01,-9.58,30.06,-0.01,1,0,322.0,227.5,12.7,0.25,0.04,49.0,13.26,-0.01,0.3,972.5,8.75
118.23,CARRY,29.85,-0.01,-9.58,30.07,-0.01,1,0,323.0,227.0,13.3,0.26,0.06,50.7,13.26,-0.01,0.9,973.2,8.875
118.28,CARRY,29.87,-0.02,-9.58,30.09,-0.01,1,0,322.0,228.0,12.2,0.24,0.04,48.5,13.26,-0.01,0.1,973.5,8.812
118.33,CARRY,29.87,-0.02,-9.58,30.1,-0.01,1,0,323.0,227.0,13.3,0.26,0.06,48.4,13.26,-0.01,0.9,974.7,9.0
118.38,CARRY,29.9,-0.02,-9.58,30.11,-0.01,1,0,322.0,228.0,12.2,0.24,0.04,52.4,13.26,-0.01,0.1,975.0,8.938
118.44,CARRY,29.9,-0.02,-9.58,30.12,-0.01,1,0,323.0,227.0,13.3,0.26,0.06,49.3,13.26,-0.01,0.9,976.2,9.062
118.49,CARRY,29.93,-0.02,-9.58,30.14,-0.01,1,0,323.0,227.5,12.9,0.25,0.06,48.5,13.26,-0.01,1.0,977.2,9.125
118.54,CARRY,29.93,-0.02,-9.58,30.15,-0.01,1,0,322.5,226.5,13.7,0.27,0.05,48.3,13.26,-0.01,0.8,978.1,9.125
118.59,CARRY,29.95,-0.02,-9.58,30.16,-0.01,1,0,322.5,228.0,12.3,0.24,0.05,49.0,13.26,-0.01,0.4,978.1,9.25
118.64,CARRY,29.95,-0.02,-9.58,30.17,-0.01,1,0,322.5,227.0,13.2,0.26,0.05,48.3,13.26,-0.01,0.4,979.1,9.312
118.69,CARRY,29.98,-0.02,-9.58,30.19,-0.01,1,0,322.5,228.0,12.3,0.24,0.05,51.0,13.26,-0.01,0.4,979.6,9.312
118.74,CARRY,29.98,-0.02,-9.58,30.2,-0.01,1,0,322.5,227.0,13.2,0.26,0.05,49.5,13.26,-0.01,0.4,980.6,9.375
118.79,CARRY,30.0,-0.02,-9.58,30.21,-0.01,1,0,322.0,228.0,12.2,0.24,0.04,48.6,13.26,-0.01,0.1,981.1,9.438
118.84,CARRY,30.0,-0.02,-9.58,30.22,-0.01,1,0,322.5,227.5,12.7,0.25,0.05,49.5,13.26,-0.01,0.4,981.6,9.438
118.89,CARRY,30.03,-0.02,-9.58,30.24,-0.01,1,0,322.0,228.0,12.2,0.24,0.04,51.0,13.26,-0.01,0.1,982.6,9.438
118.94,CARRY,30.03,-0.02,-9.58,30.25,-0.01,1,0,322.5,227.5,12.7,0.25,0.05,49.8,13.26,-0.01,0.4,983.1,9.5
118.99,CARRY,30.05,-0.02,-9.58,30.26,-0.01,1,0,322.0,228.0,12.2,0.24,0.04,52.4,13.26,-0.01,0.1,984.1,9.438
119.05,CARRY,30.08,-0.01,-9.58,30.28,-0.01,1,0,321.5,228.5,11.6,0.23,0.03,49.1,13.26,-0.01,0.4,985.0,9.625
119.1,CARRY,30.08,-0.01,-9.58,30.29,-0.01,1,0,321.5,228.0,12.1,0.24,0.03,50.1,13.26,-0.01,0.4,985.5,9.562
119.15,CARRY,30.08,-0.01,-9.58,30.3,-0.01,1,0,322.0,227.5,12.7,0.25,0.04,49.8,13.26,-0.01,0.1,986.0,9.562
119.2,CARRY,30.11,-0.01,-9.58,30.31,-0.01,1,0,321.5,228.0,12.1,0.24,0.03,50.2,13.26,-0.01,0.4,986.9,9.562
119.25,CARRY,30.11,-0.01,-9.58,30.33,-0.01,1,0,322.0,227.5,12.7,0.25,0.04,51.7,13.26,-0.01,0.2,987.5,9.625
119.3,CARRY,30.13,-0.01,-9.58,30.34,-0.01,1,0,321.5,228.0,12.1,0.24,0.03,51.0,13.26,-0.01,0.3,988.4,9.75
119.35,CARRY,30.16,-0.01,-9.58,30.35,-0.01,1,0,321.5,228.5,11.6,0.23,0.03,50.0,13.26,-0.01,0.3,989.3,9.75
119.41,CARRY,30.16,-0.01,-9.58,30.37,-0.01,1,0,321.5,228.0,12.1,0.24,0.03,50.0,13.26,-0.01,0.3,989.8,9.688
119.46,CARRY,30.18,-0.01,-9.58,30.38,-0.01,1,0,321.5,228.5,11.6,0.23,0.03,49.0,13.26,-0.01,0.2,990.7,9.625
119.51,CARRY,30.18,-0.01,-9.58,30.39,-0.01,1,0,321.5,228.0,12.1,0.24,0.03,48.3,13.26,-0.01,0.3,991.2,9.562
119.56,CARRY,30.2,-0.01,-9.58,30.4,-0.01,1,0,321.5,228.5,11.6,0.23,0.03,50.7,13.26,-0.01,0.2,992.2,9.625
119.61,CARRY,30.2,-0.01,-9.58,30.42,-0.01,1,0,321.5,228.0,12.1,0.24,0.03,47.4,13.26,-0.01,0.4,992.7,9.562
119.66,CARRY,30.23,-0.01,-9.58,30.43,-0.01,1,0,321.5,228.5,11.6,0.23,0.03,50.5,13.26,-0.01,0.2,993.6,9.562
119.71,CARRY,30.23,-0.01,-9.58,30.44,-0.01,1,0,322.0,227.5,12.7,0.25,0.04,51.5,13.26,-0.01,0.3,994.6,9.5
119.76,CARRY,30.25,-0.01,-9.58,30.46,-0.01,1,0,321.5,228.5,11.6,0.23,0.03,49.3,13.26,-0.01,0.3,995.0,9.438
119.81,CARRY,30.25,-0.01,-9.58,30.47,-0.01,1,0,321.5,236.5,3.8,0.07,0.03,50.7,13.26,-0.01,8.8,987.1,9.375
119.86,CARRY,30.28,-0.01,-9.58,30.48,-0.01,1,0,322.0,228.5,11.7,0.23,0.04,49.3,13.26,-0.01,0.2,996.4,9.375
119.92,CARRY,30.28,-0.01,-9.58,30.49,-0.01,1,0,321.5,227.5,12.6,0.25,0.03,50.2,13.26,-0.01,0.4,997.4,9.312
119.97,CARRY,30.3,-0.01,-9.58,30.51,-0.01,1,0,321.5,237.5,2.9,0.05,0.03,48.9,13.26,-0.01,9.2,988.9,9.188
120.02,CARRY,30.3,-0.01,-9.58,30.52,-0.01,1,0,322.0,227.5,12.7,0.25,0.04,48.9,13.26,-0.01,0.1,998.8,9.188
120.07,CARRY,30.32,-0.01,-9.58,30.53,-0.01,1,0,321.5,228.0,12.1,0.24,0.03,48.7,13.26,-0.01,0.4,999.6,9.125
120.12,CARRY,30.32,-0.01,-9.58,30.54,-0.01,1,0,322.0,227.5,12.7,0.25,0.04,47.6,13.26,-0.01,0.0,1000.2,9.188
120.17,CARRY,30.35,-0.02,-9.58,30.56,-0.01,1,0,322.0,228.0,12.2,0.24,0.04,53.4,13.26,-0.01,0.1,1001.0,9.375
120.22,CARRY,30.35,-0.02,-9.58,30.57,-0.01,1,0,322.5,227.0,13.2,0.26,0.05,50.1,13.26,-0.01,0.5,1002.1,9.312
120.27,CARRY,30.37,-0.02,-9.58,30.58,-0.01,1,0,322.5,227.5,12.7,0.25,0.05,51.0,13.26,-0.01,0.6,1002.9,9.375
120.32,CARRY,30.37,-0.02,-9.58,30.6,-0.01,1,0,322.5,227.0,13.2,0.26,0.05,49.5,13.26,-0.01,0.4,1003.4,9.375
120.37,CARRY,30.39,-0.02,-9.58,30.61,-0.01,1,0,322.5,227.5,12.7,0.25,0.05,50.7,13.26,-0.01,0.4,1004.2,9.438
120.43,CARRY,30.39,-0.02,-9.58,30.62,-0.01,1,0,322.5,227.0,13.2,0.26,0.05,52.2,13.26,-0.01,0.3,1004.7,9.5
120.48,CARRY,30.41,-0.02,-9.58,30.63,-0.01,1,0,322.5,227.5,12.7,0.25,0.05,50.5,13.26,-0.01,0.3,1005.5,9.438
120.53,CARRY,30.41,-0.02,-9.58,30.65,-0.01,1,0,322.5,227.0,13.2,0.26,0.05,48.2,13.26,-0.01,0.3,1006.0,9.5
120.58,CARRY,30.44,-0.02,-9.58,30.66,-0.01,1,0,322.5,227.5,12.7,0.25,0.05,48.3,13.26,-0.01,0.3,1006.8,9.25
120.63,CARRY,30.44,-0.02,-9.58,30.67,-0.01,1,0,322.5,226.5,13.7,0.27,0.05,49.4,13.26,-0.01,0.2,1007.8,9.25
120.68,CARRY,30.46,-0.02,-9.58,30.68,-0.01,1,0,322.5,227.0,13.2,0.26,0.05,49.7,13.26,-0.01,0.4,1008.7,9.312
120.73,CARRY,30.46,-0.02,-9.58,30.7,-0.01,1,0,322.5,226.5,13.7,0.27,0.05,48.7,13.26,-0.01,0.1,1009.2,9.25
120.78,CARRY,30.49,-0.02,-9.58,30.71,-0.01,1,0,322.5,227.0,13.2,0.26,0.05,48.9,13.26,-0.01,0.3,1010.1,9.375
120.83,CARRY,30.49,-0.02,-9.58,30.72,-0.01,1,0,322.5,226.5,13.7,0.27,0.05,48.5,13.26,-0.01,0.1,1010.6,9.312
120.88,CARRY,30.51,-0.02,-9.58,30.74,-0.01,1,0,323.0,226.5,13.8,0.27,0.06,48.8,13.26,-0.01,1.0,1012.1,9.312
120.93,CARRY,30.51,-0.02,-9.58,30.75,-0.01,1,0,322.5,226.5,13.7,0.27,0.05,48.5,13.26,-0.01,0.1,1012.0,9.312
120.98,CARRY,30.54,-0.02,-9.58,30.76,-0.01,1,0,322.5,227.0,13.2,0.26,0.05,49.7,13.26,-0.01,0.3,1013.0,9.188
121.03,CARRY,30.54,-0.02,-9.58,30.77,-0.01,1,0,323.0,226.0,14.3,0.28,0.06,49.2,13.26,-0.01,0.8,1014.1,9.188
121.08,CARRY,30.56,-0.02,-9.58,30.79,-0.01,1,0,322.5,227.0,13.2,0.26,0.05,48.9,13.26,-0.01,0.4,1014.5,8.688
121.13,CARRY,30.56,-0.02,-9.58,30.8,-0.01,1,0,322.5,226.5,13.7,0.27,0.05,49.6,13.26,-0.01,0.1,1015.0,8.688
121.18,CARRY,30.59,-0.02,-9.58,30.81,-0.01,1,0,322.5,227.5,12.7,0.25,0.05,48.3,13.26,-0.01,0.3,1015.5,8.812
121.23,CARRY,30.59,-0.02,-9.58,30.82,-0.01,1,0,322.5,226.5,13.7,0.27,0.05,48.5,13.26,-0.01,0.2,1016.5,8.625
121.28,CARRY,30.62,-0.02,-9.58,30.84,-0.01,1,0,322.5,227.5,12.7,0.25,0.05,50.7,13.26,-0.01,0.3,1017.1,9.062
121.34,CARRY,30.62,-0.02,-9.58,30.85,-0.01,1,0,322.5,227.0,13.2,0.26,0.05,50.5,13.26,-0.01,0.3,1017.6,9.062
121.39,CARRY,30.64,-0.02,-9.58,30.86,-0.01,1,0,323.0,227.0,13.3,0.26,0.06,50.1,13.26,-0.01,0.9,1019.2,9.188
121.44,CARRY,30.64,-0.02,-9.58,30.87,-0.01,1,0,322.5,227.0,13.2,0.26,0.05,49.9,13.26,-0.01,0.3,1019.1,9.188
121.49,CARRY,30.67,-0.02,-9.58,30.89,-0.01,1,0,323.0,227.0,13.3,0.26,0.06,51.9,13.26,-0.01,1.0,1020.7,9.062
121.54,CARRY,30.67,-0.02,-9.58,30.9,-0.01,1,0,322.5,227.0,13.2,0.26,0.05,48.8,13.26,-0.01,0.3,1020.6,9.062
121.59,CARRY,30.69,-0.02,-9.58,30.91,-0.01,1,0,323.0,227.0,13.3,0.26,0.06,50.3,13.26,-0.01,1.1,1022.2,8.375
121.64,CARRY,30.69,-0.02,-9.58,30.93,-0.01,1,0,322.5,226.5,13.7,0.27,0.05,50.6,13.26,-0.01,0.4,1022.7,8.688
121.7,CARRY,30.72,-0.02,-9.58,30.94,-0.01,1,0,322.0,227.5,12.7,0.25,0.04,49.5,13.26,-0.01,0.1,1023.1,8.625
121.75,CARRY,30.72,-0.02,-9.58,30.95,-0.01,1,0,322.5,227.0,13.2,0.26,0.05,51.6,13.26,-0.01,0.4,1023.7,8.625
121.8,CARRY,30.75,-0.02,-9.58,30.96,-0.01,1,0,322.0,227.5,12.7,0.25,0.04,51.4,13.26,-0.01,0.1,1024.7,8.812
121.85,CARRY,30.77,-0.01,-9.58,30.98,-0.01,1,0,321.5,252.0,12.1,-0.24,0.03,49.7,13.26,-0.01,23.6,1001.9,8.812
121.9,CARRY,30.77,-0.01,-9.58,30.99,-0.01,1,0,321.5,251.5,11.6,-0.23,0.03,49.2,13.26,-0.01,23.8,1002.4,8.875
121.95,CARRY,30.8,-0.01,-9.58,31.0,-0.01,1,0,322.0,228.0,12.2,0.24,0.04,49.3,13.26,-0.01,0.5,1027.2,8.688
122.0,CARRY,30.8,-0.01,-9.58,31.02,-0.01,1,0,322.0,228.0,12.2,0.24,0.04,51.0,13.26,-0.01,0.3,1027.2,8.688
122.05,CARRY,30.83,-0.01,-9.58,31.03,-0.01,1,0,321.5,228.5,11.6,0.23,0.03,50.9,13.26,-0.01,0.2,1028.2,8.562
122.11,CARRY,30.83,-0.01,-9.58,31.04,-0.01,1,0,322.0,228.0,12.2,0.24,0.04,48.8,13.26,-0.01,0.4,1028.7,8.375
122.16,CARRY,30.85,-0.01,-9.58,31.05,-0.01,1,0,321.5,228.5,11.6,0.23,0.03,50.8,13.26,-0.01,0.2,1029.5,8.562
122.21,CARRY,30.85,-0.01,-9.58,31.07,-0.01,1,0,321.5,227.5,12.6,0.25,0.03,49.0,13.26,-0.01,0.3,1030.5,8.438
122.26,CARRY,30.87,-0.01,-9.58,31.08,-0.01,1,0,321.5,228.0,12.1,0.24,0.03,48.7,13.26,-0.01,0.2,1031.3,8.625
122.31,CARRY,30.87,-0.01,-9.58,31.09,-0.01,1,0,322.0,227.5,12.7,0.25,0.04,48.0,13.26,-0.01,0.3,1031.9,8.562
122.36,CARRY,30.89,-0.01,-9.58,31.1,-0.01,1,0,321.5,228.0,12.1,0.24,0.03,48.8,13.26,-0.01,0.1,1032.5,8.75
122.41,CARRY,30.89,-0.01,-9.58,31.12,-0.01,1,0,321.5,226.5,13.6,0.27,0.03,49.0,13.26,-0.01,0.7,1034.0,8.875
122.46,CARRY,30.91,-0.01,-9.58,31.13,-0.01,1,0,322.0,228.0,12.2,0.24,0.04,49.2,13.26,-0.01,0.5,1033.8,8.875
122.51,CARRY,30.91,-0.01,-9.58,31.14,-0.01,1,0,321.5,227.0,13.1,0.26,0.03,48.1,13.26,-0.01,0.2,1034.7,9.0
122.56,CARRY,30.94,-0.01,-9.58,31.15,-0.01,1,0,322.0,227.0,13.2,0.26,0.04,48.7,13.26,-0.01,0.7,1036.1,8.938
122.61,CARRY,30.94,-0.01,-9.58,31.17,-0.01,1,0,321.5,227.0,13.1,0.26,0.03,48.1,13.26,-0.01,0.3,1036.0,9.0
122.66,CARRY,30.96,-0.01,-9.58,31.18,-0.01,1,0,321.5,227.5,12.6,0.25,0.03,48.7,13.26,-0.01,0.2,1036.8,8.812
122.71,CARRY,30.96,-0.01,-9.58,31.19,-0.01,1,0,321.5,226.5,13.6,0.27,0.03,48.3,13.26,-0.01,0.2,1037.8,8.875
122.76,CARRY,30.98,-0.01,-9.58,31.2,-0.01,1,0,321.5,227.0,13.1,0.26,0.03,48.7,13.26,-0.01,0.2,1038.7,8.938
122.81,CARRY,30.98,-0.01,-9.58,31.22,-0.01,1,0,321.5,226.5,13.6,0.27,0.03,48.1,13.26,-0.01,0.1,1039.2,8.875
122.86,CARRY,31.01,-0.0,-9.58,31.23,-0.01,1,0,321.5,227.0,13.1,0.26,0.03,50.2,13.26,-0.01,0.1,1040.0,9.062
122.91,CARRY,31.01,-0.0,-9.58,31.24,-0.01,1,0,321.5,226.5,13.6,0.27,0.03,49.3,13.26,-0.01,0.1,1040.5,9.0
122.96,CARRY,31.03,-0.0,-9.58,31.25,-0.01,1,0,322.0,227.0,13.2,0.26,0.04,50.0,13.26,-0.01,0.6,1041.5,9.125
123.01,CARRY,31.03,-0.0,-9.58,31.27,-0.01,1,0,322.0,226.5,13.6,0.27,0.04,50.6,13.26,-0.01,0.5,1042.0,9.062
123.06,CARRY,31.05,-0.0,-9.58,31.28,-0.01,1,0,321.5,258.5,18.6,-0.37,0.03,49.7,13.26,-0.01,31.5,1011.7,9.125
123.11,CARRY,31.05,-0.0,-9.58,31.29,-0.01,1,0,321.5,258.0,18.1,-0.36,0.03,49.2,13.26,-0.01,31.7,1012.2,9.125
123.16,CARRY,31.08,-0.0,-9.58,31.31,-0.01,1,0,322.0,227.0,13.2,0.26,0.04,48.8,13.26,-0.01,0.6,1044.4,8.938
123.21,CARRY,31.08,-0.0,-9.58,31.32,-0.01,1,0,321.5,258.5,18.6,-0.37,0.03,48.4,13.26,-0.01,32.2,1013.2,8.938
123.26,CARRY,31.1,-0.0,-9.58,31.33,-0.01,1,0,322.0,227.0,13.2,0.26,0.04,49.0,13.26,-0.01,0.6,1045.8,8.812
123.31,CARRY,31.1,-0.0,-9.58,31.34,-0.01,1,0,321.5,226.0,14.1,0.28,0.03,48.5,13.26,-0.01,0.3,1046.7,8.75
123.36,CARRY,31.13,-0.0,-9.58,31.36,-0.01,1,0,322.0,227.0,13.2,0.26,0.04,49.6,13.26,-0.01,0.6,1047.2,8.875
123.42,CARRY,31.13,-0.0,-9.58,31.37,-0.01,1,0,321.5,226.0,14.1,0.28,0.03,48.4,13.26,-0.01,0.2,1048.1,8.875
123.47,CARRY,31.15,-0.0,-9.58,31.38,-0.01,1,0,321.5,226.5,13.6,0.27,0.03,49.5,13.26,-0.01,0.2,1048.8,9.188
123.52,CARRY,31.15,-0.0,-9.58,31.39,-0.01,1,0,321.5,226.0,14.1,0.28,0.03,48.3,13.26,-0.01,0.1,1049.3,9.125
123.57,CARRY,31.17,-0.0,-9.58,31.41,-0.01,1,0,321.5,226.0,14.1,0.28,0.03,48.3,13.26,-0.01,0.3,1050.3,9.25
123.62,CARRY,31.17,-0.0,-9.58,31.42,-0.01,1,0,321.5,262.0,22.1,-0.44,0.03,48.4,13.26,-0.01,36.5,1014.8,9.312
123.67,CARRY,31.18,0.0,-9.58,31.43,-0.01,1,0,321.5,262.0,22.1,-0.44,0.03,48.8,13.26,-0.01,36.2,1015.8,9.312
123.72,CARRY,31.18,0.0,-9.58,31.44,-0.01,1,0,321.5,261.5,21.6,-0.43,0.03,48.3,13.26,-0.01,36.4,1016.3,9.312
123.77,CARRY,31.2,0.0,-9.58,31.46,-0.01,1,0,322.0,225.0,15.1,0.3,0.04,48.7,13.26,-0.01,0.8,1053.6,9.25
123.82,CARRY,31.2,0.0,-9.58,31.47,-0.01,1,0,321.5,261.5,21.6,-0.43,0.03,48.3,13.26,-0.01,36.7,1017.5,9.25
123.87,CARRY,31.22,0.0,-9.58,31.48,-0.01,1,0,321.5,261.5,21.6,-0.43,0.03,48.8,13.26,-0.01,36.3,1018.6,8.938
123.92,CARRY,31.22,0.0,-9.58,31.49,-0.01,1,0,321.5,261.5,21.6,-0.43,0.03,48.2,13.26,-0.01,37.0,1018.6,9.125
123.97,CARRY,31.24,0.0,-9.58,31.51,-0.01,1,0,321.5,224.5,15.6,0.31,0.03,49.3,13.26,-0.01,0.3,1056.2,9.125
124.02,CARRY,31.24,0.0,-9.58,31.52,-0.01,1,0,321.5,224.0,16.1,0.32,0.03,48.2,13.26,-0.01,0.1,1056.7,9.25
124.07,CARRY,31.26,0.0,-9.58,31.53,-0.01,1,0,321.5,224.0,16.1,0.32,0.03,48.5,13.26,-0.01,0.1,1057.5,9.375
124.12,CARRY,31.26,0.0,-9.58,31.54,-0.01,1,0,321.5,223.5,16.6,0.33,0.03,48.1,13.26,-0.01,0.1,1058.0,9.25
124.17,CARRY,31.26,0.01,-9.58,31.56,-0.01,1,0,321.5,261.0,21.1,-0.42,0.03,48.7,13.26,-0.01,38.0,1021.3,9.375
124.22,CARRY,31.26,0.01,-9.58,31.57,-0.01,1,0,322.0,221.5,18.6,0.37,0.04,48.1,13.26,-0.01,0.9,1060.4,9.312
124.27,CARRY,31.26,0.01,-9.58,31.58,-0.01,1,0,321.5,221.5,18.6,0.37,0.03,48.7,13.26,-0.01,0.1,1060.2,9.312
124.32,CARRY,31.26,0.01,-9.58,31.59,-0.01,1,0,321.5,221.0,19.1,0.38,0.03,48.1,13.26,-0.01,0.3,1060.7,9.25
124.37,CARRY,31.26,0.01,-9.58,31.61,-0.01,1,0,321.5,220.0,20.1,0.4,0.03,48.6,13.26,-0.01,0.3,1061.4,9.312
124.42,CARRY,31.26,0.01,-9.58,31.62,-0.01,1,0,321.5,259.0,19.1,-0.38,0.03,48.1,13.26,-0.01,40.0,1022.9,9.25
124.47,CARRY,31.25,0.02,-9.58,31.63,-0.01,1,0,321.5,258.5,18.6,-0.37,0.03,48.7,13.26,-0.01,40.7,1023.0,9.125
124.52,CARRY,31.25,0.02,-9.58,31.64,-0.01,1,0,321.5,258.5,18.6,-0.37,0.03,48.1,13.26,-0.01,41.4,1023.0,9.25
124.57,CARRY,31.25,0.02,-9.58,31.66,-0.01,1,0,322.0,216.0,24.1,0.48,0.04,49.0,13.26,-0.01,0.4,1064.8,9.062
124.62,CARRY,31.25,0.02,-9.58,31.67,-0.01,1,0,322.0,257.5,17.6,-0.35,0.04,48.3,13.26,-0.01,42.1,1023.8,9.188
124.67,CARRY,31.25,0.02,-9.58,31.68,-0.01,1,0,322.0,215.0,25.1,0.5,0.04,48.7,13.26,-0.01,0.4,1065.8,8.938
124.72,CARRY,31.25,0.02,-9.58,31.69,-0.01,1,0,321.5,257.0,17.1,-0.34,0.03,48.2,13.26,-0.01,43.0,1024.3,9.062
124.77,CARRY,31.25,0.03,-9.58,31.71,-0.01,1,0,322.0,213.5,26.6,0.53,0.04,49.0,13.26,-0.01,0.3,1067.7,9.0
124.82,CARRY,31.25,0.03,-9.58,31.72,-0.01,1,0,321.5,213.0,27.0,0.54,0.03,48.3,13.26,-0.01,0.3,1068.1,9.125
124.87,CARRY,31.26,0.03,-9.58,31.73,-0.01,1,0,321.5,212.5,27.5,0.55,0.03,48.8,13.26,-0.01,0.3,1069.1,9.25
124.92,CARRY,31.26,0.03,-9.58,31.74,-0.01,1,0,321.5,212.0,28.0,0.56,0.03,48.0,13.26,-0.01,0.4,1069.5,9.062
124.97,CARRY,31.27,0.03,-9.58,31.76,-0.01,1,0,321.5,252.0,12.1,-0.24,0.03,49.3,13.26,-0.01,40.2,1030.6,9.188
125.02,CARRY,31.27,0.03,-9.58,31.77,-0.01,1,0,322.0,211.0,29.1,0.58,0.04,48.3,13.26,-0.01,0.1,1071.2,9.062
125.07,CARRY,31.28,0.03,-9.58,31.78,-0.01,1,0,322.0,211.5,28.6,0.57,0.04,48.8,13.26,-0.01,0.4,1071.4,9.125
125.12,CARRY,31.28,0.03,-9.58,31.79,-0.01,1,0,321.5,210.5,29.5,0.59,0.03,47.8,13.26,-0.01,0.4,1072.4,9.062
125.17,CARRY,31.3,0.03,-9.58,31.81,-0.01,1,0,321.5,258.0,18.1,-0.36,0.03,48.7,13.26,-0.01,47.3,1026.5,9.062
125.22,CARRY,31.3,0.03,-9.58,31.82,-0.01,1,0,322.0,257.5,17.6,-0.35,0.04,47.8,13.26,-0.01,47.5,1027.1,9.062
125.27,CARRY,31.32,0.03,-9.58,31.83,-0.01,1,0,321.5,259.0,19.1,-0.38,0.03,50.4,13.26,-0.01,48.4,1026.9,9.125
125.32,CARRY,31.32,0.03,-9.58,31.84,-0.01,1,0,322.0,258.5,18.6,-0.37,0.04,48.3,13.26,-0.01,48.6,1027.5,9.188
125.37,CARRY,31.35,0.03,-9.58,31.86,-0.01,1,0,321.5,260.0,20.1,-0.4,0.03,49.3,13.26,-0.01,49.1,1027.6,8.625
125.42,CARRY,31.35,0.03,-9.58,31.87,-0.01,1,0,322.0,259.5,19.6,-0.39,0.04,48.0,13.26,-0.01,49.3,1028.2,8.562
125.47,CARRY,31.39,0.03,-9.58,31.88,-0.01,1,0,322.5,211.5,28.6,0.57,0.05,49.3,13.26,-0.01,0.5,1077.7,8.312
125.52,CARRY,31.39,0.03,-9.58,31.89,-0.01,1,0,322.5,211.0,29.1,0.58,0.05,48.0,13.26,-0.01,0.5,1078.2,8.25
125.57,CARRY,31.42,0.03,-9.58,31.91,-0.01,1,0,322.5,212.0,28.1,0.56,0.05,51.4,13.26,-0.01,0.5,1079.2,8.812
125.62,CARRY,31.42,0.03,-9.58,31.92,-0.01,1,0,323.0,211.0,29.2,0.58,0.06,49.1,13.26,-0.01,0.9,1080.2,8.938
125.67,CARRY,31.45,0.02,-9.58,31.93,-0.01,1,0,323.0,212.0,28.2,0.56,0.06,50.8,13.26,-0.01,1.0,1080.9,9.062
125.72,CARRY,31.45,0.02,-9.58,31.95,-0.01,1,0,322.5,211.5,28.6,0.57,0.05,49.8,13.26,-0.01,0.3,1081.4,9.125
125.78,CARRY,31.48,0.02,-9.58,31.96,-0.01,1,0,322.5,211.5,28.6,0.57,0.05,50.4,13.26,-0.01,0.7,1082.7,8.812
125.83,CARRY,31.48,0.02,-9.58,31.97,-0.01,1,0,322.5,211.5,28.6,0.57,0.05,48.7,13.26,-0.01,0.3,1082.7,8.812
125.88,CARRY,31.49,0.02,-9.58,31.98,-0.01,1,0,322.5,211.5,28.6,0.57,0.05,50.2,13.26,-0.01,0.4,1083.7,8.562
125.93,CARRY,31.49,0.02,-9.58,32.0,-0.01,1,0,322.5,262.5,22.6,-0.45,0.05,48.8,13.26,-0.01,51.6,1033.4,8.5
125.98,CARRY,31.51,0.02,-9.58,32.01,-0.01,1,0,323.0,211.0,29.2,0.58,0.06,49.6,13.26,-0.01,0.8,1085.4,8.5
126.03,CARRY,31.51,0.02,-9.58,32.02,-0.01,1,0,322.5,262.5,22.6,-0.45,0.05,50.8,13.26,-0.01,51.9,1034.5,8.625
126.08,CARRY,31.54,0.03,-9.58,32.03,-0.01,1,0,323.0,211.0,29.2,0.58,0.06,50.4,13.26,-0.01,0.8,1086.8,8.562
126.13,CARRY,31.54,0.03,-9.58,32.05,-0.01,1,0,322.5,262.5,22.6,-0.45,0.05,49.7,13.26,-0.01,52.1,1035.9,8.688
126.18,CARRY,31.57,0.02,-9.58,32.06,-0.01,1,0,323.0,211.5,28.7,0.57,0.06,51.7,13.26,-0.01,0.8,1088.0,8.938
126.24,CARRY,31.57,0.02,-9.58,32.07,-0.01,1,0,322.5,265.5,25.6,-0.51,0.05,48.2,13.26,-0.01,54.9,1034.6,9.0
126.29,CARRY,31.6,0.02,-9.58,32.09,-0.01,1,0,322.5,266.5,26.6,-0.53,0.05,51.8,13.26,-0.01,54.6,1035.6,9.062
126.34,CARRY,31.6,0.02,-9.58,32.1,-0.01,1,0,322.5,266.5,26.6,-0.53,0.05,48.3,13.26,-0.01,55.4,1035.6,9.0
126.39,CARRY,31.64,0.02,-9.58,32.11,-0.01,1,0,323.0,212.5,27.7,0.55,0.06,48.7,13.26,-0.01,0.9,1091.2,8.75
126.44,CARRY,31.64,0.02,-9.58,32.12,-0.01,1,0,322.5,212.0,28.1,0.56,0.05,48.0,13.26,-0.01,0.3,1091.6,8.75
126.49,CARRY,31.68,0.02,-9.58,32.14,-0.01,1,0,322.0,213.5,26.6,0.53,0.04,51.0,13.26,-0.01,0.1,1092.4,9.0
126.54,CARRY,31.68,0.02,-9.58,32.15,-0.01,1,0,322.5,213.0,27.1,0.54,0.05,48.4,13.26,-0.01,0.4,1093.0,8.938
126.59,CARRY,31.72,0.02,-9.58,32.16,-0.01,1,0,322.0,272.0,32.1,-0.64,0.04,51.2,13.26,-0.01,57.6,1037.0,9.062
126.64,CARRY,31.72,0.02,-9.58,32.18,-0.01,1,0,322.5,271.5,31.6,-0.63,0.05,49.2,13.26,-0.01,57.8,1037.6,9.188
126.69,CARRY,31.76,0.02,-9.58,32.19,-0.01,1,0,322.0,272.5,32.6,-0.65,0.04,50.6,13.26,-0.01,57.2,1038.9,8.938
126.74,CARRY,31.76,0.02,-9.58,32.2,-0.01,1,0,322.0,272.5,32.6,-0.65,0.04,48.1,13.26,-0.01,58.0,1038.9,8.75
126.79,CARRY,31.8,0.02,-9.58,32.21,-0.01,1,0,322.0,215.5,24.6,0.49,0.04,48.9,13.26,-0.01,0.7,1097.5,8.875
126.84,CARRY,31.8,0.02,-9.58,32.23,-0.01,1,0,322.0,215.5,24.6,0.49,0.04,48.3,13.26,-0.01,0.1,1097.5,8.875
126.89,CARRY,31.84,0.02,-9.58,32.24,-0.01,1,0,321.5,217.0,23.0,0.46,0.03,49.0,13.26,-0.01,0.2,1098.3,9.062
126.94,CARRY,31.84,0.02,-9.58,32.25,-0.01,1,0,321.5,276.5,36.5,-0.73,0.03,50.2,13.26,-0.01,60.1,1039.6,9.188
127.0,CARRY,31.88,0.02,-9.58,32.26,-0.01,1,0,321.5,278.0,38.0,-0.76,0.03,49.3,13.26,-0.01,60.1,1040.3,8.938
127.05,CARRY,31.88,0.02,-9.58,32.28,-0.01,1,0,321.5,217.0,23.0,0.46,0.03,50.1,13.26,-0.01,0.3,1100.6,9.062
127.1,CARRY,31.92,0.02,-9.58,32.29,-0.01,1,0,321.5,218.5,21.6,0.43,0.03,51.6,13.26,-0.01,0.1,1101.1,9.25
127.15,CARRY,31.92,0.02,-9.58,32.3,-0.01,1,0,321.5,217.5,22.5,0.45,0.03,50.5,13.26,-0.01,0.2,1102.0,9.188
127.2,CARRY,31.95,0.02,-9.58,32.31,-0.01,1,0,321.5,218.0,22.1,0.44,0.03,49.8,13.26,-0.01,0.6,1103.3,9.375
127.25,CARRY,31.97,0.02,-9.58,32.33,-0.01,1,0,321.5,219.5,20.6,0.41,0.03,50.9,13.26,-0.01,0.2,1103.4,9.438
127.3,CARRY,31.97,0.02,-9.58,32.34,-0.01,1,0,321.5,219.0,21.1,0.42,0.03,50.2,13.26,-0.01,0.3,1103.9,9.438
127.36,CARRY,32.0,0.02,-9.58,32.35,-0.01,1,0,321.5,219.5,20.6,0.41,0.03,48.9,13.26,-0.01,0.1,1104.9,9.5
127.41,CARRY,32.0,0.02,-9.58,32.37,-0.01,1,0,321.5,219.0,21.1,0.42,0.03,48.5,13.26,-0.01,0.2,1105.4,9.438
127.46,CARRY,32.03,0.02,-9.58,32.38,-0.01,1,0,321.5,219.5,20.6,0.41,0.03,50.5,13.26,-0.01,0.2,1106.5,9.375
127.51,CARRY,32.03,0.02,-9.58,32.39,-0.01,1,0,321.5,219.0,21.1,0.42,0.03,49.5,13.26,-0.01,0.2,1107.0,9.375
127.56,CARRY,32.06,0.02,-9.58,32.4,-0.01,1,0,321.5,220.0,20.1,0.4,0.03,51.3,13.26,-0.01,0.2,1107.7,9.312
127.61,CARRY,32.06,0.02,-9.58,32.42,-0.01,1,0,321.5,219.0,21.1,0.42,0.03,48.7,13.26,-0.01,0.1,1108.7,9.312
127.66,CARRY,32.09,0.01,-9.58,32.43,-0.01,1,0,321.5,220.0,20.1,0.4,0.03,48.5,13.26,-0.01,0.2,1109.5,9.312
127.71,CARRY,32.09,0.01,-9.58,32.44,-0.01,1,0,321.5,219.5,20.6,0.41,0.03,48.6,13.26,-0.01,0.1,1110.0,9.375
127.76,CARRY,32.12,0.01,-9.58,32.45,-0.01,1,0,321.5,221.0,19.1,0.38,0.03,51.5,13.26,-0.01,0.3,1110.5,9.375
127.81,CARRY,32.12,0.01,-9.58,32.47,-0.01,1,0,321.5,220.0,20.1,0.4,0.03,50.5,13.26,-0.01,0.1,1111.5,9.438
127.86,CARRY,32.16,0.01,-9.58,32.48,-0.01,1,0,321.5,221.0,19.1,0.38,0.03,49.8,13.26,-0.01,0.2,1112.5,9.312
127.91,CARRY,32.16,0.01,-9.58,32.49,-0.01,1,0,321.5,220.0,20.1,0.4,0.03,48.9,13.26,-0.01,0.5,1113.5,9.312
127.96,CARRY,32.19,0.01,-9.58,32.51,-0.01,1,0,321.5,222.0,18.1,0.36,0.03,49.2,13.26,-0.01,0.2,1113.6,9.188
128.01,CARRY,32.19,0.01,-9.58,32.52,-0.01,1,0,321.5,221.0,19.1,0.38,0.03,48.5,13.26,-0.01,0.3,1114.6,9.125
128.06,CARRY,32.23,0.0,-9.58,32.53,-0.01,1,0,321.5,222.5,17.6,0.35,0.03,51.9,13.26,-0.01,0.2,1115.3,9.125
128.12,CARRY,32.23,0.0,-9.58,32.54,-0.01,1,0,321.5,222.0,18.1,0.36,0.03,48.4,13.26,-0.01,0.3,1115.8,9.188
128.17,CARRY,32.27,0.0,-9.58,32.56,-0.01,1,0,321.5,223.5,16.6,0.33,0.03,49.5,13.26,-0.01,0.3,1116.5,9.125
128.22,CARRY,32.27,0.0,-9.58,32.57,-0.01,1,0,321.5,222.5,17.6,0.35,0.03,48.7,13.26,-0.01,0.4,1117.5,9.062
128.27,CARRY,32.31,-0.0,-9.58,32.58,-0.01,1,0,321.5,224.0,16.1,0.32,0.03,49.6,13.26,-0.01,0.3,1118.2,9.0
128.32,CARRY,32.31,-0.0,-9.58,32.59,-0.01,1,0,321.5,223.5,16.6,0.33,0.03,49.1,13.26,-0.01,0.4,1118.7,9.0
128.37,CARRY,32.34,-0.0,-9.58,32.61,-0.01,1,0,321.5,224.5,15.6,0.31,0.03,49.6,13.26,-0.01,0.5,1119.9,8.938
128.42,CARRY,32.34,-0.0,-9.58,32.62,-0.01,1,0,322.0,224.0,16.1,0.32,0.04,48.4,13.26,-0.01,0.1,1120.5,8.938
128.47,CARRY,32.38,-0.01,-9.58,32.63,-0.01,1,0,321.5,225.0,15.1,0.3,0.03,50.1,13.26,-0.01,0.6,1121.5,8.938
128.52,CARRY,32.38,-0.01,-9.58,32.64,-0.01,1,0,322.0,224.5,15.6,0.31,0.04,48.8,13.26,-0.01,0.3,1122.1,9.0
128.57,CARRY,32.42,-0.01,-9.58,32.66,-0.01,1,0,321.5,226.0,14.1,0.28,0.03,49.9,13.26,-0.01,0.4,1122.6,9.0
128.62,CARRY,32.42,-0.01,-9.58,32.67,-0.01,1,0,322.0,225.0,15.1,0.3,0.04,48.8,13.26,-0.01,0.4,1123.7,9.0
128.67,CARRY,32.45,-0.01,-9.58,32.68,-0.01,1,0,322.0,227.0,13.2,0.26,0.04,49.3,13.26,-0.01,0.3,1123.8,8.938
128.72,CARRY,32.45,-0.01,-9.58,32.7,-0.01,1,0,322.0,226.0,14.1,0.28,0.04,48.3,13.26,-0.01,0.1,1124.8,8.938
128.77,CARRY,32.49,-0.01,-9.58,32.71,-0.01,1,0,322.0,227.5,12.7,0.25,0.04,49.2,13.26,-0.01,0.2,1125.3,8.938
128.82,CARRY,32.49,-0.01,-9.58,32.72,-0.01,1,0,322.5,226.5,13.7,0.27,0.05,48.1,13.26,-0.01,0.4,1126.4,9.0
128.87,CARRY,32.52,-0.02,-9.58,32.73,-0.01,1,0,322.0,228.0,12.2,0.24,0.04,49.1,13.26,-0.01,0.2,1126.8,9.062
128.92,CARRY,32.52,-0.02,-9.58,32.75,-0.01,1,0,322.5,227.0,13.2,0.26,0.05,48.2,13.26,-0.01,0.4,1127.8,9.062
128.97,CARRY,32.55,-0.02,-9.58,32.76,-0.01,1,0,322.0,228.0,12.2,0.24,0.04,49.6,13.26,-0.01,0.3,1128.7,8.938
129.02,CARRY,32.55,-0.02,-9.58,32.77,-0.01,1,0,322.5,227.5,12.7,0.25,0.05,48.3,13.26,-0.01,0.4,1129.2,9.0
129.07,CARRY,32.58,-0.02,-9.58,32.78,-0.01,1,0,322.0,228.5,11.7,0.23,0.04,49.2,13.26,-0.01,0.2,1130.0,8.875
129.12,CARRY,32.58,-0.02,-9.58,32.8,-0.01,1,0,322.5,228.0,12.3,0.24,0.05,48.1,13.26,-0.01,0.4,1130.5,8.938
129.17,CARRY,32.61,-0.02,-9.58,32.81,-0.01,1,0,322.0,228.5,11.7,0.23,0.04,49.1,13.26,-0.01,0.5,1131.7,8.875
129.22,CARRY,32.61,-0.02,-9.58,32.82,-0.01,1,0,322.5,228.0,12.3,0.24,0.05,48.1,13.26,-0.01,0.5,1132.3,8.938
129.27,CARRY,32.64,-0.02,-9.58,32.83,-0.01,1,0,322.0,228.5,11.7,0.23,0.04,48.9,13.26,-0.01,0.7,1133.4,8.875
129.32,CARRY,32.64,-0.02,-9.58,32.85,-0.01,1,0,322.5,228.5,11.8,0.23,0.05,48.2,13.26,-0.01,0.4,1133.5,8.938
129.37,CARRY,32.67,-0.02,-9.58,32.86,-0.01,1,0,322.0,229.0,11.2,0.22,0.04,49.2,13.26,-0.01,0.4,1134.6,8.875
129.42,CARRY,32.67,-0.02,-9.58,32.87,-0.01,1,0,322.5,228.5,11.8,0.23,0.05,48.3,13.26,-0.01,0.5,1135.1,8.938
129.47,CARRY,32.7,-0.02,-9.58,32.88,-0.01,1,0,322.0,229.0,11.2,0.22,0.04,48.9,13.26,-0.01,0.6,1136.1,8.875
129.52,CARRY,32.7,-0.02,-9.58,32.9,-0.01,1,0,322.5,228.5,11.8,0.23,0.05,48.2,13.26,-0.01,0.6,1136.7,8.938
129.57,CARRY,32.73,-0.02,-9.58,32.91,-0.01,1,0,322.0,229.0,11.2,0.22,0.04,49.0,13.26,-0.01,0.7,1137.7,8.875
129.62,CARRY,32.73,-0.02,-9.58,32.92,-0.01,1,0,322.5,228.5,11.8,0.23,0.05,48.2,13.26,-0.01,0.6,1138.2,8.938
129.67,CARRY,32.75,-0.02,-9.58,32.93,-0.01,1,0,321.5,230.0,10.1,0.2,0.03,49.0,13.26,-0.01,0.5,1138.1,8.875
129.72,CARRY,32.75,-0.02,-9.58,32.95,-0.01,1,0,322.0,228.5,11.7,0.23,0.04,48.3,13.26,-0.01,0.5,1139.6,8.938
129.77,CARRY,32.78,-0.02,-9.58,32.96,-0.01,1,0,321.5,230.0,10.1,0.2,0.03,49.6,13.26,-0.01,0.5,1139.5,8.938
129.82,CARRY,32.78,-0.02,-9.58,32.97,-0.01,1,0,322.0,228.5,11.7,0.23,0.04,48.6,13.26,-0.01,0.5,1141.1,8.938
129.87,CARRY,32.8,-0.02,-9.58,32.98,-0.01,1,0,321.5,230.0,10.1,0.2,0.03,49.2,13.26,-0.01,0.5,1140.9,8.875
129.93,CARRY,32.8,-0.02,-9.58,33.0,-0.01,1,0,322.0,228.5,11.7,0.23,0.04,48.7,13.26,-0.01,0.5,1142.5,8.938
129.98,CARRY,32.83,-0.02,-9.58,33.01,-0.01,1,0,321.5,230.0,10.1,0.2,0.03,49.9,13.26,-0.01,0.5,1142.4,8.812
130.03,CARRY,32.83,-0.02,-9.58,33.02,-0.01,1,0,322.0,228.5,11.7,0.23,0.04,50.5,13.26,-0.01,0.5,1143.9,8.875
130.08,CARRY,32.85,-0.02,-9.58,33.03,-0.01,1,0,321.5,229.0,11.1,0.22,0.03,49.3,13.26,-0.01,0.7,1144.7,8.875
130.13,CARRY,32.85,-0.02,-9.58,33.05,-0.01,1,0,322.0,228.5,11.7,0.23,0.04,49.1,13.26,-0.01,0.4,1145.3,8.938
130.18,CARRY,32.88,-0.02,-9.58,33.06,-0.01,1,0,321.5,229.0,11.1,0.22,0.03,49.2,13.26,-0.01,0.7,1146.1,8.875
130.23,CARRY,32.88,-0.02,-9.58,33.07,-0.01,1,0,322.0,228.5,11.7,0.23,0.04,48.6,13.26,-0.01,0.3,1146.7,8.938
130.28,CARRY,32.9,-0.02,-9.58,33.08,-0.01,1,0,321.5,229.0,11.1,0.22,0.03,48.6,13.26,-0.01,0.6,1147.4,8.875
130.33,CARRY,32.9,-0.02,-9.58,33.1,-0.01,1,0,322.0,228.5,11.7,0.23,0.04,48.3,13.26,-0.01,0.2,1148.0,8.938
130.38,CARRY,32.92,-0.02,-9.58,33.11,-0.01,1,0,321.5,229.0,11.1,0.22,0.03,48.8,13.26,-0.01,0.5,1148.8,8.938
130.43,CARRY,32.92,-0.02,-9.58,33.12,-0.01,1,0,322.0,228.5,11.7,0.23,0.04,48.4,13.26,-0.01,0.2,1149.3,8.938
130.48,CARRY,32.95,-0.02,-9.58,33.13,-0.01,1,0,321.5,228.5,11.6,0.23,0.03,48.7,13.26,-0.01,0.9,1150.6,8.812
130.53,CARRY,32.95,-0.02,-9.58,33.15,-0.01,1,0,322.0,228.5,11.7,0.23,0.04,48.6,13.26,-0.01,0.0,1150.7,8.875
130.58,CARRY,32.97,-0.02,-9.58,33.16,-0.01,1,0,321.5,228.5,11.6,0.23,0.03,49.6,13.26,-0.01,0.8,1151.9,8.875
130.63,CARRY,32.97,-0.02,-9.58,33.17,-0.01,1,0,322.5,228.5,11.8,0.23,0.05,48.6,13.26,-0.01,0.5,1152.1,8.875
130.68,CARRY,32.99,-0.02,-9.58,33.18,-0.01,1,0,322.0,228.5,11.7,0.23,0.04,48.9,13.26,-0.01,0.5,1153.3,8.875
130.73,CARRY,32.99,-0.02,-9.58,33.2,-0.01,1,0,322.5,228.0,12.3,0.24,0.05,49.5,13.26,-0.01,0.5,1153.9,8.875
130.78,CARRY,33.01,-0.02,-9.58,33.21,-0.01,1,0,322.0,228.5,11.7,0.23,0.04,51.1,13.26,-0.01,0.4,1154.7,8.938
130.83,CARRY,33.01,-0.02,-9.58,33.22,-0.01,1,0,322.5,228.0,12.3,0.24,0.05,50.1,13.26,-0.01,0.4,1155.3,8.938
130.88,CARRY,33.04,-0.02,-9.58,33.24,-0.01,1,0,322.0,228.5,11.7,0.23,0.04,50.5,13.26,-0.01,0.2,1156.0,8.938
130.93,CARRY,33.04,-0.02,-9.58,33.25,-0.01,1,0,322.5,228.0,12.3,0.24,0.05,48.7,13.26,-0.01,0.4,1156.6,8.938
130.98,CARRY,33.06,-0.02,-9.58,33.26,-0.01,1,0,322.0,228.5,11.7,0.23,0.04,52.2,13.26,-0.01,0.1,1157.4,8.938
131.04,CARRY,33.06,-0.02,-9.58,33.27,-0.01,1,0,322.5,228.0,12.3,0.24,0.05,49.1,13.26,-0.01,0.4,1158.0,8.938
131.09,CARRY,33.08,-0.02,-9.58,33.29,-0.01,1,0,322.0,228.5,11.7,0.23,0.04,49.9,13.26,-0.01,0.1,1158.8,8.875
131.14,CARRY,33.08,-0.02,-9.58,33.3,-0.01,1,0,322.5,228.0,12.3,0.24,0.05,48.9,13.26,-0.01,0.4,1159.3,8.875
131.19,CARRY,33.11,-0.02,-9.58,33.31,-0.01,1,0,322.0,228.5,11.7,0.23,0.04,51.4,13.26,-0.01,0.2,1160.1,8.75
131.24,CARRY,33.11,-0.02,-9.58,33.32,-0.01,1,0,322.5,227.5,12.7,0.25,0.05,48.1,13.26,-0.01,0.4,1161.2,8.75
131.29,CARRY,33.13,-0.02,-9.58,33.34,-0.01,1,0,322.0,228.0,12.2,0.24,0.04,51.0,13.26,-0.01,0.2,1162.0,8.812
131.34,CARRY,33.13,-0.02,-9.58,33.35,-0.01,1,0,322.5,227.5,12.7,0.25,0.05,48.6,13.26,-0.01,0.4,1162.6,8.812
131.39,CARRY,33.15,-0.02,-9.58,33.36,-0.01,1,0,322.0,228.0,12.2,0.24,0.04,51.6,13.26,-0.01,0.1,1163.4,8.875
131.45,CARRY,33.15,-0.02,-9.58,33.38,-0.01,1,0,322.5,227.5,12.7,0.25,0.05,50.2,13.26,-0.01,0.4,1163.9,8.875
131.5,CARRY,33.18,-0.02,-9.58,33.39,-0.01,1,0,322.0,228.0,12.2,0.24,0.04,48.8,13.26,-0.01,0.1,1164.7,8.812
131.55,CARRY,33.18,-0.02,-9.58,33.4,-0.01,1,0,322.5,227.0,13.2,0.26,0.05,50.5,13.26,-0.01,0.4,1165.8,8.875
131.6,CARRY,33.2,-0.02,-9.58,33.41,-0.01,1,0,322.0,228.0,12.2,0.24,0.04,51.6,13.26,-0.01,0.2,1166.1,8.812
131.65,CARRY,33.22,-0.01,-9.58,33.43,-0.01,1,0,321.5,228.5,11.6,0.23,0.03,48.7,13.26,-0.01,0.4,1166.9,8.75
131.7,CARRY,33.22,-0.01,-9.58,33.44,-0.01,1,0,322.0,227.5,12.7,0.25,0.04,50.8,13.26,-0.01,0.2,1168.0,8.812
131.75,CARRY,33.25,-0.01,-9.58,33.45,-0.01,1,0,321.5,228.5,11.6,0.23,0.03,51.5,13.26,-0.01,0.4,1168.3,8.75
131.81,CARRY,33.25,-0.01,-9.58,33.47,-0.01,1,0,322.0,227.5,12.7,0.25,0.04,48.3,13.26,-0.01,0.1,1169.4,8.75
131.86,CARRY,33.27,-0.01,-9.58,33.48,-0.01,1,0,321.5,228.0,12.1,0.24,0.03,50.7,13.26,-0.01,0.4,1170.3,8.75
131.91,CARRY,33.27,-0.01,-9.58,33.49,-0.01,1,0,321.5,227.5,12.6,0.25,0.03,50.8,13.26,-0.01,0.4,1170.8,8.812
131.96,CARRY,33.3,-0.01,-9.58,33.5,-0.01,1,0,321.5,228.0,12.1,0.24,0.03,51.1,13.26,-0.01,0.3,1171.7,8.812
132.01,CARRY,33.3,-0.01,-9.58,33.52,-0.01,1,0,321.5,227.5,12.6,0.25,0.03,49.4,13.26,-0.01,0.4,1172.2,8.812
132.06,CARRY,33.32,-0.01,-9.58,33.53,-0.01,1,0,321.5,228.0,12.1,0.24,0.03,48.7,13.26,-0.01,0.2,1173.1,8.875
132.11,CARRY,33.32,-0.01,-9.58,33.54,-0.01,1,0,321.5,227.5,12.6,0.25,0.03,48.4,13.26,-0.01,0.3,1173.6,8.875
132.16,CARRY,33.35,-0.01,-9.58,33.56,-0.01,1,0,321.5,228.0,12.1,0.24,0.03,50.7,13.26,-0.01,0.2,1174.5,8.812
132.21,CARRY,33.35,-0.01,-9.58,33.57,-0.01,1,0,321.5,227.0,13.1,0.26,0.03,48.1,13.26,-0.01,0.4,1175.5,8.812
132.26,CARRY,33.37,-0.01,-9.58,33.58,-0.01,1,0,321.5,228.0,12.1,0.24,0.03,48.8,13.26,-0.01,0.1,1175.9,8.812
132.31,CARRY,33.37,-0.01,-9.58,33.59,-0.01,1,0,321.5,227.0,13.1,0.26,0.03,50.0,13.26,-0.01,0.3,1176.9,8.75
132.37,CARRY,33.4,-0.01,-9.58,33.61,-0.01,1,0,321.5,228.0,12.1,0.24,0.03,50.8,13.26,-0.01,0.1,1177.3,8.75
132.42,CARRY,33.4,-0.01,-9.58,33.62,-0.01,1,0,321.5,227.0,13.1,0.26,0.03,49.6,13.26,-0.01,0.3,1178.3,8.75
132.47,CARRY,33.42,-0.01,-9.58,33.63,-0.01,1,0,321.5,228.0,12.1,0.24,0.03,51.7,13.26,-0.01,0.2,1178.7,8.812
132.52,CARRY,33.42,-0.01,-9.58,33.64,-0.01,1,0,321.5,227.0,13.1,0.26,0.03,50.0,13.26,-0.01,0.2,1179.7,8.812
132.57,CARRY,33.44,-0.01,-9.58,33.66,-0.01,1,0,321.5,228.0,12.1,0.24,0.03,50.3,13.26,-0.01,0.2,1180.2,8.812
132.62,CARRY,33.44,-0.01,-9.58,33.67,-0.01,1,0,321.5,227.0,13.1,0.26,0.03,50.0,13.26,-0.01,0.2,1181.2,8.812
132.67,CARRY,33.47,-0.01,-9.58,33.68,-0.01,1,0,321.5,228.0,12.1,0.24,0.03,50.6,13.26,-0.01,0.3,1181.6,8.812
132.72,CARRY,33.47,-0.01,-9.58,33.7,-0.01,1,0,321.5,227.0,13.1,0.26,0.03,48.4,13.26,-0.01,0.2,1182.6,8.812
132.78,CARRY,33.49,-0.01,-9.58,33.71,-0.01,1,0,321.5,228.0,12.1,0.24,0.03,50.6,13.26,-0.01,0.3,1183.0,8.75
132.83,CARRY,33.49,-0.01,-9.58,33.72,-0.01,1,0,321.5,227.0,13.1,0.26,0.03,50.1,13.26,-0.01,0.3,1184.0,8.75
132.88,CARRY,33.52,-0.01,-9.58,33.73,-0.01,1,0,321.5,227.5,12.6,0.25,0.03,49.7,13.26,-0.01,0.2,1185.0,8.75
132.93,CARRY,33.52,-0.01,-9.58,33.75,-0.01,1,0,321.5,227.0,13.1,0.26,0.03,48.2,13.26,-0.01,0.3,1185.5,8.75
132.98,CARRY,33.54,-0.01,-9.58,33.76,-0.01,1,0,321.5,227.5,12.6,0.25,0.03,49.9,13.26,-0.01,0.3,1186.4,8.875
133.03,CARRY,33.54,-0.01,-9.58,33.77,-0.01,1,0,321.5,227.0,13.1,0.26,0.03,48.4,13.26,-0.01,0.3,1186.9,8.812
133.08,CARRY,33.57,-0.01,-9.58,33.78,-0.01,1,0,321.5,227.0,13.1,0.26,0.03,51.8,13.26,-0.01,0.7,1188.4,8.938
133.13,CARRY,33.57,-0.01,-9.58,33.8,-0.01,1,0,322.0,227.0,13.2,0.26,0.04,49.1,13.26,-0.01,0.2,1188.4,8.812
133.18,CARRY,33.59,-0.01,-9.58,33.81,-0.01,1,0,321.5,227.5,12.6,0.25,0.03,49.0,13.26,-0.01,0.3,1189.3,8.75
133.23,CARRY,33.59,-0.01,-9.58,33.82,-0.01,1,0,322.0,226.5,13.6,0.27,0.04,48.7,13.26,-0.01,0.4,1190.4,8.812
133.28,CARRY,33.62,-0.01,-9.58,33.84,-0.01,1,0,322.0,227.0,13.2,0.26,0.04,49.0,13.26,-0.01,0.6,1191.4,8.688
133.33,CARRY,33.62,-0.01,-9.58,33.85,-0.01,1,0,321.5,226.5,13.6,0.27,0.03,48.5,13.26,-0.01,0.6,1191.8,8.625
133.38,CARRY,33.64,-0.01,-9.58,33.86,-0.01,1,0,321.5,227.5,12.6,0.25,0.03,50.9,13.26,-0.01,0.4,1192.2,8.688
133.43,CARRY,33.64,-0.01,-9.58,33.87,-0.01,1,0,322.0,226.5,13.6,0.27,0.04,48.9,13.26,-0.01,0.4,1193.3,8.625
133.48,CARRY,33.67,-0.01,-9.58,33.89,-0.01,1,0,321.5,227.5,12.6,0.25,0.03,48.7,13.26,-0.01,0.4,1193.7,8.688
133.53,CARRY,33.67,-0.01,-9.58,33.9,-0.01,1,0,322.0,227.0,13.2,0.26,0.04,48.1,13.26,-0.01,0.1,1194.3,8.625
133.58,CARRY,33.7,-0.01,-9.58,33.91,-0.01,1,0,321.5,227.5,12.6,0.25,0.03,48.5,13.26,-0.01,0.5,1195.2,8.812
133.63,CARRY,33.7,-0.01,-9.58,33.92,-0.01,1,0,322.0,227.0,13.2,0.26,0.04,48.2,13.26,-0.01,0.1,1195.8,8.625
133.68,CARRY,33.72,-0.01,-9.58,33.94,-0.01,1,0,322.0,228.0,12.2,0.24,0.04,51.4,13.26,-0.01,0.3,1196.2,8.688
133.74,CARRY,33.72,-0.01,-9.58,33.95,-0.01,1,0,322.5,227.0,13.2,0.26,0.05,48.3,13.26,-0.01,0.4,1197.3,8.75
133.79,CARRY,33.75,-0.02,-9.58,33.96,-0.01,1,0,322.0,228.0,12.2,0.24,0.04,48.9,13.26,-0.01,0.3,1197.8,8.688
133.84,CARRY,33.75,-0.02,-9.58,33.97,-0.01,1,0,322.5,227.0,13.2,0.26,0.05,48.3,13.26,-0.01,0.4,1198.8,8.75
133.89,CARRY,33.77,-0.02,-9.58,33.99,-0.01,1,0,322.0,228.0,12.2,0.24,0.04,49.1,13.26,-0.01,0.2,1199.2,8.75
133.94,CARRY,33.77,-0.02,-9.58,34.0,-0.01,1,0,322.5,227.0,13.2,0.26,0.05,48.2,13.26,-0.01,0.4,1200.3,8.812
133.99,CARRY,33.8,-0.02,-9.58,34.01,-0.01,1,0,322.0,228.0,12.2,0.24,0.04,51.2,13.26,-0.01,0.2,1200.7,8.75
134.04,CARRY,33.8,-0.02,-9.58,34.02,-0.01,1,0,322.5,227.0,13.2,0.26,0.05,50.1,13.26,-0.01,0.4,1201.8,8.875
134.09,CARRY,33.82,-0.02,-9.58,34.04,-0.01,1,0,322.0,228.0,12.2,0.24,0.04,50.0,13.26,-0.01,0.2,1202.2,8.938
134.14,CARRY,33.82,-0.02,-9.58,34.05,-0.01,1,0,322.5,227.0,13.2,0.26,0.05,48.7,13.26,-0.01,0.4,1203.3,9.0
134.19,CARRY,33.85,-0.02,-9.58,34.06,-0.01,1,0,322.0,228.0,12.2,0.24,0.04,49.1,13.26,-0.01,0.2,1203.7,9.0
134.24,CARRY,33.85,-0.02,-9.58,34.08,-0.01,1,0,322.5,227.0,13.2,0.26,0.05,48.1,13.26,-0.01,0.4,1204.8,9.188
134.29,CARRY,33.88,-0.02,-9.58,34.09,-0.01,1,0,322.0,228.0,12.2,0.24,0.04,49.1,13.26,-0.01,0.1,1205.2,9.188
134.34,CARRY,33.88,-0.02,-9.58,34.1,-0.01,1,0,323.0,227.0,13.3,0.26,0.06,48.4,13.26,-0.01,0.9,1206.3,9.312
134.39,CARRY,33.9,-0.02,-9.58,34.11,-0.01,1,0,322.0,228.0,12.2,0.24,0.04,49.1,13.26,-0.01,0.1,1206.7,9.188
134.44,CARRY,33.9,-0.02,-9.58,34.13,-0.01,1,0,322.5,227.0,13.2,0.26,0.05,48.3,13.26,-0.01,0.4,1207.8,9.312
134.49,CARRY,33.93,-0.02,-9.58,34.14,-0.01,1,0,322.0,228.0,12.2,0.24,0.04,49.2,13.26,-0.01,0.1,1208.2,9.312
134.54,CARRY,33.93,-0.02,-9.58,34.15,-0.01,1,0,322.5,227.0,13.2,0.26,0.05,48.2,13.26,-0.01,0.5,1209.2,9.438
134.59,CARRY,33.95,-0.01,-9.58,34.16,-0.01,1,0,321.5,228.0,12.1,0.24,0.03,48.9,13.26,-0.01,0.4,1209.6,9.5
134.64,CARRY,33.95,-0.01,-9.58,34.18,-0.01,1,0,322.0,227.0,13.2,0.26,0.04,48.1,13.26,-0.01,0.2,1210.6,9.562
134.69,CARRY,33.98,-0.01,-9.58,34.19,-0.01,1,0,321.5,228.0,12.1,0.24,0.03,48.9,13.26,-0.01,0.4,1211.0,9.562
134.74,CARRY,33.98,-0.01,-9.58,34.2,-0.01,1,0,322.0,227.0,13.2,0.26,0.04,48.2,13.26,-0.01,0.2,1212.1,9.562
134.79,CARRY,34.0,-0.01,-9.58,34.21,-0.01,1,0,321.5,228.0,12.1,0.24,0.03,49.0,13.26,-0.01,0.4,1212.5,9.625
134.84,CARRY,34.0,-0.01,-9.58,34.23,-0.01,1,0,322.0,227.0,13.2,0.26,0.04,48.2,13.26,-0.01,0.3,1213.6,9.625
134.89,CARRY,34.03,-0.01,-9.58,34.24,-0.01,1,0,321.5,228.0,12.1,0.24,0.03,48.9,13.26,-0.01,0.3,1214.0,9.625
134.94,CARRY,34.03,-0.01,-9.58,34.25,-0.01,1,0,322.0,227.0,13.2,0.26,0.04,48.1,13.26,-0.01,0.3,1215.0,9.625
134.99,CARRY,34.05,-0.01,-9.58,34.26,-0.01,1,0,321.5,228.0,12.1,0.24,0.03,50.0,13.26,-0.01,0.3,1215.5,9.562
135.04,CARRY,34.05,-0.01,-9.58,34.28,-0.01,1,0,322.0,227.5,12.7,0.25,0.04,48.2,13.26,-0.01,0.2,1216.1,9.625
135.09,CARRY,34.08,-0.01,-9.58,34.29,-0.01,1,0,321.5,228.0,12.1,0.24,0.03,48.9,13.26,-0.01,0.3,1217.0,9.625
135.14,CARRY,34.08,-0.01,-9.58,34.3,-0.01,1,0,321.5,227.5,12.6,0.25,0.03,48.6,13.26,-0.01,0.4,1217.5,9.688
135.19,CARRY,34.11,-0.01,-9.58,34.31,-0.01,1,0,321.5,228.0,12.1,0.24,0.03,49.3,13.26,-0.01,0.3,1218.5,9.688
135.25,CARRY,34.11,-0.01,-9.58,34.33,-0.01,1,0,321.5,227.5,12.6,0.25,0.03,48.6,13.26,-0.01,0.4,1219.0,9.688
135.3,CARRY,34.13,-0.01,-9.58,34.34,-0.01,1,0,321.5,233.0,7.2,0.14,0.03,48.9,13.26,-0.01,4.9,1215.0,9.75
135.35,CARRY,34.13,-0.01,-9.58,34.35,-0.01,1,0,321.5,227.5,12.6,0.25,0.03,48.7,13.26,-0.01,0.4,1220.4,9.812
135.4,CARRY,34.16,-0.01,-9.58,34.36,-0.01,1,0,321.5,233.0,7.2,0.14,0.03,48.9,13.26,-0.01,4.9,1216.4,9.75
135.45,CARRY,34.16,-0.01,-9.58,34.38,-0.01,1,0,322.0,227.5,12.7,0.25,0.04,48.7,13.26,-0.01,0.1,1222.0,9.75
135.5,CARRY,34.18,-0.01,-9.58,34.39,-0.01,1,0,321.5,228.0,12.1,0.24,0.03,48.9,13.26,-0.01,0.4,1222.8,9.688
135.55,CARRY,34.18,-0.01,-9.58,34.4,-0.01,1,0,322.0,227.5,12.7,0.25,0.04,48.7,13.26,-0.01,0.1,1223.4,9.625
135.6,CARRY,34.21,-0.01,-9.58,34.41,-0.01,1,0,321.5,228.0,12.1,0.24,0.03,49.1,13.26,-0.01,0.4,1224.2,9.75
135.65,CARRY,34.21,-0.01,-9.58,34.43,-0.01,1,0,322.0,227.5,12.7,0.25,0.04,48.8,13.26,-0.01,0.1,1224.8,9.688
135.7,CARRY,34.23,-0.02,-9.58,34.44,-0.01,1,0,322.0,228.0,12.2,0.24,0.04,48.9,13.26,-0.01,0.1,1225.7,9.688
135.75,CARRY,34.23,-0.02,-9.58,34.45,-0.01,1,0,322.0,227.5,12.7,0.25,0.04,48.9,13.26,-0.01,0.2,1226.2,9.625
135.8,CARRY,34.25,-0.02,-9.58,34.46,-0.01,1,0,322.0,236.5,4.0,0.07,0.04,49.2,13.26,-0.01,8.6,1218.6,9.688
135.85,CARRY,34.25,-0.02,-9.58,34.48,-0.01,1,0,322.5,236.0,4.7,0.08,0.05,49.1,13.26,-0.01,8.8,1219.2,9.688
135.9,CARRY,34.28,-0.02,-9.58,34.49,-0.01,1,0,322.5,227.5,12.7,0.25,0.05,49.0,13.26,-0.01,0.6,1228.9,9.625
135.95,CARRY,34.28,-0.02,-9.58,34.5,-0.01,1,0,322.5,236.0,4.7,0.08,0.05,49.7,13.26,-0.01,8.9,1220.5,9.562
136.0,CARRY,34.3,-0.02,-9.58,34.51,-0.01,1,0,322.5,237.5,3.5,0.05,0.05,50.2,13.26,-0.01,9.8,1220.4,9.375
136.05,CARRY,34.32,-0.02,-9.58,34.53,-0.01,1,0,322.5,228.0,12.3,0.24,0.05,49.7,13.26,-0.01,0.5,1231.1,9.375
136.1,CARRY,34.32,-0.02,-9.58,34.54,-0.01,1,0,322.5,227.5,12.7,0.25,0.05,48.6,13.26,-0.01,0.3,1231.6,9.375
136.15,CARRY,34.32,-0.02,-9.58,34.55,-0.01,1,0,322.5,227.0,13.2,0.26,0.05,49.0,13.26,-0.01,0.2,1232.1,9.438
136.2,CARRY,34.34,-0.02,-9.58,34.56,-0.01,1,0,322.5,227.5,12.7,0.25,0.05,49.3,13.26,-0.01,0.3,1232.8,9.562
136.25,CARRY,34.34,-0.02,-9.58,34.58,-0.01,1,0,323.0,226.0,14.3,0.28,0.06,49.9,13.26,-0.01,0.9,1234.4,9.438
136.3,CARRY,34.36,-0.02,-9.58,34.59,-0.01,1,0,322.5,227.0,13.2,0.26,0.05,49.3,13.26,-0.01,0.2,1234.4,9.438
136.35,CARRY,34.38,-0.02,-9.58,34.6,-0.01,1,0,322.5,227.5,12.7,0.25,0.05,50.2,13.26,-0.01,0.3,1235.0,9.562
136.4,CARRY,34.38,-0.02,-9.58,34.61,-0.01,1,0,322.5,226.5,13.7,0.27,0.05,49.2,13.26,-0.01,0.2,1236.0,9.562
136.45,CARRY,34.4,-0.02,-9.58,34.63,-0.01,1,0,322.5,227.0,13.2,0.26,0.05,51.5,13.26,-0.01,0.3,1236.7,9.625
136.5,CARRY,34.4,-0.02,-9.58,34.64,-0.01,1,0,322.5,226.0,14.2,0.28,0.05,49.3,13.26,-0.01,0.4,1237.6,9.625
136.55,CARRY,34.42,-0.02,-9.58,34.65,-0.01,1,0,322.5,227.0,13.2,0.26,0.05,51.7,13.26,-0.01,0.4,1237.9,9.5
136.61,CARRY,34.42,-0.02,-9.58,34.67,-0.01,1,0,322.5,226.0,14.2,0.28,0.05,48.9,13.26,-0.01,0.2,1238.9,9.438
136.66,CARRY,34.44,-0.02,-9.58,34.68,-0.01,1,0,322.5,226.5,13.7,0.27,0.05,48.9,13.26,-0.01,0.3,1239.6,9.188
136.71,CARRY,34.44,-0.02,-9.58,34.69,-0.01,1,0,322.5,226.0,14.2,0.28,0.05,51.8,13.26,-0.01,0.3,1240.1,9.25
136.76,CARRY,34.47,-0.01,-9.58,34.7,-0.01,1,0,322.5,226.5,13.7,0.27,0.05,51.3,13.26,-0.01,0.4,1240.9,9.25
136.81,CARRY,34.47,-0.01,-9.58,34.72,-0.01,1,0,322.5,225.5,14.7,0.29,0.05,48.5,13.26,-0.01,0.2,1241.9,9.188
136.86,CARRY,34.49,-0.01,-9.58,34.73,-0.01,1,0,322.5,226.0,14.2,0.28,0.05,48.7,13.26,-0.01,0.4,1242.8,9.438
136.91,CARRY,34.49,-0.01,-9.58,34.74,-0.01,1,0,322.5,225.5,14.7,0.29,0.05,48.5,13.26,-0.01,0.3,1243.3,9.312
136.96,CARRY,34.51,-0.01,-9.58,34.76,-0.01,1,0,322.5,243.0,3.9,-0.06,0.05,49.3,13.26,-0.01,16.8,1227.5,9.438
137.01,CARRY,34.51,-0.01,-9.58,34.77,-0.01,1,0,323.0,225.0,15.3,0.3,0.06,50.2,13.26,-0.01,0.9,1245.3,9.375
137.06,CARRY,34.54,-0.01,-9.58,34.78,-0.01,1,0,322.5,226.0,14.2,0.28,0.05,49.2,13.26,-0.01,0.5,1245.7,9.375
137.11,CARRY,34.54,-0.01,-9.58,34.79,-0.01,1,0,322.5,243.0,3.9,-0.06,0.05,48.0,13.26,-0.01,17.5,1229.0,9.25
137.16,CARRY,34.57,-0.01,-9.58,34.81,-0.01,1,0,322.0,226.5,13.6,0.27,0.04,48.8,13.26,-0.01,0.2,1246.7,8.375
137.21,CARRY,34.57,-0.01,-9.58,34.82,-0.01,1,0,322.5,225.5,14.7,0.29,0.05,49.9,13.26,-0.01,0.4,1247.8,8.438
137.27,CARRY,34.59,-0.01,-9.58,34.83,-0.01,1,0,322.0,226.5,13.6,0.27,0.04,49.2,13.26,-0.01,0.1,1248.2,8.688
137.32,CARRY,34.59,-0.01,-9.58,34.84,-0.01,1,0,322.5,225.5,14.7,0.29,0.05,48.0,13.26,-0.01,0.4,1249.3,8.688
137.37,CARRY,34.62,-0.01,-9.58,34.86,-0.01,1,0,322.0,226.5,13.6,0.27,0.04,48.8,13.26,-0.01,0.1,1249.7,9.0
137.42,CARRY,34.62,-0.01,-9.58,34.87,-0.01,1,0,323.0,225.5,14.8,0.29,0.06,48.3,13.26,-0.01,0.9,1250.9,9.0
137.47,CARRY,34.64,-0.01,-9.58,34.88,-0.01,1,0,321.5,226.5,13.6,0.27,0.03,51.6,13.26,-0.01,0.4,1251.2,9.125
137.52,CARRY,34.64,-0.01,-9.58,34.89,-0.01,1,0,322.0,226.0,14.1,0.28,0.04,50.1,13.26,-0.01,0.3,1251.7,9.188
137.57,CARRY,34.67,-0.01,-9.58,34.91,-0.01,1,0,322.0,226.5,13.6,0.27,0.04,50.9,13.26,-0.01,0.1,1252.8,8.875
137.62,CARRY,34.67,-0.01,-9.58,34.92,-0.01,1,0,322.0,226.0,14.1,0.28,0.04,49.9,13.26,-0.01,0.2,1253.3,8.938
137.67,CARRY,34.7,-0.01,-9.58,34.93,-0.01,1,0,322.0,226.5,13.6,0.27,0.04,49.3,13.26,-0.01,0.2,1254.3,8.375
137.72,CARRY,34.7,-0.01,-9.58,34.95,-0.01,1,0,322.0,226.0,14.1,0.28,0.04,48.0,13.26,-0.01,0.2,1254.8,8.688
137.77,CARRY,34.73,-0.01,-9.58,34.96,-0.01,1,0,321.5,226.5,13.6,0.27,0.03,48.9,13.26,-0.01,0.3,1255.8,8.5
137.82,CARRY,34.73,-0.01,-9.58,34.97,-0.01,1,0,321.5,226.0,14.1,0.28,0.03,48.8,13.26,-0.01,0.3,1256.3,8.5
137.87,CARRY,34.75,-0.01,-9.58,34.98,-0.01,1,0,321.5,227.0,13.1,0.26,0.03,53.0,13.26,-0.01,0.2,1256.9,8.875
137.93,CARRY,34.75,-0.01,-9.58,35.0,-0.01,1,0,321.5,226.0,14.1,0.28,0.03,51.7,13.26,-0.01,0.3,1257.9,8.75
137.98,CARRY,34.78,-0.01,-9.58,35.01,-0.01,1,0,321.5,251.0,11.1,-0.22,0.03,50.5,13.26,-0.01,24.1,1234.8,8.938
138.03,CARRY,34.78,-0.01,-9.58,35.02,-0.01,1,0,321.5,250.5,10.6,-0.21,0.03,51.1,13.26,-0.01,24.4,1235.3,8.812
138.08,CARRY,34.81,-0.01,-9.58,35.04,-0.01,1,0,322.0,227.0,13.2,0.26,0.04,51.4,13.26,-0.01,0.5,1260.2,8.688
138.14,CARRY,34.81,-0.01,-9.58,35.05,-0.01,1,0,321.5,250.5,10.6,-0.21,0.03,48.5,13.26,-0.01,24.3,1236.9,8.688
138.19,CARRY,34.84,-0.01,-9.58,35.06,-0.01,1,0,322.0,227.0,13.2,0.26,0.04,51.8,13.26,-0.01,0.5,1261.8,8.25
138.24,CARRY,34.84,-0.01,-9.58,35.07,-0.01,1,0,321.5,226.0,14.1,0.28,0.03,49.9,13.26,-0.01,0.3,1262.7,8.375
138.29,CARRY,34.86,-0.0,-9.58,35.09,-0.01,1,0,321.5,227.0,13.1,0.26,0.03,50.4,13.26,-0.01,0.0,1263.2,8.438
138.34,CARRY,34.86,-0.0,-9.58,35.1,-0.01,1,0,321.5,226.0,14.1,0.28,0.03,49.4,13.26,-0.01,0.3,1264.2,8.25
138.39,CARRY,34.88,-0.0,-9.58,35.11,-0.01,1,0,321.5,254.5,14.6,-0.29,0.03,49.5,13.26,-0.01,27.7,1237.3,8.688
138.44,CARRY,34.88,-0.0,-9.58,35.12,-0.01,1,0,322.0,225.5,14.6,0.29,0.04,48.9,13.26,-0.01,0.7,1266.0,8.562
138.49,CARRY,34.9,-0.0,-9.58,35.14,-0.01,1,0,322.0,226.5,13.6,0.27,0.04,51.3,13.26,-0.01,0.5,1266.2,8.875
138.54,CARRY,34.9,-0.0,-9.58,35.15,-0.01,1,0,321.5,254.5,14.6,-0.29,0.03,48.9,13.26,-0.01,28.7,1238.4,8.812
138.59,CARRY,34.92,-0.0,-9.58,35.16,-0.01,1,0,322.0,225.5,14.6,0.29,0.04,50.7,13.26,-0.01,0.8,1268.3,8.875
138.65,CARRY,34.92,-0.0,-9.58,35.18,-0.01,1,0,321.5,254.5,14.6,-0.29,0.03,48.1,13.26,-0.01,29.1,1239.6,8.938
138.7,CARRY,34.94,-0.0,-9.58,35.19,-0.01,1,0,321.5,255.0,15.1,-0.3,0.03,50.9,13.26,-0.01,29.2,1240.2,8.812
138.75,CARRY,34.94,-0.0,-9.58,35.2,-0.01,1,0,321.5,254.5,14.6,-0.29,0.03,50.0,13.26,-0.01,29.5,1240.7,8.812
138.8,CARRY,34.96,0.0,-9.58,35.21,-0.01,1,0,322.0,225.0,15.1,0.3,0.04,51.3,13.26,-0.01,0.7,1271.0,8.562
138.85,CARRY,34.98,0.0,-9.58,35.23,-0.01,1,0,321.5,226.0,14.1,0.28,0.03,50.4,13.26,-0.01,0.3,1271.1,8.75
138.9,CARRY,34.98,0.0,-9.58,35.24,-0.01,1,0,321.5,225.0,15.1,0.3,0.03,49.2,13.26,-0.01,0.1,1272.1,8.75
138.95,CARRY,35.0,0.0,-9.58,35.25,-0.01,1,0,321.5,225.5,14.6,0.29,0.03,48.8,13.26,-0.01,0.2,1272.7,8.688
139.0,CARRY,35.0,0.0,-9.58,35.27,-0.01,1,0,322.0,224.0,16.1,0.32,0.04,50.2,13.26,-0.01,0.9,1274.2,8.75
139.05,CARRY,35.01,0.0,-9.58,35.28,-0.01,1,0,321.5,225.0,15.1,0.3,0.03,48.8,13.26,-0.01,0.3,1274.0,8.875
139.1,CARRY,35.01,0.0,-9.58,35.29,-0.01,1,0,321.5,224.0,16.1,0.32,0.03,50.3,13.26,-0.01,0.1,1275.0,9.0
139.15,CARRY,35.03,0.01,-9.58,35.3,-0.01,1,0,321.5,257.0,17.1,-0.34,0.03,48.2,13.26,-0.01,33.0,1243.1,8.875
139.2,CARRY,35.03,0.01,-9.58,35.32,-0.01,1,0,322.0,223.0,17.1,0.34,0.04,50.5,13.26,-0.01,0.6,1276.8,8.875
139.26,CARRY,35.04,0.01,-9.58,35.33,-0.01,1,0,321.5,256.5,16.6,-0.33,0.03,49.2,13.26,-0.01,33.2,1244.4,8.938
139.31,CARRY,35.04,0.01,-9.58,35.34,-0.01,1,0,321.5,256.5,16.6,-0.33,0.03,48.5,13.26,-0.01,33.9,1244.4,9.0
139.36,CARRY,35.06,0.01,-9.58,35.35,-0.01,1,0,322.0,223.0,17.1,0.34,0.04,48.9,13.26,-0.01,0.7,1278.5,9.0
139.41,CARRY,35.06,0.01,-9.58,35.37,-0.01,1,0,321.5,256.5,16.6,-0.33,0.03,48.9,13.26,-0.01,34.5,1245.3,9.062
139.46,CARRY,35.07,0.01,-9.58,35.38,-0.01,1,0,322.0,222.5,17.6,0.35,0.04,50.7,13.26,-0.01,0.7,1280.0,9.0
139.51,CARRY,35.07,0.01,-9.58,35.39,-0.01,1,0,322.0,221.0,19.1,0.38,0.04,48.9,13.26,-0.01,0.8,1281.5,9.188
139.56,CARRY,35.09,0.01,-9.58,35.4,-0.01,1,0,321.5,256.5,16.6,-0.33,0.03,50.9,13.26,-0.01,34.5,1247.5,9.0
139.61,CARRY,35.09,0.01,-9.58,35.42,-0.01,1,0,321.5,257.0,17.1,-0.34,0.03,50.7,13.26,-0.01,35.7,1247.0,8.938
139.66,CARRY,35.11,0.01,-9.58,35.43,-0.01,1,0,322.0,221.0,19.1,0.38,0.04,49.0,13.26,-0.01,0.9,1283.7,8.875
139.71,CARRY,35.11,0.01,-9.58,35.44,-0.01,1,0,321.5,221.0,19.1,0.38,0.03,49.9,13.26,-0.01,0.1,1283.7,8.938
139.76,CARRY,35.13,0.01,-9.58,35.46,-0.01,1,0,321.5,221.0,19.1,0.38,0.03,50.9,13.26,-0.01,0.4,1284.9,9.0
139.82,CARRY,35.13,0.01,-9.58,35.47,-0.01,1,0,322.0,220.5,19.6,0.39,0.04,49.8,13.26,-0.01,0.5,1285.4,9.062
139.87,CARRY,35.15,0.01,-9.58,35.48,-0.01,1,0,321.5,221.0,19.1,0.38,0.03,50.9,13.26,-0.01,0.1,1286.1,9.25
139.92,CARRY,35.15,0.01,-9.58,35.49,-0.01,1,0,321.5,220.5,19.6,0.39,0.03,49.6,13.26,-0.01,0.1,1286.6,9.312
139.97,CARRY,35.18,0.01,-9.58,35.51,-0.01,1,0,321.5,221.0,19.1,0.38,0.03,51.7,13.26,-0.01,0.1,1287.4,9.5
140.02,CARRY,35.18,0.01,-9.58,35.52,-0.01,1,0,322.0,220.0,20.1,0.4,0.04,48.8,13.26,-0.01,0.5,1288.5,9.5
140.07,CARRY,35.2,0.01,-9.58,35.53,-0.01,1,0,321.5,221.0,19.1,0.38,0.03,49.0,13.26,-0.01,0.1,1288.8,9.5
140.12,CARRY,35.2,0.01,-9.58,35.54,-0.01,1,0,321.5,220.0,20.1,0.4,0.03,48.2,13.26,-0.01,0.2,1289.8,9.562
140.17,CARRY,35.23,0.01,-9.58,35.56,-0.01,1,0,321.5,260.0,20.1,-0.4,0.03,51.5,13.26,-0.01,39.0,1251.9,9.25
140.22,CARRY,35.23,0.01,-9.58,35.57,-0.01,1,0,321.5,259.5,19.6,-0.39,0.03,50.4,13.26,-0.01,39.2,1252.4,9.438
140.27,CARRY,35.26,0.01,-9.58,35.58,-0.01,1,0,321.5,260.0,20.1,-0.4,0.03,50.2,13.26,-0.01,38.7,1253.6,9.438
140.33,CARRY,35.26,0.01,-9.58,35.6,-0.01,1,0,321.5,260.0,20.1,-0.4,0.03,48.8,13.26,-0.01,39.5,1253.6,9.562
140.38,CARRY,35.29,0.01,-9.58,35.61,-0.01,1,0,321.5,263.5,23.5,-0.47,0.03,49.3,13.26,-0.01,41.9,1252.0,9.438
140.43,CARRY,35.29,0.01,-9.58,35.62,-0.01,1,0,321.5,263.0,23.0,-0.46,0.03,48.6,13.26,-0.01,42.1,1252.5,9.438
140.48,CARRY,35.32,0.01,-9.58,35.63,-0.01,1,0,321.5,264.5,24.5,-0.49,0.03,48.9,13.26,-0.01,42.5,1252.8,9.5
140.53,CARRY,35.32,0.01,-9.58,35.65,-0.01,1,0,321.5,264.0,24.0,-0.48,0.03,49.1,13.26,-0.01,42.7,1253.3,9.562
140.58,CARRY,35.35,0.0,-9.58,35.66,-0.01,1,0,321.5,221.5,18.6,0.37,0.03,49.4,13.26,-0.01,0.7,1296.9,9.188
140.63,CARRY,35.35,0.0,-9.58,35.67,-0.01,1,0,321.5,265.5,25.5,-0.51,0.03,50.8,13.26,-0.01,44.1,1253.4,9.125
140.68,CARRY,35.37,0.01,-9.58,35.68,-0.01,1,0,321.5,221.5,18.6,0.37,0.03,51.3,13.26,-0.01,0.3,1298.0,9.062
140.73,CARRY,35.37,0.01,-9.58,35.7,-0.01,1,0,321.5,221.0,19.1,0.38,0.03,49.7,13.26,-0.01,0.3,1298.5,9.188
140.78,CARRY,35.37,0.01,-9.58,35.71,-0.01,1,0,321.5,220.5,19.6,0.39,0.03,49.0,13.26,-0.01,0.3,1299.4,9.312
140.83,CARRY,35.37,0.01,-9.58,35.72,-0.01,1,0,321.5,220.0,20.1,0.4,0.03,48.4,13.26,-0.01,0.4,1299.9,9.375
140.88,CARRY,35.37,0.01,-9.58,35.74,-0.01,1,0,321.5,263.0,23.0,-0.46,0.03,51.1,13.26,-0.01,44.1,1257.2,9.312
140.93,CARRY,35.37,0.01,-9.58,35.75,-0.01,1,0,321.5,218.0,22.1,0.44,0.03,48.3,13.26,-0.01,0.5,1301.6,9.062
140.98,CARRY,35.36,0.02,-9.58,35.76,-0.01,1,0,321.5,216.5,23.5,0.47,0.03,50.8,13.26,-0.01,0.5,1302.4,9.25
141.04,CARRY,35.36,0.02,-9.58,35.77,-0.01,1,0,322.0,216.0,24.1,0.48,0.04,50.4,13.26,-0.01,0.0,1303.0,9.188
141.09,CARRY,35.34,0.02,-9.58,35.79,-0.01,1,0,321.5,260.5,20.6,-0.41,0.03,50.6,13.26,-0.01,46.2,1257.9,9.312
141.14,CARRY,35.34,0.02,-9.58,35.8,-0.01,1,0,322.0,213.5,26.6,0.53,0.04,54.6,13.26,-0.01,0.0,1304.4,9.375
141.19,CARRY,35.32,0.03,-9.58,35.81,-0.01,1,0,322.0,259.0,19.1,-0.38,0.04,57.8,13.26,-0.01,47.3,1258.5,9.438
141.25,CARRY,35.31,0.03,-9.58,35.83,-0.01,1,0,321.5,258.0,18.1,-0.36,0.03,50.2,13.26,-0.01,48.1,1258.5,9.5
141.3,CARRY,35.31,0.03,-9.58,35.84,-0.01,1,0,322.5,208.5,31.6,0.63,0.05,50.7,13.26,-0.01,0.8,1307.5,9.5
141.36,CARRY,35.3,0.04,-9.58,35.85,-0.01,1,0,322.5,208.0,32.1,0.64,0.05,49.7,13.26,-0.01,0.6,1307.4,9.562
141.41,CARRY,35.3,0.04,-9.58,35.87,-0.01,1,0,323.0,206.5,33.6,0.67,0.06,50.7,13.26,-0.01,1.1,1308.9,9.625
141.46,CARRY,35.29,0.04,-9.58,35.88,-0.01,1,0,322.0,252.5,12.7,-0.25,0.04,50.1,13.26,-0.01,46.5,1263.0,9.688
141.51,CARRY,35.29,0.04,-9.58,35.89,-0.01,1,0,323.0,205.0,35.1,0.7,0.06,50.0,13.26,-0.01,0.9,1310.1,9.438
141.56,CARRY,35.29,0.05,-9.58,35.9,-0.01,1,0,322.0,252.0,12.2,-0.24,0.04,49.7,13.26,-0.01,47.5,1263.5,9.625
141.61,CARRY,35.29,0.05,-9.58,35.92,-0.01,1,0,323.0,204.0,36.1,0.72,0.06,49.0,13.26,-0.01,0.9,1311.1,9.625
141.66,CARRY,35.3,0.05,-9.58,35.93,-0.01,1,0,322.0,202.5,37.6,0.75,0.04,48.2,13.26,-0.01,0.8,1312.8,9.812
141.71,CARRY,35.3,0.05,-9.58,35.94,-0.01,1,0,322.5,202.0,38.1,0.76,0.05,50.7,13.26,-0.01,0.7,1313.3,9.625
141.76,CARRY,35.31,0.05,-9.58,35.96,-0.01,1,0,322.0,254.0,14.1,-0.28,0.04,58.6,13.26,-0.01,51.3,1262.7,9.625
141.82,CARRY,35.31,0.05,-9.58,35.97,-0.01,1,0,322.5,253.5,13.7,-0.27,0.05,52.5,13.26,-0.01,51.7,1263.3,9.75
141.88,CARRY,35.33,0.05,-9.58,35.98,-0.01,1,0,322.5,201.5,38.6,0.77,0.05,51.1,13.26,-0.01,0.9,1315.9,9.688
141.93,CARRY,35.33,0.05,-9.58,36.0,-0.01,1,0,322.5,254.0,14.2,-0.28,0.05,49.9,13.26,-0.01,52.4,1264.1,9.75
141.98,CARRY,35.37,0.05,-9.58,36.01,-0.01,1,0,322.0,202.0,38.1,0.76,0.04,51.5,13.26,-0.01,0.6,1317.2,8.812
142.03,CARRY,35.37,0.05,-9.58,36.02,-0.01,1,0,322.5,254.5,14.7,-0.29,0.05,50.0,13.26,-0.01,52.6,1265.4,9.125
142.08,CARRY,35.41,0.05,-9.58,36.04,-0.01,1,0,322.0,203.5,36.6,0.73,0.04,50.8,13.26,-0.01,0.1,1318.0,9.0
142.13,CARRY,35.41,0.05,-9.58,36.05,-0.01,1,0,322.5,255.0,15.2,-0.3,0.05,49.1,13.26,-0.01,52.3,1267.2,9.312
142.18,CARRY,35.45,0.05,-9.58,36.06,-0.01,1,0,322.5,204.5,35.6,0.71,0.05,49.5,13.26,-0.01,0.5,1319.7,9.5
142.24,CARRY,35.45,0.05,-9.58,36.07,-0.01,1,0,322.5,204.0,36.1,0.72,0.05,49.8,13.26,-0.01,0.4,1320.1,9.5
142.29,CARRY,35.5,0.04,-9.58,36.09,-0.01,1,0,322.0,206.0,34.1,0.68,0.04,51.0,13.26,-0.01,0.0,1321.0,9.188
142.34,CARRY,35.5,0.04,-9.58,36.1,-0.01,1,0,322.0,259.5,19.6,-0.39,0.04,48.9,13.26,-0.01,54.2,1268.2,9.0
142.39,CARRY,35.55,0.04,-9.58,36.11,-0.01,1,0,322.0,264.0,24.1,-0.48,0.04,51.9,13.26,-0.01,56.3,1266.9,9.312
142.44,CARRY,35.55,0.04,-9.58,36.12,-0.01,1,0,322.5,206.5,33.6,0.67,0.05,48.4,13.26,-0.01,0.6,1323.7,9.375
142.49,CARRY,35.61,0.03,-9.58,36.14,-0.01,1,0,322.0,265.5,25.6,-0.51,0.04,48.9,13.26,-0.01,56.0,1268.7,9.188
142.54,CARRY,35.61,0.03,-9.58,36.15,-0.01,1,0,322.0,265.5,25.6,-0.51,0.04,48.1,13.26,-0.01,56.7,1268.7,9.0
142.59,CARRY,35.67,0.03,-9.58,36.16,-0.01,1,0,322.0,269.5,29.6,-0.59,0.04,50.7,13.26,-0.01,57.9,1268.2,9.188
142.64,CARRY,35.67,0.03,-9.58,36.18,-0.01,1,0,322.5,211.0,29.1,0.58,0.05,48.6,13.26,-0.01,0.5,1326.0,9.25
142.69,CARRY,35.73,0.02,-9.58,36.19,-0.01,1,0,322.0,271.5,31.6,-0.63,0.04,50.5,13.26,-0.01,58.0,1269.6,9.375
142.74,CARRY,35.73,0.02,-9.58,36.2,-0.01,1,0,322.0,271.5,31.6,-0.63,0.04,50.6,13.26,-0.01,58.7,1269.6,9.312
142.8,CARRY,35.79,0.02,-9.58,36.21,-0.01,1,0,322.5,214.5,25.6,0.51,0.05,49.2,13.26,-0.01,1.0,1329.2,9.062
142.85,CARRY,35.79,0.02,-9.58,36.23,-0.01,1,0,322.5,214.0,26.1,0.52,0.05,50.7,13.26,-0.01,0.8,1329.7,9.188
142.9,CARRY,35.84,0.02,-9.58,36.24,-0.01,1,0,322.0,276.5,36.6,-0.73,0.04,49.4,13.26,-0.01,59.8,1270.8,9.438
142.95,CARRY,35.84,0.02,-9.58,36.25,-0.01,1,0,322.5,215.5,24.6,0.49,0.05,50.5,13.26,-0.01,0.7,1331.2,9.375
143.0,CARRY,35.88,0.01,-9.58,36.26,-0.01,1,0,322.0,218.0,22.1,0.44,0.04,50.7,13.26,-0.01,0.3,1331.0,9.188
143.05,CARRY,35.91,0.01,-9.58,36.28,-0.01,1,0,321.5,219.0,21.1,0.42,0.03,50.3,13.26,-0.01,0.4,1331.8,9.25
143.1,CARRY,35.91,0.01,-9.58,36.29,-0.01,1,0,322.0,277.0,37.1,-0.74,0.04,48.6,13.26,-0.01,59.0,1274.6,9.25
143.15,CARRY,35.93,0.01,-9.58,36.3,-0.01,1,0,321.5,280.5,40.5,-0.81,0.03,50.4,13.26,-0.01,61.8,1272.5,9.375
143.2,CARRY,35.93,0.01,-9.58,36.32,-0.01,1,0,322.0,217.5,22.6,0.45,0.04,49.0,13.26,-0.01,0.4,1334.8,9.25
143.25,CARRY,35.95,0.01,-9.58,36.33,-0.01,1,0,321.5,217.5,22.5,0.45,0.03,50.9,13.26,-0.01,0.7,1335.6,9.438
143.31,CARRY,35.95,0.01,-9.58,36.34,-0.01,1,0,322.0,217.5,22.6,0.45,0.04,50.2,13.26,-0.01,0.1,1335.7,9.375
143.36,CARRY,35.96,0.01,-9.58,36.35,-0.01,1,0,321.5,280.5,40.5,-0.81,0.03,50.7,13.26,-0.01,63.1,1274.1,9.5
143.41,CARRY,35.96,0.01,-9.58,36.37,-0.01,1,0,322.0,280.0,40.0,-0.8,0.04,50.0,13.26,-0.01,63.4,1274.7,9.562
143.46,CARRY,35.97,0.02,-9.58,36.38,-0.01,1,0,321.5,280.0,40.0,-0.8,0.03,50.1,13.26,-0.01,63.7,1275.1,9.625
143.51,CARRY,35.97,0.02,-9.58,36.39,-0.01,1,0,322.0,279.5,39.6,-0.79,0.04,50.4,13.26,-0.01,63.9,1275.6,9.625
143.56,CARRY,35.98,0.02,-9.58,36.41,-0.01,1,0,321.5,279.0,39.0,-0.78,0.03,50.8,13.26,-0.01,63.8,1276.4,9.562
143.61,CARRY,35.98,0.02,-9.58,36.42,-0.01,1,0,322.0,279.0,39.1,-0.78,0.04,49.6,13.26,-0.01,64.5,1276.5,9.625
143.67,CARRY,35.98,0.02,-9.58,36.43,-0.01,1,0,321.5,279.0,39.0,-0.78,0.03,48.7,13.26,-0.01,65.0,1276.7,9.625
143.72,CARRY,35.98,0.02,-9.58,36.44,-0.01,1,0,322.0,278.5,38.6,-0.77,0.04,51.0,13.26,-0.01,65.3,1277.3,9.688
143.77,CARRY,35.98,0.03,-9.58,36.46,-0.01,1,0,321.5,278.5,38.5,-0.77,0.03,51.0,13.26,-0.01,66.0,1277.2,9.688
143.82,CARRY,35.98,0.03,-9.58,36.47,-0.01,1,0,322.0,278.0,38.1,-0.76,0.04,48.1,13.26,-0.01,66.3,1277.7,9.688
143.87,CARRY,35.97,0.03,-9.58,36.48,-0.01,1,0,321.5,277.0,37.0,-0.74,0.03,50.7,13.26,-0.01,66.6,1278.1,9.688
143.92,CARRY,35.97,0.03,-9.58,36.49,-0.01,1,0,321.5,276.5,36.5,-0.73,0.03,47.5,13.26,-0.01,66.8,1278.6,9.812
143.97,CARRY,35.95,0.04,-9.58,36.51,-0.01,1,0,321.5,208.0,32.0,0.64,0.03,51.4,13.26,-0.01,0.4,1345.1,9.75
144.02,CARRY,35.95,0.04,-9.58,36.52,-0.01,1,0,321.5,207.0,33.0,0.66,0.03,52.6,13.26,-0.01,0.5,1346.1,9.875
144.08,CARRY,35.92,0.05,-9.57,36.53,-0.01,1,0,321.5,204.0,36.0,0.72,0.03,50.6,13.26,-0.01,0.4,1347.2,9.75
144.13,CARRY,35.92,0.05,-9.57,36.55,-0.01,1,0,321.5,203.5,36.5,0.73,0.03,50.1,13.26,-0.01,0.4,1347.7,9.812
144.18,CARRY,35.88,0.06,-9.58,36.56,-0.01,1,0,321.5,269.0,29.0,-0.58,0.03,50.4,13.26,-0.01,68.5,1280.7,9.938
144.23,CARRY,35.88,0.06,-9.58,36.57,-0.01,1,0,321.5,269.0,29.0,-0.58,0.03,49.5,13.26,-0.01,69.3,1280.7,9.875
144.28,CARRY,35.83,0.07,-9.58,36.58,-0.01,1,0,321.5,265.5,25.5,-0.51,0.03,50.9,13.26,-0.01,69.2,1281.5,9.812
144.33,CARRY,35.83,0.07,-9.58,36.6,-0.01,1,0,321.5,265.5,25.5,-0.51,0.03,48.2,13.26,-0.01,70.0,1281.5,9.75
144.38,CARRY,35.79,0.08,-9.58,36.61,-0.01,1,0,321.5,261.0,21.1,-0.42,0.03,48.9,13.26,-0.01,68.9,1283.3,9.875
144.43,CARRY,35.79,0.08,-9.58,36.62,-0.01,1,0,321.5,261.5,21.6,-0.43,0.03,50.1,13.26,-0.01,70.1,1282.8,9.938
144.48,CARRY,35.74,0.09,-9.58,36.64,-0.01,1,0,321.5,187.5,52.5,1.05,0.03,50.1,13.26,-0.01,0.6,1353.2,10.062
144.54,CARRY,35.74,0.09,-9.58,36.65,-0.01,1,0,321.5,258.0,18.1,-0.36,0.03,48.9,13.26,-0.01,70.8,1283.6,10.0
144.59,CARRY,35.7,0.1,-9.58,36.66,-0.01,1,0,321.5,256.0,16.1,-0.32,0.03,49.5,13.26,-0.01,72.1,1283.0,9.812
144.64,CARRY,35.7,0.1,-9.58,36.67,-0.01,1,0,321.5,255.5,15.6,-0.31,0.03,48.2,13.26,-0.01,72.3,1283.5,9.875
144.69,CARRY,35.65,0.12,-9.58,36.69,-0.01,1,0,321.5,252.0,12.1,-0.24,0.03,51.2,13.26,-0.01,72.2,1284.4,9.812
144.74,CARRY,35.65,0.12,-9.58,36.7,-0.01,1,0,322.0,178.5,61.5,1.23,0.04,50.0,13.26,-0.01,0.6,1357.0,10.062
144.79,CARRY,35.61,0.13,-9.58,36.71,-0.01,1,0,321.5,248.5,8.6,-0.17,0.03,50.7,13.26,-0.01,72.7,1285.4,10.125
144.84,CARRY,35.61,0.13,-9.58,36.72,-0.01,1,0,322.0,248.5,8.7,-0.17,0.04,48.1,13.26,-0.01,73.4,1285.4,10.0
144.89,CARRY,35.57,0.14,-9.58,36.74,-0.01,1,0,321.5,246.0,6.2,-0.12,0.03,48.7,13.26,-0.01,74.0,1285.5,9.938
144.94,CARRY,35.57,0.14,-9.58,36.75,-0.01,1,0,322.0,170.5,69.5,1.39,0.04,51.0,13.26,-0.01,0.7,1360.1,10.062
144.99,CARRY,35.53,0.15,-9.58,36.76,-0.01,1,0,321.5,243.0,3.4,-0.06,0.03,49.2,13.26,-0.01,74.7,1286.3,9.75
145.04,CARRY,35.53,0.15,-9.58,36.78,-0.01,1,0,322.0,167.0,73.0,1.46,0.04,48.4,13.26,-0.01,0.6,1361.4,9.875
145.09,CARRY,35.5,0.15,-9.58,36.79,-0.01,1,0,321.5,239.5,1.6,0.01,0.03,50.7,13.26,-0.01,74.6,1287.9,9.812
145.15,CARRY,35.5,0.15,-9.58,36.8,-0.01,1,0,322.0,163.5,76.5,1.53,0.04,49.5,13.26,-0.01,0.6,1363.0,9.938
145.2,CARRY,35.47,0.16,-9.58,36.81,-0.01,1,0,321.5,238.0,2.5,0.04,0.03,50.2,13.26,-0.01,76.3,1287.7,10.125
145.25,CARRY,35.47,0.16,-9.58,36.83,-0.01,1,0,322.0,237.5,3.2,0.05,0.04,50.2,13.26,-0.01,76.5,1288.3,10.062
145.3,CARRY,35.45,0.17,-9.58,36.84,-0.01,1,0,322.0,159.0,81.0,1.62,0.04,50.8,13.26,-0.01,0.1,1364.4,10.125
145.35,CARRY,35.43,0.18,-9.58,36.85,-0.01,1,0,321.5,232.0,8.1,0.16,0.03,50.4,13.26,-0.01,74.9,1291.3,9.875
145.4,CARRY,35.43,0.18,-9.58,36.86,-0.01,1,0,322.0,234.0,6.3,0.12,0.04,50.1,13.26,-0.01,77.7,1289.4,9.875
145.45,CARRY,35.42,0.18,-9.58,36.88,-0.01,1,0,322.5,154.5,85.5,1.71,0.05,50.4,13.26,-0.01,0.6,1367.2,10.0
145.5,CARRY,35.42,0.18,-9.58,36.89,-0.01,1,0,322.0,230.5,9.7,0.19,0.04,48.1,13.26,-0.01,76.4,1292.1,9.875
145.55,CARRY,35.41,0.18,-9.58,36.9,-0.01,1,0,322.0,152.5,87.5,1.75,0.04,48.7,13.26,-0.01,0.4,1368.7,9.75
145.6,CARRY,35.41,0.18,-9.58,36.92,-0.01,1,0,322.5,229.5,10.8,0.21,0.05,48.8,13.26,-0.01,77.3,1292.8,9.875
145.65,CARRY,35.41,0.19,-9.58,36.93,-0.01,1,0,322.0,151.0,89.0,1.78,0.04,50.9,13.26,-0.01,0.3,1370.0,9.625
145.71,CARRY,35.41,0.19,-9.58,36.94,-0.01,1,0,322.5,229.0,11.3,0.22,0.05,51.2,13.26,-0.01,78.4,1293.1,9.875
145.76,CARRY,35.41,0.19,-9.58,36.95,-0.01,1,0,322.5,149.5,90.5,1.81,0.05,49.7,13.26,-0.01,0.6,1371.7,9.625
145.81,CARRY,35.41,0.19,-9.58,36.97,-0.01,1,0,322.5,228.0,12.3,0.24,0.05,49.4,13.26,-0.01,78.8,1294.2,9.875
145.86,CARRY,35.42,0.19,-9.58,36.98,-0.01,1,0,322.5,148.5,91.5,1.83,0.05,49.4,13.26,-0.01,0.5,1373.1,9.812
145.91,CARRY,35.42,0.19,-9.58,36.99,-0.01,1,0,322.5,227.5,12.7,0.25,0.05,50.6,13.26,-0.01,79.3,1295.1,9.938
145.96,CARRY,35.43,0.19,-9.58,37.0,-0.01,1,0,322.5,147.5,92.5,1.85,0.05,50.8,13.26,-0.01,0.6,1374.8,9.938
146.01,CARRY,35.43,0.19,-9.58,37.02,-0.01,1,0,322.5,230.0,10.3,0.2,0.05,49.3,13.26,-0.01,82.7,1293.4,9.938
146.06,CARRY,35.45,0.19,-9.58,37.03,-0.01,1,0,322.5,147.0,93.0,1.86,0.05,49.2,13.26,-0.01,0.6,1376.3,10.0
146.11,CARRY,35.45,0.19,-9.58,37.04,-0.01,1,0,322.5,146.5,93.5,1.87,0.05,48.0,13.26,-0.01,0.4,1376.8,9.938
146.16,CARRY,35.47,0.19,-9.58,37.06,-0.01,1,0,322.5,230.5,9.8,0.19,0.05,51.4,13.26,-0.01,83.1,1295.1,10.0
146.22,CARRY,35.47,0.19,-9.58,37.07,-0.01,1,0,322.5,146.0,94.0,1.88,0.05,48.3,13.26,-0.01,0.7,1378.5,10.062
146.27,CARRY,35.5,0.19,-9.58,37.08,-0.01,1,0,322.5,231.0,9.3,0.18,0.05,51.2,13.26,-0.01,83.5,1296.2,9.875
146.32,CARRY,35.5,0.19,-9.58,37.09,-0.01,1,0,322.5,146.5,93.5,1.87,0.05,50.2,13.26,-0.01,0.3,1379.6,10.0
146.37,CARRY,35.53,0.19,-9.58,37.11,-0.01,1,0,322.5,231.0,9.3,0.18,0.05,50.5,13.26,-0.01,83.1,1298.1,9.625
146.42,CARRY,35.53,0.19,-9.58,37.12,-0.01,1,0,322.5,146.5,93.5,1.87,0.05,48.2,13.26,-0.01,0.7,1381.6,9.688
146.47,CARRY,35.57,0.19,-9.58,37.13,-0.01,1,0,322.5,149.0,91.0,1.82,0.05,48.6,13.26,-0.01,0.2,1381.5,10.0
146.52,CARRY,35.57,0.19,-9.58,37.14,-0.01,1,0,322.5,231.0,9.3,0.18,0.05,48.2,13.26,-0.01,82.8,1300.5,9.875
146.57,CARRY,35.62,0.19,-9.58,37.16,-0.01,1,0,322.5,149.5,90.5,1.81,0.05,48.8,13.26,-0.01,0.8,1383.9,10.0
146.62,CARRY,35.62,0.19,-9.58,37.17,-0.01,1,0,322.5,235.5,5.1,0.09,0.05,48.2,13.26,-0.01,85.9,1299.0,10.062
146.67,CARRY,35.68,0.18,-9.58,37.18,-0.01,1,0,323.0,152.0,88.1,1.76,0.06,48.8,13.26,-0.01,0.7,1384.9,9.688
146.72,CARRY,35.68,0.18,-9.58,37.19,-0.01,1,0,322.5,151.5,88.5,1.77,0.05,49.3,13.26,-0.01,0.1,1385.3,10.0
146.77,CARRY,35.75,0.17,-9.58,37.21,-0.01,1,0,322.5,155.0,85.0,1.7,0.05,49.5,13.26,-0.01,0.2,1385.8,10.0
146.82,CARRY,35.75,0.17,-9.58,37.22,-0.01,1,0,322.5,241.0,2.7,-0.02,0.05,51.9,13.26,-0.01,86.8,1301.0,9.938
146.88,CARRY,35.83,0.17,-9.58,37.23,-0.01,1,0,322.5,158.0,82.0,1.64,0.05,51.3,13.26,-0.01,0.2,1387.6,9.938
146.93,CARRY,35.83,0.17,-9.58,37.25,-0.01,1,0,323.0,157.5,82.6,1.65,0.06,53.0,13.26,-0.01,0.5,1388.2,10.062
146.98,CARRY,35.92,0.15,-9.58,37.26,-0.01,1,0,322.5,162.0,78.0,1.56,0.05,51.4,13.26,-0.01,0.2,1389.1,10.0
147.03,CARRY,35.92,0.15,-9.58,37.27,-0.01,1,0,322.5,161.0,79.0,1.58,0.05,49.4,13.26,-0.01,0.4,1390.1,9.875
147.08,CARRY,36.03,0.14,-9.58,37.29,-0.01,1,0,322.5,167.0,73.0,1.46,0.05,51.2,13.26,-0.01,0.2,1390.4,9.625
147.14,CARRY,36.03,0.14,-9.58,37.3,-0.01,1,0,322.5,166.0,74.0,1.48,0.05,48.5,13.26,-0.01,0.1,1391.4,9.625
147.19,CARRY,36.15,0.13,-9.58,37.31,-0.01,1,0,322.5,172.0,68.0,1.36,0.05,50.8,13.26,-0.01,0.3,1392.2,9.688
147.24,CARRY,36.15,0.13,-9.58,37.32,-0.01,1,0,322.5,171.5,68.5,1.37,0.05,50.1,13.26,-0.01,0.0,1392.7,9.688
147.29,CARRY,36.28,0.11,-9.58,37.34,-0.01,1,0,322.5,178.0,62.1,1.24,0.05,50.1,13.26,-0.01,0.3,1393.6,9.312
147.34,CARRY,36.28,0.11,-9.58,37.35,-0.01,1,0,322.5,177.5,62.5,1.25,0.05,48.5,13.26,-0.01,0.1,1394.1,9.25
147.39,CARRY,36.41,0.1,-9.58,37.36,-0.01,1,0,322.5,184.0,56.1,1.12,0.05,49.6,13.26,-0.01,0.5,1395.3,9.188
147.44,CARRY,36.41,0.1,-9.58,37.37,-0.01,1,0,322.5,183.5,56.6,1.13,0.05,52.6,13.26,-0.01,0.3,1395.8,9.188
147.5,CARRY,36.54,0.08,-9.58,37.39,-0.01,1,0,322.5,191.0,49.1,0.98,0.05,50.9,13.26,-0.01,0.3,1396.2,9.125
147.55,CARRY,36.54,0.08,-9.58,37.4,-0.01,1,0,322.5,190.0,50.1,1.0,0.05,49.2,13.26,-0.01,0.2,1397.2,9.188
147.6,CARRY,36.68,0.06,-9.58,37.41,-0.01,1,0,322.5,197.5,42.6,0.85,0.05,51.0,13.26,-0.01,0.3,1397.5,9.125
147.65,CARRY,36.68,0.06,-9.58,37.43,-0.01,1,0,322.5,196.5,43.6,0.87,0.05,47.8,13.26,-0.01,0.1,1398.5,9.188
147.7,CARRY,36.81,0.04,-9.58,37.44,-0.01,1,0,322.5,203.5,36.6,0.73,0.05,50.8,13.26,-0.01,0.2,1399.3,9.125
147.75,CARRY,36.94,0.03,-9.58,37.45,-0.01,1,0,322.5,209.5,30.6,0.61,0.05,51.9,13.26,-0.01,0.8,1400.8,9.0
147.8,CARRY,36.94,0.03,-9.58,37.47,-0.01,1,0,322.5,209.5,30.6,0.61,0.05,48.7,13.26,-0.01,0.2,1400.8,9.062
147.85,CARRY,37.06,0.01,-9.58,37.48,-0.01,1,0,322.0,216.0,24.1,0.48,0.04,51.0,13.26,-0.01,0.2,1401.3,8.875
147.91,CARRY,37.06,0.01,-9.58,37.49,-0.01,1,0,322.5,215.0,25.1,0.5,0.05,48.9,13.26,-0.01,0.3,1402.4,8.875
147.96,CARRY,37.17,0.0,-9.58,37.5,-0.01,1,0,322.0,220.5,19.6,0.39,0.04,49.5,13.26,-0.01,0.5,1403.5,8.812
148.01,CARRY,37.17,0.0,-9.58,37.52,-0.01,1,0,323.0,220.0,20.2,0.4,0.06,49.4,13.26,-0.01,0.8,1404.2,8.812
148.06,CARRY,37.28,-0.01,-9.58,37.53,-0.01,1,0,322.0,225.0,15.1,0.3,0.04,48.7,13.26,-0.01,0.6,1405.1,8.625
148.11,CARRY,37.28,-0.01,-9.58,37.54,-0.01,1,0,322.5,224.5,15.7,0.31,0.05,48.4,13.26,-0.01,0.5,1405.7,8.625
148.16,CARRY,37.37,-0.02,-9.57,37.55,-0.01,1,0,322.0,229.0,11.2,0.22,0.04,50.8,13.26,-0.01,0.7,1406.7,8.562
148.21,CARRY,37.37,-0.02,-9.57,37.57,-0.01,1,0,322.5,228.5,11.8,0.23,0.05,48.4,13.26,-0.01,0.6,1407.3,8.625
148.26,CARRY,37.46,-0.03,-9.57,37.58,-0.01,1,0,321.5,233.0,7.2,0.14,0.03,48.9,13.26,-0.01,0.4,1407.5,8.562
148.31,CARRY,37.46,-0.03,-9.57,37.59,-0.01,1,0,322.0,232.5,7.8,0.15,0.04,50.2,13.26,-0.01,0.2,1408.1,8.625
148.36,CARRY,37.53,-0.03,-9.57,37.6,-0.01,1,0,321.5,236.0,4.3,0.08,0.03,50.0,13.26,-0.01,0.3,1408.9,8.562
148.41,CARRY,37.53,-0.03,-9.57,37.62,-0.01,1,0,321.5,235.0,5.2,0.1,0.03,48.2,13.26,-0.01,0.5,1409.9,8.625
148.46,CARRY,37.59,-0.04,-9.57,37.63,-0.01,1,0,321.5,238.0,2.5,0.04,0.03,51.8,13.26,-0.01,0.3,1410.6,8.562
148.51,CARRY,37.59,-0.04,-9.57,37.64,-0.01,1,0,321.5,237.5,2.9,0.05,0.03,50.4,13.26,-0.01,0.3,1411.1,8.562
148.57,CARRY,37.65,-0.04,-9.57,37.66,-0.01,1,0,321.5,240.0,1.5,-0.0,0.03,50.7,13.26,-0.01,0.2,1411.9,8.5
148.62,CARRY,37.65,-0.04,-9.57,37.67,-0.01,1,0,321.5,239.0,1.8,0.02,0.03,49.9,13.26,-0.01,0.3,1412.9,8.562
148.67,CARRY,37.7,-0.04,-9.57,37.68,-0.01,1,0,321.5,241.5,2.1,-0.03,0.03,48.8,13.26,-0.01,0.4,1413.1,8.625
148.72,CARRY,37.7,-0.04,-9.57,37.69,-0.01,1,0,321.5,240.5,1.6,-0.01,0.03,50.0,13.26,-0.01,0.2,1414.1,8.625
148.77,CARRY,37.74,-0.04,-9.57,37.71,-0.01,1,0,321.5,242.5,2.9,-0.05,0.03,50.4,13.26,-0.01,0.6,1414.3,8.688
148.82,CARRY,37.74,-0.04,-9.57,37.72,-0.01,1,0,321.5,241.5,2.1,-0.03,0.03,49.3,13.26,-0.01,0.3,1415.3,8.75
148.87,CARRY,37.77,-0.04,-9.57,37.73,-0.01,1,0,321.5,242.0,2.5,-0.04,0.03,50.1,13.26,-0.01,0.3,1416.7,8.75
148.92,CARRY,37.77,-0.04,-9.57,37.75,-0.01,1,0,321.5,241.5,2.1,-0.03,0.03,50.2,13.26,-0.01,0.0,1417.2,8.75
148.97,CARRY,37.79,-0.04,-9.57,37.76,-0.01,1,0,321.5,242.5,2.9,-0.05,0.03,49.3,13.26,-0.01,0.3,1417.7,8.812
149.02,CARRY,37.79,-0.04,-9.57,37.77,-0.01,1,0,321.5,241.5,2.1,-0.03,0.03,49.1,13.26,-0.01,0.1,1418.7,8.812
149.07,CARRY,37.81,-0.04,-9.57,37.78,-0.01,1,0,321.5,242.0,2.5,-0.04,0.03,48.8,13.26,-0.01,0.3,1419.4,8.875
149.12,CARRY,37.81,-0.04,-9.57,37.8,-0.01,1,0,321.5,241.5,2.1,-0.03,0.03,50.5,13.26,-0.01,0.2,1419.9,8.812
149.18,CARRY,37.83,-0.04,-9.57,37.81,-0.01,1,0,321.5,241.5,2.1,-0.03,0.03,49.1,13.26,-0.01,0.3,1420.8,8.875
149.23,CARRY,37.83,-0.04,-9.57,37.82,-0.01,1,0,321.5,241.5,2.1,-0.03,0.03,50.6,13.26,-0.01,0.7,1420.8,8.812
149.28,CARRY,37.84,-0.03,-9.58,37.83,-0.01,1,0,321.5,241.0,1.8,-0.02,0.03,49.9,13.26,-0.01,0.5,1422.0,8.812
149.33,CARRY,37.84,-0.03,-9.58,37.85,-0.01,1,0,321.5,240.0,1.5,-0.0,0.03,49.8,13.26,-0.01,0.3,1423.0,8.812
149.38,CARRY,37.85,-0.03,-9.58,37.86,-0.01,1,0,321.5,240.0,1.5,-0.0,0.03,50.5,13.26,-0.01,0.4,1423.6,8.875
149.43,CARRY,37.85,-0.03,-9.58,37.87,-0.01,1,0,321.5,239.0,1.8,0.02,0.03,49.3,13.26,-0.01,0.4,1424.6,8.938
149.48,CARRY,37.86,-0.03,-9.58,37.88,-0.01,1,0,321.5,239.0,1.8,0.02,0.03,50.6,13.26,-0.01,0.5,1425.1,8.938
149.53,CARRY,37.86,-0.03,-9.58,37.9,-0.01,1,0,321.5,238.0,2.5,0.04,0.03,49.3,13.26,-0.01,0.4,1426.0,8.875
149.58,CARRY,37.87,-0.03,-9.58,37.91,-0.01,1,0,321.5,238.0,2.5,0.04,0.03,50.2,13.26,-0.01,0.5,1426.5,8.875
149.63,CARRY,37.87,-0.03,-9.58,37.92,-0.01,1,0,321.5,237.0,3.4,0.06,0.03,49.7,13.26,-0.01,0.4,1427.4,8.938
149.68,CARRY,37.88,-0.02,-9.58,37.94,-0.01,1,0,321.5,236.5,3.8,0.07,0.03,50.6,13.26,-0.01,0.5,1428.3,8.875
149.74,CARRY,37.88,-0.02,-9.58,37.95,-0.01,1,0,321.5,236.0,4.3,0.08,0.03,48.5,13.26,-0.01,0.4,1428.8,8.875
149.79,CARRY,37.88,-0.02,-9.58,37.96,-0.01,1,0,321.5,235.5,4.7,0.09,0.03,49.3,13.26,-0.01,0.5,1429.6,8.875
149.84,CARRY,37.88,-0.02,-9.58,37.97,-0.01,1,0,321.5,235.0,5.2,0.1,0.03,50.2,13.26,-0.01,0.4,1430.1,8.812
149.89,CARRY,37.89,-0.02,-9.58,37.99,-0.01,1,0,321.5,234.5,5.7,0.11,0.03,50.7,13.26,-0.01,0.5,1430.9,8.75
149.94,CARRY,37.89,-0.02,-9.58,38.0,-0.01,1,0,321.5,234.0,6.2,0.12,0.03,47.8,13.26,-0.01,0.5,1431.4,8.75
149.99,CARRY,37.89,-0.01,-9.58,38.01,-0.01,1,0,321.5,233.5,6.7,0.13,0.03,49.6,13.26,-0.01,0.5,1432.3,8.75
