t_s,state,copter_n,copter_e,copter_d,rover_n,rover_e,in_fov,occluded,bbox_cx,bbox_cy,px_err,vx_cmd,vy_cmd,loop_ms,dist_n,dist_e,d_true_px,d_dist_px,carry_score
0.0,ACQUIRE,0.01,-0.01,-8.81,0.51,-0.01,1,0,,,,0.0,0.0,4.8,,,,,
0.05,ACQUIRE,0.01,-0.01,-8.92,0.56,-0.01,1,0,,,,0.0,0.0,1.6,,,,,
0.1,ACQUIRE,0.01,-0.01,-8.92,0.61,-0.01,1,0,,,,0.0,0.0,0.8,,,,,
0.15,ACQUIRE,0.01,-0.01,-9.03,0.66,-0.01,1,0,,,,0.0,0.0,1.5,,,,,
0.2,ACQUIRE,0.01,-0.01,-9.03,0.71,-0.01,1,0,,,,0.0,0.0,0.8,,,,,
0.25,ACQUIRE,0.01,-0.01,-9.13,0.76,-0.01,1,0,,,,0.0,0.0,1.4,,,,,
0.3,ACQUIRE,0.01,-0.01,-9.13,0.81,-0.01,1,0,,,,0.0,0.0,0.8,,,,,
0.35,ACQUIRE,0.01,-0.01,-9.22,0.86,-0.01,1,0,,,,0.8,0.09,2.5,,,,,
0.4,ACQUIRE,0.01,-0.01,-9.22,0.91,-0.01,1,0,,,,0.83,0.1,1.8,,,,,
0.45,ACQUIRE,0.01,-0.01,-9.3,0.97,-0.01,1,0,,,,0.86,0.09,2.5,,,,,
0.5,ACQUIRE,0.01,-0.01,-9.3,1.02,-0.01,1,0,,,,0.89,0.1,1.8,,,,,
0.55,ACQUIRE,0.01,-0.01,-9.38,1.07,-0.01,1,0,,,,0.91,0.11,2.5,,,,,
0.6,ACQUIRE,0.01,-0.01,-9.38,1.12,-0.01,1,0,,,,0.94,0.11,1.8,,,,,
0.65,ACQUIRE,0.01,-0.01,-9.44,1.17,-0.01,1,0,,,,0.96,0.11,2.4,,,,,
0.7,ACQUIRE,0.01,-0.01,-9.44,1.22,-0.01,1,0,,,,0.99,0.12,1.7,,,,,
0.75,ACQUIRE,0.02,-0.01,-9.49,1.27,-0.01,1,0,,,,1.0,0.11,2.4,,,,,
0.8,ACQUIRE,0.02,-0.01,-9.49,1.32,-0.01,1,0,,,,1.03,0.12,1.8,,,,,
0.85,ACQUIRE,0.05,-0.01,-9.53,1.37,-0.01,1,0,,,,1.3,0.17,2.3,,,,,
0.9,ACQUIRE,0.05,-0.01,-9.53,1.42,-0.01,1,0,,,,1.33,0.17,1.7,,,,,
0.95,ACQUIRE,0.09,-0.01,-9.56,1.47,-0.01,1,0,,,,1.33,0.17,2.2,,,,,
1.0,ACQUIRE,0.09,-0.01,-9.56,1.52,-0.01,1,0,,,,1.35,0.17,1.8,,,,,
1.05,ACQUIRE,0.14,-0.01,-9.58,1.57,-0.01,1,0,,,,1.32,0.17,2.6,,,,,
1.1,ACQUIRE,0.14,-0.01,-9.58,1.62,-0.01,1,0,,,,1.35,0.18,1.9,,,,,
1.15,ACQUIRE,0.2,-0.01,-9.58,1.67,-0.01,1,0,,,,1.3,0.17,2.5,,,,,
1.2,ACQUIRE,0.2,-0.01,-9.58,1.72,-0.01,1,0,,,,1.33,0.17,1.8,,,,,
1.25,ACQUIRE,0.28,-0.01,-9.59,1.77,-0.01,1,0,,,,1.26,0.17,2.5,,,,,
1.3,ACQUIRE,0.28,-0.01,-9.59,1.82,-0.01,1,0,,,,1.29,0.17,1.7,,,,,
1.35,ACQUIRE,0.37,-0.01,-9.59,1.87,-0.01,1,0,,,,1.52,0.2,2.4,,,,,
1.4,ACQUIRE,0.37,-0.01,-9.59,1.92,-0.01,1,0,,,,1.55,0.2,1.7,,,,,
1.45,ACQUIRE,0.47,-0.01,-9.58,1.97,-0.01,1,0,,,,1.46,0.19,2.3,,,,,
1.5,ACQUIRE,0.47,-0.01,-9.58,2.02,-0.01,1,0,,,,1.49,0.19,1.8,,,,,
1.55,ACQUIRE,0.57,-0.01,-9.57,2.07,-0.01,1,0,,,,1.39,0.18,2.3,,,,,
1.6,ACQUIRE,0.57,-0.01,-9.57,2.12,-0.01,1,0,,,,1.41,0.18,1.7,,,,,
1.65,ACQUIRE,0.69,-0.01,-9.57,2.17,-0.01,1,0,,,,1.29,0.17,2.3,,,,,
1.7,ACQUIRE,0.69,-0.01,-9.57,2.22,-0.01,1,0,,,,1.29,0.17,1.7,,,,,
1.75,ACQUIRE,0.81,-0.01,-9.56,2.27,-0.01,1,0,,,,1.16,0.16,2.5,,,,,
1.8,ACQUIRE,0.81,-0.01,-9.56,2.32,-0.01,1,0,,,,1.16,0.16,1.8,,,,,
1.85,ACQUIRE,0.94,-0.01,-9.55,2.37,-0.01,1,0,,,,1.43,0.18,2.4,,,,,
1.9,ACQUIRE,0.94,-0.01,-9.55,2.42,-0.01,1,0,,,,1.46,0.19,1.8,,,,,
1.95,ACQUIRE,1.07,-0.01,-9.55,2.47,-0.01,1,0,,,,1.35,0.17,2.4,,,,,
2.0,ACQUIRE,1.07,-0.01,-9.55,2.52,-0.01,1,0,,,,1.38,0.17,1.8,,,,,
2.05,ACQUIRE,1.2,-0.01,-9.54,2.57,-0.01,1,0,,,,1.22,0.15,2.3,,,,,
2.1,ACQUIRE,1.2,-0.01,-9.54,2.62,-0.01,1,0,,,,1.22,0.15,1.7,,,,,
2.15,ACQUIRE,1.33,-0.01,-9.54,2.67,-0.01,1,0,,,,1.08,0.15,2.3,,,,,
2.2,ACQUIRE,1.33,-0.01,-9.54,2.72,-0.01,1,0,,,,1.08,0.15,1.8,,,,,
2.25,ACQUIRE,1.46,-0.01,-9.54,2.77,-0.01,1,0,,,,0.92,0.12,2.3,,,,,
2.3,ACQUIRE,1.46,-0.01,-9.54,2.82,-0.01,1,0,,,,0.92,0.13,1.9,,,,,
2.35,ACQUIRE,1.59,-0.01,-9.54,2.87,-0.01,1,0,,,,1.26,0.15,2.2,,,,,
2.4,ACQUIRE,1.59,-0.01,-9.54,2.92,-0.01,1,0,,,,1.29,0.15,4.7,,,,,
2.45,ACQUIRE,1.72,-0.01,-9.54,2.97,-0.01,1,0,,,,1.17,0.14,2.5,,,,,
2.5,ACQUIRE,1.72,-0.01,-9.54,3.02,-0.01,1,0,,,,1.2,0.14,1.8,,,,,
2.55,ACQUIRE,1.85,-0.01,-9.54,3.07,-0.01,1,0,,,,1.09,0.14,2.4,,,,,
2.6,ACQUIRE,1.85,-0.01,-9.54,3.12,-0.01,1,0,,,,1.11,0.14,1.8,,,,,
2.65,ACQUIRE,1.97,-0.01,-9.54,3.17,-0.01,1,0,,,,0.96,0.12,2.5,,,,,
2.7,ACQUIRE,1.97,-0.01,-9.54,3.22,-0.01,1,0,,,,0.96,0.13,1.7,,,,,
2.75,ACQUIRE,2.09,-0.01,-9.54,3.27,-0.01,1,0,,,,0.82,0.11,2.4,,,,,
2.8,ACQUIRE,2.09,-0.01,-9.54,3.32,-0.01,1,0,,,,0.82,0.12,1.7,,,,,
2.85,ACQUIRE,2.21,-0.01,-9.54,3.37,-0.01,1,0,,,,1.14,0.13,2.4,,,,,
2.9,ACQUIRE,2.21,-0.01,-9.54,3.42,-0.01,1,0,,,,1.16,0.13,1.6,,,,,
2.95,ACQUIRE,2.32,-0.01,-9.54,3.47,-0.01,1,0,,,,1.07,0.12,2.4,,,,,
3.0,ACQUIRE,2.32,-0.01,-9.54,3.52,-0.01,1,0,,,,1.09,0.12,1.8,,,,,
3.05,ACQUIRE,2.43,-0.01,-9.54,3.57,-0.01,1,0,,,,0.99,0.11,2.3,,,,,
3.1,ACQUIRE,2.43,-0.01,-9.54,3.62,-0.01,1,0,,,,1.02,0.11,1.7,,,,,
3.15,ACQUIRE,2.54,-0.01,-9.55,3.67,-0.01,1,0,,,,0.92,0.11,2.3,,,,,
3.2,ACQUIRE,2.54,-0.01,-9.55,3.72,-0.01,1,0,,,,0.95,0.11,1.7,,,,,
3.25,ACQUIRE,2.65,-0.01,-9.55,3.77,-0.01,1,0,,,,0.85,0.08,2.5,,,,,
3.3,ACQUIRE,2.65,-0.01,-9.55,3.82,-0.01,1,0,,,,0.85,0.09,2.0,,,,,
3.35,ACQUIRE,2.76,-0.01,-9.55,3.87,-0.01,1,0,,,,1.09,0.13,2.4,,,,,
3.41,ACQUIRE,2.76,-0.01,-9.55,3.92,-0.01,1,0,,,,1.11,0.14,1.7,,,,,
3.46,ACQUIRE,2.86,-0.01,-9.55,3.97,-0.01,1,0,,,,1.02,0.12,2.4,,,,,
3.51,ACQUIRE,2.86,-0.01,-9.55,4.02,-0.01,1,0,,,,1.05,0.13,1.8,,,,,
3.56,ACQUIRE,2.96,-0.01,-9.55,4.07,-0.01,1,0,,,,0.95,0.11,2.4,,,,,
3.61,ACQUIRE,2.96,-0.01,-9.55,4.12,-0.01,1,0,,,,0.98,0.12,1.7,,,,,
3.66,ACQUIRE,3.06,-0.01,-9.56,4.17,-0.01,1,0,,,,0.9,0.1,2.3,,,,,
3.71,ACQUIRE,3.06,-0.01,-9.56,4.22,-0.01,1,0,,,,0.93,0.11,1.7,,,,,
3.76,ACQUIRE,3.17,-0.01,-9.56,4.27,-0.01,1,0,,,,0.84,0.11,2.3,,,,,
3.81,ACQUIRE,3.17,-0.01,-9.56,4.32,-0.01,1,0,,,,0.87,0.11,1.8,,,,,
3.86,ACQUIRE,3.27,-0.01,-9.56,4.37,-0.01,1,0,,,,1.06,0.13,2.2,,,,,
3.91,ACQUIRE,3.27,-0.01,-9.56,4.42,-0.01,1,0,,,,1.09,0.13,1.7,,,,,
3.96,ACQUIRE,3.37,-0.02,-9.56,4.47,-0.01,1,0,,,,1.0,0.13,2.4,,,,,
4.01,ACQUIRE,3.37,-0.02,-9.56,4.52,-0.01,1,0,,,,1.02,0.13,1.7,,,,,
4.06,ACQUIRE,3.47,-0.02,-9.56,4.57,-0.01,1,0,,,,0.95,0.13,2.5,,,,,
4.11,ACQUIRE,3.47,-0.02,-9.56,4.62,-0.01,1,0,,,,0.97,0.13,1.7,,,,,
4.16,ACQUIRE,3.57,-0.02,-9.56,4.67,-0.01,1,0,,,,0.89,0.12,2.5,,,,,
4.21,ACQUIRE,3.57,-0.02,-9.56,4.72,-0.01,1,0,,,,0.91,0.12,1.9,,,,,
4.26,ACQUIRE,3.67,-0.02,-9.56,4.77,-0.01,1,0,,,,0.83,0.11,2.6,,,,,
4.31,ACQUIRE,3.67,-0.02,-9.56,4.82,-0.01,1,0,,,,0.85,0.11,1.7,,,,,
4.36,ACQUIRE,3.77,-0.02,-9.56,4.87,-0.01,1,0,,,,1.06,0.14,2.3,,,,,
4.41,ACQUIRE,3.77,-0.02,-9.56,4.92,-0.01,1,0,,,,1.08,0.14,1.7,,,,,
4.46,ACQUIRE,3.87,-0.02,-9.57,4.97,-0.01,1,0,,,,1.01,0.13,2.3,,,,,
4.51,ACQUIRE,3.87,-0.02,-9.57,5.02,-0.01,1,0,,,,1.04,0.13,1.8,,,,,
4.56,ACQUIRE,3.97,-0.02,-9.57,5.07,-0.01,1,0,,,,0.96,0.13,2.3,,,,,
4.61,ACQUIRE,3.97,-0.02,-9.57,5.12,-0.01,1,0,,,,0.99,0.14,1.8,,,,,
4.66,CARRY,4.06,-0.03,-9.57,5.17,-0.01,1,0,,,,0.488,0.193,618.1,,,,,
5.28,CARRY,4.66,-0.03,-9.57,5.79,-0.01,1,0,329.0,175.5,65.1,1.29,0.18,57.1,,,,,10.062
5.33,CARRY,4.66,-0.03,-9.57,5.85,-0.01,1,0,329.0,172.5,68.1,1.35,0.18,49.1,,,,,10.0
5.38,CARRY,4.76,-0.03,-9.57,5.9,-0.01,1,0,329.0,175.0,65.6,1.3,0.18,55.8,,,,,9.938
5.44,CARRY,4.86,-0.03,-9.57,5.96,-0.01,1,0,328.5,178.0,62.6,1.24,0.17,49.4,,,,,9.688
5.49,CARRY,4.86,-0.03,-9.57,6.01,-0.01,1,0,329.0,174.5,66.1,1.31,0.18,54.2,,,,,9.75
5.55,CARRY,4.96,-0.02,-9.57,6.06,-0.01,1,0,328.5,177.5,63.1,1.25,0.17,48.9,,,,,9.688
5.6,CARRY,4.96,-0.02,-9.57,6.11,-0.01,1,0,329.0,174.5,66.1,1.31,0.18,54.0,,,,,9.875
5.65,CARRY,5.06,-0.02,-9.57,6.17,-0.01,1,0,328.5,177.0,63.6,1.26,0.17,49.1,,,,,9.688
5.7,CARRY,5.06,-0.02,-9.57,6.22,-0.01,1,0,328.5,174.0,66.5,1.32,0.17,54.4,,,,,9.625
5.76,CARRY,5.17,-0.02,-9.57,6.27,-0.01,1,0,328.5,177.0,63.6,1.26,0.17,49.6,,,,,9.625
5.81,CARRY,5.17,-0.02,-9.57,6.32,-0.01,1,0,328.5,174.0,66.5,1.32,0.17,54.6,,,,,9.75
5.86,CARRY,5.28,-0.02,-9.57,6.38,-0.01,1,0,328.5,177.5,63.1,1.25,0.17,48.6,,,,,9.688
5.91,CARRY,5.28,-0.02,-9.57,6.43,-0.01,1,0,328.5,174.5,66.0,1.31,0.17,54.5,,,,,9.688
5.97,CARRY,5.39,-0.02,-9.57,6.48,-0.01,1,0,328.5,178.0,62.6,1.24,0.17,50.0,,,,,9.688
6.02,CARRY,5.39,-0.02,-9.57,6.53,-0.01,1,0,328.5,174.5,66.0,1.31,0.17,54.8,,,,,9.75
6.08,CARRY,5.51,-0.02,-9.57,6.59,-0.01,1,0,328.0,178.5,62.0,1.23,0.16,48.5,,,,,9.75
6.13,CARRY,5.51,-0.02,-9.57,6.64,-0.01,1,0,328.5,175.5,65.1,1.29,0.17,54.2,,,,,9.75
6.18,CARRY,5.63,-0.02,-9.57,6.7,-0.01,1,0,327.5,179.0,61.5,1.22,0.15,48.7,,,,,9.75
6.23,CARRY,5.63,-0.02,-9.57,6.75,-0.01,1,0,328.5,176.5,64.1,1.27,0.17,54.0,,,,,9.688
6.29,CARRY,5.75,-0.01,-9.57,6.8,-0.01,1,0,327.5,180.0,60.5,1.2,0.15,48.9,,,,,9.688
6.34,CARRY,5.87,-0.01,-9.57,6.85,-0.01,1,0,327.0,184.0,56.4,1.12,0.14,54.8,,,,,9.625
6.39,CARRY,5.87,-0.01,-9.57,6.91,-0.01,1,0,327.0,181.0,59.4,1.18,0.14,48.6,,,,,9.625
6.44,CARRY,6.0,-0.01,-9.58,6.96,-0.01,1,0,326.5,185.5,54.9,1.09,0.13,55.4,,,,,9.562
6.5,CARRY,6.0,-0.01,-9.58,7.01,-0.01,1,0,327.5,182.0,58.5,1.16,0.15,48.3,,,,,9.5
6.55,CARRY,6.12,-0.01,-9.58,7.06,-0.01,1,0,326.5,186.0,54.4,1.08,0.13,55.1,,,,,9.438
6.61,CARRY,6.12,-0.01,-9.58,7.12,-0.01,1,0,327.5,183.0,57.5,1.14,0.15,48.6,,,,,9.438
6.66,CARRY,6.24,-0.01,-9.58,7.17,-0.01,1,0,326.5,187.0,53.4,1.06,0.13,55.0,,,,,9.375
6.71,CARRY,6.24,-0.01,-9.58,7.23,-0.01,1,0,327.0,183.5,56.9,1.13,0.14,49.3,,,,,9.438
6.76,CARRY,6.36,-0.01,-9.58,7.28,-0.01,1,0,326.5,188.0,52.4,1.04,0.13,55.8,,,,,9.312
6.82,CARRY,6.36,-0.01,-9.58,7.33,-0.01,1,0,326.5,184.5,55.9,1.11,0.13,49.1,,,,,9.438
6.87,CARRY,6.48,-0.01,-9.58,7.38,-0.01,1,0,326.5,189.0,51.4,1.02,0.13,55.9,,,,,9.375
6.93,CARRY,6.48,-0.01,-9.58,7.44,-0.01,1,0,326.5,185.0,55.4,1.1,0.13,49.1,,,,,9.438
6.98,CARRY,6.6,-0.01,-9.58,7.49,-0.01,1,0,326.5,189.0,51.4,1.02,0.13,55.1,,,,,9.25
7.03,CARRY,6.6,-0.01,-9.58,7.55,-0.01,1,0,326.5,186.0,54.4,1.08,0.13,49.3,,,,,9.312
7.08,CARRY,6.72,-0.01,-9.58,7.6,-0.01,1,0,326.5,190.0,50.4,1.0,0.13,55.2,,,,,9.375
7.14,CARRY,6.83,-0.01,-9.58,7.65,-0.01,1,0,325.5,192.5,47.8,0.95,0.11,49.7,,,,,9.25
7.19,CARRY,6.83,-0.01,-9.58,7.7,-0.01,1,0,326.0,190.0,50.4,1.0,0.12,55.3,,,,,9.25
7.25,CARRY,6.94,-0.01,-9.58,7.76,-0.01,1,0,325.5,193.0,47.3,0.94,0.11,50.0,,,,,9.25
7.3,CARRY,6.94,-0.01,-9.58,7.81,-0.01,1,0,326.0,190.5,49.9,0.99,0.12,54.8,,,,,9.312
7.35,CARRY,7.05,-0.01,-9.58,7.87,-0.01,1,0,325.5,194.0,46.3,0.92,0.11,50.1,,,,,9.25
7.4,CARRY,7.05,-0.01,-9.58,7.92,-0.01,1,0,325.5,190.5,49.8,0.99,0.11,55.4,,,,,9.25
7.46,CARRY,7.16,-0.01,-9.58,7.97,-0.01,1,0,325.5,193.5,46.8,0.93,0.11,49.5,,,,,9.25
7.51,CARRY,7.16,-0.01,-9.58,8.02,-0.01,1,0,325.5,190.5,49.8,0.99,0.11,54.0,,,,,9.25
7.56,CARRY,7.27,-0.01,-9.58,8.08,-0.01,1,0,325.5,193.5,46.8,0.93,0.11,48.4,,,,,9.125
7.62,CARRY,7.27,-0.01,-9.58,8.13,-0.01,1,0,325.5,190.5,49.8,0.99,0.11,53.5,,,,,9.125
7.67,CARRY,7.37,-0.01,-9.58,8.18,-0.01,1,0,325.5,193.5,46.8,0.93,0.11,49.0,,,,,9.125
7.72,CARRY,7.37,-0.01,-9.58,8.23,-0.01,1,0,325.5,190.5,49.8,0.99,0.11,55.0,,,,,9.062
7.78,CARRY,7.47,-0.01,-9.58,8.29,-0.01,1,0,325.5,193.5,46.8,0.93,0.11,48.7,,,,,9.125
7.83,CARRY,7.47,-0.01,-9.58,8.34,-0.01,1,0,325.5,190.5,49.8,0.99,0.11,54.1,,,,,9.125
7.88,CARRY,7.58,-0.01,-9.58,8.39,-0.01,1,0,325.5,192.5,47.8,0.95,0.11,49.4,,,,,9.125
7.93,CARRY,7.58,-0.01,-9.58,8.45,-0.01,1,0,325.5,190.5,49.8,0.99,0.11,55.3,,,,,9.062
7.99,CARRY,7.68,-0.01,-9.58,8.5,-0.01,1,0,325.5,192.5,47.8,0.95,0.11,49.2,,,,,9.062
8.04,CARRY,7.78,-0.01,-9.58,8.55,-0.01,1,0,325.5,196.0,44.3,0.88,0.11,55.0,,,,,9.062
8.09,CARRY,7.78,-0.01,-9.58,8.61,-0.01,1,0,325.5,192.5,47.8,0.95,0.11,49.0,,,,,9.0
8.14,CARRY,7.88,-0.01,-9.58,8.66,-0.01,1,0,325.5,196.0,44.3,0.88,0.11,55.5,,,,,9.125
8.2,CARRY,7.88,-0.01,-9.58,8.71,-0.01,1,0,325.5,191.5,48.8,0.97,0.11,49.1,,,,,9.125
8.25,CARRY,7.98,-0.01,-9.58,8.76,-0.01,1,0,325.5,195.0,45.3,0.9,0.11,55.2,,,,,9.188
8.31,CARRY,7.98,-0.01,-9.58,8.82,-0.01,1,0,325.5,191.5,48.8,0.97,0.11,49.0,,,,,9.125
8.36,CARRY,8.07,-0.01,-9.58,8.87,-0.01,1,0,325.5,194.5,45.8,0.91,0.11,55.2,,,,,9.125
8.41,CARRY,8.07,-0.01,-9.58,8.93,-0.01,1,0,325.5,191.0,49.3,0.98,0.11,50.7,,,,,9.062
8.46,CARRY,8.17,-0.01,-9.58,8.98,-0.01,1,0,325.5,193.5,46.8,0.93,0.11,54.4,,,,,9.125
8.52,CARRY,8.17,-0.01,-9.58,9.03,-0.01,1,0,325.5,190.5,49.8,0.99,0.11,48.6,,,,,9.125
8.57,CARRY,8.27,-0.01,-9.58,9.08,-0.01,1,0,325.5,193.5,46.8,0.93,0.11,55.4,,,,,9.188
8.63,CARRY,8.27,-0.01,-9.58,9.14,-0.01,1,0,325.5,190.0,50.3,1.0,0.11,48.6,,,,,9.188
8.68,CARRY,8.36,-0.01,-9.58,9.19,-0.01,1,0,325.5,192.5,47.8,0.95,0.11,54.6,,,,,9.062
8.73,CARRY,8.36,-0.01,-9.58,9.25,-0.01,1,0,326.0,190.0,50.4,1.0,0.12,48.7,,,,,9.312
8.78,CARRY,8.46,-0.01,-9.58,9.3,-0.01,1,0,325.5,191.5,48.8,0.97,0.11,54.2,,,,,9.125
8.84,CARRY,8.56,-0.01,-9.58,9.35,-0.01,1,0,325.5,195.0,45.3,0.9,0.11,48.3,,,,,9.188
8.89,CARRY,8.56,-0.01,-9.58,9.4,-0.01,1,0,325.5,191.5,48.8,0.97,0.11,53.8,,,,,9.188
8.94,CARRY,8.65,-0.01,-9.58,9.46,-0.01,1,0,325.5,194.0,46.3,0.92,0.11,48.5,,,,,9.188
8.99,CARRY,8.65,-0.01,-9.58,9.51,-0.01,1,0,325.5,191.0,49.3,0.98,0.11,54.0,,,,,9.188
9.05,CARRY,8.75,-0.01,-9.58,9.56,-0.01,1,0,325.5,194.0,46.3,0.92,0.11,49.2,,,,,9.25
9.1,CARRY,8.75,-0.01,-9.58,9.61,-0.01,1,0,325.5,190.5,49.8,0.99,0.11,53.3,,,,,9.25
9.15,CARRY,8.85,-0.01,-9.58,9.67,-0.01,1,0,325.5,193.0,47.3,0.94,0.11,48.9,,,,,9.25
9.2,CARRY,8.85,-0.01,-9.58,9.72,-0.01,1,0,326.0,190.5,49.9,0.99,0.12,54.2,,,,,9.25
9.26,CARRY,8.94,-0.01,-9.58,9.77,-0.01,1,0,325.5,192.5,47.8,0.95,0.11,49.2,,,,,9.25
9.31,CARRY,8.94,-0.01,-9.58,9.82,-0.01,1,0,326.5,190.0,50.4,1.0,0.13,54.3,,,,,9.312
9.36,CARRY,9.04,-0.01,-9.58,9.88,-0.01,1,0,325.5,192.5,47.8,0.95,0.11,49.1,,,,,9.188
9.41,CARRY,9.04,-0.01,-9.58,9.93,-0.01,1,0,326.5,190.0,50.4,1.0,0.13,53.4,,,,,9.25
9.47,CARRY,9.14,-0.01,-9.58,9.98,-0.01,1,0,326.0,192.0,48.4,0.96,0.12,49.0,,,,,9.312
9.52,CARRY,9.14,-0.01,-9.58,10.03,-0.01,1,0,326.5,189.0,51.4,1.02,0.13,53.8,,,,,9.312
9.57,CARRY,9.24,-0.01,-9.58,10.09,-0.01,1,0,326.0,192.0,48.4,0.96,0.12,49.6,,,,,9.5
9.62,CARRY,9.24,-0.01,-9.58,10.14,-0.01,1,0,326.5,189.0,51.4,1.02,0.13,54.1,,,,,9.562
9.68,CARRY,9.33,-0.01,-9.58,10.19,-0.01,1,0,326.5,191.0,49.4,0.98,0.13,48.3,,,,,9.5
9.73,CARRY,9.33,-0.01,-9.58,10.24,-0.01,1,0,326.5,188.0,52.4,1.04,0.13,54.6,,,,,9.5
9.78,CARRY,9.43,-0.01,-9.58,10.3,-0.01,1,0,326.5,190.5,49.9,0.99,0.13,48.8,,,,,9.5
9.83,CARRY,9.43,-0.01,-9.58,10.35,-0.01,1,0,326.5,188.0,52.4,1.04,0.13,54.1,,,,,9.562
9.89,CARRY,9.53,-0.01,-9.58,10.4,-0.01,1,0,326.5,190.0,50.4,1.0,0.13,49.3,,,,,9.562
9.94,CARRY,9.63,-0.01,-9.58,10.45,-0.01,1,0,326.5,193.0,47.4,0.94,0.13,54.6,,,,,9.625
9.99,CARRY,9.63,-0.01,-9.58,10.51,-0.01,1,0,326.5,190.0,50.4,1.0,0.13,48.2,,,,,9.688
10.04,CARRY,9.72,-0.01,-9.58,10.56,-0.01,1,0,326.5,192.5,47.9,0.95,0.13,54.5,,,,,9.625
10.1,CARRY,9.72,-0.01,-9.58,10.61,-0.01,1,0,326.5,189.5,50.9,1.01,0.13,47.9,,,,,9.688
10.15,CARRY,9.82,-0.02,-9.58,10.66,-0.01,1,0,326.5,192.0,48.4,0.96,0.13,54.7,,,,,9.562
10.21,CARRY,9.82,-0.02,-9.58,10.72,-0.01,1,0,326.5,189.0,51.4,1.02,0.13,48.3,,,,,9.625
10.26,CARRY,9.92,-0.02,-9.58,10.77,-0.01,1,0,326.5,192.0,48.4,0.96,0.13,54.6,,,,,9.688
10.31,CARRY,9.92,-0.02,-9.58,10.83,-0.01,1,0,326.5,189.0,51.4,1.02,0.13,48.4,,,,,9.625
10.36,CARRY,10.02,-0.02,-9.58,10.88,-0.01,1,0,326.5,191.5,48.9,0.97,0.13,49.5,,,,,9.562
10.41,CARRY,10.02,-0.02,-9.58,10.93,-0.01,1,0,326.5,189.0,51.4,1.02,0.13,50.6,,,,,9.5
10.46,CARRY,10.12,-0.02,-9.58,10.98,-0.01,1,0,326.5,190.5,49.9,0.99,0.13,49.9,,,,,9.5
10.51,CARRY,10.12,-0.02,-9.58,11.03,-0.01,1,0,326.5,188.0,52.4,1.04,0.13,49.7,,,,,9.5
10.57,CARRY,10.22,-0.02,-9.58,11.08,-0.01,1,0,326.5,190.5,49.9,0.99,0.13,50.9,,,,,9.438
10.62,CARRY,10.22,-0.02,-9.58,11.13,-0.01,1,0,326.5,188.0,52.4,1.04,0.13,49.8,,,,,9.438
10.67,CARRY,10.32,-0.02,-9.58,11.18,-0.01,1,0,326.5,190.5,49.9,0.99,0.13,51.3,,,,,9.5
10.72,CARRY,10.32,-0.02,-9.58,11.23,-0.01,1,0,326.5,188.0,52.4,1.04,0.13,50.3,,,,,9.438
10.77,CARRY,10.42,-0.02,-9.58,11.29,-0.01,1,0,326.5,190.5,49.9,0.99,0.13,51.7,,,,,9.5
10.82,CARRY,10.42,-0.02,-9.58,11.34,-0.01,1,0,326.5,188.0,52.4,1.04,0.13,50.8,,,,,9.438
10.88,CARRY,10.52,-0.02,-9.58,11.39,-0.01,1,0,326.5,190.5,49.9,0.99,0.13,51.2,,,,,9.438
10.93,CARRY,10.52,-0.02,-9.58,11.44,-0.01,1,0,326.5,187.5,52.9,1.05,0.13,50.3,,,,,9.375
10.98,CARRY,10.62,-0.02,-9.58,11.49,-0.01,1,0,326.5,190.0,50.4,1.0,0.13,51.2,,,,,9.25
11.03,CARRY,10.62,-0.02,-9.58,11.55,-0.01,1,0,326.5,187.0,53.4,1.06,0.13,50.9,,,,,9.312
11.08,CARRY,10.72,-0.02,-9.58,11.6,-0.01,1,0,326.5,190.0,50.4,1.0,0.13,51.4,,,,,9.25
11.14,CARRY,10.82,-0.02,-9.58,11.65,-0.01,1,0,326.5,192.5,47.9,0.95,0.13,51.2,,,,,9.25
11.19,CARRY,10.82,-0.02,-9.58,11.7,-0.01,1,0,326.5,190.0,50.4,1.0,0.13,50.2,,,,,9.25
11.24,CARRY,10.92,-0.02,-9.58,11.75,-0.01,1,0,326.5,192.5,47.9,0.95,0.13,51.1,,,,,9.312
11.29,CARRY,10.92,-0.02,-9.58,11.81,-0.01,1,0,326.5,190.0,50.4,1.0,0.13,50.4,,,,,9.25
11.34,CARRY,11.02,-0.02,-9.58,11.86,-0.01,1,0,326.5,192.5,47.9,0.95,0.13,50.5,,,,,9.25
11.39,CARRY,11.02,-0.02,-9.58,11.91,-0.01,1,0,326.5,190.0,50.4,1.0,0.13,49.8,,,,,9.25
11.45,CARRY,11.12,-0.02,-9.58,11.96,-0.01,1,0,326.5,192.5,47.9,0.95,0.13,50.8,,,,,9.188
11.5,CARRY,11.12,-0.02,-9.58,12.01,-0.01,1,0,326.5,190.0,50.4,1.0,0.13,49.8,,,,,9.125
11.55,CARRY,11.23,-0.02,-9.58,12.06,-0.01,1,0,326.5,192.5,47.9,0.95,0.13,51.2,,,,,9.188
11.6,CARRY,11.23,-0.02,-9.58,12.11,-0.01,1,0,326.5,189.5,50.9,1.01,0.13,50.0,,,,,9.188
11.65,CARRY,11.32,-0.02,-9.58,12.17,-0.01,1,0,326.5,192.0,48.4,0.96,0.13,50.9,,,,,9.25
11.7,CARRY,11.32,-0.02,-9.58,12.22,-0.01,1,0,326.5,189.0,51.4,1.02,0.13,49.9,,,,,9.25
11.75,CARRY,11.42,-0.02,-9.58,12.27,-0.01,1,0,326.5,192.0,48.4,0.96,0.13,50.5,,,,,9.188
11.81,CARRY,11.42,-0.02,-9.58,12.32,-0.01,1,0,326.5,189.0,51.4,1.02,0.13,50.2,,,,,9.25
11.86,CARRY,11.52,-0.02,-9.58,12.37,-0.01,1,0,326.5,191.5,48.9,0.97,0.13,50.4,,,,,9.125
11.91,CARRY,11.52,-0.02,-9.58,12.42,-0.01,1,0,326.5,188.5,51.9,1.03,0.13,50.4,,,,,9.25
11.96,CARRY,11.62,-0.02,-9.58,12.47,-0.01,1,0,326.5,191.5,48.9,0.97,0.13,50.2,,,,,9.188
12.01,CARRY,11.62,-0.02,-9.58,12.52,-0.01,1,0,326.5,188.5,51.9,1.03,0.13,50.2,,,,,9.312
12.06,CARRY,11.72,-0.02,-9.58,12.58,-0.01,1,0,326.5,190.5,49.9,0.99,0.13,50.6,,,,,9.25
12.11,CARRY,11.72,-0.02,-9.58,12.63,-0.01,1,0,326.5,188.5,51.9,1.03,0.13,49.9,,,,,9.312
12.16,CARRY,11.82,-0.02,-9.58,12.68,-0.01,1,0,326.5,190.5,49.9,0.99,0.13,50.9,,,,,9.188
12.22,CARRY,11.82,-0.02,-9.58,12.73,-0.01,1,0,327.0,188.0,52.5,1.04,0.14,49.8,,,,,9.25
12.27,CARRY,11.92,-0.02,-9.58,12.78,-0.01,1,0,326.5,190.5,49.9,0.99,0.13,51.0,,,,,9.25
12.32,CARRY,11.92,-0.02,-9.58,12.83,-0.01,1,0,327.0,188.0,52.5,1.04,0.14,49.7,,,,,9.312
12.37,CARRY,12.02,-0.02,-9.58,12.88,-0.01,1,0,326.5,190.5,49.9,0.99,0.13,50.9,,,,,9.312
12.42,CARRY,12.02,-0.02,-9.58,12.94,-0.01,1,0,327.5,187.5,53.0,1.05,0.15,50.0,,,,,9.375
12.47,CARRY,12.12,-0.02,-9.58,12.99,-0.01,1,0,326.5,190.5,49.9,0.99,0.13,50.5,,,,,9.312
12.52,CARRY,12.12,-0.02,-9.58,13.04,-0.01,1,0,327.5,187.5,53.0,1.05,0.15,49.8,,,,,9.375
12.58,CARRY,12.22,-0.02,-9.58,13.09,-0.01,1,0,326.5,190.5,49.9,0.99,0.13,50.6,,,,,9.25
12.63,CARRY,12.22,-0.02,-9.58,13.14,-0.01,1,0,327.5,187.5,53.0,1.05,0.15,50.4,,,,,9.312
12.68,CARRY,12.32,-0.02,-9.58,13.19,-0.01,1,0,326.5,190.0,50.4,1.0,0.13,50.7,,,,,9.188
12.73,CARRY,12.32,-0.02,-9.58,13.24,-0.01,1,0,327.5,187.5,53.0,1.05,0.15,50.4,,,,,9.25
12.78,CARRY,12.42,-0.02,-9.58,13.3,-0.01,1,0,326.5,190.0,50.4,1.0,0.13,50.7,,,,,9.188
12.83,CARRY,12.42,-0.02,-9.58,13.35,-0.01,1,0,327.5,187.0,53.5,1.06,0.15,50.2,,,,,9.312
12.88,CARRY,12.52,-0.02,-9.58,13.4,-0.01,1,0,326.5,190.0,50.4,1.0,0.13,50.2,,,,,9.25
12.94,CARRY,12.52,-0.02,-9.58,13.45,-0.01,1,0,327.0,187.0,53.5,1.06,0.14,49.6,,,,,9.312
12.99,CARRY,12.62,-0.02,-9.58,13.5,-0.01,1,0,326.5,190.0,50.4,1.0,0.13,50.5,,,,,9.188
13.04,CARRY,12.73,-0.02,-9.58,13.55,-0.01,1,0,326.5,192.5,47.9,0.95,0.13,50.3,,,,,9.312
13.09,CARRY,12.73,-0.02,-9.58,13.6,-0.01,1,0,326.5,190.0,50.4,1.0,0.13,50.4,,,,,9.25
13.14,CARRY,12.83,-0.02,-9.58,13.65,-0.01,1,0,326.5,192.5,47.9,0.95,0.13,50.6,,,,,9.375
13.19,CARRY,12.83,-0.02,-9.58,13.71,-0.01,1,0,326.5,190.0,50.4,1.0,0.13,50.1,,,,,9.312
13.24,CARRY,12.93,-0.01,-9.58,13.76,-0.01,1,0,326.5,192.5,47.9,0.95,0.13,52.1,,,,,9.438
13.3,CARRY,12.93,-0.01,-9.58,13.81,-0.01,1,0,326.5,190.0,50.4,1.0,0.13,50.4,,,,,9.438
13.35,CARRY,13.03,-0.01,-9.58,13.86,-0.01,1,0,326.5,192.5,47.9,0.95,0.13,51.1,,,,,9.438
13.4,CARRY,13.03,-0.01,-9.58,13.91,-0.01,1,0,326.5,190.0,50.4,1.0,0.13,49.8,,,,,9.438
13.45,CARRY,13.14,-0.01,-9.58,13.96,-0.01,1,0,325.5,192.5,47.8,0.95,0.11,50.7,,,,,9.375
13.5,CARRY,13.14,-0.01,-9.58,14.02,-0.01,1,0,326.5,190.0,50.4,1.0,0.13,49.9,,,,,9.438
13.55,CARRY,13.24,-0.01,-9.58,14.07,-0.01,1,0,325.5,193.0,47.3,0.94,0.11,50.4,,,,,9.5
13.6,CARRY,13.24,-0.01,-9.58,14.12,-0.01,1,0,326.5,190.0,50.4,1.0,0.13,50.0,,,,,9.625
13.66,CARRY,13.34,-0.01,-9.58,14.17,-0.01,1,0,325.5,192.5,47.8,0.95,0.11,50.5,,,,,9.562
13.71,CARRY,13.34,-0.01,-9.58,14.22,-0.01,1,0,326.5,190.0,50.4,1.0,0.13,49.4,,,,,9.625
13.76,CARRY,13.44,-0.01,-9.58,14.27,-0.01,1,0,325.5,193.0,47.3,0.94,0.11,50.7,,,,,9.562
13.81,CARRY,13.44,-0.01,-9.58,14.32,-0.01,1,0,326.5,190.0,50.4,1.0,0.13,49.4,,,,,9.562
13.86,CARRY,13.54,-0.01,-9.58,14.37,-0.01,1,0,325.5,192.5,47.8,0.95,0.11,51.4,,,,,9.562
13.91,CARRY,13.54,-0.01,-9.58,14.43,-0.01,1,0,326.5,189.5,50.9,1.01,0.13,49.5,,,,,9.75
13.96,CARRY,13.64,-0.01,-9.58,14.48,-0.01,1,0,325.5,192.0,48.3,0.96,0.11,50.5,,,,,9.688
14.01,CARRY,13.64,-0.01,-9.58,14.53,-0.01,1,0,326.5,189.0,51.4,1.02,0.13,49.8,,,,,9.75
14.06,CARRY,13.74,-0.0,-9.58,14.58,-0.01,1,0,325.5,192.0,48.3,0.96,0.11,50.9,,,,,9.688
14.12,CARRY,13.74,-0.0,-9.58,14.63,-0.01,1,0,326.5,189.0,51.4,1.02,0.13,49.8,,,,,9.75
14.17,CARRY,13.84,-0.0,-9.58,14.68,-0.01,1,0,325.5,192.0,48.3,0.96,0.11,51.2,,,,,9.688
14.22,CARRY,13.84,-0.0,-9.58,14.73,-0.01,1,0,326.0,189.0,51.4,1.02,0.12,50.2,,,,,9.688
14.27,CARRY,13.94,-0.0,-9.58,14.78,-0.01,1,0,325.5,192.0,48.3,0.96,0.11,50.6,,,,,9.688
14.32,CARRY,13.94,-0.0,-9.58,14.84,-0.01,1,0,326.0,189.0,51.4,1.02,0.12,49.8,,,,,9.625
14.37,CARRY,14.04,-0.0,-9.58,14.89,-0.01,1,0,325.5,191.0,49.3,0.98,0.11,50.6,,,,,9.562
14.42,CARRY,14.04,-0.0,-9.58,14.94,-0.01,1,0,325.5,189.0,51.3,1.02,0.11,50.1,,,,,9.562
14.48,CARRY,14.14,-0.0,-9.58,14.99,-0.01,1,0,325.5,191.0,49.3,0.98,0.11,50.3,,,,,9.5
14.53,CARRY,14.14,-0.0,-9.58,15.04,-0.01,1,0,325.5,188.5,51.8,1.03,0.11,49.8,,,,,9.562
14.58,CARRY,14.24,-0.0,-9.58,15.09,-0.01,1,0,325.5,190.5,49.8,0.99,0.11,51.4,,,,,9.5
14.63,CARRY,14.24,-0.0,-9.58,15.14,-0.01,1,0,326.0,188.0,52.3,1.04,0.12,50.8,,,,,9.562
14.68,CARRY,14.34,-0.0,-9.58,15.2,-0.01,1,0,325.5,190.5,49.8,0.99,0.11,50.7,,,,,9.5
14.73,CARRY,14.34,-0.0,-9.58,15.25,-0.01,1,0,326.5,188.0,52.4,1.04,0.13,49.9,,,,,9.562
14.78,CARRY,14.44,-0.0,-9.58,15.3,-0.01,1,0,325.5,190.5,49.8,0.99,0.11,50.7,,,,,9.5
14.84,CARRY,14.54,-0.0,-9.58,15.35,-0.01,1,0,325.5,194.0,46.3,0.92,0.11,50.4,,,,,9.438
14.89,CARRY,14.54,-0.0,-9.58,15.4,-0.01,1,0,325.5,190.5,49.8,0.99,0.11,50.4,,,,,9.5
14.94,CARRY,14.64,-0.0,-9.58,15.45,-0.01,1,0,325.5,193.0,47.3,0.94,0.11,50.9,,,,,9.438
14.99,CARRY,14.64,-0.0,-9.58,15.51,-0.01,1,0,325.5,190.5,49.8,0.99,0.11,50.1,,,,,9.562
15.04,CARRY,14.74,-0.01,-9.58,15.56,-0.01,1,0,325.5,192.5,47.8,0.95,0.11,50.8,,,,,9.438
15.09,CARRY,14.74,-0.01,-9.58,15.61,-0.01,1,0,325.5,190.0,50.3,1.0,0.11,49.8,,,,,9.5
15.14,CARRY,14.84,-0.01,-9.58,15.66,-0.01,1,0,325.5,192.5,47.8,0.95,0.11,51.1,,,,,9.438
15.2,CARRY,14.84,-0.01,-9.58,15.71,-0.01,1,0,325.5,190.0,50.3,1.0,0.11,50.0,,,,,9.438
15.25,CARRY,14.94,-0.01,-9.58,15.76,-0.01,1,0,325.5,192.5,47.8,0.95,0.11,51.4,,,,,9.438
15.3,CARRY,14.94,-0.01,-9.58,15.81,-0.01,1,0,326.5,190.0,50.4,1.0,0.13,50.0,,,,,9.438
15.35,CARRY,15.03,-0.01,-9.58,15.87,-0.01,1,0,325.5,192.5,47.8,0.95,0.11,50.9,,,,,9.438
15.4,CARRY,15.03,-0.01,-9.58,15.92,-0.01,1,0,326.5,190.0,50.4,1.0,0.13,50.0,,,,,9.5
15.45,CARRY,15.13,-0.01,-9.58,15.97,-0.01,1,0,325.5,192.5,47.8,0.95,0.11,51.4,,,,,9.375
15.51,CARRY,15.13,-0.01,-9.58,16.02,-0.01,1,0,326.5,189.5,50.9,1.01,0.13,51.0,,,,,9.438
15.56,CARRY,15.23,-0.01,-9.58,16.07,-0.01,1,0,325.5,192.0,48.3,0.96,0.11,50.0,,,,,9.375
15.61,CARRY,15.23,-0.01,-9.58,16.12,-0.01,1,0,326.5,189.0,51.4,1.02,0.13,49.7,,,,,9.438
15.66,CARRY,15.33,-0.01,-9.58,16.17,-0.01,1,0,326.5,192.0,48.4,0.96,0.13,51.5,,,,,9.25
15.71,CARRY,15.33,-0.01,-9.58,16.23,-0.01,1,0,326.5,189.0,51.4,1.02,0.13,50.6,,,,,9.312
15.76,CARRY,15.43,-0.01,-9.58,16.28,-0.01,1,0,326.5,191.5,48.9,0.97,0.13,50.1,,,,,9.25
15.82,CARRY,15.43,-0.01,-9.58,16.33,-0.01,1,0,326.5,189.0,51.4,1.02,0.13,50.4,,,,,9.312
15.87,CARRY,15.53,-0.01,-9.58,16.38,-0.01,1,0,326.5,191.0,49.4,0.98,0.13,51.8,,,,,9.25
15.92,CARRY,15.53,-0.01,-9.58,16.43,-0.01,1,0,326.5,188.5,51.9,1.03,0.13,50.6,,,,,9.25
15.97,CARRY,15.63,-0.01,-9.58,16.49,-0.01,1,0,326.5,190.5,49.9,0.99,0.13,51.6,,,,,9.25
16.02,CARRY,15.63,-0.01,-9.58,16.54,-0.01,1,0,326.5,188.0,52.4,1.04,0.13,48.8,,,,,9.25
16.07,CARRY,15.72,-0.01,-9.58,16.59,-0.01,1,0,326.5,190.5,49.9,0.99,0.13,50.6,,,,,9.25
16.13,CARRY,15.72,-0.01,-9.58,16.64,-0.01,1,0,326.5,188.0,52.4,1.04,0.13,49.7,,,,,9.312
16.18,CARRY,15.82,-0.01,-9.58,16.69,-0.01,1,0,326.5,190.5,49.9,0.99,0.13,48.9,,,,,9.188
16.23,CARRY,15.82,-0.01,-9.58,16.74,-0.01,1,0,326.5,188.0,52.4,1.04,0.13,48.8,,,,,9.25
16.28,CARRY,15.92,-0.01,-9.58,16.79,-0.01,1,0,326.5,190.5,49.9,0.99,0.13,51.4,,,,,9.25
16.33,CARRY,15.92,-0.01,-9.58,16.84,-0.01,1,0,326.5,188.0,52.4,1.04,0.13,48.8,,,,,9.312
16.38,CARRY,16.03,-0.01,-9.58,16.89,-0.01,1,0,326.5,190.5,49.9,0.99,0.13,49.0,,,,,9.25
16.43,CARRY,16.03,-0.01,-9.58,16.94,-0.01,1,0,326.5,188.0,52.4,1.04,0.13,48.7,,,,,9.312
16.48,CARRY,16.13,-0.01,-9.58,16.99,-0.01,1,0,326.5,190.5,49.9,0.99,0.13,48.9,,,,,9.25
16.53,CARRY,16.13,-0.01,-9.58,17.04,-0.01,1,0,326.5,188.0,52.4,1.04,0.13,48.7,,,,,9.312
16.58,CARRY,16.23,-0.01,-9.58,17.09,-0.01,1,0,326.5,190.5,49.9,0.99,0.13,52.0,,,,,9.25
16.63,CARRY,16.23,-0.01,-9.58,17.15,-0.01,1,0,326.5,188.0,52.4,1.04,0.13,48.7,,,,,9.312
16.68,CARRY,16.33,-0.01,-9.58,17.2,-0.01,1,0,326.5,190.5,49.9,0.99,0.13,48.9,,,,,9.188
16.73,CARRY,16.33,-0.01,-9.58,17.25,-0.01,1,0,326.5,188.0,52.4,1.04,0.13,48.4,,,,,9.312
16.78,CARRY,16.43,-0.01,-9.58,17.3,-0.01,1,0,326.5,190.5,49.9,0.99,0.13,48.8,,,,,9.312
16.83,CARRY,16.43,-0.01,-9.58,17.35,-0.01,1,0,326.5,188.0,52.4,1.04,0.13,48.3,,,,,9.375
16.88,CARRY,16.53,-0.01,-9.58,17.4,-0.01,1,0,326.5,190.5,49.9,0.99,0.13,51.1,,,,,9.312
16.93,CARRY,16.53,-0.01,-9.58,17.45,-0.01,1,0,326.5,188.0,52.4,1.04,0.13,48.1,,,,,9.438
16.98,CARRY,16.63,-0.01,-9.58,17.5,-0.01,1,0,326.5,190.5,49.9,0.99,0.13,49.7,,,,,9.25
17.04,CARRY,16.63,-0.01,-9.58,17.55,-0.01,1,0,326.5,188.0,52.4,1.04,0.13,48.5,,,,,9.312
17.09,CARRY,16.74,-0.01,-9.58,17.6,-0.01,1,0,326.5,190.5,49.9,0.99,0.13,49.7,,,,,9.25
17.14,CARRY,16.84,-0.01,-9.58,17.65,-0.01,1,0,325.5,193.5,46.8,0.93,0.11,49.2,,,,,9.312
17.19,CARRY,16.84,-0.01,-9.58,17.7,-0.01,1,0,326.5,190.5,49.9,0.99,0.13,50.9,,,,,9.25
17.24,CARRY,16.94,-0.01,-9.58,17.75,-0.01,1,0,325.5,193.5,46.8,0.93,0.11,49.1,,,,,9.312
17.29,CARRY,16.94,-0.01,-9.58,17.8,-0.01,1,0,326.5,190.5,49.9,0.99,0.13,48.7,,,,,9.25
17.34,CARRY,17.04,-0.01,-9.58,17.85,-0.01,1,0,325.5,193.5,46.8,0.93,0.11,48.8,,,,,9.312
17.39,CARRY,17.04,-0.01,-9.58,17.9,-0.01,1,0,326.5,190.5,49.9,0.99,0.13,49.0,,,,,9.25
17.44,CARRY,17.14,-0.01,-9.58,17.95,-0.01,1,0,325.5,194.0,46.3,0.92,0.11,48.8,,,,,9.312
17.49,CARRY,17.14,-0.01,-9.58,18.0,-0.01,1,0,326.5,190.5,49.9,0.99,0.13,50.7,,,,,9.188
17.54,CARRY,17.24,-0.01,-9.58,18.05,-0.01,1,0,325.5,194.0,46.3,0.92,0.11,49.0,,,,,9.5
17.59,CARRY,17.24,-0.01,-9.58,18.1,-0.01,1,0,326.5,191.0,49.4,0.98,0.13,48.6,,,,,9.625
17.64,CARRY,17.34,-0.01,-9.58,18.15,-0.01,1,0,326.0,194.0,46.4,0.92,0.12,48.9,,,,,9.562
17.69,CARRY,17.34,-0.01,-9.58,18.2,-0.01,1,0,326.5,191.0,49.4,0.98,0.13,49.4,,,,,9.562
17.74,CARRY,17.44,-0.02,-9.58,18.26,-0.01,1,0,326.5,194.0,46.5,0.92,0.13,48.9,,,,,9.5
17.79,CARRY,17.44,-0.02,-9.58,18.31,-0.01,1,0,326.5,190.5,49.9,0.99,0.13,50.5,,,,,9.625
17.84,CARRY,17.54,-0.02,-9.58,18.36,-0.01,1,0,326.5,193.5,47.0,0.93,0.13,49.0,,,,,9.625
17.89,CARRY,17.54,-0.02,-9.58,18.41,-0.01,1,0,326.5,190.5,49.9,0.99,0.13,48.3,,,,,9.688
17.94,CARRY,17.64,-0.02,-9.58,18.46,-0.01,1,0,326.5,193.5,47.0,0.93,0.13,48.8,,,,,9.688
17.99,CARRY,17.64,-0.02,-9.58,18.51,-0.01,1,0,326.5,190.5,49.9,0.99,0.13,48.2,,,,,9.75
18.04,CARRY,17.73,-0.02,-9.58,18.56,-0.01,1,0,326.5,193.0,47.4,0.94,0.13,49.0,,,,,9.688
18.09,CARRY,17.73,-0.02,-9.58,18.61,-0.01,1,0,326.5,190.0,50.4,1.0,0.13,50.2,,,,,9.688
18.14,CARRY,17.83,-0.02,-9.58,18.66,-0.01,1,0,326.5,193.0,47.4,0.94,0.13,49.7,,,,,9.688
18.19,CARRY,17.83,-0.02,-9.58,18.71,-0.01,1,0,326.5,190.0,50.4,1.0,0.13,48.2,,,,,9.75
18.24,CARRY,17.93,-0.02,-9.58,18.76,-0.01,1,0,326.5,192.5,47.9,0.95,0.13,50.1,,,,,9.75
18.3,CARRY,17.93,-0.02,-9.58,18.81,-0.01,1,0,326.5,190.0,50.4,1.0,0.13,48.4,,,,,9.688
18.35,CARRY,18.02,-0.02,-9.58,18.86,-0.01,1,0,326.5,192.0,48.4,0.96,0.13,49.4,,,,,9.625
18.4,CARRY,18.02,-0.02,-9.58,18.91,-0.01,1,0,326.5,189.5,50.9,1.01,0.13,50.5,,,,,9.688
18.45,CARRY,18.12,-0.02,-9.58,18.96,-0.01,1,0,326.5,192.0,48.4,0.96,0.13,49.4,,,,,9.625
18.5,CARRY,18.12,-0.02,-9.58,19.01,-0.01,1,0,326.5,189.0,51.4,1.02,0.13,48.3,,,,,9.625
18.55,CARRY,18.22,-0.02,-9.58,19.06,-0.01,1,0,326.5,192.0,48.4,0.96,0.13,49.2,,,,,9.625
18.6,CARRY,18.22,-0.02,-9.58,19.11,-0.01,1,0,326.5,189.0,51.4,1.02,0.13,48.2,,,,,9.562
18.65,CARRY,18.31,-0.01,-9.58,19.16,-0.01,1,0,326.5,192.0,48.4,0.96,0.13,49.3,,,,,9.625
18.7,CARRY,18.31,-0.01,-9.58,19.21,-0.01,1,0,326.5,189.0,51.4,1.02,0.13,50.5,,,,,9.562
18.75,CARRY,18.41,-0.01,-9.58,19.26,-0.01,1,0,326.5,191.5,48.9,0.97,0.13,49.1,,,,,9.625
18.8,CARRY,18.41,-0.01,-9.58,19.32,-0.01,1,0,326.5,189.0,51.4,1.02,0.13,48.2,,,,,9.562
18.85,CARRY,18.51,-0.01,-9.58,19.37,-0.01,1,0,326.5,191.5,48.9,0.97,0.13,49.2,,,,,9.625
18.9,CARRY,18.51,-0.01,-9.58,19.42,-0.01,1,0,326.5,188.5,51.9,1.03,0.13,48.3,,,,,9.562
18.95,CARRY,18.61,-0.01,-9.58,19.47,-0.01,1,0,326.5,191.0,49.4,0.98,0.13,49.0,,,,,9.5
19.0,CARRY,18.61,-0.01,-9.58,19.52,-0.01,1,0,326.5,188.5,51.9,1.03,0.13,50.5,,,,,9.562
19.05,CARRY,18.71,-0.01,-9.58,19.57,-0.01,1,0,326.5,190.5,49.9,0.99,0.13,49.2,,,,,9.5
19.1,CARRY,18.71,-0.01,-9.58,19.62,-0.01,1,0,326.5,188.0,52.4,1.04,0.13,48.2,,,,,9.5
19.15,CARRY,18.81,-0.01,-9.58,19.67,-0.01,1,0,326.5,190.5,49.9,0.99,0.13,48.8,,,,,9.438
19.2,CARRY,18.81,-0.01,-9.58,19.72,-0.01,1,0,326.5,188.0,52.4,1.04,0.13,48.1,,,,,9.438
19.25,CARRY,18.91,-0.01,-9.58,19.77,-0.01,1,0,326.5,190.5,49.9,0.99,0.13,48.9,,,,,9.438
19.3,CARRY,18.91,-0.01,-9.58,19.82,-0.01,1,0,326.5,188.0,52.4,1.04,0.13,50.3,,,,,9.375
19.35,CARRY,19.01,-0.01,-9.58,19.87,-0.01,1,0,326.5,190.5,49.9,0.99,0.13,48.7,,,,,9.312
19.4,CARRY,19.01,-0.01,-9.58,19.92,-0.01,1,0,326.5,188.0,52.4,1.04,0.13,48.5,,,,,9.375
19.45,CARRY,19.11,-0.01,-9.58,19.97,-0.01,1,0,326.5,190.5,49.9,0.99,0.13,48.7,,,,,9.312
19.5,CARRY,19.11,-0.01,-9.58,20.02,-0.01,1,0,326.5,188.0,52.4,1.04,0.13,48.5,,,,,9.375
19.55,CARRY,19.21,-0.01,-9.58,20.07,-0.01,1,0,326.5,190.5,49.9,0.99,0.13,48.8,,,,,9.312
19.6,CARRY,19.21,-0.01,-9.58,20.12,-0.01,1,0,326.5,188.0,52.4,1.04,0.13,51.3,,,,,9.375
19.66,CARRY,19.31,-0.01,-9.58,20.17,-0.01,1,0,326.5,190.5,49.9,0.99,0.13,49.3,,,,,9.25
19.71,CARRY,19.31,-0.01,-9.58,20.22,-0.01,1,0,326.5,188.0,52.4,1.04,0.13,48.9,,,,,9.25
19.76,CARRY,19.41,-0.01,-9.58,20.27,-0.01,1,0,326.5,190.5,49.9,0.99,0.13,49.0,,,,,9.188
19.81,CARRY,19.41,-0.01,-9.58,20.32,-0.01,1,0,326.5,188.0,52.4,1.04,0.13,48.8,,,,,9.25
19.86,CARRY,19.52,-0.01,-9.58,20.37,-0.01,1,0,326.5,191.0,49.4,0.98,0.13,49.1,,,,,9.125
19.91,CARRY,19.52,-0.01,-9.58,20.42,-0.01,1,0,326.5,188.5,51.9,1.03,0.13,50.9,,,,,9.188
19.96,CARRY,19.62,-0.01,-9.58,20.47,-0.01,1,0,326.5,191.0,49.4,0.98,0.13,49.3,,,,,9.188
20.01,CARRY,19.62,-0.01,-9.58,20.52,-0.01,1,0,326.5,188.5,51.9,1.03,0.13,48.5,,,,,9.25
20.06,CARRY,19.72,-0.01,-9.58,20.57,-0.01,1,0,326.5,191.0,49.4,0.98,0.13,49.0,,,,,9.188
20.11,CARRY,19.72,-0.01,-9.58,20.62,-0.01,1,0,326.5,188.5,51.9,1.03,0.13,48.6,,,,,9.25
20.16,CARRY,19.82,-0.01,-9.58,20.67,-0.01,1,0,326.5,191.5,48.9,0.97,0.13,48.9,,,,,9.125
20.21,CARRY,19.82,-0.01,-9.58,20.72,-0.01,1,0,326.5,189.0,51.4,1.02,0.13,50.3,,,,,9.188
20.26,CARRY,19.93,-0.01,-9.58,20.78,-0.01,1,0,326.5,191.5,48.9,0.97,0.13,48.9,,,,,9.125
20.31,CARRY,19.93,-0.01,-9.58,20.83,-0.01,1,0,326.5,189.0,51.4,1.02,0.13,48.3,,,,,9.188
20.36,CARRY,20.03,-0.01,-9.58,20.88,-0.01,1,0,326.5,191.5,48.9,0.97,0.13,48.6,,,,,9.188
20.41,CARRY,20.03,-0.01,-9.58,20.93,-0.01,1,0,326.5,189.0,51.4,1.02,0.13,48.6,,,,,9.25
20.46,CARRY,20.13,-0.01,-9.58,20.98,-0.01,1,0,326.5,191.5,48.9,0.97,0.13,48.4,,,,,9.188
20.51,CARRY,20.13,-0.01,-9.58,21.03,-0.01,1,0,326.5,189.0,51.4,1.02,0.13,50.4,,,,,9.25
20.56,CARRY,20.23,-0.01,-9.58,21.08,-0.01,1,0,326.5,191.5,48.9,0.97,0.13,54.7,,,,,9.125
20.62,CARRY,20.23,-0.01,-9.58,21.13,-0.01,1,0,326.5,189.0,51.4,1.02,0.13,50.9,,,,,9.25
20.67,CARRY,20.33,-0.01,-9.58,21.18,-0.01,1,0,326.5,191.0,49.4,0.98,0.13,49.8,,,,,9.125
20.72,CARRY,20.33,-0.01,-9.58,21.24,-0.01,1,0,326.5,189.0,51.4,1.02,0.13,49.5,,,,,9.188
20.77,CARRY,20.43,-0.01,-9.58,21.29,-0.01,1,0,326.5,191.0,49.4,0.98,0.13,52.1,,,,,9.188
20.82,CARRY,20.43,-0.01,-9.58,21.34,-0.01,1,0,326.5,188.5,51.9,1.03,0.13,49.0,,,,,9.25
20.87,CARRY,20.53,-0.01,-9.58,21.39,-0.01,1,0,326.5,191.0,49.4,0.98,0.13,48.9,,,,,9.25
20.93,CARRY,20.53,-0.01,-9.58,21.44,-0.01,1,0,326.5,188.5,51.9,1.03,0.13,48.4,,,,,9.25
20.98,CARRY,20.64,-0.01,-9.58,21.49,-0.01,1,0,326.5,191.0,49.4,0.98,0.13,49.5,,,,,9.188
21.03,CARRY,20.64,-0.01,-9.58,21.54,-0.01,1,0,326.5,188.5,51.9,1.03,0.13,47.6,,,,,9.25
21.08,CARRY,20.74,-0.01,-9.58,21.59,-0.01,1,0,326.5,191.0,49.4,0.98,0.13,50.8,,,,,9.188
21.13,CARRY,20.74,-0.01,-9.58,21.64,-0.01,1,0,326.5,188.5,51.9,1.03,0.13,50.4,,,,,9.25
21.18,CARRY,20.84,-0.01,-9.58,21.69,-0.01,1,0,326.5,190.5,49.9,0.99,0.13,51.3,,,,,9.188
21.23,CARRY,20.84,-0.01,-9.58,21.75,-0.01,1,0,326.5,188.0,52.4,1.04,0.13,48.4,,,,,9.25
21.28,CARRY,20.94,-0.01,-9.58,21.8,-0.01,1,0,326.5,190.5,49.9,0.99,0.13,48.7,,,,,9.188
21.33,CARRY,20.94,-0.01,-9.58,21.85,-0.01,1,0,326.5,188.0,52.4,1.04,0.13,49.8,,,,,9.188
21.38,CARRY,21.04,-0.01,-9.58,21.9,-0.01,1,0,326.5,190.5,49.9,0.99,0.13,49.9,,,,,9.125
21.43,CARRY,21.04,-0.01,-9.58,21.95,-0.01,1,0,326.5,188.0,52.4,1.04,0.13,49.6,,,,,9.188
21.48,CARRY,21.14,-0.01,-9.58,22.0,-0.01,1,0,326.5,190.5,49.9,0.99,0.13,51.7,,,,,9.125
21.54,CARRY,21.24,-0.01,-9.58,22.05,-0.01,1,0,325.5,194.0,46.3,0.92,0.11,51.0,,,,,9.312
21.59,CARRY,21.24,-0.01,-9.58,22.1,-0.01,1,0,326.5,191.0,49.4,0.98,0.13,50.8,,,,,9.5
21.64,CARRY,21.34,-0.01,-9.58,22.15,-0.01,1,0,325.5,194.0,46.3,0.92,0.11,52.2,,,,,9.438
21.69,CARRY,21.34,-0.01,-9.58,22.21,-0.01,1,0,326.5,190.5,49.9,0.99,0.13,48.3,,,,,9.438
21.74,CARRY,21.44,-0.01,-9.58,22.26,-0.01,1,0,325.5,194.0,46.3,0.92,0.11,49.9,,,,,9.438
21.79,CARRY,21.44,-0.01,-9.58,22.31,-0.01,1,0,326.5,190.5,49.9,0.99,0.13,50.2,,,,,9.5
21.85,CARRY,21.54,-0.01,-9.58,22.36,-0.01,1,0,325.5,194.0,46.3,0.92,0.11,50.1,,,,,9.5
21.9,CARRY,21.54,-0.01,-9.58,22.41,-0.01,1,0,326.5,190.5,49.9,0.99,0.13,48.8,,,,,9.562
21.95,CARRY,21.64,-0.01,-9.58,22.46,-0.01,1,0,325.5,194.0,46.3,0.92,0.11,51.1,,,,,9.562
22.0,CARRY,21.64,-0.01,-9.58,22.51,-0.01,1,0,326.5,190.5,49.9,0.99,0.13,48.8,,,,,9.625
22.05,CARRY,21.74,-0.01,-9.58,22.56,-0.01,1,0,325.5,192.5,47.8,0.95,0.11,48.9,,,,,9.562
22.1,CARRY,21.74,-0.01,-9.58,22.61,-0.01,1,0,326.5,190.5,49.9,0.99,0.13,48.8,,,,,9.625
22.15,CARRY,21.84,-0.01,-9.58,22.66,-0.01,1,0,325.5,192.5,47.8,0.95,0.11,49.8,,,,,9.5
22.2,CARRY,21.84,-0.01,-9.58,22.71,-0.01,1,0,326.5,190.0,50.4,1.0,0.13,50.4,,,,,9.5
22.25,CARRY,21.94,-0.01,-9.58,22.77,-0.01,1,0,325.5,192.5,47.8,0.95,0.11,50.5,,,,,9.562
22.3,CARRY,21.94,-0.01,-9.58,22.82,-0.01,1,0,326.5,190.0,50.4,1.0,0.13,49.9,,,,,9.562
22.35,CARRY,22.04,-0.01,-9.58,22.87,-0.01,1,0,325.5,192.5,47.8,0.95,0.11,50.3,,,,,9.438
22.41,CARRY,22.04,-0.01,-9.58,22.92,-0.01,1,0,326.5,190.0,50.4,1.0,0.13,50.2,,,,,9.438
22.46,CARRY,22.13,-0.01,-9.58,22.97,-0.01,1,0,325.5,192.5,47.8,0.95,0.11,49.7,,,,,9.375
22.51,CARRY,22.13,-0.01,-9.58,23.02,-0.01,1,0,326.5,189.5,50.9,1.01,0.13,50.7,,,,,9.375
22.56,CARRY,22.23,-0.01,-9.58,23.07,-0.01,1,0,325.5,192.0,48.3,0.96,0.11,50.0,,,,,9.375
22.61,CARRY,22.23,-0.01,-9.58,23.12,-0.01,1,0,326.5,189.0,51.4,1.02,0.13,48.2,,,,,9.375
22.66,CARRY,22.33,-0.01,-9.58,23.17,-0.01,1,0,325.5,192.0,48.3,0.96,0.11,50.4,,,,,9.438
22.71,CARRY,22.33,-0.01,-9.58,23.23,-0.01,1,0,326.5,189.0,51.4,1.02,0.13,48.0,,,,,9.438
22.76,CARRY,22.43,-0.01,-9.58,23.28,-0.01,1,0,325.5,192.0,48.3,0.96,0.11,49.5,,,,,9.438
22.81,CARRY,22.43,-0.01,-9.58,23.33,-0.01,1,0,326.5,189.0,51.4,1.02,0.13,48.1,,,,,9.438
22.86,CARRY,22.52,-0.01,-9.58,23.38,-0.01,1,0,326.0,191.5,48.9,0.97,0.12,51.7,,,,,9.438
22.92,CARRY,22.52,-0.01,-9.58,23.43,-0.01,1,0,326.5,188.5,51.9,1.03,0.13,50.0,,,,,9.438
22.97,CARRY,22.62,-0.01,-9.58,23.48,-0.01,1,0,326.5,190.5,49.9,0.99,0.13,49.5,,,,,9.438
23.02,CARRY,22.62,-0.01,-9.58,23.53,-0.01,1,0,326.5,188.0,52.4,1.04,0.13,50.1,,,,,9.438
23.07,CARRY,22.72,-0.01,-9.58,23.58,-0.01,1,0,326.5,190.5,49.9,0.99,0.13,52.2,,,,,9.438
23.12,CARRY,22.72,-0.01,-9.58,23.64,-0.01,1,0,326.5,188.0,52.4,1.04,0.13,48.0,,,,,9.438
23.17,CARRY,22.82,-0.01,-9.58,23.69,-0.01,1,0,326.5,190.5,49.9,0.99,0.13,51.4,,,,,9.438
23.22,CARRY,22.82,-0.01,-9.58,23.74,-0.01,1,0,326.5,188.0,52.4,1.04,0.13,51.0,,,,,9.375
23.28,CARRY,22.92,-0.01,-9.58,23.79,-0.01,1,0,326.5,190.5,49.9,0.99,0.13,50.7,,,,,9.438
23.33,CARRY,22.92,-0.01,-9.58,23.84,-0.01,1,0,326.5,187.5,52.9,1.05,0.13,50.4,,,,,9.312
23.38,CARRY,23.02,-0.01,-9.58,23.89,-0.01,1,0,326.5,190.0,50.4,1.0,0.13,51.8,,,,,9.25
23.43,CARRY,23.02,-0.01,-9.58,23.95,-0.01,1,0,326.5,187.0,53.4,1.06,0.13,48.5,,,,,9.375
23.48,CARRY,23.12,-0.01,-9.58,24.0,-0.01,1,0,326.5,190.0,50.4,1.0,0.13,51.4,,,,,9.312
23.53,CARRY,23.12,-0.01,-9.58,24.05,-0.01,1,0,326.5,187.0,53.4,1.06,0.13,49.7,,,,,9.312
23.58,CARRY,23.22,-0.01,-9.58,24.1,-0.01,1,0,326.5,190.0,50.4,1.0,0.13,49.1,,,,,9.25
23.63,CARRY,23.22,-0.01,-9.58,24.15,-0.01,1,0,326.5,187.0,53.4,1.06,0.13,48.9,,,,,9.312
23.69,CARRY,23.32,-0.01,-9.58,24.2,-0.01,1,0,326.5,190.0,50.4,1.0,0.13,50.7,,,,,9.188
23.74,CARRY,23.43,-0.01,-9.58,24.25,-0.01,1,0,325.5,192.5,47.8,0.95,0.11,48.3,,,,,9.188
23.79,CARRY,23.43,-0.01,-9.58,24.3,-0.01,1,0,326.5,190.0,50.4,1.0,0.13,52.1,,,,,9.125
23.84,CARRY,23.53,-0.01,-9.58,24.35,-0.01,1,0,325.5,192.5,47.8,0.95,0.11,50.5,,,,,9.188
23.89,CARRY,23.53,-0.01,-9.58,24.41,-0.01,1,0,326.5,190.0,50.4,1.0,0.13,49.8,,,,,9.125
23.94,CARRY,23.63,-0.01,-9.58,24.46,-0.01,1,0,325.5,192.5,47.8,0.95,0.11,50.4,,,,,9.188
23.99,CARRY,23.63,-0.01,-9.58,24.51,-0.01,1,0,326.5,190.0,50.4,1.0,0.13,51.0,,,,,9.125
24.05,CARRY,23.73,-0.01,-9.58,24.56,-0.01,1,0,325.5,192.5,47.8,0.95,0.11,49.1,,,,,9.188
24.1,CARRY,23.73,-0.01,-9.58,24.61,-0.01,1,0,326.5,190.0,50.4,1.0,0.13,49.8,,,,,9.062
24.15,CARRY,23.84,-0.01,-9.58,24.66,-0.01,1,0,325.5,192.5,47.8,0.95,0.11,50.4,,,,,9.062
24.2,CARRY,23.84,-0.01,-9.58,24.71,-0.01,1,0,326.5,190.0,50.4,1.0,0.13,48.2,,,,,9.0
24.25,CARRY,23.94,-0.01,-9.58,24.76,-0.01,1,0,325.5,192.5,47.8,0.95,0.11,51.3,,,,,9.188
24.3,CARRY,23.94,-0.01,-9.58,24.81,-0.01,1,0,326.5,190.0,50.4,1.0,0.13,49.6,,,,,9.062
24.35,CARRY,24.04,-0.01,-9.58,24.87,-0.01,1,0,325.5,192.5,47.8,0.95,0.11,48.7,,,,,9.062
24.4,CARRY,24.04,-0.01,-9.58,24.92,-0.01,1,0,326.5,190.0,50.4,1.0,0.13,50.9,,,,,9.062
24.45,CARRY,24.14,-0.01,-9.58,24.97,-0.01,1,0,326.0,192.5,47.9,0.95,0.12,48.6,,,,,9.062
24.5,CARRY,24.14,-0.01,-9.58,25.02,-0.01,1,0,326.5,190.0,50.4,1.0,0.13,49.2,,,,,9.188
24.55,CARRY,24.24,-0.01,-9.58,25.07,-0.01,1,0,326.0,192.5,47.9,0.95,0.12,49.7,,,,,9.0
24.6,CARRY,24.24,-0.01,-9.58,25.12,-0.01,1,0,326.5,190.0,50.4,1.0,0.13,52.0,,,,,9.125
24.66,CARRY,24.34,-0.01,-9.58,25.17,-0.01,1,0,326.5,192.5,47.9,0.95,0.13,48.8,,,,,9.0
24.71,CARRY,24.34,-0.01,-9.58,25.22,-0.01,1,0,326.5,190.0,50.4,1.0,0.13,51.2,,,,,9.0
24.76,CARRY,24.44,-0.01,-9.58,25.27,-0.01,1,0,326.5,192.0,48.4,0.96,0.13,49.7,,,,,9.0
24.81,CARRY,24.44,-0.01,-9.58,25.32,-0.01,1,0,326.5,189.5,50.9,1.01,0.13,49.8,,,,,9.062
24.86,CARRY,24.53,-0.01,-9.58,25.38,-0.01,1,0,326.5,192.0,48.4,0.96,0.13,49.7,,,,,9.0
24.91,CARRY,24.53,-0.01,-9.58,25.43,-0.01,1,0,326.5,189.0,51.4,1.02,0.13,50.8,,,,,9.062
24.96,CARRY,24.63,-0.01,-9.58,25.48,-0.01,1,0,326.5,192.0,48.4,0.96,0.13,49.1,,,,,8.938
25.01,CARRY,24.63,-0.01,-9.58,25.53,-0.01,1,0,326.5,189.0,51.4,1.02,0.13,49.8,,,,,8.938
25.06,CARRY,24.73,-0.01,-9.58,25.58,-0.01,1,0,326.5,191.5,48.9,0.97,0.13,49.7,,,,,8.938
25.11,CARRY,24.73,-0.01,-9.58,25.63,-0.01,1,0,326.5,189.0,51.4,1.02,0.13,48.7,,,,,9.062
25.16,CARRY,24.83,-0.01,-9.58,25.68,-0.01,1,0,326.5,191.5,48.9,0.97,0.13,49.7,,,,,9.0
25.22,CARRY,24.83,-0.01,-9.58,25.73,-0.01,1,0,326.5,189.0,51.4,1.02,0.13,52.1,,,,,9.062
25.27,CARRY,24.93,-0.01,-9.58,25.78,-0.01,1,0,326.5,191.5,48.9,0.97,0.13,49.1,,,,,9.0
25.32,CARRY,24.93,-0.01,-9.58,25.83,-0.01,1,0,326.5,188.5,51.9,1.03,0.13,51.0,,,,,9.0
25.37,CARRY,25.03,-0.01,-9.58,25.89,-0.01,1,0,326.5,191.0,49.4,0.98,0.13,49.7,,,,,9.0
25.42,CARRY,25.03,-0.01,-9.58,25.94,-0.01,1,0,326.5,188.5,51.9,1.03,0.13,50.2,,,,,9.062
25.47,CARRY,25.13,-0.01,-9.58,25.99,-0.01,1,0,326.5,191.0,49.4,0.98,0.13,49.2,,,,,9.0
25.52,CARRY,25.13,-0.01,-9.58,26.04,-0.01,1,0,326.5,188.0,52.4,1.04,0.13,51.1,,,,,9.0
25.58,CARRY,25.23,-0.01,-9.58,26.09,-0.01,1,0,327.0,190.0,50.5,1.0,0.14,49.9,,,,,9.125
25.63,CARRY,25.23,-0.01,-9.58,26.14,-0.01,1,0,326.5,188.0,52.4,1.04,0.13,49.0,,,,,8.875
25.68,CARRY,25.33,-0.01,-9.58,26.19,-0.01,1,0,327.0,190.5,50.0,0.99,0.14,51.4,,,,,8.812
25.73,CARRY,25.33,-0.01,-9.58,26.24,-0.01,1,0,326.5,188.0,52.4,1.04,0.13,50.9,,,,,8.688
25.78,CARRY,25.43,-0.01,-9.58,26.3,-0.01,1,0,327.0,190.5,50.0,0.99,0.14,57.7,,,,,8.625
25.84,CARRY,25.53,-0.01,-9.58,26.35,-0.01,1,0,325.5,193.5,46.8,0.93,0.11,49.3,,,,,8.5
25.89,CARRY,25.53,-0.01,-9.58,26.4,-0.01,1,0,326.0,192.0,48.4,0.96,0.12,50.4,,,,,8.562
25.94,CARRY,25.63,-0.01,-9.58,26.46,-0.01,1,0,325.0,195.5,44.8,0.89,0.1,51.5,,,,,8.688
25.99,CARRY,25.63,-0.01,-9.58,26.51,-0.01,1,0,326.0,194.5,45.9,0.91,0.12,50.5,,,,,8.75
26.05,CARRY,25.73,-0.01,-9.58,26.56,-0.01,1,0,324.5,198.5,41.7,0.83,0.09,51.1,,,,,8.812
26.1,CARRY,25.73,-0.01,-9.58,26.61,-0.01,1,0,325.5,197.0,43.4,0.86,0.11,50.1,,,,,8.875
26.15,CARRY,25.83,-0.01,-9.58,26.66,-0.01,1,0,324.0,202.0,38.2,0.76,0.08,50.0,,,,,8.875
26.2,CARRY,25.83,-0.01,-9.58,26.71,-0.01,1,0,325.0,200.5,39.8,0.79,0.1,50.7,,,,,8.938
26.25,CARRY,25.93,-0.01,-9.58,26.77,-0.01,1,0,324.0,204.5,35.7,0.71,0.08,51.0,,,,,8.938
26.3,CARRY,25.93,-0.01,-9.58,26.82,-0.01,1,0,324.5,203.0,37.3,0.74,0.09,49.1,,,,,8.938
26.35,CARRY,26.03,-0.01,-9.58,26.87,-0.01,1,0,323.5,207.0,33.2,0.66,0.07,48.8,,,,,8.938
26.4,CARRY,26.03,-0.01,-9.58,26.92,-0.01,1,0,324.5,205.5,34.8,0.69,0.09,52.5,,,,,8.938
26.46,CARRY,26.12,-0.01,-9.58,26.97,-0.01,1,0,324.0,209.5,30.8,0.61,0.08,49.0,,,,,9.0
26.51,CARRY,26.12,-0.01,-9.58,27.02,-0.01,1,0,324.0,208.0,32.2,0.64,0.08,50.2,,,,,9.0
26.56,CARRY,26.21,-0.01,-9.58,27.07,-0.01,1,0,324.0,211.5,28.8,0.57,0.08,49.1,,,,,9.0
26.61,CARRY,26.21,-0.01,-9.58,27.12,-0.01,1,0,323.5,210.0,30.2,0.6,0.07,48.5,,,,,8.938
26.66,CARRY,26.3,-0.01,-9.58,27.17,-0.01,1,0,323.5,213.5,26.7,0.53,0.07,51.1,,,,,8.812
26.71,CARRY,26.3,-0.01,-9.58,27.23,-0.01,1,0,323.5,212.0,28.2,0.56,0.07,50.0,,,,,8.938
26.76,CARRY,26.38,-0.01,-9.58,27.28,-0.01,1,0,323.0,215.5,24.7,0.49,0.06,52.6,,,,,9.062
26.82,CARRY,26.38,-0.01,-9.58,27.33,-0.01,1,0,323.0,214.0,26.2,0.52,0.06,48.3,,,,,9.125
26.87,CARRY,26.46,-0.01,-9.58,27.38,-0.01,1,0,322.5,217.5,22.6,0.45,0.05,50.9,,,,,9.0
26.92,CARRY,26.46,-0.01,-9.58,27.43,-0.01,1,0,323.5,216.0,24.3,0.48,0.07,50.6,,,,,9.062
26.97,CARRY,26.53,-0.01,-9.58,27.48,-0.01,1,0,322.5,218.5,21.6,0.43,0.05,51.9,,,,,9.125
27.02,CARRY,26.53,-0.01,-9.58,27.54,-0.01,1,0,323.0,217.0,23.2,0.46,0.06,47.6,,,,,9.125
27.07,CARRY,26.6,-0.01,-9.58,27.59,-0.01,1,0,322.5,219.5,20.7,0.41,0.05,50.6,,,,,9.0
27.12,CARRY,26.6,-0.01,-9.58,27.64,-0.01,1,0,322.5,218.0,22.1,0.44,0.05,51.5,,,,,9.0
27.18,CARRY,26.66,-0.01,-9.58,27.69,-0.01,1,0,322.5,220.5,19.7,0.39,0.05,49.2,,,,,9.125
27.23,CARRY,26.66,-0.01,-9.58,27.74,-0.01,1,0,322.5,218.5,21.6,0.43,0.05,51.2,,,,,9.375
27.28,CARRY,26.72,-0.01,-9.58,27.79,-0.01,1,0,322.0,220.5,19.6,0.39,0.04,49.5,,,,,9.438
27.33,CARRY,26.72,-0.01,-9.58,27.84,-0.01,1,0,323.0,219.0,21.2,0.42,0.06,47.9,,,,,9.625
27.38,CARRY,26.78,-0.01,-9.58,27.89,-0.01,1,0,322.5,221.0,19.2,0.38,0.05,48.9,,,,,9.688
27.43,CARRY,26.78,-0.01,-9.58,27.94,-0.01,1,0,322.5,219.0,21.1,0.42,0.05,50.7,,,,,9.75
27.48,CARRY,26.84,-0.01,-9.58,27.99,-0.01,1,0,322.5,221.0,19.2,0.38,0.05,51.1,,,,,9.812
27.53,CARRY,26.84,-0.01,-9.58,28.05,-0.01,1,0,322.5,219.5,20.7,0.41,0.05,48.2,,,,,9.812
27.58,CARRY,26.89,-0.01,-9.58,28.1,-0.01,1,0,322.0,221.0,19.1,0.38,0.04,48.2,,,,,9.75
27.63,CARRY,26.89,-0.01,-9.58,28.15,-0.01,1,0,322.5,219.5,20.7,0.41,0.05,50.8,,,,,9.75
27.68,CARRY,26.94,-0.01,-9.58,28.2,-0.01,1,0,322.5,221.0,19.2,0.38,0.05,48.7,,,,,9.688
27.73,CARRY,26.98,-0.01,-9.58,28.25,-0.01,1,0,322.5,222.5,17.7,0.35,0.05,51.8,,,,,9.688
27.79,CARRY,26.98,-0.01,-9.58,28.3,-0.01,1,0,322.5,221.0,19.2,0.38,0.05,50.4,,,,,9.688
27.84,CARRY,27.03,-0.01,-9.58,28.35,-0.01,1,0,322.0,222.0,18.1,0.36,0.04,49.2,,,,,9.562
27.89,CARRY,27.03,-0.01,-9.58,28.4,-0.01,1,0,322.0,220.5,19.6,0.39,0.04,50.5,,,,,9.625
27.94,CARRY,27.07,-0.01,-9.58,28.45,-0.01,1,0,322.0,221.5,18.6,0.37,0.04,48.1,,,,,9.625
27.99,CARRY,27.07,-0.01,-9.58,28.5,-0.01,1,0,322.5,220.0,20.2,0.4,0.05,49.9,,,,,9.5
28.04,CARRY,27.12,-0.01,-9.58,28.56,-0.01,1,0,322.5,221.0,19.2,0.38,0.05,51.3,,,,,9.438
28.09,CARRY,27.12,-0.01,-9.58,28.61,-0.01,1,0,322.0,219.5,20.6,0.41,0.04,52.4,,,,,9.438
28.15,CARRY,27.16,-0.01,-9.58,28.66,-0.01,1,0,322.0,220.5,19.6,0.39,0.04,49.7,,,,,9.375
28.2,CARRY,27.16,-0.01,-9.58,28.71,-0.01,1,0,322.5,219.5,20.7,0.41,0.05,51.3,,,,,9.375
28.25,CARRY,27.2,-0.01,-9.58,28.76,-0.01,1,0,322.5,220.0,20.2,0.4,0.05,50.3,,,,,9.312
28.3,CARRY,27.2,-0.01,-9.58,28.82,-0.01,1,0,322.5,218.5,21.6,0.43,0.05,48.7,,,,,9.375
28.35,CARRY,27.24,-0.01,-9.58,28.87,-0.01,1,0,322.5,219.5,20.7,0.41,0.05,48.0,,,,,9.312
28.4,CARRY,27.24,-0.01,-9.58,28.92,-0.01,1,0,323.0,218.5,21.7,0.43,0.06,49.7,,,,,9.375
28.45,CARRY,27.28,-0.01,-9.58,28.97,-0.01,1,0,322.5,219.0,21.1,0.42,0.05,48.6,,,,,9.25
28.5,CARRY,27.28,-0.01,-9.58,29.02,-0.01,1,0,322.5,217.5,22.6,0.45,0.05,52.0,,,,,9.25
28.55,CARRY,27.32,-0.01,-9.58,29.07,-0.01,1,0,322.5,218.0,22.1,0.44,0.05,51.3,,,,,9.438
28.61,CARRY,27.32,-0.01,-9.58,29.12,-0.01,1,0,323.0,216.5,23.7,0.47,0.06,50.6,,,,,9.438
28.66,CARRY,27.36,-0.01,-9.58,29.17,-0.01,1,0,322.5,217.5,22.6,0.45,0.05,48.9,,,,,9.5
28.71,CARRY,27.36,-0.01,-9.58,29.22,-0.01,1,0,323.0,216.0,24.2,0.48,0.06,50.3,,,,,9.562
28.76,CARRY,27.41,-0.01,-9.58,29.27,-0.01,1,0,322.5,217.0,23.1,0.46,0.05,50.7,,,,,9.562
28.81,CARRY,27.41,-0.01,-9.58,29.33,-0.01,1,0,322.5,215.5,24.6,0.49,0.05,50.2,,,,,9.062
28.86,CARRY,27.45,-0.01,-9.58,29.38,-0.01,1,0,322.5,216.5,23.6,0.47,0.05,52.7,,,,,9.438
28.92,CARRY,27.45,-0.01,-9.58,29.43,-0.01,1,0,323.0,215.0,25.2,0.5,0.06,50.1,,,,,9.375
28.97,CARRY,27.49,-0.01,-9.58,29.48,-0.01,1,0,323.0,216.0,24.2,0.48,0.06,50.9,,,,,9.375
29.02,CARRY,27.49,-0.01,-9.58,29.53,-0.01,1,0,323.0,214.5,25.7,0.51,0.06,49.0,,,,,9.438
29.07,CARRY,27.53,-0.01,-9.58,29.58,-0.01,1,0,322.5,216.0,24.1,0.48,0.05,49.0,,,,,9.25
29.12,CARRY,27.53,-0.01,-9.58,29.63,-0.01,1,0,323.5,214.5,25.7,0.51,0.07,50.7,,,,,9.125
29.17,CARRY,27.58,-0.01,-9.58,29.69,-0.01,1,0,323.5,215.5,24.7,0.49,0.07,49.7,,,,,9.188
29.22,CARRY,27.58,-0.01,-9.58,29.74,-0.01,1,0,323.0,214.0,26.2,0.52,0.06,51.8,,,,,9.188
29.27,CARRY,27.62,-0.01,-9.58,29.79,-0.01,1,0,323.0,215.5,24.7,0.49,0.06,51.5,,,,,9.0
29.33,CARRY,27.62,-0.01,-9.58,29.84,-0.01,1,0,324.0,213.5,26.8,0.53,0.08,49.1,,,,,8.938
29.38,CARRY,27.67,-0.01,-9.58,29.89,-0.01,1,0,323.5,215.0,25.2,0.5,0.07,48.9,,,,,8.625
29.43,CARRY,27.67,-0.01,-9.58,29.94,-0.01,1,0,323.5,213.5,26.7,0.53,0.07,47.6,,,,,8.562
29.48,CARRY,27.72,-0.02,-9.58,29.99,-0.01,1,0,323.5,214.0,26.2,0.52,0.07,50.4,,,,,8.25
29.53,CARRY,27.72,-0.02,-9.58,30.04,-0.01,1,0,324.0,213.0,27.3,0.54,0.08,50.2,,,,,7.969
29.58,CARRY,27.76,-0.02,-9.58,30.09,-0.01,1,0,323.5,214.5,25.7,0.51,0.07,48.7,,,,,7.969
29.63,CARRY,27.76,-0.02,-9.58,30.14,-0.01,1,0,324.0,212.5,27.8,0.55,0.08,50.1,,,,,8.0
29.68,CARRY,27.81,-0.02,-9.58,30.2,-0.01,1,0,324.0,214.0,26.3,0.52,0.08,49.8,,,,,7.219
29.73,CARRY,27.81,-0.02,-9.58,30.25,-0.01,1,0,323.0,213.0,27.2,0.54,0.06,48.4,,,,,6.625
29.78,CARRY,27.86,-0.02,-9.58,30.3,-0.01,1,0,323.0,214.0,26.2,0.52,0.06,53.3,,,,,5.719
29.84,CARRY,27.91,-0.02,-9.58,30.35,-0.01,1,0,323.0,215.0,25.2,0.5,0.06,49.4,,,,,4.375
29.89,CARRY,27.91,-0.02,-9.58,30.4,-0.01,1,0,,,,1.146,0.089,48.7,,,,,-2.375
29.94,CARRY,27.96,-0.02,-9.58,30.45,-0.01,1,0,,,,1.145,0.087,49.1,,,,,-3.594
29.99,CARRY,27.96,-0.02,-9.58,30.5,-0.01,1,0,,,,1.17,0.089,51.3,,,,,-4.062
30.04,CARRY,28.01,-0.02,-9.58,30.55,-0.01,1,1,,,,1.17,0.087,48.6,,,,,-4.344
30.09,CARRY,28.01,-0.02,-9.58,30.6,-0.01,1,1,,,,1.195,0.089,50.4,,,,,-4.375
30.14,CARRY,28.06,-0.02,-9.58,30.65,-0.01,1,1,,,,1.194,0.087,48.8,,,,,-4.031
30.19,CARRY,28.06,-0.02,-9.58,30.7,-0.01,1,1,,,,1.219,0.089,50.5,,,,,-4.031
30.24,CARRY,28.12,-0.02,-9.58,30.76,-0.01,1,1,,,,1.216,0.088,50.4,,,,,-4.281
30.29,CARRY,28.12,-0.02,-9.58,30.81,-0.01,1,1,,,,1.241,0.089,48.8,,,,,-4.375
30.34,CARRY,28.19,-0.02,-9.58,30.86,-0.01,1,1,,,,1.233,0.088,49.5,,,,,-4.438
30.39,CARRY,28.19,-0.02,-9.58,30.91,-0.01,1,1,,,,1.258,0.089,48.5,,,,,-4.469
30.44,CARRY,28.26,-0.02,-9.58,30.96,-0.01,1,1,,,,1.245,0.087,49.4,,,,,-4.062
30.49,CARRY,28.26,-0.02,-9.58,31.01,-0.01,1,1,,,,1.269,0.089,47.8,,,,,-4.062
30.54,CARRY,28.35,-0.03,-9.58,31.06,-0.01,1,1,,,,1.252,0.087,51.5,,,,,-4.094
30.6,CARRY,28.35,-0.03,-9.58,31.11,-0.01,1,1,,,,1.278,0.089,49.2,,,,,-4.0
30.65,CARRY,28.44,-0.03,-9.58,31.16,-0.01,1,1,,,,1.256,0.086,49.5,,,,,-3.656
30.7,CARRY,28.44,-0.03,-9.58,31.21,-0.01,1,1,,,,1.281,0.088,50.3,,,,,-3.734
30.75,CARRY,28.54,-0.04,-9.58,31.26,-0.01,1,1,,,,1.256,0.086,50.1,,,,,-3.859
30.8,CARRY,28.54,-0.04,-9.58,31.31,-0.01,1,1,,,,1.281,0.088,50.4,,,,,-3.891
30.85,CARRY,28.65,-0.04,-9.58,31.37,-0.01,1,1,,,,1.254,0.085,49.6,,,,,-3.812
30.9,CARRY,28.65,-0.04,-9.58,31.42,-0.01,1,1,,,,1.279,0.087,49.2,,,,,-3.906
30.95,CARRY,28.76,-0.05,-9.58,31.47,-0.01,1,1,,,,1.248,0.085,52.1,,,,,-3.703
31.0,CARRY,28.76,-0.05,-9.58,31.52,-0.01,1,1,,,,1.274,0.087,48.8,,,,,-3.688
31.05,CARRY,28.87,-0.05,-9.58,31.57,-0.01,1,1,,,,1.242,0.085,49.1,,,,,-3.594
31.1,CARRY,28.87,-0.05,-9.58,31.62,-0.01,1,1,,,,1.267,0.086,49.4,,,,,-3.641
31.15,CARRY,28.98,-0.06,-9.58,31.67,-0.01,1,1,,,,1.234,0.084,50.8,,,,,-3.656
31.21,CARRY,28.98,-0.06,-9.58,31.72,-0.01,1,1,,,,1.259,0.086,49.0,,,,,-3.672
31.26,CARRY,29.1,-0.07,-9.58,31.77,-0.01,1,1,,,,1.225,0.084,48.9,,,,,-3.25
31.31,CARRY,29.1,-0.07,-9.58,31.82,-0.01,1,1,,,,1.249,0.085,48.8,,,,,-3.281
31.36,CARRY,29.22,-0.08,-9.58,31.87,-0.01,1,1,,,,1.214,0.083,51.1,,,,,-3.344
31.41,CARRY,29.22,-0.08,-9.58,31.92,-0.01,1,1,,,,1.24,0.085,47.9,,,,,-3.375
31.46,CARRY,29.34,-0.09,-9.58,31.97,-0.01,1,1,,,,1.205,0.082,48.5,,,,,-3.25
31.51,CARRY,29.34,-0.09,-9.58,32.02,-0.01,1,1,,,,1.229,0.084,50.2,,,,,-3.219
31.56,CARRY,29.46,-0.09,-9.58,32.07,-0.01,1,1,,,,1.194,0.082,49.7,,,,,-3.25
31.61,CARRY,29.46,-0.09,-9.58,32.12,-0.01,1,1,,,,1.219,0.084,49.5,,,,,-3.312
31.66,CARRY,29.58,-0.1,-9.58,32.18,-0.01,1,1,,,,1.184,0.081,51.5,,,,,-3.281
31.71,CARRY,29.58,-0.1,-9.58,32.23,-0.01,1,1,,,,1.209,0.083,48.1,,,,,-3.234
31.76,CARRY,29.7,-0.11,-9.58,32.28,-0.01,1,1,,,,1.174,0.081,50.4,,,,,-3.125
31.81,CARRY,29.7,-0.11,-9.58,32.33,-0.01,1,1,,,,1.199,0.082,47.7,,,,,-3.203
31.86,CARRY,29.82,-0.12,-9.58,32.38,-0.01,1,1,,,,1.163,0.08,50.6,,,,,-3.172
31.92,CARRY,29.82,-0.12,-9.58,32.43,-0.01,1,1,,,,1.189,0.081,48.7,,,,,-3.156
31.97,CARRY,29.94,-0.12,-9.58,32.48,-0.01,1,1,,,,1.153,0.079,50.9,,,,,-3.328
32.02,CARRY,29.94,-0.12,-9.58,32.53,-0.01,1,1,,,,1.179,0.08,50.3,,,,,-3.406
32.07,CARRY,30.06,-0.13,-9.58,32.58,-0.01,1,1,,,,1.144,0.078,51.1,,,,,-2.938
32.12,CARRY,30.06,-0.13,-9.58,32.64,-0.01,1,1,,,,1.169,0.08,48.7,,,,,-2.969
32.17,CARRY,30.18,-0.14,-9.58,32.69,-0.01,1,1,,,,1.134,0.077,48.5,,,,,-2.859
32.22,CARRY,30.18,-0.14,-9.58,32.74,-0.01,1,1,,,,1.159,0.079,50.9,,,,,-2.906
32.27,CARRY,30.3,-0.15,-9.58,32.79,-0.01,1,1,,,,1.125,0.076,49.3,,,,,-2.953
32.32,CARRY,30.3,-0.15,-9.58,32.84,-0.01,1,1,,,,1.15,0.078,48.4,,,,,-3.016
32.37,CARRY,30.42,-0.15,-9.58,32.89,-0.01,1,1,,,,1.115,0.075,48.8,,,,,-3.0
32.42,CARRY,30.42,-0.15,-9.58,32.94,-0.01,1,1,,,,1.139,0.076,50.3,,,,,-3.031
32.47,CARRY,30.54,-0.16,-9.58,32.99,-0.01,1,1,,,,1.106,0.073,50.2,,,,,-3.156
32.53,CARRY,30.54,-0.16,-9.58,33.04,-0.01,1,1,,,,1.131,0.075,51.4,,,,,-3.188
32.58,CARRY,30.66,-0.17,-9.58,33.09,-0.01,1,1,,,,1.098,0.072,49.1,,,,,-2.922
32.63,CARRY,30.66,-0.17,-9.58,33.14,-0.01,1,1,,,,1.123,0.074,48.3,,,,,-2.984
32.68,CARRY,30.77,-0.17,-9.58,33.19,-0.01,1,1,,,,1.09,0.071,48.9,,,,,-2.859
32.73,CARRY,30.77,-0.17,-9.58,33.24,-0.01,1,1,,,,1.114,0.073,47.8,,,,,-2.922
32.78,CARRY,30.89,-0.18,-9.58,33.29,-0.01,1,1,,,,1.081,0.07,50.7,,,,,-2.969
32.83,CARRY,30.89,-0.18,-9.58,33.34,-0.01,1,1,,,,1.106,0.071,50.1,,,,,-2.984
32.88,REGROUND,31.0,-0.18,-9.58,33.4,-0.01,1,1,,,,1.074,0.069,49.5,,,,,-3.0
32.93,REGROUND,31.0,-0.18,-9.58,33.45,-0.01,1,1,,,,1.099,0.07,2.6,,,,,
32.98,REGROUND,31.11,-0.19,-9.58,33.5,-0.01,1,1,,,,1.067,0.068,1.4,,,,,
33.03,REGROUND,31.11,-0.19,-9.58,33.55,-0.01,1,1,,,,1.091,0.069,0.9,,,,,
33.08,REGROUND,31.23,-0.2,-9.58,33.6,-0.01,1,1,,,,1.059,0.066,1.3,,,,,
33.13,REGROUND,31.23,-0.2,-9.58,33.65,-0.01,1,1,,,,1.083,0.068,0.9,,,,,
33.18,REGROUND,31.34,-0.2,-9.58,33.7,-0.01,1,1,,,,1.052,0.065,1.5,,,,,
33.23,REGROUND,31.34,-0.2,-9.58,33.75,-0.01,1,1,,,,1.076,0.067,0.9,,,,,
33.28,REGROUND,31.45,-0.21,-9.58,33.8,-0.01,1,1,,,,1.045,0.064,1.3,,,,,
33.33,REGROUND,31.45,-0.21,-9.58,33.85,-0.01,1,1,,,,1.07,0.066,0.8,,,,,
33.38,REGROUND,31.57,-0.22,-9.58,33.9,-0.01,1,1,,,,1.039,0.064,1.4,,,,,
33.43,REGROUND,31.57,-0.22,-9.58,33.95,-0.01,1,1,,,,1.063,0.065,0.8,,,,,
33.48,REGROUND,31.68,-0.22,-9.58,34.0,-0.01,1,1,,,,1.033,0.063,1.5,,,,,
33.53,REGROUND,31.68,-0.22,-9.58,34.05,-0.01,1,1,,,,1.057,0.064,0.9,,,,,
33.58,REGROUND,31.79,-0.23,-9.58,34.1,-0.01,1,1,,,,1.027,0.062,1.3,,,,,
33.63,REGROUND,31.79,-0.23,-9.58,34.15,-0.01,1,1,,,,1.051,0.064,0.9,,,,,
33.68,REGROUND,31.9,-0.24,-9.58,34.2,-0.01,1,1,,,,1.021,0.061,1.5,,,,,
33.73,REGROUND,31.9,-0.24,-9.58,34.25,-0.01,1,1,,,,1.046,0.063,0.9,,,,,
33.78,REGROUND,32.0,-0.24,-9.58,34.3,-0.01,1,1,,,,1.016,0.061,1.5,,,,,
33.83,REGROUND,32.0,-0.24,-9.58,34.35,-0.01,1,1,,,,1.041,0.062,1.0,,,,,
33.88,REGROUND,32.11,-0.25,-9.58,34.4,-0.01,1,1,,,,1.011,0.06,1.3,,,,,
33.93,REGROUND,32.11,-0.25,-9.58,34.45,-0.01,1,1,,,,1.036,0.062,0.6,,,,,
33.98,REGROUND,32.22,-0.25,-9.58,34.5,-0.01,1,1,,,,1.007,0.06,1.5,,,,,
34.03,REGROUND,32.22,-0.25,-9.58,34.55,-0.01,1,1,,,,1.031,0.061,0.8,,,,,
34.08,REGROUND,32.33,-0.26,-9.58,34.6,-0.01,1,1,,,,1.002,0.059,1.4,,,,,
34.13,REGROUND,32.33,-0.26,-9.58,34.65,-0.01,1,1,,,,1.027,0.061,0.8,,,,,
34.18,REGROUND,32.43,-0.27,-9.58,34.7,-0.01,1,1,,,,0.998,0.059,1.4,,,,,
34.23,REGROUND,32.43,-0.27,-9.58,34.75,-0.01,1,1,,,,1.023,0.06,0.9,,,,,
34.28,REGROUND,32.54,-0.27,-9.58,34.8,-0.01,1,1,,,,0.994,0.058,1.5,,,,,
34.33,REGROUND,32.54,-0.27,-9.58,34.85,-0.01,1,1,,,,1.019,0.06,1.0,,,,,
34.38,REGROUND,32.65,-0.28,-9.58,34.9,-0.01,1,1,,,,0.991,0.058,1.5,,,,,
34.43,REGROUND,32.65,-0.28,-9.58,34.95,-0.01,1,1,,,,1.015,0.06,0.9,,,,,
34.48,REGROUND,32.75,-0.29,-9.58,35.0,-0.01,1,1,,,,0.987,0.058,1.5,,,,,
34.53,REGROUND,32.75,-0.29,-9.58,35.05,-0.01,1,1,,,,1.012,0.059,0.6,,,,,
34.58,REGROUND,32.86,-0.29,-9.58,35.1,-0.01,1,1,,,,0.984,0.057,1.6,,,,,
34.63,REGROUND,32.86,-0.29,-9.58,35.15,-0.01,1,1,,,,1.008,0.059,0.9,,,,,
34.68,REGROUND,32.96,-0.3,-9.58,35.2,-0.01,1,1,,,,0.981,0.057,1.5,,,,,
34.73,REGROUND,32.96,-0.3,-9.58,35.25,-0.01,1,1,,,,1.006,0.059,0.8,,,,,
34.78,REGROUND,33.06,-0.31,-9.58,35.3,-0.01,1,1,,,,0.979,0.057,1.3,,,,,
34.83,REGROUND,33.06,-0.31,-9.58,35.35,-0.01,1,1,,,,1.003,0.059,0.8,,,,,
34.88,REGROUND,33.17,-0.31,-9.58,35.4,-0.01,1,1,,,,0.977,0.057,1.4,,,,,
34.93,REGROUND,33.17,-0.31,-9.58,35.45,-0.01,1,1,,,,1.001,0.059,0.9,,,,,
34.98,REGROUND,33.27,-0.32,-9.58,35.5,-0.01,1,1,,,,0.975,0.057,1.5,,,,,
35.03,REGROUND,33.37,-0.33,-9.58,35.55,-0.01,1,0,,,,0.948,0.055,1.3,,,,,
35.08,REGROUND,33.37,-0.33,-9.58,35.6,-0.01,1,0,,,,0.973,0.057,0.9,,,,,
35.13,REGROUND,33.37,-0.33,-9.58,35.65,-0.01,1,0,,,,0.998,0.058,0.9,,,,,
35.18,REGROUND,33.47,-0.34,-9.58,35.7,-0.01,1,0,,,,0.971,0.057,1.6,,,,,
35.23,REGROUND,33.47,-0.34,-9.58,35.75,-0.01,1,0,,,,0.995,0.059,0.9,,,,,
35.28,REGROUND,33.57,-0.34,-9.58,35.8,-0.01,1,0,,,,0.97,0.057,3.1,,,,,
35.33,REGROUND,33.57,-0.34,-9.58,35.85,-0.01,1,0,,,,0.994,0.059,0.9,,,,,
35.39,REGROUND,33.67,-0.35,-9.58,35.9,-0.01,1,0,,,,0.969,0.058,1.5,,,,,
35.44,REGROUND,33.67,-0.35,-9.58,35.95,-0.01,1,0,,,,0.993,0.059,0.8,,,,,
35.49,REGROUND,33.77,-0.36,-9.58,36.0,-0.01,1,0,,,,0.968,0.058,1.5,,,,,
35.54,REGROUND,33.77,-0.36,-9.58,36.05,-0.01,1,0,,,,0.992,0.059,0.9,,,,,
35.59,REGROUND,33.87,-0.36,-9.58,36.1,-0.01,1,0,,,,0.967,0.058,1.5,,,,,
35.64,REGROUND,33.97,-0.37,-9.58,36.15,-0.01,1,0,,,,0.942,0.057,1.5,,,,,
35.69,REGROUND,33.97,-0.37,-9.58,36.2,-0.01,1,0,,,,0.967,0.058,0.7,,,,,
35.74,REGROUND,34.07,-0.38,-9.58,36.25,-0.01,1,0,,,,0.941,0.057,1.5,,,,,
35.79,REGROUND,34.07,-0.38,-9.58,36.3,-0.01,1,0,,,,0.966,0.058,1.0,,,,,
35.84,REGROUND,34.07,-0.38,-9.58,36.35,-0.01,1,0,,,,0.991,0.06,0.9,,,,,
35.89,REGROUND,34.17,-0.38,-9.58,36.4,-0.01,1,0,,,,0.966,0.059,1.4,,,,,
35.94,REGROUND,34.17,-0.38,-9.58,36.45,-0.01,1,0,,,,0.991,0.06,0.9,,,,,
35.99,REGROUND,34.27,-0.39,-9.58,36.5,-0.01,1,0,,,,0.966,0.059,1.6,,,,,
36.04,REGROUND,34.27,-0.39,-9.58,36.55,-0.01,1,0,,,,0.991,0.06,0.8,,,,,
36.09,REGROUND,34.37,-0.4,-9.58,36.6,-0.01,1,0,,,,0.966,0.059,1.5,,,,,
36.14,REGROUND,34.37,-0.4,-9.58,36.65,-0.01,1,0,,,,0.991,0.06,0.9,,,,,
36.19,REGROUND,34.46,-0.4,-9.58,36.7,-0.01,1,0,,,,0.967,0.059,1.5,,,,,
36.24,REGROUND,34.56,-0.41,-9.58,36.75,-0.01,1,0,,,,0.943,0.058,1.4,,,,,
36.29,REGROUND,34.56,-0.41,-9.58,36.8,-0.01,1,0,,,,0.967,0.059,0.7,,,,,
36.34,REGROUND,34.66,-0.42,-9.58,36.85,-0.01,1,0,,,,0.943,0.058,1.6,,,,,
36.39,REGROUND,34.66,-0.42,-9.58,36.9,-0.01,1,0,,,,0.968,0.059,0.9,,,,,
36.44,REGROUND,34.76,-0.42,-9.58,36.95,-0.01,1,0,,,,0.944,0.058,1.6,,,,,
36.49,REGROUND,34.76,-0.42,-9.58,37.0,-0.01,1,0,,,,0.969,0.06,0.8,,,,,
36.54,REGROUND,34.76,-0.42,-9.58,37.05,-0.01,1,0,,,,0.993,0.061,0.9,,,,,
36.59,REGROUND,34.85,-0.43,-9.58,37.1,-0.01,1,0,,,,0.969,0.06,1.6,,,,,
36.64,REGROUND,34.85,-0.43,-9.58,37.15,-0.01,1,0,,,,0.994,0.061,1.1,,,,,
36.69,REGROUND,34.95,-0.44,-9.58,37.2,-0.01,1,0,,,,0.97,0.06,1.6,,,,,
36.74,REGROUND,35.05,-0.44,-9.58,37.25,-0.01,1,0,,,,0.946,0.059,1.6,,,,,
36.79,REGROUND,35.05,-0.44,-9.58,37.3,-0.01,1,0,,,,0.971,0.06,0.7,,,,,
36.84,REGROUND,35.14,-0.45,-9.58,37.35,-0.01,1,0,,,,0.948,0.059,1.4,,,,,
36.89,REGROUND,35.14,-0.45,-9.58,37.4,-0.01,1,0,,,,0.972,0.06,0.8,,,,,
36.94,REGROUND,35.24,-0.46,-9.58,37.45,-0.01,1,0,,,,0.948,0.059,1.5,,,,,
36.99,REGROUND,35.24,-0.46,-9.58,37.5,-0.01,1,0,,,,0.973,0.06,0.9,,,,,
37.04,REGROUND,35.34,-0.46,-9.58,37.55,-0.01,1,0,,,,0.949,0.059,1.5,,,,,
37.09,REGROUND,35.34,-0.46,-9.58,37.6,-0.01,1,0,,,,0.974,0.06,0.8,,,,,
37.14,REGROUND,35.34,-0.46,-9.58,37.65,-0.01,1,0,,,,0.999,0.062,0.9,,,,,
37.19,REGROUND,35.43,-0.47,-9.58,37.7,-0.01,1,0,,,,0.975,0.06,1.5,,,,,
37.24,REGROUND,35.43,-0.47,-9.58,37.75,-0.01,1,0,,,,0.999,0.062,0.9,,,,,
37.29,REGROUND,35.53,-0.47,-9.58,37.8,-0.01,1,0,,,,0.975,0.06,1.3,,,,,
37.34,REGROUND,35.63,-0.48,-9.58,37.85,-0.01,1,0,,,,0.952,0.059,1.4,,,,,
37.39,REGROUND,35.63,-0.48,-9.58,37.9,-0.01,1,0,,,,0.976,0.061,0.8,,,,,
37.44,REGROUND,35.72,-0.49,-9.58,37.95,-0.01,1,0,,,,0.953,0.059,1.4,,,,,
37.49,REGROUND,35.72,-0.49,-9.58,38.0,-0.01,1,0,,,,0.977,0.061,3.0,,,,,
37.54,REGROUND,35.82,-0.49,-9.58,38.05,-0.01,1,0,,,,0.953,0.059,1.5,,,,,
37.59,REGROUND,35.82,-0.49,-9.58,38.1,-0.01,1,0,,,,0.978,0.061,0.9,,,,,
37.64,REGROUND,35.92,-0.5,-9.58,38.15,-0.01,1,0,,,,0.954,0.059,1.6,,,,,
37.69,REGROUND,35.92,-0.5,-9.58,38.2,-0.01,1,0,,,,0.979,0.061,0.9,,,,,
37.74,REGROUND,36.01,-0.51,-9.58,38.25,-0.01,1,0,,,,0.955,0.06,1.6,,,,,
37.79,REGROUND,36.01,-0.51,-9.58,38.3,-0.01,1,0,,,,0.98,0.061,0.9,,,,,
37.84,REGROUND,36.11,-0.51,-9.58,38.35,-0.01,1,0,,,,0.956,0.06,1.7,,,,,
37.89,REGROUND,36.11,-0.51,-9.58,38.4,-0.01,1,0,,,,0.981,0.061,0.7,,,,,
37.94,REGROUND,36.21,-0.52,-9.58,38.45,-0.01,1,0,,,,0.957,0.06,1.4,,,,,
37.99,REGROUND,36.21,-0.52,-9.58,38.5,-0.01,1,0,,,,0.982,0.061,0.8,,,,,
38.04,REGROUND,36.3,-0.52,-9.58,38.55,-0.01,1,0,,,,0.958,0.06,1.4,,,,,
38.09,REGROUND,36.3,-0.52,-9.58,38.6,-0.01,1,0,,,,0.983,0.061,0.9,,,,,
38.14,REGROUND,36.4,-0.53,-9.58,38.65,-0.01,1,0,,,,0.959,0.06,1.4,,,,,
38.19,REGROUND,36.4,-0.53,-9.58,38.7,-0.01,1,0,,,,0.984,0.062,0.8,,,,,
38.24,REGROUND,36.49,-0.54,-9.58,38.75,-0.01,1,0,,,,0.96,0.06,1.5,,,,,
38.29,REGROUND,36.49,-0.54,-9.58,38.8,-0.01,1,0,,,,0.985,0.062,0.8,,,,,
38.34,REGROUND,36.59,-0.54,-9.58,38.85,-0.01,1,0,,,,0.961,0.06,1.6,,,,,
38.39,REGROUND,36.59,-0.54,-9.58,38.9,-0.01,1,0,,,,0.986,0.062,0.9,,,,,
38.44,REGROUND,36.69,-0.55,-9.58,38.95,-0.01,1,0,,,,0.963,0.06,1.5,,,,,
38.49,REGROUND,36.69,-0.55,-9.58,39.0,-0.01,1,0,,,,0.987,0.062,0.9,,,,,
38.54,REGROUND,36.78,-0.56,-9.58,39.05,-0.01,1,0,,,,0.963,0.06,1.3,,,,,
38.59,REGROUND,36.78,-0.56,-9.58,39.1,-0.01,1,0,,,,0.988,0.062,0.9,,,,,
38.64,REGROUND,36.88,-0.56,-9.58,39.15,-0.01,1,0,,,,0.964,0.06,1.5,,,,,
38.69,REGROUND,36.88,-0.56,-9.58,39.2,-0.01,1,0,,,,0.989,0.062,0.9,,,,,
38.74,REGROUND,36.98,-0.57,-9.58,39.25,-0.01,1,0,,,,0.965,0.06,1.4,,,,,
38.79,REGROUND,36.98,-0.57,-9.58,39.3,-0.01,1,0,,,,0.99,0.062,0.7,,,,,
38.84,REGROUND,37.07,-0.57,-9.58,39.35,-0.01,1,0,,,,0.967,0.06,1.4,,,,,
38.89,REGROUND,37.07,-0.57,-9.58,39.4,-0.01,1,0,,,,0.991,0.062,0.8,,,,,
38.94,REGROUND,37.17,-0.58,-9.58,39.45,-0.01,1,0,,,,0.967,0.06,1.7,,,,,
38.99,REGROUND,37.17,-0.58,-9.58,39.5,-0.01,1,0,,,,0.992,0.062,0.9,,,,,
39.04,REGROUND,37.27,-0.59,-9.58,39.55,-0.01,1,0,,,,0.968,0.06,1.3,,,,,
39.09,REGROUND,37.27,-0.59,-9.58,39.6,-0.01,1,0,,,,0.993,0.062,0.9,,,,,
39.14,REGROUND,37.36,-0.59,-9.58,39.65,-0.01,1,0,,,,0.969,0.06,1.5,,,,,
39.19,REGROUND,37.36,-0.59,-9.58,39.71,-0.01,1,0,,,,0.994,0.062,0.9,,,,,
39.24,REGROUND,37.46,-0.6,-9.58,39.76,-0.01,1,0,,,,0.97,0.06,1.5,,,,,
39.29,REGROUND,37.46,-0.6,-9.58,39.81,-0.01,1,0,,,,0.994,0.062,0.9,,,,,
39.34,REGROUND,37.56,-0.6,-9.58,39.86,-0.01,1,0,,,,0.969,0.06,1.5,,,,,
39.39,REGROUND,37.56,-0.6,-9.58,39.91,-0.01,1,0,,,,0.994,0.062,0.7,,,,,
39.44,REGROUND,37.66,-0.61,-9.58,39.96,-0.01,1,0,,,,0.97,0.06,1.5,,,,,
39.49,REGROUND,37.66,-0.61,-9.58,40.01,-0.01,1,0,,,,0.994,0.062,0.8,,,,,
39.54,REGROUND,37.75,-0.62,-9.58,40.06,-0.01,1,0,,,,0.97,0.06,1.5,,,,,
39.59,REGROUND,37.75,-0.62,-9.58,40.11,-0.01,1,0,,,,0.995,0.062,0.8,,,,,
39.64,REGROUND,37.85,-0.62,-9.58,40.16,-0.01,1,0,,,,0.97,0.06,1.4,,,,,
39.69,REGROUND,37.85,-0.62,-9.58,40.21,-0.01,1,0,,,,0.995,0.062,0.9,,,,,
39.74,CARRY,37.95,-0.63,-9.58,40.26,-0.01,1,0,,,,1.048,0.524,210.9,,,,,
39.95,CARRY,38.15,-0.64,-9.58,40.47,-0.01,1,0,367.5,129.0,120.7,2.22,0.95,47.1,,,,,5.906
40.0,CARRY,38.15,-0.64,-9.58,40.52,-0.01,1,0,367.5,126.0,123.5,2.28,0.95,47.9,,,,,5.906
40.05,CARRY,38.24,-0.65,-9.58,40.57,-0.01,1,0,367.5,128.5,121.2,2.23,0.95,48.3,,,,,6.094
40.1,CARRY,38.24,-0.65,-9.58,40.62,-0.01,1,0,367.5,126.0,123.5,2.28,0.95,48.1,,,,,6.156
40.15,CARRY,38.34,-0.65,-9.58,40.67,-0.01,1,0,367.5,128.5,121.2,2.23,0.95,48.9,,,,,6.281
40.2,CARRY,38.34,-0.65,-9.58,40.72,-0.01,1,0,368.0,125.5,124.2,2.29,0.96,48.3,,,,,6.469
40.25,CARRY,38.45,-0.66,-9.58,40.77,-0.01,1,0,368.0,129.0,120.9,2.22,0.96,48.6,,,,,6.344
40.3,CARRY,38.45,-0.66,-9.58,40.82,-0.01,1,0,368.5,126.5,123.4,2.27,0.97,47.9,,,,,6.5
40.35,CARRY,38.55,-0.66,-9.58,40.87,-0.01,1,0,368.5,129.0,121.1,2.22,0.97,50.8,,,,,6.562
40.41,CARRY,38.55,-0.66,-9.58,40.92,-0.01,1,0,369.0,126.5,123.6,2.27,0.98,49.4,,,,,6.781
40.46,CARRY,38.67,-0.65,-9.58,40.97,-0.01,1,0,368.0,131.0,119.1,2.18,0.96,49.3,,,,,7.0
40.51,CARRY,38.67,-0.65,-9.58,41.02,-0.01,1,0,369.0,128.0,122.2,2.24,0.98,48.3,,,,,7.156
40.56,CARRY,38.81,-0.63,-9.58,41.07,-0.01,1,0,367.0,133.0,116.9,2.14,0.94,49.7,,,,,8.25
40.61,CARRY,38.81,-0.63,-9.58,41.12,-0.01,1,0,367.5,129.5,120.3,2.21,0.95,48.5,,,,,8.25
40.66,CARRY,38.97,-0.6,-9.58,41.17,-0.01,1,0,364.5,135.5,113.6,2.09,0.89,49.5,,,,,8.562
40.71,CARRY,38.97,-0.6,-9.58,41.22,-0.01,1,0,365.5,133.0,116.3,2.14,0.91,48.5,,,,,8.625
40.76,CARRY,39.14,-0.56,-9.58,41.27,-0.01,1,0,363.0,139.5,109.3,2.01,0.86,48.9,,,,,8.5
40.81,CARRY,39.14,-0.56,-9.58,41.32,-0.01,1,0,362.5,136.5,111.9,2.07,0.85,48.0,,,,,8.438
40.86,CARRY,39.32,-0.52,-9.58,41.37,-0.01,1,0,360.0,143.5,104.5,1.93,0.8,49.5,,,,,8.375
40.91,CARRY,39.32,-0.52,-9.58,41.42,-0.01,1,0,359.5,140.0,107.5,2.0,0.79,48.5,,,,,8.375
40.96,CARRY,39.51,-0.48,-9.58,41.47,-0.01,1,0,356.5,148.5,98.5,1.83,0.73,49.8,,,,,8.125
41.01,CARRY,39.51,-0.48,-9.58,41.52,-0.01,1,0,357.5,145.5,101.7,1.89,0.75,48.8,,,,,8.312
41.06,CARRY,39.71,-0.43,-9.58,41.57,-0.01,1,0,353.0,152.5,93.5,1.75,0.66,49.4,,,,,8.375
41.11,CARRY,39.71,-0.43,-9.58,41.62,-0.01,1,0,353.0,150.5,95.4,1.79,0.66,48.5,,,,,8.188
41.16,CARRY,39.91,-0.38,-9.58,41.67,-0.01,1,0,350.0,158.5,86.8,1.63,0.6,49.6,,,,,8.125
41.21,CARRY,39.91,-0.38,-9.58,41.73,-0.01,1,0,350.5,157.0,88.4,1.66,0.61,48.7,,,,,8.062
41.26,CARRY,40.12,-0.33,-9.58,41.78,-0.01,1,0,346.0,164.0,80.3,1.52,0.52,49.9,,,,,8.062
41.31,CARRY,40.12,-0.33,-9.58,41.83,-0.01,1,0,346.5,161.0,83.3,1.58,0.53,48.5,,,,,8.125
41.36,CARRY,40.32,-0.28,-9.58,41.88,-0.01,1,0,342.5,169.5,74.0,1.41,0.45,49.5,,,,,8.375
41.41,CARRY,40.32,-0.28,-9.58,41.93,-0.01,1,0,342.0,167.5,75.8,1.45,0.44,48.4,,,,,8.312
41.46,CARRY,40.51,-0.23,-9.58,41.98,-0.01,1,0,340.0,176.0,67.1,1.28,0.4,49.4,,,,,8.375
41.51,CARRY,40.51,-0.23,-9.58,42.03,-0.01,1,0,340.0,173.0,69.9,1.34,0.4,48.5,,,,,8.375
41.56,CARRY,40.71,-0.19,-9.58,42.08,-0.01,1,0,336.5,180.0,62.2,1.2,0.33,49.4,,,,,8.438
41.61,CARRY,40.71,-0.19,-9.58,42.13,-0.01,1,0,337.5,177.5,64.9,1.25,0.35,48.5,,,,,8.562
41.66,CARRY,40.89,-0.14,-9.58,42.18,-0.01,1,0,333.5,183.5,58.1,1.13,0.27,49.3,,,,,8.75
41.71,CARRY,40.89,-0.14,-9.58,42.23,-0.01,1,0,334.0,181.5,60.2,1.17,0.28,48.5,,,,,8.688
41.76,CARRY,41.07,-0.1,-9.58,42.28,-0.01,1,0,330.0,188.5,52.5,1.03,0.2,49.1,,,,,8.5
41.81,CARRY,41.07,-0.1,-9.58,42.33,-0.01,1,0,331.0,186.0,55.1,1.08,0.22,48.5,,,,,8.562
41.86,CARRY,41.23,-0.07,-9.58,42.38,-0.01,1,0,328.0,192.0,48.7,0.96,0.16,49.2,,,,,8.438
41.91,CARRY,41.23,-0.07,-9.58,42.43,-0.01,1,0,328.0,190.0,50.6,1.0,0.16,49.2,,,,,8.375
41.97,CARRY,41.39,-0.04,-9.58,42.48,-0.01,1,0,326.5,195.0,45.5,0.9,0.13,49.6,,,,,8.25
42.02,CARRY,41.39,-0.04,-9.58,42.53,-0.01,1,0,326.5,192.5,47.9,0.95,0.13,48.5,,,,,8.438
42.07,CARRY,41.54,-0.01,-9.58,42.58,-0.01,1,0,324.5,197.0,43.2,0.86,0.09,49.3,,,,,8.25
42.12,CARRY,41.54,-0.01,-9.58,42.63,-0.01,1,0,322.0,195.0,45.0,0.9,0.04,49.4,,,,,8.25
42.17,CARRY,41.68,0.01,-9.58,42.68,-0.01,1,0,320.0,199.5,40.5,0.81,0.0,49.8,,,,,8.312
42.22,CARRY,41.68,0.01,-9.58,42.73,-0.01,1,0,321.0,196.5,43.5,0.87,0.02,49.8,,,,,8.188
42.27,CARRY,41.81,0.03,-9.58,42.78,-0.01,1,0,319.5,201.5,38.5,0.77,-0.01,49.6,,,,,8.125
42.32,CARRY,41.81,0.03,-9.58,42.83,-0.01,1,0,319.5,198.0,42.0,0.84,-0.01,48.9,,,,,8.125
42.37,CARRY,41.93,0.04,-9.58,42.88,-0.01,1,0,318.0,202.0,38.1,0.76,-0.04,49.2,,,,,8.062
42.42,CARRY,41.93,0.04,-9.58,42.93,-0.01,1,0,318.5,200.0,40.0,0.8,-0.03,49.0,,,,,8.062
42.47,CARRY,42.05,0.05,-9.58,42.98,-0.01,1,0,317.0,203.5,36.6,0.73,-0.06,49.3,,,,,7.844
42.52,CARRY,42.05,0.05,-9.58,43.03,-0.01,1,0,317.5,201.0,39.1,0.78,-0.05,49.0,,,,,7.938
42.57,CARRY,42.16,0.06,-9.58,43.08,-0.01,1,0,317.0,204.0,36.1,0.72,-0.06,49.3,,,,,7.969
42.62,CARRY,42.16,0.06,-9.58,43.13,-0.01,1,0,317.0,201.5,38.6,0.77,-0.06,49.1,,,,,7.969
42.67,CARRY,42.26,0.06,-9.58,43.18,-0.01,1,0,316.5,204.0,36.2,0.72,-0.07,49.3,,,,,8.25
42.72,CARRY,42.26,0.06,-9.58,43.23,-0.01,1,0,317.0,201.5,38.6,0.77,-0.06,49.0,,,,,8.188
42.77,CARRY,42.36,0.06,-9.58,43.28,-0.01,1,0,316.5,204.0,36.2,0.72,-0.07,49.3,,,,,8.188
42.82,CARRY,42.36,0.06,-9.58,43.34,-0.01,1,0,317.0,201.5,38.6,0.77,-0.06,49.0,,,,,8.125
42.87,CARRY,42.45,0.06,-9.58,43.39,-0.01,1,0,317.0,203.5,36.6,0.73,-0.06,49.2,,,,,7.875
42.92,CARRY,42.45,0.06,-9.58,43.44,-0.01,1,0,317.5,201.0,39.1,0.78,-0.05,48.9,,,,,7.812
42.97,CARRY,42.54,0.05,-9.58,43.49,-0.01,1,0,317.5,203.0,37.1,0.74,-0.05,49.3,,,,,8.188
43.02,CARRY,42.54,0.05,-9.58,43.54,-0.01,1,0,317.5,200.5,39.6,0.79,-0.05,48.9,,,,,8.125
43.07,CARRY,42.63,0.04,-9.58,43.59,-0.01,1,0,317.5,202.5,37.6,0.75,-0.05,49.3,,,,,8.188
43.12,CARRY,42.63,0.04,-9.58,43.64,-0.01,1,0,317.5,199.5,40.6,0.81,-0.05,48.9,,,,,8.062
43.17,CARRY,42.71,0.03,-9.58,43.69,-0.01,1,0,318.0,202.0,38.1,0.76,-0.04,49.3,,,,,8.125
43.22,CARRY,42.71,0.03,-9.58,43.74,-0.01,1,0,318.0,199.0,41.0,0.82,-0.04,48.9,,,,,8.125
43.27,CARRY,42.8,0.02,-9.58,43.79,-0.01,1,0,318.0,201.0,39.1,0.78,-0.04,49.7,,,,,8.25
43.32,CARRY,42.8,0.02,-9.58,43.84,-0.01,1,0,319.0,197.5,42.5,0.85,-0.02,48.7,,,,,8.062
43.37,CARRY,42.88,0.01,-9.58,43.89,-0.01,1,0,319.5,199.5,40.5,0.81,-0.01,49.3,,,,,8.25
43.42,CARRY,42.88,0.01,-9.58,43.94,-0.01,1,0,320.0,197.0,43.0,0.86,0.0,48.7,,,,,8.188
43.47,CARRY,42.96,0.0,-9.58,43.99,-0.01,1,0,320.5,199.0,41.0,0.82,0.01,49.7,,,,,8.312
43.52,CARRY,42.96,0.0,-9.58,44.04,-0.01,1,0,320.5,195.5,44.5,0.89,0.01,49.1,,,,,8.188
43.57,CARRY,43.04,-0.01,-9.58,44.09,-0.01,1,0,321.0,198.0,42.0,0.84,0.02,49.9,,,,,8.25
43.63,CARRY,43.04,-0.01,-9.58,44.14,-0.01,1,0,321.5,195.0,45.0,0.9,0.03,49.2,,,,,8.062
43.68,CARRY,43.12,-0.02,-9.58,44.19,-0.01,1,0,321.5,197.0,43.0,0.86,0.03,50.1,,,,,8.125
43.73,CARRY,43.12,-0.02,-9.58,44.24,-0.01,1,0,322.0,194.0,46.0,0.92,0.04,48.5,,,,,8.25
43.78,CARRY,43.21,-0.03,-9.58,44.29,-0.01,1,0,322.5,196.0,44.1,0.88,0.05,49.4,,,,,8.125
43.83,CARRY,43.21,-0.03,-9.58,44.34,-0.01,1,0,323.0,193.0,47.1,0.94,0.06,48.5,,,,,8.25
43.88,CARRY,43.29,-0.04,-9.58,44.39,-0.01,1,0,323.0,195.0,45.1,0.9,0.06,49.7,,,,,8.0
43.93,CARRY,43.29,-0.04,-9.58,44.44,-0.01,1,0,323.0,191.5,48.6,0.97,0.06,48.9,,,,,8.125
43.98,CARRY,43.38,-0.05,-9.58,44.49,-0.01,1,0,323.5,194.0,46.1,0.92,0.07,49.8,,,,,8.25
44.03,CARRY,43.38,-0.05,-9.58,44.54,-0.01,1,0,324.0,190.5,49.7,0.99,0.08,48.7,,,,,8.25
44.08,CARRY,43.46,-0.06,-9.58,44.59,-0.01,1,0,324.0,193.0,47.2,0.94,0.08,50.1,,,,,8.312
44.13,CARRY,43.46,-0.06,-9.58,44.64,-0.01,1,0,325.0,189.0,51.2,1.02,0.1,49.2,,,,,8.25
44.18,CARRY,43.55,-0.07,-9.58,44.69,-0.01,1,0,325.0,192.0,48.3,0.96,0.1,50.1,,,,,8.25
44.23,CARRY,43.55,-0.07,-9.58,44.75,-0.01,1,0,325.0,189.0,51.2,1.02,0.1,49.3,,,,,8.188
44.28,CARRY,43.64,-0.07,-9.58,44.8,-0.01,1,0,325.0,191.0,49.3,0.98,0.1,50.3,,,,,8.25
44.33,CARRY,43.64,-0.07,-9.58,44.85,-0.01,1,0,326.0,188.5,51.8,1.03,0.12,48.8,,,,,8.125
44.38,CARRY,43.73,-0.08,-9.58,44.9,-0.01,1,0,326.0,191.0,49.4,0.98,0.12,49.0,,,,,8.125
44.43,CARRY,43.73,-0.08,-9.58,44.95,-0.01,1,0,327.0,188.0,52.5,1.04,0.14,48.5,,,,,8.125
44.48,CARRY,43.82,-0.09,-9.58,45.0,-0.01,1,0,326.5,190.0,50.4,1.0,0.13,49.4,,,,,7.969
44.53,CARRY,43.82,-0.09,-9.58,45.05,-0.01,1,0,327.5,187.5,53.0,1.05,0.15,48.7,,,,,8.062
44.58,CARRY,43.91,-0.09,-9.58,45.1,-0.01,1,0,327.5,189.5,51.1,1.01,0.15,49.4,,,,,8.062
44.63,CARRY,43.91,-0.09,-9.58,45.15,-0.01,1,0,327.5,187.0,53.5,1.06,0.15,48.8,,,,,8.188
44.68,CARRY,44.01,-0.1,-9.58,45.2,-0.01,1,0,327.5,189.5,51.1,1.01,0.15,49.7,,,,,8.062
44.74,CARRY,44.01,-0.1,-9.58,45.25,-0.01,1,0,327.5,187.0,53.5,1.06,0.15,49.1,,,,,8.25
44.79,CARRY,44.11,-0.1,-9.58,45.3,-0.01,1,0,328.0,189.0,51.6,1.02,0.16,49.4,,,,,8.0
44.84,CARRY,44.2,-0.1,-9.58,45.35,-0.01,1,0,328.5,192.0,48.7,0.96,0.17,49.7,,,,,8.062
44.89,CARRY,44.2,-0.1,-9.58,45.4,-0.01,1,0,328.0,189.0,51.6,1.02,0.16,52.4,,,,,7.969
44.94,CARRY,44.3,-0.11,-9.58,45.45,-0.01,1,0,328.5,191.5,49.2,0.97,0.17,51.1,,,,,8.125
44.99,CARRY,44.3,-0.11,-9.58,45.51,-0.01,1,0,328.5,188.5,52.2,1.03,0.17,50.5,,,,,8.062
45.04,CARRY,44.4,-0.11,-9.58,45.56,-0.01,1,0,328.5,191.5,49.2,0.97,0.17,53.1,,,,,8.125
45.1,CARRY,44.4,-0.11,-9.58,45.61,-0.01,1,0,329.5,188.5,52.4,1.03,0.19,49.4,,,,,8.0
45.15,CARRY,44.5,-0.11,-9.58,45.66,-0.01,1,0,328.5,191.0,49.7,0.98,0.17,51.9,,,,,8.125
45.2,CARRY,44.5,-0.11,-9.58,45.72,-0.01,1,0,329.0,188.5,52.3,1.03,0.18,49.8,,,,,8.125
45.25,CARRY,44.6,-0.11,-9.58,45.77,-0.01,1,0,328.5,191.0,49.7,0.98,0.17,48.9,,,,,8.062
45.3,CARRY,44.6,-0.11,-9.58,45.82,-0.01,1,0,329.0,188.5,52.3,1.03,0.18,48.0,,,,,8.062
45.35,CARRY,44.7,-0.11,-9.58,45.87,-0.01,1,0,328.5,191.0,49.7,0.98,0.17,48.6,,,,,8.0
45.4,CARRY,44.7,-0.11,-9.58,45.92,-0.01,1,0,329.0,188.5,52.3,1.03,0.18,48.4,,,,,8.0
45.45,CARRY,44.8,-0.11,-9.58,45.97,-0.01,1,0,328.5,191.0,49.7,0.98,0.17,51.2,,,,,8.0
45.5,CARRY,44.8,-0.11,-9.58,46.02,-0.01,1,0,329.5,188.5,52.4,1.03,0.19,47.6,,,,,7.844
45.55,CARRY,44.9,-0.11,-9.58,46.07,-0.01,1,0,329.0,191.0,49.8,0.98,0.18,50.9,,,,,7.969
45.61,CARRY,44.9,-0.11,-9.58,46.12,-0.01,1,0,329.5,188.5,52.4,1.03,0.19,48.7,,,,,8.0
45.66,CARRY,45.0,-0.1,-9.58,46.17,-0.01,1,0,329.0,191.0,49.8,0.98,0.18,49.8,,,,,8.062
45.71,CARRY,45.0,-0.1,-9.58,46.22,-0.01,1,0,330.0,188.0,53.0,1.04,0.2,48.6,,,,,8.062
45.76,CARRY,45.1,-0.1,-9.58,46.27,-0.01,1,0,330.0,191.0,50.0,0.98,0.2,49.2,,,,,8.0
45.81,CARRY,45.1,-0.1,-9.58,46.32,-0.01,1,0,330.0,188.0,53.0,1.04,0.2,48.8,,,,,8.0
45.86,CARRY,45.2,-0.1,-9.58,46.37,-0.01,1,0,330.0,191.0,50.0,0.98,0.2,49.8,,,,,8.0
45.91,CARRY,45.2,-0.1,-9.58,46.42,-0.01,1,0,330.0,188.0,53.0,1.04,0.2,51.1,,,,,8.0
45.96,CARRY,45.3,-0.1,-9.58,46.47,-0.01,1,0,330.0,191.0,50.0,0.98,0.2,50.5,,,,,8.062
46.01,CARRY,45.3,-0.1,-9.58,46.53,-0.01,1,0,330.0,188.0,53.0,1.04,0.2,48.2,,,,,8.062
46.06,CARRY,45.4,-0.09,-9.58,46.58,-0.01,1,0,329.0,190.5,50.3,0.99,0.18,51.0,,,,,8.062
46.11,CARRY,45.4,-0.09,-9.58,46.63,-0.01,1,0,330.0,187.5,53.4,1.05,0.2,48.9,,,,,8.125
46.16,CARRY,45.5,-0.09,-9.58,46.68,-0.01,1,0,329.5,190.0,50.9,1.0,0.19,48.5,,,,,7.906
46.21,CARRY,45.5,-0.09,-9.58,46.73,-0.01,1,0,330.0,187.5,53.4,1.05,0.2,47.8,,,,,8.0
46.26,CARRY,45.6,-0.08,-9.58,46.78,-0.01,1,0,329.5,190.0,50.9,1.0,0.19,48.9,,,,,7.812
46.31,CARRY,45.6,-0.08,-9.58,46.83,-0.01,1,0,329.5,187.5,53.4,1.05,0.19,47.7,,,,,8.0
46.36,CARRY,45.7,-0.08,-9.58,46.88,-0.01,1,0,328.5,190.0,50.7,1.0,0.17,48.6,,,,,8.0
46.41,CARRY,45.7,-0.08,-9.58,46.93,-0.01,1,0,329.0,187.5,53.3,1.05,0.18,47.9,,,,,8.188
46.46,CARRY,45.8,-0.08,-9.58,46.98,-0.01,1,0,328.5,190.0,50.7,1.0,0.17,48.4,,,,,8.062
46.51,CARRY,45.8,-0.08,-9.58,47.03,-0.01,1,0,328.5,187.5,53.2,1.05,0.17,47.8,,,,,8.188
46.56,CARRY,45.9,-0.07,-9.58,47.08,-0.01,1,0,328.0,190.0,50.6,1.0,0.16,48.5,,,,,8.062
46.61,CARRY,45.9,-0.07,-9.58,47.13,-0.01,1,0,328.0,186.5,54.1,1.07,0.16,47.9,,,,,8.188
46.66,CARRY,46.01,-0.07,-9.58,47.18,-0.01,1,0,328.0,190.0,50.6,1.0,0.16,48.5,,,,,8.062
46.71,CARRY,46.01,-0.07,-9.58,47.23,-0.01,1,0,327.5,187.0,53.5,1.06,0.15,47.8,,,,,8.25
46.76,CARRY,46.11,-0.06,-9.58,47.28,-0.01,1,0,327.5,190.0,50.6,1.0,0.15,48.5,,,,,8.125
46.81,CARRY,46.11,-0.06,-9.58,47.33,-0.01,1,0,327.5,187.5,53.0,1.05,0.15,48.1,,,,,8.25
46.86,CARRY,46.21,-0.06,-9.58,47.38,-0.01,1,0,327.0,190.0,50.5,1.0,0.14,48.7,,,,,8.188
46.91,CARRY,46.21,-0.06,-9.58,47.43,-0.01,1,0,327.0,188.0,52.5,1.04,0.14,50.5,,,,,8.312
46.97,CARRY,46.31,-0.06,-9.58,47.48,-0.01,1,0,326.5,190.0,50.4,1.0,0.13,49.6,,,,,8.188
47.02,CARRY,46.31,-0.06,-9.58,47.53,-0.01,1,0,327.0,188.0,52.5,1.04,0.14,48.6,,,,,8.25
47.07,CARRY,46.42,-0.05,-9.58,47.58,-0.01,1,0,327.0,190.5,50.0,0.99,0.14,48.9,,,,,8.188
47.12,CARRY,46.42,-0.05,-9.58,47.63,-0.01,1,0,327.0,188.0,52.5,1.04,0.14,48.9,,,,,8.312
47.17,CARRY,46.52,-0.05,-9.58,47.68,-0.01,1,0,327.0,190.5,50.0,0.99,0.14,49.4,,,,,8.188
47.22,CARRY,46.52,-0.05,-9.58,47.73,-0.01,1,0,327.0,188.0,52.5,1.04,0.14,49.4,,,,,8.25
47.27,CARRY,46.62,-0.05,-9.58,47.78,-0.01,1,0,327.0,190.5,50.0,0.99,0.14,50.9,,,,,8.125
47.32,CARRY,46.62,-0.05,-9.58,47.83,-0.01,1,0,327.0,188.0,52.5,1.04,0.14,48.8,,,,,8.188
47.37,CARRY,46.73,-0.05,-9.58,47.88,-0.01,1,0,327.0,190.0,50.5,1.0,0.14,49.2,,,,,8.188
47.42,CARRY,46.73,-0.05,-9.58,47.93,-0.01,1,0,327.0,188.0,52.5,1.04,0.14,47.6,,,,,8.375
47.47,CARRY,46.83,-0.04,-9.58,47.98,-0.01,1,0,327.0,190.5,50.0,0.99,0.14,52.1,,,,,8.375
47.52,CARRY,46.83,-0.04,-9.58,48.04,-0.01,1,0,327.0,188.0,52.5,1.04,0.14,48.3,,,,,8.375
47.57,CARRY,46.93,-0.04,-9.58,48.09,-0.01,1,0,326.5,190.5,49.9,0.99,0.13,48.6,,,,,8.25
47.62,CARRY,46.93,-0.04,-9.58,48.14,-0.01,1,0,327.0,188.0,52.5,1.04,0.14,48.0,,,,,8.25
47.67,CARRY,47.04,-0.04,-9.58,48.19,-0.01,1,0,326.5,190.5,49.9,0.99,0.13,48.7,,,,,8.188
47.72,CARRY,47.04,-0.04,-9.58,48.24,-0.01,1,0,327.0,188.5,52.0,1.03,0.14,48.0,,,,,8.188
47.77,CARRY,47.14,-0.04,-9.58,48.29,-0.01,1,0,326.5,190.0,50.4,1.0,0.13,49.1,,,,,8.25
47.82,CARRY,47.14,-0.04,-9.58,48.34,-0.01,1,0,327.0,188.5,52.0,1.03,0.14,50.2,,,,,8.312
47.88,CARRY,47.24,-0.04,-9.58,48.39,-0.01,1,0,326.5,190.5,49.9,0.99,0.13,50.1,,,,,8.312
47.93,CARRY,47.24,-0.04,-9.58,48.44,-0.01,1,0,326.5,188.5,51.9,1.03,0.13,48.1,,,,,8.312
47.98,CARRY,47.34,-0.04,-9.58,48.49,-0.01,1,0,326.5,191.0,49.4,0.98,0.13,49.1,,,,,8.25
48.03,CARRY,47.34,-0.04,-9.58,48.54,-0.01,1,0,326.0,188.5,51.8,1.03,0.12,48.3,,,,,8.188
48.08,CARRY,47.45,-0.03,-9.58,48.59,-0.01,1,0,325.5,191.0,49.3,0.98,0.11,49.2,,,,,8.312
48.13,CARRY,47.45,-0.03,-9.58,48.64,-0.01,1,0,326.0,188.5,51.8,1.03,0.12,50.7,,,,,8.25
48.18,CARRY,47.55,-0.03,-9.58,48.69,-0.01,1,0,325.5,191.5,48.8,0.97,0.11,50.2,,,,,8.312
48.23,CARRY,47.55,-0.03,-9.58,48.74,-0.01,1,0,325.5,188.5,51.8,1.03,0.11,48.0,,,,,8.312
48.28,CARRY,47.65,-0.03,-9.58,48.79,-0.01,1,0,325.0,191.5,48.8,0.97,0.1,49.4,,,,,8.25
48.33,CARRY,47.65,-0.03,-9.58,48.84,-0.01,1,0,325.0,188.5,51.7,1.03,0.1,48.1,,,,,8.25
48.38,CARRY,47.75,-0.03,-9.58,48.89,-0.01,1,0,324.5,191.5,48.7,0.97,0.09,51.1,,,,,8.312
48.43,CARRY,47.75,-0.03,-9.58,48.95,-0.01,1,0,324.5,188.5,51.7,1.03,0.09,49.2,,,,,8.25
48.48,CARRY,47.85,-0.03,-9.58,49.0,-0.01,1,0,324.5,191.0,49.2,0.98,0.09,49.6,,,,,8.062
48.53,CARRY,47.85,-0.03,-9.58,49.05,-0.01,1,0,324.5,188.5,51.7,1.03,0.09,48.6,,,,,8.125
48.58,CARRY,47.96,-0.03,-9.58,49.1,-0.01,1,0,323.5,191.0,49.1,0.98,0.07,48.5,,,,,8.188
48.63,CARRY,47.96,-0.03,-9.58,49.15,-0.01,1,0,324.0,188.5,51.7,1.03,0.08,50.3,,,,,8.125
48.68,CARRY,48.06,-0.03,-9.58,49.2,-0.01,1,0,323.5,192.0,48.1,0.96,0.07,51.6,,,,,8.188
48.74,CARRY,48.16,-0.03,-9.58,49.25,-0.01,1,0,323.0,195.0,45.1,0.9,0.06,50.0,,,,,8.062
48.79,CARRY,48.16,-0.03,-9.58,49.3,-0.01,1,0,323.5,192.0,48.1,0.96,0.07,48.7,,,,,8.25
48.84,CARRY,48.26,-0.04,-9.58,49.35,-0.01,1,0,323.5,194.5,45.6,0.91,0.07,49.3,,,,,8.188
48.89,CARRY,48.26,-0.04,-9.58,49.4,-0.01,1,0,324.0,192.0,48.2,0.96,0.08,47.6,,,,,8.312
48.94,CARRY,48.36,-0.04,-9.58,49.45,-0.01,1,0,323.5,195.0,45.1,0.9,0.07,52.5,,,,,8.062
48.99,CARRY,48.36,-0.04,-9.58,49.51,-0.01,1,0,324.0,192.0,48.2,0.96,0.08,48.6,,,,,8.25
49.04,CARRY,48.46,-0.04,-9.58,49.56,-0.01,1,0,323.5,195.0,45.1,0.9,0.07,49.0,,,,,8.062
49.09,CARRY,48.46,-0.04,-9.58,49.61,-0.01,1,0,324.0,191.5,48.7,0.97,0.08,48.3,,,,,8.188
49.14,CARRY,48.56,-0.04,-9.58,49.66,-0.01,1,0,323.5,195.0,45.1,0.9,0.07,48.9,,,,,8.125
49.19,CARRY,48.56,-0.04,-9.58,49.71,-0.01,1,0,324.5,191.5,48.7,0.97,0.09,48.3,,,,,8.25
49.24,CARRY,48.66,-0.05,-9.58,49.76,-0.01,1,0,323.5,194.5,45.6,0.91,0.07,49.7,,,,,8.125
49.29,CARRY,48.66,-0.05,-9.58,49.81,-0.01,1,0,324.5,191.0,49.2,0.98,0.09,48.4,,,,,8.188
49.34,CARRY,48.75,-0.05,-9.58,49.86,-0.01,1,0,324.0,194.5,45.7,0.91,0.08,48.7,,,,,7.906
49.39,CARRY,48.75,-0.05,-9.58,49.91,-0.01,1,0,324.5,191.0,49.2,0.98,0.09,48.3,,,,,7.938
49.44,CARRY,48.85,-0.05,-9.58,49.96,-0.01,1,0,324.5,194.5,45.7,0.91,0.09,48.8,,,,,7.875
49.49,CARRY,48.85,-0.05,-9.58,50.01,-0.01,1,0,324.5,191.5,48.7,0.97,0.09,48.3,,,,,7.969
49.54,CARRY,48.95,-0.06,-9.58,50.06,-0.01,1,0,324.5,194.0,46.2,0.92,0.09,51.0,,,,,7.844
49.6,CARRY,48.95,-0.06,-9.58,50.11,-0.01,1,0,324.5,191.0,49.2,0.98,0.09,49.1,,,,,7.812
49.65,CARRY,49.04,-0.06,-9.58,50.16,-0.01,1,0,324.5,194.0,46.2,0.92,0.09,49.2,,,,,7.938
49.7,CARRY,49.04,-0.06,-9.58,50.21,-0.01,1,0,325.0,190.5,49.8,0.99,0.1,48.8,,,,,7.906
49.75,CARRY,49.14,-0.07,-9.58,50.26,-0.01,1,0,325.0,194.0,46.3,0.92,0.1,49.2,,,,,8.062
49.8,CARRY,49.14,-0.07,-9.58,50.31,-0.01,1,0,325.5,191.0,49.3,0.98,0.11,48.7,,,,,8.062
49.85,CARRY,49.23,-0.07,-9.58,50.36,-0.01,1,0,325.5,193.5,46.8,0.93,0.11,51.4,,,,,8.062
49.9,CARRY,49.23,-0.07,-9.58,50.41,-0.01,1,0,325.5,190.0,50.3,1.0,0.11,48.1,,,,,7.969
49.95,CARRY,49.33,-0.07,-9.58,50.46,-0.01,1,0,326.0,192.5,47.9,0.95,0.12,51.8,,,,,8.062
50.0,CARRY,49.33,-0.07,-9.58,50.52,-0.01,1,0,326.0,189.5,50.9,1.01,0.12,47.9,,,,,7.969
50.05,CARRY,49.42,-0.07,-9.58,50.57,-0.01,1,0,326.0,192.5,47.9,0.95,0.12,50.4,,,,,8.0
50.1,CARRY,49.42,-0.07,-9.58,50.62,-0.01,1,0,326.5,190.0,50.4,1.0,0.13,50.7,,,,,7.906
50.16,CARRY,49.52,-0.08,-9.58,50.67,-0.01,1,0,326.5,192.0,48.4,0.96,0.13,52.3,,,,,7.938
50.21,CARRY,49.52,-0.08,-9.58,50.72,-0.01,1,0,326.5,189.5,50.9,1.01,0.13,50.9,,,,,7.844
50.26,CARRY,49.62,-0.08,-9.58,50.78,-0.01,1,0,328.0,191.5,49.2,0.97,0.16,51.0,,,,,7.875
50.31,CARRY,49.62,-0.08,-9.58,50.83,-0.01,1,0,328.0,189.0,51.6,1.02,0.16,48.0,,,,,7.844
50.36,CARRY,49.71,-0.08,-9.58,50.88,-0.01,1,0,328.0,191.5,49.2,0.97,0.16,48.7,,,,,7.844
50.41,CARRY,49.71,-0.08,-9.58,50.93,-0.01,1,0,328.0,189.0,51.6,1.02,0.16,51.0,,,,,7.812
50.47,CARRY,49.81,-0.08,-9.58,50.98,-0.01,1,0,328.5,191.5,49.2,0.97,0.17,48.4,,,,,7.719
50.52,CARRY,49.81,-0.08,-9.58,51.03,-0.01,1,0,328.0,188.5,52.1,1.03,0.16,50.5,,,,,7.656
50.57,CARRY,49.91,-0.08,-9.58,51.08,-0.01,1,0,328.0,191.0,49.6,0.98,0.16,49.0,,,,,7.656
50.62,CARRY,49.91,-0.08,-9.58,51.13,-0.01,1,0,328.0,188.5,52.1,1.03,0.16,47.5,,,,,7.688
50.67,CARRY,50.01,-0.08,-9.58,51.18,-0.01,1,0,328.0,190.5,50.1,0.99,0.16,52.7,,,,,7.594
50.72,CARRY,50.01,-0.08,-9.58,51.23,-0.01,1,0,327.5,187.5,53.0,1.05,0.15,48.6,,,,,7.719
50.77,CARRY,50.1,-0.08,-9.58,51.28,-0.01,1,0,328.0,190.5,50.1,0.99,0.16,48.9,,,,,7.594
50.82,CARRY,50.1,-0.08,-9.58,51.33,-0.01,1,0,327.0,187.5,53.0,1.05,0.14,50.6,,,,,7.781
50.87,CARRY,50.2,-0.08,-9.58,51.39,-0.01,1,0,327.0,190.0,50.5,1.0,0.14,48.9,,,,,7.719
50.92,CARRY,50.2,-0.08,-9.58,51.44,-0.01,1,0,327.0,187.0,53.5,1.06,0.14,48.3,,,,,7.875
50.97,CARRY,50.3,-0.08,-9.58,51.49,-0.01,1,0,327.0,190.0,50.5,1.0,0.14,48.7,,,,,7.688
51.02,CARRY,50.3,-0.08,-9.58,51.54,-0.01,1,0,327.0,187.5,53.0,1.05,0.14,48.5,,,,,7.812
51.07,CARRY,50.41,-0.08,-9.58,51.59,-0.01,1,0,327.0,190.0,50.5,1.0,0.14,49.8,,,,,7.875
51.12,CARRY,50.41,-0.08,-9.58,51.64,-0.01,1,0,327.0,187.5,53.0,1.05,0.14,47.8,,,,,7.906
51.17,CARRY,50.51,-0.08,-9.58,51.69,-0.01,1,0,326.5,189.5,50.9,1.01,0.13,50.7,,,,,7.812
51.23,CARRY,50.51,-0.08,-9.58,51.74,-0.01,1,0,327.0,187.0,53.5,1.06,0.14,51.1,,,,,7.844
51.28,CARRY,50.61,-0.08,-9.58,51.79,-0.01,1,0,326.5,189.5,50.9,1.01,0.13,49.7,,,,,7.812
51.33,CARRY,50.61,-0.08,-9.58,51.84,-0.01,1,0,327.0,187.0,53.5,1.06,0.14,48.2,,,,,7.844
51.38,CARRY,50.71,-0.08,-9.58,51.89,-0.01,1,0,326.5,189.5,50.9,1.01,0.13,49.1,,,,,7.875
51.43,CARRY,50.71,-0.08,-9.58,51.94,-0.01,1,0,327.0,187.0,53.5,1.06,0.14,48.2,,,,,8.0
51.48,CARRY,50.81,-0.08,-9.58,51.99,-0.01,1,0,326.5,188.5,51.9,1.03,0.13,49.4,,,,,8.062
51.53,CARRY,50.81,-0.08,-9.58,52.04,-0.01,1,0,327.0,187.0,53.5,1.06,0.14,48.5,,,,,8.0
51.58,CARRY,50.91,-0.08,-9.58,52.09,-0.01,1,0,326.0,189.0,51.4,1.02,0.12,49.3,,,,,8.125
51.63,CARRY,50.91,-0.08,-9.58,52.14,-0.01,1,0,327.0,187.0,53.5,1.06,0.14,48.3,,,,,8.062
51.68,CARRY,51.02,-0.08,-9.58,52.19,-0.01,1,0,326.0,189.0,51.4,1.02,0.12,49.2,,,,,8.188
51.73,CARRY,51.02,-0.08,-9.58,52.24,-0.01,1,0,327.0,187.0,53.5,1.06,0.14,48.4,,,,,8.188
51.78,CARRY,51.12,-0.08,-9.58,52.29,-0.01,1,0,326.0,189.0,51.4,1.02,0.12,51.0,,,,,8.125
51.83,CARRY,51.12,-0.08,-9.58,52.35,-0.01,1,0,327.0,187.0,53.5,1.06,0.14,50.3,,,,,8.188
51.88,CARRY,51.23,-0.08,-9.58,52.4,-0.01,1,0,326.0,188.5,51.8,1.03,0.12,48.8,,,,,8.125
51.93,CARRY,51.23,-0.08,-9.58,52.45,-0.01,1,0,327.0,187.5,53.0,1.05,0.14,49.4,,,,,8.125
51.98,CARRY,51.33,-0.08,-9.58,52.5,-0.01,1,0,327.0,189.5,51.0,1.01,0.14,49.8,,,,,8.062
52.03,CARRY,51.33,-0.08,-9.58,52.55,-0.01,1,0,327.0,188.0,52.5,1.04,0.14,50.5,,,,,8.0
52.09,CARRY,51.43,-0.08,-9.58,52.6,-0.01,1,0,326.5,189.5,50.9,1.01,0.13,48.6,,,,,8.0
52.14,CARRY,51.43,-0.08,-9.58,52.65,-0.01,1,0,327.0,188.0,52.5,1.04,0.14,48.6,,,,,7.969
52.19,CARRY,51.54,-0.08,-9.58,52.7,-0.01,1,0,327.0,189.5,51.0,1.01,0.14,48.8,,,,,7.969
52.24,CARRY,51.54,-0.08,-9.58,52.75,-0.01,1,0,327.0,188.5,52.0,1.03,0.14,48.4,,,,,7.906
52.29,CARRY,51.64,-0.08,-9.58,52.8,-0.01,1,0,326.5,190.0,50.4,1.0,0.13,49.0,,,,,8.0
52.34,CARRY,51.64,-0.08,-9.58,52.85,-0.01,1,0,327.0,188.5,52.0,1.03,0.14,48.4,,,,,7.938
52.39,CARRY,51.75,-0.08,-9.58,52.9,-0.01,1,0,326.5,190.0,50.4,1.0,0.13,48.7,,,,,8.0
52.44,CARRY,51.75,-0.08,-9.58,52.95,-0.01,1,0,327.0,188.5,52.0,1.03,0.14,48.1,,,,,7.906
52.49,CARRY,51.85,-0.08,-9.58,53.0,-0.01,1,0,326.5,191.0,49.4,0.98,0.13,48.8,,,,,7.969
52.54,CARRY,51.85,-0.08,-9.58,53.05,-0.01,1,0,327.0,189.0,51.5,1.02,0.14,50.6,,,,,7.844
52.59,CARRY,51.95,-0.08,-9.58,53.1,-0.01,1,0,326.5,191.0,49.4,0.98,0.13,48.9,,,,,8.062
52.64,CARRY,52.06,-0.08,-9.58,53.15,-0.01,1,0,326.0,194.5,45.9,0.91,0.12,50.6,,,,,7.938
52.69,CARRY,52.06,-0.08,-9.58,53.2,-0.01,1,0,326.5,191.5,48.9,0.97,0.13,48.6,,,,,8.062
52.74,CARRY,52.16,-0.08,-9.58,53.25,-0.01,1,0,325.5,195.0,45.3,0.9,0.11,49.1,,,,,8.062
52.79,CARRY,52.16,-0.08,-9.58,53.3,-0.01,1,0,326.5,192.5,47.9,0.95,0.13,48.2,,,,,8.188
52.84,CARRY,52.26,-0.08,-9.58,53.35,-0.01,1,0,326.0,195.5,44.9,0.89,0.12,49.2,,,,,8.062
52.89,CARRY,52.26,-0.08,-9.58,53.4,-0.01,1,0,326.0,192.5,47.9,0.95,0.12,47.3,,,,,8.188
52.94,CARRY,52.36,-0.08,-9.58,53.45,-0.01,1,0,326.0,195.5,44.9,0.89,0.12,50.8,,,,,8.125
52.99,CARRY,52.36,-0.08,-9.58,53.51,-0.01,1,0,326.0,192.5,47.9,0.95,0.12,50.3,,,,,8.25
53.04,CARRY,52.46,-0.08,-9.58,53.56,-0.01,1,0,325.5,195.0,45.3,0.9,0.11,51.5,,,,,8.125
53.1,CARRY,52.46,-0.08,-9.58,53.61,-0.01,1,0,326.5,192.0,48.4,0.96,0.13,48.0,,,,,8.188
53.15,CARRY,52.56,-0.08,-9.58,53.66,-0.01,1,0,325.5,195.0,45.3,0.9,0.11,51.1,,,,,8.188
53.2,CARRY,52.56,-0.08,-9.58,53.71,-0.01,1,0,327.0,192.0,48.5,0.96,0.14,51.5,,,,,8.25
53.25,CARRY,52.66,-0.08,-9.58,53.76,-0.01,1,0,325.5,194.5,45.8,0.91,0.11,50.5,,,,,8.125
53.3,CARRY,52.66,-0.08,-9.58,53.82,-0.01,1,0,327.0,191.5,49.0,0.97,0.14,47.5,,,,,8.188
53.35,CARRY,52.75,-0.08,-9.58,53.87,-0.01,1,0,325.5,194.0,46.3,0.92,0.11,51.4,,,,,8.125
53.4,CARRY,52.75,-0.08,-9.58,53.92,-0.01,1,0,327.0,191.0,49.5,0.98,0.14,50.1,,,,,8.125
53.46,CARRY,52.85,-0.08,-9.58,53.97,-0.01,1,0,327.0,194.0,46.5,0.92,0.14,50.8,,,,,8.125
53.51,CARRY,52.85,-0.08,-9.58,54.02,-0.01,1,0,327.0,191.0,49.5,0.98,0.14,49.3,,,,,8.0
53.56,CARRY,52.94,-0.08,-9.58,54.07,-0.01,1,0,327.0,193.5,47.0,0.93,0.14,49.6,,,,,8.062
53.61,CARRY,52.94,-0.08,-9.58,54.12,-0.01,1,0,327.0,191.0,49.5,0.98,0.14,49.0,,,,,8.0
53.66,CARRY,53.04,-0.08,-9.58,54.17,-0.01,1,0,327.5,193.0,47.6,0.94,0.15,50.2,,,,,8.0
53.71,CARRY,53.04,-0.08,-9.58,54.22,-0.01,1,0,328.0,190.0,50.6,1.0,0.16,49.2,,,,,8.062
53.76,CARRY,53.13,-0.08,-9.58,54.27,-0.01,1,0,328.0,192.5,48.2,0.95,0.16,49.0,,,,,8.125
53.81,CARRY,53.13,-0.08,-9.58,54.32,-0.01,1,0,328.0,190.0,50.6,1.0,0.16,47.1,,,,,8.125
53.86,CARRY,53.23,-0.08,-9.58,54.37,-0.01,1,0,328.0,192.5,48.2,0.95,0.16,50.4,,,,,8.125
53.91,CARRY,53.23,-0.08,-9.58,54.43,-0.01,1,0,328.0,190.0,50.6,1.0,0.16,52.1,,,,,8.125
53.96,CARRY,53.33,-0.07,-9.58,54.48,-0.01,1,0,328.0,191.5,49.2,0.97,0.16,50.5,,,,,8.125
54.02,CARRY,53.33,-0.07,-9.58,54.53,-0.01,1,0,328.5,189.0,51.7,1.02,0.17,49.2,,,,,8.188
54.07,CARRY,53.42,-0.07,-9.58,54.58,-0.01,1,0,328.0,191.5,49.2,0.97,0.16,49.8,,,,,8.125
54.12,CARRY,53.42,-0.07,-9.58,54.63,-0.01,1,0,328.5,189.0,51.7,1.02,0.17,48.6,,,,,8.188
54.17,CARRY,53.52,-0.07,-9.58,54.68,-0.01,1,0,328.0,191.0,49.6,0.98,0.16,48.6,,,,,8.188
54.22,CARRY,53.52,-0.07,-9.58,54.73,-0.01,1,0,328.5,189.0,51.7,1.02,0.17,48.4,,,,,8.312
54.27,CARRY,53.62,-0.07,-9.58,54.78,-0.01,1,0,328.0,191.0,49.6,0.98,0.16,48.8,,,,,8.188
54.32,CARRY,53.62,-0.07,-9.58,54.83,-0.01,1,0,328.0,188.5,52.1,1.03,0.16,48.3,,,,,8.25
54.37,CARRY,53.71,-0.07,-9.58,54.88,-0.01,1,0,328.0,191.0,49.6,0.98,0.16,48.8,,,,,8.188
54.42,CARRY,53.71,-0.07,-9.58,54.93,-0.01,1,0,327.5,188.5,52.0,1.03,0.15,50.7,,,,,8.25
54.47,CARRY,53.81,-0.06,-9.58,54.98,-0.01,1,0,327.5,190.5,50.1,0.99,0.15,49.6,,,,,8.188
54.52,CARRY,53.81,-0.06,-9.58,55.03,-0.01,1,0,328.0,187.5,53.1,1.05,0.16,50.4,,,,,8.312
54.57,CARRY,53.91,-0.06,-9.58,55.09,-0.01,1,0,327.5,190.5,50.1,0.99,0.15,49.6,,,,,8.188
54.62,CARRY,53.91,-0.06,-9.58,55.14,-0.01,1,0,328.0,187.5,53.1,1.05,0.16,49.5,,,,,8.375
54.67,CARRY,54.01,-0.06,-9.58,55.19,-0.01,1,0,327.5,190.0,50.6,1.0,0.15,49.4,,,,,8.125
54.72,CARRY,54.01,-0.06,-9.58,55.24,-0.01,1,0,328.0,187.5,53.1,1.05,0.16,49.1,,,,,8.312
54.77,CARRY,54.11,-0.06,-9.58,55.29,-0.01,1,0,327.5,190.0,50.6,1.0,0.15,49.9,,,,,8.062
54.82,CARRY,54.11,-0.06,-9.58,55.34,-0.01,1,0,328.0,187.5,53.1,1.05,0.16,48.1,,,,,8.25
54.87,CARRY,54.21,-0.05,-9.58,55.39,-0.01,1,0,327.5,190.0,50.6,1.0,0.15,49.0,,,,,8.062
54.92,CARRY,54.21,-0.05,-9.58,55.44,-0.01,1,0,328.0,187.5,53.1,1.05,0.16,49.4,,,,,8.25
54.97,CARRY,54.32,-0.05,-9.58,55.49,-0.01,1,0,327.5,190.0,50.6,1.0,0.15,49.5,,,,,8.062
55.02,CARRY,54.32,-0.05,-9.58,55.54,-0.01,1,0,327.5,187.5,53.0,1.05,0.15,49.5,,,,,8.25
55.07,CARRY,54.42,-0.05,-9.58,55.59,-0.01,1,0,327.0,190.0,50.5,1.0,0.14,50.3,,,,,8.125
55.13,CARRY,54.42,-0.05,-9.58,55.64,-0.01,1,0,327.5,187.5,53.0,1.05,0.15,48.6,,,,,8.25
55.18,CARRY,54.52,-0.05,-9.58,55.69,-0.01,1,0,327.0,189.5,51.0,1.01,0.14,51.5,,,,,8.062
55.23,CARRY,54.52,-0.05,-9.58,55.74,-0.01,1,0,327.5,187.5,53.0,1.05,0.15,48.8,,,,,8.188
55.28,CARRY,54.62,-0.04,-9.58,55.79,-0.01,1,0,327.0,189.0,51.5,1.02,0.14,51.3,,,,,8.188
55.33,CARRY,54.62,-0.04,-9.58,55.85,-0.01,1,0,327.0,187.5,53.0,1.05,0.14,48.1,,,,,8.188
55.38,CARRY,54.73,-0.04,-9.58,55.9,-0.01,1,0,326.5,189.0,51.4,1.02,0.13,49.5,,,,,8.188
55.43,CARRY,54.73,-0.04,-9.58,55.95,-0.01,1,0,327.0,187.5,53.0,1.05,0.14,48.3,,,,,8.25
55.48,CARRY,54.83,-0.04,-9.58,56.0,-0.01,1,0,326.5,189.5,50.9,1.01,0.13,48.7,,,,,8.25
55.53,CARRY,54.83,-0.04,-9.58,56.05,-0.01,1,0,326.5,187.5,52.9,1.05,0.13,48.0,,,,,8.312
55.58,CARRY,54.93,-0.04,-9.58,56.1,-0.01,1,0,326.0,189.5,50.9,1.01,0.12,48.5,,,,,8.188
55.63,CARRY,54.93,-0.04,-9.58,56.15,-0.01,1,0,326.5,187.5,52.9,1.05,0.13,52.2,,,,,8.25
55.69,CARRY,55.04,-0.03,-9.58,56.2,-0.01,1,0,326.0,189.5,50.9,1.01,0.12,48.8,,,,,8.125
55.74,CARRY,55.14,-0.03,-9.58,56.25,-0.01,1,0,325.5,194.0,46.3,0.92,0.11,49.5,,,,,8.188
55.79,CARRY,55.14,-0.03,-9.58,56.3,-0.01,1,0,325.5,190.0,50.3,1.0,0.11,50.6,,,,,8.25
55.84,CARRY,55.14,-0.03,-9.58,56.35,-0.01,1,0,325.5,188.0,52.3,1.04,0.11,48.1,,,,,8.25
55.89,CARRY,55.24,-0.03,-9.58,56.4,-0.01,1,0,325.5,190.0,50.3,1.0,0.11,49.2,,,,,8.188
55.94,CARRY,55.24,-0.03,-9.58,56.45,-0.01,1,0,325.5,188.5,51.8,1.03,0.11,50.4,,,,,8.188
55.99,CARRY,55.35,-0.03,-9.58,56.5,-0.01,1,0,325.0,190.5,49.8,0.99,0.1,50.9,,,,,8.188
56.04,CARRY,55.45,-0.03,-9.58,56.56,-0.01,1,0,324.0,194.5,45.7,0.91,0.08,49.1,,,,,8.062
56.09,CARRY,55.45,-0.03,-9.58,56.61,-0.01,1,0,324.0,190.5,49.7,0.99,0.08,48.1,,,,,8.188
56.14,CARRY,55.55,-0.03,-9.58,56.66,-0.01,1,0,323.0,194.5,45.6,0.91,0.06,53.7,,,,,8.062
56.2,CARRY,55.55,-0.03,-9.58,56.71,-0.01,1,0,323.5,190.5,49.6,0.99,0.07,48.7,,,,,8.188
56.25,CARRY,55.66,-0.03,-9.58,56.76,-0.01,1,0,323.0,194.0,46.1,0.92,0.06,51.9,,,,,8.125
56.3,CARRY,55.66,-0.03,-9.58,56.81,-0.01,1,0,323.5,190.0,50.1,1.0,0.07,49.4,,,,,8.188
56.35,CARRY,55.76,-0.03,-9.58,56.86,-0.01,1,0,323.0,194.0,46.1,0.92,0.06,49.2,,,,,8.125
56.4,CARRY,55.76,-0.03,-9.58,56.91,-0.01,1,0,323.5,190.0,50.1,1.0,0.07,48.4,,,,,8.188
56.45,CARRY,55.86,-0.04,-9.58,56.96,-0.01,1,0,323.5,194.0,46.1,0.92,0.07,51.4,,,,,8.062
56.5,CARRY,55.86,-0.04,-9.58,57.02,-0.01,1,0,323.5,189.5,50.6,1.01,0.07,48.1,,,,,8.125
56.55,CARRY,55.95,-0.04,-9.58,57.07,-0.01,1,0,323.5,194.0,46.1,0.92,0.07,52.1,,,,,8.188
56.61,CARRY,55.95,-0.04,-9.58,57.12,-0.01,1,0,324.0,189.5,50.7,1.01,0.08,48.9,,,,,8.188
56.66,CARRY,56.05,-0.04,-9.58,57.17,-0.01,1,0,323.5,193.5,46.6,0.93,0.07,49.6,,,,,8.125
56.71,CARRY,56.05,-0.04,-9.58,57.22,-0.01,1,0,324.5,189.0,51.2,1.02,0.09,48.6,,,,,8.188
56.76,CARRY,56.15,-0.05,-9.58,57.27,-0.01,1,0,323.5,193.5,46.6,0.93,0.07,49.4,,,,,8.125
56.81,CARRY,56.15,-0.05,-9.58,57.32,-0.01,1,0,324.5,189.5,50.7,1.01,0.09,48.5,,,,,8.125
56.86,CARRY,56.25,-0.05,-9.58,57.37,-0.01,1,0,324.0,193.0,47.2,0.94,0.08,49.5,,,,,8.188
56.91,CARRY,56.25,-0.05,-9.58,57.42,-0.01,1,0,324.5,189.5,50.7,1.01,0.09,48.3,,,,,8.188
56.96,CARRY,56.34,-0.05,-9.58,57.47,-0.01,1,0,324.5,192.5,47.7,0.95,0.09,48.4,,,,,8.188
57.01,CARRY,56.34,-0.05,-9.58,57.52,-0.01,1,0,324.5,189.5,50.7,1.01,0.09,51.9,,,,,8.062
57.06,CARRY,56.44,-0.06,-9.58,57.57,-0.01,1,0,324.5,192.0,48.2,0.96,0.09,49.2,,,,,8.125
57.11,CARRY,56.44,-0.06,-9.58,57.63,-0.01,1,0,325.5,189.0,51.3,1.02,0.11,52.4,,,,,8.062
57.16,CARRY,56.54,-0.06,-9.58,57.68,-0.01,1,0,325.0,192.0,48.3,0.96,0.1,51.4,,,,,8.125
57.22,CARRY,56.54,-0.06,-9.58,57.73,-0.01,1,0,325.5,189.0,51.3,1.02,0.11,49.3,,,,,8.062
57.27,CARRY,56.64,-0.07,-9.58,57.78,-0.01,1,0,325.5,191.5,48.8,0.97,0.11,49.5,,,,,8.125
57.32,CARRY,56.64,-0.07,-9.58,57.83,-0.01,1,0,326.5,189.0,51.4,1.02,0.13,48.5,,,,,8.0
57.37,CARRY,56.74,-0.07,-9.58,57.88,-0.01,1,0,326.5,192.0,48.4,0.96,0.13,49.1,,,,,8.125
57.42,CARRY,56.74,-0.07,-9.58,57.93,-0.01,1,0,327.0,189.5,51.0,1.01,0.14,50.7,,,,,8.0
57.47,CARRY,56.83,-0.07,-9.58,57.98,-0.01,1,0,327.5,192.0,48.6,0.96,0.15,49.3,,,,,8.125
57.52,CARRY,56.83,-0.07,-9.58,58.03,-0.01,1,0,327.5,189.0,51.5,1.02,0.15,47.6,,,,,7.938
57.57,CARRY,56.93,-0.08,-9.58,58.08,-0.01,1,0,327.5,192.0,48.6,0.96,0.15,52.0,,,,,8.0
57.62,CARRY,56.93,-0.08,-9.58,58.14,-0.01,1,0,328.0,189.5,51.1,1.01,0.16,50.4,,,,,8.0
57.67,CARRY,57.03,-0.08,-9.58,58.19,-0.01,1,0,328.5,191.5,49.2,0.97,0.17,50.4,,,,,8.125
57.73,CARRY,57.03,-0.08,-9.58,58.24,-0.01,1,0,328.5,189.0,51.7,1.02,0.17,48.3,,,,,8.125
57.78,CARRY,57.13,-0.08,-9.58,58.29,-0.01,1,0,328.5,191.5,49.2,0.97,0.17,49.1,,,,,8.188
57.83,CARRY,57.13,-0.08,-9.58,58.34,-0.01,1,0,328.5,189.0,51.7,1.02,0.17,48.4,,,,,8.125
57.88,CARRY,57.23,-0.08,-9.58,58.39,-0.01,1,0,328.5,191.5,49.2,0.97,0.17,49.2,,,,,8.125
57.93,CARRY,57.23,-0.08,-9.58,58.44,-0.01,1,0,328.5,189.0,51.7,1.02,0.17,48.3,,,,,8.062
57.98,CARRY,57.33,-0.08,-9.58,58.49,-0.01,1,0,328.5,191.5,49.2,0.97,0.17,49.2,,,,,8.125
58.03,CARRY,57.33,-0.08,-9.58,58.54,-0.01,1,0,328.5,189.0,51.7,1.02,0.17,48.1,,,,,8.0
58.08,CARRY,57.43,-0.08,-9.58,58.59,-0.01,1,0,328.5,191.5,49.2,0.97,0.17,49.2,,,,,8.188
58.13,CARRY,57.43,-0.08,-9.58,58.64,-0.01,1,0,329.5,189.0,51.9,1.02,0.19,48.2,,,,,8.062
58.18,CARRY,57.53,-0.08,-9.58,58.69,-0.01,1,0,328.5,191.5,49.2,0.97,0.17,48.4,,,,,8.188
58.23,CARRY,57.53,-0.08,-9.58,58.74,-0.01,1,0,329.5,189.0,51.9,1.02,0.19,50.1,,,,,8.125
58.28,CARRY,57.63,-0.08,-9.58,58.79,-0.01,1,0,329.0,191.0,49.8,0.98,0.18,51.2,,,,,8.188
58.33,CARRY,57.63,-0.08,-9.58,58.84,-0.01,1,0,329.0,188.5,52.3,1.03,0.18,50.2,,,,,8.25
58.38,CARRY,57.73,-0.08,-9.58,58.9,-0.01,1,0,328.5,191.0,49.7,0.98,0.17,48.9,,,,,8.188
58.43,CARRY,57.73,-0.08,-9.58,58.95,-0.01,1,0,329.0,188.5,52.3,1.03,0.18,48.3,,,,,8.312
58.48,CARRY,57.83,-0.07,-9.58,59.0,-0.01,1,0,328.5,191.0,49.7,0.98,0.17,47.7,,,,,8.25
58.53,CARRY,57.83,-0.07,-9.58,59.05,-0.01,1,0,328.5,188.5,52.2,1.03,0.17,51.8,,,,,8.312
58.58,CARRY,57.93,-0.07,-9.58,59.1,-0.01,1,0,328.5,191.0,49.7,0.98,0.17,49.3,,,,,8.312
58.63,CARRY,57.93,-0.07,-9.58,59.15,-0.01,1,0,328.5,188.5,52.2,1.03,0.17,51.6,,,,,8.375
58.69,CARRY,58.03,-0.07,-9.58,59.2,-0.01,1,0,328.0,190.5,50.1,0.99,0.16,49.3,,,,,8.25
58.74,CARRY,58.13,-0.06,-9.58,59.25,-0.01,1,0,327.0,193.5,47.0,0.93,0.14,48.7,,,,,8.375
58.79,CARRY,58.13,-0.06,-9.58,59.3,-0.01,1,0,328.0,190.5,50.1,0.99,0.16,48.3,,,,,8.375
58.84,CARRY,58.23,-0.06,-9.58,59.35,-0.01,1,0,327.5,193.5,47.1,0.93,0.15,49.2,,,,,8.375
58.89,CARRY,58.23,-0.06,-9.58,59.4,-0.01,1,0,328.0,190.5,50.1,0.99,0.16,48.2,,,,,8.312
58.94,CARRY,58.23,-0.06,-9.58,59.45,-0.01,1,0,328.0,188.0,52.6,1.04,0.16,48.4,,,,,8.438
58.99,CARRY,58.33,-0.06,-9.58,59.5,-0.01,1,0,327.5,190.5,50.1,0.99,0.15,51.2,,,,,8.25
59.04,CARRY,58.43,-0.05,-9.58,59.55,-0.01,1,0,327.0,193.5,47.0,0.93,0.14,49.8,,,,,8.312
59.09,CARRY,58.43,-0.05,-9.58,59.6,-0.01,1,0,327.5,190.0,50.6,1.0,0.15,48.1,,,,,8.188
59.14,CARRY,58.54,-0.05,-9.58,59.66,-0.01,1,0,327.0,193.5,47.0,0.93,0.14,48.7,,,,,8.25
59.19,CARRY,58.54,-0.05,-9.58,59.71,-0.01,1,0,327.5,190.0,50.6,1.0,0.15,47.2,,,,,8.188
59.24,CARRY,58.64,-0.05,-9.58,59.76,-0.01,1,0,327.0,193.5,47.0,0.93,0.14,51.0,,,,,8.312
59.29,CARRY,58.64,-0.05,-9.58,59.81,-0.01,1,0,327.0,190.0,50.5,1.0,0.14,50.8,,,,,8.25
59.34,CARRY,58.74,-0.05,-9.58,59.86,-0.01,1,0,326.5,193.0,47.4,0.94,0.13,50.9,,,,,8.25
59.4,CARRY,58.74,-0.05,-9.58,59.91,-0.01,1,0,327.0,189.0,51.5,1.02,0.14,50.5,,,,,8.312
59.45,CARRY,58.84,-0.04,-9.58,59.96,-0.01,1,0,326.5,192.5,47.9,0.95,0.13,50.9,,,,,8.438
59.5,CARRY,58.84,-0.04,-9.58,60.01,-0.01,1,0,327.0,188.5,52.0,1.03,0.14,50.7,,,,,8.375
59.55,CARRY,58.94,-0.04,-9.58,60.07,-0.01,1,0,326.5,192.5,47.9,0.95,0.13,49.3,,,,,8.375
59.6,CARRY,58.94,-0.04,-9.58,60.12,-0.01,1,0,327.0,189.0,51.5,1.02,0.14,47.6,,,,,8.312
59.65,CARRY,59.03,-0.04,-9.58,60.17,-0.01,1,0,326.5,192.0,48.4,0.96,0.13,51.2,,,,,8.312
59.7,CARRY,59.03,-0.04,-9.58,60.22,-0.01,1,0,326.5,189.0,51.4,1.02,0.13,50.2,,,,,8.188
59.76,CARRY,59.13,-0.04,-9.58,60.27,-0.01,1,0,326.5,192.0,48.4,0.96,0.13,51.1,,,,,8.312
59.81,CARRY,59.13,-0.04,-9.58,60.32,-0.01,1,0,326.5,189.0,51.4,1.02,0.13,50.1,,,,,8.188
59.86,CARRY,59.23,-0.04,-9.58,60.37,-0.01,1,0,326.5,191.0,49.4,0.98,0.13,51.4,,,,,8.312
59.91,CARRY,59.23,-0.04,-9.58,60.43,-0.01,1,0,326.0,188.5,51.8,1.03,0.12,50.7,,,,,8.188
59.96,CARRY,59.33,-0.03,-9.58,60.48,-0.01,1,0,325.5,191.0,49.3,0.98,0.11,50.7,,,,,8.25
60.01,CARRY,59.33,-0.03,-9.58,60.53,-0.01,1,0,325.5,189.0,51.3,1.02,0.11,47.8,,,,,8.188
60.06,CARRY,59.43,-0.03,-9.58,60.58,-0.01,1,0,325.5,190.5,49.8,0.99,0.11,50.6,,,,,8.188
60.12,CARRY,59.43,-0.03,-9.58,60.63,-0.01,1,0,325.0,188.5,51.7,1.03,0.1,50.3,,,,,8.188
60.17,CARRY,59.53,-0.03,-9.58,60.68,-0.01,1,0,325.0,190.5,49.8,0.99,0.1,52.8,,,,,8.188
60.22,CARRY,59.53,-0.03,-9.58,60.74,-0.01,1,0,324.5,188.5,51.7,1.03,0.09,49.7,,,,,8.25
60.27,CARRY,59.63,-0.03,-9.58,60.79,-0.01,1,0,324.0,189.5,50.7,1.01,0.08,50.4,,,,,8.188
60.32,CARRY,59.63,-0.03,-9.58,60.84,-0.01,1,0,324.0,188.0,52.2,1.04,0.08,48.3,,,,,8.25
60.37,CARRY,59.73,-0.03,-9.58,60.89,-0.01,1,0,323.5,189.5,50.6,1.01,0.07,51.1,,,,,8.25
60.43,CARRY,59.73,-0.03,-9.58,60.94,-0.01,1,0,324.0,188.0,52.2,1.04,0.08,47.9,,,,,8.312
60.48,CARRY,59.83,-0.03,-9.58,60.99,-0.01,1,0,323.5,189.5,50.6,1.01,0.07,51.1,,,,,8.125
60.53,CARRY,59.83,-0.03,-9.58,61.04,-0.01,1,0,324.0,188.0,52.2,1.04,0.08,48.0,,,,,8.188
60.58,CARRY,59.93,-0.03,-9.58,61.09,-0.01,1,0,324.0,189.5,50.7,1.01,0.08,51.5,,,,,8.25
60.63,CARRY,59.93,-0.03,-9.58,61.14,-0.01,1,0,323.5,188.0,52.1,1.04,0.07,49.6,,,,,8.312
60.68,CARRY,60.03,-0.04,-9.58,61.2,-0.01,1,0,324.0,189.0,51.2,1.02,0.08,48.8,,,,,8.25
60.73,CARRY,60.03,-0.04,-9.58,61.25,-0.01,1,0,324.0,188.0,52.2,1.04,0.08,48.9,,,,,8.25
60.78,CARRY,60.13,-0.04,-9.58,61.3,-0.01,1,0,324.0,189.5,50.7,1.01,0.08,49.8,,,,,8.312
60.83,CARRY,60.13,-0.04,-9.58,61.35,-0.01,1,0,324.5,188.0,52.2,1.04,0.09,48.4,,,,,8.312
60.88,CARRY,60.23,-0.04,-9.58,61.4,-0.01,1,0,324.5,189.5,50.7,1.01,0.09,49.6,,,,,8.312
60.93,CARRY,60.23,-0.04,-9.58,61.45,-0.01,1,0,324.5,188.0,52.2,1.04,0.09,52.1,,,,,8.312
60.99,CARRY,60.33,-0.05,-9.58,61.5,-0.01,1,0,324.5,190.0,50.2,1.0,0.09,49.9,,,,,8.188
61.04,CARRY,60.33,-0.05,-9.58,61.55,-0.01,1,0,324.5,188.0,52.2,1.04,0.09,52.2,,,,,8.25
61.09,CARRY,60.44,-0.05,-9.58,61.6,-0.01,1,0,324.5,190.0,50.2,1.0,0.09,50.6,,,,,8.125
61.14,CARRY,60.54,-0.05,-9.58,61.66,-0.01,1,0,324.5,193.5,46.7,0.93,0.09,48.9,,,,,8.188
61.19,CARRY,60.54,-0.05,-9.58,61.71,-0.01,1,0,324.5,190.5,49.7,0.99,0.09,48.5,,,,,8.188
61.24,CARRY,60.64,-0.06,-9.58,61.76,-0.01,1,0,324.5,194.0,46.2,0.92,0.09,49.0,,,,,8.25
61.29,CARRY,60.64,-0.06,-9.58,61.81,-0.01,1,0,324.5,190.5,49.7,0.99,0.09,48.5,,,,,8.25
61.34,CARRY,60.74,-0.06,-9.58,61.86,-0.01,1,0,324.5,194.0,46.2,0.92,0.09,48.6,,,,,8.25
61.39,CARRY,60.74,-0.06,-9.58,61.91,-0.01,1,0,325.0,190.5,49.8,0.99,0.1,48.3,,,,,8.312
61.44,CARRY,60.84,-0.06,-9.58,61.96,-0.01,1,0,324.5,194.0,46.2,0.92,0.09,48.4,,,,,8.25
61.49,CARRY,60.84,-0.06,-9.58,62.01,-0.01,1,0,325.5,191.0,49.3,0.98,0.11,50.5,,,,,8.312
61.54,CARRY,60.94,-0.07,-9.58,62.06,-0.01,1,0,325.0,194.5,45.8,0.91,0.1,48.4,,,,,8.188
61.59,CARRY,60.94,-0.07,-9.58,62.11,-0.01,1,0,325.5,191.0,49.3,0.98,0.11,51.1,,,,,8.25
61.65,CARRY,61.04,-0.07,-9.58,62.16,-0.01,1,0,325.5,194.5,45.8,0.91,0.11,49.6,,,,,8.375
61.7,CARRY,61.04,-0.07,-9.58,62.21,-0.01,1,0,326.5,191.0,49.4,0.98,0.13,49.5,,,,,8.438
61.75,CARRY,61.14,-0.07,-9.58,62.26,-0.01,1,0,326.5,194.5,46.0,0.91,0.13,49.1,,,,,8.375
61.8,CARRY,61.14,-0.07,-9.58,62.31,-0.01,1,0,327.0,191.0,49.5,0.98,0.14,49.3,,,,,8.5
61.85,CARRY,61.24,-0.08,-9.58,62.36,-0.01,1,0,327.5,194.0,46.6,0.92,0.15,48.9,,,,,8.25
61.9,CARRY,61.24,-0.08,-9.58,62.41,-0.01,1,0,326.5,191.0,49.4,0.98,0.13,49.2,,,,,8.375
61.95,CARRY,61.34,-0.08,-9.58,62.46,-0.01,1,0,327.5,194.0,46.6,0.92,0.15,48.8,,,,,8.438
62.0,CARRY,61.34,-0.08,-9.58,62.51,-0.01,1,0,328.0,191.0,49.6,0.98,0.16,49.2,,,,,8.438
62.05,CARRY,61.43,-0.08,-9.58,62.56,-0.01,1,0,328.0,193.5,47.2,0.93,0.16,48.8,,,,,8.5
62.1,CARRY,61.43,-0.08,-9.58,62.61,-0.01,1,0,328.0,191.0,49.6,0.98,0.16,51.4,,,,,8.438
62.15,CARRY,61.53,-0.08,-9.58,62.66,-0.01,1,0,328.0,193.5,47.2,0.93,0.16,50.3,,,,,8.438
62.2,CARRY,61.53,-0.08,-9.58,62.72,-0.01,1,0,328.0,190.5,50.1,0.99,0.16,50.4,,,,,8.375
62.25,CARRY,61.63,-0.08,-9.58,62.77,-0.01,1,0,328.0,193.0,47.7,0.94,0.16,50.5,,,,,8.5
62.3,CARRY,61.63,-0.08,-9.58,62.82,-0.01,1,0,328.0,190.0,50.6,1.0,0.16,49.4,,,,,8.312
62.35,CARRY,61.72,-0.08,-9.58,62.87,-0.01,1,0,328.0,193.0,47.7,0.94,0.16,49.2,,,,,8.375
62.4,CARRY,61.72,-0.08,-9.58,62.92,-0.01,1,0,328.0,190.0,50.6,1.0,0.16,50.5,,,,,8.188
62.46,CARRY,61.82,-0.08,-9.58,62.97,-0.01,1,0,328.0,192.5,48.2,0.95,0.16,50.7,,,,,8.312
62.51,CARRY,61.82,-0.08,-9.58,63.02,-0.01,1,0,328.0,189.5,51.1,1.01,0.16,49.1,,,,,8.125
62.56,CARRY,61.92,-0.08,-9.58,63.07,-0.01,1,0,328.0,192.5,48.2,0.95,0.16,50.3,,,,,8.25
62.61,CARRY,61.92,-0.08,-9.58,63.12,-0.01,1,0,328.5,189.5,51.2,1.01,0.17,47.8,,,,,8.125
62.66,CARRY,62.02,-0.08,-9.58,63.17,-0.01,1,0,328.0,191.5,49.2,0.97,0.16,48.7,,,,,8.312
62.71,CARRY,62.02,-0.08,-9.58,63.22,-0.01,1,0,328.5,189.0,51.7,1.02,0.17,48.1,,,,,8.25
62.76,CARRY,62.11,-0.08,-9.58,63.27,-0.01,1,0,327.5,191.5,49.1,0.97,0.15,48.8,,,,,8.125
62.81,CARRY,62.11,-0.08,-9.58,63.32,-0.01,1,0,328.0,189.0,51.6,1.02,0.16,48.1,,,,,8.188
62.86,CARRY,62.21,-0.07,-9.58,63.37,-0.01,1,0,327.5,191.0,49.6,0.98,0.15,48.7,,,,,8.125
62.91,CARRY,62.21,-0.07,-9.58,63.42,-0.01,1,0,328.0,189.0,51.6,1.02,0.16,48.1,,,,,8.188
62.96,CARRY,62.31,-0.07,-9.58,63.47,-0.01,1,0,327.5,191.0,49.6,0.98,0.15,48.6,,,,,8.0
63.01,CARRY,62.31,-0.07,-9.58,63.52,-0.01,1,0,328.0,189.0,51.6,1.02,0.16,48.2,,,,,8.062
63.06,CARRY,62.41,-0.07,-9.58,63.57,-0.01,1,0,327.5,191.0,49.6,0.98,0.15,48.9,,,,,8.0
63.11,CARRY,62.41,-0.07,-9.58,63.62,-0.01,1,0,327.0,188.5,52.0,1.03,0.14,50.7,,,,,8.125
63.16,CARRY,62.51,-0.07,-9.58,63.68,-0.01,1,0,327.5,191.0,49.6,0.98,0.15,48.8,,,,,8.0
63.21,CARRY,62.51,-0.07,-9.58,63.73,-0.01,1,0,327.0,188.5,52.0,1.03,0.14,48.4,,,,,8.125
63.26,CARRY,62.61,-0.07,-9.58,63.78,-0.01,1,0,327.5,191.0,49.6,0.98,0.15,50.4,,,,,8.0
63.31,CARRY,62.61,-0.07,-9.58,63.83,-0.01,1,0,327.0,188.0,52.5,1.04,0.14,50.8,,,,,8.125
63.36,CARRY,62.71,-0.06,-9.58,63.88,-0.01,1,0,327.0,190.5,50.0,0.99,0.14,49.9,,,,,8.125
63.42,CARRY,62.71,-0.06,-9.58,63.93,-0.01,1,0,327.0,188.0,52.5,1.04,0.14,48.8,,,,,8.25
63.47,CARRY,62.81,-0.06,-9.58,63.98,-0.01,1,0,326.5,190.0,50.4,1.0,0.13,50.1,,,,,8.25
63.52,CARRY,62.81,-0.06,-9.58,64.03,-0.01,1,0,327.0,187.5,53.0,1.05,0.14,49.5,,,,,8.375
63.57,CARRY,62.91,-0.06,-9.58,64.08,-0.01,1,0,325.5,189.5,50.8,1.01,0.11,48.9,,,,,8.312
63.62,CARRY,62.91,-0.06,-9.58,64.13,-0.01,1,0,326.5,187.5,52.9,1.05,0.13,48.4,,,,,8.375
63.67,CARRY,63.01,-0.06,-9.58,64.18,-0.01,1,0,325.5,190.0,50.3,1.0,0.11,48.8,,,,,8.312
63.72,CARRY,63.01,-0.06,-9.58,64.23,-0.01,1,0,326.5,187.5,52.9,1.05,0.13,48.6,,,,,8.312
63.77,CARRY,63.11,-0.06,-9.58,64.28,-0.01,1,0,325.5,190.0,50.3,1.0,0.11,49.0,,,,,8.25
63.82,CARRY,63.11,-0.06,-9.58,64.33,-0.01,1,0,325.5,187.5,52.8,1.05,0.11,48.4,,,,,8.312
63.87,CARRY,63.21,-0.06,-9.58,64.38,-0.01,1,0,325.0,190.0,50.2,1.0,0.1,48.8,,,,,8.25
63.92,CARRY,63.21,-0.06,-9.58,64.43,-0.01,1,0,325.5,188.0,52.3,1.04,0.11,50.3,,,,,8.312
63.97,CARRY,63.32,-0.06,-9.58,64.48,-0.01,1,0,325.0,190.0,50.2,1.0,0.1,50.6,,,,,8.188
64.02,CARRY,63.32,-0.06,-9.58,64.53,-0.01,1,0,325.5,188.0,52.3,1.04,0.11,51.7,,,,,8.188
64.07,CARRY,63.42,-0.06,-9.58,64.59,-0.01,1,0,325.0,190.0,50.2,1.0,0.1,49.3,,,,,8.0
64.12,CARRY,63.42,-0.06,-9.58,64.64,-0.01,1,0,325.5,188.0,52.3,1.04,0.11,48.4,,,,,8.125
64.17,CARRY,63.52,-0.06,-9.58,64.69,-0.01,1,0,324.5,190.0,50.2,1.0,0.09,49.6,,,,,8.062
64.22,CARRY,63.52,-0.06,-9.58,64.74,-0.01,1,0,325.5,188.0,52.3,1.04,0.11,50.7,,,,,8.062
64.28,CARRY,63.62,-0.06,-9.58,64.79,-0.01,1,0,325.0,190.0,50.2,1.0,0.1,50.7,,,,,8.0
64.33,CARRY,63.62,-0.06,-9.58,64.84,-0.01,1,0,325.5,187.5,52.8,1.05,0.11,51.8,,,,,8.0
64.38,CARRY,63.73,-0.06,-9.58,64.89,-0.01,1,0,325.0,189.5,50.7,1.01,0.1,49.3,,,,,8.0
64.43,CARRY,63.73,-0.06,-9.58,64.94,-0.01,1,0,325.5,187.5,52.8,1.05,0.11,48.5,,,,,8.125
64.48,CARRY,63.83,-0.06,-9.58,64.99,-0.01,1,0,325.0,190.0,50.2,1.0,0.1,49.2,,,,,7.969
64.53,CARRY,63.83,-0.06,-9.58,65.05,-0.01,1,0,325.5,188.0,52.3,1.04,0.11,48.7,,,,,8.0
64.58,CARRY,63.93,-0.06,-9.58,65.1,-0.01,1,0,325.5,190.5,49.8,0.99,0.11,49.0,,,,,8.0
64.63,CARRY,63.93,-0.06,-9.58,65.15,-0.01,1,0,325.5,187.5,52.8,1.05,0.11,48.7,,,,,8.062
64.68,CARRY,64.03,-0.06,-9.58,65.2,-0.01,1,0,325.5,190.0,50.3,1.0,0.11,48.8,,,,,8.062
64.73,CARRY,64.03,-0.06,-9.58,65.25,-0.01,1,0,326.0,187.5,52.8,1.05,0.12,48.3,,,,,8.125
64.78,CARRY,64.13,-0.07,-9.58,65.3,-0.01,1,0,326.5,190.0,50.4,1.0,0.13,49.0,,,,,8.062
64.83,CARRY,64.13,-0.07,-9.58,65.35,-0.01,1,0,326.0,188.0,52.3,1.04,0.12,48.6,,,,,8.125
64.88,CARRY,64.24,-0.07,-9.58,65.4,-0.01,1,0,327.0,190.5,50.0,0.99,0.14,49.0,,,,,8.188
64.93,CARRY,64.24,-0.07,-9.58,65.45,-0.01,1,0,326.5,188.0,52.4,1.04,0.13,48.6,,,,,8.125
64.98,CARRY,64.34,-0.07,-9.58,65.5,-0.01,1,0,327.5,190.5,50.1,0.99,0.15,49.1,,,,,8.188
65.03,CARRY,64.34,-0.07,-9.58,65.55,-0.01,1,0,327.5,187.5,53.0,1.05,0.15,48.6,,,,,8.062
65.08,CARRY,64.44,-0.07,-9.58,65.6,-0.01,1,0,327.5,190.0,50.6,1.0,0.15,48.9,,,,,8.188
65.13,CARRY,64.44,-0.07,-9.58,65.65,-0.01,1,0,328.0,188.0,52.6,1.04,0.16,48.9,,,,,8.125
65.18,CARRY,64.54,-0.08,-9.58,65.7,-0.01,1,0,327.5,191.0,49.6,0.98,0.15,49.2,,,,,8.125
65.23,CARRY,64.54,-0.08,-9.58,65.75,-0.01,1,0,327.5,189.0,51.5,1.02,0.15,48.7,,,,,8.062
65.28,CARRY,64.65,-0.08,-9.58,65.8,-0.01,1,0,327.5,191.0,49.6,0.98,0.15,51.4,,,,,8.125
65.33,CARRY,64.65,-0.08,-9.58,65.85,-0.01,1,0,328.0,189.0,51.6,1.02,0.16,49.6,,,,,8.0
65.38,CARRY,64.75,-0.08,-9.58,65.9,-0.01,1,0,327.5,191.5,49.1,0.97,0.15,49.2,,,,,8.0
65.44,CARRY,64.75,-0.08,-9.58,65.95,-0.01,1,0,328.0,189.0,51.6,1.02,0.16,50.7,,,,,7.938
65.49,CARRY,64.85,-0.08,-9.58,66.0,-0.01,1,0,327.5,192.0,48.6,0.96,0.15,51.3,,,,,7.938
65.54,CARRY,64.95,-0.08,-9.58,66.05,-0.01,1,0,327.5,195.0,45.6,0.9,0.15,49.5,,,,,7.781
65.59,CARRY,64.95,-0.08,-9.58,66.1,-0.01,1,0,328.0,192.0,48.7,0.96,0.16,48.3,,,,,7.812
65.64,CARRY,65.06,-0.07,-9.58,66.15,-0.01,1,0,327.5,195.0,45.6,0.9,0.15,50.2,,,,,7.812
65.69,CARRY,65.06,-0.07,-9.58,66.21,-0.01,1,0,328.0,192.0,48.7,0.96,0.16,48.7,,,,,7.938
65.74,CARRY,65.16,-0.07,-9.58,66.26,-0.01,1,0,328.0,195.0,45.7,0.9,0.16,49.3,,,,,7.938
65.79,CARRY,65.16,-0.07,-9.58,66.31,-0.01,1,0,328.0,192.0,48.7,0.96,0.16,48.8,,,,,8.062
65.84,CARRY,65.26,-0.07,-9.58,66.36,-0.01,1,0,327.5,195.0,45.6,0.9,0.15,49.3,,,,,7.906
65.89,CARRY,65.26,-0.07,-9.58,66.41,-0.01,1,0,328.0,192.0,48.7,0.96,0.16,50.6,,,,,8.0
65.94,CARRY,65.36,-0.07,-9.58,66.46,-0.01,1,0,327.5,195.0,45.6,0.9,0.15,53.1,,,,,7.938
66.0,CARRY,65.36,-0.07,-9.58,66.51,-0.01,1,0,328.0,191.5,49.2,0.97,0.16,50.2,,,,,8.062
66.05,CARRY,65.46,-0.06,-9.58,66.56,-0.01,1,0,327.0,194.5,46.0,0.91,0.14,48.6,,,,,8.0
66.1,CARRY,65.46,-0.06,-9.58,66.61,-0.01,1,0,328.0,191.5,49.2,0.97,0.16,50.1,,,,,8.062
66.15,CARRY,65.55,-0.06,-9.58,66.66,-0.01,1,0,327.5,194.0,46.6,0.92,0.15,53.6,,,,,8.0
66.2,CARRY,65.55,-0.06,-9.58,66.72,-0.01,1,0,328.0,191.0,49.6,0.98,0.16,48.2,,,,,8.188
66.25,CARRY,65.65,-0.06,-9.58,66.77,-0.01,1,0,327.5,193.5,47.1,0.93,0.15,51.0,,,,,8.125
66.31,CARRY,65.65,-0.06,-9.58,66.82,-0.01,1,0,328.0,190.5,50.1,0.99,0.16,47.9,,,,,8.062
66.36,CARRY,65.75,-0.06,-9.58,66.87,-0.01,1,0,327.5,193.5,47.1,0.93,0.15,48.2,,,,,8.125
66.41,CARRY,65.75,-0.06,-9.58,66.92,-0.01,1,0,327.5,190.5,50.1,0.99,0.15,51.3,,,,,8.062
66.46,CARRY,65.85,-0.05,-9.58,66.97,-0.01,1,0,327.0,193.0,47.5,0.94,0.14,49.1,,,,,8.125
66.51,CARRY,65.85,-0.05,-9.58,67.02,-0.01,1,0,327.5,190.0,50.6,1.0,0.15,48.7,,,,,8.062
66.56,CARRY,65.94,-0.05,-9.58,67.07,-0.01,1,0,327.5,193.0,47.6,0.94,0.15,49.2,,,,,8.125
66.61,CARRY,65.94,-0.05,-9.58,67.12,-0.01,1,0,327.5,190.0,50.6,1.0,0.15,51.2,,,,,8.125
66.66,CARRY,66.04,-0.05,-9.58,67.18,-0.01,1,0,327.0,192.5,48.0,0.95,0.14,49.6,,,,,8.25
66.71,CARRY,66.04,-0.05,-9.58,67.23,-0.01,1,0,327.5,189.5,51.1,1.01,0.15,49.9,,,,,8.25
66.76,CARRY,66.14,-0.05,-9.58,67.28,-0.01,1,0,327.0,192.0,48.5,0.96,0.14,48.8,,,,,8.375
66.81,CARRY,66.14,-0.05,-9.58,67.33,-0.01,1,0,327.5,189.5,51.1,1.01,0.15,51.0,,,,,8.25
66.87,CARRY,66.23,-0.04,-9.58,67.38,-0.01,1,0,326.5,192.0,48.4,0.96,0.13,49.0,,,,,8.375
66.92,CARRY,66.23,-0.04,-9.58,67.43,-0.01,1,0,327.0,188.5,52.0,1.03,0.14,48.8,,,,,8.375
66.97,CARRY,66.33,-0.04,-9.58,67.48,-0.01,1,0,326.5,191.0,49.4,0.98,0.13,49.1,,,,,8.312
67.02,CARRY,66.33,-0.04,-9.58,67.53,-0.01,1,0,327.0,188.5,52.0,1.03,0.14,48.5,,,,,8.375
67.07,CARRY,66.43,-0.04,-9.58,67.58,-0.01,1,0,326.5,190.5,49.9,0.99,0.13,49.0,,,,,8.312
67.12,CARRY,66.43,-0.04,-9.58,67.63,-0.01,1,0,327.0,188.5,52.0,1.03,0.14,48.6,,,,,8.375
67.17,CARRY,66.53,-0.04,-9.58,67.68,-0.01,1,0,326.5,190.5,49.9,0.99,0.13,49.1,,,,,8.25
67.22,CARRY,66.53,-0.04,-9.58,67.73,-0.01,1,0,327.0,188.5,52.0,1.03,0.14,51.3,,,,,8.312
67.27,CARRY,66.62,-0.03,-9.58,67.78,-0.01,1,0,326.5,190.0,50.4,1.0,0.13,49.3,,,,,8.312
67.32,CARRY,66.62,-0.03,-9.58,67.83,-0.01,1,0,326.5,188.5,51.9,1.03,0.13,48.4,,,,,8.312
67.37,CARRY,66.72,-0.03,-9.58,67.88,-0.01,1,0,326.5,189.5,50.9,1.01,0.13,49.0,,,,,8.312
67.42,CARRY,66.72,-0.03,-9.58,67.93,-0.01,1,0,326.5,188.0,52.4,1.04,0.13,48.3,,,,,8.438
67.47,CARRY,66.82,-0.03,-9.58,67.98,-0.01,1,0,326.5,189.5,50.9,1.01,0.13,49.0,,,,,8.375
67.52,CARRY,66.82,-0.03,-9.58,68.03,-0.01,1,0,326.5,188.0,52.4,1.04,0.13,47.7,,,,,8.438
67.57,CARRY,66.92,-0.03,-9.58,68.08,-0.01,1,0,326.0,189.5,50.9,1.01,0.12,51.7,,,,,8.312
67.62,CARRY,66.92,-0.03,-9.58,68.14,-0.01,1,0,326.0,188.0,52.3,1.04,0.12,49.0,,,,,8.375
67.67,CARRY,67.02,-0.03,-9.58,68.19,-0.01,1,0,326.0,190.0,50.4,1.0,0.12,51.7,,,,,8.312
67.72,CARRY,67.02,-0.03,-9.58,68.24,-0.01,1,0,326.0,188.0,52.3,1.04,0.12,49.3,,,,,8.375
67.77,CARRY,67.13,-0.03,-9.58,68.29,-0.01,1,0,325.5,190.0,50.3,1.0,0.11,51.4,,,,,8.375
67.83,CARRY,67.13,-0.03,-9.58,68.34,-0.01,1,0,325.5,188.0,52.3,1.04,0.11,48.8,,,,,8.375
67.88,CARRY,67.23,-0.03,-9.58,68.39,-0.01,1,0,325.5,189.5,50.8,1.01,0.11,49.0,,,,,8.375
67.93,CARRY,67.23,-0.03,-9.58,68.44,-0.01,1,0,325.0,188.0,52.2,1.04,0.1,48.4,,,,,8.438
67.98,CARRY,67.33,-0.03,-9.58,68.49,-0.01,1,0,325.5,189.5,50.8,1.01,0.11,48.9,,,,,8.375
68.03,CARRY,67.33,-0.03,-9.58,68.54,-0.01,1,0,324.5,188.0,52.2,1.04,0.09,48.6,,,,,8.375
68.08,CARRY,67.43,-0.03,-9.58,68.59,-0.01,1,0,325.0,189.5,50.7,1.01,0.1,49.0,,,,,8.25
68.13,CARRY,67.43,-0.03,-9.58,68.64,-0.01,1,0,324.0,188.0,52.2,1.04,0.08,51.1,,,,,8.312
68.18,CARRY,67.53,-0.03,-9.58,68.69,-0.01,1,0,324.0,189.5,50.7,1.01,0.08,51.1,,,,,8.188
68.23,CARRY,67.53,-0.03,-9.58,68.75,-0.01,1,0,324.0,188.0,52.2,1.04,0.08,49.0,,,,,8.25
68.28,CARRY,67.64,-0.03,-9.58,68.8,-0.01,1,0,324.0,189.5,50.7,1.01,0.08,52.4,,,,,8.188
68.34,CARRY,67.64,-0.03,-9.58,68.85,-0.01,1,0,324.0,188.0,52.2,1.04,0.08,48.4,,,,,8.25
68.39,CARRY,67.74,-0.04,-9.58,68.9,-0.01,1,0,324.0,189.5,50.7,1.01,0.08,52.6,,,,,8.125
68.44,CARRY,67.84,-0.04,-9.58,68.95,-0.01,1,0,323.5,194.0,46.1,0.92,0.07,49.5,,,,,8.0
68.49,CARRY,67.84,-0.04,-9.58,69.0,-0.01,1,0,324.0,189.5,50.7,1.01,0.08,50.8,,,,,7.969
68.54,CARRY,67.94,-0.04,-9.58,69.06,-0.01,1,0,323.5,194.0,46.1,0.92,0.07,51.1,,,,,8.062
68.59,CARRY,67.94,-0.04,-9.58,69.11,-0.01,1,0,324.0,189.5,50.7,1.01,0.08,48.8,,,,,8.0
68.64,CARRY,68.05,-0.04,-9.58,69.16,-0.01,1,0,323.5,194.0,46.1,0.92,0.07,49.2,,,,,8.0
68.69,CARRY,68.05,-0.04,-9.58,69.21,-0.01,1,0,324.0,189.5,50.7,1.01,0.08,48.8,,,,,8.062
68.74,CARRY,68.15,-0.05,-9.58,69.26,-0.01,1,0,323.5,194.0,46.1,0.92,0.07,49.0,,,,,8.0
68.79,CARRY,68.15,-0.05,-9.58,69.31,-0.01,1,0,324.0,190.0,50.2,1.0,0.08,51.5,,,,,8.0
68.85,CARRY,68.25,-0.05,-9.58,69.36,-0.01,1,0,324.0,194.0,46.2,0.92,0.08,49.3,,,,,8.062
68.9,CARRY,68.25,-0.05,-9.58,69.41,-0.01,1,0,324.5,190.0,50.2,1.0,0.09,48.4,,,,,8.062
68.95,CARRY,68.35,-0.05,-9.58,69.46,-0.01,1,0,324.5,193.5,46.7,0.93,0.09,49.0,,,,,8.062
69.0,CARRY,68.35,-0.05,-9.58,69.51,-0.01,1,0,324.5,190.0,50.2,1.0,0.09,49.2,,,,,8.0
69.05,CARRY,68.44,-0.06,-9.58,69.56,-0.01,1,0,324.5,193.5,46.7,0.93,0.09,48.6,,,,,7.938
69.1,CARRY,68.44,-0.06,-9.58,69.61,-0.01,1,0,324.5,190.0,50.2,1.0,0.09,49.2,,,,,7.875
69.15,CARRY,68.54,-0.06,-9.58,69.66,-0.01,1,0,324.5,193.0,47.2,0.94,0.09,49.8,,,,,8.0
69.2,CARRY,68.54,-0.06,-9.58,69.71,-0.01,1,0,325.0,189.5,50.7,1.01,0.1,48.6,,,,,7.875
69.25,CARRY,68.64,-0.06,-9.58,69.76,-0.01,1,0,325.0,193.5,46.8,0.93,0.1,49.4,,,,,8.0
69.3,CARRY,68.64,-0.06,-9.58,69.81,-0.01,1,0,325.5,190.0,50.3,1.0,0.11,48.8,,,,,7.938
69.35,CARRY,68.74,-0.07,-9.58,69.86,-0.01,1,0,325.5,193.5,46.8,0.93,0.11,49.5,,,,,7.875
69.4,CARRY,68.74,-0.07,-9.58,69.91,-0.01,1,0,325.5,190.0,50.3,1.0,0.11,48.7,,,,,7.719
69.45,CARRY,68.83,-0.07,-9.58,69.96,-0.01,1,0,326.5,193.0,47.4,0.94,0.13,49.4,,,,,7.906
69.5,CARRY,68.83,-0.07,-9.58,70.01,-0.01,1,0,326.5,189.5,50.9,1.01,0.13,49.6,,,,,7.781
69.55,CARRY,68.93,-0.08,-9.58,70.06,-0.01,1,0,327.5,193.0,47.6,0.94,0.15,49.2,,,,,7.812
69.6,CARRY,68.93,-0.08,-9.58,70.12,-0.01,1,0,328.0,190.0,50.6,1.0,0.16,51.0,,,,,7.812
69.65,CARRY,69.03,-0.08,-9.58,70.17,-0.01,1,0,327.5,192.5,48.1,0.95,0.15,51.8,,,,,7.875
69.71,CARRY,69.03,-0.08,-9.58,70.22,-0.01,1,0,328.0,189.5,51.1,1.01,0.16,47.8,,,,,7.844
69.76,CARRY,69.13,-0.08,-9.58,70.27,-0.01,1,0,328.0,192.5,48.2,0.95,0.16,51.3,,,,,7.906
69.81,CARRY,69.13,-0.08,-9.58,70.32,-0.01,1,0,328.0,190.0,50.6,1.0,0.16,49.2,,,,,7.719
69.86,CARRY,69.23,-0.08,-9.58,70.37,-0.01,1,0,328.5,192.0,48.7,0.96,0.17,51.3,,,,,7.906
69.91,CARRY,69.23,-0.08,-9.58,70.42,-0.01,1,0,328.5,189.5,51.2,1.01,0.17,50.0,,,,,7.719
69.96,CARRY,69.32,-0.08,-9.58,70.48,-0.01,1,0,328.5,192.5,48.3,0.95,0.17,49.6,,,,,7.938
70.01,CARRY,69.32,-0.08,-9.58,70.53,-0.01,1,0,328.5,189.5,51.2,1.01,0.17,48.9,,,,,7.812
70.06,CARRY,69.42,-0.08,-9.58,70.58,-0.01,1,0,328.5,192.0,48.7,0.96,0.17,49.1,,,,,8.0
70.11,CARRY,69.42,-0.08,-9.58,70.63,-0.01,1,0,328.5,189.5,51.2,1.01,0.17,48.9,,,,,7.844
70.16,CARRY,69.52,-0.08,-9.58,70.68,-0.01,1,0,328.5,191.5,49.2,0.97,0.17,49.1,,,,,8.062
70.21,CARRY,69.52,-0.08,-9.58,70.73,-0.01,1,0,328.5,189.5,51.2,1.01,0.17,49.8,,,,,8.062
70.26,CARRY,69.62,-0.08,-9.58,70.78,-0.01,1,0,328.5,191.5,49.2,0.97,0.17,49.8,,,,,8.125
70.31,CARRY,69.62,-0.08,-9.58,70.83,-0.01,1,0,329.0,189.0,51.8,1.02,0.18,49.3,,,,,8.125
70.36,CARRY,69.72,-0.08,-9.58,70.88,-0.01,1,0,328.5,191.5,49.2,0.97,0.17,49.2,,,,,8.312
70.42,CARRY,69.72,-0.08,-9.58,70.93,-0.01,1,0,329.5,189.0,51.9,1.02,0.19,48.7,,,,,8.188
70.47,CARRY,69.82,-0.08,-9.58,70.98,-0.01,1,0,328.0,191.5,49.2,0.97,0.16,49.0,,,,,8.25
70.52,CARRY,69.82,-0.08,-9.58,71.03,-0.01,1,0,329.0,189.0,51.8,1.02,0.18,49.4,,,,,8.312
70.57,CARRY,69.92,-0.07,-9.58,71.08,-0.01,1,0,328.5,191.5,49.2,0.97,0.17,49.2,,,,,8.188
70.62,CARRY,69.92,-0.07,-9.58,71.13,-0.01,1,0,328.5,189.0,51.7,1.02,0.17,48.6,,,,,8.25
70.67,CARRY,70.02,-0.07,-9.58,71.18,-0.01,1,0,328.5,191.5,49.2,0.97,0.17,49.1,,,,,8.188
70.72,CARRY,70.02,-0.07,-9.58,71.23,-0.01,1,0,328.5,188.5,52.2,1.03,0.17,48.5,,,,,8.312
70.77,CARRY,70.12,-0.07,-9.58,71.28,-0.01,1,0,328.0,191.5,49.2,0.97,0.16,49.0,,,,,8.25
70.82,CARRY,70.12,-0.07,-9.58,71.33,-0.01,1,0,328.0,188.5,52.1,1.03,0.16,49.9,,,,,8.375
70.87,CARRY,70.22,-0.06,-9.58,71.38,-0.01,1,0,328.0,191.0,49.6,0.98,0.16,48.2,,,,,8.375
70.92,CARRY,70.22,-0.06,-9.58,71.43,-0.01,1,0,328.0,188.5,52.1,1.03,0.16,50.9,,,,,8.438
70.97,CARRY,70.32,-0.06,-9.58,71.48,-0.01,1,0,328.0,190.5,50.1,0.99,0.16,52.3,,,,,8.375
71.02,CARRY,70.32,-0.06,-9.58,71.54,-0.01,1,0,328.0,188.0,52.6,1.04,0.16,48.7,,,,,8.438
71.07,CARRY,70.42,-0.06,-9.58,71.59,-0.01,1,0,327.5,190.5,50.1,0.99,0.15,49.4,,,,,8.312
71.12,CARRY,70.42,-0.06,-9.58,71.64,-0.01,1,0,328.0,188.0,52.6,1.04,0.16,48.4,,,,,8.438
71.17,CARRY,70.52,-0.06,-9.58,71.69,-0.01,1,0,327.5,190.5,50.1,0.99,0.15,49.3,,,,,8.312
71.22,CARRY,70.52,-0.06,-9.58,71.74,-0.01,1,0,328.0,188.0,52.6,1.04,0.16,50.5,,,,,8.375
71.28,CARRY,70.62,-0.05,-9.58,71.79,-0.01,1,0,327.5,190.5,50.1,0.99,0.15,49.3,,,,,8.312
71.33,CARRY,70.62,-0.05,-9.58,71.84,-0.01,1,0,327.5,188.0,52.5,1.04,0.15,47.8,,,,,8.375
71.38,CARRY,70.73,-0.05,-9.58,71.89,-0.01,1,0,327.5,190.0,50.6,1.0,0.15,52.1,,,,,8.375
71.43,CARRY,70.73,-0.05,-9.58,71.94,-0.01,1,0,327.5,187.5,53.0,1.05,0.15,50.5,,,,,8.5
71.48,CARRY,70.83,-0.05,-9.58,71.99,-0.01,1,0,327.0,189.5,51.0,1.01,0.14,49.3,,,,,8.438
71.53,CARRY,70.83,-0.05,-9.58,72.04,-0.01,1,0,327.5,187.5,53.0,1.05,0.15,48.1,,,,,8.5
71.58,CARRY,70.93,-0.05,-9.58,72.09,-0.01,1,0,327.0,189.5,51.0,1.01,0.14,49.1,,,,,8.375
71.63,CARRY,70.93,-0.05,-9.58,72.14,-0.01,1,0,327.0,187.5,53.0,1.05,0.14,50.8,,,,,8.438
71.68,CARRY,71.03,-0.04,-9.58,72.2,-0.01,1,0,327.0,189.5,51.0,1.01,0.14,48.9,,,,,8.375
71.73,CARRY,71.03,-0.04,-9.58,72.25,-0.01,1,0,327.0,187.5,53.0,1.05,0.14,48.7,,,,,8.312
71.78,CARRY,71.13,-0.04,-9.58,72.3,-0.01,1,0,326.5,189.5,50.9,1.01,0.13,49.1,,,,,8.25
71.83,CARRY,71.13,-0.04,-9.58,72.35,-0.01,1,0,327.0,187.5,53.0,1.05,0.14,48.7,,,,,8.312
71.88,CARRY,71.24,-0.04,-9.58,72.4,-0.01,1,0,326.0,189.5,50.9,1.01,0.12,48.9,,,,,8.25
71.93,CARRY,71.24,-0.04,-9.58,72.45,-0.01,1,0,326.5,188.0,52.4,1.04,0.13,49.7,,,,,8.312
71.98,CARRY,71.34,-0.04,-9.58,72.5,-0.01,1,0,326.0,190.0,50.4,1.0,0.12,49.1,,,,,8.25
72.03,CARRY,71.34,-0.04,-9.58,72.55,-0.01,1,0,326.5,188.5,51.9,1.03,0.13,48.7,,,,,8.25
72.08,CARRY,71.44,-0.04,-9.58,72.6,-0.01,1,0,326.0,190.0,50.4,1.0,0.12,49.3,,,,,8.188
72.13,CARRY,71.44,-0.04,-9.58,72.65,-0.01,1,0,326.0,188.5,51.8,1.03,0.12,48.8,,,,,8.25
72.18,CARRY,71.55,-0.03,-9.58,72.7,-0.01,1,0,326.0,190.0,50.4,1.0,0.12,49.0,,,,,8.125
72.23,CARRY,71.55,-0.03,-9.58,72.75,-0.01,1,0,326.0,188.5,51.8,1.03,0.12,48.8,,,,,8.188
72.28,CARRY,71.65,-0.03,-9.58,72.8,-0.01,1,0,326.0,190.5,49.9,0.99,0.12,49.2,,,,,8.188
72.33,CARRY,71.65,-0.03,-9.58,72.85,-0.01,1,0,326.0,188.5,51.8,1.03,0.12,48.4,,,,,8.25
72.38,CARRY,71.75,-0.03,-9.58,72.9,-0.01,1,0,325.5,191.0,49.3,0.98,0.11,50.6,,,,,8.312
72.44,CARRY,71.75,-0.03,-9.58,72.95,-0.01,1,0,325.5,188.5,51.8,1.03,0.11,48.6,,,,,8.25
72.49,CARRY,71.86,-0.03,-9.58,73.0,-0.01,1,0,325.5,191.5,48.8,0.97,0.11,49.1,,,,,8.188
72.54,CARRY,71.86,-0.03,-9.58,73.05,-0.01,1,0,325.5,188.5,51.8,1.03,0.11,48.5,,,,,8.125
72.59,CARRY,71.96,-0.03,-9.58,73.1,-0.01,1,0,325.0,191.5,48.8,0.97,0.1,49.0,,,,,8.25
72.64,CARRY,71.96,-0.03,-9.58,73.15,-0.01,1,0,325.0,188.5,51.7,1.03,0.1,48.5,,,,,8.188
72.69,CARRY,72.06,-0.03,-9.58,73.2,-0.01,1,0,324.5,192.0,48.2,0.96,0.09,49.0,,,,,8.312
72.74,CARRY,72.06,-0.03,-9.58,73.25,-0.01,1,0,324.5,188.5,51.7,1.03,0.09,48.5,,,,,8.25
72.79,CARRY,72.16,-0.03,-9.58,73.3,-0.01,1,0,323.5,192.5,47.6,0.95,0.07,51.3,,,,,8.438
72.84,CARRY,72.27,-0.03,-9.58,73.35,-0.01,1,0,323.5,195.0,45.1,0.9,0.07,49.8,,,,,8.375
72.89,CARRY,72.27,-0.03,-9.58,73.4,-0.01,1,0,323.5,192.5,47.6,0.95,0.07,49.2,,,,,8.5
72.94,CARRY,72.27,-0.03,-9.58,73.45,-0.01,1,0,324.0,189.0,51.2,1.02,0.08,48.8,,,,,8.375
72.99,CARRY,72.37,-0.04,-9.58,73.5,-0.01,1,0,324.0,192.5,47.7,0.95,0.08,49.5,,,,,8.438
73.04,CARRY,72.47,-0.04,-9.58,73.55,-0.01,1,0,323.5,195.0,45.1,0.9,0.07,49.3,,,,,8.438
73.09,CARRY,72.47,-0.04,-9.58,73.6,-0.01,1,0,324.0,192.5,47.7,0.95,0.08,48.9,,,,,8.562
73.14,CARRY,72.57,-0.04,-9.58,73.65,-0.01,1,0,323.5,195.0,45.1,0.9,0.07,49.4,,,,,8.438
73.19,CARRY,72.57,-0.04,-9.58,73.71,-0.01,1,0,324.0,192.5,47.7,0.95,0.08,48.9,,,,,8.562
73.24,CARRY,72.66,-0.04,-9.58,73.76,-0.01,1,0,323.5,195.0,45.1,0.9,0.07,49.6,,,,,8.5
73.29,CARRY,72.66,-0.04,-9.58,73.81,-0.01,1,0,324.0,192.0,48.2,0.96,0.08,48.8,,,,,8.625
73.34,CARRY,72.76,-0.05,-9.58,73.86,-0.01,1,0,323.5,195.0,45.1,0.9,0.07,49.0,,,,,8.438
73.39,CARRY,72.76,-0.05,-9.58,73.91,-0.01,1,0,324.5,192.0,48.2,0.96,0.09,48.9,,,,,8.562
73.44,CARRY,72.86,-0.05,-9.58,73.96,-0.01,1,0,323.5,195.0,45.1,0.9,0.07,48.2,,,,,8.375
73.49,CARRY,72.86,-0.05,-9.58,74.01,-0.01,1,0,324.5,192.5,47.7,0.95,0.09,51.8,,,,,8.375
73.55,CARRY,72.95,-0.05,-9.58,74.06,-0.01,1,0,324.0,195.0,45.2,0.9,0.08,51.4,,,,,8.25
73.6,CARRY,72.95,-0.05,-9.58,74.11,-0.01,1,0,324.5,191.5,48.7,0.97,0.09,48.6,,,,,8.312
73.65,CARRY,73.05,-0.06,-9.58,74.16,-0.01,1,0,324.5,194.0,46.2,0.92,0.09,51.6,,,,,8.375
73.7,CARRY,73.05,-0.06,-9.58,74.21,-0.01,1,0,324.5,191.0,49.2,0.98,0.09,49.8,,,,,8.438
73.75,CARRY,73.14,-0.06,-9.58,74.26,-0.01,1,0,324.5,194.0,46.2,0.92,0.09,48.8,,,,,8.438
73.8,CARRY,73.14,-0.06,-9.58,74.32,-0.01,1,0,325.0,190.5,49.8,0.99,0.1,51.4,,,,,8.438
73.85,CARRY,73.24,-0.06,-9.58,74.37,-0.01,1,0,324.5,193.5,46.7,0.93,0.09,48.6,,,,,8.375
73.9,CARRY,73.24,-0.06,-9.58,74.42,-0.01,1,0,325.5,190.5,49.8,0.99,0.11,50.7,,,,,8.438
73.95,CARRY,73.33,-0.07,-9.58,74.47,-0.01,1,0,325.5,193.0,47.3,0.94,0.11,50.9,,,,,8.5
74.01,CARRY,73.33,-0.07,-9.58,74.52,-0.01,1,0,326.0,190.0,50.4,1.0,0.12,50.7,,,,,8.5
74.06,CARRY,73.43,-0.07,-9.58,74.57,-0.01,1,0,325.5,192.5,47.8,0.95,0.11,49.0,,,,,8.438
74.11,CARRY,73.43,-0.07,-9.58,74.62,-0.01,1,0,326.0,190.0,50.4,1.0,0.12,51.1,,,,,8.438
74.16,CARRY,73.52,-0.07,-9.58,74.68,-0.01,1,0,327.5,192.5,48.1,0.95,0.15,48.8,,,,,8.562
74.21,CARRY,73.52,-0.07,-9.58,74.73,-0.01,1,0,326.5,189.5,50.9,1.01,0.13,50.5,,,,,8.5
74.26,CARRY,73.62,-0.07,-9.58,74.78,-0.01,1,0,327.5,191.5,49.1,0.97,0.15,48.9,,,,,8.438
74.31,CARRY,73.62,-0.07,-9.58,74.83,-0.01,1,0,328.0,189.0,51.6,1.02,0.16,50.7,,,,,8.375
74.36,CARRY,73.71,-0.08,-9.58,74.88,-0.01,1,0,328.0,191.0,49.6,0.98,0.16,50.2,,,,,8.375
74.42,CARRY,73.71,-0.08,-9.58,74.93,-0.01,1,0,328.0,188.5,52.1,1.03,0.16,49.6,,,,,8.375
74.47,CARRY,73.81,-0.08,-9.58,74.98,-0.01,1,0,328.5,191.5,49.2,0.97,0.17,50.1,,,,,8.312
74.52,CARRY,73.81,-0.08,-9.58,75.03,-0.01,1,0,328.5,188.5,52.2,1.03,0.17,50.2,,,,,8.375
74.57,CARRY,73.91,-0.08,-9.58,75.08,-0.01,1,0,328.5,191.0,49.7,0.98,0.17,50.4,,,,,8.375
74.62,CARRY,73.91,-0.08,-9.58,75.13,-0.01,1,0,328.5,188.0,52.7,1.04,0.17,48.9,,,,,8.438
74.67,CARRY,74.01,-0.08,-9.58,75.18,-0.01,1,0,328.0,190.5,50.1,0.99,0.16,49.4,,,,,8.25
74.72,CARRY,74.01,-0.08,-9.58,75.23,-0.01,1,0,328.5,187.5,53.2,1.05,0.17,50.8,,,,,8.25
74.77,CARRY,74.1,-0.08,-9.58,75.29,-0.01,1,0,328.0,190.0,50.6,1.0,0.16,49.4,,,,,8.312
74.82,CARRY,74.1,-0.08,-9.58,75.34,-0.01,1,0,328.0,187.5,53.1,1.05,0.16,50.8,,,,,8.25
74.87,CARRY,74.2,-0.08,-9.58,75.39,-0.01,1,0,327.5,190.0,50.6,1.0,0.15,49.3,,,,,8.375
74.92,CARRY,74.2,-0.08,-9.58,75.44,-0.01,1,0,328.0,187.0,53.6,1.06,0.16,51.3,,,,,8.312
74.98,CARRY,74.3,-0.08,-9.58,75.49,-0.01,1,0,327.5,189.5,51.1,1.01,0.15,49.3,,,,,8.375
