t_s,state,copter_n,copter_e,copter_d,rover_n,rover_e,in_fov,occluded,bbox_cx,bbox_cy,px_err,vx_cmd,vy_cmd,loop_ms,dist_n,dist_e,d_true_px,d_dist_px,carry_score
0.0,ACQUIRE,0.01,-0.01,-8.81,0.51,-0.01,1,0,,,,0.0,0.0,4.7,13.26,-0.01,,,
0.05,ACQUIRE,0.01,-0.01,-8.92,0.53,-0.01,1,0,,,,0.0,0.0,1.6,13.26,-0.01,,,
0.1,ACQUIRE,0.01,-0.01,-8.92,0.54,-0.01,1,0,,,,0.0,0.0,0.8,13.26,-0.01,,,
0.15,ACQUIRE,0.01,-0.01,-9.03,0.55,-0.01,1,0,,,,0.0,0.0,1.5,13.26,-0.01,,,
0.2,ACQUIRE,0.01,-0.01,-9.03,0.56,-0.01,1,0,,,,0.0,0.0,0.9,13.26,-0.01,,,
0.25,ACQUIRE,0.01,-0.01,-9.13,0.58,-0.01,1,0,,,,0.0,0.0,1.5,13.26,-0.01,,,
0.3,ACQUIRE,0.01,-0.01,-9.13,0.59,-0.01,1,0,,,,0.0,0.0,0.9,13.26,-0.01,,,
0.35,ACQUIRE,0.01,-0.01,-9.22,0.6,-0.01,1,0,,,,0.65,0.1,2.8,13.26,-0.01,,,
0.4,ACQUIRE,0.01,-0.01,-9.22,0.61,-0.01,1,0,,,,0.66,0.08,1.9,13.26,-0.01,,,
0.45,ACQUIRE,0.01,-0.01,-9.3,0.63,-0.01,1,0,,,,0.66,0.07,2.6,13.26,-0.01,,,
0.5,ACQUIRE,0.01,-0.01,-9.3,0.64,-0.01,1,0,,,,0.67,0.07,1.9,13.26,-0.01,,,
0.55,ACQUIRE,0.01,-0.01,-9.37,0.65,-0.01,1,0,,,,0.67,0.08,2.6,13.26,-0.01,,,
0.6,ACQUIRE,0.01,-0.01,-9.37,0.66,-0.01,1,0,,,,0.68,0.08,1.9,13.26,-0.01,,,
0.65,ACQUIRE,0.01,-0.01,-9.44,0.68,-0.01,1,0,,,,0.67,0.07,2.5,13.26,-0.01,,,
0.7,ACQUIRE,0.01,-0.01,-9.44,0.69,-0.01,1,0,,,,0.68,0.08,1.8,13.26,-0.01,,,
0.75,ACQUIRE,0.03,-0.01,-9.49,0.7,-0.01,1,0,,,,0.67,0.07,2.5,13.26,-0.01,,,
0.8,ACQUIRE,0.03,-0.01,-9.49,0.71,-0.01,1,0,,,,0.68,0.07,1.9,13.26,-0.01,,,
0.85,ACQUIRE,0.05,-0.01,-9.53,0.73,-0.01,1,0,,,,0.73,0.05,2.4,13.26,-0.01,,,
0.9,ACQUIRE,0.05,-0.01,-9.53,0.74,-0.01,1,0,,,,0.74,0.08,1.8,13.26,-0.01,,,
0.95,ACQUIRE,0.08,-0.01,-9.55,0.75,-0.01,1,0,,,,0.71,0.08,2.4,13.26,-0.01,,,
1.0,ACQUIRE,0.08,-0.01,-9.55,0.76,-0.01,1,0,,,,0.72,0.09,1.9,13.26,-0.01,,,
1.05,ACQUIRE,0.11,-0.01,-9.57,0.78,-0.01,1,0,,,,0.68,0.08,2.6,13.26,-0.01,,,
1.1,ACQUIRE,0.11,-0.01,-9.57,0.79,-0.01,1,0,,,,0.69,0.08,1.9,13.26,-0.01,,,
1.15,ACQUIRE,0.16,-0.01,-9.58,0.8,-0.01,1,0,,,,0.64,0.07,2.6,13.26,-0.01,,,
1.2,ACQUIRE,0.16,-0.01,-9.58,0.81,-0.01,1,0,,,,0.65,0.07,1.9,13.26,-0.01,,,
1.25,ACQUIRE,0.21,-0.01,-9.59,0.83,-0.01,1,0,,,,0.6,0.07,2.6,13.26,-0.01,,,
1.3,ACQUIRE,0.21,-0.01,-9.59,0.84,-0.01,1,0,,,,0.61,0.07,1.8,13.26,-0.01,,,
1.35,ACQUIRE,0.26,-0.01,-9.58,0.85,-0.01,1,0,,,,-0.21,-0.14,2.5,13.26,-0.01,,,
1.4,ACQUIRE,0.26,-0.01,-9.58,0.86,-0.01,1,0,,,,0.62,0.04,1.7,13.26,-0.01,,,
1.45,ACQUIRE,0.32,-0.01,-9.58,0.88,-0.01,1,0,,,,0.57,0.07,2.5,13.26,-0.01,,,
1.5,ACQUIRE,0.32,-0.01,-9.58,0.89,-0.01,1,0,,,,0.58,0.07,2.0,13.26,-0.01,,,
1.55,ACQUIRE,0.38,-0.01,-9.57,0.9,-0.01,1,0,,,,0.52,0.07,3.3,13.26,-0.01,,,
1.6,ACQUIRE,0.38,-0.01,-9.57,0.91,-0.01,1,0,,,,0.53,0.07,2.4,13.26,-0.01,,,
1.65,ACQUIRE,0.44,-0.02,-9.57,0.93,-0.01,1,0,,,,0.46,0.05,3.0,13.26,-0.01,,,
1.7,ACQUIRE,0.44,-0.02,-9.57,0.94,-0.01,1,0,,,,0.47,0.06,1.9,13.26,-0.01,,,
1.75,ACQUIRE,0.49,-0.02,-9.56,0.95,-0.01,1,0,,,,0.41,0.05,2.3,13.26,-0.01,,,
1.8,ACQUIRE,0.49,-0.02,-9.56,0.96,-0.01,1,0,,,,0.42,0.05,1.9,13.26,-0.01,,,
1.85,ACQUIRE,0.55,-0.02,-9.55,0.98,-0.01,1,0,,,,0.43,0.09,2.5,13.26,-0.01,,,
1.9,ACQUIRE,0.55,-0.02,-9.55,0.99,-0.01,1,0,,,,0.43,0.06,2.0,13.26,-0.01,,,
1.95,ACQUIRE,0.61,-0.02,-9.55,1.0,-0.01,1,0,,,,0.38,0.06,2.6,13.26,-0.01,,,
2.0,ACQUIRE,0.61,-0.02,-9.55,1.01,-0.01,1,0,,,,0.39,0.06,2.4,13.26,-0.01,,,
2.05,ACQUIRE,0.66,-0.02,-9.54,1.03,-0.01,1,0,,,,0.33,0.05,2.7,13.26,-0.01,,,
2.1,ACQUIRE,0.66,-0.02,-9.54,1.04,-0.01,1,0,,,,0.34,0.05,2.0,13.26,-0.01,,,
2.15,ACQUIRE,0.72,-0.02,-9.54,1.05,-0.01,1,0,,,,0.29,0.05,2.6,13.26,-0.01,,,
2.2,ACQUIRE,0.72,-0.02,-9.54,1.07,-0.01,1,0,,,,0.29,0.05,1.9,13.26,-0.01,,,
2.25,ACQUIRE,0.77,-0.02,-9.54,1.08,-0.01,1,0,,,,0.24,0.03,2.5,13.26,-0.01,,,
2.3,ACQUIRE,0.77,-0.02,-9.54,1.09,-0.01,1,0,,,,0.25,0.04,1.9,13.26,-0.01,,,
2.35,ACQUIRE,0.81,-0.02,-9.53,1.1,-0.01,1,0,,,,0.27,0.04,2.4,13.26,-0.01,,,
2.4,ACQUIRE,0.81,-0.02,-9.53,1.12,-0.01,1,0,,,,0.28,0.03,4.8,13.26,-0.01,,,
2.45,ACQUIRE,0.86,-0.02,-9.53,1.13,-0.01,1,0,,,,0.24,0.02,2.3,13.26,-0.01,,,
2.5,ACQUIRE,0.86,-0.02,-9.53,1.14,-0.01,1,0,,,,0.25,0.02,1.9,13.26,-0.01,,,
2.55,ACQUIRE,0.9,-0.02,-9.53,1.15,-0.01,1,0,,,,0.21,0.02,2.5,13.26,-0.01,,,
2.6,ACQUIRE,0.9,-0.02,-9.53,1.17,-0.01,1,0,,,,0.22,0.02,1.9,13.26,-0.01,,,
2.65,ACQUIRE,0.94,-0.02,-9.53,1.18,-0.01,1,0,,,,0.17,0.02,2.6,13.26,-0.01,,,
2.7,ACQUIRE,0.94,-0.02,-9.53,1.19,-0.01,1,0,,,,0.18,0.02,1.9,13.26,-0.01,,,
2.75,ACQUIRE,0.97,-0.02,-9.54,1.2,-0.01,1,0,,,,0.15,0.02,2.6,13.26,-0.01,,,
2.8,ACQUIRE,0.97,-0.02,-9.54,1.22,-0.01,1,0,,,,0.16,0.02,1.9,13.26,-0.01,,,
2.85,ACQUIRE,1.0,-0.02,-9.54,1.23,-0.01,1,0,,,,0.2,-0.01,2.5,13.26,-0.01,,,
2.9,ACQUIRE,1.0,-0.02,-9.54,1.24,-0.01,1,0,,,,0.21,0.02,1.9,13.26,-0.01,,,
2.95,ACQUIRE,1.03,-0.02,-9.54,1.25,-0.01,1,0,,,,0.18,0.02,2.5,13.26,-0.01,,,
3.0,ACQUIRE,1.03,-0.02,-9.54,1.27,-0.01,1,0,,,,0.19,0.02,1.9,13.26,-0.01,,,
3.05,ACQUIRE,1.06,-0.02,-9.54,1.28,-0.01,1,0,,,,0.16,0.02,2.4,13.26,-0.01,,,
3.1,ACQUIRE,1.06,-0.02,-9.54,1.29,-0.01,1,0,,,,0.17,0.02,1.9,13.26,-0.01,,,
3.15,ACQUIRE,1.09,-0.02,-9.54,1.3,-0.01,1,0,,,,0.15,0.02,2.4,13.26,-0.01,,,
3.2,ACQUIRE,1.09,-0.02,-9.54,1.32,-0.01,1,0,,,,0.16,0.02,1.8,13.26,-0.01,,,
3.25,ACQUIRE,1.11,-0.02,-9.55,1.33,-0.01,1,0,,,,0.13,0.02,2.6,13.26,-0.01,,,
3.3,ACQUIRE,1.11,-0.02,-9.55,1.34,-0.01,1,0,,,,0.14,0.02,1.9,13.26,-0.01,,,
3.35,ACQUIRE,1.14,-0.02,-9.55,1.35,-0.01,1,0,,,,0.19,0.03,2.5,13.26,-0.01,,,
3.4,ACQUIRE,1.14,-0.02,-9.55,1.37,-0.01,1,0,,,,0.2,0.03,1.9,13.26,-0.01,,,
3.45,ACQUIRE,1.16,-0.02,-9.55,1.38,-0.01,1,0,,,,0.18,0.03,2.3,13.26,-0.01,,,
3.51,ACQUIRE,1.16,-0.02,-9.55,1.39,-0.01,1,0,,,,0.19,0.03,1.9,13.26,-0.01,,,
3.56,ACQUIRE,1.18,-0.03,-9.55,1.4,-0.01,1,0,,,,0.17,0.03,2.5,13.26,-0.01,,,
3.61,ACQUIRE,1.18,-0.03,-9.55,1.42,-0.01,1,0,,,,0.18,0.03,1.8,13.26,-0.01,,,
3.66,ACQUIRE,1.2,-0.03,-9.55,1.43,-0.01,1,0,,,,0.16,0.03,2.5,13.26,-0.01,,,
3.71,ACQUIRE,1.2,-0.03,-9.55,1.44,-0.01,1,0,,,,0.17,0.03,1.8,13.26,-0.01,,,
3.76,ACQUIRE,1.22,-0.03,-9.55,1.45,-0.01,1,0,,,,0.16,0.03,2.5,13.26,-0.01,,,
3.81,ACQUIRE,1.22,-0.03,-9.55,1.47,-0.01,1,0,,,,0.16,0.03,1.9,13.26,-0.01,,,
3.86,ACQUIRE,1.24,-0.03,-9.56,1.48,-0.01,1,0,,,,0.22,0.04,2.4,13.26,-0.01,,,
3.91,ACQUIRE,1.24,-0.03,-9.56,1.49,-0.01,1,0,,,,0.23,0.04,1.9,13.26,-0.01,,,
3.96,ACQUIRE,1.26,-0.03,-9.56,1.5,-0.01,1,0,,,,0.2,0.04,2.4,13.26,-0.01,,,
4.01,ACQUIRE,1.26,-0.03,-9.56,1.52,-0.01,1,0,,,,0.21,0.04,2.0,13.26,-0.01,,,
4.06,ACQUIRE,1.28,-0.03,-9.56,1.53,-0.01,1,0,,,,0.2,0.04,2.5,13.26,-0.01,,,
4.11,ACQUIRE,1.28,-0.03,-9.56,1.54,-0.01,1,0,,,,0.2,0.04,1.9,13.26,-0.01,,,
4.16,ACQUIRE,1.3,-0.03,-9.56,1.55,-0.01,1,0,,,,0.19,0.04,2.6,13.26,-0.01,,,
4.21,ACQUIRE,1.3,-0.03,-9.56,1.57,-0.01,1,0,,,,0.2,0.04,1.9,13.26,-0.01,,,
4.26,ACQUIRE,1.32,-0.03,-9.56,1.58,-0.01,1,0,,,,0.19,0.04,2.5,13.26,-0.01,,,
4.31,ACQUIRE,1.32,-0.03,-9.56,1.59,-0.01,1,0,,,,0.2,0.05,1.8,13.26,-0.01,,,
4.36,ACQUIRE,1.34,-0.03,-9.56,1.6,-0.01,1,0,,,,0.24,0.03,2.5,13.26,-0.01,,,
4.41,ACQUIRE,1.34,-0.03,-9.56,1.62,-0.01,1,0,,,,0.25,0.04,1.7,13.26,-0.01,,,
4.46,ACQUIRE,1.36,-0.03,-9.56,1.63,-0.01,1,0,,,,0.24,0.03,2.4,13.26,-0.01,,,
4.51,ACQUIRE,1.36,-0.03,-9.56,1.64,-0.01,1,0,,,,0.24,0.04,1.9,13.26,-0.01,,,
4.56,ACQUIRE,1.38,-0.03,-9.56,1.65,-0.01,1,0,,,,0.23,0.04,2.4,13.26,-0.01,,,
4.61,ACQUIRE,1.38,-0.03,-9.56,1.67,-0.01,1,0,,,,0.24,0.05,1.9,13.26,-0.01,,,
4.66,ACQUIRE,1.4,-0.03,-9.56,1.68,-0.01,1,0,,,,0.22,0.04,2.3,13.26,-0.01,,,
4.71,CARRY,1.4,-0.03,-9.56,1.69,-0.01,1,0,,,,-0.672,0.049,604.9,13.26,-0.01,,,
5.31,CARRY,1.54,-0.02,-9.57,1.84,-0.01,1,0,322.0,223.0,17.1,0.34,0.04,55.6,13.26,-0.01,1.0,662.4,2.234
5.37,CARRY,1.56,-0.02,-9.57,1.86,-0.01,1,0,322.5,223.5,16.7,0.33,0.05,49.2,13.26,-0.01,0.6,661.4,2.281
5.42,CARRY,1.56,-0.02,-9.57,1.87,-0.01,1,0,322.0,223.0,17.1,0.34,0.04,53.7,13.26,-0.01,1.1,661.0,2.438
5.47,CARRY,1.58,-0.02,-9.57,1.88,-0.01,1,0,322.0,223.0,17.1,0.34,0.04,48.5,13.26,-0.01,0.7,659.7,2.438
5.52,CARRY,1.58,-0.02,-9.57,1.9,-0.01,1,0,322.0,222.5,17.6,0.35,0.04,54.1,13.26,-0.01,0.9,659.2,2.578
5.58,CARRY,1.6,-0.02,-9.57,1.91,-0.01,1,0,322.0,223.0,17.1,0.34,0.04,49.4,13.26,-0.01,0.9,658.4,2.625
5.63,CARRY,1.6,-0.02,-9.57,1.92,-0.01,1,0,322.0,222.0,18.1,0.36,0.04,54.0,13.26,-0.01,0.8,657.4,2.766
5.68,CARRY,1.62,-0.02,-9.57,1.94,-0.01,1,0,322.5,222.5,17.7,0.35,0.05,48.7,13.26,-0.01,0.4,656.5,2.766
5.73,CARRY,1.62,-0.02,-9.57,1.95,-0.01,1,0,322.5,222.0,18.2,0.36,0.05,53.8,13.26,-0.01,0.6,656.0,2.797
5.79,CARRY,1.65,-0.02,-9.57,1.96,-0.01,1,0,322.5,222.5,17.7,0.35,0.05,49.5,13.26,-0.01,0.5,655.1,2.797
5.84,CARRY,1.65,-0.02,-9.57,1.97,-0.01,1,0,322.5,222.0,18.2,0.36,0.05,54.4,13.26,-0.01,0.7,654.6,2.906
5.9,CARRY,1.67,-0.02,-9.57,1.99,-0.01,1,0,322.5,222.5,17.7,0.35,0.05,48.5,13.26,-0.01,0.5,653.6,3.047
5.95,CARRY,1.7,-0.02,-9.57,2.0,-0.01,1,0,322.5,223.5,16.7,0.33,0.05,54.3,13.26,-0.01,0.6,652.9,3.266
6.0,CARRY,1.7,-0.02,-9.57,2.01,-0.01,1,0,322.5,222.5,17.7,0.35,0.05,47.8,13.26,-0.01,0.4,651.9,3.688
6.05,CARRY,1.73,-0.02,-9.57,2.03,-0.01,1,0,322.5,223.5,16.7,0.33,0.05,54.9,13.26,-0.01,0.5,651.2,3.891
6.11,CARRY,1.73,-0.02,-9.57,2.04,-0.01,1,0,322.5,223.0,17.2,0.34,0.05,48.5,13.26,-0.01,0.7,650.7,3.984
6.16,CARRY,1.76,-0.02,-9.57,2.05,-0.01,1,0,322.5,224.0,16.2,0.32,0.05,54.2,13.26,-0.01,0.7,649.9,3.984
6.21,CARRY,1.76,-0.02,-9.57,2.07,-0.01,1,0,322.5,223.0,17.2,0.34,0.05,47.8,13.26,-0.01,0.5,648.9,4.062
6.26,CARRY,1.79,-0.02,-9.57,2.08,-0.01,1,0,322.5,224.0,16.2,0.32,0.05,54.7,13.26,-0.01,0.5,648.1,4.062
6.32,CARRY,1.79,-0.02,-9.57,2.09,-0.01,1,0,322.5,223.0,17.2,0.34,0.05,47.9,13.26,-0.01,0.3,647.1,4.094
6.37,CARRY,1.83,-0.02,-9.57,2.11,-0.01,1,0,322.5,224.5,15.7,0.31,0.05,54.4,13.26,-0.01,0.7,646.7,4.031
6.42,CARRY,1.83,-0.02,-9.57,2.12,-0.01,1,0,322.5,223.5,16.7,0.33,0.05,47.9,13.26,-0.01,0.5,645.7,4.031
6.47,CARRY,1.86,-0.01,-9.57,2.13,-0.01,1,0,322.5,225.0,15.2,0.3,0.05,54.9,13.26,-0.01,0.9,645.3,4.031
6.53,CARRY,1.86,-0.01,-9.57,2.15,-0.01,1,0,322.5,224.5,15.7,0.31,0.05,48.4,13.26,-0.01,1.1,644.8,4.094
6.58,CARRY,1.89,-0.01,-9.57,2.16,-0.01,1,0,321.5,225.0,15.1,0.3,0.03,54.8,13.26,-0.01,0.6,643.5,4.062
6.63,CARRY,1.89,-0.01,-9.57,2.17,-0.01,1,0,322.5,224.0,16.2,0.32,0.05,48.2,13.26,-0.01,0.5,642.4,4.156
6.68,CARRY,1.92,-0.01,-9.57,2.19,-0.01,1,0,321.5,225.5,14.6,0.29,0.03,54.6,13.26,-0.01,0.7,642.1,4.0
6.74,CARRY,1.92,-0.01,-9.57,2.2,-0.01,1,0,321.5,224.5,15.6,0.31,0.03,48.0,13.26,-0.01,0.6,641.2,4.0
6.79,CARRY,1.95,-0.01,-9.57,2.21,-0.01,1,0,321.5,226.0,14.1,0.28,0.03,55.3,13.26,-0.01,0.8,640.7,3.969
6.85,CARRY,1.99,-0.01,-9.57,2.23,-0.01,1,0,321.5,227.0,13.1,0.26,0.03,49.8,13.26,-0.01,0.8,639.9,3.969
6.9,CARRY,1.99,-0.01,-9.57,2.24,-0.01,1,0,321.5,226.0,14.1,0.28,0.03,53.7,13.26,-0.01,0.5,638.9,3.875
6.95,CARRY,2.02,-0.01,-9.57,2.25,-0.01,1,0,321.5,227.0,13.1,0.26,0.03,48.5,13.26,-0.01,0.5,638.0,3.875
7.0,CARRY,2.02,-0.01,-9.57,2.26,-0.01,1,0,321.5,226.0,14.1,0.28,0.03,54.0,13.26,-0.01,0.2,637.0,3.75
7.06,CARRY,2.05,-0.01,-9.57,2.28,-0.01,1,0,321.5,227.0,13.1,0.26,0.03,48.6,13.26,-0.01,0.2,636.2,3.734
7.11,CARRY,2.05,-0.01,-9.57,2.29,-0.01,1,0,321.5,226.5,13.6,0.27,0.03,54.5,13.26,-0.01,0.4,635.7,3.641
7.16,CARRY,2.08,-0.01,-9.57,2.3,-0.01,1,0,321.5,227.5,12.6,0.25,0.03,48.8,13.26,-0.01,0.5,634.9,3.672
7.21,CARRY,2.08,-0.01,-9.57,2.32,-0.01,1,0,321.5,227.0,13.1,0.26,0.03,53.4,13.26,-0.01,0.7,634.4,3.641
7.27,CARRY,2.11,-0.01,-9.57,2.33,-0.01,1,0,321.5,228.0,12.1,0.24,0.03,48.7,13.26,-0.01,0.8,633.7,3.656
7.32,CARRY,2.11,-0.01,-9.57,2.34,-0.01,1,0,321.5,227.0,13.1,0.26,0.03,53.8,13.26,-0.01,0.5,632.7,3.625
7.37,CARRY,2.14,-0.01,-9.57,2.36,-0.01,1,0,321.5,228.0,12.1,0.24,0.03,48.5,13.26,-0.01,0.6,632.0,3.656
7.42,CARRY,2.14,-0.01,-9.57,2.37,-0.01,1,0,321.5,227.0,13.1,0.26,0.03,53.9,13.26,-0.01,0.4,631.0,3.562
7.48,CARRY,2.17,-0.01,-9.57,2.38,-0.01,1,0,321.5,228.0,12.1,0.24,0.03,48.6,13.26,-0.01,0.6,630.3,3.609
7.53,CARRY,2.17,-0.01,-9.57,2.4,-0.01,1,0,321.5,227.0,13.1,0.26,0.03,53.9,13.26,-0.01,0.3,629.3,3.594
7.58,CARRY,2.19,-0.01,-9.57,2.41,-0.01,1,0,321.5,228.0,12.1,0.24,0.03,48.6,13.26,-0.01,0.5,628.7,3.734
7.63,CARRY,2.19,-0.01,-9.57,2.42,-0.01,1,0,321.5,227.5,12.6,0.25,0.03,53.8,13.26,-0.01,0.7,628.2,3.781
7.69,CARRY,2.22,-0.01,-9.57,2.44,-0.01,1,0,321.5,228.0,12.1,0.24,0.03,48.6,13.26,-0.01,0.6,627.2,3.859
7.74,CARRY,2.22,-0.01,-9.57,2.45,-0.01,1,0,321.5,227.5,12.6,0.25,0.03,54.0,13.26,-0.01,0.7,626.7,3.922
7.79,CARRY,2.25,-0.01,-9.57,2.46,-0.01,1,0,321.5,228.0,12.1,0.24,0.03,49.4,13.26,-0.01,0.6,625.6,3.984
7.84,CARRY,2.27,-0.0,-9.58,2.47,-0.01,1,0,320.5,229.0,11.0,0.22,0.01,54.4,13.26,-0.01,0.8,625.2,4.031
7.9,CARRY,2.27,-0.0,-9.58,2.49,-0.01,1,0,321.5,228.0,12.1,0.24,0.03,47.8,13.26,-0.01,0.6,624.1,4.062
7.95,CARRY,2.3,-0.0,-9.58,2.5,-0.01,1,0,320.5,229.0,11.0,0.22,0.01,54.1,13.26,-0.01,0.8,623.7,4.156
8.0,CARRY,2.3,-0.0,-9.58,2.51,-0.01,1,0,321.5,228.0,12.1,0.24,0.03,47.7,13.26,-0.01,0.6,622.6,4.156
8.05,CARRY,2.32,-0.0,-9.58,2.53,-0.01,1,0,320.5,229.0,11.0,0.22,0.01,54.5,13.26,-0.01,0.8,622.2,4.25
8.11,CARRY,2.32,-0.0,-9.58,2.54,-0.01,1,0,321.5,228.0,12.1,0.24,0.03,48.3,13.26,-0.01,0.7,621.1,4.25
8.16,CARRY,2.35,-0.0,-9.58,2.55,-0.01,1,0,320.5,229.0,11.0,0.22,0.01,54.2,13.26,-0.01,0.9,620.7,4.312
8.21,CARRY,2.35,-0.0,-9.58,2.57,-0.01,1,0,321.5,228.0,12.1,0.24,0.03,48.0,13.26,-0.01,0.7,619.6,4.312
8.26,CARRY,2.37,-0.0,-9.58,2.58,-0.01,1,0,320.5,229.0,11.0,0.22,0.01,54.9,13.26,-0.01,1.0,619.3,4.375
8.32,CARRY,2.37,-0.0,-9.58,2.59,-0.01,1,0,321.5,228.0,12.1,0.24,0.03,48.1,13.26,-0.01,0.8,618.2,4.406
8.37,CARRY,2.4,-0.0,-9.58,2.61,-0.01,1,0,321.0,228.5,11.5,0.23,0.02,54.3,13.26,-0.01,0.5,617.3,4.438
8.42,CARRY,2.4,-0.0,-9.58,2.62,-0.01,1,0,321.5,228.0,12.1,0.24,0.03,48.0,13.26,-0.01,0.9,616.8,4.438
8.47,CARRY,2.42,-0.0,-9.58,2.63,-0.01,1,0,321.0,228.0,12.0,0.24,0.02,54.7,13.26,-0.01,0.1,615.5,4.438
8.53,CARRY,2.42,-0.0,-9.58,2.65,-0.01,1,0,321.5,227.5,12.6,0.25,0.03,48.5,13.26,-0.01,0.6,614.9,4.406
8.58,CARRY,2.45,-0.01,-9.58,2.66,-0.01,1,0,321.5,228.0,12.1,0.24,0.03,55.1,13.26,-0.01,0.5,614.0,4.438
8.64,CARRY,2.45,-0.01,-9.58,2.67,-0.01,1,0,321.5,227.5,12.6,0.25,0.03,48.1,13.26,-0.01,0.6,613.5,4.438
8.69,CARRY,2.47,-0.01,-9.58,2.69,-0.01,1,0,321.5,228.0,12.1,0.24,0.03,54.8,13.26,-0.01,0.6,612.6,4.469
8.74,CARRY,2.49,-0.01,-9.58,2.7,-0.01,1,0,321.5,229.0,11.1,0.22,0.03,48.9,13.26,-0.01,0.9,612.2,4.406
8.79,CARRY,2.49,-0.01,-9.58,2.71,-0.01,1,0,321.5,228.0,12.1,0.24,0.03,54.2,13.26,-0.01,0.6,611.2,4.469
8.85,CARRY,2.52,-0.01,-9.58,2.73,-0.01,1,0,321.5,228.5,11.6,0.23,0.03,49.2,13.26,-0.01,0.6,610.3,4.438
8.9,CARRY,2.52,-0.01,-9.58,2.74,-0.01,1,0,321.5,228.0,12.1,0.24,0.03,53.5,13.26,-0.01,0.8,609.8,4.562
8.95,CARRY,2.54,-0.01,-9.58,2.75,-0.01,1,0,321.5,228.5,11.6,0.23,0.03,48.5,13.26,-0.01,0.7,608.9,4.469
9.0,CARRY,2.54,-0.01,-9.58,2.76,-0.01,1,0,321.5,228.0,12.1,0.24,0.03,54.3,13.26,-0.01,0.8,608.4,4.531
9.06,CARRY,2.57,-0.01,-9.58,2.78,-0.01,1,0,321.5,228.0,12.1,0.24,0.03,48.7,13.26,-0.01,0.4,607.0,4.438
9.11,CARRY,2.57,-0.01,-9.58,2.79,-0.01,1,0,321.5,227.5,12.6,0.25,0.03,54.0,13.26,-0.01,0.5,606.5,4.531
9.16,CARRY,2.59,-0.01,-9.58,2.8,-0.01,1,0,321.5,228.0,12.1,0.24,0.03,48.7,13.26,-0.01,0.5,605.6,4.562
9.21,CARRY,2.59,-0.01,-9.58,2.82,-0.01,1,0,321.5,227.5,12.6,0.25,0.03,53.8,13.26,-0.01,0.6,605.1,4.594
9.27,CARRY,2.61,-0.01,-9.58,2.83,-0.01,1,0,321.5,228.0,12.1,0.24,0.03,49.0,13.26,-0.01,0.6,604.3,4.625
9.32,CARRY,2.61,-0.01,-9.58,2.84,-0.01,1,0,321.5,227.0,13.1,0.26,0.03,53.6,13.26,-0.01,0.3,603.3,4.625
9.37,CARRY,2.64,-0.01,-9.58,2.86,-0.01,1,0,321.5,228.0,12.1,0.24,0.03,48.5,13.26,-0.01,0.7,602.9,4.719
9.42,CARRY,2.64,-0.01,-9.58,2.87,-0.01,1,0,321.5,227.0,13.1,0.26,0.03,53.8,13.26,-0.01,0.4,601.9,4.625
9.48,CARRY,2.66,-0.01,-9.58,2.88,-0.01,1,0,321.5,228.0,12.1,0.24,0.03,48.6,13.26,-0.01,0.8,601.4,4.719
9.53,CARRY,2.66,-0.01,-9.58,2.9,-0.01,1,0,321.5,227.0,13.1,0.26,0.03,54.2,13.26,-0.01,0.5,600.5,4.688
9.58,CARRY,2.69,-0.01,-9.58,2.91,-0.01,1,0,321.5,228.0,12.1,0.24,0.03,48.6,13.26,-0.01,0.8,600.0,4.719
9.63,CARRY,2.69,-0.01,-9.58,2.92,-0.01,1,0,321.5,227.0,13.1,0.26,0.03,54.0,13.26,-0.01,0.5,599.0,4.656
9.69,CARRY,2.71,-0.01,-9.58,2.94,-0.01,1,0,321.5,227.5,12.6,0.25,0.03,48.8,13.26,-0.01,0.5,598.1,4.625
9.74,CARRY,2.71,-0.01,-9.58,2.95,-0.01,1,0,321.5,227.0,13.1,0.26,0.03,54.0,13.26,-0.01,0.6,597.6,4.625
9.79,CARRY,2.74,-0.01,-9.58,2.96,-0.01,1,0,321.5,227.5,12.6,0.25,0.03,48.8,13.26,-0.01,0.5,596.7,4.625
9.84,CARRY,2.74,-0.01,-9.58,2.97,-0.01,1,0,321.5,227.0,13.1,0.26,0.03,54.3,13.26,-0.01,0.7,596.2,4.656
9.9,CARRY,2.76,-0.01,-9.58,2.99,-0.01,1,0,321.5,227.5,12.6,0.25,0.03,48.9,13.26,-0.01,0.6,595.2,4.656
9.95,CARRY,2.79,-0.01,-9.58,3.0,-0.01,1,0,321.5,228.0,12.1,0.24,0.03,54.7,13.26,-0.01,0.4,594.3,4.594
10.0,CARRY,2.79,-0.01,-9.58,3.01,-0.01,1,0,321.5,227.0,13.1,0.26,0.03,50.7,13.26,-0.01,0.2,593.3,4.5
10.05,CARRY,2.81,-0.01,-9.58,3.03,-0.01,1,0,321.5,228.0,12.1,0.24,0.03,54.1,13.26,-0.01,0.5,592.8,4.531
10.11,CARRY,2.81,-0.01,-9.58,3.04,-0.01,1,0,321.5,227.0,13.1,0.26,0.03,48.1,13.26,-0.01,0.3,591.8,4.469
10.16,CARRY,2.84,-0.01,-9.58,3.05,-0.01,1,0,321.5,228.0,12.1,0.24,0.03,54.3,13.26,-0.01,0.6,591.4,4.5
10.21,CARRY,2.84,-0.01,-9.58,3.07,-0.01,1,0,321.5,227.0,13.1,0.26,0.03,47.8,13.26,-0.01,0.3,590.4,4.5
10.26,CARRY,2.86,-0.01,-9.58,3.08,-0.01,1,0,321.5,228.0,12.1,0.24,0.03,54.7,13.26,-0.01,0.6,589.9,4.594
10.32,CARRY,2.86,-0.01,-9.58,3.09,-0.01,1,0,321.5,227.0,13.1,0.26,0.03,48.6,13.26,-0.01,0.4,588.9,4.562
10.37,CARRY,2.89,-0.01,-9.58,3.11,-0.01,1,0,321.5,228.0,12.1,0.24,0.03,50.0,13.26,-0.01,0.7,588.5,4.625
10.42,CARRY,2.89,-0.01,-9.58,3.12,-0.01,1,0,321.5,227.0,13.1,0.26,0.03,49.8,13.26,-0.01,0.4,587.5,4.594
10.47,CARRY,2.91,-0.01,-9.58,3.13,-0.01,1,0,321.5,228.0,12.1,0.24,0.03,49.1,13.26,-0.01,0.7,587.0,4.719
10.52,CARRY,2.91,-0.01,-9.58,3.14,-0.01,1,0,321.5,227.0,13.1,0.26,0.03,49.7,13.26,-0.01,0.4,586.1,4.719
10.57,CARRY,2.94,-0.01,-9.58,3.16,-0.01,1,0,321.5,228.0,12.1,0.24,0.03,50.3,13.26,-0.01,0.7,585.6,4.75
10.62,CARRY,2.94,-0.01,-9.58,3.17,-0.01,1,0,321.5,227.0,13.1,0.26,0.03,49.8,13.26,-0.01,0.4,584.6,4.75
10.68,CARRY,2.96,-0.01,-9.58,3.18,-0.01,1,0,321.5,228.0,12.1,0.24,0.03,50.5,13.26,-0.01,0.8,584.2,4.75
10.73,CARRY,2.96,-0.01,-9.58,3.2,-0.01,1,0,321.5,227.0,13.1,0.26,0.03,50.1,13.26,-0.01,0.5,583.2,4.719
10.78,CARRY,2.99,-0.01,-9.58,3.21,-0.01,1,0,321.5,228.0,12.1,0.24,0.03,50.5,13.26,-0.01,0.8,582.7,4.75
10.83,CARRY,2.99,-0.01,-9.58,3.22,-0.01,1,0,321.5,227.0,13.1,0.26,0.03,50.4,13.26,-0.01,0.5,581.7,4.75
10.88,CARRY,3.01,-0.01,-9.58,3.23,-0.01,1,0,321.5,228.0,12.1,0.24,0.03,50.3,13.26,-0.01,0.8,581.2,4.781
10.93,CARRY,3.01,-0.01,-9.58,3.25,-0.01,1,0,321.5,227.0,13.1,0.26,0.03,49.6,13.26,-0.01,0.5,580.2,4.781
10.98,CARRY,3.04,-0.01,-9.58,3.26,-0.01,1,0,321.5,228.0,12.1,0.24,0.03,50.5,13.26,-0.01,0.8,579.8,4.844
11.03,CARRY,3.04,-0.01,-9.58,3.27,-0.01,1,0,321.5,227.0,13.1,0.26,0.03,49.7,13.26,-0.01,0.6,578.8,4.875
11.08,CARRY,3.06,-0.01,-9.58,3.29,-0.01,1,0,321.5,228.0,12.1,0.24,0.03,50.8,13.26,-0.01,0.9,578.3,4.812
11.14,CARRY,3.06,-0.01,-9.58,3.3,-0.01,1,0,321.5,227.0,13.1,0.26,0.03,49.8,13.26,-0.01,0.6,577.3,4.812
11.19,CARRY,3.09,-0.01,-9.58,3.31,-0.01,1,0,321.5,227.5,12.6,0.25,0.03,50.8,13.26,-0.01,0.4,576.4,4.812
11.24,CARRY,3.09,-0.01,-9.58,3.32,-0.01,1,0,321.5,227.0,13.1,0.26,0.03,49.7,13.26,-0.01,0.6,575.9,4.812
11.29,CARRY,3.11,-0.01,-9.58,3.34,-0.01,1,0,321.5,227.5,12.6,0.25,0.03,50.6,13.26,-0.01,0.5,574.9,4.844
11.34,CARRY,3.11,-0.01,-9.58,3.35,-0.01,1,0,321.5,227.0,13.1,0.26,0.03,49.9,13.26,-0.01,0.7,574.4,4.844
11.39,CARRY,3.14,-0.01,-9.58,3.36,-0.01,1,0,321.5,227.5,12.6,0.25,0.03,50.5,13.26,-0.01,0.5,573.5,4.844
11.44,CARRY,3.14,-0.01,-9.58,3.37,-0.01,1,0,321.5,227.0,13.1,0.26,0.03,49.8,13.26,-0.01,0.7,573.0,4.812
11.49,CARRY,3.16,-0.01,-9.58,3.39,-0.01,1,0,321.5,227.5,12.6,0.25,0.03,50.4,13.26,-0.01,0.5,572.0,4.875
11.54,CARRY,3.19,-0.01,-9.58,3.4,-0.01,1,0,321.5,228.0,12.1,0.24,0.03,51.0,13.26,-0.01,0.3,571.0,4.781
11.6,CARRY,3.19,-0.01,-9.58,3.41,-0.01,1,0,321.5,227.5,12.6,0.25,0.03,49.8,13.26,-0.01,0.5,570.5,4.688
11.65,CARRY,3.21,-0.01,-9.58,3.43,-0.01,1,0,321.5,228.0,12.1,0.24,0.03,50.7,13.26,-0.01,0.4,569.6,4.656
11.7,CARRY,3.21,-0.01,-9.58,3.44,-0.01,1,0,321.5,227.5,12.6,0.25,0.03,49.7,13.26,-0.01,0.6,569.1,4.625
11.75,CARRY,3.24,-0.01,-9.58,3.45,-0.01,1,0,321.5,228.0,12.1,0.24,0.03,50.4,13.26,-0.01,0.4,568.1,4.594
11.8,CARRY,3.24,-0.01,-9.58,3.46,-0.01,1,0,321.5,227.5,12.6,0.25,0.03,49.8,13.26,-0.01,0.6,567.6,4.594
11.85,CARRY,3.26,-0.01,-9.58,3.48,-0.01,1,0,321.5,228.0,12.1,0.24,0.03,50.5,13.26,-0.01,0.4,566.7,4.656
11.9,CARRY,3.26,-0.01,-9.58,3.49,-0.01,1,0,321.5,227.0,13.1,0.26,0.03,50.1,13.26,-0.01,0.2,565.7,4.688
11.95,CARRY,3.29,-0.01,-9.58,3.5,-0.01,1,0,321.5,228.0,12.1,0.24,0.03,50.5,13.26,-0.01,0.5,565.3,4.844
12.01,CARRY,3.29,-0.01,-9.58,3.52,-0.01,1,0,321.5,227.0,13.1,0.26,0.03,51.5,13.26,-0.01,0.2,564.3,4.844
12.06,CARRY,3.31,-0.01,-9.58,3.53,-0.01,1,0,321.5,228.0,12.1,0.24,0.03,49.7,13.26,-0.01,0.5,563.8,4.938
12.11,CARRY,3.31,-0.01,-9.58,3.54,-0.01,1,0,321.5,227.0,13.1,0.26,0.03,49.7,13.26,-0.01,0.3,562.8,4.906
12.16,CARRY,3.34,-0.01,-9.58,3.55,-0.01,1,0,321.5,228.0,12.1,0.24,0.03,50.4,13.26,-0.01,0.5,562.4,5.0
12.21,CARRY,3.34,-0.01,-9.58,3.57,-0.01,1,0,321.5,227.0,13.1,0.26,0.03,49.5,13.26,-0.01,0.3,561.4,4.938
12.26,CARRY,3.36,-0.01,-9.58,3.58,-0.01,1,0,321.5,228.0,12.1,0.24,0.03,50.4,13.26,-0.01,0.6,560.9,5.031
12.31,CARRY,3.36,-0.01,-9.58,3.59,-0.01,1,0,321.5,227.0,13.1,0.26,0.03,49.8,13.26,-0.01,0.3,560.0,4.938
12.36,CARRY,3.39,-0.01,-9.58,3.6,-0.01,1,0,321.5,228.0,12.1,0.24,0.03,50.7,13.26,-0.01,0.6,559.5,5.0
12.41,CARRY,3.39,-0.01,-9.58,3.62,-0.01,1,0,321.5,227.0,13.1,0.26,0.03,49.8,13.26,-0.01,0.3,558.5,4.938
12.47,CARRY,3.41,-0.01,-9.58,3.63,-0.01,1,0,321.5,228.0,12.1,0.24,0.03,50.7,13.26,-0.01,0.6,558.0,4.969
12.52,CARRY,3.41,-0.01,-9.58,3.64,-0.01,1,0,321.5,227.0,13.1,0.26,0.03,49.7,13.26,-0.01,0.3,557.0,4.875
12.57,CARRY,3.44,-0.01,-9.58,3.66,-0.01,1,0,321.5,228.0,12.1,0.24,0.03,50.7,13.26,-0.01,0.6,556.6,4.906
12.62,CARRY,3.44,-0.01,-9.58,3.67,-0.01,1,0,321.5,227.0,13.1,0.26,0.03,49.7,13.26,-0.01,0.4,555.6,4.812
12.67,CARRY,3.46,-0.01,-9.58,3.68,-0.01,1,0,321.5,228.0,12.1,0.24,0.03,50.5,13.26,-0.01,0.6,555.1,4.781
12.72,CARRY,3.46,-0.01,-9.58,3.69,-0.01,1,0,321.5,227.0,13.1,0.26,0.03,49.8,13.26,-0.01,0.4,554.1,4.688
12.77,CARRY,3.49,-0.01,-9.58,3.71,-0.01,1,0,321.5,227.5,12.6,0.25,0.03,50.5,13.26,-0.01,0.1,553.1,4.719
12.82,CARRY,3.49,-0.01,-9.58,3.72,-0.01,1,0,321.5,227.0,13.1,0.26,0.03,50.0,13.26,-0.01,0.4,552.6,4.656
12.87,CARRY,3.51,-0.01,-9.58,3.73,-0.01,1,0,321.5,227.5,12.6,0.25,0.03,50.5,13.26,-0.01,0.2,551.7,4.719
12.93,CARRY,3.51,-0.01,-9.58,3.75,-0.01,1,0,321.5,227.0,13.1,0.26,0.03,50.2,13.26,-0.01,0.4,551.2,4.625
12.98,CARRY,3.54,-0.01,-9.58,3.76,-0.01,1,0,321.5,227.5,12.6,0.25,0.03,50.3,13.26,-0.01,0.1,550.2,4.688
13.03,CARRY,3.54,-0.01,-9.58,3.77,-0.01,1,0,321.5,227.0,13.1,0.26,0.03,49.8,13.26,-0.01,0.4,549.7,4.625
13.08,CARRY,3.56,-0.01,-9.58,3.78,-0.01,1,0,321.5,227.5,12.6,0.25,0.03,50.4,13.26,-0.01,0.2,548.7,4.719
13.13,CARRY,3.56,-0.01,-9.58,3.8,-0.01,1,0,321.5,227.0,13.1,0.26,0.03,49.7,13.26,-0.01,0.4,548.2,4.688
13.18,CARRY,3.59,-0.01,-9.58,3.81,-0.01,1,0,321.5,228.0,12.1,0.24,0.03,50.5,13.26,-0.01,0.6,547.7,4.719
13.23,CARRY,3.59,-0.01,-9.58,3.82,-0.01,1,0,321.5,227.0,13.1,0.26,0.03,49.7,13.26,-0.01,0.4,546.7,4.656
13.28,CARRY,3.62,-0.01,-9.58,3.83,-0.01,1,0,321.5,228.0,12.1,0.24,0.03,50.7,13.26,-0.01,0.6,546.2,4.75
13.33,CARRY,3.62,-0.01,-9.58,3.85,-0.01,1,0,321.5,227.5,12.6,0.25,0.03,49.8,13.26,-0.01,0.9,545.7,4.719
13.38,CARRY,3.64,-0.01,-9.58,3.86,-0.01,1,0,321.5,228.0,12.1,0.24,0.03,50.8,13.26,-0.01,0.6,544.7,4.812
13.44,CARRY,3.64,-0.01,-9.58,3.87,-0.01,1,0,321.5,227.5,12.6,0.25,0.03,49.7,13.26,-0.01,0.9,544.2,4.75
13.49,CARRY,3.67,-0.01,-9.58,3.89,-0.01,1,0,321.0,229.5,10.5,0.21,0.02,50.6,13.26,-0.01,2.2,544.8,4.812
13.54,CARRY,3.67,-0.01,-9.58,3.9,-0.01,1,0,321.0,229.0,11.0,0.22,0.02,49.8,13.26,-0.01,2.4,544.3,4.75
13.59,CARRY,3.69,-0.01,-9.58,3.91,-0.01,1,0,321.0,230.0,10.0,0.2,0.02,50.5,13.26,-0.01,2.7,543.9,4.812
13.64,CARRY,3.69,-0.01,-9.58,3.92,-0.01,1,0,321.0,229.5,10.5,0.21,0.02,49.8,13.26,-0.01,2.9,543.4,4.75
13.69,CARRY,3.72,-0.01,-9.58,3.94,-0.01,1,0,321.0,231.0,9.1,0.18,0.02,50.5,13.26,-0.01,3.7,543.4,4.781
13.74,CARRY,3.74,-0.01,-9.58,3.95,-0.01,1,0,321.0,231.5,8.6,0.17,0.02,50.8,13.26,-0.01,3.5,542.5,4.719
13.79,CARRY,3.74,-0.01,-9.58,3.96,-0.01,1,0,321.0,231.0,9.1,0.18,0.02,49.9,13.26,-0.01,3.8,542.0,4.688
13.85,CARRY,3.77,-0.01,-9.58,3.98,-0.01,1,0,321.0,232.5,7.6,0.15,0.02,51.1,13.26,-0.01,4.6,542.1,4.594
13.9,CARRY,3.77,-0.01,-9.58,3.99,-0.01,1,0,321.0,232.5,7.6,0.15,0.02,49.8,13.26,-0.01,5.4,542.1,4.688
13.95,CARRY,3.79,-0.01,-9.58,4.0,-0.01,1,0,320.5,233.0,7.0,0.14,0.01,50.5,13.26,-0.01,5.3,541.3,4.656
14.0,CARRY,3.79,-0.01,-9.58,4.01,-0.01,1,0,320.5,232.5,7.5,0.15,0.01,49.9,13.26,-0.01,5.6,540.8,4.719
14.05,CARRY,3.81,-0.01,-9.58,4.03,-0.01,1,0,320.5,233.5,6.5,0.13,0.01,51.1,13.26,-0.01,6.0,540.5,4.75
14.1,CARRY,3.81,-0.01,-9.58,4.04,-0.01,1,0,320.5,233.0,7.0,0.14,0.01,49.9,13.26,-0.01,6.3,540.0,4.656
14.15,CARRY,3.83,-0.01,-9.58,4.05,-0.01,1,0,320.5,234.0,6.0,0.12,0.01,50.2,13.26,-0.01,6.8,539.8,4.656
14.2,CARRY,3.83,-0.01,-9.58,4.07,-0.01,1,0,320.5,233.5,6.5,0.13,0.01,49.9,13.26,-0.01,7.0,539.3,4.594
14.26,CARRY,3.85,-0.01,-9.58,4.08,-0.01,1,0,320.5,234.5,5.5,0.11,0.01,49.2,13.26,-0.01,7.6,539.2,4.656
14.31,CARRY,3.85,-0.01,-9.58,4.09,-0.01,1,0,320.5,234.0,6.0,0.12,0.01,50.0,13.26,-0.01,7.9,538.7,4.562
14.36,CARRY,3.87,-0.01,-9.58,4.1,-0.01,1,0,320.5,234.0,6.0,0.12,0.01,50.5,13.26,-0.01,7.5,537.6,4.562
14.41,CARRY,3.87,-0.01,-9.58,4.12,-0.01,1,0,320.5,233.5,6.5,0.13,0.01,49.8,13.26,-0.01,7.7,537.1,4.5
14.46,CARRY,3.89,-0.01,-9.58,4.13,-0.01,1,0,320.5,234.5,5.5,0.11,0.01,50.7,13.26,-0.01,8.5,537.1,4.5
14.51,CARRY,3.89,-0.01,-9.58,4.14,-0.01,1,0,320.5,234.5,5.5,0.11,0.01,49.8,13.26,-0.01,9.2,537.1,4.438
14.56,CARRY,3.9,-0.01,-9.58,4.15,-0.01,1,0,320.0,235.0,5.0,0.1,0.0,50.6,13.26,-0.01,9.6,536.7,4.438
14.61,CARRY,3.9,-0.01,-9.58,4.17,-0.01,1,0,320.0,234.5,5.5,0.11,0.0,49.8,13.26,-0.01,9.8,536.2,4.438
14.66,CARRY,3.92,-0.01,-9.58,4.18,-0.01,1,0,320.0,235.5,4.5,0.09,0.0,50.8,13.26,-0.01,10.7,536.3,4.406
14.71,CARRY,3.92,-0.01,-9.58,4.19,-0.01,1,0,321.0,235.0,5.1,0.1,0.02,49.9,13.26,-0.01,10.8,535.7,4.5
14.77,CARRY,3.93,-0.01,-9.58,4.21,-0.01,1,0,321.0,235.5,4.6,0.09,0.02,50.9,13.26,-0.01,11.2,535.3,4.469
14.82,CARRY,3.93,-0.01,-9.58,4.22,-0.01,1,0,321.0,235.0,5.1,0.1,0.02,49.9,13.26,-0.01,11.4,534.8,4.438
14.87,CARRY,3.95,-0.01,-9.58,4.23,-0.01,1,0,321.0,235.5,4.6,0.09,0.02,50.5,13.26,-0.01,11.9,534.5,4.406
14.92,CARRY,3.95,-0.01,-9.58,4.24,-0.01,1,0,321.0,235.5,4.6,0.09,0.02,49.8,13.26,-0.01,12.6,534.5,4.312
14.97,CARRY,3.96,-0.01,-9.58,4.26,-0.01,1,0,321.0,235.5,4.6,0.09,0.02,50.3,13.26,-0.01,12.6,533.8,4.344
15.02,CARRY,3.96,-0.01,-9.58,4.27,-0.01,1,0,320.5,235.0,5.0,0.1,0.01,50.4,13.26,-0.01,12.9,533.4,4.344
15.07,CARRY,3.97,-0.01,-9.58,4.28,-0.01,1,0,320.5,235.5,4.5,0.09,0.01,50.8,13.26,-0.01,13.5,533.2,4.344
15.12,CARRY,3.97,-0.01,-9.58,4.3,-0.01,1,0,320.5,235.0,5.0,0.1,0.01,50.0,13.26,-0.01,13.7,532.7,4.375
15.18,CARRY,3.98,-0.01,-9.58,4.31,-0.01,1,0,320.5,235.5,4.5,0.09,0.01,50.3,13.26,-0.01,14.3,532.5,4.406
15.23,CARRY,3.98,-0.01,-9.58,4.32,-0.01,1,0,320.5,235.0,5.0,0.1,0.01,49.9,13.26,-0.01,14.5,532.0,4.469
15.28,CARRY,3.99,-0.01,-9.58,4.33,-0.01,1,0,320.5,235.0,5.0,0.1,0.01,50.4,13.26,-0.01,14.7,531.4,4.406
15.33,CARRY,3.99,-0.01,-9.58,4.35,-0.01,1,0,320.5,234.5,5.5,0.11,0.01,49.9,13.26,-0.01,14.9,530.9,4.406
15.38,CARRY,4.0,-0.01,-9.58,4.36,-0.01,1,0,320.5,235.0,5.0,0.1,0.01,50.5,13.26,-0.01,15.5,530.8,4.344
15.43,CARRY,4.0,-0.01,-9.58,4.37,-0.01,1,0,320.5,234.5,5.5,0.11,0.01,50.8,13.26,-0.01,15.8,530.3,4.219
15.48,CARRY,4.01,-0.01,-9.58,4.38,-0.01,1,0,320.5,234.5,5.5,0.11,0.01,51.2,13.26,-0.01,16.0,529.8,4.125
15.54,CARRY,4.01,-0.01,-9.58,4.4,-0.01,1,0,320.5,234.5,5.5,0.11,0.01,49.1,13.26,-0.01,16.7,529.8,4.0
15.59,CARRY,4.02,-0.01,-9.58,4.41,-0.01,1,0,320.5,234.5,5.5,0.11,0.01,50.3,13.26,-0.01,16.9,529.2,3.797
15.64,CARRY,4.02,-0.01,-9.58,4.42,-0.01,1,0,320.5,234.5,5.5,0.11,0.01,50.2,13.26,-0.01,17.6,529.2,3.719
15.69,CARRY,4.03,-0.01,-9.58,4.44,-0.01,1,0,320.0,235.0,5.0,0.1,0.0,51.2,13.26,-0.01,18.3,529.2,3.594
15.74,CARRY,4.03,-0.01,-9.58,4.45,-0.01,1,0,321.0,234.5,5.6,0.11,0.02,49.6,13.26,-0.01,18.4,528.6,3.469
15.79,CARRY,4.04,-0.01,-9.58,4.46,-0.01,1,0,321.0,234.5,5.6,0.11,0.02,50.7,13.26,-0.01,18.6,527.9,3.234
15.84,CARRY,4.04,-0.01,-9.58,4.47,-0.01,1,0,321.0,234.0,6.1,0.12,0.02,48.5,13.26,-0.01,18.8,527.5,3.047
15.89,CARRY,4.05,-0.01,-9.58,4.49,-0.01,1,0,321.0,234.5,5.6,0.11,0.02,49.5,13.26,-0.01,19.4,527.4,2.875
15.94,CARRY,4.05,-0.01,-9.58,4.5,-0.01,1,0,321.0,234.0,6.1,0.12,0.02,49.0,13.26,-0.01,19.7,526.9,2.75
15.99,CARRY,4.07,-0.01,-9.58,4.51,-0.01,1,0,321.0,234.0,6.1,0.12,0.02,51.0,13.26,-0.01,19.8,526.3,2.641
16.04,CARRY,4.08,-0.01,-9.58,4.53,-0.01,1,0,321.0,234.5,5.6,0.11,0.02,53.8,13.26,-0.01,20.4,526.1,2.609
16.1,CARRY,4.08,-0.01,-9.58,4.54,-0.01,1,0,321.0,234.0,6.1,0.12,0.02,50.3,13.26,-0.01,20.7,525.6,2.562
16.15,CARRY,4.09,-0.01,-9.58,4.55,-0.01,1,0,321.0,234.0,6.1,0.12,0.02,51.2,13.26,-0.01,20.8,525.0,2.484
16.2,CARRY,4.09,-0.01,-9.58,4.56,-0.01,1,0,321.0,233.5,6.6,0.13,0.02,50.3,13.26,-0.01,21.1,524.5,2.484
16.25,CARRY,4.1,-0.01,-9.58,4.58,-0.01,1,0,320.5,234.0,6.0,0.12,0.01,50.9,13.26,-0.01,21.7,524.5,2.516
16.3,CARRY,4.1,-0.01,-9.58,4.59,-0.01,1,0,320.5,233.5,6.5,0.13,0.01,50.5,13.26,-0.01,22.0,524.0,2.5
16.36,CARRY,4.11,-0.01,-9.58,4.6,-0.01,1,0,320.5,234.0,6.0,0.12,0.01,50.9,13.26,-0.01,22.6,523.8,2.516
16.41,CARRY,4.11,-0.01,-9.58,4.62,-0.01,1,0,320.5,233.5,6.5,0.13,0.01,49.8,13.26,-0.01,22.8,523.3,2.578
16.46,CARRY,4.12,-0.01,-9.58,4.63,-0.01,1,0,320.5,233.5,6.5,0.13,0.01,50.8,13.26,-0.01,22.9,522.6,2.609
16.51,CARRY,4.12,-0.01,-9.58,4.64,-0.01,1,0,320.5,233.5,6.5,0.13,0.01,50.2,13.26,-0.01,23.6,522.6,2.656
16.56,CARRY,4.13,-0.01,-9.58,4.65,-0.01,1,0,320.5,234.0,6.0,0.12,0.01,51.0,13.26,-0.01,24.2,522.5,2.781
16.61,CARRY,4.13,-0.01,-9.58,4.67,-0.01,1,0,320.5,233.5,6.5,0.13,0.01,50.1,13.26,-0.01,24.4,522.0,2.859
16.66,CARRY,4.15,-0.01,-9.58,4.68,-0.01,1,0,321.0,233.5,6.6,0.13,0.02,51.2,13.26,-0.01,24.4,521.2,2.906
16.72,CARRY,4.15,-0.01,-9.58,4.69,-0.01,1,0,321.0,233.0,7.1,0.14,0.02,50.2,13.26,-0.01,24.7,520.7,2.906
16.77,CARRY,4.16,-0.01,-9.58,4.71,-0.01,1,0,321.0,233.5,6.6,0.13,0.02,50.8,13.26,-0.01,25.2,520.5,2.953
16.82,CARRY,4.16,-0.01,-9.58,4.72,-0.01,1,0,321.0,233.0,7.1,0.14,0.02,50.1,13.26,-0.01,25.4,520.0,2.969
16.87,CARRY,4.17,-0.02,-9.58,4.73,-0.01,1,0,321.0,233.5,6.6,0.13,0.02,50.8,13.26,-0.01,26.0,519.8,3.062
16.92,CARRY,4.17,-0.02,-9.58,4.74,-0.01,1,0,321.0,233.5,6.6,0.13,0.02,50.9,13.26,-0.01,26.7,519.8,3.094
16.97,CARRY,4.18,-0.02,-9.58,4.76,-0.01,1,0,321.0,234.0,6.1,0.12,0.02,51.7,13.26,-0.01,27.2,519.6,3.156
17.03,CARRY,4.18,-0.02,-9.58,4.77,-0.01,1,0,321.0,233.5,6.6,0.13,0.02,52.6,13.26,-0.01,27.5,519.1,3.203
17.08,CARRY,4.2,-0.02,-9.58,4.78,-0.01,1,0,321.0,233.5,6.6,0.13,0.02,50.8,13.26,-0.01,27.5,518.3,3.234
17.13,CARRY,4.2,-0.02,-9.58,4.8,-0.01,1,0,321.0,233.0,7.1,0.14,0.02,50.3,13.26,-0.01,27.8,517.8,3.234
17.18,CARRY,4.21,-0.02,-9.58,4.81,-0.01,1,0,321.0,233.5,6.6,0.13,0.02,51.6,13.26,-0.01,28.3,517.6,3.234
17.24,CARRY,4.21,-0.02,-9.58,4.82,-0.01,1,0,321.0,233.0,7.1,0.14,0.02,50.3,13.26,-0.01,28.5,517.1,3.266
17.29,CARRY,4.22,-0.02,-9.58,4.84,-0.01,1,0,321.0,233.5,6.6,0.13,0.02,51.5,13.26,-0.01,29.0,516.9,3.297
17.34,CARRY,4.22,-0.02,-9.58,4.85,-0.01,1,0,321.0,233.0,7.1,0.14,0.02,50.9,13.26,-0.01,29.3,516.4,3.406
17.39,CARRY,4.23,-0.02,-9.58,4.86,-0.01,1,0,320.5,233.5,6.5,0.13,0.01,51.4,13.26,-0.01,29.9,516.2,3.562
17.44,CARRY,4.23,-0.02,-9.58,4.88,-0.01,1,0,320.5,233.5,6.5,0.13,0.01,50.3,13.26,-0.01,30.6,516.2,3.703
17.5,CARRY,4.25,-0.02,-9.58,4.89,-0.01,1,0,321.0,233.5,6.6,0.13,0.02,49.9,13.26,-0.01,30.6,515.4,3.781
17.55,CARRY,4.26,-0.02,-9.58,4.9,-0.01,1,0,321.0,234.0,6.1,0.12,0.02,52.3,13.26,-0.01,31.1,515.1,3.891
17.6,CARRY,4.26,-0.02,-9.58,4.91,-0.01,1,0,321.5,233.5,6.7,0.13,0.03,51.1,13.26,-0.01,31.3,514.6,4.031
17.65,CARRY,4.27,-0.02,-9.58,4.93,-0.01,1,0,321.5,234.0,6.2,0.12,0.03,50.7,13.26,-0.01,31.8,514.3,4.094
17.7,CARRY,4.27,-0.02,-9.58,4.94,-0.01,1,0,321.5,233.5,6.7,0.13,0.03,51.2,13.26,-0.01,32.0,513.8,4.219
17.75,CARRY,4.28,-0.02,-9.58,4.95,-0.01,1,0,321.5,234.0,6.2,0.12,0.03,50.4,13.26,-0.01,32.5,513.6,4.344
17.81,CARRY,4.28,-0.02,-9.58,4.97,-0.01,1,0,321.5,234.0,6.2,0.12,0.03,50.1,13.26,-0.01,33.3,513.6,4.531
17.86,CARRY,4.3,-0.02,-9.58,4.98,-0.01,1,0,321.5,234.0,6.2,0.12,0.03,50.2,13.26,-0.01,33.3,512.9,4.688
17.91,CARRY,4.3,-0.02,-9.58,4.99,-0.01,1,0,321.5,233.5,6.7,0.13,0.03,49.9,13.26,-0.01,33.5,512.4,4.938
17.96,CARRY,4.31,-0.02,-9.58,5.0,-0.01,1,0,321.0,234.0,6.1,0.12,0.02,50.5,13.26,-0.01,34.1,512.2,5.125
18.01,CARRY,4.31,-0.02,-9.58,5.02,-0.01,1,0,321.0,233.5,6.6,0.13,0.02,51.1,13.26,-0.01,34.3,511.7,5.438
18.06,CARRY,4.32,-0.02,-9.58,5.03,-0.01,1,0,321.0,233.5,6.6,0.13,0.02,51.6,13.26,-0.01,34.3,510.9,5.75
18.12,CARRY,4.32,-0.02,-9.58,5.04,-0.01,1,0,321.0,233.0,7.1,0.14,0.02,52.3,13.26,-0.01,34.6,510.4,5.906
18.17,CARRY,4.34,-0.02,-9.58,5.06,-0.01,1,0,321.0,234.0,6.1,0.12,0.02,50.6,13.26,-0.01,35.6,510.7,6.25
18.22,CARRY,4.34,-0.02,-9.58,5.07,-0.01,1,0,321.0,234.0,6.1,0.12,0.02,50.1,13.26,-0.01,36.4,510.7,6.562
18.27,CARRY,4.35,-0.02,-9.58,5.08,-0.01,1,0,321.0,234.0,6.1,0.12,0.02,50.7,13.26,-0.01,36.4,510.0,6.781
18.32,CARRY,4.35,-0.02,-9.58,5.09,-0.01,1,0,321.0,233.5,6.6,0.13,0.02,50.6,13.26,-0.01,36.6,509.5,7.094
18.37,CARRY,4.36,-0.02,-9.58,5.11,-0.01,1,0,321.0,234.0,6.1,0.12,0.02,51.0,13.26,-0.01,37.1,509.2,7.375
18.43,CARRY,4.36,-0.02,-9.58,5.12,-0.01,1,0,321.0,233.5,6.6,0.13,0.02,50.6,13.26,-0.01,37.4,508.7,7.625
18.48,CARRY,4.37,-0.02,-9.58,5.13,-0.01,1,0,320.5,234.0,6.0,0.12,0.01,51.2,13.26,-0.01,38.0,508.6,7.906
18.53,CARRY,4.37,-0.02,-9.58,5.15,-0.01,1,0,321.0,233.5,6.6,0.13,0.02,50.4,13.26,-0.01,38.2,508.0,8.062
18.58,CARRY,4.39,-0.02,-9.58,5.16,-0.01,1,0,321.0,234.0,6.1,0.12,0.02,51.5,13.26,-0.01,38.7,507.8,8.312
18.63,CARRY,4.39,-0.02,-9.58,5.17,-0.01,1,0,321.0,234.0,6.1,0.12,0.02,50.5,13.26,-0.01,39.4,507.8,8.562
18.69,CARRY,4.4,-0.02,-9.58,5.19,-0.01,1,0,321.0,234.0,6.1,0.12,0.02,50.6,13.26,-0.01,39.5,507.1,8.75
18.74,CARRY,4.4,-0.02,-9.58,5.2,-0.01,1,0,321.5,233.5,6.7,0.13,0.03,50.4,13.26,-0.01,39.7,506.5,8.938
18.79,CARRY,4.41,-0.02,-9.58,5.21,-0.01,1,0,321.5,234.0,6.2,0.12,0.03,51.0,13.26,-0.01,40.2,506.3,9.062
18.84,CARRY,4.41,-0.02,-9.58,5.22,-0.01,1,0,321.0,233.5,6.6,0.13,0.02,50.5,13.26,-0.01,40.5,505.8,9.375
18.89,CARRY,4.42,-0.02,-9.58,5.24,-0.01,1,0,321.0,234.0,6.1,0.12,0.02,51.6,13.26,-0.01,41.0,505.6,9.562
18.94,CARRY,4.44,-0.02,-9.58,5.25,-0.01,1,0,321.0,234.0,6.1,0.12,0.02,51.3,13.26,-0.01,41.0,504.9,9.688
19.0,CARRY,4.44,-0.02,-9.58,5.26,-0.01,1,0,321.0,233.0,7.1,0.14,0.02,50.8,13.26,-0.01,40.8,503.9,9.875
19.05,CARRY,4.45,-0.02,-9.58,5.28,-0.01,1,0,321.0,234.0,6.1,0.12,0.02,50.9,13.26,-0.01,41.8,504.1,9.875
19.1,CARRY,4.45,-0.02,-9.58,5.29,-0.01,1,0,321.0,233.5,6.6,0.13,0.02,50.1,13.26,-0.01,42.0,503.6,9.812
19.15,CARRY,4.46,-0.02,-9.58,5.3,-0.01,1,0,321.0,234.0,6.1,0.12,0.02,52.1,13.26,-0.01,42.5,503.4,10.0
19.2,CARRY,4.46,-0.02,-9.58,5.32,-0.01,1,0,321.0,233.5,6.6,0.13,0.02,50.6,13.26,-0.01,42.8,502.9,10.062
19.25,CARRY,4.47,-0.02,-9.58,5.33,-0.01,1,0,321.0,233.5,6.6,0.13,0.02,50.2,13.26,-0.01,42.8,502.2,10.062
19.31,CARRY,4.47,-0.02,-9.58,5.34,-0.01,1,0,321.0,233.0,7.1,0.14,0.02,50.9,13.26,-0.01,43.1,501.7,10.062
19.36,CARRY,4.49,-0.01,-9.58,5.35,-0.01,1,0,321.0,234.0,6.1,0.12,0.02,51.4,13.26,-0.01,44.1,502.0,10.0
19.41,CARRY,4.49,-0.01,-9.58,5.37,-0.01,1,0,321.0,233.0,7.1,0.14,0.02,50.8,13.26,-0.01,43.8,501.0,10.0
19.46,CARRY,4.5,-0.01,-9.58,5.38,-0.01,1,0,321.0,233.5,6.6,0.13,0.02,51.9,13.26,-0.01,44.4,500.7,9.938
19.51,CARRY,4.5,-0.01,-9.58,5.39,-0.01,1,0,321.0,233.5,6.6,0.13,0.02,50.9,13.26,-0.01,45.1,500.7,9.812
19.57,CARRY,4.51,-0.01,-9.58,5.41,-0.01,1,0,320.5,233.5,6.5,0.13,0.01,50.2,13.26,-0.01,45.2,500.0,9.812
19.62,CARRY,4.51,-0.01,-9.58,5.42,-0.01,1,0,320.5,233.5,6.5,0.13,0.01,48.8,13.26,-0.01,45.9,500.0,9.812
19.67,CARRY,4.52,-0.01,-9.58,5.43,-0.01,1,0,320.5,234.0,6.0,0.12,0.01,49.6,13.26,-0.01,46.4,499.8,9.812
19.72,CARRY,4.52,-0.01,-9.58,5.44,-0.01,1,0,320.5,233.0,7.0,0.14,0.01,49.0,13.26,-0.01,46.2,498.8,9.75
19.77,CARRY,4.54,-0.01,-9.58,5.46,-0.01,1,0,320.5,233.5,6.5,0.13,0.01,49.8,13.26,-0.01,46.6,498.5,9.688
19.82,CARRY,4.54,-0.01,-9.58,5.47,-0.01,1,0,320.5,233.5,6.5,0.13,0.01,49.0,13.26,-0.01,47.4,498.5,9.625
19.87,CARRY,4.55,-0.01,-9.58,5.48,-0.01,1,0,320.5,234.0,6.0,0.12,0.01,49.8,13.26,-0.01,47.8,498.3,9.688
19.92,CARRY,4.55,-0.01,-9.58,5.49,-0.01,1,0,320.5,233.5,6.5,0.13,0.01,49.7,13.26,-0.01,48.1,497.8,9.562
19.97,CARRY,4.56,-0.01,-9.58,5.51,-0.01,1,0,320.5,234.0,6.0,0.12,0.01,51.5,13.26,-0.01,48.5,497.5,9.5
20.02,CARRY,4.56,-0.01,-9.58,5.52,-0.01,1,0,320.5,233.5,6.5,0.13,0.01,51.8,13.26,-0.01,48.8,497.0,9.5
20.08,CARRY,4.58,-0.01,-9.58,5.53,-0.01,1,0,320.0,234.0,6.0,0.12,0.0,51.6,13.26,-0.01,49.4,496.8,9.438
20.13,CARRY,4.58,-0.01,-9.58,5.55,-0.01,1,0,320.0,233.5,6.5,0.13,0.0,50.6,13.26,-0.01,49.7,496.3,9.438
20.18,CARRY,4.59,-0.01,-9.58,5.56,-0.01,1,0,320.0,233.5,6.5,0.13,0.0,50.8,13.26,-0.01,49.6,495.6,9.438
20.23,CARRY,4.59,-0.01,-9.58,5.57,-0.01,1,0,320.0,233.5,6.5,0.13,0.0,49.5,13.26,-0.01,50.4,495.6,9.438
20.28,CARRY,4.6,-0.01,-9.58,5.58,-0.01,1,0,320.0,234.5,5.5,0.11,0.0,51.9,13.26,-0.01,51.4,495.8,9.375
20.33,CARRY,4.6,-0.01,-9.58,5.6,-0.01,1,0,320.0,234.0,6.0,0.12,0.0,51.0,13.26,-0.01,51.6,495.3,9.438
20.39,CARRY,4.62,-0.01,-9.58,5.61,-0.01,1,0,320.0,234.0,6.0,0.12,0.0,50.2,13.26,-0.01,51.6,494.6,9.438
20.44,CARRY,4.62,-0.01,-9.58,5.62,-0.01,1,0,320.0,233.5,6.5,0.13,0.0,49.4,13.26,-0.01,51.9,494.1,9.562
20.49,CARRY,4.63,-0.01,-9.58,5.64,-0.01,1,0,320.0,234.0,6.0,0.12,0.0,51.1,13.26,-0.01,52.4,493.8,9.375
20.54,CARRY,4.63,-0.01,-9.58,5.65,-0.01,1,0,320.5,234.0,6.0,0.12,0.01,49.7,13.26,-0.01,53.1,493.8,9.375
20.59,CARRY,4.64,-0.01,-9.58,5.66,-0.01,1,0,320.5,234.0,6.0,0.12,0.01,52.3,13.26,-0.01,53.1,493.0,9.5
20.64,CARRY,4.64,-0.01,-9.58,5.68,-0.01,1,0,320.5,233.5,6.5,0.13,0.01,52.3,13.26,-0.01,53.3,492.5,9.5
20.7,CARRY,4.65,-0.01,-9.58,5.69,-0.01,1,0,320.5,233.5,6.5,0.13,0.01,49.1,13.26,-0.01,53.4,491.8,9.5
20.75,CARRY,4.67,-0.01,-9.58,5.7,-0.01,1,0,320.5,233.5,6.5,0.13,0.01,49.8,13.26,-0.01,53.4,491.1,9.5
20.8,CARRY,4.67,-0.01,-9.58,5.71,-0.01,1,0,320.5,233.0,7.0,0.14,0.01,48.9,13.26,-0.01,53.6,490.6,9.438
20.85,CARRY,4.68,-0.01,-9.58,5.73,-0.01,1,0,320.5,234.0,6.0,0.12,0.01,49.3,13.26,-0.01,54.6,490.9,9.5
20.9,CARRY,4.68,-0.01,-9.58,5.74,-0.01,1,0,320.5,234.0,6.0,0.12,0.01,48.2,13.26,-0.01,55.4,490.9,9.562
20.95,CARRY,4.69,-0.01,-9.58,5.75,-0.01,1,0,320.5,234.0,6.0,0.12,0.01,49.3,13.26,-0.01,55.4,490.2,9.562
21.0,CARRY,4.69,-0.01,-9.58,5.76,-0.01,1,0,320.0,233.5,6.5,0.13,0.0,48.8,13.26,-0.01,55.7,489.7,9.5
21.05,CARRY,4.7,-0.01,-9.58,5.78,-0.01,1,0,320.5,234.0,6.0,0.12,0.01,51.4,13.26,-0.01,56.1,489.4,9.438
21.1,CARRY,4.7,-0.01,-9.58,5.79,-0.01,1,0,320.5,233.5,6.5,0.13,0.01,48.9,13.26,-0.01,56.3,488.9,9.562
21.15,CARRY,4.72,-0.01,-9.58,5.8,-0.01,1,0,320.0,234.0,6.0,0.12,0.0,52.4,13.26,-0.01,56.9,488.8,9.562
21.2,CARRY,4.72,-0.01,-9.58,5.82,-0.01,1,0,320.0,234.0,6.0,0.12,0.0,48.9,13.26,-0.01,57.7,488.8,9.625
21.25,CARRY,4.73,-0.01,-9.58,5.83,-0.01,1,0,320.0,234.5,5.5,0.11,0.0,52.1,13.26,-0.01,58.1,488.5,9.625
21.31,CARRY,4.73,-0.01,-9.58,5.84,-0.01,1,0,320.0,234.0,6.0,0.12,0.0,48.9,13.26,-0.01,58.4,488.0,9.688
21.36,CARRY,4.74,-0.01,-9.58,5.85,-0.01,1,0,320.5,234.0,6.0,0.12,0.01,48.4,13.26,-0.01,58.3,487.3,9.5
21.41,CARRY,4.74,-0.01,-9.58,5.87,-0.01,1,0,321.0,233.5,6.6,0.13,0.02,49.5,13.26,-0.01,58.5,486.7,9.688
21.46,CARRY,4.75,-0.01,-9.58,5.88,-0.01,1,0,320.5,234.0,6.0,0.12,0.01,50.7,13.26,-0.01,59.1,486.5,9.875
21.51,CARRY,4.75,-0.01,-9.58,5.89,-0.01,1,0,321.0,233.5,6.6,0.13,0.02,51.2,13.26,-0.01,59.3,486.0,9.812
21.56,CARRY,4.77,-0.01,-9.58,5.9,-0.01,1,0,321.0,234.0,6.1,0.12,0.02,51.1,13.26,-0.01,59.8,485.8,9.938
21.61,CARRY,4.77,-0.01,-9.58,5.92,-0.01,1,0,321.0,234.0,6.1,0.12,0.02,51.5,13.26,-0.01,60.6,485.8,9.938
21.67,CARRY,4.78,-0.01,-9.58,5.93,-0.01,1,0,321.0,234.0,6.1,0.12,0.02,50.9,13.26,-0.01,60.6,485.1,9.875
21.72,CARRY,4.78,-0.01,-9.58,5.94,-0.01,1,0,320.5,234.0,6.0,0.12,0.01,50.4,13.26,-0.01,61.4,485.1,9.938
21.77,CARRY,4.79,-0.01,-9.58,5.96,-0.01,1,0,320.5,234.0,6.0,0.12,0.01,50.1,13.26,-0.01,61.4,484.4,9.75
21.82,CARRY,4.79,-0.01,-9.58,5.97,-0.01,1,0,320.5,233.5,6.5,0.13,0.01,49.2,13.26,-0.01,61.7,483.9,9.812
21.87,CARRY,4.8,-0.01,-9.58,5.98,-0.01,1,0,320.5,234.0,6.0,0.12,0.01,50.2,13.26,-0.01,62.2,483.7,9.75
21.92,CARRY,4.8,-0.01,-9.58,5.99,-0.01,1,0,320.5,233.5,6.5,0.13,0.01,50.1,13.26,-0.01,62.4,483.2,9.812
21.97,CARRY,4.82,-0.01,-9.58,6.01,-0.01,1,0,320.5,234.0,6.0,0.12,0.01,50.3,13.26,-0.01,62.9,483.0,9.812
22.02,CARRY,4.82,-0.01,-9.58,6.02,-0.01,1,0,320.5,233.5,6.5,0.13,0.01,52.8,13.26,-0.01,63.2,482.5,9.75
22.08,CARRY,4.83,-0.02,-9.58,6.03,-0.01,1,0,320.5,233.5,6.5,0.13,0.01,52.1,13.26,-0.01,63.2,481.8,9.688
22.13,CARRY,4.83,-0.02,-9.58,6.05,-0.01,1,0,320.5,233.0,7.0,0.14,0.01,50.8,13.26,-0.01,63.5,481.3,9.688
22.18,CARRY,4.84,-0.02,-9.58,6.06,-0.01,1,0,321.0,233.5,6.6,0.13,0.02,51.1,13.26,-0.01,64.0,481.0,9.625
22.23,CARRY,4.84,-0.02,-9.58,6.07,-0.01,1,0,321.0,233.0,7.1,0.14,0.02,49.3,13.26,-0.01,64.2,480.5,9.625
22.28,CARRY,4.85,-0.02,-9.58,6.09,-0.01,1,0,321.0,233.5,6.6,0.13,0.02,50.3,13.26,-0.01,64.8,480.3,9.562
22.33,CARRY,4.85,-0.02,-9.58,6.1,-0.01,1,0,321.0,233.5,6.6,0.13,0.02,49.6,13.26,-0.01,65.5,480.3,9.625
22.39,CARRY,4.86,-0.02,-9.58,6.11,-0.01,1,0,321.0,233.5,6.6,0.13,0.02,50.7,13.26,-0.01,65.6,479.6,9.812
22.44,CARRY,4.86,-0.02,-9.58,6.12,-0.01,1,0,321.0,233.0,7.1,0.14,0.02,51.3,13.26,-0.01,65.8,479.1,9.812
22.49,CARRY,4.88,-0.02,-9.58,6.14,-0.01,1,0,321.0,233.5,6.6,0.13,0.02,52.3,13.26,-0.01,66.4,478.9,9.938
22.54,CARRY,4.88,-0.02,-9.58,6.15,-0.01,1,0,321.0,234.0,6.1,0.12,0.02,51.5,13.26,-0.01,67.6,479.4,10.0
22.59,CARRY,4.89,-0.02,-9.58,6.16,-0.01,1,0,321.0,234.5,5.6,0.11,0.02,51.5,13.26,-0.01,68.2,479.2,9.938
22.65,CARRY,4.9,-0.02,-9.58,6.18,-0.01,1,0,321.0,234.0,6.1,0.12,0.02,51.7,13.26,-0.01,67.7,478.0,9.938
22.7,CARRY,4.9,-0.02,-9.58,6.19,-0.01,1,0,320.5,234.0,6.0,0.12,0.01,50.5,13.26,-0.01,68.5,478.0,10.0
22.75,CARRY,4.91,-0.02,-9.58,6.2,-0.01,1,0,321.0,234.0,6.1,0.12,0.02,50.8,13.26,-0.01,68.5,477.2,9.938
22.8,CARRY,4.91,-0.02,-9.58,6.21,-0.01,1,0,320.5,233.5,6.5,0.13,0.01,50.6,13.26,-0.01,68.8,476.8,9.938
22.85,CARRY,4.93,-0.02,-9.58,6.23,-0.01,1,0,320.5,234.0,6.0,0.12,0.01,50.9,13.26,-0.01,69.3,476.6,9.812
22.91,CARRY,4.93,-0.02,-9.58,6.24,-0.01,1,0,320.5,233.5,6.5,0.13,0.01,50.6,13.26,-0.01,69.5,476.1,9.938
22.96,CARRY,4.94,-0.02,-9.58,6.25,-0.01,1,0,321.0,234.0,6.1,0.12,0.02,51.3,13.26,-0.01,70.0,475.8,9.875
23.01,CARRY,4.94,-0.02,-9.58,6.27,-0.01,1,0,321.0,233.5,6.6,0.13,0.02,50.2,13.26,-0.01,70.2,475.3,9.938
23.06,CARRY,4.95,-0.02,-9.58,6.28,-0.01,1,0,321.0,234.0,6.1,0.12,0.02,51.7,13.26,-0.01,70.8,475.1,9.938
23.11,CARRY,4.95,-0.02,-9.58,6.29,-0.01,1,0,321.0,234.0,6.1,0.12,0.02,50.0,13.26,-0.01,71.5,475.1,9.812
23.16,CARRY,4.96,-0.02,-9.58,6.31,-0.01,1,0,321.5,234.0,6.2,0.12,0.03,50.9,13.26,-0.01,71.5,474.3,9.875
23.22,CARRY,4.96,-0.02,-9.58,6.32,-0.01,1,0,321.0,233.5,6.6,0.13,0.02,50.0,13.26,-0.01,71.8,473.8,9.75
23.27,CARRY,4.98,-0.02,-9.58,6.33,-0.01,1,0,321.0,234.0,6.1,0.12,0.02,51.0,13.26,-0.01,72.3,473.6,9.688
23.32,CARRY,4.98,-0.02,-9.58,6.34,-0.01,1,0,321.0,233.5,6.6,0.13,0.02,50.6,13.26,-0.01,72.6,473.1,9.688
23.37,CARRY,4.99,-0.02,-9.58,6.36,-0.01,1,0,321.0,234.0,6.1,0.12,0.02,50.8,13.26,-0.01,73.1,472.9,9.688
23.42,CARRY,4.99,-0.02,-9.58,6.37,-0.01,1,0,321.0,233.5,6.6,0.13,0.02,50.6,13.26,-0.01,73.3,472.4,9.688
23.47,CARRY,5.0,-0.02,-9.58,6.38,-0.01,1,0,321.0,233.5,6.6,0.13,0.02,50.9,13.26,-0.01,73.3,471.7,9.688
23.53,CARRY,5.0,-0.02,-9.58,6.4,-0.01,1,0,321.0,233.5,6.6,0.13,0.02,50.3,13.26,-0.01,74.1,471.7,9.688
23.58,CARRY,5.01,-0.02,-9.58,6.41,-0.01,1,0,321.0,234.0,6.1,0.12,0.02,50.8,13.26,-0.01,74.6,471.4,9.75
23.63,CARRY,5.01,-0.02,-9.58,6.42,-0.01,1,0,321.0,233.5,6.6,0.13,0.02,50.2,13.26,-0.01,74.8,470.9,9.75
23.68,CARRY,5.03,-0.02,-9.58,6.43,-0.01,1,0,321.0,234.0,6.1,0.12,0.02,51.3,13.26,-0.01,75.3,470.7,9.688
23.73,CARRY,5.03,-0.02,-9.58,6.45,-0.01,1,0,321.0,233.5,6.6,0.13,0.02,50.2,13.26,-0.01,75.6,470.2,9.75
23.78,CARRY,5.04,-0.02,-9.58,6.46,-0.01,1,0,321.0,234.0,6.1,0.12,0.02,51.2,13.26,-0.01,76.1,469.9,9.75
23.83,CARRY,5.04,-0.02,-9.58,6.47,-0.01,1,0,321.5,233.5,6.7,0.13,0.03,50.9,13.26,-0.01,76.3,469.4,9.812
23.89,CARRY,5.05,-0.02,-9.58,6.49,-0.01,1,0,321.5,234.0,6.2,0.12,0.03,49.8,13.26,-0.01,76.8,469.1,9.812
23.94,CARRY,5.05,-0.02,-9.58,6.5,-0.01,1,0,321.5,234.0,6.2,0.12,0.03,50.0,13.26,-0.01,77.5,469.1,9.938
23.99,CARRY,5.07,-0.03,-9.58,6.51,-0.01,1,0,321.5,234.5,5.7,0.11,0.03,50.8,13.26,-0.01,78.0,468.9,9.75
24.04,CARRY,5.07,-0.03,-9.58,6.52,-0.01,1,0,321.5,234.0,6.2,0.12,0.03,51.6,13.26,-0.01,78.3,468.4,9.75
24.09,CARRY,5.08,-0.02,-9.58,6.54,-0.01,1,0,321.5,234.0,6.2,0.12,0.03,51.2,13.26,-0.01,78.3,467.6,9.812
24.14,CARRY,5.08,-0.02,-9.58,6.55,-0.01,1,0,321.5,233.5,6.7,0.13,0.03,50.6,13.26,-0.01,78.5,467.1,9.75
24.2,CARRY,5.09,-0.02,-9.58,6.56,-0.01,1,0,321.5,234.0,6.2,0.12,0.03,50.8,13.26,-0.01,79.0,466.9,9.75
24.25,CARRY,5.1,-0.02,-9.58,6.58,-0.01,1,0,321.5,234.5,5.7,0.11,0.03,50.8,13.26,-0.01,79.5,466.6,9.75
24.3,CARRY,5.1,-0.02,-9.58,6.59,-0.01,1,0,321.5,234.5,5.7,0.11,0.03,50.5,13.26,-0.01,80.3,466.6,9.75
24.35,CARRY,5.12,-0.02,-9.58,6.6,-0.01,1,0,321.5,235.0,5.2,0.1,0.03,50.9,13.26,-0.01,80.7,466.4,9.75
24.4,CARRY,5.12,-0.02,-9.58,6.61,-0.01,1,0,321.5,234.5,5.7,0.11,0.03,50.5,13.26,-0.01,81.0,465.9,9.688
24.45,CARRY,5.13,-0.02,-9.58,6.63,-0.01,1,0,321.5,234.5,5.7,0.11,0.03,50.9,13.26,-0.01,81.0,465.1,9.688
24.51,CARRY,5.13,-0.02,-9.58,6.64,-0.01,1,0,321.5,234.0,6.2,0.12,0.03,49.8,13.26,-0.01,81.3,464.6,9.562
24.56,CARRY,5.14,-0.02,-9.58,6.65,-0.01,1,0,321.0,234.5,5.6,0.11,0.02,50.9,13.26,-0.01,81.8,464.5,9.688
24.61,CARRY,5.14,-0.02,-9.58,6.67,-0.01,1,0,321.0,234.0,6.1,0.12,0.02,50.2,13.26,-0.01,82.1,464.0,9.625
24.66,CARRY,5.16,-0.02,-9.58,6.68,-0.01,1,0,321.0,234.5,5.6,0.11,0.02,51.2,13.26,-0.01,82.6,463.8,9.625
24.71,CARRY,5.16,-0.02,-9.58,6.69,-0.01,1,0,321.0,234.0,6.1,0.12,0.02,50.2,13.26,-0.01,82.8,463.3,9.625
24.76,CARRY,5.17,-0.02,-9.58,6.7,-0.01,1,0,321.0,234.0,6.1,0.12,0.02,51.2,13.26,-0.01,82.9,462.5,9.562
24.81,CARRY,5.17,-0.02,-9.58,6.72,-0.01,1,0,321.0,234.0,6.1,0.12,0.02,50.4,13.26,-0.01,83.6,462.5,9.625
24.87,CARRY,5.18,-0.02,-9.58,6.73,-0.01,1,0,321.0,234.5,5.6,0.11,0.02,51.0,13.26,-0.01,84.2,462.3,9.562
24.92,CARRY,5.18,-0.02,-9.58,6.74,-0.01,1,0,321.0,234.0,6.1,0.12,0.02,50.4,13.26,-0.01,84.4,461.9,9.625
24.97,CARRY,5.19,-0.02,-9.58,6.76,-0.01,1,0,321.0,234.5,5.6,0.11,0.02,50.8,13.26,-0.01,84.9,461.6,9.562
25.02,CARRY,5.19,-0.02,-9.58,6.77,-0.01,1,0,321.0,234.0,6.1,0.12,0.02,50.4,13.26,-0.01,85.2,461.1,9.562
25.07,CARRY,5.2,-0.02,-9.58,6.78,-0.01,1,0,320.5,234.5,5.5,0.11,0.01,51.0,13.26,-0.01,85.8,461.0,9.438
25.12,CARRY,5.2,-0.02,-9.58,6.8,-0.01,1,0,320.5,234.0,6.0,0.12,0.01,50.3,13.26,-0.01,86.1,460.5,9.438
25.17,CARRY,5.22,-0.02,-9.58,6.81,-0.01,1,0,320.5,234.0,6.0,0.12,0.01,50.7,13.26,-0.01,86.1,459.8,9.375
25.23,CARRY,5.22,-0.02,-9.58,6.82,-0.01,1,0,320.5,234.0,6.0,0.12,0.01,49.9,13.26,-0.01,86.9,459.8,9.375
25.28,CARRY,5.23,-0.01,-9.58,6.83,-0.01,1,0,320.5,234.0,6.0,0.12,0.01,50.8,13.26,-0.01,86.9,459.2,9.312
25.33,CARRY,5.23,-0.01,-9.58,6.85,-0.01,1,0,320.5,234.0,6.0,0.12,0.01,50.2,13.26,-0.01,87.7,459.2,9.312
25.38,CARRY,5.24,-0.01,-9.58,6.86,-0.01,1,0,320.5,234.0,6.0,0.12,0.01,51.3,13.26,-0.01,87.8,458.5,9.375
25.43,CARRY,5.24,-0.01,-9.58,6.87,-0.01,1,0,320.5,233.5,6.5,0.13,0.01,50.4,13.26,-0.01,88.0,458.0,9.312
25.48,CARRY,5.25,-0.01,-9.58,6.89,-0.01,1,0,320.5,233.5,6.5,0.13,0.01,51.0,13.26,-0.01,88.1,457.3,9.375
25.54,CARRY,5.25,-0.01,-9.58,6.9,-0.01,1,0,320.5,233.0,7.0,0.14,0.01,50.2,13.26,-0.01,88.4,456.8,9.438
25.59,CARRY,5.26,-0.01,-9.58,6.91,-0.01,1,0,320.5,234.0,6.0,0.12,0.01,50.8,13.26,-0.01,89.4,457.2,9.438
25.64,CARRY,5.26,-0.01,-9.58,6.92,-0.01,1,0,321.0,233.5,6.6,0.13,0.02,50.1,13.26,-0.01,89.6,456.6,9.438
25.69,CARRY,5.27,-0.01,-9.58,6.94,-0.01,1,0,321.0,234.0,6.1,0.12,0.02,51.0,13.26,-0.01,90.2,456.4,9.438
25.74,CARRY,5.27,-0.01,-9.58,6.95,-0.01,1,0,320.5,233.5,6.5,0.13,0.01,50.8,13.26,-0.01,90.5,456.0,9.438
25.79,CARRY,5.29,-0.01,-9.58,6.96,-0.01,1,0,320.5,233.5,6.5,0.13,0.01,52.1,13.26,-0.01,90.6,455.3,9.375
25.85,CARRY,5.3,-0.01,-9.58,6.98,-0.01,1,0,320.5,234.0,6.0,0.12,0.01,50.7,13.26,-0.01,91.2,455.1,9.25
25.9,CARRY,5.3,-0.01,-9.58,6.99,-0.01,1,0,321.0,233.5,6.6,0.13,0.02,47.9,13.26,-0.01,91.3,454.6,9.25
25.95,CARRY,5.31,-0.01,-9.58,7.0,-0.01,1,0,321.0,233.5,6.6,0.13,0.02,53.0,13.26,-0.01,91.4,453.9,9.312
26.0,CARRY,5.31,-0.01,-9.58,7.01,-0.01,1,0,321.0,233.5,6.6,0.13,0.02,51.5,13.26,-0.01,92.1,453.9,9.312
26.05,CARRY,5.32,-0.01,-9.58,7.03,-0.01,1,0,321.0,233.5,6.6,0.13,0.02,51.1,13.26,-0.01,92.2,453.2,9.25
26.11,CARRY,5.32,-0.01,-9.58,7.04,-0.01,1,0,321.0,233.0,7.1,0.14,0.02,48.4,13.26,-0.01,92.5,452.7,9.188
26.16,CARRY,5.33,-0.01,-9.58,7.05,-0.01,1,0,321.0,234.0,6.1,0.12,0.02,48.5,13.26,-0.01,93.5,453.0,9.125
26.21,CARRY,5.33,-0.01,-9.58,7.07,-0.01,1,0,320.5,233.5,6.5,0.13,0.01,49.4,13.26,-0.01,93.7,452.5,9.125
26.26,CARRY,5.35,-0.01,-9.58,7.08,-0.01,1,0,320.5,233.5,6.5,0.13,0.01,48.8,13.26,-0.01,93.8,451.8,9.125
26.31,CARRY,5.35,-0.01,-9.58,7.09,-0.01,1,0,320.5,233.0,7.0,0.14,0.01,47.7,13.26,-0.01,94.0,451.3,9.0
26.36,CARRY,5.36,-0.01,-9.58,7.1,-0.01,1,0,320.5,233.5,6.5,0.13,0.01,50.2,13.26,-0.01,94.5,451.1,9.062
26.41,CARRY,5.36,-0.01,-9.58,7.12,-0.01,1,0,320.5,233.5,6.5,0.13,0.01,48.6,13.26,-0.01,95.2,451.1,9.062
26.46,CARRY,5.37,-0.01,-9.58,7.13,-0.01,1,0,320.5,233.5,6.5,0.13,0.01,48.9,13.26,-0.01,95.2,450.3,9.062
26.51,CARRY,5.37,-0.01,-9.58,7.14,-0.01,1,0,320.5,233.0,7.0,0.14,0.01,49.4,13.26,-0.01,95.4,449.8,9.062
26.56,CARRY,5.39,-0.01,-9.58,7.15,-0.01,1,0,320.5,233.5,6.5,0.13,0.01,50.2,13.26,-0.01,95.9,449.6,9.125
26.61,CARRY,5.39,-0.01,-9.58,7.17,-0.01,1,0,320.5,233.0,7.0,0.14,0.01,48.5,13.26,-0.01,96.1,449.1,9.25
26.66,CARRY,5.4,-0.01,-9.58,7.18,-0.01,1,0,320.5,233.5,6.5,0.13,0.01,48.5,13.26,-0.01,96.6,448.8,9.25
26.71,CARRY,5.4,-0.01,-9.58,7.19,-0.01,1,0,320.5,233.5,6.5,0.13,0.01,50.1,13.26,-0.01,97.3,448.8,9.25
26.76,CARRY,5.41,-0.01,-9.58,7.2,-0.01,1,0,320.5,233.5,6.5,0.13,0.01,50.4,13.26,-0.01,97.2,448.0,9.25
26.81,CARRY,5.41,-0.01,-9.58,7.22,-0.01,1,0,320.5,233.0,7.0,0.14,0.01,49.6,13.26,-0.01,97.5,447.5,9.25
26.86,CARRY,5.43,-0.01,-9.58,7.23,-0.01,1,0,320.0,233.5,6.5,0.13,0.0,50.9,13.26,-0.01,98.0,447.3,9.125
26.91,CARRY,5.43,-0.01,-9.58,7.24,-0.01,1,0,320.0,233.0,7.0,0.14,0.0,50.0,13.26,-0.01,98.3,446.8,9.0
26.96,CARRY,5.44,-0.01,-9.58,7.26,-0.01,1,0,320.5,233.5,6.5,0.13,0.01,50.6,13.26,-0.01,98.6,446.5,8.875
27.02,CARRY,5.44,-0.01,-9.58,7.27,-0.01,1,0,320.5,233.5,6.5,0.13,0.01,50.4,13.26,-0.01,99.4,446.5,8.688
27.07,CARRY,5.45,-0.01,-9.58,7.28,-0.01,1,0,320.5,234.0,6.0,0.12,0.01,51.3,13.26,-0.01,99.9,446.2,8.438
27.12,CARRY,5.45,-0.01,-9.58,7.29,-0.01,1,0,321.0,233.5,6.6,0.13,0.02,50.1,13.26,-0.01,100.1,445.6,8.562
27.17,CARRY,5.47,-0.01,-9.58,7.31,-0.01,1,0,321.0,234.0,6.1,0.12,0.02,50.2,13.26,-0.01,100.5,445.3,8.438
27.22,CARRY,5.47,-0.01,-9.58,7.32,-0.01,1,0,321.0,233.5,6.6,0.13,0.02,50.1,13.26,-0.01,100.7,444.8,8.438
27.27,CARRY,5.48,-0.01,-9.58,7.33,-0.01,1,0,321.0,233.5,6.6,0.13,0.02,50.5,13.26,-0.01,100.7,444.1,8.375
27.32,CARRY,5.48,-0.01,-9.58,7.35,-0.01,1,0,321.0,233.5,6.6,0.13,0.02,50.1,13.26,-0.01,101.5,444.1,8.438
27.37,CARRY,5.49,-0.01,-9.58,7.36,-0.01,1,0,321.0,234.0,6.1,0.12,0.02,50.6,13.26,-0.01,101.9,443.8,8.375
27.43,CARRY,5.49,-0.01,-9.58,7.37,-0.01,1,0,321.0,233.5,6.6,0.13,0.02,49.9,13.26,-0.01,102.2,443.3,8.188
27.48,CARRY,5.51,-0.01,-9.58,7.38,-0.01,1,0,320.5,233.5,6.5,0.13,0.01,50.7,13.26,-0.01,102.2,442.6,8.25
27.53,CARRY,5.51,-0.01,-9.58,7.4,-0.01,1,0,320.5,233.5,6.5,0.13,0.01,49.9,13.26,-0.01,103.0,442.6,8.312
27.58,CARRY,5.52,-0.01,-9.58,7.41,-0.01,1,0,320.5,233.5,6.5,0.13,0.01,51.1,13.26,-0.01,102.9,441.8,8.312
27.63,CARRY,5.52,-0.01,-9.58,7.42,-0.01,1,0,320.5,233.5,6.5,0.13,0.01,49.9,13.26,-0.01,103.7,441.8,8.375
27.68,CARRY,5.53,-0.01,-9.58,7.43,-0.01,1,0,320.5,233.5,6.5,0.13,0.01,50.8,13.26,-0.01,103.7,441.1,8.5
27.73,CARRY,5.53,-0.01,-9.58,7.45,-0.01,1,0,320.5,233.5,6.5,0.13,0.01,49.8,13.26,-0.01,104.4,441.1,8.5
27.78,CARRY,5.54,-0.01,-9.58,7.46,-0.01,1,0,320.5,234.0,6.0,0.12,0.01,50.1,13.26,-0.01,104.9,440.8,8.438
27.84,CARRY,5.54,-0.01,-9.58,7.47,-0.01,1,0,320.5,233.0,7.0,0.14,0.01,49.9,13.26,-0.01,104.7,439.9,8.438
27.89,CARRY,5.56,-0.01,-9.58,7.49,-0.01,1,0,320.5,233.5,6.5,0.13,0.01,50.5,13.26,-0.01,105.1,439.6,8.312
27.94,CARRY,5.56,-0.01,-9.58,7.5,-0.01,1,0,320.5,233.0,7.0,0.14,0.01,50.1,13.26,-0.01,105.4,439.1,8.375
27.99,CARRY,5.57,-0.01,-9.58,7.51,-0.01,1,0,320.0,233.5,6.5,0.13,0.0,50.7,13.26,-0.01,105.9,438.9,8.25
28.04,CARRY,5.57,-0.01,-9.58,7.52,-0.01,1,0,320.0,233.0,7.0,0.14,0.0,51.7,13.26,-0.01,106.2,438.4,8.312
28.09,CARRY,5.58,-0.01,-9.58,7.54,-0.01,1,0,320.0,233.0,7.0,0.14,0.0,51.1,13.26,-0.01,106.2,437.7,8.188
28.14,CARRY,5.6,-0.01,-9.58,7.55,-0.01,1,0,320.0,233.5,6.5,0.13,0.0,50.8,13.26,-0.01,106.7,437.5,8.0
28.2,CARRY,5.6,-0.01,-9.58,7.56,-0.01,1,0,320.5,233.5,6.5,0.13,0.01,49.8,13.26,-0.01,107.4,437.4,8.062
28.25,CARRY,5.61,-0.01,-9.58,7.58,-0.01,1,0,321.0,234.0,6.1,0.12,0.02,50.4,13.26,-0.01,107.8,437.1,7.875
28.3,CARRY,5.61,-0.01,-9.58,7.59,-0.01,1,0,320.5,233.5,6.5,0.13,0.01,50.3,13.26,-0.01,108.2,436.7,7.906
28.35,CARRY,5.62,-0.01,-9.58,7.6,-0.01,1,0,320.5,234.0,6.0,0.12,0.01,50.6,13.26,-0.01,108.6,436.4,7.688
28.4,CARRY,5.62,-0.01,-9.58,7.61,-0.01,1,0,321.0,233.5,6.6,0.13,0.02,50.4,13.26,-0.01,108.8,435.8,7.719
28.45,CARRY,5.63,-0.01,-9.58,7.63,-0.01,1,0,321.0,233.5,6.6,0.13,0.02,50.5,13.26,-0.01,108.8,435.1,7.75
28.5,CARRY,5.63,-0.01,-9.58,7.64,-0.01,1,0,321.0,233.5,6.6,0.13,0.02,50.1,13.26,-0.01,109.6,435.1,7.5
28.56,CARRY,5.65,-0.01,-9.58,7.65,-0.01,1,0,320.5,234.0,6.0,0.12,0.01,50.5,13.26,-0.01,110.1,434.9,7.438
28.61,CARRY,5.65,-0.01,-9.58,7.67,-0.01,1,0,320.0,234.0,6.0,0.12,0.0,49.8,13.26,-0.01,110.9,435.0,7.438
28.66,CARRY,5.66,-0.02,-9.58,7.68,-0.01,1,0,320.5,235.0,5.0,0.1,0.01,50.7,13.26,-0.01,111.8,435.2,7.25
28.71,CARRY,5.66,-0.02,-9.58,7.69,-0.01,1,0,320.5,234.5,5.5,0.11,0.01,49.8,13.26,-0.01,112.1,434.7,7.031
28.76,CARRY,5.67,-0.02,-9.58,7.7,-0.01,1,0,320.5,234.5,5.5,0.11,0.01,51.2,13.26,-0.01,112.1,433.9,7.094
28.81,CARRY,5.67,-0.02,-9.58,7.72,-0.01,1,0,321.0,234.0,6.1,0.12,0.02,50.3,13.26,-0.01,112.3,433.4,6.938
28.86,CARRY,5.68,-0.02,-9.58,7.73,-0.01,1,0,320.5,234.5,5.5,0.11,0.01,50.9,13.26,-0.01,112.8,433.2,6.688
28.91,CARRY,5.68,-0.02,-9.58,7.74,-0.01,1,0,321.0,234.0,6.1,0.12,0.02,50.1,13.26,-0.01,113.0,432.6,6.438
28.97,CARRY,5.7,-0.02,-9.58,7.76,-0.01,1,0,321.0,234.5,5.6,0.11,0.02,50.7,13.26,-0.01,113.5,432.4,6.125
29.02,CARRY,5.7,-0.02,-9.58,7.77,-0.01,1,0,321.0,234.5,5.6,0.11,0.02,50.8,13.26,-0.01,114.3,432.4,6.031
29.07,CARRY,5.71,-0.02,-9.58,7.78,-0.01,1,0,321.0,235.0,5.1,0.1,0.02,50.8,13.26,-0.01,114.9,432.2,5.719
29.12,CARRY,5.71,-0.02,-9.58,7.79,-0.01,1,0,321.0,234.5,5.6,0.11,0.02,50.3,13.26,-0.01,115.1,431.7,5.469
29.17,CARRY,5.72,-0.02,-9.58,7.81,-0.01,1,0,321.0,234.5,5.6,0.11,0.02,50.5,13.26,-0.01,115.2,431.0,5.406
29.22,CARRY,5.72,-0.02,-9.58,7.82,-0.01,1,0,321.0,234.0,6.1,0.12,0.02,50.0,13.26,-0.01,115.4,430.5,5.219
29.27,CARRY,5.73,-0.02,-9.58,7.83,-0.01,1,0,321.0,234.0,6.1,0.12,0.02,50.6,13.26,-0.01,115.5,429.9,4.75
29.33,CARRY,5.73,-0.02,-9.58,7.85,-0.01,1,0,321.0,233.5,6.6,0.13,0.02,49.9,13.26,-0.01,115.7,429.4,3.719
29.38,CARRY,5.74,-0.02,-9.58,7.86,-0.01,1,0,,,,0.225,0.027,50.7,13.26,-0.01,,,-0.371
29.43,CARRY,5.74,-0.02,-9.58,7.87,-0.01,1,0,,,,0.231,0.028,49.9,13.26,-0.01,,,-2.75
29.48,CARRY,5.76,-0.02,-9.58,7.88,-0.01,1,0,,,,0.231,0.028,51.1,13.26,-0.01,,,-3.016
29.53,CARRY,5.76,-0.02,-9.58,7.9,-0.01,1,0,,,,0.238,0.028,49.9,13.26,-0.01,,,-3.172
29.58,CARRY,5.77,-0.02,-9.58,7.91,-0.01,1,0,,,,0.238,0.029,50.9,13.26,-0.01,,,-3.312
29.63,CARRY,5.77,-0.02,-9.58,7.92,-0.01,1,0,,,,0.244,0.029,50.0,13.26,-0.01,,,-3.266
29.68,CARRY,5.78,-0.02,-9.58,7.94,-0.01,1,0,,,,0.244,0.029,50.6,13.26,-0.01,,,-2.875
29.74,CARRY,5.78,-0.02,-9.58,7.95,-0.01,1,0,,,,0.25,0.029,49.8,13.26,-0.01,,,-3.078
29.79,CARRY,5.8,-0.02,-9.58,7.96,-0.01,1,0,,,,0.248,0.029,50.6,13.26,-0.01,,,-2.859
29.84,CARRY,5.8,-0.02,-9.58,7.97,-0.01,1,0,,,,0.254,0.03,50.1,13.26,-0.01,,,-3.125
29.89,CARRY,5.81,-0.02,-9.58,7.99,-0.01,1,0,,,,0.252,0.029,50.5,13.26,-0.01,,,-2.984
29.94,CARRY,5.81,-0.02,-9.58,8.0,-0.01,1,0,,,,0.259,0.03,50.3,13.26,-0.01,,,-3.188
29.99,CARRY,5.83,-0.03,-9.58,8.01,-0.01,1,0,,,,0.255,0.029,50.5,13.26,-0.01,,,-3.516
30.04,CARRY,5.83,-0.03,-9.58,8.02,-0.01,1,1,,,,0.262,0.03,51.6,13.26,-0.01,,,-3.672
30.09,CARRY,5.85,-0.03,-9.58,8.04,-0.01,1,1,,,,0.258,0.029,50.6,13.26,-0.01,,,-3.75
30.15,CARRY,5.87,-0.03,-9.58,8.05,-0.01,1,1,,,,0.254,0.029,51.0,13.26,-0.01,,,-3.375
30.2,CARRY,5.87,-0.03,-9.58,8.06,-0.01,1,1,,,,0.26,0.029,50.0,13.26,-0.01,,,-3.422
30.25,CARRY,5.9,-0.03,-9.58,8.08,-0.01,1,1,,,,0.255,0.029,50.4,13.26,-0.01,,,-3.594
30.3,CARRY,5.9,-0.03,-9.58,8.09,-0.01,1,1,,,,0.261,0.029,50.3,13.26,-0.01,,,-3.5
30.35,CARRY,5.92,-0.03,-9.58,8.1,-0.01,1,1,,,,0.256,0.028,50.6,13.26,-0.01,,,-3.359
30.4,CARRY,5.92,-0.03,-9.58,8.11,-0.01,1,1,,,,0.262,0.029,49.9,13.26,-0.01,,,-3.297
30.45,CARRY,5.94,-0.03,-9.58,8.13,-0.01,1,1,,,,0.256,0.028,50.5,13.26,-0.01,,,-3.062
30.51,CARRY,5.94,-0.03,-9.58,8.14,-0.01,1,1,,,,0.262,0.028,49.8,13.26,-0.01,,,-3.109
30.56,CARRY,5.97,-0.03,-9.58,8.15,-0.01,1,1,,,,0.256,0.028,50.7,13.26,-0.01,,,-3.453
30.61,CARRY,5.97,-0.03,-9.58,8.17,-0.01,1,1,,,,0.263,0.028,49.7,13.26,-0.01,,,-3.453
30.66,CARRY,5.99,-0.03,-9.58,8.18,-0.01,1,1,,,,0.257,0.027,50.9,13.26,-0.01,,,-3.641
30.71,CARRY,5.99,-0.03,-9.58,8.19,-0.01,1,1,,,,0.263,0.027,49.8,13.26,-0.01,,,-3.594
30.76,CARRY,6.02,-0.03,-9.58,8.2,-0.01,1,1,,,,0.257,0.027,50.8,13.26,-0.01,,,-3.938
30.81,CARRY,6.02,-0.03,-9.58,8.22,-0.01,1,1,,,,0.263,0.027,50.5,13.26,-0.01,,,-3.859
30.86,CARRY,6.04,-0.03,-9.58,8.23,-0.01,1,1,,,,0.257,0.026,49.9,13.26,-0.01,,,-3.641
30.91,CARRY,6.04,-0.03,-9.58,8.24,-0.01,1,1,,,,0.263,0.027,48.5,13.26,-0.01,,,-3.594
30.96,CARRY,6.07,-0.03,-9.58,8.26,-0.01,1,1,,,,0.256,0.026,48.2,13.26,-0.01,,,-3.25
31.01,CARRY,6.07,-0.03,-9.58,8.27,-0.01,1,1,,,,0.262,0.026,51.3,13.26,-0.01,,,-3.281
31.07,CARRY,6.09,-0.03,-9.58,8.28,-0.01,1,1,,,,0.256,0.025,50.3,13.26,-0.01,,,-3.328
31.12,CARRY,6.09,-0.03,-9.58,8.29,-0.01,1,1,,,,0.262,0.026,49.0,13.26,-0.01,,,-3.391
31.17,CARRY,6.12,-0.03,-9.58,8.31,-0.01,1,1,,,,0.256,0.025,50.5,13.26,-0.01,,,-3.234
31.22,CARRY,6.12,-0.03,-9.58,8.32,-0.01,1,1,,,,0.262,0.026,49.6,13.26,-0.01,,,-3.234
31.27,CARRY,6.14,-0.03,-9.58,8.33,-0.01,1,1,,,,0.255,0.025,50.5,13.26,-0.01,,,-3.781
31.32,CARRY,6.14,-0.03,-9.58,8.34,-0.01,1,1,,,,0.262,0.025,49.9,13.26,-0.01,,,-3.75
31.37,CARRY,6.17,-0.03,-9.58,8.36,-0.01,1,1,,,,0.255,0.024,48.4,13.26,-0.01,,,-4.094
31.42,CARRY,6.17,-0.03,-9.58,8.37,-0.01,1,1,,,,0.261,0.025,48.5,13.26,-0.01,,,-4.0
31.47,CARRY,6.19,-0.03,-9.58,8.38,-0.01,1,1,,,,0.255,0.024,51.1,13.26,-0.01,,,-3.75
31.52,CARRY,6.19,-0.03,-9.58,8.4,-0.01,1,1,,,,0.261,0.024,49.0,13.26,-0.01,,,-3.766
31.57,CARRY,6.22,-0.03,-9.58,8.41,-0.01,1,1,,,,0.254,0.024,48.8,13.26,-0.01,,,-3.797
31.62,CARRY,6.22,-0.03,-9.58,8.42,-0.01,1,1,,,,0.26,0.024,48.2,13.26,-0.01,,,-3.797
31.67,CARRY,6.25,-0.03,-9.58,8.43,-0.01,1,1,,,,0.253,0.023,49.4,13.26,-0.01,,,-3.828
31.72,CARRY,6.25,-0.03,-9.58,8.45,-0.01,1,1,,,,0.259,0.024,48.3,13.26,-0.01,,,-3.859
31.77,CARRY,6.27,-0.03,-9.58,8.46,-0.01,1,1,,,,0.253,0.023,47.6,13.26,-0.01,,,-4.031
31.82,CARRY,6.27,-0.03,-9.58,8.47,-0.01,1,1,,,,0.259,0.023,49.5,13.26,-0.01,,,-4.0
31.87,CARRY,6.3,-0.03,-9.58,8.48,-0.01,1,1,,,,0.252,0.022,51.1,13.26,-0.01,,,-3.891
31.93,CARRY,6.3,-0.03,-9.58,8.5,-0.01,1,1,,,,0.258,0.023,47.6,13.26,-0.01,,,-3.891
31.98,CARRY,6.32,-0.03,-9.58,8.51,-0.01,1,1,,,,0.252,0.022,51.7,13.26,-0.01,,,-3.516
32.03,CARRY,6.32,-0.03,-9.58,8.52,-0.01,1,1,,,,0.258,0.022,51.1,13.26,-0.01,,,-3.688
32.08,CARRY,6.35,-0.04,-9.58,8.53,-0.01,1,1,,,,0.252,0.021,53.6,13.26,-0.01,,,-3.672
32.14,CARRY,6.35,-0.04,-9.58,8.55,-0.01,1,1,,,,0.258,0.022,48.5,13.26,-0.01,,,-3.719
32.19,CARRY,6.37,-0.04,-9.58,8.56,-0.01,1,1,,,,0.251,0.021,48.7,13.26,-0.01,,,-3.656
32.24,CARRY,6.37,-0.04,-9.58,8.57,-0.01,1,1,,,,0.257,0.022,49.3,13.26,-0.01,,,-3.703
32.29,CARRY,6.4,-0.04,-9.58,8.59,-0.01,1,1,,,,0.251,0.021,48.6,13.26,-0.01,,,-3.922
32.34,REGROUND,6.4,-0.04,-9.58,8.6,-0.01,1,1,,,,-2.082,-0.275,52.5,13.26,-0.01,,,-3.891
32.39,REGROUND,6.43,-0.04,-9.58,8.61,-0.01,1,1,,,,-2.089,-0.28,4.6,13.26,-0.01,,,
32.44,REGROUND,6.43,-0.04,-9.58,8.62,-0.01,1,1,,,,-2.091,-0.28,1.7,13.26,-0.01,,,
32.49,REGROUND,6.45,-0.04,-9.58,8.64,-0.01,1,1,,,,-2.096,-0.281,2.4,13.26,-0.01,,,
32.54,REGROUND,6.45,-0.04,-9.58,8.65,-0.01,1,1,,,,-2.099,-0.282,2.0,13.26,-0.01,,,
32.59,REGROUND,6.48,-0.04,-9.58,8.66,-0.01,1,1,,,,-2.103,-0.275,2.6,13.26,-0.01,,,
32.64,REGROUND,6.48,-0.04,-9.58,8.67,-0.01,1,1,,,,-2.106,-0.276,2.0,13.26,-0.01,,,
32.69,REGROUND,6.5,-0.04,-9.58,8.69,-0.01,1,1,,,,-2.108,-0.281,2.6,13.26,-0.01,,,
32.74,REGROUND,6.5,-0.04,-9.58,8.7,-0.01,1,1,,,,-2.118,-0.283,1.9,13.26,-0.01,,,
32.79,REGROUND,6.51,-0.04,-9.58,8.71,-0.01,1,1,,,,-2.135,-0.286,2.5,13.26,-0.01,,,
32.84,REGROUND,6.51,-0.04,-9.58,8.72,-0.01,1,1,,,,-2.145,-0.288,1.8,13.26,-0.01,,,
32.89,REGROUND,6.52,-0.04,-9.58,8.74,-0.01,1,1,,,,-2.155,-0.292,2.7,13.26,-0.01,,,
32.94,REGROUND,6.52,-0.04,-9.58,8.75,-0.01,1,1,,,,-2.165,-0.293,1.7,13.26,-0.01,,,
32.99,REGROUND,6.5,-0.04,-9.58,8.76,-0.01,1,1,,,,-2.167,-0.296,2.4,13.26,-0.01,,,
33.04,REGROUND,6.5,-0.04,-9.58,8.77,-0.01,1,1,,,,-2.177,-0.298,1.8,13.26,-0.01,,,
33.09,REGROUND,6.46,-0.04,-9.58,8.79,-0.01,1,1,,,,-2.167,-0.3,2.4,13.26,-0.01,,,
33.14,REGROUND,6.46,-0.04,-9.58,8.8,-0.01,1,1,,,,-2.177,-0.301,1.8,13.26,-0.01,,,
33.19,REGROUND,6.4,-0.04,-9.57,8.81,-0.01,1,1,,,,-2.155,-0.299,2.3,13.26,-0.01,,,
33.24,REGROUND,6.4,-0.04,-9.57,8.82,-0.01,1,1,,,,-2.165,-0.301,2.1,13.26,-0.01,,,
33.29,REGROUND,6.3,-0.04,-9.57,8.84,-0.01,1,1,,,,-2.13,-0.295,2.4,13.26,-0.01,,,
33.34,REGROUND,6.3,-0.04,-9.57,8.85,-0.01,1,1,,,,-2.14,-0.297,1.9,13.26,-0.01,,,
33.39,REGROUND,6.19,-0.04,-9.57,8.86,-0.01,1,1,,,,-2.093,-0.288,2.4,13.26,-0.01,,,
33.44,REGROUND,6.05,-0.04,-9.58,8.87,-0.01,1,1,,,,-2.035,-0.278,2.3,13.26,-0.01,,,
33.49,REGROUND,6.05,-0.04,-9.58,8.89,-0.01,1,1,,,,-2.044,-0.28,1.9,13.26,-0.01,,,
33.54,REGROUND,6.05,-0.04,-9.58,8.9,-0.01,1,1,,,,-2.054,-0.281,1.8,13.26,-0.01,,,
33.59,REGROUND,5.9,-0.04,-9.58,8.91,-0.01,1,1,,,,-1.989,-0.271,2.5,13.26,-0.01,,,
33.64,REGROUND,5.9,-0.04,-9.58,8.92,-0.01,1,1,,,,-1.999,-0.273,2.0,13.26,-0.01,,,
33.69,REGROUND,5.73,-0.04,-9.58,8.94,-0.01,1,1,,,,-1.926,-0.263,2.5,13.26,-0.01,,,
33.74,REGROUND,5.73,-0.04,-9.58,8.95,-0.01,1,1,,,,-1.936,-0.264,1.8,13.26,-0.01,,,
33.79,REGROUND,5.56,-0.04,-9.58,8.96,-0.01,1,1,,,,-1.859,-0.255,2.4,13.26,-0.01,,,
33.84,REGROUND,5.56,-0.04,-9.58,8.97,-0.01,1,1,,,,-1.869,-0.256,1.8,13.26,-0.01,,,
33.89,REGROUND,5.37,-0.04,-9.58,8.99,-0.01,1,1,,,,-1.789,-0.247,2.4,13.26,-0.01,,,
33.94,REGROUND,5.37,-0.04,-9.58,9.0,-0.01,1,1,,,,-1.799,-0.248,1.8,13.26,-0.01,,,
33.99,REGROUND,5.19,-0.04,-9.58,9.01,-0.01,1,1,,,,-1.718,-0.238,2.4,13.26,-0.01,,,
34.04,REGROUND,5.01,-0.05,-9.58,9.02,-0.01,1,1,,,,-1.636,-0.228,2.5,13.26,-0.01,,,
34.09,REGROUND,5.01,-0.05,-9.58,9.04,-0.01,1,1,,,,-1.646,-0.23,1.9,13.26,-0.01,,,
34.14,REGROUND,4.82,-0.05,-9.58,9.05,-0.01,1,1,,,,-1.565,-0.219,2.6,13.26,-0.01,,,
34.19,REGROUND,4.82,-0.05,-9.58,9.06,-0.01,1,1,,,,-1.575,-0.221,1.8,13.26,-0.01,,,
34.24,REGROUND,4.82,-0.05,-9.58,9.07,-0.01,1,1,,,,-1.585,-0.223,1.8,13.26,-0.01,,,
34.29,REGROUND,4.64,-0.05,-9.58,9.09,-0.01,1,1,,,,-1.505,-0.212,2.5,13.26,-0.01,,,
34.34,REGROUND,4.64,-0.05,-9.58,9.1,-0.01,1,1,,,,-1.515,-0.214,1.8,13.26,-0.01,,,
34.39,REGROUND,4.46,-0.05,-9.58,9.11,-0.01,1,1,,,,-1.436,-0.203,2.5,13.26,-0.01,,,
34.44,REGROUND,4.46,-0.05,-9.58,9.12,-0.01,1,1,,,,-1.446,-0.205,1.9,13.26,-0.01,,,
34.49,REGROUND,4.29,-0.05,-9.58,9.14,-0.01,1,1,,,,-1.369,-0.195,2.4,13.26,-0.01,,,
34.54,REGROUND,4.29,-0.05,-9.58,9.15,-0.01,1,1,,,,-1.379,-0.196,1.9,13.26,-0.01,,,
34.59,REGROUND,4.11,-0.05,-9.58,9.16,-0.01,1,1,,,,-1.304,-0.186,2.4,13.26,-0.01,,,
34.64,REGROUND,3.95,-0.05,-9.58,9.18,-0.01,1,1,,,,-1.232,-0.176,2.4,13.26,-0.01,,,
34.69,REGROUND,3.95,-0.05,-9.58,9.19,-0.01,1,1,,,,-1.242,-0.178,1.9,13.26,-0.01,,,
34.74,REGROUND,3.79,-0.05,-9.58,9.2,-0.01,1,1,,,,-1.173,-0.169,5.2,13.26,-0.01,,,
34.79,REGROUND,3.79,-0.05,-9.58,9.21,-0.01,1,1,,,,-1.183,-0.17,1.9,13.26,-0.01,,,
34.84,REGROUND,3.79,-0.05,-9.58,9.23,-0.01,1,1,,,,-1.192,-0.172,1.8,13.26,-0.01,,,
34.89,REGROUND,3.63,-0.05,-9.58,9.24,-0.01,1,1,,,,-1.126,-0.163,2.6,13.26,-0.01,,,
34.94,REGROUND,3.63,-0.05,-9.58,9.25,-0.01,1,1,,,,-1.135,-0.164,1.8,13.26,-0.01,,,
34.99,REGROUND,3.48,-0.06,-9.58,9.26,-0.01,1,1,,,,-1.071,-0.155,2.5,13.26,-0.01,,,
35.04,REGROUND,3.48,-0.06,-9.58,9.28,-0.01,1,0,,,,-1.081,-0.157,1.8,13.26,-0.01,,,
35.09,REGROUND,3.34,-0.06,-9.58,9.29,-0.01,1,0,,,,-1.02,-0.148,2.5,13.26,-0.01,,,
35.14,REGROUND,3.2,-0.06,-9.58,9.3,-0.01,1,0,,,,-0.96,-0.14,2.5,13.26,-0.01,,,
35.19,REGROUND,3.2,-0.06,-9.58,9.31,-0.01,1,0,,,,-0.97,-0.142,1.8,13.26,-0.01,,,
35.24,REGROUND,3.07,-0.06,-9.58,9.33,-0.01,0,0,,,,-0.914,-0.134,2.3,13.26,-0.01,,,
35.29,REGROUND,3.07,-0.06,-9.58,9.34,-0.01,0,0,,,,-0.924,-0.135,1.8,13.26,-0.01,,,
35.34,REGROUND,2.94,-0.07,-9.58,9.35,-0.01,0,0,,,,-0.871,-0.127,2.3,13.26,-0.01,,,
35.39,REGROUND,2.94,-0.07,-9.58,9.36,-0.01,0,0,,,,-0.881,-0.129,1.9,13.26,-0.01,,,
35.44,REGROUND,2.82,-0.07,-9.57,9.38,-0.01,0,0,,,,-0.83,-0.122,2.3,13.26,-0.01,,,
35.49,REGROUND,2.82,-0.07,-9.57,9.39,-0.01,0,0,,,,-0.84,-0.123,1.8,13.26,-0.01,,,
35.54,REGROUND,2.82,-0.07,-9.57,9.4,-0.01,0,0,,,,-0.85,-0.125,1.9,13.26,-0.01,,,
35.59,REGROUND,2.7,-0.07,-9.57,9.41,-0.01,0,0,,,,-0.802,-0.118,2.5,13.26,-0.01,,,
35.64,REGROUND,2.7,-0.07,-9.57,9.43,-0.01,0,0,,,,-0.812,-0.119,1.8,13.26,-0.01,,,
35.69,REGROUND,2.59,-0.08,-9.57,9.44,-0.01,0,0,,,,-0.767,-0.113,2.5,13.26,-0.01,,,
35.74,REGROUND,2.48,-0.08,-9.57,9.45,-0.01,0,0,,,,-0.724,-0.106,2.4,13.26,-0.01,,,
35.79,REGROUND,2.48,-0.08,-9.57,9.46,-0.01,0,0,,,,-0.734,-0.108,1.8,13.26,-0.01,,,
35.85,REGROUND,2.38,-0.08,-9.57,9.48,-0.01,0,0,,,,-0.693,-0.101,2.4,13.26,-0.01,,,
35.9,REGROUND,2.38,-0.08,-9.57,9.49,-0.01,0,0,,,,-0.703,-0.103,1.9,13.26,-0.01,,,
35.95,REGROUND,2.28,-0.09,-9.58,9.5,-0.01,0,0,,,,-0.664,-0.097,2.4,13.26,-0.01,,,
36.0,REGROUND,2.28,-0.09,-9.58,9.51,-0.01,0,0,,,,-0.674,-0.098,1.8,13.26,-0.01,,,
36.05,REGROUND,2.19,-0.09,-9.58,9.53,-0.01,0,0,,,,-0.638,-0.093,2.3,13.26,-0.01,,,
36.1,REGROUND,2.19,-0.09,-9.58,9.54,-0.01,0,0,,,,-0.647,-0.094,1.7,13.26,-0.01,,,
36.15,REGROUND,2.09,-0.09,-9.58,9.55,-0.01,0,0,,,,-0.613,-0.089,2.3,13.26,-0.01,,,
36.2,REGROUND,2.09,-0.09,-9.58,9.56,-0.01,0,0,,,,-0.623,-0.09,1.9,13.26,-0.01,,,
36.25,REGROUND,2.09,-0.09,-9.58,9.58,-0.01,0,0,,,,-0.633,-0.092,1.8,13.26,-0.01,,,
36.3,REGROUND,2.01,-0.1,-9.58,9.59,-0.01,0,0,,,,-0.6,-0.087,2.5,13.26,-0.01,,,
36.35,REGROUND,1.93,-0.1,-9.58,9.6,-0.01,0,0,,,,-0.569,-0.082,2.5,13.26,-0.01,,,
36.4,REGROUND,1.93,-0.1,-9.58,9.61,-0.01,0,0,,,,-0.579,-0.083,1.8,13.26,-0.01,,,
36.45,REGROUND,1.85,-0.1,-9.58,9.63,-0.01,0,0,,,,-0.549,-0.079,2.2,13.26,-0.01,,,
36.5,REGROUND,1.85,-0.1,-9.58,9.64,-0.01,0,0,,,,-0.559,-0.08,1.9,13.26,-0.01,,,
36.55,REGROUND,1.77,-0.1,-9.58,9.65,-0.01,0,0,,,,-0.531,-0.076,2.5,13.26,-0.01,,,
36.6,REGROUND,1.77,-0.1,-9.58,9.66,-0.01,0,0,,,,-0.541,-0.077,1.8,13.26,-0.01,,,
36.65,REGROUND,1.69,-0.11,-9.58,9.68,-0.01,0,0,,,,-0.515,-0.073,2.3,13.26,-0.01,,,
36.7,REGROUND,1.69,-0.11,-9.58,9.69,-0.01,0,0,,,,-0.525,-0.075,1.8,13.26,-0.01,,,
36.75,REGROUND,1.62,-0.11,-9.58,9.7,-0.01,0,0,,,,-0.5,-0.071,2.3,13.26,-0.01,,,
36.8,REGROUND,1.62,-0.11,-9.58,9.71,-0.01,0,0,,,,-0.51,-0.072,1.7,13.26,-0.01,,,
36.85,REGROUND,1.56,-0.11,-9.58,9.73,-0.01,0,0,,,,-0.487,-0.069,2.5,13.26,-0.01,,,
36.9,REGROUND,1.56,-0.11,-9.58,9.74,-0.01,0,0,,,,-0.496,-0.07,1.9,13.26,-0.01,,,
36.95,REGROUND,1.49,-0.11,-9.58,9.75,-0.01,0,0,,,,-0.474,-0.067,2.3,13.26,-0.01,,,
37.0,REGROUND,1.49,-0.11,-9.58,9.76,-0.01,0,0,,,,-0.484,-0.068,1.8,13.26,-0.01,,,
37.05,REGROUND,1.43,-0.11,-9.58,9.78,-0.01,0,0,,,,-0.463,-0.065,2.4,13.26,-0.01,,,
37.1,REGROUND,1.43,-0.11,-9.58,9.79,-0.01,0,0,,,,-0.473,-0.067,5.1,13.26,-0.01,,,
37.15,REGROUND,1.37,-0.12,-9.58,9.8,-0.01,0,0,,,,-0.453,-0.064,2.8,13.26,-0.01,,,
37.2,REGROUND,1.37,-0.12,-9.58,9.81,-0.01,0,0,,,,-0.463,-0.065,1.9,13.26,-0.01,,,
37.25,REGROUND,1.31,-0.12,-9.58,9.83,-0.01,0,0,,,,-0.444,-0.063,2.5,13.26,-0.01,,,
37.3,REGROUND,1.31,-0.12,-9.58,9.84,-0.01,0,0,,,,-0.454,-0.064,1.8,13.26,-0.01,,,
37.35,REGROUND,1.25,-0.12,-9.58,9.85,-0.01,0,0,,,,-0.436,-0.062,2.4,13.26,-0.01,,,
37.4,REGROUND,1.25,-0.12,-9.58,9.86,-0.01,0,0,,,,-0.446,-0.063,1.8,13.26,-0.01,,,
37.45,REGROUND,1.2,-0.12,-9.58,9.88,-0.01,0,0,,,,-0.429,-0.061,2.2,13.26,-0.01,,,
37.5,REGROUND,1.2,-0.12,-9.58,9.89,-0.01,0,0,,,,-0.439,-0.063,1.8,13.26,-0.01,,,
37.55,REGROUND,1.15,-0.12,-9.58,9.9,-0.01,0,0,,,,-0.423,-0.06,2.5,13.26,-0.01,,,
37.6,REGROUND,1.15,-0.12,-9.58,9.91,-0.01,0,0,,,,-0.433,-0.062,1.9,13.26,-0.01,,,
37.65,REGROUND,1.1,-0.12,-9.58,9.93,-0.01,0,0,,,,-0.418,-0.06,2.5,13.26,-0.01,,,
37.7,REGROUND,1.1,-0.12,-9.58,9.94,-0.01,0,0,,,,-0.428,-0.062,1.8,13.26,-0.01,,,
37.75,REGROUND,1.05,-0.12,-9.58,9.95,-0.01,0,0,,,,-0.413,-0.06,2.5,13.26,-0.01,,,
37.8,REGROUND,1.05,-0.12,-9.58,9.96,-0.01,0,0,,,,-0.423,-0.062,1.8,13.26,-0.01,,,
37.85,REGROUND,1.0,-0.12,-9.58,9.98,-0.01,0,0,,,,-0.409,-0.06,2.4,13.26,-0.01,,,
37.9,REGROUND,1.0,-0.12,-9.58,9.99,-0.01,0,0,,,,-0.419,-0.062,1.7,13.26,-0.01,,,
37.95,REGROUND,0.95,-0.12,-9.58,10.0,-0.01,0,0,,,,-0.406,-0.061,2.5,13.26,-0.01,,,
38.0,REGROUND,0.95,-0.12,-9.58,10.01,-0.01,0,0,,,,-0.416,-0.062,1.8,13.26,-0.01,,,
38.05,REGROUND,0.91,-0.12,-9.58,10.03,-0.01,0,0,,,,-0.404,-0.061,2.3,13.26,-0.01,,,
38.1,REGROUND,0.91,-0.12,-9.58,10.04,-0.01,0,0,,,,-0.413,-0.063,1.8,13.26,-0.01,,,
38.15,REGROUND,0.86,-0.12,-9.58,10.05,-0.01,0,0,,,,-0.401,-0.061,2.3,13.26,-0.01,,,
38.2,REGROUND,0.86,-0.12,-9.58,10.06,-0.01,0,0,,,,-0.411,-0.063,1.8,13.26,-0.01,,,
38.25,REGROUND,0.82,-0.12,-9.58,10.08,-0.01,0,0,,,,-0.399,-0.062,2.4,13.26,-0.01,,,
38.3,REGROUND,0.82,-0.12,-9.58,10.09,-0.01,0,0,,,,-0.409,-0.064,1.9,13.26,-0.01,,,
38.35,REGROUND,0.78,-0.12,-9.58,10.1,-0.01,0,0,,,,-0.398,-0.062,2.5,13.26,-0.01,,,
38.4,REGROUND,0.78,-0.12,-9.58,10.11,-0.01,0,0,,,,-0.408,-0.064,1.9,13.26,-0.01,,,
38.45,REGROUND,0.73,-0.12,-9.58,10.13,-0.01,0,0,,,,-0.396,-0.063,2.5,13.26,-0.01,,,
38.5,REGROUND,0.73,-0.12,-9.58,10.14,-0.01,0,0,,,,-0.406,-0.065,1.8,13.26,-0.01,,,
38.55,REGROUND,0.69,-0.12,-9.58,10.15,-0.01,0,0,,,,-0.396,-0.064,2.5,13.26,-0.01,,,
38.6,REGROUND,0.69,-0.12,-9.58,10.16,-0.01,0,0,,,,-0.406,-0.065,1.7,13.26,-0.01,,,
38.65,REGROUND,0.65,-0.12,-9.58,10.18,-0.01,0,0,,,,-0.395,-0.064,2.4,13.26,-0.01,,,
38.7,REGROUND,0.65,-0.12,-9.58,10.19,-0.01,0,0,,,,-0.405,-0.066,1.7,13.26,-0.01,,,
38.75,REGROUND,0.61,-0.12,-9.58,10.2,-0.01,0,0,,,,-0.395,-0.065,2.4,13.26,-0.01,,,
38.8,REGROUND,0.61,-0.12,-9.58,10.21,-0.01,0,0,,,,-0.405,-0.066,1.8,13.26,-0.01,,,
38.85,REGROUND,0.57,-0.12,-9.58,10.23,-0.01,0,0,,,,-0.395,-0.065,2.2,13.26,-0.01,,,
38.9,REGROUND,0.57,-0.12,-9.58,10.24,-0.01,0,0,,,,-0.405,-0.067,1.8,13.26,-0.01,,,
38.95,REGROUND,0.53,-0.12,-9.58,10.25,-0.01,0,0,,,,-0.395,-0.065,2.5,13.26,-0.01,,,
39.0,REGROUND,0.53,-0.12,-9.58,10.26,-0.01,0,0,,,,-0.405,-0.067,1.9,13.26,-0.01,,,
39.05,REGROUND,0.49,-0.12,-9.58,10.28,-0.01,0,0,,,,-0.396,-0.066,2.5,13.26,-0.01,,,
39.1,REGROUND,0.49,-0.12,-9.58,10.29,-0.01,0,0,,,,-0.406,-0.067,1.9,13.26,-0.01,,,
39.15,REGROUND,0.45,-0.13,-9.58,10.3,-0.01,0,0,,,,-0.396,-0.066,2.5,13.26,-0.01,,,
39.2,REGROUND,0.45,-0.13,-9.58,10.31,-0.01,0,0,,,,-0.406,-0.067,1.8,13.26,-0.01,,,
39.25,REGROUND,0.41,-0.13,-9.58,10.33,-0.01,0,0,,,,-0.396,-0.066,2.4,13.26,-0.01,,,
39.3,REGROUND,0.41,-0.13,-9.58,10.34,-0.01,0,0,,,,-0.406,-0.068,1.8,13.26,-0.01,,,
39.35,REGROUND,0.37,-0.13,-9.58,10.35,-0.01,0,0,,,,-0.397,-0.066,2.5,13.26,-0.01,,,
39.4,REGROUND,0.37,-0.13,-9.58,10.36,-0.01,0,0,,,,-0.407,-0.068,1.9,13.26,-0.01,,,
39.45,REGROUND,0.33,-0.13,-9.58,10.38,-0.01,0,0,,,,-0.397,-0.066,5.5,13.26,-0.01,,,
39.5,REGROUND,0.33,-0.13,-9.58,10.39,-0.01,0,0,,,,-0.407,-0.068,1.8,13.26,-0.01,,,
39.55,REGROUND,0.29,-0.13,-9.58,10.4,-0.01,0,0,,,,-0.398,-0.066,2.3,13.26,-0.01,,,
39.6,REGROUND,0.29,-0.13,-9.58,10.41,-0.01,0,0,,,,-0.408,-0.068,1.8,13.26,-0.01,,,
39.65,REGROUND,0.25,-0.13,-9.58,10.43,-0.01,0,0,,,,-0.398,-0.067,2.5,13.26,-0.01,,,
39.7,REGROUND,0.25,-0.13,-9.58,10.44,-0.01,0,0,,,,-0.408,-0.068,1.9,13.26,-0.01,,,
39.75,REGROUND,0.22,-0.13,-9.58,10.45,-0.01,0,0,,,,-0.399,-0.067,2.6,13.26,-0.01,,,
39.8,REGROUND,0.22,-0.13,-9.58,10.46,-0.01,0,0,,,,-0.409,-0.069,1.8,13.26,-0.01,,,
39.85,REGROUND,0.18,-0.13,-9.58,10.48,-0.01,0,0,,,,-0.399,-0.067,2.5,13.26,-0.01,,,
39.9,REGROUND,0.18,-0.13,-9.58,10.49,-0.01,0,0,,,,-0.409,-0.069,2.3,13.26,-0.01,,,
39.95,REGROUND,0.14,-0.14,-9.58,10.5,-0.01,0,0,,,,-0.4,-0.067,2.8,13.26,-0.01,,,
40.0,REGROUND,0.14,-0.14,-9.58,10.51,-0.01,0,0,,,,-0.41,-0.069,1.9,13.26,-0.01,,,
40.05,REGROUND,0.1,-0.14,-9.58,10.53,-0.01,0,0,,,,-0.4,-0.067,2.4,13.26,-0.01,,,
40.1,REGROUND,0.1,-0.14,-9.58,10.54,-0.01,0,0,,,,-0.41,-0.069,1.8,13.26,-0.01,,,
40.15,REGROUND,0.06,-0.14,-9.58,10.55,-0.01,0,0,,,,-0.4,-0.067,2.4,13.26,-0.01,,,
40.2,REGROUND,0.06,-0.14,-9.58,10.56,-0.01,0,0,,,,-0.41,-0.069,1.8,13.26,-0.01,,,
40.25,REGROUND,0.02,-0.14,-9.58,10.58,-0.01,0,0,,,,-0.401,-0.067,2.3,13.26,-0.01,,,
40.3,REGROUND,0.02,-0.14,-9.58,10.59,-0.01,0,0,,,,-0.411,-0.069,1.8,13.26,-0.01,,,
40.35,REGROUND,-0.02,-0.14,-9.58,10.6,-0.01,0,0,,,,-0.401,-0.067,2.4,13.26,-0.01,,,
40.4,REGROUND,-0.02,-0.14,-9.58,10.61,-0.01,0,0,,,,-0.411,-0.069,1.9,13.26,-0.01,,,
40.45,REGROUND,-0.06,-0.14,-9.58,10.63,-0.01,0,0,,,,-0.401,-0.067,2.5,13.26,-0.01,,,
40.5,REGROUND,-0.06,-0.14,-9.58,10.64,-0.01,0,0,,,,-0.411,-0.069,1.8,13.26,-0.01,,,
40.55,REGROUND,-0.1,-0.14,-9.58,10.65,-0.01,0,0,,,,-0.402,-0.067,2.5,13.26,-0.01,,,
40.6,REGROUND,-0.1,-0.14,-9.58,10.66,-0.01,0,0,,,,-0.412,-0.069,1.8,13.26,-0.01,,,
40.65,REGROUND,-0.14,-0.15,-9.58,10.68,-0.01,0,0,,,,-0.402,-0.067,2.5,13.26,-0.01,,,
40.7,REGROUND,-0.14,-0.15,-9.58,10.69,-0.01,0,0,,,,-0.412,-0.069,1.8,13.26,-0.01,,,
40.75,REGROUND,-0.18,-0.15,-9.58,10.7,-0.01,0,0,,,,-0.402,-0.067,2.4,13.26,-0.01,,,
40.8,REGROUND,-0.18,-0.15,-9.58,10.71,-0.01,0,0,,,,-0.412,-0.069,1.7,13.26,-0.01,,,
40.85,REGROUND,-0.22,-0.15,-9.58,10.73,-0.01,0,0,,,,-0.402,-0.067,2.4,13.26,-0.01,,,
40.9,REGROUND,-0.22,-0.15,-9.58,10.74,-0.01,0,0,,,,-0.411,-0.068,1.8,13.26,-0.01,,,
40.95,REGROUND,-0.26,-0.15,-9.58,10.75,-0.01,0,0,,,,-0.402,-0.067,2.4,13.26,-0.01,,,
41.0,REGROUND,-0.26,-0.15,-9.58,10.76,-0.01,0,0,,,,-0.412,-0.068,1.8,13.26,-0.01,,,
41.05,REGROUND,-0.3,-0.15,-9.58,10.78,-0.01,0,0,,,,-0.401,-0.067,2.3,13.26,-0.01,,,
41.1,REGROUND,-0.3,-0.15,-9.58,10.79,-0.01,0,0,,,,-0.411,-0.068,1.9,13.26,-0.01,,,
41.15,REGROUND,-0.34,-0.15,-9.58,10.8,-0.01,0,0,,,,-0.401,-0.066,2.5,13.26,-0.01,,,
41.2,REGROUND,-0.34,-0.15,-9.58,10.81,-0.01,0,0,,,,-0.411,-0.068,1.8,13.26,-0.01,,,
41.25,REGROUND,-0.38,-0.16,-9.58,10.83,-0.01,0,0,,,,-0.401,-0.066,2.5,13.26,-0.01,,,
41.3,REGROUND,-0.38,-0.16,-9.58,10.84,-0.01,0,0,,,,-0.411,-0.068,1.8,13.26,-0.01,,,
41.35,REGROUND,-0.42,-0.16,-9.58,10.85,-0.01,0,0,,,,-0.401,-0.066,2.5,13.26,-0.01,,,
41.4,REGROUND,-0.42,-0.16,-9.58,10.86,-0.01,0,0,,,,-0.411,-0.068,1.8,13.26,-0.01,,,
41.45,REGROUND,-0.47,-0.16,-9.58,10.88,-0.01,0,0,,,,-0.401,-0.066,2.2,13.26,-0.01,,,
41.5,REGROUND,-0.47,-0.16,-9.58,10.89,-0.01,0,0,,,,-0.411,-0.067,1.8,13.26,-0.01,,,
41.55,REGROUND,-0.51,-0.16,-9.58,10.9,-0.01,0,0,,,,-0.401,-0.065,2.4,13.26,-0.01,,,
41.6,REGROUND,-0.51,-0.16,-9.58,10.92,-0.01,0,0,,,,-0.411,-0.067,1.8,13.26,-0.01,,,
41.65,REGROUND,-0.55,-0.16,-9.58,10.93,-0.01,0,0,,,,-0.4,-0.065,2.6,13.26,-0.01,,,
41.7,REGROUND,-0.55,-0.16,-9.58,10.94,-0.01,0,0,,,,-0.41,-0.067,1.9,13.26,-0.01,,,
41.75,REGROUND,-0.59,-0.17,-9.58,10.95,-0.01,0,0,,,,-0.4,-0.065,5.8,13.26,-0.01,,,
41.8,REGROUND,-0.59,-0.17,-9.58,10.97,-0.01,0,0,,,,-0.41,-0.067,1.8,13.26,-0.01,,,
41.85,REGROUND,-0.63,-0.17,-9.58,10.98,-0.01,0,0,,,,-0.4,-0.065,2.5,13.26,-0.01,,,
41.9,REGROUND,-0.63,-0.17,-9.58,10.99,-0.01,0,0,,,,-0.41,-0.067,1.8,13.26,-0.01,,,
41.95,REGROUND,-0.67,-0.17,-9.58,11.0,-0.01,0,0,,,,-0.4,-0.065,2.5,13.26,-0.01,,,
42.0,REGROUND,-0.67,-0.17,-9.58,11.02,-0.01,0,0,,,,-0.41,-0.066,1.8,13.26,-0.01,,,
42.05,REGROUND,-0.71,-0.17,-9.58,11.03,-0.01,0,0,,,,-0.399,-0.065,2.5,13.26,-0.01,,,
42.1,REGROUND,-0.71,-0.17,-9.58,11.04,-0.01,0,0,,,,-0.409,-0.066,1.6,13.26,-0.01,,,
42.15,REGROUND,-0.75,-0.17,-9.58,11.05,-0.01,0,0,,,,-0.399,-0.065,2.7,13.26,-0.01,,,
42.2,REGROUND,-0.75,-0.17,-9.58,11.07,-0.01,0,0,,,,-0.409,-0.066,2.3,13.26,-0.01,,,
42.25,REGROUND,-0.79,-0.17,-9.58,11.08,-0.01,0,0,,,,-0.399,-0.065,2.3,13.26,-0.01,,,
42.3,REGROUND,-0.79,-0.17,-9.58,11.09,-0.01,0,0,,,,-0.409,-0.066,1.8,13.26,-0.01,,,
42.35,REGROUND,-0.83,-0.17,-9.58,11.1,-0.01,0,0,,,,-0.399,-0.065,2.2,13.26,-0.01,,,
42.4,REGROUND,-0.83,-0.17,-9.58,11.12,-0.01,0,0,,,,-0.409,-0.066,2.0,13.26,-0.01,,,
42.45,REGROUND,-0.87,-0.18,-9.58,11.13,-0.01,0,0,,,,-0.399,-0.065,2.5,13.26,-0.01,,,
42.5,REGROUND,-0.87,-0.18,-9.58,11.14,-0.01,0,0,,,,-0.409,-0.066,1.8,13.26,-0.01,,,
42.55,REGROUND,-0.91,-0.18,-9.58,11.15,-0.01,0,0,,,,-0.399,-0.065,2.5,13.26,-0.01,,,
42.6,REGROUND,-0.91,-0.18,-9.58,11.17,-0.01,0,0,,,,-0.409,-0.066,1.7,13.26,-0.01,,,
42.65,REGROUND,-0.95,-0.18,-9.58,11.18,-0.01,0,0,,,,-0.398,-0.065,2.5,13.26,-0.01,,,
42.71,REGROUND,-0.95,-0.18,-9.58,11.19,-0.01,0,0,,,,-0.408,-0.066,1.8,13.26,-0.01,,,
42.76,REGROUND,-0.99,-0.18,-9.58,11.2,-0.01,0,0,,,,-0.398,-0.065,2.4,13.26,-0.01,,,
42.81,REGROUND,-0.99,-0.18,-9.58,11.22,-0.01,0,0,,,,-0.408,-0.066,1.8,13.26,-0.01,,,
42.86,REGROUND,-1.04,-0.18,-9.58,11.23,-0.01,0,0,,,,-0.398,-0.065,2.4,13.26,-0.01,,,
42.91,REGROUND,-1.04,-0.18,-9.58,11.24,-0.01,0,0,,,,-0.408,-0.066,1.8,13.26,-0.01,,,
42.96,REGROUND,-1.08,-0.18,-9.58,11.25,-0.01,0,0,,,,-0.398,-0.065,2.2,13.26,-0.01,,,
43.01,REGROUND,-1.08,-0.18,-9.58,11.27,-0.01,0,0,,,,-0.408,-0.066,2.0,13.26,-0.01,,,
43.06,REGROUND,-1.12,-0.18,-9.58,11.28,-0.01,0,0,,,,-0.398,-0.065,2.2,13.26,-0.01,,,
43.11,REGROUND,-1.12,-0.18,-9.58,11.29,-0.01,0,0,,,,-0.408,-0.066,1.9,13.26,-0.01,,,
43.16,REGROUND,-1.16,-0.19,-9.58,11.3,-0.01,0,0,,,,-0.398,-0.065,2.5,13.26,-0.01,,,
43.21,REGROUND,-1.16,-0.19,-9.58,11.32,-0.01,0,0,,,,-0.408,-0.066,1.8,13.26,-0.01,,,
43.26,REGROUND,-1.2,-0.19,-9.58,11.33,-0.01,0,0,,,,-0.397,-0.065,2.5,13.26,-0.01,,,
43.31,REGROUND,-1.2,-0.19,-9.58,11.34,-0.01,0,0,,,,-0.407,-0.066,1.8,13.26,-0.01,,,
43.36,REGROUND,-1.24,-0.19,-9.57,11.35,-0.01,0,0,,,,-0.397,-0.065,2.5,13.26,-0.01,,,
43.41,REGROUND,-1.24,-0.19,-9.57,11.37,-0.01,0,0,,,,-0.407,-0.066,1.8,13.26,-0.01,,,
43.46,REGROUND,-1.28,-0.19,-9.57,11.38,-0.01,0,0,,,,-0.397,-0.065,2.3,13.26,-0.01,,,
43.51,REGROUND,-1.28,-0.19,-9.57,11.39,-0.01,0,0,,,,-0.407,-0.067,1.8,13.26,-0.01,,,
43.56,REGROUND,-1.32,-0.19,-9.57,11.4,-0.01,0,0,,,,-0.396,-0.065,2.3,13.26,-0.01,,,
43.61,REGROUND,-1.32,-0.19,-9.57,11.42,-0.01,0,0,,,,-0.406,-0.066,1.8,13.26,-0.01,,,
43.66,REGROUND,-1.36,-0.19,-9.57,11.43,-0.01,0,0,,,,-0.396,-0.065,2.3,13.26,-0.01,,,
43.71,REGROUND,-1.36,-0.19,-9.57,11.44,-0.01,0,0,,,,-0.406,-0.066,1.8,13.26,-0.01,,,
43.76,REGROUND,-1.4,-0.19,-9.57,11.45,-0.01,0,0,,,,-0.396,-0.065,2.5,13.26,-0.01,,,
43.81,REGROUND,-1.4,-0.19,-9.57,11.47,-0.01,0,0,,,,-0.406,-0.066,1.8,13.26,-0.01,,,
43.86,REGROUND,-1.44,-0.2,-9.57,11.48,-0.01,0,0,,,,-0.396,-0.065,2.6,13.26,-0.01,,,
43.91,REGROUND,-1.44,-0.2,-9.57,11.49,-0.01,0,0,,,,-0.406,-0.066,1.9,13.26,-0.01,,,
43.96,REGROUND,-1.48,-0.2,-9.57,11.5,-0.01,0,0,,,,-0.396,-0.065,2.5,13.26,-0.01,,,
44.01,REGROUND,-1.48,-0.2,-9.57,11.52,-0.01,0,0,,,,-0.405,-0.066,1.8,13.26,-0.01,,,
44.06,REGROUND,-1.52,-0.2,-9.57,11.53,-0.01,0,0,,,,-0.395,-0.065,2.3,13.26,-0.01,,,
44.11,REGROUND,-1.52,-0.2,-9.57,11.54,-0.01,0,0,,,,-0.405,-0.066,5.1,13.26,-0.01,,,
44.16,REGROUND,-1.56,-0.2,-9.57,11.55,-0.01,0,0,,,,-0.395,-0.065,2.3,13.26,-0.01,,,
44.21,REGROUND,-1.56,-0.2,-9.57,11.57,-0.01,0,0,,,,-0.405,-0.066,1.9,13.26,-0.01,,,
44.26,REGROUND,-1.6,-0.2,-9.57,11.58,-0.01,0,0,,,,-0.395,-0.065,2.4,13.26,-0.01,,,
44.31,REGROUND,-1.6,-0.2,-9.57,11.59,-0.01,0,0,,,,-0.405,-0.066,1.8,13.26,-0.01,,,
44.36,REGROUND,-1.65,-0.2,-9.57,11.6,-0.01,0,0,,,,-0.395,-0.064,2.3,13.26,-0.01,,,
44.41,REGROUND,-1.65,-0.2,-9.57,11.62,-0.01,0,0,,,,-0.405,-0.066,1.9,13.26,-0.01,,,
44.46,REGROUND,-1.69,-0.2,-9.57,11.63,-0.01,0,0,,,,-0.395,-0.064,3.0,13.26,-0.01,,,
44.51,REGROUND,-1.69,-0.2,-9.57,11.64,-0.01,0,0,,,,-0.404,-0.066,2.3,13.26,-0.01,,,
44.56,REGROUND,-1.73,-0.21,-9.57,11.65,-0.01,0,0,,,,-0.394,-0.064,2.5,13.26,-0.01,,,
44.61,REGROUND,-1.73,-0.21,-9.57,11.67,-0.01,0,0,,,,-0.404,-0.065,1.8,13.26,-0.01,,,
44.66,REGROUND,-1.77,-0.21,-9.57,11.68,-0.01,0,0,,,,-0.394,-0.064,3.0,13.26,-0.01,,,
44.71,REGROUND,-1.77,-0.21,-9.57,11.69,-0.01,0,0,,,,-0.404,-0.065,2.3,13.26,-0.01,,,
44.76,REGROUND,-1.81,-0.21,-9.57,11.7,-0.01,0,0,,,,-0.394,-0.063,2.4,13.26,-0.01,,,
44.81,REGROUND,-1.81,-0.21,-9.57,11.72,-0.01,0,0,,,,-0.404,-0.065,1.8,13.26,-0.01,,,
44.86,REGROUND,-1.85,-0.21,-9.57,11.73,-0.01,0,0,,,,-0.394,-0.063,2.4,13.26,-0.01,,,
44.91,REGROUND,-1.85,-0.21,-9.57,11.74,-0.01,0,0,,,,-0.404,-0.065,2.0,13.26,-0.01,,,
44.96,REGROUND,-1.89,-0.21,-9.57,11.75,-0.01,0,0,,,,-0.394,-0.063,2.5,13.26,-0.01,,,
45.01,REGROUND,-1.89,-0.21,-9.57,11.77,-0.01,0,0,,,,-0.404,-0.065,1.6,13.26,-0.01,,,
45.06,REGROUND,-1.93,-0.21,-9.57,11.78,-0.01,0,0,,,,-0.393,-0.063,2.3,13.26,-0.01,,,
45.11,REGROUND,-1.93,-0.21,-9.57,11.79,-0.01,0,0,,,,-0.403,-0.065,1.8,13.26,-0.01,,,
45.16,REGROUND,-1.97,-0.22,-9.57,11.8,-0.01,0,0,,,,-0.394,-0.063,2.4,13.26,-0.01,,,
45.21,REGROUND,-1.97,-0.22,-9.57,11.82,-0.01,0,0,,,,-0.404,-0.065,1.8,13.26,-0.01,,,
45.26,REGROUND,-2.01,-0.22,-9.57,11.83,-0.01,0,0,,,,-0.393,-0.063,2.5,13.26,-0.01,,,
45.31,REGROUND,-2.01,-0.22,-9.57,11.84,-0.01,0,0,,,,-0.403,-0.065,1.9,13.26,-0.01,,,
45.36,REGROUND,-2.05,-0.22,-9.57,11.85,-0.01,0,0,,,,-0.393,-0.063,2.5,13.26,-0.01,,,
45.41,REGROUND,-2.05,-0.22,-9.57,11.87,-0.01,0,0,,,,-0.403,-0.065,1.9,13.26,-0.01,,,
45.46,REGROUND,-2.09,-0.22,-9.58,11.88,-0.01,0,0,,,,-0.393,-0.063,2.5,13.26,-0.01,,,
45.51,REGROUND,-2.09,-0.22,-9.58,11.89,-0.01,0,0,,,,-0.403,-0.065,1.8,13.26,-0.01,,,
45.56,REGROUND,-2.13,-0.22,-9.58,11.9,-0.01,0,0,,,,-0.393,-0.063,2.5,13.26,-0.01,,,
45.61,REGROUND,-2.13,-0.22,-9.58,11.92,-0.01,0,0,,,,-0.403,-0.065,1.8,13.26,-0.01,,,
45.66,REGROUND,-2.17,-0.22,-9.58,11.93,-0.01,0,0,,,,-0.393,-0.064,2.4,13.26,-0.01,,,
45.71,REGROUND,-2.17,-0.22,-9.58,11.94,-0.01,0,0,,,,-0.403,-0.065,1.7,13.26,-0.01,,,
45.76,REGROUND,-2.21,-0.22,-9.58,11.95,-0.01,0,0,,,,-0.393,-0.064,2.5,13.26,-0.01,,,
45.81,REGROUND,-2.21,-0.22,-9.58,11.97,-0.01,0,0,,,,-0.403,-0.065,1.8,13.26,-0.01,,,
45.86,REGROUND,-2.25,-0.23,-9.58,11.98,-0.01,0,0,,,,-0.393,-0.064,2.4,13.26,-0.01,,,
45.91,REGROUND,-2.25,-0.23,-9.58,11.99,-0.01,0,0,,,,-0.403,-0.065,1.8,13.26,-0.01,,,
45.96,REGROUND,-2.29,-0.23,-9.58,12.0,-0.01,0,0,,,,-0.393,-0.064,2.3,13.26,-0.01,,,
46.01,REGROUND,-2.29,-0.23,-9.58,12.02,-0.01,0,0,,,,-0.403,-0.065,1.8,13.26,-0.01,,,
46.06,REGROUND,-2.33,-0.23,-9.58,12.03,-0.01,0,0,,,,-0.393,-0.064,2.4,13.26,-0.01,,,
46.11,REGROUND,-2.33,-0.23,-9.58,12.04,-0.01,0,0,,,,-0.403,-0.066,1.9,13.26,-0.01,,,
46.16,REGROUND,-2.37,-0.23,-9.58,12.05,-0.01,0,0,,,,-0.394,-0.064,2.6,13.26,-0.01,,,
46.21,REGROUND,-2.37,-0.23,-9.58,12.07,-0.01,0,0,,,,-0.404,-0.066,1.8,13.26,-0.01,,,
46.26,REGROUND,-2.41,-0.23,-9.58,12.08,-0.01,0,0,,,,-0.394,-0.064,2.5,13.26,-0.01,,,
46.31,REGROUND,-2.41,-0.23,-9.58,12.09,-0.01,0,0,,,,-0.404,-0.066,1.8,13.26,-0.01,,,
46.36,REGROUND,-2.45,-0.23,-9.58,12.1,-0.01,0,0,,,,-0.394,-0.064,2.4,13.26,-0.01,,,
46.41,REGROUND,-2.45,-0.23,-9.58,12.12,-0.01,0,0,,,,-0.404,-0.066,1.8,13.26,-0.01,,,
46.46,REGROUND,-2.49,-0.23,-9.58,12.13,-0.01,0,0,,,,-0.394,-0.064,5.8,13.26,-0.01,,,
46.51,REGROUND,-2.49,-0.23,-9.58,12.14,-0.01,0,0,,,,-0.404,-0.066,2.2,13.26,-0.01,,,
46.56,REGROUND,-2.53,-0.23,-9.58,12.15,-0.01,0,0,,,,-0.394,-0.064,2.9,13.26,-0.01,,,
46.61,REGROUND,-2.53,-0.23,-9.58,12.17,-0.01,0,0,,,,-0.404,-0.066,1.8,13.26,-0.01,,,
46.66,REGROUND,-2.57,-0.24,-9.58,12.18,-0.01,0,0,,,,-0.394,-0.064,2.3,13.26,-0.01,,,
46.71,REGROUND,-2.57,-0.24,-9.58,12.19,-0.01,0,0,,,,-0.404,-0.066,1.8,13.26,-0.01,,,
46.76,REGROUND,-2.61,-0.24,-9.58,12.2,-0.01,0,0,,,,-0.394,-0.064,2.5,13.26,-0.01,,,
46.81,REGROUND,-2.61,-0.24,-9.58,12.22,-0.01,0,0,,,,-0.404,-0.066,1.8,13.26,-0.01,,,
46.86,REGROUND,-2.65,-0.24,-9.58,12.23,-0.01,0,0,,,,-0.394,-0.064,2.5,13.26,-0.01,,,
46.91,REGROUND,-2.65,-0.24,-9.58,12.24,-0.01,0,0,,,,-0.404,-0.065,1.8,13.26,-0.01,,,
46.96,REGROUND,-2.69,-0.24,-9.58,12.25,-0.01,0,0,,,,-0.394,-0.064,2.5,13.26,-0.01,,,
47.01,REGROUND,-2.69,-0.24,-9.58,12.27,-0.01,0,0,,,,-0.404,-0.065,1.9,13.26,-0.01,,,
47.06,REGROUND,-2.73,-0.24,-9.58,12.28,-0.01,0,0,,,,-0.394,-0.063,2.4,13.26,-0.01,,,
47.11,REGROUND,-2.73,-0.24,-9.58,12.29,-0.01,0,0,,,,-0.404,-0.065,1.8,13.26,-0.01,,,
47.16,REGROUND,-2.77,-0.25,-9.58,12.3,-0.01,0,0,,,,-0.394,-0.063,2.3,13.26,-0.01,,,
47.21,REGROUND,-2.77,-0.25,-9.58,12.32,-0.01,0,0,,,,-0.404,-0.065,1.7,13.26,-0.01,,,
47.26,REGROUND,-2.81,-0.25,-9.58,12.33,-0.01,0,0,,,,-0.394,-0.063,2.4,13.26,-0.01,,,
47.31,REGROUND,-2.81,-0.25,-9.58,12.34,-0.01,0,0,,,,-0.404,-0.065,1.8,13.26,-0.01,,,
47.36,REGROUND,-2.86,-0.25,-9.58,12.35,-0.01,0,0,,,,-0.394,-0.063,2.4,13.26,-0.01,,,
47.41,REGROUND,-2.86,-0.25,-9.58,12.37,-0.01,0,0,,,,-0.404,-0.065,1.8,13.26,-0.01,,,
47.46,REGROUND,-2.9,-0.25,-9.58,12.38,-0.01,0,0,,,,-0.394,-0.063,2.2,13.26,-0.01,,,
47.51,REGROUND,-2.9,-0.25,-9.58,12.39,-0.01,0,0,,,,-0.404,-0.065,1.8,13.26,-0.01,,,
47.56,REGROUND,-2.94,-0.25,-9.58,12.4,-0.01,0,0,,,,-0.394,-0.063,2.5,13.26,-0.01,,,
47.61,REGROUND,-2.94,-0.25,-9.58,12.42,-0.01,0,0,,,,-0.403,-0.064,1.8,13.26,-0.01,,,
47.66,REGROUND,-2.98,-0.25,-9.58,12.43,-0.01,0,0,,,,-0.393,-0.063,2.3,13.26,-0.01,,,
47.71,REGROUND,-2.98,-0.25,-9.58,12.44,-0.01,0,0,,,,-0.403,-0.065,1.8,13.26,-0.01,,,
47.76,REGROUND,-3.02,-0.25,-9.58,12.45,-0.01,0,0,,,,-0.393,-0.063,2.4,13.26,-0.01,,,
47.81,REGROUND,-3.02,-0.25,-9.58,12.47,-0.01,0,0,,,,-0.403,-0.064,1.6,13.26,-0.01,,,
47.86,REGROUND,-3.06,-0.26,-9.58,12.48,-0.01,0,0,,,,-0.393,-0.063,2.4,13.26,-0.01,,,
47.91,REGROUND,-3.06,-0.26,-9.58,12.49,-0.01,0,0,,,,-0.403,-0.065,1.6,13.26,-0.01,,,
47.96,REGROUND,-3.1,-0.26,-9.58,12.5,-0.01,0,0,,,,-0.393,-0.063,2.3,13.26,-0.01,,,
48.01,REGROUND,-3.1,-0.26,-9.58,12.52,-0.01,0,0,,,,-0.403,-0.065,1.9,13.26,-0.01,,,
48.06,REGROUND,-3.14,-0.26,-9.58,12.53,-0.01,0,0,,,,-0.393,-0.063,2.3,13.26,-0.01,,,
48.11,REGROUND,-3.14,-0.26,-9.58,12.54,-0.01,0,0,,,,-0.403,-0.065,1.8,13.26,-0.01,,,
48.16,REGROUND,-3.18,-0.26,-9.58,12.55,-0.01,0,0,,,,-0.393,-0.063,2.1,13.26,-0.01,,,
48.21,REGROUND,-3.18,-0.26,-9.58,12.57,-0.01,0,0,,,,-0.403,-0.065,1.8,13.26,-0.01,,,
48.26,REGROUND,-3.22,-0.26,-9.58,12.58,-0.01,0,0,,,,-0.393,-0.064,2.5,13.26,-0.01,,,
48.31,REGROUND,-3.22,-0.26,-9.58,12.59,-0.01,0,0,,,,-0.403,-0.065,1.8,13.26,-0.01,,,
48.36,REGROUND,-3.26,-0.26,-9.58,12.6,-0.01,0,0,,,,-0.393,-0.064,2.5,13.26,-0.01,,,
48.41,REGROUND,-3.26,-0.26,-9.58,12.62,-0.01,0,0,,,,-0.403,-0.066,1.8,13.26,-0.01,,,
48.46,REGROUND,-3.3,-0.26,-9.58,12.63,-0.01,0,0,,,,-0.392,-0.064,2.4,13.26,-0.01,,,
48.51,REGROUND,-3.3,-0.26,-9.58,12.64,-0.01,0,0,,,,-0.402,-0.066,1.6,13.26,-0.01,,,
48.56,REGROUND,-3.34,-0.26,-9.58,12.66,-0.01,0,0,,,,-0.392,-0.064,2.4,13.26,-0.01,,,
48.61,REGROUND,-3.34,-0.26,-9.58,12.67,-0.01,0,0,,,,-0.402,-0.066,1.8,13.26,-0.01,,,
48.66,REGROUND,-3.38,-0.26,-9.58,12.68,-0.01,0,0,,,,-0.392,-0.064,2.4,13.26,-0.01,,,
48.71,REGROUND,-3.38,-0.26,-9.58,12.69,-0.01,0,0,,,,-0.402,-0.066,1.8,13.26,-0.01,,,
48.76,REGROUND,-3.42,-0.27,-9.58,12.71,-0.01,0,0,,,,-0.392,-0.064,2.3,13.26,-0.01,,,
48.81,REGROUND,-3.42,-0.27,-9.58,12.72,-0.01,0,0,,,,-0.402,-0.066,4.8,13.26,-0.01,,,
48.86,REGROUND,-3.46,-0.27,-9.58,12.73,-0.01,0,0,,,,-0.392,-0.065,2.2,13.26,-0.01,,,
48.91,REGROUND,-3.46,-0.27,-9.58,12.74,-0.01,0,0,,,,-0.402,-0.066,1.9,13.26,-0.01,,,
48.96,REGROUND,-3.5,-0.27,-9.58,12.76,-0.01,0,0,,,,-0.392,-0.065,2.5,13.26,-0.01,,,
49.01,REGROUND,-3.5,-0.27,-9.58,12.77,-0.01,0,0,,,,-0.402,-0.066,1.8,13.26,-0.01,,,
49.06,REGROUND,-3.54,-0.27,-9.58,12.78,-0.01,0,0,,,,-0.392,-0.065,2.6,13.26,-0.01,,,
49.11,REGROUND,-3.54,-0.27,-9.58,12.79,-0.01,0,0,,,,-0.402,-0.066,1.8,13.26,-0.01,,,
49.16,REGROUND,-3.58,-0.27,-9.58,12.81,-0.01,0,0,,,,-0.392,-0.065,2.4,13.26,-0.01,,,
49.21,REGROUND,-3.58,-0.27,-9.58,12.82,-0.01,0,0,,,,-0.402,-0.066,1.8,13.26,-0.01,,,
49.26,REGROUND,-3.62,-0.27,-9.58,12.83,-0.01,0,0,,,,-0.392,-0.065,2.4,13.26,-0.01,,,
49.31,REGROUND,-3.62,-0.27,-9.58,12.84,-0.01,0,0,,,,-0.402,-0.066,1.8,13.26,-0.01,,,
49.36,REGROUND,-3.66,-0.27,-9.58,12.86,-0.01,0,0,,,,-0.392,-0.065,2.3,13.26,-0.01,,,
49.41,REGROUND,-3.66,-0.27,-9.58,12.87,-0.01,0,0,,,,-0.402,-0.066,1.6,13.26,-0.01,,,
49.46,REGROUND,-3.7,-0.28,-9.58,12.88,-0.01,0,0,,,,-0.392,-0.065,2.3,13.26,-0.01,,,
49.51,REGROUND,-3.7,-0.28,-9.58,12.89,-0.01,0,0,,,,-0.402,-0.066,1.7,13.26,-0.01,,,
49.56,REGROUND,-3.74,-0.28,-9.58,12.91,-0.01,0,0,,,,-0.392,-0.065,2.5,13.26,-0.01,,,
49.61,REGROUND,-3.74,-0.28,-9.58,12.92,-0.01,0,0,,,,-0.402,-0.066,1.7,13.26,-0.01,,,
49.66,REGROUND,-3.78,-0.28,-9.58,12.93,-0.01,0,0,,,,-0.392,-0.065,2.6,13.26,-0.01,,,
49.71,REGROUND,-3.78,-0.28,-9.58,12.94,-0.01,0,0,,,,-0.402,-0.066,1.8,13.26,-0.01,,,
49.76,REGROUND,-3.82,-0.28,-9.58,12.96,-0.01,0,0,,,,-0.392,-0.064,2.5,13.26,-0.01,,,
49.82,REGROUND,-3.82,-0.28,-9.58,12.97,-0.01,0,0,,,,-0.402,-0.066,1.8,13.26,-0.01,,,
49.87,REGROUND,-3.86,-0.28,-9.58,12.98,-0.01,0,0,,,,-0.392,-0.064,2.4,13.26,-0.01,,,
49.92,REGROUND,-3.86,-0.28,-9.58,12.99,-0.01,0,0,,,,-0.402,-0.066,1.8,13.26,-0.01,,,
49.97,REGROUND,-3.9,-0.28,-9.58,13.01,-0.01,0,0,,,,-0.393,-0.064,2.4,13.26,-0.01,,,
50.02,REGROUND,-3.9,-0.28,-9.58,13.02,-0.01,0,0,,,,-0.403,-0.066,1.6,13.26,-0.01,,,
50.07,REGROUND,-3.94,-0.29,-9.58,13.03,-0.01,0,0,,,,-0.393,-0.064,2.4,13.26,-0.01,,,
50.12,REGROUND,-3.94,-0.29,-9.58,13.04,-0.01,0,0,,,,-0.403,-0.065,1.8,13.26,-0.01,,,
50.17,REGROUND,-3.98,-0.29,-9.58,13.06,-0.01,0,0,,,,-0.393,-0.063,2.4,13.26,-0.01,,,
50.22,REGROUND,-3.98,-0.29,-9.58,13.07,-0.01,0,0,,,,-0.403,-0.065,1.8,13.26,-0.01,,,
50.27,REGROUND,-4.02,-0.29,-9.58,13.08,-0.01,0,0,,,,-0.393,-0.063,2.3,13.26,-0.01,,,
50.32,REGROUND,-4.02,-0.29,-9.58,13.09,-0.01,0,0,,,,-0.403,-0.065,1.9,13.26,-0.01,,,
50.37,REGROUND,-4.06,-0.29,-9.58,13.11,-0.01,0,0,,,,-0.393,-0.063,2.5,13.26,-0.01,,,
50.42,REGROUND,-4.06,-0.29,-9.58,13.12,-0.01,0,0,,,,-0.403,-0.065,1.9,13.26,-0.01,,,
50.47,REGROUND,-4.1,-0.29,-9.58,13.13,-0.01,0,0,,,,-0.393,-0.063,2.5,13.26,-0.01,,,
50.52,REGROUND,-4.1,-0.29,-9.58,13.14,-0.01,0,0,,,,-0.403,-0.065,1.8,13.26,-0.01,,,
50.57,REGROUND,-4.14,-0.3,-9.58,13.16,-0.01,0,0,,,,-0.393,-0.063,2.5,13.26,-0.01,,,
50.62,REGROUND,-4.14,-0.3,-9.58,13.17,-0.01,0,0,,,,-0.403,-0.064,1.8,13.26,-0.01,,,
50.67,REGROUND,-4.19,-0.3,-9.58,13.18,-0.01,0,0,,,,-0.393,-0.063,2.5,13.26,-0.01,,,
50.72,REGROUND,-4.19,-0.3,-9.58,13.19,-0.01,0,0,,,,-0.403,-0.064,1.7,13.26,-0.01,,,
50.77,REGROUND,-4.23,-0.3,-9.58,13.21,-0.01,0,0,,,,-0.393,-0.063,2.6,13.26,-0.01,,,
50.82,REGROUND,-4.23,-0.3,-9.58,13.22,-0.01,0,0,,,,-0.403,-0.064,1.7,13.26,-0.01,,,
50.87,REGROUND,-4.27,-0.3,-9.58,13.23,-0.01,0,0,,,,-0.393,-0.063,2.4,13.26,-0.01,,,
50.92,REGROUND,-4.27,-0.3,-9.58,13.24,-0.01,0,0,,,,-0.403,-0.064,1.8,13.26,-0.01,,,
50.97,REGROUND,-4.31,-0.3,-9.58,13.26,-0.01,0,0,,,,-0.393,-0.063,2.3,13.26,-0.01,,,
51.02,REGROUND,-4.31,-0.3,-9.58,13.27,-0.01,0,0,,,,-0.403,-0.064,1.9,13.26,-0.01,,,
51.07,REGROUND,-4.35,-0.3,-9.58,13.28,-0.01,0,0,,,,-0.393,-0.063,2.4,13.26,-0.01,,,
51.12,REGROUND,-4.35,-0.3,-9.58,13.29,-0.01,0,0,,,,-0.403,-0.064,5.1,13.26,-0.01,,,
51.17,REGROUND,-4.39,-0.3,-9.58,13.31,-0.01,0,0,,,,-0.393,-0.063,2.5,13.26,-0.01,,,
51.22,REGROUND,-4.39,-0.3,-9.58,13.32,-0.01,0,0,,,,-0.403,-0.065,1.8,13.26,-0.01,,,
51.27,REGROUND,-4.43,-0.3,-9.58,13.33,-0.01,0,0,,,,-0.393,-0.063,2.4,13.26,-0.01,,,
51.32,REGROUND,-4.43,-0.3,-9.58,13.34,-0.01,0,0,,,,-0.403,-0.065,1.8,13.26,-0.01,,,
51.37,REGROUND,-4.47,-0.31,-9.58,13.36,-0.01,0,0,,,,-0.393,-0.063,2.5,13.26,-0.01,,,
51.42,REGROUND,-4.47,-0.31,-9.58,13.37,-0.01,0,0,,,,-0.403,-0.065,1.8,13.26,-0.01,,,
51.47,REGROUND,-4.51,-0.31,-9.58,13.38,-0.01,0,0,,,,-0.393,-0.064,2.3,13.26,-0.01,,,
51.52,REGROUND,-4.51,-0.31,-9.58,13.39,-0.01,0,0,,,,-0.403,-0.065,1.8,13.26,-0.01,,,
51.57,REGROUND,-4.55,-0.31,-9.58,13.41,-0.01,0,0,,,,-0.393,-0.064,2.4,13.26,-0.01,,,
51.62,REGROUND,-4.55,-0.31,-9.58,13.42,-0.01,0,0,,,,-0.403,-0.065,1.8,13.26,-0.01,,,
51.67,REGROUND,-4.59,-0.31,-9.58,13.43,-0.01,0,0,,,,-0.393,-0.064,2.2,13.26,-0.01,,,
51.72,REGROUND,-4.59,-0.31,-9.58,13.44,-0.01,0,0,,,,-0.403,-0.066,1.8,13.26,-0.01,,,
51.77,REGROUND,-4.63,-0.31,-9.58,13.46,-0.01,0,0,,,,-0.393,-0.064,2.5,13.26,-0.01,,,
51.82,REGROUND,-4.63,-0.31,-9.58,13.47,-0.01,0,0,,,,-0.403,-0.066,1.9,13.26,-0.01,,,
51.87,REGROUND,-4.67,-0.31,-9.58,13.48,-0.01,0,0,,,,-0.393,-0.064,2.5,13.26,-0.01,,,
51.92,REGROUND,-4.67,-0.31,-9.58,13.49,-0.01,0,0,,,,-0.403,-0.066,1.8,13.26,-0.01,,,
51.97,REGROUND,-4.71,-0.31,-9.58,13.51,-0.01,0,0,,,,-0.393,-0.064,2.5,13.26,-0.01,,,
52.02,REGROUND,-4.71,-0.31,-9.58,13.52,-0.01,0,0,,,,-0.403,-0.066,1.8,13.26,-0.01,,,
52.07,REGROUND,-4.75,-0.31,-9.58,13.53,-0.01,0,0,,,,-0.393,-0.064,2.4,13.26,-0.01,,,
52.12,REGROUND,-4.75,-0.31,-9.58,13.54,-0.01,0,0,,,,-0.403,-0.066,1.8,13.26,-0.01,,,
52.17,REGROUND,-4.79,-0.31,-9.58,13.56,-0.01,0,0,,,,-0.393,-0.065,2.4,13.26,-0.01,,,
52.22,REGROUND,-4.79,-0.31,-9.58,13.57,-0.01,0,0,,,,-0.402,-0.066,1.8,13.26,-0.01,,,
52.27,REGROUND,-4.83,-0.32,-9.58,13.58,-0.01,0,0,,,,-0.392,-0.065,2.3,13.26,-0.01,,,
52.32,REGROUND,-4.83,-0.32,-9.58,13.59,-0.01,0,0,,,,-0.402,-0.066,1.8,13.26,-0.01,,,
52.37,REGROUND,-4.87,-0.32,-9.58,13.61,-0.01,0,0,,,,-0.392,-0.065,2.4,13.26,-0.01,,,
52.42,REGROUND,-4.87,-0.32,-9.58,13.62,-0.01,0,0,,,,-0.402,-0.066,1.9,13.26,-0.01,,,
52.47,REGROUND,-4.91,-0.32,-9.58,13.63,-0.01,0,0,,,,-0.392,-0.065,2.5,13.26,-0.01,,,
52.52,REGROUND,-4.91,-0.32,-9.58,13.64,-0.01,0,0,,,,-0.402,-0.066,1.8,13.26,-0.01,,,
52.57,REGROUND,-4.95,-0.32,-9.58,13.66,-0.01,0,0,,,,-0.392,-0.065,2.6,13.26,-0.01,,,
52.62,REGROUND,-4.95,-0.32,-9.58,13.67,-0.01,0,0,,,,-0.402,-0.066,1.9,13.26,-0.01,,,
52.67,REGROUND,-4.99,-0.32,-9.58,13.68,-0.01,0,0,,,,-0.392,-0.065,2.5,13.26,-0.01,,,
52.72,REGROUND,-4.99,-0.32,-9.58,13.69,-0.01,0,0,,,,-0.402,-0.066,1.8,13.26,-0.01,,,
52.77,REGROUND,-5.03,-0.32,-9.58,13.71,-0.01,0,0,,,,-0.392,-0.065,2.4,13.26,-0.01,,,
52.82,REGROUND,-5.03,-0.32,-9.58,13.72,-0.01,0,0,,,,-0.402,-0.066,1.8,13.26,-0.01,,,
52.87,REGROUND,-5.07,-0.32,-9.58,13.73,-0.01,0,0,,,,-0.392,-0.065,2.5,13.26,-0.01,,,
52.92,REGROUND,-5.07,-0.32,-9.58,13.74,-0.01,0,0,,,,-0.402,-0.066,1.9,13.26,-0.01,,,
52.97,REGROUND,-5.11,-0.33,-9.58,13.76,-0.01,0,0,,,,-0.392,-0.065,2.5,13.26,-0.01,,,
53.02,REGROUND,-5.11,-0.33,-9.58,13.77,-0.01,0,0,,,,-0.402,-0.066,1.9,13.26,-0.01,,,
53.07,REGROUND,-5.15,-0.33,-9.58,13.78,-0.01,0,0,,,,-0.392,-0.065,2.4,13.26,-0.01,,,
53.12,REGROUND,-5.15,-0.33,-9.58,13.79,-0.01,0,0,,,,-0.402,-0.066,1.8,13.26,-0.01,,,
53.17,REGROUND,-5.19,-0.33,-9.58,13.81,-0.01,0,0,,,,-0.392,-0.064,2.2,13.26,-0.01,,,
53.22,REGROUND,-5.19,-0.33,-9.58,13.82,-0.01,0,0,,,,-0.402,-0.066,1.8,13.26,-0.01,,,
53.27,REGROUND,-5.23,-0.33,-9.58,13.83,-0.01,0,0,,,,-0.392,-0.064,2.5,13.26,-0.01,,,
53.32,REGROUND,-5.23,-0.33,-9.58,13.84,-0.01,0,0,,,,-0.402,-0.066,1.8,13.26,-0.01,,,
53.37,REGROUND,-5.27,-0.33,-9.58,13.86,-0.01,0,0,,,,-0.392,-0.064,2.5,13.26,-0.01,,,
53.42,REGROUND,-5.27,-0.33,-9.58,13.87,-0.01,0,0,,,,-0.402,-0.065,1.8,13.26,-0.01,,,
53.47,REGROUND,-5.31,-0.33,-9.58,13.88,-0.01,0,0,,,,-0.392,-0.064,5.7,13.26,-0.01,,,
53.52,REGROUND,-5.31,-0.33,-9.58,13.89,-0.01,0,0,,,,-0.402,-0.065,1.8,13.26,-0.01,,,
53.57,REGROUND,-5.35,-0.34,-9.58,13.91,-0.01,0,0,,,,-0.393,-0.064,2.5,13.26,-0.01,,,
53.62,REGROUND,-5.35,-0.34,-9.58,13.92,-0.01,0,0,,,,-0.403,-0.065,1.7,13.26,-0.01,,,
53.67,REGROUND,-5.39,-0.34,-9.58,13.93,-0.01,0,0,,,,-0.393,-0.064,2.5,13.26,-0.01,,,
53.72,REGROUND,-5.39,-0.34,-9.58,13.94,-0.01,0,0,,,,-0.403,-0.065,1.7,13.26,-0.01,,,
53.77,REGROUND,-5.43,-0.34,-9.58,13.96,-0.01,0,0,,,,-0.393,-0.064,2.4,13.26,-0.01,,,
53.82,REGROUND,-5.43,-0.34,-9.58,13.97,-0.01,0,0,,,,-0.403,-0.065,1.8,13.26,-0.01,,,
53.87,REGROUND,-5.47,-0.34,-9.58,13.98,-0.01,0,0,,,,-0.393,-0.064,2.4,13.26,-0.01,,,
53.92,REGROUND,-5.47,-0.34,-9.58,13.99,-0.01,0,0,,,,-0.403,-0.065,1.8,13.26,-0.01,,,
53.97,REGROUND,-5.51,-0.34,-9.58,14.01,-0.01,0,0,,,,-0.393,-0.064,2.3,13.26,-0.01,,,
54.02,REGROUND,-5.51,-0.34,-9.58,14.02,-0.01,0,0,,,,-0.403,-0.065,1.8,13.26,-0.01,,,
54.07,REGROUND,-5.55,-0.34,-9.58,14.03,-0.01,0,0,,,,-0.393,-0.064,2.5,13.26,-0.01,,,
54.12,REGROUND,-5.55,-0.34,-9.58,14.04,-0.01,0,0,,,,-0.403,-0.066,1.9,13.26,-0.01,,,
54.17,REGROUND,-5.59,-0.35,-9.58,14.06,-0.01,0,0,,,,-0.393,-0.064,2.3,13.26,-0.01,,,
54.22,REGROUND,-5.59,-0.35,-9.58,14.07,-0.01,0,0,,,,-0.403,-0.065,1.8,13.26,-0.01,,,
54.27,REGROUND,-5.63,-0.35,-9.58,14.08,-0.01,0,0,,,,-0.393,-0.064,2.5,13.26,-0.01,,,
54.32,REGROUND,-5.63,-0.35,-9.58,14.09,-0.01,0,0,,,,-0.403,-0.066,1.8,13.26,-0.01,,,
54.37,REGROUND,-5.67,-0.35,-9.58,14.11,-0.01,0,0,,,,-0.393,-0.064,2.3,13.26,-0.01,,,
54.42,REGROUND,-5.67,-0.35,-9.58,14.12,-0.01,0,0,,,,-0.403,-0.066,1.8,13.26,-0.01,,,
54.47,REGROUND,-5.71,-0.35,-9.58,14.13,-0.01,0,0,,,,-0.393,-0.064,2.4,13.26,-0.01,,,
54.52,REGROUND,-5.71,-0.35,-9.58,14.14,-0.01,0,0,,,,-0.403,-0.066,1.8,13.26,-0.01,,,
54.57,REGROUND,-5.75,-0.35,-9.58,14.16,-0.01,0,0,,,,-0.394,-0.064,2.4,13.26,-0.01,,,
54.62,REGROUND,-5.75,-0.35,-9.58,14.17,-0.01,0,0,,,,-0.404,-0.066,1.8,13.26,-0.01,,,
54.67,REGROUND,-5.79,-0.35,-9.58,14.18,-0.01,0,0,,,,-0.394,-0.064,2.4,13.26,-0.01,,,
54.72,REGROUND,-5.79,-0.35,-9.58,14.19,-0.01,0,0,,,,-0.404,-0.066,1.8,13.26,-0.01,,,
54.77,REGROUND,-5.83,-0.35,-9.58,14.21,-0.01,0,0,,,,-0.394,-0.064,2.5,13.26,-0.01,,,
54.82,REGROUND,-5.83,-0.35,-9.58,14.22,-0.01,0,0,,,,-0.404,-0.066,1.9,13.26,-0.01,,,
54.87,REGROUND,-5.87,-0.35,-9.58,14.23,-0.01,0,0,,,,-0.394,-0.064,2.5,13.26,-0.01,,,
54.92,REGROUND,-5.87,-0.35,-9.58,14.24,-0.01,0,0,,,,-0.403,-0.066,1.9,13.26,-0.01,,,
54.97,REGROUND,-5.91,-0.36,-9.58,14.26,-0.01,0,0,,,,-0.394,-0.064,2.5,13.26,-0.01,,,
55.02,REGROUND,-5.91,-0.36,-9.58,14.27,-0.01,0,0,,,,-0.404,-0.066,1.8,13.26,-0.01,,,
55.07,REGROUND,-5.96,-0.36,-9.58,14.28,-0.01,0,0,,,,-0.393,-0.064,2.5,13.26,-0.01,,,
55.12,REGROUND,-5.96,-0.36,-9.58,14.29,-0.01,0,0,,,,-0.403,-0.066,1.8,13.26,-0.01,,,
55.17,REGROUND,-6.0,-0.36,-9.58,14.31,-0.01,0,0,,,,-0.393,-0.064,2.3,13.26,-0.01,,,
55.22,REGROUND,-6.0,-0.36,-9.58,14.32,-0.01,0,0,,,,-0.403,-0.066,1.8,13.26,-0.01,,,
55.27,REGROUND,-6.04,-0.36,-9.58,14.33,-0.01,0,0,,,,-0.393,-0.064,2.4,13.26,-0.01,,,
55.32,REGROUND,-6.04,-0.36,-9.58,14.34,-0.01,0,0,,,,-0.403,-0.066,1.8,13.26,-0.01,,,
55.37,REGROUND,-6.08,-0.36,-9.58,14.36,-0.01,0,0,,,,-0.393,-0.064,2.2,13.26,-0.01,,,
55.42,REGROUND,-6.08,-0.36,-9.58,14.37,-0.01,0,0,,,,-0.403,-0.066,1.8,13.26,-0.01,,,
55.47,REGROUND,-6.12,-0.36,-9.58,14.38,-0.01,0,0,,,,-0.393,-0.064,2.3,13.26,-0.01,,,
55.52,REGROUND,-6.12,-0.36,-9.58,14.39,-0.01,0,0,,,,-0.403,-0.066,1.8,13.26,-0.01,,,
55.57,REGROUND,-6.16,-0.36,-9.58,14.41,-0.01,0,0,,,,-0.393,-0.064,2.6,13.26,-0.01,,,
55.62,REGROUND,-6.16,-0.36,-9.58,14.42,-0.01,0,0,,,,-0.403,-0.066,1.8,13.26,-0.01,,,
55.67,REGROUND,-6.2,-0.37,-9.58,14.43,-0.01,0,0,,,,-0.393,-0.064,2.3,13.26,-0.01,,,
55.72,REGROUND,-6.2,-0.37,-9.58,14.44,-0.01,0,0,,,,-0.403,-0.066,1.8,13.26,-0.01,,,
55.77,REGROUND,-6.24,-0.37,-9.58,14.46,-0.01,0,0,,,,-0.393,-0.064,2.5,13.26,-0.01,,,
55.82,REGROUND,-6.24,-0.37,-9.58,14.47,-0.01,0,0,,,,-0.403,-0.066,5.4,13.26,-0.01,,,
55.87,REGROUND,-6.28,-0.37,-9.58,14.48,-0.01,0,0,,,,-0.393,-0.064,2.5,13.26,-0.01,,,
55.92,REGROUND,-6.28,-0.37,-9.58,14.5,-0.01,0,0,,,,-0.403,-0.066,1.8,13.26,-0.01,,,
55.97,REGROUND,-6.32,-0.37,-9.58,14.51,-0.01,0,0,,,,-0.393,-0.064,2.4,13.26,-0.01,,,
56.02,REGROUND,-6.32,-0.37,-9.58,14.52,-0.01,0,0,,,,-0.403,-0.066,1.7,13.26,-0.01,,,
56.07,REGROUND,-6.36,-0.37,-9.58,14.53,-0.01,0,0,,,,-0.393,-0.064,2.4,13.26,-0.01,,,
56.12,REGROUND,-6.36,-0.37,-9.58,14.55,-0.01,0,0,,,,-0.403,-0.066,1.8,13.26,-0.01,,,
56.17,REGROUND,-6.4,-0.37,-9.58,14.56,-0.01,0,0,,,,-0.393,-0.064,2.4,13.26,-0.01,,,
56.22,REGROUND,-6.4,-0.37,-9.58,14.57,-0.01,0,0,,,,-0.403,-0.065,1.8,13.26,-0.01,,,
56.27,REGROUND,-6.44,-0.38,-9.58,14.58,-0.01,0,0,,,,-0.393,-0.064,2.3,13.26,-0.01,,,
56.32,REGROUND,-6.44,-0.38,-9.58,14.6,-0.01,0,0,,,,-0.403,-0.065,1.8,13.26,-0.01,,,
56.37,REGROUND,-6.48,-0.38,-9.58,14.61,-0.01,0,0,,,,-0.393,-0.063,2.3,13.26,-0.01,,,
56.42,REGROUND,-6.48,-0.38,-9.58,14.62,-0.01,0,0,,,,-0.402,-0.065,1.9,13.26,-0.01,,,
56.47,REGROUND,-6.52,-0.38,-9.58,14.63,-0.01,0,0,,,,-0.392,-0.063,2.5,13.26,-0.01,,,
56.52,REGROUND,-6.52,-0.38,-9.58,14.65,-0.01,0,0,,,,-0.402,-0.065,1.8,13.26,-0.01,,,
56.57,REGROUND,-6.56,-0.38,-9.58,14.66,-0.01,0,0,,,,-0.392,-0.063,2.4,13.26,-0.01,,,
56.62,REGROUND,-6.56,-0.38,-9.58,14.67,-0.01,0,0,,,,-0.402,-0.065,1.8,13.26,-0.01,,,
56.67,REGROUND,-6.6,-0.38,-9.58,14.68,-0.01,0,0,,,,-0.392,-0.063,2.5,13.26,-0.01,,,
56.72,REGROUND,-6.6,-0.38,-9.58,14.7,-0.01,0,0,,,,-0.402,-0.065,1.8,13.26,-0.01,,,
56.77,REGROUND,-6.64,-0.38,-9.58,14.71,-0.01,0,0,,,,-0.392,-0.063,2.5,13.26,-0.01,,,
56.82,REGROUND,-6.64,-0.38,-9.58,14.72,-0.01,0,0,,,,-0.402,-0.065,1.7,13.26,-0.01,,,
56.87,REGROUND,-6.68,-0.39,-9.58,14.73,-0.01,0,0,,,,-0.392,-0.063,2.4,13.26,-0.01,,,
56.92,REGROUND,-6.68,-0.39,-9.58,14.75,-0.01,0,0,,,,-0.402,-0.065,1.8,13.26,-0.01,,,
56.97,REGROUND,-6.72,-0.39,-9.58,14.76,-0.01,0,0,,,,-0.392,-0.063,2.4,13.26,-0.01,,,
57.02,REGROUND,-6.72,-0.39,-9.58,14.77,-0.01,0,0,,,,-0.402,-0.065,1.8,13.26,-0.01,,,
57.07,REGROUND,-6.76,-0.39,-9.58,14.78,-0.01,0,0,,,,-0.392,-0.063,2.3,13.26,-0.01,,,
57.12,REGROUND,-6.76,-0.39,-9.58,14.8,-0.01,0,0,,,,-0.402,-0.065,1.8,13.26,-0.01,,,
57.17,REGROUND,-6.8,-0.39,-9.58,14.81,-0.01,0,0,,,,-0.392,-0.063,2.5,13.26,-0.01,,,
57.22,REGROUND,-6.8,-0.39,-9.58,14.82,-0.01,0,0,,,,-0.402,-0.065,1.8,13.26,-0.01,,,
57.28,REGROUND,-6.84,-0.39,-9.58,14.83,-0.01,0,0,,,,-0.392,-0.064,2.5,13.26,-0.01,,,
57.33,REGROUND,-6.84,-0.39,-9.58,14.85,-0.01,0,0,,,,-0.401,-0.065,1.8,13.26,-0.01,,,
57.38,REGROUND,-6.89,-0.39,-9.58,14.86,-0.01,0,0,,,,-0.391,-0.064,2.7,13.26,-0.01,,,
57.43,REGROUND,-6.89,-0.39,-9.58,14.87,-0.01,0,0,,,,-0.401,-0.065,1.8,13.26,-0.01,,,
57.48,REGROUND,-6.93,-0.39,-9.58,14.88,-0.01,0,0,,,,-0.391,-0.064,2.2,13.26,-0.01,,,
57.53,REGROUND,-6.93,-0.39,-9.58,14.9,-0.01,0,0,,,,-0.401,-0.065,1.8,13.26,-0.01,,,
57.58,REGROUND,-6.97,-0.39,-9.58,14.91,-0.01,0,0,,,,-0.391,-0.064,2.4,13.26,-0.01,,,
57.63,REGROUND,-6.97,-0.39,-9.58,14.92,-0.01,0,0,,,,-0.401,-0.065,2.0,13.26,-0.01,,,
57.68,REGROUND,-7.01,-0.4,-9.58,14.93,-0.01,0,0,,,,-0.391,-0.064,2.3,13.26,-0.01,,,
57.73,REGROUND,-7.01,-0.4,-9.58,14.95,-0.01,0,0,,,,-0.401,-0.066,1.7,13.26,-0.01,,,
57.78,REGROUND,-7.05,-0.4,-9.58,14.96,-0.01,0,0,,,,-0.392,-0.064,2.3,13.26,-0.01,,,
57.83,REGROUND,-7.05,-0.4,-9.58,14.97,-0.01,0,0,,,,-0.401,-0.066,1.8,13.26,-0.01,,,
57.88,REGROUND,-7.09,-0.4,-9.58,14.98,-0.01,0,0,,,,-0.391,-0.064,2.3,13.26,-0.01,,,
57.93,REGROUND,-7.09,-0.4,-9.58,15.0,-0.01,0,0,,,,-0.401,-0.066,1.9,13.26,-0.01,,,
57.98,REGROUND,-7.13,-0.4,-9.58,15.01,-0.01,0,0,,,,-0.391,-0.064,2.5,13.26,-0.01,,,
58.03,REGROUND,-7.13,-0.4,-9.58,15.02,-0.01,0,0,,,,-0.401,-0.066,1.8,13.26,-0.01,,,
58.08,REGROUND,-7.17,-0.4,-9.58,15.03,-0.01,0,0,,,,-0.391,-0.064,2.5,13.26,-0.01,,,
58.13,REGROUND,-7.17,-0.4,-9.58,15.05,-0.01,0,0,,,,-0.401,-0.066,1.8,13.26,-0.01,,,
58.18,REGROUND,-7.21,-0.4,-9.58,15.06,-0.01,0,0,,,,-0.391,-0.064,2.5,13.26,-0.01,,,
58.23,REGROUND,-7.21,-0.4,-9.58,15.07,-0.01,0,0,,,,-0.401,-0.066,5.4,13.26,-0.01,,,
58.28,REGROUND,-7.25,-0.4,-9.58,15.08,-0.01,0,0,,,,-0.391,-0.064,2.5,13.26,-0.01,,,
58.33,REGROUND,-7.25,-0.4,-9.58,15.1,-0.01,0,0,,,,-0.401,-0.066,1.7,13.26,-0.01,,,
58.38,REGROUND,-7.29,-0.4,-9.58,15.11,-0.01,0,0,,,,-0.392,-0.064,2.5,13.26,-0.01,,,
58.43,REGROUND,-7.29,-0.4,-9.58,15.12,-0.01,0,0,,,,-0.401,-0.066,1.8,13.26,-0.01,,,
58.48,REGROUND,-7.33,-0.41,-9.58,15.13,-0.01,0,0,,,,-0.392,-0.064,2.4,13.26,-0.01,,,
58.53,REGROUND,-7.33,-0.41,-9.58,15.15,-0.01,0,0,,,,-0.402,-0.066,1.8,13.26,-0.01,,,
58.58,REGROUND,-7.37,-0.41,-9.58,15.16,-0.01,0,0,,,,-0.392,-0.064,2.3,13.26,-0.01,,,
58.63,REGROUND,-7.37,-0.41,-9.58,15.17,-0.01,0,0,,,,-0.402,-0.066,1.8,13.26,-0.01,,,
58.68,REGROUND,-7.41,-0.41,-9.58,15.18,-0.01,0,0,,,,-0.392,-0.064,2.4,13.26,-0.01,,,
58.73,REGROUND,-7.41,-0.41,-9.58,15.2,-0.01,0,0,,,,-0.402,-0.066,1.9,13.26,-0.01,,,
58.78,REGROUND,-7.45,-0.41,-9.58,15.21,-0.01,0,0,,,,-0.392,-0.064,2.2,13.26,-0.01,,,
58.83,REGROUND,-7.45,-0.41,-9.58,15.22,-0.01,0,0,,,,-0.402,-0.066,1.7,13.26,-0.01,,,
58.88,REGROUND,-7.49,-0.41,-9.58,15.23,-0.01,0,0,,,,-0.393,-0.064,2.5,13.26,-0.01,,,
58.93,REGROUND,-7.49,-0.41,-9.58,15.25,-0.01,0,0,,,,-0.402,-0.066,1.9,13.26,-0.01,,,
58.98,REGROUND,-7.53,-0.41,-9.58,15.26,-0.01,0,0,,,,-0.393,-0.064,2.4,13.26,-0.01,,,
59.03,REGROUND,-7.53,-0.41,-9.58,15.27,-0.01,0,0,,,,-0.403,-0.065,1.8,13.26,-0.01,,,
59.08,REGROUND,-7.57,-0.42,-9.58,15.28,-0.01,0,0,,,,-0.393,-0.064,2.5,13.26,-0.01,,,
59.13,REGROUND,-7.57,-0.42,-9.58,15.3,-0.01,0,0,,,,-0.403,-0.065,1.8,13.26,-0.01,,,
59.18,REGROUND,-7.61,-0.42,-9.58,15.31,-0.01,0,0,,,,-0.393,-0.064,2.4,13.26,-0.01,,,
59.23,REGROUND,-7.61,-0.42,-9.58,15.32,-0.01,0,0,,,,-0.403,-0.065,1.8,13.26,-0.01,,,
59.28,REGROUND,-7.65,-0.42,-9.58,15.33,-0.01,0,0,,,,-0.393,-0.064,2.3,13.26,-0.01,,,
59.33,REGROUND,-7.65,-0.42,-9.58,15.35,-0.01,0,0,,,,-0.403,-0.065,1.8,13.26,-0.01,,,
59.38,REGROUND,-7.69,-0.42,-9.58,15.36,-0.01,0,0,,,,-0.393,-0.063,2.3,13.26,-0.01,,,
59.43,REGROUND,-7.69,-0.42,-9.58,15.37,-0.01,0,0,,,,-0.403,-0.065,1.8,13.26,-0.01,,,
59.48,REGROUND,-7.73,-0.42,-9.58,15.38,-0.01,0,0,,,,-0.393,-0.063,2.5,13.26,-0.01,,,
59.53,REGROUND,-7.73,-0.42,-9.58,15.4,-0.01,0,0,,,,-0.403,-0.065,1.8,13.26,-0.01,,,
59.58,REGROUND,-7.77,-0.42,-9.58,15.41,-0.01,0,0,,,,-0.393,-0.063,2.5,13.26,-0.01,,,
59.63,REGROUND,-7.77,-0.42,-9.58,15.42,-0.01,0,0,,,,-0.403,-0.065,1.7,13.26,-0.01,,,
59.68,REGROUND,-7.81,-0.43,-9.58,15.43,-0.01,0,0,,,,-0.393,-0.063,2.5,13.26,-0.01,,,
59.73,REGROUND,-7.81,-0.43,-9.58,15.45,-0.01,0,0,,,,-0.403,-0.065,1.7,13.26,-0.01,,,
59.78,REGROUND,-7.85,-0.43,-9.58,15.46,-0.01,0,0,,,,-0.393,-0.063,2.4,13.26,-0.01,,,
59.83,REGROUND,-7.85,-0.43,-9.58,15.47,-0.01,0,0,,,,-0.403,-0.065,1.7,13.26,-0.01,,,
59.88,REGROUND,-7.89,-0.43,-9.58,15.48,-0.01,0,0,,,,-0.393,-0.064,2.4,13.26,-0.01,,,
59.93,REGROUND,-7.89,-0.43,-9.58,15.5,-0.01,0,0,,,,-0.403,-0.065,1.8,13.26,-0.01,,,
59.98,REGROUND,-7.93,-0.43,-9.58,15.51,-0.01,0,0,,,,-0.393,-0.064,2.3,13.26,-0.01,,,
60.03,REGROUND,-7.93,-0.43,-9.58,15.52,-0.01,0,0,,,,-0.403,-0.065,1.8,13.26,-0.01,,,
60.08,REGROUND,-7.97,-0.43,-9.58,15.53,-0.01,0,0,,,,-0.393,-0.064,2.3,13.26,-0.01,,,
60.13,REGROUND,-7.97,-0.43,-9.58,15.55,-0.01,0,0,,,,-0.403,-0.065,1.8,13.26,-0.01,,,
60.18,REGROUND,-8.01,-0.43,-9.58,15.56,-0.01,0,0,,,,-0.393,-0.064,2.5,13.26,-0.01,,,
60.23,REGROUND,-8.01,-0.43,-9.58,15.57,-0.01,0,0,,,,-0.403,-0.066,1.8,13.26,-0.01,,,
60.28,REGROUND,-8.05,-0.43,-9.58,15.58,-0.01,0,0,,,,-0.393,-0.064,2.5,13.26,-0.01,,,
60.33,REGROUND,-8.05,-0.43,-9.58,15.6,-0.01,0,0,,,,-0.403,-0.066,1.8,13.26,-0.01,,,
60.38,REGROUND,-8.09,-0.43,-9.58,15.61,-0.01,0,0,,,,-0.393,-0.064,2.5,13.26,-0.01,,,
60.43,REGROUND,-8.09,-0.43,-9.58,15.62,-0.01,0,0,,,,-0.403,-0.066,1.8,13.26,-0.01,,,
60.48,REGROUND,-8.13,-0.43,-9.58,15.63,-0.01,0,0,,,,-0.393,-0.065,2.4,13.26,-0.01,,,
60.53,REGROUND,-8.13,-0.43,-9.58,15.65,-0.01,0,0,,,,-0.403,-0.066,1.8,13.26,-0.01,,,
60.58,REGROUND,-8.17,-0.44,-9.58,15.66,-0.01,0,0,,,,-0.393,-0.065,6.1,13.26,-0.01,,,
60.63,REGROUND,-8.17,-0.44,-9.58,15.67,-0.01,0,0,,,,-0.403,-0.066,2.4,13.26,-0.01,,,
60.68,REGROUND,-8.21,-0.44,-9.58,15.68,-0.01,0,0,,,,-0.393,-0.065,2.5,13.26,-0.01,,,
60.73,REGROUND,-8.21,-0.44,-9.58,15.7,-0.01,0,0,,,,-0.403,-0.067,1.8,13.26,-0.01,,,
60.78,REGROUND,-8.25,-0.44,-9.58,15.71,-0.01,0,0,,,,-0.393,-0.065,2.3,13.26,-0.01,,,
60.83,REGROUND,-8.25,-0.44,-9.58,15.72,-0.01,0,0,,,,-0.403,-0.067,1.8,13.26,-0.01,,,
60.88,REGROUND,-8.29,-0.44,-9.58,15.73,-0.01,0,0,,,,-0.393,-0.065,2.5,13.26,-0.01,,,
60.93,REGROUND,-8.29,-0.44,-9.58,15.75,-0.01,0,0,,,,-0.403,-0.067,1.9,13.26,-0.01,,,
60.98,REGROUND,-8.33,-0.44,-9.58,15.76,-0.01,0,0,,,,-0.393,-0.065,2.5,13.26,-0.01,,,
61.03,REGROUND,-8.33,-0.44,-9.58,15.77,-0.01,0,0,,,,-0.403,-0.067,1.8,13.26,-0.01,,,
61.08,REGROUND,-8.37,-0.44,-9.58,15.78,-0.01,0,0,,,,-0.393,-0.065,2.5,13.26,-0.01,,,
61.13,REGROUND,-8.37,-0.44,-9.58,15.8,-0.01,0,0,,,,-0.403,-0.067,1.8,13.26,-0.01,,,
61.18,REGROUND,-8.41,-0.44,-9.58,15.81,-0.01,0,0,,,,-0.393,-0.065,2.5,13.26,-0.01,,,
61.23,REGROUND,-8.41,-0.44,-9.58,15.82,-0.01,0,0,,,,-0.403,-0.067,1.8,13.26,-0.01,,,
61.28,REGROUND,-8.45,-0.44,-9.58,15.83,-0.01,0,0,,,,-0.393,-0.065,2.4,13.26,-0.01,,,
61.33,REGROUND,-8.45,-0.44,-9.58,15.85,-0.01,0,0,,,,-0.403,-0.067,2.2,13.26,-0.01,,,
61.38,REGROUND,-8.49,-0.45,-9.58,15.86,-0.01,0,0,,,,-0.393,-0.065,2.4,13.26,-0.01,,,
61.43,REGROUND,-8.49,-0.45,-9.58,15.87,-0.01,0,0,,,,-0.403,-0.067,1.8,13.26,-0.01,,,
61.48,REGROUND,-8.53,-0.45,-9.58,15.88,-0.01,0,0,,,,-0.393,-0.065,2.3,13.26,-0.01,,,
61.53,REGROUND,-8.53,-0.45,-9.58,15.9,-0.01,0,0,,,,-0.403,-0.067,1.8,13.26,-0.01,,,
61.58,REGROUND,-8.57,-0.45,-9.58,15.91,-0.01,0,0,,,,-0.393,-0.065,2.5,13.26,-0.01,,,
61.63,REGROUND,-8.57,-0.45,-9.58,15.92,-0.01,0,0,,,,-0.403,-0.066,1.8,13.26,-0.01,,,
61.68,REGROUND,-8.61,-0.45,-9.58,15.93,-0.01,0,0,,,,-0.392,-0.065,2.5,13.26,-0.01,,,
61.73,REGROUND,-8.61,-0.45,-9.58,15.95,-0.01,0,0,,,,-0.402,-0.066,1.8,13.26,-0.01,,,
61.78,REGROUND,-8.65,-0.45,-9.58,15.96,-0.01,0,0,,,,-0.392,-0.065,2.5,13.26,-0.01,,,
61.83,REGROUND,-8.65,-0.45,-9.58,15.97,-0.01,0,0,,,,-0.402,-0.066,1.7,13.26,-0.01,,,
61.88,REGROUND,-8.69,-0.45,-9.58,15.98,-0.01,0,0,,,,-0.393,-0.064,2.5,13.26,-0.01,,,
61.93,REGROUND,-8.69,-0.45,-9.58,16.0,-0.01,0,0,,,,-0.402,-0.066,1.9,13.26,-0.01,,,
61.98,REGROUND,-8.73,-0.46,-9.58,16.01,-0.01,0,0,,,,-0.393,-0.064,2.3,13.26,-0.01,,,
62.03,REGROUND,-8.73,-0.46,-9.58,16.02,-0.01,0,0,,,,-0.403,-0.066,1.8,13.26,-0.01,,,
62.08,REGROUND,-8.77,-0.46,-9.58,16.03,-0.01,0,0,,,,-0.393,-0.064,2.4,13.26,-0.01,,,
62.13,REGROUND,-8.77,-0.46,-9.58,16.05,-0.01,0,0,,,,-0.402,-0.066,1.8,13.26,-0.01,,,
62.18,REGROUND,-8.81,-0.46,-9.58,16.06,-0.01,0,0,,,,-0.393,-0.064,2.2,13.26,-0.01,,,
62.23,REGROUND,-8.81,-0.46,-9.58,16.07,-0.01,0,0,,,,-0.403,-0.065,1.9,13.26,-0.01,,,
62.28,REGROUND,-8.86,-0.46,-9.58,16.08,-0.01,0,0,,,,-0.392,-0.063,2.5,13.26,-0.01,,,
62.33,REGROUND,-8.86,-0.46,-9.58,16.1,-0.01,0,0,,,,-0.402,-0.065,2.5,13.26,-0.01,,,
62.38,REGROUND,-8.9,-0.47,-9.58,16.11,-0.01,0,0,,,,-0.393,-0.063,2.5,13.26,-0.01,,,
62.43,REGROUND,-8.9,-0.47,-9.58,16.12,-0.01,0,0,,,,-0.402,-0.065,1.8,13.26,-0.01,,,
62.48,REGROUND,-8.94,-0.47,-9.58,16.13,-0.01,0,0,,,,-0.392,-0.063,2.3,13.26,-0.01,,,
62.53,REGROUND,-8.94,-0.47,-9.58,16.15,-0.01,0,0,,,,-0.402,-0.064,1.8,13.26,-0.01,,,
62.58,REGROUND,-8.98,-0.47,-9.58,16.16,-0.01,0,0,,,,-0.392,-0.063,2.4,13.26,-0.01,,,
62.63,REGROUND,-8.98,-0.47,-9.58,16.17,-0.01,0,0,,,,-0.402,-0.064,1.9,13.26,-0.01,,,
62.68,REGROUND,-9.02,-0.47,-9.58,16.18,-0.01,0,0,,,,-0.392,-0.062,2.3,13.26,-0.01,,,
62.73,REGROUND,-9.02,-0.47,-9.58,16.2,-0.01,0,0,,,,-0.402,-0.064,1.8,13.26,-0.01,,,
62.78,REGROUND,-9.06,-0.47,-9.58,16.21,-0.01,0,0,,,,-0.392,-0.062,2.3,13.26,-0.01,,,
62.83,REGROUND,-9.06,-0.47,-9.58,16.22,-0.01,0,0,,,,-0.402,-0.064,1.8,13.26,-0.01,,,
62.88,REGROUND,-9.1,-0.47,-9.58,16.23,-0.01,0,0,,,,-0.392,-0.062,2.4,13.26,-0.01,,,
62.93,REGROUND,-9.1,-0.47,-9.58,16.25,-0.01,0,0,,,,-0.402,-0.064,5.3,13.26,-0.01,,,
62.98,REGROUND,-9.14,-0.47,-9.58,16.26,-0.01,0,0,,,,-0.393,-0.062,2.5,13.26,-0.01,,,
63.03,REGROUND,-9.14,-0.47,-9.58,16.27,-0.01,0,0,,,,-0.402,-0.064,1.8,13.26,-0.01,,,
63.08,REGROUND,-9.18,-0.48,-9.58,16.28,-0.01,0,0,,,,-0.393,-0.063,2.5,13.26,-0.01,,,
63.13,REGROUND,-9.18,-0.48,-9.58,16.3,-0.01,0,0,,,,-0.402,-0.064,1.8,13.26,-0.01,,,
63.18,REGROUND,-9.22,-0.48,-9.58,16.31,-0.01,0,0,,,,-0.393,-0.063,2.6,13.26,-0.01,,,
63.23,REGROUND,-9.22,-0.48,-9.58,16.32,-0.01,0,0,,,,-0.402,-0.064,1.8,13.26,-0.01,,,
63.28,REGROUND,-9.26,-0.48,-9.58,16.34,-0.01,0,0,,,,-0.392,-0.063,2.4,13.26,-0.01,,,
63.33,REGROUND,-9.26,-0.48,-9.58,16.35,-0.01,0,0,,,,-0.402,-0.065,1.7,13.26,-0.01,,,
63.38,REGROUND,-9.3,-0.48,-9.58,16.36,-0.01,0,0,,,,-0.392,-0.063,2.3,13.26,-0.01,,,
63.43,REGROUND,-9.3,-0.48,-9.58,16.37,-0.01,0,0,,,,-0.402,-0.065,1.9,13.26,-0.01,,,
63.48,REGROUND,-9.34,-0.48,-9.58,16.39,-0.01,0,0,,,,-0.392,-0.063,2.4,13.26,-0.01,,,
63.53,REGROUND,-9.34,-0.48,-9.58,16.4,-0.01,0,0,,,,-0.402,-0.065,1.8,13.26,-0.01,,,
63.58,REGROUND,-9.38,-0.48,-9.58,16.41,-0.01,0,0,,,,-0.392,-0.063,2.4,13.26,-0.01,,,
63.63,REGROUND,-9.38,-0.48,-9.58,16.42,-0.01,0,0,,,,-0.402,-0.065,1.8,13.26,-0.01,,,
63.68,REGROUND,-9.42,-0.48,-9.58,16.44,-0.01,0,0,,,,-0.392,-0.064,2.5,13.26,-0.01,,,
63.73,REGROUND,-9.42,-0.48,-9.58,16.45,-0.01,0,0,,,,-0.402,-0.065,1.8,13.26,-0.01,,,
63.78,REGROUND,-9.46,-0.48,-9.58,16.46,-0.01,0,0,,,,-0.392,-0.064,2.1,13.26,-0.01,,,
63.83,REGROUND,-9.46,-0.48,-9.58,16.47,-0.01,0,0,,,,-0.402,-0.065,1.8,13.26,-0.01,,,
63.88,REGROUND,-9.5,-0.48,-9.58,16.49,-0.01,0,0,,,,-0.392,-0.064,2.3,13.26,-0.01,,,
63.93,REGROUND,-9.5,-0.48,-9.58,16.5,-0.01,0,0,,,,-0.402,-0.066,1.9,13.26,-0.01,,,
63.98,REGROUND,-9.54,-0.49,-9.58,16.51,-0.01,0,0,,,,-0.393,-0.064,2.4,13.26,-0.01,,,
64.03,REGROUND,-9.54,-0.49,-9.58,16.52,-0.01,0,0,,,,-0.403,-0.066,1.8,13.26,-0.01,,,
64.08,REGROUND,-9.58,-0.49,-9.58,16.54,-0.01,0,0,,,,-0.393,-0.064,2.4,13.26,-0.01,,,
64.13,REGROUND,-9.58,-0.49,-9.58,16.55,-0.01,0,0,,,,-0.403,-0.066,1.6,13.26,-0.01,,,
64.18,REGROUND,-9.62,-0.49,-9.58,16.56,-0.01,0,0,,,,-0.393,-0.064,2.4,13.26,-0.01,,,
64.23,REGROUND,-9.62,-0.49,-9.58,16.57,-0.01,0,0,,,,-0.403,-0.066,1.8,13.26,-0.01,,,
64.28,REGROUND,-9.66,-0.49,-9.58,16.59,-0.01,0,0,,,,-0.393,-0.065,2.3,13.26,-0.01,,,
64.33,REGROUND,-9.66,-0.49,-9.58,16.6,-0.01,0,0,,,,-0.403,-0.066,1.7,13.26,-0.01,,,
64.38,REGROUND,-9.7,-0.49,-9.58,16.61,-0.01,0,0,,,,-0.393,-0.065,2.3,13.26,-0.01,,,
64.44,REGROUND,-9.7,-0.49,-9.58,16.62,-0.01,0,0,,,,-0.403,-0.066,1.8,13.26,-0.01,,,
64.49,REGROUND,-9.74,-0.49,-9.58,16.64,-0.01,0,0,,,,-0.393,-0.065,2.4,13.26,-0.01,,,
64.54,REGROUND,-9.74,-0.49,-9.58,16.65,-0.01,0,0,,,,-0.403,-0.066,1.9,13.26,-0.01,,,
64.59,REGROUND,-9.78,-0.49,-9.58,16.66,-0.01,0,0,,,,-0.393,-0.065,2.5,13.26,-0.01,,,
64.64,REGROUND,-9.78,-0.49,-9.58,16.67,-0.01,0,0,,,,-0.403,-0.066,1.9,13.26,-0.01,,,
64.69,REGROUND,-9.82,-0.5,-9.58,16.69,-0.01,0,0,,,,-0.393,-0.065,2.5,13.26,-0.01,,,
64.74,REGROUND,-9.82,-0.5,-9.58,16.7,-0.01,0,0,,,,-0.403,-0.066,1.6,13.26,-0.01,,,
64.79,REGROUND,-9.86,-0.5,-9.58,16.71,-0.01,0,0,,,,-0.393,-0.065,2.4,13.26,-0.01,,,
64.84,REGROUND,-9.86,-0.5,-9.58,16.72,-0.01,0,0,,,,-0.403,-0.066,1.7,13.26,-0.01,,,
64.89,REGROUND,-9.9,-0.5,-9.58,16.74,-0.01,0,0,,,,-0.393,-0.065,2.5,13.26,-0.01,,,
64.94,REGROUND,-9.9,-0.5,-9.58,16.75,-0.01,0,0,,,,-0.403,-0.066,1.6,13.26,-0.01,,,
64.99,REGROUND,-9.94,-0.5,-9.58,16.76,-0.01,0,0,,,,-0.393,-0.064,2.3,13.26,-0.01,,,
65.04,REGROUND,-9.94,-0.5,-9.58,16.77,-0.01,0,0,,,,-0.403,-0.066,1.8,13.26,-0.01,,,
65.09,REGROUND,-9.98,-0.5,-9.58,16.79,-0.01,0,0,,,,-0.393,-0.064,2.2,13.26,-0.01,,,
65.14,REGROUND,-9.98,-0.5,-9.58,16.8,-0.01,0,0,,,,-0.403,-0.066,1.9,13.26,-0.01,,,
65.19,REGROUND,-10.02,-0.5,-9.58,16.81,-0.01,0,0,,,,-0.393,-0.064,2.5,13.26,-0.01,,,
65.24,REGROUND,-10.02,-0.5,-9.58,16.82,-0.01,0,0,,,,-0.403,-0.065,1.8,13.26,-0.01,,,
65.29,REGROUND,-10.06,-0.51,-9.58,16.84,-0.01,0,0,,,,-0.393,-0.064,5.7,13.26,-0.01,,,
65.34,REGROUND,-10.06,-0.51,-9.58,16.85,-0.01,0,0,,,,-0.403,-0.065,1.5,13.26,-0.01,,,
65.39,REGROUND,-10.1,-0.51,-9.58,16.86,-0.01,0,0,,,,-0.393,-0.063,2.5,13.26,-0.01,,,
65.44,REGROUND,-10.1,-0.51,-9.58,16.87,-0.01,0,0,,,,-0.403,-0.065,1.6,13.26,-0.01,,,
65.49,REGROUND,-10.14,-0.51,-9.58,16.89,-0.01,0,0,,,,-0.393,-0.063,2.6,13.26,-0.01,,,
65.54,REGROUND,-10.14,-0.51,-9.58,16.9,-0.01,0,0,,,,-0.403,-0.065,1.8,13.26,-0.01,,,
65.59,REGROUND,-10.18,-0.51,-9.58,16.91,-0.01,0,0,,,,-0.393,-0.063,2.5,13.26,-0.01,,,
65.64,REGROUND,-10.18,-0.51,-9.58,16.92,-0.01,0,0,,,,-0.403,-0.065,1.9,13.26,-0.01,,,
65.69,REGROUND,-10.22,-0.51,-9.58,16.94,-0.01,0,0,,,,-0.393,-0.063,2.6,13.26,-0.01,,,
65.74,REGROUND,-10.22,-0.51,-9.58,16.95,-0.01,0,0,,,,-0.403,-0.065,1.8,13.26,-0.01,,,
65.79,REGROUND,-10.26,-0.51,-9.58,16.96,-0.01,0,0,,,,-0.393,-0.063,2.3,13.26,-0.01,,,
65.84,REGROUND,-10.26,-0.51,-9.58,16.97,-0.01,0,0,,,,-0.403,-0.065,1.8,13.26,-0.01,,,
65.89,REGROUND,-10.3,-0.52,-9.58,16.99,-0.01,0,0,,,,-0.393,-0.063,2.3,13.26,-0.01,,,
65.94,REGROUND,-10.3,-0.52,-9.58,17.0,-0.01,0,0,,,,-0.403,-0.065,1.9,13.26,-0.01,,,
65.99,REGROUND,-10.34,-0.52,-9.58,17.01,-0.01,0,0,,,,-0.393,-0.063,2.3,13.26,-0.01,,,
66.04,REGROUND,-10.34,-0.52,-9.58,17.02,-0.01,0,0,,,,-0.403,-0.065,1.8,13.26,-0.01,,,
66.09,REGROUND,-10.38,-0.52,-9.58,17.04,-0.01,0,0,,,,-0.393,-0.063,2.5,13.26,-0.01,,,
66.14,REGROUND,-10.38,-0.52,-9.58,17.05,-0.01,0,0,,,,-0.403,-0.065,1.8,13.26,-0.01,,,
66.19,REGROUND,-10.42,-0.52,-9.58,17.06,-0.01,0,0,,,,-0.393,-0.063,2.5,13.26,-0.01,,,
66.24,REGROUND,-10.42,-0.52,-9.58,17.07,-0.01,0,0,,,,-0.403,-0.065,1.8,13.26,-0.01,,,
66.29,REGROUND,-10.47,-0.52,-9.58,17.09,-0.01,0,0,,,,-0.393,-0.063,2.5,13.26,-0.01,,,
66.34,REGROUND,-10.47,-0.52,-9.58,17.1,-0.01,0,0,,,,-0.403,-0.065,1.6,13.26,-0.01,,,
66.39,REGROUND,-10.51,-0.52,-9.58,17.11,-0.01,0,0,,,,-0.392,-0.063,2.4,13.26,-0.01,,,
66.44,REGROUND,-10.51,-0.52,-9.58,17.12,-0.01,0,0,,,,-0.402,-0.065,1.8,13.26,-0.01,,,
66.49,REGROUND,-10.55,-0.52,-9.58,17.14,-0.01,0,0,,,,-0.392,-0.064,2.4,13.26,-0.01,,,
66.54,REGROUND,-10.55,-0.52,-9.58,17.15,-0.01,0,0,,,,-0.402,-0.065,1.9,13.26,-0.01,,,
66.59,REGROUND,-10.59,-0.52,-9.58,17.16,-0.01,0,0,,,,-0.392,-0.064,2.2,13.26,-0.01,,,
66.64,REGROUND,-10.59,-0.52,-9.58,17.17,-0.01,0,0,,,,-0.402,-0.066,1.9,13.26,-0.01,,,
66.69,REGROUND,-10.63,-0.52,-9.58,17.19,-0.01,0,0,,,,-0.391,-0.064,2.5,13.26,-0.01,,,
66.74,REGROUND,-10.63,-0.52,-9.58,17.2,-0.01,0,0,,,,-0.401,-0.066,1.8,13.26,-0.01,,,
66.79,REGROUND,-10.67,-0.53,-9.58,17.21,-0.01,0,0,,,,-0.391,-0.064,2.5,13.26,-0.01,,,
66.84,REGROUND,-10.67,-0.53,-9.58,17.22,-0.01,0,0,,,,-0.401,-0.066,1.9,13.26,-0.01,,,
66.89,REGROUND,-10.71,-0.53,-9.58,17.24,-0.01,0,0,,,,-0.391,-0.065,2.5,13.26,-0.01,,,
66.94,REGROUND,-10.71,-0.53,-9.58,17.25,-0.01,0,0,,,,-0.401,-0.066,1.9,13.26,-0.01,,,
66.99,REGROUND,-10.75,-0.53,-9.58,17.26,-0.01,0,0,,,,-0.391,-0.065,2.5,13.26,-0.01,,,
67.04,REGROUND,-10.75,-0.53,-9.58,17.27,-0.01,0,0,,,,-0.401,-0.066,1.8,13.26,-0.01,,,
67.09,REGROUND,-10.79,-0.53,-9.58,17.29,-0.01,0,0,,,,-0.391,-0.065,2.4,13.26,-0.01,,,
67.14,REGROUND,-10.79,-0.53,-9.58,17.3,-0.01,0,0,,,,-0.401,-0.066,1.8,13.26,-0.01,,,
67.19,REGROUND,-10.83,-0.53,-9.58,17.31,-0.01,0,0,,,,-0.391,-0.065,2.5,13.26,-0.01,,,
67.24,REGROUND,-10.83,-0.53,-9.58,17.32,-0.01,0,0,,,,-0.401,-0.066,1.8,13.26,-0.01,,,
67.29,REGROUND,-10.87,-0.53,-9.58,17.34,-0.01,0,0,,,,-0.391,-0.065,2.4,13.26,-0.01,,,
67.34,REGROUND,-10.87,-0.53,-9.58,17.35,-0.01,0,0,,,,-0.401,-0.067,1.6,13.26,-0.01,,,
67.39,REGROUND,-10.91,-0.53,-9.58,17.36,-0.01,0,0,,,,-0.391,-0.065,2.2,13.26,-0.01,,,
67.44,REGROUND,-10.91,-0.53,-9.58,17.37,-0.01,0,0,,,,-0.401,-0.067,1.9,13.26,-0.01,,,
67.49,REGROUND,-10.95,-0.53,-9.58,17.39,-0.01,0,0,,,,-0.391,-0.065,2.4,13.26,-0.01,,,
67.54,REGROUND,-10.95,-0.53,-9.58,17.4,-0.01,0,0,,,,-0.401,-0.067,1.8,13.26,-0.01,,,
67.59,REGROUND,-10.99,-0.54,-9.58,17.41,-0.01,0,0,,,,-0.391,-0.065,2.5,13.26,-0.01,,,
67.64,REGROUND,-10.99,-0.54,-9.58,17.42,-0.01,0,0,,,,-0.401,-0.067,5.3,13.26,-0.01,,,
67.69,REGROUND,-11.03,-0.54,-9.58,17.44,-0.01,0,0,,,,-0.391,-0.065,2.5,13.26,-0.01,,,
67.74,REGROUND,-11.03,-0.54,-9.58,17.45,-0.01,0,0,,,,-0.401,-0.067,1.8,13.26,-0.01,,,
67.79,REGROUND,-11.07,-0.54,-9.58,17.46,-0.01,0,0,,,,-0.391,-0.065,2.4,13.26,-0.01,,,
67.84,REGROUND,-11.07,-0.54,-9.58,17.47,-0.01,0,0,,,,-0.401,-0.067,1.6,13.26,-0.01,,,
67.89,REGROUND,-11.11,-0.54,-9.58,17.49,-0.01,0,0,,,,-0.391,-0.065,2.4,13.26,-0.01,,,
67.94,REGROUND,-11.11,-0.54,-9.58,17.5,-0.01,0,0,,,,-0.401,-0.067,1.8,13.26,-0.01,,,
67.99,REGROUND,-11.15,-0.54,-9.58,17.51,-0.01,0,0,,,,-0.392,-0.065,2.3,13.26,-0.01,,,
68.04,REGROUND,-11.15,-0.54,-9.58,17.52,-0.01,0,0,,,,-0.402,-0.067,1.8,13.26,-0.01,,,
68.09,REGROUND,-11.19,-0.54,-9.58,17.54,-0.01,0,0,,,,-0.392,-0.065,2.3,13.26,-0.01,,,
68.14,REGROUND,-11.19,-0.54,-9.58,17.55,-0.01,0,0,,,,-0.402,-0.067,1.9,13.26,-0.01,,,
68.19,REGROUND,-11.23,-0.54,-9.58,17.56,-0.01,0,0,,,,-0.392,-0.065,2.5,13.26,-0.01,,,
68.24,REGROUND,-11.23,-0.54,-9.58,17.57,-0.01,0,0,,,,-0.402,-0.067,1.8,13.26,-0.01,,,
68.29,REGROUND,-11.27,-0.55,-9.58,17.59,-0.01,0,0,,,,-0.392,-0.065,2.5,13.26,-0.01,,,
68.34,REGROUND,-11.27,-0.55,-9.58,17.6,-0.01,0,0,,,,-0.402,-0.066,1.7,13.26,-0.01,,,
68.39,REGROUND,-11.31,-0.55,-9.58,17.61,-0.01,0,0,,,,-0.392,-0.065,2.5,13.26,-0.01,,,
68.44,REGROUND,-11.31,-0.55,-9.58,17.62,-0.01,0,0,,,,-0.402,-0.066,1.8,13.26,-0.01,,,
68.49,REGROUND,-11.35,-0.55,-9.58,17.64,-0.01,0,0,,,,-0.392,-0.064,2.4,13.26,-0.01,,,
68.54,REGROUND,-11.35,-0.55,-9.58,17.65,-0.01,0,0,,,,-0.402,-0.066,1.7,13.26,-0.01,,,
68.59,REGROUND,-11.39,-0.55,-9.58,17.66,-0.01,0,0,,,,-0.392,-0.064,2.5,13.26,-0.01,,,
68.64,REGROUND,-11.39,-0.55,-9.58,17.67,-0.01,0,0,,,,-0.402,-0.066,1.8,13.26,-0.01,,,
68.69,REGROUND,-11.43,-0.55,-9.58,17.69,-0.01,0,0,,,,-0.392,-0.064,2.4,13.26,-0.01,,,
68.74,REGROUND,-11.43,-0.55,-9.58,17.7,-0.01,0,0,,,,-0.402,-0.066,1.8,13.26,-0.01,,,
68.79,REGROUND,-11.47,-0.56,-9.58,17.71,-0.01,0,0,,,,-0.392,-0.064,2.4,13.26,-0.01,,,
68.84,REGROUND,-11.47,-0.56,-9.58,17.72,-0.01,0,0,,,,-0.402,-0.065,1.8,13.26,-0.01,,,
68.89,REGROUND,-11.51,-0.56,-9.58,17.74,-0.01,0,0,,,,-0.393,-0.064,2.4,13.26,-0.01,,,
68.94,REGROUND,-11.51,-0.56,-9.58,17.75,-0.01,0,0,,,,-0.402,-0.065,1.9,13.26,-0.01,,,
68.99,REGROUND,-11.55,-0.56,-9.58,17.76,-0.01,0,0,,,,-0.393,-0.064,2.4,13.26,-0.01,,,
69.04,REGROUND,-11.55,-0.56,-9.58,17.77,-0.01,0,0,,,,-0.403,-0.065,2.0,13.26,-0.01,,,
69.09,REGROUND,-11.59,-0.56,-9.58,17.79,-0.01,0,0,,,,-0.393,-0.064,2.5,13.26,-0.01,,,
69.14,REGROUND,-11.59,-0.56,-9.58,17.8,-0.01,0,0,,,,-0.403,-0.065,1.8,13.26,-0.01,,,
69.19,REGROUND,-11.63,-0.56,-9.58,17.81,-0.01,0,0,,,,-0.393,-0.063,2.3,13.26,-0.01,,,
69.24,REGROUND,-11.63,-0.56,-9.58,17.82,-0.01,0,0,,,,-0.403,-0.065,1.8,13.26,-0.01,,,
69.29,REGROUND,-11.67,-0.56,-9.58,17.84,-0.01,0,0,,,,-0.393,-0.064,2.5,13.26,-0.01,,,
69.34,REGROUND,-11.67,-0.56,-9.58,17.85,-0.01,0,0,,,,-0.403,-0.065,1.5,13.26,-0.01,,,
69.39,REGROUND,-11.71,-0.57,-9.58,17.86,-0.01,0,0,,,,-0.394,-0.063,2.4,13.26,-0.01,,,
69.44,REGROUND,-11.71,-0.57,-9.58,17.87,-0.01,0,0,,,,-0.404,-0.065,1.6,13.26,-0.01,,,
69.49,REGROUND,-11.75,-0.57,-9.58,17.89,-0.01,0,0,,,,-0.394,-0.064,2.3,13.26,-0.01,,,
69.54,REGROUND,-11.75,-0.57,-9.58,17.9,-0.01,0,0,,,,-0.404,-0.065,1.8,13.26,-0.01,,,
69.59,REGROUND,-11.79,-0.57,-9.58,17.91,-0.01,0,0,,,,-0.394,-0.063,2.5,13.26,-0.01,,,
69.64,REGROUND,-11.79,-0.57,-9.58,17.92,-0.01,0,0,,,,-0.404,-0.065,1.9,13.26,-0.01,,,
69.69,REGROUND,-11.83,-0.57,-9.58,17.94,-0.01,0,0,,,,-0.394,-0.063,2.4,13.26,-0.01,,,
69.74,REGROUND,-11.83,-0.57,-9.58,17.95,-0.01,0,0,,,,-0.404,-0.065,1.8,13.26,-0.01,,,
69.79,REGROUND,-11.87,-0.57,-9.58,17.96,-0.01,0,0,,,,-0.394,-0.063,2.5,13.26,-0.01,,,
69.84,REGROUND,-11.87,-0.57,-9.58,17.97,-0.01,0,0,,,,-0.404,-0.065,1.7,13.26,-0.01,,,
69.89,REGROUND,-11.91,-0.57,-9.58,17.99,-0.01,0,0,,,,-0.393,-0.063,2.5,13.26,-0.01,,,
69.94,REGROUND,-11.91,-0.57,-9.58,18.0,-0.01,0,0,,,,-0.403,-0.065,5.4,13.26,-0.01,,,
69.99,REGROUND,-11.95,-0.57,-9.58,18.01,-0.01,0,0,,,,-0.393,-0.063,2.4,13.26,-0.01,,,
70.04,REGROUND,-11.95,-0.57,-9.58,18.02,-0.01,0,0,,,,-0.403,-0.065,1.7,13.26,-0.01,,,
70.09,REGROUND,-11.99,-0.58,-9.58,18.04,-0.01,0,0,,,,-0.393,-0.063,2.4,13.26,-0.01,,,
70.14,REGROUND,-11.99,-0.58,-9.58,18.05,-0.01,0,0,,,,-0.403,-0.065,1.8,13.26,-0.01,,,
70.19,REGROUND,-12.03,-0.58,-9.58,18.06,-0.01,0,0,,,,-0.393,-0.063,2.3,13.26,-0.01,,,
70.24,REGROUND,-12.03,-0.58,-9.58,18.07,-0.01,0,0,,,,-0.403,-0.065,1.8,13.26,-0.01,,,
70.29,REGROUND,-12.07,-0.58,-9.58,18.09,-0.01,0,0,,,,-0.393,-0.064,2.3,13.26,-0.01,,,
70.34,REGROUND,-12.07,-0.58,-9.58,18.1,-0.01,0,0,,,,-0.403,-0.065,1.8,13.26,-0.01,,,
70.39,REGROUND,-12.11,-0.58,-9.58,18.11,-0.01,0,0,,,,-0.393,-0.064,2.5,13.26,-0.01,,,
70.44,REGROUND,-12.11,-0.58,-9.58,18.13,-0.01,0,0,,,,-0.403,-0.065,1.9,13.26,-0.01,,,
70.49,REGROUND,-12.16,-0.58,-9.58,18.14,-0.01,0,0,,,,-0.393,-0.064,2.4,13.26,-0.01,,,
70.54,REGROUND,-12.16,-0.58,-9.58,18.15,-0.01,0,0,,,,-0.403,-0.065,1.8,13.26,-0.01,,,
70.59,REGROUND,-12.2,-0.58,-9.58,18.16,-0.01,0,0,,,,-0.393,-0.064,2.5,13.26,-0.01,,,
70.64,REGROUND,-12.2,-0.58,-9.58,18.18,-0.01,0,0,,,,-0.403,-0.065,1.8,13.26,-0.01,,,
70.69,REGROUND,-12.24,-0.58,-9.58,18.19,-0.01,0,0,,,,-0.392,-0.064,2.6,13.26,-0.01,,,
70.74,REGROUND,-12.24,-0.58,-9.58,18.2,-0.01,0,0,,,,-0.402,-0.066,1.7,13.26,-0.01,,,
70.79,REGROUND,-12.28,-0.58,-9.58,18.21,-0.01,0,0,,,,-0.392,-0.064,2.5,13.26,-0.01,,,
70.84,REGROUND,-12.28,-0.58,-9.58,18.23,-0.01,0,0,,,,-0.402,-0.066,1.8,13.26,-0.01,,,
70.89,REGROUND,-12.32,-0.59,-9.58,18.24,-0.01,0,0,,,,-0.392,-0.064,2.5,13.26,-0.01,,,
70.94,REGROUND,-12.32,-0.59,-9.58,18.25,-0.01,0,0,,,,-0.402,-0.066,1.6,13.26,-0.01,,,
70.99,REGROUND,-12.36,-0.59,-9.58,18.26,-0.01,0,0,,,,-0.392,-0.064,2.3,13.26,-0.01,,,
71.04,REGROUND,-12.36,-0.59,-9.58,18.28,-0.01,0,0,,,,-0.402,-0.066,1.8,13.26,-0.01,,,
71.09,REGROUND,-12.4,-0.59,-9.58,18.29,-0.01,0,0,,,,-0.392,-0.064,2.3,13.26,-0.01,,,
71.14,REGROUND,-12.44,-0.59,-9.58,18.3,-0.01,0,0,,,,-0.382,-0.062,2.5,13.26,-0.01,,,
71.19,REGROUND,-12.44,-0.59,-9.58,18.31,-0.01,0,0,,,,-0.392,-0.064,1.9,13.26,-0.01,,,
71.24,REGROUND,-12.48,-0.59,-9.58,18.33,-0.01,0,0,,,,-0.382,-0.062,2.4,13.26,-0.01,,,
71.29,REGROUND,-12.48,-0.59,-9.58,18.34,-0.01,0,0,,,,-0.392,-0.064,1.8,13.26,-0.01,,,
71.34,REGROUND,-12.52,-0.59,-9.58,18.35,-0.01,0,0,,,,-0.382,-0.062,2.3,13.26,-0.01,,,
71.39,REGROUND,-12.52,-0.59,-9.58,18.36,-0.01,0,0,,,,-0.392,-0.063,1.8,13.26,-0.01,,,
71.44,REGROUND,-12.56,-0.6,-9.58,18.38,-0.01,0,0,,,,-0.382,-0.062,2.2,13.26,-0.01,,,
71.49,REGROUND,-12.56,-0.6,-9.58,18.39,-0.01,0,0,,,,-0.392,-0.063,1.8,13.26,-0.01,,,
71.54,REGROUND,-12.6,-0.6,-9.58,18.4,-0.01,0,0,,,,-0.383,-0.062,2.3,13.26,-0.01,,,
71.59,REGROUND,-12.6,-0.6,-9.58,18.41,-0.01,0,0,,,,-0.393,-0.063,2.0,13.26,-0.01,,,
71.64,REGROUND,-12.64,-0.6,-9.58,18.43,-0.01,0,0,,,,-0.383,-0.062,2.4,13.26,-0.01,,,
71.69,REGROUND,-12.64,-0.6,-9.58,18.44,-0.01,0,0,,,,-0.393,-0.063,1.8,13.26,-0.01,,,
71.74,REGROUND,-12.64,-0.6,-9.58,18.45,-0.01,0,0,,,,-0.403,-0.065,1.8,13.26,-0.01,,,
71.8,REGROUND,-12.68,-0.6,-9.58,18.46,-0.01,0,0,,,,-0.394,-0.063,2.4,13.26,-0.01,,,
71.85,REGROUND,-12.68,-0.6,-9.58,18.48,-0.01,0,0,,,,-0.403,-0.065,1.8,13.26,-0.01,,,
71.9,REGROUND,-12.72,-0.6,-9.58,18.49,-0.01,0,0,,,,-0.394,-0.064,2.3,13.26,-0.01,,,
71.95,REGROUND,-12.72,-0.6,-9.58,18.5,-0.01,0,0,,,,-0.404,-0.065,1.7,13.26,-0.01,,,
72.0,REGROUND,-12.76,-0.6,-9.58,18.51,-0.01,0,0,,,,-0.394,-0.063,2.5,13.26,-0.01,,,
72.05,REGROUND,-12.76,-0.6,-9.58,18.53,-0.01,0,0,,,,-0.404,-0.065,1.8,13.26,-0.01,,,
72.1,REGROUND,-12.8,-0.6,-9.58,18.54,-0.01,0,0,,,,-0.394,-0.064,2.5,13.26,-0.01,,,
72.15,REGROUND,-12.8,-0.6,-9.58,18.55,-0.01,0,0,,,,-0.404,-0.065,1.8,13.26,-0.01,,,
72.2,REGROUND,-12.84,-0.61,-9.58,18.56,-0.01,0,0,,,,-0.394,-0.064,2.6,13.26,-0.01,,,
72.25,REGROUND,-12.88,-0.61,-9.58,18.58,-0.01,0,0,,,,-0.385,-0.062,2.3,13.26,-0.01,,,
72.3,REGROUND,-12.88,-0.61,-9.58,18.59,-0.01,0,0,,,,-0.395,-0.064,5.0,13.26,-0.01,,,
72.35,REGROUND,-12.92,-0.61,-9.58,18.6,-0.01,0,0,,,,-0.385,-0.062,2.3,13.26,-0.01,,,
72.4,REGROUND,-12.92,-0.61,-9.58,18.61,-0.01,0,0,,,,-0.395,-0.064,1.6,13.26,-0.01,,,
72.45,REGROUND,-12.96,-0.61,-9.58,18.63,-0.01,0,0,,,,-0.385,-0.062,2.4,13.26,-0.01,,,
72.5,REGROUND,-12.96,-0.61,-9.58,18.64,-0.01,0,0,,,,-0.395,-0.064,1.8,13.26,-0.01,,,
72.55,REGROUND,-12.96,-0.61,-9.58,18.65,-0.01,0,0,,,,-0.405,-0.066,1.8,13.26,-0.01,,,
72.6,REGROUND,-13.0,-0.61,-9.58,18.66,-0.01,0,0,,,,-0.395,-0.064,2.3,13.26,-0.01,,,
72.65,REGROUND,-13.0,-0.61,-9.58,18.68,-0.01,0,0,,,,-0.405,-0.066,1.9,13.26,-0.01,,,
72.7,REGROUND,-13.04,-0.61,-9.58,18.69,-0.01,0,0,,,,-0.395,-0.064,2.3,13.26,-0.01,,,
72.75,REGROUND,-13.04,-0.61,-9.58,18.7,-0.01,0,0,,,,-0.405,-0.066,1.9,13.26,-0.01,,,
72.8,REGROUND,-13.08,-0.61,-9.58,18.71,-0.01,0,0,,,,-0.395,-0.065,2.5,13.26,-0.01,,,
72.85,REGROUND,-13.12,-0.61,-9.58,18.73,-0.01,0,0,,,,-0.385,-0.063,2.5,13.26,-0.01,,,
72.9,REGROUND,-13.12,-0.61,-9.58,18.74,-0.01,0,0,,,,-0.395,-0.065,1.8,13.26,-0.01,,,
72.95,REGROUND,-13.16,-0.62,-9.58,18.75,-0.01,0,0,,,,-0.386,-0.063,2.5,13.26,-0.01,,,
73.0,REGROUND,-13.16,-0.62,-9.58,18.76,-0.01,0,0,,,,-0.396,-0.065,1.8,13.26,-0.01,,,
73.05,REGROUND,-13.2,-0.62,-9.58,18.78,-0.01,0,0,,,,-0.386,-0.063,2.4,13.26,-0.01,,,
73.1,REGROUND,-13.2,-0.62,-9.58,18.79,-0.01,0,0,,,,-0.396,-0.065,1.8,13.26,-0.01,,,
73.15,REGROUND,-13.24,-0.62,-9.58,18.8,-0.01,0,0,,,,-0.386,-0.063,2.4,13.26,-0.01,,,
73.2,REGROUND,-13.24,-0.62,-9.58,18.81,-0.01,0,0,,,,-0.396,-0.065,1.7,13.26,-0.01,,,
73.25,REGROUND,-13.24,-0.62,-9.58,18.83,-0.01,0,0,,,,-0.406,-0.067,1.8,13.26,-0.01,,,
73.3,REGROUND,-13.28,-0.62,-9.58,18.84,-0.01,0,0,,,,-0.396,-0.065,2.3,13.26,-0.01,,,
73.35,REGROUND,-13.28,-0.62,-9.58,18.85,-0.01,0,0,,,,-0.406,-0.067,1.8,13.26,-0.01,,,
73.4,REGROUND,-13.32,-0.62,-9.58,18.86,-0.01,0,0,,,,-0.396,-0.065,2.3,13.26,-0.01,,,
73.45,REGROUND,-13.36,-0.62,-9.58,18.88,-0.01,0,0,,,,-0.386,-0.064,2.2,13.26,-0.01,,,
73.5,REGROUND,-13.36,-0.62,-9.58,18.89,-0.01,0,0,,,,-0.396,-0.065,2.0,13.26,-0.01,,,
73.55,REGROUND,-13.4,-0.62,-9.58,18.9,-0.01,0,0,,,,-0.386,-0.064,2.4,13.26,-0.01,,,
73.6,REGROUND,-13.4,-0.62,-9.58,18.91,-0.01,0,0,,,,-0.396,-0.065,1.8,13.26,-0.01,,,
73.65,REGROUND,-13.44,-0.62,-9.58,18.93,-0.01,0,0,,,,-0.386,-0.064,2.5,13.26,-0.01,,,
73.7,REGROUND,-13.44,-0.62,-9.58,18.94,-0.01,0,0,,,,-0.396,-0.066,1.8,13.26,-0.01,,,
73.75,REGROUND,-13.48,-0.63,-9.58,18.95,-0.01,0,0,,,,-0.387,-0.064,2.5,13.26,-0.01,,,
73.8,REGROUND,-13.48,-0.63,-9.58,18.96,-0.01,0,0,,,,-0.397,-0.066,1.6,13.26,-0.01,,,
73.85,REGROUND,-13.52,-0.63,-9.58,18.98,-0.01,0,0,,,,-0.387,-0.064,2.4,13.26,-0.01,,,
73.9,REGROUND,-13.52,-0.63,-9.58,18.99,-0.01,0,0,,,,-0.397,-0.066,1.8,13.26,-0.01,,,
73.95,REGROUND,-13.52,-0.63,-9.58,19.0,-0.01,0,0,,,,-0.407,-0.067,1.6,13.26,-0.01,,,
74.0,REGROUND,-13.56,-0.63,-9.58,19.01,-0.01,0,0,,,,-0.397,-0.065,2.3,13.26,-0.01,,,
74.05,REGROUND,-13.6,-0.63,-9.58,19.03,-0.01,0,0,,,,-0.387,-0.064,2.2,13.26,-0.01,,,
74.1,REGROUND,-13.6,-0.63,-9.58,19.04,-0.01,0,0,,,,-0.397,-0.065,1.8,13.26,-0.01,,,
74.15,REGROUND,-13.64,-0.63,-9.58,19.05,-0.01,0,0,,,,-0.388,-0.064,2.6,13.26,-0.01,,,
74.2,REGROUND,-13.64,-0.63,-9.58,19.06,-0.01,0,0,,,,-0.398,-0.065,1.8,13.26,-0.01,,,
74.25,REGROUND,-13.67,-0.63,-9.58,19.08,-0.01,0,0,,,,-0.388,-0.064,2.6,13.26,-0.01,,,
74.3,REGROUND,-13.67,-0.63,-9.58,19.09,-0.01,0,0,,,,-0.398,-0.065,1.8,13.26,-0.01,,,
74.35,REGROUND,-13.71,-0.64,-9.58,19.1,-0.01,0,0,,,,-0.388,-0.063,2.4,13.26,-0.01,,,
74.4,REGROUND,-13.71,-0.64,-9.58,19.11,-0.01,0,0,,,,-0.398,-0.065,1.8,13.26,-0.01,,,
74.45,REGROUND,-13.75,-0.64,-9.58,19.13,-0.01,0,0,,,,-0.389,-0.063,2.5,13.26,-0.01,,,
74.5,REGROUND,-13.75,-0.64,-9.58,19.14,-0.01,0,0,,,,-0.399,-0.065,1.7,13.26,-0.01,,,
74.55,REGROUND,-13.79,-0.64,-9.58,19.15,-0.01,0,0,,,,-0.389,-0.063,2.4,13.26,-0.01,,,
74.6,REGROUND,-13.79,-0.64,-9.58,19.16,-0.01,0,0,,,,-0.399,-0.065,1.8,13.26,-0.01,,,
74.65,REGROUND,-13.83,-0.64,-9.58,19.18,-0.01,0,0,,,,-0.389,-0.063,5.8,13.26,-0.01,,,
74.7,REGROUND,-13.83,-0.64,-9.58,19.19,-0.01,0,0,,,,-0.399,-0.065,1.8,13.26,-0.01,,,
74.75,REGROUND,-13.87,-0.64,-9.58,19.2,-0.01,0,0,,,,-0.389,-0.063,2.3,13.26,-0.01,,,
74.8,REGROUND,-13.87,-0.64,-9.58,19.21,-0.01,0,0,,,,-0.399,-0.065,1.8,13.26,-0.01,,,
74.85,REGROUND,-13.91,-0.64,-9.58,19.23,-0.01,0,0,,,,-0.389,-0.063,2.2,13.26,-0.01,,,
74.9,REGROUND,-13.91,-0.64,-9.58,19.24,-0.01,0,0,,,,-0.399,-0.065,1.9,13.26,-0.01,,,
74.95,REGROUND,-13.95,-0.65,-9.58,19.25,-0.01,0,0,,,,-0.39,-0.063,2.5,13.26,-0.01,,,
75.0,REGROUND,-13.95,-0.65,-9.58,19.26,-0.01,0,0,,,,-0.4,-0.064,1.8,13.26,-0.01,,,
75.05,REGROUND,-13.99,-0.65,-9.58,19.28,-0.01,0,0,,,,-0.39,-0.063,2.5,13.26,-0.01,,,
75.1,REGROUND,-13.99,-0.65,-9.58,19.29,-0.01,0,0,,,,-0.4,-0.065,1.8,13.26,-0.01,,,
75.15,REGROUND,-14.03,-0.65,-9.58,19.3,-0.01,0,0,,,,-0.39,-0.063,2.5,13.26,-0.01,,,
75.2,REGROUND,-14.03,-0.65,-9.58,19.31,-0.01,0,0,,,,-0.4,-0.065,1.8,13.26,-0.01,,,
75.25,REGROUND,-14.07,-0.65,-9.58,19.33,-0.01,0,0,,,,-0.39,-0.063,2.5,13.26,-0.01,,,
75.3,REGROUND,-14.07,-0.65,-9.58,19.34,-0.01,0,0,,,,-0.4,-0.065,1.7,13.26,-0.01,,,
75.35,REGROUND,-14.11,-0.65,-9.58,19.35,-0.01,0,0,,,,-0.391,-0.063,2.2,13.26,-0.01,,,
75.4,REGROUND,-14.11,-0.65,-9.58,19.36,-0.01,0,0,,,,-0.401,-0.065,1.8,13.26,-0.01,,,
75.45,REGROUND,-14.15,-0.65,-9.58,19.38,-0.01,0,0,,,,-0.391,-0.064,2.4,13.26,-0.01,,,
75.5,REGROUND,-14.15,-0.65,-9.58,19.39,-0.01,0,0,,,,-0.401,-0.065,1.8,13.26,-0.01,,,
75.55,REGROUND,-14.19,-0.65,-9.58,19.4,-0.01,0,0,,,,-0.391,-0.064,2.5,13.26,-0.01,,,
75.6,REGROUND,-14.19,-0.65,-9.58,19.41,-0.01,0,0,,,,-0.401,-0.065,1.8,13.26,-0.01,,,
75.65,REGROUND,-14.23,-0.65,-9.58,19.43,-0.01,0,0,,,,-0.391,-0.064,2.6,13.26,-0.01,,,
75.7,REGROUND,-14.23,-0.65,-9.58,19.44,-0.01,0,0,,,,-0.401,-0.066,1.8,13.26,-0.01,,,
75.75,REGROUND,-14.27,-0.66,-9.58,19.45,-0.01,0,0,,,,-0.391,-0.064,2.4,13.26,-0.01,,,
75.8,REGROUND,-14.27,-0.66,-9.58,19.46,-0.01,0,0,,,,-0.401,-0.066,1.6,13.26,-0.01,,,
75.85,REGROUND,-14.31,-0.66,-9.58,19.48,-0.01,0,0,,,,-0.391,-0.064,2.2,13.26,-0.01,,,
75.9,REGROUND,-14.31,-0.66,-9.58,19.49,-0.01,0,0,,,,-0.401,-0.066,1.7,13.26,-0.01,,,
75.95,REGROUND,-14.35,-0.66,-9.58,19.5,-0.01,0,0,,,,-0.391,-0.064,2.4,13.26,-0.01,,,
76.0,REGROUND,-14.35,-0.66,-9.58,19.51,-0.01,0,0,,,,-0.401,-0.066,1.8,13.26,-0.01,,,
76.05,REGROUND,-14.39,-0.66,-9.58,19.53,-0.01,0,0,,,,-0.391,-0.064,2.3,13.26,-0.01,,,
76.1,REGROUND,-14.39,-0.66,-9.58,19.54,-0.01,0,0,,,,-0.401,-0.066,1.8,13.26,-0.01,,,
76.15,REGROUND,-14.43,-0.66,-9.58,19.55,-0.01,0,0,,,,-0.391,-0.064,2.3,13.26,-0.01,,,
76.2,REGROUND,-14.43,-0.66,-9.58,19.56,-0.01,0,0,,,,-0.401,-0.066,1.8,13.26,-0.01,,,
76.25,REGROUND,-14.47,-0.66,-9.58,19.58,-0.01,0,0,,,,-0.391,-0.065,2.5,13.26,-0.01,,,
76.3,REGROUND,-14.47,-0.66,-9.58,19.59,-0.01,0,0,,,,-0.401,-0.066,1.9,13.26,-0.01,,,
76.35,REGROUND,-14.51,-0.66,-9.58,19.6,-0.01,0,0,,,,-0.392,-0.064,2.5,13.26,-0.01,,,
76.4,REGROUND,-14.51,-0.66,-9.58,19.61,-0.01,0,0,,,,-0.402,-0.066,1.8,13.26,-0.01,,,
76.45,REGROUND,-14.55,-0.66,-9.58,19.63,-0.01,0,0,,,,-0.392,-0.064,2.3,13.26,-0.01,,,
76.5,REGROUND,-14.55,-0.66,-9.58,19.64,-0.01,0,0,,,,-0.402,-0.066,1.8,13.26,-0.01,,,
76.55,REGROUND,-14.59,-0.67,-9.58,19.65,-0.01,0,0,,,,-0.392,-0.064,2.4,13.26,-0.01,,,
76.6,REGROUND,-14.59,-0.67,-9.58,19.66,-0.01,0,0,,,,-0.402,-0.066,1.8,13.26,-0.01,,,
76.65,REGROUND,-14.63,-0.67,-9.58,19.68,-0.01,0,0,,,,-0.392,-0.064,2.4,13.26,-0.01,,,
76.7,REGROUND,-14.63,-0.67,-9.58,19.69,-0.01,0,0,,,,-0.401,-0.066,1.7,13.26,-0.01,,,
76.75,REGROUND,-14.67,-0.67,-9.58,19.7,-0.01,0,0,,,,-0.391,-0.064,2.4,13.26,-0.01,,,
76.8,REGROUND,-14.67,-0.67,-9.58,19.71,-0.01,0,0,,,,-0.401,-0.066,1.8,13.26,-0.01,,,
76.85,REGROUND,-14.71,-0.67,-9.58,19.73,-0.01,0,0,,,,-0.391,-0.064,2.3,13.26,-0.01,,,
76.9,REGROUND,-14.71,-0.67,-9.58,19.74,-0.01,0,0,,,,-0.401,-0.066,1.8,13.26,-0.01,,,
76.95,REGROUND,-14.75,-0.67,-9.58,19.75,-0.01,0,0,,,,-0.391,-0.064,2.2,13.26,-0.01,,,
77.0,REGROUND,-14.75,-0.67,-9.58,19.76,-0.01,0,0,,,,-0.401,-0.065,5.3,13.26,-0.01,,,
77.05,REGROUND,-14.8,-0.68,-9.58,19.78,-0.01,0,0,,,,-0.391,-0.064,2.4,13.26,-0.01,,,
77.1,REGROUND,-14.8,-0.68,-9.58,19.79,-0.01,0,0,,,,-0.401,-0.065,1.8,13.26,-0.01,,,
77.15,REGROUND,-14.84,-0.68,-9.58,19.8,-0.01,0,0,,,,-0.392,-0.063,2.5,13.26,-0.01,,,
77.2,REGROUND,-14.84,-0.68,-9.58,19.81,-0.01,0,0,,,,-0.401,-0.065,1.8,13.26,-0.01,,,
77.25,REGROUND,-14.88,-0.68,-9.58,19.83,-0.01,0,0,,,,-0.392,-0.063,2.6,13.26,-0.01,,,
77.3,REGROUND,-14.88,-0.68,-9.58,19.84,-0.01,0,0,,,,-0.402,-0.065,1.9,13.26,-0.01,,,
77.35,REGROUND,-14.92,-0.68,-9.58,19.85,-0.01,0,0,,,,-0.392,-0.063,2.5,13.26,-0.01,,,
77.4,REGROUND,-14.92,-0.68,-9.58,19.86,-0.01,0,0,,,,-0.402,-0.065,1.7,13.26,-0.01,,,
77.45,REGROUND,-14.96,-0.68,-9.58,19.88,-0.01,0,0,,,,-0.392,-0.063,2.3,13.26,-0.01,,,
77.5,REGROUND,-14.96,-0.68,-9.58,19.89,-0.01,0,0,,,,-0.402,-0.065,1.8,13.26,-0.01,,,
77.55,REGROUND,-15.0,-0.68,-9.58,19.9,-0.01,0,0,,,,-0.392,-0.063,2.3,13.26,-0.01,,,
77.6,REGROUND,-15.0,-0.68,-9.58,19.91,-0.01,0,0,,,,-0.402,-0.064,1.8,13.26,-0.01,,,
77.65,REGROUND,-15.04,-0.69,-9.58,19.93,-0.01,0,0,,,,-0.392,-0.063,2.4,13.26,-0.01,,,
77.7,REGROUND,-15.04,-0.69,-9.58,19.94,-0.01,0,0,,,,-0.402,-0.064,1.9,13.26,-0.01,,,
77.75,REGROUND,-15.08,-0.69,-9.58,19.95,-0.01,0,0,,,,-0.392,-0.063,2.5,13.26,-0.01,,,
77.8,REGROUND,-15.08,-0.69,-9.58,19.97,-0.01,0,0,,,,-0.402,-0.064,2.0,13.26,-0.01,,,
77.85,REGROUND,-15.12,-0.69,-9.58,19.98,-0.01,0,0,,,,-0.392,-0.063,2.3,13.26,-0.01,,,
77.9,REGROUND,-15.12,-0.69,-9.58,19.99,-0.01,0,0,,,,-0.402,-0.064,1.8,13.26,-0.01,,,
77.95,REGROUND,-15.16,-0.69,-9.58,20.0,-0.01,0,0,,,,-0.392,-0.063,2.5,13.26,-0.01,,,
78.0,REGROUND,-15.16,-0.69,-9.58,20.02,-0.01,0,0,,,,-0.402,-0.064,1.6,13.26,-0.01,,,
78.05,REGROUND,-15.2,-0.69,-9.58,20.03,-0.01,0,0,,,,-0.392,-0.063,2.5,13.26,-0.01,,,
78.1,REGROUND,-15.2,-0.69,-9.58,20.04,-0.01,0,0,,,,-0.402,-0.064,1.8,13.26,-0.01,,,
78.15,REGROUND,-15.24,-0.69,-9.58,20.05,-0.01,0,0,,,,-0.392,-0.063,2.5,13.26,-0.01,,,
78.2,REGROUND,-15.24,-0.69,-9.58,20.07,-0.01,0,0,,,,-0.402,-0.064,1.8,13.26,-0.01,,,
78.25,REGROUND,-15.28,-0.69,-9.58,20.08,-0.01,0,0,,,,-0.392,-0.063,2.4,13.26,-0.01,,,
78.3,REGROUND,-15.28,-0.69,-9.58,20.09,-0.01,0,0,,,,-0.402,-0.065,1.8,13.26,-0.01,,,
78.35,REGROUND,-15.32,-0.69,-9.58,20.1,-0.01,0,0,,,,-0.392,-0.063,2.3,13.26,-0.01,,,
78.4,REGROUND,-15.32,-0.69,-9.58,20.12,-0.01,0,0,,,,-0.402,-0.065,1.8,13.26,-0.01,,,
78.45,REGROUND,-15.36,-0.7,-9.58,20.13,-0.01,0,0,,,,-0.392,-0.064,2.5,13.26,-0.01,,,
78.5,REGROUND,-15.36,-0.7,-9.58,20.14,-0.01,0,0,,,,-0.402,-0.065,1.8,13.26,-0.01,,,
78.55,REGROUND,-15.4,-0.7,-9.58,20.15,-0.01,0,0,,,,-0.392,-0.064,2.3,13.26,-0.01,,,
78.6,REGROUND,-15.4,-0.7,-9.58,20.17,-0.01,0,0,,,,-0.402,-0.065,1.8,13.26,-0.01,,,
78.65,REGROUND,-15.44,-0.7,-9.58,20.18,-0.01,0,0,,,,-0.392,-0.064,2.6,13.26,-0.01,,,
78.7,REGROUND,-15.44,-0.7,-9.58,20.19,-0.01,0,0,,,,-0.402,-0.066,1.8,13.26,-0.01,,,
78.75,REGROUND,-15.48,-0.7,-9.58,20.2,-0.01,0,0,,,,-0.392,-0.064,2.4,13.26,-0.01,,,
78.8,REGROUND,-15.48,-0.7,-9.58,20.22,-0.01,0,0,,,,-0.402,-0.066,1.8,13.26,-0.01,,,
78.85,REGROUND,-15.52,-0.7,-9.58,20.23,-0.01,0,0,,,,-0.392,-0.064,2.4,13.26,-0.01,,,
78.9,REGROUND,-15.52,-0.7,-9.58,20.24,-0.01,0,0,,,,-0.402,-0.066,1.8,13.26,-0.01,,,
78.95,REGROUND,-15.56,-0.7,-9.58,20.25,-0.01,0,0,,,,-0.392,-0.064,2.3,13.26,-0.01,,,
79.0,REGROUND,-15.56,-0.7,-9.58,20.27,-0.01,0,0,,,,-0.402,-0.066,1.8,13.26,-0.01,,,
79.05,REGROUND,-15.6,-0.7,-9.58,20.28,-0.01,0,0,,,,-0.392,-0.065,2.4,13.26,-0.01,,,
79.11,REGROUND,-15.6,-0.7,-9.58,20.29,-0.01,0,0,,,,-0.402,-0.066,1.8,13.26,-0.01,,,
79.16,REGROUND,-15.64,-0.7,-9.58,20.3,-0.01,0,0,,,,-0.392,-0.065,2.4,13.26,-0.01,,,
79.21,REGROUND,-15.64,-0.7,-9.58,20.32,-0.01,0,0,,,,-0.402,-0.066,1.8,13.26,-0.01,,,
79.26,REGROUND,-15.68,-0.7,-9.58,20.33,-0.01,0,0,,,,-0.392,-0.065,2.4,13.26,-0.01,,,
79.31,REGROUND,-15.68,-0.7,-9.58,20.34,-0.01,0,0,,,,-0.402,-0.067,5.1,13.26,-0.01,,,
79.36,REGROUND,-15.72,-0.71,-9.58,20.35,-0.01,0,0,,,,-0.392,-0.065,2.5,13.26,-0.01,,,
79.41,REGROUND,-15.72,-0.71,-9.58,20.37,-0.01,0,0,,,,-0.402,-0.067,1.9,13.26,-0.01,,,
79.46,REGROUND,-15.76,-0.71,-9.58,20.38,-0.01,0,0,,,,-0.392,-0.065,2.4,13.26,-0.01,,,
79.51,REGROUND,-15.76,-0.71,-9.58,20.39,-0.01,0,0,,,,-0.402,-0.067,1.8,13.26,-0.01,,,
79.56,REGROUND,-15.8,-0.71,-9.58,20.4,-0.01,0,0,,,,-0.393,-0.065,2.6,13.26,-0.01,,,
79.61,REGROUND,-15.8,-0.71,-9.58,20.42,-0.01,0,0,,,,-0.403,-0.067,1.8,13.26,-0.01,,,
79.66,REGROUND,-15.84,-0.71,-9.58,20.43,-0.01,0,0,,,,-0.393,-0.065,2.6,13.26,-0.01,,,
79.71,REGROUND,-15.84,-0.71,-9.58,20.44,-0.01,0,0,,,,-0.403,-0.067,1.8,13.26,-0.01,,,
79.76,REGROUND,-15.88,-0.71,-9.58,20.45,-0.01,0,0,,,,-0.393,-0.065,2.5,13.26,-0.01,,,
79.81,REGROUND,-15.88,-0.71,-9.58,20.47,-0.01,0,0,,,,-0.403,-0.067,1.8,13.26,-0.01,,,
79.86,REGROUND,-15.92,-0.71,-9.58,20.48,-0.01,0,0,,,,-0.393,-0.065,2.4,13.26,-0.01,,,
79.91,REGROUND,-15.92,-0.71,-9.58,20.49,-0.01,0,0,,,,-0.403,-0.067,1.8,13.26,-0.01,,,
79.96,REGROUND,-15.96,-0.71,-9.58,20.5,-0.01,0,0,,,,-0.393,-0.065,2.4,13.26,-0.01,,,
80.01,REGROUND,-15.96,-0.71,-9.58,20.52,-0.01,0,0,,,,-0.403,-0.066,1.8,13.26,-0.01,,,
80.06,REGROUND,-16.0,-0.72,-9.58,20.53,-0.01,0,0,,,,-0.393,-0.065,2.3,13.26,-0.01,,,
80.11,REGROUND,-16.0,-0.72,-9.58,20.54,-0.01,0,0,,,,-0.403,-0.066,1.8,13.26,-0.01,,,
80.16,REGROUND,-16.04,-0.72,-9.58,20.55,-0.01,0,0,,,,-0.393,-0.064,2.3,13.26,-0.01,,,
80.21,REGROUND,-16.04,-0.72,-9.58,20.57,-0.01,0,0,,,,-0.403,-0.066,1.8,13.26,-0.01,,,
80.26,REGROUND,-16.08,-0.72,-9.58,20.58,-0.01,0,0,,,,-0.393,-0.064,2.3,13.26,-0.01,,,
80.31,REGROUND,-16.08,-0.72,-9.58,20.59,-0.01,0,0,,,,-0.403,-0.066,1.9,13.26,-0.01,,,
80.36,REGROUND,-16.12,-0.72,-9.58,20.6,-0.01,0,0,,,,-0.393,-0.064,2.5,13.26,-0.01,,,
80.41,REGROUND,-16.12,-0.72,-9.58,20.62,-0.01,0,0,,,,-0.403,-0.065,1.8,13.26,-0.01,,,
80.46,REGROUND,-16.16,-0.72,-9.58,20.63,-0.01,0,0,,,,-0.393,-0.064,2.6,13.26,-0.01,,,
80.51,REGROUND,-16.16,-0.72,-9.58,20.64,-0.01,0,0,,,,-0.403,-0.065,1.8,13.26,-0.01,,,
80.56,REGROUND,-16.2,-0.73,-9.58,20.65,-0.01,0,0,,,,-0.393,-0.063,2.5,13.26,-0.01,,,
80.61,REGROUND,-16.2,-0.73,-9.58,20.67,-0.01,0,0,,,,-0.403,-0.065,1.8,13.26,-0.01,,,
80.66,REGROUND,-16.24,-0.73,-9.58,20.68,-0.01,0,0,,,,-0.393,-0.063,2.4,13.26,-0.01,,,
80.71,REGROUND,-16.24,-0.73,-9.58,20.69,-0.01,0,0,,,,-0.403,-0.065,1.8,13.26,-0.01,,,
80.76,REGROUND,-16.28,-0.73,-9.58,20.7,-0.01,0,0,,,,-0.393,-0.063,2.4,13.26,-0.01,,,
80.81,REGROUND,-16.28,-0.73,-9.58,20.72,-0.01,0,0,,,,-0.403,-0.065,1.8,13.26,-0.01,,,
80.86,REGROUND,-16.32,-0.73,-9.58,20.73,-0.01,0,0,,,,-0.393,-0.063,2.4,13.26,-0.01,,,
80.91,REGROUND,-16.32,-0.73,-9.58,20.74,-0.01,0,0,,,,-0.403,-0.065,1.7,13.26,-0.01,,,
80.96,REGROUND,-16.36,-0.73,-9.58,20.75,-0.01,0,0,,,,-0.393,-0.063,2.4,13.26,-0.01,,,
81.01,REGROUND,-16.36,-0.73,-9.58,20.77,-0.01,0,0,,,,-0.403,-0.065,1.8,13.26,-0.01,,,
81.06,REGROUND,-16.4,-0.73,-9.58,20.78,-0.01,0,0,,,,-0.393,-0.064,2.3,13.26,-0.01,,,
81.11,REGROUND,-16.4,-0.73,-9.58,20.79,-0.01,0,0,,,,-0.403,-0.065,1.8,13.26,-0.01,,,
81.16,REGROUND,-16.44,-0.73,-9.58,20.8,-0.01,0,0,,,,-0.393,-0.064,2.3,13.26,-0.01,,,
81.21,REGROUND,-16.44,-0.73,-9.58,20.82,-0.01,0,0,,,,-0.403,-0.065,1.9,13.26,-0.01,,,
81.26,REGROUND,-16.48,-0.74,-9.58,20.83,-0.01,0,0,,,,-0.393,-0.064,2.5,13.26,-0.01,,,
81.31,REGROUND,-16.48,-0.74,-9.58,20.84,-0.01,0,0,,,,-0.403,-0.065,2.0,13.26,-0.01,,,
81.36,REGROUND,-16.52,-0.74,-9.58,20.85,-0.01,0,0,,,,-0.393,-0.064,2.5,13.26,-0.01,,,
81.41,REGROUND,-16.52,-0.74,-9.58,20.87,-0.01,0,0,,,,-0.403,-0.065,1.7,13.26,-0.01,,,
81.46,REGROUND,-16.56,-0.74,-9.58,20.88,-0.01,0,0,,,,-0.393,-0.064,2.4,13.26,-0.01,,,
81.51,REGROUND,-16.56,-0.74,-9.58,20.89,-0.01,0,0,,,,-0.403,-0.066,1.8,13.26,-0.01,,,
81.56,REGROUND,-16.6,-0.74,-9.58,20.9,-0.01,0,0,,,,-0.393,-0.064,5.7,13.26,-0.01,,,
81.61,REGROUND,-16.6,-0.74,-9.58,20.92,-0.01,0,0,,,,-0.403,-0.066,1.8,13.26,-0.01,,,
81.66,REGROUND,-16.64,-0.74,-9.58,20.93,-0.01,0,0,,,,-0.393,-0.064,2.6,13.26,-0.01,,,
81.71,REGROUND,-16.64,-0.74,-9.58,20.94,-0.01,0,0,,,,-0.403,-0.066,1.7,13.26,-0.01,,,
81.76,REGROUND,-16.68,-0.74,-9.58,20.95,-0.01,0,0,,,,-0.393,-0.064,2.6,13.26,-0.01,,,
81.81,REGROUND,-16.68,-0.74,-9.58,20.97,-0.01,0,0,,,,-0.403,-0.066,1.8,13.26,-0.01,,,
81.86,REGROUND,-16.72,-0.74,-9.58,20.98,-0.01,0,0,,,,-0.393,-0.064,2.3,13.26,-0.01,,,
81.91,REGROUND,-16.72,-0.74,-9.58,20.99,-0.01,0,0,,,,-0.403,-0.066,1.8,13.26,-0.01,,,
81.96,REGROUND,-16.76,-0.75,-9.58,21.0,-0.01,0,0,,,,-0.393,-0.064,2.3,13.26,-0.01,,,
82.01,REGROUND,-16.76,-0.75,-9.58,21.02,-0.01,0,0,,,,-0.403,-0.066,1.8,13.26,-0.01,,,
82.06,REGROUND,-16.8,-0.75,-9.58,21.03,-0.01,0,0,,,,-0.393,-0.064,2.3,13.26,-0.01,,,
82.11,REGROUND,-16.8,-0.75,-9.58,21.04,-0.01,0,0,,,,-0.403,-0.066,1.9,13.26,-0.01,,,
82.16,REGROUND,-16.84,-0.75,-9.58,21.05,-0.01,0,0,,,,-0.393,-0.064,2.5,13.26,-0.01,,,
82.21,REGROUND,-16.84,-0.75,-9.58,21.07,-0.01,0,0,,,,-0.403,-0.066,1.9,13.26,-0.01,,,
82.26,REGROUND,-16.88,-0.75,-9.58,21.08,-0.01,0,0,,,,-0.393,-0.064,2.7,13.26,-0.01,,,
82.31,REGROUND,-16.88,-0.75,-9.58,21.09,-0.01,0,0,,,,-0.403,-0.066,1.8,13.26,-0.01,,,
82.36,REGROUND,-16.92,-0.75,-9.58,21.1,-0.01,0,0,,,,-0.393,-0.064,2.5,13.26,-0.01,,,
82.41,REGROUND,-16.92,-0.75,-9.58,21.12,-0.01,0,0,,,,-0.403,-0.066,1.8,13.26,-0.01,,,
82.46,REGROUND,-16.97,-0.75,-9.58,21.13,-0.01,0,0,,,,-0.393,-0.064,2.5,13.26,-0.01,,,
82.51,REGROUND,-16.97,-0.75,-9.58,21.14,-0.01,0,0,,,,-0.403,-0.066,1.9,13.26,-0.01,,,
82.56,REGROUND,-17.01,-0.75,-9.58,21.15,-0.01,0,0,,,,-0.393,-0.064,2.4,13.26,-0.01,,,
82.61,REGROUND,-17.01,-0.75,-9.58,21.17,-0.01,0,0,,,,-0.403,-0.066,1.9,13.26,-0.01,,,
82.66,REGROUND,-17.05,-0.76,-9.58,21.18,-0.01,0,0,,,,-0.393,-0.064,2.4,13.26,-0.01,,,
82.71,REGROUND,-17.05,-0.76,-9.58,21.19,-0.01,0,0,,,,-0.403,-0.066,1.8,13.26,-0.01,,,
82.76,REGROUND,-17.09,-0.76,-9.58,21.2,-0.01,0,0,,,,-0.393,-0.064,2.4,13.26,-0.01,,,
82.81,REGROUND,-17.09,-0.76,-9.58,21.22,-0.01,0,0,,,,-0.403,-0.066,1.8,13.26,-0.01,,,
82.86,REGROUND,-17.13,-0.76,-9.58,21.23,-0.01,0,0,,,,-0.393,-0.064,2.3,13.26,-0.01,,,
82.91,REGROUND,-17.13,-0.76,-9.58,21.24,-0.01,0,0,,,,-0.403,-0.066,1.9,13.26,-0.01,,,
82.96,REGROUND,-17.17,-0.76,-9.58,21.25,-0.01,0,0,,,,-0.393,-0.064,2.5,13.26,-0.01,,,
83.01,REGROUND,-17.17,-0.76,-9.58,21.27,-0.01,0,0,,,,-0.403,-0.066,1.8,13.26,-0.01,,,
83.06,REGROUND,-17.21,-0.76,-9.58,21.28,-0.01,0,0,,,,-0.392,-0.064,2.5,13.26,-0.01,,,
83.11,REGROUND,-17.21,-0.76,-9.58,21.29,-0.01,0,0,,,,-0.402,-0.065,1.9,13.26,-0.01,,,
83.16,REGROUND,-17.25,-0.76,-9.58,21.3,-0.01,0,0,,,,-0.392,-0.064,2.7,13.26,-0.01,,,
83.21,REGROUND,-17.25,-0.76,-9.58,21.32,-0.01,0,0,,,,-0.402,-0.065,1.8,13.26,-0.01,,,
83.26,REGROUND,-17.29,-0.77,-9.58,21.33,-0.01,0,0,,,,-0.392,-0.063,2.5,13.26,-0.01,,,
83.31,REGROUND,-17.29,-0.77,-9.58,21.34,-0.01,0,0,,,,-0.402,-0.065,1.8,13.26,-0.01,,,
83.36,REGROUND,-17.33,-0.77,-9.58,21.35,-0.01,0,0,,,,-0.392,-0.063,2.5,13.26,-0.01,,,
83.41,REGROUND,-17.33,-0.77,-9.58,21.37,-0.01,0,0,,,,-0.402,-0.065,1.7,13.26,-0.01,,,
83.46,REGROUND,-17.37,-0.77,-9.58,21.38,-0.01,0,0,,,,-0.392,-0.063,2.4,13.26,-0.01,,,
83.51,REGROUND,-17.37,-0.77,-9.58,21.39,-0.01,0,0,,,,-0.402,-0.065,1.5,13.26,-0.01,,,
83.56,REGROUND,-17.41,-0.77,-9.58,21.4,-0.01,0,0,,,,-0.392,-0.063,2.3,13.26,-0.01,,,
83.61,REGROUND,-17.41,-0.77,-9.58,21.42,-0.01,0,0,,,,-0.402,-0.065,1.8,13.26,-0.01,,,
83.66,REGROUND,-17.45,-0.77,-9.58,21.43,-0.01,0,0,,,,-0.392,-0.063,2.3,13.26,-0.01,,,
83.71,REGROUND,-17.45,-0.77,-9.58,21.44,-0.01,0,0,,,,-0.402,-0.065,1.9,13.26,-0.01,,,
83.76,REGROUND,-17.49,-0.77,-9.58,21.45,-0.01,0,0,,,,-0.392,-0.063,2.5,13.26,-0.01,,,
83.81,REGROUND,-17.49,-0.77,-9.58,21.47,-0.01,0,0,,,,-0.402,-0.064,1.8,13.26,-0.01,,,
83.86,REGROUND,-17.53,-0.77,-9.58,21.48,-0.01,0,0,,,,-0.392,-0.063,2.5,13.26,-0.01,,,
83.91,REGROUND,-17.53,-0.77,-9.58,21.49,-0.01,0,0,,,,-0.401,-0.065,5.1,13.26,-0.01,,,
83.96,REGROUND,-17.57,-0.78,-9.58,21.5,-0.01,0,0,,,,-0.392,-0.063,2.5,13.26,-0.01,,,
84.01,REGROUND,-17.57,-0.78,-9.58,21.52,-0.01,0,0,,,,-0.401,-0.065,1.8,13.26,-0.01,,,
84.06,REGROUND,-17.61,-0.78,-9.58,21.53,-0.01,0,0,,,,-0.391,-0.063,2.4,13.26,-0.01,,,
84.11,REGROUND,-17.61,-0.78,-9.58,21.54,-0.01,0,0,,,,-0.401,-0.065,1.8,13.26,-0.01,,,
84.16,REGROUND,-17.65,-0.78,-9.58,21.55,-0.01,0,0,,,,-0.392,-0.063,2.4,13.26,-0.01,,,
84.21,REGROUND,-17.65,-0.78,-9.58,21.57,-0.01,0,0,,,,-0.401,-0.065,1.8,13.26,-0.01,,,
84.26,REGROUND,-17.69,-0.78,-9.58,21.58,-0.01,0,0,,,,-0.391,-0.064,2.4,13.26,-0.01,,,
84.31,REGROUND,-17.69,-0.78,-9.58,21.59,-0.01,0,0,,,,-0.401,-0.065,1.8,13.26,-0.01,,,
84.36,REGROUND,-17.73,-0.78,-9.58,21.6,-0.01,0,0,,,,-0.392,-0.064,2.4,13.26,-0.01,,,
84.41,REGROUND,-17.73,-0.78,-9.58,21.62,-0.01,0,0,,,,-0.401,-0.065,1.8,13.26,-0.01,,,
84.46,REGROUND,-17.77,-0.78,-9.58,21.63,-0.01,0,0,,,,-0.391,-0.064,2.6,13.26,-0.01,,,
84.51,REGROUND,-17.77,-0.78,-9.58,21.64,-0.01,0,0,,,,-0.401,-0.066,1.9,13.26,-0.01,,,
84.56,REGROUND,-17.81,-0.78,-9.58,21.65,-0.01,0,0,,,,-0.391,-0.064,2.5,13.26,-0.01,,,
84.61,REGROUND,-17.81,-0.78,-9.58,21.67,-0.01,0,0,,,,-0.401,-0.066,1.8,13.26,-0.01,,,
84.66,REGROUND,-17.85,-0.78,-9.58,21.68,-0.01,0,0,,,,-0.391,-0.064,2.6,13.26,-0.01,,,
84.71,REGROUND,-17.85,-0.78,-9.58,21.69,-0.01,0,0,,,,-0.401,-0.066,1.8,13.26,-0.01,,,
84.76,REGROUND,-17.89,-0.78,-9.58,21.7,-0.01,0,0,,,,-0.391,-0.064,2.2,13.26,-0.01,,,
84.81,REGROUND,-17.89,-0.78,-9.58,21.72,-0.01,0,0,,,,-0.401,-0.066,1.8,13.26,-0.01,,,
84.86,REGROUND,-17.93,-0.79,-9.58,21.73,-0.01,0,0,,,,-0.391,-0.065,2.4,13.26,-0.01,,,
84.91,REGROUND,-17.93,-0.79,-9.58,21.74,-0.01,0,0,,,,-0.401,-0.066,1.8,13.26,-0.01,,,
84.96,REGROUND,-17.97,-0.79,-9.58,21.75,-0.01,0,0,,,,-0.392,-0.065,2.4,13.26,-0.01,,,
85.01,REGROUND,-17.97,-0.79,-9.58,21.77,-0.01,0,0,,,,-0.402,-0.066,1.8,13.26,-0.01,,,
85.06,REGROUND,-18.01,-0.79,-9.58,21.78,-0.01,0,0,,,,-0.392,-0.065,2.3,13.26,-0.01,,,
85.11,REGROUND,-18.01,-0.79,-9.58,21.79,-0.01,0,0,,,,-0.402,-0.066,1.7,13.26,-0.01,,,
85.16,REGROUND,-18.05,-0.79,-9.58,21.8,-0.01,0,0,,,,-0.392,-0.065,2.3,13.26,-0.01,,,
85.21,REGROUND,-18.05,-0.79,-9.58,21.82,-0.01,0,0,,,,-0.402,-0.066,1.8,13.26,-0.01,,,
85.26,REGROUND,-18.09,-0.79,-9.58,21.83,-0.01,0,0,,,,-0.392,-0.065,2.4,13.26,-0.01,,,
85.31,REGROUND,-18.09,-0.79,-9.58,21.84,-0.01,0,0,,,,-0.402,-0.066,1.8,13.26,-0.01,,,
85.36,REGROUND,-18.13,-0.79,-9.58,21.85,-0.01,0,0,,,,-0.392,-0.065,2.5,13.26,-0.01,,,
85.41,REGROUND,-18.13,-0.79,-9.58,21.87,-0.01,0,0,,,,-0.402,-0.066,1.9,13.26,-0.01,,,
85.46,REGROUND,-18.17,-0.79,-9.58,21.88,-0.01,0,0,,,,-0.392,-0.065,2.5,13.26,-0.01,,,
85.51,REGROUND,-18.17,-0.79,-9.58,21.89,-0.01,0,0,,,,-0.402,-0.066,1.8,13.26,-0.01,,,
85.56,REGROUND,-18.21,-0.8,-9.58,21.9,-0.01,0,0,,,,-0.393,-0.065,2.6,13.26,-0.01,,,
85.61,REGROUND,-18.21,-0.8,-9.58,21.92,-0.01,0,0,,,,-0.403,-0.066,1.6,13.26,-0.01,,,
85.66,REGROUND,-18.25,-0.8,-9.58,21.93,-0.01,0,0,,,,-0.393,-0.065,2.5,13.26,-0.01,,,
85.71,REGROUND,-18.25,-0.8,-9.58,21.94,-0.01,0,0,,,,-0.403,-0.066,1.7,13.26,-0.01,,,
85.76,REGROUND,-18.29,-0.8,-9.58,21.95,-0.01,0,0,,,,-0.393,-0.064,2.4,13.26,-0.01,,,
85.81,REGROUND,-18.29,-0.8,-9.58,21.97,-0.01,0,0,,,,-0.403,-0.066,1.8,13.26,-0.01,,,
85.86,REGROUND,-18.33,-0.8,-9.58,21.98,-0.01,0,0,,,,-0.393,-0.064,2.3,13.26,-0.01,,,
85.91,REGROUND,-18.33,-0.8,-9.58,21.99,-0.01,0,0,,,,-0.403,-0.066,1.8,13.26,-0.01,,,
85.96,REGROUND,-18.37,-0.8,-9.58,22.01,-0.01,0,0,,,,-0.393,-0.064,2.2,13.26,-0.01,,,
86.01,REGROUND,-18.37,-0.8,-9.58,22.02,-0.01,0,0,,,,-0.403,-0.066,1.9,13.26,-0.01,,,
86.06,REGROUND,-18.41,-0.8,-9.58,22.03,-0.01,0,0,,,,-0.393,-0.064,2.5,13.26,-0.01,,,
86.11,REGROUND,-18.41,-0.8,-9.58,22.04,-0.01,0,0,,,,-0.403,-0.066,1.8,13.26,-0.01,,,
86.16,REGROUND,-18.45,-0.81,-9.58,22.06,-0.01,0,0,,,,-0.393,-0.064,2.5,13.26,-0.01,,,
86.21,REGROUND,-18.45,-0.81,-9.58,22.07,-0.01,0,0,,,,-0.403,-0.066,4.8,13.26,-0.01,,,
86.26,REGROUND,-18.49,-0.81,-9.58,22.08,-0.01,0,0,,,,-0.393,-0.064,2.6,13.26,-0.01,,,
86.31,REGROUND,-18.49,-0.81,-9.58,22.09,-0.01,0,0,,,,-0.403,-0.066,1.8,13.26,-0.01,,,
86.36,REGROUND,-18.53,-0.81,-9.58,22.11,-0.01,0,0,,,,-0.393,-0.064,2.5,13.26,-0.01,,,
86.41,REGROUND,-18.53,-0.81,-9.58,22.12,-0.01,0,0,,,,-0.403,-0.066,1.8,13.26,-0.01,,,
86.46,REGROUND,-18.58,-0.81,-9.58,22.13,-0.01,0,0,,,,-0.393,-0.064,2.4,13.26,-0.01,,,
86.51,REGROUND,-18.58,-0.81,-9.58,22.14,-0.01,0,0,,,,-0.403,-0.065,1.7,13.26,-0.01,,,
86.56,REGROUND,-18.62,-0.81,-9.58,22.16,-0.01,0,0,,,,-0.393,-0.063,2.2,13.26,-0.01,,,
86.61,REGROUND,-18.62,-0.81,-9.58,22.17,-0.01,0,0,,,,-0.403,-0.065,1.8,13.26,-0.01,,,
86.66,REGROUND,-18.66,-0.81,-9.58,22.18,-0.01,0,0,,,,-0.393,-0.063,2.3,13.26,-0.01,,,
86.71,REGROUND,-18.66,-0.81,-9.58,22.19,-0.01,0,0,,,,-0.403,-0.065,1.8,13.26,-0.01,,,
86.76,REGROUND,-18.7,-0.82,-9.58,22.21,-0.01,0,0,,,,-0.393,-0.063,2.3,13.26,-0.01,,,
86.81,REGROUND,-18.7,-0.82,-9.58,22.22,-0.01,0,0,,,,-0.403,-0.065,1.8,13.26,-0.01,,,
86.86,REGROUND,-18.74,-0.82,-9.58,22.23,-0.01,0,0,,,,-0.393,-0.063,2.6,13.26,-0.01,,,
86.91,REGROUND,-18.74,-0.82,-9.58,22.24,-0.01,0,0,,,,-0.403,-0.065,1.8,13.26,-0.01,,,
86.96,REGROUND,-18.78,-0.82,-9.58,22.26,-0.01,0,0,,,,-0.393,-0.063,2.6,13.26,-0.01,,,
87.01,REGROUND,-18.78,-0.82,-9.58,22.27,-0.01,0,0,,,,-0.403,-0.065,1.8,13.26,-0.01,,,
87.06,REGROUND,-18.82,-0.82,-9.58,22.28,-0.01,0,0,,,,-0.393,-0.063,2.3,13.26,-0.01,,,
87.11,REGROUND,-18.82,-0.82,-9.58,22.29,-0.01,0,0,,,,-0.403,-0.065,1.8,13.26,-0.01,,,
87.16,REGROUND,-18.86,-0.82,-9.58,22.31,-0.01,0,0,,,,-0.393,-0.063,2.5,13.26,-0.01,,,
87.22,REGROUND,-18.86,-0.82,-9.58,22.32,-0.01,0,0,,,,-0.403,-0.065,1.8,13.26,-0.01,,,
87.27,REGROUND,-18.9,-0.82,-9.58,22.33,-0.01,0,0,,,,-0.393,-0.064,2.5,13.26,-0.01,,,
87.32,REGROUND,-18.9,-0.82,-9.58,22.34,-0.01,0,0,,,,-0.402,-0.065,1.8,13.26,-0.01,,,
87.37,REGROUND,-18.94,-0.82,-9.58,22.36,-0.01,0,0,,,,-0.393,-0.064,2.5,13.26,-0.01,,,
87.42,REGROUND,-18.94,-0.82,-9.58,22.37,-0.01,0,0,,,,-0.402,-0.065,1.8,13.26,-0.01,,,
87.47,REGROUND,-18.98,-0.83,-9.58,22.38,-0.01,0,0,,,,-0.392,-0.064,2.5,13.26,-0.01,,,
87.52,REGROUND,-18.98,-0.83,-9.58,22.39,-0.01,0,0,,,,-0.402,-0.065,1.8,13.26,-0.01,,,
87.57,REGROUND,-19.02,-0.83,-9.58,22.41,-0.01,0,0,,,,-0.392,-0.064,2.7,13.26,-0.01,,,
87.62,REGROUND,-19.02,-0.83,-9.58,22.42,-0.01,0,0,,,,-0.402,-0.065,1.9,13.26,-0.01,,,
87.67,REGROUND,-19.06,-0.83,-9.58,22.43,-0.01,0,0,,,,-0.392,-0.064,2.4,13.26,-0.01,,,
87.72,REGROUND,-19.06,-0.83,-9.58,22.44,-0.01,0,0,,,,-0.402,-0.066,1.9,13.26,-0.01,,,
87.77,REGROUND,-19.1,-0.83,-9.58,22.46,-0.01,0,0,,,,-0.392,-0.064,2.5,13.26,-0.01,,,
87.82,REGROUND,-19.1,-0.83,-9.58,22.47,-0.01,0,0,,,,-0.402,-0.066,2.0,13.26,-0.01,,,
87.87,REGROUND,-19.14,-0.83,-9.58,22.48,-0.01,0,0,,,,-0.392,-0.064,2.6,13.26,-0.01,,,
87.92,REGROUND,-19.14,-0.83,-9.58,22.49,-0.01,0,0,,,,-0.402,-0.066,1.8,13.26,-0.01,,,
87.97,REGROUND,-19.18,-0.83,-9.58,22.51,-0.01,0,0,,,,-0.392,-0.064,2.5,13.26,-0.01,,,
88.02,REGROUND,-19.18,-0.83,-9.58,22.52,-0.01,0,0,,,,-0.402,-0.066,1.8,13.26,-0.01,,,
88.07,REGROUND,-19.22,-0.83,-9.58,22.53,-0.01,0,0,,,,-0.392,-0.065,2.5,13.26,-0.01,,,
88.12,REGROUND,-19.22,-0.83,-9.58,22.54,-0.01,0,0,,,,-0.402,-0.066,1.8,13.26,-0.01,,,
88.17,REGROUND,-19.26,-0.83,-9.58,22.56,-0.01,0,0,,,,-0.392,-0.065,2.5,13.26,-0.01,,,
88.22,REGROUND,-19.26,-0.83,-9.58,22.57,-0.01,0,0,,,,-0.402,-0.066,1.8,13.26,-0.01,,,
88.27,REGROUND,-19.3,-0.83,-9.58,22.58,-0.01,0,0,,,,-0.392,-0.065,2.2,13.26,-0.01,,,
88.32,REGROUND,-19.3,-0.83,-9.58,22.59,-0.01,0,0,,,,-0.402,-0.066,1.8,13.26,-0.01,,,
88.37,REGROUND,-19.34,-0.84,-9.58,22.61,-0.01,0,0,,,,-0.392,-0.065,2.5,13.26,-0.01,,,
88.42,REGROUND,-19.34,-0.84,-9.58,22.62,-0.01,0,0,,,,-0.402,-0.066,2.0,13.26,-0.01,,,
88.47,REGROUND,-19.38,-0.84,-9.58,22.63,-0.01,0,0,,,,-0.392,-0.065,2.5,13.26,-0.01,,,
88.52,REGROUND,-19.38,-0.84,-9.58,22.64,-0.01,0,0,,,,-0.402,-0.066,4.6,13.26,-0.01,,,
88.57,REGROUND,-19.42,-0.84,-9.58,22.66,-0.01,0,0,,,,-0.392,-0.065,2.6,13.26,-0.01,,,
88.62,REGROUND,-19.42,-0.84,-9.58,22.67,-0.01,0,0,,,,-0.402,-0.066,1.8,13.26,-0.01,,,
88.67,REGROUND,-19.46,-0.84,-9.58,22.68,-0.01,0,0,,,,-0.392,-0.065,2.6,13.26,-0.01,,,
88.72,REGROUND,-19.46,-0.84,-9.58,22.69,-0.01,0,0,,,,-0.402,-0.066,1.8,13.26,-0.01,,,
88.77,REGROUND,-19.5,-0.84,-9.58,22.71,-0.01,0,0,,,,-0.392,-0.065,2.5,13.26,-0.01,,,
88.82,REGROUND,-19.5,-0.84,-9.58,22.72,-0.01,0,0,,,,-0.402,-0.066,1.7,13.26,-0.01,,,
88.87,REGROUND,-19.54,-0.84,-9.58,22.73,-0.01,0,0,,,,-0.393,-0.065,2.3,13.26,-0.01,,,
88.92,REGROUND,-19.54,-0.84,-9.58,22.74,-0.01,0,0,,,,-0.403,-0.066,1.9,13.26,-0.01,,,
88.97,REGROUND,-19.58,-0.85,-9.58,22.76,-0.01,0,0,,,,-0.393,-0.064,2.4,13.26,-0.01,,,
89.02,REGROUND,-19.58,-0.85,-9.58,22.77,-0.01,0,0,,,,-0.403,-0.066,1.8,13.26,-0.01,,,
89.07,REGROUND,-19.62,-0.85,-9.58,22.78,-0.01,0,0,,,,-0.393,-0.064,2.3,13.26,-0.01,,,
89.12,REGROUND,-19.62,-0.85,-9.58,22.79,-0.01,0,0,,,,-0.403,-0.066,1.8,13.26,-0.01,,,
89.17,REGROUND,-19.66,-0.85,-9.58,22.81,-0.01,0,0,,,,-0.393,-0.064,2.6,13.26,-0.01,,,
89.22,REGROUND,-19.66,-0.85,-9.58,22.82,-0.01,0,0,,,,-0.403,-0.065,1.8,13.26,-0.01,,,
89.27,REGROUND,-19.7,-0.85,-9.58,22.83,-0.01,0,0,,,,-0.392,-0.064,2.6,13.26,-0.01,,,
89.32,REGROUND,-19.7,-0.85,-9.58,22.84,-0.01,0,0,,,,-0.402,-0.065,1.8,13.26,-0.01,,,
89.37,REGROUND,-19.74,-0.85,-9.58,22.86,-0.01,0,0,,,,-0.393,-0.063,2.5,13.26,-0.01,,,
89.42,REGROUND,-19.74,-0.85,-9.58,22.87,-0.01,0,0,,,,-0.402,-0.065,1.8,13.26,-0.01,,,
89.47,REGROUND,-19.78,-0.85,-9.58,22.88,-0.01,0,0,,,,-0.392,-0.063,2.5,13.26,-0.01,,,
89.52,REGROUND,-19.78,-0.85,-9.58,22.89,-0.01,0,0,,,,-0.402,-0.065,1.8,13.26,-0.01,,,
89.57,REGROUND,-19.82,-0.86,-9.58,22.91,-0.01,0,0,,,,-0.393,-0.063,2.4,13.26,-0.01,,,
89.62,REGROUND,-19.82,-0.86,-9.58,22.92,-0.01,0,0,,,,-0.403,-0.065,1.8,13.26,-0.01,,,
89.67,REGROUND,-19.86,-0.86,-9.58,22.93,-0.01,0,0,,,,-0.393,-0.063,2.5,13.26,-0.01,,,
89.72,REGROUND,-19.86,-0.86,-9.58,22.94,-0.01,0,0,,,,-0.403,-0.065,1.8,13.26,-0.01,,,
89.77,REGROUND,-19.9,-0.86,-9.58,22.96,-0.01,0,0,,,,-0.393,-0.063,2.4,13.26,-0.01,,,
89.82,REGROUND,-19.9,-0.86,-9.58,22.97,-0.01,0,0,,,,-0.403,-0.065,1.8,13.26,-0.01,,,
89.87,REGROUND,-19.94,-0.86,-9.58,22.98,-0.01,0,0,,,,-0.393,-0.063,2.3,13.26,-0.01,,,
89.92,REGROUND,-19.94,-0.86,-9.58,22.99,-0.01,0,0,,,,-0.403,-0.065,1.8,13.26,-0.01,,,
89.97,REGROUND,-19.98,-0.86,-9.58,23.01,-0.01,0,0,,,,-0.393,-0.063,2.4,13.26,-0.01,,,
90.02,REGROUND,-19.98,-0.86,-9.58,23.02,-0.01,0,0,,,,-0.403,-0.065,1.8,13.26,-0.01,,,
90.07,REGROUND,-20.02,-0.86,-9.58,23.03,-0.01,0,0,,,,-0.393,-0.063,2.5,13.26,-0.01,,,
90.12,REGROUND,-20.02,-0.86,-9.58,23.04,-0.01,0,0,,,,-0.403,-0.065,1.9,13.26,-0.01,,,
90.17,REGROUND,-20.06,-0.87,-9.58,23.06,-0.01,0,0,,,,-0.393,-0.063,2.5,13.26,-0.01,,,
90.22,REGROUND,-20.06,-0.87,-9.58,23.07,-0.01,0,0,,,,-0.403,-0.065,1.8,13.26,-0.01,,,
90.27,REGROUND,-20.1,-0.87,-9.58,23.08,-0.01,0,0,,,,-0.393,-0.063,2.4,13.26,-0.01,,,
90.32,REGROUND,-20.1,-0.87,-9.58,23.09,-0.01,0,0,,,,-0.403,-0.065,1.6,13.26,-0.01,,,
90.37,REGROUND,-20.14,-0.87,-9.58,23.11,-0.01,0,0,,,,-0.393,-0.064,2.4,13.26,-0.01,,,
90.42,REGROUND,-20.14,-0.87,-9.58,23.12,-0.01,0,0,,,,-0.403,-0.065,1.8,13.26,-0.01,,,
90.47,REGROUND,-20.18,-0.87,-9.58,23.13,-0.01,0,0,,,,-0.393,-0.064,2.5,13.26,-0.01,,,
90.52,REGROUND,-20.18,-0.87,-9.58,23.14,-0.01,0,0,,,,-0.403,-0.066,1.8,13.26,-0.01,,,
90.57,REGROUND,-20.22,-0.87,-9.58,23.16,-0.01,0,0,,,,-0.393,-0.064,2.3,13.26,-0.01,,,
90.62,REGROUND,-20.22,-0.87,-9.58,23.17,-0.01,0,0,,,,-0.403,-0.066,1.8,13.26,-0.01,,,
90.67,REGROUND,-20.27,-0.87,-9.58,23.18,-0.01,0,0,,,,-0.393,-0.064,2.2,13.26,-0.01,,,
90.72,REGROUND,-20.27,-0.87,-9.58,23.19,-0.01,0,0,,,,-0.403,-0.066,1.9,13.26,-0.01,,,
90.77,REGROUND,-20.31,-0.87,-9.58,23.21,-0.01,0,0,,,,-0.393,-0.065,2.5,13.26,-0.01,,,
90.82,REGROUND,-20.31,-0.87,-9.58,23.22,-0.01,0,0,,,,-0.403,-0.066,4.7,13.26,-0.01,,,
90.87,REGROUND,-20.35,-0.87,-9.58,23.23,-0.01,0,0,,,,-0.393,-0.065,2.5,13.26,-0.01,,,
90.92,REGROUND,-20.35,-0.87,-9.58,23.24,-0.01,0,0,,,,-0.403,-0.066,1.8,13.26,-0.01,,,
90.97,REGROUND,-20.39,-0.87,-9.58,23.26,-0.01,0,0,,,,-0.393,-0.065,2.5,13.26,-0.01,,,
91.02,REGROUND,-20.39,-0.87,-9.58,23.27,-0.01,0,0,,,,-0.403,-0.067,1.6,13.26,-0.01,,,
91.07,REGROUND,-20.43,-0.87,-9.58,23.28,-0.01,0,0,,,,-0.393,-0.065,2.3,13.26,-0.01,,,
91.12,REGROUND,-20.43,-0.87,-9.58,23.29,-0.01,0,0,,,,-0.403,-0.067,1.8,13.26,-0.01,,,
91.17,REGROUND,-20.47,-0.88,-9.58,23.31,-0.01,0,0,,,,-0.393,-0.065,2.4,13.26,-0.01,,,
91.22,REGROUND,-20.47,-0.88,-9.58,23.32,-0.01,0,0,,,,-0.403,-0.067,1.7,13.26,-0.01,,,
91.27,REGROUND,-20.51,-0.88,-9.58,23.33,-0.01,0,0,,,,-0.393,-0.065,2.2,13.26,-0.01,,,
91.32,REGROUND,-20.51,-0.88,-9.58,23.34,-0.01,0,0,,,,-0.403,-0.067,1.9,13.26,-0.01,,,
91.37,REGROUND,-20.55,-0.88,-9.58,23.36,-0.01,0,0,,,,-0.393,-0.065,2.3,13.26,-0.01,,,
91.42,REGROUND,-20.55,-0.88,-9.58,23.37,-0.01,0,0,,,,-0.403,-0.067,1.8,13.26,-0.01,,,
91.47,REGROUND,-20.59,-0.88,-9.58,23.38,-0.01,0,0,,,,-0.393,-0.065,2.2,13.26,-0.01,,,
91.52,REGROUND,-20.59,-0.88,-9.58,23.39,-0.01,0,0,,,,-0.403,-0.067,1.7,13.26,-0.01,,,
91.57,REGROUND,-20.63,-0.88,-9.58,23.41,-0.01,0,0,,,,-0.393,-0.065,2.5,13.26,-0.01,,,
91.62,REGROUND,-20.63,-0.88,-9.58,23.42,-0.01,0,0,,,,-0.403,-0.067,1.8,13.26,-0.01,,,
91.67,REGROUND,-20.67,-0.88,-9.58,23.43,-0.01,0,0,,,,-0.392,-0.065,2.7,13.26,-0.01,,,
91.72,REGROUND,-20.67,-0.88,-9.58,23.44,-0.01,0,0,,,,-0.402,-0.067,1.8,13.26,-0.01,,,
91.77,REGROUND,-20.71,-0.89,-9.58,23.46,-0.01,0,0,,,,-0.392,-0.065,2.3,13.26,-0.01,,,
91.82,REGROUND,-20.71,-0.89,-9.58,23.47,-0.01,0,0,,,,-0.402,-0.066,1.8,13.26,-0.01,,,
91.87,REGROUND,-20.75,-0.89,-9.58,23.48,-0.01,0,0,,,,-0.392,-0.065,2.4,13.26,-0.01,,,
91.92,REGROUND,-20.75,-0.89,-9.58,23.49,-0.01,0,0,,,,-0.402,-0.066,1.9,13.26,-0.01,,,
91.97,REGROUND,-20.79,-0.89,-9.58,23.51,-0.01,0,0,,,,-0.392,-0.065,2.4,13.26,-0.01,,,
92.02,REGROUND,-20.79,-0.89,-9.58,23.52,-0.01,0,0,,,,-0.402,-0.066,1.8,13.26,-0.01,,,
92.07,REGROUND,-20.83,-0.89,-9.58,23.53,-0.01,0,0,,,,-0.392,-0.064,2.4,13.26,-0.01,,,
92.12,REGROUND,-20.83,-0.89,-9.58,23.54,-0.01,0,0,,,,-0.402,-0.066,1.8,13.26,-0.01,,,
92.17,REGROUND,-20.87,-0.89,-9.58,23.56,-0.01,0,0,,,,-0.392,-0.064,2.4,13.26,-0.01,,,
92.22,REGROUND,-20.87,-0.89,-9.58,23.57,-0.01,0,0,,,,-0.402,-0.066,1.8,13.26,-0.01,,,
92.27,REGROUND,-20.91,-0.89,-9.58,23.58,-0.01,0,0,,,,-0.392,-0.064,2.6,13.26,-0.01,,,
92.32,REGROUND,-20.91,-0.89,-9.58,23.59,-0.01,0,0,,,,-0.402,-0.066,1.8,13.26,-0.01,,,
92.37,REGROUND,-20.95,-0.9,-9.58,23.61,-0.01,0,0,,,,-0.392,-0.064,2.4,13.26,-0.01,,,
92.42,REGROUND,-20.95,-0.9,-9.58,23.62,-0.01,0,0,,,,-0.402,-0.065,1.8,13.26,-0.01,,,
92.47,REGROUND,-20.99,-0.9,-9.58,23.63,-0.01,0,0,,,,-0.392,-0.063,2.5,13.26,-0.01,,,
92.52,REGROUND,-20.99,-0.9,-9.58,23.64,-0.01,0,0,,,,-0.402,-0.065,1.9,13.26,-0.01,,,
92.57,REGROUND,-21.03,-0.9,-9.58,23.66,-0.01,0,0,,,,-0.392,-0.063,2.5,13.26,-0.01,,,
92.62,REGROUND,-21.03,-0.9,-9.58,23.67,-0.01,0,0,,,,-0.402,-0.065,1.7,13.26,-0.01,,,
92.67,REGROUND,-21.07,-0.9,-9.58,23.68,-0.01,0,0,,,,-0.392,-0.063,2.5,13.26,-0.01,,,
92.72,REGROUND,-21.07,-0.9,-9.58,23.69,-0.01,0,0,,,,-0.401,-0.065,1.8,13.26,-0.01,,,
92.77,REGROUND,-21.11,-0.9,-9.58,23.71,-0.01,0,0,,,,-0.392,-0.063,2.5,13.26,-0.01,,,
92.82,REGROUND,-21.11,-0.9,-9.58,23.72,-0.01,0,0,,,,-0.402,-0.064,2.0,13.26,-0.01,,,
92.87,REGROUND,-21.15,-0.9,-9.58,23.73,-0.01,0,0,,,,-0.392,-0.063,2.3,13.26,-0.01,,,
92.92,REGROUND,-21.15,-0.9,-9.58,23.74,-0.01,0,0,,,,-0.402,-0.064,1.8,13.26,-0.01,,,
92.97,REGROUND,-21.19,-0.91,-9.58,23.76,-0.01,0,0,,,,-0.392,-0.063,2.2,13.26,-0.01,,,
93.02,REGROUND,-21.19,-0.91,-9.58,23.77,-0.01,0,0,,,,-0.402,-0.064,1.7,13.26,-0.01,,,
93.07,REGROUND,-21.23,-0.91,-9.58,23.78,-0.01,0,0,,,,-0.392,-0.063,2.5,13.26,-0.01,,,
93.12,REGROUND,-21.23,-0.91,-9.58,23.79,-0.01,0,0,,,,-0.402,-0.064,1.9,13.26,-0.01,,,
93.17,REGROUND,-21.27,-0.91,-9.58,23.81,-0.01,0,0,,,,-0.392,-0.063,4.7,13.26,-0.01,,,
93.22,REGROUND,-21.27,-0.91,-9.58,23.82,-0.01,0,0,,,,-0.402,-0.064,1.8,13.26,-0.01,,,
93.27,REGROUND,-21.32,-0.91,-9.58,23.83,-0.01,0,0,,,,-0.392,-0.063,2.3,13.26,-0.01,,,
93.32,REGROUND,-21.32,-0.91,-9.58,23.85,-0.01,0,0,,,,-0.402,-0.065,1.8,13.26,-0.01,,,
93.37,REGROUND,-21.36,-0.91,-9.58,23.86,-0.01,0,0,,,,-0.392,-0.063,2.3,13.26,-0.01,,,
93.42,REGROUND,-21.36,-0.91,-9.58,23.87,-0.01,0,0,,,,-0.402,-0.065,1.8,13.26,-0.01,,,
93.47,REGROUND,-21.4,-0.91,-9.58,23.88,-0.01,0,0,,,,-0.392,-0.063,2.2,13.26,-0.01,,,
93.52,REGROUND,-21.4,-0.91,-9.58,23.9,-0.01,0,0,,,,-0.402,-0.065,1.9,13.26,-0.01,,,
93.57,REGROUND,-21.44,-0.91,-9.58,23.91,-0.01,0,0,,,,-0.392,-0.063,2.5,13.26,-0.01,,,
93.62,REGROUND,-21.44,-0.91,-9.58,23.92,-0.01,0,0,,,,-0.402,-0.065,1.8,13.26,-0.01,,,
93.67,REGROUND,-21.48,-0.91,-9.58,23.93,-0.01,0,0,,,,-0.392,-0.064,2.5,13.26,-0.01,,,
93.72,REGROUND,-21.48,-0.91,-9.58,23.95,-0.01,0,0,,,,-0.402,-0.065,1.7,13.26,-0.01,,,
93.77,REGROUND,-21.52,-0.92,-9.58,23.96,-0.01,0,0,,,,-0.392,-0.064,2.5,13.26,-0.01,,,
93.82,REGROUND,-21.52,-0.92,-9.58,23.97,-0.01,0,0,,,,-0.402,-0.065,1.6,13.26,-0.01,,,
93.87,REGROUND,-21.56,-0.92,-9.58,23.98,-0.01,0,0,,,,-0.392,-0.064,2.6,13.26,-0.01,,,
93.92,REGROUND,-21.56,-0.92,-9.58,24.0,-0.01,0,0,,,,-0.402,-0.066,1.7,13.26,-0.01,,,
93.97,REGROUND,-21.6,-0.92,-9.58,24.01,-0.01,0,0,,,,-0.392,-0.064,2.5,13.26,-0.01,,,
94.02,REGROUND,-21.6,-0.92,-9.58,24.02,-0.01,0,0,,,,-0.402,-0.066,1.8,13.26,-0.01,,,
94.07,REGROUND,-21.64,-0.92,-9.58,24.03,-0.01,0,0,,,,-0.392,-0.064,2.3,13.26,-0.01,,,
94.12,REGROUND,-21.64,-0.92,-9.58,24.05,-0.01,0,0,,,,-0.401,-0.066,1.8,13.26,-0.01,,,
94.17,REGROUND,-21.68,-0.92,-9.58,24.06,-0.01,0,0,,,,-0.392,-0.064,2.4,13.26,-0.01,,,
94.22,REGROUND,-21.68,-0.92,-9.58,24.07,-0.01,0,0,,,,-0.402,-0.066,1.7,13.26,-0.01,,,
94.27,REGROUND,-21.72,-0.92,-9.58,24.08,-0.01,0,0,,,,-0.392,-0.064,2.5,13.26,-0.01,,,
94.32,REGROUND,-21.72,-0.92,-9.58,24.1,-0.01,0,0,,,,-0.401,-0.066,1.7,13.26,-0.01,,,
94.37,REGROUND,-21.76,-0.92,-9.58,24.11,-0.01,0,0,,,,-0.392,-0.064,2.5,13.26,-0.01,,,
94.42,REGROUND,-21.76,-0.92,-9.58,24.12,-0.01,0,0,,,,-0.402,-0.066,1.8,13.26,-0.01,,,
94.48,REGROUND,-21.8,-0.92,-9.58,24.13,-0.01,0,0,,,,-0.392,-0.064,2.5,13.26,-0.01,,,
94.53,REGROUND,-21.8,-0.92,-9.58,24.15,-0.01,0,0,,,,-0.402,-0.066,1.8,13.26,-0.01,,,
94.58,REGROUND,-21.84,-0.93,-9.58,24.16,-0.01,0,0,,,,-0.392,-0.064,2.4,13.26,-0.01,,,
94.63,REGROUND,-21.84,-0.93,-9.58,24.17,-0.01,0,0,,,,-0.402,-0.066,1.7,13.26,-0.01,,,
94.68,REGROUND,-21.88,-0.93,-9.58,24.18,-0.01,0,0,,,,-0.392,-0.064,2.3,13.26,-0.01,,,
94.73,REGROUND,-21.88,-0.93,-9.58,24.2,-0.01,0,0,,,,-0.402,-0.066,1.8,13.26,-0.01,,,
94.78,REGROUND,-21.92,-0.93,-9.58,24.21,-0.01,0,0,,,,-0.392,-0.064,2.3,13.26,-0.01,,,
94.83,REGROUND,-21.92,-0.93,-9.58,24.22,-0.01,0,0,,,,-0.402,-0.066,1.8,13.26,-0.01,,,
94.88,REGROUND,-21.96,-0.93,-9.58,24.23,-0.01,0,0,,,,-0.392,-0.064,2.2,13.26,-0.01,,,
94.93,REGROUND,-21.96,-0.93,-9.58,24.25,-0.01,0,0,,,,-0.402,-0.066,1.7,13.26,-0.01,,,
94.98,REGROUND,-22.0,-0.93,-9.58,24.26,-0.01,0,0,,,,-0.392,-0.064,2.4,13.26,-0.01,,,
95.03,REGROUND,-22.0,-0.93,-9.58,24.27,-0.01,0,0,,,,-0.402,-0.066,1.7,13.26,-0.01,,,
95.08,REGROUND,-22.04,-0.93,-9.58,24.28,-0.01,0,0,,,,-0.392,-0.065,2.5,13.26,-0.01,,,
95.13,REGROUND,-22.04,-0.93,-9.58,24.3,-0.01,0,0,,,,-0.402,-0.066,1.8,13.26,-0.01,,,
95.18,REGROUND,-22.08,-0.93,-9.58,24.31,-0.01,0,0,,,,-0.392,-0.065,2.5,13.26,-0.01,,,
95.23,REGROUND,-22.08,-0.93,-9.58,24.32,-0.01,0,0,,,,-0.402,-0.066,1.6,13.26,-0.01,,,
95.28,REGROUND,-22.12,-0.94,-9.58,24.33,-0.01,0,0,,,,-0.392,-0.065,2.3,13.26,-0.01,,,
95.33,REGROUND,-22.12,-0.94,-9.58,24.35,-0.01,0,0,,,,-0.402,-0.066,1.7,13.26,-0.01,,,
95.38,REGROUND,-22.16,-0.94,-9.58,24.36,-0.01,0,0,,,,-0.393,-0.064,2.4,13.26,-0.01,,,
95.43,REGROUND,-22.16,-0.94,-9.58,24.37,-0.01,0,0,,,,-0.403,-0.066,2.0,13.26,-0.01,,,
95.48,REGROUND,-22.2,-0.94,-9.58,24.38,-0.01,0,0,,,,-0.393,-0.064,2.4,13.26,-0.01,,,
95.53,REGROUND,-22.2,-0.94,-9.58,24.4,-0.01,0,0,,,,-0.403,-0.066,3.8,13.26,-0.01,,,
95.58,REGROUND,-22.24,-0.94,-9.58,24.41,-0.01,0,0,,,,-0.393,-0.064,2.4,13.26,-0.01,,,
95.63,REGROUND,-22.24,-0.94,-9.58,24.42,-0.01,0,0,,,,-0.403,-0.066,1.8,13.26,-0.01,,,
95.68,REGROUND,-22.28,-0.94,-9.58,24.43,-0.01,0,0,,,,-0.393,-0.064,2.4,13.26,-0.01,,,
95.73,REGROUND,-22.28,-0.94,-9.58,24.45,-0.01,0,0,,,,-0.403,-0.066,1.9,13.26,-0.01,,,
95.78,REGROUND,-22.32,-0.95,-9.58,24.46,-0.01,0,0,,,,-0.394,-0.064,2.5,13.26,-0.01,,,
95.83,REGROUND,-22.32,-0.95,-9.58,24.47,-0.01,0,0,,,,-0.403,-0.065,1.9,13.26,-0.01,,,
95.88,REGROUND,-22.36,-0.95,-9.58,24.48,-0.01,0,0,,,,-0.394,-0.064,2.3,13.26,-0.01,,,
95.93,REGROUND,-22.36,-0.95,-9.58,24.5,-0.01,0,0,,,,-0.404,-0.066,1.8,13.26,-0.01,,,
95.98,REGROUND,-22.4,-0.95,-9.58,24.51,-0.01,0,0,,,,-0.394,-0.064,2.3,13.26,-0.01,,,
96.03,REGROUND,-22.4,-0.95,-9.58,24.52,-0.01,0,0,,,,-0.404,-0.065,2.0,13.26,-0.01,,,
96.08,REGROUND,-22.44,-0.95,-9.58,24.53,-0.01,0,0,,,,-0.394,-0.064,2.5,13.26,-0.01,,,
96.13,REGROUND,-22.44,-0.95,-9.58,24.55,-0.01,0,0,,,,-0.404,-0.066,1.8,13.26,-0.01,,,
96.18,REGROUND,-22.48,-0.95,-9.58,24.56,-0.01,0,0,,,,-0.394,-0.064,2.5,13.26,-0.01,,,
96.23,REGROUND,-22.48,-0.95,-9.58,24.57,-0.01,0,0,,,,-0.404,-0.065,1.8,13.26,-0.01,,,
96.28,REGROUND,-22.52,-0.95,-9.58,24.58,-0.01,0,0,,,,-0.394,-0.064,2.4,13.26,-0.01,,,
96.33,REGROUND,-22.52,-0.95,-9.58,24.6,-0.01,0,0,,,,-0.404,-0.065,1.8,13.26,-0.01,,,
96.38,REGROUND,-22.56,-0.95,-9.58,24.61,-0.01,0,0,,,,-0.394,-0.064,2.3,13.26,-0.01,,,
96.43,REGROUND,-22.56,-0.95,-9.58,24.62,-0.01,0,0,,,,-0.404,-0.065,1.9,13.26,-0.01,,,
96.48,REGROUND,-22.6,-0.96,-9.58,24.63,-0.01,0,0,,,,-0.394,-0.064,2.6,13.26,-0.01,,,
96.53,REGROUND,-22.6,-0.96,-9.58,24.65,-0.01,0,0,,,,-0.404,-0.066,1.8,13.26,-0.01,,,
96.58,REGROUND,-22.64,-0.96,-9.58,24.66,-0.01,0,0,,,,-0.394,-0.064,2.5,13.26,-0.01,,,
96.63,REGROUND,-22.64,-0.96,-9.58,24.67,-0.01,0,0,,,,-0.404,-0.066,1.8,13.26,-0.01,,,
96.68,REGROUND,-22.68,-0.96,-9.58,24.68,-0.01,0,0,,,,-0.394,-0.064,2.6,13.26,-0.01,,,
96.73,REGROUND,-22.68,-0.96,-9.58,24.7,-0.01,0,0,,,,-0.404,-0.066,1.8,13.26,-0.01,,,
96.78,REGROUND,-22.72,-0.96,-9.58,24.71,-0.01,0,0,,,,-0.394,-0.064,2.5,13.26,-0.01,,,
96.83,REGROUND,-22.72,-0.96,-9.58,24.72,-0.01,0,0,,,,-0.404,-0.066,1.8,13.26,-0.01,,,
96.88,REGROUND,-22.76,-0.96,-9.58,24.73,-0.01,0,0,,,,-0.394,-0.064,2.5,13.26,-0.01,,,
96.93,REGROUND,-22.76,-0.96,-9.58,24.75,-0.01,0,0,,,,-0.404,-0.066,1.8,13.26,-0.01,,,
96.98,REGROUND,-22.8,-0.96,-9.58,24.76,-0.01,0,0,,,,-0.393,-0.064,2.4,13.26,-0.01,,,
97.03,REGROUND,-22.8,-0.96,-9.58,24.77,-0.01,0,0,,,,-0.403,-0.066,1.8,13.26,-0.01,,,
97.08,REGROUND,-22.84,-0.96,-9.58,24.78,-0.01,0,0,,,,-0.393,-0.064,2.4,13.26,-0.01,,,
97.13,REGROUND,-22.84,-0.96,-9.58,24.8,-0.01,0,0,,,,-0.403,-0.066,1.8,13.26,-0.01,,,
97.18,REGROUND,-22.88,-0.96,-9.58,24.81,-0.01,0,0,,,,-0.393,-0.064,2.6,13.26,-0.01,,,
97.23,REGROUND,-22.88,-0.96,-9.58,24.82,-0.01,0,0,,,,-0.403,-0.066,1.9,13.26,-0.01,,,
97.28,REGROUND,-22.92,-0.97,-9.58,24.83,-0.01,0,0,,,,-0.393,-0.065,2.5,13.26,-0.01,,,
97.33,REGROUND,-22.92,-0.97,-9.58,24.85,-0.01,0,0,,,,-0.403,-0.066,1.8,13.26,-0.01,,,
97.38,REGROUND,-22.96,-0.97,-9.58,24.86,-0.01,0,0,,,,-0.393,-0.065,2.5,13.26,-0.01,,,
97.43,REGROUND,-22.96,-0.97,-9.58,24.87,-0.01,0,0,,,,-0.403,-0.066,1.8,13.26,-0.01,,,
97.48,REGROUND,-23.0,-0.97,-9.58,24.88,-0.01,0,0,,,,-0.393,-0.065,2.5,13.26,-0.01,,,
97.53,REGROUND,-23.0,-0.97,-9.58,24.9,-0.01,0,0,,,,-0.403,-0.066,1.8,13.26,-0.01,,,
97.58,REGROUND,-23.04,-0.97,-9.58,24.91,-0.01,0,0,,,,-0.393,-0.065,2.5,13.26,-0.01,,,
97.63,REGROUND,-23.04,-0.97,-9.58,24.92,-0.01,0,0,,,,-0.403,-0.066,1.7,13.26,-0.01,,,
97.68,REGROUND,-23.08,-0.97,-9.58,24.93,-0.01,0,0,,,,-0.392,-0.064,2.5,13.26,-0.01,,,
97.73,REGROUND,-23.08,-0.97,-9.58,24.95,-0.01,0,0,,,,-0.402,-0.066,1.8,13.26,-0.01,,,
97.78,REGROUND,-23.13,-0.97,-9.58,24.96,-0.01,0,0,,,,-0.392,-0.064,2.2,13.26,-0.01,,,
97.83,REGROUND,-23.13,-0.97,-9.58,24.97,-0.01,0,0,,,,-0.402,-0.066,3.8,13.26,-0.01,,,
97.88,REGROUND,-23.17,-0.97,-9.58,24.98,-0.01,0,0,,,,-0.392,-0.064,2.3,13.26,-0.01,,,
97.93,REGROUND,-23.17,-0.97,-9.58,25.0,-0.01,0,0,,,,-0.402,-0.066,1.6,13.26,-0.01,,,
97.98,REGROUND,-23.21,-0.98,-9.58,25.01,-0.01,0,0,,,,-0.392,-0.064,2.6,13.26,-0.01,,,
98.03,REGROUND,-23.21,-0.98,-9.58,25.02,-0.01,0,0,,,,-0.402,-0.066,1.8,13.26,-0.01,,,
98.08,REGROUND,-23.25,-0.98,-9.58,25.03,-0.01,0,0,,,,-0.392,-0.064,2.5,13.26,-0.01,,,
98.13,REGROUND,-23.25,-0.98,-9.58,25.05,-0.01,0,0,,,,-0.402,-0.066,1.8,13.26,-0.01,,,
98.18,REGROUND,-23.29,-0.98,-9.58,25.06,-0.01,0,0,,,,-0.392,-0.064,2.5,13.26,-0.01,,,
98.23,REGROUND,-23.29,-0.98,-9.58,25.07,-0.01,0,0,,,,-0.402,-0.066,1.8,13.26,-0.01,,,
98.28,REGROUND,-23.33,-0.98,-9.58,25.08,-0.01,0,0,,,,-0.392,-0.064,2.5,13.26,-0.01,,,
98.33,REGROUND,-23.33,-0.98,-9.58,25.1,-0.01,0,0,,,,-0.402,-0.066,1.8,13.26,-0.01,,,
98.38,REGROUND,-23.37,-0.98,-9.58,25.11,-0.01,0,0,,,,-0.392,-0.064,2.4,13.26,-0.01,,,
98.43,REGROUND,-23.37,-0.98,-9.58,25.12,-0.01,0,0,,,,-0.402,-0.065,1.8,13.26,-0.01,,,
98.48,REGROUND,-23.41,-0.98,-9.58,25.13,-0.01,0,0,,,,-0.392,-0.064,2.5,13.26,-0.01,,,
98.53,REGROUND,-23.41,-0.98,-9.58,25.15,-0.01,0,0,,,,-0.402,-0.065,1.8,13.26,-0.01,,,
98.58,REGROUND,-23.45,-0.99,-9.58,25.16,-0.01,0,0,,,,-0.392,-0.063,2.4,13.26,-0.01,,,
98.63,REGROUND,-23.45,-0.99,-9.58,25.17,-0.01,0,0,,,,-0.402,-0.065,1.9,13.26,-0.01,,,
98.68,REGROUND,-23.49,-0.99,-9.58,25.18,-0.01,0,0,,,,-0.392,-0.063,2.6,13.26,-0.01,,,
98.73,REGROUND,-23.49,-0.99,-9.58,25.2,-0.01,0,0,,,,-0.402,-0.065,1.8,13.26,-0.01,,,
98.78,REGROUND,-23.53,-0.99,-9.58,25.21,-0.01,0,0,,,,-0.392,-0.063,2.5,13.26,-0.01,,,
98.83,REGROUND,-23.53,-0.99,-9.58,25.22,-0.01,0,0,,,,-0.402,-0.065,1.9,13.26,-0.01,,,
98.88,REGROUND,-23.57,-0.99,-9.58,25.23,-0.01,0,0,,,,-0.392,-0.063,2.5,13.26,-0.01,,,
98.93,REGROUND,-23.57,-0.99,-9.58,25.25,-0.01,0,0,,,,-0.402,-0.065,1.8,13.26,-0.01,,,
98.98,REGROUND,-23.61,-0.99,-9.58,25.26,-0.01,0,0,,,,-0.392,-0.063,2.5,13.26,-0.01,,,
99.03,REGROUND,-23.61,-0.99,-9.58,25.27,-0.01,0,0,,,,-0.402,-0.065,1.8,13.26,-0.01,,,
99.08,REGROUND,-23.65,-0.99,-9.58,25.28,-0.01,0,0,,,,-0.392,-0.063,2.5,13.26,-0.01,,,
99.13,REGROUND,-23.65,-0.99,-9.58,25.3,-0.01,0,0,,,,-0.402,-0.065,1.8,13.26,-0.01,,,
99.18,REGROUND,-23.69,-1.0,-9.58,25.31,-0.01,0,0,,,,-0.392,-0.063,2.4,13.26,-0.01,,,
99.23,REGROUND,-23.69,-1.0,-9.58,25.32,-0.01,0,0,,,,-0.402,-0.065,1.8,13.26,-0.01,,,
99.28,REGROUND,-23.73,-1.0,-9.58,25.33,-0.01,0,0,,,,-0.393,-0.063,2.4,13.26,-0.01,,,
99.33,REGROUND,-23.73,-1.0,-9.58,25.35,-0.01,0,0,,,,-0.402,-0.065,1.8,13.26,-0.01,,,
99.38,REGROUND,-23.77,-1.0,-9.58,25.36,-0.01,0,0,,,,-0.393,-0.064,2.3,13.26,-0.01,,,
99.43,REGROUND,-23.77,-1.0,-9.58,25.37,-0.01,0,0,,,,-0.403,-0.065,1.9,13.26,-0.01,,,
99.48,REGROUND,-23.81,-1.0,-9.58,25.38,-0.01,0,0,,,,-0.393,-0.064,2.5,13.26,-0.01,,,
99.53,REGROUND,-23.81,-1.0,-9.58,25.4,-0.01,0,0,,,,-0.403,-0.065,1.9,13.26,-0.01,,,
99.58,REGROUND,-23.85,-1.0,-9.58,25.41,-0.01,0,0,,,,-0.393,-0.064,2.5,13.26,-0.01,,,
99.63,REGROUND,-23.85,-1.0,-9.58,25.42,-0.01,0,0,,,,-0.403,-0.065,1.8,13.26,-0.01,,,
99.68,REGROUND,-23.89,-1.0,-9.58,25.43,-0.01,0,0,,,,-0.393,-0.064,2.5,13.26,-0.01,,,
99.73,REGROUND,-23.89,-1.0,-9.58,25.45,-0.01,0,0,,,,-0.403,-0.066,1.8,13.26,-0.01,,,
99.78,REGROUND,-23.93,-1.0,-9.58,25.46,-0.01,0,0,,,,-0.393,-0.064,2.5,13.26,-0.01,,,
99.83,REGROUND,-23.93,-1.0,-9.58,25.47,-0.01,0,0,,,,-0.403,-0.066,1.7,13.26,-0.01,,,
99.88,REGROUND,-23.97,-1.0,-9.58,25.48,-0.01,0,0,,,,-0.393,-0.064,2.5,13.26,-0.01,,,
99.93,REGROUND,-23.97,-1.0,-9.58,25.5,-0.01,0,0,,,,-0.403,-0.066,1.8,13.26,-0.01,,,
99.98,REGROUND,-24.01,-1.01,-9.58,25.51,-0.01,0,0,,,,-0.393,-0.064,2.3,13.26,-0.01,,,
100.03,REGROUND,-24.01,-1.01,-9.58,25.52,-0.01,0,0,,,,-0.403,-0.066,1.8,13.26,-0.01,,,
100.08,REGROUND,-24.05,-1.01,-9.58,25.53,-0.01,0,0,,,,-0.393,-0.064,3.9,13.26,-0.01,,,
100.13,REGROUND,-24.05,-1.01,-9.58,25.55,-0.01,0,0,,,,-0.403,-0.066,1.8,13.26,-0.01,,,
100.18,REGROUND,-24.09,-1.01,-9.58,25.56,-0.01,0,0,,,,-0.393,-0.064,2.6,13.26,-0.01,,,
100.23,REGROUND,-24.09,-1.01,-9.58,25.57,-0.01,0,0,,,,-0.403,-0.066,1.9,13.26,-0.01,,,
100.28,REGROUND,-24.13,-1.01,-9.58,25.58,-0.01,0,0,,,,-0.393,-0.064,2.5,13.26,-0.01,,,
100.33,REGROUND,-24.13,-1.01,-9.58,25.6,-0.01,0,0,,,,-0.403,-0.066,1.9,13.26,-0.01,,,
100.38,REGROUND,-24.17,-1.01,-9.58,25.61,-0.01,0,0,,,,-0.393,-0.064,2.6,13.26,-0.01,,,
100.43,REGROUND,-24.17,-1.01,-9.58,25.62,-0.01,0,0,,,,-0.403,-0.066,1.8,13.26,-0.01,,,
100.48,REGROUND,-24.21,-1.01,-9.58,25.63,-0.01,0,0,,,,-0.393,-0.064,2.5,13.26,-0.01,,,
100.53,REGROUND,-24.21,-1.01,-9.58,25.65,-0.01,0,0,,,,-0.403,-0.066,1.8,13.26,-0.01,,,
100.58,REGROUND,-24.25,-1.01,-9.58,25.66,-0.01,0,0,,,,-0.393,-0.064,2.4,13.26,-0.01,,,
100.63,REGROUND,-24.25,-1.01,-9.58,25.67,-0.01,0,0,,,,-0.403,-0.066,1.8,13.26,-0.01,,,
100.68,REGROUND,-24.29,-1.01,-9.58,25.69,-0.01,0,0,,,,-0.393,-0.065,2.4,13.26,-0.01,,,
100.73,REGROUND,-24.29,-1.01,-9.58,25.7,-0.01,0,0,,,,-0.403,-0.066,1.8,13.26,-0.01,,,
100.78,REGROUND,-24.33,-1.02,-9.58,25.71,-0.01,0,0,,,,-0.393,-0.064,2.4,13.26,-0.01,,,
100.83,REGROUND,-24.33,-1.02,-9.58,25.72,-0.01,0,0,,,,-0.403,-0.066,1.8,13.26,-0.01,,,
100.88,REGROUND,-24.37,-1.02,-9.58,25.74,-0.01,0,0,,,,-0.393,-0.065,2.3,13.26,-0.01,,,
100.93,REGROUND,-24.37,-1.02,-9.58,25.75,-0.01,0,0,,,,-0.403,-0.066,1.9,13.26,-0.01,,,
100.98,REGROUND,-24.41,-1.02,-9.58,25.76,-0.01,0,0,,,,-0.393,-0.064,2.6,13.26,-0.01,,,
101.03,REGROUND,-24.41,-1.02,-9.58,25.77,-0.01,0,0,,,,-0.403,-0.066,1.9,13.26,-0.01,,,
101.08,REGROUND,-24.45,-1.02,-9.58,25.79,-0.01,0,0,,,,-0.393,-0.064,2.5,13.26,-0.01,,,
101.13,REGROUND,-24.45,-1.02,-9.58,25.8,-0.01,0,0,,,,-0.403,-0.066,1.8,13.26,-0.01,,,
101.18,REGROUND,-24.49,-1.02,-9.58,25.81,-0.01,0,0,,,,-0.393,-0.064,2.5,13.26,-0.01,,,
101.23,REGROUND,-24.49,-1.02,-9.58,25.82,-0.01,0,0,,,,-0.403,-0.066,1.8,13.26,-0.01,,,
101.28,REGROUND,-24.53,-1.02,-9.58,25.84,-0.01,0,0,,,,-0.393,-0.064,2.4,13.26,-0.01,,,
101.33,REGROUND,-24.53,-1.02,-9.58,25.85,-0.01,0,0,,,,-0.403,-0.066,1.6,13.26,-0.01,,,
101.38,REGROUND,-24.57,-1.03,-9.58,25.86,-0.01,0,0,,,,-0.393,-0.064,2.4,13.26,-0.01,,,
101.43,REGROUND,-24.57,-1.03,-9.58,25.87,-0.01,0,0,,,,-0.403,-0.065,1.8,13.26,-0.01,,,
101.48,REGROUND,-24.61,-1.03,-9.58,25.89,-0.01,0,0,,,,-0.393,-0.064,2.4,13.26,-0.01,,,
101.53,REGROUND,-24.61,-1.03,-9.58,25.9,-0.01,0,0,,,,-0.403,-0.065,1.8,13.26,-0.01,,,
101.58,REGROUND,-24.65,-1.03,-9.58,25.91,-0.01,0,0,,,,-0.393,-0.064,2.3,13.26,-0.01,,,
101.63,REGROUND,-24.65,-1.03,-9.58,25.92,-0.01,0,0,,,,-0.403,-0.065,1.9,13.26,-0.01,,,
101.68,REGROUND,-24.69,-1.03,-9.58,25.94,-0.01,0,0,,,,-0.393,-0.063,2.5,13.26,-0.01,,,
101.73,REGROUND,-24.69,-1.03,-9.58,25.95,-0.01,0,0,,,,-0.403,-0.065,1.8,13.26,-0.01,,,
101.78,REGROUND,-24.73,-1.03,-9.58,25.96,-0.01,0,0,,,,-0.393,-0.063,2.5,13.26,-0.01,,,
101.84,REGROUND,-24.73,-1.03,-9.58,25.97,-0.01,0,0,,,,-0.403,-0.065,1.9,13.26,-0.01,,,
101.89,REGROUND,-24.77,-1.03,-9.58,25.99,-0.01,0,0,,,,-0.393,-0.063,2.5,13.26,-0.01,,,
101.94,REGROUND,-24.77,-1.03,-9.58,26.0,-0.01,0,0,,,,-0.403,-0.065,1.8,13.26,-0.01,,,
101.99,REGROUND,-24.81,-1.04,-9.58,26.01,-0.01,0,0,,,,-0.393,-0.063,2.5,13.26,-0.01,,,
102.04,REGROUND,-24.81,-1.04,-9.58,26.02,-0.01,0,0,,,,-0.403,-0.065,1.8,13.26,-0.01,,,
102.09,REGROUND,-24.86,-1.04,-9.58,26.04,-0.01,0,0,,,,-0.393,-0.063,2.5,13.26,-0.01,,,
102.14,REGROUND,-24.86,-1.04,-9.58,26.05,-0.01,0,0,,,,-0.403,-0.065,1.7,13.26,-0.01,,,
102.19,REGROUND,-24.9,-1.04,-9.58,26.06,-0.01,0,0,,,,-0.393,-0.063,2.4,13.26,-0.01,,,
102.24,REGROUND,-24.9,-1.04,-9.58,26.07,-0.01,0,0,,,,-0.403,-0.065,1.8,13.26,-0.01,,,
102.29,REGROUND,-24.94,-1.04,-9.58,26.09,-0.01,0,0,,,,-0.393,-0.063,3.8,13.26,-0.01,,,
102.34,REGROUND,-24.94,-1.04,-9.58,26.1,-0.01,0,0,,,,-0.403,-0.065,1.8,13.26,-0.01,,,
102.39,REGROUND,-24.98,-1.04,-9.58,26.11,-0.01,0,0,,,,-0.393,-0.064,2.3,13.26,-0.01,,,
102.44,REGROUND,-24.98,-1.04,-9.58,26.12,-0.01,0,0,,,,-0.403,-0.065,1.9,13.26,-0.01,,,
102.49,REGROUND,-25.02,-1.04,-9.58,26.14,-0.01,0,0,,,,-0.393,-0.064,2.3,13.26,-0.01,,,
102.54,REGROUND,-25.02,-1.04,-9.58,26.15,-0.01,0,0,,,,-0.403,-0.066,1.9,13.26,-0.01,,,
102.59,REGROUND,-25.06,-1.04,-9.58,26.16,-0.01,0,0,,,,-0.393,-0.064,2.4,13.26,-0.01,,,
102.64,REGROUND,-25.06,-1.04,-9.58,26.17,-0.01,0,0,,,,-0.402,-0.066,1.8,13.26,-0.01,,,
102.69,REGROUND,-25.1,-1.04,-9.58,26.19,-0.01,0,0,,,,-0.392,-0.064,2.5,13.26,-0.01,,,
102.74,REGROUND,-25.1,-1.04,-9.58,26.2,-0.01,0,0,,,,-0.402,-0.066,1.7,13.26,-0.01,,,
102.79,REGROUND,-25.14,-1.05,-9.58,26.21,-0.01,0,0,,,,-0.392,-0.064,2.5,13.26,-0.01,,,
102.84,REGROUND,-25.14,-1.05,-9.58,26.22,-0.01,0,0,,,,-0.402,-0.066,1.8,13.26,-0.01,,,
102.89,REGROUND,-25.18,-1.05,-9.58,26.24,-0.01,0,0,,,,-0.392,-0.064,2.3,13.26,-0.01,,,
102.94,REGROUND,-25.18,-1.05,-9.58,26.25,-0.01,0,0,,,,-0.402,-0.066,1.8,13.26,-0.01,,,
102.99,REGROUND,-25.22,-1.05,-9.58,26.26,-0.01,0,0,,,,-0.392,-0.064,2.4,13.26,-0.01,,,
103.04,REGROUND,-25.22,-1.05,-9.58,26.27,-0.01,0,0,,,,-0.402,-0.066,1.8,13.26,-0.01,,,
103.09,REGROUND,-25.26,-1.05,-9.58,26.29,-0.01,0,0,,,,-0.392,-0.065,2.3,13.26,-0.01,,,
103.14,REGROUND,-25.26,-1.05,-9.58,26.3,-0.01,0,0,,,,-0.402,-0.066,1.8,13.26,-0.01,,,
103.19,REGROUND,-25.3,-1.05,-9.58,26.31,-0.01,0,0,,,,-0.392,-0.065,2.5,13.26,-0.01,,,
103.24,REGROUND,-25.3,-1.05,-9.58,26.32,-0.01,0,0,,,,-0.402,-0.066,1.9,13.26,-0.01,,,
103.29,REGROUND,-25.34,-1.05,-9.58,26.34,-0.01,0,0,,,,-0.392,-0.065,2.5,13.26,-0.01,,,
103.34,REGROUND,-25.34,-1.05,-9.58,26.35,-0.01,0,0,,,,-0.402,-0.066,1.9,13.26,-0.01,,,
103.39,REGROUND,-25.38,-1.05,-9.58,26.36,-0.01,0,0,,,,-0.392,-0.065,2.5,13.26,-0.01,,,
103.44,REGROUND,-25.38,-1.05,-9.58,26.37,-0.01,0,0,,,,-0.402,-0.066,1.8,13.26,-0.01,,,
103.49,REGROUND,-25.42,-1.05,-9.58,26.39,-0.01,0,0,,,,-0.392,-0.065,2.3,13.26,-0.01,,,
103.54,REGROUND,-25.42,-1.05,-9.58,26.4,-0.01,0,0,,,,-0.402,-0.066,1.8,13.26,-0.01,,,
103.59,REGROUND,-25.46,-1.06,-9.58,26.41,-0.01,0,0,,,,-0.392,-0.065,2.5,13.26,-0.01,,,
103.64,REGROUND,-25.46,-1.06,-9.58,26.42,-0.01,0,0,,,,-0.402,-0.066,1.9,13.26,-0.01,,,
103.69,REGROUND,-25.5,-1.06,-9.58,26.44,-0.01,0,0,,,,-0.392,-0.065,2.4,13.26,-0.01,,,
103.74,REGROUND,-25.5,-1.06,-9.58,26.45,-0.01,0,0,,,,-0.402,-0.066,1.8,13.26,-0.01,,,
103.79,REGROUND,-25.54,-1.06,-9.58,26.46,-0.01,0,0,,,,-0.392,-0.065,2.4,13.26,-0.01,,,
103.84,REGROUND,-25.54,-1.06,-9.58,26.47,-0.01,0,0,,,,-0.402,-0.066,1.8,13.26,-0.01,,,
103.89,REGROUND,-25.58,-1.06,-9.58,26.49,-0.01,0,0,,,,-0.392,-0.065,2.4,13.26,-0.01,,,
103.94,REGROUND,-25.58,-1.06,-9.58,26.5,-0.01,0,0,,,,-0.402,-0.066,1.8,13.26,-0.01,,,
103.99,REGROUND,-25.62,-1.06,-9.58,26.51,-0.01,0,0,,,,-0.392,-0.065,2.6,13.26,-0.01,,,
104.04,REGROUND,-25.62,-1.06,-9.58,26.52,-0.01,0,0,,,,-0.402,-0.066,1.9,13.26,-0.01,,,
104.09,REGROUND,-25.66,-1.06,-9.58,26.54,-0.01,0,0,,,,-0.392,-0.065,2.5,13.26,-0.01,,,
104.14,REGROUND,-25.66,-1.06,-9.58,26.55,-0.01,0,0,,,,-0.402,-0.066,1.8,13.26,-0.01,,,
104.19,REGROUND,-25.7,-1.07,-9.58,26.56,-0.01,0,0,,,,-0.392,-0.064,2.5,13.26,-0.01,,,
104.24,REGROUND,-25.7,-1.07,-9.58,26.57,-0.01,0,0,,,,-0.402,-0.066,1.8,13.26,-0.01,,,
104.29,REGROUND,-25.74,-1.07,-9.58,26.59,-0.01,0,0,,,,-0.392,-0.064,2.3,13.26,-0.01,,,
104.34,REGROUND,-25.74,-1.07,-9.58,26.6,-0.01,0,0,,,,-0.402,-0.066,1.9,13.26,-0.01,,,
104.39,REGROUND,-25.78,-1.07,-9.58,26.61,-0.01,0,0,,,,-0.392,-0.064,2.3,13.26,-0.01,,,
104.44,REGROUND,-25.78,-1.07,-9.58,26.62,-0.01,0,0,,,,-0.402,-0.065,3.4,13.26,-0.01,,,
104.49,REGROUND,-25.82,-1.07,-9.58,26.64,-0.01,0,0,,,,-0.392,-0.064,2.3,13.26,-0.01,,,
104.54,REGROUND,-25.82,-1.07,-9.58,26.65,-0.01,0,0,,,,-0.402,-0.065,1.8,13.26,-0.01,,,
104.59,REGROUND,-25.86,-1.07,-9.58,26.66,-0.01,0,0,,,,-0.392,-0.063,2.4,13.26,-0.01,,,
104.64,REGROUND,-25.86,-1.07,-9.58,26.67,-0.01,0,0,,,,-0.402,-0.065,1.9,13.26,-0.01,,,
104.69,REGROUND,-25.9,-1.07,-9.58,26.69,-0.01,0,0,,,,-0.392,-0.063,2.6,13.26,-0.01,,,
104.74,REGROUND,-25.9,-1.07,-9.58,26.7,-0.01,0,0,,,,-0.402,-0.065,1.9,13.26,-0.01,,,
104.79,REGROUND,-25.94,-1.08,-9.58,26.71,-0.01,0,0,,,,-0.392,-0.063,2.3,13.26,-0.01,,,
104.84,REGROUND,-25.94,-1.08,-9.58,26.72,-0.01,0,0,,,,-0.402,-0.065,1.7,13.26,-0.01,,,
104.89,REGROUND,-25.98,-1.08,-9.58,26.74,-0.01,0,0,,,,-0.392,-0.063,2.5,13.26,-0.01,,,
104.94,REGROUND,-25.98,-1.08,-9.58,26.75,-0.01,0,0,,,,-0.402,-0.065,2.3,13.26,-0.01,,,
104.99,REGROUND,-26.02,-1.08,-9.58,26.76,-0.01,0,0,,,,-0.393,-0.063,3.3,13.26,-0.01,,,
105.04,REGROUND,-26.02,-1.08,-9.58,26.77,-0.01,0,0,,,,-0.402,-0.065,1.9,13.26,-0.01,,,
105.09,REGROUND,-26.06,-1.08,-9.58,26.79,-0.01,0,0,,,,-0.393,-0.063,2.4,13.26,-0.01,,,
105.14,REGROUND,-26.06,-1.08,-9.58,26.8,-0.01,0,0,,,,-0.403,-0.065,1.8,13.26,-0.01,,,
105.19,REGROUND,-26.1,-1.08,-9.58,26.81,-0.01,0,0,,,,-0.393,-0.063,2.6,13.26,-0.01,,,
105.24,REGROUND,-26.1,-1.08,-9.58,26.82,-0.01,0,0,,,,-0.403,-0.065,1.8,13.26,-0.01,,,
105.29,REGROUND,-26.14,-1.08,-9.58,26.84,-0.01,0,0,,,,-0.393,-0.063,2.6,13.26,-0.01,,,
105.34,REGROUND,-26.14,-1.08,-9.58,26.85,-0.01,0,0,,,,-0.403,-0.065,1.8,13.26,-0.01,,,
105.39,REGROUND,-26.18,-1.08,-9.58,26.86,-0.01,0,0,,,,-0.393,-0.063,2.3,13.26,-0.01,,,
105.44,REGROUND,-26.18,-1.08,-9.58,26.87,-0.01,0,0,,,,-0.403,-0.065,1.7,13.26,-0.01,,,
105.49,REGROUND,-26.22,-1.09,-9.58,26.89,-0.01,0,0,,,,-0.393,-0.063,2.5,13.26,-0.01,,,
105.54,REGROUND,-26.22,-1.09,-9.58,26.9,-0.01,0,0,,,,-0.403,-0.065,1.9,13.26,-0.01,,,
105.59,REGROUND,-26.26,-1.09,-9.58,26.91,-0.01,0,0,,,,-0.393,-0.063,2.5,13.26,-0.01,,,
105.64,REGROUND,-26.26,-1.09,-9.58,26.92,-0.01,0,0,,,,-0.403,-0.065,1.6,13.26,-0.01,,,
105.69,REGROUND,-26.3,-1.09,-9.58,26.94,-0.01,0,0,,,,-0.393,-0.064,2.4,13.26,-0.01,,,
105.74,REGROUND,-26.3,-1.09,-9.58,26.95,-0.01,0,0,,,,-0.403,-0.065,1.7,13.26,-0.01,,,
105.79,REGROUND,-26.34,-1.09,-9.58,26.96,-0.01,0,0,,,,-0.393,-0.064,2.4,13.26,-0.01,,,
105.84,REGROUND,-26.34,-1.09,-9.58,26.97,-0.01,0,0,,,,-0.403,-0.065,1.8,13.26,-0.01,,,
105.89,REGROUND,-26.38,-1.09,-9.58,26.99,-0.01,0,0,,,,-0.393,-0.064,2.2,13.26,-0.01,,,
105.94,REGROUND,-26.38,-1.09,-9.58,27.0,-0.01,0,0,,,,-0.403,-0.065,1.9,13.26,-0.01,,,
105.99,REGROUND,-26.42,-1.09,-9.58,27.01,-0.01,0,0,,,,-0.393,-0.064,2.5,13.26,-0.01,,,
106.04,REGROUND,-26.42,-1.09,-9.58,27.02,-0.01,0,0,,,,-0.403,-0.066,1.8,13.26,-0.01,,,
106.09,REGROUND,-26.46,-1.09,-9.58,27.04,-0.01,0,0,,,,-0.393,-0.064,2.5,13.26,-0.01,,,
106.14,REGROUND,-26.46,-1.09,-9.58,27.05,-0.01,0,0,,,,-0.403,-0.066,1.8,13.26,-0.01,,,
106.19,REGROUND,-26.5,-1.09,-9.58,27.06,-0.01,0,0,,,,-0.393,-0.064,2.5,13.26,-0.01,,,
106.24,REGROUND,-26.5,-1.09,-9.58,27.07,-0.01,0,0,,,,-0.403,-0.066,1.8,13.26,-0.01,,,
106.29,REGROUND,-26.55,-1.1,-9.58,27.09,-0.01,0,0,,,,-0.393,-0.064,2.4,13.26,-0.01,,,
106.34,REGROUND,-26.55,-1.1,-9.58,27.1,-0.01,0,0,,,,-0.403,-0.066,1.7,13.26,-0.01,,,
106.39,REGROUND,-26.59,-1.1,-9.58,27.11,-0.01,0,0,,,,-0.393,-0.064,2.4,13.26,-0.01,,,
106.44,REGROUND,-26.59,-1.1,-9.58,27.12,-0.01,0,0,,,,-0.403,-0.066,1.8,13.26,-0.01,,,
106.49,REGROUND,-26.63,-1.1,-9.58,27.14,-0.01,0,0,,,,-0.393,-0.065,2.4,13.26,-0.01,,,
106.54,REGROUND,-26.63,-1.1,-9.58,27.15,-0.01,0,0,,,,-0.403,-0.066,1.8,13.26,-0.01,,,
106.59,REGROUND,-26.67,-1.1,-9.58,27.16,-0.01,0,0,,,,-0.393,-0.065,4.1,13.26,-0.01,,,
106.64,REGROUND,-26.67,-1.1,-9.58,27.17,-0.01,0,0,,,,-0.403,-0.066,1.9,13.26,-0.01,,,
106.69,REGROUND,-26.71,-1.1,-9.58,27.19,-0.01,0,0,,,,-0.393,-0.065,2.5,13.26,-0.01,,,
106.74,REGROUND,-26.71,-1.1,-9.58,27.2,-0.01,0,0,,,,-0.403,-0.066,1.8,13.26,-0.01,,,
106.79,REGROUND,-26.75,-1.1,-9.58,27.21,-0.01,0,0,,,,-0.393,-0.065,2.5,13.26,-0.01,,,
106.84,REGROUND,-26.75,-1.1,-9.58,27.22,-0.01,0,0,,,,-0.403,-0.066,1.8,13.26,-0.01,,,
106.89,REGROUND,-26.79,-1.1,-9.58,27.24,-0.01,0,0,,,,-0.393,-0.065,2.6,13.26,-0.01,,,
106.94,REGROUND,-26.79,-1.1,-9.58,27.25,-0.01,0,0,,,,-0.403,-0.066,2.3,13.26,-0.01,,,
106.99,REGROUND,-26.83,-1.11,-9.58,27.26,-0.01,0,0,,,,-0.393,-0.065,2.8,13.26,-0.01,,,
107.04,REGROUND,-26.83,-1.11,-9.58,27.27,-0.01,0,0,,,,-0.403,-0.066,1.9,13.26,-0.01,,,
107.09,REGROUND,-26.87,-1.11,-9.58,27.29,-0.01,0,0,,,,-0.393,-0.065,2.4,13.26,-0.01,,,
107.14,REGROUND,-26.87,-1.11,-9.58,27.3,-0.01,0,0,,,,-0.403,-0.066,1.8,13.26,-0.01,,,
107.19,REGROUND,-26.91,-1.11,-9.58,27.31,-0.01,0,0,,,,-0.393,-0.064,3.1,13.26,-0.01,,,
107.24,REGROUND,-26.91,-1.11,-9.58,27.32,-0.01,0,0,,,,-0.403,-0.066,1.9,13.26,-0.01,,,
107.29,REGROUND,-26.95,-1.11,-9.58,27.34,-0.01,0,0,,,,-0.393,-0.064,3.0,13.26,-0.01,,,
107.34,REGROUND,-26.95,-1.11,-9.58,27.35,-0.01,0,0,,,,-0.403,-0.066,1.8,13.26,-0.01,,,
107.39,REGROUND,-26.99,-1.11,-9.58,27.36,-0.01,0,0,,,,-0.393,-0.064,3.1,13.26,-0.01,,,
107.44,REGROUND,-26.99,-1.11,-9.58,27.37,-0.01,0,0,,,,-0.402,-0.065,2.1,13.26,-0.01,,,
107.49,REGROUND,-27.03,-1.11,-9.58,27.39,-0.01,0,0,,,,-0.392,-0.064,2.6,13.26,-0.01,,,
107.54,REGROUND,-27.03,-1.11,-9.58,27.4,-0.01,0,0,,,,-0.402,-0.065,2.0,13.26,-0.01,,,
107.59,REGROUND,-27.07,-1.12,-9.58,27.41,-0.01,0,0,,,,-0.393,-0.063,2.5,13.26,-0.01,,,
107.64,REGROUND,-27.07,-1.12,-9.58,27.43,-0.01,0,0,,,,-0.403,-0.065,2.0,13.26,-0.01,,,
107.69,REGROUND,-27.11,-1.12,-9.58,27.44,-0.01,0,0,,,,-0.393,-0.063,3.2,13.26,-0.01,,,
107.74,REGROUND,-27.11,-1.12,-9.58,27.45,-0.01,0,0,,,,-0.403,-0.065,2.3,13.26,-0.01,,,
107.79,REGROUND,-27.15,-1.12,-9.58,27.46,-0.01,0,0,,,,-0.393,-0.063,2.7,13.26,-0.01,,,
107.84,REGROUND,-27.15,-1.12,-9.58,27.48,-0.01,0,0,,,,-0.403,-0.065,2.3,13.26,-0.01,,,
107.89,REGROUND,-27.19,-1.12,-9.58,27.49,-0.01,0,0,,,,-0.393,-0.063,3.1,13.26,-0.01,,,
107.94,REGROUND,-27.19,-1.12,-9.58,27.5,-0.01,0,0,,,,-0.403,-0.065,1.8,13.26,-0.01,,,
107.99,REGROUND,-27.23,-1.12,-9.58,27.51,-0.01,0,0,,,,-0.393,-0.063,2.5,13.26,-0.01,,,
108.04,REGROUND,-27.23,-1.12,-9.58,27.53,-0.01,0,0,,,,-0.403,-0.065,1.8,13.26,-0.01,,,
108.09,REGROUND,-27.27,-1.12,-9.58,27.54,-0.01,0,0,,,,-0.392,-0.063,3.0,13.26,-0.01,,,
108.14,REGROUND,-27.27,-1.12,-9.58,27.55,-0.01,0,0,,,,-0.402,-0.065,2.4,13.26,-0.01,,,
108.19,REGROUND,-27.31,-1.13,-9.58,27.56,-0.01,0,0,,,,-0.392,-0.063,3.0,13.26,-0.01,,,
108.24,REGROUND,-27.31,-1.13,-9.58,27.58,-0.01,0,0,,,,-0.402,-0.064,2.4,13.26,-0.01,,,
108.29,REGROUND,-27.35,-1.13,-9.58,27.59,-0.01,0,0,,,,-0.392,-0.063,2.6,13.26,-0.01,,,
108.34,REGROUND,-27.35,-1.13,-9.58,27.6,-0.01,0,0,,,,-0.402,-0.065,1.8,13.26,-0.01,,,
108.39,REGROUND,-27.39,-1.13,-9.58,27.61,-0.01,0,0,,,,-0.392,-0.063,2.6,13.26,-0.01,,,
108.44,REGROUND,-27.39,-1.13,-9.58,27.63,-0.01,0,0,,,,-0.402,-0.065,1.8,13.26,-0.01,,,
108.49,REGROUND,-27.43,-1.13,-9.58,27.64,-0.01,0,0,,,,-0.392,-0.063,2.4,13.26,-0.01,,,
108.54,REGROUND,-27.43,-1.13,-9.58,27.65,-0.01,0,0,,,,-0.402,-0.065,1.7,13.26,-0.01,,,
108.59,REGROUND,-27.47,-1.13,-9.58,27.66,-0.01,0,0,,,,-0.393,-0.063,3.2,13.26,-0.01,,,
108.64,REGROUND,-27.47,-1.13,-9.58,27.68,-0.01,0,0,,,,-0.403,-0.065,2.4,13.26,-0.01,,,
108.69,REGROUND,-27.51,-1.13,-9.58,27.69,-0.01,0,0,,,,-0.393,-0.064,2.8,13.26,-0.01,,,
108.74,REGROUND,-27.51,-1.13,-9.58,27.7,-0.01,0,0,,,,-0.402,-0.065,4.2,13.26,-0.01,,,
108.79,REGROUND,-27.55,-1.13,-9.58,27.71,-0.01,0,0,,,,-0.393,-0.064,2.7,13.26,-0.01,,,
108.84,REGROUND,-27.55,-1.13,-9.58,27.73,-0.01,0,0,,,,-0.403,-0.066,2.4,13.26,-0.01,,,
108.9,REGROUND,-27.59,-1.13,-9.58,27.74,-0.01,0,0,,,,-0.392,-0.064,2.7,13.26,-0.01,,,
108.95,REGROUND,-27.59,-1.13,-9.58,27.75,-0.01,0,0,,,,-0.402,-0.066,1.9,13.26,-0.01,,,
109.0,REGROUND,-27.63,-1.13,-9.58,27.76,-0.01,0,0,,,,-0.393,-0.064,2.5,13.26,-0.01,,,
109.05,REGROUND,-27.63,-1.13,-9.58,27.78,-0.01,0,0,,,,-0.402,-0.066,1.8,13.26,-0.01,,,
109.1,REGROUND,-27.67,-1.14,-9.58,27.79,-0.01,0,0,,,,-0.392,-0.065,2.5,13.26,-0.01,,,
109.15,REGROUND,-27.67,-1.14,-9.58,27.8,-0.01,0,0,,,,-0.402,-0.066,1.8,13.26,-0.01,,,
109.2,REGROUND,-27.71,-1.14,-9.58,27.81,-0.01,0,0,,,,-0.393,-0.065,2.5,13.26,-0.01,,,
109.25,REGROUND,-27.71,-1.14,-9.58,27.83,-0.01,0,0,,,,-0.402,-0.066,1.8,13.26,-0.01,,,
109.3,REGROUND,-27.75,-1.14,-9.58,27.84,-0.01,0,0,,,,-0.393,-0.065,2.4,13.26,-0.01,,,
109.35,REGROUND,-27.75,-1.14,-9.58,27.85,-0.01,0,0,,,,-0.403,-0.066,1.7,13.26,-0.01,,,
109.4,REGROUND,-27.79,-1.14,-9.58,27.86,-0.01,0,0,,,,-0.393,-0.065,2.3,13.26,-0.01,,,
109.45,REGROUND,-27.79,-1.14,-9.58,27.88,-0.01,0,0,,,,-0.402,-0.067,1.9,13.26,-0.01,,,
109.5,REGROUND,-27.83,-1.14,-9.58,27.89,-0.01,0,0,,,,-0.393,-0.065,2.3,13.26,-0.01,,,
109.55,REGROUND,-27.83,-1.14,-9.58,27.9,-0.01,0,0,,,,-0.403,-0.067,1.8,13.26,-0.01,,,
109.6,REGROUND,-27.87,-1.14,-9.58,27.91,-0.01,0,0,,,,-0.393,-0.065,2.4,13.26,-0.01,,,
109.65,REGROUND,-27.87,-1.14,-9.58,27.93,-0.01,0,0,,,,-0.403,-0.067,1.9,13.26,-0.01,,,
109.7,REGROUND,-27.91,-1.14,-9.58,27.94,-0.01,0,0,,,,-0.393,-0.065,2.5,13.26,-0.01,,,
109.75,REGROUND,-27.91,-1.14,-9.58,27.95,-0.01,0,0,,,,-0.403,-0.067,1.9,13.26,-0.01,,,
109.8,REGROUND,-27.95,-1.15,-9.58,27.96,-0.01,0,0,,,,-0.393,-0.065,2.3,13.26,-0.01,,,
109.85,REGROUND,-27.95,-1.15,-9.58,27.98,-0.01,0,0,,,,-0.403,-0.067,1.8,13.26,-0.01,,,
109.9,REGROUND,-27.99,-1.15,-9.58,27.99,-0.01,0,0,,,,-0.393,-0.065,2.4,13.26,-0.01,,,
109.95,REGROUND,-28.04,-1.15,-9.58,28.0,-0.01,0,0,,,,-0.383,-0.063,2.4,13.26,-0.01,,,
110.0,REGROUND,-28.04,-1.15,-9.58,28.01,-0.01,0,0,,,,-0.393,-0.065,1.8,13.26,-0.01,,,
110.05,REGROUND,-28.04,-1.15,-9.58,28.03,-0.01,0,0,,,,-0.403,-0.066,1.8,13.26,-0.01,,,
110.1,REGROUND,-28.08,-1.15,-9.58,28.04,-0.01,0,0,,,,-0.393,-0.065,2.3,13.26,-0.01,,,
110.15,REGROUND,-28.08,-1.15,-9.58,28.05,-0.01,0,0,,,,-0.403,-0.066,1.8,13.26,-0.01,,,
110.2,REGROUND,-28.12,-1.15,-9.58,28.06,-0.01,0,0,,,,-0.393,-0.065,2.3,13.26,-0.01,,,
110.25,REGROUND,-28.12,-1.15,-9.58,28.08,-0.01,0,0,,,,-0.403,-0.066,1.8,13.26,-0.01,,,
110.3,REGROUND,-28.16,-1.15,-9.58,28.09,-0.01,0,0,,,,-0.393,-0.064,2.5,13.26,-0.01,,,
110.35,REGROUND,-28.16,-1.15,-9.58,28.1,-0.01,0,0,,,,-0.403,-0.066,1.8,13.26,-0.01,,,
110.4,REGROUND,-28.2,-1.16,-9.58,28.11,-0.01,0,0,,,,-0.393,-0.064,2.5,13.26,-0.01,,,
110.45,REGROUND,-28.24,-1.16,-9.58,28.13,-0.01,0,0,,,,-0.383,-0.062,2.5,13.26,-0.01,,,
110.5,REGROUND,-28.24,-1.16,-9.58,28.14,-0.01,0,0,,,,-0.393,-0.064,1.8,13.26,-0.01,,,
110.55,REGROUND,-28.28,-1.16,-9.58,28.15,-0.01,0,0,,,,-0.383,-0.062,2.5,13.26,-0.01,,,
110.6,REGROUND,-28.28,-1.16,-9.58,28.16,-0.01,0,0,,,,-0.393,-0.064,1.8,13.26,-0.01,,,
110.65,REGROUND,-28.32,-1.16,-9.58,28.18,-0.01,0,0,,,,-0.383,-0.062,2.4,13.26,-0.01,,,
110.7,REGROUND,-28.32,-1.16,-9.58,28.19,-0.01,0,0,,,,-0.393,-0.064,2.2,13.26,-0.01,,,
110.75,REGROUND,-28.32,-1.16,-9.58,28.2,-0.01,0,0,,,,-0.403,-0.065,1.8,13.26,-0.01,,,
110.8,REGROUND,-28.36,-1.16,-9.58,28.21,-0.01,0,0,,,,-0.393,-0.063,2.4,13.26,-0.01,,,
110.85,REGROUND,-28.36,-1.16,-9.58,28.23,-0.01,0,0,,,,-0.403,-0.065,1.9,13.26,-0.01,,,
110.9,REGROUND,-28.4,-1.16,-9.58,28.24,-0.01,0,0,,,,-0.393,-0.064,4.9,13.26,-0.01,,,
110.95,REGROUND,-28.4,-1.16,-9.58,28.25,-0.01,0,0,,,,-0.403,-0.065,2.3,13.26,-0.01,,,
111.0,REGROUND,-28.44,-1.17,-9.58,28.26,-0.01,0,0,,,,-0.394,-0.063,3.0,13.26,-0.01,,,
111.05,REGROUND,-28.48,-1.17,-9.58,28.28,-0.01,0,0,,,,-0.384,-0.062,2.9,13.26,-0.01,,,
111.1,REGROUND,-28.48,-1.17,-9.58,28.29,-0.01,0,0,,,,-0.394,-0.064,2.4,13.26,-0.01,,,
111.15,REGROUND,-28.52,-1.17,-9.58,28.3,-0.01,0,0,,,,-0.384,-0.062,2.9,13.26,-0.01,,,
111.2,REGROUND,-28.52,-1.17,-9.58,28.31,-0.01,0,0,,,,-0.394,-0.064,2.4,13.26,-0.01,,,
111.25,REGROUND,-28.56,-1.17,-9.58,28.33,-0.01,0,0,,,,-0.384,-0.062,2.8,13.26,-0.01,,,
111.3,REGROUND,-28.56,-1.17,-9.58,28.34,-0.01,0,0,,,,-0.394,-0.064,1.9,13.26,-0.01,,,
111.35,REGROUND,-28.6,-1.17,-9.58,28.35,-0.01,0,0,,,,-0.385,-0.062,2.5,13.26,-0.01,,,
111.4,REGROUND,-28.6,-1.17,-9.58,28.36,-0.01,0,0,,,,-0.395,-0.064,1.7,13.26,-0.01,,,
111.45,REGROUND,-28.6,-1.17,-9.58,28.38,-0.01,0,0,,,,-0.405,-0.066,1.7,13.26,-0.01,,,
111.5,REGROUND,-28.64,-1.17,-9.58,28.39,-0.01,0,0,,,,-0.395,-0.064,2.5,13.26,-0.01,,,
111.55,REGROUND,-28.64,-1.17,-9.58,28.4,-0.01,0,0,,,,-0.405,-0.066,1.8,13.26,-0.01,,,
111.6,REGROUND,-28.68,-1.17,-9.58,28.41,-0.01,0,0,,,,-0.395,-0.064,2.4,13.26,-0.01,,,
111.65,REGROUND,-28.72,-1.17,-9.58,28.43,-0.01,0,0,,,,-0.385,-0.063,2.4,13.26,-0.01,,,
111.7,REGROUND,-28.72,-1.17,-9.58,28.44,-0.01,0,0,,,,-0.395,-0.064,1.8,13.26,-0.01,,,
111.75,REGROUND,-28.75,-1.18,-9.58,28.45,-0.01,0,0,,,,-0.386,-0.063,2.3,13.26,-0.01,,,
111.8,REGROUND,-28.75,-1.18,-9.58,28.46,-0.01,0,0,,,,-0.396,-0.064,2.0,13.26,-0.01,,,
111.85,REGROUND,-28.79,-1.18,-9.58,28.48,-0.01,0,0,,,,-0.386,-0.063,2.1,13.26,-0.01,,,
111.9,REGROUND,-28.79,-1.18,-9.58,28.49,-0.01,0,0,,,,-0.396,-0.065,1.7,13.26,-0.01,,,
111.95,REGROUND,-28.83,-1.18,-9.58,28.5,-0.01,0,0,,,,-0.386,-0.063,2.3,13.26,-0.01,,,
112.0,REGROUND,-28.83,-1.18,-9.58,28.51,-0.01,0,0,,,,-0.396,-0.065,1.8,13.26,-0.01,,,
112.05,REGROUND,-28.87,-1.18,-9.58,28.53,-0.01,0,0,,,,-0.386,-0.063,2.5,13.26,-0.01,,,
112.1,REGROUND,-28.87,-1.18,-9.58,28.54,-0.01,0,0,,,,-0.396,-0.065,1.7,13.26,-0.01,,,
112.15,REGROUND,-28.87,-1.18,-9.58,28.55,-0.01,0,0,,,,-0.406,-0.066,1.7,13.26,-0.01,,,
112.2,REGROUND,-28.91,-1.18,-9.58,28.56,-0.01,0,0,,,,-0.396,-0.065,3.2,13.26,-0.01,,,
112.25,REGROUND,-28.91,-1.18,-9.58,28.58,-0.01,0,0,,,,-0.406,-0.066,2.3,13.26,-0.01,,,
112.3,REGROUND,-28.95,-1.18,-9.58,28.59,-0.01,0,0,,,,-0.396,-0.065,2.5,13.26,-0.01,,,
112.35,REGROUND,-28.99,-1.18,-9.58,28.6,-0.01,0,0,,,,-0.386,-0.063,2.2,13.26,-0.01,,,
112.4,REGROUND,-28.99,-1.18,-9.58,28.61,-0.01,0,0,,,,-0.396,-0.065,1.8,13.26,-0.01,,,
112.45,REGROUND,-29.03,-1.18,-9.58,28.63,-0.01,0,0,,,,-0.387,-0.063,2.1,13.26,-0.01,,,
112.5,REGROUND,-29.03,-1.18,-9.58,28.64,-0.01,0,0,,,,-0.396,-0.065,1.9,13.26,-0.01,,,
112.55,REGROUND,-29.07,-1.19,-9.58,28.65,-0.01,0,0,,,,-0.387,-0.063,2.5,13.26,-0.01,,,
112.6,REGROUND,-29.07,-1.19,-9.58,28.66,-0.01,0,0,,,,-0.397,-0.065,1.8,13.26,-0.01,,,
112.65,REGROUND,-29.11,-1.19,-9.58,28.68,-0.01,0,0,,,,-0.387,-0.064,2.6,13.26,-0.01,,,
112.7,REGROUND,-29.11,-1.19,-9.58,28.69,-0.01,0,0,,,,-0.397,-0.065,1.8,13.26,-0.01,,,
112.75,REGROUND,-29.15,-1.19,-9.58,28.7,-0.01,0,0,,,,-0.387,-0.064,2.5,13.26,-0.01,,,
112.8,REGROUND,-29.15,-1.19,-9.58,28.71,-0.01,0,0,,,,-0.397,-0.065,1.8,13.26,-0.01,,,
112.85,REGROUND,-29.19,-1.19,-9.58,28.73,-0.01,0,0,,,,-0.387,-0.064,2.5,13.26,-0.01,,,
112.9,REGROUND,-29.19,-1.19,-9.58,28.74,-0.01,0,0,,,,-0.397,-0.065,1.8,13.26,-0.01,,,
112.95,REGROUND,-29.23,-1.19,-9.58,28.75,-0.01,0,0,,,,-0.387,-0.064,2.1,13.26,-0.01,,,
113.0,REGROUND,-29.23,-1.19,-9.58,28.76,-0.01,0,0,,,,-0.397,-0.065,2.0,13.26,-0.01,,,
113.05,REGROUND,-29.27,-1.19,-9.58,28.78,-0.01,0,0,,,,-0.387,-0.064,2.4,13.26,-0.01,,,
113.1,REGROUND,-29.27,-1.19,-9.58,28.79,-0.01,0,0,,,,-0.397,-0.065,3.7,13.26,-0.01,,,
113.15,REGROUND,-29.31,-1.19,-9.58,28.8,-0.01,0,0,,,,-0.387,-0.064,2.2,13.26,-0.01,,,
113.2,REGROUND,-29.31,-1.19,-9.58,28.81,-0.01,0,0,,,,-0.397,-0.065,1.8,13.26,-0.01,,,
113.25,REGROUND,-29.35,-1.2,-9.58,28.83,-0.01,0,0,,,,-0.388,-0.064,2.6,13.26,-0.01,,,
113.3,REGROUND,-29.35,-1.2,-9.58,28.84,-0.01,0,0,,,,-0.397,-0.065,1.8,13.26,-0.01,,,
113.35,REGROUND,-29.39,-1.2,-9.58,28.85,-0.01,0,0,,,,-0.388,-0.064,2.5,13.26,-0.01,,,
113.4,REGROUND,-29.39,-1.2,-9.58,28.86,-0.01,0,0,,,,-0.398,-0.065,1.8,13.26,-0.01,,,
113.45,REGROUND,-29.43,-1.2,-9.58,28.88,-0.01,0,0,,,,-0.388,-0.064,2.3,13.26,-0.01,,,
113.5,REGROUND,-29.43,-1.2,-9.58,28.89,-0.01,0,0,,,,-0.398,-0.065,1.8,13.26,-0.01,,,
113.55,REGROUND,-29.47,-1.2,-9.58,28.9,-0.01,0,0,,,,-0.389,-0.063,2.5,13.26,-0.01,,,
113.6,REGROUND,-29.47,-1.2,-9.58,28.91,-0.01,0,0,,,,-0.398,-0.065,1.7,13.26,-0.01,,,
113.65,REGROUND,-29.51,-1.2,-9.58,28.93,-0.01,0,0,,,,-0.389,-0.063,2.4,13.26,-0.01,,,
113.7,REGROUND,-29.51,-1.2,-9.58,28.94,-0.01,0,0,,,,-0.399,-0.065,1.8,13.26,-0.01,,,
113.75,REGROUND,-29.55,-1.2,-9.58,28.95,-0.01,0,0,,,,-0.389,-0.063,2.4,13.26,-0.01,,,
113.8,REGROUND,-29.55,-1.2,-9.58,28.96,-0.01,0,0,,,,-0.399,-0.065,1.8,13.26,-0.01,,,
113.85,REGROUND,-29.59,-1.21,-9.58,28.98,-0.01,0,0,,,,-0.389,-0.063,2.3,13.26,-0.01,,,
113.9,REGROUND,-29.59,-1.21,-9.58,28.99,-0.01,0,0,,,,-0.399,-0.065,1.8,13.26,-0.01,,,
113.95,REGROUND,-29.63,-1.21,-9.58,29.0,-0.01,0,0,,,,-0.39,-0.063,2.5,13.26,-0.01,,,
114.0,REGROUND,-29.63,-1.21,-9.58,29.01,-0.01,0,0,,,,-0.4,-0.065,1.7,13.26,-0.01,,,
114.05,REGROUND,-29.67,-1.21,-9.58,29.03,-0.01,0,0,,,,-0.39,-0.063,2.5,13.26,-0.01,,,
114.1,REGROUND,-29.67,-1.21,-9.58,29.04,-0.01,0,0,,,,-0.4,-0.065,1.8,13.26,-0.01,,,
114.15,REGROUND,-29.71,-1.21,-9.58,29.05,-0.01,0,0,,,,-0.39,-0.063,2.5,13.26,-0.01,,,
114.2,REGROUND,-29.71,-1.21,-9.58,29.06,-0.01,0,0,,,,-0.4,-0.065,1.8,13.26,-0.01,,,
114.25,REGROUND,-29.75,-1.21,-9.58,29.08,-0.01,0,0,,,,-0.39,-0.063,2.5,13.26,-0.01,,,
114.3,REGROUND,-29.75,-1.21,-9.58,29.09,-0.01,0,0,,,,-0.4,-0.065,1.7,13.26,-0.01,,,
114.35,REGROUND,-29.79,-1.21,-9.58,29.1,-0.01,0,0,,,,-0.39,-0.063,2.6,13.26,-0.01,,,
114.4,REGROUND,-29.79,-1.21,-9.58,29.11,-0.01,0,0,,,,-0.4,-0.065,1.8,13.26,-0.01,,,
114.45,REGROUND,-29.83,-1.21,-9.58,29.13,-0.01,0,0,,,,-0.39,-0.063,2.4,13.26,-0.01,,,
114.5,REGROUND,-29.83,-1.21,-9.58,29.14,-0.01,0,0,,,,-0.4,-0.065,1.8,13.26,-0.01,,,
114.55,REGROUND,-29.87,-1.22,-9.58,29.15,-0.01,0,0,,,,-0.39,-0.063,2.3,13.26,-0.01,,,
114.6,REGROUND,-29.87,-1.22,-9.58,29.16,-0.01,0,0,,,,-0.4,-0.065,1.8,13.26,-0.01,,,
114.65,REGROUND,-29.91,-1.22,-9.58,29.18,-0.01,0,0,,,,-0.391,-0.064,2.6,13.26,-0.01,,,
114.7,REGROUND,-29.91,-1.22,-9.58,29.19,-0.01,0,0,,,,-0.4,-0.065,1.9,13.26,-0.01,,,
114.75,REGROUND,-29.95,-1.22,-9.58,29.2,-0.01,0,0,,,,-0.391,-0.064,2.5,13.26,-0.01,,,
114.8,REGROUND,-29.95,-1.22,-9.58,29.22,-0.01,0,0,,,,-0.401,-0.065,1.8,13.26,-0.01,,,
114.85,REGROUND,-29.99,-1.22,-9.58,29.23,-0.01,0,0,,,,-0.391,-0.064,2.4,13.26,-0.01,,,
114.9,REGROUND,-29.99,-1.22,-9.58,29.24,-0.01,0,0,,,,-0.401,-0.065,1.7,13.26,-0.01,,,
114.95,REGROUND,-30.03,-1.22,-9.58,29.25,-0.01,0,0,,,,-0.391,-0.064,2.4,13.26,-0.01,,,
115.0,REGROUND,-30.03,-1.22,-9.58,29.27,-0.01,0,0,,,,-0.401,-0.065,1.5,13.26,-0.01,,,
115.05,REGROUND,-30.07,-1.22,-9.58,29.28,-0.01,0,0,,,,-0.392,-0.064,2.3,13.26,-0.01,,,
115.1,REGROUND,-30.07,-1.22,-9.58,29.29,-0.01,0,0,,,,-0.401,-0.066,1.8,13.26,-0.01,,,
115.15,REGROUND,-30.11,-1.22,-9.58,29.3,-0.01,0,0,,,,-0.392,-0.064,2.3,13.26,-0.01,,,
115.2,REGROUND,-30.11,-1.22,-9.58,29.32,-0.01,0,0,,,,-0.402,-0.066,1.9,13.26,-0.01,,,
115.25,REGROUND,-30.15,-1.23,-9.58,29.33,-0.01,0,0,,,,-0.392,-0.064,4.2,13.26,-0.01,,,
115.3,REGROUND,-30.15,-1.23,-9.58,29.34,-0.01,0,0,,,,-0.402,-0.066,1.8,13.26,-0.01,,,
115.35,REGROUND,-30.19,-1.23,-9.58,29.35,-0.01,0,0,,,,-0.392,-0.064,2.2,13.26,-0.01,,,
115.4,REGROUND,-30.19,-1.23,-9.58,29.37,-0.01,0,0,,,,-0.402,-0.066,1.8,13.26,-0.01,,,
115.45,REGROUND,-30.23,-1.23,-9.58,29.38,-0.01,0,0,,,,-0.392,-0.064,2.3,13.26,-0.01,,,
115.5,REGROUND,-30.23,-1.23,-9.58,29.39,-0.01,0,0,,,,-0.402,-0.066,1.8,13.26,-0.01,,,
115.55,REGROUND,-30.27,-1.23,-9.58,29.4,-0.01,0,0,,,,-0.392,-0.064,2.3,13.26,-0.01,,,
115.6,REGROUND,-30.27,-1.23,-9.58,29.42,-0.01,0,0,,,,-0.402,-0.066,1.8,13.26,-0.01,,,
115.65,REGROUND,-30.31,-1.23,-9.58,29.43,-0.01,0,0,,,,-0.392,-0.064,2.3,13.26,-0.01,,,
115.7,REGROUND,-30.31,-1.23,-9.58,29.44,-0.01,0,0,,,,-0.402,-0.066,1.7,13.26,-0.01,,,
115.75,REGROUND,-30.35,-1.23,-9.58,29.45,-0.01,0,0,,,,-0.392,-0.064,2.3,13.26,-0.01,,,
115.8,REGROUND,-30.35,-1.23,-9.58,29.47,-0.01,0,0,,,,-0.402,-0.066,1.8,13.26,-0.01,,,
115.85,REGROUND,-30.39,-1.23,-9.58,29.48,-0.01,0,0,,,,-0.392,-0.064,2.3,13.26,-0.01,,,
115.9,REGROUND,-30.39,-1.23,-9.58,29.49,-0.01,0,0,,,,-0.402,-0.066,1.8,13.26,-0.01,,,
115.96,REGROUND,-30.43,-1.24,-9.58,29.5,-0.01,0,0,,,,-0.393,-0.064,2.2,13.26,-0.01,,,
116.01,REGROUND,-30.43,-1.24,-9.58,29.52,-0.01,0,0,,,,-0.402,-0.065,1.7,13.26,-0.01,,,
116.06,REGROUND,-30.47,-1.24,-9.58,29.53,-0.01,0,0,,,,-0.393,-0.064,2.2,13.26,-0.01,,,
116.11,REGROUND,-30.47,-1.24,-9.58,29.54,-0.01,0,0,,,,-0.403,-0.065,1.8,13.26,-0.01,,,
116.16,REGROUND,-30.51,-1.24,-9.58,29.55,-0.01,0,0,,,,-0.393,-0.064,2.3,13.26,-0.01,,,
116.21,REGROUND,-30.51,-1.24,-9.58,29.57,-0.01,0,0,,,,-0.403,-0.065,1.8,13.26,-0.01,,,
116.26,REGROUND,-30.55,-1.24,-9.58,29.58,-0.01,0,0,,,,-0.393,-0.064,2.5,13.26,-0.01,,,
116.31,REGROUND,-30.55,-1.24,-9.58,29.59,-0.01,0,0,,,,-0.403,-0.065,1.8,13.26,-0.01,,,
116.36,REGROUND,-30.59,-1.24,-9.58,29.6,-0.01,0,0,,,,-0.393,-0.063,2.3,13.26,-0.01,,,
116.41,REGROUND,-30.59,-1.24,-9.58,29.62,-0.01,0,0,,,,-0.403,-0.065,1.7,13.26,-0.01,,,
116.46,REGROUND,-30.63,-1.24,-9.58,29.63,-0.01,0,0,,,,-0.393,-0.063,2.4,13.26,-0.01,,,
116.51,REGROUND,-30.63,-1.24,-9.58,29.64,-0.01,0,0,,,,-0.403,-0.065,1.8,13.26,-0.01,,,
116.56,REGROUND,-30.67,-1.25,-9.58,29.65,-0.01,0,0,,,,-0.393,-0.063,2.2,13.26,-0.01,,,
116.61,REGROUND,-30.67,-1.25,-9.58,29.67,-0.01,0,0,,,,-0.403,-0.065,1.8,13.26,-0.01,,,
116.66,REGROUND,-30.71,-1.25,-9.58,29.68,-0.01,0,0,,,,-0.393,-0.063,2.2,13.26,-0.01,,,
116.71,REGROUND,-30.71,-1.25,-9.58,29.69,-0.01,0,0,,,,-0.403,-0.065,1.8,13.26,-0.01,,,
116.76,REGROUND,-30.75,-1.25,-9.58,29.7,-0.01,0,0,,,,-0.394,-0.063,2.5,13.26,-0.01,,,
116.81,REGROUND,-30.75,-1.25,-9.58,29.72,-0.01,0,0,,,,-0.404,-0.065,1.8,13.26,-0.01,,,
116.86,REGROUND,-30.79,-1.25,-9.58,29.73,-0.01,0,0,,,,-0.394,-0.063,2.5,13.26,-0.01,,,
116.91,REGROUND,-30.79,-1.25,-9.58,29.74,-0.01,0,0,,,,-0.404,-0.065,1.8,13.26,-0.01,,,
116.96,REGROUND,-30.83,-1.25,-9.58,29.75,-0.01,0,0,,,,-0.394,-0.063,2.5,13.26,-0.01,,,
117.01,REGROUND,-30.83,-1.25,-9.58,29.77,-0.01,0,0,,,,-0.404,-0.065,1.8,13.26,-0.01,,,
117.06,REGROUND,-30.87,-1.25,-9.58,29.78,-0.01,0,0,,,,-0.394,-0.063,2.4,13.26,-0.01,,,
117.11,REGROUND,-30.87,-1.25,-9.58,29.79,-0.01,0,0,,,,-0.404,-0.065,1.7,13.26,-0.01,,,
117.16,REGROUND,-30.91,-1.25,-9.58,29.8,-0.01,0,0,,,,-0.394,-0.063,2.4,13.26,-0.01,,,
117.21,REGROUND,-30.91,-1.25,-9.58,29.82,-0.01,0,0,,,,-0.404,-0.065,1.8,13.26,-0.01,,,
117.26,REGROUND,-30.95,-1.26,-9.58,29.83,-0.01,0,0,,,,-0.394,-0.063,2.2,13.26,-0.01,,,
117.31,REGROUND,-30.95,-1.26,-9.58,29.84,-0.01,0,0,,,,-0.404,-0.065,1.8,13.26,-0.01,,,
117.36,REGROUND,-30.99,-1.26,-9.58,29.85,-0.01,0,0,,,,-0.394,-0.064,2.3,13.26,-0.01,,,
117.41,REGROUND,-30.99,-1.26,-9.58,29.87,-0.01,0,0,,,,-0.404,-0.065,3.7,13.26,-0.01,,,
117.46,REGROUND,-31.03,-1.26,-9.58,29.88,-0.01,0,0,,,,-0.394,-0.064,2.2,13.26,-0.01,,,
117.51,REGROUND,-31.03,-1.26,-9.58,29.89,-0.01,0,0,,,,-0.404,-0.066,1.9,13.26,-0.01,,,
117.56,REGROUND,-31.07,-1.26,-9.58,29.9,-0.01,0,0,,,,-0.394,-0.064,2.5,13.26,-0.01,,,
117.61,REGROUND,-31.07,-1.26,-9.58,29.92,-0.01,0,0,,,,-0.404,-0.066,1.8,13.26,-0.01,,,
117.66,REGROUND,-31.11,-1.26,-9.58,29.93,-0.01,0,0,,,,-0.393,-0.064,2.5,13.26,-0.01,,,
117.71,REGROUND,-31.11,-1.26,-9.58,29.94,-0.01,0,0,,,,-0.403,-0.066,1.8,13.26,-0.01,,,
117.76,REGROUND,-31.15,-1.26,-9.58,29.95,-0.01,0,0,,,,-0.393,-0.065,2.5,13.26,-0.01,,,
117.81,REGROUND,-31.15,-1.26,-9.58,29.97,-0.01,0,0,,,,-0.403,-0.066,1.7,13.26,-0.01,,,
117.86,REGROUND,-31.19,-1.26,-9.58,29.98,-0.01,0,0,,,,-0.393,-0.065,2.4,13.26,-0.01,,,
117.91,REGROUND,-31.19,-1.26,-9.58,29.99,-0.01,0,0,,,,-0.403,-0.067,1.5,13.26,-0.01,,,
117.96,REGROUND,-31.24,-1.26,-9.58,30.0,-0.01,0,0,,,,-0.393,-0.065,2.2,13.26,-0.01,,,
118.01,REGROUND,-31.24,-1.26,-9.58,30.02,-0.01,0,0,,,,-0.403,-0.067,1.8,13.26,-0.01,,,
118.06,REGROUND,-31.28,-1.26,-9.58,30.03,-0.01,0,0,,,,-0.393,-0.065,2.3,13.26,-0.01,,,
118.11,REGROUND,-31.28,-1.26,-9.58,30.04,-0.01,0,0,,,,-0.403,-0.067,1.8,13.26,-0.01,,,
118.16,REGROUND,-31.32,-1.26,-9.58,30.05,-0.01,0,0,,,,-0.393,-0.065,2.5,13.26,-0.01,,,
118.21,REGROUND,-31.32,-1.26,-9.58,30.07,-0.01,0,0,,,,-0.403,-0.067,1.9,13.26,-0.01,,,
118.26,REGROUND,-31.36,-1.27,-9.58,30.08,-0.01,0,0,,,,-0.393,-0.066,2.5,13.26,-0.01,,,
118.31,REGROUND,-31.36,-1.27,-9.58,30.09,-0.01,0,0,,,,-0.403,-0.067,1.8,13.26,-0.01,,,
118.36,REGROUND,-31.4,-1.27,-9.58,30.1,-0.01,0,0,,,,-0.393,-0.066,2.6,13.26,-0.01,,,
118.41,REGROUND,-31.4,-1.27,-9.58,30.12,-0.01,0,0,,,,-0.403,-0.067,1.8,13.26,-0.01,,,
118.46,REGROUND,-31.44,-1.27,-9.58,30.13,-0.01,0,0,,,,-0.392,-0.066,2.4,13.26,-0.01,,,
118.51,REGROUND,-31.44,-1.27,-9.58,30.14,-0.01,0,0,,,,-0.402,-0.067,1.8,13.26,-0.01,,,
118.56,REGROUND,-31.48,-1.27,-9.58,30.15,-0.01,0,0,,,,-0.392,-0.065,2.4,13.26,-0.01,,,
118.61,REGROUND,-31.48,-1.27,-9.58,30.17,-0.01,0,0,,,,-0.402,-0.067,1.8,13.26,-0.01,,,
118.66,REGROUND,-31.52,-1.27,-9.58,30.18,-0.01,0,0,,,,-0.392,-0.065,2.4,13.26,-0.01,,,
118.71,REGROUND,-31.52,-1.27,-9.58,30.19,-0.01,0,0,,,,-0.402,-0.067,1.9,13.26,-0.01,,,
118.76,REGROUND,-31.56,-1.27,-9.58,30.2,-0.01,0,0,,,,-0.392,-0.065,2.3,13.26,-0.01,,,
118.81,REGROUND,-31.56,-1.27,-9.58,30.22,-0.01,0,0,,,,-0.402,-0.067,1.7,13.26,-0.01,,,
118.86,REGROUND,-31.6,-1.28,-9.58,30.23,-0.01,0,0,,,,-0.391,-0.065,2.7,13.26,-0.01,,,
118.91,REGROUND,-31.6,-1.28,-9.58,30.24,-0.01,0,0,,,,-0.401,-0.067,1.8,13.26,-0.01,,,
118.96,REGROUND,-31.64,-1.28,-9.58,30.25,-0.01,0,0,,,,-0.391,-0.065,2.5,13.26,-0.01,,,
119.01,REGROUND,-31.64,-1.28,-9.58,30.27,-0.01,0,0,,,,-0.401,-0.066,1.8,13.26,-0.01,,,
119.06,REGROUND,-31.68,-1.28,-9.58,30.28,-0.01,0,0,,,,-0.391,-0.065,2.4,13.26,-0.01,,,
119.11,REGROUND,-31.68,-1.28,-9.58,30.29,-0.01,0,0,,,,-0.401,-0.066,1.7,13.26,-0.01,,,
119.16,REGROUND,-31.72,-1.28,-9.58,30.3,-0.01,0,0,,,,-0.391,-0.065,2.5,13.26,-0.01,,,
119.21,REGROUND,-31.72,-1.28,-9.58,30.32,-0.01,0,0,,,,-0.401,-0.066,1.8,13.26,-0.01,,,
119.26,REGROUND,-31.76,-1.28,-9.58,30.33,-0.01,0,0,,,,-0.391,-0.064,2.3,13.26,-0.01,,,
119.31,REGROUND,-31.76,-1.28,-9.58,30.34,-0.01,0,0,,,,-0.401,-0.066,1.8,13.26,-0.01,,,
119.36,REGROUND,-31.8,-1.28,-9.58,30.35,-0.01,0,0,,,,-0.391,-0.064,2.3,13.26,-0.01,,,
119.41,REGROUND,-31.8,-1.28,-9.58,30.37,-0.01,0,0,,,,-0.401,-0.066,1.9,13.26,-0.01,,,
119.46,REGROUND,-31.84,-1.29,-9.58,30.38,-0.01,0,0,,,,-0.391,-0.064,2.5,13.26,-0.01,,,
119.51,REGROUND,-31.84,-1.29,-9.58,30.39,-0.01,0,0,,,,-0.401,-0.066,1.9,13.26,-0.01,,,
119.56,REGROUND,-31.88,-1.29,-9.58,30.4,-0.01,0,0,,,,-0.391,-0.064,4.4,13.26,-0.01,,,
119.61,REGROUND,-31.88,-1.29,-9.58,30.42,-0.01,0,0,,,,-0.401,-0.065,1.8,13.26,-0.01,,,
119.66,REGROUND,-31.92,-1.29,-9.58,30.43,-0.01,0,0,,,,-0.391,-0.063,3.0,13.26,-0.01,,,
119.71,REGROUND,-31.92,-1.29,-9.58,30.44,-0.01,0,0,,,,-0.401,-0.065,2.3,13.26,-0.01,,,
119.76,REGROUND,-31.96,-1.29,-9.58,30.45,-0.01,0,0,,,,-0.391,-0.063,2.9,13.26,-0.01,,,
119.81,REGROUND,-31.96,-1.29,-9.58,30.47,-0.01,0,0,,,,-0.401,-0.065,1.8,13.26,-0.01,,,
119.86,REGROUND,-32.0,-1.29,-9.58,30.48,-0.01,0,0,,,,-0.391,-0.063,2.5,13.26,-0.01,,,
119.91,REGROUND,-32.0,-1.29,-9.58,30.49,-0.01,0,0,,,,-0.401,-0.065,1.8,13.26,-0.01,,,
119.96,REGROUND,-32.04,-1.3,-9.58,30.5,-0.01,0,0,,,,-0.391,-0.063,2.2,13.26,-0.01,,,
120.01,REGROUND,-32.04,-1.3,-9.58,30.52,-0.01,0,0,,,,-0.401,-0.064,1.8,13.26,-0.01,,,
120.06,REGROUND,-32.08,-1.3,-9.58,30.53,-0.01,0,0,,,,-0.392,-0.063,2.3,13.26,-0.01,,,
120.11,REGROUND,-32.08,-1.3,-9.58,30.54,-0.01,0,0,,,,-0.401,-0.064,1.8,13.26,-0.01,,,
120.16,REGROUND,-32.12,-1.3,-9.58,30.55,-0.01,0,0,,,,-0.392,-0.063,2.7,13.26,-0.01,,,
120.21,REGROUND,-32.12,-1.3,-9.58,30.57,-0.01,0,0,,,,-0.402,-0.064,1.9,13.26,-0.01,,,
120.26,REGROUND,-32.16,-1.3,-9.58,30.58,-0.01,0,0,,,,-0.392,-0.063,2.5,13.26,-0.01,,,
120.31,REGROUND,-32.16,-1.3,-9.58,30.59,-0.01,0,0,,,,-0.402,-0.064,1.8,13.26,-0.01,,,
120.36,REGROUND,-32.2,-1.3,-9.58,30.6,-0.01,0,0,,,,-0.392,-0.063,2.4,13.26,-0.01,,,
120.41,REGROUND,-32.2,-1.3,-9.58,30.62,-0.01,0,0,,,,-0.402,-0.064,1.8,13.26,-0.01,,,
120.46,REGROUND,-32.24,-1.3,-9.58,30.63,-0.01,0,0,,,,-0.392,-0.063,2.5,13.26,-0.01,,,
120.51,REGROUND,-32.24,-1.3,-9.58,30.64,-0.01,0,0,,,,-0.402,-0.064,1.8,13.26,-0.01,,,
120.56,REGROUND,-32.28,-1.3,-9.58,30.65,-0.01,0,0,,,,-0.392,-0.063,2.4,13.26,-0.01,,,
120.61,REGROUND,-32.28,-1.3,-9.58,30.67,-0.01,0,0,,,,-0.402,-0.065,1.8,13.26,-0.01,,,
120.66,REGROUND,-32.32,-1.3,-9.58,30.68,-0.01,0,0,,,,-0.392,-0.063,2.4,13.26,-0.01,,,
120.71,REGROUND,-32.32,-1.3,-9.58,30.69,-0.01,0,0,,,,-0.402,-0.065,1.7,13.26,-0.01,,,
120.76,REGROUND,-32.36,-1.31,-9.58,30.7,-0.01,0,0,,,,-0.392,-0.063,2.3,13.26,-0.01,,,
120.81,REGROUND,-32.36,-1.31,-9.58,30.72,-0.01,0,0,,,,-0.402,-0.065,1.8,13.26,-0.01,,,
120.86,REGROUND,-32.4,-1.31,-9.58,30.73,-0.01,0,0,,,,-0.392,-0.064,2.5,13.26,-0.01,,,
120.91,REGROUND,-32.4,-1.31,-9.58,30.74,-0.01,0,0,,,,-0.402,-0.065,1.9,13.26,-0.01,,,
120.96,REGROUND,-32.44,-1.31,-9.58,30.75,-0.01,0,0,,,,-0.392,-0.064,2.5,13.26,-0.01,,,
121.01,REGROUND,-32.44,-1.31,-9.58,30.77,-0.01,0,0,,,,-0.402,-0.065,1.9,13.26,-0.01,,,
121.06,REGROUND,-32.48,-1.31,-9.58,30.78,-0.01,0,0,,,,-0.392,-0.064,2.5,13.26,-0.01,,,
121.11,REGROUND,-32.48,-1.31,-9.58,30.79,-0.01,0,0,,,,-0.402,-0.065,1.8,13.26,-0.01,,,
121.16,REGROUND,-32.52,-1.31,-9.58,30.8,-0.01,0,0,,,,-0.393,-0.064,2.4,13.26,-0.01,,,
121.21,REGROUND,-32.52,-1.31,-9.58,30.82,-0.01,0,0,,,,-0.403,-0.066,1.8,13.26,-0.01,,,
121.26,REGROUND,-32.56,-1.31,-9.58,30.83,-0.01,0,0,,,,-0.393,-0.064,2.3,13.26,-0.01,,,
121.31,REGROUND,-32.56,-1.31,-9.58,30.84,-0.01,0,0,,,,-0.403,-0.066,1.8,13.26,-0.01,,,
121.36,REGROUND,-32.6,-1.31,-9.58,30.85,-0.01,0,0,,,,-0.393,-0.064,2.2,13.26,-0.01,,,
121.41,REGROUND,-32.6,-1.31,-9.58,30.87,-0.01,0,0,,,,-0.403,-0.066,1.8,13.26,-0.01,,,
121.46,REGROUND,-32.64,-1.31,-9.58,30.88,-0.01,0,0,,,,-0.393,-0.065,2.2,13.26,-0.01,,,
121.51,REGROUND,-32.64,-1.31,-9.58,30.89,-0.01,0,0,,,,-0.403,-0.066,1.9,13.26,-0.01,,,
121.56,REGROUND,-32.68,-1.32,-9.58,30.91,-0.01,0,0,,,,-0.393,-0.065,2.5,13.26,-0.01,,,
121.61,REGROUND,-32.68,-1.32,-9.58,30.92,-0.01,0,0,,,,-0.403,-0.066,1.8,13.26,-0.01,,,
121.66,REGROUND,-32.72,-1.32,-9.58,30.93,-0.01,0,0,,,,-0.393,-0.065,2.8,13.26,-0.01,,,
121.71,REGROUND,-32.72,-1.32,-9.58,30.94,-0.01,0,0,,,,-0.403,-0.066,1.8,13.26,-0.01,,,
121.76,REGROUND,-32.76,-1.32,-9.58,30.96,-0.01,0,0,,,,-0.393,-0.065,4.0,13.26,-0.01,,,
121.81,REGROUND,-32.76,-1.32,-9.58,30.97,-0.01,0,0,,,,-0.403,-0.066,1.7,13.26,-0.01,,,
121.86,REGROUND,-32.81,-1.32,-9.58,30.98,-0.01,0,0,,,,-0.393,-0.065,2.5,13.26,-0.01,,,
121.91,REGROUND,-32.81,-1.32,-9.58,30.99,-0.01,0,0,,,,-0.403,-0.066,1.8,13.26,-0.01,,,
121.96,REGROUND,-32.85,-1.32,-9.58,31.01,-0.01,0,0,,,,-0.393,-0.065,2.3,13.26,-0.01,,,
122.01,REGROUND,-32.85,-1.32,-9.58,31.02,-0.01,0,0,,,,-0.403,-0.066,1.7,13.26,-0.01,,,
122.06,REGROUND,-32.89,-1.32,-9.58,31.03,-0.01,0,0,,,,-0.393,-0.065,2.3,13.26,-0.01,,,
122.11,REGROUND,-32.89,-1.32,-9.58,31.04,-0.01,0,0,,,,-0.403,-0.066,1.9,13.26,-0.01,,,
122.16,REGROUND,-32.93,-1.32,-9.58,31.06,-0.01,0,0,,,,-0.393,-0.065,2.5,13.26,-0.01,,,
122.21,REGROUND,-32.93,-1.32,-9.58,31.07,-0.01,0,0,,,,-0.403,-0.066,1.9,13.26,-0.01,,,
122.26,REGROUND,-32.97,-1.33,-9.58,31.08,-0.01,0,0,,,,-0.393,-0.065,2.5,13.26,-0.01,,,
122.31,REGROUND,-32.97,-1.33,-9.58,31.09,-0.01,0,0,,,,-0.403,-0.066,2.3,13.26,-0.01,,,
122.36,REGROUND,-33.01,-1.33,-9.58,31.11,-0.01,0,0,,,,-0.394,-0.064,2.7,13.26,-0.01,,,
122.41,REGROUND,-33.01,-1.33,-9.58,31.12,-0.01,0,0,,,,-0.404,-0.066,1.8,13.26,-0.01,,,
122.46,REGROUND,-33.05,-1.33,-9.58,31.13,-0.01,0,0,,,,-0.394,-0.064,2.5,13.26,-0.01,,,
122.51,REGROUND,-33.05,-1.33,-9.58,31.14,-0.01,0,0,,,,-0.404,-0.066,1.8,13.26,-0.01,,,
122.56,REGROUND,-33.09,-1.33,-9.58,31.16,-0.01,0,0,,,,-0.394,-0.064,2.5,13.26,-0.01,,,
122.61,REGROUND,-33.09,-1.33,-9.58,31.17,-0.01,0,0,,,,-0.404,-0.066,1.8,13.26,-0.01,,,
122.67,REGROUND,-33.13,-1.33,-9.58,31.18,-0.01,0,0,,,,-0.394,-0.064,2.4,13.26,-0.01,,,
122.72,REGROUND,-33.13,-1.33,-9.58,31.19,-0.01,0,0,,,,-0.404,-0.066,1.8,13.26,-0.01,,,
122.77,REGROUND,-33.17,-1.33,-9.58,31.21,-0.01,0,0,,,,-0.394,-0.064,2.3,13.26,-0.01,,,
122.82,REGROUND,-33.17,-1.33,-9.58,31.22,-0.01,0,0,,,,-0.404,-0.065,1.8,13.26,-0.01,,,
122.87,REGROUND,-33.21,-1.34,-9.58,31.23,-0.01,0,0,,,,-0.394,-0.064,2.5,13.26,-0.01,,,
122.92,REGROUND,-33.21,-1.34,-9.58,31.24,-0.01,0,0,,,,-0.403,-0.065,1.8,13.26,-0.01,,,
122.97,REGROUND,-33.25,-1.34,-9.58,31.26,-0.01,0,0,,,,-0.394,-0.063,2.7,13.26,-0.01,,,
123.02,REGROUND,-33.25,-1.34,-9.58,31.27,-0.01,0,0,,,,-0.404,-0.065,1.8,13.26,-0.01,,,
123.07,REGROUND,-33.29,-1.34,-9.58,31.28,-0.01,0,0,,,,-0.394,-0.064,2.5,13.26,-0.01,,,
123.12,REGROUND,-33.29,-1.34,-9.58,31.29,-0.01,0,0,,,,-0.403,-0.065,1.8,13.26,-0.01,,,
123.17,REGROUND,-33.33,-1.34,-9.58,31.31,-0.01,0,0,,,,-0.394,-0.064,2.4,13.26,-0.01,,,
123.22,REGROUND,-33.33,-1.34,-9.58,31.32,-0.01,0,0,,,,-0.404,-0.065,1.8,13.26,-0.01,,,
123.27,REGROUND,-33.37,-1.34,-9.58,31.33,-0.01,0,0,,,,-0.393,-0.064,2.6,13.26,-0.01,,,
123.32,REGROUND,-33.37,-1.34,-9.58,31.34,-0.01,0,0,,,,-0.403,-0.065,1.7,13.26,-0.01,,,
123.37,REGROUND,-33.41,-1.34,-9.58,31.36,-0.01,0,0,,,,-0.393,-0.064,2.4,13.26,-0.01,,,
123.42,REGROUND,-33.41,-1.34,-9.58,31.37,-0.01,0,0,,,,-0.403,-0.065,1.8,13.26,-0.01,,,
123.47,REGROUND,-33.45,-1.34,-9.58,31.38,-0.01,0,0,,,,-0.393,-0.064,2.4,13.26,-0.01,,,
123.52,REGROUND,-33.45,-1.34,-9.58,31.39,-0.01,0,0,,,,-0.403,-0.065,1.8,13.26,-0.01,,,
123.57,REGROUND,-33.49,-1.35,-9.58,31.41,-0.01,0,0,,,,-0.393,-0.064,2.3,13.26,-0.01,,,
123.62,REGROUND,-33.49,-1.35,-9.58,31.42,-0.01,0,0,,,,-0.403,-0.065,1.9,13.26,-0.01,,,
123.67,REGROUND,-33.53,-1.35,-9.58,31.43,-0.01,0,0,,,,-0.393,-0.064,2.5,13.26,-0.01,,,
123.72,REGROUND,-33.53,-1.35,-9.58,31.44,-0.01,0,0,,,,-0.403,-0.066,1.8,13.26,-0.01,,,
123.77,REGROUND,-33.57,-1.35,-9.58,31.46,-0.01,0,0,,,,-0.393,-0.064,2.5,13.26,-0.01,,,
123.82,REGROUND,-33.57,-1.35,-9.58,31.47,-0.01,0,0,,,,-0.403,-0.066,1.8,13.26,-0.01,,,
123.87,REGROUND,-33.61,-1.35,-9.58,31.48,-0.01,0,0,,,,-0.393,-0.064,2.7,13.26,-0.01,,,
123.92,REGROUND,-33.61,-1.35,-9.58,31.49,-0.01,0,0,,,,-0.403,-0.066,3.3,13.26,-0.01,,,
123.97,REGROUND,-33.65,-1.35,-9.58,31.51,-0.01,0,0,,,,-0.392,-0.064,2.3,13.26,-0.01,,,
124.02,REGROUND,-33.65,-1.35,-9.58,31.52,-0.01,0,0,,,,-0.402,-0.066,1.8,13.26,-0.01,,,
124.07,REGROUND,-33.69,-1.35,-9.58,31.53,-0.01,0,0,,,,-0.392,-0.064,2.4,13.26,-0.01,,,
124.12,REGROUND,-33.69,-1.35,-9.58,31.54,-0.01,0,0,,,,-0.402,-0.066,1.8,13.26,-0.01,,,
124.17,REGROUND,-33.73,-1.35,-9.58,31.56,-0.01,0,0,,,,-0.392,-0.064,2.3,13.26,-0.01,,,
124.22,REGROUND,-33.73,-1.35,-9.58,31.57,-0.01,0,0,,,,-0.402,-0.066,1.7,13.26,-0.01,,,
124.27,REGROUND,-33.77,-1.36,-9.58,31.58,-0.01,0,0,,,,-0.392,-0.064,2.3,13.26,-0.01,,,
124.32,REGROUND,-33.77,-1.36,-9.58,31.59,-0.01,0,0,,,,-0.402,-0.066,1.8,13.26,-0.01,,,
124.37,REGROUND,-33.81,-1.36,-9.58,31.61,-0.01,0,0,,,,-0.392,-0.064,2.5,13.26,-0.01,,,
124.42,REGROUND,-33.81,-1.36,-9.58,31.62,-0.01,0,0,,,,-0.402,-0.066,1.8,13.26,-0.01,,,
124.47,REGROUND,-33.85,-1.36,-9.58,31.63,-0.01,0,0,,,,-0.392,-0.064,2.5,13.26,-0.01,,,
124.52,REGROUND,-33.85,-1.36,-9.58,31.64,-0.01,0,0,,,,-0.402,-0.066,1.8,13.26,-0.01,,,
124.57,REGROUND,-33.89,-1.36,-9.58,31.66,-0.01,0,0,,,,-0.392,-0.064,2.5,13.26,-0.01,,,
124.62,REGROUND,-33.89,-1.36,-9.58,31.67,-0.01,0,0,,,,-0.402,-0.066,1.7,13.26,-0.01,,,
124.67,REGROUND,-33.94,-1.36,-9.58,31.68,-0.01,0,0,,,,-0.392,-0.064,2.4,13.26,-0.01,,,
124.72,REGROUND,-33.94,-1.36,-9.58,31.69,-0.01,0,0,,,,-0.402,-0.066,1.7,13.26,-0.01,,,
124.77,REGROUND,-33.98,-1.36,-9.58,31.71,-0.01,0,0,,,,-0.392,-0.064,2.4,13.26,-0.01,,,
124.82,REGROUND,-33.98,-1.36,-9.58,31.72,-0.01,0,0,,,,-0.402,-0.066,1.8,13.26,-0.01,,,
124.87,REGROUND,-34.02,-1.36,-9.58,31.73,-0.01,0,0,,,,-0.392,-0.064,2.4,13.26,-0.01,,,
124.92,REGROUND,-34.02,-1.36,-9.58,31.74,-0.01,0,0,,,,-0.402,-0.066,1.8,13.26,-0.01,,,
124.97,REGROUND,-34.06,-1.37,-9.58,31.76,-0.01,0,0,,,,-0.392,-0.064,2.3,13.26,-0.01,,,
125.02,REGROUND,-34.06,-1.37,-9.58,31.77,-0.01,0,0,,,,-0.402,-0.066,1.9,13.26,-0.01,,,
125.07,REGROUND,-34.1,-1.37,-9.58,31.78,-0.01,0,0,,,,-0.392,-0.064,2.5,13.26,-0.01,,,
125.12,REGROUND,-34.1,-1.37,-9.58,31.79,-0.01,0,0,,,,-0.402,-0.066,1.8,13.26,-0.01,,,
125.17,REGROUND,-34.14,-1.37,-9.58,31.81,-0.01,0,0,,,,-0.392,-0.064,2.5,13.26,-0.01,,,
125.22,REGROUND,-34.14,-1.37,-9.58,31.82,-0.01,0,0,,,,-0.402,-0.065,1.8,13.26,-0.01,,,
125.27,REGROUND,-34.18,-1.37,-9.58,31.83,-0.01,0,0,,,,-0.392,-0.064,2.3,13.26,-0.01,,,
125.32,REGROUND,-34.18,-1.37,-9.58,31.84,-0.01,0,0,,,,-0.402,-0.065,1.7,13.26,-0.01,,,
125.37,REGROUND,-34.22,-1.37,-9.58,31.86,-0.01,0,0,,,,-0.392,-0.064,2.4,13.26,-0.01,,,
125.42,REGROUND,-34.22,-1.37,-9.58,31.87,-0.01,0,0,,,,-0.402,-0.065,1.7,13.26,-0.01,,,
125.47,REGROUND,-34.26,-1.37,-9.58,31.88,-0.01,0,0,,,,-0.392,-0.063,2.3,13.26,-0.01,,,
125.52,REGROUND,-34.26,-1.37,-9.58,31.89,-0.01,0,0,,,,-0.402,-0.065,1.8,13.26,-0.01,,,
125.57,REGROUND,-34.3,-1.38,-9.58,31.91,-0.01,0,0,,,,-0.393,-0.063,2.3,13.26,-0.01,,,
125.62,REGROUND,-34.3,-1.38,-9.58,31.92,-0.01,0,0,,,,-0.403,-0.065,1.6,13.26,-0.01,,,
125.67,REGROUND,-34.34,-1.38,-9.58,31.93,-0.01,0,0,,,,-0.393,-0.063,2.3,13.26,-0.01,,,
125.72,REGROUND,-34.34,-1.38,-9.58,31.94,-0.01,0,0,,,,-0.403,-0.065,1.8,13.26,-0.01,,,
125.77,REGROUND,-34.38,-1.38,-9.58,31.96,-0.01,0,0,,,,-0.393,-0.063,2.3,13.26,-0.01,,,
125.82,REGROUND,-34.38,-1.38,-9.58,31.97,-0.01,0,0,,,,-0.403,-0.065,1.8,13.26,-0.01,,,
125.87,REGROUND,-34.42,-1.38,-9.58,31.98,-0.01,0,0,,,,-0.393,-0.063,2.5,13.26,-0.01,,,
125.92,REGROUND,-34.42,-1.38,-9.58,31.99,-0.01,0,0,,,,-0.403,-0.065,1.8,13.26,-0.01,,,
125.97,REGROUND,-34.46,-1.38,-9.58,32.01,-0.01,0,0,,,,-0.393,-0.063,2.5,13.26,-0.01,,,
126.02,REGROUND,-34.46,-1.38,-9.58,32.02,-0.01,0,0,,,,-0.403,-0.065,2.0,13.26,-0.01,,,
126.07,REGROUND,-34.5,-1.38,-9.58,32.03,-0.01,0,0,,,,-0.393,-0.063,2.3,13.26,-0.01,,,
126.12,REGROUND,-34.5,-1.38,-9.58,32.04,-0.01,0,0,,,,-0.403,-0.065,3.6,13.26,-0.01,,,
126.17,REGROUND,-34.54,-1.38,-9.58,32.06,-0.01,0,0,,,,-0.393,-0.063,2.3,13.26,-0.01,,,
126.22,REGROUND,-34.54,-1.38,-9.58,32.07,-0.01,0,0,,,,-0.403,-0.065,1.9,13.26,-0.01,,,
126.27,REGROUND,-34.58,-1.39,-9.58,32.08,-0.01,0,0,,,,-0.393,-0.063,2.4,13.26,-0.01,,,
126.32,REGROUND,-34.58,-1.39,-9.58,32.09,-0.01,0,0,,,,-0.403,-0.065,1.8,13.26,-0.01,,,
126.37,REGROUND,-34.62,-1.39,-9.58,32.11,-0.01,0,0,,,,-0.393,-0.064,2.4,13.26,-0.01,,,
126.42,REGROUND,-34.62,-1.39,-9.58,32.12,-0.01,0,0,,,,-0.403,-0.065,1.8,13.26,-0.01,,,
126.47,REGROUND,-34.66,-1.39,-9.58,32.13,-0.01,0,0,,,,-0.393,-0.064,2.2,13.26,-0.01,,,
126.52,REGROUND,-34.66,-1.39,-9.58,32.14,-0.01,0,0,,,,-0.403,-0.066,1.9,13.26,-0.01,,,
126.57,REGROUND,-34.7,-1.39,-9.58,32.16,-0.01,0,0,,,,-0.393,-0.064,2.5,13.26,-0.01,,,
126.62,REGROUND,-34.7,-1.39,-9.58,32.17,-0.01,0,0,,,,-0.403,-0.066,1.9,13.26,-0.01,,,
126.67,REGROUND,-34.74,-1.39,-9.58,32.18,-0.01,0,0,,,,-0.393,-0.064,3.0,13.26,-0.01,,,
126.72,REGROUND,-34.74,-1.39,-9.58,32.19,-0.01,0,0,,,,-0.403,-0.066,2.3,13.26,-0.01,,,
126.77,REGROUND,-34.78,-1.39,-9.58,32.21,-0.01,0,0,,,,-0.393,-0.064,2.8,13.26,-0.01,,,
126.82,REGROUND,-34.78,-1.39,-9.58,32.22,-0.01,0,0,,,,-0.403,-0.066,2.1,13.26,-0.01,,,
126.87,REGROUND,-34.82,-1.39,-9.58,32.23,-0.01,0,0,,,,-0.393,-0.065,2.8,13.26,-0.01,,,
126.92,REGROUND,-34.82,-1.39,-9.58,32.24,-0.01,0,0,,,,-0.403,-0.066,2.4,13.26,-0.01,,,
126.97,REGROUND,-34.86,-1.39,-9.58,32.26,-0.01,0,0,,,,-0.393,-0.065,2.5,13.26,-0.01,,,
127.02,REGROUND,-34.86,-1.39,-9.58,32.27,-0.01,0,0,,,,-0.403,-0.066,1.9,13.26,-0.01,,,
127.07,REGROUND,-34.9,-1.39,-9.58,32.28,-0.01,0,0,,,,-0.393,-0.065,2.4,13.26,-0.01,,,
127.12,REGROUND,-34.9,-1.39,-9.58,32.29,-0.01,0,0,,,,-0.403,-0.066,1.8,13.26,-0.01,,,
127.17,REGROUND,-34.94,-1.4,-9.58,32.31,-0.01,0,0,,,,-0.393,-0.065,2.8,13.26,-0.01,,,
127.22,REGROUND,-34.94,-1.4,-9.58,32.32,-0.01,0,0,,,,-0.403,-0.066,2.2,13.26,-0.01,,,
127.27,REGROUND,-34.98,-1.4,-9.58,32.33,-0.01,0,0,,,,-0.393,-0.065,2.8,13.26,-0.01,,,
127.32,REGROUND,-34.98,-1.4,-9.58,32.34,-0.01,0,0,,,,-0.403,-0.066,1.8,13.26,-0.01,,,
127.37,REGROUND,-35.02,-1.4,-9.58,32.36,-0.01,0,0,,,,-0.393,-0.065,3.1,13.26,-0.01,,,
127.42,REGROUND,-35.02,-1.4,-9.58,32.37,-0.01,0,0,,,,-0.403,-0.066,1.8,13.26,-0.01,,,
127.47,REGROUND,-35.06,-1.4,-9.58,32.38,-0.01,0,0,,,,-0.393,-0.065,2.3,13.26,-0.01,,,
127.52,REGROUND,-35.06,-1.4,-9.58,32.39,-0.01,0,0,,,,-0.403,-0.066,2.4,13.26,-0.01,,,
127.57,REGROUND,-35.1,-1.4,-9.58,32.41,-0.01,0,0,,,,-0.393,-0.065,3.0,13.26,-0.01,,,
127.62,REGROUND,-35.1,-1.4,-9.58,32.42,-0.01,0,0,,,,-0.403,-0.066,2.2,13.26,-0.01,,,
127.67,REGROUND,-35.14,-1.4,-9.58,32.43,-0.01,0,0,,,,-0.393,-0.065,2.5,13.26,-0.01,,,
127.72,REGROUND,-35.14,-1.4,-9.58,32.44,-0.01,0,0,,,,-0.402,-0.066,1.9,13.26,-0.01,,,
127.77,REGROUND,-35.18,-1.4,-9.58,32.46,-0.01,0,0,,,,-0.393,-0.064,2.4,13.26,-0.01,,,
127.82,REGROUND,-35.18,-1.4,-9.58,32.47,-0.01,0,0,,,,-0.402,-0.066,1.8,13.26,-0.01,,,
127.87,REGROUND,-35.22,-1.41,-9.58,32.48,-0.01,0,0,,,,-0.392,-0.064,2.9,13.26,-0.01,,,
127.92,REGROUND,-35.22,-1.41,-9.58,32.49,-0.01,0,0,,,,-0.402,-0.066,1.8,13.26,-0.01,,,
127.97,REGROUND,-35.26,-1.41,-9.58,32.51,-0.01,0,0,,,,-0.392,-0.064,2.5,13.26,-0.01,,,
128.02,REGROUND,-35.26,-1.41,-9.58,32.52,-0.01,0,0,,,,-0.402,-0.066,1.9,13.26,-0.01,,,
128.07,REGROUND,-35.3,-1.41,-9.58,32.53,-0.01,0,0,,,,-0.392,-0.064,2.5,13.26,-0.01,,,
128.12,REGROUND,-35.3,-1.41,-9.58,32.54,-0.01,0,0,,,,-0.402,-0.066,1.8,13.26,-0.01,,,
128.17,REGROUND,-35.34,-1.41,-9.58,32.56,-0.01,0,0,,,,-0.392,-0.064,2.6,13.26,-0.01,,,
128.22,REGROUND,-35.34,-1.41,-9.58,32.57,-0.01,0,0,,,,-0.402,-0.066,1.9,13.26,-0.01,,,
128.27,REGROUND,-35.39,-1.41,-9.58,32.58,-0.01,0,0,,,,-0.391,-0.064,2.4,13.26,-0.01,,,
128.32,REGROUND,-35.39,-1.41,-9.58,32.59,-0.01,0,0,,,,-0.401,-0.066,3.6,13.26,-0.01,,,
128.37,REGROUND,-35.43,-1.41,-9.58,32.61,-0.01,0,0,,,,-0.391,-0.064,2.5,13.26,-0.01,,,
128.42,REGROUND,-35.43,-1.41,-9.58,32.62,-0.01,0,0,,,,-0.401,-0.066,1.8,13.26,-0.01,,,
128.47,REGROUND,-35.47,-1.42,-9.58,32.63,-0.01,0,0,,,,-0.391,-0.064,2.4,13.26,-0.01,,,
128.52,REGROUND,-35.47,-1.42,-9.58,32.64,-0.01,0,0,,,,-0.401,-0.066,1.8,13.26,-0.01,,,
128.57,REGROUND,-35.51,-1.42,-9.58,32.66,-0.01,0,0,,,,-0.391,-0.064,2.3,13.26,-0.01,,,
128.62,REGROUND,-35.51,-1.42,-9.58,32.67,-0.01,0,0,,,,-0.401,-0.065,2.0,13.26,-0.01,,,
128.67,REGROUND,-35.55,-1.42,-9.58,32.68,-0.01,0,0,,,,-0.391,-0.064,2.5,13.26,-0.01,,,
128.72,REGROUND,-35.55,-1.42,-9.58,32.7,-0.01,0,0,,,,-0.401,-0.065,1.8,13.26,-0.01,,,
128.77,REGROUND,-35.59,-1.42,-9.58,32.71,-0.01,0,0,,,,-0.391,-0.063,2.5,13.26,-0.01,,,
128.82,REGROUND,-35.59,-1.42,-9.58,32.72,-0.01,0,0,,,,-0.401,-0.065,1.8,13.26,-0.01,,,
128.87,REGROUND,-35.63,-1.42,-9.58,32.73,-0.01,0,0,,,,-0.391,-0.063,2.5,13.26,-0.01,,,
128.92,REGROUND,-35.63,-1.42,-9.58,32.75,-0.01,0,0,,,,-0.401,-0.065,1.8,13.26,-0.01,,,
128.97,REGROUND,-35.67,-1.42,-9.58,32.76,-0.01,0,0,,,,-0.391,-0.063,2.5,13.26,-0.01,,,
129.02,REGROUND,-35.67,-1.42,-9.58,32.77,-0.01,0,0,,,,-0.401,-0.065,1.8,13.26,-0.01,,,
129.07,REGROUND,-35.71,-1.43,-9.58,32.78,-0.01,0,0,,,,-0.391,-0.063,2.4,13.26,-0.01,,,
129.12,REGROUND,-35.71,-1.43,-9.58,32.8,-0.01,0,0,,,,-0.401,-0.065,1.7,13.26,-0.01,,,
129.17,REGROUND,-35.75,-1.43,-9.58,32.81,-0.01,0,0,,,,-0.391,-0.063,2.3,13.26,-0.01,,,
129.22,REGROUND,-35.75,-1.43,-9.58,32.82,-0.01,0,0,,,,-0.401,-0.065,1.8,13.26,-0.01,,,
129.27,REGROUND,-35.79,-1.43,-9.58,32.83,-0.01,0,0,,,,-0.391,-0.063,2.3,13.26,-0.01,,,
129.32,REGROUND,-35.79,-1.43,-9.58,32.85,-0.01,0,0,,,,-0.401,-0.065,1.8,13.26,-0.01,,,
129.37,REGROUND,-35.83,-1.43,-9.58,32.86,-0.01,0,0,,,,-0.392,-0.063,2.3,13.26,-0.01,,,
129.42,REGROUND,-35.83,-1.43,-9.58,32.87,-0.01,0,0,,,,-0.401,-0.065,1.8,13.26,-0.01,,,
129.47,REGROUND,-35.87,-1.43,-9.58,32.88,-0.01,0,0,,,,-0.392,-0.064,2.2,13.26,-0.01,,,
129.52,REGROUND,-35.87,-1.43,-9.58,32.9,-0.01,0,0,,,,-0.402,-0.065,1.9,13.26,-0.01,,,
129.57,REGROUND,-35.91,-1.43,-9.58,32.91,-0.01,0,0,,,,-0.392,-0.064,2.5,13.26,-0.01,,,
129.62,REGROUND,-35.91,-1.43,-9.58,32.92,-0.01,0,0,,,,-0.402,-0.065,1.8,13.26,-0.01,,,
129.67,REGROUND,-35.95,-1.43,-9.58,32.93,-0.01,0,0,,,,-0.392,-0.064,2.5,13.26,-0.01,,,
129.72,REGROUND,-35.95,-1.43,-9.58,32.95,-0.01,0,0,,,,-0.402,-0.066,1.8,13.26,-0.01,,,
129.77,REGROUND,-35.99,-1.43,-9.58,32.96,-0.01,0,0,,,,-0.392,-0.064,2.4,13.26,-0.01,,,
129.82,REGROUND,-35.99,-1.43,-9.58,32.97,-0.01,0,0,,,,-0.402,-0.066,1.8,13.26,-0.01,,,
129.88,REGROUND,-36.03,-1.44,-9.58,32.98,-0.01,0,0,,,,-0.392,-0.064,2.4,13.26,-0.01,,,
129.93,REGROUND,-36.03,-1.44,-9.58,33.0,-0.01,0,0,,,,-0.402,-0.066,1.8,13.26,-0.01,,,
129.98,REGROUND,-36.07,-1.44,-9.58,33.01,-0.01,0,0,,,,-0.393,-0.064,2.3,13.26,-0.01,,,
130.03,REGROUND,-36.07,-1.44,-9.58,33.02,-0.01,0,0,,,,-0.403,-0.066,1.9,13.26,-0.01,,,
130.08,REGROUND,-36.11,-1.44,-9.58,33.03,-0.01,0,0,,,,-0.393,-0.065,2.3,13.26,-0.01,,,
130.13,REGROUND,-36.11,-1.44,-9.58,33.05,-0.01,0,0,,,,-0.403,-0.066,1.8,13.26,-0.01,,,
130.18,REGROUND,-36.15,-1.44,-9.58,33.06,-0.01,0,0,,,,-0.393,-0.065,2.5,13.26,-0.01,,,
130.23,REGROUND,-36.15,-1.44,-9.58,33.07,-0.01,0,0,,,,-0.403,-0.066,1.9,13.26,-0.01,,,
130.28,REGROUND,-36.19,-1.44,-9.58,33.08,-0.01,0,0,,,,-0.393,-0.065,2.5,13.26,-0.01,,,
130.33,REGROUND,-36.19,-1.44,-9.58,33.1,-0.01,0,0,,,,-0.403,-0.066,1.8,13.26,-0.01,,,
130.38,REGROUND,-36.23,-1.44,-9.58,33.11,-0.01,0,0,,,,-0.393,-0.065,2.5,13.26,-0.01,,,
130.43,REGROUND,-36.23,-1.44,-9.58,33.12,-0.01,0,0,,,,-0.403,-0.066,1.7,13.26,-0.01,,,
130.48,REGROUND,-36.27,-1.44,-9.58,33.13,-0.01,0,0,,,,-0.393,-0.065,4.1,13.26,-0.01,,,
130.53,REGROUND,-36.27,-1.44,-9.58,33.15,-0.01,0,0,,,,-0.403,-0.066,1.7,13.26,-0.01,,,
130.58,REGROUND,-36.31,-1.45,-9.58,33.16,-0.01,0,0,,,,-0.393,-0.065,2.4,13.26,-0.01,,,
130.63,REGROUND,-36.31,-1.45,-9.58,33.17,-0.01,0,0,,,,-0.403,-0.066,1.8,13.26,-0.01,,,
130.68,REGROUND,-36.35,-1.45,-9.58,33.18,-0.01,0,0,,,,-0.393,-0.065,2.3,13.26,-0.01,,,
130.73,REGROUND,-36.35,-1.45,-9.58,33.2,-0.01,0,0,,,,-0.403,-0.066,1.8,13.26,-0.01,,,
130.78,REGROUND,-36.39,-1.45,-9.58,33.21,-0.01,0,0,,,,-0.393,-0.065,2.2,13.26,-0.01,,,
130.83,REGROUND,-36.39,-1.45,-9.58,33.22,-0.01,0,0,,,,-0.403,-0.066,1.8,13.26,-0.01,,,
130.88,REGROUND,-36.43,-1.45,-9.58,33.23,-0.01,0,0,,,,-0.393,-0.065,2.5,13.26,-0.01,,,
130.93,REGROUND,-36.43,-1.45,-9.58,33.25,-0.01,0,0,,,,-0.403,-0.066,1.8,13.26,-0.01,,,
130.98,REGROUND,-36.47,-1.45,-9.58,33.26,-0.01,0,0,,,,-0.393,-0.064,2.5,13.26,-0.01,,,
131.03,REGROUND,-36.47,-1.45,-9.58,33.27,-0.01,0,0,,,,-0.403,-0.066,1.9,13.26,-0.01,,,
131.08,REGROUND,-36.51,-1.45,-9.58,33.28,-0.01,0,0,,,,-0.393,-0.064,2.5,13.26,-0.01,,,
131.13,REGROUND,-36.51,-1.45,-9.58,33.3,-0.01,0,0,,,,-0.403,-0.066,1.8,13.26,-0.01,,,
131.18,REGROUND,-36.55,-1.45,-9.58,33.31,-0.01,0,0,,,,-0.393,-0.064,2.6,13.26,-0.01,,,
131.23,REGROUND,-36.55,-1.45,-9.58,33.32,-0.01,0,0,,,,-0.403,-0.066,1.7,13.26,-0.01,,,
131.28,REGROUND,-36.59,-1.46,-9.58,33.33,-0.01,0,0,,,,-0.393,-0.064,2.3,13.26,-0.01,,,
131.33,REGROUND,-36.59,-1.46,-9.58,33.35,-0.01,0,0,,,,-0.403,-0.066,1.8,13.26,-0.01,,,
131.38,REGROUND,-36.63,-1.46,-9.58,33.36,-0.01,0,0,,,,-0.393,-0.064,2.4,13.26,-0.01,,,
131.43,REGROUND,-36.63,-1.46,-9.58,33.37,-0.01,0,0,,,,-0.403,-0.065,1.8,13.26,-0.01,,,
131.48,REGROUND,-36.67,-1.46,-9.58,33.38,-0.01,0,0,,,,-0.393,-0.064,2.2,13.26,-0.01,,,
131.53,REGROUND,-36.67,-1.46,-9.58,33.4,-0.01,0,0,,,,-0.403,-0.065,1.9,13.26,-0.01,,,
131.58,REGROUND,-36.71,-1.46,-9.58,33.41,-0.01,0,0,,,,-0.393,-0.063,2.5,13.26,-0.01,,,
131.63,REGROUND,-36.71,-1.46,-9.58,33.42,-0.01,0,0,,,,-0.403,-0.065,1.8,13.26,-0.01,,,
131.68,REGROUND,-36.75,-1.46,-9.58,33.43,-0.01,0,0,,,,-0.393,-0.063,2.5,13.26,-0.01,,,
131.73,REGROUND,-36.75,-1.46,-9.58,33.45,-0.01,0,0,,,,-0.403,-0.065,1.8,13.26,-0.01,,,
131.78,REGROUND,-36.79,-1.47,-9.58,33.46,-0.01,0,0,,,,-0.393,-0.063,2.3,13.26,-0.01,,,
131.83,REGROUND,-36.79,-1.47,-9.58,33.47,-0.01,0,0,,,,-0.403,-0.065,1.8,13.26,-0.01,,,
131.88,REGROUND,-36.83,-1.47,-9.58,33.48,-0.01,0,0,,,,-0.393,-0.063,2.4,13.26,-0.01,,,
131.93,REGROUND,-36.83,-1.47,-9.58,33.5,-0.01,0,0,,,,-0.403,-0.065,1.8,13.26,-0.01,,,
131.98,REGROUND,-36.87,-1.47,-9.58,33.51,-0.01,0,0,,,,-0.393,-0.063,2.3,13.26,-0.01,,,
132.03,REGROUND,-36.87,-1.47,-9.58,33.52,-0.01,0,0,,,,-0.403,-0.065,1.8,13.26,-0.01,,,
132.08,REGROUND,-36.91,-1.47,-9.58,33.53,-0.01,0,0,,,,-0.393,-0.063,2.3,13.26,-0.01,,,
132.13,REGROUND,-36.91,-1.47,-9.58,33.55,-0.01,0,0,,,,-0.403,-0.065,1.9,13.26,-0.01,,,
132.18,REGROUND,-36.95,-1.47,-9.58,33.56,-0.01,0,0,,,,-0.393,-0.063,2.5,13.26,-0.01,,,
132.23,REGROUND,-36.95,-1.47,-9.58,33.57,-0.01,0,0,,,,-0.403,-0.065,1.9,13.26,-0.01,,,
132.28,REGROUND,-36.99,-1.47,-9.58,33.58,-0.01,0,0,,,,-0.393,-0.063,2.3,13.26,-0.01,,,
132.33,REGROUND,-36.99,-1.47,-9.58,33.6,-0.01,0,0,,,,-0.403,-0.065,1.8,13.26,-0.01,,,
132.38,REGROUND,-37.03,-1.47,-9.58,33.61,-0.01,0,0,,,,-0.393,-0.063,2.6,13.26,-0.01,,,
132.43,REGROUND,-37.03,-1.47,-9.58,33.62,-0.01,0,0,,,,-0.403,-0.065,1.8,13.26,-0.01,,,
132.48,REGROUND,-37.07,-1.48,-9.58,33.63,-0.01,0,0,,,,-0.393,-0.063,2.5,13.26,-0.01,,,
132.53,REGROUND,-37.07,-1.48,-9.58,33.65,-0.01,0,0,,,,-0.403,-0.065,1.8,13.26,-0.01,,,
132.58,REGROUND,-37.11,-1.48,-9.58,33.66,-0.01,0,0,,,,-0.393,-0.064,2.6,13.26,-0.01,,,
132.63,REGROUND,-37.11,-1.48,-9.58,33.67,-0.01,0,0,,,,-0.403,-0.065,3.6,13.26,-0.01,,,
132.68,REGROUND,-37.15,-1.48,-9.58,33.68,-0.01,0,0,,,,-0.393,-0.064,2.4,13.26,-0.01,,,
132.73,REGROUND,-37.15,-1.48,-9.58,33.7,-0.01,0,0,,,,-0.403,-0.065,1.9,13.26,-0.01,,,
132.78,REGROUND,-37.19,-1.48,-9.58,33.71,-0.01,0,0,,,,-0.393,-0.064,2.2,13.26,-0.01,,,
132.83,REGROUND,-37.19,-1.48,-9.58,33.72,-0.01,0,0,,,,-0.403,-0.066,1.7,13.26,-0.01,,,
132.88,REGROUND,-37.23,-1.48,-9.58,33.73,-0.01,0,0,,,,-0.393,-0.064,2.5,13.26,-0.01,,,
132.93,REGROUND,-37.23,-1.48,-9.58,33.75,-0.01,0,0,,,,-0.403,-0.066,2.0,13.26,-0.01,,,
132.98,REGROUND,-37.27,-1.48,-9.58,33.76,-0.01,0,0,,,,-0.393,-0.064,2.5,13.26,-0.01,,,
133.03,REGROUND,-37.27,-1.48,-9.58,33.77,-0.01,0,0,,,,-0.403,-0.066,1.8,13.26,-0.01,,,
133.08,REGROUND,-37.32,-1.48,-9.58,33.78,-0.01,0,0,,,,-0.393,-0.064,2.5,13.26,-0.01,,,
133.13,REGROUND,-37.32,-1.48,-9.58,33.8,-0.01,0,0,,,,-0.403,-0.066,1.8,13.26,-0.01,,,
133.18,REGROUND,-37.36,-1.48,-9.58,33.81,-0.01,0,0,,,,-0.393,-0.064,2.4,13.26,-0.01,,,
133.23,REGROUND,-37.36,-1.48,-9.58,33.82,-0.01,0,0,,,,-0.403,-0.066,2.0,13.26,-0.01,,,
133.28,REGROUND,-37.4,-1.48,-9.58,33.83,-0.01,0,0,,,,-0.393,-0.065,2.4,13.26,-0.01,,,
133.33,REGROUND,-37.4,-1.48,-9.58,33.85,-0.01,0,0,,,,-0.402,-0.066,1.8,13.26,-0.01,,,
133.38,REGROUND,-37.44,-1.49,-9.58,33.86,-0.01,0,0,,,,-0.393,-0.065,2.3,13.26,-0.01,,,
133.43,REGROUND,-37.44,-1.49,-9.58,33.87,-0.01,0,0,,,,-0.402,-0.066,1.8,13.26,-0.01,,,
133.48,REGROUND,-37.48,-1.49,-9.58,33.88,-0.01,0,0,,,,-0.392,-0.065,2.2,13.26,-0.01,,,
133.53,REGROUND,-37.48,-1.49,-9.58,33.9,-0.01,0,0,,,,-0.402,-0.066,1.8,13.26,-0.01,,,
133.58,REGROUND,-37.52,-1.49,-9.58,33.91,-0.01,0,0,,,,-0.392,-0.065,2.5,13.26,-0.01,,,
133.63,REGROUND,-37.52,-1.49,-9.58,33.92,-0.01,0,0,,,,-0.402,-0.066,2.0,13.26,-0.01,,,
133.68,REGROUND,-37.56,-1.49,-9.58,33.93,-0.01,0,0,,,,-0.392,-0.065,2.6,13.26,-0.01,,,
133.73,REGROUND,-37.56,-1.49,-9.58,33.95,-0.01,0,0,,,,-0.402,-0.066,1.8,13.26,-0.01,,,
133.78,REGROUND,-37.6,-1.49,-9.58,33.96,-0.01,0,0,,,,-0.392,-0.065,2.5,13.26,-0.01,,,
133.83,REGROUND,-37.6,-1.49,-9.58,33.97,-0.01,0,0,,,,-0.402,-0.066,1.8,13.26,-0.01,,,
133.88,REGROUND,-37.64,-1.49,-9.58,33.98,-0.01,0,0,,,,-0.392,-0.065,2.4,13.26,-0.01,,,
133.93,REGROUND,-37.64,-1.49,-9.58,34.0,-0.01,0,0,,,,-0.402,-0.066,1.7,13.26,-0.01,,,
133.98,REGROUND,-37.68,-1.49,-9.58,34.01,-0.01,0,0,,,,-0.392,-0.065,2.5,13.26,-0.01,,,
134.03,REGROUND,-37.68,-1.49,-9.58,34.02,-0.01,0,0,,,,-0.402,-0.066,1.8,13.26,-0.01,,,
134.08,REGROUND,-37.72,-1.5,-9.58,34.03,-0.01,0,0,,,,-0.392,-0.065,2.4,13.26,-0.01,,,
134.13,REGROUND,-37.72,-1.5,-9.58,34.05,-0.01,0,0,,,,-0.402,-0.067,1.8,13.26,-0.01,,,
134.18,REGROUND,-37.76,-1.5,-9.58,34.06,-0.01,0,0,,,,-0.392,-0.065,2.4,13.26,-0.01,,,
134.23,REGROUND,-37.76,-1.5,-9.58,34.07,-0.01,0,0,,,,-0.402,-0.066,1.9,13.26,-0.01,,,
134.28,REGROUND,-37.8,-1.5,-9.58,34.08,-0.01,0,0,,,,-0.393,-0.065,2.5,13.26,-0.01,,,
134.33,REGROUND,-37.8,-1.5,-9.58,34.1,-0.01,0,0,,,,-0.402,-0.066,1.9,13.26,-0.01,,,
134.38,REGROUND,-37.84,-1.5,-9.58,34.11,-0.01,0,0,,,,-0.393,-0.064,2.5,13.26,-0.01,,,
134.43,REGROUND,-37.84,-1.5,-9.58,34.12,-0.01,0,0,,,,-0.403,-0.066,1.9,13.26,-0.01,,,
134.48,REGROUND,-37.88,-1.5,-9.58,34.13,-0.01,0,0,,,,-0.393,-0.064,2.5,13.26,-0.01,,,
134.53,REGROUND,-37.88,-1.5,-9.58,34.15,-0.01,0,0,,,,-0.403,-0.066,1.8,13.26,-0.01,,,
134.58,REGROUND,-37.92,-1.5,-9.58,34.16,-0.01,0,0,,,,-0.393,-0.064,2.5,13.26,-0.01,,,
134.63,REGROUND,-37.92,-1.5,-9.58,34.17,-0.01,0,0,,,,-0.403,-0.066,1.7,13.26,-0.01,,,
134.68,REGROUND,-37.96,-1.51,-9.58,34.18,-0.01,0,0,,,,-0.393,-0.064,2.5,13.26,-0.01,,,
134.73,REGROUND,-37.96,-1.51,-9.58,34.2,-0.01,0,0,,,,-0.403,-0.065,1.9,13.26,-0.01,,,
134.78,REGROUND,-38.0,-1.51,-9.58,34.21,-0.01,0,0,,,,-0.393,-0.064,4.0,13.26,-0.01,,,
134.83,REGROUND,-38.0,-1.51,-9.58,34.22,-0.01,0,0,,,,-0.403,-0.065,1.5,13.26,-0.01,,,
134.88,REGROUND,-38.04,-1.51,-9.58,34.23,-0.01,0,0,,,,-0.393,-0.063,2.4,13.26,-0.01,,,
134.93,REGROUND,-38.04,-1.51,-9.58,34.25,-0.01,0,0,,,,-0.403,-0.065,1.8,13.26,-0.01,,,
134.98,REGROUND,-38.08,-1.51,-9.58,34.26,-0.01,0,0,,,,-0.393,-0.063,2.3,13.26,-0.01,,,
135.03,REGROUND,-38.08,-1.51,-9.58,34.27,-0.01,0,0,,,,-0.403,-0.065,2.0,13.26,-0.01,,,
135.08,REGROUND,-38.12,-1.51,-9.58,34.28,-0.01,0,0,,,,-0.393,-0.063,2.5,13.26,-0.01,,,
135.13,REGROUND,-38.12,-1.51,-9.58,34.3,-0.01,0,0,,,,-0.403,-0.065,1.8,13.26,-0.01,,,
135.18,REGROUND,-38.16,-1.51,-9.58,34.31,-0.01,0,0,,,,-0.393,-0.063,2.5,13.26,-0.01,,,
135.23,REGROUND,-38.16,-1.51,-9.58,34.32,-0.01,0,0,,,,-0.403,-0.065,1.8,13.26,-0.01,,,
135.28,REGROUND,-38.2,-1.52,-9.58,34.33,-0.01,0,0,,,,-0.393,-0.063,2.6,13.26,-0.01,,,
135.33,REGROUND,-38.2,-1.52,-9.58,34.35,-0.01,0,0,,,,-0.403,-0.065,1.8,13.26,-0.01,,,
135.38,REGROUND,-38.24,-1.52,-9.58,34.36,-0.01,0,0,,,,-0.393,-0.063,2.5,13.26,-0.01,,,
135.43,REGROUND,-38.24,-1.52,-9.58,34.37,-0.01,0,0,,,,-0.403,-0.065,1.7,13.26,-0.01,,,
135.48,REGROUND,-38.28,-1.52,-9.58,34.38,-0.01,0,0,,,,-0.393,-0.063,2.3,13.26,-0.01,,,
135.53,REGROUND,-38.28,-1.52,-9.58,34.4,-0.01,0,0,,,,-0.403,-0.065,1.8,13.26,-0.01,,,
135.58,REGROUND,-38.32,-1.52,-9.58,34.41,-0.01,0,0,,,,-0.393,-0.063,2.4,13.26,-0.01,,,
135.63,REGROUND,-38.32,-1.52,-9.58,34.42,-0.01,0,0,,,,-0.403,-0.065,1.9,13.26,-0.01,,,
135.68,REGROUND,-38.36,-1.52,-9.58,34.44,-0.01,0,0,,,,-0.392,-0.063,2.4,13.26,-0.01,,,
135.73,REGROUND,-38.36,-1.52,-9.58,34.45,-0.01,0,0,,,,-0.402,-0.065,1.8,13.26,-0.01,,,
135.78,REGROUND,-38.4,-1.52,-9.58,34.46,-0.01,0,0,,,,-0.392,-0.064,2.2,13.26,-0.01,,,
135.83,REGROUND,-38.4,-1.52,-9.58,34.47,-0.01,0,0,,,,-0.402,-0.065,1.9,13.26,-0.01,,,
135.88,REGROUND,-38.44,-1.52,-9.58,34.49,-0.01,0,0,,,,-0.392,-0.064,2.6,13.26,-0.01,,,
135.93,REGROUND,-38.44,-1.52,-9.58,34.5,-0.01,0,0,,,,-0.402,-0.065,1.8,13.26,-0.01,,,
135.98,REGROUND,-38.48,-1.52,-9.58,34.51,-0.01,0,0,,,,-0.392,-0.064,2.5,13.26,-0.01,,,
136.03,REGROUND,-38.48,-1.52,-9.58,34.52,-0.01,0,0,,,,-0.402,-0.065,1.8,13.26,-0.01,,,
136.08,REGROUND,-38.52,-1.53,-9.58,34.54,-0.01,0,0,,,,-0.392,-0.064,2.5,13.26,-0.01,,,
136.13,REGROUND,-38.52,-1.53,-9.58,34.55,-0.01,0,0,,,,-0.402,-0.066,1.8,13.26,-0.01,,,
136.18,REGROUND,-38.56,-1.53,-9.58,34.56,-0.01,0,0,,,,-0.392,-0.064,2.5,13.26,-0.01,,,
136.23,REGROUND,-38.56,-1.53,-9.58,34.57,-0.01,0,0,,,,-0.402,-0.066,1.9,13.26,-0.01,,,
136.28,REGROUND,-38.61,-1.53,-9.58,34.59,-0.01,0,0,,,,-0.392,-0.064,2.4,13.26,-0.01,,,
136.33,REGROUND,-38.61,-1.53,-9.58,34.6,-0.01,0,0,,,,-0.402,-0.066,1.8,13.26,-0.01,,,
136.38,REGROUND,-38.65,-1.53,-9.58,34.61,-0.01,0,0,,,,-0.392,-0.064,2.3,13.26,-0.01,,,
136.43,REGROUND,-38.65,-1.53,-9.58,34.62,-0.01,0,0,,,,-0.402,-0.066,1.8,13.26,-0.01,,,
136.48,REGROUND,-38.69,-1.53,-9.58,34.64,-0.01,0,0,,,,-0.391,-0.065,3.1,13.26,-0.01,,,
136.53,REGROUND,-38.69,-1.53,-9.58,34.65,-0.01,0,0,,,,-0.401,-0.066,2.0,13.26,-0.01,,,
136.58,REGROUND,-38.73,-1.53,-9.58,34.66,-0.01,0,0,,,,-0.391,-0.065,2.5,13.26,-0.01,,,
136.63,REGROUND,-38.73,-1.53,-9.58,34.67,-0.01,0,0,,,,-0.401,-0.066,1.9,13.26,-0.01,,,
136.68,REGROUND,-38.77,-1.53,-9.58,34.69,-0.01,0,0,,,,-0.391,-0.065,3.0,13.26,-0.01,,,
136.73,REGROUND,-38.77,-1.53,-9.58,34.7,-0.01,0,0,,,,-0.401,-0.066,2.4,13.26,-0.01,,,
136.78,REGROUND,-38.81,-1.53,-9.58,34.71,-0.01,0,0,,,,-0.391,-0.065,2.5,13.26,-0.01,,,
136.84,REGROUND,-38.81,-1.53,-9.58,34.72,-0.01,0,0,,,,-0.401,-0.066,1.8,13.26,-0.01,,,
136.89,REGROUND,-38.85,-1.54,-9.58,34.74,-0.01,0,0,,,,-0.391,-0.065,3.1,13.26,-0.01,,,
136.94,REGROUND,-38.85,-1.54,-9.58,34.75,-0.01,0,0,,,,-0.401,-0.067,3.9,13.26,-0.01,,,
136.99,REGROUND,-38.89,-1.54,-9.58,34.76,-0.01,0,0,,,,-0.391,-0.065,2.6,13.26,-0.01,,,
137.04,REGROUND,-38.89,-1.54,-9.58,34.77,-0.01,0,0,,,,-0.401,-0.066,1.8,13.26,-0.01,,,
137.09,REGROUND,-38.93,-1.54,-9.58,34.79,-0.01,0,0,,,,-0.392,-0.065,2.4,13.26,-0.01,,,
137.14,REGROUND,-38.93,-1.54,-9.58,34.8,-0.01,0,0,,,,-0.401,-0.067,1.8,13.26,-0.01,,,
137.19,REGROUND,-38.97,-1.54,-9.58,34.81,-0.01,0,0,,,,-0.392,-0.065,2.2,13.26,-0.01,,,
137.24,REGROUND,-38.97,-1.54,-9.58,34.82,-0.01,0,0,,,,-0.402,-0.066,1.9,13.26,-0.01,,,
137.29,REGROUND,-39.01,-1.54,-9.58,34.84,-0.01,0,0,,,,-0.392,-0.065,2.5,13.26,-0.01,,,
137.34,REGROUND,-39.01,-1.54,-9.58,34.85,-0.01,0,0,,,,-0.402,-0.067,1.9,13.26,-0.01,,,
137.39,REGROUND,-39.05,-1.54,-9.58,34.86,-0.01,0,0,,,,-0.392,-0.065,2.5,13.26,-0.01,,,
137.44,REGROUND,-39.05,-1.54,-9.58,34.87,-0.01,0,0,,,,-0.402,-0.066,1.8,13.26,-0.01,,,
137.49,REGROUND,-39.09,-1.54,-9.58,34.89,-0.01,0,0,,,,-0.392,-0.065,2.3,13.26,-0.01,,,
137.54,REGROUND,-39.09,-1.54,-9.58,34.9,-0.01,0,0,,,,-0.402,-0.066,1.8,13.26,-0.01,,,
137.59,REGROUND,-39.13,-1.55,-9.58,34.91,-0.01,0,0,,,,-0.392,-0.064,2.5,13.26,-0.01,,,
137.64,REGROUND,-39.13,-1.55,-9.58,34.92,-0.01,0,0,,,,-0.402,-0.066,1.9,13.26,-0.01,,,
137.69,REGROUND,-39.17,-1.55,-9.58,34.94,-0.01,0,0,,,,-0.392,-0.064,2.4,13.26,-0.01,,,
137.74,REGROUND,-39.17,-1.55,-9.58,34.95,-0.01,0,0,,,,-0.402,-0.066,1.9,13.26,-0.01,,,
137.79,REGROUND,-39.21,-1.55,-9.58,34.96,-0.01,0,0,,,,-0.393,-0.064,2.4,13.26,-0.01,,,
137.84,REGROUND,-39.21,-1.55,-9.58,34.97,-0.01,0,0,,,,-0.403,-0.066,1.8,13.26,-0.01,,,
137.89,REGROUND,-39.25,-1.55,-9.58,34.99,-0.01,0,0,,,,-0.393,-0.064,2.4,13.26,-0.01,,,
137.94,REGROUND,-39.25,-1.55,-9.58,35.0,-0.01,0,0,,,,-0.403,-0.065,1.9,13.26,-0.01,,,
137.99,REGROUND,-39.29,-1.55,-9.58,35.01,-0.01,0,0,,,,-0.393,-0.064,2.5,13.26,-0.01,,,
138.04,REGROUND,-39.29,-1.55,-9.58,35.02,-0.01,0,0,,,,-0.403,-0.065,1.9,13.26,-0.01,,,
138.09,REGROUND,-39.33,-1.56,-9.58,35.04,-0.01,0,0,,,,-0.393,-0.064,2.5,13.26,-0.01,,,
138.14,REGROUND,-39.33,-1.56,-9.58,35.05,-0.01,0,0,,,,-0.403,-0.065,1.8,13.26,-0.01,,,
138.19,REGROUND,-39.37,-1.56,-9.58,35.06,-0.01,0,0,,,,-0.393,-0.063,2.5,13.26,-0.01,,,
138.24,REGROUND,-39.37,-1.56,-9.58,35.07,-0.01,0,0,,,,-0.403,-0.065,1.8,13.26,-0.01,,,
138.29,REGROUND,-39.41,-1.56,-9.58,35.09,-0.01,0,0,,,,-0.393,-0.064,2.5,13.26,-0.01,,,
138.34,REGROUND,-39.41,-1.56,-9.58,35.1,-0.01,0,0,,,,-0.403,-0.065,1.7,13.26,-0.01,,,
138.39,REGROUND,-39.45,-1.56,-9.58,35.11,-0.01,0,0,,,,-0.393,-0.063,2.5,13.26,-0.01,,,
138.44,REGROUND,-39.45,-1.56,-9.58,35.12,-0.01,0,0,,,,-0.403,-0.065,1.7,13.26,-0.01,,,
138.49,REGROUND,-39.49,-1.56,-9.58,35.14,-0.01,0,0,,,,-0.393,-0.064,2.4,13.26,-0.01,,,
138.54,REGROUND,-39.49,-1.56,-9.58,35.15,-0.01,0,0,,,,-0.403,-0.065,1.9,13.26,-0.01,,,
138.59,REGROUND,-39.53,-1.56,-9.58,35.16,-0.01,0,0,,,,-0.393,-0.063,2.4,13.26,-0.01,,,
138.64,REGROUND,-39.53,-1.56,-9.58,35.17,-0.01,0,0,,,,-0.403,-0.065,1.8,13.26,-0.01,,,
138.69,REGROUND,-39.57,-1.56,-9.58,35.19,-0.01,0,0,,,,-0.393,-0.064,2.5,13.26,-0.01,,,
138.74,REGROUND,-39.57,-1.56,-9.58,35.2,-0.01,0,0,,,,-0.403,-0.065,1.7,13.26,-0.01,,,
138.79,REGROUND,-39.61,-1.57,-9.58,35.21,-0.01,0,0,,,,-0.393,-0.064,2.5,13.26,-0.01,,,
138.84,REGROUND,-39.61,-1.57,-9.58,35.22,-0.01,0,0,,,,-0.403,-0.065,1.9,13.26,-0.01,,,
138.89,REGROUND,-39.65,-1.57,-9.58,35.24,-0.01,0,0,,,,-0.393,-0.064,2.5,13.26,-0.01,,,
138.94,REGROUND,-39.65,-1.57,-9.58,35.25,-0.01,0,0,,,,-0.403,-0.065,2.1,13.26,-0.01,,,
138.99,REGROUND,-39.69,-1.57,-9.58,35.26,-0.01,0,0,,,,-0.393,-0.064,2.5,13.26,-0.01,,,
139.04,REGROUND,-39.69,-1.57,-9.58,35.27,-0.01,0,0,,,,-0.403,-0.065,2.0,13.26,-0.01,,,
139.09,REGROUND,-39.73,-1.57,-9.58,35.29,-0.01,0,0,,,,-0.393,-0.064,2.4,13.26,-0.01,,,
139.14,REGROUND,-39.73,-1.57,-9.58,35.3,-0.01,0,0,,,,-0.403,-0.065,3.3,13.26,-0.01,,,
139.19,REGROUND,-39.77,-1.57,-9.58,35.31,-0.01,0,0,,,,-0.393,-0.064,2.5,13.26,-0.01,,,
139.24,REGROUND,-39.77,-1.57,-9.58,35.32,-0.01,0,0,,,,-0.403,-0.065,1.9,13.26,-0.01,,,
139.29,REGROUND,-39.81,-1.57,-9.58,35.34,-0.01,0,0,,,,-0.393,-0.064,2.3,13.26,-0.01,,,
139.34,REGROUND,-39.81,-1.57,-9.58,35.35,-0.01,0,0,,,,-0.403,-0.065,1.8,13.26,-0.01,,,
139.39,REGROUND,-39.85,-1.57,-9.58,35.36,-0.01,0,0,,,,-0.393,-0.064,2.2,13.26,-0.01,,,
139.44,REGROUND,-39.85,-1.57,-9.58,35.37,-0.01,0,0,,,,-0.403,-0.065,1.8,13.26,-0.01,,,
139.49,REGROUND,-39.89,-1.58,-9.58,35.39,-0.01,0,0,,,,-0.392,-0.064,3.0,13.26,-0.01,,,
139.54,REGROUND,-39.89,-1.58,-9.58,35.4,-0.01,0,0,,,,-0.402,-0.065,1.9,13.26,-0.01,,,
139.59,REGROUND,-39.93,-1.58,-9.58,35.41,-0.01,0,0,,,,-0.392,-0.064,2.6,13.26,-0.01,,,
139.64,REGROUND,-39.93,-1.58,-9.58,35.42,-0.01,0,0,,,,-0.402,-0.065,1.9,13.26,-0.01,,,
139.69,REGROUND,-39.97,-1.58,-9.58,35.44,-0.01,0,0,,,,-0.392,-0.064,2.5,13.26,-0.01,,,
139.74,REGROUND,-39.97,-1.58,-9.58,35.45,-0.01,0,0,,,,-0.402,-0.065,1.8,13.26,-0.01,,,
139.79,REGROUND,-40.01,-1.58,-9.58,35.46,-0.01,0,0,,,,-0.392,-0.064,2.4,13.26,-0.01,,,
139.84,REGROUND,-40.01,-1.58,-9.58,35.47,-0.01,0,0,,,,-0.402,-0.065,1.7,13.26,-0.01,,,
139.89,REGROUND,-40.05,-1.58,-9.58,35.49,-0.01,0,0,,,,-0.392,-0.064,2.4,13.26,-0.01,,,
139.94,REGROUND,-40.05,-1.58,-9.58,35.5,-0.01,0,0,,,,-0.402,-0.065,1.6,13.26,-0.01,,,
139.99,REGROUND,-40.09,-1.58,-9.58,35.51,-0.01,0,0,,,,-0.392,-0.064,2.3,13.26,-0.01,,,
140.04,REGROUND,-40.09,-1.58,-9.58,35.52,-0.01,0,0,,,,-0.402,-0.065,1.8,13.26,-0.01,,,
140.09,REGROUND,-40.13,-1.58,-9.58,35.54,-0.01,0,0,,,,-0.392,-0.064,2.3,13.26,-0.01,,,
140.14,REGROUND,-40.13,-1.58,-9.58,35.55,-0.01,0,0,,,,-0.402,-0.065,1.8,13.26,-0.01,,,
140.19,REGROUND,-40.17,-1.59,-9.58,35.56,-0.01,0,0,,,,-0.392,-0.064,3.1,13.26,-0.01,,,
140.24,REGROUND,-40.17,-1.59,-9.58,35.57,-0.01,0,0,,,,-0.402,-0.065,1.9,13.26,-0.01,,,
140.29,REGROUND,-40.21,-1.59,-9.58,35.59,-0.01,0,0,,,,-0.392,-0.064,2.6,13.26,-0.01,,,
140.34,REGROUND,-40.21,-1.59,-9.58,35.6,-0.01,0,0,,,,-0.402,-0.066,1.8,13.26,-0.01,,,
140.39,REGROUND,-40.25,-1.59,-9.58,35.61,-0.01,0,0,,,,-0.392,-0.064,2.5,13.26,-0.01,,,
140.44,REGROUND,-40.25,-1.59,-9.58,35.62,-0.01,0,0,,,,-0.402,-0.066,1.8,13.26,-0.01,,,
140.49,REGROUND,-40.3,-1.59,-9.58,35.64,-0.01,0,0,,,,-0.392,-0.064,2.5,13.26,-0.01,,,
140.54,REGROUND,-40.3,-1.59,-9.58,35.65,-0.01,0,0,,,,-0.402,-0.066,1.8,13.26,-0.01,,,
140.59,REGROUND,-40.34,-1.59,-9.58,35.66,-0.01,0,0,,,,-0.392,-0.064,2.4,13.26,-0.01,,,
140.64,REGROUND,-40.34,-1.59,-9.58,35.67,-0.01,0,0,,,,-0.402,-0.065,1.9,13.26,-0.01,,,
140.69,REGROUND,-40.38,-1.59,-9.58,35.69,-0.01,0,0,,,,-0.392,-0.064,2.3,13.26,-0.01,,,
140.74,REGROUND,-40.38,-1.59,-9.58,35.7,-0.01,0,0,,,,-0.402,-0.065,1.5,13.26,-0.01,,,
140.79,REGROUND,-40.42,-1.59,-9.58,35.71,-0.01,0,0,,,,-0.392,-0.063,2.3,13.26,-0.01,,,
140.84,REGROUND,-40.42,-1.59,-9.58,35.72,-0.01,0,0,,,,-0.402,-0.065,1.9,13.26,-0.01,,,
140.89,REGROUND,-40.46,-1.6,-9.58,35.74,-0.01,0,0,,,,-0.392,-0.063,2.2,13.26,-0.01,,,
140.94,REGROUND,-40.46,-1.6,-9.58,35.75,-0.01,0,0,,,,-0.402,-0.065,1.8,13.26,-0.01,,,
140.99,REGROUND,-40.5,-1.6,-9.58,35.76,-0.01,0,0,,,,-0.392,-0.063,2.5,13.26,-0.01,,,
141.04,REGROUND,-40.5,-1.6,-9.58,35.77,-0.01,0,0,,,,-0.402,-0.065,1.9,13.26,-0.01,,,
141.09,REGROUND,-40.54,-1.6,-9.58,35.79,-0.01,0,0,,,,-0.392,-0.063,2.6,13.26,-0.01,,,
141.14,REGROUND,-40.54,-1.6,-9.58,35.8,-0.01,0,0,,,,-0.402,-0.065,1.8,13.26,-0.01,,,
141.19,REGROUND,-40.58,-1.6,-9.58,35.81,-0.01,0,0,,,,-0.392,-0.063,2.5,13.26,-0.01,,,
141.24,REGROUND,-40.58,-1.6,-9.58,35.82,-0.01,0,0,,,,-0.402,-0.065,1.6,13.26,-0.01,,,
141.29,REGROUND,-40.62,-1.6,-9.58,35.84,-0.01,0,0,,,,-0.392,-0.064,3.9,13.26,-0.01,,,
141.34,REGROUND,-40.62,-1.6,-9.58,35.85,-0.01,0,0,,,,-0.402,-0.065,1.7,13.26,-0.01,,,
141.39,REGROUND,-40.66,-1.6,-9.58,35.86,-0.01,0,0,,,,-0.392,-0.064,2.4,13.26,-0.01,,,
141.44,REGROUND,-40.66,-1.6,-9.58,35.87,-0.01,0,0,,,,-0.402,-0.065,1.8,13.26,-0.01,,,
141.49,REGROUND,-40.7,-1.6,-9.58,35.89,-0.01,0,0,,,,-0.392,-0.064,2.3,13.26,-0.01,,,
141.54,REGROUND,-40.7,-1.6,-9.58,35.9,-0.01,0,0,,,,-0.402,-0.065,1.8,13.26,-0.01,,,
141.59,REGROUND,-40.74,-1.61,-9.58,35.91,-0.01,0,0,,,,-0.392,-0.064,2.3,13.26,-0.01,,,
141.64,REGROUND,-40.74,-1.61,-9.58,35.92,-0.01,0,0,,,,-0.402,-0.065,1.8,13.26,-0.01,,,
141.69,REGROUND,-40.78,-1.61,-9.58,35.94,-0.01,0,0,,,,-0.392,-0.064,2.6,13.26,-0.01,,,
141.74,REGROUND,-40.78,-1.61,-9.58,35.95,-0.01,0,0,,,,-0.402,-0.066,1.8,13.26,-0.01,,,
141.79,REGROUND,-40.82,-1.61,-9.58,35.96,-0.01,0,0,,,,-0.393,-0.064,2.5,13.26,-0.01,,,
141.84,REGROUND,-40.82,-1.61,-9.58,35.97,-0.01,0,0,,,,-0.403,-0.066,1.8,13.26,-0.01,,,
141.89,REGROUND,-40.86,-1.61,-9.58,35.99,-0.01,0,0,,,,-0.393,-0.064,2.4,13.26,-0.01,,,
141.94,REGROUND,-40.86,-1.61,-9.58,36.0,-0.01,0,0,,,,-0.403,-0.066,1.8,13.26,-0.01,,,
141.99,REGROUND,-40.9,-1.61,-9.58,36.01,-0.01,0,0,,,,-0.393,-0.064,2.4,13.26,-0.01,,,
142.04,REGROUND,-40.9,-1.61,-9.58,36.02,-0.01,0,0,,,,-0.403,-0.066,1.8,13.26,-0.01,,,
142.09,REGROUND,-40.94,-1.61,-9.58,36.04,-0.01,0,0,,,,-0.393,-0.064,2.4,13.26,-0.01,,,
142.14,REGROUND,-40.94,-1.61,-9.58,36.05,-0.01,0,0,,,,-0.403,-0.066,1.7,13.26,-0.01,,,
142.19,REGROUND,-40.98,-1.61,-9.58,36.06,-0.01,0,0,,,,-0.393,-0.064,2.7,13.26,-0.01,,,
142.24,REGROUND,-40.98,-1.61,-9.58,36.07,-0.01,0,0,,,,-0.403,-0.066,1.8,13.26,-0.01,,,
142.29,REGROUND,-41.02,-1.61,-9.58,36.09,-0.01,0,0,,,,-0.393,-0.064,2.4,13.26,-0.01,,,
142.34,REGROUND,-41.02,-1.61,-9.58,36.1,-0.01,0,0,,,,-0.403,-0.066,1.8,13.26,-0.01,,,
142.39,REGROUND,-41.06,-1.62,-9.58,36.11,-0.01,0,0,,,,-0.393,-0.064,2.3,13.26,-0.01,,,
142.44,REGROUND,-41.06,-1.62,-9.58,36.12,-0.01,0,0,,,,-0.403,-0.066,1.9,13.26,-0.01,,,
142.49,REGROUND,-41.1,-1.62,-9.58,36.14,-0.01,0,0,,,,-0.393,-0.064,2.5,13.26,-0.01,,,
142.54,REGROUND,-41.1,-1.62,-9.58,36.15,-0.01,0,0,,,,-0.403,-0.066,1.9,13.26,-0.01,,,
142.59,REGROUND,-41.14,-1.62,-9.58,36.16,-0.01,0,0,,,,-0.393,-0.064,2.5,13.26,-0.01,,,
142.64,REGROUND,-41.14,-1.62,-9.58,36.17,-0.01,0,0,,,,-0.403,-0.066,1.8,13.26,-0.01,,,
142.69,REGROUND,-41.18,-1.62,-9.58,36.19,-0.01,0,0,,,,-0.393,-0.064,2.4,13.26,-0.01,,,
142.74,REGROUND,-41.18,-1.62,-9.58,36.2,-0.01,0,0,,,,-0.403,-0.066,1.7,13.26,-0.01,,,
142.79,REGROUND,-41.22,-1.62,-9.58,36.21,-0.01,0,0,,,,-0.393,-0.064,2.5,13.26,-0.01,,,
142.84,REGROUND,-41.22,-1.62,-9.58,36.23,-0.01,0,0,,,,-0.403,-0.066,1.7,13.26,-0.01,,,
142.89,REGROUND,-41.26,-1.62,-9.58,36.24,-0.01,0,0,,,,-0.393,-0.064,2.4,13.26,-0.01,,,
142.94,REGROUND,-41.26,-1.62,-9.58,36.25,-0.01,0,0,,,,-0.403,-0.066,1.5,13.26,-0.01,,,
142.99,REGROUND,-41.3,-1.63,-9.58,36.26,-0.01,0,0,,,,-0.393,-0.064,2.3,13.26,-0.01,,,
143.04,REGROUND,-41.3,-1.63,-9.58,36.28,-0.01,0,0,,,,-0.403,-0.066,1.8,13.26,-0.01,,,
143.09,REGROUND,-41.34,-1.63,-9.58,36.29,-0.01,0,0,,,,-0.394,-0.064,2.2,13.26,-0.01,,,
143.14,REGROUND,-41.34,-1.63,-9.58,36.3,-0.01,0,0,,,,-0.404,-0.066,1.9,13.26,-0.01,,,
143.19,REGROUND,-41.38,-1.63,-9.58,36.31,-0.01,0,0,,,,-0.394,-0.064,2.5,13.26,-0.01,,,
143.24,REGROUND,-41.38,-1.63,-9.58,36.33,-0.01,0,0,,,,-0.404,-0.065,1.9,13.26,-0.01,,,
143.29,REGROUND,-41.42,-1.63,-9.58,36.34,-0.01,0,0,,,,-0.394,-0.064,2.5,13.26,-0.01,,,
143.34,REGROUND,-41.42,-1.63,-9.58,36.35,-0.01,0,0,,,,-0.404,-0.065,1.8,13.26,-0.01,,,
143.39,REGROUND,-41.46,-1.63,-9.58,36.36,-0.01,0,0,,,,-0.394,-0.063,2.6,13.26,-0.01,,,
143.44,REGROUND,-41.46,-1.63,-9.58,36.38,-0.01,0,0,,,,-0.404,-0.065,3.3,13.26,-0.01,,,
143.49,REGROUND,-41.5,-1.63,-9.58,36.39,-0.01,0,0,,,,-0.393,-0.063,2.4,13.26,-0.01,,,
143.54,REGROUND,-41.5,-1.63,-9.58,36.4,-0.01,0,0,,,,-0.403,-0.065,1.8,13.26,-0.01,,,
143.59,REGROUND,-41.54,-1.64,-9.58,36.41,-0.01,0,0,,,,-0.393,-0.063,2.4,13.26,-0.01,,,
143.64,REGROUND,-41.54,-1.64,-9.58,36.43,-0.01,0,0,,,,-0.403,-0.065,1.8,13.26,-0.01,,,
143.69,REGROUND,-41.58,-1.64,-9.58,36.44,-0.01,0,0,,,,-0.393,-0.063,2.3,13.26,-0.01,,,
143.74,REGROUND,-41.58,-1.64,-9.58,36.45,-0.01,0,0,,,,-0.403,-0.065,1.9,13.26,-0.01,,,
143.79,REGROUND,-41.62,-1.64,-9.58,36.46,-0.01,0,0,,,,-0.394,-0.063,2.3,13.26,-0.01,,,
143.84,REGROUND,-41.62,-1.64,-9.58,36.48,-0.01,0,0,,,,-0.403,-0.064,1.8,13.26,-0.01,,,
143.89,REGROUND,-41.66,-1.64,-9.58,36.49,-0.01,0,0,,,,-0.393,-0.063,2.5,13.26,-0.01,,,
143.94,REGROUND,-41.66,-1.64,-9.58,36.5,-0.01,0,0,,,,-0.403,-0.064,1.8,13.26,-0.01,,,
143.99,REGROUND,-41.7,-1.64,-9.58,36.51,-0.01,0,0,,,,-0.393,-0.063,2.6,13.26,-0.01,,,
144.04,REGROUND,-41.7,-1.64,-9.58,36.53,-0.01,0,0,,,,-0.403,-0.064,1.9,13.26,-0.01,,,
144.1,REGROUND,-41.74,-1.64,-9.58,36.54,-0.01,0,0,,,,-0.393,-0.063,2.5,13.26,-0.01,,,
144.15,REGROUND,-41.74,-1.64,-9.58,36.55,-0.01,0,0,,,,-0.403,-0.065,1.8,13.26,-0.01,,,
144.2,REGROUND,-41.78,-1.64,-9.58,36.56,-0.01,0,0,,,,-0.393,-0.063,2.4,13.26,-0.01,,,
144.25,REGROUND,-41.78,-1.64,-9.58,36.58,-0.01,0,0,,,,-0.403,-0.065,1.8,13.26,-0.01,,,
144.3,REGROUND,-41.82,-1.65,-9.58,36.59,-0.01,0,0,,,,-0.393,-0.063,2.4,13.26,-0.01,,,
144.35,REGROUND,-41.82,-1.65,-9.58,36.6,-0.01,0,0,,,,-0.403,-0.065,1.9,13.26,-0.01,,,
144.4,REGROUND,-41.86,-1.65,-9.58,36.61,-0.01,0,0,,,,-0.393,-0.063,2.4,13.26,-0.01,,,
144.45,REGROUND,-41.86,-1.65,-9.58,36.63,-0.01,0,0,,,,-0.403,-0.065,1.8,13.26,-0.01,,,
144.5,REGROUND,-41.9,-1.65,-9.58,36.64,-0.01,0,0,,,,-0.393,-0.064,2.3,13.26,-0.01,,,
144.55,REGROUND,-41.9,-1.65,-9.58,36.65,-0.01,0,0,,,,-0.403,-0.065,1.8,13.26,-0.01,,,
144.6,REGROUND,-41.94,-1.65,-9.58,36.66,-0.01,0,0,,,,-0.393,-0.064,2.6,13.26,-0.01,,,
144.65,REGROUND,-41.94,-1.65,-9.58,36.68,-0.01,0,0,,,,-0.403,-0.066,1.9,13.26,-0.01,,,
144.7,REGROUND,-41.98,-1.65,-9.58,36.69,-0.01,0,0,,,,-0.393,-0.064,2.5,13.26,-0.01,,,
144.75,REGROUND,-41.98,-1.65,-9.58,36.7,-0.01,0,0,,,,-0.402,-0.066,1.8,13.26,-0.01,,,
144.8,REGROUND,-42.03,-1.65,-9.58,36.71,-0.01,0,0,,,,-0.392,-0.065,2.5,13.26,-0.01,,,
144.85,REGROUND,-42.03,-1.65,-9.58,36.73,-0.01,0,0,,,,-0.402,-0.066,1.8,13.26,-0.01,,,
144.9,REGROUND,-42.07,-1.65,-9.58,36.74,-0.01,0,0,,,,-0.392,-0.065,2.3,13.26,-0.01,,,
144.95,REGROUND,-42.07,-1.65,-9.58,36.75,-0.01,0,0,,,,-0.402,-0.067,1.6,13.26,-0.01,,,
145.0,REGROUND,-42.11,-1.65,-9.58,36.76,-0.01,0,0,,,,-0.392,-0.065,2.4,13.26,-0.01,,,
145.05,REGROUND,-42.11,-1.65,-9.58,36.78,-0.01,0,0,,,,-0.402,-0.067,1.8,13.26,-0.01,,,
145.1,REGROUND,-42.15,-1.65,-9.58,36.79,-0.01,0,0,,,,-0.392,-0.065,2.4,13.26,-0.01,,,
145.15,REGROUND,-42.15,-1.65,-9.58,36.8,-0.01,0,0,,,,-0.402,-0.067,1.7,13.26,-0.01,,,
145.2,REGROUND,-42.19,-1.65,-9.58,36.81,-0.01,0,0,,,,-0.392,-0.065,2.3,13.26,-0.01,,,
145.25,REGROUND,-42.19,-1.65,-9.58,36.83,-0.01,0,0,,,,-0.402,-0.067,1.8,13.26,-0.01,,,
145.3,REGROUND,-42.23,-1.66,-9.58,36.84,-0.01,0,0,,,,-0.392,-0.066,2.2,13.26,-0.01,,,
145.35,REGROUND,-42.23,-1.66,-9.58,36.85,-0.01,0,0,,,,-0.402,-0.067,1.8,13.26,-0.01,,,
145.4,REGROUND,-42.27,-1.66,-9.58,36.86,-0.01,0,0,,,,-0.392,-0.066,2.3,13.26,-0.01,,,
145.45,REGROUND,-42.27,-1.66,-9.58,36.88,-0.01,0,0,,,,-0.402,-0.067,1.9,13.26,-0.01,,,
145.5,REGROUND,-42.31,-1.66,-9.58,36.89,-0.01,0,0,,,,-0.392,-0.066,2.3,13.26,-0.01,,,
145.55,REGROUND,-42.31,-1.66,-9.58,36.9,-0.01,0,0,,,,-0.402,-0.067,2.1,13.26,-0.01,,,
145.6,REGROUND,-42.35,-1.66,-9.58,36.91,-0.01,0,0,,,,-0.392,-0.066,4.0,13.26,-0.01,,,
145.65,REGROUND,-42.35,-1.66,-9.58,36.93,-0.01,0,0,,,,-0.402,-0.067,1.8,13.26,-0.01,,,
145.7,REGROUND,-42.39,-1.66,-9.58,36.94,-0.01,0,0,,,,-0.392,-0.066,2.5,13.26,-0.01,,,
145.75,REGROUND,-42.39,-1.66,-9.58,36.95,-0.01,0,0,,,,-0.402,-0.067,1.7,13.26,-0.01,,,
145.8,REGROUND,-42.43,-1.66,-9.58,36.96,-0.01,0,0,,,,-0.392,-0.066,2.4,13.26,-0.01,,,
145.85,REGROUND,-42.43,-1.66,-9.58,36.98,-0.01,0,0,,,,-0.402,-0.067,1.8,13.26,-0.01,,,
145.9,REGROUND,-42.47,-1.66,-9.58,36.99,-0.01,0,0,,,,-0.392,-0.066,2.3,13.26,-0.01,,,
145.95,REGROUND,-42.47,-1.66,-9.58,37.0,-0.01,0,0,,,,-0.402,-0.067,1.8,13.26,-0.01,,,
146.0,REGROUND,-42.51,-1.67,-9.58,37.01,-0.01,0,0,,,,-0.392,-0.065,2.3,13.26,-0.01,,,
146.05,REGROUND,-42.51,-1.67,-9.58,37.03,-0.01,0,0,,,,-0.402,-0.067,1.9,13.26,-0.01,,,
146.1,REGROUND,-42.55,-1.67,-9.58,37.04,-0.01,0,0,,,,-0.392,-0.065,2.5,13.26,-0.01,,,
146.15,REGROUND,-42.55,-1.67,-9.58,37.05,-0.01,0,0,,,,-0.402,-0.067,1.9,13.26,-0.01,,,
146.2,REGROUND,-42.59,-1.67,-9.58,37.06,-0.01,0,0,,,,-0.392,-0.065,2.5,13.26,-0.01,,,
146.25,REGROUND,-42.63,-1.67,-9.58,37.08,-0.01,0,0,,,,-0.382,-0.063,2.5,13.26,-0.01,,,
146.3,REGROUND,-42.63,-1.67,-9.58,37.09,-0.01,0,0,,,,-0.392,-0.065,2.2,13.26,-0.01,,,
146.35,REGROUND,-42.63,-1.67,-9.58,37.1,-0.01,0,0,,,,-0.402,-0.066,2.1,13.26,-0.01,,,
146.4,REGROUND,-42.67,-1.67,-9.58,37.11,-0.01,0,0,,,,-0.392,-0.064,2.8,13.26,-0.01,,,
146.45,REGROUND,-42.67,-1.67,-9.58,37.13,-0.01,0,0,,,,-0.402,-0.066,2.1,13.26,-0.01,,,
146.5,REGROUND,-42.71,-1.68,-9.58,37.14,-0.01,0,0,,,,-0.392,-0.064,2.8,13.26,-0.01,,,
146.55,REGROUND,-42.71,-1.68,-9.58,37.15,-0.01,0,0,,,,-0.402,-0.066,2.1,13.26,-0.01,,,
146.6,REGROUND,-42.75,-1.68,-9.58,37.16,-0.01,0,0,,,,-0.392,-0.064,2.7,13.26,-0.01,,,
146.65,REGROUND,-42.75,-1.68,-9.58,37.18,-0.01,0,0,,,,-0.402,-0.065,2.1,13.26,-0.01,,,
146.7,REGROUND,-42.79,-1.68,-9.58,37.19,-0.01,0,0,,,,-0.392,-0.063,2.7,13.26,-0.01,,,
146.75,REGROUND,-42.79,-1.68,-9.58,37.2,-0.01,0,0,,,,-0.402,-0.065,2.2,13.26,-0.01,,,
146.8,REGROUND,-42.83,-1.68,-9.58,37.21,-0.01,0,0,,,,-0.392,-0.063,3.1,13.26,-0.01,,,
146.85,REGROUND,-42.87,-1.68,-9.58,37.23,-0.01,0,0,,,,-0.382,-0.062,2.8,13.26,-0.01,,,
146.9,REGROUND,-42.87,-1.68,-9.58,37.24,-0.01,0,0,,,,-0.392,-0.063,2.1,13.26,-0.01,,,
146.95,REGROUND,-42.87,-1.68,-9.58,37.25,-0.01,0,0,,,,-0.402,-0.065,2.1,13.26,-0.01,,,
147.0,REGROUND,-42.91,-1.69,-9.58,37.26,-0.01,0,0,,,,-0.392,-0.063,2.8,13.26,-0.01,,,
147.05,REGROUND,-42.91,-1.69,-9.58,37.28,-0.01,0,0,,,,-0.402,-0.065,1.9,13.26,-0.01,,,
147.1,REGROUND,-42.95,-1.69,-9.58,37.29,-0.01,0,0,,,,-0.392,-0.063,2.5,13.26,-0.01,,,
147.15,REGROUND,-42.95,-1.69,-9.58,37.3,-0.01,0,0,,,,-0.402,-0.065,1.8,13.26,-0.01,,,
147.2,REGROUND,-42.99,-1.69,-9.58,37.31,-0.01,0,0,,,,-0.393,-0.063,2.3,13.26,-0.01,,,
147.25,REGROUND,-42.99,-1.69,-9.58,37.33,-0.01,0,0,,,,-0.403,-0.064,1.9,13.26,-0.01,,,
147.3,REGROUND,-43.03,-1.69,-9.58,37.34,-0.01,0,0,,,,-0.393,-0.063,2.4,13.26,-0.01,,,
147.35,REGROUND,-43.07,-1.69,-9.58,37.35,-0.01,0,0,,,,-0.383,-0.061,2.4,13.26,-0.01,,,
147.4,REGROUND,-43.07,-1.69,-9.58,37.36,-0.01,0,0,,,,-0.393,-0.063,1.8,13.26,-0.01,,,
147.45,REGROUND,-43.11,-1.69,-9.58,37.38,-0.01,0,0,,,,-0.383,-0.061,2.2,13.26,-0.01,,,
147.5,REGROUND,-43.11,-1.69,-9.58,37.39,-0.01,0,0,,,,-0.393,-0.063,1.8,13.26,-0.01,,,
147.55,REGROUND,-43.15,-1.69,-9.58,37.4,-0.01,0,0,,,,-0.384,-0.061,2.6,13.26,-0.01,,,
147.6,REGROUND,-43.15,-1.69,-9.58,37.41,-0.01,0,0,,,,-0.394,-0.063,1.8,13.26,-0.01,,,
147.65,REGROUND,-43.15,-1.69,-9.58,37.43,-0.01,0,0,,,,-0.403,-0.065,1.9,13.26,-0.01,,,
147.7,REGROUND,-43.19,-1.69,-9.58,37.44,-0.01,0,0,,,,-0.393,-0.063,2.7,13.26,-0.01,,,
147.75,REGROUND,-43.19,-1.69,-9.58,37.45,-0.01,0,0,,,,-0.403,-0.065,3.4,13.26,-0.01,,,
147.8,REGROUND,-43.23,-1.7,-9.58,37.46,-0.01,0,0,,,,-0.394,-0.063,2.5,13.26,-0.01,,,
147.85,REGROUND,-43.23,-1.7,-9.58,37.48,-0.01,0,0,,,,-0.404,-0.065,1.8,13.26,-0.01,,,
147.9,REGROUND,-43.27,-1.7,-9.58,37.49,-0.01,0,0,,,,-0.394,-0.064,2.4,13.26,-0.01,,,
147.95,REGROUND,-43.31,-1.7,-9.58,37.5,-0.01,0,0,,,,-0.385,-0.062,2.4,13.26,-0.01,,,
148.0,REGROUND,-43.31,-1.7,-9.58,37.51,-0.01,0,0,,,,-0.394,-0.064,1.7,13.26,-0.01,,,
148.05,REGROUND,-43.35,-1.7,-9.58,37.53,-0.01,0,0,,,,-0.385,-0.062,2.4,13.26,-0.01,,,
148.1,REGROUND,-43.35,-1.7,-9.58,37.54,-0.01,0,0,,,,-0.395,-0.064,1.8,13.26,-0.01,,,
148.15,REGROUND,-43.39,-1.7,-9.58,37.55,-0.01,0,0,,,,-0.385,-0.062,2.3,13.26,-0.01,,,
148.2,REGROUND,-43.39,-1.7,-9.58,37.56,-0.01,0,0,,,,-0.395,-0.064,1.8,13.26,-0.01,,,
148.25,REGROUND,-43.43,-1.7,-9.58,37.58,-0.01,0,0,,,,-0.385,-0.063,2.3,13.26,-0.01,,,
148.3,REGROUND,-43.43,-1.7,-9.58,37.59,-0.01,0,0,,,,-0.395,-0.064,1.9,13.26,-0.01,,,
148.35,REGROUND,-43.43,-1.7,-9.58,37.6,-0.01,0,0,,,,-0.405,-0.066,1.8,13.26,-0.01,,,
148.4,REGROUND,-43.47,-1.7,-9.58,37.61,-0.01,0,0,,,,-0.395,-0.064,2.5,13.26,-0.01,,,
148.45,REGROUND,-43.47,-1.7,-9.58,37.63,-0.01,0,0,,,,-0.405,-0.066,1.8,13.26,-0.01,,,
148.5,REGROUND,-43.51,-1.7,-9.58,37.64,-0.01,0,0,,,,-0.396,-0.065,2.5,13.26,-0.01,,,
148.55,REGROUND,-43.55,-1.71,-9.58,37.65,-0.01,0,0,,,,-0.386,-0.063,2.4,13.26,-0.01,,,
148.6,REGROUND,-43.55,-1.71,-9.58,37.66,-0.01,0,0,,,,-0.396,-0.065,1.8,13.26,-0.01,,,
148.65,REGROUND,-43.59,-1.71,-9.58,37.68,-0.01,0,0,,,,-0.386,-0.063,2.4,13.26,-0.01,,,
148.7,REGROUND,-43.59,-1.71,-9.58,37.69,-0.01,0,0,,,,-0.396,-0.065,1.8,13.26,-0.01,,,
148.75,REGROUND,-43.63,-1.71,-9.58,37.7,-0.01,0,0,,,,-0.386,-0.063,2.4,13.26,-0.01,,,
148.8,REGROUND,-43.63,-1.71,-9.58,37.71,-0.01,0,0,,,,-0.396,-0.065,1.8,13.26,-0.01,,,
148.85,REGROUND,-43.67,-1.71,-9.58,37.73,-0.01,0,0,,,,-0.386,-0.063,2.3,13.26,-0.01,,,
148.9,REGROUND,-43.67,-1.71,-9.58,37.74,-0.01,0,0,,,,-0.396,-0.065,1.8,13.26,-0.01,,,
148.95,REGROUND,-43.67,-1.71,-9.58,37.75,-0.01,0,0,,,,-0.406,-0.067,1.8,13.26,-0.01,,,
149.0,REGROUND,-43.71,-1.71,-9.58,37.76,-0.01,0,0,,,,-0.396,-0.065,2.3,13.26,-0.01,,,
149.05,REGROUND,-43.71,-1.71,-9.58,37.78,-0.01,0,0,,,,-0.406,-0.067,2.0,13.26,-0.01,,,
149.1,REGROUND,-43.75,-1.71,-9.58,37.79,-0.01,0,0,,,,-0.396,-0.065,2.5,13.26,-0.01,,,
149.15,REGROUND,-43.79,-1.71,-9.58,37.8,-0.01,0,0,,,,-0.387,-0.064,2.5,13.26,-0.01,,,
149.2,REGROUND,-43.79,-1.71,-9.58,37.81,-0.01,0,0,,,,-0.397,-0.065,1.8,13.26,-0.01,,,
149.25,REGROUND,-43.83,-1.71,-9.58,37.83,-0.01,0,0,,,,-0.387,-0.064,2.5,13.26,-0.01,,,
149.3,REGROUND,-43.83,-1.71,-9.58,37.84,-0.01,0,0,,,,-0.397,-0.065,1.8,13.26,-0.01,,,
149.35,REGROUND,-43.87,-1.72,-9.58,37.85,-0.01,0,0,,,,-0.387,-0.063,2.5,13.26,-0.01,,,
149.4,REGROUND,-43.87,-1.72,-9.58,37.86,-0.01,0,0,,,,-0.397,-0.065,1.8,13.26,-0.01,,,
149.45,REGROUND,-43.91,-1.72,-9.58,37.88,-0.01,0,0,,,,-0.387,-0.063,2.3,13.26,-0.01,,,
149.5,REGROUND,-43.91,-1.72,-9.58,37.89,-0.01,0,0,,,,-0.397,-0.065,1.7,13.26,-0.01,,,
149.55,REGROUND,-43.95,-1.72,-9.58,37.9,-0.01,0,0,,,,-0.387,-0.063,2.4,13.26,-0.01,,,
149.6,REGROUND,-43.95,-1.72,-9.58,37.91,-0.01,0,0,,,,-0.397,-0.065,1.5,13.26,-0.01,,,
149.65,REGROUND,-43.95,-1.72,-9.58,37.93,-0.01,0,0,,,,-0.407,-0.066,1.8,13.26,-0.01,,,
149.7,REGROUND,-43.99,-1.72,-9.58,37.94,-0.01,0,0,,,,-0.397,-0.064,2.3,13.26,-0.01,,,
149.75,REGROUND,-44.03,-1.72,-9.58,37.95,-0.01,0,0,,,,-0.387,-0.063,2.3,13.26,-0.01,,,
149.8,REGROUND,-44.03,-1.72,-9.58,37.96,-0.01,0,0,,,,-0.397,-0.064,1.8,13.26,-0.01,,,
149.85,REGROUND,-44.07,-1.73,-9.58,37.98,-0.01,0,0,,,,-0.387,-0.063,2.5,13.26,-0.01,,,
149.9,REGROUND,-44.07,-1.73,-9.58,37.99,-0.01,0,0,,,,-0.397,-0.064,1.9,13.26,-0.01,,,
149.95,REGROUND,-44.11,-1.73,-9.58,38.0,-0.01,0,0,,,,-0.387,-0.062,4.1,13.26,-0.01,,,
