t_s,state,copter_n,copter_e,copter_d,rover_n,rover_e,in_fov,occluded,bbox_cx,bbox_cy,px_err,vx_cmd,vy_cmd,loop_ms,dist_n,dist_e,d_true_px,d_dist_px,carry_score
0.0,ACQUIRE,0.01,-0.01,-8.81,0.51,-0.01,1,0,,,,0.0,0.0,4.7,,,,,
0.05,ACQUIRE,0.01,-0.01,-8.92,0.54,-0.01,1,0,,,,0.0,0.0,1.6,,,,,
0.1,ACQUIRE,0.01,-0.01,-8.92,0.56,-0.01,1,0,,,,0.0,0.0,0.8,,,,,
0.15,ACQUIRE,0.01,-0.01,-9.03,0.59,-0.01,1,0,,,,0.0,0.0,1.4,,,,,
0.2,ACQUIRE,0.01,-0.01,-9.03,0.61,-0.01,1,0,,,,0.0,0.0,0.8,,,,,
0.25,ACQUIRE,0.01,-0.01,-9.13,0.64,-0.01,1,0,,,,0.0,0.0,1.3,,,,,
0.3,ACQUIRE,0.01,-0.01,-9.13,0.66,-0.01,1,0,,,,0.0,0.0,0.8,,,,,
0.35,ACQUIRE,0.01,-0.01,-9.22,0.69,-0.01,1,0,,,,0.7,0.08,2.6,,,,,
0.4,ACQUIRE,0.01,-0.01,-9.22,0.71,-0.01,1,0,,,,0.71,0.08,1.8,,,,,
0.45,ACQUIRE,0.01,-0.01,-9.3,0.74,-0.01,1,0,,,,0.73,0.08,2.5,,,,,
0.5,ACQUIRE,0.01,-0.01,-9.3,0.76,-0.01,1,0,,,,0.74,0.08,2.2,,,,,
0.55,ACQUIRE,0.01,-0.01,-9.37,0.79,-0.01,1,0,,,,0.75,0.09,2.8,,,,,
0.6,ACQUIRE,0.01,-0.01,-9.37,0.81,-0.01,1,0,,,,0.77,0.09,1.8,,,,,
0.65,ACQUIRE,0.01,-0.01,-9.44,0.84,-0.01,1,0,,,,0.77,0.09,2.3,,,,,
0.7,ACQUIRE,0.01,-0.01,-9.44,0.86,-0.01,1,0,,,,0.78,0.09,1.8,,,,,
0.75,ACQUIRE,0.03,-0.01,-9.49,0.89,-0.01,1,0,,,,0.78,0.08,2.2,,,,,
0.8,ACQUIRE,0.03,-0.01,-9.49,0.92,-0.01,1,0,,,,0.8,0.09,1.7,,,,,
0.85,ACQUIRE,0.05,-0.01,-9.53,0.94,-0.01,1,0,,,,0.93,0.11,2.1,,,,,
0.9,ACQUIRE,0.05,-0.01,-9.53,0.97,-0.01,1,0,,,,0.94,0.12,1.9,,,,,
0.95,ACQUIRE,0.08,-0.01,-9.55,0.99,-0.01,1,0,,,,0.93,0.1,2.3,,,,,
1.0,ACQUIRE,0.08,-0.01,-9.55,1.02,-0.01,1,0,,,,0.94,0.1,1.8,,,,,
1.05,ACQUIRE,0.12,-0.01,-9.57,1.04,-0.01,1,0,,,,0.9,0.11,2.2,,,,,
1.1,ACQUIRE,0.12,-0.01,-9.57,1.07,-0.01,1,0,,,,0.91,0.11,1.8,,,,,
1.15,ACQUIRE,0.18,-0.01,-9.58,1.09,-0.01,1,0,,,,0.86,0.1,2.5,,,,,
1.2,ACQUIRE,0.18,-0.01,-9.58,1.12,-0.01,1,0,,,,0.88,0.1,1.8,,,,,
1.25,ACQUIRE,0.24,-0.01,-9.58,1.14,-0.01,1,0,,,,0.83,0.1,2.4,,,,,
1.3,ACQUIRE,0.24,-0.01,-9.58,1.17,-0.01,1,0,,,,0.84,0.1,1.8,,,,,
1.35,ACQUIRE,0.3,-0.01,-9.58,1.19,-0.01,1,0,,,,0.92,0.11,2.4,,,,,
1.4,ACQUIRE,0.3,-0.01,-9.58,1.22,-0.01,1,0,,,,0.93,0.11,1.7,,,,,
1.45,ACQUIRE,0.37,-0.01,-9.58,1.24,-0.01,1,0,,,,0.87,0.11,2.3,,,,,
1.5,ACQUIRE,0.37,-0.01,-9.58,1.27,-0.01,1,0,,,,0.88,0.11,1.7,,,,,
1.55,ACQUIRE,0.45,-0.01,-9.57,1.29,-0.01,1,0,,,,0.8,0.1,2.4,,,,,
1.6,ACQUIRE,0.45,-0.01,-9.57,1.32,-0.01,1,0,,,,0.82,0.1,1.8,,,,,
1.65,ACQUIRE,0.53,-0.02,-9.56,1.34,-0.01,1,0,,,,0.75,0.09,2.3,,,,,
1.7,ACQUIRE,0.53,-0.02,-9.56,1.37,-0.01,1,0,,,,0.76,0.09,1.8,,,,,
1.75,ACQUIRE,0.61,-0.02,-9.56,1.39,-0.01,1,0,,,,0.68,0.09,2.2,,,,,
1.8,ACQUIRE,0.61,-0.02,-9.56,1.42,-0.01,1,0,,,,0.7,0.09,1.8,,,,,
1.85,ACQUIRE,0.69,-0.02,-9.55,1.44,-0.01,1,0,,,,0.75,0.1,2.2,,,,,
1.9,ACQUIRE,0.69,-0.02,-9.55,1.47,-0.01,1,0,,,,0.77,0.1,1.6,,,,,
1.95,ACQUIRE,0.77,-0.02,-9.55,1.49,-0.01,1,0,,,,0.69,0.08,2.4,,,,,
2.0,ACQUIRE,0.77,-0.02,-9.55,1.52,-0.01,1,0,,,,0.7,0.09,2.3,,,,,
2.05,ACQUIRE,0.86,-0.02,-9.54,1.54,-0.01,1,0,,,,0.63,0.08,2.4,,,,,
2.1,ACQUIRE,0.86,-0.02,-9.54,1.57,-0.01,1,0,,,,0.64,0.08,1.5,,,,,
2.15,ACQUIRE,0.94,-0.02,-9.54,1.59,-0.01,1,0,,,,0.56,0.07,2.2,,,,,
2.2,ACQUIRE,0.94,-0.02,-9.54,1.62,-0.01,1,0,,,,0.58,0.07,1.7,,,,,
2.25,ACQUIRE,1.01,-0.02,-9.54,1.64,-0.01,1,0,,,,0.5,0.07,2.5,,,,,
2.3,ACQUIRE,1.01,-0.02,-9.54,1.67,-0.01,1,0,,,,0.51,0.07,1.7,,,,,
2.35,ACQUIRE,1.09,-0.02,-9.53,1.69,-0.01,1,0,,,,0.58,0.08,2.4,,,,,
2.4,ACQUIRE,1.09,-0.02,-9.53,1.72,-0.01,1,0,,,,0.6,0.08,4.9,,,,,
2.45,ACQUIRE,1.16,-0.02,-9.53,1.74,-0.01,1,0,,,,0.53,0.06,2.4,,,,,
2.5,ACQUIRE,1.16,-0.02,-9.53,1.77,-0.01,1,0,,,,0.54,0.07,1.8,,,,,
2.55,ACQUIRE,1.23,-0.02,-9.53,1.79,-0.01,1,0,,,,0.48,0.06,2.2,,,,,
2.6,ACQUIRE,1.23,-0.02,-9.53,1.82,-0.01,1,0,,,,0.49,0.06,1.7,,,,,
2.65,ACQUIRE,1.3,-0.02,-9.53,1.84,-0.01,1,0,,,,0.43,0.05,2.4,,,,,
2.7,ACQUIRE,1.3,-0.02,-9.53,1.87,-0.01,1,0,,,,0.44,0.05,1.9,,,,,
2.75,ACQUIRE,1.37,-0.02,-9.54,1.89,-0.01,1,0,,,,0.39,0.05,2.4,,,,,
2.8,ACQUIRE,1.37,-0.02,-9.54,1.92,-0.01,1,0,,,,0.4,0.05,1.7,,,,,
2.85,ACQUIRE,1.43,-0.02,-9.54,1.94,-0.01,1,0,,,,0.49,0.07,2.3,,,,,
2.9,ACQUIRE,1.43,-0.02,-9.54,1.97,-0.01,1,0,,,,0.5,0.07,1.5,,,,,
2.95,ACQUIRE,1.49,-0.02,-9.54,1.99,-0.01,1,0,,,,0.44,0.06,2.3,,,,,
3.01,ACQUIRE,1.49,-0.02,-9.54,2.02,-0.01,1,0,,,,0.46,0.06,1.7,,,,,
3.06,ACQUIRE,1.54,-0.02,-9.54,2.04,-0.01,1,0,,,,0.41,0.06,2.5,,,,,
3.11,ACQUIRE,1.54,-0.02,-9.54,2.07,-0.01,1,0,,,,0.43,0.06,1.8,,,,,
3.16,ACQUIRE,1.6,-0.02,-9.54,2.09,-0.01,1,0,,,,0.38,0.06,2.5,,,,,
3.21,ACQUIRE,1.6,-0.02,-9.54,2.12,-0.01,1,0,,,,0.39,0.06,1.9,,,,,
3.26,ACQUIRE,1.65,-0.02,-9.55,2.14,-0.01,1,0,,,,0.35,0.05,2.5,,,,,
3.31,ACQUIRE,1.65,-0.02,-9.55,2.17,-0.01,1,0,,,,0.36,0.05,1.7,,,,,
3.36,ACQUIRE,1.7,-0.02,-9.55,2.19,-0.01,1,0,,,,0.46,0.06,2.4,,,,,
3.41,ACQUIRE,1.7,-0.02,-9.55,2.22,-0.01,1,0,,,,0.47,0.06,1.7,,,,,
3.46,ACQUIRE,1.75,-0.02,-9.55,2.24,-0.01,1,0,,,,0.43,0.06,2.4,,,,,
3.51,ACQUIRE,1.75,-0.02,-9.55,2.27,-0.01,1,0,,,,0.44,0.06,1.7,,,,,
3.56,ACQUIRE,1.8,-0.02,-9.55,2.29,-0.01,1,0,,,,0.41,0.06,2.3,,,,,
3.61,ACQUIRE,1.8,-0.02,-9.55,2.32,-0.01,1,0,,,,0.42,0.06,1.7,,,,,
3.66,ACQUIRE,1.84,-0.02,-9.55,2.34,-0.01,1,0,,,,0.38,0.05,2.4,,,,,
3.71,ACQUIRE,1.84,-0.02,-9.55,2.37,-0.01,1,0,,,,0.39,0.05,1.7,,,,,
3.76,ACQUIRE,1.89,-0.02,-9.55,2.39,-0.01,1,0,,,,0.35,0.05,2.5,,,,,
3.81,ACQUIRE,1.89,-0.02,-9.55,2.42,-0.01,1,0,,,,0.37,0.05,1.8,,,,,
3.86,ACQUIRE,1.94,-0.02,-9.56,2.44,-0.01,1,0,,,,0.47,0.07,2.4,,,,,
3.91,ACQUIRE,1.94,-0.02,-9.56,2.47,-0.01,1,0,,,,0.49,0.07,1.8,,,,,
3.96,ACQUIRE,1.98,-0.03,-9.56,2.49,-0.01,1,0,,,,0.46,0.07,2.5,,,,,
4.01,ACQUIRE,1.98,-0.03,-9.56,2.52,-0.01,1,0,,,,0.47,0.07,1.8,,,,,
4.06,ACQUIRE,2.03,-0.03,-9.56,2.54,-0.01,1,0,,,,0.43,0.07,2.2,,,,,
4.11,ACQUIRE,2.03,-0.03,-9.56,2.57,-0.01,1,0,,,,0.44,0.07,1.7,,,,,
4.16,ACQUIRE,2.07,-0.03,-9.56,2.59,-0.01,1,0,,,,0.4,0.06,2.5,,,,,
4.21,ACQUIRE,2.07,-0.03,-9.56,2.62,-0.01,1,0,,,,0.42,0.06,1.8,,,,,
4.26,ACQUIRE,2.11,-0.03,-9.56,2.64,-0.01,1,0,,,,0.39,0.06,2.4,,,,,
4.31,ACQUIRE,2.11,-0.03,-9.56,2.67,-0.01,1,0,,,,0.4,0.06,1.7,,,,,
4.36,ACQUIRE,2.16,-0.03,-9.56,2.69,-0.01,1,0,,,,0.51,0.08,2.2,,,,,
4.41,ACQUIRE,2.16,-0.03,-9.56,2.72,-0.01,1,0,,,,0.52,0.08,1.7,,,,,
4.46,ACQUIRE,2.2,-0.03,-9.56,2.74,-0.01,1,0,,,,0.48,0.07,2.4,,,,,
4.51,ACQUIRE,2.2,-0.03,-9.56,2.77,-0.01,1,0,,,,0.5,0.07,1.8,,,,,
4.56,ACQUIRE,2.25,-0.03,-9.56,2.79,-0.01,1,0,,,,0.45,0.06,2.9,,,,,
4.61,ACQUIRE,2.25,-0.03,-9.56,2.82,-0.01,1,0,,,,0.47,0.06,1.8,,,,,
4.66,ACQUIRE,2.29,-0.03,-9.56,2.84,-0.01,1,0,,,,0.44,0.06,2.5,,,,,
4.71,CARRY,2.29,-0.03,-9.56,2.87,-0.01,1,0,,,,-0.275,0.093,616.0,,,,,
5.32,CARRY,2.57,-0.03,-9.57,3.18,-0.01,1,0,325.0,205.5,34.9,0.69,0.1,56.9,,,,,10.562
5.38,CARRY,2.61,-0.03,-9.57,3.21,-0.01,1,0,325.0,206.5,33.9,0.67,0.1,48.7,,,,,10.562
5.43,CARRY,2.61,-0.03,-9.57,3.23,-0.01,1,0,325.5,205.0,35.4,0.7,0.11,54.3,,,,,10.625
5.49,CARRY,2.66,-0.02,-9.57,3.26,-0.01,1,0,325.0,205.5,34.9,0.69,0.1,48.6,,,,,10.688
5.54,CARRY,2.66,-0.02,-9.57,3.28,-0.01,1,0,325.5,204.5,35.9,0.71,0.11,54.7,,,,,10.688
5.59,CARRY,2.7,-0.02,-9.57,3.31,-0.01,1,0,325.0,205.5,34.9,0.69,0.1,49.7,,,,,10.562
5.64,CARRY,2.75,-0.02,-9.57,3.34,-0.01,1,0,324.5,206.5,33.8,0.67,0.09,55.0,,,,,10.5
5.7,CARRY,2.75,-0.02,-9.57,3.36,-0.01,1,0,325.0,205.0,35.4,0.7,0.1,47.9,,,,,10.438
5.75,CARRY,2.79,-0.02,-9.57,3.39,-0.01,1,0,324.0,206.0,34.2,0.68,0.08,55.4,,,,,10.438
5.81,CARRY,2.79,-0.02,-9.57,3.42,-0.01,1,0,325.0,205.0,35.4,0.7,0.1,48.1,,,,,10.625
5.86,CARRY,2.84,-0.02,-9.57,3.44,-0.01,1,0,324.5,205.5,34.8,0.69,0.09,54.4,,,,,10.5
5.91,CARRY,2.84,-0.02,-9.57,3.47,-0.01,1,0,325.0,204.0,36.3,0.72,0.1,48.0,,,,,10.625
5.96,CARRY,2.9,-0.02,-9.57,3.5,-0.01,1,0,324.5,206.0,34.3,0.68,0.09,54.9,,,,,10.5
6.02,CARRY,2.9,-0.02,-9.57,3.52,-0.01,1,0,324.5,204.5,35.8,0.71,0.09,48.5,,,,,10.5
6.07,CARRY,2.96,-0.02,-9.57,3.55,-0.01,1,0,324.5,206.0,34.3,0.68,0.09,55.3,,,,,10.375
6.12,CARRY,2.96,-0.02,-9.57,3.58,-0.01,1,0,324.5,204.5,35.8,0.71,0.09,48.2,,,,,10.375
6.17,CARRY,3.02,-0.02,-9.57,3.6,-0.01,1,0,324.5,206.5,33.8,0.67,0.09,54.8,,,,,10.312
6.23,CARRY,3.02,-0.02,-9.57,3.63,-0.01,1,0,324.5,205.0,35.3,0.7,0.09,47.9,,,,,10.375
6.28,CARRY,3.08,-0.02,-9.57,3.65,-0.01,1,0,324.5,207.0,33.3,0.66,0.09,54.6,,,,,10.312
6.34,CARRY,3.08,-0.02,-9.57,3.68,-0.01,1,0,324.5,205.5,34.8,0.69,0.09,48.4,,,,,10.438
6.39,CARRY,3.15,-0.02,-9.57,3.71,-0.01,1,0,324.5,207.5,32.8,0.65,0.09,54.6,,,,,10.438
6.44,CARRY,3.21,-0.01,-9.57,3.73,-0.01,1,0,323.5,210.0,30.2,0.6,0.07,48.4,,,,,10.438
6.49,CARRY,3.21,-0.01,-9.57,3.76,-0.01,1,0,324.5,208.5,31.8,0.63,0.09,55.0,,,,,10.562
6.55,CARRY,3.28,-0.01,-9.57,3.79,-0.01,1,0,323.5,210.5,29.7,0.59,0.07,49.5,,,,,10.562
6.6,CARRY,3.28,-0.01,-9.57,3.81,-0.01,1,0,323.5,209.5,30.7,0.61,0.07,55.2,,,,,10.625
6.65,CARRY,3.34,-0.01,-9.57,3.84,-0.01,1,0,323.5,211.5,28.7,0.57,0.07,50.9,,,,,10.625
6.71,CARRY,3.34,-0.01,-9.57,3.87,-0.01,1,0,323.5,210.0,30.2,0.6,0.07,55.1,,,,,10.562
6.76,CARRY,3.41,-0.01,-9.57,3.9,-0.01,1,0,323.5,212.0,28.2,0.56,0.07,49.7,,,,,10.688
6.81,CARRY,3.41,-0.01,-9.57,3.92,-0.01,1,0,323.5,210.5,29.7,0.59,0.07,54.8,,,,,10.625
6.87,CARRY,3.47,-0.01,-9.57,3.95,-0.01,1,0,323.5,212.5,27.7,0.55,0.07,49.2,,,,,10.625
6.92,CARRY,3.47,-0.01,-9.57,3.97,-0.01,1,0,323.5,211.5,28.7,0.57,0.07,54.4,,,,,10.625
6.97,CARRY,3.54,-0.01,-9.57,4.0,-0.01,1,0,323.5,213.5,26.7,0.53,0.07,49.7,,,,,10.688
7.02,CARRY,3.54,-0.01,-9.57,4.03,-0.01,1,0,323.5,212.0,28.2,0.56,0.07,54.7,,,,,10.75
7.08,CARRY,3.6,-0.01,-9.57,4.05,-0.01,1,0,323.5,214.0,26.2,0.52,0.07,48.9,,,,,10.688
7.13,CARRY,3.6,-0.01,-9.57,4.08,-0.01,1,0,323.5,212.5,27.7,0.55,0.07,54.8,,,,,10.75
7.19,CARRY,3.66,-0.01,-9.57,4.11,-0.01,1,0,323.5,214.5,25.7,0.51,0.07,49.0,,,,,10.625
7.24,CARRY,3.66,-0.01,-9.57,4.13,-0.01,1,0,323.5,213.0,27.2,0.54,0.07,53.9,,,,,10.75
7.29,CARRY,3.72,-0.01,-9.57,4.16,-0.01,1,0,323.0,215.0,25.2,0.5,0.06,48.7,,,,,10.688
7.34,CARRY,3.72,-0.01,-9.57,4.18,-0.01,1,0,323.5,213.5,26.7,0.53,0.07,54.2,,,,,10.688
7.4,CARRY,3.78,-0.01,-9.57,4.21,-0.01,1,0,322.5,215.5,24.6,0.49,0.05,49.4,,,,,10.812
7.45,CARRY,3.84,-0.01,-9.57,4.24,-0.01,1,0,322.5,217.0,23.1,0.46,0.05,55.0,,,,,10.625
7.5,CARRY,3.84,-0.01,-9.57,4.27,-0.01,1,0,322.5,215.5,24.6,0.49,0.05,48.0,,,,,10.812
7.55,CARRY,3.9,-0.01,-9.57,4.29,-0.01,1,0,322.5,217.5,22.6,0.45,0.05,55.5,,,,,10.875
7.61,CARRY,3.9,-0.01,-9.57,4.32,-0.01,1,0,322.5,215.5,24.6,0.49,0.05,48.3,,,,,10.875
7.66,CARRY,3.95,-0.01,-9.58,4.34,-0.01,1,0,322.5,217.5,22.6,0.45,0.05,54.9,,,,,11.062
7.71,CARRY,3.95,-0.01,-9.58,4.37,-0.01,1,0,322.5,215.5,24.6,0.49,0.05,48.5,,,,,11.062
7.76,CARRY,4.01,-0.01,-9.58,4.4,-0.01,1,0,322.5,217.5,22.6,0.45,0.05,55.2,,,,,11.062
7.82,CARRY,4.01,-0.01,-9.58,4.42,-0.01,1,0,322.0,216.5,23.6,0.47,0.04,48.1,,,,,10.688
7.87,CARRY,4.06,-0.01,-9.58,4.45,-0.01,1,0,322.0,218.0,22.1,0.44,0.04,55.0,,,,,10.812
7.93,CARRY,4.06,-0.01,-9.58,4.48,-0.01,1,0,322.5,284.0,44.1,-0.88,0.05,49.1,,,,,10.688
7.98,CARRY,4.11,-0.01,-9.58,4.5,-0.01,1,0,322.0,218.0,22.1,0.44,0.04,54.9,,,,,10.375
8.03,CARRY,4.11,-0.01,-9.58,4.53,-0.01,1,0,322.0,216.0,24.1,0.48,0.04,48.7,,,,,10.438
8.08,CARRY,4.16,-0.01,-9.58,4.56,-0.01,1,0,322.0,218.0,22.1,0.44,0.04,54.6,,,,,10.5
8.14,CARRY,4.16,-0.01,-9.58,4.58,-0.01,1,0,322.5,216.0,24.1,0.48,0.05,48.5,,,,,10.25
8.19,CARRY,4.21,-0.01,-9.58,4.61,-0.01,1,0,322.5,217.5,22.6,0.45,0.05,55.3,,,,,10.438
8.25,CARRY,4.26,-0.01,-9.58,4.64,-0.01,1,0,322.5,218.5,21.6,0.43,0.05,49.0,,,,,10.5
8.3,CARRY,4.26,-0.01,-9.58,4.66,-0.01,1,0,322.0,217.0,23.1,0.46,0.04,54.2,,,,,10.438
8.35,CARRY,4.3,-0.01,-9.58,4.69,-0.01,1,0,322.5,218.0,22.1,0.44,0.05,49.2,,,,,10.312
8.4,CARRY,4.3,-0.01,-9.58,4.71,-0.01,1,0,322.5,217.0,23.1,0.46,0.05,54.0,,,,,10.188
8.46,CARRY,4.35,-0.01,-9.58,4.74,-0.01,1,0,322.5,217.5,22.6,0.45,0.05,49.4,,,,,10.125
8.51,CARRY,4.35,-0.01,-9.58,4.77,-0.01,1,0,322.5,216.5,23.6,0.47,0.05,54.6,,,,,9.938
8.56,CARRY,4.39,-0.01,-9.58,4.79,-0.01,1,0,322.5,217.5,22.6,0.45,0.05,48.7,,,,,9.875
8.61,CARRY,4.39,-0.01,-9.58,4.82,-0.01,1,0,322.5,216.0,24.1,0.48,0.05,54.7,,,,,9.75
8.67,CARRY,4.44,-0.01,-9.58,4.85,-0.01,1,0,322.5,216.5,23.6,0.47,0.05,49.6,,,,,9.812
8.72,CARRY,4.44,-0.01,-9.58,4.87,-0.01,1,0,322.5,215.5,24.6,0.49,0.05,54.2,,,,,9.688
8.77,CARRY,4.49,-0.01,-9.58,4.9,-0.01,1,0,322.5,216.5,23.6,0.47,0.05,49.7,,,,,9.75
8.82,CARRY,4.49,-0.01,-9.58,4.93,-0.01,1,0,323.0,215.0,25.2,0.5,0.06,54.5,,,,,9.812
8.88,CARRY,4.53,-0.01,-9.58,4.95,-0.01,1,0,322.5,216.0,24.1,0.48,0.05,49.4,,,,,9.875
8.93,CARRY,4.53,-0.01,-9.58,4.98,-0.01,1,0,323.5,214.5,25.7,0.51,0.07,54.7,,,,,9.75
8.98,CARRY,4.58,-0.01,-9.58,5.01,-0.01,1,0,323.0,215.5,24.7,0.49,0.06,49.2,,,,,9.812
9.04,CARRY,4.58,-0.01,-9.58,5.03,-0.01,1,0,323.5,214.5,25.7,0.51,0.07,54.0,,,,,9.688
9.09,CARRY,4.62,-0.01,-9.58,5.06,-0.01,1,0,323.5,215.5,24.7,0.49,0.07,49.1,,,,,9.688
9.14,CARRY,4.67,-0.01,-9.58,5.08,-0.01,1,0,322.5,216.5,23.6,0.47,0.05,54.0,,,,,9.688
9.2,CARRY,4.67,-0.01,-9.58,5.11,-0.01,1,0,323.5,215.0,25.2,0.5,0.07,48.2,,,,,9.5
9.25,CARRY,4.72,-0.01,-9.58,5.14,-0.01,1,0,323.0,216.5,23.7,0.47,0.06,54.8,,,,,9.5
9.3,CARRY,4.72,-0.01,-9.58,5.16,-0.01,1,0,323.5,214.5,25.7,0.51,0.07,48.0,,,,,9.375
9.35,CARRY,4.77,-0.01,-9.58,5.19,-0.01,1,0,323.5,216.0,24.3,0.48,0.07,55.0,,,,,9.5
9.41,CARRY,4.77,-0.01,-9.58,5.22,-0.01,1,0,323.5,214.5,25.7,0.51,0.07,48.2,,,,,9.375
9.46,CARRY,4.82,-0.01,-9.58,5.24,-0.01,1,0,323.5,216.0,24.3,0.48,0.07,54.1,,,,,9.5
9.51,CARRY,4.82,-0.01,-9.58,5.27,-0.01,1,0,323.5,214.0,26.2,0.52,0.07,48.1,,,,,9.438
9.56,CARRY,4.87,-0.01,-9.58,5.3,-0.01,1,0,323.5,215.5,24.7,0.49,0.07,54.8,,,,,9.5
9.62,CARRY,4.87,-0.01,-9.58,5.32,-0.01,1,0,323.5,213.5,26.7,0.53,0.07,48.4,,,,,9.438
9.67,CARRY,4.92,-0.01,-9.58,5.35,-0.01,1,0,323.5,215.5,24.7,0.49,0.07,54.5,,,,,9.5
9.72,CARRY,4.92,-0.01,-9.58,5.38,-0.01,1,0,323.5,214.0,26.2,0.52,0.07,48.1,,,,,9.438
9.77,CARRY,4.97,-0.01,-9.58,5.4,-0.01,1,0,323.5,215.5,24.7,0.49,0.07,55.0,,,,,9.438
9.83,CARRY,4.97,-0.01,-9.58,5.43,-0.01,1,0,323.5,213.5,26.7,0.53,0.07,48.4,,,,,9.438
9.88,CARRY,5.01,-0.01,-9.58,5.45,-0.01,1,0,323.5,215.0,25.2,0.5,0.07,54.0,,,,,9.5
9.93,CARRY,5.01,-0.01,-9.58,5.48,-0.01,1,0,323.5,213.5,26.7,0.53,0.07,48.3,,,,,9.438
9.98,CARRY,5.07,-0.01,-9.58,5.51,-0.01,1,0,323.5,215.0,25.2,0.5,0.07,54.9,,,,,9.562
10.04,CARRY,5.07,-0.01,-9.58,5.53,-0.01,1,0,323.5,213.5,26.7,0.53,0.07,48.1,,,,,9.5
10.09,CARRY,5.12,-0.01,-9.58,5.56,-0.01,1,0,323.5,214.5,25.7,0.51,0.07,55.2,,,,,9.438
10.15,CARRY,5.17,-0.01,-9.58,5.59,-0.01,1,0,323.0,216.0,24.2,0.48,0.06,49.1,,,,,9.625
10.2,CARRY,5.17,-0.01,-9.58,5.61,-0.01,1,0,323.5,214.5,25.7,0.51,0.07,54.3,,,,,9.5
10.25,CARRY,5.22,-0.01,-9.58,5.64,-0.01,1,0,323.0,216.0,24.2,0.48,0.06,49.3,,,,,9.625
10.3,CARRY,5.22,-0.01,-9.58,5.67,-0.01,1,0,323.5,214.5,25.7,0.51,0.07,54.3,,,,,9.5
10.36,CARRY,5.27,-0.01,-9.58,5.69,-0.01,1,0,323.0,216.0,24.2,0.48,0.06,49.2,,,,,9.625
10.41,CARRY,5.27,-0.01,-9.58,5.72,-0.01,1,0,323.5,214.5,25.7,0.51,0.07,48.8,,,,,9.562
10.46,CARRY,5.32,-0.01,-9.58,5.74,-0.01,1,0,322.5,216.0,24.1,0.48,0.05,50.8,,,,,9.625
10.51,CARRY,5.32,-0.01,-9.58,5.77,-0.01,1,0,323.5,215.0,25.2,0.5,0.07,49.3,,,,,9.562
10.56,CARRY,5.37,-0.01,-9.58,5.79,-0.01,1,0,322.5,215.5,24.6,0.49,0.05,50.1,,,,,9.625
10.61,CARRY,5.37,-0.01,-9.58,5.82,-0.01,1,0,323.5,214.5,25.7,0.51,0.07,50.4,,,,,9.5
10.66,CARRY,5.42,-0.01,-9.58,5.85,-0.01,1,0,322.5,215.5,24.6,0.49,0.05,50.6,,,,,9.688
10.71,CARRY,5.42,-0.01,-9.58,5.87,-0.01,1,0,323.5,214.5,25.7,0.51,0.07,50.2,,,,,9.625
10.77,CARRY,5.47,-0.01,-9.58,5.9,-0.01,1,0,323.0,216.0,24.2,0.48,0.06,50.6,,,,,9.625
10.82,CARRY,5.47,-0.01,-9.58,5.92,-0.01,1,0,323.5,214.0,26.2,0.52,0.07,50.0,,,,,9.562
10.87,CARRY,5.52,-0.01,-9.58,5.95,-0.01,1,0,323.0,216.0,24.2,0.48,0.06,50.8,,,,,9.562
10.92,CARRY,5.52,-0.01,-9.58,5.97,-0.01,1,0,323.5,214.5,25.7,0.51,0.07,50.0,,,,,9.5
10.97,CARRY,5.57,-0.01,-9.58,6.0,-0.01,1,0,323.0,215.5,24.7,0.49,0.06,51.1,,,,,9.5
11.02,CARRY,5.57,-0.01,-9.58,6.03,-0.01,1,0,323.5,214.5,25.7,0.51,0.07,50.0,,,,,9.438
11.07,CARRY,5.62,-0.01,-9.58,6.05,-0.01,1,0,323.0,215.5,24.7,0.49,0.06,50.9,,,,,9.562
11.13,CARRY,5.62,-0.01,-9.58,6.08,-0.01,1,0,323.5,214.0,26.2,0.52,0.07,50.0,,,,,9.562
11.18,CARRY,5.67,-0.01,-9.58,6.1,-0.01,1,0,323.5,215.5,24.7,0.49,0.07,50.7,,,,,9.625
11.23,CARRY,5.67,-0.01,-9.58,6.13,-0.01,1,0,323.5,214.0,26.2,0.52,0.07,50.0,,,,,9.625
11.28,CARRY,5.72,-0.01,-9.58,6.15,-0.01,1,0,323.5,216.0,24.3,0.48,0.07,50.5,,,,,9.75
11.33,CARRY,5.72,-0.01,-9.58,6.18,-0.01,1,0,323.5,215.0,25.2,0.5,0.07,50.3,,,,,9.75
11.38,CARRY,5.77,-0.01,-9.58,6.21,-0.01,1,0,323.5,215.5,24.7,0.49,0.07,50.6,,,,,9.75
11.43,CARRY,5.77,-0.01,-9.58,6.23,-0.01,1,0,323.5,213.5,26.7,0.53,0.07,50.3,,,,,9.875
11.48,CARRY,5.82,-0.01,-9.58,6.26,-0.01,1,0,323.5,215.5,24.7,0.49,0.07,50.6,,,,,9.875
11.54,CARRY,5.82,-0.01,-9.58,6.28,-0.01,1,0,323.5,216.0,24.3,0.48,0.07,50.0,,,,,9.938
11.59,CARRY,5.87,-0.01,-9.58,6.31,-0.01,1,0,323.5,215.5,24.7,0.49,0.07,50.6,,,,,9.938
11.64,CARRY,5.92,-0.01,-9.58,6.33,-0.01,1,0,322.5,216.5,23.6,0.47,0.05,50.6,,,,,10.0
11.69,CARRY,5.92,-0.01,-9.58,6.36,-0.01,1,0,323.5,215.0,25.2,0.5,0.07,50.3,,,,,10.0
11.74,CARRY,5.97,-0.01,-9.58,6.39,-0.01,1,0,322.5,224.0,16.2,0.32,0.05,50.8,,,,,10.062
11.79,CARRY,5.97,-0.01,-9.58,6.41,-0.01,1,0,323.5,223.0,17.4,0.34,0.07,50.3,,,,,10.125
11.85,CARRY,6.02,-0.01,-9.58,6.44,-0.01,1,0,322.5,224.5,15.7,0.31,0.05,50.5,,,,,10.125
11.9,CARRY,6.02,-0.01,-9.58,6.46,-0.01,1,0,323.5,224.0,16.4,0.32,0.07,50.0,,,,,10.062
11.95,CARRY,6.07,-0.01,-9.58,6.49,-0.01,1,0,322.5,226.0,14.2,0.28,0.05,50.5,,,,,10.062
12.0,CARRY,6.07,-0.01,-9.58,6.51,-0.01,1,0,323.5,226.5,13.9,0.27,0.07,49.8,,,,,10.062
12.05,CARRY,6.12,-0.01,-9.58,6.54,-0.01,1,0,322.5,215.5,24.6,0.49,0.05,51.0,,,,,10.25
12.1,CARRY,6.12,-0.01,-9.58,6.57,-0.01,1,0,323.5,227.5,13.0,0.25,0.07,50.1,,,,,10.062
12.15,CARRY,6.16,-0.01,-9.58,6.59,-0.01,1,0,322.5,215.5,24.6,0.49,0.05,51.1,,,,,10.188
12.21,CARRY,6.16,-0.01,-9.58,6.62,-0.01,1,0,323.5,228.0,12.5,0.24,0.07,50.1,,,,,10.0
12.26,CARRY,6.21,-0.01,-9.58,6.64,-0.01,1,0,322.5,230.5,9.8,0.19,0.05,50.8,,,,,10.25
12.31,CARRY,6.21,-0.01,-9.58,6.67,-0.01,1,0,323.5,213.5,26.7,0.53,0.07,50.1,,,,,10.312
12.36,CARRY,6.25,-0.01,-9.58,6.69,-0.01,1,0,322.5,230.5,9.8,0.19,0.05,50.7,,,,,10.125
12.41,CARRY,6.25,-0.01,-9.58,6.72,-0.01,1,0,323.5,231.0,9.7,0.18,0.07,50.7,,,,,10.25
12.46,CARRY,6.28,-0.0,-9.58,6.75,-0.01,1,0,322.5,232.0,8.4,0.16,0.05,50.9,,,,,10.25
12.51,CARRY,6.28,-0.0,-9.58,6.77,-0.01,1,0,323.5,212.0,28.2,0.56,0.07,49.3,,,,,10.375
12.56,CARRY,6.32,-0.0,-9.58,6.8,-0.01,1,0,322.5,232.5,7.9,0.15,0.05,50.5,,,,,10.25
12.62,CARRY,6.32,-0.0,-9.58,6.82,-0.01,1,0,323.5,211.5,28.7,0.57,0.07,50.1,,,,,10.312
12.67,CARRY,6.35,-0.0,-9.58,6.85,-0.01,1,0,322.5,211.5,28.6,0.57,0.05,49.5,,,,,10.312
12.72,CARRY,6.35,-0.0,-9.58,6.87,-0.01,1,0,323.5,210.5,29.7,0.59,0.07,49.7,,,,,10.312
12.77,CARRY,6.38,0.0,-9.58,6.9,-0.01,1,0,322.5,233.5,7.0,0.13,0.05,51.3,,,,,10.25
12.82,CARRY,6.38,0.0,-9.58,6.92,-0.01,1,0,323.5,232.0,8.7,0.16,0.07,50.4,,,,,10.375
12.87,CARRY,6.41,0.0,-9.58,6.95,-0.01,1,0,322.5,209.0,31.1,0.62,0.05,51.6,,,,,10.5
12.92,CARRY,6.41,0.0,-9.58,6.98,-0.01,1,0,323.5,208.0,32.2,0.64,0.07,51.0,,,,,10.25
12.98,CARRY,6.44,0.01,-9.58,7.0,-0.01,1,0,323.5,208.0,32.2,0.64,0.07,51.0,,,,,10.312
13.03,CARRY,6.44,0.01,-9.58,7.03,-0.01,1,0,323.5,206.0,34.2,0.68,0.07,50.7,,,,,10.25
13.08,CARRY,6.47,0.01,-9.58,7.05,-0.01,1,0,323.5,233.5,7.4,0.13,0.07,50.3,,,,,10.25
13.13,CARRY,6.47,0.01,-9.58,7.08,-0.01,1,0,323.5,205.0,35.2,0.7,0.07,50.4,,,,,10.438
13.18,CARRY,6.5,0.01,-9.58,7.11,-0.01,1,0,323.5,205.5,34.7,0.69,0.07,50.5,,,,,10.312
13.23,CARRY,6.5,0.01,-9.58,7.13,-0.01,1,0,323.5,204.0,36.2,0.72,0.07,50.1,,,,,10.25
13.29,CARRY,6.54,0.01,-9.58,7.16,-0.01,1,0,323.5,205.0,35.2,0.7,0.07,50.5,,,,,10.062
13.34,CARRY,6.54,0.01,-9.58,7.18,-0.01,1,0,323.5,203.5,36.7,0.73,0.07,50.5,,,,,9.938
13.39,CARRY,6.58,0.01,-9.58,7.21,-0.01,1,0,323.5,204.5,35.7,0.71,0.07,51.6,,,,,10.0
13.44,CARRY,6.63,0.01,-9.58,7.23,-0.01,1,0,323.0,205.5,34.6,0.69,0.06,49.9,,,,,9.75
13.49,CARRY,6.63,0.01,-9.58,7.26,-0.01,1,0,323.5,204.0,36.2,0.72,0.07,50.1,,,,,9.812
13.54,CARRY,6.69,0.01,-9.58,7.29,-0.01,1,0,323.0,205.5,34.6,0.69,0.06,50.5,,,,,9.625
13.6,CARRY,6.69,0.01,-9.58,7.31,-0.01,1,0,323.5,204.5,35.7,0.71,0.07,50.2,,,,,9.688
13.65,CARRY,6.74,0.01,-9.58,7.34,-0.01,1,0,323.0,205.5,34.6,0.69,0.06,50.6,,,,,9.625
13.7,CARRY,6.74,0.01,-9.58,7.36,-0.01,1,0,323.5,204.5,35.7,0.71,0.07,49.2,,,,,9.688
13.75,CARRY,6.8,0.01,-9.58,7.39,-0.01,1,0,323.0,207.0,33.1,0.66,0.06,50.8,,,,,9.562
13.8,CARRY,6.8,0.01,-9.58,7.41,-0.01,1,0,323.5,205.0,35.2,0.7,0.07,48.3,,,,,9.625
13.85,CARRY,6.86,0.01,-9.58,7.44,-0.01,1,0,323.0,207.5,32.6,0.65,0.06,50.1,,,,,9.562
13.9,CARRY,6.86,0.01,-9.58,7.46,-0.01,1,0,323.5,205.5,34.7,0.69,0.07,48.3,,,,,9.625
13.95,CARRY,6.93,0.01,-9.58,7.49,-0.01,1,0,323.0,208.0,32.1,0.64,0.06,50.7,,,,,9.688
14.0,CARRY,6.93,0.01,-9.58,7.52,-0.01,1,0,323.5,206.0,34.2,0.68,0.07,50.6,,,,,9.688
14.05,CARRY,6.99,0.0,-9.58,7.54,-0.01,1,0,323.0,208.5,31.6,0.63,0.06,51.5,,,,,9.562
14.11,CARRY,6.99,0.0,-9.58,7.57,-0.01,1,0,323.5,207.5,32.7,0.65,0.07,49.9,,,,,9.5
14.16,CARRY,7.06,0.0,-9.58,7.59,-0.01,1,0,323.0,209.5,30.6,0.61,0.06,50.4,,,,,9.562
14.21,CARRY,7.06,0.0,-9.58,7.62,-0.01,1,0,323.5,208.0,32.2,0.64,0.07,50.1,,,,,9.5
14.26,CARRY,7.13,0.0,-9.58,7.64,-0.01,1,0,323.0,210.5,29.7,0.59,0.06,50.2,,,,,9.5
14.31,CARRY,7.13,0.0,-9.58,7.67,-0.01,1,0,323.5,209.0,31.2,0.62,0.07,50.4,,,,,9.5
14.36,CARRY,7.19,-0.0,-9.58,7.7,-0.01,1,0,323.0,211.5,28.7,0.57,0.06,50.9,,,,,9.562
14.41,CARRY,7.19,-0.0,-9.58,7.72,-0.01,1,0,323.5,210.0,30.2,0.6,0.07,50.2,,,,,9.562
14.47,CARRY,7.26,-0.0,-9.58,7.75,-0.01,1,0,323.0,212.5,27.7,0.55,0.06,50.4,,,,,9.5
14.52,CARRY,7.26,-0.0,-9.58,7.77,-0.01,1,0,323.5,211.0,29.2,0.58,0.07,49.7,,,,,9.5
14.57,CARRY,7.32,-0.0,-9.58,7.8,-0.01,1,0,323.0,213.0,27.2,0.54,0.06,50.6,,,,,9.438
14.62,CARRY,7.32,-0.0,-9.58,7.82,-0.01,1,0,323.5,211.5,28.7,0.57,0.07,49.7,,,,,9.562
14.67,CARRY,7.39,-0.01,-9.58,7.85,-0.01,1,0,323.0,214.0,26.2,0.52,0.06,50.3,,,,,9.5
14.72,CARRY,7.39,-0.01,-9.58,7.87,-0.01,1,0,323.5,212.5,27.7,0.55,0.07,50.5,,,,,9.562
14.77,CARRY,7.45,-0.01,-9.58,7.9,-0.01,1,0,323.0,214.5,25.7,0.51,0.06,51.5,,,,,9.438
14.83,CARRY,7.45,-0.01,-9.58,7.93,-0.01,1,0,323.5,213.0,27.2,0.54,0.07,48.5,,,,,9.5
14.88,CARRY,7.51,-0.01,-9.58,7.95,-0.01,1,0,323.0,215.0,25.2,0.5,0.06,50.3,,,,,9.5
14.93,CARRY,7.51,-0.01,-9.58,7.98,-0.01,1,0,323.5,213.5,26.7,0.53,0.07,49.7,,,,,9.5
14.98,CARRY,7.57,-0.01,-9.58,8.0,-0.01,1,0,323.0,215.5,24.7,0.49,0.06,50.4,,,,,9.5
15.03,CARRY,7.57,-0.01,-9.58,8.03,-0.01,1,0,323.5,213.5,26.7,0.53,0.07,49.9,,,,,9.5
15.08,CARRY,7.63,-0.01,-9.58,8.05,-0.01,1,0,322.5,216.0,24.1,0.48,0.05,50.3,,,,,9.5
15.13,CARRY,7.63,-0.01,-9.58,8.08,-0.01,1,0,323.5,214.5,25.7,0.51,0.07,50.4,,,,,9.438
15.18,CARRY,7.69,-0.01,-9.58,8.11,-0.01,1,0,322.5,216.5,23.6,0.47,0.05,50.6,,,,,9.5
15.23,CARRY,7.69,-0.01,-9.58,8.13,-0.01,1,0,323.0,215.0,25.2,0.5,0.06,50.2,,,,,9.5
15.28,CARRY,7.74,-0.01,-9.58,8.16,-0.01,1,0,322.5,216.5,23.6,0.47,0.05,50.5,,,,,9.625
15.34,CARRY,7.74,-0.01,-9.58,8.18,-0.01,1,0,323.0,215.0,25.2,0.5,0.06,49.9,,,,,9.562
15.39,CARRY,7.8,-0.01,-9.58,8.21,-0.01,1,0,322.5,216.5,23.6,0.47,0.05,50.5,,,,,9.5
15.44,CARRY,7.85,-0.01,-9.58,8.23,-0.01,1,0,322.5,218.5,21.6,0.43,0.05,50.4,,,,,9.625
15.49,CARRY,7.85,-0.01,-9.58,8.26,-0.01,1,0,322.5,216.5,23.6,0.47,0.05,50.3,,,,,9.625
15.54,CARRY,7.91,-0.01,-9.58,8.28,-0.01,1,0,322.5,218.5,21.6,0.43,0.05,50.5,,,,,9.688
15.59,CARRY,7.91,-0.01,-9.58,8.31,-0.01,1,0,322.5,217.0,23.1,0.46,0.05,50.5,,,,,9.625
15.64,CARRY,7.96,-0.01,-9.58,8.34,-0.01,1,0,322.5,218.5,21.6,0.43,0.05,49.7,,,,,9.688
15.69,CARRY,7.96,-0.01,-9.58,8.36,-0.01,1,0,322.5,217.0,23.1,0.46,0.05,47.8,,,,,9.688
15.74,CARRY,8.01,-0.01,-9.58,8.39,-0.01,1,0,322.5,218.5,21.6,0.43,0.05,50.5,,,,,9.75
15.8,CARRY,8.01,-0.01,-9.58,8.41,-0.01,1,0,322.5,216.5,23.6,0.47,0.05,48.3,,,,,9.75
15.85,CARRY,8.06,-0.01,-9.58,8.44,-0.01,1,0,322.5,218.5,21.6,0.43,0.05,50.7,,,,,9.688
15.9,CARRY,8.06,-0.01,-9.58,8.46,-0.01,1,0,322.5,216.5,23.6,0.47,0.05,50.1,,,,,9.625
15.95,CARRY,8.11,-0.01,-9.58,8.49,-0.01,1,0,322.5,218.5,21.6,0.43,0.05,52.2,,,,,9.688
16.0,CARRY,8.11,-0.01,-9.58,8.52,-0.01,1,0,322.5,216.5,23.6,0.47,0.05,51.1,,,,,9.625
16.05,CARRY,8.15,-0.01,-9.58,8.54,-0.01,1,0,322.5,218.0,22.1,0.44,0.05,51.8,,,,,9.688
16.11,CARRY,8.15,-0.01,-9.58,8.57,-0.01,1,0,322.5,216.5,23.6,0.47,0.05,51.1,,,,,9.625
16.16,CARRY,8.2,-0.01,-9.58,8.59,-0.01,1,0,322.5,217.5,22.6,0.45,0.05,51.0,,,,,9.625
16.21,CARRY,8.2,-0.01,-9.58,8.62,-0.01,1,0,323.0,216.5,23.7,0.47,0.06,50.6,,,,,9.562
16.26,CARRY,8.25,-0.01,-9.58,8.65,-0.01,1,0,322.5,217.0,23.1,0.46,0.05,50.9,,,,,9.625
16.31,CARRY,8.25,-0.01,-9.58,8.67,-0.01,1,0,323.5,216.0,24.3,0.48,0.07,50.4,,,,,9.625
16.37,CARRY,8.29,-0.01,-9.58,8.7,-0.01,1,0,322.5,216.5,23.6,0.47,0.05,51.0,,,,,9.625
16.42,CARRY,8.29,-0.01,-9.58,8.72,-0.01,1,0,323.5,215.5,24.7,0.49,0.07,49.9,,,,,9.625
16.47,CARRY,8.34,-0.01,-9.58,8.75,-0.01,1,0,323.0,216.5,23.7,0.47,0.06,51.4,,,,,9.5
16.52,CARRY,8.34,-0.01,-9.58,8.77,-0.01,1,0,323.5,215.5,24.7,0.49,0.07,50.4,,,,,9.5
16.57,CARRY,8.39,-0.01,-9.58,8.8,-0.01,1,0,323.5,216.5,23.8,0.47,0.07,51.3,,,,,9.562
16.63,CARRY,8.39,-0.01,-9.58,8.83,-0.01,1,0,323.5,215.0,25.2,0.5,0.07,50.6,,,,,9.5
16.68,CARRY,8.43,-0.01,-9.58,8.85,-0.01,1,0,323.5,216.5,23.8,0.47,0.07,50.8,,,,,9.562
16.73,CARRY,8.43,-0.01,-9.58,8.88,-0.01,1,0,323.5,214.5,25.7,0.51,0.07,50.4,,,,,9.438
16.78,CARRY,8.48,-0.01,-9.58,8.9,-0.01,1,0,323.5,216.0,24.3,0.48,0.07,50.6,,,,,9.5
16.83,CARRY,8.48,-0.01,-9.58,8.93,-0.01,1,0,323.5,214.5,25.7,0.51,0.07,50.7,,,,,9.375
16.88,CARRY,8.53,-0.01,-9.58,8.96,-0.01,1,0,323.5,215.5,24.7,0.49,0.07,51.0,,,,,9.562
16.94,CARRY,8.53,-0.01,-9.58,8.98,-0.01,1,0,323.5,214.0,26.2,0.52,0.07,50.2,,,,,9.5
16.99,CARRY,8.58,-0.01,-9.58,9.01,-0.01,1,0,323.5,215.5,24.7,0.49,0.07,51.0,,,,,9.5
17.04,CARRY,8.58,-0.01,-9.58,9.03,-0.01,1,0,323.5,213.5,26.7,0.53,0.07,50.0,,,,,9.375
17.09,CARRY,8.62,-0.01,-9.58,9.06,-0.01,1,0,323.5,215.5,24.7,0.49,0.07,51.2,,,,,9.438
17.14,CARRY,8.67,-0.01,-9.58,9.08,-0.01,1,0,323.5,216.5,23.8,0.47,0.07,50.8,,,,,9.562
17.19,CARRY,8.67,-0.01,-9.58,9.11,-0.01,1,0,323.5,215.0,25.2,0.5,0.07,50.5,,,,,9.5
17.24,CARRY,8.72,-0.01,-9.58,9.14,-0.01,1,0,323.0,216.5,23.7,0.47,0.06,50.9,,,,,9.562
17.3,CARRY,8.72,-0.01,-9.58,9.16,-0.01,1,0,323.5,215.0,25.2,0.5,0.07,49.9,,,,,9.5
17.35,CARRY,8.77,-0.01,-9.58,9.19,-0.01,1,0,323.0,216.5,23.7,0.47,0.06,51.1,,,,,9.5
17.4,CARRY,8.77,-0.01,-9.58,9.21,-0.01,1,0,323.5,215.0,25.2,0.5,0.07,50.2,,,,,9.5
17.45,CARRY,8.82,-0.01,-9.58,9.24,-0.01,1,0,323.0,216.5,23.7,0.47,0.06,51.4,,,,,9.5
17.5,CARRY,8.82,-0.01,-9.58,9.27,-0.01,1,0,323.5,214.5,25.7,0.51,0.07,50.3,,,,,9.438
17.55,CARRY,8.87,-0.01,-9.58,9.29,-0.01,1,0,323.0,216.0,24.2,0.48,0.06,51.0,,,,,9.5
17.61,CARRY,8.87,-0.01,-9.58,9.32,-0.01,1,0,323.5,214.5,25.7,0.51,0.07,50.4,,,,,9.375
17.66,CARRY,8.92,-0.01,-9.58,9.34,-0.01,1,0,323.0,216.0,24.2,0.48,0.06,50.8,,,,,9.562
17.71,CARRY,8.92,-0.01,-9.58,9.37,-0.01,1,0,323.5,214.5,25.7,0.51,0.07,50.5,,,,,9.5
17.76,CARRY,8.97,-0.01,-9.58,9.39,-0.01,1,0,323.0,215.5,24.7,0.49,0.06,50.9,,,,,9.5
17.81,CARRY,8.97,-0.01,-9.58,9.42,-0.01,1,0,323.5,214.0,26.2,0.52,0.07,50.7,,,,,9.438
17.86,CARRY,9.02,-0.01,-9.58,9.45,-0.01,1,0,323.0,215.5,24.7,0.49,0.06,50.9,,,,,9.5
17.92,CARRY,9.02,-0.01,-9.58,9.47,-0.01,1,0,323.5,214.5,25.7,0.51,0.07,50.1,,,,,9.438
17.97,CARRY,9.07,-0.01,-9.58,9.5,-0.01,1,0,323.0,215.5,24.7,0.49,0.06,51.3,,,,,9.5
18.02,CARRY,9.07,-0.01,-9.58,9.52,-0.01,1,0,323.5,213.5,26.7,0.53,0.07,50.2,,,,,9.5
18.07,CARRY,9.12,-0.01,-9.58,9.55,-0.01,1,0,323.0,215.5,24.7,0.49,0.06,51.4,,,,,9.438
18.12,CARRY,9.12,-0.01,-9.58,9.58,-0.01,1,0,323.5,213.5,26.7,0.53,0.07,50.4,,,,,9.438
18.17,CARRY,9.17,-0.01,-9.58,9.6,-0.01,1,0,323.0,215.5,24.7,0.49,0.06,51.0,,,,,9.5
18.23,CARRY,9.17,-0.01,-9.58,9.63,-0.01,1,0,323.5,213.5,26.7,0.53,0.07,53.3,,,,,9.438
18.28,CARRY,9.22,-0.01,-9.58,9.65,-0.01,1,0,323.5,215.0,25.2,0.5,0.07,51.4,,,,,9.438
18.33,CARRY,9.22,-0.01,-9.58,9.68,-0.01,1,0,323.5,213.5,26.7,0.53,0.07,51.1,,,,,9.438
18.39,CARRY,9.27,-0.01,-9.58,9.71,-0.01,1,0,323.5,215.0,25.2,0.5,0.07,52.1,,,,,9.438
18.44,CARRY,9.32,-0.01,-9.58,9.73,-0.01,1,0,322.5,216.5,23.6,0.47,0.05,51.4,,,,,9.5
18.49,CARRY,9.32,-0.01,-9.58,9.76,-0.01,1,0,323.5,215.0,25.2,0.5,0.07,50.2,,,,,9.5
18.54,CARRY,9.37,-0.01,-9.58,9.79,-0.01,1,0,322.5,216.0,24.1,0.48,0.05,51.8,,,,,9.438
18.6,CARRY,9.37,-0.01,-9.58,9.81,-0.01,1,0,323.5,215.0,25.2,0.5,0.07,50.5,,,,,9.438
18.65,CARRY,9.42,-0.01,-9.58,9.84,-0.01,1,0,322.5,216.0,24.1,0.48,0.05,51.2,,,,,9.438
18.7,CARRY,9.42,-0.01,-9.58,9.86,-0.01,1,0,323.5,214.5,25.7,0.51,0.07,50.1,,,,,9.375
18.75,CARRY,9.47,-0.01,-9.58,9.89,-0.01,1,0,322.5,216.0,24.1,0.48,0.05,50.5,,,,,9.438
18.8,CARRY,9.47,-0.01,-9.58,9.92,-0.01,1,0,323.5,215.0,25.2,0.5,0.07,50.4,,,,,9.375
18.85,CARRY,9.52,-0.01,-9.58,9.94,-0.01,1,0,323.0,216.0,24.2,0.48,0.06,51.2,,,,,9.438
18.91,CARRY,9.52,-0.01,-9.58,9.97,-0.01,1,0,323.5,215.0,25.2,0.5,0.07,50.6,,,,,9.312
18.96,CARRY,9.57,-0.01,-9.58,9.99,-0.01,1,0,323.0,215.5,24.7,0.49,0.06,50.8,,,,,9.375
19.01,CARRY,9.57,-0.01,-9.58,10.02,-0.01,1,0,323.5,215.0,25.2,0.5,0.07,51.0,,,,,9.25
19.06,CARRY,9.62,-0.01,-9.58,10.04,-0.01,1,0,323.0,215.5,24.7,0.49,0.06,51.3,,,,,9.375
19.11,CARRY,9.62,-0.01,-9.58,10.07,-0.01,1,0,323.5,215.0,25.2,0.5,0.07,50.7,,,,,9.375
19.17,CARRY,9.67,-0.01,-9.58,10.1,-0.01,1,0,323.0,215.5,24.7,0.49,0.06,49.7,,,,,9.438
19.22,CARRY,9.67,-0.01,-9.58,10.12,-0.01,1,0,323.5,214.0,26.2,0.52,0.07,50.2,,,,,9.438
19.27,CARRY,9.72,-0.01,-9.58,10.15,-0.01,1,0,323.0,216.0,24.2,0.48,0.06,51.3,,,,,9.562
19.32,CARRY,9.72,-0.01,-9.58,10.17,-0.01,1,0,323.5,215.0,25.2,0.5,0.07,50.4,,,,,9.562
19.37,CARRY,9.77,-0.01,-9.58,10.2,-0.01,1,0,323.0,215.5,24.7,0.49,0.06,51.7,,,,,9.562
19.42,CARRY,9.77,-0.01,-9.58,10.23,-0.01,1,0,323.5,213.5,26.7,0.53,0.07,49.7,,,,,9.688
19.47,CARRY,9.82,-0.01,-9.58,10.25,-0.01,1,0,323.0,215.5,24.7,0.49,0.06,51.5,,,,,9.688
19.53,CARRY,9.82,-0.01,-9.58,10.28,-0.01,1,0,323.5,213.5,26.7,0.53,0.07,51.1,,,,,9.75
19.58,CARRY,9.87,-0.01,-9.58,10.3,-0.01,1,0,323.5,215.5,24.7,0.49,0.07,50.8,,,,,9.75
19.63,CARRY,9.87,-0.01,-9.58,10.33,-0.01,1,0,323.5,213.5,26.7,0.53,0.07,51.0,,,,,9.812
19.68,CARRY,9.92,-0.01,-9.58,10.36,-0.01,1,0,323.5,215.5,24.7,0.49,0.07,51.0,,,,,9.75
19.73,CARRY,9.92,-0.01,-9.58,10.38,-0.01,1,0,323.5,213.5,26.7,0.53,0.07,49.7,,,,,9.75
19.79,CARRY,9.97,-0.01,-9.58,10.41,-0.01,1,0,323.5,215.5,24.7,0.49,0.07,50.8,,,,,9.75
19.84,CARRY,9.97,-0.01,-9.58,10.43,-0.01,1,0,323.5,222.5,17.8,0.35,0.07,48.9,,,,,9.812
19.89,CARRY,10.02,-0.01,-9.58,10.46,-0.01,1,0,323.5,215.5,24.7,0.49,0.07,51.4,,,,,9.75
19.94,CARRY,10.07,-0.01,-9.58,10.48,-0.01,1,0,322.5,216.5,23.6,0.47,0.05,50.5,,,,,9.812
19.99,CARRY,10.07,-0.01,-9.58,10.51,-0.01,1,0,323.5,215.5,24.7,0.49,0.07,51.3,,,,,9.75
20.04,CARRY,10.12,-0.01,-9.58,10.54,-0.01,1,0,322.5,216.5,23.6,0.47,0.05,50.0,,,,,9.875
20.1,CARRY,10.12,-0.01,-9.58,10.56,-0.01,1,0,323.5,215.0,25.2,0.5,0.07,49.1,,,,,9.875
20.15,CARRY,10.17,-0.01,-9.58,10.59,-0.01,1,0,322.5,216.5,23.6,0.47,0.05,50.0,,,,,9.875
20.2,CARRY,10.17,-0.01,-9.58,10.61,-0.01,1,0,323.5,215.0,25.2,0.5,0.07,48.9,,,,,9.75
20.25,CARRY,10.22,-0.01,-9.58,10.64,-0.01,1,0,322.5,216.0,24.1,0.48,0.05,49.7,,,,,9.812
20.3,CARRY,10.22,-0.01,-9.58,10.66,-0.01,1,0,323.0,215.0,25.2,0.5,0.06,48.9,,,,,9.75
20.35,CARRY,10.27,-0.01,-9.58,10.69,-0.01,1,0,322.5,216.0,24.1,0.48,0.05,50.4,,,,,9.812
20.4,CARRY,10.27,-0.01,-9.58,10.71,-0.01,1,0,323.0,215.0,25.2,0.5,0.06,48.6,,,,,9.688
20.45,CARRY,10.32,-0.01,-9.58,10.74,-0.01,1,0,322.5,216.0,24.1,0.48,0.05,50.0,,,,,9.688
20.5,CARRY,10.32,-0.01,-9.58,10.76,-0.01,1,0,323.0,215.0,25.2,0.5,0.06,49.8,,,,,9.562
20.55,CARRY,10.37,-0.01,-9.58,10.79,-0.01,1,0,322.5,216.0,24.1,0.48,0.05,52.2,,,,,9.688
20.6,CARRY,10.37,-0.01,-9.58,10.82,-0.01,1,0,323.0,215.0,25.2,0.5,0.06,50.0,,,,,9.562
20.65,CARRY,10.42,-0.01,-9.58,10.84,-0.01,1,0,322.5,215.5,24.6,0.49,0.05,53.0,,,,,9.625
20.71,CARRY,10.42,-0.01,-9.58,10.87,-0.01,1,0,323.5,214.5,25.7,0.51,0.07,52.1,,,,,9.5
20.76,CARRY,10.47,-0.01,-9.58,10.9,-0.01,1,0,322.5,215.5,24.6,0.49,0.05,55.3,,,,,9.438
20.82,CARRY,10.47,-0.01,-9.58,10.92,-0.01,1,0,323.5,214.0,26.2,0.52,0.07,59.0,,,,,9.375
20.88,CARRY,10.52,-0.01,-9.58,10.95,-0.01,1,0,323.0,215.5,24.7,0.49,0.06,51.6,,,,,9.375
20.93,CARRY,10.52,-0.01,-9.58,10.98,-0.01,1,0,323.5,213.5,26.7,0.53,0.07,51.9,,,,,9.375
20.98,CARRY,10.57,-0.01,-9.58,11.01,-0.01,1,0,323.5,215.0,25.2,0.5,0.07,50.7,,,,,9.375
21.04,CARRY,10.57,-0.01,-9.58,11.03,-0.01,1,0,323.5,213.5,26.7,0.53,0.07,51.9,,,,,9.312
21.09,CARRY,10.62,-0.01,-9.58,11.06,-0.01,1,0,323.5,215.0,25.2,0.5,0.07,51.5,,,,,9.25
21.14,CARRY,10.67,-0.01,-9.58,11.08,-0.01,1,0,322.5,216.5,23.6,0.47,0.05,49.0,,,,,9.25
21.19,CARRY,10.67,-0.01,-9.58,11.11,-0.01,1,0,323.5,215.0,25.2,0.5,0.07,51.4,,,,,9.25
21.24,CARRY,10.72,-0.01,-9.58,11.14,-0.01,1,0,322.5,216.0,24.1,0.48,0.05,50.0,,,,,9.188
21.29,CARRY,10.72,-0.01,-9.58,11.16,-0.01,1,0,323.5,214.5,25.7,0.51,0.07,50.8,,,,,9.188
21.35,CARRY,10.77,-0.01,-9.58,11.19,-0.01,1,0,322.5,215.5,24.6,0.49,0.05,50.4,,,,,9.25
21.4,CARRY,10.77,-0.01,-9.58,11.21,-0.01,1,0,323.5,214.5,25.7,0.51,0.07,49.3,,,,,9.188
21.45,CARRY,10.82,-0.01,-9.58,11.24,-0.01,1,0,322.5,215.5,24.6,0.49,0.05,51.9,,,,,9.25
21.5,CARRY,10.82,-0.01,-9.58,11.26,-0.01,1,0,323.5,214.5,25.7,0.51,0.07,50.9,,,,,9.188
21.55,CARRY,10.87,-0.01,-9.58,11.29,-0.01,1,0,323.0,216.0,24.2,0.48,0.06,51.0,,,,,9.188
21.6,CARRY,10.87,-0.01,-9.58,11.32,-0.01,1,0,323.5,215.0,25.2,0.5,0.07,50.9,,,,,9.062
21.66,CARRY,10.92,-0.01,-9.58,11.34,-0.01,1,0,323.0,216.0,24.2,0.48,0.06,51.7,,,,,9.0
21.71,CARRY,10.92,-0.01,-9.58,11.37,-0.01,1,0,323.0,215.0,25.2,0.5,0.06,51.5,,,,,9.0
21.76,CARRY,10.97,-0.01,-9.58,11.4,-0.01,1,0,322.5,217.5,22.6,0.45,0.05,51.9,,,,,9.0
21.81,CARRY,10.97,-0.01,-9.58,11.42,-0.01,1,0,323.0,217.0,23.2,0.46,0.06,50.7,,,,,9.062
21.87,CARRY,11.02,-0.01,-9.58,11.45,-0.01,1,0,323.0,218.5,21.7,0.43,0.06,51.6,,,,,9.0
21.92,CARRY,11.02,-0.01,-9.58,11.47,-0.01,1,0,323.0,217.5,22.7,0.45,0.06,51.0,,,,,9.062
21.97,CARRY,11.07,-0.01,-9.58,11.5,-0.01,1,0,322.5,220.0,20.2,0.4,0.05,51.8,,,,,9.0
22.02,CARRY,11.07,-0.01,-9.58,11.53,-0.01,1,0,322.5,219.0,21.1,0.42,0.05,49.2,,,,,9.062
22.07,CARRY,11.12,-0.01,-9.58,11.55,-0.01,1,0,322.5,222.0,18.2,0.36,0.05,51.3,,,,,9.0
22.13,CARRY,11.12,-0.01,-9.58,11.58,-0.01,1,0,322.5,221.0,19.2,0.38,0.05,50.8,,,,,9.0
22.18,CARRY,11.17,-0.01,-9.58,11.6,-0.01,1,0,322.5,223.0,17.2,0.34,0.05,51.1,,,,,9.125
22.23,CARRY,11.17,-0.01,-9.58,11.63,-0.01,1,0,322.0,222.5,17.6,0.35,0.04,51.1,,,,,9.188
22.28,CARRY,11.21,-0.01,-9.58,11.66,-0.01,1,0,322.5,224.0,16.2,0.32,0.05,51.5,,,,,9.188
22.33,CARRY,11.21,-0.01,-9.58,11.68,-0.01,1,0,322.0,223.0,17.1,0.34,0.04,50.5,,,,,9.188
22.39,CARRY,11.26,-0.01,-9.58,11.71,-0.01,1,0,322.0,225.0,15.1,0.3,0.04,51.6,,,,,9.125
22.44,CARRY,11.3,-0.01,-9.58,11.73,-0.01,1,0,322.0,226.5,13.6,0.27,0.04,51.2,,,,,9.188
22.49,CARRY,11.3,-0.01,-9.58,11.76,-0.01,1,0,322.0,225.5,14.6,0.29,0.04,51.0,,,,,9.25
22.54,CARRY,11.34,-0.01,-9.58,11.79,-0.01,1,0,321.5,228.0,12.1,0.24,0.03,51.5,,,,,9.25
22.6,CARRY,11.34,-0.01,-9.58,11.81,-0.01,1,0,321.5,227.0,13.1,0.26,0.03,50.5,,,,,9.25
22.65,CARRY,11.38,-0.01,-9.58,11.84,-0.01,1,0,321.5,228.5,11.6,0.23,0.03,51.9,,,,,9.188
22.7,CARRY,11.38,-0.01,-9.58,11.86,-0.01,1,0,321.5,227.5,12.6,0.25,0.03,50.7,,,,,9.125
22.75,CARRY,11.42,-0.01,-9.58,11.89,-0.01,1,0,321.5,229.5,10.6,0.21,0.03,51.6,,,,,9.25
22.8,CARRY,11.42,-0.01,-9.58,11.92,-0.01,1,0,321.0,228.5,11.5,0.23,0.02,50.7,,,,,9.062
22.86,CARRY,11.46,-0.01,-9.58,11.94,-0.01,1,0,321.0,230.0,10.0,0.2,0.02,51.2,,,,,9.0
22.91,CARRY,11.46,-0.01,-9.58,11.97,-0.01,1,0,321.0,229.0,11.0,0.22,0.02,51.3,,,,,9.0
22.96,CARRY,11.49,-0.01,-9.58,11.99,-0.01,1,0,321.0,230.5,9.6,0.19,0.02,51.6,,,,,8.812
23.01,CARRY,11.49,-0.01,-9.58,12.02,-0.01,1,0,321.0,229.5,10.5,0.21,0.02,51.0,,,,,8.875
23.06,CARRY,11.52,-0.01,-9.58,12.05,-0.01,1,0,321.0,230.0,10.0,0.2,0.02,51.5,,,,,8.938
23.12,CARRY,11.52,-0.01,-9.58,12.07,-0.01,1,0,321.0,229.5,10.5,0.21,0.02,50.5,,,,,8.875
23.17,CARRY,11.55,-0.01,-9.58,12.1,-0.01,1,0,320.5,230.5,9.5,0.19,0.01,51.9,,,,,8.812
23.22,CARRY,11.55,-0.01,-9.58,12.12,-0.01,1,0,321.5,229.5,10.6,0.21,0.03,50.9,,,,,8.75
23.27,CARRY,11.57,-0.01,-9.58,12.15,-0.01,1,0,321.5,231.0,9.1,0.18,0.03,51.5,,,,,8.75
23.33,CARRY,11.57,-0.01,-9.58,12.18,-0.01,1,0,321.5,230.0,10.1,0.2,0.03,51.1,,,,,8.812
23.38,CARRY,11.6,-0.01,-9.58,12.2,-0.01,1,0,321.5,230.5,9.6,0.19,0.03,51.2,,,,,8.812
23.43,CARRY,11.6,-0.01,-9.58,12.23,-0.01,1,0,321.0,230.0,10.0,0.2,0.02,51.3,,,,,8.938
23.48,CARRY,11.62,-0.01,-9.58,12.25,-0.01,1,0,321.0,230.0,10.0,0.2,0.02,51.5,,,,,8.875
23.53,CARRY,11.62,-0.01,-9.58,12.28,-0.01,1,0,321.0,229.5,10.5,0.21,0.02,50.6,,,,,8.938
23.59,CARRY,11.65,-0.01,-9.58,12.31,-0.01,1,0,321.0,230.5,9.6,0.19,0.02,51.8,,,,,9.062
23.64,CARRY,11.65,-0.01,-9.58,12.33,-0.01,1,0,321.0,229.5,10.5,0.21,0.02,50.9,,,,,9.125
23.69,CARRY,11.67,-0.01,-9.58,12.36,-0.01,1,0,320.5,230.0,10.0,0.2,0.01,51.6,,,,,9.125
23.74,CARRY,11.69,-0.01,-9.58,12.39,-0.01,1,0,320.5,230.5,9.5,0.19,0.01,51.2,,,,,9.125
23.8,CARRY,11.69,-0.01,-9.58,12.41,-0.01,1,0,321.5,229.5,10.6,0.21,0.03,50.5,,,,,9.062
23.85,CARRY,11.72,-0.01,-9.58,12.44,-0.01,1,0,321.5,230.5,9.6,0.19,0.03,51.8,,,,,9.062
23.9,CARRY,11.72,-0.01,-9.58,12.46,-0.01,1,0,321.5,230.0,10.1,0.2,0.03,50.9,,,,,9.125
23.95,CARRY,11.74,-0.01,-9.58,12.49,-0.01,1,0,321.0,230.0,10.0,0.2,0.02,51.6,,,,,9.125
24.0,CARRY,11.74,-0.01,-9.58,12.52,-0.01,1,0,321.0,229.5,10.5,0.21,0.02,50.6,,,,,9.188
24.06,CARRY,11.76,-0.01,-9.58,12.54,-0.01,1,0,321.0,230.0,10.0,0.2,0.02,51.2,,,,,9.062
24.11,CARRY,11.76,-0.01,-9.58,12.57,-0.01,1,0,321.0,229.0,11.0,0.22,0.02,51.2,,,,,9.0
24.16,CARRY,11.78,-0.01,-9.58,12.59,-0.01,1,0,321.0,230.0,10.0,0.2,0.02,51.5,,,,,8.938
24.21,CARRY,11.78,-0.01,-9.58,12.62,-0.01,1,0,321.5,229.0,11.1,0.22,0.03,51.0,,,,,8.875
24.26,CARRY,11.8,-0.01,-9.58,12.65,-0.01,1,0,321.5,229.5,10.6,0.21,0.03,51.6,,,,,8.938
24.32,CARRY,11.8,-0.01,-9.58,12.67,-0.01,1,0,321.5,228.5,11.6,0.23,0.03,50.4,,,,,8.938
24.37,CARRY,11.82,-0.01,-9.58,12.7,-0.01,1,0,321.5,228.5,11.6,0.23,0.03,51.8,,,,,8.938
24.42,CARRY,11.82,-0.01,-9.58,12.72,-0.01,1,0,321.5,228.0,12.1,0.24,0.03,50.7,,,,,9.0
24.47,CARRY,11.84,-0.01,-9.58,12.75,-0.01,1,0,321.5,228.5,11.6,0.23,0.03,51.3,,,,,9.125
24.52,CARRY,11.84,-0.01,-9.58,12.78,-0.01,1,0,321.5,227.5,12.6,0.25,0.03,50.0,,,,,9.062
24.58,CARRY,11.86,-0.01,-9.58,12.8,-0.01,1,0,321.0,228.0,12.0,0.24,0.02,49.9,,,,,9.375
24.63,CARRY,11.86,-0.01,-9.58,12.83,-0.01,1,0,322.0,227.5,12.7,0.25,0.04,51.1,,,,,9.625
24.68,CARRY,11.89,-0.01,-9.58,12.85,-0.01,1,0,321.5,228.5,11.6,0.23,0.03,51.3,,,,,9.75
24.73,CARRY,11.89,-0.01,-9.58,12.88,-0.01,1,0,322.0,228.0,12.2,0.24,0.04,50.8,,,,,9.875
24.78,CARRY,11.91,-0.01,-9.58,12.91,-0.01,1,0,321.5,228.0,12.1,0.24,0.03,51.2,,,,,10.062
24.83,CARRY,11.91,-0.01,-9.58,12.93,-0.01,1,0,321.5,227.5,12.6,0.25,0.03,50.6,,,,,10.062
24.89,CARRY,11.93,-0.01,-9.58,12.96,-0.01,1,0,321.5,227.5,12.6,0.25,0.03,51.9,,,,,10.062
24.94,CARRY,11.93,-0.01,-9.58,12.98,-0.01,1,0,321.5,227.0,13.1,0.26,0.03,50.8,,,,,9.875
24.99,CARRY,11.95,-0.01,-9.58,13.01,-0.01,1,0,321.5,227.0,13.1,0.26,0.03,51.0,,,,,9.875
25.04,CARRY,11.98,-0.01,-9.58,13.04,-0.01,1,0,321.5,228.5,11.6,0.23,0.03,50.4,,,,,9.938
25.09,CARRY,11.98,-0.01,-9.58,13.06,-0.01,1,0,321.5,227.5,12.6,0.25,0.03,49.8,,,,,10.0
25.14,CARRY,12.0,-0.01,-9.58,13.09,-0.01,1,0,321.5,228.0,12.1,0.24,0.03,50.6,,,,,10.0
25.2,CARRY,12.0,-0.01,-9.58,13.11,-0.01,1,0,322.0,227.5,12.7,0.25,0.04,49.6,,,,,10.0
25.25,CARRY,12.02,-0.01,-9.58,13.14,-0.01,1,0,322.0,228.0,12.2,0.24,0.04,51.0,,,,,9.812
25.3,CARRY,12.02,-0.01,-9.58,13.16,-0.01,1,0,322.0,227.0,13.2,0.26,0.04,50.2,,,,,9.938
25.35,CARRY,12.05,-0.01,-9.58,13.19,-0.01,1,0,322.0,227.5,12.7,0.25,0.04,49.8,,,,,9.938
25.4,CARRY,12.05,-0.01,-9.58,13.21,-0.01,1,0,321.5,226.5,13.6,0.27,0.03,50.0,,,,,9.812
25.45,CARRY,12.07,-0.01,-9.58,13.24,-0.01,1,0,321.5,228.0,12.1,0.24,0.03,51.0,,,,,9.938
25.5,CARRY,12.07,-0.01,-9.58,13.27,-0.01,1,0,321.5,227.0,13.1,0.26,0.03,50.0,,,,,9.875
25.55,CARRY,12.1,-0.01,-9.58,13.29,-0.01,1,0,321.5,227.5,12.6,0.25,0.03,50.4,,,,,9.875
25.61,CARRY,12.1,-0.01,-9.58,13.32,-0.01,1,0,321.5,227.0,13.1,0.26,0.03,50.2,,,,,9.875
25.66,CARRY,12.12,-0.01,-9.58,13.34,-0.01,1,0,321.5,227.5,12.6,0.25,0.03,50.8,,,,,9.938
25.71,CARRY,12.12,-0.01,-9.58,13.37,-0.01,1,0,322.0,227.0,13.2,0.26,0.04,50.3,,,,,9.875
25.76,CARRY,12.14,-0.01,-9.58,13.39,-0.01,1,0,322.0,227.5,12.7,0.25,0.04,50.6,,,,,9.812
25.81,CARRY,12.14,-0.01,-9.58,13.42,-0.01,1,0,322.0,226.5,13.6,0.27,0.04,50.4,,,,,9.875
25.86,CARRY,12.17,-0.01,-9.58,13.45,-0.01,1,0,322.0,227.0,13.2,0.26,0.04,50.7,,,,,9.875
25.91,CARRY,12.17,-0.01,-9.58,13.47,-0.01,1,0,321.5,226.5,13.6,0.27,0.03,50.0,,,,,9.875
25.96,CARRY,12.19,-0.02,-9.58,13.5,-0.01,1,0,321.5,227.5,12.6,0.25,0.03,51.8,,,,,9.812
26.02,CARRY,12.19,-0.02,-9.58,13.52,-0.01,1,0,321.5,226.5,13.6,0.27,0.03,49.0,,,,,9.812
26.07,CARRY,12.22,-0.02,-9.58,13.55,-0.01,1,0,321.5,227.0,13.1,0.26,0.03,51.2,,,,,9.812
26.12,CARRY,12.22,-0.02,-9.58,13.57,-0.01,1,0,321.5,226.5,13.6,0.27,0.03,50.6,,,,,9.812
26.17,CARRY,12.24,-0.02,-9.58,13.6,-0.01,1,0,321.5,228.0,12.1,0.24,0.03,49.5,,,,,9.812
26.22,CARRY,12.24,-0.02,-9.58,13.63,-0.01,1,0,322.0,227.0,13.2,0.26,0.04,51.6,,,,,9.812
26.27,CARRY,12.27,-0.02,-9.58,13.65,-0.01,1,0,321.5,227.0,13.1,0.26,0.03,50.0,,,,,9.75
26.33,CARRY,12.27,-0.02,-9.58,13.68,-0.01,1,0,322.0,226.5,13.6,0.27,0.04,49.0,,,,,9.688
26.38,CARRY,12.29,-0.02,-9.58,13.7,-0.01,1,0,322.0,227.5,12.7,0.25,0.04,51.6,,,,,9.625
26.43,CARRY,12.29,-0.02,-9.58,13.73,-0.01,1,0,321.5,226.5,13.6,0.27,0.03,49.4,,,,,9.625
26.48,CARRY,12.32,-0.02,-9.58,13.75,-0.01,1,0,321.5,227.0,13.1,0.26,0.03,48.7,,,,,9.625
26.53,CARRY,12.32,-0.02,-9.58,13.78,-0.01,1,0,321.5,226.5,13.6,0.27,0.03,48.7,,,,,9.625
26.58,CARRY,12.35,-0.02,-9.58,13.8,-0.01,1,0,321.5,227.5,12.6,0.25,0.03,48.9,,,,,9.625
26.63,CARRY,12.35,-0.02,-9.58,13.83,-0.01,1,0,321.5,227.0,13.1,0.26,0.03,48.7,,,,,9.625
26.68,CARRY,12.37,-0.02,-9.58,13.85,-0.01,1,0,321.5,227.5,12.6,0.25,0.03,51.2,,,,,9.625
26.73,CARRY,12.37,-0.02,-9.58,13.88,-0.01,1,0,322.0,226.5,13.6,0.27,0.04,48.7,,,,,9.688
26.78,CARRY,12.4,-0.02,-9.58,13.9,-0.01,1,0,322.0,227.0,13.2,0.26,0.04,49.7,,,,,9.562
26.83,CARRY,12.4,-0.02,-9.58,13.93,-0.01,1,0,322.0,226.5,13.6,0.27,0.04,48.6,,,,,9.625
26.88,CARRY,12.42,-0.02,-9.58,13.95,-0.01,1,0,322.0,227.5,12.7,0.25,0.04,48.8,,,,,9.625
26.93,CARRY,12.42,-0.02,-9.58,13.98,-0.01,1,0,322.0,226.5,13.6,0.27,0.04,49.5,,,,,9.5
26.98,CARRY,12.45,-0.02,-9.58,14.01,-0.01,1,0,322.0,227.0,13.2,0.26,0.04,51.4,,,,,9.562
27.03,CARRY,12.45,-0.02,-9.58,14.03,-0.01,1,0,321.5,226.5,13.6,0.27,0.03,48.3,,,,,9.625
27.08,CARRY,12.47,-0.02,-9.58,14.06,-0.01,1,0,321.5,227.5,12.6,0.25,0.03,48.8,,,,,9.375
27.13,CARRY,12.47,-0.02,-9.58,14.08,-0.01,1,0,321.5,226.5,13.6,0.27,0.03,48.2,,,,,9.5
27.18,CARRY,12.5,-0.02,-9.58,14.11,-0.01,1,0,321.5,227.0,13.1,0.26,0.03,48.5,,,,,9.5
27.23,CARRY,12.5,-0.02,-9.58,14.13,-0.01,1,0,322.0,226.5,13.6,0.27,0.04,50.1,,,,,9.562
27.29,CARRY,12.53,-0.02,-9.58,14.16,-0.01,1,0,322.0,227.5,12.7,0.25,0.04,49.9,,,,,9.5
27.34,CARRY,12.53,-0.02,-9.58,14.18,-0.01,1,0,322.0,227.0,13.2,0.26,0.04,50.1,,,,,9.562
27.39,CARRY,12.55,-0.02,-9.58,14.21,-0.01,1,0,322.0,227.5,12.7,0.25,0.04,51.2,,,,,9.625
27.44,CARRY,12.55,-0.02,-9.58,14.23,-0.01,1,0,322.0,226.5,13.6,0.27,0.04,49.8,,,,,9.688
27.49,CARRY,12.58,-0.02,-9.58,14.26,-0.01,1,0,322.0,227.5,12.7,0.25,0.04,49.4,,,,,9.688
27.54,CARRY,12.58,-0.02,-9.58,14.28,-0.01,1,0,322.0,227.0,13.2,0.26,0.04,50.4,,,,,9.688
27.59,CARRY,12.61,-0.02,-9.58,14.31,-0.01,1,0,321.5,227.5,12.6,0.25,0.03,49.5,,,,,9.812
27.64,CARRY,12.63,-0.02,-9.58,14.34,-0.01,1,0,321.5,228.5,11.6,0.23,0.03,51.2,,,,,9.75
27.69,CARRY,12.63,-0.02,-9.58,14.36,-0.01,1,0,322.0,227.5,12.7,0.25,0.04,49.4,,,,,9.75
27.74,CARRY,12.66,-0.02,-9.58,14.39,-0.01,1,0,322.0,228.5,11.7,0.23,0.04,50.5,,,,,9.75
27.8,CARRY,12.66,-0.02,-9.58,14.41,-0.01,1,0,322.5,228.0,12.3,0.24,0.05,48.3,,,,,9.688
27.85,CARRY,12.68,-0.02,-9.58,14.44,-0.01,1,0,322.0,228.5,11.7,0.23,0.04,51.5,,,,,9.625
27.9,CARRY,12.68,-0.02,-9.58,14.46,-0.01,1,0,322.0,228.0,12.2,0.24,0.04,48.8,,,,,9.688
27.95,CARRY,12.71,-0.02,-9.58,14.49,-0.01,1,0,322.0,228.0,12.2,0.24,0.04,51.4,,,,,9.625
28.0,CARRY,12.71,-0.02,-9.58,14.51,-0.01,1,0,322.0,227.5,12.7,0.25,0.04,49.7,,,,,9.688
28.05,CARRY,12.73,-0.02,-9.58,14.54,-0.01,1,0,322.0,228.5,11.7,0.23,0.04,51.2,,,,,9.625
28.1,CARRY,12.73,-0.02,-9.58,14.57,-0.01,1,0,321.5,228.0,12.1,0.24,0.03,49.2,,,,,9.625
28.15,CARRY,12.76,-0.02,-9.58,14.59,-0.01,1,0,322.0,229.0,11.2,0.22,0.04,50.4,,,,,9.625
28.2,CARRY,12.76,-0.02,-9.58,14.62,-0.01,1,0,322.0,227.5,12.7,0.25,0.04,49.2,,,,,9.625
28.26,CARRY,12.79,-0.02,-9.58,14.64,-0.01,1,0,321.5,228.5,11.6,0.23,0.03,50.6,,,,,9.562
28.31,CARRY,12.79,-0.02,-9.58,14.67,-0.01,1,0,322.0,228.0,12.2,0.24,0.04,50.1,,,,,9.438
28.36,CARRY,12.81,-0.02,-9.58,14.69,-0.01,1,0,322.0,228.5,11.7,0.23,0.04,50.6,,,,,9.312
28.41,CARRY,12.81,-0.02,-9.58,14.72,-0.01,1,0,322.5,228.0,12.3,0.24,0.05,49.0,,,,,9.438
28.46,CARRY,12.83,-0.02,-9.58,14.74,-0.01,1,0,322.5,228.5,11.8,0.23,0.05,51.1,,,,,9.312
28.51,CARRY,12.83,-0.02,-9.58,14.77,-0.01,1,0,322.5,228.0,12.3,0.24,0.05,49.2,,,,,9.5
28.56,CARRY,12.86,-0.02,-9.58,14.79,-0.01,1,0,322.0,228.0,12.2,0.24,0.04,50.7,,,,,9.312
28.61,CARRY,12.86,-0.02,-9.58,14.82,-0.01,1,0,322.0,227.5,12.7,0.25,0.04,49.6,,,,,9.25
28.66,CARRY,12.88,-0.02,-9.58,14.85,-0.01,1,0,321.5,227.5,12.6,0.25,0.03,50.3,,,,,9.312
28.71,CARRY,12.88,-0.02,-9.58,14.87,-0.01,1,0,322.0,227.0,13.2,0.26,0.04,48.0,,,,,9.25
28.76,CARRY,12.91,-0.02,-9.58,14.9,-0.01,1,0,321.5,228.0,12.1,0.24,0.03,51.3,,,,,9.188
28.82,CARRY,12.91,-0.02,-9.58,14.92,-0.01,1,0,321.0,227.5,12.5,0.25,0.02,48.5,,,,,9.0
28.87,CARRY,12.93,-0.02,-9.58,14.95,-0.01,1,0,321.0,228.0,12.0,0.24,0.02,51.5,,,,,8.938
28.92,CARRY,12.93,-0.02,-9.58,14.97,-0.01,1,0,321.5,227.0,13.1,0.26,0.03,49.1,,,,,8.812
28.97,CARRY,12.95,-0.01,-9.58,15.0,-0.01,1,0,321.5,228.0,12.1,0.24,0.03,50.7,,,,,8.812
29.02,CARRY,12.95,-0.01,-9.58,15.02,-0.01,1,0,322.0,227.5,12.7,0.25,0.04,48.9,,,,,8.625
29.07,CARRY,12.98,-0.01,-9.58,15.05,-0.01,1,0,321.5,227.5,12.6,0.25,0.03,50.8,,,,,8.438
29.12,CARRY,12.98,-0.01,-9.58,15.08,-0.01,1,0,322.0,227.0,13.2,0.26,0.04,48.6,,,,,8.375
29.17,CARRY,13.0,-0.01,-9.58,15.1,-0.01,1,0,321.5,228.0,12.1,0.24,0.03,50.8,,,,,8.062
29.22,CARRY,13.0,-0.01,-9.58,15.13,-0.01,1,0,322.0,227.0,13.2,0.26,0.04,49.5,,,,,7.875
29.28,CARRY,13.03,-0.01,-9.58,15.15,-0.01,1,0,322.0,228.0,12.2,0.24,0.04,50.0,,,,,7.625
29.33,CARRY,13.03,-0.01,-9.58,15.18,-0.01,1,0,321.5,227.0,13.1,0.26,0.03,48.8,,,,,7.562
29.38,CARRY,13.05,-0.01,-9.58,15.2,-0.01,1,0,321.5,227.5,12.6,0.25,0.03,50.8,,,,,7.281
29.43,CARRY,13.05,-0.01,-9.58,15.23,-0.01,1,0,321.5,227.0,13.1,0.26,0.03,49.5,,,,,6.875
29.48,CARRY,13.08,-0.01,-9.58,15.25,-0.01,1,0,321.0,228.0,12.0,0.24,0.02,50.9,,,,,6.438
29.53,CARRY,13.08,-0.01,-9.58,15.28,-0.01,1,0,321.0,227.0,13.0,0.26,0.02,49.7,,,,,6.25
29.58,CARRY,13.1,-0.01,-9.58,15.3,-0.01,1,0,321.0,227.5,12.5,0.25,0.02,50.5,,,,,6.125
29.63,CARRY,13.1,-0.01,-9.58,15.33,-0.01,1,0,321.0,227.0,13.0,0.26,0.02,48.9,,,,,5.5
29.68,CARRY,13.13,-0.01,-9.58,15.36,-0.01,1,0,323.5,228.0,12.5,0.24,0.07,51.2,,,,,2.031
29.73,CARRY,13.13,-0.01,-9.58,15.38,-0.01,1,0,,,,0.534,0.078,48.3,,,,,-2.281
29.78,CARRY,13.15,-0.01,-9.58,15.41,-0.01,1,0,,,,0.533,0.077,51.1,,,,,-3.625
29.84,CARRY,13.15,-0.01,-9.58,15.43,-0.01,1,0,,,,0.546,0.079,48.9,,,,,-4.031
29.89,CARRY,13.18,-0.01,-9.58,15.46,-0.01,1,0,,,,0.546,0.078,50.9,,,,,-3.875
29.94,CARRY,13.18,-0.01,-9.58,15.48,-0.01,1,0,,,,0.558,0.079,49.1,,,,,-3.797
29.99,CARRY,13.2,-0.01,-9.58,15.51,-0.01,1,0,,,,0.558,0.078,51.0,,,,,-3.234
30.04,CARRY,13.23,-0.0,-9.58,15.53,-0.01,1,1,,,,0.557,0.077,49.2,,,,,-2.797
30.09,CARRY,13.23,-0.0,-9.58,15.56,-0.01,1,1,,,,0.569,0.078,50.4,,,,,-2.953
30.14,CARRY,13.23,-0.0,-9.58,15.58,-0.01,1,1,,,,0.581,0.08,49.1,,,,,-3.078
30.19,CARRY,13.26,-0.0,-9.58,15.61,-0.01,1,1,,,,0.577,0.078,50.1,,,,,-3.312
30.24,CARRY,13.3,-0.0,-9.58,15.64,-0.01,1,1,,,,0.571,0.076,49.0,,,,,-3.203
30.29,CARRY,13.3,-0.0,-9.58,15.66,-0.01,1,1,,,,0.583,0.078,50.1,,,,,-3.188
30.34,CARRY,13.34,-0.0,-9.58,15.69,-0.01,1,1,,,,0.575,0.076,49.9,,,,,-2.828
30.39,CARRY,13.34,-0.0,-9.58,15.71,-0.01,1,1,,,,0.587,0.077,49.4,,,,,-2.781
30.44,CARRY,13.39,-0.0,-9.58,15.74,-0.01,1,1,,,,0.577,0.075,50.4,,,,,-3.078
30.5,CARRY,13.39,-0.0,-9.58,15.76,-0.01,1,1,,,,0.59,0.076,49.9,,,,,-2.406
30.55,CARRY,13.44,0.0,-9.58,15.79,-0.01,1,1,,,,0.579,0.074,50.2,,,,,-2.406
30.6,CARRY,13.44,0.0,-9.58,15.81,-0.01,1,1,,,,0.591,0.075,50.3,,,,,-2.469
30.65,CARRY,13.49,0.0,-9.58,15.84,-0.01,1,1,,,,0.579,0.072,49.7,,,,,-2.141
30.7,CARRY,13.49,0.0,-9.58,15.86,-0.01,1,1,,,,0.591,0.074,50.2,,,,,-2.141
30.75,CARRY,13.54,0.0,-9.58,15.89,-0.01,1,1,,,,0.577,0.072,49.2,,,,,-2.391
30.8,CARRY,13.54,0.0,-9.58,15.91,-0.01,1,1,,,,0.59,0.073,49.4,,,,,-2.453
30.85,CARRY,13.59,0.0,-9.58,15.94,-0.01,1,1,,,,0.575,0.07,49.4,,,,,-2.641
30.9,CARRY,13.59,0.0,-9.58,15.97,-0.01,1,1,,,,0.588,0.072,50.1,,,,,-2.734
30.95,CARRY,13.65,0.0,-9.58,15.99,-0.01,1,1,,,,0.573,0.069,49.2,,,,,-2.578
31.0,CARRY,13.65,0.0,-9.58,16.02,-0.01,1,1,,,,0.585,0.071,49.8,,,,,-2.484
31.05,CARRY,13.7,0.0,-9.58,16.04,-0.01,1,1,,,,0.57,0.068,49.8,,,,,-2.922
31.1,CARRY,13.7,0.0,-9.58,16.07,-0.01,1,1,,,,0.582,0.069,50.4,,,,,-3.016
31.16,CARRY,13.76,0.0,-9.58,16.09,-0.01,1,1,,,,0.567,0.067,54.2,,,,,-3.0
31.21,CARRY,13.76,0.0,-9.58,16.12,-0.01,1,1,,,,0.58,0.068,51.2,,,,,-2.906
31.26,CARRY,13.82,0.0,-9.58,16.15,-0.01,1,1,,,,0.565,0.066,51.1,,,,,-3.266
31.31,CARRY,13.82,0.0,-9.58,16.17,-0.01,1,1,,,,0.577,0.067,48.5,,,,,-3.281
31.36,CARRY,13.87,0.0,-9.58,16.2,-0.01,1,1,,,,0.561,0.065,49.1,,,,,-2.891
31.41,CARRY,13.87,0.0,-9.58,16.22,-0.01,1,1,,,,0.573,0.066,51.7,,,,,-2.891
31.47,CARRY,13.93,0.0,-9.58,16.25,-0.01,1,1,,,,0.558,0.063,50.1,,,,,-2.922
31.52,CARRY,13.93,0.0,-9.58,16.27,-0.01,1,1,,,,0.57,0.065,48.8,,,,,-2.875
31.57,CARRY,13.99,0.0,-9.58,16.3,-0.01,1,1,,,,0.554,0.062,49.5,,,,,-3.125
31.62,CARRY,13.99,0.0,-9.58,16.32,-0.01,1,1,,,,0.566,0.063,48.5,,,,,-3.188
31.67,CARRY,14.04,0.0,-9.58,16.35,-0.01,1,1,,,,0.55,0.061,51.7,,,,,-3.438
31.72,CARRY,14.04,0.0,-9.58,16.38,-0.01,1,1,,,,0.563,0.062,48.8,,,,,-3.312
31.77,CARRY,14.1,0.0,-9.58,16.4,-0.01,1,1,,,,0.547,0.06,50.5,,,,,-3.328
31.82,CARRY,14.1,0.0,-9.58,16.43,-0.01,1,1,,,,0.56,0.061,48.5,,,,,-3.328
31.87,CARRY,14.16,0.0,-9.58,16.45,-0.01,1,1,,,,0.544,0.059,50.1,,,,,-3.484
31.92,CARRY,14.16,0.0,-9.58,16.48,-0.01,1,1,,,,0.556,0.06,49.1,,,,,-3.422
31.97,CARRY,14.21,-0.0,-9.58,16.5,-0.01,1,1,,,,0.54,0.058,48.2,,,,,-3.531
32.02,CARRY,14.21,-0.0,-9.58,16.53,-0.01,1,1,,,,0.553,0.059,50.2,,,,,-3.578
32.08,CARRY,14.27,-0.0,-9.58,16.55,-0.01,1,1,,,,0.537,0.057,50.5,,,,,-3.5
32.13,CARRY,14.27,-0.0,-9.58,16.58,-0.01,1,1,,,,0.55,0.058,48.3,,,,,-3.516
32.18,CARRY,14.33,-0.0,-9.58,16.6,-0.01,1,1,,,,0.534,0.056,49.9,,,,,-3.641
32.23,CARRY,14.33,-0.0,-9.58,16.63,-0.01,1,1,,,,0.547,0.057,51.0,,,,,-3.641
32.28,CARRY,14.38,-0.0,-9.58,16.65,-0.01,1,1,,,,0.532,0.055,50.6,,,,,-3.375
32.33,CARRY,14.38,-0.0,-9.58,16.68,-0.01,1,1,,,,0.544,0.056,48.8,,,,,-3.391
32.38,CARRY,14.44,-0.0,-9.58,16.7,-0.01,1,1,,,,0.528,0.054,49.2,,,,,-3.453
32.43,CARRY,14.44,-0.0,-9.58,16.73,-0.01,1,1,,,,0.541,0.056,49.9,,,,,-3.453
32.48,CARRY,14.49,-0.0,-9.58,16.76,-0.01,1,1,,,,0.526,0.054,50.3,,,,,-3.141
32.53,CARRY,14.49,-0.0,-9.58,16.78,-0.01,1,1,,,,0.538,0.055,48.8,,,,,-3.219
32.58,CARRY,14.55,-0.0,-9.58,16.81,-0.01,1,1,,,,0.523,0.053,51.1,,,,,-3.312
32.64,CARRY,14.55,-0.0,-9.58,16.83,-0.01,1,1,,,,0.535,0.054,49.7,,,,,-3.344
32.69,REGROUND,14.6,-0.01,-9.58,16.86,-0.01,1,1,,,,0.521,0.052,50.6,,,,,-3.594
32.74,REGROUND,14.6,-0.01,-9.58,16.88,-0.01,1,1,,,,0.533,0.054,3.1,,,,,
32.79,REGROUND,14.66,-0.01,-9.58,16.91,-0.01,1,1,,,,0.518,0.052,1.3,,,,,
32.84,REGROUND,14.66,-0.01,-9.58,16.93,-0.01,1,1,,,,0.53,0.053,0.9,,,,,
32.89,REGROUND,14.71,-0.01,-9.58,16.96,-0.01,1,1,,,,0.516,0.052,1.6,,,,,
32.94,REGROUND,14.71,-0.01,-9.58,16.98,-0.01,1,1,,,,0.528,0.053,0.9,,,,,
32.99,REGROUND,14.77,-0.01,-9.58,17.01,-0.01,1,1,,,,0.513,0.051,1.6,,,,,
33.04,REGROUND,14.77,-0.01,-9.58,17.03,-0.01,1,1,,,,0.525,0.052,0.9,,,,,
33.09,REGROUND,14.82,-0.01,-9.58,17.06,-0.01,1,1,,,,0.51,0.051,1.5,,,,,
33.14,REGROUND,14.82,-0.01,-9.58,17.08,-0.01,1,1,,,,0.523,0.052,0.9,,,,,
33.19,REGROUND,14.87,-0.01,-9.58,17.11,-0.01,1,1,,,,0.508,0.05,1.5,,,,,
33.24,REGROUND,14.87,-0.01,-9.58,17.13,-0.01,1,1,,,,0.52,0.052,0.9,,,,,
33.29,REGROUND,14.93,-0.01,-9.58,17.16,-0.01,1,1,,,,0.506,0.05,1.5,,,,,
33.34,REGROUND,14.93,-0.01,-9.58,17.18,-0.01,1,1,,,,0.518,0.051,0.9,,,,,
33.39,REGROUND,14.98,-0.02,-9.58,17.21,-0.01,1,1,,,,0.504,0.05,1.3,,,,,
33.44,REGROUND,14.98,-0.02,-9.58,17.23,-0.01,1,1,,,,0.516,0.051,0.8,,,,,
33.49,REGROUND,15.03,-0.02,-9.58,17.26,-0.01,1,1,,,,0.502,0.05,1.4,,,,,
33.54,REGROUND,15.03,-0.02,-9.58,17.28,-0.01,1,1,,,,0.514,0.051,0.6,,,,,
33.59,REGROUND,15.09,-0.02,-9.58,17.31,-0.01,1,1,,,,0.499,0.049,1.5,,,,,
33.64,REGROUND,15.14,-0.02,-9.58,17.33,-0.01,1,1,,,,0.485,0.048,1.6,,,,,
33.69,REGROUND,15.14,-0.02,-9.58,17.36,-0.01,1,1,,,,0.497,0.049,0.9,,,,,
33.74,REGROUND,15.19,-0.02,-9.58,17.38,-0.01,1,1,,,,0.483,0.048,1.6,,,,,
33.79,REGROUND,15.19,-0.02,-9.58,17.41,-0.01,1,1,,,,0.495,0.049,0.9,,,,,
33.84,REGROUND,15.19,-0.02,-9.58,17.43,-0.01,1,1,,,,0.508,0.05,0.9,,,,,
33.89,REGROUND,15.24,-0.02,-9.58,17.46,-0.01,1,1,,,,0.494,0.049,1.5,,,,,
33.94,REGROUND,15.24,-0.02,-9.58,17.48,-0.01,1,1,,,,0.506,0.05,0.9,,,,,
33.99,REGROUND,15.3,-0.03,-9.58,17.51,-0.01,1,1,,,,0.492,0.049,1.5,,,,,
34.04,REGROUND,15.3,-0.03,-9.58,17.53,-0.01,1,1,,,,0.504,0.05,0.7,,,,,
34.09,REGROUND,15.35,-0.03,-9.58,17.56,-0.01,1,1,,,,0.491,0.049,1.5,,,,,
34.14,REGROUND,15.35,-0.03,-9.58,17.58,-0.01,1,1,,,,0.503,0.05,0.9,,,,,
34.19,REGROUND,15.4,-0.03,-9.58,17.61,-0.01,1,1,,,,0.489,0.049,1.5,,,,,
34.24,REGROUND,15.45,-0.03,-9.58,17.63,-0.01,1,1,,,,0.476,0.047,1.5,,,,,
34.29,REGROUND,15.45,-0.03,-9.58,17.66,-0.01,1,1,,,,0.488,0.048,0.9,,,,,
34.34,REGROUND,15.5,-0.03,-9.58,17.68,-0.01,1,1,,,,0.475,0.047,1.6,,,,,
34.39,REGROUND,15.5,-0.03,-9.58,17.71,-0.01,1,1,,,,0.487,0.049,0.9,,,,,
34.44,REGROUND,15.5,-0.03,-9.58,17.73,-0.01,1,1,,,,0.499,0.05,0.9,,,,,
34.49,REGROUND,15.55,-0.03,-9.58,17.76,-0.01,1,1,,,,0.486,0.049,1.5,,,,,
34.54,REGROUND,15.55,-0.03,-9.58,17.78,-0.01,1,1,,,,0.498,0.05,0.9,,,,,
34.59,REGROUND,15.6,-0.04,-9.58,17.81,-0.01,1,1,,,,0.485,0.049,1.5,,,,,
34.64,REGROUND,15.6,-0.04,-9.58,17.83,-0.01,1,1,,,,0.497,0.05,0.9,,,,,
34.69,REGROUND,15.65,-0.04,-9.58,17.86,-0.01,1,1,,,,0.484,0.049,1.5,,,,,
34.74,REGROUND,15.65,-0.04,-9.58,17.88,-0.01,1,1,,,,0.496,0.05,0.9,,,,,
34.79,REGROUND,15.7,-0.04,-9.58,17.91,-0.01,1,1,,,,0.484,0.049,1.4,,,,,
34.84,REGROUND,15.75,-0.04,-9.58,17.93,-0.01,1,1,,,,0.471,0.047,1.4,,,,,
34.89,REGROUND,15.75,-0.04,-9.58,17.96,-0.01,1,1,,,,0.483,0.048,0.9,,,,,
34.94,REGROUND,15.8,-0.04,-9.58,17.98,-0.01,1,1,,,,0.471,0.047,1.6,,,,,
34.99,REGROUND,15.8,-0.04,-9.58,18.01,-0.01,1,1,,,,0.483,0.048,0.9,,,,,
35.04,REGROUND,15.85,-0.04,-9.58,18.03,-0.01,1,0,,,,0.471,0.047,1.6,,,,,
35.09,REGROUND,15.85,-0.04,-9.58,18.06,-0.01,1,0,,,,0.483,0.048,2.9,,,,,
35.14,REGROUND,15.85,-0.04,-9.58,18.08,-0.01,1,0,,,,0.495,0.049,0.9,,,,,
35.19,REGROUND,15.9,-0.04,-9.58,18.11,-0.01,1,0,,,,0.482,0.048,1.6,,,,,
35.24,REGROUND,15.9,-0.04,-9.58,18.13,-0.01,1,0,,,,0.494,0.049,1.0,,,,,
35.29,REGROUND,15.95,-0.05,-9.58,18.16,-0.01,1,0,,,,0.482,0.047,1.8,,,,,
35.34,REGROUND,15.95,-0.05,-9.58,18.18,-0.01,1,0,,,,0.495,0.049,0.9,,,,,
35.39,REGROUND,16.0,-0.05,-9.58,18.21,-0.01,1,0,,,,0.482,0.047,1.3,,,,,
35.44,REGROUND,16.05,-0.05,-9.58,18.24,-0.01,1,0,,,,0.47,0.046,1.5,,,,,
35.49,REGROUND,16.05,-0.05,-9.58,18.26,-0.01,1,0,,,,0.482,0.047,0.9,,,,,
35.54,REGROUND,16.1,-0.05,-9.58,18.29,-0.01,1,0,,,,0.47,0.045,1.5,,,,,
35.59,REGROUND,16.1,-0.05,-9.58,18.31,-0.01,1,0,,,,0.482,0.047,0.9,,,,,
35.64,REGROUND,16.15,-0.05,-9.58,18.34,-0.01,1,0,,,,0.47,0.045,1.4,,,,,
35.69,REGROUND,16.15,-0.05,-9.58,18.36,-0.01,1,0,,,,0.482,0.046,0.8,,,,,
35.74,REGROUND,16.2,-0.05,-9.58,18.39,-0.01,1,0,,,,0.47,0.045,1.6,,,,,
35.79,REGROUND,16.2,-0.05,-9.58,18.41,-0.01,1,0,,,,0.482,0.046,0.9,,,,,
35.84,REGROUND,16.2,-0.05,-9.58,18.44,-0.01,1,0,,,,0.494,0.047,0.8,,,,,
35.89,REGROUND,16.25,-0.05,-9.58,18.46,-0.01,1,0,,,,0.482,0.046,1.6,,,,,
35.94,REGROUND,16.29,-0.05,-9.58,18.49,-0.01,1,0,,,,0.47,0.045,1.5,,,,,
35.99,REGROUND,16.29,-0.05,-9.58,18.51,-0.01,1,0,,,,0.483,0.046,0.9,,,,,
36.04,REGROUND,16.34,-0.05,-9.58,18.54,-0.01,1,0,,,,0.471,0.045,1.5,,,,,
36.09,REGROUND,16.34,-0.05,-9.58,18.56,-0.01,1,0,,,,0.483,0.046,0.9,,,,,
36.14,REGROUND,16.39,-0.06,-9.58,18.59,-0.01,1,0,,,,0.471,0.045,1.5,,,,,
36.19,REGROUND,16.39,-0.06,-9.58,18.61,-0.01,1,0,,,,0.483,0.046,0.9,,,,,
36.24,REGROUND,16.44,-0.06,-9.58,18.64,-0.01,1,0,,,,0.471,0.045,1.6,,,,,
36.29,REGROUND,16.44,-0.06,-9.58,18.66,-0.01,1,0,,,,0.483,0.046,0.9,,,,,
36.34,REGROUND,16.49,-0.06,-9.58,18.69,-0.01,1,0,,,,0.471,0.045,1.6,,,,,
36.39,REGROUND,16.49,-0.06,-9.58,18.71,-0.01,1,0,,,,0.484,0.046,0.9,,,,,
36.44,REGROUND,16.54,-0.06,-9.58,18.74,-0.01,1,0,,,,0.472,0.045,1.6,,,,,
36.49,REGROUND,16.54,-0.06,-9.58,18.76,-0.01,1,0,,,,0.484,0.046,0.9,,,,,
36.54,REGROUND,16.58,-0.06,-9.58,18.79,-0.01,1,0,,,,0.472,0.045,1.5,,,,,
36.59,REGROUND,16.58,-0.06,-9.58,18.81,-0.01,1,0,,,,0.484,0.046,0.9,,,,,
36.64,REGROUND,16.63,-0.06,-9.58,18.84,-0.01,1,0,,,,0.472,0.045,1.6,,,,,
36.69,REGROUND,16.63,-0.06,-9.58,18.86,-0.01,1,0,,,,0.484,0.046,0.9,,,,,
36.74,REGROUND,16.68,-0.06,-9.58,18.89,-0.01,1,0,,,,0.473,0.045,1.3,,,,,
36.79,REGROUND,16.68,-0.06,-9.58,18.91,-0.01,1,0,,,,0.485,0.046,0.8,,,,,
36.84,REGROUND,16.73,-0.07,-9.58,18.94,-0.01,1,0,,,,0.473,0.045,1.4,,,,,
36.89,REGROUND,16.73,-0.07,-9.58,18.96,-0.01,1,0,,,,0.486,0.046,0.8,,,,,
36.94,REGROUND,16.78,-0.07,-9.58,18.99,-0.01,1,0,,,,0.474,0.045,1.6,,,,,
36.99,REGROUND,16.78,-0.07,-9.58,19.01,-0.01,1,0,,,,0.486,0.047,0.9,,,,,
37.04,REGROUND,16.82,-0.07,-9.58,19.04,-0.01,1,0,,,,0.474,0.046,1.6,,,,,
37.09,REGROUND,16.82,-0.07,-9.58,19.06,-0.01,1,0,,,,0.487,0.047,0.9,,,,,
37.14,REGROUND,16.87,-0.07,-9.58,19.09,-0.01,1,0,,,,0.475,0.046,1.5,,,,,
37.19,REGROUND,16.87,-0.07,-9.58,19.11,-0.01,1,0,,,,0.487,0.047,0.9,,,,,
37.24,REGROUND,16.92,-0.07,-9.58,19.14,-0.01,1,0,,,,0.475,0.046,1.3,,,,,
37.29,REGROUND,16.92,-0.07,-9.58,19.16,-0.01,1,0,,,,0.487,0.047,0.9,,,,,
37.34,REGROUND,16.97,-0.08,-9.58,19.19,-0.01,1,0,,,,0.476,0.046,1.5,,,,,
37.39,REGROUND,16.97,-0.08,-9.58,19.21,-0.01,1,0,,,,0.488,0.047,0.9,,,,,
37.44,REGROUND,17.02,-0.08,-9.58,19.24,-0.01,1,0,,,,0.476,0.046,3.3,,,,,
37.49,REGROUND,17.02,-0.08,-9.58,19.26,-0.01,1,0,,,,0.488,0.048,0.9,,,,,
37.54,REGROUND,17.06,-0.08,-9.58,19.29,-0.01,1,0,,,,0.476,0.047,1.4,,,,,
37.59,REGROUND,17.06,-0.08,-9.58,19.31,-0.01,1,0,,,,0.489,0.048,0.8,,,,,
37.64,REGROUND,17.11,-0.08,-9.58,19.34,-0.01,1,0,,,,0.477,0.047,1.5,,,,,
37.69,REGROUND,17.11,-0.08,-9.58,19.36,-0.01,1,0,,,,0.489,0.048,0.9,,,,,
37.75,REGROUND,17.16,-0.08,-9.58,19.39,-0.01,1,0,,,,0.477,0.047,1.6,,,,,
37.8,REGROUND,17.16,-0.08,-9.58,19.41,-0.01,1,0,,,,0.489,0.048,0.9,,,,,
37.85,REGROUND,17.21,-0.08,-9.58,19.44,-0.01,1,0,,,,0.478,0.047,1.5,,,,,
37.9,REGROUND,17.21,-0.08,-9.58,19.46,-0.01,1,0,,,,0.49,0.048,0.9,,,,,
37.95,REGROUND,17.26,-0.09,-9.58,19.49,-0.01,1,0,,,,0.478,0.047,1.6,,,,,
38.0,REGROUND,17.26,-0.09,-9.58,19.51,-0.01,1,0,,,,0.49,0.048,0.8,,,,,
38.05,REGROUND,17.31,-0.09,-9.58,19.54,-0.01,1,0,,,,0.478,0.047,1.5,,,,,
38.1,REGROUND,17.31,-0.09,-9.58,19.56,-0.01,1,0,,,,0.49,0.048,0.9,,,,,
38.15,REGROUND,17.35,-0.09,-9.58,19.59,-0.01,1,0,,,,0.478,0.047,1.4,,,,,
38.2,REGROUND,17.35,-0.09,-9.58,19.61,-0.01,1,0,,,,0.49,0.048,0.8,,,,,
38.25,REGROUND,17.4,-0.09,-9.58,19.64,-0.01,1,0,,,,0.479,0.047,1.5,,,,,
38.3,REGROUND,17.4,-0.09,-9.58,19.66,-0.01,1,0,,,,0.491,0.048,0.8,,,,,
38.35,REGROUND,17.45,-0.09,-9.58,19.69,-0.01,1,0,,,,0.479,0.046,1.3,,,,,
38.4,REGROUND,17.45,-0.09,-9.58,19.71,-0.01,1,0,,,,0.491,0.047,0.8,,,,,
38.45,REGROUND,17.5,-0.09,-9.58,19.74,-0.01,1,0,,,,0.479,0.046,1.6,,,,,
38.5,REGROUND,17.5,-0.09,-9.58,19.76,-0.01,1,0,,,,0.491,0.047,0.9,,,,,
38.55,REGROUND,17.55,-0.09,-9.58,19.79,-0.01,1,0,,,,0.479,0.046,1.6,,,,,
38.6,REGROUND,17.55,-0.09,-9.58,19.81,-0.01,1,0,,,,0.491,0.047,0.8,,,,,
38.65,REGROUND,17.6,-0.09,-9.58,19.84,-0.01,1,0,,,,0.479,0.046,1.6,,,,,
38.7,REGROUND,17.6,-0.09,-9.58,19.86,-0.01,1,0,,,,0.491,0.047,0.9,,,,,
38.75,REGROUND,17.65,-0.09,-9.58,19.89,-0.01,1,0,,,,0.479,0.046,1.6,,,,,
38.8,REGROUND,17.65,-0.09,-9.58,19.91,-0.01,1,0,,,,0.492,0.047,0.9,,,,,
38.85,REGROUND,17.69,-0.1,-9.58,19.94,-0.01,1,0,,,,0.48,0.046,1.5,,,,,
38.9,REGROUND,17.69,-0.1,-9.58,19.96,-0.01,1,0,,,,0.492,0.047,0.9,,,,,
38.95,REGROUND,17.74,-0.1,-9.58,19.99,-0.01,1,0,,,,0.48,0.045,1.5,,,,,
39.0,REGROUND,17.74,-0.1,-9.58,20.01,-0.01,1,0,,,,0.492,0.047,0.9,,,,,
39.05,REGROUND,17.79,-0.1,-9.58,20.04,-0.01,1,0,,,,0.48,0.045,1.5,,,,,
39.1,REGROUND,17.79,-0.1,-9.58,20.06,-0.01,1,0,,,,0.493,0.046,0.9,,,,,
39.15,REGROUND,17.84,-0.1,-9.58,20.09,-0.01,1,0,,,,0.481,0.045,1.5,,,,,
39.2,REGROUND,17.84,-0.1,-9.58,20.11,-0.01,1,0,,,,0.493,0.046,0.9,,,,,
39.25,REGROUND,17.89,-0.1,-9.58,20.14,-0.01,1,0,,,,0.481,0.045,1.4,,,,,
39.3,REGROUND,17.89,-0.1,-9.58,20.16,-0.01,1,0,,,,0.493,0.046,0.9,,,,,
39.35,REGROUND,17.94,-0.1,-9.58,20.19,-0.01,1,0,,,,0.481,0.045,1.5,,,,,
39.4,REGROUND,17.94,-0.1,-9.58,20.21,-0.01,1,0,,,,0.493,0.046,0.9,,,,,
39.45,REGROUND,17.98,-0.1,-9.58,20.24,-0.01,1,0,,,,0.481,0.045,1.5,,,,,
39.5,REGROUND,17.98,-0.1,-9.58,20.26,-0.01,1,0,,,,0.493,0.046,0.9,,,,,
39.55,REGROUND,18.03,-0.11,-9.58,20.29,-0.01,1,0,,,,0.481,0.045,1.5,,,,,
39.6,REGROUND,18.03,-0.11,-9.58,20.31,-0.01,1,0,,,,0.494,0.046,0.9,,,,,
39.65,REGROUND,18.08,-0.11,-9.58,20.34,-0.01,1,0,,,,0.482,0.045,1.5,,,,,
39.7,REGROUND,18.08,-0.11,-9.58,20.36,-0.01,1,0,,,,0.494,0.046,0.8,,,,,
39.75,REGROUND,18.13,-0.11,-9.58,20.39,-0.01,1,0,,,,0.482,0.045,3.5,,,,,
39.8,REGROUND,18.13,-0.11,-9.58,20.41,-0.01,1,0,,,,0.494,0.047,0.8,,,,,
39.85,REGROUND,18.18,-0.11,-9.58,20.44,-0.01,1,0,,,,0.482,0.046,1.4,,,,,
39.9,REGROUND,18.18,-0.11,-9.58,20.46,-0.01,1,0,,,,0.494,0.047,0.9,,,,,
39.95,REGROUND,18.23,-0.11,-9.58,20.49,-0.01,1,0,,,,0.482,0.046,1.6,,,,,
40.0,REGROUND,18.23,-0.11,-9.58,20.51,-0.01,1,0,,,,0.494,0.047,0.9,,,,,
40.05,REGROUND,18.28,-0.11,-9.58,20.54,-0.01,1,0,,,,0.482,0.046,1.4,,,,,
40.1,REGROUND,18.28,-0.11,-9.58,20.56,-0.01,1,0,,,,0.494,0.047,0.9,,,,,
40.15,REGROUND,18.33,-0.12,-9.58,20.59,-0.01,1,0,,,,0.482,0.046,1.5,,,,,
40.2,REGROUND,18.33,-0.12,-9.58,20.61,-0.01,1,0,,,,0.494,0.048,0.9,,,,,
40.25,REGROUND,18.37,-0.12,-9.58,20.64,-0.01,1,0,,,,0.482,0.047,1.4,,,,,
40.3,REGROUND,18.37,-0.12,-9.58,20.66,-0.01,1,0,,,,0.494,0.048,0.9,,,,,
40.35,REGROUND,18.42,-0.12,-9.58,20.69,-0.01,1,0,,,,0.482,0.047,1.4,,,,,
40.4,REGROUND,18.42,-0.12,-9.58,20.71,-0.01,1,0,,,,0.494,0.048,0.7,,,,,
40.45,REGROUND,18.47,-0.12,-9.58,20.74,-0.01,1,0,,,,0.482,0.047,1.4,,,,,
40.5,REGROUND,18.47,-0.12,-9.58,20.76,-0.01,1,0,,,,0.494,0.048,0.9,,,,,
40.55,REGROUND,18.52,-0.12,-9.58,20.79,-0.01,1,0,,,,0.481,0.047,1.4,,,,,
40.6,REGROUND,18.52,-0.12,-9.58,20.81,-0.01,1,0,,,,0.494,0.048,0.9,,,,,
40.65,REGROUND,18.57,-0.13,-9.58,20.84,-0.01,1,0,,,,0.481,0.047,1.6,,,,,
40.7,REGROUND,18.57,-0.13,-9.58,20.86,-0.01,1,0,,,,0.493,0.048,0.9,,,,,
40.75,REGROUND,18.62,-0.13,-9.58,20.89,-0.01,1,0,,,,0.481,0.047,1.6,,,,,
40.8,REGROUND,18.62,-0.13,-9.58,20.91,-0.01,1,0,,,,0.493,0.048,0.9,,,,,
40.85,REGROUND,18.67,-0.13,-9.58,20.94,-0.01,1,0,,,,0.481,0.047,1.6,,,,,
40.9,REGROUND,18.67,-0.13,-9.58,20.96,-0.01,1,0,,,,0.493,0.048,0.8,,,,,
40.95,REGROUND,18.72,-0.13,-9.58,20.99,-0.01,1,0,,,,0.481,0.047,1.6,,,,,
41.0,REGROUND,18.72,-0.13,-9.58,21.01,-0.01,1,0,,,,0.493,0.048,0.9,,,,,
41.05,REGROUND,18.77,-0.13,-9.58,21.04,-0.01,1,0,,,,0.481,0.047,1.5,,,,,
41.1,REGROUND,18.77,-0.13,-9.58,21.06,-0.01,1,0,,,,0.493,0.048,0.9,,,,,
41.15,REGROUND,18.82,-0.13,-9.58,21.09,-0.01,1,0,,,,0.481,0.047,1.4,,,,,
41.2,REGROUND,18.82,-0.13,-9.58,21.11,-0.01,1,0,,,,0.493,0.048,0.8,,,,,
41.25,REGROUND,18.86,-0.13,-9.58,21.14,-0.01,1,0,,,,0.481,0.046,1.4,,,,,
41.3,REGROUND,18.86,-0.13,-9.58,21.16,-0.01,1,0,,,,0.493,0.048,0.9,,,,,
41.35,REGROUND,18.91,-0.14,-9.58,21.19,-0.01,1,0,,,,0.481,0.046,1.6,,,,,
41.4,REGROUND,18.91,-0.14,-9.58,21.21,-0.01,1,0,,,,0.493,0.047,0.9,,,,,
41.45,REGROUND,18.96,-0.14,-9.58,21.24,-0.01,1,0,,,,0.481,0.046,1.5,,,,,
41.5,REGROUND,18.96,-0.14,-9.58,21.26,-0.01,1,0,,,,0.493,0.047,0.9,,,,,
41.55,REGROUND,19.01,-0.14,-9.58,21.29,-0.01,1,0,,,,0.48,0.046,1.7,,,,,
41.6,REGROUND,19.01,-0.14,-9.58,21.31,-0.01,1,0,,,,0.493,0.047,0.9,,,,,
41.65,REGROUND,19.06,-0.14,-9.58,21.34,-0.01,1,0,,,,0.48,0.046,1.6,,,,,
41.7,REGROUND,19.06,-0.14,-9.58,21.36,-0.01,1,0,,,,0.492,0.047,0.9,,,,,
41.75,REGROUND,19.11,-0.14,-9.58,21.39,-0.01,1,0,,,,0.48,0.046,1.5,,,,,
41.8,REGROUND,19.11,-0.14,-9.58,21.41,-0.01,1,0,,,,0.492,0.047,0.8,,,,,
41.85,REGROUND,19.16,-0.14,-9.58,21.44,-0.01,1,0,,,,0.48,0.046,1.4,,,,,
41.9,REGROUND,19.16,-0.14,-9.58,21.46,-0.01,1,0,,,,0.492,0.047,0.8,,,,,
41.95,REGROUND,19.21,-0.14,-9.58,21.49,-0.01,1,0,,,,0.48,0.046,1.6,,,,,
42.0,CARRY,19.21,-0.14,-9.58,21.51,-0.01,1,0,,,,0.938,0.312,259.8,,,,,
42.26,CARRY,19.36,-0.15,-9.58,21.65,-0.01,1,0,346.5,101.0,141.5,2.78,0.53,48.8,,,,,10.375
42.31,CARRY,19.36,-0.15,-9.58,21.67,-0.01,1,0,346.5,101.0,141.5,2.78,0.53,48.3,,,,,10.5
42.36,CARRY,19.4,-0.15,-9.58,21.7,-0.01,1,0,346.0,102.5,139.9,2.75,0.52,49.1,,,,,10.375
42.41,CARRY,19.4,-0.15,-9.58,21.72,-0.01,1,0,346.0,102.5,139.9,2.75,0.52,47.7,,,,,10.5
42.46,CARRY,19.45,-0.15,-9.58,21.75,-0.01,1,0,346.0,104.0,138.5,2.72,0.52,48.8,,,,,10.188
42.51,CARRY,19.45,-0.15,-9.58,21.77,-0.01,1,0,346.0,104.0,138.5,2.72,0.52,47.8,,,,,10.188
42.56,CARRY,19.51,-0.15,-9.58,21.8,-0.01,1,0,346.5,105.0,137.6,2.7,0.53,48.9,,,,,10.125
42.61,CARRY,19.51,-0.15,-9.58,21.82,-0.01,1,0,346.5,105.0,137.6,2.7,0.53,47.8,,,,,10.25
42.66,CARRY,19.57,-0.15,-9.58,21.85,-0.01,1,0,346.5,107.0,135.6,2.66,0.53,49.6,,,,,9.938
42.71,CARRY,19.57,-0.15,-9.58,21.87,-0.01,1,0,346.5,107.0,135.6,2.66,0.53,47.7,,,,,9.75
42.76,CARRY,19.64,-0.15,-9.57,21.9,-0.01,1,0,346.0,109.0,133.6,2.62,0.52,49.1,,,,,9.75
42.81,CARRY,19.64,-0.15,-9.57,21.92,-0.01,1,0,346.0,109.0,133.6,2.62,0.52,48.2,,,,,9.625
42.86,CARRY,19.74,-0.15,-9.57,21.95,-0.01,1,0,345.5,112.0,130.5,2.56,0.51,49.0,,,,,9.75
42.91,CARRY,19.74,-0.15,-9.57,21.97,-0.01,1,0,346.5,112.0,130.7,2.56,0.53,48.3,,,,,9.625
42.96,CARRY,19.86,-0.14,-9.57,22.0,-0.01,1,0,345.0,115.5,127.0,2.49,0.5,51.0,,,,,9.562
43.02,CARRY,19.86,-0.14,-9.57,22.02,-0.01,1,0,345.0,115.5,127.0,2.49,0.5,48.8,,,,,9.688
43.07,CARRY,20.0,-0.13,-9.57,22.05,-0.01,1,0,343.5,119.5,122.8,2.41,0.47,49.9,,,,,9.562
43.12,CARRY,20.0,-0.13,-9.57,22.07,-0.01,1,0,344.0,119.5,122.9,2.41,0.48,48.4,,,,,9.562
43.17,CARRY,20.16,-0.12,-9.57,22.1,-0.01,1,0,342.0,128.0,114.1,2.24,0.44,49.5,,,,,9.062
43.22,CARRY,20.16,-0.12,-9.57,22.12,-0.01,1,0,342.0,126.5,115.6,2.27,0.44,49.0,,,,,9.188
43.27,CARRY,20.35,-0.11,-9.57,22.15,-0.01,1,0,340.0,136.5,105.4,2.07,0.4,49.3,,,,,8.938
43.32,CARRY,20.35,-0.11,-9.57,22.17,-0.01,1,0,339.5,136.0,105.8,2.08,0.39,48.5,,,,,9.125
43.37,CARRY,20.55,-0.1,-9.58,22.2,-0.01,1,0,337.5,146.0,95.6,1.88,0.35,49.7,,,,,9.125
43.42,CARRY,20.55,-0.1,-9.58,22.22,-0.01,1,0,338.0,144.5,97.2,1.91,0.36,48.9,,,,,9.188
43.47,CARRY,20.76,-0.09,-9.58,22.25,-0.01,1,0,336.0,155.0,86.5,1.7,0.32,49.3,,,,,9.125
43.52,CARRY,20.76,-0.09,-9.58,22.27,-0.01,1,0,336.0,154.0,87.5,1.72,0.32,47.8,,,,,9.25
43.57,CARRY,20.97,-0.08,-9.58,22.3,-0.01,1,0,334.0,164.0,77.3,1.52,0.28,49.0,,,,,9.188
43.62,CARRY,20.97,-0.08,-9.58,22.32,-0.01,1,0,334.0,163.0,78.3,1.54,0.28,50.1,,,,,9.25
43.67,CARRY,21.18,-0.07,-9.58,22.35,-0.01,1,0,332.0,174.5,66.6,1.31,0.24,49.7,,,,,9.125
43.72,CARRY,21.18,-0.07,-9.58,22.37,-0.01,1,0,332.0,172.5,68.6,1.35,0.24,48.9,,,,,9.125
43.77,CARRY,21.39,-0.06,-9.58,22.4,-0.01,1,0,330.0,182.5,58.4,1.15,0.2,49.2,,,,,9.062
43.82,CARRY,21.39,-0.06,-9.58,22.42,-0.01,1,0,330.0,184.5,56.4,1.11,0.2,48.8,,,,,9.312
43.87,CARRY,21.59,-0.04,-9.58,22.45,-0.01,1,0,328.0,191.0,49.6,0.98,0.16,49.8,,,,,9.25
43.92,CARRY,21.59,-0.04,-9.58,22.48,-0.01,1,0,328.0,189.5,51.1,1.01,0.16,48.9,,,,,9.312
43.97,CARRY,21.78,-0.03,-9.58,22.5,-0.01,1,0,327.0,204.5,36.2,0.71,0.14,49.2,,,,,9.5
44.02,CARRY,21.78,-0.03,-9.58,22.53,-0.01,1,0,327.0,204.0,36.7,0.72,0.14,49.3,,,,,9.438
44.07,CARRY,21.96,-0.02,-9.58,22.55,-0.01,1,0,325.0,206.0,34.4,0.68,0.1,49.3,,,,,9.25
44.12,CARRY,21.96,-0.02,-9.58,22.58,-0.01,1,0,325.0,212.0,28.4,0.56,0.1,49.3,,,,,9.438
44.17,CARRY,22.12,-0.02,-9.58,22.6,-0.01,1,0,324.0,212.5,27.8,0.55,0.08,49.6,,,,,9.188
44.22,CARRY,22.12,-0.02,-9.58,22.63,-0.01,1,0,324.0,219.0,21.4,0.42,0.08,49.7,,,,,9.312
44.28,CARRY,22.27,-0.01,-9.58,22.65,-0.01,1,0,323.0,218.5,21.7,0.43,0.06,50.1,,,,,9.125
44.33,CARRY,22.27,-0.01,-9.58,22.68,-0.01,1,0,323.0,217.0,23.2,0.46,0.06,49.6,,,,,9.188
44.38,CARRY,22.41,-0.0,-9.58,22.7,-0.01,1,0,321.5,223.5,16.6,0.33,0.03,50.4,,,,,8.938
44.43,CARRY,22.41,-0.0,-9.58,22.73,-0.01,1,0,322.0,221.5,18.6,0.37,0.04,49.1,,,,,9.062
44.48,CARRY,22.53,0.01,-9.57,22.75,-0.01,1,0,321.0,227.5,12.5,0.25,0.02,50.4,,,,,9.0
44.53,CARRY,22.53,0.01,-9.57,22.78,-0.01,1,0,321.0,226.0,14.0,0.28,0.02,48.9,,,,,9.062
44.58,CARRY,22.63,0.01,-9.57,22.8,-0.01,1,0,320.0,230.5,9.5,0.19,0.0,49.0,,,,,8.938
44.63,CARRY,22.63,0.01,-9.57,22.83,-0.01,1,0,320.0,229.0,11.0,0.22,0.0,48.8,,,,,9.125
44.68,CARRY,22.73,0.02,-9.57,22.85,-0.01,1,0,319.0,232.5,7.6,0.15,-0.02,50.4,,,,,9.188
44.73,CARRY,22.73,0.02,-9.57,22.88,-0.01,1,0,319.5,231.0,9.0,0.18,-0.01,50.6,,,,,9.125
44.78,CARRY,22.81,0.02,-9.57,22.91,-0.01,1,0,319.0,234.0,6.1,0.12,-0.02,49.8,,,,,9.188
44.83,CARRY,22.81,0.02,-9.57,22.93,-0.01,1,0,319.0,212.5,27.5,0.55,-0.02,49.4,,,,,9.312
44.88,CARRY,22.88,0.02,-9.57,22.96,-0.01,1,0,318.5,235.0,5.2,0.1,-0.03,49.8,,,,,9.25
44.94,CARRY,22.88,0.02,-9.57,22.98,-0.01,1,0,318.5,227.5,12.6,0.25,-0.03,48.4,,,,,9.312
44.99,CARRY,22.94,0.02,-9.57,23.01,-0.01,1,0,318.5,235.5,4.7,0.09,-0.03,49.3,,,,,9.312
45.04,CARRY,22.94,0.02,-9.57,23.03,-0.01,1,0,318.5,234.5,5.7,0.11,-0.03,49.6,,,,,9.438
45.09,CARRY,22.99,0.02,-9.57,23.06,-0.01,1,0,318.5,235.5,4.7,0.09,-0.03,50.2,,,,,9.5
45.14,CARRY,22.99,0.02,-9.57,23.08,-0.01,1,0,318.5,234.5,5.7,0.11,-0.03,48.1,,,,,9.562
45.19,CARRY,23.03,0.02,-9.57,23.11,-0.01,1,0,318.5,235.5,4.7,0.09,-0.03,49.6,,,,,9.562
45.24,CARRY,23.03,0.02,-9.57,23.13,-0.01,1,0,318.5,234.0,6.2,0.12,-0.03,49.1,,,,,9.75
45.29,CARRY,23.07,0.02,-9.58,23.16,-0.01,1,0,318.5,235.0,5.2,0.1,-0.03,49.2,,,,,9.688
45.34,CARRY,23.07,0.02,-9.58,23.18,-0.01,1,0,318.5,233.0,7.2,0.14,-0.03,49.4,,,,,9.812
45.39,CARRY,23.1,0.02,-9.58,23.21,-0.01,1,0,318.5,234.0,6.2,0.12,-0.03,49.4,,,,,9.688
45.44,CARRY,23.1,0.02,-9.58,23.23,-0.01,1,0,318.5,232.5,7.6,0.15,-0.03,49.1,,,,,9.812
45.49,CARRY,23.13,0.02,-9.58,23.26,-0.01,1,0,319.0,233.0,7.1,0.14,-0.02,49.6,,,,,9.812
45.54,CARRY,23.13,0.02,-9.58,23.28,-0.01,1,0,319.0,231.0,9.1,0.18,-0.02,49.8,,,,,9.812
45.59,CARRY,23.16,0.02,-9.58,23.31,-0.01,1,0,319.0,231.0,9.1,0.18,-0.02,49.4,,,,,9.875
45.64,CARRY,23.18,0.02,-9.58,23.34,-0.01,1,0,319.0,231.0,9.1,0.18,-0.02,50.5,,,,,9.938
45.69,CARRY,23.18,0.02,-9.58,23.36,-0.01,1,0,319.5,230.0,10.0,0.2,-0.01,48.8,,,,,9.875
45.74,CARRY,23.21,0.01,-9.58,23.39,-0.01,1,0,319.5,230.0,10.0,0.2,-0.01,49.8,,,,,9.875
45.8,CARRY,23.21,0.01,-9.58,23.41,-0.01,1,0,320.0,228.5,11.5,0.23,0.0,48.3,,,,,9.75
45.85,CARRY,23.23,0.01,-9.58,23.44,-0.01,1,0,320.5,228.5,11.5,0.23,0.01,48.8,,,,,9.688
45.9,CARRY,23.23,0.01,-9.58,23.46,-0.01,1,0,320.5,226.5,13.5,0.27,0.01,48.8,,,,,9.625
45.95,CARRY,23.25,0.01,-9.58,23.49,-0.01,1,0,320.5,226.5,13.5,0.27,0.01,49.9,,,,,9.5
46.0,CARRY,23.25,0.01,-9.58,23.51,-0.01,1,0,320.5,225.0,15.0,0.3,0.01,48.4,,,,,9.375
46.05,CARRY,23.27,0.0,-9.58,23.54,-0.01,1,0,321.0,225.0,15.0,0.3,0.02,49.5,,,,,9.25
46.1,CARRY,23.27,0.0,-9.58,23.56,-0.01,1,0,321.5,224.0,16.1,0.32,0.03,49.0,,,,,9.125
46.15,CARRY,23.3,0.0,-9.58,23.59,-0.01,1,0,321.5,223.5,16.6,0.33,0.03,49.4,,,,,9.125
46.2,CARRY,23.3,0.0,-9.58,23.61,-0.01,1,0,321.5,222.0,18.1,0.36,0.03,49.1,,,,,9.125
46.25,CARRY,23.32,-0.0,-9.58,23.64,-0.01,1,0,321.5,222.0,18.1,0.36,0.03,50.7,,,,,9.125
46.3,CARRY,23.32,-0.0,-9.58,23.66,-0.01,1,0,321.5,220.5,19.6,0.39,0.03,48.1,,,,,9.312
46.35,CARRY,23.35,-0.0,-9.58,23.69,-0.01,1,0,322.0,220.5,19.6,0.39,0.04,48.8,,,,,9.312
46.4,CARRY,23.35,-0.0,-9.58,23.71,-0.01,1,0,322.5,219.5,20.7,0.41,0.05,49.4,,,,,9.312
46.45,CARRY,23.37,-0.01,-9.58,23.74,-0.01,1,0,322.5,219.0,21.1,0.42,0.05,49.5,,,,,9.375
46.5,CARRY,23.37,-0.01,-9.58,23.76,-0.01,1,0,322.5,218.0,22.1,0.44,0.05,49.0,,,,,9.312
46.55,CARRY,23.4,-0.01,-9.58,23.79,-0.01,1,0,322.5,218.5,21.6,0.43,0.05,53.4,,,,,9.25
46.6,CARRY,23.4,-0.01,-9.58,23.82,-0.01,1,0,322.5,216.5,23.6,0.47,0.05,50.0,,,,,9.188
46.66,CARRY,23.44,-0.01,-9.58,23.84,-0.01,1,0,322.0,217.0,23.1,0.46,0.04,52.4,,,,,9.25
46.71,CARRY,23.44,-0.01,-9.58,23.87,-0.01,1,0,323.0,215.5,24.7,0.49,0.06,50.5,,,,,9.0
46.76,CARRY,23.47,-0.01,-9.58,23.89,-0.01,1,0,322.5,216.0,24.1,0.48,0.05,52.0,,,,,9.188
46.81,CARRY,23.47,-0.01,-9.58,23.92,-0.01,1,0,323.5,214.5,25.7,0.51,0.07,49.8,,,,,8.938
46.86,CARRY,23.51,-0.01,-9.58,23.95,-0.01,1,0,323.5,215.0,25.2,0.5,0.07,50.7,,,,,8.938
46.92,CARRY,23.51,-0.01,-9.58,23.97,-0.01,1,0,323.5,213.5,26.7,0.53,0.07,49.5,,,,,8.875
46.97,CARRY,23.55,-0.01,-9.58,24.0,-0.01,1,0,323.5,214.0,26.2,0.52,0.07,49.7,,,,,8.812
47.02,CARRY,23.55,-0.01,-9.58,24.02,-0.01,1,0,323.5,213.0,27.2,0.54,0.07,49.2,,,,,8.812
47.07,CARRY,23.59,-0.02,-9.58,24.05,-0.01,1,0,323.5,213.5,26.7,0.53,0.07,49.8,,,,,8.75
47.12,CARRY,23.59,-0.02,-9.58,24.07,-0.01,1,0,324.0,212.5,27.8,0.55,0.08,50.3,,,,,8.812
47.17,CARRY,23.63,-0.02,-9.58,24.1,-0.01,1,0,323.5,213.5,26.7,0.53,0.07,49.1,,,,,8.75
47.22,CARRY,23.63,-0.02,-9.58,24.12,-0.01,1,0,324.0,212.0,28.3,0.56,0.08,51.8,,,,,8.688
47.27,CARRY,23.67,-0.02,-9.58,24.15,-0.01,1,0,323.5,213.0,27.2,0.54,0.07,50.3,,,,,8.688
47.32,CARRY,23.67,-0.02,-9.58,24.18,-0.01,1,0,324.0,211.5,28.8,0.57,0.08,49.5,,,,,8.625
47.37,CARRY,23.72,-0.02,-9.58,24.2,-0.01,1,0,324.5,212.5,27.9,0.55,0.09,52.3,,,,,8.562
47.43,CARRY,23.72,-0.02,-9.58,24.23,-0.01,1,0,324.0,211.0,29.3,0.58,0.08,48.4,,,,,8.5
47.48,CARRY,23.76,-0.02,-9.58,24.25,-0.01,1,0,324.5,212.5,27.9,0.55,0.09,49.9,,,,,8.438
47.53,CARRY,23.76,-0.02,-9.58,24.28,-0.01,1,0,325.0,211.0,29.4,0.58,0.1,48.4,,,,,8.438
47.58,CARRY,23.81,-0.02,-9.58,24.3,-0.01,1,0,324.5,212.0,28.4,0.56,0.09,52.1,,,,,8.438
47.63,CARRY,23.81,-0.02,-9.58,24.33,-0.01,1,0,324.5,211.0,29.3,0.58,0.09,48.6,,,,,8.312
47.68,CARRY,23.86,-0.02,-9.58,24.36,-0.01,1,0,324.5,212.0,28.4,0.56,0.09,48.8,,,,,8.312
47.73,CARRY,23.86,-0.02,-9.58,24.38,-0.01,1,0,324.5,211.0,29.3,0.58,0.09,49.0,,,,,8.312
47.78,CARRY,23.91,-0.02,-9.58,24.41,-0.01,1,0,324.5,212.0,28.4,0.56,0.09,48.9,,,,,8.312
47.83,CARRY,23.91,-0.02,-9.58,24.43,-0.01,1,0,324.5,211.0,29.3,0.58,0.09,48.1,,,,,8.312
47.88,CARRY,23.96,-0.02,-9.58,24.46,-0.01,1,0,324.5,212.0,28.4,0.56,0.09,48.8,,,,,8.25
47.93,CARRY,23.96,-0.02,-9.58,24.48,-0.01,1,0,324.5,211.0,29.3,0.58,0.09,47.8,,,,,8.375
47.98,CARRY,24.02,-0.02,-9.58,24.51,-0.01,1,0,324.5,212.5,27.9,0.55,0.09,48.7,,,,,8.312
48.03,CARRY,24.02,-0.02,-9.58,24.53,-0.01,1,0,324.5,211.0,29.3,0.58,0.09,47.9,,,,,8.375
48.08,CARRY,24.07,-0.02,-9.58,24.56,-0.01,1,0,324.0,212.0,28.3,0.56,0.08,48.7,,,,,8.188
48.13,CARRY,24.07,-0.02,-9.58,24.58,-0.01,1,0,324.5,211.0,29.3,0.58,0.09,48.3,,,,,8.25
48.18,CARRY,24.12,-0.02,-9.58,24.61,-0.01,1,0,324.0,212.5,27.8,0.55,0.08,49.0,,,,,8.25
48.23,CARRY,24.12,-0.02,-9.58,24.63,-0.01,1,0,324.5,211.0,29.3,0.58,0.09,50.1,,,,,8.312
48.28,CARRY,24.17,-0.02,-9.58,24.66,-0.01,1,0,324.0,212.5,27.8,0.55,0.08,49.0,,,,,8.25
48.33,CARRY,24.17,-0.02,-9.58,24.68,-0.01,1,0,324.5,211.5,28.9,0.57,0.09,47.1,,,,,8.312
48.38,CARRY,24.23,-0.02,-9.58,24.71,-0.01,1,0,324.0,213.0,27.3,0.54,0.08,50.9,,,,,8.25
48.44,CARRY,24.23,-0.02,-9.58,24.73,-0.01,1,0,324.5,211.5,28.9,0.57,0.09,50.5,,,,,8.312
48.49,CARRY,24.28,-0.02,-9.58,24.76,-0.01,1,0,324.0,213.0,27.3,0.54,0.08,48.6,,,,,8.188
48.54,CARRY,24.28,-0.02,-9.58,24.78,-0.01,1,0,324.0,211.5,28.8,0.57,0.08,47.5,,,,,8.25
48.59,CARRY,24.34,-0.02,-9.58,24.81,-0.01,1,0,324.0,213.0,27.3,0.54,0.08,48.3,,,,,8.188
48.64,CARRY,24.34,-0.02,-9.58,24.83,-0.01,1,0,324.0,211.5,28.8,0.57,0.08,47.6,,,,,8.25
48.69,CARRY,24.39,-0.02,-9.58,24.86,-0.01,1,0,324.0,213.5,26.8,0.53,0.08,48.6,,,,,8.25
48.74,CARRY,24.39,-0.02,-9.58,24.88,-0.01,1,0,324.0,211.5,28.8,0.57,0.08,47.7,,,,,8.312
48.79,CARRY,24.45,-0.02,-9.58,24.91,-0.01,1,0,323.5,213.5,26.7,0.53,0.07,48.7,,,,,8.312
48.84,CARRY,24.45,-0.02,-9.58,24.93,-0.01,1,0,324.0,212.0,28.3,0.56,0.08,51.5,,,,,8.375
48.89,CARRY,24.5,-0.02,-9.58,24.96,-0.01,1,0,323.5,213.5,26.7,0.53,0.07,48.9,,,,,8.312
48.94,CARRY,24.5,-0.02,-9.58,24.98,-0.01,1,0,324.0,212.5,27.8,0.55,0.08,49.9,,,,,8.312
48.99,CARRY,24.55,-0.02,-9.58,25.01,-0.01,1,0,323.5,214.0,26.2,0.52,0.07,50.7,,,,,8.25
49.04,CARRY,24.61,-0.02,-9.58,25.04,-0.01,1,0,323.5,215.5,24.7,0.49,0.07,52.4,,,,,8.188
49.1,CARRY,24.61,-0.02,-9.58,25.06,-0.01,1,0,323.5,214.0,26.2,0.52,0.07,47.7,,,,,8.188
49.15,CARRY,24.66,-0.02,-9.58,25.09,-0.01,1,0,323.5,215.5,24.7,0.49,0.07,51.3,,,,,8.312
49.2,CARRY,24.66,-0.02,-9.58,25.11,-0.01,1,0,323.5,214.0,26.2,0.52,0.07,48.4,,,,,8.312
49.25,CARRY,24.72,-0.02,-9.58,25.14,-0.01,1,0,323.5,215.5,24.7,0.49,0.07,51.0,,,,,8.375
49.3,CARRY,24.72,-0.02,-9.58,25.16,-0.01,1,0,323.5,214.5,25.7,0.51,0.07,48.6,,,,,8.375
49.35,CARRY,24.77,-0.02,-9.58,25.19,-0.01,1,0,323.5,216.0,24.3,0.48,0.07,51.2,,,,,8.438
49.4,CARRY,24.77,-0.02,-9.58,25.22,-0.01,1,0,323.5,215.0,25.2,0.5,0.07,49.2,,,,,8.375
49.45,CARRY,24.82,-0.02,-9.58,25.24,-0.01,1,0,323.5,216.0,24.3,0.48,0.07,50.6,,,,,8.438
49.51,CARRY,24.82,-0.02,-9.58,25.27,-0.01,1,0,323.5,215.0,25.2,0.5,0.07,48.9,,,,,8.375
49.56,CARRY,24.87,-0.02,-9.58,25.29,-0.01,1,0,323.5,216.0,24.3,0.48,0.07,49.3,,,,,8.312
49.61,CARRY,24.87,-0.02,-9.58,25.32,-0.01,1,0,323.5,215.0,25.2,0.5,0.07,48.7,,,,,8.312
49.66,CARRY,24.93,-0.02,-9.58,25.34,-0.01,1,0,323.5,216.0,24.3,0.48,0.07,50.0,,,,,8.125
49.71,CARRY,24.93,-0.02,-9.58,25.37,-0.01,1,0,323.5,215.0,25.2,0.5,0.07,48.5,,,,,8.125
49.76,CARRY,24.98,-0.02,-9.58,25.39,-0.01,1,0,323.0,216.5,23.7,0.47,0.06,49.0,,,,,8.438
49.81,CARRY,24.98,-0.02,-9.58,25.42,-0.01,1,0,323.5,215.0,25.2,0.5,0.07,48.4,,,,,8.438
49.86,CARRY,25.03,-0.01,-9.58,25.44,-0.01,1,0,323.0,216.5,23.7,0.47,0.06,48.5,,,,,8.5
49.91,CARRY,25.03,-0.01,-9.58,25.47,-0.01,1,0,323.5,215.0,25.2,0.5,0.07,50.3,,,,,8.562
49.96,CARRY,25.08,-0.01,-9.58,25.49,-0.01,1,0,323.0,216.5,23.7,0.47,0.06,50.9,,,,,8.5
50.01,CARRY,25.08,-0.01,-9.58,25.52,-0.01,1,0,323.5,215.0,25.2,0.5,0.07,48.2,,,,,8.5
50.06,CARRY,25.13,-0.01,-9.58,25.54,-0.01,1,0,323.0,216.5,23.7,0.47,0.06,49.2,,,,,8.562
50.11,CARRY,25.13,-0.01,-9.58,25.57,-0.01,1,0,323.5,215.0,25.2,0.5,0.07,48.4,,,,,8.562
50.16,CARRY,25.18,-0.01,-9.58,25.59,-0.01,1,0,323.0,216.5,23.7,0.47,0.06,50.8,,,,,8.562
50.21,CARRY,25.18,-0.01,-9.58,25.62,-0.01,1,0,323.5,215.0,25.2,0.5,0.07,49.5,,,,,8.562
50.26,CARRY,25.23,-0.01,-9.58,25.65,-0.01,1,0,323.0,216.0,24.2,0.48,0.06,49.0,,,,,8.5
50.31,CARRY,25.23,-0.01,-9.58,25.67,-0.01,1,0,323.0,215.0,25.2,0.5,0.06,48.2,,,,,8.5
50.36,CARRY,25.28,-0.01,-9.58,25.7,-0.01,1,0,323.0,216.0,24.2,0.48,0.06,49.4,,,,,8.5
50.41,CARRY,25.28,-0.01,-9.58,25.72,-0.01,1,0,323.0,215.0,25.2,0.5,0.06,48.3,,,,,8.562
50.46,CARRY,25.33,-0.01,-9.58,25.75,-0.01,1,0,323.0,216.0,24.2,0.48,0.06,49.5,,,,,8.5
50.51,CARRY,25.33,-0.01,-9.58,25.77,-0.01,1,0,323.0,214.5,25.7,0.51,0.06,48.4,,,,,8.562
50.56,CARRY,25.38,-0.01,-9.58,25.8,-0.01,1,0,322.5,216.0,24.1,0.48,0.05,50.4,,,,,8.5
50.62,CARRY,25.38,-0.01,-9.58,25.82,-0.01,1,0,323.0,214.5,25.7,0.51,0.06,49.8,,,,,8.562
50.67,CARRY,25.43,-0.01,-9.58,25.85,-0.01,1,0,322.5,216.0,24.1,0.48,0.05,49.9,,,,,8.5
50.72,CARRY,25.43,-0.01,-9.58,25.87,-0.01,1,0,323.0,214.5,25.7,0.51,0.06,49.6,,,,,8.5
50.77,CARRY,25.48,-0.01,-9.58,25.9,-0.01,1,0,322.5,216.0,24.1,0.48,0.05,50.2,,,,,8.438
50.82,CARRY,25.48,-0.01,-9.58,25.92,-0.01,1,0,323.0,215.0,25.2,0.5,0.06,48.3,,,,,8.438
50.87,CARRY,25.53,-0.01,-9.58,25.95,-0.01,1,0,322.5,216.0,24.1,0.48,0.05,48.9,,,,,8.5
50.92,CARRY,25.53,-0.01,-9.58,25.97,-0.01,1,0,323.0,215.0,25.2,0.5,0.06,48.5,,,,,8.5
50.97,CARRY,25.58,-0.01,-9.58,26.0,-0.01,1,0,322.5,216.0,24.1,0.48,0.05,48.8,,,,,8.5
51.02,CARRY,25.58,-0.01,-9.58,26.02,-0.01,1,0,323.0,215.0,25.2,0.5,0.06,48.6,,,,,8.438
51.07,CARRY,25.63,-0.01,-9.58,26.05,-0.01,1,0,322.5,216.0,24.1,0.48,0.05,48.9,,,,,8.5
51.12,CARRY,25.63,-0.01,-9.58,26.07,-0.01,1,0,323.0,215.0,25.2,0.5,0.06,48.9,,,,,8.562
51.17,CARRY,25.68,-0.01,-9.58,26.1,-0.01,1,0,322.5,216.0,24.1,0.48,0.05,48.9,,,,,8.625
51.22,CARRY,25.68,-0.01,-9.58,26.12,-0.01,1,0,323.0,215.0,25.2,0.5,0.06,48.7,,,,,8.688
51.27,CARRY,25.73,-0.01,-9.58,26.15,-0.01,1,0,322.5,216.5,23.6,0.47,0.05,48.9,,,,,8.75
51.32,CARRY,25.73,-0.01,-9.58,26.17,-0.01,1,0,323.0,215.0,25.2,0.5,0.06,50.0,,,,,8.75
51.37,CARRY,25.78,-0.01,-9.58,26.2,-0.01,1,0,322.5,218.0,22.1,0.44,0.05,50.3,,,,,8.688
51.42,CARRY,25.78,-0.01,-9.58,26.23,-0.01,1,0,323.0,214.5,25.7,0.51,0.06,49.9,,,,,8.75
51.47,CARRY,25.83,-0.01,-9.58,26.25,-0.01,1,0,322.5,220.0,20.2,0.4,0.05,49.2,,,,,8.688
51.52,CARRY,25.83,-0.01,-9.58,26.28,-0.01,1,0,323.0,214.5,25.7,0.51,0.06,48.9,,,,,8.75
51.57,CARRY,25.88,-0.01,-9.58,26.3,-0.01,1,0,322.5,221.0,19.2,0.38,0.05,50.3,,,,,8.812
51.62,CARRY,25.88,-0.01,-9.58,26.33,-0.01,1,0,323.0,214.5,25.7,0.51,0.06,49.4,,,,,8.812
51.68,CARRY,25.93,-0.01,-9.58,26.35,-0.01,1,0,322.5,222.5,17.7,0.35,0.05,50.6,,,,,8.875
51.73,CARRY,25.93,-0.01,-9.58,26.38,-0.01,1,0,323.0,214.0,26.2,0.52,0.06,49.8,,,,,8.875
51.78,CARRY,25.98,-0.01,-9.58,26.4,-0.01,1,0,322.5,224.0,16.2,0.32,0.05,48.9,,,,,8.875
51.83,CARRY,25.98,-0.01,-9.58,26.43,-0.01,1,0,323.0,223.0,17.3,0.34,0.06,48.5,,,,,8.875
51.88,CARRY,26.03,-0.01,-9.58,26.45,-0.01,1,0,322.5,225.5,14.7,0.29,0.05,50.1,,,,,8.938
51.93,CARRY,26.03,-0.01,-9.58,26.48,-0.01,1,0,323.0,224.5,15.8,0.31,0.06,49.3,,,,,8.875
51.98,CARRY,26.07,-0.01,-9.58,26.5,-0.01,1,0,323.0,226.5,13.8,0.27,0.06,51.0,,,,,8.875
52.03,CARRY,26.07,-0.01,-9.58,26.53,-0.01,1,0,323.0,226.0,14.3,0.28,0.06,50.9,,,,,8.938
52.08,CARRY,26.12,-0.01,-9.58,26.56,-0.01,1,0,323.0,228.0,12.4,0.24,0.06,51.6,,,,,8.938
52.14,CARRY,26.12,-0.01,-9.58,26.58,-0.01,1,0,323.0,206.5,33.6,0.67,0.06,51.8,,,,,9.062
52.19,CARRY,26.16,-0.01,-9.58,26.61,-0.01,1,0,323.0,214.5,25.7,0.51,0.06,51.5,,,,,8.938
52.24,CARRY,26.16,-0.01,-9.58,26.64,-0.01,1,0,323.0,213.5,26.7,0.53,0.06,51.7,,,,,9.0
52.29,CARRY,26.2,-0.01,-9.58,26.66,-0.01,1,0,323.0,213.5,26.7,0.53,0.06,49.4,,,,,9.125
52.35,CARRY,26.24,-0.01,-9.58,26.69,-0.01,1,0,323.0,214.5,25.7,0.51,0.06,49.3,,,,,9.125
52.4,CARRY,26.24,-0.01,-9.58,26.71,-0.01,1,0,323.0,213.5,26.7,0.53,0.06,48.5,,,,,9.125
52.45,CARRY,26.28,-0.01,-9.58,26.74,-0.01,1,0,323.0,213.5,26.7,0.53,0.06,49.5,,,,,9.188
52.5,CARRY,26.28,-0.01,-9.58,26.76,-0.01,1,0,323.0,212.5,27.7,0.55,0.06,50.4,,,,,9.125
52.55,CARRY,26.32,-0.01,-9.58,26.79,-0.01,1,0,323.5,213.5,26.7,0.53,0.07,49.4,,,,,9.062
52.6,CARRY,26.32,-0.01,-9.58,26.81,-0.01,1,0,323.5,212.0,28.2,0.56,0.07,48.6,,,,,9.125
52.65,CARRY,26.36,-0.01,-9.58,26.84,-0.01,1,0,323.0,213.0,27.2,0.54,0.06,48.5,,,,,9.125
52.7,CARRY,26.36,-0.01,-9.58,26.86,-0.01,1,0,323.5,211.5,28.7,0.57,0.07,48.2,,,,,9.188
52.75,CARRY,26.41,-0.01,-9.58,26.89,-0.01,1,0,323.0,212.5,27.7,0.55,0.06,48.3,,,,,9.188
52.8,CARRY,26.41,-0.01,-9.58,26.91,-0.01,1,0,323.5,211.5,28.7,0.57,0.07,50.5,,,,,9.25
52.85,CARRY,26.45,-0.01,-9.58,26.94,-0.01,1,0,323.0,212.5,27.7,0.55,0.06,49.8,,,,,9.188
52.9,CARRY,26.45,-0.01,-9.58,26.96,-0.01,1,0,323.5,211.0,29.2,0.58,0.07,48.4,,,,,9.25
52.95,CARRY,26.5,-0.01,-9.58,26.99,-0.01,1,0,323.5,212.5,27.7,0.55,0.07,50.8,,,,,9.312
53.0,CARRY,26.5,-0.01,-9.58,27.02,-0.01,1,0,323.5,211.0,29.2,0.58,0.07,48.5,,,,,9.312
53.05,CARRY,26.55,-0.01,-9.58,27.04,-0.01,1,0,323.5,228.5,12.0,0.23,0.07,50.9,,,,,9.312
53.1,CARRY,26.55,-0.01,-9.58,27.07,-0.01,1,0,323.5,211.0,29.2,0.58,0.07,48.9,,,,,9.312
53.15,CARRY,26.6,-0.01,-9.58,27.09,-0.01,1,0,323.5,212.5,27.7,0.55,0.07,49.4,,,,,9.375
53.2,CARRY,26.6,-0.01,-9.58,27.12,-0.01,1,0,323.5,211.0,29.2,0.58,0.07,50.0,,,,,9.375
53.26,CARRY,26.66,-0.01,-9.58,27.14,-0.01,1,0,323.5,212.5,27.7,0.55,0.07,48.8,,,,,9.438
53.31,CARRY,26.66,-0.01,-9.58,27.17,-0.01,1,0,323.5,211.0,29.2,0.58,0.07,50.1,,,,,9.438
53.36,CARRY,26.71,-0.01,-9.58,27.19,-0.01,1,0,323.5,212.5,27.7,0.55,0.07,50.8,,,,,9.438
53.41,CARRY,26.71,-0.01,-9.58,27.22,-0.01,1,0,323.5,241.5,3.8,-0.03,0.07,48.0,,,,,9.312
53.46,CARRY,26.76,-0.01,-9.58,27.24,-0.01,1,0,323.5,212.5,27.7,0.55,0.07,51.3,,,,,9.375
53.51,CARRY,26.76,-0.01,-9.58,27.27,-0.01,1,0,323.5,211.5,28.7,0.57,0.07,48.0,,,,,9.312
53.56,CARRY,26.82,-0.01,-9.58,27.29,-0.01,1,0,323.5,213.0,27.2,0.54,0.07,48.3,,,,,9.375
53.61,CARRY,26.82,-0.01,-9.58,27.32,-0.01,1,0,323.5,211.5,28.7,0.57,0.07,51.4,,,,,9.312
53.66,CARRY,26.87,-0.01,-9.58,27.35,-0.01,1,0,323.5,213.0,27.2,0.54,0.07,48.8,,,,,9.375
53.71,CARRY,26.87,-0.01,-9.58,27.37,-0.01,1,0,323.5,211.5,28.7,0.57,0.07,50.4,,,,,9.5
53.76,CARRY,26.92,-0.01,-9.58,27.4,-0.01,1,0,323.5,249.0,9.7,-0.18,0.07,50.4,,,,,9.312
53.82,CARRY,26.92,-0.01,-9.58,27.42,-0.01,1,0,323.5,211.5,28.7,0.57,0.07,49.9,,,,,9.5
53.87,CARRY,26.98,-0.01,-9.58,27.45,-0.01,1,0,323.5,213.5,26.7,0.53,0.07,48.5,,,,,9.438
53.92,CARRY,26.98,-0.01,-9.58,27.47,-0.01,1,0,323.5,212.0,28.2,0.56,0.07,48.0,,,,,9.438
53.97,CARRY,27.03,-0.01,-9.58,27.5,-0.01,1,0,323.5,213.5,26.7,0.53,0.07,51.3,,,,,9.438
54.02,CARRY,27.03,-0.01,-9.58,27.52,-0.01,1,0,323.5,212.0,28.2,0.56,0.07,50.6,,,,,9.5
54.07,CARRY,27.09,-0.01,-9.58,27.55,-0.01,1,0,323.5,213.5,26.7,0.53,0.07,49.0,,,,,9.5
54.12,CARRY,27.09,-0.01,-9.58,27.57,-0.01,1,0,323.5,212.5,27.7,0.55,0.07,50.5,,,,,9.375
54.17,CARRY,27.14,-0.01,-9.58,27.6,-0.01,1,0,323.0,214.0,26.2,0.52,0.06,51.7,,,,,9.438
54.23,CARRY,27.14,-0.01,-9.58,27.63,-0.01,1,0,323.5,212.5,27.7,0.55,0.07,50.1,,,,,9.438
54.28,CARRY,27.2,-0.01,-9.58,27.65,-0.01,1,0,323.0,214.0,26.2,0.52,0.06,50.1,,,,,9.438
54.33,CARRY,27.2,-0.01,-9.58,27.68,-0.01,1,0,323.5,213.0,27.2,0.54,0.07,51.0,,,,,9.438
54.38,CARRY,27.25,-0.01,-9.58,27.7,-0.01,1,0,323.0,214.5,25.7,0.51,0.06,50.3,,,,,9.438
54.43,CARRY,27.25,-0.01,-9.58,27.73,-0.01,1,0,323.5,213.0,27.2,0.54,0.07,49.3,,,,,9.438
54.48,CARRY,27.3,-0.01,-9.58,27.75,-0.01,1,0,323.0,214.5,25.7,0.51,0.06,50.2,,,,,9.5
54.53,CARRY,27.3,-0.01,-9.58,27.78,-0.01,1,0,323.5,213.0,27.2,0.54,0.07,48.4,,,,,9.5
54.58,CARRY,27.36,-0.01,-9.58,27.81,-0.01,1,0,323.0,215.0,25.2,0.5,0.06,49.2,,,,,9.438
54.63,CARRY,27.36,-0.01,-9.58,27.83,-0.01,1,0,323.5,213.5,26.7,0.53,0.07,48.1,,,,,9.5
54.68,CARRY,27.41,-0.01,-9.58,27.86,-0.01,1,0,323.0,215.0,25.2,0.5,0.06,49.4,,,,,9.5
54.73,CARRY,27.41,-0.01,-9.58,27.88,-0.01,1,0,323.5,213.5,26.7,0.53,0.07,47.9,,,,,9.562
54.78,CARRY,27.47,-0.01,-9.58,27.91,-0.01,1,0,323.0,215.0,25.2,0.5,0.06,48.8,,,,,9.5
54.83,CARRY,27.47,-0.01,-9.58,27.93,-0.01,1,0,323.5,214.0,26.2,0.52,0.07,47.7,,,,,9.5
54.88,CARRY,27.52,-0.01,-9.58,27.96,-0.01,1,0,323.0,215.5,24.7,0.49,0.06,49.0,,,,,9.375
54.93,CARRY,27.52,-0.01,-9.58,27.98,-0.01,1,0,323.5,214.0,26.2,0.52,0.07,48.1,,,,,9.375
54.98,CARRY,27.57,-0.01,-9.58,28.01,-0.01,1,0,323.0,215.5,24.7,0.49,0.06,48.5,,,,,9.375
55.03,CARRY,27.57,-0.01,-9.58,28.03,-0.01,1,0,323.0,214.0,26.2,0.52,0.06,48.2,,,,,9.438
55.08,CARRY,27.63,-0.01,-9.58,28.06,-0.01,1,0,323.0,215.5,24.7,0.49,0.06,49.1,,,,,9.375
55.13,CARRY,27.63,-0.01,-9.58,28.08,-0.01,1,0,323.0,214.5,25.7,0.51,0.06,50.4,,,,,9.375
55.18,CARRY,27.68,-0.01,-9.58,28.11,-0.01,1,0,323.0,215.5,24.7,0.49,0.06,48.9,,,,,9.438
55.23,CARRY,27.68,-0.01,-9.58,28.13,-0.01,1,0,323.0,214.5,25.7,0.51,0.06,49.9,,,,,9.375
55.29,CARRY,27.73,-0.01,-9.58,28.16,-0.01,1,0,322.5,216.0,24.1,0.48,0.05,48.6,,,,,9.438
55.34,CARRY,27.73,-0.01,-9.58,28.18,-0.01,1,0,323.0,214.5,25.7,0.51,0.06,48.0,,,,,9.375
55.39,CARRY,27.78,-0.01,-9.58,28.21,-0.01,1,0,322.5,216.0,24.1,0.48,0.05,48.6,,,,,9.375
55.44,CARRY,27.78,-0.01,-9.58,28.23,-0.01,1,0,323.0,215.0,25.2,0.5,0.06,48.0,,,,,9.375
55.49,CARRY,27.84,-0.01,-9.58,28.26,-0.01,1,0,322.5,216.0,24.1,0.48,0.05,49.5,,,,,9.312
55.54,CARRY,27.84,-0.01,-9.58,28.28,-0.01,1,0,323.0,215.0,25.2,0.5,0.06,48.3,,,,,9.312
55.59,CARRY,27.89,-0.01,-9.58,28.31,-0.01,1,0,322.5,216.5,23.6,0.47,0.05,49.5,,,,,9.375
55.64,CARRY,27.89,-0.01,-9.58,28.33,-0.01,1,0,323.0,215.0,25.2,0.5,0.06,48.2,,,,,9.375
55.69,CARRY,27.94,-0.01,-9.58,28.36,-0.01,1,0,322.5,216.5,23.6,0.47,0.05,50.9,,,,,9.375
55.74,CARRY,27.94,-0.01,-9.58,28.38,-0.01,1,0,323.0,215.0,25.2,0.5,0.06,49.6,,,,,9.312
55.79,CARRY,27.99,-0.01,-9.58,28.41,-0.01,1,0,322.5,216.5,23.6,0.47,0.05,49.9,,,,,9.375
55.84,CARRY,27.99,-0.01,-9.58,28.43,-0.01,1,0,323.0,215.0,25.2,0.5,0.06,49.6,,,,,9.312
55.89,CARRY,28.04,-0.01,-9.58,28.46,-0.01,1,0,322.5,216.5,23.6,0.47,0.05,52.3,,,,,9.375
55.94,CARRY,28.09,-0.01,-9.58,28.49,-0.01,1,0,323.0,218.0,22.2,0.44,0.06,49.6,,,,,9.312
56.0,CARRY,28.09,-0.01,-9.58,28.51,-0.01,1,0,323.0,215.5,24.7,0.49,0.06,48.6,,,,,9.25
56.05,CARRY,28.14,-0.01,-9.58,28.54,-0.01,1,0,323.0,217.5,22.7,0.45,0.06,51.2,,,,,9.312
56.1,CARRY,28.14,-0.01,-9.58,28.56,-0.01,1,0,322.5,216.0,24.1,0.48,0.05,48.0,,,,,9.312
56.15,CARRY,28.19,-0.01,-9.58,28.59,-0.01,1,0,323.0,240.0,3.0,-0.0,0.06,49.3,,,,,9.375
56.2,CARRY,28.19,-0.01,-9.58,28.61,-0.01,1,0,322.5,216.0,24.1,0.48,0.05,50.7,,,,,9.375
56.25,CARRY,28.24,-0.01,-9.58,28.64,-0.01,1,0,323.0,277.5,37.6,-0.75,0.06,49.2,,,,,9.375
56.3,CARRY,28.24,-0.01,-9.58,28.66,-0.01,1,0,323.0,216.0,24.2,0.48,0.06,48.3,,,,,9.438
56.35,CARRY,28.29,-0.01,-9.58,28.69,-0.01,1,0,323.0,217.0,23.2,0.46,0.06,48.6,,,,,9.375
56.4,CARRY,28.29,-0.01,-9.58,28.71,-0.01,1,0,323.5,215.5,24.7,0.49,0.07,48.5,,,,,9.438
56.45,CARRY,28.33,-0.01,-9.58,28.74,-0.01,1,0,323.0,217.0,23.2,0.46,0.06,51.0,,,,,9.375
56.5,CARRY,28.33,-0.01,-9.58,28.77,-0.01,1,0,323.5,215.5,24.7,0.49,0.07,48.5,,,,,9.312
56.55,CARRY,28.38,-0.01,-9.58,28.79,-0.01,1,0,323.0,216.5,23.7,0.47,0.06,52.2,,,,,9.188
56.61,CARRY,28.38,-0.01,-9.58,28.82,-0.01,1,0,323.5,215.5,24.7,0.49,0.07,50.8,,,,,9.062
56.66,CARRY,28.43,-0.01,-9.58,28.84,-0.01,1,0,323.0,216.5,23.7,0.47,0.06,49.9,,,,,9.0
56.71,CARRY,28.43,-0.01,-9.58,28.87,-0.01,1,0,323.5,215.0,25.2,0.5,0.07,48.3,,,,,8.875
56.76,CARRY,28.47,-0.01,-9.58,28.89,-0.01,1,0,323.0,216.5,23.7,0.47,0.06,48.1,,,,,8.75
56.81,CARRY,28.47,-0.01,-9.58,28.92,-0.01,1,0,323.5,214.5,25.7,0.51,0.07,49.6,,,,,8.625
56.86,CARRY,28.52,-0.01,-9.58,28.94,-0.01,1,0,323.5,215.5,24.7,0.49,0.07,51.9,,,,,8.688
56.91,CARRY,28.52,-0.01,-9.58,28.97,-0.01,1,0,323.5,214.0,26.2,0.52,0.07,48.1,,,,,8.562
56.96,CARRY,28.57,-0.01,-9.58,28.99,-0.01,1,0,323.5,215.5,24.7,0.49,0.07,49.6,,,,,8.562
57.01,CARRY,28.57,-0.01,-9.58,29.02,-0.01,1,0,323.5,214.0,26.2,0.52,0.07,48.6,,,,,8.438
57.06,CARRY,28.61,-0.01,-9.58,29.05,-0.01,1,0,323.5,215.5,24.7,0.49,0.07,49.5,,,,,8.438
57.11,CARRY,28.61,-0.01,-9.58,29.07,-0.01,1,0,323.5,213.5,26.7,0.53,0.07,48.6,,,,,8.312
57.16,CARRY,28.66,-0.01,-9.58,29.1,-0.01,1,0,323.5,215.5,24.7,0.49,0.07,49.4,,,,,8.438
57.21,CARRY,28.66,-0.01,-9.58,29.12,-0.01,1,0,323.5,213.5,26.7,0.53,0.07,48.5,,,,,8.312
57.26,CARRY,28.71,-0.01,-9.58,29.15,-0.01,1,0,323.5,215.5,24.7,0.49,0.07,49.4,,,,,8.375
57.31,CARRY,28.71,-0.01,-9.58,29.17,-0.01,1,0,323.5,213.5,26.7,0.53,0.07,48.6,,,,,8.312
57.36,CARRY,28.76,-0.01,-9.58,29.2,-0.01,1,0,323.5,215.5,24.7,0.49,0.07,50.3,,,,,8.375
57.42,CARRY,28.76,-0.01,-9.58,29.22,-0.01,1,0,323.5,213.5,26.7,0.53,0.07,48.6,,,,,8.25
57.47,CARRY,28.81,-0.01,-9.58,29.25,-0.01,1,0,323.5,215.5,24.7,0.49,0.07,49.1,,,,,8.312
57.52,CARRY,28.81,-0.01,-9.58,29.27,-0.01,1,0,323.5,213.5,26.7,0.53,0.07,48.2,,,,,8.25
57.57,CARRY,28.86,-0.01,-9.58,29.3,-0.01,1,0,323.0,215.5,24.7,0.49,0.06,50.5,,,,,8.25
57.62,CARRY,28.86,-0.01,-9.58,29.32,-0.01,1,0,323.5,213.5,26.7,0.53,0.07,50.9,,,,,8.188
57.67,CARRY,28.91,-0.01,-9.58,29.35,-0.01,1,0,323.0,215.0,25.2,0.5,0.06,49.5,,,,,8.312
57.72,CARRY,28.91,-0.01,-9.58,29.37,-0.01,1,0,323.5,213.5,26.7,0.53,0.07,49.2,,,,,8.188
57.77,CARRY,28.96,-0.01,-9.58,29.4,-0.01,1,0,323.0,215.0,25.2,0.5,0.06,49.5,,,,,8.25
57.82,CARRY,28.96,-0.01,-9.58,29.42,-0.01,1,0,323.5,213.5,26.7,0.53,0.07,48.5,,,,,8.188
57.87,CARRY,29.01,-0.01,-9.58,29.45,-0.01,1,0,323.0,215.0,25.2,0.5,0.06,48.9,,,,,8.312
57.92,CARRY,29.01,-0.01,-9.58,29.47,-0.01,1,0,323.5,213.5,26.7,0.53,0.07,48.6,,,,,8.25
57.97,CARRY,29.06,-0.01,-9.58,29.5,-0.01,1,0,323.0,215.0,25.2,0.5,0.06,48.9,,,,,8.375
58.02,CARRY,29.06,-0.01,-9.58,29.52,-0.01,1,0,323.5,213.5,26.7,0.53,0.07,48.5,,,,,8.312
58.07,CARRY,29.11,-0.01,-9.58,29.55,-0.01,1,0,323.0,215.5,24.7,0.49,0.06,50.8,,,,,8.312
58.12,CARRY,29.11,-0.01,-9.58,29.58,-0.01,1,0,323.5,213.5,26.7,0.53,0.07,50.0,,,,,8.312
58.17,CARRY,29.16,-0.01,-9.58,29.6,-0.01,1,0,323.0,215.5,24.7,0.49,0.06,50.2,,,,,8.375
58.22,CARRY,29.16,-0.01,-9.58,29.63,-0.01,1,0,323.5,213.5,26.7,0.53,0.07,48.3,,,,,8.312
58.27,CARRY,29.21,-0.01,-9.58,29.65,-0.01,1,0,323.0,215.5,24.7,0.49,0.06,48.8,,,,,8.375
58.32,CARRY,29.21,-0.01,-9.58,29.68,-0.01,1,0,323.5,213.5,26.7,0.53,0.07,47.3,,,,,8.312
58.38,CARRY,29.27,-0.01,-9.58,29.7,-0.01,1,0,323.0,215.5,24.7,0.49,0.06,52.5,,,,,8.375
58.43,CARRY,29.27,-0.01,-9.58,29.73,-0.01,1,0,323.5,213.5,26.7,0.53,0.07,50.1,,,,,8.375
58.48,CARRY,29.32,-0.01,-9.58,29.75,-0.01,1,0,323.0,215.5,24.7,0.49,0.06,50.9,,,,,8.375
58.53,CARRY,29.32,-0.01,-9.58,29.78,-0.01,1,0,323.5,213.5,26.7,0.53,0.07,49.4,,,,,8.375
58.58,CARRY,29.37,-0.01,-9.58,29.81,-0.01,1,0,323.5,215.5,24.7,0.49,0.07,48.2,,,,,8.375
58.63,CARRY,29.37,-0.01,-9.58,29.83,-0.01,1,0,323.5,213.5,26.7,0.53,0.07,48.1,,,,,8.375
58.68,CARRY,29.42,-0.01,-9.58,29.86,-0.01,1,0,323.5,215.5,24.7,0.49,0.07,48.9,,,,,8.438
58.73,CARRY,29.42,-0.01,-9.58,29.88,-0.01,1,0,323.5,213.5,26.7,0.53,0.07,50.7,,,,,8.375
58.78,CARRY,29.47,-0.02,-9.58,29.91,-0.01,1,0,323.5,215.5,24.7,0.49,0.07,50.1,,,,,8.438
58.83,CARRY,29.47,-0.02,-9.58,29.93,-0.01,1,0,323.5,213.5,26.7,0.53,0.07,49.0,,,,,8.375
58.88,CARRY,29.52,-0.02,-9.58,29.96,-0.01,1,0,323.5,215.5,24.7,0.49,0.07,50.5,,,,,8.438
58.94,CARRY,29.52,-0.02,-9.58,29.98,-0.01,1,0,323.5,213.5,26.7,0.53,0.07,49.4,,,,,8.375
58.99,CARRY,29.58,-0.02,-9.58,30.01,-0.01,1,0,323.5,215.5,24.7,0.49,0.07,50.0,,,,,8.438
59.04,CARRY,29.58,-0.02,-9.58,30.03,-0.01,1,0,323.5,213.5,26.7,0.53,0.07,51.0,,,,,8.375
59.09,CARRY,29.63,-0.02,-9.58,30.06,-0.01,1,0,323.5,215.5,24.7,0.49,0.07,49.4,,,,,8.438
59.14,CARRY,29.63,-0.02,-9.58,30.08,-0.01,1,0,323.5,213.5,26.7,0.53,0.07,47.6,,,,,8.438
59.19,CARRY,29.68,-0.02,-9.58,30.11,-0.01,1,0,323.5,215.5,24.7,0.49,0.07,51.8,,,,,8.562
59.24,CARRY,29.73,-0.02,-9.58,30.14,-0.01,1,0,323.5,217.0,23.3,0.46,0.07,49.3,,,,,8.562
59.29,CARRY,29.73,-0.02,-9.58,30.16,-0.01,1,0,323.5,215.5,24.7,0.49,0.07,50.9,,,,,8.625
59.35,CARRY,29.78,-0.02,-9.58,30.19,-0.01,1,0,323.5,218.5,21.8,0.43,0.07,49.1,,,,,8.625
59.4,CARRY,29.78,-0.02,-9.58,30.21,-0.01,1,0,323.5,215.5,24.7,0.49,0.07,48.2,,,,,8.688
59.45,CARRY,29.83,-0.02,-9.58,30.24,-0.01,1,0,323.5,220.5,19.8,0.39,0.07,50.4,,,,,8.625
59.5,CARRY,29.83,-0.02,-9.58,30.26,-0.01,1,0,323.5,215.5,24.7,0.49,0.07,48.7,,,,,8.812
59.55,CARRY,29.88,-0.02,-9.58,30.29,-0.01,1,0,323.5,221.5,18.8,0.37,0.07,49.3,,,,,8.688
59.6,CARRY,29.88,-0.02,-9.58,30.31,-0.01,1,0,323.5,221.0,19.3,0.38,0.07,49.2,,,,,8.875
59.65,CARRY,29.93,-0.02,-9.58,30.34,-0.01,1,0,323.5,223.0,17.4,0.34,0.07,49.6,,,,,8.812
59.7,CARRY,29.93,-0.02,-9.58,30.36,-0.01,1,0,323.5,222.5,17.8,0.35,0.07,49.4,,,,,8.938
59.75,CARRY,29.98,-0.02,-9.58,30.39,-0.01,1,0,323.5,224.5,15.9,0.31,0.07,49.1,,,,,8.875
59.8,CARRY,29.98,-0.02,-9.58,30.41,-0.01,1,0,323.5,223.5,16.9,0.33,0.07,49.2,,,,,8.938
59.85,CARRY,30.03,-0.02,-9.58,30.44,-0.01,1,0,323.0,226.0,14.3,0.28,0.06,51.3,,,,,8.875
59.9,CARRY,30.03,-0.02,-9.58,30.46,-0.01,1,0,323.5,225.0,15.4,0.3,0.07,48.5,,,,,8.938
59.95,CARRY,30.07,-0.01,-9.58,30.49,-0.01,1,0,323.0,227.0,13.3,0.26,0.06,48.9,,,,,8.938
60.0,CARRY,30.07,-0.01,-9.58,30.51,-0.01,1,0,323.5,226.5,13.9,0.27,0.07,49.3,,,,,9.062
60.05,CARRY,30.11,-0.01,-9.58,30.54,-0.01,1,0,323.0,228.5,11.9,0.23,0.06,49.5,,,,,9.062
60.1,CARRY,30.11,-0.01,-9.58,30.57,-0.01,1,0,323.5,227.5,13.0,0.25,0.07,48.4,,,,,9.062
60.15,CARRY,30.15,-0.01,-9.58,30.59,-0.01,1,0,323.0,194.5,45.6,0.91,0.06,48.7,,,,,9.0
60.2,CARRY,30.15,-0.01,-9.58,30.62,-0.01,1,0,323.5,213.5,26.7,0.53,0.07,48.5,,,,,9.0
60.25,CARRY,30.19,-0.01,-9.58,30.64,-0.01,1,0,323.0,214.5,25.7,0.51,0.06,48.7,,,,,9.125
60.3,CARRY,30.19,-0.01,-9.58,30.67,-0.01,1,0,323.5,213.5,26.7,0.53,0.07,48.3,,,,,9.125
60.35,CARRY,30.23,-0.01,-9.58,30.69,-0.01,1,0,323.0,213.5,26.7,0.53,0.06,48.6,,,,,9.188
60.4,CARRY,30.23,-0.01,-9.58,30.72,-0.01,1,0,323.5,212.5,27.7,0.55,0.07,48.3,,,,,9.188
60.45,CARRY,30.26,-0.0,-9.58,30.74,-0.01,1,0,323.0,213.0,27.2,0.54,0.06,50.8,,,,,9.125
60.5,CARRY,30.26,-0.0,-9.58,30.77,-0.01,1,0,323.0,211.5,28.7,0.57,0.06,48.3,,,,,9.125
60.55,CARRY,30.3,-0.0,-9.58,30.79,-0.01,1,0,323.0,212.5,27.7,0.55,0.06,48.7,,,,,9.125
60.6,CARRY,30.3,-0.0,-9.58,30.82,-0.01,1,0,323.0,211.0,29.2,0.58,0.06,48.2,,,,,9.125
60.65,CARRY,30.34,0.0,-9.58,30.84,-0.01,1,0,323.0,211.5,28.7,0.57,0.06,52.9,,,,,9.188
60.71,CARRY,30.34,0.0,-9.58,30.87,-0.01,1,0,323.0,210.0,30.1,0.6,0.06,48.4,,,,,9.188
60.76,CARRY,30.39,0.0,-9.58,30.89,-0.01,1,0,323.0,211.0,29.2,0.58,0.06,49.9,,,,,9.188
60.81,CARRY,30.39,0.0,-9.58,30.92,-0.01,1,0,323.0,210.0,30.1,0.6,0.06,52.4,,,,,9.25
60.86,CARRY,30.43,0.0,-9.58,30.95,-0.01,1,0,323.0,211.0,29.2,0.58,0.06,49.0,,,,,9.125
60.91,CARRY,30.43,0.0,-9.58,30.97,-0.01,1,0,323.0,209.5,30.6,0.61,0.06,47.7,,,,,9.188
60.96,CARRY,30.48,0.0,-9.58,31.0,-0.01,1,0,322.0,211.0,29.1,0.58,0.04,48.8,,,,,9.188
61.01,CARRY,30.48,0.0,-9.58,31.02,-0.01,1,0,323.0,209.5,30.6,0.61,0.06,47.9,,,,,9.312
61.06,CARRY,30.53,0.0,-9.58,31.05,-0.01,1,0,322.0,211.0,29.1,0.58,0.04,48.8,,,,,9.25
61.11,CARRY,30.53,0.0,-9.58,31.07,-0.01,1,0,323.0,209.5,30.6,0.61,0.06,47.9,,,,,9.375
61.16,CARRY,30.58,0.0,-9.58,31.1,-0.01,1,0,322.5,211.0,29.1,0.58,0.05,50.5,,,,,9.25
61.21,CARRY,30.58,0.0,-9.58,31.12,-0.01,1,0,323.0,209.5,30.6,0.61,0.06,48.2,,,,,9.375
61.26,CARRY,30.64,0.0,-9.58,31.15,-0.01,1,0,322.5,211.0,29.1,0.58,0.05,48.7,,,,,9.312
61.31,CARRY,30.64,0.0,-9.58,31.17,-0.01,1,0,323.0,210.0,30.1,0.6,0.06,48.1,,,,,9.375
61.36,CARRY,30.69,0.0,-9.58,31.2,-0.01,1,0,322.5,211.5,28.6,0.57,0.05,48.7,,,,,9.312
61.41,CARRY,30.69,0.0,-9.58,31.22,-0.01,1,0,323.0,210.0,30.1,0.6,0.06,47.9,,,,,9.312
61.46,CARRY,30.75,0.0,-9.58,31.25,-0.01,1,0,322.5,244.0,4.7,-0.08,0.05,48.5,,,,,9.312
61.51,CARRY,30.75,0.0,-9.58,31.27,-0.01,1,0,323.0,210.5,29.7,0.59,0.06,48.1,,,,,9.375
61.56,CARRY,30.81,0.0,-9.58,31.3,-0.01,1,0,323.0,212.5,27.7,0.55,0.06,48.4,,,,,9.312
61.61,CARRY,30.81,0.0,-9.58,31.32,-0.01,1,0,323.0,211.0,29.2,0.58,0.06,48.0,,,,,9.25
61.66,CARRY,30.87,-0.0,-9.58,31.35,-0.01,1,0,323.0,212.5,27.7,0.55,0.06,50.9,,,,,9.375
61.72,CARRY,30.87,-0.0,-9.58,31.37,-0.01,1,0,323.0,211.5,28.7,0.57,0.06,48.2,,,,,9.375
61.77,CARRY,30.92,-0.0,-9.58,31.4,-0.01,1,0,323.0,213.0,27.2,0.54,0.06,48.7,,,,,9.438
61.82,CARRY,30.92,-0.0,-9.58,31.42,-0.01,1,0,323.0,248.5,9.0,-0.17,0.06,54.0,,,,,9.375
61.87,CARRY,30.98,-0.0,-9.58,31.45,-0.01,1,0,323.5,213.5,26.7,0.53,0.07,48.0,,,,,9.312
61.92,CARRY,30.98,-0.0,-9.58,31.48,-0.01,1,0,323.0,212.0,28.2,0.56,0.06,49.2,,,,,9.312
61.97,CARRY,31.04,-0.0,-9.58,31.5,-0.01,1,0,323.5,213.5,26.7,0.53,0.07,51.5,,,,,9.312
62.02,CARRY,31.04,-0.0,-9.58,31.53,-0.01,1,0,323.0,212.5,27.7,0.55,0.06,48.0,,,,,9.312
62.07,CARRY,31.09,-0.01,-9.58,31.55,-0.01,1,0,323.0,214.0,26.2,0.52,0.06,48.7,,,,,9.25
62.12,CARRY,31.09,-0.01,-9.58,31.58,-0.01,1,0,323.0,212.5,27.7,0.55,0.06,47.9,,,,,9.312
62.17,CARRY,31.15,-0.01,-9.58,31.6,-0.01,1,0,323.0,214.5,25.7,0.51,0.06,48.7,,,,,9.25
62.22,CARRY,31.15,-0.01,-9.58,31.63,-0.01,1,0,323.0,213.0,27.2,0.54,0.06,47.9,,,,,9.25
62.27,CARRY,31.2,-0.01,-9.58,31.65,-0.01,1,0,323.0,214.5,25.7,0.51,0.06,48.5,,,,,9.25
62.33,CARRY,31.2,-0.01,-9.58,31.68,-0.01,1,0,323.5,213.0,27.2,0.54,0.07,47.9,,,,,9.25
62.38,CARRY,31.26,-0.01,-9.58,31.7,-0.01,1,0,323.0,215.0,25.2,0.5,0.06,48.6,,,,,9.25
62.43,CARRY,31.26,-0.01,-9.58,31.73,-0.01,1,0,323.5,213.5,26.7,0.53,0.07,47.8,,,,,9.25
62.48,CARRY,31.31,-0.01,-9.58,31.75,-0.01,1,0,323.0,215.0,25.2,0.5,0.06,48.7,,,,,9.312
62.53,CARRY,31.31,-0.01,-9.58,31.78,-0.01,1,0,323.5,214.0,26.2,0.52,0.07,48.0,,,,,9.312
62.58,CARRY,31.37,-0.01,-9.58,31.8,-0.01,1,0,323.5,215.5,24.7,0.49,0.07,48.5,,,,,9.312
62.63,CARRY,31.37,-0.01,-9.58,31.83,-0.01,1,0,323.5,214.0,26.2,0.52,0.07,49.9,,,,,9.375
62.68,CARRY,31.42,-0.01,-9.58,31.85,-0.01,1,0,323.5,215.5,24.7,0.49,0.07,50.7,,,,,9.375
62.73,CARRY,31.42,-0.01,-9.58,31.88,-0.01,1,0,323.0,214.0,26.2,0.52,0.06,48.3,,,,,9.438
62.78,CARRY,31.47,-0.01,-9.58,31.9,-0.01,1,0,323.5,215.5,24.7,0.49,0.07,49.9,,,,,9.375
62.83,CARRY,31.47,-0.01,-9.58,31.93,-0.01,1,0,323.0,214.0,26.2,0.52,0.06,48.8,,,,,9.375
62.88,CARRY,31.53,-0.01,-9.58,31.95,-0.01,1,0,323.0,216.0,24.2,0.48,0.06,49.0,,,,,9.312
62.93,CARRY,31.53,-0.01,-9.58,31.98,-0.01,1,0,323.0,214.5,25.7,0.51,0.06,51.5,,,,,9.25
62.98,CARRY,31.58,-0.01,-9.58,32.0,-0.01,1,0,322.5,216.0,24.1,0.48,0.05,49.4,,,,,9.375
63.03,CARRY,31.58,-0.01,-9.58,32.03,-0.01,1,0,323.0,214.5,25.7,0.51,0.06,47.9,,,,,9.312
63.08,CARRY,31.63,-0.01,-9.58,32.06,-0.01,1,0,322.5,216.0,24.1,0.48,0.05,49.0,,,,,9.375
63.13,CARRY,31.63,-0.01,-9.58,32.08,-0.01,1,0,323.0,215.0,25.2,0.5,0.06,50.3,,,,,9.375
63.18,CARRY,31.68,-0.01,-9.58,32.11,-0.01,1,0,322.5,216.0,24.1,0.48,0.05,49.2,,,,,9.438
63.23,CARRY,31.68,-0.01,-9.58,32.13,-0.01,1,0,323.0,215.0,25.2,0.5,0.06,48.2,,,,,9.375
63.28,CARRY,31.74,-0.01,-9.58,32.16,-0.01,1,0,322.5,216.0,24.1,0.48,0.05,50.3,,,,,9.438
63.33,CARRY,31.74,-0.01,-9.58,32.18,-0.01,1,0,323.0,215.0,25.2,0.5,0.06,48.8,,,,,9.375
63.38,CARRY,31.79,-0.01,-9.58,32.21,-0.01,1,0,322.5,216.5,23.6,0.47,0.05,50.6,,,,,9.438
63.44,CARRY,31.79,-0.01,-9.58,32.23,-0.01,1,0,323.0,215.0,25.2,0.5,0.06,47.8,,,,,9.375
63.49,CARRY,31.84,-0.01,-9.58,32.26,-0.01,1,0,322.5,216.5,23.6,0.47,0.05,51.9,,,,,9.375
63.54,CARRY,31.84,-0.01,-9.58,32.28,-0.01,1,0,323.0,215.0,25.2,0.5,0.06,50.3,,,,,9.438
63.59,CARRY,31.89,-0.01,-9.58,32.31,-0.01,1,0,322.5,216.5,23.6,0.47,0.05,48.4,,,,,9.5
63.64,CARRY,31.94,-0.01,-9.58,32.33,-0.01,1,0,322.0,218.0,22.1,0.44,0.04,49.7,,,,,9.5
63.69,CARRY,31.94,-0.01,-9.58,32.36,-0.01,1,0,322.5,216.0,24.1,0.48,0.05,50.1,,,,,9.438
63.74,CARRY,31.94,-0.01,-9.58,32.39,-0.01,1,0,323.0,215.0,25.2,0.5,0.06,49.6,,,,,9.438
63.79,CARRY,31.99,-0.01,-9.58,32.41,-0.01,1,0,322.5,216.0,24.1,0.48,0.05,48.2,,,,,9.438
63.84,CARRY,31.99,-0.01,-9.58,32.44,-0.01,1,0,323.5,215.0,25.2,0.5,0.07,49.8,,,,,9.375
63.89,CARRY,32.04,-0.01,-9.58,32.46,-0.01,1,0,323.0,216.0,24.2,0.48,0.06,51.1,,,,,9.375
63.95,CARRY,32.09,-0.01,-9.58,32.49,-0.01,1,0,323.0,217.5,22.7,0.45,0.06,51.3,,,,,9.375
64.0,CARRY,32.09,-0.01,-9.58,32.51,-0.01,1,0,323.0,216.0,24.2,0.48,0.06,48.6,,,,,9.438
64.05,CARRY,32.13,-0.02,-9.58,32.54,-0.01,1,0,323.0,217.5,22.7,0.45,0.06,48.8,,,,,9.375
64.1,CARRY,32.13,-0.02,-9.58,32.56,-0.01,1,0,323.5,216.0,24.3,0.48,0.07,48.5,,,,,9.5
64.15,CARRY,32.18,-0.02,-9.58,32.59,-0.01,1,0,323.5,216.5,23.8,0.47,0.07,48.7,,,,,9.375
64.2,CARRY,32.18,-0.02,-9.58,32.61,-0.01,1,0,323.5,216.0,24.3,0.48,0.07,48.5,,,,,9.438
64.25,CARRY,32.23,-0.02,-9.58,32.64,-0.01,1,0,323.5,217.0,23.3,0.46,0.07,48.7,,,,,9.438
64.3,CARRY,32.23,-0.02,-9.58,32.66,-0.01,1,0,323.5,215.5,24.7,0.49,0.07,49.5,,,,,9.312
64.35,CARRY,32.28,-0.02,-9.58,32.69,-0.01,1,0,323.5,216.5,23.8,0.47,0.07,48.8,,,,,9.312
64.4,CARRY,32.28,-0.02,-9.58,32.71,-0.01,1,0,323.5,215.5,24.7,0.49,0.07,48.4,,,,,9.188
64.45,CARRY,32.33,-0.02,-9.58,32.74,-0.01,1,0,323.5,216.5,23.8,0.47,0.07,49.8,,,,,9.062
64.5,CARRY,32.33,-0.02,-9.58,32.76,-0.01,1,0,323.5,215.5,24.7,0.49,0.07,48.6,,,,,8.938
64.55,CARRY,32.38,-0.02,-9.58,32.79,-0.01,1,0,323.5,216.5,23.8,0.47,0.07,48.7,,,,,8.875
64.6,CARRY,32.38,-0.02,-9.58,32.81,-0.01,1,0,323.5,215.0,25.2,0.5,0.07,48.1,,,,,8.812
64.65,CARRY,32.42,-0.02,-9.58,32.84,-0.01,1,0,323.5,216.5,23.8,0.47,0.07,49.3,,,,,8.812
64.7,CARRY,32.42,-0.02,-9.58,32.86,-0.01,1,0,323.5,214.5,25.7,0.51,0.07,48.5,,,,,8.812
64.75,CARRY,32.47,-0.02,-9.58,32.89,-0.01,1,0,323.5,216.5,23.8,0.47,0.07,48.9,,,,,8.75
64.8,CARRY,32.47,-0.02,-9.58,32.91,-0.01,1,0,323.5,214.5,25.7,0.51,0.07,48.5,,,,,8.812
64.85,CARRY,32.52,-0.02,-9.58,32.94,-0.01,1,0,323.5,216.0,24.3,0.48,0.07,48.9,,,,,8.812
64.9,CARRY,32.52,-0.02,-9.58,32.96,-0.01,1,0,323.5,214.5,25.7,0.51,0.07,48.6,,,,,8.75
64.95,CARRY,32.57,-0.02,-9.58,32.99,-0.01,1,0,323.5,216.0,24.3,0.48,0.07,48.9,,,,,8.688
65.0,CARRY,32.57,-0.02,-9.58,33.01,-0.01,1,0,323.5,214.5,25.7,0.51,0.07,48.3,,,,,8.688
65.05,CARRY,32.62,-0.02,-9.58,33.04,-0.01,1,0,323.5,216.0,24.3,0.48,0.07,48.8,,,,,8.625
65.1,CARRY,32.62,-0.02,-9.58,33.06,-0.01,1,0,323.5,214.5,25.7,0.51,0.07,48.4,,,,,8.625
65.15,CARRY,32.67,-0.02,-9.58,33.09,-0.01,1,0,323.5,216.0,24.3,0.48,0.07,48.6,,,,,8.562
65.2,CARRY,32.67,-0.02,-9.58,33.11,-0.01,1,0,323.5,214.5,25.7,0.51,0.07,48.3,,,,,8.562
65.25,CARRY,32.72,-0.02,-9.58,33.14,-0.01,1,0,323.5,215.5,24.7,0.49,0.07,48.6,,,,,8.5
65.3,CARRY,32.72,-0.02,-9.58,33.16,-0.01,1,0,323.5,214.5,25.7,0.51,0.07,48.1,,,,,8.5
65.35,CARRY,32.77,-0.02,-9.58,33.19,-0.01,1,0,323.5,216.0,24.3,0.48,0.07,48.6,,,,,8.5
65.4,CARRY,32.77,-0.02,-9.58,33.21,-0.01,1,0,323.5,214.5,25.7,0.51,0.07,48.3,,,,,8.5
65.45,CARRY,32.82,-0.02,-9.58,33.24,-0.01,1,0,323.5,215.5,24.7,0.49,0.07,49.2,,,,,8.562
65.5,CARRY,32.82,-0.02,-9.58,33.26,-0.01,1,0,323.5,214.5,25.7,0.51,0.07,48.3,,,,,8.562
65.55,CARRY,32.87,-0.02,-9.58,33.29,-0.01,1,0,323.5,215.5,24.7,0.49,0.07,48.8,,,,,8.562
65.6,CARRY,32.87,-0.02,-9.58,33.31,-0.01,1,0,323.5,214.5,25.7,0.51,0.07,48.2,,,,,8.562
65.65,CARRY,32.92,-0.02,-9.58,33.34,-0.01,1,0,323.5,215.5,24.7,0.49,0.07,49.1,,,,,8.625
65.7,CARRY,32.92,-0.02,-9.58,33.37,-0.01,1,0,323.5,214.5,25.7,0.51,0.07,48.1,,,,,8.625
65.75,CARRY,32.97,-0.02,-9.58,33.39,-0.01,1,0,323.5,215.5,24.7,0.49,0.07,48.3,,,,,8.562
65.8,CARRY,32.97,-0.02,-9.58,33.42,-0.01,1,0,323.5,214.5,25.7,0.51,0.07,47.8,,,,,8.625
65.85,CARRY,33.02,-0.02,-9.58,33.44,-0.01,1,0,323.5,216.0,24.3,0.48,0.07,50.6,,,,,8.625
65.9,CARRY,33.02,-0.02,-9.58,33.47,-0.01,1,0,323.5,214.5,25.7,0.51,0.07,48.6,,,,,8.625
65.95,CARRY,33.07,-0.02,-9.58,33.49,-0.01,1,0,323.5,215.5,24.7,0.49,0.07,48.4,,,,,8.688
66.0,CARRY,33.07,-0.02,-9.58,33.52,-0.01,1,0,323.5,214.5,25.7,0.51,0.07,50.4,,,,,8.625
66.05,CARRY,33.12,-0.02,-9.58,33.54,-0.01,1,0,323.5,215.5,24.7,0.49,0.07,50.8,,,,,8.625
66.11,CARRY,33.12,-0.02,-9.58,33.57,-0.01,1,0,323.5,214.0,26.2,0.52,0.07,48.1,,,,,8.562
66.16,CARRY,33.17,-0.02,-9.58,33.59,-0.01,1,0,323.5,215.5,24.7,0.49,0.07,48.7,,,,,8.625
66.21,CARRY,33.17,-0.02,-9.58,33.62,-0.01,1,0,323.5,214.0,26.2,0.52,0.07,47.9,,,,,8.562
66.26,CARRY,33.22,-0.02,-9.58,33.64,-0.01,1,0,323.5,215.5,24.7,0.49,0.07,51.6,,,,,8.562
66.31,CARRY,33.22,-0.02,-9.58,33.67,-0.01,1,0,323.5,214.0,26.2,0.52,0.07,49.4,,,,,8.562
66.36,CARRY,33.27,-0.02,-9.58,33.69,-0.01,1,0,323.5,215.5,24.7,0.49,0.07,49.5,,,,,8.562
66.41,CARRY,33.27,-0.02,-9.58,33.72,-0.01,1,0,323.5,214.0,26.2,0.52,0.07,47.6,,,,,8.562
66.46,CARRY,33.32,-0.02,-9.58,33.74,-0.01,1,0,323.5,215.5,24.7,0.49,0.07,51.6,,,,,8.562
66.51,CARRY,33.32,-0.02,-9.58,33.77,-0.01,1,0,323.5,214.0,26.2,0.52,0.07,47.7,,,,,8.5
66.56,CARRY,33.37,-0.02,-9.58,33.8,-0.01,1,0,323.5,215.5,24.7,0.49,0.07,51.2,,,,,8.562
66.62,CARRY,33.37,-0.02,-9.58,33.82,-0.01,1,0,323.5,214.0,26.2,0.52,0.07,48.8,,,,,8.562
66.67,CARRY,33.42,-0.01,-9.58,33.85,-0.01,1,0,323.5,215.5,24.7,0.49,0.07,49.0,,,,,8.688
66.72,CARRY,33.42,-0.01,-9.58,33.87,-0.01,1,0,323.5,214.0,26.2,0.52,0.07,51.2,,,,,8.562
66.77,CARRY,33.47,-0.01,-9.58,33.9,-0.01,1,0,323.5,215.5,24.7,0.49,0.07,49.0,,,,,8.688
66.82,CARRY,33.47,-0.01,-9.58,33.92,-0.01,1,0,323.5,214.0,26.2,0.52,0.07,50.1,,,,,8.562
66.87,CARRY,33.52,-0.01,-9.58,33.95,-0.01,1,0,323.5,215.5,24.7,0.49,0.07,51.4,,,,,8.688
66.92,CARRY,33.52,-0.01,-9.58,33.97,-0.01,1,0,323.5,214.0,26.2,0.52,0.07,49.9,,,,,8.562
66.97,CARRY,33.57,-0.01,-9.58,34.0,-0.01,1,0,323.5,215.5,24.7,0.49,0.07,48.7,,,,,8.688
67.02,CARRY,33.57,-0.01,-9.58,34.03,-0.01,1,0,323.5,214.0,26.2,0.52,0.07,50.3,,,,,8.562
67.07,CARRY,33.62,-0.01,-9.58,34.05,-0.01,1,0,323.0,215.5,24.7,0.49,0.06,48.2,,,,,8.688
67.12,CARRY,33.62,-0.01,-9.58,34.08,-0.01,1,0,323.5,214.0,26.2,0.52,0.07,50.0,,,,,8.625
67.17,CARRY,33.67,-0.01,-9.58,34.1,-0.01,1,0,323.0,215.5,24.7,0.49,0.06,50.9,,,,,8.812
67.23,CARRY,33.67,-0.01,-9.58,34.13,-0.01,1,0,323.5,214.0,26.2,0.52,0.07,48.9,,,,,8.75
67.28,CARRY,33.72,-0.01,-9.58,34.15,-0.01,1,0,323.0,216.5,23.7,0.47,0.06,49.6,,,,,8.875
67.33,CARRY,33.72,-0.01,-9.58,34.18,-0.01,1,0,323.5,215.5,24.7,0.49,0.07,48.7,,,,,8.812
67.38,CARRY,33.77,-0.01,-9.58,34.2,-0.01,1,0,323.0,215.5,24.7,0.49,0.06,49.7,,,,,8.938
67.43,CARRY,33.77,-0.01,-9.58,34.23,-0.01,1,0,323.5,217.0,23.3,0.46,0.07,48.7,,,,,8.875
67.48,CARRY,33.82,-0.01,-9.58,34.25,-0.01,1,0,323.0,219.5,20.7,0.41,0.06,49.6,,,,,9.0
67.53,CARRY,33.82,-0.01,-9.58,34.28,-0.01,1,0,323.0,214.0,26.2,0.52,0.06,47.3,,,,,9.0
67.58,CARRY,33.88,-0.01,-9.58,34.3,-0.01,1,0,323.0,221.0,19.2,0.38,0.06,51.3,,,,,9.062
67.63,CARRY,33.88,-0.01,-9.58,34.33,-0.01,1,0,323.0,214.0,26.2,0.52,0.06,48.3,,,,,9.0
67.68,CARRY,33.93,-0.01,-9.58,34.35,-0.01,1,0,323.0,222.5,17.8,0.35,0.06,50.9,,,,,9.125
67.73,CARRY,33.93,-0.01,-9.58,34.38,-0.01,1,0,323.0,221.5,18.7,0.37,0.06,48.4,,,,,9.062
67.78,CARRY,33.98,-0.01,-9.58,34.41,-0.01,1,0,323.0,224.0,16.3,0.32,0.06,51.0,,,,,9.125
67.83,CARRY,33.98,-0.01,-9.58,34.43,-0.01,1,0,323.0,223.0,17.3,0.34,0.06,48.6,,,,,9.125
67.88,CARRY,34.02,-0.01,-9.58,34.46,-0.01,1,0,322.5,225.0,15.2,0.3,0.05,50.4,,,,,9.125
67.94,CARRY,34.02,-0.01,-9.58,34.48,-0.01,1,0,323.0,224.5,15.8,0.31,0.06,51.9,,,,,9.125
67.99,CARRY,34.07,-0.01,-9.58,34.51,-0.01,1,0,322.5,226.5,13.7,0.27,0.05,48.5,,,,,9.125
68.04,CARRY,34.07,-0.01,-9.58,34.53,-0.01,1,0,323.0,226.0,14.3,0.28,0.06,50.4,,,,,9.25
68.09,CARRY,34.12,-0.0,-9.58,34.56,-0.01,1,0,322.5,193.5,46.6,0.93,0.05,48.8,,,,,9.312
68.14,CARRY,34.12,-0.0,-9.58,34.58,-0.01,1,0,323.0,213.5,26.7,0.53,0.06,50.1,,,,,9.25
68.19,CARRY,34.16,-0.0,-9.58,34.61,-0.01,1,0,322.5,214.0,26.1,0.52,0.05,49.7,,,,,9.188
68.24,CARRY,34.2,-0.0,-9.58,34.64,-0.01,1,0,322.5,215.5,24.6,0.49,0.05,48.8,,,,,9.312
68.29,CARRY,34.2,-0.0,-9.58,34.66,-0.01,1,0,322.5,213.5,26.6,0.53,0.05,48.5,,,,,9.312
68.34,CARRY,34.24,-0.0,-9.58,34.69,-0.01,1,0,322.5,214.5,25.6,0.51,0.05,49.9,,,,,9.375
68.39,CARRY,34.24,-0.0,-9.58,34.71,-0.01,1,0,322.5,213.5,26.6,0.53,0.05,50.1,,,,,9.375
68.44,CARRY,34.28,0.0,-9.58,34.74,-0.01,1,0,322.0,214.0,26.1,0.52,0.04,50.3,,,,,9.312
68.5,CARRY,34.28,0.0,-9.58,34.76,-0.01,1,0,322.5,212.5,27.6,0.55,0.05,48.6,,,,,9.312
68.55,CARRY,34.32,0.0,-9.58,34.79,-0.01,1,0,323.0,213.5,26.7,0.53,0.06,50.7,,,,,9.312
68.6,CARRY,34.32,0.0,-9.58,34.81,-0.01,1,0,322.5,212.0,28.1,0.56,0.05,48.9,,,,,9.25
68.65,CARRY,34.37,0.0,-9.58,34.84,-0.01,1,0,322.5,213.5,26.6,0.53,0.05,50.9,,,,,9.312
68.7,CARRY,34.37,0.0,-9.58,34.86,-0.01,1,0,322.5,212.0,28.1,0.56,0.05,50.7,,,,,9.375
68.75,CARRY,34.41,0.0,-9.58,34.89,-0.01,1,0,322.0,213.0,27.1,0.54,0.04,51.2,,,,,9.312
68.8,CARRY,34.41,0.0,-9.58,34.92,-0.01,1,0,323.0,211.5,28.7,0.57,0.06,50.2,,,,,9.312
68.85,CARRY,34.46,0.0,-9.58,34.94,-0.01,1,0,322.5,212.5,27.6,0.55,0.05,51.5,,,,,9.312
68.91,CARRY,34.46,0.0,-9.58,34.97,-0.01,1,0,323.0,211.0,29.2,0.58,0.06,48.4,,,,,9.312
68.96,CARRY,34.51,0.0,-9.58,34.99,-0.01,1,0,322.5,212.5,27.6,0.55,0.05,52.3,,,,,9.375
69.01,CARRY,34.51,0.0,-9.58,35.02,-0.01,1,0,323.0,211.0,29.2,0.58,0.06,47.2,,,,,9.375
69.06,CARRY,34.56,-0.0,-9.58,35.04,-0.01,1,0,323.0,212.5,27.7,0.55,0.06,51.2,,,,,9.375
69.11,CARRY,34.56,-0.0,-9.58,35.07,-0.01,1,0,323.0,211.0,29.2,0.58,0.06,48.3,,,,,9.375
69.16,CARRY,34.61,-0.0,-9.58,35.1,-0.01,1,0,323.0,212.5,27.7,0.55,0.06,50.6,,,,,9.438
69.21,CARRY,34.61,-0.0,-9.58,35.12,-0.01,1,0,323.0,211.0,29.2,0.58,0.06,47.5,,,,,9.438
69.26,CARRY,34.66,-0.0,-9.58,35.15,-0.01,1,0,323.0,212.5,27.7,0.55,0.06,50.3,,,,,9.438
69.32,CARRY,34.66,-0.0,-9.58,35.17,-0.01,1,0,323.5,211.0,29.2,0.58,0.07,51.1,,,,,9.438
69.37,CARRY,34.72,-0.01,-9.58,35.2,-0.01,1,0,323.0,212.5,27.7,0.55,0.06,50.9,,,,,9.438
69.42,CARRY,34.72,-0.01,-9.58,35.22,-0.01,1,0,323.5,211.5,28.7,0.57,0.07,48.1,,,,,9.438
69.47,CARRY,34.77,-0.01,-9.58,35.25,-0.01,1,0,323.0,213.0,27.2,0.54,0.06,48.5,,,,,9.375
69.52,CARRY,34.77,-0.01,-9.58,35.27,-0.01,1,0,323.5,211.5,28.7,0.57,0.07,48.2,,,,,9.438
69.57,CARRY,34.83,-0.01,-9.58,35.3,-0.01,1,0,323.5,213.5,26.7,0.53,0.07,51.0,,,,,9.375
69.62,CARRY,34.83,-0.01,-9.58,35.33,-0.01,1,0,323.5,212.0,28.2,0.56,0.07,49.8,,,,,9.438
69.67,CARRY,34.88,-0.01,-9.58,35.35,-0.01,1,0,323.5,213.5,26.7,0.53,0.07,48.8,,,,,9.438
69.72,CARRY,34.88,-0.01,-9.58,35.38,-0.01,1,0,323.5,212.0,28.2,0.56,0.07,47.8,,,,,9.5
69.77,CARRY,34.94,-0.01,-9.58,35.4,-0.01,1,0,323.5,213.5,26.7,0.53,0.07,48.7,,,,,9.438
69.82,CARRY,34.94,-0.01,-9.58,35.43,-0.01,1,0,323.5,212.5,27.7,0.55,0.07,48.0,,,,,9.438
69.87,CARRY,34.99,-0.01,-9.58,35.45,-0.01,1,0,323.5,214.0,26.2,0.52,0.07,48.8,,,,,9.375
69.92,CARRY,34.99,-0.01,-9.58,35.48,-0.01,1,0,323.5,239.5,3.5,0.01,0.07,47.9,,,,,9.438
69.97,CARRY,35.05,-0.01,-9.58,35.5,-0.01,1,0,323.5,214.5,25.7,0.51,0.07,48.7,,,,,9.5
70.02,CARRY,35.05,-0.01,-9.58,35.53,-0.01,1,0,323.5,213.0,27.2,0.54,0.07,48.0,,,,,9.438
70.07,CARRY,35.1,-0.01,-9.58,35.55,-0.01,1,0,323.5,215.0,25.2,0.5,0.07,48.8,,,,,9.5
70.12,CARRY,35.1,-0.01,-9.58,35.58,-0.01,1,0,323.5,213.0,27.2,0.54,0.07,47.9,,,,,9.438
70.17,CARRY,35.16,-0.01,-9.58,35.6,-0.01,1,0,323.5,215.0,25.2,0.5,0.07,48.6,,,,,9.562
70.22,CARRY,35.16,-0.01,-9.58,35.63,-0.01,1,0,323.5,213.5,26.7,0.53,0.07,48.0,,,,,9.562
70.27,CARRY,35.21,-0.01,-9.58,35.65,-0.01,1,0,323.5,215.0,25.2,0.5,0.07,48.7,,,,,9.438
70.32,CARRY,35.21,-0.01,-9.58,35.68,-0.01,1,0,323.5,214.0,26.2,0.52,0.07,48.1,,,,,9.438
70.37,CARRY,35.26,-0.01,-9.58,35.7,-0.01,1,0,323.5,215.5,24.7,0.49,0.07,48.7,,,,,9.438
70.42,CARRY,35.26,-0.01,-9.58,35.73,-0.01,1,0,324.0,214.0,26.3,0.52,0.08,48.1,,,,,9.438
70.47,CARRY,35.32,-0.01,-9.58,35.75,-0.01,1,0,323.5,215.5,24.7,0.49,0.07,48.9,,,,,9.5
70.52,CARRY,35.32,-0.01,-9.58,35.78,-0.01,1,0,323.5,214.0,26.2,0.52,0.07,48.2,,,,,9.562
70.57,CARRY,35.37,-0.01,-9.58,35.8,-0.01,1,0,323.5,215.5,24.7,0.49,0.07,48.9,,,,,9.562
70.62,CARRY,35.37,-0.01,-9.58,35.83,-0.01,1,0,323.5,214.0,26.2,0.52,0.07,48.1,,,,,9.562
70.67,CARRY,35.42,-0.01,-9.58,35.85,-0.01,1,0,323.5,215.5,24.7,0.49,0.07,49.1,,,,,9.625
70.72,CARRY,35.42,-0.01,-9.58,35.88,-0.01,1,0,323.5,214.5,25.7,0.51,0.07,48.0,,,,,9.625
70.77,CARRY,35.47,-0.01,-9.58,35.9,-0.01,1,0,323.5,215.5,24.7,0.49,0.07,48.9,,,,,9.625
70.82,CARRY,35.47,-0.01,-9.58,35.93,-0.01,1,0,323.5,214.5,25.7,0.51,0.07,48.2,,,,,9.562
70.87,CARRY,35.52,-0.01,-9.58,35.95,-0.01,1,0,323.0,216.0,24.2,0.48,0.06,49.0,,,,,9.5
70.92,CARRY,35.52,-0.01,-9.58,35.98,-0.01,1,0,323.5,214.5,25.7,0.51,0.07,48.3,,,,,9.5
70.97,CARRY,35.58,-0.01,-9.58,36.0,-0.01,1,0,323.0,216.0,24.2,0.48,0.06,48.9,,,,,9.562
71.02,CARRY,35.58,-0.01,-9.58,36.03,-0.01,1,0,323.5,214.5,25.7,0.51,0.07,48.2,,,,,9.562
71.07,CARRY,35.63,-0.01,-9.58,36.05,-0.01,1,0,323.0,216.0,24.2,0.48,0.06,51.0,,,,,9.562
71.13,CARRY,35.63,-0.01,-9.58,36.08,-0.01,1,0,323.5,214.5,25.7,0.51,0.07,48.6,,,,,9.625
71.18,CARRY,35.68,-0.01,-9.58,36.1,-0.01,1,0,323.0,216.0,24.2,0.48,0.06,49.0,,,,,9.625
71.23,CARRY,35.68,-0.01,-9.58,36.13,-0.01,1,0,323.0,215.0,25.2,0.5,0.06,48.0,,,,,9.625
71.28,CARRY,35.73,-0.01,-9.58,36.15,-0.01,1,0,323.0,216.0,24.2,0.48,0.06,49.1,,,,,9.688
71.33,CARRY,35.73,-0.01,-9.58,36.18,-0.01,1,0,323.0,215.0,25.2,0.5,0.06,48.1,,,,,9.625
71.38,CARRY,35.78,-0.01,-9.58,36.2,-0.01,1,0,323.0,216.5,23.7,0.47,0.06,49.0,,,,,9.625
71.43,CARRY,35.78,-0.01,-9.58,36.23,-0.01,1,0,323.0,215.0,25.2,0.5,0.06,48.0,,,,,9.562
71.48,CARRY,35.83,-0.01,-9.58,36.25,-0.01,1,0,323.0,216.5,23.7,0.47,0.06,49.1,,,,,9.562
71.53,CARRY,35.83,-0.01,-9.58,36.28,-0.01,1,0,323.0,215.0,25.2,0.5,0.06,48.1,,,,,9.562
71.58,CARRY,35.88,-0.01,-9.58,36.3,-0.01,1,0,323.0,216.5,23.7,0.47,0.06,48.9,,,,,9.688
71.63,CARRY,35.88,-0.01,-9.58,36.33,-0.01,1,0,323.0,215.0,25.2,0.5,0.06,48.1,,,,,9.625
71.68,CARRY,35.93,-0.01,-9.58,36.35,-0.01,1,0,323.0,216.5,23.7,0.47,0.06,49.1,,,,,9.688
71.73,CARRY,35.93,-0.01,-9.58,36.38,-0.01,1,0,323.0,215.0,25.2,0.5,0.06,55.6,,,,,9.625
71.78,CARRY,35.98,-0.01,-9.58,36.41,-0.01,1,0,323.0,216.0,24.2,0.48,0.06,48.4,,,,,9.625
71.83,CARRY,35.98,-0.01,-9.58,36.43,-0.01,1,0,323.0,215.0,25.2,0.5,0.06,48.3,,,,,9.625
71.88,CARRY,36.03,-0.01,-9.58,36.46,-0.01,1,0,323.0,216.0,24.2,0.48,0.06,48.8,,,,,9.625
71.93,CARRY,36.03,-0.01,-9.58,36.48,-0.01,1,0,323.5,215.0,25.2,0.5,0.07,48.6,,,,,9.562
71.98,CARRY,36.08,-0.01,-9.58,36.51,-0.01,1,0,323.0,216.0,24.2,0.48,0.06,48.9,,,,,9.5
72.03,CARRY,36.08,-0.01,-9.58,36.53,-0.01,1,0,323.5,214.5,25.7,0.51,0.07,48.6,,,,,9.5
72.08,CARRY,36.13,-0.01,-9.58,36.56,-0.01,1,0,323.0,216.0,24.2,0.48,0.06,50.8,,,,,9.562
72.14,CARRY,36.13,-0.01,-9.58,36.58,-0.01,1,0,323.5,214.5,25.7,0.51,0.07,48.6,,,,,9.5
72.19,CARRY,36.18,-0.01,-9.58,36.61,-0.01,1,0,323.0,277.0,37.1,-0.74,0.06,47.9,,,,,9.5
72.24,CARRY,36.18,-0.01,-9.58,36.63,-0.01,1,0,323.5,214.5,25.7,0.51,0.07,51.0,,,,,9.5
72.29,CARRY,36.23,-0.01,-9.58,36.66,-0.01,1,0,323.0,216.0,24.2,0.48,0.06,48.8,,,,,9.562
72.34,CARRY,36.23,-0.01,-9.58,36.68,-0.01,1,0,323.5,214.5,25.7,0.51,0.07,48.4,,,,,9.562
72.39,CARRY,36.28,-0.01,-9.58,36.71,-0.01,1,0,323.0,215.5,24.7,0.49,0.06,48.8,,,,,9.5
72.44,CARRY,36.28,-0.01,-9.58,36.73,-0.01,1,0,323.5,214.5,25.7,0.51,0.07,48.2,,,,,9.375
72.49,CARRY,36.33,-0.01,-9.58,36.76,-0.01,1,0,323.0,215.5,24.7,0.49,0.06,48.6,,,,,9.25
72.54,CARRY,36.33,-0.01,-9.58,36.78,-0.01,1,0,323.5,214.5,25.7,0.51,0.07,48.2,,,,,9.0
72.59,CARRY,36.38,-0.01,-9.58,36.81,-0.01,1,0,323.0,215.5,24.7,0.49,0.06,48.7,,,,,9.0
72.64,CARRY,36.38,-0.01,-9.58,36.83,-0.01,1,0,323.5,214.5,25.7,0.51,0.07,48.2,,,,,8.875
72.69,CARRY,36.43,-0.01,-9.58,36.86,-0.01,1,0,323.0,215.5,24.7,0.49,0.06,50.9,,,,,8.875
72.74,CARRY,36.43,-0.01,-9.58,36.88,-0.01,1,0,323.5,213.5,26.7,0.53,0.07,48.2,,,,,8.812
72.79,CARRY,36.48,-0.01,-9.58,36.91,-0.01,1,0,323.5,215.5,24.7,0.49,0.07,48.6,,,,,8.812
72.84,CARRY,36.48,-0.01,-9.58,36.93,-0.01,1,0,323.5,213.5,26.7,0.53,0.07,48.0,,,,,8.75
72.89,CARRY,36.53,-0.01,-9.58,36.96,-0.01,1,0,323.5,215.5,24.7,0.49,0.07,50.9,,,,,8.75
72.94,CARRY,36.58,-0.01,-9.58,36.99,-0.01,1,0,323.0,216.5,23.7,0.47,0.06,48.9,,,,,8.625
72.99,CARRY,36.58,-0.01,-9.58,37.01,-0.01,1,0,323.5,215.5,24.7,0.49,0.07,50.7,,,,,8.625
73.04,CARRY,36.58,-0.01,-9.58,37.04,-0.01,1,0,323.5,213.5,26.7,0.53,0.07,48.7,,,,,8.625
73.09,CARRY,36.63,-0.02,-9.58,37.06,-0.01,1,0,323.5,215.5,24.7,0.49,0.07,49.1,,,,,8.625
73.14,CARRY,36.68,-0.02,-9.58,37.09,-0.01,1,0,323.0,216.5,23.7,0.47,0.06,48.9,,,,,8.625
73.19,CARRY,36.68,-0.02,-9.58,37.11,-0.01,1,0,323.5,215.5,24.7,0.49,0.07,48.3,,,,,8.625
73.24,CARRY,36.73,-0.02,-9.58,37.14,-0.01,1,0,323.5,216.5,23.8,0.47,0.07,48.8,,,,,8.562
73.29,CARRY,36.73,-0.02,-9.58,37.16,-0.01,1,0,323.5,215.5,24.7,0.49,0.07,48.5,,,,,8.438
73.34,CARRY,36.78,-0.02,-9.58,37.19,-0.01,1,0,323.5,216.5,23.8,0.47,0.07,48.8,,,,,8.5
73.39,CARRY,36.78,-0.02,-9.58,37.21,-0.01,1,0,323.5,215.5,24.7,0.49,0.07,48.4,,,,,8.438
73.44,CARRY,36.82,-0.02,-9.58,37.24,-0.01,1,0,323.5,216.5,23.8,0.47,0.07,48.8,,,,,8.5
73.49,CARRY,36.82,-0.02,-9.58,37.26,-0.01,1,0,323.5,215.5,24.7,0.49,0.07,50.7,,,,,8.5
73.55,CARRY,36.87,-0.02,-9.58,37.29,-0.01,1,0,323.5,216.5,23.8,0.47,0.07,49.7,,,,,8.5
73.6,CARRY,36.87,-0.02,-9.58,37.31,-0.01,1,0,323.5,215.5,24.7,0.49,0.07,50.0,,,,,8.5
73.65,CARRY,36.92,-0.02,-9.58,37.34,-0.01,1,0,323.5,216.5,23.8,0.47,0.07,48.7,,,,,8.562
73.7,CARRY,36.92,-0.02,-9.58,37.36,-0.01,1,0,323.5,215.0,25.2,0.5,0.07,50.1,,,,,8.562
73.75,CARRY,36.97,-0.02,-9.58,37.39,-0.01,1,0,323.5,216.5,23.8,0.47,0.07,49.7,,,,,8.562
73.8,CARRY,36.97,-0.02,-9.58,37.41,-0.01,1,0,323.5,215.0,25.2,0.5,0.07,49.5,,,,,8.562
73.85,CARRY,37.02,-0.02,-9.58,37.44,-0.01,1,0,323.5,216.5,23.8,0.47,0.07,48.8,,,,,8.562
73.9,CARRY,37.02,-0.02,-9.58,37.46,-0.01,1,0,323.5,215.0,25.2,0.5,0.07,48.1,,,,,8.562
73.95,CARRY,37.07,-0.02,-9.58,37.49,-0.01,1,0,323.5,216.0,24.3,0.48,0.07,50.9,,,,,8.562
74.0,CARRY,37.07,-0.02,-9.58,37.52,-0.01,1,0,323.5,215.0,25.2,0.5,0.07,49.3,,,,,8.5
74.05,CARRY,37.12,-0.01,-9.58,37.54,-0.01,1,0,323.0,216.0,24.2,0.48,0.06,51.2,,,,,8.5
74.1,CARRY,37.12,-0.01,-9.58,37.57,-0.01,1,0,323.5,214.5,25.7,0.51,0.07,49.0,,,,,8.438
74.16,CARRY,37.17,-0.01,-9.58,37.59,-0.01,1,0,323.0,215.5,24.7,0.49,0.06,49.9,,,,,8.562
74.21,CARRY,37.17,-0.01,-9.58,37.62,-0.01,1,0,323.5,214.5,25.7,0.51,0.07,48.2,,,,,8.5
74.26,CARRY,37.22,-0.01,-9.58,37.64,-0.01,1,0,323.0,215.5,24.7,0.49,0.06,51.0,,,,,8.562
74.31,CARRY,37.22,-0.01,-9.58,37.67,-0.01,1,0,323.5,214.0,26.2,0.52,0.07,48.2,,,,,8.5
74.36,CARRY,37.27,-0.01,-9.58,37.69,-0.01,1,0,323.0,215.5,24.7,0.49,0.06,49.0,,,,,8.625
74.41,CARRY,37.27,-0.01,-9.58,37.72,-0.01,1,0,323.5,214.0,26.2,0.52,0.07,48.0,,,,,8.562
74.46,CARRY,37.31,-0.01,-9.58,37.74,-0.01,1,0,323.0,215.5,24.7,0.49,0.06,50.9,,,,,8.625
74.51,CARRY,37.31,-0.01,-9.58,37.77,-0.01,1,0,323.5,214.0,26.2,0.52,0.07,48.3,,,,,8.562
74.56,CARRY,37.36,-0.01,-9.58,37.79,-0.01,1,0,323.0,215.5,24.7,0.49,0.06,48.7,,,,,8.562
74.61,CARRY,37.36,-0.01,-9.58,37.82,-0.01,1,0,323.5,214.0,26.2,0.52,0.07,48.0,,,,,8.5
74.66,CARRY,37.41,-0.01,-9.58,37.84,-0.01,1,0,323.0,215.5,24.7,0.49,0.06,48.9,,,,,8.625
74.71,CARRY,37.41,-0.01,-9.58,37.87,-0.01,1,0,323.0,214.0,26.2,0.52,0.06,49.8,,,,,8.562
74.76,CARRY,37.46,-0.01,-9.58,37.89,-0.01,1,0,323.0,215.5,24.7,0.49,0.06,50.5,,,,,8.625
74.81,CARRY,37.46,-0.01,-9.58,37.92,-0.01,1,0,323.0,213.5,26.7,0.53,0.06,50.4,,,,,8.562
74.86,CARRY,37.51,-0.01,-9.58,37.95,-0.01,1,0,323.0,215.5,24.7,0.49,0.06,49.1,,,,,8.562
74.91,CARRY,37.51,-0.01,-9.58,37.97,-0.01,1,0,323.0,213.5,26.7,0.53,0.06,50.4,,,,,8.562
74.97,CARRY,37.56,-0.01,-9.58,38.0,-0.01,1,0,323.0,215.5,24.7,0.49,0.06,50.4,,,,,8.562
