{
  "backend": "hf",
  "n": 439,
  "parse_rate": 0.9977220956719818,
  "iou_gate_pass_rate": 0.8246013667425968,
  "mean_iou": 0.5707363354033036,
  "center_std": 229.36318042187298
}
