t_s,state,copter_n,copter_e,copter_d,rover_n,rover_e,in_fov,occluded,bbox_cx,bbox_cy,px_err,vx_cmd,vy_cmd,loop_ms,dist_n,dist_e,d_true_px,d_dist_px,carry_score
0.0,ACQUIRE,0.01,-0.01,-8.81,0.51,-0.01,1,0,,,,0.0,0.0,4.7,13.26,-0.01,,,
0.05,ACQUIRE,0.01,-0.01,-8.92,0.53,-0.01,1,0,,,,0.0,0.0,1.7,13.26,-0.01,,,
0.1,ACQUIRE,0.01,-0.01,-8.92,0.54,-0.01,1,0,,,,0.0,0.0,0.7,13.26,-0.01,,,
0.15,ACQUIRE,0.01,-0.01,-9.03,0.55,-0.01,1,0,,,,0.0,0.0,1.4,13.26,-0.01,,,
0.2,ACQUIRE,0.01,-0.01,-9.03,0.56,-0.01,1,0,,,,0.0,0.0,1.0,13.26,-0.01,,,
0.25,ACQUIRE,0.01,-0.01,-9.13,0.58,-0.01,1,0,,,,0.0,0.0,1.6,13.26,-0.01,,,
0.3,ACQUIRE,0.01,-0.01,-9.13,0.59,-0.01,1,0,,,,0.0,0.0,1.0,13.26,-0.01,,,
0.35,ACQUIRE,0.01,-0.01,-9.22,0.6,-0.01,1,0,,,,0.65,0.1,2.8,13.26,-0.01,,,
0.4,ACQUIRE,0.01,-0.01,-9.22,0.61,-0.01,1,0,,,,0.66,0.08,1.8,13.26,-0.01,,,
0.45,ACQUIRE,0.01,-0.01,-9.3,0.63,-0.01,1,0,,,,0.66,0.07,2.6,13.26,-0.01,,,
0.5,ACQUIRE,0.01,-0.01,-9.3,0.64,-0.01,1,0,,,,0.67,0.07,1.8,13.26,-0.01,,,
0.55,ACQUIRE,0.01,-0.01,-9.38,0.65,-0.01,1,0,,,,0.67,0.08,2.5,13.26,-0.01,,,
0.6,ACQUIRE,0.01,-0.01,-9.38,0.66,-0.01,1,0,,,,0.68,0.08,1.9,13.26,-0.01,,,
0.65,ACQUIRE,0.01,-0.01,-9.44,0.68,-0.01,1,0,,,,0.67,0.07,2.4,13.26,-0.01,,,
0.7,ACQUIRE,0.01,-0.01,-9.44,0.69,-0.01,1,0,,,,0.68,0.08,1.9,13.26,-0.01,,,
0.75,ACQUIRE,0.02,-0.01,-9.49,0.7,-0.01,1,0,,,,0.67,0.07,2.4,13.26,-0.01,,,
0.8,ACQUIRE,0.02,-0.01,-9.49,0.71,-0.01,1,0,,,,0.68,0.07,1.9,13.26,-0.01,,,
0.85,ACQUIRE,0.04,-0.01,-9.53,0.73,-0.01,1,0,,,,0.73,0.05,2.6,13.26,-0.01,,,
0.9,ACQUIRE,0.04,-0.01,-9.53,0.74,-0.01,1,0,,,,0.74,0.08,1.9,13.26,-0.01,,,
0.95,ACQUIRE,0.07,-0.01,-9.56,0.75,-0.01,1,0,,,,0.71,0.08,2.6,13.26,-0.01,,,
1.0,ACQUIRE,0.07,-0.01,-9.56,0.76,-0.01,1,0,,,,0.72,0.09,2.0,13.26,-0.01,,,
1.05,ACQUIRE,0.11,-0.01,-9.58,0.78,-0.01,1,0,,,,0.68,0.08,2.6,13.26,-0.01,,,
1.1,ACQUIRE,0.11,-0.01,-9.58,0.79,-0.01,1,0,,,,0.69,0.08,1.8,13.26,-0.01,,,
1.15,ACQUIRE,0.16,-0.01,-9.59,0.8,-0.01,1,0,,,,0.64,0.07,2.6,13.26,-0.01,,,
1.2,ACQUIRE,0.16,-0.01,-9.59,0.81,-0.01,1,0,,,,0.65,0.07,1.8,13.26,-0.01,,,
1.25,ACQUIRE,0.21,-0.01,-9.59,0.83,-0.01,1,0,,,,0.6,0.07,2.5,13.26,-0.01,,,
1.3,ACQUIRE,0.21,-0.01,-9.59,0.84,-0.01,1,0,,,,0.61,0.07,1.9,13.26,-0.01,,,
1.35,ACQUIRE,0.26,-0.01,-9.59,0.85,-0.01,1,0,,,,0.27,-0.12,2.4,13.26,-0.01,,,
1.4,ACQUIRE,0.26,-0.01,-9.59,0.86,-0.01,1,0,,,,0.63,0.04,1.8,13.26,-0.01,,,
1.45,ACQUIRE,0.32,-0.01,-9.58,0.88,-0.01,1,0,,,,0.57,0.07,2.4,13.26,-0.01,,,
1.5,ACQUIRE,0.32,-0.01,-9.58,0.89,-0.01,1,0,,,,0.58,0.07,1.9,13.26,-0.01,,,
1.55,ACQUIRE,0.37,-0.02,-9.57,0.9,-0.01,1,0,,,,0.53,0.07,2.6,13.26,-0.01,,,
1.6,ACQUIRE,0.37,-0.02,-9.57,0.91,-0.01,1,0,,,,0.54,0.07,1.9,13.26,-0.01,,,
1.65,ACQUIRE,0.43,-0.02,-9.57,0.93,-0.01,1,0,,,,0.47,0.06,2.6,13.26,-0.01,,,
1.7,ACQUIRE,0.43,-0.02,-9.57,0.94,-0.01,1,0,,,,0.48,0.06,1.9,13.26,-0.01,,,
1.75,ACQUIRE,0.49,-0.02,-9.56,0.95,-0.01,1,0,,,,0.42,0.05,2.6,13.26,-0.01,,,
1.8,ACQUIRE,0.49,-0.02,-9.56,0.96,-0.01,1,0,,,,0.42,0.05,1.8,13.26,-0.01,,,
1.85,ACQUIRE,0.55,-0.02,-9.55,0.98,-0.01,1,0,,,,0.44,0.05,2.6,13.26,-0.01,,,
1.9,ACQUIRE,0.55,-0.02,-9.55,0.99,-0.01,1,0,,,,0.45,0.05,2.1,13.26,-0.01,,,
1.95,ACQUIRE,0.61,-0.02,-9.55,1.0,-0.01,1,0,,,,0.38,0.06,2.8,13.26,-0.01,,,
2.0,ACQUIRE,0.61,-0.02,-9.55,1.01,-0.01,1,0,,,,0.39,0.06,2.1,13.26,-0.01,,,
2.05,ACQUIRE,0.66,-0.02,-9.54,1.03,-0.01,1,0,,,,0.34,0.05,2.4,13.26,-0.01,,,
2.1,ACQUIRE,0.66,-0.02,-9.54,1.04,-0.01,1,0,,,,0.35,0.05,1.9,13.26,-0.01,,,
2.15,ACQUIRE,0.71,-0.02,-9.54,1.05,-0.01,1,0,,,,0.29,0.05,2.4,13.26,-0.01,,,
2.2,ACQUIRE,0.71,-0.02,-9.54,1.07,-0.01,1,0,,,,0.3,0.05,1.8,13.26,-0.01,,,
2.25,ACQUIRE,0.76,-0.02,-9.54,1.08,-0.01,1,0,,,,0.24,0.05,2.6,13.26,-0.01,,,
2.3,ACQUIRE,0.76,-0.02,-9.54,1.09,-0.01,1,0,,,,0.25,0.05,1.9,13.26,-0.01,,,
2.35,ACQUIRE,0.81,-0.02,-9.54,1.1,-0.01,1,0,,,,0.27,0.01,2.6,13.26,-0.01,,,
2.4,ACQUIRE,0.81,-0.02,-9.54,1.12,-0.01,1,0,,,,0.28,0.05,5.1,13.26,-0.01,,,
2.45,ACQUIRE,0.86,-0.02,-9.54,1.13,-0.01,1,0,,,,0.24,0.03,2.6,13.26,-0.01,,,
2.5,ACQUIRE,0.86,-0.02,-9.54,1.14,-0.01,1,0,,,,0.25,0.03,1.9,13.26,-0.01,,,
2.55,ACQUIRE,0.9,-0.02,-9.54,1.15,-0.01,1,0,,,,0.21,0.04,2.3,13.26,-0.01,,,
2.6,ACQUIRE,0.9,-0.02,-9.54,1.17,-0.01,1,0,,,,0.22,0.04,1.8,13.26,-0.01,,,
2.65,ACQUIRE,0.94,-0.02,-9.54,1.18,-0.01,1,0,,,,0.17,0.03,2.5,13.26,-0.01,,,
2.7,ACQUIRE,0.94,-0.02,-9.54,1.19,-0.01,1,0,,,,0.18,0.03,1.8,13.26,-0.01,,,
2.75,ACQUIRE,0.97,-0.02,-9.54,1.2,-0.01,1,0,,,,0.15,0.03,2.4,13.26,-0.01,,,
2.8,ACQUIRE,0.97,-0.02,-9.54,1.22,-0.01,1,0,,,,0.15,0.03,1.8,13.26,-0.01,,,
2.85,ACQUIRE,1.01,-0.02,-9.54,1.23,-0.01,1,0,,,,0.2,0.03,2.4,13.26,-0.01,,,
2.9,ACQUIRE,1.01,-0.02,-9.54,1.24,-0.01,1,0,,,,0.21,0.03,1.9,13.26,-0.01,,,
2.95,ACQUIRE,1.04,-0.02,-9.54,1.25,-0.01,1,0,,,,0.18,0.03,2.2,13.26,-0.01,,,
3.0,ACQUIRE,1.04,-0.02,-9.54,1.27,-0.01,1,0,,,,0.19,0.03,1.8,13.26,-0.01,,,
3.05,ACQUIRE,1.07,-0.02,-9.55,1.28,-0.01,1,0,,,,0.16,0.03,2.6,13.26,-0.01,,,
3.1,ACQUIRE,1.07,-0.02,-9.55,1.29,-0.01,1,0,,,,0.16,0.03,1.9,13.26,-0.01,,,
3.15,ACQUIRE,1.09,-0.02,-9.55,1.3,-0.01,1,0,,,,0.14,0.03,2.5,13.26,-0.01,,,
3.2,ACQUIRE,1.09,-0.02,-9.55,1.32,-0.01,1,0,,,,0.15,0.03,1.8,13.26,-0.01,,,
3.25,ACQUIRE,1.12,-0.02,-9.55,1.33,-0.01,1,0,,,,0.13,0.03,2.5,13.26,-0.01,,,
3.31,ACQUIRE,1.12,-0.02,-9.55,1.34,-0.01,1,0,,,,0.14,0.03,1.8,13.26,-0.01,,,
3.36,ACQUIRE,1.14,-0.02,-9.55,1.35,-0.01,1,0,,,,0.19,0.03,2.4,13.26,-0.01,,,
3.41,ACQUIRE,1.14,-0.02,-9.55,1.37,-0.01,1,0,,,,0.19,0.03,1.8,13.26,-0.01,,,
3.46,ACQUIRE,1.16,-0.02,-9.55,1.38,-0.01,1,0,,,,0.19,0.03,2.4,13.26,-0.01,,,
3.51,ACQUIRE,1.16,-0.02,-9.55,1.39,-0.01,1,0,,,,0.19,0.03,1.9,13.26,-0.01,,,
3.56,ACQUIRE,1.19,-0.02,-9.55,1.4,-0.01,1,0,,,,0.17,0.02,2.4,13.26,-0.01,,,
3.61,ACQUIRE,1.19,-0.02,-9.55,1.42,-0.01,1,0,,,,0.18,0.02,1.9,13.26,-0.01,,,
3.66,ACQUIRE,1.21,-0.02,-9.56,1.43,-0.01,1,0,,,,0.16,0.02,2.5,13.26,-0.01,,,
3.71,ACQUIRE,1.21,-0.02,-9.56,1.44,-0.01,1,0,,,,0.17,0.02,1.9,13.26,-0.01,,,
3.76,ACQUIRE,1.23,-0.02,-9.56,1.45,-0.01,1,0,,,,0.15,0.03,2.5,13.26,-0.01,,,
3.81,ACQUIRE,1.23,-0.02,-9.56,1.47,-0.01,1,0,,,,0.16,0.03,1.8,13.26,-0.01,,,
3.86,ACQUIRE,1.24,-0.02,-9.56,1.48,-0.01,1,0,,,,0.21,0.04,2.6,13.26,-0.01,,,
3.91,ACQUIRE,1.24,-0.02,-9.56,1.49,-0.01,1,0,,,,0.21,0.04,1.8,13.26,-0.01,,,
3.96,ACQUIRE,1.26,-0.02,-9.56,1.5,-0.01,1,0,,,,0.2,0.04,2.5,13.26,-0.01,,,
4.01,ACQUIRE,1.26,-0.02,-9.56,1.52,-0.01,1,0,,,,0.21,0.04,1.8,13.26,-0.01,,,
4.06,ACQUIRE,1.28,-0.02,-9.56,1.53,-0.01,1,0,,,,0.2,0.04,2.4,13.26,-0.01,,,
4.11,ACQUIRE,1.28,-0.02,-9.56,1.54,-0.01,1,0,,,,0.21,0.04,1.8,13.26,-0.01,,,
4.16,ACQUIRE,1.3,-0.02,-9.56,1.55,-0.01,1,0,,,,0.2,0.04,2.4,13.26,-0.01,,,
4.21,ACQUIRE,1.3,-0.02,-9.56,1.57,-0.01,1,0,,,,0.2,0.04,1.8,13.26,-0.01,,,
4.26,ACQUIRE,1.32,-0.02,-9.56,1.58,-0.01,1,0,,,,0.19,0.04,2.3,13.26,-0.01,,,
4.31,ACQUIRE,1.32,-0.02,-9.56,1.59,-0.01,1,0,,,,0.2,0.04,1.9,13.26,-0.01,,,
4.36,ACQUIRE,1.34,-0.02,-9.56,1.6,-0.01,1,0,,,,0.24,0.03,2.6,13.26,-0.01,,,
4.41,ACQUIRE,1.34,-0.02,-9.56,1.62,-0.01,1,0,,,,0.25,0.03,1.9,13.26,-0.01,,,
4.46,ACQUIRE,1.36,-0.02,-9.57,1.63,-0.01,1,0,,,,0.23,0.03,2.7,13.26,-0.01,,,
4.51,ACQUIRE,1.36,-0.02,-9.57,1.64,-0.01,1,0,,,,0.24,0.03,1.9,13.26,-0.01,,,
4.56,ACQUIRE,1.38,-0.02,-9.57,1.65,-0.01,1,0,,,,0.23,0.03,2.5,13.26,-0.01,,,
4.61,ACQUIRE,1.38,-0.02,-9.57,1.67,-0.01,1,0,,,,0.23,0.03,1.8,13.26,-0.01,,,
4.66,ACQUIRE,1.4,-0.02,-9.57,1.68,-0.01,1,0,,,,0.22,0.03,2.5,13.26,-0.01,,,
4.71,CARRY,1.4,-0.02,-9.57,1.69,-0.01,1,0,,,,-0.671,0.041,604.5,13.26,-0.01,,,
5.31,CARRY,1.54,-0.02,-9.57,1.84,-0.01,1,0,322.0,223.0,17.1,0.34,0.04,56.1,13.26,-0.01,0.7,662.0,3.484
5.37,CARRY,1.56,-0.02,-9.57,1.86,-0.01,1,0,322.0,223.5,16.6,0.33,0.04,48.6,13.26,-0.01,0.7,661.1,3.625
5.42,CARRY,1.56,-0.02,-9.57,1.87,-0.01,1,0,322.0,223.0,17.1,0.34,0.04,54.4,13.26,-0.01,0.9,660.6,3.844
5.48,CARRY,1.58,-0.02,-9.57,1.88,-0.01,1,0,322.5,223.0,17.2,0.34,0.05,49.2,13.26,-0.01,0.2,659.3,3.859
5.53,CARRY,1.58,-0.02,-9.57,1.9,-0.01,1,0,322.0,222.5,17.6,0.35,0.04,53.6,13.26,-0.01,0.7,658.8,3.938
5.58,CARRY,1.6,-0.02,-9.57,1.91,-0.01,1,0,322.0,223.0,17.1,0.34,0.04,48.9,13.26,-0.01,0.7,658.1,4.0
5.63,CARRY,1.6,-0.02,-9.57,1.92,-0.01,1,0,322.0,222.0,18.1,0.36,0.04,53.9,13.26,-0.01,0.7,657.1,4.031
5.68,CARRY,1.63,-0.02,-9.57,1.94,-0.01,1,0,322.0,223.0,17.1,0.34,0.04,49.7,13.26,-0.01,0.9,656.8,4.062
5.74,CARRY,1.63,-0.02,-9.57,1.95,-0.01,1,0,322.5,222.0,18.2,0.36,0.05,54.0,13.26,-0.01,0.5,655.7,4.094
5.79,CARRY,1.65,-0.02,-9.57,1.96,-0.01,1,0,322.0,222.5,17.6,0.35,0.04,49.4,13.26,-0.01,0.7,654.9,4.094
5.84,CARRY,1.65,-0.02,-9.57,1.97,-0.01,1,0,322.0,222.0,18.1,0.36,0.04,53.8,13.26,-0.01,0.9,654.4,4.188
5.9,CARRY,1.68,-0.02,-9.57,1.99,-0.01,1,0,322.0,222.5,17.6,0.35,0.04,48.6,13.26,-0.01,0.7,653.4,4.594
5.95,CARRY,1.7,-0.02,-9.57,2.0,-0.01,1,0,322.5,223.5,16.7,0.33,0.05,54.4,13.26,-0.01,0.5,652.6,5.5
6.0,CARRY,1.7,-0.02,-9.57,2.01,-0.01,1,0,322.0,223.0,17.1,0.34,0.04,48.4,13.26,-0.01,1.0,652.2,5.844
6.05,CARRY,1.73,-0.02,-9.57,2.03,-0.01,1,0,322.5,224.0,16.2,0.32,0.05,55.1,13.26,-0.01,0.9,651.4,5.906
6.11,CARRY,1.73,-0.02,-9.57,2.04,-0.01,1,0,322.0,223.0,17.1,0.34,0.04,48.5,13.26,-0.01,0.8,650.5,5.938
6.16,CARRY,1.76,-0.02,-9.57,2.05,-0.01,1,0,322.5,224.0,16.2,0.32,0.05,55.0,13.26,-0.01,0.6,649.6,5.906
6.21,CARRY,1.76,-0.02,-9.57,2.07,-0.01,1,0,322.0,223.0,17.1,0.34,0.04,47.8,13.26,-0.01,0.7,648.7,5.938
6.26,CARRY,1.79,-0.02,-9.57,2.08,-0.01,1,0,322.5,224.0,16.2,0.32,0.05,54.8,13.26,-0.01,0.4,647.8,5.938
6.32,CARRY,1.79,-0.02,-9.57,2.09,-0.01,1,0,322.5,223.0,17.2,0.34,0.05,48.2,13.26,-0.01,0.2,646.8,5.938
6.37,CARRY,1.83,-0.02,-9.57,2.11,-0.01,1,0,322.5,224.5,15.7,0.31,0.05,54.2,13.26,-0.01,0.6,646.5,5.906
6.42,CARRY,1.83,-0.02,-9.57,2.12,-0.01,1,0,322.5,224.0,16.2,0.32,0.05,48.2,13.26,-0.01,0.8,646.0,5.938
6.47,CARRY,1.86,-0.02,-9.57,2.13,-0.01,1,0,322.5,225.0,15.2,0.3,0.05,54.2,13.26,-0.01,0.8,645.1,6.031
6.53,CARRY,1.86,-0.02,-9.57,2.15,-0.01,1,0,322.5,225.0,15.2,0.3,0.05,47.7,13.26,-0.01,1.5,645.1,6.094
6.58,CARRY,1.89,-0.02,-9.57,2.16,-0.01,1,0,322.0,225.0,15.1,0.3,0.04,54.8,13.26,-0.01,0.5,643.3,6.125
6.63,CARRY,1.89,-0.02,-9.57,2.17,-0.01,1,0,322.5,224.0,16.2,0.32,0.05,48.4,13.26,-0.01,0.2,642.2,6.156
6.69,CARRY,1.92,-0.02,-9.58,2.19,-0.01,1,0,322.0,225.5,14.6,0.29,0.04,54.1,13.26,-0.01,0.6,641.9,6.125
6.74,CARRY,1.95,-0.02,-9.58,2.2,-0.01,1,0,322.0,226.5,13.6,0.27,0.04,48.8,13.26,-0.01,0.5,641.0,6.094
6.79,CARRY,1.95,-0.02,-9.58,2.21,-0.01,1,0,322.0,226.0,14.1,0.28,0.04,54.4,13.26,-0.01,0.7,640.5,6.031
6.85,CARRY,1.99,-0.02,-9.58,2.23,-0.01,1,0,321.5,226.5,13.6,0.27,0.03,49.6,13.26,-0.01,0.5,639.2,6.094
6.9,CARRY,1.99,-0.02,-9.58,2.24,-0.01,1,0,322.0,226.0,14.1,0.28,0.04,53.7,13.26,-0.01,0.5,638.6,6.031
6.95,CARRY,2.02,-0.02,-9.58,2.25,-0.01,1,0,321.5,227.0,13.1,0.26,0.03,48.7,13.26,-0.01,0.6,637.9,5.969
7.0,CARRY,2.02,-0.02,-9.58,2.26,-0.01,1,0,322.0,226.0,14.1,0.28,0.04,54.0,13.26,-0.01,0.2,636.8,5.906
7.06,CARRY,2.05,-0.02,-9.58,2.28,-0.01,1,0,321.5,227.0,13.1,0.26,0.03,48.6,13.26,-0.01,0.4,636.1,5.781
7.11,CARRY,2.05,-0.02,-9.58,2.29,-0.01,1,0,321.5,226.5,13.6,0.27,0.03,53.7,13.26,-0.01,0.6,635.6,5.781
7.16,CARRY,2.08,-0.02,-9.58,2.3,-0.01,1,0,321.5,227.5,12.6,0.25,0.03,49.0,13.26,-0.01,0.5,634.8,5.781
7.21,CARRY,2.08,-0.02,-9.58,2.32,-0.01,1,0,321.5,226.5,13.6,0.27,0.03,54.2,13.26,-0.01,0.4,633.8,5.75
7.27,CARRY,2.11,-0.01,-9.58,2.33,-0.01,1,0,321.5,228.0,12.1,0.24,0.03,48.9,13.26,-0.01,0.8,633.6,5.781
7.32,CARRY,2.11,-0.01,-9.58,2.34,-0.01,1,0,321.5,227.0,13.1,0.26,0.03,53.5,13.26,-0.01,0.6,632.6,5.781
7.37,CARRY,2.14,-0.01,-9.58,2.36,-0.01,1,0,321.5,228.0,12.1,0.24,0.03,48.4,13.26,-0.01,0.6,631.9,5.75
7.42,CARRY,2.14,-0.01,-9.58,2.37,-0.01,1,0,321.5,227.0,13.1,0.26,0.03,53.6,13.26,-0.01,0.4,630.9,5.688
7.47,CARRY,2.16,-0.01,-9.58,2.38,-0.01,1,0,321.5,228.0,12.1,0.24,0.03,48.6,13.26,-0.01,0.5,630.2,5.688
7.52,CARRY,2.16,-0.01,-9.58,2.4,-0.01,1,0,321.5,227.0,13.1,0.26,0.03,53.9,13.26,-0.01,0.3,629.3,5.688
7.58,CARRY,2.19,-0.01,-9.58,2.41,-0.01,1,0,321.5,228.0,12.1,0.24,0.03,49.1,13.26,-0.01,0.4,628.6,5.875
7.63,CARRY,2.19,-0.01,-9.58,2.42,-0.01,1,0,321.5,227.0,13.1,0.26,0.03,53.6,13.26,-0.01,0.3,627.6,5.875
7.68,CARRY,2.22,-0.01,-9.58,2.44,-0.01,1,0,321.5,228.0,12.1,0.24,0.03,48.7,13.26,-0.01,0.4,627.1,6.031
7.73,CARRY,2.22,-0.01,-9.58,2.45,-0.01,1,0,321.5,227.0,13.1,0.26,0.03,54.2,13.26,-0.01,0.2,626.1,6.062
7.79,CARRY,2.25,-0.01,-9.58,2.46,-0.01,1,0,321.5,228.0,12.1,0.24,0.03,49.2,13.26,-0.01,0.4,625.5,6.031
7.84,CARRY,2.25,-0.01,-9.58,2.47,-0.01,1,0,321.5,227.5,12.6,0.25,0.03,55.1,13.26,-0.01,0.6,625.0,6.062
7.9,CARRY,2.27,-0.01,-9.58,2.49,-0.01,1,0,321.5,228.0,12.1,0.24,0.03,49.9,13.26,-0.01,0.4,624.0,6.156
7.95,CARRY,2.3,-0.01,-9.58,2.5,-0.01,1,0,321.5,229.0,11.1,0.22,0.03,55.2,13.26,-0.01,0.6,623.4,6.156
8.0,CARRY,2.3,-0.01,-9.58,2.51,-0.01,1,0,321.5,228.0,12.1,0.24,0.03,48.6,13.26,-0.01,0.5,622.4,6.281
8.05,CARRY,2.32,-0.01,-9.58,2.53,-0.01,1,0,321.5,229.0,11.1,0.22,0.03,55.5,13.26,-0.01,0.7,621.9,6.281
8.11,CARRY,2.32,-0.01,-9.58,2.54,-0.01,1,0,321.5,228.0,12.1,0.24,0.03,48.6,13.26,-0.01,0.5,621.0,6.312
8.16,CARRY,2.35,-0.01,-9.58,2.55,-0.01,1,0,321.5,229.0,11.1,0.22,0.03,55.6,13.26,-0.01,0.7,620.5,6.25
8.22,CARRY,2.35,-0.01,-9.58,2.57,-0.01,1,0,321.5,228.0,12.1,0.24,0.03,49.0,13.26,-0.01,0.6,619.5,6.344
8.27,CARRY,2.37,-0.01,-9.58,2.58,-0.01,1,0,321.5,229.0,11.1,0.22,0.03,55.5,13.26,-0.01,0.9,619.0,6.375
8.32,CARRY,2.37,-0.01,-9.58,2.59,-0.01,1,0,321.5,228.0,12.1,0.24,0.03,49.0,13.26,-0.01,0.7,618.0,6.438
8.37,CARRY,2.4,-0.01,-9.58,2.61,-0.01,1,0,321.5,228.5,11.6,0.23,0.03,54.9,13.26,-0.01,0.5,617.1,6.438
8.43,CARRY,2.4,-0.01,-9.58,2.62,-0.01,1,0,321.5,228.0,12.1,0.24,0.03,48.0,13.26,-0.01,0.8,616.6,6.5
8.48,CARRY,2.42,-0.01,-9.58,2.63,-0.01,1,0,321.5,228.0,12.1,0.24,0.03,54.0,13.26,-0.01,0.1,615.2,6.5
8.53,CARRY,2.42,-0.01,-9.58,2.65,-0.01,1,0,321.5,227.5,12.6,0.25,0.03,47.7,13.26,-0.01,0.4,614.7,6.594
8.58,CARRY,2.45,-0.01,-9.58,2.66,-0.01,1,0,321.5,228.0,12.1,0.24,0.03,54.7,13.26,-0.01,0.3,613.8,6.625
8.64,CARRY,2.45,-0.01,-9.58,2.67,-0.01,1,0,321.5,227.5,12.6,0.25,0.03,48.4,13.26,-0.01,0.5,613.3,6.656
8.69,CARRY,2.47,-0.01,-9.58,2.69,-0.01,1,0,321.5,228.0,12.1,0.24,0.03,54.0,13.26,-0.01,0.4,612.4,6.656
8.74,CARRY,2.5,-0.01,-9.58,2.7,-0.01,1,0,321.5,229.0,11.1,0.22,0.03,48.7,13.26,-0.01,0.8,612.0,6.531
8.79,CARRY,2.5,-0.01,-9.58,2.71,-0.01,1,0,321.5,228.0,12.1,0.24,0.03,54.9,13.26,-0.01,0.5,611.0,6.625
8.85,CARRY,2.52,-0.01,-9.58,2.73,-0.01,1,0,321.5,228.5,11.6,0.23,0.03,49.3,13.26,-0.01,0.5,610.1,6.562
8.9,CARRY,2.52,-0.01,-9.58,2.74,-0.01,1,0,321.5,228.0,12.1,0.24,0.03,53.4,13.26,-0.01,0.7,609.6,6.656
8.95,CARRY,2.54,-0.01,-9.58,2.75,-0.01,1,0,321.5,228.5,11.6,0.23,0.03,48.4,13.26,-0.01,0.6,608.7,6.562
9.0,CARRY,2.54,-0.01,-9.58,2.77,-0.01,1,0,321.5,228.0,12.1,0.24,0.03,53.4,13.26,-0.01,0.8,608.2,6.594
9.06,CARRY,2.57,-0.01,-9.58,2.78,-0.01,1,0,321.5,228.0,12.1,0.24,0.03,48.9,13.26,-0.01,0.4,606.8,6.531
9.11,CARRY,2.57,-0.01,-9.58,2.79,-0.01,1,0,321.5,228.0,12.1,0.24,0.03,54.1,13.26,-0.01,0.9,606.8,6.625
9.16,CARRY,2.59,-0.01,-9.58,2.81,-0.01,1,0,321.5,228.0,12.1,0.24,0.03,48.8,13.26,-0.01,0.4,605.4,6.531
9.21,CARRY,2.59,-0.01,-9.58,2.82,-0.01,1,0,321.5,227.5,12.6,0.25,0.03,53.9,13.26,-0.01,0.6,604.9,6.656
9.27,CARRY,2.62,-0.01,-9.58,2.83,-0.01,1,0,321.5,228.0,12.1,0.24,0.03,48.5,13.26,-0.01,0.6,604.1,6.625
9.32,CARRY,2.62,-0.01,-9.58,2.84,-0.01,1,0,321.5,227.0,13.1,0.26,0.03,53.4,13.26,-0.01,0.3,603.1,6.656
9.37,CARRY,2.64,-0.01,-9.58,2.86,-0.01,1,0,321.5,228.0,12.1,0.24,0.03,48.6,13.26,-0.01,0.7,602.7,6.625
9.42,CARRY,2.64,-0.01,-9.58,2.87,-0.01,1,0,321.5,227.0,13.1,0.26,0.03,53.6,13.26,-0.01,0.4,601.7,6.625
9.48,CARRY,2.66,-0.01,-9.58,2.88,-0.01,1,0,321.5,228.0,12.1,0.24,0.03,49.0,13.26,-0.01,0.7,601.2,6.625
9.53,CARRY,2.66,-0.01,-9.58,2.9,-0.01,1,0,321.5,227.0,13.1,0.26,0.03,53.3,13.26,-0.01,0.4,600.2,6.594
9.58,CARRY,2.69,-0.01,-9.58,2.91,-0.01,1,0,321.5,228.0,12.1,0.24,0.03,48.7,13.26,-0.01,0.8,599.8,6.531
9.63,CARRY,2.69,-0.01,-9.58,2.92,-0.01,1,0,321.5,227.0,13.1,0.26,0.03,54.2,13.26,-0.01,0.5,598.8,6.562
9.69,CARRY,2.71,-0.01,-9.58,2.94,-0.01,1,0,321.5,228.0,12.1,0.24,0.03,48.6,13.26,-0.01,0.9,598.4,6.469
9.74,CARRY,2.74,-0.01,-9.58,2.95,-0.01,1,0,321.5,228.0,12.1,0.24,0.03,54.4,13.26,-0.01,0.4,597.0,6.344
9.79,CARRY,2.74,-0.01,-9.58,2.96,-0.01,1,0,321.5,227.5,12.6,0.25,0.03,47.8,13.26,-0.01,0.5,596.5,6.406
9.84,CARRY,2.76,-0.01,-9.58,2.97,-0.01,1,0,321.5,228.0,12.1,0.24,0.03,54.7,13.26,-0.01,0.5,595.5,6.312
9.9,CARRY,2.76,-0.01,-9.58,2.99,-0.01,1,0,321.5,227.5,12.6,0.25,0.03,48.5,13.26,-0.01,0.6,595.0,6.406
9.95,CARRY,2.79,-0.01,-9.58,3.0,-0.01,1,0,321.5,228.0,12.1,0.24,0.03,56.8,13.26,-0.01,0.5,594.1,6.312
10.01,CARRY,2.79,-0.01,-9.58,3.02,-0.01,1,0,321.5,227.0,13.1,0.26,0.03,48.9,13.26,-0.01,0.3,593.1,6.375
10.06,CARRY,2.81,-0.01,-9.58,3.03,-0.01,1,0,321.5,228.0,12.1,0.24,0.03,55.2,13.26,-0.01,0.6,592.6,6.406
10.11,CARRY,2.81,-0.01,-9.58,3.04,-0.01,1,0,321.5,227.0,13.1,0.26,0.03,48.8,13.26,-0.01,0.3,591.6,6.438
10.16,CARRY,2.84,-0.01,-9.58,3.05,-0.01,1,0,321.5,228.0,12.1,0.24,0.03,55.7,13.26,-0.01,0.6,591.2,6.406
10.22,CARRY,2.84,-0.01,-9.58,3.07,-0.01,1,0,321.5,227.0,13.1,0.26,0.03,49.4,13.26,-0.01,0.4,590.2,6.438
10.27,CARRY,2.86,-0.01,-9.58,3.08,-0.01,1,0,321.5,228.0,12.1,0.24,0.03,55.7,13.26,-0.01,0.7,589.7,6.438
10.33,CARRY,2.86,-0.01,-9.58,3.1,-0.01,1,0,321.5,227.0,13.1,0.26,0.03,47.9,13.26,-0.01,0.5,588.7,6.594
10.38,CARRY,2.89,-0.01,-9.58,3.11,-0.01,1,0,321.5,228.0,12.1,0.24,0.03,49.5,13.26,-0.01,0.8,588.3,6.562
10.43,CARRY,2.89,-0.01,-9.58,3.12,-0.01,1,0,321.5,227.0,13.1,0.26,0.03,50.2,13.26,-0.01,0.5,587.3,6.625
10.48,CARRY,2.91,-0.01,-9.58,3.13,-0.01,1,0,321.5,228.0,12.1,0.24,0.03,50.0,13.26,-0.01,0.9,586.9,6.625
10.53,CARRY,2.91,-0.01,-9.58,3.15,-0.01,1,0,321.5,227.0,13.1,0.26,0.03,49.7,13.26,-0.01,0.6,585.9,6.656
10.58,CARRY,2.94,-0.01,-9.58,3.16,-0.01,1,0,321.5,228.0,12.1,0.24,0.03,50.6,13.26,-0.01,0.9,585.4,6.594
10.63,CARRY,2.94,-0.01,-9.58,3.17,-0.01,1,0,321.5,227.0,13.1,0.26,0.03,49.5,13.26,-0.01,0.6,584.4,6.594
10.68,CARRY,2.96,-0.01,-9.58,3.18,-0.01,1,0,321.5,228.0,12.1,0.24,0.03,50.5,13.26,-0.01,0.9,584.0,6.531
10.73,CARRY,2.96,-0.01,-9.58,3.2,-0.01,1,0,321.5,227.0,13.1,0.26,0.03,49.9,13.26,-0.01,0.7,583.0,6.562
10.78,CARRY,2.99,-0.01,-9.58,3.21,-0.01,1,0,321.5,227.5,12.6,0.25,0.03,51.1,13.26,-0.01,0.5,582.0,6.531
10.84,CARRY,2.99,-0.01,-9.58,3.22,-0.01,1,0,321.5,227.0,13.1,0.26,0.03,50.4,13.26,-0.01,0.7,581.5,6.625
10.89,CARRY,3.01,-0.01,-9.58,3.24,-0.01,1,0,321.5,227.5,12.6,0.25,0.03,50.3,13.26,-0.01,0.5,580.6,6.594
10.94,CARRY,3.01,-0.01,-9.58,3.25,-0.01,1,0,321.5,227.0,13.1,0.26,0.03,50.0,13.26,-0.01,0.7,580.1,6.656
10.99,CARRY,3.04,-0.01,-9.58,3.26,-0.01,1,0,321.5,227.5,12.6,0.25,0.03,50.4,13.26,-0.01,0.5,579.1,6.656
11.04,CARRY,3.06,-0.01,-9.58,3.27,-0.01,1,0,321.5,228.0,12.1,0.24,0.03,50.5,13.26,-0.01,0.4,578.2,6.562
11.09,CARRY,3.06,-0.01,-9.58,3.29,-0.01,1,0,321.5,227.5,12.6,0.25,0.03,49.8,13.26,-0.01,0.6,577.7,6.562
11.14,CARRY,3.09,-0.01,-9.58,3.3,-0.01,1,0,321.5,228.0,12.1,0.24,0.03,50.5,13.26,-0.01,0.4,576.7,6.5
11.19,CARRY,3.09,-0.01,-9.58,3.31,-0.01,1,0,321.5,227.5,12.6,0.25,0.03,48.8,13.26,-0.01,0.6,576.2,6.531
11.24,CARRY,3.11,-0.01,-9.58,3.33,-0.01,1,0,321.5,228.0,12.1,0.24,0.03,50.4,13.26,-0.01,0.4,575.3,6.531
11.3,CARRY,3.11,-0.01,-9.58,3.34,-0.01,1,0,321.5,227.5,12.6,0.25,0.03,50.1,13.26,-0.01,0.6,574.8,6.562
11.35,CARRY,3.14,-0.01,-9.58,3.35,-0.01,1,0,321.5,228.0,12.1,0.24,0.03,50.5,13.26,-0.01,0.4,573.8,6.531
11.4,CARRY,3.14,-0.01,-9.58,3.36,-0.01,1,0,321.5,227.0,13.1,0.26,0.03,49.1,13.26,-0.01,0.1,572.8,6.562
11.45,CARRY,3.16,-0.01,-9.58,3.38,-0.01,1,0,321.5,228.0,12.1,0.24,0.03,50.6,13.26,-0.01,0.4,572.4,6.594
11.5,CARRY,3.16,-0.01,-9.58,3.39,-0.01,1,0,321.5,227.0,13.1,0.26,0.03,50.2,13.26,-0.01,0.2,571.4,6.594
11.55,CARRY,3.19,-0.01,-9.58,3.4,-0.01,1,0,321.5,228.0,12.1,0.24,0.03,50.5,13.26,-0.01,0.5,570.9,6.688
11.6,CARRY,3.19,-0.01,-9.58,3.41,-0.01,1,0,321.5,227.0,13.1,0.26,0.03,49.9,13.26,-0.01,0.2,569.9,6.656
11.65,CARRY,3.21,-0.01,-9.58,3.43,-0.01,1,0,321.5,228.0,12.1,0.24,0.03,50.5,13.26,-0.01,0.5,569.5,6.719
11.7,CARRY,3.21,-0.01,-9.58,3.44,-0.01,1,0,321.5,227.0,13.1,0.26,0.03,48.6,13.26,-0.01,0.2,568.5,6.656
11.75,CARRY,3.24,-0.01,-9.58,3.45,-0.01,1,0,321.5,228.0,12.1,0.24,0.03,50.6,13.26,-0.01,0.5,568.1,6.625
11.81,CARRY,3.24,-0.01,-9.58,3.47,-0.01,1,0,321.5,227.0,13.1,0.26,0.03,50.9,13.26,-0.01,0.3,567.1,6.594
11.86,CARRY,3.26,-0.01,-9.58,3.48,-0.01,1,0,321.5,228.0,12.1,0.24,0.03,51.0,13.26,-0.01,0.6,566.7,6.625
11.91,CARRY,3.26,-0.01,-9.58,3.49,-0.01,1,0,321.5,227.0,13.1,0.26,0.03,49.8,13.26,-0.01,0.4,565.7,6.625
11.96,CARRY,3.28,-0.01,-9.58,3.5,-0.01,1,0,321.5,228.0,12.1,0.24,0.03,50.5,13.26,-0.01,0.7,565.2,6.688
12.01,CARRY,3.28,-0.01,-9.58,3.52,-0.01,1,0,321.5,227.0,13.1,0.26,0.03,49.7,13.26,-0.01,0.4,564.2,6.688
12.06,CARRY,3.31,-0.01,-9.58,3.53,-0.01,1,0,321.5,228.0,12.1,0.24,0.03,50.6,13.26,-0.01,0.7,563.8,6.75
12.11,CARRY,3.31,-0.01,-9.58,3.54,-0.01,1,0,321.5,227.0,13.1,0.26,0.03,49.8,13.26,-0.01,0.4,562.8,6.844
12.16,CARRY,3.33,-0.01,-9.58,3.56,-0.01,1,0,321.5,228.0,12.1,0.24,0.03,50.4,13.26,-0.01,0.7,562.4,6.812
12.22,CARRY,3.33,-0.01,-9.58,3.57,-0.01,1,0,321.5,227.0,13.1,0.26,0.03,50.1,13.26,-0.01,0.5,561.4,6.875
12.27,CARRY,3.36,-0.01,-9.58,3.58,-0.01,1,0,321.5,228.0,12.1,0.24,0.03,50.5,13.26,-0.01,0.8,560.9,6.812
12.32,CARRY,3.36,-0.01,-9.58,3.59,-0.01,1,0,321.5,227.0,13.1,0.26,0.03,50.2,13.26,-0.01,0.5,559.9,6.875
12.37,CARRY,3.38,-0.01,-9.58,3.61,-0.01,1,0,321.5,228.0,12.1,0.24,0.03,50.7,13.26,-0.01,0.8,559.4,6.781
12.42,CARRY,3.38,-0.01,-9.58,3.62,-0.01,1,0,321.5,227.0,13.1,0.26,0.03,50.1,13.26,-0.01,0.5,558.4,6.844
12.47,CARRY,3.41,-0.01,-9.58,3.63,-0.01,1,0,321.5,228.0,12.1,0.24,0.03,50.7,13.26,-0.01,0.8,558.0,6.75
12.52,CARRY,3.41,-0.01,-9.58,3.65,-0.01,1,0,321.5,227.0,13.1,0.26,0.03,49.6,13.26,-0.01,0.5,557.0,6.75
12.57,CARRY,3.44,-0.01,-9.58,3.66,-0.01,1,0,321.5,228.0,12.1,0.24,0.03,50.7,13.26,-0.01,0.8,556.5,6.656
12.63,CARRY,3.44,-0.01,-9.58,3.67,-0.01,1,0,321.5,227.0,13.1,0.26,0.03,49.9,13.26,-0.01,0.5,555.5,6.688
12.68,CARRY,3.46,-0.01,-9.58,3.68,-0.01,1,0,321.5,227.5,12.6,0.25,0.03,51.0,13.26,-0.01,0.3,554.6,6.562
12.73,CARRY,3.46,-0.01,-9.58,3.7,-0.01,1,0,321.5,227.0,13.1,0.26,0.03,49.7,13.26,-0.01,0.6,554.1,6.594
12.78,CARRY,3.49,-0.01,-9.58,3.71,-0.01,1,0,321.5,227.5,12.6,0.25,0.03,50.7,13.26,-0.01,0.3,553.1,6.531
12.83,CARRY,3.49,-0.01,-9.58,3.72,-0.01,1,0,321.0,226.5,13.5,0.27,0.02,49.7,13.26,-0.01,0.5,552.2,6.594
12.88,CARRY,3.51,-0.01,-9.58,3.73,-0.01,1,0,321.5,227.5,12.6,0.25,0.03,50.8,13.26,-0.01,0.4,551.6,6.5
12.93,CARRY,3.51,-0.01,-9.58,3.75,-0.01,1,0,321.0,226.5,13.5,0.27,0.02,49.8,13.26,-0.01,0.5,550.7,6.562
12.98,CARRY,3.54,-0.01,-9.58,3.76,-0.01,1,0,321.5,227.5,12.6,0.25,0.03,50.4,13.26,-0.01,0.4,550.2,6.5
13.04,CARRY,3.54,-0.01,-9.58,3.77,-0.01,1,0,321.5,226.5,13.6,0.27,0.03,50.2,13.26,-0.01,0.1,549.2,6.562
13.09,CARRY,3.56,-0.01,-9.58,3.79,-0.01,1,0,321.5,227.5,12.6,0.25,0.03,50.6,13.26,-0.01,0.4,548.7,6.5
13.14,CARRY,3.56,-0.01,-9.58,3.8,-0.01,1,0,321.5,226.5,13.6,0.27,0.03,50.2,13.26,-0.01,0.1,547.7,6.469
13.19,CARRY,3.59,-0.01,-9.58,3.81,-0.01,1,0,321.5,227.5,12.6,0.25,0.03,50.4,13.26,-0.01,0.4,547.2,6.438
13.24,CARRY,3.61,-0.01,-9.58,3.82,-0.01,1,0,321.5,228.0,12.1,0.24,0.03,50.5,13.26,-0.01,0.2,546.3,6.344
13.29,CARRY,3.61,-0.01,-9.58,3.84,-0.01,1,0,321.5,228.0,12.1,0.24,0.03,49.9,13.26,-0.01,0.9,546.3,6.344
13.34,CARRY,3.64,-0.01,-9.58,3.85,-0.01,1,0,321.5,228.0,12.1,0.24,0.03,50.7,13.26,-0.01,0.2,544.8,6.312
13.39,CARRY,3.64,-0.01,-9.58,3.86,-0.01,1,0,321.5,228.0,12.1,0.24,0.03,50.0,13.26,-0.01,0.9,544.8,6.375
13.45,CARRY,3.66,-0.01,-9.58,3.88,-0.01,1,0,321.0,229.5,10.5,0.21,0.02,52.0,13.26,-0.01,1.7,544.8,6.312
13.5,CARRY,3.66,-0.01,-9.58,3.89,-0.01,1,0,321.0,229.5,10.5,0.21,0.02,50.8,13.26,-0.01,2.5,544.8,6.375
13.55,CARRY,3.69,-0.01,-9.58,3.9,-0.01,1,0,321.0,230.0,10.0,0.2,0.02,51.2,13.26,-0.01,2.2,543.9,6.375
13.6,CARRY,3.69,-0.01,-9.58,3.91,-0.01,1,0,321.0,230.0,10.0,0.2,0.02,50.7,13.26,-0.01,3.0,543.9,6.469
13.65,CARRY,3.71,-0.01,-9.58,3.93,-0.01,1,0,321.0,231.0,9.1,0.18,0.02,50.4,13.26,-0.01,3.3,543.4,6.438
13.71,CARRY,3.71,-0.01,-9.58,3.94,-0.01,1,0,321.0,231.0,9.1,0.18,0.02,49.3,13.26,-0.01,4.0,543.4,6.5
13.76,CARRY,3.74,-0.01,-9.58,3.95,-0.01,1,0,321.0,231.0,9.1,0.18,0.02,51.5,13.26,-0.01,3.3,542.0,6.438
13.81,CARRY,3.74,-0.01,-9.58,3.97,-0.01,1,0,321.0,231.5,8.6,0.17,0.02,50.7,13.26,-0.01,4.5,542.5,6.469
13.86,CARRY,3.76,-0.01,-9.58,3.98,-0.01,1,0,321.0,232.0,8.1,0.16,0.02,51.3,13.26,-0.01,4.4,541.6,6.438
13.91,CARRY,3.76,-0.01,-9.58,3.99,-0.01,1,0,321.0,232.0,8.1,0.16,0.02,50.6,13.26,-0.01,5.2,541.6,6.5
13.96,CARRY,3.79,-0.01,-9.58,4.0,-0.01,1,0,320.5,233.0,7.0,0.14,0.01,50.8,13.26,-0.01,5.7,541.3,6.469
14.01,CARRY,3.79,-0.01,-9.58,4.02,-0.01,1,0,320.5,232.5,7.5,0.15,0.01,49.2,13.26,-0.01,5.9,540.8,6.5
14.07,CARRY,3.81,-0.01,-9.58,4.03,-0.01,1,0,320.5,233.5,6.5,0.13,0.01,51.5,13.26,-0.01,6.4,540.6,6.5
14.12,CARRY,3.81,-0.01,-9.58,4.04,-0.01,1,0,320.5,233.0,7.0,0.14,0.01,49.9,13.26,-0.01,6.7,540.1,6.562
14.17,CARRY,3.83,-0.01,-9.58,4.06,-0.01,1,0,320.5,233.5,6.5,0.13,0.01,50.4,13.26,-0.01,6.7,539.4,6.469
14.22,CARRY,3.83,-0.01,-9.58,4.07,-0.01,1,0,320.5,233.5,6.5,0.13,0.01,50.1,13.26,-0.01,7.4,539.4,6.406
14.27,CARRY,3.85,-0.01,-9.58,4.08,-0.01,1,0,320.5,234.0,6.0,0.12,0.01,50.5,13.26,-0.01,7.5,538.8,6.5
14.32,CARRY,3.85,-0.01,-9.58,4.09,-0.01,1,0,320.5,233.5,6.5,0.13,0.01,49.9,13.26,-0.01,7.8,538.3,6.406
14.37,CARRY,3.87,-0.01,-9.58,4.11,-0.01,1,0,320.5,234.0,6.0,0.12,0.01,50.7,13.26,-0.01,7.9,537.7,6.344
14.42,CARRY,3.87,-0.01,-9.58,4.12,-0.01,1,0,320.5,233.5,6.5,0.13,0.01,50.0,13.26,-0.01,8.2,537.2,6.312
14.48,CARRY,3.88,-0.01,-9.58,4.13,-0.01,1,0,320.0,234.5,5.5,0.11,0.0,51.0,13.26,-0.01,9.0,537.2,6.312
14.53,CARRY,3.88,-0.01,-9.58,4.15,-0.01,1,0,320.0,234.5,5.5,0.11,0.0,49.8,13.26,-0.01,9.7,537.2,6.344
14.58,CARRY,3.9,-0.01,-9.58,4.16,-0.01,1,0,320.0,235.0,5.0,0.1,0.0,50.8,13.26,-0.01,10.0,536.8,6.312
14.63,CARRY,3.9,-0.01,-9.58,4.17,-0.01,1,0,321.0,234.5,5.6,0.11,0.02,49.8,13.26,-0.01,10.1,536.1,6.406
14.68,CARRY,3.92,-0.01,-9.58,4.18,-0.01,1,0,320.0,235.0,5.0,0.1,0.0,50.5,13.26,-0.01,10.6,535.9,6.438
14.73,CARRY,3.92,-0.01,-9.58,4.2,-0.01,1,0,321.0,234.5,5.6,0.11,0.02,49.8,13.26,-0.01,10.7,535.3,6.406
14.78,CARRY,3.93,-0.01,-9.58,4.21,-0.01,1,0,321.0,235.0,5.1,0.1,0.02,51.7,13.26,-0.01,11.1,534.9,6.406
14.84,CARRY,3.93,-0.01,-9.58,4.22,-0.01,1,0,321.0,234.5,5.6,0.11,0.02,52.3,13.26,-0.01,11.4,534.4,6.438
14.89,CARRY,3.94,-0.01,-9.58,4.24,-0.01,1,0,321.0,234.5,5.6,0.11,0.02,51.0,13.26,-0.01,11.4,533.6,6.438
14.94,CARRY,3.96,-0.02,-9.58,4.25,-0.01,1,0,321.0,235.0,5.1,0.1,0.02,51.1,13.26,-0.01,11.8,533.4,6.406
14.99,CARRY,3.96,-0.02,-9.58,4.26,-0.01,1,0,321.0,234.5,5.6,0.11,0.02,50.0,13.26,-0.01,12.1,532.9,6.469
15.04,CARRY,3.97,-0.02,-9.58,4.28,-0.01,1,0,320.5,235.0,5.0,0.1,0.01,50.5,13.26,-0.01,12.7,532.7,6.469
15.1,CARRY,3.97,-0.02,-9.58,4.29,-0.01,1,0,320.5,234.5,5.5,0.11,0.01,50.3,13.26,-0.01,12.9,532.2,6.375
15.15,CARRY,3.98,-0.02,-9.58,4.3,-0.01,1,0,320.5,235.0,5.0,0.1,0.01,49.4,13.26,-0.01,13.5,532.0,6.312
15.2,CARRY,3.98,-0.02,-9.58,4.31,-0.01,1,0,320.5,235.0,5.0,0.1,0.01,49.5,13.26,-0.01,14.2,532.0,6.281
15.25,CARRY,3.99,-0.02,-9.58,4.33,-0.01,1,0,320.5,235.0,5.0,0.1,0.01,49.3,13.26,-0.01,14.2,531.3,6.25
15.3,CARRY,3.99,-0.02,-9.58,4.34,-0.01,1,0,320.5,235.0,5.0,0.1,0.01,50.1,13.26,-0.01,15.0,531.3,6.188
15.35,CARRY,4.0,-0.02,-9.58,4.35,-0.01,1,0,320.5,235.5,4.5,0.09,0.01,50.6,13.26,-0.01,15.5,531.2,6.031
15.4,CARRY,4.0,-0.02,-9.58,4.36,-0.01,1,0,320.5,235.0,5.0,0.1,0.01,48.8,13.26,-0.01,15.8,530.7,5.938
15.45,CARRY,4.02,-0.01,-9.58,4.38,-0.01,1,0,320.5,235.0,5.0,0.1,0.01,51.3,13.26,-0.01,15.9,530.0,5.812
15.5,CARRY,4.02,-0.01,-9.58,4.39,-0.01,1,0,320.5,234.5,5.5,0.11,0.01,50.0,13.26,-0.01,16.1,529.5,5.812
15.55,CARRY,4.03,-0.01,-9.58,4.4,-0.01,1,0,320.5,235.0,5.0,0.1,0.01,49.8,13.26,-0.01,16.8,529.4,5.562
15.6,CARRY,4.03,-0.01,-9.58,4.42,-0.01,1,0,320.5,234.5,5.5,0.11,0.01,49.0,13.26,-0.01,17.0,528.9,5.5
15.65,CARRY,4.04,-0.01,-9.58,4.43,-0.01,1,0,320.0,235.0,5.0,0.1,0.0,51.3,13.26,-0.01,17.7,528.9,5.312
15.71,CARRY,4.04,-0.01,-9.58,4.44,-0.01,1,0,321.0,234.5,5.6,0.11,0.02,50.9,13.26,-0.01,17.8,528.2,5.188
15.76,CARRY,4.05,-0.01,-9.58,4.45,-0.01,1,0,321.0,234.5,5.6,0.11,0.02,50.0,13.26,-0.01,17.9,527.6,5.031
15.81,CARRY,4.05,-0.01,-9.58,4.47,-0.01,1,0,321.0,234.5,5.6,0.11,0.02,51.1,13.26,-0.01,18.6,527.6,4.906
15.86,CARRY,4.06,-0.02,-9.58,4.48,-0.01,1,0,321.0,234.5,5.6,0.11,0.02,51.0,13.26,-0.01,18.8,527.0,4.688
15.91,CARRY,4.06,-0.02,-9.58,4.49,-0.01,1,0,321.0,234.5,5.6,0.11,0.02,49.6,13.26,-0.01,19.5,527.0,4.562
15.96,CARRY,4.07,-0.02,-9.58,4.51,-0.01,1,0,321.0,234.5,5.6,0.11,0.02,51.8,13.26,-0.01,19.7,526.4,4.5
16.02,CARRY,4.07,-0.02,-9.58,4.52,-0.01,1,0,321.0,234.0,6.1,0.12,0.02,49.1,13.26,-0.01,19.9,525.9,4.344
16.07,CARRY,4.08,-0.02,-9.58,4.53,-0.01,1,0,321.0,234.5,5.6,0.11,0.02,50.7,13.26,-0.01,20.5,525.8,4.312
16.12,CARRY,4.08,-0.02,-9.58,4.54,-0.01,1,0,321.0,234.0,6.1,0.12,0.02,49.7,13.26,-0.01,20.8,525.3,4.219
16.17,CARRY,4.09,-0.02,-9.58,4.56,-0.01,1,0,320.5,234.5,5.5,0.11,0.01,49.3,13.26,-0.01,21.5,525.2,4.125
16.22,CARRY,4.09,-0.02,-9.58,4.57,-0.01,1,0,320.5,234.0,6.0,0.12,0.01,48.8,13.26,-0.01,21.7,524.7,4.062
16.27,CARRY,4.1,-0.02,-9.58,4.58,-0.01,1,0,320.5,234.0,6.0,0.12,0.01,49.6,13.26,-0.01,21.8,524.1,4.0
16.32,CARRY,4.1,-0.02,-9.58,4.59,-0.01,1,0,320.5,233.5,6.5,0.13,0.01,48.3,13.26,-0.01,22.0,523.6,3.953
16.37,CARRY,4.11,-0.02,-9.58,4.61,-0.01,1,0,320.5,234.0,6.0,0.12,0.01,48.6,13.26,-0.01,22.6,523.4,4.0
16.42,CARRY,4.11,-0.02,-9.58,4.62,-0.01,1,0,320.5,233.5,6.5,0.13,0.01,48.3,13.26,-0.01,22.8,523.0,4.125
16.47,CARRY,4.12,-0.02,-9.58,4.63,-0.01,1,0,320.5,233.5,6.5,0.13,0.01,48.7,13.26,-0.01,22.9,522.3,4.156
16.52,CARRY,4.12,-0.02,-9.58,4.64,-0.01,1,0,320.5,233.5,6.5,0.13,0.01,48.8,13.26,-0.01,23.6,522.3,4.219
16.57,CARRY,4.13,-0.02,-9.58,4.66,-0.01,1,0,320.5,234.0,6.0,0.12,0.01,49.5,13.26,-0.01,24.2,522.1,4.312
16.62,CARRY,4.13,-0.02,-9.58,4.67,-0.01,1,0,321.0,233.5,6.6,0.13,0.02,48.2,13.26,-0.01,24.3,521.6,4.406
16.67,CARRY,4.15,-0.02,-9.58,4.68,-0.01,1,0,321.0,234.0,6.1,0.12,0.02,48.6,13.26,-0.01,24.9,521.4,4.438
16.72,CARRY,4.15,-0.02,-9.58,4.69,-0.01,1,0,321.0,233.5,6.6,0.13,0.02,48.1,13.26,-0.01,25.1,520.9,4.531
16.77,CARRY,4.16,-0.02,-9.58,4.71,-0.01,1,0,321.0,233.5,6.6,0.13,0.02,48.7,13.26,-0.01,25.2,520.2,4.562
16.82,CARRY,4.16,-0.02,-9.58,4.72,-0.01,1,0,321.0,233.0,7.1,0.14,0.02,48.3,13.26,-0.01,25.4,519.7,4.625
16.87,CARRY,4.17,-0.02,-9.58,4.73,-0.01,1,0,321.0,233.5,6.6,0.13,0.02,49.7,13.26,-0.01,25.9,519.5,4.656
16.92,CARRY,4.17,-0.02,-9.58,4.74,-0.01,1,0,321.0,233.5,6.6,0.13,0.02,48.1,13.26,-0.01,26.6,519.5,4.719
16.97,CARRY,4.18,-0.02,-9.58,4.76,-0.01,1,0,321.0,234.0,6.1,0.12,0.02,49.4,13.26,-0.01,27.1,519.3,4.75
17.02,CARRY,4.18,-0.02,-9.58,4.77,-0.01,1,0,321.0,233.5,6.6,0.13,0.02,48.5,13.26,-0.01,27.4,518.8,4.812
17.07,CARRY,4.2,-0.02,-9.58,4.78,-0.01,1,0,321.0,233.5,6.6,0.13,0.02,48.4,13.26,-0.01,27.4,518.1,4.844
17.12,CARRY,4.2,-0.02,-9.58,4.79,-0.01,1,0,321.0,233.0,7.1,0.14,0.02,47.7,13.26,-0.01,27.6,517.6,4.844
17.17,CARRY,4.21,-0.02,-9.58,4.81,-0.01,1,0,321.0,233.5,6.6,0.13,0.02,50.0,13.26,-0.01,28.1,517.3,4.812
17.22,CARRY,4.21,-0.02,-9.58,4.82,-0.01,1,0,321.0,233.5,6.6,0.13,0.02,47.9,13.26,-0.01,28.8,517.3,4.812
17.27,CARRY,4.22,-0.02,-9.58,4.83,-0.01,1,0,321.0,234.0,6.1,0.12,0.02,49.0,13.26,-0.01,29.3,517.1,4.906
17.32,CARRY,4.22,-0.02,-9.58,4.85,-0.01,1,0,321.0,233.0,7.1,0.14,0.02,47.9,13.26,-0.01,29.0,516.1,5.125
17.37,CARRY,4.24,-0.02,-9.58,4.86,-0.01,1,0,320.5,234.0,6.0,0.12,0.01,48.9,13.26,-0.01,30.0,516.3,5.25
17.42,CARRY,4.24,-0.02,-9.58,4.87,-0.01,1,0,320.5,233.5,6.5,0.13,0.01,47.9,13.26,-0.01,30.2,515.9,5.438
17.47,CARRY,4.25,-0.02,-9.58,4.88,-0.01,1,0,320.5,234.0,6.0,0.12,0.01,52.0,13.26,-0.01,30.7,515.6,5.625
17.53,CARRY,4.25,-0.02,-9.58,4.9,-0.01,1,0,321.0,233.5,6.6,0.13,0.02,48.0,13.26,-0.01,30.9,515.0,5.781
17.58,CARRY,4.26,-0.02,-9.58,4.91,-0.01,1,0,321.0,234.0,6.1,0.12,0.02,49.2,13.26,-0.01,31.3,514.7,5.875
17.63,CARRY,4.26,-0.02,-9.58,4.92,-0.01,1,0,321.5,233.5,6.7,0.13,0.03,47.9,13.26,-0.01,31.5,514.2,6.094
17.68,CARRY,4.27,-0.02,-9.58,4.93,-0.01,1,0,321.5,234.0,6.2,0.12,0.03,49.1,13.26,-0.01,32.0,513.9,6.188
17.73,CARRY,4.27,-0.02,-9.58,4.95,-0.01,1,0,321.0,233.5,6.6,0.13,0.02,48.0,13.26,-0.01,32.3,513.5,6.344
17.78,CARRY,4.29,-0.02,-9.58,4.96,-0.01,1,0,321.5,234.0,6.2,0.12,0.03,50.0,13.26,-0.01,32.7,513.2,6.438
17.83,CARRY,4.29,-0.02,-9.58,4.97,-0.01,1,0,321.5,233.5,6.7,0.13,0.03,47.8,13.26,-0.01,32.9,512.7,6.562
17.88,CARRY,4.3,-0.02,-9.58,4.98,-0.01,1,0,321.0,234.0,6.1,0.12,0.02,49.3,13.26,-0.01,33.5,512.5,6.625
17.93,CARRY,4.3,-0.02,-9.58,5.0,-0.01,1,0,321.0,234.0,6.1,0.12,0.02,48.4,13.26,-0.01,34.2,512.5,6.812
17.98,CARRY,4.31,-0.02,-9.58,5.01,-0.01,1,0,321.0,234.0,6.1,0.12,0.02,48.9,13.26,-0.01,34.2,511.8,6.906
18.03,CARRY,4.31,-0.02,-9.58,5.02,-0.01,1,0,321.0,233.5,6.6,0.13,0.02,48.0,13.26,-0.01,34.4,511.3,7.0
18.08,CARRY,4.32,-0.02,-9.58,5.03,-0.01,1,0,321.0,233.5,6.6,0.13,0.02,52.3,13.26,-0.01,34.5,510.6,7.125
18.13,CARRY,4.32,-0.02,-9.58,5.05,-0.01,1,0,321.0,233.0,7.1,0.14,0.02,48.2,13.26,-0.01,34.7,510.1,7.125
18.18,CARRY,4.34,-0.02,-9.58,5.06,-0.01,1,0,321.0,234.0,6.1,0.12,0.02,48.6,13.26,-0.01,35.7,510.4,7.375
18.23,CARRY,4.34,-0.02,-9.58,5.07,-0.01,1,0,321.0,233.5,6.6,0.13,0.02,48.0,13.26,-0.01,36.0,509.9,7.625
18.28,CARRY,4.35,-0.02,-9.58,5.08,-0.01,1,0,321.0,233.5,6.6,0.13,0.02,48.6,13.26,-0.01,36.0,509.2,7.75
18.33,CARRY,4.35,-0.02,-9.58,5.1,-0.01,1,0,321.0,233.5,6.6,0.13,0.02,47.3,13.26,-0.01,36.7,509.2,7.938
18.38,CARRY,4.36,-0.02,-9.58,5.11,-0.01,1,0,321.0,234.0,6.1,0.12,0.02,51.2,13.26,-0.01,37.2,509.0,8.062
18.44,CARRY,4.36,-0.02,-9.58,5.12,-0.01,1,0,321.0,233.5,6.6,0.13,0.02,48.6,13.26,-0.01,37.5,508.5,8.188
18.49,CARRY,4.37,-0.02,-9.58,5.14,-0.01,1,0,321.0,234.0,6.1,0.12,0.02,49.8,13.26,-0.01,38.0,508.3,8.312
18.54,CARRY,4.37,-0.02,-9.58,5.15,-0.01,1,0,321.5,233.5,6.7,0.13,0.03,48.2,13.26,-0.01,38.2,507.7,8.438
18.59,CARRY,4.39,-0.02,-9.58,5.16,-0.01,1,0,321.5,234.0,6.2,0.12,0.03,48.6,13.26,-0.01,38.7,507.5,8.625
18.64,CARRY,4.39,-0.02,-9.58,5.17,-0.01,1,0,321.5,233.5,6.7,0.13,0.03,49.3,13.26,-0.01,38.9,507.0,8.812
18.69,CARRY,4.4,-0.02,-9.58,5.19,-0.01,1,0,321.5,233.5,6.7,0.13,0.03,52.4,13.26,-0.01,38.9,506.3,8.875
18.74,CARRY,4.41,-0.02,-9.58,5.2,-0.01,1,0,321.5,234.0,6.2,0.12,0.03,49.6,13.26,-0.01,39.5,506.1,9.062
18.79,CARRY,4.41,-0.02,-9.58,5.21,-0.01,1,0,321.5,233.5,6.7,0.13,0.03,49.0,13.26,-0.01,39.7,505.6,9.25
18.84,CARRY,4.42,-0.02,-9.58,5.22,-0.01,1,0,321.0,234.0,6.1,0.12,0.02,49.0,13.26,-0.01,40.3,505.4,9.438
18.89,CARRY,4.42,-0.02,-9.58,5.24,-0.01,1,0,321.5,233.5,6.7,0.13,0.03,48.0,13.26,-0.01,40.5,504.9,9.625
18.94,CARRY,4.44,-0.02,-9.58,5.25,-0.01,1,0,321.5,233.5,6.7,0.13,0.03,48.9,13.26,-0.01,40.4,504.1,9.812
18.99,CARRY,4.44,-0.02,-9.58,5.26,-0.01,1,0,321.5,233.0,7.2,0.14,0.03,51.0,13.26,-0.01,40.7,503.6,9.875
19.04,CARRY,4.45,-0.02,-9.58,5.27,-0.01,1,0,321.0,234.0,6.1,0.12,0.02,49.0,13.26,-0.01,41.7,504.0,9.938
19.09,CARRY,4.45,-0.02,-9.58,5.29,-0.01,1,0,321.0,233.5,6.6,0.13,0.02,48.8,13.26,-0.01,42.0,503.5,10.0
19.14,CARRY,4.46,-0.02,-9.58,5.3,-0.01,1,0,321.0,234.0,6.1,0.12,0.02,49.1,13.26,-0.01,42.4,503.2,10.062
19.19,CARRY,4.46,-0.02,-9.58,5.31,-0.01,1,0,321.0,233.5,6.6,0.13,0.02,48.4,13.26,-0.01,42.7,502.7,10.062
19.24,CARRY,4.47,-0.02,-9.58,5.32,-0.01,1,0,321.0,234.0,6.1,0.12,0.02,48.7,13.26,-0.01,43.2,502.5,10.0
19.29,CARRY,4.47,-0.02,-9.58,5.34,-0.01,1,0,321.0,233.5,6.6,0.13,0.02,50.5,13.26,-0.01,43.4,502.0,10.0
19.34,CARRY,4.49,-0.02,-9.58,5.35,-0.01,1,0,321.0,233.5,6.6,0.13,0.02,48.8,13.26,-0.01,43.4,501.3,9.938
19.39,CARRY,4.49,-0.02,-9.58,5.36,-0.01,1,0,321.5,233.0,7.2,0.14,0.03,48.3,13.26,-0.01,43.6,500.7,9.875
19.44,CARRY,4.5,-0.01,-9.58,5.38,-0.01,1,0,321.0,234.0,6.1,0.12,0.02,49.0,13.26,-0.01,44.6,501.0,9.812
19.49,CARRY,4.5,-0.01,-9.58,5.39,-0.01,1,0,321.0,233.5,6.6,0.13,0.02,48.5,13.26,-0.01,44.8,500.5,9.875
19.54,CARRY,4.51,-0.01,-9.58,5.4,-0.01,1,0,321.0,234.5,5.6,0.11,0.02,48.7,13.26,-0.01,45.8,500.8,9.75
19.59,CARRY,4.51,-0.01,-9.58,5.41,-0.01,1,0,320.5,233.5,6.5,0.13,0.01,50.8,13.26,-0.01,45.6,499.9,9.812
19.65,CARRY,4.52,-0.01,-9.58,5.43,-0.01,1,0,320.5,233.5,6.5,0.13,0.01,48.9,13.26,-0.01,45.6,499.1,9.75
19.7,CARRY,4.52,-0.01,-9.58,5.44,-0.01,1,0,320.5,233.0,7.0,0.14,0.01,48.5,13.26,-0.01,45.9,498.6,9.75
19.75,CARRY,4.54,-0.01,-9.58,5.45,-0.01,1,0,320.5,233.5,6.5,0.13,0.01,49.3,13.26,-0.01,46.3,498.4,9.625
19.8,CARRY,4.54,-0.01,-9.58,5.46,-0.01,1,0,320.5,232.5,7.5,0.15,0.01,48.9,13.26,-0.01,46.1,497.4,9.562
19.85,CARRY,4.55,-0.01,-9.58,5.48,-0.01,1,0,320.5,234.0,6.0,0.12,0.01,48.6,13.26,-0.01,47.5,498.1,9.625
19.9,CARRY,4.55,-0.01,-9.58,5.49,-0.01,1,0,320.5,234.5,5.5,0.11,0.01,50.6,13.26,-0.01,48.7,498.6,9.562
19.95,CARRY,4.56,-0.01,-9.58,5.5,-0.01,1,0,320.5,234.0,6.0,0.12,0.01,48.8,13.26,-0.01,48.3,497.4,9.625
20.0,CARRY,4.56,-0.01,-9.58,5.51,-0.01,1,0,320.5,233.5,6.5,0.13,0.01,48.4,13.26,-0.01,48.5,496.9,9.5
20.05,CARRY,4.58,-0.01,-9.58,5.53,-0.01,1,0,320.5,234.0,6.0,0.12,0.01,48.7,13.26,-0.01,49.0,496.6,9.438
20.1,CARRY,4.58,-0.01,-9.58,5.54,-0.01,1,0,320.0,233.0,7.0,0.14,0.0,48.9,13.26,-0.01,48.8,495.7,9.5
20.15,CARRY,4.59,-0.01,-9.58,5.55,-0.01,1,0,320.0,234.0,6.0,0.12,0.0,49.1,13.26,-0.01,49.7,496.0,9.375
20.2,CARRY,4.59,-0.01,-9.58,5.56,-0.01,1,0,320.0,234.0,6.0,0.12,0.0,50.6,13.26,-0.01,50.4,496.0,9.438
20.25,CARRY,4.6,-0.01,-9.58,5.58,-0.01,1,0,320.0,234.5,5.5,0.11,0.0,49.3,13.26,-0.01,51.0,495.7,9.5
20.3,CARRY,4.6,-0.01,-9.58,5.59,-0.01,1,0,320.0,234.5,5.5,0.11,0.0,49.2,13.26,-0.01,51.7,495.7,9.5
20.35,CARRY,4.61,-0.01,-9.58,5.6,-0.01,1,0,320.0,234.0,6.0,0.12,0.0,49.2,13.26,-0.01,51.2,494.5,9.625
20.4,CARRY,4.61,-0.01,-9.58,5.61,-0.01,1,0,320.5,233.5,6.5,0.13,0.01,47.9,13.26,-0.01,51.3,493.9,9.5
20.45,CARRY,4.63,-0.01,-9.58,5.63,-0.01,1,0,320.0,234.5,5.5,0.11,0.0,50.5,13.26,-0.01,52.4,494.2,9.438
20.5,CARRY,4.63,-0.01,-9.58,5.64,-0.01,1,0,320.0,234.0,6.0,0.12,0.0,49.5,13.26,-0.01,52.6,493.8,9.562
20.55,CARRY,4.64,-0.01,-9.58,5.65,-0.01,1,0,320.0,233.5,6.5,0.13,0.0,54.8,13.26,-0.01,52.2,492.5,9.562
20.61,CARRY,4.64,-0.01,-9.58,5.67,-0.01,1,0,320.5,234.0,6.0,0.12,0.01,49.3,13.26,-0.01,53.4,493.0,9.5
20.66,CARRY,4.65,-0.01,-9.58,5.68,-0.01,1,0,320.5,234.0,6.0,0.12,0.01,48.9,13.26,-0.01,53.4,492.3,9.625
20.71,CARRY,4.65,-0.01,-9.58,5.69,-0.01,1,0,320.5,233.5,6.5,0.13,0.01,49.3,13.26,-0.01,53.6,491.8,9.562
20.76,CARRY,4.66,-0.01,-9.58,5.7,-0.01,1,0,320.5,234.0,6.0,0.12,0.01,50.9,13.26,-0.01,54.1,491.5,9.562
20.81,CARRY,4.66,-0.01,-9.58,5.72,-0.01,1,0,320.5,233.0,7.0,0.14,0.01,48.2,13.26,-0.01,53.9,490.6,9.625
20.86,CARRY,4.68,-0.01,-9.58,5.73,-0.01,1,0,320.5,233.5,6.5,0.13,0.01,49.0,13.26,-0.01,54.4,490.3,9.562
20.91,CARRY,4.68,-0.01,-9.58,5.74,-0.01,1,0,320.5,233.5,6.5,0.13,0.01,48.0,13.26,-0.01,55.1,490.3,9.562
20.96,CARRY,4.69,-0.01,-9.58,5.75,-0.01,1,0,320.5,233.5,6.5,0.13,0.01,50.2,13.26,-0.01,55.1,489.6,9.625
21.01,CARRY,4.69,-0.01,-9.58,5.77,-0.01,1,0,320.5,233.5,6.5,0.13,0.01,47.4,13.26,-0.01,55.9,489.6,9.562
21.06,CARRY,4.7,-0.01,-9.58,5.78,-0.01,1,0,320.5,234.0,6.0,0.12,0.01,50.2,13.26,-0.01,56.4,489.4,9.625
21.11,CARRY,4.7,-0.01,-9.58,5.79,-0.01,1,0,320.5,233.5,6.5,0.13,0.01,49.3,13.26,-0.01,56.6,488.9,9.625
21.16,CARRY,4.71,-0.01,-9.58,5.81,-0.01,1,0,320.0,234.0,6.0,0.12,0.0,49.6,13.26,-0.01,57.2,488.7,9.625
21.21,CARRY,4.71,-0.01,-9.58,5.82,-0.01,1,0,320.0,233.5,6.5,0.13,0.0,48.2,13.26,-0.01,57.4,488.2,9.625
21.26,CARRY,4.73,-0.01,-9.58,5.83,-0.01,1,0,320.0,234.0,6.0,0.12,0.0,48.8,13.26,-0.01,57.9,488.0,9.75
21.31,CARRY,4.73,-0.01,-9.58,5.84,-0.01,1,0,320.0,234.0,6.0,0.12,0.0,51.1,13.26,-0.01,58.6,488.0,9.562
21.37,CARRY,4.74,-0.01,-9.58,5.86,-0.01,1,0,320.0,234.0,6.0,0.12,0.0,50.0,13.26,-0.01,58.6,487.3,9.688
21.42,CARRY,4.74,-0.01,-9.58,5.87,-0.01,1,0,321.0,233.5,6.6,0.13,0.02,50.7,13.26,-0.01,58.7,486.6,9.75
21.47,CARRY,4.75,-0.01,-9.58,5.88,-0.01,1,0,320.5,234.0,6.0,0.12,0.01,48.4,13.26,-0.01,59.3,486.5,9.812
21.52,CARRY,4.75,-0.01,-9.58,5.89,-0.01,1,0,320.5,233.5,6.5,0.13,0.01,50.4,13.26,-0.01,59.6,486.0,9.812
21.57,CARRY,4.76,-0.01,-9.58,5.91,-0.01,1,0,320.5,234.0,6.0,0.12,0.01,51.4,13.26,-0.01,60.1,485.8,9.812
21.62,CARRY,4.76,-0.01,-9.58,5.92,-0.01,1,0,320.5,233.0,7.0,0.14,0.01,50.3,13.26,-0.01,59.8,484.8,9.875
21.67,CARRY,4.78,-0.01,-9.58,5.93,-0.01,1,0,321.0,233.5,6.6,0.13,0.02,49.6,13.26,-0.01,60.3,484.5,9.875
21.72,CARRY,4.78,-0.01,-9.58,5.95,-0.01,1,0,321.0,233.5,6.6,0.13,0.02,50.9,13.26,-0.01,61.0,484.5,9.875
21.78,CARRY,4.79,-0.01,-9.58,5.96,-0.01,1,0,320.5,233.5,6.5,0.13,0.01,49.8,13.26,-0.01,61.1,483.9,9.875
21.83,CARRY,4.79,-0.01,-9.58,5.97,-0.01,1,0,320.5,233.5,6.5,0.13,0.01,51.0,13.26,-0.01,61.9,483.9,9.812
21.88,CARRY,4.8,-0.01,-9.58,5.98,-0.01,1,0,320.5,233.5,6.5,0.13,0.01,51.7,13.26,-0.01,61.9,483.2,9.812
21.93,CARRY,4.8,-0.01,-9.58,6.0,-0.01,1,0,320.5,233.5,6.5,0.13,0.01,50.6,13.26,-0.01,62.7,483.2,9.75
21.98,CARRY,4.81,-0.01,-9.58,6.01,-0.01,1,0,320.5,234.0,6.0,0.12,0.01,49.2,13.26,-0.01,63.2,482.9,9.75
22.03,CARRY,4.81,-0.01,-9.58,6.02,-0.01,1,0,320.5,233.5,6.5,0.13,0.01,51.2,13.26,-0.01,63.4,482.4,9.812
22.09,CARRY,4.83,-0.01,-9.58,6.04,-0.01,1,0,320.5,233.5,6.5,0.13,0.01,52.1,13.26,-0.01,63.4,481.7,9.875
22.14,CARRY,4.84,-0.01,-9.58,6.05,-0.01,1,0,320.5,234.0,6.0,0.12,0.01,50.3,13.26,-0.01,64.0,481.5,9.812
22.19,CARRY,4.84,-0.01,-9.58,6.06,-0.01,1,0,320.0,233.5,6.5,0.13,0.0,49.7,13.26,-0.01,64.3,481.0,9.812
22.24,CARRY,4.84,-0.01,-9.58,6.07,-0.01,1,0,321.0,233.0,7.1,0.14,0.02,50.2,13.26,-0.01,64.4,480.4,9.812
22.29,CARRY,4.85,-0.01,-9.58,6.09,-0.01,1,0,321.0,233.5,6.6,0.13,0.02,52.6,13.26,-0.01,64.9,480.2,9.75
22.34,CARRY,4.86,-0.02,-9.58,6.1,-0.01,1,0,320.5,234.5,5.5,0.11,0.01,51.3,13.26,-0.01,66.0,480.5,9.75
22.4,CARRY,4.86,-0.02,-9.58,6.11,-0.01,1,0,321.0,234.5,5.6,0.11,0.02,50.8,13.26,-0.01,66.7,480.5,9.75
22.45,CARRY,4.88,-0.02,-9.58,6.13,-0.01,1,0,321.0,234.5,5.6,0.11,0.02,49.9,13.26,-0.01,66.7,479.8,9.812
22.5,CARRY,4.88,-0.02,-9.58,6.14,-0.01,1,0,321.0,234.0,6.1,0.12,0.02,48.7,13.26,-0.01,67.0,479.3,9.812
22.55,CARRY,4.89,-0.02,-9.58,6.15,-0.01,1,0,321.0,234.5,5.6,0.11,0.02,51.7,13.26,-0.01,67.4,479.0,9.812
22.6,CARRY,4.89,-0.02,-9.58,6.16,-0.01,1,0,321.0,234.0,6.1,0.12,0.02,49.5,13.26,-0.01,67.7,478.5,9.812
22.65,CARRY,4.9,-0.02,-9.58,6.18,-0.01,1,0,321.0,234.0,6.1,0.12,0.02,49.4,13.26,-0.01,67.7,477.8,9.812
22.7,CARRY,4.9,-0.02,-9.58,6.19,-0.01,1,0,320.5,234.0,6.0,0.12,0.01,48.7,13.26,-0.01,68.5,477.9,9.938
22.75,CARRY,4.92,-0.02,-9.58,6.2,-0.01,1,0,320.5,234.0,6.0,0.12,0.01,49.9,13.26,-0.01,68.5,477.1,9.875
22.8,CARRY,4.92,-0.02,-9.58,6.22,-0.01,1,0,320.5,233.5,6.5,0.13,0.01,49.1,13.26,-0.01,68.7,476.6,9.812
22.85,CARRY,4.93,-0.02,-9.58,6.23,-0.01,1,0,320.5,234.0,6.0,0.12,0.01,51.1,13.26,-0.01,69.2,476.4,9.812
22.91,CARRY,4.93,-0.02,-9.58,6.24,-0.01,1,0,320.5,233.5,6.5,0.13,0.01,49.0,13.26,-0.01,69.5,475.9,9.875
22.96,CARRY,4.94,-0.02,-9.58,6.25,-0.01,1,0,320.5,234.0,6.0,0.12,0.01,51.8,13.26,-0.01,70.0,475.7,9.875
23.01,CARRY,4.94,-0.02,-9.58,6.27,-0.01,1,0,321.5,234.0,6.2,0.12,0.03,49.2,13.26,-0.01,70.6,475.6,9.938
23.06,CARRY,4.95,-0.02,-9.58,6.28,-0.01,1,0,321.0,234.0,6.1,0.12,0.02,50.4,13.26,-0.01,70.7,474.9,10.0
23.11,CARRY,4.95,-0.02,-9.58,6.29,-0.01,1,0,321.0,234.0,6.1,0.12,0.02,47.6,13.26,-0.01,71.5,474.9,9.938
23.16,CARRY,4.96,-0.02,-9.58,6.3,-0.01,1,0,321.0,234.0,6.1,0.12,0.02,50.6,13.26,-0.01,71.5,474.2,9.938
23.21,CARRY,4.96,-0.02,-9.58,6.32,-0.01,1,0,321.5,233.5,6.7,0.13,0.03,50.7,13.26,-0.01,71.7,473.7,9.938
23.26,CARRY,4.98,-0.02,-9.58,6.33,-0.01,1,0,321.0,234.0,6.1,0.12,0.02,51.1,13.26,-0.01,72.3,473.5,9.938
23.32,CARRY,4.98,-0.02,-9.58,6.34,-0.01,1,0,321.0,233.5,6.6,0.13,0.02,49.1,13.26,-0.01,72.5,473.0,10.062
23.37,CARRY,4.99,-0.02,-9.58,6.36,-0.01,1,0,321.0,234.0,6.1,0.12,0.02,52.2,13.26,-0.01,73.0,472.8,10.0
23.42,CARRY,4.99,-0.02,-9.58,6.37,-0.01,1,0,321.0,233.5,6.6,0.13,0.02,48.2,13.26,-0.01,73.3,472.3,9.938
23.47,CARRY,5.0,-0.02,-9.58,6.38,-0.01,1,0,321.0,233.5,6.6,0.13,0.02,50.5,13.26,-0.01,73.3,471.6,9.938
23.52,CARRY,5.0,-0.02,-9.58,6.39,-0.01,1,0,321.0,233.5,6.6,0.13,0.02,49.9,13.26,-0.01,74.1,471.6,9.875
23.57,CARRY,5.01,-0.02,-9.58,6.41,-0.01,1,0,321.0,234.0,6.1,0.12,0.02,49.8,13.26,-0.01,74.6,471.4,9.812
23.62,CARRY,5.01,-0.02,-9.58,6.42,-0.01,1,0,321.0,233.5,6.6,0.13,0.02,49.5,13.26,-0.01,74.8,470.9,9.75
23.67,CARRY,5.03,-0.02,-9.58,6.43,-0.01,1,0,321.0,234.0,6.1,0.12,0.02,50.6,13.26,-0.01,75.3,470.7,9.75
23.72,CARRY,5.03,-0.02,-9.58,6.45,-0.01,1,0,321.0,233.5,6.6,0.13,0.02,47.8,13.26,-0.01,75.6,470.2,9.812
23.77,CARRY,5.04,-0.02,-9.58,6.46,-0.01,1,0,321.0,234.0,6.1,0.12,0.02,50.7,13.26,-0.01,76.1,470.0,9.75
23.83,CARRY,5.04,-0.02,-9.58,6.47,-0.01,1,0,321.5,233.5,6.7,0.13,0.03,48.9,13.26,-0.01,76.3,469.4,9.812
23.88,CARRY,5.05,-0.02,-9.58,6.48,-0.01,1,0,321.5,234.0,6.2,0.12,0.03,50.3,13.26,-0.01,76.8,469.2,9.875
23.93,CARRY,5.05,-0.02,-9.58,6.5,-0.01,1,0,321.5,234.0,6.2,0.12,0.03,49.0,13.26,-0.01,77.5,469.2,9.812
23.98,CARRY,5.06,-0.02,-9.58,6.51,-0.01,1,0,321.5,234.0,6.2,0.12,0.03,51.7,13.26,-0.01,77.5,468.4,9.812
24.03,CARRY,5.06,-0.02,-9.58,6.52,-0.01,1,0,321.5,233.5,6.7,0.13,0.03,47.9,13.26,-0.01,77.7,467.9,9.875
24.08,CARRY,5.08,-0.02,-9.58,6.53,-0.01,1,0,321.5,234.0,6.2,0.12,0.03,50.7,13.26,-0.01,78.2,467.7,9.812
24.13,CARRY,5.08,-0.02,-9.58,6.55,-0.01,1,0,321.5,233.5,6.7,0.13,0.03,49.9,13.26,-0.01,78.5,467.2,9.75
24.18,CARRY,5.09,-0.02,-9.58,6.56,-0.01,1,0,321.5,234.0,6.2,0.12,0.03,48.9,13.26,-0.01,79.0,466.9,9.75
24.23,CARRY,5.09,-0.02,-9.58,6.57,-0.01,1,0,321.5,234.0,6.2,0.12,0.03,47.9,13.26,-0.01,79.7,466.9,9.625
24.28,CARRY,5.1,-0.02,-9.58,6.58,-0.01,1,0,321.5,234.5,5.7,0.11,0.03,51.2,13.26,-0.01,80.2,466.7,9.875
24.33,CARRY,5.1,-0.02,-9.58,6.6,-0.01,1,0,321.5,234.0,6.2,0.12,0.03,48.0,13.26,-0.01,80.4,466.2,9.812
24.38,CARRY,5.11,-0.02,-9.58,6.61,-0.01,1,0,321.5,234.0,6.2,0.12,0.03,50.3,13.26,-0.01,80.4,465.5,9.875
24.44,CARRY,5.11,-0.02,-9.58,6.62,-0.01,1,0,321.5,233.5,6.7,0.13,0.03,51.6,13.26,-0.01,80.7,465.0,9.75
24.49,CARRY,5.13,-0.02,-9.58,6.64,-0.01,1,0,321.0,234.0,6.1,0.12,0.02,51.0,13.26,-0.01,81.3,464.8,9.812
24.54,CARRY,5.14,-0.02,-9.58,6.65,-0.01,1,0,321.0,234.5,5.6,0.11,0.02,50.2,13.26,-0.01,81.8,464.6,9.75
24.59,CARRY,5.14,-0.02,-9.58,6.66,-0.01,1,0,321.0,234.0,6.1,0.12,0.02,49.7,13.26,-0.01,82.0,464.1,9.875
24.64,CARRY,5.14,-0.02,-9.58,6.67,-0.01,1,0,321.0,234.0,6.1,0.12,0.02,49.7,13.26,-0.01,82.7,464.1,9.75
24.69,CARRY,5.15,-0.02,-9.58,6.69,-0.01,1,0,321.0,234.0,6.1,0.12,0.02,50.3,13.26,-0.01,82.7,463.4,9.812
24.74,CARRY,5.17,-0.02,-9.58,6.7,-0.01,1,0,321.0,234.5,5.6,0.11,0.02,50.2,13.26,-0.01,83.3,463.1,9.688
24.8,CARRY,5.17,-0.02,-9.58,6.71,-0.01,1,0,321.0,234.0,6.1,0.12,0.02,49.5,13.26,-0.01,83.5,462.6,9.75
24.85,CARRY,5.18,-0.02,-9.58,6.73,-0.01,1,0,321.0,234.5,5.6,0.11,0.02,49.5,13.26,-0.01,84.0,462.4,9.75
24.9,CARRY,5.18,-0.02,-9.58,6.74,-0.01,1,0,321.0,234.0,6.1,0.12,0.02,51.8,13.26,-0.01,84.2,461.9,9.75
24.95,CARRY,5.19,-0.02,-9.58,6.75,-0.01,1,0,321.0,234.5,5.6,0.11,0.02,49.0,13.26,-0.01,84.8,461.7,9.688
25.0,CARRY,5.19,-0.02,-9.58,6.76,-0.01,1,0,321.0,234.0,6.1,0.12,0.02,50.0,13.26,-0.01,85.0,461.2,9.625
25.05,CARRY,5.2,-0.02,-9.58,6.78,-0.01,1,0,321.0,234.0,6.1,0.12,0.02,49.7,13.26,-0.01,85.1,460.5,9.625
25.1,CARRY,5.2,-0.02,-9.58,6.79,-0.01,1,0,321.0,234.0,6.1,0.12,0.02,49.3,13.26,-0.01,85.8,460.5,9.625
25.15,CARRY,5.21,-0.02,-9.58,6.8,-0.01,1,0,320.5,234.0,6.0,0.12,0.01,49.4,13.26,-0.01,85.9,459.8,9.5
25.2,CARRY,5.21,-0.02,-9.58,6.81,-0.01,1,0,320.5,234.0,6.0,0.12,0.01,50.3,13.26,-0.01,86.6,459.8,9.5
25.25,CARRY,5.23,-0.02,-9.58,6.83,-0.01,1,0,320.5,234.5,5.5,0.11,0.01,49.2,13.26,-0.01,87.2,459.7,9.438
25.3,CARRY,5.23,-0.02,-9.58,6.84,-0.01,1,0,320.5,234.0,6.0,0.12,0.01,49.8,13.26,-0.01,87.4,459.2,9.438
25.35,CARRY,5.24,-0.02,-9.58,6.85,-0.01,1,0,320.5,234.0,6.0,0.12,0.01,50.5,13.26,-0.01,87.4,458.5,9.5
25.4,CARRY,5.24,-0.02,-9.58,6.87,-0.01,1,0,321.0,233.5,6.6,0.13,0.02,48.6,13.26,-0.01,87.6,457.9,9.438
25.45,CARRY,5.25,-0.02,-9.58,6.88,-0.01,1,0,320.5,233.5,6.5,0.13,0.01,49.7,13.26,-0.01,87.7,457.3,9.438
25.51,CARRY,5.25,-0.02,-9.58,6.89,-0.01,1,0,321.0,233.5,6.6,0.13,0.02,51.1,13.26,-0.01,88.4,457.2,9.375
25.56,CARRY,5.26,-0.02,-9.58,6.9,-0.01,1,0,321.0,234.5,5.6,0.11,0.02,49.9,13.26,-0.01,89.4,457.5,9.562
25.61,CARRY,5.26,-0.02,-9.58,6.92,-0.01,1,0,321.0,234.0,6.1,0.12,0.02,49.0,13.26,-0.01,89.7,457.0,9.562
25.66,CARRY,5.27,-0.01,-9.58,6.93,-0.01,1,0,321.0,234.5,5.6,0.11,0.02,50.8,13.26,-0.01,90.2,456.8,9.625
25.71,CARRY,5.27,-0.01,-9.58,6.94,-0.01,1,0,321.0,234.0,6.1,0.12,0.02,49.3,13.26,-0.01,90.5,456.3,9.625
25.76,CARRY,5.29,-0.01,-9.58,6.95,-0.01,1,0,321.0,234.0,6.1,0.12,0.02,56.9,13.26,-0.01,90.5,455.6,9.562
25.82,CARRY,5.29,-0.01,-9.58,6.97,-0.01,1,0,321.0,233.5,6.6,0.13,0.02,49.2,13.26,-0.01,90.8,455.1,9.5
25.87,CARRY,5.3,-0.01,-9.58,6.98,-0.01,1,0,321.0,234.0,6.1,0.12,0.02,48.8,13.26,-0.01,91.4,454.9,9.438
25.92,CARRY,5.3,-0.01,-9.58,6.99,-0.01,1,0,321.0,233.0,7.1,0.14,0.02,50.0,13.26,-0.01,91.1,453.9,9.438
25.97,CARRY,5.31,-0.01,-9.58,7.01,-0.01,1,0,321.0,233.5,6.6,0.13,0.02,50.8,13.26,-0.01,91.7,453.7,9.375
26.02,CARRY,5.31,-0.01,-9.58,7.02,-0.01,1,0,321.0,233.0,7.1,0.14,0.02,51.0,13.26,-0.01,91.9,453.2,9.438
26.07,CARRY,5.32,-0.01,-9.58,7.03,-0.01,1,0,321.0,233.0,7.1,0.14,0.02,51.2,13.26,-0.01,92.0,452.5,9.375
26.13,CARRY,5.32,-0.01,-9.58,7.05,-0.01,1,0,321.0,233.0,7.1,0.14,0.02,51.7,13.26,-0.01,92.7,452.5,9.312
26.18,CARRY,5.33,-0.01,-9.58,7.06,-0.01,1,0,321.0,233.5,6.6,0.13,0.02,51.9,13.26,-0.01,93.3,452.3,9.25
26.23,CARRY,5.33,-0.01,-9.58,7.07,-0.01,1,0,321.0,233.0,7.1,0.14,0.02,49.6,13.26,-0.01,93.5,451.8,9.25
26.28,CARRY,5.35,-0.01,-9.58,7.08,-0.01,1,0,320.5,233.5,6.5,0.13,0.01,48.8,13.26,-0.01,94.1,451.7,9.312
26.33,CARRY,5.35,-0.01,-9.58,7.1,-0.01,1,0,320.5,233.0,7.0,0.14,0.01,49.4,13.26,-0.01,94.3,451.2,9.25
26.38,CARRY,5.36,-0.01,-9.58,7.11,-0.01,1,0,320.5,233.0,7.0,0.14,0.01,52.1,13.26,-0.01,94.3,450.4,9.25
26.43,CARRY,5.36,-0.01,-9.58,7.12,-0.01,1,0,320.5,232.5,7.5,0.15,0.01,49.1,13.26,-0.01,94.6,449.9,9.188
26.48,CARRY,5.37,-0.01,-9.58,7.14,-0.01,1,0,320.5,233.0,7.0,0.14,0.01,50.0,13.26,-0.01,95.0,449.6,9.25
26.54,CARRY,5.37,-0.01,-9.58,7.15,-0.01,1,0,320.5,233.0,7.0,0.14,0.01,49.0,13.26,-0.01,95.8,449.6,9.25
26.59,CARRY,5.39,-0.01,-9.58,7.16,-0.01,1,0,320.5,233.5,6.5,0.13,0.01,50.9,13.26,-0.01,96.2,449.3,9.312
26.64,CARRY,5.39,-0.01,-9.58,7.17,-0.01,1,0,320.5,233.0,7.0,0.14,0.01,48.7,13.26,-0.01,96.5,448.9,9.312
26.69,CARRY,5.4,-0.01,-9.58,7.19,-0.01,1,0,320.5,233.5,6.5,0.13,0.01,49.5,13.26,-0.01,96.9,448.6,9.312
26.74,CARRY,5.41,-0.01,-9.58,7.2,-0.01,1,0,320.5,233.5,6.5,0.13,0.01,49.8,13.26,-0.01,96.8,447.7,9.312
26.79,CARRY,5.41,-0.01,-9.58,7.21,-0.01,1,0,320.5,233.5,6.5,0.13,0.01,50.7,13.26,-0.01,97.5,447.7,9.312
26.84,CARRY,5.41,-0.01,-9.58,7.22,-0.01,1,0,320.5,233.0,7.0,0.14,0.01,47.7,13.26,-0.01,97.8,447.2,9.25
26.89,CARRY,5.43,-0.01,-9.58,7.24,-0.01,1,0,320.5,233.5,6.5,0.13,0.01,50.8,13.26,-0.01,98.2,446.9,9.25
26.94,CARRY,5.44,-0.01,-9.58,7.25,-0.01,1,0,320.5,234.0,6.0,0.12,0.01,49.9,13.26,-0.01,98.7,446.6,9.125
26.99,CARRY,5.44,-0.01,-9.58,7.26,-0.01,1,0,320.0,233.5,6.5,0.13,0.0,50.1,13.26,-0.01,99.0,446.2,9.062
27.04,CARRY,5.45,-0.01,-9.58,7.28,-0.01,1,0,320.0,234.0,6.0,0.12,0.0,51.6,13.26,-0.01,99.4,445.9,8.938
27.1,CARRY,5.45,-0.01,-9.58,7.29,-0.01,1,0,320.5,234.0,6.0,0.12,0.01,51.3,13.26,-0.01,100.1,445.8,8.812
27.15,CARRY,5.47,-0.01,-9.58,7.3,-0.01,1,0,320.5,234.5,5.5,0.11,0.01,50.2,13.26,-0.01,100.6,445.5,8.688
27.2,CARRY,5.47,-0.01,-9.58,7.31,-0.01,1,0,320.5,234.0,6.0,0.12,0.01,47.8,13.26,-0.01,100.8,445.1,8.562
27.25,CARRY,5.48,-0.01,-9.58,7.33,-0.01,1,0,320.5,235.0,5.0,0.1,0.01,49.1,13.26,-0.01,101.8,445.3,8.562
27.3,CARRY,5.48,-0.01,-9.58,7.34,-0.01,1,0,321.0,234.0,6.1,0.12,0.02,48.0,13.26,-0.01,101.4,444.2,8.562
27.35,CARRY,5.49,-0.01,-9.58,7.35,-0.01,1,0,321.0,234.0,6.1,0.12,0.02,52.1,13.26,-0.01,101.4,443.5,8.5
27.4,CARRY,5.49,-0.01,-9.58,7.37,-0.01,1,0,321.0,234.0,6.1,0.12,0.02,48.6,13.26,-0.01,102.2,443.5,8.438
27.45,CARRY,5.51,-0.01,-9.58,7.38,-0.01,1,0,321.0,234.0,6.1,0.12,0.02,49.1,13.26,-0.01,102.2,442.7,8.5
27.5,CARRY,5.51,-0.01,-9.58,7.39,-0.01,1,0,321.0,233.5,6.6,0.13,0.02,47.8,13.26,-0.01,102.4,442.3,8.375
27.55,CARRY,5.52,-0.01,-9.58,7.4,-0.01,1,0,320.5,234.0,6.0,0.12,0.01,49.8,13.26,-0.01,102.9,442.1,8.438
27.6,CARRY,5.52,-0.01,-9.58,7.42,-0.01,1,0,320.5,234.0,6.0,0.12,0.01,49.5,13.26,-0.01,103.7,442.1,8.5
27.66,CARRY,5.53,-0.01,-9.58,7.43,-0.01,1,0,321.0,234.5,5.6,0.11,0.02,48.7,13.26,-0.01,104.2,441.8,8.562
27.71,CARRY,5.53,-0.01,-9.58,7.44,-0.01,1,0,320.5,233.5,6.5,0.13,0.01,48.0,13.26,-0.01,104.0,440.9,8.5
27.76,CARRY,5.54,-0.01,-9.58,7.45,-0.01,1,0,320.5,234.0,6.0,0.12,0.01,50.2,13.26,-0.01,104.5,440.7,8.688
27.81,CARRY,5.54,-0.01,-9.58,7.47,-0.01,1,0,320.5,233.0,7.0,0.14,0.01,49.4,13.26,-0.01,104.2,439.7,8.688
27.86,CARRY,5.56,-0.01,-9.58,7.48,-0.01,1,0,320.5,234.0,6.0,0.12,0.01,50.3,13.26,-0.01,105.2,440.0,8.688
27.91,CARRY,5.56,-0.01,-9.58,7.49,-0.01,1,0,320.5,233.5,6.5,0.13,0.01,51.4,13.26,-0.01,105.5,439.5,8.625
27.96,CARRY,5.57,-0.01,-9.58,7.5,-0.01,1,0,320.0,234.0,6.0,0.12,0.0,49.3,13.26,-0.01,106.1,439.4,8.562
28.01,CARRY,5.57,-0.01,-9.58,7.52,-0.01,1,0,320.0,233.5,6.5,0.13,0.0,49.3,13.26,-0.01,106.3,438.9,8.5
28.06,CARRY,5.58,-0.01,-9.58,7.53,-0.01,1,0,320.0,233.5,6.5,0.13,0.0,48.3,13.26,-0.01,106.3,438.2,8.25
28.11,CARRY,5.58,-0.01,-9.58,7.54,-0.01,1,0,320.0,233.0,7.0,0.14,0.0,48.2,13.26,-0.01,106.6,437.7,8.375
28.16,CARRY,5.59,-0.01,-9.58,7.55,-0.01,1,0,320.0,233.5,6.5,0.13,0.0,49.0,13.26,-0.01,107.0,437.4,8.188
28.21,CARRY,5.59,-0.01,-9.58,7.57,-0.01,1,0,320.0,233.5,6.5,0.13,0.0,48.6,13.26,-0.01,107.8,437.4,8.25
28.26,CARRY,5.61,-0.01,-9.58,7.58,-0.01,1,0,320.0,234.0,6.0,0.12,0.0,51.7,13.26,-0.01,108.3,437.2,8.0
28.31,CARRY,5.61,-0.01,-9.58,7.59,-0.01,1,0,321.0,234.0,6.1,0.12,0.02,50.5,13.26,-0.01,108.9,437.1,8.0
28.36,CARRY,5.62,-0.01,-9.58,7.61,-0.01,1,0,320.5,234.5,5.5,0.11,0.01,51.3,13.26,-0.01,109.4,436.9,7.906
28.42,CARRY,5.62,-0.01,-9.58,7.62,-0.01,1,0,320.5,234.0,6.0,0.12,0.01,50.0,13.26,-0.01,109.7,436.4,7.656
28.47,CARRY,5.63,-0.01,-9.58,7.63,-0.01,1,0,321.0,234.0,6.1,0.12,0.02,49.8,13.26,-0.01,109.7,435.6,7.812
28.52,CARRY,5.63,-0.01,-9.58,7.64,-0.01,1,0,320.5,233.5,6.5,0.13,0.01,48.3,13.26,-0.01,110.0,435.2,7.625
28.57,CARRY,5.64,-0.01,-9.58,7.66,-0.01,1,0,320.5,234.0,6.0,0.12,0.01,52.0,13.26,-0.01,110.4,435.0,7.625
28.62,CARRY,5.64,-0.01,-9.58,7.67,-0.01,1,0,320.0,233.5,6.5,0.13,0.0,49.2,13.26,-0.01,110.8,434.5,7.594
28.67,CARRY,5.66,-0.01,-9.58,7.68,-0.01,1,0,320.5,234.0,6.0,0.12,0.01,52.3,13.26,-0.01,111.2,434.3,7.594
28.72,CARRY,5.66,-0.01,-9.58,7.7,-0.01,1,0,320.5,234.0,6.0,0.12,0.01,49.8,13.26,-0.01,112.0,434.3,7.5
28.78,CARRY,5.67,-0.01,-9.58,7.71,-0.01,1,0,320.5,233.5,6.5,0.13,0.01,48.8,13.26,-0.01,111.5,433.0,7.438
28.83,CARRY,5.67,-0.01,-9.58,7.72,-0.01,1,0,321.0,233.0,7.1,0.14,0.02,49.3,13.26,-0.01,111.7,432.5,7.406
28.88,CARRY,5.68,-0.01,-9.58,7.73,-0.01,1,0,320.5,234.5,5.5,0.11,0.01,51.0,13.26,-0.01,113.3,433.3,6.812
28.93,CARRY,5.68,-0.01,-9.58,7.75,-0.01,1,0,320.5,234.0,6.0,0.12,0.01,50.4,13.26,-0.01,113.5,432.8,6.469
28.98,CARRY,5.69,-0.02,-9.58,7.76,-0.01,1,0,321.5,234.5,5.7,0.11,0.03,49.0,13.26,-0.01,113.9,432.5,6.062
29.03,CARRY,5.69,-0.02,-9.58,7.77,-0.01,1,0,321.0,234.0,6.1,0.12,0.02,47.9,13.26,-0.01,114.2,432.1,6.031
29.08,CARRY,5.7,-0.02,-9.58,7.78,-0.01,1,0,321.0,234.0,6.1,0.12,0.02,48.8,13.26,-0.01,114.2,431.4,6.0
29.13,CARRY,5.7,-0.02,-9.58,7.8,-0.01,1,0,321.0,234.0,6.1,0.12,0.02,50.8,13.26,-0.01,115.0,431.4,5.781
29.18,CARRY,5.72,-0.02,-9.58,7.81,-0.01,1,0,321.0,234.5,5.6,0.11,0.02,50.8,13.26,-0.01,115.5,431.1,5.594
29.23,CARRY,5.72,-0.02,-9.58,7.82,-0.01,1,0,321.0,234.0,6.1,0.12,0.02,48.2,13.26,-0.01,115.7,430.7,5.094
29.28,CARRY,5.73,-0.02,-9.58,7.83,-0.01,1,0,321.0,234.0,6.1,0.12,0.02,51.1,13.26,-0.01,115.8,430.0,4.344
29.33,CARRY,5.73,-0.02,-9.58,7.85,-0.01,1,0,321.0,233.5,6.6,0.13,0.02,48.6,13.26,-0.01,116.0,429.5,1.742
29.38,CARRY,5.74,-0.02,-9.58,7.86,-0.01,1,0,321.0,233.5,6.6,0.13,0.02,50.1,13.26,-0.01,116.0,428.8,1.273
29.44,CARRY,5.74,-0.02,-9.58,7.87,-0.01,1,0,,,,0.23,0.027,50.1,13.26,-0.01,,,-1.047
29.49,CARRY,5.75,-0.02,-9.58,7.89,-0.01,1,0,,,,0.23,0.027,51.6,13.26,-0.01,,,-2.422
29.54,CARRY,5.77,-0.02,-9.58,7.9,-0.01,1,0,,,,0.231,0.027,50.4,13.26,-0.01,,,-2.938
29.59,CARRY,5.77,-0.02,-9.58,7.91,-0.01,1,0,,,,0.237,0.028,50.5,13.26,-0.01,,,-3.062
29.64,CARRY,5.78,-0.02,-9.58,7.92,-0.01,1,0,,,,0.237,0.028,49.5,13.26,-0.01,,,-3.031
29.69,CARRY,5.78,-0.02,-9.58,7.94,-0.01,1,0,,,,0.243,0.028,50.4,13.26,-0.01,,,-3.188
29.74,CARRY,5.79,-0.02,-9.58,7.95,-0.01,1,0,,,,0.242,0.028,49.1,13.26,-0.01,,,-3.078
29.79,CARRY,5.79,-0.02,-9.58,7.96,-0.01,1,0,,,,0.248,0.028,51.2,13.26,-0.01,,,-3.266
29.85,CARRY,5.81,-0.02,-9.58,7.98,-0.01,1,0,,,,0.247,0.028,49.9,13.26,-0.01,,,-3.141
29.9,CARRY,5.81,-0.02,-9.58,7.99,-0.01,1,0,,,,0.253,0.029,48.0,13.26,-0.01,,,-3.422
29.95,CARRY,5.82,-0.02,-9.58,8.0,-0.01,1,0,,,,0.251,0.029,49.0,13.26,-0.01,,,-3.438
30.0,CARRY,5.82,-0.02,-9.58,8.01,-0.01,1,0,,,,0.257,0.029,51.4,13.26,-0.01,,,-3.531
30.05,CARRY,5.84,-0.02,-9.58,8.03,-0.01,1,1,,,,0.254,0.028,51.7,13.26,-0.01,,,-3.797
30.1,CARRY,5.84,-0.02,-9.58,8.04,-0.01,1,1,,,,0.26,0.029,49.7,13.26,-0.01,,,-3.828
30.15,CARRY,5.86,-0.02,-9.58,8.05,-0.01,1,1,,,,0.256,0.029,51.1,13.26,-0.01,,,-3.703
30.2,CARRY,5.86,-0.02,-9.58,8.07,-0.01,1,1,,,,0.262,0.029,48.5,13.26,-0.01,,,-3.234
30.25,CARRY,5.88,-0.03,-9.58,8.08,-0.01,1,1,,,,0.257,0.029,49.9,13.26,-0.01,,,-3.484
30.31,CARRY,5.88,-0.03,-9.58,8.09,-0.01,1,1,,,,0.264,0.029,49.9,13.26,-0.01,,,-3.422
30.36,CARRY,5.91,-0.03,-9.58,8.1,-0.01,1,1,,,,0.258,0.028,49.1,13.26,-0.01,,,-3.312
30.41,CARRY,5.91,-0.03,-9.58,8.12,-0.01,1,1,,,,0.264,0.029,50.2,13.26,-0.01,,,-3.266
30.46,CARRY,5.93,-0.03,-9.58,8.13,-0.01,1,1,,,,0.259,0.028,51.4,13.26,-0.01,,,-2.984
30.51,CARRY,5.93,-0.03,-9.58,8.14,-0.01,1,1,,,,0.265,0.028,50.0,13.26,-0.01,,,-3.0
30.56,CARRY,5.95,-0.03,-9.58,8.15,-0.01,1,1,,,,0.259,0.028,50.5,13.26,-0.01,,,-3.141
30.61,CARRY,5.95,-0.03,-9.58,8.17,-0.01,1,1,,,,0.265,0.028,49.9,13.26,-0.01,,,-3.188
30.66,CARRY,5.98,-0.03,-9.58,8.18,-0.01,1,1,,,,0.259,0.027,51.0,13.26,-0.01,,,-3.531
30.71,CARRY,5.98,-0.03,-9.58,8.19,-0.01,1,1,,,,0.266,0.028,49.0,13.26,-0.01,,,-3.516
30.76,CARRY,6.0,-0.03,-9.58,8.21,-0.01,1,1,,,,0.259,0.027,48.3,13.26,-0.01,,,-3.594
30.81,CARRY,6.0,-0.03,-9.58,8.22,-0.01,1,1,,,,0.265,0.027,49.5,13.26,-0.01,,,-3.531
30.87,CARRY,6.03,-0.03,-9.58,8.23,-0.01,1,1,,,,0.259,0.026,52.1,13.26,-0.01,,,-3.641
30.92,CARRY,6.03,-0.03,-9.58,8.24,-0.01,1,1,,,,0.265,0.027,49.3,13.26,-0.01,,,-3.578
30.97,CARRY,6.05,-0.03,-9.58,8.26,-0.01,1,1,,,,0.259,0.026,52.9,13.26,-0.01,,,-3.328
31.02,CARRY,6.05,-0.03,-9.58,8.27,-0.01,1,1,,,,0.265,0.026,47.8,13.26,-0.01,,,-3.297
31.07,CARRY,6.08,-0.03,-9.58,8.28,-0.01,1,1,,,,0.259,0.025,50.0,13.26,-0.01,,,-3.156
31.12,CARRY,6.08,-0.03,-9.58,8.3,-0.01,1,1,,,,0.265,0.026,49.9,13.26,-0.01,,,-3.219
31.17,CARRY,6.11,-0.03,-9.58,8.31,-0.01,1,1,,,,0.258,0.025,50.6,13.26,-0.01,,,-3.141
31.23,CARRY,6.11,-0.03,-9.58,8.32,-0.01,1,1,,,,0.264,0.025,49.7,13.26,-0.01,,,-3.188
31.28,CARRY,6.13,-0.03,-9.58,8.33,-0.01,1,1,,,,0.257,0.024,50.4,13.26,-0.01,,,-3.422
31.33,CARRY,6.13,-0.03,-9.58,8.35,-0.01,1,1,,,,0.263,0.025,50.0,13.26,-0.01,,,-3.391
31.38,CARRY,6.16,-0.03,-9.58,8.36,-0.01,1,1,,,,0.257,0.024,50.3,13.26,-0.01,,,-3.891
31.43,CARRY,6.16,-0.03,-9.58,8.37,-0.01,1,1,,,,0.263,0.024,48.1,13.26,-0.01,,,-3.781
31.48,CARRY,6.18,-0.03,-9.58,8.38,-0.01,1,1,,,,0.256,0.023,50.8,13.26,-0.01,,,-3.641
31.53,CARRY,6.18,-0.03,-9.58,8.4,-0.01,1,1,,,,0.262,0.024,50.4,13.26,-0.01,,,-3.688
31.58,CARRY,6.21,-0.03,-9.58,8.41,-0.01,1,1,,,,0.255,0.023,49.0,13.26,-0.01,,,-3.75
31.63,CARRY,6.21,-0.03,-9.58,8.42,-0.01,1,1,,,,0.261,0.023,50.6,13.26,-0.01,,,-3.766
31.68,CARRY,6.24,-0.03,-9.58,8.44,-0.01,1,1,,,,0.255,0.023,49.2,13.26,-0.01,,,-3.734
31.73,CARRY,6.24,-0.03,-9.58,8.45,-0.01,1,1,,,,0.261,0.023,50.5,13.26,-0.01,,,-3.766
31.79,CARRY,6.26,-0.03,-9.58,8.46,-0.01,1,1,,,,0.254,0.022,49.8,13.26,-0.01,,,-3.812
31.84,CARRY,6.26,-0.03,-9.58,8.47,-0.01,1,1,,,,0.26,0.023,50.4,13.26,-0.01,,,-3.797
31.89,CARRY,6.29,-0.03,-9.58,8.49,-0.01,1,1,,,,0.253,0.022,49.1,13.26,-0.01,,,-3.891
31.94,CARRY,6.29,-0.03,-9.58,8.5,-0.01,1,1,,,,0.259,0.022,49.6,13.26,-0.01,,,-3.859
31.99,CARRY,6.32,-0.03,-9.58,8.51,-0.01,1,1,,,,0.252,0.022,50.5,13.26,-0.01,,,-3.469
32.04,CARRY,6.32,-0.03,-9.58,8.52,-0.01,1,1,,,,0.258,0.022,48.4,13.26,-0.01,,,-3.594
32.09,CARRY,6.34,-0.04,-9.58,8.54,-0.01,1,1,,,,0.251,0.021,50.9,13.26,-0.01,,,-3.531
32.14,CARRY,6.37,-0.04,-9.58,8.55,-0.01,1,1,,,,0.244,0.021,48.6,13.26,-0.01,,,-3.547
32.19,CARRY,6.37,-0.04,-9.58,8.56,-0.01,1,1,,,,0.25,0.021,49.3,13.26,-0.01,,,-3.562
32.24,CARRY,6.39,-0.04,-9.58,8.57,-0.01,1,1,,,,0.243,0.02,48.9,13.26,-0.01,,,-3.719
32.29,CARRY,6.39,-0.04,-9.58,8.59,-0.01,1,1,,,,0.249,0.021,49.6,13.26,-0.01,,,-3.75
32.34,CARRY,6.42,-0.04,-9.58,8.6,-0.01,1,1,,,,0.243,0.02,48.7,13.26,-0.01,,,-3.859
32.39,REGROUND,6.42,-0.04,-9.58,8.61,-0.01,1,1,,,,0.249,0.02,56.7,13.26,-0.01,,,-3.828
32.45,REGROUND,6.45,-0.04,-9.58,8.63,-0.01,1,1,,,,0.243,0.019,3.7,13.26,-0.01,,,
32.5,REGROUND,6.45,-0.04,-9.58,8.64,-0.01,1,1,,,,0.249,0.02,0.7,13.26,-0.01,,,
32.55,REGROUND,6.47,-0.04,-9.58,8.65,-0.01,1,1,,,,0.242,0.019,1.7,13.26,-0.01,,,
32.6,REGROUND,6.47,-0.04,-9.58,8.66,-0.01,1,1,,,,0.248,0.019,1.0,13.26,-0.01,,,
32.65,REGROUND,6.5,-0.04,-9.58,8.68,-0.01,1,1,,,,0.242,0.019,1.7,13.26,-0.01,,,
32.7,REGROUND,6.5,-0.04,-9.58,8.69,-0.01,1,1,,,,0.248,0.019,1.0,13.26,-0.01,,,
32.75,REGROUND,6.52,-0.04,-9.58,8.7,-0.01,1,1,,,,0.242,0.018,1.7,13.26,-0.01,,,
32.8,REGROUND,6.52,-0.04,-9.58,8.71,-0.01,1,1,,,,0.248,0.019,1.0,13.26,-0.01,,,
32.85,REGROUND,6.55,-0.04,-9.58,8.73,-0.01,1,1,,,,0.242,0.018,1.6,13.26,-0.01,,,
32.9,REGROUND,6.55,-0.04,-9.58,8.74,-0.01,1,1,,,,0.248,0.018,1.0,13.26,-0.01,,,
32.95,REGROUND,6.57,-0.04,-9.58,8.75,-0.01,1,1,,,,0.241,0.018,1.6,13.26,-0.01,,,
33.0,REGROUND,6.57,-0.04,-9.58,8.76,-0.01,1,1,,,,0.247,0.018,0.9,13.26,-0.01,,,
33.05,REGROUND,6.59,-0.04,-9.58,8.78,-0.01,1,1,,,,0.241,0.017,1.6,13.26,-0.01,,,
33.1,REGROUND,6.59,-0.04,-9.58,8.79,-0.01,1,1,,,,0.247,0.018,0.9,13.26,-0.01,,,
33.15,REGROUND,6.62,-0.04,-9.58,8.8,-0.01,1,1,,,,0.241,0.017,1.4,13.26,-0.01,,,
33.2,REGROUND,6.62,-0.04,-9.58,8.81,-0.01,1,1,,,,0.247,0.017,0.9,13.26,-0.01,,,
33.25,REGROUND,6.64,-0.04,-9.58,8.83,-0.01,1,1,,,,0.241,0.017,1.6,13.26,-0.01,,,
33.3,REGROUND,6.64,-0.04,-9.58,8.84,-0.01,1,1,,,,0.247,0.017,0.9,13.26,-0.01,,,
33.35,REGROUND,6.67,-0.04,-9.58,8.85,-0.01,1,1,,,,0.241,0.016,1.6,13.26,-0.01,,,
33.4,REGROUND,6.67,-0.04,-9.58,8.86,-0.01,1,1,,,,0.247,0.017,1.0,13.26,-0.01,,,
33.45,REGROUND,6.69,-0.05,-9.58,8.88,-0.01,1,1,,,,0.241,0.016,1.6,13.26,-0.01,,,
33.5,REGROUND,6.69,-0.05,-9.58,8.89,-0.01,1,1,,,,0.247,0.017,1.0,13.26,-0.01,,,
33.55,REGROUND,6.72,-0.05,-9.58,8.9,-0.01,1,1,,,,0.241,0.016,1.6,13.26,-0.01,,,
33.6,REGROUND,6.72,-0.05,-9.58,8.91,-0.01,1,1,,,,0.247,0.016,1.0,13.26,-0.01,,,
33.65,REGROUND,6.74,-0.05,-9.58,8.93,-0.01,1,1,,,,0.24,0.016,1.7,13.26,-0.01,,,
33.7,REGROUND,6.74,-0.05,-9.58,8.94,-0.01,1,1,,,,0.246,0.016,1.0,13.26,-0.01,,,
33.75,REGROUND,6.77,-0.05,-9.58,8.95,-0.01,1,1,,,,0.24,0.016,1.7,13.26,-0.01,,,
33.8,REGROUND,6.77,-0.05,-9.58,8.96,-0.01,1,1,,,,0.246,0.016,1.0,13.26,-0.01,,,
33.85,REGROUND,6.79,-0.05,-9.58,8.98,-0.01,1,1,,,,0.24,0.016,1.6,13.26,-0.01,,,
33.9,REGROUND,6.79,-0.05,-9.58,8.99,-0.01,1,1,,,,0.246,0.016,0.9,13.26,-0.01,,,
33.95,REGROUND,6.82,-0.05,-9.58,9.0,-0.01,1,1,,,,0.24,0.016,1.5,13.26,-0.01,,,
34.0,REGROUND,6.82,-0.05,-9.58,9.01,-0.01,1,1,,,,0.246,0.016,0.9,13.26,-0.01,,,
34.05,REGROUND,6.84,-0.05,-9.58,9.03,-0.01,1,1,,,,0.239,0.016,1.6,13.26,-0.01,,,
34.1,REGROUND,6.84,-0.05,-9.58,9.04,-0.01,1,1,,,,0.245,0.016,1.0,13.26,-0.01,,,
34.15,REGROUND,6.87,-0.05,-9.58,9.05,-0.01,1,1,,,,0.239,0.016,1.6,13.26,-0.01,,,
34.2,REGROUND,6.87,-0.05,-9.58,9.06,-0.01,1,1,,,,0.245,0.016,1.0,13.26,-0.01,,,
34.25,REGROUND,6.89,-0.06,-9.58,9.08,-0.01,1,1,,,,0.239,0.016,1.6,13.26,-0.01,,,
34.3,REGROUND,6.89,-0.06,-9.58,9.09,-0.01,1,1,,,,0.245,0.016,1.0,13.26,-0.01,,,
34.35,REGROUND,6.91,-0.06,-9.58,9.1,-0.01,1,1,,,,0.239,0.016,1.6,13.26,-0.01,,,
34.4,REGROUND,6.91,-0.06,-9.58,9.11,-0.01,1,1,,,,0.245,0.017,1.0,13.26,-0.01,,,
34.45,REGROUND,6.94,-0.06,-9.58,9.13,-0.01,1,1,,,,0.239,0.016,1.6,13.26,-0.01,,,
34.5,REGROUND,6.94,-0.06,-9.58,9.14,-0.01,1,1,,,,0.245,0.017,0.9,13.26,-0.01,,,
34.55,REGROUND,6.96,-0.06,-9.58,9.15,-0.01,1,1,,,,0.238,0.017,1.6,13.26,-0.01,,,
34.6,REGROUND,6.96,-0.06,-9.58,9.16,-0.01,1,1,,,,0.244,0.017,0.9,13.26,-0.01,,,
34.65,REGROUND,6.99,-0.06,-9.58,9.18,-0.01,1,1,,,,0.238,0.017,1.6,13.26,-0.01,,,
34.7,REGROUND,6.99,-0.06,-9.58,9.19,-0.01,1,1,,,,0.244,0.017,0.9,13.26,-0.01,,,
34.75,REGROUND,7.01,-0.06,-9.58,9.2,-0.01,1,1,,,,0.238,0.017,1.6,13.26,-0.01,,,
34.8,REGROUND,7.01,-0.06,-9.58,9.21,-0.01,1,1,,,,0.244,0.017,3.3,13.26,-0.01,,,
34.85,REGROUND,7.04,-0.07,-9.58,9.23,-0.01,1,1,,,,0.238,0.017,1.6,13.26,-0.01,,,
34.9,REGROUND,7.04,-0.07,-9.58,9.24,-0.01,1,1,,,,0.244,0.017,1.0,13.26,-0.01,,,
34.95,REGROUND,7.06,-0.07,-9.58,9.25,-0.01,1,1,,,,0.238,0.017,1.6,13.26,-0.01,,,
35.0,REGROUND,7.06,-0.07,-9.58,9.27,-0.01,1,0,,,,0.244,0.018,0.8,13.26,-0.01,,,
35.05,REGROUND,7.09,-0.07,-9.58,9.28,-0.01,1,0,,,,0.238,0.017,1.6,13.26,-0.01,,,
35.1,REGROUND,7.09,-0.07,-9.58,9.29,-0.01,1,0,,,,0.244,0.018,1.0,13.26,-0.01,,,
35.15,REGROUND,7.11,-0.07,-9.58,9.3,-0.01,1,0,,,,0.237,0.018,1.6,13.26,-0.01,,,
35.2,REGROUND,7.11,-0.07,-9.58,9.32,-0.01,1,0,,,,0.243,0.018,0.9,13.26,-0.01,,,
35.25,REGROUND,7.14,-0.07,-9.58,9.33,-0.01,1,0,,,,0.237,0.018,1.7,13.26,-0.01,,,
35.3,REGROUND,7.14,-0.07,-9.58,9.34,-0.01,1,0,,,,0.243,0.018,1.1,13.26,-0.01,,,
35.35,REGROUND,7.16,-0.07,-9.58,9.35,-0.01,1,0,,,,0.237,0.018,1.7,13.26,-0.01,,,
35.4,REGROUND,7.16,-0.07,-9.58,9.37,-0.01,1,0,,,,0.243,0.019,1.1,13.26,-0.01,,,
35.45,REGROUND,7.18,-0.08,-9.58,9.38,-0.01,1,0,,,,0.237,0.018,1.7,13.26,-0.01,,,
35.5,REGROUND,7.18,-0.08,-9.58,9.39,-0.01,1,0,,,,0.243,0.019,1.2,13.26,-0.01,,,
35.55,REGROUND,7.21,-0.08,-9.58,9.4,-0.01,1,0,,,,0.236,0.019,1.8,13.26,-0.01,,,
35.6,REGROUND,7.21,-0.08,-9.58,9.42,-0.01,1,0,,,,0.242,0.019,1.0,13.26,-0.01,,,
35.65,REGROUND,7.23,-0.08,-9.58,9.43,-0.01,1,0,,,,0.236,0.019,2.0,13.26,-0.01,,,
35.7,REGROUND,7.23,-0.08,-9.58,9.44,-0.01,1,0,,,,0.242,0.019,1.0,13.26,-0.01,,,
35.75,REGROUND,7.26,-0.08,-9.58,9.45,-0.01,1,0,,,,0.236,0.019,1.8,13.26,-0.01,,,
35.8,REGROUND,7.26,-0.08,-9.58,9.47,-0.01,1,0,,,,0.242,0.02,1.2,13.26,-0.01,,,
35.85,REGROUND,7.28,-0.08,-9.58,9.48,-0.01,1,0,,,,0.236,0.019,1.7,13.26,-0.01,,,
35.9,REGROUND,7.28,-0.08,-9.58,9.49,-0.01,1,0,,,,0.242,0.02,1.1,13.26,-0.01,,,
35.95,REGROUND,7.3,-0.08,-9.58,9.5,-0.01,1,0,,,,0.237,0.019,1.8,13.26,-0.01,,,
36.0,REGROUND,7.3,-0.08,-9.58,9.52,-0.01,1,0,,,,0.243,0.02,1.1,13.26,-0.01,,,
36.05,REGROUND,7.33,-0.09,-9.58,9.53,-0.01,1,0,,,,0.237,0.019,1.8,13.26,-0.01,,,
36.11,REGROUND,7.33,-0.09,-9.58,9.54,-0.01,1,0,,,,0.243,0.02,1.1,13.26,-0.01,,,
36.16,REGROUND,7.35,-0.09,-9.58,9.55,-0.01,1,0,,,,0.237,0.019,1.6,13.26,-0.01,,,
36.21,REGROUND,7.35,-0.09,-9.58,9.57,-0.01,1,0,,,,0.243,0.02,0.9,13.26,-0.01,,,
36.26,REGROUND,7.38,-0.09,-9.58,9.58,-0.01,1,0,,,,0.237,0.019,1.5,13.26,-0.01,,,
36.31,REGROUND,7.38,-0.09,-9.58,9.59,-0.01,1,0,,,,0.243,0.02,0.8,13.26,-0.01,,,
36.36,REGROUND,7.4,-0.09,-9.58,9.6,-0.01,1,0,,,,0.237,0.019,1.8,13.26,-0.01,,,
36.41,REGROUND,7.4,-0.09,-9.58,9.62,-0.01,1,0,,,,0.243,0.02,1.0,13.26,-0.01,,,
36.46,REGROUND,7.43,-0.09,-9.58,9.63,-0.01,1,0,,,,0.237,0.019,1.8,13.26,-0.01,,,
36.51,REGROUND,7.43,-0.09,-9.58,9.64,-0.01,1,0,,,,0.243,0.019,1.0,13.26,-0.01,,,
36.56,REGROUND,7.45,-0.09,-9.58,9.65,-0.01,1,0,,,,0.237,0.019,1.4,13.26,-0.01,,,
36.61,REGROUND,7.45,-0.09,-9.58,9.67,-0.01,1,0,,,,0.243,0.019,0.9,13.26,-0.01,,,
36.66,REGROUND,7.47,-0.09,-9.58,9.68,-0.01,1,0,,,,0.237,0.018,1.5,13.26,-0.01,,,
36.71,REGROUND,7.47,-0.09,-9.58,9.69,-0.01,1,0,,,,0.243,0.019,0.9,13.26,-0.01,,,
36.76,REGROUND,7.5,-0.09,-9.58,9.7,-0.01,1,0,,,,0.237,0.018,1.5,13.26,-0.01,,,
36.81,REGROUND,7.5,-0.09,-9.58,9.72,-0.01,1,0,,,,0.243,0.019,0.9,13.26,-0.01,,,
36.86,REGROUND,7.52,-0.09,-9.58,9.73,-0.01,1,0,,,,0.237,0.018,1.6,13.26,-0.01,,,
36.91,REGROUND,7.52,-0.09,-9.58,9.74,-0.01,1,0,,,,0.243,0.018,1.0,13.26,-0.01,,,
36.96,REGROUND,7.55,-0.09,-9.58,9.75,-0.01,1,0,,,,0.237,0.018,1.7,13.26,-0.01,,,
37.01,REGROUND,7.55,-0.09,-9.58,9.77,-0.01,1,0,,,,0.243,0.018,1.0,13.26,-0.01,,,
37.06,REGROUND,7.57,-0.09,-9.58,9.78,-0.01,1,0,,,,0.238,0.018,1.6,13.26,-0.01,,,
37.11,REGROUND,7.57,-0.09,-9.58,9.79,-0.01,1,0,,,,0.244,0.018,0.8,13.26,-0.01,,,
37.16,REGROUND,7.59,-0.1,-9.58,9.8,-0.01,1,0,,,,0.238,0.018,3.8,13.26,-0.01,,,
37.21,REGROUND,7.59,-0.1,-9.58,9.82,-0.01,1,0,,,,0.244,0.018,1.0,13.26,-0.01,,,
37.26,REGROUND,7.62,-0.1,-9.58,9.83,-0.01,1,0,,,,0.238,0.017,1.6,13.26,-0.01,,,
37.31,REGROUND,7.62,-0.1,-9.58,9.84,-0.01,1,0,,,,0.244,0.018,0.8,13.26,-0.01,,,
37.36,REGROUND,7.64,-0.1,-9.58,9.85,-0.01,1,0,,,,0.238,0.017,1.6,13.26,-0.01,,,
37.41,REGROUND,7.64,-0.1,-9.58,9.87,-0.01,1,0,,,,0.244,0.018,0.9,13.26,-0.01,,,
37.46,REGROUND,7.67,-0.1,-9.58,9.88,-0.01,1,0,,,,0.238,0.017,1.7,13.26,-0.01,,,
37.51,REGROUND,7.67,-0.1,-9.58,9.89,-0.01,1,0,,,,0.244,0.018,0.9,13.26,-0.01,,,
37.56,REGROUND,7.69,-0.1,-9.58,9.9,-0.01,1,0,,,,0.238,0.017,1.4,13.26,-0.01,,,
37.61,REGROUND,7.69,-0.1,-9.58,9.92,-0.01,1,0,,,,0.244,0.018,1.0,13.26,-0.01,,,
37.66,REGROUND,7.71,-0.1,-9.58,9.93,-0.01,1,0,,,,0.238,0.017,1.7,13.26,-0.01,,,
37.71,REGROUND,7.71,-0.1,-9.58,9.94,-0.01,1,0,,,,0.244,0.018,1.0,13.26,-0.01,,,
37.76,REGROUND,7.74,-0.1,-9.58,9.95,-0.01,1,0,,,,0.238,0.017,1.7,13.26,-0.01,,,
37.81,REGROUND,7.74,-0.1,-9.58,9.97,-0.01,1,0,,,,0.244,0.018,1.0,13.26,-0.01,,,
37.86,REGROUND,7.76,-0.1,-9.58,9.98,-0.01,1,0,,,,0.238,0.017,1.7,13.26,-0.01,,,
37.91,REGROUND,7.76,-0.1,-9.58,9.99,-0.01,1,0,,,,0.244,0.018,0.9,13.26,-0.01,,,
37.96,REGROUND,7.79,-0.11,-9.58,10.0,-0.01,1,0,,,,0.238,0.017,1.6,13.26,-0.01,,,
38.01,REGROUND,7.79,-0.11,-9.58,10.02,-0.01,1,0,,,,0.244,0.018,0.9,13.26,-0.01,,,
38.06,REGROUND,7.81,-0.11,-9.58,10.03,-0.01,1,0,,,,0.238,0.017,1.5,13.26,-0.01,,,
38.11,REGROUND,7.81,-0.11,-9.58,10.04,-0.01,1,0,,,,0.244,0.018,0.9,13.26,-0.01,,,
38.16,REGROUND,7.83,-0.11,-9.58,10.05,-0.01,1,0,,,,0.238,0.017,1.5,13.26,-0.01,,,
38.21,REGROUND,7.83,-0.11,-9.58,10.07,-0.01,1,0,,,,0.244,0.018,0.7,13.26,-0.01,,,
38.26,REGROUND,7.86,-0.11,-9.58,10.08,-0.01,1,0,,,,0.238,0.017,1.5,13.26,-0.01,,,
38.31,REGROUND,7.86,-0.11,-9.58,10.09,-0.01,1,0,,,,0.244,0.018,1.0,13.26,-0.01,,,
38.36,REGROUND,7.88,-0.11,-9.58,10.1,-0.01,1,0,,,,0.238,0.017,1.6,13.26,-0.01,,,
38.41,REGROUND,7.88,-0.11,-9.58,10.12,-0.01,1,0,,,,0.244,0.018,1.0,13.26,-0.01,,,
38.46,REGROUND,7.91,-0.11,-9.58,10.13,-0.01,1,0,,,,0.238,0.017,1.5,13.26,-0.01,,,
38.51,REGROUND,7.91,-0.11,-9.58,10.14,-0.01,1,0,,,,0.244,0.018,0.9,13.26,-0.01,,,
38.56,REGROUND,7.93,-0.11,-9.58,10.15,-0.01,1,0,,,,0.238,0.018,1.6,13.26,-0.01,,,
38.61,REGROUND,7.93,-0.11,-9.58,10.17,-0.01,1,0,,,,0.244,0.018,0.9,13.26,-0.01,,,
38.66,REGROUND,7.95,-0.11,-9.58,10.18,-0.01,1,0,,,,0.238,0.018,1.6,13.26,-0.01,,,
38.71,REGROUND,7.95,-0.11,-9.58,10.19,-0.01,1,0,,,,0.244,0.018,0.9,13.26,-0.01,,,
38.76,REGROUND,7.98,-0.12,-9.58,10.2,-0.01,1,0,,,,0.238,0.018,1.5,13.26,-0.01,,,
38.81,REGROUND,7.98,-0.12,-9.58,10.22,-0.01,1,0,,,,0.244,0.019,1.0,13.26,-0.01,,,
38.86,REGROUND,8.0,-0.12,-9.58,10.23,-0.01,1,0,,,,0.238,0.018,1.6,13.26,-0.01,,,
38.91,REGROUND,8.0,-0.12,-9.58,10.24,-0.01,1,0,,,,0.244,0.019,1.0,13.26,-0.01,,,
38.96,REGROUND,8.03,-0.12,-9.58,10.25,-0.01,1,0,,,,0.238,0.018,1.7,13.26,-0.01,,,
39.01,REGROUND,8.03,-0.12,-9.58,10.27,-0.01,1,0,,,,0.244,0.019,0.8,13.26,-0.01,,,
39.06,REGROUND,8.05,-0.12,-9.58,10.28,-0.01,1,0,,,,0.239,0.018,1.7,13.26,-0.01,,,
39.11,REGROUND,8.05,-0.12,-9.58,10.29,-0.01,1,0,,,,0.245,0.019,1.0,13.26,-0.01,,,
39.16,REGROUND,8.07,-0.12,-9.58,10.3,-0.01,1,0,,,,0.238,0.019,1.6,13.26,-0.01,,,
39.21,REGROUND,8.07,-0.12,-9.58,10.32,-0.01,1,0,,,,0.245,0.019,1.0,13.26,-0.01,,,
39.26,REGROUND,8.1,-0.12,-9.58,10.33,-0.01,1,0,,,,0.239,0.018,1.6,13.26,-0.01,,,
39.31,REGROUND,8.1,-0.12,-9.58,10.34,-0.01,1,0,,,,0.245,0.019,1.0,13.26,-0.01,,,
39.36,REGROUND,8.12,-0.12,-9.58,10.35,-0.01,1,0,,,,0.238,0.018,1.5,13.26,-0.01,,,
39.41,REGROUND,8.12,-0.12,-9.58,10.37,-0.01,1,0,,,,0.244,0.019,0.9,13.26,-0.01,,,
39.46,REGROUND,8.15,-0.13,-9.58,10.38,-0.01,1,0,,,,0.238,0.018,1.6,13.26,-0.01,,,
39.51,REGROUND,8.15,-0.13,-9.58,10.39,-0.01,1,0,,,,0.244,0.019,3.1,13.26,-0.01,,,
39.56,REGROUND,8.17,-0.13,-9.58,10.4,-0.01,1,0,,,,0.238,0.018,1.6,13.26,-0.01,,,
39.61,REGROUND,8.17,-0.13,-9.58,10.42,-0.01,1,0,,,,0.244,0.019,0.9,13.26,-0.01,,,
39.66,REGROUND,8.2,-0.13,-9.58,10.43,-0.01,1,0,,,,0.239,0.018,1.7,13.26,-0.01,,,
39.71,REGROUND,8.2,-0.13,-9.58,10.44,-0.01,1,0,,,,0.245,0.019,1.0,13.26,-0.01,,,
39.76,REGROUND,8.22,-0.13,-9.58,10.45,-0.01,1,0,,,,0.238,0.018,1.7,13.26,-0.01,,,
39.81,REGROUND,8.22,-0.13,-9.58,10.47,-0.01,1,0,,,,0.244,0.019,1.0,13.26,-0.01,,,
39.86,REGROUND,8.24,-0.13,-9.58,10.48,-0.01,1,0,,,,0.239,0.018,1.7,13.26,-0.01,,,
39.91,REGROUND,8.24,-0.13,-9.58,10.49,-0.01,1,0,,,,0.245,0.019,1.0,13.26,-0.01,,,
39.96,REGROUND,8.27,-0.13,-9.58,10.5,-0.01,1,0,,,,0.238,0.018,1.5,13.26,-0.01,,,
40.01,REGROUND,8.27,-0.13,-9.58,10.52,-0.01,1,0,,,,0.245,0.019,1.0,13.26,-0.01,,,
40.06,REGROUND,8.29,-0.13,-9.58,10.53,-0.01,1,0,,,,0.239,0.018,1.5,13.26,-0.01,,,
40.11,REGROUND,8.29,-0.13,-9.58,10.54,-0.01,1,0,,,,0.245,0.018,0.9,13.26,-0.01,,,
40.16,REGROUND,8.32,-0.13,-9.58,10.55,-0.01,1,0,,,,0.239,0.018,1.5,13.26,-0.01,,,
40.21,REGROUND,8.32,-0.13,-9.58,10.57,-0.01,1,0,,,,0.245,0.018,0.9,13.26,-0.01,,,
40.26,REGROUND,8.34,-0.13,-9.58,10.58,-0.01,1,0,,,,0.239,0.018,1.5,13.26,-0.01,,,
40.31,REGROUND,8.34,-0.13,-9.58,10.59,-0.01,1,0,,,,0.245,0.018,0.8,13.26,-0.01,,,
40.36,REGROUND,8.36,-0.14,-9.58,10.6,-0.01,1,0,,,,0.239,0.018,1.6,13.26,-0.01,,,
40.41,REGROUND,8.36,-0.14,-9.58,10.62,-0.01,1,0,,,,0.245,0.018,1.0,13.26,-0.01,,,
40.46,REGROUND,8.39,-0.14,-9.58,10.63,-0.01,1,0,,,,0.239,0.018,1.4,13.26,-0.01,,,
40.51,REGROUND,8.39,-0.14,-9.58,10.64,-0.01,1,0,,,,0.245,0.018,1.0,13.26,-0.01,,,
40.56,REGROUND,8.41,-0.14,-9.58,10.65,-0.01,1,0,,,,0.239,0.018,1.6,13.26,-0.01,,,
40.61,REGROUND,8.41,-0.14,-9.58,10.67,-0.01,1,0,,,,0.245,0.018,1.0,13.26,-0.01,,,
40.66,REGROUND,8.44,-0.14,-9.58,10.68,-0.01,1,0,,,,0.238,0.018,1.6,13.26,-0.01,,,
40.71,REGROUND,8.44,-0.14,-9.58,10.69,-0.01,1,0,,,,0.244,0.018,1.0,13.26,-0.01,,,
40.76,REGROUND,8.46,-0.14,-9.58,10.7,-0.01,1,0,,,,0.238,0.018,1.5,13.26,-0.01,,,
40.81,REGROUND,8.46,-0.14,-9.58,10.72,-0.01,1,0,,,,0.244,0.018,0.9,13.26,-0.01,,,
40.86,REGROUND,8.49,-0.14,-9.58,10.73,-0.01,1,0,,,,0.238,0.018,1.6,13.26,-0.01,,,
40.91,REGROUND,8.49,-0.14,-9.58,10.74,-0.01,1,0,,,,0.244,0.018,0.9,13.26,-0.01,,,
40.96,REGROUND,8.51,-0.14,-9.58,10.75,-0.01,1,0,,,,0.238,0.018,1.5,13.26,-0.01,,,
41.01,REGROUND,8.51,-0.14,-9.58,10.77,-0.01,1,0,,,,0.244,0.018,1.0,13.26,-0.01,,,
41.06,REGROUND,8.53,-0.14,-9.58,10.78,-0.01,1,0,,,,0.238,0.018,1.7,13.26,-0.01,,,
41.11,REGROUND,8.53,-0.14,-9.58,10.79,-0.01,1,0,,,,0.244,0.018,1.0,13.26,-0.01,,,
41.16,REGROUND,8.56,-0.15,-9.58,10.8,-0.01,1,0,,,,0.238,0.018,1.6,13.26,-0.01,,,
41.21,REGROUND,8.56,-0.15,-9.58,10.82,-0.01,1,0,,,,0.244,0.018,1.1,13.26,-0.01,,,
41.26,REGROUND,8.58,-0.15,-9.58,10.83,-0.01,1,0,,,,0.238,0.018,1.9,13.26,-0.01,,,
41.31,REGROUND,8.58,-0.15,-9.58,10.84,-0.01,1,0,,,,0.244,0.018,1.2,13.26,-0.01,,,
41.36,REGROUND,8.61,-0.15,-9.58,10.85,-0.01,1,0,,,,0.238,0.018,1.7,13.26,-0.01,,,
41.41,REGROUND,8.61,-0.15,-9.58,10.87,-0.01,1,0,,,,0.244,0.018,1.0,13.26,-0.01,,,
41.46,REGROUND,8.63,-0.15,-9.58,10.88,-0.01,1,0,,,,0.238,0.018,1.5,13.26,-0.01,,,
41.51,REGROUND,8.63,-0.15,-9.58,10.89,-0.01,1,0,,,,0.244,0.018,0.9,13.26,-0.01,,,
41.56,REGROUND,8.66,-0.15,-9.58,10.9,-0.01,1,0,,,,0.238,0.018,1.5,13.26,-0.01,,,
41.61,REGROUND,8.66,-0.15,-9.58,10.92,-0.01,1,0,,,,0.244,0.018,0.9,13.26,-0.01,,,
41.66,REGROUND,8.68,-0.15,-9.58,10.93,-0.01,1,0,,,,0.238,0.018,1.5,13.26,-0.01,,,
41.71,REGROUND,8.68,-0.15,-9.58,10.94,-0.01,1,0,,,,0.244,0.018,0.9,13.26,-0.01,,,
41.76,REGROUND,8.7,-0.15,-9.58,10.96,-0.01,1,0,,,,0.238,0.018,1.7,13.26,-0.01,,,
41.81,REGROUND,8.7,-0.15,-9.58,10.97,-0.01,1,0,,,,0.244,0.018,3.3,13.26,-0.01,,,
41.86,REGROUND,8.73,-0.16,-9.58,10.98,-0.01,1,0,,,,0.238,0.018,1.4,13.26,-0.01,,,
41.91,REGROUND,8.73,-0.16,-9.58,10.99,-0.01,1,0,,,,0.244,0.018,1.0,13.26,-0.01,,,
41.96,REGROUND,8.75,-0.16,-9.58,11.01,-0.01,1,0,,,,0.238,0.018,1.6,13.26,-0.01,,,
42.01,REGROUND,8.75,-0.16,-9.58,11.02,-0.01,1,0,,,,0.244,0.019,1.0,13.26,-0.01,,,
42.06,REGROUND,8.78,-0.16,-9.58,11.03,-0.01,1,0,,,,0.238,0.018,1.6,13.26,-0.01,,,
42.11,REGROUND,8.78,-0.16,-9.58,11.04,-0.01,1,0,,,,0.244,0.019,1.0,13.26,-0.01,,,
42.16,REGROUND,8.8,-0.16,-9.58,11.06,-0.01,1,0,,,,0.238,0.019,1.5,13.26,-0.01,,,
42.21,REGROUND,8.8,-0.16,-9.58,11.07,-0.01,1,0,,,,0.244,0.019,1.0,13.26,-0.01,,,
42.26,REGROUND,8.82,-0.16,-9.58,11.08,-0.01,1,0,,,,0.239,0.019,1.5,13.26,-0.01,,,
42.31,REGROUND,8.82,-0.16,-9.58,11.09,-0.01,1,0,,,,0.245,0.019,0.9,13.26,-0.01,,,
42.36,REGROUND,8.85,-0.16,-9.58,11.11,-0.01,1,0,,,,0.239,0.019,1.6,13.26,-0.01,,,
42.41,REGROUND,8.85,-0.16,-9.58,11.12,-0.01,1,0,,,,0.245,0.019,0.9,13.26,-0.01,,,
42.46,REGROUND,8.87,-0.16,-9.58,11.13,-0.01,1,0,,,,0.239,0.019,1.6,13.26,-0.01,,,
42.51,REGROUND,8.87,-0.16,-9.58,11.14,-0.01,1,0,,,,0.245,0.019,1.0,13.26,-0.01,,,
42.56,REGROUND,8.9,-0.17,-9.58,11.16,-0.01,1,0,,,,0.239,0.019,1.6,13.26,-0.01,,,
42.61,REGROUND,8.9,-0.17,-9.58,11.17,-0.01,1,0,,,,0.245,0.019,1.0,13.26,-0.01,,,
42.66,REGROUND,8.92,-0.17,-9.58,11.18,-0.01,1,0,,,,0.239,0.019,1.5,13.26,-0.01,,,
42.71,REGROUND,8.92,-0.17,-9.58,11.19,-0.01,1,0,,,,0.245,0.019,1.0,13.26,-0.01,,,
42.76,REGROUND,8.95,-0.17,-9.58,11.21,-0.01,1,0,,,,0.238,0.019,1.6,13.26,-0.01,,,
42.81,REGROUND,8.95,-0.17,-9.58,11.22,-0.01,1,0,,,,0.244,0.019,0.8,13.26,-0.01,,,
42.86,REGROUND,8.97,-0.17,-9.58,11.23,-0.01,1,0,,,,0.238,0.018,1.4,13.26,-0.01,,,
42.92,REGROUND,8.97,-0.17,-9.58,11.24,-0.01,1,0,,,,0.245,0.019,0.9,13.26,-0.01,,,
42.97,REGROUND,8.99,-0.17,-9.58,11.26,-0.01,1,0,,,,0.238,0.018,1.6,13.26,-0.01,,,
43.02,REGROUND,8.99,-0.17,-9.58,11.27,-0.01,1,0,,,,0.245,0.019,0.9,13.26,-0.01,,,
43.07,REGROUND,9.02,-0.17,-9.58,11.28,-0.01,1,0,,,,0.239,0.018,1.6,13.26,-0.01,,,
43.12,REGROUND,9.02,-0.17,-9.58,11.29,-0.01,1,0,,,,0.245,0.018,0.9,13.26,-0.01,,,
43.17,REGROUND,9.04,-0.17,-9.58,11.31,-0.01,1,0,,,,0.239,0.018,1.6,13.26,-0.01,,,
43.22,REGROUND,9.04,-0.17,-9.58,11.32,-0.01,1,0,,,,0.245,0.018,1.0,13.26,-0.01,,,
43.27,REGROUND,9.07,-0.17,-9.58,11.33,-0.01,1,0,,,,0.239,0.018,1.5,13.26,-0.01,,,
43.32,REGROUND,9.07,-0.17,-9.58,11.34,-0.01,1,0,,,,0.245,0.018,1.0,13.26,-0.01,,,
43.37,REGROUND,9.09,-0.17,-9.58,11.36,-0.01,1,0,,,,0.239,0.018,1.6,13.26,-0.01,,,
43.42,REGROUND,9.09,-0.17,-9.58,11.37,-0.01,1,0,,,,0.245,0.018,1.0,13.26,-0.01,,,
43.47,REGROUND,9.11,-0.17,-9.58,11.38,-0.01,1,0,,,,0.239,0.018,1.6,13.26,-0.01,,,
43.52,REGROUND,9.11,-0.17,-9.58,11.39,-0.01,1,0,,,,0.245,0.018,1.0,13.26,-0.01,,,
43.57,REGROUND,9.14,-0.18,-9.58,11.41,-0.01,1,0,,,,0.239,0.018,1.5,13.26,-0.01,,,
43.62,REGROUND,9.14,-0.18,-9.58,11.42,-0.01,1,0,,,,0.245,0.018,0.9,13.26,-0.01,,,
43.67,REGROUND,9.16,-0.18,-9.58,11.43,-0.01,1,0,,,,0.239,0.017,1.5,13.26,-0.01,,,
43.72,REGROUND,9.16,-0.18,-9.58,11.44,-0.01,1,0,,,,0.245,0.018,0.9,13.26,-0.01,,,
43.77,REGROUND,9.19,-0.18,-9.58,11.46,-0.01,1,0,,,,0.239,0.017,1.5,13.26,-0.01,,,
43.82,REGROUND,9.19,-0.18,-9.58,11.47,-0.01,1,0,,,,0.245,0.018,1.0,13.26,-0.01,,,
43.87,REGROUND,9.21,-0.18,-9.58,11.48,-0.01,1,0,,,,0.239,0.017,1.7,13.26,-0.01,,,
43.92,REGROUND,9.21,-0.18,-9.58,11.49,-0.01,1,0,,,,0.245,0.018,1.0,13.26,-0.01,,,
43.97,REGROUND,9.24,-0.18,-9.58,11.51,-0.01,1,0,,,,0.239,0.017,1.6,13.26,-0.01,,,
44.02,REGROUND,9.24,-0.18,-9.58,11.52,-0.01,1,0,,,,0.245,0.018,1.0,13.26,-0.01,,,
44.07,REGROUND,9.26,-0.18,-9.58,11.53,-0.01,1,0,,,,0.239,0.017,1.7,13.26,-0.01,,,
44.12,REGROUND,9.26,-0.18,-9.58,11.54,-0.01,1,0,,,,0.245,0.018,3.2,13.26,-0.01,,,
44.17,REGROUND,9.28,-0.18,-9.58,11.56,-0.01,1,0,,,,0.239,0.017,1.6,13.26,-0.01,,,
44.22,REGROUND,9.28,-0.18,-9.58,11.57,-0.01,1,0,,,,0.245,0.018,1.0,13.26,-0.01,,,
44.27,REGROUND,9.31,-0.18,-9.58,11.58,-0.01,1,0,,,,0.239,0.017,1.6,13.26,-0.01,,,
44.32,REGROUND,9.31,-0.18,-9.58,11.59,-0.01,1,0,,,,0.245,0.018,0.9,13.26,-0.01,,,
44.37,REGROUND,9.33,-0.19,-9.58,11.61,-0.01,1,0,,,,0.239,0.017,1.6,13.26,-0.01,,,
44.42,REGROUND,9.33,-0.19,-9.58,11.62,-0.01,1,0,,,,0.245,0.018,0.9,13.26,-0.01,,,
44.47,REGROUND,9.36,-0.19,-9.58,11.63,-0.01,1,0,,,,0.239,0.017,1.5,13.26,-0.01,,,
44.52,REGROUND,9.36,-0.19,-9.58,11.64,-0.01,1,0,,,,0.245,0.018,0.9,13.26,-0.01,,,
44.57,REGROUND,9.38,-0.19,-9.58,11.66,-0.01,1,0,,,,0.239,0.017,1.6,13.26,-0.01,,,
44.62,REGROUND,9.38,-0.19,-9.58,11.67,-0.01,1,0,,,,0.245,0.018,1.0,13.26,-0.01,,,
44.67,REGROUND,9.41,-0.19,-9.58,11.68,-0.01,1,0,,,,0.239,0.017,1.7,13.26,-0.01,,,
44.72,REGROUND,9.41,-0.19,-9.58,11.69,-0.01,1,0,,,,0.245,0.018,1.0,13.26,-0.01,,,
44.77,REGROUND,9.43,-0.19,-9.58,11.71,-0.01,1,0,,,,0.238,0.017,1.7,13.26,-0.01,,,
44.82,REGROUND,9.43,-0.19,-9.58,11.72,-0.01,1,0,,,,0.244,0.018,1.0,13.26,-0.01,,,
44.87,REGROUND,9.45,-0.19,-9.58,11.73,-0.01,1,0,,,,0.238,0.017,1.4,13.26,-0.01,,,
44.92,REGROUND,9.45,-0.19,-9.58,11.74,-0.01,1,0,,,,0.244,0.018,1.0,13.26,-0.01,,,
44.97,REGROUND,9.48,-0.19,-9.58,11.76,-0.01,1,0,,,,0.238,0.017,1.8,13.26,-0.01,,,
45.02,REGROUND,9.48,-0.19,-9.58,11.77,-0.01,1,0,,,,0.244,0.018,0.8,13.26,-0.01,,,
45.07,REGROUND,9.5,-0.19,-9.58,11.78,-0.01,1,0,,,,0.238,0.017,1.6,13.26,-0.01,,,
45.12,REGROUND,9.5,-0.19,-9.58,11.79,-0.01,1,0,,,,0.244,0.018,0.9,13.26,-0.01,,,
45.17,REGROUND,9.53,-0.2,-9.58,11.81,-0.01,1,0,,,,0.238,0.017,1.5,13.26,-0.01,,,
45.22,REGROUND,9.53,-0.2,-9.58,11.82,-0.01,1,0,,,,0.244,0.018,0.9,13.26,-0.01,,,
45.27,REGROUND,9.55,-0.2,-9.58,11.83,-0.01,1,0,,,,0.238,0.017,1.5,13.26,-0.01,,,
45.32,REGROUND,9.55,-0.2,-9.58,11.84,-0.01,1,0,,,,0.244,0.018,1.0,13.26,-0.01,,,
45.37,REGROUND,9.58,-0.2,-9.58,11.86,-0.01,1,0,,,,0.238,0.017,1.6,13.26,-0.01,,,
45.42,REGROUND,9.58,-0.2,-9.58,11.87,-0.01,1,0,,,,0.244,0.018,1.0,13.26,-0.01,,,
45.47,REGROUND,9.6,-0.2,-9.58,11.88,-0.01,1,0,,,,0.238,0.018,1.6,13.26,-0.01,,,
45.52,REGROUND,9.6,-0.2,-9.58,11.89,-0.01,1,0,,,,0.244,0.018,1.0,13.26,-0.01,,,
45.57,REGROUND,9.62,-0.2,-9.58,11.91,-0.01,1,0,,,,0.237,0.018,1.6,13.26,-0.01,,,
45.62,REGROUND,9.62,-0.2,-9.58,11.92,-0.01,1,0,,,,0.244,0.018,1.0,13.26,-0.01,,,
45.67,REGROUND,9.65,-0.2,-9.58,11.93,-0.01,1,0,,,,0.238,0.018,1.6,13.26,-0.01,,,
45.72,REGROUND,9.65,-0.2,-9.58,11.94,-0.01,1,0,,,,0.244,0.018,0.9,13.26,-0.01,,,
45.77,REGROUND,9.67,-0.21,-9.58,11.96,-0.01,1,0,,,,0.237,0.018,1.5,13.26,-0.01,,,
45.82,REGROUND,9.67,-0.21,-9.58,11.97,-0.01,1,0,,,,0.243,0.019,0.9,13.26,-0.01,,,
45.87,REGROUND,9.7,-0.21,-9.58,11.98,-0.01,1,0,,,,0.237,0.018,1.5,13.26,-0.01,,,
45.92,REGROUND,9.7,-0.21,-9.58,11.99,-0.01,1,0,,,,0.243,0.019,0.7,13.26,-0.01,,,
45.97,REGROUND,9.72,-0.21,-9.58,12.01,-0.01,1,0,,,,0.237,0.019,1.6,13.26,-0.01,,,
46.02,REGROUND,9.72,-0.21,-9.58,12.02,-0.01,1,0,,,,0.243,0.019,1.0,13.26,-0.01,,,
46.07,REGROUND,9.75,-0.21,-9.58,12.03,-0.01,1,0,,,,0.237,0.019,1.6,13.26,-0.01,,,
46.12,REGROUND,9.75,-0.21,-9.58,12.04,-0.01,1,0,,,,0.243,0.019,0.9,13.26,-0.01,,,
46.17,REGROUND,9.77,-0.21,-9.58,12.06,-0.01,1,0,,,,0.237,0.019,1.6,13.26,-0.01,,,
46.22,REGROUND,9.77,-0.21,-9.58,12.07,-0.01,1,0,,,,0.243,0.019,0.8,13.26,-0.01,,,
46.27,REGROUND,9.79,-0.21,-9.58,12.08,-0.01,1,0,,,,0.237,0.019,1.3,13.26,-0.01,,,
46.32,REGROUND,9.79,-0.21,-9.58,12.09,-0.01,1,0,,,,0.243,0.019,1.0,13.26,-0.01,,,
46.37,REGROUND,9.82,-0.21,-9.58,12.11,-0.01,1,0,,,,0.237,0.019,1.6,13.26,-0.01,,,
46.42,REGROUND,9.82,-0.21,-9.58,12.12,-0.01,1,0,,,,0.243,0.019,3.2,13.26,-0.01,,,
46.47,REGROUND,9.84,-0.21,-9.58,12.13,-0.01,1,0,,,,0.237,0.018,1.5,13.26,-0.01,,,
46.52,REGROUND,9.84,-0.21,-9.58,12.14,-0.01,1,0,,,,0.243,0.019,0.7,13.26,-0.01,,,
46.57,REGROUND,9.87,-0.22,-9.58,12.16,-0.01,1,0,,,,0.237,0.018,1.5,13.26,-0.01,,,
46.62,REGROUND,9.87,-0.22,-9.58,12.17,-0.01,1,0,,,,0.243,0.019,0.7,13.26,-0.01,,,
46.67,REGROUND,9.89,-0.22,-9.58,12.18,-0.01,1,0,,,,0.238,0.018,1.7,13.26,-0.01,,,
46.72,REGROUND,9.89,-0.22,-9.58,12.19,-0.01,1,0,,,,0.244,0.018,1.0,13.26,-0.01,,,
46.77,REGROUND,9.91,-0.22,-9.58,12.21,-0.01,1,0,,,,0.238,0.018,1.7,13.26,-0.01,,,
46.82,REGROUND,9.91,-0.22,-9.58,12.22,-0.01,1,0,,,,0.244,0.018,1.1,13.26,-0.01,,,
46.87,REGROUND,9.94,-0.22,-9.58,12.23,-0.01,1,0,,,,0.238,0.018,1.4,13.26,-0.01,,,
46.92,REGROUND,9.94,-0.22,-9.58,12.24,-0.01,1,0,,,,0.244,0.018,1.0,13.26,-0.01,,,
46.97,REGROUND,9.96,-0.22,-9.58,12.26,-0.01,1,0,,,,0.238,0.018,1.8,13.26,-0.01,,,
47.02,REGROUND,9.96,-0.22,-9.58,12.27,-0.01,1,0,,,,0.244,0.018,0.8,13.26,-0.01,,,
47.07,REGROUND,9.99,-0.22,-9.58,12.28,-0.01,1,0,,,,0.238,0.018,1.6,13.26,-0.01,,,
47.12,REGROUND,9.99,-0.22,-9.58,12.29,-0.01,1,0,,,,0.244,0.018,0.8,13.26,-0.01,,,
47.17,REGROUND,10.01,-0.22,-9.58,12.31,-0.01,1,0,,,,0.238,0.018,1.6,13.26,-0.01,,,
47.22,REGROUND,10.01,-0.22,-9.58,12.32,-0.01,1,0,,,,0.245,0.018,0.9,13.26,-0.01,,,
47.27,REGROUND,10.03,-0.22,-9.58,12.33,-0.01,1,0,,,,0.239,0.018,1.6,13.26,-0.01,,,
47.32,REGROUND,10.03,-0.22,-9.58,12.34,-0.01,1,0,,,,0.245,0.018,0.9,13.26,-0.01,,,
47.37,REGROUND,10.06,-0.22,-9.58,12.36,-0.01,1,0,,,,0.239,0.017,1.5,13.26,-0.01,,,
47.42,REGROUND,10.06,-0.22,-9.58,12.37,-0.01,1,0,,,,0.245,0.018,1.0,13.26,-0.01,,,
47.47,REGROUND,10.08,-0.22,-9.58,12.38,-0.01,1,0,,,,0.239,0.017,1.6,13.26,-0.01,,,
47.52,REGROUND,10.08,-0.22,-9.58,12.39,-0.01,1,0,,,,0.245,0.018,0.8,13.26,-0.01,,,
47.57,REGROUND,10.11,-0.23,-9.58,12.41,-0.01,1,0,,,,0.239,0.017,1.7,13.26,-0.01,,,
47.62,REGROUND,10.11,-0.23,-9.58,12.42,-0.01,1,0,,,,0.245,0.018,1.0,13.26,-0.01,,,
47.67,REGROUND,10.13,-0.23,-9.58,12.43,-0.01,1,0,,,,0.239,0.017,1.7,13.26,-0.01,,,
47.72,REGROUND,10.13,-0.23,-9.58,12.44,-0.01,1,0,,,,0.245,0.018,0.8,13.26,-0.01,,,
47.77,REGROUND,10.15,-0.23,-9.58,12.46,-0.01,1,0,,,,0.239,0.017,1.6,13.26,-0.01,,,
47.82,REGROUND,10.15,-0.23,-9.58,12.47,-0.01,1,0,,,,0.245,0.018,1.0,13.26,-0.01,,,
47.87,REGROUND,10.18,-0.23,-9.58,12.48,-0.01,1,0,,,,0.239,0.017,1.6,13.26,-0.01,,,
47.92,REGROUND,10.18,-0.23,-9.58,12.49,-0.01,1,0,,,,0.245,0.018,0.8,13.26,-0.01,,,
47.97,REGROUND,10.2,-0.23,-9.58,12.51,-0.01,1,0,,,,0.239,0.017,1.4,13.26,-0.01,,,
48.02,REGROUND,10.2,-0.23,-9.58,12.52,-0.01,1,0,,,,0.245,0.018,0.9,13.26,-0.01,,,
48.07,REGROUND,10.23,-0.23,-9.58,12.53,-0.01,1,0,,,,0.239,0.017,1.4,13.26,-0.01,,,
48.12,REGROUND,10.23,-0.23,-9.58,12.54,-0.01,1,0,,,,0.245,0.018,1.0,13.26,-0.01,,,
48.17,REGROUND,10.25,-0.23,-9.58,12.56,-0.01,1,0,,,,0.239,0.017,1.6,13.26,-0.01,,,
48.22,REGROUND,10.25,-0.23,-9.58,12.57,-0.01,1,0,,,,0.245,0.018,1.0,13.26,-0.01,,,
48.27,REGROUND,10.28,-0.23,-9.58,12.58,-0.01,1,0,,,,0.239,0.017,1.7,13.26,-0.01,,,
48.32,REGROUND,10.28,-0.23,-9.58,12.59,-0.01,1,0,,,,0.245,0.018,1.1,13.26,-0.01,,,
48.37,REGROUND,10.3,-0.24,-9.58,12.61,-0.01,1,0,,,,0.239,0.017,1.7,13.26,-0.01,,,
48.42,REGROUND,10.3,-0.24,-9.58,12.62,-0.01,1,0,,,,0.245,0.018,1.0,13.26,-0.01,,,
48.47,REGROUND,10.32,-0.24,-9.58,12.63,-0.01,1,0,,,,0.239,0.017,1.8,13.26,-0.01,,,
48.52,REGROUND,10.32,-0.24,-9.58,12.64,-0.01,1,0,,,,0.245,0.018,1.0,13.26,-0.01,,,
48.57,REGROUND,10.35,-0.24,-9.58,12.66,-0.01,1,0,,,,0.239,0.018,1.6,13.26,-0.01,,,
48.62,REGROUND,10.35,-0.24,-9.58,12.67,-0.01,1,0,,,,0.245,0.018,0.9,13.26,-0.01,,,
48.67,REGROUND,10.37,-0.24,-9.58,12.68,-0.01,1,0,,,,0.239,0.018,1.6,13.26,-0.01,,,
48.72,REGROUND,10.37,-0.24,-9.58,12.7,-0.01,1,0,,,,0.245,0.018,3.4,13.26,-0.01,,,
48.77,REGROUND,10.4,-0.24,-9.58,12.71,-0.01,1,0,,,,0.239,0.018,1.6,13.26,-0.01,,,
48.82,REGROUND,10.4,-0.24,-9.58,12.72,-0.01,1,0,,,,0.245,0.019,1.0,13.26,-0.01,,,
48.87,REGROUND,10.42,-0.24,-9.58,12.73,-0.01,1,0,,,,0.239,0.018,1.6,13.26,-0.01,,,
48.92,REGROUND,10.42,-0.24,-9.58,12.75,-0.01,1,0,,,,0.245,0.019,1.0,13.26,-0.01,,,
48.97,REGROUND,10.44,-0.25,-9.58,12.76,-0.01,1,0,,,,0.239,0.018,1.6,13.26,-0.01,,,
49.02,REGROUND,10.44,-0.25,-9.58,12.77,-0.01,1,0,,,,0.245,0.019,0.8,13.26,-0.01,,,
49.07,REGROUND,10.47,-0.25,-9.58,12.78,-0.01,1,0,,,,0.239,0.019,1.5,13.26,-0.01,,,
49.12,REGROUND,10.47,-0.25,-9.58,12.8,-0.01,1,0,,,,0.245,0.019,0.9,13.26,-0.01,,,
49.17,REGROUND,10.49,-0.25,-9.58,12.81,-0.01,1,0,,,,0.239,0.019,1.5,13.26,-0.01,,,
49.22,REGROUND,10.49,-0.25,-9.58,12.82,-0.01,1,0,,,,0.245,0.019,0.9,13.26,-0.01,,,
49.27,REGROUND,10.52,-0.25,-9.58,12.83,-0.01,1,0,,,,0.239,0.019,1.5,13.26,-0.01,,,
49.32,REGROUND,10.52,-0.25,-9.58,12.85,-0.01,1,0,,,,0.245,0.019,1.0,13.26,-0.01,,,
49.37,REGROUND,10.54,-0.25,-9.58,12.86,-0.01,1,0,,,,0.239,0.019,1.5,13.26,-0.01,,,
49.42,REGROUND,10.54,-0.25,-9.58,12.87,-0.01,1,0,,,,0.245,0.02,0.8,13.26,-0.01,,,
49.47,REGROUND,10.57,-0.25,-9.58,12.88,-0.01,1,0,,,,0.239,0.019,1.4,13.26,-0.01,,,
49.52,REGROUND,10.57,-0.25,-9.58,12.9,-0.01,1,0,,,,0.245,0.02,1.0,13.26,-0.01,,,
49.57,REGROUND,10.59,-0.25,-9.58,12.91,-0.01,1,0,,,,0.239,0.019,1.4,13.26,-0.01,,,
49.62,REGROUND,10.59,-0.25,-9.58,12.92,-0.01,1,0,,,,0.245,0.02,1.0,13.26,-0.01,,,
49.68,REGROUND,10.61,-0.26,-9.58,12.93,-0.01,1,0,,,,0.239,0.019,1.6,13.26,-0.01,,,
49.73,REGROUND,10.61,-0.26,-9.58,12.95,-0.01,1,0,,,,0.245,0.02,1.0,13.26,-0.01,,,
49.78,REGROUND,10.64,-0.26,-9.58,12.96,-0.01,1,0,,,,0.239,0.019,1.4,13.26,-0.01,,,
49.83,REGROUND,10.64,-0.26,-9.58,12.97,-0.01,1,0,,,,0.245,0.02,1.0,13.26,-0.01,,,
49.88,REGROUND,10.66,-0.26,-9.58,12.98,-0.01,1,0,,,,0.239,0.019,1.4,13.26,-0.01,,,
49.93,REGROUND,10.66,-0.26,-9.58,13.0,-0.01,1,0,,,,0.245,0.019,0.9,13.26,-0.01,,,
49.98,REGROUND,10.69,-0.26,-9.58,13.01,-0.01,1,0,,,,0.239,0.019,1.5,13.26,-0.01,,,
50.03,REGROUND,10.69,-0.26,-9.58,13.02,-0.01,1,0,,,,0.245,0.019,0.9,13.26,-0.01,,,
50.08,REGROUND,10.71,-0.26,-9.58,13.03,-0.01,1,0,,,,0.239,0.019,1.7,13.26,-0.01,,,
50.13,REGROUND,10.71,-0.26,-9.58,13.05,-0.01,1,0,,,,0.245,0.019,0.9,13.26,-0.01,,,
50.18,REGROUND,10.73,-0.26,-9.58,13.06,-0.01,1,0,,,,0.239,0.018,1.6,13.26,-0.01,,,
50.23,REGROUND,10.73,-0.26,-9.58,13.07,-0.01,1,0,,,,0.245,0.019,1.0,13.26,-0.01,,,
50.28,REGROUND,10.76,-0.26,-9.58,13.08,-0.01,1,0,,,,0.239,0.018,1.4,13.26,-0.01,,,
50.33,REGROUND,10.76,-0.26,-9.58,13.1,-0.01,1,0,,,,0.245,0.018,1.0,13.26,-0.01,,,
50.38,REGROUND,10.78,-0.26,-9.58,13.11,-0.01,1,0,,,,0.238,0.018,1.5,13.26,-0.01,,,
50.43,REGROUND,10.78,-0.26,-9.58,13.12,-0.01,1,0,,,,0.244,0.018,0.8,13.26,-0.01,,,
50.48,REGROUND,10.81,-0.26,-9.58,13.13,-0.01,1,0,,,,0.238,0.018,1.5,13.26,-0.01,,,
50.53,REGROUND,10.81,-0.26,-9.58,13.15,-0.01,1,0,,,,0.244,0.018,0.9,13.26,-0.01,,,
50.58,REGROUND,10.83,-0.26,-9.58,13.16,-0.01,1,0,,,,0.238,0.018,1.5,13.26,-0.01,,,
50.63,REGROUND,10.83,-0.26,-9.58,13.17,-0.01,1,0,,,,0.244,0.018,0.9,13.26,-0.01,,,
50.68,REGROUND,10.86,-0.26,-9.58,13.18,-0.01,1,0,,,,0.238,0.017,1.5,13.26,-0.01,,,
50.73,REGROUND,10.86,-0.26,-9.58,13.2,-0.01,1,0,,,,0.244,0.018,0.9,13.26,-0.01,,,
50.78,REGROUND,10.88,-0.27,-9.58,13.21,-0.01,1,0,,,,0.238,0.017,1.5,13.26,-0.01,,,
50.83,REGROUND,10.88,-0.27,-9.58,13.22,-0.01,1,0,,,,0.244,0.018,1.0,13.26,-0.01,,,
50.88,REGROUND,10.91,-0.27,-9.58,13.23,-0.01,1,0,,,,0.238,0.017,1.4,13.26,-0.01,,,
50.93,REGROUND,10.91,-0.27,-9.58,13.25,-0.01,1,0,,,,0.244,0.018,1.0,13.26,-0.01,,,
50.98,REGROUND,10.93,-0.27,-9.58,13.26,-0.01,1,0,,,,0.238,0.017,1.6,13.26,-0.01,,,
51.03,REGROUND,10.93,-0.27,-9.58,13.27,-0.01,1,0,,,,0.244,0.018,3.3,13.26,-0.01,,,
51.08,REGROUND,10.95,-0.27,-9.58,13.28,-0.01,1,0,,,,0.238,0.017,1.5,13.26,-0.01,,,
51.13,REGROUND,10.95,-0.27,-9.58,13.3,-0.01,1,0,,,,0.244,0.018,0.9,13.26,-0.01,,,
51.18,REGROUND,10.98,-0.27,-9.58,13.31,-0.01,1,0,,,,0.238,0.017,1.5,13.26,-0.01,,,
51.23,REGROUND,10.98,-0.27,-9.58,13.32,-0.01,1,0,,,,0.244,0.018,0.8,13.26,-0.01,,,
51.28,REGROUND,11.0,-0.27,-9.58,13.33,-0.01,1,0,,,,0.238,0.017,1.7,13.26,-0.01,,,
51.33,REGROUND,11.0,-0.27,-9.58,13.35,-0.01,1,0,,,,0.244,0.018,1.0,13.26,-0.01,,,
51.38,REGROUND,11.03,-0.27,-9.58,13.36,-0.01,1,0,,,,0.238,0.017,1.5,13.26,-0.01,,,
51.43,REGROUND,11.03,-0.27,-9.58,13.37,-0.01,1,0,,,,0.244,0.018,1.0,13.26,-0.01,,,
51.48,REGROUND,11.05,-0.27,-9.58,13.38,-0.01,1,0,,,,0.237,0.017,1.6,13.26,-0.01,,,
51.53,REGROUND,11.05,-0.27,-9.58,13.4,-0.01,1,0,,,,0.244,0.018,1.0,13.26,-0.01,,,
51.58,REGROUND,11.08,-0.28,-9.58,13.41,-0.01,1,0,,,,0.237,0.017,1.6,13.26,-0.01,,,
51.63,REGROUND,11.08,-0.28,-9.58,13.42,-0.01,1,0,,,,0.243,0.018,1.0,13.26,-0.01,,,
51.68,REGROUND,11.1,-0.28,-9.58,13.43,-0.01,1,0,,,,0.238,0.017,1.6,13.26,-0.01,,,
51.73,REGROUND,11.1,-0.28,-9.58,13.45,-0.01,1,0,,,,0.244,0.018,0.9,13.26,-0.01,,,
51.78,REGROUND,11.12,-0.28,-9.58,13.46,-0.01,1,0,,,,0.237,0.017,1.5,13.26,-0.01,,,
51.83,REGROUND,11.12,-0.28,-9.58,13.47,-0.01,1,0,,,,0.244,0.018,0.9,13.26,-0.01,,,
51.88,REGROUND,11.15,-0.28,-9.58,13.48,-0.01,1,0,,,,0.237,0.017,1.4,13.26,-0.01,,,
51.93,REGROUND,11.15,-0.28,-9.58,13.5,-0.01,1,0,,,,0.244,0.018,0.7,13.26,-0.01,,,
51.98,REGROUND,11.17,-0.28,-9.58,13.51,-0.01,1,0,,,,0.237,0.017,1.7,13.26,-0.01,,,
52.03,REGROUND,11.17,-0.28,-9.58,13.52,-0.01,1,0,,,,0.244,0.018,1.0,13.26,-0.01,,,
52.08,REGROUND,11.2,-0.28,-9.58,13.53,-0.01,1,0,,,,0.238,0.017,1.6,13.26,-0.01,,,
52.13,REGROUND,11.2,-0.28,-9.58,13.55,-0.01,1,0,,,,0.244,0.018,1.0,13.26,-0.01,,,
52.18,REGROUND,11.22,-0.28,-9.58,13.56,-0.01,1,0,,,,0.238,0.018,1.6,13.26,-0.01,,,
52.23,REGROUND,11.22,-0.28,-9.58,13.57,-0.01,1,0,,,,0.244,0.018,1.0,13.26,-0.01,,,
52.28,REGROUND,11.24,-0.29,-9.58,13.58,-0.01,1,0,,,,0.238,0.018,1.6,13.26,-0.01,,,
52.33,REGROUND,11.24,-0.29,-9.58,13.6,-0.01,1,0,,,,0.244,0.018,0.9,13.26,-0.01,,,
52.38,REGROUND,11.27,-0.29,-9.58,13.61,-0.01,1,0,,,,0.238,0.018,1.5,13.26,-0.01,,,
52.43,REGROUND,11.27,-0.29,-9.58,13.62,-0.01,1,0,,,,0.244,0.018,0.9,13.26,-0.01,,,
52.48,REGROUND,11.29,-0.29,-9.58,13.63,-0.01,1,0,,,,0.238,0.018,1.5,13.26,-0.01,,,
52.53,REGROUND,11.29,-0.29,-9.58,13.65,-0.01,1,0,,,,0.244,0.019,0.9,13.26,-0.01,,,
52.58,REGROUND,11.32,-0.29,-9.58,13.66,-0.01,1,0,,,,0.238,0.018,1.5,13.26,-0.01,,,
52.63,REGROUND,11.32,-0.29,-9.58,13.67,-0.01,1,0,,,,0.244,0.019,1.0,13.26,-0.01,,,
52.68,REGROUND,11.34,-0.29,-9.58,13.68,-0.01,1,0,,,,0.238,0.018,1.5,13.26,-0.01,,,
52.73,REGROUND,11.34,-0.29,-9.58,13.7,-0.01,1,0,,,,0.244,0.019,1.0,13.26,-0.01,,,
52.78,REGROUND,11.36,-0.29,-9.58,13.71,-0.01,1,0,,,,0.238,0.019,1.7,13.26,-0.01,,,
52.83,REGROUND,11.36,-0.29,-9.58,13.72,-0.01,1,0,,,,0.244,0.019,1.0,13.26,-0.01,,,
52.88,REGROUND,11.39,-0.3,-9.58,13.73,-0.01,1,0,,,,0.238,0.019,1.4,13.26,-0.01,,,
52.93,REGROUND,11.39,-0.3,-9.58,13.75,-0.01,1,0,,,,0.244,0.019,1.0,13.26,-0.01,,,
52.98,REGROUND,11.41,-0.3,-9.58,13.76,-0.01,1,0,,,,0.239,0.019,1.6,13.26,-0.01,,,
53.03,REGROUND,11.41,-0.3,-9.58,13.77,-0.01,1,0,,,,0.245,0.019,1.0,13.26,-0.01,,,
53.08,REGROUND,11.44,-0.3,-9.58,13.78,-0.01,1,0,,,,0.239,0.019,1.5,13.26,-0.01,,,
53.13,REGROUND,11.44,-0.3,-9.58,13.8,-0.01,1,0,,,,0.245,0.019,1.0,13.26,-0.01,,,
53.18,REGROUND,11.46,-0.3,-9.58,13.81,-0.01,1,0,,,,0.239,0.019,1.6,13.26,-0.01,,,
53.23,REGROUND,11.46,-0.3,-9.58,13.82,-0.01,1,0,,,,0.245,0.019,0.9,13.26,-0.01,,,
53.28,REGROUND,11.48,-0.3,-9.58,13.83,-0.01,1,0,,,,0.239,0.019,1.5,13.26,-0.01,,,
53.33,REGROUND,11.48,-0.3,-9.58,13.85,-0.01,1,0,,,,0.245,0.019,0.9,13.26,-0.01,,,
53.38,REGROUND,11.51,-0.3,-9.58,13.86,-0.01,1,0,,,,0.239,0.019,1.5,13.26,-0.01,,,
53.43,REGROUND,11.51,-0.3,-9.58,13.87,-0.01,1,0,,,,0.245,0.019,3.8,13.26,-0.01,,,
53.48,REGROUND,11.53,-0.3,-9.58,13.88,-0.01,1,0,,,,0.239,0.019,1.6,13.26,-0.01,,,
53.53,REGROUND,11.53,-0.3,-9.58,13.9,-0.01,1,0,,,,0.245,0.019,1.0,13.26,-0.01,,,
53.58,REGROUND,11.56,-0.3,-9.58,13.91,-0.01,1,0,,,,0.239,0.018,1.7,13.26,-0.01,,,
53.63,REGROUND,11.56,-0.3,-9.58,13.92,-0.01,1,0,,,,0.245,0.019,1.0,13.26,-0.01,,,
53.68,REGROUND,11.58,-0.3,-9.58,13.93,-0.01,1,0,,,,0.239,0.018,1.4,13.26,-0.01,,,
53.73,REGROUND,11.58,-0.3,-9.58,13.95,-0.01,1,0,,,,0.245,0.019,1.0,13.26,-0.01,,,
53.78,REGROUND,11.6,-0.3,-9.58,13.96,-0.01,1,0,,,,0.239,0.018,1.6,13.26,-0.01,,,
53.83,REGROUND,11.6,-0.3,-9.58,13.97,-0.01,1,0,,,,0.245,0.018,1.0,13.26,-0.01,,,
53.88,REGROUND,11.63,-0.31,-9.58,13.98,-0.01,1,0,,,,0.239,0.018,1.5,13.26,-0.01,,,
53.93,REGROUND,11.63,-0.31,-9.58,14.0,-0.01,1,0,,,,0.245,0.018,0.9,13.26,-0.01,,,
53.98,REGROUND,11.65,-0.31,-9.58,14.01,-0.01,1,0,,,,0.239,0.017,1.5,13.26,-0.01,,,
54.03,REGROUND,11.65,-0.31,-9.58,14.02,-0.01,1,0,,,,0.245,0.018,0.9,13.26,-0.01,,,
54.08,REGROUND,11.68,-0.31,-9.58,14.03,-0.01,1,0,,,,0.239,0.017,1.5,13.26,-0.01,,,
54.13,REGROUND,11.68,-0.31,-9.58,14.05,-0.01,1,0,,,,0.245,0.018,0.9,13.26,-0.01,,,
54.18,REGROUND,11.7,-0.31,-9.58,14.06,-0.01,1,0,,,,0.239,0.017,1.5,13.26,-0.01,,,
54.23,REGROUND,11.7,-0.31,-9.58,14.07,-0.01,1,0,,,,0.245,0.017,1.0,13.26,-0.01,,,
54.28,REGROUND,11.72,-0.31,-9.58,14.08,-0.01,1,0,,,,0.24,0.017,1.4,13.26,-0.01,,,
54.33,REGROUND,11.72,-0.31,-9.58,14.1,-0.01,1,0,,,,0.246,0.017,1.0,13.26,-0.01,,,
54.38,REGROUND,11.75,-0.31,-9.58,14.11,-0.01,1,0,,,,0.239,0.017,1.7,13.26,-0.01,,,
54.43,REGROUND,11.75,-0.31,-9.58,14.12,-0.01,1,0,,,,0.246,0.017,1.0,13.26,-0.01,,,
54.48,REGROUND,11.77,-0.31,-9.58,14.13,-0.01,1,0,,,,0.24,0.017,1.5,13.26,-0.01,,,
54.53,REGROUND,11.77,-0.31,-9.58,14.15,-0.01,1,0,,,,0.246,0.017,1.0,13.26,-0.01,,,
54.58,REGROUND,11.8,-0.31,-9.58,14.16,-0.01,1,0,,,,0.239,0.017,1.5,13.26,-0.01,,,
54.63,REGROUND,11.8,-0.31,-9.58,14.17,-0.01,1,0,,,,0.245,0.017,0.9,13.26,-0.01,,,
54.68,REGROUND,11.82,-0.31,-9.58,14.18,-0.01,1,0,,,,0.239,0.017,1.5,13.26,-0.01,,,
54.73,REGROUND,11.82,-0.31,-9.58,14.2,-0.01,1,0,,,,0.245,0.017,0.9,13.26,-0.01,,,
54.78,REGROUND,11.85,-0.32,-9.58,14.21,-0.01,1,0,,,,0.239,0.017,1.5,13.26,-0.01,,,
54.83,REGROUND,11.85,-0.32,-9.58,14.22,-0.01,1,0,,,,0.245,0.017,0.8,13.26,-0.01,,,
54.88,REGROUND,11.87,-0.32,-9.58,14.23,-0.01,1,0,,,,0.239,0.017,1.5,13.26,-0.01,,,
54.93,REGROUND,11.87,-0.32,-9.58,14.25,-0.01,1,0,,,,0.245,0.017,1.0,13.26,-0.01,,,
54.98,REGROUND,11.9,-0.32,-9.58,14.26,-0.01,1,0,,,,0.238,0.017,1.6,13.26,-0.01,,,
55.03,REGROUND,11.9,-0.32,-9.58,14.27,-0.01,1,0,,,,0.245,0.017,1.0,13.26,-0.01,,,
55.08,REGROUND,11.92,-0.32,-9.58,14.28,-0.01,1,0,,,,0.238,0.017,1.6,13.26,-0.01,,,
55.13,REGROUND,11.92,-0.32,-9.58,14.3,-0.01,1,0,,,,0.245,0.018,1.0,13.26,-0.01,,,
55.18,REGROUND,11.94,-0.32,-9.58,14.31,-0.01,1,0,,,,0.238,0.017,1.6,13.26,-0.01,,,
55.23,REGROUND,11.94,-0.32,-9.58,14.32,-0.01,1,0,,,,0.244,0.018,0.9,13.26,-0.01,,,
55.28,REGROUND,11.97,-0.32,-9.58,14.34,-0.01,1,0,,,,0.238,0.017,1.6,13.26,-0.01,,,
55.33,REGROUND,11.97,-0.32,-9.58,14.35,-0.01,1,0,,,,0.244,0.018,0.9,13.26,-0.01,,,
55.38,REGROUND,11.99,-0.32,-9.58,14.36,-0.01,1,0,,,,0.238,0.017,1.4,13.26,-0.01,,,
55.43,REGROUND,11.99,-0.32,-9.58,14.37,-0.01,1,0,,,,0.244,0.018,0.7,13.26,-0.01,,,
55.48,REGROUND,12.02,-0.32,-9.58,14.39,-0.01,1,0,,,,0.238,0.017,1.5,13.26,-0.01,,,
55.53,REGROUND,12.02,-0.32,-9.58,14.4,-0.01,1,0,,,,0.244,0.018,0.9,13.26,-0.01,,,
55.58,REGROUND,12.04,-0.33,-9.58,14.41,-0.01,1,0,,,,0.238,0.017,1.6,13.26,-0.01,,,
55.63,REGROUND,12.04,-0.33,-9.58,14.42,-0.01,1,0,,,,0.244,0.018,1.0,13.26,-0.01,,,
55.68,CARRY,12.07,-0.33,-9.58,14.44,-0.01,1,0,,,,-0.143,0.318,224.0,13.26,-0.01,,,
55.91,CARRY,12.11,-0.33,-9.58,14.49,-0.01,1,0,351.5,145.0,100.1,1.9,0.63,48.3,13.26,-0.01,39.3,31.7,10.5
55.96,CARRY,12.14,-0.33,-9.58,14.5,-0.01,1,0,351.5,145.5,99.6,1.89,0.63,47.1,13.26,-0.01,39.1,32.7,10.5
56.01,CARRY,12.14,-0.33,-9.58,14.52,-0.01,1,0,351.5,145.5,99.6,1.89,0.63,48.0,13.26,-0.01,39.8,32.7,10.5
56.06,CARRY,12.16,-0.33,-9.58,14.53,-0.01,1,0,351.5,146.0,99.1,1.88,0.63,48.4,13.26,-0.01,39.7,33.5,10.438
56.11,CARRY,12.16,-0.33,-9.58,14.54,-0.01,1,0,351.5,146.0,99.1,1.88,0.63,47.8,13.26,-0.01,40.4,33.5,10.438
56.16,CARRY,12.19,-0.33,-9.58,14.55,-0.01,1,0,352.0,147.0,98.4,1.86,0.64,48.2,13.26,-0.01,40.6,34.0,10.375
56.21,CARRY,12.19,-0.33,-9.58,14.57,-0.01,1,0,352.0,147.0,98.4,1.86,0.64,47.8,13.26,-0.01,41.4,34.0,10.375
56.26,CARRY,12.21,-0.33,-9.58,14.58,-0.01,1,0,351.5,147.5,97.7,1.85,0.63,48.6,13.26,-0.01,41.1,35.0,10.375
56.31,CARRY,12.21,-0.33,-9.58,14.59,-0.01,1,0,351.5,147.5,97.7,1.85,0.63,47.8,13.26,-0.01,41.8,35.0,10.438
56.36,CARRY,12.25,-0.33,-9.58,14.6,-0.01,1,0,352.0,148.0,97.4,1.84,0.64,48.8,13.26,-0.01,41.0,36.6,10.375
56.41,CARRY,12.25,-0.33,-9.58,14.62,-0.01,1,0,352.0,148.0,97.4,1.84,0.64,48.4,13.26,-0.01,41.7,36.6,10.312
56.46,CARRY,12.29,-0.32,-9.58,14.63,-0.01,1,0,351.0,150.0,95.2,1.8,0.62,48.4,13.26,-0.01,41.8,37.2,10.312
56.51,CARRY,12.29,-0.32,-9.58,14.64,-0.01,1,0,351.0,150.0,95.2,1.8,0.62,47.6,13.26,-0.01,42.5,37.2,10.375
56.56,CARRY,12.36,-0.3,-9.58,14.65,-0.01,1,0,350.5,152.0,93.1,1.76,0.61,48.6,13.26,-0.01,41.6,38.9,10.312
56.61,CARRY,12.36,-0.3,-9.58,14.67,-0.01,1,0,350.5,152.0,93.1,1.76,0.61,48.0,13.26,-0.01,42.3,38.9,10.312
56.66,CARRY,12.44,-0.29,-9.58,14.68,-0.01,1,0,349.0,154.0,90.8,1.72,0.58,48.5,13.26,-0.01,40.4,41.6,10.25
56.71,CARRY,12.44,-0.29,-9.58,14.69,-0.01,1,0,349.0,154.0,90.8,1.72,0.58,47.8,13.26,-0.01,41.1,41.6,10.25
56.76,CARRY,12.55,-0.26,-9.58,14.7,-0.01,1,0,347.0,157.5,86.8,1.65,0.54,48.6,13.26,-0.01,39.5,43.8,10.25
56.81,CARRY,12.55,-0.26,-9.58,14.72,-0.01,1,0,347.0,157.5,86.8,1.65,0.54,47.7,13.26,-0.01,40.2,43.8,10.125
56.86,CARRY,12.67,-0.24,-9.58,14.73,-0.01,1,0,344.5,160.5,83.2,1.59,0.49,48.5,13.26,-0.01,37.2,47.6,10.125
56.91,CARRY,12.67,-0.24,-9.58,14.74,-0.01,1,0,344.5,160.5,83.2,1.59,0.49,47.9,13.26,-0.01,37.9,47.6,10.25
56.96,CARRY,12.8,-0.21,-9.58,14.75,-0.01,1,0,342.0,167.0,76.2,1.46,0.44,48.5,13.26,-0.01,37.7,48.6,10.188
57.01,CARRY,12.8,-0.21,-9.58,14.77,-0.01,1,0,342.0,163.5,79.6,1.53,0.44,47.8,13.26,-0.01,34.9,52.0,10.938
57.06,CARRY,12.95,-0.18,-9.58,14.78,-0.01,1,0,339.0,168.0,74.5,1.44,0.38,48.6,13.26,-0.01,32.2,55.5,10.938
57.11,CARRY,12.95,-0.18,-9.58,14.79,-0.01,1,0,339.0,168.0,74.5,1.44,0.38,47.7,13.26,-0.01,32.9,55.5,11.0
57.16,CARRY,13.1,-0.16,-9.58,14.8,-0.01,1,0,336.5,172.5,69.5,1.35,0.33,48.4,13.26,-0.01,29.8,59.3,10.75
57.21,CARRY,13.1,-0.16,-9.58,14.82,-0.01,1,0,336.0,172.5,69.4,1.35,0.32,47.8,13.26,-0.01,30.6,59.3,10.688
57.26,CARRY,13.25,-0.13,-9.58,14.83,-0.01,1,0,333.5,176.0,65.4,1.28,0.27,48.3,13.26,-0.01,26.4,64.3,10.562
57.31,CARRY,13.25,-0.13,-9.58,14.84,-0.01,1,0,333.0,177.0,64.3,1.26,0.26,47.7,13.26,-0.01,28.2,63.2,10.5
57.36,CARRY,13.4,-0.1,-9.58,14.85,-0.01,1,0,331.0,197.5,43.9,0.85,0.22,52.7,13.26,-0.01,40.5,51.5,10.375
57.41,CARRY,13.4,-0.1,-9.58,14.87,-0.01,1,0,331.5,197.5,44.0,0.85,0.23,49.8,13.26,-0.01,41.3,51.5,10.375
57.47,CARRY,13.55,-0.08,-9.58,14.88,-0.01,1,0,328.5,205.5,35.5,0.69,0.17,48.8,13.26,-0.01,41.6,51.9,10.25
57.52,CARRY,13.55,-0.08,-9.58,14.89,-0.01,1,0,328.5,205.5,35.5,0.69,0.17,47.7,13.26,-0.01,42.4,51.9,10.125
57.57,CARRY,13.7,-0.06,-9.58,14.91,-0.01,1,0,326.5,213.0,27.8,0.54,0.13,50.6,13.26,-0.01,42.3,52.6,10.0
57.62,CARRY,13.7,-0.06,-9.58,14.92,-0.01,1,0,326.5,212.5,28.3,0.55,0.13,47.7,13.26,-0.01,42.6,53.1,9.938
57.67,CARRY,13.84,-0.04,-9.58,14.93,-0.01,1,0,323.5,220.5,19.8,0.39,0.07,50.5,13.26,-0.01,43.6,52.8,9.938
57.72,CARRY,13.84,-0.04,-9.58,14.94,-0.01,1,0,323.5,220.5,19.8,0.39,0.07,47.8,13.26,-0.01,44.4,52.8,9.938
57.77,CARRY,13.97,-0.02,-9.58,14.96,-0.01,1,0,322.5,226.5,13.7,0.27,0.05,50.4,13.26,-0.01,43.6,54.3,10.0
57.82,CARRY,13.97,-0.02,-9.58,14.97,-0.01,1,0,322.5,226.5,13.7,0.27,0.05,47.9,13.26,-0.01,44.3,54.3,10.125
57.87,CARRY,14.08,-0.0,-9.58,14.98,-0.01,1,0,321.0,232.0,8.1,0.16,0.02,50.7,13.26,-0.01,43.9,55.5,10.062
57.92,CARRY,14.08,-0.0,-9.58,14.99,-0.01,1,0,321.0,232.0,8.1,0.16,0.02,48.4,13.26,-0.01,44.7,55.5,10.125
57.97,CARRY,14.19,0.01,-9.58,15.01,-0.01,1,0,319.5,238.0,2.1,0.04,-0.01,50.2,13.26,-0.01,45.5,55.4,10.125
58.02,CARRY,14.19,0.01,-9.58,15.02,-0.01,1,0,319.0,237.5,2.7,0.05,-0.02,48.3,13.26,-0.01,45.8,55.8,10.125
58.07,CARRY,14.28,0.02,-9.58,15.03,-0.01,1,0,318.5,242.0,2.5,-0.04,-0.03,50.2,13.26,-0.01,45.9,56.5,10.125
58.13,CARRY,14.28,0.02,-9.58,15.05,-0.01,1,0,318.5,242.0,2.5,-0.04,-0.03,48.3,13.26,-0.01,46.6,56.5,10.188
58.18,CARRY,14.35,0.03,-9.58,15.06,-0.01,1,0,317.5,245.5,6.0,-0.11,-0.05,50.9,13.26,-0.01,46.6,57.2,10.125
58.23,CARRY,14.35,0.03,-9.58,15.07,-0.01,1,0,317.5,245.5,6.0,-0.11,-0.05,48.5,13.26,-0.01,47.3,57.2,10.188
58.28,CARRY,14.41,0.04,-9.58,15.08,-0.01,1,0,316.0,248.5,9.4,-0.17,-0.08,50.9,13.26,-0.01,47.7,57.6,10.0
58.33,CARRY,14.41,0.04,-9.58,15.1,-0.01,1,0,316.0,248.5,9.4,-0.17,-0.08,48.0,13.26,-0.01,48.4,57.6,10.062
58.38,CARRY,14.46,0.04,-9.58,15.11,-0.01,1,0,315.0,251.0,12.1,-0.22,-0.1,51.2,13.26,-0.01,48.9,57.9,10.062
58.43,CARRY,14.46,0.04,-9.58,15.12,-0.01,1,0,315.0,250.5,11.6,-0.21,-0.1,49.7,13.26,-0.01,49.1,58.4,10.062
58.48,CARRY,14.5,0.04,-9.58,15.13,-0.01,1,0,315.0,251.5,12.5,-0.23,-0.1,51.0,13.26,-0.01,48.7,59.6,10.0
58.53,CARRY,14.5,0.04,-9.58,15.15,-0.01,1,0,315.0,251.5,12.5,-0.23,-0.1,49.8,13.26,-0.01,49.5,59.6,9.938
58.59,CARRY,14.53,0.05,-9.58,15.16,-0.01,1,0,315.5,252.5,13.3,-0.25,-0.09,50.8,13.26,-0.01,49.6,60.2,9.938
58.64,CARRY,14.53,0.05,-9.58,15.17,-0.01,1,0,315.5,252.5,13.3,-0.25,-0.09,50.0,13.26,-0.01,50.3,60.2,9.875
58.69,CARRY,14.55,0.05,-9.58,15.19,-0.01,1,0,315.5,253.0,13.8,-0.26,-0.09,50.5,13.26,-0.01,50.6,60.7,9.875
58.74,CARRY,14.55,0.05,-9.58,15.2,-0.01,1,0,315.0,252.0,13.0,-0.24,-0.1,50.0,13.26,-0.01,50.4,61.6,9.875
58.79,CARRY,14.55,0.05,-9.58,15.21,-0.01,1,0,315.0,253.0,13.9,-0.26,-0.1,49.8,13.26,-0.01,51.6,61.1,9.875
58.84,CARRY,14.56,0.04,-9.58,15.22,-0.01,1,0,315.0,252.0,13.0,-0.24,-0.1,51.0,13.26,-0.01,51.2,62.2,9.812
58.89,CARRY,14.56,0.04,-9.58,15.24,-0.01,1,0,315.5,252.0,12.8,-0.24,-0.09,48.9,13.26,-0.01,51.9,62.3,9.875
58.94,CARRY,14.55,0.04,-9.58,15.25,-0.01,1,0,315.0,252.0,13.0,-0.24,-0.1,51.2,13.26,-0.01,52.9,62.0,9.875
59.0,CARRY,14.55,0.04,-9.58,15.26,-0.01,1,0,315.0,251.5,12.5,-0.23,-0.1,50.3,13.26,-0.01,53.1,62.5,9.875
59.05,CARRY,14.55,0.04,-9.58,15.28,-0.01,1,0,316.0,250.5,11.2,-0.21,-0.08,50.9,13.26,-0.01,53.2,63.2,9.875
59.1,CARRY,14.55,0.04,-9.58,15.29,-0.01,1,0,316.0,250.0,10.8,-0.2,-0.08,50.0,13.26,-0.01,53.5,63.7,9.875
59.15,CARRY,14.54,0.04,-9.58,15.3,-0.01,1,0,316.5,249.5,10.1,-0.19,-0.07,49.5,13.26,-0.01,54.2,63.7,9.812
59.2,CARRY,14.54,0.04,-9.58,15.31,-0.01,1,0,316.5,248.5,9.2,-0.17,-0.07,50.2,13.26,-0.01,54.0,64.7,9.75
59.25,CARRY,14.52,0.03,-9.58,15.33,-0.01,1,0,316.5,248.0,8.7,-0.16,-0.07,49.6,13.26,-0.01,55.0,64.4,9.75
59.3,CARRY,14.52,0.03,-9.58,15.34,-0.01,1,0,316.5,247.5,8.3,-0.15,-0.07,50.8,13.26,-0.01,55.2,64.9,9.812
59.35,CARRY,14.51,0.03,-9.58,15.35,-0.01,1,0,317.0,246.0,6.7,-0.12,-0.06,51.7,13.26,-0.01,55.2,65.7,9.875
59.41,CARRY,14.51,0.03,-9.58,15.37,-0.01,1,0,317.0,246.0,6.7,-0.12,-0.06,50.8,13.26,-0.01,55.9,65.7,9.875
59.46,CARRY,14.49,0.02,-9.58,15.38,-0.01,1,0,317.5,244.5,5.1,-0.09,-0.05,50.9,13.26,-0.01,56.0,66.4,10.0
59.51,CARRY,14.49,0.02,-9.58,15.39,-0.01,1,0,317.5,244.0,4.7,-0.08,-0.05,50.3,13.26,-0.01,56.2,66.9,9.938
59.56,CARRY,14.48,0.02,-9.58,15.4,-0.01,1,0,317.5,243.5,4.3,-0.07,-0.05,51.3,13.26,-0.01,57.3,66.6,9.938
59.61,CARRY,14.48,0.02,-9.58,15.42,-0.01,1,0,318.0,243.0,3.6,-0.06,-0.04,50.1,13.26,-0.01,57.5,67.2,9.938
59.67,CARRY,14.47,0.01,-9.58,15.43,-0.01,1,0,318.5,242.0,2.5,-0.04,-0.03,51.3,13.26,-0.01,57.9,67.4,9.875
59.72,CARRY,14.47,0.01,-9.58,15.44,-0.01,1,0,318.0,241.5,2.5,-0.03,-0.04,50.5,13.26,-0.01,58.2,67.9,9.875
59.77,CARRY,14.46,0.01,-9.58,15.46,-0.01,1,0,318.5,240.5,1.6,-0.01,-0.03,51.0,13.26,-0.01,58.6,68.3,9.938
59.82,CARRY,14.46,0.01,-9.58,15.47,-0.01,1,0,318.5,240.0,1.5,-0.0,-0.03,50.7,13.26,-0.01,58.8,68.8,9.875
59.87,CARRY,14.45,0.01,-9.58,15.48,-0.01,1,0,319.0,239.0,1.4,0.02,-0.02,50.6,13.26,-0.01,59.1,69.2,9.938
59.93,CARRY,14.45,0.01,-9.58,15.5,-0.01,1,0,319.5,238.5,1.6,0.03,-0.01,50.3,13.26,-0.01,59.3,69.8,9.875
59.98,CARRY,14.44,0.0,-9.58,15.51,-0.01,1,0,319.5,238.0,2.1,0.04,-0.01,50.7,13.26,-0.01,60.1,69.8,9.875
60.03,CARRY,14.44,0.0,-9.58,15.52,-0.01,1,0,319.5,237.5,2.5,0.05,-0.01,49.8,13.26,-0.01,60.3,70.3,9.812
60.08,CARRY,14.43,0.0,-9.58,15.53,-0.01,1,0,320.0,237.0,3.0,0.06,0.0,50.6,13.26,-0.01,60.9,70.4,9.75
60.13,CARRY,14.43,0.0,-9.58,15.55,-0.01,1,0,,,,-1.557,0.02,49.8,13.26,-0.01,,,9.812
60.18,CARRY,14.43,-0.0,-9.58,15.56,-0.01,1,0,,,,-1.555,0.022,51.0,13.26,-0.01,,,9.812
60.23,CARRY,14.43,-0.0,-9.58,15.57,-0.01,1,0,,,,-1.555,0.023,49.9,13.26,-0.01,,,9.812
60.28,CARRY,14.42,-0.01,-9.58,15.59,-0.01,1,0,,,,-1.553,0.025,50.9,13.26,-0.01,,,9.75
60.34,CARRY,14.42,-0.01,-9.58,15.6,-0.01,1,0,,,,-1.554,0.025,49.9,13.26,-0.01,,,9.812
60.39,CARRY,14.42,-0.01,-9.58,15.61,-0.01,1,0,,,,-1.553,0.027,51.2,13.26,-0.01,,,9.812
60.44,CARRY,14.42,-0.01,-9.58,15.62,-0.01,1,0,,,,-1.551,0.029,50.5,13.26,-0.01,,,9.75
60.49,CARRY,14.42,-0.01,-9.58,15.64,-0.01,1,0,,,,-1.551,0.03,49.7,13.26,-0.01,,,9.625
60.54,CARRY,14.42,-0.01,-9.58,15.65,-0.01,1,0,,,,-1.551,0.03,50.1,13.26,-0.01,,,9.625
60.59,CARRY,14.41,-0.01,-9.58,15.66,-0.01,1,0,,,,-1.547,0.032,50.6,13.26,-0.01,,,9.625
60.64,CARRY,14.41,-0.01,-9.58,15.68,-0.01,1,0,,,,-1.547,0.033,50.3,13.26,-0.01,,,9.625
60.7,CARRY,14.39,-0.01,-9.58,15.69,-0.01,1,0,,,,-1.536,0.034,50.6,13.26,-0.01,,,9.625
60.75,CARRY,14.35,-0.0,-9.58,15.7,-0.01,1,0,,,,-1.517,0.035,50.6,13.26,-0.01,,,9.75
60.8,CARRY,14.35,-0.0,-9.58,15.71,-0.01,1,0,,,,-1.517,0.036,49.9,13.26,-0.01,,,9.75
60.85,CARRY,14.29,0.01,-9.58,15.73,-0.01,1,0,,,,-1.488,0.036,50.1,13.26,-0.01,,,9.812
60.9,CARRY,14.29,0.01,-9.58,15.74,-0.01,1,0,,,,-1.488,0.036,50.1,13.26,-0.01,,,9.75
60.95,CARRY,14.22,0.02,-9.58,15.75,-0.01,1,0,,,,-1.45,0.036,51.8,13.26,-0.01,,,9.875
61.0,CARRY,14.22,0.02,-9.58,15.77,-0.01,1,0,,,,-1.45,0.037,50.7,13.26,-0.01,,,9.938
61.06,CARRY,14.12,0.03,-9.58,15.78,-0.01,1,0,,,,-1.403,0.036,48.4,13.26,-0.01,,,9.938
61.11,CARRY,14.12,0.03,-9.58,15.79,-0.01,1,0,,,,-1.403,0.037,47.9,13.26,-0.01,,,10.0
61.16,CARRY,14.02,0.05,-9.58,15.8,-0.01,1,0,,,,-1.35,0.037,50.7,13.26,-0.01,,,10.062
61.21,CARRY,14.02,0.05,-9.58,15.82,-0.01,1,0,,,,-1.35,0.037,48.6,13.26,-0.01,,,10.125
61.26,CARRY,13.9,0.06,-9.58,15.83,-0.01,1,0,,,,-1.292,0.037,49.3,13.26,-0.01,,,10.188
61.31,CARRY,13.9,0.06,-9.58,15.84,-0.01,1,0,,,,-1.292,0.037,49.8,13.26,-0.01,,,10.312
61.36,CARRY,13.78,0.08,-9.58,15.85,-0.01,1,0,,,,-1.232,0.037,52.2,13.26,-0.01,,,10.375
61.41,CARRY,13.78,0.08,-9.58,15.87,-0.01,1,0,,,,-1.232,0.037,50.3,13.26,-0.01,,,10.438
61.46,CARRY,13.66,0.1,-9.58,15.88,-0.01,1,0,,,,-1.169,0.036,50.1,13.26,-0.01,,,10.312
61.51,CARRY,13.66,0.1,-9.58,15.89,-0.01,1,0,,,,-1.169,0.037,49.8,13.26,-0.01,,,10.375
61.57,CARRY,13.53,0.12,-9.58,15.91,-0.01,1,0,,,,-1.105,0.036,51.5,13.26,-0.01,,,10.375
61.62,CARRY,13.53,0.12,-9.58,15.92,-0.01,1,0,,,,-1.105,0.037,48.4,13.26,-0.01,,,10.375
61.67,CARRY,13.41,0.14,-9.58,15.93,-0.01,1,0,,,,-1.041,0.036,48.8,13.26,-0.01,,,10.438
61.72,CARRY,13.41,0.14,-9.58,15.94,-0.01,1,0,,,,-1.041,0.036,50.5,13.26,-0.01,,,10.375
61.77,CARRY,13.28,0.16,-9.58,15.96,-0.01,1,0,,,,-0.978,0.035,47.9,13.26,-0.01,,,10.438
61.82,CARRY,13.28,0.16,-9.58,15.97,-0.01,1,0,,,,-0.978,0.036,50.5,13.26,-0.01,,,10.438
61.87,CARRY,13.16,0.17,-9.58,15.98,-0.01,1,0,,,,-0.916,0.035,48.7,13.26,-0.01,,,10.375
61.92,CARRY,13.16,0.17,-9.58,15.99,-0.01,1,0,,,,-0.916,0.035,48.3,13.26,-0.01,,,10.25
61.97,CARRY,13.04,0.19,-9.58,16.01,-0.01,1,0,,,,-0.855,0.034,50.7,13.26,-0.01,,,10.125
62.02,CARRY,13.04,0.19,-9.58,16.02,-0.01,1,0,,,,-0.855,0.035,47.6,13.26,-0.01,,,10.125
62.07,CARRY,12.92,0.21,-9.58,16.03,-0.01,1,0,,,,-0.797,0.034,51.1,13.26,-0.01,,,10.125
62.12,CARRY,12.92,0.21,-9.58,16.05,-0.01,1,0,,,,-0.797,0.034,48.9,13.26,-0.01,,,10.125
62.17,CARRY,12.81,0.23,-9.58,16.06,-0.01,1,0,,,,-0.74,0.033,49.0,13.26,-0.01,,,9.938
62.23,CARRY,12.81,0.23,-9.58,16.07,-0.01,1,0,,,,-0.74,0.034,48.2,13.26,-0.01,,,9.875
62.28,CARRY,12.7,0.25,-9.58,16.08,-0.01,1,0,,,,-0.685,0.033,48.4,13.26,-0.01,,,9.75
62.33,CARRY,12.7,0.25,-9.58,16.1,-0.01,1,0,,,,-0.685,0.033,48.6,13.26,-0.01,,,9.75
62.38,CARRY,12.6,0.26,-9.58,16.11,-0.01,1,0,,,,-0.633,0.033,49.3,13.26,-0.01,,,9.562
62.43,CARRY,12.6,0.26,-9.58,16.12,-0.01,1,0,,,,-0.633,0.033,51.1,13.26,-0.01,,,9.562
62.48,CARRY,12.5,0.28,-9.58,16.13,-0.01,1,0,,,,-0.584,0.032,49.0,13.26,-0.01,,,9.562
62.53,CARRY,12.5,0.28,-9.58,16.15,-0.01,1,0,,,,-0.584,0.032,47.9,13.26,-0.01,,,9.562
62.58,CARRY,12.41,0.29,-9.58,16.16,-0.01,1,0,,,,-0.538,0.032,49.5,13.26,-0.01,,,9.688
62.63,CARRY,12.41,0.29,-9.58,16.17,-0.01,1,0,,,,-0.538,0.032,49.8,13.26,-0.01,,,9.688
62.68,CARRY,12.32,0.31,-9.58,16.18,-0.01,1,0,,,,-0.493,0.031,48.4,13.26,-0.01,,,9.625
62.73,CARRY,12.32,0.31,-9.58,16.2,-0.01,1,0,,,,-0.494,0.032,48.7,13.26,-0.01,,,9.625
62.78,CARRY,12.24,0.32,-9.58,16.21,-0.01,1,0,,,,-0.452,0.031,49.3,13.26,-0.01,,,9.625
62.83,CARRY,12.24,0.32,-9.58,16.22,-0.01,1,0,,,,-0.452,0.031,47.9,13.26,-0.01,,,9.625
62.88,CARRY,12.16,0.34,-9.58,16.23,-0.01,1,0,,,,-0.413,0.03,51.1,13.26,-0.01,,,9.75
62.93,CARRY,12.16,0.34,-9.58,16.25,-0.01,1,0,,,,-0.413,0.031,48.0,13.26,-0.01,,,9.75
62.98,CARRY,12.09,0.35,-9.58,16.26,-0.01,1,0,,,,-0.377,0.03,51.6,13.26,-0.01,,,9.75
63.03,CARRY,12.09,0.35,-9.58,16.27,-0.01,1,0,,,,-0.377,0.031,47.6,13.26,-0.01,,,9.75
63.08,REGROUND,12.02,0.36,-9.58,16.29,-0.01,1,0,,,,-0.343,0.03,51.7,13.26,-0.01,,,9.75
63.14,REGROUND,12.02,0.36,-9.58,16.3,-0.01,1,0,,,,-0.343,0.03,3.5,13.26,-0.01,,,
63.19,REGROUND,11.96,0.37,-9.58,16.31,-0.01,1,0,,,,-0.311,0.03,1.5,13.26,-0.01,,,
63.24,REGROUND,11.96,0.37,-9.58,16.32,-0.01,1,0,,,,-0.311,0.03,1.0,13.26,-0.01,,,
63.29,REGROUND,11.9,0.38,-9.58,16.34,-0.01,1,0,,,,-0.281,0.029,1.7,13.26,-0.01,,,
63.34,REGROUND,11.9,0.38,-9.58,16.35,-0.01,1,0,,,,-0.281,0.03,1.0,13.26,-0.01,,,
63.39,REGROUND,11.85,0.39,-9.58,16.36,-0.01,1,0,,,,-0.254,0.029,1.5,13.26,-0.01,,,
63.44,REGROUND,11.85,0.39,-9.58,16.37,-0.01,1,0,,,,-0.254,0.03,0.8,13.26,-0.01,,,
63.49,REGROUND,11.8,0.4,-9.58,16.39,-0.01,1,0,,,,-0.229,0.029,1.6,13.26,-0.01,,,
63.54,REGROUND,11.8,0.4,-9.58,16.4,-0.01,1,0,,,,-0.229,0.03,0.9,13.26,-0.01,,,
63.59,REGROUND,11.75,0.41,-9.58,16.41,-0.01,1,0,,,,-0.205,0.029,1.6,13.26,-0.01,,,
63.64,REGROUND,11.75,0.41,-9.58,16.42,-0.01,1,0,,,,-0.205,0.029,1.0,13.26,-0.01,,,
63.69,REGROUND,11.71,0.41,-9.58,16.44,-0.01,1,0,,,,-0.184,0.029,1.6,13.26,-0.01,,,
63.74,REGROUND,11.71,0.41,-9.58,16.45,-0.01,1,0,,,,-0.184,0.029,0.9,13.26,-0.01,,,
63.79,REGROUND,11.67,0.42,-9.58,16.46,-0.01,1,0,,,,-0.164,0.029,1.6,13.26,-0.01,,,
63.84,REGROUND,11.67,0.42,-9.58,16.47,-0.01,1,0,,,,-0.164,0.029,1.0,13.26,-0.01,,,
63.89,REGROUND,11.64,0.43,-9.58,16.49,-0.01,1,0,,,,-0.146,0.029,1.6,13.26,-0.01,,,
63.94,REGROUND,11.64,0.43,-9.58,16.5,-0.01,1,0,,,,-0.146,0.029,1.0,13.26,-0.01,,,
63.99,REGROUND,11.6,0.44,-9.58,16.51,-0.01,1,0,,,,-0.129,0.029,1.6,13.26,-0.01,,,
64.04,REGROUND,11.6,0.44,-9.58,16.52,-0.01,1,0,,,,-0.129,0.029,1.0,13.26,-0.01,,,
64.09,REGROUND,11.57,0.44,-9.58,16.54,-0.01,1,0,,,,-0.114,0.028,1.6,13.26,-0.01,,,
64.14,REGROUND,11.57,0.44,-9.58,16.55,-0.01,1,0,,,,-0.114,0.029,1.0,13.26,-0.01,,,
64.19,REGROUND,11.55,0.45,-9.58,16.56,-0.01,1,0,,,,-0.101,0.028,1.6,13.26,-0.01,,,
64.24,REGROUND,11.55,0.45,-9.58,16.57,-0.01,1,0,,,,-0.101,0.029,0.9,13.26,-0.01,,,
64.29,REGROUND,11.52,0.45,-9.58,16.59,-0.01,1,0,,,,-0.088,0.028,1.6,13.26,-0.01,,,
64.34,REGROUND,11.52,0.45,-9.58,16.6,-0.01,1,0,,,,-0.088,0.029,0.9,13.26,-0.01,,,
64.39,REGROUND,11.5,0.46,-9.58,16.61,-0.01,1,0,,,,-0.077,0.028,1.4,13.26,-0.01,,,
64.44,REGROUND,11.5,0.46,-9.58,16.62,-0.01,1,0,,,,-0.077,0.028,0.7,13.26,-0.01,,,
64.49,REGROUND,11.48,0.46,-9.58,16.64,-0.01,1,0,,,,-0.067,0.027,1.6,13.26,-0.01,,,
64.54,REGROUND,11.48,0.46,-9.58,16.65,-0.01,1,0,,,,-0.067,0.028,0.9,13.26,-0.01,,,
64.59,REGROUND,11.46,0.47,-9.58,16.66,-0.01,1,0,,,,-0.058,0.027,1.8,13.26,-0.01,,,
64.64,REGROUND,11.46,0.47,-9.58,16.67,-0.01,1,0,,,,-0.058,0.028,1.0,13.26,-0.01,,,
64.69,REGROUND,11.45,0.47,-9.58,16.69,-0.01,1,0,,,,-0.05,0.027,1.5,13.26,-0.01,,,
64.74,REGROUND,11.45,0.47,-9.58,16.7,-0.01,1,0,,,,-0.05,0.027,1.0,13.26,-0.01,,,
64.79,REGROUND,11.43,0.48,-9.58,16.71,-0.01,1,0,,,,-0.043,0.027,1.6,13.26,-0.01,,,
64.84,REGROUND,11.43,0.48,-9.58,16.72,-0.01,1,0,,,,-0.043,0.027,1.0,13.26,-0.01,,,
64.89,REGROUND,11.42,0.48,-9.58,16.74,-0.01,1,0,,,,-0.037,0.026,1.6,13.26,-0.01,,,
64.94,REGROUND,11.42,0.48,-9.58,16.75,-0.01,1,0,,,,-0.037,0.027,1.0,13.26,-0.01,,,
64.99,REGROUND,11.41,0.49,-9.58,16.76,-0.01,1,0,,,,-0.031,0.026,1.6,13.26,-0.01,,,
65.04,REGROUND,11.41,0.49,-9.58,16.77,-0.01,1,0,,,,-0.031,0.026,0.9,13.26,-0.01,,,
65.09,REGROUND,11.4,0.49,-9.58,16.79,-0.01,1,0,,,,-0.026,0.025,1.8,13.26,-0.01,,,
65.14,REGROUND,11.4,0.49,-9.58,16.8,-0.01,1,0,,,,-0.026,0.026,0.9,13.26,-0.01,,,
65.19,REGROUND,11.39,0.49,-9.58,16.81,-0.01,1,0,,,,-0.022,0.025,1.5,13.26,-0.01,,,
65.24,REGROUND,11.39,0.49,-9.58,16.82,-0.01,1,0,,,,-0.022,0.025,1.0,13.26,-0.01,,,
65.29,REGROUND,11.38,0.5,-9.58,16.84,-0.01,1,0,,,,-0.018,0.024,1.6,13.26,-0.01,,,
65.34,REGROUND,11.38,0.5,-9.58,16.85,-0.01,1,0,,,,-0.018,0.025,1.0,13.26,-0.01,,,
65.39,CARRY,11.38,0.5,-9.58,16.86,-0.01,1,0,,,,-0.019,-0.129,207.0,13.26,-0.01,,,
65.6,CARRY,11.37,0.51,-9.58,16.91,-0.01,1,0,306.5,120.5,120.3,2.39,-0.27,47.3,13.26,-0.01,204.2,7.1,10.438
65.65,CARRY,11.37,0.51,-9.58,16.93,-0.01,1,0,,,,-0.01,-0.133,48.1,13.26,-0.01,,,10.438
65.7,CARRY,11.37,0.51,-9.58,16.94,-0.01,1,0,,,,-0.01,-0.133,48.5,13.26,-0.01,,,10.375
65.75,CARRY,11.36,0.52,-9.58,16.95,-0.01,1,0,,,,-0.009,-0.135,49.3,13.26,-0.01,,,10.375
65.8,CARRY,11.36,0.52,-9.58,16.96,-0.01,1,0,,,,-0.009,-0.135,49.0,13.26,-0.01,,,10.375
65.85,CARRY,11.36,0.52,-9.58,16.98,-0.01,1,0,,,,-0.008,-0.136,49.3,13.26,-0.01,,,10.375
65.9,CARRY,11.36,0.52,-9.58,16.99,-0.01,1,0,,,,-0.008,-0.137,49.0,13.26,-0.01,,,10.375
65.95,CARRY,11.36,0.52,-9.58,17.0,-0.01,1,0,,,,-0.007,-0.137,48.5,13.26,-0.01,,,10.312
66.0,CARRY,11.36,0.52,-9.58,17.01,-0.01,1,0,,,,-0.008,-0.137,48.0,13.26,-0.01,,,10.312
66.05,CARRY,11.36,0.51,-9.58,17.03,-0.01,1,0,,,,-0.007,-0.136,48.6,13.26,-0.01,,,10.312
66.1,CARRY,11.36,0.51,-9.58,17.04,-0.01,1,0,,,,-0.007,-0.136,47.8,13.26,-0.01,,,10.312
66.15,CARRY,11.36,0.51,-9.58,17.05,-0.01,1,0,,,,-0.007,-0.134,48.6,13.26,-0.01,,,10.312
66.2,CARRY,11.36,0.51,-9.58,17.06,-0.01,1,0,,,,-0.007,-0.134,47.9,13.26,-0.01,,,10.312
66.25,CARRY,11.35,0.5,-9.58,17.08,-0.01,1,0,,,,-0.007,-0.131,48.5,13.26,-0.01,,,10.312
66.3,CARRY,11.35,0.5,-9.58,17.09,-0.01,1,0,,,,-0.007,-0.131,47.9,13.26,-0.01,,,10.375
66.35,CARRY,11.35,0.49,-9.58,17.1,-0.01,1,0,,,,-0.007,-0.128,49.5,13.26,-0.01,,,10.312
66.4,CARRY,11.35,0.49,-9.58,17.11,-0.01,1,0,,,,-0.007,-0.128,48.7,13.26,-0.01,,,10.312
66.45,CARRY,11.35,0.49,-9.58,17.13,-0.01,1,0,,,,-0.007,-0.124,48.5,13.26,-0.01,,,10.312
66.5,CARRY,11.35,0.49,-9.58,17.14,-0.01,1,0,,,,-0.007,-0.124,47.7,13.26,-0.01,,,10.375
66.55,CARRY,11.35,0.48,-9.58,17.15,-0.01,1,0,,,,-0.007,-0.119,48.5,13.26,-0.01,,,10.375
66.6,CARRY,11.35,0.48,-9.58,17.16,-0.01,1,0,,,,-0.007,-0.12,48.1,13.26,-0.01,,,10.375
66.65,CARRY,11.35,0.46,-9.58,17.18,-0.01,1,0,,,,-0.007,-0.115,48.5,13.26,-0.01,,,10.312
66.7,CARRY,11.35,0.46,-9.58,17.19,-0.01,1,0,,,,-0.007,-0.115,48.0,13.26,-0.01,,,10.312
66.75,CARRY,11.35,0.45,-9.58,17.2,-0.01,1,0,,,,-0.008,-0.11,48.5,13.26,-0.01,,,10.312
66.8,CARRY,11.35,0.45,-9.58,17.21,-0.01,1,0,,,,-0.008,-0.11,48.4,13.26,-0.01,,,10.312
66.85,CARRY,11.35,0.44,-9.58,17.23,-0.01,1,0,,,,-0.008,-0.105,48.6,13.26,-0.01,,,10.312
66.9,CARRY,11.35,0.44,-9.58,17.24,-0.01,1,0,,,,-0.008,-0.106,48.2,13.26,-0.01,,,10.312
66.95,CARRY,11.34,0.43,-9.58,17.25,-0.01,1,0,,,,-0.008,-0.1,48.3,13.26,-0.01,,,10.25
67.0,CARRY,11.34,0.43,-9.58,17.26,-0.01,1,0,,,,-0.008,-0.101,48.3,13.26,-0.01,,,10.25
67.05,CARRY,11.34,0.42,-9.58,17.28,-0.01,1,0,,,,-0.008,-0.095,48.5,13.26,-0.01,,,10.25
67.1,CARRY,11.34,0.42,-9.58,17.29,-0.01,1,0,,,,-0.008,-0.096,48.2,13.26,-0.01,,,10.25
67.15,CARRY,11.34,0.41,-9.58,17.3,-0.01,1,0,,,,-0.008,-0.09,48.5,13.26,-0.01,,,10.5
67.2,CARRY,11.34,0.41,-9.58,17.31,-0.01,1,0,,,,-0.008,-0.091,48.3,13.26,-0.01,,,10.312
67.25,CARRY,11.34,0.4,-9.58,17.33,-0.01,1,0,,,,-0.008,-0.086,48.4,13.26,-0.01,,,10.375
67.3,CARRY,11.34,0.4,-9.58,17.34,-0.01,1,0,,,,-0.009,-0.086,48.3,13.26,-0.01,,,10.375
67.35,CARRY,11.34,0.39,-9.58,17.35,-0.01,1,0,,,,-0.009,-0.081,49.1,13.26,-0.01,,,10.312
67.4,CARRY,11.34,0.39,-9.58,17.36,-0.01,1,0,,,,-0.009,-0.081,50.1,13.26,-0.01,,,10.312
67.45,CARRY,11.34,0.38,-9.58,17.38,-0.01,1,0,,,,-0.009,-0.077,49.3,13.26,-0.01,,,10.25
67.5,CARRY,11.34,0.38,-9.58,17.39,-0.01,1,0,,,,-0.009,-0.077,48.7,13.26,-0.01,,,10.188
67.55,CARRY,11.34,0.37,-9.58,17.4,-0.01,1,0,,,,-0.009,-0.072,49.0,13.26,-0.01,,,10.125
67.6,CARRY,11.34,0.37,-9.58,17.41,-0.01,1,0,,,,-0.01,-0.073,48.3,13.26,-0.01,,,10.062
67.65,CARRY,11.34,0.36,-9.58,17.43,-0.01,1,0,,,,-0.01,-0.068,48.4,13.26,-0.01,,,10.0
67.7,CARRY,11.34,0.36,-9.58,17.44,-0.01,1,0,,,,-0.01,-0.069,48.1,13.26,-0.01,,,9.875
67.75,CARRY,11.33,0.35,-9.58,17.45,-0.01,1,0,,,,-0.01,-0.064,48.5,13.26,-0.01,,,9.875
67.8,CARRY,11.33,0.35,-9.58,17.46,-0.01,1,0,,,,-0.01,-0.064,48.4,13.26,-0.01,,,9.75
67.85,CARRY,11.33,0.34,-9.58,17.48,-0.01,1,0,,,,-0.01,-0.06,48.6,13.26,-0.01,,,9.75
67.9,CARRY,11.33,0.34,-9.58,17.49,-0.01,0,0,,,,-0.01,-0.061,48.5,13.26,-0.01,,,9.625
67.95,CARRY,11.33,0.33,-9.58,17.5,-0.01,0,0,,,,-0.011,-0.057,49.1,13.26,-0.01,,,9.625
68.0,CARRY,11.33,0.33,-9.58,17.51,-0.01,0,0,,,,-0.011,-0.057,48.6,13.26,-0.01,,,9.625
68.05,CARRY,11.33,0.32,-9.58,17.53,-0.01,0,0,,,,-0.011,-0.054,48.8,13.26,-0.01,,,9.688
68.1,CARRY,11.33,0.32,-9.58,17.54,-0.01,0,0,,,,-0.011,-0.054,48.3,13.26,-0.01,,,9.688
68.15,CARRY,11.33,0.32,-9.58,17.55,-0.01,0,0,,,,-0.011,-0.051,48.5,13.26,-0.01,,,9.5
68.2,CARRY,11.33,0.32,-9.58,17.56,-0.01,0,0,,,,-0.011,-0.051,48.4,13.26,-0.01,,,9.688
68.25,CARRY,11.33,0.31,-9.58,17.58,-0.01,0,0,,,,-0.011,-0.048,48.6,13.26,-0.01,,,9.812
68.3,CARRY,11.33,0.31,-9.58,17.59,-0.01,0,0,,,,-0.011,-0.048,48.2,13.26,-0.01,,,9.938
68.35,CARRY,11.33,0.3,-9.58,17.6,-0.01,0,0,,,,-0.011,-0.045,49.1,13.26,-0.01,,,10.062
68.4,CARRY,11.33,0.3,-9.58,17.62,-0.01,0,0,,,,-0.011,-0.045,48.5,13.26,-0.01,,,10.062
68.45,CARRY,11.33,0.29,-9.58,17.63,-0.01,0,0,,,,-0.011,-0.042,48.6,13.26,-0.01,,,9.875
68.5,CARRY,11.33,0.29,-9.58,17.64,-0.01,0,0,,,,-0.011,-0.043,48.2,13.26,-0.01,,,9.812
68.55,CARRY,11.33,0.29,-9.58,17.65,-0.01,0,0,,,,-0.011,-0.04,48.5,13.26,-0.01,,,9.625
68.6,REGROUND,11.33,0.29,-9.58,17.67,-0.01,0,0,,,,-0.011,-0.04,48.5,13.26,-0.01,,,9.625
68.65,REGROUND,11.32,0.28,-9.58,17.68,-0.01,0,0,,,,-0.011,-0.037,4.3,13.26,-0.01,,,
68.7,REGROUND,11.32,0.28,-9.58,17.69,-0.01,0,0,,,,-0.011,-0.038,0.7,13.26,-0.01,,,
68.75,REGROUND,11.32,0.28,-9.58,17.7,-0.01,0,0,,,,-0.011,-0.035,1.6,13.26,-0.01,,,
68.8,REGROUND,11.32,0.28,-9.58,17.72,-0.01,0,0,,,,-0.011,-0.036,0.9,13.26,-0.01,,,
68.85,REGROUND,11.32,0.27,-9.58,17.73,-0.01,0,0,,,,-0.011,-0.033,1.6,13.26,-0.01,,,
68.9,REGROUND,11.32,0.27,-9.58,17.74,-0.01,0,0,,,,-0.011,-0.034,0.9,13.26,-0.01,,,
68.95,REGROUND,11.32,0.27,-9.58,17.75,-0.01,0,0,,,,-0.011,-0.031,1.6,13.26,-0.01,,,
69.0,REGROUND,11.32,0.27,-9.58,17.77,-0.01,0,0,,,,-0.011,-0.032,1.0,13.26,-0.01,,,
69.05,REGROUND,11.32,0.26,-9.58,17.78,-0.01,0,0,,,,-0.011,-0.03,1.6,13.26,-0.01,,,
69.1,REGROUND,11.32,0.26,-9.58,17.79,-0.01,0,0,,,,-0.011,-0.03,1.0,13.26,-0.01,,,
69.15,REGROUND,11.32,0.26,-9.58,17.8,-0.01,0,0,,,,-0.012,-0.028,1.6,13.26,-0.01,,,
69.2,REGROUND,11.32,0.26,-9.58,17.82,-0.01,0,0,,,,-0.012,-0.028,1.0,13.26,-0.01,,,
69.25,REGROUND,11.32,0.25,-9.58,17.83,-0.01,0,0,,,,-0.011,-0.027,1.7,13.26,-0.01,,,
69.3,REGROUND,11.32,0.25,-9.58,17.84,-0.01,0,0,,,,-0.012,-0.027,1.0,13.26,-0.01,,,
69.35,REGROUND,11.32,0.25,-9.58,17.85,-0.01,0,0,,,,-0.012,-0.025,1.6,13.26,-0.01,,,
69.4,REGROUND,11.32,0.25,-9.58,17.87,-0.01,0,0,,,,-0.012,-0.025,0.7,13.26,-0.01,,,
69.45,REGROUND,11.32,0.24,-9.58,17.88,-0.01,0,0,,,,-0.012,-0.024,1.4,13.26,-0.01,,,
69.5,REGROUND,11.32,0.24,-9.58,17.89,-0.01,0,0,,,,-0.012,-0.024,0.9,13.26,-0.01,,,
69.55,REGROUND,11.32,0.24,-9.58,17.9,-0.01,0,0,,,,-0.012,-0.023,1.5,13.26,-0.01,,,
69.61,REGROUND,11.32,0.24,-9.58,17.92,-0.01,0,0,,,,-0.012,-0.023,1.0,13.26,-0.01,,,
69.66,REGROUND,11.31,0.24,-9.58,17.93,-0.01,0,0,,,,-0.011,-0.022,1.7,13.26,-0.01,,,
69.71,REGROUND,11.31,0.24,-9.58,17.94,-0.01,0,0,,,,-0.011,-0.022,1.0,13.26,-0.01,,,
69.76,REGROUND,11.31,0.23,-9.58,17.95,-0.01,0,0,,,,-0.011,-0.02,1.7,13.26,-0.01,,,
69.81,REGROUND,11.31,0.23,-9.58,17.97,-0.01,0,0,,,,-0.011,-0.021,1.0,13.26,-0.01,,,
69.86,REGROUND,11.31,0.23,-9.58,17.98,-0.01,0,0,,,,-0.011,-0.02,1.7,13.26,-0.01,,,
69.91,REGROUND,11.31,0.23,-9.58,17.99,-0.01,0,0,,,,-0.011,-0.02,1.0,13.26,-0.01,,,
69.96,REGROUND,11.31,0.23,-9.58,18.0,-0.01,0,0,,,,-0.011,-0.019,1.5,13.26,-0.01,,,
70.01,REGROUND,11.31,0.23,-9.58,18.02,-0.01,0,0,,,,-0.011,-0.019,0.9,13.26,-0.01,,,
70.06,REGROUND,11.31,0.23,-9.58,18.03,-0.01,0,0,,,,-0.01,-0.018,1.5,13.26,-0.01,,,
70.11,REGROUND,11.31,0.23,-9.58,18.04,-0.01,0,0,,,,-0.01,-0.018,0.9,13.26,-0.01,,,
70.16,REGROUND,11.31,0.22,-9.58,18.05,-0.01,0,0,,,,-0.01,-0.017,1.6,13.26,-0.01,,,
70.21,REGROUND,11.31,0.22,-9.58,18.07,-0.01,0,0,,,,-0.01,-0.018,0.9,13.26,-0.01,,,
70.26,REGROUND,11.31,0.22,-9.58,18.08,-0.01,0,0,,,,-0.01,-0.017,1.6,13.26,-0.01,,,
70.31,REGROUND,11.31,0.22,-9.58,18.09,-0.01,0,0,,,,-0.01,-0.017,1.0,13.26,-0.01,,,
70.36,REGROUND,11.31,0.22,-9.58,18.1,-0.01,0,0,,,,-0.009,-0.016,1.6,13.26,-0.01,,,
70.41,REGROUND,11.31,0.22,-9.58,18.12,-0.01,0,0,,,,-0.009,-0.017,0.7,13.26,-0.01,,,
70.46,REGROUND,11.3,0.22,-9.58,18.13,-0.01,0,0,,,,-0.009,-0.016,1.6,13.26,-0.01,,,
70.51,REGROUND,11.3,0.22,-9.58,18.14,-0.01,0,0,,,,-0.009,-0.016,1.0,13.26,-0.01,,,
70.56,REGROUND,11.3,0.21,-9.58,18.15,-0.01,0,0,,,,-0.008,-0.016,1.6,13.26,-0.01,,,
70.61,REGROUND,11.3,0.21,-9.58,18.17,-0.01,0,0,,,,-0.008,-0.016,1.0,13.26,-0.01,,,
70.66,REGROUND,11.3,0.21,-9.58,18.18,-0.01,0,0,,,,-0.007,-0.015,1.7,13.26,-0.01,,,
70.71,REGROUND,11.3,0.21,-9.58,18.19,-0.01,0,0,,,,-0.008,-0.016,0.9,13.26,-0.01,,,
70.76,REGROUND,11.3,0.21,-9.58,18.2,-0.01,0,0,,,,-0.007,-0.015,1.7,13.26,-0.01,,,
70.81,REGROUND,11.3,0.21,-9.58,18.22,-0.01,0,0,,,,-0.007,-0.016,0.9,13.26,-0.01,,,
70.86,REGROUND,11.3,0.21,-9.58,18.23,-0.01,0,0,,,,-0.006,-0.015,1.6,13.26,-0.01,,,
70.91,REGROUND,11.3,0.21,-9.58,18.24,-0.01,0,0,,,,-0.006,-0.016,0.9,13.26,-0.01,,,
70.96,REGROUND,11.3,0.21,-9.58,18.25,-0.01,0,0,,,,-0.006,-0.015,1.5,13.26,-0.01,,,
71.01,REGROUND,11.3,0.21,-9.58,18.27,-0.01,0,0,,,,-0.006,-0.015,1.0,13.26,-0.01,,,
71.06,REGROUND,11.29,0.21,-9.58,18.28,-0.01,0,0,,,,-0.005,-0.015,4.4,13.26,-0.01,,,
71.11,REGROUND,11.29,0.21,-9.58,18.29,-0.01,0,0,,,,-0.005,-0.015,1.0,13.26,-0.01,,,
71.16,REGROUND,11.29,0.21,-9.58,18.3,-0.01,0,0,,,,-0.005,-0.015,1.6,13.26,-0.01,,,
71.21,REGROUND,11.29,0.21,-9.58,18.32,-0.01,0,0,,,,-0.005,-0.015,1.0,13.26,-0.01,,,
71.26,REGROUND,11.29,0.2,-9.58,18.33,-0.01,0,0,,,,-0.004,-0.015,1.6,13.26,-0.01,,,
71.31,REGROUND,11.29,0.2,-9.58,18.34,-0.01,0,0,,,,-0.004,-0.015,1.0,13.26,-0.01,,,
71.36,REGROUND,11.29,0.2,-9.58,18.35,-0.01,0,0,,,,-0.004,-0.015,1.6,13.26,-0.01,,,
71.41,REGROUND,11.29,0.2,-9.58,18.37,-0.01,0,0,,,,-0.004,-0.015,0.9,13.26,-0.01,,,
71.46,REGROUND,11.29,0.2,-9.58,18.38,-0.01,0,0,,,,-0.004,-0.015,1.7,13.26,-0.01,,,
71.51,REGROUND,11.29,0.2,-9.58,18.39,-0.01,0,0,,,,-0.004,-0.015,1.0,13.26,-0.01,,,
71.56,REGROUND,11.29,0.2,-9.58,18.4,-0.01,0,0,,,,-0.003,-0.014,1.5,13.26,-0.01,,,
71.61,REGROUND,11.29,0.2,-9.58,18.42,-0.01,0,0,,,,-0.004,-0.015,0.9,13.26,-0.01,,,
71.66,REGROUND,11.29,0.2,-9.58,18.43,-0.01,0,0,,,,-0.003,-0.014,1.5,13.26,-0.01,,,
71.71,REGROUND,11.29,0.2,-9.58,18.44,-0.01,0,0,,,,-0.003,-0.015,0.9,13.26,-0.01,,,
71.76,REGROUND,11.28,0.2,-9.58,18.45,-0.01,0,0,,,,-0.003,-0.014,1.6,13.26,-0.01,,,
71.81,REGROUND,11.28,0.2,-9.58,18.47,-0.01,0,0,,,,-0.003,-0.015,0.7,13.26,-0.01,,,
71.86,REGROUND,11.28,0.2,-9.58,18.48,-0.01,0,0,,,,-0.003,-0.014,1.6,13.26,-0.01,,,
71.91,REGROUND,11.28,0.2,-9.58,18.49,-0.01,0,0,,,,-0.003,-0.014,1.0,13.26,-0.01,,,
71.96,REGROUND,11.28,0.19,-9.58,18.5,-0.01,0,0,,,,-0.003,-0.014,1.7,13.26,-0.01,,,
72.01,REGROUND,11.28,0.19,-9.58,18.52,-0.01,0,0,,,,-0.003,-0.014,1.0,13.26,-0.01,,,
72.06,REGROUND,11.28,0.19,-9.58,18.53,-0.01,0,0,,,,-0.003,-0.014,2.0,13.26,-0.01,,,
72.11,REGROUND,11.28,0.19,-9.58,18.54,-0.01,0,0,,,,-0.003,-0.014,1.2,13.26,-0.01,,,
72.16,REGROUND,11.28,0.19,-9.58,18.55,-0.01,0,0,,,,-0.003,-0.013,1.8,13.26,-0.01,,,
72.21,REGROUND,11.28,0.19,-9.58,18.57,-0.01,0,0,,,,-0.003,-0.014,1.1,13.26,-0.01,,,
72.26,REGROUND,11.28,0.19,-9.58,18.58,-0.01,0,0,,,,-0.003,-0.013,1.7,13.26,-0.01,,,
72.31,REGROUND,11.28,0.19,-9.58,18.59,-0.01,0,0,,,,-0.003,-0.014,0.9,13.26,-0.01,,,
72.36,REGROUND,11.28,0.19,-9.58,18.6,-0.01,0,0,,,,-0.003,-0.013,1.7,13.26,-0.01,,,
72.41,REGROUND,11.28,0.19,-9.58,18.62,-0.01,0,0,,,,-0.003,-0.014,1.1,13.26,-0.01,,,
72.46,REGROUND,11.28,0.19,-9.58,18.63,-0.01,0,0,,,,-0.003,-0.013,1.3,13.26,-0.01,,,
72.51,REGROUND,11.28,0.19,-9.58,18.64,-0.01,0,0,,,,-0.003,-0.014,0.9,13.26,-0.01,,,
72.56,REGROUND,11.28,0.18,-9.58,18.65,-0.01,0,0,,,,-0.003,-0.013,1.7,13.26,-0.01,,,
72.61,REGROUND,11.28,0.18,-9.58,18.67,-0.01,0,0,,,,-0.003,-0.013,1.0,13.26,-0.01,,,
72.66,REGROUND,11.28,0.18,-9.58,18.68,-0.01,0,0,,,,-0.003,-0.013,1.8,13.26,-0.01,,,
72.71,REGROUND,11.28,0.18,-9.58,18.69,-0.01,0,0,,,,-0.003,-0.013,1.0,13.26,-0.01,,,
72.76,REGROUND,11.28,0.18,-9.58,18.7,-0.01,0,0,,,,-0.003,-0.013,1.7,13.26,-0.01,,,
72.81,REGROUND,11.28,0.18,-9.58,18.72,-0.01,0,0,,,,-0.003,-0.013,1.0,13.26,-0.01,,,
72.86,REGROUND,11.28,0.18,-9.58,18.73,-0.01,0,0,,,,-0.004,-0.013,1.6,13.26,-0.01,,,
72.91,REGROUND,11.28,0.18,-9.58,18.74,-0.01,0,0,,,,-0.004,-0.014,0.9,13.26,-0.01,,,
72.96,REGROUND,11.28,0.18,-9.58,18.75,-0.01,0,0,,,,-0.004,-0.013,1.6,13.26,-0.01,,,
73.01,REGROUND,11.28,0.18,-9.58,18.77,-0.01,0,0,,,,-0.004,-0.014,0.9,13.26,-0.01,,,
73.06,REGROUND,11.28,0.18,-9.58,18.78,-0.01,0,0,,,,-0.004,-0.014,1.6,13.26,-0.01,,,
73.11,REGROUND,11.28,0.18,-9.58,18.79,-0.01,0,0,,,,-0.004,-0.014,0.9,13.26,-0.01,,,
73.16,REGROUND,11.28,0.18,-9.58,18.8,-0.01,0,0,,,,-0.004,-0.014,1.6,13.26,-0.01,,,
73.21,REGROUND,11.28,0.18,-9.58,18.82,-0.01,0,0,,,,-0.004,-0.014,1.0,13.26,-0.01,,,
73.26,REGROUND,11.28,0.18,-9.58,18.83,-0.01,0,0,,,,-0.004,-0.014,1.7,13.26,-0.01,,,
73.31,REGROUND,11.28,0.18,-9.58,18.84,-0.01,0,0,,,,-0.004,-0.014,1.0,13.26,-0.01,,,
73.36,REGROUND,11.28,0.17,-9.58,18.85,-0.01,0,0,,,,-0.004,-0.014,1.6,13.26,-0.01,,,
73.41,REGROUND,11.28,0.17,-9.58,18.87,-0.01,0,0,,,,-0.005,-0.015,1.0,13.26,-0.01,,,
73.46,REGROUND,11.28,0.17,-9.58,18.88,-0.01,0,0,,,,-0.004,-0.015,4.2,13.26,-0.01,,,
73.51,REGROUND,11.28,0.17,-9.58,18.89,-0.01,0,0,,,,-0.005,-0.015,1.0,13.26,-0.01,,,
73.56,REGROUND,11.28,0.17,-9.58,18.9,-0.01,0,0,,,,-0.005,-0.015,1.6,13.26,-0.01,,,
73.61,REGROUND,11.28,0.17,-9.58,18.92,-0.01,0,0,,,,-0.005,-0.015,0.9,13.26,-0.01,,,
73.66,REGROUND,11.28,0.17,-9.58,18.93,-0.01,0,0,,,,-0.005,-0.015,1.6,13.26,-0.01,,,
73.71,REGROUND,11.28,0.17,-9.58,18.94,-0.01,0,0,,,,-0.005,-0.015,0.9,13.26,-0.01,,,
73.76,REGROUND,11.28,0.17,-9.58,18.95,-0.01,0,0,,,,-0.005,-0.015,1.6,13.26,-0.01,,,
73.81,REGROUND,11.28,0.17,-9.58,18.97,-0.01,0,0,,,,-0.005,-0.015,0.9,13.26,-0.01,,,
73.86,REGROUND,11.28,0.17,-9.58,18.98,-0.01,0,0,,,,-0.005,-0.015,1.5,13.26,-0.01,,,
73.91,REGROUND,11.28,0.17,-9.58,18.99,-0.01,0,0,,,,-0.005,-0.016,0.8,13.26,-0.01,,,
73.96,REGROUND,11.28,0.17,-9.58,19.0,-0.01,0,0,,,,-0.005,-0.015,1.6,13.26,-0.01,,,
74.01,REGROUND,11.28,0.17,-9.58,19.02,-0.01,0,0,,,,-0.005,-0.016,1.0,13.26,-0.01,,,
74.06,REGROUND,11.28,0.17,-9.58,19.03,-0.01,0,0,,,,-0.005,-0.016,1.6,13.26,-0.01,,,
74.11,REGROUND,11.28,0.17,-9.58,19.04,-0.01,0,0,,,,-0.005,-0.016,1.0,13.26,-0.01,,,
74.16,REGROUND,11.28,0.17,-9.58,19.05,-0.01,0,0,,,,-0.005,-0.016,1.6,13.26,-0.01,,,
74.21,REGROUND,11.28,0.17,-9.58,19.07,-0.01,0,0,,,,-0.005,-0.016,1.0,13.26,-0.01,,,
74.26,REGROUND,11.28,0.17,-9.58,19.08,-0.01,0,0,,,,-0.005,-0.016,1.7,13.26,-0.01,,,
74.31,REGROUND,11.28,0.17,-9.58,19.09,-0.01,0,0,,,,-0.005,-0.016,0.9,13.26,-0.01,,,
74.36,REGROUND,11.28,0.16,-9.58,19.1,-0.01,0,0,,,,-0.005,-0.016,1.6,13.26,-0.01,,,
74.41,REGROUND,11.28,0.16,-9.58,19.12,-0.01,0,0,,,,-0.005,-0.016,0.9,13.26,-0.01,,,
74.46,REGROUND,11.27,0.16,-9.58,19.13,-0.01,0,0,,,,-0.005,-0.016,1.4,13.26,-0.01,,,
74.51,REGROUND,11.27,0.16,-9.58,19.14,-0.01,0,0,,,,-0.005,-0.016,0.9,13.26,-0.01,,,
74.56,REGROUND,11.27,0.16,-9.58,19.15,-0.01,0,0,,,,-0.005,-0.016,1.4,13.26,-0.01,,,
74.61,REGROUND,11.27,0.16,-9.58,19.17,-0.01,0,0,,,,-0.006,-0.016,1.0,13.26,-0.01,,,
74.66,REGROUND,11.27,0.16,-9.58,19.18,-0.01,0,0,,,,-0.005,-0.016,1.8,13.26,-0.01,,,
74.71,REGROUND,11.27,0.16,-9.58,19.19,-0.01,0,0,,,,-0.006,-0.016,1.1,13.26,-0.01,,,
74.76,REGROUND,11.27,0.16,-9.58,19.2,-0.01,0,0,,,,-0.006,-0.016,1.9,13.26,-0.01,,,
74.81,REGROUND,11.27,0.16,-9.58,19.22,-0.01,0,0,,,,-0.006,-0.016,1.1,13.26,-0.01,,,
74.86,REGROUND,11.27,0.16,-9.58,19.23,-0.01,0,0,,,,-0.006,-0.016,1.7,13.26,-0.01,,,
74.91,REGROUND,11.27,0.16,-9.58,19.24,-0.01,0,0,,,,-0.006,-0.016,1.0,13.26,-0.01,,,
74.96,REGROUND,11.27,0.15,-9.58,19.25,-0.01,0,0,,,,-0.006,-0.015,1.5,13.26,-0.01,,,
75.01,REGROUND,11.27,0.15,-9.58,19.27,-0.01,0,0,,,,-0.006,-0.016,0.8,13.26,-0.01,,,
75.06,REGROUND,11.27,0.15,-9.58,19.28,-0.01,0,0,,,,-0.006,-0.015,1.5,13.26,-0.01,,,
75.11,REGROUND,11.27,0.15,-9.58,19.29,-0.01,0,0,,,,-0.006,-0.016,0.9,13.26,-0.01,,,
75.16,REGROUND,11.27,0.15,-9.58,19.3,-0.01,0,0,,,,-0.006,-0.015,1.5,13.26,-0.01,,,
75.21,REGROUND,11.27,0.15,-9.58,19.32,-0.01,0,0,,,,-0.006,-0.015,1.0,13.26,-0.01,,,
75.26,REGROUND,11.27,0.15,-9.58,19.33,-0.01,0,0,,,,-0.005,-0.015,1.4,13.26,-0.01,,,
75.31,REGROUND,11.27,0.15,-9.58,19.34,-0.01,0,0,,,,-0.005,-0.015,1.0,13.26,-0.01,,,
75.36,REGROUND,11.27,0.15,-9.58,19.36,-0.01,0,0,,,,-0.005,-0.014,1.6,13.26,-0.01,,,
75.41,REGROUND,11.27,0.15,-9.58,19.37,-0.01,0,0,,,,-0.005,-0.015,0.7,13.26,-0.01,,,
75.46,REGROUND,11.27,0.15,-9.58,19.38,-0.01,0,0,,,,-0.005,-0.014,1.4,13.26,-0.01,,,
75.51,REGROUND,11.27,0.15,-9.58,19.39,-0.01,0,0,,,,-0.005,-0.014,1.0,13.26,-0.01,,,
75.56,REGROUND,11.27,0.14,-9.58,19.41,-0.01,0,0,,,,-0.005,-0.014,1.6,13.26,-0.01,,,
75.61,REGROUND,11.27,0.14,-9.58,19.42,-0.01,0,0,,,,-0.005,-0.014,0.7,13.26,-0.01,,,
75.66,REGROUND,11.27,0.14,-9.58,19.43,-0.01,0,0,,,,-0.005,-0.013,1.6,13.26,-0.01,,,
75.71,REGROUND,11.27,0.14,-9.58,19.44,-0.01,0,0,,,,-0.005,-0.014,0.9,13.26,-0.01,,,
75.76,REGROUND,11.27,0.14,-9.58,19.46,-0.01,0,0,,,,-0.005,-0.013,1.6,13.26,-0.01,,,
75.81,REGROUND,11.27,0.14,-9.58,19.47,-0.01,0,0,,,,-0.005,-0.013,0.9,13.26,-0.01,,,
75.86,REGROUND,11.26,0.14,-9.58,19.48,-0.01,0,0,,,,-0.004,-0.013,4.2,13.26,-0.01,,,
75.91,REGROUND,11.26,0.14,-9.58,19.49,-0.01,0,0,,,,-0.004,-0.013,0.9,13.26,-0.01,,,
75.96,REGROUND,11.26,0.14,-9.58,19.51,-0.01,0,0,,,,-0.004,-0.013,1.6,13.26,-0.01,,,
76.01,REGROUND,11.26,0.14,-9.58,19.52,-0.01,0,0,,,,-0.004,-0.013,1.0,13.26,-0.01,,,
76.06,REGROUND,11.26,0.13,-9.58,19.53,-0.01,0,0,,,,-0.004,-0.013,1.7,13.26,-0.01,,,
76.11,REGROUND,11.26,0.13,-9.58,19.54,-0.01,0,0,,,,-0.004,-0.013,1.0,13.26,-0.01,,,
76.16,REGROUND,11.26,0.13,-9.58,19.56,-0.01,0,0,,,,-0.004,-0.013,1.7,13.26,-0.01,,,
76.21,REGROUND,11.26,0.13,-9.58,19.57,-0.01,0,0,,,,-0.004,-0.013,1.0,13.26,-0.01,,,
76.26,REGROUND,11.26,0.13,-9.58,19.58,-0.01,0,0,,,,-0.004,-0.013,1.6,13.26,-0.01,,,
76.31,REGROUND,11.26,0.13,-9.58,19.59,-0.01,0,0,,,,-0.004,-0.013,1.0,13.26,-0.01,,,
76.36,REGROUND,11.26,0.13,-9.58,19.61,-0.01,0,0,,,,-0.004,-0.013,1.6,13.26,-0.01,,,
76.41,REGROUND,11.26,0.13,-9.58,19.62,-0.01,0,0,,,,-0.004,-0.013,0.8,13.26,-0.01,,,
76.46,REGROUND,11.26,0.13,-9.58,19.63,-0.01,0,0,,,,-0.004,-0.013,1.6,13.26,-0.01,,,
76.51,REGROUND,11.26,0.13,-9.58,19.64,-0.01,0,0,,,,-0.004,-0.014,0.9,13.26,-0.01,,,
76.56,REGROUND,11.26,0.13,-9.58,19.66,-0.01,0,0,,,,-0.004,-0.014,1.6,13.26,-0.01,,,
76.62,REGROUND,11.26,0.13,-9.58,19.67,-0.01,0,0,,,,-0.004,-0.014,0.9,13.26,-0.01,,,
76.67,REGROUND,11.26,0.13,-9.58,19.68,-0.01,0,0,,,,-0.004,-0.014,1.5,13.26,-0.01,,,
76.72,REGROUND,11.26,0.13,-9.58,19.69,-0.01,0,0,,,,-0.004,-0.014,1.0,13.26,-0.01,,,
76.77,REGROUND,11.26,0.13,-9.58,19.71,-0.01,0,0,,,,-0.005,-0.014,1.7,13.26,-0.01,,,
76.82,REGROUND,11.26,0.13,-9.58,19.72,-0.01,0,0,,,,-0.005,-0.014,1.0,13.26,-0.01,,,
76.87,REGROUND,11.26,0.13,-9.58,19.73,-0.01,0,0,,,,-0.005,-0.014,1.6,13.26,-0.01,,,
76.92,REGROUND,11.26,0.13,-9.58,19.74,-0.01,0,0,,,,-0.005,-0.015,1.0,13.26,-0.01,,,
76.97,REGROUND,11.26,0.13,-9.58,19.76,-0.01,0,0,,,,-0.005,-0.014,1.7,13.26,-0.01,,,
77.02,REGROUND,11.26,0.13,-9.58,19.77,-0.01,0,0,,,,-0.005,-0.015,1.0,13.26,-0.01,,,
77.07,REGROUND,11.26,0.12,-9.58,19.78,-0.01,0,0,,,,-0.005,-0.015,1.6,13.26,-0.01,,,
77.12,REGROUND,11.26,0.12,-9.58,19.79,-0.01,0,0,,,,-0.005,-0.015,0.8,13.26,-0.01,,,
77.17,REGROUND,11.26,0.12,-9.58,19.81,-0.01,0,0,,,,-0.005,-0.015,1.6,13.26,-0.01,,,
77.22,REGROUND,11.26,0.12,-9.58,19.82,-0.01,0,0,,,,-0.005,-0.015,0.9,13.26,-0.01,,,
77.27,REGROUND,11.26,0.12,-9.58,19.83,-0.01,0,0,,,,-0.005,-0.015,1.6,13.26,-0.01,,,
77.32,REGROUND,11.26,0.12,-9.58,19.84,-0.01,0,0,,,,-0.005,-0.015,0.9,13.26,-0.01,,,
77.37,REGROUND,11.26,0.12,-9.58,19.86,-0.01,0,0,,,,-0.005,-0.015,1.5,13.26,-0.01,,,
77.42,REGROUND,11.26,0.12,-9.58,19.87,-0.01,0,0,,,,-0.005,-0.016,1.0,13.26,-0.01,,,
77.47,REGROUND,11.26,0.12,-9.58,19.88,-0.01,0,0,,,,-0.005,-0.015,1.6,13.26,-0.01,,,
77.52,REGROUND,11.26,0.12,-9.58,19.89,-0.01,0,0,,,,-0.005,-0.016,1.0,13.26,-0.01,,,
77.57,REGROUND,11.26,0.12,-9.58,19.91,-0.01,0,0,,,,-0.005,-0.015,1.6,13.26,-0.01,,,
77.62,REGROUND,11.26,0.12,-9.58,19.92,-0.01,0,0,,,,-0.005,-0.016,1.2,13.26,-0.01,,,
77.67,REGROUND,11.26,0.12,-9.58,19.93,-0.01,0,0,,,,-0.005,-0.015,1.7,13.26,-0.01,,,
77.72,REGROUND,11.26,0.12,-9.58,19.94,-0.01,0,0,,,,-0.005,-0.016,0.9,13.26,-0.01,,,
77.77,REGROUND,11.26,0.12,-9.58,19.96,-0.01,0,0,,,,-0.005,-0.015,1.7,13.26,-0.01,,,
77.82,REGROUND,11.26,0.12,-9.58,19.97,-0.01,0,0,,,,-0.006,-0.016,1.0,13.26,-0.01,,,
77.87,REGROUND,11.26,0.11,-9.58,19.98,-0.01,0,0,,,,-0.005,-0.015,1.7,13.26,-0.01,,,
77.92,REGROUND,11.26,0.11,-9.58,19.99,-0.01,0,0,,,,-0.005,-0.016,0.9,13.26,-0.01,,,
77.97,REGROUND,11.26,0.11,-9.58,20.01,-0.01,0,0,,,,-0.005,-0.015,1.5,13.26,-0.01,,,
78.02,REGROUND,11.26,0.11,-9.58,20.02,-0.01,0,0,,,,-0.005,-0.016,0.9,13.26,-0.01,,,
78.07,REGROUND,11.25,0.11,-9.58,20.03,-0.01,0,0,,,,-0.005,-0.015,1.5,13.26,-0.01,,,
78.12,REGROUND,11.25,0.11,-9.58,20.04,-0.01,0,0,,,,-0.005,-0.015,0.9,13.26,-0.01,,,
78.17,REGROUND,11.25,0.11,-9.58,20.06,-0.01,0,0,,,,-0.005,-0.015,1.6,13.26,-0.01,,,
78.22,REGROUND,11.25,0.11,-9.58,20.07,-0.01,0,0,,,,-0.005,-0.015,1.0,13.26,-0.01,,,
78.27,REGROUND,11.25,0.11,-9.58,20.08,-0.01,0,0,,,,-0.005,-0.015,4.5,13.26,-0.01,,,
78.32,REGROUND,11.25,0.11,-9.58,20.09,-0.01,0,0,,,,-0.005,-0.015,0.9,13.26,-0.01,,,
78.37,REGROUND,11.25,0.11,-9.58,20.11,-0.01,0,0,,,,-0.004,-0.014,1.6,13.26,-0.01,,,
78.42,REGROUND,11.25,0.11,-9.58,20.12,-0.01,0,0,,,,-0.005,-0.015,1.0,13.26,-0.01,,,
78.47,REGROUND,11.25,0.1,-9.58,20.13,-0.01,0,0,,,,-0.004,-0.014,1.6,13.26,-0.01,,,
78.52,REGROUND,11.25,0.1,-9.58,20.14,-0.01,0,0,,,,-0.004,-0.014,1.0,13.26,-0.01,,,
78.57,REGROUND,11.25,0.1,-9.58,20.16,-0.01,0,0,,,,-0.004,-0.014,1.5,13.26,-0.01,,,
78.62,REGROUND,11.25,0.1,-9.58,20.17,-0.01,0,0,,,,-0.004,-0.014,0.9,13.26,-0.01,,,
78.67,REGROUND,11.25,0.1,-9.58,20.18,-0.01,0,0,,,,-0.004,-0.014,1.6,13.26,-0.01,,,
78.72,REGROUND,11.25,0.1,-9.58,20.19,-0.01,0,0,,,,-0.004,-0.014,0.9,13.26,-0.01,,,
78.77,REGROUND,11.25,0.1,-9.58,20.21,-0.01,0,0,,,,-0.004,-0.013,1.6,13.26,-0.01,,,
78.82,REGROUND,11.25,0.1,-9.58,20.22,-0.01,0,0,,,,-0.004,-0.014,0.9,13.26,-0.01,,,
78.87,REGROUND,11.25,0.1,-9.58,20.23,-0.01,0,0,,,,-0.004,-0.013,1.6,13.26,-0.01,,,
78.92,REGROUND,11.25,0.1,-9.58,20.24,-0.01,0,0,,,,-0.004,-0.014,1.0,13.26,-0.01,,,
78.97,REGROUND,11.25,0.1,-9.58,20.26,-0.01,0,0,,,,-0.003,-0.013,1.6,13.26,-0.01,,,
79.02,REGROUND,11.25,0.1,-9.58,20.27,-0.01,0,0,,,,-0.004,-0.013,1.0,13.26,-0.01,,,
79.07,REGROUND,11.24,0.09,-9.58,20.28,-0.01,0,0,,,,-0.003,-0.013,1.7,13.26,-0.01,,,
79.12,REGROUND,11.24,0.09,-9.58,20.29,-0.01,0,0,,,,-0.003,-0.013,1.0,13.26,-0.01,,,
79.17,REGROUND,11.24,0.09,-9.58,20.31,-0.01,0,0,,,,-0.003,-0.013,1.6,13.26,-0.01,,,
79.22,REGROUND,11.24,0.09,-9.58,20.32,-0.01,0,0,,,,-0.003,-0.013,1.0,13.26,-0.01,,,
79.27,REGROUND,11.24,0.09,-9.58,20.33,-0.01,0,0,,,,-0.002,-0.013,1.6,13.26,-0.01,,,
79.32,REGROUND,11.24,0.09,-9.58,20.34,-0.01,0,0,,,,-0.003,-0.013,0.9,13.26,-0.01,,,
79.37,REGROUND,11.24,0.09,-9.58,20.36,-0.01,0,0,,,,-0.002,-0.013,1.6,13.26,-0.01,,,
79.42,REGROUND,11.24,0.09,-9.58,20.37,-0.01,0,0,,,,-0.002,-0.013,0.9,13.26,-0.01,,,
79.47,REGROUND,11.24,0.09,-9.58,20.38,-0.01,0,0,,,,-0.002,-0.013,1.6,13.26,-0.01,,,
79.52,REGROUND,11.24,0.09,-9.58,20.39,-0.01,0,0,,,,-0.002,-0.013,0.9,13.26,-0.01,,,
79.57,REGROUND,11.24,0.09,-9.58,20.41,-0.01,0,0,,,,-0.001,-0.013,1.4,13.26,-0.01,,,
79.62,REGROUND,11.24,0.09,-9.58,20.42,-0.01,0,0,,,,-0.002,-0.013,1.0,13.26,-0.01,,,
79.67,REGROUND,11.24,0.09,-9.58,20.43,-0.01,0,0,,,,-0.001,-0.013,1.5,13.26,-0.01,,,
79.72,REGROUND,11.24,0.09,-9.58,20.44,-0.01,0,0,,,,-0.001,-0.013,1.0,13.26,-0.01,,,
79.77,REGROUND,11.24,0.09,-9.58,20.46,-0.01,0,0,,,,-0.001,-0.013,1.7,13.26,-0.01,,,
79.82,REGROUND,11.24,0.09,-9.58,20.47,-0.01,0,0,,,,-0.001,-0.013,1.0,13.26,-0.01,,,
79.87,REGROUND,11.24,0.08,-9.58,20.48,-0.01,0,0,,,,-0.001,-0.013,1.7,13.26,-0.01,,,
79.92,REGROUND,11.24,0.08,-9.58,20.49,-0.01,0,0,,,,-0.001,-0.014,1.0,13.26,-0.01,,,
79.97,REGROUND,11.24,0.08,-9.58,20.51,-0.01,0,0,,,,-0.001,-0.013,1.5,13.26,-0.01,,,
80.02,REGROUND,11.24,0.08,-9.58,20.52,-0.01,0,0,,,,-0.001,-0.014,0.9,13.26,-0.01,,,
80.07,REGROUND,11.23,0.08,-9.58,20.53,-0.01,0,0,,,,-0.001,-0.014,1.5,13.26,-0.01,,,
80.12,REGROUND,11.23,0.08,-9.58,20.54,-0.01,0,0,,,,-0.001,-0.014,0.9,13.26,-0.01,,,
80.17,REGROUND,11.23,0.08,-9.58,20.56,-0.01,0,0,,,,-0.001,-0.014,1.4,13.26,-0.01,,,
80.22,REGROUND,11.23,0.08,-9.58,20.57,-0.01,0,0,,,,-0.001,-0.014,0.9,13.26,-0.01,,,
80.27,REGROUND,11.23,0.08,-9.58,20.58,-0.01,0,0,,,,-0.001,-0.014,1.5,13.26,-0.01,,,
80.32,REGROUND,11.23,0.08,-9.58,20.59,-0.01,0,0,,,,-0.001,-0.014,0.9,13.26,-0.01,,,
80.37,REGROUND,11.23,0.08,-9.58,20.61,-0.01,0,0,,,,-0.002,-0.014,1.5,13.26,-0.01,,,
80.42,REGROUND,11.23,0.08,-9.58,20.62,-0.01,0,0,,,,-0.002,-0.015,1.1,13.26,-0.01,,,
80.47,REGROUND,11.23,0.08,-9.58,20.63,-0.01,0,0,,,,-0.002,-0.014,1.6,13.26,-0.01,,,
80.52,REGROUND,11.23,0.08,-9.58,20.64,-0.01,0,0,,,,-0.002,-0.015,1.0,13.26,-0.01,,,
80.57,REGROUND,11.23,0.08,-9.58,20.66,-0.01,0,0,,,,-0.002,-0.015,1.6,13.26,-0.01,,,
80.62,REGROUND,11.23,0.08,-9.58,20.67,-0.01,0,0,,,,-0.002,-0.015,1.0,13.26,-0.01,,,
80.67,REGROUND,11.23,0.08,-9.58,20.68,-0.01,0,0,,,,-0.002,-0.015,4.3,13.26,-0.01,,,
80.72,REGROUND,11.23,0.08,-9.58,20.69,-0.01,0,0,,,,-0.002,-0.015,0.9,13.26,-0.01,,,
80.77,REGROUND,11.23,0.07,-9.58,20.71,-0.01,0,0,,,,-0.002,-0.015,1.7,13.26,-0.01,,,
80.82,REGROUND,11.23,0.07,-9.58,20.72,-0.01,0,0,,,,-0.002,-0.015,0.9,13.26,-0.01,,,
80.87,REGROUND,11.23,0.07,-9.58,20.73,-0.01,0,0,,,,-0.002,-0.015,1.5,13.26,-0.01,,,
80.92,REGROUND,11.23,0.07,-9.58,20.74,-0.01,0,0,,,,-0.002,-0.015,0.9,13.26,-0.01,,,
80.97,REGROUND,11.23,0.07,-9.58,20.76,-0.01,0,0,,,,-0.003,-0.015,1.5,13.26,-0.01,,,
81.02,REGROUND,11.23,0.07,-9.58,20.77,-0.01,0,0,,,,-0.003,-0.015,0.9,13.26,-0.01,,,
81.07,REGROUND,11.23,0.07,-9.58,20.78,-0.01,0,0,,,,-0.003,-0.015,1.6,13.26,-0.01,,,
81.12,REGROUND,11.23,0.07,-9.58,20.79,-0.01,0,0,,,,-0.003,-0.015,1.0,13.26,-0.01,,,
81.17,REGROUND,11.23,0.07,-9.58,20.81,-0.01,0,0,,,,-0.003,-0.015,1.6,13.26,-0.01,,,
81.22,REGROUND,11.23,0.07,-9.58,20.82,-0.01,0,0,,,,-0.003,-0.015,1.0,13.26,-0.01,,,
81.27,REGROUND,11.23,0.07,-9.58,20.83,-0.01,0,0,,,,-0.003,-0.015,1.7,13.26,-0.01,,,
81.32,REGROUND,11.23,0.07,-9.58,20.84,-0.01,0,0,,,,-0.003,-0.015,1.0,13.26,-0.01,,,
81.37,REGROUND,11.23,0.07,-9.58,20.86,-0.01,0,0,,,,-0.004,-0.015,1.6,13.26,-0.01,,,
81.42,REGROUND,11.23,0.07,-9.58,20.87,-0.01,0,0,,,,-0.004,-0.015,0.9,13.26,-0.01,,,
81.47,REGROUND,11.23,0.06,-9.58,20.88,-0.01,0,0,,,,-0.004,-0.015,1.6,13.26,-0.01,,,
81.52,REGROUND,11.23,0.06,-9.58,20.89,-0.01,0,0,,,,-0.004,-0.015,0.9,13.26,-0.01,,,
81.57,REGROUND,11.23,0.06,-9.58,20.91,-0.01,0,0,,,,-0.004,-0.014,1.5,13.26,-0.01,,,
81.62,REGROUND,11.23,0.06,-9.58,20.92,-0.01,0,0,,,,-0.004,-0.015,0.9,13.26,-0.01,,,
81.67,REGROUND,11.23,0.06,-9.58,20.93,-0.01,0,0,,,,-0.004,-0.014,1.6,13.26,-0.01,,,
81.72,REGROUND,11.23,0.06,-9.58,20.94,-0.01,0,0,,,,-0.005,-0.015,0.9,13.26,-0.01,,,
81.77,REGROUND,11.23,0.06,-9.58,20.96,-0.01,0,0,,,,-0.005,-0.014,1.5,13.26,-0.01,,,
81.82,REGROUND,11.23,0.06,-9.58,20.97,-0.01,0,0,,,,-0.005,-0.014,1.0,13.26,-0.01,,,
81.87,REGROUND,11.23,0.06,-9.58,20.98,-0.01,0,0,,,,-0.005,-0.014,1.6,13.26,-0.01,,,
81.92,REGROUND,11.23,0.06,-9.58,20.99,-0.01,0,0,,,,-0.005,-0.014,1.0,13.26,-0.01,,,
81.97,REGROUND,11.23,0.06,-9.58,21.01,-0.01,0,0,,,,-0.005,-0.014,1.6,13.26,-0.01,,,
82.02,REGROUND,11.23,0.06,-9.58,21.02,-0.01,0,0,,,,-0.005,-0.014,1.0,13.26,-0.01,,,
82.07,REGROUND,11.23,0.05,-9.58,21.03,-0.01,0,0,,,,-0.005,-0.013,1.6,13.26,-0.01,,,
82.12,REGROUND,11.23,0.05,-9.58,21.04,-0.01,0,0,,,,-0.005,-0.014,1.0,13.26,-0.01,,,
82.17,REGROUND,11.23,0.05,-9.58,21.06,-0.01,0,0,,,,-0.005,-0.013,1.6,13.26,-0.01,,,
82.22,REGROUND,11.23,0.05,-9.58,21.07,-0.01,0,0,,,,-0.005,-0.014,0.9,13.26,-0.01,,,
82.27,REGROUND,11.23,0.05,-9.58,21.08,-0.01,0,0,,,,-0.005,-0.013,1.6,13.26,-0.01,,,
82.32,REGROUND,11.23,0.05,-9.58,21.09,-0.01,0,0,,,,-0.005,-0.014,0.9,13.26,-0.01,,,
82.37,REGROUND,11.23,0.05,-9.58,21.11,-0.01,0,0,,,,-0.005,-0.013,1.6,13.26,-0.01,,,
82.42,REGROUND,11.23,0.05,-9.58,21.12,-0.01,0,0,,,,-0.005,-0.014,0.6,13.26,-0.01,,,
82.47,REGROUND,11.23,0.05,-9.58,21.13,-0.01,0,0,,,,-0.005,-0.013,1.5,13.26,-0.01,,,
82.52,REGROUND,11.23,0.05,-9.58,21.15,-0.01,0,0,,,,-0.005,-0.014,1.0,13.26,-0.01,,,
82.57,REGROUND,11.23,0.05,-9.58,21.16,-0.01,0,0,,,,-0.005,-0.013,1.6,13.26,-0.01,,,
82.62,REGROUND,11.23,0.05,-9.58,21.17,-0.01,0,0,,,,-0.005,-0.014,1.0,13.26,-0.01,,,
82.67,REGROUND,11.23,0.05,-9.58,21.18,-0.01,0,0,,,,-0.005,-0.013,1.6,13.26,-0.01,,,
82.72,REGROUND,11.23,0.05,-9.58,21.2,-0.01,0,0,,,,-0.005,-0.014,1.0,13.26,-0.01,,,
82.77,REGROUND,11.23,0.04,-9.58,21.21,-0.01,0,0,,,,-0.004,-0.013,1.6,13.26,-0.01,,,
82.82,REGROUND,11.23,0.04,-9.58,21.22,-0.01,0,0,,,,-0.004,-0.014,1.0,13.26,-0.01,,,
82.87,REGROUND,11.23,0.04,-9.58,21.23,-0.01,0,0,,,,-0.004,-0.014,1.6,13.26,-0.01,,,
82.92,REGROUND,11.23,0.04,-9.58,21.25,-0.01,0,0,,,,-0.004,-0.014,0.9,13.26,-0.01,,,
82.97,REGROUND,11.22,0.04,-9.58,21.26,-0.01,0,0,,,,-0.004,-0.014,1.5,13.26,-0.01,,,
83.02,REGROUND,11.22,0.04,-9.58,21.27,-0.01,0,0,,,,-0.004,-0.014,0.8,13.26,-0.01,,,
83.07,REGROUND,11.22,0.04,-9.58,21.28,-0.01,0,0,,,,-0.004,-0.014,4.1,13.26,-0.01,,,
83.12,REGROUND,11.22,0.04,-9.58,21.3,-0.01,0,0,,,,-0.004,-0.014,0.9,13.26,-0.01,,,
83.17,REGROUND,11.22,0.04,-9.58,21.31,-0.01,0,0,,,,-0.004,-0.014,1.5,13.26,-0.01,,,
83.22,REGROUND,11.22,0.04,-9.58,21.32,-0.01,0,0,,,,-0.004,-0.014,0.9,13.26,-0.01,,,
83.27,REGROUND,11.22,0.04,-9.58,21.33,-0.01,0,0,,,,-0.003,-0.014,1.4,13.26,-0.01,,,
83.32,REGROUND,11.22,0.04,-9.58,21.35,-0.01,0,0,,,,-0.004,-0.015,1.0,13.26,-0.01,,,
83.37,REGROUND,11.22,0.04,-9.58,21.36,-0.01,0,0,,,,-0.003,-0.014,1.6,13.26,-0.01,,,
83.42,REGROUND,11.22,0.04,-9.58,21.37,-0.01,0,0,,,,-0.004,-0.015,1.0,13.26,-0.01,,,
83.47,REGROUND,11.22,0.04,-9.58,21.38,-0.01,0,0,,,,-0.003,-0.015,1.6,13.26,-0.01,,,
83.52,REGROUND,11.22,0.04,-9.58,21.4,-0.01,0,0,,,,-0.004,-0.015,1.0,13.26,-0.01,,,
83.57,REGROUND,11.22,0.04,-9.58,21.41,-0.01,0,0,,,,-0.004,-0.015,1.6,13.26,-0.01,,,
83.62,REGROUND,11.22,0.04,-9.58,21.42,-0.01,0,0,,,,-0.004,-0.015,1.0,13.26,-0.01,,,
83.67,REGROUND,11.22,0.03,-9.58,21.43,-0.01,0,0,,,,-0.004,-0.015,1.6,13.26,-0.01,,,
83.72,REGROUND,11.22,0.03,-9.58,21.45,-0.01,0,0,,,,-0.004,-0.015,0.9,13.26,-0.01,,,
83.78,REGROUND,11.22,0.03,-9.58,21.46,-0.01,0,0,,,,-0.004,-0.015,1.4,13.26,-0.01,,,
83.83,REGROUND,11.22,0.03,-9.58,21.47,-0.01,0,0,,,,-0.004,-0.015,0.9,13.26,-0.01,,,
83.88,REGROUND,11.22,0.03,-9.58,21.48,-0.01,0,0,,,,-0.004,-0.015,1.5,13.26,-0.01,,,
83.93,REGROUND,11.22,0.03,-9.58,21.5,-0.01,0,0,,,,-0.004,-0.015,0.9,13.26,-0.01,,,
83.98,REGROUND,11.22,0.03,-9.58,21.51,-0.01,0,0,,,,-0.004,-0.015,1.6,13.26,-0.01,,,
84.03,REGROUND,11.22,0.03,-9.58,21.52,-0.01,0,0,,,,-0.004,-0.015,0.9,13.26,-0.01,,,
84.08,REGROUND,11.22,0.03,-9.58,21.53,-0.01,0,0,,,,-0.004,-0.015,1.7,13.26,-0.01,,,
84.13,REGROUND,11.22,0.03,-9.58,21.55,-0.01,0,0,,,,-0.004,-0.016,1.0,13.26,-0.01,,,
84.18,REGROUND,11.22,0.03,-9.58,21.56,-0.01,0,0,,,,-0.004,-0.015,1.8,13.26,-0.01,,,
84.23,REGROUND,11.22,0.03,-9.58,21.57,-0.01,0,0,,,,-0.005,-0.016,1.0,13.26,-0.01,,,
84.28,REGROUND,11.22,0.03,-9.58,21.58,-0.01,0,0,,,,-0.005,-0.015,1.6,13.26,-0.01,,,
84.33,REGROUND,11.22,0.03,-9.58,21.6,-0.01,0,0,,,,-0.005,-0.016,1.0,13.26,-0.01,,,
84.38,REGROUND,11.22,0.03,-9.58,21.61,-0.01,0,0,,,,-0.005,-0.015,1.4,13.26,-0.01,,,
84.43,REGROUND,11.22,0.03,-9.58,21.62,-0.01,0,0,,,,-0.005,-0.016,0.7,13.26,-0.01,,,
84.48,REGROUND,11.22,0.02,-9.58,21.63,-0.01,0,0,,,,-0.005,-0.015,1.5,13.26,-0.01,,,
84.53,REGROUND,11.22,0.02,-9.58,21.65,-0.01,0,0,,,,-0.005,-0.016,0.9,13.26,-0.01,,,
84.58,REGROUND,11.22,0.02,-9.58,21.66,-0.01,0,0,,,,-0.005,-0.015,1.5,13.26,-0.01,,,
84.63,REGROUND,11.22,0.02,-9.58,21.67,-0.01,0,0,,,,-0.005,-0.015,1.0,13.26,-0.01,,,
84.68,REGROUND,11.22,0.02,-9.58,21.68,-0.01,0,0,,,,-0.005,-0.015,1.4,13.26,-0.01,,,
84.73,REGROUND,11.22,0.02,-9.58,21.7,-0.01,0,0,,,,-0.005,-0.016,0.9,13.26,-0.01,,,
84.78,REGROUND,11.22,0.02,-9.58,21.71,-0.01,0,0,,,,-0.005,-0.015,1.6,13.26,-0.01,,,
84.83,REGROUND,11.22,0.02,-9.58,21.72,-0.01,0,0,,,,-0.005,-0.015,1.0,13.26,-0.01,,,
84.88,REGROUND,11.22,0.02,-9.58,21.73,-0.01,0,0,,,,-0.005,-0.015,1.8,13.26,-0.01,,,
84.93,REGROUND,11.22,0.02,-9.58,21.75,-0.01,0,0,,,,-0.005,-0.015,0.9,13.26,-0.01,,,
84.98,REGROUND,11.22,0.02,-9.58,21.76,-0.01,0,0,,,,-0.005,-0.015,1.6,13.26,-0.01,,,
85.03,REGROUND,11.22,0.02,-9.58,21.77,-0.01,0,0,,,,-0.005,-0.015,1.0,13.26,-0.01,,,
85.08,REGROUND,11.21,0.01,-9.58,21.78,-0.01,0,0,,,,-0.005,-0.014,1.6,13.26,-0.01,,,
85.13,REGROUND,11.21,0.01,-9.58,21.8,-0.01,0,0,,,,-0.005,-0.015,0.9,13.26,-0.01,,,
85.18,REGROUND,11.21,0.01,-9.58,21.81,-0.01,0,0,,,,-0.005,-0.014,1.5,13.26,-0.01,,,
85.23,REGROUND,11.21,0.01,-9.58,21.82,-0.01,0,0,,,,-0.005,-0.014,0.9,13.26,-0.01,,,
85.28,REGROUND,11.21,0.01,-9.58,21.83,-0.01,0,0,,,,-0.005,-0.014,1.5,13.26,-0.01,,,
85.33,CARRY,11.21,0.01,-9.58,21.85,-0.01,0,0,,,,0.034,0.12,256.2,13.26,-0.01,,,
85.58,CARRY,11.21,0.01,-9.58,21.91,-0.01,0,0,335.0,118.0,122.9,2.44,0.3,48.9,13.26,-0.01,496.3,4.0,10.562
85.63,CARRY,11.21,0.01,-9.58,21.92,-0.01,0,0,,,,0.034,0.124,49.0,13.26,-0.01,,,10.562
85.68,CARRY,11.21,0.0,-9.58,21.94,-0.01,0,0,,,,0.034,0.125,49.3,13.26,-0.01,,,10.562
85.73,CARRY,11.21,0.0,-9.58,21.95,-0.01,0,0,,,,0.034,0.125,49.1,13.26,-0.01,,,10.562
85.78,CARRY,11.21,0.0,-9.58,21.96,-0.01,0,0,,,,0.034,0.125,49.3,13.26,-0.01,,,10.562
85.84,CARRY,11.21,0.0,-9.58,21.97,-0.01,0,0,,,,0.034,0.125,49.0,13.26,-0.01,,,10.562
85.89,CARRY,11.21,0.0,-9.58,21.99,-0.01,0,0,,,,0.034,0.125,48.5,13.26,-0.01,,,10.5
85.94,CARRY,11.21,0.0,-9.58,22.0,-0.01,0,0,,,,0.034,0.125,48.0,13.26,-0.01,,,10.5
85.99,CARRY,11.21,0.01,-9.58,22.01,-0.01,0,0,,,,0.033,0.123,48.3,13.26,-0.01,,,10.5
86.04,CARRY,11.21,0.01,-9.58,22.02,-0.01,0,0,,,,0.033,0.123,48.1,13.26,-0.01,,,10.5
86.09,CARRY,11.21,0.01,-9.58,22.04,-0.01,0,0,,,,0.032,0.121,48.5,13.26,-0.01,,,10.5
86.14,CARRY,11.21,0.01,-9.58,22.05,-0.01,0,0,,,,0.032,0.121,48.1,13.26,-0.01,,,10.5
86.19,CARRY,11.22,0.02,-9.58,22.06,-0.01,0,0,,,,0.031,0.118,48.4,13.26,-0.01,,,10.5
86.24,CARRY,11.22,0.02,-9.58,22.07,-0.01,0,0,,,,0.031,0.117,48.1,13.26,-0.01,,,10.562
86.29,CARRY,11.22,0.02,-9.58,22.09,-0.01,0,0,,,,0.029,0.113,48.6,13.26,-0.01,,,10.562
86.34,CARRY,11.22,0.02,-9.58,22.1,-0.01,0,0,,,,0.029,0.113,48.1,13.26,-0.01,,,10.562
86.39,CARRY,11.22,0.03,-9.58,22.11,-0.01,0,0,,,,0.028,0.109,49.6,13.26,-0.01,,,10.562
86.44,CARRY,11.22,0.03,-9.58,22.12,-0.01,0,0,,,,0.028,0.109,48.1,13.26,-0.01,,,10.562
86.49,CARRY,11.23,0.04,-9.58,22.14,-0.01,0,0,,,,0.026,0.104,48.4,13.26,-0.01,,,10.562
86.54,CARRY,11.23,0.04,-9.58,22.15,-0.01,0,0,,,,0.026,0.104,48.0,13.26,-0.01,,,10.562
86.59,CARRY,11.23,0.05,-9.58,22.16,-0.01,0,0,,,,0.025,0.099,48.5,13.26,-0.01,,,10.5
86.64,CARRY,11.23,0.05,-9.58,22.17,-0.01,0,0,,,,0.025,0.099,48.2,13.26,-0.01,,,10.5
86.69,CARRY,11.24,0.06,-9.58,22.19,-0.01,0,0,,,,0.024,0.094,48.5,13.26,-0.01,,,10.5
86.74,CARRY,11.24,0.06,-9.58,22.2,-0.01,0,0,,,,0.024,0.094,48.2,13.26,-0.01,,,10.5
86.79,CARRY,11.24,0.07,-9.58,22.21,-0.01,0,0,,,,0.022,0.089,48.3,13.26,-0.01,,,10.438
86.84,CARRY,11.24,0.07,-9.58,22.22,-0.01,0,0,,,,0.022,0.089,47.8,13.26,-0.01,,,10.438
86.89,CARRY,11.24,0.08,-9.58,22.24,-0.01,0,0,,,,0.021,0.083,48.7,13.26,-0.01,,,10.438
86.94,CARRY,11.24,0.08,-9.58,22.25,-0.01,0,0,,,,0.021,0.083,47.8,13.26,-0.01,,,10.438
86.99,CARRY,11.25,0.09,-9.58,22.26,-0.01,0,0,,,,0.02,0.078,48.4,13.26,-0.01,,,10.438
87.04,CARRY,11.25,0.09,-9.58,22.27,-0.01,0,0,,,,0.02,0.078,48.1,13.26,-0.01,,,10.438
87.09,CARRY,11.25,0.1,-9.58,22.29,-0.01,0,0,,,,0.019,0.073,48.3,13.26,-0.01,,,10.438
87.14,CARRY,11.25,0.1,-9.58,22.3,-0.01,0,0,,,,0.019,0.073,48.3,13.26,-0.01,,,10.438
87.19,CARRY,11.26,0.11,-9.58,22.31,-0.01,0,0,,,,0.017,0.068,48.4,13.26,-0.01,,,10.375
87.24,CARRY,11.26,0.11,-9.58,22.32,-0.01,0,0,,,,0.017,0.068,48.1,13.26,-0.01,,,10.375
87.29,CARRY,11.26,0.11,-9.58,22.34,-0.01,0,0,,,,0.016,0.063,48.3,13.26,-0.01,,,10.438
87.34,CARRY,11.26,0.11,-9.58,22.35,-0.01,0,0,,,,0.016,0.063,48.1,13.26,-0.01,,,10.438
87.39,CARRY,11.26,0.12,-9.58,22.36,-0.01,0,0,,,,0.015,0.058,48.6,13.26,-0.01,,,10.375
87.44,CARRY,11.26,0.12,-9.58,22.37,-0.01,0,0,,,,0.015,0.058,48.2,13.26,-0.01,,,10.375
87.49,CARRY,11.27,0.13,-9.58,22.39,-0.01,0,0,,,,0.014,0.054,48.6,13.26,-0.01,,,10.438
87.54,CARRY,11.27,0.13,-9.58,22.4,-0.01,0,0,,,,0.014,0.053,48.1,13.26,-0.01,,,10.438
87.59,CARRY,11.27,0.14,-9.58,22.41,-0.01,0,0,,,,0.012,0.049,48.5,13.26,-0.01,,,10.375
87.64,CARRY,11.27,0.14,-9.58,22.42,-0.01,0,0,,,,0.012,0.049,48.1,13.26,-0.01,,,10.438
87.69,CARRY,11.27,0.15,-9.58,22.44,-0.01,0,0,,,,0.011,0.045,48.5,13.26,-0.01,,,10.375
87.74,CARRY,11.27,0.15,-9.58,22.45,-0.01,0,0,,,,0.011,0.045,48.1,13.26,-0.01,,,10.375
87.79,CARRY,11.28,0.15,-9.58,22.46,-0.01,0,0,,,,0.01,0.041,48.4,13.26,-0.01,,,10.375
87.84,CARRY,11.28,0.15,-9.58,22.47,-0.01,0,0,,,,0.01,0.041,48.3,13.26,-0.01,,,10.375
87.89,CARRY,11.28,0.16,-9.58,22.49,-0.01,0,0,,,,0.009,0.037,48.6,13.26,-0.01,,,10.375
87.94,CARRY,11.28,0.16,-9.58,22.5,-0.01,0,0,,,,0.009,0.037,48.3,13.26,-0.01,,,10.375
87.99,CARRY,11.28,0.17,-9.58,22.51,-0.01,0,0,,,,0.008,0.034,49.0,13.26,-0.01,,,10.375
88.04,CARRY,11.28,0.17,-9.58,22.52,-0.01,0,0,,,,0.008,0.034,48.1,13.26,-0.01,,,10.375
88.09,CARRY,11.28,0.17,-9.58,22.54,-0.01,0,0,,,,0.007,0.03,48.7,13.26,-0.01,,,10.375
88.14,CARRY,11.28,0.17,-9.58,22.55,-0.01,0,0,,,,0.007,0.03,48.3,13.26,-0.01,,,10.375
88.19,CARRY,11.29,0.18,-9.58,22.56,-0.01,0,0,,,,0.006,0.027,48.7,13.26,-0.01,,,10.375
88.24,CARRY,11.29,0.18,-9.58,22.57,-0.01,0,0,,,,0.006,0.027,48.4,13.26,-0.01,,,10.375
88.29,CARRY,11.29,0.18,-9.58,22.59,-0.01,0,0,,,,0.006,0.024,49.5,13.26,-0.01,,,10.375
88.34,CARRY,11.29,0.18,-9.58,22.6,-0.01,0,0,,,,0.005,0.024,48.3,13.26,-0.01,,,10.375
88.39,CARRY,11.29,0.19,-9.58,22.61,-0.01,0,0,,,,0.005,0.021,48.3,13.26,-0.01,,,10.312
88.44,CARRY,11.29,0.19,-9.58,22.62,-0.01,0,0,,,,0.005,0.021,48.1,13.26,-0.01,,,10.375
88.49,CARRY,11.29,0.19,-9.58,22.64,-0.01,0,0,,,,0.004,0.019,49.0,13.26,-0.01,,,10.375
88.54,CARRY,11.29,0.19,-9.58,22.65,-0.01,0,0,,,,0.004,0.019,47.8,13.26,-0.01,,,10.375
88.59,REGROUND,11.29,0.2,-9.58,22.66,-0.01,0,0,,,,0.004,0.016,49.0,13.26,-0.01,,,10.375
88.64,REGROUND,11.29,0.2,-9.58,22.67,-0.01,0,0,,,,0.004,0.016,3.7,13.26,-0.01,,,
88.69,REGROUND,11.29,0.2,-9.58,22.69,-0.01,0,0,,,,0.003,0.014,1.7,13.26,-0.01,,,
88.74,REGROUND,11.29,0.2,-9.58,22.7,-0.01,0,0,,,,0.003,0.014,0.9,13.26,-0.01,,,
88.79,REGROUND,11.3,0.2,-9.58,22.71,-0.01,0,0,,,,0.003,0.012,1.6,13.26,-0.01,,,
88.84,REGROUND,11.3,0.2,-9.58,22.72,-0.01,0,0,,,,0.003,0.012,0.9,13.26,-0.01,,,
88.89,REGROUND,11.3,0.21,-9.58,22.74,-0.01,0,0,,,,0.003,0.01,1.5,13.26,-0.01,,,
88.94,REGROUND,11.3,0.21,-9.58,22.75,-0.01,0,0,,,,0.003,0.01,1.0,13.26,-0.01,,,
88.99,REGROUND,11.3,0.21,-9.58,22.76,-0.01,0,0,,,,0.002,0.009,1.6,13.26,-0.01,,,
89.04,REGROUND,11.3,0.21,-9.58,22.77,-0.01,0,0,,,,0.002,0.009,1.0,13.26,-0.01,,,
89.09,REGROUND,11.3,0.21,-9.58,22.79,-0.01,0,0,,,,0.002,0.007,1.7,13.26,-0.01,,,
89.14,REGROUND,11.3,0.21,-9.58,22.8,-0.01,0,0,,,,0.002,0.007,0.9,13.26,-0.01,,,
89.19,REGROUND,11.3,0.21,-9.58,22.81,-0.01,0,0,,,,0.002,0.006,1.6,13.26,-0.01,,,
89.24,REGROUND,11.3,0.21,-9.58,22.82,-0.01,0,0,,,,0.002,0.006,1.0,13.26,-0.01,,,
89.29,REGROUND,11.3,0.22,-9.58,22.84,-0.01,0,0,,,,0.002,0.004,1.6,13.26,-0.01,,,
89.34,REGROUND,11.3,0.22,-9.58,22.85,-0.01,0,0,,,,0.002,0.004,0.9,13.26,-0.01,,,
89.39,REGROUND,11.3,0.22,-9.58,22.86,-0.01,0,0,,,,0.001,0.003,1.5,13.26,-0.01,,,
89.44,REGROUND,11.3,0.22,-9.58,22.87,-0.01,0,0,,,,0.001,0.003,0.9,13.26,-0.01,,,
89.49,REGROUND,11.3,0.22,-9.58,22.89,-0.01,0,0,,,,0.001,0.002,1.4,13.26,-0.01,,,
89.54,REGROUND,11.3,0.22,-9.58,22.9,-0.01,0,0,,,,0.001,0.002,0.9,13.26,-0.01,,,
89.59,REGROUND,11.3,0.22,-9.58,22.91,-0.01,0,0,,,,0.001,0.001,1.5,13.26,-0.01,,,
89.64,REGROUND,11.3,0.22,-9.58,22.92,-0.01,0,0,,,,0.001,0.001,1.0,13.26,-0.01,,,
89.69,REGROUND,11.3,0.22,-9.58,22.94,-0.01,0,0,,,,0.001,-0.0,1.6,13.26,-0.01,,,
89.74,REGROUND,11.3,0.22,-9.58,22.95,-0.01,0,0,,,,0.001,-0.0,1.0,13.26,-0.01,,,
89.79,REGROUND,11.3,0.22,-9.58,22.96,-0.01,0,0,,,,0.0,-0.001,1.6,13.26,-0.01,,,
89.84,REGROUND,11.3,0.22,-9.58,22.97,-0.01,0,0,,,,0.0,-0.001,1.0,13.26,-0.01,,,
89.89,REGROUND,11.3,0.23,-9.58,22.99,-0.01,0,0,,,,0.0,-0.002,1.6,13.26,-0.01,,,
89.94,REGROUND,11.3,0.23,-9.58,23.0,-0.01,0,0,,,,0.0,-0.002,0.9,13.26,-0.01,,,
89.99,REGROUND,11.3,0.23,-9.58,23.01,-0.01,0,0,,,,0.0,-0.003,1.6,13.26,-0.01,,,
90.04,REGROUND,11.3,0.23,-9.58,23.02,-0.01,0,0,,,,0.0,-0.003,1.0,13.26,-0.01,,,
90.09,REGROUND,11.3,0.23,-9.58,23.04,-0.01,0,0,,,,0.0,-0.003,1.6,13.26,-0.01,,,
90.14,REGROUND,11.3,0.23,-9.58,23.05,-0.01,0,0,,,,0.0,-0.004,0.9,13.26,-0.01,,,
90.19,REGROUND,11.3,0.23,-9.58,23.06,-0.01,0,0,,,,-0.0,-0.004,1.6,13.26,-0.01,,,
90.24,REGROUND,11.3,0.23,-9.58,23.07,-0.01,0,0,,,,-0.0,-0.004,1.1,13.26,-0.01,,,
90.29,REGROUND,11.3,0.23,-9.58,23.09,-0.01,0,0,,,,-0.0,-0.004,1.5,13.26,-0.01,,,
90.34,REGROUND,11.3,0.23,-9.58,23.1,-0.01,0,0,,,,-0.0,-0.005,1.5,13.26,-0.01,,,
90.39,REGROUND,11.3,0.23,-9.58,23.11,-0.01,0,0,,,,-0.0,-0.005,1.0,13.26,-0.01,,,
90.44,REGROUND,11.3,0.23,-9.58,23.12,-0.01,0,0,,,,-0.0,-0.005,1.0,13.26,-0.01,,,
90.49,REGROUND,11.3,0.23,-9.58,23.14,-0.01,0,0,,,,-0.0,-0.005,1.6,13.26,-0.01,,,
90.54,REGROUND,11.3,0.23,-9.58,23.15,-0.01,0,0,,,,-0.0,-0.005,1.0,13.26,-0.01,,,
90.59,REGROUND,11.3,0.23,-9.58,23.16,-0.01,0,0,,,,-0.0,-0.005,1.6,13.26,-0.01,,,
90.64,REGROUND,11.3,0.23,-9.58,23.17,-0.01,0,0,,,,-0.0,-0.005,1.0,13.26,-0.01,,,
90.69,REGROUND,11.3,0.23,-9.58,23.19,-0.01,0,0,,,,-0.0,-0.005,1.7,13.26,-0.01,,,
90.74,REGROUND,11.3,0.23,-9.58,23.2,-0.01,0,0,,,,-0.0,-0.005,1.0,13.26,-0.01,,,
90.79,REGROUND,11.3,0.23,-9.58,23.21,-0.01,0,0,,,,-0.0,-0.005,1.6,13.26,-0.01,,,
90.84,REGROUND,11.3,0.23,-9.58,23.22,-0.01,0,0,,,,-0.0,-0.006,0.9,13.26,-0.01,,,
90.89,REGROUND,11.3,0.23,-9.58,23.24,-0.01,0,0,,,,-0.0,-0.006,1.6,13.26,-0.01,,,
90.94,REGROUND,11.3,0.23,-9.58,23.25,-0.01,0,0,,,,-0.0,-0.005,1.5,13.26,-0.01,,,
90.99,REGROUND,11.3,0.23,-9.58,23.26,-0.01,0,0,,,,-0.0,-0.006,0.9,13.26,-0.01,,,
91.04,REGROUND,11.3,0.23,-9.58,23.27,-0.01,0,0,,,,-0.0,-0.006,3.8,13.26,-0.01,,,
91.09,REGROUND,11.3,0.23,-9.58,23.29,-0.01,0,0,,,,-0.0,-0.006,1.6,13.26,-0.01,,,
91.14,REGROUND,11.3,0.23,-9.58,23.3,-0.01,0,0,,,,-0.0,-0.006,1.0,13.26,-0.01,,,
91.19,REGROUND,11.3,0.23,-9.58,23.31,-0.01,0,0,,,,-0.001,-0.006,1.7,13.26,-0.01,,,
91.24,REGROUND,11.3,0.23,-9.58,23.32,-0.01,0,0,,,,-0.001,-0.006,1.2,13.26,-0.01,,,
91.29,REGROUND,11.3,0.23,-9.58,23.34,-0.01,0,0,,,,-0.001,-0.006,1.6,13.26,-0.01,,,
91.34,REGROUND,11.3,0.23,-9.58,23.35,-0.01,0,0,,,,-0.001,-0.006,1.0,13.26,-0.01,,,
91.39,REGROUND,11.31,0.22,-9.58,23.36,-0.01,0,0,,,,-0.001,-0.006,1.7,13.26,-0.01,,,
91.44,REGROUND,11.31,0.22,-9.58,23.37,-0.01,0,0,,,,-0.002,-0.006,1.6,13.26,-0.01,,,
91.49,REGROUND,11.31,0.22,-9.58,23.39,-0.01,0,0,,,,-0.002,-0.006,0.9,13.26,-0.01,,,
91.54,REGROUND,11.31,0.22,-9.58,23.4,-0.01,0,0,,,,-0.002,-0.006,1.4,13.26,-0.01,,,
91.59,REGROUND,11.31,0.22,-9.58,23.41,-0.01,0,0,,,,-0.002,-0.006,0.9,13.26,-0.01,,,
91.64,REGROUND,11.31,0.22,-9.58,23.42,-0.01,0,0,,,,-0.002,-0.006,1.6,13.26,-0.01,,,
91.69,REGROUND,11.31,0.22,-9.58,23.44,-0.01,0,0,,,,-0.003,-0.006,0.9,13.26,-0.01,,,
91.74,REGROUND,11.31,0.22,-9.58,23.45,-0.01,0,0,,,,-0.003,-0.006,0.7,13.26,-0.01,,,
91.79,REGROUND,11.31,0.22,-9.58,23.46,-0.01,0,0,,,,-0.003,-0.006,1.5,13.26,-0.01,,,
91.84,REGROUND,11.31,0.22,-9.58,23.48,-0.01,0,0,,,,-0.003,-0.006,1.0,13.26,-0.01,,,
91.89,REGROUND,11.31,0.22,-9.58,23.49,-0.01,0,0,,,,-0.003,-0.006,1.6,13.26,-0.01,,,
91.94,REGROUND,11.31,0.22,-9.58,23.5,-0.01,0,0,,,,-0.003,-0.006,1.0,13.26,-0.01,,,
91.99,REGROUND,11.31,0.22,-9.58,23.51,-0.01,0,0,,,,-0.004,-0.006,1.6,13.26,-0.01,,,
92.04,REGROUND,11.31,0.22,-9.58,23.53,-0.01,0,0,,,,-0.004,-0.006,1.5,13.26,-0.01,,,
92.09,REGROUND,11.31,0.22,-9.58,23.54,-0.01,0,0,,,,-0.004,-0.006,1.0,13.26,-0.01,,,
92.14,REGROUND,11.31,0.22,-9.58,23.55,-0.01,0,0,,,,-0.004,-0.006,1.6,13.26,-0.01,,,
92.19,REGROUND,11.31,0.22,-9.58,23.56,-0.01,0,0,,,,-0.004,-0.006,1.0,13.26,-0.01,,,
92.24,REGROUND,11.31,0.22,-9.58,23.58,-0.01,0,0,,,,-0.004,-0.006,1.7,13.26,-0.01,,,
92.29,REGROUND,11.31,0.22,-9.58,23.59,-0.01,0,0,,,,-0.004,-0.007,0.9,13.26,-0.01,,,
92.34,REGROUND,11.31,0.22,-9.58,23.6,-0.01,0,0,,,,-0.004,-0.006,1.6,13.26,-0.01,,,
92.39,REGROUND,11.31,0.22,-9.58,23.61,-0.01,0,0,,,,-0.004,-0.007,0.9,13.26,-0.01,,,
92.44,REGROUND,11.31,0.22,-9.58,23.63,-0.01,0,0,,,,-0.004,-0.007,0.9,13.26,-0.01,,,
92.49,REGROUND,11.31,0.22,-9.58,23.64,-0.01,0,0,,,,-0.004,-0.007,1.6,13.26,-0.01,,,
92.54,REGROUND,11.31,0.22,-9.58,23.65,-0.01,0,0,,,,-0.004,-0.007,0.8,13.26,-0.01,,,
92.59,REGROUND,11.31,0.22,-9.58,23.66,-0.01,0,0,,,,-0.004,-0.007,1.6,13.26,-0.01,,,
92.64,REGROUND,11.31,0.22,-9.58,23.68,-0.01,0,0,,,,-0.004,-0.007,1.5,13.26,-0.01,,,
92.69,REGROUND,11.31,0.22,-9.58,23.69,-0.01,0,0,,,,-0.004,-0.007,1.0,13.26,-0.01,,,
92.74,REGROUND,11.31,0.22,-9.58,23.7,-0.01,0,0,,,,-0.004,-0.007,1.6,13.26,-0.01,,,
92.79,REGROUND,11.31,0.22,-9.58,23.71,-0.01,0,0,,,,-0.004,-0.007,1.0,13.26,-0.01,,,
92.84,REGROUND,11.31,0.22,-9.58,23.73,-0.01,0,0,,,,-0.004,-0.007,1.6,13.26,-0.01,,,
92.9,REGROUND,11.31,0.22,-9.58,23.74,-0.01,0,0,,,,-0.004,-0.007,0.9,13.26,-0.01,,,
92.95,REGROUND,11.31,0.22,-9.58,23.75,-0.01,0,0,,,,-0.004,-0.006,1.6,13.26,-0.01,,,
93.0,REGROUND,11.31,0.22,-9.58,23.76,-0.01,0,0,,,,-0.004,-0.007,0.9,13.26,-0.01,,,
93.05,REGROUND,11.31,0.22,-9.58,23.78,-0.01,0,0,,,,-0.004,-0.007,0.9,13.26,-0.01,,,
93.1,REGROUND,11.31,0.22,-9.58,23.79,-0.01,0,0,,,,-0.003,-0.006,1.5,13.26,-0.01,,,
93.15,REGROUND,11.31,0.22,-9.58,23.8,-0.01,0,0,,,,-0.003,-0.007,0.9,13.26,-0.01,,,
93.2,REGROUND,11.31,0.22,-9.58,23.81,-0.01,0,0,,,,-0.003,-0.006,1.5,13.26,-0.01,,,
93.25,REGROUND,11.31,0.22,-9.58,23.83,-0.01,0,0,,,,-0.003,-0.006,1.6,13.26,-0.01,,,
93.3,REGROUND,11.31,0.22,-9.58,23.84,-0.01,0,0,,,,-0.003,-0.006,1.0,13.26,-0.01,,,
93.35,REGROUND,11.3,0.21,-9.58,23.85,-0.01,0,0,,,,-0.002,-0.006,1.6,13.26,-0.01,,,
93.4,REGROUND,11.3,0.21,-9.58,23.86,-0.01,0,0,,,,-0.002,-0.006,1.0,13.26,-0.01,,,
93.45,REGROUND,11.3,0.21,-9.58,23.88,-0.01,0,0,,,,-0.002,-0.005,4.3,13.26,-0.01,,,
93.5,REGROUND,11.3,0.21,-9.58,23.89,-0.01,0,0,,,,-0.002,-0.006,1.0,13.26,-0.01,,,
93.55,REGROUND,11.3,0.21,-9.58,23.9,-0.01,0,0,,,,-0.001,-0.005,1.6,13.26,-0.01,,,
93.6,REGROUND,11.3,0.21,-9.58,23.91,-0.01,0,0,,,,-0.001,-0.005,0.7,13.26,-0.01,,,
93.65,REGROUND,11.3,0.21,-9.58,23.93,-0.01,0,0,,,,-0.001,-0.005,1.6,13.26,-0.01,,,
93.7,REGROUND,11.3,0.21,-9.58,23.94,-0.01,0,0,,,,-0.001,-0.005,0.9,13.26,-0.01,,,
93.75,REGROUND,11.3,0.21,-9.58,23.95,-0.01,0,0,,,,-0.0,-0.004,1.7,13.26,-0.01,,,
93.8,REGROUND,11.3,0.21,-9.58,23.96,-0.01,0,0,,,,-0.0,-0.005,0.9,13.26,-0.01,,,
93.85,REGROUND,11.3,0.21,-9.58,23.98,-0.01,0,0,,,,0.0,-0.004,1.6,13.26,-0.01,,,
93.9,REGROUND,11.3,0.21,-9.58,23.99,-0.01,0,0,,,,0.0,-0.004,1.0,13.26,-0.01,,,
93.95,REGROUND,11.3,0.21,-9.58,24.0,-0.01,0,0,,,,0.001,-0.004,1.6,13.26,-0.01,,,
94.0,REGROUND,11.3,0.21,-9.58,24.01,-0.01,0,0,,,,0.001,-0.004,1.1,13.26,-0.01,,,
94.05,REGROUND,11.3,0.21,-9.58,24.03,-0.01,0,0,,,,0.001,-0.004,1.8,13.26,-0.01,,,
94.1,REGROUND,11.3,0.21,-9.58,24.04,-0.01,0,0,,,,0.001,-0.004,1.2,13.26,-0.01,,,
94.15,REGROUND,11.29,0.21,-9.58,24.05,-0.01,0,0,,,,0.002,-0.003,1.7,13.26,-0.01,,,
94.2,REGROUND,11.29,0.21,-9.58,24.06,-0.01,0,0,,,,0.002,-0.003,1.1,13.26,-0.01,,,
94.25,REGROUND,11.29,0.21,-9.58,24.08,-0.01,0,0,,,,0.002,-0.003,1.7,13.26,-0.01,,,
94.3,REGROUND,11.29,0.21,-9.58,24.09,-0.01,0,0,,,,0.002,-0.003,1.1,13.26,-0.01,,,
94.35,REGROUND,11.29,0.21,-9.58,24.1,-0.01,0,0,,,,0.003,-0.003,1.7,13.26,-0.01,,,
94.4,REGROUND,11.29,0.21,-9.58,24.11,-0.01,0,0,,,,0.003,-0.003,1.1,13.26,-0.01,,,
94.45,REGROUND,11.29,0.2,-9.58,24.13,-0.01,0,0,,,,0.003,-0.003,1.7,13.26,-0.01,,,
94.5,REGROUND,11.29,0.2,-9.58,24.14,-0.01,0,0,,,,0.003,-0.003,1.0,13.26,-0.01,,,
94.55,REGROUND,11.29,0.2,-9.58,24.15,-0.01,0,0,,,,0.003,-0.003,1.7,13.26,-0.01,,,
94.6,REGROUND,11.29,0.2,-9.58,24.16,-0.01,0,0,,,,0.003,-0.003,0.9,13.26,-0.01,,,
94.65,REGROUND,11.29,0.2,-9.58,24.18,-0.01,0,0,,,,0.003,-0.003,1.9,13.26,-0.01,,,
94.7,REGROUND,11.29,0.2,-9.58,24.19,-0.01,0,0,,,,0.003,-0.003,1.1,13.26,-0.01,,,
94.75,REGROUND,11.29,0.2,-9.58,24.2,-0.01,0,0,,,,0.003,-0.002,1.8,13.26,-0.01,,,
94.8,REGROUND,11.29,0.2,-9.58,24.21,-0.01,0,0,,,,0.003,-0.002,1.2,13.26,-0.01,,,
94.85,REGROUND,11.29,0.2,-9.58,24.23,-0.01,0,0,,,,0.003,-0.002,1.4,13.26,-0.01,,,
94.9,REGROUND,11.29,0.2,-9.58,24.24,-0.01,0,0,,,,0.003,-0.002,1.0,13.26,-0.01,,,
94.95,REGROUND,11.29,0.2,-9.58,24.25,-0.01,0,0,,,,0.003,-0.002,1.2,13.26,-0.01,,,
95.0,REGROUND,11.29,0.2,-9.58,24.26,-0.01,0,0,,,,0.003,-0.002,1.0,13.26,-0.01,,,
95.05,REGROUND,11.29,0.2,-9.58,24.28,-0.01,0,0,,,,0.003,-0.002,1.4,13.26,-0.01,,,
95.1,REGROUND,11.29,0.2,-9.58,24.29,-0.01,0,0,,,,0.003,-0.002,0.9,13.26,-0.01,,,
95.15,REGROUND,11.29,0.2,-9.58,24.3,-0.01,0,0,,,,0.003,-0.001,1.6,13.26,-0.01,,,
95.2,REGROUND,11.29,0.2,-9.58,24.31,-0.01,0,0,,,,0.003,-0.002,0.9,13.26,-0.01,,,
95.25,REGROUND,11.29,0.2,-9.58,24.33,-0.01,0,0,,,,0.003,-0.001,1.3,13.26,-0.01,,,
95.3,REGROUND,11.29,0.2,-9.58,24.34,-0.01,0,0,,,,0.003,-0.002,1.0,13.26,-0.01,,,
95.35,REGROUND,11.29,0.2,-9.58,24.35,-0.01,0,0,,,,0.002,-0.001,1.5,13.26,-0.01,,,
95.4,REGROUND,11.29,0.2,-9.58,24.36,-0.01,0,0,,,,0.002,-0.002,1.0,13.26,-0.01,,,
95.45,REGROUND,11.29,0.2,-9.58,24.38,-0.01,0,0,,,,0.002,-0.002,1.4,13.26,-0.01,,,
95.5,REGROUND,11.29,0.2,-9.58,24.39,-0.01,0,0,,,,0.002,-0.002,1.0,13.26,-0.01,,,
95.55,REGROUND,11.29,0.2,-9.58,24.4,-0.01,0,0,,,,0.002,-0.002,1.4,13.26,-0.01,,,
95.6,REGROUND,11.29,0.2,-9.58,24.41,-0.01,0,0,,,,0.002,-0.002,1.0,13.26,-0.01,,,
95.65,REGROUND,11.29,0.2,-9.58,24.43,-0.01,0,0,,,,0.002,-0.002,1.6,13.26,-0.01,,,
95.7,REGROUND,11.29,0.2,-9.58,24.44,-0.01,0,0,,,,0.002,-0.002,0.9,13.26,-0.01,,,
95.75,REGROUND,11.29,0.2,-9.58,24.45,-0.01,0,0,,,,0.001,-0.002,1.6,13.26,-0.01,,,
95.8,REGROUND,11.29,0.2,-9.58,24.46,-0.01,0,0,,,,0.001,-0.002,0.9,13.26,-0.01,,,
95.85,REGROUND,11.29,0.2,-9.58,24.48,-0.01,0,0,,,,0.001,-0.002,4.4,13.26,-0.01,,,
95.9,REGROUND,11.29,0.2,-9.58,24.49,-0.01,0,0,,,,0.001,-0.002,0.7,13.26,-0.01,,,
95.95,REGROUND,11.29,0.2,-9.58,24.5,-0.01,0,0,,,,0.001,-0.002,1.4,13.26,-0.01,,,
96.0,REGROUND,11.29,0.2,-9.58,24.51,-0.01,0,0,,,,0.001,-0.003,0.9,13.26,-0.01,,,
96.05,REGROUND,11.29,0.2,-9.58,24.53,-0.01,0,0,,,,0.001,-0.003,1.3,13.26,-0.01,,,
96.1,REGROUND,11.29,0.2,-9.58,24.54,-0.01,0,0,,,,0.001,-0.003,1.0,13.26,-0.01,,,
96.15,REGROUND,11.29,0.2,-9.58,24.55,-0.01,0,0,,,,0.0,-0.003,1.4,13.26,-0.01,,,
96.2,REGROUND,11.29,0.2,-9.58,24.56,-0.01,0,0,,,,0.0,-0.003,1.0,13.26,-0.01,,,
96.25,REGROUND,11.29,0.2,-9.58,24.58,-0.01,0,0,,,,0.0,-0.003,1.6,13.26,-0.01,,,
96.3,REGROUND,11.29,0.2,-9.58,24.59,-0.01,0,0,,,,0.0,-0.003,1.0,13.26,-0.01,,,
96.35,REGROUND,11.3,0.2,-9.58,24.6,-0.01,0,0,,,,0.0,-0.003,1.6,13.26,-0.01,,,
96.4,REGROUND,11.3,0.2,-9.58,24.61,-0.01,0,0,,,,0.0,-0.004,0.9,13.26,-0.01,,,
96.45,REGROUND,11.3,0.2,-9.58,24.63,-0.01,0,0,,,,0.0,-0.004,1.6,13.26,-0.01,,,
96.5,REGROUND,11.3,0.2,-9.58,24.64,-0.01,0,0,,,,0.0,-0.004,1.0,13.26,-0.01,,,
96.55,REGROUND,11.3,0.2,-9.58,24.65,-0.01,0,0,,,,-0.0,-0.004,1.6,13.26,-0.01,,,
96.6,REGROUND,11.3,0.2,-9.58,24.66,-0.01,0,0,,,,-0.0,-0.004,1.0,13.26,-0.01,,,
96.65,REGROUND,11.3,0.2,-9.58,24.68,-0.01,0,0,,,,-0.0,-0.004,1.4,13.26,-0.01,,,
96.7,REGROUND,11.3,0.2,-9.58,24.69,-0.01,0,0,,,,-0.0,-0.005,0.9,13.26,-0.01,,,
96.75,REGROUND,11.3,0.2,-9.58,24.7,-0.01,0,0,,,,-0.0,-0.005,1.6,13.26,-0.01,,,
96.8,REGROUND,11.3,0.2,-9.58,24.71,-0.01,0,0,,,,-0.0,-0.005,1.0,13.26,-0.01,,,
96.85,REGROUND,11.3,0.2,-9.58,24.73,-0.01,0,0,,,,-0.0,-0.005,1.6,13.26,-0.01,,,
96.9,REGROUND,11.3,0.2,-9.58,24.74,-0.01,0,0,,,,-0.0,-0.005,1.0,13.26,-0.01,,,
96.95,REGROUND,11.3,0.19,-9.58,24.75,-0.01,0,0,,,,-0.0,-0.005,1.4,13.26,-0.01,,,
97.0,REGROUND,11.3,0.19,-9.58,24.76,-0.01,0,0,,,,-0.0,-0.005,1.0,13.26,-0.01,,,
97.05,REGROUND,11.3,0.19,-9.58,24.78,-0.01,0,0,,,,-0.0,-0.005,1.6,13.26,-0.01,,,
97.1,REGROUND,11.3,0.19,-9.58,24.79,-0.01,0,0,,,,-0.0,-0.005,1.0,13.26,-0.01,,,
97.15,REGROUND,11.3,0.19,-9.58,24.8,-0.01,0,0,,,,-0.0,-0.005,1.5,13.26,-0.01,,,
97.2,REGROUND,11.3,0.19,-9.58,24.81,-0.01,0,0,,,,-0.0,-0.005,0.9,13.26,-0.01,,,
97.25,REGROUND,11.3,0.19,-9.58,24.83,-0.01,0,0,,,,-0.0,-0.006,1.6,13.26,-0.01,,,
97.3,REGROUND,11.3,0.19,-9.58,24.84,-0.01,0,0,,,,-0.0,-0.006,0.9,13.26,-0.01,,,
97.35,REGROUND,11.3,0.19,-9.58,24.85,-0.01,0,0,,,,-0.001,-0.006,1.6,13.26,-0.01,,,
97.4,REGROUND,11.3,0.19,-9.58,24.86,-0.01,0,0,,,,-0.001,-0.006,0.9,13.26,-0.01,,,
97.45,REGROUND,11.3,0.19,-9.58,24.88,-0.01,0,0,,,,-0.0,-0.006,1.6,13.26,-0.01,,,
97.5,REGROUND,11.3,0.19,-9.58,24.89,-0.01,0,0,,,,-0.0,-0.006,1.0,13.26,-0.01,,,
97.55,REGROUND,11.3,0.19,-9.58,24.9,-0.01,0,0,,,,-0.001,-0.006,1.6,13.26,-0.01,,,
97.6,REGROUND,11.3,0.19,-9.58,24.91,-0.01,0,0,,,,-0.001,-0.006,1.0,13.26,-0.01,,,
97.65,REGROUND,11.3,0.19,-9.58,24.93,-0.01,0,0,,,,-0.001,-0.006,1.7,13.26,-0.01,,,
97.7,REGROUND,11.3,0.19,-9.58,24.94,-0.01,0,0,,,,-0.001,-0.006,1.0,13.26,-0.01,,,
97.75,REGROUND,11.3,0.19,-9.58,24.95,-0.01,0,0,,,,-0.001,-0.006,1.6,13.26,-0.01,,,
97.8,REGROUND,11.3,0.19,-9.58,24.96,-0.01,0,0,,,,-0.001,-0.006,1.0,13.26,-0.01,,,
97.85,REGROUND,11.3,0.19,-9.58,24.98,-0.01,0,0,,,,-0.001,-0.006,1.6,13.26,-0.01,,,
97.9,REGROUND,11.3,0.19,-9.58,24.99,-0.01,0,0,,,,-0.001,-0.006,1.0,13.26,-0.01,,,
97.95,REGROUND,11.3,0.19,-9.58,25.0,-0.01,0,0,,,,-0.001,-0.006,1.6,13.26,-0.01,,,
98.0,REGROUND,11.3,0.19,-9.58,25.01,-0.01,0,0,,,,-0.001,-0.006,0.9,13.26,-0.01,,,
98.05,REGROUND,11.3,0.19,-9.58,25.03,-0.01,0,0,,,,-0.001,-0.006,1.6,13.26,-0.01,,,
98.1,REGROUND,11.3,0.19,-9.58,25.04,-0.01,0,0,,,,-0.001,-0.007,0.9,13.26,-0.01,,,
98.15,REGROUND,11.3,0.19,-9.58,25.05,-0.01,0,0,,,,-0.001,-0.006,1.6,13.26,-0.01,,,
98.2,REGROUND,11.3,0.19,-9.58,25.06,-0.01,0,0,,,,-0.001,-0.007,1.0,13.26,-0.01,,,
98.25,REGROUND,11.3,0.19,-9.58,25.08,-0.01,0,0,,,,-0.001,-0.007,4.3,13.26,-0.01,,,
98.3,REGROUND,11.3,0.19,-9.58,25.09,-0.01,0,0,,,,-0.001,-0.007,1.0,13.26,-0.01,,,
98.35,REGROUND,11.3,0.19,-9.58,25.1,-0.01,0,0,,,,-0.001,-0.007,1.6,13.26,-0.01,,,
98.4,REGROUND,11.3,0.19,-9.58,25.11,-0.01,0,0,,,,-0.001,-0.007,1.0,13.26,-0.01,,,
98.45,REGROUND,11.29,0.19,-9.58,25.13,-0.01,0,0,,,,-0.001,-0.007,1.6,13.26,-0.01,,,
98.5,REGROUND,11.29,0.19,-9.58,25.14,-0.01,0,0,,,,-0.001,-0.007,1.0,13.26,-0.01,,,
98.55,REGROUND,11.3,0.19,-9.58,25.15,-0.01,0,0,,,,-0.001,-0.007,1.7,13.26,-0.01,,,
98.6,REGROUND,11.3,0.19,-9.58,25.17,-0.01,0,0,,,,-0.001,-0.007,0.8,13.26,-0.01,,,
98.65,REGROUND,11.29,0.19,-9.58,25.18,-0.01,0,0,,,,-0.001,-0.007,1.6,13.26,-0.01,,,
98.7,REGROUND,11.29,0.19,-9.58,25.19,-0.01,0,0,,,,-0.001,-0.007,0.9,13.26,-0.01,,,
98.75,REGROUND,11.29,0.19,-9.58,25.2,-0.01,0,0,,,,-0.001,-0.007,1.6,13.26,-0.01,,,
98.8,REGROUND,11.29,0.19,-9.58,25.22,-0.01,0,0,,,,-0.001,-0.007,0.9,13.26,-0.01,,,
98.85,REGROUND,11.29,0.19,-9.58,25.23,-0.01,0,0,,,,-0.001,-0.007,1.5,13.26,-0.01,,,
98.9,REGROUND,11.29,0.19,-9.58,25.24,-0.01,0,0,,,,-0.001,-0.007,0.9,13.26,-0.01,,,
98.95,REGROUND,11.29,0.19,-9.58,25.25,-0.01,0,0,,,,-0.001,-0.007,1.6,13.26,-0.01,,,
99.0,REGROUND,11.29,0.19,-9.58,25.27,-0.01,0,0,,,,-0.001,-0.007,1.0,13.26,-0.01,,,
99.05,REGROUND,11.29,0.19,-9.58,25.28,-0.01,0,0,,,,-0.001,-0.007,1.6,13.26,-0.01,,,
99.1,REGROUND,11.29,0.19,-9.58,25.29,-0.01,0,0,,,,-0.001,-0.007,1.0,13.26,-0.01,,,
99.15,REGROUND,11.29,0.19,-9.58,25.3,-0.01,0,0,,,,-0.001,-0.007,1.6,13.26,-0.01,,,
99.2,REGROUND,11.29,0.19,-9.58,25.32,-0.01,0,0,,,,-0.001,-0.007,1.0,13.26,-0.01,,,
99.25,REGROUND,11.29,0.19,-9.58,25.33,-0.01,0,0,,,,-0.001,-0.007,1.7,13.26,-0.01,,,
99.3,REGROUND,11.29,0.19,-9.58,25.34,-0.01,0,0,,,,-0.001,-0.007,0.9,13.26,-0.01,,,
99.35,REGROUND,11.29,0.19,-9.58,25.35,-0.01,0,0,,,,-0.002,-0.007,1.6,13.26,-0.01,,,
99.4,REGROUND,11.29,0.19,-9.58,25.37,-0.01,0,0,,,,-0.002,-0.007,0.9,13.26,-0.01,,,
99.45,REGROUND,11.3,0.19,-9.58,25.38,-0.01,0,0,,,,-0.002,-0.007,1.6,13.26,-0.01,,,
99.5,REGROUND,11.3,0.19,-9.58,25.39,-0.01,0,0,,,,-0.002,-0.007,0.9,13.26,-0.01,,,
99.55,REGROUND,11.3,0.18,-9.58,25.4,-0.01,0,0,,,,-0.002,-0.007,1.5,13.26,-0.01,,,
99.6,REGROUND,11.3,0.18,-9.58,25.42,-0.01,0,0,,,,-0.002,-0.007,1.0,13.26,-0.01,,,
99.65,REGROUND,11.3,0.18,-9.58,25.43,-0.01,0,0,,,,-0.002,-0.007,1.6,13.26,-0.01,,,
99.7,REGROUND,11.3,0.18,-9.58,25.44,-0.01,0,0,,,,-0.002,-0.007,1.0,13.26,-0.01,,,
99.75,REGROUND,11.3,0.18,-9.58,25.45,-0.01,0,0,,,,-0.003,-0.006,1.6,13.26,-0.01,,,
99.8,REGROUND,11.3,0.18,-9.58,25.47,-0.01,0,0,,,,-0.003,-0.006,1.0,13.26,-0.01,,,
99.86,REGROUND,11.3,0.18,-9.58,25.48,-0.01,0,0,,,,-0.003,-0.006,1.6,13.26,-0.01,,,
99.91,REGROUND,11.3,0.18,-9.58,25.49,-0.01,0,0,,,,-0.003,-0.006,0.9,13.26,-0.01,,,
99.96,REGROUND,11.3,0.18,-9.58,25.5,-0.01,0,0,,,,-0.003,-0.006,1.6,13.26,-0.01,,,
100.01,REGROUND,11.3,0.18,-9.58,25.52,-0.01,0,0,,,,-0.003,-0.006,1.0,13.26,-0.01,,,
100.06,REGROUND,11.3,0.18,-9.58,25.53,-0.01,0,0,,,,-0.003,-0.006,1.6,13.26,-0.01,,,
100.11,REGROUND,11.3,0.18,-9.58,25.54,-0.01,0,0,,,,-0.003,-0.006,1.0,13.26,-0.01,,,
100.16,REGROUND,11.3,0.18,-9.58,25.55,-0.01,0,0,,,,-0.003,-0.006,1.5,13.26,-0.01,,,
100.21,REGROUND,11.3,0.18,-9.58,25.57,-0.01,0,0,,,,-0.003,-0.006,0.9,13.26,-0.01,,,
100.26,REGROUND,11.3,0.18,-9.58,25.58,-0.01,0,0,,,,-0.003,-0.006,1.6,13.26,-0.01,,,
100.31,REGROUND,11.3,0.18,-9.58,25.59,-0.01,0,0,,,,-0.003,-0.006,0.9,13.26,-0.01,,,
100.36,REGROUND,11.3,0.18,-9.58,25.6,-0.01,0,0,,,,-0.003,-0.006,1.6,13.26,-0.01,,,
100.41,REGROUND,11.3,0.18,-9.58,25.62,-0.01,0,0,,,,-0.003,-0.006,1.0,13.26,-0.01,,,
100.46,REGROUND,11.3,0.18,-9.58,25.63,-0.01,0,0,,,,-0.003,-0.006,1.6,13.26,-0.01,,,
100.51,REGROUND,11.3,0.18,-9.58,25.64,-0.01,0,0,,,,-0.003,-0.006,1.0,13.26,-0.01,,,
100.56,REGROUND,11.3,0.18,-9.58,25.65,-0.01,0,0,,,,-0.003,-0.006,1.6,13.26,-0.01,,,
100.61,REGROUND,11.3,0.18,-9.58,25.67,-0.01,0,0,,,,-0.003,-0.006,0.8,13.26,-0.01,,,
100.66,REGROUND,11.3,0.18,-9.58,25.68,-0.01,0,0,,,,-0.003,-0.006,4.5,13.26,-0.01,,,
100.71,REGROUND,11.3,0.18,-9.58,25.69,-0.01,0,0,,,,-0.003,-0.006,0.9,13.26,-0.01,,,
100.76,REGROUND,11.3,0.18,-9.58,25.7,-0.01,0,0,,,,-0.003,-0.006,1.4,13.26,-0.01,,,
100.81,REGROUND,11.3,0.18,-9.58,25.72,-0.01,0,0,,,,-0.003,-0.006,0.9,13.26,-0.01,,,
100.86,REGROUND,11.3,0.18,-9.58,25.73,-0.01,0,0,,,,-0.003,-0.006,1.6,13.26,-0.01,,,
100.91,REGROUND,11.3,0.18,-9.58,25.74,-0.01,0,0,,,,-0.003,-0.006,0.9,13.26,-0.01,,,
100.96,REGROUND,11.29,0.18,-9.58,25.75,-0.01,0,0,,,,-0.003,-0.006,1.5,13.26,-0.01,,,
101.01,REGROUND,11.29,0.18,-9.58,25.77,-0.01,0,0,,,,-0.003,-0.006,0.9,13.26,-0.01,,,
101.06,REGROUND,11.29,0.18,-9.58,25.78,-0.01,0,0,,,,-0.002,-0.006,1.5,13.26,-0.01,,,
101.11,REGROUND,11.29,0.18,-9.58,25.79,-0.01,0,0,,,,-0.002,-0.006,1.0,13.26,-0.01,,,
101.16,REGROUND,11.29,0.17,-9.58,25.8,-0.01,0,0,,,,-0.002,-0.006,1.6,13.26,-0.01,,,
101.21,REGROUND,11.29,0.17,-9.58,25.82,-0.01,0,0,,,,-0.002,-0.006,1.0,13.26,-0.01,,,
101.26,REGROUND,11.29,0.17,-9.58,25.83,-0.01,0,0,,,,-0.002,-0.006,1.6,13.26,-0.01,,,
101.31,REGROUND,11.29,0.17,-9.58,25.84,-0.01,0,0,,,,-0.002,-0.006,1.0,13.26,-0.01,,,
101.36,REGROUND,11.29,0.17,-9.58,25.85,-0.01,0,0,,,,-0.002,-0.006,1.6,13.26,-0.01,,,
101.41,REGROUND,11.29,0.17,-9.58,25.87,-0.01,0,0,,,,-0.002,-0.006,1.0,13.26,-0.01,,,
101.46,REGROUND,11.29,0.17,-9.58,25.88,-0.01,0,0,,,,-0.002,-0.006,1.8,13.26,-0.01,,,
101.51,REGROUND,11.29,0.17,-9.58,25.89,-0.01,0,0,,,,-0.002,-0.006,0.9,13.26,-0.01,,,
101.56,REGROUND,11.29,0.17,-9.58,25.9,-0.01,0,0,,,,-0.002,-0.006,1.4,13.26,-0.01,,,
101.61,REGROUND,11.29,0.17,-9.58,25.92,-0.01,0,0,,,,-0.002,-0.006,0.9,13.26,-0.01,,,
101.66,REGROUND,11.29,0.17,-9.58,25.93,-0.01,0,0,,,,-0.002,-0.006,1.6,13.26,-0.01,,,
101.71,REGROUND,11.29,0.17,-9.58,25.94,-0.01,0,0,,,,-0.002,-0.006,0.9,13.26,-0.01,,,
101.76,REGROUND,11.29,0.17,-9.58,25.95,-0.01,0,0,,,,-0.002,-0.006,1.6,13.26,-0.01,,,
101.81,REGROUND,11.29,0.17,-9.58,25.97,-0.01,0,0,,,,-0.002,-0.006,1.0,13.26,-0.01,,,
101.86,REGROUND,11.29,0.17,-9.58,25.98,-0.01,0,0,,,,-0.002,-0.006,1.6,13.26,-0.01,,,
101.91,REGROUND,11.29,0.17,-9.58,25.99,-0.01,0,0,,,,-0.002,-0.006,1.0,13.26,-0.01,,,
101.96,REGROUND,11.29,0.17,-9.58,26.0,-0.01,0,0,,,,-0.002,-0.006,1.6,13.26,-0.01,,,
102.01,REGROUND,11.29,0.17,-9.58,26.02,-0.01,0,0,,,,-0.002,-0.006,1.0,13.26,-0.01,,,
102.06,REGROUND,11.29,0.17,-9.58,26.03,-0.01,0,0,,,,-0.001,-0.006,1.6,13.26,-0.01,,,
102.11,REGROUND,11.29,0.17,-9.58,26.04,-0.01,0,0,,,,-0.001,-0.006,1.0,13.26,-0.01,,,
102.16,REGROUND,11.29,0.17,-9.58,26.05,-0.01,0,0,,,,-0.002,-0.005,1.6,13.26,-0.01,,,
102.21,REGROUND,11.29,0.17,-9.58,26.07,-0.01,0,0,,,,-0.002,-0.005,0.9,13.26,-0.01,,,
102.26,REGROUND,11.29,0.17,-9.58,26.08,-0.01,0,0,,,,-0.001,-0.005,1.6,13.26,-0.01,,,
102.31,REGROUND,11.29,0.17,-9.58,26.09,-0.01,0,0,,,,-0.001,-0.005,0.9,13.26,-0.01,,,
102.36,REGROUND,11.29,0.17,-9.58,26.1,-0.01,0,0,,,,-0.001,-0.005,1.6,13.26,-0.01,,,
102.41,REGROUND,11.29,0.17,-9.58,26.12,-0.01,0,0,,,,-0.002,-0.005,0.9,13.26,-0.01,,,
102.46,REGROUND,11.29,0.17,-9.58,26.13,-0.01,0,0,,,,-0.001,-0.005,1.3,13.26,-0.01,,,
102.51,REGROUND,11.29,0.17,-9.58,26.14,-0.01,0,0,,,,-0.001,-0.005,1.0,13.26,-0.01,,,
102.56,REGROUND,11.29,0.17,-9.58,26.15,-0.01,0,0,,,,-0.001,-0.005,1.4,13.26,-0.01,,,
102.61,REGROUND,11.29,0.17,-9.58,26.17,-0.01,0,0,,,,-0.001,-0.005,1.0,13.26,-0.01,,,
102.66,REGROUND,11.29,0.16,-9.58,26.18,-0.01,0,0,,,,-0.001,-0.005,1.6,13.26,-0.01,,,
102.71,REGROUND,11.29,0.16,-9.58,26.19,-0.01,0,0,,,,-0.001,-0.005,0.9,13.26,-0.01,,,
102.76,REGROUND,11.29,0.16,-9.58,26.2,-0.01,0,0,,,,-0.001,-0.004,1.6,13.26,-0.01,,,
102.81,REGROUND,11.29,0.16,-9.58,26.22,-0.01,0,0,,,,-0.001,-0.005,1.0,13.26,-0.01,,,
102.86,REGROUND,11.29,0.16,-9.58,26.23,-0.01,0,0,,,,-0.001,-0.004,1.6,13.26,-0.01,,,
102.91,REGROUND,11.29,0.16,-9.58,26.24,-0.01,0,0,,,,-0.001,-0.004,0.9,13.26,-0.01,,,
102.96,REGROUND,11.29,0.16,-9.58,26.25,-0.01,0,0,,,,-0.001,-0.004,1.6,13.26,-0.01,,,
103.01,REGROUND,11.29,0.16,-9.58,26.27,-0.01,0,0,,,,-0.001,-0.004,1.0,13.26,-0.01,,,
103.06,REGROUND,11.29,0.16,-9.58,26.28,-0.01,0,0,,,,-0.0,-0.004,4.2,13.26,-0.01,,,
103.11,REGROUND,11.29,0.16,-9.58,26.29,-0.01,0,0,,,,-0.0,-0.004,1.0,13.26,-0.01,,,
103.16,REGROUND,11.29,0.16,-9.58,26.3,-0.01,0,0,,,,-0.0,-0.004,1.6,13.26,-0.01,,,
103.21,REGROUND,11.29,0.16,-9.58,26.32,-0.01,0,0,,,,-0.0,-0.004,1.0,13.26,-0.01,,,
103.26,REGROUND,11.29,0.16,-9.58,26.33,-0.01,0,0,,,,-0.0,-0.004,1.7,13.26,-0.01,,,
103.31,REGROUND,11.29,0.16,-9.58,26.34,-0.01,0,0,,,,-0.0,-0.004,0.7,13.26,-0.01,,,
103.36,REGROUND,11.29,0.16,-9.58,26.35,-0.01,0,0,,,,0.0,-0.004,1.4,13.26,-0.01,,,
103.41,REGROUND,11.29,0.16,-9.58,26.37,-0.01,0,0,,,,0.0,-0.004,1.0,13.26,-0.01,,,
103.46,REGROUND,11.28,0.16,-9.58,26.38,-0.01,0,0,,,,0.0,-0.004,1.4,13.26,-0.01,,,
103.51,REGROUND,11.28,0.16,-9.58,26.39,-0.01,0,0,,,,0.0,-0.004,0.9,13.26,-0.01,,,
103.56,REGROUND,11.28,0.16,-9.58,26.4,-0.01,0,0,,,,0.0,-0.003,1.6,13.26,-0.01,,,
103.61,REGROUND,11.28,0.16,-9.58,26.42,-0.01,0,0,,,,0.0,-0.003,0.9,13.26,-0.01,,,
103.66,REGROUND,11.28,0.16,-9.58,26.43,-0.01,0,0,,,,0.0,-0.003,1.6,13.26,-0.01,,,
103.71,REGROUND,11.28,0.16,-9.58,26.44,-0.01,0,0,,,,0.0,-0.003,1.0,13.26,-0.01,,,
103.76,REGROUND,11.28,0.16,-9.58,26.45,-0.01,0,0,,,,0.0,-0.003,1.6,13.26,-0.01,,,
103.81,REGROUND,11.28,0.16,-9.58,26.47,-0.01,0,0,,,,0.0,-0.003,1.0,13.26,-0.01,,,
103.86,REGROUND,11.28,0.16,-9.58,26.48,-0.01,0,0,,,,0.0,-0.003,1.6,13.26,-0.01,,,
103.91,REGROUND,11.28,0.16,-9.58,26.49,-0.01,0,0,,,,0.0,-0.003,1.0,13.26,-0.01,,,
103.96,REGROUND,11.28,0.15,-9.58,26.5,-0.01,0,0,,,,0.0,-0.002,1.6,13.26,-0.01,,,
104.01,REGROUND,11.28,0.15,-9.58,26.52,-0.01,0,0,,,,0.0,-0.003,1.0,13.26,-0.01,,,
104.06,REGROUND,11.28,0.15,-9.58,26.53,-0.01,0,0,,,,0.0,-0.002,1.6,13.26,-0.01,,,
104.11,REGROUND,11.28,0.15,-9.58,26.54,-0.01,0,0,,,,0.0,-0.002,1.0,13.26,-0.01,,,
104.16,REGROUND,11.28,0.15,-9.58,26.55,-0.01,0,0,,,,0.0,-0.002,1.6,13.26,-0.01,,,
104.21,REGROUND,11.28,0.15,-9.58,26.57,-0.01,0,0,,,,0.0,-0.002,0.9,13.26,-0.01,,,
104.26,REGROUND,11.28,0.15,-9.58,26.58,-0.01,0,0,,,,0.0,-0.002,1.5,13.26,-0.01,,,
104.31,REGROUND,11.28,0.15,-9.58,26.59,-0.01,0,0,,,,0.0,-0.002,0.9,13.26,-0.01,,,
104.36,REGROUND,11.28,0.15,-9.58,26.6,-0.01,0,0,,,,0.0,-0.002,1.6,13.26,-0.01,,,
104.41,REGROUND,11.28,0.15,-9.58,26.62,-0.01,0,0,,,,0.0,-0.002,1.0,13.26,-0.01,,,
104.46,REGROUND,11.28,0.15,-9.58,26.63,-0.01,0,0,,,,0.0,-0.002,1.4,13.26,-0.01,,,
104.51,REGROUND,11.28,0.15,-9.58,26.64,-0.01,0,0,,,,0.0,-0.003,1.0,13.26,-0.01,,,
104.56,REGROUND,11.28,0.15,-9.58,26.65,-0.01,0,0,,,,0.0,-0.002,1.6,13.26,-0.01,,,
104.61,REGROUND,11.28,0.15,-9.58,26.67,-0.01,0,0,,,,0.0,-0.003,1.0,13.26,-0.01,,,
104.66,REGROUND,11.28,0.15,-9.58,26.68,-0.01,0,0,,,,0.001,-0.003,1.6,13.26,-0.01,,,
104.71,REGROUND,11.28,0.15,-9.58,26.69,-0.01,0,0,,,,0.001,-0.003,1.0,13.26,-0.01,,,
104.76,REGROUND,11.28,0.15,-9.58,26.7,-0.01,0,0,,,,0.001,-0.003,1.5,13.26,-0.01,,,
104.81,REGROUND,11.28,0.15,-9.58,26.72,-0.01,0,0,,,,0.001,-0.003,0.9,13.26,-0.01,,,
104.86,REGROUND,11.28,0.15,-9.58,26.73,-0.01,0,0,,,,0.001,-0.003,1.5,13.26,-0.01,,,
104.91,REGROUND,11.28,0.15,-9.58,26.74,-0.01,0,0,,,,0.001,-0.003,0.9,13.26,-0.01,,,
104.96,REGROUND,11.28,0.15,-9.58,26.75,-0.01,0,0,,,,0.001,-0.003,1.5,13.26,-0.01,,,
105.01,REGROUND,11.28,0.15,-9.58,26.77,-0.01,0,0,,,,0.001,-0.003,0.8,13.26,-0.01,,,
105.06,REGROUND,11.28,0.15,-9.58,26.78,-0.01,0,0,,,,0.001,-0.004,1.6,13.26,-0.01,,,
105.11,REGROUND,11.28,0.15,-9.58,26.79,-0.01,0,0,,,,0.001,-0.004,0.8,13.26,-0.01,,,
105.16,REGROUND,11.28,0.15,-9.58,26.8,-0.01,0,0,,,,0.001,-0.004,1.5,13.26,-0.01,,,
105.21,REGROUND,11.28,0.15,-9.58,26.82,-0.01,0,0,,,,0.001,-0.004,1.0,13.26,-0.01,,,
105.26,REGROUND,11.28,0.15,-9.58,26.83,-0.01,0,0,,,,0.001,-0.004,1.7,13.26,-0.01,,,
105.31,REGROUND,11.28,0.15,-9.58,26.84,-0.01,0,0,,,,0.001,-0.004,1.0,13.26,-0.01,,,
105.36,REGROUND,11.28,0.15,-9.58,26.85,-0.01,0,0,,,,0.001,-0.004,1.6,13.26,-0.01,,,
105.41,REGROUND,11.28,0.15,-9.58,26.87,-0.01,0,0,,,,0.001,-0.004,1.0,13.26,-0.01,,,
105.46,REGROUND,11.28,0.15,-9.58,26.88,-0.01,0,0,,,,0.001,-0.005,4.0,13.26,-0.01,,,
105.51,REGROUND,11.28,0.15,-9.58,26.89,-0.01,0,0,,,,0.001,-0.005,1.0,13.26,-0.01,,,
105.56,REGROUND,11.28,0.15,-9.58,26.91,-0.01,0,0,,,,0.001,-0.005,1.5,13.26,-0.01,,,
105.61,REGROUND,11.28,0.15,-9.58,26.92,-0.01,0,0,,,,0.001,-0.005,0.9,13.26,-0.01,,,
105.66,REGROUND,11.28,0.15,-9.58,26.93,-0.01,0,0,,,,0.001,-0.005,1.5,13.26,-0.01,,,
105.71,REGROUND,11.28,0.15,-9.58,26.94,-0.01,0,0,,,,0.001,-0.005,0.9,13.26,-0.01,,,
105.76,REGROUND,11.28,0.15,-9.58,26.96,-0.01,0,0,,,,0.001,-0.005,1.6,13.26,-0.01,,,
105.81,REGROUND,11.28,0.15,-9.58,26.97,-0.01,0,0,,,,0.001,-0.005,0.9,13.26,-0.01,,,
105.86,REGROUND,11.28,0.15,-9.58,26.98,-0.01,0,0,,,,0.001,-0.005,1.5,13.26,-0.01,,,
105.91,REGROUND,11.28,0.15,-9.58,26.99,-0.01,0,0,,,,0.001,-0.006,0.9,13.26,-0.01,,,
105.96,REGROUND,11.28,0.15,-9.58,27.01,-0.01,0,0,,,,0.001,-0.006,1.6,13.26,-0.01,,,
106.01,REGROUND,11.28,0.15,-9.58,27.02,-0.01,0,0,,,,0.001,-0.006,1.0,13.26,-0.01,,,
106.06,REGROUND,11.28,0.15,-9.58,27.03,-0.01,0,0,,,,0.001,-0.006,1.6,13.26,-0.01,,,
106.11,REGROUND,11.28,0.15,-9.58,27.04,-0.01,0,0,,,,0.001,-0.006,1.0,13.26,-0.01,,,
106.16,REGROUND,11.28,0.15,-9.58,27.06,-0.01,0,0,,,,0.001,-0.006,1.6,13.26,-0.01,,,
106.21,REGROUND,11.28,0.15,-9.58,27.07,-0.01,0,0,,,,0.001,-0.006,0.9,13.26,-0.01,,,
106.26,REGROUND,11.28,0.15,-9.58,27.08,-0.01,0,0,,,,0.001,-0.006,1.6,13.26,-0.01,,,
106.31,REGROUND,11.28,0.15,-9.58,27.09,-0.01,0,0,,,,0.001,-0.006,0.9,13.26,-0.01,,,
106.36,REGROUND,11.28,0.15,-9.58,27.11,-0.01,0,0,,,,0.0,-0.006,1.5,13.26,-0.01,,,
106.41,REGROUND,11.28,0.15,-9.58,27.12,-0.01,0,0,,,,0.0,-0.006,0.9,13.26,-0.01,,,
106.46,REGROUND,11.28,0.15,-9.58,27.13,-0.01,0,0,,,,0.0,-0.006,1.5,13.26,-0.01,,,
106.51,REGROUND,11.28,0.15,-9.58,27.14,-0.01,0,0,,,,0.0,-0.006,0.7,13.26,-0.01,,,
106.56,REGROUND,11.28,0.15,-9.58,27.16,-0.01,0,0,,,,0.0,-0.006,1.5,13.26,-0.01,,,
106.61,REGROUND,11.28,0.15,-9.58,27.17,-0.01,0,0,,,,0.0,-0.006,0.9,13.26,-0.01,,,
106.66,REGROUND,11.28,0.15,-9.58,27.18,-0.01,0,0,,,,0.0,-0.006,1.6,13.26,-0.01,,,
106.71,REGROUND,11.28,0.15,-9.58,27.19,-0.01,0,0,,,,0.0,-0.006,1.0,13.26,-0.01,,,
106.77,REGROUND,11.28,0.15,-9.58,27.21,-0.01,0,0,,,,-0.0,-0.006,1.6,13.26,-0.01,,,
106.82,REGROUND,11.28,0.15,-9.58,27.22,-0.01,0,0,,,,-0.0,-0.006,0.8,13.26,-0.01,,,
106.87,REGROUND,11.28,0.15,-9.58,27.23,-0.01,0,0,,,,-0.0,-0.006,1.6,13.26,-0.01,,,
106.92,REGROUND,11.28,0.15,-9.58,27.24,-0.01,0,0,,,,-0.0,-0.007,1.0,13.26,-0.01,,,
106.97,REGROUND,11.28,0.15,-9.58,27.26,-0.01,0,0,,,,-0.0,-0.006,1.6,13.26,-0.01,,,
107.02,REGROUND,11.28,0.15,-9.58,27.27,-0.01,0,0,,,,-0.0,-0.007,1.0,13.26,-0.01,,,
107.07,REGROUND,11.28,0.15,-9.58,27.28,-0.01,0,0,,,,-0.0,-0.007,1.3,13.26,-0.01,,,
107.12,REGROUND,11.28,0.15,-9.58,27.29,-0.01,0,0,,,,-0.0,-0.007,1.0,13.26,-0.01,,,
107.17,REGROUND,11.28,0.15,-9.58,27.31,-0.01,0,0,,,,-0.001,-0.007,1.5,13.26,-0.01,,,
107.22,REGROUND,11.28,0.15,-9.58,27.32,-0.01,0,0,,,,-0.001,-0.007,0.9,13.26,-0.01,,,
107.27,REGROUND,11.28,0.15,-9.58,27.33,-0.01,0,0,,,,-0.0,-0.007,1.5,13.26,-0.01,,,
107.32,REGROUND,11.28,0.15,-9.58,27.34,-0.01,0,0,,,,-0.001,-0.007,0.9,13.26,-0.01,,,
107.37,REGROUND,11.28,0.14,-9.58,27.36,-0.01,0,0,,,,-0.001,-0.007,1.5,13.26,-0.01,,,
107.42,REGROUND,11.28,0.14,-9.58,27.37,-0.01,0,0,,,,-0.001,-0.007,0.9,13.26,-0.01,,,
107.47,REGROUND,11.28,0.14,-9.58,27.38,-0.01,0,0,,,,-0.001,-0.007,1.6,13.26,-0.01,,,
107.52,REGROUND,11.28,0.14,-9.58,27.39,-0.01,0,0,,,,-0.001,-0.007,1.0,13.26,-0.01,,,
107.57,REGROUND,11.28,0.14,-9.58,27.41,-0.01,0,0,,,,-0.001,-0.007,1.6,13.26,-0.01,,,
107.62,REGROUND,11.28,0.14,-9.58,27.42,-0.01,0,0,,,,-0.001,-0.007,1.0,13.26,-0.01,,,
107.67,REGROUND,11.28,0.14,-9.58,27.43,-0.01,0,0,,,,-0.001,-0.007,1.5,13.26,-0.01,,,
107.72,REGROUND,11.28,0.14,-9.58,27.44,-0.01,0,0,,,,-0.001,-0.007,1.0,13.26,-0.01,,,
107.77,REGROUND,11.28,0.14,-9.58,27.46,-0.01,0,0,,,,-0.001,-0.007,1.6,13.26,-0.01,,,
107.82,REGROUND,11.28,0.14,-9.58,27.47,-0.01,0,0,,,,-0.001,-0.007,0.9,13.26,-0.01,,,
107.87,REGROUND,11.28,0.14,-9.58,27.48,-0.01,0,0,,,,-0.001,-0.007,4.3,13.26,-0.01,,,
107.92,REGROUND,11.28,0.14,-9.58,27.49,-0.01,0,0,,,,-0.001,-0.007,0.7,13.26,-0.01,,,
107.97,REGROUND,11.28,0.14,-9.58,27.51,-0.01,0,0,,,,-0.001,-0.007,1.7,13.26,-0.01,,,
108.02,REGROUND,11.28,0.14,-9.58,27.52,-0.01,0,0,,,,-0.001,-0.007,0.9,13.26,-0.01,,,
108.07,REGROUND,11.28,0.14,-9.58,27.53,-0.01,0,0,,,,-0.001,-0.007,1.5,13.26,-0.01,,,
108.12,REGROUND,11.28,0.14,-9.58,27.54,-0.01,0,0,,,,-0.001,-0.007,0.9,13.26,-0.01,,,
108.17,REGROUND,11.28,0.14,-9.58,27.56,-0.01,0,0,,,,-0.001,-0.007,1.6,13.26,-0.01,,,
108.22,REGROUND,11.28,0.14,-9.58,27.57,-0.01,0,0,,,,-0.001,-0.007,1.0,13.26,-0.01,,,
108.27,REGROUND,11.28,0.14,-9.58,27.58,-0.01,0,0,,,,-0.001,-0.007,1.6,13.26,-0.01,,,
108.32,REGROUND,11.28,0.14,-9.58,27.59,-0.01,0,0,,,,-0.001,-0.007,1.0,13.26,-0.01,,,
108.37,REGROUND,11.28,0.14,-9.58,27.61,-0.01,0,0,,,,-0.001,-0.007,1.4,13.26,-0.01,,,
108.42,REGROUND,11.28,0.14,-9.58,27.62,-0.01,0,0,,,,-0.001,-0.007,1.0,13.26,-0.01,,,
108.47,REGROUND,11.28,0.14,-9.58,27.63,-0.01,0,0,,,,-0.001,-0.007,1.5,13.26,-0.01,,,
108.52,REGROUND,11.28,0.14,-9.58,27.64,-0.01,0,0,,,,-0.001,-0.007,0.9,13.26,-0.01,,,
108.57,REGROUND,11.28,0.14,-9.58,27.66,-0.01,0,0,,,,-0.001,-0.007,1.5,13.26,-0.01,,,
108.62,REGROUND,11.28,0.14,-9.58,27.67,-0.01,0,0,,,,-0.001,-0.007,0.9,13.26,-0.01,,,
108.67,REGROUND,11.28,0.14,-9.58,27.68,-0.01,0,0,,,,-0.001,-0.007,1.5,13.26,-0.01,,,
108.72,REGROUND,11.28,0.14,-9.58,27.69,-0.01,0,0,,,,-0.001,-0.007,0.9,13.26,-0.01,,,
108.77,REGROUND,11.28,0.14,-9.58,27.71,-0.01,0,0,,,,-0.001,-0.006,1.4,13.26,-0.01,,,
108.82,REGROUND,11.28,0.14,-9.58,27.72,-0.01,0,0,,,,-0.001,-0.007,1.0,13.26,-0.01,,,
108.87,REGROUND,11.28,0.14,-9.58,27.73,-0.01,0,0,,,,-0.001,-0.006,1.6,13.26,-0.01,,,
108.92,REGROUND,11.28,0.14,-9.58,27.74,-0.01,0,0,,,,-0.001,-0.007,1.0,13.26,-0.01,,,
108.97,REGROUND,11.28,0.14,-9.58,27.76,-0.01,0,0,,,,-0.001,-0.006,1.6,13.26,-0.01,,,
109.02,REGROUND,11.28,0.14,-9.58,27.77,-0.01,0,0,,,,-0.001,-0.006,0.8,13.26,-0.01,,,
109.07,REGROUND,11.28,0.13,-9.58,27.78,-0.01,0,0,,,,-0.001,-0.006,1.5,13.26,-0.01,,,
109.12,REGROUND,11.28,0.13,-9.58,27.79,-0.01,0,0,,,,-0.001,-0.006,0.9,13.26,-0.01,,,
109.17,REGROUND,11.28,0.13,-9.58,27.81,-0.01,0,0,,,,-0.001,-0.006,1.5,13.26,-0.01,,,
109.22,REGROUND,11.28,0.13,-9.58,27.82,-0.01,0,0,,,,-0.001,-0.006,0.9,13.26,-0.01,,,
109.27,REGROUND,11.28,0.13,-9.58,27.83,-0.01,0,0,,,,-0.001,-0.006,1.5,13.26,-0.01,,,
109.32,REGROUND,11.28,0.13,-9.58,27.84,-0.01,0,0,,,,-0.001,-0.006,0.9,13.26,-0.01,,,
109.37,REGROUND,11.28,0.13,-9.58,27.86,-0.01,0,0,,,,-0.001,-0.006,1.5,13.26,-0.01,,,
109.42,REGROUND,11.28,0.13,-9.58,27.87,-0.01,0,0,,,,-0.001,-0.006,1.0,13.26,-0.01,,,
109.47,REGROUND,11.28,0.13,-9.58,27.88,-0.01,0,0,,,,-0.001,-0.005,1.6,13.26,-0.01,,,
109.52,REGROUND,11.28,0.13,-9.58,27.89,-0.01,0,0,,,,-0.001,-0.006,1.0,13.26,-0.01,,,
109.57,REGROUND,11.28,0.13,-9.58,27.91,-0.01,0,0,,,,-0.001,-0.005,1.6,13.26,-0.01,,,
109.62,REGROUND,11.28,0.13,-9.58,27.92,-0.01,0,0,,,,-0.001,-0.006,1.0,13.26,-0.01,,,
109.67,REGROUND,11.28,0.13,-9.58,27.93,-0.01,0,0,,,,-0.001,-0.005,1.6,13.26,-0.01,,,
109.72,REGROUND,11.28,0.13,-9.58,27.94,-0.01,0,0,,,,-0.001,-0.006,1.0,13.26,-0.01,,,
109.77,REGROUND,11.28,0.13,-9.58,27.96,-0.01,0,0,,,,-0.001,-0.005,1.6,13.26,-0.01,,,
109.82,REGROUND,11.28,0.13,-9.58,27.97,-0.01,0,0,,,,-0.001,-0.005,0.9,13.26,-0.01,,,
109.87,REGROUND,11.28,0.13,-9.58,27.98,-0.01,0,0,,,,-0.001,-0.005,1.5,13.26,-0.01,,,
109.92,REGROUND,11.28,0.13,-9.58,27.99,-0.01,0,0,,,,-0.001,-0.006,0.9,13.26,-0.01,,,
109.97,REGROUND,11.28,0.13,-9.58,28.01,-0.01,0,0,,,,-0.001,-0.005,1.4,13.26,-0.01,,,
110.02,REGROUND,11.28,0.13,-9.58,28.02,-0.01,0,0,,,,-0.001,-0.006,0.9,13.26,-0.01,,,
110.07,REGROUND,11.28,0.13,-9.58,28.03,-0.01,0,0,,,,-0.001,-0.006,1.5,13.26,-0.01,,,
110.12,REGROUND,11.28,0.13,-9.58,28.04,-0.01,0,0,,,,-0.001,-0.006,1.0,13.26,-0.01,,,
110.17,REGROUND,11.28,0.13,-9.58,28.06,-0.01,0,0,,,,-0.001,-0.006,1.6,13.26,-0.01,,,
110.22,REGROUND,11.28,0.13,-9.58,28.07,-0.01,0,0,,,,-0.001,-0.006,0.8,13.26,-0.01,,,
110.27,REGROUND,11.28,0.13,-9.58,28.08,-0.01,0,0,,,,-0.001,-0.006,4.4,13.26,-0.01,,,
110.32,REGROUND,11.28,0.13,-9.58,28.09,-0.01,0,0,,,,-0.001,-0.006,1.0,13.26,-0.01,,,
110.37,REGROUND,11.28,0.13,-9.58,28.11,-0.01,0,0,,,,-0.001,-0.006,1.6,13.26,-0.01,,,
110.42,REGROUND,11.28,0.13,-9.58,28.12,-0.01,0,0,,,,-0.001,-0.006,0.8,13.26,-0.01,,,
110.47,REGROUND,11.28,0.13,-9.58,28.13,-0.01,0,0,,,,-0.001,-0.006,1.6,13.26,-0.01,,,
110.52,REGROUND,11.28,0.13,-9.58,28.14,-0.01,0,0,,,,-0.001,-0.006,1.0,13.26,-0.01,,,
110.57,REGROUND,11.28,0.13,-9.58,28.16,-0.01,0,0,,,,-0.001,-0.006,1.5,13.26,-0.01,,,
110.62,REGROUND,11.28,0.13,-9.58,28.17,-0.01,0,0,,,,-0.001,-0.006,0.9,13.26,-0.01,,,
110.67,REGROUND,11.28,0.13,-9.58,28.18,-0.01,0,0,,,,-0.001,-0.006,1.5,13.26,-0.01,,,
110.72,REGROUND,11.28,0.13,-9.58,28.19,-0.01,0,0,,,,-0.001,-0.006,0.9,13.26,-0.01,,,
110.77,REGROUND,11.28,0.13,-9.58,28.21,-0.01,0,0,,,,-0.001,-0.006,1.6,13.26,-0.01,,,
110.82,REGROUND,11.28,0.13,-9.58,28.22,-0.01,0,0,,,,-0.001,-0.006,0.9,13.26,-0.01,,,
110.87,REGROUND,11.28,0.13,-9.58,28.23,-0.01,0,0,,,,-0.001,-0.006,1.6,13.26,-0.01,,,
110.92,REGROUND,11.28,0.13,-9.58,28.24,-0.01,0,0,,,,-0.001,-0.006,1.0,13.26,-0.01,,,
110.97,REGROUND,11.28,0.12,-9.58,28.26,-0.01,0,0,,,,-0.001,-0.006,1.6,13.26,-0.01,,,
111.02,REGROUND,11.28,0.12,-9.58,28.27,-0.01,0,0,,,,-0.001,-0.006,1.0,13.26,-0.01,,,
111.07,REGROUND,11.28,0.12,-9.58,28.28,-0.01,0,0,,,,-0.001,-0.006,1.6,13.26,-0.01,,,
111.12,REGROUND,11.28,0.12,-9.58,28.29,-0.01,0,0,,,,-0.001,-0.006,1.0,13.26,-0.01,,,
111.17,REGROUND,11.28,0.12,-9.58,28.31,-0.01,0,0,,,,-0.001,-0.005,1.6,13.26,-0.01,,,
111.22,REGROUND,11.28,0.12,-9.58,28.32,-0.01,0,0,,,,-0.001,-0.006,1.0,13.26,-0.01,,,
111.27,REGROUND,11.28,0.12,-9.58,28.33,-0.01,0,0,,,,-0.001,-0.005,1.6,13.26,-0.01,,,
111.32,REGROUND,11.28,0.12,-9.58,28.34,-0.01,0,0,,,,-0.001,-0.006,0.9,13.26,-0.01,,,
111.37,REGROUND,11.28,0.12,-9.58,28.36,-0.01,0,0,,,,-0.001,-0.005,1.6,13.26,-0.01,,,
111.42,REGROUND,11.28,0.12,-9.58,28.37,-0.01,0,0,,,,-0.001,-0.005,0.8,13.26,-0.01,,,
111.47,REGROUND,11.28,0.12,-9.58,28.38,-0.01,0,0,,,,-0.001,-0.005,1.6,13.26,-0.01,,,
111.52,REGROUND,11.28,0.12,-9.58,28.39,-0.01,0,0,,,,-0.001,-0.005,1.0,13.26,-0.01,,,
111.57,REGROUND,11.28,0.12,-9.58,28.41,-0.01,0,0,,,,-0.001,-0.005,1.5,13.26,-0.01,,,
111.62,REGROUND,11.28,0.12,-9.58,28.42,-0.01,0,0,,,,-0.002,-0.005,0.9,13.26,-0.01,,,
111.67,REGROUND,11.28,0.12,-9.58,28.43,-0.01,0,0,,,,-0.001,-0.004,1.6,13.26,-0.01,,,
111.72,REGROUND,11.28,0.12,-9.58,28.44,-0.01,0,0,,,,-0.001,-0.005,1.0,13.26,-0.01,,,
111.77,REGROUND,11.28,0.12,-9.58,28.46,-0.01,0,0,,,,-0.002,-0.004,1.6,13.26,-0.01,,,
111.82,REGROUND,11.28,0.12,-9.58,28.47,-0.01,0,0,,,,-0.002,-0.004,1.0,13.26,-0.01,,,
111.87,REGROUND,11.28,0.12,-9.58,28.48,-0.01,0,0,,,,-0.002,-0.004,1.6,13.26,-0.01,,,
111.92,REGROUND,11.28,0.12,-9.58,28.49,-0.01,0,0,,,,-0.002,-0.004,1.0,13.26,-0.01,,,
111.97,REGROUND,11.28,0.12,-9.58,28.51,-0.01,0,0,,,,-0.002,-0.004,1.6,13.26,-0.01,,,
112.02,REGROUND,11.28,0.12,-9.58,28.52,-0.01,0,0,,,,-0.002,-0.004,0.9,13.26,-0.01,,,
112.07,REGROUND,11.28,0.12,-9.58,28.53,-0.01,0,0,,,,-0.002,-0.004,1.7,13.26,-0.01,,,
112.12,REGROUND,11.28,0.12,-9.58,28.54,-0.01,0,0,,,,-0.002,-0.004,0.9,13.26,-0.01,,,
112.17,REGROUND,11.28,0.11,-9.58,28.56,-0.01,0,0,,,,-0.002,-0.004,1.5,13.26,-0.01,,,
112.22,REGROUND,11.28,0.11,-9.58,28.57,-0.01,0,0,,,,-0.002,-0.004,0.9,13.26,-0.01,,,
112.27,REGROUND,11.28,0.11,-9.58,28.58,-0.01,0,0,,,,-0.001,-0.004,1.5,13.26,-0.01,,,
112.32,REGROUND,11.28,0.11,-9.58,28.59,-0.01,0,0,,,,-0.002,-0.004,1.0,13.26,-0.01,,,
112.37,REGROUND,11.28,0.11,-9.58,28.61,-0.01,0,0,,,,-0.002,-0.004,1.6,13.26,-0.01,,,
112.42,REGROUND,11.28,0.11,-9.58,28.62,-0.01,0,0,,,,-0.002,-0.004,1.0,13.26,-0.01,,,
112.47,REGROUND,11.28,0.11,-9.58,28.63,-0.01,0,0,,,,-0.001,-0.004,1.6,13.26,-0.01,,,
112.52,REGROUND,11.28,0.11,-9.58,28.65,-0.01,0,0,,,,-0.001,-0.004,1.0,13.26,-0.01,,,
112.57,REGROUND,11.28,0.11,-9.58,28.66,-0.01,0,0,,,,-0.002,-0.003,1.6,13.26,-0.01,,,
112.62,REGROUND,11.28,0.11,-9.58,28.67,-0.01,0,0,,,,-0.002,-0.004,1.0,13.26,-0.01,,,
112.67,REGROUND,11.27,0.11,-9.58,28.68,-0.01,0,0,,,,-0.001,-0.003,4.4,13.26,-0.01,,,
112.72,REGROUND,11.27,0.11,-9.58,28.7,-0.01,0,0,,,,-0.001,-0.004,0.9,13.26,-0.01,,,
112.77,REGROUND,11.27,0.11,-9.58,28.71,-0.01,0,0,,,,-0.002,-0.003,1.6,13.26,-0.01,,,
112.82,REGROUND,11.27,0.11,-9.58,28.72,-0.01,0,0,,,,-0.002,-0.003,0.9,13.26,-0.01,,,
112.87,REGROUND,11.27,0.11,-9.58,28.73,-0.01,0,0,,,,-0.001,-0.003,1.5,13.26,-0.01,,,
112.92,REGROUND,11.27,0.11,-9.58,28.75,-0.01,0,0,,,,-0.001,-0.003,0.9,13.26,-0.01,,,
112.97,REGROUND,11.27,0.11,-9.58,28.76,-0.01,0,0,,,,-0.002,-0.003,1.6,13.26,-0.01,,,
113.02,REGROUND,11.27,0.11,-9.58,28.77,-0.01,0,0,,,,-0.002,-0.003,0.9,13.26,-0.01,,,
113.07,REGROUND,11.27,0.11,-9.58,28.78,-0.01,0,0,,,,-0.001,-0.003,1.6,13.26,-0.01,,,
113.12,REGROUND,11.27,0.11,-9.58,28.8,-0.01,0,0,,,,-0.001,-0.003,1.0,13.26,-0.01,,,
113.17,REGROUND,11.27,0.11,-9.58,28.81,-0.01,0,0,,,,-0.001,-0.003,1.6,13.26,-0.01,,,
113.22,REGROUND,11.27,0.11,-9.58,28.82,-0.01,0,0,,,,-0.001,-0.003,1.0,13.26,-0.01,,,
113.27,REGROUND,11.27,0.11,-9.58,28.83,-0.01,0,0,,,,-0.001,-0.003,1.6,13.26,-0.01,,,
113.32,REGROUND,11.27,0.11,-9.58,28.85,-0.01,0,0,,,,-0.001,-0.003,1.0,13.26,-0.01,,,
113.37,REGROUND,11.27,0.11,-9.58,28.86,-0.01,0,0,,,,-0.001,-0.003,1.6,13.26,-0.01,,,
113.42,REGROUND,11.27,0.11,-9.58,28.87,-0.01,0,0,,,,-0.001,-0.003,0.8,13.26,-0.01,,,
113.47,REGROUND,11.27,0.11,-9.58,28.88,-0.01,0,0,,,,-0.001,-0.003,1.4,13.26,-0.01,,,
113.52,REGROUND,11.27,0.11,-9.58,28.9,-0.01,0,0,,,,-0.001,-0.003,0.9,13.26,-0.01,,,
113.57,REGROUND,11.27,0.11,-9.58,28.91,-0.01,0,0,,,,-0.001,-0.003,1.6,13.26,-0.01,,,
113.62,REGROUND,11.27,0.11,-9.58,28.92,-0.01,0,0,,,,-0.001,-0.003,0.9,13.26,-0.01,,,
113.67,REGROUND,11.27,0.11,-9.58,28.93,-0.01,0,0,,,,-0.001,-0.003,1.6,13.26,-0.01,,,
113.72,REGROUND,11.27,0.11,-9.58,28.95,-0.01,0,0,,,,-0.001,-0.003,0.9,13.26,-0.01,,,
113.78,REGROUND,11.27,0.11,-9.58,28.96,-0.01,0,0,,,,-0.001,-0.003,1.6,13.26,-0.01,,,
113.83,REGROUND,11.27,0.11,-9.58,28.97,-0.01,0,0,,,,-0.001,-0.003,1.0,13.26,-0.01,,,
113.88,REGROUND,11.27,0.11,-9.58,28.98,-0.01,0,0,,,,-0.001,-0.004,1.6,13.26,-0.01,,,
113.93,REGROUND,11.27,0.11,-9.58,29.0,-0.01,0,0,,,,-0.001,-0.004,1.0,13.26,-0.01,,,
113.98,REGROUND,11.27,0.11,-9.58,29.01,-0.01,0,0,,,,-0.001,-0.004,1.6,13.26,-0.01,,,
114.03,REGROUND,11.27,0.11,-9.58,29.02,-0.01,0,0,,,,-0.001,-0.004,1.0,13.26,-0.01,,,
114.08,REGROUND,11.27,0.11,-9.58,29.03,-0.01,0,0,,,,-0.001,-0.004,1.6,13.26,-0.01,,,
114.13,REGROUND,11.27,0.11,-9.58,29.05,-0.01,0,0,,,,-0.001,-0.004,1.0,13.26,-0.01,,,
114.18,REGROUND,11.27,0.11,-9.58,29.06,-0.01,0,0,,,,-0.001,-0.004,1.6,13.26,-0.01,,,
114.23,REGROUND,11.27,0.11,-9.58,29.07,-0.01,0,0,,,,-0.001,-0.004,0.9,13.26,-0.01,,,
114.28,REGROUND,11.27,0.11,-9.58,29.08,-0.01,0,0,,,,-0.001,-0.005,1.5,13.26,-0.01,,,
114.33,REGROUND,11.27,0.11,-9.58,29.1,-0.01,0,0,,,,-0.001,-0.005,0.9,13.26,-0.01,,,
114.38,REGROUND,11.27,0.11,-9.58,29.11,-0.01,0,0,,,,-0.001,-0.005,1.5,13.26,-0.01,,,
114.43,REGROUND,11.27,0.11,-9.58,29.12,-0.01,0,0,,,,-0.001,-0.005,0.8,13.26,-0.01,,,
114.48,REGROUND,11.27,0.11,-9.58,29.13,-0.01,0,0,,,,-0.001,-0.005,1.6,13.26,-0.01,,,
114.53,REGROUND,11.27,0.11,-9.58,29.15,-0.01,0,0,,,,-0.001,-0.005,1.0,13.26,-0.01,,,
114.58,REGROUND,11.27,0.11,-9.58,29.16,-0.01,0,0,,,,-0.001,-0.005,1.6,13.26,-0.01,,,
114.63,REGROUND,11.27,0.11,-9.58,29.17,-0.01,0,0,,,,-0.001,-0.005,1.0,13.26,-0.01,,,
114.68,REGROUND,11.27,0.11,-9.58,29.18,-0.01,0,0,,,,-0.001,-0.006,1.6,13.26,-0.01,,,
114.73,REGROUND,11.27,0.11,-9.58,29.2,-0.01,0,0,,,,-0.001,-0.006,1.0,13.26,-0.01,,,
114.78,REGROUND,11.27,0.11,-9.58,29.21,-0.01,0,0,,,,-0.001,-0.006,1.6,13.26,-0.01,,,
114.83,REGROUND,11.27,0.11,-9.58,29.22,-0.01,0,0,,,,-0.001,-0.006,1.0,13.26,-0.01,,,
114.88,REGROUND,11.27,0.11,-9.58,29.23,-0.01,0,0,,,,-0.001,-0.006,1.6,13.26,-0.01,,,
114.93,REGROUND,11.27,0.11,-9.58,29.25,-0.01,0,0,,,,-0.001,-0.006,0.9,13.26,-0.01,,,
114.98,REGROUND,11.27,0.1,-9.58,29.26,-0.01,0,0,,,,-0.001,-0.006,1.5,13.26,-0.01,,,
115.03,REGROUND,11.27,0.1,-9.58,29.27,-0.01,0,0,,,,-0.001,-0.006,0.9,13.26,-0.01,,,
115.08,REGROUND,11.27,0.1,-9.58,29.28,-0.01,0,0,,,,-0.001,-0.006,4.1,13.26,-0.01,,,
115.13,REGROUND,11.27,0.1,-9.58,29.3,-0.01,0,0,,,,-0.001,-0.006,0.9,13.26,-0.01,,,
115.18,REGROUND,11.27,0.1,-9.58,29.31,-0.01,0,0,,,,-0.001,-0.006,1.4,13.26,-0.01,,,
115.23,REGROUND,11.27,0.1,-9.58,29.32,-0.01,0,0,,,,-0.001,-0.006,1.0,13.26,-0.01,,,
115.28,REGROUND,11.27,0.1,-9.58,29.33,-0.01,0,0,,,,-0.001,-0.006,1.6,13.26,-0.01,,,
115.33,REGROUND,11.27,0.1,-9.58,29.35,-0.01,0,0,,,,-0.001,-0.006,1.0,13.26,-0.01,,,
115.38,REGROUND,11.27,0.1,-9.58,29.36,-0.01,0,0,,,,-0.001,-0.006,1.6,13.26,-0.01,,,
115.43,REGROUND,11.27,0.1,-9.58,29.37,-0.01,0,0,,,,-0.001,-0.006,0.9,13.26,-0.01,,,
115.48,REGROUND,11.27,0.1,-9.58,29.38,-0.01,0,0,,,,-0.001,-0.006,1.6,13.26,-0.01,,,
115.53,REGROUND,11.27,0.1,-9.58,29.4,-0.01,0,0,,,,-0.001,-0.007,1.0,13.26,-0.01,,,
115.58,REGROUND,11.27,0.1,-9.58,29.41,-0.01,0,0,,,,-0.001,-0.007,1.6,13.26,-0.01,,,
115.63,REGROUND,11.27,0.1,-9.58,29.42,-0.01,0,0,,,,-0.001,-0.007,1.0,13.26,-0.01,,,
115.68,REGROUND,11.27,0.1,-9.58,29.43,-0.01,0,0,,,,-0.001,-0.007,1.5,13.26,-0.01,,,
115.73,REGROUND,11.27,0.1,-9.58,29.45,-0.01,0,0,,,,-0.001,-0.007,1.0,13.26,-0.01,,,
115.78,REGROUND,11.27,0.1,-9.58,29.46,-0.01,0,0,,,,-0.001,-0.007,1.5,13.26,-0.01,,,
115.83,REGROUND,11.27,0.1,-9.58,29.47,-0.01,0,0,,,,-0.001,-0.007,0.9,13.26,-0.01,,,
115.88,REGROUND,11.27,0.1,-9.58,29.48,-0.01,0,0,,,,-0.001,-0.007,1.4,13.26,-0.01,,,
115.93,REGROUND,11.27,0.1,-9.58,29.5,-0.01,0,0,,,,-0.001,-0.007,1.0,13.26,-0.01,,,
115.98,REGROUND,11.27,0.1,-9.58,29.51,-0.01,0,0,,,,-0.001,-0.007,1.6,13.26,-0.01,,,
116.03,REGROUND,11.27,0.1,-9.58,29.52,-0.01,0,0,,,,-0.001,-0.007,1.0,13.26,-0.01,,,
116.08,REGROUND,11.27,0.1,-9.58,29.53,-0.01,0,0,,,,-0.001,-0.007,1.6,13.26,-0.01,,,
116.13,REGROUND,11.27,0.1,-9.58,29.55,-0.01,0,0,,,,-0.001,-0.007,1.0,13.26,-0.01,,,
116.18,REGROUND,11.27,0.1,-9.58,29.56,-0.01,0,0,,,,-0.001,-0.007,1.4,13.26,-0.01,,,
116.23,REGROUND,11.27,0.1,-9.58,29.57,-0.01,0,0,,,,-0.001,-0.007,1.0,13.26,-0.01,,,
116.28,REGROUND,11.27,0.1,-9.58,29.58,-0.01,0,0,,,,-0.0,-0.007,1.6,13.26,-0.01,,,
116.33,REGROUND,11.27,0.1,-9.58,29.6,-0.01,0,0,,,,-0.0,-0.007,0.9,13.26,-0.01,,,
116.38,REGROUND,11.27,0.1,-9.58,29.61,-0.01,0,0,,,,-0.0,-0.007,1.6,13.26,-0.01,,,
116.43,REGROUND,11.27,0.1,-9.58,29.62,-0.01,0,0,,,,-0.0,-0.007,0.9,13.26,-0.01,,,
116.48,REGROUND,11.27,0.1,-9.58,29.63,-0.01,0,0,,,,0.0,-0.007,1.6,13.26,-0.01,,,
116.53,REGROUND,11.27,0.1,-9.58,29.65,-0.01,0,0,,,,0.0,-0.007,0.9,13.26,-0.01,,,
116.58,REGROUND,11.27,0.1,-9.58,29.66,-0.01,0,0,,,,0.0,-0.007,1.5,13.26,-0.01,,,
116.63,REGROUND,11.27,0.1,-9.58,29.67,-0.01,0,0,,,,0.0,-0.007,1.2,13.26,-0.01,,,
116.68,REGROUND,11.27,0.1,-9.58,29.68,-0.01,0,0,,,,0.001,-0.007,1.6,13.26,-0.01,,,
116.73,REGROUND,11.27,0.1,-9.58,29.7,-0.01,0,0,,,,0.001,-0.007,1.0,13.26,-0.01,,,
116.78,REGROUND,11.27,0.1,-9.58,29.71,-0.01,0,0,,,,0.001,-0.007,1.6,13.26,-0.01,,,
116.83,REGROUND,11.27,0.1,-9.58,29.72,-0.01,0,0,,,,0.001,-0.007,1.0,13.26,-0.01,,,
116.88,REGROUND,11.27,0.1,-9.58,29.73,-0.01,0,0,,,,0.001,-0.007,1.6,13.26,-0.01,,,
116.93,REGROUND,11.27,0.1,-9.58,29.75,-0.01,0,0,,,,0.001,-0.007,1.0,13.26,-0.01,,,
116.98,REGROUND,11.26,0.1,-9.58,29.76,-0.01,0,0,,,,0.001,-0.007,1.6,13.26,-0.01,,,
117.03,REGROUND,11.26,0.1,-9.58,29.77,-0.01,0,0,,,,0.001,-0.007,1.0,13.26,-0.01,,,
117.08,REGROUND,11.26,0.1,-9.58,29.78,-0.01,0,0,,,,0.001,-0.007,1.6,13.26,-0.01,,,
117.13,REGROUND,11.26,0.1,-9.58,29.8,-0.01,0,0,,,,0.001,-0.007,0.9,13.26,-0.01,,,
117.18,REGROUND,11.26,0.1,-9.58,29.81,-0.01,0,0,,,,0.001,-0.007,1.6,13.26,-0.01,,,
117.23,REGROUND,11.26,0.1,-9.58,29.82,-0.01,0,0,,,,0.001,-0.007,0.9,13.26,-0.01,,,
117.28,REGROUND,11.26,0.09,-9.58,29.83,-0.01,0,0,,,,0.001,-0.007,1.5,13.26,-0.01,,,
117.33,CARRY,11.26,0.09,-9.58,29.85,-0.01,0,0,,,,0.018,0.085,231.5,13.26,-0.01,,,
117.56,CARRY,11.26,0.09,-9.58,29.9,-0.01,0,0,330.0,120.0,120.4,2.4,0.2,47.3,13.26,-0.01,958.2,4.6,10.5
117.61,CARRY,11.26,0.09,-9.58,29.92,-0.01,0,0,,,,0.017,0.084,46.9,13.26,-0.01,,,10.5
117.66,CARRY,11.26,0.09,-9.58,29.93,-0.01,0,0,,,,0.017,0.085,49.3,13.26,-0.01,,,10.5
117.71,CARRY,11.26,0.09,-9.58,29.94,-0.01,0,0,,,,0.017,0.084,52.3,13.26,-0.01,,,10.438
117.77,CARRY,11.26,0.09,-9.58,29.96,-0.01,0,0,,,,0.017,0.085,50.2,13.26,-0.01,,,10.438
117.82,CARRY,11.26,0.09,-9.58,29.97,-0.01,0,0,,,,0.017,0.085,49.9,13.26,-0.01,,,10.438
117.87,CARRY,11.27,0.09,-9.58,29.98,-0.01,0,0,,,,0.016,0.084,49.7,13.26,-0.01,,,10.438
117.92,CARRY,11.27,0.09,-9.58,29.99,-0.01,0,0,,,,0.016,0.084,48.8,13.26,-0.01,,,10.438
117.97,CARRY,11.27,0.09,-9.58,30.01,-0.01,0,0,,,,0.015,0.083,49.5,13.26,-0.01,,,10.375
118.02,CARRY,11.27,0.09,-9.58,30.02,-0.01,0,0,,,,0.015,0.083,50.8,13.26,-0.01,,,10.375
118.07,CARRY,11.27,0.1,-9.58,30.03,-0.01,0,0,,,,0.014,0.081,50.3,13.26,-0.01,,,10.375
118.12,CARRY,11.27,0.1,-9.58,30.04,-0.01,0,0,,,,0.014,0.081,49.4,13.26,-0.01,,,10.375
118.17,CARRY,11.27,0.1,-9.58,30.06,-0.01,0,0,,,,0.013,0.079,50.3,13.26,-0.01,,,10.375
118.22,CARRY,11.27,0.1,-9.58,30.07,-0.01,0,0,,,,0.013,0.079,49.4,13.26,-0.01,,,10.375
118.27,CARRY,11.28,0.11,-9.58,30.08,-0.01,0,0,,,,0.012,0.076,49.6,13.26,-0.01,,,10.375
118.32,CARRY,11.28,0.11,-9.58,30.1,-0.01,0,0,,,,0.012,0.076,49.7,13.26,-0.01,,,10.438
118.38,CARRY,11.28,0.11,-9.58,30.11,-0.01,0,0,,,,0.011,0.073,48.7,13.26,-0.01,,,10.438
118.43,CARRY,11.28,0.11,-9.58,30.12,-0.01,0,0,,,,0.011,0.073,51.7,13.26,-0.01,,,10.438
118.48,CARRY,11.28,0.12,-9.58,30.13,-0.01,0,0,,,,0.011,0.07,50.3,13.26,-0.01,,,10.438
118.53,CARRY,11.28,0.12,-9.58,30.15,-0.01,0,0,,,,0.011,0.07,49.8,13.26,-0.01,,,10.438
118.58,CARRY,11.28,0.12,-9.58,30.16,-0.01,0,0,,,,0.01,0.067,48.5,13.26,-0.01,,,10.375
118.63,CARRY,11.28,0.12,-9.58,30.17,-0.01,0,0,,,,0.01,0.067,49.4,13.26,-0.01,,,10.375
118.68,CARRY,11.28,0.13,-9.58,30.18,-0.01,0,0,,,,0.009,0.063,48.7,13.26,-0.01,,,10.375
118.73,CARRY,11.28,0.13,-9.58,30.2,-0.01,0,0,,,,0.009,0.063,50.2,13.26,-0.01,,,10.375
118.78,CARRY,11.29,0.14,-9.58,30.21,-0.01,0,0,,,,0.009,0.06,48.9,13.26,-0.01,,,10.375
118.83,CARRY,11.29,0.14,-9.58,30.22,-0.01,0,0,,,,0.009,0.06,48.1,13.26,-0.01,,,10.375
118.88,CARRY,11.29,0.14,-9.58,30.23,-0.01,0,0,,,,0.009,0.056,48.9,13.26,-0.01,,,10.375
118.93,CARRY,11.29,0.14,-9.58,30.25,-0.01,0,0,,,,0.009,0.056,47.9,13.26,-0.01,,,10.375
118.98,CARRY,11.29,0.15,-9.58,30.26,-0.01,0,0,,,,0.008,0.053,48.5,13.26,-0.01,,,10.375
119.03,CARRY,11.29,0.15,-9.58,30.27,-0.01,0,0,,,,0.008,0.053,47.9,13.26,-0.01,,,10.375
119.08,CARRY,11.29,0.16,-9.58,30.28,-0.01,0,0,,,,0.008,0.049,48.7,13.26,-0.01,,,10.375
119.13,CARRY,11.29,0.16,-9.58,30.3,-0.01,0,0,,,,0.008,0.049,47.8,13.26,-0.01,,,10.375
119.18,CARRY,11.29,0.16,-9.58,30.31,-0.01,0,0,,,,0.007,0.046,48.5,13.26,-0.01,,,10.375
119.23,CARRY,11.29,0.16,-9.58,30.32,-0.01,0,0,,,,0.007,0.046,47.8,13.26,-0.01,,,10.375
119.28,CARRY,11.29,0.17,-9.58,30.33,-0.01,0,0,,,,0.007,0.043,48.5,13.26,-0.01,,,10.375
119.33,CARRY,11.29,0.17,-9.58,30.35,-0.01,0,0,,,,0.007,0.043,47.8,13.26,-0.01,,,10.375
119.38,CARRY,11.3,0.17,-9.58,30.36,-0.01,0,0,,,,0.006,0.04,48.8,13.26,-0.01,,,10.375
119.43,CARRY,11.3,0.17,-9.58,30.37,-0.01,0,0,,,,0.006,0.04,52.8,13.26,-0.01,,,10.375
119.49,CARRY,11.3,0.18,-9.58,30.39,-0.01,0,0,,,,0.006,0.037,50.5,13.26,-0.01,,,10.438
119.54,CARRY,11.3,0.18,-9.58,30.4,-0.01,0,0,,,,0.006,0.037,47.5,13.26,-0.01,,,10.438
119.59,CARRY,11.3,0.19,-9.58,30.41,-0.01,0,0,,,,0.005,0.034,49.2,13.26,-0.01,,,10.375
119.64,CARRY,11.3,0.19,-9.58,30.42,-0.01,0,0,,,,0.005,0.034,48.0,13.26,-0.01,,,10.375
119.69,CARRY,11.3,0.19,-9.58,30.44,-0.01,0,0,,,,0.005,0.031,48.8,13.26,-0.01,,,10.375
119.74,CARRY,11.3,0.19,-9.58,30.45,-0.01,0,0,,,,0.005,0.031,47.7,13.26,-0.01,,,10.375
119.79,CARRY,11.3,0.19,-9.58,30.46,-0.01,0,0,,,,0.005,0.029,49.0,13.26,-0.01,,,10.438
119.84,CARRY,11.3,0.19,-9.58,30.47,-0.01,0,0,,,,0.005,0.029,47.9,13.26,-0.01,,,10.438
119.89,CARRY,11.3,0.2,-9.58,30.49,-0.01,0,0,,,,0.004,0.026,48.8,13.26,-0.01,,,10.438
119.94,CARRY,11.3,0.2,-9.58,30.5,-0.01,0,0,,,,0.004,0.026,47.8,13.26,-0.01,,,10.438
119.99,CARRY,11.3,0.2,-9.58,30.51,-0.01,0,0,,,,0.004,0.024,48.8,13.26,-0.01,,,10.438
120.04,CARRY,11.3,0.2,-9.58,30.52,-0.01,0,0,,,,0.004,0.024,47.8,13.26,-0.01,,,10.375
120.09,CARRY,11.31,0.21,-9.58,30.54,-0.01,0,0,,,,0.003,0.022,49.5,13.26,-0.01,,,10.438
120.14,CARRY,11.31,0.21,-9.58,30.55,-0.01,0,0,,,,0.003,0.022,47.9,13.26,-0.01,,,10.438
120.19,CARRY,11.31,0.21,-9.58,30.56,-0.01,0,0,,,,0.003,0.02,48.9,13.26,-0.01,,,10.438
120.24,CARRY,11.31,0.21,-9.58,30.57,-0.01,0,0,,,,0.003,0.02,47.8,13.26,-0.01,,,10.438
120.29,CARRY,11.31,0.21,-9.58,30.59,-0.01,0,0,,,,0.002,0.018,48.9,13.26,-0.01,,,10.438
120.34,CARRY,11.31,0.21,-9.58,30.6,-0.01,0,0,,,,0.002,0.018,47.7,13.26,-0.01,,,10.438
120.39,CARRY,11.31,0.22,-9.58,30.61,-0.01,0,0,,,,0.002,0.016,48.9,13.26,-0.01,,,10.438
120.44,CARRY,11.31,0.22,-9.58,30.62,-0.01,0,0,,,,0.002,0.016,49.4,13.26,-0.01,,,10.438
120.49,CARRY,11.31,0.22,-9.58,30.64,-0.01,0,0,,,,0.002,0.014,49.2,13.26,-0.01,,,10.375
120.54,CARRY,11.31,0.22,-9.58,30.65,-0.01,0,0,,,,0.002,0.014,47.8,13.26,-0.01,,,10.375
120.59,REGROUND,11.31,0.22,-9.58,30.66,-0.01,0,0,,,,0.001,0.013,48.8,13.26,-0.01,,,10.375
120.64,REGROUND,11.31,0.22,-9.58,30.67,-0.01,0,0,,,,0.001,0.013,3.4,13.26,-0.01,,,
120.69,REGROUND,11.31,0.23,-9.58,30.69,-0.01,0,0,,,,0.001,0.011,1.6,13.26,-0.01,,,
120.74,REGROUND,11.31,0.23,-9.58,30.7,-0.01,0,0,,,,0.001,0.011,0.9,13.26,-0.01,,,
120.79,REGROUND,11.32,0.23,-9.58,30.71,-0.01,0,0,,,,-0.0,0.01,1.5,13.26,-0.01,,,
120.84,REGROUND,11.32,0.23,-9.58,30.72,-0.01,0,0,,,,-0.0,0.01,1.0,13.26,-0.01,,,
120.89,REGROUND,11.32,0.23,-9.58,30.74,-0.01,0,0,,,,-0.001,0.008,1.6,13.26,-0.01,,,
120.94,REGROUND,11.32,0.23,-9.58,30.75,-0.01,0,0,,,,-0.001,0.008,0.9,13.26,-0.01,,,
120.99,REGROUND,11.32,0.23,-9.58,30.76,-0.01,0,0,,,,-0.001,0.007,1.6,13.26,-0.01,,,
121.04,REGROUND,11.32,0.23,-9.58,30.77,-0.01,0,0,,,,-0.001,0.007,1.0,13.26,-0.01,,,
121.09,REGROUND,11.32,0.24,-9.58,30.79,-0.01,0,0,,,,-0.002,0.006,1.6,13.26,-0.01,,,
121.14,REGROUND,11.32,0.24,-9.58,30.8,-0.01,0,0,,,,-0.002,0.006,1.0,13.26,-0.01,,,
121.19,REGROUND,11.32,0.24,-9.58,30.81,-0.01,0,0,,,,-0.002,0.005,1.6,13.26,-0.01,,,
121.24,REGROUND,11.32,0.24,-9.58,30.82,-0.01,0,0,,,,-0.002,0.005,0.9,13.26,-0.01,,,
121.29,REGROUND,11.32,0.24,-9.58,30.84,-0.01,0,0,,,,-0.002,0.004,1.5,13.26,-0.01,,,
121.34,REGROUND,11.32,0.24,-9.58,30.85,-0.01,0,0,,,,-0.002,0.004,0.9,13.26,-0.01,,,
121.39,REGROUND,11.32,0.24,-9.58,30.86,-0.01,0,0,,,,-0.003,0.003,1.5,13.26,-0.01,,,
121.44,REGROUND,11.32,0.24,-9.58,30.87,-0.01,0,0,,,,-0.003,0.003,0.9,13.26,-0.01,,,
121.49,REGROUND,11.32,0.24,-9.58,30.89,-0.01,0,0,,,,-0.003,0.003,1.5,13.26,-0.01,,,
121.54,REGROUND,11.32,0.24,-9.58,30.9,-0.01,0,0,,,,-0.003,0.003,0.8,13.26,-0.01,,,
121.59,REGROUND,11.32,0.24,-9.58,30.91,-0.01,0,0,,,,-0.003,0.002,1.4,13.26,-0.01,,,
121.64,REGROUND,11.32,0.24,-9.58,30.92,-0.01,0,0,,,,-0.003,0.002,1.0,13.26,-0.01,,,
121.69,REGROUND,11.32,0.24,-9.58,30.94,-0.01,0,0,,,,-0.003,0.001,1.6,13.26,-0.01,,,
121.74,REGROUND,11.32,0.24,-9.58,30.95,-0.01,0,0,,,,-0.003,0.001,1.0,13.26,-0.01,,,
121.79,REGROUND,11.32,0.24,-9.58,30.96,-0.01,0,0,,,,-0.004,0.001,1.6,13.26,-0.01,,,
121.84,REGROUND,11.32,0.24,-9.58,30.97,-0.01,0,0,,,,-0.004,0.0,1.0,13.26,-0.01,,,
121.89,REGROUND,11.32,0.25,-9.58,30.99,-0.01,0,0,,,,-0.004,-0.0,1.6,13.26,-0.01,,,
121.94,REGROUND,11.32,0.25,-9.58,31.0,-0.01,0,0,,,,-0.004,-0.0,1.0,13.26,-0.01,,,
121.99,REGROUND,11.32,0.25,-9.58,31.01,-0.01,0,0,,,,-0.004,-0.001,1.6,13.26,-0.01,,,
122.04,REGROUND,11.32,0.25,-9.58,31.02,-0.01,0,0,,,,-0.004,-0.001,0.9,13.26,-0.01,,,
122.09,REGROUND,11.32,0.25,-9.58,31.04,-0.01,0,0,,,,-0.004,-0.001,1.5,13.26,-0.01,,,
122.14,REGROUND,11.32,0.25,-9.58,31.05,-0.01,0,0,,,,-0.004,-0.001,0.9,13.26,-0.01,,,
122.19,REGROUND,11.32,0.25,-9.58,31.06,-0.01,0,0,,,,-0.004,-0.001,1.6,13.26,-0.01,,,
122.24,REGROUND,11.32,0.25,-9.58,31.07,-0.01,0,0,,,,-0.004,-0.001,0.9,13.26,-0.01,,,
122.29,REGROUND,11.32,0.25,-9.58,31.09,-0.01,0,0,,,,-0.004,-0.002,1.5,13.26,-0.01,,,
122.34,REGROUND,11.32,0.25,-9.58,31.1,-0.01,0,0,,,,-0.004,-0.002,0.9,13.26,-0.01,,,
122.39,REGROUND,11.32,0.25,-9.58,31.11,-0.01,0,0,,,,-0.004,-0.002,1.4,13.26,-0.01,,,
122.44,REGROUND,11.32,0.25,-9.58,31.12,-0.01,0,0,,,,-0.004,-0.002,0.9,13.26,-0.01,,,
122.49,REGROUND,11.32,0.25,-9.58,31.14,-0.01,0,0,,,,-0.003,-0.002,1.6,13.26,-0.01,,,
122.54,REGROUND,11.32,0.25,-9.58,31.15,-0.01,0,0,,,,-0.003,-0.002,1.0,13.26,-0.01,,,
122.59,REGROUND,11.32,0.25,-9.58,31.16,-0.01,0,0,,,,-0.003,-0.002,1.6,13.26,-0.01,,,
122.64,REGROUND,11.32,0.25,-9.58,31.17,-0.01,0,0,,,,-0.003,-0.002,1.0,13.26,-0.01,,,
122.69,REGROUND,11.32,0.25,-9.58,31.19,-0.01,0,0,,,,-0.003,-0.002,1.6,13.26,-0.01,,,
122.74,REGROUND,11.32,0.25,-9.58,31.2,-0.01,0,0,,,,-0.003,-0.002,1.0,13.26,-0.01,,,
122.79,REGROUND,11.32,0.25,-9.58,31.21,-0.01,0,0,,,,-0.003,-0.003,1.6,13.26,-0.01,,,
122.84,REGROUND,11.32,0.25,-9.58,31.22,-0.01,0,0,,,,-0.003,-0.003,0.9,13.26,-0.01,,,
122.89,REGROUND,11.32,0.25,-9.58,31.24,-0.01,0,0,,,,-0.003,-0.003,1.5,13.26,-0.01,,,
122.94,REGROUND,11.32,0.25,-9.58,31.25,-0.01,0,0,,,,-0.003,-0.003,0.9,13.26,-0.01,,,
122.99,REGROUND,11.32,0.25,-9.58,31.26,-0.01,0,0,,,,-0.003,-0.003,1.4,13.26,-0.01,,,
123.04,REGROUND,11.32,0.25,-9.58,31.27,-0.01,0,0,,,,-0.003,-0.003,3.8,13.26,-0.01,,,
123.09,REGROUND,11.32,0.25,-9.58,31.29,-0.01,0,0,,,,-0.002,-0.003,1.5,13.26,-0.01,,,
123.14,REGROUND,11.32,0.25,-9.58,31.3,-0.01,0,0,,,,-0.002,-0.003,0.9,13.26,-0.01,,,
123.19,REGROUND,11.32,0.25,-9.58,31.31,-0.01,0,0,,,,-0.002,-0.003,1.5,13.26,-0.01,,,
123.24,REGROUND,11.32,0.25,-9.58,31.32,-0.01,0,0,,,,-0.002,-0.003,1.5,13.26,-0.01,,,
123.29,REGROUND,11.32,0.25,-9.58,31.34,-0.01,0,0,,,,-0.002,-0.004,1.0,13.26,-0.01,,,
123.34,REGROUND,11.32,0.25,-9.58,31.35,-0.01,0,0,,,,-0.002,-0.004,1.0,13.26,-0.01,,,
123.39,REGROUND,11.32,0.25,-9.58,31.36,-0.01,0,0,,,,-0.002,-0.004,1.9,13.26,-0.01,,,
123.44,REGROUND,11.32,0.25,-9.58,31.38,-0.01,0,0,,,,-0.002,-0.004,1.0,13.26,-0.01,,,
123.49,REGROUND,11.32,0.25,-9.58,31.39,-0.01,0,0,,,,-0.001,-0.004,1.7,13.26,-0.01,,,
123.54,REGROUND,11.32,0.25,-9.58,31.4,-0.01,0,0,,,,-0.001,-0.004,1.0,13.26,-0.01,,,
123.59,REGROUND,11.32,0.25,-9.58,31.41,-0.01,0,0,,,,-0.001,-0.004,1.6,13.26,-0.01,,,
123.64,REGROUND,11.32,0.25,-9.58,31.43,-0.01,0,0,,,,-0.001,-0.004,1.0,13.26,-0.01,,,
123.69,REGROUND,11.32,0.25,-9.58,31.44,-0.01,0,0,,,,-0.001,-0.004,1.4,13.26,-0.01,,,
123.74,REGROUND,11.32,0.25,-9.58,31.45,-0.01,0,0,,,,-0.001,-0.004,1.0,13.26,-0.01,,,
123.79,REGROUND,11.32,0.25,-9.58,31.46,-0.01,0,0,,,,-0.001,-0.004,1.5,13.26,-0.01,,,
123.84,REGROUND,11.32,0.25,-9.58,31.48,-0.01,0,0,,,,-0.001,-0.004,1.5,13.26,-0.01,,,
123.89,REGROUND,11.32,0.25,-9.58,31.49,-0.01,0,0,,,,-0.001,-0.004,0.9,13.26,-0.01,,,
123.94,REGROUND,11.32,0.25,-9.58,31.5,-0.01,0,0,,,,-0.001,-0.004,0.9,13.26,-0.01,,,
123.99,REGROUND,11.32,0.25,-9.58,31.51,-0.01,0,0,,,,-0.0,-0.004,1.5,13.26,-0.01,,,
124.04,REGROUND,11.32,0.25,-9.58,31.53,-0.01,0,0,,,,-0.0,-0.004,0.9,13.26,-0.01,,,
124.09,REGROUND,11.32,0.25,-9.58,31.54,-0.01,0,0,,,,-0.0,-0.003,1.5,13.26,-0.01,,,
124.14,REGROUND,11.32,0.25,-9.58,31.55,-0.01,0,0,,,,-0.0,-0.004,1.0,13.26,-0.01,,,
124.19,REGROUND,11.32,0.25,-9.58,31.56,-0.01,0,0,,,,0.0,-0.003,1.6,13.26,-0.01,,,
124.24,REGROUND,11.32,0.25,-9.58,31.58,-0.01,0,0,,,,0.0,-0.003,1.0,13.26,-0.01,,,
124.29,REGROUND,11.32,0.25,-9.58,31.59,-0.01,0,0,,,,0.0,-0.003,1.7,13.26,-0.01,,,
124.34,REGROUND,11.32,0.25,-9.58,31.6,-0.01,0,0,,,,0.0,-0.003,1.0,13.26,-0.01,,,
124.39,REGROUND,11.32,0.25,-9.58,31.61,-0.01,0,0,,,,0.001,-0.003,1.6,13.26,-0.01,,,
124.44,REGROUND,11.31,0.25,-9.58,31.63,-0.01,0,0,,,,0.001,-0.003,1.6,13.26,-0.01,,,
124.49,REGROUND,11.31,0.25,-9.58,31.64,-0.01,0,0,,,,0.001,-0.003,1.0,13.26,-0.01,,,
124.54,REGROUND,11.31,0.25,-9.58,31.65,-0.01,0,0,,,,0.001,-0.003,1.6,13.26,-0.01,,,
124.59,REGROUND,11.31,0.25,-9.58,31.66,-0.01,0,0,,,,0.001,-0.003,0.9,13.26,-0.01,,,
124.64,REGROUND,11.31,0.25,-9.58,31.68,-0.01,0,0,,,,0.001,-0.003,1.0,13.26,-0.01,,,
124.69,REGROUND,11.31,0.25,-9.58,31.69,-0.01,0,0,,,,0.001,-0.003,1.5,13.26,-0.01,,,
124.75,REGROUND,11.31,0.25,-9.58,31.7,-0.01,0,0,,,,0.001,-0.003,0.9,13.26,-0.01,,,
124.8,REGROUND,11.31,0.25,-9.58,31.71,-0.01,0,0,,,,0.001,-0.002,1.4,13.26,-0.01,,,
124.85,REGROUND,11.31,0.25,-9.58,31.73,-0.01,0,0,,,,0.001,-0.002,0.9,13.26,-0.01,,,
124.9,REGROUND,11.31,0.24,-9.58,31.74,-0.01,0,0,,,,0.002,-0.002,1.4,13.26,-0.01,,,
124.95,REGROUND,11.31,0.24,-9.58,31.75,-0.01,0,0,,,,0.002,-0.002,1.5,13.26,-0.01,,,
125.0,REGROUND,11.31,0.24,-9.58,31.76,-0.01,0,0,,,,0.002,-0.002,0.9,13.26,-0.01,,,
125.05,REGROUND,11.31,0.24,-9.58,31.78,-0.01,0,0,,,,0.002,-0.001,1.6,13.26,-0.01,,,
125.1,REGROUND,11.31,0.24,-9.58,31.79,-0.01,0,0,,,,0.002,-0.001,0.9,13.26,-0.01,,,
125.15,REGROUND,11.31,0.24,-9.58,31.8,-0.01,0,0,,,,0.003,-0.001,1.6,13.26,-0.01,,,
125.2,REGROUND,11.31,0.24,-9.58,31.81,-0.01,0,0,,,,0.003,-0.001,1.0,13.26,-0.01,,,
125.25,REGROUND,11.31,0.24,-9.58,31.83,-0.01,0,0,,,,0.003,-0.001,1.8,13.26,-0.01,,,
125.3,REGROUND,11.31,0.24,-9.58,31.84,-0.01,0,0,,,,0.003,-0.001,1.1,13.26,-0.01,,,
125.35,REGROUND,11.31,0.24,-9.58,31.85,-0.01,0,0,,,,0.003,-0.001,1.0,13.26,-0.01,,,
125.4,REGROUND,11.31,0.24,-9.58,31.86,-0.01,0,0,,,,0.003,-0.001,1.6,13.26,-0.01,,,
125.45,REGROUND,11.31,0.24,-9.58,31.88,-0.01,0,0,,,,0.003,-0.001,3.4,13.26,-0.01,,,
125.5,REGROUND,11.31,0.24,-9.58,31.89,-0.01,0,0,,,,0.003,-0.001,1.5,13.26,-0.01,,,
125.55,REGROUND,11.31,0.24,-9.58,31.9,-0.01,0,0,,,,0.004,-0.0,1.5,13.26,-0.01,,,
125.6,REGROUND,11.31,0.24,-9.58,31.91,-0.01,0,0,,,,0.004,-0.0,0.9,13.26,-0.01,,,
125.65,REGROUND,11.31,0.24,-9.58,31.93,-0.01,0,0,,,,0.004,-0.0,1.5,13.26,-0.01,,,
125.7,REGROUND,11.31,0.24,-9.58,31.94,-0.01,0,0,,,,0.004,-0.0,0.9,13.26,-0.01,,,
125.75,REGROUND,11.31,0.24,-9.58,31.95,-0.01,0,0,,,,0.004,-0.0,1.6,13.26,-0.01,,,
125.8,REGROUND,11.31,0.24,-9.58,31.96,-0.01,0,0,,,,0.004,-0.0,0.7,13.26,-0.01,,,
125.85,REGROUND,11.31,0.24,-9.58,31.98,-0.01,0,0,,,,0.004,0.0,1.6,13.26,-0.01,,,
125.9,REGROUND,11.31,0.24,-9.58,31.99,-0.01,0,0,,,,0.004,0.0,1.0,13.26,-0.01,,,
125.95,REGROUND,11.31,0.24,-9.58,32.0,-0.01,0,0,,,,0.004,0.001,1.6,13.26,-0.01,,,
126.0,REGROUND,11.31,0.24,-9.58,32.01,-0.01,0,0,,,,0.004,0.0,1.0,13.26,-0.01,,,
126.05,REGROUND,11.31,0.24,-9.58,32.03,-0.01,0,0,,,,0.004,0.0,1.0,13.26,-0.01,,,
126.1,REGROUND,11.31,0.24,-9.58,32.04,-0.01,0,0,,,,0.004,0.001,1.6,13.26,-0.01,,,
126.15,REGROUND,11.31,0.24,-9.58,32.05,-0.01,0,0,,,,0.003,0.001,1.5,13.26,-0.01,,,
126.2,REGROUND,11.31,0.24,-9.58,32.06,-0.01,0,0,,,,0.003,0.001,1.0,13.26,-0.01,,,
126.25,REGROUND,11.31,0.24,-9.58,32.08,-0.01,0,0,,,,0.003,0.001,1.4,13.26,-0.01,,,
126.3,REGROUND,11.31,0.24,-9.58,32.09,-0.01,0,0,,,,0.003,0.001,0.9,13.26,-0.01,,,
126.35,REGROUND,11.31,0.23,-9.58,32.1,-0.01,0,0,,,,0.003,0.001,1.5,13.26,-0.01,,,
126.4,REGROUND,11.31,0.23,-9.58,32.11,-0.01,0,0,,,,0.003,0.001,0.9,13.26,-0.01,,,
126.45,REGROUND,11.31,0.23,-9.58,32.13,-0.01,0,0,,,,0.003,0.002,1.3,13.26,-0.01,,,
126.5,REGROUND,11.31,0.23,-9.58,32.14,-0.01,0,0,,,,0.003,0.001,0.9,13.26,-0.01,,,
126.55,REGROUND,11.31,0.23,-9.58,32.15,-0.01,0,0,,,,0.002,0.002,1.6,13.26,-0.01,,,
126.6,REGROUND,11.31,0.23,-9.58,32.16,-0.01,0,0,,,,0.002,0.002,1.0,13.26,-0.01,,,
126.65,REGROUND,11.31,0.23,-9.58,32.18,-0.01,0,0,,,,0.002,0.002,1.0,13.26,-0.01,,,
126.7,REGROUND,11.31,0.23,-9.58,32.19,-0.01,0,0,,,,0.002,0.002,1.6,13.26,-0.01,,,
126.75,REGROUND,11.31,0.23,-9.58,32.2,-0.01,0,0,,,,0.002,0.002,1.6,13.26,-0.01,,,
126.8,REGROUND,11.31,0.23,-9.58,32.21,-0.01,0,0,,,,0.002,0.002,1.0,13.26,-0.01,,,
126.85,REGROUND,11.31,0.23,-9.58,32.23,-0.01,0,0,,,,0.002,0.001,1.6,13.26,-0.01,,,
126.9,REGROUND,11.31,0.23,-9.58,32.24,-0.01,0,0,,,,0.002,0.001,1.0,13.26,-0.01,,,
126.95,REGROUND,11.31,0.23,-9.58,32.25,-0.01,0,0,,,,0.001,0.001,1.6,13.26,-0.01,,,
127.0,REGROUND,11.31,0.23,-9.58,32.26,-0.01,0,0,,,,0.001,0.001,0.9,13.26,-0.01,,,
127.05,REGROUND,11.31,0.23,-9.58,32.28,-0.01,0,0,,,,0.001,0.001,1.6,13.26,-0.01,,,
127.1,REGROUND,11.31,0.23,-9.58,32.29,-0.01,0,0,,,,0.001,0.001,0.9,13.26,-0.01,,,
127.15,REGROUND,11.31,0.23,-9.58,32.3,-0.01,0,0,,,,0.001,0.001,1.6,13.26,-0.01,,,
127.2,REGROUND,11.31,0.23,-9.58,32.31,-0.01,0,0,,,,0.001,0.001,0.7,13.26,-0.01,,,
127.25,REGROUND,11.31,0.23,-9.58,32.33,-0.01,0,0,,,,0.001,0.001,1.5,13.26,-0.01,,,
127.3,REGROUND,11.31,0.23,-9.58,32.34,-0.01,0,0,,,,0.001,0.001,0.9,13.26,-0.01,,,
127.35,REGROUND,11.31,0.23,-9.58,32.35,-0.01,0,0,,,,0.0,0.001,1.6,13.26,-0.01,,,
127.4,REGROUND,11.31,0.23,-9.58,32.36,-0.01,0,0,,,,0.0,0.0,1.0,13.26,-0.01,,,
127.45,REGROUND,11.31,0.23,-9.58,32.38,-0.01,0,0,,,,0.0,0.0,1.2,13.26,-0.01,,,
127.5,REGROUND,11.31,0.23,-9.58,32.39,-0.01,0,0,,,,0.0,0.0,1.0,13.26,-0.01,,,
127.55,REGROUND,11.31,0.23,-9.58,32.4,-0.01,0,0,,,,-0.0,0.0,1.6,13.26,-0.01,,,
127.6,REGROUND,11.31,0.23,-9.58,32.41,-0.01,0,0,,,,-0.0,-0.0,1.0,13.26,-0.01,,,
127.65,REGROUND,11.31,0.23,-9.58,32.43,-0.01,0,0,,,,-0.0,-0.0,1.6,13.26,-0.01,,,
127.7,REGROUND,11.31,0.23,-9.58,32.44,-0.01,0,0,,,,-0.0,-0.0,0.9,13.26,-0.01,,,
127.75,REGROUND,11.32,0.23,-9.58,32.45,-0.01,0,0,,,,-0.001,-0.0,1.7,13.26,-0.01,,,
127.8,REGROUND,11.32,0.23,-9.58,32.46,-0.01,0,0,,,,-0.001,-0.001,0.9,13.26,-0.01,,,
127.85,REGROUND,11.32,0.24,-9.58,32.48,-0.01,0,0,,,,-0.001,-0.001,4.1,13.26,-0.01,,,
127.9,REGROUND,11.32,0.24,-9.58,32.49,-0.01,0,0,,,,-0.001,-0.001,0.9,13.26,-0.01,,,
127.95,REGROUND,11.32,0.24,-9.58,32.5,-0.01,0,0,,,,-0.002,-0.001,1.5,13.26,-0.01,,,
128.0,REGROUND,11.32,0.24,-9.58,32.51,-0.01,0,0,,,,-0.002,-0.001,0.9,13.26,-0.01,,,
128.05,REGROUND,11.32,0.24,-9.58,32.53,-0.01,0,0,,,,-0.002,-0.001,1.4,13.26,-0.01,,,
128.1,REGROUND,11.32,0.24,-9.58,32.54,-0.01,0,0,,,,-0.002,-0.001,1.0,13.26,-0.01,,,
128.15,REGROUND,11.32,0.24,-9.58,32.55,-0.01,0,0,,,,-0.003,-0.001,1.7,13.26,-0.01,,,
128.2,REGROUND,11.32,0.24,-9.58,32.56,-0.01,0,0,,,,-0.003,-0.002,1.0,13.26,-0.01,,,
128.25,REGROUND,11.32,0.24,-9.58,32.58,-0.01,0,0,,,,-0.003,-0.002,1.7,13.26,-0.01,,,
128.3,REGROUND,11.32,0.24,-9.58,32.59,-0.01,0,0,,,,-0.003,-0.002,1.0,13.26,-0.01,,,
128.35,REGROUND,11.32,0.24,-9.58,32.6,-0.01,0,0,,,,-0.003,-0.002,1.6,13.26,-0.01,,,
128.4,REGROUND,11.32,0.24,-9.58,32.61,-0.01,0,0,,,,-0.003,-0.002,1.0,13.26,-0.01,,,
128.45,REGROUND,11.32,0.24,-9.58,32.63,-0.01,0,0,,,,-0.004,-0.002,1.3,13.26,-0.01,,,
128.5,REGROUND,11.32,0.24,-9.58,32.64,-0.01,0,0,,,,-0.004,-0.002,0.7,13.26,-0.01,,,
128.55,REGROUND,11.32,0.24,-9.58,32.65,-0.01,0,0,,,,-0.004,-0.002,1.5,13.26,-0.01,,,
128.6,REGROUND,11.32,0.24,-9.58,32.66,-0.01,0,0,,,,-0.004,-0.002,0.9,13.26,-0.01,,,
128.65,REGROUND,11.32,0.24,-9.58,32.68,-0.01,0,0,,,,-0.004,-0.002,1.7,13.26,-0.01,,,
128.7,REGROUND,11.32,0.24,-9.58,32.69,-0.01,0,0,,,,-0.004,-0.002,1.2,13.26,-0.01,,,
128.75,REGROUND,11.32,0.24,-9.58,32.7,-0.01,0,0,,,,-0.004,-0.002,1.6,13.26,-0.01,,,
128.8,REGROUND,11.32,0.24,-9.58,32.71,-0.01,0,0,,,,-0.004,-0.002,1.0,13.26,-0.01,,,
128.85,REGROUND,11.32,0.24,-9.58,32.73,-0.01,0,0,,,,-0.004,-0.003,1.6,13.26,-0.01,,,
128.9,REGROUND,11.32,0.24,-9.58,32.74,-0.01,0,0,,,,-0.004,-0.003,1.0,13.26,-0.01,,,
128.95,REGROUND,11.32,0.24,-9.58,32.75,-0.01,0,0,,,,-0.004,-0.002,1.6,13.26,-0.01,,,
129.0,REGROUND,11.32,0.24,-9.58,32.76,-0.01,0,0,,,,-0.004,-0.003,0.9,13.26,-0.01,,,
129.05,REGROUND,11.32,0.24,-9.58,32.78,-0.01,0,0,,,,-0.004,-0.003,1.6,13.26,-0.01,,,
129.1,REGROUND,11.32,0.24,-9.58,32.79,-0.01,0,0,,,,-0.004,-0.003,0.9,13.26,-0.01,,,
129.15,REGROUND,11.32,0.24,-9.58,32.8,-0.01,0,0,,,,-0.004,-0.003,1.5,13.26,-0.01,,,
129.2,REGROUND,11.32,0.24,-9.58,32.81,-0.01,0,0,,,,-0.004,-0.003,0.9,13.26,-0.01,,,
129.25,REGROUND,11.32,0.24,-9.58,32.83,-0.01,0,0,,,,-0.003,-0.003,1.6,13.26,-0.01,,,
129.3,REGROUND,11.32,0.24,-9.58,32.84,-0.01,0,0,,,,-0.003,-0.003,0.9,13.26,-0.01,,,
129.35,REGROUND,11.32,0.24,-9.58,32.85,-0.01,0,0,,,,-0.003,-0.003,1.5,13.26,-0.01,,,
129.4,REGROUND,11.32,0.24,-9.58,32.86,-0.01,0,0,,,,-0.003,-0.003,1.0,13.26,-0.01,,,
129.45,REGROUND,11.32,0.24,-9.58,32.88,-0.01,0,0,,,,-0.003,-0.003,1.4,13.26,-0.01,,,
129.5,REGROUND,11.32,0.24,-9.58,32.89,-0.01,0,0,,,,-0.003,-0.003,1.0,13.26,-0.01,,,
129.55,REGROUND,11.32,0.23,-9.58,32.9,-0.01,0,0,,,,-0.003,-0.003,1.4,13.26,-0.01,,,
129.6,REGROUND,11.32,0.23,-9.58,32.91,-0.01,0,0,,,,-0.003,-0.003,1.0,13.26,-0.01,,,
129.65,REGROUND,11.32,0.24,-9.58,32.93,-0.01,0,0,,,,-0.002,-0.003,1.6,13.26,-0.01,,,
129.7,REGROUND,11.32,0.24,-9.58,32.94,-0.01,0,0,,,,-0.002,-0.003,0.9,13.26,-0.01,,,
129.75,REGROUND,11.32,0.23,-9.58,32.95,-0.01,0,0,,,,-0.002,-0.003,1.7,13.26,-0.01,,,
129.8,REGROUND,11.32,0.23,-9.58,32.96,-0.01,0,0,,,,-0.002,-0.003,0.9,13.26,-0.01,,,
129.85,REGROUND,11.32,0.23,-9.58,32.98,-0.01,0,0,,,,-0.002,-0.003,1.6,13.26,-0.01,,,
129.9,REGROUND,11.32,0.23,-9.58,32.99,-0.01,0,0,,,,-0.002,-0.003,0.9,13.26,-0.01,,,
129.95,REGROUND,11.32,0.23,-9.58,33.0,-0.01,0,0,,,,-0.002,-0.003,1.6,13.26,-0.01,,,
130.0,REGROUND,11.32,0.23,-9.58,33.01,-0.01,0,0,,,,-0.002,-0.003,0.9,13.26,-0.01,,,
130.05,REGROUND,11.32,0.23,-9.58,33.03,-0.01,0,0,,,,-0.001,-0.003,1.5,13.26,-0.01,,,
130.1,REGROUND,11.32,0.23,-9.58,33.04,-0.01,0,0,,,,-0.001,-0.003,1.0,13.26,-0.01,,,
130.15,REGROUND,11.32,0.24,-9.58,33.05,-0.01,0,0,,,,-0.001,-0.003,1.6,13.26,-0.01,,,
130.2,REGROUND,11.32,0.24,-9.58,33.06,-0.01,0,0,,,,-0.001,-0.003,1.0,13.26,-0.01,,,
130.25,REGROUND,11.32,0.24,-9.58,33.08,-0.01,0,0,,,,-0.001,-0.004,4.5,13.26,-0.01,,,
130.3,REGROUND,11.32,0.24,-9.58,33.09,-0.01,0,0,,,,-0.001,-0.004,1.0,13.26,-0.01,,,
130.35,REGROUND,11.32,0.24,-9.58,33.1,-0.01,0,0,,,,-0.001,-0.004,1.6,13.26,-0.01,,,
130.4,REGROUND,11.32,0.24,-9.58,33.11,-0.01,0,0,,,,-0.001,-0.004,1.0,13.26,-0.01,,,
130.45,REGROUND,11.32,0.24,-9.58,33.13,-0.01,0,0,,,,-0.001,-0.004,1.4,13.26,-0.01,,,
130.5,REGROUND,11.32,0.24,-9.58,33.14,-0.01,0,0,,,,-0.001,-0.004,0.7,13.26,-0.01,,,
130.55,REGROUND,11.32,0.24,-9.58,33.15,-0.01,0,0,,,,-0.001,-0.005,1.6,13.26,-0.01,,,
130.6,REGROUND,11.32,0.24,-9.58,33.16,-0.01,0,0,,,,-0.001,-0.005,0.9,13.26,-0.01,,,
130.65,REGROUND,11.31,0.24,-9.58,33.18,-0.01,0,0,,,,-0.001,-0.005,1.6,13.26,-0.01,,,
130.7,REGROUND,11.31,0.24,-9.58,33.19,-0.01,0,0,,,,-0.001,-0.005,0.9,13.26,-0.01,,,
130.75,REGROUND,11.31,0.24,-9.58,33.2,-0.01,0,0,,,,-0.001,-0.005,1.6,13.26,-0.01,,,
130.8,REGROUND,11.31,0.24,-9.58,33.22,-0.01,0,0,,,,-0.001,-0.005,1.0,13.26,-0.01,,,
130.85,REGROUND,11.31,0.24,-9.58,33.23,-0.01,0,0,,,,-0.001,-0.006,1.6,13.26,-0.01,,,
130.9,REGROUND,11.31,0.24,-9.58,33.24,-0.01,0,0,,,,-0.001,-0.006,1.0,13.26,-0.01,,,
130.95,REGROUND,11.31,0.24,-9.58,33.25,-0.01,0,0,,,,-0.001,-0.006,1.6,13.26,-0.01,,,
131.0,REGROUND,11.31,0.24,-9.58,33.27,-0.01,0,0,,,,-0.001,-0.006,0.8,13.26,-0.01,,,
131.05,REGROUND,11.31,0.24,-9.58,33.28,-0.01,0,0,,,,-0.0,-0.006,1.4,13.26,-0.01,,,
131.1,REGROUND,11.31,0.24,-9.58,33.29,-0.01,0,0,,,,-0.0,-0.006,0.9,13.26,-0.01,,,
131.15,REGROUND,11.31,0.24,-9.58,33.3,-0.01,0,0,,,,-0.001,-0.006,1.6,13.26,-0.01,,,
131.2,REGROUND,11.31,0.24,-9.58,33.32,-0.01,0,0,,,,-0.001,-0.006,1.0,13.26,-0.01,,,
131.25,REGROUND,11.31,0.24,-9.58,33.33,-0.01,0,0,,,,-0.0,-0.006,1.6,13.26,-0.01,,,
131.3,REGROUND,11.31,0.24,-9.58,33.34,-0.01,0,0,,,,-0.0,-0.006,0.9,13.26,-0.01,,,
131.35,REGROUND,11.31,0.24,-9.58,33.35,-0.01,0,0,,,,-0.001,-0.006,1.5,13.26,-0.01,,,
131.4,REGROUND,11.31,0.24,-9.58,33.37,-0.01,0,0,,,,-0.001,-0.006,0.9,13.26,-0.01,,,
131.45,REGROUND,11.31,0.24,-9.58,33.38,-0.01,0,0,,,,-0.0,-0.006,1.5,13.26,-0.01,,,
131.5,REGROUND,11.31,0.24,-9.58,33.39,-0.01,0,0,,,,-0.0,-0.006,1.0,13.26,-0.01,,,
131.55,REGROUND,11.31,0.24,-9.58,33.4,-0.01,0,0,,,,-0.001,-0.006,1.6,13.26,-0.01,,,
131.6,REGROUND,11.31,0.24,-9.58,33.42,-0.01,0,0,,,,-0.001,-0.006,1.0,13.26,-0.01,,,
131.65,REGROUND,11.31,0.24,-9.58,33.43,-0.01,0,0,,,,-0.001,-0.006,1.7,13.26,-0.01,,,
131.7,REGROUND,11.31,0.24,-9.58,33.44,-0.01,0,0,,,,-0.001,-0.006,1.0,13.26,-0.01,,,
131.75,REGROUND,11.31,0.24,-9.58,33.45,-0.01,0,0,,,,-0.001,-0.005,1.7,13.26,-0.01,,,
131.8,REGROUND,11.31,0.24,-9.58,33.47,-0.01,0,0,,,,-0.001,-0.005,1.0,13.26,-0.01,,,
131.85,REGROUND,11.31,0.24,-9.58,33.48,-0.01,0,0,,,,-0.001,-0.005,1.6,13.26,-0.01,,,
131.91,REGROUND,11.31,0.24,-9.58,33.49,-0.01,0,0,,,,-0.001,-0.005,0.9,13.26,-0.01,,,
131.96,REGROUND,11.31,0.23,-9.58,33.5,-0.01,0,0,,,,-0.001,-0.005,1.5,13.26,-0.01,,,
132.01,REGROUND,11.31,0.23,-9.58,33.52,-0.01,0,0,,,,-0.001,-0.005,0.9,13.26,-0.01,,,
132.06,REGROUND,11.31,0.23,-9.58,33.53,-0.01,0,0,,,,-0.001,-0.005,1.6,13.26,-0.01,,,
132.11,REGROUND,11.31,0.23,-9.58,33.54,-0.01,0,0,,,,-0.001,-0.005,0.9,13.26,-0.01,,,
132.16,REGROUND,11.31,0.23,-9.58,33.55,-0.01,0,0,,,,-0.001,-0.004,1.5,13.26,-0.01,,,
132.21,REGROUND,11.31,0.23,-9.58,33.57,-0.01,0,0,,,,-0.001,-0.004,0.9,13.26,-0.01,,,
132.26,REGROUND,11.31,0.23,-9.58,33.58,-0.01,0,0,,,,-0.0,-0.004,1.6,13.26,-0.01,,,
132.31,REGROUND,11.31,0.23,-9.58,33.59,-0.01,0,0,,,,-0.0,-0.004,1.0,13.26,-0.01,,,
132.36,REGROUND,11.31,0.23,-9.58,33.6,-0.01,0,0,,,,-0.001,-0.004,1.6,13.26,-0.01,,,
132.41,REGROUND,11.31,0.23,-9.58,33.62,-0.01,0,0,,,,-0.001,-0.004,1.0,13.26,-0.01,,,
132.46,REGROUND,11.31,0.23,-9.58,33.63,-0.01,0,0,,,,-0.0,-0.004,1.6,13.26,-0.01,,,
132.51,REGROUND,11.31,0.23,-9.58,33.64,-0.01,0,0,,,,-0.0,-0.004,1.0,13.26,-0.01,,,
132.56,REGROUND,11.31,0.23,-9.58,33.65,-0.01,0,0,,,,-0.001,-0.003,1.7,13.26,-0.01,,,
132.61,REGROUND,11.31,0.23,-9.58,33.67,-0.01,0,0,,,,-0.001,-0.003,0.9,13.26,-0.01,,,
132.66,REGROUND,11.31,0.23,-9.58,33.68,-0.01,0,0,,,,-0.0,-0.003,4.3,13.26,-0.01,,,
132.71,REGROUND,11.31,0.23,-9.58,33.69,-0.01,0,0,,,,-0.0,-0.003,0.9,13.26,-0.01,,,
132.76,REGROUND,11.31,0.23,-9.58,33.7,-0.01,0,0,,,,-0.0,-0.002,1.4,13.26,-0.01,,,
132.81,REGROUND,11.31,0.23,-9.58,33.72,-0.01,0,0,,,,-0.0,-0.002,1.0,13.26,-0.01,,,
132.86,REGROUND,11.31,0.23,-9.58,33.73,-0.01,0,0,,,,0.0,-0.002,1.6,13.26,-0.01,,,
132.91,REGROUND,11.31,0.23,-9.58,33.74,-0.01,0,0,,,,0.0,-0.002,1.0,13.26,-0.01,,,
132.96,REGROUND,11.31,0.23,-9.58,33.75,-0.01,0,0,,,,0.0,-0.001,1.6,13.26,-0.01,,,
133.01,REGROUND,11.31,0.23,-9.58,33.77,-0.01,0,0,,,,0.0,-0.001,1.0,13.26,-0.01,,,
133.06,REGROUND,11.31,0.22,-9.58,33.78,-0.01,0,0,,,,0.001,-0.001,1.6,13.26,-0.01,,,
133.11,REGROUND,11.31,0.22,-9.58,33.79,-0.01,0,0,,,,0.001,-0.001,1.0,13.26,-0.01,,,
133.16,REGROUND,11.31,0.22,-9.58,33.8,-0.01,0,0,,,,0.001,-0.0,1.4,13.26,-0.01,,,
133.21,REGROUND,11.31,0.22,-9.58,33.82,-0.01,0,0,,,,0.001,-0.0,1.0,13.26,-0.01,,,
133.26,REGROUND,11.31,0.22,-9.58,33.83,-0.01,0,0,,,,0.002,0.0,1.6,13.26,-0.01,,,
133.31,REGROUND,11.31,0.22,-9.58,33.84,-0.01,0,0,,,,0.002,-0.0,0.9,13.26,-0.01,,,
133.36,REGROUND,11.31,0.22,-9.58,33.85,-0.01,0,0,,,,0.002,0.0,1.6,13.26,-0.01,,,
133.41,REGROUND,11.31,0.22,-9.58,33.87,-0.01,0,0,,,,0.002,0.0,0.9,13.26,-0.01,,,
133.46,REGROUND,11.31,0.22,-9.58,33.88,-0.01,0,0,,,,0.003,0.0,1.4,13.26,-0.01,,,
133.51,REGROUND,11.31,0.22,-9.58,33.89,-0.01,0,0,,,,0.003,0.0,0.9,13.26,-0.01,,,
133.56,REGROUND,11.3,0.22,-9.58,33.9,-0.01,0,0,,,,0.003,0.0,1.4,13.26,-0.01,,,
133.61,REGROUND,11.3,0.22,-9.58,33.92,-0.01,0,0,,,,0.003,0.0,1.0,13.26,-0.01,,,
133.66,REGROUND,11.3,0.22,-9.58,33.93,-0.01,0,0,,,,0.003,0.0,1.7,13.26,-0.01,,,
133.71,REGROUND,11.3,0.22,-9.58,33.94,-0.01,0,0,,,,0.003,0.0,1.0,13.26,-0.01,,,
133.76,REGROUND,11.3,0.22,-9.58,33.95,-0.01,0,0,,,,0.003,0.0,1.7,13.26,-0.01,,,
133.81,REGROUND,11.3,0.22,-9.58,33.97,-0.01,0,0,,,,0.003,0.0,1.0,13.26,-0.01,,,
133.86,REGROUND,11.3,0.22,-9.58,33.98,-0.01,0,0,,,,0.003,0.0,1.6,13.26,-0.01,,,
133.91,REGROUND,11.3,0.22,-9.58,33.99,-0.01,0,0,,,,0.003,0.0,0.8,13.26,-0.01,,,
133.96,REGROUND,11.3,0.22,-9.58,34.0,-0.01,0,0,,,,0.003,0.0,1.6,13.26,-0.01,,,
134.01,REGROUND,11.3,0.22,-9.58,34.02,-0.01,0,0,,,,0.003,0.0,0.9,13.26,-0.01,,,
134.06,REGROUND,11.3,0.22,-9.58,34.03,-0.01,0,0,,,,0.003,-0.0,1.6,13.26,-0.01,,,
134.11,REGROUND,11.3,0.22,-9.58,34.04,-0.01,0,0,,,,0.003,-0.0,1.0,13.26,-0.01,,,
134.16,REGROUND,11.3,0.22,-9.58,34.05,-0.01,0,0,,,,0.003,-0.0,1.4,13.26,-0.01,,,
134.21,REGROUND,11.3,0.22,-9.58,34.07,-0.01,0,0,,,,0.003,-0.0,1.0,13.26,-0.01,,,
134.26,REGROUND,11.3,0.22,-9.58,34.08,-0.01,0,0,,,,0.003,-0.0,1.5,13.26,-0.01,,,
134.31,REGROUND,11.3,0.22,-9.58,34.09,-0.01,0,0,,,,0.003,-0.0,1.0,13.26,-0.01,,,
134.36,REGROUND,11.3,0.22,-9.58,34.1,-0.01,0,0,,,,0.003,-0.0,1.6,13.26,-0.01,,,
134.41,REGROUND,11.3,0.22,-9.58,34.12,-0.01,0,0,,,,0.003,-0.0,1.0,13.26,-0.01,,,
134.46,REGROUND,11.31,0.22,-9.58,34.13,-0.01,0,0,,,,0.002,-0.0,1.3,13.26,-0.01,,,
134.51,REGROUND,11.31,0.22,-9.58,34.14,-0.01,0,0,,,,0.002,-0.0,1.0,13.26,-0.01,,,
134.56,REGROUND,11.31,0.22,-9.58,34.15,-0.01,0,0,,,,0.002,-0.0,1.6,13.26,-0.01,,,
134.61,REGROUND,11.31,0.22,-9.58,34.17,-0.01,0,0,,,,0.002,-0.0,0.9,13.26,-0.01,,,
134.66,REGROUND,11.31,0.22,-9.58,34.18,-0.01,0,0,,,,0.002,-0.0,1.6,13.26,-0.01,,,
134.71,REGROUND,11.31,0.22,-9.58,34.19,-0.01,0,0,,,,0.002,-0.0,0.9,13.26,-0.01,,,
134.76,REGROUND,11.31,0.22,-9.58,34.2,-0.01,0,0,,,,0.002,-0.0,1.5,13.26,-0.01,,,
134.81,REGROUND,11.31,0.22,-9.58,34.22,-0.01,0,0,,,,0.002,-0.0,0.9,13.26,-0.01,,,
134.86,REGROUND,11.31,0.22,-9.58,34.23,-0.01,0,0,,,,0.001,-0.0,1.5,13.26,-0.01,,,
134.91,REGROUND,11.31,0.22,-9.58,34.24,-0.01,0,0,,,,0.001,-0.0,0.9,13.26,-0.01,,,
134.96,REGROUND,11.31,0.22,-9.58,34.25,-0.01,0,0,,,,0.001,-0.0,1.3,13.26,-0.01,,,
135.01,REGROUND,11.31,0.22,-9.58,34.27,-0.01,0,0,,,,0.001,-0.0,1.0,13.26,-0.01,,,
135.06,REGROUND,11.31,0.22,-9.58,34.28,-0.01,0,0,,,,0.001,-0.0,4.3,13.26,-0.01,,,
135.11,REGROUND,11.31,0.22,-9.58,34.29,-0.01,0,0,,,,0.001,-0.0,1.0,13.26,-0.01,,,
135.16,REGROUND,11.31,0.22,-9.58,34.3,-0.01,0,0,,,,0.001,-0.0,1.6,13.26,-0.01,,,
135.21,REGROUND,11.31,0.22,-9.58,34.32,-0.01,0,0,,,,0.001,-0.0,1.0,13.26,-0.01,,,
135.26,REGROUND,11.31,0.22,-9.58,34.33,-0.01,0,0,,,,0.001,-0.0,1.5,13.26,-0.01,,,
135.31,REGROUND,11.31,0.22,-9.58,34.34,-0.01,0,0,,,,0.001,-0.001,1.0,13.26,-0.01,,,
135.36,REGROUND,11.31,0.22,-9.58,34.35,-0.01,0,0,,,,0.0,-0.001,1.6,13.26,-0.01,,,
135.41,REGROUND,11.31,0.22,-9.58,34.37,-0.01,0,0,,,,0.0,-0.001,0.9,13.26,-0.01,,,
135.46,REGROUND,11.31,0.22,-9.58,34.38,-0.01,0,0,,,,0.0,-0.001,1.6,13.26,-0.01,,,
135.51,REGROUND,11.31,0.22,-9.58,34.39,-0.01,0,0,,,,0.0,-0.001,0.9,13.26,-0.01,,,
135.56,REGROUND,11.31,0.22,-9.58,34.4,-0.01,0,0,,,,0.0,-0.001,1.6,13.26,-0.01,,,
135.61,REGROUND,11.31,0.22,-9.58,34.42,-0.01,0,0,,,,0.0,-0.001,0.9,13.26,-0.01,,,
135.66,REGROUND,11.31,0.22,-9.58,34.43,-0.01,0,0,,,,0.0,-0.001,1.7,13.26,-0.01,,,
135.71,REGROUND,11.31,0.22,-9.58,34.44,-0.01,0,0,,,,0.0,-0.001,1.0,13.26,-0.01,,,
135.76,REGROUND,11.31,0.22,-9.58,34.45,-0.01,0,0,,,,0.0,-0.001,1.7,13.26,-0.01,,,
135.81,REGROUND,11.31,0.22,-9.58,34.47,-0.01,0,0,,,,0.0,-0.001,1.0,13.26,-0.01,,,
135.86,REGROUND,11.31,0.22,-9.58,34.48,-0.01,0,0,,,,-0.0,-0.001,1.6,13.26,-0.01,,,
135.91,REGROUND,11.31,0.22,-9.58,34.49,-0.01,0,0,,,,-0.0,-0.001,1.0,13.26,-0.01,,,
135.96,REGROUND,11.31,0.22,-9.58,34.5,-0.01,0,0,,,,-0.0,-0.001,1.5,13.26,-0.01,,,
136.01,REGROUND,11.31,0.22,-9.58,34.52,-0.01,0,0,,,,-0.0,-0.001,0.9,13.26,-0.01,,,
136.06,REGROUND,11.31,0.22,-9.58,34.53,-0.01,0,0,,,,-0.0,-0.001,1.5,13.26,-0.01,,,
136.11,REGROUND,11.31,0.22,-9.58,34.54,-0.01,0,0,,,,-0.0,-0.001,0.9,13.26,-0.01,,,
136.16,REGROUND,11.31,0.22,-9.58,34.55,-0.01,0,0,,,,-0.0,-0.001,1.5,13.26,-0.01,,,
136.21,REGROUND,11.31,0.22,-9.58,34.57,-0.01,0,0,,,,-0.0,-0.002,0.9,13.26,-0.01,,,
136.26,REGROUND,11.31,0.22,-9.58,34.58,-0.01,0,0,,,,-0.0,-0.002,1.5,13.26,-0.01,,,
136.31,REGROUND,11.31,0.22,-9.58,34.59,-0.01,0,0,,,,-0.0,-0.002,0.9,13.26,-0.01,,,
136.36,REGROUND,11.31,0.22,-9.58,34.6,-0.01,0,0,,,,-0.0,-0.002,1.6,13.26,-0.01,,,
136.41,REGROUND,11.31,0.22,-9.58,34.62,-0.01,0,0,,,,-0.0,-0.002,1.0,13.26,-0.01,,,
136.46,REGROUND,11.31,0.22,-9.58,34.63,-0.01,0,0,,,,-0.0,-0.002,1.7,13.26,-0.01,,,
136.51,REGROUND,11.31,0.22,-9.58,34.64,-0.01,0,0,,,,-0.0,-0.002,1.0,13.26,-0.01,,,
136.56,REGROUND,11.31,0.22,-9.58,34.65,-0.01,0,0,,,,-0.0,-0.002,1.6,13.26,-0.01,,,
136.61,REGROUND,11.31,0.22,-9.58,34.67,-0.01,0,0,,,,-0.0,-0.002,1.0,13.26,-0.01,,,
136.66,REGROUND,11.31,0.22,-9.58,34.68,-0.01,0,0,,,,-0.0,-0.002,1.6,13.26,-0.01,,,
136.71,REGROUND,11.31,0.22,-9.58,34.69,-0.01,0,0,,,,-0.0,-0.002,1.0,13.26,-0.01,,,
136.76,REGROUND,11.31,0.22,-9.58,34.7,-0.01,0,0,,,,-0.0,-0.002,1.5,13.26,-0.01,,,
136.81,REGROUND,11.31,0.22,-9.58,34.72,-0.01,0,0,,,,-0.0,-0.002,0.9,13.26,-0.01,,,
136.86,REGROUND,11.31,0.22,-9.58,34.73,-0.01,0,0,,,,-0.0,-0.002,1.5,13.26,-0.01,,,
136.91,REGROUND,11.31,0.22,-9.58,34.74,-0.01,0,0,,,,-0.0,-0.002,0.8,13.26,-0.01,,,
136.96,REGROUND,11.31,0.22,-9.58,34.75,-0.01,0,0,,,,-0.001,-0.002,1.5,13.26,-0.01,,,
137.01,REGROUND,11.31,0.22,-9.58,34.77,-0.01,0,0,,,,-0.001,-0.002,0.9,13.26,-0.01,,,
137.06,REGROUND,11.31,0.22,-9.58,34.78,-0.01,0,0,,,,-0.001,-0.002,1.5,13.26,-0.01,,,
137.11,REGROUND,11.31,0.22,-9.58,34.79,-0.01,0,0,,,,-0.001,-0.003,1.0,13.26,-0.01,,,
137.16,REGROUND,11.31,0.22,-9.58,34.8,-0.01,0,0,,,,-0.002,-0.002,1.6,13.26,-0.01,,,
137.21,REGROUND,11.31,0.22,-9.58,34.82,-0.01,0,0,,,,-0.002,-0.003,1.0,13.26,-0.01,,,
137.26,REGROUND,11.31,0.22,-9.58,34.83,-0.01,0,0,,,,-0.002,-0.003,1.6,13.26,-0.01,,,
137.31,REGROUND,11.31,0.22,-9.58,34.84,-0.01,0,0,,,,-0.002,-0.003,1.0,13.26,-0.01,,,
137.36,REGROUND,11.31,0.22,-9.58,34.85,-0.01,0,0,,,,-0.003,-0.003,1.6,13.26,-0.01,,,
137.41,REGROUND,11.31,0.22,-9.58,34.87,-0.01,0,0,,,,-0.003,-0.003,0.9,13.26,-0.01,,,
137.46,REGROUND,11.31,0.22,-9.58,34.88,-0.01,0,0,,,,-0.003,-0.003,4.2,13.26,-0.01,,,
137.51,REGROUND,11.31,0.22,-9.58,34.89,-0.01,0,0,,,,-0.003,-0.003,0.9,13.26,-0.01,,,
137.56,REGROUND,11.32,0.22,-9.58,34.91,-0.01,0,0,,,,-0.004,-0.003,1.6,13.26,-0.01,,,
137.61,REGROUND,11.32,0.22,-9.58,34.92,-0.01,0,0,,,,-0.004,-0.003,0.9,13.26,-0.01,,,
137.66,REGROUND,11.32,0.22,-9.58,34.93,-0.01,0,0,,,,-0.004,-0.003,1.4,13.26,-0.01,,,
137.71,REGROUND,11.32,0.22,-9.58,34.94,-0.01,0,0,,,,-0.004,-0.003,0.9,13.26,-0.01,,,
137.76,REGROUND,11.32,0.22,-9.58,34.96,-0.01,0,0,,,,-0.004,-0.003,1.4,13.26,-0.01,,,
137.81,REGROUND,11.32,0.22,-9.58,34.97,-0.01,0,0,,,,-0.004,-0.003,1.0,13.26,-0.01,,,
137.86,REGROUND,11.32,0.22,-9.58,34.98,-0.01,0,0,,,,-0.004,-0.003,1.7,13.26,-0.01,,,
137.91,REGROUND,11.32,0.22,-9.58,34.99,-0.01,0,0,,,,-0.004,-0.003,1.0,13.26,-0.01,,,
137.96,REGROUND,11.32,0.22,-9.58,35.01,-0.01,0,0,,,,-0.004,-0.003,1.6,13.26,-0.01,,,
138.01,REGROUND,11.32,0.22,-9.58,35.02,-0.01,0,0,,,,-0.004,-0.003,1.0,13.26,-0.01,,,
138.06,REGROUND,11.32,0.22,-9.58,35.03,-0.01,0,0,,,,-0.004,-0.003,1.6,13.26,-0.01,,,
138.11,REGROUND,11.32,0.22,-9.58,35.04,-0.01,0,0,,,,-0.004,-0.003,1.0,13.26,-0.01,,,
138.16,REGROUND,11.32,0.22,-9.58,35.06,-0.01,0,0,,,,-0.004,-0.003,1.5,13.26,-0.01,,,
138.21,REGROUND,11.32,0.22,-9.58,35.07,-0.01,0,0,,,,-0.004,-0.003,1.0,13.26,-0.01,,,
138.26,REGROUND,11.32,0.22,-9.58,35.08,-0.01,0,0,,,,-0.004,-0.003,1.5,13.26,-0.01,,,
138.31,REGROUND,11.32,0.22,-9.58,35.09,-0.01,0,0,,,,-0.004,-0.003,0.9,13.26,-0.01,,,
138.36,REGROUND,11.32,0.22,-9.58,35.11,-0.01,0,0,,,,-0.004,-0.003,1.5,13.26,-0.01,,,
138.41,REGROUND,11.32,0.22,-9.58,35.12,-0.01,0,0,,,,-0.004,-0.003,0.9,13.26,-0.01,,,
138.46,REGROUND,11.32,0.22,-9.58,35.13,-0.01,0,0,,,,-0.004,-0.003,1.3,13.26,-0.01,,,
138.51,REGROUND,11.32,0.22,-9.58,35.14,-0.01,0,0,,,,-0.004,-0.003,0.7,13.26,-0.01,,,
138.56,REGROUND,11.31,0.22,-9.58,35.16,-0.01,0,0,,,,-0.003,-0.003,1.7,13.26,-0.01,,,
138.61,REGROUND,11.31,0.22,-9.58,35.17,-0.01,0,0,,,,-0.003,-0.003,1.0,13.26,-0.01,,,
138.66,REGROUND,11.31,0.22,-9.58,35.18,-0.01,0,0,,,,-0.003,-0.003,1.7,13.26,-0.01,,,
138.71,REGROUND,11.31,0.22,-9.58,35.19,-0.01,0,0,,,,-0.003,-0.003,1.1,13.26,-0.01,,,
138.76,REGROUND,11.31,0.22,-9.58,35.21,-0.01,0,0,,,,-0.003,-0.003,1.7,13.26,-0.01,,,
138.82,REGROUND,11.31,0.22,-9.58,35.22,-0.01,0,0,,,,-0.003,-0.003,1.0,13.26,-0.01,,,
138.87,REGROUND,11.31,0.22,-9.58,35.23,-0.01,0,0,,,,-0.003,-0.003,1.6,13.26,-0.01,,,
138.92,REGROUND,11.31,0.22,-9.58,35.24,-0.01,0,0,,,,-0.003,-0.003,0.9,13.26,-0.01,,,
138.97,REGROUND,11.31,0.22,-9.58,35.26,-0.01,0,0,,,,-0.002,-0.003,1.5,13.26,-0.01,,,
139.02,REGROUND,11.31,0.22,-9.58,35.27,-0.01,0,0,,,,-0.002,-0.003,0.9,13.26,-0.01,,,
139.07,REGROUND,11.31,0.22,-9.58,35.28,-0.01,0,0,,,,-0.002,-0.003,1.5,13.26,-0.01,,,
139.12,REGROUND,11.31,0.22,-9.58,35.29,-0.01,0,0,,,,-0.002,-0.003,0.9,13.26,-0.01,,,
139.17,REGROUND,11.31,0.22,-9.58,35.31,-0.01,0,0,,,,-0.002,-0.003,1.5,13.26,-0.01,,,
139.22,REGROUND,11.31,0.22,-9.58,35.32,-0.01,0,0,,,,-0.002,-0.003,0.9,13.26,-0.01,,,
139.27,REGROUND,11.31,0.21,-9.58,35.33,-0.01,0,0,,,,-0.002,-0.002,1.7,13.26,-0.01,,,
139.32,REGROUND,11.31,0.21,-9.58,35.34,-0.01,0,0,,,,-0.002,-0.002,1.0,13.26,-0.01,,,
139.37,REGROUND,11.31,0.21,-9.58,35.36,-0.01,0,0,,,,-0.002,-0.002,1.6,13.26,-0.01,,,
139.42,REGROUND,11.31,0.21,-9.58,35.37,-0.01,0,0,,,,-0.002,-0.002,1.0,13.26,-0.01,,,
139.47,REGROUND,11.31,0.21,-9.58,35.38,-0.01,0,0,,,,-0.002,-0.002,1.4,13.26,-0.01,,,
139.52,REGROUND,11.31,0.21,-9.58,35.39,-0.01,0,0,,,,-0.002,-0.002,1.0,13.26,-0.01,,,
139.57,REGROUND,11.31,0.21,-9.58,35.41,-0.01,0,0,,,,-0.002,-0.002,1.5,13.26,-0.01,,,
139.62,REGROUND,11.31,0.21,-9.58,35.42,-0.01,0,0,,,,-0.002,-0.002,1.0,13.26,-0.01,,,
139.67,REGROUND,11.31,0.21,-9.58,35.43,-0.01,0,0,,,,-0.001,-0.002,1.5,13.26,-0.01,,,
139.72,REGROUND,11.31,0.21,-9.58,35.44,-0.01,0,0,,,,-0.001,-0.002,0.9,13.26,-0.01,,,
139.77,REGROUND,11.31,0.21,-9.58,35.46,-0.01,0,0,,,,-0.001,-0.002,1.5,13.26,-0.01,,,
139.82,REGROUND,11.31,0.21,-9.58,35.47,-0.01,0,0,,,,-0.001,-0.002,0.8,13.26,-0.01,,,
139.87,REGROUND,11.31,0.21,-9.58,35.48,-0.01,0,0,,,,-0.001,-0.001,4.1,13.26,-0.01,,,
139.92,REGROUND,11.31,0.21,-9.58,35.49,-0.01,0,0,,,,-0.001,-0.002,0.9,13.26,-0.01,,,
139.97,REGROUND,11.31,0.21,-9.58,35.51,-0.01,0,0,,,,-0.001,-0.001,1.6,13.26,-0.01,,,
140.02,REGROUND,11.31,0.21,-9.58,35.52,-0.01,0,0,,,,-0.001,-0.001,1.0,13.26,-0.01,,,
140.07,REGROUND,11.31,0.21,-9.58,35.53,-0.01,0,0,,,,-0.001,-0.001,1.6,13.26,-0.01,,,
140.12,REGROUND,11.31,0.21,-9.58,35.54,-0.01,0,0,,,,-0.001,-0.001,1.0,13.26,-0.01,,,
140.17,REGROUND,11.31,0.21,-9.58,35.56,-0.01,0,0,,,,-0.0,-0.001,1.6,13.26,-0.01,,,
140.22,REGROUND,11.31,0.21,-9.58,35.57,-0.01,0,0,,,,-0.0,-0.001,1.0,13.26,-0.01,,,
140.27,REGROUND,11.31,0.21,-9.58,35.58,-0.01,0,0,,,,0.0,-0.001,1.6,13.26,-0.01,,,
140.32,REGROUND,11.31,0.21,-9.58,35.59,-0.01,0,0,,,,0.0,-0.001,0.9,13.26,-0.01,,,
140.37,REGROUND,11.31,0.21,-9.58,35.61,-0.01,0,0,,,,0.001,-0.001,1.5,13.26,-0.01,,,
140.42,REGROUND,11.31,0.21,-9.58,35.62,-0.01,0,0,,,,0.001,-0.001,0.9,13.26,-0.01,,,
140.47,REGROUND,11.3,0.21,-9.58,35.63,-0.01,0,0,,,,0.001,-0.001,1.6,13.26,-0.01,,,
140.52,REGROUND,11.3,0.21,-9.58,35.64,-0.01,0,0,,,,0.001,-0.001,0.9,13.26,-0.01,,,
140.57,REGROUND,11.3,0.21,-9.58,35.66,-0.01,0,0,,,,0.002,-0.001,1.5,13.26,-0.01,,,
140.62,REGROUND,11.3,0.21,-9.58,35.67,-0.01,0,0,,,,0.002,-0.001,0.9,13.26,-0.01,,,
140.67,REGROUND,11.3,0.21,-9.58,35.68,-0.01,0,0,,,,0.002,-0.001,1.4,13.26,-0.01,,,
140.72,REGROUND,11.3,0.21,-9.58,35.69,-0.01,0,0,,,,0.002,-0.001,1.0,13.26,-0.01,,,
140.77,REGROUND,11.3,0.21,-9.58,35.71,-0.01,0,0,,,,0.002,-0.001,1.6,13.26,-0.01,,,
140.82,REGROUND,11.3,0.21,-9.58,35.72,-0.01,0,0,,,,0.002,-0.001,1.0,13.26,-0.01,,,
140.87,REGROUND,11.3,0.21,-9.58,35.73,-0.01,0,0,,,,0.003,-0.001,1.6,13.26,-0.01,,,
140.92,REGROUND,11.3,0.21,-9.58,35.74,-0.01,0,0,,,,0.003,-0.001,1.0,13.26,-0.01,,,
140.97,REGROUND,11.3,0.21,-9.58,35.76,-0.01,0,0,,,,0.003,-0.001,1.7,13.26,-0.01,,,
141.02,REGROUND,11.3,0.21,-9.58,35.77,-0.01,0,0,,,,0.003,-0.002,0.7,13.26,-0.01,,,
141.07,REGROUND,11.3,0.21,-9.58,35.78,-0.01,0,0,,,,0.003,-0.002,1.5,13.26,-0.01,,,
141.12,REGROUND,11.3,0.21,-9.58,35.79,-0.01,0,0,,,,0.003,-0.002,0.9,13.26,-0.01,,,
141.17,REGROUND,11.3,0.21,-9.58,35.81,-0.01,0,0,,,,0.003,-0.002,1.5,13.26,-0.01,,,
141.22,REGROUND,11.3,0.21,-9.58,35.82,-0.01,0,0,,,,0.003,-0.002,0.9,13.26,-0.01,,,
141.27,REGROUND,11.3,0.21,-9.58,35.83,-0.01,0,0,,,,0.003,-0.002,1.5,13.26,-0.01,,,
141.32,REGROUND,11.3,0.21,-9.58,35.84,-0.01,0,0,,,,0.003,-0.002,1.0,13.26,-0.01,,,
141.37,REGROUND,11.3,0.21,-9.58,35.86,-0.01,0,0,,,,0.003,-0.002,1.6,13.26,-0.01,,,
141.42,REGROUND,11.3,0.21,-9.58,35.87,-0.01,0,0,,,,0.003,-0.002,0.8,13.26,-0.01,,,
141.47,REGROUND,11.3,0.21,-9.58,35.88,-0.01,0,0,,,,0.003,-0.002,1.6,13.26,-0.01,,,
141.52,REGROUND,11.3,0.21,-9.58,35.89,-0.01,0,0,,,,0.003,-0.002,0.9,13.26,-0.01,,,
141.57,REGROUND,11.3,0.21,-9.58,35.91,-0.01,0,0,,,,0.002,-0.002,1.5,13.26,-0.01,,,
141.62,REGROUND,11.3,0.21,-9.58,35.92,-0.01,0,0,,,,0.002,-0.002,1.0,13.26,-0.01,,,
141.67,REGROUND,11.3,0.21,-9.58,35.93,-0.01,0,0,,,,0.002,-0.002,1.5,13.26,-0.01,,,
141.72,REGROUND,11.3,0.21,-9.58,35.94,-0.01,0,0,,,,0.002,-0.002,0.9,13.26,-0.01,,,
141.77,REGROUND,11.3,0.21,-9.58,35.96,-0.01,0,0,,,,0.002,-0.002,1.5,13.26,-0.01,,,
141.82,REGROUND,11.3,0.21,-9.58,35.97,-0.01,0,0,,,,0.002,-0.002,0.9,13.26,-0.01,,,
141.87,REGROUND,11.3,0.21,-9.58,35.98,-0.01,0,0,,,,0.002,-0.002,1.5,13.26,-0.01,,,
141.92,REGROUND,11.3,0.21,-9.58,35.99,-0.01,0,0,,,,0.002,-0.002,0.9,13.26,-0.01,,,
141.97,REGROUND,11.3,0.21,-9.58,36.01,-0.01,0,0,,,,0.002,-0.002,1.4,13.26,-0.01,,,
142.02,REGROUND,11.3,0.21,-9.58,36.02,-0.01,0,0,,,,0.002,-0.002,1.0,13.26,-0.01,,,
142.07,REGROUND,11.3,0.21,-9.58,36.03,-0.01,0,0,,,,0.001,-0.002,1.7,13.26,-0.01,,,
142.12,REGROUND,11.3,0.21,-9.58,36.04,-0.01,0,0,,,,0.001,-0.003,1.0,13.26,-0.01,,,
142.17,REGROUND,11.3,0.21,-9.58,36.06,-0.01,0,0,,,,0.001,-0.002,1.6,13.26,-0.01,,,
142.22,REGROUND,11.3,0.21,-9.58,36.07,-0.01,0,0,,,,0.001,-0.003,1.0,13.26,-0.01,,,
142.27,REGROUND,11.3,0.21,-9.58,36.08,-0.01,0,0,,,,0.001,-0.003,4.2,13.26,-0.01,,,
142.32,REGROUND,11.3,0.21,-9.58,36.09,-0.01,0,0,,,,0.001,-0.003,1.0,13.26,-0.01,,,
142.37,REGROUND,11.3,0.21,-9.58,36.11,-0.01,0,0,,,,0.001,-0.003,1.3,13.26,-0.01,,,
142.42,REGROUND,11.3,0.21,-9.58,36.12,-0.01,0,0,,,,0.001,-0.003,0.9,13.26,-0.01,,,
142.47,REGROUND,11.3,0.21,-9.58,36.13,-0.01,0,0,,,,0.001,-0.003,1.5,13.26,-0.01,,,
142.52,REGROUND,11.3,0.21,-9.58,36.14,-0.01,0,0,,,,0.001,-0.003,0.9,13.26,-0.01,,,
142.57,REGROUND,11.3,0.21,-9.58,36.16,-0.01,0,0,,,,0.001,-0.003,1.4,13.26,-0.01,,,
142.62,REGROUND,11.3,0.21,-9.58,36.17,-0.01,0,0,,,,0.001,-0.003,0.9,13.26,-0.01,,,
142.67,REGROUND,11.3,0.21,-9.58,36.18,-0.01,0,0,,,,0.001,-0.003,1.5,13.26,-0.01,,,
142.72,REGROUND,11.3,0.21,-9.58,36.19,-0.01,0,0,,,,0.001,-0.003,0.7,13.26,-0.01,,,
142.77,REGROUND,11.3,0.21,-9.58,36.21,-0.01,0,0,,,,0.0,-0.003,1.6,13.26,-0.01,,,
142.82,REGROUND,11.3,0.21,-9.58,36.22,-0.01,0,0,,,,0.0,-0.003,1.0,13.26,-0.01,,,
142.87,REGROUND,11.3,0.21,-9.58,36.23,-0.01,0,0,,,,0.0,-0.003,1.6,13.26,-0.01,,,
142.92,REGROUND,11.3,0.21,-9.58,36.24,-0.01,0,0,,,,0.0,-0.003,1.0,13.26,-0.01,,,
142.97,REGROUND,11.3,0.21,-9.58,36.26,-0.01,0,0,,,,0.0,-0.003,1.6,13.26,-0.01,,,
143.02,REGROUND,11.3,0.21,-9.58,36.27,-0.01,0,0,,,,0.0,-0.003,0.9,13.26,-0.01,,,
143.07,REGROUND,11.3,0.21,-9.58,36.28,-0.01,0,0,,,,0.0,-0.003,1.6,13.26,-0.01,,,
143.12,REGROUND,11.3,0.21,-9.58,36.29,-0.01,0,0,,,,0.0,-0.003,1.0,13.26,-0.01,,,
143.17,REGROUND,11.31,0.21,-9.58,36.31,-0.01,0,0,,,,0.0,-0.003,1.5,13.26,-0.01,,,
143.22,REGROUND,11.31,0.21,-9.58,36.32,-0.01,0,0,,,,0.0,-0.003,1.0,13.26,-0.01,,,
143.27,REGROUND,11.31,0.21,-9.58,36.33,-0.01,0,0,,,,0.0,-0.003,1.6,13.26,-0.01,,,
143.32,REGROUND,11.31,0.21,-9.58,36.34,-0.01,0,0,,,,0.0,-0.003,0.9,13.26,-0.01,,,
143.37,REGROUND,11.31,0.21,-9.58,36.36,-0.01,0,0,,,,-0.0,-0.003,1.7,13.26,-0.01,,,
143.42,REGROUND,11.31,0.21,-9.58,36.37,-0.01,0,0,,,,-0.0,-0.003,0.9,13.26,-0.01,,,
143.47,REGROUND,11.31,0.21,-9.58,36.38,-0.01,0,0,,,,0.0,-0.003,1.5,13.26,-0.01,,,
143.52,REGROUND,11.31,0.21,-9.58,36.39,-0.01,0,0,,,,0.0,-0.003,1.0,13.26,-0.01,,,
143.57,REGROUND,11.31,0.21,-9.58,36.41,-0.01,0,0,,,,-0.0,-0.002,1.6,13.26,-0.01,,,
143.62,REGROUND,11.31,0.21,-9.58,36.42,-0.01,0,0,,,,-0.0,-0.002,1.0,13.26,-0.01,,,
143.67,REGROUND,11.3,0.21,-9.58,36.43,-0.01,0,0,,,,-0.0,-0.002,1.7,13.26,-0.01,,,
143.72,REGROUND,11.3,0.21,-9.58,36.44,-0.01,0,0,,,,-0.0,-0.002,1.0,13.26,-0.01,,,
143.77,REGROUND,11.31,0.2,-9.58,36.46,-0.01,0,0,,,,-0.0,-0.002,1.6,13.26,-0.01,,,
143.82,REGROUND,11.31,0.2,-9.58,36.47,-0.01,0,0,,,,-0.0,-0.002,0.9,13.26,-0.01,,,
143.87,REGROUND,11.3,0.2,-9.58,36.48,-0.01,0,0,,,,-0.0,-0.001,1.8,13.26,-0.01,,,
143.92,REGROUND,11.3,0.2,-9.58,36.49,-0.01,0,0,,,,-0.0,-0.001,0.9,13.26,-0.01,,,
143.97,REGROUND,11.3,0.2,-9.58,36.51,-0.01,0,0,,,,-0.0,-0.001,1.5,13.26,-0.01,,,
144.02,REGROUND,11.3,0.2,-9.58,36.52,-0.01,0,0,,,,-0.0,-0.001,0.9,13.26,-0.01,,,
144.07,REGROUND,11.3,0.2,-9.58,36.53,-0.01,0,0,,,,-0.0,-0.001,1.5,13.26,-0.01,,,
144.12,REGROUND,11.3,0.2,-9.58,36.54,-0.01,0,0,,,,-0.0,-0.001,0.9,13.26,-0.01,,,
144.17,REGROUND,11.3,0.2,-9.58,36.56,-0.01,0,0,,,,-0.0,-0.0,1.4,13.26,-0.01,,,
144.22,REGROUND,11.3,0.2,-9.58,36.57,-0.01,0,0,,,,-0.0,-0.0,0.9,13.26,-0.01,,,
144.27,REGROUND,11.3,0.2,-9.58,36.58,-0.01,0,0,,,,-0.0,-0.0,1.6,13.26,-0.01,,,
144.32,REGROUND,11.3,0.2,-9.58,36.59,-0.01,0,0,,,,-0.0,-0.0,0.9,13.26,-0.01,,,
144.37,REGROUND,11.3,0.2,-9.58,36.61,-0.01,0,0,,,,-0.0,0.0,1.6,13.26,-0.01,,,
144.42,REGROUND,11.3,0.2,-9.58,36.62,-0.01,0,0,,,,-0.0,0.0,1.0,13.26,-0.01,,,
144.47,REGROUND,11.3,0.2,-9.58,36.63,-0.01,0,0,,,,-0.0,0.0,1.6,13.26,-0.01,,,
144.52,REGROUND,11.3,0.2,-9.58,36.64,-0.01,0,0,,,,-0.0,0.0,1.0,13.26,-0.01,,,
144.57,REGROUND,11.3,0.2,-9.58,36.66,-0.01,0,0,,,,-0.0,0.0,1.4,13.26,-0.01,,,
144.62,REGROUND,11.3,0.2,-9.58,36.67,-0.01,0,0,,,,-0.0,0.0,1.0,13.26,-0.01,,,
144.67,REGROUND,11.3,0.2,-9.58,36.68,-0.01,0,0,,,,-0.0,0.0,4.2,13.26,-0.01,,,
144.72,REGROUND,11.3,0.2,-9.58,36.7,-0.01,0,0,,,,-0.0,0.0,0.9,13.26,-0.01,,,
144.77,REGROUND,11.3,0.2,-9.58,36.71,-0.01,0,0,,,,-0.0,0.0,1.5,13.26,-0.01,,,
144.82,REGROUND,11.3,0.2,-9.58,36.72,-0.01,0,0,,,,-0.0,0.0,0.9,13.26,-0.01,,,
144.87,REGROUND,11.3,0.2,-9.58,36.73,-0.01,0,0,,,,-0.0,0.0,1.5,13.26,-0.01,,,
144.92,REGROUND,11.3,0.2,-9.58,36.75,-0.01,0,0,,,,-0.0,0.0,0.9,13.26,-0.01,,,
144.97,REGROUND,11.3,0.2,-9.58,36.76,-0.01,0,0,,,,-0.0,0.0,1.6,13.26,-0.01,,,
145.02,REGROUND,11.3,0.2,-9.58,36.77,-0.01,0,0,,,,-0.0,0.0,1.0,13.26,-0.01,,,
145.07,REGROUND,11.3,0.2,-9.58,36.78,-0.01,0,0,,,,-0.0,0.0,1.6,13.26,-0.01,,,
145.12,REGROUND,11.3,0.2,-9.58,36.8,-0.01,0,0,,,,-0.0,0.0,1.0,13.26,-0.01,,,
145.17,REGROUND,11.3,0.2,-9.58,36.81,-0.01,0,0,,,,-0.0,-0.0,1.6,13.26,-0.01,,,
145.22,REGROUND,11.3,0.2,-9.58,36.82,-0.01,0,0,,,,-0.0,-0.0,1.0,13.26,-0.01,,,
145.27,REGROUND,11.3,0.2,-9.58,36.83,-0.01,0,0,,,,-0.0,-0.0,1.6,13.26,-0.01,,,
145.32,REGROUND,11.3,0.2,-9.58,36.85,-0.01,0,0,,,,-0.0,-0.0,1.0,13.26,-0.01,,,
145.37,REGROUND,11.3,0.2,-9.58,36.86,-0.01,0,0,,,,-0.001,-0.001,1.5,13.26,-0.01,,,
145.42,REGROUND,11.3,0.2,-9.58,36.87,-0.01,0,0,,,,-0.001,-0.001,0.9,13.26,-0.01,,,
145.47,REGROUND,11.3,0.2,-9.58,36.88,-0.01,0,0,,,,-0.001,-0.001,1.5,13.26,-0.01,,,
145.52,REGROUND,11.3,0.2,-9.58,36.9,-0.01,0,0,,,,-0.001,-0.001,0.7,13.26,-0.01,,,
145.57,REGROUND,11.3,0.2,-9.58,36.91,-0.01,0,0,,,,-0.001,-0.001,1.5,13.26,-0.01,,,
145.62,REGROUND,11.3,0.2,-9.58,36.92,-0.01,0,0,,,,-0.001,-0.001,0.8,13.26,-0.01,,,
145.67,REGROUND,11.3,0.2,-9.58,36.93,-0.01,0,0,,,,-0.001,-0.001,1.6,13.26,-0.01,,,
145.72,REGROUND,11.3,0.2,-9.58,36.95,-0.01,0,0,,,,-0.001,-0.001,1.0,13.26,-0.01,,,
145.77,REGROUND,11.3,0.2,-9.58,36.96,-0.01,0,0,,,,-0.001,-0.001,1.7,13.26,-0.01,,,
145.82,REGROUND,11.3,0.2,-9.58,36.97,-0.01,0,0,,,,-0.001,-0.002,1.0,13.26,-0.01,,,
145.88,REGROUND,11.3,0.2,-9.58,36.98,-0.01,0,0,,,,-0.001,-0.002,1.6,13.26,-0.01,,,
145.93,REGROUND,11.3,0.2,-9.58,37.0,-0.01,0,0,,,,-0.001,-0.002,1.0,13.26,-0.01,,,
145.98,REGROUND,11.3,0.2,-9.58,37.01,-0.01,0,0,,,,-0.001,-0.002,1.7,13.26,-0.01,,,
146.03,REGROUND,11.3,0.2,-9.58,37.02,-0.01,0,0,,,,-0.001,-0.002,1.0,13.26,-0.01,,,
146.08,REGROUND,11.3,0.2,-9.58,37.03,-0.01,0,0,,,,-0.001,-0.002,1.6,13.26,-0.01,,,
146.13,REGROUND,11.3,0.2,-9.58,37.05,-0.01,0,0,,,,-0.001,-0.002,0.9,13.26,-0.01,,,
146.18,REGROUND,11.31,0.2,-9.58,37.06,-0.01,0,0,,,,-0.001,-0.002,1.4,13.26,-0.01,,,
146.23,REGROUND,11.31,0.2,-9.58,37.07,-0.01,0,0,,,,-0.001,-0.002,0.9,13.26,-0.01,,,
146.28,REGROUND,11.3,0.2,-9.58,37.08,-0.01,0,0,,,,-0.001,-0.002,1.5,13.26,-0.01,,,
146.33,REGROUND,11.3,0.2,-9.58,37.1,-0.01,0,0,,,,-0.001,-0.002,0.9,13.26,-0.01,,,
146.38,REGROUND,11.31,0.2,-9.58,37.11,-0.01,0,0,,,,-0.001,-0.002,1.5,13.26,-0.01,,,
146.43,REGROUND,11.31,0.2,-9.58,37.12,-0.01,0,0,,,,-0.001,-0.002,0.9,13.26,-0.01,,,
146.48,REGROUND,11.3,0.2,-9.58,37.13,-0.01,0,0,,,,-0.001,-0.003,1.6,13.26,-0.01,,,
146.53,REGROUND,11.3,0.2,-9.58,37.15,-0.01,0,0,,,,-0.001,-0.003,1.2,13.26,-0.01,,,
146.58,REGROUND,11.31,0.2,-9.58,37.16,-0.01,0,0,,,,-0.001,-0.003,1.6,13.26,-0.01,,,
146.63,REGROUND,11.31,0.2,-9.58,37.17,-0.01,0,0,,,,-0.001,-0.003,1.0,13.26,-0.01,,,
146.68,REGROUND,11.3,0.2,-9.58,37.18,-0.01,0,0,,,,-0.001,-0.003,1.6,13.26,-0.01,,,
146.73,REGROUND,11.3,0.2,-9.58,37.2,-0.01,0,0,,,,-0.001,-0.003,1.0,13.26,-0.01,,,
146.78,REGROUND,11.3,0.2,-9.58,37.21,-0.01,0,0,,,,-0.001,-0.003,1.6,13.26,-0.01,,,
146.83,REGROUND,11.3,0.2,-9.58,37.22,-0.01,0,0,,,,-0.001,-0.003,1.0,13.26,-0.01,,,
146.88,REGROUND,11.3,0.2,-9.58,37.23,-0.01,0,0,,,,-0.001,-0.003,1.6,13.26,-0.01,,,
146.93,REGROUND,11.3,0.2,-9.58,37.25,-0.01,0,0,,,,-0.001,-0.003,0.9,13.26,-0.01,,,
146.98,REGROUND,11.31,0.2,-9.58,37.26,-0.01,0,0,,,,-0.001,-0.003,1.5,13.26,-0.01,,,
147.03,REGROUND,11.31,0.2,-9.58,37.27,-0.01,0,0,,,,-0.001,-0.003,1.0,13.26,-0.01,,,
147.08,REGROUND,11.31,0.2,-9.58,37.28,-0.01,0,0,,,,-0.001,-0.004,4.1,13.26,-0.01,,,
147.13,REGROUND,11.31,0.2,-9.58,37.3,-0.01,0,0,,,,-0.001,-0.004,0.9,13.26,-0.01,,,
147.18,REGROUND,11.31,0.2,-9.58,37.31,-0.01,0,0,,,,-0.001,-0.004,1.5,13.26,-0.01,,,
147.23,REGROUND,11.31,0.2,-9.58,37.32,-0.01,0,0,,,,-0.001,-0.004,1.0,13.26,-0.01,,,
147.28,REGROUND,11.31,0.2,-9.58,37.33,-0.01,0,0,,,,-0.002,-0.005,1.6,13.26,-0.01,,,
147.33,REGROUND,11.31,0.2,-9.58,37.35,-0.01,0,0,,,,-0.002,-0.005,1.0,13.26,-0.01,,,
147.38,REGROUND,11.31,0.2,-9.58,37.36,-0.01,0,0,,,,-0.002,-0.005,1.6,13.26,-0.01,,,
147.43,REGROUND,11.31,0.2,-9.58,37.37,-0.01,0,0,,,,-0.002,-0.005,1.0,13.26,-0.01,,,
147.48,REGROUND,11.31,0.2,-9.58,37.38,-0.01,0,0,,,,-0.002,-0.005,1.6,13.26,-0.01,,,
147.53,REGROUND,11.31,0.2,-9.58,37.4,-0.01,0,0,,,,-0.002,-0.005,1.0,13.26,-0.01,,,
147.58,REGROUND,11.31,0.2,-9.58,37.41,-0.01,0,0,,,,-0.003,-0.006,1.4,13.26,-0.01,,,
147.63,REGROUND,11.31,0.2,-9.58,37.42,-0.01,0,0,,,,-0.003,-0.006,0.9,13.26,-0.01,,,
147.68,REGROUND,11.31,0.2,-9.58,37.43,-0.01,0,0,,,,-0.003,-0.006,1.5,13.26,-0.01,,,
147.73,REGROUND,11.31,0.2,-9.58,37.45,-0.01,0,0,,,,-0.003,-0.006,0.9,13.26,-0.01,,,
147.78,REGROUND,11.31,0.2,-9.58,37.46,-0.01,0,0,,,,-0.003,-0.006,1.5,13.26,-0.01,,,
147.83,REGROUND,11.31,0.2,-9.58,37.47,-0.01,0,0,,,,-0.003,-0.006,0.9,13.26,-0.01,,,
147.88,REGROUND,11.31,0.2,-9.58,37.48,-0.01,0,0,,,,-0.004,-0.006,1.4,13.26,-0.01,,,
147.93,REGROUND,11.31,0.2,-9.58,37.5,-0.01,0,0,,,,-0.004,-0.006,1.0,13.26,-0.01,,,
147.98,REGROUND,11.31,0.2,-9.58,37.51,-0.01,0,0,,,,-0.004,-0.006,1.6,13.26,-0.01,,,
148.03,REGROUND,11.31,0.2,-9.58,37.52,-0.01,0,0,,,,-0.004,-0.006,1.0,13.26,-0.01,,,
148.08,REGROUND,11.31,0.2,-9.58,37.53,-0.01,0,0,,,,-0.004,-0.006,1.6,13.26,-0.01,,,
148.13,REGROUND,11.31,0.2,-9.58,37.55,-0.01,0,0,,,,-0.004,-0.006,1.0,13.26,-0.01,,,
148.18,REGROUND,11.31,0.2,-9.58,37.56,-0.01,0,0,,,,-0.004,-0.006,1.6,13.26,-0.01,,,
148.23,REGROUND,11.31,0.2,-9.58,37.57,-0.01,0,0,,,,-0.004,-0.006,1.0,13.26,-0.01,,,
148.28,REGROUND,11.31,0.2,-9.58,37.58,-0.01,0,0,,,,-0.004,-0.006,1.7,13.26,-0.01,,,
148.33,REGROUND,11.31,0.2,-9.58,37.6,-0.01,0,0,,,,-0.004,-0.006,0.9,13.26,-0.01,,,
148.38,REGROUND,11.31,0.2,-9.58,37.61,-0.01,0,0,,,,-0.004,-0.006,1.6,13.26,-0.01,,,
148.43,REGROUND,11.31,0.2,-9.58,37.62,-0.01,0,0,,,,-0.004,-0.006,0.9,13.26,-0.01,,,
148.48,REGROUND,11.31,0.2,-9.58,37.63,-0.01,0,0,,,,-0.003,-0.006,1.6,13.26,-0.01,,,
148.53,REGROUND,11.31,0.2,-9.58,37.65,-0.01,0,0,,,,-0.004,-0.006,1.1,13.26,-0.01,,,
148.58,REGROUND,11.31,0.2,-9.58,37.66,-0.01,0,0,,,,-0.003,-0.005,1.6,13.26,-0.01,,,
148.63,REGROUND,11.31,0.2,-9.58,37.67,-0.01,0,0,,,,-0.003,-0.005,1.0,13.26,-0.01,,,
148.68,REGROUND,11.31,0.2,-9.58,37.68,-0.01,0,0,,,,-0.003,-0.005,1.7,13.26,-0.01,,,
148.73,REGROUND,11.31,0.2,-9.58,37.7,-0.01,0,0,,,,-0.003,-0.005,1.0,13.26,-0.01,,,
148.78,REGROUND,11.31,0.2,-9.58,37.71,-0.01,0,0,,,,-0.003,-0.005,1.6,13.26,-0.01,,,
148.83,REGROUND,11.31,0.2,-9.58,37.72,-0.01,0,0,,,,-0.003,-0.005,1.0,13.26,-0.01,,,
148.88,REGROUND,11.31,0.2,-9.58,37.73,-0.01,0,0,,,,-0.003,-0.005,1.6,13.26,-0.01,,,
148.93,REGROUND,11.31,0.2,-9.58,37.75,-0.01,0,0,,,,-0.003,-0.005,1.0,13.26,-0.01,,,
148.98,REGROUND,11.31,0.2,-9.58,37.76,-0.01,0,0,,,,-0.002,-0.005,1.7,13.26,-0.01,,,
149.03,REGROUND,11.31,0.2,-9.58,37.77,-0.01,0,0,,,,-0.003,-0.005,0.9,13.26,-0.01,,,
149.08,REGROUND,11.31,0.2,-9.58,37.78,-0.01,0,0,,,,-0.002,-0.004,1.6,13.26,-0.01,,,
149.13,REGROUND,11.31,0.2,-9.58,37.8,-0.01,0,0,,,,-0.002,-0.004,0.9,13.26,-0.01,,,
149.18,REGROUND,11.31,0.2,-9.58,37.81,-0.01,0,0,,,,-0.002,-0.004,1.6,13.26,-0.01,,,
149.23,REGROUND,11.31,0.2,-9.58,37.82,-0.01,0,0,,,,-0.002,-0.004,0.9,13.26,-0.01,,,
149.28,REGROUND,11.3,0.2,-9.58,37.83,-0.01,0,0,,,,-0.001,-0.004,1.4,13.26,-0.01,,,
149.33,REGROUND,11.3,0.2,-9.58,37.85,-0.01,0,0,,,,-0.001,-0.004,1.0,13.26,-0.01,,,
149.38,REGROUND,11.3,0.2,-9.58,37.86,-0.01,0,0,,,,-0.001,-0.003,1.6,13.26,-0.01,,,
149.43,REGROUND,11.3,0.2,-9.58,37.87,-0.01,0,0,,,,-0.001,-0.004,1.0,13.26,-0.01,,,
149.48,REGROUND,11.3,0.2,-9.58,37.88,-0.01,0,0,,,,0.0,-0.003,4.3,13.26,-0.01,,,
149.53,REGROUND,11.3,0.2,-9.58,37.9,-0.01,0,0,,,,0.0,-0.003,0.8,13.26,-0.01,,,
149.58,REGROUND,11.3,0.19,-9.58,37.91,-0.01,0,0,,,,0.001,-0.003,1.5,13.26,-0.01,,,
149.63,REGROUND,11.3,0.19,-9.58,37.92,-0.01,0,0,,,,0.001,-0.003,1.0,13.26,-0.01,,,
149.68,REGROUND,11.3,0.19,-9.58,37.93,-0.01,0,0,,,,0.001,-0.002,1.7,13.26,-0.01,,,
149.73,REGROUND,11.3,0.19,-9.58,37.95,-0.01,0,0,,,,0.001,-0.002,0.9,13.26,-0.01,,,
149.78,REGROUND,11.3,0.19,-9.58,37.96,-0.01,0,0,,,,0.002,-0.002,1.4,13.26,-0.01,,,
149.83,REGROUND,11.3,0.19,-9.58,37.97,-0.01,0,0,,,,0.002,-0.002,0.9,13.26,-0.01,,,
149.88,REGROUND,11.3,0.19,-9.58,37.98,-0.01,0,0,,,,0.002,-0.001,1.5,13.26,-0.01,,,
149.93,REGROUND,11.3,0.19,-9.58,38.0,-0.01,0,0,,,,0.002,-0.001,0.9,13.26,-0.01,,,
149.98,REGROUND,11.3,0.19,-9.58,38.01,-0.01,0,0,,,,0.002,-0.001,1.4,13.26,-0.01,,,
