{
  "backend": "hf",
  "n": 150,
  "parse_rate": 0.9933333333333333,
  "iou_gate_pass_rate": 0.34,
  "mean_iou": 0.30512880141488447,
  "center_std": 236.2733606801212
}
