t_s,copter_n,copter_e,copter_d,rover_n,rover_e,rover_d,oracle_cx,oracle_cy,oracle_w,oracle_h,det_bbox_cx,det_bbox_cy,det_new,track_cx,track_cy,track_w,track_h,track_id,pix_err_vs_oracle,vx_cmd,vy_cmd,yaw_rate_cmd,loop_dt_ms
0.000,0.01,-0.01,-8.69,0.51,-0.01,0.00,320.0,208.1,127.6,255.2,320.0,208.1,1,320.0,208.1,127.6,255.2,1,0.0,0.638,0.000,0.0000,0.0
0.102,0.01,-0.01,-8.81,0.54,-0.01,0.00,324.1,207.1,125.8,251.7,320.0,208.1,0,320.0,208.1,127.6,255.2,1,4.2,0.638,0.000,0.0000,102.3
0.152,0.01,-0.01,-8.81,0.55,-0.01,0.00,324.2,206.3,125.8,251.7,320.0,208.1,0,320.0,208.1,127.6,255.2,1,4.6,0.638,0.000,0.0000,50.1
0.202,0.01,-0.01,-8.92,0.56,-0.01,0.00,324.2,205.9,124.2,248.5,320.0,208.1,0,320.0,208.1,127.6,255.2,1,4.7,0.638,0.000,0.0000,50.1
0.253,0.01,-0.01,-8.92,0.58,-0.01,0.00,324.3,205.1,124.2,248.5,320.0,208.1,0,320.0,208.1,127.6,255.2,1,5.2,0.638,0.000,0.0000,50.1
0.303,0.01,-0.01,-9.03,0.59,-0.01,0.00,324.3,204.8,122.8,245.5,320.0,208.1,0,320.0,208.1,127.6,255.2,1,5.4,0.638,0.000,0.0000,50.1
0.353,0.01,-0.01,-9.03,0.60,-0.01,0.00,324.4,204.0,122.8,245.5,320.0,208.1,0,320.0,208.1,127.6,255.2,1,6.0,0.638,0.000,0.0000,50.1
0.403,0.02,-0.01,-9.13,0.61,-0.01,0.00,324.3,203.9,121.4,242.9,320.0,208.1,0,320.0,208.1,127.6,255.2,1,6.1,0.638,0.000,0.0000,50.1
0.453,0.02,-0.01,-9.13,0.63,-0.01,0.00,324.4,203.1,121.4,242.9,320.0,208.1,0,320.0,208.1,127.6,255.2,1,6.7,0.638,0.000,0.0000,50.1
0.503,0.03,-0.01,-9.22,0.64,-0.01,0.00,324.4,203.4,120.3,240.6,320.0,208.1,0,320.0,208.1,127.6,255.2,1,6.4,0.638,0.000,0.0000,50.1
0.553,0.03,-0.01,-9.22,0.65,-0.01,0.00,324.5,202.7,120.3,240.6,320.0,208.1,0,320.0,208.1,127.6,255.2,1,7.1,0.638,0.000,0.0000,50.1
0.603,0.05,-0.01,-9.29,0.66,-0.01,0.00,324.6,203.5,119.3,238.5,320.0,208.1,0,320.0,208.1,127.6,255.2,1,6.5,0.638,0.000,0.0000,50.1
0.653,0.05,-0.01,-9.29,0.68,-0.01,0.00,324.6,202.7,119.3,238.5,320.0,208.1,0,320.0,208.1,127.6,255.2,1,7.1,0.638,0.000,0.0000,50.1
0.703,0.08,-0.02,-9.36,0.69,-0.01,0.00,324.7,203.9,118.4,236.8,320.0,208.1,0,320.0,208.1,127.6,255.2,1,6.3,0.638,0.000,0.0000,50.1
0.753,0.08,-0.02,-9.36,0.70,-0.01,0.00,324.8,203.2,118.4,236.8,320.0,208.1,0,320.0,208.1,127.6,255.2,1,6.8,0.638,0.000,0.0000,50.1
0.803,0.11,-0.02,-9.42,0.71,-0.01,0.00,324.8,204.8,117.7,235.4,320.0,208.1,0,320.0,208.1,127.6,255.2,1,5.8,0.638,0.000,0.0000,50.1
0.853,0.11,-0.02,-9.42,0.73,-0.01,0.00,324.9,204.1,117.7,235.4,320.0,208.1,0,320.0,208.1,127.6,255.2,1,6.4,0.638,0.000,0.0000,50.1
0.904,0.15,-0.03,-9.47,0.74,-0.01,0.00,325.0,205.9,117.1,234.2,320.0,208.1,0,320.0,208.1,127.6,255.2,1,5.4,0.638,0.000,0.0000,50.1
0.954,0.15,-0.03,-9.47,0.75,-0.01,0.00,325.1,205.2,117.1,234.2,320.0,208.1,0,320.0,208.1,127.6,255.2,1,5.8,0.638,0.000,0.0000,50.1
1.004,0.20,-0.03,-9.50,0.77,-0.01,0.00,325.1,207.3,116.6,233.3,325.2,204.5,1,325.1,204.5,117.1,234.2,1,2.8,0.709,0.103,0.0000,50.1
1.054,0.20,-0.03,-9.50,0.78,-0.01,0.00,325.2,206.6,116.6,233.3,325.2,204.5,0,325.4,204.4,116.6,233.1,1,2.2,0.713,0.108,0.0000,50.1
1.104,0.25,-0.04,-9.53,0.79,-0.01,0.00,325.3,208.9,116.3,232.6,325.2,204.5,0,325.7,204.2,116.0,232.0,1,4.7,0.717,0.114,0.0000,50.1
1.154,0.25,-0.04,-9.53,0.80,-0.01,0.00,325.4,208.1,116.3,232.6,325.2,204.5,0,326.0,204.0,115.5,230.9,1,4.2,0.720,0.119,0.0000,50.1
1.204,0.30,-0.04,-9.54,0.82,-0.01,0.00,325.4,210.5,116.1,232.3,325.2,204.5,0,326.2,203.8,114.9,229.8,1,6.8,0.724,0.124,0.0000,50.1
1.254,0.30,-0.04,-9.54,0.83,-0.01,0.00,325.5,209.8,116.1,232.3,325.2,204.5,0,326.5,203.6,114.4,228.8,1,6.3,0.728,0.130,0.0000,50.1
1.304,0.36,-0.05,-9.55,0.84,-0.01,0.00,325.5,212.4,116.1,232.1,325.2,204.5,0,326.8,203.4,113.8,227.7,1,9.1,0.732,0.135,0.0000,50.1
1.354,0.36,-0.05,-9.55,0.85,-0.01,0.00,325.6,211.7,116.1,232.1,325.2,204.5,0,327.0,203.2,113.3,226.6,1,8.6,0.735,0.140,0.0000,50.1
1.404,0.42,-0.05,-9.55,0.87,-0.01,0.00,325.5,214.4,116.0,232.1,325.2,204.5,0,327.3,203.0,112.7,225.5,1,11.5,0.739,0.146,0.0000,50.1
1.454,0.42,-0.05,-9.55,0.88,-0.01,0.00,325.6,213.7,116.0,232.1,325.2,204.5,0,327.6,202.9,112.2,224.4,1,11.0,0.743,0.151,0.0000,50.1
1.505,0.48,-0.06,-9.55,0.89,-0.01,0.00,325.3,216.6,116.1,232.1,325.2,204.5,0,327.8,202.7,111.6,223.3,1,14.1,0.747,0.157,0.0000,50.1
1.555,0.48,-0.06,-9.55,0.90,-0.01,0.00,325.4,215.9,116.1,232.1,325.2,204.5,0,328.1,202.5,111.1,222.2,1,13.6,0.750,0.162,0.0000,51.0
1.606,0.54,-0.06,-9.54,0.92,-0.01,0.00,325.1,218.9,116.1,232.3,325.2,204.5,0,328.4,202.3,110.6,221.1,1,16.9,0.754,0.167,0.0000,50.1
1.656,0.54,-0.06,-9.54,0.93,-0.01,0.00,325.2,218.2,116.1,232.3,325.2,204.5,0,328.6,202.1,110.0,220.0,1,16.5,0.758,0.173,0.0000,50.1
1.706,0.61,-0.06,-9.54,0.94,-0.01,0.00,324.8,221.4,116.2,232.4,325.2,204.5,0,328.9,201.9,109.5,218.9,1,19.9,0.761,0.178,0.0000,50.1
1.756,0.61,-0.06,-9.54,0.95,-0.01,0.00,324.9,220.7,116.2,232.4,325.2,204.5,0,329.2,201.7,108.9,217.8,1,19.4,0.765,0.183,0.0000,50.1
1.806,0.68,-0.05,-9.53,0.97,-0.01,0.00,324.4,224.0,116.3,232.6,325.2,204.5,0,329.4,201.6,108.4,216.7,1,23.0,0.769,0.189,0.0000,50.1
1.856,0.68,-0.05,-9.53,0.98,-0.01,0.00,324.5,223.3,116.3,232.6,325.2,204.5,0,329.7,201.4,107.8,215.6,1,22.5,0.773,0.194,0.0000,50.1
1.906,0.76,-0.05,-9.52,0.99,-0.01,0.00,323.9,226.8,116.4,232.8,325.2,204.5,0,330.0,201.2,107.3,214.5,1,26.3,0.776,0.200,0.0000,50.1
1.956,0.76,-0.05,-9.52,1.00,-0.01,0.00,324.0,226.0,116.4,232.8,325.2,204.5,0,330.2,201.0,106.7,213.5,1,25.8,0.780,0.205,0.0000,50.1
2.006,0.83,-0.05,-9.52,1.02,-0.01,0.00,323.3,229.6,116.5,233.0,324.0,225.4,1,324.1,225.2,116.3,232.7,1,4.4,0.296,0.082,0.0000,50.1
2.056,0.83,-0.05,-9.52,1.03,-0.01,0.00,323.4,228.8,116.5,233.0,324.0,225.4,0,324.0,226.2,116.3,232.6,1,2.7,0.275,0.081,0.0000,50.1
2.106,0.91,-0.04,-9.51,1.04,-0.01,0.00,322.6,232.6,116.5,233.1,324.0,225.4,0,324.0,227.3,116.2,232.5,1,5.5,0.255,0.080,0.0000,50.1
2.156,0.91,-0.04,-9.51,1.05,-0.01,0.00,322.7,231.8,116.5,233.1,324.0,225.4,0,323.9,228.3,116.2,232.4,1,3.8,0.234,0.079,0.0000,50.1
2.206,0.98,-0.04,-9.51,1.07,-0.01,0.00,321.9,235.4,116.6,233.2,324.0,225.4,0,323.9,229.3,116.2,232.3,1,6.5,0.214,0.078,0.0000,50.1
2.257,0.98,-0.04,-9.51,1.08,-0.01,0.00,322.0,234.7,116.6,233.2,324.0,225.4,0,323.8,230.3,116.1,232.2,1,4.8,0.193,0.077,0.0000,50.1
2.307,1.06,-0.03,-9.50,1.09,-0.01,0.00,321.1,238.2,116.6,233.3,324.0,225.4,0,323.8,231.4,116.1,232.1,1,7.3,0.173,0.076,0.0000,50.1
2.357,1.06,-0.03,-9.50,1.10,-0.01,0.00,321.2,237.4,116.6,233.3,324.0,225.4,0,323.7,232.4,116.0,232.0,1,5.6,0.152,0.075,0.0000,50.1
2.407,1.12,-0.02,-9.50,1.12,-0.01,0.00,320.5,240.5,116.7,233.3,324.0,225.4,0,323.7,233.4,116.0,232.0,1,7.8,0.132,0.074,0.0000,50.1
2.457,1.12,-0.02,-9.50,1.13,-0.01,0.00,320.6,239.8,116.7,233.3,324.0,225.4,0,323.6,234.4,115.9,231.9,1,6.2,0.111,0.073,0.0000,50.1
2.507,1.18,-0.02,-9.50,1.14,-0.01,0.00,319.9,242.4,116.7,233.4,324.0,225.4,0,323.6,235.5,115.9,231.8,1,7.8,0.091,0.072,0.0000,50.1
2.557,1.18,-0.02,-9.50,1.15,-0.01,0.00,320.0,241.6,116.7,233.4,324.0,225.4,0,323.5,236.5,115.9,231.7,1,6.3,0.070,0.071,0.0000,50.1
2.607,1.23,-0.01,-9.50,1.17,-0.01,0.00,319.4,243.8,116.7,233.4,324.0,225.4,0,323.5,237.5,115.8,231.6,1,7.5,0.050,0.070,0.0000,50.1
2.657,1.23,-0.01,-9.50,1.18,-0.01,0.00,319.5,243.1,116.7,233.4,324.0,225.4,0,323.4,238.5,115.8,231.5,1,6.0,0.029,0.069,0.0000,50.1
2.707,1.27,-0.01,-9.50,1.19,-0.01,0.00,318.9,244.8,116.7,233.4,324.0,225.4,0,323.4,239.5,115.7,231.4,1,6.9,0.009,0.068,0.0000,50.1
2.757,1.27,-0.01,-9.50,1.20,-0.01,0.00,319.0,244.0,116.7,233.4,324.0,225.4,0,323.3,240.6,115.7,231.4,1,5.5,-0.011,0.067,0.0000,50.1
2.807,1.31,-0.00,-9.50,1.22,-0.01,0.00,318.5,245.3,116.7,233.3,324.0,225.4,0,323.3,241.6,115.6,231.3,1,6.1,-0.032,0.066,0.0000,50.1
2.858,1.31,-0.00,-9.50,1.23,-0.01,0.00,318.6,244.6,116.7,233.3,324.0,225.4,0,323.2,242.6,115.6,231.2,1,5.0,-0.052,0.065,0.0000,50.1
2.908,1.34,0.00,-9.50,1.24,-0.01,0.00,318.2,245.5,116.6,233.3,324.0,225.4,0,323.2,243.6,115.5,231.1,1,5.4,-0.073,0.064,0.0000,50.1
2.958,1.34,0.00,-9.50,1.25,-0.01,0.00,318.3,244.8,116.6,233.3,324.0,225.4,0,323.1,244.7,115.5,231.0,1,4.9,-0.093,0.063,0.0000,50.1
3.008,1.36,0.01,-9.50,1.27,-0.01,0.00,317.9,245.4,116.6,233.3,318.3,244.2,1,318.4,244.2,116.6,233.3,1,1.3,-0.084,-0.032,-0.0000,50.1
3.058,1.36,0.01,-9.50,1.28,-0.01,0.00,317.9,244.7,116.6,233.3,318.3,244.2,0,318.1,245.2,116.7,233.3,1,0.5,-0.103,-0.038,-0.0000,50.1
3.108,1.38,0.02,-9.51,1.29,-0.01,0.00,317.6,245.0,116.6,233.2,318.3,244.2,0,317.8,246.1,116.7,233.3,1,1.1,-0.122,-0.044,-0.0000,50.1
3.158,1.38,0.02,-9.51,1.30,-0.01,0.00,317.7,244.3,116.6,233.2,318.3,244.2,0,317.5,247.1,116.7,233.4,1,2.8,-0.141,-0.049,-0.0000,50.1
3.208,1.39,0.02,-9.51,1.32,-0.01,0.00,317.3,244.3,116.6,233.1,318.3,244.2,0,317.2,248.0,116.7,233.4,1,3.7,-0.160,-0.055,-0.0000,50.1
3.258,1.39,0.02,-9.51,1.33,-0.01,0.00,317.4,243.6,116.6,233.1,318.3,244.2,0,317.0,249.0,116.7,233.4,1,5.4,-0.179,-0.061,-0.0000,50.1
3.308,1.40,0.03,-9.51,1.34,-0.01,0.00,317.2,243.3,116.5,233.1,318.3,244.2,0,316.7,249.9,116.7,233.5,1,6.6,-0.198,-0.066,-0.0000,50.1
3.358,1.40,0.03,-9.51,1.35,-0.01,0.00,317.3,242.6,116.5,233.1,318.3,244.2,0,316.4,250.9,116.7,233.5,1,8.3,-0.217,-0.072,-0.0000,50.1
3.408,1.41,0.03,-9.51,1.37,-0.01,0.00,317.2,242.1,116.5,233.0,318.3,244.2,0,316.1,251.8,116.8,233.5,1,9.8,-0.236,-0.078,-0.0000,50.1
3.458,1.41,0.03,-9.51,1.38,-0.01,0.00,317.3,241.4,116.5,233.0,318.3,244.2,0,315.8,252.8,116.8,233.5,1,11.5,-0.255,-0.083,-0.0000,50.1
3.509,1.41,0.03,-9.52,1.39,-0.01,0.00,317.3,240.6,116.5,233.0,318.3,244.2,0,315.5,253.7,116.8,233.6,1,13.2,-0.274,-0.089,-0.0000,50.1
3.559,1.41,0.03,-9.52,1.40,-0.01,0.00,317.4,239.9,116.5,233.0,318.3,244.2,0,315.3,254.7,116.8,233.6,1,14.9,-0.293,-0.095,-0.0000,50.0
3.609,1.40,0.03,-9.52,1.42,-0.01,0.00,317.5,238.9,116.5,232.9,318.3,244.2,0,315.0,255.6,116.8,233.6,1,16.9,-0.312,-0.100,-0.0000,50.1
3.659,1.40,0.03,-9.52,1.43,-0.01,0.00,317.6,238.2,116.5,232.9,318.3,244.2,0,314.7,256.6,116.8,233.7,1,18.6,-0.331,-0.106,-0.0000,50.1
3.709,1.39,0.03,-9.52,1.44,-0.01,0.00,317.8,237.0,116.5,232.9,318.3,244.2,0,314.4,257.5,116.8,233.7,1,20.8,-0.350,-0.112,-0.0000,50.1
3.759,1.39,0.03,-9.52,1.45,-0.01,0.00,317.9,236.3,116.5,232.9,318.3,244.2,0,314.1,258.5,116.9,233.7,1,22.5,-0.369,-0.117,-0.0000,50.1
3.809,1.38,0.03,-9.52,1.47,-0.01,0.00,318.2,234.8,116.4,232.9,318.3,244.2,0,313.8,259.4,116.9,233.8,1,25.0,-0.388,-0.123,-0.0000,50.1
3.859,1.38,0.03,-9.52,1.48,-0.01,0.00,318.3,234.1,116.4,232.9,318.3,244.2,0,313.6,260.4,116.9,233.8,1,26.7,-0.407,-0.129,-0.0000,50.1
3.909,1.36,0.02,-9.52,1.49,-0.01,0.00,318.7,232.4,116.4,232.8,318.3,244.2,0,313.3,261.3,116.9,233.8,1,29.5,-0.426,-0.134,-0.0000,50.1
3.959,1.36,0.02,-9.52,1.50,-0.01,0.00,318.8,231.7,116.4,232.8,318.3,244.2,0,313.0,262.3,116.9,233.8,1,31.2,-0.445,-0.140,-0.0000,50.1
4.009,1.34,0.02,-9.52,1.52,-0.01,0.00,319.3,229.7,116.4,232.8,318.9,231.0,1,318.8,231.3,116.4,232.8,1,1.6,0.174,-0.023,-0.0000,50.1
4.059,1.34,0.02,-9.52,1.53,-0.01,0.00,319.4,229.0,116.4,232.8,318.9,231.0,0,318.9,230.7,116.4,232.8,1,1.7,0.187,-0.023,-0.0000,50.1
4.109,1.32,0.01,-9.53,1.54,-0.01,0.00,320.0,226.9,116.4,232.8,318.9,231.0,0,318.9,230.0,116.4,232.8,1,3.3,0.199,-0.022,-0.0000,50.1
4.159,1.32,0.01,-9.53,1.55,-0.01,0.00,320.0,226.2,116.4,232.8,318.9,231.0,0,318.9,229.4,116.4,232.8,1,3.4,0.212,-0.022,-0.0000,50.1
4.210,1.29,0.01,-9.53,1.57,-0.01,0.00,320.7,223.8,116.4,232.7,318.9,231.0,0,318.9,228.8,116.4,232.7,1,5.2,0.225,-0.022,-0.0000,50.1
4.260,1.29,0.01,-9.53,1.58,-0.01,0.00,320.8,223.1,116.4,232.7,318.9,231.0,0,318.9,228.1,116.4,232.7,1,5.4,0.237,-0.021,-0.0000,50.1
4.310,1.26,0.00,-9.53,1.59,-0.01,0.00,321.4,220.8,116.4,232.7,318.9,231.0,0,319.0,227.5,116.3,232.7,1,7.1,0.250,-0.021,-0.0000,50.1
4.360,1.26,0.00,-9.53,1.60,-0.01,0.00,321.5,220.1,116.4,232.7,318.9,231.0,0,319.0,226.9,116.3,232.7,1,7.2,0.262,-0.020,-0.0000,50.1
4.410,1.24,-0.01,-9.53,1.62,-0.01,0.00,322.1,218.1,116.3,232.7,318.9,231.0,0,319.0,226.3,116.3,232.7,1,8.7,0.275,-0.020,-0.0000,50.1
4.460,1.24,-0.01,-9.53,1.63,-0.01,0.00,322.2,217.4,116.3,232.7,318.9,231.0,0,319.0,225.6,116.3,232.6,1,8.8,0.288,-0.020,-0.0000,50.1
4.510,1.22,-0.01,-9.53,1.64,-0.01,0.00,322.8,215.8,116.3,232.7,318.9,231.0,0,319.0,225.0,116.3,232.6,1,9.9,0.300,-0.019,-0.0000,50.1
4.560,1.22,-0.01,-9.53,1.65,-0.01,0.00,322.9,215.1,116.3,232.7,318.9,231.0,0,319.1,224.4,116.3,232.6,1,10.0,0.313,-0.019,-0.0000,50.1
4.610,1.22,-0.02,-9.53,1.67,-0.01,0.00,323.4,214.0,116.3,232.6,318.9,231.0,0,319.1,223.7,116.3,232.6,1,10.6,0.325,-0.018,-0.0000,50.1
4.660,1.22,-0.02,-9.53,1.68,-0.01,0.00,323.5,213.3,116.3,232.6,318.9,231.0,0,319.1,223.1,116.3,232.5,1,10.7,0.338,-0.018,-0.0000,50.1
4.710,1.22,-0.02,-9.53,1.69,-0.01,0.00,323.9,212.6,116.3,232.6,318.9,231.0,0,319.1,222.5,116.3,232.5,1,10.9,0.351,-0.018,-0.0000,50.1
4.761,1.22,-0.02,-9.53,1.70,-0.01,0.00,324.0,211.9,116.3,232.6,318.9,231.0,0,319.1,221.8,116.3,232.5,1,11.1,0.363,-0.017,-0.0000,50.1
4.811,1.22,-0.03,-9.53,1.72,-0.01,0.00,324.4,211.6,116.3,232.6,318.9,231.0,0,319.2,221.2,116.2,232.5,1,10.9,0.376,-0.017,-0.0000,50.1
4.861,1.22,-0.03,-9.53,1.73,-0.01,0.00,324.4,210.9,116.3,232.6,318.9,231.0,0,319.2,220.6,116.2,232.5,1,11.0,0.389,-0.016,-0.0000,50.1
4.911,1.24,-0.03,-9.53,1.74,-0.01,0.00,324.8,210.9,116.3,232.6,318.9,231.0,0,319.2,219.9,116.2,232.4,1,10.6,0.401,-0.016,-0.0000,50.1
4.961,1.24,-0.03,-9.53,1.75,-0.01,0.00,324.9,210.2,116.3,232.6,318.9,231.0,0,319.2,219.3,116.2,232.4,1,10.7,0.414,-0.016,-0.0000,50.1
5.011,1.25,-0.04,-9.53,1.77,-0.01,0.00,325.2,210.5,116.3,232.6,324.9,209.6,1,324.9,209.7,116.3,232.6,1,0.9,0.606,0.098,0.0000,50.1
5.061,1.25,-0.04,-9.53,1.78,-0.01,0.00,325.3,209.8,116.3,232.6,324.9,209.6,0,325.2,208.6,116.3,232.6,1,1.2,0.628,0.104,0.0000,50.1
5.111,1.27,-0.05,-9.53,1.79,-0.01,0.00,325.6,210.4,116.3,232.6,324.9,209.6,0,325.5,207.5,116.3,232.6,1,2.9,0.650,0.110,0.0000,50.1
5.161,1.27,-0.05,-9.53,1.80,-0.01,0.00,325.6,209.7,116.3,232.6,324.9,209.6,0,325.8,206.4,116.3,232.6,1,3.2,0.671,0.116,0.0000,50.1
5.211,1.30,-0.05,-9.53,1.82,-0.01,0.00,325.9,210.5,116.3,232.6,324.9,209.6,0,326.1,205.4,116.3,232.6,1,5.2,0.693,0.122,0.0000,50.1
5.261,1.30,-0.05,-9.53,1.83,-0.01,0.00,326.0,209.8,116.3,232.6,324.9,209.6,0,326.4,204.3,116.3,232.5,1,5.5,0.714,0.128,0.0000,50.1
5.311,1.33,-0.06,-9.53,1.84,-0.01,0.00,326.1,211.0,116.3,232.6,324.9,209.6,0,326.7,203.2,116.3,232.5,1,7.8,0.736,0.134,0.0000,50.1
5.361,1.33,-0.06,-9.53,1.85,-0.01,0.00,326.2,210.3,116.3,232.6,324.9,209.6,0,327.0,202.1,116.3,232.5,1,8.2,0.757,0.140,0.0000,50.1
5.411,1.37,-0.06,-9.53,1.87,-0.01,0.00,326.2,211.9,116.3,232.6,324.9,209.6,0,327.3,201.1,116.3,232.5,1,10.8,0.779,0.146,0.0000,50.1
5.461,1.37,-0.06,-9.53,1.88,-0.01,0.00,326.3,211.1,116.3,232.6,324.9,209.6,0,327.6,200.0,116.2,232.5,1,11.2,0.800,0.152,0.0000,50.1
5.512,1.42,-0.06,-9.53,1.89,-0.01,0.00,326.2,213.1,116.3,232.5,324.9,209.6,0,327.9,198.9,116.2,232.5,1,14.3,0.822,0.158,0.0000,50.1
5.562,1.42,-0.06,-9.53,1.90,-0.01,0.00,326.3,212.4,116.3,232.5,324.9,209.6,0,328.2,197.8,116.2,232.5,1,14.7,0.843,0.164,0.0000,50.1
5.612,1.47,-0.06,-9.53,1.92,-0.01,0.00,326.1,214.7,116.3,232.5,324.9,209.6,0,328.5,196.8,116.2,232.5,1,18.1,0.865,0.170,0.0000,50.1
5.662,1.47,-0.06,-9.53,1.93,-0.01,0.00,326.2,213.9,116.3,232.5,324.9,209.6,0,328.8,195.7,116.2,232.5,1,18.5,0.886,0.176,0.0000,50.1
5.712,1.53,-0.06,-9.53,1.94,-0.01,0.00,325.8,216.5,116.3,232.5,324.9,209.6,0,329.1,194.6,116.2,232.4,1,22.2,0.908,0.182,0.0000,50.1
5.762,1.53,-0.06,-9.53,1.95,-0.01,0.00,325.9,215.8,116.3,232.5,324.9,209.6,0,329.4,193.5,116.2,232.4,1,22.6,0.930,0.188,0.0000,50.1
5.812,1.59,-0.06,-9.53,1.97,-0.01,0.00,325.5,218.8,116.3,232.5,324.9,209.6,0,329.7,192.4,116.2,232.4,1,26.6,0.951,0.194,0.0000,50.1
5.862,1.59,-0.06,-9.53,1.98,-0.01,0.00,325.6,218.0,116.3,232.5,324.9,209.6,0,330.0,191.4,116.2,232.4,1,27.0,0.973,0.200,0.0000,50.1
5.912,1.66,-0.06,-9.54,1.99,-0.01,0.00,325.0,221.3,116.3,232.5,324.9,209.6,0,330.3,190.3,116.2,232.4,1,31.4,0.994,0.206,0.0000,50.1
5.962,1.66,-0.06,-9.54,2.00,-0.01,0.00,325.1,220.5,116.3,232.5,324.9,209.6,0,330.6,189.2,116.2,232.4,1,31.8,1.016,0.212,0.0000,50.1
6.012,1.74,-0.06,-9.54,2.02,-0.01,0.00,324.5,224.1,116.2,232.5,325.2,220.0,1,325.3,219.7,116.3,232.5,1,4.4,0.405,0.105,0.0000,50.1
6.062,1.74,-0.06,-9.54,2.03,-0.01,0.00,324.6,223.3,116.2,232.5,325.2,220.0,0,325.3,220.2,116.3,232.5,1,3.2,0.396,0.106,0.0000,50.1
6.112,1.81,-0.05,-9.54,2.04,-0.01,0.00,323.9,227.1,116.2,232.5,325.2,220.0,0,325.3,220.7,116.3,232.5,1,6.6,0.386,0.106,0.0000,50.0
6.162,1.81,-0.05,-9.54,2.05,-0.01,0.00,324.0,226.4,116.2,232.5,325.2,220.0,0,325.3,221.2,116.2,232.5,1,5.4,0.376,0.106,0.0000,50.1
6.212,1.90,-0.05,-9.54,2.07,-0.01,0.00,323.3,230.4,116.2,232.5,325.2,220.0,0,325.3,221.7,116.2,232.5,1,8.9,0.366,0.107,0.0000,50.1
6.263,1.90,-0.05,-9.54,2.08,-0.01,0.00,323.4,229.7,116.2,232.5,325.2,220.0,0,325.4,222.2,116.2,232.5,1,7.8,0.356,0.107,0.0000,50.1
6.313,1.98,-0.05,-9.54,2.09,-0.01,0.00,322.6,233.8,116.2,232.5,325.2,220.0,0,325.4,222.7,116.2,232.5,1,11.5,0.347,0.108,0.0000,50.1
6.363,1.98,-0.05,-9.54,2.10,-0.01,0.00,322.7,233.1,116.2,232.5,325.2,220.0,0,325.4,223.2,116.2,232.5,1,10.3,0.337,0.108,0.0000,50.1
6.413,2.06,-0.04,-9.54,2.12,-0.01,0.00,321.9,236.8,116.2,232.5,325.2,220.0,0,325.4,223.6,116.2,232.5,1,13.7,0.327,0.108,0.0000,50.1
6.463,2.06,-0.04,-9.54,2.13,-0.01,0.00,322.0,236.1,116.2,232.5,325.2,220.0,0,325.4,224.1,116.2,232.5,1,12.5,0.317,0.109,0.0000,50.1
6.513,2.13,-0.04,-9.54,2.14,-0.01,0.00,321.3,239.5,116.2,232.4,325.2,220.0,0,325.5,224.6,116.2,232.5,1,15.4,0.308,0.109,0.0000,50.1
6.563,2.13,-0.04,-9.54,2.15,-0.01,0.00,321.4,238.8,116.2,232.4,325.2,220.0,0,325.5,225.1,116.2,232.5,1,14.3,0.298,0.110,0.0000,50.1
6.613,2.19,-0.03,-9.54,2.17,-0.01,0.00,320.7,241.7,116.2,232.4,325.2,220.0,0,325.5,225.6,116.2,232.5,1,16.8,0.288,0.110,0.0000,50.1
6.663,2.19,-0.03,-9.54,2.18,-0.01,0.00,320.8,241.0,116.2,232.4,325.2,220.0,0,325.5,226.1,116.2,232.4,1,15.6,0.278,0.110,0.0000,50.1
6.713,2.25,-0.03,-9.54,2.19,-0.01,0.00,320.2,243.5,116.2,232.4,325.2,220.0,0,325.5,226.6,116.2,232.4,1,17.8,0.269,0.111,0.0000,50.1
6.763,2.25,-0.03,-9.54,2.20,-0.01,0.00,320.3,242.8,116.2,232.4,325.2,220.0,0,325.6,227.1,116.2,232.4,1,16.6,0.259,0.111,0.0000,50.1
6.813,2.30,-0.02,-9.54,2.22,-0.01,0.00,319.7,245.0,116.2,232.4,325.2,220.0,0,325.6,227.5,116.2,232.4,1,18.5,0.249,0.112,0.0000,50.1
6.863,2.30,-0.02,-9.54,2.23,-0.01,0.00,319.7,244.3,116.2,232.4,325.2,220.0,0,325.6,228.0,116.2,232.4,1,17.3,0.239,0.112,0.0000,50.1
6.913,2.35,-0.01,-9.54,2.24,-0.01,0.00,319.2,246.2,116.2,232.4,325.2,220.0,0,325.6,228.5,116.2,232.4,1,18.8,0.230,0.112,0.0000,50.1
6.963,2.35,-0.01,-9.54,2.25,-0.01,0.00,319.2,245.5,116.2,232.4,325.2,220.0,0,325.6,229.0,116.2,232.4,1,17.7,0.220,0.113,0.0000,50.1
7.014,2.39,-0.01,-9.54,2.27,-0.01,0.00,318.7,247.1,116.2,232.4,319.3,244.9,1,319.4,244.8,116.2,232.4,1,2.4,-0.096,-0.013,-0.0000,50.1
7.064,2.39,-0.01,-9.54,2.28,-0.01,0.00,318.8,246.4,116.2,232.4,319.3,244.9,0,319.1,246.0,116.2,232.4,1,0.5,-0.121,-0.019,-0.0000,50.1
7.114,2.43,-0.00,-9.54,2.29,-0.01,0.00,318.2,247.8,116.2,232.4,319.3,244.9,0,318.8,247.3,116.2,232.4,1,0.8,-0.146,-0.024,-0.0000,50.1
7.164,2.43,-0.00,-9.54,2.31,-0.01,0.00,318.3,247.1,116.2,232.4,319.3,244.9,0,318.5,248.5,116.2,232.4,1,1.4,-0.171,-0.030,-0.0000,50.1
7.214,2.46,0.01,-9.54,2.32,-0.01,0.00,317.7,248.3,116.2,232.4,319.3,244.9,0,318.2,249.8,116.2,232.4,1,1.5,-0.196,-0.036,-0.0000,50.1
7.264,2.46,0.01,-9.54,2.33,-0.01,0.00,317.8,247.6,116.2,232.4,319.3,244.9,0,317.9,251.0,116.2,232.4,1,3.4,-0.221,-0.042,-0.0000,50.1
7.314,2.49,0.01,-9.54,2.34,-0.01,0.00,317.3,248.4,116.2,232.4,319.3,244.9,0,317.6,252.3,116.2,232.4,1,3.9,-0.245,-0.048,-0.0000,50.1
7.364,2.49,0.01,-9.54,2.36,-0.01,0.00,317.4,247.7,116.2,232.4,319.3,244.9,0,317.3,253.5,116.2,232.4,1,5.8,-0.270,-0.054,-0.0000,50.1
7.414,2.51,0.02,-9.54,2.37,-0.01,0.00,317.0,248.1,116.2,232.4,319.3,244.9,0,317.0,254.8,116.2,232.4,1,6.6,-0.295,-0.059,-0.0000,50.1
7.464,2.51,0.02,-9.54,2.38,-0.01,0.00,317.1,247.4,116.2,232.4,319.3,244.9,0,316.7,256.0,116.2,232.4,1,8.6,-0.320,-0.065,-0.0000,50.1
7.514,2.52,0.02,-9.54,2.39,-0.01,0.00,316.8,247.3,116.2,232.4,319.3,244.9,0,316.4,257.3,116.2,232.4,1,10.0,-0.345,-0.071,-0.0000,50.1
7.564,2.52,0.02,-9.54,2.41,-0.01,0.00,316.9,246.6,116.2,232.4,319.3,244.9,0,316.2,258.5,116.2,232.4,1,11.9,-0.370,-0.077,-0.0000,50.1
7.614,2.53,0.03,-9.54,2.42,-0.01,0.00,316.7,246.1,116.2,232.4,319.3,244.9,0,315.9,259.8,116.2,232.4,1,13.7,-0.395,-0.083,-0.0000,50.1
7.664,2.53,0.03,-9.54,2.43,-0.01,0.00,316.8,245.3,116.2,232.4,319.3,244.9,0,315.6,261.0,116.2,232.3,1,15.7,-0.420,-0.089,-0.0000,50.1
7.715,2.52,0.03,-9.54,2.44,-0.01,0.00,316.8,244.4,116.2,232.4,319.3,244.9,0,315.3,262.2,116.2,232.3,1,17.9,-0.445,-0.094,-0.0000,50.1
7.765,2.52,0.03,-9.54,2.46,-0.01,0.00,316.9,243.7,116.2,232.4,319.3,244.9,0,315.0,263.5,116.2,232.3,1,19.9,-0.470,-0.100,-0.0000,50.1
7.815,2.51,0.03,-9.54,2.47,-0.01,0.00,316.9,242.4,116.2,232.4,319.3,244.9,0,314.7,264.7,116.2,232.3,1,22.5,-0.495,-0.106,-0.0000,50.1
7.865,2.51,0.03,-9.54,2.48,-0.01,0.00,317.0,241.6,116.2,232.4,319.3,244.9,0,314.4,266.0,116.2,232.3,1,24.5,-0.520,-0.112,-0.0000,50.1
7.915,2.50,0.03,-9.54,2.49,-0.01,0.00,317.2,239.9,116.2,232.4,319.3,244.9,0,314.1,267.2,116.2,232.3,1,27.5,-0.545,-0.118,-0.0000,50.1
7.965,2.50,0.03,-9.54,2.51,-0.01,0.00,317.3,239.2,116.2,232.4,319.3,244.9,0,313.8,268.5,116.2,232.3,1,29.5,-0.569,-0.124,-0.0000,50.1
8.015,2.47,0.03,-9.54,2.52,-0.01,0.00,317.5,237.2,116.2,232.3,317.3,238.7,1,317.3,238.9,116.2,232.4,1,1.8,0.022,-0.054,-0.0000,50.1
8.065,2.47,0.03,-9.54,2.53,-0.01,0.00,317.6,236.4,116.2,232.3,317.3,238.7,0,317.2,238.6,116.2,232.3,1,2.2,0.027,-0.056,-0.0000,50.1
8.115,2.45,0.03,-9.54,2.54,-0.01,0.00,317.9,234.1,116.2,232.3,317.3,238.7,0,317.1,238.4,116.2,232.3,1,4.4,0.033,-0.058,-0.0000,50.1
8.165,2.45,0.03,-9.54,2.56,-0.01,0.00,318.0,233.3,116.2,232.3,317.3,238.7,0,317.0,238.1,116.2,232.3,1,4.9,0.038,-0.060,-0.0000,50.1
8.215,2.41,0.03,-9.54,2.57,-0.01,0.00,318.4,230.7,116.2,232.3,317.3,238.7,0,316.9,237.8,116.2,232.3,1,7.3,0.044,-0.062,-0.0000,50.1
8.265,2.41,0.03,-9.54,2.58,-0.01,0.00,318.5,230.0,116.2,232.3,317.3,238.7,0,316.8,237.5,116.2,232.3,1,7.8,0.050,-0.064,-0.0000,50.1
8.315,2.38,0.03,-9.54,2.59,-0.01,0.00,319.0,227.2,116.2,232.3,317.3,238.7,0,316.7,237.2,116.2,232.3,1,10.3,0.055,-0.066,-0.0000,50.1
8.365,2.38,0.03,-9.54,2.61,-0.01,0.00,319.1,226.5,116.2,232.3,317.3,238.7,0,316.6,237.0,116.2,232.3,1,10.8,0.061,-0.068,-0.0000,50.1
8.415,2.34,0.03,-9.54,2.62,-0.01,0.00,319.6,223.9,116.2,232.3,317.3,238.7,0,316.5,236.7,116.2,232.3,1,13.2,0.066,-0.070,-0.0000,50.1
8.466,2.34,0.03,-9.54,2.63,-0.01,0.00,319.6,223.2,116.2,232.3,317.3,238.7,0,316.4,236.4,116.2,232.3,1,13.6,0.072,-0.073,-0.0000,50.1
8.516,2.32,0.02,-9.54,2.64,-0.01,0.00,320.1,220.9,116.2,232.3,317.3,238.7,0,316.3,236.1,116.2,232.3,1,15.7,0.078,-0.075,-0.0000,50.1
8.566,2.32,0.02,-9.54,2.66,-0.01,0.00,320.2,220.2,116.2,232.3,317.3,238.7,0,316.2,235.8,116.2,232.3,1,16.2,0.083,-0.077,-0.0000,50.1
8.616,2.30,0.02,-9.54,2.67,-0.01,0.00,320.7,218.3,116.2,232.3,317.3,238.7,0,316.1,235.6,116.2,232.3,1,17.8,0.089,-0.079,-0.0000,50.1
8.666,2.30,0.02,-9.54,2.68,-0.01,0.00,320.8,217.6,116.2,232.3,317.3,238.7,0,316.0,235.3,116.2,232.3,1,18.3,0.094,-0.081,-0.0000,50.1
8.716,2.28,0.01,-9.54,2.69,-0.01,0.00,321.2,216.1,116.2,232.3,317.3,238.7,0,315.9,235.0,116.2,232.3,1,19.7,0.100,-0.083,-0.0000,50.1
8.766,2.28,0.01,-9.54,2.71,-0.01,0.00,321.3,215.4,116.2,232.3,317.3,238.7,0,315.7,234.7,116.2,232.3,1,20.1,0.106,-0.085,-0.0000,50.1
8.816,2.27,0.01,-9.54,2.72,-0.01,0.00,321.8,214.1,116.2,232.3,317.3,238.7,0,315.6,234.4,116.2,232.3,1,21.2,0.111,-0.087,-0.0000,50.1
8.866,2.27,0.01,-9.54,2.73,-0.01,0.00,321.9,213.4,116.2,232.3,317.3,238.7,0,315.5,234.2,116.1,232.3,1,21.7,0.117,-0.089,-0.0000,50.1
8.916,2.27,0.00,-9.54,2.74,-0.01,0.00,322.4,212.4,116.2,232.3,317.3,238.7,0,315.4,233.9,116.1,232.3,1,22.6,0.122,-0.091,-0.0000,50.1
8.966,2.27,0.00,-9.54,2.76,-0.01,0.00,322.5,211.7,116.2,232.3,317.3,238.7,0,315.3,233.6,116.1,232.3,1,23.0,0.128,-0.093,-0.0000,50.1
9.016,2.26,-0.00,-9.54,2.77,-0.01,0.00,322.9,210.9,116.2,232.3,322.5,211.2,1,322.5,211.4,116.2,232.3,1,0.7,0.573,0.049,0.0000,50.1
9.066,2.26,-0.00,-9.54,2.78,-0.01,0.00,323.0,210.2,116.2,232.3,322.5,211.2,0,322.7,210.0,116.2,232.3,1,0.4,0.600,0.054,0.0000,50.1
9.116,2.27,-0.01,-9.54,2.79,-0.01,0.00,323.6,209.6,116.2,232.3,322.5,211.2,0,323.0,208.6,116.2,232.3,1,1.1,0.628,0.059,0.0000,50.1
9.166,2.27,-0.01,-9.54,2.81,-0.01,0.00,323.6,208.8,116.2,232.3,322.5,211.2,0,323.2,207.2,116.2,232.3,1,1.6,0.655,0.064,0.0000,50.1
9.217,2.27,-0.02,-9.54,2.82,-0.01,0.00,324.2,208.4,116.2,232.3,322.5,211.2,0,323.5,205.9,116.2,232.3,1,2.6,0.682,0.070,0.0000,50.1
9.267,2.27,-0.02,-9.54,2.83,-0.01,0.00,324.3,207.7,116.2,232.3,322.5,211.2,0,323.7,204.5,116.2,232.3,1,3.2,0.710,0.075,0.0000,50.1
9.317,2.28,-0.03,-9.54,2.84,-0.01,0.00,324.7,207.6,116.2,232.3,322.5,211.2,0,324.0,203.1,116.2,232.3,1,4.5,0.737,0.080,0.0000,50.1
9.367,2.28,-0.03,-9.54,2.86,-0.01,0.00,324.8,206.9,116.2,232.3,322.5,211.2,0,324.2,201.8,116.2,232.3,1,5.2,0.765,0.085,0.0000,50.1
9.417,2.30,-0.03,-9.54,2.87,-0.01,0.00,325.2,207.4,116.2,232.3,322.5,211.2,0,324.5,200.4,116.2,232.3,1,7.0,0.792,0.090,0.0000,50.1
9.467,2.30,-0.03,-9.54,2.88,-0.01,0.00,325.3,206.6,116.2,232.3,322.5,211.2,0,324.7,199.0,116.2,232.3,1,7.6,0.819,0.095,0.0000,50.1
9.517,2.33,-0.04,-9.54,2.89,-0.01,0.00,325.5,207.6,116.2,232.3,322.5,211.2,0,325.0,197.7,116.2,232.3,1,10.0,0.847,0.100,0.0000,50.1
9.567,2.33,-0.04,-9.54,2.91,-0.01,0.00,325.6,206.9,116.2,232.3,322.5,211.2,0,325.3,196.3,116.2,232.3,1,10.6,0.874,0.105,0.0000,50.1
9.617,2.37,-0.05,-9.54,2.92,-0.01,0.00,325.8,208.4,116.2,232.3,322.5,211.2,0,325.5,194.9,116.2,232.3,1,13.5,0.901,0.110,0.0000,50.1
9.667,2.37,-0.05,-9.54,2.93,-0.01,0.00,325.9,207.7,116.2,232.3,322.5,211.2,0,325.8,193.6,116.2,232.3,1,14.1,0.929,0.115,0.0000,50.1
9.717,2.41,-0.05,-9.54,2.94,-0.01,0.00,325.9,209.8,116.2,232.3,322.5,211.2,0,326.0,192.2,116.2,232.3,1,17.6,0.956,0.120,0.0000,50.1
9.767,2.41,-0.05,-9.54,2.96,-0.01,0.00,326.0,209.0,116.2,232.3,322.5,211.2,0,326.3,190.8,116.2,232.3,1,18.2,0.983,0.125,0.0000,50.1
9.817,2.47,-0.05,-9.54,2.97,-0.01,0.00,325.9,211.6,116.2,232.3,322.5,211.2,0,326.5,189.5,116.2,232.3,1,22.1,1.011,0.130,0.0000,50.1
9.867,2.47,-0.05,-9.54,2.98,-0.01,0.00,325.9,210.8,116.2,232.3,322.5,211.2,0,326.8,188.1,116.2,232.3,1,22.8,1.038,0.136,0.0000,50.1
9.917,2.53,-0.06,-9.54,2.99,-0.01,0.00,325.8,213.7,116.2,232.3,322.5,211.2,0,327.0,186.7,116.2,232.3,1,27.1,1.066,0.141,0.0000,50.1
9.968,2.53,-0.06,-9.54,3.01,-0.01,0.00,325.9,213.0,116.2,232.3,322.5,211.2,0,327.3,185.4,116.2,232.3,1,27.7,1.093,0.146,0.0000,50.1
10.018,2.60,-0.06,-9.54,3.02,-0.01,0.00,325.6,216.4,116.2,232.3,325.9,212.5,1,325.9,212.3,116.2,232.3,1,4.1,0.554,0.119,0.0000,50.1
10.068,2.60,-0.06,-9.54,3.03,-0.01,0.00,325.7,215.6,116.2,232.3,325.9,212.5,0,326.1,212.3,116.2,232.3,1,3.3,0.553,0.122,0.0000,50.1
10.118,2.68,-0.06,-9.54,3.04,-0.01,0.00,325.4,219.4,116.2,232.3,325.9,212.5,0,326.3,212.4,116.2,232.3,1,7.1,0.552,0.126,0.0000,50.1
10.168,2.68,-0.06,-9.54,3.06,-0.01,0.00,325.5,218.6,116.2,232.3,325.9,212.5,0,326.5,212.4,116.2,232.3,1,6.3,0.552,0.129,0.0000,50.1
10.218,2.76,-0.06,-9.54,3.07,-0.01,0.00,325.1,222.7,116.2,232.3,325.9,212.5,0,326.6,212.4,116.2,232.3,1,10.3,0.551,0.133,0.0000,50.1
10.268,2.76,-0.06,-9.54,3.08,-0.01,0.00,325.2,222.0,116.2,232.3,325.9,212.5,0,326.8,212.5,116.2,232.3,1,9.6,0.550,0.136,0.0000,50.1
10.318,2.85,-0.07,-9.54,3.09,-0.01,0.00,324.7,226.1,116.2,232.3,325.9,212.5,0,327.0,212.5,116.2,232.3,1,13.8,0.550,0.140,0.0000,50.1
10.368,2.85,-0.07,-9.54,3.11,-0.01,0.00,324.8,225.4,116.2,232.3,325.9,212.5,0,327.2,212.6,116.2,232.3,1,13.1,0.549,0.143,0.0000,50.1
10.418,2.93,-0.07,-9.54,3.12,-0.01,0.00,324.3,229.6,116.1,232.3,325.9,212.5,0,327.3,212.6,116.2,232.3,1,17.3,0.548,0.147,0.0000,50.1
10.468,2.93,-0.07,-9.54,3.13,-0.01,0.00,324.4,228.9,116.1,232.3,325.9,212.5,0,327.5,212.6,116.1,232.3,1,16.5,0.548,0.150,0.0000,50.1
10.518,3.01,-0.07,-9.54,3.14,-0.01,0.00,323.9,232.6,116.1,232.3,325.9,212.5,0,327.7,212.7,116.1,232.3,1,20.3,0.547,0.154,0.0000,50.1
10.568,3.01,-0.07,-9.54,3.16,-0.01,0.00,324.0,231.9,116.1,232.3,325.9,212.5,0,327.9,212.7,116.1,232.3,1,19.6,0.546,0.157,0.0000,50.1
10.618,3.08,-0.06,-9.54,3.17,-0.01,0.00,323.4,235.4,116.2,232.3,325.9,212.5,0,328.0,212.7,116.1,232.3,1,23.2,0.546,0.161,0.0000,50.1
10.669,3.08,-0.06,-9.54,3.18,-0.01,0.00,323.5,234.7,116.2,232.3,325.9,212.5,0,328.2,212.8,116.1,232.3,1,22.4,0.545,0.164,0.0000,50.1
10.719,3.15,-0.06,-9.54,3.19,-0.01,0.00,322.9,238.0,116.2,232.3,325.9,212.5,0,328.4,212.8,116.1,232.3,1,25.8,0.544,0.168,0.0000,50.1
10.769,3.15,-0.06,-9.54,3.21,-0.01,0.00,323.0,237.2,116.2,232.3,325.9,212.5,0,328.6,212.8,116.1,232.3,1,25.0,0.543,0.171,0.0000,50.1
10.819,3.22,-0.06,-9.54,3.22,-0.01,0.00,322.3,240.3,116.2,232.3,325.9,212.5,0,328.7,212.9,116.1,232.3,1,28.2,0.543,0.175,0.0000,50.1
10.869,3.22,-0.06,-9.54,3.23,-0.01,0.00,322.4,239.6,116.2,232.3,325.9,212.5,0,328.9,212.9,116.1,232.3,1,27.5,0.542,0.178,0.0000,50.1
10.919,3.28,-0.05,-9.54,3.24,-0.01,0.00,321.7,242.5,116.2,232.3,325.9,212.5,0,329.1,212.9,116.1,232.3,1,30.5,0.541,0.182,0.0000,50.1
10.969,3.28,-0.05,-9.54,3.26,-0.01,0.00,321.8,241.8,116.2,232.3,325.9,212.5,0,329.3,213.0,116.1,232.3,1,29.8,0.541,0.185,0.0000,50.1
11.019,3.34,-0.04,-9.54,3.27,-0.01,0.00,321.1,244.6,116.2,232.3,321.9,241.3,1,321.9,241.1,116.2,232.3,1,3.6,-0.022,0.039,0.0000,50.1
11.069,3.34,-0.04,-9.54,3.28,-0.01,0.00,321.2,243.9,116.2,232.3,321.9,241.3,0,321.7,242.5,116.2,232.3,1,1.5,-0.050,0.035,0.0000,50.1
11.119,3.40,-0.04,-9.54,3.29,-0.01,0.00,320.4,246.5,116.2,232.3,321.9,241.3,0,321.6,243.9,116.2,232.3,1,2.8,-0.079,0.031,0.0000,50.1
11.169,3.40,-0.04,-9.54,3.31,-0.01,0.00,320.5,245.8,116.2,232.3,321.9,241.3,0,321.4,245.4,116.2,232.3,1,1.0,-0.107,0.027,0.0000,50.1
11.219,3.46,-0.03,-9.54,3.32,-0.01,0.00,319.7,248.4,116.2,232.3,321.9,241.3,0,321.2,246.8,116.2,232.3,1,2.2,-0.136,0.023,0.0000,50.1
11.269,3.46,-0.03,-9.54,3.33,-0.01,0.00,319.8,247.6,116.2,232.3,321.9,241.3,0,321.0,248.2,116.2,232.3,1,1.3,-0.164,0.019,0.0000,50.1
11.319,3.52,-0.02,-9.54,3.34,-0.01,0.00,319.0,249.9,116.2,232.3,321.9,241.3,0,320.8,249.6,116.2,232.3,1,1.8,-0.193,0.015,0.0000,50.1
11.369,3.52,-0.02,-9.54,3.36,-0.01,0.00,319.1,249.2,116.2,232.3,321.9,241.3,0,320.6,251.1,116.2,232.3,1,2.4,-0.221,0.011,0.0000,50.1
11.420,3.56,-0.01,-9.54,3.37,-0.01,0.00,318.3,251.0,116.2,232.3,321.9,241.3,0,320.4,252.5,116.2,232.3,1,2.5,-0.250,0.008,0.0000,50.1
11.470,3.56,-0.01,-9.54,3.38,-0.01,0.00,318.4,250.3,116.2,232.3,321.9,241.3,0,320.2,253.9,116.2,232.3,1,4.0,-0.278,0.004,0.0000,50.1
11.520,3.59,-0.00,-9.54,3.39,-0.01,0.00,317.8,251.5,116.2,232.3,321.9,241.3,0,320.0,255.3,116.2,232.3,1,4.4,-0.307,-0.000,-0.0000,50.1
11.570,3.59,-0.00,-9.54,3.41,-0.01,0.00,317.9,250.7,116.2,232.3,321.9,241.3,0,319.8,256.8,116.2,232.3,1,6.3,-0.335,-0.004,-0.0000,50.1
11.620,3.62,0.01,-9.54,3.42,-0.01,0.00,317.4,251.3,116.2,232.3,321.9,241.3,0,319.6,258.2,116.2,232.3,1,7.3,-0.364,-0.008,-0.0000,50.1
11.670,3.62,0.01,-9.54,3.43,-0.01,0.00,317.5,250.5,116.2,232.3,321.9,241.3,0,319.4,259.6,116.2,232.3,1,9.3,-0.392,-0.012,-0.0000,50.1
11.720,3.63,0.01,-9.54,3.44,-0.01,0.00,317.1,250.5,116.2,232.3,321.9,241.3,0,319.2,261.0,116.2,232.3,1,10.8,-0.421,-0.016,-0.0000,50.1
11.770,3.63,0.01,-9.54,3.46,-0.01,0.00,317.2,249.8,116.2,232.3,321.9,241.3,0,319.0,262.5,116.2,232.3,1,12.8,-0.449,-0.020,-0.0000,50.1
11.820,3.63,0.02,-9.54,3.47,-0.01,0.00,316.9,249.2,116.2,232.3,321.9,241.3,0,318.8,263.9,116.2,232.3,1,14.9,-0.478,-0.024,-0.0000,50.1
11.870,3.63,0.02,-9.54,3.48,-0.01,0.00,317.0,248.4,116.2,232.3,321.9,241.3,0,318.6,265.3,116.2,232.3,1,17.0,-0.506,-0.028,-0.0000,50.1
11.920,3.63,0.02,-9.54,3.49,-0.01,0.00,316.8,247.4,116.2,232.3,321.9,241.3,0,318.4,266.8,116.2,232.3,1,19.4,-0.535,-0.032,-0.0000,50.1
11.970,3.63,0.02,-9.54,3.51,-0.01,0.00,316.9,246.6,116.2,232.3,321.9,241.3,0,318.2,268.2,116.2,232.3,1,21.6,-0.564,-0.036,-0.0000,50.1
12.020,3.61,0.03,-9.54,3.52,-0.01,0.00,316.7,245.1,116.2,232.3,316.9,246.2,1,317.0,246.4,116.2,232.3,1,1.3,-0.127,-0.061,-0.0000,50.1
12.070,3.61,0.03,-9.54,3.53,-0.01,0.00,316.8,244.4,116.2,232.3,316.9,246.2,0,316.7,246.6,116.2,232.3,1,2.3,-0.133,-0.066,-0.0000,50.1
12.121,3.59,0.04,-9.54,3.54,-0.01,0.00,316.8,242.4,116.2,232.3,316.9,246.2,0,316.5,246.9,116.2,232.3,1,4.5,-0.138,-0.071,-0.0000,50.1
12.171,3.59,0.04,-9.54,3.56,-0.01,0.00,316.8,241.7,116.2,232.3,316.9,246.2,0,316.2,247.2,116.2,232.3,1,5.5,-0.144,-0.076,-0.0000,50.0
12.221,3.57,0.04,-9.54,3.57,-0.01,0.00,316.8,239.4,116.2,232.3,316.9,246.2,0,316.0,247.5,116.2,232.3,1,8.1,-0.149,-0.081,-0.0000,50.1
12.271,3.57,0.04,-9.54,3.58,-0.01,0.00,316.9,238.7,116.2,232.3,316.9,246.2,0,315.7,247.7,116.2,232.3,1,9.1,-0.155,-0.086,-0.0000,50.1
12.321,3.54,0.04,-9.54,3.59,-0.01,0.00,317.0,236.3,116.1,232.3,316.9,246.2,0,315.5,248.0,116.2,232.3,1,11.8,-0.160,-0.091,-0.0000,50.1
12.371,3.54,0.04,-9.54,3.61,-0.01,0.00,317.1,235.6,116.1,232.3,316.9,246.2,0,315.2,248.3,116.2,232.3,1,12.9,-0.166,-0.096,-0.0000,50.1
12.421,3.51,0.05,-9.54,3.62,-0.01,0.00,317.2,233.1,116.1,232.3,316.9,246.2,0,315.0,248.6,116.2,232.3,1,15.6,-0.171,-0.101,-0.0000,50.1
12.471,3.51,0.05,-9.54,3.63,-0.01,0.00,317.3,232.4,116.1,232.3,316.9,246.2,0,314.7,248.8,116.2,232.3,1,16.6,-0.177,-0.106,-0.0000,50.1
12.521,3.48,0.05,-9.54,3.64,-0.01,0.00,317.5,230.2,116.1,232.3,316.9,246.2,0,314.5,249.1,116.2,232.3,1,19.2,-0.182,-0.111,-0.0000,50.1
12.571,3.48,0.05,-9.54,3.66,-0.01,0.00,317.6,229.4,116.1,232.3,316.9,246.2,0,314.2,249.4,116.2,232.3,1,20.2,-0.188,-0.116,-0.0000,50.1
12.621,3.46,0.05,-9.54,3.67,-0.01,0.00,317.9,227.3,116.1,232.3,316.9,246.2,0,314.0,249.7,116.2,232.3,1,22.7,-0.193,-0.121,-0.0000,50.1
12.671,3.46,0.05,-9.54,3.68,-0.01,0.00,318.0,226.6,116.1,232.3,316.9,246.2,0,313.7,249.9,116.2,232.3,1,23.7,-0.199,-0.126,-0.0000,50.1
12.721,3.43,0.04,-9.54,3.69,-0.01,0.00,318.4,224.6,116.1,232.3,316.9,246.2,0,313.5,250.2,116.2,232.3,1,26.1,-0.204,-0.131,-0.0000,50.1
12.771,3.43,0.04,-9.54,3.71,-0.01,0.00,318.5,223.9,116.1,232.3,316.9,246.2,0,313.2,250.5,116.2,232.3,1,27.1,-0.210,-0.136,-0.0000,50.1
12.821,3.41,0.04,-9.54,3.72,-0.01,0.00,318.9,221.9,116.1,232.3,316.9,246.2,0,313.0,250.8,116.2,232.3,1,29.4,-0.215,-0.141,-0.0000,50.1
12.872,3.41,0.04,-9.54,3.73,-0.01,0.00,319.0,221.2,116.1,232.3,316.9,246.2,0,312.7,251.0,116.2,232.3,1,30.5,-0.221,-0.146,-0.0000,50.1
12.922,3.39,0.04,-9.54,3.74,-0.01,0.00,319.5,219.3,116.2,232.3,316.9,246.2,0,312.5,251.3,116.2,232.3,1,32.8,-0.226,-0.151,-0.0000,50.0
12.972,3.39,0.04,-9.54,3.76,-0.01,0.00,319.6,218.6,116.2,232.3,316.9,246.2,0,312.2,251.6,116.2,232.3,1,33.8,-0.232,-0.156,-0.0000,50.1
13.022,3.37,0.03,-9.54,3.77,-0.01,0.00,320.2,216.7,116.2,232.3,319.7,218.1,1,319.6,218.4,116.2,232.3,1,1.8,0.432,-0.008,-0.0000,50.1
13.072,3.37,0.03,-9.54,3.78,-0.01,0.00,320.3,216.0,116.2,232.3,319.7,218.1,0,319.7,217.0,116.2,232.3,1,1.2,0.460,-0.005,-0.0000,50.1
13.122,3.35,0.02,-9.54,3.79,-0.01,0.00,320.9,214.1,116.2,232.3,319.7,218.1,0,319.9,215.6,116.1,232.3,1,1.9,0.487,-0.003,-0.0000,50.1
13.172,3.35,0.02,-9.54,3.81,-0.01,0.00,321.0,213.3,116.2,232.3,319.7,218.1,0,320.0,214.3,116.1,232.3,1,1.4,0.515,-0.000,-0.0000,50.1
13.222,3.33,0.02,-9.54,3.82,-0.01,0.00,321.7,211.5,116.2,232.3,319.7,218.1,0,320.1,212.9,116.1,232.3,1,2.1,0.543,0.002,0.0000,50.1
13.272,3.33,0.02,-9.54,3.83,-0.01,0.00,321.8,210.8,116.2,232.3,319.7,218.1,0,320.2,211.5,116.1,232.3,1,1.7,0.570,0.005,0.0000,50.1
13.322,3.31,0.01,-9.54,3.84,-0.01,0.00,322.4,209.1,116.2,232.3,319.7,218.1,0,320.4,210.1,116.1,232.3,1,2.3,0.598,0.007,0.0000,50.1
13.372,3.31,0.01,-9.54,3.86,-0.01,0.00,322.5,208.3,116.2,232.3,319.7,218.1,0,320.5,208.7,116.1,232.3,1,2.1,0.626,0.010,0.0000,50.1
13.422,3.30,-0.00,-9.54,3.87,-0.01,0.00,323.2,207.1,116.2,232.3,319.7,218.1,0,320.6,207.3,116.1,232.3,1,2.6,0.653,0.013,0.0000,50.1
13.472,3.30,-0.00,-9.54,3.88,-0.01,0.00,323.3,206.4,116.2,232.3,319.7,218.1,0,320.8,206.0,116.1,232.3,1,2.6,0.681,0.015,0.0000,50.1
13.522,3.30,-0.01,-9.54,3.89,-0.01,0.00,323.9,205.8,116.2,232.3,319.7,218.1,0,320.9,204.6,116.1,232.3,1,3.2,0.709,0.018,0.0000,50.1
13.572,3.30,-0.01,-9.54,3.91,-0.01,0.00,324.0,205.0,116.2,232.3,319.7,218.1,0,321.0,203.2,116.1,232.3,1,3.5,0.736,0.020,0.0000,50.1
13.622,3.31,-0.02,-9.54,3.92,-0.01,0.00,324.4,205.1,116.2,232.3,319.7,218.1,0,321.1,201.8,116.1,232.3,1,4.6,0.764,0.023,0.0000,50.1
13.673,3.31,-0.02,-9.54,3.93,-0.01,0.00,324.5,204.4,116.2,232.3,319.7,218.1,0,321.3,200.4,116.1,232.3,1,5.1,0.792,0.026,0.0000,50.1
13.723,3.34,-0.02,-9.54,3.94,-0.01,0.00,324.9,205.0,116.2,232.3,319.7,218.1,0,321.4,199.0,116.1,232.3,1,6.9,0.819,0.028,0.0000,50.1
13.773,3.34,-0.02,-9.54,3.96,-0.01,0.00,325.0,204.3,116.2,232.3,319.7,218.1,0,321.5,197.7,116.1,232.3,1,7.5,0.847,0.031,0.0000,50.1
13.823,3.37,-0.03,-9.54,3.97,-0.01,0.00,325.2,205.6,116.2,232.3,319.7,218.1,0,321.7,196.3,116.1,232.3,1,10.0,0.874,0.033,0.0000,50.1
13.873,3.37,-0.03,-9.54,3.98,-0.01,0.00,325.3,204.9,116.2,232.3,319.7,218.1,0,321.8,194.9,116.1,232.3,1,10.6,0.902,0.036,0.0000,50.1
13.923,3.41,-0.04,-9.54,3.99,-0.01,0.00,325.5,206.7,116.2,232.3,319.7,218.1,0,321.9,193.5,116.1,232.3,1,13.7,0.930,0.038,0.0000,50.1
13.973,3.41,-0.04,-9.54,4.01,-0.01,0.00,325.6,206.0,116.2,232.3,319.7,218.1,0,322.0,192.1,116.1,232.3,1,14.3,0.957,0.041,0.0000,50.1
14.023,3.46,-0.05,-9.54,4.02,-0.01,0.00,325.8,208.2,116.2,232.3,325.7,205.5,1,325.7,205.4,116.2,232.3,1,2.8,0.692,0.113,0.0000,50.1
14.073,3.46,-0.05,-9.54,4.03,-0.01,0.00,325.9,207.5,116.2,232.3,325.7,205.5,0,326.0,204.8,116.2,232.3,1,2.8,0.705,0.119,0.0000,50.1
14.123,3.52,-0.06,-9.54,4.04,-0.01,0.00,326.0,210.3,116.2,232.3,325.7,205.5,0,326.3,204.1,116.2,232.3,1,6.2,0.718,0.125,0.0000,50.1
14.173,3.52,-0.06,-9.54,4.06,-0.01,0.00,326.1,209.6,116.2,232.3,325.7,205.5,0,326.6,203.4,116.2,232.3,1,6.1,0.731,0.131,0.0000,50.1
14.223,3.59,-0.06,-9.54,4.07,-0.01,0.00,326.2,212.7,116.2,232.3,325.7,205.5,0,326.9,202.8,116.2,232.3,1,9.9,0.744,0.137,0.0000,50.1
14.273,3.59,-0.06,-9.54,4.08,-0.01,0.00,326.2,212.0,116.2,232.3,325.7,205.5,0,327.2,202.1,116.2,232.3,1,9.9,0.757,0.143,0.0000,50.1
14.323,3.66,-0.07,-9.54,4.09,-0.01,0.00,326.2,215.3,116.2,232.3,325.7,205.5,0,327.5,201.5,116.2,232.3,1,13.9,0.770,0.149,0.0000,50.1
14.373,3.66,-0.07,-9.54,4.11,-0.01,0.00,326.3,214.6,116.2,232.3,325.7,205.5,0,327.8,200.8,116.2,232.3,1,13.8,0.784,0.155,0.0000,50.1
14.424,3.73,-0.07,-9.54,4.12,-0.01,0.00,326.2,218.0,116.2,232.3,325.7,205.5,0,328.1,200.2,116.2,232.3,1,18.0,0.797,0.161,0.0000,50.1
14.474,3.73,-0.07,-9.54,4.13,-0.01,0.00,326.3,217.3,116.2,232.3,325.7,205.5,0,328.4,199.5,116.2,232.3,1,17.9,0.810,0.167,0.0000,50.1
14.524,3.80,-0.08,-9.54,4.15,-0.01,0.00,326.1,220.8,116.2,232.3,325.7,205.5,0,328.7,198.9,116.2,232.3,1,22.1,0.823,0.173,0.0000,50.1
14.574,3.80,-0.08,-9.54,4.16,-0.01,0.00,326.2,220.1,116.2,232.3,325.7,205.5,0,329.0,198.2,116.2,232.3,1,22.1,0.836,0.179,0.0000,50.1
14.624,3.88,-0.08,-9.54,4.17,-0.01,0.00,325.8,223.7,116.2,232.3,325.7,205.5,0,329.3,197.5,116.2,232.3,1,26.4,0.849,0.185,0.0000,50.1
14.674,3.88,-0.08,-9.54,4.18,-0.01,0.00,325.9,223.0,116.2,232.3,325.7,205.5,0,329.6,196.9,116.2,232.3,1,26.4,0.862,0.191,0.0000,50.1
14.724,3.95,-0.08,-9.54,4.20,-0.01,0.00,325.5,226.6,116.2,232.3,325.7,205.5,0,329.9,196.2,116.2,232.3,1,30.7,0.875,0.197,0.0000,50.1
14.774,3.95,-0.08,-9.54,4.21,-0.01,0.00,325.6,225.9,116.2,232.3,325.7,205.5,0,330.2,195.6,116.2,232.3,1,30.7,0.888,0.203,0.0000,50.0
14.824,4.03,-0.08,-9.54,4.22,-0.01,0.00,325.1,229.6,116.2,232.3,325.7,205.5,0,330.5,194.9,116.2,232.3,1,35.1,0.902,0.210,0.0000,50.1
14.874,4.03,-0.08,-9.54,4.23,-0.01,0.00,325.2,228.9,116.2,232.3,325.7,205.5,0,330.8,194.3,116.2,232.3,1,35.0,0.915,0.216,0.0000,50.1
14.924,4.11,-0.08,-9.54,4.25,-0.01,0.00,324.5,232.6,116.2,232.3,325.7,205.5,0,331.1,193.6,116.2,232.3,1,39.6,0.928,0.222,0.0000,50.1
14.974,4.11,-0.08,-9.54,4.26,-0.01,0.00,324.6,231.9,116.2,232.3,325.7,205.5,0,331.4,193.0,116.2,232.3,1,39.5,0.941,0.228,0.0000,50.1
15.024,4.19,-0.07,-9.54,4.27,-0.01,0.00,323.9,235.8,116.2,232.3,324.7,231.5,1,324.7,231.2,116.2,232.3,1,4.7,0.176,0.095,0.0000,50.1
15.074,4.19,-0.07,-9.54,4.28,-0.01,0.00,324.0,235.1,116.2,232.3,324.7,231.5,0,324.7,232.5,116.2,232.3,1,2.7,0.151,0.094,0.0000,50.1
15.124,4.27,-0.07,-9.54,4.30,-0.01,0.00,323.2,239.1,116.2,232.3,324.7,231.5,0,324.6,233.7,116.2,232.3,1,5.5,0.125,0.093,0.0000,50.1
15.174,4.27,-0.07,-9.54,4.31,-0.01,0.00,323.3,238.3,116.2,232.3,324.7,231.5,0,324.6,235.0,116.2,232.3,1,3.6,0.100,0.092,0.0000,50.1
15.225,4.36,-0.06,-9.54,4.32,-0.01,0.00,322.4,242.4,116.2,232.3,324.7,231.5,0,324.6,236.3,116.2,232.3,1,6.5,0.074,0.091,0.0000,50.1
15.275,4.36,-0.06,-9.54,4.33,-0.01,0.00,322.5,241.7,116.2,232.3,324.7,231.5,0,324.5,237.5,116.2,232.3,1,4.6,0.049,0.090,0.0000,50.1
15.325,4.44,-0.05,-9.54,4.35,-0.01,0.00,321.7,245.7,116.2,232.3,324.7,231.5,0,324.5,238.8,116.2,232.3,1,7.4,0.024,0.089,0.0000,50.1
15.375,4.44,-0.05,-9.54,4.36,-0.01,0.00,321.7,244.9,116.2,232.3,324.7,231.5,0,324.4,240.1,116.2,232.3,1,5.5,-0.002,0.089,0.0000,50.1
15.425,4.52,-0.05,-9.54,4.37,-0.01,0.00,320.9,248.6,116.2,232.3,324.7,231.5,0,324.4,241.4,116.2,232.3,1,8.1,-0.027,0.088,0.0000,50.1
15.475,4.52,-0.05,-9.54,4.38,-0.01,0.00,321.0,247.9,116.2,232.3,324.7,231.5,0,324.3,242.6,116.2,232.3,1,6.2,-0.053,0.087,0.0000,50.1
15.525,4.58,-0.04,-9.54,4.40,-0.01,0.00,320.1,250.9,116.2,232.3,324.7,231.5,0,324.3,243.9,116.2,232.3,1,8.2,-0.078,0.086,0.0000,50.1
15.575,4.58,-0.04,-9.54,4.41,-0.01,0.00,320.2,250.2,116.2,232.3,324.7,231.5,0,324.3,245.2,116.2,232.3,1,6.5,-0.103,0.085,0.0000,50.1
15.625,4.64,-0.03,-9.54,4.42,-0.01,0.00,319.5,252.6,116.2,232.3,324.7,231.5,0,324.2,246.4,116.2,232.3,1,7.8,-0.129,0.084,0.0000,50.1
15.675,4.64,-0.03,-9.54,4.43,-0.01,0.00,319.5,251.9,116.2,232.3,324.7,231.5,0,324.2,247.7,116.2,232.3,1,6.2,-0.154,0.083,0.0000,50.1
15.725,4.68,-0.02,-9.54,4.45,-0.01,0.00,318.8,253.6,116.2,232.3,324.7,231.5,0,324.1,249.0,116.2,232.3,1,7.0,-0.180,0.082,0.0000,50.1
15.775,4.68,-0.02,-9.54,4.46,-0.01,0.00,318.9,252.8,116.2,232.3,324.7,231.5,0,324.1,250.3,116.2,232.3,1,5.8,-0.205,0.082,0.0000,50.1
15.825,4.71,-0.01,-9.54,4.47,-0.01,0.00,318.3,253.8,116.2,232.3,324.7,231.5,0,324.0,251.5,116.2,232.3,1,6.2,-0.230,0.081,0.0000,50.1
15.876,4.71,-0.01,-9.54,4.48,-0.01,0.00,318.4,253.1,116.2,232.3,324.7,231.5,0,324.0,252.8,116.2,232.3,1,5.6,-0.256,0.080,0.0000,50.1
15.926,4.73,-0.01,-9.54,4.50,-0.01,0.00,317.8,253.6,116.2,232.3,324.7,231.5,0,324.0,254.1,116.2,232.3,1,6.2,-0.281,0.079,0.0000,50.1
15.976,4.73,-0.01,-9.54,4.51,-0.01,0.00,317.9,252.9,116.2,232.3,324.7,231.5,0,323.9,255.3,116.2,232.3,1,6.5,-0.307,0.078,0.0000,50.1
16.026,4.75,0.00,-9.54,4.52,-0.01,0.00,317.3,252.9,116.2,232.3,317.9,252.5,1,318.0,252.5,116.2,232.3,1,0.7,-0.251,-0.041,-0.0000,50.1
16.076,4.75,0.00,-9.54,4.53,-0.01,0.00,317.4,252.1,116.2,232.3,317.9,252.5,0,317.6,253.6,116.2,232.3,1,1.5,-0.272,-0.047,-0.0000,50.1
16.126,4.75,0.01,-9.54,4.55,-0.01,0.00,316.9,251.7,116.2,232.3,317.9,252.5,0,317.3,254.7,116.2,232.3,1,3.0,-0.293,-0.054,-0.0000,50.1
16.176,4.75,0.01,-9.54,4.56,-0.01,0.00,317.0,250.9,116.2,232.3,317.9,252.5,0,317.0,255.7,116.2,232.3,1,4.8,-0.315,-0.061,-0.0000,50.1
16.226,4.75,0.02,-9.54,4.57,-0.01,0.00,316.5,250.1,116.2,232.3,317.9,252.5,0,316.6,256.8,116.2,232.3,1,6.7,-0.336,-0.067,-0.0000,50.1
16.276,4.75,0.02,-9.54,4.58,-0.01,0.00,316.6,249.4,116.2,232.3,317.9,252.5,0,316.3,257.9,116.2,232.3,1,8.5,-0.358,-0.074,-0.0000,50.1
16.326,4.74,0.03,-9.54,4.60,-0.01,0.00,316.2,248.2,116.2,232.3,317.9,252.5,0,316.0,258.9,116.2,232.3,1,10.8,-0.379,-0.081,-0.0000,50.1
16.376,4.74,0.03,-9.54,4.61,-0.01,0.00,316.3,247.4,116.2,232.3,317.9,252.5,0,315.6,260.0,116.2,232.3,1,12.6,-0.400,-0.087,-0.0000,50.1
16.426,4.73,0.04,-9.54,4.62,-0.01,0.00,316.0,246.0,116.2,232.3,317.9,252.5,0,315.3,261.1,116.2,232.3,1,15.1,-0.422,-0.094,-0.0000,50.1
16.476,4.73,0.04,-9.54,4.63,-0.01,0.00,316.1,245.2,116.2,232.3,317.9,252.5,0,315.0,262.2,116.2,232.3,1,16.9,-0.443,-0.101,-0.0000,50.1
16.526,4.71,0.05,-9.54,4.65,-0.01,0.00,316.0,243.5,116.2,232.3,317.9,252.5,0,314.6,263.2,116.2,232.3,1,19.8,-0.464,-0.108,-0.0000,50.1
16.576,4.71,0.05,-9.54,4.66,-0.01,0.00,316.1,242.8,116.2,232.3,317.9,252.5,0,314.3,264.3,116.2,232.3,1,21.6,-0.486,-0.114,-0.0000,50.1
16.627,4.69,0.05,-9.54,4.67,-0.01,0.00,316.1,240.8,116.2,232.3,317.9,252.5,0,314.0,265.4,116.2,232.3,1,24.6,-0.507,-0.121,-0.0000,50.1
16.677,4.69,0.05,-9.54,4.68,-0.01,0.00,316.2,240.1,116.2,232.3,317.9,252.5,0,313.6,266.4,116.2,232.3,1,26.5,-0.529,-0.128,-0.0000,50.1
16.727,4.67,0.05,-9.54,4.70,-0.01,0.00,316.3,237.8,116.2,232.3,317.9,252.5,0,313.3,267.5,116.2,232.3,1,29.8,-0.550,-0.134,-0.0000,50.1
16.777,4.67,0.05,-9.54,4.71,-0.01,0.00,316.4,237.1,116.2,232.3,317.9,252.5,0,312.9,268.6,116.2,232.3,1,31.6,-0.571,-0.141,-0.0000,50.1
16.827,4.64,0.05,-9.54,4.72,-0.01,0.00,316.7,234.7,116.2,232.3,317.9,252.5,0,312.6,269.6,116.2,232.3,1,35.2,-0.593,-0.148,-0.0000,50.1
16.877,4.64,0.05,-9.54,4.73,-0.01,0.00,316.8,233.9,116.2,232.3,317.9,252.5,0,312.3,270.7,116.2,232.3,1,37.0,-0.614,-0.154,-0.0000,50.1
16.927,4.60,0.05,-9.54,4.75,-0.01,0.00,317.1,231.2,116.2,232.3,317.9,252.5,0,311.9,271.8,116.2,232.3,1,40.9,-0.635,-0.161,-0.0000,50.1
16.977,4.60,0.05,-9.54,4.76,-0.01,0.00,317.2,230.5,116.2,232.3,317.9,252.5,0,311.6,272.8,116.2,232.3,1,42.7,-0.657,-0.168,-0.0000,50.1
17.027,4.56,0.05,-9.54,4.77,-0.01,0.00,317.7,227.6,116.2,232.3,317.3,230.1,1,317.2,230.5,116.2,232.3,1,2.9,0.191,-0.056,-0.0000,50.1
17.077,4.56,0.05,-9.54,4.78,-0.01,0.00,317.8,226.9,116.2,232.3,317.3,230.1,0,317.2,229.4,116.2,232.3,1,2.6,0.212,-0.056,-0.0000,50.1
17.127,4.52,0.05,-9.54,4.80,-0.01,0.00,318.3,223.7,116.2,232.3,317.3,230.1,0,317.1,228.3,116.2,232.3,1,4.8,0.234,-0.057,-0.0000,50.1
17.177,4.52,0.05,-9.54,4.81,-0.01,0.00,318.4,223.0,116.2,232.3,317.3,230.1,0,317.1,227.2,116.2,232.3,1,4.5,0.255,-0.058,-0.0000,50.1
17.227,4.47,0.04,-9.54,4.82,-0.01,0.00,319.1,219.6,116.2,232.3,317.3,230.1,0,317.1,226.1,116.2,232.3,1,6.8,0.277,-0.059,-0.0000,50.1
17.277,4.47,0.04,-9.54,4.83,-0.01,0.00,319.2,218.9,116.2,232.3,317.3,230.1,0,317.0,225.1,116.2,232.3,1,6.5,0.299,-0.060,-0.0000,50.1
17.328,4.43,0.04,-9.54,4.85,-0.01,0.00,319.9,215.5,116.2,232.3,317.3,230.1,0,317.0,224.0,116.2,232.3,1,9.0,0.320,-0.061,-0.0000,50.1
17.378,4.43,0.04,-9.54,4.86,-0.01,0.00,319.9,214.8,116.2,232.3,317.3,230.1,0,316.9,222.9,116.2,232.3,1,8.7,0.342,-0.061,-0.0000,50.1
17.428,4.38,0.03,-9.54,4.87,-0.01,0.00,320.7,211.6,116.2,232.3,317.3,230.1,0,316.9,221.8,116.2,232.3,1,10.9,0.364,-0.062,-0.0000,50.1
17.478,4.38,0.03,-9.54,4.88,-0.01,0.00,320.7,210.9,116.2,232.3,317.3,230.1,0,316.9,220.7,116.2,232.3,1,10.6,0.385,-0.063,-0.0000,50.1
17.528,4.35,0.02,-9.54,4.90,-0.01,0.00,321.4,208.2,116.2,232.3,317.3,230.1,0,316.8,219.6,116.2,232.3,1,12.3,0.407,-0.064,-0.0000,50.1
17.578,4.35,0.02,-9.54,4.91,-0.01,0.00,321.5,207.5,116.2,232.3,317.3,230.1,0,316.8,218.6,116.2,232.3,1,12.0,0.429,-0.065,-0.0000,50.1
17.628,4.33,0.02,-9.54,4.92,-0.01,0.00,322.2,205.5,116.2,232.3,317.3,230.1,0,316.7,217.5,116.2,232.3,1,13.2,0.450,-0.065,-0.0000,50.1
17.678,4.33,0.02,-9.54,4.93,-0.01,0.00,322.3,204.8,116.2,232.3,317.3,230.1,0,316.7,216.4,116.2,232.3,1,12.9,0.472,-0.066,-0.0000,50.1
17.728,4.32,0.01,-9.54,4.95,-0.01,0.00,322.9,203.5,116.2,232.3,317.3,230.1,0,316.6,215.3,116.2,232.3,1,13.3,0.494,-0.067,-0.0000,50.1
17.778,4.32,0.01,-9.54,4.96,-0.01,0.00,322.9,202.8,116.2,232.3,317.3,230.1,0,316.6,214.2,116.2,232.3,1,13.1,0.515,-0.068,-0.0000,50.1
17.828,4.32,0.00,-9.54,4.97,-0.01,0.00,323.5,202.1,116.2,232.3,317.3,230.1,0,316.6,213.2,116.2,232.3,1,13.0,0.537,-0.069,-0.0000,50.1
17.878,4.32,0.00,-9.54,4.98,-0.01,0.00,323.6,201.4,116.2,232.3,317.3,230.1,0,316.5,212.1,116.2,232.3,1,12.8,0.559,-0.069,-0.0000,50.1
17.928,4.33,-0.01,-9.54,5.00,-0.01,0.00,324.1,201.3,116.2,232.3,317.3,230.1,0,316.5,211.0,116.2,232.3,1,12.3,0.580,-0.070,-0.0000,50.1
17.978,4.33,-0.01,-9.54,5.01,-0.01,0.00,324.2,200.6,116.2,232.3,317.3,230.1,0,316.4,209.9,116.2,232.3,1,12.1,0.602,-0.071,-0.0000,50.1
18.028,4.34,-0.02,-9.54,5.02,-0.01,0.00,324.7,201.0,116.2,232.3,324.2,200.2,1,324.2,200.3,116.2,232.3,1,0.9,0.794,0.083,0.0000,50.1
18.079,4.34,-0.02,-9.54,5.03,-0.01,0.00,324.8,200.3,116.2,232.3,324.2,200.2,0,324.5,198.8,116.2,232.3,1,1.5,0.824,0.090,0.0000,50.1
18.129,4.37,-0.03,-9.54,5.05,-0.01,0.00,325.3,201.1,116.2,232.3,324.2,200.2,0,324.8,197.3,116.2,232.3,1,3.8,0.854,0.097,0.0000,50.1
18.179,4.37,-0.03,-9.54,5.06,-0.01,0.00,325.4,200.4,116.2,232.3,324.2,200.2,0,325.2,195.8,116.2,232.3,1,4.6,0.884,0.104,0.0000,50.1
18.229,4.40,-0.04,-9.54,5.07,-0.01,0.00,325.9,201.6,116.2,232.3,324.2,200.2,0,325.5,194.3,116.2,232.3,1,7.4,0.915,0.111,0.0000,50.1
18.279,4.40,-0.04,-9.54,5.08,-0.01,0.00,326.0,200.9,116.2,232.3,324.2,200.2,0,325.9,192.8,116.2,232.3,1,8.1,0.945,0.118,0.0000,50.1
18.329,4.44,-0.05,-9.54,5.10,-0.01,0.00,326.4,202.6,116.2,232.3,324.2,200.2,0,326.2,191.3,116.2,232.3,1,11.4,0.975,0.124,0.0000,50.1
18.379,4.44,-0.05,-9.54,5.11,-0.01,0.00,326.5,201.9,116.2,232.3,324.2,200.2,0,326.6,189.8,116.2,232.3,1,12.1,1.005,0.131,0.0000,50.1
18.429,4.49,-0.06,-9.54,5.12,-0.01,0.00,326.7,204.1,116.2,232.3,324.2,200.2,0,326.9,188.3,116.2,232.3,1,15.9,1.035,0.138,0.0000,50.1
18.479,4.49,-0.06,-9.54,5.13,-0.01,0.00,326.8,203.4,116.2,232.3,324.2,200.2,0,327.3,186.7,116.2,232.3,1,16.7,1.065,0.145,0.0000,50.1
18.529,4.55,-0.06,-9.54,5.15,-0.01,0.00,326.9,206.1,116.2,232.3,324.2,200.2,0,327.6,185.2,116.2,232.3,1,20.9,1.095,0.152,0.0000,50.1
18.579,4.55,-0.06,-9.54,5.16,-0.01,0.00,327.0,205.4,116.2,232.3,324.2,200.2,0,327.9,183.7,116.2,232.3,1,21.7,1.125,0.159,0.0000,50.1
18.629,4.62,-0.07,-9.54,5.17,-0.01,0.00,327.0,208.6,116.2,232.3,324.2,200.2,0,328.3,182.2,116.2,232.3,1,26.4,1.155,0.166,0.0000,50.1
18.679,4.62,-0.07,-9.54,5.18,-0.01,0.00,327.1,207.9,116.2,232.3,324.2,200.2,0,328.6,180.7,116.2,232.3,1,27.2,1.185,0.173,0.0000,50.1
18.729,4.69,-0.07,-9.54,5.20,-0.01,0.00,326.9,211.5,116.2,232.3,324.2,200.2,0,329.0,179.2,116.2,232.3,1,32.3,1.216,0.179,0.0000,50.1
18.779,4.69,-0.07,-9.54,5.21,-0.01,0.00,327.0,210.8,116.2,232.3,324.2,200.2,0,329.3,177.7,116.2,232.3,1,33.1,1.246,0.186,0.0000,50.1
18.830,4.78,-0.08,-9.54,5.22,-0.01,0.00,326.7,214.9,116.2,232.3,324.2,200.2,0,329.7,176.2,116.2,232.3,1,38.8,1.276,0.193,0.0000,50.0
18.880,4.78,-0.08,-9.54,5.23,-0.01,0.00,326.8,214.2,116.2,232.3,324.2,200.2,0,330.0,174.7,116.2,232.3,1,39.6,1.306,0.200,0.0000,50.1
18.930,4.87,-0.08,-9.54,5.25,-0.01,0.00,326.4,218.7,116.2,232.3,324.2,200.2,0,330.3,173.2,116.2,232.3,1,45.6,1.336,0.207,0.0000,50.1
18.980,4.87,-0.08,-9.54,5.26,-0.01,0.00,326.5,217.9,116.2,232.3,324.2,200.2,0,330.7,171.7,116.2,232.3,1,46.4,1.366,0.214,0.0000,50.1
19.030,4.96,-0.08,-9.54,5.27,-0.01,0.00,326.0,222.8,116.2,232.3,326.5,217.6,1,326.6,217.2,116.2,232.3,1,5.6,0.455,0.131,0.0000,50.1
19.080,4.96,-0.08,-9.54,5.28,-0.01,0.00,326.1,222.0,116.2,232.3,326.5,217.6,0,326.7,218.1,116.2,232.3,1,4.0,0.439,0.133,0.0000,50.1
19.130,5.07,-0.08,-9.54,5.30,-0.01,0.00,325.5,227.3,116.2,232.3,326.5,217.6,0,326.8,218.9,116.2,232.3,1,8.5,0.422,0.136,0.0000,50.1
19.180,5.07,-0.08,-9.54,5.31,-0.01,0.00,325.6,226.5,116.2,232.3,326.5,217.6,0,326.9,219.7,116.2,232.3,1,7.0,0.406,0.138,0.0000,50.1
19.230,5.18,-0.08,-9.54,5.32,-0.01,0.00,324.9,232.1,116.2,232.3,326.5,217.6,0,327.0,220.5,116.2,232.3,1,11.7,0.389,0.141,0.0000,50.1
19.280,5.18,-0.08,-9.54,5.33,-0.01,0.00,324.9,231.3,116.2,232.3,326.5,217.6,0,327.2,221.4,116.2,232.3,1,10.2,0.373,0.143,0.0000,50.1
19.330,5.29,-0.08,-9.54,5.35,-0.01,0.00,324.2,237.0,116.2,232.3,326.5,217.6,0,327.3,222.2,116.2,232.3,1,15.2,0.356,0.146,0.0000,50.1
19.380,5.29,-0.08,-9.54,5.36,-0.01,0.00,324.3,236.3,116.2,232.3,326.5,217.6,0,327.4,223.0,116.2,232.3,1,13.7,0.340,0.148,0.0000,50.1
19.430,5.40,-0.08,-9.54,5.37,-0.01,0.00,323.5,241.9,116.2,232.3,326.5,217.6,0,327.5,223.8,116.2,232.3,1,18.5,0.323,0.150,0.0000,50.1
19.480,5.40,-0.08,-9.54,5.38,-0.01,0.00,323.5,241.1,116.2,232.3,326.5,217.6,0,327.6,224.7,116.2,232.3,1,17.0,0.307,0.153,0.0000,50.1
19.530,5.50,-0.07,-9.54,5.40,-0.01,0.00,322.7,246.3,116.2,232.3,326.5,217.6,0,327.8,225.5,116.2,232.3,1,21.5,0.290,0.155,0.0000,50.1
19.581,5.50,-0.07,-9.54,5.41,-0.01,0.00,322.8,245.6,116.2,232.3,326.5,217.6,0,327.9,226.3,116.2,232.3,1,20.0,0.274,0.158,0.0000,50.0
19.631,5.59,-0.07,-9.54,5.42,-0.01,0.00,322.0,250.2,116.2,232.3,326.5,217.6,0,328.0,227.1,116.2,232.3,1,23.8,0.258,0.160,0.0000,50.1
19.681,5.59,-0.07,-9.54,5.43,-0.01,0.00,322.1,249.5,116.2,232.3,326.5,217.6,0,328.1,227.9,116.2,232.3,1,22.4,0.241,0.163,0.0000,50.1
19.731,5.67,-0.06,-9.54,5.45,-0.01,0.00,321.3,253.4,116.2,232.3,326.5,217.6,0,328.3,228.8,116.2,232.3,1,25.6,0.225,0.165,0.0000,50.1
19.781,5.67,-0.06,-9.54,5.46,-0.01,0.00,321.3,252.6,116.2,232.3,326.5,217.6,0,328.4,229.6,116.2,232.3,1,24.1,0.208,0.167,0.0000,50.1
19.831,5.74,-0.06,-9.54,5.47,-0.01,0.00,320.5,255.9,116.2,232.3,326.5,217.6,0,328.5,230.4,116.2,232.3,1,26.7,0.192,0.170,0.0000,50.1
19.881,5.74,-0.06,-9.54,5.48,-0.01,0.00,320.6,255.2,116.2,232.3,326.5,217.6,0,328.6,231.2,116.2,232.3,1,25.2,0.175,0.172,0.0000,50.1
19.931,5.80,-0.05,-9.54,5.50,-0.01,0.00,319.8,257.9,116.2,232.3,326.5,217.6,0,328.7,232.1,116.2,232.3,1,27.4,0.159,0.175,0.0000,50.1
19.981,5.80,-0.05,-9.54,5.51,-0.01,0.00,319.9,257.2,116.2,232.3,326.5,217.6,0,328.9,232.9,116.2,232.3,1,25.9,0.142,0.177,0.0000,50.1
20.031,5.86,-0.04,-9.54,5.52,-0.01,0.00,319.1,259.4,116.2,232.3,319.9,256.9,1,320.0,256.7,116.2,232.3,1,2.8,-0.334,-0.000,-0.0000,50.1
20.352,5.97,-0.00,-9.54,5.60,-0.01,0.00,316.8,261.3,116.2,232.3,319.9,256.9,0,319.7,258.7,116.2,232.3,1,3.9,-0.373,-0.007,-0.0000,321.3
20.403,6.00,0.01,-9.54,5.61,-0.01,0.00,315.9,262.2,116.2,232.3,319.9,256.9,0,319.3,260.6,116.2,232.3,1,3.8,-0.413,-0.013,-0.0000,50.1
20.453,6.00,0.01,-9.54,5.63,-0.01,0.00,315.9,261.5,116.2,232.3,319.9,256.9,0,319.0,262.6,116.2,232.3,1,3.3,-0.452,-0.020,-0.0000,50.0
20.503,6.03,0.03,-9.54,5.64,-0.01,0.00,315.0,262.2,116.2,232.3,319.9,256.9,0,318.7,264.6,116.2,232.3,1,4.4,-0.491,-0.026,-0.0000,50.1
20.553,6.03,0.03,-9.54,5.65,-0.01,0.00,315.1,261.5,116.2,232.3,319.9,256.9,0,318.4,266.5,116.2,232.3,1,6.0,-0.530,-0.033,-0.0000,50.1
20.603,6.05,0.04,-9.54,5.66,-0.01,0.00,314.2,261.9,116.2,232.3,319.9,256.9,0,318.1,268.5,116.2,232.3,1,7.6,-0.570,-0.039,-0.0000,50.1
20.653,6.05,0.04,-9.54,5.68,-0.01,0.00,314.3,261.2,116.2,232.3,319.9,256.9,0,317.7,270.4,116.2,232.3,1,9.8,-0.609,-0.045,-0.0000,50.1
20.703,6.06,0.05,-9.54,5.69,-0.01,0.00,313.5,261.2,116.2,232.3,319.9,256.9,0,317.4,272.4,116.2,232.3,1,11.9,-0.648,-0.052,-0.0000,50.1
20.753,6.06,0.05,-9.54,5.70,-0.01,0.00,313.6,260.5,116.2,232.3,319.9,256.9,0,317.1,274.4,116.2,232.3,1,14.4,-0.687,-0.058,-0.0000,50.1
20.803,6.07,0.07,-9.54,5.71,-0.01,0.00,313.0,259.8,116.2,232.3,319.9,256.9,0,316.8,276.3,116.2,232.3,1,17.0,-0.727,-0.065,-0.0000,50.1
20.853,6.07,0.07,-9.54,5.73,-0.01,0.00,313.1,259.0,116.2,232.3,319.9,256.9,0,316.4,278.3,116.2,232.3,1,19.6,-0.766,-0.071,-0.0000,50.1
20.903,6.06,0.08,-9.54,5.74,-0.01,0.00,312.6,257.6,116.2,232.3,319.9,256.9,0,316.1,280.3,116.2,232.3,1,22.9,-0.805,-0.078,-0.0000,50.1
20.953,6.06,0.08,-9.54,5.75,-0.01,0.00,312.7,256.9,116.2,232.3,319.9,256.9,0,315.8,282.2,116.2,232.3,1,25.5,-0.844,-0.084,-0.0000,50.1
21.003,6.03,0.08,-9.54,5.76,-0.01,0.00,312.5,254.8,116.2,232.3,312.8,256.2,1,312.9,256.6,116.2,232.3,1,1.8,-0.332,-0.143,-0.0000,50.1
21.053,6.03,0.08,-9.54,5.78,-0.01,0.00,312.6,254.1,116.2,232.3,312.8,256.2,0,312.4,256.9,116.2,232.3,1,2.8,-0.337,-0.153,-0.0000,50.1
21.103,6.00,0.09,-9.54,5.79,-0.01,0.00,312.5,251.4,116.2,232.3,312.8,256.2,0,311.9,257.1,116.2,232.3,1,5.8,-0.343,-0.162,-0.0000,50.0
21.153,6.00,0.09,-9.54,5.80,-0.01,0.00,312.6,250.7,116.2,232.3,312.8,256.2,0,311.4,257.4,116.2,232.3,1,6.8,-0.348,-0.172,-0.0000,50.1
21.204,5.96,0.10,-9.54,5.81,-0.01,0.00,312.6,247.5,116.2,232.3,312.8,256.2,0,310.9,257.7,116.2,232.3,1,10.3,-0.353,-0.182,-0.0000,50.1
21.254,5.96,0.10,-9.54,5.83,-0.01,0.00,312.7,246.7,116.2,232.3,312.8,256.2,0,310.4,257.9,116.2,232.3,1,11.4,-0.358,-0.191,-0.0000,50.1
21.304,5.91,0.10,-9.54,5.84,-0.01,0.00,312.9,243.3,116.2,232.3,312.8,256.2,0,309.9,258.2,116.2,232.3,1,15.2,-0.364,-0.201,-0.0000,50.1
21.354,5.91,0.10,-9.54,5.85,-0.01,0.00,313.0,242.6,116.2,232.3,312.8,256.2,0,309.5,258.5,116.2,232.3,1,16.3,-0.369,-0.211,-0.0000,50.1
21.404,5.86,0.10,-9.54,5.87,-0.01,0.00,313.3,239.0,116.2,232.3,312.8,256.2,0,309.0,258.7,116.2,232.3,1,20.2,-0.374,-0.220,-0.0000,50.1
21.454,5.86,0.10,-9.54,5.88,-0.01,0.00,313.4,238.3,116.2,232.3,312.8,256.2,0,308.5,259.0,116.2,232.3,1,21.2,-0.380,-0.230,-0.0000,50.1
21.504,5.82,0.10,-9.54,5.89,-0.01,0.00,313.9,234.9,116.2,232.3,312.8,256.2,0,308.0,259.2,116.2,232.3,1,25.0,-0.385,-0.240,-0.0000,50.1
21.554,5.82,0.10,-9.54,5.90,-0.01,0.00,314.0,234.2,116.2,232.3,312.8,256.2,0,307.5,259.5,116.2,232.3,1,26.1,-0.390,-0.250,-0.0000,50.1
21.604,5.77,0.09,-9.54,5.92,-0.01,0.00,314.7,230.9,116.2,232.3,312.8,256.2,0,307.0,259.8,116.2,232.3,1,29.9,-0.396,-0.259,-0.0000,50.1
21.654,5.77,0.09,-9.54,5.93,-0.01,0.00,314.8,230.2,116.2,232.3,312.8,256.2,0,306.6,260.0,116.2,232.3,1,31.0,-0.401,-0.269,-0.0000,50.1
21.704,5.73,0.09,-9.54,5.94,-0.01,0.00,315.6,227.0,116.2,232.3,312.8,256.2,0,306.1,260.3,116.2,232.3,1,34.6,-0.406,-0.279,-0.0000,50.1
21.754,5.73,0.09,-9.54,5.95,-0.01,0.00,315.7,226.3,116.2,232.3,312.8,256.2,0,305.6,260.6,116.2,232.3,1,35.7,-0.411,-0.288,-0.0000,50.1
21.804,5.68,0.08,-9.54,5.97,-0.01,0.00,316.7,223.2,116.2,232.3,312.8,256.2,0,305.1,260.8,116.2,232.3,1,39.4,-0.417,-0.298,-0.0000,50.1
21.854,5.68,0.08,-9.54,5.98,-0.01,0.00,316.7,222.4,116.2,232.3,312.8,256.2,0,304.6,261.1,116.2,232.3,1,40.5,-0.422,-0.308,-0.0000,50.1
21.904,5.64,0.06,-9.54,5.99,-0.01,0.00,317.9,219.3,116.2,232.3,312.8,256.2,0,304.1,261.4,116.2,232.3,1,44.2,-0.427,-0.317,-0.0000,50.1
21.955,5.64,0.06,-9.54,6.00,-0.01,0.00,318.0,218.6,116.2,232.3,312.8,256.2,0,303.6,261.6,116.2,232.3,1,45.3,-0.433,-0.327,-0.0000,50.0
22.005,5.60,0.05,-9.54,6.02,-0.01,0.00,319.2,215.6,116.2,232.3,318.0,217.9,1,317.9,218.3,116.2,232.3,1,3.0,0.435,-0.042,-0.0000,50.1
22.055,5.60,0.05,-9.54,6.03,-0.01,0.00,319.3,214.8,116.2,232.3,318.0,217.9,0,318.2,216.4,116.2,232.3,1,1.9,0.473,-0.037,-0.0000,50.1
22.105,5.56,0.03,-9.54,6.04,-0.01,0.00,320.6,211.8,116.2,232.3,318.0,217.9,0,318.4,214.5,116.2,232.3,1,3.4,0.510,-0.032,-0.0000,50.1
22.155,5.56,0.03,-9.54,6.05,-0.01,0.00,320.7,211.1,116.2,232.3,318.0,217.9,0,318.7,212.6,116.2,232.3,1,2.5,0.548,-0.027,-0.0000,50.1
22.205,5.52,0.01,-9.54,6.07,-0.01,0.00,322.1,208.1,116.2,232.3,318.0,217.9,0,318.9,210.7,116.2,232.3,1,4.1,0.586,-0.022,-0.0000,50.1
22.255,5.52,0.01,-9.54,6.08,-0.01,0.00,322.2,207.4,116.2,232.3,318.0,217.9,0,319.1,208.8,116.2,232.3,1,3.4,0.624,-0.017,-0.0000,50.1
22.305,5.48,-0.01,-9.54,6.09,-0.01,0.00,323.7,204.6,116.2,232.3,318.0,217.9,0,319.4,206.9,116.2,232.3,1,4.9,0.662,-0.012,-0.0000,50.1
22.355,5.48,-0.01,-9.54,6.10,-0.01,0.00,323.8,203.9,116.2,232.3,318.0,217.9,0,319.6,205.0,116.2,232.3,1,4.3,0.700,-0.007,-0.0000,50.1
22.405,5.45,-0.03,-9.54,6.12,-0.01,0.00,325.2,201.6,116.2,232.3,318.0,217.9,0,319.9,203.1,116.2,232.3,1,5.5,0.737,-0.003,-0.0000,50.1
22.455,5.45,-0.03,-9.54,6.13,-0.01,0.00,325.3,200.8,116.2,232.3,318.0,217.9,0,320.1,201.2,116.2,232.3,1,5.2,0.775,0.002,0.0000,50.1
22.505,5.43,-0.05,-9.54,6.14,-0.01,0.00,326.6,199.3,116.2,232.3,318.0,217.9,0,320.4,199.3,116.2,232.3,1,6.2,0.813,0.007,0.0000,50.1
22.555,5.43,-0.05,-9.54,6.15,-0.01,0.00,326.7,198.5,116.2,232.3,318.0,217.9,0,320.6,197.5,116.2,232.3,1,6.2,0.851,0.012,0.0000,50.1
22.605,5.43,-0.06,-9.54,6.17,-0.01,0.00,327.7,197.9,116.2,232.3,318.0,217.9,0,320.9,195.6,116.2,232.3,1,7.3,0.889,0.017,0.0000,50.1
22.656,5.43,-0.06,-9.54,6.18,-0.01,0.00,327.8,197.1,116.2,232.3,318.0,217.9,0,321.1,193.7,116.2,232.3,1,7.6,0.927,0.022,0.0000,50.1
22.706,5.44,-0.08,-9.54,6.19,-0.01,0.00,328.7,197.4,116.2,232.3,318.0,217.9,0,321.3,191.8,116.2,232.3,1,9.2,0.965,0.027,0.0000,50.1
22.756,5.44,-0.08,-9.54,6.20,-0.01,0.00,328.8,196.6,116.2,232.3,318.0,217.9,0,321.6,189.9,116.2,232.3,1,9.9,1.002,0.032,0.0000,50.1
22.806,5.47,-0.09,-9.54,6.22,-0.01,0.00,329.5,197.7,116.2,232.3,318.0,217.9,0,321.8,188.0,116.2,232.3,1,12.3,1.040,0.037,0.0000,50.1
22.856,5.47,-0.09,-9.54,6.23,-0.01,0.00,329.5,197.0,116.2,232.3,318.0,217.9,0,322.1,186.1,116.2,232.3,1,13.2,1.078,0.042,0.0000,50.1
22.906,5.52,-0.11,-9.54,6.24,-0.01,0.00,330.1,198.9,116.2,232.3,318.0,217.9,0,322.3,184.2,116.2,232.3,1,16.6,1.116,0.046,0.0000,50.1
22.956,5.52,-0.11,-9.54,6.25,-0.01,0.00,330.2,198.1,116.2,232.3,318.0,217.9,0,322.6,182.3,116.2,232.3,1,17.6,1.154,0.051,0.0000,50.1
23.006,5.57,-0.12,-9.54,6.27,-0.01,0.00,330.6,200.6,116.2,232.3,330.2,197.4,1,330.2,197.3,116.2,232.3,1,3.3,0.854,0.204,0.0000,50.1
23.056,5.57,-0.12,-9.54,6.28,-0.01,0.00,330.7,199.9,116.2,232.3,330.2,197.4,0,330.8,196.3,116.2,232.3,1,3.7,0.875,0.216,0.0000,50.1
23.106,5.64,-0.13,-9.54,6.29,-0.01,0.00,330.9,203.0,116.2,232.3,330.2,197.4,0,331.4,195.2,116.2,232.3,1,7.8,0.896,0.228,0.0000,50.1
23.156,5.64,-0.13,-9.54,6.30,-0.01,0.00,331.0,202.3,116.2,232.3,330.2,197.4,0,332.0,194.1,116.2,232.3,1,8.2,0.917,0.240,0.0000,50.1
23.206,5.71,-0.14,-9.54,6.32,-0.01,0.00,331.2,205.9,116.2,232.3,330.2,197.4,0,332.6,193.1,116.2,232.3,1,12.9,0.938,0.253,0.0000,50.1
23.256,5.71,-0.14,-9.54,6.33,-0.01,0.00,331.3,205.2,116.2,232.3,330.2,197.4,0,333.2,192.0,116.2,232.3,1,13.3,0.959,0.265,0.0000,50.1
23.306,5.79,-0.15,-9.54,6.34,-0.01,0.00,331.2,209.1,116.2,232.3,330.2,197.4,0,333.9,191.0,116.2,232.3,1,18.3,0.980,0.277,0.0000,50.1
23.357,5.79,-0.15,-9.54,6.35,-0.01,0.00,331.3,208.4,116.2,232.3,330.2,197.4,0,334.5,189.9,116.2,232.3,1,18.8,1.002,0.289,0.0000,50.1
23.407,5.87,-0.15,-9.54,6.37,-0.01,0.00,331.0,212.6,116.2,232.3,330.2,197.4,0,335.1,188.9,116.2,232.3,1,24.0,1.023,0.301,0.0000,50.0
23.457,5.87,-0.15,-9.54,6.38,-0.01,0.00,331.1,211.8,116.2,232.3,330.2,197.4,0,335.7,187.8,116.2,232.4,1,24.5,1.044,0.314,0.0000,50.1
23.507,5.96,-0.15,-9.54,6.39,-0.01,0.00,330.6,216.1,116.2,232.3,330.2,197.4,0,336.3,186.8,116.2,232.4,1,29.9,1.065,0.326,0.0000,50.1
23.557,5.96,-0.15,-9.54,6.40,-0.01,0.00,330.7,215.4,116.2,232.3,330.2,197.4,0,336.9,185.7,116.2,232.4,1,30.3,1.086,0.338,0.0000,50.1
23.609,6.05,-0.15,-9.54,6.42,-0.01,0.00,330.0,219.7,116.2,232.3,330.2,197.4,0,337.5,184.6,116.2,232.4,1,35.9,1.107,0.350,0.0000,52.6
23.659,6.05,-0.15,-9.54,6.43,-0.01,0.00,330.1,219.0,116.2,232.3,330.2,197.4,0,338.1,183.6,116.2,232.4,1,36.3,1.128,0.362,0.0000,50.1
23.709,6.14,-0.14,-9.54,6.44,-0.01,0.00,329.2,223.6,116.2,232.3,330.2,197.4,0,338.7,182.5,116.2,232.4,1,42.1,1.149,0.375,0.0000,50.1
23.760,6.14,-0.14,-9.54,6.45,-0.01,0.00,329.3,222.9,116.2,232.3,330.2,197.4,0,339.3,181.5,116.2,232.4,1,42.6,1.170,0.387,0.0000,50.1
23.810,6.24,-0.13,-9.54,6.47,-0.01,0.00,328.2,227.6,116.2,232.3,330.2,197.4,0,340.0,180.4,116.2,232.4,1,48.6,1.192,0.399,0.0000,50.1
23.860,6.24,-0.13,-9.54,6.48,-0.01,0.00,328.3,226.9,116.2,232.3,330.2,197.4,0,340.6,179.4,116.2,232.4,1,49.1,1.213,0.411,0.0000,50.1
23.910,6.34,-0.12,-9.54,6.49,-0.01,0.00,327.0,231.8,116.2,232.3,330.2,197.4,0,341.2,178.3,116.2,232.4,1,55.3,1.234,0.423,0.0000,50.1
23.960,6.34,-0.12,-9.54,6.50,-0.01,0.00,327.1,231.1,116.2,232.3,330.2,197.4,0,341.8,177.3,116.2,232.4,1,55.8,1.255,0.436,0.0000,50.1
24.010,6.44,-0.10,-9.54,6.52,-0.01,0.00,325.6,236.2,116.2,232.3,327.2,230.4,1,327.3,230.0,116.2,232.3,1,6.4,0.200,0.145,0.0000,50.1
24.060,6.44,-0.10,-9.54,6.53,-0.01,0.00,325.7,235.5,116.2,232.3,327.2,230.4,0,327.1,231.6,116.2,232.3,1,4.2,0.168,0.143,0.0000,50.1
24.110,6.55,-0.09,-9.54,6.54,-0.01,0.00,324.1,240.7,116.2,232.3,327.2,230.4,0,327.0,233.2,116.2,232.3,1,8.1,0.136,0.140,0.0000,50.1
24.160,6.55,-0.09,-9.54,6.55,-0.01,0.00,324.2,240.0,116.2,232.3,327.2,230.4,0,326.9,234.8,116.2,232.3,1,5.8,0.103,0.137,0.0000,50.1
24.210,6.66,-0.07,-9.54,6.57,-0.01,0.00,322.4,245.5,116.2,232.3,327.2,230.4,0,326.7,236.4,116.2,232.3,1,10.1,0.071,0.134,0.0000,50.1
24.260,6.66,-0.07,-9.54,6.58,-0.01,0.00,322.5,244.8,116.2,232.3,327.2,230.4,0,326.6,238.0,116.2,232.3,1,7.9,0.039,0.132,0.0000,50.1
24.310,6.77,-0.05,-9.54,6.59,-0.01,0.00,320.7,250.3,116.2,232.4,327.2,230.4,0,326.4,239.7,116.2,232.3,1,12.1,0.007,0.129,0.0000,50.1
24.360,6.77,-0.05,-9.54,6.60,-0.01,0.00,320.8,249.6,116.2,232.4,327.2,230.4,0,326.3,241.3,116.2,232.3,1,10.0,-0.025,0.126,0.0000,50.1
24.410,6.87,-0.02,-9.54,6.62,-0.01,0.00,318.9,254.8,116.2,232.4,327.2,230.4,0,326.2,242.9,116.2,232.3,1,13.9,-0.058,0.123,0.0000,50.1
24.460,6.87,-0.02,-9.54,6.63,-0.01,0.00,319.0,254.0,116.2,232.4,327.2,230.4,0,326.0,244.5,116.2,232.3,1,11.8,-0.090,0.120,0.0000,50.1
24.511,6.97,-0.00,-9.54,6.64,-0.01,0.00,317.2,258.7,116.2,232.4,327.2,230.4,0,325.9,246.1,116.2,232.3,1,15.2,-0.122,0.118,0.0000,50.1
24.561,6.97,-0.00,-9.54,6.65,-0.01,0.00,317.3,257.9,116.2,232.4,327.2,230.4,0,325.7,247.7,116.2,232.3,1,13.3,-0.154,0.115,0.0000,50.1
24.611,7.05,0.02,-9.54,6.67,-0.01,0.00,315.7,261.7,116.2,232.4,327.2,230.4,0,325.6,249.3,116.2,232.3,1,15.9,-0.186,0.112,0.0000,50.1
24.661,7.05,0.02,-9.54,6.68,-0.01,0.00,315.8,261.0,116.2,232.4,327.2,230.4,0,325.5,250.9,116.2,232.3,1,14.0,-0.219,0.109,0.0000,50.1
24.711,7.11,0.04,-9.54,6.69,-0.01,0.00,314.3,263.8,116.2,232.4,327.2,230.4,0,325.3,252.5,116.2,232.3,1,15.8,-0.251,0.107,0.0000,50.1
24.761,7.11,0.04,-9.54,6.70,-0.01,0.00,314.4,263.1,116.2,232.4,327.2,230.4,0,325.2,254.1,116.2,232.3,1,14.0,-0.283,0.104,0.0000,50.1
24.811,7.16,0.05,-9.54,6.72,-0.01,0.00,313.2,265.0,116.2,232.4,327.2,230.4,0,325.0,255.8,116.2,232.3,1,15.1,-0.315,0.101,0.0000,50.1
24.861,7.16,0.05,-9.54,6.73,-0.01,0.00,313.2,264.3,116.2,232.4,327.2,230.4,0,324.9,257.4,116.2,232.3,1,13.6,-0.347,0.098,0.0000,50.1
24.911,7.19,0.07,-9.54,6.74,-0.01,0.00,312.1,265.4,116.2,232.4,327.2,230.4,0,324.8,259.0,116.2,232.3,1,14.2,-0.379,0.095,0.0000,50.1
24.961,7.19,0.07,-9.54,6.75,-0.01,0.00,312.2,264.7,116.2,232.4,327.2,230.4,0,324.6,260.6,116.2,232.3,1,13.1,-0.412,0.093,0.0000,50.1
25.011,7.21,0.09,-9.54,6.77,-0.01,0.00,311.2,265.0,116.2,232.4,312.3,264.0,1,312.4,264.0,116.2,232.4,1,1.5,-0.481,-0.152,-0.0000,50.1
25.061,7.21,0.09,-9.54,6.78,-0.01,0.00,311.3,264.3,116.2,232.4,312.3,264.0,0,311.6,265.7,116.2,232.4,1,1.5,-0.515,-0.167,-0.0000,50.1
25.111,7.22,0.10,-9.54,6.79,-0.01,0.00,310.5,264.0,116.2,232.4,312.3,264.0,0,310.9,267.4,116.2,232.4,1,3.5,-0.549,-0.182,-0.0000,50.1
25.161,7.22,0.10,-9.54,6.80,-0.01,0.00,310.5,263.3,116.2,232.4,312.3,264.0,0,310.2,269.1,116.2,232.4,1,5.9,-0.583,-0.197,-0.0000,50.1
25.212,7.22,0.12,-9.54,6.82,-0.01,0.00,309.8,262.4,116.2,232.4,312.3,264.0,0,309.4,270.8,116.2,232.4,1,8.5,-0.617,-0.211,-0.0000,50.1
25.262,7.22,0.12,-9.54,6.83,-0.01,0.00,309.9,261.7,116.2,232.4,312.3,264.0,0,308.7,272.5,116.2,232.4,1,10.9,-0.651,-0.226,-0.0000,50.1
25.312,7.21,0.13,-9.54,6.84,-0.01,0.00,309.4,260.2,116.2,232.4,312.3,264.0,0,307.9,274.2,116.2,232.4,1,14.1,-0.685,-0.241,-0.0000,50.1
25.362,7.21,0.13,-9.54,6.85,-0.01,0.00,309.5,259.5,116.2,232.4,312.3,264.0,0,307.2,275.9,116.2,232.4,1,16.6,-0.719,-0.256,-0.0000,50.1
25.412,7.19,0.13,-9.54,6.87,-0.01,0.00,309.4,257.5,116.2,232.4,312.3,264.0,0,306.5,277.6,116.2,232.4,1,20.3,-0.753,-0.271,-0.0000,50.1
25.462,7.19,0.13,-9.54,6.88,-0.01,0.00,309.4,256.8,116.2,232.4,312.3,264.0,0,305.7,279.3,116.2,232.4,1,22.9,-0.787,-0.285,-0.0000,50.1
25.512,7.16,0.14,-9.54,6.89,-0.01,0.00,309.6,254.3,116.2,232.4,312.3,264.0,0,305.0,281.0,116.2,232.4,1,27.2,-0.821,-0.300,-0.0000,50.1
25.562,7.16,0.14,-9.54,6.90,-0.01,0.00,309.6,253.5,116.2,232.4,312.3,264.0,0,304.3,282.7,116.2,232.4,1,29.7,-0.855,-0.315,-0.0000,50.1
25.612,7.12,0.14,-9.54,6.92,-0.01,0.00,310.1,250.6,116.2,232.4,312.3,264.0,0,303.5,284.4,116.2,232.4,1,34.5,-0.889,-0.330,-0.0000,50.1
25.662,7.12,0.14,-9.54,6.93,-0.01,0.00,310.2,249.9,116.2,232.4,312.3,264.0,0,302.8,286.1,116.2,232.4,1,37.0,-0.923,-0.344,-0.0000,50.1
25.712,7.07,0.13,-9.54,6.94,-0.01,0.00,310.9,246.5,116.2,232.4,312.3,264.0,0,302.0,287.8,116.2,232.4,1,42.3,-0.957,-0.359,-0.0000,50.1
25.762,7.07,0.13,-9.54,6.95,-0.01,0.00,310.9,245.7,116.2,232.4,312.3,264.0,0,301.3,289.5,116.2,232.4,1,44.8,-0.991,-0.374,-0.0000,50.1
25.812,7.02,0.12,-9.54,6.97,-0.01,0.00,311.9,241.9,116.2,232.4,312.3,264.0,0,300.6,291.2,116.2,232.4,1,50.6,-1.025,-0.389,-0.0000,50.1
25.862,7.02,0.12,-9.54,6.98,-0.01,0.00,312.0,241.2,116.2,232.4,312.3,264.0,0,299.8,292.9,116.2,232.4,1,53.2,-1.059,-0.404,-0.0000,50.1
25.912,6.95,0.11,-9.54,6.99,-0.01,0.00,313.1,236.9,116.2,232.4,312.3,264.0,0,299.1,294.6,116.2,232.4,1,59.4,-1.093,-0.418,-0.0000,50.1
25.963,6.95,0.11,-9.54,7.00,-0.01,0.00,313.2,236.2,116.2,232.4,312.3,264.0,0,298.3,296.3,116.2,232.4,1,61.9,-1.127,-0.433,-0.0000,50.1
26.013,6.88,0.09,-9.54,7.02,-0.01,0.00,314.6,231.5,116.2,232.4,313.3,235.6,1,313.2,236.1,116.2,232.4,1,4.8,0.078,-0.137,-0.0000,50.1
26.063,6.88,0.09,-9.54,7.03,-0.01,0.00,314.7,230.8,116.2,232.4,313.3,235.6,0,313.2,234.7,116.2,232.4,1,4.2,0.106,-0.136,-0.0000,50.1
26.113,6.80,0.08,-9.54,7.04,-0.01,0.00,316.3,225.7,116.2,232.4,313.3,235.6,0,313.2,233.3,116.2,232.4,1,8.2,0.133,-0.136,-0.0000,50.1
26.163,6.80,0.08,-9.54,7.05,-0.01,0.00,316.4,225.0,116.2,232.4,313.3,235.6,0,313.3,232.0,116.2,232.4,1,7.7,0.160,-0.135,-0.0000,50.1
26.213,6.72,0.06,-9.54,7.07,-0.01,0.00,318.1,219.6,116.2,232.4,313.3,235.6,0,313.3,230.6,116.2,232.4,1,12.0,0.188,-0.134,-0.0000,50.1
26.263,6.72,0.06,-9.54,7.08,-0.01,0.00,318.1,218.9,116.2,232.4,313.3,235.6,0,313.3,229.2,116.2,232.4,1,11.4,0.215,-0.134,-0.0000,50.1
26.313,6.64,0.03,-9.54,7.09,-0.01,0.00,320.0,213.3,116.2,232.4,313.3,235.6,0,313.3,227.9,116.2,232.4,1,16.0,0.243,-0.133,-0.0000,50.1
26.363,6.64,0.03,-9.54,7.10,-0.01,0.00,320.1,212.6,116.2,232.4,313.3,235.6,0,313.4,226.5,116.2,232.4,1,15.4,0.270,-0.132,-0.0000,50.1
26.413,6.55,0.01,-9.54,7.12,-0.01,0.00,322.0,207.1,116.2,232.4,313.3,235.6,0,313.4,225.1,116.2,232.4,1,20.0,0.297,-0.132,-0.0000,50.1
26.463,6.55,0.01,-9.54,7.13,-0.01,0.00,322.1,206.4,116.2,232.4,313.3,235.6,0,313.4,223.8,116.2,232.4,1,19.4,0.325,-0.131,-0.0000,50.1
26.513,6.47,-0.01,-9.54,7.14,-0.01,0.00,324.0,201.4,116.2,232.4,313.3,235.6,0,313.5,222.4,116.2,232.4,1,23.5,0.352,-0.130,-0.0000,50.1
26.563,6.47,-0.01,-9.54,7.15,-0.01,0.00,324.1,200.6,116.2,232.4,313.3,235.6,0,313.5,221.0,116.2,232.4,1,23.0,0.379,-0.130,-0.0000,50.1
26.613,6.41,-0.04,-9.54,7.17,-0.01,0.00,326.0,196.3,116.2,232.4,313.3,235.6,0,313.5,219.7,116.2,232.4,1,26.5,0.407,-0.129,-0.0000,50.1
26.663,6.41,-0.04,-9.54,7.18,-0.01,0.00,326.0,195.5,116.2,232.4,313.3,235.6,0,313.6,218.3,116.2,232.4,1,25.9,0.434,-0.129,-0.0000,50.1
26.714,6.36,-0.06,-9.54,7.19,-0.01,0.00,327.7,192.1,116.2,232.4,313.3,235.6,0,313.6,216.9,116.2,232.4,1,28.6,0.462,-0.128,-0.0000,50.1
26.764,6.36,-0.06,-9.54,7.21,-0.01,0.00,327.8,191.4,116.2,232.4,313.3,235.6,0,313.6,215.6,116.2,232.4,1,28.0,0.489,-0.127,-0.0000,50.1
26.814,6.33,-0.08,-9.54,7.22,-0.01,0.00,329.3,188.9,116.2,232.4,313.3,235.6,0,313.7,214.2,116.2,232.4,1,29.7,0.516,-0.127,-0.0000,50.1
26.864,6.33,-0.08,-9.54,7.23,-0.01,0.00,329.4,188.2,116.2,232.4,313.3,235.6,0,313.7,212.8,116.2,232.4,1,29.2,0.544,-0.126,-0.0000,50.1
26.914,6.31,-0.10,-9.54,7.24,-0.01,0.00,330.7,186.6,116.2,232.4,313.3,235.6,0,313.7,211.4,116.2,232.4,1,30.1,0.571,-0.125,-0.0000,50.1
26.964,6.31,-0.10,-9.54,7.26,-0.01,0.00,330.8,185.9,116.2,232.4,313.3,235.6,0,313.8,210.1,116.2,232.4,1,29.6,0.598,-0.125,-0.0000,50.1
27.014,6.31,-0.12,-9.54,7.27,-0.01,0.00,332.0,185.2,116.2,232.3,330.9,185.3,1,330.8,185.5,116.2,232.4,1,1.3,1.090,0.215,0.0000,50.1
27.064,6.31,-0.12,-9.54,7.28,-0.01,0.00,332.1,184.4,116.2,232.3,330.9,185.3,0,331.6,183.0,116.2,232.4,1,1.5,1.140,0.232,0.0000,50.1
27.114,6.32,-0.14,-9.54,7.29,-0.01,0.00,333.2,184.4,116.2,232.3,330.9,185.3,0,332.5,180.5,116.2,232.4,1,4.0,1.191,0.250,0.0000,50.1
27.164,6.32,-0.14,-9.54,7.31,-0.01,0.00,333.3,183.7,116.2,232.3,330.9,185.3,0,333.4,177.9,116.2,232.4,1,5.7,1.241,0.267,0.0000,50.1
27.214,6.34,-0.16,-9.54,7.32,-0.01,0.00,334.3,184.3,116.2,232.3,330.9,185.3,0,334.2,175.4,116.2,232.4,1,8.9,1.291,0.285,0.0000,50.1
27.264,6.34,-0.16,-9.54,7.33,-0.01,0.00,334.4,183.6,116.2,232.3,330.9,185.3,0,335.1,172.9,116.2,232.3,1,10.7,1.342,0.302,0.0000,50.1
27.314,6.37,-0.17,-9.54,7.34,-0.01,0.00,335.3,184.9,116.2,232.3,330.9,185.3,0,336.0,170.4,116.2,232.3,1,14.6,1.392,0.320,0.0000,50.1
27.364,6.37,-0.17,-9.54,7.36,-0.01,0.00,335.4,184.2,116.2,232.3,330.9,185.3,0,336.9,167.9,116.2,232.3,1,16.4,1.443,0.337,0.0000,50.1
27.415,6.42,-0.19,-9.54,7.37,-0.01,0.00,335.9,186.4,116.2,232.3,330.9,185.3,0,337.7,165.4,116.2,232.3,1,21.2,1.493,0.355,0.0000,50.1
27.465,6.42,-0.19,-9.54,7.38,-0.01,0.00,336.0,185.7,116.2,232.3,330.9,185.3,0,338.6,162.8,116.2,232.3,1,23.0,1.543,0.372,0.0000,50.1
27.515,6.49,-0.19,-9.54,7.39,-0.01,0.00,336.0,188.9,116.2,232.3,330.9,185.3,0,339.5,160.3,116.2,232.3,1,28.8,1.594,0.389,0.0000,50.1
27.565,6.49,-0.19,-9.54,7.41,-0.01,0.00,336.1,188.1,116.2,232.3,330.9,185.3,0,340.3,157.8,116.2,232.3,1,30.6,1.644,0.407,0.0000,50.1
27.615,6.57,-0.19,-9.54,7.42,-0.01,0.00,335.7,192.1,116.2,232.3,330.9,185.3,0,341.2,155.3,116.2,232.3,1,37.3,1.694,0.424,0.0000,50.1
27.665,6.57,-0.19,-9.54,7.43,-0.01,0.00,335.8,191.4,116.2,232.3,330.9,185.3,0,342.1,152.8,116.2,232.3,1,39.2,1.745,0.442,0.0000,50.1
27.715,6.67,-0.19,-9.54,7.44,-0.01,0.00,335.1,196.3,116.2,232.3,330.9,185.3,0,343.0,150.2,116.2,232.3,1,46.7,1.795,0.459,0.0000,50.1
27.765,6.67,-0.19,-9.54,7.46,-0.01,0.00,335.2,195.5,116.2,232.3,330.9,185.3,0,343.8,147.7,116.2,232.3,1,48.6,1.846,0.477,0.0000,50.1
27.815,6.78,-0.18,-9.54,7.47,-0.01,0.00,334.2,201.1,116.2,232.3,330.9,185.3,0,344.7,145.2,116.2,232.3,1,56.9,1.896,0.494,0.0000,50.1
27.865,6.78,-0.18,-9.54,7.48,-0.01,0.00,334.2,200.4,116.2,232.3,330.9,185.3,0,345.6,142.7,116.2,232.3,1,58.8,1.946,0.511,0.0000,50.1
27.915,6.90,-0.17,-9.54,7.49,-0.01,0.00,332.9,206.7,116.2,232.3,330.9,185.3,0,346.4,140.2,116.2,232.3,1,67.9,1.997,0.529,0.0000,50.1
27.965,6.90,-0.17,-9.54,7.51,-0.01,0.00,333.0,206.0,116.2,232.3,330.9,185.3,0,347.3,137.7,116.2,232.3,1,69.8,2.047,0.546,0.0000,50.1
28.015,7.04,-0.16,-9.54,7.52,-0.01,0.00,331.4,213.0,116.2,232.3,333.1,205.4,1,333.2,204.9,116.2,232.3,1,8.3,0.703,0.263,0.0000,50.1
28.065,7.04,-0.16,-9.54,7.53,-0.01,0.00,331.5,212.3,116.2,232.3,333.1,205.4,0,333.3,205.8,116.2,232.3,1,6.7,0.684,0.266,0.0000,50.1
28.115,7.18,-0.14,-9.54,7.54,-0.01,0.00,329.7,220.0,116.2,232.3,333.1,205.4,0,333.4,206.7,116.2,232.3,1,13.8,0.665,0.269,0.0000,50.1
28.166,7.18,-0.14,-9.54,7.56,-0.01,0.00,329.7,219.3,116.2,232.3,333.1,205.4,0,333.6,207.7,116.2,232.3,1,12.2,0.646,0.271,0.0000,50.1
28.216,7.34,-0.12,-9.54,7.57,-0.01,0.00,327.7,227.7,116.2,232.3,333.1,205.4,0,333.7,208.6,116.2,232.3,1,20.0,0.628,0.274,0.0000,50.1
28.266,7.34,-0.12,-9.54,7.58,-0.01,0.00,327.7,227.0,116.2,232.3,333.1,205.4,0,333.8,209.6,116.2,232.3,1,18.4,0.609,0.276,0.0000,50.1
28.316,7.51,-0.10,-9.54,7.59,-0.01,0.00,325.5,235.5,116.2,232.3,333.1,205.4,0,333.9,210.5,116.2,232.3,1,26.4,0.590,0.279,0.0000,50.1
28.366,7.51,-0.10,-9.54,7.61,-0.01,0.00,325.6,234.8,116.2,232.3,333.1,205.4,0,334.1,211.4,116.2,232.3,1,24.8,0.571,0.281,0.0000,50.1
28.416,7.67,-0.08,-9.54,7.62,-0.01,0.00,323.3,243.6,116.2,232.3,333.1,205.4,0,334.2,212.4,116.2,232.3,1,33.1,0.553,0.284,0.0000,50.1
28.466,7.67,-0.08,-9.54,7.63,-0.01,0.00,323.4,242.9,116.2,232.3,333.1,205.4,0,334.3,213.3,116.2,232.3,1,31.5,0.534,0.287,0.0000,50.1
28.516,7.84,-0.05,-9.54,7.64,-0.01,0.00,321.0,251.5,116.2,232.3,333.1,205.4,0,334.5,214.2,116.2,232.3,1,39.7,0.515,0.289,0.0000,50.1
28.566,7.84,-0.05,-9.54,7.66,-0.01,0.00,321.1,250.8,116.2,232.3,333.1,205.4,0,334.6,215.2,116.2,232.3,1,38.1,0.497,0.292,0.0000,50.1
28.616,8.00,-0.03,-9.54,7.67,-0.01,0.00,318.7,259.0,116.2,232.4,333.1,205.4,0,334.7,216.1,116.2,232.3,1,45.8,0.478,0.294,0.0000,50.1
28.666,8.00,-0.03,-9.54,7.68,-0.01,0.00,318.8,258.3,116.2,232.4,333.1,205.4,0,334.8,217.0,116.2,232.3,1,44.2,0.459,0.297,0.0000,50.1
28.716,8.14,0.00,-9.54,7.69,-0.01,0.00,316.5,265.7,116.2,232.4,333.1,205.4,0,335.0,218.0,116.2,232.3,1,51.2,0.440,0.299,0.0000,50.1
28.766,8.14,0.00,-9.54,7.71,-0.01,0.00,316.6,265.0,116.2,232.4,333.1,205.4,0,335.1,218.9,116.2,232.3,1,49.7,0.422,0.302,0.0000,50.1
28.816,8.27,0.03,-9.54,7.72,-0.01,0.00,314.4,271.6,116.2,232.4,333.1,205.4,0,335.2,219.9,116.2,232.3,1,55.8,0.403,0.304,0.0000,50.1
28.866,8.27,0.03,-9.54,7.73,-0.01,0.00,314.4,270.8,116.2,232.4,333.1,205.4,0,335.3,220.8,116.2,232.3,1,54.2,0.384,0.307,0.0000,50.1
28.917,8.38,0.05,-9.54,7.74,-0.01,0.00,312.3,276.5,116.2,232.4,333.1,205.4,0,335.5,221.7,116.2,232.3,1,59.4,0.365,0.310,0.0000,50.0
28.967,8.38,0.05,-9.54,7.76,-0.01,0.00,312.4,275.7,116.2,232.4,333.1,205.4,0,335.6,222.7,116.2,232.3,1,57.9,0.347,0.312,0.0000,50.1
29.017,8.48,0.08,-9.54,7.77,-0.01,0.00,310.4,280.6,116.2,232.4,312.5,275.2,1,312.6,274.8,116.2,232.4,1,6.2,-0.696,-0.147,-0.0000,50.1
29.067,8.48,0.08,-9.54,7.78,-0.01,0.00,310.5,279.9,116.2,232.4,312.5,275.2,0,311.6,278.3,116.2,232.4,1,2.0,-0.765,-0.167,-0.0000,50.1
29.117,8.57,0.11,-9.54,7.79,-0.01,0.00,308.5,284.0,116.2,232.4,312.5,275.2,0,310.6,281.7,116.2,232.4,1,3.1,-0.834,-0.188,-0.0000,50.1
29.167,8.57,0.11,-9.54,7.81,-0.01,0.00,308.6,283.2,116.2,232.4,312.5,275.2,0,309.6,285.2,116.2,232.4,1,2.2,-0.904,-0.208,-0.0000,50.1
29.217,8.64,0.13,-9.54,7.82,-0.01,0.00,306.7,286.8,116.2,232.4,312.5,275.2,0,308.6,288.7,116.2,232.4,1,2.7,-0.973,-0.228,-0.0000,50.1
29.267,8.64,0.13,-9.54,7.83,-0.01,0.00,306.8,286.0,116.2,232.4,312.5,275.2,0,307.6,292.1,116.2,232.4,1,6.1,-1.043,-0.249,-0.0000,50.1
29.317,8.70,0.16,-9.54,7.84,-0.01,0.00,305.0,288.7,116.2,232.4,312.5,275.2,0,306.6,295.6,116.2,232.4,1,7.0,-1.112,-0.269,-0.0000,50.1
29.367,8.70,0.16,-9.54,7.86,-0.01,0.00,305.1,288.0,116.2,232.4,312.5,275.2,0,305.5,299.1,116.2,232.4,1,11.1,-1.182,-0.289,-0.0000,50.1
29.417,8.75,0.18,-9.54,7.87,-0.01,0.00,303.5,289.7,116.2,232.4,312.5,275.2,0,304.5,302.6,116.2,232.4,1,12.9,-1.251,-0.310,-0.0000,50.1
29.467,8.75,0.18,-9.54,7.88,-0.01,0.00,303.6,289.0,116.2,232.4,312.5,275.2,0,303.5,306.0,116.2,232.4,1,17.0,-1.321,-0.330,-0.0000,50.1
29.517,8.77,0.19,-9.54,7.89,-0.01,0.00,302.4,289.5,116.2,232.4,312.5,275.2,0,302.5,309.5,116.2,232.4,1,20.0,-1.390,-0.350,-0.0000,50.1
29.567,8.77,0.19,-9.54,7.91,-0.01,0.00,302.5,288.8,116.2,232.4,312.5,275.2,0,301.5,313.0,116.2,232.4,1,24.2,-1.459,-0.371,-0.0000,50.1
29.617,8.77,0.21,-9.54,7.92,-0.01,0.00,301.9,288.0,116.2,232.4,312.5,275.2,0,300.5,316.4,116.2,232.4,1,28.5,-1.529,-0.391,-0.0000,50.1
29.668,8.77,0.21,-9.54,7.93,-0.01,0.00,302.0,287.3,116.2,232.4,312.5,275.2,0,299.4,319.9,116.2,232.4,1,32.8,-1.598,-0.411,-0.0000,50.1
29.718,8.75,0.21,-9.54,7.94,-0.01,0.00,302.0,285.0,116.2,232.4,312.5,275.2,0,298.4,323.4,116.2,232.4,1,38.5,-1.668,-0.431,-0.0000,50.0
29.768,8.75,0.21,-9.54,7.96,-0.01,0.00,302.0,284.3,116.2,232.4,312.5,275.2,0,297.4,326.9,116.2,232.4,1,42.8,-1.737,-0.452,-0.0000,50.1
29.818,8.70,0.21,-9.54,7.97,-0.01,0.00,302.5,280.7,116.2,232.4,312.5,275.2,0,296.4,330.3,116.2,232.4,1,50.0,-1.807,-0.472,-0.0000,50.1
29.868,8.70,0.21,-9.54,7.98,-0.01,0.00,302.6,280.0,116.2,232.4,312.5,275.2,0,295.4,333.8,116.2,232.4,1,54.3,-1.876,-0.492,-0.0000,50.1
29.918,8.63,0.20,-9.54,7.99,-0.01,0.00,303.5,275.1,116.2,232.4,312.5,275.2,0,294.4,337.3,116.2,232.4,1,62.8,-1.945,-0.513,-0.0000,50.1
29.968,8.63,0.20,-9.54,8.01,-0.01,0.00,303.5,274.4,116.2,232.4,312.5,275.2,0,293.3,340.7,116.2,232.4,1,67.1,-2.015,-0.533,-0.0000,50.1
30.018,8.53,0.19,-9.54,8.02,-0.01,0.00,304.8,268.4,116.2,232.4,303.6,273.9,1,303.5,274.4,116.2,232.4,1,6.2,-0.688,-0.330,-0.0000,50.1
30.068,8.53,0.19,-9.54,8.03,-0.01,0.00,304.9,267.6,116.2,232.4,303.6,273.9,0,303.0,274.4,116.2,232.4,1,7.0,-0.689,-0.339,-0.0000,50.1
30.118,8.42,0.18,-9.54,8.04,-0.01,0.00,306.4,260.5,116.2,232.4,303.6,273.9,0,302.6,274.4,116.2,232.4,1,14.5,-0.689,-0.349,-0.0000,50.1
30.168,8.42,0.18,-9.54,8.06,-0.01,0.00,306.5,259.8,116.2,232.4,303.6,273.9,0,302.1,274.5,116.2,232.4,1,15.3,-0.689,-0.358,-0.0000,50.1
30.218,8.29,0.16,-9.54,8.07,-0.01,0.00,308.4,251.7,116.2,232.4,303.6,273.9,0,301.6,274.5,116.2,232.4,1,23.8,-0.689,-0.367,-0.0000,50.1
30.268,8.29,0.16,-9.54,8.08,-0.01,0.00,308.5,251.0,116.2,232.4,303.6,273.9,0,301.2,274.5,116.2,232.4,1,24.6,-0.690,-0.376,-0.0000,50.1
30.318,8.14,0.14,-9.54,8.09,-0.01,0.00,310.6,242.0,116.2,232.3,303.6,273.9,0,300.7,274.5,116.2,232.4,1,33.9,-0.690,-0.386,-0.0000,50.1
30.368,8.14,0.14,-9.54,8.11,-0.01,0.00,310.7,241.3,116.2,232.3,303.6,273.9,0,300.3,274.5,116.2,232.4,1,34.8,-0.690,-0.395,-0.0000,50.1
30.418,8.00,0.12,-9.54,8.12,-0.01,0.00,313.0,232.1,116.2,232.3,303.6,273.9,0,299.8,274.5,116.2,232.4,1,44.4,-0.691,-0.404,-0.0000,50.1
30.469,8.00,0.12,-9.54,8.13,-0.01,0.00,313.1,231.4,116.2,232.3,303.6,273.9,0,299.3,274.5,116.2,232.4,1,45.3,-0.691,-0.413,-0.0000,50.1
30.519,7.84,0.09,-9.54,8.14,-0.01,0.00,315.5,221.9,116.2,232.3,303.6,273.9,0,298.9,274.6,116.2,232.4,1,55.3,-0.691,-0.423,-0.0000,50.1
30.569,7.84,0.09,-9.54,8.16,-0.01,0.00,315.6,221.1,116.2,232.3,303.6,273.9,0,298.4,274.6,116.2,232.4,1,56.1,-0.691,-0.432,-0.0000,50.1
30.619,7.69,0.06,-9.54,8.17,-0.01,0.00,318.2,211.8,116.1,232.3,303.6,273.9,0,297.9,274.6,116.2,232.4,1,66.0,-0.692,-0.441,-0.0000,50.1
30.669,7.69,0.06,-9.54,8.18,-0.01,0.00,318.2,211.0,116.1,232.3,303.6,273.9,0,297.5,274.6,116.2,232.4,1,66.9,-0.692,-0.450,-0.0000,50.1
30.719,7.54,0.03,-9.54,8.19,-0.01,0.00,320.8,202.2,116.1,232.3,303.6,273.9,0,297.0,274.6,116.2,232.4,1,76.3,-0.692,-0.460,-0.0000,50.1
30.769,7.54,0.03,-9.54,8.21,-0.01,0.00,320.9,201.4,116.1,232.3,303.6,273.9,0,296.6,274.6,116.2,232.4,1,77.1,-0.693,-0.469,-0.0000,50.1
30.819,7.41,-0.00,-9.54,8.22,-0.01,0.00,323.6,193.2,116.1,232.3,303.6,273.9,0,296.1,274.6,116.2,232.4,1,86.0,-0.693,-0.478,-0.0000,50.1
30.869,7.41,-0.00,-9.54,8.23,-0.01,0.00,323.6,192.4,116.1,232.3,303.6,273.9,0,295.6,274.7,116.2,232.4,1,86.9,-0.693,-0.487,-0.0000,50.1
30.919,7.29,-0.03,-9.54,8.24,-0.01,0.00,326.3,184.9,116.2,232.3,303.6,273.9,0,295.2,274.7,116.2,232.4,1,95.0,-0.693,-0.497,-0.0000,50.1
30.969,7.29,-0.03,-9.54,8.26,-0.01,0.00,326.4,184.2,116.2,232.3,303.6,273.9,0,294.7,274.7,116.2,232.4,1,95.9,-0.694,-0.506,-0.0000,50.1
31.019,7.18,-0.07,-9.54,8.27,-0.01,0.00,329.1,177.2,116.2,232.3,326.4,183.6,1,326.4,183.6,116.2,232.3,2,6.9,1.127,0.128,0.0000,50.1
31.069,7.18,-0.07,-9.54,8.28,-0.01,0.00,329.1,176.5,116.2,232.3,326.4,183.6,0,293.8,274.7,116.2,232.4,1,104.4,-0.694,-0.524,-0.0000,50.1
31.119,7.08,-0.11,-9.54,8.29,-0.01,0.00,331.9,170.1,116.2,232.3,326.4,183.6,0,293.3,274.7,116.2,232.4,1,111.5,-0.695,-0.534,-0.0000,50.1
31.170,7.08,-0.11,-9.54,8.31,-0.01,0.00,331.9,169.3,116.2,232.3,326.4,183.6,0,292.9,274.7,116.2,232.4,1,112.4,-0.695,-0.543,-0.0000,50.1
31.220,6.98,-0.14,-9.54,8.32,-0.01,0.00,334.7,163.4,116.2,232.3,326.4,183.6,0,292.4,274.8,116.2,232.4,1,119.1,-0.695,-0.552,-0.0000,50.1
31.270,6.98,-0.14,-9.54,8.33,-0.01,0.00,334.8,162.7,116.2,232.3,326.4,183.6,0,291.9,274.8,116.2,232.4,1,120.0,-0.695,-0.561,-0.0000,50.1
31.320,6.89,-0.18,-9.54,8.34,-0.01,0.00,337.6,156.9,116.2,232.3,326.4,183.6,0,291.5,274.8,116.2,232.4,1,126.6,-0.696,-0.571,-0.0000,50.1
31.370,6.89,-0.18,-9.54,8.36,-0.01,0.00,337.7,156.2,116.2,232.3,326.4,183.6,0,291.0,274.8,116.2,232.4,1,127.5,-0.696,-0.580,-0.0000,50.1
31.420,6.81,-0.22,-9.54,8.37,-0.01,0.00,340.6,150.8,116.2,232.3,326.4,183.6,0,290.5,274.8,116.2,232.4,1,133.7,-0.696,-0.589,-0.0000,50.1
31.470,6.81,-0.22,-9.54,8.38,-0.01,0.00,340.6,150.1,116.2,232.3,326.4,183.6,0,290.1,274.8,116.2,232.4,1,134.6,-0.697,-0.598,-0.0000,50.1
31.520,6.72,-0.26,-9.54,8.39,-0.01,0.00,343.6,144.8,116.2,232.3,326.4,183.6,0,289.6,274.8,116.2,232.4,1,140.8,-0.697,-0.608,-0.0000,50.1
31.570,6.72,-0.26,-9.54,8.41,-0.01,0.00,343.7,144.1,116.2,232.3,326.4,183.6,0,326.4,183.6,116.2,232.3,2,43.1,1.127,0.128,0.0000,50.1
31.620,6.64,-0.31,-9.54,8.42,-0.01,0.00,346.7,138.9,116.2,232.3,326.4,183.6,0,326.4,183.6,116.2,232.3,2,49.1,1.127,0.128,0.0000,50.1
31.670,6.64,-0.31,-9.54,8.43,-0.01,0.00,346.8,138.2,116.2,232.3,326.4,183.6,0,326.4,183.6,116.2,232.3,2,49.8,1.127,0.128,0.0000,50.1
31.720,6.56,-0.35,-9.54,8.44,-0.01,0.00,349.8,133.1,116.2,232.3,326.4,183.6,0,326.4,183.6,116.2,232.3,2,55.7,1.127,0.128,0.0000,50.1
31.770,6.56,-0.35,-9.54,8.46,-0.01,0.00,349.9,132.4,116.2,232.3,326.4,183.6,0,326.4,183.6,116.2,232.3,2,56.4,1.127,0.128,0.0000,50.1
31.820,6.49,-0.40,-9.54,8.47,-0.01,0.00,353.0,127.5,116.2,232.3,326.4,183.6,0,326.4,183.6,116.2,232.3,2,62.1,1.127,0.128,0.0000,50.1
31.870,6.49,-0.40,-9.54,8.48,-0.01,0.00,353.0,126.8,116.2,232.3,326.4,183.6,0,326.4,183.6,116.2,232.3,2,62.8,1.127,0.128,0.0000,50.1
31.921,6.42,-0.44,-9.54,8.49,-0.01,0.00,356.1,122.3,116.2,232.4,326.4,183.6,0,326.4,183.6,116.2,232.3,2,68.2,1.127,0.128,0.0000,50.1
31.971,6.42,-0.44,-9.54,8.51,-0.01,0.00,356.2,121.5,116.2,232.4,326.4,183.6,0,326.4,183.6,116.2,232.3,2,68.9,1.127,0.128,0.0000,50.1
32.021,6.36,-0.48,-9.54,8.52,-0.01,0.00,359.3,117.7,116.2,232.4,356.2,121.0,1,356.2,121.1,116.2,232.4,2,4.6,2.377,0.724,0.0000,50.1
32.071,6.36,-0.48,-9.54,8.53,-0.01,0.00,359.4,117.0,116.2,232.4,356.2,121.0,0,357.7,118.0,116.2,232.4,2,2.0,2.439,0.754,0.0000,50.1
32.121,6.31,-0.52,-9.54,8.54,-0.01,0.00,362.3,115.1,116.2,230.3,356.2,121.0,0,359.2,114.9,116.2,232.4,2,3.1,2.502,0.783,0.0000,50.1
32.171,6.31,-0.52,-9.54,8.56,-0.01,0.00,362.4,114.8,116.2,229.5,356.2,121.0,0,360.6,111.8,116.2,232.4,2,3.4,2.564,0.813,0.0000,50.1
32.221,6.29,-0.55,-9.54,8.57,-0.01,0.00,364.7,113.9,116.2,227.8,356.2,121.0,0,362.1,108.7,116.2,232.4,2,5.8,2.626,0.843,0.0000,50.1
32.271,6.29,-0.55,-9.54,8.58,-0.01,0.00,364.8,113.5,116.2,227.1,356.2,121.0,0,363.6,105.6,116.2,232.4,2,8.0,2.688,0.872,0.0000,50.1
32.321,6.29,-0.57,-9.54,8.59,-0.01,0.00,366.4,113.3,116.2,226.6,356.2,121.0,0,365.1,102.5,116.2,232.4,2,10.9,2.750,0.902,0.0000,50.1
32.371,6.29,-0.57,-9.54,8.61,-0.01,0.00,366.5,113.0,116.2,225.9,356.2,121.0,0,366.6,99.4,116.2,232.4,2,13.6,2.813,0.932,0.0000,50.1
32.421,6.32,-0.58,-9.54,8.62,-0.01,0.00,367.2,113.4,116.2,226.8,356.2,121.0,0,368.1,96.3,116.2,232.4,2,17.2,2.875,0.961,0.0000,50.1
32.471,6.32,-0.58,-9.54,8.63,-0.01,0.00,367.3,113.1,116.2,226.1,356.2,121.0,0,369.5,93.1,116.2,232.4,2,20.0,2.937,0.991,0.0000,50.1
32.521,6.37,-0.58,-9.54,8.64,-0.01,0.00,367.4,114.2,116.2,228.3,356.2,121.0,0,371.0,90.0,116.2,232.4,2,24.4,2.999,1.021,0.0000,50.1
32.571,6.37,-0.58,-9.54,8.66,-0.01,0.00,367.5,113.8,116.2,227.6,356.2,121.0,0,372.5,86.9,116.2,232.4,2,27.4,3.000,1.050,0.0000,50.1
32.622,6.44,-0.58,-9.54,8.67,-0.01,0.00,366.8,115.6,116.2,231.3,356.2,121.0,0,374.0,83.8,116.2,232.4,2,32.6,3.000,1.080,0.0000,50.1
32.672,6.44,-0.58,-9.54,8.68,-0.01,0.00,366.9,115.3,116.2,230.5,356.2,121.0,0,375.5,80.7,116.2,232.4,2,35.6,3.000,1.109,0.0000,50.0
32.722,6.54,-0.57,-9.54,8.69,-0.01,0.00,365.7,119.3,116.2,232.4,356.2,121.0,0,377.0,77.6,116.2,232.4,2,43.2,3.000,1.139,0.0000,50.1
32.772,6.54,-0.57,-9.54,8.71,-0.01,0.00,365.8,118.6,116.2,232.4,356.2,121.0,0,378.4,74.5,116.2,232.4,2,45.9,3.000,1.169,0.0000,50.1
32.822,6.67,-0.55,-9.54,8.72,-0.01,0.00,363.9,124.9,116.2,232.4,356.2,121.0,0,379.9,71.4,116.2,232.4,2,55.8,3.000,1.198,0.0000,50.1
32.872,6.67,-0.55,-9.54,8.73,-0.01,0.00,364.0,124.2,116.2,232.4,356.2,121.0,0,381.4,68.3,116.2,232.4,2,58.5,3.000,1.228,0.0000,50.1
32.922,6.81,-0.52,-9.54,8.74,-0.01,0.00,361.6,131.8,116.2,232.4,356.2,121.0,0,382.9,65.1,116.2,232.4,2,70.0,3.000,1.258,0.0000,50.1
32.972,6.81,-0.52,-9.54,8.76,-0.01,0.00,361.6,131.1,116.2,232.4,356.2,121.0,0,384.4,62.0,116.2,232.4,2,72.7,3.000,1.287,0.0000,50.1
33.022,6.98,-0.48,-9.54,8.77,-0.01,0.00,358.5,140.0,116.2,232.4,361.7,130.6,1,361.9,130.0,116.2,232.4,2,10.5,2.199,0.838,0.0000,50.1
33.072,6.98,-0.48,-9.54,8.78,-0.01,0.00,358.6,139.3,116.2,232.4,361.7,130.6,0,362.2,130.4,116.2,232.4,2,9.5,2.191,0.843,0.0000,50.1
33.122,7.18,-0.44,-9.54,8.79,-0.01,0.00,354.7,149.4,116.2,232.4,361.7,130.6,0,362.5,130.9,116.2,232.4,2,20.1,2.183,0.849,0.0000,50.1
33.172,7.18,-0.44,-9.54,8.81,-0.01,0.00,354.7,148.7,116.2,232.4,361.7,130.6,0,362.8,131.3,116.2,232.4,2,19.2,2.175,0.855,0.0000,50.1
33.222,7.40,-0.38,-9.54,8.82,-0.01,0.00,349.9,160.0,116.2,232.4,361.7,130.6,0,363.1,131.7,116.2,232.4,2,31.2,2.166,0.861,0.0000,50.1
33.272,7.40,-0.38,-9.54,8.83,-0.01,0.00,350.0,159.3,116.2,232.4,361.7,130.6,0,363.3,132.1,116.2,232.4,2,30.3,2.158,0.867,0.0000,50.1
33.322,7.63,-0.32,-9.54,8.84,-0.01,0.00,344.7,171.5,116.2,232.3,361.7,130.6,0,363.6,132.5,116.2,232.4,2,43.3,2.150,0.873,0.0000,50.1
33.372,7.63,-0.32,-9.54,8.86,-0.01,0.00,344.8,170.8,116.2,232.3,361.7,130.6,0,363.9,132.9,116.2,232.4,2,42.4,2.142,0.879,0.0000,50.1
33.423,7.88,-0.25,-9.54,8.87,-0.01,0.00,339.1,184.1,116.2,232.3,361.7,130.6,0,364.2,133.3,116.2,232.4,2,56.6,2.134,0.885,0.0000,50.0
33.473,7.88,-0.25,-9.54,8.88,-0.01,0.00,339.2,183.4,116.2,232.3,361.7,130.6,0,364.5,133.7,116.2,232.4,2,55.7,2.125,0.891,0.0000,50.1
33.523,8.13,-0.18,-9.54,8.89,-0.01,0.00,333.5,196.9,116.2,232.3,361.7,130.6,0,364.8,134.1,116.2,232.4,2,70.1,2.117,0.896,0.0000,50.1
33.573,8.13,-0.18,-9.54,8.91,-0.01,0.00,333.6,196.1,116.2,232.3,361.7,130.6,0,365.1,134.6,116.2,232.4,2,69.2,2.109,0.902,0.0000,50.1
33.623,8.39,-0.10,-9.54,8.92,-0.01,0.00,327.8,209.8,116.1,232.3,361.7,130.6,0,365.4,135.0,116.2,232.4,2,83.8,2.101,0.908,0.0000,50.1
33.673,8.39,-0.10,-9.54,8.93,-0.01,0.00,327.9,209.1,116.1,232.3,361.7,130.6,0,365.7,135.4,116.2,232.4,2,82.9,2.092,0.914,0.0000,50.1
33.723,8.64,-0.03,-9.54,8.94,-0.01,0.00,322.2,222.7,116.1,232.3,361.7,130.6,0,366.0,135.8,116.2,232.4,2,97.3,2.084,0.920,0.0000,50.1
33.773,8.64,-0.03,-9.54,8.96,-0.01,0.00,322.3,222.0,116.1,232.3,361.7,130.6,0,366.3,136.2,116.2,232.4,2,96.4,2.076,0.926,0.0000,50.1
33.823,8.89,0.05,-9.54,8.97,-0.01,0.00,316.7,235.3,116.1,232.3,361.7,130.6,0,366.6,136.6,116.2,232.4,2,110.5,2.068,0.932,0.0000,50.1
33.873,8.89,0.05,-9.54,8.98,-0.01,0.00,316.8,234.5,116.1,232.3,361.7,130.6,0,366.9,137.0,116.2,232.4,2,109.6,2.059,0.938,0.0000,50.1
33.923,9.14,0.12,-9.54,8.99,-0.01,0.00,311.3,247.4,116.1,232.3,361.7,130.6,0,367.2,137.4,116.2,232.4,2,123.4,2.051,0.944,0.0000,50.1
33.973,9.14,0.12,-9.54,9.01,-0.01,0.00,311.3,246.7,116.1,232.3,361.7,130.6,0,367.5,137.9,116.2,232.4,2,122.5,2.043,0.950,0.0000,50.1
34.023,9.37,0.20,-9.54,9.02,-0.01,0.00,305.9,259.1,116.2,232.3,311.4,246.2,1,311.4,246.2,116.1,232.3,3,14.0,-0.125,-0.173,-0.0000,50.1
34.073,9.37,0.20,-9.54,9.03,-0.01,0.00,306.0,258.4,116.2,232.3,311.4,246.2,0,368.1,138.7,116.2,232.4,2,134.9,2.027,0.961,0.0000,50.1
34.124,9.60,0.27,-9.54,9.04,-0.01,0.00,300.6,270.7,116.2,232.3,311.4,246.2,0,368.4,139.1,116.2,232.4,2,148.0,2.018,0.967,0.0000,50.1
34.174,9.60,0.27,-9.54,9.06,-0.01,0.00,300.6,269.9,116.2,232.3,311.4,246.2,0,368.7,139.5,116.2,232.4,2,147.1,2.010,0.973,0.0000,50.1
34.224,9.83,0.34,-9.54,9.07,-0.01,0.00,295.2,281.9,116.2,232.4,311.4,246.2,0,368.9,139.9,116.2,232.4,2,160.0,2.002,0.979,0.0000,50.1
34.274,9.83,0.34,-9.54,9.08,-0.01,0.00,295.3,281.2,116.2,232.4,311.4,246.2,0,369.2,140.3,116.2,232.4,2,159.1,1.994,0.985,0.0000,50.1
34.324,10.05,0.42,-9.54,9.10,-0.01,0.00,289.8,292.9,116.2,232.4,311.4,246.2,0,369.5,140.7,116.2,232.4,2,171.8,1.985,0.991,0.0000,50.1
34.374,10.05,0.42,-9.54,9.11,-0.01,0.00,289.9,292.2,116.2,232.4,311.4,246.2,0,369.8,141.1,116.2,232.4,2,170.9,1.977,0.997,0.0000,50.1
34.424,10.27,0.49,-9.54,9.12,-0.01,0.00,284.4,303.9,116.2,232.4,311.4,246.2,0,370.1,141.6,116.2,232.4,2,183.6,1.969,1.003,0.0000,50.1
34.474,10.27,0.49,-9.54,9.13,-0.01,0.00,284.4,303.1,116.2,232.4,311.4,246.2,0,370.4,142.0,116.2,232.4,2,182.7,1.961,1.008,0.0000,50.1
34.524,10.48,0.57,-9.54,9.15,-0.01,0.00,279.0,314.4,116.2,232.4,311.4,246.2,0,370.7,142.4,116.2,232.4,2,194.9,1.952,1.014,0.0000,50.1
34.574,10.48,0.57,-9.54,9.16,-0.01,0.00,279.1,313.7,116.2,232.4,311.4,246.2,0,311.4,246.2,116.1,232.3,3,74.7,-0.125,-0.173,-0.0000,50.1
34.624,10.70,0.65,-9.54,9.17,-0.01,0.00,273.5,325.0,116.2,232.4,311.4,246.2,0,311.4,246.2,116.1,232.3,3,87.4,-0.125,-0.173,-0.0000,50.1
34.674,10.70,0.65,-9.54,9.18,-0.01,0.00,273.6,324.3,116.2,232.4,311.4,246.2,0,311.4,246.2,116.1,232.3,3,86.7,-0.125,-0.173,-0.0000,50.1
34.724,10.92,0.73,-9.54,9.20,-0.01,0.00,268.0,335.6,116.2,232.4,311.4,246.2,0,311.4,246.2,116.1,232.3,3,99.3,-0.125,-0.173,-0.0000,50.1
34.774,10.92,0.73,-9.54,9.21,-0.01,0.00,268.1,334.9,116.2,232.4,311.4,246.2,0,311.4,246.2,116.1,232.3,3,98.7,-0.125,-0.173,-0.0000,50.1
34.824,11.13,0.80,-9.54,9.22,-0.01,0.00,262.5,346.0,116.2,232.4,311.4,246.2,0,311.4,246.2,116.1,232.3,3,111.1,-0.125,-0.173,-0.0000,50.1
34.875,11.13,0.80,-9.54,9.23,-0.01,0.00,262.6,345.3,116.2,232.4,311.4,246.2,0,311.4,246.2,116.1,232.3,3,110.4,-0.125,-0.173,-0.0000,50.0
34.925,11.33,0.88,-9.54,9.25,-0.01,0.00,257.2,356.0,116.2,232.4,311.4,246.2,0,311.4,246.2,116.1,232.3,3,122.4,-0.125,-0.173,-0.0000,50.1
34.975,11.33,0.88,-9.54,9.26,-0.01,0.00,257.2,355.3,116.2,232.4,311.4,246.2,0,311.4,246.2,116.1,232.3,3,121.7,-0.125,-0.173,-0.0000,50.1
35.025,11.52,0.96,-9.54,9.27,-0.01,0.00,251.7,364.5,116.2,230.9,257.3,354.8,1,257.3,354.8,116.2,232.4,4,11.2,-2.296,-1.255,-0.0000,50.1
35.075,11.52,0.96,-9.54,9.28,-0.01,0.00,251.8,364.2,116.2,231.6,257.3,354.8,0,311.4,246.2,116.1,232.3,3,132.1,-0.125,-0.173,-0.0000,50.1
35.125,11.70,1.04,-9.54,9.30,-0.01,0.00,246.4,368.7,116.2,222.7,257.3,354.8,0,311.4,246.2,116.1,232.3,3,138.6,-0.125,-0.173,-0.0000,50.1
35.175,11.70,1.04,-9.54,9.31,-0.01,0.00,246.4,368.3,116.2,223.4,257.3,354.8,0,311.4,246.2,116.1,232.3,3,138.3,-0.125,-0.173,-0.0000,50.1
35.225,11.85,1.11,-9.54,9.32,-0.01,0.00,241.3,372.2,116.2,215.7,257.3,354.8,0,311.4,246.2,116.1,232.3,3,144.1,-0.125,-0.173,-0.0000,50.1
35.275,11.85,1.11,-9.54,9.33,-0.01,0.00,241.4,371.8,116.2,216.4,257.3,354.8,0,311.4,246.2,116.1,232.3,3,143.7,-0.125,-0.173,-0.0000,50.1
35.325,11.98,1.18,-9.54,9.35,-0.01,0.00,236.9,375.1,116.2,209.9,257.3,354.8,0,311.4,246.2,116.1,232.3,3,148.8,-0.125,-0.173,-0.0000,50.1
35.375,11.98,1.18,-9.54,9.36,-0.01,0.00,237.0,374.7,116.2,210.6,257.3,354.8,0,311.4,246.2,116.1,232.3,3,148.4,-0.125,-0.173,-0.0000,50.1
35.425,12.09,1.23,-9.54,9.37,-0.01,0.00,233.5,377.4,116.2,205.2,257.3,354.8,0,311.4,246.2,116.1,232.3,3,152.6,-0.125,-0.173,-0.0000,50.1
35.475,12.09,1.23,-9.54,9.38,-0.01,0.00,233.5,377.1,116.2,205.9,257.3,354.8,0,311.4,246.2,116.1,232.3,3,152.2,-0.125,-0.173,-0.0000,50.1
35.525,12.18,1.27,-9.54,9.40,-0.01,0.00,231.3,379.2,116.2,201.7,257.3,354.8,0,311.4,246.2,116.1,232.3,3,155.2,-0.125,-0.173,-0.0000,50.1
35.576,12.18,1.27,-9.54,9.41,-0.01,0.00,231.4,378.8,116.2,202.4,257.3,354.8,0,257.3,354.8,116.2,232.4,4,35.3,-2.296,-1.255,-0.0000,50.1
35.626,12.25,1.30,-9.54,9.42,-0.01,0.00,229.9,380.4,116.2,199.1,257.3,354.8,0,257.3,354.8,116.2,232.4,4,37.5,-2.296,-1.255,-0.0000,50.0
35.676,12.25,1.30,-9.54,9.43,-0.01,0.00,230.0,380.1,116.2,199.8,257.3,354.8,0,257.3,354.8,116.2,232.4,4,37.2,-2.296,-1.255,-0.0000,50.1
35.726,12.30,1.32,-9.54,9.45,-0.01,0.00,228.7,381.2,116.2,197.7,257.3,354.8,0,257.3,354.8,116.2,232.4,4,38.8,-2.296,-1.255,-0.0000,50.1
35.776,12.30,1.32,-9.54,9.46,-0.01,0.00,228.8,380.8,116.2,198.4,257.3,354.8,0,257.3,354.8,116.2,232.4,4,38.5,-2.296,-1.255,-0.0000,50.1
35.826,12.33,1.33,-9.54,9.47,-0.01,0.00,227.6,381.3,116.2,197.4,257.3,354.8,0,257.3,354.8,116.2,232.4,4,39.8,-2.296,-1.255,-0.0000,50.1
35.876,12.33,1.33,-9.54,9.48,-0.01,0.00,227.7,381.0,116.2,198.1,257.3,354.8,0,257.3,354.8,116.2,232.4,4,39.5,-2.296,-1.255,-0.0000,50.1
35.926,12.35,1.33,-9.54,9.50,-0.01,0.00,226.9,380.9,116.2,198.1,257.3,354.8,0,257.3,354.8,116.2,232.4,4,40.1,-2.296,-1.255,-0.0000,50.1
35.976,12.35,1.33,-9.54,9.51,-0.01,0.00,226.9,380.6,116.2,198.9,257.3,354.8,0,257.3,354.8,116.2,232.4,4,39.8,-2.296,-1.255,-0.0000,50.1
36.026,12.35,1.32,-9.54,9.52,-0.01,0.00,227.0,380.0,116.2,200.0,227.0,380.4,1,227.0,380.3,116.2,199.3,4,0.3,-2.807,-1.860,-0.0000,50.1
36.076,12.35,1.32,-9.54,9.53,-0.01,0.00,227.1,379.7,116.2,200.7,227.0,380.4,0,225.5,381.6,116.2,197.7,4,2.5,-2.832,-1.890,-0.0000,50.1
36.126,12.32,1.31,-9.54,9.55,-0.01,0.00,228.0,378.5,116.2,202.9,227.0,380.4,0,224.0,382.9,116.2,196.0,4,5.9,-2.857,-1.920,-0.0000,50.1
36.176,12.32,1.31,-9.54,9.56,-0.01,0.00,228.1,378.2,116.2,203.6,227.0,380.4,0,222.5,384.1,116.2,194.4,4,8.2,-2.883,-1.950,-0.0000,50.1
36.226,12.28,1.28,-9.54,9.57,-0.01,0.00,230.1,376.5,116.2,207.0,227.0,380.4,0,221.0,385.4,116.2,192.7,4,12.7,-2.908,-1.980,-0.0000,50.1
36.276,12.28,1.28,-9.54,9.58,-0.01,0.00,230.1,376.1,116.2,207.8,227.0,380.4,0,219.5,386.7,116.2,191.1,4,15.0,-2.934,-2.010,-0.0000,50.1
36.327,12.20,1.24,-9.54,9.60,-0.01,0.00,232.9,373.8,116.2,212.4,227.0,380.4,0,218.0,387.9,116.2,189.4,4,20.5,-2.959,-2.040,-0.0000,50.1
36.377,12.20,1.24,-9.54,9.61,-0.01,0.00,233.0,373.4,116.2,213.2,227.0,380.4,0,216.5,389.2,116.2,187.8,4,22.8,-2.984,-2.070,-0.0000,50.0
36.427,12.11,1.19,-9.54,9.62,-0.01,0.00,236.5,370.5,116.2,219.1,227.0,380.4,0,215.0,390.5,116.2,186.1,4,29.4,-3.000,-2.100,-0.0000,50.1
36.477,12.11,1.19,-9.54,9.63,-0.01,0.00,236.6,370.1,116.2,219.8,227.0,380.4,0,213.5,391.8,116.2,184.5,4,31.7,-3.000,-2.130,-0.0000,50.1
36.527,11.99,1.12,-9.54,9.65,-0.01,0.00,241.0,366.5,116.2,227.0,227.0,380.4,0,212.0,393.0,116.2,182.8,4,39.4,-3.000,-2.161,-0.0000,50.1
36.577,11.99,1.12,-9.54,9.66,-0.01,0.00,241.1,366.1,116.2,227.8,227.0,380.4,0,210.5,394.3,116.2,181.2,4,41.6,-3.000,-2.191,-0.0000,50.1
36.627,11.85,1.05,-9.54,9.67,-0.01,0.00,246.3,360.2,116.2,232.4,227.0,380.4,0,209.0,395.6,116.2,179.5,4,51.4,-3.000,-2.221,-0.0000,50.1
36.677,11.85,1.05,-9.54,9.68,-0.01,0.00,246.4,359.5,116.2,232.4,227.0,380.4,0,207.5,396.8,116.2,177.9,4,53.9,-3.000,-2.251,-0.0000,50.1
36.727,11.69,0.96,-9.54,9.70,-0.01,0.00,252.5,350.0,116.2,232.4,227.0,380.4,0,206.0,398.1,116.2,176.3,4,67.0,-3.000,-2.281,-0.0000,50.1
36.777,11.69,0.96,-9.54,9.71,-0.01,0.00,252.6,349.2,116.2,232.4,227.0,380.4,0,204.4,399.4,116.2,174.6,4,69.5,-3.000,-2.311,-0.0000,50.1
36.827,11.51,0.85,-9.54,9.72,-0.01,0.00,259.7,338.5,116.2,232.4,227.0,380.4,0,202.9,400.6,116.2,173.0,4,84.1,-3.000,-2.341,-0.0000,50.1
36.877,11.51,0.85,-9.54,9.73,-0.01,0.00,259.8,337.8,116.2,232.4,227.0,380.4,0,201.4,401.9,116.2,171.3,4,86.7,-3.000,-2.371,-0.0000,50.1
36.927,11.31,0.74,-9.54,9.75,-0.01,0.00,267.8,326.1,116.2,232.4,227.0,380.4,0,199.9,403.2,116.2,169.7,4,102.7,-3.000,-2.401,-0.0000,50.1
36.977,11.31,0.74,-9.54,9.76,-0.01,0.00,267.8,325.4,116.2,232.4,227.0,380.4,0,198.4,404.4,116.2,168.0,4,105.2,-3.000,-2.431,-0.0000,50.1
37.027,11.09,0.60,-9.54,9.77,-0.01,0.00,277.0,312.6,116.2,232.4,267.9,325.0,1,267.9,325.0,116.2,232.4,5,15.4,-1.700,-1.043,-0.0000,50.1
37.077,11.09,0.60,-9.54,9.78,-0.01,0.00,277.1,311.9,116.2,232.4,267.9,325.0,0,195.4,407.0,116.2,164.7,4,125.3,-3.000,-2.492,-0.0000,50.1
37.128,10.85,0.46,-9.54,9.80,-0.01,0.00,287.2,298.2,116.2,232.3,267.9,325.0,0,193.9,408.3,116.2,163.1,4,144.3,-3.000,-2.522,-0.0000,50.1
37.178,10.85,0.46,-9.54,9.81,-0.01,0.00,287.3,297.5,116.2,232.3,267.9,325.0,0,192.4,409.5,116.2,161.4,4,146.8,-3.000,-2.552,-0.0000,50.1
37.228,10.59,0.30,-9.54,9.82,-0.01,0.00,298.2,282.8,116.2,232.3,267.9,325.0,0,190.9,410.8,116.2,159.8,4,167.0,-3.000,-2.582,-0.0000,50.1
37.278,10.59,0.30,-9.54,9.83,-0.01,0.00,298.2,282.1,116.2,232.3,267.9,325.0,0,189.4,412.1,116.2,158.1,4,169.5,-3.000,-2.612,-0.0000,50.1
37.328,10.32,0.12,-9.54,9.85,-0.01,0.00,309.7,266.7,116.2,232.3,267.9,325.0,0,187.9,413.3,116.2,156.5,4,190.6,-3.000,-2.642,-0.0000,50.1
37.378,10.32,0.12,-9.54,9.86,-0.01,0.00,309.7,266.0,116.2,232.3,267.9,325.0,0,186.4,414.6,116.2,154.8,4,193.1,-3.000,-2.672,-0.0000,50.1
37.428,10.04,-0.06,-9.54,9.87,-0.01,0.00,321.8,249.8,116.1,232.3,267.9,325.0,0,184.9,415.9,116.2,153.2,4,215.2,-3.000,-2.702,-0.0000,50.1
37.478,10.04,-0.06,-9.54,9.88,-0.01,0.00,321.9,249.1,116.1,232.3,267.9,325.0,0,183.4,417.1,116.2,151.5,4,217.8,-3.000,-2.732,-0.0000,50.1
37.528,9.74,-0.26,-9.54,9.90,-0.01,0.00,334.7,232.2,116.1,232.3,267.9,325.0,0,181.9,418.4,116.2,149.9,4,240.9,-3.000,-2.763,-0.0000,50.1
37.578,9.74,-0.26,-9.54,9.91,-0.01,0.00,334.7,231.4,116.1,232.3,267.9,325.0,0,267.9,325.0,116.2,232.4,5,115.0,-1.700,-1.043,-0.0000,50.1
37.628,9.45,-0.46,-9.55,9.92,-0.01,0.00,347.7,214.6,116.1,232.3,267.9,325.0,0,267.9,325.0,116.2,232.4,5,136.3,-1.700,-1.043,-0.0000,50.1
37.678,9.45,-0.46,-9.55,9.93,-0.01,0.00,347.8,213.8,116.1,232.3,267.9,325.0,0,267.9,325.0,116.2,232.4,5,136.9,-1.700,-1.043,-0.0000,50.1
37.728,9.15,-0.67,-9.55,9.95,-0.01,0.00,361.2,196.6,116.1,232.3,267.9,325.0,0,267.9,325.0,116.2,232.4,5,158.7,-1.700,-1.043,-0.0000,50.1
37.778,9.15,-0.67,-9.55,9.96,-0.01,0.00,361.2,195.9,116.1,232.3,267.9,325.0,0,267.9,325.0,116.2,232.4,5,159.3,-1.700,-1.043,-0.0000,50.1
37.828,8.85,-0.88,-9.54,9.97,-0.01,0.00,374.9,178.5,116.1,232.3,267.9,325.0,0,267.9,325.0,116.2,232.4,5,181.5,-1.700,-1.043,-0.0000,50.1
37.879,8.85,-0.88,-9.54,9.98,-0.01,0.00,375.0,177.8,116.1,232.3,267.9,325.0,0,267.9,325.0,116.2,232.4,5,182.1,-1.700,-1.043,-0.0000,50.1
37.929,8.54,-1.10,-9.54,10.00,-0.01,0.00,388.8,160.2,116.1,232.3,267.9,325.0,0,267.9,325.0,116.2,232.4,5,204.4,-1.700,-1.043,-0.0000,50.1
37.979,8.54,-1.10,-9.54,10.01,-0.01,0.00,388.9,159.5,116.1,232.3,267.9,325.0,0,267.9,325.0,116.2,232.4,5,205.0,-1.700,-1.043,-0.0000,50.1
38.029,8.24,-1.32,-9.54,10.02,-0.01,0.00,402.7,142.1,116.1,232.3,388.9,159.1,1,388.9,159.1,116.1,232.3,6,21.9,1.618,1.378,0.0000,50.1
38.079,8.24,-1.32,-9.54,10.03,-0.01,0.00,402.8,141.4,116.1,232.3,388.9,159.1,0,267.9,325.0,116.2,232.4,5,227.8,-1.700,-1.043,-0.0000,50.1
38.129,7.95,-1.54,-9.54,10.05,-0.01,0.00,416.4,124.4,116.1,232.3,388.9,159.1,0,267.9,325.0,116.2,232.4,5,249.6,-1.700,-1.043,-0.0000,50.1
38.179,7.95,-1.54,-9.54,10.06,-0.01,0.00,416.5,123.6,116.1,232.3,388.9,159.1,0,267.9,325.0,116.2,232.4,5,250.2,-1.700,-1.043,-0.0000,50.1
38.229,7.66,-1.74,-9.54,10.07,-0.01,0.00,429.7,111.7,116.2,223.5,388.9,159.1,0,267.9,325.0,116.2,232.4,5,267.7,-1.700,-1.043,-0.0000,50.1
38.279,7.66,-1.74,-9.54,10.08,-0.01,0.00,429.8,111.4,116.2,222.7,388.9,159.1,0,267.9,325.0,116.2,232.4,5,268.0,-1.700,-1.043,-0.0000,50.1
38.329,7.38,-1.93,-9.54,10.10,-0.01,0.00,442.7,103.6,116.2,207.1,388.9,159.1,0,267.9,325.0,116.2,232.4,5,282.1,-1.700,-1.043,-0.0000,50.1
38.379,7.38,-1.93,-9.54,10.11,-0.01,0.00,442.7,103.2,116.2,206.4,388.9,159.1,0,267.9,325.0,116.2,232.4,5,282.4,-1.700,-1.043,-0.0000,50.1
38.429,7.12,-2.11,-9.54,10.12,-0.01,0.00,454.6,95.7,116.2,191.4,388.9,159.1,0,267.9,325.0,116.2,232.4,5,295.7,-1.700,-1.043,-0.0000,50.1
38.479,7.12,-2.11,-9.54,10.13,-0.01,0.00,454.6,95.3,116.2,190.7,388.9,159.1,0,267.9,325.0,116.2,232.4,5,296.0,-1.700,-1.043,-0.0000,50.1
38.529,6.87,-2.27,-9.54,10.15,-0.01,0.00,465.0,88.1,116.2,176.1,388.9,159.1,0,267.9,325.0,116.2,232.4,5,308.2,-1.700,-1.043,-0.0000,50.1
38.580,6.87,-2.27,-9.54,10.16,-0.01,0.00,465.1,87.7,116.2,175.4,388.9,159.1,0,388.9,159.1,116.1,232.3,6,104.4,1.618,1.378,0.0000,50.0
38.630,6.63,-2.42,-9.54,10.17,-0.01,0.00,474.5,80.6,116.2,161.2,388.9,159.1,0,388.9,159.1,116.1,232.3,6,116.1,1.618,1.378,0.0000,50.1
38.680,6.63,-2.42,-9.54,10.18,-0.01,0.00,474.5,80.3,116.2,160.5,388.9,159.1,0,388.9,159.1,116.1,232.3,6,116.4,1.618,1.378,0.0000,50.1
38.730,6.41,-2.56,-9.54,10.20,-0.01,0.00,483.3,73.8,116.2,147.5,388.9,159.1,0,388.9,159.1,116.1,232.3,6,127.3,1.618,1.378,0.0000,50.1
38.780,6.41,-2.56,-9.54,10.21,-0.01,0.00,483.3,73.4,116.2,146.8,388.9,159.1,0,388.9,159.1,116.1,232.3,6,127.5,1.618,1.378,0.0000,50.1
38.830,6.20,-2.68,-9.54,10.22,-0.01,0.00,492.1,67.3,116.2,134.6,388.9,159.1,0,388.9,159.1,116.1,232.3,6,138.2,1.618,1.378,0.0000,50.1
38.880,6.20,-2.68,-9.54,10.23,-0.01,0.00,492.2,66.9,116.2,133.8,388.9,159.1,0,388.9,159.1,116.1,232.3,6,138.4,1.618,1.378,0.0000,50.1
38.930,6.00,-2.80,-9.54,10.25,-0.01,0.00,500.7,61.3,116.2,122.7,388.9,159.1,0,388.9,159.1,116.1,232.3,6,148.6,1.618,1.378,0.0000,50.1
38.980,6.00,-2.80,-9.54,10.26,-0.01,0.00,500.8,61.0,116.2,121.9,388.9,159.1,0,388.9,159.1,116.1,232.3,6,148.8,1.618,1.378,0.0000,50.1
39.030,5.81,-2.90,-9.54,10.27,-0.01,0.00,508.6,55.9,116.2,111.8,500.8,60.8,1,500.8,60.8,116.2,121.6,7,9.2,3.000,3.000,0.0000,50.1
39.080,5.81,-2.90,-9.54,10.28,-0.01,0.00,508.6,55.5,116.2,111.0,500.8,60.8,0,388.9,159.1,116.1,232.3,6,158.3,1.618,1.378,0.0000,50.1
39.130,5.65,-3.00,-9.54,10.30,-0.01,0.00,515.4,50.8,116.2,101.6,500.8,60.8,0,388.9,159.1,116.1,232.3,6,166.5,1.618,1.378,0.0000,50.1
39.180,5.65,-3.00,-9.54,10.31,-0.01,0.00,515.4,50.5,116.2,100.9,500.8,60.8,0,388.9,159.1,116.1,232.3,6,166.8,1.618,1.378,0.0000,50.1
39.230,5.51,-3.08,-9.54,10.32,-0.01,0.00,521.2,46.3,116.3,92.6,500.8,60.8,0,388.9,159.1,116.1,232.3,6,173.9,1.618,1.378,0.0000,50.1
39.280,5.51,-3.08,-9.54,10.33,-0.01,0.00,521.3,45.9,116.3,91.8,500.8,60.8,0,388.9,159.1,116.1,232.3,6,174.2,1.618,1.378,0.0000,50.1
39.331,5.39,-3.15,-9.54,10.35,-0.01,0.00,526.1,42.3,116.2,84.6,500.8,60.8,0,388.9,159.1,116.1,232.3,6,180.2,1.618,1.378,0.0000,50.1
39.381,5.39,-3.15,-9.54,10.36,-0.01,0.00,526.2,41.9,116.2,83.9,500.8,60.8,0,388.9,159.1,116.1,232.3,6,180.5,1.618,1.378,0.0000,50.1
39.431,5.29,-3.20,-9.54,10.37,-0.01,0.00,530.2,38.9,116.2,77.8,500.8,60.8,0,388.9,159.1,116.1,232.3,6,185.5,1.618,1.378,0.0000,50.1
39.481,5.29,-3.20,-9.54,10.38,-0.01,0.00,530.2,38.5,116.2,77.0,500.8,60.8,0,388.9,159.1,116.1,232.3,6,185.8,1.618,1.378,0.0000,50.1
39.531,5.21,-3.24,-9.54,10.40,-0.01,0.00,533.3,36.1,116.2,72.1,500.8,60.8,0,388.9,159.1,116.1,232.3,6,189.8,1.618,1.378,0.0000,50.1
39.581,5.21,-3.24,-9.54,10.41,-0.01,0.00,533.4,35.7,116.2,71.4,500.8,60.8,0,500.8,60.8,116.2,121.6,7,41.1,3.000,3.000,0.0000,50.1
39.631,5.15,-3.27,-9.54,10.42,-0.01,0.00,535.7,33.8,116.2,67.6,500.8,60.8,0,500.8,60.8,116.2,121.6,7,44.1,3.000,3.000,0.0000,50.0
39.681,5.15,-3.27,-9.54,10.43,-0.01,0.00,535.7,33.4,116.2,66.9,500.8,60.8,0,500.8,60.8,116.2,121.6,7,44.3,3.000,3.000,0.0000,50.1
39.731,5.11,-3.29,-9.54,10.45,-0.01,0.00,536.8,32.1,116.2,64.2,500.8,60.8,0,500.8,60.8,116.2,121.6,7,46.0,3.000,3.000,0.0000,50.1
39.781,5.11,-3.29,-9.54,10.46,-0.01,0.00,536.9,31.7,116.2,63.5,500.8,60.8,0,500.8,60.8,116.2,121.6,7,46.3,3.000,3.000,0.0000,50.1
39.831,5.10,-3.29,-9.54,10.47,-0.01,0.00,537.1,31.0,116.2,61.9,500.8,60.8,0,500.8,60.8,116.2,121.6,7,46.9,3.000,3.000,0.0000,50.1
39.881,5.10,-3.29,-9.54,10.48,-0.01,0.00,537.1,30.6,116.2,61.2,500.8,60.8,0,500.8,60.8,116.2,121.6,7,47.2,3.000,3.000,0.0000,50.1
39.931,5.11,-3.28,-9.54,10.50,-0.01,0.00,536.4,30.4,116.2,60.8,500.8,60.8,0,500.8,60.8,116.2,121.6,7,46.8,3.000,3.000,0.0000,50.1
39.981,5.11,-3.28,-9.54,10.51,-0.01,0.00,536.5,30.1,116.2,60.1,500.8,60.8,0,500.8,60.8,116.2,121.6,7,47.1,3.000,3.000,0.0000,50.1
