{
  "started": "2026-06-18T11:42:03.402691+00:00",
  "T0b": {
    "phase": "T0b",
    "host": "3090 (x86_64)",
    "n_frames": 1180,
    "budget_ms": 50.0,
    "update_ms": {
      "n": 1180,
      "mean": 0.06019854530893361,
      "median": 0.05109600897412747,
      "p99": 0.10310200741514564,
      "min": 0.0484500196762383,
      "max": 0.11554098455235362
    },
    "implied_max_hz": 19571.00016375743,
    "headroom_ms_median": 49.94890399102587,
    "headroom_frac": 0.9989780798205175,
    "max_lost_frames": 30,
    "coast_horizon_s": 1.5
  }
}