{
  "backend": "hf",
  "n": 150,
  "parse_rate": 0.9933333333333333,
  "iou_gate_pass_rate": 0.8066666666666666,
  "mean_iou": 0.6226661915292356,
  "center_std": 235.43823939457985
}
