[export] python /tmp/llama.cpp-57fe1f0/convert_hf_to_gguf.py experiments/2026-06-30-vlm-backbone-bakeoff/runs/qwen2.5-vl-3b/lr0.0002 --outfile experiments/2026-06-30-vlm-backbone-bakeoff/runs/qwen2.5-vl-3b/lr0.0002/gguf/mmproj-lr0.0002-f16.gguf --mmproj
INFO:hf-to-gguf:Loading model: lr0.0002
INFO:hf-to-gguf:Model architecture: Qwen2_5_VLForConditionalGeneration
INFO:hf-to-gguf:gguf: loading model weight map from 'model.safetensors.index.json'
INFO:hf-to-gguf:gguf: indexing model part 'model-00001-of-00002.safetensors'
INFO:hf-to-gguf:gguf: indexing model part 'model-00002-of-00002.safetensors'
INFO:hf-to-gguf:heuristics detected bfloat16 tensor dtype, setting --outtype bf16
INFO:gguf.gguf_writer:gguf: This GGUF file is for Little Endian only
INFO:hf-to-gguf:Exporting model...
INFO:hf-to-gguf:v.blk.0.attn_out.bias,                torch.bfloat16 --> F32, shape = {1280}
INFO:hf-to-gguf:v.blk.0.attn_out.weight,              torch.bfloat16 --> BF16, shape = {1280, 1280}
INFO:hf-to-gguf:v.blk.0.attn_q.bias,                  torch.bfloat16 --> F32, shape = {1280}
INFO:hf-to-gguf:v.blk.0.attn_k.bias,                  torch.bfloat16 --> F32, shape = {1280}
INFO:hf-to-gguf:v.blk.0.attn_v.bias,                  torch.bfloat16 --> F32, shape = {1280}
INFO:hf-to-gguf:v.blk.0.attn_q.weight,                torch.bfloat16 --> BF16, shape = {1280, 1280}
INFO:hf-to-gguf:v.blk.0.attn_k.weight,                torch.bfloat16 --> BF16, shape = {1280, 1280}
INFO:hf-to-gguf:v.blk.0.attn_v.weight,                torch.bfloat16 --> BF16, shape = {1280, 1280}
INFO:hf-to-gguf:v.blk.0.ffn_down.bias,                torch.bfloat16 --> F32, shape = {1280}
INFO:hf-to-gguf:v.blk.0.ffn_down.weight,              torch.bfloat16 --> BF16, shape = {3420, 1280}
INFO:hf-to-gguf:v.blk.0.ffn_gate.bias,                torch.bfloat16 --> F32, shape = {3420}
INFO:hf-to-gguf:v.blk.0.ffn_gate.weight,              torch.bfloat16 --> BF16, shape = {1280, 3420}
INFO:hf-to-gguf:v.blk.0.ffn_up.bias,                  torch.bfloat16 --> F32, shape = {3420}
INFO:hf-to-gguf:v.blk.0.ffn_up.weight,                torch.bfloat16 --> BF16, shape = {1280, 3420}
INFO:hf-to-gguf:v.blk.0.ln1.weight,                   torch.bfloat16 --> F32, shape = {1280}
INFO:hf-to-gguf:v.blk.0.ln2.weight,                   torch.bfloat16 --> F32, shape = {1280}
INFO:hf-to-gguf:v.blk.1.attn_out.bias,                torch.bfloat16 --> F32, shape = {1280}
INFO:hf-to-gguf:v.blk.1.attn_out.weight,              torch.bfloat16 --> BF16, shape = {1280, 1280}
INFO:hf-to-gguf:v.blk.1.attn_q.bias,                  torch.bfloat16 --> F32, shape = {1280}
INFO:hf-to-gguf:v.blk.1.attn_k.bias,                  torch.bfloat16 --> F32, shape = {1280}
INFO:hf-to-gguf:v.blk.1.attn_v.bias,                  torch.bfloat16 --> F32, shape = {1280}
INFO:hf-to-gguf:v.blk.1.attn_q.weight,                torch.bfloat16 --> BF16, shape = {1280, 1280}
INFO:hf-to-gguf:v.blk.1.attn_k.weight,                torch.bfloat16 --> BF16, shape = {1280, 1280}
INFO:hf-to-gguf:v.blk.1.attn_v.weight,                torch.bfloat16 --> BF16, shape = {1280, 1280}
INFO:hf-to-gguf:v.blk.1.ffn_down.bias,                torch.bfloat16 --> F32, shape = {1280}
INFO:hf-to-gguf:v.blk.1.ffn_down.weight,              torch.bfloat16 --> BF16, shape = {3420, 1280}
INFO:hf-to-gguf:v.blk.1.ffn_gate.bias,                torch.bfloat16 --> F32, shape = {3420}
INFO:hf-to-gguf:v.blk.1.ffn_gate.weight,              torch.bfloat16 --> BF16, shape = {1280, 3420}
INFO:hf-to-gguf:v.blk.1.ffn_up.bias,                  torch.bfloat16 --> F32, shape = {3420}
INFO:hf-to-gguf:v.blk.1.ffn_up.weight,                torch.bfloat16 --> BF16, shape = {1280, 3420}
INFO:hf-to-gguf:v.blk.1.ln1.weight,                   torch.bfloat16 --> F32, shape = {1280}
INFO:hf-to-gguf:v.blk.1.ln2.weight,                   torch.bfloat16 --> F32, shape = {1280}
INFO:hf-to-gguf:v.blk.10.attn_out.bias,               torch.bfloat16 --> F32, shape = {1280}
INFO:hf-to-gguf:v.blk.10.attn_out.weight,             torch.bfloat16 --> BF16, shape = {1280, 1280}
INFO:hf-to-gguf:v.blk.10.attn_q.bias,                 torch.bfloat16 --> F32, shape = {1280}
INFO:hf-to-gguf:v.blk.10.attn_k.bias,                 torch.bfloat16 --> F32, shape = {1280}
INFO:hf-to-gguf:v.blk.10.attn_v.bias,                 torch.bfloat16 --> F32, shape = {1280}
INFO:hf-to-gguf:v.blk.10.attn_q.weight,               torch.bfloat16 --> BF16, shape = {1280, 1280}
INFO:hf-to-gguf:v.blk.10.attn_k.weight,               torch.bfloat16 --> BF16, shape = {1280, 1280}
INFO:hf-to-gguf:v.blk.10.attn_v.weight,               torch.bfloat16 --> BF16, shape = {1280, 1280}
INFO:hf-to-gguf:v.blk.10.ffn_down.bias,               torch.bfloat16 --> F32, shape = {1280}
INFO:hf-to-gguf:v.blk.10.ffn_down.weight,             torch.bfloat16 --> BF16, shape = {3420, 1280}
INFO:hf-to-gguf:v.blk.10.ffn_gate.bias,               torch.bfloat16 --> F32, shape = {3420}
INFO:hf-to-gguf:v.blk.10.ffn_gate.weight,             torch.bfloat16 --> BF16, shape = {1280, 3420}
INFO:hf-to-gguf:v.blk.10.ffn_up.bias,                 torch.bfloat16 --> F32, shape = {3420}
INFO:hf-to-gguf:v.blk.10.ffn_up.weight,               torch.bfloat16 --> BF16, shape = {1280, 3420}
INFO:hf-to-gguf:v.blk.10.ln1.weight,                  torch.bfloat16 --> F32, shape = {1280}
INFO:hf-to-gguf:v.blk.10.ln2.weight,                  torch.bfloat16 --> F32, shape = {1280}
INFO:hf-to-gguf:v.blk.11.attn_out.bias,               torch.bfloat16 --> F32, shape = {1280}
INFO:hf-to-gguf:v.blk.11.attn_out.weight,             torch.bfloat16 --> BF16, shape = {1280, 1280}
INFO:hf-to-gguf:v.blk.11.attn_q.bias,                 torch.bfloat16 --> F32, shape = {1280}
INFO:hf-to-gguf:v.blk.11.attn_k.bias,                 torch.bfloat16 --> F32, shape = {1280}
INFO:hf-to-gguf:v.blk.11.attn_v.bias,                 torch.bfloat16 --> F32, shape = {1280}
INFO:hf-to-gguf:v.blk.11.attn_q.weight,               torch.bfloat16 --> BF16, shape = {1280, 1280}
INFO:hf-to-gguf:v.blk.11.attn_k.weight,               torch.bfloat16 --> BF16, shape = {1280, 1280}
INFO:hf-to-gguf:v.blk.11.attn_v.weight,               torch.bfloat16 --> BF16, shape = {1280, 1280}
INFO:hf-to-gguf:v.blk.11.ffn_down.bias,               torch.bfloat16 --> F32, shape = {1280}
INFO:hf-to-gguf:v.blk.11.ffn_down.weight,             torch.bfloat16 --> BF16, shape = {3420, 1280}
INFO:hf-to-gguf:v.blk.11.ffn_gate.bias,               torch.bfloat16 --> F32, shape = {3420}
INFO:hf-to-gguf:v.blk.11.ffn_gate.weight,             torch.bfloat16 --> BF16, shape = {1280, 3420}
INFO:hf-to-gguf:v.blk.11.ffn_up.bias,                 torch.bfloat16 --> F32, shape = {3420}
INFO:hf-to-gguf:v.blk.11.ffn_up.weight,               torch.bfloat16 --> BF16, shape = {1280, 3420}
INFO:hf-to-gguf:v.blk.11.ln1.weight,                  torch.bfloat16 --> F32, shape = {1280}
INFO:hf-to-gguf:v.blk.11.ln2.weight,                  torch.bfloat16 --> F32, shape = {1280}
INFO:hf-to-gguf:v.blk.12.attn_out.bias,               torch.bfloat16 --> F32, shape = {1280}
INFO:hf-to-gguf:v.blk.12.attn_out.weight,             torch.bfloat16 --> BF16, shape = {1280, 1280}
INFO:hf-to-gguf:v.blk.12.attn_q.bias,                 torch.bfloat16 --> F32, shape = {1280}
INFO:hf-to-gguf:v.blk.12.attn_k.bias,                 torch.bfloat16 --> F32, shape = {1280}
INFO:hf-to-gguf:v.blk.12.attn_v.bias,                 torch.bfloat16 --> F32, shape = {1280}
INFO:hf-to-gguf:v.blk.12.attn_q.weight,               torch.bfloat16 --> BF16, shape = {1280, 1280}
INFO:hf-to-gguf:v.blk.12.attn_k.weight,               torch.bfloat16 --> BF16, shape = {1280, 1280}
INFO:hf-to-gguf:v.blk.12.attn_v.weight,               torch.bfloat16 --> BF16, shape = {1280, 1280}
INFO:hf-to-gguf:v.blk.12.ffn_down.bias,               torch.bfloat16 --> F32, shape = {1280}
INFO:hf-to-gguf:v.blk.12.ffn_down.weight,             torch.bfloat16 --> BF16, shape = {3420, 1280}
INFO:hf-to-gguf:v.blk.12.ffn_gate.bias,               torch.bfloat16 --> F32, shape = {3420}
INFO:hf-to-gguf:v.blk.12.ffn_gate.weight,             torch.bfloat16 --> BF16, shape = {1280, 3420}
INFO:hf-to-gguf:v.blk.12.ffn_up.bias,                 torch.bfloat16 --> F32, shape = {3420}
INFO:hf-to-gguf:v.blk.12.ffn_up.weight,               torch.bfloat16 --> BF16, shape = {1280, 3420}
INFO:hf-to-gguf:v.blk.12.ln1.weight,                  torch.bfloat16 --> F32, shape = {1280}
INFO:hf-to-gguf:v.blk.12.ln2.weight,                  torch.bfloat16 --> F32, shape = {1280}
INFO:hf-to-gguf:v.blk.13.attn_out.bias,               torch.bfloat16 --> F32, shape = {1280}
INFO:hf-to-gguf:v.blk.13.attn_out.weight,             torch.bfloat16 --> BF16, shape = {1280, 1280}
INFO:hf-to-gguf:v.blk.13.attn_q.bias,                 torch.bfloat16 --> F32, shape = {1280}
INFO:hf-to-gguf:v.blk.13.attn_k.bias,                 torch.bfloat16 --> F32, shape = {1280}
INFO:hf-to-gguf:v.blk.13.attn_v.bias,                 torch.bfloat16 --> F32, shape = {1280}
INFO:hf-to-gguf:v.blk.13.attn_q.weight,               torch.bfloat16 --> BF16, shape = {1280, 1280}
INFO:hf-to-gguf:v.blk.13.attn_k.weight,               torch.bfloat16 --> BF16, shape = {1280, 1280}
INFO:hf-to-gguf:v.blk.13.attn_v.weight,               torch.bfloat16 --> BF16, shape = {1280, 1280}
INFO:hf-to-gguf:v.blk.13.ffn_down.bias,               torch.bfloat16 --> F32, shape = {1280}
INFO:hf-to-gguf:v.blk.13.ffn_down.weight,             torch.bfloat16 --> BF16, shape = {3420, 1280}
INFO:hf-to-gguf:v.blk.13.ffn_gate.bias,               torch.bfloat16 --> F32, shape = {3420}
INFO:hf-to-gguf:v.blk.13.ffn_gate.weight,             torch.bfloat16 --> BF16, shape = {1280, 3420}
INFO:hf-to-gguf:v.blk.13.ffn_up.bias,                 torch.bfloat16 --> F32, shape = {3420}
INFO:hf-to-gguf:v.blk.13.ffn_up.weight,               torch.bfloat16 --> BF16, shape = {1280, 3420}
INFO:hf-to-gguf:v.blk.13.ln1.weight,                  torch.bfloat16 --> F32, shape = {1280}
INFO:hf-to-gguf:v.blk.13.ln2.weight,                  torch.bfloat16 --> F32, shape = {1280}
INFO:hf-to-gguf:v.blk.14.attn_out.bias,               torch.bfloat16 --> F32, shape = {1280}
INFO:hf-to-gguf:v.blk.14.attn_out.weight,             torch.bfloat16 --> BF16, shape = {1280, 1280}
INFO:hf-to-gguf:v.blk.14.attn_q.bias,                 torch.bfloat16 --> F32, shape = {1280}
INFO:hf-to-gguf:v.blk.14.attn_k.bias,                 torch.bfloat16 --> F32, shape = {1280}
INFO:hf-to-gguf:v.blk.14.attn_v.bias,                 torch.bfloat16 --> F32, shape = {1280}
INFO:hf-to-gguf:v.blk.14.attn_q.weight,               torch.bfloat16 --> BF16, shape = {1280, 1280}
INFO:hf-to-gguf:v.blk.14.attn_k.weight,               torch.bfloat16 --> BF16, shape = {1280, 1280}
INFO:hf-to-gguf:v.blk.14.attn_v.weight,               torch.bfloat16 --> BF16, shape = {1280, 1280}
INFO:hf-to-gguf:v.blk.14.ffn_down.bias,               torch.bfloat16 --> F32, shape = {1280}
INFO:hf-to-gguf:v.blk.14.ffn_down.weight,             torch.bfloat16 --> BF16, shape = {3420, 1280}
INFO:hf-to-gguf:v.blk.14.ffn_gate.bias,               torch.bfloat16 --> F32, shape = {3420}
INFO:hf-to-gguf:v.blk.14.ffn_gate.weight,             torch.bfloat16 --> BF16, shape = {1280, 3420}
INFO:hf-to-gguf:v.blk.14.ffn_up.bias,                 torch.bfloat16 --> F32, shape = {3420}
INFO:hf-to-gguf:v.blk.14.ffn_up.weight,               torch.bfloat16 --> BF16, shape = {1280, 3420}
INFO:hf-to-gguf:v.blk.14.ln1.weight,                  torch.bfloat16 --> F32, shape = {1280}
INFO:hf-to-gguf:v.blk.14.ln2.weight,                  torch.bfloat16 --> F32, shape = {1280}
INFO:hf-to-gguf:v.blk.15.attn_out.bias,               torch.bfloat16 --> F32, shape = {1280}
INFO:hf-to-gguf:v.blk.15.attn_out.weight,             torch.bfloat16 --> BF16, shape = {1280, 1280}
INFO:hf-to-gguf:v.blk.15.attn_q.bias,                 torch.bfloat16 --> F32, shape = {1280}
INFO:hf-to-gguf:v.blk.15.attn_k.bias,                 torch.bfloat16 --> F32, shape = {1280}
INFO:hf-to-gguf:v.blk.15.attn_v.bias,                 torch.bfloat16 --> F32, shape = {1280}
INFO:hf-to-gguf:v.blk.15.attn_q.weight,               torch.bfloat16 --> BF16, shape = {1280, 1280}
INFO:hf-to-gguf:v.blk.15.attn_k.weight,               torch.bfloat16 --> BF16, shape = {1280, 1280}
INFO:hf-to-gguf:v.blk.15.attn_v.weight,               torch.bfloat16 --> BF16, shape = {1280, 1280}
INFO:hf-to-gguf:v.blk.15.ffn_down.bias,               torch.bfloat16 --> F32, shape = {1280}
INFO:hf-to-gguf:v.blk.15.ffn_down.weight,             torch.bfloat16 --> BF16, shape = {3420, 1280}
INFO:hf-to-gguf:v.blk.15.ffn_gate.bias,               torch.bfloat16 --> F32, shape = {3420}
INFO:hf-to-gguf:v.blk.15.ffn_gate.weight,             torch.bfloat16 --> BF16, shape = {1280, 3420}
INFO:hf-to-gguf:v.blk.15.ffn_up.bias,                 torch.bfloat16 --> F32, shape = {3420}
INFO:hf-to-gguf:v.blk.15.ffn_up.weight,               torch.bfloat16 --> BF16, shape = {1280, 3420}
INFO:hf-to-gguf:v.blk.15.ln1.weight,                  torch.bfloat16 --> F32, shape = {1280}
INFO:hf-to-gguf:v.blk.15.ln2.weight,                  torch.bfloat16 --> F32, shape = {1280}
INFO:hf-to-gguf:v.blk.16.attn_out.bias,               torch.bfloat16 --> F32, shape = {1280}
INFO:hf-to-gguf:v.blk.16.attn_out.weight,             torch.bfloat16 --> BF16, shape = {1280, 1280}
INFO:hf-to-gguf:v.blk.16.attn_q.bias,                 torch.bfloat16 --> F32, shape = {1280}
INFO:hf-to-gguf:v.blk.16.attn_k.bias,                 torch.bfloat16 --> F32, shape = {1280}
INFO:hf-to-gguf:v.blk.16.attn_v.bias,                 torch.bfloat16 --> F32, shape = {1280}
INFO:hf-to-gguf:v.blk.16.attn_q.weight,               torch.bfloat16 --> BF16, shape = {1280, 1280}
INFO:hf-to-gguf:v.blk.16.attn_k.weight,               torch.bfloat16 --> BF16, shape = {1280, 1280}
INFO:hf-to-gguf:v.blk.16.attn_v.weight,               torch.bfloat16 --> BF16, shape = {1280, 1280}
INFO:hf-to-gguf:v.blk.16.ffn_down.bias,               torch.bfloat16 --> F32, shape = {1280}
INFO:hf-to-gguf:v.blk.16.ffn_down.weight,             torch.bfloat16 --> BF16, shape = {3420, 1280}
INFO:hf-to-gguf:v.blk.16.ffn_gate.bias,               torch.bfloat16 --> F32, shape = {3420}
INFO:hf-to-gguf:v.blk.16.ffn_gate.weight,             torch.bfloat16 --> BF16, shape = {1280, 3420}
INFO:hf-to-gguf:v.blk.16.ffn_up.bias,                 torch.bfloat16 --> F32, shape = {3420}
INFO:hf-to-gguf:v.blk.16.ffn_up.weight,               torch.bfloat16 --> BF16, shape = {1280, 3420}
INFO:hf-to-gguf:v.blk.16.ln1.weight,                  torch.bfloat16 --> F32, shape = {1280}
INFO:hf-to-gguf:v.blk.16.ln2.weight,                  torch.bfloat16 --> F32, shape = {1280}
INFO:hf-to-gguf:v.blk.17.attn_out.bias,               torch.bfloat16 --> F32, shape = {1280}
INFO:hf-to-gguf:v.blk.17.attn_out.weight,             torch.bfloat16 --> BF16, shape = {1280, 1280}
INFO:hf-to-gguf:v.blk.17.attn_q.bias,                 torch.bfloat16 --> F32, shape = {1280}
INFO:hf-to-gguf:v.blk.17.attn_k.bias,                 torch.bfloat16 --> F32, shape = {1280}
INFO:hf-to-gguf:v.blk.17.attn_v.bias,                 torch.bfloat16 --> F32, shape = {1280}
INFO:hf-to-gguf:v.blk.17.attn_q.weight,               torch.bfloat16 --> BF16, shape = {1280, 1280}
INFO:hf-to-gguf:v.blk.17.attn_k.weight,               torch.bfloat16 --> BF16, shape = {1280, 1280}
INFO:hf-to-gguf:v.blk.17.attn_v.weight,               torch.bfloat16 --> BF16, shape = {1280, 1280}
INFO:hf-to-gguf:v.blk.17.ffn_down.bias,               torch.bfloat16 --> F32, shape = {1280}
INFO:hf-to-gguf:v.blk.17.ffn_down.weight,             torch.bfloat16 --> BF16, shape = {3420, 1280}
INFO:hf-to-gguf:v.blk.17.ffn_gate.bias,               torch.bfloat16 --> F32, shape = {3420}
INFO:hf-to-gguf:v.blk.17.ffn_gate.weight,             torch.bfloat16 --> BF16, shape = {1280, 3420}
INFO:hf-to-gguf:v.blk.17.ffn_up.bias,                 torch.bfloat16 --> F32, shape = {3420}
INFO:hf-to-gguf:v.blk.17.ffn_up.weight,               torch.bfloat16 --> BF16, shape = {1280, 3420}
INFO:hf-to-gguf:v.blk.17.ln1.weight,                  torch.bfloat16 --> F32, shape = {1280}
INFO:hf-to-gguf:v.blk.17.ln2.weight,                  torch.bfloat16 --> F32, shape = {1280}
INFO:hf-to-gguf:v.blk.18.attn_out.bias,               torch.bfloat16 --> F32, shape = {1280}
INFO:hf-to-gguf:v.blk.18.attn_out.weight,             torch.bfloat16 --> BF16, shape = {1280, 1280}
INFO:hf-to-gguf:v.blk.18.attn_q.bias,                 torch.bfloat16 --> F32, shape = {1280}
INFO:hf-to-gguf:v.blk.18.attn_k.bias,                 torch.bfloat16 --> F32, shape = {1280}
INFO:hf-to-gguf:v.blk.18.attn_v.bias,                 torch.bfloat16 --> F32, shape = {1280}
INFO:hf-to-gguf:v.blk.18.attn_q.weight,               torch.bfloat16 --> BF16, shape = {1280, 1280}
INFO:hf-to-gguf:v.blk.18.attn_k.weight,               torch.bfloat16 --> BF16, shape = {1280, 1280}
INFO:hf-to-gguf:v.blk.18.attn_v.weight,               torch.bfloat16 --> BF16, shape = {1280, 1280}
INFO:hf-to-gguf:v.blk.18.ffn_down.bias,               torch.bfloat16 --> F32, shape = {1280}
INFO:hf-to-gguf:v.blk.18.ffn_down.weight,             torch.bfloat16 --> BF16, shape = {3420, 1280}
INFO:hf-to-gguf:v.blk.18.ffn_gate.bias,               torch.bfloat16 --> F32, shape = {3420}
INFO:hf-to-gguf:v.blk.18.ffn_gate.weight,             torch.bfloat16 --> BF16, shape = {1280, 3420}
INFO:hf-to-gguf:v.blk.18.ffn_up.bias,                 torch.bfloat16 --> F32, shape = {3420}
INFO:hf-to-gguf:v.blk.18.ffn_up.weight,               torch.bfloat16 --> BF16, shape = {1280, 3420}
INFO:hf-to-gguf:v.blk.18.ln1.weight,                  torch.bfloat16 --> F32, shape = {1280}
INFO:hf-to-gguf:v.blk.18.ln2.weight,                  torch.bfloat16 --> F32, shape = {1280}
INFO:hf-to-gguf:v.blk.19.attn_out.bias,               torch.bfloat16 --> F32, shape = {1280}
INFO:hf-to-gguf:v.blk.19.attn_out.weight,             torch.bfloat16 --> BF16, shape = {1280, 1280}
INFO:hf-to-gguf:v.blk.19.attn_q.bias,                 torch.bfloat16 --> F32, shape = {1280}
INFO:hf-to-gguf:v.blk.19.attn_k.bias,                 torch.bfloat16 --> F32, shape = {1280}
INFO:hf-to-gguf:v.blk.19.attn_v.bias,                 torch.bfloat16 --> F32, shape = {1280}
INFO:hf-to-gguf:v.blk.19.attn_q.weight,               torch.bfloat16 --> BF16, shape = {1280, 1280}
INFO:hf-to-gguf:v.blk.19.attn_k.weight,               torch.bfloat16 --> BF16, shape = {1280, 1280}
INFO:hf-to-gguf:v.blk.19.attn_v.weight,               torch.bfloat16 --> BF16, shape = {1280, 1280}
INFO:hf-to-gguf:v.blk.19.ffn_down.bias,               torch.bfloat16 --> F32, shape = {1280}
INFO:hf-to-gguf:v.blk.19.ffn_down.weight,             torch.bfloat16 --> BF16, shape = {3420, 1280}
INFO:hf-to-gguf:v.blk.19.ffn_gate.bias,               torch.bfloat16 --> F32, shape = {3420}
INFO:hf-to-gguf:v.blk.19.ffn_gate.weight,             torch.bfloat16 --> BF16, shape = {1280, 3420}
INFO:hf-to-gguf:v.blk.19.ffn_up.bias,                 torch.bfloat16 --> F32, shape = {3420}
INFO:hf-to-gguf:v.blk.19.ffn_up.weight,               torch.bfloat16 --> BF16, shape = {1280, 3420}
INFO:hf-to-gguf:v.blk.19.ln1.weight,                  torch.bfloat16 --> F32, shape = {1280}
INFO:hf-to-gguf:v.blk.19.ln2.weight,                  torch.bfloat16 --> F32, shape = {1280}
INFO:hf-to-gguf:v.blk.2.attn_out.bias,                torch.bfloat16 --> F32, shape = {1280}
INFO:hf-to-gguf:v.blk.2.attn_out.weight,              torch.bfloat16 --> BF16, shape = {1280, 1280}
INFO:hf-to-gguf:v.blk.2.attn_q.bias,                  torch.bfloat16 --> F32, shape = {1280}
INFO:hf-to-gguf:v.blk.2.attn_k.bias,                  torch.bfloat16 --> F32, shape = {1280}
INFO:hf-to-gguf:v.blk.2.attn_v.bias,                  torch.bfloat16 --> F32, shape = {1280}
INFO:hf-to-gguf:v.blk.2.attn_q.weight,                torch.bfloat16 --> BF16, shape = {1280, 1280}
INFO:hf-to-gguf:v.blk.2.attn_k.weight,                torch.bfloat16 --> BF16, shape = {1280, 1280}
INFO:hf-to-gguf:v.blk.2.attn_v.weight,                torch.bfloat16 --> BF16, shape = {1280, 1280}
INFO:hf-to-gguf:v.blk.2.ffn_down.bias,                torch.bfloat16 --> F32, shape = {1280}
INFO:hf-to-gguf:v.blk.2.ffn_down.weight,              torch.bfloat16 --> BF16, shape = {3420, 1280}
INFO:hf-to-gguf:v.blk.2.ffn_gate.bias,                torch.bfloat16 --> F32, shape = {3420}
INFO:hf-to-gguf:v.blk.2.ffn_gate.weight,              torch.bfloat16 --> BF16, shape = {1280, 3420}
INFO:hf-to-gguf:v.blk.2.ffn_up.bias,                  torch.bfloat16 --> F32, shape = {3420}
INFO:hf-to-gguf:v.blk.2.ffn_up.weight,                torch.bfloat16 --> BF16, shape = {1280, 3420}
INFO:hf-to-gguf:v.blk.2.ln1.weight,                   torch.bfloat16 --> F32, shape = {1280}
INFO:hf-to-gguf:v.blk.2.ln2.weight,                   torch.bfloat16 --> F32, shape = {1280}
INFO:hf-to-gguf:v.blk.20.attn_out.bias,               torch.bfloat16 --> F32, shape = {1280}
INFO:hf-to-gguf:v.blk.20.attn_out.weight,             torch.bfloat16 --> BF16, shape = {1280, 1280}
INFO:hf-to-gguf:v.blk.20.attn_q.bias,                 torch.bfloat16 --> F32, shape = {1280}
INFO:hf-to-gguf:v.blk.20.attn_k.bias,                 torch.bfloat16 --> F32, shape = {1280}
INFO:hf-to-gguf:v.blk.20.attn_v.bias,                 torch.bfloat16 --> F32, shape = {1280}
INFO:hf-to-gguf:v.blk.20.attn_q.weight,               torch.bfloat16 --> BF16, shape = {1280, 1280}
INFO:hf-to-gguf:v.blk.20.attn_k.weight,               torch.bfloat16 --> BF16, shape = {1280, 1280}
INFO:hf-to-gguf:v.blk.20.attn_v.weight,               torch.bfloat16 --> BF16, shape = {1280, 1280}
INFO:hf-to-gguf:v.blk.20.ffn_down.bias,               torch.bfloat16 --> F32, shape = {1280}
INFO:hf-to-gguf:v.blk.20.ffn_down.weight,             torch.bfloat16 --> BF16, shape = {3420, 1280}
INFO:hf-to-gguf:v.blk.20.ffn_gate.bias,               torch.bfloat16 --> F32, shape = {3420}
INFO:hf-to-gguf:v.blk.20.ffn_gate.weight,             torch.bfloat16 --> BF16, shape = {1280, 3420}
INFO:hf-to-gguf:v.blk.20.ffn_up.bias,                 torch.bfloat16 --> F32, shape = {3420}
INFO:hf-to-gguf:v.blk.20.ffn_up.weight,               torch.bfloat16 --> BF16, shape = {1280, 3420}
INFO:hf-to-gguf:v.blk.20.ln1.weight,                  torch.bfloat16 --> F32, shape = {1280}
INFO:hf-to-gguf:v.blk.20.ln2.weight,                  torch.bfloat16 --> F32, shape = {1280}
INFO:hf-to-gguf:v.blk.21.attn_out.bias,               torch.bfloat16 --> F32, shape = {1280}
INFO:hf-to-gguf:v.blk.21.attn_out.weight,             torch.bfloat16 --> BF16, shape = {1280, 1280}
INFO:hf-to-gguf:v.blk.21.attn_q.bias,                 torch.bfloat16 --> F32, shape = {1280}
INFO:hf-to-gguf:v.blk.21.attn_k.bias,                 torch.bfloat16 --> F32, shape = {1280}
INFO:hf-to-gguf:v.blk.21.attn_v.bias,                 torch.bfloat16 --> F32, shape = {1280}
INFO:hf-to-gguf:v.blk.21.attn_q.weight,               torch.bfloat16 --> BF16, shape = {1280, 1280}
INFO:hf-to-gguf:v.blk.21.attn_k.weight,               torch.bfloat16 --> BF16, shape = {1280, 1280}
INFO:hf-to-gguf:v.blk.21.attn_v.weight,               torch.bfloat16 --> BF16, shape = {1280, 1280}
INFO:hf-to-gguf:v.blk.21.ffn_down.bias,               torch.bfloat16 --> F32, shape = {1280}
INFO:hf-to-gguf:v.blk.21.ffn_down.weight,             torch.bfloat16 --> BF16, shape = {3420, 1280}
INFO:hf-to-gguf:v.blk.21.ffn_gate.bias,               torch.bfloat16 --> F32, shape = {3420}
INFO:hf-to-gguf:v.blk.21.ffn_gate.weight,             torch.bfloat16 --> BF16, shape = {1280, 3420}
INFO:hf-to-gguf:v.blk.21.ffn_up.bias,                 torch.bfloat16 --> F32, shape = {3420}
INFO:hf-to-gguf:v.blk.21.ffn_up.weight,               torch.bfloat16 --> BF16, shape = {1280, 3420}
INFO:hf-to-gguf:v.blk.21.ln1.weight,                  torch.bfloat16 --> F32, shape = {1280}
INFO:hf-to-gguf:v.blk.21.ln2.weight,                  torch.bfloat16 --> F32, shape = {1280}
INFO:hf-to-gguf:v.blk.22.attn_out.bias,               torch.bfloat16 --> F32, shape = {1280}
INFO:hf-to-gguf:v.blk.22.attn_out.weight,             torch.bfloat16 --> BF16, shape = {1280, 1280}
INFO:hf-to-gguf:v.blk.22.attn_q.bias,                 torch.bfloat16 --> F32, shape = {1280}
INFO:hf-to-gguf:v.blk.22.attn_k.bias,                 torch.bfloat16 --> F32, shape = {1280}
INFO:hf-to-gguf:v.blk.22.attn_v.bias,                 torch.bfloat16 --> F32, shape = {1280}
INFO:hf-to-gguf:v.blk.22.attn_q.weight,               torch.bfloat16 --> BF16, shape = {1280, 1280}
INFO:hf-to-gguf:v.blk.22.attn_k.weight,               torch.bfloat16 --> BF16, shape = {1280, 1280}
INFO:hf-to-gguf:v.blk.22.attn_v.weight,               torch.bfloat16 --> BF16, shape = {1280, 1280}
INFO:hf-to-gguf:v.blk.22.ffn_down.bias,               torch.bfloat16 --> F32, shape = {1280}
INFO:hf-to-gguf:v.blk.22.ffn_down.weight,             torch.bfloat16 --> BF16, shape = {3420, 1280}
INFO:hf-to-gguf:v.blk.22.ffn_gate.bias,               torch.bfloat16 --> F32, shape = {3420}
INFO:hf-to-gguf:v.blk.22.ffn_gate.weight,             torch.bfloat16 --> BF16, shape = {1280, 3420}
INFO:hf-to-gguf:v.blk.22.ffn_up.bias,                 torch.bfloat16 --> F32, shape = {3420}
INFO:hf-to-gguf:v.blk.22.ffn_up.weight,               torch.bfloat16 --> BF16, shape = {1280, 3420}
INFO:hf-to-gguf:v.blk.22.ln1.weight,                  torch.bfloat16 --> F32, shape = {1280}
INFO:hf-to-gguf:v.blk.22.ln2.weight,                  torch.bfloat16 --> F32, shape = {1280}
INFO:hf-to-gguf:v.blk.23.attn_out.bias,               torch.bfloat16 --> F32, shape = {1280}
INFO:hf-to-gguf:v.blk.23.attn_out.weight,             torch.bfloat16 --> BF16, shape = {1280, 1280}
INFO:hf-to-gguf:v.blk.23.attn_q.bias,                 torch.bfloat16 --> F32, shape = {1280}
INFO:hf-to-gguf:v.blk.23.attn_k.bias,                 torch.bfloat16 --> F32, shape = {1280}
INFO:hf-to-gguf:v.blk.23.attn_v.bias,                 torch.bfloat16 --> F32, shape = {1280}
INFO:hf-to-gguf:v.blk.23.attn_q.weight,               torch.bfloat16 --> BF16, shape = {1280, 1280}
INFO:hf-to-gguf:v.blk.23.attn_k.weight,               torch.bfloat16 --> BF16, shape = {1280, 1280}
INFO:hf-to-gguf:v.blk.23.attn_v.weight,               torch.bfloat16 --> BF16, shape = {1280, 1280}
INFO:hf-to-gguf:v.blk.23.ffn_down.bias,               torch.bfloat16 --> F32, shape = {1280}
INFO:hf-to-gguf:v.blk.23.ffn_down.weight,             torch.bfloat16 --> BF16, shape = {3420, 1280}
INFO:hf-to-gguf:v.blk.23.ffn_gate.bias,               torch.bfloat16 --> F32, shape = {3420}
INFO:hf-to-gguf:v.blk.23.ffn_gate.weight,             torch.bfloat16 --> BF16, shape = {1280, 3420}
INFO:hf-to-gguf:v.blk.23.ffn_up.bias,                 torch.bfloat16 --> F32, shape = {3420}
INFO:hf-to-gguf:v.blk.23.ffn_up.weight,               torch.bfloat16 --> BF16, shape = {1280, 3420}
INFO:hf-to-gguf:v.blk.23.ln1.weight,                  torch.bfloat16 --> F32, shape = {1280}
INFO:hf-to-gguf:v.blk.23.ln2.weight,                  torch.bfloat16 --> F32, shape = {1280}
INFO:hf-to-gguf:v.blk.24.attn_out.bias,               torch.bfloat16 --> F32, shape = {1280}
INFO:hf-to-gguf:v.blk.24.attn_out.weight,             torch.bfloat16 --> BF16, shape = {1280, 1280}
INFO:hf-to-gguf:v.blk.24.attn_q.bias,                 torch.bfloat16 --> F32, shape = {1280}
INFO:hf-to-gguf:v.blk.24.attn_k.bias,                 torch.bfloat16 --> F32, shape = {1280}
INFO:hf-to-gguf:v.blk.24.attn_v.bias,                 torch.bfloat16 --> F32, shape = {1280}
INFO:hf-to-gguf:v.blk.24.attn_q.weight,               torch.bfloat16 --> BF16, shape = {1280, 1280}
INFO:hf-to-gguf:v.blk.24.attn_k.weight,               torch.bfloat16 --> BF16, shape = {1280, 1280}
INFO:hf-to-gguf:v.blk.24.attn_v.weight,               torch.bfloat16 --> BF16, shape = {1280, 1280}
INFO:hf-to-gguf:v.blk.24.ffn_down.bias,               torch.bfloat16 --> F32, shape = {1280}
INFO:hf-to-gguf:v.blk.24.ffn_down.weight,             torch.bfloat16 --> BF16, shape = {3420, 1280}
INFO:hf-to-gguf:v.blk.24.ffn_gate.bias,               torch.bfloat16 --> F32, shape = {3420}
INFO:hf-to-gguf:v.blk.24.ffn_gate.weight,             torch.bfloat16 --> BF16, shape = {1280, 3420}
INFO:hf-to-gguf:v.blk.24.ffn_up.bias,                 torch.bfloat16 --> F32, shape = {3420}
INFO:hf-to-gguf:v.blk.24.ffn_up.weight,               torch.bfloat16 --> BF16, shape = {1280, 3420}
INFO:hf-to-gguf:v.blk.24.ln1.weight,                  torch.bfloat16 --> F32, shape = {1280}
INFO:hf-to-gguf:v.blk.24.ln2.weight,                  torch.bfloat16 --> F32, shape = {1280}
INFO:hf-to-gguf:v.blk.25.attn_out.bias,               torch.bfloat16 --> F32, shape = {1280}
INFO:hf-to-gguf:v.blk.25.attn_out.weight,             torch.bfloat16 --> BF16, shape = {1280, 1280}
INFO:hf-to-gguf:v.blk.25.attn_q.bias,                 torch.bfloat16 --> F32, shape = {1280}
INFO:hf-to-gguf:v.blk.25.attn_k.bias,                 torch.bfloat16 --> F32, shape = {1280}
INFO:hf-to-gguf:v.blk.25.attn_v.bias,                 torch.bfloat16 --> F32, shape = {1280}
INFO:hf-to-gguf:v.blk.25.attn_q.weight,               torch.bfloat16 --> BF16, shape = {1280, 1280}
INFO:hf-to-gguf:v.blk.25.attn_k.weight,               torch.bfloat16 --> BF16, shape = {1280, 1280}
INFO:hf-to-gguf:v.blk.25.attn_v.weight,               torch.bfloat16 --> BF16, shape = {1280, 1280}
INFO:hf-to-gguf:v.blk.25.ffn_down.bias,               torch.bfloat16 --> F32, shape = {1280}
INFO:hf-to-gguf:v.blk.25.ffn_down.weight,             torch.bfloat16 --> BF16, shape = {3420, 1280}
INFO:hf-to-gguf:v.blk.25.ffn_gate.bias,               torch.bfloat16 --> F32, shape = {3420}
INFO:hf-to-gguf:v.blk.25.ffn_gate.weight,             torch.bfloat16 --> BF16, shape = {1280, 3420}
INFO:hf-to-gguf:v.blk.25.ffn_up.bias,                 torch.bfloat16 --> F32, shape = {3420}
INFO:hf-to-gguf:v.blk.25.ffn_up.weight,               torch.bfloat16 --> BF16, shape = {1280, 3420}
INFO:hf-to-gguf:v.blk.25.ln1.weight,                  torch.bfloat16 --> F32, shape = {1280}
INFO:hf-to-gguf:v.blk.25.ln2.weight,                  torch.bfloat16 --> F32, shape = {1280}
INFO:hf-to-gguf:v.blk.26.attn_out.bias,               torch.bfloat16 --> F32, shape = {1280}
INFO:hf-to-gguf:v.blk.26.attn_out.weight,             torch.bfloat16 --> BF16, shape = {1280, 1280}
INFO:hf-to-gguf:v.blk.26.attn_q.bias,                 torch.bfloat16 --> F32, shape = {1280}
INFO:hf-to-gguf:v.blk.26.attn_k.bias,                 torch.bfloat16 --> F32, shape = {1280}
INFO:hf-to-gguf:v.blk.26.attn_v.bias,                 torch.bfloat16 --> F32, shape = {1280}
INFO:hf-to-gguf:v.blk.26.attn_q.weight,               torch.bfloat16 --> BF16, shape = {1280, 1280}
INFO:hf-to-gguf:v.blk.26.attn_k.weight,               torch.bfloat16 --> BF16, shape = {1280, 1280}
INFO:hf-to-gguf:v.blk.26.attn_v.weight,               torch.bfloat16 --> BF16, shape = {1280, 1280}
INFO:hf-to-gguf:v.blk.26.ffn_down.bias,               torch.bfloat16 --> F32, shape = {1280}
INFO:hf-to-gguf:v.blk.26.ffn_down.weight,             torch.bfloat16 --> BF16, shape = {3420, 1280}
INFO:hf-to-gguf:v.blk.26.ffn_gate.bias,               torch.bfloat16 --> F32, shape = {3420}
INFO:hf-to-gguf:v.blk.26.ffn_gate.weight,             torch.bfloat16 --> BF16, shape = {1280, 3420}
INFO:hf-to-gguf:v.blk.26.ffn_up.bias,                 torch.bfloat16 --> F32, shape = {3420}
INFO:hf-to-gguf:v.blk.26.ffn_up.weight,               torch.bfloat16 --> BF16, shape = {1280, 3420}
INFO:hf-to-gguf:v.blk.26.ln1.weight,                  torch.bfloat16 --> F32, shape = {1280}
INFO:hf-to-gguf:v.blk.26.ln2.weight,                  torch.bfloat16 --> F32, shape = {1280}
INFO:hf-to-gguf:v.blk.27.attn_out.bias,               torch.bfloat16 --> F32, shape = {1280}
INFO:hf-to-gguf:v.blk.27.attn_out.weight,             torch.bfloat16 --> BF16, shape = {1280, 1280}
INFO:hf-to-gguf:v.blk.27.attn_q.bias,                 torch.bfloat16 --> F32, shape = {1280}
INFO:hf-to-gguf:v.blk.27.attn_k.bias,                 torch.bfloat16 --> F32, shape = {1280}
INFO:hf-to-gguf:v.blk.27.attn_v.bias,                 torch.bfloat16 --> F32, shape = {1280}
INFO:hf-to-gguf:v.blk.27.attn_q.weight,               torch.bfloat16 --> BF16, shape = {1280, 1280}
INFO:hf-to-gguf:v.blk.27.attn_k.weight,               torch.bfloat16 --> BF16, shape = {1280, 1280}
INFO:hf-to-gguf:v.blk.27.attn_v.weight,               torch.bfloat16 --> BF16, shape = {1280, 1280}
INFO:hf-to-gguf:v.blk.27.ffn_down.bias,               torch.bfloat16 --> F32, shape = {1280}
INFO:hf-to-gguf:v.blk.27.ffn_down.weight,             torch.bfloat16 --> BF16, shape = {3420, 1280}
INFO:hf-to-gguf:v.blk.27.ffn_gate.bias,               torch.bfloat16 --> F32, shape = {3420}
INFO:hf-to-gguf:v.blk.27.ffn_gate.weight,             torch.bfloat16 --> BF16, shape = {1280, 3420}
INFO:hf-to-gguf:v.blk.27.ffn_up.bias,                 torch.bfloat16 --> F32, shape = {3420}
INFO:hf-to-gguf:v.blk.27.ffn_up.weight,               torch.bfloat16 --> BF16, shape = {1280, 3420}
INFO:hf-to-gguf:v.blk.27.ln1.weight,                  torch.bfloat16 --> F32, shape = {1280}
INFO:hf-to-gguf:v.blk.27.ln2.weight,                  torch.bfloat16 --> F32, shape = {1280}
INFO:hf-to-gguf:v.blk.28.attn_out.bias,               torch.bfloat16 --> F32, shape = {1280}
INFO:hf-to-gguf:v.blk.28.attn_out.weight,             torch.bfloat16 --> BF16, shape = {1280, 1280}
INFO:hf-to-gguf:v.blk.28.attn_q.bias,                 torch.bfloat16 --> F32, shape = {1280}
INFO:hf-to-gguf:v.blk.28.attn_k.bias,                 torch.bfloat16 --> F32, shape = {1280}
INFO:hf-to-gguf:v.blk.28.attn_v.bias,                 torch.bfloat16 --> F32, shape = {1280}
INFO:hf-to-gguf:v.blk.28.attn_q.weight,               torch.bfloat16 --> BF16, shape = {1280, 1280}
INFO:hf-to-gguf:v.blk.28.attn_k.weight,               torch.bfloat16 --> BF16, shape = {1280, 1280}
INFO:hf-to-gguf:v.blk.28.attn_v.weight,               torch.bfloat16 --> BF16, shape = {1280, 1280}
INFO:hf-to-gguf:v.blk.28.ffn_down.bias,               torch.bfloat16 --> F32, shape = {1280}
INFO:hf-to-gguf:v.blk.28.ffn_down.weight,             torch.bfloat16 --> BF16, shape = {3420, 1280}
INFO:hf-to-gguf:v.blk.28.ffn_gate.bias,               torch.bfloat16 --> F32, shape = {3420}
INFO:hf-to-gguf:v.blk.28.ffn_gate.weight,             torch.bfloat16 --> BF16, shape = {1280, 3420}
INFO:hf-to-gguf:v.blk.28.ffn_up.bias,                 torch.bfloat16 --> F32, shape = {3420}
INFO:hf-to-gguf:v.blk.28.ffn_up.weight,               torch.bfloat16 --> BF16, shape = {1280, 3420}
INFO:hf-to-gguf:v.blk.28.ln1.weight,                  torch.bfloat16 --> F32, shape = {1280}
INFO:hf-to-gguf:v.blk.28.ln2.weight,                  torch.bfloat16 --> F32, shape = {1280}
INFO:hf-to-gguf:v.blk.29.attn_out.bias,               torch.bfloat16 --> F32, shape = {1280}
INFO:hf-to-gguf:v.blk.29.attn_out.weight,             torch.bfloat16 --> BF16, shape = {1280, 1280}
INFO:hf-to-gguf:v.blk.29.attn_q.bias,                 torch.bfloat16 --> F32, shape = {1280}
INFO:hf-to-gguf:v.blk.29.attn_k.bias,                 torch.bfloat16 --> F32, shape = {1280}
INFO:hf-to-gguf:v.blk.29.attn_v.bias,                 torch.bfloat16 --> F32, shape = {1280}
INFO:hf-to-gguf:v.blk.29.attn_q.weight,               torch.bfloat16 --> BF16, shape = {1280, 1280}
INFO:hf-to-gguf:v.blk.29.attn_k.weight,               torch.bfloat16 --> BF16, shape = {1280, 1280}
INFO:hf-to-gguf:v.blk.29.attn_v.weight,               torch.bfloat16 --> BF16, shape = {1280, 1280}
INFO:hf-to-gguf:v.blk.29.ffn_down.bias,               torch.bfloat16 --> F32, shape = {1280}
INFO:hf-to-gguf:v.blk.29.ffn_down.weight,             torch.bfloat16 --> BF16, shape = {3420, 1280}
INFO:hf-to-gguf:v.blk.29.ffn_gate.bias,               torch.bfloat16 --> F32, shape = {3420}
INFO:hf-to-gguf:v.blk.29.ffn_gate.weight,             torch.bfloat16 --> BF16, shape = {1280, 3420}
INFO:hf-to-gguf:v.blk.29.ffn_up.bias,                 torch.bfloat16 --> F32, shape = {3420}
INFO:hf-to-gguf:v.blk.29.ffn_up.weight,               torch.bfloat16 --> BF16, shape = {1280, 3420}
INFO:hf-to-gguf:v.blk.29.ln1.weight,                  torch.bfloat16 --> F32, shape = {1280}
INFO:hf-to-gguf:v.blk.29.ln2.weight,                  torch.bfloat16 --> F32, shape = {1280}
INFO:hf-to-gguf:v.blk.3.attn_out.bias,                torch.bfloat16 --> F32, shape = {1280}
INFO:hf-to-gguf:v.blk.3.attn_out.weight,              torch.bfloat16 --> BF16, shape = {1280, 1280}
INFO:hf-to-gguf:v.blk.3.attn_q.bias,                  torch.bfloat16 --> F32, shape = {1280}
INFO:hf-to-gguf:v.blk.3.attn_k.bias,                  torch.bfloat16 --> F32, shape = {1280}
INFO:hf-to-gguf:v.blk.3.attn_v.bias,                  torch.bfloat16 --> F32, shape = {1280}
INFO:hf-to-gguf:v.blk.3.attn_q.weight,                torch.bfloat16 --> BF16, shape = {1280, 1280}
INFO:hf-to-gguf:v.blk.3.attn_k.weight,                torch.bfloat16 --> BF16, shape = {1280, 1280}
INFO:hf-to-gguf:v.blk.3.attn_v.weight,                torch.bfloat16 --> BF16, shape = {1280, 1280}
INFO:hf-to-gguf:v.blk.3.ffn_down.bias,                torch.bfloat16 --> F32, shape = {1280}
INFO:hf-to-gguf:v.blk.3.ffn_down.weight,              torch.bfloat16 --> BF16, shape = {3420, 1280}
INFO:hf-to-gguf:v.blk.3.ffn_gate.bias,                torch.bfloat16 --> F32, shape = {3420}
INFO:hf-to-gguf:v.blk.3.ffn_gate.weight,              torch.bfloat16 --> BF16, shape = {1280, 3420}
INFO:hf-to-gguf:v.blk.3.ffn_up.bias,                  torch.bfloat16 --> F32, shape = {3420}
INFO:hf-to-gguf:v.blk.3.ffn_up.weight,                torch.bfloat16 --> BF16, shape = {1280, 3420}
INFO:hf-to-gguf:v.blk.3.ln1.weight,                   torch.bfloat16 --> F32, shape = {1280}
INFO:hf-to-gguf:v.blk.3.ln2.weight,                   torch.bfloat16 --> F32, shape = {1280}
INFO:hf-to-gguf:v.blk.30.attn_out.bias,               torch.bfloat16 --> F32, shape = {1280}
INFO:hf-to-gguf:v.blk.30.attn_out.weight,             torch.bfloat16 --> BF16, shape = {1280, 1280}
INFO:hf-to-gguf:v.blk.30.attn_q.bias,                 torch.bfloat16 --> F32, shape = {1280}
INFO:hf-to-gguf:v.blk.30.attn_k.bias,                 torch.bfloat16 --> F32, shape = {1280}
INFO:hf-to-gguf:v.blk.30.attn_v.bias,                 torch.bfloat16 --> F32, shape = {1280}
INFO:hf-to-gguf:v.blk.30.attn_q.weight,               torch.bfloat16 --> BF16, shape = {1280, 1280}
INFO:hf-to-gguf:v.blk.30.attn_k.weight,               torch.bfloat16 --> BF16, shape = {1280, 1280}
INFO:hf-to-gguf:v.blk.30.attn_v.weight,               torch.bfloat16 --> BF16, shape = {1280, 1280}
INFO:hf-to-gguf:v.blk.30.ffn_down.bias,               torch.bfloat16 --> F32, shape = {1280}
INFO:hf-to-gguf:v.blk.30.ffn_down.weight,             torch.bfloat16 --> BF16, shape = {3420, 1280}
INFO:hf-to-gguf:v.blk.30.ffn_gate.bias,               torch.bfloat16 --> F32, shape = {3420}
INFO:hf-to-gguf:v.blk.30.ffn_gate.weight,             torch.bfloat16 --> BF16, shape = {1280, 3420}
INFO:hf-to-gguf:v.blk.30.ffn_up.bias,                 torch.bfloat16 --> F32, shape = {3420}
INFO:hf-to-gguf:v.blk.30.ffn_up.weight,               torch.bfloat16 --> BF16, shape = {1280, 3420}
INFO:hf-to-gguf:v.blk.30.ln1.weight,                  torch.bfloat16 --> F32, shape = {1280}
INFO:hf-to-gguf:v.blk.30.ln2.weight,                  torch.bfloat16 --> F32, shape = {1280}
INFO:hf-to-gguf:v.blk.31.attn_out.bias,               torch.bfloat16 --> F32, shape = {1280}
INFO:hf-to-gguf:v.blk.31.attn_out.weight,             torch.bfloat16 --> BF16, shape = {1280, 1280}
INFO:hf-to-gguf:v.blk.31.attn_q.bias,                 torch.bfloat16 --> F32, shape = {1280}
INFO:hf-to-gguf:v.blk.31.attn_k.bias,                 torch.bfloat16 --> F32, shape = {1280}
INFO:hf-to-gguf:v.blk.31.attn_v.bias,                 torch.bfloat16 --> F32, shape = {1280}
INFO:hf-to-gguf:v.blk.31.attn_q.weight,               torch.bfloat16 --> BF16, shape = {1280, 1280}
INFO:hf-to-gguf:v.blk.31.attn_k.weight,               torch.bfloat16 --> BF16, shape = {1280, 1280}
INFO:hf-to-gguf:v.blk.31.attn_v.weight,               torch.bfloat16 --> BF16, shape = {1280, 1280}
INFO:hf-to-gguf:v.blk.31.ffn_down.bias,               torch.bfloat16 --> F32, shape = {1280}
INFO:hf-to-gguf:v.blk.31.ffn_down.weight,             torch.bfloat16 --> BF16, shape = {3420, 1280}
INFO:hf-to-gguf:v.blk.31.ffn_gate.bias,               torch.bfloat16 --> F32, shape = {3420}
INFO:hf-to-gguf:v.blk.31.ffn_gate.weight,             torch.bfloat16 --> BF16, shape = {1280, 3420}
INFO:hf-to-gguf:v.blk.31.ffn_up.bias,                 torch.bfloat16 --> F32, shape = {3420}
INFO:hf-to-gguf:v.blk.31.ffn_up.weight,               torch.bfloat16 --> BF16, shape = {1280, 3420}
INFO:hf-to-gguf:v.blk.31.ln1.weight,                  torch.bfloat16 --> F32, shape = {1280}
INFO:hf-to-gguf:v.blk.31.ln2.weight,                  torch.bfloat16 --> F32, shape = {1280}
INFO:hf-to-gguf:v.blk.4.attn_out.bias,                torch.bfloat16 --> F32, shape = {1280}
INFO:hf-to-gguf:v.blk.4.attn_out.weight,              torch.bfloat16 --> BF16, shape = {1280, 1280}
INFO:hf-to-gguf:v.blk.4.attn_q.bias,                  torch.bfloat16 --> F32, shape = {1280}
INFO:hf-to-gguf:v.blk.4.attn_k.bias,                  torch.bfloat16 --> F32, shape = {1280}
INFO:hf-to-gguf:v.blk.4.attn_v.bias,                  torch.bfloat16 --> F32, shape = {1280}
INFO:hf-to-gguf:v.blk.4.attn_q.weight,                torch.bfloat16 --> BF16, shape = {1280, 1280}
INFO:hf-to-gguf:v.blk.4.attn_k.weight,                torch.bfloat16 --> BF16, shape = {1280, 1280}
INFO:hf-to-gguf:v.blk.4.attn_v.weight,                torch.bfloat16 --> BF16, shape = {1280, 1280}
INFO:hf-to-gguf:v.blk.4.ffn_down.bias,                torch.bfloat16 --> F32, shape = {1280}
INFO:hf-to-gguf:v.blk.4.ffn_down.weight,              torch.bfloat16 --> BF16, shape = {3420, 1280}
INFO:hf-to-gguf:v.blk.4.ffn_gate.bias,                torch.bfloat16 --> F32, shape = {3420}
INFO:hf-to-gguf:v.blk.4.ffn_gate.weight,              torch.bfloat16 --> BF16, shape = {1280, 3420}
INFO:hf-to-gguf:v.blk.4.ffn_up.bias,                  torch.bfloat16 --> F32, shape = {3420}
INFO:hf-to-gguf:v.blk.4.ffn_up.weight,                torch.bfloat16 --> BF16, shape = {1280, 3420}
INFO:hf-to-gguf:v.blk.4.ln1.weight,                   torch.bfloat16 --> F32, shape = {1280}
INFO:hf-to-gguf:v.blk.4.ln2.weight,                   torch.bfloat16 --> F32, shape = {1280}
INFO:hf-to-gguf:v.blk.5.attn_out.bias,                torch.bfloat16 --> F32, shape = {1280}
INFO:hf-to-gguf:v.blk.5.attn_out.weight,              torch.bfloat16 --> BF16, shape = {1280, 1280}
INFO:hf-to-gguf:v.blk.5.attn_q.bias,                  torch.bfloat16 --> F32, shape = {1280}
INFO:hf-to-gguf:v.blk.5.attn_k.bias,                  torch.bfloat16 --> F32, shape = {1280}
INFO:hf-to-gguf:v.blk.5.attn_v.bias,                  torch.bfloat16 --> F32, shape = {1280}
INFO:hf-to-gguf:v.blk.5.attn_q.weight,                torch.bfloat16 --> BF16, shape = {1280, 1280}
INFO:hf-to-gguf:v.blk.5.attn_k.weight,                torch.bfloat16 --> BF16, shape = {1280, 1280}
INFO:hf-to-gguf:v.blk.5.attn_v.weight,                torch.bfloat16 --> BF16, shape = {1280, 1280}
INFO:hf-to-gguf:v.blk.5.ffn_down.bias,                torch.bfloat16 --> F32, shape = {1280}
INFO:hf-to-gguf:v.blk.5.ffn_down.weight,              torch.bfloat16 --> BF16, shape = {3420, 1280}
INFO:hf-to-gguf:v.blk.5.ffn_gate.bias,                torch.bfloat16 --> F32, shape = {3420}
INFO:hf-to-gguf:v.blk.5.ffn_gate.weight,              torch.bfloat16 --> BF16, shape = {1280, 3420}
INFO:hf-to-gguf:v.blk.5.ffn_up.bias,                  torch.bfloat16 --> F32, shape = {3420}
INFO:hf-to-gguf:v.blk.5.ffn_up.weight,                torch.bfloat16 --> BF16, shape = {1280, 3420}
INFO:hf-to-gguf:v.blk.5.ln1.weight,                   torch.bfloat16 --> F32, shape = {1280}
INFO:hf-to-gguf:v.blk.5.ln2.weight,                   torch.bfloat16 --> F32, shape = {1280}
INFO:hf-to-gguf:v.blk.6.attn_out.bias,                torch.bfloat16 --> F32, shape = {1280}
INFO:hf-to-gguf:v.blk.6.attn_out.weight,              torch.bfloat16 --> BF16, shape = {1280, 1280}
INFO:hf-to-gguf:v.blk.6.attn_q.bias,                  torch.bfloat16 --> F32, shape = {1280}
INFO:hf-to-gguf:v.blk.6.attn_k.bias,                  torch.bfloat16 --> F32, shape = {1280}
INFO:hf-to-gguf:v.blk.6.attn_v.bias,                  torch.bfloat16 --> F32, shape = {1280}
INFO:hf-to-gguf:v.blk.6.attn_q.weight,                torch.bfloat16 --> BF16, shape = {1280, 1280}
INFO:hf-to-gguf:v.blk.6.attn_k.weight,                torch.bfloat16 --> BF16, shape = {1280, 1280}
INFO:hf-to-gguf:v.blk.6.attn_v.weight,                torch.bfloat16 --> BF16, shape = {1280, 1280}
INFO:hf-to-gguf:v.blk.6.ffn_down.bias,                torch.bfloat16 --> F32, shape = {1280}
INFO:hf-to-gguf:v.blk.6.ffn_down.weight,              torch.bfloat16 --> BF16, shape = {3420, 1280}
INFO:hf-to-gguf:v.blk.6.ffn_gate.bias,                torch.bfloat16 --> F32, shape = {3420}
INFO:hf-to-gguf:v.blk.6.ffn_gate.weight,              torch.bfloat16 --> BF16, shape = {1280, 3420}
INFO:hf-to-gguf:v.blk.6.ffn_up.bias,                  torch.bfloat16 --> F32, shape = {3420}
INFO:hf-to-gguf:v.blk.6.ffn_up.weight,                torch.bfloat16 --> BF16, shape = {1280, 3420}
INFO:hf-to-gguf:v.blk.6.ln1.weight,                   torch.bfloat16 --> F32, shape = {1280}
INFO:hf-to-gguf:v.blk.6.ln2.weight,                   torch.bfloat16 --> F32, shape = {1280}
INFO:hf-to-gguf:v.blk.7.attn_out.bias,                torch.bfloat16 --> F32, shape = {1280}
INFO:hf-to-gguf:v.blk.7.attn_out.weight,              torch.bfloat16 --> BF16, shape = {1280, 1280}
INFO:hf-to-gguf:v.blk.7.attn_q.bias,                  torch.bfloat16 --> F32, shape = {1280}
INFO:hf-to-gguf:v.blk.7.attn_k.bias,                  torch.bfloat16 --> F32, shape = {1280}
INFO:hf-to-gguf:v.blk.7.attn_v.bias,                  torch.bfloat16 --> F32, shape = {1280}
INFO:hf-to-gguf:v.blk.7.attn_q.weight,                torch.bfloat16 --> BF16, shape = {1280, 1280}
INFO:hf-to-gguf:v.blk.7.attn_k.weight,                torch.bfloat16 --> BF16, shape = {1280, 1280}
INFO:hf-to-gguf:v.blk.7.attn_v.weight,                torch.bfloat16 --> BF16, shape = {1280, 1280}
INFO:hf-to-gguf:v.blk.7.ffn_down.bias,                torch.bfloat16 --> F32, shape = {1280}
INFO:hf-to-gguf:v.blk.7.ffn_down.weight,              torch.bfloat16 --> BF16, shape = {3420, 1280}
INFO:hf-to-gguf:v.blk.7.ffn_gate.bias,                torch.bfloat16 --> F32, shape = {3420}
INFO:hf-to-gguf:v.blk.7.ffn_gate.weight,              torch.bfloat16 --> BF16, shape = {1280, 3420}
INFO:hf-to-gguf:v.blk.7.ffn_up.bias,                  torch.bfloat16 --> F32, shape = {3420}
INFO:hf-to-gguf:v.blk.7.ffn_up.weight,                torch.bfloat16 --> BF16, shape = {1280, 3420}
INFO:hf-to-gguf:v.blk.7.ln1.weight,                   torch.bfloat16 --> F32, shape = {1280}
INFO:hf-to-gguf:v.blk.7.ln2.weight,                   torch.bfloat16 --> F32, shape = {1280}
INFO:hf-to-gguf:v.blk.8.attn_out.bias,                torch.bfloat16 --> F32, shape = {1280}
INFO:hf-to-gguf:v.blk.8.attn_out.weight,              torch.bfloat16 --> BF16, shape = {1280, 1280}
INFO:hf-to-gguf:v.blk.8.attn_q.bias,                  torch.bfloat16 --> F32, shape = {1280}
INFO:hf-to-gguf:v.blk.8.attn_k.bias,                  torch.bfloat16 --> F32, shape = {1280}
INFO:hf-to-gguf:v.blk.8.attn_v.bias,                  torch.bfloat16 --> F32, shape = {1280}
INFO:hf-to-gguf:v.blk.8.attn_q.weight,                torch.bfloat16 --> BF16, shape = {1280, 1280}
INFO:hf-to-gguf:v.blk.8.attn_k.weight,                torch.bfloat16 --> BF16, shape = {1280, 1280}
INFO:hf-to-gguf:v.blk.8.attn_v.weight,                torch.bfloat16 --> BF16, shape = {1280, 1280}
INFO:hf-to-gguf:v.blk.8.ffn_down.bias,                torch.bfloat16 --> F32, shape = {1280}
INFO:hf-to-gguf:v.blk.8.ffn_down.weight,              torch.bfloat16 --> BF16, shape = {3420, 1280}
INFO:hf-to-gguf:v.blk.8.ffn_gate.bias,                torch.bfloat16 --> F32, shape = {3420}
INFO:hf-to-gguf:v.blk.8.ffn_gate.weight,              torch.bfloat16 --> BF16, shape = {1280, 3420}
INFO:hf-to-gguf:v.blk.8.ffn_up.bias,                  torch.bfloat16 --> F32, shape = {3420}
INFO:hf-to-gguf:v.blk.8.ffn_up.weight,                torch.bfloat16 --> BF16, shape = {1280, 3420}
INFO:hf-to-gguf:v.blk.8.ln1.weight,                   torch.bfloat16 --> F32, shape = {1280}
INFO:hf-to-gguf:v.blk.8.ln2.weight,                   torch.bfloat16 --> F32, shape = {1280}
INFO:hf-to-gguf:v.blk.9.attn_out.bias,                torch.bfloat16 --> F32, shape = {1280}
INFO:hf-to-gguf:v.blk.9.attn_out.weight,              torch.bfloat16 --> BF16, shape = {1280, 1280}
INFO:hf-to-gguf:v.blk.9.attn_q.bias,                  torch.bfloat16 --> F32, shape = {1280}
INFO:hf-to-gguf:v.blk.9.attn_k.bias,                  torch.bfloat16 --> F32, shape = {1280}
INFO:hf-to-gguf:v.blk.9.attn_v.bias,                  torch.bfloat16 --> F32, shape = {1280}
INFO:hf-to-gguf:v.blk.9.attn_q.weight,                torch.bfloat16 --> BF16, shape = {1280, 1280}
INFO:hf-to-gguf:v.blk.9.attn_k.weight,                torch.bfloat16 --> BF16, shape = {1280, 1280}
INFO:hf-to-gguf:v.blk.9.attn_v.weight,                torch.bfloat16 --> BF16, shape = {1280, 1280}
INFO:hf-to-gguf:v.blk.9.ffn_down.bias,                torch.bfloat16 --> F32, shape = {1280}
INFO:hf-to-gguf:v.blk.9.ffn_down.weight,              torch.bfloat16 --> BF16, shape = {3420, 1280}
INFO:hf-to-gguf:v.blk.9.ffn_gate.bias,                torch.bfloat16 --> F32, shape = {3420}
INFO:hf-to-gguf:v.blk.9.ffn_gate.weight,              torch.bfloat16 --> BF16, shape = {1280, 3420}
INFO:hf-to-gguf:v.blk.9.ffn_up.bias,                  torch.bfloat16 --> F32, shape = {3420}
INFO:hf-to-gguf:v.blk.9.ffn_up.weight,                torch.bfloat16 --> BF16, shape = {1280, 3420}
INFO:hf-to-gguf:v.blk.9.ln1.weight,                   torch.bfloat16 --> F32, shape = {1280}
INFO:hf-to-gguf:v.blk.9.ln2.weight,                   torch.bfloat16 --> F32, shape = {1280}
INFO:hf-to-gguf:v.post_ln.weight,                     torch.bfloat16 --> F32, shape = {1280}
INFO:hf-to-gguf:mm.0.bias,                            torch.bfloat16 --> F32, shape = {5120}
INFO:hf-to-gguf:mm.0.weight,                          torch.bfloat16 --> BF16, shape = {5120, 5120}
INFO:hf-to-gguf:mm.2.bias,                            torch.bfloat16 --> F32, shape = {2048}
INFO:hf-to-gguf:mm.2.weight,                          torch.bfloat16 --> BF16, shape = {5120, 2048}
INFO:hf-to-gguf:v.patch_embd.weight,                  torch.bfloat16 --> F32, shape = {14, 14, 3, 1280}
INFO:hf-to-gguf:v.patch_embd.weight.1,                torch.bfloat16 --> F32, shape = {14, 14, 3, 1280}
INFO:hf-to-gguf:Set meta model
INFO:hf-to-gguf:Set model parameters
INFO:hf-to-gguf:Set model quantization version
INFO:gguf.gguf_writer:Writing the following files:
INFO:gguf.gguf_writer:experiments/2026-06-30-vlm-backbone-bakeoff/runs/qwen2.5-vl-3b/lr0.0002/gguf/mmproj-lr0.0002-f16.gguf: n_tensors = 519, total_size = 1.3G
Writing:   0%|          | 0.00/1.34G [00:00<?, ?byte/s]Writing:   2%|▏         | 21.9M/1.34G [00:00<00:06, 208Mbyte/s]Writing:   3%|▎         | 46.0M/1.34G [00:00<00:06, 201Mbyte/s]Writing:   6%|▌         | 78.9M/1.34G [00:00<00:05, 249Mbyte/s]Writing:   8%|▊         | 110M/1.34G [00:00<00:05, 241Mbyte/s] Writing:  10%|█         | 140M/1.34G [00:00<00:04, 243Mbyte/s]Writing:  12%|█▏        | 168M/1.34G [00:00<00:04, 236Mbyte/s]Writing:  15%|█▍        | 197M/1.34G [00:00<00:04, 242Mbyte/s]Writing:  17%|█▋        | 228M/1.34G [00:00<00:04, 244Mbyte/s]Writing:  19%|█▉        | 259M/1.34G [00:01<00:04, 235Mbyte/s]Writing:  21%|██        | 283M/1.34G [00:01<00:04, 221Mbyte/s]Writing:  24%|██▎       | 315M/1.34G [00:01<00:04, 237Mbyte/s]Writing:  26%|██▌       | 346M/1.34G [00:01<00:04, 231Mbyte/s]Writing:  28%|██▊       | 377M/1.34G [00:01<00:04, 229Mbyte/s]Writing:  30%|██▉       | 401M/1.34G [00:01<00:04, 217Mbyte/s]Writing:  33%|███▎      | 437M/1.34G [00:01<00:03, 249Mbyte/s]Writing:  35%|███▍      | 464M/1.34G [00:01<00:03, 239Mbyte/s]Writing:  37%|███▋      | 495M/1.34G [00:02<00:03, 234Mbyte/s]Writing:  39%|███▊      | 519M/1.34G [00:02<00:03, 219Mbyte/s]Writing:  41%|████      | 552M/1.34G [00:02<00:03, 230Mbyte/s]Writing:  44%|████▍     | 595M/1.34G [00:02<00:02, 276Mbyte/s]Writing:  47%|████▋     | 631M/1.34G [00:02<00:02, 289Mbyte/s]Writing:  49%|████▉     | 662M/1.34G [00:02<00:02, 267Mbyte/s]Writing:  53%|█████▎    | 716M/1.34G [00:02<00:01, 337Mbyte/s]Writing:  56%|█████▋    | 756M/1.34G [00:02<00:01, 337Mbyte/s]Writing:  59%|█████▉    | 792M/1.34G [00:03<00:01, 315Mbyte/s]Writing:  62%|██████▏   | 838M/1.34G [00:03<00:01, 352Mbyte/s]Writing:  67%|██████▋   | 898M/1.34G [00:03<00:01, 411Mbyte/s]Writing:  71%|███████   | 953M/1.34G [00:03<00:00, 441Mbyte/s]Writing:  76%|███████▌  | 1.02G/1.34G [00:03<00:00, 480Mbyte/s]Writing:  80%|████████  | 1.07G/1.34G [00:03<00:00, 502Mbyte/s]Writing:  85%|████████▍ | 1.13G/1.34G [00:03<00:00, 525Mbyte/s]Writing:  89%|████████▉ | 1.19G/1.34G [00:03<00:00, 533Mbyte/s]Writing:  93%|█████████▎| 1.25G/1.34G [00:03<00:00, 534Mbyte/s]Writing:  98%|█████████▊| 1.31G/1.34G [00:04<00:00, 506Mbyte/s]Writing: 100%|██████████| 1.34G/1.34G [00:04<00:00, 323Mbyte/s]
INFO:hf-to-gguf:Model successfully exported to experiments/2026-06-30-vlm-backbone-bakeoff/runs/qwen2.5-vl-3b/lr0.0002/gguf/mmproj-lr0.0002-f16.gguf
[export] python /tmp/llama.cpp-57fe1f0/convert_hf_to_gguf.py experiments/2026-06-30-vlm-backbone-bakeoff/runs/qwen2.5-vl-3b/lr0.0002 --outfile experiments/2026-06-30-vlm-backbone-bakeoff/runs/qwen2.5-vl-3b/lr0.0002/gguf/lr0.0002-f16.gguf --outtype f16
INFO:hf-to-gguf:Loading model: lr0.0002
INFO:hf-to-gguf:Model architecture: Qwen2_5_VLForConditionalGeneration
INFO:hf-to-gguf:gguf: loading model weight map from 'model.safetensors.index.json'
INFO:hf-to-gguf:gguf: indexing model part 'model-00001-of-00002.safetensors'
INFO:hf-to-gguf:gguf: indexing model part 'model-00002-of-00002.safetensors'
INFO:gguf.gguf_writer:gguf: This GGUF file is for Little Endian only
INFO:hf-to-gguf:Exporting model...
INFO:hf-to-gguf:token_embd.weight,         torch.bfloat16 --> F16, shape = {2048, 151936}
INFO:hf-to-gguf:blk.0.attn_norm.weight,    torch.bfloat16 --> F32, shape = {2048}
INFO:hf-to-gguf:blk.0.ffn_down.weight,     torch.bfloat16 --> F16, shape = {11008, 2048}
INFO:hf-to-gguf:blk.0.ffn_gate.weight,     torch.bfloat16 --> F16, shape = {2048, 11008}
INFO:hf-to-gguf:blk.0.ffn_up.weight,       torch.bfloat16 --> F16, shape = {2048, 11008}
INFO:hf-to-gguf:blk.0.ffn_norm.weight,     torch.bfloat16 --> F32, shape = {2048}
INFO:hf-to-gguf:blk.0.attn_k.bias,         torch.bfloat16 --> F32, shape = {256}
INFO:hf-to-gguf:blk.0.attn_k.weight,       torch.bfloat16 --> F16, shape = {2048, 256}
INFO:hf-to-gguf:blk.0.attn_output.weight,  torch.bfloat16 --> F16, shape = {2048, 2048}
INFO:hf-to-gguf:blk.0.attn_q.bias,         torch.bfloat16 --> F32, shape = {2048}
INFO:hf-to-gguf:blk.0.attn_q.weight,       torch.bfloat16 --> F16, shape = {2048, 2048}
INFO:hf-to-gguf:blk.0.attn_v.bias,         torch.bfloat16 --> F32, shape = {256}
INFO:hf-to-gguf:blk.0.attn_v.weight,       torch.bfloat16 --> F16, shape = {2048, 256}
INFO:hf-to-gguf:blk.1.attn_norm.weight,    torch.bfloat16 --> F32, shape = {2048}
INFO:hf-to-gguf:blk.1.ffn_down.weight,     torch.bfloat16 --> F16, shape = {11008, 2048}
INFO:hf-to-gguf:blk.1.ffn_gate.weight,     torch.bfloat16 --> F16, shape = {2048, 11008}
INFO:hf-to-gguf:blk.1.ffn_up.weight,       torch.bfloat16 --> F16, shape = {2048, 11008}
INFO:hf-to-gguf:blk.1.ffn_norm.weight,     torch.bfloat16 --> F32, shape = {2048}
INFO:hf-to-gguf:blk.1.attn_k.bias,         torch.bfloat16 --> F32, shape = {256}
INFO:hf-to-gguf:blk.1.attn_k.weight,       torch.bfloat16 --> F16, shape = {2048, 256}
INFO:hf-to-gguf:blk.1.attn_output.weight,  torch.bfloat16 --> F16, shape = {2048, 2048}
INFO:hf-to-gguf:blk.1.attn_q.bias,         torch.bfloat16 --> F32, shape = {2048}
INFO:hf-to-gguf:blk.1.attn_q.weight,       torch.bfloat16 --> F16, shape = {2048, 2048}
INFO:hf-to-gguf:blk.1.attn_v.bias,         torch.bfloat16 --> F32, shape = {256}
INFO:hf-to-gguf:blk.1.attn_v.weight,       torch.bfloat16 --> F16, shape = {2048, 256}
INFO:hf-to-gguf:blk.10.attn_norm.weight,   torch.bfloat16 --> F32, shape = {2048}
INFO:hf-to-gguf:blk.10.ffn_down.weight,    torch.bfloat16 --> F16, shape = {11008, 2048}
INFO:hf-to-gguf:blk.10.ffn_gate.weight,    torch.bfloat16 --> F16, shape = {2048, 11008}
INFO:hf-to-gguf:blk.10.ffn_up.weight,      torch.bfloat16 --> F16, shape = {2048, 11008}
INFO:hf-to-gguf:blk.10.ffn_norm.weight,    torch.bfloat16 --> F32, shape = {2048}
INFO:hf-to-gguf:blk.10.attn_k.bias,        torch.bfloat16 --> F32, shape = {256}
INFO:hf-to-gguf:blk.10.attn_k.weight,      torch.bfloat16 --> F16, shape = {2048, 256}
INFO:hf-to-gguf:blk.10.attn_output.weight, torch.bfloat16 --> F16, shape = {2048, 2048}
INFO:hf-to-gguf:blk.10.attn_q.bias,        torch.bfloat16 --> F32, shape = {2048}
INFO:hf-to-gguf:blk.10.attn_q.weight,      torch.bfloat16 --> F16, shape = {2048, 2048}
INFO:hf-to-gguf:blk.10.attn_v.bias,        torch.bfloat16 --> F32, shape = {256}
INFO:hf-to-gguf:blk.10.attn_v.weight,      torch.bfloat16 --> F16, shape = {2048, 256}
INFO:hf-to-gguf:blk.11.attn_norm.weight,   torch.bfloat16 --> F32, shape = {2048}
INFO:hf-to-gguf:blk.11.ffn_down.weight,    torch.bfloat16 --> F16, shape = {11008, 2048}
INFO:hf-to-gguf:blk.11.ffn_gate.weight,    torch.bfloat16 --> F16, shape = {2048, 11008}
INFO:hf-to-gguf:blk.11.ffn_up.weight,      torch.bfloat16 --> F16, shape = {2048, 11008}
INFO:hf-to-gguf:blk.11.ffn_norm.weight,    torch.bfloat16 --> F32, shape = {2048}
INFO:hf-to-gguf:blk.11.attn_k.bias,        torch.bfloat16 --> F32, shape = {256}
INFO:hf-to-gguf:blk.11.attn_k.weight,      torch.bfloat16 --> F16, shape = {2048, 256}
INFO:hf-to-gguf:blk.11.attn_output.weight, torch.bfloat16 --> F16, shape = {2048, 2048}
INFO:hf-to-gguf:blk.11.attn_q.bias,        torch.bfloat16 --> F32, shape = {2048}
INFO:hf-to-gguf:blk.11.attn_q.weight,      torch.bfloat16 --> F16, shape = {2048, 2048}
INFO:hf-to-gguf:blk.11.attn_v.bias,        torch.bfloat16 --> F32, shape = {256}
INFO:hf-to-gguf:blk.11.attn_v.weight,      torch.bfloat16 --> F16, shape = {2048, 256}
INFO:hf-to-gguf:blk.12.attn_norm.weight,   torch.bfloat16 --> F32, shape = {2048}
INFO:hf-to-gguf:blk.12.ffn_down.weight,    torch.bfloat16 --> F16, shape = {11008, 2048}
INFO:hf-to-gguf:blk.12.ffn_gate.weight,    torch.bfloat16 --> F16, shape = {2048, 11008}
INFO:hf-to-gguf:blk.12.ffn_up.weight,      torch.bfloat16 --> F16, shape = {2048, 11008}
INFO:hf-to-gguf:blk.12.ffn_norm.weight,    torch.bfloat16 --> F32, shape = {2048}
INFO:hf-to-gguf:blk.12.attn_k.bias,        torch.bfloat16 --> F32, shape = {256}
INFO:hf-to-gguf:blk.12.attn_k.weight,      torch.bfloat16 --> F16, shape = {2048, 256}
INFO:hf-to-gguf:blk.12.attn_output.weight, torch.bfloat16 --> F16, shape = {2048, 2048}
INFO:hf-to-gguf:blk.12.attn_q.bias,        torch.bfloat16 --> F32, shape = {2048}
INFO:hf-to-gguf:blk.12.attn_q.weight,      torch.bfloat16 --> F16, shape = {2048, 2048}
INFO:hf-to-gguf:blk.12.attn_v.bias,        torch.bfloat16 --> F32, shape = {256}
INFO:hf-to-gguf:blk.12.attn_v.weight,      torch.bfloat16 --> F16, shape = {2048, 256}
INFO:hf-to-gguf:blk.13.attn_norm.weight,   torch.bfloat16 --> F32, shape = {2048}
INFO:hf-to-gguf:blk.13.ffn_down.weight,    torch.bfloat16 --> F16, shape = {11008, 2048}
INFO:hf-to-gguf:blk.13.ffn_gate.weight,    torch.bfloat16 --> F16, shape = {2048, 11008}
INFO:hf-to-gguf:blk.13.ffn_up.weight,      torch.bfloat16 --> F16, shape = {2048, 11008}
INFO:hf-to-gguf:blk.13.ffn_norm.weight,    torch.bfloat16 --> F32, shape = {2048}
INFO:hf-to-gguf:blk.13.attn_k.bias,        torch.bfloat16 --> F32, shape = {256}
INFO:hf-to-gguf:blk.13.attn_k.weight,      torch.bfloat16 --> F16, shape = {2048, 256}
INFO:hf-to-gguf:blk.13.attn_output.weight, torch.bfloat16 --> F16, shape = {2048, 2048}
INFO:hf-to-gguf:blk.13.attn_q.bias,        torch.bfloat16 --> F32, shape = {2048}
INFO:hf-to-gguf:blk.13.attn_q.weight,      torch.bfloat16 --> F16, shape = {2048, 2048}
INFO:hf-to-gguf:blk.13.attn_v.bias,        torch.bfloat16 --> F32, shape = {256}
INFO:hf-to-gguf:blk.13.attn_v.weight,      torch.bfloat16 --> F16, shape = {2048, 256}
INFO:hf-to-gguf:blk.14.attn_norm.weight,   torch.bfloat16 --> F32, shape = {2048}
INFO:hf-to-gguf:blk.14.ffn_down.weight,    torch.bfloat16 --> F16, shape = {11008, 2048}
INFO:hf-to-gguf:blk.14.ffn_gate.weight,    torch.bfloat16 --> F16, shape = {2048, 11008}
INFO:hf-to-gguf:blk.14.ffn_up.weight,      torch.bfloat16 --> F16, shape = {2048, 11008}
INFO:hf-to-gguf:blk.14.ffn_norm.weight,    torch.bfloat16 --> F32, shape = {2048}
INFO:hf-to-gguf:blk.14.attn_k.bias,        torch.bfloat16 --> F32, shape = {256}
INFO:hf-to-gguf:blk.14.attn_k.weight,      torch.bfloat16 --> F16, shape = {2048, 256}
INFO:hf-to-gguf:blk.14.attn_output.weight, torch.bfloat16 --> F16, shape = {2048, 2048}
INFO:hf-to-gguf:blk.14.attn_q.bias,        torch.bfloat16 --> F32, shape = {2048}
INFO:hf-to-gguf:blk.14.attn_q.weight,      torch.bfloat16 --> F16, shape = {2048, 2048}
INFO:hf-to-gguf:blk.14.attn_v.bias,        torch.bfloat16 --> F32, shape = {256}
INFO:hf-to-gguf:blk.14.attn_v.weight,      torch.bfloat16 --> F16, shape = {2048, 256}
INFO:hf-to-gguf:blk.15.attn_norm.weight,   torch.bfloat16 --> F32, shape = {2048}
INFO:hf-to-gguf:blk.15.ffn_down.weight,    torch.bfloat16 --> F16, shape = {11008, 2048}
INFO:hf-to-gguf:blk.15.ffn_gate.weight,    torch.bfloat16 --> F16, shape = {2048, 11008}
INFO:hf-to-gguf:blk.15.ffn_up.weight,      torch.bfloat16 --> F16, shape = {2048, 11008}
INFO:hf-to-gguf:blk.15.ffn_norm.weight,    torch.bfloat16 --> F32, shape = {2048}
INFO:hf-to-gguf:blk.15.attn_k.bias,        torch.bfloat16 --> F32, shape = {256}
INFO:hf-to-gguf:blk.15.attn_k.weight,      torch.bfloat16 --> F16, shape = {2048, 256}
INFO:hf-to-gguf:blk.15.attn_output.weight, torch.bfloat16 --> F16, shape = {2048, 2048}
INFO:hf-to-gguf:blk.15.attn_q.bias,        torch.bfloat16 --> F32, shape = {2048}
INFO:hf-to-gguf:blk.15.attn_q.weight,      torch.bfloat16 --> F16, shape = {2048, 2048}
INFO:hf-to-gguf:blk.15.attn_v.bias,        torch.bfloat16 --> F32, shape = {256}
INFO:hf-to-gguf:blk.15.attn_v.weight,      torch.bfloat16 --> F16, shape = {2048, 256}
INFO:hf-to-gguf:blk.16.attn_norm.weight,   torch.bfloat16 --> F32, shape = {2048}
INFO:hf-to-gguf:blk.16.ffn_down.weight,    torch.bfloat16 --> F16, shape = {11008, 2048}
INFO:hf-to-gguf:blk.16.ffn_gate.weight,    torch.bfloat16 --> F16, shape = {2048, 11008}
INFO:hf-to-gguf:blk.16.ffn_up.weight,      torch.bfloat16 --> F16, shape = {2048, 11008}
INFO:hf-to-gguf:blk.16.ffn_norm.weight,    torch.bfloat16 --> F32, shape = {2048}
INFO:hf-to-gguf:blk.16.attn_k.bias,        torch.bfloat16 --> F32, shape = {256}
INFO:hf-to-gguf:blk.16.attn_k.weight,      torch.bfloat16 --> F16, shape = {2048, 256}
INFO:hf-to-gguf:blk.16.attn_output.weight, torch.bfloat16 --> F16, shape = {2048, 2048}
INFO:hf-to-gguf:blk.16.attn_q.bias,        torch.bfloat16 --> F32, shape = {2048}
INFO:hf-to-gguf:blk.16.attn_q.weight,      torch.bfloat16 --> F16, shape = {2048, 2048}
INFO:hf-to-gguf:blk.16.attn_v.bias,        torch.bfloat16 --> F32, shape = {256}
INFO:hf-to-gguf:blk.16.attn_v.weight,      torch.bfloat16 --> F16, shape = {2048, 256}
INFO:hf-to-gguf:blk.17.attn_norm.weight,   torch.bfloat16 --> F32, shape = {2048}
INFO:hf-to-gguf:blk.17.ffn_down.weight,    torch.bfloat16 --> F16, shape = {11008, 2048}
INFO:hf-to-gguf:blk.17.ffn_gate.weight,    torch.bfloat16 --> F16, shape = {2048, 11008}
INFO:hf-to-gguf:blk.17.ffn_up.weight,      torch.bfloat16 --> F16, shape = {2048, 11008}
INFO:hf-to-gguf:blk.17.ffn_norm.weight,    torch.bfloat16 --> F32, shape = {2048}
INFO:hf-to-gguf:blk.17.attn_k.bias,        torch.bfloat16 --> F32, shape = {256}
INFO:hf-to-gguf:blk.17.attn_k.weight,      torch.bfloat16 --> F16, shape = {2048, 256}
INFO:hf-to-gguf:blk.17.attn_output.weight, torch.bfloat16 --> F16, shape = {2048, 2048}
INFO:hf-to-gguf:blk.17.attn_q.bias,        torch.bfloat16 --> F32, shape = {2048}
INFO:hf-to-gguf:blk.17.attn_q.weight,      torch.bfloat16 --> F16, shape = {2048, 2048}
INFO:hf-to-gguf:blk.17.attn_v.bias,        torch.bfloat16 --> F32, shape = {256}
INFO:hf-to-gguf:blk.17.attn_v.weight,      torch.bfloat16 --> F16, shape = {2048, 256}
INFO:hf-to-gguf:blk.18.attn_norm.weight,   torch.bfloat16 --> F32, shape = {2048}
INFO:hf-to-gguf:blk.18.ffn_down.weight,    torch.bfloat16 --> F16, shape = {11008, 2048}
INFO:hf-to-gguf:blk.18.ffn_gate.weight,    torch.bfloat16 --> F16, shape = {2048, 11008}
INFO:hf-to-gguf:blk.18.ffn_up.weight,      torch.bfloat16 --> F16, shape = {2048, 11008}
INFO:hf-to-gguf:blk.18.ffn_norm.weight,    torch.bfloat16 --> F32, shape = {2048}
INFO:hf-to-gguf:blk.18.attn_k.bias,        torch.bfloat16 --> F32, shape = {256}
INFO:hf-to-gguf:blk.18.attn_k.weight,      torch.bfloat16 --> F16, shape = {2048, 256}
INFO:hf-to-gguf:blk.18.attn_output.weight, torch.bfloat16 --> F16, shape = {2048, 2048}
INFO:hf-to-gguf:blk.18.attn_q.bias,        torch.bfloat16 --> F32, shape = {2048}
INFO:hf-to-gguf:blk.18.attn_q.weight,      torch.bfloat16 --> F16, shape = {2048, 2048}
INFO:hf-to-gguf:blk.18.attn_v.bias,        torch.bfloat16 --> F32, shape = {256}
INFO:hf-to-gguf:blk.18.attn_v.weight,      torch.bfloat16 --> F16, shape = {2048, 256}
INFO:hf-to-gguf:blk.19.ffn_gate.weight,    torch.bfloat16 --> F16, shape = {2048, 11008}
INFO:hf-to-gguf:blk.19.ffn_up.weight,      torch.bfloat16 --> F16, shape = {2048, 11008}
INFO:hf-to-gguf:blk.19.attn_k.bias,        torch.bfloat16 --> F32, shape = {256}
INFO:hf-to-gguf:blk.19.attn_k.weight,      torch.bfloat16 --> F16, shape = {2048, 256}
INFO:hf-to-gguf:blk.19.attn_output.weight, torch.bfloat16 --> F16, shape = {2048, 2048}
INFO:hf-to-gguf:blk.19.attn_q.bias,        torch.bfloat16 --> F32, shape = {2048}
INFO:hf-to-gguf:blk.19.attn_q.weight,      torch.bfloat16 --> F16, shape = {2048, 2048}
INFO:hf-to-gguf:blk.19.attn_v.bias,        torch.bfloat16 --> F32, shape = {256}
INFO:hf-to-gguf:blk.19.attn_v.weight,      torch.bfloat16 --> F16, shape = {2048, 256}
INFO:hf-to-gguf:blk.2.attn_norm.weight,    torch.bfloat16 --> F32, shape = {2048}
INFO:hf-to-gguf:blk.2.ffn_down.weight,     torch.bfloat16 --> F16, shape = {11008, 2048}
INFO:hf-to-gguf:blk.2.ffn_gate.weight,     torch.bfloat16 --> F16, shape = {2048, 11008}
INFO:hf-to-gguf:blk.2.ffn_up.weight,       torch.bfloat16 --> F16, shape = {2048, 11008}
INFO:hf-to-gguf:blk.2.ffn_norm.weight,     torch.bfloat16 --> F32, shape = {2048}
INFO:hf-to-gguf:blk.2.attn_k.bias,         torch.bfloat16 --> F32, shape = {256}
INFO:hf-to-gguf:blk.2.attn_k.weight,       torch.bfloat16 --> F16, shape = {2048, 256}
INFO:hf-to-gguf:blk.2.attn_output.weight,  torch.bfloat16 --> F16, shape = {2048, 2048}
INFO:hf-to-gguf:blk.2.attn_q.bias,         torch.bfloat16 --> F32, shape = {2048}
INFO:hf-to-gguf:blk.2.attn_q.weight,       torch.bfloat16 --> F16, shape = {2048, 2048}
INFO:hf-to-gguf:blk.2.attn_v.bias,         torch.bfloat16 --> F32, shape = {256}
INFO:hf-to-gguf:blk.2.attn_v.weight,       torch.bfloat16 --> F16, shape = {2048, 256}
INFO:hf-to-gguf:blk.3.attn_norm.weight,    torch.bfloat16 --> F32, shape = {2048}
INFO:hf-to-gguf:blk.3.ffn_down.weight,     torch.bfloat16 --> F16, shape = {11008, 2048}
INFO:hf-to-gguf:blk.3.ffn_gate.weight,     torch.bfloat16 --> F16, shape = {2048, 11008}
INFO:hf-to-gguf:blk.3.ffn_up.weight,       torch.bfloat16 --> F16, shape = {2048, 11008}
INFO:hf-to-gguf:blk.3.ffn_norm.weight,     torch.bfloat16 --> F32, shape = {2048}
INFO:hf-to-gguf:blk.3.attn_k.bias,         torch.bfloat16 --> F32, shape = {256}
INFO:hf-to-gguf:blk.3.attn_k.weight,       torch.bfloat16 --> F16, shape = {2048, 256}
INFO:hf-to-gguf:blk.3.attn_output.weight,  torch.bfloat16 --> F16, shape = {2048, 2048}
INFO:hf-to-gguf:blk.3.attn_q.bias,         torch.bfloat16 --> F32, shape = {2048}
INFO:hf-to-gguf:blk.3.attn_q.weight,       torch.bfloat16 --> F16, shape = {2048, 2048}
INFO:hf-to-gguf:blk.3.attn_v.bias,         torch.bfloat16 --> F32, shape = {256}
INFO:hf-to-gguf:blk.3.attn_v.weight,       torch.bfloat16 --> F16, shape = {2048, 256}
INFO:hf-to-gguf:blk.4.attn_norm.weight,    torch.bfloat16 --> F32, shape = {2048}
INFO:hf-to-gguf:blk.4.ffn_down.weight,     torch.bfloat16 --> F16, shape = {11008, 2048}
INFO:hf-to-gguf:blk.4.ffn_gate.weight,     torch.bfloat16 --> F16, shape = {2048, 11008}
INFO:hf-to-gguf:blk.4.ffn_up.weight,       torch.bfloat16 --> F16, shape = {2048, 11008}
INFO:hf-to-gguf:blk.4.ffn_norm.weight,     torch.bfloat16 --> F32, shape = {2048}
INFO:hf-to-gguf:blk.4.attn_k.bias,         torch.bfloat16 --> F32, shape = {256}
INFO:hf-to-gguf:blk.4.attn_k.weight,       torch.bfloat16 --> F16, shape = {2048, 256}
INFO:hf-to-gguf:blk.4.attn_output.weight,  torch.bfloat16 --> F16, shape = {2048, 2048}
INFO:hf-to-gguf:blk.4.attn_q.bias,         torch.bfloat16 --> F32, shape = {2048}
INFO:hf-to-gguf:blk.4.attn_q.weight,       torch.bfloat16 --> F16, shape = {2048, 2048}
INFO:hf-to-gguf:blk.4.attn_v.bias,         torch.bfloat16 --> F32, shape = {256}
INFO:hf-to-gguf:blk.4.attn_v.weight,       torch.bfloat16 --> F16, shape = {2048, 256}
INFO:hf-to-gguf:blk.5.attn_norm.weight,    torch.bfloat16 --> F32, shape = {2048}
INFO:hf-to-gguf:blk.5.ffn_down.weight,     torch.bfloat16 --> F16, shape = {11008, 2048}
INFO:hf-to-gguf:blk.5.ffn_gate.weight,     torch.bfloat16 --> F16, shape = {2048, 11008}
INFO:hf-to-gguf:blk.5.ffn_up.weight,       torch.bfloat16 --> F16, shape = {2048, 11008}
INFO:hf-to-gguf:blk.5.ffn_norm.weight,     torch.bfloat16 --> F32, shape = {2048}
INFO:hf-to-gguf:blk.5.attn_k.bias,         torch.bfloat16 --> F32, shape = {256}
INFO:hf-to-gguf:blk.5.attn_k.weight,       torch.bfloat16 --> F16, shape = {2048, 256}
INFO:hf-to-gguf:blk.5.attn_output.weight,  torch.bfloat16 --> F16, shape = {2048, 2048}
INFO:hf-to-gguf:blk.5.attn_q.bias,         torch.bfloat16 --> F32, shape = {2048}
INFO:hf-to-gguf:blk.5.attn_q.weight,       torch.bfloat16 --> F16, shape = {2048, 2048}
INFO:hf-to-gguf:blk.5.attn_v.bias,         torch.bfloat16 --> F32, shape = {256}
INFO:hf-to-gguf:blk.5.attn_v.weight,       torch.bfloat16 --> F16, shape = {2048, 256}
INFO:hf-to-gguf:blk.6.attn_norm.weight,    torch.bfloat16 --> F32, shape = {2048}
INFO:hf-to-gguf:blk.6.ffn_down.weight,     torch.bfloat16 --> F16, shape = {11008, 2048}
INFO:hf-to-gguf:blk.6.ffn_gate.weight,     torch.bfloat16 --> F16, shape = {2048, 11008}
INFO:hf-to-gguf:blk.6.ffn_up.weight,       torch.bfloat16 --> F16, shape = {2048, 11008}
INFO:hf-to-gguf:blk.6.ffn_norm.weight,     torch.bfloat16 --> F32, shape = {2048}
INFO:hf-to-gguf:blk.6.attn_k.bias,         torch.bfloat16 --> F32, shape = {256}
INFO:hf-to-gguf:blk.6.attn_k.weight,       torch.bfloat16 --> F16, shape = {2048, 256}
INFO:hf-to-gguf:blk.6.attn_output.weight,  torch.bfloat16 --> F16, shape = {2048, 2048}
INFO:hf-to-gguf:blk.6.attn_q.bias,         torch.bfloat16 --> F32, shape = {2048}
INFO:hf-to-gguf:blk.6.attn_q.weight,       torch.bfloat16 --> F16, shape = {2048, 2048}
INFO:hf-to-gguf:blk.6.attn_v.bias,         torch.bfloat16 --> F32, shape = {256}
INFO:hf-to-gguf:blk.6.attn_v.weight,       torch.bfloat16 --> F16, shape = {2048, 256}
INFO:hf-to-gguf:blk.7.attn_norm.weight,    torch.bfloat16 --> F32, shape = {2048}
INFO:hf-to-gguf:blk.7.ffn_down.weight,     torch.bfloat16 --> F16, shape = {11008, 2048}
INFO:hf-to-gguf:blk.7.ffn_gate.weight,     torch.bfloat16 --> F16, shape = {2048, 11008}
INFO:hf-to-gguf:blk.7.ffn_up.weight,       torch.bfloat16 --> F16, shape = {2048, 11008}
INFO:hf-to-gguf:blk.7.ffn_norm.weight,     torch.bfloat16 --> F32, shape = {2048}
INFO:hf-to-gguf:blk.7.attn_k.bias,         torch.bfloat16 --> F32, shape = {256}
INFO:hf-to-gguf:blk.7.attn_k.weight,       torch.bfloat16 --> F16, shape = {2048, 256}
INFO:hf-to-gguf:blk.7.attn_output.weight,  torch.bfloat16 --> F16, shape = {2048, 2048}
INFO:hf-to-gguf:blk.7.attn_q.bias,         torch.bfloat16 --> F32, shape = {2048}
INFO:hf-to-gguf:blk.7.attn_q.weight,       torch.bfloat16 --> F16, shape = {2048, 2048}
INFO:hf-to-gguf:blk.7.attn_v.bias,         torch.bfloat16 --> F32, shape = {256}
INFO:hf-to-gguf:blk.7.attn_v.weight,       torch.bfloat16 --> F16, shape = {2048, 256}
INFO:hf-to-gguf:blk.8.attn_norm.weight,    torch.bfloat16 --> F32, shape = {2048}
INFO:hf-to-gguf:blk.8.ffn_down.weight,     torch.bfloat16 --> F16, shape = {11008, 2048}
INFO:hf-to-gguf:blk.8.ffn_gate.weight,     torch.bfloat16 --> F16, shape = {2048, 11008}
INFO:hf-to-gguf:blk.8.ffn_up.weight,       torch.bfloat16 --> F16, shape = {2048, 11008}
INFO:hf-to-gguf:blk.8.ffn_norm.weight,     torch.bfloat16 --> F32, shape = {2048}
INFO:hf-to-gguf:blk.8.attn_k.bias,         torch.bfloat16 --> F32, shape = {256}
INFO:hf-to-gguf:blk.8.attn_k.weight,       torch.bfloat16 --> F16, shape = {2048, 256}
INFO:hf-to-gguf:blk.8.attn_output.weight,  torch.bfloat16 --> F16, shape = {2048, 2048}
INFO:hf-to-gguf:blk.8.attn_q.bias,         torch.bfloat16 --> F32, shape = {2048}
INFO:hf-to-gguf:blk.8.attn_q.weight,       torch.bfloat16 --> F16, shape = {2048, 2048}
INFO:hf-to-gguf:blk.8.attn_v.bias,         torch.bfloat16 --> F32, shape = {256}
INFO:hf-to-gguf:blk.8.attn_v.weight,       torch.bfloat16 --> F16, shape = {2048, 256}
INFO:hf-to-gguf:blk.9.attn_norm.weight,    torch.bfloat16 --> F32, shape = {2048}
INFO:hf-to-gguf:blk.9.ffn_down.weight,     torch.bfloat16 --> F16, shape = {11008, 2048}
INFO:hf-to-gguf:blk.9.ffn_gate.weight,     torch.bfloat16 --> F16, shape = {2048, 11008}
INFO:hf-to-gguf:blk.9.ffn_up.weight,       torch.bfloat16 --> F16, shape = {2048, 11008}
INFO:hf-to-gguf:blk.9.ffn_norm.weight,     torch.bfloat16 --> F32, shape = {2048}
INFO:hf-to-gguf:blk.9.attn_k.bias,         torch.bfloat16 --> F32, shape = {256}
INFO:hf-to-gguf:blk.9.attn_k.weight,       torch.bfloat16 --> F16, shape = {2048, 256}
INFO:hf-to-gguf:blk.9.attn_output.weight,  torch.bfloat16 --> F16, shape = {2048, 2048}
INFO:hf-to-gguf:blk.9.attn_q.bias,         torch.bfloat16 --> F32, shape = {2048}
INFO:hf-to-gguf:blk.9.attn_q.weight,       torch.bfloat16 --> F16, shape = {2048, 2048}
INFO:hf-to-gguf:blk.9.attn_v.bias,         torch.bfloat16 --> F32, shape = {256}
INFO:hf-to-gguf:blk.9.attn_v.weight,       torch.bfloat16 --> F16, shape = {2048, 256}
INFO:hf-to-gguf:blk.19.attn_norm.weight,   torch.bfloat16 --> F32, shape = {2048}
INFO:hf-to-gguf:blk.19.ffn_down.weight,    torch.bfloat16 --> F16, shape = {11008, 2048}
INFO:hf-to-gguf:blk.19.ffn_norm.weight,    torch.bfloat16 --> F32, shape = {2048}
INFO:hf-to-gguf:blk.20.attn_norm.weight,   torch.bfloat16 --> F32, shape = {2048}
INFO:hf-to-gguf:blk.20.ffn_down.weight,    torch.bfloat16 --> F16, shape = {11008, 2048}
INFO:hf-to-gguf:blk.20.ffn_gate.weight,    torch.bfloat16 --> F16, shape = {2048, 11008}
INFO:hf-to-gguf:blk.20.ffn_up.weight,      torch.bfloat16 --> F16, shape = {2048, 11008}
INFO:hf-to-gguf:blk.20.ffn_norm.weight,    torch.bfloat16 --> F32, shape = {2048}
INFO:hf-to-gguf:blk.20.attn_k.bias,        torch.bfloat16 --> F32, shape = {256}
INFO:hf-to-gguf:blk.20.attn_k.weight,      torch.bfloat16 --> F16, shape = {2048, 256}
INFO:hf-to-gguf:blk.20.attn_output.weight, torch.bfloat16 --> F16, shape = {2048, 2048}
INFO:hf-to-gguf:blk.20.attn_q.bias,        torch.bfloat16 --> F32, shape = {2048}
INFO:hf-to-gguf:blk.20.attn_q.weight,      torch.bfloat16 --> F16, shape = {2048, 2048}
INFO:hf-to-gguf:blk.20.attn_v.bias,        torch.bfloat16 --> F32, shape = {256}
INFO:hf-to-gguf:blk.20.attn_v.weight,      torch.bfloat16 --> F16, shape = {2048, 256}
INFO:hf-to-gguf:blk.21.attn_norm.weight,   torch.bfloat16 --> F32, shape = {2048}
INFO:hf-to-gguf:blk.21.ffn_down.weight,    torch.bfloat16 --> F16, shape = {11008, 2048}
INFO:hf-to-gguf:blk.21.ffn_gate.weight,    torch.bfloat16 --> F16, shape = {2048, 11008}
INFO:hf-to-gguf:blk.21.ffn_up.weight,      torch.bfloat16 --> F16, shape = {2048, 11008}
INFO:hf-to-gguf:blk.21.ffn_norm.weight,    torch.bfloat16 --> F32, shape = {2048}
INFO:hf-to-gguf:blk.21.attn_k.bias,        torch.bfloat16 --> F32, shape = {256}
INFO:hf-to-gguf:blk.21.attn_k.weight,      torch.bfloat16 --> F16, shape = {2048, 256}
INFO:hf-to-gguf:blk.21.attn_output.weight, torch.bfloat16 --> F16, shape = {2048, 2048}
INFO:hf-to-gguf:blk.21.attn_q.bias,        torch.bfloat16 --> F32, shape = {2048}
INFO:hf-to-gguf:blk.21.attn_q.weight,      torch.bfloat16 --> F16, shape = {2048, 2048}
INFO:hf-to-gguf:blk.21.attn_v.bias,        torch.bfloat16 --> F32, shape = {256}
INFO:hf-to-gguf:blk.21.attn_v.weight,      torch.bfloat16 --> F16, shape = {2048, 256}
INFO:hf-to-gguf:blk.22.attn_norm.weight,   torch.bfloat16 --> F32, shape = {2048}
INFO:hf-to-gguf:blk.22.ffn_down.weight,    torch.bfloat16 --> F16, shape = {11008, 2048}
INFO:hf-to-gguf:blk.22.ffn_gate.weight,    torch.bfloat16 --> F16, shape = {2048, 11008}
INFO:hf-to-gguf:blk.22.ffn_up.weight,      torch.bfloat16 --> F16, shape = {2048, 11008}
INFO:hf-to-gguf:blk.22.ffn_norm.weight,    torch.bfloat16 --> F32, shape = {2048}
INFO:hf-to-gguf:blk.22.attn_k.bias,        torch.bfloat16 --> F32, shape = {256}
INFO:hf-to-gguf:blk.22.attn_k.weight,      torch.bfloat16 --> F16, shape = {2048, 256}
INFO:hf-to-gguf:blk.22.attn_output.weight, torch.bfloat16 --> F16, shape = {2048, 2048}
INFO:hf-to-gguf:blk.22.attn_q.bias,        torch.bfloat16 --> F32, shape = {2048}
INFO:hf-to-gguf:blk.22.attn_q.weight,      torch.bfloat16 --> F16, shape = {2048, 2048}
INFO:hf-to-gguf:blk.22.attn_v.bias,        torch.bfloat16 --> F32, shape = {256}
INFO:hf-to-gguf:blk.22.attn_v.weight,      torch.bfloat16 --> F16, shape = {2048, 256}
INFO:hf-to-gguf:blk.23.attn_norm.weight,   torch.bfloat16 --> F32, shape = {2048}
INFO:hf-to-gguf:blk.23.ffn_down.weight,    torch.bfloat16 --> F16, shape = {11008, 2048}
INFO:hf-to-gguf:blk.23.ffn_gate.weight,    torch.bfloat16 --> F16, shape = {2048, 11008}
INFO:hf-to-gguf:blk.23.ffn_up.weight,      torch.bfloat16 --> F16, shape = {2048, 11008}
INFO:hf-to-gguf:blk.23.ffn_norm.weight,    torch.bfloat16 --> F32, shape = {2048}
INFO:hf-to-gguf:blk.23.attn_k.bias,        torch.bfloat16 --> F32, shape = {256}
INFO:hf-to-gguf:blk.23.attn_k.weight,      torch.bfloat16 --> F16, shape = {2048, 256}
INFO:hf-to-gguf:blk.23.attn_output.weight, torch.bfloat16 --> F16, shape = {2048, 2048}
INFO:hf-to-gguf:blk.23.attn_q.bias,        torch.bfloat16 --> F32, shape = {2048}
INFO:hf-to-gguf:blk.23.attn_q.weight,      torch.bfloat16 --> F16, shape = {2048, 2048}
INFO:hf-to-gguf:blk.23.attn_v.bias,        torch.bfloat16 --> F32, shape = {256}
INFO:hf-to-gguf:blk.23.attn_v.weight,      torch.bfloat16 --> F16, shape = {2048, 256}
INFO:hf-to-gguf:blk.24.attn_norm.weight,   torch.bfloat16 --> F32, shape = {2048}
INFO:hf-to-gguf:blk.24.ffn_down.weight,    torch.bfloat16 --> F16, shape = {11008, 2048}
INFO:hf-to-gguf:blk.24.ffn_gate.weight,    torch.bfloat16 --> F16, shape = {2048, 11008}
INFO:hf-to-gguf:blk.24.ffn_up.weight,      torch.bfloat16 --> F16, shape = {2048, 11008}
INFO:hf-to-gguf:blk.24.ffn_norm.weight,    torch.bfloat16 --> F32, shape = {2048}
INFO:hf-to-gguf:blk.24.attn_k.bias,        torch.bfloat16 --> F32, shape = {256}
INFO:hf-to-gguf:blk.24.attn_k.weight,      torch.bfloat16 --> F16, shape = {2048, 256}
INFO:hf-to-gguf:blk.24.attn_output.weight, torch.bfloat16 --> F16, shape = {2048, 2048}
INFO:hf-to-gguf:blk.24.attn_q.bias,        torch.bfloat16 --> F32, shape = {2048}
INFO:hf-to-gguf:blk.24.attn_q.weight,      torch.bfloat16 --> F16, shape = {2048, 2048}
INFO:hf-to-gguf:blk.24.attn_v.bias,        torch.bfloat16 --> F32, shape = {256}
INFO:hf-to-gguf:blk.24.attn_v.weight,      torch.bfloat16 --> F16, shape = {2048, 256}
INFO:hf-to-gguf:blk.25.attn_norm.weight,   torch.bfloat16 --> F32, shape = {2048}
INFO:hf-to-gguf:blk.25.ffn_down.weight,    torch.bfloat16 --> F16, shape = {11008, 2048}
INFO:hf-to-gguf:blk.25.ffn_gate.weight,    torch.bfloat16 --> F16, shape = {2048, 11008}
INFO:hf-to-gguf:blk.25.ffn_up.weight,      torch.bfloat16 --> F16, shape = {2048, 11008}
INFO:hf-to-gguf:blk.25.ffn_norm.weight,    torch.bfloat16 --> F32, shape = {2048}
INFO:hf-to-gguf:blk.25.attn_k.bias,        torch.bfloat16 --> F32, shape = {256}
INFO:hf-to-gguf:blk.25.attn_k.weight,      torch.bfloat16 --> F16, shape = {2048, 256}
INFO:hf-to-gguf:blk.25.attn_output.weight, torch.bfloat16 --> F16, shape = {2048, 2048}
INFO:hf-to-gguf:blk.25.attn_q.bias,        torch.bfloat16 --> F32, shape = {2048}
INFO:hf-to-gguf:blk.25.attn_q.weight,      torch.bfloat16 --> F16, shape = {2048, 2048}
INFO:hf-to-gguf:blk.25.attn_v.bias,        torch.bfloat16 --> F32, shape = {256}
INFO:hf-to-gguf:blk.25.attn_v.weight,      torch.bfloat16 --> F16, shape = {2048, 256}
INFO:hf-to-gguf:blk.26.attn_norm.weight,   torch.bfloat16 --> F32, shape = {2048}
INFO:hf-to-gguf:blk.26.ffn_down.weight,    torch.bfloat16 --> F16, shape = {11008, 2048}
INFO:hf-to-gguf:blk.26.ffn_gate.weight,    torch.bfloat16 --> F16, shape = {2048, 11008}
INFO:hf-to-gguf:blk.26.ffn_up.weight,      torch.bfloat16 --> F16, shape = {2048, 11008}
INFO:hf-to-gguf:blk.26.ffn_norm.weight,    torch.bfloat16 --> F32, shape = {2048}
INFO:hf-to-gguf:blk.26.attn_k.bias,        torch.bfloat16 --> F32, shape = {256}
INFO:hf-to-gguf:blk.26.attn_k.weight,      torch.bfloat16 --> F16, shape = {2048, 256}
INFO:hf-to-gguf:blk.26.attn_output.weight, torch.bfloat16 --> F16, shape = {2048, 2048}
INFO:hf-to-gguf:blk.26.attn_q.bias,        torch.bfloat16 --> F32, shape = {2048}
INFO:hf-to-gguf:blk.26.attn_q.weight,      torch.bfloat16 --> F16, shape = {2048, 2048}
INFO:hf-to-gguf:blk.26.attn_v.bias,        torch.bfloat16 --> F32, shape = {256}
INFO:hf-to-gguf:blk.26.attn_v.weight,      torch.bfloat16 --> F16, shape = {2048, 256}
INFO:hf-to-gguf:blk.27.attn_norm.weight,   torch.bfloat16 --> F32, shape = {2048}
INFO:hf-to-gguf:blk.27.ffn_down.weight,    torch.bfloat16 --> F16, shape = {11008, 2048}
INFO:hf-to-gguf:blk.27.ffn_gate.weight,    torch.bfloat16 --> F16, shape = {2048, 11008}
INFO:hf-to-gguf:blk.27.ffn_up.weight,      torch.bfloat16 --> F16, shape = {2048, 11008}
INFO:hf-to-gguf:blk.27.ffn_norm.weight,    torch.bfloat16 --> F32, shape = {2048}
INFO:hf-to-gguf:blk.27.attn_k.bias,        torch.bfloat16 --> F32, shape = {256}
INFO:hf-to-gguf:blk.27.attn_k.weight,      torch.bfloat16 --> F16, shape = {2048, 256}
INFO:hf-to-gguf:blk.27.attn_output.weight, torch.bfloat16 --> F16, shape = {2048, 2048}
INFO:hf-to-gguf:blk.27.attn_q.bias,        torch.bfloat16 --> F32, shape = {2048}
INFO:hf-to-gguf:blk.27.attn_q.weight,      torch.bfloat16 --> F16, shape = {2048, 2048}
INFO:hf-to-gguf:blk.27.attn_v.bias,        torch.bfloat16 --> F32, shape = {256}
INFO:hf-to-gguf:blk.27.attn_v.weight,      torch.bfloat16 --> F16, shape = {2048, 256}
INFO:hf-to-gguf:blk.28.attn_norm.weight,   torch.bfloat16 --> F32, shape = {2048}
INFO:hf-to-gguf:blk.28.ffn_down.weight,    torch.bfloat16 --> F16, shape = {11008, 2048}
INFO:hf-to-gguf:blk.28.ffn_gate.weight,    torch.bfloat16 --> F16, shape = {2048, 11008}
INFO:hf-to-gguf:blk.28.ffn_up.weight,      torch.bfloat16 --> F16, shape = {2048, 11008}
INFO:hf-to-gguf:blk.28.ffn_norm.weight,    torch.bfloat16 --> F32, shape = {2048}
INFO:hf-to-gguf:blk.28.attn_k.bias,        torch.bfloat16 --> F32, shape = {256}
INFO:hf-to-gguf:blk.28.attn_k.weight,      torch.bfloat16 --> F16, shape = {2048, 256}
INFO:hf-to-gguf:blk.28.attn_output.weight, torch.bfloat16 --> F16, shape = {2048, 2048}
INFO:hf-to-gguf:blk.28.attn_q.bias,        torch.bfloat16 --> F32, shape = {2048}
INFO:hf-to-gguf:blk.28.attn_q.weight,      torch.bfloat16 --> F16, shape = {2048, 2048}
INFO:hf-to-gguf:blk.28.attn_v.bias,        torch.bfloat16 --> F32, shape = {256}
INFO:hf-to-gguf:blk.28.attn_v.weight,      torch.bfloat16 --> F16, shape = {2048, 256}
INFO:hf-to-gguf:blk.29.attn_norm.weight,   torch.bfloat16 --> F32, shape = {2048}
INFO:hf-to-gguf:blk.29.ffn_down.weight,    torch.bfloat16 --> F16, shape = {11008, 2048}
INFO:hf-to-gguf:blk.29.ffn_gate.weight,    torch.bfloat16 --> F16, shape = {2048, 11008}
INFO:hf-to-gguf:blk.29.ffn_up.weight,      torch.bfloat16 --> F16, shape = {2048, 11008}
INFO:hf-to-gguf:blk.29.ffn_norm.weight,    torch.bfloat16 --> F32, shape = {2048}
INFO:hf-to-gguf:blk.29.attn_k.bias,        torch.bfloat16 --> F32, shape = {256}
INFO:hf-to-gguf:blk.29.attn_k.weight,      torch.bfloat16 --> F16, shape = {2048, 256}
INFO:hf-to-gguf:blk.29.attn_output.weight, torch.bfloat16 --> F16, shape = {2048, 2048}
INFO:hf-to-gguf:blk.29.attn_q.bias,        torch.bfloat16 --> F32, shape = {2048}
INFO:hf-to-gguf:blk.29.attn_q.weight,      torch.bfloat16 --> F16, shape = {2048, 2048}
INFO:hf-to-gguf:blk.29.attn_v.bias,        torch.bfloat16 --> F32, shape = {256}
INFO:hf-to-gguf:blk.29.attn_v.weight,      torch.bfloat16 --> F16, shape = {2048, 256}
INFO:hf-to-gguf:blk.30.attn_norm.weight,   torch.bfloat16 --> F32, shape = {2048}
INFO:hf-to-gguf:blk.30.ffn_down.weight,    torch.bfloat16 --> F16, shape = {11008, 2048}
INFO:hf-to-gguf:blk.30.ffn_gate.weight,    torch.bfloat16 --> F16, shape = {2048, 11008}
INFO:hf-to-gguf:blk.30.ffn_up.weight,      torch.bfloat16 --> F16, shape = {2048, 11008}
INFO:hf-to-gguf:blk.30.ffn_norm.weight,    torch.bfloat16 --> F32, shape = {2048}
INFO:hf-to-gguf:blk.30.attn_k.bias,        torch.bfloat16 --> F32, shape = {256}
INFO:hf-to-gguf:blk.30.attn_k.weight,      torch.bfloat16 --> F16, shape = {2048, 256}
INFO:hf-to-gguf:blk.30.attn_output.weight, torch.bfloat16 --> F16, shape = {2048, 2048}
INFO:hf-to-gguf:blk.30.attn_q.bias,        torch.bfloat16 --> F32, shape = {2048}
INFO:hf-to-gguf:blk.30.attn_q.weight,      torch.bfloat16 --> F16, shape = {2048, 2048}
INFO:hf-to-gguf:blk.30.attn_v.bias,        torch.bfloat16 --> F32, shape = {256}
INFO:hf-to-gguf:blk.30.attn_v.weight,      torch.bfloat16 --> F16, shape = {2048, 256}
INFO:hf-to-gguf:blk.31.attn_norm.weight,   torch.bfloat16 --> F32, shape = {2048}
INFO:hf-to-gguf:blk.31.ffn_down.weight,    torch.bfloat16 --> F16, shape = {11008, 2048}
INFO:hf-to-gguf:blk.31.ffn_gate.weight,    torch.bfloat16 --> F16, shape = {2048, 11008}
INFO:hf-to-gguf:blk.31.ffn_up.weight,      torch.bfloat16 --> F16, shape = {2048, 11008}
INFO:hf-to-gguf:blk.31.ffn_norm.weight,    torch.bfloat16 --> F32, shape = {2048}
INFO:hf-to-gguf:blk.31.attn_k.bias,        torch.bfloat16 --> F32, shape = {256}
INFO:hf-to-gguf:blk.31.attn_k.weight,      torch.bfloat16 --> F16, shape = {2048, 256}
INFO:hf-to-gguf:blk.31.attn_output.weight, torch.bfloat16 --> F16, shape = {2048, 2048}
INFO:hf-to-gguf:blk.31.attn_q.bias,        torch.bfloat16 --> F32, shape = {2048}
INFO:hf-to-gguf:blk.31.attn_q.weight,      torch.bfloat16 --> F16, shape = {2048, 2048}
INFO:hf-to-gguf:blk.31.attn_v.bias,        torch.bfloat16 --> F32, shape = {256}
INFO:hf-to-gguf:blk.31.attn_v.weight,      torch.bfloat16 --> F16, shape = {2048, 256}
INFO:hf-to-gguf:blk.32.attn_norm.weight,   torch.bfloat16 --> F32, shape = {2048}
INFO:hf-to-gguf:blk.32.ffn_down.weight,    torch.bfloat16 --> F16, shape = {11008, 2048}
INFO:hf-to-gguf:blk.32.ffn_gate.weight,    torch.bfloat16 --> F16, shape = {2048, 11008}
INFO:hf-to-gguf:blk.32.ffn_up.weight,      torch.bfloat16 --> F16, shape = {2048, 11008}
INFO:hf-to-gguf:blk.32.ffn_norm.weight,    torch.bfloat16 --> F32, shape = {2048}
INFO:hf-to-gguf:blk.32.attn_k.bias,        torch.bfloat16 --> F32, shape = {256}
INFO:hf-to-gguf:blk.32.attn_k.weight,      torch.bfloat16 --> F16, shape = {2048, 256}
INFO:hf-to-gguf:blk.32.attn_output.weight, torch.bfloat16 --> F16, shape = {2048, 2048}
INFO:hf-to-gguf:blk.32.attn_q.bias,        torch.bfloat16 --> F32, shape = {2048}
INFO:hf-to-gguf:blk.32.attn_q.weight,      torch.bfloat16 --> F16, shape = {2048, 2048}
INFO:hf-to-gguf:blk.32.attn_v.bias,        torch.bfloat16 --> F32, shape = {256}
INFO:hf-to-gguf:blk.32.attn_v.weight,      torch.bfloat16 --> F16, shape = {2048, 256}
INFO:hf-to-gguf:blk.33.attn_norm.weight,   torch.bfloat16 --> F32, shape = {2048}
INFO:hf-to-gguf:blk.33.ffn_down.weight,    torch.bfloat16 --> F16, shape = {11008, 2048}
INFO:hf-to-gguf:blk.33.ffn_gate.weight,    torch.bfloat16 --> F16, shape = {2048, 11008}
INFO:hf-to-gguf:blk.33.ffn_up.weight,      torch.bfloat16 --> F16, shape = {2048, 11008}
INFO:hf-to-gguf:blk.33.ffn_norm.weight,    torch.bfloat16 --> F32, shape = {2048}
INFO:hf-to-gguf:blk.33.attn_k.bias,        torch.bfloat16 --> F32, shape = {256}
INFO:hf-to-gguf:blk.33.attn_k.weight,      torch.bfloat16 --> F16, shape = {2048, 256}
INFO:hf-to-gguf:blk.33.attn_output.weight, torch.bfloat16 --> F16, shape = {2048, 2048}
INFO:hf-to-gguf:blk.33.attn_q.bias,        torch.bfloat16 --> F32, shape = {2048}
INFO:hf-to-gguf:blk.33.attn_q.weight,      torch.bfloat16 --> F16, shape = {2048, 2048}
INFO:hf-to-gguf:blk.33.attn_v.bias,        torch.bfloat16 --> F32, shape = {256}
INFO:hf-to-gguf:blk.33.attn_v.weight,      torch.bfloat16 --> F16, shape = {2048, 256}
INFO:hf-to-gguf:blk.34.attn_norm.weight,   torch.bfloat16 --> F32, shape = {2048}
INFO:hf-to-gguf:blk.34.ffn_down.weight,    torch.bfloat16 --> F16, shape = {11008, 2048}
INFO:hf-to-gguf:blk.34.ffn_gate.weight,    torch.bfloat16 --> F16, shape = {2048, 11008}
INFO:hf-to-gguf:blk.34.ffn_up.weight,      torch.bfloat16 --> F16, shape = {2048, 11008}
INFO:hf-to-gguf:blk.34.ffn_norm.weight,    torch.bfloat16 --> F32, shape = {2048}
INFO:hf-to-gguf:blk.34.attn_k.bias,        torch.bfloat16 --> F32, shape = {256}
INFO:hf-to-gguf:blk.34.attn_k.weight,      torch.bfloat16 --> F16, shape = {2048, 256}
INFO:hf-to-gguf:blk.34.attn_output.weight, torch.bfloat16 --> F16, shape = {2048, 2048}
INFO:hf-to-gguf:blk.34.attn_q.bias,        torch.bfloat16 --> F32, shape = {2048}
INFO:hf-to-gguf:blk.34.attn_q.weight,      torch.bfloat16 --> F16, shape = {2048, 2048}
INFO:hf-to-gguf:blk.34.attn_v.bias,        torch.bfloat16 --> F32, shape = {256}
INFO:hf-to-gguf:blk.34.attn_v.weight,      torch.bfloat16 --> F16, shape = {2048, 256}
INFO:hf-to-gguf:blk.35.attn_norm.weight,   torch.bfloat16 --> F32, shape = {2048}
INFO:hf-to-gguf:blk.35.ffn_down.weight,    torch.bfloat16 --> F16, shape = {11008, 2048}
INFO:hf-to-gguf:blk.35.ffn_gate.weight,    torch.bfloat16 --> F16, shape = {2048, 11008}
INFO:hf-to-gguf:blk.35.ffn_up.weight,      torch.bfloat16 --> F16, shape = {2048, 11008}
INFO:hf-to-gguf:blk.35.ffn_norm.weight,    torch.bfloat16 --> F32, shape = {2048}
INFO:hf-to-gguf:blk.35.attn_k.bias,        torch.bfloat16 --> F32, shape = {256}
INFO:hf-to-gguf:blk.35.attn_k.weight,      torch.bfloat16 --> F16, shape = {2048, 256}
INFO:hf-to-gguf:blk.35.attn_output.weight, torch.bfloat16 --> F16, shape = {2048, 2048}
INFO:hf-to-gguf:blk.35.attn_q.bias,        torch.bfloat16 --> F32, shape = {2048}
INFO:hf-to-gguf:blk.35.attn_q.weight,      torch.bfloat16 --> F16, shape = {2048, 2048}
INFO:hf-to-gguf:blk.35.attn_v.bias,        torch.bfloat16 --> F32, shape = {256}
INFO:hf-to-gguf:blk.35.attn_v.weight,      torch.bfloat16 --> F16, shape = {2048, 256}
INFO:hf-to-gguf:output_norm.weight,        torch.bfloat16 --> F32, shape = {2048}
INFO:hf-to-gguf:Set meta model
INFO:hf-to-gguf:Set model parameters
INFO:hf-to-gguf:gguf: context length = 128000
INFO:hf-to-gguf:gguf: embedding length = 2048
INFO:hf-to-gguf:gguf: feed forward length = 11008
INFO:hf-to-gguf:gguf: head count = 16
INFO:hf-to-gguf:gguf: key-value head count = 2
WARNING:hf-to-gguf:Unknown RoPE type: default
INFO:hf-to-gguf:gguf: rope scaling type = NONE
INFO:hf-to-gguf:gguf: mrope sections: [16, 24, 24, 0]
INFO:hf-to-gguf:gguf: rope theta = 1000000.0
INFO:hf-to-gguf:gguf: rms norm epsilon = 1e-06
INFO:hf-to-gguf:gguf: file type = 1
INFO:hf-to-gguf:Set model quantization version
INFO:hf-to-gguf:Set model tokenizer
The tokenizer you are loading from 'experiments/2026-06-30-vlm-backbone-bakeoff/runs/qwen2.5-vl-3b/lr0.0002' with an incorrect regex pattern: https://huggingface.co/mistralai/Mistral-Small-3.1-24B-Instruct-2503/discussions/84#69121093e8b480e709447d5e. This will lead to incorrect tokenization. You should set the `fix_mistral_regex=True` flag when loading this tokenizer to fix this issue.
INFO:gguf.vocab:Adding 151387 merge(s).
INFO:gguf.vocab:Setting special token type eos to 151645
INFO:gguf.vocab:Setting special token type pad to 151643
INFO:gguf.vocab:Setting special token type bos to 151643
INFO:gguf.vocab:Setting add_bos_token to False
INFO:gguf.vocab:Setting chat_template to {% set image_count = namespace(value=0) %}{% set video_count = namespace(value=0) %}{% for message in messages %}{% if loop.first and message['role'] != 'system' %}<|im_start|>system
You are a helpful assistant.<|im_end|>
{% endif %}<|im_start|>{{ message['role'] }}
{% if message['content'] is string %}{{ message['content'] }}<|im_end|>
{% else %}{% for content in message['content'] %}{% if content['type'] == 'image' or 'image' in content or 'image_url' in content %}{% set image_count.value = image_count.value + 1 %}{% if add_vision_id %}Picture {{ image_count.value }}: {% endif %}<|vision_start|><|image_pad|><|vision_end|>{% elif content['type'] == 'video' or 'video' in content %}{% set video_count.value = video_count.value + 1 %}{% if add_vision_id %}Video {{ video_count.value }}: {% endif %}<|vision_start|><|video_pad|><|vision_end|>{% elif 'text' in content %}{{ content['text'] }}{% endif %}{% endfor %}<|im_end|>
{% endif %}{% endfor %}{% if add_generation_prompt %}<|im_start|>assistant
{% endif %}
INFO:gguf.gguf_writer:Writing the following files:
INFO:gguf.gguf_writer:experiments/2026-06-30-vlm-backbone-bakeoff/runs/qwen2.5-vl-3b/lr0.0002/gguf/lr0.0002-f16.gguf: n_tensors = 434, total_size = 6.2G
Writing:   0%|          | 0.00/6.17G [00:00<?, ?byte/s]Writing:  10%|█         | 622M/6.17G [00:01<00:11, 463Mbyte/s]Writing:  12%|█▏        | 713M/6.17G [00:01<00:13, 419Mbyte/s]Writing:  12%|█▏        | 758M/6.17G [00:01<00:12, 421Mbyte/s]Writing:  13%|█▎        | 822M/6.17G [00:01<00:12, 426Mbyte/s]Writing:  14%|█▍        | 867M/6.17G [00:02<00:12, 419Mbyte/s]Writing:  15%|█▍        | 912M/6.17G [00:02<00:13, 404Mbyte/s]Writing:  16%|█▌        | 976M/6.17G [00:02<00:12, 417Mbyte/s]Writing:  17%|█▋        | 1.02G/6.17G [00:02<00:12, 422Mbyte/s]Writing:  17%|█▋        | 1.07G/6.17G [00:02<00:11, 427Mbyte/s]Writing:  18%|█▊        | 1.13G/6.17G [00:02<00:11, 432Mbyte/s]Writing:  19%|█▉        | 1.18G/6.17G [00:02<00:11, 435Mbyte/s]Writing:  20%|█▉        | 1.22G/6.17G [00:02<00:11, 434Mbyte/s]Writing:  21%|██        | 1.28G/6.17G [00:02<00:10, 447Mbyte/s]Writing:  22%|██▏       | 1.37G/6.17G [00:03<00:14, 334Mbyte/s]Writing:  23%|██▎       | 1.44G/6.17G [00:03<00:12, 367Mbyte/s]Writing:  24%|██▍       | 1.48G/6.17G [00:03<00:12, 382Mbyte/s]Writing:  25%|██▍       | 1.53G/6.17G [00:03<00:12, 369Mbyte/s]Writing:  26%|██▌       | 1.59G/6.17G [00:03<00:12, 372Mbyte/s]Writing:  27%|██▋       | 1.64G/6.17G [00:03<00:11, 388Mbyte/s]Writing:  27%|██▋       | 1.68G/6.17G [00:04<00:12, 360Mbyte/s]Writing:  28%|██▊       | 1.75G/6.17G [00:04<00:12, 362Mbyte/s]Writing:  30%|██▉       | 1.84G/6.17G [00:04<00:10, 396Mbyte/s]Writing:  31%|███       | 1.90G/6.17G [00:04<00:12, 350Mbyte/s]Writing:  32%|███▏      | 1.95G/6.17G [00:04<00:11, 364Mbyte/s]Writing:  32%|███▏      | 1.99G/6.17G [00:04<00:11, 379Mbyte/s]Writing:  33%|███▎      | 2.05G/6.17G [00:05<00:10, 403Mbyte/s]Writing:  34%|███▍      | 2.10G/6.17G [00:05<00:10, 407Mbyte/s]Writing:  35%|███▍      | 2.15G/6.17G [00:05<00:10, 401Mbyte/s]Writing:  36%|███▌      | 2.21G/6.17G [00:05<00:09, 410Mbyte/s]Writing:  37%|███▋      | 2.25G/6.17G [00:05<00:09, 415Mbyte/s]Writing:  37%|███▋      | 2.30G/6.17G [00:05<00:09, 398Mbyte/s]Writing:  38%|███▊      | 2.36G/6.17G [00:05<00:09, 384Mbyte/s]Writing:  39%|███▉      | 2.41G/6.17G [00:05<00:09, 397Mbyte/s]Writing:  40%|████      | 2.47G/6.17G [00:06<00:11, 326Mbyte/s]Writing:  41%|████      | 2.52G/6.17G [00:06<00:10, 346Mbyte/s]Writing:  42%|████▏     | 2.56G/6.17G [00:06<00:10, 342Mbyte/s]Writing:  43%|████▎     | 2.63G/6.17G [00:06<00:10, 346Mbyte/s]Writing:  43%|████▎     | 2.67G/6.17G [00:06<00:09, 361Mbyte/s]Writing:  44%|████▍     | 2.72G/6.17G [00:06<00:10, 332Mbyte/s]Writing:  45%|████▌     | 2.78G/6.17G [00:07<00:10, 326Mbyte/s]Writing:  46%|████▌     | 2.83G/6.17G [00:07<00:09, 346Mbyte/s]Writing:  47%|████▋     | 2.87G/6.17G [00:07<00:09, 361Mbyte/s]Writing:  48%|████▊     | 2.93G/6.17G [00:07<00:08, 395Mbyte/s]Writing:  48%|████▊     | 2.98G/6.17G [00:07<00:07, 404Mbyte/s]Writing:  49%|████▉     | 3.03G/6.17G [00:07<00:07, 414Mbyte/s]Writing:  50%|█████     | 3.09G/6.17G [00:07<00:08, 363Mbyte/s]Writing:  51%|█████     | 3.13G/6.17G [00:08<00:08, 379Mbyte/s]Writing:  52%|█████▏    | 3.18G/6.17G [00:08<00:07, 395Mbyte/s]Writing:  53%|█████▎    | 3.24G/6.17G [00:08<00:07, 417Mbyte/s]Writing:  53%|█████▎    | 3.29G/6.17G [00:08<00:06, 418Mbyte/s]Writing:  54%|█████▍    | 3.33G/6.17G [00:08<00:06, 423Mbyte/s]Writing:  55%|█████▌    | 3.40G/6.17G [00:08<00:06, 431Mbyte/s]Writing:  56%|█████▌    | 3.44G/6.17G [00:08<00:06, 433Mbyte/s]Writing:  57%|█████▋    | 3.49G/6.17G [00:09<00:21, 127Mbyte/s]Writing:  58%|█████▊    | 3.55G/6.17G [00:11<00:32, 81.4Mbyte/s]Writing:  58%|█████▊    | 3.60G/6.17G [00:11<00:37, 69.0Mbyte/s]Writing:  59%|█████▉    | 3.64G/6.17G [00:12<00:42, 59.8Mbyte/s]Writing:  59%|█████▉    | 3.66G/6.17G [00:13<00:40, 62.0Mbyte/s]Writing:  60%|██████    | 3.71G/6.17G [00:13<00:28, 86.8Mbyte/s]Writing:  61%|██████▏   | 3.80G/6.17G [00:13<00:16, 143Mbyte/s] Writing:  62%|██████▏   | 3.84G/6.17G [00:13<00:14, 160Mbyte/s]Writing:  63%|██████▎   | 3.90G/6.17G [00:13<00:11, 206Mbyte/s]Writing:  64%|██████▍   | 3.95G/6.17G [00:13<00:09, 238Mbyte/s]Writing:  65%|██████▍   | 4.00G/6.17G [00:14<00:08, 272Mbyte/s]Writing:  66%|██████▌   | 4.06G/6.17G [00:14<00:08, 264Mbyte/s]Writing:  66%|██████▋   | 4.10G/6.17G [00:14<00:07, 293Mbyte/s]Writing:  67%|██████▋   | 4.15G/6.17G [00:14<00:06, 293Mbyte/s]Writing:  68%|██████▊   | 4.21G/6.17G [00:14<00:05, 336Mbyte/s]Writing:  69%|██████▉   | 4.26G/6.17G [00:14<00:05, 359Mbyte/s]Writing:  70%|██████▉   | 4.30G/6.17G [00:14<00:04, 379Mbyte/s]Writing:  71%|███████   | 4.37G/6.17G [00:15<00:06, 299Mbyte/s]Writing:  71%|███████▏  | 4.41G/6.17G [00:15<00:05, 311Mbyte/s]Writing:  72%|███████▏  | 4.46G/6.17G [00:15<00:05, 331Mbyte/s]Writing:  73%|███████▎  | 4.52G/6.17G [00:15<00:04, 353Mbyte/s]Writing:  74%|███████▍  | 4.57G/6.17G [00:15<00:04, 356Mbyte/s]Writing:  75%|███████▍  | 4.61G/6.17G [00:15<00:04, 369Mbyte/s]Writing:  76%|███████▌  | 4.68G/6.17G [00:15<00:03, 396Mbyte/s]Writing:  76%|███████▋  | 4.72G/6.17G [00:16<00:03, 397Mbyte/s]Writing:  77%|███████▋  | 4.77G/6.17G [00:16<00:04, 305Mbyte/s]Writing:  78%|███████▊  | 4.83G/6.17G [00:16<00:04, 285Mbyte/s]Writing:  79%|███████▉  | 4.88G/6.17G [00:16<00:04, 301Mbyte/s]Writing:  80%|███████▉  | 4.92G/6.17G [00:16<00:04, 308Mbyte/s]Writing:  81%|████████  | 4.98G/6.17G [00:17<00:04, 260Mbyte/s]Writing:  81%|████████▏ | 5.03G/6.17G [00:17<00:04, 286Mbyte/s]Writing:  82%|████████▏ | 5.07G/6.17G [00:17<00:03, 288Mbyte/s]Writing:  83%|████████▎ | 5.14G/6.17G [00:17<00:04, 256Mbyte/s]Writing:  84%|████████▍ | 5.18G/6.17G [00:17<00:03, 272Mbyte/s]Writing:  85%|████████▍ | 5.23G/6.17G [00:17<00:03, 289Mbyte/s]Writing:  86%|████████▌ | 5.29G/6.17G [00:18<00:03, 265Mbyte/s]Writing:  86%|████████▋ | 5.34G/6.17G [00:18<00:02, 281Mbyte/s]Writing:  87%|████████▋ | 5.38G/6.17G [00:18<00:02, 288Mbyte/s]Writing:  88%|████████▊ | 5.45G/6.17G [00:18<00:02, 265Mbyte/s]Writing:  89%|████████▉ | 5.49G/6.17G [00:18<00:02, 282Mbyte/s]Writing:  90%|████████▉ | 5.54G/6.17G [00:19<00:02, 291Mbyte/s]Writing:  91%|█████████ | 5.60G/6.17G [00:19<00:02, 260Mbyte/s]Writing:  91%|█████████▏| 5.65G/6.17G [00:19<00:01, 277Mbyte/s]Writing:  92%|█████████▏| 5.69G/6.17G [00:19<00:01, 291Mbyte/s]Writing:  93%|█████████▎| 5.75G/6.17G [00:19<00:01, 252Mbyte/s]Writing:  94%|█████████▍| 5.80G/6.17G [00:20<00:01, 272Mbyte/s]Writing:  95%|█████████▍| 5.85G/6.17G [00:20<00:01, 289Mbyte/s]Writing:  96%|█████████▌| 5.91G/6.17G [00:20<00:01, 255Mbyte/s]Writing:  96%|█████████▋| 5.95G/6.17G [00:20<00:00, 273Mbyte/s]Writing:  97%|█████████▋| 6.00G/6.17G [00:20<00:00, 290Mbyte/s]Writing:  98%|█████████▊| 6.06G/6.17G [00:21<00:00, 261Mbyte/s]Writing:  99%|█████████▉| 6.11G/6.17G [00:21<00:00, 277Mbyte/s]Writing: 100%|█████████▉| 6.15G/6.17G [00:21<00:00, 278Mbyte/s]Writing: 100%|██████████| 6.17G/6.17G [00:21<00:00, 287Mbyte/s]
INFO:hf-to-gguf:Model successfully exported to experiments/2026-06-30-vlm-backbone-bakeoff/runs/qwen2.5-vl-3b/lr0.0002/gguf/lr0.0002-f16.gguf
[export] python /tmp/llama.cpp-57fe1f0/convert_hf_to_gguf.py experiments/2026-06-30-vlm-backbone-bakeoff/runs/qwen2.5-vl-3b/lr0.0002 --outfile experiments/2026-06-30-vlm-backbone-bakeoff/runs/qwen2.5-vl-3b/lr0.0002/gguf/lr0.0002-q8_0.gguf --outtype q8_0
INFO:hf-to-gguf:Loading model: lr0.0002
INFO:hf-to-gguf:Model architecture: Qwen2_5_VLForConditionalGeneration
INFO:hf-to-gguf:gguf: loading model weight map from 'model.safetensors.index.json'
INFO:hf-to-gguf:gguf: indexing model part 'model-00001-of-00002.safetensors'
INFO:hf-to-gguf:gguf: indexing model part 'model-00002-of-00002.safetensors'
INFO:gguf.gguf_writer:gguf: This GGUF file is for Little Endian only
INFO:hf-to-gguf:Exporting model...
INFO:hf-to-gguf:token_embd.weight,         torch.bfloat16 --> Q8_0, shape = {2048, 151936}
INFO:hf-to-gguf:blk.0.attn_norm.weight,    torch.bfloat16 --> F32, shape = {2048}
INFO:hf-to-gguf:blk.0.ffn_down.weight,     torch.bfloat16 --> Q8_0, shape = {11008, 2048}
INFO:hf-to-gguf:blk.0.ffn_gate.weight,     torch.bfloat16 --> Q8_0, shape = {2048, 11008}
INFO:hf-to-gguf:blk.0.ffn_up.weight,       torch.bfloat16 --> Q8_0, shape = {2048, 11008}
INFO:hf-to-gguf:blk.0.ffn_norm.weight,     torch.bfloat16 --> F32, shape = {2048}
INFO:hf-to-gguf:blk.0.attn_k.bias,         torch.bfloat16 --> F32, shape = {256}
INFO:hf-to-gguf:blk.0.attn_k.weight,       torch.bfloat16 --> Q8_0, shape = {2048, 256}
INFO:hf-to-gguf:blk.0.attn_output.weight,  torch.bfloat16 --> Q8_0, shape = {2048, 2048}
INFO:hf-to-gguf:blk.0.attn_q.bias,         torch.bfloat16 --> F32, shape = {2048}
INFO:hf-to-gguf:blk.0.attn_q.weight,       torch.bfloat16 --> Q8_0, shape = {2048, 2048}
INFO:hf-to-gguf:blk.0.attn_v.bias,         torch.bfloat16 --> F32, shape = {256}
INFO:hf-to-gguf:blk.0.attn_v.weight,       torch.bfloat16 --> Q8_0, shape = {2048, 256}
INFO:hf-to-gguf:blk.1.attn_norm.weight,    torch.bfloat16 --> F32, shape = {2048}
INFO:hf-to-gguf:blk.1.ffn_down.weight,     torch.bfloat16 --> Q8_0, shape = {11008, 2048}
INFO:hf-to-gguf:blk.1.ffn_gate.weight,     torch.bfloat16 --> Q8_0, shape = {2048, 11008}
INFO:hf-to-gguf:blk.1.ffn_up.weight,       torch.bfloat16 --> Q8_0, shape = {2048, 11008}
INFO:hf-to-gguf:blk.1.ffn_norm.weight,     torch.bfloat16 --> F32, shape = {2048}
INFO:hf-to-gguf:blk.1.attn_k.bias,         torch.bfloat16 --> F32, shape = {256}
INFO:hf-to-gguf:blk.1.attn_k.weight,       torch.bfloat16 --> Q8_0, shape = {2048, 256}
INFO:hf-to-gguf:blk.1.attn_output.weight,  torch.bfloat16 --> Q8_0, shape = {2048, 2048}
INFO:hf-to-gguf:blk.1.attn_q.bias,         torch.bfloat16 --> F32, shape = {2048}
INFO:hf-to-gguf:blk.1.attn_q.weight,       torch.bfloat16 --> Q8_0, shape = {2048, 2048}
INFO:hf-to-gguf:blk.1.attn_v.bias,         torch.bfloat16 --> F32, shape = {256}
INFO:hf-to-gguf:blk.1.attn_v.weight,       torch.bfloat16 --> Q8_0, shape = {2048, 256}
INFO:hf-to-gguf:blk.10.attn_norm.weight,   torch.bfloat16 --> F32, shape = {2048}
INFO:hf-to-gguf:blk.10.ffn_down.weight,    torch.bfloat16 --> Q8_0, shape = {11008, 2048}
INFO:hf-to-gguf:blk.10.ffn_gate.weight,    torch.bfloat16 --> Q8_0, shape = {2048, 11008}
INFO:hf-to-gguf:blk.10.ffn_up.weight,      torch.bfloat16 --> Q8_0, shape = {2048, 11008}
INFO:hf-to-gguf:blk.10.ffn_norm.weight,    torch.bfloat16 --> F32, shape = {2048}
INFO:hf-to-gguf:blk.10.attn_k.bias,        torch.bfloat16 --> F32, shape = {256}
INFO:hf-to-gguf:blk.10.attn_k.weight,      torch.bfloat16 --> Q8_0, shape = {2048, 256}
INFO:hf-to-gguf:blk.10.attn_output.weight, torch.bfloat16 --> Q8_0, shape = {2048, 2048}
INFO:hf-to-gguf:blk.10.attn_q.bias,        torch.bfloat16 --> F32, shape = {2048}
INFO:hf-to-gguf:blk.10.attn_q.weight,      torch.bfloat16 --> Q8_0, shape = {2048, 2048}
INFO:hf-to-gguf:blk.10.attn_v.bias,        torch.bfloat16 --> F32, shape = {256}
INFO:hf-to-gguf:blk.10.attn_v.weight,      torch.bfloat16 --> Q8_0, shape = {2048, 256}
INFO:hf-to-gguf:blk.11.attn_norm.weight,   torch.bfloat16 --> F32, shape = {2048}
INFO:hf-to-gguf:blk.11.ffn_down.weight,    torch.bfloat16 --> Q8_0, shape = {11008, 2048}
INFO:hf-to-gguf:blk.11.ffn_gate.weight,    torch.bfloat16 --> Q8_0, shape = {2048, 11008}
INFO:hf-to-gguf:blk.11.ffn_up.weight,      torch.bfloat16 --> Q8_0, shape = {2048, 11008}
INFO:hf-to-gguf:blk.11.ffn_norm.weight,    torch.bfloat16 --> F32, shape = {2048}
INFO:hf-to-gguf:blk.11.attn_k.bias,        torch.bfloat16 --> F32, shape = {256}
INFO:hf-to-gguf:blk.11.attn_k.weight,      torch.bfloat16 --> Q8_0, shape = {2048, 256}
INFO:hf-to-gguf:blk.11.attn_output.weight, torch.bfloat16 --> Q8_0, shape = {2048, 2048}
INFO:hf-to-gguf:blk.11.attn_q.bias,        torch.bfloat16 --> F32, shape = {2048}
INFO:hf-to-gguf:blk.11.attn_q.weight,      torch.bfloat16 --> Q8_0, shape = {2048, 2048}
INFO:hf-to-gguf:blk.11.attn_v.bias,        torch.bfloat16 --> F32, shape = {256}
INFO:hf-to-gguf:blk.11.attn_v.weight,      torch.bfloat16 --> Q8_0, shape = {2048, 256}
INFO:hf-to-gguf:blk.12.attn_norm.weight,   torch.bfloat16 --> F32, shape = {2048}
INFO:hf-to-gguf:blk.12.ffn_down.weight,    torch.bfloat16 --> Q8_0, shape = {11008, 2048}
INFO:hf-to-gguf:blk.12.ffn_gate.weight,    torch.bfloat16 --> Q8_0, shape = {2048, 11008}
INFO:hf-to-gguf:blk.12.ffn_up.weight,      torch.bfloat16 --> Q8_0, shape = {2048, 11008}
INFO:hf-to-gguf:blk.12.ffn_norm.weight,    torch.bfloat16 --> F32, shape = {2048}
INFO:hf-to-gguf:blk.12.attn_k.bias,        torch.bfloat16 --> F32, shape = {256}
INFO:hf-to-gguf:blk.12.attn_k.weight,      torch.bfloat16 --> Q8_0, shape = {2048, 256}
INFO:hf-to-gguf:blk.12.attn_output.weight, torch.bfloat16 --> Q8_0, shape = {2048, 2048}
INFO:hf-to-gguf:blk.12.attn_q.bias,        torch.bfloat16 --> F32, shape = {2048}
INFO:hf-to-gguf:blk.12.attn_q.weight,      torch.bfloat16 --> Q8_0, shape = {2048, 2048}
INFO:hf-to-gguf:blk.12.attn_v.bias,        torch.bfloat16 --> F32, shape = {256}
INFO:hf-to-gguf:blk.12.attn_v.weight,      torch.bfloat16 --> Q8_0, shape = {2048, 256}
INFO:hf-to-gguf:blk.13.attn_norm.weight,   torch.bfloat16 --> F32, shape = {2048}
INFO:hf-to-gguf:blk.13.ffn_down.weight,    torch.bfloat16 --> Q8_0, shape = {11008, 2048}
INFO:hf-to-gguf:blk.13.ffn_gate.weight,    torch.bfloat16 --> Q8_0, shape = {2048, 11008}
INFO:hf-to-gguf:blk.13.ffn_up.weight,      torch.bfloat16 --> Q8_0, shape = {2048, 11008}
INFO:hf-to-gguf:blk.13.ffn_norm.weight,    torch.bfloat16 --> F32, shape = {2048}
INFO:hf-to-gguf:blk.13.attn_k.bias,        torch.bfloat16 --> F32, shape = {256}
INFO:hf-to-gguf:blk.13.attn_k.weight,      torch.bfloat16 --> Q8_0, shape = {2048, 256}
INFO:hf-to-gguf:blk.13.attn_output.weight, torch.bfloat16 --> Q8_0, shape = {2048, 2048}
INFO:hf-to-gguf:blk.13.attn_q.bias,        torch.bfloat16 --> F32, shape = {2048}
INFO:hf-to-gguf:blk.13.attn_q.weight,      torch.bfloat16 --> Q8_0, shape = {2048, 2048}
INFO:hf-to-gguf:blk.13.attn_v.bias,        torch.bfloat16 --> F32, shape = {256}
INFO:hf-to-gguf:blk.13.attn_v.weight,      torch.bfloat16 --> Q8_0, shape = {2048, 256}
INFO:hf-to-gguf:blk.14.attn_norm.weight,   torch.bfloat16 --> F32, shape = {2048}
INFO:hf-to-gguf:blk.14.ffn_down.weight,    torch.bfloat16 --> Q8_0, shape = {11008, 2048}
INFO:hf-to-gguf:blk.14.ffn_gate.weight,    torch.bfloat16 --> Q8_0, shape = {2048, 11008}
INFO:hf-to-gguf:blk.14.ffn_up.weight,      torch.bfloat16 --> Q8_0, shape = {2048, 11008}
INFO:hf-to-gguf:blk.14.ffn_norm.weight,    torch.bfloat16 --> F32, shape = {2048}
INFO:hf-to-gguf:blk.14.attn_k.bias,        torch.bfloat16 --> F32, shape = {256}
INFO:hf-to-gguf:blk.14.attn_k.weight,      torch.bfloat16 --> Q8_0, shape = {2048, 256}
INFO:hf-to-gguf:blk.14.attn_output.weight, torch.bfloat16 --> Q8_0, shape = {2048, 2048}
INFO:hf-to-gguf:blk.14.attn_q.bias,        torch.bfloat16 --> F32, shape = {2048}
INFO:hf-to-gguf:blk.14.attn_q.weight,      torch.bfloat16 --> Q8_0, shape = {2048, 2048}
INFO:hf-to-gguf:blk.14.attn_v.bias,        torch.bfloat16 --> F32, shape = {256}
INFO:hf-to-gguf:blk.14.attn_v.weight,      torch.bfloat16 --> Q8_0, shape = {2048, 256}
INFO:hf-to-gguf:blk.15.attn_norm.weight,   torch.bfloat16 --> F32, shape = {2048}
INFO:hf-to-gguf:blk.15.ffn_down.weight,    torch.bfloat16 --> Q8_0, shape = {11008, 2048}
INFO:hf-to-gguf:blk.15.ffn_gate.weight,    torch.bfloat16 --> Q8_0, shape = {2048, 11008}
INFO:hf-to-gguf:blk.15.ffn_up.weight,      torch.bfloat16 --> Q8_0, shape = {2048, 11008}
INFO:hf-to-gguf:blk.15.ffn_norm.weight,    torch.bfloat16 --> F32, shape = {2048}
INFO:hf-to-gguf:blk.15.attn_k.bias,        torch.bfloat16 --> F32, shape = {256}
INFO:hf-to-gguf:blk.15.attn_k.weight,      torch.bfloat16 --> Q8_0, shape = {2048, 256}
INFO:hf-to-gguf:blk.15.attn_output.weight, torch.bfloat16 --> Q8_0, shape = {2048, 2048}
INFO:hf-to-gguf:blk.15.attn_q.bias,        torch.bfloat16 --> F32, shape = {2048}
INFO:hf-to-gguf:blk.15.attn_q.weight,      torch.bfloat16 --> Q8_0, shape = {2048, 2048}
INFO:hf-to-gguf:blk.15.attn_v.bias,        torch.bfloat16 --> F32, shape = {256}
INFO:hf-to-gguf:blk.15.attn_v.weight,      torch.bfloat16 --> Q8_0, shape = {2048, 256}
INFO:hf-to-gguf:blk.16.attn_norm.weight,   torch.bfloat16 --> F32, shape = {2048}
INFO:hf-to-gguf:blk.16.ffn_down.weight,    torch.bfloat16 --> Q8_0, shape = {11008, 2048}
INFO:hf-to-gguf:blk.16.ffn_gate.weight,    torch.bfloat16 --> Q8_0, shape = {2048, 11008}
INFO:hf-to-gguf:blk.16.ffn_up.weight,      torch.bfloat16 --> Q8_0, shape = {2048, 11008}
INFO:hf-to-gguf:blk.16.ffn_norm.weight,    torch.bfloat16 --> F32, shape = {2048}
INFO:hf-to-gguf:blk.16.attn_k.bias,        torch.bfloat16 --> F32, shape = {256}
INFO:hf-to-gguf:blk.16.attn_k.weight,      torch.bfloat16 --> Q8_0, shape = {2048, 256}
INFO:hf-to-gguf:blk.16.attn_output.weight, torch.bfloat16 --> Q8_0, shape = {2048, 2048}
INFO:hf-to-gguf:blk.16.attn_q.bias,        torch.bfloat16 --> F32, shape = {2048}
INFO:hf-to-gguf:blk.16.attn_q.weight,      torch.bfloat16 --> Q8_0, shape = {2048, 2048}
INFO:hf-to-gguf:blk.16.attn_v.bias,        torch.bfloat16 --> F32, shape = {256}
INFO:hf-to-gguf:blk.16.attn_v.weight,      torch.bfloat16 --> Q8_0, shape = {2048, 256}
INFO:hf-to-gguf:blk.17.attn_norm.weight,   torch.bfloat16 --> F32, shape = {2048}
INFO:hf-to-gguf:blk.17.ffn_down.weight,    torch.bfloat16 --> Q8_0, shape = {11008, 2048}
INFO:hf-to-gguf:blk.17.ffn_gate.weight,    torch.bfloat16 --> Q8_0, shape = {2048, 11008}
INFO:hf-to-gguf:blk.17.ffn_up.weight,      torch.bfloat16 --> Q8_0, shape = {2048, 11008}
INFO:hf-to-gguf:blk.17.ffn_norm.weight,    torch.bfloat16 --> F32, shape = {2048}
INFO:hf-to-gguf:blk.17.attn_k.bias,        torch.bfloat16 --> F32, shape = {256}
INFO:hf-to-gguf:blk.17.attn_k.weight,      torch.bfloat16 --> Q8_0, shape = {2048, 256}
INFO:hf-to-gguf:blk.17.attn_output.weight, torch.bfloat16 --> Q8_0, shape = {2048, 2048}
INFO:hf-to-gguf:blk.17.attn_q.bias,        torch.bfloat16 --> F32, shape = {2048}
INFO:hf-to-gguf:blk.17.attn_q.weight,      torch.bfloat16 --> Q8_0, shape = {2048, 2048}
INFO:hf-to-gguf:blk.17.attn_v.bias,        torch.bfloat16 --> F32, shape = {256}
INFO:hf-to-gguf:blk.17.attn_v.weight,      torch.bfloat16 --> Q8_0, shape = {2048, 256}
INFO:hf-to-gguf:blk.18.attn_norm.weight,   torch.bfloat16 --> F32, shape = {2048}
INFO:hf-to-gguf:blk.18.ffn_down.weight,    torch.bfloat16 --> Q8_0, shape = {11008, 2048}
INFO:hf-to-gguf:blk.18.ffn_gate.weight,    torch.bfloat16 --> Q8_0, shape = {2048, 11008}
INFO:hf-to-gguf:blk.18.ffn_up.weight,      torch.bfloat16 --> Q8_0, shape = {2048, 11008}
INFO:hf-to-gguf:blk.18.ffn_norm.weight,    torch.bfloat16 --> F32, shape = {2048}
INFO:hf-to-gguf:blk.18.attn_k.bias,        torch.bfloat16 --> F32, shape = {256}
INFO:hf-to-gguf:blk.18.attn_k.weight,      torch.bfloat16 --> Q8_0, shape = {2048, 256}
INFO:hf-to-gguf:blk.18.attn_output.weight, torch.bfloat16 --> Q8_0, shape = {2048, 2048}
INFO:hf-to-gguf:blk.18.attn_q.bias,        torch.bfloat16 --> F32, shape = {2048}
INFO:hf-to-gguf:blk.18.attn_q.weight,      torch.bfloat16 --> Q8_0, shape = {2048, 2048}
INFO:hf-to-gguf:blk.18.attn_v.bias,        torch.bfloat16 --> F32, shape = {256}
INFO:hf-to-gguf:blk.18.attn_v.weight,      torch.bfloat16 --> Q8_0, shape = {2048, 256}
INFO:hf-to-gguf:blk.19.ffn_gate.weight,    torch.bfloat16 --> Q8_0, shape = {2048, 11008}
INFO:hf-to-gguf:blk.19.ffn_up.weight,      torch.bfloat16 --> Q8_0, shape = {2048, 11008}
INFO:hf-to-gguf:blk.19.attn_k.bias,        torch.bfloat16 --> F32, shape = {256}
INFO:hf-to-gguf:blk.19.attn_k.weight,      torch.bfloat16 --> Q8_0, shape = {2048, 256}
INFO:hf-to-gguf:blk.19.attn_output.weight, torch.bfloat16 --> Q8_0, shape = {2048, 2048}
INFO:hf-to-gguf:blk.19.attn_q.bias,        torch.bfloat16 --> F32, shape = {2048}
INFO:hf-to-gguf:blk.19.attn_q.weight,      torch.bfloat16 --> Q8_0, shape = {2048, 2048}
INFO:hf-to-gguf:blk.19.attn_v.bias,        torch.bfloat16 --> F32, shape = {256}
INFO:hf-to-gguf:blk.19.attn_v.weight,      torch.bfloat16 --> Q8_0, shape = {2048, 256}
INFO:hf-to-gguf:blk.2.attn_norm.weight,    torch.bfloat16 --> F32, shape = {2048}
INFO:hf-to-gguf:blk.2.ffn_down.weight,     torch.bfloat16 --> Q8_0, shape = {11008, 2048}
INFO:hf-to-gguf:blk.2.ffn_gate.weight,     torch.bfloat16 --> Q8_0, shape = {2048, 11008}
INFO:hf-to-gguf:blk.2.ffn_up.weight,       torch.bfloat16 --> Q8_0, shape = {2048, 11008}
INFO:hf-to-gguf:blk.2.ffn_norm.weight,     torch.bfloat16 --> F32, shape = {2048}
INFO:hf-to-gguf:blk.2.attn_k.bias,         torch.bfloat16 --> F32, shape = {256}
INFO:hf-to-gguf:blk.2.attn_k.weight,       torch.bfloat16 --> Q8_0, shape = {2048, 256}
INFO:hf-to-gguf:blk.2.attn_output.weight,  torch.bfloat16 --> Q8_0, shape = {2048, 2048}
INFO:hf-to-gguf:blk.2.attn_q.bias,         torch.bfloat16 --> F32, shape = {2048}
INFO:hf-to-gguf:blk.2.attn_q.weight,       torch.bfloat16 --> Q8_0, shape = {2048, 2048}
INFO:hf-to-gguf:blk.2.attn_v.bias,         torch.bfloat16 --> F32, shape = {256}
INFO:hf-to-gguf:blk.2.attn_v.weight,       torch.bfloat16 --> Q8_0, shape = {2048, 256}
INFO:hf-to-gguf:blk.3.attn_norm.weight,    torch.bfloat16 --> F32, shape = {2048}
INFO:hf-to-gguf:blk.3.ffn_down.weight,     torch.bfloat16 --> Q8_0, shape = {11008, 2048}
INFO:hf-to-gguf:blk.3.ffn_gate.weight,     torch.bfloat16 --> Q8_0, shape = {2048, 11008}
INFO:hf-to-gguf:blk.3.ffn_up.weight,       torch.bfloat16 --> Q8_0, shape = {2048, 11008}
INFO:hf-to-gguf:blk.3.ffn_norm.weight,     torch.bfloat16 --> F32, shape = {2048}
INFO:hf-to-gguf:blk.3.attn_k.bias,         torch.bfloat16 --> F32, shape = {256}
INFO:hf-to-gguf:blk.3.attn_k.weight,       torch.bfloat16 --> Q8_0, shape = {2048, 256}
INFO:hf-to-gguf:blk.3.attn_output.weight,  torch.bfloat16 --> Q8_0, shape = {2048, 2048}
INFO:hf-to-gguf:blk.3.attn_q.bias,         torch.bfloat16 --> F32, shape = {2048}
INFO:hf-to-gguf:blk.3.attn_q.weight,       torch.bfloat16 --> Q8_0, shape = {2048, 2048}
INFO:hf-to-gguf:blk.3.attn_v.bias,         torch.bfloat16 --> F32, shape = {256}
INFO:hf-to-gguf:blk.3.attn_v.weight,       torch.bfloat16 --> Q8_0, shape = {2048, 256}
INFO:hf-to-gguf:blk.4.attn_norm.weight,    torch.bfloat16 --> F32, shape = {2048}
INFO:hf-to-gguf:blk.4.ffn_down.weight,     torch.bfloat16 --> Q8_0, shape = {11008, 2048}
INFO:hf-to-gguf:blk.4.ffn_gate.weight,     torch.bfloat16 --> Q8_0, shape = {2048, 11008}
INFO:hf-to-gguf:blk.4.ffn_up.weight,       torch.bfloat16 --> Q8_0, shape = {2048, 11008}
INFO:hf-to-gguf:blk.4.ffn_norm.weight,     torch.bfloat16 --> F32, shape = {2048}
INFO:hf-to-gguf:blk.4.attn_k.bias,         torch.bfloat16 --> F32, shape = {256}
INFO:hf-to-gguf:blk.4.attn_k.weight,       torch.bfloat16 --> Q8_0, shape = {2048, 256}
INFO:hf-to-gguf:blk.4.attn_output.weight,  torch.bfloat16 --> Q8_0, shape = {2048, 2048}
INFO:hf-to-gguf:blk.4.attn_q.bias,         torch.bfloat16 --> F32, shape = {2048}
INFO:hf-to-gguf:blk.4.attn_q.weight,       torch.bfloat16 --> Q8_0, shape = {2048, 2048}
INFO:hf-to-gguf:blk.4.attn_v.bias,         torch.bfloat16 --> F32, shape = {256}
INFO:hf-to-gguf:blk.4.attn_v.weight,       torch.bfloat16 --> Q8_0, shape = {2048, 256}
INFO:hf-to-gguf:blk.5.attn_norm.weight,    torch.bfloat16 --> F32, shape = {2048}
INFO:hf-to-gguf:blk.5.ffn_down.weight,     torch.bfloat16 --> Q8_0, shape = {11008, 2048}
INFO:hf-to-gguf:blk.5.ffn_gate.weight,     torch.bfloat16 --> Q8_0, shape = {2048, 11008}
INFO:hf-to-gguf:blk.5.ffn_up.weight,       torch.bfloat16 --> Q8_0, shape = {2048, 11008}
INFO:hf-to-gguf:blk.5.ffn_norm.weight,     torch.bfloat16 --> F32, shape = {2048}
INFO:hf-to-gguf:blk.5.attn_k.bias,         torch.bfloat16 --> F32, shape = {256}
INFO:hf-to-gguf:blk.5.attn_k.weight,       torch.bfloat16 --> Q8_0, shape = {2048, 256}
INFO:hf-to-gguf:blk.5.attn_output.weight,  torch.bfloat16 --> Q8_0, shape = {2048, 2048}
INFO:hf-to-gguf:blk.5.attn_q.bias,         torch.bfloat16 --> F32, shape = {2048}
INFO:hf-to-gguf:blk.5.attn_q.weight,       torch.bfloat16 --> Q8_0, shape = {2048, 2048}
INFO:hf-to-gguf:blk.5.attn_v.bias,         torch.bfloat16 --> F32, shape = {256}
INFO:hf-to-gguf:blk.5.attn_v.weight,       torch.bfloat16 --> Q8_0, shape = {2048, 256}
INFO:hf-to-gguf:blk.6.attn_norm.weight,    torch.bfloat16 --> F32, shape = {2048}
INFO:hf-to-gguf:blk.6.ffn_down.weight,     torch.bfloat16 --> Q8_0, shape = {11008, 2048}
INFO:hf-to-gguf:blk.6.ffn_gate.weight,     torch.bfloat16 --> Q8_0, shape = {2048, 11008}
INFO:hf-to-gguf:blk.6.ffn_up.weight,       torch.bfloat16 --> Q8_0, shape = {2048, 11008}
INFO:hf-to-gguf:blk.6.ffn_norm.weight,     torch.bfloat16 --> F32, shape = {2048}
INFO:hf-to-gguf:blk.6.attn_k.bias,         torch.bfloat16 --> F32, shape = {256}
INFO:hf-to-gguf:blk.6.attn_k.weight,       torch.bfloat16 --> Q8_0, shape = {2048, 256}
INFO:hf-to-gguf:blk.6.attn_output.weight,  torch.bfloat16 --> Q8_0, shape = {2048, 2048}
INFO:hf-to-gguf:blk.6.attn_q.bias,         torch.bfloat16 --> F32, shape = {2048}
INFO:hf-to-gguf:blk.6.attn_q.weight,       torch.bfloat16 --> Q8_0, shape = {2048, 2048}
INFO:hf-to-gguf:blk.6.attn_v.bias,         torch.bfloat16 --> F32, shape = {256}
INFO:hf-to-gguf:blk.6.attn_v.weight,       torch.bfloat16 --> Q8_0, shape = {2048, 256}
INFO:hf-to-gguf:blk.7.attn_norm.weight,    torch.bfloat16 --> F32, shape = {2048}
INFO:hf-to-gguf:blk.7.ffn_down.weight,     torch.bfloat16 --> Q8_0, shape = {11008, 2048}
INFO:hf-to-gguf:blk.7.ffn_gate.weight,     torch.bfloat16 --> Q8_0, shape = {2048, 11008}
INFO:hf-to-gguf:blk.7.ffn_up.weight,       torch.bfloat16 --> Q8_0, shape = {2048, 11008}
INFO:hf-to-gguf:blk.7.ffn_norm.weight,     torch.bfloat16 --> F32, shape = {2048}
INFO:hf-to-gguf:blk.7.attn_k.bias,         torch.bfloat16 --> F32, shape = {256}
INFO:hf-to-gguf:blk.7.attn_k.weight,       torch.bfloat16 --> Q8_0, shape = {2048, 256}
INFO:hf-to-gguf:blk.7.attn_output.weight,  torch.bfloat16 --> Q8_0, shape = {2048, 2048}
INFO:hf-to-gguf:blk.7.attn_q.bias,         torch.bfloat16 --> F32, shape = {2048}
INFO:hf-to-gguf:blk.7.attn_q.weight,       torch.bfloat16 --> Q8_0, shape = {2048, 2048}
INFO:hf-to-gguf:blk.7.attn_v.bias,         torch.bfloat16 --> F32, shape = {256}
INFO:hf-to-gguf:blk.7.attn_v.weight,       torch.bfloat16 --> Q8_0, shape = {2048, 256}
INFO:hf-to-gguf:blk.8.attn_norm.weight,    torch.bfloat16 --> F32, shape = {2048}
INFO:hf-to-gguf:blk.8.ffn_down.weight,     torch.bfloat16 --> Q8_0, shape = {11008, 2048}
INFO:hf-to-gguf:blk.8.ffn_gate.weight,     torch.bfloat16 --> Q8_0, shape = {2048, 11008}
INFO:hf-to-gguf:blk.8.ffn_up.weight,       torch.bfloat16 --> Q8_0, shape = {2048, 11008}
INFO:hf-to-gguf:blk.8.ffn_norm.weight,     torch.bfloat16 --> F32, shape = {2048}
INFO:hf-to-gguf:blk.8.attn_k.bias,         torch.bfloat16 --> F32, shape = {256}
INFO:hf-to-gguf:blk.8.attn_k.weight,       torch.bfloat16 --> Q8_0, shape = {2048, 256}
INFO:hf-to-gguf:blk.8.attn_output.weight,  torch.bfloat16 --> Q8_0, shape = {2048, 2048}
INFO:hf-to-gguf:blk.8.attn_q.bias,         torch.bfloat16 --> F32, shape = {2048}
INFO:hf-to-gguf:blk.8.attn_q.weight,       torch.bfloat16 --> Q8_0, shape = {2048, 2048}
INFO:hf-to-gguf:blk.8.attn_v.bias,         torch.bfloat16 --> F32, shape = {256}
INFO:hf-to-gguf:blk.8.attn_v.weight,       torch.bfloat16 --> Q8_0, shape = {2048, 256}
INFO:hf-to-gguf:blk.9.attn_norm.weight,    torch.bfloat16 --> F32, shape = {2048}
INFO:hf-to-gguf:blk.9.ffn_down.weight,     torch.bfloat16 --> Q8_0, shape = {11008, 2048}
INFO:hf-to-gguf:blk.9.ffn_gate.weight,     torch.bfloat16 --> Q8_0, shape = {2048, 11008}
INFO:hf-to-gguf:blk.9.ffn_up.weight,       torch.bfloat16 --> Q8_0, shape = {2048, 11008}
INFO:hf-to-gguf:blk.9.ffn_norm.weight,     torch.bfloat16 --> F32, shape = {2048}
INFO:hf-to-gguf:blk.9.attn_k.bias,         torch.bfloat16 --> F32, shape = {256}
INFO:hf-to-gguf:blk.9.attn_k.weight,       torch.bfloat16 --> Q8_0, shape = {2048, 256}
INFO:hf-to-gguf:blk.9.attn_output.weight,  torch.bfloat16 --> Q8_0, shape = {2048, 2048}
INFO:hf-to-gguf:blk.9.attn_q.bias,         torch.bfloat16 --> F32, shape = {2048}
INFO:hf-to-gguf:blk.9.attn_q.weight,       torch.bfloat16 --> Q8_0, shape = {2048, 2048}
INFO:hf-to-gguf:blk.9.attn_v.bias,         torch.bfloat16 --> F32, shape = {256}
INFO:hf-to-gguf:blk.9.attn_v.weight,       torch.bfloat16 --> Q8_0, shape = {2048, 256}
INFO:hf-to-gguf:blk.19.attn_norm.weight,   torch.bfloat16 --> F32, shape = {2048}
INFO:hf-to-gguf:blk.19.ffn_down.weight,    torch.bfloat16 --> Q8_0, shape = {11008, 2048}
INFO:hf-to-gguf:blk.19.ffn_norm.weight,    torch.bfloat16 --> F32, shape = {2048}
INFO:hf-to-gguf:blk.20.attn_norm.weight,   torch.bfloat16 --> F32, shape = {2048}
INFO:hf-to-gguf:blk.20.ffn_down.weight,    torch.bfloat16 --> Q8_0, shape = {11008, 2048}
INFO:hf-to-gguf:blk.20.ffn_gate.weight,    torch.bfloat16 --> Q8_0, shape = {2048, 11008}
INFO:hf-to-gguf:blk.20.ffn_up.weight,      torch.bfloat16 --> Q8_0, shape = {2048, 11008}
INFO:hf-to-gguf:blk.20.ffn_norm.weight,    torch.bfloat16 --> F32, shape = {2048}
INFO:hf-to-gguf:blk.20.attn_k.bias,        torch.bfloat16 --> F32, shape = {256}
INFO:hf-to-gguf:blk.20.attn_k.weight,      torch.bfloat16 --> Q8_0, shape = {2048, 256}
INFO:hf-to-gguf:blk.20.attn_output.weight, torch.bfloat16 --> Q8_0, shape = {2048, 2048}
INFO:hf-to-gguf:blk.20.attn_q.bias,        torch.bfloat16 --> F32, shape = {2048}
INFO:hf-to-gguf:blk.20.attn_q.weight,      torch.bfloat16 --> Q8_0, shape = {2048, 2048}
INFO:hf-to-gguf:blk.20.attn_v.bias,        torch.bfloat16 --> F32, shape = {256}
INFO:hf-to-gguf:blk.20.attn_v.weight,      torch.bfloat16 --> Q8_0, shape = {2048, 256}
INFO:hf-to-gguf:blk.21.attn_norm.weight,   torch.bfloat16 --> F32, shape = {2048}
INFO:hf-to-gguf:blk.21.ffn_down.weight,    torch.bfloat16 --> Q8_0, shape = {11008, 2048}
INFO:hf-to-gguf:blk.21.ffn_gate.weight,    torch.bfloat16 --> Q8_0, shape = {2048, 11008}
INFO:hf-to-gguf:blk.21.ffn_up.weight,      torch.bfloat16 --> Q8_0, shape = {2048, 11008}
INFO:hf-to-gguf:blk.21.ffn_norm.weight,    torch.bfloat16 --> F32, shape = {2048}
INFO:hf-to-gguf:blk.21.attn_k.bias,        torch.bfloat16 --> F32, shape = {256}
INFO:hf-to-gguf:blk.21.attn_k.weight,      torch.bfloat16 --> Q8_0, shape = {2048, 256}
INFO:hf-to-gguf:blk.21.attn_output.weight, torch.bfloat16 --> Q8_0, shape = {2048, 2048}
INFO:hf-to-gguf:blk.21.attn_q.bias,        torch.bfloat16 --> F32, shape = {2048}
INFO:hf-to-gguf:blk.21.attn_q.weight,      torch.bfloat16 --> Q8_0, shape = {2048, 2048}
INFO:hf-to-gguf:blk.21.attn_v.bias,        torch.bfloat16 --> F32, shape = {256}
INFO:hf-to-gguf:blk.21.attn_v.weight,      torch.bfloat16 --> Q8_0, shape = {2048, 256}
INFO:hf-to-gguf:blk.22.attn_norm.weight,   torch.bfloat16 --> F32, shape = {2048}
INFO:hf-to-gguf:blk.22.ffn_down.weight,    torch.bfloat16 --> Q8_0, shape = {11008, 2048}
INFO:hf-to-gguf:blk.22.ffn_gate.weight,    torch.bfloat16 --> Q8_0, shape = {2048, 11008}
INFO:hf-to-gguf:blk.22.ffn_up.weight,      torch.bfloat16 --> Q8_0, shape = {2048, 11008}
INFO:hf-to-gguf:blk.22.ffn_norm.weight,    torch.bfloat16 --> F32, shape = {2048}
INFO:hf-to-gguf:blk.22.attn_k.bias,        torch.bfloat16 --> F32, shape = {256}
INFO:hf-to-gguf:blk.22.attn_k.weight,      torch.bfloat16 --> Q8_0, shape = {2048, 256}
INFO:hf-to-gguf:blk.22.attn_output.weight, torch.bfloat16 --> Q8_0, shape = {2048, 2048}
INFO:hf-to-gguf:blk.22.attn_q.bias,        torch.bfloat16 --> F32, shape = {2048}
INFO:hf-to-gguf:blk.22.attn_q.weight,      torch.bfloat16 --> Q8_0, shape = {2048, 2048}
INFO:hf-to-gguf:blk.22.attn_v.bias,        torch.bfloat16 --> F32, shape = {256}
INFO:hf-to-gguf:blk.22.attn_v.weight,      torch.bfloat16 --> Q8_0, shape = {2048, 256}
INFO:hf-to-gguf:blk.23.attn_norm.weight,   torch.bfloat16 --> F32, shape = {2048}
INFO:hf-to-gguf:blk.23.ffn_down.weight,    torch.bfloat16 --> Q8_0, shape = {11008, 2048}
INFO:hf-to-gguf:blk.23.ffn_gate.weight,    torch.bfloat16 --> Q8_0, shape = {2048, 11008}
INFO:hf-to-gguf:blk.23.ffn_up.weight,      torch.bfloat16 --> Q8_0, shape = {2048, 11008}
INFO:hf-to-gguf:blk.23.ffn_norm.weight,    torch.bfloat16 --> F32, shape = {2048}
INFO:hf-to-gguf:blk.23.attn_k.bias,        torch.bfloat16 --> F32, shape = {256}
INFO:hf-to-gguf:blk.23.attn_k.weight,      torch.bfloat16 --> Q8_0, shape = {2048, 256}
INFO:hf-to-gguf:blk.23.attn_output.weight, torch.bfloat16 --> Q8_0, shape = {2048, 2048}
INFO:hf-to-gguf:blk.23.attn_q.bias,        torch.bfloat16 --> F32, shape = {2048}
INFO:hf-to-gguf:blk.23.attn_q.weight,      torch.bfloat16 --> Q8_0, shape = {2048, 2048}
INFO:hf-to-gguf:blk.23.attn_v.bias,        torch.bfloat16 --> F32, shape = {256}
INFO:hf-to-gguf:blk.23.attn_v.weight,      torch.bfloat16 --> Q8_0, shape = {2048, 256}
INFO:hf-to-gguf:blk.24.attn_norm.weight,   torch.bfloat16 --> F32, shape = {2048}
INFO:hf-to-gguf:blk.24.ffn_down.weight,    torch.bfloat16 --> Q8_0, shape = {11008, 2048}
INFO:hf-to-gguf:blk.24.ffn_gate.weight,    torch.bfloat16 --> Q8_0, shape = {2048, 11008}
INFO:hf-to-gguf:blk.24.ffn_up.weight,      torch.bfloat16 --> Q8_0, shape = {2048, 11008}
INFO:hf-to-gguf:blk.24.ffn_norm.weight,    torch.bfloat16 --> F32, shape = {2048}
INFO:hf-to-gguf:blk.24.attn_k.bias,        torch.bfloat16 --> F32, shape = {256}
INFO:hf-to-gguf:blk.24.attn_k.weight,      torch.bfloat16 --> Q8_0, shape = {2048, 256}
INFO:hf-to-gguf:blk.24.attn_output.weight, torch.bfloat16 --> Q8_0, shape = {2048, 2048}
INFO:hf-to-gguf:blk.24.attn_q.bias,        torch.bfloat16 --> F32, shape = {2048}
INFO:hf-to-gguf:blk.24.attn_q.weight,      torch.bfloat16 --> Q8_0, shape = {2048, 2048}
INFO:hf-to-gguf:blk.24.attn_v.bias,        torch.bfloat16 --> F32, shape = {256}
INFO:hf-to-gguf:blk.24.attn_v.weight,      torch.bfloat16 --> Q8_0, shape = {2048, 256}
INFO:hf-to-gguf:blk.25.attn_norm.weight,   torch.bfloat16 --> F32, shape = {2048}
INFO:hf-to-gguf:blk.25.ffn_down.weight,    torch.bfloat16 --> Q8_0, shape = {11008, 2048}
INFO:hf-to-gguf:blk.25.ffn_gate.weight,    torch.bfloat16 --> Q8_0, shape = {2048, 11008}
INFO:hf-to-gguf:blk.25.ffn_up.weight,      torch.bfloat16 --> Q8_0, shape = {2048, 11008}
INFO:hf-to-gguf:blk.25.ffn_norm.weight,    torch.bfloat16 --> F32, shape = {2048}
INFO:hf-to-gguf:blk.25.attn_k.bias,        torch.bfloat16 --> F32, shape = {256}
INFO:hf-to-gguf:blk.25.attn_k.weight,      torch.bfloat16 --> Q8_0, shape = {2048, 256}
INFO:hf-to-gguf:blk.25.attn_output.weight, torch.bfloat16 --> Q8_0, shape = {2048, 2048}
INFO:hf-to-gguf:blk.25.attn_q.bias,        torch.bfloat16 --> F32, shape = {2048}
INFO:hf-to-gguf:blk.25.attn_q.weight,      torch.bfloat16 --> Q8_0, shape = {2048, 2048}
INFO:hf-to-gguf:blk.25.attn_v.bias,        torch.bfloat16 --> F32, shape = {256}
INFO:hf-to-gguf:blk.25.attn_v.weight,      torch.bfloat16 --> Q8_0, shape = {2048, 256}
INFO:hf-to-gguf:blk.26.attn_norm.weight,   torch.bfloat16 --> F32, shape = {2048}
INFO:hf-to-gguf:blk.26.ffn_down.weight,    torch.bfloat16 --> Q8_0, shape = {11008, 2048}
INFO:hf-to-gguf:blk.26.ffn_gate.weight,    torch.bfloat16 --> Q8_0, shape = {2048, 11008}
INFO:hf-to-gguf:blk.26.ffn_up.weight,      torch.bfloat16 --> Q8_0, shape = {2048, 11008}
INFO:hf-to-gguf:blk.26.ffn_norm.weight,    torch.bfloat16 --> F32, shape = {2048}
INFO:hf-to-gguf:blk.26.attn_k.bias,        torch.bfloat16 --> F32, shape = {256}
INFO:hf-to-gguf:blk.26.attn_k.weight,      torch.bfloat16 --> Q8_0, shape = {2048, 256}
INFO:hf-to-gguf:blk.26.attn_output.weight, torch.bfloat16 --> Q8_0, shape = {2048, 2048}
INFO:hf-to-gguf:blk.26.attn_q.bias,        torch.bfloat16 --> F32, shape = {2048}
INFO:hf-to-gguf:blk.26.attn_q.weight,      torch.bfloat16 --> Q8_0, shape = {2048, 2048}
INFO:hf-to-gguf:blk.26.attn_v.bias,        torch.bfloat16 --> F32, shape = {256}
INFO:hf-to-gguf:blk.26.attn_v.weight,      torch.bfloat16 --> Q8_0, shape = {2048, 256}
INFO:hf-to-gguf:blk.27.attn_norm.weight,   torch.bfloat16 --> F32, shape = {2048}
INFO:hf-to-gguf:blk.27.ffn_down.weight,    torch.bfloat16 --> Q8_0, shape = {11008, 2048}
INFO:hf-to-gguf:blk.27.ffn_gate.weight,    torch.bfloat16 --> Q8_0, shape = {2048, 11008}
INFO:hf-to-gguf:blk.27.ffn_up.weight,      torch.bfloat16 --> Q8_0, shape = {2048, 11008}
INFO:hf-to-gguf:blk.27.ffn_norm.weight,    torch.bfloat16 --> F32, shape = {2048}
INFO:hf-to-gguf:blk.27.attn_k.bias,        torch.bfloat16 --> F32, shape = {256}
INFO:hf-to-gguf:blk.27.attn_k.weight,      torch.bfloat16 --> Q8_0, shape = {2048, 256}
INFO:hf-to-gguf:blk.27.attn_output.weight, torch.bfloat16 --> Q8_0, shape = {2048, 2048}
INFO:hf-to-gguf:blk.27.attn_q.bias,        torch.bfloat16 --> F32, shape = {2048}
INFO:hf-to-gguf:blk.27.attn_q.weight,      torch.bfloat16 --> Q8_0, shape = {2048, 2048}
INFO:hf-to-gguf:blk.27.attn_v.bias,        torch.bfloat16 --> F32, shape = {256}
INFO:hf-to-gguf:blk.27.attn_v.weight,      torch.bfloat16 --> Q8_0, shape = {2048, 256}
INFO:hf-to-gguf:blk.28.attn_norm.weight,   torch.bfloat16 --> F32, shape = {2048}
INFO:hf-to-gguf:blk.28.ffn_down.weight,    torch.bfloat16 --> Q8_0, shape = {11008, 2048}
INFO:hf-to-gguf:blk.28.ffn_gate.weight,    torch.bfloat16 --> Q8_0, shape = {2048, 11008}
INFO:hf-to-gguf:blk.28.ffn_up.weight,      torch.bfloat16 --> Q8_0, shape = {2048, 11008}
INFO:hf-to-gguf:blk.28.ffn_norm.weight,    torch.bfloat16 --> F32, shape = {2048}
INFO:hf-to-gguf:blk.28.attn_k.bias,        torch.bfloat16 --> F32, shape = {256}
INFO:hf-to-gguf:blk.28.attn_k.weight,      torch.bfloat16 --> Q8_0, shape = {2048, 256}
INFO:hf-to-gguf:blk.28.attn_output.weight, torch.bfloat16 --> Q8_0, shape = {2048, 2048}
INFO:hf-to-gguf:blk.28.attn_q.bias,        torch.bfloat16 --> F32, shape = {2048}
INFO:hf-to-gguf:blk.28.attn_q.weight,      torch.bfloat16 --> Q8_0, shape = {2048, 2048}
INFO:hf-to-gguf:blk.28.attn_v.bias,        torch.bfloat16 --> F32, shape = {256}
INFO:hf-to-gguf:blk.28.attn_v.weight,      torch.bfloat16 --> Q8_0, shape = {2048, 256}
INFO:hf-to-gguf:blk.29.attn_norm.weight,   torch.bfloat16 --> F32, shape = {2048}
INFO:hf-to-gguf:blk.29.ffn_down.weight,    torch.bfloat16 --> Q8_0, shape = {11008, 2048}
INFO:hf-to-gguf:blk.29.ffn_gate.weight,    torch.bfloat16 --> Q8_0, shape = {2048, 11008}
INFO:hf-to-gguf:blk.29.ffn_up.weight,      torch.bfloat16 --> Q8_0, shape = {2048, 11008}
INFO:hf-to-gguf:blk.29.ffn_norm.weight,    torch.bfloat16 --> F32, shape = {2048}
INFO:hf-to-gguf:blk.29.attn_k.bias,        torch.bfloat16 --> F32, shape = {256}
INFO:hf-to-gguf:blk.29.attn_k.weight,      torch.bfloat16 --> Q8_0, shape = {2048, 256}
INFO:hf-to-gguf:blk.29.attn_output.weight, torch.bfloat16 --> Q8_0, shape = {2048, 2048}
INFO:hf-to-gguf:blk.29.attn_q.bias,        torch.bfloat16 --> F32, shape = {2048}
INFO:hf-to-gguf:blk.29.attn_q.weight,      torch.bfloat16 --> Q8_0, shape = {2048, 2048}
INFO:hf-to-gguf:blk.29.attn_v.bias,        torch.bfloat16 --> F32, shape = {256}
INFO:hf-to-gguf:blk.29.attn_v.weight,      torch.bfloat16 --> Q8_0, shape = {2048, 256}
INFO:hf-to-gguf:blk.30.attn_norm.weight,   torch.bfloat16 --> F32, shape = {2048}
INFO:hf-to-gguf:blk.30.ffn_down.weight,    torch.bfloat16 --> Q8_0, shape = {11008, 2048}
INFO:hf-to-gguf:blk.30.ffn_gate.weight,    torch.bfloat16 --> Q8_0, shape = {2048, 11008}
INFO:hf-to-gguf:blk.30.ffn_up.weight,      torch.bfloat16 --> Q8_0, shape = {2048, 11008}
INFO:hf-to-gguf:blk.30.ffn_norm.weight,    torch.bfloat16 --> F32, shape = {2048}
INFO:hf-to-gguf:blk.30.attn_k.bias,        torch.bfloat16 --> F32, shape = {256}
INFO:hf-to-gguf:blk.30.attn_k.weight,      torch.bfloat16 --> Q8_0, shape = {2048, 256}
INFO:hf-to-gguf:blk.30.attn_output.weight, torch.bfloat16 --> Q8_0, shape = {2048, 2048}
INFO:hf-to-gguf:blk.30.attn_q.bias,        torch.bfloat16 --> F32, shape = {2048}
INFO:hf-to-gguf:blk.30.attn_q.weight,      torch.bfloat16 --> Q8_0, shape = {2048, 2048}
INFO:hf-to-gguf:blk.30.attn_v.bias,        torch.bfloat16 --> F32, shape = {256}
INFO:hf-to-gguf:blk.30.attn_v.weight,      torch.bfloat16 --> Q8_0, shape = {2048, 256}
INFO:hf-to-gguf:blk.31.attn_norm.weight,   torch.bfloat16 --> F32, shape = {2048}
INFO:hf-to-gguf:blk.31.ffn_down.weight,    torch.bfloat16 --> Q8_0, shape = {11008, 2048}
INFO:hf-to-gguf:blk.31.ffn_gate.weight,    torch.bfloat16 --> Q8_0, shape = {2048, 11008}
INFO:hf-to-gguf:blk.31.ffn_up.weight,      torch.bfloat16 --> Q8_0, shape = {2048, 11008}
INFO:hf-to-gguf:blk.31.ffn_norm.weight,    torch.bfloat16 --> F32, shape = {2048}
INFO:hf-to-gguf:blk.31.attn_k.bias,        torch.bfloat16 --> F32, shape = {256}
INFO:hf-to-gguf:blk.31.attn_k.weight,      torch.bfloat16 --> Q8_0, shape = {2048, 256}
INFO:hf-to-gguf:blk.31.attn_output.weight, torch.bfloat16 --> Q8_0, shape = {2048, 2048}
INFO:hf-to-gguf:blk.31.attn_q.bias,        torch.bfloat16 --> F32, shape = {2048}
INFO:hf-to-gguf:blk.31.attn_q.weight,      torch.bfloat16 --> Q8_0, shape = {2048, 2048}
INFO:hf-to-gguf:blk.31.attn_v.bias,        torch.bfloat16 --> F32, shape = {256}
INFO:hf-to-gguf:blk.31.attn_v.weight,      torch.bfloat16 --> Q8_0, shape = {2048, 256}
INFO:hf-to-gguf:blk.32.attn_norm.weight,   torch.bfloat16 --> F32, shape = {2048}
INFO:hf-to-gguf:blk.32.ffn_down.weight,    torch.bfloat16 --> Q8_0, shape = {11008, 2048}
INFO:hf-to-gguf:blk.32.ffn_gate.weight,    torch.bfloat16 --> Q8_0, shape = {2048, 11008}
INFO:hf-to-gguf:blk.32.ffn_up.weight,      torch.bfloat16 --> Q8_0, shape = {2048, 11008}
INFO:hf-to-gguf:blk.32.ffn_norm.weight,    torch.bfloat16 --> F32, shape = {2048}
INFO:hf-to-gguf:blk.32.attn_k.bias,        torch.bfloat16 --> F32, shape = {256}
INFO:hf-to-gguf:blk.32.attn_k.weight,      torch.bfloat16 --> Q8_0, shape = {2048, 256}
INFO:hf-to-gguf:blk.32.attn_output.weight, torch.bfloat16 --> Q8_0, shape = {2048, 2048}
INFO:hf-to-gguf:blk.32.attn_q.bias,        torch.bfloat16 --> F32, shape = {2048}
INFO:hf-to-gguf:blk.32.attn_q.weight,      torch.bfloat16 --> Q8_0, shape = {2048, 2048}
INFO:hf-to-gguf:blk.32.attn_v.bias,        torch.bfloat16 --> F32, shape = {256}
INFO:hf-to-gguf:blk.32.attn_v.weight,      torch.bfloat16 --> Q8_0, shape = {2048, 256}
INFO:hf-to-gguf:blk.33.attn_norm.weight,   torch.bfloat16 --> F32, shape = {2048}
INFO:hf-to-gguf:blk.33.ffn_down.weight,    torch.bfloat16 --> Q8_0, shape = {11008, 2048}
INFO:hf-to-gguf:blk.33.ffn_gate.weight,    torch.bfloat16 --> Q8_0, shape = {2048, 11008}
INFO:hf-to-gguf:blk.33.ffn_up.weight,      torch.bfloat16 --> Q8_0, shape = {2048, 11008}
INFO:hf-to-gguf:blk.33.ffn_norm.weight,    torch.bfloat16 --> F32, shape = {2048}
INFO:hf-to-gguf:blk.33.attn_k.bias,        torch.bfloat16 --> F32, shape = {256}
INFO:hf-to-gguf:blk.33.attn_k.weight,      torch.bfloat16 --> Q8_0, shape = {2048, 256}
INFO:hf-to-gguf:blk.33.attn_output.weight, torch.bfloat16 --> Q8_0, shape = {2048, 2048}
INFO:hf-to-gguf:blk.33.attn_q.bias,        torch.bfloat16 --> F32, shape = {2048}
INFO:hf-to-gguf:blk.33.attn_q.weight,      torch.bfloat16 --> Q8_0, shape = {2048, 2048}
INFO:hf-to-gguf:blk.33.attn_v.bias,        torch.bfloat16 --> F32, shape = {256}
INFO:hf-to-gguf:blk.33.attn_v.weight,      torch.bfloat16 --> Q8_0, shape = {2048, 256}
INFO:hf-to-gguf:blk.34.attn_norm.weight,   torch.bfloat16 --> F32, shape = {2048}
INFO:hf-to-gguf:blk.34.ffn_down.weight,    torch.bfloat16 --> Q8_0, shape = {11008, 2048}
INFO:hf-to-gguf:blk.34.ffn_gate.weight,    torch.bfloat16 --> Q8_0, shape = {2048, 11008}
INFO:hf-to-gguf:blk.34.ffn_up.weight,      torch.bfloat16 --> Q8_0, shape = {2048, 11008}
INFO:hf-to-gguf:blk.34.ffn_norm.weight,    torch.bfloat16 --> F32, shape = {2048}
INFO:hf-to-gguf:blk.34.attn_k.bias,        torch.bfloat16 --> F32, shape = {256}
INFO:hf-to-gguf:blk.34.attn_k.weight,      torch.bfloat16 --> Q8_0, shape = {2048, 256}
INFO:hf-to-gguf:blk.34.attn_output.weight, torch.bfloat16 --> Q8_0, shape = {2048, 2048}
INFO:hf-to-gguf:blk.34.attn_q.bias,        torch.bfloat16 --> F32, shape = {2048}
INFO:hf-to-gguf:blk.34.attn_q.weight,      torch.bfloat16 --> Q8_0, shape = {2048, 2048}
INFO:hf-to-gguf:blk.34.attn_v.bias,        torch.bfloat16 --> F32, shape = {256}
INFO:hf-to-gguf:blk.34.attn_v.weight,      torch.bfloat16 --> Q8_0, shape = {2048, 256}
INFO:hf-to-gguf:blk.35.attn_norm.weight,   torch.bfloat16 --> F32, shape = {2048}
INFO:hf-to-gguf:blk.35.ffn_down.weight,    torch.bfloat16 --> Q8_0, shape = {11008, 2048}
INFO:hf-to-gguf:blk.35.ffn_gate.weight,    torch.bfloat16 --> Q8_0, shape = {2048, 11008}
INFO:hf-to-gguf:blk.35.ffn_up.weight,      torch.bfloat16 --> Q8_0, shape = {2048, 11008}
INFO:hf-to-gguf:blk.35.ffn_norm.weight,    torch.bfloat16 --> F32, shape = {2048}
INFO:hf-to-gguf:blk.35.attn_k.bias,        torch.bfloat16 --> F32, shape = {256}
INFO:hf-to-gguf:blk.35.attn_k.weight,      torch.bfloat16 --> Q8_0, shape = {2048, 256}
INFO:hf-to-gguf:blk.35.attn_output.weight, torch.bfloat16 --> Q8_0, shape = {2048, 2048}
INFO:hf-to-gguf:blk.35.attn_q.bias,        torch.bfloat16 --> F32, shape = {2048}
INFO:hf-to-gguf:blk.35.attn_q.weight,      torch.bfloat16 --> Q8_0, shape = {2048, 2048}
INFO:hf-to-gguf:blk.35.attn_v.bias,        torch.bfloat16 --> F32, shape = {256}
INFO:hf-to-gguf:blk.35.attn_v.weight,      torch.bfloat16 --> Q8_0, shape = {2048, 256}
INFO:hf-to-gguf:output_norm.weight,        torch.bfloat16 --> F32, shape = {2048}
INFO:hf-to-gguf:Set meta model
INFO:hf-to-gguf:Set model parameters
INFO:hf-to-gguf:gguf: context length = 128000
INFO:hf-to-gguf:gguf: embedding length = 2048
INFO:hf-to-gguf:gguf: feed forward length = 11008
INFO:hf-to-gguf:gguf: head count = 16
INFO:hf-to-gguf:gguf: key-value head count = 2
WARNING:hf-to-gguf:Unknown RoPE type: default
INFO:hf-to-gguf:gguf: rope scaling type = NONE
INFO:hf-to-gguf:gguf: mrope sections: [16, 24, 24, 0]
INFO:hf-to-gguf:gguf: rope theta = 1000000.0
INFO:hf-to-gguf:gguf: rms norm epsilon = 1e-06
INFO:hf-to-gguf:gguf: file type = 7
INFO:hf-to-gguf:Set model quantization version
INFO:hf-to-gguf:Set model tokenizer
The tokenizer you are loading from 'experiments/2026-06-30-vlm-backbone-bakeoff/runs/qwen2.5-vl-3b/lr0.0002' with an incorrect regex pattern: https://huggingface.co/mistralai/Mistral-Small-3.1-24B-Instruct-2503/discussions/84#69121093e8b480e709447d5e. This will lead to incorrect tokenization. You should set the `fix_mistral_regex=True` flag when loading this tokenizer to fix this issue.
INFO:gguf.vocab:Adding 151387 merge(s).
INFO:gguf.vocab:Setting special token type eos to 151645
INFO:gguf.vocab:Setting special token type pad to 151643
INFO:gguf.vocab:Setting special token type bos to 151643
INFO:gguf.vocab:Setting add_bos_token to False
INFO:gguf.vocab:Setting chat_template to {% set image_count = namespace(value=0) %}{% set video_count = namespace(value=0) %}{% for message in messages %}{% if loop.first and message['role'] != 'system' %}<|im_start|>system
You are a helpful assistant.<|im_end|>
{% endif %}<|im_start|>{{ message['role'] }}
{% if message['content'] is string %}{{ message['content'] }}<|im_end|>
{% else %}{% for content in message['content'] %}{% if content['type'] == 'image' or 'image' in content or 'image_url' in content %}{% set image_count.value = image_count.value + 1 %}{% if add_vision_id %}Picture {{ image_count.value }}: {% endif %}<|vision_start|><|image_pad|><|vision_end|>{% elif content['type'] == 'video' or 'video' in content %}{% set video_count.value = video_count.value + 1 %}{% if add_vision_id %}Video {{ video_count.value }}: {% endif %}<|vision_start|><|video_pad|><|vision_end|>{% elif 'text' in content %}{{ content['text'] }}{% endif %}{% endfor %}<|im_end|>
{% endif %}{% endfor %}{% if add_generation_prompt %}<|im_start|>assistant
{% endif %}
INFO:gguf.gguf_writer:Writing the following files:
INFO:gguf.gguf_writer:experiments/2026-06-30-vlm-backbone-bakeoff/runs/qwen2.5-vl-3b/lr0.0002/gguf/lr0.0002-q8_0.gguf: n_tensors = 434, total_size = 3.3G
Writing:   0%|          | 0.00/3.28G [00:00<?, ?byte/s]Writing:  10%|█         | 331M/3.28G [00:02<00:24, 120Mbyte/s]Writing:  11%|█         | 355M/3.28G [00:04<00:39, 73.7Mbyte/s]Writing:  12%|█▏        | 379M/3.28G [00:05<00:47, 60.6Mbyte/s]Writing:  12%|█▏        | 402M/3.28G [00:05<00:43, 66.3Mbyte/s]Writing:  13%|█▎        | 412M/3.28G [00:05<00:42, 67.7Mbyte/s]Writing:  13%|█▎        | 436M/3.28G [00:05<00:37, 75.1Mbyte/s]Writing:  14%|█▍        | 460M/3.28G [00:05<00:35, 79.3Mbyte/s]Writing:  15%|█▍        | 484M/3.28G [00:06<00:31, 88.8Mbyte/s]Writing:  16%|█▌        | 518M/3.28G [00:06<00:28, 95.5Mbyte/s]Writing:  17%|█▋        | 542M/3.28G [00:06<00:26, 103Mbyte/s] Writing:  17%|█▋        | 566M/3.28G [00:07<00:52, 51.8Mbyte/s]Writing:  18%|█▊        | 576M/3.28G [00:07<00:50, 53.9Mbyte/s]Writing:  18%|█▊        | 600M/3.28G [00:07<00:39, 67.8Mbyte/s]Writing:  19%|█▉        | 624M/3.28G [00:08<00:34, 77.4Mbyte/s]Writing:  20%|█▉        | 648M/3.28G [00:08<00:29, 89.6Mbyte/s]Writing:  21%|██        | 682M/3.28G [00:08<00:25, 100Mbyte/s] Writing:  22%|██▏       | 706M/3.28G [00:08<00:25, 100Mbyte/s]Writing:  22%|██▏       | 730M/3.28G [00:09<00:23, 107Mbyte/s]Writing:  23%|██▎       | 764M/3.28G [00:09<00:23, 106Mbyte/s]Writing:  24%|██▍       | 788M/3.28G [00:10<00:35, 69.3Mbyte/s]Writing:  25%|██▍       | 812M/3.28G [00:10<00:31, 78.7Mbyte/s]Writing:  26%|██▌       | 846M/3.28G [00:10<00:27, 88.6Mbyte/s]Writing:  27%|██▋       | 870M/3.28G [00:10<00:26, 91.1Mbyte/s]Writing:  27%|██▋       | 894M/3.28G [00:11<00:25, 93.4Mbyte/s]Writing:  28%|██▊       | 928M/3.28G [00:11<00:34, 68.7Mbyte/s]Writing:  29%|██▉       | 952M/3.28G [00:12<00:31, 74.0Mbyte/s]Writing:  30%|██▉       | 976M/3.28G [00:12<00:29, 78.3Mbyte/s]Writing:  30%|███       | 985M/3.28G [00:12<00:29, 78.7Mbyte/s]Writing:  31%|███       | 1.01G/3.28G [00:12<00:26, 85.4Mbyte/s]Writing:  32%|███▏      | 1.03G/3.28G [00:13<00:46, 47.8Mbyte/s]Writing:  32%|███▏      | 1.06G/3.28G [00:13<00:39, 56.4Mbyte/s]Writing:  33%|███▎      | 1.07G/3.28G [00:13<00:37, 59.7Mbyte/s]Writing:  33%|███▎      | 1.09G/3.28G [00:14<00:31, 70.1Mbyte/s]Writing:  34%|███▍      | 1.12G/3.28G [00:14<00:28, 76.4Mbyte/s]Writing:  35%|███▍      | 1.14G/3.28G [00:14<00:26, 80.8Mbyte/s]Writing:  35%|███▌      | 1.15G/3.28G [00:14<00:26, 81.5Mbyte/s]Writing:  36%|███▌      | 1.17G/3.28G [00:15<00:23, 88.4Mbyte/s]Writing:  37%|███▋      | 1.20G/3.28G [00:15<00:22, 90.6Mbyte/s]Writing:  37%|███▋      | 1.22G/3.28G [00:15<00:33, 61.0Mbyte/s]Writing:  38%|███▊      | 1.23G/3.28G [00:16<00:31, 64.1Mbyte/s]Writing:  38%|███▊      | 1.26G/3.28G [00:16<00:27, 73.5Mbyte/s]Writing:  39%|███▉      | 1.28G/3.28G [00:16<00:25, 79.9Mbyte/s]Writing:  39%|███▉      | 1.29G/3.28G [00:16<00:25, 77.9Mbyte/s]Writing:  40%|████      | 1.31G/3.28G [00:17<00:32, 60.3Mbyte/s]Writing:  41%|████      | 1.34G/3.28G [00:17<00:29, 66.3Mbyte/s]Writing:  42%|████▏     | 1.36G/3.28G [00:17<00:26, 71.3Mbyte/s]Writing:  42%|████▏     | 1.37G/3.28G [00:18<00:41, 45.8Mbyte/s]Writing:  43%|████▎     | 1.40G/3.28G [00:18<00:35, 52.4Mbyte/s]Writing:  43%|████▎     | 1.42G/3.28G [00:19<00:30, 61.4Mbyte/s]Writing:  44%|████▍     | 1.44G/3.28G [00:19<00:26, 68.4Mbyte/s]Writing:  44%|████▍     | 1.45G/3.28G [00:19<00:25, 71.0Mbyte/s]Writing:  45%|████▌     | 1.48G/3.28G [00:19<00:22, 80.5Mbyte/s]Writing:  46%|████▌     | 1.50G/3.28G [00:19<00:21, 84.6Mbyte/s]Writing:  47%|████▋     | 1.53G/3.28G [00:20<00:20, 85.3Mbyte/s]Writing:  47%|████▋     | 1.53G/3.28G [00:20<00:37, 47.0Mbyte/s]Writing:  48%|████▊     | 1.56G/3.28G [00:21<00:44, 38.8Mbyte/s]Writing:  48%|████▊     | 1.58G/3.28G [00:21<00:35, 48.3Mbyte/s]Writing:  49%|████▉     | 1.61G/3.28G [00:22<00:29, 57.5Mbyte/s]Writing:  49%|████▉     | 1.62G/3.28G [00:22<00:27, 61.0Mbyte/s]Writing:  50%|█████     | 1.64G/3.28G [00:22<00:22, 72.2Mbyte/s]Writing:  51%|█████     | 1.67G/3.28G [00:22<00:20, 78.5Mbyte/s]Writing:  52%|█████▏    | 1.69G/3.28G [00:23<00:19, 82.5Mbyte/s]Writing:  52%|█████▏    | 1.70G/3.28G [00:23<00:18, 83.5Mbyte/s]Writing:  53%|█████▎    | 1.72G/3.28G [00:23<00:17, 89.6Mbyte/s]Writing:  53%|█████▎    | 1.75G/3.28G [00:23<00:17, 85.3Mbyte/s]Writing:  54%|█████▍    | 1.77G/3.28G [00:24<00:31, 47.5Mbyte/s]Writing:  54%|█████▍    | 1.78G/3.28G [00:24<00:29, 51.1Mbyte/s]Writing:  55%|█████▌    | 1.81G/3.28G [00:25<00:23, 62.8Mbyte/s]Writing:  56%|█████▌    | 1.83G/3.28G [00:25<00:20, 70.5Mbyte/s]Writing:  57%|█████▋    | 1.85G/3.28G [00:25<00:16, 84.5Mbyte/s]Writing:  58%|█████▊    | 1.89G/3.28G [00:25<00:13, 107Mbyte/s] Writing:  58%|█████▊    | 1.91G/3.28G [00:25<00:11, 120Mbyte/s]Writing:  59%|█████▉    | 1.93G/3.28G [00:26<00:14, 95.0Mbyte/s]Writing:  60%|██████    | 1.97G/3.28G [00:26<00:13, 101Mbyte/s] Writing:  61%|██████    | 1.99G/3.28G [00:26<00:12, 100Mbyte/s]Writing:  61%|██████▏   | 2.02G/3.28G [00:27<00:17, 71.6Mbyte/s]Writing:  62%|██████▏   | 2.04G/3.28G [00:27<00:16, 77.3Mbyte/s]Writing:  63%|██████▎   | 2.05G/3.28G [00:27<00:20, 59.1Mbyte/s]Writing:  63%|██████▎   | 2.07G/3.28G [00:28<00:17, 69.0Mbyte/s]Writing:  64%|██████▍   | 2.10G/3.28G [00:28<00:15, 75.8Mbyte/s]Writing:  65%|██████▍   | 2.12G/3.28G [00:28<00:14, 82.2Mbyte/s]Writing:  65%|██████▌   | 2.13G/3.28G [00:28<00:13, 82.3Mbyte/s]Writing:  66%|██████▌   | 2.16G/3.28G [00:29<00:12, 89.7Mbyte/s]Writing:  66%|██████▋   | 2.18G/3.28G [00:31<00:48, 22.8Mbyte/s]Writing:  67%|██████▋   | 2.20G/3.28G [00:31<00:34, 31.1Mbyte/s]Writing:  68%|██████▊   | 2.21G/3.28G [00:31<00:30, 34.6Mbyte/s]Writing:  68%|██████▊   | 2.24G/3.28G [00:32<00:22, 45.6Mbyte/s]Writing:  69%|██████▉   | 2.26G/3.28G [00:32<00:17, 58.3Mbyte/s]Writing:  70%|██████▉   | 2.29G/3.28G [00:32<00:14, 68.9Mbyte/s]Writing:  71%|███████   | 2.32G/3.28G [00:33<00:14, 67.5Mbyte/s]Writing:  71%|███████▏  | 2.34G/3.28G [00:33<00:11, 83.6Mbyte/s]Writing:  72%|███████▏  | 2.37G/3.28G [00:33<00:12, 71.6Mbyte/s]Writing:  73%|███████▎  | 2.40G/3.28G [00:33<00:10, 83.0Mbyte/s]Writing:  74%|███████▍  | 2.43G/3.28G [00:34<00:11, 71.3Mbyte/s]Writing:  75%|███████▍  | 2.45G/3.28G [00:34<00:10, 77.2Mbyte/s]Writing:  75%|███████▌  | 2.46G/3.28G [00:34<00:11, 68.9Mbyte/s]Writing:  76%|███████▌  | 2.48G/3.28G [00:35<00:12, 65.0Mbyte/s]Writing:  76%|███████▋  | 2.51G/3.28G [00:35<00:10, 72.5Mbyte/s]Writing:  77%|███████▋  | 2.53G/3.28G [00:35<00:10, 72.8Mbyte/s]Writing:  78%|███████▊  | 2.54G/3.28G [00:35<00:09, 75.2Mbyte/s]Writing:  78%|███████▊  | 2.57G/3.28G [00:36<00:08, 84.0Mbyte/s]Writing:  79%|███████▉  | 2.59G/3.28G [00:36<00:09, 69.8Mbyte/s]Writing:  80%|███████▉  | 2.61G/3.28G [00:36<00:08, 77.0Mbyte/s]Writing:  80%|████████  | 2.62G/3.28G [00:37<00:10, 65.2Mbyte/s]Writing:  81%|████████  | 2.65G/3.28G [00:37<00:08, 75.9Mbyte/s]Writing:  81%|████████▏ | 2.67G/3.28G [00:37<00:08, 68.1Mbyte/s]Writing:  82%|████████▏ | 2.70G/3.28G [00:38<00:07, 75.4Mbyte/s]Writing:  82%|████████▏ | 2.71G/3.28G [00:38<00:09, 63.1Mbyte/s]Writing:  83%|████████▎ | 2.73G/3.28G [00:38<00:07, 74.1Mbyte/s]Writing:  84%|████████▍ | 2.75G/3.28G [00:38<00:06, 79.8Mbyte/s]Writing:  85%|████████▍ | 2.78G/3.28G [00:39<00:07, 70.6Mbyte/s]Writing:  85%|████████▍ | 2.79G/3.28G [00:39<00:06, 72.7Mbyte/s]Writing:  86%|████████▌ | 2.81G/3.28G [00:39<00:07, 65.6Mbyte/s]Writing:  86%|████████▋ | 2.84G/3.28G [00:40<00:06, 68.5Mbyte/s]Writing:  87%|████████▋ | 2.86G/3.28G [00:40<00:07, 55.3Mbyte/s]Writing:  87%|████████▋ | 2.87G/3.28G [00:40<00:07, 57.8Mbyte/s]Writing:  88%|████████▊ | 2.89G/3.28G [00:41<00:05, 66.5Mbyte/s]Writing:  89%|████████▉ | 2.92G/3.28G [00:41<00:05, 69.2Mbyte/s]Writing:  90%|████████▉ | 2.94G/3.28G [00:41<00:04, 67.8Mbyte/s]Writing:  90%|████████▉ | 2.95G/3.28G [00:42<00:06, 49.8Mbyte/s]Writing:  91%|█████████ | 2.98G/3.28G [00:42<00:04, 61.0Mbyte/s]Writing:  91%|█████████▏| 3.00G/3.28G [00:42<00:04, 65.4Mbyte/s]Writing:  92%|█████████▏| 3.02G/3.28G [00:43<00:03, 70.2Mbyte/s]Writing:  92%|█████████▏| 3.03G/3.28G [00:43<00:04, 50.7Mbyte/s]Writing:  93%|█████████▎| 3.06G/3.28G [00:43<00:03, 58.5Mbyte/s]Writing:  94%|█████████▍| 3.08G/3.28G [00:44<00:03, 62.3Mbyte/s]Writing:  95%|█████████▍| 3.11G/3.28G [00:44<00:02, 65.9Mbyte/s]Writing:  95%|█████████▍| 3.12G/3.28G [00:45<00:03, 48.5Mbyte/s]Writing:  96%|█████████▌| 3.14G/3.28G [00:45<00:02, 58.6Mbyte/s]Writing:  96%|█████████▋| 3.16G/3.28G [00:45<00:01, 63.0Mbyte/s]Writing:  97%|█████████▋| 3.19G/3.28G [00:45<00:01, 67.9Mbyte/s]Writing:  97%|█████████▋| 3.20G/3.28G [00:46<00:01, 66.3Mbyte/s]Writing:  98%|█████████▊| 3.22G/3.28G [00:46<00:00, 69.9Mbyte/s]Writing:  99%|█████████▉| 3.25G/3.28G [00:47<00:00, 53.4Mbyte/s]Writing: 100%|█████████▉| 3.27G/3.28G [00:47<00:00, 61.7Mbyte/s]Writing: 100%|█████████▉| 3.28G/3.28G [00:47<00:00, 64.6Mbyte/s]Writing: 100%|██████████| 3.28G/3.28G [00:47<00:00, 69.1Mbyte/s]
INFO:hf-to-gguf:Model successfully exported to experiments/2026-06-30-vlm-backbone-bakeoff/runs/qwen2.5-vl-3b/lr0.0002/gguf/lr0.0002-q8_0.gguf
[export] manifest -> runs/20260701T094830Z
