=== launch attempt 1/8 2026-06-30T12:42:54Z ===

===== arm internvl3-2b  lr=0.0001  ->  experiments/2026-06-30-vlm-backbone-bakeoff/runs/internvl3-2b/lr0.0001 =====
[train] device=cuda  effective_batch=16  model=OpenGVLab/InternVL3-2B-hf  res=1024
[train] loading processor + model...
`torch_dtype` is deprecated! Use `dtype` instead!
trainable params: 20,824,064 || all params: 2,109,781,504 || trainable%: 0.9870
[train] gradient checkpointing ON
[train] loading data: refdrone:train / refdrone:val
[train] 4101 train / 439 val samples
/home/gara/jetson/.venv-ft/lib/python3.12/site-packages/torch/utils/checkpoint.py:87: UserWarning: None of the inputs have requires_grad=True. Gradients will be None
  warnings.warn(
`use_cache=True` is incompatible with gradient checkpointing. Setting `use_cache=False`.
  E1 step 0/4101  loss=2.3920  lr=1.00e-04  2s
  E1 step 50/4101  loss=1.2085  lr=1.00e-04  46s
  E1 step 100/4101  loss=1.2004  lr=1.00e-04  88s
  E1 step 150/4101  loss=1.2374  lr=1.00e-04  135s
  E1 step 200/4101  loss=1.2281  lr=9.99e-05  187s
  E1 step 250/4101  loss=1.1451  lr=9.99e-05  234s
  E1 step 300/4101  loss=0.9831  lr=9.99e-05  282s
  E1 step 350/4101  loss=0.9112  lr=9.98e-05  331s
  E1 step 400/4101  loss=1.1189  lr=9.97e-05  386s
  E1 step 450/4101  loss=0.9397  lr=9.97e-05  426s
  E1 step 500/4101  loss=1.0692  lr=9.96e-05  471s
  E1 step 550/4101  loss=0.9182  lr=9.95e-05  515s
  E1 step 600/4101  loss=1.1693  lr=9.94e-05  569s
  E1 step 650/4101  loss=0.9049  lr=9.93e-05  616s
  E1 step 700/4101  loss=0.7035  lr=9.92e-05  663s
  E1 step 750/4101  loss=0.9654  lr=9.91e-05  710s
  E1 step 800/4101  loss=1.0893  lr=9.90e-05  756s
  E1 step 850/4101  loss=0.9645  lr=9.88e-05  793s
  E1 step 900/4101  loss=0.9086  lr=9.87e-05  837s
  E1 step 950/4101  loss=0.8313  lr=9.86e-05  888s
  E1 step 1000/4101  loss=1.6025  lr=9.84e-05  933s
  E1 step 1050/4101  loss=0.8182  lr=9.82e-05  983s
  E1 step 1100/4101  loss=0.9883  lr=9.81e-05  1031s
  E1 step 1150/4101  loss=0.9395  lr=9.79e-05  1076s
  E1 step 1200/4101  loss=1.0348  lr=9.77e-05  1128s
  E1 step 1250/4101  loss=0.8451  lr=9.75e-05  1175s
  E1 step 1300/4101  loss=0.6860  lr=9.73e-05  1228s
  E1 step 1350/4101  loss=0.7405  lr=9.71e-05  1270s
  E1 step 1400/4101  loss=0.9348  lr=9.69e-05  1324s
  E1 step 1450/4101  loss=0.8357  lr=9.66e-05  1366s
  E1 step 1500/4101  loss=0.8871  lr=9.64e-05  1417s
  E1 step 1550/4101  loss=0.9742  lr=9.62e-05  1464s
  E1 step 1600/4101  loss=0.9286  lr=9.59e-05  1510s
  E1 step 1650/4101  loss=0.8872  lr=9.56e-05  1551s
  E1 step 1700/4101  loss=0.8347  lr=9.54e-05  1593s
  E1 step 1750/4101  loss=1.1347  lr=9.51e-05  1643s
  E1 step 1800/4101  loss=0.9260  lr=9.48e-05  1687s
  E1 step 1850/4101  loss=0.6558  lr=9.46e-05  1730s
  E1 step 1900/4101  loss=0.7853  lr=9.43e-05  1779s
  E1 step 1950/4101  loss=1.1601  lr=9.40e-05  1824s
  E1 step 2000/4101  loss=0.7898  lr=9.36e-05  1874s
  E1 step 2050/4101  loss=0.7993  lr=9.33e-05  1921s
  E1 step 2100/4101  loss=0.5020  lr=9.30e-05  1968s
  E1 step 2150/4101  loss=1.2423  lr=9.27e-05  2015s
  E1 step 2200/4101  loss=0.7954  lr=9.24e-05  2052s
  E1 step 2250/4101  loss=0.7949  lr=9.20e-05  2101s
  E1 step 2300/4101  loss=1.0793  lr=9.17e-05  2149s
  E1 step 2350/4101  loss=0.8879  lr=9.13e-05  2196s
  E1 step 2400/4101  loss=1.0285  lr=9.09e-05  2243s
  E1 step 2450/4101  loss=0.6807  lr=9.05e-05  2290s
  E1 step 2500/4101  loss=0.8036  lr=9.02e-05  2334s
  E1 step 2550/4101  loss=0.7620  lr=8.98e-05  2381s
  E1 step 2600/4101  loss=1.0075  lr=8.94e-05  2429s
  E1 step 2650/4101  loss=0.7847  lr=8.90e-05  2472s
  E1 step 2700/4101  loss=1.6889  lr=8.87e-05  2518s
  E1 step 2750/4101  loss=0.6388  lr=8.83e-05  2558s
  E1 step 2800/4101  loss=0.7587  lr=8.77e-05  2600s
  E1 step 2850/4101  loss=1.0117  lr=8.73e-05  2646s
  E1 step 2900/4101  loss=0.5804  lr=8.69e-05  2691s
  E1 step 2950/4101  loss=1.1775  lr=8.65e-05  2735s
  E1 step 3000/4101  loss=0.7575  lr=8.61e-05  2781s
  E1 step 3050/4101  loss=1.3586  lr=8.56e-05  2822s
  E1 step 3100/4101  loss=0.9841  lr=8.52e-05  2867s
  E1 step 3150/4101  loss=1.2000  lr=8.48e-05  2909s
  E1 step 3200/4101  loss=0.6585  lr=8.42e-05  2952s
  E1 step 3250/4101  loss=1.2163  lr=8.37e-05  2992s
  E1 step 3300/4101  loss=1.0635  lr=8.33e-05  3040s
  E1 step 3350/4101  loss=0.7959  lr=8.28e-05  3082s
  E1 step 3400/4101  loss=0.9893  lr=8.23e-05  3129s
  E1 step 3450/4101  loss=0.6610  lr=8.19e-05  3177s
  E1 step 3500/4101  loss=1.0928  lr=8.14e-05  3227s
  E1 step 3550/4101  loss=0.8010  lr=8.09e-05  3277s
  E1 step 3600/4101  loss=0.8955  lr=8.03e-05  3319s
  E1 step 3650/4101  loss=0.8416  lr=7.98e-05  3364s
  E1 step 3700/4101  loss=0.8846  lr=7.93e-05  3413s
  E1 step 3750/4101  loss=0.6367  lr=7.88e-05  3463s
  E1 step 3800/4101  loss=0.8156  lr=7.83e-05  3505s
  E1 step 3850/4101  loss=0.9408  lr=7.78e-05  3556s
  E1 step 3900/4101  loss=0.5342  lr=7.73e-05  3607s
  E1 step 3950/4101  loss=0.7494  lr=7.67e-05  3652s
  E1 step 4000/4101  loss=0.7927  lr=7.61e-05  3699s
  E1 step 4050/4101  loss=0.8760  lr=7.55e-05  3740s
  E1 step 4100/4101  loss=0.6683  lr=7.48e-05  3790s
[epoch 1] mean_loss=0.9599  (3790s)
Setting `pad_token_id` to `eos_token_id`:151645 for open-end generation.
Setting `pad_token_id` to `eos_token_id`:151645 for open-end generation.
Setting `pad_token_id` to `eos_token_id`:151645 for open-end generation.
Setting `pad_token_id` to `eos_token_id`:151645 for open-end generation.
Setting `pad_token_id` to `eos_token_id`:151645 for open-end generation.
Setting `pad_token_id` to `eos_token_id`:151645 for open-end generation.
Setting `pad_token_id` to `eos_token_id`:151645 for open-end generation.
Setting `pad_token_id` to `eos_token_id`:151645 for open-end generation.
Setting `pad_token_id` to `eos_token_id`:151645 for open-end generation.
Setting `pad_token_id` to `eos_token_id`:151645 for open-end generation.
Setting `pad_token_id` to `eos_token_id`:151645 for open-end generation.
Setting `pad_token_id` to `eos_token_id`:151645 for open-end generation.
Setting `pad_token_id` to `eos_token_id`:151645 for open-end generation.
Setting `pad_token_id` to `eos_token_id`:151645 for open-end generation.
Setting `pad_token_id` to `eos_token_id`:151645 for open-end generation.
Setting `pad_token_id` to `eos_token_id`:151645 for open-end generation.
Setting `pad_token_id` to `eos_token_id`:151645 for open-end generation.
Setting `pad_token_id` to `eos_token_id`:151645 for open-end generation.
Setting `pad_token_id` to `eos_token_id`:151645 for open-end generation.
Setting `pad_token_id` to `eos_token_id`:151645 for open-end generation.
Setting `pad_token_id` to `eos_token_id`:151645 for open-end generation.
Setting `pad_token_id` to `eos_token_id`:151645 for open-end generation.
Setting `pad_token_id` to `eos_token_id`:151645 for open-end generation.
Setting `pad_token_id` to `eos_token_id`:151645 for open-end generation.
Setting `pad_token_id` to `eos_token_id`:151645 for open-end generation.
Setting `pad_token_id` to `eos_token_id`:151645 for open-end generation.
Setting `pad_token_id` to `eos_token_id`:151645 for open-end generation.
Setting `pad_token_id` to `eos_token_id`:151645 for open-end generation.
Setting `pad_token_id` to `eos_token_id`:151645 for open-end generation.
Setting `pad_token_id` to `eos_token_id`:151645 for open-end generation.
Setting `pad_token_id` to `eos_token_id`:151645 for open-end generation.
Setting `pad_token_id` to `eos_token_id`:151645 for open-end generation.
Setting `pad_token_id` to `eos_token_id`:151645 for open-end generation.
Setting `pad_token_id` to `eos_token_id`:151645 for open-end generation.
Setting `pad_token_id` to `eos_token_id`:151645 for open-end generation.
Setting `pad_token_id` to `eos_token_id`:151645 for open-end generation.
Setting `pad_token_id` to `eos_token_id`:151645 for open-end generation.
Setting `pad_token_id` to `eos_token_id`:151645 for open-end generation.
Setting `pad_token_id` to `eos_token_id`:151645 for open-end generation.
Setting `pad_token_id` to `eos_token_id`:151645 for open-end generation.
  [hf] 40/200  parsed=40  gate_hits=12
Setting `pad_token_id` to `eos_token_id`:151645 for open-end generation.
Setting `pad_token_id` to `eos_token_id`:151645 for open-end generation.
Setting `pad_token_id` to `eos_token_id`:151645 for open-end generation.
Setting `pad_token_id` to `eos_token_id`:151645 for open-end generation.
Setting `pad_token_id` to `eos_token_id`:151645 for open-end generation.
Setting `pad_token_id` to `eos_token_id`:151645 for open-end generation.
Setting `pad_token_id` to `eos_token_id`:151645 for open-end generation.
Setting `pad_token_id` to `eos_token_id`:151645 for open-end generation.
Setting `pad_token_id` to `eos_token_id`:151645 for open-end generation.
Setting `pad_token_id` to `eos_token_id`:151645 for open-end generation.
Setting `pad_token_id` to `eos_token_id`:151645 for open-end generation.
Setting `pad_token_id` to `eos_token_id`:151645 for open-end generation.
Setting `pad_token_id` to `eos_token_id`:151645 for open-end generation.
Setting `pad_token_id` to `eos_token_id`:151645 for open-end generation.
Setting `pad_token_id` to `eos_token_id`:151645 for open-end generation.
Setting `pad_token_id` to `eos_token_id`:151645 for open-end generation.
Setting `pad_token_id` to `eos_token_id`:151645 for open-end generation.
Setting `pad_token_id` to `eos_token_id`:151645 for open-end generation.
Setting `pad_token_id` to `eos_token_id`:151645 for open-end generation.
Setting `pad_token_id` to `eos_token_id`:151645 for open-end generation.
Setting `pad_token_id` to `eos_token_id`:151645 for open-end generation.
Setting `pad_token_id` to `eos_token_id`:151645 for open-end generation.
Setting `pad_token_id` to `eos_token_id`:151645 for open-end generation.
Setting `pad_token_id` to `eos_token_id`:151645 for open-end generation.
Setting `pad_token_id` to `eos_token_id`:151645 for open-end generation.
Setting `pad_token_id` to `eos_token_id`:151645 for open-end generation.
Setting `pad_token_id` to `eos_token_id`:151645 for open-end generation.
Setting `pad_token_id` to `eos_token_id`:151645 for open-end generation.
Setting `pad_token_id` to `eos_token_id`:151645 for open-end generation.
Setting `pad_token_id` to `eos_token_id`:151645 for open-end generation.
Setting `pad_token_id` to `eos_token_id`:151645 for open-end generation.
Setting `pad_token_id` to `eos_token_id`:151645 for open-end generation.
Setting `pad_token_id` to `eos_token_id`:151645 for open-end generation.
Setting `pad_token_id` to `eos_token_id`:151645 for open-end generation.
Setting `pad_token_id` to `eos_token_id`:151645 for open-end generation.
Setting `pad_token_id` to `eos_token_id`:151645 for open-end generation.
Setting `pad_token_id` to `eos_token_id`:151645 for open-end generation.
Setting `pad_token_id` to `eos_token_id`:151645 for open-end generation.
Setting `pad_token_id` to `eos_token_id`:151645 for open-end generation.
Setting `pad_token_id` to `eos_token_id`:151645 for open-end generation.
  [hf] 80/200  parsed=80  gate_hits=23
Setting `pad_token_id` to `eos_token_id`:151645 for open-end generation.
Setting `pad_token_id` to `eos_token_id`:151645 for open-end generation.
Setting `pad_token_id` to `eos_token_id`:151645 for open-end generation.
Setting `pad_token_id` to `eos_token_id`:151645 for open-end generation.
Setting `pad_token_id` to `eos_token_id`:151645 for open-end generation.
Setting `pad_token_id` to `eos_token_id`:151645 for open-end generation.
Setting `pad_token_id` to `eos_token_id`:151645 for open-end generation.
Setting `pad_token_id` to `eos_token_id`:151645 for open-end generation.
Setting `pad_token_id` to `eos_token_id`:151645 for open-end generation.
Setting `pad_token_id` to `eos_token_id`:151645 for open-end generation.
Setting `pad_token_id` to `eos_token_id`:151645 for open-end generation.
Setting `pad_token_id` to `eos_token_id`:151645 for open-end generation.
Setting `pad_token_id` to `eos_token_id`:151645 for open-end generation.
Setting `pad_token_id` to `eos_token_id`:151645 for open-end generation.
Setting `pad_token_id` to `eos_token_id`:151645 for open-end generation.
Setting `pad_token_id` to `eos_token_id`:151645 for open-end generation.
Setting `pad_token_id` to `eos_token_id`:151645 for open-end generation.
Setting `pad_token_id` to `eos_token_id`:151645 for open-end generation.
Setting `pad_token_id` to `eos_token_id`:151645 for open-end generation.
Setting `pad_token_id` to `eos_token_id`:151645 for open-end generation.
Setting `pad_token_id` to `eos_token_id`:151645 for open-end generation.
Setting `pad_token_id` to `eos_token_id`:151645 for open-end generation.
Setting `pad_token_id` to `eos_token_id`:151645 for open-end generation.
Setting `pad_token_id` to `eos_token_id`:151645 for open-end generation.
Setting `pad_token_id` to `eos_token_id`:151645 for open-end generation.
Setting `pad_token_id` to `eos_token_id`:151645 for open-end generation.
Setting `pad_token_id` to `eos_token_id`:151645 for open-end generation.
Setting `pad_token_id` to `eos_token_id`:151645 for open-end generation.
Setting `pad_token_id` to `eos_token_id`:151645 for open-end generation.
Setting `pad_token_id` to `eos_token_id`:151645 for open-end generation.
Setting `pad_token_id` to `eos_token_id`:151645 for open-end generation.
Setting `pad_token_id` to `eos_token_id`:151645 for open-end generation.
Setting `pad_token_id` to `eos_token_id`:151645 for open-end generation.
Setting `pad_token_id` to `eos_token_id`:151645 for open-end generation.
Setting `pad_token_id` to `eos_token_id`:151645 for open-end generation.
Setting `pad_token_id` to `eos_token_id`:151645 for open-end generation.
Setting `pad_token_id` to `eos_token_id`:151645 for open-end generation.
Setting `pad_token_id` to `eos_token_id`:151645 for open-end generation.
Setting `pad_token_id` to `eos_token_id`:151645 for open-end generation.
Setting `pad_token_id` to `eos_token_id`:151645 for open-end generation.
  [hf] 120/200  parsed=120  gate_hits=39
Setting `pad_token_id` to `eos_token_id`:151645 for open-end generation.
Setting `pad_token_id` to `eos_token_id`:151645 for open-end generation.
Setting `pad_token_id` to `eos_token_id`:151645 for open-end generation.
Setting `pad_token_id` to `eos_token_id`:151645 for open-end generation.
Setting `pad_token_id` to `eos_token_id`:151645 for open-end generation.
Setting `pad_token_id` to `eos_token_id`:151645 for open-end generation.
Setting `pad_token_id` to `eos_token_id`:151645 for open-end generation.
Setting `pad_token_id` to `eos_token_id`:151645 for open-end generation.
Setting `pad_token_id` to `eos_token_id`:151645 for open-end generation.
Setting `pad_token_id` to `eos_token_id`:151645 for open-end generation.
Setting `pad_token_id` to `eos_token_id`:151645 for open-end generation.
Setting `pad_token_id` to `eos_token_id`:151645 for open-end generation.
Setting `pad_token_id` to `eos_token_id`:151645 for open-end generation.
Setting `pad_token_id` to `eos_token_id`:151645 for open-end generation.
Setting `pad_token_id` to `eos_token_id`:151645 for open-end generation.
Setting `pad_token_id` to `eos_token_id`:151645 for open-end generation.
Setting `pad_token_id` to `eos_token_id`:151645 for open-end generation.
Setting `pad_token_id` to `eos_token_id`:151645 for open-end generation.
Setting `pad_token_id` to `eos_token_id`:151645 for open-end generation.
Setting `pad_token_id` to `eos_token_id`:151645 for open-end generation.
Setting `pad_token_id` to `eos_token_id`:151645 for open-end generation.
Setting `pad_token_id` to `eos_token_id`:151645 for open-end generation.
Setting `pad_token_id` to `eos_token_id`:151645 for open-end generation.
Setting `pad_token_id` to `eos_token_id`:151645 for open-end generation.
Setting `pad_token_id` to `eos_token_id`:151645 for open-end generation.
Setting `pad_token_id` to `eos_token_id`:151645 for open-end generation.
Setting `pad_token_id` to `eos_token_id`:151645 for open-end generation.
Setting `pad_token_id` to `eos_token_id`:151645 for open-end generation.
Setting `pad_token_id` to `eos_token_id`:151645 for open-end generation.
Setting `pad_token_id` to `eos_token_id`:151645 for open-end generation.
Setting `pad_token_id` to `eos_token_id`:151645 for open-end generation.
Setting `pad_token_id` to `eos_token_id`:151645 for open-end generation.
Setting `pad_token_id` to `eos_token_id`:151645 for open-end generation.
Setting `pad_token_id` to `eos_token_id`:151645 for open-end generation.
Setting `pad_token_id` to `eos_token_id`:151645 for open-end generation.
Setting `pad_token_id` to `eos_token_id`:151645 for open-end generation.
Setting `pad_token_id` to `eos_token_id`:151645 for open-end generation.
Setting `pad_token_id` to `eos_token_id`:151645 for open-end generation.
Setting `pad_token_id` to `eos_token_id`:151645 for open-end generation.
Setting `pad_token_id` to `eos_token_id`:151645 for open-end generation.
  [hf] 160/200  parsed=160  gate_hits=49
Setting `pad_token_id` to `eos_token_id`:151645 for open-end generation.
Setting `pad_token_id` to `eos_token_id`:151645 for open-end generation.
Setting `pad_token_id` to `eos_token_id`:151645 for open-end generation.
Setting `pad_token_id` to `eos_token_id`:151645 for open-end generation.
Setting `pad_token_id` to `eos_token_id`:151645 for open-end generation.
Setting `pad_token_id` to `eos_token_id`:151645 for open-end generation.
Setting `pad_token_id` to `eos_token_id`:151645 for open-end generation.
Setting `pad_token_id` to `eos_token_id`:151645 for open-end generation.
Setting `pad_token_id` to `eos_token_id`:151645 for open-end generation.
Setting `pad_token_id` to `eos_token_id`:151645 for open-end generation.
Setting `pad_token_id` to `eos_token_id`:151645 for open-end generation.
Setting `pad_token_id` to `eos_token_id`:151645 for open-end generation.
Setting `pad_token_id` to `eos_token_id`:151645 for open-end generation.
Setting `pad_token_id` to `eos_token_id`:151645 for open-end generation.
Setting `pad_token_id` to `eos_token_id`:151645 for open-end generation.
Setting `pad_token_id` to `eos_token_id`:151645 for open-end generation.
Setting `pad_token_id` to `eos_token_id`:151645 for open-end generation.
Setting `pad_token_id` to `eos_token_id`:151645 for open-end generation.
Setting `pad_token_id` to `eos_token_id`:151645 for open-end generation.
Setting `pad_token_id` to `eos_token_id`:151645 for open-end generation.
Setting `pad_token_id` to `eos_token_id`:151645 for open-end generation.
Setting `pad_token_id` to `eos_token_id`:151645 for open-end generation.
Setting `pad_token_id` to `eos_token_id`:151645 for open-end generation.
Setting `pad_token_id` to `eos_token_id`:151645 for open-end generation.
Setting `pad_token_id` to `eos_token_id`:151645 for open-end generation.
Setting `pad_token_id` to `eos_token_id`:151645 for open-end generation.
Setting `pad_token_id` to `eos_token_id`:151645 for open-end generation.
Setting `pad_token_id` to `eos_token_id`:151645 for open-end generation.
Setting `pad_token_id` to `eos_token_id`:151645 for open-end generation.
Setting `pad_token_id` to `eos_token_id`:151645 for open-end generation.
Setting `pad_token_id` to `eos_token_id`:151645 for open-end generation.
Setting `pad_token_id` to `eos_token_id`:151645 for open-end generation.
Setting `pad_token_id` to `eos_token_id`:151645 for open-end generation.
Setting `pad_token_id` to `eos_token_id`:151645 for open-end generation.
Setting `pad_token_id` to `eos_token_id`:151645 for open-end generation.
Setting `pad_token_id` to `eos_token_id`:151645 for open-end generation.
Setting `pad_token_id` to `eos_token_id`:151645 for open-end generation.
Setting `pad_token_id` to `eos_token_id`:151645 for open-end generation.
Setting `pad_token_id` to `eos_token_id`:151645 for open-end generation.
Setting `pad_token_id` to `eos_token_id`:151645 for open-end generation.
  [hf] 200/200  parsed=200  gate_hits=58
[eval E1] n=200  parse=100.0%  iou@0.25=29.0%  mean_iou=0.170  center_std=22.7
[train] epoch 1 adapter -> experiments/2026-06-30-vlm-backbone-bakeoff/runs/internvl3-2b/lr0.0001/epoch1
  E2 step 0/4101  loss=0.5370  lr=7.48e-05  3917s
  E2 step 50/4101  loss=0.7473  lr=7.43e-05  3975s
  E2 step 100/4101  loss=0.8091  lr=7.38e-05  4019s
  E2 step 150/4101  loss=0.8279  lr=7.32e-05  4069s
  E2 step 200/4101  loss=0.4521  lr=7.27e-05  4116s
  E2 step 250/4101  loss=0.7759  lr=7.21e-05  4164s
  E2 step 300/4101  loss=0.5075  lr=7.16e-05  4209s
  E2 step 350/4101  loss=0.8809  lr=7.10e-05  4257s
  E2 step 400/4101  loss=0.5111  lr=7.03e-05  4296s
  E2 step 450/4101  loss=0.9139  lr=6.97e-05  4343s
  E2 step 500/4101  loss=0.6204  lr=6.91e-05  4393s
  E2 step 550/4101  loss=1.0950  lr=6.86e-05  4437s
  E2 step 600/4101  loss=0.7149  lr=6.80e-05  4486s
  E2 step 650/4101  loss=0.9855  lr=6.74e-05  4534s
  E2 step 700/4101  loss=0.6408  lr=6.68e-05  4583s
  E2 step 750/4101  loss=0.9429  lr=6.63e-05  4630s
  E2 step 800/4101  loss=1.1215  lr=6.55e-05  4679s
  E2 step 850/4101  loss=0.6003  lr=6.49e-05  4721s
  E2 step 900/4101  loss=0.8992  lr=6.43e-05  4767s
  E2 step 950/4101  loss=0.6493  lr=6.37e-05  4818s
  E2 step 1000/4101  loss=1.2333  lr=6.31e-05  4864s
  E2 step 1050/4101  loss=1.0142  lr=6.25e-05  4907s
  E2 step 1100/4101  loss=1.2817  lr=6.20e-05  4955s
  E2 step 1150/4101  loss=0.2674  lr=6.14e-05  5000s
  E2 step 1200/4101  loss=0.5915  lr=6.06e-05  5045s
  E2 step 1250/4101  loss=0.7616  lr=6.00e-05  5099s
  E2 step 1300/4101  loss=0.6625  lr=5.94e-05  5141s
  E2 step 1350/4101  loss=0.7589  lr=5.87e-05  5192s
  E2 step 1400/4101  loss=0.9237  lr=5.81e-05  5235s
  E2 step 1450/4101  loss=0.7842  lr=5.75e-05  5281s
  E2 step 1500/4101  loss=1.0230  lr=5.69e-05  5325s
  E2 step 1550/4101  loss=0.5272  lr=5.63e-05  5368s
  E2 step 1600/4101  loss=0.8083  lr=5.55e-05  5411s
  E2 step 1650/4101  loss=0.7420  lr=5.49e-05  5452s
  E2 step 1700/4101  loss=0.5321  lr=5.43e-05  5497s
  E2 step 1750/4101  loss=0.6563  lr=5.37e-05  5550s
  E2 step 1800/4101  loss=0.9721  lr=5.31e-05  5592s
  E2 step 1850/4101  loss=0.8837  lr=5.25e-05  5640s
  E2 step 1900/4101  loss=0.9053  lr=5.18e-05  5682s
  E2 step 1950/4101  loss=0.5179  lr=5.12e-05  5726s
  E2 step 2000/4101  loss=0.9379  lr=5.04e-05  5776s
  E2 step 2050/4101  loss=0.5800  lr=4.98e-05  5825s
  E2 step 2100/4101  loss=0.3575  lr=4.92e-05  5875s
  E2 step 2150/4101  loss=0.9277  lr=4.86e-05  5919s
  E2 step 2200/4101  loss=0.6018  lr=4.80e-05  5964s
  E2 step 2250/4101  loss=0.8882  lr=4.73e-05  6013s
  E2 step 2300/4101  loss=0.9536  lr=4.67e-05  6060s
  E2 step 2350/4101  loss=0.8411  lr=4.61e-05  6107s
  E2 step 2400/4101  loss=0.6508  lr=4.53e-05  6154s
  E2 step 2450/4101  loss=0.8889  lr=4.47e-05  6200s
  E2 step 2500/4101  loss=0.8445  lr=4.41e-05  6248s
  E2 step 2550/4101  loss=0.7355  lr=4.35e-05  6289s
  E2 step 2600/4101  loss=0.5515  lr=4.29e-05  6342s
  E2 step 2650/4101  loss=1.0079  lr=4.23e-05  6391s
  E2 step 2700/4101  loss=0.4936  lr=4.17e-05  6437s
  E2 step 2750/4101  loss=0.8610  lr=4.10e-05  6482s
  E2 step 2800/4101  loss=0.6863  lr=4.02e-05  6530s
  E2 step 2850/4101  loss=1.0393  lr=3.96e-05  6582s
  E2 step 2900/4101  loss=0.5530  lr=3.90e-05  6636s
  E2 step 2950/4101  loss=0.6072  lr=3.84e-05  6683s
  E2 step 3000/4101  loss=0.8741  lr=3.79e-05  6728s
  E2 step 3050/4101  loss=0.6592  lr=3.73e-05  6774s
  E2 step 3100/4101  loss=0.5873  lr=3.67e-05  6823s
  E2 step 3150/4101  loss=1.0798  lr=3.61e-05  6867s
  E2 step 3200/4101  loss=0.9740  lr=3.53e-05  6916s
  E2 step 3250/4101  loss=0.7265  lr=3.47e-05  6964s
  E2 step 3300/4101  loss=0.7967  lr=3.41e-05  7012s
  E2 step 3350/4101  loss=0.8096  lr=3.35e-05  7054s
  E2 step 3400/4101  loss=1.0573  lr=3.30e-05  7095s
  E2 step 3450/4101  loss=0.7529  lr=3.24e-05  7141s
  E2 step 3500/4101  loss=0.8561  lr=3.18e-05  7192s
  E2 step 3550/4101  loss=0.9551  lr=3.12e-05  7242s
  E2 step 3600/4101  loss=1.4223  lr=3.05e-05  7286s
  E2 step 3650/4101  loss=0.6785  lr=2.99e-05  7335s
  E2 step 3700/4101  loss=0.7071  lr=2.94e-05  7375s
  E2 step 3750/4101  loss=0.7498  lr=2.88e-05  7430s
  E2 step 3800/4101  loss=0.7492  lr=2.83e-05  7476s
  E2 step 3850/4101  loss=0.8441  lr=2.77e-05  7533s
  E2 step 3900/4101  loss=1.5565  lr=2.72e-05  7579s
  E2 step 3950/4101  loss=0.8522  lr=2.66e-05  7631s
  E2 step 4000/4101  loss=0.5593  lr=2.59e-05  7678s
  E2 step 4050/4101  loss=0.8205  lr=2.54e-05  7727s
  E2 step 4100/4101  loss=0.7066  lr=2.46e-05  7770s
[epoch 2] mean_loss=0.8048  (7770s)
Setting `pad_token_id` to `eos_token_id`:151645 for open-end generation.
Setting `pad_token_id` to `eos_token_id`:151645 for open-end generation.
Setting `pad_token_id` to `eos_token_id`:151645 for open-end generation.
Setting `pad_token_id` to `eos_token_id`:151645 for open-end generation.
Setting `pad_token_id` to `eos_token_id`:151645 for open-end generation.
Setting `pad_token_id` to `eos_token_id`:151645 for open-end generation.
Setting `pad_token_id` to `eos_token_id`:151645 for open-end generation.
Setting `pad_token_id` to `eos_token_id`:151645 for open-end generation.
Setting `pad_token_id` to `eos_token_id`:151645 for open-end generation.
Setting `pad_token_id` to `eos_token_id`:151645 for open-end generation.
Setting `pad_token_id` to `eos_token_id`:151645 for open-end generation.
Setting `pad_token_id` to `eos_token_id`:151645 for open-end generation.
Setting `pad_token_id` to `eos_token_id`:151645 for open-end generation.
Setting `pad_token_id` to `eos_token_id`:151645 for open-end generation.
Setting `pad_token_id` to `eos_token_id`:151645 for open-end generation.
Setting `pad_token_id` to `eos_token_id`:151645 for open-end generation.
Setting `pad_token_id` to `eos_token_id`:151645 for open-end generation.
Setting `pad_token_id` to `eos_token_id`:151645 for open-end generation.
Setting `pad_token_id` to `eos_token_id`:151645 for open-end generation.
Setting `pad_token_id` to `eos_token_id`:151645 for open-end generation.
Setting `pad_token_id` to `eos_token_id`:151645 for open-end generation.
Setting `pad_token_id` to `eos_token_id`:151645 for open-end generation.
Setting `pad_token_id` to `eos_token_id`:151645 for open-end generation.
Setting `pad_token_id` to `eos_token_id`:151645 for open-end generation.
Setting `pad_token_id` to `eos_token_id`:151645 for open-end generation.
Setting `pad_token_id` to `eos_token_id`:151645 for open-end generation.
Setting `pad_token_id` to `eos_token_id`:151645 for open-end generation.
Setting `pad_token_id` to `eos_token_id`:151645 for open-end generation.
Setting `pad_token_id` to `eos_token_id`:151645 for open-end generation.
Setting `pad_token_id` to `eos_token_id`:151645 for open-end generation.
Setting `pad_token_id` to `eos_token_id`:151645 for open-end generation.
Setting `pad_token_id` to `eos_token_id`:151645 for open-end generation.
Setting `pad_token_id` to `eos_token_id`:151645 for open-end generation.
Setting `pad_token_id` to `eos_token_id`:151645 for open-end generation.
Setting `pad_token_id` to `eos_token_id`:151645 for open-end generation.
Setting `pad_token_id` to `eos_token_id`:151645 for open-end generation.
Setting `pad_token_id` to `eos_token_id`:151645 for open-end generation.
Setting `pad_token_id` to `eos_token_id`:151645 for open-end generation.
Setting `pad_token_id` to `eos_token_id`:151645 for open-end generation.
Setting `pad_token_id` to `eos_token_id`:151645 for open-end generation.
  [hf] 40/200  parsed=40  gate_hits=16
Setting `pad_token_id` to `eos_token_id`:151645 for open-end generation.
Setting `pad_token_id` to `eos_token_id`:151645 for open-end generation.
Setting `pad_token_id` to `eos_token_id`:151645 for open-end generation.
Setting `pad_token_id` to `eos_token_id`:151645 for open-end generation.
Setting `pad_token_id` to `eos_token_id`:151645 for open-end generation.
Setting `pad_token_id` to `eos_token_id`:151645 for open-end generation.
Setting `pad_token_id` to `eos_token_id`:151645 for open-end generation.
Setting `pad_token_id` to `eos_token_id`:151645 for open-end generation.
Setting `pad_token_id` to `eos_token_id`:151645 for open-end generation.
Setting `pad_token_id` to `eos_token_id`:151645 for open-end generation.
Setting `pad_token_id` to `eos_token_id`:151645 for open-end generation.
Setting `pad_token_id` to `eos_token_id`:151645 for open-end generation.
Setting `pad_token_id` to `eos_token_id`:151645 for open-end generation.
Setting `pad_token_id` to `eos_token_id`:151645 for open-end generation.
Setting `pad_token_id` to `eos_token_id`:151645 for open-end generation.
Setting `pad_token_id` to `eos_token_id`:151645 for open-end generation.
Setting `pad_token_id` to `eos_token_id`:151645 for open-end generation.
Setting `pad_token_id` to `eos_token_id`:151645 for open-end generation.
Setting `pad_token_id` to `eos_token_id`:151645 for open-end generation.
Setting `pad_token_id` to `eos_token_id`:151645 for open-end generation.
Setting `pad_token_id` to `eos_token_id`:151645 for open-end generation.
Setting `pad_token_id` to `eos_token_id`:151645 for open-end generation.
Setting `pad_token_id` to `eos_token_id`:151645 for open-end generation.
Setting `pad_token_id` to `eos_token_id`:151645 for open-end generation.
Setting `pad_token_id` to `eos_token_id`:151645 for open-end generation.
Setting `pad_token_id` to `eos_token_id`:151645 for open-end generation.
Setting `pad_token_id` to `eos_token_id`:151645 for open-end generation.
Setting `pad_token_id` to `eos_token_id`:151645 for open-end generation.
Setting `pad_token_id` to `eos_token_id`:151645 for open-end generation.
Setting `pad_token_id` to `eos_token_id`:151645 for open-end generation.
Setting `pad_token_id` to `eos_token_id`:151645 for open-end generation.
Setting `pad_token_id` to `eos_token_id`:151645 for open-end generation.
Setting `pad_token_id` to `eos_token_id`:151645 for open-end generation.
Setting `pad_token_id` to `eos_token_id`:151645 for open-end generation.
Setting `pad_token_id` to `eos_token_id`:151645 for open-end generation.
Setting `pad_token_id` to `eos_token_id`:151645 for open-end generation.
Setting `pad_token_id` to `eos_token_id`:151645 for open-end generation.
Setting `pad_token_id` to `eos_token_id`:151645 for open-end generation.
Setting `pad_token_id` to `eos_token_id`:151645 for open-end generation.
Setting `pad_token_id` to `eos_token_id`:151645 for open-end generation.
  [hf] 80/200  parsed=80  gate_hits=30
Setting `pad_token_id` to `eos_token_id`:151645 for open-end generation.
Setting `pad_token_id` to `eos_token_id`:151645 for open-end generation.
Setting `pad_token_id` to `eos_token_id`:151645 for open-end generation.
Setting `pad_token_id` to `eos_token_id`:151645 for open-end generation.
Setting `pad_token_id` to `eos_token_id`:151645 for open-end generation.
Setting `pad_token_id` to `eos_token_id`:151645 for open-end generation.
Setting `pad_token_id` to `eos_token_id`:151645 for open-end generation.
Setting `pad_token_id` to `eos_token_id`:151645 for open-end generation.
Setting `pad_token_id` to `eos_token_id`:151645 for open-end generation.
Setting `pad_token_id` to `eos_token_id`:151645 for open-end generation.
Setting `pad_token_id` to `eos_token_id`:151645 for open-end generation.
Setting `pad_token_id` to `eos_token_id`:151645 for open-end generation.
Setting `pad_token_id` to `eos_token_id`:151645 for open-end generation.
Setting `pad_token_id` to `eos_token_id`:151645 for open-end generation.
Setting `pad_token_id` to `eos_token_id`:151645 for open-end generation.
Setting `pad_token_id` to `eos_token_id`:151645 for open-end generation.
Setting `pad_token_id` to `eos_token_id`:151645 for open-end generation.
Setting `pad_token_id` to `eos_token_id`:151645 for open-end generation.
Setting `pad_token_id` to `eos_token_id`:151645 for open-end generation.
Setting `pad_token_id` to `eos_token_id`:151645 for open-end generation.
Setting `pad_token_id` to `eos_token_id`:151645 for open-end generation.
Setting `pad_token_id` to `eos_token_id`:151645 for open-end generation.
Setting `pad_token_id` to `eos_token_id`:151645 for open-end generation.
Setting `pad_token_id` to `eos_token_id`:151645 for open-end generation.
Setting `pad_token_id` to `eos_token_id`:151645 for open-end generation.
Setting `pad_token_id` to `eos_token_id`:151645 for open-end generation.
Setting `pad_token_id` to `eos_token_id`:151645 for open-end generation.
Setting `pad_token_id` to `eos_token_id`:151645 for open-end generation.
Setting `pad_token_id` to `eos_token_id`:151645 for open-end generation.
Setting `pad_token_id` to `eos_token_id`:151645 for open-end generation.
Setting `pad_token_id` to `eos_token_id`:151645 for open-end generation.
Setting `pad_token_id` to `eos_token_id`:151645 for open-end generation.
Setting `pad_token_id` to `eos_token_id`:151645 for open-end generation.
Setting `pad_token_id` to `eos_token_id`:151645 for open-end generation.
Setting `pad_token_id` to `eos_token_id`:151645 for open-end generation.
Setting `pad_token_id` to `eos_token_id`:151645 for open-end generation.
Setting `pad_token_id` to `eos_token_id`:151645 for open-end generation.
Setting `pad_token_id` to `eos_token_id`:151645 for open-end generation.
Setting `pad_token_id` to `eos_token_id`:151645 for open-end generation.
Setting `pad_token_id` to `eos_token_id`:151645 for open-end generation.
  [hf] 120/200  parsed=120  gate_hits=48
Setting `pad_token_id` to `eos_token_id`:151645 for open-end generation.
Setting `pad_token_id` to `eos_token_id`:151645 for open-end generation.
Setting `pad_token_id` to `eos_token_id`:151645 for open-end generation.
Setting `pad_token_id` to `eos_token_id`:151645 for open-end generation.
Setting `pad_token_id` to `eos_token_id`:151645 for open-end generation.
Setting `pad_token_id` to `eos_token_id`:151645 for open-end generation.
Setting `pad_token_id` to `eos_token_id`:151645 for open-end generation.
Setting `pad_token_id` to `eos_token_id`:151645 for open-end generation.
Setting `pad_token_id` to `eos_token_id`:151645 for open-end generation.
Setting `pad_token_id` to `eos_token_id`:151645 for open-end generation.
Setting `pad_token_id` to `eos_token_id`:151645 for open-end generation.
Setting `pad_token_id` to `eos_token_id`:151645 for open-end generation.
Setting `pad_token_id` to `eos_token_id`:151645 for open-end generation.
Setting `pad_token_id` to `eos_token_id`:151645 for open-end generation.
Setting `pad_token_id` to `eos_token_id`:151645 for open-end generation.
Setting `pad_token_id` to `eos_token_id`:151645 for open-end generation.
Setting `pad_token_id` to `eos_token_id`:151645 for open-end generation.
Setting `pad_token_id` to `eos_token_id`:151645 for open-end generation.
Setting `pad_token_id` to `eos_token_id`:151645 for open-end generation.
Setting `pad_token_id` to `eos_token_id`:151645 for open-end generation.
Setting `pad_token_id` to `eos_token_id`:151645 for open-end generation.
Setting `pad_token_id` to `eos_token_id`:151645 for open-end generation.
Setting `pad_token_id` to `eos_token_id`:151645 for open-end generation.
Setting `pad_token_id` to `eos_token_id`:151645 for open-end generation.
Setting `pad_token_id` to `eos_token_id`:151645 for open-end generation.
Setting `pad_token_id` to `eos_token_id`:151645 for open-end generation.
Setting `pad_token_id` to `eos_token_id`:151645 for open-end generation.
Setting `pad_token_id` to `eos_token_id`:151645 for open-end generation.
Setting `pad_token_id` to `eos_token_id`:151645 for open-end generation.
Setting `pad_token_id` to `eos_token_id`:151645 for open-end generation.
Setting `pad_token_id` to `eos_token_id`:151645 for open-end generation.
Setting `pad_token_id` to `eos_token_id`:151645 for open-end generation.
Setting `pad_token_id` to `eos_token_id`:151645 for open-end generation.
Setting `pad_token_id` to `eos_token_id`:151645 for open-end generation.
Setting `pad_token_id` to `eos_token_id`:151645 for open-end generation.
Setting `pad_token_id` to `eos_token_id`:151645 for open-end generation.
Setting `pad_token_id` to `eos_token_id`:151645 for open-end generation.
Setting `pad_token_id` to `eos_token_id`:151645 for open-end generation.
Setting `pad_token_id` to `eos_token_id`:151645 for open-end generation.
Setting `pad_token_id` to `eos_token_id`:151645 for open-end generation.
  [hf] 160/200  parsed=160  gate_hits=61
Setting `pad_token_id` to `eos_token_id`:151645 for open-end generation.
Setting `pad_token_id` to `eos_token_id`:151645 for open-end generation.
Setting `pad_token_id` to `eos_token_id`:151645 for open-end generation.
Setting `pad_token_id` to `eos_token_id`:151645 for open-end generation.
Setting `pad_token_id` to `eos_token_id`:151645 for open-end generation.
Setting `pad_token_id` to `eos_token_id`:151645 for open-end generation.
Setting `pad_token_id` to `eos_token_id`:151645 for open-end generation.
Setting `pad_token_id` to `eos_token_id`:151645 for open-end generation.
Setting `pad_token_id` to `eos_token_id`:151645 for open-end generation.
Setting `pad_token_id` to `eos_token_id`:151645 for open-end generation.
Setting `pad_token_id` to `eos_token_id`:151645 for open-end generation.
Setting `pad_token_id` to `eos_token_id`:151645 for open-end generation.
Setting `pad_token_id` to `eos_token_id`:151645 for open-end generation.
Setting `pad_token_id` to `eos_token_id`:151645 for open-end generation.
Setting `pad_token_id` to `eos_token_id`:151645 for open-end generation.
Setting `pad_token_id` to `eos_token_id`:151645 for open-end generation.
Setting `pad_token_id` to `eos_token_id`:151645 for open-end generation.
Setting `pad_token_id` to `eos_token_id`:151645 for open-end generation.
Setting `pad_token_id` to `eos_token_id`:151645 for open-end generation.
Setting `pad_token_id` to `eos_token_id`:151645 for open-end generation.
Setting `pad_token_id` to `eos_token_id`:151645 for open-end generation.
Setting `pad_token_id` to `eos_token_id`:151645 for open-end generation.
Setting `pad_token_id` to `eos_token_id`:151645 for open-end generation.
Setting `pad_token_id` to `eos_token_id`:151645 for open-end generation.
Setting `pad_token_id` to `eos_token_id`:151645 for open-end generation.
Setting `pad_token_id` to `eos_token_id`:151645 for open-end generation.
Setting `pad_token_id` to `eos_token_id`:151645 for open-end generation.
Setting `pad_token_id` to `eos_token_id`:151645 for open-end generation.
Setting `pad_token_id` to `eos_token_id`:151645 for open-end generation.
Setting `pad_token_id` to `eos_token_id`:151645 for open-end generation.
Setting `pad_token_id` to `eos_token_id`:151645 for open-end generation.
Setting `pad_token_id` to `eos_token_id`:151645 for open-end generation.
Setting `pad_token_id` to `eos_token_id`:151645 for open-end generation.
Setting `pad_token_id` to `eos_token_id`:151645 for open-end generation.
Setting `pad_token_id` to `eos_token_id`:151645 for open-end generation.
Setting `pad_token_id` to `eos_token_id`:151645 for open-end generation.
Setting `pad_token_id` to `eos_token_id`:151645 for open-end generation.
Setting `pad_token_id` to `eos_token_id`:151645 for open-end generation.
Setting `pad_token_id` to `eos_token_id`:151645 for open-end generation.
Setting `pad_token_id` to `eos_token_id`:151645 for open-end generation.
  [hf] 200/200  parsed=200  gate_hits=74
[eval E2] n=200  parse=100.0%  iou@0.25=37.0%  mean_iou=0.236  center_std=22.5
[train] epoch 2 adapter -> experiments/2026-06-30-vlm-backbone-bakeoff/runs/internvl3-2b/lr0.0001/epoch2
  E3 step 0/4101  loss=0.7621  lr=2.46e-05  7900s
  E3 step 50/4101  loss=0.7041  lr=2.41e-05  7947s
  E3 step 100/4101  loss=1.0969  lr=2.36e-05  7997s
  E3 step 150/4101  loss=0.6490  lr=2.31e-05  8045s
  E3 step 200/4101  loss=0.7499  lr=2.26e-05  8094s
  E3 step 250/4101  loss=0.6484  lr=2.21e-05  8138s
  E3 step 300/4101  loss=0.9274  lr=2.15e-05  8189s
  E3 step 350/4101  loss=0.6687  lr=2.10e-05  8232s
  E3 step 400/4101  loss=0.4217  lr=2.04e-05  8284s
  E3 step 450/4101  loss=0.4785  lr=1.99e-05  8330s
  E3 step 500/4101  loss=0.6565  lr=1.94e-05  8379s
  E3 step 550/4101  loss=0.5995  lr=1.89e-05  8428s
  E3 step 600/4101  loss=1.6134  lr=1.84e-05  8475s
  E3 step 650/4101  loss=0.6102  lr=1.80e-05  8525s
  E3 step 700/4101  loss=0.5696  lr=1.75e-05  8574s
  E3 step 750/4101  loss=0.6436  lr=1.70e-05  8618s
  E3 step 800/4101  loss=0.7962  lr=1.64e-05  8658s
  E3 step 850/4101  loss=0.9825  lr=1.60e-05  8698s
  E3 step 900/4101  loss=0.5865  lr=1.55e-05  8739s
  E3 step 950/4101  loss=1.0230  lr=1.51e-05  8789s
  E3 step 1000/4101  loss=0.5226  lr=1.46e-05  8833s
  E3 step 1050/4101  loss=0.6357  lr=1.42e-05  8872s
  E3 step 1100/4101  loss=0.6767  lr=1.38e-05  8920s
  E3 step 1150/4101  loss=0.7827  lr=1.34e-05  8971s
  E3 step 1200/4101  loss=0.6037  lr=1.28e-05  9020s
  E3 step 1250/4101  loss=0.5664  lr=1.24e-05  9073s
  E3 step 1300/4101  loss=0.4103  lr=1.20e-05  9127s
  E3 step 1350/4101  loss=0.4388  lr=1.16e-05  9173s
  E3 step 1400/4101  loss=0.4153  lr=1.12e-05  9228s
  E3 step 1450/4101  loss=0.8016  lr=1.08e-05  9274s
  E3 step 1500/4101  loss=0.7730  lr=1.05e-05  9327s
  E3 step 1550/4101  loss=0.8452  lr=1.01e-05  9376s
  E3 step 1600/4101  loss=0.7350  lr=9.60e-06  9425s
  E3 step 1650/4101  loss=0.7903  lr=9.24e-06  9472s
  E3 step 1700/4101  loss=0.5575  lr=8.89e-06  9517s
  E3 step 1750/4101  loss=0.5478  lr=8.54e-06  9562s
  E3 step 1800/4101  loss=0.6929  lr=8.20e-06  9610s
  E3 step 1850/4101  loss=0.8025  lr=7.87e-06  9662s
  E3 step 1900/4101  loss=0.7661  lr=7.54e-06  9714s
  E3 step 1950/4101  loss=0.6699  lr=7.22e-06  9760s
  E3 step 2000/4101  loss=0.9571  lr=6.80e-06  9805s
  E3 step 2050/4101  loss=1.0698  lr=6.50e-06  9851s
  E3 step 2100/4101  loss=0.9917  lr=6.20e-06  9897s
  E3 step 2150/4101  loss=0.6447  lr=5.90e-06  9942s
  E3 step 2200/4101  loss=1.1138  lr=5.62e-06  9981s
  E3 step 2250/4101  loss=0.6781  lr=5.34e-06  10033s
  E3 step 2300/4101  loss=0.5661  lr=5.07e-06  10074s
  E3 step 2350/4101  loss=0.5881  lr=4.80e-06  10129s
  E3 step 2400/4101  loss=0.5871  lr=4.46e-06  10176s
  E3 step 2450/4101  loss=0.7650  lr=4.21e-06  10220s
  E3 step 2500/4101  loss=0.7689  lr=3.96e-06  10267s
  E3 step 2550/4101  loss=0.5546  lr=3.73e-06  10316s
  E3 step 2600/4101  loss=1.0186  lr=3.50e-06  10355s
  E3 step 2650/4101  loss=0.7727  lr=3.28e-06  10411s
  E3 step 2700/4101  loss=1.1011  lr=3.06e-06  10452s
  E3 step 2750/4101  loss=0.4814  lr=2.85e-06  10497s
  E3 step 2800/4101  loss=0.6081  lr=2.59e-06  10539s
  E3 step 2850/4101  loss=1.1810  lr=2.40e-06  10587s
  E3 step 2900/4101  loss=0.5583  lr=2.21e-06  10636s
  E3 step 2950/4101  loss=0.6446  lr=2.04e-06  10689s
  E3 step 3000/4101  loss=0.6220  lr=1.87e-06  10740s
  E3 step 3050/4101  loss=0.5578  lr=1.70e-06  10789s
  E3 step 3100/4101  loss=0.6131  lr=1.55e-06  10834s
  E3 step 3150/4101  loss=0.4138  lr=1.40e-06  10880s
  E3 step 3200/4101  loss=0.4859  lr=1.21e-06  10927s
  E3 step 3250/4101  loss=0.6643  lr=1.08e-06  10968s
  E3 step 3300/4101  loss=0.6100  lr=9.61e-07  11022s
  E3 step 3350/4101  loss=0.6972  lr=8.45e-07  11067s
  E3 step 3400/4101  loss=0.7383  lr=7.36e-07  11112s
  E3 step 3450/4101  loss=1.0873  lr=6.35e-07  11159s
  E3 step 3500/4101  loss=0.4999  lr=5.41e-07  11208s
  E3 step 3550/4101  loss=0.6672  lr=4.55e-07  11248s
  E3 step 3600/4101  loss=0.5871  lr=3.51e-07  11291s
  E3 step 3650/4101  loss=0.9395  lr=2.83e-07  11345s
  E3 step 3700/4101  loss=1.2341  lr=2.21e-07  11385s
  E3 step 3750/4101  loss=0.8938  lr=1.67e-07  11427s
  E3 step 3800/4101  loss=0.8074  lr=1.21e-07  11476s
  E3 step 3850/4101  loss=0.3890  lr=8.20e-08  11523s
  E3 step 3900/4101  loss=0.6617  lr=5.06e-08  11576s
  E3 step 3950/4101  loss=0.5424  lr=2.68e-08  11619s
  E3 step 4000/4101  loss=0.7712  lr=6.69e-09  11666s
  E3 step 4050/4101  loss=0.6343  lr=4.18e-10  11716s
  E3 step 4100/4101  loss=0.9464  lr=3.76e-09  11760s
[epoch 3] mean_loss=0.7056  (11760s)
Setting `pad_token_id` to `eos_token_id`:151645 for open-end generation.
Setting `pad_token_id` to `eos_token_id`:151645 for open-end generation.
Setting `pad_token_id` to `eos_token_id`:151645 for open-end generation.
Setting `pad_token_id` to `eos_token_id`:151645 for open-end generation.
Setting `pad_token_id` to `eos_token_id`:151645 for open-end generation.
Setting `pad_token_id` to `eos_token_id`:151645 for open-end generation.
Setting `pad_token_id` to `eos_token_id`:151645 for open-end generation.
Setting `pad_token_id` to `eos_token_id`:151645 for open-end generation.
Setting `pad_token_id` to `eos_token_id`:151645 for open-end generation.
Setting `pad_token_id` to `eos_token_id`:151645 for open-end generation.
Setting `pad_token_id` to `eos_token_id`:151645 for open-end generation.
Setting `pad_token_id` to `eos_token_id`:151645 for open-end generation.
Setting `pad_token_id` to `eos_token_id`:151645 for open-end generation.
Setting `pad_token_id` to `eos_token_id`:151645 for open-end generation.
Setting `pad_token_id` to `eos_token_id`:151645 for open-end generation.
Setting `pad_token_id` to `eos_token_id`:151645 for open-end generation.
Setting `pad_token_id` to `eos_token_id`:151645 for open-end generation.
Setting `pad_token_id` to `eos_token_id`:151645 for open-end generation.
Setting `pad_token_id` to `eos_token_id`:151645 for open-end generation.
Setting `pad_token_id` to `eos_token_id`:151645 for open-end generation.
Setting `pad_token_id` to `eos_token_id`:151645 for open-end generation.
Setting `pad_token_id` to `eos_token_id`:151645 for open-end generation.
Setting `pad_token_id` to `eos_token_id`:151645 for open-end generation.
Setting `pad_token_id` to `eos_token_id`:151645 for open-end generation.
Setting `pad_token_id` to `eos_token_id`:151645 for open-end generation.
Setting `pad_token_id` to `eos_token_id`:151645 for open-end generation.
Setting `pad_token_id` to `eos_token_id`:151645 for open-end generation.
Setting `pad_token_id` to `eos_token_id`:151645 for open-end generation.
Setting `pad_token_id` to `eos_token_id`:151645 for open-end generation.
Setting `pad_token_id` to `eos_token_id`:151645 for open-end generation.
Setting `pad_token_id` to `eos_token_id`:151645 for open-end generation.
Setting `pad_token_id` to `eos_token_id`:151645 for open-end generation.
Setting `pad_token_id` to `eos_token_id`:151645 for open-end generation.
Setting `pad_token_id` to `eos_token_id`:151645 for open-end generation.
Setting `pad_token_id` to `eos_token_id`:151645 for open-end generation.
Setting `pad_token_id` to `eos_token_id`:151645 for open-end generation.
Setting `pad_token_id` to `eos_token_id`:151645 for open-end generation.
Setting `pad_token_id` to `eos_token_id`:151645 for open-end generation.
Setting `pad_token_id` to `eos_token_id`:151645 for open-end generation.
Setting `pad_token_id` to `eos_token_id`:151645 for open-end generation.
  [hf] 40/200  parsed=40  gate_hits=14
Setting `pad_token_id` to `eos_token_id`:151645 for open-end generation.
Setting `pad_token_id` to `eos_token_id`:151645 for open-end generation.
Setting `pad_token_id` to `eos_token_id`:151645 for open-end generation.
Setting `pad_token_id` to `eos_token_id`:151645 for open-end generation.
Setting `pad_token_id` to `eos_token_id`:151645 for open-end generation.
Setting `pad_token_id` to `eos_token_id`:151645 for open-end generation.
Setting `pad_token_id` to `eos_token_id`:151645 for open-end generation.
Setting `pad_token_id` to `eos_token_id`:151645 for open-end generation.
Setting `pad_token_id` to `eos_token_id`:151645 for open-end generation.
Setting `pad_token_id` to `eos_token_id`:151645 for open-end generation.
Setting `pad_token_id` to `eos_token_id`:151645 for open-end generation.
Setting `pad_token_id` to `eos_token_id`:151645 for open-end generation.
Setting `pad_token_id` to `eos_token_id`:151645 for open-end generation.
Setting `pad_token_id` to `eos_token_id`:151645 for open-end generation.
Setting `pad_token_id` to `eos_token_id`:151645 for open-end generation.
Setting `pad_token_id` to `eos_token_id`:151645 for open-end generation.
Setting `pad_token_id` to `eos_token_id`:151645 for open-end generation.
Setting `pad_token_id` to `eos_token_id`:151645 for open-end generation.
Setting `pad_token_id` to `eos_token_id`:151645 for open-end generation.
Setting `pad_token_id` to `eos_token_id`:151645 for open-end generation.
Setting `pad_token_id` to `eos_token_id`:151645 for open-end generation.
Setting `pad_token_id` to `eos_token_id`:151645 for open-end generation.
Setting `pad_token_id` to `eos_token_id`:151645 for open-end generation.
Setting `pad_token_id` to `eos_token_id`:151645 for open-end generation.
Setting `pad_token_id` to `eos_token_id`:151645 for open-end generation.
Setting `pad_token_id` to `eos_token_id`:151645 for open-end generation.
Setting `pad_token_id` to `eos_token_id`:151645 for open-end generation.
Setting `pad_token_id` to `eos_token_id`:151645 for open-end generation.
Setting `pad_token_id` to `eos_token_id`:151645 for open-end generation.
Setting `pad_token_id` to `eos_token_id`:151645 for open-end generation.
Setting `pad_token_id` to `eos_token_id`:151645 for open-end generation.
Setting `pad_token_id` to `eos_token_id`:151645 for open-end generation.
Setting `pad_token_id` to `eos_token_id`:151645 for open-end generation.
Setting `pad_token_id` to `eos_token_id`:151645 for open-end generation.
Setting `pad_token_id` to `eos_token_id`:151645 for open-end generation.
Setting `pad_token_id` to `eos_token_id`:151645 for open-end generation.
Setting `pad_token_id` to `eos_token_id`:151645 for open-end generation.
Setting `pad_token_id` to `eos_token_id`:151645 for open-end generation.
Setting `pad_token_id` to `eos_token_id`:151645 for open-end generation.
Setting `pad_token_id` to `eos_token_id`:151645 for open-end generation.
  [hf] 80/200  parsed=80  gate_hits=27
Setting `pad_token_id` to `eos_token_id`:151645 for open-end generation.
Setting `pad_token_id` to `eos_token_id`:151645 for open-end generation.
Setting `pad_token_id` to `eos_token_id`:151645 for open-end generation.
Setting `pad_token_id` to `eos_token_id`:151645 for open-end generation.
Setting `pad_token_id` to `eos_token_id`:151645 for open-end generation.
Setting `pad_token_id` to `eos_token_id`:151645 for open-end generation.
Setting `pad_token_id` to `eos_token_id`:151645 for open-end generation.
Setting `pad_token_id` to `eos_token_id`:151645 for open-end generation.
Setting `pad_token_id` to `eos_token_id`:151645 for open-end generation.
Setting `pad_token_id` to `eos_token_id`:151645 for open-end generation.
Setting `pad_token_id` to `eos_token_id`:151645 for open-end generation.
Setting `pad_token_id` to `eos_token_id`:151645 for open-end generation.
Setting `pad_token_id` to `eos_token_id`:151645 for open-end generation.
Setting `pad_token_id` to `eos_token_id`:151645 for open-end generation.
Setting `pad_token_id` to `eos_token_id`:151645 for open-end generation.
Setting `pad_token_id` to `eos_token_id`:151645 for open-end generation.
Setting `pad_token_id` to `eos_token_id`:151645 for open-end generation.
Setting `pad_token_id` to `eos_token_id`:151645 for open-end generation.
Setting `pad_token_id` to `eos_token_id`:151645 for open-end generation.
Setting `pad_token_id` to `eos_token_id`:151645 for open-end generation.
Setting `pad_token_id` to `eos_token_id`:151645 for open-end generation.
Setting `pad_token_id` to `eos_token_id`:151645 for open-end generation.
Setting `pad_token_id` to `eos_token_id`:151645 for open-end generation.
Setting `pad_token_id` to `eos_token_id`:151645 for open-end generation.
Setting `pad_token_id` to `eos_token_id`:151645 for open-end generation.
Setting `pad_token_id` to `eos_token_id`:151645 for open-end generation.
Setting `pad_token_id` to `eos_token_id`:151645 for open-end generation.
Setting `pad_token_id` to `eos_token_id`:151645 for open-end generation.
Setting `pad_token_id` to `eos_token_id`:151645 for open-end generation.
Setting `pad_token_id` to `eos_token_id`:151645 for open-end generation.
Setting `pad_token_id` to `eos_token_id`:151645 for open-end generation.
Setting `pad_token_id` to `eos_token_id`:151645 for open-end generation.
Setting `pad_token_id` to `eos_token_id`:151645 for open-end generation.
Setting `pad_token_id` to `eos_token_id`:151645 for open-end generation.
Setting `pad_token_id` to `eos_token_id`:151645 for open-end generation.
Setting `pad_token_id` to `eos_token_id`:151645 for open-end generation.
Setting `pad_token_id` to `eos_token_id`:151645 for open-end generation.
Setting `pad_token_id` to `eos_token_id`:151645 for open-end generation.
Setting `pad_token_id` to `eos_token_id`:151645 for open-end generation.
Setting `pad_token_id` to `eos_token_id`:151645 for open-end generation.
  [hf] 120/200  parsed=120  gate_hits=43
Setting `pad_token_id` to `eos_token_id`:151645 for open-end generation.
Setting `pad_token_id` to `eos_token_id`:151645 for open-end generation.
Setting `pad_token_id` to `eos_token_id`:151645 for open-end generation.
Setting `pad_token_id` to `eos_token_id`:151645 for open-end generation.
Setting `pad_token_id` to `eos_token_id`:151645 for open-end generation.
Setting `pad_token_id` to `eos_token_id`:151645 for open-end generation.
Setting `pad_token_id` to `eos_token_id`:151645 for open-end generation.
Setting `pad_token_id` to `eos_token_id`:151645 for open-end generation.
Setting `pad_token_id` to `eos_token_id`:151645 for open-end generation.
Setting `pad_token_id` to `eos_token_id`:151645 for open-end generation.
Setting `pad_token_id` to `eos_token_id`:151645 for open-end generation.
Setting `pad_token_id` to `eos_token_id`:151645 for open-end generation.
Setting `pad_token_id` to `eos_token_id`:151645 for open-end generation.
Setting `pad_token_id` to `eos_token_id`:151645 for open-end generation.
Setting `pad_token_id` to `eos_token_id`:151645 for open-end generation.
Setting `pad_token_id` to `eos_token_id`:151645 for open-end generation.
Setting `pad_token_id` to `eos_token_id`:151645 for open-end generation.
Setting `pad_token_id` to `eos_token_id`:151645 for open-end generation.
Setting `pad_token_id` to `eos_token_id`:151645 for open-end generation.
Setting `pad_token_id` to `eos_token_id`:151645 for open-end generation.
Setting `pad_token_id` to `eos_token_id`:151645 for open-end generation.
Setting `pad_token_id` to `eos_token_id`:151645 for open-end generation.
Setting `pad_token_id` to `eos_token_id`:151645 for open-end generation.
Setting `pad_token_id` to `eos_token_id`:151645 for open-end generation.
Setting `pad_token_id` to `eos_token_id`:151645 for open-end generation.
Setting `pad_token_id` to `eos_token_id`:151645 for open-end generation.
Setting `pad_token_id` to `eos_token_id`:151645 for open-end generation.
Setting `pad_token_id` to `eos_token_id`:151645 for open-end generation.
Setting `pad_token_id` to `eos_token_id`:151645 for open-end generation.
Setting `pad_token_id` to `eos_token_id`:151645 for open-end generation.
Setting `pad_token_id` to `eos_token_id`:151645 for open-end generation.
Setting `pad_token_id` to `eos_token_id`:151645 for open-end generation.
Setting `pad_token_id` to `eos_token_id`:151645 for open-end generation.
Setting `pad_token_id` to `eos_token_id`:151645 for open-end generation.
Setting `pad_token_id` to `eos_token_id`:151645 for open-end generation.
Setting `pad_token_id` to `eos_token_id`:151645 for open-end generation.
Setting `pad_token_id` to `eos_token_id`:151645 for open-end generation.
Setting `pad_token_id` to `eos_token_id`:151645 for open-end generation.
Setting `pad_token_id` to `eos_token_id`:151645 for open-end generation.
Setting `pad_token_id` to `eos_token_id`:151645 for open-end generation.
  [hf] 160/200  parsed=160  gate_hits=58
Setting `pad_token_id` to `eos_token_id`:151645 for open-end generation.
Setting `pad_token_id` to `eos_token_id`:151645 for open-end generation.
Setting `pad_token_id` to `eos_token_id`:151645 for open-end generation.
Setting `pad_token_id` to `eos_token_id`:151645 for open-end generation.
Setting `pad_token_id` to `eos_token_id`:151645 for open-end generation.
Setting `pad_token_id` to `eos_token_id`:151645 for open-end generation.
Setting `pad_token_id` to `eos_token_id`:151645 for open-end generation.
Setting `pad_token_id` to `eos_token_id`:151645 for open-end generation.
Setting `pad_token_id` to `eos_token_id`:151645 for open-end generation.
Setting `pad_token_id` to `eos_token_id`:151645 for open-end generation.
Setting `pad_token_id` to `eos_token_id`:151645 for open-end generation.
Setting `pad_token_id` to `eos_token_id`:151645 for open-end generation.
Setting `pad_token_id` to `eos_token_id`:151645 for open-end generation.
Setting `pad_token_id` to `eos_token_id`:151645 for open-end generation.
Setting `pad_token_id` to `eos_token_id`:151645 for open-end generation.
Setting `pad_token_id` to `eos_token_id`:151645 for open-end generation.
Setting `pad_token_id` to `eos_token_id`:151645 for open-end generation.
Setting `pad_token_id` to `eos_token_id`:151645 for open-end generation.
Setting `pad_token_id` to `eos_token_id`:151645 for open-end generation.
Setting `pad_token_id` to `eos_token_id`:151645 for open-end generation.
Setting `pad_token_id` to `eos_token_id`:151645 for open-end generation.
Setting `pad_token_id` to `eos_token_id`:151645 for open-end generation.
Setting `pad_token_id` to `eos_token_id`:151645 for open-end generation.
Setting `pad_token_id` to `eos_token_id`:151645 for open-end generation.
Setting `pad_token_id` to `eos_token_id`:151645 for open-end generation.
Setting `pad_token_id` to `eos_token_id`:151645 for open-end generation.
Setting `pad_token_id` to `eos_token_id`:151645 for open-end generation.
Setting `pad_token_id` to `eos_token_id`:151645 for open-end generation.
Setting `pad_token_id` to `eos_token_id`:151645 for open-end generation.
Setting `pad_token_id` to `eos_token_id`:151645 for open-end generation.
Setting `pad_token_id` to `eos_token_id`:151645 for open-end generation.
Setting `pad_token_id` to `eos_token_id`:151645 for open-end generation.
Setting `pad_token_id` to `eos_token_id`:151645 for open-end generation.
Setting `pad_token_id` to `eos_token_id`:151645 for open-end generation.
Setting `pad_token_id` to `eos_token_id`:151645 for open-end generation.
Setting `pad_token_id` to `eos_token_id`:151645 for open-end generation.
Setting `pad_token_id` to `eos_token_id`:151645 for open-end generation.
Setting `pad_token_id` to `eos_token_id`:151645 for open-end generation.
Setting `pad_token_id` to `eos_token_id`:151645 for open-end generation.
Setting `pad_token_id` to `eos_token_id`:151645 for open-end generation.
  [hf] 200/200  parsed=200  gate_hits=71
[eval E3] n=200  parse=100.0%  iou@0.25=35.5%  mean_iou=0.227  center_std=22.8
[train] epoch 3 adapter -> experiments/2026-06-30-vlm-backbone-bakeoff/runs/internvl3-2b/lr0.0001/epoch3
[train] merging LoRA adapter into base weights...
/home/gara/jetson/.venv-ft/lib/python3.12/site-packages/peft/tuners/tuners_utils.py:683: UserWarning: Input and output embeddings are no longer tied after merging. Setting `tie_word_embeddings=False` in the model config.
  warnings.warn(
[train] merged checkpoint -> experiments/2026-06-30-vlm-backbone-bakeoff/runs/internvl3-2b/lr0.0001
[train] manifest -> runs/20260630T160114Z
[run_arm] lr=0.0001  best in-loop IoU@0.25=37.0%

===== arm internvl3-2b  lr=0.0002  ->  experiments/2026-06-30-vlm-backbone-bakeoff/runs/internvl3-2b/lr0.0002 =====
[train] device=cuda  effective_batch=16  model=OpenGVLab/InternVL3-2B-hf  res=1024
[train] loading processor + model...
trainable params: 20,824,064 || all params: 2,109,781,504 || trainable%: 0.9870
[train] gradient checkpointing ON
[train] loading data: refdrone:train / refdrone:val
[train] 4101 train / 439 val samples
/home/gara/jetson/.venv-ft/lib/python3.12/site-packages/torch/utils/checkpoint.py:87: UserWarning: None of the inputs have requires_grad=True. Gradients will be None
  warnings.warn(
  E1 step 0/4101  loss=2.2637  lr=2.00e-04  0s
  E1 step 50/4101  loss=1.5089  lr=2.00e-04  53s
  E1 step 100/4101  loss=1.1357  lr=2.00e-04  107s
  E1 step 150/4101  loss=0.9866  lr=2.00e-04  153s
  E1 step 200/4101  loss=1.2799  lr=2.00e-04  195s
  E1 step 250/4101  loss=0.9761  lr=2.00e-04  242s
  E1 step 300/4101  loss=0.9393  lr=2.00e-04  293s
  E1 step 350/4101  loss=0.8601  lr=2.00e-04  345s
  E1 step 400/4101  loss=1.0902  lr=1.99e-04  394s
  E1 step 450/4101  loss=1.1440  lr=1.99e-04  439s
  E1 step 500/4101  loss=0.8895  lr=1.99e-04  490s
  E1 step 550/4101  loss=1.0167  lr=1.99e-04  541s
  E1 step 600/4101  loss=1.0013  lr=1.99e-04  589s
  E1 step 650/4101  loss=1.1678  lr=1.99e-04  635s
  E1 step 700/4101  loss=0.9716  lr=1.98e-04  679s
  E1 step 750/4101  loss=0.9522  lr=1.98e-04  725s
  E1 step 800/4101  loss=1.0636  lr=1.98e-04  777s
  E1 step 850/4101  loss=1.1408  lr=1.98e-04  822s
  E1 step 900/4101  loss=0.9506  lr=1.97e-04  874s
  E1 step 950/4101  loss=1.0437  lr=1.97e-04  921s
  E1 step 1000/4101  loss=0.9426  lr=1.97e-04  963s
  E1 step 1050/4101  loss=0.7345  lr=1.96e-04  1011s
  E1 step 1100/4101  loss=0.8745  lr=1.96e-04  1056s
  E1 step 1150/4101  loss=0.7582  lr=1.96e-04  1105s
  E1 step 1200/4101  loss=0.8588  lr=1.95e-04  1152s
  E1 step 1250/4101  loss=0.7974  lr=1.95e-04  1204s
  E1 step 1300/4101  loss=1.0163  lr=1.95e-04  1254s
  E1 step 1350/4101  loss=0.7458  lr=1.94e-04  1303s
  E1 step 1400/4101  loss=1.4364  lr=1.94e-04  1346s
  E1 step 1450/4101  loss=1.1352  lr=1.93e-04  1388s
  E1 step 1500/4101  loss=0.9609  lr=1.93e-04  1435s
  E1 step 1550/4101  loss=0.8066  lr=1.92e-04  1479s
  E1 step 1600/4101  loss=0.9631  lr=1.92e-04  1535s
  E1 step 1650/4101  loss=0.5717  lr=1.91e-04  1585s
  E1 step 1700/4101  loss=0.7108  lr=1.91e-04  1624s
  E1 step 1750/4101  loss=0.7353  lr=1.90e-04  1671s
  E1 step 1800/4101  loss=0.6411  lr=1.90e-04  1720s
  E1 step 1850/4101  loss=0.8769  lr=1.89e-04  1769s
  E1 step 1900/4101  loss=1.1664  lr=1.89e-04  1821s
  E1 step 1950/4101  loss=0.7980  lr=1.88e-04  1869s
  E1 step 2000/4101  loss=0.8190  lr=1.87e-04  1914s
  E1 step 2050/4101  loss=0.7501  lr=1.87e-04  1956s
  E1 step 2100/4101  loss=0.8484  lr=1.86e-04  2004s
  E1 step 2150/4101  loss=0.7368  lr=1.85e-04  2051s
  E1 step 2200/4101  loss=0.8358  lr=1.85e-04  2099s
  E1 step 2250/4101  loss=1.0066  lr=1.84e-04  2143s
  E1 step 2300/4101  loss=0.8068  lr=1.83e-04  2188s
  E1 step 2350/4101  loss=0.8672  lr=1.83e-04  2238s
  E1 step 2400/4101  loss=0.8427  lr=1.82e-04  2291s
  E1 step 2450/4101  loss=0.6690  lr=1.81e-04  2332s
  E1 step 2500/4101  loss=0.7801  lr=1.80e-04  2377s
  E1 step 2550/4101  loss=0.9258  lr=1.80e-04  2422s
  E1 step 2600/4101  loss=0.9015  lr=1.79e-04  2464s
  E1 step 2650/4101  loss=1.0281  lr=1.78e-04  2515s
  E1 step 2700/4101  loss=1.2015  lr=1.77e-04  2561s
  E1 step 2750/4101  loss=0.9556  lr=1.77e-04  2609s
  E1 step 2800/4101  loss=0.7046  lr=1.75e-04  2657s
  E1 step 2850/4101  loss=0.8888  lr=1.75e-04  2701s
  E1 step 2900/4101  loss=1.1588  lr=1.74e-04  2745s
  E1 step 2950/4101  loss=0.8503  lr=1.73e-04  2798s
  E1 step 3000/4101  loss=1.1214  lr=1.72e-04  2842s
  E1 step 3050/4101  loss=0.9575  lr=1.71e-04  2893s
  E1 step 3100/4101  loss=0.9549  lr=1.70e-04  2943s
  E1 step 3150/4101  loss=1.0321  lr=1.70e-04  2985s
  E1 step 3200/4101  loss=0.9309  lr=1.68e-04  3032s
  E1 step 3250/4101  loss=0.8986  lr=1.67e-04  3078s
  E1 step 3300/4101  loss=1.1846  lr=1.67e-04  3121s
  E1 step 3350/4101  loss=0.8516  lr=1.66e-04  3167s
  E1 step 3400/4101  loss=0.8302  lr=1.65e-04  3221s
  E1 step 3450/4101  loss=0.9213  lr=1.64e-04  3270s
  E1 step 3500/4101  loss=0.7705  lr=1.63e-04  3318s
  E1 step 3550/4101  loss=0.7549  lr=1.62e-04  3368s
  E1 step 3600/4101  loss=0.7779  lr=1.61e-04  3413s
  E1 step 3650/4101  loss=0.6160  lr=1.60e-04  3464s
  E1 step 3700/4101  loss=0.7034  lr=1.59e-04  3512s
  E1 step 3750/4101  loss=0.8408  lr=1.58e-04  3558s
  E1 step 3800/4101  loss=0.9863  lr=1.57e-04  3599s
  E1 step 3850/4101  loss=0.9298  lr=1.56e-04  3650s
  E1 step 3900/4101  loss=0.7427  lr=1.55e-04  3709s
  E1 step 3950/4101  loss=1.0206  lr=1.53e-04  3752s
  E1 step 4000/4101  loss=0.6587  lr=1.52e-04  3798s
  E1 step 4050/4101  loss=0.7435  lr=1.51e-04  3838s
  E1 step 4100/4101  loss=1.0459  lr=1.50e-04  3892s
[epoch 1] mean_loss=0.9501  (3892s)
Setting `pad_token_id` to `eos_token_id`:151645 for open-end generation.
Setting `pad_token_id` to `eos_token_id`:151645 for open-end generation.
Setting `pad_token_id` to `eos_token_id`:151645 for open-end generation.
Setting `pad_token_id` to `eos_token_id`:151645 for open-end generation.
Setting `pad_token_id` to `eos_token_id`:151645 for open-end generation.
Setting `pad_token_id` to `eos_token_id`:151645 for open-end generation.
Setting `pad_token_id` to `eos_token_id`:151645 for open-end generation.
Setting `pad_token_id` to `eos_token_id`:151645 for open-end generation.
Setting `pad_token_id` to `eos_token_id`:151645 for open-end generation.
Setting `pad_token_id` to `eos_token_id`:151645 for open-end generation.
Setting `pad_token_id` to `eos_token_id`:151645 for open-end generation.
Setting `pad_token_id` to `eos_token_id`:151645 for open-end generation.
Setting `pad_token_id` to `eos_token_id`:151645 for open-end generation.
Setting `pad_token_id` to `eos_token_id`:151645 for open-end generation.
Setting `pad_token_id` to `eos_token_id`:151645 for open-end generation.
Setting `pad_token_id` to `eos_token_id`:151645 for open-end generation.
Setting `pad_token_id` to `eos_token_id`:151645 for open-end generation.
Setting `pad_token_id` to `eos_token_id`:151645 for open-end generation.
Setting `pad_token_id` to `eos_token_id`:151645 for open-end generation.
Setting `pad_token_id` to `eos_token_id`:151645 for open-end generation.
Setting `pad_token_id` to `eos_token_id`:151645 for open-end generation.
Setting `pad_token_id` to `eos_token_id`:151645 for open-end generation.
Setting `pad_token_id` to `eos_token_id`:151645 for open-end generation.
Setting `pad_token_id` to `eos_token_id`:151645 for open-end generation.
Setting `pad_token_id` to `eos_token_id`:151645 for open-end generation.
Setting `pad_token_id` to `eos_token_id`:151645 for open-end generation.
Setting `pad_token_id` to `eos_token_id`:151645 for open-end generation.
Setting `pad_token_id` to `eos_token_id`:151645 for open-end generation.
Setting `pad_token_id` to `eos_token_id`:151645 for open-end generation.
Setting `pad_token_id` to `eos_token_id`:151645 for open-end generation.
Setting `pad_token_id` to `eos_token_id`:151645 for open-end generation.
Setting `pad_token_id` to `eos_token_id`:151645 for open-end generation.
Setting `pad_token_id` to `eos_token_id`:151645 for open-end generation.
Setting `pad_token_id` to `eos_token_id`:151645 for open-end generation.
Setting `pad_token_id` to `eos_token_id`:151645 for open-end generation.
Setting `pad_token_id` to `eos_token_id`:151645 for open-end generation.
Setting `pad_token_id` to `eos_token_id`:151645 for open-end generation.
Setting `pad_token_id` to `eos_token_id`:151645 for open-end generation.
Setting `pad_token_id` to `eos_token_id`:151645 for open-end generation.
Setting `pad_token_id` to `eos_token_id`:151645 for open-end generation.
  [hf] 40/200  parsed=40  gate_hits=13
Setting `pad_token_id` to `eos_token_id`:151645 for open-end generation.
Setting `pad_token_id` to `eos_token_id`:151645 for open-end generation.
Setting `pad_token_id` to `eos_token_id`:151645 for open-end generation.
Setting `pad_token_id` to `eos_token_id`:151645 for open-end generation.
Setting `pad_token_id` to `eos_token_id`:151645 for open-end generation.
Setting `pad_token_id` to `eos_token_id`:151645 for open-end generation.
Setting `pad_token_id` to `eos_token_id`:151645 for open-end generation.
Setting `pad_token_id` to `eos_token_id`:151645 for open-end generation.
Setting `pad_token_id` to `eos_token_id`:151645 for open-end generation.
Setting `pad_token_id` to `eos_token_id`:151645 for open-end generation.
Setting `pad_token_id` to `eos_token_id`:151645 for open-end generation.
Setting `pad_token_id` to `eos_token_id`:151645 for open-end generation.
Setting `pad_token_id` to `eos_token_id`:151645 for open-end generation.
Setting `pad_token_id` to `eos_token_id`:151645 for open-end generation.
Setting `pad_token_id` to `eos_token_id`:151645 for open-end generation.
Setting `pad_token_id` to `eos_token_id`:151645 for open-end generation.
Setting `pad_token_id` to `eos_token_id`:151645 for open-end generation.
Setting `pad_token_id` to `eos_token_id`:151645 for open-end generation.
Setting `pad_token_id` to `eos_token_id`:151645 for open-end generation.
Setting `pad_token_id` to `eos_token_id`:151645 for open-end generation.
Setting `pad_token_id` to `eos_token_id`:151645 for open-end generation.
Setting `pad_token_id` to `eos_token_id`:151645 for open-end generation.
Setting `pad_token_id` to `eos_token_id`:151645 for open-end generation.
Setting `pad_token_id` to `eos_token_id`:151645 for open-end generation.
Setting `pad_token_id` to `eos_token_id`:151645 for open-end generation.
Setting `pad_token_id` to `eos_token_id`:151645 for open-end generation.
Setting `pad_token_id` to `eos_token_id`:151645 for open-end generation.
Setting `pad_token_id` to `eos_token_id`:151645 for open-end generation.
Setting `pad_token_id` to `eos_token_id`:151645 for open-end generation.
Setting `pad_token_id` to `eos_token_id`:151645 for open-end generation.
Setting `pad_token_id` to `eos_token_id`:151645 for open-end generation.
Setting `pad_token_id` to `eos_token_id`:151645 for open-end generation.
Setting `pad_token_id` to `eos_token_id`:151645 for open-end generation.
Setting `pad_token_id` to `eos_token_id`:151645 for open-end generation.
Setting `pad_token_id` to `eos_token_id`:151645 for open-end generation.
Setting `pad_token_id` to `eos_token_id`:151645 for open-end generation.
Setting `pad_token_id` to `eos_token_id`:151645 for open-end generation.
Setting `pad_token_id` to `eos_token_id`:151645 for open-end generation.
Setting `pad_token_id` to `eos_token_id`:151645 for open-end generation.
Setting `pad_token_id` to `eos_token_id`:151645 for open-end generation.
  [hf] 80/200  parsed=80  gate_hits=21
Setting `pad_token_id` to `eos_token_id`:151645 for open-end generation.
Setting `pad_token_id` to `eos_token_id`:151645 for open-end generation.
Setting `pad_token_id` to `eos_token_id`:151645 for open-end generation.
Setting `pad_token_id` to `eos_token_id`:151645 for open-end generation.
Setting `pad_token_id` to `eos_token_id`:151645 for open-end generation.
Setting `pad_token_id` to `eos_token_id`:151645 for open-end generation.
Setting `pad_token_id` to `eos_token_id`:151645 for open-end generation.
Setting `pad_token_id` to `eos_token_id`:151645 for open-end generation.
Setting `pad_token_id` to `eos_token_id`:151645 for open-end generation.
Setting `pad_token_id` to `eos_token_id`:151645 for open-end generation.
Setting `pad_token_id` to `eos_token_id`:151645 for open-end generation.
Setting `pad_token_id` to `eos_token_id`:151645 for open-end generation.
Setting `pad_token_id` to `eos_token_id`:151645 for open-end generation.
Setting `pad_token_id` to `eos_token_id`:151645 for open-end generation.
Setting `pad_token_id` to `eos_token_id`:151645 for open-end generation.
Setting `pad_token_id` to `eos_token_id`:151645 for open-end generation.
Setting `pad_token_id` to `eos_token_id`:151645 for open-end generation.
Setting `pad_token_id` to `eos_token_id`:151645 for open-end generation.
Setting `pad_token_id` to `eos_token_id`:151645 for open-end generation.
Setting `pad_token_id` to `eos_token_id`:151645 for open-end generation.
Setting `pad_token_id` to `eos_token_id`:151645 for open-end generation.
Setting `pad_token_id` to `eos_token_id`:151645 for open-end generation.
Setting `pad_token_id` to `eos_token_id`:151645 for open-end generation.
Setting `pad_token_id` to `eos_token_id`:151645 for open-end generation.
Setting `pad_token_id` to `eos_token_id`:151645 for open-end generation.
Setting `pad_token_id` to `eos_token_id`:151645 for open-end generation.
Setting `pad_token_id` to `eos_token_id`:151645 for open-end generation.
Setting `pad_token_id` to `eos_token_id`:151645 for open-end generation.
Setting `pad_token_id` to `eos_token_id`:151645 for open-end generation.
Setting `pad_token_id` to `eos_token_id`:151645 for open-end generation.
Setting `pad_token_id` to `eos_token_id`:151645 for open-end generation.
Setting `pad_token_id` to `eos_token_id`:151645 for open-end generation.
Setting `pad_token_id` to `eos_token_id`:151645 for open-end generation.
Setting `pad_token_id` to `eos_token_id`:151645 for open-end generation.
Setting `pad_token_id` to `eos_token_id`:151645 for open-end generation.
Setting `pad_token_id` to `eos_token_id`:151645 for open-end generation.
Setting `pad_token_id` to `eos_token_id`:151645 for open-end generation.
Setting `pad_token_id` to `eos_token_id`:151645 for open-end generation.
Setting `pad_token_id` to `eos_token_id`:151645 for open-end generation.
Setting `pad_token_id` to `eos_token_id`:151645 for open-end generation.
  [hf] 120/200  parsed=120  gate_hits=35
Setting `pad_token_id` to `eos_token_id`:151645 for open-end generation.
Setting `pad_token_id` to `eos_token_id`:151645 for open-end generation.
Setting `pad_token_id` to `eos_token_id`:151645 for open-end generation.
Setting `pad_token_id` to `eos_token_id`:151645 for open-end generation.
Setting `pad_token_id` to `eos_token_id`:151645 for open-end generation.
Setting `pad_token_id` to `eos_token_id`:151645 for open-end generation.
Setting `pad_token_id` to `eos_token_id`:151645 for open-end generation.
Setting `pad_token_id` to `eos_token_id`:151645 for open-end generation.
Setting `pad_token_id` to `eos_token_id`:151645 for open-end generation.
Setting `pad_token_id` to `eos_token_id`:151645 for open-end generation.
Setting `pad_token_id` to `eos_token_id`:151645 for open-end generation.
Setting `pad_token_id` to `eos_token_id`:151645 for open-end generation.
Setting `pad_token_id` to `eos_token_id`:151645 for open-end generation.
Setting `pad_token_id` to `eos_token_id`:151645 for open-end generation.
Setting `pad_token_id` to `eos_token_id`:151645 for open-end generation.
Setting `pad_token_id` to `eos_token_id`:151645 for open-end generation.
Setting `pad_token_id` to `eos_token_id`:151645 for open-end generation.
Setting `pad_token_id` to `eos_token_id`:151645 for open-end generation.
Setting `pad_token_id` to `eos_token_id`:151645 for open-end generation.
Setting `pad_token_id` to `eos_token_id`:151645 for open-end generation.
Setting `pad_token_id` to `eos_token_id`:151645 for open-end generation.
Setting `pad_token_id` to `eos_token_id`:151645 for open-end generation.
Setting `pad_token_id` to `eos_token_id`:151645 for open-end generation.
Setting `pad_token_id` to `eos_token_id`:151645 for open-end generation.
Setting `pad_token_id` to `eos_token_id`:151645 for open-end generation.
Setting `pad_token_id` to `eos_token_id`:151645 for open-end generation.
Setting `pad_token_id` to `eos_token_id`:151645 for open-end generation.
Setting `pad_token_id` to `eos_token_id`:151645 for open-end generation.
Setting `pad_token_id` to `eos_token_id`:151645 for open-end generation.
Setting `pad_token_id` to `eos_token_id`:151645 for open-end generation.
Setting `pad_token_id` to `eos_token_id`:151645 for open-end generation.
Setting `pad_token_id` to `eos_token_id`:151645 for open-end generation.
Setting `pad_token_id` to `eos_token_id`:151645 for open-end generation.
Setting `pad_token_id` to `eos_token_id`:151645 for open-end generation.
Setting `pad_token_id` to `eos_token_id`:151645 for open-end generation.
Setting `pad_token_id` to `eos_token_id`:151645 for open-end generation.
Setting `pad_token_id` to `eos_token_id`:151645 for open-end generation.
Setting `pad_token_id` to `eos_token_id`:151645 for open-end generation.
Setting `pad_token_id` to `eos_token_id`:151645 for open-end generation.
Setting `pad_token_id` to `eos_token_id`:151645 for open-end generation.
  [hf] 160/200  parsed=160  gate_hits=46
Setting `pad_token_id` to `eos_token_id`:151645 for open-end generation.
Setting `pad_token_id` to `eos_token_id`:151645 for open-end generation.
Setting `pad_token_id` to `eos_token_id`:151645 for open-end generation.
Setting `pad_token_id` to `eos_token_id`:151645 for open-end generation.
Setting `pad_token_id` to `eos_token_id`:151645 for open-end generation.
Setting `pad_token_id` to `eos_token_id`:151645 for open-end generation.
Setting `pad_token_id` to `eos_token_id`:151645 for open-end generation.
Setting `pad_token_id` to `eos_token_id`:151645 for open-end generation.
Setting `pad_token_id` to `eos_token_id`:151645 for open-end generation.
Setting `pad_token_id` to `eos_token_id`:151645 for open-end generation.
Setting `pad_token_id` to `eos_token_id`:151645 for open-end generation.
Setting `pad_token_id` to `eos_token_id`:151645 for open-end generation.
Setting `pad_token_id` to `eos_token_id`:151645 for open-end generation.
Setting `pad_token_id` to `eos_token_id`:151645 for open-end generation.
Setting `pad_token_id` to `eos_token_id`:151645 for open-end generation.
Setting `pad_token_id` to `eos_token_id`:151645 for open-end generation.
Setting `pad_token_id` to `eos_token_id`:151645 for open-end generation.
Setting `pad_token_id` to `eos_token_id`:151645 for open-end generation.
Setting `pad_token_id` to `eos_token_id`:151645 for open-end generation.
Setting `pad_token_id` to `eos_token_id`:151645 for open-end generation.
Setting `pad_token_id` to `eos_token_id`:151645 for open-end generation.
Setting `pad_token_id` to `eos_token_id`:151645 for open-end generation.
Setting `pad_token_id` to `eos_token_id`:151645 for open-end generation.
Setting `pad_token_id` to `eos_token_id`:151645 for open-end generation.
Setting `pad_token_id` to `eos_token_id`:151645 for open-end generation.
Setting `pad_token_id` to `eos_token_id`:151645 for open-end generation.
Setting `pad_token_id` to `eos_token_id`:151645 for open-end generation.
Setting `pad_token_id` to `eos_token_id`:151645 for open-end generation.
Setting `pad_token_id` to `eos_token_id`:151645 for open-end generation.
Setting `pad_token_id` to `eos_token_id`:151645 for open-end generation.
Setting `pad_token_id` to `eos_token_id`:151645 for open-end generation.
Setting `pad_token_id` to `eos_token_id`:151645 for open-end generation.
Setting `pad_token_id` to `eos_token_id`:151645 for open-end generation.
Setting `pad_token_id` to `eos_token_id`:151645 for open-end generation.
Setting `pad_token_id` to `eos_token_id`:151645 for open-end generation.
Setting `pad_token_id` to `eos_token_id`:151645 for open-end generation.
Setting `pad_token_id` to `eos_token_id`:151645 for open-end generation.
Setting `pad_token_id` to `eos_token_id`:151645 for open-end generation.
Setting `pad_token_id` to `eos_token_id`:151645 for open-end generation.
Setting `pad_token_id` to `eos_token_id`:151645 for open-end generation.
  [hf] 200/200  parsed=200  gate_hits=55
[eval E1] n=200  parse=100.0%  iou@0.25=27.5%  mean_iou=0.160  center_std=24.5
[train] epoch 1 adapter -> experiments/2026-06-30-vlm-backbone-bakeoff/runs/internvl3-2b/lr0.0002/epoch1
  E2 step 0/4101  loss=0.7785  lr=1.50e-04  4018s
  E2 step 50/4101  loss=0.5575  lr=1.49e-04  4071s
  E2 step 100/4101  loss=0.6851  lr=1.48e-04  4118s
  E2 step 150/4101  loss=0.8108  lr=1.46e-04  4165s
  E2 step 200/4101  loss=0.6071  lr=1.45e-04  4208s
  E2 step 250/4101  loss=1.9498  lr=1.44e-04  4257s
  E2 step 300/4101  loss=0.7199  lr=1.43e-04  4297s
  E2 step 350/4101  loss=0.6727  lr=1.42e-04  4349s
  E2 step 400/4101  loss=0.7170  lr=1.41e-04  4392s
  E2 step 450/4101  loss=0.4857  lr=1.39e-04  4440s
  E2 step 500/4101  loss=0.9269  lr=1.38e-04  4488s
  E2 step 550/4101  loss=1.0818  lr=1.37e-04  4533s
  E2 step 600/4101  loss=0.6708  lr=1.36e-04  4578s
  E2 step 650/4101  loss=0.3703  lr=1.35e-04  4632s
  E2 step 700/4101  loss=0.8174  lr=1.34e-04  4681s
  E2 step 750/4101  loss=0.4866  lr=1.33e-04  4730s
  E2 step 800/4101  loss=0.6257  lr=1.31e-04  4775s
  E2 step 850/4101  loss=0.7097  lr=1.30e-04  4826s
  E2 step 900/4101  loss=0.7998  lr=1.29e-04  4873s
  E2 step 950/4101  loss=0.9598  lr=1.27e-04  4918s
  E2 step 1000/4101  loss=0.6066  lr=1.26e-04  4957s
  E2 step 1050/4101  loss=0.7481  lr=1.25e-04  5014s
  E2 step 1100/4101  loss=0.8971  lr=1.24e-04  5060s
  E2 step 1150/4101  loss=0.5797  lr=1.23e-04  5110s
  E2 step 1200/4101  loss=0.6796  lr=1.21e-04  5152s
  E2 step 1250/4101  loss=0.6679  lr=1.20e-04  5199s
  E2 step 1300/4101  loss=0.7760  lr=1.19e-04  5247s
  E2 step 1350/4101  loss=0.9312  lr=1.17e-04  5285s
  E2 step 1400/4101  loss=0.3820  lr=1.16e-04  5340s
  E2 step 1450/4101  loss=1.0263  lr=1.15e-04  5389s
  E2 step 1500/4101  loss=0.7650  lr=1.14e-04  5436s
  E2 step 1550/4101  loss=0.7628  lr=1.13e-04  5487s
  E2 step 1600/4101  loss=0.6004  lr=1.11e-04  5532s
  E2 step 1650/4101  loss=0.8349  lr=1.10e-04  5580s
  E2 step 1700/4101  loss=1.0155  lr=1.09e-04  5633s
  E2 step 1750/4101  loss=1.2089  lr=1.07e-04  5678s
  E2 step 1800/4101  loss=1.3414  lr=1.06e-04  5723s
  E2 step 1850/4101  loss=0.5147  lr=1.05e-04  5769s
  E2 step 1900/4101  loss=0.9093  lr=1.04e-04  5815s
  E2 step 1950/4101  loss=0.5641  lr=1.02e-04  5862s
  E2 step 2000/4101  loss=0.6606  lr=1.01e-04  5911s
  E2 step 2050/4101  loss=0.8361  lr=9.96e-05  5951s
  E2 step 2100/4101  loss=0.5516  lr=9.84e-05  5998s
  E2 step 2150/4101  loss=0.8045  lr=9.71e-05  6044s
  E2 step 2200/4101  loss=0.7131  lr=9.59e-05  6091s
  E2 step 2250/4101  loss=0.8845  lr=9.47e-05  6137s
  E2 step 2300/4101  loss=1.0613  lr=9.35e-05  6184s
  E2 step 2350/4101  loss=0.6923  lr=9.22e-05  6236s
  E2 step 2400/4101  loss=0.5662  lr=9.06e-05  6285s
  E2 step 2450/4101  loss=0.6273  lr=8.94e-05  6329s
  E2 step 2500/4101  loss=0.8767  lr=8.82e-05  6373s
  E2 step 2550/4101  loss=1.0985  lr=8.69e-05  6422s
  E2 step 2600/4101  loss=1.0916  lr=8.57e-05  6470s
  E2 step 2650/4101  loss=0.8768  lr=8.45e-05  6513s
  E2 step 2700/4101  loss=0.6978  lr=8.33e-05  6565s
  E2 step 2750/4101  loss=0.6917  lr=8.21e-05  6615s
  E2 step 2800/4101  loss=1.1726  lr=8.05e-05  6661s
  E2 step 2850/4101  loss=0.7466  lr=7.93e-05  6705s
  E2 step 2900/4101  loss=1.3575  lr=7.81e-05  6751s
  E2 step 2950/4101  loss=0.7648  lr=7.69e-05  6793s
  E2 step 3000/4101  loss=1.0370  lr=7.57e-05  6846s
  E2 step 3050/4101  loss=0.9619  lr=7.45e-05  6896s
  E2 step 3100/4101  loss=0.7102  lr=7.33e-05  6951s
  E2 step 3150/4101  loss=0.5816  lr=7.21e-05  7003s
  E2 step 3200/4101  loss=0.8457  lr=7.06e-05  7048s
  E2 step 3250/4101  loss=1.1902  lr=6.94e-05  7097s
  E2 step 3300/4101  loss=0.6422  lr=6.82e-05  7143s
  E2 step 3350/4101  loss=0.9334  lr=6.71e-05  7192s
  E2 step 3400/4101  loss=0.6233  lr=6.59e-05  7236s
  E2 step 3450/4101  loss=0.5940  lr=6.48e-05  7289s
  E2 step 3500/4101  loss=0.4449  lr=6.36e-05  7334s
  E2 step 3550/4101  loss=0.6810  lr=6.25e-05  7383s
  E2 step 3600/4101  loss=0.9082  lr=6.10e-05  7436s
  E2 step 3650/4101  loss=0.7782  lr=5.99e-05  7482s
  E2 step 3700/4101  loss=0.6535  lr=5.87e-05  7528s
  E2 step 3750/4101  loss=0.5617  lr=5.76e-05  7586s
  E2 step 3800/4101  loss=0.9228  lr=5.65e-05  7635s
  E2 step 3850/4101  loss=0.5554  lr=5.54e-05  7685s
  E2 step 3900/4101  loss=0.7648  lr=5.43e-05  7734s
  E2 step 3950/4101  loss=0.5318  lr=5.32e-05  7779s
  E2 step 4000/4101  loss=0.5722  lr=5.18e-05  7825s
  E2 step 4050/4101  loss=0.6866  lr=5.07e-05  7870s
  E2 step 4100/4101  loss=1.1393  lr=4.93e-05  7918s
[epoch 2] mean_loss=0.7794  (7918s)
Setting `pad_token_id` to `eos_token_id`:151645 for open-end generation.
Setting `pad_token_id` to `eos_token_id`:151645 for open-end generation.
Setting `pad_token_id` to `eos_token_id`:151645 for open-end generation.
Setting `pad_token_id` to `eos_token_id`:151645 for open-end generation.
Setting `pad_token_id` to `eos_token_id`:151645 for open-end generation.
Setting `pad_token_id` to `eos_token_id`:151645 for open-end generation.
Setting `pad_token_id` to `eos_token_id`:151645 for open-end generation.
Setting `pad_token_id` to `eos_token_id`:151645 for open-end generation.
Setting `pad_token_id` to `eos_token_id`:151645 for open-end generation.
Setting `pad_token_id` to `eos_token_id`:151645 for open-end generation.
Setting `pad_token_id` to `eos_token_id`:151645 for open-end generation.
Setting `pad_token_id` to `eos_token_id`:151645 for open-end generation.
Setting `pad_token_id` to `eos_token_id`:151645 for open-end generation.
Setting `pad_token_id` to `eos_token_id`:151645 for open-end generation.
Setting `pad_token_id` to `eos_token_id`:151645 for open-end generation.
Setting `pad_token_id` to `eos_token_id`:151645 for open-end generation.
Setting `pad_token_id` to `eos_token_id`:151645 for open-end generation.
Setting `pad_token_id` to `eos_token_id`:151645 for open-end generation.
Setting `pad_token_id` to `eos_token_id`:151645 for open-end generation.
Setting `pad_token_id` to `eos_token_id`:151645 for open-end generation.
Setting `pad_token_id` to `eos_token_id`:151645 for open-end generation.
Setting `pad_token_id` to `eos_token_id`:151645 for open-end generation.
Setting `pad_token_id` to `eos_token_id`:151645 for open-end generation.
Setting `pad_token_id` to `eos_token_id`:151645 for open-end generation.
Setting `pad_token_id` to `eos_token_id`:151645 for open-end generation.
Setting `pad_token_id` to `eos_token_id`:151645 for open-end generation.
Setting `pad_token_id` to `eos_token_id`:151645 for open-end generation.
Setting `pad_token_id` to `eos_token_id`:151645 for open-end generation.
Setting `pad_token_id` to `eos_token_id`:151645 for open-end generation.
Setting `pad_token_id` to `eos_token_id`:151645 for open-end generation.
Setting `pad_token_id` to `eos_token_id`:151645 for open-end generation.
Setting `pad_token_id` to `eos_token_id`:151645 for open-end generation.
Setting `pad_token_id` to `eos_token_id`:151645 for open-end generation.
Setting `pad_token_id` to `eos_token_id`:151645 for open-end generation.
Setting `pad_token_id` to `eos_token_id`:151645 for open-end generation.
Setting `pad_token_id` to `eos_token_id`:151645 for open-end generation.
Setting `pad_token_id` to `eos_token_id`:151645 for open-end generation.
Setting `pad_token_id` to `eos_token_id`:151645 for open-end generation.
Setting `pad_token_id` to `eos_token_id`:151645 for open-end generation.
Setting `pad_token_id` to `eos_token_id`:151645 for open-end generation.
  [hf] 40/200  parsed=40  gate_hits=11
Setting `pad_token_id` to `eos_token_id`:151645 for open-end generation.
Setting `pad_token_id` to `eos_token_id`:151645 for open-end generation.
Setting `pad_token_id` to `eos_token_id`:151645 for open-end generation.
Setting `pad_token_id` to `eos_token_id`:151645 for open-end generation.
Setting `pad_token_id` to `eos_token_id`:151645 for open-end generation.
Setting `pad_token_id` to `eos_token_id`:151645 for open-end generation.
Setting `pad_token_id` to `eos_token_id`:151645 for open-end generation.
Setting `pad_token_id` to `eos_token_id`:151645 for open-end generation.
Setting `pad_token_id` to `eos_token_id`:151645 for open-end generation.
Setting `pad_token_id` to `eos_token_id`:151645 for open-end generation.
Setting `pad_token_id` to `eos_token_id`:151645 for open-end generation.
Setting `pad_token_id` to `eos_token_id`:151645 for open-end generation.
Setting `pad_token_id` to `eos_token_id`:151645 for open-end generation.
Setting `pad_token_id` to `eos_token_id`:151645 for open-end generation.
Setting `pad_token_id` to `eos_token_id`:151645 for open-end generation.
Setting `pad_token_id` to `eos_token_id`:151645 for open-end generation.
Setting `pad_token_id` to `eos_token_id`:151645 for open-end generation.
Setting `pad_token_id` to `eos_token_id`:151645 for open-end generation.
Setting `pad_token_id` to `eos_token_id`:151645 for open-end generation.
Setting `pad_token_id` to `eos_token_id`:151645 for open-end generation.
Setting `pad_token_id` to `eos_token_id`:151645 for open-end generation.
Setting `pad_token_id` to `eos_token_id`:151645 for open-end generation.
Setting `pad_token_id` to `eos_token_id`:151645 for open-end generation.
Setting `pad_token_id` to `eos_token_id`:151645 for open-end generation.
Setting `pad_token_id` to `eos_token_id`:151645 for open-end generation.
Setting `pad_token_id` to `eos_token_id`:151645 for open-end generation.
Setting `pad_token_id` to `eos_token_id`:151645 for open-end generation.
Setting `pad_token_id` to `eos_token_id`:151645 for open-end generation.
Setting `pad_token_id` to `eos_token_id`:151645 for open-end generation.
Setting `pad_token_id` to `eos_token_id`:151645 for open-end generation.
Setting `pad_token_id` to `eos_token_id`:151645 for open-end generation.
Setting `pad_token_id` to `eos_token_id`:151645 for open-end generation.
Setting `pad_token_id` to `eos_token_id`:151645 for open-end generation.
Setting `pad_token_id` to `eos_token_id`:151645 for open-end generation.
Setting `pad_token_id` to `eos_token_id`:151645 for open-end generation.
Setting `pad_token_id` to `eos_token_id`:151645 for open-end generation.
Setting `pad_token_id` to `eos_token_id`:151645 for open-end generation.
Setting `pad_token_id` to `eos_token_id`:151645 for open-end generation.
Setting `pad_token_id` to `eos_token_id`:151645 for open-end generation.
Setting `pad_token_id` to `eos_token_id`:151645 for open-end generation.
  [hf] 80/200  parsed=80  gate_hits=28
Setting `pad_token_id` to `eos_token_id`:151645 for open-end generation.
Setting `pad_token_id` to `eos_token_id`:151645 for open-end generation.
Setting `pad_token_id` to `eos_token_id`:151645 for open-end generation.
Setting `pad_token_id` to `eos_token_id`:151645 for open-end generation.
Setting `pad_token_id` to `eos_token_id`:151645 for open-end generation.
Setting `pad_token_id` to `eos_token_id`:151645 for open-end generation.
Setting `pad_token_id` to `eos_token_id`:151645 for open-end generation.
Setting `pad_token_id` to `eos_token_id`:151645 for open-end generation.
Setting `pad_token_id` to `eos_token_id`:151645 for open-end generation.
Setting `pad_token_id` to `eos_token_id`:151645 for open-end generation.
Setting `pad_token_id` to `eos_token_id`:151645 for open-end generation.
Setting `pad_token_id` to `eos_token_id`:151645 for open-end generation.
Setting `pad_token_id` to `eos_token_id`:151645 for open-end generation.
Setting `pad_token_id` to `eos_token_id`:151645 for open-end generation.
Setting `pad_token_id` to `eos_token_id`:151645 for open-end generation.
Setting `pad_token_id` to `eos_token_id`:151645 for open-end generation.
Setting `pad_token_id` to `eos_token_id`:151645 for open-end generation.
Setting `pad_token_id` to `eos_token_id`:151645 for open-end generation.
Setting `pad_token_id` to `eos_token_id`:151645 for open-end generation.
Setting `pad_token_id` to `eos_token_id`:151645 for open-end generation.
Setting `pad_token_id` to `eos_token_id`:151645 for open-end generation.
Setting `pad_token_id` to `eos_token_id`:151645 for open-end generation.
Setting `pad_token_id` to `eos_token_id`:151645 for open-end generation.
Setting `pad_token_id` to `eos_token_id`:151645 for open-end generation.
Setting `pad_token_id` to `eos_token_id`:151645 for open-end generation.
Setting `pad_token_id` to `eos_token_id`:151645 for open-end generation.
Setting `pad_token_id` to `eos_token_id`:151645 for open-end generation.
Setting `pad_token_id` to `eos_token_id`:151645 for open-end generation.
Setting `pad_token_id` to `eos_token_id`:151645 for open-end generation.
Setting `pad_token_id` to `eos_token_id`:151645 for open-end generation.
Setting `pad_token_id` to `eos_token_id`:151645 for open-end generation.
Setting `pad_token_id` to `eos_token_id`:151645 for open-end generation.
Setting `pad_token_id` to `eos_token_id`:151645 for open-end generation.
Setting `pad_token_id` to `eos_token_id`:151645 for open-end generation.
Setting `pad_token_id` to `eos_token_id`:151645 for open-end generation.
Setting `pad_token_id` to `eos_token_id`:151645 for open-end generation.
Setting `pad_token_id` to `eos_token_id`:151645 for open-end generation.
Setting `pad_token_id` to `eos_token_id`:151645 for open-end generation.
Setting `pad_token_id` to `eos_token_id`:151645 for open-end generation.
Setting `pad_token_id` to `eos_token_id`:151645 for open-end generation.
  [hf] 120/200  parsed=120  gate_hits=47
Setting `pad_token_id` to `eos_token_id`:151645 for open-end generation.
Setting `pad_token_id` to `eos_token_id`:151645 for open-end generation.
Setting `pad_token_id` to `eos_token_id`:151645 for open-end generation.
Setting `pad_token_id` to `eos_token_id`:151645 for open-end generation.
Setting `pad_token_id` to `eos_token_id`:151645 for open-end generation.
Setting `pad_token_id` to `eos_token_id`:151645 for open-end generation.
Setting `pad_token_id` to `eos_token_id`:151645 for open-end generation.
Setting `pad_token_id` to `eos_token_id`:151645 for open-end generation.
Setting `pad_token_id` to `eos_token_id`:151645 for open-end generation.
Setting `pad_token_id` to `eos_token_id`:151645 for open-end generation.
Setting `pad_token_id` to `eos_token_id`:151645 for open-end generation.
Setting `pad_token_id` to `eos_token_id`:151645 for open-end generation.
Setting `pad_token_id` to `eos_token_id`:151645 for open-end generation.
Setting `pad_token_id` to `eos_token_id`:151645 for open-end generation.
Setting `pad_token_id` to `eos_token_id`:151645 for open-end generation.
Setting `pad_token_id` to `eos_token_id`:151645 for open-end generation.
Setting `pad_token_id` to `eos_token_id`:151645 for open-end generation.
Setting `pad_token_id` to `eos_token_id`:151645 for open-end generation.
Setting `pad_token_id` to `eos_token_id`:151645 for open-end generation.
Setting `pad_token_id` to `eos_token_id`:151645 for open-end generation.
Setting `pad_token_id` to `eos_token_id`:151645 for open-end generation.
Setting `pad_token_id` to `eos_token_id`:151645 for open-end generation.
Setting `pad_token_id` to `eos_token_id`:151645 for open-end generation.
Setting `pad_token_id` to `eos_token_id`:151645 for open-end generation.
Setting `pad_token_id` to `eos_token_id`:151645 for open-end generation.
Setting `pad_token_id` to `eos_token_id`:151645 for open-end generation.
Setting `pad_token_id` to `eos_token_id`:151645 for open-end generation.
Setting `pad_token_id` to `eos_token_id`:151645 for open-end generation.
Setting `pad_token_id` to `eos_token_id`:151645 for open-end generation.
Setting `pad_token_id` to `eos_token_id`:151645 for open-end generation.
Setting `pad_token_id` to `eos_token_id`:151645 for open-end generation.
Setting `pad_token_id` to `eos_token_id`:151645 for open-end generation.
Setting `pad_token_id` to `eos_token_id`:151645 for open-end generation.
Setting `pad_token_id` to `eos_token_id`:151645 for open-end generation.
Setting `pad_token_id` to `eos_token_id`:151645 for open-end generation.
Setting `pad_token_id` to `eos_token_id`:151645 for open-end generation.
Setting `pad_token_id` to `eos_token_id`:151645 for open-end generation.
Setting `pad_token_id` to `eos_token_id`:151645 for open-end generation.
Setting `pad_token_id` to `eos_token_id`:151645 for open-end generation.
Setting `pad_token_id` to `eos_token_id`:151645 for open-end generation.
  [hf] 160/200  parsed=160  gate_hits=61
Setting `pad_token_id` to `eos_token_id`:151645 for open-end generation.
Setting `pad_token_id` to `eos_token_id`:151645 for open-end generation.
Setting `pad_token_id` to `eos_token_id`:151645 for open-end generation.
Setting `pad_token_id` to `eos_token_id`:151645 for open-end generation.
Setting `pad_token_id` to `eos_token_id`:151645 for open-end generation.
Setting `pad_token_id` to `eos_token_id`:151645 for open-end generation.
Setting `pad_token_id` to `eos_token_id`:151645 for open-end generation.
Setting `pad_token_id` to `eos_token_id`:151645 for open-end generation.
Setting `pad_token_id` to `eos_token_id`:151645 for open-end generation.
Setting `pad_token_id` to `eos_token_id`:151645 for open-end generation.
Setting `pad_token_id` to `eos_token_id`:151645 for open-end generation.
Setting `pad_token_id` to `eos_token_id`:151645 for open-end generation.
Setting `pad_token_id` to `eos_token_id`:151645 for open-end generation.
Setting `pad_token_id` to `eos_token_id`:151645 for open-end generation.
Setting `pad_token_id` to `eos_token_id`:151645 for open-end generation.
Setting `pad_token_id` to `eos_token_id`:151645 for open-end generation.
Setting `pad_token_id` to `eos_token_id`:151645 for open-end generation.
Setting `pad_token_id` to `eos_token_id`:151645 for open-end generation.
Setting `pad_token_id` to `eos_token_id`:151645 for open-end generation.
Setting `pad_token_id` to `eos_token_id`:151645 for open-end generation.
Setting `pad_token_id` to `eos_token_id`:151645 for open-end generation.
Setting `pad_token_id` to `eos_token_id`:151645 for open-end generation.
Setting `pad_token_id` to `eos_token_id`:151645 for open-end generation.
Setting `pad_token_id` to `eos_token_id`:151645 for open-end generation.
Setting `pad_token_id` to `eos_token_id`:151645 for open-end generation.
Setting `pad_token_id` to `eos_token_id`:151645 for open-end generation.
Setting `pad_token_id` to `eos_token_id`:151645 for open-end generation.
Setting `pad_token_id` to `eos_token_id`:151645 for open-end generation.
Setting `pad_token_id` to `eos_token_id`:151645 for open-end generation.
Setting `pad_token_id` to `eos_token_id`:151645 for open-end generation.
Setting `pad_token_id` to `eos_token_id`:151645 for open-end generation.
Setting `pad_token_id` to `eos_token_id`:151645 for open-end generation.
Setting `pad_token_id` to `eos_token_id`:151645 for open-end generation.
Setting `pad_token_id` to `eos_token_id`:151645 for open-end generation.
Setting `pad_token_id` to `eos_token_id`:151645 for open-end generation.
Setting `pad_token_id` to `eos_token_id`:151645 for open-end generation.
Setting `pad_token_id` to `eos_token_id`:151645 for open-end generation.
Setting `pad_token_id` to `eos_token_id`:151645 for open-end generation.
Setting `pad_token_id` to `eos_token_id`:151645 for open-end generation.
Setting `pad_token_id` to `eos_token_id`:151645 for open-end generation.
  [hf] 200/200  parsed=200  gate_hits=73
[eval E2] n=200  parse=100.0%  iou@0.25=36.5%  mean_iou=0.239  center_std=21.6
[train] epoch 2 adapter -> experiments/2026-06-30-vlm-backbone-bakeoff/runs/internvl3-2b/lr0.0002/epoch2
  E3 step 0/4101  loss=0.8851  lr=4.93e-05  8045s
  E3 step 50/4101  loss=0.5637  lr=4.82e-05  8086s
  E3 step 100/4101  loss=0.8285  lr=4.72e-05  8130s
  E3 step 150/4101  loss=0.7264  lr=4.62e-05  8181s
  E3 step 200/4101  loss=0.7182  lr=4.51e-05  8232s
  E3 step 250/4101  loss=0.7454  lr=4.41e-05  8274s
  E3 step 300/4101  loss=0.6917  lr=4.31e-05  8323s
  E3 step 350/4101  loss=0.6387  lr=4.21e-05  8367s
  E3 step 400/4101  loss=0.4318  lr=4.08e-05  8418s
  E3 step 450/4101  loss=0.5744  lr=3.98e-05  8461s
  E3 step 500/4101  loss=0.7388  lr=3.88e-05  8506s
  E3 step 550/4101  loss=1.4563  lr=3.78e-05  8559s
  E3 step 600/4101  loss=0.6694  lr=3.69e-05  8604s
  E3 step 650/4101  loss=0.4806  lr=3.59e-05  8651s
  E3 step 700/4101  loss=0.3049  lr=3.50e-05  8699s
  E3 step 750/4101  loss=1.1258  lr=3.41e-05  8743s
  E3 step 800/4101  loss=0.3419  lr=3.28e-05  8788s
  E3 step 850/4101  loss=0.8346  lr=3.19e-05  8835s
  E3 step 900/4101  loss=0.8662  lr=3.10e-05  8881s
  E3 step 950/4101  loss=1.2799  lr=3.02e-05  8928s
  E3 step 1000/4101  loss=0.9249  lr=2.93e-05  8975s
  E3 step 1050/4101  loss=0.8248  lr=2.84e-05  9019s
  E3 step 1100/4101  loss=0.5689  lr=2.76e-05  9068s
  E3 step 1150/4101  loss=0.6378  lr=2.67e-05  9117s
  E3 step 1200/4101  loss=0.3595  lr=2.56e-05  9169s
  E3 step 1250/4101  loss=0.4582  lr=2.48e-05  9215s
  E3 step 1300/4101  loss=0.3587  lr=2.40e-05  9264s
  E3 step 1350/4101  loss=0.9040  lr=2.32e-05  9312s
  E3 step 1400/4101  loss=0.6617  lr=2.24e-05  9367s
  E3 step 1450/4101  loss=1.0122  lr=2.17e-05  9417s
  E3 step 1500/4101  loss=0.4105  lr=2.09e-05  9471s
  E3 step 1550/4101  loss=1.0353  lr=2.02e-05  9518s
  E3 step 1600/4101  loss=1.1836  lr=1.92e-05  9573s
  E3 step 1650/4101  loss=0.5493  lr=1.85e-05  9622s
  E3 step 1700/4101  loss=0.4029  lr=1.78e-05  9669s
  E3 step 1750/4101  loss=0.4441  lr=1.71e-05  9718s
  E3 step 1800/4101  loss=0.6393  lr=1.64e-05  9755s
  E3 step 1850/4101  loss=0.4827  lr=1.57e-05  9797s
  E3 step 1900/4101  loss=0.8862  lr=1.51e-05  9846s
  E3 step 1950/4101  loss=0.5611  lr=1.44e-05  9897s
  E3 step 2000/4101  loss=1.0062  lr=1.36e-05  9951s
  E3 step 2050/4101  loss=0.5587  lr=1.30e-05  9995s
  E3 step 2100/4101  loss=0.4520  lr=1.24e-05  10041s
  E3 step 2150/4101  loss=0.5557  lr=1.18e-05  10093s
  E3 step 2200/4101  loss=0.5972  lr=1.12e-05  10148s
  E3 step 2250/4101  loss=0.7512  lr=1.07e-05  10189s
  E3 step 2300/4101  loss=0.3927  lr=1.01e-05  10235s
  E3 step 2350/4101  loss=0.3840  lr=9.60e-06  10280s
  E3 step 2400/4101  loss=0.4856  lr=8.91e-06  10326s
  E3 step 2450/4101  loss=0.5198  lr=8.41e-06  10371s
  E3 step 2500/4101  loss=0.4853  lr=7.93e-06  10425s
  E3 step 2550/4101  loss=0.3693  lr=7.46e-06  10475s
  E3 step 2600/4101  loss=0.4185  lr=7.00e-06  10520s
  E3 step 2650/4101  loss=0.9538  lr=6.55e-06  10568s
  E3 step 2700/4101  loss=0.7046  lr=6.12e-06  10617s
  E3 step 2750/4101  loss=0.6273  lr=5.71e-06  10668s
  E3 step 2800/4101  loss=0.3452  lr=5.18e-06  10716s
  E3 step 2850/4101  loss=1.2642  lr=4.79e-06  10762s
  E3 step 2900/4101  loss=0.8804  lr=4.43e-06  10804s
  E3 step 2950/4101  loss=0.7456  lr=4.07e-06  10855s
  E3 step 3000/4101  loss=1.1050  lr=3.73e-06  10897s
  E3 step 3050/4101  loss=0.1762  lr=3.41e-06  10943s
  E3 step 3100/4101  loss=0.6434  lr=3.10e-06  10995s
  E3 step 3150/4101  loss=0.6716  lr=2.80e-06  11041s
  E3 step 3200/4101  loss=1.0186  lr=2.43e-06  11090s
  E3 step 3250/4101  loss=0.5391  lr=2.17e-06  11143s
  E3 step 3300/4101  loss=0.3781  lr=1.92e-06  11187s
  E3 step 3350/4101  loss=0.8334  lr=1.69e-06  11232s
  E3 step 3400/4101  loss=0.4616  lr=1.47e-06  11286s
  E3 step 3450/4101  loss=0.4351  lr=1.27e-06  11330s
  E3 step 3500/4101  loss=0.6793  lr=1.08e-06  11375s
  E3 step 3550/4101  loss=1.2106  lr=9.10e-07  11423s
  E3 step 3600/4101  loss=0.5319  lr=7.03e-07  11480s
  E3 step 3650/4101  loss=0.6644  lr=5.65e-07  11528s
  E3 step 3700/4101  loss=0.7399  lr=4.42e-07  11578s
  E3 step 3750/4101  loss=1.4413  lr=3.34e-07  11627s
  E3 step 3800/4101  loss=0.4744  lr=2.42e-07  11676s
  E3 step 3850/4101  loss=0.8024  lr=1.64e-07  11722s
  E3 step 3900/4101  loss=0.6362  lr=1.01e-07  11767s
  E3 step 3950/4101  loss=0.7206  lr=5.35e-08  11818s
  E3 step 4000/4101  loss=0.6551  lr=1.34e-08  11864s
  E3 step 4050/4101  loss=0.4110  lr=8.37e-10  11919s
  E3 step 4100/4101  loss=1.2616  lr=7.53e-09  11963s
[epoch 3] mean_loss=0.6373  (11963s)
Setting `pad_token_id` to `eos_token_id`:151645 for open-end generation.
Setting `pad_token_id` to `eos_token_id`:151645 for open-end generation.
Setting `pad_token_id` to `eos_token_id`:151645 for open-end generation.
Setting `pad_token_id` to `eos_token_id`:151645 for open-end generation.
Setting `pad_token_id` to `eos_token_id`:151645 for open-end generation.
Setting `pad_token_id` to `eos_token_id`:151645 for open-end generation.
Setting `pad_token_id` to `eos_token_id`:151645 for open-end generation.
Setting `pad_token_id` to `eos_token_id`:151645 for open-end generation.
Setting `pad_token_id` to `eos_token_id`:151645 for open-end generation.
Setting `pad_token_id` to `eos_token_id`:151645 for open-end generation.
Setting `pad_token_id` to `eos_token_id`:151645 for open-end generation.
Setting `pad_token_id` to `eos_token_id`:151645 for open-end generation.
Setting `pad_token_id` to `eos_token_id`:151645 for open-end generation.
Setting `pad_token_id` to `eos_token_id`:151645 for open-end generation.
Setting `pad_token_id` to `eos_token_id`:151645 for open-end generation.
Setting `pad_token_id` to `eos_token_id`:151645 for open-end generation.
Setting `pad_token_id` to `eos_token_id`:151645 for open-end generation.
Setting `pad_token_id` to `eos_token_id`:151645 for open-end generation.
Setting `pad_token_id` to `eos_token_id`:151645 for open-end generation.
Setting `pad_token_id` to `eos_token_id`:151645 for open-end generation.
Setting `pad_token_id` to `eos_token_id`:151645 for open-end generation.
Setting `pad_token_id` to `eos_token_id`:151645 for open-end generation.
Setting `pad_token_id` to `eos_token_id`:151645 for open-end generation.
Setting `pad_token_id` to `eos_token_id`:151645 for open-end generation.
Setting `pad_token_id` to `eos_token_id`:151645 for open-end generation.
Setting `pad_token_id` to `eos_token_id`:151645 for open-end generation.
Setting `pad_token_id` to `eos_token_id`:151645 for open-end generation.
Setting `pad_token_id` to `eos_token_id`:151645 for open-end generation.
Setting `pad_token_id` to `eos_token_id`:151645 for open-end generation.
Setting `pad_token_id` to `eos_token_id`:151645 for open-end generation.
Setting `pad_token_id` to `eos_token_id`:151645 for open-end generation.
Setting `pad_token_id` to `eos_token_id`:151645 for open-end generation.
Setting `pad_token_id` to `eos_token_id`:151645 for open-end generation.
Setting `pad_token_id` to `eos_token_id`:151645 for open-end generation.
Setting `pad_token_id` to `eos_token_id`:151645 for open-end generation.
Setting `pad_token_id` to `eos_token_id`:151645 for open-end generation.
Setting `pad_token_id` to `eos_token_id`:151645 for open-end generation.
Setting `pad_token_id` to `eos_token_id`:151645 for open-end generation.
Setting `pad_token_id` to `eos_token_id`:151645 for open-end generation.
Setting `pad_token_id` to `eos_token_id`:151645 for open-end generation.
  [hf] 40/200  parsed=40  gate_hits=16
Setting `pad_token_id` to `eos_token_id`:151645 for open-end generation.
Setting `pad_token_id` to `eos_token_id`:151645 for open-end generation.
Setting `pad_token_id` to `eos_token_id`:151645 for open-end generation.
Setting `pad_token_id` to `eos_token_id`:151645 for open-end generation.
Setting `pad_token_id` to `eos_token_id`:151645 for open-end generation.
Setting `pad_token_id` to `eos_token_id`:151645 for open-end generation.
Setting `pad_token_id` to `eos_token_id`:151645 for open-end generation.
Setting `pad_token_id` to `eos_token_id`:151645 for open-end generation.
Setting `pad_token_id` to `eos_token_id`:151645 for open-end generation.
Setting `pad_token_id` to `eos_token_id`:151645 for open-end generation.
Setting `pad_token_id` to `eos_token_id`:151645 for open-end generation.
Setting `pad_token_id` to `eos_token_id`:151645 for open-end generation.
Setting `pad_token_id` to `eos_token_id`:151645 for open-end generation.
Setting `pad_token_id` to `eos_token_id`:151645 for open-end generation.
Setting `pad_token_id` to `eos_token_id`:151645 for open-end generation.
Setting `pad_token_id` to `eos_token_id`:151645 for open-end generation.
Setting `pad_token_id` to `eos_token_id`:151645 for open-end generation.
Setting `pad_token_id` to `eos_token_id`:151645 for open-end generation.
Setting `pad_token_id` to `eos_token_id`:151645 for open-end generation.
Setting `pad_token_id` to `eos_token_id`:151645 for open-end generation.
Setting `pad_token_id` to `eos_token_id`:151645 for open-end generation.
Setting `pad_token_id` to `eos_token_id`:151645 for open-end generation.
Setting `pad_token_id` to `eos_token_id`:151645 for open-end generation.
Setting `pad_token_id` to `eos_token_id`:151645 for open-end generation.
Setting `pad_token_id` to `eos_token_id`:151645 for open-end generation.
Setting `pad_token_id` to `eos_token_id`:151645 for open-end generation.
Setting `pad_token_id` to `eos_token_id`:151645 for open-end generation.
Setting `pad_token_id` to `eos_token_id`:151645 for open-end generation.
Setting `pad_token_id` to `eos_token_id`:151645 for open-end generation.
Setting `pad_token_id` to `eos_token_id`:151645 for open-end generation.
Setting `pad_token_id` to `eos_token_id`:151645 for open-end generation.
Setting `pad_token_id` to `eos_token_id`:151645 for open-end generation.
Setting `pad_token_id` to `eos_token_id`:151645 for open-end generation.
Setting `pad_token_id` to `eos_token_id`:151645 for open-end generation.
Setting `pad_token_id` to `eos_token_id`:151645 for open-end generation.
Setting `pad_token_id` to `eos_token_id`:151645 for open-end generation.
Setting `pad_token_id` to `eos_token_id`:151645 for open-end generation.
Setting `pad_token_id` to `eos_token_id`:151645 for open-end generation.
Setting `pad_token_id` to `eos_token_id`:151645 for open-end generation.
Setting `pad_token_id` to `eos_token_id`:151645 for open-end generation.
  [hf] 80/200  parsed=80  gate_hits=34
Setting `pad_token_id` to `eos_token_id`:151645 for open-end generation.
Setting `pad_token_id` to `eos_token_id`:151645 for open-end generation.
Setting `pad_token_id` to `eos_token_id`:151645 for open-end generation.
Setting `pad_token_id` to `eos_token_id`:151645 for open-end generation.
Setting `pad_token_id` to `eos_token_id`:151645 for open-end generation.
Setting `pad_token_id` to `eos_token_id`:151645 for open-end generation.
Setting `pad_token_id` to `eos_token_id`:151645 for open-end generation.
Setting `pad_token_id` to `eos_token_id`:151645 for open-end generation.
Setting `pad_token_id` to `eos_token_id`:151645 for open-end generation.
Setting `pad_token_id` to `eos_token_id`:151645 for open-end generation.
Setting `pad_token_id` to `eos_token_id`:151645 for open-end generation.
Setting `pad_token_id` to `eos_token_id`:151645 for open-end generation.
Setting `pad_token_id` to `eos_token_id`:151645 for open-end generation.
Setting `pad_token_id` to `eos_token_id`:151645 for open-end generation.
Setting `pad_token_id` to `eos_token_id`:151645 for open-end generation.
Setting `pad_token_id` to `eos_token_id`:151645 for open-end generation.
Setting `pad_token_id` to `eos_token_id`:151645 for open-end generation.
Setting `pad_token_id` to `eos_token_id`:151645 for open-end generation.
Setting `pad_token_id` to `eos_token_id`:151645 for open-end generation.
Setting `pad_token_id` to `eos_token_id`:151645 for open-end generation.
Setting `pad_token_id` to `eos_token_id`:151645 for open-end generation.
Setting `pad_token_id` to `eos_token_id`:151645 for open-end generation.
Setting `pad_token_id` to `eos_token_id`:151645 for open-end generation.
Setting `pad_token_id` to `eos_token_id`:151645 for open-end generation.
Setting `pad_token_id` to `eos_token_id`:151645 for open-end generation.
Setting `pad_token_id` to `eos_token_id`:151645 for open-end generation.
Setting `pad_token_id` to `eos_token_id`:151645 for open-end generation.
Setting `pad_token_id` to `eos_token_id`:151645 for open-end generation.
Setting `pad_token_id` to `eos_token_id`:151645 for open-end generation.
Setting `pad_token_id` to `eos_token_id`:151645 for open-end generation.
Setting `pad_token_id` to `eos_token_id`:151645 for open-end generation.
Setting `pad_token_id` to `eos_token_id`:151645 for open-end generation.
Setting `pad_token_id` to `eos_token_id`:151645 for open-end generation.
Setting `pad_token_id` to `eos_token_id`:151645 for open-end generation.
Setting `pad_token_id` to `eos_token_id`:151645 for open-end generation.
Setting `pad_token_id` to `eos_token_id`:151645 for open-end generation.
Setting `pad_token_id` to `eos_token_id`:151645 for open-end generation.
Setting `pad_token_id` to `eos_token_id`:151645 for open-end generation.
Setting `pad_token_id` to `eos_token_id`:151645 for open-end generation.
Setting `pad_token_id` to `eos_token_id`:151645 for open-end generation.
  [hf] 120/200  parsed=120  gate_hits=54
Setting `pad_token_id` to `eos_token_id`:151645 for open-end generation.
Setting `pad_token_id` to `eos_token_id`:151645 for open-end generation.
Setting `pad_token_id` to `eos_token_id`:151645 for open-end generation.
Setting `pad_token_id` to `eos_token_id`:151645 for open-end generation.
Setting `pad_token_id` to `eos_token_id`:151645 for open-end generation.
Setting `pad_token_id` to `eos_token_id`:151645 for open-end generation.
Setting `pad_token_id` to `eos_token_id`:151645 for open-end generation.
Setting `pad_token_id` to `eos_token_id`:151645 for open-end generation.
Setting `pad_token_id` to `eos_token_id`:151645 for open-end generation.
Setting `pad_token_id` to `eos_token_id`:151645 for open-end generation.
Setting `pad_token_id` to `eos_token_id`:151645 for open-end generation.
Setting `pad_token_id` to `eos_token_id`:151645 for open-end generation.
Setting `pad_token_id` to `eos_token_id`:151645 for open-end generation.
Setting `pad_token_id` to `eos_token_id`:151645 for open-end generation.
Setting `pad_token_id` to `eos_token_id`:151645 for open-end generation.
Setting `pad_token_id` to `eos_token_id`:151645 for open-end generation.
Setting `pad_token_id` to `eos_token_id`:151645 for open-end generation.
Setting `pad_token_id` to `eos_token_id`:151645 for open-end generation.
Setting `pad_token_id` to `eos_token_id`:151645 for open-end generation.
Setting `pad_token_id` to `eos_token_id`:151645 for open-end generation.
Setting `pad_token_id` to `eos_token_id`:151645 for open-end generation.
Setting `pad_token_id` to `eos_token_id`:151645 for open-end generation.
Setting `pad_token_id` to `eos_token_id`:151645 for open-end generation.
Setting `pad_token_id` to `eos_token_id`:151645 for open-end generation.
Setting `pad_token_id` to `eos_token_id`:151645 for open-end generation.
Setting `pad_token_id` to `eos_token_id`:151645 for open-end generation.
Setting `pad_token_id` to `eos_token_id`:151645 for open-end generation.
Setting `pad_token_id` to `eos_token_id`:151645 for open-end generation.
Setting `pad_token_id` to `eos_token_id`:151645 for open-end generation.
Setting `pad_token_id` to `eos_token_id`:151645 for open-end generation.
Setting `pad_token_id` to `eos_token_id`:151645 for open-end generation.
Setting `pad_token_id` to `eos_token_id`:151645 for open-end generation.
Setting `pad_token_id` to `eos_token_id`:151645 for open-end generation.
Setting `pad_token_id` to `eos_token_id`:151645 for open-end generation.
Setting `pad_token_id` to `eos_token_id`:151645 for open-end generation.
Setting `pad_token_id` to `eos_token_id`:151645 for open-end generation.
Setting `pad_token_id` to `eos_token_id`:151645 for open-end generation.
Setting `pad_token_id` to `eos_token_id`:151645 for open-end generation.
Setting `pad_token_id` to `eos_token_id`:151645 for open-end generation.
Setting `pad_token_id` to `eos_token_id`:151645 for open-end generation.
  [hf] 160/200  parsed=160  gate_hits=70
Setting `pad_token_id` to `eos_token_id`:151645 for open-end generation.
Setting `pad_token_id` to `eos_token_id`:151645 for open-end generation.
Setting `pad_token_id` to `eos_token_id`:151645 for open-end generation.
Setting `pad_token_id` to `eos_token_id`:151645 for open-end generation.
Setting `pad_token_id` to `eos_token_id`:151645 for open-end generation.
Setting `pad_token_id` to `eos_token_id`:151645 for open-end generation.
Setting `pad_token_id` to `eos_token_id`:151645 for open-end generation.
Setting `pad_token_id` to `eos_token_id`:151645 for open-end generation.
Setting `pad_token_id` to `eos_token_id`:151645 for open-end generation.
Setting `pad_token_id` to `eos_token_id`:151645 for open-end generation.
Setting `pad_token_id` to `eos_token_id`:151645 for open-end generation.
Setting `pad_token_id` to `eos_token_id`:151645 for open-end generation.
Setting `pad_token_id` to `eos_token_id`:151645 for open-end generation.
Setting `pad_token_id` to `eos_token_id`:151645 for open-end generation.
Setting `pad_token_id` to `eos_token_id`:151645 for open-end generation.
Setting `pad_token_id` to `eos_token_id`:151645 for open-end generation.
Setting `pad_token_id` to `eos_token_id`:151645 for open-end generation.
Setting `pad_token_id` to `eos_token_id`:151645 for open-end generation.
Setting `pad_token_id` to `eos_token_id`:151645 for open-end generation.
Setting `pad_token_id` to `eos_token_id`:151645 for open-end generation.
Setting `pad_token_id` to `eos_token_id`:151645 for open-end generation.
Setting `pad_token_id` to `eos_token_id`:151645 for open-end generation.
Setting `pad_token_id` to `eos_token_id`:151645 for open-end generation.
Setting `pad_token_id` to `eos_token_id`:151645 for open-end generation.
Setting `pad_token_id` to `eos_token_id`:151645 for open-end generation.
Setting `pad_token_id` to `eos_token_id`:151645 for open-end generation.
Setting `pad_token_id` to `eos_token_id`:151645 for open-end generation.
Setting `pad_token_id` to `eos_token_id`:151645 for open-end generation.
Setting `pad_token_id` to `eos_token_id`:151645 for open-end generation.
Setting `pad_token_id` to `eos_token_id`:151645 for open-end generation.
Setting `pad_token_id` to `eos_token_id`:151645 for open-end generation.
Setting `pad_token_id` to `eos_token_id`:151645 for open-end generation.
Setting `pad_token_id` to `eos_token_id`:151645 for open-end generation.
Setting `pad_token_id` to `eos_token_id`:151645 for open-end generation.
Setting `pad_token_id` to `eos_token_id`:151645 for open-end generation.
Setting `pad_token_id` to `eos_token_id`:151645 for open-end generation.
Setting `pad_token_id` to `eos_token_id`:151645 for open-end generation.
Setting `pad_token_id` to `eos_token_id`:151645 for open-end generation.
Setting `pad_token_id` to `eos_token_id`:151645 for open-end generation.
Setting `pad_token_id` to `eos_token_id`:151645 for open-end generation.
  [hf] 200/200  parsed=200  gate_hits=84
[eval E3] n=200  parse=100.0%  iou@0.25=42.0%  mean_iou=0.262  center_std=22.5
[train] epoch 3 adapter -> experiments/2026-06-30-vlm-backbone-bakeoff/runs/internvl3-2b/lr0.0002/epoch3
[train] merging LoRA adapter into base weights...
/home/gara/jetson/.venv-ft/lib/python3.12/site-packages/peft/tuners/tuners_utils.py:683: UserWarning: Input and output embeddings are no longer tied after merging. Setting `tie_word_embeddings=False` in the model config.
  warnings.warn(
[train] merged checkpoint -> experiments/2026-06-30-vlm-backbone-bakeoff/runs/internvl3-2b/lr0.0002
[train] manifest -> runs/20260630T192307Z
[run_arm] lr=0.0002  best in-loop IoU@0.25=42.0%

===== arm internvl3-2b  lr=0.0004  ->  experiments/2026-06-30-vlm-backbone-bakeoff/runs/internvl3-2b/lr0.0004 =====
[train] device=cuda  effective_batch=16  model=OpenGVLab/InternVL3-2B-hf  res=1024
[train] loading processor + model...
trainable params: 20,824,064 || all params: 2,109,781,504 || trainable%: 0.9870
[train] gradient checkpointing ON
[train] loading data: refdrone:train / refdrone:val
[train] 4101 train / 439 val samples
/home/gara/jetson/.venv-ft/lib/python3.12/site-packages/torch/utils/checkpoint.py:87: UserWarning: None of the inputs have requires_grad=True. Gradients will be None
  warnings.warn(
  E1 step 0/4101  loss=1.8194  lr=4.00e-04  1s
  E1 step 50/4101  loss=1.4930  lr=4.00e-04  52s
  E1 step 100/4101  loss=0.9949  lr=4.00e-04  95s
  E1 step 150/4101  loss=0.9672  lr=4.00e-04  135s
  E1 step 200/4101  loss=0.9837  lr=4.00e-04  183s
  E1 step 250/4101  loss=0.9574  lr=4.00e-04  235s
  E1 step 300/4101  loss=1.0888  lr=3.99e-04  278s
  E1 step 350/4101  loss=1.1608  lr=3.99e-04  328s
  E1 step 400/4101  loss=1.0516  lr=3.99e-04  371s
  E1 step 450/4101  loss=0.9606  lr=3.99e-04  410s
  E1 step 500/4101  loss=1.0949  lr=3.98e-04  457s
  E1 step 550/4101  loss=0.7315  lr=3.98e-04  500s
  E1 step 600/4101  loss=1.1156  lr=3.98e-04  551s
  E1 step 650/4101  loss=1.5343  lr=3.97e-04  604s
  E1 step 700/4101  loss=1.0602  lr=3.97e-04  660s
  E1 step 750/4101  loss=1.3037  lr=3.96e-04  700s
  E1 step 800/4101  loss=0.9918  lr=3.96e-04  749s
  E1 step 850/4101  loss=0.9713  lr=3.95e-04  799s
  E1 step 900/4101  loss=0.9415  lr=3.95e-04  850s
  E1 step 950/4101  loss=1.0089  lr=3.94e-04  900s
  E1 step 1000/4101  loss=1.1067  lr=3.94e-04  947s
  E1 step 1050/4101  loss=0.7249  lr=3.93e-04  1000s
  E1 step 1100/4101  loss=0.7686  lr=3.92e-04  1049s
  E1 step 1150/4101  loss=0.8836  lr=3.92e-04  1099s
  E1 step 1200/4101  loss=0.9594  lr=3.91e-04  1146s
  E1 step 1250/4101  loss=0.8881  lr=3.90e-04  1195s
  E1 step 1300/4101  loss=0.9063  lr=3.89e-04  1240s
  E1 step 1350/4101  loss=1.0997  lr=3.88e-04  1288s
  E1 step 1400/4101  loss=0.9119  lr=3.87e-04  1335s
  E1 step 1450/4101  loss=0.8210  lr=3.87e-04  1381s
  E1 step 1500/4101  loss=0.9185  lr=3.86e-04  1421s
  E1 step 1550/4101  loss=0.9016  lr=3.85e-04  1465s
  E1 step 1600/4101  loss=1.0098  lr=3.83e-04  1509s
  E1 step 1650/4101  loss=0.9763  lr=3.83e-04  1551s
  E1 step 1700/4101  loss=0.9111  lr=3.81e-04  1599s
  E1 step 1750/4101  loss=0.8589  lr=3.80e-04  1643s
  E1 step 1800/4101  loss=1.1220  lr=3.79e-04  1688s
  E1 step 1850/4101  loss=0.6863  lr=3.78e-04  1730s
  E1 step 1900/4101  loss=0.9472  lr=3.77e-04  1782s
  E1 step 1950/4101  loss=1.2541  lr=3.76e-04  1830s
  E1 step 2000/4101  loss=0.6951  lr=3.74e-04  1877s
  E1 step 2050/4101  loss=0.9635  lr=3.73e-04  1928s
  E1 step 2100/4101  loss=1.3678  lr=3.72e-04  1981s
  E1 step 2150/4101  loss=1.3441  lr=3.71e-04  2036s
  E1 step 2200/4101  loss=1.0879  lr=3.69e-04  2079s
  E1 step 2250/4101  loss=0.7048  lr=3.68e-04  2130s
  E1 step 2300/4101  loss=0.8683  lr=3.67e-04  2176s
  E1 step 2350/4101  loss=0.8113  lr=3.65e-04  2224s
  E1 step 2400/4101  loss=1.0606  lr=3.64e-04  2268s
  E1 step 2450/4101  loss=0.4795  lr=3.62e-04  2315s
  E1 step 2500/4101  loss=0.9270  lr=3.61e-04  2360s
  E1 step 2550/4101  loss=0.8982  lr=3.59e-04  2409s
  E1 step 2600/4101  loss=0.7263  lr=3.58e-04  2452s
  E1 step 2650/4101  loss=0.9204  lr=3.56e-04  2495s
  E1 step 2700/4101  loss=0.8603  lr=3.55e-04  2544s
  E1 step 2750/4101  loss=0.9050  lr=3.53e-04  2586s
  E1 step 2800/4101  loss=1.3690  lr=3.51e-04  2638s
  E1 step 2850/4101  loss=0.8156  lr=3.49e-04  2692s
  E1 step 2900/4101  loss=0.7441  lr=3.48e-04  2740s
  E1 step 2950/4101  loss=0.7703  lr=3.46e-04  2787s
  E1 step 3000/4101  loss=1.0381  lr=3.44e-04  2830s
  E1 step 3050/4101  loss=0.9096  lr=3.43e-04  2883s
  E1 step 3100/4101  loss=1.0502  lr=3.41e-04  2930s
  E1 step 3150/4101  loss=0.9423  lr=3.39e-04  2974s
  E1 step 3200/4101  loss=1.1117  lr=3.37e-04  3015s
  E1 step 3250/4101  loss=0.9280  lr=3.35e-04  3056s
  E1 step 3300/4101  loss=0.9797  lr=3.33e-04  3103s
  E1 step 3350/4101  loss=0.9218  lr=3.31e-04  3149s
  E1 step 3400/4101  loss=0.7845  lr=3.29e-04  3197s
  E1 step 3450/4101  loss=0.9863  lr=3.28e-04  3244s
  E1 step 3500/4101  loss=0.8387  lr=3.26e-04  3295s
  E1 step 3550/4101  loss=0.7586  lr=3.24e-04  3343s
  E1 step 3600/4101  loss=0.7293  lr=3.21e-04  3383s
  E1 step 3650/4101  loss=1.0650  lr=3.19e-04  3426s
  E1 step 3700/4101  loss=0.7357  lr=3.17e-04  3474s
  E1 step 3750/4101  loss=0.7821  lr=3.15e-04  3522s
  E1 step 3800/4101  loss=0.7587  lr=3.13e-04  3574s
  E1 step 3850/4101  loss=1.1790  lr=3.11e-04  3618s
  E1 step 3900/4101  loss=0.8133  lr=3.09e-04  3663s
  E1 step 3950/4101  loss=1.4039  lr=3.07e-04  3713s
  E1 step 4000/4101  loss=0.9284  lr=3.04e-04  3766s
  E1 step 4050/4101  loss=1.1080  lr=3.02e-04  3812s
  E1 step 4100/4101  loss=0.6241  lr=2.99e-04  3867s
[epoch 1] mean_loss=0.9734  (3867s)
Setting `pad_token_id` to `eos_token_id`:151645 for open-end generation.
Setting `pad_token_id` to `eos_token_id`:151645 for open-end generation.
Setting `pad_token_id` to `eos_token_id`:151645 for open-end generation.
Setting `pad_token_id` to `eos_token_id`:151645 for open-end generation.
Setting `pad_token_id` to `eos_token_id`:151645 for open-end generation.
Setting `pad_token_id` to `eos_token_id`:151645 for open-end generation.
Setting `pad_token_id` to `eos_token_id`:151645 for open-end generation.
Setting `pad_token_id` to `eos_token_id`:151645 for open-end generation.
Setting `pad_token_id` to `eos_token_id`:151645 for open-end generation.
Setting `pad_token_id` to `eos_token_id`:151645 for open-end generation.
Setting `pad_token_id` to `eos_token_id`:151645 for open-end generation.
Setting `pad_token_id` to `eos_token_id`:151645 for open-end generation.
Setting `pad_token_id` to `eos_token_id`:151645 for open-end generation.
Setting `pad_token_id` to `eos_token_id`:151645 for open-end generation.
Setting `pad_token_id` to `eos_token_id`:151645 for open-end generation.
Setting `pad_token_id` to `eos_token_id`:151645 for open-end generation.
Setting `pad_token_id` to `eos_token_id`:151645 for open-end generation.
Setting `pad_token_id` to `eos_token_id`:151645 for open-end generation.
Setting `pad_token_id` to `eos_token_id`:151645 for open-end generation.
Setting `pad_token_id` to `eos_token_id`:151645 for open-end generation.
Setting `pad_token_id` to `eos_token_id`:151645 for open-end generation.
Setting `pad_token_id` to `eos_token_id`:151645 for open-end generation.
Setting `pad_token_id` to `eos_token_id`:151645 for open-end generation.
Setting `pad_token_id` to `eos_token_id`:151645 for open-end generation.
Setting `pad_token_id` to `eos_token_id`:151645 for open-end generation.
Setting `pad_token_id` to `eos_token_id`:151645 for open-end generation.
Setting `pad_token_id` to `eos_token_id`:151645 for open-end generation.
Setting `pad_token_id` to `eos_token_id`:151645 for open-end generation.
Setting `pad_token_id` to `eos_token_id`:151645 for open-end generation.
Setting `pad_token_id` to `eos_token_id`:151645 for open-end generation.
Setting `pad_token_id` to `eos_token_id`:151645 for open-end generation.
Setting `pad_token_id` to `eos_token_id`:151645 for open-end generation.
Setting `pad_token_id` to `eos_token_id`:151645 for open-end generation.
Setting `pad_token_id` to `eos_token_id`:151645 for open-end generation.
Setting `pad_token_id` to `eos_token_id`:151645 for open-end generation.
Setting `pad_token_id` to `eos_token_id`:151645 for open-end generation.
Setting `pad_token_id` to `eos_token_id`:151645 for open-end generation.
Setting `pad_token_id` to `eos_token_id`:151645 for open-end generation.
Setting `pad_token_id` to `eos_token_id`:151645 for open-end generation.
Setting `pad_token_id` to `eos_token_id`:151645 for open-end generation.
  [hf] 40/200  parsed=40  gate_hits=12
Setting `pad_token_id` to `eos_token_id`:151645 for open-end generation.
Setting `pad_token_id` to `eos_token_id`:151645 for open-end generation.
Setting `pad_token_id` to `eos_token_id`:151645 for open-end generation.
Setting `pad_token_id` to `eos_token_id`:151645 for open-end generation.
Setting `pad_token_id` to `eos_token_id`:151645 for open-end generation.
Setting `pad_token_id` to `eos_token_id`:151645 for open-end generation.
Setting `pad_token_id` to `eos_token_id`:151645 for open-end generation.
Setting `pad_token_id` to `eos_token_id`:151645 for open-end generation.
Setting `pad_token_id` to `eos_token_id`:151645 for open-end generation.
Setting `pad_token_id` to `eos_token_id`:151645 for open-end generation.
Setting `pad_token_id` to `eos_token_id`:151645 for open-end generation.
Setting `pad_token_id` to `eos_token_id`:151645 for open-end generation.
Setting `pad_token_id` to `eos_token_id`:151645 for open-end generation.
Setting `pad_token_id` to `eos_token_id`:151645 for open-end generation.
Setting `pad_token_id` to `eos_token_id`:151645 for open-end generation.
Setting `pad_token_id` to `eos_token_id`:151645 for open-end generation.
Setting `pad_token_id` to `eos_token_id`:151645 for open-end generation.
Setting `pad_token_id` to `eos_token_id`:151645 for open-end generation.
Setting `pad_token_id` to `eos_token_id`:151645 for open-end generation.
Setting `pad_token_id` to `eos_token_id`:151645 for open-end generation.
Setting `pad_token_id` to `eos_token_id`:151645 for open-end generation.
Setting `pad_token_id` to `eos_token_id`:151645 for open-end generation.
Setting `pad_token_id` to `eos_token_id`:151645 for open-end generation.
Setting `pad_token_id` to `eos_token_id`:151645 for open-end generation.
Setting `pad_token_id` to `eos_token_id`:151645 for open-end generation.
Setting `pad_token_id` to `eos_token_id`:151645 for open-end generation.
Setting `pad_token_id` to `eos_token_id`:151645 for open-end generation.
Setting `pad_token_id` to `eos_token_id`:151645 for open-end generation.
Setting `pad_token_id` to `eos_token_id`:151645 for open-end generation.
Setting `pad_token_id` to `eos_token_id`:151645 for open-end generation.
Setting `pad_token_id` to `eos_token_id`:151645 for open-end generation.
Setting `pad_token_id` to `eos_token_id`:151645 for open-end generation.
Setting `pad_token_id` to `eos_token_id`:151645 for open-end generation.
Setting `pad_token_id` to `eos_token_id`:151645 for open-end generation.
Setting `pad_token_id` to `eos_token_id`:151645 for open-end generation.
Setting `pad_token_id` to `eos_token_id`:151645 for open-end generation.
Setting `pad_token_id` to `eos_token_id`:151645 for open-end generation.
Setting `pad_token_id` to `eos_token_id`:151645 for open-end generation.
Setting `pad_token_id` to `eos_token_id`:151645 for open-end generation.
Setting `pad_token_id` to `eos_token_id`:151645 for open-end generation.
  [hf] 80/200  parsed=80  gate_hits=28
Setting `pad_token_id` to `eos_token_id`:151645 for open-end generation.
Setting `pad_token_id` to `eos_token_id`:151645 for open-end generation.
Setting `pad_token_id` to `eos_token_id`:151645 for open-end generation.
Setting `pad_token_id` to `eos_token_id`:151645 for open-end generation.
Setting `pad_token_id` to `eos_token_id`:151645 for open-end generation.
Setting `pad_token_id` to `eos_token_id`:151645 for open-end generation.
Setting `pad_token_id` to `eos_token_id`:151645 for open-end generation.
Setting `pad_token_id` to `eos_token_id`:151645 for open-end generation.
Setting `pad_token_id` to `eos_token_id`:151645 for open-end generation.
Setting `pad_token_id` to `eos_token_id`:151645 for open-end generation.
Setting `pad_token_id` to `eos_token_id`:151645 for open-end generation.
Setting `pad_token_id` to `eos_token_id`:151645 for open-end generation.
Setting `pad_token_id` to `eos_token_id`:151645 for open-end generation.
Setting `pad_token_id` to `eos_token_id`:151645 for open-end generation.
Setting `pad_token_id` to `eos_token_id`:151645 for open-end generation.
Setting `pad_token_id` to `eos_token_id`:151645 for open-end generation.
Setting `pad_token_id` to `eos_token_id`:151645 for open-end generation.
Setting `pad_token_id` to `eos_token_id`:151645 for open-end generation.
Setting `pad_token_id` to `eos_token_id`:151645 for open-end generation.
Setting `pad_token_id` to `eos_token_id`:151645 for open-end generation.
Setting `pad_token_id` to `eos_token_id`:151645 for open-end generation.
Setting `pad_token_id` to `eos_token_id`:151645 for open-end generation.
Setting `pad_token_id` to `eos_token_id`:151645 for open-end generation.
Setting `pad_token_id` to `eos_token_id`:151645 for open-end generation.
Setting `pad_token_id` to `eos_token_id`:151645 for open-end generation.
Setting `pad_token_id` to `eos_token_id`:151645 for open-end generation.
Setting `pad_token_id` to `eos_token_id`:151645 for open-end generation.
Setting `pad_token_id` to `eos_token_id`:151645 for open-end generation.
Setting `pad_token_id` to `eos_token_id`:151645 for open-end generation.
Setting `pad_token_id` to `eos_token_id`:151645 for open-end generation.
Setting `pad_token_id` to `eos_token_id`:151645 for open-end generation.
Setting `pad_token_id` to `eos_token_id`:151645 for open-end generation.
Setting `pad_token_id` to `eos_token_id`:151645 for open-end generation.
Setting `pad_token_id` to `eos_token_id`:151645 for open-end generation.
Setting `pad_token_id` to `eos_token_id`:151645 for open-end generation.
Setting `pad_token_id` to `eos_token_id`:151645 for open-end generation.
Setting `pad_token_id` to `eos_token_id`:151645 for open-end generation.
Setting `pad_token_id` to `eos_token_id`:151645 for open-end generation.
Setting `pad_token_id` to `eos_token_id`:151645 for open-end generation.
Setting `pad_token_id` to `eos_token_id`:151645 for open-end generation.
  [hf] 120/200  parsed=120  gate_hits=40
Setting `pad_token_id` to `eos_token_id`:151645 for open-end generation.
Setting `pad_token_id` to `eos_token_id`:151645 for open-end generation.
Setting `pad_token_id` to `eos_token_id`:151645 for open-end generation.
Setting `pad_token_id` to `eos_token_id`:151645 for open-end generation.
Setting `pad_token_id` to `eos_token_id`:151645 for open-end generation.
Setting `pad_token_id` to `eos_token_id`:151645 for open-end generation.
Setting `pad_token_id` to `eos_token_id`:151645 for open-end generation.
Setting `pad_token_id` to `eos_token_id`:151645 for open-end generation.
Setting `pad_token_id` to `eos_token_id`:151645 for open-end generation.
Setting `pad_token_id` to `eos_token_id`:151645 for open-end generation.
Setting `pad_token_id` to `eos_token_id`:151645 for open-end generation.
Setting `pad_token_id` to `eos_token_id`:151645 for open-end generation.
Setting `pad_token_id` to `eos_token_id`:151645 for open-end generation.
Setting `pad_token_id` to `eos_token_id`:151645 for open-end generation.
Setting `pad_token_id` to `eos_token_id`:151645 for open-end generation.
Setting `pad_token_id` to `eos_token_id`:151645 for open-end generation.
Setting `pad_token_id` to `eos_token_id`:151645 for open-end generation.
Setting `pad_token_id` to `eos_token_id`:151645 for open-end generation.
Setting `pad_token_id` to `eos_token_id`:151645 for open-end generation.
Setting `pad_token_id` to `eos_token_id`:151645 for open-end generation.
Setting `pad_token_id` to `eos_token_id`:151645 for open-end generation.
Setting `pad_token_id` to `eos_token_id`:151645 for open-end generation.
Setting `pad_token_id` to `eos_token_id`:151645 for open-end generation.
Setting `pad_token_id` to `eos_token_id`:151645 for open-end generation.
Setting `pad_token_id` to `eos_token_id`:151645 for open-end generation.
Setting `pad_token_id` to `eos_token_id`:151645 for open-end generation.
Setting `pad_token_id` to `eos_token_id`:151645 for open-end generation.
Setting `pad_token_id` to `eos_token_id`:151645 for open-end generation.
Setting `pad_token_id` to `eos_token_id`:151645 for open-end generation.
Setting `pad_token_id` to `eos_token_id`:151645 for open-end generation.
Setting `pad_token_id` to `eos_token_id`:151645 for open-end generation.
Setting `pad_token_id` to `eos_token_id`:151645 for open-end generation.
Setting `pad_token_id` to `eos_token_id`:151645 for open-end generation.
Setting `pad_token_id` to `eos_token_id`:151645 for open-end generation.
Setting `pad_token_id` to `eos_token_id`:151645 for open-end generation.
Setting `pad_token_id` to `eos_token_id`:151645 for open-end generation.
Setting `pad_token_id` to `eos_token_id`:151645 for open-end generation.
Setting `pad_token_id` to `eos_token_id`:151645 for open-end generation.
Setting `pad_token_id` to `eos_token_id`:151645 for open-end generation.
Setting `pad_token_id` to `eos_token_id`:151645 for open-end generation.
  [hf] 160/200  parsed=160  gate_hits=50
Setting `pad_token_id` to `eos_token_id`:151645 for open-end generation.
Setting `pad_token_id` to `eos_token_id`:151645 for open-end generation.
Setting `pad_token_id` to `eos_token_id`:151645 for open-end generation.
Setting `pad_token_id` to `eos_token_id`:151645 for open-end generation.
Setting `pad_token_id` to `eos_token_id`:151645 for open-end generation.
Setting `pad_token_id` to `eos_token_id`:151645 for open-end generation.
Setting `pad_token_id` to `eos_token_id`:151645 for open-end generation.
Setting `pad_token_id` to `eos_token_id`:151645 for open-end generation.
Setting `pad_token_id` to `eos_token_id`:151645 for open-end generation.
Setting `pad_token_id` to `eos_token_id`:151645 for open-end generation.
Setting `pad_token_id` to `eos_token_id`:151645 for open-end generation.
Setting `pad_token_id` to `eos_token_id`:151645 for open-end generation.
Setting `pad_token_id` to `eos_token_id`:151645 for open-end generation.
Setting `pad_token_id` to `eos_token_id`:151645 for open-end generation.
Setting `pad_token_id` to `eos_token_id`:151645 for open-end generation.
Setting `pad_token_id` to `eos_token_id`:151645 for open-end generation.
Setting `pad_token_id` to `eos_token_id`:151645 for open-end generation.
Setting `pad_token_id` to `eos_token_id`:151645 for open-end generation.
Setting `pad_token_id` to `eos_token_id`:151645 for open-end generation.
Setting `pad_token_id` to `eos_token_id`:151645 for open-end generation.
Setting `pad_token_id` to `eos_token_id`:151645 for open-end generation.
Setting `pad_token_id` to `eos_token_id`:151645 for open-end generation.
Setting `pad_token_id` to `eos_token_id`:151645 for open-end generation.
Setting `pad_token_id` to `eos_token_id`:151645 for open-end generation.
Setting `pad_token_id` to `eos_token_id`:151645 for open-end generation.
Setting `pad_token_id` to `eos_token_id`:151645 for open-end generation.
Setting `pad_token_id` to `eos_token_id`:151645 for open-end generation.
Setting `pad_token_id` to `eos_token_id`:151645 for open-end generation.
Setting `pad_token_id` to `eos_token_id`:151645 for open-end generation.
Setting `pad_token_id` to `eos_token_id`:151645 for open-end generation.
Setting `pad_token_id` to `eos_token_id`:151645 for open-end generation.
Setting `pad_token_id` to `eos_token_id`:151645 for open-end generation.
Setting `pad_token_id` to `eos_token_id`:151645 for open-end generation.
Setting `pad_token_id` to `eos_token_id`:151645 for open-end generation.
Setting `pad_token_id` to `eos_token_id`:151645 for open-end generation.
Setting `pad_token_id` to `eos_token_id`:151645 for open-end generation.
Setting `pad_token_id` to `eos_token_id`:151645 for open-end generation.
Setting `pad_token_id` to `eos_token_id`:151645 for open-end generation.
Setting `pad_token_id` to `eos_token_id`:151645 for open-end generation.
Setting `pad_token_id` to `eos_token_id`:151645 for open-end generation.
  [hf] 200/200  parsed=200  gate_hits=60
[eval E1] n=200  parse=100.0%  iou@0.25=30.0%  mean_iou=0.154  center_std=22.1
[train] epoch 1 adapter -> experiments/2026-06-30-vlm-backbone-bakeoff/runs/internvl3-2b/lr0.0004/epoch1
  E2 step 0/4101  loss=1.0047  lr=2.99e-04  3994s
  E2 step 50/4101  loss=0.8170  lr=2.97e-04  4049s
  E2 step 100/4101  loss=0.8585  lr=2.95e-04  4094s
  E2 step 150/4101  loss=0.6984  lr=2.93e-04  4141s
  E2 step 200/4101  loss=0.3529  lr=2.91e-04  4188s
  E2 step 250/4101  loss=0.6482  lr=2.88e-04  4237s
  E2 step 300/4101  loss=0.6921  lr=2.86e-04  4289s
  E2 step 350/4101  loss=0.9331  lr=2.84e-04  4345s
  E2 step 400/4101  loss=0.7651  lr=2.81e-04  4392s
  E2 step 450/4101  loss=0.6316  lr=2.79e-04  4440s
  E2 step 500/4101  loss=0.6142  lr=2.77e-04  4488s
  E2 step 550/4101  loss=0.6604  lr=2.74e-04  4531s
  E2 step 600/4101  loss=0.6725  lr=2.72e-04  4582s
  E2 step 650/4101  loss=0.6871  lr=2.70e-04  4628s
  E2 step 700/4101  loss=0.7590  lr=2.67e-04  4668s
  E2 step 750/4101  loss=0.4507  lr=2.65e-04  4713s
  E2 step 800/4101  loss=1.0194  lr=2.62e-04  4763s
  E2 step 850/4101  loss=0.9311  lr=2.60e-04  4813s
  E2 step 900/4101  loss=0.9690  lr=2.57e-04  4852s
  E2 step 950/4101  loss=1.0753  lr=2.55e-04  4898s
  E2 step 1000/4101  loss=0.6802  lr=2.53e-04  4946s
  E2 step 1050/4101  loss=0.6403  lr=2.50e-04  4995s
  E2 step 1100/4101  loss=1.3881  lr=2.48e-04  5040s
  E2 step 1150/4101  loss=0.6117  lr=2.45e-04  5088s
  E2 step 1200/4101  loss=1.2026  lr=2.42e-04  5142s
  E2 step 1250/4101  loss=0.7649  lr=2.40e-04  5196s
  E2 step 1300/4101  loss=0.8873  lr=2.37e-04  5243s
  E2 step 1350/4101  loss=0.6247  lr=2.35e-04  5292s
  E2 step 1400/4101  loss=0.5102  lr=2.33e-04  5334s
  E2 step 1450/4101  loss=1.2561  lr=2.30e-04  5380s
  E2 step 1500/4101  loss=0.8612  lr=2.28e-04  5434s
  E2 step 1550/4101  loss=1.1989  lr=2.25e-04  5488s
  E2 step 1600/4101  loss=0.8043  lr=2.22e-04  5535s
  E2 step 1650/4101  loss=0.7326  lr=2.20e-04  5579s
  E2 step 1700/4101  loss=0.5940  lr=2.17e-04  5629s
  E2 step 1750/4101  loss=1.0835  lr=2.15e-04  5675s
  E2 step 1800/4101  loss=0.7428  lr=2.12e-04  5727s
  E2 step 1850/4101  loss=0.6615  lr=2.10e-04  5781s
  E2 step 1900/4101  loss=1.0360  lr=2.07e-04  5824s
  E2 step 1950/4101  loss=0.8606  lr=2.05e-04  5862s
  E2 step 2000/4101  loss=0.8183  lr=2.02e-04  5915s
  E2 step 2050/4101  loss=0.7447  lr=1.99e-04  5960s
  E2 step 2100/4101  loss=0.7495  lr=1.97e-04  6002s
  E2 step 2150/4101  loss=0.7235  lr=1.94e-04  6045s
  E2 step 2200/4101  loss=0.8572  lr=1.92e-04  6091s
  E2 step 2250/4101  loss=0.6085  lr=1.89e-04  6137s
  E2 step 2300/4101  loss=1.4705  lr=1.87e-04  6186s
  E2 step 2350/4101  loss=0.6037  lr=1.84e-04  6234s
  E2 step 2400/4101  loss=0.8119  lr=1.81e-04  6280s
  E2 step 2450/4101  loss=1.1303  lr=1.79e-04  6320s
  E2 step 2500/4101  loss=0.7390  lr=1.76e-04  6376s
  E2 step 2550/4101  loss=0.7593  lr=1.74e-04  6421s
  E2 step 2600/4101  loss=0.9944  lr=1.71e-04  6461s
  E2 step 2650/4101  loss=0.9258  lr=1.69e-04  6502s
  E2 step 2700/4101  loss=0.7812  lr=1.67e-04  6542s
  E2 step 2750/4101  loss=0.5305  lr=1.64e-04  6588s
  E2 step 2800/4101  loss=1.0254  lr=1.61e-04  6639s
  E2 step 2850/4101  loss=0.5286  lr=1.59e-04  6690s
  E2 step 2900/4101  loss=0.6270  lr=1.56e-04  6734s
  E2 step 2950/4101  loss=0.7051  lr=1.54e-04  6779s
  E2 step 3000/4101  loss=0.5362  lr=1.51e-04  6826s
  E2 step 3050/4101  loss=0.6458  lr=1.49e-04  6872s
  E2 step 3100/4101  loss=0.8458  lr=1.47e-04  6923s
  E2 step 3150/4101  loss=0.4339  lr=1.44e-04  6970s
  E2 step 3200/4101  loss=0.8625  lr=1.41e-04  7018s
  E2 step 3250/4101  loss=0.7694  lr=1.39e-04  7066s
  E2 step 3300/4101  loss=0.6257  lr=1.36e-04  7115s
  E2 step 3350/4101  loss=0.5187  lr=1.34e-04  7169s
  E2 step 3400/4101  loss=0.6742  lr=1.32e-04  7205s
  E2 step 3450/4101  loss=0.4752  lr=1.30e-04  7249s
  E2 step 3500/4101  loss=0.6430  lr=1.27e-04  7296s
  E2 step 3550/4101  loss=0.9541  lr=1.25e-04  7347s
  E2 step 3600/4101  loss=1.9623  lr=1.22e-04  7402s
  E2 step 3650/4101  loss=0.6774  lr=1.20e-04  7449s
  E2 step 3700/4101  loss=0.7728  lr=1.17e-04  7498s
  E2 step 3750/4101  loss=0.8966  lr=1.15e-04  7547s
  E2 step 3800/4101  loss=0.6842  lr=1.13e-04  7596s
  E2 step 3850/4101  loss=0.5443  lr=1.11e-04  7650s
  E2 step 3900/4101  loss=1.0899  lr=1.09e-04  7691s
  E2 step 3950/4101  loss=0.4323  lr=1.06e-04  7740s
  E2 step 4000/4101  loss=0.6841  lr=1.04e-04  7791s
  E2 step 4050/4101  loss=0.9674  lr=1.01e-04  7831s
  E2 step 4100/4101  loss=0.6813  lr=9.86e-05  7876s
[epoch 2] mean_loss=0.7892  (7876s)
Setting `pad_token_id` to `eos_token_id`:151645 for open-end generation.
Setting `pad_token_id` to `eos_token_id`:151645 for open-end generation.
Setting `pad_token_id` to `eos_token_id`:151645 for open-end generation.
Setting `pad_token_id` to `eos_token_id`:151645 for open-end generation.
Setting `pad_token_id` to `eos_token_id`:151645 for open-end generation.
Setting `pad_token_id` to `eos_token_id`:151645 for open-end generation.
Setting `pad_token_id` to `eos_token_id`:151645 for open-end generation.
Setting `pad_token_id` to `eos_token_id`:151645 for open-end generation.
Setting `pad_token_id` to `eos_token_id`:151645 for open-end generation.
Setting `pad_token_id` to `eos_token_id`:151645 for open-end generation.
Setting `pad_token_id` to `eos_token_id`:151645 for open-end generation.
Setting `pad_token_id` to `eos_token_id`:151645 for open-end generation.
Setting `pad_token_id` to `eos_token_id`:151645 for open-end generation.
Setting `pad_token_id` to `eos_token_id`:151645 for open-end generation.
Setting `pad_token_id` to `eos_token_id`:151645 for open-end generation.
Setting `pad_token_id` to `eos_token_id`:151645 for open-end generation.
Setting `pad_token_id` to `eos_token_id`:151645 for open-end generation.
Setting `pad_token_id` to `eos_token_id`:151645 for open-end generation.
Setting `pad_token_id` to `eos_token_id`:151645 for open-end generation.
Setting `pad_token_id` to `eos_token_id`:151645 for open-end generation.
Setting `pad_token_id` to `eos_token_id`:151645 for open-end generation.
Setting `pad_token_id` to `eos_token_id`:151645 for open-end generation.
Setting `pad_token_id` to `eos_token_id`:151645 for open-end generation.
Setting `pad_token_id` to `eos_token_id`:151645 for open-end generation.
Setting `pad_token_id` to `eos_token_id`:151645 for open-end generation.
Setting `pad_token_id` to `eos_token_id`:151645 for open-end generation.
Setting `pad_token_id` to `eos_token_id`:151645 for open-end generation.
Setting `pad_token_id` to `eos_token_id`:151645 for open-end generation.
Setting `pad_token_id` to `eos_token_id`:151645 for open-end generation.
Setting `pad_token_id` to `eos_token_id`:151645 for open-end generation.
Setting `pad_token_id` to `eos_token_id`:151645 for open-end generation.
Setting `pad_token_id` to `eos_token_id`:151645 for open-end generation.
Setting `pad_token_id` to `eos_token_id`:151645 for open-end generation.
Setting `pad_token_id` to `eos_token_id`:151645 for open-end generation.
Setting `pad_token_id` to `eos_token_id`:151645 for open-end generation.
Setting `pad_token_id` to `eos_token_id`:151645 for open-end generation.
Setting `pad_token_id` to `eos_token_id`:151645 for open-end generation.
Setting `pad_token_id` to `eos_token_id`:151645 for open-end generation.
Setting `pad_token_id` to `eos_token_id`:151645 for open-end generation.
Setting `pad_token_id` to `eos_token_id`:151645 for open-end generation.
  [hf] 40/200  parsed=40  gate_hits=17
Setting `pad_token_id` to `eos_token_id`:151645 for open-end generation.
Setting `pad_token_id` to `eos_token_id`:151645 for open-end generation.
Setting `pad_token_id` to `eos_token_id`:151645 for open-end generation.
Setting `pad_token_id` to `eos_token_id`:151645 for open-end generation.
Setting `pad_token_id` to `eos_token_id`:151645 for open-end generation.
Setting `pad_token_id` to `eos_token_id`:151645 for open-end generation.
Setting `pad_token_id` to `eos_token_id`:151645 for open-end generation.
Setting `pad_token_id` to `eos_token_id`:151645 for open-end generation.
Setting `pad_token_id` to `eos_token_id`:151645 for open-end generation.
Setting `pad_token_id` to `eos_token_id`:151645 for open-end generation.
Setting `pad_token_id` to `eos_token_id`:151645 for open-end generation.
Setting `pad_token_id` to `eos_token_id`:151645 for open-end generation.
Setting `pad_token_id` to `eos_token_id`:151645 for open-end generation.
Setting `pad_token_id` to `eos_token_id`:151645 for open-end generation.
Setting `pad_token_id` to `eos_token_id`:151645 for open-end generation.
Setting `pad_token_id` to `eos_token_id`:151645 for open-end generation.
Setting `pad_token_id` to `eos_token_id`:151645 for open-end generation.
Setting `pad_token_id` to `eos_token_id`:151645 for open-end generation.
Setting `pad_token_id` to `eos_token_id`:151645 for open-end generation.
Setting `pad_token_id` to `eos_token_id`:151645 for open-end generation.
Setting `pad_token_id` to `eos_token_id`:151645 for open-end generation.
Setting `pad_token_id` to `eos_token_id`:151645 for open-end generation.
Setting `pad_token_id` to `eos_token_id`:151645 for open-end generation.
Setting `pad_token_id` to `eos_token_id`:151645 for open-end generation.
Setting `pad_token_id` to `eos_token_id`:151645 for open-end generation.
Setting `pad_token_id` to `eos_token_id`:151645 for open-end generation.
Setting `pad_token_id` to `eos_token_id`:151645 for open-end generation.
Setting `pad_token_id` to `eos_token_id`:151645 for open-end generation.
Setting `pad_token_id` to `eos_token_id`:151645 for open-end generation.
Setting `pad_token_id` to `eos_token_id`:151645 for open-end generation.
Setting `pad_token_id` to `eos_token_id`:151645 for open-end generation.
Setting `pad_token_id` to `eos_token_id`:151645 for open-end generation.
Setting `pad_token_id` to `eos_token_id`:151645 for open-end generation.
Setting `pad_token_id` to `eos_token_id`:151645 for open-end generation.
Setting `pad_token_id` to `eos_token_id`:151645 for open-end generation.
Setting `pad_token_id` to `eos_token_id`:151645 for open-end generation.
Setting `pad_token_id` to `eos_token_id`:151645 for open-end generation.
Setting `pad_token_id` to `eos_token_id`:151645 for open-end generation.
Setting `pad_token_id` to `eos_token_id`:151645 for open-end generation.
Setting `pad_token_id` to `eos_token_id`:151645 for open-end generation.
  [hf] 80/200  parsed=80  gate_hits=38
Setting `pad_token_id` to `eos_token_id`:151645 for open-end generation.
Setting `pad_token_id` to `eos_token_id`:151645 for open-end generation.
Setting `pad_token_id` to `eos_token_id`:151645 for open-end generation.
Setting `pad_token_id` to `eos_token_id`:151645 for open-end generation.
Setting `pad_token_id` to `eos_token_id`:151645 for open-end generation.
Setting `pad_token_id` to `eos_token_id`:151645 for open-end generation.
Setting `pad_token_id` to `eos_token_id`:151645 for open-end generation.
Setting `pad_token_id` to `eos_token_id`:151645 for open-end generation.
Setting `pad_token_id` to `eos_token_id`:151645 for open-end generation.
Setting `pad_token_id` to `eos_token_id`:151645 for open-end generation.
Setting `pad_token_id` to `eos_token_id`:151645 for open-end generation.
Setting `pad_token_id` to `eos_token_id`:151645 for open-end generation.
Setting `pad_token_id` to `eos_token_id`:151645 for open-end generation.
Setting `pad_token_id` to `eos_token_id`:151645 for open-end generation.
Setting `pad_token_id` to `eos_token_id`:151645 for open-end generation.
Setting `pad_token_id` to `eos_token_id`:151645 for open-end generation.
Setting `pad_token_id` to `eos_token_id`:151645 for open-end generation.
Setting `pad_token_id` to `eos_token_id`:151645 for open-end generation.
Setting `pad_token_id` to `eos_token_id`:151645 for open-end generation.
Setting `pad_token_id` to `eos_token_id`:151645 for open-end generation.
Setting `pad_token_id` to `eos_token_id`:151645 for open-end generation.
Setting `pad_token_id` to `eos_token_id`:151645 for open-end generation.
Setting `pad_token_id` to `eos_token_id`:151645 for open-end generation.
Setting `pad_token_id` to `eos_token_id`:151645 for open-end generation.
Setting `pad_token_id` to `eos_token_id`:151645 for open-end generation.
Setting `pad_token_id` to `eos_token_id`:151645 for open-end generation.
Setting `pad_token_id` to `eos_token_id`:151645 for open-end generation.
Setting `pad_token_id` to `eos_token_id`:151645 for open-end generation.
Setting `pad_token_id` to `eos_token_id`:151645 for open-end generation.
Setting `pad_token_id` to `eos_token_id`:151645 for open-end generation.
Setting `pad_token_id` to `eos_token_id`:151645 for open-end generation.
Setting `pad_token_id` to `eos_token_id`:151645 for open-end generation.
Setting `pad_token_id` to `eos_token_id`:151645 for open-end generation.
Setting `pad_token_id` to `eos_token_id`:151645 for open-end generation.
Setting `pad_token_id` to `eos_token_id`:151645 for open-end generation.
Setting `pad_token_id` to `eos_token_id`:151645 for open-end generation.
Setting `pad_token_id` to `eos_token_id`:151645 for open-end generation.
Setting `pad_token_id` to `eos_token_id`:151645 for open-end generation.
Setting `pad_token_id` to `eos_token_id`:151645 for open-end generation.
Setting `pad_token_id` to `eos_token_id`:151645 for open-end generation.
  [hf] 120/200  parsed=120  gate_hits=58
Setting `pad_token_id` to `eos_token_id`:151645 for open-end generation.
Setting `pad_token_id` to `eos_token_id`:151645 for open-end generation.
Setting `pad_token_id` to `eos_token_id`:151645 for open-end generation.
Setting `pad_token_id` to `eos_token_id`:151645 for open-end generation.
Setting `pad_token_id` to `eos_token_id`:151645 for open-end generation.
Setting `pad_token_id` to `eos_token_id`:151645 for open-end generation.
Setting `pad_token_id` to `eos_token_id`:151645 for open-end generation.
Setting `pad_token_id` to `eos_token_id`:151645 for open-end generation.
Setting `pad_token_id` to `eos_token_id`:151645 for open-end generation.
Setting `pad_token_id` to `eos_token_id`:151645 for open-end generation.
Setting `pad_token_id` to `eos_token_id`:151645 for open-end generation.
Setting `pad_token_id` to `eos_token_id`:151645 for open-end generation.
Setting `pad_token_id` to `eos_token_id`:151645 for open-end generation.
Setting `pad_token_id` to `eos_token_id`:151645 for open-end generation.
Setting `pad_token_id` to `eos_token_id`:151645 for open-end generation.
Setting `pad_token_id` to `eos_token_id`:151645 for open-end generation.
Setting `pad_token_id` to `eos_token_id`:151645 for open-end generation.
Setting `pad_token_id` to `eos_token_id`:151645 for open-end generation.
Setting `pad_token_id` to `eos_token_id`:151645 for open-end generation.
Setting `pad_token_id` to `eos_token_id`:151645 for open-end generation.
Setting `pad_token_id` to `eos_token_id`:151645 for open-end generation.
Setting `pad_token_id` to `eos_token_id`:151645 for open-end generation.
Setting `pad_token_id` to `eos_token_id`:151645 for open-end generation.
Setting `pad_token_id` to `eos_token_id`:151645 for open-end generation.
Setting `pad_token_id` to `eos_token_id`:151645 for open-end generation.
Setting `pad_token_id` to `eos_token_id`:151645 for open-end generation.
Setting `pad_token_id` to `eos_token_id`:151645 for open-end generation.
Setting `pad_token_id` to `eos_token_id`:151645 for open-end generation.
Setting `pad_token_id` to `eos_token_id`:151645 for open-end generation.
Setting `pad_token_id` to `eos_token_id`:151645 for open-end generation.
Setting `pad_token_id` to `eos_token_id`:151645 for open-end generation.
Setting `pad_token_id` to `eos_token_id`:151645 for open-end generation.
Setting `pad_token_id` to `eos_token_id`:151645 for open-end generation.
Setting `pad_token_id` to `eos_token_id`:151645 for open-end generation.
Setting `pad_token_id` to `eos_token_id`:151645 for open-end generation.
Setting `pad_token_id` to `eos_token_id`:151645 for open-end generation.
Setting `pad_token_id` to `eos_token_id`:151645 for open-end generation.
Setting `pad_token_id` to `eos_token_id`:151645 for open-end generation.
Setting `pad_token_id` to `eos_token_id`:151645 for open-end generation.
Setting `pad_token_id` to `eos_token_id`:151645 for open-end generation.
  [hf] 160/200  parsed=160  gate_hits=74
Setting `pad_token_id` to `eos_token_id`:151645 for open-end generation.
Setting `pad_token_id` to `eos_token_id`:151645 for open-end generation.
Setting `pad_token_id` to `eos_token_id`:151645 for open-end generation.
Setting `pad_token_id` to `eos_token_id`:151645 for open-end generation.
Setting `pad_token_id` to `eos_token_id`:151645 for open-end generation.
Setting `pad_token_id` to `eos_token_id`:151645 for open-end generation.
Setting `pad_token_id` to `eos_token_id`:151645 for open-end generation.
Setting `pad_token_id` to `eos_token_id`:151645 for open-end generation.
Setting `pad_token_id` to `eos_token_id`:151645 for open-end generation.
Setting `pad_token_id` to `eos_token_id`:151645 for open-end generation.
Setting `pad_token_id` to `eos_token_id`:151645 for open-end generation.
Setting `pad_token_id` to `eos_token_id`:151645 for open-end generation.
Setting `pad_token_id` to `eos_token_id`:151645 for open-end generation.
Setting `pad_token_id` to `eos_token_id`:151645 for open-end generation.
Setting `pad_token_id` to `eos_token_id`:151645 for open-end generation.
Setting `pad_token_id` to `eos_token_id`:151645 for open-end generation.
Setting `pad_token_id` to `eos_token_id`:151645 for open-end generation.
Setting `pad_token_id` to `eos_token_id`:151645 for open-end generation.
Setting `pad_token_id` to `eos_token_id`:151645 for open-end generation.
Setting `pad_token_id` to `eos_token_id`:151645 for open-end generation.
Setting `pad_token_id` to `eos_token_id`:151645 for open-end generation.
Setting `pad_token_id` to `eos_token_id`:151645 for open-end generation.
Setting `pad_token_id` to `eos_token_id`:151645 for open-end generation.
Setting `pad_token_id` to `eos_token_id`:151645 for open-end generation.
Setting `pad_token_id` to `eos_token_id`:151645 for open-end generation.
Setting `pad_token_id` to `eos_token_id`:151645 for open-end generation.
Setting `pad_token_id` to `eos_token_id`:151645 for open-end generation.
Setting `pad_token_id` to `eos_token_id`:151645 for open-end generation.
Setting `pad_token_id` to `eos_token_id`:151645 for open-end generation.
Setting `pad_token_id` to `eos_token_id`:151645 for open-end generation.
Setting `pad_token_id` to `eos_token_id`:151645 for open-end generation.
Setting `pad_token_id` to `eos_token_id`:151645 for open-end generation.
Setting `pad_token_id` to `eos_token_id`:151645 for open-end generation.
Setting `pad_token_id` to `eos_token_id`:151645 for open-end generation.
Setting `pad_token_id` to `eos_token_id`:151645 for open-end generation.
Setting `pad_token_id` to `eos_token_id`:151645 for open-end generation.
Setting `pad_token_id` to `eos_token_id`:151645 for open-end generation.
Setting `pad_token_id` to `eos_token_id`:151645 for open-end generation.
Setting `pad_token_id` to `eos_token_id`:151645 for open-end generation.
Setting `pad_token_id` to `eos_token_id`:151645 for open-end generation.
  [hf] 200/200  parsed=200  gate_hits=87
[eval E2] n=200  parse=100.0%  iou@0.25=43.5%  mean_iou=0.254  center_std=23.2
[train] epoch 2 adapter -> experiments/2026-06-30-vlm-backbone-bakeoff/runs/internvl3-2b/lr0.0004/epoch2
  E3 step 0/4101  loss=0.8544  lr=9.86e-05  8002s
  E3 step 50/4101  loss=0.5802  lr=9.65e-05  8052s
  E3 step 100/4101  loss=0.5180  lr=9.44e-05  8099s
  E3 step 150/4101  loss=0.8643  lr=9.23e-05  8141s
  E3 step 200/4101  loss=0.3845  lr=9.03e-05  8189s
  E3 step 250/4101  loss=0.7722  lr=8.82e-05  8240s
  E3 step 300/4101  loss=0.6124  lr=8.62e-05  8291s
  E3 step 350/4101  loss=1.0564  lr=8.42e-05  8330s
  E3 step 400/4101  loss=0.6389  lr=8.15e-05  8380s
  E3 step 450/4101  loss=0.7336  lr=7.95e-05  8425s
  E3 step 500/4101  loss=0.6383  lr=7.76e-05  8477s
  E3 step 550/4101  loss=0.4256  lr=7.57e-05  8530s
  E3 step 600/4101  loss=0.6419  lr=7.38e-05  8580s
  E3 step 650/4101  loss=0.7376  lr=7.19e-05  8620s
  E3 step 700/4101  loss=0.5758  lr=7.00e-05  8666s
  E3 step 750/4101  loss=0.5067  lr=6.81e-05  8716s
  E3 step 800/4101  loss=0.3715  lr=6.57e-05  8762s
  E3 step 850/4101  loss=0.5516  lr=6.39e-05  8814s
  E3 step 900/4101  loss=0.4760  lr=6.21e-05  8867s
  E3 step 950/4101  loss=0.5686  lr=6.03e-05  8915s
  E3 step 1000/4101  loss=0.7141  lr=5.86e-05  8970s
  E3 step 1050/4101  loss=1.1333  lr=5.69e-05  9015s
  E3 step 1100/4101  loss=0.4989  lr=5.52e-05  9061s
  E3 step 1150/4101  loss=0.7289  lr=5.35e-05  9108s
  E3 step 1200/4101  loss=0.6993  lr=5.13e-05  9154s
  E3 step 1250/4101  loss=0.2267  lr=4.96e-05  9199s
  E3 step 1300/4101  loss=0.5537  lr=4.80e-05  9242s
  E3 step 1350/4101  loss=0.5024  lr=4.64e-05  9282s
  E3 step 1400/4101  loss=0.8369  lr=4.49e-05  9328s
  E3 step 1450/4101  loss=0.4277  lr=4.33e-05  9374s
  E3 step 1500/4101  loss=0.5692  lr=4.18e-05  9419s
  E3 step 1550/4101  loss=0.4218  lr=4.03e-05  9464s
  E3 step 1600/4101  loss=0.5296  lr=3.84e-05  9507s
  E3 step 1650/4101  loss=0.7951  lr=3.70e-05  9549s
  E3 step 1700/4101  loss=0.9831  lr=3.55e-05  9596s
  E3 step 1750/4101  loss=0.5099  lr=3.42e-05  9647s
  E3 step 1800/4101  loss=0.1918  lr=3.28e-05  9694s
  E3 step 1850/4101  loss=0.8535  lr=3.15e-05  9749s
  E3 step 1900/4101  loss=0.5186  lr=3.02e-05  9792s
  E3 step 1950/4101  loss=0.6598  lr=2.89e-05  9835s
  E3 step 2000/4101  loss=0.4866  lr=2.72e-05  9885s
  E3 step 2050/4101  loss=0.4637  lr=2.60e-05  9929s
  E3 step 2100/4101  loss=0.9229  lr=2.48e-05  9975s
  E3 step 2150/4101  loss=0.6109  lr=2.36e-05  10023s
  E3 step 2200/4101  loss=0.5217  lr=2.25e-05  10066s
  E3 step 2250/4101  loss=0.4323  lr=2.14e-05  10113s
  E3 step 2300/4101  loss=0.4184  lr=2.03e-05  10164s
  E3 step 2350/4101  loss=0.5863  lr=1.92e-05  10208s
  E3 step 2400/4101  loss=1.1000  lr=1.78e-05  10250s
  E3 step 2450/4101  loss=0.5363  lr=1.68e-05  10299s
  E3 step 2500/4101  loss=0.6061  lr=1.59e-05  10348s
  E3 step 2550/4101  loss=0.6565  lr=1.49e-05  10396s
  E3 step 2600/4101  loss=0.8826  lr=1.40e-05  10438s
  E3 step 2650/4101  loss=0.4333  lr=1.31e-05  10483s
  E3 step 2700/4101  loss=0.8403  lr=1.22e-05  10534s
  E3 step 2750/4101  loss=0.7363  lr=1.14e-05  10581s
  E3 step 2800/4101  loss=0.4712  lr=1.04e-05  10633s
  E3 step 2850/4101  loss=0.3596  lr=9.59e-06  10681s
  E3 step 2900/4101  loss=0.3956  lr=8.85e-06  10729s
  E3 step 2950/4101  loss=0.9746  lr=8.14e-06  10771s
  E3 step 3000/4101  loss=0.3968  lr=7.46e-06  10823s
  E3 step 3050/4101  loss=0.3581  lr=6.81e-06  10872s
  E3 step 3100/4101  loss=0.5101  lr=6.19e-06  10918s
  E3 step 3150/4101  loss=0.8259  lr=5.60e-06  10967s
  E3 step 3200/4101  loss=0.2966  lr=4.86e-06  11016s
  E3 step 3250/4101  loss=0.2842  lr=4.34e-06  11070s
  E3 step 3300/4101  loss=0.5779  lr=3.84e-06  11123s
  E3 step 3350/4101  loss=0.4672  lr=3.38e-06  11173s
  E3 step 3400/4101  loss=0.4597  lr=2.94e-06  11225s
  E3 step 3450/4101  loss=0.4151  lr=2.54e-06  11267s
  E3 step 3500/4101  loss=0.3027  lr=2.16e-06  11308s
  E3 step 3550/4101  loss=0.5001  lr=1.82e-06  11354s
  E3 step 3600/4101  loss=0.4300  lr=1.41e-06  11402s
  E3 step 3650/4101  loss=0.4192  lr=1.13e-06  11455s
  E3 step 3700/4101  loss=0.9497  lr=8.85e-07  11498s
  E3 step 3750/4101  loss=0.6514  lr=6.69e-07  11546s
  E3 step 3800/4101  loss=0.5370  lr=4.83e-07  11591s
  E3 step 3850/4101  loss=0.7698  lr=3.28e-07  11634s
  E3 step 3900/4101  loss=0.5676  lr=2.02e-07  11679s
  E3 step 3950/4101  loss=0.6918  lr=1.07e-07  11728s
  E3 step 4000/4101  loss=0.4652  lr=2.68e-08  11776s
  E3 step 4050/4101  loss=0.4707  lr=1.67e-09  11821s
  E3 step 4100/4101  loss=0.5890  lr=1.51e-08  11872s
[epoch 3] mean_loss=0.5960  (11872s)
Setting `pad_token_id` to `eos_token_id`:151645 for open-end generation.
Setting `pad_token_id` to `eos_token_id`:151645 for open-end generation.
Setting `pad_token_id` to `eos_token_id`:151645 for open-end generation.
Setting `pad_token_id` to `eos_token_id`:151645 for open-end generation.
Setting `pad_token_id` to `eos_token_id`:151645 for open-end generation.
Setting `pad_token_id` to `eos_token_id`:151645 for open-end generation.
Setting `pad_token_id` to `eos_token_id`:151645 for open-end generation.
Setting `pad_token_id` to `eos_token_id`:151645 for open-end generation.
Setting `pad_token_id` to `eos_token_id`:151645 for open-end generation.
Setting `pad_token_id` to `eos_token_id`:151645 for open-end generation.
Setting `pad_token_id` to `eos_token_id`:151645 for open-end generation.
Setting `pad_token_id` to `eos_token_id`:151645 for open-end generation.
Setting `pad_token_id` to `eos_token_id`:151645 for open-end generation.
Setting `pad_token_id` to `eos_token_id`:151645 for open-end generation.
Setting `pad_token_id` to `eos_token_id`:151645 for open-end generation.
Setting `pad_token_id` to `eos_token_id`:151645 for open-end generation.
Setting `pad_token_id` to `eos_token_id`:151645 for open-end generation.
Setting `pad_token_id` to `eos_token_id`:151645 for open-end generation.
Setting `pad_token_id` to `eos_token_id`:151645 for open-end generation.
Setting `pad_token_id` to `eos_token_id`:151645 for open-end generation.
Setting `pad_token_id` to `eos_token_id`:151645 for open-end generation.
Setting `pad_token_id` to `eos_token_id`:151645 for open-end generation.
Setting `pad_token_id` to `eos_token_id`:151645 for open-end generation.
Setting `pad_token_id` to `eos_token_id`:151645 for open-end generation.
Setting `pad_token_id` to `eos_token_id`:151645 for open-end generation.
Setting `pad_token_id` to `eos_token_id`:151645 for open-end generation.
Setting `pad_token_id` to `eos_token_id`:151645 for open-end generation.
Setting `pad_token_id` to `eos_token_id`:151645 for open-end generation.
Setting `pad_token_id` to `eos_token_id`:151645 for open-end generation.
Setting `pad_token_id` to `eos_token_id`:151645 for open-end generation.
Setting `pad_token_id` to `eos_token_id`:151645 for open-end generation.
Setting `pad_token_id` to `eos_token_id`:151645 for open-end generation.
Setting `pad_token_id` to `eos_token_id`:151645 for open-end generation.
Setting `pad_token_id` to `eos_token_id`:151645 for open-end generation.
Setting `pad_token_id` to `eos_token_id`:151645 for open-end generation.
Setting `pad_token_id` to `eos_token_id`:151645 for open-end generation.
Setting `pad_token_id` to `eos_token_id`:151645 for open-end generation.
Setting `pad_token_id` to `eos_token_id`:151645 for open-end generation.
Setting `pad_token_id` to `eos_token_id`:151645 for open-end generation.
Setting `pad_token_id` to `eos_token_id`:151645 for open-end generation.
  [hf] 40/200  parsed=40  gate_hits=18
Setting `pad_token_id` to `eos_token_id`:151645 for open-end generation.
Setting `pad_token_id` to `eos_token_id`:151645 for open-end generation.
Setting `pad_token_id` to `eos_token_id`:151645 for open-end generation.
Setting `pad_token_id` to `eos_token_id`:151645 for open-end generation.
Setting `pad_token_id` to `eos_token_id`:151645 for open-end generation.
Setting `pad_token_id` to `eos_token_id`:151645 for open-end generation.
Setting `pad_token_id` to `eos_token_id`:151645 for open-end generation.
Setting `pad_token_id` to `eos_token_id`:151645 for open-end generation.
Setting `pad_token_id` to `eos_token_id`:151645 for open-end generation.
Setting `pad_token_id` to `eos_token_id`:151645 for open-end generation.
Setting `pad_token_id` to `eos_token_id`:151645 for open-end generation.
Setting `pad_token_id` to `eos_token_id`:151645 for open-end generation.
Setting `pad_token_id` to `eos_token_id`:151645 for open-end generation.
Setting `pad_token_id` to `eos_token_id`:151645 for open-end generation.
Setting `pad_token_id` to `eos_token_id`:151645 for open-end generation.
Setting `pad_token_id` to `eos_token_id`:151645 for open-end generation.
Setting `pad_token_id` to `eos_token_id`:151645 for open-end generation.
Setting `pad_token_id` to `eos_token_id`:151645 for open-end generation.
Setting `pad_token_id` to `eos_token_id`:151645 for open-end generation.
Setting `pad_token_id` to `eos_token_id`:151645 for open-end generation.
Setting `pad_token_id` to `eos_token_id`:151645 for open-end generation.
Setting `pad_token_id` to `eos_token_id`:151645 for open-end generation.
Setting `pad_token_id` to `eos_token_id`:151645 for open-end generation.
Setting `pad_token_id` to `eos_token_id`:151645 for open-end generation.
Setting `pad_token_id` to `eos_token_id`:151645 for open-end generation.
Setting `pad_token_id` to `eos_token_id`:151645 for open-end generation.
Setting `pad_token_id` to `eos_token_id`:151645 for open-end generation.
Setting `pad_token_id` to `eos_token_id`:151645 for open-end generation.
Setting `pad_token_id` to `eos_token_id`:151645 for open-end generation.
Setting `pad_token_id` to `eos_token_id`:151645 for open-end generation.
Setting `pad_token_id` to `eos_token_id`:151645 for open-end generation.
Setting `pad_token_id` to `eos_token_id`:151645 for open-end generation.
Setting `pad_token_id` to `eos_token_id`:151645 for open-end generation.
Setting `pad_token_id` to `eos_token_id`:151645 for open-end generation.
Setting `pad_token_id` to `eos_token_id`:151645 for open-end generation.
Setting `pad_token_id` to `eos_token_id`:151645 for open-end generation.
Setting `pad_token_id` to `eos_token_id`:151645 for open-end generation.
Setting `pad_token_id` to `eos_token_id`:151645 for open-end generation.
Setting `pad_token_id` to `eos_token_id`:151645 for open-end generation.
Setting `pad_token_id` to `eos_token_id`:151645 for open-end generation.
  [hf] 80/200  parsed=80  gate_hits=38
Setting `pad_token_id` to `eos_token_id`:151645 for open-end generation.
Setting `pad_token_id` to `eos_token_id`:151645 for open-end generation.
Setting `pad_token_id` to `eos_token_id`:151645 for open-end generation.
Setting `pad_token_id` to `eos_token_id`:151645 for open-end generation.
Setting `pad_token_id` to `eos_token_id`:151645 for open-end generation.
Setting `pad_token_id` to `eos_token_id`:151645 for open-end generation.
Setting `pad_token_id` to `eos_token_id`:151645 for open-end generation.
Setting `pad_token_id` to `eos_token_id`:151645 for open-end generation.
Setting `pad_token_id` to `eos_token_id`:151645 for open-end generation.
Setting `pad_token_id` to `eos_token_id`:151645 for open-end generation.
Setting `pad_token_id` to `eos_token_id`:151645 for open-end generation.
Setting `pad_token_id` to `eos_token_id`:151645 for open-end generation.
Setting `pad_token_id` to `eos_token_id`:151645 for open-end generation.
Setting `pad_token_id` to `eos_token_id`:151645 for open-end generation.
Setting `pad_token_id` to `eos_token_id`:151645 for open-end generation.
Setting `pad_token_id` to `eos_token_id`:151645 for open-end generation.
Setting `pad_token_id` to `eos_token_id`:151645 for open-end generation.
Setting `pad_token_id` to `eos_token_id`:151645 for open-end generation.
Setting `pad_token_id` to `eos_token_id`:151645 for open-end generation.
Setting `pad_token_id` to `eos_token_id`:151645 for open-end generation.
Setting `pad_token_id` to `eos_token_id`:151645 for open-end generation.
Setting `pad_token_id` to `eos_token_id`:151645 for open-end generation.
Setting `pad_token_id` to `eos_token_id`:151645 for open-end generation.
Setting `pad_token_id` to `eos_token_id`:151645 for open-end generation.
Setting `pad_token_id` to `eos_token_id`:151645 for open-end generation.
Setting `pad_token_id` to `eos_token_id`:151645 for open-end generation.
Setting `pad_token_id` to `eos_token_id`:151645 for open-end generation.
Setting `pad_token_id` to `eos_token_id`:151645 for open-end generation.
Setting `pad_token_id` to `eos_token_id`:151645 for open-end generation.
Setting `pad_token_id` to `eos_token_id`:151645 for open-end generation.
Setting `pad_token_id` to `eos_token_id`:151645 for open-end generation.
Setting `pad_token_id` to `eos_token_id`:151645 for open-end generation.
Setting `pad_token_id` to `eos_token_id`:151645 for open-end generation.
Setting `pad_token_id` to `eos_token_id`:151645 for open-end generation.
Setting `pad_token_id` to `eos_token_id`:151645 for open-end generation.
Setting `pad_token_id` to `eos_token_id`:151645 for open-end generation.
Setting `pad_token_id` to `eos_token_id`:151645 for open-end generation.
Setting `pad_token_id` to `eos_token_id`:151645 for open-end generation.
Setting `pad_token_id` to `eos_token_id`:151645 for open-end generation.
Setting `pad_token_id` to `eos_token_id`:151645 for open-end generation.
  [hf] 120/200  parsed=120  gate_hits=62
Setting `pad_token_id` to `eos_token_id`:151645 for open-end generation.
Setting `pad_token_id` to `eos_token_id`:151645 for open-end generation.
Setting `pad_token_id` to `eos_token_id`:151645 for open-end generation.
Setting `pad_token_id` to `eos_token_id`:151645 for open-end generation.
Setting `pad_token_id` to `eos_token_id`:151645 for open-end generation.
Setting `pad_token_id` to `eos_token_id`:151645 for open-end generation.
Setting `pad_token_id` to `eos_token_id`:151645 for open-end generation.
Setting `pad_token_id` to `eos_token_id`:151645 for open-end generation.
Setting `pad_token_id` to `eos_token_id`:151645 for open-end generation.
Setting `pad_token_id` to `eos_token_id`:151645 for open-end generation.
Setting `pad_token_id` to `eos_token_id`:151645 for open-end generation.
Setting `pad_token_id` to `eos_token_id`:151645 for open-end generation.
Setting `pad_token_id` to `eos_token_id`:151645 for open-end generation.
Setting `pad_token_id` to `eos_token_id`:151645 for open-end generation.
Setting `pad_token_id` to `eos_token_id`:151645 for open-end generation.
Setting `pad_token_id` to `eos_token_id`:151645 for open-end generation.
Setting `pad_token_id` to `eos_token_id`:151645 for open-end generation.
Setting `pad_token_id` to `eos_token_id`:151645 for open-end generation.
Setting `pad_token_id` to `eos_token_id`:151645 for open-end generation.
Setting `pad_token_id` to `eos_token_id`:151645 for open-end generation.
Setting `pad_token_id` to `eos_token_id`:151645 for open-end generation.
Setting `pad_token_id` to `eos_token_id`:151645 for open-end generation.
Setting `pad_token_id` to `eos_token_id`:151645 for open-end generation.
Setting `pad_token_id` to `eos_token_id`:151645 for open-end generation.
Setting `pad_token_id` to `eos_token_id`:151645 for open-end generation.
Setting `pad_token_id` to `eos_token_id`:151645 for open-end generation.
Setting `pad_token_id` to `eos_token_id`:151645 for open-end generation.
Setting `pad_token_id` to `eos_token_id`:151645 for open-end generation.
Setting `pad_token_id` to `eos_token_id`:151645 for open-end generation.
Setting `pad_token_id` to `eos_token_id`:151645 for open-end generation.
Setting `pad_token_id` to `eos_token_id`:151645 for open-end generation.
Setting `pad_token_id` to `eos_token_id`:151645 for open-end generation.
Setting `pad_token_id` to `eos_token_id`:151645 for open-end generation.
Setting `pad_token_id` to `eos_token_id`:151645 for open-end generation.
Setting `pad_token_id` to `eos_token_id`:151645 for open-end generation.
Setting `pad_token_id` to `eos_token_id`:151645 for open-end generation.
Setting `pad_token_id` to `eos_token_id`:151645 for open-end generation.
Setting `pad_token_id` to `eos_token_id`:151645 for open-end generation.
Setting `pad_token_id` to `eos_token_id`:151645 for open-end generation.
Setting `pad_token_id` to `eos_token_id`:151645 for open-end generation.
  [hf] 160/200  parsed=160  gate_hits=80
Setting `pad_token_id` to `eos_token_id`:151645 for open-end generation.
Setting `pad_token_id` to `eos_token_id`:151645 for open-end generation.
Setting `pad_token_id` to `eos_token_id`:151645 for open-end generation.
Setting `pad_token_id` to `eos_token_id`:151645 for open-end generation.
Setting `pad_token_id` to `eos_token_id`:151645 for open-end generation.
Setting `pad_token_id` to `eos_token_id`:151645 for open-end generation.
Setting `pad_token_id` to `eos_token_id`:151645 for open-end generation.
Setting `pad_token_id` to `eos_token_id`:151645 for open-end generation.
Setting `pad_token_id` to `eos_token_id`:151645 for open-end generation.
Setting `pad_token_id` to `eos_token_id`:151645 for open-end generation.
Setting `pad_token_id` to `eos_token_id`:151645 for open-end generation.
Setting `pad_token_id` to `eos_token_id`:151645 for open-end generation.
Setting `pad_token_id` to `eos_token_id`:151645 for open-end generation.
Setting `pad_token_id` to `eos_token_id`:151645 for open-end generation.
Setting `pad_token_id` to `eos_token_id`:151645 for open-end generation.
Setting `pad_token_id` to `eos_token_id`:151645 for open-end generation.
Setting `pad_token_id` to `eos_token_id`:151645 for open-end generation.
Setting `pad_token_id` to `eos_token_id`:151645 for open-end generation.
Setting `pad_token_id` to `eos_token_id`:151645 for open-end generation.
Setting `pad_token_id` to `eos_token_id`:151645 for open-end generation.
Setting `pad_token_id` to `eos_token_id`:151645 for open-end generation.
Setting `pad_token_id` to `eos_token_id`:151645 for open-end generation.
Setting `pad_token_id` to `eos_token_id`:151645 for open-end generation.
Setting `pad_token_id` to `eos_token_id`:151645 for open-end generation.
Setting `pad_token_id` to `eos_token_id`:151645 for open-end generation.
Setting `pad_token_id` to `eos_token_id`:151645 for open-end generation.
Setting `pad_token_id` to `eos_token_id`:151645 for open-end generation.
Setting `pad_token_id` to `eos_token_id`:151645 for open-end generation.
Setting `pad_token_id` to `eos_token_id`:151645 for open-end generation.
Setting `pad_token_id` to `eos_token_id`:151645 for open-end generation.
Setting `pad_token_id` to `eos_token_id`:151645 for open-end generation.
Setting `pad_token_id` to `eos_token_id`:151645 for open-end generation.
Setting `pad_token_id` to `eos_token_id`:151645 for open-end generation.
Setting `pad_token_id` to `eos_token_id`:151645 for open-end generation.
Setting `pad_token_id` to `eos_token_id`:151645 for open-end generation.
Setting `pad_token_id` to `eos_token_id`:151645 for open-end generation.
Setting `pad_token_id` to `eos_token_id`:151645 for open-end generation.
Setting `pad_token_id` to `eos_token_id`:151645 for open-end generation.
Setting `pad_token_id` to `eos_token_id`:151645 for open-end generation.
Setting `pad_token_id` to `eos_token_id`:151645 for open-end generation.
  [hf] 200/200  parsed=200  gate_hits=95
[eval E3] n=200  parse=100.0%  iou@0.25=47.5%  mean_iou=0.297  center_std=22.4
[train] epoch 3 adapter -> experiments/2026-06-30-vlm-backbone-bakeoff/runs/internvl3-2b/lr0.0004/epoch3
[train] merging LoRA adapter into base weights...
/home/gara/jetson/.venv-ft/lib/python3.12/site-packages/peft/tuners/tuners_utils.py:683: UserWarning: Input and output embeddings are no longer tied after merging. Setting `tie_word_embeddings=False` in the model config.
  warnings.warn(
[train] merged checkpoint -> experiments/2026-06-30-vlm-backbone-bakeoff/runs/internvl3-2b/lr0.0004
[train] manifest -> runs/20260630T224329Z
[run_arm] lr=0.0004  best in-loop IoU@0.25=47.5%

[run_arm] sweep winner: lr=0.0004  IoU@0.25=47.5%  ckpt=experiments/2026-06-30-vlm-backbone-bakeoff/runs/internvl3-2b/lr0.0004

[run_arm] whole-frame accuracy re-score: experiments/2026-06-30-vlm-backbone-bakeoff/runs/internvl3-2b/lr0.0004
The tokenizer you are loading from 'experiments/2026-06-30-vlm-backbone-bakeoff/runs/internvl3-2b/lr0.0004' with an incorrect regex pattern: https://huggingface.co/mistralai/Mistral-Small-3.1-24B-Instruct-2503/discussions/84#69121093e8b480e709447d5e. This will lead to incorrect tokenization. You should set the `fix_mistral_regex=True` flag when loading this tokenizer to fix this issue.
Setting `pad_token_id` to `eos_token_id`:151645 for open-end generation.
Setting `pad_token_id` to `eos_token_id`:151645 for open-end generation.
Setting `pad_token_id` to `eos_token_id`:151645 for open-end generation.
Setting `pad_token_id` to `eos_token_id`:151645 for open-end generation.
Setting `pad_token_id` to `eos_token_id`:151645 for open-end generation.
Setting `pad_token_id` to `eos_token_id`:151645 for open-end generation.
Setting `pad_token_id` to `eos_token_id`:151645 for open-end generation.
Setting `pad_token_id` to `eos_token_id`:151645 for open-end generation.
Setting `pad_token_id` to `eos_token_id`:151645 for open-end generation.
Setting `pad_token_id` to `eos_token_id`:151645 for open-end generation.
Setting `pad_token_id` to `eos_token_id`:151645 for open-end generation.
Setting `pad_token_id` to `eos_token_id`:151645 for open-end generation.
Setting `pad_token_id` to `eos_token_id`:151645 for open-end generation.
Setting `pad_token_id` to `eos_token_id`:151645 for open-end generation.
Setting `pad_token_id` to `eos_token_id`:151645 for open-end generation.
Setting `pad_token_id` to `eos_token_id`:151645 for open-end generation.
Setting `pad_token_id` to `eos_token_id`:151645 for open-end generation.
Setting `pad_token_id` to `eos_token_id`:151645 for open-end generation.
Setting `pad_token_id` to `eos_token_id`:151645 for open-end generation.
Setting `pad_token_id` to `eos_token_id`:151645 for open-end generation.
Setting `pad_token_id` to `eos_token_id`:151645 for open-end generation.
Setting `pad_token_id` to `eos_token_id`:151645 for open-end generation.
Setting `pad_token_id` to `eos_token_id`:151645 for open-end generation.
Setting `pad_token_id` to `eos_token_id`:151645 for open-end generation.
Setting `pad_token_id` to `eos_token_id`:151645 for open-end generation.
Setting `pad_token_id` to `eos_token_id`:151645 for open-end generation.
Setting `pad_token_id` to `eos_token_id`:151645 for open-end generation.
Setting `pad_token_id` to `eos_token_id`:151645 for open-end generation.
Setting `pad_token_id` to `eos_token_id`:151645 for open-end generation.
Setting `pad_token_id` to `eos_token_id`:151645 for open-end generation.
Setting `pad_token_id` to `eos_token_id`:151645 for open-end generation.
Setting `pad_token_id` to `eos_token_id`:151645 for open-end generation.
Setting `pad_token_id` to `eos_token_id`:151645 for open-end generation.
Setting `pad_token_id` to `eos_token_id`:151645 for open-end generation.
Setting `pad_token_id` to `eos_token_id`:151645 for open-end generation.
Setting `pad_token_id` to `eos_token_id`:151645 for open-end generation.
Setting `pad_token_id` to `eos_token_id`:151645 for open-end generation.
Setting `pad_token_id` to `eos_token_id`:151645 for open-end generation.
Setting `pad_token_id` to `eos_token_id`:151645 for open-end generation.
Setting `pad_token_id` to `eos_token_id`:151645 for open-end generation.
  [hf] 40/200  parsed=40  gate_hits=18
Setting `pad_token_id` to `eos_token_id`:151645 for open-end generation.
Setting `pad_token_id` to `eos_token_id`:151645 for open-end generation.
Setting `pad_token_id` to `eos_token_id`:151645 for open-end generation.
Setting `pad_token_id` to `eos_token_id`:151645 for open-end generation.
Setting `pad_token_id` to `eos_token_id`:151645 for open-end generation.
Setting `pad_token_id` to `eos_token_id`:151645 for open-end generation.
Setting `pad_token_id` to `eos_token_id`:151645 for open-end generation.
Setting `pad_token_id` to `eos_token_id`:151645 for open-end generation.
Setting `pad_token_id` to `eos_token_id`:151645 for open-end generation.
Setting `pad_token_id` to `eos_token_id`:151645 for open-end generation.
Setting `pad_token_id` to `eos_token_id`:151645 for open-end generation.
Setting `pad_token_id` to `eos_token_id`:151645 for open-end generation.
Setting `pad_token_id` to `eos_token_id`:151645 for open-end generation.
Setting `pad_token_id` to `eos_token_id`:151645 for open-end generation.
Setting `pad_token_id` to `eos_token_id`:151645 for open-end generation.
Setting `pad_token_id` to `eos_token_id`:151645 for open-end generation.
Setting `pad_token_id` to `eos_token_id`:151645 for open-end generation.
Setting `pad_token_id` to `eos_token_id`:151645 for open-end generation.
Setting `pad_token_id` to `eos_token_id`:151645 for open-end generation.
Setting `pad_token_id` to `eos_token_id`:151645 for open-end generation.
Setting `pad_token_id` to `eos_token_id`:151645 for open-end generation.
Setting `pad_token_id` to `eos_token_id`:151645 for open-end generation.
Setting `pad_token_id` to `eos_token_id`:151645 for open-end generation.
Setting `pad_token_id` to `eos_token_id`:151645 for open-end generation.
Setting `pad_token_id` to `eos_token_id`:151645 for open-end generation.
Setting `pad_token_id` to `eos_token_id`:151645 for open-end generation.
Setting `pad_token_id` to `eos_token_id`:151645 for open-end generation.
Setting `pad_token_id` to `eos_token_id`:151645 for open-end generation.
Setting `pad_token_id` to `eos_token_id`:151645 for open-end generation.
Setting `pad_token_id` to `eos_token_id`:151645 for open-end generation.
Setting `pad_token_id` to `eos_token_id`:151645 for open-end generation.
Setting `pad_token_id` to `eos_token_id`:151645 for open-end generation.
Setting `pad_token_id` to `eos_token_id`:151645 for open-end generation.
Setting `pad_token_id` to `eos_token_id`:151645 for open-end generation.
Setting `pad_token_id` to `eos_token_id`:151645 for open-end generation.
Setting `pad_token_id` to `eos_token_id`:151645 for open-end generation.
Setting `pad_token_id` to `eos_token_id`:151645 for open-end generation.
Setting `pad_token_id` to `eos_token_id`:151645 for open-end generation.
Setting `pad_token_id` to `eos_token_id`:151645 for open-end generation.
Setting `pad_token_id` to `eos_token_id`:151645 for open-end generation.
  [hf] 80/200  parsed=80  gate_hits=39
Setting `pad_token_id` to `eos_token_id`:151645 for open-end generation.
Setting `pad_token_id` to `eos_token_id`:151645 for open-end generation.
Setting `pad_token_id` to `eos_token_id`:151645 for open-end generation.
Setting `pad_token_id` to `eos_token_id`:151645 for open-end generation.
Setting `pad_token_id` to `eos_token_id`:151645 for open-end generation.
Setting `pad_token_id` to `eos_token_id`:151645 for open-end generation.
Setting `pad_token_id` to `eos_token_id`:151645 for open-end generation.
Setting `pad_token_id` to `eos_token_id`:151645 for open-end generation.
Setting `pad_token_id` to `eos_token_id`:151645 for open-end generation.
Setting `pad_token_id` to `eos_token_id`:151645 for open-end generation.
Setting `pad_token_id` to `eos_token_id`:151645 for open-end generation.
Setting `pad_token_id` to `eos_token_id`:151645 for open-end generation.
Setting `pad_token_id` to `eos_token_id`:151645 for open-end generation.
Setting `pad_token_id` to `eos_token_id`:151645 for open-end generation.
Setting `pad_token_id` to `eos_token_id`:151645 for open-end generation.
Setting `pad_token_id` to `eos_token_id`:151645 for open-end generation.
Setting `pad_token_id` to `eos_token_id`:151645 for open-end generation.
Setting `pad_token_id` to `eos_token_id`:151645 for open-end generation.
Setting `pad_token_id` to `eos_token_id`:151645 for open-end generation.
Setting `pad_token_id` to `eos_token_id`:151645 for open-end generation.
Setting `pad_token_id` to `eos_token_id`:151645 for open-end generation.
Setting `pad_token_id` to `eos_token_id`:151645 for open-end generation.
Setting `pad_token_id` to `eos_token_id`:151645 for open-end generation.
Setting `pad_token_id` to `eos_token_id`:151645 for open-end generation.
Setting `pad_token_id` to `eos_token_id`:151645 for open-end generation.
Setting `pad_token_id` to `eos_token_id`:151645 for open-end generation.
Setting `pad_token_id` to `eos_token_id`:151645 for open-end generation.
Setting `pad_token_id` to `eos_token_id`:151645 for open-end generation.
Setting `pad_token_id` to `eos_token_id`:151645 for open-end generation.
Setting `pad_token_id` to `eos_token_id`:151645 for open-end generation.
Setting `pad_token_id` to `eos_token_id`:151645 for open-end generation.
Setting `pad_token_id` to `eos_token_id`:151645 for open-end generation.
Setting `pad_token_id` to `eos_token_id`:151645 for open-end generation.
Setting `pad_token_id` to `eos_token_id`:151645 for open-end generation.
Setting `pad_token_id` to `eos_token_id`:151645 for open-end generation.
Setting `pad_token_id` to `eos_token_id`:151645 for open-end generation.
Setting `pad_token_id` to `eos_token_id`:151645 for open-end generation.
Setting `pad_token_id` to `eos_token_id`:151645 for open-end generation.
Setting `pad_token_id` to `eos_token_id`:151645 for open-end generation.
Setting `pad_token_id` to `eos_token_id`:151645 for open-end generation.
  [hf] 120/200  parsed=120  gate_hits=63
Setting `pad_token_id` to `eos_token_id`:151645 for open-end generation.
Setting `pad_token_id` to `eos_token_id`:151645 for open-end generation.
Setting `pad_token_id` to `eos_token_id`:151645 for open-end generation.
Setting `pad_token_id` to `eos_token_id`:151645 for open-end generation.
Setting `pad_token_id` to `eos_token_id`:151645 for open-end generation.
Setting `pad_token_id` to `eos_token_id`:151645 for open-end generation.
Setting `pad_token_id` to `eos_token_id`:151645 for open-end generation.
Setting `pad_token_id` to `eos_token_id`:151645 for open-end generation.
Setting `pad_token_id` to `eos_token_id`:151645 for open-end generation.
Setting `pad_token_id` to `eos_token_id`:151645 for open-end generation.
Setting `pad_token_id` to `eos_token_id`:151645 for open-end generation.
Setting `pad_token_id` to `eos_token_id`:151645 for open-end generation.
Setting `pad_token_id` to `eos_token_id`:151645 for open-end generation.
Setting `pad_token_id` to `eos_token_id`:151645 for open-end generation.
Setting `pad_token_id` to `eos_token_id`:151645 for open-end generation.
Setting `pad_token_id` to `eos_token_id`:151645 for open-end generation.
Setting `pad_token_id` to `eos_token_id`:151645 for open-end generation.
Setting `pad_token_id` to `eos_token_id`:151645 for open-end generation.
Setting `pad_token_id` to `eos_token_id`:151645 for open-end generation.
Setting `pad_token_id` to `eos_token_id`:151645 for open-end generation.
Setting `pad_token_id` to `eos_token_id`:151645 for open-end generation.
Setting `pad_token_id` to `eos_token_id`:151645 for open-end generation.
Setting `pad_token_id` to `eos_token_id`:151645 for open-end generation.
Setting `pad_token_id` to `eos_token_id`:151645 for open-end generation.
Setting `pad_token_id` to `eos_token_id`:151645 for open-end generation.
Setting `pad_token_id` to `eos_token_id`:151645 for open-end generation.
Setting `pad_token_id` to `eos_token_id`:151645 for open-end generation.
Setting `pad_token_id` to `eos_token_id`:151645 for open-end generation.
Setting `pad_token_id` to `eos_token_id`:151645 for open-end generation.
Setting `pad_token_id` to `eos_token_id`:151645 for open-end generation.
Setting `pad_token_id` to `eos_token_id`:151645 for open-end generation.
Setting `pad_token_id` to `eos_token_id`:151645 for open-end generation.
Setting `pad_token_id` to `eos_token_id`:151645 for open-end generation.
Setting `pad_token_id` to `eos_token_id`:151645 for open-end generation.
Setting `pad_token_id` to `eos_token_id`:151645 for open-end generation.
Setting `pad_token_id` to `eos_token_id`:151645 for open-end generation.
Setting `pad_token_id` to `eos_token_id`:151645 for open-end generation.
Setting `pad_token_id` to `eos_token_id`:151645 for open-end generation.
Setting `pad_token_id` to `eos_token_id`:151645 for open-end generation.
Setting `pad_token_id` to `eos_token_id`:151645 for open-end generation.
  [hf] 160/200  parsed=160  gate_hits=81
Setting `pad_token_id` to `eos_token_id`:151645 for open-end generation.
Setting `pad_token_id` to `eos_token_id`:151645 for open-end generation.
Setting `pad_token_id` to `eos_token_id`:151645 for open-end generation.
Setting `pad_token_id` to `eos_token_id`:151645 for open-end generation.
Setting `pad_token_id` to `eos_token_id`:151645 for open-end generation.
Setting `pad_token_id` to `eos_token_id`:151645 for open-end generation.
Setting `pad_token_id` to `eos_token_id`:151645 for open-end generation.
Setting `pad_token_id` to `eos_token_id`:151645 for open-end generation.
Setting `pad_token_id` to `eos_token_id`:151645 for open-end generation.
Setting `pad_token_id` to `eos_token_id`:151645 for open-end generation.
Setting `pad_token_id` to `eos_token_id`:151645 for open-end generation.
Setting `pad_token_id` to `eos_token_id`:151645 for open-end generation.
Setting `pad_token_id` to `eos_token_id`:151645 for open-end generation.
Setting `pad_token_id` to `eos_token_id`:151645 for open-end generation.
Setting `pad_token_id` to `eos_token_id`:151645 for open-end generation.
Setting `pad_token_id` to `eos_token_id`:151645 for open-end generation.
Setting `pad_token_id` to `eos_token_id`:151645 for open-end generation.
Setting `pad_token_id` to `eos_token_id`:151645 for open-end generation.
Setting `pad_token_id` to `eos_token_id`:151645 for open-end generation.
Setting `pad_token_id` to `eos_token_id`:151645 for open-end generation.
Setting `pad_token_id` to `eos_token_id`:151645 for open-end generation.
Setting `pad_token_id` to `eos_token_id`:151645 for open-end generation.
Setting `pad_token_id` to `eos_token_id`:151645 for open-end generation.
Setting `pad_token_id` to `eos_token_id`:151645 for open-end generation.
Setting `pad_token_id` to `eos_token_id`:151645 for open-end generation.
Setting `pad_token_id` to `eos_token_id`:151645 for open-end generation.
Setting `pad_token_id` to `eos_token_id`:151645 for open-end generation.
Setting `pad_token_id` to `eos_token_id`:151645 for open-end generation.
Setting `pad_token_id` to `eos_token_id`:151645 for open-end generation.
Setting `pad_token_id` to `eos_token_id`:151645 for open-end generation.
Setting `pad_token_id` to `eos_token_id`:151645 for open-end generation.
Setting `pad_token_id` to `eos_token_id`:151645 for open-end generation.
Setting `pad_token_id` to `eos_token_id`:151645 for open-end generation.
Setting `pad_token_id` to `eos_token_id`:151645 for open-end generation.
Setting `pad_token_id` to `eos_token_id`:151645 for open-end generation.
Setting `pad_token_id` to `eos_token_id`:151645 for open-end generation.
Setting `pad_token_id` to `eos_token_id`:151645 for open-end generation.
Setting `pad_token_id` to `eos_token_id`:151645 for open-end generation.
Setting `pad_token_id` to `eos_token_id`:151645 for open-end generation.
Setting `pad_token_id` to `eos_token_id`:151645 for open-end generation.
  [hf] 200/200  parsed=200  gate_hits=97
[eval-only] experiments/2026-06-30-vlm-backbone-bakeoff/runs/internvl3-2b/lr0.0004  n=200  parse=100.0%  iou@0.25=48.5%  mean_iou=0.298  center_std=22.3
=== exited rc=0 (attempt 1) 2026-06-30T22:44:40Z ===
=== arm internvl3-2b COMPLETE ===
