{
  "backend": "hf",
  "n": 439,
  "parse_rate": 0.9886104783599089,
  "iou_gate_pass_rate": 0.5444191343963554,
  "mean_iou": 0.46521894992672713,
  "center_std": 229.57699180010465
}
