{
  "backend": "hf",
  "n": 439,
  "parse_rate": 0.9908883826879271,
  "iou_gate_pass_rate": 0.835990888382688,
  "mean_iou": 0.6714306023632237,
  "center_std": 228.56659713358525
}
