{
  "backend": "hf",
  "n": 439,
  "parse_rate": 0.9840546697038725,
  "iou_gate_pass_rate": 0.002277904328018223,
  "mean_iou": 0.002308030867058134,
  "center_std": 20.521572280532897
}
