t_s,state,copter_n,copter_e,copter_d,rover_n,rover_e,in_fov,occluded,bbox_cx,bbox_cy,px_err,vx_cmd,vy_cmd,loop_ms,dist_n,dist_e,d_true_px,d_dist_px,carry_score
0.0,ACQUIRE,0.01,-0.01,-8.8,0.51,-0.01,1,0,,,,0.0,0.0,5.3,-1.99,2.99,,,
0.05,ACQUIRE,0.01,-0.01,-8.92,0.54,-0.01,1,0,,,,0.0,0.0,1.8,-1.96,2.99,,,
0.1,ACQUIRE,0.01,-0.01,-8.92,0.56,-0.01,1,0,,,,0.0,0.0,1.2,-1.94,2.99,,,
0.15,ACQUIRE,0.01,-0.01,-9.03,0.59,-0.01,1,0,,,,0.0,0.0,2.2,-1.91,2.99,,,
0.2,ACQUIRE,0.01,-0.01,-9.03,0.61,-0.01,1,0,,,,0.0,0.0,1.0,-1.89,2.99,,,
0.25,ACQUIRE,0.01,-0.01,-9.13,0.64,-0.01,1,0,,,,0.0,0.0,1.8,-1.86,2.99,,,
0.3,ACQUIRE,0.01,-0.01,-9.13,0.66,-0.01,1,0,,,,0.0,0.0,1.0,-1.84,2.99,,,
0.35,ACQUIRE,0.01,-0.01,-9.22,0.69,-0.01,1,0,,,,0.56,1.52,3.4,-1.81,2.99,,,
0.4,ACQUIRE,0.01,-0.01,-9.22,0.71,-0.01,1,0,,,,0.58,1.52,2.5,-1.79,2.99,,,
0.45,ACQUIRE,0.01,-0.01,-9.3,0.74,-0.01,1,0,,,,0.59,1.5,2.6,-1.76,2.99,,,
0.5,ACQUIRE,0.01,-0.01,-9.3,0.76,-0.01,1,0,,,,0.6,1.5,2.0,-1.74,2.99,,,
0.55,ACQUIRE,0.01,-0.01,-9.37,0.79,-0.01,1,0,,,,0.61,1.49,2.6,-1.71,2.99,,,
0.6,ACQUIRE,0.01,-0.01,-9.37,0.81,-0.01,1,0,,,,0.63,1.49,2.3,-1.69,2.99,,,
0.65,ACQUIRE,0.01,-0.0,-9.44,0.84,-0.01,1,0,,,,0.63,1.48,3.2,-1.66,2.99,,,
0.7,ACQUIRE,0.01,-0.0,-9.44,0.86,-0.01,1,0,,,,0.64,1.48,2.4,-1.64,2.99,,,
0.75,ACQUIRE,0.01,0.01,-9.49,0.89,-0.01,1,0,,,,0.65,1.47,3.1,-1.61,2.99,,,
0.8,ACQUIRE,0.01,0.01,-9.49,0.91,-0.01,1,0,,,,0.66,1.47,2.2,-1.59,2.99,,,
0.85,ACQUIRE,0.03,0.03,-9.53,0.94,-0.01,1,0,,,,0.8,1.46,3.0,-1.56,2.99,,,
0.9,ACQUIRE,0.03,0.03,-9.53,0.96,-0.01,1,0,,,,0.81,1.46,2.2,-1.54,2.99,,,
0.95,ACQUIRE,0.05,0.06,-9.56,0.99,-0.01,1,0,,,,0.8,1.4,2.9,-1.51,2.99,,,
1.0,ACQUIRE,0.05,0.06,-9.56,1.01,-0.01,1,0,,,,0.82,1.4,2.4,-1.49,2.99,,,
1.05,ACQUIRE,0.08,0.11,-9.58,1.04,-0.01,1,0,,,,0.79,1.34,3.1,-1.46,2.99,,,
1.1,ACQUIRE,0.08,0.11,-9.58,1.06,-0.01,1,0,,,,0.81,1.34,2.6,-1.44,2.99,,,
1.15,ACQUIRE,0.12,0.18,-9.59,1.09,-0.01,1,0,,,,0.78,1.26,3.5,-1.41,2.99,,,
1.2,ACQUIRE,0.12,0.18,-9.59,1.11,-0.01,1,0,,,,0.8,1.26,2.3,-1.39,2.99,,,
1.25,ACQUIRE,0.18,0.26,-9.59,1.14,-0.01,1,0,,,,0.76,1.15,3.2,-1.36,2.99,,,
1.3,ACQUIRE,0.18,0.26,-9.59,1.16,-0.01,1,0,,,,0.78,1.15,2.5,-1.34,2.99,,,
1.35,ACQUIRE,0.24,0.35,-9.59,1.19,-0.01,1,0,,,,0.88,1.06,3.2,-1.31,2.99,,,
1.4,ACQUIRE,0.24,0.35,-9.59,1.21,-0.01,1,0,,,,0.9,1.06,2.6,-1.29,2.99,,,
1.45,ACQUIRE,0.31,0.45,-9.59,1.24,-0.01,1,0,,,,0.85,0.95,3.3,-1.26,2.99,,,
1.5,ACQUIRE,0.31,0.45,-9.59,1.26,-0.01,1,0,,,,0.86,0.96,2.5,-1.24,2.99,,,
1.55,ACQUIRE,0.38,0.54,-9.58,1.29,-0.01,1,0,,,,0.8,0.83,3.4,-1.21,2.99,,,
1.6,ACQUIRE,0.38,0.54,-9.58,1.31,-0.01,1,0,,,,0.82,0.83,2.6,-1.19,2.99,,,
1.65,ACQUIRE,0.47,0.64,-9.57,1.34,-0.01,1,0,,,,0.75,0.71,3.2,-1.16,2.99,,,
1.7,ACQUIRE,0.47,0.64,-9.57,1.36,-0.01,1,0,,,,0.77,0.71,2.4,-1.14,2.99,,,
1.75,ACQUIRE,0.55,0.74,-9.57,1.39,-0.01,1,0,,,,0.7,0.59,2.7,-1.11,2.99,,,
1.8,ACQUIRE,0.55,0.74,-9.57,1.41,-0.01,1,0,,,,0.72,0.6,2.1,-1.09,2.99,,,
1.85,ACQUIRE,0.64,0.83,-9.56,1.44,-0.01,1,0,,,,0.8,0.5,3.2,-1.06,2.99,,,
1.9,ACQUIRE,0.64,0.83,-9.56,1.46,-0.01,1,0,,,,0.81,0.5,2.0,-1.04,2.99,,,
1.95,ACQUIRE,0.73,0.92,-9.55,1.49,-0.01,1,0,,,,0.73,0.4,2.6,-1.01,2.99,,,
2.0,ACQUIRE,0.73,0.92,-9.55,1.51,-0.01,1,0,,,,0.75,0.4,2.0,-0.99,2.99,,,
2.05,ACQUIRE,0.82,1.0,-9.55,1.54,-0.01,1,0,,,,0.68,0.29,3.0,-0.96,2.99,,,
2.1,ACQUIRE,0.82,1.0,-9.55,1.56,-0.01,1,0,,,,0.69,0.29,1.9,-0.94,2.99,,,
2.15,ACQUIRE,0.9,1.07,-9.55,1.59,-0.01,1,0,,,,0.61,0.2,2.6,-0.91,2.99,,,
2.2,ACQUIRE,0.9,1.07,-9.55,1.61,-0.01,1,0,,,,0.63,0.2,1.8,-0.89,2.99,,,
2.25,ACQUIRE,0.99,1.14,-9.54,1.64,-0.01,1,0,,,,0.56,0.11,2.6,-0.86,2.99,,,
2.3,CARRY,0.99,1.14,-9.54,1.66,-0.01,1,0,,,,-0.147,-0.446,591.5,-0.84,2.99,,,
2.9,CARRY,1.45,1.37,-9.54,1.96,-0.01,1,0,244.5,199.5,85.7,0.81,-1.51,51.5,-0.54,2.99,0.2,226.7,6.469
2.95,CARRY,1.51,1.39,-9.54,1.99,-0.01,1,0,243.0,202.0,85.9,0.76,-1.54,57.4,-0.51,2.99,0.3,226.5,6.875
3.01,CARRY,1.51,1.39,-9.54,2.02,-0.01,1,0,243.0,200.5,86.5,0.79,-1.54,55.3,-0.48,2.99,0.5,226.5,7.094
3.06,CARRY,1.58,1.41,-9.55,2.04,-0.01,1,0,242.0,202.5,86.5,0.75,-1.56,60.3,-0.46,2.99,0.5,226.3,7.25
3.13,CARRY,1.58,1.41,-9.55,2.08,-0.01,1,0,242.5,201.0,86.8,0.78,-1.55,55.6,-0.42,2.99,0.8,226.0,7.25
3.18,CARRY,1.64,1.42,-9.55,2.1,-0.01,1,0,241.0,202.5,87.4,0.75,-1.58,58.5,-0.4,2.99,0.5,226.6,7.438
3.24,CARRY,1.7,1.42,-9.55,2.13,-0.01,1,0,240.5,203.5,87.5,0.73,-1.59,49.9,-0.37,2.99,0.4,227.1,7.531
3.29,CARRY,1.7,1.42,-9.55,2.16,-0.01,1,0,240.5,203.0,87.7,0.74,-1.59,54.1,-0.34,2.99,0.9,226.5,7.531
3.35,CARRY,1.75,1.41,-9.55,2.19,-0.01,1,0,241.5,204.5,86.2,0.71,-1.57,52.2,-0.31,2.99,0.5,226.1,7.594
3.4,CARRY,1.75,1.41,-9.55,2.21,-0.01,1,0,241.0,203.0,87.2,0.74,-1.58,56.9,-0.29,2.99,0.6,226.6,7.562
3.46,CARRY,1.81,1.39,-9.55,2.24,-0.01,1,0,243.0,204.5,84.8,0.71,-1.54,54.0,-0.26,2.99,0.4,226.2,7.469
3.51,CARRY,1.81,1.39,-9.55,2.27,-0.01,1,0,243.0,203.5,85.2,0.73,-1.54,56.4,-0.23,2.99,0.7,225.9,7.656
3.57,CARRY,1.86,1.34,-9.55,2.3,-0.01,1,0,245.5,205.5,82.1,0.69,-1.49,51.3,-0.2,2.99,0.8,225.8,8.312
3.62,CARRY,1.86,1.34,-9.55,2.33,-0.01,1,0,245.5,203.5,83.0,0.73,-1.49,55.1,-0.17,2.99,0.3,226.3,8.5
3.68,CARRY,1.91,1.27,-9.56,2.35,-0.01,1,0,249.5,205.0,78.7,0.7,-1.41,51.5,-0.15,2.99,0.2,226.4,8.5
3.73,CARRY,1.96,1.18,-9.56,2.38,-0.01,1,0,254.5,207.5,73.1,0.65,-1.31,56.0,-0.12,2.99,0.5,226.0,8.75
3.79,CARRY,1.96,1.18,-9.56,2.41,-0.01,1,0,254.5,205.5,74.0,0.69,-1.31,50.0,-0.09,2.99,0.1,226.4,8.812
3.84,CARRY,2.01,1.08,-9.56,2.43,-0.01,1,0,260.0,208.0,68.0,0.64,-1.2,53.7,-0.07,2.99,0.7,226.4,8.625
3.9,CARRY,2.01,1.08,-9.56,2.46,-0.01,1,0,261.0,206.5,67.8,0.67,-1.18,48.5,-0.04,2.99,0.7,225.8,8.625
3.95,CARRY,2.06,0.96,-9.56,2.49,-0.01,1,0,267.0,208.5,61.7,0.63,-1.06,56.2,-0.01,2.99,0.4,226.3,8.625
4.0,CARRY,2.06,0.96,-9.56,2.51,-0.01,1,0,267.5,207.5,61.7,0.65,-1.05,49.3,0.01,2.99,1.0,225.6,8.5
4.05,CARRY,2.11,0.84,-9.56,2.54,-0.01,1,0,274.5,209.5,54.8,0.61,-0.91,58.6,0.04,2.99,0.7,225.8,8.688
4.11,CARRY,2.11,0.84,-9.56,2.57,-0.01,1,0,274.5,207.5,55.9,0.65,-0.91,49.0,0.07,2.99,0.4,226.1,8.688
4.16,CARRY,2.16,0.71,-9.57,2.59,-0.01,1,0,281.0,210.0,49.2,0.6,-0.78,54.1,0.09,2.99,0.8,226.3,8.5
4.22,CARRY,2.16,0.71,-9.57,2.62,-0.01,1,0,282.0,208.5,49.4,0.63,-0.76,51.1,0.12,2.99,0.6,225.7,8.562
4.27,CARRY,2.21,0.59,-9.57,2.65,-0.01,1,0,289.0,210.5,42.8,0.59,-0.62,54.7,0.15,2.99,0.3,225.9,8.5
4.33,CARRY,2.21,0.59,-9.57,2.68,-0.01,1,0,289.0,209.0,43.8,0.62,-0.62,47.6,0.18,2.99,0.4,226.0,8.562
4.38,CARRY,2.26,0.47,-9.57,2.7,-0.01,1,0,296.0,211.5,37.3,0.57,-0.48,53.8,0.2,2.99,0.5,225.8,8.688
4.43,CARRY,2.31,0.35,-9.57,2.73,-0.01,1,0,302.0,213.0,32.4,0.54,-0.36,50.1,0.23,2.99,0.4,226.6,8.438
4.48,CARRY,2.31,0.35,-9.57,2.75,-0.01,1,0,302.5,212.5,32.6,0.55,-0.35,55.4,0.25,2.99,0.7,225.7,8.562
4.54,CARRY,2.36,0.24,-9.57,2.78,-0.01,1,0,309.0,214.5,27.8,0.51,-0.22,49.2,0.28,2.99,0.7,225.5,8.438
4.59,CARRY,2.36,0.24,-9.57,2.81,-0.01,1,0,309.0,213.0,29.2,0.54,-0.22,54.6,0.31,2.99,0.5,225.7,8.562
4.65,CARRY,2.41,0.14,-9.57,2.84,-0.01,1,0,314.5,215.0,25.6,0.5,-0.11,49.1,0.34,2.99,0.4,225.8,8.812
4.7,CARRY,2.41,0.14,-9.57,2.86,-0.01,1,0,314.5,213.5,27.1,0.53,-0.11,53.7,0.36,2.99,0.3,226.0,8.938
4.75,CARRY,2.46,0.05,-9.57,2.89,-0.01,1,0,319.0,215.5,24.5,0.49,-0.02,50.1,0.39,2.99,0.7,226.4,8.562
4.8,CARRY,2.46,0.05,-9.57,2.91,-0.01,1,0,319.5,214.5,25.5,0.51,-0.01,54.5,0.41,2.99,0.8,225.8,8.688
4.86,CARRY,2.52,-0.03,-9.57,2.94,-0.01,1,0,324.0,216.0,24.3,0.48,0.08,49.5,0.44,2.99,0.4,226.0,8.875
4.91,CARRY,2.52,-0.03,-9.57,2.97,-0.01,1,0,324.5,214.5,25.9,0.51,0.09,53.7,0.47,2.99,0.3,225.9,8.875
4.96,CARRY,2.57,-0.1,-9.57,2.99,-0.01,1,0,328.0,216.5,24.8,0.47,0.16,49.2,0.49,2.99,0.4,226.0,8.75
5.01,CARRY,2.57,-0.1,-9.57,3.02,-0.01,1,0,328.5,215.0,26.4,0.5,0.17,53.8,0.52,2.99,0.4,225.8,8.688
5.07,CARRY,2.62,-0.16,-9.57,3.05,-0.01,1,0,331.5,216.5,26.2,0.47,0.23,49.0,0.55,2.99,0.1,226.0,8.875
5.12,CARRY,2.62,-0.16,-9.57,3.07,-0.01,1,0,331.5,215.5,27.1,0.49,0.23,52.8,0.57,2.99,0.5,225.8,8.875
5.17,CARRY,2.67,-0.2,-9.57,3.1,-0.01,1,0,334.0,217.0,26.9,0.46,0.28,51.7,0.6,2.99,0.2,226.1,8.875
5.23,CARRY,2.67,-0.2,-9.57,3.13,-0.01,1,0,334.5,215.5,28.5,0.49,0.29,59.6,0.63,2.99,0.3,225.9,8.875
5.29,CARRY,2.72,-0.24,-9.57,3.16,-0.01,1,0,336.0,217.0,28.0,0.46,0.32,53.5,0.66,2.99,0.2,226.2,8.688
5.34,CARRY,2.78,-0.27,-9.57,3.18,-0.01,1,0,337.5,218.5,27.7,0.43,0.35,59.3,0.68,2.99,0.0,226.1,8.438
5.4,CARRY,2.78,-0.27,-9.57,3.21,-0.01,1,0,337.5,217.0,28.9,0.46,0.35,54.3,0.71,2.99,0.3,226.1,8.625
5.46,CARRY,2.83,-0.28,-9.57,3.24,-0.01,1,0,338.5,218.5,28.4,0.43,0.37,56.9,0.74,2.99,0.2,226.0,8.5
5.51,CARRY,2.83,-0.28,-9.57,3.27,-0.01,1,0,338.5,217.0,29.5,0.46,0.37,48.7,0.77,2.99,0.4,226.0,8.562
5.56,CARRY,2.88,-0.29,-9.57,3.29,-0.01,1,0,339.0,218.5,28.7,0.43,0.38,53.7,0.79,2.99,0.2,226.0,8.5
5.62,CARRY,2.88,-0.29,-9.57,3.32,-0.01,1,0,339.0,217.0,29.8,0.46,0.38,48.3,0.82,2.99,0.4,226.1,8.562
5.67,CARRY,2.93,-0.29,-9.57,3.35,-0.01,1,0,339.0,218.5,28.7,0.43,0.38,55.3,0.85,2.99,0.3,226.1,8.5
5.73,CARRY,2.93,-0.29,-9.57,3.38,-0.01,1,0,339.0,217.0,29.8,0.46,0.38,48.4,0.88,2.99,0.5,226.1,8.562
5.78,CARRY,2.99,-0.29,-9.57,3.4,-0.01,1,0,339.0,218.0,29.1,0.44,0.38,53.8,0.9,2.99,0.3,226.3,8.562
5.83,CARRY,3.04,-0.28,-9.57,3.43,-0.01,1,0,338.0,219.5,27.3,0.41,0.36,49.7,0.93,2.99,0.3,226.3,8.625
5.88,CARRY,3.04,-0.28,-9.57,3.45,-0.01,1,0,338.0,218.0,28.4,0.44,0.36,53.0,0.95,2.99,0.4,226.5,8.562
5.94,CARRY,3.09,-0.27,-9.58,3.48,-0.01,1,0,337.0,219.5,26.6,0.41,0.34,48.5,0.98,2.99,0.5,226.4,8.625
5.99,CARRY,3.09,-0.27,-9.58,3.51,-0.01,1,0,338.0,218.0,28.4,0.44,0.36,54.5,1.01,2.99,0.4,225.9,8.5
6.04,CARRY,3.14,-0.25,-9.58,3.53,-0.01,1,0,336.5,220.0,25.9,0.4,0.33,49.2,1.03,2.99,0.6,225.6,8.688
6.09,CARRY,3.14,-0.25,-9.58,3.56,-0.01,1,0,337.0,218.5,27.4,0.43,0.34,54.5,1.06,2.99,0.7,225.4,8.438
6.15,CARRY,3.19,-0.23,-9.58,3.59,-0.01,1,0,335.0,219.0,25.8,0.42,0.3,49.0,1.09,2.99,0.5,226.4,8.75
6.2,CARRY,3.19,-0.23,-9.58,3.61,-0.01,1,0,336.0,218.5,26.8,0.43,0.32,53.5,1.11,2.99,0.9,225.2,8.5
6.25,CARRY,3.24,-0.21,-9.58,3.64,-0.01,1,0,334.0,219.0,25.2,0.42,0.28,50.7,1.14,2.99,0.3,226.1,9.0
6.3,CARRY,3.24,-0.21,-9.58,3.66,-0.01,1,0,334.5,217.5,26.8,0.45,0.29,54.0,1.16,2.99,0.1,225.9,8.938
6.36,CARRY,3.3,-0.19,-9.58,3.69,-0.01,1,0,333.0,218.5,25.1,0.43,0.26,49.0,1.19,2.99,0.1,226.1,9.0
6.41,CARRY,3.3,-0.19,-9.58,3.72,-0.01,1,0,333.0,217.0,26.4,0.46,0.26,54.6,1.22,2.99,0.3,226.3,8.938
6.46,CARRY,3.35,-0.17,-9.58,3.74,-0.01,1,0,332.0,218.0,25.1,0.44,0.24,48.9,1.24,2.99,0.3,226.1,9.0
6.51,CARRY,3.35,-0.17,-9.58,3.77,-0.01,1,0,332.0,217.0,25.9,0.46,0.24,53.3,1.27,2.99,0.2,225.9,8.938
6.57,CARRY,3.39,-0.15,-9.58,3.8,-0.01,1,0,331.0,218.0,24.6,0.44,0.22,49.1,1.3,2.99,0.3,225.8,8.875
6.62,CARRY,3.39,-0.15,-9.58,3.82,-0.01,1,0,331.0,217.0,25.5,0.46,0.22,54.3,1.32,2.99,0.5,225.6,8.938
6.67,CARRY,3.44,-0.13,-9.58,3.85,-0.01,1,0,329.5,217.5,24.4,0.45,0.19,49.1,1.35,2.99,0.1,226.1,8.938
6.72,CARRY,3.44,-0.13,-9.58,3.87,-0.01,1,0,329.5,216.0,25.8,0.48,0.19,53.4,1.37,2.99,0.3,226.2,8.875
6.78,CARRY,3.49,-0.11,-9.58,3.9,-0.01,1,0,328.5,217.0,24.5,0.46,0.17,48.5,1.4,2.99,0.2,226.1,8.75
6.83,CARRY,3.49,-0.11,-9.58,3.93,-0.01,1,0,329.0,216.0,25.6,0.48,0.18,54.0,1.43,2.99,0.4,225.6,8.688
6.88,CARRY,3.54,-0.09,-9.58,3.95,-0.01,1,0,327.0,217.0,24.0,0.46,0.14,48.6,1.45,2.99,0.5,226.1,8.625
6.93,CARRY,3.59,-0.07,-9.58,3.98,-0.01,1,0,326.0,218.5,22.3,0.43,0.12,53.6,1.48,2.99,0.6,225.8,8.688
6.99,CARRY,3.59,-0.07,-9.58,4.01,-0.01,1,0,326.5,217.0,23.9,0.46,0.13,48.6,1.51,2.99,0.5,225.6,8.688
7.04,CARRY,3.64,-0.06,-9.58,4.03,-0.01,1,0,325.0,218.0,22.6,0.44,0.1,54.4,1.53,2.99,0.6,226.0,8.75
7.09,CARRY,3.64,-0.06,-9.58,4.06,-0.01,1,0,326.0,216.5,24.3,0.47,0.12,48.7,1.56,2.99,0.6,225.4,8.75
7.14,CARRY,3.68,-0.04,-9.58,4.08,-0.01,1,0,325.0,217.0,23.5,0.46,0.1,54.6,1.58,2.99,0.4,225.9,8.75
7.2,CARRY,3.68,-0.04,-9.58,4.11,-0.01,1,0,325.0,216.0,24.5,0.48,0.1,48.4,1.61,2.99,0.4,225.6,8.812
7.25,CARRY,3.73,-0.03,-9.58,4.14,-0.01,1,0,323.5,217.0,23.3,0.46,0.07,55.4,1.64,2.99,0.5,226.1,8.938
7.31,CARRY,3.73,-0.03,-9.58,4.17,-0.01,1,0,324.0,215.0,25.3,0.5,0.08,48.9,1.67,2.99,0.2,226.2,9.0
7.36,CARRY,3.78,-0.02,-9.58,4.19,-0.01,1,0,323.0,217.0,23.2,0.46,0.06,54.0,1.69,2.99,0.7,225.7,8.938
7.41,CARRY,3.78,-0.02,-9.58,4.22,-0.01,1,0,324.0,215.5,24.8,0.49,0.08,50.0,1.72,2.99,0.8,225.1,9.0
7.46,CARRY,3.82,-0.01,-9.58,4.24,-0.01,1,0,322.5,216.5,23.6,0.47,0.05,54.6,1.74,2.99,0.7,225.7,8.938
7.52,CARRY,3.82,-0.01,-9.58,4.27,-0.01,1,0,323.0,215.0,25.2,0.5,0.06,48.9,1.77,2.99,0.7,225.4,8.875
7.57,CARRY,3.87,-0.0,-9.58,4.3,-0.01,1,0,322.5,216.0,24.1,0.48,0.05,54.4,1.8,2.99,0.5,225.5,9.062
7.62,CARRY,3.87,-0.0,-9.58,4.32,-0.01,1,0,323.0,214.5,25.7,0.51,0.06,50.4,1.82,2.99,0.7,225.2,9.0
7.68,CARRY,3.92,0.01,-9.58,4.35,-0.01,1,0,322.0,215.5,24.6,0.49,0.04,54.2,1.85,2.99,0.5,225.6,9.062
7.73,CARRY,3.96,0.01,-9.58,4.38,-0.01,1,0,322.0,216.5,23.6,0.47,0.04,49.3,1.88,2.99,0.6,225.3,8.938
7.78,CARRY,3.96,0.01,-9.58,4.4,-0.01,1,0,322.0,215.0,25.1,0.5,0.04,52.9,1.9,2.99,0.4,225.5,8.938
7.84,CARRY,4.01,0.02,-9.58,4.43,-0.01,1,0,321.0,216.0,24.0,0.48,0.02,49.2,1.93,2.99,0.6,226.0,8.875
7.89,CARRY,4.01,0.02,-9.58,4.46,-0.01,1,0,322.0,215.0,25.1,0.5,0.04,53.9,1.96,2.99,0.8,225.1,8.812
7.94,CARRY,4.06,0.02,-9.58,4.48,-0.01,1,0,321.0,216.0,24.0,0.48,0.02,49.2,1.98,2.99,0.7,225.6,8.938
7.99,CARRY,4.06,0.02,-9.58,4.51,-0.01,1,0,321.5,214.5,25.5,0.51,0.03,54.6,2.01,2.99,0.6,225.5,8.75
8.05,CARRY,4.1,0.02,-9.58,4.54,-0.01,1,0,321.0,215.5,24.5,0.49,0.02,49.1,2.04,2.99,0.5,225.7,8.875
8.1,CARRY,4.1,0.02,-9.58,4.56,-0.01,1,0,321.0,214.0,26.0,0.52,0.02,50.0,2.06,2.99,0.6,225.8,8.688
8.15,CARRY,4.15,0.02,-9.58,4.59,-0.01,1,0,321.0,215.5,24.5,0.49,0.02,51.6,2.09,2.99,0.7,225.5,8.75
8.2,CARRY,4.15,0.02,-9.58,4.61,-0.01,1,0,321.0,214.0,26.0,0.52,0.02,48.6,2.11,2.99,0.8,225.6,8.625
8.25,CARRY,4.2,0.02,-9.58,4.64,-0.01,1,0,321.0,215.0,25.0,0.5,0.02,50.8,2.14,2.99,0.5,225.6,8.688
8.3,CARRY,4.2,0.02,-9.58,4.66,-0.01,1,0,321.0,213.5,26.5,0.53,0.02,48.6,2.16,2.99,0.6,225.8,8.625
8.35,CARRY,4.25,0.02,-9.58,4.69,-0.01,1,0,321.0,215.0,25.0,0.5,0.02,48.9,2.19,2.99,0.7,225.5,8.5
8.4,CARRY,4.25,0.02,-9.58,4.71,-0.01,1,0,321.0,213.5,26.5,0.53,0.02,49.8,2.21,2.99,0.7,225.7,8.5
8.45,CARRY,4.29,0.02,-9.58,4.74,-0.01,1,0,321.0,214.5,25.5,0.51,0.02,50.2,2.24,2.99,0.4,225.8,8.5
8.5,CARRY,4.29,0.02,-9.58,4.76,-0.01,1,0,321.0,213.0,27.0,0.54,0.02,49.8,2.26,2.99,0.5,225.9,8.438
8.56,CARRY,4.34,0.02,-9.58,4.79,-0.01,1,0,321.0,214.5,25.5,0.51,0.02,48.9,2.29,2.99,0.5,225.7,8.438
8.61,CARRY,4.34,0.02,-9.58,4.82,-0.01,1,0,321.5,213.0,27.0,0.54,0.03,48.7,2.32,2.99,0.4,225.6,8.438
8.66,CARRY,4.39,0.02,-9.58,4.84,-0.01,1,0,321.0,214.5,25.5,0.51,0.02,49.5,2.34,2.99,0.7,225.7,8.375
8.71,CARRY,4.39,0.02,-9.58,4.87,-0.01,1,0,321.5,213.0,27.0,0.54,0.03,49.2,2.37,2.99,0.5,225.5,8.375
8.76,CARRY,4.44,0.02,-9.58,4.89,-0.01,1,0,321.5,214.5,25.5,0.51,0.03,50.1,2.39,2.99,0.6,225.4,8.312
8.81,CARRY,4.44,0.02,-9.58,4.92,-0.01,1,0,321.5,213.0,27.0,0.54,0.03,50.2,2.42,2.99,0.6,225.5,8.375
8.86,CARRY,4.49,0.02,-9.58,4.94,-0.01,1,0,321.5,214.0,26.0,0.52,0.03,51.0,2.44,2.99,0.3,225.7,8.25
8.91,CARRY,4.49,0.02,-9.58,4.97,-0.01,1,0,321.5,213.0,27.0,0.54,0.03,50.1,2.47,2.99,0.8,225.5,8.312
8.96,CARRY,4.54,0.02,-9.58,4.99,-0.01,1,0,321.5,214.0,26.0,0.52,0.03,51.4,2.49,2.99,0.4,225.8,8.312
9.01,CARRY,4.54,0.02,-9.58,5.02,-0.01,1,0,322.0,212.5,27.6,0.55,0.04,50.1,2.52,2.99,0.3,225.6,8.375
9.07,CARRY,4.59,0.01,-9.58,5.05,-0.01,1,0,321.5,214.0,26.0,0.52,0.03,50.5,2.55,2.99,0.5,225.8,8.438
9.12,CARRY,4.59,0.01,-9.58,5.07,-0.01,1,0,322.0,212.5,27.6,0.55,0.04,50.5,2.57,2.99,0.4,225.6,8.5
9.17,CARRY,4.64,0.01,-9.58,5.1,-0.01,1,0,321.5,214.0,26.0,0.52,0.03,51.1,2.6,2.99,0.7,225.9,8.5
9.22,CARRY,4.64,0.01,-9.58,5.12,-0.01,1,0,322.0,212.5,27.6,0.55,0.04,49.0,2.62,2.99,0.5,225.7,8.562
9.27,CARRY,4.69,0.01,-9.58,5.15,-0.01,1,0,321.5,214.0,26.0,0.52,0.03,49.9,2.65,2.99,0.8,226.0,8.5
9.32,CARRY,4.69,0.01,-9.58,5.17,-0.01,1,0,322.0,212.5,27.6,0.55,0.04,49.0,2.67,2.99,0.5,225.8,8.562
9.37,CARRY,4.74,0.01,-9.58,5.2,-0.01,1,0,321.5,214.0,26.0,0.52,0.03,50.5,2.7,2.99,0.8,226.1,8.5
9.42,CARRY,4.74,0.01,-9.58,5.22,-0.01,1,0,322.0,212.5,27.6,0.55,0.04,49.3,2.72,2.99,0.6,226.0,8.5
9.47,CARRY,4.79,0.0,-9.58,5.25,-0.01,1,0,322.0,214.0,26.1,0.52,0.04,51.1,2.75,2.99,0.5,226.0,8.5
9.53,CARRY,4.79,0.0,-9.58,5.28,-0.01,1,0,322.0,213.0,27.1,0.54,0.04,49.5,2.78,2.99,0.9,225.8,8.625
9.58,CARRY,4.85,0.0,-9.58,5.3,-0.01,1,0,322.0,214.5,25.6,0.51,0.04,50.9,2.8,2.99,0.8,225.8,8.5
9.63,CARRY,4.85,0.0,-9.58,5.33,-0.01,1,0,323.0,213.0,27.2,0.54,0.06,50.9,2.83,2.99,0.7,225.2,8.562
9.68,CARRY,4.9,-0.0,-9.58,5.35,-0.01,1,0,323.0,214.5,25.7,0.51,0.06,50.4,2.85,2.99,0.7,225.2,8.625
9.73,CARRY,4.95,-0.0,-9.58,5.38,-0.01,1,0,322.5,216.0,24.1,0.48,0.05,52.5,2.88,2.99,0.5,225.5,8.625
9.78,CARRY,4.95,-0.0,-9.58,5.41,-0.01,1,0,323.0,214.5,25.7,0.51,0.06,50.5,2.91,2.99,0.6,225.3,8.625
9.84,CARRY,5.0,-0.01,-9.58,5.43,-0.01,1,0,322.5,216.0,24.1,0.48,0.05,49.2,2.93,2.99,0.6,225.6,8.688
9.89,CARRY,5.0,-0.01,-9.58,5.46,-0.01,1,0,323.0,214.5,25.7,0.51,0.06,49.4,2.96,2.99,0.5,225.4,8.625
9.94,CARRY,5.06,-0.01,-9.58,5.48,-0.01,1,0,323.0,216.0,24.2,0.48,0.06,51.4,2.98,2.99,0.4,225.4,8.812
9.99,CARRY,5.06,-0.01,-9.58,5.51,-0.01,1,0,323.0,214.5,25.7,0.51,0.06,49.7,3.01,2.99,0.4,225.5,8.688
10.04,CARRY,5.11,-0.01,-9.58,5.53,-0.01,1,0,323.0,216.0,24.2,0.48,0.06,49.9,3.03,2.99,0.4,225.5,8.75
10.09,CARRY,5.11,-0.01,-9.58,5.56,-0.01,1,0,323.0,214.5,25.7,0.51,0.06,49.9,3.06,2.99,0.3,225.6,8.625
10.14,CARRY,5.16,-0.01,-9.58,5.58,-0.01,1,0,323.0,216.0,24.2,0.48,0.06,50.1,3.08,2.99,0.3,225.6,8.75
10.19,CARRY,5.16,-0.01,-9.58,5.61,-0.01,1,0,323.0,215.0,25.2,0.5,0.06,49.7,3.11,2.99,0.8,225.4,8.688
10.24,CARRY,5.21,-0.01,-9.58,5.63,-0.01,1,0,323.0,216.0,24.2,0.48,0.06,49.8,3.13,2.99,0.3,225.6,8.875
10.29,CARRY,5.21,-0.01,-9.58,5.66,-0.01,1,0,323.0,215.0,25.2,0.5,0.06,49.9,3.16,2.99,0.7,225.4,8.812
10.35,CARRY,5.26,-0.01,-9.58,5.69,-0.01,1,0,323.0,216.0,24.2,0.48,0.06,52.0,3.19,2.99,0.3,225.7,8.75
10.4,CARRY,5.26,-0.01,-9.58,5.71,-0.01,1,0,323.0,215.0,25.2,0.5,0.06,50.4,3.21,2.99,0.8,225.4,8.75
10.45,CARRY,5.31,-0.01,-9.58,5.74,-0.01,1,0,323.0,216.0,24.2,0.48,0.06,51.1,3.24,2.99,0.4,225.6,8.688
10.5,CARRY,5.31,-0.01,-9.58,5.76,-0.01,1,0,323.0,214.5,25.7,0.51,0.06,50.4,3.26,2.99,0.4,225.8,8.688
10.55,CARRY,5.36,-0.01,-9.58,5.79,-0.01,1,0,323.0,216.0,24.2,0.48,0.06,50.1,3.29,2.99,0.4,225.6,8.625
10.6,CARRY,5.36,-0.01,-9.58,5.82,-0.01,1,0,323.0,214.5,25.7,0.51,0.06,50.8,3.32,2.99,0.5,225.7,8.562
10.66,CARRY,5.41,-0.01,-9.58,5.84,-0.01,1,0,323.0,216.0,24.2,0.48,0.06,50.3,3.34,2.99,0.5,225.6,8.688
10.71,CARRY,5.41,-0.01,-9.58,5.87,-0.01,1,0,323.0,214.5,25.7,0.51,0.06,49.8,3.37,2.99,0.6,225.7,8.625
10.76,CARRY,5.46,-0.01,-9.58,5.89,-0.01,1,0,323.0,216.0,24.2,0.48,0.06,50.2,3.39,2.99,0.6,225.5,8.625
10.81,CARRY,5.46,-0.01,-9.58,5.92,-0.01,1,0,323.0,214.5,25.7,0.51,0.06,49.8,3.42,2.99,0.6,225.7,8.5
10.86,CARRY,5.51,-0.01,-9.58,5.94,-0.01,1,0,323.0,216.0,24.2,0.48,0.06,50.1,3.44,2.99,0.7,225.5,8.688
10.91,CARRY,5.51,-0.01,-9.58,5.97,-0.01,1,0,323.5,214.5,25.7,0.51,0.07,49.7,3.47,2.99,0.6,225.3,8.5
10.96,CARRY,5.56,-0.01,-9.58,5.99,-0.01,1,0,323.0,216.0,24.2,0.48,0.06,49.8,3.49,2.99,0.7,225.5,8.625
11.01,CARRY,5.56,-0.01,-9.58,6.02,-0.01,1,0,323.5,214.5,25.7,0.51,0.07,49.7,3.52,2.99,0.6,225.3,8.5
11.06,CARRY,5.61,-0.01,-9.58,6.04,-0.01,1,0,323.0,216.0,24.2,0.48,0.06,51.4,3.54,2.99,0.8,225.5,8.625
11.12,CARRY,5.61,-0.01,-9.58,6.07,-0.01,1,0,323.5,214.0,26.2,0.52,0.07,49.5,3.57,2.99,0.3,225.7,8.562
11.17,CARRY,5.66,-0.02,-9.58,6.1,-0.01,1,0,323.0,215.5,24.7,0.49,0.06,50.5,3.6,2.99,0.5,225.8,8.625
11.22,CARRY,5.66,-0.02,-9.58,6.12,-0.01,1,0,323.5,214.0,26.2,0.52,0.07,49.7,3.62,2.99,0.3,225.6,8.625
11.27,CARRY,5.71,-0.02,-9.58,6.15,-0.01,1,0,323.0,215.5,24.7,0.49,0.06,50.7,3.65,2.99,0.5,225.8,8.625
11.32,CARRY,5.71,-0.02,-9.58,6.17,-0.01,1,0,323.5,214.0,26.2,0.52,0.07,49.3,3.67,2.99,0.4,225.6,8.688
11.37,CARRY,5.76,-0.02,-9.58,6.2,-0.01,1,0,323.5,215.5,24.7,0.49,0.07,54.2,3.7,2.99,0.5,225.5,8.688
11.43,CARRY,5.76,-0.02,-9.58,6.23,-0.01,1,0,323.5,214.0,26.2,0.52,0.07,50.2,3.73,2.99,0.5,225.5,8.625
11.48,CARRY,5.81,-0.02,-9.58,6.25,-0.01,1,0,323.5,215.5,24.7,0.49,0.07,50.4,3.75,2.99,0.6,225.4,8.688
11.53,CARRY,5.86,-0.02,-9.58,6.28,-0.01,1,0,323.0,217.0,23.2,0.46,0.06,49.8,3.78,2.99,0.7,225.6,8.75
11.58,CARRY,5.86,-0.02,-9.58,6.3,-0.01,1,0,323.5,215.5,24.7,0.49,0.07,49.3,3.8,2.99,0.6,225.4,8.75
11.63,CARRY,5.91,-0.02,-9.58,6.33,-0.01,1,0,323.0,217.0,23.2,0.46,0.06,50.7,3.83,2.99,0.8,225.6,8.688
11.68,CARRY,5.91,-0.02,-9.58,6.35,-0.01,1,0,323.5,215.5,24.7,0.49,0.07,49.5,3.85,2.99,0.7,225.4,8.75
11.73,CARRY,5.96,-0.02,-9.58,6.38,-0.01,1,0,323.5,217.0,23.3,0.46,0.07,51.6,3.88,2.99,0.7,225.3,8.688
11.79,CARRY,5.96,-0.02,-9.58,6.41,-0.01,1,0,323.5,215.0,25.2,0.5,0.07,49.5,3.91,2.99,0.2,225.7,8.75
11.84,CARRY,6.01,-0.02,-9.58,6.43,-0.01,1,0,323.5,216.5,23.8,0.47,0.07,50.5,3.93,2.99,0.4,225.6,8.625
11.89,CARRY,6.01,-0.02,-9.58,6.46,-0.01,1,0,324.0,215.0,25.3,0.5,0.08,49.8,3.96,2.99,0.5,225.4,8.625
11.94,CARRY,6.06,-0.02,-9.58,6.48,-0.01,1,0,323.5,216.5,23.8,0.47,0.07,50.6,3.98,2.99,0.4,225.6,8.688
11.99,CARRY,6.06,-0.02,-9.58,6.51,-0.01,1,0,324.0,215.0,25.3,0.5,0.08,50.0,4.01,2.99,0.5,225.4,8.688
12.04,CARRY,6.11,-0.02,-9.58,6.53,-0.01,1,0,323.5,216.5,23.8,0.47,0.07,50.2,4.03,2.99,0.5,225.5,8.688
12.09,CARRY,6.11,-0.02,-9.58,6.56,-0.01,1,0,324.0,215.0,25.3,0.5,0.08,51.2,4.06,2.99,0.6,225.3,8.688
12.14,CARRY,6.16,-0.02,-9.58,6.59,-0.01,1,0,323.5,216.5,23.8,0.47,0.07,50.2,4.09,2.99,0.7,225.4,8.562
12.2,CARRY,6.16,-0.02,-9.58,6.61,-0.01,1,0,324.0,215.0,25.3,0.5,0.08,49.9,4.11,2.99,0.7,225.3,8.625
12.25,CARRY,6.21,-0.02,-9.58,6.64,-0.01,1,0,323.5,216.0,24.3,0.48,0.07,51.3,4.14,2.99,0.3,225.7,8.812
12.3,CARRY,6.21,-0.02,-9.58,6.66,-0.01,1,0,324.0,215.0,25.3,0.5,0.08,50.4,4.16,2.99,0.8,225.2,8.812
12.35,CARRY,6.26,-0.02,-9.58,6.69,-0.01,1,0,324.0,216.0,24.3,0.48,0.08,50.5,4.19,2.99,0.5,225.3,8.812
12.4,CARRY,6.26,-0.02,-9.58,6.71,-0.01,1,0,324.0,214.5,25.8,0.51,0.08,51.1,4.21,2.99,0.4,225.5,8.812
12.45,CARRY,6.31,-0.02,-9.58,6.74,-0.01,1,0,324.0,216.0,24.3,0.48,0.08,50.8,4.24,2.99,0.7,225.2,8.812
12.51,CARRY,6.31,-0.02,-9.58,6.77,-0.01,1,0,324.0,214.5,25.8,0.51,0.08,50.6,4.27,2.99,0.6,225.3,8.75
12.56,CARRY,6.36,-0.02,-9.58,6.79,-0.01,1,0,324.0,216.0,24.3,0.48,0.08,51.2,4.29,2.99,0.8,225.1,8.938
12.61,CARRY,6.36,-0.02,-9.58,6.82,-0.01,1,0,324.0,214.0,26.3,0.52,0.08,50.6,4.32,2.99,0.3,225.6,8.875
12.66,CARRY,6.41,-0.02,-9.58,6.84,-0.01,1,0,324.0,215.5,24.8,0.49,0.08,50.6,4.34,2.99,0.5,225.3,8.875
12.71,CARRY,6.41,-0.02,-9.58,6.87,-0.01,1,0,324.0,214.0,26.3,0.52,0.08,50.3,4.37,2.99,0.4,225.5,8.812
12.76,CARRY,6.46,-0.02,-9.58,6.9,-0.01,1,0,324.0,215.5,24.8,0.49,0.08,51.2,4.4,2.99,0.6,225.2,8.875
12.82,CARRY,6.46,-0.02,-9.58,6.92,-0.01,1,0,324.0,214.0,26.3,0.52,0.08,49.6,4.42,2.99,0.5,225.4,8.812
12.87,CARRY,6.51,-0.02,-9.58,6.95,-0.01,1,0,323.5,215.5,24.7,0.49,0.07,50.7,4.45,2.99,0.6,225.5,8.812
12.92,CARRY,6.51,-0.02,-9.58,6.97,-0.01,1,0,324.0,214.0,26.3,0.52,0.08,49.4,4.47,2.99,0.6,225.3,8.75
12.97,CARRY,6.56,-0.02,-9.58,7.0,-0.01,1,0,323.5,215.5,24.7,0.49,0.07,50.5,4.5,2.99,0.6,225.4,8.75
13.02,CARRY,6.56,-0.02,-9.58,7.02,-0.01,1,0,324.0,214.0,26.3,0.52,0.08,49.5,4.52,2.99,0.7,225.2,8.688
13.07,CARRY,6.61,-0.02,-9.58,7.05,-0.01,1,0,323.5,215.5,24.7,0.49,0.07,50.2,4.55,2.99,0.7,225.3,8.75
13.12,CARRY,6.61,-0.02,-9.58,7.07,-0.01,1,0,324.0,214.0,26.3,0.52,0.08,49.5,4.57,2.99,0.7,225.1,8.688
13.17,CARRY,6.66,-0.02,-9.58,7.1,-0.01,1,0,323.5,215.5,24.7,0.49,0.07,51.3,4.6,2.99,0.7,225.3,8.688
13.23,CARRY,6.66,-0.02,-9.58,7.13,-0.01,1,0,323.5,214.0,26.2,0.52,0.07,51.2,4.63,2.99,0.7,225.4,8.688
13.28,CARRY,6.71,-0.01,-9.58,7.15,-0.01,1,0,323.0,215.0,25.2,0.5,0.06,49.5,4.65,2.99,0.5,225.9,8.625
13.33,CARRY,6.76,-0.01,-9.58,7.18,-0.01,1,0,323.0,216.5,23.7,0.47,0.06,49.7,4.68,2.99,0.4,225.7,8.562
13.38,CARRY,6.76,-0.01,-9.58,7.2,-0.01,1,0,323.0,215.0,25.2,0.5,0.06,50.0,4.7,2.99,0.4,225.8,8.562
13.43,CARRY,6.81,-0.01,-9.58,7.23,-0.01,1,0,323.0,216.5,23.7,0.47,0.06,51.2,4.73,2.99,0.3,225.6,8.5
13.48,CARRY,6.81,-0.01,-9.58,7.25,-0.01,1,0,323.0,215.0,25.2,0.5,0.06,49.7,4.75,2.99,0.4,225.8,8.562
13.53,CARRY,6.86,-0.01,-9.58,7.28,-0.01,1,0,323.0,216.5,23.7,0.47,0.06,50.8,4.78,2.99,0.4,225.6,8.438
13.59,CARRY,6.86,-0.01,-9.58,7.31,-0.01,1,0,323.0,215.0,25.2,0.5,0.06,48.2,4.81,2.99,0.4,225.7,8.688
13.64,CARRY,6.91,-0.01,-9.58,7.33,-0.01,1,0,323.0,216.5,23.7,0.47,0.06,49.4,4.83,2.99,0.4,225.5,8.5
13.69,CARRY,6.91,-0.01,-9.58,7.36,-0.01,1,0,323.0,215.0,25.2,0.5,0.06,48.9,4.86,2.99,0.4,225.7,8.562
13.74,CARRY,6.96,-0.01,-9.58,7.38,-0.01,1,0,323.0,216.5,23.7,0.47,0.06,50.8,4.88,2.99,0.4,225.5,8.438
13.79,CARRY,6.96,-0.01,-9.58,7.41,-0.01,1,0,323.0,215.0,25.2,0.5,0.06,49.7,4.91,2.99,0.4,225.6,8.5
13.84,CARRY,7.01,-0.01,-9.58,7.43,-0.01,1,0,323.0,216.5,23.7,0.47,0.06,50.2,4.93,2.99,0.5,225.4,8.562
13.89,CARRY,7.01,-0.01,-9.58,7.46,-0.01,1,0,323.0,215.0,25.2,0.5,0.06,53.3,4.96,2.99,0.4,225.5,8.562
13.94,CARRY,7.06,-0.01,-9.58,7.48,-0.01,1,0,323.0,216.5,23.7,0.47,0.06,52.5,4.98,2.99,0.7,225.2,8.438
14.0,CARRY,7.06,-0.01,-9.58,7.51,-0.01,1,0,323.0,215.0,25.2,0.5,0.06,50.1,5.01,2.99,0.7,225.3,8.438
14.05,CARRY,7.11,-0.01,-9.58,7.54,-0.01,1,0,323.0,216.0,24.2,0.48,0.06,50.7,5.04,2.99,0.4,225.5,8.562
14.1,CARRY,7.11,-0.01,-9.58,7.56,-0.01,1,0,323.0,214.5,25.7,0.51,0.06,49.5,5.06,2.99,0.3,225.6,8.5
14.15,CARRY,7.16,-0.01,-9.59,7.59,-0.01,1,0,323.0,216.0,24.2,0.48,0.06,50.6,5.09,2.99,0.5,225.4,8.625
14.2,CARRY,7.16,-0.01,-9.59,7.61,-0.01,1,0,323.0,214.5,25.7,0.51,0.06,49.5,5.11,2.99,0.4,225.5,8.562
14.25,CARRY,7.21,-0.01,-9.58,7.64,-0.01,1,0,323.0,216.0,24.2,0.48,0.06,50.5,5.14,2.99,0.6,225.3,8.438
14.3,CARRY,7.21,-0.01,-9.58,7.67,-0.01,1,0,323.0,214.5,25.7,0.51,0.06,49.9,5.17,2.99,0.5,225.4,8.438
14.36,CARRY,7.26,-0.01,-9.59,7.69,-0.01,1,0,323.0,216.0,24.2,0.48,0.06,50.3,5.19,2.99,0.7,225.2,8.625
14.41,CARRY,7.26,-0.01,-9.59,7.72,-0.01,1,0,323.0,214.5,25.7,0.51,0.06,50.5,5.22,2.99,0.6,225.4,8.5
14.46,CARRY,7.31,-0.01,-9.59,7.74,-0.01,1,0,323.0,216.0,24.2,0.48,0.06,50.3,5.24,2.99,0.8,225.1,8.625
14.51,CARRY,7.31,-0.01,-9.59,7.77,-0.01,1,0,323.0,214.0,26.2,0.52,0.06,49.9,5.27,2.99,0.2,225.6,8.5
14.56,CARRY,7.36,-0.01,-9.59,7.79,-0.01,1,0,323.0,215.5,24.7,0.49,0.06,50.2,5.29,2.99,0.4,225.4,8.5
14.61,CARRY,7.36,-0.01,-9.59,7.82,-0.01,1,0,323.5,214.0,26.2,0.52,0.07,50.0,5.32,2.99,0.6,225.2,8.438
14.66,CARRY,7.41,-0.0,-9.59,7.84,-0.01,1,0,323.0,215.5,24.7,0.49,0.06,50.3,5.34,2.99,0.5,225.3,8.688
14.71,CARRY,7.41,-0.0,-9.59,7.87,-0.01,1,0,323.0,214.0,26.2,0.52,0.06,49.8,5.37,2.99,0.4,225.5,8.625
14.76,CARRY,7.46,-0.0,-9.59,7.9,-0.01,1,0,323.0,215.5,24.7,0.49,0.06,50.8,5.4,2.99,0.6,225.3,8.625
14.82,CARRY,7.46,-0.0,-9.59,7.92,-0.01,1,0,323.0,214.0,26.2,0.52,0.06,49.8,5.42,2.99,0.5,225.4,8.625
14.87,CARRY,7.51,-0.0,-9.58,7.95,-0.01,1,0,323.0,215.5,24.7,0.49,0.06,51.8,5.45,2.99,0.6,225.2,8.625
14.92,CARRY,7.51,-0.0,-9.58,7.97,-0.01,1,0,323.5,214.0,26.2,0.52,0.07,49.3,5.47,2.99,0.8,225.0,8.625
14.97,CARRY,7.56,-0.0,-9.58,8.0,-0.01,1,0,323.0,215.5,24.7,0.49,0.06,50.3,5.5,2.99,0.7,225.2,8.812
15.02,CARRY,7.56,-0.0,-9.58,8.02,-0.01,1,0,323.5,214.0,26.2,0.52,0.07,49.3,5.52,2.99,0.9,225.0,8.688
15.07,CARRY,7.61,-0.0,-9.58,8.05,-0.01,1,0,323.0,215.5,24.7,0.49,0.06,50.5,5.55,2.99,0.7,225.1,8.75
15.12,CARRY,7.61,-0.0,-9.58,8.07,-0.01,1,0,323.5,214.0,26.2,0.52,0.07,52.5,5.57,2.99,0.9,224.9,8.688
15.18,CARRY,7.66,-0.0,-9.58,8.1,-0.01,1,0,323.0,215.0,25.2,0.5,0.06,50.2,5.6,2.99,0.4,225.4,8.688
15.23,CARRY,7.66,-0.0,-9.58,8.13,-0.01,1,0,323.0,214.0,26.2,0.52,0.06,50.0,5.63,2.99,0.8,225.2,8.625
15.28,CARRY,7.71,-0.0,-9.58,8.15,-0.01,1,0,323.0,215.0,25.2,0.5,0.06,50.5,5.65,2.99,0.4,225.4,8.688
15.33,CARRY,7.76,-0.0,-9.58,8.18,-0.01,1,0,322.5,216.0,24.1,0.48,0.05,52.6,5.68,2.99,0.1,226.0,8.562
15.38,CARRY,7.76,-0.0,-9.58,8.21,-0.01,1,0,323.0,215.0,25.2,0.5,0.06,50.3,5.71,2.99,0.5,225.4,8.688
15.44,CARRY,7.81,-0.0,-9.58,8.23,-0.01,1,0,322.0,216.5,23.6,0.47,0.04,50.5,5.73,2.99,0.7,225.9,8.5
15.49,CARRY,7.81,-0.0,-9.58,8.26,-0.01,1,0,323.0,215.0,25.2,0.5,0.06,49.7,5.76,2.99,0.5,225.3,8.688
15.54,CARRY,7.86,-0.0,-9.58,8.28,-0.01,1,0,322.5,216.5,23.6,0.47,0.05,51.2,5.78,2.99,0.5,225.5,8.562
15.59,CARRY,7.86,-0.0,-9.58,8.31,-0.01,1,0,323.0,215.0,25.2,0.5,0.06,50.3,5.81,2.99,0.5,225.3,8.625
15.64,CARRY,7.92,-0.0,-9.58,8.33,-0.01,1,0,322.5,216.0,24.1,0.48,0.05,50.3,5.83,2.99,0.1,225.9,8.5
15.69,CARRY,7.92,-0.0,-9.58,8.36,-0.01,1,0,323.0,215.0,25.2,0.5,0.06,50.1,5.86,2.99,0.6,225.3,8.625
15.74,CARRY,7.97,-0.01,-9.58,8.38,-0.01,1,0,323.0,216.5,23.7,0.47,0.06,51.1,5.88,2.99,0.7,225.2,8.5
15.8,CARRY,7.97,-0.01,-9.58,8.41,-0.01,1,0,323.0,215.0,25.2,0.5,0.06,49.8,5.91,2.99,0.6,225.3,8.812
15.85,CARRY,8.02,-0.01,-9.58,8.44,-0.01,1,0,322.5,216.5,23.6,0.47,0.05,54.9,5.94,2.99,0.7,225.5,8.688
15.9,CARRY,8.02,-0.01,-9.58,8.46,-0.01,1,0,323.0,214.5,25.7,0.51,0.06,58.3,5.96,2.99,0.3,225.6,8.688
15.96,CARRY,8.07,-0.01,-9.58,8.49,-0.01,1,0,322.5,216.0,24.1,0.48,0.05,58.2,5.99,2.99,0.7,225.6,8.812
16.02,CARRY,8.07,-0.01,-9.58,8.52,-0.01,1,0,323.0,214.0,26.2,0.52,0.06,58.0,6.02,2.99,0.4,225.6,8.688
16.08,CARRY,8.11,-0.01,-9.58,8.55,-0.01,1,0,323.0,215.0,25.2,0.5,0.06,57.4,6.05,2.99,0.2,225.6,8.75
16.14,CARRY,8.16,-0.01,-9.58,8.58,-0.01,1,0,322.5,216.5,23.6,0.47,0.05,52.7,6.08,2.99,0.6,225.7,8.688
16.19,CARRY,8.16,-0.01,-9.58,8.61,-0.01,1,0,323.0,215.0,25.2,0.5,0.06,50.4,6.11,2.99,0.6,225.4,8.688
16.25,CARRY,8.21,-0.01,-9.58,8.64,-0.01,1,0,322.5,216.0,24.1,0.48,0.05,52.1,6.14,2.99,0.5,225.9,8.625
16.3,CARRY,8.21,-0.01,-9.58,8.66,-0.01,1,0,323.0,214.5,25.7,0.51,0.06,50.7,6.16,2.99,0.3,225.7,8.625
16.35,CARRY,8.26,-0.01,-9.58,8.69,-0.01,1,0,323.0,216.0,24.2,0.48,0.06,51.4,6.19,2.99,0.4,225.5,8.688
16.4,CARRY,8.26,-0.01,-9.58,8.71,-0.01,1,0,323.0,214.5,25.7,0.51,0.06,50.5,6.21,2.99,0.5,225.6,8.625
16.45,CARRY,8.31,-0.01,-9.58,8.74,-0.01,1,0,322.5,216.0,24.1,0.48,0.05,51.1,6.24,2.99,0.7,225.8,8.75
16.51,CARRY,8.31,-0.01,-9.58,8.77,-0.01,1,0,323.0,214.5,25.7,0.51,0.06,57.1,6.27,2.99,0.6,225.6,8.688
16.56,CARRY,8.36,-0.01,-9.58,8.79,-0.01,1,0,323.0,215.5,24.7,0.49,0.06,57.1,6.29,2.99,0.4,225.6,8.812
16.62,CARRY,8.36,-0.01,-9.58,8.82,-0.01,1,0,323.0,214.0,26.2,0.52,0.06,54.8,6.32,2.99,0.6,225.7,8.688
16.68,CARRY,8.41,-0.01,-9.58,8.85,-0.01,1,0,323.0,215.0,25.2,0.5,0.06,59.8,6.35,2.99,0.4,225.8,8.75
16.74,CARRY,8.46,-0.01,-9.58,8.88,-0.01,1,0,322.5,216.0,24.1,0.48,0.05,58.4,6.38,2.99,0.6,226.1,8.75
16.8,CARRY,8.46,-0.01,-9.58,8.91,-0.01,1,0,323.0,214.5,25.7,0.51,0.06,57.5,6.41,2.99,0.6,225.7,8.688
16.86,CARRY,8.51,-0.01,-9.58,8.94,-0.01,1,0,323.0,215.5,24.7,0.49,0.06,56.7,6.44,2.99,0.4,225.8,8.812
16.92,CARRY,8.51,-0.01,-9.58,8.97,-0.01,1,0,323.5,214.0,26.2,0.52,0.07,54.9,6.47,2.99,0.5,225.5,8.75
16.97,CARRY,8.56,-0.01,-9.58,9.0,-0.01,1,0,323.0,215.0,25.2,0.5,0.06,54.5,6.5,2.99,0.4,225.9,8.75
17.03,CARRY,8.61,-0.01,-9.58,9.03,-0.01,1,0,322.5,216.5,23.6,0.47,0.05,52.0,6.53,2.99,0.8,226.0,8.562
17.08,CARRY,8.61,-0.01,-9.58,9.05,-0.01,1,0,323.0,215.0,25.2,0.5,0.06,50.3,6.55,2.99,0.6,225.7,8.625
17.13,CARRY,8.66,-0.01,-9.58,9.08,-0.01,1,0,322.5,216.5,23.6,0.47,0.05,50.4,6.58,2.99,0.9,225.9,8.688
17.18,CARRY,8.66,-0.01,-9.58,9.1,-0.01,1,0,323.0,215.0,25.2,0.5,0.06,50.2,6.6,2.99,0.7,225.7,8.625
17.23,CARRY,8.71,-0.02,-9.58,9.13,-0.01,1,0,322.5,216.5,23.6,0.47,0.05,51.7,6.63,2.99,1.0,225.9,8.688
17.29,CARRY,8.71,-0.02,-9.58,9.16,-0.01,1,0,323.5,215.0,25.2,0.5,0.07,50.3,6.66,2.99,0.7,225.3,8.625
17.34,CARRY,8.76,-0.02,-9.58,9.18,-0.01,1,0,323.0,216.0,24.2,0.48,0.06,50.2,6.68,2.99,0.4,225.9,8.688
17.39,CARRY,8.76,-0.02,-9.58,9.21,-0.01,1,0,323.5,215.0,25.2,0.5,0.07,50.1,6.71,2.99,0.8,225.3,8.688
17.44,CARRY,8.81,-0.02,-9.58,9.23,-0.01,1,0,323.0,216.0,24.2,0.48,0.06,50.3,6.73,2.99,0.5,225.8,8.688
17.49,CARRY,8.81,-0.02,-9.58,9.26,-0.01,1,0,323.5,214.5,25.7,0.51,0.07,50.6,6.76,2.99,0.4,225.7,8.688
17.54,CARRY,8.86,-0.02,-9.58,9.28,-0.01,1,0,323.5,216.0,24.3,0.48,0.07,52.3,6.78,2.99,0.5,225.5,8.625
17.6,CARRY,8.86,-0.02,-9.58,9.31,-0.01,1,0,324.0,214.5,25.8,0.51,0.08,49.9,6.81,2.99,0.6,225.2,8.562
17.65,CARRY,8.91,-0.02,-9.58,9.34,-0.01,1,0,323.0,216.0,24.2,0.48,0.06,51.2,6.84,2.99,0.8,225.7,8.75
17.7,CARRY,8.91,-0.02,-9.58,9.36,-0.01,1,0,324.0,214.5,25.8,0.51,0.08,51.8,6.86,2.99,0.7,225.2,8.625
17.75,CARRY,8.96,-0.02,-9.58,9.39,-0.01,1,0,323.5,215.5,24.7,0.49,0.07,53.5,6.89,2.99,0.3,225.7,8.75
17.81,CARRY,8.96,-0.02,-9.58,9.42,-0.01,1,0,324.0,213.5,26.8,0.53,0.08,50.1,6.92,2.99,0.3,225.8,8.688
17.86,CARRY,9.01,-0.02,-9.58,9.44,-0.01,1,0,324.0,215.5,24.8,0.49,0.08,51.1,6.94,2.99,0.6,225.2,8.75
17.91,CARRY,9.01,-0.02,-9.58,9.47,-0.01,1,0,324.0,214.0,26.3,0.52,0.08,49.1,6.97,2.99,0.5,225.4,8.688
17.96,CARRY,9.06,-0.02,-9.58,9.49,-0.01,1,0,324.0,215.5,24.8,0.49,0.08,53.3,6.99,2.99,0.7,225.2,8.812
18.02,CARRY,9.06,-0.02,-9.58,9.52,-0.01,1,0,324.0,214.0,26.3,0.52,0.08,50.2,7.02,2.99,0.7,225.3,8.812
18.07,CARRY,9.1,-0.02,-9.58,9.55,-0.01,1,0,324.0,215.0,25.3,0.5,0.08,53.0,7.05,2.99,0.4,225.5,8.688
18.12,CARRY,9.1,-0.02,-9.58,9.57,-0.01,1,0,324.0,213.5,26.8,0.53,0.08,51.0,7.07,2.99,0.3,225.6,8.75
18.17,CARRY,9.16,-0.02,-9.58,9.6,-0.01,1,0,324.0,215.0,25.3,0.5,0.08,54.0,7.1,2.99,0.5,225.4,8.75
18.23,CARRY,9.21,-0.02,-9.58,9.63,-0.01,1,0,323.5,216.5,23.8,0.47,0.07,53.5,7.13,2.99,0.6,225.5,8.625
18.28,CARRY,9.21,-0.02,-9.58,9.65,-0.01,1,0,324.0,215.0,25.3,0.5,0.08,50.2,7.15,2.99,0.7,225.2,8.625
18.33,CARRY,9.26,-0.02,-9.58,9.68,-0.01,1,0,324.0,216.0,24.3,0.48,0.08,52.9,7.18,2.99,0.5,225.4,8.562
18.39,CARRY,9.26,-0.02,-9.58,9.71,-0.01,1,0,324.0,214.5,25.8,0.51,0.08,53.3,7.21,2.99,0.3,225.5,8.562
18.44,CARRY,9.31,-0.02,-9.58,9.73,-0.01,1,0,324.0,216.0,24.3,0.48,0.08,53.3,7.23,2.99,0.6,225.3,8.688
18.5,CARRY,9.31,-0.02,-9.58,9.76,-0.01,1,0,324.0,214.5,25.8,0.51,0.08,52.7,7.26,2.99,0.5,225.4,8.688
18.55,CARRY,9.36,-0.02,-9.58,9.79,-0.01,1,0,324.0,215.5,24.8,0.49,0.08,49.3,7.29,2.99,0.4,225.6,8.625
18.6,CARRY,9.36,-0.02,-9.58,9.81,-0.01,1,0,324.0,214.5,25.8,0.51,0.08,51.6,7.31,2.99,0.6,225.4,8.625
18.65,CARRY,9.41,-0.02,-9.58,9.84,-0.01,1,0,324.0,216.0,24.3,0.48,0.08,50.4,7.34,2.99,0.8,225.1,8.562
18.71,CARRY,9.41,-0.02,-9.58,9.87,-0.01,1,0,324.0,214.5,25.8,0.51,0.08,54.8,7.37,2.99,0.7,225.3,8.562
18.76,CARRY,9.46,-0.02,-9.58,9.89,-0.01,1,0,324.0,215.5,24.8,0.49,0.08,54.3,7.39,2.99,0.5,225.4,8.562
18.82,CARRY,9.46,-0.02,-9.58,9.92,-0.01,1,0,324.0,214.0,26.3,0.52,0.08,49.3,7.42,2.99,0.5,225.5,8.5
18.87,CARRY,9.51,-0.02,-9.58,9.95,-0.01,1,0,324.0,215.5,24.8,0.49,0.08,54.0,7.45,2.99,0.6,225.3,8.5
18.92,CARRY,9.51,-0.02,-9.58,9.97,-0.01,1,0,324.0,214.0,26.3,0.52,0.08,50.4,7.47,2.99,0.6,225.3,8.5
18.97,CARRY,9.56,-0.02,-9.58,10.0,-0.01,1,0,324.0,215.5,24.8,0.49,0.08,52.2,7.5,2.99,0.8,225.1,8.5
19.03,CARRY,9.56,-0.02,-9.58,10.03,-0.01,1,0,324.0,214.0,26.3,0.52,0.08,49.3,7.53,2.99,0.7,225.2,8.438
19.08,CARRY,9.61,-0.02,-9.58,10.05,-0.01,1,0,323.5,215.0,25.2,0.5,0.07,49.9,7.55,2.99,0.3,225.7,8.562
19.13,CARRY,9.66,-0.02,-9.58,10.08,-0.01,1,0,323.0,216.5,23.7,0.47,0.06,50.3,7.58,2.99,0.5,225.9,8.375
19.18,CARRY,9.66,-0.02,-9.58,10.1,-0.01,1,0,323.5,215.0,25.2,0.5,0.07,48.3,7.6,2.99,0.3,225.7,8.625
19.23,CARRY,9.71,-0.02,-9.58,10.13,-0.01,1,0,323.0,216.5,23.7,0.47,0.06,49.3,7.63,2.99,0.4,225.8,8.5
19.28,CARRY,9.71,-0.02,-9.58,10.15,-0.01,1,0,323.5,215.0,25.2,0.5,0.07,51.6,7.65,2.99,0.3,225.7,8.562
19.33,CARRY,9.76,-0.02,-9.58,10.18,-0.01,1,0,323.0,216.5,23.7,0.47,0.06,51.1,7.68,2.99,0.5,225.8,8.438
19.39,CARRY,9.76,-0.02,-9.58,10.21,-0.01,1,0,323.5,215.0,25.2,0.5,0.07,48.2,7.71,2.99,0.4,225.6,8.625
19.44,CARRY,9.81,-0.02,-9.58,10.23,-0.01,1,0,323.0,216.5,23.7,0.47,0.06,51.2,7.73,2.99,0.5,225.7,8.5
19.49,CARRY,9.81,-0.02,-9.58,10.26,-0.01,1,0,323.0,215.0,25.2,0.5,0.06,49.3,7.76,2.99,0.6,225.8,8.562
19.54,CARRY,9.86,-0.01,-9.58,10.28,-0.01,1,0,323.0,216.5,23.7,0.47,0.06,48.7,7.78,2.99,0.5,225.6,8.562
19.59,CARRY,9.86,-0.01,-9.58,10.31,-0.01,1,0,323.0,215.0,25.2,0.5,0.06,48.5,7.81,2.99,0.6,225.8,8.688
19.64,CARRY,9.91,-0.01,-9.58,10.33,-0.01,1,0,323.0,216.5,23.7,0.47,0.06,50.7,7.83,2.99,0.6,225.6,8.625
19.69,CARRY,9.91,-0.01,-9.58,10.36,-0.01,1,0,323.0,215.0,25.2,0.5,0.06,48.5,7.86,2.99,0.6,225.7,8.562
19.74,CARRY,9.96,-0.01,-9.58,10.38,-0.01,1,0,323.0,216.5,23.7,0.47,0.06,50.9,7.88,2.99,0.6,225.5,8.688
19.79,CARRY,9.96,-0.01,-9.58,10.41,-0.01,1,0,323.0,215.0,25.2,0.5,0.06,49.9,7.91,2.99,0.7,225.6,8.562
19.84,CARRY,10.01,-0.01,-9.58,10.43,-0.01,1,0,323.0,216.5,23.7,0.47,0.06,49.9,7.93,2.99,0.7,225.4,8.625
19.89,CARRY,10.01,-0.01,-9.58,10.46,-0.01,1,0,323.0,215.0,25.2,0.5,0.06,49.3,7.96,2.99,0.7,225.6,8.625
19.94,CARRY,10.06,-0.01,-9.58,10.48,-0.01,1,0,323.0,216.0,24.2,0.48,0.06,51.0,7.98,2.99,0.3,225.7,8.625
20.0,CARRY,10.06,-0.01,-9.58,10.51,-0.01,1,0,323.0,214.5,25.7,0.51,0.06,48.5,8.01,2.99,0.4,225.8,8.562
20.05,CARRY,10.11,-0.01,-9.58,10.54,-0.01,1,0,323.0,216.0,24.2,0.48,0.06,50.2,8.04,2.99,0.4,225.6,8.75
20.1,CARRY,10.11,-0.01,-9.58,10.56,-0.01,1,0,323.0,214.5,25.7,0.51,0.06,48.0,8.06,2.99,0.4,225.7,8.688
20.15,CARRY,10.16,-0.01,-9.58,10.59,-0.01,1,0,323.0,216.0,24.2,0.48,0.06,49.1,8.09,2.99,0.5,225.5,8.75
20.2,CARRY,10.16,-0.01,-9.58,10.61,-0.01,1,0,323.0,214.5,25.7,0.51,0.06,47.9,8.11,2.99,0.5,225.7,8.625
20.25,CARRY,10.21,-0.01,-9.58,10.64,-0.01,1,0,323.0,216.0,24.2,0.48,0.06,50.6,8.14,2.99,0.6,225.4,8.75
20.3,CARRY,10.21,-0.01,-9.58,10.66,-0.01,1,0,323.0,214.5,25.7,0.51,0.06,48.0,8.16,2.99,0.6,225.6,8.688
20.35,CARRY,10.26,-0.01,-9.58,10.69,-0.01,1,0,323.0,216.0,24.2,0.48,0.06,48.8,8.19,2.99,0.7,225.4,8.875
20.4,CARRY,10.26,-0.01,-9.58,10.71,-0.01,1,0,323.0,214.5,25.7,0.51,0.06,48.4,8.21,2.99,0.6,225.5,8.75
20.45,CARRY,10.31,-0.01,-9.58,10.74,-0.01,1,0,323.0,216.0,24.2,0.48,0.06,48.7,8.24,2.99,0.7,225.3,8.938
20.5,CARRY,10.31,-0.01,-9.58,10.76,-0.01,1,0,323.0,214.5,25.7,0.51,0.06,47.9,8.26,2.99,0.6,225.5,8.812
20.55,CARRY,10.36,-0.01,-9.58,10.79,-0.01,1,0,323.0,216.0,24.2,0.48,0.06,50.2,8.29,2.99,0.7,225.3,8.875
20.6,CARRY,10.36,-0.01,-9.58,10.81,-0.01,1,0,323.5,214.5,25.7,0.51,0.07,47.8,8.31,2.99,0.8,225.1,8.75
20.65,CARRY,10.41,-0.01,-9.58,10.84,-0.01,1,0,323.0,216.0,24.2,0.48,0.06,49.8,8.34,2.99,0.8,225.3,8.812
20.7,CARRY,10.41,-0.01,-9.58,10.86,-0.01,1,0,323.5,214.5,25.7,0.51,0.07,48.0,8.36,2.99,0.8,225.1,8.688
20.75,CARRY,10.46,-0.01,-9.58,10.89,-0.01,1,0,323.0,215.5,24.7,0.49,0.06,49.3,8.39,2.99,0.3,225.6,8.75
20.8,CARRY,10.46,-0.01,-9.58,10.91,-0.01,1,0,323.5,214.0,26.2,0.52,0.07,48.6,8.41,2.99,0.5,225.4,8.625
20.85,CARRY,10.51,-0.01,-9.58,10.94,-0.01,1,0,323.0,215.5,24.7,0.49,0.06,49.1,8.44,2.99,0.3,225.6,8.688
20.9,CARRY,10.51,-0.01,-9.58,10.96,-0.01,1,0,323.5,214.0,26.2,0.52,0.07,49.6,8.46,2.99,0.5,225.4,8.562
20.95,CARRY,10.56,-0.01,-9.58,10.99,-0.01,1,0,323.0,215.5,24.7,0.49,0.06,51.6,8.49,2.99,0.4,225.6,8.688
21.01,CARRY,10.56,-0.01,-9.58,11.02,-0.01,1,0,323.5,214.0,26.2,0.52,0.07,49.5,8.52,2.99,0.5,225.3,8.562
21.06,CARRY,10.61,-0.01,-9.58,11.04,-0.01,1,0,323.0,215.5,24.7,0.49,0.06,49.2,8.54,2.99,0.5,225.5,8.688
21.11,CARRY,10.61,-0.01,-9.58,11.07,-0.01,1,0,323.0,214.0,26.2,0.52,0.06,49.6,8.57,2.99,0.4,225.7,8.562
21.16,CARRY,10.66,-0.01,-9.58,11.09,-0.01,1,0,323.0,215.5,24.7,0.49,0.06,51.2,8.59,2.99,0.5,225.5,8.5
21.21,CARRY,10.66,-0.01,-9.58,11.12,-0.01,1,0,323.5,214.0,26.2,0.52,0.07,48.8,8.62,2.99,0.6,225.3,8.438
21.26,CARRY,10.71,-0.01,-9.58,11.14,-0.01,1,0,323.0,215.5,24.7,0.49,0.06,49.4,8.64,2.99,0.5,225.4,8.562
21.31,CARRY,10.71,-0.01,-9.58,11.17,-0.01,1,0,323.0,214.0,26.2,0.52,0.06,48.9,8.67,2.99,0.4,225.6,8.5
21.36,CARRY,10.76,-0.01,-9.58,11.19,-0.01,1,0,323.0,215.5,24.7,0.49,0.06,49.2,8.69,2.99,0.5,225.4,8.438
21.41,CARRY,10.76,-0.01,-9.58,11.22,-0.01,1,0,323.0,214.0,26.2,0.52,0.06,49.0,8.72,2.99,0.4,225.6,8.438
21.46,CARRY,10.81,-0.01,-9.58,11.24,-0.01,1,0,323.0,215.5,24.7,0.49,0.06,50.8,8.74,2.99,0.5,225.4,8.438
21.51,CARRY,10.81,-0.01,-9.58,11.27,-0.01,1,0,323.0,214.0,26.2,0.52,0.06,49.4,8.77,2.99,0.4,225.6,8.375
21.56,CARRY,10.86,-0.01,-9.58,11.29,-0.01,1,0,323.0,215.5,24.7,0.49,0.06,50.7,8.79,2.99,0.5,225.4,8.25
21.62,CARRY,10.86,-0.01,-9.58,11.32,-0.01,1,0,323.0,214.0,26.2,0.52,0.06,49.1,8.82,2.99,0.5,225.6,8.25
21.67,CARRY,10.91,-0.01,-9.58,11.35,-0.01,1,0,322.5,215.5,24.6,0.49,0.05,49.4,8.85,2.99,0.6,225.8,8.25
21.72,CARRY,10.91,-0.01,-9.58,11.37,-0.01,1,0,323.0,214.5,25.7,0.51,0.06,48.9,8.87,2.99,0.9,225.2,8.188
21.77,CARRY,10.96,-0.01,-9.58,11.4,-0.01,1,0,322.5,217.0,23.1,0.46,0.05,51.7,8.9,2.99,2.0,224.7,8.188
21.82,CARRY,10.96,-0.01,-9.58,11.42,-0.01,1,0,323.0,216.0,24.2,0.48,0.06,48.1,8.92,2.99,2.5,224.1,8.125
21.87,CARRY,11.01,-0.01,-9.58,11.45,-0.01,1,0,322.5,218.5,21.6,0.43,0.05,49.8,8.95,2.99,3.5,223.6,8.375
21.92,CARRY,11.01,-0.01,-9.58,11.47,-0.01,1,0,323.0,217.5,22.7,0.45,0.06,48.2,8.97,2.99,4.0,223.0,8.25
21.97,CARRY,11.06,-0.01,-9.58,11.5,-0.01,1,0,322.0,220.0,20.1,0.4,0.04,49.0,9.0,2.99,5.0,222.9,8.125
22.02,CARRY,11.06,-0.01,-9.58,11.52,-0.01,1,0,322.0,219.0,21.1,0.42,0.04,48.1,9.02,2.99,5.5,222.7,8.062
22.07,CARRY,11.11,-0.01,-9.58,11.55,-0.01,1,0,322.0,221.0,19.1,0.38,0.04,53.6,9.05,2.99,6.0,222.2,8.0
22.12,CARRY,11.11,-0.01,-9.58,11.58,-0.01,1,0,322.5,220.0,20.2,0.4,0.05,49.5,9.08,2.99,6.6,221.6,7.969
22.18,CARRY,11.16,-0.01,-9.58,11.6,-0.01,1,0,322.0,222.5,17.6,0.35,0.04,49.8,9.1,2.99,7.7,221.0,8.375
22.23,CARRY,11.16,-0.01,-9.58,11.63,-0.01,1,0,322.5,222.0,18.2,0.36,0.05,49.3,9.13,2.99,8.6,220.1,8.25
22.28,CARRY,11.21,-0.01,-9.58,11.65,-0.01,1,0,321.5,224.0,16.1,0.32,0.03,51.4,9.15,2.99,9.4,220.2,8.438
22.33,CARRY,11.26,-0.01,-9.58,11.68,-0.01,1,0,321.5,226.0,14.1,0.28,0.03,51.5,9.18,2.99,10.2,219.5,8.25
22.38,CARRY,11.26,-0.01,-9.58,11.7,-0.01,1,0,321.5,225.0,15.1,0.3,0.03,49.8,9.2,2.99,10.8,219.3,8.25
22.43,CARRY,11.3,-0.01,-9.58,11.73,-0.01,1,0,321.5,226.5,13.6,0.27,0.03,50.1,9.23,2.99,11.1,219.0,8.375
22.48,CARRY,11.3,-0.01,-9.58,11.75,-0.01,1,0,321.5,226.0,14.1,0.28,0.03,49.0,9.25,2.99,12.1,218.4,8.375
22.53,CARRY,11.34,-0.01,-9.58,11.78,-0.01,1,0,321.0,228.0,12.0,0.24,0.02,49.2,9.28,2.99,13.1,218.0,8.5
22.58,CARRY,11.34,-0.01,-9.58,11.8,-0.01,1,0,321.0,227.0,13.0,0.26,0.02,49.1,9.3,2.99,13.6,217.8,8.438
22.63,CARRY,11.38,-0.01,-9.58,11.83,-0.01,1,0,321.0,228.5,11.5,0.23,0.02,51.5,9.33,2.99,14.2,217.3,8.438
22.69,CARRY,11.38,-0.01,-9.58,11.86,-0.01,1,0,321.5,228.0,12.1,0.24,0.03,50.2,9.36,2.99,15.2,216.4,8.375
22.74,CARRY,11.42,-0.01,-9.58,11.88,-0.01,1,0,321.0,229.5,10.5,0.21,0.02,49.0,9.38,2.99,16.0,216.2,8.5
22.79,CARRY,11.42,-0.01,-9.58,11.91,-0.01,1,0,321.0,229.0,11.0,0.22,0.02,50.6,9.41,2.99,17.0,215.7,8.188
22.84,CARRY,11.46,-0.01,-9.58,11.93,-0.01,1,0,321.0,230.0,10.0,0.2,0.02,49.4,9.43,2.99,17.4,215.3,8.188
22.89,CARRY,11.46,-0.01,-9.58,11.96,-0.01,1,0,321.5,229.5,10.6,0.21,0.03,48.8,9.46,2.99,18.3,214.4,8.188
22.94,CARRY,11.49,-0.01,-9.58,11.98,-0.01,1,0,321.5,230.5,9.6,0.19,0.03,48.6,9.48,2.99,18.9,214.0,8.125
22.99,CARRY,11.49,-0.01,-9.58,12.01,-0.01,1,0,321.5,230.0,10.1,0.2,0.03,50.1,9.51,2.99,19.8,213.5,8.062
23.04,CARRY,11.52,-0.01,-9.58,12.03,-0.01,1,0,321.5,230.5,9.6,0.19,0.03,50.7,9.53,2.99,20.1,213.4,7.875
23.09,CARRY,11.52,-0.01,-9.58,12.06,-0.01,1,0,321.0,230.0,10.0,0.2,0.02,48.8,9.56,2.99,21.1,213.2,8.062
23.14,CARRY,11.55,-0.01,-9.58,12.08,-0.01,1,0,321.0,231.0,9.1,0.18,0.02,48.9,9.58,2.99,21.9,212.7,8.062
23.19,CARRY,11.55,-0.01,-9.58,12.11,-0.01,1,0,321.0,230.5,9.6,0.19,0.02,48.4,9.61,2.99,22.8,212.2,8.188
23.24,CARRY,11.58,-0.01,-9.58,12.13,-0.01,1,0,321.0,231.0,9.1,0.18,0.02,48.9,9.63,2.99,23.2,211.9,8.188
23.29,CARRY,11.58,-0.01,-9.58,12.16,-0.01,1,0,321.5,230.0,10.1,0.2,0.03,50.0,9.66,2.99,23.6,211.4,7.969
23.34,CARRY,11.6,-0.02,-9.58,12.19,-0.01,1,0,321.0,231.0,9.1,0.18,0.02,49.4,9.69,2.99,24.7,211.1,8.188
23.4,CARRY,11.6,-0.02,-9.58,12.21,-0.01,1,0,321.5,230.0,10.1,0.2,0.03,48.6,9.71,2.99,25.1,210.6,8.062
23.45,CARRY,11.63,-0.02,-9.58,12.24,-0.01,1,0,321.5,230.5,9.6,0.19,0.03,49.5,9.74,2.99,25.7,210.2,8.125
23.5,CARRY,11.63,-0.02,-9.58,12.26,-0.01,1,0,321.5,230.0,10.1,0.2,0.03,48.2,9.76,2.99,26.6,209.7,8.188
23.55,CARRY,11.65,-0.02,-9.58,12.29,-0.01,1,0,321.5,230.5,9.6,0.19,0.03,50.6,9.79,2.99,27.2,209.4,8.25
23.6,CARRY,11.65,-0.02,-9.58,12.31,-0.01,1,0,321.5,230.0,10.1,0.2,0.03,48.6,9.81,2.99,28.2,208.9,8.438
23.65,CARRY,11.67,-0.02,-9.58,12.34,-0.01,1,0,321.0,231.0,9.1,0.18,0.02,50.5,9.84,2.99,29.5,208.5,8.438
23.7,CARRY,11.67,-0.02,-9.58,12.36,-0.01,1,0,321.0,230.0,10.0,0.2,0.02,48.5,9.86,2.99,30.0,208.3,8.625
23.75,CARRY,11.69,-0.02,-9.58,12.39,-0.01,1,0,321.0,230.5,9.6,0.19,0.02,49.1,9.89,2.99,30.7,207.9,8.812
23.8,CARRY,11.69,-0.02,-9.58,12.41,-0.01,1,0,321.5,229.5,10.6,0.21,0.03,48.4,9.91,2.99,31.1,207.4,8.625
23.85,CARRY,11.71,-0.02,-9.58,12.44,-0.01,1,0,321.0,230.0,10.0,0.2,0.02,51.4,9.94,2.99,31.9,207.3,8.75
23.9,CARRY,11.71,-0.02,-9.58,12.46,-0.01,1,0,321.5,229.5,10.6,0.21,0.03,50.2,9.96,2.99,32.8,206.4,8.875
23.95,CARRY,11.73,-0.02,-9.58,12.49,-0.01,1,0,321.5,229.5,10.6,0.21,0.03,50.7,9.99,2.99,33.1,206.3,8.938
24.0,CARRY,11.73,-0.02,-9.58,12.52,-0.01,1,0,321.5,229.0,11.1,0.22,0.03,52.4,10.02,2.99,34.1,205.8,9.188
24.06,CARRY,11.76,-0.02,-9.58,12.54,-0.01,1,0,321.5,230.0,10.1,0.2,0.03,50.4,10.04,2.99,35.4,205.0,9.25
24.11,CARRY,11.76,-0.02,-9.58,12.57,-0.01,1,0,321.5,229.0,11.1,0.22,0.03,48.8,10.07,2.99,35.9,204.8,9.438
24.16,CARRY,11.78,-0.02,-9.58,12.59,-0.01,1,0,321.0,229.5,10.5,0.21,0.02,48.5,10.09,2.99,36.7,204.8,9.562
24.21,CARRY,11.78,-0.02,-9.58,12.62,-0.01,1,0,321.5,229.0,11.1,0.22,0.03,49.3,10.12,2.99,37.6,204.0,9.688
24.26,CARRY,11.8,-0.02,-9.58,12.64,-0.01,1,0,321.5,229.0,11.1,0.22,0.03,50.6,10.14,2.99,37.8,203.8,9.812
24.31,CARRY,11.8,-0.02,-9.58,12.67,-0.01,1,0,321.5,228.5,11.6,0.23,0.03,49.3,10.17,2.99,38.8,203.4,9.938
24.36,CARRY,11.82,-0.02,-9.58,12.69,-0.01,1,0,322.0,229.0,11.2,0.22,0.04,49.8,10.19,2.99,39.5,202.5,9.938
24.41,CARRY,11.82,-0.02,-9.58,12.72,-0.01,1,0,321.5,228.0,12.1,0.24,0.03,47.9,10.22,2.99,40.0,202.8,10.0
24.46,CARRY,11.84,-0.02,-9.58,12.74,-0.01,1,0,321.5,228.5,11.6,0.23,0.03,48.6,10.24,2.99,40.8,202.4,9.938
24.51,CARRY,11.84,-0.02,-9.58,12.77,-0.01,1,0,321.5,227.5,12.6,0.25,0.03,48.1,10.27,2.99,41.2,202.2,10.188
24.56,CARRY,11.86,-0.02,-9.58,12.79,-0.01,1,0,321.5,228.5,11.6,0.23,0.03,51.3,10.29,2.99,42.4,201.5,10.312
24.62,CARRY,11.86,-0.02,-9.58,12.82,-0.01,1,0,321.5,227.5,12.6,0.25,0.03,49.0,10.32,2.99,43.0,201.4,10.438
24.67,CARRY,11.88,-0.02,-9.58,12.85,-0.01,1,0,321.5,228.0,12.1,0.24,0.03,48.4,10.35,2.99,43.7,201.0,10.5
24.72,CARRY,11.88,-0.02,-9.58,12.87,-0.01,1,0,322.0,227.5,12.7,0.25,0.04,50.1,10.37,2.99,44.6,200.1,10.5
24.77,CARRY,11.9,-0.02,-9.58,12.9,-0.01,1,0,321.5,228.0,12.1,0.24,0.03,49.1,10.4,2.99,45.3,200.2,10.5
24.82,CARRY,11.9,-0.02,-9.58,12.92,-0.01,1,0,322.0,227.0,13.2,0.26,0.04,47.0,10.42,2.99,45.7,199.6,10.438
24.87,CARRY,11.93,-0.02,-9.58,12.95,-0.01,1,0,322.0,227.5,12.7,0.25,0.04,51.3,10.45,2.99,46.3,199.3,10.375
24.92,CARRY,11.93,-0.02,-9.58,12.97,-0.01,1,0,321.5,227.0,13.1,0.26,0.03,49.3,10.47,2.99,47.4,199.2,10.375
24.97,CARRY,11.95,-0.02,-9.58,13.0,-0.01,1,0,321.5,228.0,12.1,0.24,0.03,50.6,10.5,2.99,48.6,198.6,10.312
25.02,CARRY,11.95,-0.02,-9.58,13.02,-0.01,1,0,321.5,227.0,13.1,0.26,0.03,50.5,10.52,2.99,49.1,198.4,10.312
25.07,CARRY,11.97,-0.02,-9.58,13.05,-0.01,1,0,321.5,227.5,12.6,0.25,0.03,51.5,10.55,2.99,49.7,198.1,10.312
25.12,CARRY,11.97,-0.02,-9.58,13.08,-0.01,1,0,322.5,226.5,13.7,0.27,0.05,49.1,10.58,2.99,50.1,197.1,10.312
25.17,CARRY,12.0,-0.02,-9.58,13.1,-0.01,1,0,322.5,227.0,13.2,0.26,0.05,48.5,10.6,2.99,50.7,196.8,10.312
25.22,CARRY,12.0,-0.02,-9.58,13.13,-0.01,1,0,322.5,226.5,13.7,0.27,0.05,48.3,10.63,2.99,51.6,196.4,10.312
25.27,CARRY,12.02,-0.02,-9.58,13.15,-0.01,1,0,322.5,227.5,12.7,0.25,0.05,48.7,10.65,2.99,52.7,195.8,10.312
25.33,CARRY,12.02,-0.02,-9.58,13.18,-0.01,1,0,322.0,226.5,13.6,0.27,0.04,49.8,10.68,2.99,53.2,196.1,10.25
25.38,CARRY,12.04,-0.02,-9.58,13.2,-0.01,1,0,322.0,227.0,13.2,0.26,0.04,48.7,10.7,2.99,53.7,195.9,10.188
25.43,CARRY,12.07,-0.02,-9.58,13.23,-0.01,1,0,322.0,227.5,12.7,0.25,0.04,48.7,10.73,2.99,54.2,195.6,10.25
25.48,CARRY,12.07,-0.02,-9.58,13.25,-0.01,1,0,322.0,227.0,13.2,0.26,0.04,49.6,10.75,2.99,55.2,195.2,10.312
25.53,CARRY,12.07,-0.02,-9.58,13.28,-0.01,1,0,322.0,226.5,13.6,0.27,0.04,49.0,10.78,2.99,56.2,194.8,10.25
25.58,CARRY,12.09,-0.02,-9.58,13.3,-0.01,1,0,321.5,227.5,12.6,0.25,0.03,51.0,10.8,2.99,57.2,194.7,10.312
25.63,CARRY,12.09,-0.02,-9.58,13.33,-0.01,1,0,322.0,226.5,13.6,0.27,0.04,50.2,10.83,2.99,57.7,194.2,10.312
25.68,CARRY,12.12,-0.02,-9.58,13.35,-0.01,1,0,322.0,227.5,12.7,0.25,0.04,49.8,10.85,2.99,58.7,193.6,10.25
25.73,CARRY,12.14,-0.02,-9.58,13.38,-0.01,1,0,322.0,228.5,11.7,0.23,0.04,50.4,10.88,2.99,59.7,193.1,10.312
25.78,CARRY,12.14,-0.02,-9.58,13.4,-0.01,1,0,322.0,227.5,12.7,0.25,0.04,50.1,10.9,2.99,60.2,193.0,10.375
25.83,CARRY,12.17,-0.02,-9.58,13.43,-0.01,1,0,322.0,228.0,12.2,0.24,0.04,50.2,10.93,2.99,60.7,192.7,10.375
25.88,CARRY,12.17,-0.02,-9.58,13.45,-0.01,1,0,322.0,227.0,13.2,0.26,0.04,51.3,10.95,2.99,61.1,192.6,10.375
25.94,CARRY,12.2,-0.02,-9.58,13.48,-0.01,1,0,322.0,228.0,12.2,0.24,0.04,51.1,10.98,2.99,62.2,192.1,10.375
25.99,CARRY,12.2,-0.02,-9.58,13.51,-0.01,1,0,322.0,227.5,12.7,0.25,0.04,50.3,11.01,2.99,63.2,191.7,10.375
26.04,CARRY,12.22,-0.02,-9.58,13.53,-0.01,1,0,321.5,228.0,12.1,0.24,0.03,50.9,11.03,2.99,63.8,191.9,10.312
26.09,CARRY,12.22,-0.02,-9.58,13.56,-0.01,1,0,322.0,227.0,13.2,0.26,0.04,50.8,11.06,2.99,64.2,191.4,10.375
26.14,CARRY,12.25,-0.02,-9.58,13.58,-0.01,1,0,322.0,228.5,11.7,0.23,0.04,51.8,11.08,2.99,65.8,190.6,10.312
26.2,CARRY,12.25,-0.02,-9.58,13.61,-0.01,1,0,322.5,228.0,12.3,0.24,0.05,52.7,11.11,2.99,66.7,189.8,10.375
26.25,CARRY,12.27,-0.02,-9.58,13.64,-0.01,1,0,322.0,227.5,12.7,0.25,0.04,52.5,11.14,2.99,66.4,190.4,10.375
26.3,CARRY,12.27,-0.02,-9.58,13.66,-0.01,1,0,322.0,227.0,13.2,0.26,0.04,50.4,11.16,2.99,67.5,190.1,10.375
26.36,CARRY,12.3,-0.02,-9.58,13.69,-0.01,1,0,322.0,228.0,12.2,0.24,0.04,50.5,11.19,2.99,68.5,189.5,10.312
26.41,CARRY,12.3,-0.02,-9.58,13.72,-0.01,1,0,322.0,227.0,13.2,0.26,0.04,49.2,11.22,2.99,69.0,189.5,10.312
26.46,CARRY,12.32,-0.02,-9.58,13.74,-0.01,1,0,322.0,227.5,12.7,0.25,0.04,50.1,11.24,2.99,69.5,189.2,10.25
26.51,CARRY,12.32,-0.02,-9.58,13.77,-0.01,1,0,322.0,226.5,13.6,0.27,0.04,49.1,11.27,2.99,70.0,189.1,10.188
26.56,CARRY,12.35,-0.02,-9.58,13.79,-0.01,1,0,322.0,227.0,13.2,0.26,0.04,51.6,11.29,2.99,70.5,188.8,10.125
26.61,CARRY,12.35,-0.02,-9.58,13.82,-0.01,1,0,322.0,226.5,13.6,0.27,0.04,48.4,11.32,2.99,71.5,188.5,10.125
26.66,CARRY,12.37,-0.02,-9.58,13.84,-0.01,1,0,322.0,228.0,12.2,0.24,0.04,48.8,11.34,2.99,73.0,187.7,10.0
26.71,CARRY,12.37,-0.02,-9.58,13.87,-0.01,1,0,322.0,227.5,12.7,0.25,0.04,50.4,11.37,2.99,74.0,187.4,10.0
26.76,CARRY,12.4,-0.02,-9.58,13.89,-0.01,1,0,322.0,228.0,12.2,0.24,0.04,49.8,11.39,2.99,74.5,187.1,9.938
26.81,CARRY,12.4,-0.02,-9.58,13.92,-0.01,1,0,322.5,227.0,13.2,0.26,0.05,50.3,11.42,2.99,74.9,186.7,10.062
26.86,CARRY,12.42,-0.02,-9.58,13.94,-0.01,1,0,322.5,227.5,12.7,0.25,0.05,52.1,11.44,2.99,75.4,186.4,10.0
26.92,CARRY,12.42,-0.02,-9.58,13.97,-0.01,1,0,322.5,227.0,13.2,0.26,0.05,48.2,11.47,2.99,76.5,186.0,10.062
26.97,CARRY,12.45,-0.02,-9.58,14.0,-0.01,1,0,322.0,227.5,12.7,0.25,0.04,50.6,11.5,2.99,77.0,186.2,10.125
27.02,CARRY,12.45,-0.02,-9.58,14.02,-0.01,1,0,322.0,226.5,13.6,0.27,0.04,50.7,11.52,2.99,77.5,186.2,10.0
27.07,CARRY,12.47,-0.02,-9.58,14.05,-0.01,1,0,321.5,227.0,13.1,0.26,0.03,51.5,11.55,2.99,78.1,186.3,9.812
27.12,CARRY,12.47,-0.02,-9.58,14.07,-0.01,1,0,321.5,226.5,13.6,0.27,0.03,50.7,11.57,2.99,79.2,186.0,9.75
27.18,CARRY,12.5,-0.02,-9.58,14.1,-0.01,1,0,321.5,227.5,12.6,0.25,0.03,50.9,11.6,2.99,80.2,185.5,9.688
27.23,CARRY,12.5,-0.02,-9.58,14.13,-0.01,1,0,322.0,226.5,13.6,0.27,0.04,49.1,11.63,2.99,80.6,185.0,9.75
27.28,CARRY,12.52,-0.02,-9.58,14.15,-0.01,1,0,322.0,227.0,13.2,0.26,0.04,50.3,11.65,2.99,81.1,184.7,9.812
27.33,CARRY,12.52,-0.02,-9.58,14.18,-0.01,1,0,322.0,226.5,13.6,0.27,0.04,49.7,11.68,2.99,82.1,184.4,9.938
27.38,CARRY,12.55,-0.02,-9.58,14.2,-0.01,1,0,322.0,227.5,12.7,0.25,0.04,49.8,11.7,2.99,83.1,184.0,9.938
27.43,CARRY,12.57,-0.02,-9.58,14.23,-0.01,1,0,321.5,228.0,12.1,0.24,0.03,48.8,11.73,2.99,83.6,184.2,10.0
27.48,CARRY,12.57,-0.02,-9.58,14.25,-0.01,1,0,322.0,227.0,13.2,0.26,0.04,50.0,11.75,2.99,84.0,183.7,10.0
27.53,CARRY,12.6,-0.02,-9.58,14.28,-0.01,1,0,322.0,228.0,12.2,0.24,0.04,48.9,11.78,2.99,84.9,183.2,10.0
27.58,CARRY,12.6,-0.02,-9.58,14.3,-0.01,1,0,322.0,227.5,12.7,0.25,0.04,47.5,11.8,2.99,85.9,183.0,10.0
27.63,CARRY,12.63,-0.02,-9.58,14.33,-0.01,1,0,321.5,228.0,12.1,0.24,0.03,49.0,11.83,2.99,86.4,183.2,10.0
27.68,CARRY,12.63,-0.02,-9.58,14.35,-0.01,1,0,321.5,227.5,12.6,0.25,0.03,48.9,11.85,2.99,87.4,182.9,10.0
27.73,CARRY,12.65,-0.02,-9.58,14.38,-0.01,1,0,321.5,228.5,11.6,0.23,0.03,48.5,11.88,2.99,88.3,182.5,9.875
27.78,CARRY,12.65,-0.02,-9.58,14.4,-0.01,1,0,321.5,227.5,12.6,0.25,0.03,50.9,11.9,2.99,88.8,182.5,9.875
27.83,CARRY,12.68,-0.01,-9.58,14.43,-0.01,1,0,321.5,228.0,12.1,0.24,0.03,49.5,11.93,2.99,89.3,182.2,9.75
27.88,CARRY,12.68,-0.01,-9.58,14.45,-0.01,1,0,322.0,227.5,12.7,0.25,0.04,50.4,11.95,2.99,90.2,181.6,9.562
27.94,CARRY,12.7,-0.01,-9.58,14.48,-0.01,1,0,321.5,228.5,11.6,0.23,0.03,49.1,11.98,2.99,91.3,181.6,9.688
27.99,CARRY,12.7,-0.01,-9.58,14.51,-0.01,1,0,321.5,227.5,12.6,0.25,0.03,48.7,12.01,2.99,91.8,181.6,9.812
28.04,CARRY,12.73,-0.01,-9.58,14.53,-0.01,1,0,321.5,228.0,12.1,0.24,0.03,48.1,12.03,2.99,92.3,181.3,9.75
28.09,CARRY,12.73,-0.01,-9.58,14.56,-0.01,1,0,321.5,227.5,12.6,0.25,0.03,50.7,12.06,2.99,93.2,181.1,9.625
28.14,CARRY,12.75,-0.01,-9.58,14.58,-0.01,1,0,321.5,228.5,11.6,0.23,0.03,49.1,12.08,2.99,94.3,180.6,9.562
28.19,CARRY,12.75,-0.01,-9.58,14.61,-0.01,1,0,321.5,227.5,12.6,0.25,0.03,48.3,12.11,2.99,94.7,180.6,9.5
28.24,CARRY,12.78,-0.01,-9.58,14.63,-0.01,1,0,321.5,228.0,12.1,0.24,0.03,48.6,12.13,2.99,95.3,180.4,9.438
28.29,CARRY,12.78,-0.01,-9.58,14.66,-0.01,1,0,321.5,227.5,12.6,0.25,0.03,48.4,12.16,2.99,96.2,180.2,9.375
28.34,CARRY,12.8,-0.01,-9.58,14.68,-0.01,1,0,321.5,228.0,12.1,0.24,0.03,48.3,12.18,2.99,96.7,179.9,9.25
28.39,CARRY,12.8,-0.01,-9.58,14.71,-0.01,1,0,321.5,227.0,13.1,0.26,0.03,48.8,12.21,2.99,97.2,179.9,9.312
28.44,CARRY,12.82,-0.01,-9.58,14.73,-0.01,1,0,321.0,228.0,12.0,0.24,0.02,49.6,12.23,2.99,98.3,179.9,9.188
28.49,CARRY,12.82,-0.01,-9.58,14.76,-0.01,1,0,321.0,227.5,12.5,0.25,0.02,49.0,12.26,2.99,99.3,179.8,9.188
28.54,CARRY,12.85,-0.01,-9.58,14.78,-0.01,1,0,321.0,228.0,12.0,0.24,0.02,51.6,12.28,2.99,99.8,179.5,9.125
28.59,CARRY,12.85,-0.01,-9.58,14.81,-0.01,1,0,321.5,227.0,13.1,0.26,0.03,50.1,12.31,2.99,100.3,179.1,9.188
28.64,CARRY,12.87,-0.01,-9.58,14.83,-0.01,1,0,321.5,227.5,12.6,0.25,0.03,49.9,12.33,2.99,100.8,178.8,9.125
28.69,CARRY,12.87,-0.01,-9.58,14.86,-0.01,1,0,321.5,227.0,13.1,0.26,0.03,51.4,12.36,2.99,101.8,178.7,9.062
28.75,CARRY,12.9,-0.01,-9.58,14.89,-0.01,1,0,321.5,228.0,12.1,0.24,0.03,49.5,12.39,2.99,102.9,178.3,9.0
28.8,CARRY,12.9,-0.01,-9.58,14.91,-0.01,1,0,321.5,227.0,13.1,0.26,0.03,51.4,12.41,2.99,103.4,178.3,8.812
28.85,CARRY,12.92,-0.01,-9.58,14.94,-0.01,1,0,321.5,227.5,12.6,0.25,0.03,49.5,12.44,2.99,104.0,178.1,8.75
28.9,CARRY,12.92,-0.01,-9.58,14.96,-0.01,1,0,321.5,227.5,12.6,0.25,0.03,48.0,12.46,2.99,105.4,177.7,8.625
28.95,CARRY,12.95,-0.01,-9.58,14.99,-0.01,1,0,321.5,228.5,11.6,0.23,0.03,58.1,12.49,2.99,106.4,177.4,8.5
29.01,CARRY,12.95,-0.01,-9.58,15.02,-0.01,1,0,321.5,227.0,13.1,0.26,0.03,49.8,12.52,2.99,106.6,177.6,8.375
29.06,CARRY,12.97,-0.01,-9.58,15.04,-0.01,1,0,321.5,227.5,12.6,0.25,0.03,52.4,12.54,2.99,107.1,177.4,8.25
29.11,CARRY,12.97,-0.01,-9.58,15.07,-0.01,1,0,321.5,226.5,13.6,0.27,0.03,48.9,12.57,2.99,107.7,177.4,7.781
29.16,CARRY,13.0,-0.01,-9.58,15.09,-0.01,1,0,321.5,227.0,13.1,0.26,0.03,50.0,12.59,2.99,108.2,177.2,7.406
29.21,CARRY,13.0,-0.01,-9.58,15.12,-0.01,1,0,321.5,226.5,13.6,0.27,0.03,51.1,12.62,2.99,109.1,177.1,7.406
29.27,CARRY,13.02,-0.01,-9.58,15.15,-0.01,1,0,321.5,227.5,12.6,0.25,0.03,50.5,12.65,2.99,110.2,176.8,7.219
29.32,CARRY,13.02,-0.01,-9.58,15.17,-0.01,1,0,322.0,227.5,12.7,0.25,0.04,49.9,12.67,2.99,111.6,176.0,6.969
29.37,CARRY,13.05,-0.01,-9.58,15.2,-0.01,1,0,321.5,227.5,12.6,0.25,0.03,49.6,12.7,2.99,111.7,176.5,6.781
29.42,CARRY,13.05,-0.01,-9.58,15.22,-0.01,1,0,321.5,226.5,13.6,0.27,0.03,51.9,12.72,2.99,112.1,176.6,6.562
29.47,CARRY,13.07,-0.01,-9.58,15.25,-0.01,1,0,321.5,227.5,12.6,0.25,0.03,49.8,12.75,2.99,113.2,176.2,6.094
29.52,CARRY,13.07,-0.01,-9.58,15.27,-0.01,1,0,321.0,227.0,13.0,0.26,0.02,48.7,12.77,2.99,114.3,176.6,5.625
29.57,CARRY,13.1,-0.01,-9.58,15.3,-0.01,1,0,321.5,228.0,12.1,0.24,0.03,51.1,12.8,2.99,115.1,175.9,5.594
29.62,CARRY,13.1,-0.01,-9.58,15.32,-0.01,1,0,321.5,227.0,13.1,0.26,0.03,51.1,12.82,2.99,115.7,175.9,4.938
29.68,CARRY,13.12,-0.01,-9.58,15.35,-0.01,1,0,321.0,227.0,13.0,0.26,0.02,50.2,12.85,2.99,115.8,176.4,3.734
29.73,CARRY,13.12,-0.01,-9.58,15.38,-0.01,1,0,,,,0.534,0.038,48.2,12.88,2.99,,,-2.266
29.78,CARRY,13.15,-0.01,-9.58,15.4,-0.01,1,0,,,,0.533,0.038,50.2,12.9,2.99,,,-3.406
29.83,CARRY,13.18,-0.01,-9.58,15.43,-0.01,1,0,,,,0.533,0.037,49.8,12.93,2.99,,,-3.5
29.88,CARRY,13.18,-0.01,-9.58,15.45,-0.01,1,0,,,,0.545,0.038,48.4,12.95,2.99,,,-3.844
29.93,CARRY,13.2,-0.01,-9.58,15.48,-0.01,1,0,,,,0.544,0.037,50.3,12.98,2.99,,,-3.688
29.98,CARRY,13.2,-0.01,-9.58,15.5,-0.01,1,0,,,,0.557,0.038,48.5,13.0,2.99,,,-3.656
30.03,CARRY,13.23,-0.01,-9.58,15.53,-0.01,1,1,,,,0.555,0.037,50.7,13.03,2.99,,,-2.578
30.08,CARRY,13.23,-0.01,-9.58,15.55,-0.01,1,1,,,,0.568,0.038,49.0,13.05,2.99,,,-2.672
30.13,CARRY,13.26,-0.01,-9.58,15.58,-0.01,1,1,,,,0.563,0.037,50.5,13.08,2.99,,,-2.797
30.18,CARRY,13.26,-0.01,-9.58,15.6,-0.01,1,1,,,,0.576,0.038,47.8,13.1,2.99,,,-2.578
30.23,CARRY,13.3,-0.01,-9.58,15.63,-0.01,1,1,,,,0.569,0.037,51.7,13.13,2.99,,,-2.453
30.29,CARRY,13.3,-0.01,-9.58,15.66,-0.01,1,1,,,,0.582,0.038,52.2,13.16,2.99,,,-2.406
30.34,CARRY,13.34,-0.02,-9.58,15.68,-0.01,1,1,,,,0.574,0.037,49.6,13.18,2.99,,,-2.359
30.39,CARRY,13.34,-0.02,-9.58,15.71,-0.01,1,1,,,,0.587,0.037,49.8,13.21,2.99,,,-2.359
30.44,CARRY,13.39,-0.02,-9.58,15.73,-0.01,1,1,,,,0.577,0.037,49.2,13.23,2.99,,,-2.578
30.49,CARRY,13.39,-0.02,-9.58,15.76,-0.01,1,1,,,,0.589,0.037,50.6,13.26,2.99,,,-2.188
30.54,CARRY,13.43,-0.02,-9.58,15.78,-0.01,1,1,,,,0.578,0.036,49.4,13.28,2.99,,,-2.453
30.59,CARRY,13.43,-0.02,-9.58,15.81,-0.01,1,1,,,,0.59,0.037,50.5,13.31,2.99,,,-2.484
30.64,CARRY,13.48,-0.02,-9.58,15.83,-0.01,1,1,,,,0.578,0.036,48.1,13.33,2.99,,,-2.281
30.69,CARRY,13.48,-0.02,-9.58,15.86,-0.01,1,1,,,,0.59,0.037,50.4,13.36,2.99,,,-2.297
30.75,CARRY,13.54,-0.03,-9.58,15.89,-0.01,1,1,,,,0.577,0.036,48.2,13.39,2.99,,,-2.266
30.8,CARRY,13.54,-0.03,-9.58,15.91,-0.01,1,1,,,,0.589,0.036,50.0,13.41,2.99,,,-2.281
30.85,CARRY,13.59,-0.03,-9.58,15.94,-0.01,1,1,,,,0.575,0.035,50.3,13.44,2.99,,,-2.141
30.9,CARRY,13.59,-0.03,-9.58,15.96,-0.01,1,1,,,,0.587,0.036,47.9,13.46,2.99,,,-2.234
30.95,CARRY,13.64,-0.03,-9.58,15.99,-0.01,1,1,,,,0.572,0.035,48.0,13.49,2.99,,,-2.219
31.0,CARRY,13.64,-0.03,-9.58,16.01,-0.01,1,1,,,,0.584,0.036,50.3,13.51,2.99,,,-2.219
31.05,CARRY,13.7,-0.04,-9.58,16.04,-0.01,1,1,,,,0.57,0.035,48.0,13.54,2.99,,,-2.734
31.1,CARRY,13.7,-0.04,-9.58,16.06,-0.01,1,1,,,,0.582,0.035,49.4,13.56,2.99,,,-2.844
31.15,CARRY,13.75,-0.04,-9.58,16.09,-0.01,1,1,,,,0.566,0.034,52.8,13.59,2.99,,,-2.625
31.2,CARRY,13.75,-0.04,-9.58,16.11,-0.01,1,1,,,,0.579,0.035,48.0,13.61,2.99,,,-2.625
31.25,CARRY,13.81,-0.05,-9.58,16.14,-0.01,1,1,,,,0.564,0.034,47.7,13.64,2.99,,,-2.703
31.3,CARRY,13.81,-0.05,-9.58,16.16,-0.01,1,1,,,,0.576,0.035,50.5,13.66,2.99,,,-2.703
31.35,CARRY,13.86,-0.05,-9.58,16.19,-0.01,1,1,,,,0.56,0.034,49.8,13.69,2.99,,,-2.609
31.41,CARRY,13.86,-0.05,-9.58,16.22,-0.01,1,1,,,,0.573,0.035,47.8,13.72,2.99,,,-2.734
31.46,CARRY,13.92,-0.05,-9.58,16.24,-0.01,1,1,,,,0.557,0.034,48.3,13.74,2.99,,,-3.125
31.51,CARRY,13.92,-0.05,-9.58,16.27,-0.01,1,1,,,,0.569,0.034,49.1,13.77,2.99,,,-3.094
31.56,CARRY,13.98,-0.06,-9.58,16.29,-0.01,1,1,,,,0.553,0.034,50.6,13.79,2.99,,,-3.422
31.61,CARRY,13.98,-0.06,-9.58,16.32,-0.01,1,1,,,,0.566,0.034,48.4,13.82,2.99,,,-3.516
31.66,CARRY,14.03,-0.06,-9.58,16.34,-0.01,1,1,,,,0.55,0.034,50.4,13.84,2.99,,,-3.469
31.71,CARRY,14.03,-0.06,-9.58,16.37,-0.01,1,1,,,,0.562,0.034,49.2,13.87,2.99,,,-3.453
31.76,CARRY,14.09,-0.07,-9.58,16.39,-0.01,1,1,,,,0.546,0.034,48.3,13.89,2.99,,,-3.547
31.81,CARRY,14.09,-0.07,-9.58,16.42,-0.01,1,1,,,,0.559,0.034,48.0,13.92,2.99,,,-3.547
31.86,CARRY,14.14,-0.07,-9.58,16.44,-0.01,1,1,,,,0.543,0.033,49.9,13.94,2.99,,,-3.828
31.91,CARRY,14.14,-0.07,-9.58,16.47,-0.01,1,1,,,,0.555,0.034,49.3,13.97,2.99,,,-3.641
31.96,CARRY,14.2,-0.08,-9.58,16.49,-0.01,1,1,,,,0.539,0.033,50.7,13.99,2.99,,,-3.734
32.01,CARRY,14.2,-0.08,-9.58,16.52,-0.01,1,1,,,,0.552,0.034,52.8,14.02,2.99,,,-3.781
32.06,CARRY,14.26,-0.08,-9.58,16.55,-0.01,1,1,,,,0.537,0.033,48.8,14.05,2.99,,,-3.812
32.11,CARRY,14.26,-0.08,-9.58,16.57,-0.01,1,1,,,,0.549,0.034,50.4,14.07,2.99,,,-3.844
32.17,CARRY,14.31,-0.08,-9.58,16.6,-0.01,1,1,,,,0.533,0.033,48.8,14.1,2.99,,,-3.812
32.22,CARRY,14.31,-0.08,-9.58,16.62,-0.01,1,1,,,,0.546,0.034,48.5,14.12,2.99,,,-3.75
32.27,CARRY,14.37,-0.09,-9.58,16.65,-0.01,1,1,,,,0.53,0.033,48.6,14.15,2.99,,,-3.516
32.32,CARRY,14.37,-0.09,-9.58,16.67,-0.01,1,1,,,,0.542,0.034,50.2,14.17,2.99,,,-3.516
32.37,CARRY,14.42,-0.09,-9.58,16.7,-0.01,1,1,,,,0.527,0.033,49.1,14.2,2.99,,,-3.531
32.42,CARRY,14.42,-0.09,-9.58,16.72,-0.01,1,1,,,,0.539,0.034,47.4,14.22,2.99,,,-3.578
32.47,CARRY,14.48,-0.1,-9.58,16.75,-0.01,1,1,,,,0.523,0.033,50.5,14.25,2.99,,,-3.594
32.52,CARRY,14.48,-0.1,-9.58,16.77,-0.01,1,1,,,,0.536,0.033,49.8,14.27,2.99,,,-3.656
32.57,CARRY,14.53,-0.1,-9.58,16.8,-0.01,1,1,,,,0.521,0.032,50.1,14.3,2.99,,,-3.453
32.62,CARRY,14.53,-0.1,-9.58,16.82,-0.01,1,1,,,,0.533,0.033,51.6,14.32,2.99,,,-3.484
32.67,CARRY,14.59,-0.1,-9.58,16.85,-0.01,1,1,,,,0.519,0.032,49.1,14.35,2.99,,,-3.547
32.72,REGROUND,14.59,-0.1,-9.58,16.87,-0.01,1,1,,,,0.531,0.033,52.1,14.37,2.99,,,-3.547
32.78,REGROUND,14.64,-0.11,-9.58,16.9,-0.01,1,1,,,,0.517,0.032,3.7,14.4,2.99,,,
32.83,REGROUND,14.7,-0.11,-9.58,16.93,-0.01,1,1,,,,0.502,0.031,1.5,14.43,2.99,,,
32.88,REGROUND,14.7,-0.11,-9.58,16.95,-0.01,1,1,,,,0.514,0.032,0.8,14.45,2.99,,,
32.93,REGROUND,14.7,-0.11,-9.58,16.98,-0.01,1,1,,,,0.526,0.033,1.0,14.48,2.99,,,
32.98,REGROUND,14.75,-0.11,-9.58,17.0,-0.01,1,1,,,,0.512,0.032,1.7,14.5,2.99,,,
33.03,REGROUND,14.75,-0.11,-9.58,17.03,-0.01,1,1,,,,0.524,0.033,1.0,14.53,2.99,,,
33.08,REGROUND,14.8,-0.12,-9.58,17.05,-0.01,1,1,,,,0.509,0.032,1.7,14.55,2.99,,,
33.13,REGROUND,14.8,-0.12,-9.58,17.08,-0.01,1,1,,,,0.521,0.032,1.0,14.58,2.99,,,
33.18,REGROUND,14.86,-0.12,-9.58,17.1,-0.01,1,1,,,,0.507,0.031,1.6,14.6,2.99,,,
33.23,REGROUND,14.86,-0.12,-9.58,17.13,-0.01,1,1,,,,0.519,0.032,1.0,14.63,2.99,,,
33.28,REGROUND,14.91,-0.13,-9.58,17.15,-0.01,1,1,,,,0.505,0.031,1.7,14.65,2.99,,,
33.33,REGROUND,14.91,-0.13,-9.58,17.18,-0.01,1,1,,,,0.517,0.032,1.0,14.68,2.99,,,
33.38,REGROUND,14.96,-0.13,-9.58,17.2,-0.01,1,1,,,,0.503,0.031,1.6,14.7,2.99,,,
33.43,REGROUND,15.01,-0.13,-9.58,17.23,-0.01,1,1,,,,0.489,0.03,1.6,14.73,2.99,,,
33.48,REGROUND,15.01,-0.13,-9.58,17.25,-0.01,1,1,,,,0.501,0.031,0.9,14.75,2.99,,,
33.53,REGROUND,15.07,-0.14,-9.58,17.28,-0.01,1,1,,,,0.487,0.03,1.4,14.78,2.99,,,
33.58,REGROUND,15.07,-0.14,-9.58,17.3,-0.01,1,1,,,,0.499,0.031,1.0,14.8,2.99,,,
33.63,REGROUND,15.07,-0.14,-9.58,17.33,-0.01,1,1,,,,0.512,0.031,1.1,14.83,2.99,,,
33.68,REGROUND,15.12,-0.14,-9.58,17.35,-0.01,1,1,,,,0.498,0.03,1.5,14.85,2.99,,,
33.73,REGROUND,15.12,-0.14,-9.58,17.38,-0.01,1,1,,,,0.51,0.031,1.0,14.88,2.99,,,
33.78,REGROUND,15.17,-0.14,-9.58,17.4,-0.01,1,1,,,,0.496,0.03,1.6,14.9,2.99,,,
33.83,REGROUND,15.17,-0.14,-9.58,17.43,-0.01,1,1,,,,0.508,0.031,1.0,14.93,2.99,,,
33.88,REGROUND,15.22,-0.15,-9.58,17.45,-0.01,1,1,,,,0.495,0.03,1.6,14.95,2.99,,,
33.93,REGROUND,15.22,-0.15,-9.58,17.48,-0.01,1,1,,,,0.507,0.031,1.0,14.98,2.99,,,
33.98,REGROUND,15.27,-0.15,-9.58,17.5,-0.01,1,1,,,,0.493,0.03,1.5,15.0,2.99,,,
34.03,REGROUND,15.32,-0.15,-9.58,17.53,-0.01,1,1,,,,0.48,0.029,1.5,15.03,2.99,,,
34.08,REGROUND,15.32,-0.15,-9.58,17.55,-0.01,1,1,,,,0.492,0.029,1.0,15.05,2.99,,,
34.13,REGROUND,15.38,-0.16,-9.58,17.58,-0.01,1,1,,,,0.479,0.029,1.4,15.08,2.99,,,
34.18,REGROUND,15.38,-0.16,-9.58,17.6,-0.01,1,1,,,,0.491,0.029,0.9,15.1,2.99,,,
34.23,REGROUND,15.43,-0.16,-9.58,17.63,-0.01,1,1,,,,0.478,0.028,1.5,15.13,2.99,,,
34.28,REGROUND,15.43,-0.16,-9.58,17.65,-0.01,1,1,,,,0.49,0.029,0.9,15.15,2.99,,,
34.33,REGROUND,15.43,-0.16,-9.58,17.68,-0.01,1,1,,,,0.502,0.03,1.0,15.18,2.99,,,
34.38,REGROUND,15.48,-0.16,-9.58,17.7,-0.01,1,1,,,,0.489,0.029,1.6,15.2,2.99,,,
34.43,REGROUND,15.48,-0.16,-9.58,17.73,-0.01,1,1,,,,0.501,0.03,1.0,15.23,2.99,,,
34.48,REGROUND,15.53,-0.17,-9.58,17.75,-0.01,1,1,,,,0.488,0.029,1.5,15.25,2.99,,,
34.53,REGROUND,15.53,-0.17,-9.58,17.78,-0.01,1,1,,,,0.5,0.03,1.0,15.28,2.99,,,
34.58,REGROUND,15.58,-0.17,-9.58,17.8,-0.01,1,1,,,,0.487,0.029,1.6,15.3,2.99,,,
34.63,REGROUND,15.63,-0.17,-9.58,17.83,-0.01,1,1,,,,0.474,0.028,1.6,15.33,2.99,,,
34.68,REGROUND,15.63,-0.17,-9.58,17.85,-0.01,1,1,,,,0.486,0.029,0.8,15.35,2.99,,,
34.73,REGROUND,15.68,-0.18,-9.58,17.88,-0.01,1,1,,,,0.474,0.028,1.7,15.38,2.99,,,
34.78,REGROUND,15.68,-0.18,-9.58,17.9,-0.01,1,1,,,,0.486,0.029,1.0,15.4,2.99,,,
34.83,REGROUND,15.73,-0.18,-9.58,17.93,-0.01,1,1,,,,0.473,0.028,1.5,15.43,2.99,,,
34.88,REGROUND,15.73,-0.18,-9.58,17.95,-0.01,1,1,,,,0.485,0.028,0.9,15.45,2.99,,,
34.93,REGROUND,15.73,-0.18,-9.58,17.98,-0.01,1,1,,,,0.497,0.029,0.9,15.48,2.99,,,
34.98,REGROUND,15.78,-0.18,-9.58,18.0,-0.01,1,1,,,,0.485,0.028,1.5,15.5,2.99,,,
35.03,REGROUND,15.78,-0.18,-9.58,18.03,-0.01,1,0,,,,0.497,0.029,1.0,15.53,2.99,,,
35.08,REGROUND,15.83,-0.19,-9.58,18.05,-0.01,1,0,,,,0.485,0.028,1.3,15.55,2.99,,,
35.13,REGROUND,15.83,-0.19,-9.58,18.08,-0.01,1,0,,,,0.497,0.029,0.8,15.58,2.99,,,
35.18,REGROUND,15.88,-0.19,-9.58,18.1,-0.01,1,0,,,,0.484,0.028,3.6,15.6,2.99,,,
35.23,REGROUND,15.93,-0.19,-9.58,18.13,-0.01,1,0,,,,0.472,0.027,1.4,15.63,2.99,,,
35.28,REGROUND,15.93,-0.19,-9.58,18.15,-0.01,1,0,,,,0.484,0.028,0.8,15.65,2.99,,,
35.33,REGROUND,15.98,-0.2,-9.58,18.18,-0.01,1,0,,,,0.471,0.027,1.6,15.68,2.99,,,
35.38,REGROUND,15.98,-0.2,-9.58,18.2,-0.01,1,0,,,,0.483,0.027,1.0,15.7,2.99,,,
35.43,REGROUND,16.02,-0.2,-9.58,18.23,-0.01,1,0,,,,0.471,0.027,1.5,15.73,2.99,,,
35.48,REGROUND,16.02,-0.2,-9.58,18.25,-0.01,1,0,,,,0.483,0.027,1.0,15.75,2.99,,,
35.53,REGROUND,16.07,-0.2,-9.58,18.28,-0.01,1,0,,,,0.471,0.026,1.5,15.78,2.99,,,
35.58,REGROUND,16.07,-0.2,-9.58,18.3,-0.01,1,0,,,,0.483,0.027,0.8,15.8,2.99,,,
35.63,REGROUND,16.07,-0.2,-9.58,18.33,-0.01,1,0,,,,0.495,0.028,1.0,15.83,2.99,,,
35.68,REGROUND,16.12,-0.21,-9.58,18.35,-0.01,1,0,,,,0.483,0.027,1.5,15.85,2.99,,,
35.73,REGROUND,16.17,-0.21,-9.58,18.38,-0.01,1,0,,,,0.471,0.026,1.7,15.88,2.99,,,
35.78,REGROUND,16.17,-0.21,-9.58,18.4,-0.01,1,0,,,,0.483,0.027,1.2,15.9,2.99,,,
35.83,REGROUND,16.22,-0.21,-9.58,18.43,-0.01,1,0,,,,0.471,0.026,1.9,15.93,2.99,,,
35.88,REGROUND,16.22,-0.21,-9.58,18.45,-0.01,1,0,,,,0.483,0.027,1.0,15.95,2.99,,,
35.93,REGROUND,16.27,-0.22,-9.58,18.48,-0.01,1,0,,,,0.471,0.026,1.7,15.98,2.99,,,
35.98,REGROUND,16.27,-0.22,-9.58,18.5,-0.01,1,0,,,,0.483,0.027,1.0,16.0,2.99,,,
36.03,REGROUND,16.32,-0.22,-9.58,18.53,-0.01,1,0,,,,0.472,0.026,1.6,16.03,2.99,,,
36.08,REGROUND,16.32,-0.22,-9.58,18.55,-0.01,1,0,,,,0.484,0.027,1.0,16.05,2.99,,,
36.13,REGROUND,16.36,-0.22,-9.58,18.58,-0.01,1,0,,,,0.472,0.026,1.6,16.08,2.99,,,
36.18,REGROUND,16.36,-0.22,-9.58,18.6,-0.01,1,0,,,,0.484,0.027,1.0,16.1,2.99,,,
36.23,REGROUND,16.41,-0.23,-9.58,18.63,-0.01,1,0,,,,0.472,0.026,1.7,16.13,2.99,,,
36.28,REGROUND,16.41,-0.23,-9.58,18.65,-0.01,1,0,,,,0.484,0.027,0.7,16.15,2.99,,,
36.33,REGROUND,16.46,-0.23,-9.58,18.68,-0.01,1,0,,,,0.472,0.026,1.5,16.18,2.99,,,
36.38,REGROUND,16.46,-0.23,-9.58,18.7,-0.01,1,0,,,,0.485,0.027,1.0,16.2,2.99,,,
36.43,REGROUND,16.51,-0.23,-9.58,18.73,-0.01,1,0,,,,0.473,0.026,1.4,16.23,2.99,,,
36.48,REGROUND,16.51,-0.23,-9.58,18.75,-0.01,1,0,,,,0.485,0.027,0.8,16.25,2.99,,,
36.53,REGROUND,16.56,-0.24,-9.58,18.78,-0.01,1,0,,,,0.473,0.027,1.7,16.28,2.99,,,
36.58,REGROUND,16.56,-0.24,-9.58,18.8,-0.01,1,0,,,,0.485,0.027,0.8,16.3,2.99,,,
36.63,REGROUND,16.6,-0.24,-9.58,18.83,-0.01,1,0,,,,0.474,0.027,1.5,16.33,2.99,,,
36.68,REGROUND,16.6,-0.24,-9.58,18.85,-0.01,1,0,,,,0.486,0.027,0.7,16.35,2.99,,,
36.73,REGROUND,16.65,-0.24,-9.58,18.88,-0.01,1,0,,,,0.474,0.027,1.6,16.38,2.99,,,
36.78,REGROUND,16.65,-0.24,-9.58,18.9,-0.01,1,0,,,,0.486,0.027,1.0,16.4,2.99,,,
36.83,REGROUND,16.7,-0.25,-9.58,18.93,-0.01,1,0,,,,0.475,0.027,1.6,16.43,2.99,,,
36.88,REGROUND,16.7,-0.25,-9.58,18.95,-0.01,1,0,,,,0.487,0.028,1.0,16.45,2.99,,,
36.93,REGROUND,16.75,-0.25,-9.58,18.98,-0.01,1,0,,,,0.475,0.027,1.6,16.48,2.99,,,
36.98,REGROUND,16.75,-0.25,-9.58,19.0,-0.01,1,0,,,,0.487,0.028,0.9,16.5,2.99,,,
37.03,REGROUND,16.79,-0.26,-9.58,19.03,-0.01,1,0,,,,0.476,0.027,1.6,16.53,2.99,,,
37.08,REGROUND,16.79,-0.26,-9.58,19.05,-0.01,1,0,,,,0.488,0.028,1.0,16.55,2.99,,,
37.13,REGROUND,16.84,-0.26,-9.58,19.08,-0.01,1,0,,,,0.476,0.028,1.5,16.58,2.99,,,
37.18,REGROUND,16.84,-0.26,-9.58,19.1,-0.01,1,0,,,,0.488,0.028,1.2,16.6,2.99,,,
37.23,REGROUND,16.89,-0.26,-9.58,19.13,-0.01,1,0,,,,0.476,0.028,1.7,16.63,2.99,,,
37.28,REGROUND,16.89,-0.26,-9.58,19.15,-0.01,1,0,,,,0.489,0.029,1.0,16.65,2.99,,,
37.33,REGROUND,16.94,-0.27,-9.58,19.18,-0.01,1,0,,,,0.477,0.028,1.6,16.68,2.99,,,
37.38,REGROUND,16.94,-0.27,-9.58,19.2,-0.01,1,0,,,,0.489,0.029,1.0,16.7,2.99,,,
37.43,REGROUND,16.99,-0.27,-9.58,19.23,-0.01,1,0,,,,0.477,0.028,1.6,16.73,2.99,,,
37.48,REGROUND,16.99,-0.27,-9.58,19.25,-0.01,1,0,,,,0.489,0.029,1.0,16.75,2.99,,,
37.53,REGROUND,17.03,-0.27,-9.58,19.28,-0.01,1,0,,,,0.477,0.028,3.6,16.78,2.99,,,
37.58,REGROUND,17.03,-0.27,-9.58,19.3,-0.01,1,0,,,,0.489,0.029,1.0,16.8,2.99,,,
37.63,REGROUND,17.08,-0.28,-9.58,19.33,-0.01,1,0,,,,0.478,0.029,1.6,16.83,2.99,,,
37.68,REGROUND,17.08,-0.28,-9.58,19.35,-0.01,1,0,,,,0.49,0.029,1.0,16.85,2.99,,,
37.73,REGROUND,17.13,-0.28,-9.58,19.38,-0.01,1,0,,,,0.478,0.029,1.6,16.88,2.99,,,
37.78,REGROUND,17.13,-0.28,-9.58,19.4,-0.01,1,0,,,,0.49,0.029,1.0,16.9,2.99,,,
37.83,REGROUND,17.18,-0.29,-9.58,19.43,-0.01,1,0,,,,0.478,0.029,1.6,16.93,2.99,,,
37.88,REGROUND,17.18,-0.29,-9.58,19.45,-0.01,1,0,,,,0.49,0.029,1.0,16.95,2.99,,,
37.93,REGROUND,17.23,-0.29,-9.58,19.48,-0.01,1,0,,,,0.478,0.029,1.7,16.98,2.99,,,
37.98,REGROUND,17.23,-0.29,-9.58,19.5,-0.01,1,0,,,,0.491,0.03,1.0,17.0,2.99,,,
38.03,REGROUND,17.27,-0.29,-9.58,19.53,-0.01,1,0,,,,0.479,0.029,1.7,17.03,2.99,,,
38.08,REGROUND,17.27,-0.29,-9.58,19.55,-0.01,1,0,,,,0.491,0.03,0.8,17.05,2.99,,,
38.13,REGROUND,17.32,-0.3,-9.58,19.58,-0.01,1,0,,,,0.479,0.029,1.6,17.08,2.99,,,
38.18,REGROUND,17.32,-0.3,-9.58,19.6,-0.01,1,0,,,,0.491,0.03,1.0,17.1,2.99,,,
38.23,REGROUND,17.37,-0.3,-9.58,19.63,-0.01,1,0,,,,0.479,0.029,1.7,17.13,2.99,,,
38.28,REGROUND,17.37,-0.3,-9.58,19.65,-0.01,1,0,,,,0.492,0.03,1.0,17.15,2.99,,,
38.33,REGROUND,17.42,-0.3,-9.58,19.68,-0.01,1,0,,,,0.48,0.029,1.6,17.18,2.99,,,
38.38,REGROUND,17.42,-0.3,-9.58,19.7,-0.01,1,0,,,,0.492,0.03,0.8,17.2,2.99,,,
38.43,REGROUND,17.47,-0.31,-9.58,19.73,-0.01,1,0,,,,0.48,0.029,1.4,17.23,2.99,,,
38.48,REGROUND,17.47,-0.31,-9.58,19.75,-0.01,1,0,,,,0.492,0.03,0.7,17.25,2.99,,,
38.53,REGROUND,17.52,-0.31,-9.58,19.78,-0.01,1,0,,,,0.48,0.029,1.6,17.28,2.99,,,
38.58,REGROUND,17.52,-0.31,-9.58,19.8,-0.01,1,0,,,,0.493,0.03,1.0,17.3,2.99,,,
38.63,REGROUND,17.56,-0.31,-9.58,19.83,-0.01,1,0,,,,0.481,0.029,1.5,17.33,2.99,,,
38.68,REGROUND,17.56,-0.31,-9.58,19.85,-0.01,1,0,,,,0.493,0.03,1.0,17.35,2.99,,,
38.73,REGROUND,17.61,-0.32,-9.58,19.88,-0.01,1,0,,,,0.481,0.029,1.7,17.38,2.99,,,
38.78,REGROUND,17.61,-0.32,-9.58,19.91,-0.01,1,0,,,,0.493,0.03,1.0,17.41,2.99,,,
38.83,REGROUND,17.66,-0.32,-9.58,19.93,-0.01,1,0,,,,0.482,0.029,1.7,17.43,2.99,,,
38.88,REGROUND,17.66,-0.32,-9.58,19.96,-0.01,1,0,,,,0.494,0.03,1.1,17.46,2.99,,,
38.93,REGROUND,17.71,-0.32,-9.58,19.98,-0.01,1,0,,,,0.482,0.029,1.6,17.48,2.99,,,
38.98,REGROUND,17.71,-0.32,-9.58,20.01,-0.01,1,0,,,,0.494,0.03,0.8,17.51,2.99,,,
39.03,REGROUND,17.76,-0.33,-9.58,20.03,-0.01,1,0,,,,0.482,0.029,2.0,17.53,2.99,,,
39.08,REGROUND,17.76,-0.33,-9.58,20.06,-0.01,1,0,,,,0.494,0.03,1.2,17.56,2.99,,,
39.14,REGROUND,17.8,-0.33,-9.58,20.08,-0.01,1,0,,,,0.482,0.029,1.7,17.58,2.99,,,
39.19,REGROUND,17.8,-0.33,-9.58,20.11,-0.01,1,0,,,,0.494,0.03,1.1,17.61,2.99,,,
39.24,REGROUND,17.85,-0.33,-9.58,20.13,-0.01,1,0,,,,0.482,0.029,1.6,17.63,2.99,,,
39.29,REGROUND,17.85,-0.33,-9.58,20.16,-0.01,1,0,,,,0.495,0.03,0.9,17.66,2.99,,,
39.34,REGROUND,17.9,-0.34,-9.58,20.18,-0.01,1,0,,,,0.482,0.029,1.4,17.68,2.99,,,
39.39,REGROUND,17.9,-0.34,-9.58,20.21,-0.01,1,0,,,,0.494,0.03,0.9,17.71,2.99,,,
39.44,REGROUND,17.95,-0.34,-9.58,20.23,-0.01,1,0,,,,0.482,0.029,1.6,17.73,2.99,,,
39.49,REGROUND,17.95,-0.34,-9.58,20.26,-0.01,1,0,,,,0.494,0.03,1.0,17.76,2.99,,,
39.54,REGROUND,18.0,-0.35,-9.58,20.28,-0.01,1,0,,,,0.482,0.03,1.6,17.78,2.99,,,
39.59,REGROUND,18.0,-0.35,-9.58,20.31,-0.01,1,0,,,,0.494,0.03,1.0,17.81,2.99,,,
39.64,REGROUND,18.05,-0.35,-9.58,20.33,-0.01,1,0,,,,0.482,0.029,1.8,17.83,2.99,,,
39.69,REGROUND,18.05,-0.35,-9.58,20.36,-0.01,1,0,,,,0.494,0.03,1.0,17.86,2.99,,,
39.74,REGROUND,18.1,-0.35,-9.58,20.38,-0.01,1,0,,,,0.482,0.029,1.7,17.88,2.99,,,
39.79,REGROUND,18.1,-0.35,-9.58,20.41,-0.01,1,0,,,,0.494,0.03,1.0,17.91,2.99,,,
39.84,REGROUND,18.15,-0.36,-9.58,20.43,-0.01,1,0,,,,0.482,0.029,3.8,17.93,2.99,,,
39.89,REGROUND,18.15,-0.36,-9.58,20.46,-0.01,1,0,,,,0.494,0.03,1.0,17.96,2.99,,,
39.94,REGROUND,18.19,-0.36,-9.58,20.48,-0.01,1,0,,,,0.482,0.029,1.5,17.98,2.99,,,
39.99,REGROUND,18.19,-0.36,-9.58,20.51,-0.01,1,0,,,,0.494,0.03,0.9,18.01,2.99,,,
40.04,REGROUND,18.24,-0.36,-9.58,20.53,-0.01,1,0,,,,0.482,0.029,1.3,18.03,2.99,,,
40.09,REGROUND,18.24,-0.36,-9.58,20.56,-0.01,1,0,,,,0.494,0.03,0.7,18.06,2.99,,,
40.14,REGROUND,18.29,-0.37,-9.58,20.58,-0.01,1,0,,,,0.482,0.029,1.5,18.08,2.99,,,
40.19,REGROUND,18.29,-0.37,-9.58,20.61,-0.01,1,0,,,,0.494,0.03,1.1,18.11,2.99,,,
40.24,REGROUND,18.34,-0.37,-9.58,20.63,-0.01,1,0,,,,0.481,0.029,1.5,18.13,2.99,,,
40.29,REGROUND,18.34,-0.37,-9.58,20.66,-0.01,1,0,,,,0.494,0.03,0.8,18.16,2.99,,,
40.34,REGROUND,18.39,-0.37,-9.58,20.68,-0.01,1,0,,,,0.481,0.029,1.7,18.18,2.99,,,
40.39,REGROUND,18.39,-0.37,-9.58,20.71,-0.01,1,0,,,,0.493,0.03,1.0,18.21,2.99,,,
40.44,REGROUND,18.44,-0.38,-9.58,20.73,-0.01,1,0,,,,0.481,0.029,1.5,18.23,2.99,,,
40.49,REGROUND,18.44,-0.38,-9.58,20.76,-0.01,1,0,,,,0.493,0.03,1.0,18.26,2.99,,,
40.54,REGROUND,18.49,-0.38,-9.58,20.78,-0.01,1,0,,,,0.481,0.029,1.6,18.28,2.99,,,
40.59,REGROUND,18.49,-0.38,-9.58,20.81,-0.01,1,0,,,,0.493,0.03,1.0,18.31,2.99,,,
40.64,REGROUND,18.54,-0.38,-9.58,20.83,-0.01,1,0,,,,0.481,0.029,1.5,18.33,2.99,,,
40.69,REGROUND,18.54,-0.38,-9.58,20.86,-0.01,1,0,,,,0.493,0.029,1.0,18.36,2.99,,,
40.74,REGROUND,18.59,-0.39,-9.58,20.88,-0.01,1,0,,,,0.48,0.029,1.4,18.38,2.99,,,
40.79,REGROUND,18.59,-0.39,-9.58,20.91,-0.01,1,0,,,,0.493,0.03,0.7,18.41,2.99,,,
40.84,REGROUND,18.64,-0.39,-9.58,20.93,-0.01,1,0,,,,0.48,0.029,1.6,18.43,2.99,,,
40.89,REGROUND,18.64,-0.39,-9.58,20.96,-0.01,1,0,,,,0.493,0.029,0.7,18.46,2.99,,,
40.94,REGROUND,18.68,-0.39,-9.58,20.98,-0.01,1,0,,,,0.48,0.029,1.5,18.48,2.99,,,
40.99,REGROUND,18.68,-0.39,-9.58,21.01,-0.01,1,0,,,,0.493,0.03,0.8,18.51,2.99,,,
41.04,REGROUND,18.73,-0.4,-9.58,21.03,-0.01,1,0,,,,0.48,0.029,1.4,18.53,2.99,,,
41.09,REGROUND,18.73,-0.4,-9.58,21.06,-0.01,1,0,,,,0.493,0.03,1.1,18.56,2.99,,,
41.14,REGROUND,18.78,-0.4,-9.58,21.08,-0.01,1,0,,,,0.48,0.029,1.6,18.58,2.99,,,
41.19,REGROUND,18.78,-0.4,-9.58,21.11,-0.01,1,0,,,,0.493,0.03,1.0,18.61,2.99,,,
41.24,REGROUND,18.83,-0.4,-9.58,21.13,-0.01,1,0,,,,0.48,0.029,1.5,18.63,2.99,,,
41.29,REGROUND,18.83,-0.4,-9.58,21.16,-0.01,1,0,,,,0.493,0.03,0.8,18.66,2.99,,,
41.34,REGROUND,18.88,-0.41,-9.58,21.18,-0.01,1,0,,,,0.48,0.029,1.4,18.68,2.99,,,
41.39,REGROUND,18.88,-0.41,-9.58,21.21,-0.01,1,0,,,,0.492,0.03,0.8,18.71,2.99,,,
41.44,REGROUND,18.93,-0.41,-9.58,21.23,-0.01,1,0,,,,0.48,0.029,1.4,18.73,2.99,,,
41.49,REGROUND,18.93,-0.41,-9.58,21.26,-0.01,1,0,,,,0.492,0.03,0.8,18.76,2.99,,,
41.54,REGROUND,18.98,-0.41,-9.58,21.28,-0.01,1,0,,,,0.48,0.029,1.5,18.78,2.99,,,
41.59,REGROUND,18.98,-0.41,-9.58,21.31,-0.01,1,0,,,,0.492,0.03,1.0,18.81,2.99,,,
41.64,REGROUND,19.03,-0.42,-9.58,21.33,-0.01,1,0,,,,0.48,0.029,1.5,18.83,2.99,,,
41.69,REGROUND,19.03,-0.42,-9.58,21.36,-0.01,1,0,,,,0.492,0.03,1.0,18.86,2.99,,,
41.74,REGROUND,19.07,-0.42,-9.58,21.38,-0.01,1,0,,,,0.48,0.029,1.5,18.88,2.99,,,
41.79,REGROUND,19.07,-0.42,-9.58,21.41,-0.01,1,0,,,,0.492,0.03,1.2,18.91,2.99,,,
41.84,REGROUND,19.12,-0.42,-9.58,21.43,-0.01,1,0,,,,0.48,0.029,1.9,18.93,2.99,,,
41.89,REGROUND,19.12,-0.42,-9.58,21.46,-0.01,1,0,,,,0.493,0.03,1.1,18.96,2.99,,,
41.94,REGROUND,19.17,-0.43,-9.58,21.48,-0.01,1,0,,,,0.48,0.029,1.7,18.98,2.99,,,
41.99,REGROUND,19.17,-0.43,-9.58,21.51,-0.01,1,0,,,,0.493,0.03,1.0,19.01,2.99,,,
42.04,REGROUND,19.22,-0.43,-9.58,21.53,-0.01,1,0,,,,0.48,0.029,1.4,19.03,2.99,,,
42.09,CARRY,19.22,-0.43,-9.58,21.56,-0.01,1,0,,,,0.918,0.461,258.7,19.06,2.99,,,
42.35,CARRY,19.37,-0.44,-9.58,21.69,-0.01,1,0,364.0,102.5,144.4,2.75,0.88,48.3,19.19,2.99,7.8,230.2,9.812
42.4,CARRY,19.37,-0.44,-9.58,21.71,-0.01,1,0,364.0,102.5,144.4,2.75,0.88,48.1,19.21,2.99,6.4,229.2,9.75
42.45,CARRY,19.41,-0.45,-9.58,21.74,-0.01,1,0,364.0,103.5,143.4,2.73,0.88,52.1,19.24,2.99,6.7,229.5,9.688
42.5,CARRY,19.41,-0.45,-9.58,21.76,-0.01,1,0,364.0,103.5,143.4,2.73,0.88,49.9,19.26,2.99,5.2,228.5,9.562
42.55,CARRY,19.46,-0.45,-9.58,21.79,-0.01,1,0,364.0,104.5,142.5,2.71,0.88,50.3,19.29,2.99,5.6,228.9,9.438
42.6,CARRY,19.46,-0.45,-9.58,21.81,-0.01,1,0,364.5,104.5,142.6,2.71,0.89,49.7,19.31,2.99,4.3,227.6,9.438
42.66,CARRY,19.52,-0.45,-9.58,21.84,-0.01,1,0,364.5,107.0,140.2,2.66,0.89,51.0,19.34,2.99,3.5,226.9,9.5
42.71,CARRY,19.52,-0.45,-9.58,21.87,-0.01,1,0,364.5,106.5,140.7,2.67,0.89,50.0,19.37,2.99,2.6,226.3,9.5
42.76,CARRY,19.58,-0.45,-9.58,21.89,-0.01,1,0,363.5,109.0,138.0,2.62,0.87,54.4,19.39,2.99,1.8,226.8,9.562
42.81,CARRY,19.58,-0.45,-9.58,21.92,-0.01,1,0,364.5,109.0,138.4,2.62,0.89,47.7,19.42,2.99,1.4,225.1,9.375
42.86,CARRY,19.65,-0.44,-9.58,21.94,-0.01,1,0,364.0,111.0,136.3,2.58,0.88,49.8,19.44,2.99,1.5,226.0,9.438
42.91,CARRY,19.65,-0.44,-9.58,21.97,-0.01,1,0,364.0,111.0,136.3,2.58,0.88,47.6,19.47,2.99,0.9,225.0,9.438
42.96,CARRY,19.74,-0.43,-9.58,22.0,-0.01,1,0,363.5,113.5,133.8,2.53,0.87,48.1,19.5,2.99,1.3,226.1,9.562
43.01,CARRY,19.74,-0.43,-9.58,22.02,-0.01,1,0,363.5,113.5,133.8,2.53,0.87,49.8,19.52,2.99,0.7,225.2,9.625
43.07,CARRY,19.86,-0.41,-9.58,22.05,-0.01,1,0,362.5,116.5,130.6,2.47,0.85,48.8,19.55,2.99,1.9,226.6,9.312
43.12,CARRY,19.86,-0.41,-9.58,22.07,-0.01,1,0,362.5,116.5,130.6,2.47,0.85,49.8,19.57,2.99,0.7,225.7,9.312
43.17,CARRY,20.0,-0.39,-9.58,22.1,-0.01,1,0,360.5,121.0,125.7,2.38,0.81,49.1,19.6,2.99,2.3,227.0,8.938
43.22,CARRY,20.0,-0.39,-9.58,22.12,-0.01,1,0,360.0,121.0,125.5,2.38,0.8,48.7,19.62,2.99,0.7,226.4,9.062
43.27,CARRY,20.16,-0.36,-9.58,22.15,-0.01,1,0,357.0,128.5,117.5,2.23,0.74,51.6,19.65,2.99,0.8,226.4,9.0
43.32,CARRY,20.16,-0.36,-9.58,22.17,-0.01,1,0,357.0,127.0,118.9,2.26,0.74,47.7,19.67,2.99,0.8,226.5,9.125
43.37,CARRY,20.34,-0.33,-9.58,22.2,-0.01,1,0,353.5,136.5,108.8,2.07,0.67,53.2,19.7,2.99,0.1,226.0,9.062
43.42,CARRY,20.34,-0.33,-9.58,22.22,-0.01,1,0,354.0,134.5,110.8,2.11,0.68,51.7,19.72,2.99,0.5,226.1,9.125
43.48,CARRY,20.55,-0.3,-9.58,22.25,-0.01,1,0,350.0,145.5,99.1,1.89,0.6,50.0,19.75,2.99,0.9,225.3,8.875
43.53,CARRY,20.55,-0.3,-9.58,22.28,-0.01,1,0,350.0,143.5,101.1,1.93,0.6,51.5,19.78,2.99,0.4,225.8,8.875
43.58,CARRY,20.76,-0.26,-9.58,22.3,-0.01,1,0,346.5,153.0,90.9,1.74,0.53,49.0,19.8,2.99,0.3,226.2,9.188
43.63,CARRY,20.97,-0.23,-9.58,22.33,-0.01,1,0,342.5,164.0,79.3,1.52,0.45,49.2,19.83,2.99,0.4,226.0,9.062
43.68,CARRY,20.97,-0.23,-9.58,22.35,-0.01,1,0,343.5,162.5,81.0,1.55,0.47,48.8,19.85,2.99,0.4,225.5,9.062
43.73,CARRY,21.19,-0.19,-9.58,22.38,-0.01,1,0,339.5,174.0,68.8,1.32,0.39,49.2,19.88,2.99,0.9,225.2,9.125
43.78,CARRY,21.19,-0.19,-9.58,22.4,-0.01,1,0,339.0,172.0,70.6,1.36,0.38,48.8,19.9,2.99,0.8,226.1,9.125
43.83,CARRY,21.19,-0.19,-9.58,22.43,-0.01,1,0,339.0,172.5,70.1,1.35,0.38,51.5,19.93,2.99,2.5,224.8,9.438
43.88,CARRY,21.4,-0.16,-9.58,22.45,-0.01,1,0,336.5,181.0,61.3,1.18,0.33,52.5,19.95,2.99,0.4,225.5,9.625
43.94,CARRY,21.6,-0.12,-9.58,22.48,-0.01,1,0,333.5,190.5,51.3,0.99,0.27,49.1,19.98,2.99,0.3,225.7,9.625
43.99,CARRY,21.6,-0.12,-9.58,22.51,-0.01,1,0,333.5,188.5,53.2,1.03,0.27,48.1,20.01,2.99,0.7,226.2,9.625
44.04,CARRY,21.8,-0.09,-9.58,22.53,-0.01,1,0,330.5,199.0,42.3,0.82,0.21,51.4,20.03,2.99,0.5,225.4,9.312
44.09,CARRY,21.8,-0.09,-9.58,22.56,-0.01,1,0,330.5,197.5,43.8,0.85,0.21,48.6,20.06,2.99,0.4,225.5,9.25
44.14,CARRY,21.98,-0.06,-9.58,22.58,-0.01,1,0,327.5,206.0,34.8,0.68,0.15,51.0,20.08,2.99,0.1,225.9,9.312
44.19,CARRY,21.98,-0.06,-9.58,22.61,-0.01,1,0,327.5,204.0,36.8,0.72,0.15,53.2,20.11,2.99,0.6,226.4,9.25
44.25,CARRY,22.15,-0.04,-9.58,22.64,-0.01,1,0,325.5,212.5,28.0,0.55,0.11,50.0,20.14,2.99,0.3,225.6,9.375
44.3,CARRY,22.15,-0.04,-9.58,22.66,-0.01,1,0,325.5,211.0,29.5,0.58,0.11,51.3,20.16,2.99,0.1,225.7,9.312
44.35,CARRY,22.31,-0.01,-9.58,22.69,-0.01,1,0,323.0,218.0,22.2,0.44,0.06,49.2,20.19,2.99,0.1,226.0,9.125
44.4,CARRY,22.31,-0.01,-9.58,22.71,-0.01,1,0,323.5,217.0,23.3,0.46,0.07,48.9,20.21,2.99,0.4,225.5,9.188
44.45,CARRY,22.44,0.01,-9.58,22.74,-0.01,1,0,321.5,223.0,17.1,0.34,0.03,51.5,20.24,2.99,0.3,225.7,8.938
44.5,CARRY,22.44,0.01,-9.58,22.76,-0.01,1,0,321.5,221.5,18.6,0.37,0.03,48.5,20.26,2.99,0.1,225.8,9.125
44.55,CARRY,22.57,0.02,-9.58,22.79,-0.01,1,0,319.5,227.5,12.5,0.25,-0.01,49.5,20.29,2.99,0.4,225.7,8.938
44.6,CARRY,22.57,0.02,-9.58,22.81,-0.01,1,0,319.5,226.5,13.5,0.27,-0.01,48.2,20.31,2.99,0.9,225.5,9.062
44.65,CARRY,22.68,0.04,-9.58,22.84,-0.01,1,0,318.5,229.5,10.6,0.21,-0.03,48.8,20.34,2.99,0.8,226.4,9.0
44.7,CARRY,22.68,0.04,-9.58,22.86,-0.01,1,0,318.5,229.0,11.1,0.22,-0.03,49.5,20.36,2.99,0.1,225.8,9.125
44.75,CARRY,22.77,0.05,-9.58,22.89,-0.01,1,0,317.5,233.5,7.0,0.13,-0.05,51.5,20.39,2.99,0.7,225.3,9.125
44.81,CARRY,22.77,0.05,-9.58,22.92,-0.01,1,0,317.5,231.5,8.9,0.17,-0.05,48.7,20.42,2.99,0.1,225.8,9.125
44.86,CARRY,22.86,0.06,-9.58,22.94,-0.01,1,0,316.5,235.5,5.7,0.09,-0.07,53.4,20.44,2.99,0.9,225.2,9.125
44.91,CARRY,22.86,0.06,-9.58,22.97,-0.01,1,0,316.5,233.5,7.4,0.13,-0.07,50.1,20.47,2.99,0.5,225.7,9.25
44.96,CARRY,22.93,0.07,-9.58,22.99,-0.01,1,0,316.0,236.0,5.7,0.08,-0.08,52.7,20.49,2.99,0.4,225.6,9.312
45.02,CARRY,22.93,0.07,-9.58,23.02,-0.01,1,0,316.0,234.5,6.8,0.11,-0.08,51.7,20.52,2.99,0.5,225.7,9.312
45.07,CARRY,22.99,0.07,-9.58,23.05,-0.01,1,0,315.5,235.5,6.4,0.09,-0.09,48.9,20.55,2.99,0.4,226.3,9.25
45.12,CARRY,22.99,0.07,-9.58,23.07,-0.01,1,0,315.5,235.0,6.7,0.1,-0.09,50.3,20.57,2.99,0.6,225.7,9.312
45.17,CARRY,23.04,0.07,-9.58,23.1,-0.01,1,0,315.5,235.5,6.4,0.09,-0.09,51.4,20.6,2.99,0.4,226.2,9.25
45.22,CARRY,23.04,0.07,-9.58,23.12,-0.01,1,0,315.5,234.5,7.1,0.11,-0.09,49.1,20.62,2.99,0.2,225.9,9.312
45.27,CARRY,23.08,0.08,-9.58,23.15,-0.01,1,0,315.5,235.5,6.4,0.09,-0.09,50.3,20.65,2.99,0.2,225.8,9.188
45.33,CARRY,23.08,0.08,-9.58,23.18,-0.01,1,0,315.5,234.5,7.1,0.11,-0.09,48.7,20.68,2.99,0.6,225.5,9.188
45.38,CARRY,23.12,0.07,-9.58,23.2,-0.01,1,0,315.5,235.0,6.7,0.1,-0.09,49.0,20.7,2.99,0.4,225.6,9.188
45.43,CARRY,23.12,0.07,-9.58,23.23,-0.01,1,0,315.5,233.5,7.9,0.13,-0.09,51.5,20.73,2.99,0.4,225.8,9.188
45.48,CARRY,23.15,0.07,-9.58,23.25,-0.01,1,0,316.0,234.0,7.2,0.12,-0.08,49.5,20.75,2.99,0.6,225.4,9.188
45.53,CARRY,23.18,0.07,-9.58,23.28,-0.01,1,0,316.0,234.0,7.2,0.12,-0.08,49.3,20.78,2.99,0.4,225.6,9.312
45.58,CARRY,23.18,0.07,-9.58,23.3,-0.01,1,0,316.0,232.5,8.5,0.15,-0.08,50.1,20.8,2.99,0.4,225.7,9.312
45.63,CARRY,23.2,0.07,-9.58,23.33,-0.01,1,0,316.5,232.5,8.3,0.15,-0.07,49.6,20.83,2.99,0.4,225.5,9.312
45.68,CARRY,23.2,0.07,-9.58,23.35,-0.01,1,0,316.5,231.5,9.2,0.17,-0.07,50.4,20.85,2.99,0.9,225.3,9.188
45.73,CARRY,23.22,0.06,-9.58,23.38,-0.01,1,0,317.0,230.5,10.0,0.19,-0.06,52.5,20.88,2.99,0.2,225.8,9.188
45.79,CARRY,23.22,0.06,-9.58,23.41,-0.01,1,0,317.0,229.5,10.9,0.21,-0.06,49.4,20.91,2.99,0.6,225.5,9.312
45.84,CARRY,23.24,0.06,-9.58,23.43,-0.01,1,0,317.5,229.0,11.3,0.22,-0.05,53.4,20.93,2.99,0.3,225.6,9.25
45.89,CARRY,23.24,0.06,-9.58,23.46,-0.01,1,0,317.5,227.0,13.2,0.26,-0.05,52.1,20.96,2.99,0.2,226.1,9.312
45.94,CARRY,23.26,0.05,-9.58,23.48,-0.01,1,0,318.0,227.0,13.2,0.26,-0.04,53.4,20.98,2.99,0.2,225.7,9.312
46.0,CARRY,23.26,0.05,-9.58,23.51,-0.01,1,0,318.0,225.0,15.1,0.3,-0.04,49.7,21.01,2.99,0.3,226.2,9.25
46.05,CARRY,23.28,0.05,-9.58,23.54,-0.01,1,0,318.5,225.0,15.1,0.3,-0.03,51.8,21.04,2.99,0.0,225.9,9.25
46.1,CARRY,23.28,0.05,-9.58,23.56,-0.01,1,0,318.0,223.5,16.6,0.33,-0.04,51.0,21.06,2.99,0.7,226.4,9.188
46.15,CARRY,23.31,0.04,-9.58,23.59,-0.01,1,0,318.5,223.0,17.1,0.34,-0.03,49.6,21.09,2.99,0.6,226.5,9.25
46.21,CARRY,23.31,0.04,-9.58,23.62,-0.01,1,0,318.5,222.0,18.1,0.36,-0.03,49.0,21.12,2.99,0.8,226.3,9.188
46.26,CARRY,23.33,0.03,-9.58,23.64,-0.01,1,0,319.5,222.5,17.5,0.35,-0.01,52.2,21.14,2.99,0.7,225.4,9.125
46.31,CARRY,23.33,0.03,-9.58,23.67,-0.01,1,0,320.0,220.5,19.5,0.39,0.0,49.9,21.17,2.99,0.3,225.6,9.188
46.36,CARRY,23.35,0.03,-9.58,23.69,-0.01,1,0,320.0,220.5,19.5,0.39,0.0,49.1,21.19,2.99,0.3,225.8,9.188
46.41,CARRY,23.35,0.03,-9.58,23.72,-0.01,1,0,320.5,219.5,20.5,0.41,0.01,47.5,21.22,2.99,0.7,225.3,9.188
46.46,CARRY,23.38,0.02,-9.58,23.74,-0.01,1,0,320.5,219.5,20.5,0.41,0.01,51.0,21.24,2.99,0.6,225.6,9.188
46.51,CARRY,23.38,0.02,-9.58,23.77,-0.01,1,0,321.0,218.0,22.0,0.44,0.02,49.9,21.27,2.99,0.6,225.4,9.188
46.56,CARRY,23.41,0.02,-9.58,23.79,-0.01,1,0,321.0,218.5,21.5,0.43,0.02,50.1,21.29,2.99,0.8,225.4,9.125
46.61,CARRY,23.41,0.02,-9.58,23.82,-0.01,1,0,321.0,216.0,24.0,0.48,0.02,49.5,21.32,2.99,0.4,226.3,9.125
46.66,CARRY,23.44,0.01,-9.58,23.85,-0.01,1,0,321.0,216.5,23.5,0.47,0.02,51.0,21.35,2.99,0.7,226.4,9.188
46.72,CARRY,23.44,0.01,-9.58,23.87,-0.01,1,0,322.0,215.5,24.6,0.49,0.04,50.2,21.37,2.99,0.4,225.5,9.125
46.77,CARRY,23.47,0.01,-9.58,23.9,-0.01,1,0,322.0,215.5,24.6,0.49,0.04,51.2,21.4,2.99,0.2,226.0,9.125
46.82,CARRY,23.47,0.01,-9.58,23.92,-0.01,1,0,322.5,214.0,26.1,0.52,0.05,50.3,21.42,2.99,0.2,225.8,9.062
46.87,CARRY,23.51,0.0,-9.58,23.95,-0.01,1,0,322.5,215.0,25.1,0.5,0.05,50.6,21.45,2.99,0.3,225.7,9.125
46.92,CARRY,23.51,0.0,-9.58,23.97,-0.01,1,0,323.0,213.0,27.2,0.54,0.06,51.4,21.47,2.99,0.3,225.9,9.125
46.98,CARRY,23.55,-0.01,-9.58,24.0,-0.01,1,0,323.0,214.0,26.2,0.52,0.06,50.6,21.5,2.99,0.0,225.9,9.062
47.03,CARRY,23.55,-0.01,-9.58,24.03,-0.01,1,0,323.0,212.5,27.7,0.55,0.06,49.6,21.53,2.99,0.2,226.0,9.062
47.08,CARRY,23.59,-0.01,-9.58,24.05,-0.01,1,0,323.5,213.5,26.7,0.53,0.07,52.5,21.55,2.99,0.2,225.7,9.062
47.13,CARRY,23.63,-0.02,-9.58,24.08,-0.01,1,0,323.5,214.5,25.7,0.51,0.07,51.3,21.58,2.99,0.2,225.8,9.0
47.18,CARRY,23.63,-0.02,-9.58,24.1,-0.01,1,0,324.0,213.0,27.3,0.54,0.08,50.1,21.6,2.99,0.3,225.6,9.062
47.24,CARRY,23.67,-0.02,-9.58,24.13,-0.01,1,0,324.0,214.0,26.3,0.52,0.08,51.1,21.63,2.99,0.2,225.7,9.062
47.29,CARRY,23.67,-0.02,-9.58,24.16,-0.01,1,0,324.0,212.5,27.8,0.55,0.08,50.8,21.66,2.99,0.1,225.9,9.125
47.34,CARRY,23.72,-0.02,-9.58,24.18,-0.01,1,0,324.0,213.5,26.8,0.53,0.08,51.1,21.68,2.99,0.2,226.1,9.125
47.39,CARRY,23.72,-0.02,-9.58,24.21,-0.01,1,0,324.0,212.0,28.3,0.56,0.08,48.8,21.71,2.99,0.3,226.2,9.125
47.44,CARRY,23.77,-0.03,-9.58,24.23,-0.01,1,0,324.5,213.5,26.9,0.53,0.09,51.4,21.73,2.99,0.2,225.7,9.062
47.49,CARRY,23.77,-0.03,-9.58,24.26,-0.01,1,0,324.5,212.0,28.4,0.56,0.09,48.5,21.76,2.99,0.1,225.9,9.188
47.54,CARRY,23.82,-0.03,-9.58,24.28,-0.01,1,0,324.5,213.0,27.4,0.54,0.09,50.0,21.78,2.99,0.3,226.1,9.0
47.6,CARRY,23.82,-0.03,-9.58,24.31,-0.01,1,0,325.0,212.0,28.4,0.56,0.1,51.2,21.81,2.99,0.3,225.6,9.125
47.65,CARRY,23.86,-0.03,-9.58,24.34,-0.01,1,0,325.0,213.0,27.5,0.54,0.1,51.4,21.84,2.99,0.3,225.8,9.062
47.7,CARRY,23.86,-0.03,-9.58,24.36,-0.01,1,0,325.0,211.5,28.9,0.57,0.1,48.5,21.86,2.99,0.1,225.9,9.125
47.75,CARRY,23.91,-0.04,-9.58,24.39,-0.01,1,0,325.0,213.0,27.5,0.54,0.1,51.2,21.89,2.99,0.1,225.8,9.0
47.8,CARRY,23.91,-0.04,-9.58,24.41,-0.01,1,0,325.0,211.5,28.9,0.57,0.1,48.0,21.91,2.99,0.1,226.0,9.0
47.85,CARRY,23.96,-0.04,-9.58,24.44,-0.01,1,0,325.0,213.5,27.0,0.53,0.1,49.7,21.94,2.99,0.6,225.5,9.0
47.9,CARRY,23.96,-0.04,-9.58,24.46,-0.01,1,0,325.0,212.0,28.4,0.56,0.1,50.9,21.96,2.99,0.5,225.6,9.0
47.96,CARRY,24.01,-0.04,-9.58,24.49,-0.01,1,0,325.0,213.5,27.0,0.53,0.1,48.4,21.99,2.99,0.6,225.5,8.938
48.01,CARRY,24.01,-0.04,-9.58,24.52,-0.01,1,0,325.0,212.0,28.4,0.56,0.1,50.7,22.02,2.99,0.6,225.7,8.938
48.06,CARRY,24.07,-0.04,-9.58,24.54,-0.01,1,0,325.0,213.5,27.0,0.53,0.1,50.6,22.04,2.99,0.6,225.5,8.875
48.11,CARRY,24.07,-0.04,-9.58,24.57,-0.01,1,0,325.5,212.0,28.5,0.56,0.11,48.9,22.07,2.99,0.6,225.4,8.875
48.16,CARRY,24.12,-0.04,-9.58,24.59,-0.01,1,0,325.0,213.5,27.0,0.53,0.1,48.1,22.09,2.99,0.6,225.6,8.875
48.21,CARRY,24.12,-0.04,-9.58,24.62,-0.01,1,0,325.5,212.0,28.5,0.56,0.11,49.5,22.12,2.99,0.5,225.4,8.875
48.26,CARRY,24.17,-0.04,-9.58,24.64,-0.01,1,0,325.0,213.5,27.0,0.53,0.1,48.8,22.14,2.99,0.5,225.6,8.875
48.31,CARRY,24.17,-0.04,-9.58,24.67,-0.01,1,0,325.5,212.0,28.5,0.56,0.11,49.4,22.17,2.99,0.4,225.5,8.938
48.36,CARRY,24.22,-0.04,-9.58,24.69,-0.01,1,0,325.0,213.5,27.0,0.53,0.1,49.1,22.19,2.99,0.4,225.7,8.875
48.41,CARRY,24.22,-0.04,-9.58,24.72,-0.01,1,0,325.5,212.5,28.0,0.55,0.11,48.4,22.22,2.99,0.8,225.2,8.875
48.46,CARRY,24.27,-0.04,-9.58,24.74,-0.01,1,0,325.0,213.0,27.5,0.54,0.1,49.2,22.24,2.99,0.2,226.1,8.875
48.51,CARRY,24.27,-0.04,-9.58,24.77,-0.01,1,0,325.0,212.5,28.0,0.55,0.1,48.1,22.27,2.99,0.8,225.5,8.875
48.56,CARRY,24.32,-0.04,-9.58,24.79,-0.01,1,0,325.0,213.0,27.5,0.54,0.1,50.2,22.29,2.99,0.3,226.1,8.75
48.61,CARRY,24.32,-0.04,-9.58,24.82,-0.01,1,0,325.0,212.0,28.4,0.56,0.1,50.8,22.32,2.99,0.3,225.9,8.75
48.66,CARRY,24.38,-0.04,-9.58,24.84,-0.01,1,0,325.0,213.5,27.0,0.53,0.1,49.9,22.34,2.99,0.2,225.7,8.75
48.71,CARRY,24.38,-0.04,-9.58,24.87,-0.01,1,0,325.0,212.5,28.0,0.55,0.1,49.5,22.37,2.99,0.6,225.5,8.75
48.77,CARRY,24.43,-0.04,-9.58,24.9,-0.01,1,0,325.0,213.5,27.0,0.53,0.1,49.2,22.4,2.99,0.1,225.8,8.688
48.82,CARRY,24.43,-0.04,-9.58,24.92,-0.01,1,0,325.0,212.5,28.0,0.55,0.1,49.6,22.42,2.99,0.5,225.6,8.625
48.87,CARRY,24.48,-0.03,-9.58,24.95,-0.01,1,0,325.0,213.5,27.0,0.53,0.1,53.1,22.45,2.99,0.3,225.8,8.625
48.92,CARRY,24.48,-0.03,-9.58,24.97,-0.01,1,0,325.0,212.0,28.4,0.56,0.1,53.5,22.47,2.99,0.1,225.9,8.625
48.98,CARRY,24.54,-0.03,-9.58,25.0,-0.01,1,0,324.5,213.5,26.9,0.53,0.09,55.2,22.5,2.99,0.2,226.0,8.562
49.03,CARRY,24.59,-0.03,-9.58,25.03,-0.01,1,0,324.5,215.0,25.4,0.5,0.09,52.9,22.53,2.99,0.1,225.8,8.438
49.09,CARRY,24.59,-0.03,-9.58,25.06,-0.01,1,0,324.5,213.5,26.9,0.53,0.09,50.1,22.56,2.99,0.1,225.9,8.625
49.14,CARRY,24.64,-0.03,-9.58,25.08,-0.01,1,0,324.0,215.0,25.3,0.5,0.08,51.0,22.58,2.99,0.3,226.1,8.5
49.19,CARRY,24.64,-0.03,-9.58,25.11,-0.01,1,0,324.5,213.5,26.9,0.53,0.09,48.1,22.61,2.99,0.0,225.9,8.562
49.24,CARRY,24.7,-0.03,-9.58,25.13,-0.01,1,0,324.0,215.0,25.3,0.5,0.08,52.7,22.63,2.99,0.2,226.1,8.625
49.29,CARRY,24.7,-0.03,-9.58,25.16,-0.01,1,0,324.5,213.5,26.9,0.53,0.09,49.6,22.66,2.99,0.1,225.8,8.688
49.34,CARRY,24.75,-0.03,-9.58,25.18,-0.01,1,0,324.0,215.0,25.3,0.5,0.08,49.2,22.68,2.99,0.1,226.0,8.75
49.39,CARRY,24.75,-0.03,-9.58,25.21,-0.01,1,0,324.0,214.0,26.3,0.52,0.08,50.6,22.71,2.99,0.4,225.8,8.75
49.45,CARRY,24.8,-0.03,-9.58,25.24,-0.01,1,0,324.0,215.0,25.3,0.5,0.08,49.4,22.74,2.99,0.2,226.0,8.688
49.5,CARRY,24.8,-0.03,-9.58,25.26,-0.01,1,0,324.0,214.0,26.3,0.52,0.08,48.2,22.76,2.99,0.3,225.8,8.75
49.55,CARRY,24.85,-0.02,-9.58,25.29,-0.01,1,0,324.0,215.0,25.3,0.5,0.08,53.4,22.79,2.99,0.3,226.1,8.562
49.6,CARRY,24.85,-0.02,-9.58,25.31,-0.01,1,0,324.0,214.0,26.3,0.52,0.08,52.1,22.81,2.99,0.3,225.8,8.688
49.65,CARRY,24.91,-0.02,-9.58,25.34,-0.01,1,0,324.0,215.0,25.3,0.5,0.08,51.1,22.84,2.99,0.2,225.9,8.5
49.71,CARRY,24.91,-0.02,-9.58,25.37,-0.01,1,0,324.0,214.0,26.3,0.52,0.08,50.6,22.87,2.99,0.3,225.7,8.562
49.76,CARRY,24.96,-0.02,-9.58,25.39,-0.01,1,0,324.0,215.0,25.3,0.5,0.08,48.8,22.89,2.99,0.3,225.9,8.25
49.81,CARRY,24.96,-0.02,-9.58,25.42,-0.01,1,0,324.0,214.0,26.3,0.52,0.08,51.1,22.92,2.99,0.2,225.7,8.312
49.86,CARRY,25.01,-0.02,-9.58,25.44,-0.01,1,0,324.0,215.0,25.3,0.5,0.08,50.7,22.94,2.99,0.4,225.9,8.688
49.91,CARRY,25.01,-0.02,-9.58,25.47,-0.01,1,0,324.0,214.0,26.3,0.52,0.08,48.9,22.97,2.99,0.2,225.7,8.75
49.96,CARRY,25.06,-0.02,-9.58,25.49,-0.01,1,0,323.5,215.0,25.2,0.5,0.07,52.1,22.99,2.99,0.4,226.3,8.75
50.02,CARRY,25.06,-0.02,-9.58,25.52,-0.01,1,0,324.0,214.0,26.3,0.52,0.08,49.8,23.02,2.99,0.3,225.7,8.812
50.07,CARRY,25.11,-0.02,-9.58,25.55,-0.01,1,0,323.5,215.0,25.2,0.5,0.07,48.6,23.05,2.99,0.3,226.2,8.688
50.12,CARRY,25.11,-0.02,-9.58,25.57,-0.01,1,0,324.0,214.0,26.3,0.52,0.08,50.5,23.07,2.99,0.3,225.7,8.75
50.17,CARRY,25.17,-0.02,-9.58,25.6,-0.01,1,0,323.5,215.0,25.2,0.5,0.07,48.9,23.1,2.99,0.3,226.2,8.75
50.22,CARRY,25.17,-0.02,-9.58,25.62,-0.01,1,0,324.0,214.0,26.3,0.52,0.08,50.4,23.12,2.99,0.2,225.7,8.812
50.27,CARRY,25.22,-0.02,-9.58,25.65,-0.01,1,0,323.5,215.5,24.7,0.49,0.07,49.1,23.15,2.99,0.1,225.9,8.812
50.32,CARRY,25.22,-0.02,-9.58,25.67,-0.01,1,0,324.0,214.0,26.3,0.52,0.08,48.2,23.17,2.99,0.3,225.7,8.812
50.37,CARRY,25.27,-0.02,-9.58,25.7,-0.01,1,0,323.5,215.5,24.7,0.49,0.07,48.1,23.2,2.99,0.0,225.9,8.75
50.42,CARRY,25.27,-0.02,-9.58,25.72,-0.01,1,0,324.0,214.0,26.3,0.52,0.08,47.7,23.22,2.99,0.3,225.8,8.812
50.47,CARRY,25.32,-0.02,-9.58,25.75,-0.01,1,0,323.5,215.5,24.7,0.49,0.07,48.0,23.25,2.99,0.1,225.9,8.812
50.52,CARRY,25.32,-0.02,-9.58,25.77,-0.01,1,0,323.5,214.0,26.2,0.52,0.07,47.6,23.27,2.99,0.2,226.1,8.812
50.57,CARRY,25.37,-0.02,-9.58,25.8,-0.01,1,0,323.5,216.0,24.3,0.48,0.07,49.5,23.3,2.99,0.3,225.6,8.75
50.62,CARRY,25.37,-0.02,-9.58,25.82,-0.01,1,0,323.5,214.0,26.2,0.52,0.07,51.3,23.32,2.99,0.2,226.2,8.75
50.67,CARRY,25.43,-0.02,-9.58,25.85,-0.01,1,0,323.5,216.0,24.3,0.48,0.07,51.4,23.35,2.99,0.4,225.6,8.688
50.73,CARRY,25.43,-0.02,-9.58,25.88,-0.01,1,0,323.5,214.0,26.2,0.52,0.07,51.1,23.38,2.99,0.2,226.1,8.75
50.78,CARRY,25.48,-0.01,-9.58,25.9,-0.01,1,0,323.5,216.0,24.3,0.48,0.07,52.1,23.4,2.99,0.4,225.5,8.688
50.83,CARRY,25.53,-0.01,-9.58,25.93,-0.01,1,0,323.0,217.0,23.2,0.46,0.06,51.2,23.43,2.99,0.1,226.0,8.75
50.88,CARRY,25.53,-0.01,-9.58,25.95,-0.01,1,0,323.0,215.5,24.7,0.49,0.06,48.5,23.45,2.99,0.3,226.1,8.75
50.93,CARRY,25.58,-0.01,-9.58,25.98,-0.01,1,0,323.0,217.0,23.2,0.46,0.06,50.1,23.48,2.99,0.1,226.0,8.812
50.99,CARRY,25.58,-0.01,-9.58,26.01,-0.01,1,0,323.0,216.0,24.2,0.48,0.06,49.4,23.51,2.99,0.4,225.8,8.75
51.04,CARRY,25.63,-0.01,-9.58,26.03,-0.01,1,0,323.0,217.0,23.2,0.46,0.06,52.6,23.53,2.99,0.2,226.0,8.812
51.09,CARRY,25.63,-0.01,-9.58,26.06,-0.01,1,0,323.0,216.0,24.2,0.48,0.06,49.1,23.56,2.99,0.4,225.8,8.812
51.14,CARRY,25.68,-0.01,-9.58,26.08,-0.01,1,0,323.0,217.0,23.2,0.46,0.06,53.1,23.58,2.99,0.2,226.0,8.938
51.19,CARRY,25.68,-0.01,-9.58,26.11,-0.01,1,0,323.0,215.5,24.7,0.49,0.06,49.5,23.61,2.99,0.2,226.1,8.938
51.24,CARRY,25.73,-0.01,-9.58,26.13,-0.01,1,0,323.0,217.0,23.2,0.46,0.06,51.5,23.63,2.99,0.1,225.9,9.0
51.3,CARRY,25.73,-0.01,-9.58,26.16,-0.01,1,0,323.0,216.5,23.7,0.47,0.06,50.3,23.66,2.99,1.0,225.3,9.0
51.35,CARRY,25.78,-0.01,-9.58,26.19,-0.01,1,0,323.0,218.5,21.7,0.43,0.06,52.2,23.69,2.99,1.6,224.7,9.125
51.4,CARRY,25.78,-0.01,-9.58,26.21,-0.01,1,0,323.0,217.5,22.7,0.45,0.06,48.4,23.71,2.99,2.1,224.4,9.125
51.45,CARRY,25.83,-0.01,-9.58,26.24,-0.01,1,0,323.0,220.5,19.7,0.39,0.06,49.3,23.74,2.99,3.8,223.1,9.188
51.5,CARRY,25.83,-0.01,-9.58,26.26,-0.01,1,0,323.0,219.5,20.7,0.41,0.06,47.7,23.76,2.99,4.2,222.9,9.188
51.55,CARRY,25.88,-0.01,-9.58,26.29,-0.01,1,0,323.0,221.0,19.2,0.38,0.06,49.8,23.79,2.99,4.3,222.6,9.188
51.6,CARRY,25.88,-0.01,-9.58,26.31,-0.01,1,0,323.0,220.5,19.7,0.39,0.06,49.1,23.81,2.99,5.3,222.1,9.188
51.65,CARRY,25.93,-0.01,-9.58,26.34,-0.01,1,0,323.0,222.0,18.2,0.36,0.06,54.5,23.84,2.99,5.5,221.8,9.25
51.71,CARRY,25.93,-0.01,-9.58,26.37,-0.01,1,0,323.0,221.0,19.2,0.38,0.06,48.6,23.87,2.99,6.1,221.5,9.25
51.76,CARRY,25.98,-0.01,-9.58,26.39,-0.01,1,0,323.0,224.0,16.3,0.32,0.06,53.0,23.89,2.99,7.8,220.1,9.188
51.81,CARRY,25.98,-0.01,-9.58,26.42,-0.01,1,0,323.0,223.5,16.8,0.33,0.06,50.4,23.92,2.99,8.8,219.5,9.25
51.86,CARRY,26.02,-0.01,-9.58,26.44,-0.01,1,0,323.0,225.5,14.8,0.29,0.06,51.1,23.94,2.99,9.7,218.7,9.125
51.92,CARRY,26.02,-0.01,-9.58,26.47,-0.01,1,0,323.0,224.0,16.3,0.32,0.06,53.2,23.97,2.99,9.7,218.8,9.125
51.97,CARRY,26.07,-0.0,-9.58,26.5,-0.01,1,0,323.0,226.0,14.3,0.28,0.06,53.7,24.0,2.99,10.7,218.0,9.062
52.03,CARRY,26.07,-0.0,-9.58,26.53,-0.01,1,0,323.0,226.0,14.3,0.28,0.06,53.1,24.03,2.99,12.3,217.0,9.125
52.08,CARRY,26.11,-0.0,-9.58,26.55,-0.01,1,0,323.0,227.5,12.9,0.25,0.06,54.4,24.05,2.99,12.9,216.4,9.062
52.14,CARRY,26.15,-0.0,-9.58,26.58,-0.01,1,0,322.5,228.5,11.8,0.23,0.05,50.3,24.08,2.99,13.2,216.4,9.0
52.19,CARRY,26.15,-0.0,-9.58,26.61,-0.01,1,0,323.0,228.0,12.4,0.24,0.06,53.5,24.11,2.99,14.2,215.5,9.062
52.24,CARRY,26.19,0.0,-9.58,26.63,-0.01,1,0,322.5,229.5,10.8,0.21,0.05,50.3,24.13,2.99,15.1,215.1,9.125
52.29,CARRY,26.19,0.0,-9.58,26.66,-0.01,1,0,323.0,228.5,11.9,0.23,0.06,52.3,24.16,2.99,15.6,214.5,9.062
52.35,CARRY,26.23,0.0,-9.58,26.69,-0.01,1,0,322.5,213.5,26.6,0.53,0.05,50.4,24.19,2.99,0.1,225.9,9.125
52.4,CARRY,26.23,0.0,-9.58,26.71,-0.01,1,0,323.0,212.0,28.2,0.56,0.06,50.1,24.21,2.99,0.2,225.7,9.125
52.45,CARRY,26.26,0.01,-9.58,26.74,-0.01,1,0,322.5,213.0,27.1,0.54,0.05,52.5,24.24,2.99,0.6,225.5,9.125
52.5,CARRY,26.26,0.01,-9.58,26.76,-0.01,1,0,323.0,211.5,28.7,0.57,0.06,51.1,24.26,2.99,0.7,225.3,9.188
52.55,CARRY,26.29,0.01,-9.58,26.79,-0.01,1,0,322.5,211.5,28.6,0.57,0.05,48.9,24.29,2.99,0.3,225.7,9.062
52.6,CARRY,26.29,0.01,-9.58,26.81,-0.01,1,0,323.0,210.5,29.7,0.59,0.06,48.1,24.31,2.99,0.8,225.2,9.062
52.65,CARRY,26.32,0.01,-9.58,26.84,-0.01,1,0,322.5,210.5,29.6,0.59,0.05,54.1,24.34,2.99,0.4,225.7,9.062
52.71,CARRY,26.32,0.01,-9.58,26.87,-0.01,1,0,323.0,209.0,31.1,0.62,0.06,49.3,24.37,2.99,0.5,225.4,9.062
52.76,CARRY,26.36,0.01,-9.58,26.89,-0.01,1,0,322.5,209.5,30.6,0.61,0.05,51.6,24.39,2.99,0.5,225.7,9.062
52.81,CARRY,26.36,0.01,-9.58,26.92,-0.01,1,0,323.0,208.0,32.1,0.64,0.06,50.0,24.42,2.99,0.5,225.5,9.188
52.86,CARRY,26.39,0.01,-9.58,26.94,-0.01,1,0,323.0,208.5,31.6,0.63,0.06,49.2,24.44,2.99,0.4,225.5,9.062
52.91,CARRY,26.39,0.01,-9.58,26.97,-0.01,1,0,323.0,207.5,32.6,0.65,0.06,48.2,24.47,2.99,0.7,225.3,9.125
52.96,CARRY,26.44,0.01,-9.58,26.99,-0.01,1,0,323.0,208.5,31.6,0.63,0.06,48.8,24.49,2.99,0.7,225.2,9.125
53.01,CARRY,26.44,0.01,-9.58,27.02,-0.01,1,0,323.0,207.0,33.1,0.66,0.06,50.6,24.52,2.99,0.6,225.4,9.125
53.07,CARRY,26.48,0.01,-9.58,27.05,-0.01,1,0,323.0,208.0,32.1,0.64,0.06,52.4,24.55,2.99,0.4,225.5,9.188
53.12,CARRY,26.48,0.01,-9.58,27.07,-0.01,1,0,323.0,232.5,8.1,0.15,0.06,49.8,24.57,2.99,26.4,207.2,9.188
53.17,CARRY,26.53,0.01,-9.58,27.1,-0.01,1,0,323.0,208.0,32.1,0.64,0.06,51.3,24.6,2.99,0.5,225.5,9.25
53.22,CARRY,26.53,0.01,-9.58,27.12,-0.01,1,0,323.0,206.0,34.1,0.68,0.06,51.6,24.62,2.99,0.1,226.0,9.188
53.28,CARRY,26.59,0.01,-9.58,27.15,-0.01,1,0,323.0,235.5,5.4,0.09,0.06,53.9,24.65,2.99,27.9,206.2,9.25
53.33,CARRY,26.64,0.01,-9.58,27.18,-0.01,1,0,323.0,209.5,30.6,0.61,0.06,53.5,24.68,2.99,0.3,225.6,9.25
53.39,CARRY,26.64,0.01,-9.58,27.21,-0.01,1,0,323.0,207.5,32.6,0.65,0.06,52.6,24.71,2.99,0.1,226.0,9.312
53.44,CARRY,26.7,0.01,-9.58,27.23,-0.01,1,0,323.0,209.5,30.6,0.61,0.06,52.6,24.73,2.99,0.2,225.7,9.25
53.49,CARRY,26.7,0.01,-9.58,27.26,-0.01,1,0,323.0,239.5,3.0,0.01,0.06,51.2,24.76,2.99,31.7,203.8,9.25
53.54,CARRY,26.76,0.0,-9.58,27.29,-0.01,1,0,323.0,210.0,30.1,0.6,0.06,50.0,24.79,2.99,0.4,225.6,9.25
53.6,CARRY,26.76,0.0,-9.58,27.31,-0.01,1,0,323.0,208.0,32.1,0.64,0.06,48.9,24.81,2.99,0.3,226.1,9.25
53.65,CARRY,26.82,0.0,-9.58,27.34,-0.01,1,0,323.0,210.0,30.1,0.6,0.06,50.4,24.84,2.99,0.1,226.0,9.25
53.7,CARRY,26.82,0.0,-9.58,27.36,-0.01,1,0,323.0,243.5,4.6,-0.07,0.06,50.0,24.86,2.99,34.9,201.8,9.312
53.75,CARRY,26.87,-0.0,-9.58,27.39,-0.01,1,0,323.0,211.0,29.2,0.58,0.06,52.6,24.89,2.99,0.5,225.6,9.312
53.8,CARRY,26.87,-0.0,-9.58,27.41,-0.01,1,0,323.5,209.5,30.7,0.61,0.07,50.6,24.91,2.99,0.6,225.4,9.25
53.85,CARRY,26.93,-0.0,-9.58,27.44,-0.01,1,0,323.0,211.0,29.2,0.58,0.06,52.9,24.94,2.99,0.2,225.9,9.188
53.91,CARRY,26.93,-0.0,-9.58,27.47,-0.01,1,0,323.5,247.0,7.8,-0.14,0.07,49.2,24.97,2.99,37.7,199.7,9.25
53.96,CARRY,26.99,-0.0,-9.58,27.49,-0.01,1,0,323.0,211.5,28.7,0.57,0.06,50.3,24.99,2.99,0.4,225.9,9.25
54.01,CARRY,26.99,-0.0,-9.58,27.52,-0.01,1,0,323.5,210.5,29.7,0.59,0.07,47.6,25.02,2.99,0.7,225.3,9.25
54.06,CARRY,27.05,-0.01,-9.58,27.54,-0.01,1,0,323.0,211.5,28.7,0.57,0.06,53.4,25.04,2.99,0.3,226.2,9.188
54.11,CARRY,27.05,-0.01,-9.58,27.57,-0.01,1,0,323.5,210.5,29.7,0.59,0.07,51.1,25.07,2.99,0.4,225.6,9.125
54.17,CARRY,27.11,-0.01,-9.58,27.6,-0.01,1,0,323.5,212.0,28.2,0.56,0.07,52.3,25.1,2.99,0.2,225.7,9.125
54.22,CARRY,27.11,-0.01,-9.58,27.62,-0.01,1,0,323.5,211.0,29.2,0.58,0.07,49.1,25.12,2.99,0.6,225.5,9.188
54.27,CARRY,27.16,-0.01,-9.58,27.65,-0.01,1,0,323.5,212.0,28.2,0.56,0.07,49.6,25.15,2.99,0.2,226.0,9.125
54.32,CARRY,27.16,-0.01,-9.58,27.67,-0.01,1,0,323.5,211.5,28.7,0.57,0.07,48.3,25.17,2.99,0.8,225.4,9.312
54.37,CARRY,27.22,-0.01,-9.58,27.7,-0.01,1,0,323.5,212.5,27.7,0.55,0.07,53.1,25.2,2.99,0.1,225.9,9.062
54.42,CARRY,27.22,-0.01,-9.58,27.73,-0.01,1,0,323.5,211.5,28.7,0.57,0.07,50.2,25.23,2.99,0.5,225.6,9.25
54.48,CARRY,27.28,-0.01,-9.58,27.75,-0.01,1,0,323.5,213.5,26.7,0.53,0.07,50.5,25.25,2.99,0.7,225.4,9.062
54.53,CARRY,27.28,-0.01,-9.58,27.78,-0.01,1,0,323.5,237.5,4.3,0.05,0.07,49.0,25.28,2.99,26.2,207.5,9.125
54.58,CARRY,27.33,-0.01,-9.58,27.8,-0.01,1,0,323.5,213.5,26.7,0.53,0.07,49.7,25.3,2.99,0.3,225.6,9.188
54.63,CARRY,27.39,-0.01,-9.58,27.83,-0.01,1,0,323.0,215.0,25.2,0.5,0.06,51.0,25.33,2.99,0.3,226.1,9.062
54.68,CARRY,27.39,-0.01,-9.58,27.85,-0.01,1,0,323.5,213.5,26.7,0.53,0.07,49.1,25.35,2.99,0.0,225.9,9.188
54.73,CARRY,27.45,-0.01,-9.58,27.88,-0.01,1,0,323.0,215.0,25.2,0.5,0.06,54.4,25.38,2.99,0.4,226.3,9.125
54.79,CARRY,27.45,-0.01,-9.58,27.91,-0.01,1,0,323.5,214.0,26.2,0.52,0.07,51.4,25.41,2.99,0.3,225.7,9.188
54.84,CARRY,27.5,-0.01,-9.58,27.93,-0.01,1,0,323.0,215.0,25.2,0.5,0.06,52.0,25.43,2.99,0.5,226.4,9.062
54.89,CARRY,27.5,-0.01,-9.58,27.96,-0.01,1,0,324.0,214.0,26.3,0.52,0.08,52.3,25.46,2.99,0.5,225.4,9.125
54.95,CARRY,27.56,-0.02,-9.58,27.99,-0.01,1,0,323.5,215.5,24.7,0.49,0.07,52.0,25.49,2.99,0.2,225.8,9.0
55.0,CARRY,27.56,-0.02,-9.58,28.01,-0.01,1,0,323.5,246.0,6.9,-0.12,0.07,51.5,25.51,2.99,32.1,203.5,9.125
55.05,CARRY,27.61,-0.02,-9.58,28.04,-0.01,1,0,323.5,215.5,24.7,0.49,0.07,53.7,25.54,2.99,0.1,225.8,9.062
55.11,CARRY,27.61,-0.02,-9.58,28.07,-0.01,1,0,323.5,214.0,26.2,0.52,0.07,51.2,25.57,2.99,0.1,225.9,9.062
55.16,CARRY,27.66,-0.02,-9.58,28.09,-0.01,1,0,323.5,215.5,24.7,0.49,0.07,52.9,25.59,2.99,0.1,225.8,8.938
55.21,CARRY,27.66,-0.02,-9.58,28.12,-0.01,1,0,324.0,214.0,26.3,0.52,0.08,51.1,25.62,2.99,0.4,225.6,9.062
55.26,CARRY,27.72,-0.02,-9.58,28.15,-0.01,1,0,323.5,215.5,24.7,0.49,0.07,49.5,25.65,2.99,0.1,225.8,8.938
55.32,CARRY,27.72,-0.02,-9.58,28.17,-0.01,1,0,323.5,214.0,26.2,0.52,0.07,49.6,25.67,2.99,0.1,226.0,9.062
55.37,CARRY,27.77,-0.02,-9.58,28.2,-0.01,1,0,323.5,215.5,24.7,0.49,0.07,51.0,25.7,2.99,0.1,225.9,8.938
55.42,CARRY,27.77,-0.02,-9.58,28.22,-0.01,1,0,323.5,214.0,26.2,0.52,0.07,49.5,25.72,2.99,0.1,226.0,9.062
55.47,CARRY,27.82,-0.02,-9.58,28.25,-0.01,1,0,323.5,215.5,24.7,0.49,0.07,49.9,25.75,2.99,0.1,225.8,9.0
55.52,CARRY,27.82,-0.02,-9.58,28.27,-0.01,1,0,323.5,214.0,26.2,0.52,0.07,51.1,25.77,2.99,0.1,226.0,9.062
55.57,CARRY,27.87,-0.02,-9.58,28.3,-0.01,1,0,323.5,215.5,24.7,0.49,0.07,52.8,25.8,2.99,0.1,225.8,9.0
55.63,CARRY,27.87,-0.02,-9.58,28.33,-0.01,1,0,324.0,214.0,26.3,0.52,0.08,49.4,25.83,2.99,0.4,225.6,9.125
55.68,CARRY,27.92,-0.02,-9.58,28.35,-0.01,1,0,323.5,215.0,25.2,0.5,0.07,50.7,25.85,2.99,0.3,226.1,9.062
55.73,CARRY,27.92,-0.02,-9.58,28.38,-0.01,1,0,324.0,214.0,26.3,0.52,0.08,49.6,25.88,2.99,0.4,225.6,9.125
55.78,CARRY,27.97,-0.02,-9.58,28.4,-0.01,1,0,323.5,215.0,25.2,0.5,0.07,50.8,25.9,2.99,0.3,226.1,9.062
55.83,CARRY,28.02,-0.02,-9.58,28.43,-0.01,1,0,323.5,217.0,23.3,0.46,0.07,49.9,25.93,2.99,0.4,225.6,9.125
55.88,CARRY,28.02,-0.02,-9.58,28.45,-0.01,1,0,323.5,215.0,25.2,0.5,0.07,50.1,25.95,2.99,0.2,226.1,9.125
55.93,CARRY,28.07,-0.02,-9.58,28.48,-0.01,1,0,323.5,217.0,23.3,0.46,0.07,49.7,25.98,2.99,0.3,225.7,9.062
55.98,CARRY,28.07,-0.02,-9.58,28.5,-0.01,1,0,323.5,215.0,25.2,0.5,0.07,50.6,26.0,2.99,0.3,226.2,9.062
56.03,CARRY,28.12,-0.02,-9.58,28.53,-0.01,1,0,323.5,217.0,23.3,0.46,0.07,50.7,26.03,2.99,0.3,225.6,9.0
56.09,CARRY,28.12,-0.02,-9.58,28.56,-0.01,1,0,323.5,215.0,25.2,0.5,0.07,48.8,26.06,2.99,0.2,226.1,9.062
56.14,CARRY,28.17,-0.02,-9.58,28.58,-0.01,1,0,323.5,217.0,23.3,0.46,0.07,51.4,26.08,2.99,0.3,225.6,9.062
56.19,CARRY,28.17,-0.02,-9.58,28.61,-0.01,1,0,323.5,215.0,25.2,0.5,0.07,50.4,26.11,2.99,0.2,226.1,9.0
56.24,CARRY,28.22,-0.02,-9.58,28.63,-0.01,1,0,323.5,216.5,23.8,0.47,0.07,50.2,26.13,2.99,0.1,225.9,9.0
56.29,CARRY,28.22,-0.02,-9.58,28.66,-0.01,1,0,323.5,215.0,25.2,0.5,0.07,50.0,26.16,2.99,0.2,226.1,8.938
56.34,CARRY,28.27,-0.02,-9.58,28.68,-0.01,1,0,323.5,216.5,23.8,0.47,0.07,49.2,26.18,2.99,0.1,225.9,8.875
56.39,CARRY,28.27,-0.02,-9.58,28.71,-0.01,1,0,323.5,215.0,25.2,0.5,0.07,51.6,26.21,2.99,0.2,226.1,8.875
56.45,CARRY,28.32,-0.02,-9.58,28.74,-0.01,1,0,323.5,216.5,23.8,0.47,0.07,51.9,26.24,2.99,0.1,225.8,8.812
56.5,CARRY,28.32,-0.02,-9.58,28.76,-0.01,1,0,323.5,215.0,25.2,0.5,0.07,49.7,26.26,2.99,0.2,226.0,8.875
56.55,CARRY,28.37,-0.02,-9.58,28.79,-0.01,1,0,323.5,216.0,24.3,0.48,0.07,48.6,26.29,2.99,0.3,226.1,8.812
56.6,CARRY,28.37,-0.02,-9.58,28.81,-0.01,1,0,323.5,215.0,25.2,0.5,0.07,50.1,26.31,2.99,0.2,225.9,8.875
56.65,CARRY,28.42,-0.02,-9.58,28.84,-0.01,1,0,323.5,216.0,24.3,0.48,0.07,49.8,26.34,2.99,0.3,226.1,8.812
56.7,CARRY,28.42,-0.02,-9.58,28.86,-0.01,1,0,323.5,215.0,25.2,0.5,0.07,49.3,26.36,2.99,0.2,225.9,8.812
56.75,CARRY,28.47,-0.02,-9.58,28.89,-0.01,1,0,323.5,216.0,24.3,0.48,0.07,54.1,26.39,2.99,0.2,226.0,8.812
56.81,CARRY,28.47,-0.02,-9.58,28.92,-0.01,1,0,323.5,215.0,25.2,0.5,0.07,49.1,26.42,2.99,0.4,225.8,8.812
56.86,CARRY,28.52,-0.02,-9.58,28.94,-0.01,1,0,323.5,216.0,24.3,0.48,0.07,51.4,26.44,2.99,0.1,225.9,8.812
56.91,CARRY,28.52,-0.02,-9.58,28.97,-0.01,1,0,323.5,214.5,25.7,0.51,0.07,52.0,26.47,2.99,0.2,226.0,8.812
56.96,CARRY,28.57,-0.02,-9.58,28.99,-0.01,1,0,323.5,216.0,24.3,0.48,0.07,53.5,26.49,2.99,0.1,225.8,8.688
57.02,CARRY,28.57,-0.02,-9.58,29.02,-0.01,1,0,323.5,214.0,26.2,0.52,0.07,49.8,26.52,2.99,0.4,226.2,8.75
57.07,CARRY,28.62,-0.02,-9.58,29.05,-0.01,1,0,323.5,216.0,24.3,0.48,0.07,53.5,26.55,2.99,0.3,225.6,8.625
57.12,CARRY,28.62,-0.02,-9.58,29.07,-0.01,1,0,323.5,214.0,26.2,0.52,0.07,51.9,26.57,2.99,0.2,226.1,8.688
57.18,CARRY,28.67,-0.02,-9.58,29.1,-0.01,1,0,323.5,215.5,24.7,0.49,0.07,54.8,26.6,2.99,0.1,225.8,8.625
57.23,CARRY,28.72,-0.02,-9.58,29.13,-0.01,1,0,323.0,217.0,23.2,0.46,0.06,52.4,26.63,2.99,0.4,225.8,8.625
57.29,CARRY,28.72,-0.02,-9.58,29.16,-0.01,1,0,323.5,215.0,25.2,0.5,0.07,52.4,26.66,2.99,0.1,226.0,8.562
57.34,CARRY,28.77,-0.02,-9.58,29.18,-0.01,1,0,323.0,217.0,23.2,0.46,0.06,50.6,26.68,2.99,0.6,225.7,8.625
57.39,CARRY,28.77,-0.02,-9.58,29.21,-0.01,1,0,323.5,215.0,25.2,0.5,0.07,50.0,26.71,2.99,0.0,225.9,8.625
57.44,CARRY,28.82,-0.02,-9.58,29.23,-0.01,1,0,323.0,216.5,23.7,0.47,0.06,51.3,26.73,2.99,0.3,226.0,8.625
57.49,CARRY,28.82,-0.02,-9.58,29.26,-0.01,1,0,323.5,215.0,25.2,0.5,0.07,51.7,26.76,2.99,0.1,225.8,8.688
57.55,CARRY,28.87,-0.02,-9.58,29.29,-0.01,1,0,323.0,216.0,24.2,0.48,0.06,52.8,26.79,2.99,0.4,226.2,8.688
57.6,CARRY,28.87,-0.02,-9.58,29.31,-0.01,1,0,323.5,214.5,25.7,0.51,0.07,50.4,26.81,2.99,0.2,226.0,8.688
57.65,CARRY,28.92,-0.02,-9.58,29.34,-0.01,1,0,323.0,216.0,24.2,0.48,0.06,51.3,26.84,2.99,0.3,226.1,8.688
57.7,CARRY,28.92,-0.02,-9.58,29.36,-0.01,1,0,323.5,214.5,25.7,0.51,0.07,52.8,26.86,2.99,0.0,225.9,8.688
57.76,CARRY,28.97,-0.01,-9.58,29.39,-0.01,1,0,323.0,216.0,24.2,0.48,0.06,51.6,26.89,2.99,0.4,225.9,8.625
57.81,CARRY,28.97,-0.01,-9.58,29.42,-0.01,1,0,323.5,214.0,26.2,0.52,0.07,47.4,26.92,2.99,0.2,226.1,8.625
57.86,CARRY,29.02,-0.01,-9.58,29.44,-0.01,1,0,323.0,215.5,24.7,0.49,0.06,51.8,26.94,2.99,0.3,226.2,8.688
57.91,CARRY,29.02,-0.01,-9.58,29.47,-0.01,1,0,323.5,214.0,26.2,0.52,0.07,51.0,26.97,2.99,0.1,226.0,8.688
57.97,CARRY,29.07,-0.01,-9.58,29.5,-0.01,1,0,323.0,215.5,24.7,0.49,0.06,51.7,27.0,2.99,0.3,226.0,8.688
58.02,CARRY,29.07,-0.01,-9.58,29.52,-0.01,1,0,323.5,214.0,26.2,0.52,0.07,50.5,27.02,2.99,0.1,225.8,8.75
58.07,CARRY,29.12,-0.01,-9.58,29.55,-0.01,1,0,323.0,215.0,25.2,0.5,0.06,51.0,27.05,2.99,0.4,226.3,8.625
58.12,CARRY,29.12,-0.01,-9.58,29.57,-0.01,1,0,323.5,214.0,26.2,0.52,0.07,52.6,27.07,2.99,0.2,225.7,8.688
58.18,CARRY,29.17,-0.01,-9.58,29.6,-0.01,1,0,323.0,215.0,25.2,0.5,0.06,50.6,27.1,2.99,0.3,226.1,8.688
58.23,CARRY,29.22,-0.01,-9.58,29.63,-0.01,1,0,323.0,216.5,23.7,0.47,0.06,51.4,27.13,2.99,0.0,225.9,8.688
58.28,CARRY,29.22,-0.01,-9.58,29.65,-0.01,1,0,323.0,215.0,25.2,0.5,0.06,50.4,27.15,2.99,0.2,226.0,8.688
58.33,CARRY,29.22,-0.01,-9.58,29.68,-0.01,1,0,323.5,213.5,26.7,0.53,0.07,49.7,27.18,2.99,0.1,225.8,8.688
58.38,CARRY,29.27,-0.01,-9.58,29.7,-0.01,1,0,323.0,215.0,25.2,0.5,0.06,52.3,27.2,2.99,0.1,226.0,8.688
58.44,CARRY,29.32,-0.01,-9.58,29.73,-0.01,1,0,323.0,216.5,23.7,0.47,0.06,52.4,27.23,2.99,0.2,225.7,8.688
58.49,CARRY,29.32,-0.01,-9.58,29.76,-0.01,1,0,323.0,215.0,25.2,0.5,0.06,54.0,27.26,2.99,0.2,225.8,8.75
58.54,CARRY,29.37,-0.01,-9.58,29.79,-0.01,1,0,323.0,216.0,24.2,0.48,0.06,50.9,27.29,2.99,0.1,225.9,8.688
58.6,CARRY,29.37,-0.01,-9.58,29.81,-0.01,1,0,323.0,214.5,25.7,0.51,0.06,50.0,27.31,2.99,0.2,226.1,8.75
58.65,CARRY,29.42,-0.01,-9.58,29.84,-0.01,1,0,323.0,216.0,24.2,0.48,0.06,49.4,27.34,2.99,0.1,225.9,8.688
58.7,CARRY,29.42,-0.01,-9.58,29.86,-0.01,1,0,323.0,214.5,25.7,0.51,0.06,50.7,27.36,2.99,0.2,226.0,8.75
58.75,CARRY,29.47,-0.01,-9.58,29.89,-0.01,1,0,323.0,216.0,24.2,0.48,0.06,52.7,27.39,2.99,0.1,225.9,8.688
58.8,CARRY,29.47,-0.01,-9.58,29.91,-0.01,1,0,323.0,214.5,25.7,0.51,0.06,50.1,27.41,2.99,0.1,226.0,8.75
58.85,CARRY,29.52,-0.01,-9.58,29.94,-0.01,1,0,323.0,216.0,24.2,0.48,0.06,49.9,27.44,2.99,0.1,225.7,8.688
58.91,CARRY,29.52,-0.01,-9.58,29.97,-0.01,1,0,323.0,214.5,25.7,0.51,0.06,48.8,27.47,2.99,0.2,225.9,8.688
58.96,CARRY,29.57,-0.01,-9.58,29.99,-0.01,1,0,323.0,216.0,24.2,0.48,0.06,50.7,27.49,2.99,0.2,225.7,8.688
59.01,CARRY,29.57,-0.01,-9.58,30.02,-0.01,1,0,323.0,214.5,25.7,0.51,0.06,50.9,27.52,2.99,0.2,225.9,8.75
59.06,CARRY,29.62,-0.01,-9.58,30.04,-0.01,1,0,323.0,216.0,24.2,0.48,0.06,50.6,27.54,2.99,0.3,225.7,8.688
59.11,CARRY,29.62,-0.01,-9.58,30.07,-0.01,1,0,323.0,214.0,26.2,0.52,0.06,50.8,27.57,2.99,0.3,226.2,8.688
59.16,CARRY,29.67,-0.01,-9.58,30.09,-0.01,1,0,323.0,215.5,24.7,0.49,0.06,50.9,27.59,2.99,0.1,226.0,8.75
59.22,CARRY,29.67,-0.01,-9.58,30.12,-0.01,1,0,323.0,214.0,26.2,0.52,0.06,51.2,27.62,2.99,0.3,226.1,8.812
59.27,CARRY,29.72,-0.01,-9.58,30.15,-0.01,1,0,323.0,216.0,24.2,0.48,0.06,53.6,27.65,2.99,0.5,225.5,8.875
59.32,CARRY,29.72,-0.01,-9.58,30.17,-0.01,1,0,323.0,215.0,25.2,0.5,0.06,54.1,27.67,2.99,1.1,225.3,8.938
59.38,CARRY,29.77,-0.01,-9.58,30.2,-0.01,1,0,323.0,217.0,23.2,0.46,0.06,52.5,27.7,2.99,1.8,224.7,8.875
59.43,CARRY,29.77,-0.01,-9.58,30.23,-0.01,1,0,323.0,216.5,23.7,0.47,0.06,53.6,27.73,2.99,2.8,224.0,9.0
59.49,CARRY,29.82,-0.01,-9.58,30.26,-0.01,1,0,323.0,219.0,21.2,0.42,0.06,51.5,27.76,2.99,4.0,223.1,9.0
59.54,CARRY,29.87,-0.01,-9.58,30.28,-0.01,1,0,323.0,221.0,19.2,0.38,0.06,50.2,27.78,2.99,4.7,222.5,9.0
59.59,CARRY,29.87,-0.01,-9.58,30.31,-0.01,1,0,323.0,220.0,20.2,0.4,0.06,51.8,27.81,2.99,5.1,222.3,9.062
59.64,CARRY,29.92,-0.01,-9.58,30.33,-0.01,1,0,323.0,221.5,18.7,0.37,0.06,50.5,27.83,2.99,5.3,222.1,9.062
59.69,CARRY,29.92,-0.01,-9.58,30.36,-0.01,1,0,323.0,221.0,19.2,0.38,0.06,52.7,27.86,2.99,6.3,221.5,9.125
59.75,CARRY,29.97,-0.01,-9.58,30.39,-0.01,1,0,323.0,223.5,16.8,0.33,0.06,51.7,27.89,2.99,7.6,220.5,9.125
59.8,CARRY,29.97,-0.01,-9.58,30.41,-0.01,1,0,323.5,223.0,17.4,0.34,0.07,51.7,27.91,2.99,8.6,219.5,9.062
59.85,CARRY,30.01,-0.01,-9.58,30.44,-0.01,1,0,323.0,225.0,15.3,0.3,0.06,50.6,27.94,2.99,9.4,219.2,9.062
59.9,CARRY,30.01,-0.01,-9.58,30.47,-0.01,1,0,323.5,224.0,16.4,0.32,0.07,50.0,27.97,2.99,9.9,218.6,9.062
59.96,CARRY,30.06,-0.01,-9.58,30.49,-0.01,1,0,323.0,225.5,14.8,0.29,0.06,51.1,27.99,2.99,10.3,218.6,9.0
60.01,CARRY,30.06,-0.01,-9.58,30.52,-0.01,1,0,323.5,225.0,15.4,0.3,0.07,49.3,28.02,2.99,11.3,217.7,9.062
60.06,CARRY,30.1,-0.01,-9.58,30.54,-0.01,1,0,323.0,227.0,13.3,0.26,0.06,54.8,28.04,2.99,12.3,217.2,9.062
60.11,CARRY,30.1,-0.01,-9.58,30.57,-0.01,1,0,323.5,226.0,14.4,0.28,0.07,51.0,28.07,2.99,12.9,216.6,9.0
60.17,CARRY,30.14,-0.01,-9.58,30.6,-0.01,1,0,323.0,228.0,12.4,0.24,0.06,48.8,28.1,2.99,14.0,216.0,9.0
60.22,CARRY,30.14,-0.01,-9.58,30.62,-0.01,1,0,323.5,227.5,13.0,0.25,0.07,48.6,28.12,2.99,15.0,215.2,8.938
60.27,CARRY,30.18,-0.01,-9.58,30.65,-0.01,1,0,323.5,228.5,12.0,0.23,0.07,50.8,28.15,2.99,15.2,214.9,9.0
60.32,CARRY,30.18,-0.01,-9.58,30.67,-0.01,1,0,323.5,228.0,12.5,0.24,0.07,48.7,28.17,2.99,16.2,214.3,9.0
60.37,CARRY,30.22,-0.01,-9.58,30.7,-0.01,1,0,323.5,213.0,27.2,0.54,0.07,49.7,28.2,2.99,0.5,225.5,8.938
60.42,CARRY,30.22,-0.01,-9.58,30.72,-0.01,1,0,323.5,211.5,28.7,0.57,0.07,47.9,28.22,2.99,0.5,225.6,9.062
60.47,CARRY,30.25,-0.01,-9.58,30.75,-0.01,1,0,323.5,230.0,10.6,0.2,0.07,48.3,28.25,2.99,18.5,212.6,9.062
60.52,CARRY,30.25,-0.01,-9.58,30.77,-0.01,1,0,323.5,210.5,29.7,0.59,0.07,49.9,28.27,2.99,0.4,225.7,9.062
60.57,CARRY,30.28,-0.01,-9.58,30.8,-0.01,1,0,323.5,202.5,37.7,0.75,0.07,47.5,28.3,2.99,8.0,231.9,9.062
60.62,CARRY,30.28,-0.01,-9.58,30.82,-0.01,1,0,323.5,209.5,30.7,0.61,0.07,49.9,28.32,2.99,0.4,225.7,9.0
60.67,CARRY,30.32,-0.0,-9.58,30.85,-0.01,1,0,323.5,203.0,37.2,0.74,0.07,49.8,28.35,2.99,6.4,230.7,8.938
60.72,CARRY,30.32,-0.0,-9.58,30.87,-0.01,1,0,323.5,208.0,32.2,0.64,0.07,50.5,28.37,2.99,0.2,226.0,9.0
60.77,CARRY,30.35,-0.0,-9.58,30.9,-0.01,1,0,323.5,208.5,31.7,0.63,0.07,54.5,28.4,2.99,0.1,225.9,9.0
60.83,CARRY,30.35,-0.0,-9.58,30.93,-0.01,1,0,324.0,207.0,33.2,0.66,0.08,48.8,28.43,2.99,0.3,225.6,9.062
60.88,CARRY,30.39,0.0,-9.58,30.95,-0.01,1,0,323.5,207.5,32.7,0.65,0.07,48.8,28.45,2.99,0.0,225.9,9.062
60.93,CARRY,30.39,0.0,-9.58,30.98,-0.01,1,0,324.0,206.0,34.2,0.68,0.08,47.4,28.48,2.99,0.3,225.8,9.062
60.98,CARRY,30.43,0.0,-9.58,31.0,-0.01,1,0,323.5,207.5,32.7,0.65,0.07,49.3,28.5,2.99,0.5,225.6,9.062
61.03,CARRY,30.43,0.0,-9.58,31.03,-0.01,1,0,324.0,205.5,34.7,0.69,0.08,48.3,28.53,2.99,0.3,225.8,9.062
61.08,CARRY,30.48,0.0,-9.58,31.05,-0.01,1,0,323.5,207.5,32.7,0.65,0.07,51.6,28.55,2.99,0.6,225.5,9.062
61.13,CARRY,30.53,0.0,-9.58,31.08,-0.01,1,0,323.5,208.0,32.2,0.64,0.07,49.2,28.58,2.99,0.3,226.1,9.0
61.18,CARRY,30.53,0.0,-9.58,31.1,-0.01,1,0,323.5,207.5,32.7,0.65,0.07,49.7,28.6,2.99,0.7,225.5,9.125
61.23,CARRY,30.58,0.0,-9.58,31.13,-0.01,1,0,323.5,209.0,31.2,0.62,0.07,54.3,28.63,2.99,0.5,225.5,9.062
61.29,CARRY,30.58,0.0,-9.58,31.16,-0.01,1,0,323.5,207.5,32.7,0.65,0.07,50.0,28.66,2.99,0.6,225.6,9.125
61.34,CARRY,30.64,-0.0,-9.58,31.18,-0.01,1,0,323.5,209.5,30.7,0.61,0.07,49.3,28.68,2.99,0.8,225.3,9.125
61.39,CARRY,30.64,-0.0,-9.58,31.21,-0.01,1,0,323.5,207.5,32.7,0.65,0.07,50.9,28.71,2.99,0.2,225.8,9.125
61.44,CARRY,30.7,-0.0,-9.58,31.23,-0.01,1,0,323.5,209.5,30.7,0.61,0.07,48.6,28.73,2.99,0.3,225.6,9.062
61.49,CARRY,30.7,-0.0,-9.58,31.26,-0.01,1,0,323.5,235.5,5.7,0.09,0.07,51.2,28.76,2.99,27.7,206.4,9.125
61.55,CARRY,30.76,-0.0,-9.58,31.29,-0.01,1,0,323.5,210.5,29.7,0.59,0.07,48.7,28.79,2.99,0.7,225.3,9.125
61.6,CARRY,30.76,-0.0,-9.58,31.31,-0.01,1,0,323.5,208.0,32.2,0.64,0.07,47.7,28.81,2.99,0.4,226.2,9.062
61.65,CARRY,30.82,-0.0,-9.58,31.34,-0.01,1,0,323.5,211.0,29.2,0.58,0.07,53.2,28.84,2.99,0.6,225.4,9.125
61.7,CARRY,30.82,-0.0,-9.58,31.36,-0.01,1,0,323.5,209.0,31.2,0.62,0.07,48.5,28.86,2.99,0.2,225.8,9.125
61.75,CARRY,30.88,-0.01,-9.58,31.39,-0.01,1,0,323.5,211.0,29.2,0.58,0.07,48.1,28.89,2.99,0.1,225.8,9.125
61.8,CARRY,30.88,-0.01,-9.58,31.41,-0.01,1,0,323.5,246.5,7.4,-0.13,0.07,50.8,28.91,2.99,37.0,200.3,9.188
61.85,CARRY,30.94,-0.01,-9.58,31.44,-0.01,1,0,323.5,211.5,28.7,0.57,0.07,49.3,28.94,2.99,0.1,225.8,9.125
61.9,CARRY,30.94,-0.01,-9.58,31.46,-0.01,1,0,323.5,248.0,8.7,-0.16,0.07,51.0,28.96,2.99,38.0,199.7,9.188
61.95,CARRY,31.0,-0.01,-9.58,31.49,-0.01,1,0,323.5,212.0,28.2,0.56,0.07,52.8,28.99,2.99,0.1,225.9,9.125
62.01,CARRY,31.0,-0.01,-9.58,31.52,-0.01,1,0,323.5,211.0,29.2,0.58,0.07,48.4,29.02,2.99,0.5,225.6,9.188
62.06,CARRY,31.06,-0.01,-9.58,31.54,-0.01,1,0,323.5,212.5,27.7,0.55,0.07,49.2,29.04,2.99,0.1,225.8,8.938
62.11,CARRY,31.06,-0.01,-9.58,31.57,-0.01,1,0,323.5,211.5,28.7,0.57,0.07,49.3,29.07,2.99,0.5,225.6,8.938
62.16,CARRY,31.12,-0.01,-9.58,31.59,-0.01,1,0,323.5,213.5,26.7,0.53,0.07,51.2,29.09,2.99,0.5,225.4,8.875
62.21,CARRY,31.12,-0.01,-9.58,31.62,-0.01,1,0,323.5,211.5,28.7,0.57,0.07,48.3,29.12,2.99,0.1,225.9,8.938
62.26,CARRY,31.18,-0.01,-9.58,31.64,-0.01,1,0,324.0,213.5,26.8,0.53,0.08,48.2,29.14,2.99,0.6,225.4,8.812
62.31,CARRY,31.18,-0.01,-9.58,31.67,-0.01,1,0,323.5,212.5,27.7,0.55,0.07,47.7,29.17,2.99,0.6,225.5,8.875
62.36,CARRY,31.24,-0.01,-9.58,31.69,-0.01,1,0,323.5,214.0,26.2,0.52,0.07,50.1,29.19,2.99,0.3,225.6,8.812
62.41,CARRY,31.24,-0.01,-9.58,31.72,-0.01,1,0,323.5,212.5,27.7,0.55,0.07,47.9,29.22,2.99,0.2,225.8,8.875
62.46,CARRY,31.29,-0.01,-9.58,31.74,-0.01,1,0,323.5,214.0,26.2,0.52,0.07,48.5,29.24,2.99,0.2,225.8,8.875
62.51,CARRY,31.29,-0.01,-9.58,31.77,-0.01,1,0,323.5,213.0,27.2,0.54,0.07,48.0,29.27,2.99,0.4,225.6,8.875
62.56,CARRY,31.35,-0.01,-9.58,31.79,-0.01,1,0,323.0,214.5,25.7,0.51,0.06,48.4,29.29,2.99,0.3,226.0,8.875
62.61,CARRY,31.35,-0.01,-9.58,31.82,-0.01,1,0,323.5,213.5,26.7,0.53,0.07,47.9,29.32,2.99,0.5,225.5,8.875
62.66,CARRY,31.4,-0.01,-9.58,31.84,-0.01,1,0,323.0,215.0,25.2,0.5,0.06,48.5,29.34,2.99,0.4,225.9,8.938
62.71,CARRY,31.4,-0.01,-9.58,31.87,-0.01,1,0,324.0,213.5,26.8,0.53,0.08,49.3,29.37,2.99,0.6,225.4,9.0
62.76,CARRY,31.46,-0.01,-9.58,31.89,-0.01,1,0,322.5,215.0,25.1,0.5,0.05,48.5,29.39,2.99,0.7,226.4,9.0
62.81,CARRY,31.46,-0.01,-9.58,31.92,-0.01,1,0,324.0,213.5,26.8,0.53,0.08,51.3,29.42,2.99,0.6,225.6,9.0
62.87,CARRY,31.51,-0.01,-9.58,31.95,-0.01,1,0,323.0,215.0,25.2,0.5,0.06,50.7,29.45,2.99,0.3,226.2,8.938
62.92,CARRY,31.51,-0.01,-9.58,31.97,-0.01,1,0,323.5,253.5,13.9,-0.27,0.07,49.1,29.47,2.99,39.8,198.3,9.0
62.97,CARRY,31.57,-0.01,-9.58,32.0,-0.01,1,0,322.5,215.5,24.6,0.49,0.05,48.5,29.5,2.99,0.7,226.3,9.062
63.02,CARRY,31.57,-0.01,-9.58,32.02,-0.01,1,0,324.0,214.0,26.3,0.52,0.08,49.2,29.52,2.99,0.7,225.4,9.062
63.07,CARRY,31.62,-0.01,-9.58,32.05,-0.01,1,0,322.5,215.5,24.6,0.49,0.05,48.2,29.55,2.99,0.6,226.4,9.0
63.12,CARRY,31.62,-0.01,-9.58,32.07,-0.01,1,0,323.0,214.0,26.2,0.52,0.06,50.6,29.57,2.99,0.3,226.2,9.062
63.17,CARRY,31.67,-0.01,-9.58,32.1,-0.01,1,0,322.5,216.0,24.1,0.48,0.05,49.0,29.6,2.99,0.7,226.1,8.938
63.22,CARRY,31.67,-0.01,-9.58,32.12,-0.01,1,0,323.0,214.0,26.2,0.52,0.06,49.1,29.62,2.99,0.4,226.3,9.0
63.27,CARRY,31.73,-0.01,-9.58,32.15,-0.01,1,0,323.0,216.0,24.2,0.48,0.06,48.9,29.65,2.99,0.3,225.8,8.938
63.32,CARRY,31.73,-0.01,-9.58,32.17,-0.01,1,0,323.0,214.0,26.2,0.52,0.06,48.4,29.67,2.99,0.4,226.3,9.062
63.37,CARRY,31.78,-0.01,-9.58,32.2,-0.01,1,0,322.5,216.0,24.1,0.48,0.05,48.3,29.7,2.99,0.6,226.1,9.062
63.42,CARRY,31.78,-0.01,-9.58,32.22,-0.01,1,0,323.0,254.0,14.3,-0.28,0.06,48.3,29.72,2.99,39.6,198.7,9.125
63.47,CARRY,31.83,-0.01,-9.58,32.25,-0.01,1,0,322.5,216.0,24.1,0.48,0.05,48.3,29.75,2.99,0.6,226.2,9.125
63.52,CARRY,31.83,-0.01,-9.58,32.27,-0.01,1,0,323.0,214.5,25.7,0.51,0.06,49.8,29.77,2.99,0.3,226.0,9.062
63.57,CARRY,31.88,-0.01,-9.58,32.3,-0.01,1,0,323.0,216.0,24.2,0.48,0.06,49.3,29.8,2.99,0.1,225.9,9.188
63.62,CARRY,31.88,-0.01,-9.58,32.32,-0.01,1,0,323.0,214.5,25.7,0.51,0.06,49.1,29.82,2.99,0.3,226.0,9.25
63.67,CARRY,31.93,-0.01,-9.58,32.35,-0.01,1,0,323.0,216.0,24.2,0.48,0.06,48.3,29.85,2.99,0.1,225.9,9.125
63.72,CARRY,31.93,-0.01,-9.58,32.37,-0.01,1,0,323.0,214.5,25.7,0.51,0.06,50.2,29.87,2.99,0.3,226.0,9.188
63.77,CARRY,31.98,-0.01,-9.58,32.4,-0.01,1,0,323.0,216.0,24.2,0.48,0.06,49.8,29.9,2.99,0.2,225.8,9.062
63.82,CARRY,31.98,-0.01,-9.58,32.42,-0.01,1,0,323.0,214.5,25.7,0.51,0.06,48.0,29.92,2.99,0.4,226.0,9.062
63.87,CARRY,32.03,-0.01,-9.58,32.45,-0.01,1,0,323.0,216.0,24.2,0.48,0.06,48.8,29.95,2.99,0.4,225.8,9.062
63.92,CARRY,32.03,-0.01,-9.58,32.47,-0.01,1,0,323.5,214.0,26.2,0.52,0.07,48.3,29.97,2.99,0.3,226.0,9.062
63.97,CARRY,32.07,-0.01,-9.58,32.5,-0.01,1,0,323.0,215.5,24.7,0.49,0.06,48.1,30.0,2.99,0.2,226.1,8.938
64.02,CARRY,32.07,-0.01,-9.58,32.52,-0.01,1,0,323.5,214.0,26.2,0.52,0.07,47.4,30.02,2.99,0.2,226.0,8.938
64.07,CARRY,32.12,-0.01,-9.58,32.55,-0.01,1,0,323.0,215.5,24.7,0.49,0.06,49.5,30.05,2.99,0.2,226.1,9.0
64.12,CARRY,32.12,-0.01,-9.58,32.57,-0.01,1,0,323.5,214.0,26.2,0.52,0.07,50.2,30.07,2.99,0.1,225.9,9.0
64.18,CARRY,32.17,-0.01,-9.58,32.6,-0.01,1,0,323.0,215.5,24.7,0.49,0.06,51.2,30.1,2.99,0.3,226.1,8.938
64.23,CARRY,32.17,-0.01,-9.58,32.63,-0.01,1,0,323.5,214.0,26.2,0.52,0.07,50.7,30.13,2.99,0.0,225.9,9.0
64.28,CARRY,32.22,-0.01,-9.58,32.65,-0.01,1,0,323.0,215.5,24.7,0.49,0.06,51.2,30.15,2.99,0.3,226.0,9.0
64.33,CARRY,32.27,-0.02,-9.58,32.68,-0.01,1,0,323.0,217.0,23.2,0.46,0.06,49.4,30.18,2.99,0.3,225.8,9.0
64.38,CARRY,32.27,-0.02,-9.58,32.7,-0.01,1,0,323.5,215.0,25.2,0.5,0.07,50.1,30.2,2.99,0.3,226.0,8.938
64.43,CARRY,32.32,-0.02,-9.58,32.73,-0.01,1,0,323.0,217.0,23.2,0.46,0.06,52.5,30.23,2.99,0.3,225.8,8.938
64.49,CARRY,32.32,-0.02,-9.58,32.76,-0.01,1,0,323.5,215.0,25.2,0.5,0.07,50.2,30.26,2.99,0.2,225.9,8.875
64.54,CARRY,32.37,-0.02,-9.58,32.78,-0.01,1,0,323.0,216.5,23.7,0.47,0.06,50.2,30.28,2.99,0.3,226.1,8.812
64.59,CARRY,32.37,-0.02,-9.58,32.81,-0.01,1,0,323.5,215.0,25.2,0.5,0.07,49.5,30.31,2.99,0.2,226.0,8.812
64.64,CARRY,32.42,-0.02,-9.58,32.83,-0.01,1,0,323.0,216.5,23.7,0.47,0.06,49.6,30.33,2.99,0.3,226.1,8.812
64.69,CARRY,32.42,-0.02,-9.58,32.86,-0.01,1,0,323.5,215.0,25.2,0.5,0.07,48.4,30.36,2.99,0.1,226.0,8.75
64.74,CARRY,32.47,-0.02,-9.58,32.88,-0.01,1,0,323.5,216.5,23.8,0.47,0.07,48.7,30.38,2.99,0.2,225.8,8.688
64.79,CARRY,32.47,-0.02,-9.58,32.91,-0.01,1,0,323.5,215.0,25.2,0.5,0.07,48.7,30.41,2.99,0.1,226.0,8.688
64.84,CARRY,32.52,-0.02,-9.58,32.93,-0.01,1,0,323.5,216.5,23.8,0.47,0.07,48.5,30.43,2.99,0.1,225.8,8.688
64.89,CARRY,32.52,-0.02,-9.58,32.96,-0.01,1,0,323.5,215.0,25.2,0.5,0.07,51.2,30.46,2.99,0.1,226.0,8.688
64.94,CARRY,32.57,-0.02,-9.58,32.98,-0.01,1,0,323.5,216.5,23.8,0.47,0.07,51.2,30.48,2.99,0.1,225.8,8.625
65.0,CARRY,32.57,-0.02,-9.58,33.01,-0.01,1,0,323.5,215.0,25.2,0.5,0.07,49.7,30.51,2.99,0.1,226.0,8.688
65.05,CARRY,32.62,-0.02,-9.58,33.04,-0.01,1,0,323.5,216.5,23.8,0.47,0.07,49.4,30.54,2.99,0.1,225.8,8.625
65.1,CARRY,32.62,-0.02,-9.58,33.06,-0.01,1,0,324.0,215.0,25.3,0.5,0.08,50.4,30.56,2.99,0.3,225.6,8.688
65.15,CARRY,32.67,-0.02,-9.58,33.09,-0.01,1,0,323.5,216.0,24.3,0.48,0.07,48.3,30.59,2.99,0.3,226.1,8.688
65.2,CARRY,32.67,-0.02,-9.58,33.11,-0.01,1,0,324.0,215.0,25.3,0.5,0.08,52.5,30.61,2.99,0.3,225.6,8.688
65.25,CARRY,32.72,-0.02,-9.58,33.14,-0.01,1,0,323.5,216.0,24.3,0.48,0.07,50.6,30.64,2.99,0.2,226.0,8.562
65.3,CARRY,32.72,-0.02,-9.58,33.16,-0.01,1,0,324.0,215.0,25.3,0.5,0.08,48.1,30.66,2.99,0.4,225.5,8.688
65.35,CARRY,32.77,-0.02,-9.58,33.19,-0.01,1,0,323.5,216.0,24.3,0.48,0.07,48.6,30.69,2.99,0.1,226.0,8.562
65.4,CARRY,32.77,-0.02,-9.58,33.21,-0.01,1,0,324.0,214.5,25.8,0.51,0.08,47.9,30.71,2.99,0.2,225.9,8.625
65.45,CARRY,32.82,-0.02,-9.58,33.24,-0.01,1,0,323.5,216.0,24.3,0.48,0.07,50.6,30.74,2.99,0.1,226.0,8.562
65.51,CARRY,32.82,-0.02,-9.58,33.27,-0.01,1,0,324.0,214.5,25.8,0.51,0.08,49.0,30.77,2.99,0.2,225.8,8.688
65.56,CARRY,32.87,-0.02,-9.58,33.29,-0.01,1,0,323.5,216.0,24.3,0.48,0.07,48.7,30.79,2.99,0.1,226.0,8.625
65.61,CARRY,32.87,-0.02,-9.58,33.32,-0.01,1,0,324.0,214.5,25.8,0.51,0.08,47.8,30.82,2.99,0.2,225.8,8.75
65.66,CARRY,32.92,-0.02,-9.58,33.34,-0.01,1,0,323.5,216.0,24.3,0.48,0.07,51.3,30.84,2.99,0.1,225.9,8.688
65.71,CARRY,32.92,-0.02,-9.58,33.37,-0.01,1,0,324.0,214.5,25.8,0.51,0.08,48.9,30.87,2.99,0.2,225.7,8.75
65.76,CARRY,32.97,-0.02,-9.58,33.39,-0.01,1,0,323.5,216.0,24.3,0.48,0.07,51.8,30.89,2.99,0.2,225.9,8.625
65.81,CARRY,32.97,-0.02,-9.58,33.42,-0.01,1,0,324.0,214.5,25.8,0.51,0.08,50.3,30.92,2.99,0.2,225.7,8.75
65.86,CARRY,33.02,-0.02,-9.58,33.44,-0.01,1,0,323.5,216.0,24.3,0.48,0.07,51.2,30.94,2.99,0.3,225.8,8.688
65.91,CARRY,33.02,-0.02,-9.58,33.47,-0.01,1,0,324.0,214.0,26.3,0.52,0.08,48.8,30.97,2.99,0.3,225.9,8.75
65.96,CARRY,33.07,-0.02,-9.58,33.5,-0.01,1,0,323.5,215.5,24.7,0.49,0.07,47.7,31.0,2.99,0.1,226.1,8.75
66.01,CARRY,33.07,-0.02,-9.58,33.52,-0.01,1,0,324.0,214.0,26.3,0.52,0.08,50.5,31.02,2.99,0.3,225.9,8.75
66.07,CARRY,33.12,-0.02,-9.58,33.55,-0.01,1,0,323.5,215.5,24.7,0.49,0.07,50.7,31.05,2.99,0.0,226.0,8.688
66.12,CARRY,33.12,-0.02,-9.58,33.57,-0.01,1,0,324.0,214.0,26.3,0.52,0.08,51.6,31.07,2.99,0.3,225.8,8.75
66.17,CARRY,33.17,-0.02,-9.58,33.6,-0.01,1,0,323.5,215.5,24.7,0.49,0.07,49.3,31.1,2.99,0.1,225.9,8.688
66.22,CARRY,33.17,-0.02,-9.58,33.62,-0.01,1,0,324.0,214.0,26.3,0.52,0.08,51.4,31.12,2.99,0.3,225.7,8.75
66.27,CARRY,33.22,-0.02,-9.58,33.65,-0.01,1,0,323.5,215.0,25.2,0.5,0.07,50.3,31.15,2.99,0.3,226.1,8.688
66.33,CARRY,33.22,-0.02,-9.58,33.68,-0.01,1,0,323.5,214.0,26.2,0.52,0.07,48.8,31.18,2.99,0.3,225.9,8.688
66.38,CARRY,33.27,-0.02,-9.58,33.7,-0.01,1,0,323.5,215.0,25.2,0.5,0.07,51.0,31.2,2.99,0.3,226.1,8.688
66.43,CARRY,33.27,-0.02,-9.58,33.73,-0.01,1,0,323.5,214.0,26.2,0.52,0.07,49.2,31.23,2.99,0.3,225.9,8.75
66.48,CARRY,33.32,-0.02,-9.58,33.75,-0.01,1,0,323.5,215.0,25.2,0.5,0.07,51.7,31.25,2.99,0.2,226.0,8.688
66.53,CARRY,33.37,-0.02,-9.58,33.78,-0.01,1,0,323.0,216.5,23.7,0.47,0.06,50.5,31.28,2.99,0.2,226.1,8.688
66.58,CARRY,33.37,-0.02,-9.58,33.8,-0.01,1,0,323.5,215.0,25.2,0.5,0.07,49.1,31.3,2.99,0.1,225.9,8.75
66.63,CARRY,33.37,-0.02,-9.58,33.83,-0.01,1,0,323.5,214.0,26.2,0.52,0.07,52.1,31.33,2.99,0.4,225.7,8.75
66.69,CARRY,33.42,-0.01,-9.58,33.86,-0.01,1,0,323.5,215.0,25.2,0.5,0.07,48.6,31.36,2.99,0.1,225.8,8.75
66.74,CARRY,33.47,-0.01,-9.58,33.88,-0.01,1,0,323.0,216.5,23.7,0.47,0.06,51.4,31.38,2.99,0.2,226.0,8.75
66.79,CARRY,33.47,-0.01,-9.58,33.91,-0.01,1,0,323.5,215.0,25.2,0.5,0.07,50.5,31.41,2.99,0.1,225.8,8.812
66.84,CARRY,33.52,-0.01,-9.58,33.93,-0.01,1,0,323.0,216.5,23.7,0.47,0.06,50.1,31.43,2.99,0.2,225.9,8.75
66.89,CARRY,33.52,-0.01,-9.58,33.96,-0.01,1,0,323.5,215.0,25.2,0.5,0.07,52.0,31.46,2.99,0.2,225.7,8.812
66.94,CARRY,33.57,-0.01,-9.58,33.98,-0.01,1,0,323.0,216.0,24.2,0.48,0.06,50.9,31.48,2.99,0.3,226.2,8.75
67.0,CARRY,33.57,-0.01,-9.58,34.01,-0.01,1,0,323.5,215.0,25.2,0.5,0.07,52.6,31.51,2.99,0.3,225.7,8.75
67.05,CARRY,33.62,-0.01,-9.58,34.04,-0.01,1,0,323.0,216.0,24.2,0.48,0.06,52.0,31.54,2.99,0.2,226.1,8.75
67.1,CARRY,33.62,-0.01,-9.58,34.06,-0.01,1,0,323.5,214.5,25.7,0.51,0.07,52.4,31.56,2.99,0.2,225.9,8.812
67.16,CARRY,33.67,-0.01,-9.58,34.09,-0.01,1,0,323.0,216.0,24.2,0.48,0.06,50.3,31.59,2.99,0.2,226.0,8.875
67.21,CARRY,33.67,-0.01,-9.58,34.12,-0.01,1,0,323.5,214.5,25.7,0.51,0.07,50.2,31.62,2.99,0.2,225.8,8.938
67.26,CARRY,33.72,-0.01,-9.58,34.14,-0.01,1,0,323.0,216.0,24.2,0.48,0.06,49.6,31.64,2.99,0.2,225.9,8.938
67.31,CARRY,33.72,-0.01,-9.58,34.17,-0.01,1,0,323.5,215.0,25.2,0.5,0.07,50.1,31.67,2.99,0.7,225.3,9.0
67.36,CARRY,33.77,-0.01,-9.58,34.19,-0.01,1,0,323.0,217.5,22.7,0.45,0.06,52.6,31.69,2.99,1.8,224.7,9.0
67.41,CARRY,33.77,-0.01,-9.58,34.22,-0.01,1,0,323.5,216.5,23.8,0.47,0.07,52.0,31.72,2.99,2.3,224.1,9.062
67.47,CARRY,33.82,-0.01,-9.58,34.25,-0.01,1,0,323.0,219.5,20.7,0.41,0.06,52.5,31.75,2.99,4.0,223.0,9.125
67.52,CARRY,33.82,-0.01,-9.58,34.27,-0.01,1,0,323.0,218.5,21.7,0.43,0.06,51.3,31.77,2.99,4.6,222.8,9.188
67.57,CARRY,33.87,-0.01,-9.58,34.3,-0.01,1,0,323.0,220.0,20.2,0.4,0.06,51.3,31.8,2.99,4.7,222.5,9.125
67.63,CARRY,33.87,-0.01,-9.58,34.33,-0.01,1,0,323.0,219.5,20.7,0.41,0.06,49.2,31.83,2.99,5.7,222.0,9.25
67.68,CARRY,33.92,-0.01,-9.58,34.35,-0.01,1,0,323.0,221.0,19.2,0.38,0.06,51.1,31.85,2.99,5.8,221.7,9.188
67.73,CARRY,33.92,-0.01,-9.58,34.38,-0.01,1,0,323.0,221.0,19.2,0.38,0.06,49.6,31.88,2.99,7.3,220.8,9.25
67.78,CARRY,33.97,-0.01,-9.58,34.4,-0.01,1,0,323.0,223.0,17.3,0.34,0.06,50.2,31.9,2.99,8.0,220.1,9.188
67.83,CARRY,34.01,-0.01,-9.58,34.43,-0.01,1,0,323.0,225.0,15.3,0.3,0.06,50.0,31.93,2.99,8.7,219.4,9.188
67.88,CARRY,34.01,-0.01,-9.58,34.45,-0.01,1,0,323.0,224.5,15.8,0.31,0.06,51.3,31.95,2.99,9.7,218.9,9.25
67.93,CARRY,34.06,-0.01,-9.58,34.48,-0.01,1,0,323.0,226.0,14.3,0.28,0.06,51.7,31.98,2.99,10.1,218.5,9.25
67.99,CARRY,34.06,-0.01,-9.58,34.51,-0.01,1,0,323.0,225.5,14.8,0.29,0.06,50.4,32.01,2.99,11.1,217.9,9.188
68.04,CARRY,34.1,-0.01,-9.58,34.53,-0.01,1,0,323.0,227.5,12.9,0.25,0.06,50.2,32.03,2.99,12.1,217.0,9.188
68.09,CARRY,34.1,-0.01,-9.58,34.56,-0.01,1,0,323.0,227.0,13.3,0.26,0.06,48.5,32.06,2.99,13.0,216.5,9.188
68.14,CARRY,34.15,-0.01,-9.58,34.58,-0.01,1,0,323.0,228.5,11.9,0.23,0.06,52.3,32.08,2.99,13.6,216.0,9.125
68.19,CARRY,34.15,-0.01,-9.58,34.61,-0.01,1,0,323.0,228.0,12.4,0.24,0.06,49.2,32.11,2.99,14.6,215.4,9.188
68.24,CARRY,34.19,-0.0,-9.58,34.63,-0.01,1,0,323.0,229.0,11.4,0.22,0.06,48.8,32.13,2.99,14.8,215.1,9.125
68.29,CARRY,34.19,-0.0,-9.58,34.66,-0.01,1,0,323.0,228.5,11.9,0.23,0.06,49.0,32.16,2.99,15.7,214.6,9.125
68.34,CARRY,34.22,-0.0,-9.58,34.68,-0.01,1,0,323.0,205.0,35.1,0.7,0.06,49.6,32.18,2.99,8.5,232.1,9.188
68.39,CARRY,34.22,-0.0,-9.58,34.71,-0.01,1,0,323.0,212.0,28.2,0.56,0.06,48.9,32.21,2.99,0.1,225.9,9.188
68.44,CARRY,34.26,-0.0,-9.58,34.73,-0.01,1,0,323.0,213.0,27.2,0.54,0.06,49.0,32.23,2.99,0.5,225.4,9.188
68.49,CARRY,34.26,-0.0,-9.58,34.76,-0.01,1,0,323.0,211.5,28.7,0.57,0.06,51.0,32.26,2.99,0.4,225.6,9.25
68.55,CARRY,34.29,0.0,-9.58,34.79,-0.01,1,0,323.0,211.5,28.7,0.57,0.06,51.9,32.29,2.99,0.1,225.8,9.188
68.6,CARRY,34.29,0.0,-9.58,34.81,-0.01,1,0,323.0,210.5,29.7,0.59,0.06,51.1,32.31,2.99,0.6,225.5,9.188
68.65,CARRY,34.32,0.0,-9.58,34.84,-0.01,1,0,323.0,210.5,29.7,0.59,0.06,53.5,32.34,2.99,0.3,225.7,9.25
68.71,CARRY,34.32,0.0,-9.58,34.87,-0.01,1,0,323.0,209.5,30.6,0.61,0.06,51.1,32.37,2.99,0.8,225.4,9.25
68.76,CARRY,34.36,0.01,-9.58,34.89,-0.01,1,0,323.0,209.5,30.6,0.61,0.06,49.3,32.39,2.99,0.3,225.7,9.25
68.81,CARRY,34.36,0.01,-9.58,34.92,-0.01,1,0,323.0,208.0,32.1,0.64,0.06,51.8,32.42,2.99,0.3,225.9,9.312
68.86,CARRY,34.4,0.01,-9.58,34.94,-0.01,1,0,323.0,208.5,31.6,0.63,0.06,50.5,32.44,2.99,0.0,225.9,9.25
68.91,CARRY,34.4,0.01,-9.58,34.97,-0.01,1,0,323.0,207.5,32.6,0.65,0.06,51.3,32.47,2.99,0.5,225.7,9.312
68.97,CARRY,34.44,0.01,-9.58,35.0,-0.01,1,0,323.0,208.0,32.1,0.64,0.06,52.9,32.5,2.99,0.1,226.0,9.25
69.02,CARRY,34.44,0.01,-9.58,35.02,-0.01,1,0,323.0,207.0,33.1,0.66,0.06,52.0,32.52,2.99,0.6,225.7,9.25
69.07,CARRY,34.49,0.01,-9.58,35.05,-0.01,1,0,323.0,207.5,32.6,0.65,0.06,50.0,32.55,2.99,0.2,226.1,9.25
69.12,CARRY,34.49,0.01,-9.58,35.07,-0.01,1,0,323.0,206.0,34.1,0.68,0.06,48.6,32.57,2.99,0.4,226.2,9.25
69.17,CARRY,34.54,0.01,-9.58,35.1,-0.01,1,0,323.0,207.5,32.6,0.65,0.06,52.6,32.6,2.99,0.2,226.1,9.375
69.23,CARRY,34.54,0.01,-9.58,35.13,-0.01,1,0,323.5,206.0,34.2,0.68,0.07,49.0,32.63,2.99,0.2,225.9,9.312
69.28,CARRY,34.59,0.0,-9.58,35.15,-0.01,1,0,323.0,208.0,32.1,0.64,0.06,51.7,32.65,2.99,0.3,225.8,9.375
69.33,CARRY,34.65,0.0,-9.58,35.18,-0.01,1,0,323.0,210.0,30.1,0.6,0.06,50.5,32.68,2.99,0.6,225.5,9.375
69.38,CARRY,34.65,0.0,-9.58,35.2,-0.01,1,0,323.0,208.0,32.1,0.64,0.06,50.0,32.7,2.99,0.3,226.1,9.375
69.43,CARRY,34.71,0.0,-9.58,35.23,-0.01,1,0,323.0,236.5,4.6,0.07,0.06,50.6,32.73,2.99,26.6,207.1,9.312
69.48,CARRY,34.71,0.0,-9.58,35.26,-0.01,1,0,323.5,236.0,5.3,0.08,0.07,48.1,32.76,2.99,27.6,206.3,9.312
69.53,CARRY,34.77,-0.0,-9.58,35.28,-0.01,1,0,323.0,211.0,29.2,0.58,0.06,49.6,32.78,2.99,0.7,225.5,9.25
69.59,CARRY,34.77,-0.0,-9.58,35.31,-0.01,1,0,323.5,242.5,4.3,-0.05,0.07,48.9,32.81,2.99,33.6,202.3,9.25
69.64,CARRY,34.83,-0.0,-9.58,35.33,-0.01,1,0,323.0,211.5,28.7,0.57,0.06,49.9,32.83,2.99,0.6,225.6,9.312
69.69,CARRY,34.83,-0.0,-9.58,35.36,-0.01,1,0,323.5,210.0,30.2,0.6,0.07,47.3,32.86,2.99,0.5,225.4,9.25
69.74,CARRY,34.88,-0.0,-9.58,35.38,-0.01,1,0,323.0,211.5,28.7,0.57,0.06,51.1,32.88,2.99,0.2,226.0,9.312
69.79,CARRY,34.88,-0.0,-9.58,35.41,-0.01,1,0,323.5,210.5,29.7,0.59,0.07,51.6,32.91,2.99,0.5,225.4,9.312
69.84,CARRY,34.94,-0.01,-9.58,35.43,-0.01,1,0,323.0,212.0,28.2,0.56,0.06,50.8,32.93,2.99,0.4,225.9,9.312
69.89,CARRY,34.94,-0.01,-9.58,35.46,-0.01,1,0,323.5,210.5,29.7,0.59,0.07,51.9,32.96,2.99,0.2,225.7,9.25
69.95,CARRY,35.0,-0.01,-9.58,35.49,-0.01,1,0,323.0,212.0,28.2,0.56,0.06,55.6,32.99,2.99,0.3,226.0,9.25
70.0,CARRY,35.0,-0.01,-9.58,35.51,-0.01,1,0,323.5,210.5,29.7,0.59,0.07,50.7,33.01,2.99,0.2,225.7,9.312
70.05,CARRY,35.05,-0.01,-9.58,35.54,-0.01,1,0,323.5,252.5,13.0,-0.25,0.07,50.5,33.04,2.99,40.6,197.8,9.188
70.11,CARRY,35.05,-0.01,-9.58,35.57,-0.01,1,0,323.5,211.0,29.2,0.58,0.07,48.1,33.07,2.99,0.6,225.5,9.375
70.16,CARRY,35.11,-0.01,-9.58,35.59,-0.01,1,0,324.0,212.0,28.3,0.56,0.08,54.0,33.09,2.99,0.6,225.6,9.188
70.21,CARRY,35.11,-0.01,-9.58,35.62,-0.01,1,0,323.5,211.0,29.2,0.58,0.07,51.6,33.12,2.99,0.4,225.6,9.25
70.26,CARRY,35.16,-0.01,-9.58,35.64,-0.01,1,0,323.5,212.0,28.2,0.56,0.07,53.2,33.14,2.99,0.2,226.0,9.25
70.32,CARRY,35.16,-0.01,-9.58,35.67,-0.01,1,0,323.5,211.0,29.2,0.58,0.07,48.5,33.17,2.99,0.4,225.7,9.312
70.37,CARRY,35.22,-0.01,-9.58,35.7,-0.01,1,0,323.5,213.0,27.2,0.54,0.07,50.0,33.2,2.99,0.6,225.4,9.125
70.42,CARRY,35.22,-0.01,-9.58,35.72,-0.01,1,0,323.5,211.5,28.7,0.57,0.07,49.7,33.22,2.99,0.6,225.6,9.188
70.47,CARRY,35.27,-0.01,-9.58,35.75,-0.01,1,0,323.5,213.0,27.2,0.54,0.07,51.7,33.25,2.99,0.3,225.6,9.062
70.52,CARRY,35.27,-0.01,-9.58,35.77,-0.01,1,0,323.5,211.5,28.7,0.57,0.07,49.4,33.27,2.99,0.4,225.7,9.188
70.57,CARRY,35.33,-0.01,-9.58,35.8,-0.01,1,0,323.5,213.0,27.2,0.54,0.07,49.9,33.3,2.99,0.1,225.8,9.062
70.62,CARRY,35.33,-0.01,-9.58,35.83,-0.01,1,0,323.5,211.5,28.7,0.57,0.07,52.1,33.33,2.99,0.1,226.0,9.125
70.68,CARRY,35.38,-0.01,-9.58,35.85,-0.01,1,0,324.0,213.5,26.8,0.53,0.08,51.2,33.35,2.99,0.6,225.3,9.188
70.73,CARRY,35.38,-0.01,-9.58,35.88,-0.01,1,0,323.5,245.0,6.1,-0.1,0.07,52.2,33.38,2.99,33.3,202.7,9.188
70.78,CARRY,35.44,-0.01,-9.58,35.9,-0.01,1,0,324.0,213.5,26.8,0.53,0.08,52.7,33.4,2.99,0.6,225.5,9.188
70.84,CARRY,35.5,-0.01,-9.58,35.93,-0.01,1,0,323.0,215.0,25.2,0.5,0.06,53.2,33.43,2.99,0.3,226.1,9.125
70.89,CARRY,35.5,-0.01,-9.58,35.96,-0.01,1,0,324.0,213.5,26.8,0.53,0.08,50.5,33.46,2.99,0.5,225.5,9.188
70.94,CARRY,35.55,-0.01,-9.58,35.98,-0.01,1,0,323.0,215.0,25.2,0.5,0.06,50.9,33.48,2.99,0.4,226.3,9.062
70.99,CARRY,35.55,-0.01,-9.58,36.01,-0.01,1,0,324.0,214.0,26.3,0.52,0.08,50.6,33.51,2.99,0.6,225.4,9.125
71.05,CARRY,35.61,-0.01,-9.58,36.04,-0.01,1,0,323.0,215.5,24.7,0.49,0.06,53.8,33.54,2.99,0.3,226.0,9.125
71.1,CARRY,35.61,-0.01,-9.58,36.06,-0.01,1,0,324.0,214.0,26.3,0.52,0.08,50.1,33.56,2.99,0.6,225.4,9.125
71.15,CARRY,35.66,-0.01,-9.58,36.09,-0.01,1,0,323.0,215.5,24.7,0.49,0.06,54.5,33.59,2.99,0.3,226.1,9.125
71.21,CARRY,35.66,-0.01,-9.58,36.12,-0.01,1,0,324.0,214.0,26.3,0.52,0.08,52.2,33.62,2.99,0.5,225.5,9.188
71.26,CARRY,35.71,-0.01,-9.58,36.14,-0.01,1,0,323.0,215.5,24.7,0.49,0.06,54.8,33.64,2.99,0.3,226.0,9.125
71.32,CARRY,35.71,-0.01,-9.58,36.17,-0.01,1,0,324.0,214.0,26.3,0.52,0.08,51.4,33.67,2.99,0.6,225.4,9.125
71.37,CARRY,35.77,-0.01,-9.58,36.2,-0.01,1,0,322.5,215.0,25.1,0.5,0.05,49.8,33.7,2.99,0.8,226.7,9.125
71.42,CARRY,35.77,-0.01,-9.58,36.22,-0.01,1,0,324.0,214.0,26.3,0.52,0.08,50.5,33.72,2.99,0.5,225.5,9.188
71.47,CARRY,35.82,-0.01,-9.58,36.25,-0.01,1,0,322.5,215.5,24.6,0.49,0.05,51.8,33.75,2.99,0.8,226.4,9.125
71.53,CARRY,35.82,-0.01,-9.58,36.28,-0.01,1,0,324.0,214.0,26.3,0.52,0.08,49.8,33.78,2.99,0.6,225.5,9.188
71.58,CARRY,35.87,-0.01,-9.58,36.3,-0.01,1,0,322.5,215.5,24.6,0.49,0.05,49.8,33.8,2.99,0.8,226.4,9.188
71.63,CARRY,35.87,-0.01,-9.58,36.33,-0.01,1,0,324.0,214.0,26.3,0.52,0.08,51.1,33.83,2.99,0.5,225.5,9.188
71.68,CARRY,35.92,-0.01,-9.58,36.35,-0.01,1,0,322.5,215.5,24.6,0.49,0.05,52.3,33.85,2.99,0.8,226.4,9.25
71.73,CARRY,35.98,-0.01,-9.58,36.38,-0.01,1,0,323.5,217.0,23.3,0.46,0.07,51.3,33.88,2.99,0.4,225.6,9.25
71.79,CARRY,35.98,-0.01,-9.58,36.41,-0.01,1,0,323.5,215.5,24.7,0.49,0.07,50.9,33.91,2.99,0.2,225.7,9.25
71.84,CARRY,36.03,-0.02,-9.58,36.43,-0.01,1,0,323.5,217.0,23.3,0.46,0.07,50.2,33.93,2.99,0.4,225.6,9.25
71.89,CARRY,36.03,-0.02,-9.58,36.46,-0.01,1,0,323.5,215.5,24.7,0.49,0.07,47.9,33.96,2.99,0.2,225.7,9.25
71.94,CARRY,36.08,-0.02,-9.58,36.48,-0.01,1,0,323.5,217.0,23.3,0.46,0.07,51.0,33.98,2.99,0.3,225.7,9.188
71.99,CARRY,36.08,-0.02,-9.58,36.51,-0.01,1,0,323.5,215.5,24.7,0.49,0.07,52.2,34.01,2.99,0.1,225.9,9.188
72.04,CARRY,36.13,-0.02,-9.58,36.53,-0.01,1,0,323.5,217.0,23.3,0.46,0.07,49.4,34.03,2.99,0.3,225.7,9.125
72.09,CARRY,36.13,-0.02,-9.58,36.56,-0.01,1,0,323.5,215.5,24.7,0.49,0.07,50.7,34.06,2.99,0.1,225.8,9.125
72.15,CARRY,36.18,-0.02,-9.58,36.59,-0.01,1,0,323.5,217.0,23.3,0.46,0.07,49.3,34.09,2.99,0.2,225.7,9.125
72.2,CARRY,36.18,-0.02,-9.58,36.61,-0.01,1,0,323.5,215.5,24.7,0.49,0.07,51.8,34.11,2.99,0.1,225.9,9.125
72.25,CARRY,36.23,-0.02,-9.58,36.64,-0.01,1,0,323.5,217.0,23.3,0.46,0.07,49.3,34.14,2.99,0.3,225.6,9.125
72.3,CARRY,36.23,-0.02,-9.58,36.66,-0.01,1,0,323.5,215.0,25.2,0.5,0.07,49.8,34.16,2.99,0.3,226.2,9.062
72.35,CARRY,36.28,-0.02,-9.58,36.69,-0.01,1,0,323.5,217.0,23.3,0.46,0.07,53.5,34.19,2.99,0.3,225.6,9.062
72.41,CARRY,36.28,-0.02,-9.58,36.72,-0.01,1,0,323.5,215.0,25.2,0.5,0.07,51.0,34.22,2.99,0.2,226.1,9.062
72.46,CARRY,36.33,-0.02,-9.58,36.74,-0.01,1,0,323.5,216.5,23.8,0.47,0.07,50.5,34.24,2.99,0.1,225.8,9.0
72.51,CARRY,36.33,-0.02,-9.58,36.77,-0.01,1,0,323.5,215.0,25.2,0.5,0.07,51.5,34.27,2.99,0.2,226.0,9.0
72.56,CARRY,36.38,-0.02,-9.58,36.79,-0.01,1,0,323.5,216.0,24.3,0.48,0.07,49.3,34.29,2.99,0.3,226.1,9.0
72.61,CARRY,36.38,-0.02,-9.58,36.82,-0.01,1,0,323.5,215.0,25.2,0.5,0.07,50.1,34.32,2.99,0.3,225.9,9.0
72.66,CARRY,36.43,-0.02,-9.58,36.84,-0.01,1,0,323.5,216.0,24.3,0.48,0.07,52.0,34.34,2.99,0.2,226.0,8.938
72.72,CARRY,36.43,-0.02,-9.58,36.87,-0.01,1,0,323.5,215.0,25.2,0.5,0.07,48.6,34.37,2.99,0.4,225.8,8.938
72.77,CARRY,36.48,-0.02,-9.58,36.9,-0.01,1,0,323.5,216.0,24.3,0.48,0.07,49.1,34.4,2.99,0.0,225.9,8.875
72.82,CARRY,36.48,-0.02,-9.58,36.92,-0.01,1,0,324.0,214.5,25.8,0.51,0.08,53.7,34.42,2.99,0.3,225.8,8.938
72.87,CARRY,36.53,-0.02,-9.58,36.95,-0.01,1,0,323.5,216.0,24.3,0.48,0.07,50.6,34.45,2.99,0.2,225.8,8.875
72.92,CARRY,36.53,-0.02,-9.58,36.97,-0.01,1,0,324.0,214.5,25.8,0.51,0.08,51.8,34.47,2.99,0.3,225.6,9.0
72.98,CARRY,36.58,-0.02,-9.58,37.0,-0.01,1,0,323.5,216.0,24.3,0.48,0.07,50.6,34.5,2.99,0.3,225.7,8.812
73.03,CARRY,36.58,-0.02,-9.58,37.03,-0.01,1,0,324.0,214.0,26.3,0.52,0.08,49.1,34.53,2.99,0.4,225.9,8.875
73.08,CARRY,36.62,-0.02,-9.58,37.05,-0.01,1,0,323.5,215.5,24.7,0.49,0.07,48.6,34.55,2.99,0.1,226.0,8.812
73.13,CARRY,36.62,-0.02,-9.58,37.08,-0.01,1,0,323.5,214.0,26.2,0.52,0.07,51.6,34.58,2.99,0.2,226.1,8.812
73.18,CARRY,36.67,-0.02,-9.58,37.1,-0.01,1,0,323.5,215.5,24.7,0.49,0.07,49.9,34.6,2.99,0.0,225.9,8.688
73.23,CARRY,36.67,-0.02,-9.58,37.13,-0.01,1,0,323.5,214.0,26.2,0.52,0.07,49.2,34.63,2.99,0.2,226.0,8.75
73.28,CARRY,36.72,-0.02,-9.58,37.15,-0.01,1,0,323.5,215.5,24.7,0.49,0.07,50.0,34.65,2.99,0.1,225.8,8.625
73.33,CARRY,36.77,-0.02,-9.58,37.18,-0.01,1,0,323.0,217.0,23.2,0.46,0.06,52.8,34.68,2.99,0.3,225.9,8.625
73.39,CARRY,36.77,-0.02,-9.58,37.21,-0.01,1,0,323.5,215.0,25.2,0.5,0.07,50.8,34.71,2.99,0.3,226.0,8.625
73.44,CARRY,36.82,-0.02,-9.58,37.23,-0.01,1,0,323.0,216.5,23.7,0.47,0.06,49.8,34.73,2.99,0.2,226.1,8.688
73.49,CARRY,36.82,-0.02,-9.58,37.26,-0.01,1,0,323.5,215.0,25.2,0.5,0.07,48.3,34.76,2.99,0.2,225.9,8.688
73.54,CARRY,36.87,-0.01,-9.58,37.28,-0.01,1,0,323.0,216.5,23.7,0.47,0.06,53.1,34.78,2.99,0.2,226.1,8.688
73.59,CARRY,36.87,-0.01,-9.58,37.31,-0.01,1,0,323.5,215.0,25.2,0.5,0.07,49.9,34.81,2.99,0.1,225.8,8.688
73.64,CARRY,36.92,-0.01,-9.58,37.33,-0.01,1,0,323.0,216.5,23.7,0.47,0.06,48.4,34.83,2.99,0.2,225.9,8.75
73.69,CARRY,36.92,-0.01,-9.58,37.36,-0.01,1,0,323.5,215.0,25.2,0.5,0.07,52.2,34.86,2.99,0.1,225.8,8.75
73.75,CARRY,36.97,-0.01,-9.58,37.39,-0.01,1,0,323.0,216.0,24.2,0.48,0.06,52.0,34.89,2.99,0.3,226.2,8.688
73.8,CARRY,36.97,-0.01,-9.58,37.41,-0.01,1,0,323.5,215.0,25.2,0.5,0.07,52.7,34.91,2.99,0.3,225.6,8.688
73.85,CARRY,37.02,-0.01,-9.58,37.44,-0.01,1,0,323.0,216.0,24.2,0.48,0.06,50.5,34.94,2.99,0.2,226.1,8.688
73.91,CARRY,37.02,-0.01,-9.58,37.47,-0.01,1,0,323.5,214.5,25.7,0.51,0.07,48.6,34.97,2.99,0.2,225.9,8.688
73.96,CARRY,37.07,-0.01,-9.58,37.49,-0.01,1,0,323.0,216.0,24.2,0.48,0.06,49.5,34.99,2.99,0.2,226.0,8.688
74.01,CARRY,37.07,-0.01,-9.58,37.52,-0.01,1,0,323.5,214.5,25.7,0.51,0.07,52.4,35.02,2.99,0.2,225.8,8.75
74.06,CARRY,37.12,-0.01,-9.58,37.54,-0.01,1,0,323.0,216.0,24.2,0.48,0.06,49.5,35.04,2.99,0.2,225.9,8.688
74.11,CARRY,37.12,-0.01,-9.58,37.57,-0.01,1,0,323.5,214.5,25.7,0.51,0.07,53.4,35.07,2.99,0.2,225.7,8.688
74.16,CARRY,37.17,-0.01,-9.58,37.6,-0.01,1,0,323.0,215.5,24.7,0.49,0.06,49.4,35.1,2.99,0.2,226.1,8.688
74.22,CARRY,37.17,-0.01,-9.58,37.62,-0.01,1,0,323.0,214.0,26.2,0.52,0.06,49.4,35.12,2.99,0.4,226.2,8.688
74.27,CARRY,37.22,-0.01,-9.58,37.65,-0.01,1,0,323.0,215.5,24.7,0.49,0.06,51.5,35.15,2.99,0.1,226.0,8.688
74.32,CARRY,37.22,-0.01,-9.58,37.67,-0.01,1,0,323.0,214.0,26.2,0.52,0.06,51.2,35.17,2.99,0.3,226.1,8.75
74.37,CARRY,37.27,-0.01,-9.58,37.7,-0.01,1,0,323.0,215.5,24.7,0.49,0.06,50.1,35.2,2.99,0.2,225.8,8.75
74.42,CARRY,37.27,-0.01,-9.58,37.72,-0.01,1,0,323.0,214.0,26.2,0.52,0.06,49.8,35.22,2.99,0.3,226.0,8.75
74.47,CARRY,37.32,-0.01,-9.58,37.75,-0.01,1,0,323.0,215.0,25.2,0.5,0.06,54.1,35.25,2.99,0.3,226.1,8.688
74.53,CARRY,37.32,-0.01,-9.58,37.78,-0.01,1,0,323.0,214.0,26.2,0.52,0.06,50.2,35.28,2.99,0.4,225.8,8.75
74.58,CARRY,37.37,-0.01,-9.58,37.8,-0.01,1,0,323.0,215.0,25.2,0.5,0.06,54.5,35.3,2.99,0.1,226.0,8.688
74.63,CARRY,37.42,-0.01,-9.58,37.83,-0.01,1,0,323.0,216.0,24.2,0.48,0.06,52.9,35.33,2.99,0.3,226.0,8.688
74.69,CARRY,37.42,-0.01,-9.58,37.86,-0.01,1,0,323.0,215.0,25.2,0.5,0.06,51.8,35.36,2.99,0.3,225.7,8.75
74.74,CARRY,37.47,-0.01,-9.58,37.88,-0.01,1,0,323.0,216.0,24.2,0.48,0.06,49.8,35.38,2.99,0.2,225.9,8.688
74.79,CARRY,37.47,-0.01,-9.58,37.91,-0.01,1,0,323.0,214.5,25.7,0.51,0.06,49.7,35.41,2.99,0.2,226.1,8.688
74.84,CARRY,37.52,-0.01,-9.58,37.93,-0.01,1,0,323.0,216.0,24.2,0.48,0.06,51.2,35.43,2.99,0.1,225.8,8.688
74.9,CARRY,37.52,-0.01,-9.58,37.96,-0.01,1,0,323.0,214.5,25.7,0.51,0.06,50.9,35.46,2.99,0.1,226.0,8.75
74.95,CARRY,37.57,-0.01,-9.58,37.99,-0.01,1,0,323.0,216.0,24.2,0.48,0.06,50.1,35.49,2.99,0.1,225.8,8.812
75.0,CARRY,37.57,-0.01,-9.58,38.01,-0.01,1,0,323.0,214.5,25.7,0.51,0.06,50.8,35.51,2.99,0.1,225.9,8.75
