t_s,state,copter_n,copter_e,copter_d,rover_n,rover_e,in_fov,occluded,bbox_cx,bbox_cy,px_err,vx_cmd,vy_cmd,loop_ms,dist_n,dist_e,d_true_px,d_dist_px,carry_score
0.0,ACQUIRE,0.01,-0.01,-8.92,0.51,-0.01,1,0,,,,0.0,0.0,6.5,,,,,
0.05,ACQUIRE,0.01,-0.01,-9.03,0.67,-0.01,1,0,,,,0.0,0.0,1.6,,,,,
0.1,ACQUIRE,0.01,-0.01,-9.03,0.82,-0.01,1,0,,,,0.0,0.0,0.8,,,,,
0.15,ACQUIRE,0.01,-0.01,-9.13,0.97,-0.01,1,0,,,,0.0,0.0,1.5,,,,,
0.2,ACQUIRE,0.01,-0.01,-9.13,1.12,-0.01,1,0,,,,0.0,0.0,0.8,,,,,
0.25,ACQUIRE,0.01,-0.01,-9.23,1.27,-0.01,1,0,,,,0.0,0.0,1.5,,,,,
0.3,ACQUIRE,0.01,-0.01,-9.23,1.42,-0.01,1,0,,,,0.0,0.0,0.8,,,,,
0.35,ACQUIRE,0.01,-0.01,-9.32,1.57,-0.01,1,0,,,,1.21,0.15,2.7,,,,,
0.4,ACQUIRE,0.01,-0.01,-9.32,1.72,-0.01,1,0,,,,1.3,0.16,1.8,,,,,
0.45,ACQUIRE,0.01,-0.01,-9.4,1.87,-0.01,1,0,,,,1.33,0.17,2.4,,,,,
0.5,ACQUIRE,0.01,-0.01,-9.4,2.02,-0.01,1,0,,,,1.33,0.18,1.9,,,,,
0.55,ACQUIRE,0.01,-0.01,-9.46,2.17,-0.01,1,0,,,,1.32,0.18,2.3,,,,,
0.6,ACQUIRE,0.01,-0.01,-9.46,2.32,-0.01,1,0,,,,1.32,0.19,1.8,,,,,
0.65,ACQUIRE,0.01,-0.01,-9.52,2.47,-0.01,1,0,,,,1.31,0.18,2.3,,,,,
0.7,ACQUIRE,0.01,-0.01,-9.52,2.62,-0.01,1,0,,,,1.31,0.18,1.8,,,,,
0.75,ACQUIRE,0.02,-0.01,-9.57,2.77,-0.01,1,0,,,,1.29,0.18,2.5,,,,,
0.8,ACQUIRE,0.02,-0.01,-9.57,2.92,-0.01,1,0,,,,1.29,0.18,1.8,,,,,
0.85,ACQUIRE,0.04,-0.01,-9.6,3.07,-0.01,1,0,,,,2.861,0.163,2.4,,,,,
0.9,ACQUIRE,0.04,-0.01,-9.6,3.22,-0.01,1,0,,,,2.689,0.135,1.8,,,,,
0.95,ACQUIRE,0.08,-0.01,-9.63,3.37,-0.01,1,0,,,,1.94,0.044,2.5,,,,,
1.0,ACQUIRE,0.08,-0.01,-9.63,3.52,-0.01,1,0,,,,2.42,0.08,1.8,,,,,
1.05,ACQUIRE,0.13,-0.01,-9.65,3.67,-0.01,1,0,,,,2.28,0.356,2.4,,,,,
1.1,ACQUIRE,0.13,-0.01,-9.65,3.82,-0.01,1,0,,,,2.189,0.326,2.1,,,,,
1.15,ACQUIRE,0.2,-0.01,-9.65,3.97,-0.01,1,0,,,,2.081,0.324,2.7,,,,,
1.2,ACQUIRE,0.2,-0.01,-9.65,4.12,-0.01,1,0,,,,2.011,0.312,1.7,,,,,
1.25,ACQUIRE,0.3,-0.01,-9.65,4.27,-0.01,1,0,,,,1.884,0.284,2.3,,,,,
1.3,ACQUIRE,0.3,-0.01,-9.65,4.42,-0.01,1,0,,,,1.829,0.275,1.7,,,,,
1.35,ACQUIRE,0.42,-0.01,-9.65,4.57,-0.01,1,0,,,,2.978,0.267,2.3,,,,,
1.4,ACQUIRE,0.42,-0.01,-9.65,4.72,-0.01,1,0,,,,2.893,0.26,1.7,,,,,
1.45,ACQUIRE,0.55,-0.02,-9.65,4.87,-0.01,1,0,,,,2.744,0.243,2.2,,,,,
1.5,ACQUIRE,0.55,-0.02,-9.65,5.02,-0.01,1,0,,,,2.674,0.249,1.9,,,,,
1.55,ACQUIRE,0.71,-0.02,-9.64,5.17,-0.01,1,0,,,,2.531,0.248,2.4,,,,,
1.6,ACQUIRE,0.71,-0.02,-9.64,5.32,-0.01,1,0,,,,2.471,0.254,1.8,,,,,
1.65,ACQUIRE,0.89,-0.02,-9.63,5.47,-0.01,1,0,,,,2.328,0.253,2.4,,,,,
1.7,ACQUIRE,0.89,-0.02,-9.63,5.62,-0.01,1,0,,,,2.278,0.259,1.7,,,,,
1.75,ACQUIRE,1.08,-0.02,-9.63,5.77,-0.01,1,0,,,,2.125,0.26,2.5,,,,,
1.8,ACQUIRE,1.08,-0.02,-9.63,5.92,-0.01,1,0,,,,2.081,0.265,1.8,,,,,
1.85,ACQUIRE,1.29,-0.03,-9.62,6.07,-0.01,1,0,,,,2.774,0.366,2.5,,,,,
1.9,ACQUIRE,1.29,-0.03,-9.62,6.22,-0.01,1,0,,,,2.79,0.369,1.8,,,,,
1.95,ACQUIRE,1.51,-0.03,-9.62,6.37,-0.01,1,0,,,,2.708,0.358,2.4,,,,,
2.0,ACQUIRE,1.51,-0.03,-9.62,6.52,-0.01,1,0,,,,2.744,0.361,2.1,,,,,
2.05,ACQUIRE,1.74,-0.03,-9.61,6.67,-0.01,1,0,,,,2.666,0.36,2.1,,,,,
2.1,ACQUIRE,1.74,-0.03,-9.61,6.82,-0.01,1,0,,,,2.62,0.363,1.8,,,,,
2.15,ACQUIRE,1.97,-0.04,-9.61,6.97,-0.01,1,0,,,,2.455,0.344,2.3,,,,,
2.2,ACQUIRE,1.97,-0.04,-9.61,7.12,-0.01,1,0,,,,2.414,0.339,1.8,,,,,
2.25,ACQUIRE,2.2,-0.04,-9.61,7.27,-0.01,1,0,,,,2.258,0.321,2.4,,,,,
2.3,ACQUIRE,2.2,-0.04,-9.61,7.42,-0.01,1,0,,,,2.22,0.316,1.6,,,,,
2.35,ACQUIRE,2.45,-0.04,-9.61,7.57,-0.01,1,0,,,,3.266,0.429,6.6,,,,,
2.4,ACQUIRE,2.45,-0.04,-9.61,7.72,-0.01,1,0,,,,3.226,0.44,1.8,,,,,
2.45,ACQUIRE,2.69,-0.04,-9.61,7.87,-0.01,1,0,,,,3.059,0.414,2.3,,,,,
2.5,ACQUIRE,2.69,-0.04,-9.61,8.02,-0.01,1,0,,,,3.015,0.408,1.8,,,,,
2.55,ACQUIRE,2.94,-0.04,-9.61,8.18,-0.01,1,0,,,,2.852,0.392,2.4,,,,,
2.6,ACQUIRE,2.94,-0.04,-9.61,8.33,-0.01,1,0,,,,2.812,0.387,1.7,,,,,
2.65,ACQUIRE,3.18,-0.04,-9.61,8.48,-0.01,1,0,,,,2.653,0.364,2.4,,,,,
2.7,ACQUIRE,3.18,-0.04,-9.61,8.63,-0.01,1,0,,,,2.616,0.359,1.7,,,,,
2.75,ACQUIRE,3.43,-0.04,-9.61,8.78,-0.01,1,0,,,,2.463,0.338,2.5,,,,,
2.8,ACQUIRE,3.43,-0.04,-9.61,8.93,-0.01,1,0,,,,2.449,0.334,1.8,,,,,
2.85,ACQUIRE,3.68,-0.04,-9.61,9.08,-0.01,1,0,,,,3.55,0.473,2.3,,,,,
2.9,ACQUIRE,3.94,-0.03,-9.61,9.23,-0.01,1,0,,,,3.419,0.455,2.3,,,,,
2.95,ACQUIRE,3.94,-0.03,-9.61,9.38,-0.01,1,0,,,,3.419,0.452,1.8,,,,,
3.0,ACQUIRE,3.94,-0.03,-9.61,9.53,-0.01,1,0,,,,3.418,0.455,1.9,,,,,
3.05,ACQUIRE,4.2,-0.03,-9.61,9.68,-0.01,1,0,,,,3.288,0.438,2.5,,,,,
3.1,ACQUIRE,4.2,-0.03,-9.61,9.83,-0.01,1,0,,,,3.289,0.438,1.8,,,,,
3.15,ACQUIRE,4.46,-0.03,-9.61,9.98,-0.01,1,0,,,,3.158,0.421,2.4,,,,,
3.2,ACQUIRE,4.46,-0.03,-9.61,10.13,-0.01,1,0,,,,2.801,0.417,1.8,,,,,
3.25,ACQUIRE,4.73,-0.03,-9.62,10.28,-0.01,1,0,,,,2.673,0.405,2.4,,,,,
3.3,ACQUIRE,4.73,-0.03,-9.62,10.43,-0.01,1,0,,,,2.788,0.422,1.8,,,,,
3.35,ACQUIRE,5.0,-0.03,-9.62,10.58,-0.01,1,0,,,,3.804,0.559,2.4,,,,,
3.4,ACQUIRE,5.0,-0.03,-9.62,10.73,-0.01,1,0,,,,3.805,0.498,1.8,,,,,
3.45,ACQUIRE,5.29,-0.02,-9.62,10.88,-0.01,1,0,,,,3.661,0.485,2.3,,,,,
3.5,ACQUIRE,5.58,-0.02,-9.62,11.03,-0.01,1,0,,,,3.517,0.458,2.2,,,,,
3.56,ACQUIRE,5.58,-0.02,-9.62,11.18,-0.01,1,0,,,,3.517,0.458,1.8,,,,,
3.61,ACQUIRE,5.58,-0.02,-9.62,11.33,-0.01,1,0,,,,3.521,0.462,1.7,,,,,
3.66,ACQUIRE,5.87,-0.02,-9.62,11.48,-0.01,1,0,,,,3.374,0.44,2.3,,,,,
3.71,ACQUIRE,5.87,-0.02,-9.62,11.63,-0.01,1,0,,,,3.017,0.441,2.1,,,,,
3.76,ACQUIRE,6.18,-0.02,-9.62,11.78,-0.01,1,0,,,,2.864,0.426,2.4,,,,,
3.81,ACQUIRE,6.18,-0.02,-9.62,11.93,-0.01,1,0,,,,2.865,0.425,1.8,,,,,
3.86,ACQUIRE,6.49,-0.01,-9.63,12.08,-0.01,1,0,,,,3.962,0.55,2.4,,,,,
3.91,ACQUIRE,6.49,-0.01,-9.63,12.23,-0.01,1,0,,,,3.963,0.545,1.8,,,,,
3.96,ACQUIRE,6.81,-0.01,-9.63,12.38,-0.01,1,0,,,,3.962,0.548,2.2,,,,,
4.01,ACQUIRE,7.14,-0.01,-9.63,12.53,-0.01,1,0,,,,3.825,0.517,2.4,,,,,
4.06,ACQUIRE,7.14,-0.01,-9.63,12.68,-0.01,1,0,,,,3.825,0.514,1.7,,,,,
4.11,ACQUIRE,7.46,-0.01,-9.63,12.83,-0.01,1,0,,,,3.676,0.487,2.2,,,,,
4.16,ACQUIRE,7.46,-0.01,-9.63,12.98,-0.01,1,0,,,,3.676,0.483,1.8,,,,,
4.21,ACQUIRE,7.8,-0.0,-9.63,13.13,-0.01,1,0,,,,3.197,0.42,2.3,,,,,
4.26,ACQUIRE,7.8,-0.0,-9.63,13.28,-0.01,1,0,,,,3.172,0.417,1.7,,,,,
4.31,ACQUIRE,7.8,-0.0,-9.63,13.43,-0.01,1,0,,,,3.142,0.413,1.7,,,,,
4.36,ACQUIRE,8.13,-0.0,-9.63,13.58,-0.01,1,0,,,,3.966,0.523,2.2,,,,,
4.41,ACQUIRE,8.13,-0.0,-9.63,13.73,-0.01,1,0,,,,3.966,0.52,1.8,,,,,
4.46,ACQUIRE,8.48,0.0,-9.63,13.88,-0.01,1,0,,,,3.967,0.51,2.4,,,,,
4.51,ACQUIRE,8.48,0.0,-9.63,14.03,-0.01,1,0,,,,3.967,0.51,2.2,,,,,
4.56,ACQUIRE,8.83,0.0,-9.63,14.18,-0.01,1,0,,,,3.968,0.503,2.4,,,,,
4.61,ACQUIRE,9.17,0.01,-9.63,14.33,-0.01,1,0,,,,3.806,0.484,2.4,,,,,
4.66,ACQUIRE,9.17,0.01,-9.63,14.48,-0.01,1,0,,,,3.806,0.484,5.9,,,,,
4.71,ACQUIRE,9.53,0.01,-9.63,14.63,-0.01,1,0,,,,3.122,0.406,2.4,,,,,
4.76,ACQUIRE,9.53,0.01,-9.63,14.78,-0.01,1,0,,,,3.118,0.399,1.7,,,,,
4.81,ACQUIRE,9.89,0.01,-9.64,14.93,-0.01,1,0,,,,2.949,0.379,2.4,,,,,
4.86,ACQUIRE,9.89,0.01,-9.64,15.08,-0.01,1,0,,,,3.967,0.512,1.8,,,,,
4.91,ACQUIRE,10.25,0.01,-9.64,15.23,-0.01,1,0,,,,3.967,0.513,2.6,,,,,
4.96,ACQUIRE,10.25,0.01,-9.64,15.39,-0.01,1,0,,,,3.967,0.513,1.7,,,,,
5.01,ACQUIRE,10.25,0.01,-9.64,15.54,-0.01,1,0,,,,3.967,0.514,1.8,,,,,
5.06,ACQUIRE,10.62,0.01,-9.64,15.69,-0.01,1,0,,,,3.876,0.498,2.3,,,,,
5.11,ACQUIRE,10.62,0.01,-9.64,15.84,-0.01,1,0,,,,3.875,0.499,1.7,,,,,
5.16,ACQUIRE,10.99,0.01,-9.64,15.99,-0.01,1,0,,,,3.693,0.472,2.3,,,,,
5.21,ACQUIRE,11.36,0.01,-9.64,16.14,-0.01,1,0,,,,2.947,0.378,2.4,,,,,
5.26,ACQUIRE,11.36,0.01,-9.64,16.29,-0.01,1,0,,,,2.949,0.378,1.8,,,,,
5.31,ACQUIRE,11.73,0.01,-9.64,16.44,-0.01,1,0,,,,2.761,0.357,2.4,,,,,
5.36,ACQUIRE,11.73,0.01,-9.64,16.59,-0.01,1,0,,,,3.969,0.497,1.7,,,,,
5.41,ACQUIRE,12.11,0.01,-9.64,16.74,-0.01,1,0,,,,3.968,0.505,2.5,,,,,
5.46,ACQUIRE,12.11,0.01,-9.64,16.89,-0.01,1,0,,,,3.968,0.505,1.7,,,,,
5.51,ACQUIRE,12.48,0.01,-9.64,17.04,-0.01,1,0,,,,3.897,0.491,2.5,,,,,
5.56,ACQUIRE,12.48,0.01,-9.64,17.19,-0.01,1,0,,,,3.897,0.491,1.7,,,,,
5.61,ACQUIRE,12.48,0.01,-9.64,17.34,-0.01,1,0,,,,3.896,0.491,1.8,,,,,
5.66,ACQUIRE,12.85,0.01,-9.64,17.49,-0.01,1,0,,,,3.714,0.464,2.4,,,,,
5.71,ACQUIRE,12.85,0.01,-9.64,17.64,-0.01,1,0,,,,3.131,0.39,1.7,,,,,
5.76,ACQUIRE,13.22,0.01,-9.64,17.79,-0.01,1,0,,,,2.942,0.371,2.3,,,,,
5.81,ACQUIRE,13.6,0.01,-9.64,17.94,-0.01,1,0,,,,2.765,0.348,2.3,,,,,
5.86,ACQUIRE,13.6,0.01,-9.64,18.09,-0.01,1,0,,,,3.969,0.499,1.7,,,,,
5.91,ACQUIRE,13.98,0.01,-9.64,18.24,-0.01,1,0,,,,3.968,0.501,2.1,,,,,
5.96,ACQUIRE,13.98,0.01,-9.64,18.39,-0.01,1,0,,,,3.969,0.5,1.8,,,,,
6.01,ACQUIRE,14.35,0.01,-9.64,18.54,-0.01,1,0,,,,3.969,0.497,2.3,,,,,
6.06,ACQUIRE,14.35,0.01,-9.64,18.69,-0.01,1,0,,,,3.967,0.51,1.7,,,,,
6.11,ACQUIRE,14.72,0.01,-9.64,18.84,-0.01,1,0,,,,3.922,0.496,2.5,,,,,
6.16,ACQUIRE,14.72,0.01,-9.64,18.99,-0.01,1,0,,,,3.922,0.496,1.8,,,,,
6.21,ACQUIRE,15.09,0.0,-9.64,19.14,-0.01,1,0,,,,3.08,0.404,2.5,,,,,
6.26,ACQUIRE,15.09,0.0,-9.64,19.29,-0.01,1,0,,,,3.08,0.404,1.8,,,,,
6.31,ACQUIRE,15.09,0.0,-9.64,19.44,-0.01,1,0,,,,3.077,0.4,1.8,,,,,
6.36,ACQUIRE,15.47,0.0,-9.64,19.59,-0.01,1,0,,,,3.969,0.495,2.2,,,,,
6.41,ACQUIRE,15.85,0.0,-9.64,19.74,-0.01,1,0,,,,3.923,0.483,2.2,,,,,
6.46,ACQUIRE,15.85,0.0,-9.64,19.89,-0.01,1,0,,,,3.97,0.488,2.2,,,,,
6.51,ACQUIRE,16.23,0.0,-9.64,20.04,-0.01,1,0,,,,3.87,0.487,2.5,,,,,
6.56,ACQUIRE,16.23,0.0,-9.64,20.19,-0.01,1,0,,,,3.946,0.494,1.8,,,,,
6.61,ACQUIRE,16.61,0.0,-9.64,20.34,-0.01,1,0,,,,3.825,0.475,2.4,,,,,
6.66,ACQUIRE,16.61,0.0,-9.64,20.49,-0.01,1,0,,,,3.873,0.483,1.7,,,,,
6.71,ACQUIRE,16.99,0.0,-9.65,20.64,-0.01,1,0,,,,3.031,0.378,2.3,,,,,
6.76,ACQUIRE,16.99,0.0,-9.65,20.79,-0.01,1,0,,,,3.031,0.378,1.6,,,,,
6.81,ACQUIRE,17.37,0.0,-9.65,20.94,-0.01,1,0,,,,2.842,0.36,2.4,,,,,
6.86,ACQUIRE,17.37,0.0,-9.65,21.09,-0.01,1,0,,,,3.824,0.48,1.7,,,,,
6.91,ACQUIRE,17.76,0.0,-9.65,21.24,-0.01,1,0,,,,3.71,0.47,2.6,,,,,
6.96,ACQUIRE,17.76,0.0,-9.65,21.39,-0.01,1,0,,,,3.775,0.477,5.9,,,,,
7.01,ACQUIRE,18.14,-0.0,-9.65,21.54,-0.01,1,0,,,,3.655,0.465,2.5,,,,,
7.06,ACQUIRE,18.14,-0.0,-9.65,21.69,-0.01,1,0,,,,3.726,0.472,1.8,,,,,
7.11,ACQUIRE,18.52,-0.0,-9.65,21.84,-0.01,1,0,,,,3.605,0.46,2.5,,,,,
7.16,ACQUIRE,18.52,-0.0,-9.65,21.99,-0.01,1,0,,,,3.665,0.467,1.8,,,,,
7.21,ACQUIRE,18.9,-0.0,-9.65,22.14,-0.01,1,0,,,,2.95,0.37,2.5,,,,,
7.26,ACQUIRE,18.9,-0.0,-9.65,22.29,-0.01,1,0,,,,3.016,0.375,1.6,,,,,
7.31,ACQUIRE,19.28,-0.0,-9.65,22.44,-0.01,1,0,,,,2.845,0.363,2.5,,,,,
7.36,ACQUIRE,19.28,-0.0,-9.65,22.59,-0.01,1,0,,,,3.977,0.429,1.7,,,,,
7.41,ACQUIRE,19.66,-0.0,-9.65,22.74,-0.01,1,0,,,,3.978,0.422,2.5,,,,,
7.46,ACQUIRE,19.66,-0.0,-9.65,22.89,-0.01,1,0,,,,3.978,0.422,1.8,,,,,
7.51,ACQUIRE,20.03,-0.0,-9.65,23.04,-0.01,1,0,,,,3.976,0.439,2.4,,,,,
7.56,ACQUIRE,20.03,-0.0,-9.65,23.19,-0.01,1,0,,,,3.975,0.446,1.7,,,,,
7.61,ACQUIRE,20.4,-0.0,-9.65,23.34,-0.01,1,0,,,,3.862,0.432,2.2,,,,,
7.66,ACQUIRE,20.4,-0.0,-9.65,23.49,-0.01,1,0,,,,3.863,0.438,1.7,,,,,
7.71,ACQUIRE,20.76,-0.01,-9.65,23.64,-0.01,1,0,,,,2.987,0.337,2.3,,,,,
7.76,ACQUIRE,20.76,-0.01,-9.65,23.8,-0.01,1,0,,,,2.985,0.34,1.9,,,,,
7.81,ACQUIRE,21.13,-0.01,-9.65,23.95,-0.01,1,0,,,,2.802,0.335,2.3,,,,,
7.86,ACQUIRE,21.13,-0.01,-9.65,24.1,-0.01,1,0,,,,3.977,0.432,1.7,,,,,
7.91,ACQUIRE,21.5,-0.01,-9.65,24.25,-0.01,1,0,,,,3.977,0.431,2.6,,,,,
7.96,ACQUIRE,21.5,-0.01,-9.65,24.4,-0.01,1,0,,,,3.977,0.431,1.8,,,,,
8.01,ACQUIRE,21.87,-0.01,-9.65,24.55,-0.01,1,0,,,,3.976,0.441,2.5,,,,,
8.06,ACQUIRE,21.87,-0.01,-9.65,24.7,-0.01,1,0,,,,3.976,0.441,1.7,,,,,
8.11,ACQUIRE,22.25,-0.02,-9.65,24.85,-0.01,1,0,,,,3.808,0.412,2.5,,,,,
8.16,ACQUIRE,22.25,-0.02,-9.65,25.0,-0.01,1,0,,,,3.804,0.419,1.7,,,,,
8.21,ACQUIRE,22.62,-0.02,-9.65,25.15,-0.01,1,0,,,,2.94,0.321,2.5,,,,,
8.26,ACQUIRE,22.62,-0.02,-9.65,25.3,-0.01,1,0,,,,2.911,0.323,1.8,,,,,
8.31,ACQUIRE,23.0,-0.02,-9.65,25.45,-0.01,1,0,,,,2.676,0.313,2.5,,,,,
8.36,ACQUIRE,23.0,-0.02,-9.65,25.6,-0.01,1,0,,,,3.977,0.427,1.8,,,,,
8.41,ACQUIRE,23.38,-0.03,-9.65,25.75,-0.01,1,0,,,,3.978,0.418,2.5,,,,,
8.46,ACQUIRE,23.38,-0.03,-9.65,25.9,-0.01,1,0,,,,3.978,0.421,1.8,,,,,
8.51,ACQUIRE,23.76,-0.04,-9.65,26.05,-0.01,1,0,,,,3.785,0.407,2.5,,,,,
8.56,ACQUIRE,23.76,-0.04,-9.65,26.2,-0.01,1,0,,,,3.783,0.402,1.8,,,,,
8.61,ACQUIRE,24.13,-0.04,-9.65,26.35,-0.01,1,0,,,,3.603,0.372,2.5,,,,,
8.66,ACQUIRE,24.13,-0.04,-9.65,26.5,-0.01,1,0,,,,3.603,0.38,1.8,,,,,
8.71,ACQUIRE,24.51,-0.05,-9.65,26.65,-0.01,1,0,,,,2.886,0.309,2.5,,,,,
8.76,ACQUIRE,24.51,-0.05,-9.65,26.8,-0.01,1,0,,,,2.855,0.323,1.8,,,,,
8.81,ACQUIRE,24.88,-0.05,-9.65,26.95,-0.01,1,0,,,,2.641,0.303,2.6,,,,,
8.86,ACQUIRE,24.88,-0.05,-9.65,27.1,-0.01,1,0,,,,3.974,0.456,1.9,,,,,
8.91,ACQUIRE,25.25,-0.06,-9.65,27.25,-0.01,1,0,,,,3.958,0.452,2.4,,,,,
8.96,ACQUIRE,25.25,-0.06,-9.65,27.4,-0.01,1,0,,,,3.742,0.41,1.8,,,,,
9.01,ACQUIRE,25.62,-0.07,-9.65,27.55,-0.01,1,0,,,,3.536,0.39,2.5,,,,,
9.06,ACQUIRE,25.62,-0.07,-9.65,27.7,-0.01,1,0,,,,3.538,0.388,1.7,,,,,
9.11,ACQUIRE,25.98,-0.07,-9.65,27.85,-0.01,1,0,,,,3.36,0.365,2.4,,,,,
9.16,ACQUIRE,25.98,-0.07,-9.65,28.0,-0.01,1,0,,,,3.361,0.371,1.8,,,,,
9.21,CARRY,26.33,-0.08,-9.65,28.15,-0.01,1,0,,,,3.202,0.724,601.8,,,,,
9.82,CARRY,28.43,-0.12,-9.65,29.96,-0.01,1,0,337.0,154.0,87.7,1.72,0.34,56.2,,,,,9.438
9.87,CARRY,28.43,-0.12,-9.65,30.13,-0.01,1,0,338.0,144.0,97.7,1.92,0.36,48.4,,,,,9.625
9.92,CARRY,28.78,-0.13,-9.65,30.28,-0.01,1,0,337.5,155.0,86.8,1.7,0.35,54.3,,,,,9.625
9.98,CARRY,28.78,-0.13,-9.65,30.45,-0.01,1,0,339.0,145.5,96.4,1.89,0.38,47.7,,,,,9.938
10.03,CARRY,29.12,-0.13,-9.65,30.6,-0.01,1,0,338.0,157.0,84.9,1.66,0.36,54.8,,,,,10.125
10.08,CARRY,29.12,-0.13,-9.65,30.77,-0.01,1,0,339.0,147.5,94.4,1.85,0.38,47.8,,,,,10.125
10.13,CARRY,29.46,-0.14,-9.65,30.92,-0.01,1,0,337.5,158.0,83.8,1.64,0.35,54.4,,,,,10.125
10.19,CARRY,29.46,-0.14,-9.65,31.08,-0.01,1,0,339.0,148.5,93.5,1.83,0.38,47.7,,,,,10.0
10.24,CARRY,29.79,-0.14,-9.65,31.23,-0.01,1,0,337.5,158.5,83.4,1.63,0.35,54.1,,,,,10.125
10.3,CARRY,29.79,-0.14,-9.65,31.4,-0.01,1,0,338.5,149.5,92.4,1.81,0.37,48.4,,,,,10.062
10.35,CARRY,30.11,-0.13,-9.65,31.55,-0.01,1,0,336.5,158.5,83.2,1.63,0.33,55.3,,,,,10.125
10.4,CARRY,30.11,-0.13,-9.65,31.72,-0.01,1,0,338.5,149.5,92.4,1.81,0.37,48.4,,,,,10.062
10.45,CARRY,30.41,-0.13,-9.65,31.87,-0.01,1,0,336.5,158.0,83.6,1.64,0.33,54.7,,,,,10.188
10.51,CARRY,30.69,-0.12,-9.65,32.04,-0.01,1,0,335.5,164.0,77.6,1.52,0.31,48.5,,,,,10.25
10.56,CARRY,30.69,-0.12,-9.65,32.19,-0.01,1,0,336.5,156.0,85.6,1.68,0.33,53.8,,,,,10.25
10.61,CARRY,30.95,-0.11,-9.65,32.35,-0.01,1,0,335.5,161.0,80.5,1.58,0.31,49.0,,,,,10.312
10.66,CARRY,30.95,-0.11,-9.65,32.5,-0.01,1,0,336.5,153.0,88.6,1.74,0.33,53.5,,,,,10.312
10.72,CARRY,31.19,-0.1,-9.65,32.66,-0.01,1,0,335.5,157.0,84.4,1.66,0.31,48.6,,,,,10.312
10.77,CARRY,31.19,-0.1,-9.65,32.82,-0.01,1,0,336.5,147.0,94.5,1.86,0.33,53.5,,,,,10.438
10.82,CARRY,31.41,-0.09,-9.65,32.98,-0.01,1,0,335.5,152.0,89.4,1.76,0.31,48.3,,,,,10.312
10.87,CARRY,31.41,-0.09,-9.65,33.13,-0.01,1,0,336.5,143.0,98.4,1.94,0.33,54.4,,,,,10.375
10.93,CARRY,31.62,-0.08,-9.65,33.29,-0.01,1,0,335.5,146.0,95.3,1.88,0.31,49.1,,,,,10.5
10.98,CARRY,31.62,-0.08,-9.65,33.45,-0.01,1,0,336.5,136.5,104.8,2.07,0.33,54.2,,,,,10.312
11.03,CARRY,31.83,-0.07,-9.65,33.61,-0.01,1,0,335.5,139.0,102.2,2.02,0.31,48.9,,,,,10.125
11.08,CARRY,31.83,-0.07,-9.65,33.76,-0.01,1,0,336.5,130.5,110.7,2.19,0.33,53.4,,,,,10.188
11.14,CARRY,32.02,-0.06,-9.65,33.92,-0.01,1,0,335.5,132.0,109.1,2.16,0.31,48.5,,,,,10.0
11.19,CARRY,32.02,-0.06,-9.65,34.07,-0.01,1,0,336.5,123.5,117.7,2.33,0.33,54.1,,,,,10.0
11.24,CARRY,32.22,-0.05,-9.65,34.24,-0.01,1,0,336.5,125.5,115.7,2.29,0.33,48.7,,,,,9.875
11.29,CARRY,32.22,-0.05,-9.65,34.39,-0.01,1,0,338.0,119.0,122.3,2.42,0.36,54.4,,,,,10.0
11.35,CARRY,32.42,-0.04,-9.65,34.56,-0.01,1,0,336.5,120.0,121.1,2.4,0.33,48.8,,,,,10.0
11.4,CARRY,32.42,-0.04,-9.65,34.71,-0.01,1,0,337.5,115.5,125.7,2.49,0.35,53.3,,,,,10.0
11.45,CARRY,32.62,-0.03,-9.65,34.87,-0.01,1,0,336.5,117.0,124.1,2.46,0.33,48.5,,,,,10.125
11.5,CARRY,32.62,-0.03,-9.65,35.02,-0.01,1,0,337.5,112.5,128.7,2.55,0.35,53.2,,,,,10.062
11.56,CARRY,32.83,-0.02,-9.65,35.18,-0.01,1,0,337.0,114.0,127.1,2.52,0.34,48.3,,,,,10.188
11.61,CARRY,32.83,-0.02,-9.65,35.33,-0.01,1,0,337.5,109.5,131.7,2.61,0.35,54.8,,,,,10.188
11.66,CARRY,33.04,-0.01,-9.65,35.5,-0.01,1,0,337.5,111.0,130.2,2.58,0.35,48.5,,,,,10.25
11.71,CARRY,33.26,-0.01,-9.65,35.65,-0.01,1,0,336.5,113.0,128.1,2.54,0.33,54.6,,,,,10.062
11.77,CARRY,33.26,-0.01,-9.65,35.82,-0.01,1,0,337.0,108.0,133.1,2.64,0.34,47.9,,,,,10.062
11.82,CARRY,33.49,-0.0,-9.65,35.97,-0.01,1,0,336.5,110.0,131.0,2.6,0.33,54.7,,,,,10.188
11.87,CARRY,33.49,-0.0,-9.65,36.13,-0.01,1,0,337.0,105.5,135.6,2.69,0.34,48.7,,,,,10.0
11.92,CARRY,33.72,0.0,-9.65,36.28,-0.01,1,0,337.0,108.0,133.1,2.64,0.34,54.3,,,,,9.938
11.98,CARRY,33.72,0.0,-9.65,36.45,-0.01,1,0,337.5,103.0,138.1,2.74,0.35,47.7,,,,,9.875
12.03,CARRY,33.96,0.0,-9.65,36.6,-0.01,1,0,337.0,105.5,135.6,2.69,0.34,54.4,,,,,9.812
12.08,CARRY,33.96,0.0,-9.65,36.77,-0.01,1,0,337.0,101.0,140.0,2.78,0.34,47.8,,,,,9.75
12.13,CARRY,34.21,0.01,-9.65,36.92,-0.01,1,0,336.5,103.5,137.5,2.73,0.33,54.2,,,,,9.875
12.19,CARRY,34.21,0.01,-9.65,37.08,-0.01,1,0,337.0,99.0,142.0,2.82,0.34,47.8,,,,,10.0
12.24,CARRY,34.46,0.01,-9.65,37.23,-0.01,1,0,337.0,101.5,139.5,2.77,0.34,54.6,,,,,10.0
12.3,CARRY,34.46,0.01,-9.65,37.4,-0.01,1,0,337.5,97.0,144.1,2.86,0.35,49.1,,,,,10.25
12.35,CARRY,34.71,0.01,-9.65,37.55,-0.01,1,0,337.0,99.5,141.5,2.81,0.34,55.0,,,,,10.062
12.4,CARRY,34.71,0.01,-9.65,37.72,-0.01,1,0,337.5,95.0,146.1,2.9,0.35,48.2,,,,,10.25
12.45,CARRY,34.96,0.01,-9.65,37.87,-0.01,1,0,337.5,98.0,143.1,2.84,0.35,54.5,,,,,10.312
12.51,CARRY,34.96,0.01,-9.65,38.03,-0.01,1,0,338.0,93.0,148.1,2.94,0.36,47.8,,,,,10.312
12.56,CARRY,35.22,0.01,-9.65,38.19,-0.01,1,0,337.5,96.5,144.6,2.87,0.35,54.2,,,,,10.25
12.61,CARRY,35.49,0.01,-9.65,38.35,-0.01,1,0,337.0,99.0,142.0,2.82,0.34,48.9,,,,,10.062
12.66,CARRY,35.49,0.01,-9.65,38.5,-0.01,1,0,337.5,94.5,146.5,2.91,0.35,53.5,,,,,10.312
12.72,CARRY,35.76,0.01,-9.65,38.66,-0.01,1,0,337.0,97.5,143.5,2.85,0.34,48.5,,,,,10.188
12.77,CARRY,35.76,0.01,-9.65,38.81,-0.01,1,0,337.0,93.5,147.5,2.93,0.34,54.3,,,,,10.25
12.82,CARRY,36.03,0.01,-9.65,38.98,-0.01,1,0,337.5,96.5,144.6,2.87,0.35,48.6,,,,,10.25
12.87,CARRY,36.03,0.01,-9.65,39.13,-0.01,1,0,338.0,92.0,149.1,2.96,0.36,54.2,,,,,10.375
12.93,CARRY,36.3,0.01,-9.65,39.3,-0.01,1,0,337.5,94.5,146.5,2.91,0.35,48.6,,,,,10.375
12.98,CARRY,36.3,0.01,-9.65,39.45,-0.01,1,0,338.0,91.0,150.1,2.98,0.36,53.4,,,,,10.312
13.03,CARRY,36.57,0.01,-9.65,39.61,-0.01,1,0,337.5,94.0,147.0,2.92,0.35,48.6,,,,,10.312
13.08,CARRY,36.57,0.01,-9.65,39.76,-0.01,1,0,338.0,90.0,151.1,3.0,0.36,55.0,,,,,10.312
13.14,CARRY,36.85,0.01,-9.65,39.93,-0.01,1,0,338.0,93.0,148.1,2.94,0.36,48.7,,,,,10.375
13.19,CARRY,36.85,0.01,-9.65,40.08,-0.01,1,0,338.5,88.5,152.6,3.03,0.37,53.8,,,,,10.375
13.24,CARRY,37.13,0.01,-9.65,40.24,-0.01,1,0,338.0,92.0,149.1,2.96,0.36,48.3,,,,,10.375
13.29,CARRY,37.13,0.01,-9.65,40.39,-0.01,1,0,338.5,87.5,153.6,3.05,0.37,54.3,,,,,10.438
13.35,CARRY,37.41,0.01,-9.65,40.56,-0.01,1,0,338.0,91.0,150.1,2.98,0.36,48.7,,,,,10.375
13.4,CARRY,37.41,0.01,-9.65,40.71,-0.01,1,0,338.5,86.5,154.6,3.07,0.37,53.4,,,,,10.438
13.45,CARRY,37.7,0.01,-9.65,40.87,-0.01,1,0,339.0,90.0,151.2,3.0,0.38,49.0,,,,,10.312
13.5,CARRY,37.7,0.01,-9.65,41.02,-0.01,1,0,339.5,86.0,155.2,3.08,0.39,53.5,,,,,10.375
13.56,CARRY,37.98,0.01,-9.65,41.18,-0.01,1,0,338.5,89.5,151.6,3.01,0.37,48.4,,,,,10.25
13.61,CARRY,37.98,0.01,-9.65,41.33,-0.01,1,0,339.0,85.0,156.2,3.1,0.38,54.2,,,,,10.438
13.66,CARRY,38.27,0.0,-9.65,41.5,-0.01,1,0,338.5,88.5,152.6,3.03,0.37,48.4,,,,,10.125
13.71,CARRY,38.56,0.01,-9.65,41.65,-0.01,1,0,338.0,92.5,148.6,2.95,0.36,54.1,,,,,10.188
13.77,CARRY,38.56,0.01,-9.65,41.81,-0.01,1,0,338.5,88.0,153.1,3.04,0.37,47.7,,,,,10.25
13.82,CARRY,38.85,0.01,-9.65,41.96,-0.01,1,0,338.0,92.0,149.1,2.96,0.36,54.5,,,,,10.25
13.87,CARRY,38.85,0.01,-9.65,42.13,-0.01,1,0,338.5,87.5,153.6,3.05,0.37,48.5,,,,,10.25
13.92,CARRY,39.15,0.01,-9.65,42.28,-0.01,1,0,338.0,91.5,149.6,2.97,0.36,54.6,,,,,10.062
13.98,CARRY,39.15,0.01,-9.65,42.45,-0.01,1,0,339.0,86.5,154.7,3.07,0.38,48.1,,,,,10.188
14.03,CARRY,39.45,0.01,-9.65,42.6,-0.01,1,0,338.0,91.0,150.1,2.98,0.36,54.2,,,,,10.062
14.08,CARRY,39.45,0.01,-9.65,42.76,-0.01,1,0,339.5,86.0,155.2,3.08,0.39,47.5,,,,,10.125
14.13,CARRY,39.74,0.01,-9.65,42.91,-0.01,1,0,338.5,90.5,150.6,2.99,0.37,54.9,,,,,10.062
14.19,CARRY,39.74,0.01,-9.65,43.08,-0.01,1,0,339.0,85.5,155.7,3.09,0.38,48.0,,,,,10.25
14.24,CARRY,40.05,0.01,-9.65,43.23,-0.01,1,0,339.0,90.0,151.2,3.0,0.38,53.8,,,,,10.0
14.29,CARRY,40.05,0.01,-9.65,43.4,-0.01,1,0,339.0,85.0,156.2,3.1,0.38,48.5,,,,,10.312
14.34,CARRY,40.35,0.01,-9.65,43.55,-0.01,1,0,338.5,89.5,151.6,3.01,0.37,54.0,,,,,10.0
14.4,CARRY,40.35,0.01,-9.65,43.71,-0.01,1,0,339.0,84.5,156.7,3.11,0.38,47.4,,,,,10.25
14.45,CARRY,40.65,0.01,-9.65,43.86,-0.01,1,0,338.5,89.0,152.1,3.02,0.37,54.0,,,,,10.062
14.5,CARRY,40.65,0.01,-9.65,44.03,-0.01,1,0,339.0,84.5,156.7,3.11,0.38,47.9,,,,,10.188
14.55,CARRY,40.95,0.01,-9.65,44.18,-0.01,1,0,338.5,88.5,152.6,3.03,0.37,54.7,,,,,10.125
14.61,CARRY,41.25,0.01,-9.65,44.35,-0.01,1,0,338.0,92.5,148.6,2.95,0.36,49.1,,,,,10.125
14.66,CARRY,41.25,0.01,-9.65,44.5,-0.01,1,0,338.5,88.0,153.1,3.04,0.37,53.4,,,,,10.25
14.72,CARRY,41.55,0.01,-9.65,44.66,-0.01,1,0,338.0,92.0,149.1,2.96,0.36,48.7,,,,,10.25
14.77,CARRY,41.55,0.01,-9.65,44.81,-0.01,1,0,338.5,88.0,153.1,3.04,0.37,53.9,,,,,10.312
14.82,CARRY,41.86,0.01,-9.65,44.97,-0.01,1,0,338.0,92.0,149.1,2.96,0.36,48.6,,,,,10.188
14.87,CARRY,41.86,0.01,-9.65,45.12,-0.01,1,0,338.5,87.5,153.6,3.05,0.37,48.7,,,,,10.25
14.92,CARRY,42.16,0.01,-9.65,45.27,-0.01,1,0,338.0,92.0,149.1,2.96,0.36,50.4,,,,,10.062
14.97,CARRY,42.16,0.01,-9.65,45.43,-0.01,1,0,338.5,87.5,153.6,3.05,0.37,48.4,,,,,10.125
15.02,CARRY,42.47,0.01,-9.65,45.58,-0.01,1,0,338.0,92.0,149.1,2.96,0.36,49.2,,,,,9.812
15.07,CARRY,42.47,0.01,-9.65,45.73,-0.01,1,0,338.5,87.5,153.6,3.05,0.37,49.4,,,,,9.938
15.12,CARRY,42.77,0.01,-9.65,45.88,-0.01,1,0,338.0,92.0,149.1,2.96,0.36,49.9,,,,,9.812
15.17,CARRY,42.77,0.01,-9.65,46.03,-0.01,1,0,338.5,87.5,153.6,3.05,0.37,49.9,,,,,9.875
15.22,CARRY,43.07,0.01,-9.65,46.19,-0.01,1,0,338.0,92.0,149.1,2.96,0.36,49.1,,,,,9.688
15.27,CARRY,43.07,0.01,-9.65,46.34,-0.01,1,0,338.5,87.5,153.6,3.05,0.37,50.5,,,,,9.75
15.33,CARRY,43.38,0.01,-9.65,46.49,-0.01,1,0,338.0,92.0,149.1,2.96,0.36,49.1,,,,,9.688
15.38,CARRY,43.38,0.01,-9.65,46.64,-0.01,1,0,338.5,87.5,153.6,3.05,0.37,49.3,,,,,9.688
15.43,CARRY,43.68,0.01,-9.65,46.79,-0.01,1,0,338.0,92.0,149.1,2.96,0.36,49.0,,,,,9.938
15.48,CARRY,43.68,0.01,-9.65,46.94,-0.01,1,0,338.5,87.5,153.6,3.05,0.37,49.5,,,,,9.938
15.53,CARRY,43.99,0.01,-9.65,47.09,-0.01,1,0,338.0,92.0,149.1,2.96,0.36,50.2,,,,,10.188
15.58,CARRY,43.99,0.01,-9.65,47.25,-0.01,1,0,338.5,88.0,153.1,3.04,0.37,49.5,,,,,10.188
15.63,CARRY,44.29,0.01,-9.65,47.4,-0.01,1,0,338.0,92.0,149.1,2.96,0.36,50.5,,,,,10.125
15.68,CARRY,44.29,0.01,-9.65,47.55,-0.01,1,0,338.5,87.5,153.6,3.05,0.37,49.6,,,,,10.188
15.73,CARRY,44.6,0.01,-9.65,47.7,-0.01,1,0,338.0,92.0,149.1,2.96,0.36,51.0,,,,,10.188
15.78,CARRY,44.6,0.01,-9.65,47.86,-0.01,1,0,338.5,87.5,153.6,3.05,0.37,49.5,,,,,10.25
15.83,CARRY,44.9,0.01,-9.65,48.01,-0.01,1,0,338.0,92.0,149.1,2.96,0.36,50.6,,,,,10.25
15.88,CARRY,44.9,0.01,-9.65,48.17,-0.01,1,0,338.5,87.5,153.6,3.05,0.37,49.6,,,,,10.312
15.93,CARRY,45.2,0.01,-9.65,48.32,-0.01,1,0,338.0,92.0,149.1,2.96,0.36,50.3,,,,,10.25
15.99,CARRY,45.2,0.01,-9.65,48.47,-0.01,1,0,338.5,87.5,153.6,3.05,0.37,49.5,,,,,10.375
16.04,CARRY,45.51,0.01,-9.65,48.62,-0.01,1,0,338.0,92.0,149.1,2.96,0.36,50.2,,,,,10.312
16.09,CARRY,45.51,0.01,-9.65,48.78,-0.01,1,0,338.5,87.5,153.6,3.05,0.37,49.6,,,,,10.438
16.14,CARRY,45.81,0.01,-9.65,48.93,-0.01,1,0,338.0,91.5,149.6,2.97,0.36,50.3,,,,,10.312
16.19,CARRY,45.81,0.01,-9.65,49.08,-0.01,1,0,338.5,87.5,153.6,3.05,0.37,49.0,,,,,10.438
16.24,CARRY,46.11,0.02,-9.65,49.23,-0.01,1,0,338.0,91.5,149.6,2.97,0.36,50.5,,,,,10.188
16.29,CARRY,46.11,0.02,-9.65,49.39,-0.01,1,0,338.5,87.5,153.6,3.05,0.37,50.7,,,,,10.375
16.34,CARRY,46.42,0.02,-9.65,49.54,-0.01,1,0,338.0,91.5,149.6,2.97,0.36,50.4,,,,,10.312
16.39,CARRY,46.42,0.02,-9.65,49.7,-0.01,1,0,338.5,87.0,154.1,3.06,0.37,49.7,,,,,10.438
16.44,CARRY,46.72,0.02,-9.65,49.85,-0.01,1,0,337.5,91.5,149.5,2.97,0.35,50.3,,,,,10.375
16.5,CARRY,46.72,0.02,-9.65,50.0,-0.01,1,0,338.5,87.0,154.1,3.06,0.37,49.6,,,,,10.375
16.55,CARRY,47.03,0.02,-9.65,50.16,-0.01,1,0,337.5,91.5,149.5,2.97,0.35,50.2,,,,,10.25
16.6,CARRY,47.03,0.02,-9.65,50.31,-0.01,1,0,338.5,87.0,154.1,3.06,0.37,49.7,,,,,10.312
16.65,CARRY,47.33,0.02,-9.65,50.46,-0.01,1,0,337.5,91.5,149.5,2.97,0.35,50.5,,,,,10.25
16.7,CARRY,47.33,0.02,-9.65,50.62,-0.01,1,0,338.5,87.0,154.1,3.06,0.37,49.5,,,,,10.25
16.75,CARRY,47.64,0.02,-9.65,50.77,-0.01,1,0,337.5,91.5,149.5,2.97,0.35,50.8,,,,,10.25
16.8,CARRY,47.64,0.02,-9.65,50.92,-0.01,1,0,338.5,87.0,154.1,3.06,0.37,49.6,,,,,10.25
16.85,CARRY,47.94,0.02,-9.65,51.07,-0.01,1,0,337.5,91.5,149.5,2.97,0.35,50.5,,,,,10.25
16.9,CARRY,47.94,0.02,-9.65,51.23,-0.01,1,0,338.5,87.0,154.1,3.06,0.37,49.7,,,,,10.312
16.96,CARRY,48.25,0.02,-9.65,51.38,-0.01,1,0,337.5,91.5,149.5,2.97,0.35,49.0,,,,,10.25
17.01,CARRY,48.25,0.02,-9.65,51.53,-0.01,1,0,338.5,87.0,154.1,3.06,0.37,49.3,,,,,10.25
17.06,CARRY,48.55,0.02,-9.65,51.68,-0.01,1,0,337.5,91.5,149.5,2.97,0.35,50.1,,,,,10.312
17.11,CARRY,48.85,0.02,-9.65,51.83,-0.01,1,0,337.0,95.5,145.5,2.89,0.34,50.2,,,,,10.25
17.16,CARRY,48.85,0.02,-9.65,51.99,-0.01,1,0,338.0,91.5,149.6,2.97,0.36,49.5,,,,,10.375
17.21,CARRY,49.16,0.02,-9.65,52.14,-0.01,1,0,337.0,95.5,145.5,2.89,0.34,50.6,,,,,10.25
17.26,CARRY,49.16,0.02,-9.65,52.3,-0.01,1,0,338.0,91.0,150.1,2.98,0.36,49.6,,,,,10.375
17.31,CARRY,49.46,0.02,-9.65,52.45,-0.01,1,0,337.0,95.5,145.5,2.89,0.34,52.1,,,,,10.312
17.36,CARRY,49.46,0.02,-9.65,52.61,-0.01,1,0,338.0,91.0,150.1,2.98,0.36,49.3,,,,,10.375
17.41,CARRY,49.76,0.02,-9.65,52.76,-0.01,1,0,337.5,95.5,145.6,2.89,0.35,50.4,,,,,10.375
17.47,CARRY,49.76,0.02,-9.65,52.91,-0.01,1,0,338.0,91.0,150.1,2.98,0.36,50.3,,,,,10.375
17.52,CARRY,50.06,0.02,-9.65,53.06,-0.01,1,0,337.5,94.5,146.5,2.91,0.35,50.9,,,,,10.25
17.57,CARRY,50.06,0.02,-9.65,53.22,-0.01,1,0,338.0,90.5,150.6,2.99,0.36,50.1,,,,,10.312
17.62,CARRY,50.37,0.01,-9.65,53.37,-0.01,1,0,337.5,94.5,146.5,2.91,0.35,50.3,,,,,10.312
17.67,CARRY,50.37,0.01,-9.65,53.53,-0.01,1,0,338.0,90.5,150.6,2.99,0.36,49.9,,,,,10.375
17.72,CARRY,50.66,0.01,-9.65,53.68,-0.01,1,0,337.5,94.5,146.5,2.91,0.35,50.3,,,,,10.312
17.77,CARRY,50.66,0.01,-9.65,53.84,-0.01,1,0,338.0,90.0,151.1,3.0,0.36,49.8,,,,,10.312
17.82,CARRY,50.96,0.01,-9.65,53.99,-0.01,1,0,337.5,94.5,146.5,2.91,0.35,50.2,,,,,10.312
17.88,CARRY,50.96,0.01,-9.65,54.14,-0.01,1,0,338.0,90.0,151.1,3.0,0.36,49.6,,,,,10.125
17.93,CARRY,51.25,0.01,-9.65,54.29,-0.01,1,0,338.0,94.0,147.1,2.92,0.36,50.3,,,,,10.25
17.98,CARRY,51.25,0.01,-9.65,54.45,-0.01,1,0,337.5,89.5,151.5,3.01,0.35,49.5,,,,,10.25
18.03,CARRY,51.55,0.01,-9.65,54.6,-0.01,1,0,337.5,94.0,147.0,2.92,0.35,50.8,,,,,10.125
18.08,CARRY,51.55,0.01,-9.65,54.75,-0.01,1,0,337.5,89.5,151.5,3.01,0.35,49.7,,,,,10.188
18.13,CARRY,51.85,0.01,-9.65,54.91,-0.01,1,0,337.0,93.5,147.5,2.93,0.34,50.9,,,,,10.062
18.18,CARRY,51.85,0.01,-9.65,55.06,-0.01,1,0,338.0,89.0,152.1,3.02,0.36,49.5,,,,,10.062
18.23,CARRY,52.15,0.01,-9.65,55.21,-0.01,1,0,337.5,93.5,147.5,2.93,0.35,50.6,,,,,10.0
18.28,CARRY,52.15,0.01,-9.65,55.37,-0.01,1,0,338.5,89.0,152.1,3.02,0.37,50.0,,,,,10.062
18.34,CARRY,52.45,0.01,-9.65,55.52,-0.01,1,0,338.0,93.0,148.1,2.94,0.36,50.6,,,,,9.875
18.39,CARRY,52.45,0.01,-9.65,55.68,-0.01,1,0,338.5,88.5,152.6,3.03,0.37,49.5,,,,,9.938
18.44,CARRY,52.74,0.01,-9.65,55.83,-0.01,1,0,338.0,93.0,148.1,2.94,0.36,50.1,,,,,9.938
18.49,CARRY,52.74,0.01,-9.65,55.98,-0.01,1,0,338.5,88.5,152.6,3.03,0.37,49.8,,,,,10.0
18.54,CARRY,53.04,0.01,-9.65,56.13,-0.01,1,0,338.0,92.5,148.6,2.95,0.36,50.1,,,,,10.0
18.59,CARRY,53.04,0.01,-9.65,56.29,-0.01,1,0,338.5,88.0,153.1,3.04,0.37,49.9,,,,,10.062
18.64,CARRY,53.34,0.01,-9.65,56.44,-0.01,1,0,338.0,92.5,148.6,2.95,0.36,50.3,,,,,10.062
18.69,CARRY,53.34,0.01,-9.65,56.59,-0.01,1,0,338.5,88.0,153.1,3.04,0.37,50.0,,,,,10.125
18.74,CARRY,53.64,0.01,-9.65,56.74,-0.01,1,0,338.0,92.0,149.1,2.96,0.36,50.3,,,,,10.188
18.79,CARRY,53.64,0.01,-9.65,56.9,-0.01,1,0,338.5,88.0,153.1,3.04,0.37,49.8,,,,,10.25
18.85,CARRY,53.94,0.01,-9.65,57.05,-0.01,1,0,338.0,92.0,149.1,2.96,0.36,50.3,,,,,10.438
18.9,CARRY,53.94,0.01,-9.65,57.2,-0.01,1,0,338.5,87.5,153.6,3.05,0.37,49.5,,,,,10.438
18.95,CARRY,54.24,0.01,-9.65,57.36,-0.01,1,0,338.0,92.0,149.1,2.96,0.36,50.4,,,,,10.312
19.0,CARRY,54.24,0.01,-9.65,57.51,-0.01,1,0,338.5,87.5,153.6,3.05,0.37,49.5,,,,,10.438
19.05,CARRY,54.54,0.01,-9.65,57.66,-0.01,1,0,338.0,91.5,149.6,2.97,0.36,50.9,,,,,10.312
19.1,CARRY,54.54,0.01,-9.65,57.82,-0.01,1,0,338.5,87.5,153.6,3.05,0.37,49.5,,,,,10.438
19.15,CARRY,54.84,0.01,-9.65,57.97,-0.01,1,0,338.0,91.5,149.6,2.97,0.36,50.5,,,,,10.375
19.2,CARRY,54.84,0.01,-9.65,58.12,-0.01,1,0,338.5,87.0,154.1,3.06,0.37,49.5,,,,,10.375
19.25,CARRY,55.15,0.01,-9.65,58.27,-0.01,1,0,338.0,91.5,149.6,2.97,0.36,49.3,,,,,10.25
19.3,CARRY,55.15,0.01,-9.65,58.43,-0.01,1,0,338.5,87.0,154.1,3.06,0.37,50.8,,,,,10.312
19.36,CARRY,55.45,0.01,-9.65,58.58,-0.01,1,0,338.0,91.5,149.6,2.97,0.36,49.2,,,,,10.25
19.41,CARRY,55.45,0.01,-9.65,58.73,-0.01,1,0,338.5,87.0,154.1,3.06,0.37,49.3,,,,,10.188
19.46,CARRY,55.75,0.0,-9.65,58.88,-0.01,1,0,338.0,91.5,149.6,2.97,0.36,50.0,,,,,10.25
19.51,CARRY,56.05,0.0,-9.65,59.03,-0.01,1,0,337.5,95.5,145.6,2.89,0.35,50.2,,,,,10.25
19.56,CARRY,56.05,0.0,-9.65,59.19,-0.01,1,0,338.0,91.5,149.6,2.97,0.36,49.4,,,,,10.375
19.61,CARRY,56.36,0.0,-9.65,59.34,-0.01,1,0,337.5,95.5,145.6,2.89,0.35,50.5,,,,,10.25
19.66,CARRY,56.36,0.0,-9.65,59.49,-0.01,1,0,338.0,91.0,150.1,2.98,0.36,48.3,,,,,10.375
19.71,CARRY,56.66,0.0,-9.65,59.64,-0.01,1,0,337.5,95.5,145.6,2.89,0.35,50.4,,,,,10.25
19.76,CARRY,56.66,0.0,-9.65,59.8,-0.01,1,0,338.5,91.5,149.6,2.97,0.37,49.4,,,,,10.375
19.81,CARRY,56.97,0.0,-9.65,59.95,-0.01,1,0,337.5,95.5,145.6,2.89,0.35,50.6,,,,,10.312
19.86,CARRY,56.97,0.0,-9.65,60.1,-0.01,1,0,338.5,91.0,150.1,2.98,0.37,49.4,,,,,10.438
19.91,CARRY,57.27,0.0,-9.65,60.25,-0.01,1,0,338.0,95.5,145.6,2.89,0.36,51.1,,,,,10.438
19.97,CARRY,57.27,0.0,-9.65,60.41,-0.01,1,0,339.0,91.0,150.2,2.98,0.38,49.8,,,,,10.438
20.02,CARRY,57.57,-0.0,-9.65,60.56,-0.01,1,0,338.5,95.0,146.2,2.9,0.37,49.3,,,,,10.438
20.07,CARRY,57.57,-0.0,-9.65,60.71,-0.01,1,0,339.0,91.0,150.2,2.98,0.38,49.5,,,,,10.438
20.12,CARRY,57.86,-0.0,-9.65,60.87,-0.01,1,0,338.5,95.0,146.2,2.9,0.37,50.3,,,,,10.375
20.17,CARRY,57.86,-0.0,-9.65,61.02,-0.01,1,0,339.0,90.5,150.7,2.99,0.38,50.6,,,,,10.438
20.22,CARRY,58.16,-0.0,-9.65,61.17,-0.01,1,0,338.5,95.0,146.2,2.9,0.37,49.0,,,,,10.375
20.27,CARRY,58.16,-0.0,-9.65,61.32,-0.01,1,0,339.0,90.5,150.7,2.99,0.38,50.0,,,,,10.438
20.32,CARRY,58.46,-0.0,-9.65,61.48,-0.01,1,0,338.5,94.5,146.7,2.91,0.37,50.9,,,,,10.375
20.37,CARRY,58.46,-0.0,-9.65,61.63,-0.01,1,0,339.0,90.0,151.2,3.0,0.38,49.6,,,,,10.5
20.42,CARRY,58.76,-0.0,-9.65,61.79,-0.01,1,0,339.0,94.5,146.7,2.91,0.38,51.0,,,,,10.375
20.48,CARRY,58.76,-0.0,-9.65,61.94,-0.01,1,0,339.0,90.0,151.2,3.0,0.38,48.1,,,,,10.438
20.53,CARRY,59.06,0.0,-9.65,62.09,-0.01,1,0,339.0,94.0,147.2,2.92,0.38,50.1,,,,,10.25
20.58,CARRY,59.06,0.0,-9.65,62.24,-0.01,1,0,339.5,90.0,151.3,3.0,0.39,48.5,,,,,10.25
20.63,CARRY,59.36,0.0,-9.65,62.39,-0.01,1,0,339.0,94.0,147.2,2.92,0.38,48.3,,,,,10.188
20.68,CARRY,59.36,0.0,-9.65,62.54,-0.01,1,0,339.0,90.0,151.2,3.0,0.38,47.5,,,,,10.188
20.73,CARRY,59.65,0.0,-9.65,62.69,-0.01,1,0,339.0,94.0,147.2,2.92,0.38,50.5,,,,,10.188
20.78,CARRY,59.65,0.0,-9.65,62.85,-0.01,1,0,338.5,89.5,151.6,3.01,0.37,47.6,,,,,10.188
20.83,CARRY,59.95,0.0,-9.65,63.0,-0.01,1,0,338.0,93.5,147.6,2.93,0.36,48.8,,,,,10.062
20.88,CARRY,59.95,0.0,-9.65,63.15,-0.01,1,0,338.5,89.5,151.6,3.01,0.37,47.5,,,,,10.125
20.93,CARRY,60.25,0.0,-9.65,63.3,-0.01,1,0,338.0,93.5,147.6,2.93,0.36,48.7,,,,,10.0
20.98,CARRY,60.25,0.0,-9.65,63.45,-0.01,1,0,338.5,89.5,151.6,3.01,0.37,47.4,,,,,10.062
21.03,CARRY,60.55,0.01,-9.65,63.6,-0.01,1,0,338.0,93.5,147.6,2.93,0.36,50.9,,,,,10.0
21.08,CARRY,60.55,0.01,-9.65,63.76,-0.01,1,0,338.5,89.0,152.1,3.02,0.37,47.5,,,,,10.062
21.13,CARRY,60.84,0.01,-9.65,63.91,-0.01,1,0,338.0,93.5,147.6,2.93,0.36,48.8,,,,,10.062
21.18,CARRY,60.84,0.01,-9.65,64.06,-0.01,1,0,338.5,89.0,152.1,3.02,0.37,47.4,,,,,10.125
21.23,CARRY,61.14,0.01,-9.65,64.21,-0.01,1,0,338.0,93.5,147.6,2.93,0.36,48.7,,,,,10.125
21.28,CARRY,61.14,0.01,-9.65,64.36,-0.01,1,0,338.5,89.0,152.1,3.02,0.37,48.0,,,,,10.25
21.33,CARRY,61.44,0.01,-9.65,64.51,-0.01,1,0,338.0,93.0,148.1,2.94,0.36,50.9,,,,,10.188
21.38,CARRY,61.44,0.01,-9.65,64.66,-0.01,1,0,338.5,88.5,152.6,3.03,0.37,47.5,,,,,10.188
21.43,CARRY,61.74,0.01,-9.65,64.81,-0.01,1,0,338.0,93.0,148.1,2.94,0.36,48.6,,,,,10.125
21.48,CARRY,61.74,0.01,-9.65,64.96,-0.01,1,0,338.5,88.5,152.6,3.03,0.37,47.6,,,,,10.125
21.53,CARRY,62.04,0.01,-9.65,65.11,-0.01,1,0,338.0,93.0,148.1,2.94,0.36,48.5,,,,,10.062
21.58,CARRY,62.04,0.01,-9.65,65.26,-0.01,1,0,338.5,88.5,152.6,3.03,0.37,47.3,,,,,10.062
21.63,CARRY,62.33,0.01,-9.65,65.41,-0.01,1,0,338.0,93.0,148.1,2.94,0.36,50.3,,,,,10.062
21.68,CARRY,62.33,0.01,-9.65,65.57,-0.01,1,0,338.5,88.5,152.6,3.03,0.37,47.7,,,,,10.125
21.73,CARRY,62.63,0.01,-9.65,65.72,-0.01,1,0,338.0,92.5,148.6,2.95,0.36,48.3,,,,,10.062
21.79,CARRY,62.63,0.01,-9.65,65.87,-0.01,1,0,338.5,88.5,152.6,3.03,0.37,47.5,,,,,10.125
21.84,CARRY,62.94,0.01,-9.65,66.02,-0.01,1,0,338.0,93.0,148.1,2.94,0.36,48.3,,,,,10.0
21.89,CARRY,62.94,0.01,-9.65,66.17,-0.01,1,0,338.5,88.5,152.6,3.03,0.37,47.5,,,,,10.0
21.94,CARRY,63.24,0.01,-9.65,66.32,-0.01,1,0,338.0,92.5,148.6,2.95,0.36,50.3,,,,,9.938
21.99,CARRY,63.24,0.01,-9.65,66.47,-0.01,1,0,338.5,88.5,152.6,3.03,0.37,47.6,,,,,10.0
22.04,CARRY,63.53,0.01,-9.65,66.62,-0.01,1,0,338.0,92.5,148.6,2.95,0.36,48.3,,,,,9.938
22.09,CARRY,63.53,0.01,-9.65,66.77,-0.01,1,0,338.5,88.5,152.6,3.03,0.37,47.5,,,,,9.938
22.14,CARRY,63.83,0.01,-9.65,66.92,-0.01,1,0,338.0,92.5,148.6,2.95,0.36,48.3,,,,,10.062
22.19,CARRY,63.83,0.01,-9.65,67.07,-0.01,1,0,338.5,88.0,153.1,3.04,0.37,47.7,,,,,10.125
22.24,CARRY,64.13,0.01,-9.65,67.22,-0.01,1,0,338.0,92.5,148.6,2.95,0.36,50.4,,,,,10.25
22.29,CARRY,64.13,0.01,-9.65,67.38,-0.01,1,0,338.5,88.0,153.1,3.04,0.37,48.7,,,,,10.312
22.34,CARRY,64.43,0.01,-9.65,67.53,-0.01,1,0,338.0,92.5,148.6,2.95,0.36,49.1,,,,,10.25
22.39,CARRY,64.43,0.01,-9.65,67.68,-0.01,1,0,338.5,88.0,153.1,3.04,0.37,49.0,,,,,10.312
22.44,CARRY,64.73,0.01,-9.65,67.83,-0.01,1,0,338.0,92.5,148.6,2.95,0.36,48.9,,,,,10.25
22.49,CARRY,64.73,0.01,-9.65,67.98,-0.01,1,0,338.5,88.0,153.1,3.04,0.37,48.4,,,,,10.312
22.54,CARRY,65.03,0.01,-9.65,68.13,-0.01,1,0,338.0,92.5,148.6,2.95,0.36,50.8,,,,,10.125
22.59,CARRY,65.03,0.01,-9.65,68.29,-0.01,1,0,338.5,88.0,153.1,3.04,0.37,48.1,,,,,10.188
22.64,CARRY,65.33,0.01,-9.65,68.44,-0.01,1,0,338.0,92.0,149.1,2.96,0.36,48.2,,,,,9.938
22.69,CARRY,65.33,0.01,-9.65,68.59,-0.01,1,0,338.5,88.0,153.1,3.04,0.37,48.0,,,,,10.062
22.74,CARRY,65.63,0.01,-9.65,68.74,-0.01,1,0,338.0,92.0,149.1,2.96,0.36,48.4,,,,,10.062
22.79,CARRY,65.63,0.01,-9.65,68.89,-0.01,1,0,338.5,88.0,153.1,3.04,0.37,48.0,,,,,10.188
22.84,CARRY,65.93,0.01,-9.65,69.04,-0.01,1,0,338.0,92.0,149.1,2.96,0.36,50.4,,,,,10.062
22.89,CARRY,65.93,0.01,-9.65,69.19,-0.01,1,0,338.5,88.0,153.1,3.04,0.37,48.1,,,,,10.062
22.94,CARRY,66.23,0.01,-9.65,69.34,-0.01,1,0,338.0,92.0,149.1,2.96,0.36,48.3,,,,,10.25
22.99,CARRY,66.23,0.01,-9.65,69.49,-0.01,1,0,338.5,88.0,153.1,3.04,0.37,47.9,,,,,10.312
23.04,CARRY,66.54,0.01,-9.65,69.64,-0.01,1,0,338.0,92.0,149.1,2.96,0.36,48.1,,,,,10.312
23.09,CARRY,66.54,0.01,-9.65,69.79,-0.01,1,0,338.5,88.0,153.1,3.04,0.37,47.8,,,,,10.375
23.14,CARRY,66.84,0.01,-9.65,69.94,-0.01,1,0,338.0,92.0,149.1,2.96,0.36,50.3,,,,,10.25
23.19,CARRY,66.84,0.01,-9.65,70.1,-0.01,1,0,338.5,88.0,153.1,3.04,0.37,47.9,,,,,10.188
23.24,CARRY,67.14,0.01,-9.65,70.25,-0.01,1,0,338.0,92.0,149.1,2.96,0.36,48.3,,,,,10.188
23.29,CARRY,67.14,0.01,-9.65,70.4,-0.01,1,0,338.5,88.0,153.1,3.04,0.37,48.4,,,,,10.188
23.34,CARRY,67.44,0.01,-9.65,70.55,-0.01,1,0,338.0,92.0,149.1,2.96,0.36,49.0,,,,,10.125
23.39,CARRY,67.44,0.01,-9.65,70.7,-0.01,1,0,338.5,88.0,153.1,3.04,0.37,47.7,,,,,10.188
23.44,CARRY,67.74,0.01,-9.65,70.85,-0.01,1,0,338.0,92.0,149.1,2.96,0.36,50.4,,,,,10.062
23.5,CARRY,67.74,0.01,-9.65,71.0,-0.01,1,0,338.5,88.0,153.1,3.04,0.37,47.6,,,,,10.125
23.55,CARRY,68.04,0.01,-9.65,71.15,-0.01,1,0,338.0,92.0,149.1,2.96,0.36,48.3,,,,,10.062
23.6,CARRY,68.04,0.01,-9.65,71.3,-0.01,1,0,338.5,88.0,153.1,3.04,0.37,47.4,,,,,10.062
23.65,CARRY,68.35,0.01,-9.65,71.45,-0.01,1,0,338.0,92.0,149.1,2.96,0.36,48.1,,,,,9.875
23.7,CARRY,68.35,0.01,-9.65,71.6,-0.01,1,0,338.5,88.0,153.1,3.04,0.37,47.9,,,,,9.938
23.75,CARRY,68.65,0.01,-9.65,71.75,-0.01,1,0,338.0,92.0,149.1,2.96,0.36,50.5,,,,,9.875
23.8,CARRY,68.65,0.01,-9.65,71.91,-0.01,1,0,338.5,88.0,153.1,3.04,0.37,47.7,,,,,9.938
23.85,CARRY,68.95,0.01,-9.65,72.06,-0.01,1,0,338.0,92.0,149.1,2.96,0.36,48.4,,,,,10.062
23.9,CARRY,68.95,0.01,-9.65,72.21,-0.01,1,0,338.5,88.0,153.1,3.04,0.37,47.5,,,,,10.188
23.95,CARRY,69.26,0.01,-9.65,72.36,-0.01,1,0,338.0,92.5,148.6,2.95,0.36,48.6,,,,,10.062
24.0,CARRY,69.26,0.01,-9.65,72.51,-0.01,1,0,338.5,88.0,153.1,3.04,0.37,47.4,,,,,10.188
24.05,CARRY,69.56,0.01,-9.65,72.66,-0.01,1,0,338.0,92.5,148.6,2.95,0.36,50.8,,,,,10.125
24.1,CARRY,69.56,0.01,-9.65,72.81,-0.01,1,0,338.5,88.0,153.1,3.04,0.37,47.6,,,,,10.188
24.15,CARRY,69.86,0.01,-9.65,72.96,-0.01,1,0,338.0,92.5,148.6,2.95,0.36,48.7,,,,,10.188
24.2,CARRY,69.86,0.01,-9.65,73.11,-0.01,1,0,338.5,88.0,153.1,3.04,0.37,47.4,,,,,10.312
24.25,CARRY,70.17,0.01,-9.65,73.26,-0.01,1,0,338.0,92.5,148.6,2.95,0.36,48.5,,,,,10.188
24.3,CARRY,70.17,0.01,-9.65,73.41,-0.01,1,0,338.5,88.0,153.1,3.04,0.37,48.1,,,,,10.25
24.35,CARRY,70.47,0.01,-9.65,73.56,-0.01,1,0,338.0,92.5,148.6,2.95,0.36,51.1,,,,,10.188
24.4,CARRY,70.47,0.01,-9.65,73.72,-0.01,1,0,338.5,88.0,153.1,3.04,0.37,47.5,,,,,10.25
24.45,CARRY,70.77,0.01,-9.65,73.87,-0.01,1,0,338.0,92.5,148.6,2.95,0.36,48.6,,,,,10.25
24.5,CARRY,70.77,0.01,-9.65,74.02,-0.01,1,0,338.5,88.0,153.1,3.04,0.37,47.7,,,,,10.25
24.55,CARRY,71.07,0.01,-9.65,74.17,-0.01,1,0,338.0,92.5,148.6,2.95,0.36,48.5,,,,,10.188
24.6,CARRY,71.07,0.01,-9.65,74.32,-0.01,1,0,338.5,88.0,153.1,3.04,0.37,47.5,,,,,10.188
24.65,CARRY,71.38,0.01,-9.65,74.47,-0.01,1,0,338.0,92.5,148.6,2.95,0.36,50.4,,,,,10.125
24.7,CARRY,71.38,0.01,-9.65,74.63,-0.01,1,0,338.5,88.0,153.1,3.04,0.37,47.5,,,,,10.125
24.75,CARRY,71.68,0.01,-9.65,74.78,-0.01,1,0,338.0,92.5,148.6,2.95,0.36,48.2,,,,,10.125
24.8,CARRY,71.68,0.01,-9.65,74.93,-0.01,1,0,338.5,88.0,153.1,3.04,0.37,47.5,,,,,10.125
24.85,CARRY,71.98,0.01,-9.65,75.08,-0.01,1,0,337.5,92.5,148.5,2.95,0.35,48.2,,,,,10.125
24.9,CARRY,71.98,0.01,-9.65,75.23,-0.01,1,0,338.5,88.0,153.1,3.04,0.37,49.5,,,,,10.062
24.95,CARRY,72.28,0.01,-9.65,75.38,-0.01,1,0,337.5,92.5,148.5,2.95,0.35,49.8,,,,,10.125
25.01,CARRY,72.28,0.01,-9.65,75.53,-0.01,1,0,338.5,88.0,153.1,3.04,0.37,53.2,,,,,10.125
25.06,CARRY,72.59,0.01,-9.65,75.69,-0.01,1,0,338.0,92.0,149.1,2.96,0.36,48.7,,,,,10.0
25.11,CARRY,72.89,0.01,-9.65,75.84,-0.01,1,0,337.5,96.5,144.6,2.87,0.35,48.8,,,,,9.938
25.16,CARRY,72.89,0.01,-9.65,75.99,-0.01,1,0,338.0,92.0,149.1,2.96,0.36,47.7,,,,,10.125
25.21,CARRY,73.19,0.01,-9.65,76.14,-0.01,1,0,337.5,96.5,144.6,2.87,0.35,51.6,,,,,9.875
25.26,CARRY,73.19,0.01,-9.65,76.3,-0.01,1,0,338.0,92.0,149.1,2.96,0.36,47.1,,,,,9.938
25.31,CARRY,73.49,0.01,-9.65,76.45,-0.01,1,0,337.5,96.0,145.1,2.88,0.35,49.5,,,,,9.875
25.36,CARRY,73.49,0.01,-9.65,76.6,-0.01,1,0,338.0,92.0,149.1,2.96,0.36,47.1,,,,,10.0
25.41,CARRY,73.79,0.01,-9.65,76.75,-0.01,1,0,337.5,96.0,145.1,2.88,0.35,49.3,,,,,9.812
25.46,CARRY,73.79,0.01,-9.65,76.91,-0.01,1,0,338.0,92.0,149.1,2.96,0.36,46.9,,,,,9.938
25.51,CARRY,74.09,0.01,-9.65,77.06,-0.01,1,0,337.5,96.0,145.1,2.88,0.35,50.5,,,,,10.062
25.57,CARRY,74.09,0.01,-9.65,77.21,-0.01,1,0,338.0,91.5,149.6,2.97,0.36,47.9,,,,,10.125
25.62,CARRY,74.39,0.01,-9.65,77.36,-0.01,1,0,337.5,96.0,145.1,2.88,0.35,50.4,,,,,10.25
25.67,CARRY,74.39,0.01,-9.65,77.51,-0.01,1,0,338.0,91.5,149.6,2.97,0.36,48.4,,,,,10.312
25.72,CARRY,74.68,0.01,-9.65,77.66,-0.01,1,0,337.5,95.5,145.6,2.89,0.35,48.5,,,,,10.312
25.77,CARRY,74.68,0.01,-9.65,77.82,-0.01,1,0,338.0,91.5,149.6,2.97,0.36,50.2,,,,,10.375
25.82,CARRY,74.98,0.01,-9.65,77.97,-0.01,1,0,337.5,95.5,145.6,2.89,0.35,49.5,,,,,10.312
25.87,CARRY,74.98,0.01,-9.65,78.12,-0.01,1,0,338.0,91.0,150.1,2.98,0.36,50.0,,,,,10.188
25.92,CARRY,75.28,0.01,-9.65,78.27,-0.01,1,0,337.5,95.5,145.6,2.89,0.35,51.1,,,,,10.188
25.97,CARRY,75.28,0.01,-9.65,78.43,-0.01,1,0,338.0,91.0,150.1,2.98,0.36,49.8,,,,,10.188
26.02,CARRY,75.57,0.01,-9.65,78.58,-0.01,1,0,337.5,94.5,146.5,2.91,0.35,50.3,,,,,10.188
26.07,CARRY,75.57,0.01,-9.65,78.74,-0.01,1,0,338.0,90.5,150.6,2.99,0.36,50.4,,,,,10.188
26.13,CARRY,75.87,0.01,-9.65,78.89,-0.01,1,0,337.5,94.5,146.5,2.91,0.35,50.5,,,,,10.188
26.18,CARRY,75.87,0.01,-9.65,79.04,-0.01,1,0,338.0,90.0,151.1,3.0,0.36,49.7,,,,,10.062
26.23,CARRY,76.17,0.01,-9.65,79.2,-0.01,1,0,338.0,94.0,147.1,2.92,0.36,50.7,,,,,10.188
26.28,CARRY,76.17,0.01,-9.65,79.35,-0.01,1,0,338.0,90.0,151.1,3.0,0.36,49.7,,,,,10.062
26.33,CARRY,76.46,0.01,-9.65,79.5,-0.01,1,0,337.5,94.0,147.0,2.92,0.35,50.8,,,,,10.125
26.38,CARRY,76.46,0.01,-9.65,79.66,-0.01,1,0,338.0,89.5,151.6,3.01,0.36,49.3,,,,,10.062
26.43,CARRY,76.76,0.01,-9.65,79.81,-0.01,1,0,337.5,93.5,147.5,2.93,0.35,48.3,,,,,10.188
26.48,CARRY,76.76,0.01,-9.65,79.96,-0.01,1,0,338.5,89.5,151.6,3.01,0.37,49.4,,,,,10.188
26.53,CARRY,77.05,0.01,-9.65,80.11,-0.01,1,0,338.0,93.5,147.6,2.93,0.36,48.2,,,,,10.312
26.58,CARRY,77.05,0.01,-9.65,80.26,-0.01,1,0,338.5,89.0,152.1,3.02,0.37,47.9,,,,,10.438
26.63,CARRY,77.35,0.01,-9.65,80.41,-0.01,1,0,338.0,93.5,147.6,2.93,0.36,48.9,,,,,10.375
26.68,CARRY,77.35,0.01,-9.65,80.56,-0.01,1,0,338.5,89.0,152.1,3.02,0.37,49.4,,,,,10.438
26.73,CARRY,77.65,0.01,-9.65,80.71,-0.01,1,0,338.0,93.5,147.6,2.93,0.36,48.5,,,,,10.438
26.78,CARRY,77.65,0.01,-9.65,80.86,-0.01,1,0,338.5,89.0,152.1,3.02,0.37,49.4,,,,,10.5
26.83,CARRY,77.95,0.01,-9.65,81.02,-0.01,1,0,338.0,93.0,148.1,2.94,0.36,48.1,,,,,10.438
26.88,CARRY,77.95,0.01,-9.65,81.17,-0.01,1,0,338.5,89.0,152.1,3.02,0.37,48.1,,,,,10.5
26.93,CARRY,78.24,0.0,-9.65,81.32,-0.01,1,0,338.0,93.0,148.1,2.94,0.36,48.9,,,,,10.312
26.98,CARRY,78.24,0.0,-9.65,81.47,-0.01,1,0,338.5,89.0,152.1,3.02,0.37,49.3,,,,,10.438
27.03,CARRY,78.54,0.0,-9.65,81.62,-0.01,1,0,338.0,93.0,148.1,2.94,0.36,48.1,,,,,10.375
27.08,CARRY,78.54,0.0,-9.65,81.77,-0.01,1,0,338.5,89.0,152.1,3.02,0.37,49.6,,,,,10.375
27.13,CARRY,78.84,0.0,-9.65,81.92,-0.01,1,0,338.0,93.0,148.1,2.94,0.36,50.1,,,,,10.438
27.19,CARRY,78.84,0.0,-9.65,82.07,-0.01,1,0,338.5,88.5,152.6,3.03,0.37,48.2,,,,,10.312
27.24,CARRY,79.14,0.0,-9.65,82.22,-0.01,1,0,338.0,93.0,148.1,2.94,0.36,48.6,,,,,10.312
27.29,CARRY,79.14,0.0,-9.65,82.37,-0.01,1,0,338.5,88.5,152.6,3.03,0.37,50.2,,,,,10.25
27.34,CARRY,79.43,0.0,-9.65,82.52,-0.01,1,0,338.0,92.5,148.6,2.95,0.36,49.5,,,,,10.188
27.39,CARRY,79.43,0.0,-9.65,82.68,-0.01,1,0,338.5,88.5,152.6,3.03,0.37,48.6,,,,,10.188
27.44,CARRY,79.73,0.0,-9.65,82.83,-0.01,1,0,338.0,92.5,148.6,2.95,0.36,49.3,,,,,10.25
27.49,CARRY,79.73,0.0,-9.65,82.98,-0.01,1,0,338.5,88.0,153.1,3.04,0.37,51.0,,,,,10.188
27.54,CARRY,80.03,0.0,-9.65,83.13,-0.01,1,0,338.0,92.5,148.6,2.95,0.36,48.0,,,,,10.25
27.59,CARRY,80.03,0.0,-9.65,83.28,-0.01,1,0,338.5,88.0,153.1,3.04,0.37,50.3,,,,,10.188
27.64,CARRY,80.33,0.0,-9.65,83.44,-0.01,1,0,338.0,92.0,149.1,2.96,0.36,48.7,,,,,10.062
27.69,CARRY,80.33,0.0,-9.65,83.59,-0.01,1,0,338.5,88.0,153.1,3.04,0.37,47.7,,,,,10.125
27.74,CARRY,80.63,0.0,-9.65,83.74,-0.01,1,0,338.0,92.0,149.1,2.96,0.36,50.6,,,,,10.125
27.79,CARRY,80.63,0.0,-9.65,83.89,-0.01,1,0,338.5,87.5,153.6,3.05,0.37,51.9,,,,,10.188
27.85,CARRY,80.93,0.0,-9.65,84.05,-0.01,1,0,338.0,92.0,149.1,2.96,0.36,48.7,,,,,10.188
27.9,CARRY,80.93,0.0,-9.65,84.2,-0.01,1,0,339.5,87.5,153.7,3.05,0.39,50.0,,,,,10.25
27.95,CARRY,81.23,0.0,-9.65,84.35,-0.01,1,0,338.5,91.5,149.6,2.97,0.37,49.2,,,,,10.188
28.0,CARRY,81.23,0.0,-9.65,84.5,-0.01,1,0,339.5,87.5,153.7,3.05,0.39,47.3,,,,,10.25
28.05,CARRY,81.53,0.0,-9.65,84.65,-0.01,1,0,338.0,92.0,149.1,2.96,0.36,49.0,,,,,10.25
28.1,CARRY,81.53,0.0,-9.65,84.8,-0.01,1,0,339.5,87.5,153.7,3.05,0.39,49.5,,,,,10.312
28.15,CARRY,81.84,0.0,-9.65,84.96,-0.01,1,0,338.0,91.5,149.6,2.97,0.36,48.1,,,,,10.125
28.2,CARRY,81.84,0.0,-9.65,85.11,-0.01,1,0,339.5,87.5,153.7,3.05,0.39,48.5,,,,,10.188
28.25,CARRY,82.14,0.0,-9.65,85.26,-0.01,1,0,338.0,92.0,149.1,2.96,0.36,49.1,,,,,10.062
28.3,CARRY,82.14,0.0,-9.65,85.41,-0.01,1,0,339.5,87.5,153.7,3.05,0.39,50.3,,,,,10.125
28.35,CARRY,82.44,0.0,-9.65,85.56,-0.01,1,0,338.0,91.5,149.6,2.97,0.36,50.4,,,,,10.125
28.4,CARRY,82.44,0.0,-9.65,85.71,-0.01,1,0,339.5,87.0,154.2,3.06,0.39,50.6,,,,,10.188
28.45,CARRY,82.74,0.0,-9.65,85.87,-0.01,1,0,338.0,91.5,149.6,2.97,0.36,48.7,,,,,10.188
28.5,CARRY,82.74,0.0,-9.65,86.02,-0.01,1,0,339.5,87.0,154.2,3.06,0.39,50.1,,,,,10.125
28.55,CARRY,83.04,0.0,-9.65,86.17,-0.01,1,0,338.0,91.5,149.6,2.97,0.36,48.6,,,,,10.0
28.6,CARRY,83.04,0.0,-9.65,86.32,-0.01,1,0,339.0,87.0,154.2,3.06,0.38,48.1,,,,,10.0
28.65,CARRY,83.34,0.0,-9.65,86.47,-0.01,1,0,338.0,91.5,149.6,2.97,0.36,50.3,,,,,10.0
28.7,CARRY,83.34,0.0,-9.65,86.63,-0.01,1,0,339.0,87.0,154.2,3.06,0.38,50.3,,,,,10.0
28.76,CARRY,83.65,0.0,-9.65,86.78,-0.01,1,0,338.0,91.5,149.6,2.97,0.36,48.0,,,,,9.875
28.81,CARRY,83.65,0.0,-9.65,86.93,-0.01,1,0,339.0,87.0,154.2,3.06,0.38,49.9,,,,,9.938
28.86,CARRY,83.95,0.0,-9.65,87.08,-0.01,1,0,338.0,91.5,149.6,2.97,0.36,49.7,,,,,9.938
28.91,CARRY,83.95,0.0,-9.65,87.24,-0.01,1,0,338.5,87.0,154.1,3.06,0.37,49.9,,,,,9.938
28.96,CARRY,84.26,0.0,-9.65,87.39,-0.01,1,0,337.0,91.5,149.5,2.97,0.34,49.1,,,,,9.75
29.01,CARRY,84.56,0.0,-9.65,87.54,-0.01,1,0,335.5,105.0,135.9,2.7,0.31,50.0,,,,,9.875
29.06,CARRY,84.56,0.0,-9.65,87.69,-0.01,1,0,336.0,100.5,140.4,2.79,0.32,47.7,,,,,10.438
29.11,CARRY,84.87,0.0,-9.65,87.84,-0.01,1,0,334.5,113.5,127.3,2.53,0.29,51.3,,,,,10.125
29.16,CARRY,84.87,0.0,-9.65,88.0,-0.01,1,0,335.0,109.0,131.9,2.62,0.3,49.1,,,,,10.125
29.21,CARRY,85.17,0.0,-9.65,88.15,-0.01,1,0,333.5,121.5,119.3,2.37,0.27,49.8,,,,,10.25
29.26,CARRY,85.17,0.0,-9.65,88.3,-0.01,1,0,334.0,117.0,123.8,2.46,0.28,48.1,,,,,10.25
29.31,CARRY,85.47,0.0,-9.65,88.45,-0.01,1,0,332.5,130.0,110.7,2.2,0.25,51.6,,,,,10.312
29.37,CARRY,85.47,0.0,-9.65,88.61,-0.01,1,0,333.0,125.0,115.7,2.3,0.26,48.0,,,,,10.25
29.42,CARRY,85.76,0.0,-9.65,88.76,-0.01,1,0,331.5,138.5,102.1,2.03,0.23,49.1,,,,,10.188
29.47,CARRY,85.76,0.0,-9.65,88.91,-0.01,1,0,332.0,134.0,106.7,2.12,0.24,51.1,,,,,10.25
29.52,CARRY,86.05,0.0,-9.65,89.07,-0.01,1,0,331.0,145.5,95.1,1.89,0.22,48.6,,,,,10.125
29.57,CARRY,86.05,0.0,-9.65,89.22,-0.01,1,0,331.5,141.5,99.2,1.97,0.23,50.0,,,,,10.25
29.62,CARRY,86.33,0.0,-9.65,89.37,-0.01,1,0,330.0,153.0,87.6,1.74,0.2,51.0,,,,,10.188
29.67,CARRY,86.33,0.0,-9.65,89.53,-0.01,1,0,330.5,148.5,92.1,1.83,0.21,49.1,,,,,10.25
29.72,CARRY,86.6,-0.0,-9.65,89.68,-0.01,1,0,329.0,159.5,81.0,1.61,0.18,50.9,,,,,9.812
29.77,CARRY,86.6,-0.0,-9.65,89.83,-0.01,1,0,329.5,155.0,85.5,1.7,0.19,49.1,,,,,9.688
29.82,CARRY,86.85,-0.0,-9.65,89.98,-0.01,1,0,329.0,165.5,75.0,1.49,0.18,48.4,,,,,9.188
29.87,CARRY,86.85,-0.0,-9.65,90.13,-0.01,1,0,329.5,160.5,80.1,1.59,0.19,47.7,,,,,8.062
29.92,CARRY,87.09,-0.0,-9.65,90.28,-0.01,1,0,328.0,171.0,69.5,1.38,0.16,53.1,,,,,6.25
29.98,CARRY,87.09,-0.0,-9.65,90.44,-0.01,1,0,,,,3.565,0.362,47.6,,,,,-2.0
30.03,CARRY,87.32,-0.0,-9.65,90.59,-0.01,1,1,,,,3.525,0.356,49.0,,,,,-3.484
30.08,CARRY,87.32,-0.0,-9.65,90.74,-0.01,1,1,,,,3.6,0.364,48.9,,,,,-3.562
30.13,CARRY,87.54,-0.01,-9.64,90.89,-0.01,1,1,,,,3.566,0.358,50.5,,,,,-2.922
30.18,CARRY,87.54,-0.01,-9.64,91.05,-0.01,1,1,,,,3.642,0.365,54.3,,,,,-2.922
30.23,CARRY,87.75,-0.01,-9.64,91.21,-0.01,1,1,,,,3.623,0.361,48.5,,,,,-3.016
30.28,CARRY,87.75,-0.01,-9.64,91.36,-0.01,1,1,,,,3.697,0.368,50.1,,,,,-2.219
30.33,CARRY,87.94,-0.01,-9.65,91.52,-0.01,1,1,,,,3.677,0.364,50.3,,,,,-2.281
30.39,CARRY,87.94,-0.01,-9.65,91.67,-0.01,1,1,,,,3.753,0.371,50.0,,,,,-2.359
30.44,CARRY,88.13,-0.01,-9.65,91.82,-0.01,1,1,,,,3.735,0.368,49.8,,,,,-2.547
30.49,CARRY,88.13,-0.01,-9.65,91.98,-0.01,1,1,,,,3.811,0.375,49.8,,,,,-2.672
30.54,CARRY,88.32,-0.01,-9.65,92.13,-0.01,1,1,,,,3.792,0.373,48.9,,,,,-2.547
30.59,CARRY,88.32,-0.01,-9.65,92.28,-0.01,1,1,,,,3.867,0.38,49.3,,,,,-2.594
30.64,CARRY,88.51,-0.01,-9.65,92.43,-0.01,1,1,,,,3.845,0.379,52.1,,,,,-2.781
30.69,CARRY,88.51,-0.01,-9.65,92.59,-0.01,1,1,,,,3.923,0.387,47.6,,,,,-2.641
30.74,CARRY,88.72,-0.01,-9.65,92.74,-0.01,1,1,,,,3.896,0.386,50.4,,,,,-2.25
30.79,CARRY,88.72,-0.01,-9.65,92.89,-0.01,1,1,,,,3.972,0.394,49.4,,,,,-2.406
30.84,CARRY,88.94,-0.02,-9.64,93.04,-0.01,1,1,,,,3.936,0.395,48.3,,,,,-2.219
30.89,CARRY,88.94,-0.02,-9.64,93.19,-0.01,1,1,,,,3.98,0.399,49.6,,,,,-2.328
30.94,CARRY,89.18,-0.02,-9.64,93.34,-0.01,1,1,,,,3.964,0.402,50.4,,,,,-2.578
30.99,CARRY,89.18,-0.02,-9.64,93.5,-0.01,1,1,,,,3.98,0.403,46.8,,,,,-2.609
31.04,CARRY,89.45,-0.03,-9.64,93.65,-0.01,1,1,,,,3.98,0.404,50.2,,,,,-2.203
31.1,CARRY,89.45,-0.03,-9.64,93.8,-0.01,1,1,,,,3.98,0.404,49.7,,,,,-2.203
31.15,CARRY,89.74,-0.03,-9.64,93.95,-0.01,1,1,,,,3.98,0.401,51.7,,,,,-1.586
31.2,CARRY,89.74,-0.03,-9.64,94.11,-0.01,1,1,,,,3.98,0.401,47.2,,,,,-1.648
31.25,CARRY,90.05,-0.04,-9.65,94.26,-0.01,1,1,,,,3.98,0.397,50.4,,,,,-1.688
31.3,CARRY,90.05,-0.04,-9.65,94.42,-0.01,1,1,,,,3.98,0.397,50.3,,,,,-1.75
31.35,CARRY,90.38,-0.05,-9.65,94.57,-0.01,1,1,,,,3.975,0.392,51.4,,,,,-1.852
31.4,CARRY,90.38,-0.05,-9.65,94.73,-0.01,1,1,,,,3.981,0.393,48.7,,,,,-1.93
31.45,CARRY,90.72,-0.06,-9.65,94.88,-0.01,1,1,,,,3.956,0.388,48.4,,,,,-2.188
31.5,CARRY,90.72,-0.06,-9.65,95.03,-0.01,1,1,,,,3.981,0.391,47.9,,,,,-2.234
31.55,CARRY,91.08,-0.07,-9.65,95.18,-0.01,1,1,,,,3.928,0.384,50.3,,,,,-2.344
31.61,CARRY,91.08,-0.07,-9.65,95.33,-0.01,1,1,,,,3.981,0.389,48.8,,,,,-2.328
31.66,CARRY,91.44,-0.08,-9.65,95.48,-0.01,1,1,,,,3.899,0.381,50.1,,,,,-2.891
31.71,CARRY,91.44,-0.08,-9.65,95.63,-0.01,1,1,,,,3.975,0.389,48.7,,,,,-2.875
31.76,CARRY,91.81,-0.09,-9.65,95.78,-0.01,1,1,,,,3.866,0.378,50.0,,,,,-3.641
31.81,CARRY,92.18,-0.1,-9.65,95.94,-0.01,1,1,,,,3.756,0.368,50.6,,,,,-3.438
31.86,CARRY,92.18,-0.1,-9.65,96.09,-0.01,1,1,,,,3.833,0.375,48.5,,,,,-3.531
31.91,CARRY,92.55,-0.11,-9.65,96.24,-0.01,1,1,,,,3.72,0.364,48.7,,,,,-3.172
31.96,CARRY,92.55,-0.11,-9.65,96.39,-0.01,1,1,,,,3.795,0.372,48.9,,,,,-3.453
32.01,CARRY,92.93,-0.12,-9.65,96.54,-0.01,1,1,,,,3.682,0.361,48.3,,,,,-3.453
32.06,CARRY,92.93,-0.12,-9.65,96.69,-0.01,1,1,,,,3.756,0.368,49.5,,,,,-3.781
32.11,CARRY,92.93,-0.12,-9.65,96.84,-0.01,1,1,,,,3.831,0.375,49.9,,,,,-4.094
32.16,CARRY,93.31,-0.13,-9.65,96.99,-0.01,1,1,,,,3.719,0.364,48.5,,,,,-3.766
32.21,CARRY,93.69,-0.14,-9.65,97.14,-0.01,1,1,,,,3.605,0.354,49.2,,,,,-8.125
32.26,CARRY,93.69,-0.14,-9.65,97.29,-0.01,1,1,,,,3.679,0.361,48.6,,,,,-8.188
32.31,CARRY,94.06,-0.15,-9.65,97.45,-0.01,1,1,,,,3.567,0.35,49.6,,,,,-8.25
32.36,CARRY,94.06,-0.15,-9.65,97.6,-0.01,1,1,,,,3.642,0.357,47.6,,,,,-8.312
32.41,CARRY,94.43,-0.17,-9.65,97.75,-0.01,1,1,,,,3.532,0.347,49.2,,,,,-8.375
32.46,CARRY,94.43,-0.17,-9.65,97.9,-0.01,1,1,,,,3.606,0.354,51.6,,,,,-8.375
32.51,CARRY,94.8,-0.18,-9.65,98.05,-0.01,1,1,,,,3.502,0.343,49.2,,,,,-8.375
32.56,CARRY,94.8,-0.18,-9.65,98.2,-0.01,1,1,,,,3.576,0.351,50.9,,,,,-8.375
32.62,CARRY,95.16,-0.19,-9.65,98.36,-0.01,1,1,,,,3.471,0.34,51.0,,,,,-8.375
32.67,CARRY,95.16,-0.19,-9.65,98.51,-0.01,1,1,,,,3.548,0.348,49.2,,,,,-8.375
32.72,CARRY,95.53,-0.2,-9.65,98.67,-0.01,1,1,,,,3.441,0.337,50.4,,,,,-8.375
32.77,CARRY,95.53,-0.2,-9.65,98.82,-0.01,1,1,,,,3.517,0.345,49.8,,,,,-8.375
32.82,CARRY,95.89,-0.2,-9.65,98.97,-0.01,1,1,,,,3.412,0.334,48.1,,,,,-8.375
32.87,CARRY,95.89,-0.2,-9.65,99.12,-0.01,1,1,,,,3.486,0.342,49.9,,,,,-8.375
32.92,CARRY,96.25,-0.21,-9.65,99.27,-0.01,1,1,,,,3.382,0.331,48.5,,,,,-8.375
32.97,REGROUND,96.25,-0.21,-9.65,99.42,-0.01,1,1,,,,3.456,0.338,50.6,,,,,-8.375
33.02,REGROUND,96.61,-0.22,-9.65,99.58,-0.01,1,1,,,,3.354,0.328,3.0,,,,,
33.07,REGROUND,96.61,-0.22,-9.65,99.73,-0.01,1,1,,,,3.429,0.335,0.9,,,,,
33.12,REGROUND,96.96,-0.23,-9.65,99.88,-0.01,1,1,,,,3.326,0.324,1.6,,,,,
33.17,REGROUND,96.96,-0.23,-9.65,100.03,-0.01,1,1,,,,3.401,0.332,0.8,,,,,
33.22,REGROUND,97.32,-0.24,-9.65,100.18,-0.01,1,1,,,,3.299,0.321,1.5,,,,,
33.27,REGROUND,97.32,-0.24,-9.65,100.33,-0.01,1,1,,,,3.373,0.328,0.8,,,,,
33.32,REGROUND,97.67,-0.25,-9.65,100.48,-0.01,1,1,,,,3.273,0.318,1.3,,,,,
33.37,REGROUND,97.67,-0.25,-9.65,100.63,-0.01,1,1,,,,3.347,0.325,0.8,,,,,
33.42,REGROUND,98.02,-0.25,-9.65,100.78,-0.01,1,1,,,,3.248,0.315,1.5,,,,,
33.47,REGROUND,98.02,-0.25,-9.65,100.93,-0.01,1,1,,,,3.322,0.322,0.9,,,,,
33.52,REGROUND,98.37,-0.26,-9.65,101.08,-0.01,1,1,,,,3.224,0.312,1.4,,,,,
33.57,REGROUND,98.37,-0.26,-9.65,101.23,-0.01,1,1,,,,3.298,0.319,0.9,,,,,
33.62,REGROUND,98.71,-0.27,-9.65,101.38,-0.01,1,1,,,,3.2,0.309,1.5,,,,,
33.67,REGROUND,98.71,-0.27,-9.65,101.53,-0.01,1,1,,,,3.275,0.316,0.9,,,,,
33.72,REGROUND,99.06,-0.28,-9.65,101.68,-0.01,1,1,,,,3.178,0.306,1.5,,,,,
33.77,REGROUND,99.06,-0.28,-9.65,101.83,-0.01,1,1,,,,3.253,0.313,0.9,,,,,
33.82,REGROUND,99.4,-0.28,-9.65,101.98,-0.01,1,1,,,,3.157,0.303,1.6,,,,,
33.87,REGROUND,99.4,-0.28,-9.65,102.13,-0.01,1,1,,,,3.231,0.31,0.8,,,,,
33.92,REGROUND,99.74,-0.29,-9.65,102.28,-0.01,1,1,,,,3.136,0.3,1.3,,,,,
33.97,REGROUND,99.74,-0.29,-9.65,102.43,-0.01,1,1,,,,3.211,0.307,0.8,,,,,
34.02,REGROUND,100.08,-0.3,-9.65,102.58,-0.01,1,1,,,,3.117,0.298,1.5,,,,,
34.07,REGROUND,100.08,-0.3,-9.65,102.73,-0.01,1,1,,,,3.191,0.305,0.8,,,,,
34.12,REGROUND,100.41,-0.31,-9.65,102.88,-0.01,1,1,,,,3.098,0.295,1.4,,,,,
34.17,REGROUND,100.41,-0.31,-9.65,103.03,-0.01,1,1,,,,3.172,0.302,0.8,,,,,
34.22,REGROUND,100.75,-0.31,-9.65,103.18,-0.01,1,1,,,,3.08,0.293,1.5,,,,,
34.27,REGROUND,100.75,-0.31,-9.65,103.33,-0.01,1,1,,,,3.155,0.3,0.9,,,,,
34.32,REGROUND,101.08,-0.32,-9.65,103.48,-0.01,1,1,,,,3.062,0.29,1.5,,,,,
34.37,REGROUND,101.08,-0.32,-9.65,103.63,-0.01,1,1,,,,3.137,0.297,0.9,,,,,
34.42,REGROUND,101.42,-0.33,-9.65,103.78,-0.01,1,1,,,,3.046,0.288,1.6,,,,,
34.47,REGROUND,101.42,-0.33,-9.65,103.93,-0.01,1,1,,,,3.12,0.295,0.9,,,,,
34.52,REGROUND,101.75,-0.34,-9.65,104.08,-0.01,1,1,,,,3.03,0.286,1.6,,,,,
34.57,REGROUND,101.75,-0.34,-9.65,104.24,-0.01,1,1,,,,3.105,0.293,0.8,,,,,
34.62,REGROUND,102.07,-0.34,-9.65,104.39,-0.01,1,1,,,,3.017,0.284,1.5,,,,,
34.67,REGROUND,102.07,-0.34,-9.65,104.54,-0.01,1,1,,,,3.092,0.291,0.8,,,,,
34.72,REGROUND,102.39,-0.35,-9.65,104.69,-0.01,1,1,,,,3.005,0.283,1.5,,,,,
34.77,REGROUND,102.39,-0.35,-9.65,104.84,-0.01,1,1,,,,3.079,0.29,0.8,,,,,
34.82,REGROUND,102.72,-0.36,-9.65,104.99,-0.01,1,1,,,,2.993,0.281,1.4,,,,,
34.87,REGROUND,102.72,-0.36,-9.65,105.14,-0.01,1,1,,,,3.067,0.288,0.9,,,,,
34.92,REGROUND,103.04,-0.37,-9.65,105.29,-0.01,1,1,,,,2.982,0.28,1.5,,,,,
34.97,REGROUND,103.04,-0.37,-9.65,105.44,-0.01,1,1,,,,3.056,0.287,0.9,,,,,
35.02,REGROUND,103.36,-0.38,-9.65,105.59,-0.01,1,0,,,,2.97,0.279,1.6,,,,,
35.07,REGROUND,103.36,-0.38,-9.65,105.74,-0.01,1,0,,,,3.045,0.286,0.9,,,,,
35.12,REGROUND,103.68,-0.38,-9.65,105.89,-0.01,1,0,,,,2.961,0.278,1.6,,,,,
35.17,REGROUND,103.68,-0.38,-9.65,106.04,-0.01,1,0,,,,3.036,0.285,0.9,,,,,
35.22,REGROUND,103.99,-0.39,-9.65,106.19,-0.01,1,0,,,,2.953,0.277,3.3,,,,,
35.27,REGROUND,103.99,-0.39,-9.65,106.34,-0.01,1,0,,,,3.028,0.284,0.9,,,,,
35.32,REGROUND,104.3,-0.4,-9.65,106.49,-0.01,1,0,,,,2.946,0.276,1.4,,,,,
35.37,REGROUND,104.3,-0.4,-9.65,106.64,-0.01,1,0,,,,3.021,0.284,0.8,,,,,
35.42,REGROUND,104.62,-0.41,-9.65,106.79,-0.01,1,0,,,,2.94,0.276,1.4,,,,,
35.47,REGROUND,104.62,-0.41,-9.65,106.94,-0.01,1,0,,,,3.015,0.283,0.9,,,,,
35.53,REGROUND,104.93,-0.42,-9.65,107.09,-0.01,1,0,,,,2.935,0.275,1.4,,,,,
35.58,REGROUND,104.93,-0.42,-9.65,107.24,-0.01,1,0,,,,3.009,0.283,0.9,,,,,
35.63,REGROUND,105.23,-0.43,-9.65,107.39,-0.01,1,0,,,,2.93,0.275,1.6,,,,,
35.68,REGROUND,105.23,-0.43,-9.65,107.54,-0.01,1,0,,,,3.005,0.282,0.9,,,,,
35.73,REGROUND,105.54,-0.43,-9.65,107.69,-0.01,1,0,,,,2.927,0.275,1.6,,,,,
35.78,REGROUND,105.54,-0.43,-9.65,107.84,-0.01,1,0,,,,3.001,0.282,0.9,,,,,
35.83,REGROUND,105.84,-0.44,-9.65,107.99,-0.01,1,0,,,,2.924,0.275,1.5,,,,,
35.88,REGROUND,105.84,-0.44,-9.65,108.14,-0.01,1,0,,,,2.998,0.282,0.9,,,,,
35.93,REGROUND,106.15,-0.45,-9.65,108.29,-0.01,1,0,,,,2.921,0.275,1.5,,,,,
35.98,REGROUND,106.15,-0.45,-9.65,108.44,-0.01,1,0,,,,2.996,0.282,0.8,,,,,
36.03,REGROUND,106.45,-0.46,-9.65,108.59,-0.01,1,0,,,,2.919,0.275,1.5,,,,,
36.08,REGROUND,106.45,-0.46,-9.65,108.74,-0.01,1,0,,,,2.994,0.282,0.9,,,,,
36.13,REGROUND,106.75,-0.47,-9.65,108.89,-0.01,1,0,,,,2.918,0.276,1.4,,,,,
36.18,REGROUND,106.75,-0.47,-9.65,109.04,-0.01,1,0,,,,2.992,0.283,0.7,,,,,
36.23,REGROUND,107.05,-0.48,-9.65,109.19,-0.01,1,0,,,,2.917,0.276,1.4,,,,,
36.28,REGROUND,107.05,-0.48,-9.65,109.34,-0.01,1,0,,,,2.992,0.283,0.8,,,,,
36.33,REGROUND,107.35,-0.48,-9.65,109.49,-0.01,1,0,,,,2.917,0.276,1.7,,,,,
36.38,REGROUND,107.35,-0.48,-9.65,109.64,-0.01,1,0,,,,2.991,0.283,0.9,,,,,
36.43,REGROUND,107.65,-0.49,-9.65,109.79,-0.01,1,0,,,,2.916,0.277,1.6,,,,,
36.48,REGROUND,107.65,-0.49,-9.65,109.94,-0.01,1,0,,,,2.99,0.284,0.7,,,,,
36.53,REGROUND,107.95,-0.5,-9.65,110.09,-0.01,1,0,,,,2.916,0.277,1.4,,,,,
36.58,REGROUND,107.95,-0.5,-9.65,110.24,-0.01,1,0,,,,2.99,0.284,0.9,,,,,
36.63,REGROUND,108.25,-0.51,-9.65,110.39,-0.01,1,0,,,,2.917,0.277,1.5,,,,,
36.68,REGROUND,108.25,-0.51,-9.65,110.54,-0.01,1,0,,,,2.991,0.284,0.9,,,,,
36.73,REGROUND,108.54,-0.52,-9.65,110.69,-0.01,1,0,,,,2.919,0.278,1.6,,,,,
36.78,REGROUND,108.54,-0.52,-9.65,110.84,-0.01,1,0,,,,2.993,0.285,0.8,,,,,
36.83,REGROUND,108.84,-0.53,-9.65,110.99,-0.01,1,0,,,,2.92,0.278,1.5,,,,,
36.88,REGROUND,108.84,-0.53,-9.65,111.14,-0.01,1,0,,,,2.995,0.285,0.8,,,,,
36.93,REGROUND,109.13,-0.53,-9.65,111.29,-0.01,1,0,,,,2.922,0.278,1.3,,,,,
36.98,REGROUND,109.13,-0.53,-9.65,111.45,-0.01,1,0,,,,2.996,0.285,0.9,,,,,
37.03,REGROUND,109.43,-0.54,-9.65,111.6,-0.01,1,0,,,,2.923,0.279,1.5,,,,,
37.08,REGROUND,109.43,-0.54,-9.65,111.75,-0.01,1,0,,,,2.997,0.286,0.9,,,,,
37.13,REGROUND,109.73,-0.55,-9.65,111.9,-0.01,1,0,,,,2.923,0.279,1.5,,,,,
37.18,REGROUND,109.73,-0.55,-9.65,112.05,-0.01,1,0,,,,2.998,0.286,0.9,,,,,
37.23,REGROUND,110.02,-0.56,-9.65,112.2,-0.01,1,0,,,,2.925,0.279,1.6,,,,,
37.28,REGROUND,110.02,-0.56,-9.65,112.35,-0.01,1,0,,,,2.999,0.286,0.9,,,,,
37.33,REGROUND,110.32,-0.57,-9.65,112.5,-0.01,1,0,,,,2.927,0.28,1.5,,,,,
37.38,REGROUND,110.32,-0.57,-9.65,112.65,-0.01,1,0,,,,3.001,0.287,0.8,,,,,
37.43,REGROUND,110.62,-0.57,-9.65,112.8,-0.01,1,0,,,,2.928,0.28,1.3,,,,,
37.48,REGROUND,110.62,-0.57,-9.65,112.95,-0.01,1,0,,,,3.003,0.287,4.8,,,,,
37.53,REGROUND,110.91,-0.58,-9.65,113.1,-0.01,1,0,,,,2.93,0.28,1.5,,,,,
37.58,REGROUND,110.91,-0.58,-9.65,113.25,-0.01,1,0,,,,3.005,0.287,0.8,,,,,
37.63,REGROUND,111.21,-0.59,-9.65,113.4,-0.01,1,0,,,,2.932,0.281,1.4,,,,,
37.68,REGROUND,111.21,-0.59,-9.65,113.55,-0.01,1,0,,,,3.006,0.288,0.8,,,,,
37.73,REGROUND,111.5,-0.6,-9.65,113.7,-0.01,1,0,,,,2.934,0.281,1.5,,,,,
37.78,REGROUND,111.5,-0.6,-9.65,113.85,-0.01,1,0,,,,3.008,0.288,0.9,,,,,
37.83,REGROUND,111.8,-0.61,-9.65,114.0,-0.01,1,0,,,,2.935,0.281,1.5,,,,,
37.88,REGROUND,111.8,-0.61,-9.65,114.15,-0.01,1,0,,,,3.01,0.288,0.8,,,,,
37.93,REGROUND,112.09,-0.61,-9.65,114.3,-0.01,1,0,,,,2.937,0.281,1.5,,,,,
37.98,REGROUND,112.09,-0.61,-9.65,114.45,-0.01,1,0,,,,3.011,0.288,0.8,,,,,
38.03,REGROUND,112.39,-0.62,-9.65,114.6,-0.01,1,0,,,,2.939,0.281,1.7,,,,,
38.08,REGROUND,112.39,-0.62,-9.65,114.75,-0.01,1,0,,,,3.013,0.289,0.9,,,,,
38.13,REGROUND,112.68,-0.63,-9.65,114.9,-0.01,1,0,,,,2.94,0.282,1.5,,,,,
38.18,REGROUND,112.68,-0.63,-9.65,115.05,-0.01,1,0,,,,3.015,0.289,0.8,,,,,
38.23,REGROUND,112.98,-0.64,-9.65,115.2,-0.01,1,0,,,,2.941,0.282,1.4,,,,,
38.28,REGROUND,112.98,-0.64,-9.65,115.35,-0.01,1,0,,,,3.016,0.289,0.8,,,,,
38.33,REGROUND,113.28,-0.64,-9.65,115.5,-0.01,1,0,,,,2.943,0.282,1.2,,,,,
38.38,REGROUND,113.28,-0.64,-9.65,115.65,-0.01,1,0,,,,3.017,0.289,0.8,,,,,
38.43,REGROUND,113.57,-0.65,-9.65,115.8,-0.01,1,0,,,,2.943,0.282,1.5,,,,,
38.48,REGROUND,113.57,-0.65,-9.65,115.95,-0.01,1,0,,,,3.018,0.289,0.6,,,,,
38.53,REGROUND,113.87,-0.66,-9.65,116.1,-0.01,1,0,,,,2.945,0.282,1.6,,,,,
38.58,REGROUND,113.87,-0.66,-9.65,116.25,-0.01,1,0,,,,3.019,0.29,0.8,,,,,
38.63,REGROUND,114.16,-0.67,-9.65,116.4,-0.01,1,0,,,,2.947,0.283,1.6,,,,,
38.68,REGROUND,114.16,-0.67,-9.65,116.55,-0.01,1,0,,,,3.021,0.29,0.8,,,,,
38.73,REGROUND,114.46,-0.68,-9.65,116.7,-0.01,1,0,,,,2.949,0.283,1.5,,,,,
38.78,REGROUND,114.46,-0.68,-9.65,116.85,-0.01,1,0,,,,3.024,0.29,0.6,,,,,
38.83,REGROUND,114.75,-0.68,-9.65,117.0,-0.01,1,0,,,,2.95,0.283,1.5,,,,,
38.88,REGROUND,114.75,-0.68,-9.65,117.15,-0.01,1,0,,,,3.025,0.291,0.8,,,,,
38.93,REGROUND,115.05,-0.69,-9.65,117.3,-0.01,1,0,,,,2.952,0.284,1.5,,,,,
38.98,REGROUND,115.05,-0.69,-9.65,117.45,-0.01,1,0,,,,3.026,0.291,0.6,,,,,
39.03,REGROUND,115.35,-0.7,-9.65,117.6,-0.01,1,0,,,,2.952,0.284,1.5,,,,,
39.08,REGROUND,115.35,-0.7,-9.65,117.75,-0.01,1,0,,,,3.027,0.291,0.8,,,,,
39.13,REGROUND,115.65,-0.71,-9.65,117.9,-0.01,1,0,,,,2.953,0.284,1.4,,,,,
39.18,REGROUND,115.65,-0.71,-9.65,118.05,-0.01,1,0,,,,3.027,0.291,0.8,,,,,
39.23,REGROUND,115.95,-0.72,-9.65,118.2,-0.01,1,0,,,,2.952,0.285,1.5,,,,,
39.28,REGROUND,115.95,-0.72,-9.65,118.35,-0.01,1,0,,,,3.027,0.292,0.8,,,,,
39.33,REGROUND,116.24,-0.73,-9.65,118.51,-0.01,1,0,,,,2.952,0.285,1.3,,,,,
39.38,REGROUND,116.24,-0.73,-9.65,118.66,-0.01,1,0,,,,3.027,0.292,0.6,,,,,
39.43,REGROUND,116.54,-0.73,-9.65,118.81,-0.01,1,0,,,,2.952,0.285,1.5,,,,,
39.48,REGROUND,116.54,-0.73,-9.65,118.96,-0.01,1,0,,,,3.026,0.292,0.8,,,,,
39.53,REGROUND,116.84,-0.74,-9.65,119.11,-0.01,1,0,,,,2.952,0.285,1.6,,,,,
39.58,REGROUND,116.84,-0.74,-9.65,119.26,-0.01,1,0,,,,3.026,0.292,0.9,,,,,
39.63,REGROUND,117.14,-0.75,-9.65,119.41,-0.01,1,0,,,,2.951,0.285,1.4,,,,,
39.68,REGROUND,117.14,-0.75,-9.65,119.56,-0.01,1,0,,,,3.026,0.292,0.7,,,,,
39.73,REGROUND,117.44,-0.76,-9.65,119.71,-0.01,1,0,,,,2.951,0.285,1.4,,,,,
39.78,REGROUND,117.44,-0.76,-9.65,119.86,-0.01,1,0,,,,3.025,0.292,4.5,,,,,
39.83,REGROUND,117.74,-0.76,-9.65,120.01,-0.01,1,0,,,,2.95,0.285,1.4,,,,,
39.88,REGROUND,117.74,-0.76,-9.65,120.16,-0.01,1,0,,,,3.025,0.292,0.8,,,,,
39.93,REGROUND,118.04,-0.77,-9.65,120.31,-0.01,1,0,,,,2.95,0.285,1.4,,,,,
39.98,REGROUND,118.04,-0.77,-9.65,120.46,-0.01,1,0,,,,3.024,0.292,0.8,,,,,
40.03,REGROUND,118.34,-0.78,-9.65,120.61,-0.01,1,0,,,,2.949,0.284,1.5,,,,,
40.08,REGROUND,118.34,-0.78,-9.65,120.76,-0.01,1,0,,,,3.023,0.292,0.9,,,,,
40.13,REGROUND,118.64,-0.79,-9.65,120.91,-0.01,1,0,,,,2.948,0.284,1.5,,,,,
40.18,REGROUND,118.64,-0.79,-9.65,121.06,-0.01,1,0,,,,3.023,0.291,0.8,,,,,
40.23,REGROUND,118.94,-0.79,-9.65,121.21,-0.01,1,0,,,,2.947,0.284,1.5,,,,,
40.28,REGROUND,118.94,-0.79,-9.65,121.36,-0.01,1,0,,,,3.022,0.291,0.8,,,,,
40.33,REGROUND,119.24,-0.8,-9.65,121.51,-0.01,1,0,,,,2.947,0.284,1.5,,,,,
40.38,REGROUND,119.24,-0.8,-9.65,121.66,-0.01,1,0,,,,3.021,0.291,0.8,,,,,
40.43,REGROUND,119.54,-0.81,-9.65,121.81,-0.01,1,0,,,,2.946,0.283,1.5,,,,,
40.48,REGROUND,119.54,-0.81,-9.65,121.96,-0.01,1,0,,,,3.02,0.29,0.8,,,,,
40.53,REGROUND,119.85,-0.82,-9.65,122.11,-0.01,1,0,,,,2.944,0.283,1.5,,,,,
40.58,REGROUND,119.85,-0.82,-9.65,122.26,-0.01,1,0,,,,3.018,0.29,0.8,,,,,
40.63,REGROUND,120.15,-0.82,-9.65,122.41,-0.01,1,0,,,,2.943,0.283,1.4,,,,,
40.68,REGROUND,120.15,-0.82,-9.65,122.56,-0.01,1,0,,,,3.018,0.29,0.8,,,,,
40.73,REGROUND,120.45,-0.83,-9.65,122.71,-0.01,1,0,,,,2.943,0.283,1.5,,,,,
40.78,REGROUND,120.45,-0.83,-9.65,122.86,-0.01,1,0,,,,3.017,0.29,0.8,,,,,
40.83,REGROUND,120.75,-0.84,-9.65,123.01,-0.01,1,0,,,,2.943,0.283,1.5,,,,,
40.88,REGROUND,120.75,-0.84,-9.65,123.16,-0.01,1,0,,,,3.017,0.29,0.8,,,,,
40.93,REGROUND,121.05,-0.85,-9.65,123.31,-0.01,1,0,,,,2.942,0.282,1.6,,,,,
40.98,REGROUND,121.05,-0.85,-9.65,123.46,-0.01,1,0,,,,3.017,0.289,0.9,,,,,
41.03,REGROUND,121.35,-0.85,-9.65,123.61,-0.01,1,0,,,,2.942,0.282,1.5,,,,,
41.08,REGROUND,121.35,-0.85,-9.65,123.76,-0.01,1,0,,,,3.016,0.289,0.8,,,,,
41.13,REGROUND,121.65,-0.86,-9.65,123.91,-0.01,1,0,,,,2.941,0.282,1.4,,,,,
41.18,REGROUND,121.65,-0.86,-9.65,124.06,-0.01,1,0,,,,3.016,0.289,0.8,,,,,
41.23,REGROUND,121.95,-0.87,-9.65,124.21,-0.01,1,0,,,,2.939,0.282,1.5,,,,,
41.28,REGROUND,121.95,-0.87,-9.65,124.36,-0.01,1,0,,,,3.014,0.289,0.8,,,,,
41.33,REGROUND,122.25,-0.88,-9.65,124.51,-0.01,1,0,,,,2.939,0.282,1.4,,,,,
41.38,REGROUND,122.25,-0.88,-9.65,124.66,-0.01,1,0,,,,3.013,0.289,0.8,,,,,
41.43,REGROUND,122.55,-0.89,-9.65,124.81,-0.01,1,0,,,,2.938,0.282,1.5,,,,,
41.48,REGROUND,122.55,-0.89,-9.65,124.96,-0.01,1,0,,,,3.013,0.289,0.9,,,,,
41.53,REGROUND,122.85,-0.89,-9.65,125.11,-0.01,1,0,,,,2.938,0.282,1.6,,,,,
41.58,REGROUND,122.85,-0.89,-9.65,125.26,-0.01,1,0,,,,3.013,0.289,0.9,,,,,
41.63,REGROUND,123.15,-0.9,-9.65,125.41,-0.01,1,0,,,,2.938,0.282,1.5,,,,,
41.68,REGROUND,123.15,-0.9,-9.65,125.56,-0.01,1,0,,,,3.012,0.289,0.8,,,,,
41.73,REGROUND,123.45,-0.91,-9.65,125.72,-0.01,1,0,,,,2.938,0.282,1.5,,,,,
41.78,REGROUND,123.45,-0.91,-9.65,125.87,-0.01,1,0,,,,3.013,0.289,0.8,,,,,
41.83,REGROUND,123.74,-0.92,-9.65,126.02,-0.01,1,0,,,,2.938,0.282,1.5,,,,,
41.88,REGROUND,123.74,-0.92,-9.65,126.17,-0.01,1,0,,,,3.013,0.289,0.8,,,,,
41.93,REGROUND,124.04,-0.92,-9.65,126.32,-0.01,1,0,,,,2.938,0.282,1.3,,,,,
41.98,REGROUND,124.04,-0.92,-9.65,126.47,-0.01,1,0,,,,3.013,0.289,0.8,,,,,
42.03,REGROUND,124.34,-0.93,-9.65,126.62,-0.01,1,0,,,,2.938,0.282,1.4,,,,,
42.08,REGROUND,124.34,-0.93,-9.65,126.77,-0.01,1,0,,,,3.013,0.289,0.8,,,,,
42.13,REGROUND,124.64,-0.94,-9.65,126.92,-0.01,1,0,,,,2.938,0.282,1.5,,,,,
42.18,REGROUND,124.64,-0.94,-9.65,127.07,-0.01,1,0,,,,3.013,0.289,4.9,,,,,
42.23,REGROUND,124.94,-0.95,-9.65,127.22,-0.01,1,0,,,,2.938,0.281,1.5,,,,,
42.28,REGROUND,124.94,-0.95,-9.65,127.37,-0.01,1,0,,,,3.013,0.289,0.9,,,,,
42.33,REGROUND,125.24,-0.95,-9.65,127.52,-0.01,1,0,,,,2.939,0.281,1.3,,,,,
42.38,REGROUND,125.24,-0.95,-9.65,127.67,-0.01,1,0,,,,3.014,0.288,0.8,,,,,
42.44,REGROUND,125.54,-0.96,-9.65,127.82,-0.01,1,0,,,,2.939,0.281,1.2,,,,,
42.49,REGROUND,125.54,-0.96,-9.65,127.97,-0.01,1,0,,,,3.014,0.288,0.6,,,,,
42.54,REGROUND,125.84,-0.97,-9.65,128.12,-0.01,1,0,,,,2.94,0.281,1.4,,,,,
42.59,REGROUND,125.84,-0.97,-9.65,128.27,-0.01,1,0,,,,3.014,0.288,0.6,,,,,
42.64,REGROUND,126.14,-0.98,-9.65,128.42,-0.01,1,0,,,,2.938,0.281,1.5,,,,,
42.69,REGROUND,126.14,-0.98,-9.65,128.57,-0.01,1,0,,,,3.013,0.288,0.8,,,,,
42.74,REGROUND,126.43,-0.98,-9.65,128.72,-0.01,1,0,,,,2.939,0.281,1.5,,,,,
42.79,REGROUND,126.43,-0.98,-9.65,128.87,-0.01,1,0,,,,3.013,0.288,0.8,,,,,
42.84,REGROUND,126.73,-0.99,-9.65,129.02,-0.01,1,0,,,,2.94,0.281,1.5,,,,,
42.89,REGROUND,126.73,-0.99,-9.65,129.17,-0.01,1,0,,,,3.014,0.288,0.8,,,,,
42.94,REGROUND,127.03,-1.0,-9.65,129.32,-0.01,1,0,,,,2.942,0.281,1.5,,,,,
42.99,REGROUND,127.03,-1.0,-9.65,129.47,-0.01,1,0,,,,3.016,0.288,0.8,,,,,
43.04,REGROUND,127.32,-1.01,-9.65,129.62,-0.01,1,0,,,,2.942,0.281,1.5,,,,,
43.09,REGROUND,127.32,-1.01,-9.65,129.77,-0.01,1,0,,,,3.017,0.288,0.6,,,,,
43.14,REGROUND,127.62,-1.01,-9.65,129.92,-0.01,1,0,,,,2.943,0.28,1.5,,,,,
43.19,REGROUND,127.62,-1.01,-9.65,130.07,-0.01,1,0,,,,3.017,0.288,0.8,,,,,
43.24,REGROUND,127.92,-1.02,-9.65,130.22,-0.01,1,0,,,,2.943,0.281,1.4,,,,,
43.29,REGROUND,127.92,-1.02,-9.65,130.37,-0.01,1,0,,,,3.018,0.288,0.6,,,,,
43.34,REGROUND,128.22,-1.03,-9.65,130.52,-0.01,1,0,,,,2.943,0.28,1.3,,,,,
43.39,REGROUND,128.22,-1.03,-9.65,130.67,-0.01,1,0,,,,3.017,0.287,0.6,,,,,
43.44,REGROUND,128.52,-1.04,-9.65,130.82,-0.01,1,0,,,,2.943,0.28,1.5,,,,,
43.49,REGROUND,128.52,-1.04,-9.65,130.97,-0.01,1,0,,,,3.018,0.287,0.9,,,,,
43.54,REGROUND,128.82,-1.04,-9.65,131.12,-0.01,1,0,,,,2.944,0.28,1.5,,,,,
43.59,REGROUND,128.82,-1.04,-9.65,131.27,-0.01,1,0,,,,3.018,0.287,1.0,,,,,
43.64,REGROUND,129.11,-1.05,-9.65,131.42,-0.01,1,0,,,,2.944,0.28,1.7,,,,,
43.69,REGROUND,129.11,-1.05,-9.65,131.57,-0.01,1,0,,,,3.018,0.287,0.8,,,,,
43.74,REGROUND,129.41,-1.06,-9.65,131.72,-0.01,1,0,,,,2.944,0.28,1.5,,,,,
43.79,REGROUND,129.41,-1.06,-9.65,131.87,-0.01,1,0,,,,3.018,0.287,0.6,,,,,
43.84,REGROUND,129.71,-1.07,-9.65,132.03,-0.01,1,0,,,,2.944,0.28,1.5,,,,,
43.89,REGROUND,129.71,-1.07,-9.65,132.18,-0.01,1,0,,,,3.018,0.287,0.6,,,,,
43.94,REGROUND,130.01,-1.08,-9.65,132.33,-0.01,1,0,,,,2.944,0.28,1.7,,,,,
43.99,REGROUND,130.01,-1.08,-9.65,132.48,-0.01,1,0,,,,3.018,0.287,0.8,,,,,
44.04,REGROUND,130.31,-1.08,-9.65,132.63,-0.01,1,0,,,,2.943,0.28,1.5,,,,,
44.09,REGROUND,130.31,-1.08,-9.65,132.78,-0.01,1,0,,,,3.018,0.287,0.6,,,,,
44.14,REGROUND,130.61,-1.09,-9.65,132.93,-0.01,1,0,,,,2.943,0.28,1.5,,,,,
44.19,REGROUND,130.61,-1.09,-9.65,133.08,-0.01,1,0,,,,3.018,0.287,0.8,,,,,
44.24,REGROUND,130.91,-1.1,-9.65,133.23,-0.01,1,0,,,,2.943,0.28,1.5,,,,,
44.29,REGROUND,130.91,-1.1,-9.65,133.38,-0.01,1,0,,,,3.018,0.288,0.9,,,,,
44.34,REGROUND,131.21,-1.11,-9.65,133.53,-0.01,1,0,,,,2.943,0.28,1.5,,,,,
44.39,REGROUND,131.21,-1.11,-9.65,133.68,-0.01,1,0,,,,3.018,0.287,0.8,,,,,
44.44,REGROUND,131.51,-1.12,-9.65,133.83,-0.01,1,0,,,,2.943,0.281,1.5,,,,,
44.49,REGROUND,131.51,-1.12,-9.65,133.98,-0.01,1,0,,,,3.017,0.288,0.8,,,,,
44.54,REGROUND,131.81,-1.12,-9.65,134.13,-0.01,1,0,,,,2.942,0.281,1.3,,,,,
44.59,REGROUND,131.81,-1.12,-9.65,134.28,-0.01,1,0,,,,3.017,0.288,4.8,,,,,
44.64,REGROUND,132.11,-1.13,-9.65,134.43,-0.01,1,0,,,,2.942,0.281,1.5,,,,,
44.69,REGROUND,132.11,-1.13,-9.65,134.58,-0.01,1,0,,,,3.016,0.288,0.8,,,,,
44.74,REGROUND,132.41,-1.14,-9.65,134.73,-0.01,1,0,,,,2.94,0.281,1.4,,,,,
44.79,REGROUND,132.41,-1.14,-9.65,134.88,-0.01,1,0,,,,3.014,0.288,0.8,,,,,
44.84,REGROUND,132.71,-1.15,-9.65,135.03,-0.01,1,0,,,,2.938,0.281,1.5,,,,,
44.89,REGROUND,132.71,-1.15,-9.65,135.18,-0.01,1,0,,,,3.013,0.288,0.8,,,,,
44.94,REGROUND,133.01,-1.16,-9.65,135.33,-0.01,1,0,,,,2.938,0.281,1.5,,,,,
44.99,REGROUND,133.01,-1.16,-9.65,135.48,-0.01,1,0,,,,3.012,0.288,0.8,,,,,
45.04,REGROUND,133.31,-1.16,-9.65,135.63,-0.01,1,0,,,,2.938,0.281,1.5,,,,,
45.09,REGROUND,133.31,-1.16,-9.65,135.78,-0.01,1,0,,,,3.012,0.288,0.8,,,,,
45.14,REGROUND,133.61,-1.17,-9.65,135.93,-0.01,1,0,,,,2.937,0.281,1.5,,,,,
45.19,REGROUND,133.61,-1.17,-9.65,136.08,-0.01,1,0,,,,3.012,0.288,0.8,,,,,
45.24,REGROUND,133.91,-1.18,-9.65,136.23,-0.01,1,0,,,,2.937,0.281,1.7,,,,,
45.29,REGROUND,133.91,-1.18,-9.65,136.38,-0.01,1,0,,,,3.011,0.288,0.8,,,,,
45.34,REGROUND,134.21,-1.19,-9.65,136.53,-0.01,1,0,,,,2.936,0.281,1.5,,,,,
45.39,REGROUND,134.21,-1.19,-9.65,136.68,-0.01,1,0,,,,3.011,0.288,0.8,,,,,
45.44,REGROUND,134.51,-1.2,-9.65,136.83,-0.01,1,0,,,,2.935,0.281,1.5,,,,,
45.49,REGROUND,134.51,-1.2,-9.65,136.98,-0.01,1,0,,,,3.009,0.288,0.8,,,,,
45.54,REGROUND,134.81,-1.2,-9.65,137.13,-0.01,1,0,,,,2.935,0.281,1.5,,,,,
45.59,REGROUND,134.81,-1.2,-9.65,137.28,-0.01,1,0,,,,3.009,0.288,0.9,,,,,
45.64,REGROUND,135.11,-1.21,-9.65,137.43,-0.01,1,0,,,,2.934,0.281,1.5,,,,,
45.69,REGROUND,135.11,-1.21,-9.65,137.58,-0.01,1,0,,,,3.009,0.288,0.9,,,,,
45.74,REGROUND,135.41,-1.22,-9.65,137.73,-0.01,1,0,,,,2.935,0.281,1.6,,,,,
45.79,REGROUND,135.41,-1.22,-9.65,137.88,-0.01,1,0,,,,3.009,0.288,0.6,,,,,
45.84,REGROUND,135.71,-1.23,-9.65,138.03,-0.01,1,0,,,,2.935,0.281,1.5,,,,,
45.89,REGROUND,135.71,-1.23,-9.65,138.18,-0.01,1,0,,,,3.009,0.288,0.8,,,,,
45.94,REGROUND,136.0,-1.23,-9.65,138.33,-0.01,1,0,,,,2.935,0.281,1.6,,,,,
45.99,REGROUND,136.0,-1.23,-9.65,138.48,-0.01,1,0,,,,3.009,0.288,0.7,,,,,
46.04,REGROUND,136.3,-1.24,-9.65,138.63,-0.01,1,0,,,,2.935,0.281,1.7,,,,,
46.09,REGROUND,136.3,-1.24,-9.65,138.78,-0.01,1,0,,,,3.01,0.288,1.0,,,,,
46.14,REGROUND,136.6,-1.25,-9.65,138.93,-0.01,1,0,,,,2.935,0.281,1.7,,,,,
46.19,REGROUND,136.6,-1.25,-9.65,139.08,-0.01,1,0,,,,3.01,0.288,0.9,,,,,
46.24,REGROUND,136.9,-1.26,-9.65,139.23,-0.01,1,0,,,,2.936,0.281,1.4,,,,,
46.29,REGROUND,136.9,-1.26,-9.65,139.38,-0.01,1,0,,,,3.01,0.288,0.8,,,,,
46.34,REGROUND,137.2,-1.26,-9.65,139.54,-0.01,1,0,,,,2.936,0.281,1.5,,,,,
46.39,REGROUND,137.2,-1.26,-9.65,139.69,-0.01,1,0,,,,3.011,0.288,0.8,,,,,
46.44,REGROUND,137.5,-1.27,-9.65,139.84,-0.01,1,0,,,,2.936,0.281,1.3,,,,,
46.49,REGROUND,137.5,-1.27,-9.65,139.99,-0.01,1,0,,,,3.011,0.288,0.9,,,,,
46.54,REGROUND,137.79,-1.28,-9.65,140.14,-0.01,1,0,,,,2.937,0.28,1.5,,,,,
46.59,REGROUND,137.79,-1.28,-9.65,140.29,-0.01,1,0,,,,3.011,0.288,0.8,,,,,
46.64,REGROUND,138.09,-1.29,-9.65,140.44,-0.01,1,0,,,,2.937,0.28,1.5,,,,,
46.69,REGROUND,138.09,-1.29,-9.65,140.59,-0.01,1,0,,,,3.012,0.287,0.8,,,,,
46.74,REGROUND,138.39,-1.29,-9.65,140.74,-0.01,1,0,,,,2.938,0.28,1.6,,,,,
46.79,REGROUND,138.39,-1.29,-9.65,140.89,-0.01,1,0,,,,3.012,0.287,0.8,,,,,
46.84,REGROUND,138.69,-1.3,-9.65,141.04,-0.01,1,0,,,,2.937,0.28,1.5,,,,,
46.89,REGROUND,138.69,-1.3,-9.65,141.19,-0.01,1,0,,,,3.011,0.287,0.8,,,,,
46.94,REGROUND,138.99,-1.31,-9.65,141.34,-0.01,1,0,,,,2.937,0.28,5.5,,,,,
46.99,REGROUND,138.99,-1.31,-9.65,141.49,-0.01,1,0,,,,3.012,0.287,0.8,,,,,
47.04,REGROUND,139.29,-1.32,-9.65,141.64,-0.01,1,0,,,,2.937,0.28,1.4,,,,,
47.09,REGROUND,139.29,-1.32,-9.65,141.79,-0.01,1,0,,,,3.011,0.287,0.7,,,,,
47.14,REGROUND,139.58,-1.33,-9.65,141.94,-0.01,1,0,,,,2.938,0.28,1.5,,,,,
47.19,REGROUND,139.58,-1.33,-9.65,142.09,-0.01,1,0,,,,3.013,0.287,0.8,,,,,
47.24,REGROUND,139.88,-1.33,-9.65,142.24,-0.01,1,0,,,,2.938,0.28,1.6,,,,,
47.29,REGROUND,139.88,-1.33,-9.65,142.39,-0.01,1,0,,,,3.012,0.287,0.8,,,,,
47.34,REGROUND,140.18,-1.34,-9.65,142.54,-0.01,1,0,,,,2.938,0.28,1.5,,,,,
47.39,REGROUND,140.18,-1.34,-9.65,142.69,-0.01,1,0,,,,3.012,0.287,0.6,,,,,
47.44,REGROUND,140.48,-1.35,-9.65,142.84,-0.01,1,0,,,,2.938,0.28,1.2,,,,,
47.49,REGROUND,140.48,-1.35,-9.65,142.99,-0.01,1,0,,,,3.012,0.287,0.8,,,,,
47.54,REGROUND,140.78,-1.36,-9.65,143.14,-0.01,1,0,,,,2.937,0.28,1.3,,,,,
47.59,REGROUND,140.78,-1.36,-9.65,143.29,-0.01,1,0,,,,3.011,0.287,0.8,,,,,
47.64,REGROUND,141.08,-1.36,-9.65,143.44,-0.01,1,0,,,,2.937,0.28,1.4,,,,,
47.69,REGROUND,141.08,-1.36,-9.65,143.59,-0.01,1,0,,,,3.012,0.287,0.8,,,,,
47.74,REGROUND,141.38,-1.37,-9.65,143.74,-0.01,1,0,,,,2.938,0.28,1.4,,,,,
47.79,REGROUND,141.38,-1.37,-9.65,143.89,-0.01,1,0,,,,3.012,0.287,0.7,,,,,
47.84,REGROUND,141.68,-1.38,-9.65,144.04,-0.01,1,0,,,,2.938,0.28,1.3,,,,,
47.89,REGROUND,141.68,-1.38,-9.65,144.19,-0.01,1,0,,,,3.013,0.287,0.8,,,,,
47.94,REGROUND,141.97,-1.39,-9.65,144.34,-0.01,1,0,,,,2.939,0.28,1.4,,,,,
47.99,REGROUND,141.97,-1.39,-9.65,144.49,-0.01,1,0,,,,3.014,0.287,0.8,,,,,
48.04,REGROUND,142.27,-1.39,-9.65,144.64,-0.01,1,0,,,,2.94,0.28,1.6,,,,,
48.09,REGROUND,142.27,-1.39,-9.65,144.79,-0.01,1,0,,,,3.014,0.287,0.9,,,,,
48.14,REGROUND,142.57,-1.4,-9.65,144.94,-0.01,1,0,,,,2.941,0.28,1.5,,,,,
48.19,REGROUND,142.57,-1.4,-9.65,145.09,-0.01,1,0,,,,3.015,0.287,0.8,,,,,
48.24,REGROUND,142.86,-1.41,-9.65,145.24,-0.01,1,0,,,,2.941,0.28,1.5,,,,,
48.29,REGROUND,142.86,-1.41,-9.65,145.39,-0.01,1,0,,,,3.016,0.287,0.8,,,,,
48.34,REGROUND,143.16,-1.42,-9.65,145.54,-0.01,1,0,,,,2.942,0.28,1.5,,,,,
48.39,REGROUND,143.16,-1.42,-9.65,145.69,-0.01,1,0,,,,3.016,0.287,0.8,,,,,
48.44,REGROUND,143.46,-1.43,-9.65,145.84,-0.01,1,0,,,,2.942,0.28,1.4,,,,,
48.49,REGROUND,143.46,-1.43,-9.65,145.99,-0.01,1,0,,,,3.017,0.287,0.9,,,,,
48.54,REGROUND,143.76,-1.43,-9.65,146.14,-0.01,1,0,,,,2.943,0.28,1.3,,,,,
48.59,REGROUND,143.76,-1.43,-9.65,146.29,-0.01,1,0,,,,3.017,0.287,0.8,,,,,
48.64,REGROUND,144.06,-1.44,-9.65,146.44,-0.01,1,0,,,,2.943,0.28,1.5,,,,,
48.69,REGROUND,144.06,-1.44,-9.65,146.59,-0.01,1,0,,,,3.017,0.288,0.8,,,,,
48.74,REGROUND,144.35,-1.45,-9.65,146.74,-0.01,1,0,,,,2.943,0.28,1.5,,,,,
48.79,REGROUND,144.35,-1.45,-9.65,146.89,-0.01,1,0,,,,3.018,0.288,0.8,,,,,
48.84,REGROUND,144.65,-1.46,-9.65,147.05,-0.01,1,0,,,,2.943,0.28,1.5,,,,,
48.89,REGROUND,144.65,-1.46,-9.65,147.2,-0.01,1,0,,,,3.018,0.288,0.8,,,,,
48.94,REGROUND,144.95,-1.46,-9.65,147.35,-0.01,1,0,,,,2.942,0.28,1.5,,,,,
48.99,REGROUND,144.95,-1.46,-9.65,147.5,-0.01,1,0,,,,3.017,0.287,0.8,,,,,
49.04,REGROUND,145.25,-1.47,-9.65,147.65,-0.01,1,0,,,,2.942,0.28,1.3,,,,,
49.09,REGROUND,145.25,-1.47,-9.65,147.8,-0.01,1,0,,,,3.017,0.287,0.8,,,,,
49.14,REGROUND,145.55,-1.48,-9.65,147.95,-0.01,1,0,,,,2.942,0.28,1.4,,,,,
49.19,REGROUND,145.55,-1.48,-9.65,148.1,-0.01,1,0,,,,3.016,0.287,0.8,,,,,
49.24,REGROUND,145.85,-1.49,-9.65,148.25,-0.01,1,0,,,,2.943,0.28,1.4,,,,,
49.29,REGROUND,145.85,-1.49,-9.65,148.4,-0.01,1,0,,,,3.017,0.288,4.0,,,,,
49.34,REGROUND,146.15,-1.5,-9.65,148.55,-0.01,1,0,,,,2.943,0.28,1.3,,,,,
49.39,REGROUND,146.15,-1.5,-9.65,148.7,-0.01,1,0,,,,3.017,0.288,0.8,,,,,
49.44,REGROUND,146.45,-1.5,-9.65,148.85,-0.01,1,0,,,,2.942,0.281,1.5,,,,,
49.49,REGROUND,146.45,-1.5,-9.65,149.0,-0.01,1,0,,,,3.016,0.288,0.9,,,,,
49.54,REGROUND,146.75,-1.51,-9.65,149.15,-0.01,1,0,,,,2.941,0.28,1.5,,,,,
49.59,REGROUND,146.75,-1.51,-9.65,149.3,-0.01,1,0,,,,3.016,0.288,0.8,,,,,
49.64,REGROUND,147.05,-1.52,-9.65,149.45,-0.01,1,0,,,,2.94,0.28,1.5,,,,,
49.69,REGROUND,147.05,-1.52,-9.65,149.6,-0.01,1,0,,,,3.014,0.287,0.8,,,,,
49.74,REGROUND,147.35,-1.53,-9.65,149.75,-0.01,1,0,,,,2.939,0.28,1.5,,,,,
49.8,REGROUND,147.35,-1.53,-9.65,149.9,-0.01,1,0,,,,3.014,0.287,0.6,,,,,
49.85,REGROUND,147.65,-1.54,-9.65,150.05,-0.01,1,0,,,,2.938,0.28,1.5,,,,,
49.9,REGROUND,147.65,-1.54,-9.65,150.2,-0.01,1,0,,,,3.013,0.287,0.8,,,,,
49.95,REGROUND,147.95,-1.54,-9.65,150.35,-0.01,1,0,,,,2.938,0.28,1.3,,,,,
50.0,REGROUND,147.95,-1.54,-9.65,150.5,-0.01,1,0,,,,3.012,0.287,0.8,,,,,
50.05,REGROUND,148.25,-1.55,-9.65,150.65,-0.01,1,0,,,,2.937,0.28,1.5,,,,,
50.1,REGROUND,148.25,-1.55,-9.65,150.8,-0.01,1,0,,,,3.012,0.287,0.9,,,,,
50.15,REGROUND,148.55,-1.56,-9.65,150.95,-0.01,1,0,,,,2.937,0.28,1.6,,,,,
50.2,REGROUND,148.55,-1.56,-9.65,151.1,-0.01,1,0,,,,3.011,0.288,0.8,,,,,
50.25,REGROUND,148.85,-1.57,-9.65,151.25,-0.01,1,0,,,,2.936,0.281,1.5,,,,,
50.3,REGROUND,148.85,-1.57,-9.65,151.4,-0.01,1,0,,,,3.011,0.288,0.8,,,,,
50.35,REGROUND,149.15,-1.58,-9.65,151.55,-0.01,1,0,,,,2.936,0.281,1.3,,,,,
50.4,REGROUND,149.15,-1.58,-9.65,151.7,-0.01,1,0,,,,3.011,0.288,0.8,,,,,
50.45,REGROUND,149.45,-1.58,-9.65,151.85,-0.01,1,0,,,,2.936,0.281,1.6,,,,,
50.5,REGROUND,149.45,-1.58,-9.65,152.0,-0.01,1,0,,,,3.011,0.288,0.9,,,,,
50.55,REGROUND,149.75,-1.59,-9.65,152.15,-0.01,1,0,,,,2.936,0.281,1.5,,,,,
50.6,REGROUND,149.75,-1.59,-9.65,152.3,-0.01,1,0,,,,3.011,0.288,0.8,,,,,
50.65,REGROUND,150.05,-1.6,-9.65,152.45,-0.01,1,0,,,,2.936,0.281,1.3,,,,,
50.7,REGROUND,150.05,-1.6,-9.65,152.6,-0.01,1,0,,,,3.01,0.288,0.7,,,,,
50.75,REGROUND,150.35,-1.61,-9.65,152.75,-0.01,1,0,,,,2.936,0.281,1.4,,,,,
50.8,REGROUND,150.35,-1.61,-9.65,152.9,-0.01,1,0,,,,3.01,0.288,0.8,,,,,
50.85,REGROUND,150.65,-1.61,-9.65,153.05,-0.01,1,0,,,,2.936,0.281,1.3,,,,,
50.9,REGROUND,150.65,-1.61,-9.65,153.2,-0.01,1,0,,,,3.01,0.288,0.8,,,,,
50.95,REGROUND,150.95,-1.62,-9.65,153.35,-0.01,1,0,,,,2.934,0.281,1.5,,,,,
51.0,REGROUND,150.95,-1.62,-9.65,153.5,-0.01,1,0,,,,3.009,0.288,0.8,,,,,
51.05,REGROUND,151.25,-1.63,-9.65,153.65,-0.01,1,0,,,,2.934,0.281,1.5,,,,,
51.1,REGROUND,151.25,-1.63,-9.65,153.8,-0.01,1,0,,,,3.009,0.288,0.9,,,,,
51.15,REGROUND,151.55,-1.64,-9.65,153.95,-0.01,1,0,,,,2.934,0.281,1.5,,,,,
51.2,REGROUND,151.55,-1.64,-9.65,154.11,-0.01,1,0,,,,3.009,0.288,0.8,,,,,
51.25,REGROUND,151.84,-1.65,-9.65,154.26,-0.01,1,0,,,,2.935,0.281,1.4,,,,,
51.3,REGROUND,151.84,-1.65,-9.65,154.41,-0.01,1,0,,,,3.01,0.288,0.8,,,,,
51.35,REGROUND,152.14,-1.65,-9.65,154.56,-0.01,1,0,,,,2.935,0.281,1.5,,,,,
51.4,REGROUND,152.14,-1.65,-9.65,154.71,-0.01,1,0,,,,3.01,0.288,0.8,,,,,
51.45,REGROUND,152.44,-1.66,-9.65,154.86,-0.01,1,0,,,,2.935,0.281,1.2,,,,,
51.5,REGROUND,152.44,-1.66,-9.65,155.01,-0.01,1,0,,,,3.01,0.288,0.9,,,,,
51.55,REGROUND,152.74,-1.67,-9.65,155.16,-0.01,1,0,,,,2.935,0.281,1.4,,,,,
51.6,REGROUND,152.74,-1.67,-9.65,155.31,-0.01,1,0,,,,3.01,0.288,0.9,,,,,
51.65,REGROUND,153.04,-1.68,-9.65,155.46,-0.01,1,0,,,,2.935,0.281,5.5,,,,,
51.7,REGROUND,153.04,-1.68,-9.65,155.61,-0.01,1,0,,,,3.01,0.288,0.9,,,,,
51.75,REGROUND,153.34,-1.68,-9.65,155.76,-0.01,1,0,,,,2.934,0.28,1.6,,,,,
51.8,REGROUND,153.34,-1.68,-9.65,155.91,-0.01,1,0,,,,3.009,0.288,0.8,,,,,
51.85,REGROUND,153.64,-1.69,-9.65,156.06,-0.01,1,0,,,,2.934,0.28,1.5,,,,,
51.9,REGROUND,153.64,-1.69,-9.65,156.21,-0.01,1,0,,,,3.009,0.288,0.8,,,,,
51.95,REGROUND,153.94,-1.7,-9.65,156.36,-0.01,1,0,,,,2.934,0.28,1.6,,,,,
52.0,REGROUND,153.94,-1.7,-9.65,156.51,-0.01,1,0,,,,3.009,0.287,0.8,,,,,
52.05,REGROUND,154.23,-1.71,-9.65,156.66,-0.01,1,0,,,,2.934,0.28,1.4,,,,,
52.1,REGROUND,154.23,-1.71,-9.65,156.81,-0.01,1,0,,,,3.009,0.287,0.8,,,,,
52.15,REGROUND,154.53,-1.71,-9.65,156.96,-0.01,1,0,,,,2.934,0.28,1.3,,,,,
52.2,REGROUND,154.53,-1.71,-9.65,157.11,-0.01,1,0,,,,3.009,0.287,0.8,,,,,
52.25,REGROUND,154.83,-1.72,-9.65,157.26,-0.01,1,0,,,,2.934,0.28,1.5,,,,,
52.3,REGROUND,154.83,-1.72,-9.65,157.41,-0.01,1,0,,,,3.009,0.287,0.8,,,,,
52.35,REGROUND,155.13,-1.73,-9.65,157.56,-0.01,1,0,,,,2.934,0.28,1.5,,,,,
52.4,REGROUND,155.13,-1.73,-9.65,157.71,-0.01,1,0,,,,3.009,0.287,0.8,,,,,
52.45,REGROUND,155.43,-1.74,-9.65,157.86,-0.01,1,0,,,,2.934,0.28,1.3,,,,,
52.5,REGROUND,155.43,-1.74,-9.65,158.01,-0.01,1,0,,,,3.009,0.287,0.9,,,,,
52.55,REGROUND,155.73,-1.75,-9.65,158.16,-0.01,1,0,,,,2.935,0.28,1.5,,,,,
52.6,REGROUND,155.73,-1.75,-9.65,158.31,-0.01,1,0,,,,3.009,0.287,0.9,,,,,
52.65,REGROUND,156.03,-1.75,-9.65,158.46,-0.01,1,0,,,,2.935,0.28,1.4,,,,,
52.7,REGROUND,156.03,-1.75,-9.65,158.61,-0.01,1,0,,,,3.009,0.287,0.8,,,,,
52.75,REGROUND,156.32,-1.76,-9.65,158.76,-0.01,1,0,,,,2.935,0.28,1.4,,,,,
52.8,REGROUND,156.32,-1.76,-9.65,158.91,-0.01,1,0,,,,3.01,0.287,0.8,,,,,
52.85,REGROUND,156.62,-1.77,-9.65,159.06,-0.01,1,0,,,,2.936,0.28,1.4,,,,,
52.9,REGROUND,156.62,-1.77,-9.65,159.21,-0.01,1,0,,,,3.01,0.287,0.6,,,,,
52.95,REGROUND,156.92,-1.78,-9.65,159.36,-0.01,1,0,,,,2.936,0.28,1.4,,,,,
53.0,REGROUND,156.92,-1.78,-9.65,159.51,-0.01,1,0,,,,3.01,0.287,0.8,,,,,
53.05,REGROUND,157.22,-1.78,-9.65,159.66,-0.01,1,0,,,,2.935,0.28,1.6,,,,,
53.1,REGROUND,157.22,-1.78,-9.65,159.81,-0.01,1,0,,,,3.01,0.287,0.9,,,,,
53.15,REGROUND,157.52,-1.79,-9.65,159.96,-0.01,1,0,,,,2.936,0.28,1.3,,,,,
53.2,REGROUND,157.52,-1.79,-9.65,160.11,-0.01,1,0,,,,3.01,0.287,0.8,,,,,
53.25,REGROUND,157.82,-1.8,-9.65,160.26,-0.01,1,0,,,,2.937,0.28,1.4,,,,,
53.3,REGROUND,157.82,-1.8,-9.65,160.41,-0.01,1,0,,,,3.011,0.287,0.8,,,,,
53.35,REGROUND,158.11,-1.81,-9.65,160.56,-0.01,1,0,,,,2.939,0.28,1.3,,,,,
53.4,REGROUND,158.11,-1.81,-9.65,160.71,-0.01,1,0,,,,3.013,0.287,0.8,,,,,
53.45,REGROUND,158.41,-1.81,-9.65,160.86,-0.01,1,0,,,,2.94,0.28,1.4,,,,,
53.5,REGROUND,158.41,-1.81,-9.65,161.01,-0.01,1,0,,,,3.014,0.287,0.9,,,,,
53.55,REGROUND,158.7,-1.82,-9.65,161.16,-0.01,1,0,,,,2.941,0.28,1.4,,,,,
53.6,REGROUND,158.7,-1.82,-9.65,161.31,-0.01,1,0,,,,3.015,0.287,0.8,,,,,
53.65,REGROUND,159.0,-1.83,-9.65,161.47,-0.01,1,0,,,,2.942,0.28,1.4,,,,,
53.7,REGROUND,159.0,-1.83,-9.65,161.62,-0.01,1,0,,,,3.016,0.287,0.8,,,,,
53.75,REGROUND,159.3,-1.84,-9.65,161.77,-0.01,1,0,,,,2.942,0.28,1.4,,,,,
53.8,REGROUND,159.3,-1.84,-9.65,161.92,-0.01,1,0,,,,3.016,0.287,0.8,,,,,
53.85,REGROUND,159.6,-1.84,-9.65,162.07,-0.01,1,0,,,,2.942,0.28,1.5,,,,,
53.9,REGROUND,159.6,-1.84,-9.65,162.22,-0.01,1,0,,,,3.017,0.287,0.9,,,,,
53.95,REGROUND,159.9,-1.85,-9.65,162.37,-0.01,1,0,,,,2.943,0.28,1.5,,,,,
54.0,REGROUND,159.9,-1.85,-9.65,162.52,-0.01,1,0,,,,3.017,0.287,0.8,,,,,
54.05,REGROUND,160.19,-1.86,-9.65,162.67,-0.01,1,0,,,,2.944,0.28,4.7,,,,,
54.1,REGROUND,160.19,-1.86,-9.65,162.82,-0.01,1,0,,,,3.018,0.288,0.8,,,,,
54.15,REGROUND,160.49,-1.87,-9.65,162.97,-0.01,1,0,,,,2.944,0.28,1.5,,,,,
54.2,REGROUND,160.49,-1.87,-9.65,163.12,-0.01,1,0,,,,3.019,0.288,0.8,,,,,
54.25,REGROUND,160.79,-1.88,-9.65,163.27,-0.01,1,0,,,,2.945,0.281,1.4,,,,,
54.3,REGROUND,160.79,-1.88,-9.65,163.42,-0.01,1,0,,,,3.019,0.288,0.6,,,,,
54.35,REGROUND,161.09,-1.88,-9.65,163.57,-0.01,1,0,,,,2.945,0.281,1.2,,,,,
54.4,REGROUND,161.09,-1.88,-9.65,163.72,-0.01,1,0,,,,3.02,0.288,0.6,,,,,
54.45,REGROUND,161.38,-1.89,-9.65,163.87,-0.01,1,0,,,,2.945,0.281,1.3,,,,,
54.5,REGROUND,161.38,-1.89,-9.65,164.02,-0.01,1,0,,,,3.02,0.288,0.9,,,,,
54.55,REGROUND,161.68,-1.9,-9.65,164.17,-0.01,1,0,,,,2.946,0.281,1.5,,,,,
54.6,REGROUND,161.68,-1.9,-9.65,164.32,-0.01,1,0,,,,3.02,0.288,0.9,,,,,
54.65,REGROUND,161.98,-1.91,-9.65,164.47,-0.01,1,0,,,,2.946,0.281,1.5,,,,,
54.7,REGROUND,161.98,-1.91,-9.65,164.62,-0.01,1,0,,,,3.02,0.288,0.8,,,,,
54.75,REGROUND,162.28,-1.91,-9.65,164.77,-0.01,1,0,,,,2.946,0.281,1.5,,,,,
54.8,REGROUND,162.28,-1.91,-9.65,164.92,-0.01,1,0,,,,3.02,0.288,0.8,,,,,
54.85,REGROUND,162.58,-1.92,-9.65,165.07,-0.01,1,0,,,,2.945,0.281,1.6,,,,,
54.9,REGROUND,162.58,-1.92,-9.65,165.22,-0.01,1,0,,,,3.02,0.288,0.8,,,,,
54.95,REGROUND,162.88,-1.93,-9.65,165.37,-0.01,1,0,,,,2.945,0.281,1.5,,,,,
55.0,REGROUND,162.88,-1.93,-9.65,165.52,-0.01,1,0,,,,3.019,0.288,0.8,,,,,
55.05,REGROUND,163.18,-1.94,-9.65,165.67,-0.01,1,0,,,,2.945,0.281,1.5,,,,,
55.1,REGROUND,163.18,-1.94,-9.65,165.82,-0.01,1,0,,,,3.019,0.288,0.8,,,,,
55.15,REGROUND,163.48,-1.95,-9.65,165.97,-0.01,1,0,,,,2.943,0.28,1.5,,,,,
55.2,REGROUND,163.48,-1.95,-9.65,166.12,-0.01,1,0,,,,3.017,0.287,0.8,,,,,
55.25,REGROUND,163.78,-1.95,-9.65,166.27,-0.01,1,0,,,,2.942,0.28,1.5,,,,,
55.3,REGROUND,163.78,-1.95,-9.65,166.42,-0.01,1,0,,,,3.016,0.287,0.8,,,,,
55.35,REGROUND,164.08,-1.96,-9.65,166.57,-0.01,1,0,,,,2.94,0.28,1.5,,,,,
55.4,REGROUND,164.08,-1.96,-9.65,166.72,-0.01,1,0,,,,3.015,0.287,0.8,,,,,
55.45,REGROUND,164.38,-1.97,-9.65,166.87,-0.01,1,0,,,,2.94,0.28,1.5,,,,,
55.5,REGROUND,164.38,-1.97,-9.65,167.02,-0.01,1,0,,,,3.015,0.287,0.9,,,,,
55.55,REGROUND,164.68,-1.98,-9.65,167.17,-0.01,1,0,,,,2.94,0.28,1.5,,,,,
55.6,REGROUND,164.68,-1.98,-9.65,167.32,-0.01,1,0,,,,3.014,0.287,0.8,,,,,
55.65,REGROUND,164.98,-1.98,-9.65,167.47,-0.01,1,0,,,,2.938,0.28,1.5,,,,,
55.7,REGROUND,164.98,-1.98,-9.65,167.62,-0.01,1,0,,,,3.013,0.287,0.8,,,,,
55.75,REGROUND,165.28,-1.99,-9.65,167.77,-0.01,1,0,,,,2.938,0.28,1.5,,,,,
55.8,REGROUND,165.28,-1.99,-9.65,167.92,-0.01,1,0,,,,3.012,0.287,0.8,,,,,
55.85,REGROUND,165.59,-2.0,-9.65,168.07,-0.01,1,0,,,,2.935,0.28,1.5,,,,,
55.9,REGROUND,165.59,-2.0,-9.65,168.22,-0.01,1,0,,,,3.01,0.287,0.8,,,,,
55.95,REGROUND,165.89,-2.01,-9.65,168.37,-0.01,1,0,,,,2.934,0.279,1.4,,,,,
56.0,REGROUND,165.89,-2.01,-9.65,168.52,-0.01,1,0,,,,3.009,0.287,0.8,,,,,
56.05,REGROUND,166.19,-2.02,-9.65,168.68,-0.01,1,0,,,,2.934,0.279,1.5,,,,,
56.1,REGROUND,166.19,-2.02,-9.65,168.83,-0.01,1,0,,,,3.008,0.287,0.9,,,,,
56.15,REGROUND,166.49,-2.02,-9.65,168.98,-0.01,1,0,,,,2.933,0.279,1.5,,,,,
56.2,REGROUND,166.49,-2.02,-9.65,169.13,-0.01,1,0,,,,3.008,0.287,0.8,,,,,
56.25,REGROUND,166.79,-2.03,-9.65,169.28,-0.01,1,0,,,,2.933,0.28,1.5,,,,,
56.3,REGROUND,166.79,-2.03,-9.65,169.43,-0.01,1,0,,,,3.007,0.287,0.8,,,,,
56.35,REGROUND,167.09,-2.04,-9.65,169.58,-0.01,1,0,,,,2.932,0.28,1.5,,,,,
56.4,REGROUND,167.09,-2.04,-9.65,169.73,-0.01,1,0,,,,3.007,0.287,0.8,,,,,
56.45,REGROUND,167.39,-2.05,-9.65,169.88,-0.01,1,0,,,,2.932,0.28,4.8,,,,,
56.5,REGROUND,167.39,-2.05,-9.65,170.03,-0.01,1,0,,,,3.007,0.287,0.8,,,,,
56.55,REGROUND,167.69,-2.06,-9.65,170.18,-0.01,1,0,,,,2.932,0.28,1.5,,,,,
56.6,REGROUND,167.69,-2.06,-9.65,170.33,-0.01,1,0,,,,3.007,0.287,0.8,,,,,
56.65,REGROUND,167.99,-2.06,-9.65,170.48,-0.01,1,0,,,,2.932,0.28,1.4,,,,,
56.7,REGROUND,167.99,-2.06,-9.65,170.63,-0.01,1,0,,,,3.007,0.287,0.8,,,,,
56.75,REGROUND,168.28,-2.07,-9.65,170.78,-0.01,1,0,,,,2.932,0.28,1.5,,,,,
56.8,REGROUND,168.28,-2.07,-9.65,170.93,-0.01,1,0,,,,3.007,0.287,0.8,,,,,
56.85,REGROUND,168.58,-2.08,-9.65,171.08,-0.01,1,0,,,,2.932,0.28,1.5,,,,,
56.9,REGROUND,168.58,-2.08,-9.65,171.23,-0.01,1,0,,,,3.007,0.287,0.8,,,,,
56.95,REGROUND,168.88,-2.09,-9.65,171.38,-0.01,1,0,,,,2.933,0.28,1.5,,,,,
57.01,REGROUND,168.88,-2.09,-9.65,171.53,-0.01,1,0,,,,3.007,0.287,0.8,,,,,
57.06,REGROUND,169.18,-2.1,-9.65,171.68,-0.01,1,0,,,,2.933,0.28,1.4,,,,,
57.11,REGROUND,169.18,-2.1,-9.65,171.83,-0.01,1,0,,,,3.007,0.287,0.9,,,,,
57.16,REGROUND,169.48,-2.1,-9.65,171.98,-0.01,1,0,,,,2.933,0.28,1.4,,,,,
57.21,REGROUND,169.48,-2.1,-9.65,172.13,-0.01,1,0,,,,3.008,0.287,0.8,,,,,
57.26,REGROUND,169.78,-2.11,-9.65,172.28,-0.01,1,0,,,,2.933,0.28,1.4,,,,,
57.31,REGROUND,169.78,-2.11,-9.65,172.43,-0.01,1,0,,,,3.007,0.287,0.8,,,,,
57.36,REGROUND,170.08,-2.12,-9.65,172.58,-0.01,1,0,,,,2.933,0.28,1.3,,,,,
57.41,REGROUND,170.08,-2.12,-9.65,172.73,-0.01,1,0,,,,3.007,0.288,0.8,,,,,
57.46,REGROUND,170.37,-2.13,-9.65,172.88,-0.01,1,0,,,,2.933,0.281,1.5,,,,,
57.51,REGROUND,170.37,-2.13,-9.65,173.03,-0.01,1,0,,,,3.008,0.288,0.9,,,,,
57.56,REGROUND,170.67,-2.13,-9.65,173.18,-0.01,1,0,,,,2.935,0.281,1.5,,,,,
57.61,REGROUND,170.67,-2.13,-9.65,173.33,-0.01,1,0,,,,3.01,0.288,0.9,,,,,
57.66,REGROUND,170.97,-2.14,-9.65,173.48,-0.01,1,0,,,,2.936,0.281,1.5,,,,,
57.71,REGROUND,170.97,-2.14,-9.65,173.63,-0.01,1,0,,,,3.01,0.288,0.8,,,,,
57.76,REGROUND,171.26,-2.15,-9.65,173.78,-0.01,1,0,,,,2.936,0.281,1.4,,,,,
57.81,REGROUND,171.26,-2.15,-9.65,173.93,-0.01,1,0,,,,3.011,0.288,0.8,,,,,
57.86,REGROUND,171.56,-2.16,-9.65,174.08,-0.01,1,0,,,,2.936,0.281,1.4,,,,,
57.91,REGROUND,171.56,-2.16,-9.65,174.23,-0.01,1,0,,,,3.011,0.288,0.6,,,,,
57.96,REGROUND,171.86,-2.17,-9.65,174.38,-0.01,1,0,,,,2.935,0.281,1.4,,,,,
58.01,REGROUND,171.86,-2.17,-9.65,174.53,-0.01,1,0,,,,3.01,0.288,0.8,,,,,
58.06,REGROUND,172.16,-2.17,-9.65,174.68,-0.01,1,0,,,,2.936,0.281,1.4,,,,,
58.11,REGROUND,172.16,-2.17,-9.65,174.83,-0.01,1,0,,,,3.01,0.288,0.9,,,,,
58.16,REGROUND,172.46,-2.18,-9.65,174.98,-0.01,1,0,,,,2.936,0.281,1.5,,,,,
58.21,REGROUND,172.46,-2.18,-9.65,175.13,-0.01,1,0,,,,3.01,0.288,0.8,,,,,
58.26,REGROUND,172.76,-2.19,-9.65,175.28,-0.01,1,0,,,,2.936,0.281,1.5,,,,,
58.31,REGROUND,172.76,-2.19,-9.65,175.43,-0.01,1,0,,,,3.011,0.288,0.6,,,,,
58.36,REGROUND,173.06,-2.2,-9.65,175.58,-0.01,1,0,,,,2.937,0.281,1.6,,,,,
58.41,REGROUND,173.06,-2.2,-9.65,175.74,-0.01,1,0,,,,3.011,0.288,0.8,,,,,
58.46,REGROUND,173.35,-2.2,-9.65,175.89,-0.01,1,0,,,,2.937,0.281,1.3,,,,,
58.51,REGROUND,173.35,-2.2,-9.65,176.04,-0.01,1,0,,,,3.012,0.288,0.9,,,,,
58.56,REGROUND,173.65,-2.21,-9.65,176.19,-0.01,1,0,,,,2.938,0.28,1.4,,,,,
58.61,REGROUND,173.65,-2.21,-9.65,176.34,-0.01,1,0,,,,3.012,0.288,0.8,,,,,
58.66,REGROUND,173.95,-2.22,-9.65,176.49,-0.01,1,0,,,,2.938,0.28,1.4,,,,,
58.71,CARRY,174.25,-2.23,-9.65,176.64,-0.01,1,0,,,,2.969,1.603,277.7,,,,,
58.99,CARRY,174.84,-2.24,-9.65,177.47,-0.01,1,0,464.5,123.5,185.6,2.33,2.89,47.4,,,,,1.336
59.04,CARRY,175.14,-2.25,-9.65,177.62,-0.01,1,0,462.5,131.5,179.1,2.17,2.85,48.2,,,,,1.406
59.09,CARRY,175.14,-2.25,-9.65,177.77,-0.01,1,0,464.0,122.5,185.9,2.35,2.88,49.5,,,,,1.398
59.14,CARRY,175.44,-2.26,-9.65,177.93,-0.01,1,0,463.5,131.5,179.9,2.17,2.87,48.1,,,,,1.445
59.19,CARRY,175.44,-2.26,-9.65,178.08,-0.01,1,0,464.5,122.5,186.2,2.35,2.89,47.8,,,,,1.391
59.24,CARRY,175.73,-2.26,-9.65,178.23,-0.01,1,0,463.5,131.0,180.2,2.18,2.87,48.6,,,,,1.453
59.29,CARRY,175.73,-2.26,-9.65,178.38,-0.01,1,0,464.5,122.5,186.2,2.35,2.89,47.6,,,,,1.438
59.34,CARRY,176.03,-2.26,-9.65,178.53,-0.01,1,0,464.5,130.5,181.3,2.19,2.89,48.6,,,,,1.453
59.39,CARRY,176.03,-2.26,-9.65,178.68,-0.01,1,0,465.0,122.5,186.6,2.35,2.9,47.6,,,,,1.469
59.44,CARRY,176.33,-2.25,-9.65,178.83,-0.01,1,0,463.5,130.0,180.8,2.2,2.87,48.4,,,,,1.594
59.49,CARRY,176.33,-2.25,-9.65,178.98,-0.01,1,0,465.0,121.0,187.6,2.38,2.9,47.7,,,,,1.617
59.54,CARRY,176.62,-2.22,-9.65,179.13,-0.01,1,0,463.5,129.0,181.4,2.22,2.87,48.7,,,,,1.852
59.59,CARRY,176.62,-2.22,-9.65,179.28,-0.01,1,0,464.5,120.5,187.5,2.39,2.89,47.2,,,,,1.953
59.64,CARRY,176.9,-2.17,-9.65,179.43,-0.01,1,0,458.5,127.0,178.7,2.26,2.77,50.7,,,,,2.297
59.69,CARRY,176.9,-2.17,-9.65,179.58,-0.01,1,0,460.0,118.5,185.4,2.43,2.8,48.3,,,,,2.578
59.74,CARRY,177.19,-2.1,-9.64,179.73,-0.01,1,0,455.0,125.0,177.3,2.3,2.7,48.9,,,,,2.609
59.79,CARRY,177.19,-2.1,-9.64,179.88,-0.01,1,0,455.5,117.0,183.0,2.46,2.71,47.6,,,,,2.75
59.84,CARRY,177.47,-2.0,-9.64,180.03,-0.01,1,0,451.0,124.0,175.0,2.32,2.62,49.2,,,,,2.734
59.89,CARRY,177.47,-2.0,-9.64,180.18,-0.01,1,0,451.0,115.0,181.1,2.5,2.62,48.6,,,,,2.875
59.94,CARRY,177.75,-1.88,-9.64,180.33,-0.01,1,0,443.0,121.5,170.8,2.37,2.46,49.2,,,,,3.016
59.99,CARRY,177.75,-1.88,-9.64,180.49,-0.01,1,0,442.0,112.0,176.8,2.56,2.44,48.0,,,,,3.141
60.04,CARRY,178.03,-1.73,-9.64,180.64,-0.01,1,0,434.0,119.5,165.9,2.41,2.28,49.1,,,,,2.984
60.09,CARRY,178.03,-1.73,-9.64,180.79,-0.01,1,0,433.0,108.5,173.4,2.63,2.26,48.1,,,,,2.891
60.14,CARRY,178.31,-1.55,-9.65,180.94,-0.01,1,0,424.5,117.0,161.4,2.46,2.09,49.0,,,,,2.797
60.19,CARRY,178.31,-1.55,-9.65,181.09,-0.01,1,0,423.5,105.5,169.7,2.69,2.07,47.9,,,,,2.609
60.24,CARRY,178.58,-1.37,-9.65,181.24,-0.01,1,0,414.5,115.0,156.7,2.5,1.89,48.9,,,,,2.672
60.29,CARRY,178.58,-1.37,-9.65,181.39,-0.01,1,0,414.0,105.0,164.5,2.7,1.88,48.0,,,,,2.594
60.34,CARRY,178.85,-1.17,-9.65,181.54,-0.01,1,0,402.0,109.0,154.5,2.62,1.64,48.9,,,,,2.703
60.39,CARRY,178.85,-1.17,-9.65,181.69,-0.01,1,0,402.5,104.0,159.1,2.72,1.65,48.3,,,,,2.688
60.44,CARRY,179.13,-0.97,-9.65,181.84,-0.01,1,0,391.5,106.5,151.4,2.67,1.43,48.5,,,,,2.688
60.49,CARRY,179.13,-0.97,-9.65,181.99,-0.01,1,0,392.5,102.5,155.4,2.75,1.45,47.5,,,,,2.688
60.54,CARRY,179.4,-0.76,-9.65,182.14,-0.01,1,0,380.0,105.5,147.3,2.69,1.2,49.5,,,,,2.672
60.59,CARRY,179.4,-0.76,-9.65,182.29,-0.01,1,0,381.0,101.0,151.8,2.78,1.22,47.2,,,,,2.641
60.64,CARRY,179.68,-0.57,-9.65,182.44,-0.01,1,0,369.0,104.0,144.6,2.72,0.98,47.9,,,,,2.797
60.69,CARRY,179.68,-0.57,-9.65,182.59,-0.01,1,0,370.0,99.5,149.1,2.81,1.0,49.5,,,,,2.781
60.74,CARRY,179.96,-0.38,-9.65,182.74,-0.01,1,0,360.0,102.5,143.2,2.75,0.8,50.5,,,,,3.547
60.79,CARRY,179.96,-0.38,-9.65,182.9,-0.01,1,0,360.0,98.5,147.0,2.83,0.8,49.8,,,,,3.5
60.85,CARRY,180.24,-0.2,-9.65,183.05,-0.01,1,0,349.5,101.5,141.6,2.77,0.59,50.8,,,,,2.656
60.9,CARRY,180.24,-0.2,-9.65,183.21,-0.01,1,0,350.0,97.0,146.1,2.86,0.6,50.5,,,,,2.578
60.95,CARRY,180.52,-0.05,-9.65,183.36,-0.01,1,0,340.0,100.0,141.4,2.8,0.4,52.5,,,,,2.781
61.0,CARRY,180.52,-0.05,-9.65,183.52,-0.01,1,0,341.5,95.5,146.1,2.89,0.43,48.3,,,,,2.688
61.05,CARRY,180.81,0.09,-9.65,183.67,-0.01,1,0,333.5,99.0,141.6,2.82,0.27,50.0,,,,,2.594
61.1,CARRY,180.81,0.09,-9.65,183.83,-0.01,1,0,333.5,94.5,146.1,2.91,0.27,47.7,,,,,2.484
61.15,CARRY,181.09,0.2,-9.65,183.98,-0.01,1,0,327.0,98.0,142.2,2.84,0.14,50.4,,,,,2.5
61.21,CARRY,181.09,0.2,-9.65,184.13,-0.01,1,0,327.5,93.5,146.7,2.93,0.15,47.7,,,,,2.422
61.26,CARRY,181.38,0.3,-9.65,184.28,-0.01,1,0,321.0,97.0,143.0,2.86,0.02,48.6,,,,,2.422
61.31,CARRY,181.38,0.3,-9.65,184.43,-0.01,1,0,321.5,92.5,147.5,2.95,0.03,47.6,,,,,2.547
61.36,CARRY,181.67,0.38,-9.65,184.58,-0.01,1,0,317.0,96.5,143.5,2.87,-0.06,48.4,,,,,2.547
61.41,CARRY,181.67,0.38,-9.65,184.73,-0.01,1,0,317.5,92.0,148.0,2.96,-0.05,47.5,,,,,2.594
61.46,CARRY,181.95,0.44,-9.65,184.88,-0.01,1,0,313.5,95.5,144.6,2.89,-0.13,48.5,,,,,2.547
61.51,CARRY,181.95,0.44,-9.65,185.03,-0.01,1,0,314.0,91.5,148.6,2.97,-0.12,47.6,,,,,2.516
61.56,CARRY,182.24,0.48,-9.65,185.18,-0.01,1,0,311.0,95.0,145.3,2.9,-0.18,48.5,,,,,2.516
61.61,CARRY,182.24,0.48,-9.65,185.33,-0.01,1,0,311.5,91.0,149.2,2.98,-0.17,47.6,,,,,2.453
61.66,CARRY,182.52,0.51,-9.65,185.48,-0.01,1,0,310.0,94.5,145.8,2.91,-0.2,48.6,,,,,2.547
61.71,CARRY,182.52,0.51,-9.65,185.63,-0.01,1,0,310.5,90.5,149.8,2.99,-0.19,47.4,,,,,2.562
61.76,CARRY,182.81,0.52,-9.65,185.78,-0.01,1,0,309.0,94.0,146.4,2.92,-0.22,48.6,,,,,2.781
61.81,CARRY,182.81,0.52,-9.65,185.93,-0.01,1,0,309.5,90.0,150.4,3.0,-0.21,47.4,,,,,2.797
61.86,CARRY,183.09,0.52,-9.65,186.08,-0.01,1,0,309.0,93.5,146.9,2.93,-0.22,51.5,,,,,2.891
61.91,CARRY,183.09,0.52,-9.65,186.24,-0.01,1,0,309.5,89.0,151.4,3.02,-0.21,47.7,,,,,2.875
61.96,CARRY,183.38,0.51,-9.65,186.39,-0.01,1,0,309.5,93.0,147.4,2.94,-0.21,48.6,,,,,2.953
62.01,CARRY,183.38,0.51,-9.65,186.54,-0.01,1,0,309.5,89.0,151.4,3.02,-0.21,47.5,,,,,2.969
62.06,CARRY,183.66,0.49,-9.65,186.69,-0.01,1,0,310.0,92.5,147.8,2.95,-0.2,49.0,,,,,3.047
62.11,CARRY,183.66,0.49,-9.65,186.84,-0.01,1,0,310.5,106.5,133.8,2.67,-0.19,47.5,,,,,2.984
62.16,CARRY,183.95,0.47,-9.65,186.99,-0.01,1,0,312.0,92.5,147.7,2.95,-0.16,48.7,,,,,2.938
62.21,CARRY,184.24,0.44,-9.65,187.14,-0.01,1,0,313.5,96.5,143.6,2.87,-0.13,48.2,,,,,3.016
62.26,CARRY,184.24,0.44,-9.65,187.29,-0.01,1,0,314.0,92.0,148.1,2.96,-0.12,48.1,,,,,2.969
62.31,CARRY,184.53,0.4,-9.65,187.44,-0.01,1,0,315.5,96.5,143.6,2.87,-0.09,48.2,,,,,3.0
62.36,CARRY,184.53,0.4,-9.65,187.59,-0.01,1,0,316.5,132.0,108.1,2.16,-0.07,51.2,,,,,2.875
62.41,CARRY,184.81,0.36,-9.65,187.75,-0.01,1,0,318.0,139.5,100.5,2.01,-0.04,48.8,,,,,2.656
62.46,CARRY,184.81,0.36,-9.65,187.9,-0.01,1,0,320.0,91.5,148.5,2.97,0.0,47.9,,,,,2.469
62.51,CARRY,184.81,0.36,-9.65,188.05,-0.01,1,0,319.0,87.0,153.0,3.06,-0.02,47.6,,,,,2.297
62.56,CARRY,185.1,0.32,-9.65,188.2,-0.01,1,0,321.5,91.0,149.0,2.98,0.03,50.5,,,,,2.203
62.61,CARRY,185.38,0.28,-9.65,188.35,-0.01,1,0,323.0,95.0,145.0,2.9,0.06,48.9,,,,,2.234
62.66,CARRY,185.38,0.28,-9.65,188.5,-0.01,1,0,323.5,91.0,149.0,2.98,0.07,50.1,,,,,2.25
62.71,CARRY,185.66,0.24,-9.65,188.66,-0.01,1,0,325.5,94.5,145.6,2.91,0.11,49.1,,,,,2.266
62.76,CARRY,185.66,0.24,-9.65,188.81,-0.01,1,0,326.0,90.5,149.6,2.99,0.12,50.1,,,,,2.266
62.82,CARRY,185.94,0.2,-9.65,188.96,-0.01,1,0,327.0,94.0,146.2,2.92,0.14,49.3,,,,,2.406
62.87,CARRY,185.94,0.2,-9.65,189.11,-0.01,1,0,327.0,89.5,150.7,3.01,0.14,50.8,,,,,2.359
62.92,CARRY,186.22,0.17,-9.65,189.27,-0.01,1,0,329.5,93.5,146.8,2.93,0.19,48.9,,,,,2.516
62.97,CARRY,186.22,0.17,-9.65,189.42,-0.01,1,0,330.0,89.0,151.3,3.02,0.2,49.8,,,,,2.516
63.02,CARRY,186.51,0.14,-9.65,189.57,-0.01,1,0,331.5,93.0,147.4,2.94,0.23,49.1,,,,,2.641
63.07,CARRY,186.51,0.14,-9.65,189.72,-0.01,1,0,332.0,88.5,152.0,3.03,0.24,50.0,,,,,2.734
63.12,CARRY,186.79,0.11,-9.65,189.88,-0.01,1,0,333.5,92.5,148.1,2.95,0.27,49.0,,,,,2.812
63.17,CARRY,186.79,0.11,-9.65,190.03,-0.01,1,0,334.0,88.0,152.6,3.04,0.28,50.1,,,,,2.875
63.22,CARRY,187.08,0.08,-9.64,190.18,-0.01,1,0,335.0,92.0,148.8,2.96,0.3,48.6,,,,,2.844
63.27,CARRY,187.08,0.08,-9.64,190.33,-0.01,1,0,336.0,87.5,153.3,3.05,0.32,49.4,,,,,2.875
63.32,CARRY,187.37,0.05,-9.64,190.48,-0.01,1,0,337.0,91.5,149.5,2.97,0.34,48.5,,,,,2.844
63.37,CARRY,187.37,0.05,-9.64,190.63,-0.01,1,0,337.5,87.0,154.0,3.06,0.35,50.0,,,,,2.75
63.42,CARRY,187.66,0.03,-9.65,190.78,-0.01,1,0,338.5,91.5,149.6,2.97,0.37,48.4,,,,,2.578
63.47,CARRY,187.66,0.03,-9.65,190.93,-0.01,1,0,338.5,87.5,153.6,3.05,0.37,49.5,,,,,2.516
63.52,CARRY,187.96,0.01,-9.65,191.09,-0.01,1,0,339.5,91.5,149.8,2.97,0.39,48.4,,,,,2.438
63.57,CARRY,187.96,0.01,-9.65,191.24,-0.01,1,0,339.5,87.5,153.7,3.05,0.39,50.3,,,,,2.359
63.63,CARRY,188.25,-0.0,-9.65,191.39,-0.01,1,0,340.0,91.5,149.8,2.97,0.4,48.6,,,,,2.344
63.68,CARRY,188.25,-0.0,-9.65,191.54,-0.01,1,0,340.5,87.0,154.4,3.06,0.41,50.4,,,,,2.266
63.73,CARRY,188.54,-0.02,-9.65,191.69,-0.01,1,0,342.0,91.0,150.6,2.98,0.44,48.6,,,,,2.312
63.78,CARRY,188.54,-0.02,-9.65,191.84,-0.01,1,0,343.0,86.5,155.2,3.07,0.46,50.9,,,,,2.094
63.83,CARRY,188.84,-0.03,-9.65,192.0,-0.01,1,0,343.5,90.5,151.3,2.99,0.47,50.1,,,,,2.266
63.88,CARRY,188.84,-0.03,-9.65,192.15,-0.01,1,0,343.5,86.5,155.3,3.07,0.47,49.4,,,,,2.219
63.93,CARRY,189.14,-0.03,-9.65,192.31,-0.01,1,0,341.0,90.5,151.0,2.99,0.42,49.1,,,,,2.344
63.98,CARRY,189.14,-0.03,-9.65,192.46,-0.01,1,0,341.5,86.5,155.0,3.07,0.43,47.7,,,,,2.438
64.03,CARRY,189.44,-0.04,-9.65,192.61,-0.01,1,0,341.0,90.5,151.0,2.99,0.42,49.3,,,,,2.891
64.08,CARRY,189.44,-0.04,-9.65,192.76,-0.01,1,0,342.5,86.5,155.1,3.07,0.45,48.1,,,,,2.969
64.13,CARRY,189.74,-0.04,-9.65,192.91,-0.01,1,0,342.5,90.5,151.2,2.99,0.45,50.7,,,,,3.25
64.18,CARRY,189.74,-0.04,-9.65,193.06,-0.01,1,0,342.5,86.5,155.1,3.07,0.45,48.3,,,,,3.328
64.23,CARRY,190.05,-0.05,-9.65,193.21,-0.01,1,0,342.5,90.5,151.2,2.99,0.45,51.3,,,,,3.5
64.29,CARRY,190.05,-0.05,-9.65,193.37,-0.01,1,0,342.5,86.0,155.6,3.08,0.45,48.2,,,,,3.531
64.34,CARRY,190.35,-0.05,-9.65,193.52,-0.01,1,0,342.5,90.5,151.2,2.99,0.45,48.9,,,,,3.844
64.39,CARRY,190.35,-0.05,-9.65,193.67,-0.01,1,0,342.5,86.5,155.1,3.07,0.45,47.5,,,,,3.812
64.44,CARRY,190.65,-0.05,-9.65,193.82,-0.01,1,0,342.5,90.5,151.2,2.99,0.45,48.7,,,,,4.094
64.49,CARRY,190.65,-0.05,-9.65,193.97,-0.01,1,0,342.5,86.5,155.1,3.07,0.45,47.8,,,,,4.031
64.54,CARRY,190.96,-0.05,-9.65,194.12,-0.01,1,0,343.0,91.0,150.8,2.98,0.46,48.8,,,,,4.188
64.59,CARRY,190.96,-0.05,-9.65,194.27,-0.01,1,0,342.5,86.5,155.1,3.07,0.45,47.5,,,,,3.969
64.64,CARRY,191.26,-0.05,-9.65,194.42,-0.01,1,0,343.0,91.0,150.8,2.98,0.46,48.8,,,,,3.672
64.69,CARRY,191.26,-0.05,-9.65,194.57,-0.01,1,0,342.5,86.5,155.1,3.07,0.45,47.9,,,,,3.453
64.74,CARRY,191.57,-0.05,-9.65,194.72,-0.01,1,0,342.5,91.0,150.7,2.98,0.45,48.9,,,,,3.406
64.79,CARRY,191.57,-0.05,-9.65,194.87,-0.01,1,0,342.5,87.0,154.6,3.06,0.45,49.6,,,,,3.234
64.84,CARRY,191.88,-0.05,-9.65,195.02,-0.01,1,0,342.0,91.0,150.6,2.98,0.44,51.3,,,,,3.312
64.89,CARRY,191.88,-0.05,-9.65,195.18,-0.01,1,0,342.5,87.0,154.6,3.06,0.45,50.8,,,,,3.234
64.94,CARRY,192.18,-0.04,-9.65,195.34,-0.01,1,0,341.5,91.0,150.5,2.98,0.43,49.9,,,,,3.219
64.99,CARRY,192.18,-0.04,-9.65,195.49,-0.01,1,0,342.5,86.5,155.1,3.07,0.45,49.5,,,,,3.109
65.04,CARRY,192.49,-0.04,-9.65,195.64,-0.01,1,0,341.5,91.0,150.5,2.98,0.43,50.3,,,,,3.203
65.09,CARRY,192.49,-0.04,-9.65,195.8,-0.01,1,0,341.5,86.5,155.0,3.07,0.43,50.3,,,,,3.094
65.15,CARRY,192.8,-0.04,-9.65,195.95,-0.01,1,0,341.5,91.0,150.5,2.98,0.43,50.5,,,,,3.125
65.2,CARRY,192.8,-0.04,-9.65,196.11,-0.01,1,0,341.5,86.5,155.0,3.07,0.43,50.1,,,,,3.016
65.25,CARRY,193.1,-0.04,-9.65,196.26,-0.01,1,0,341.5,91.0,150.5,2.98,0.43,50.5,,,,,2.922
65.3,CARRY,193.1,-0.04,-9.65,196.41,-0.01,1,0,342.0,86.5,155.1,3.07,0.44,49.9,,,,,2.922
65.35,CARRY,193.41,-0.03,-9.65,196.57,-0.01,1,0,341.5,91.0,150.5,2.98,0.43,50.4,,,,,3.078
65.4,CARRY,193.41,-0.03,-9.65,196.72,-0.01,1,0,341.5,86.5,155.0,3.07,0.43,49.7,,,,,3.109
65.45,CARRY,193.72,-0.03,-9.65,196.87,-0.01,1,0,341.5,91.0,150.5,2.98,0.43,50.6,,,,,3.266
65.5,CARRY,193.72,-0.03,-9.65,197.03,-0.01,1,0,341.5,86.5,155.0,3.07,0.43,49.7,,,,,3.344
65.56,CARRY,194.03,-0.03,-9.65,197.18,-0.01,1,0,341.0,91.0,150.5,2.98,0.42,50.8,,,,,3.5
65.61,CARRY,194.03,-0.03,-9.65,197.34,-0.01,1,0,341.5,86.5,155.0,3.07,0.43,49.8,,,,,3.594
65.66,CARRY,194.33,-0.03,-9.65,197.49,-0.01,1,0,341.0,91.0,150.5,2.98,0.42,50.3,,,,,3.703
65.71,CARRY,194.33,-0.03,-9.65,197.64,-0.01,1,0,341.5,86.5,155.0,3.07,0.43,49.8,,,,,3.781
65.76,CARRY,194.64,-0.02,-9.65,197.8,-0.01,1,0,340.5,91.0,150.4,2.98,0.41,50.4,,,,,3.984
65.81,CARRY,194.95,-0.02,-9.65,197.95,-0.01,1,0,340.0,95.0,146.4,2.9,0.4,52.1,,,,,4.0
65.87,CARRY,194.95,-0.02,-9.65,198.11,-0.01,1,0,340.5,90.5,150.9,2.99,0.41,50.5,,,,,3.719
65.92,CARRY,195.25,-0.02,-9.65,198.26,-0.01,1,0,340.0,95.0,146.4,2.9,0.4,51.0,,,,,3.656
65.97,CARRY,195.25,-0.02,-9.65,198.42,-0.01,1,0,341.0,90.5,151.0,2.99,0.42,49.6,,,,,3.391
66.02,CARRY,195.56,-0.02,-9.65,198.57,-0.01,1,0,340.0,95.0,146.4,2.9,0.4,50.4,,,,,3.344
66.07,CARRY,195.56,-0.02,-9.65,198.73,-0.01,1,0,341.0,90.5,151.0,2.99,0.42,50.3,,,,,3.172
66.12,CARRY,195.86,-0.01,-9.65,198.88,-0.01,1,0,340.0,95.0,146.4,2.9,0.4,50.2,,,,,3.188
66.17,CARRY,195.86,-0.01,-9.65,199.03,-0.01,1,0,340.5,90.5,150.9,2.99,0.41,47.5,,,,,3.188
66.22,CARRY,196.17,-0.01,-9.65,199.18,-0.01,1,0,340.0,95.0,146.4,2.9,0.4,50.1,,,,,3.281
66.27,CARRY,196.17,-0.01,-9.65,199.34,-0.01,1,0,340.5,90.5,150.9,2.99,0.41,48.0,,,,,3.25
66.32,CARRY,196.47,-0.01,-9.65,199.49,-0.01,1,0,340.0,95.0,146.4,2.9,0.4,47.8,,,,,3.328
66.37,CARRY,196.47,-0.01,-9.65,199.64,-0.01,1,0,340.5,90.5,150.9,2.99,0.41,48.6,,,,,3.344
66.42,CARRY,196.78,-0.01,-9.65,199.79,-0.01,1,0,339.5,95.0,146.3,2.9,0.39,50.5,,,,,3.391
66.48,CARRY,196.78,-0.01,-9.65,199.94,-0.01,1,0,339.5,90.5,150.8,2.99,0.39,49.1,,,,,3.125
66.53,CARRY,197.08,-0.0,-9.65,200.09,-0.01,1,0,339.5,95.0,146.3,2.9,0.39,47.9,,,,,2.969
66.58,CARRY,197.08,-0.0,-9.65,200.24,-0.01,1,0,339.5,90.5,150.8,2.99,0.39,49.5,,,,,2.766
66.63,CARRY,197.38,-0.0,-9.65,200.39,-0.01,1,0,339.5,95.0,146.3,2.9,0.39,48.6,,,,,2.688
66.68,CARRY,197.38,-0.0,-9.65,200.54,-0.01,1,0,339.5,90.5,150.8,2.99,0.39,50.0,,,,,2.625
66.73,CARRY,197.68,0.0,-9.65,200.7,-0.01,1,0,339.5,94.5,146.8,2.91,0.39,48.1,,,,,2.781
66.78,CARRY,197.68,0.0,-9.65,200.85,-0.01,1,0,339.5,90.5,150.8,2.99,0.39,48.3,,,,,2.734
66.83,CARRY,197.98,0.01,-9.65,201.0,-0.01,1,0,339.0,94.5,146.7,2.91,0.38,48.0,,,,,2.922
66.88,CARRY,197.98,0.01,-9.65,201.15,-0.01,1,0,339.5,90.5,150.8,2.99,0.39,50.1,,,,,2.875
66.93,CARRY,198.27,0.01,-9.65,201.3,-0.01,1,0,339.0,94.5,146.7,2.91,0.38,48.6,,,,,3.109
66.98,CARRY,198.27,0.01,-9.65,201.45,-0.01,1,0,339.5,90.0,151.3,3.0,0.39,48.8,,,,,3.047
67.03,CARRY,198.57,0.01,-9.65,201.6,-0.01,1,0,339.0,94.5,146.7,2.91,0.38,48.9,,,,,3.156
67.08,CARRY,198.57,0.01,-9.65,201.75,-0.01,1,0,339.5,90.0,151.3,3.0,0.39,47.9,,,,,3.125
67.13,CARRY,198.87,0.01,-9.65,201.9,-0.01,1,0,338.5,94.5,146.7,2.91,0.37,48.7,,,,,3.297
67.18,CARRY,198.87,0.01,-9.65,202.05,-0.01,1,0,338.5,90.0,151.1,3.0,0.37,49.1,,,,,3.203
67.23,CARRY,199.17,0.02,-9.65,202.2,-0.01,1,0,338.5,94.5,146.7,2.91,0.37,49.0,,,,,3.156
67.28,CARRY,199.17,0.02,-9.65,202.35,-0.01,1,0,339.0,90.0,151.2,3.0,0.38,47.3,,,,,2.984
67.33,CARRY,199.47,0.02,-9.65,202.5,-0.01,1,0,338.0,94.0,147.1,2.92,0.36,51.9,,,,,3.047
67.38,CARRY,199.47,0.02,-9.65,202.66,-0.01,1,0,338.5,89.5,151.6,3.01,0.37,48.7,,,,,2.922
67.43,CARRY,199.77,0.02,-9.65,202.81,-0.01,1,0,338.0,94.0,147.1,2.92,0.36,49.4,,,,,2.906
67.48,CARRY,199.77,0.02,-9.65,202.96,-0.01,1,0,338.5,89.5,151.6,3.01,0.37,48.6,,,,,2.797
67.53,CARRY,200.06,0.02,-9.65,203.11,-0.01,1,0,338.0,94.0,147.1,2.92,0.36,51.4,,,,,2.797
67.59,CARRY,200.06,0.02,-9.65,203.27,-0.01,1,0,338.5,89.5,151.6,3.01,0.37,52.1,,,,,2.656
67.64,CARRY,200.36,0.02,-9.65,203.43,-0.01,1,0,338.0,93.5,147.6,2.93,0.36,49.3,,,,,2.5
67.69,CARRY,200.36,0.02,-9.65,203.58,-0.01,1,0,338.5,89.0,152.1,3.02,0.37,48.2,,,,,2.391
67.74,CARRY,200.66,0.03,-9.65,203.73,-0.01,1,0,338.0,93.0,148.1,2.94,0.36,51.3,,,,,2.375
67.79,CARRY,200.66,0.03,-9.65,203.89,-0.01,1,0,338.5,88.5,152.6,3.03,0.37,47.6,,,,,2.219
67.84,CARRY,200.96,0.03,-9.65,204.04,-0.01,1,0,340.0,92.5,148.8,2.95,0.4,48.5,,,,,2.188
67.89,CARRY,200.96,0.03,-9.65,204.19,-0.01,1,0,339.0,88.0,153.2,3.04,0.38,50.1,,,,,2.094
67.94,CARRY,201.26,0.03,-9.65,204.34,-0.01,1,0,338.5,92.5,148.7,2.95,0.37,50.5,,,,,2.359
67.99,CARRY,201.26,0.03,-9.65,204.5,-0.01,1,0,338.5,88.5,152.6,3.03,0.37,49.5,,,,,2.344
68.05,CARRY,201.56,0.03,-9.65,204.65,-0.01,1,0,338.5,92.5,148.7,2.95,0.37,50.7,,,,,2.188
68.1,CARRY,201.56,0.03,-9.65,204.81,-0.01,1,0,338.5,88.0,153.1,3.04,0.37,50.2,,,,,2.203
68.15,CARRY,201.86,0.03,-9.65,204.96,-0.01,1,0,338.5,91.5,149.6,2.97,0.37,50.3,,,,,2.219
68.2,CARRY,201.86,0.03,-9.65,205.11,-0.01,1,0,339.0,88.0,153.2,3.04,0.38,51.5,,,,,2.25
68.25,CARRY,202.16,0.03,-9.65,205.27,-0.01,1,0,338.5,92.0,149.2,2.96,0.37,52.4,,,,,2.328
68.31,CARRY,202.16,0.03,-9.65,205.43,-0.01,1,0,338.5,87.5,153.6,3.05,0.37,51.3,,,,,2.281
68.36,CARRY,202.46,0.03,-9.65,205.59,-0.01,1,0,338.5,91.5,149.6,2.97,0.37,50.9,,,,,2.438
68.41,CARRY,202.46,0.03,-9.65,205.75,-0.01,1,0,338.5,87.0,154.1,3.06,0.37,50.4,,,,,2.484
68.46,CARRY,202.76,0.03,-9.65,205.9,-0.01,1,0,338.5,91.0,150.1,2.98,0.37,51.3,,,,,2.844
68.51,CARRY,203.06,0.03,-9.65,206.06,-0.01,1,0,338.0,95.0,146.1,2.9,0.36,50.8,,,,,3.078
68.57,CARRY,203.06,0.03,-9.65,206.21,-0.01,1,0,338.5,91.0,150.1,2.98,0.37,49.6,,,,,2.906
68.62,CARRY,203.36,0.03,-9.65,206.36,-0.01,1,0,338.0,95.0,146.1,2.9,0.36,49.7,,,,,2.625
68.67,CARRY,203.36,0.03,-9.65,206.52,-0.01,1,0,337.5,90.5,150.5,2.99,0.35,49.6,,,,,2.656
68.72,CARRY,203.66,0.03,-9.65,206.67,-0.01,1,0,338.0,94.5,146.6,2.91,0.36,50.5,,,,,2.672
68.77,CARRY,203.66,0.03,-9.65,206.82,-0.01,1,0,338.0,90.5,150.6,2.99,0.36,49.7,,,,,2.656
68.82,CARRY,203.96,0.03,-9.65,206.98,-0.01,1,0,338.0,94.5,146.6,2.91,0.36,51.1,,,,,2.547
68.87,CARRY,203.96,0.03,-9.65,207.13,-0.01,1,0,337.5,90.0,151.0,3.0,0.35,50.7,,,,,2.453
68.92,CARRY,204.26,0.03,-9.65,207.29,-0.01,1,0,337.5,94.0,147.0,2.92,0.35,50.5,,,,,2.484
68.98,CARRY,204.26,0.03,-9.65,207.44,-0.01,1,0,337.5,90.0,151.0,3.0,0.35,50.2,,,,,2.422
69.03,CARRY,204.55,0.03,-9.65,207.6,-0.01,1,0,337.0,132.0,109.3,2.16,0.34,51.1,,,,,2.375
69.08,CARRY,204.55,0.03,-9.65,207.75,-0.01,1,0,339.5,89.5,151.8,3.01,0.39,49.0,,,,,2.219
69.13,CARRY,204.85,0.03,-9.65,207.9,-0.01,1,0,339.0,93.0,148.2,2.94,0.38,50.4,,,,,2.234
69.18,CARRY,204.85,0.03,-9.65,208.06,-0.01,1,0,338.0,89.5,151.6,3.01,0.36,48.3,,,,,2.234
69.23,CARRY,205.15,0.03,-9.65,208.21,-0.01,1,0,338.0,93.5,147.6,2.93,0.36,49.1,,,,,2.094
69.28,CARRY,205.15,0.03,-9.65,208.36,-0.01,1,0,338.0,89.0,152.1,3.02,0.36,48.2,,,,,2.047
69.33,CARRY,205.45,0.03,-9.65,208.51,-0.01,1,0,337.5,93.5,147.5,2.93,0.35,48.8,,,,,2.016
69.38,CARRY,205.45,0.03,-9.65,208.66,-0.01,1,0,337.5,89.0,152.0,3.02,0.35,47.9,,,,,1.992
69.43,CARRY,205.74,0.03,-9.65,208.81,-0.01,1,0,337.5,93.5,147.5,2.93,0.35,48.5,,,,,2.078
69.48,CARRY,205.74,0.03,-9.65,208.96,-0.01,1,0,338.5,89.0,152.1,3.02,0.37,49.5,,,,,2.109
69.53,CARRY,206.04,0.03,-9.65,209.11,-0.01,1,0,338.5,93.0,148.2,2.94,0.37,49.1,,,,,2.328
69.58,CARRY,206.04,0.03,-9.65,209.26,-0.01,1,0,338.5,89.0,152.1,3.02,0.37,47.9,,,,,2.375
69.63,CARRY,206.34,0.03,-9.65,209.41,-0.01,1,0,338.5,93.0,148.2,2.94,0.37,48.9,,,,,2.578
69.68,CARRY,206.34,0.03,-9.65,209.56,-0.01,1,0,338.5,89.0,152.1,3.02,0.37,47.8,,,,,2.594
69.73,CARRY,206.64,0.03,-9.65,209.71,-0.01,1,0,338.5,93.0,148.2,2.94,0.37,49.9,,,,,2.75
69.78,CARRY,206.64,0.03,-9.65,209.86,-0.01,1,0,338.5,89.0,152.1,3.02,0.37,46.8,,,,,2.781
69.83,CARRY,206.94,0.02,-9.65,210.01,-0.01,1,0,338.5,93.0,148.2,2.94,0.37,51.1,,,,,2.984
69.89,CARRY,206.94,0.02,-9.65,210.17,-0.01,1,0,338.5,88.5,152.6,3.03,0.37,48.1,,,,,2.891
69.94,CARRY,207.24,0.02,-9.65,210.32,-0.01,1,0,338.5,93.0,148.2,2.94,0.37,48.9,,,,,2.844
69.99,CARRY,207.24,0.02,-9.65,210.47,-0.01,1,0,338.5,88.5,152.6,3.03,0.37,47.7,,,,,2.688
70.04,CARRY,207.54,0.02,-9.65,210.62,-0.01,1,0,338.5,93.0,148.2,2.94,0.37,50.6,,,,,2.812
70.09,CARRY,207.54,0.02,-9.65,210.78,-0.01,1,0,338.5,88.5,152.6,3.03,0.37,49.5,,,,,2.719
70.14,CARRY,207.84,0.02,-9.65,210.93,-0.01,1,0,338.5,92.5,148.7,2.95,0.37,49.3,,,,,2.625
70.19,CARRY,207.84,0.02,-9.65,211.08,-0.01,1,0,338.5,88.5,152.6,3.03,0.37,49.3,,,,,2.5
70.24,CARRY,208.14,0.02,-9.65,211.23,-0.01,1,0,338.5,92.5,148.7,2.95,0.37,50.4,,,,,2.25
70.29,CARRY,208.14,0.02,-9.65,211.38,-0.01,1,0,339.0,88.5,152.7,3.03,0.38,49.8,,,,,2.266
70.34,CARRY,208.44,0.02,-9.65,211.54,-0.01,1,0,338.5,132.0,109.6,2.16,0.37,50.3,,,,,2.172
70.39,CARRY,208.44,0.02,-9.65,211.69,-0.01,1,0,340.0,88.0,153.3,3.04,0.4,50.2,,,,,2.141
70.44,CARRY,208.74,0.02,-9.65,211.84,-0.01,1,0,340.0,92.5,148.8,2.95,0.4,50.3,,,,,2.031
70.49,CARRY,208.74,0.02,-9.65,212.0,-0.01,1,0,340.0,88.0,153.3,3.04,0.4,50.1,,,,,1.984
70.55,CARRY,209.04,0.02,-9.65,212.15,-0.01,1,0,340.0,92.0,149.3,2.96,0.4,50.4,,,,,2.016
70.6,CARRY,209.04,0.02,-9.65,212.31,-0.01,1,0,339.5,87.5,153.7,3.05,0.39,49.9,,,,,2.0
70.65,CARRY,209.34,0.02,-9.65,212.46,-0.01,1,0,340.0,91.5,149.8,2.97,0.4,50.4,,,,,2.141
70.7,CARRY,209.34,0.02,-9.65,212.61,-0.01,1,0,339.5,87.5,153.7,3.05,0.39,49.6,,,,,2.125
70.75,CARRY,209.65,0.02,-9.65,212.76,-0.01,1,0,339.5,92.0,149.3,2.96,0.39,50.3,,,,,2.359
70.8,CARRY,209.65,0.02,-9.65,212.92,-0.01,1,0,339.5,87.5,153.7,3.05,0.39,49.5,,,,,2.438
70.85,CARRY,209.95,0.01,-9.65,213.07,-0.01,1,0,339.5,91.5,149.8,2.97,0.39,52.5,,,,,2.656
70.91,CARRY,209.95,0.01,-9.65,213.23,-0.01,1,0,339.5,87.0,154.2,3.06,0.39,49.7,,,,,2.719
70.96,CARRY,210.25,0.01,-9.65,213.38,-0.01,1,0,339.5,91.5,149.8,2.97,0.39,51.3,,,,,2.844
71.01,CARRY,210.25,0.01,-9.65,213.54,-0.01,1,0,339.5,87.0,154.2,3.06,0.39,50.7,,,,,2.859
71.06,CARRY,210.55,0.01,-9.65,213.69,-0.01,1,0,339.5,91.0,150.3,2.98,0.39,49.5,,,,,2.969
71.11,CARRY,210.85,0.02,-9.65,213.85,-0.01,1,0,339.0,95.0,146.2,2.9,0.38,51.2,,,,,3.031
71.16,CARRY,210.85,0.02,-9.65,214.0,-0.01,1,0,339.0,91.0,150.2,2.98,0.38,50.4,,,,,3.016
71.21,CARRY,211.15,0.02,-9.64,214.16,-0.01,1,0,339.0,94.5,146.7,2.91,0.38,52.0,,,,,2.906
71.27,CARRY,211.15,0.02,-9.64,214.32,-0.01,1,0,339.0,90.5,150.7,2.99,0.38,48.0,,,,,2.828
71.32,CARRY,211.46,0.02,-9.64,214.47,-0.01,1,0,339.0,94.5,146.7,2.91,0.38,49.6,,,,,2.734
71.37,CARRY,211.46,0.02,-9.64,214.62,-0.01,1,0,339.0,90.5,150.7,2.99,0.38,48.9,,,,,2.656
71.42,CARRY,211.76,0.02,-9.64,214.77,-0.01,1,0,339.0,94.5,146.7,2.91,0.38,50.3,,,,,2.594
71.47,CARRY,211.76,0.02,-9.64,214.92,-0.01,1,0,338.5,90.5,150.6,2.99,0.37,47.9,,,,,2.547
71.52,CARRY,212.06,0.02,-9.64,215.07,-0.01,1,0,339.0,94.5,146.7,2.91,0.38,48.5,,,,,2.469
71.57,CARRY,212.06,0.02,-9.64,215.22,-0.01,1,0,338.5,90.5,150.6,2.99,0.37,48.0,,,,,2.422
71.62,CARRY,212.36,0.02,-9.64,215.37,-0.01,1,0,339.0,94.5,146.7,2.91,0.38,50.4,,,,,2.297
71.67,CARRY,212.36,0.02,-9.64,215.53,-0.01,1,0,338.5,90.5,150.6,2.99,0.37,47.9,,,,,2.188
71.72,CARRY,212.66,0.02,-9.64,215.68,-0.01,1,0,338.5,110.5,130.8,2.59,0.37,52.6,,,,,2.062
71.78,CARRY,212.66,0.02,-9.64,215.84,-0.01,1,0,340.5,90.0,151.4,3.0,0.41,48.6,,,,,1.867
71.83,CARRY,212.96,0.02,-9.64,215.99,-0.01,1,0,340.0,94.0,147.4,2.92,0.4,51.3,,,,,1.805
71.88,CARRY,212.96,0.02,-9.64,216.15,-0.01,1,0,339.0,90.0,151.2,3.0,0.38,49.0,,,,,1.742
71.93,CARRY,213.26,0.02,-9.64,216.3,-0.01,1,0,338.5,93.5,147.7,2.93,0.37,49.3,,,,,1.828
71.98,CARRY,213.26,0.02,-9.64,216.45,-0.01,1,0,338.5,90.0,151.1,3.0,0.37,50.0,,,,,1.75
72.03,CARRY,213.56,0.02,-9.64,216.6,-0.01,1,0,339.0,93.5,147.7,2.93,0.38,50.6,,,,,1.867
72.08,CARRY,213.56,0.02,-9.64,216.76,-0.01,1,0,338.5,89.5,151.6,3.01,0.37,50.0,,,,,1.789
72.13,CARRY,213.85,0.02,-9.64,216.91,-0.01,1,0,338.5,93.5,147.7,2.93,0.37,49.8,,,,,2.031
72.18,CARRY,213.85,0.02,-9.64,217.06,-0.01,1,0,338.5,89.5,151.6,3.01,0.37,48.6,,,,,2.0
72.23,CARRY,214.15,0.02,-9.64,217.21,-0.01,1,0,338.5,93.5,147.7,2.93,0.37,49.9,,,,,2.266
72.28,CARRY,214.15,0.02,-9.64,217.37,-0.01,1,0,338.5,89.0,152.1,3.02,0.37,48.6,,,,,2.266
72.33,CARRY,214.45,0.02,-9.64,217.52,-0.01,1,0,338.5,93.5,147.7,2.93,0.37,49.9,,,,,2.531
72.39,CARRY,214.45,0.02,-9.64,217.67,-0.01,1,0,338.5,89.0,152.1,3.02,0.37,47.8,,,,,2.578
72.44,CARRY,214.75,0.02,-9.65,217.82,-0.01,1,0,338.5,93.5,147.7,2.93,0.37,49.0,,,,,2.75
72.49,CARRY,214.75,0.02,-9.65,217.97,-0.01,1,0,338.5,89.0,152.1,3.02,0.37,48.2,,,,,2.797
72.54,CARRY,215.05,0.02,-9.65,218.12,-0.01,1,0,338.5,93.5,147.7,2.93,0.37,51.5,,,,,2.844
72.59,CARRY,215.05,0.02,-9.65,218.28,-0.01,1,0,338.5,89.0,152.1,3.02,0.37,49.3,,,,,2.797
72.64,CARRY,215.35,0.02,-9.65,218.43,-0.01,1,0,338.5,93.0,148.2,2.94,0.37,50.8,,,,,2.781
72.69,CARRY,215.35,0.02,-9.65,218.59,-0.01,1,0,338.5,88.5,152.6,3.03,0.37,50.5,,,,,2.609
72.74,CARRY,215.65,0.02,-9.65,218.74,-0.01,1,0,338.5,92.5,148.7,2.95,0.37,48.9,,,,,2.578
72.79,CARRY,215.65,0.02,-9.65,218.89,-0.01,1,0,338.5,88.5,152.6,3.03,0.37,49.6,,,,,2.531
72.84,CARRY,215.95,0.02,-9.65,219.04,-0.01,1,0,338.5,92.5,148.7,2.95,0.37,49.9,,,,,2.562
72.89,CARRY,215.95,0.02,-9.65,219.19,-0.01,1,0,338.5,88.5,152.6,3.03,0.37,49.7,,,,,2.484
72.94,CARRY,216.25,0.02,-9.65,219.35,-0.01,1,0,338.5,92.5,148.7,2.95,0.37,50.6,,,,,2.438
73.0,CARRY,216.25,0.02,-9.65,219.5,-0.01,1,0,338.5,88.0,153.1,3.04,0.37,51.8,,,,,2.406
73.05,CARRY,216.55,0.02,-9.65,219.66,-0.01,1,0,338.0,124.5,116.9,2.31,0.36,50.6,,,,,2.281
73.1,CARRY,216.55,0.02,-9.65,219.82,-0.01,1,0,339.5,87.5,153.7,3.05,0.39,47.4,,,,,2.203
73.15,CARRY,216.85,0.02,-9.65,219.97,-0.01,1,0,339.5,91.5,149.8,2.97,0.39,50.6,,,,,1.984
73.2,CARRY,216.85,0.02,-9.65,220.12,-0.01,1,0,339.5,87.5,153.7,3.05,0.39,49.7,,,,,1.961
73.25,CARRY,217.15,0.02,-9.65,220.27,-0.01,1,0,338.0,118.0,123.3,2.44,0.36,51.2,,,,,1.953
73.31,CARRY,217.15,0.02,-9.65,220.43,-0.01,1,0,339.5,87.0,154.2,3.06,0.39,49.9,,,,,1.961
73.36,CARRY,217.45,0.02,-9.65,220.58,-0.01,1,0,338.5,91.5,149.6,2.97,0.37,50.7,,,,,2.125
73.41,CARRY,217.45,0.02,-9.65,220.74,-0.01,1,0,339.0,87.0,154.2,3.06,0.38,50.1,,,,,2.125
73.46,CARRY,217.75,0.02,-9.65,220.89,-0.01,1,0,339.0,91.5,149.7,2.97,0.38,50.6,,,,,2.406
73.51,CARRY,218.05,0.02,-9.65,221.05,-0.01,1,0,338.0,95.0,146.1,2.9,0.36,50.7,,,,,2.484
73.56,CARRY,218.05,0.02,-9.65,221.2,-0.01,1,0,338.5,91.0,150.1,2.98,0.37,49.6,,,,,2.547
73.61,CARRY,218.36,0.02,-9.65,221.35,-0.01,1,0,338.0,95.0,146.1,2.9,0.36,50.9,,,,,2.656
73.67,CARRY,218.36,0.02,-9.65,221.51,-0.01,1,0,338.5,91.0,150.1,2.98,0.37,50.2,,,,,2.703
73.72,CARRY,218.66,0.03,-9.65,221.66,-0.01,1,0,338.0,94.5,146.6,2.91,0.36,50.7,,,,,2.812
73.77,CARRY,218.66,0.03,-9.65,221.82,-0.01,1,0,338.5,90.5,150.6,2.99,0.37,49.9,,,,,2.844
73.82,CARRY,218.96,0.03,-9.65,221.97,-0.01,1,0,338.0,94.5,146.6,2.91,0.36,50.6,,,,,2.875
73.87,CARRY,218.96,0.03,-9.65,222.13,-0.01,1,0,338.5,90.5,150.6,2.99,0.37,50.6,,,,,2.938
73.92,CARRY,219.26,0.03,-9.65,222.28,-0.01,1,0,338.5,94.5,146.7,2.91,0.37,50.4,,,,,2.906
73.97,CARRY,219.26,0.03,-9.65,222.43,-0.01,1,0,339.0,90.0,151.2,3.0,0.38,50.4,,,,,2.859
74.02,CARRY,219.56,0.03,-9.65,222.59,-0.01,1,0,338.0,94.5,146.6,2.91,0.36,50.6,,,,,2.828
74.08,CARRY,219.56,0.03,-9.65,222.74,-0.01,1,0,338.5,90.0,151.1,3.0,0.37,50.4,,,,,2.797
74.13,CARRY,219.85,0.03,-9.65,222.9,-0.01,1,0,338.0,94.0,147.1,2.92,0.36,51.9,,,,,2.781
74.18,CARRY,219.85,0.03,-9.65,223.06,-0.01,1,0,338.5,89.5,151.6,3.01,0.37,49.1,,,,,2.734
74.23,CARRY,220.15,0.03,-9.65,223.21,-0.01,1,0,338.0,93.5,147.6,2.93,0.36,49.9,,,,,2.734
74.28,CARRY,220.15,0.03,-9.65,223.36,-0.01,1,0,338.5,89.0,152.1,3.02,0.37,47.6,,,,,2.641
74.33,CARRY,220.44,0.03,-9.65,223.51,-0.01,1,0,338.0,93.5,147.6,2.93,0.36,50.5,,,,,2.641
74.38,CARRY,220.44,0.03,-9.65,223.67,-0.01,1,0,338.5,89.0,152.1,3.02,0.37,47.6,,,,,2.578
74.43,CARRY,220.74,0.03,-9.65,223.82,-0.01,1,0,338.0,93.0,148.1,2.94,0.36,49.8,,,,,2.562
74.48,CARRY,220.74,0.03,-9.65,223.97,-0.01,1,0,338.5,124.5,117.0,2.31,0.37,48.4,,,,,2.438
74.53,CARRY,221.04,0.03,-9.65,224.12,-0.01,1,0,339.5,92.5,148.8,2.95,0.39,48.9,,,,,2.375
74.58,CARRY,221.04,0.03,-9.65,224.27,-0.01,1,0,339.0,88.5,152.7,3.03,0.38,47.7,,,,,2.125
74.63,CARRY,221.34,0.02,-9.65,224.42,-0.01,1,0,339.0,92.5,148.7,2.95,0.38,50.6,,,,,2.141
74.69,CARRY,221.34,0.02,-9.65,224.57,-0.01,1,0,338.5,88.5,152.6,3.03,0.37,47.9,,,,,2.062
74.74,CARRY,221.63,0.02,-9.65,224.72,-0.01,1,0,338.5,92.5,148.7,2.95,0.37,50.6,,,,,2.203
74.79,CARRY,221.63,0.02,-9.65,224.88,-0.01,1,0,338.5,88.0,153.1,3.04,0.37,47.8,,,,,2.25
74.84,CARRY,221.93,0.02,-9.65,225.03,-0.01,1,0,338.5,92.5,148.7,2.95,0.37,51.0,,,,,2.312
74.89,CARRY,221.93,0.02,-9.65,225.19,-0.01,1,0,338.5,88.0,153.1,3.04,0.37,48.4,,,,,2.391
74.94,CARRY,222.23,0.02,-9.65,225.34,-0.01,1,0,338.5,91.5,149.6,2.97,0.37,48.1,,,,,2.594
74.99,CARRY,222.23,0.02,-9.65,225.49,-0.01,1,0,339.0,88.0,153.2,3.04,0.38,47.6,,,,,2.656
