t_s,state,copter_n,copter_e,copter_d,rover_n,rover_e,in_fov,occluded,bbox_cx,bbox_cy,px_err,vx_cmd,vy_cmd,loop_ms,dist_n,dist_e,d_true_px,d_dist_px,carry_score
0.0,ACQUIRE,0.01,-0.01,-8.81,0.51,-0.01,1,0,,,,0.0,0.0,4.8,13.26,-0.01,,,
0.05,ACQUIRE,0.01,-0.01,-8.92,0.53,-0.01,1,0,,,,0.0,0.0,1.7,13.26,-0.01,,,
0.1,ACQUIRE,0.01,-0.01,-8.92,0.54,-0.01,1,0,,,,0.0,0.0,0.9,13.26,-0.01,,,
0.15,ACQUIRE,0.01,-0.01,-9.03,0.55,-0.01,1,0,,,,0.0,0.0,1.6,13.26,-0.01,,,
0.2,ACQUIRE,0.01,-0.01,-9.03,0.56,-0.01,1,0,,,,0.0,0.0,1.1,13.26,-0.01,,,
0.25,ACQUIRE,0.01,-0.01,-9.13,0.58,-0.01,1,0,,,,0.0,0.0,1.6,13.26,-0.01,,,
0.3,ACQUIRE,0.01,-0.01,-9.13,0.59,-0.01,1,0,,,,0.0,0.0,1.1,13.26,-0.01,,,
0.35,ACQUIRE,0.01,-0.01,-9.22,0.6,-0.01,1,0,,,,0.65,0.1,2.8,13.26,-0.01,,,
0.4,ACQUIRE,0.01,-0.01,-9.22,0.61,-0.01,1,0,,,,0.66,0.08,2.1,13.26,-0.01,,,
0.45,ACQUIRE,0.01,-0.01,-9.3,0.63,-0.01,1,0,,,,0.66,0.07,2.5,13.26,-0.01,,,
0.5,ACQUIRE,0.01,-0.01,-9.3,0.64,-0.01,1,0,,,,0.67,0.07,2.0,13.26,-0.01,,,
0.55,ACQUIRE,0.01,-0.01,-9.37,0.65,-0.01,1,0,,,,0.67,0.08,2.6,13.26,-0.01,,,
0.6,ACQUIRE,0.01,-0.01,-9.37,0.66,-0.01,1,0,,,,0.68,0.08,1.8,13.26,-0.01,,,
0.65,ACQUIRE,0.01,-0.01,-9.44,0.68,-0.01,1,0,,,,0.67,0.07,2.6,13.26,-0.01,,,
0.7,ACQUIRE,0.01,-0.01,-9.44,0.69,-0.01,1,0,,,,0.68,0.08,1.8,13.26,-0.01,,,
0.75,ACQUIRE,0.03,-0.01,-9.49,0.7,-0.01,1,0,,,,0.67,0.07,2.5,13.26,-0.01,,,
0.8,ACQUIRE,0.03,-0.01,-9.49,0.71,-0.01,1,0,,,,0.68,0.07,1.8,13.26,-0.01,,,
0.85,ACQUIRE,0.05,-0.01,-9.53,0.73,-0.01,1,0,,,,0.73,0.05,2.5,13.26,-0.01,,,
0.9,ACQUIRE,0.05,-0.01,-9.53,0.74,-0.01,1,0,,,,0.74,0.08,1.9,13.26,-0.01,,,
0.95,ACQUIRE,0.08,-0.01,-9.55,0.75,-0.01,1,0,,,,0.71,0.08,2.4,13.26,-0.01,,,
1.0,ACQUIRE,0.08,-0.01,-9.55,0.76,-0.01,1,0,,,,0.72,0.09,1.9,13.26,-0.01,,,
1.05,ACQUIRE,0.11,-0.01,-9.57,0.78,-0.01,1,0,,,,0.68,0.08,2.4,13.26,-0.01,,,
1.1,ACQUIRE,0.11,-0.01,-9.57,0.79,-0.01,1,0,,,,0.69,0.08,1.9,13.26,-0.01,,,
1.15,ACQUIRE,0.16,-0.01,-9.58,0.8,-0.01,1,0,,,,0.64,0.07,2.3,13.26,-0.01,,,
1.2,ACQUIRE,0.16,-0.01,-9.58,0.81,-0.01,1,0,,,,0.64,0.07,1.9,13.26,-0.01,,,
1.25,ACQUIRE,0.21,-0.01,-9.59,0.83,-0.01,1,0,,,,0.6,0.07,2.6,13.26,-0.01,,,
1.3,ACQUIRE,0.21,-0.01,-9.59,0.84,-0.01,1,0,,,,0.61,0.07,1.9,13.26,-0.01,,,
1.35,ACQUIRE,0.26,-0.01,-9.58,0.85,-0.01,1,0,,,,-0.21,-0.14,2.6,13.26,-0.01,,,
1.4,ACQUIRE,0.26,-0.01,-9.58,0.86,-0.01,1,0,,,,0.62,0.04,2.1,13.26,-0.01,,,
1.45,ACQUIRE,0.32,-0.01,-9.58,0.88,-0.01,1,0,,,,0.57,0.07,2.6,13.26,-0.01,,,
1.5,ACQUIRE,0.32,-0.01,-9.58,0.89,-0.01,1,0,,,,0.58,0.07,1.9,13.26,-0.01,,,
1.55,ACQUIRE,0.38,-0.02,-9.57,0.9,-0.01,1,0,,,,0.52,0.07,2.5,13.26,-0.01,,,
1.6,ACQUIRE,0.38,-0.02,-9.57,0.91,-0.01,1,0,,,,0.53,0.07,1.8,13.26,-0.01,,,
1.65,ACQUIRE,0.44,-0.02,-9.57,0.93,-0.01,1,0,,,,0.46,0.06,2.4,13.26,-0.01,,,
1.7,ACQUIRE,0.44,-0.02,-9.57,0.94,-0.01,1,0,,,,0.47,0.06,1.8,13.26,-0.01,,,
1.75,ACQUIRE,0.49,-0.02,-9.56,0.95,-0.01,1,0,,,,0.41,0.05,2.4,13.26,-0.01,,,
1.8,ACQUIRE,0.49,-0.02,-9.56,0.96,-0.01,1,0,,,,0.42,0.05,1.8,13.26,-0.01,,,
1.85,ACQUIRE,0.55,-0.02,-9.55,0.98,-0.01,1,0,,,,0.43,0.09,2.4,13.26,-0.01,,,
1.9,ACQUIRE,0.55,-0.02,-9.55,0.99,-0.01,1,0,,,,0.43,0.06,1.8,13.26,-0.01,,,
1.95,ACQUIRE,0.61,-0.02,-9.55,1.0,-0.01,1,0,,,,0.38,0.06,2.4,13.26,-0.01,,,
2.0,ACQUIRE,0.61,-0.02,-9.55,1.01,-0.01,1,0,,,,0.39,0.06,1.9,13.26,-0.01,,,
2.05,ACQUIRE,0.66,-0.02,-9.54,1.03,-0.01,1,0,,,,0.33,0.05,2.6,13.26,-0.01,,,
2.1,ACQUIRE,0.66,-0.02,-9.54,1.04,-0.01,1,0,,,,0.34,0.05,1.9,13.26,-0.01,,,
2.15,ACQUIRE,0.72,-0.02,-9.54,1.05,-0.01,1,0,,,,0.29,0.04,2.6,13.26,-0.01,,,
2.2,ACQUIRE,0.72,-0.02,-9.54,1.06,-0.01,1,0,,,,0.29,0.04,1.9,13.26,-0.01,,,
2.25,ACQUIRE,0.77,-0.02,-9.54,1.08,-0.01,1,0,,,,0.24,0.03,2.6,13.26,-0.01,,,
2.3,ACQUIRE,0.77,-0.02,-9.54,1.09,-0.01,1,0,,,,0.25,0.04,1.9,13.26,-0.01,,,
2.35,ACQUIRE,0.81,-0.02,-9.53,1.1,-0.01,1,0,,,,0.27,0.04,2.6,13.26,-0.01,,,
2.4,ACQUIRE,0.81,-0.02,-9.53,1.12,-0.01,1,0,,,,0.28,0.03,5.0,13.26,-0.01,,,
2.45,ACQUIRE,0.86,-0.02,-9.53,1.13,-0.01,1,0,,,,0.24,0.02,2.5,13.26,-0.01,,,
2.5,ACQUIRE,0.86,-0.02,-9.53,1.14,-0.01,1,0,,,,0.25,0.02,1.8,13.26,-0.01,,,
2.55,ACQUIRE,0.9,-0.02,-9.53,1.15,-0.01,1,0,,,,0.21,0.02,2.4,13.26,-0.01,,,
2.6,ACQUIRE,0.9,-0.02,-9.53,1.17,-0.01,1,0,,,,0.22,0.02,1.9,13.26,-0.01,,,
2.65,ACQUIRE,0.94,-0.02,-9.53,1.18,-0.01,1,0,,,,0.17,0.02,2.4,13.26,-0.01,,,
2.7,ACQUIRE,0.94,-0.02,-9.53,1.19,-0.01,1,0,,,,0.18,0.02,1.8,13.26,-0.01,,,
2.75,ACQUIRE,0.97,-0.02,-9.54,1.2,-0.01,1,0,,,,0.15,0.02,2.3,13.26,-0.01,,,
2.8,ACQUIRE,0.97,-0.02,-9.54,1.22,-0.01,1,0,,,,0.16,0.02,1.9,13.26,-0.01,,,
2.85,ACQUIRE,1.0,-0.02,-9.54,1.23,-0.01,1,0,,,,0.2,0.02,2.6,13.26,-0.01,,,
2.9,ACQUIRE,1.0,-0.02,-9.54,1.24,-0.01,1,0,,,,0.21,0.02,2.0,13.26,-0.01,,,
2.95,ACQUIRE,1.03,-0.02,-9.54,1.25,-0.01,1,0,,,,0.18,0.02,2.6,13.26,-0.01,,,
3.0,ACQUIRE,1.03,-0.02,-9.54,1.27,-0.01,1,0,,,,0.19,0.02,1.8,13.26,-0.01,,,
3.05,ACQUIRE,1.06,-0.02,-9.54,1.28,-0.01,1,0,,,,0.17,0.02,2.7,13.26,-0.01,,,
3.1,ACQUIRE,1.06,-0.02,-9.54,1.29,-0.01,1,0,,,,0.18,0.02,1.8,13.26,-0.01,,,
3.15,ACQUIRE,1.09,-0.02,-9.54,1.3,-0.01,1,0,,,,0.15,0.02,2.6,13.26,-0.01,,,
3.2,ACQUIRE,1.09,-0.02,-9.54,1.32,-0.01,1,0,,,,0.15,0.02,1.8,13.26,-0.01,,,
3.25,ACQUIRE,1.11,-0.02,-9.55,1.33,-0.01,1,0,,,,0.13,0.02,2.3,13.26,-0.01,,,
3.3,ACQUIRE,1.11,-0.02,-9.55,1.34,-0.01,1,0,,,,0.13,0.02,2.0,13.26,-0.01,,,
3.35,ACQUIRE,1.14,-0.02,-9.55,1.35,-0.01,1,0,,,,0.19,0.03,2.4,13.26,-0.01,,,
3.4,ACQUIRE,1.14,-0.02,-9.55,1.37,-0.01,1,0,,,,0.2,0.03,1.9,13.26,-0.01,,,
3.45,ACQUIRE,1.16,-0.02,-9.55,1.38,-0.01,1,0,,,,0.18,0.03,2.2,13.26,-0.01,,,
3.5,ACQUIRE,1.16,-0.02,-9.55,1.39,-0.01,1,0,,,,0.19,0.03,1.9,13.26,-0.01,,,
3.55,ACQUIRE,1.18,-0.02,-9.55,1.4,-0.01,1,0,,,,0.17,0.03,2.4,13.26,-0.01,,,
3.6,ACQUIRE,1.18,-0.02,-9.55,1.42,-0.01,1,0,,,,0.18,0.03,1.9,13.26,-0.01,,,
3.65,ACQUIRE,1.2,-0.03,-9.55,1.43,-0.01,1,0,,,,0.16,0.02,2.6,13.26,-0.01,,,
3.71,ACQUIRE,1.2,-0.03,-9.55,1.44,-0.01,1,0,,,,0.17,0.02,2.1,13.26,-0.01,,,
3.76,ACQUIRE,1.22,-0.03,-9.55,1.45,-0.01,1,0,,,,0.16,0.03,2.7,13.26,-0.01,,,
3.81,ACQUIRE,1.22,-0.03,-9.55,1.47,-0.01,1,0,,,,0.16,0.03,1.8,13.26,-0.01,,,
3.86,ACQUIRE,1.24,-0.03,-9.56,1.48,-0.01,1,0,,,,0.21,0.04,2.4,13.26,-0.01,,,
3.91,ACQUIRE,1.24,-0.03,-9.56,1.49,-0.01,1,0,,,,0.22,0.04,1.8,13.26,-0.01,,,
3.96,ACQUIRE,1.26,-0.03,-9.56,1.5,-0.01,1,0,,,,0.2,0.04,2.5,13.26,-0.01,,,
4.01,ACQUIRE,1.26,-0.03,-9.56,1.52,-0.01,1,0,,,,0.21,0.04,2.0,13.26,-0.01,,,
4.06,ACQUIRE,1.28,-0.03,-9.56,1.53,-0.01,1,0,,,,0.19,0.04,2.4,13.26,-0.01,,,
4.11,ACQUIRE,1.28,-0.03,-9.56,1.54,-0.01,1,0,,,,0.2,0.04,1.8,13.26,-0.01,,,
4.16,ACQUIRE,1.3,-0.03,-9.56,1.55,-0.01,1,0,,,,0.19,0.04,2.4,13.26,-0.01,,,
4.21,ACQUIRE,1.3,-0.03,-9.56,1.57,-0.01,1,0,,,,0.2,0.04,1.8,13.26,-0.01,,,
4.26,ACQUIRE,1.32,-0.03,-9.56,1.58,-0.01,1,0,,,,0.19,0.04,2.4,13.26,-0.01,,,
4.31,ACQUIRE,1.32,-0.03,-9.56,1.59,-0.01,1,0,,,,0.2,0.04,1.8,13.26,-0.01,,,
4.36,ACQUIRE,1.34,-0.03,-9.56,1.6,-0.01,1,0,,,,0.24,0.03,2.3,13.26,-0.01,,,
4.41,ACQUIRE,1.34,-0.03,-9.56,1.62,-0.01,1,0,,,,0.25,0.04,1.8,13.26,-0.01,,,
4.46,ACQUIRE,1.36,-0.03,-9.56,1.63,-0.01,1,0,,,,0.24,0.03,2.5,13.26,-0.01,,,
4.51,ACQUIRE,1.36,-0.03,-9.56,1.64,-0.01,1,0,,,,0.24,0.03,1.9,13.26,-0.01,,,
4.56,ACQUIRE,1.38,-0.03,-9.56,1.65,-0.01,1,0,,,,0.23,0.04,2.6,13.26,-0.01,,,
4.61,ACQUIRE,1.38,-0.03,-9.56,1.67,-0.01,1,0,,,,0.24,0.04,1.9,13.26,-0.01,,,
4.66,ACQUIRE,1.4,-0.03,-9.56,1.68,-0.01,1,0,,,,0.22,0.04,2.6,13.26,-0.01,,,
4.71,CARRY,1.4,-0.03,-9.56,1.69,-0.01,1,0,,,,-0.672,0.041,607.8,13.26,-0.01,,,
5.32,CARRY,1.54,-0.02,-9.57,1.84,-0.01,1,0,322.0,223.0,17.1,0.34,0.04,55.8,13.26,-0.01,1.0,662.2,3.109
5.37,CARRY,1.56,-0.02,-9.57,1.86,-0.01,1,0,322.5,223.5,16.7,0.33,0.05,48.5,13.26,-0.01,0.6,661.3,3.203
5.42,CARRY,1.56,-0.02,-9.57,1.87,-0.01,1,0,322.0,223.0,17.1,0.34,0.04,54.1,13.26,-0.01,1.1,660.9,3.438
5.48,CARRY,1.58,-0.02,-9.57,1.88,-0.01,1,0,322.5,223.0,17.2,0.34,0.05,48.8,13.26,-0.01,0.3,659.5,3.422
5.53,CARRY,1.58,-0.02,-9.57,1.9,-0.01,1,0,322.0,222.5,17.6,0.35,0.04,53.5,13.26,-0.01,0.9,659.1,3.531
5.58,CARRY,1.6,-0.02,-9.57,1.91,-0.01,1,0,322.0,223.0,17.1,0.34,0.04,48.8,13.26,-0.01,0.9,658.3,3.547
5.63,CARRY,1.6,-0.02,-9.57,1.92,-0.01,1,0,322.0,222.0,18.1,0.36,0.04,54.2,13.26,-0.01,0.9,657.3,3.578
5.69,CARRY,1.63,-0.02,-9.57,1.94,-0.01,1,0,322.0,223.0,17.1,0.34,0.04,48.9,13.26,-0.01,1.1,657.0,3.578
5.74,CARRY,1.63,-0.02,-9.57,1.95,-0.01,1,0,322.5,222.0,18.2,0.36,0.05,53.9,13.26,-0.01,0.6,656.0,3.578
5.79,CARRY,1.65,-0.02,-9.57,1.96,-0.01,1,0,322.5,222.5,17.7,0.35,0.05,49.2,13.26,-0.01,0.5,655.1,3.594
5.84,CARRY,1.65,-0.02,-9.57,1.97,-0.01,1,0,322.5,222.0,18.2,0.36,0.05,53.7,13.26,-0.01,0.7,654.6,3.688
5.9,CARRY,1.67,-0.02,-9.57,1.99,-0.01,1,0,322.5,222.5,17.7,0.35,0.05,48.7,13.26,-0.01,0.5,653.6,4.031
5.95,CARRY,1.7,-0.02,-9.57,2.0,-0.01,1,0,322.5,223.5,16.7,0.33,0.05,55.4,13.26,-0.01,0.6,653.0,4.781
6.0,CARRY,1.7,-0.02,-9.57,2.01,-0.01,1,0,322.5,222.5,17.7,0.35,0.05,49.1,13.26,-0.01,0.5,652.0,5.219
6.05,CARRY,1.73,-0.02,-9.57,2.03,-0.01,1,0,322.5,223.5,16.7,0.33,0.05,55.6,13.26,-0.01,0.5,651.3,5.312
6.11,CARRY,1.73,-0.02,-9.57,2.04,-0.01,1,0,322.5,222.5,17.7,0.35,0.05,48.8,13.26,-0.01,0.3,650.3,5.344
6.16,CARRY,1.76,-0.02,-9.57,2.05,-0.01,1,0,322.5,224.0,16.2,0.32,0.05,55.4,13.26,-0.01,0.8,650.0,5.312
6.22,CARRY,1.76,-0.02,-9.57,2.07,-0.01,1,0,322.5,223.0,17.2,0.34,0.05,48.9,13.26,-0.01,0.6,649.0,5.375
6.27,CARRY,1.79,-0.02,-9.57,2.08,-0.01,1,0,322.5,224.0,16.2,0.32,0.05,55.8,13.26,-0.01,0.6,648.2,5.375
6.32,CARRY,1.79,-0.02,-9.57,2.09,-0.01,1,0,322.5,223.0,17.2,0.34,0.05,49.3,13.26,-0.01,0.4,647.2,5.438
6.37,CARRY,1.82,-0.02,-9.57,2.11,-0.01,1,0,322.5,224.0,16.2,0.32,0.05,55.4,13.26,-0.01,0.4,646.3,5.438
6.43,CARRY,1.82,-0.02,-9.57,2.12,-0.01,1,0,322.5,223.5,16.7,0.33,0.05,48.8,13.26,-0.01,0.6,645.8,5.406
6.48,CARRY,1.86,-0.02,-9.57,2.13,-0.01,1,0,322.5,224.5,15.7,0.31,0.05,56.0,13.26,-0.01,0.6,644.9,5.5
6.54,CARRY,1.86,-0.02,-9.57,2.15,-0.01,1,0,322.5,224.5,15.7,0.31,0.05,48.6,13.26,-0.01,1.3,644.9,5.531
6.59,CARRY,1.89,-0.02,-9.57,2.16,-0.01,1,0,322.5,225.0,15.2,0.3,0.05,55.4,13.26,-0.01,0.8,643.6,5.656
6.64,CARRY,1.92,-0.01,-9.57,2.17,-0.01,1,0,321.5,226.0,14.1,0.28,0.03,49.6,13.26,-0.01,0.8,642.8,5.562
6.69,CARRY,1.92,-0.01,-9.57,2.19,-0.01,1,0,321.5,225.0,15.1,0.3,0.03,55.4,13.26,-0.01,0.6,641.8,5.562
6.75,CARRY,1.95,-0.01,-9.57,2.2,-0.01,1,0,321.5,226.0,14.1,0.28,0.03,48.7,13.26,-0.01,0.5,640.9,5.5
6.8,CARRY,1.95,-0.01,-9.57,2.21,-0.01,1,0,321.5,225.5,14.6,0.29,0.03,55.4,13.26,-0.01,0.7,640.4,5.438
6.86,CARRY,1.98,-0.01,-9.57,2.23,-0.01,1,0,321.5,226.5,13.6,0.27,0.03,50.3,13.26,-0.01,0.6,639.5,5.438
6.91,CARRY,1.98,-0.01,-9.57,2.24,-0.01,1,0,321.5,226.0,14.1,0.28,0.03,53.7,13.26,-0.01,0.8,639.0,5.438
6.96,CARRY,2.02,-0.01,-9.57,2.25,-0.01,1,0,321.5,227.0,13.1,0.26,0.03,49.1,13.26,-0.01,0.8,638.2,5.375
7.01,CARRY,2.02,-0.01,-9.57,2.27,-0.01,1,0,321.5,226.0,14.1,0.28,0.03,54.5,13.26,-0.01,0.5,637.2,5.281
7.07,CARRY,2.05,-0.01,-9.57,2.28,-0.01,1,0,321.5,227.0,13.1,0.26,0.03,50.3,13.26,-0.01,0.5,636.4,5.375
7.12,CARRY,2.05,-0.01,-9.57,2.29,-0.01,1,0,321.5,226.0,14.1,0.28,0.03,54.7,13.26,-0.01,0.3,635.4,5.25
7.17,CARRY,2.08,-0.01,-9.57,2.31,-0.01,1,0,321.5,227.0,13.1,0.26,0.03,49.1,13.26,-0.01,0.3,634.6,5.25
7.22,CARRY,2.08,-0.01,-9.57,2.32,-0.01,1,0,321.5,226.5,13.6,0.27,0.03,54.2,13.26,-0.01,0.6,634.1,5.219
7.28,CARRY,2.11,-0.01,-9.57,2.33,-0.01,1,0,321.5,227.0,13.1,0.26,0.03,49.1,13.26,-0.01,0.2,632.9,5.219
7.33,CARRY,2.11,-0.01,-9.57,2.35,-0.01,1,0,321.5,226.5,13.6,0.27,0.03,54.3,13.26,-0.01,0.4,632.4,5.219
7.39,CARRY,2.13,-0.01,-9.57,2.36,-0.01,1,0,321.5,227.5,12.6,0.25,0.03,49.1,13.26,-0.01,0.5,631.7,5.25
7.44,CARRY,2.13,-0.01,-9.57,2.37,-0.01,1,0,321.5,227.0,13.1,0.26,0.03,54.5,13.26,-0.01,0.7,631.2,5.281
7.49,CARRY,2.16,-0.01,-9.57,2.39,-0.01,1,0,321.5,227.5,12.6,0.25,0.03,49.1,13.26,-0.01,0.4,630.0,5.25
7.54,CARRY,2.19,-0.01,-9.57,2.4,-0.01,1,0,321.5,228.5,11.6,0.23,0.03,55.1,13.26,-0.01,0.6,629.4,5.281
7.6,CARRY,2.19,-0.01,-9.57,2.41,-0.01,1,0,321.5,228.0,12.1,0.24,0.03,48.4,13.26,-0.01,0.8,628.9,5.312
7.65,CARRY,2.22,-0.01,-9.57,2.43,-0.01,1,0,321.5,228.5,11.6,0.23,0.03,54.9,13.26,-0.01,0.6,627.8,5.312
7.7,CARRY,2.22,-0.01,-9.57,2.44,-0.01,1,0,321.5,228.0,12.1,0.24,0.03,48.5,13.26,-0.01,0.8,627.3,5.344
7.75,CARRY,2.25,-0.01,-9.57,2.45,-0.01,1,0,321.5,228.5,11.6,0.23,0.03,54.4,13.26,-0.01,0.5,626.2,5.344
7.81,CARRY,2.25,-0.01,-9.57,2.47,-0.01,1,0,321.5,228.0,12.1,0.24,0.03,48.8,13.26,-0.01,0.7,625.7,5.406
7.86,CARRY,2.27,-0.01,-9.58,2.48,-0.01,1,0,321.5,228.5,11.6,0.23,0.03,54.7,13.26,-0.01,0.6,624.7,5.375
7.91,CARRY,2.27,-0.01,-9.58,2.49,-0.01,1,0,321.5,228.0,12.1,0.24,0.03,47.8,13.26,-0.01,0.8,624.2,5.469
7.96,CARRY,2.3,-0.01,-9.58,2.51,-0.01,1,0,321.5,228.5,11.6,0.23,0.03,54.4,13.26,-0.01,0.6,623.2,5.406
8.02,CARRY,2.3,-0.01,-9.58,2.52,-0.01,1,0,321.5,228.0,12.1,0.24,0.03,48.0,13.26,-0.01,0.8,622.7,5.531
8.07,CARRY,2.32,-0.01,-9.58,2.53,-0.01,1,0,321.5,228.5,11.6,0.23,0.03,54.5,13.26,-0.01,0.7,621.7,5.5
8.13,CARRY,2.32,-0.01,-9.58,2.55,-0.01,1,0,321.5,228.0,12.1,0.24,0.03,48.3,13.26,-0.01,0.9,621.2,5.625
8.18,CARRY,2.35,-0.01,-9.58,2.56,-0.01,1,0,321.5,228.5,11.6,0.23,0.03,55.2,13.26,-0.01,0.7,620.2,5.594
8.23,CARRY,2.35,-0.01,-9.58,2.57,-0.01,1,0,321.5,227.5,12.6,0.25,0.03,48.2,13.26,-0.01,0.5,619.2,5.688
8.28,CARRY,2.37,-0.0,-9.58,2.58,-0.01,1,0,321.5,228.0,12.1,0.24,0.03,55.1,13.26,-0.01,0.5,618.3,5.719
8.34,CARRY,2.37,-0.0,-9.58,2.6,-0.01,1,0,321.5,227.5,12.6,0.25,0.03,48.5,13.26,-0.01,0.6,617.8,5.812
8.39,CARRY,2.4,-0.0,-9.58,2.61,-0.01,1,0,321.5,228.0,12.1,0.24,0.03,54.8,13.26,-0.01,0.6,616.9,5.812
8.44,CARRY,2.4,-0.0,-9.58,2.63,-0.01,1,0,321.5,227.0,13.1,0.26,0.03,48.8,13.26,-0.01,0.4,615.9,5.875
8.49,CARRY,2.42,-0.0,-9.58,2.64,-0.01,1,0,321.5,228.0,12.1,0.24,0.03,56.3,13.26,-0.01,0.7,615.5,5.875
8.55,CARRY,2.45,-0.0,-9.58,2.65,-0.01,1,0,320.5,229.0,11.0,0.22,0.01,48.9,13.26,-0.01,1.0,615.1,5.875
8.6,CARRY,2.45,-0.0,-9.58,2.66,-0.01,1,0,321.5,228.0,12.1,0.24,0.03,53.9,13.26,-0.01,0.7,614.0,5.906
8.66,CARRY,2.47,-0.0,-9.58,2.68,-0.01,1,0,320.5,228.5,11.5,0.23,0.01,48.8,13.26,-0.01,0.7,613.2,5.844
8.71,CARRY,2.47,-0.0,-9.58,2.69,-0.01,1,0,321.5,228.0,12.1,0.24,0.03,54.0,13.26,-0.01,0.8,612.6,5.844
8.76,CARRY,2.5,-0.0,-9.58,2.7,-0.01,1,0,321.0,228.5,11.5,0.23,0.02,49.1,13.26,-0.01,0.6,611.7,5.812
8.81,CARRY,2.5,-0.0,-9.58,2.72,-0.01,1,0,321.5,228.0,12.1,0.24,0.03,54.7,13.26,-0.01,0.9,611.1,5.844
8.87,CARRY,2.52,-0.0,-9.58,2.73,-0.01,1,0,321.0,228.0,12.0,0.24,0.02,48.9,13.26,-0.01,0.2,609.8,5.844
8.92,CARRY,2.52,-0.0,-9.58,2.74,-0.01,1,0,321.5,227.5,12.6,0.25,0.03,54.9,13.26,-0.01,0.6,609.2,5.906
8.97,CARRY,2.54,-0.0,-9.58,2.76,-0.01,1,0,321.5,228.0,12.1,0.24,0.03,48.9,13.26,-0.01,0.5,608.3,5.875
9.02,CARRY,2.54,-0.0,-9.58,2.77,-0.01,1,0,321.5,227.5,12.6,0.25,0.03,54.0,13.26,-0.01,0.6,607.8,5.906
9.08,CARRY,2.57,-0.0,-9.58,2.78,-0.01,1,0,321.5,228.0,12.1,0.24,0.03,48.7,13.26,-0.01,0.6,606.9,5.969
9.13,CARRY,2.57,-0.0,-9.58,2.8,-0.01,1,0,321.5,227.0,13.1,0.26,0.03,55.4,13.26,-0.01,0.4,605.9,6.0
9.18,CARRY,2.59,-0.0,-9.58,2.81,-0.01,1,0,321.5,228.0,12.1,0.24,0.03,49.4,13.26,-0.01,0.7,605.5,6.031
9.23,CARRY,2.59,-0.0,-9.58,2.82,-0.01,1,0,321.5,227.0,13.1,0.26,0.03,53.8,13.26,-0.01,0.4,604.5,6.062
9.29,CARRY,2.62,-0.0,-9.58,2.84,-0.01,1,0,321.5,228.0,12.1,0.24,0.03,48.7,13.26,-0.01,0.8,604.1,6.0
9.34,CARRY,2.62,-0.0,-9.58,2.85,-0.01,1,0,321.5,227.0,13.1,0.26,0.03,53.7,13.26,-0.01,0.5,603.2,6.125
9.39,CARRY,2.64,-0.0,-9.58,2.86,-0.01,1,0,321.5,228.0,12.1,0.24,0.03,48.6,13.26,-0.01,0.9,602.7,6.094
9.44,CARRY,2.67,-0.0,-9.58,2.88,-0.01,1,0,321.5,228.5,11.6,0.23,0.03,54.4,13.26,-0.01,0.8,601.8,5.969
9.5,CARRY,2.67,-0.0,-9.58,2.89,-0.01,1,0,321.5,227.5,12.6,0.25,0.03,48.3,13.26,-0.01,0.5,600.8,5.969
9.55,CARRY,2.69,-0.0,-9.58,2.9,-0.01,1,0,321.5,228.0,12.1,0.24,0.03,55.4,13.26,-0.01,0.5,599.9,5.875
9.61,CARRY,2.69,-0.0,-9.58,2.92,-0.01,1,0,321.5,227.5,12.6,0.25,0.03,48.4,13.26,-0.01,0.6,599.4,5.875
9.66,CARRY,2.71,-0.0,-9.58,2.93,-0.01,1,0,321.5,228.0,12.1,0.24,0.03,54.6,13.26,-0.01,0.6,598.4,5.781
9.71,CARRY,2.71,-0.0,-9.58,2.94,-0.01,1,0,321.5,227.5,12.6,0.25,0.03,47.9,13.26,-0.01,0.7,597.9,5.812
9.76,CARRY,2.74,-0.0,-9.58,2.95,-0.01,1,0,321.5,228.0,12.1,0.24,0.03,54.5,13.26,-0.01,0.6,597.0,5.844
9.82,CARRY,2.74,-0.0,-9.58,2.97,-0.01,1,0,321.5,227.0,13.1,0.26,0.03,48.2,13.26,-0.01,0.4,596.0,5.844
9.87,CARRY,2.76,-0.0,-9.58,2.98,-0.01,1,0,321.5,228.0,12.1,0.24,0.03,54.5,13.26,-0.01,0.7,595.6,5.875
9.92,CARRY,2.76,-0.0,-9.58,2.99,-0.01,1,0,321.5,227.0,13.1,0.26,0.03,48.5,13.26,-0.01,0.5,594.6,5.875
9.97,CARRY,2.79,-0.0,-9.58,3.01,-0.01,1,0,321.5,228.0,12.1,0.24,0.03,54.7,13.26,-0.01,0.7,594.1,5.875
10.03,CARRY,2.79,-0.0,-9.58,3.02,-0.01,1,0,321.5,227.0,13.1,0.26,0.03,48.5,13.26,-0.01,0.5,593.1,5.938
10.08,CARRY,2.81,-0.0,-9.58,3.03,-0.01,1,0,321.5,228.0,12.1,0.24,0.03,54.9,13.26,-0.01,0.8,592.7,5.906
10.13,CARRY,2.81,-0.0,-9.58,3.05,-0.01,1,0,321.5,227.0,13.1,0.26,0.03,48.2,13.26,-0.01,0.6,591.7,5.938
10.18,CARRY,2.84,-0.0,-9.58,3.06,-0.01,1,0,321.5,228.0,12.1,0.24,0.03,55.0,13.26,-0.01,0.9,591.3,5.906
10.24,CARRY,2.86,-0.0,-9.58,3.07,-0.01,1,0,321.0,228.0,12.0,0.24,0.02,49.5,13.26,-0.01,0.2,589.9,5.812
10.29,CARRY,2.86,-0.0,-9.58,3.09,-0.01,1,0,321.5,227.5,12.6,0.25,0.03,54.6,13.26,-0.01,0.6,589.4,5.875
10.35,CARRY,2.89,-0.0,-9.58,3.1,-0.01,1,0,321.5,228.0,12.1,0.24,0.03,49.0,13.26,-0.01,0.5,588.4,5.844
10.4,CARRY,2.89,-0.0,-9.58,3.11,-0.01,1,0,321.5,227.5,12.6,0.25,0.03,49.1,13.26,-0.01,0.6,587.9,5.906
10.45,CARRY,2.91,-0.0,-9.58,3.13,-0.01,1,0,321.5,228.0,12.1,0.24,0.03,51.0,13.26,-0.01,0.5,587.0,5.875
10.5,CARRY,2.91,-0.0,-9.58,3.14,-0.01,1,0,321.5,227.5,12.6,0.25,0.03,49.4,13.26,-0.01,0.6,586.5,5.938
10.55,CARRY,2.94,-0.0,-9.58,3.15,-0.01,1,0,321.5,228.0,12.1,0.24,0.03,50.3,13.26,-0.01,0.5,585.5,5.875
10.6,CARRY,2.94,-0.0,-9.58,3.16,-0.01,1,0,321.5,227.5,12.6,0.25,0.03,50.3,13.26,-0.01,0.7,585.0,5.875
10.65,CARRY,2.96,-0.01,-9.58,3.18,-0.01,1,0,321.5,228.0,12.1,0.24,0.03,50.5,13.26,-0.01,0.6,584.1,5.844
10.7,CARRY,2.96,-0.01,-9.58,3.19,-0.01,1,0,321.5,227.5,12.6,0.25,0.03,50.2,13.26,-0.01,0.7,583.6,5.875
10.75,CARRY,2.99,-0.01,-9.58,3.2,-0.01,1,0,321.5,228.0,12.1,0.24,0.03,50.8,13.26,-0.01,0.6,582.6,5.969
10.81,CARRY,2.99,-0.01,-9.58,3.22,-0.01,1,0,321.5,227.0,13.1,0.26,0.03,52.3,13.26,-0.01,0.3,581.7,5.969
10.86,CARRY,3.01,-0.01,-9.58,3.23,-0.01,1,0,321.5,228.0,12.1,0.24,0.03,51.4,13.26,-0.01,0.6,581.2,6.0
10.91,CARRY,3.01,-0.01,-9.58,3.24,-0.01,1,0,321.5,227.0,13.1,0.26,0.03,49.0,13.26,-0.01,0.4,580.2,6.031
10.96,CARRY,3.04,-0.01,-9.58,3.25,-0.01,1,0,321.5,228.0,12.1,0.24,0.03,49.6,13.26,-0.01,0.7,579.8,6.062
11.01,CARRY,3.04,-0.01,-9.58,3.27,-0.01,1,0,321.5,227.0,13.1,0.26,0.03,49.9,13.26,-0.01,0.4,578.8,6.094
11.06,CARRY,3.06,-0.01,-9.58,3.28,-0.01,1,0,321.5,228.0,12.1,0.24,0.03,50.8,13.26,-0.01,0.7,578.3,6.094
11.12,CARRY,3.06,-0.01,-9.58,3.29,-0.01,1,0,321.5,227.0,13.1,0.26,0.03,50.1,13.26,-0.01,0.4,577.3,6.094
11.17,CARRY,3.09,-0.01,-9.58,3.31,-0.01,1,0,321.5,228.0,12.1,0.24,0.03,50.8,13.26,-0.01,0.7,576.9,6.062
11.22,CARRY,3.09,-0.01,-9.58,3.32,-0.01,1,0,321.5,227.0,13.1,0.26,0.03,50.0,13.26,-0.01,0.5,575.9,6.188
11.27,CARRY,3.11,-0.01,-9.58,3.33,-0.01,1,0,321.5,228.0,12.1,0.24,0.03,50.8,13.26,-0.01,0.8,575.5,6.156
11.32,CARRY,3.11,-0.01,-9.58,3.34,-0.01,1,0,321.5,227.0,13.1,0.26,0.03,50.5,13.26,-0.01,0.5,574.5,6.219
11.37,CARRY,3.14,-0.01,-9.58,3.36,-0.01,1,0,321.5,228.0,12.1,0.24,0.03,50.6,13.26,-0.01,0.8,574.0,6.156
11.42,CARRY,3.14,-0.01,-9.58,3.37,-0.01,1,0,321.5,227.0,13.1,0.26,0.03,50.0,13.26,-0.01,0.5,573.0,6.219
11.47,CARRY,3.16,-0.01,-9.58,3.38,-0.01,1,0,321.5,228.0,12.1,0.24,0.03,50.8,13.26,-0.01,0.9,572.6,6.188
11.53,CARRY,3.16,-0.01,-9.58,3.4,-0.01,1,0,321.5,227.0,13.1,0.26,0.03,50.1,13.26,-0.01,0.6,571.6,6.219
11.58,CARRY,3.19,-0.01,-9.58,3.41,-0.01,1,0,321.5,228.0,12.1,0.24,0.03,50.9,13.26,-0.01,0.9,571.1,6.156
11.63,CARRY,3.19,-0.01,-9.58,3.42,-0.01,1,0,321.5,227.0,13.1,0.26,0.03,50.2,13.26,-0.01,0.6,570.1,6.188
11.68,CARRY,3.21,-0.01,-9.58,3.43,-0.01,1,0,321.5,227.5,12.6,0.25,0.03,51.1,13.26,-0.01,0.4,569.2,6.094
11.73,CARRY,3.21,-0.01,-9.58,3.45,-0.01,1,0,321.5,227.0,13.1,0.26,0.03,50.4,13.26,-0.01,0.7,568.7,6.125
11.78,CARRY,3.23,-0.01,-9.58,3.46,-0.01,1,0,321.5,227.5,12.6,0.25,0.03,51.4,13.26,-0.01,0.5,567.8,6.062
11.84,CARRY,3.23,-0.01,-9.58,3.47,-0.01,1,0,321.5,227.0,13.1,0.26,0.03,50.6,13.26,-0.01,0.7,567.3,6.094
11.89,CARRY,3.26,-0.01,-9.58,3.49,-0.01,1,0,321.5,227.5,12.6,0.25,0.03,51.0,13.26,-0.01,0.6,566.3,6.094
11.94,CARRY,3.26,-0.01,-9.58,3.5,-0.01,1,0,321.5,227.0,13.1,0.26,0.03,50.0,13.26,-0.01,0.8,565.8,6.156
11.99,CARRY,3.28,-0.01,-9.58,3.51,-0.01,1,0,321.5,227.5,12.6,0.25,0.03,49.3,13.26,-0.01,0.6,564.9,6.125
12.04,CARRY,3.31,-0.01,-9.58,3.52,-0.01,1,0,321.5,228.0,12.1,0.24,0.03,50.5,13.26,-0.01,0.4,563.9,6.094
12.09,CARRY,3.31,-0.01,-9.58,3.54,-0.01,1,0,321.5,227.5,12.6,0.25,0.03,49.9,13.26,-0.01,0.6,563.4,6.125
12.14,CARRY,3.33,-0.01,-9.58,3.55,-0.01,1,0,321.5,228.0,12.1,0.24,0.03,50.1,13.26,-0.01,0.4,562.5,6.094
12.19,CARRY,3.33,-0.01,-9.58,3.56,-0.01,1,0,321.5,227.5,12.6,0.25,0.03,49.0,13.26,-0.01,0.6,562.0,6.094
12.24,CARRY,3.33,-0.01,-9.58,3.58,-0.01,1,0,321.5,227.0,13.1,0.26,0.03,50.1,13.26,-0.01,0.8,561.5,6.188
12.29,CARRY,3.36,-0.01,-9.58,3.59,-0.01,1,0,321.5,227.5,12.6,0.25,0.03,51.0,13.26,-0.01,0.6,560.5,6.188
12.35,CARRY,3.39,-0.01,-9.58,3.6,-0.01,1,0,321.5,228.0,12.1,0.24,0.03,50.7,13.26,-0.01,0.4,559.5,6.156
12.4,CARRY,3.39,-0.01,-9.58,3.61,-0.01,1,0,321.5,227.5,12.6,0.25,0.03,50.1,13.26,-0.01,0.6,559.0,6.219
12.45,CARRY,3.41,-0.01,-9.58,3.63,-0.01,1,0,321.5,228.0,12.1,0.24,0.03,50.6,13.26,-0.01,0.4,558.1,6.188
12.5,CARRY,3.41,-0.01,-9.58,3.64,-0.01,1,0,321.5,227.0,13.1,0.26,0.03,50.2,13.26,-0.01,0.1,557.1,6.188
12.55,CARRY,3.44,-0.01,-9.58,3.65,-0.01,1,0,321.5,228.0,12.1,0.24,0.03,50.6,13.26,-0.01,0.4,556.6,6.125
12.6,CARRY,3.44,-0.01,-9.58,3.67,-0.01,1,0,321.5,227.0,13.1,0.26,0.03,49.9,13.26,-0.01,0.2,555.6,6.156
12.65,CARRY,3.46,-0.01,-9.58,3.68,-0.01,1,0,321.5,228.0,12.1,0.24,0.03,50.6,13.26,-0.01,0.4,555.1,6.188
12.71,CARRY,3.46,-0.01,-9.58,3.69,-0.01,1,0,321.5,227.0,13.1,0.26,0.03,49.8,13.26,-0.01,0.2,554.1,6.156
12.76,CARRY,3.49,-0.01,-9.58,3.7,-0.01,1,0,321.5,228.0,12.1,0.24,0.03,50.7,13.26,-0.01,0.4,553.6,6.25
12.81,CARRY,3.49,-0.01,-9.58,3.72,-0.01,1,0,321.5,227.0,13.1,0.26,0.03,49.9,13.26,-0.01,0.2,552.7,6.219
12.86,CARRY,3.51,-0.01,-9.58,3.73,-0.01,1,0,321.5,228.0,12.1,0.24,0.03,51.0,13.26,-0.01,0.5,552.2,6.281
12.91,CARRY,3.51,-0.01,-9.58,3.74,-0.01,1,0,321.5,227.0,13.1,0.26,0.03,50.1,13.26,-0.01,0.2,551.2,6.25
12.96,CARRY,3.54,-0.01,-9.58,3.75,-0.01,1,0,321.5,228.0,12.1,0.24,0.03,50.7,13.26,-0.01,0.5,550.7,6.25
13.01,CARRY,3.54,-0.01,-9.58,3.77,-0.01,1,0,321.5,227.0,13.1,0.26,0.03,49.9,13.26,-0.01,0.2,549.7,6.219
13.06,CARRY,3.56,-0.01,-9.58,3.78,-0.01,1,0,321.5,228.0,12.1,0.24,0.03,50.6,13.26,-0.01,0.5,549.2,6.281
13.12,CARRY,3.56,-0.01,-9.58,3.79,-0.01,1,0,321.5,227.0,13.1,0.26,0.03,50.0,13.26,-0.01,0.2,548.3,6.219
13.17,CARRY,3.59,-0.01,-9.58,3.81,-0.01,1,0,321.5,228.0,12.1,0.24,0.03,50.7,13.26,-0.01,0.5,547.8,6.25
13.22,CARRY,3.59,-0.01,-9.58,3.82,-0.01,1,0,321.5,227.0,13.1,0.26,0.03,50.3,13.26,-0.01,0.2,546.8,6.156
13.27,CARRY,3.61,-0.01,-9.58,3.83,-0.01,1,0,321.5,228.0,12.1,0.24,0.03,50.5,13.26,-0.01,0.5,546.3,6.156
13.32,CARRY,3.61,-0.01,-9.58,3.84,-0.01,1,0,321.5,227.5,12.6,0.25,0.03,50.1,13.26,-0.01,0.8,545.8,6.094
13.37,CARRY,3.64,-0.01,-9.58,3.86,-0.01,1,0,321.5,228.0,12.1,0.24,0.03,50.5,13.26,-0.01,0.5,544.8,6.094
13.42,CARRY,3.64,-0.01,-9.58,3.87,-0.01,1,0,321.5,227.5,12.6,0.25,0.03,50.0,13.26,-0.01,0.8,544.3,6.062
13.47,CARRY,3.66,-0.01,-9.58,3.88,-0.01,1,0,321.0,229.5,10.5,0.21,0.02,50.7,13.26,-0.01,2.1,545.0,6.062
13.53,CARRY,3.66,-0.01,-9.58,3.9,-0.01,1,0,321.0,229.0,11.0,0.22,0.02,49.9,13.26,-0.01,2.4,544.5,6.062
13.58,CARRY,3.69,-0.01,-9.58,3.91,-0.01,1,0,321.0,230.0,10.0,0.2,0.02,51.0,13.26,-0.01,2.6,544.0,6.125
13.63,CARRY,3.69,-0.01,-9.58,3.92,-0.01,1,0,321.0,229.5,10.5,0.21,0.02,50.1,13.26,-0.01,2.9,543.5,6.094
13.68,CARRY,3.71,-0.01,-9.58,3.93,-0.01,1,0,321.0,231.0,9.1,0.18,0.02,50.9,13.26,-0.01,3.7,543.5,6.062
13.73,CARRY,3.71,-0.01,-9.58,3.95,-0.01,1,0,321.0,230.5,9.6,0.19,0.02,49.9,13.26,-0.01,3.9,543.1,6.062
13.78,CARRY,3.74,-0.01,-9.58,3.96,-0.01,1,0,321.0,231.0,9.1,0.18,0.02,50.7,13.26,-0.01,3.7,542.1,6.031
13.83,CARRY,3.74,-0.01,-9.58,3.97,-0.01,1,0,321.0,231.0,9.1,0.18,0.02,49.9,13.26,-0.01,4.5,542.1,6.094
13.89,CARRY,3.76,-0.01,-9.58,3.99,-0.01,1,0,321.0,232.0,8.1,0.16,0.02,50.6,13.26,-0.01,4.9,541.8,6.062
13.94,CARRY,3.76,-0.01,-9.58,4.0,-0.01,1,0,321.0,231.5,8.6,0.17,0.02,50.0,13.26,-0.01,5.1,541.3,6.156
13.99,CARRY,3.79,-0.01,-9.58,4.01,-0.01,1,0,320.5,233.0,7.0,0.14,0.01,50.7,13.26,-0.01,6.1,541.5,6.156
14.04,CARRY,3.79,-0.01,-9.58,4.02,-0.01,1,0,320.5,232.5,7.5,0.15,0.01,50.4,13.26,-0.01,6.3,541.0,6.219
14.09,CARRY,3.81,-0.01,-9.58,4.04,-0.01,1,0,320.5,233.0,7.0,0.14,0.01,51.4,13.26,-0.01,6.3,540.2,6.125
14.14,CARRY,3.83,-0.01,-9.58,4.05,-0.01,1,0,320.5,234.0,6.0,0.12,0.01,50.6,13.26,-0.01,6.8,540.0,6.031
14.19,CARRY,3.83,-0.01,-9.58,4.06,-0.01,1,0,320.5,233.5,6.5,0.13,0.01,49.8,13.26,-0.01,7.0,539.5,5.969
14.25,CARRY,3.85,-0.01,-9.58,4.08,-0.01,1,0,320.5,234.5,5.5,0.11,0.01,50.7,13.26,-0.01,7.6,539.3,6.0
14.3,CARRY,3.85,-0.01,-9.58,4.09,-0.01,1,0,320.5,234.0,6.0,0.12,0.01,50.3,13.26,-0.01,7.9,538.8,6.0
14.35,CARRY,3.87,-0.02,-9.58,4.1,-0.01,1,0,320.5,234.0,6.0,0.12,0.01,50.5,13.26,-0.01,7.5,537.7,5.938
14.4,CARRY,3.87,-0.02,-9.58,4.11,-0.01,1,0,320.5,233.5,6.5,0.13,0.01,50.3,13.26,-0.01,7.7,537.2,5.969
14.45,CARRY,3.89,-0.02,-9.58,4.13,-0.01,1,0,320.5,235.0,5.0,0.1,0.01,50.6,13.26,-0.01,9.0,537.7,6.0
14.5,CARRY,3.89,-0.02,-9.58,4.14,-0.01,1,0,321.5,234.5,5.7,0.11,0.03,50.0,13.26,-0.01,9.1,537.1,6.0
14.55,CARRY,3.9,-0.02,-9.58,4.15,-0.01,1,0,321.0,235.0,5.1,0.1,0.02,50.6,13.26,-0.01,9.4,536.7,6.0
14.6,CARRY,3.9,-0.02,-9.58,4.17,-0.01,1,0,321.0,235.0,5.1,0.1,0.02,50.0,13.26,-0.01,10.2,536.7,6.031
14.66,CARRY,3.92,-0.02,-9.58,4.18,-0.01,1,0,321.0,235.0,5.1,0.1,0.02,50.8,13.26,-0.01,10.0,535.8,6.062
14.71,CARRY,3.92,-0.02,-9.58,4.19,-0.01,1,0,321.0,234.5,5.6,0.11,0.02,49.9,13.26,-0.01,10.3,535.3,6.062
14.76,CARRY,3.93,-0.02,-9.58,4.2,-0.01,1,0,321.0,235.0,5.1,0.1,0.02,50.9,13.26,-0.01,10.7,535.0,6.062
14.81,CARRY,3.93,-0.02,-9.58,4.22,-0.01,1,0,321.0,234.5,5.6,0.11,0.02,51.9,13.26,-0.01,10.9,534.5,6.031
14.86,CARRY,3.94,-0.02,-9.58,4.23,-0.01,1,0,321.0,235.0,5.1,0.1,0.02,51.6,13.26,-0.01,11.4,534.2,6.0
14.92,CARRY,3.94,-0.02,-9.58,4.24,-0.01,1,0,321.0,235.0,5.1,0.1,0.02,49.8,13.26,-0.01,12.2,534.2,5.969
14.97,CARRY,3.96,-0.02,-9.58,4.26,-0.01,1,0,321.0,235.5,4.6,0.09,0.02,50.5,13.26,-0.01,12.7,533.9,6.031
15.02,CARRY,3.96,-0.02,-9.58,4.27,-0.01,1,0,320.5,235.0,5.0,0.1,0.01,50.4,13.26,-0.01,13.0,533.5,6.0
15.07,CARRY,3.97,-0.02,-9.58,4.28,-0.01,1,0,320.5,235.5,4.5,0.09,0.01,50.8,13.26,-0.01,13.5,533.3,5.906
15.12,CARRY,3.97,-0.02,-9.58,4.29,-0.01,1,0,320.5,235.0,5.0,0.1,0.01,50.3,13.26,-0.01,13.8,532.8,5.781
15.17,CARRY,3.98,-0.02,-9.58,4.31,-0.01,1,0,320.5,235.5,4.5,0.09,0.01,50.9,13.26,-0.01,14.3,532.6,5.719
15.22,CARRY,3.98,-0.02,-9.58,4.32,-0.01,1,0,320.5,235.0,5.0,0.1,0.01,50.1,13.26,-0.01,14.6,532.1,5.688
15.27,CARRY,3.99,-0.02,-9.58,4.33,-0.01,1,0,320.5,235.0,5.0,0.1,0.01,50.9,13.26,-0.01,14.7,531.5,5.656
15.33,CARRY,3.99,-0.02,-9.58,4.35,-0.01,1,0,320.5,234.5,5.5,0.11,0.01,50.1,13.26,-0.01,14.9,531.0,5.625
15.38,CARRY,4.0,-0.02,-9.58,4.36,-0.01,1,0,320.5,235.0,5.0,0.1,0.01,50.9,13.26,-0.01,15.5,530.9,5.469
15.43,CARRY,4.0,-0.02,-9.58,4.37,-0.01,1,0,320.5,235.0,5.0,0.1,0.01,49.9,13.26,-0.01,16.3,530.9,5.312
15.48,CARRY,4.01,-0.02,-9.58,4.38,-0.01,1,0,320.5,234.5,5.5,0.11,0.01,52.3,13.26,-0.01,15.9,529.8,5.219
15.53,CARRY,4.01,-0.02,-9.58,4.4,-0.01,1,0,321.5,234.5,5.7,0.11,0.03,50.3,13.26,-0.01,16.6,529.6,5.156
15.58,CARRY,4.02,-0.02,-9.58,4.41,-0.01,1,0,321.0,234.5,5.6,0.11,0.02,49.8,13.26,-0.01,16.8,529.1,4.969
15.64,CARRY,4.02,-0.02,-9.58,4.42,-0.01,1,0,321.0,234.5,5.6,0.11,0.02,49.5,13.26,-0.01,17.5,529.1,4.719
15.69,CARRY,4.03,-0.02,-9.58,4.44,-0.01,1,0,321.0,234.5,5.6,0.11,0.02,50.9,13.26,-0.01,17.6,528.5,4.469
15.74,CARRY,4.03,-0.02,-9.58,4.45,-0.01,1,0,321.0,234.0,6.1,0.12,0.02,51.9,13.26,-0.01,17.9,528.0,4.406
15.79,CARRY,4.05,-0.02,-9.58,4.46,-0.01,1,0,321.0,234.5,5.6,0.11,0.02,51.3,13.26,-0.01,18.5,527.9,4.25
15.84,CARRY,4.06,-0.02,-9.58,4.47,-0.01,1,0,321.0,235.0,5.1,0.1,0.02,51.7,13.26,-0.01,19.1,527.7,4.094
15.9,CARRY,4.06,-0.02,-9.58,4.49,-0.01,1,0,321.0,234.5,5.6,0.11,0.02,48.6,13.26,-0.01,19.4,527.3,3.984
15.95,CARRY,4.07,-0.02,-9.58,4.5,-0.01,1,0,321.0,234.5,5.6,0.11,0.02,49.7,13.26,-0.01,19.5,526.6,3.875
16.0,CARRY,4.07,-0.02,-9.58,4.51,-0.01,1,0,321.0,234.0,6.1,0.12,0.02,49.2,13.26,-0.01,19.7,526.1,3.766
16.05,CARRY,4.08,-0.02,-9.58,4.53,-0.01,1,0,321.0,234.5,5.6,0.11,0.02,50.9,13.26,-0.01,20.3,526.0,3.734
16.1,CARRY,4.08,-0.02,-9.58,4.54,-0.01,1,0,321.0,234.0,6.1,0.12,0.02,51.4,13.26,-0.01,20.6,525.5,3.656
16.15,CARRY,4.09,-0.02,-9.58,4.55,-0.01,1,0,321.0,234.0,6.1,0.12,0.02,51.4,13.26,-0.01,20.7,524.9,3.547
16.2,CARRY,4.09,-0.02,-9.58,4.56,-0.01,1,0,321.0,233.5,6.6,0.13,0.02,50.8,13.26,-0.01,21.0,524.4,3.484
16.25,CARRY,4.1,-0.01,-9.58,4.58,-0.01,1,0,320.5,234.0,6.0,0.12,0.01,51.5,13.26,-0.01,21.6,524.3,3.484
16.31,CARRY,4.1,-0.01,-9.58,4.59,-0.01,1,0,320.5,233.5,6.5,0.13,0.01,51.1,13.26,-0.01,21.9,523.8,3.422
16.36,CARRY,4.11,-0.01,-9.58,4.6,-0.01,1,0,320.5,234.0,6.0,0.12,0.01,51.7,13.26,-0.01,22.5,523.7,3.438
16.41,CARRY,4.11,-0.01,-9.58,4.62,-0.01,1,0,320.5,233.5,6.5,0.13,0.01,50.7,13.26,-0.01,22.8,523.2,3.547
16.46,CARRY,4.12,-0.01,-9.58,4.63,-0.01,1,0,320.5,233.5,6.5,0.13,0.01,50.9,13.26,-0.01,22.8,522.5,3.562
16.52,CARRY,4.12,-0.01,-9.58,4.64,-0.01,1,0,320.5,233.5,6.5,0.13,0.01,49.7,13.26,-0.01,23.6,522.5,3.578
16.57,CARRY,4.13,-0.01,-9.58,4.66,-0.01,1,0,320.5,234.0,6.0,0.12,0.01,51.6,13.26,-0.01,24.1,522.3,3.641
16.62,CARRY,4.13,-0.01,-9.58,4.67,-0.01,1,0,320.5,233.5,6.5,0.13,0.01,51.0,13.26,-0.01,24.4,521.8,3.703
16.67,CARRY,4.15,-0.01,-9.58,4.68,-0.01,1,0,320.5,233.5,6.5,0.13,0.01,51.9,13.26,-0.01,24.5,521.2,3.734
16.72,CARRY,4.15,-0.01,-9.58,4.7,-0.01,1,0,320.5,233.0,7.0,0.14,0.01,49.8,13.26,-0.01,24.7,520.7,3.812
16.77,CARRY,4.16,-0.01,-9.58,4.71,-0.01,1,0,320.5,233.5,6.5,0.13,0.01,51.6,13.26,-0.01,25.3,520.5,3.906
16.83,CARRY,4.16,-0.01,-9.58,4.72,-0.01,1,0,320.5,233.0,7.0,0.14,0.01,50.9,13.26,-0.01,25.5,520.0,3.984
16.88,CARRY,4.17,-0.01,-9.58,4.73,-0.01,1,0,320.0,233.5,6.5,0.13,0.0,51.8,13.26,-0.01,26.1,519.8,4.094
16.93,CARRY,4.17,-0.01,-9.58,4.75,-0.01,1,0,320.5,233.5,6.5,0.13,0.01,50.8,13.26,-0.01,26.8,519.8,4.156
16.98,CARRY,4.18,-0.01,-9.58,4.76,-0.01,1,0,320.5,234.0,6.0,0.12,0.01,50.7,13.26,-0.01,27.3,519.5,4.25
17.03,CARRY,4.18,-0.01,-9.58,4.77,-0.01,1,0,321.0,233.5,6.6,0.13,0.02,50.5,13.26,-0.01,27.5,519.0,4.344
17.09,CARRY,4.2,-0.01,-9.58,4.79,-0.01,1,0,320.5,233.5,6.5,0.13,0.01,52.5,13.26,-0.01,27.6,518.3,4.406
17.14,CARRY,4.2,-0.01,-9.58,4.8,-0.01,1,0,321.0,232.5,7.6,0.15,0.02,51.4,13.26,-0.01,27.3,517.3,4.406
17.19,CARRY,4.21,-0.01,-9.58,4.81,-0.01,1,0,321.0,233.0,7.1,0.14,0.02,51.4,13.26,-0.01,27.8,517.0,4.406
17.24,CARRY,4.22,-0.01,-9.58,4.83,-0.01,1,0,321.0,234.0,6.1,0.12,0.02,51.2,13.26,-0.01,28.9,517.3,4.469
17.3,CARRY,4.22,-0.01,-9.58,4.84,-0.01,1,0,321.0,233.5,6.6,0.13,0.02,52.0,13.26,-0.01,29.1,516.8,4.531
17.35,CARRY,4.23,-0.01,-9.58,4.85,-0.01,1,0,320.5,234.0,6.0,0.12,0.01,51.6,13.26,-0.01,29.7,516.6,4.656
17.4,CARRY,4.23,-0.01,-9.58,4.86,-0.01,1,0,320.5,233.5,6.5,0.13,0.01,51.0,13.26,-0.01,29.9,516.1,4.812
17.45,CARRY,4.25,-0.01,-9.58,4.88,-0.01,1,0,320.5,233.5,6.5,0.13,0.01,51.8,13.26,-0.01,29.9,515.4,4.938
17.51,CARRY,4.25,-0.01,-9.58,4.89,-0.01,1,0,320.5,233.5,6.5,0.13,0.01,51.0,13.26,-0.01,30.7,515.4,5.094
17.56,CARRY,4.26,-0.01,-9.58,4.9,-0.01,1,0,320.5,234.0,6.0,0.12,0.01,52.1,13.26,-0.01,31.2,515.1,5.312
17.61,CARRY,4.26,-0.01,-9.58,4.92,-0.01,1,0,320.5,233.5,6.5,0.13,0.01,51.1,13.26,-0.01,31.5,514.6,5.5
17.66,CARRY,4.27,-0.01,-9.58,4.93,-0.01,1,0,320.5,234.0,6.0,0.12,0.01,51.7,13.26,-0.01,32.0,514.3,5.656
17.72,CARRY,4.27,-0.01,-9.58,4.94,-0.01,1,0,320.5,233.5,6.5,0.13,0.01,51.2,13.26,-0.01,32.2,513.8,5.844
17.77,CARRY,4.29,-0.01,-9.58,4.96,-0.01,1,0,320.5,233.5,6.5,0.13,0.01,51.0,13.26,-0.01,32.2,513.1,6.0
17.82,CARRY,4.29,-0.01,-9.58,4.97,-0.01,1,0,320.5,233.0,7.0,0.14,0.01,49.5,13.26,-0.01,32.5,512.6,6.188
17.87,CARRY,4.3,-0.01,-9.58,4.98,-0.01,1,0,320.5,233.0,7.0,0.14,0.01,51.5,13.26,-0.01,32.5,511.9,6.312
17.92,CARRY,4.3,-0.01,-9.58,4.99,-0.01,1,0,320.5,233.0,7.0,0.14,0.01,50.7,13.26,-0.01,33.2,511.9,6.469
17.97,CARRY,4.31,-0.01,-9.58,5.01,-0.01,1,0,320.0,233.5,6.5,0.13,0.0,50.8,13.26,-0.01,33.8,511.7,6.656
18.03,CARRY,4.31,-0.01,-9.58,5.02,-0.01,1,0,320.0,233.0,7.0,0.14,0.0,50.9,13.26,-0.01,34.1,511.2,6.781
18.08,CARRY,4.32,-0.01,-9.58,5.03,-0.01,1,0,320.5,233.5,6.5,0.13,0.01,52.1,13.26,-0.01,34.5,510.9,7.0
18.13,CARRY,4.32,-0.01,-9.58,5.05,-0.01,1,0,320.5,233.0,7.0,0.14,0.01,49.2,13.26,-0.01,34.8,510.4,7.031
18.18,CARRY,4.34,-0.01,-9.58,5.06,-0.01,1,0,321.0,234.0,6.1,0.12,0.02,51.3,13.26,-0.01,35.7,510.6,7.312
18.23,CARRY,4.34,-0.01,-9.58,5.07,-0.01,1,0,321.0,233.5,6.6,0.13,0.02,50.7,13.26,-0.01,36.0,510.1,7.5
18.28,CARRY,4.35,-0.01,-9.58,5.09,-0.01,1,0,321.0,233.5,6.6,0.13,0.02,51.4,13.26,-0.01,36.0,509.4,7.594
18.34,CARRY,4.35,-0.01,-9.58,5.1,-0.01,1,0,321.0,233.5,6.6,0.13,0.02,51.3,13.26,-0.01,36.7,509.4,7.844
18.39,CARRY,4.36,-0.01,-9.58,5.11,-0.01,1,0,321.0,234.0,6.1,0.12,0.02,51.6,13.26,-0.01,37.2,509.1,7.969
18.44,CARRY,4.36,-0.01,-9.58,5.12,-0.01,1,0,321.0,233.5,6.6,0.13,0.02,51.0,13.26,-0.01,37.5,508.6,8.188
18.49,CARRY,4.38,-0.01,-9.58,5.14,-0.01,1,0,320.5,234.0,6.0,0.12,0.01,51.1,13.26,-0.01,38.1,508.5,8.375
18.55,CARRY,4.39,-0.01,-9.58,5.15,-0.01,1,0,320.5,234.5,5.5,0.11,0.01,49.7,13.26,-0.01,38.6,508.2,8.562
18.6,CARRY,4.39,-0.01,-9.58,5.16,-0.01,1,0,320.5,234.0,6.0,0.12,0.01,49.9,13.26,-0.01,38.8,507.7,8.688
18.65,CARRY,4.4,-0.01,-9.58,5.18,-0.01,1,0,320.5,234.0,6.0,0.12,0.01,51.0,13.26,-0.01,38.8,507.0,8.812
18.7,CARRY,4.4,-0.01,-9.58,5.19,-0.01,1,0,320.5,233.5,6.5,0.13,0.01,49.9,13.26,-0.01,39.1,506.5,8.875
18.75,CARRY,4.41,-0.01,-9.58,5.2,-0.01,1,0,320.5,233.5,6.5,0.13,0.01,49.6,13.26,-0.01,39.1,505.7,9.0
18.8,CARRY,4.41,-0.01,-9.58,5.21,-0.01,1,0,320.5,234.0,6.0,0.12,0.01,51.3,13.26,-0.01,40.3,506.2,9.125
18.85,CARRY,4.43,-0.01,-9.58,5.23,-0.01,1,0,320.5,234.0,6.0,0.12,0.01,51.1,13.26,-0.01,40.3,505.5,9.375
18.9,CARRY,4.43,-0.01,-9.58,5.24,-0.01,1,0,320.5,233.5,6.5,0.13,0.01,50.1,13.26,-0.01,40.6,505.0,9.688
18.96,CARRY,4.44,-0.01,-9.58,5.25,-0.01,1,0,320.5,233.5,6.5,0.13,0.01,51.2,13.26,-0.01,40.6,504.3,9.812
19.01,CARRY,4.44,-0.01,-9.58,5.27,-0.01,1,0,321.0,233.0,7.1,0.14,0.02,50.4,13.26,-0.01,40.8,503.7,9.875
19.06,CARRY,4.45,-0.01,-9.58,5.28,-0.01,1,0,321.0,234.0,6.1,0.12,0.02,51.2,13.26,-0.01,41.8,504.0,9.875
19.11,CARRY,4.45,-0.01,-9.58,5.29,-0.01,1,0,321.0,233.0,7.1,0.14,0.02,50.3,13.26,-0.01,41.5,503.0,9.938
19.16,CARRY,4.46,-0.02,-9.58,5.3,-0.01,1,0,321.0,234.0,6.1,0.12,0.02,51.1,13.26,-0.01,42.6,503.3,10.062
19.21,CARRY,4.46,-0.02,-9.58,5.32,-0.01,1,0,321.0,233.5,6.6,0.13,0.02,50.4,13.26,-0.01,42.8,502.8,10.062
19.27,CARRY,4.48,-0.02,-9.58,5.33,-0.01,1,0,321.0,234.0,6.1,0.12,0.02,51.1,13.26,-0.01,43.3,502.6,10.125
19.32,CARRY,4.48,-0.02,-9.58,5.34,-0.01,1,0,321.0,233.5,6.6,0.13,0.02,50.8,13.26,-0.01,43.6,502.1,10.125
19.37,CARRY,4.49,-0.02,-9.58,5.36,-0.01,1,0,321.0,233.0,7.1,0.14,0.02,50.9,13.26,-0.01,43.1,500.8,10.125
19.42,CARRY,4.49,-0.02,-9.58,5.37,-0.01,1,0,321.0,233.5,6.6,0.13,0.02,50.5,13.26,-0.01,44.4,501.3,10.062
19.47,CARRY,4.5,-0.02,-9.58,5.38,-0.01,1,0,321.0,233.5,6.6,0.13,0.02,51.0,13.26,-0.01,44.4,500.6,10.0
19.52,CARRY,4.5,-0.02,-9.58,5.4,-0.01,1,0,320.5,233.0,7.0,0.14,0.01,50.3,13.26,-0.01,44.7,500.2,9.938
19.58,CARRY,4.51,-0.02,-9.58,5.41,-0.01,1,0,320.5,234.0,6.0,0.12,0.01,51.3,13.26,-0.01,45.7,500.4,9.875
19.63,CARRY,4.51,-0.02,-9.58,5.42,-0.01,1,0,320.5,233.5,6.5,0.13,0.01,50.5,13.26,-0.01,45.9,499.9,9.875
19.68,CARRY,4.53,-0.02,-9.58,5.43,-0.01,1,0,320.5,233.5,6.5,0.13,0.01,51.4,13.26,-0.01,46.0,499.2,9.812
19.73,CARRY,4.53,-0.02,-9.58,5.45,-0.01,1,0,321.0,233.0,7.1,0.14,0.02,50.4,13.26,-0.01,46.1,498.6,9.75
19.78,CARRY,4.54,-0.02,-9.58,5.46,-0.01,1,0,321.0,233.5,6.6,0.13,0.02,51.5,13.26,-0.01,46.6,498.4,9.688
19.84,CARRY,4.54,-0.02,-9.58,5.47,-0.01,1,0,321.5,233.5,6.7,0.13,0.03,50.8,13.26,-0.01,47.3,498.3,9.625
19.89,CARRY,4.55,-0.02,-9.58,5.49,-0.01,1,0,321.5,233.5,6.7,0.13,0.03,50.9,13.26,-0.01,47.3,497.5,9.75
19.94,CARRY,4.55,-0.02,-9.58,5.5,-0.01,1,0,321.5,232.5,7.6,0.15,0.03,50.6,13.26,-0.01,47.1,496.5,9.75
19.99,CARRY,4.57,-0.02,-9.58,5.51,-0.01,1,0,321.5,233.5,6.7,0.13,0.03,51.1,13.26,-0.01,48.0,496.8,9.625
20.04,CARRY,4.57,-0.02,-9.58,5.52,-0.01,1,0,321.5,234.0,6.2,0.12,0.03,50.4,13.26,-0.01,49.3,497.3,9.562
20.09,CARRY,4.58,-0.02,-9.58,5.54,-0.01,1,0,321.0,233.5,6.6,0.13,0.02,51.1,13.26,-0.01,48.8,496.1,9.625
20.15,CARRY,4.59,-0.02,-9.58,5.55,-0.01,1,0,321.0,234.5,5.6,0.11,0.02,51.0,13.26,-0.01,49.8,496.3,9.562
20.2,CARRY,4.59,-0.02,-9.58,5.56,-0.01,1,0,321.0,234.0,6.1,0.12,0.02,50.8,13.26,-0.01,50.1,495.8,9.562
20.25,CARRY,4.61,-0.02,-9.58,5.58,-0.01,1,0,321.0,234.5,5.6,0.11,0.02,51.0,13.26,-0.01,50.6,495.5,9.438
20.3,CARRY,4.61,-0.02,-9.58,5.59,-0.01,1,0,321.0,234.0,6.1,0.12,0.02,50.5,13.26,-0.01,50.8,495.0,9.5
20.35,CARRY,4.62,-0.02,-9.58,5.6,-0.01,1,0,321.0,235.0,5.1,0.1,0.02,50.8,13.26,-0.01,51.8,495.2,9.438
20.4,CARRY,4.62,-0.02,-9.58,5.62,-0.01,1,0,321.0,234.5,5.6,0.11,0.02,50.2,13.26,-0.01,52.0,494.7,9.5
20.46,CARRY,4.63,-0.02,-9.58,5.63,-0.01,1,0,321.0,234.5,5.6,0.11,0.02,50.5,13.26,-0.01,52.0,494.0,9.438
20.51,CARRY,4.63,-0.02,-9.58,5.64,-0.01,1,0,321.0,234.0,6.1,0.12,0.02,50.9,13.26,-0.01,52.3,493.5,9.438
20.56,CARRY,4.65,-0.02,-9.58,5.65,-0.01,1,0,321.0,235.0,5.1,0.1,0.02,52.0,13.26,-0.01,53.3,493.7,9.438
20.61,CARRY,4.65,-0.02,-9.58,5.67,-0.01,1,0,321.0,234.0,6.1,0.12,0.02,51.5,13.26,-0.01,53.0,492.7,9.5
20.66,CARRY,4.66,-0.02,-9.58,5.68,-0.01,1,0,321.0,234.0,6.1,0.12,0.02,53.3,13.26,-0.01,53.1,492.0,9.438
20.72,CARRY,4.66,-0.02,-9.58,5.69,-0.01,1,0,321.5,233.5,6.7,0.13,0.03,52.7,13.26,-0.01,53.3,491.5,9.438
20.77,CARRY,4.67,-0.02,-9.58,5.71,-0.01,1,0,321.5,233.5,6.7,0.13,0.03,49.6,13.26,-0.01,53.4,490.7,9.438
20.82,CARRY,4.67,-0.02,-9.58,5.72,-0.01,1,0,321.5,233.5,6.7,0.13,0.03,53.6,13.26,-0.01,54.1,490.7,9.375
20.88,CARRY,4.68,-0.02,-9.58,5.73,-0.01,1,0,321.5,234.0,6.2,0.12,0.03,50.1,13.26,-0.01,54.7,490.5,9.562
20.93,CARRY,4.68,-0.02,-9.58,5.75,-0.01,1,0,321.5,234.0,6.2,0.12,0.03,51.9,13.26,-0.01,55.4,490.5,9.562
20.98,CARRY,4.69,-0.02,-9.58,5.76,-0.01,1,0,321.5,234.0,6.2,0.12,0.03,51.1,13.26,-0.01,55.5,489.8,9.5
21.03,CARRY,4.69,-0.02,-9.58,5.77,-0.01,1,0,321.5,234.0,6.2,0.12,0.03,49.8,13.26,-0.01,56.3,489.8,9.438
21.08,CARRY,4.71,-0.02,-9.58,5.78,-0.01,1,0,321.5,234.5,5.7,0.11,0.03,48.5,13.26,-0.01,56.8,489.6,9.562
21.13,CARRY,4.71,-0.02,-9.58,5.8,-0.01,1,0,321.0,234.0,6.1,0.12,0.02,50.9,13.26,-0.01,57.1,489.2,9.562
21.18,CARRY,4.72,-0.02,-9.58,5.81,-0.01,1,0,321.0,234.0,6.1,0.12,0.02,51.6,13.26,-0.01,57.1,488.5,9.625
21.24,CARRY,4.72,-0.02,-9.58,5.82,-0.01,1,0,321.0,233.5,6.6,0.13,0.02,50.8,13.26,-0.01,57.4,488.0,9.625
21.29,CARRY,4.73,-0.02,-9.58,5.84,-0.01,1,0,321.0,234.0,6.1,0.12,0.02,52.0,13.26,-0.01,57.9,487.7,9.562
21.34,CARRY,4.73,-0.02,-9.58,5.85,-0.01,1,0,321.0,233.5,6.6,0.13,0.02,51.1,13.26,-0.01,58.2,487.3,9.5
21.39,CARRY,4.74,-0.02,-9.58,5.86,-0.01,1,0,321.0,234.0,6.1,0.12,0.02,51.7,13.26,-0.01,58.7,487.0,9.625
21.45,CARRY,4.76,-0.02,-9.58,5.88,-0.01,1,0,321.0,234.0,6.1,0.12,0.02,51.6,13.26,-0.01,58.7,486.3,9.75
21.5,CARRY,4.76,-0.02,-9.58,5.89,-0.01,1,0,321.0,234.0,6.1,0.12,0.02,51.3,13.26,-0.01,59.5,486.3,9.812
21.55,CARRY,4.77,-0.02,-9.58,5.9,-0.01,1,0,321.0,234.0,6.1,0.12,0.02,51.8,13.26,-0.01,59.5,485.6,9.875
21.6,CARRY,4.77,-0.02,-9.58,5.92,-0.01,1,0,321.0,234.0,6.1,0.12,0.02,51.1,13.26,-0.01,60.3,485.6,9.875
21.66,CARRY,4.78,-0.02,-9.58,5.93,-0.01,1,0,321.0,234.5,5.6,0.11,0.02,53.1,13.26,-0.01,60.8,485.4,9.875
21.71,CARRY,4.78,-0.02,-9.58,5.94,-0.01,1,0,320.5,233.5,6.5,0.13,0.01,51.0,13.26,-0.01,60.7,484.5,9.812
21.76,CARRY,4.79,-0.02,-9.58,5.95,-0.01,1,0,320.5,234.5,5.5,0.11,0.01,51.2,13.26,-0.01,61.7,484.7,9.812
21.81,CARRY,4.79,-0.02,-9.58,5.97,-0.01,1,0,320.5,234.0,6.0,0.12,0.01,51.2,13.26,-0.01,61.9,484.2,9.875
21.87,CARRY,4.81,-0.02,-9.58,5.98,-0.01,1,0,320.5,234.0,6.0,0.12,0.01,50.6,13.26,-0.01,62.0,483.5,9.812
21.92,CARRY,4.81,-0.02,-9.58,5.99,-0.01,1,0,320.5,233.5,6.5,0.13,0.01,50.6,13.26,-0.01,62.2,483.0,9.812
21.97,CARRY,4.82,-0.02,-9.58,6.01,-0.01,1,0,320.5,234.0,6.0,0.12,0.01,51.7,13.26,-0.01,62.8,482.8,9.812
22.02,CARRY,4.82,-0.02,-9.58,6.02,-0.01,1,0,320.5,234.0,6.0,0.12,0.01,51.0,13.26,-0.01,63.5,482.8,9.75
22.07,CARRY,4.83,-0.01,-9.58,6.03,-0.01,1,0,320.5,234.5,5.5,0.11,0.01,51.9,13.26,-0.01,64.1,482.6,9.688
22.13,CARRY,4.83,-0.01,-9.58,6.05,-0.01,1,0,320.5,234.0,6.0,0.12,0.01,51.2,13.26,-0.01,64.3,482.1,9.75
22.18,CARRY,4.84,-0.01,-9.58,6.06,-0.01,1,0,320.0,233.5,6.5,0.13,0.0,50.9,13.26,-0.01,64.0,481.0,9.875
22.23,CARRY,4.84,-0.01,-9.58,6.07,-0.01,1,0,321.0,233.0,7.1,0.14,0.02,49.1,13.26,-0.01,64.1,480.4,9.812
22.28,CARRY,4.85,-0.01,-9.58,6.08,-0.01,1,0,320.5,233.5,6.5,0.13,0.01,50.6,13.26,-0.01,64.7,480.3,9.812
22.33,CARRY,4.85,-0.01,-9.58,6.1,-0.01,1,0,321.0,233.5,6.6,0.13,0.02,50.8,13.26,-0.01,65.4,480.2,9.812
22.38,CARRY,4.87,-0.01,-9.58,6.11,-0.01,1,0,320.5,234.0,6.0,0.12,0.01,51.5,13.26,-0.01,66.0,480.1,9.812
22.44,CARRY,4.87,-0.01,-9.58,6.12,-0.01,1,0,321.0,234.0,6.1,0.12,0.02,50.5,13.26,-0.01,66.7,480.0,9.75
22.49,CARRY,4.88,-0.01,-9.58,6.14,-0.01,1,0,320.5,234.0,6.0,0.12,0.01,51.7,13.26,-0.01,66.9,479.4,9.812
22.54,CARRY,4.88,-0.01,-9.58,6.15,-0.01,1,0,321.0,234.0,6.1,0.12,0.02,50.9,13.26,-0.01,67.6,479.4,9.812
22.59,CARRY,4.89,-0.01,-9.58,6.16,-0.01,1,0,321.0,234.5,5.6,0.11,0.02,51.0,13.26,-0.01,68.1,479.2,9.812
22.64,CARRY,4.9,-0.01,-9.58,6.18,-0.01,1,0,321.0,234.5,5.6,0.11,0.02,51.9,13.26,-0.01,68.1,478.5,9.812
22.7,CARRY,4.9,-0.01,-9.58,6.19,-0.01,1,0,320.5,234.0,6.0,0.12,0.01,50.2,13.26,-0.01,68.5,478.0,9.875
22.75,CARRY,4.91,-0.01,-9.58,6.2,-0.01,1,0,320.5,234.0,6.0,0.12,0.01,51.4,13.26,-0.01,68.5,477.3,9.875
22.8,CARRY,4.91,-0.01,-9.58,6.21,-0.01,1,0,320.5,233.5,6.5,0.13,0.01,51.1,13.26,-0.01,68.7,476.8,9.875
22.85,CARRY,4.93,-0.01,-9.58,6.23,-0.01,1,0,320.5,234.0,6.0,0.12,0.01,50.5,13.26,-0.01,69.3,476.6,9.875
22.9,CARRY,4.93,-0.01,-9.58,6.24,-0.01,1,0,320.5,233.5,6.5,0.13,0.01,50.9,13.26,-0.01,69.5,476.1,9.875
22.96,CARRY,4.94,-0.01,-9.58,6.25,-0.01,1,0,320.5,234.0,6.0,0.12,0.01,51.9,13.26,-0.01,70.1,475.9,9.938
23.01,CARRY,4.94,-0.01,-9.58,6.27,-0.01,1,0,320.5,233.5,6.5,0.13,0.01,49.7,13.26,-0.01,70.3,475.4,9.875
23.06,CARRY,4.95,-0.01,-9.58,6.28,-0.01,1,0,320.5,234.0,6.0,0.12,0.01,50.4,13.26,-0.01,70.9,475.2,9.938
23.11,CARRY,4.95,-0.01,-9.58,6.29,-0.01,1,0,320.5,234.0,6.0,0.12,0.01,50.3,13.26,-0.01,71.6,475.2,9.812
23.16,CARRY,4.96,-0.01,-9.58,6.3,-0.01,1,0,320.5,234.5,5.5,0.11,0.01,51.6,13.26,-0.01,72.1,475.0,9.875
23.21,CARRY,4.96,-0.01,-9.58,6.32,-0.01,1,0,320.0,234.0,6.0,0.12,0.0,50.4,13.26,-0.01,72.5,474.5,9.875
23.26,CARRY,4.97,-0.01,-9.58,6.33,-0.01,1,0,320.0,234.0,6.0,0.12,0.0,51.6,13.26,-0.01,72.5,473.9,9.875
23.32,CARRY,4.97,-0.01,-9.58,6.34,-0.01,1,0,320.0,233.5,6.5,0.13,0.0,51.4,13.26,-0.01,72.8,473.4,9.875
23.37,CARRY,4.99,-0.01,-9.58,6.36,-0.01,1,0,320.0,234.0,6.0,0.12,0.0,51.7,13.26,-0.01,73.3,473.1,9.75
23.42,CARRY,4.99,-0.01,-9.58,6.37,-0.01,1,0,320.0,233.5,6.5,0.13,0.0,50.3,13.26,-0.01,73.6,472.6,9.812
23.47,CARRY,5.0,-0.01,-9.58,6.38,-0.01,1,0,320.0,234.0,6.0,0.12,0.0,49.6,13.26,-0.01,74.1,472.4,9.75
23.52,CARRY,5.0,-0.01,-9.58,6.4,-0.01,1,0,320.0,233.5,6.5,0.13,0.0,50.9,13.26,-0.01,74.4,471.9,9.688
23.58,CARRY,5.01,-0.01,-9.58,6.41,-0.01,1,0,320.0,233.5,6.5,0.13,0.0,51.4,13.26,-0.01,74.4,471.2,9.688
23.63,CARRY,5.01,-0.01,-9.58,6.42,-0.01,1,0,320.5,233.5,6.5,0.13,0.01,51.0,13.26,-0.01,75.1,471.2,9.688
23.68,CARRY,5.02,-0.01,-9.58,6.43,-0.01,1,0,320.5,234.0,6.0,0.12,0.01,51.5,13.26,-0.01,75.6,471.0,9.688
23.73,CARRY,5.02,-0.01,-9.58,6.45,-0.01,1,0,321.0,233.5,6.6,0.13,0.02,50.9,13.26,-0.01,75.8,470.4,9.75
23.78,CARRY,5.04,-0.01,-9.58,6.46,-0.01,1,0,321.0,234.0,6.1,0.12,0.02,52.2,13.26,-0.01,76.3,470.2,9.75
23.84,CARRY,5.04,-0.01,-9.58,6.47,-0.01,1,0,321.0,233.5,6.6,0.13,0.02,50.9,13.26,-0.01,76.6,469.7,9.812
23.89,CARRY,5.05,-0.01,-9.58,6.49,-0.01,1,0,321.0,234.0,6.1,0.12,0.02,51.6,13.26,-0.01,77.2,469.5,9.875
23.94,CARRY,5.05,-0.01,-9.58,6.5,-0.01,1,0,320.5,233.5,6.5,0.13,0.01,50.9,13.26,-0.01,77.5,469.0,9.875
23.99,CARRY,5.06,-0.01,-9.58,6.51,-0.01,1,0,320.5,233.5,6.5,0.13,0.01,51.8,13.26,-0.01,77.5,468.3,9.875
24.05,CARRY,5.07,-0.01,-9.58,6.53,-0.01,1,0,320.5,234.0,6.0,0.12,0.01,51.8,13.26,-0.01,78.0,468.1,9.812
24.1,CARRY,5.07,-0.01,-9.58,6.54,-0.01,1,0,320.5,234.0,6.0,0.12,0.01,51.2,13.26,-0.01,78.8,468.1,9.875
24.15,CARRY,5.09,-0.01,-9.58,6.55,-0.01,1,0,320.5,234.0,6.0,0.12,0.01,51.7,13.26,-0.01,78.8,467.3,9.812
24.2,CARRY,5.09,-0.01,-9.58,6.56,-0.01,1,0,320.5,234.0,6.0,0.12,0.01,51.0,13.26,-0.01,79.6,467.3,9.812
24.26,CARRY,5.1,-0.01,-9.58,6.58,-0.01,1,0,320.5,234.5,5.5,0.11,0.01,52.1,13.26,-0.01,80.1,467.1,9.75
24.31,CARRY,5.1,-0.01,-9.58,6.59,-0.01,1,0,320.5,234.0,6.0,0.12,0.01,50.8,13.26,-0.01,80.4,466.6,9.688
24.36,CARRY,5.11,-0.01,-9.58,6.6,-0.01,1,0,320.5,234.0,6.0,0.12,0.01,50.3,13.26,-0.01,80.4,465.9,9.75
24.41,CARRY,5.11,-0.01,-9.58,6.62,-0.01,1,0,320.5,233.5,6.5,0.13,0.01,50.2,13.26,-0.01,80.7,465.4,9.75
24.46,CARRY,5.12,-0.01,-9.58,6.63,-0.01,1,0,320.5,234.0,6.0,0.12,0.01,50.9,13.26,-0.01,81.2,465.2,9.688
24.51,CARRY,5.12,-0.01,-9.58,6.64,-0.01,1,0,321.0,234.0,6.1,0.12,0.02,50.6,13.26,-0.01,81.9,465.2,9.75
24.57,CARRY,5.14,-0.01,-9.58,6.66,-0.01,1,0,321.0,233.5,6.6,0.13,0.02,51.0,13.26,-0.01,81.4,463.9,9.812
24.62,CARRY,5.14,-0.01,-9.58,6.67,-0.01,1,0,321.0,233.5,6.6,0.13,0.02,50.5,13.26,-0.01,82.2,463.9,9.75
24.67,CARRY,5.15,-0.01,-9.58,6.68,-0.01,1,0,320.5,234.0,6.0,0.12,0.01,50.9,13.26,-0.01,82.8,463.8,9.75
24.72,CARRY,5.15,-0.01,-9.58,6.69,-0.01,1,0,321.0,233.5,6.6,0.13,0.02,50.3,13.26,-0.01,83.0,463.3,9.812
24.77,CARRY,5.16,-0.01,-9.58,6.71,-0.01,1,0,321.0,234.0,6.1,0.12,0.02,50.4,13.26,-0.01,83.5,463.0,9.75
24.82,CARRY,5.16,-0.01,-9.58,6.72,-0.01,1,0,321.0,233.5,6.6,0.13,0.02,50.2,13.26,-0.01,83.7,462.5,9.75
24.87,CARRY,5.17,-0.01,-9.58,6.73,-0.01,1,0,321.0,234.0,6.1,0.12,0.02,51.3,13.26,-0.01,84.3,462.3,9.688
24.93,CARRY,5.17,-0.01,-9.58,6.75,-0.01,1,0,321.0,233.5,6.6,0.13,0.02,50.3,13.26,-0.01,84.5,461.8,9.625
24.98,CARRY,5.18,-0.01,-9.58,6.76,-0.01,1,0,321.0,233.5,6.6,0.13,0.02,51.3,13.26,-0.01,84.5,461.1,9.562
25.03,CARRY,5.18,-0.01,-9.58,6.77,-0.01,1,0,321.0,233.5,6.6,0.13,0.02,50.2,13.26,-0.01,85.3,461.1,9.625
25.08,CARRY,5.2,-0.01,-9.58,6.78,-0.01,1,0,320.5,233.5,6.5,0.13,0.01,51.2,13.26,-0.01,85.4,460.4,9.562
25.13,CARRY,5.2,-0.01,-9.58,6.8,-0.01,1,0,321.0,233.5,6.6,0.13,0.02,50.3,13.26,-0.01,86.1,460.4,9.562
25.18,CARRY,5.21,-0.01,-9.58,6.81,-0.01,1,0,320.5,234.0,6.0,0.12,0.01,50.9,13.26,-0.01,86.6,460.2,9.562
25.24,CARRY,5.21,-0.01,-9.58,6.82,-0.01,1,0,320.5,233.5,6.5,0.13,0.01,50.8,13.26,-0.01,86.9,459.7,9.5
25.29,CARRY,5.22,-0.01,-9.58,6.84,-0.01,1,0,320.5,234.0,6.0,0.12,0.01,51.1,13.26,-0.01,87.4,459.5,9.438
25.34,CARRY,5.22,-0.01,-9.58,6.85,-0.01,1,0,320.5,233.5,6.5,0.13,0.01,50.4,13.26,-0.01,87.7,459.0,9.438
25.39,CARRY,5.23,-0.02,-9.58,6.86,-0.01,1,0,320.5,233.5,6.5,0.13,0.01,50.8,13.26,-0.01,87.7,458.3,9.438
25.44,CARRY,5.23,-0.02,-9.58,6.87,-0.01,1,0,321.0,233.0,7.1,0.14,0.02,50.4,13.26,-0.01,87.9,457.7,9.438
25.49,CARRY,5.25,-0.02,-9.58,6.89,-0.01,1,0,321.0,233.5,6.6,0.13,0.02,50.0,13.26,-0.01,88.4,457.5,9.562
25.54,CARRY,5.26,-0.02,-9.58,6.9,-0.01,1,0,321.0,234.0,6.1,0.12,0.02,50.9,13.26,-0.01,88.9,457.2,9.562
25.6,CARRY,5.26,-0.02,-9.58,6.91,-0.01,1,0,321.5,234.0,6.2,0.12,0.03,50.6,13.26,-0.01,89.6,457.2,9.562
25.65,CARRY,5.27,-0.02,-9.58,6.93,-0.01,1,0,321.0,234.5,5.6,0.11,0.02,51.0,13.26,-0.01,90.1,457.0,9.562
25.7,CARRY,5.27,-0.02,-9.58,6.94,-0.01,1,0,321.0,234.0,6.1,0.12,0.02,50.5,13.26,-0.01,90.4,456.5,9.625
25.75,CARRY,5.29,-0.02,-9.58,6.95,-0.01,1,0,321.0,234.0,6.1,0.12,0.02,51.2,13.26,-0.01,90.4,455.7,9.562
25.8,CARRY,5.29,-0.02,-9.58,6.96,-0.01,1,0,321.0,233.5,6.6,0.13,0.02,50.4,13.26,-0.01,90.6,455.3,9.562
25.85,CARRY,5.3,-0.02,-9.58,6.98,-0.01,1,0,321.0,234.0,6.1,0.12,0.02,52.0,13.26,-0.01,91.2,455.0,9.438
25.91,CARRY,5.3,-0.02,-9.58,6.99,-0.01,1,0,321.0,233.5,6.6,0.13,0.02,50.7,13.26,-0.01,91.4,454.5,9.438
25.96,CARRY,5.31,-0.02,-9.58,7.0,-0.01,1,0,321.0,233.5,6.6,0.13,0.02,49.0,13.26,-0.01,91.4,453.8,9.375
26.01,CARRY,5.31,-0.02,-9.58,7.02,-0.01,1,0,321.0,233.5,6.6,0.13,0.02,51.1,13.26,-0.01,92.2,453.8,9.438
26.06,CARRY,5.32,-0.02,-9.58,7.03,-0.01,1,0,321.0,234.0,6.1,0.12,0.02,49.2,13.26,-0.01,92.7,453.6,9.375
26.11,CARRY,5.32,-0.02,-9.58,7.04,-0.01,1,0,321.0,233.5,6.6,0.13,0.02,47.9,13.26,-0.01,92.9,453.1,9.312
26.16,CARRY,5.34,-0.02,-9.58,7.05,-0.01,1,0,321.0,233.5,6.6,0.13,0.02,48.7,13.26,-0.01,92.9,452.3,9.25
26.21,CARRY,5.34,-0.02,-9.58,7.07,-0.01,1,0,321.0,233.0,7.1,0.14,0.02,48.0,13.26,-0.01,93.1,451.8,9.188
26.26,CARRY,5.35,-0.02,-9.58,7.08,-0.01,1,0,320.5,234.0,6.0,0.12,0.01,48.8,13.26,-0.01,94.2,452.2,9.188
26.31,CARRY,5.35,-0.02,-9.58,7.09,-0.01,1,0,321.0,233.5,6.6,0.13,0.02,48.0,13.26,-0.01,94.4,451.6,9.25
26.36,CARRY,5.36,-0.02,-9.58,7.1,-0.01,1,0,321.0,234.0,6.1,0.12,0.02,49.7,13.26,-0.01,94.8,451.4,9.25
26.41,CARRY,5.36,-0.02,-9.58,7.12,-0.01,1,0,321.0,233.5,6.6,0.13,0.02,48.2,13.26,-0.01,95.1,450.9,9.125
26.46,CARRY,5.37,-0.02,-9.58,7.13,-0.01,1,0,321.0,233.5,6.6,0.13,0.02,48.6,13.26,-0.01,95.1,450.1,9.125
26.51,CARRY,5.37,-0.02,-9.58,7.14,-0.01,1,0,321.5,233.5,6.7,0.13,0.03,47.8,13.26,-0.01,95.7,450.1,9.188
26.56,CARRY,5.39,-0.02,-9.58,7.15,-0.01,1,0,321.5,234.0,6.2,0.12,0.03,48.7,13.26,-0.01,96.2,449.8,9.25
26.61,CARRY,5.39,-0.02,-9.58,7.17,-0.01,1,0,321.5,233.0,7.2,0.14,0.03,48.2,13.26,-0.01,95.9,448.8,9.312
26.66,CARRY,5.4,-0.02,-9.58,7.18,-0.01,1,0,321.5,233.5,6.7,0.13,0.03,51.4,13.26,-0.01,96.4,448.6,9.312
26.71,CARRY,5.4,-0.02,-9.58,7.19,-0.01,1,0,321.5,233.5,6.7,0.13,0.03,48.7,13.26,-0.01,97.1,448.6,9.375
26.76,CARRY,5.41,-0.02,-9.58,7.21,-0.01,1,0,321.5,234.0,6.2,0.12,0.03,51.5,13.26,-0.01,97.6,448.3,9.312
26.82,CARRY,5.41,-0.02,-9.58,7.22,-0.01,1,0,321.5,233.5,6.7,0.13,0.03,48.7,13.26,-0.01,97.8,447.8,9.25
26.87,CARRY,5.43,-0.02,-9.58,7.23,-0.01,1,0,321.5,233.5,6.7,0.13,0.03,48.0,13.26,-0.01,97.8,447.0,9.125
26.92,CARRY,5.43,-0.02,-9.58,7.24,-0.01,1,0,321.0,233.0,7.1,0.14,0.02,50.4,13.26,-0.01,98.1,446.6,9.125
26.97,CARRY,5.44,-0.02,-9.58,7.26,-0.01,1,0,321.0,233.5,6.6,0.13,0.02,51.1,13.26,-0.01,98.6,446.3,9.0
27.02,CARRY,5.44,-0.02,-9.58,7.27,-0.01,1,0,321.0,233.5,6.6,0.13,0.02,50.2,13.26,-0.01,99.3,446.3,8.938
27.07,CARRY,5.45,-0.02,-9.58,7.28,-0.01,1,0,321.0,234.0,6.1,0.12,0.02,50.9,13.26,-0.01,99.8,446.1,8.75
27.12,CARRY,5.45,-0.02,-9.58,7.29,-0.01,1,0,321.0,233.5,6.6,0.13,0.02,50.3,13.26,-0.01,100.1,445.6,8.938
27.17,CARRY,5.47,-0.02,-9.58,7.31,-0.01,1,0,321.0,234.0,6.1,0.12,0.02,51.4,13.26,-0.01,100.5,445.3,8.75
27.23,CARRY,5.47,-0.02,-9.58,7.32,-0.01,1,0,321.0,233.5,6.6,0.13,0.02,50.2,13.26,-0.01,100.8,444.8,8.688
27.28,CARRY,5.48,-0.02,-9.58,7.33,-0.01,1,0,321.0,233.5,6.6,0.13,0.02,51.1,13.26,-0.01,100.8,444.0,8.688
27.33,CARRY,5.48,-0.02,-9.58,7.35,-0.01,1,0,321.0,233.5,6.6,0.13,0.02,50.7,13.26,-0.01,101.5,444.0,8.562
27.38,CARRY,5.49,-0.02,-9.58,7.36,-0.01,1,0,321.0,234.0,6.1,0.12,0.02,50.9,13.26,-0.01,102.0,443.8,8.562
27.43,CARRY,5.49,-0.02,-9.58,7.37,-0.01,1,0,321.5,233.5,6.7,0.13,0.03,50.5,13.26,-0.01,102.2,443.2,8.375
27.48,CARRY,5.51,-0.02,-9.58,7.39,-0.01,1,0,321.5,233.5,6.7,0.13,0.03,50.8,13.26,-0.01,102.2,442.4,8.375
27.54,CARRY,5.51,-0.02,-9.58,7.4,-0.01,1,0,321.5,233.5,6.7,0.13,0.03,50.5,13.26,-0.01,102.9,442.4,8.438
27.59,CARRY,5.52,-0.02,-9.58,7.41,-0.01,1,0,321.0,234.0,6.1,0.12,0.02,50.9,13.26,-0.01,103.5,442.2,8.5
27.64,CARRY,5.52,-0.02,-9.58,7.42,-0.01,1,0,321.5,233.5,6.7,0.13,0.03,50.0,13.26,-0.01,103.6,441.7,8.562
27.69,CARRY,5.53,-0.02,-9.58,7.44,-0.01,1,0,321.5,234.0,6.2,0.12,0.03,51.0,13.26,-0.01,104.1,441.4,8.562
27.74,CARRY,5.53,-0.02,-9.58,7.45,-0.01,1,0,321.5,234.0,6.2,0.12,0.03,50.4,13.26,-0.01,104.9,441.4,8.562
27.79,CARRY,5.54,-0.02,-9.58,7.46,-0.01,1,0,321.5,233.5,6.7,0.13,0.03,52.7,13.26,-0.01,104.4,440.2,8.5
27.85,CARRY,5.56,-0.02,-9.58,7.48,-0.01,1,0,321.5,234.5,5.7,0.11,0.03,51.0,13.26,-0.01,105.4,440.4,8.562
27.9,CARRY,5.56,-0.02,-9.58,7.49,-0.01,1,0,321.5,233.5,6.7,0.13,0.03,51.1,13.26,-0.01,105.2,439.4,8.5
27.95,CARRY,5.57,-0.02,-9.58,7.5,-0.01,1,0,321.5,234.0,6.2,0.12,0.03,51.1,13.26,-0.01,105.7,439.2,8.375
28.0,CARRY,5.57,-0.02,-9.58,7.51,-0.01,1,0,321.0,233.5,6.6,0.13,0.02,50.3,13.26,-0.01,106.0,438.8,8.375
28.05,CARRY,5.58,-0.02,-9.58,7.53,-0.01,1,0,321.0,234.0,6.1,0.12,0.02,50.4,13.26,-0.01,106.5,438.5,8.25
28.11,CARRY,5.58,-0.02,-9.58,7.54,-0.01,1,0,321.0,233.5,6.6,0.13,0.02,50.2,13.26,-0.01,106.7,438.0,8.375
28.16,CARRY,5.6,-0.01,-9.58,7.55,-0.01,1,0,321.0,233.5,6.6,0.13,0.02,50.9,13.26,-0.01,106.7,437.2,8.188
28.21,CARRY,5.6,-0.01,-9.58,7.57,-0.01,1,0,321.0,233.5,6.6,0.13,0.02,49.8,13.26,-0.01,107.4,437.2,8.188
28.26,CARRY,5.61,-0.01,-9.58,7.58,-0.01,1,0,321.0,234.0,6.1,0.12,0.02,50.7,13.26,-0.01,107.9,437.0,8.0
28.31,CARRY,5.61,-0.01,-9.58,7.59,-0.01,1,0,320.5,233.5,6.5,0.13,0.01,50.2,13.26,-0.01,108.2,436.6,8.062
28.36,CARRY,5.62,-0.01,-9.58,7.6,-0.01,1,0,320.5,234.0,6.0,0.12,0.01,53.1,13.26,-0.01,108.7,436.3,7.875
28.42,CARRY,5.62,-0.01,-9.58,7.62,-0.01,1,0,321.0,234.0,6.1,0.12,0.02,51.3,13.26,-0.01,109.4,436.3,7.688
28.47,CARRY,5.63,-0.01,-9.58,7.63,-0.01,1,0,321.0,234.5,5.6,0.11,0.02,50.8,13.26,-0.01,110.0,436.0,7.656
28.52,CARRY,5.63,-0.01,-9.58,7.64,-0.01,1,0,321.0,234.0,6.1,0.12,0.02,50.2,13.26,-0.01,110.2,435.5,7.594
28.57,CARRY,5.65,-0.01,-9.58,7.66,-0.01,1,0,321.0,234.5,5.6,0.11,0.02,50.4,13.26,-0.01,110.7,435.3,7.562
28.62,CARRY,5.65,-0.01,-9.58,7.67,-0.01,1,0,320.5,234.5,5.5,0.11,0.01,50.2,13.26,-0.01,111.5,435.3,7.469
28.67,CARRY,5.66,-0.01,-9.58,7.68,-0.01,1,0,320.5,234.5,5.5,0.11,0.01,51.0,13.26,-0.01,111.5,434.6,7.312
28.73,CARRY,5.66,-0.01,-9.58,7.7,-0.01,1,0,320.5,234.5,5.5,0.11,0.01,51.1,13.26,-0.01,112.3,434.6,7.219
28.78,CARRY,5.67,-0.01,-9.58,7.71,-0.01,1,0,320.0,235.0,5.0,0.1,0.0,51.9,13.26,-0.01,112.9,434.4,6.938
28.83,CARRY,5.67,-0.01,-9.58,7.72,-0.01,1,0,320.0,234.5,5.5,0.11,0.0,49.6,13.26,-0.01,113.1,433.9,6.656
28.88,CARRY,5.69,-0.01,-9.58,7.73,-0.01,1,0,320.5,234.0,6.0,0.12,0.01,51.0,13.26,-0.01,112.6,432.7,6.594
28.93,CARRY,5.69,-0.01,-9.58,7.75,-0.01,1,0,320.0,234.0,6.0,0.12,0.0,50.5,13.26,-0.01,113.4,432.7,6.656
28.98,CARRY,5.7,-0.0,-9.58,7.76,-0.01,1,0,320.0,234.5,5.5,0.11,0.0,50.9,13.26,-0.01,113.9,432.5,6.094
29.04,CARRY,5.7,-0.0,-9.58,7.77,-0.01,1,0,320.0,234.0,6.0,0.12,0.0,50.7,13.26,-0.01,114.2,432.0,6.0
29.09,CARRY,5.71,-0.0,-9.58,7.79,-0.01,1,0,320.0,234.5,5.5,0.11,0.0,50.9,13.26,-0.01,114.8,431.9,5.75
29.14,CARRY,5.71,-0.0,-9.58,7.8,-0.01,1,0,320.0,234.5,5.5,0.11,0.0,50.4,13.26,-0.01,115.5,431.9,5.625
29.19,CARRY,5.72,-0.0,-9.58,7.81,-0.01,1,0,320.0,234.0,6.0,0.12,0.0,50.4,13.26,-0.01,115.1,430.7,5.531
29.24,CARRY,5.73,-0.0,-9.58,7.82,-0.01,1,0,320.0,234.0,6.0,0.12,0.0,51.8,13.26,-0.01,115.2,430.1,5.062
29.29,CARRY,5.73,-0.0,-9.58,7.84,-0.01,1,0,320.0,234.0,6.0,0.12,0.0,52.1,13.26,-0.01,116.0,430.1,4.594
29.35,CARRY,5.74,-0.0,-9.58,7.85,-0.01,1,0,320.5,233.5,6.5,0.13,0.01,52.2,13.26,-0.01,115.6,428.9,3.984
29.4,CARRY,5.74,-0.0,-9.58,7.86,-0.01,1,0,321.0,233.5,6.6,0.13,0.02,51.2,13.26,-0.01,116.3,428.8,2.391
29.45,CARRY,5.75,-0.0,-9.58,7.88,-0.01,1,0,,,,0.22,0.032,52.1,13.26,-0.01,,,-1.352
29.51,CARRY,5.75,-0.0,-9.58,7.89,-0.01,1,0,,,,0.226,0.032,50.2,13.26,-0.01,,,-2.266
29.56,CARRY,5.76,-0.0,-9.58,7.9,-0.01,1,0,,,,0.226,0.033,50.8,13.26,-0.01,,,-2.922
29.61,CARRY,5.76,-0.0,-9.58,7.92,-0.01,1,0,,,,0.232,0.033,51.1,13.26,-0.01,,,-3.016
29.66,CARRY,5.78,-0.0,-9.58,7.93,-0.01,1,0,,,,0.233,0.033,51.0,13.26,-0.01,,,-3.25
29.71,CARRY,5.78,-0.0,-9.58,7.94,-0.01,1,0,,,,0.239,0.034,50.6,13.26,-0.01,,,-3.172
29.76,CARRY,5.79,-0.0,-9.58,7.96,-0.01,1,0,,,,0.239,0.034,50.7,13.26,-0.01,,,-2.734
29.81,CARRY,5.79,-0.0,-9.58,7.97,-0.01,1,0,,,,0.245,0.035,50.2,13.26,-0.01,,,-2.984
29.87,CARRY,5.8,-0.0,-9.58,7.98,-0.01,1,0,,,,0.244,0.034,51.8,13.26,-0.01,,,-2.891
29.92,CARRY,5.8,-0.0,-9.58,7.99,-0.01,1,0,,,,0.25,0.035,50.5,13.26,-0.01,,,-3.125
29.97,CARRY,5.82,-0.01,-9.58,8.01,-0.01,1,0,,,,0.248,0.035,51.1,13.26,-0.01,,,-3.109
30.02,CARRY,5.82,-0.01,-9.58,8.02,-0.01,1,1,,,,0.254,0.035,50.2,13.26,-0.01,,,-3.328
30.07,CARRY,5.84,-0.0,-9.58,8.03,-0.01,1,1,,,,0.251,0.035,51.5,13.26,-0.01,,,-3.562
30.13,CARRY,5.84,-0.0,-9.58,8.05,-0.01,1,1,,,,0.257,0.035,50.3,13.26,-0.01,,,-3.656
30.18,CARRY,5.86,-0.0,-9.58,8.06,-0.01,1,1,,,,0.253,0.035,51.3,13.26,-0.01,,,-3.75
30.23,CARRY,5.86,-0.0,-9.58,8.07,-0.01,1,1,,,,0.259,0.035,50.3,13.26,-0.01,,,-3.328
30.28,CARRY,5.88,-0.0,-9.58,8.08,-0.01,1,1,,,,0.255,0.034,50.9,13.26,-0.01,,,-3.531
30.33,CARRY,5.88,-0.0,-9.58,8.1,-0.01,1,1,,,,0.261,0.035,50.3,13.26,-0.01,,,-3.516
30.38,CARRY,5.9,-0.0,-9.58,8.11,-0.01,1,1,,,,0.256,0.034,50.7,13.26,-0.01,,,-3.594
30.43,CARRY,5.9,-0.0,-9.58,8.12,-0.01,1,1,,,,0.262,0.035,50.4,13.26,-0.01,,,-3.453
30.49,CARRY,5.92,-0.0,-9.58,8.14,-0.01,1,1,,,,0.257,0.034,50.9,13.26,-0.01,,,-3.172
30.54,CARRY,5.92,-0.0,-9.58,8.15,-0.01,1,1,,,,0.263,0.034,50.6,13.26,-0.01,,,-3.156
30.59,CARRY,5.95,-0.0,-9.58,8.16,-0.01,1,1,,,,0.257,0.034,51.0,13.26,-0.01,,,-3.109
30.64,CARRY,5.95,-0.0,-9.58,8.17,-0.01,1,1,,,,0.263,0.034,49.8,13.26,-0.01,,,-3.156
30.69,CARRY,5.97,-0.0,-9.58,8.19,-0.01,1,1,,,,0.257,0.033,50.7,13.26,-0.01,,,-3.406
30.74,CARRY,6.0,-0.0,-9.58,8.2,-0.01,1,1,,,,0.251,0.032,51.1,13.26,-0.01,,,-3.484
30.79,CARRY,6.0,-0.0,-9.58,8.21,-0.01,1,1,,,,0.257,0.033,49.7,13.26,-0.01,,,-3.453
30.85,CARRY,6.02,-0.0,-9.58,8.23,-0.01,1,1,,,,0.251,0.032,51.0,13.26,-0.01,,,-3.797
30.9,CARRY,6.02,-0.0,-9.58,8.24,-0.01,1,1,,,,0.257,0.032,50.5,13.26,-0.01,,,-3.719
30.95,CARRY,6.05,-0.0,-9.58,8.25,-0.01,1,1,,,,0.25,0.031,50.9,13.26,-0.01,,,-3.438
31.0,CARRY,6.05,-0.0,-9.58,8.26,-0.01,1,1,,,,0.256,0.032,50.2,13.26,-0.01,,,-3.375
31.05,CARRY,6.07,-0.0,-9.58,8.28,-0.01,1,1,,,,0.25,0.031,52.2,13.26,-0.01,,,-3.094
31.1,CARRY,6.07,-0.0,-9.58,8.29,-0.01,1,1,,,,0.256,0.032,52.3,13.26,-0.01,,,-3.156
31.16,CARRY,6.1,-0.0,-9.58,8.3,-0.01,1,1,,,,0.249,0.031,50.9,13.26,-0.01,,,-3.141
31.21,CARRY,6.1,-0.0,-9.58,8.32,-0.01,1,1,,,,0.255,0.031,50.0,13.26,-0.01,,,-3.234
31.26,CARRY,6.12,-0.0,-9.58,8.33,-0.01,1,1,,,,0.249,0.03,48.5,13.26,-0.01,,,-3.203
31.31,CARRY,6.12,-0.0,-9.58,8.34,-0.01,1,1,,,,0.255,0.031,50.3,13.26,-0.01,,,-3.203
31.36,CARRY,6.15,-0.0,-9.58,8.35,-0.01,1,1,,,,0.248,0.03,52.4,13.26,-0.01,,,-3.797
31.41,CARRY,6.15,-0.0,-9.58,8.37,-0.01,1,1,,,,0.254,0.031,53.0,13.26,-0.01,,,-3.688
31.47,CARRY,6.17,-0.0,-9.58,8.38,-0.01,1,1,,,,0.248,0.03,48.5,13.26,-0.01,,,-3.984
31.52,CARRY,6.17,-0.0,-9.58,8.39,-0.01,1,1,,,,0.254,0.03,48.0,13.26,-0.01,,,-3.875
31.57,CARRY,6.2,-0.01,-9.58,8.41,-0.01,1,1,,,,0.247,0.029,51.1,13.26,-0.01,,,-3.688
31.62,CARRY,6.2,-0.01,-9.58,8.42,-0.01,1,1,,,,0.253,0.03,49.8,13.26,-0.01,,,-3.734
31.67,CARRY,6.23,-0.01,-9.58,8.43,-0.01,1,1,,,,0.247,0.029,48.7,13.26,-0.01,,,-3.734
31.72,CARRY,6.23,-0.01,-9.58,8.44,-0.01,1,1,,,,0.253,0.03,47.7,13.26,-0.01,,,-3.734
31.77,CARRY,6.25,-0.01,-9.58,8.46,-0.01,1,1,,,,0.246,0.029,48.1,13.26,-0.01,,,-3.797
31.82,CARRY,6.25,-0.01,-9.58,8.47,-0.01,1,1,,,,0.252,0.029,47.6,13.26,-0.01,,,-3.781
31.87,CARRY,6.28,-0.01,-9.58,8.48,-0.01,1,1,,,,0.245,0.028,52.1,13.26,-0.01,,,-4.031
31.92,CARRY,6.28,-0.01,-9.58,8.5,-0.01,1,1,,,,0.252,0.029,49.2,13.26,-0.01,,,-4.0
31.97,CARRY,6.3,-0.01,-9.58,8.51,-0.01,1,1,,,,0.245,0.028,49.0,13.26,-0.01,,,-3.922
32.02,CARRY,6.3,-0.01,-9.58,8.52,-0.01,1,1,,,,0.251,0.029,50.2,13.26,-0.01,,,-3.938
32.08,CARRY,6.33,-0.01,-9.58,8.53,-0.01,1,1,,,,0.244,0.028,52.9,13.26,-0.01,,,-3.672
32.13,CARRY,6.33,-0.01,-9.58,8.55,-0.01,1,1,,,,0.251,0.028,50.2,13.26,-0.01,,,-3.891
32.18,CARRY,6.35,-0.01,-9.58,8.56,-0.01,1,1,,,,0.244,0.027,50.8,13.26,-0.01,,,-3.719
32.23,CARRY,6.35,-0.01,-9.58,8.57,-0.01,1,1,,,,0.25,0.028,50.3,13.26,-0.01,,,-3.766
32.28,CARRY,6.38,-0.01,-9.58,8.59,-0.01,1,1,,,,0.244,0.027,50.7,13.26,-0.01,,,-3.594
32.34,CARRY,6.38,-0.01,-9.58,8.6,-0.01,1,1,,,,0.25,0.028,52.5,13.26,-0.01,,,-3.656
32.39,CARRY,6.4,-0.01,-9.58,8.61,-0.01,1,1,,,,0.244,0.027,51.7,13.26,-0.01,,,-3.891
32.44,REGROUND,6.4,-0.01,-9.58,8.62,-0.01,1,1,,,,-2.079,-0.292,50.0,13.26,-0.01,,,-3.859
32.49,REGROUND,6.43,-0.01,-9.58,8.64,-0.01,1,1,,,,-2.083,-0.297,4.6,13.26,-0.01,,,
32.54,REGROUND,6.45,-0.01,-9.58,8.65,-0.01,1,1,,,,-2.093,-0.291,2.4,13.26,-0.01,,,
32.59,REGROUND,6.45,-0.01,-9.58,8.66,-0.01,1,1,,,,-2.096,-0.291,1.9,13.26,-0.01,,,
32.64,REGROUND,6.48,-0.01,-9.58,8.67,-0.01,1,1,,,,-2.101,-0.297,2.7,13.26,-0.01,,,
32.69,REGROUND,6.48,-0.01,-9.58,8.69,-0.01,1,1,,,,-2.103,-0.297,2.0,13.26,-0.01,,,
32.74,REGROUND,6.5,-0.01,-9.58,8.7,-0.01,1,1,,,,-2.105,-0.297,2.3,13.26,-0.01,,,
32.79,REGROUND,6.5,-0.01,-9.58,8.71,-0.01,1,1,,,,-2.108,-0.297,2.1,13.26,-0.01,,,
32.84,REGROUND,6.51,-0.01,-9.58,8.72,-0.01,1,1,,,,-2.114,-0.298,2.6,13.26,-0.01,,,
32.89,REGROUND,6.51,-0.01,-9.58,8.74,-0.01,1,1,,,,-2.124,-0.3,1.9,13.26,-0.01,,,
32.94,REGROUND,6.51,-0.01,-9.58,8.75,-0.01,1,1,,,,-2.135,-0.303,2.4,13.26,-0.01,,,
32.99,REGROUND,6.51,-0.01,-9.58,8.76,-0.01,1,1,,,,-2.145,-0.305,1.8,13.26,-0.01,,,
33.04,REGROUND,6.51,-0.01,-9.58,8.77,-0.01,1,1,,,,-2.155,-0.307,1.9,13.26,-0.01,,,
33.09,REGROUND,6.5,-0.01,-9.58,8.79,-0.01,1,1,,,,-2.157,-0.31,2.5,13.26,-0.01,,,
33.14,REGROUND,6.5,-0.01,-9.58,8.8,-0.01,1,1,,,,-2.167,-0.312,1.8,13.26,-0.01,,,
33.19,REGROUND,6.46,-0.01,-9.58,8.81,-0.01,1,1,,,,-2.158,-0.313,2.5,13.26,-0.01,,,
33.24,REGROUND,6.46,-0.01,-9.58,8.83,-0.01,1,1,,,,-2.168,-0.314,1.8,13.26,-0.01,,,
33.29,REGROUND,6.4,-0.01,-9.58,8.84,-0.01,1,1,,,,-2.146,-0.312,2.4,13.26,-0.01,,,
33.34,REGROUND,6.4,-0.01,-9.58,8.85,-0.01,1,1,,,,-2.156,-0.314,2.0,13.26,-0.01,,,
33.39,REGROUND,6.31,-0.01,-9.58,8.86,-0.01,1,1,,,,-2.122,-0.307,2.3,13.26,-0.01,,,
33.44,REGROUND,6.31,-0.01,-9.58,8.88,-0.01,1,1,,,,-2.132,-0.309,1.9,13.26,-0.01,,,
33.49,REGROUND,6.19,-0.02,-9.58,8.89,-0.01,1,1,,,,-2.084,-0.3,2.6,13.26,-0.01,,,
33.54,REGROUND,6.05,-0.02,-9.58,8.9,-0.01,1,1,,,,-2.028,-0.289,2.4,13.26,-0.01,,,
33.59,REGROUND,6.05,-0.02,-9.58,8.91,-0.01,1,1,,,,-2.038,-0.29,1.9,13.26,-0.01,,,
33.64,REGROUND,5.9,-0.02,-9.58,8.93,-0.01,1,1,,,,-1.972,-0.279,2.4,13.26,-0.01,,,
33.69,REGROUND,5.9,-0.02,-9.58,8.94,-0.01,1,1,,,,-1.982,-0.281,1.9,13.26,-0.01,,,
33.74,REGROUND,5.74,-0.02,-9.58,8.95,-0.01,1,1,,,,-1.91,-0.271,2.5,13.26,-0.01,,,
33.79,REGROUND,5.74,-0.02,-9.58,8.96,-0.01,1,1,,,,-1.92,-0.272,1.8,13.26,-0.01,,,
33.84,REGROUND,5.56,-0.02,-9.58,8.98,-0.01,1,1,,,,-1.844,-0.262,2.4,13.26,-0.01,,,
33.89,REGROUND,5.56,-0.02,-9.58,8.99,-0.01,1,1,,,,-1.854,-0.264,1.9,13.26,-0.01,,,
33.94,REGROUND,5.38,-0.02,-9.58,9.0,-0.01,1,1,,,,-1.776,-0.254,2.4,13.26,-0.01,,,
33.99,REGROUND,5.38,-0.02,-9.58,9.01,-0.01,1,1,,,,-1.786,-0.256,1.8,13.26,-0.01,,,
34.04,REGROUND,5.2,-0.02,-9.58,9.03,-0.01,1,1,,,,-1.706,-0.245,2.4,13.26,-0.01,,,
34.09,REGROUND,5.2,-0.02,-9.58,9.04,-0.01,1,1,,,,-1.716,-0.247,1.8,13.26,-0.01,,,
34.14,REGROUND,5.02,-0.03,-9.58,9.05,-0.01,1,1,,,,-1.635,-0.236,2.3,13.26,-0.01,,,
34.19,REGROUND,5.02,-0.03,-9.58,9.06,-0.01,1,1,,,,-1.645,-0.238,1.9,13.26,-0.01,,,
34.24,REGROUND,4.84,-0.03,-9.58,9.08,-0.01,1,1,,,,-1.565,-0.227,2.5,13.26,-0.01,,,
34.29,REGROUND,4.84,-0.03,-9.58,9.09,-0.01,1,1,,,,-1.575,-0.229,1.9,13.26,-0.01,,,
34.34,REGROUND,4.66,-0.03,-9.58,9.1,-0.01,1,1,,,,-1.496,-0.218,2.6,13.26,-0.01,,,
34.39,REGROUND,4.66,-0.03,-9.58,9.11,-0.01,1,1,,,,-1.506,-0.219,1.9,13.26,-0.01,,,
34.44,REGROUND,4.48,-0.03,-9.58,9.13,-0.01,1,1,,,,-1.428,-0.208,2.6,13.26,-0.01,,,
34.5,REGROUND,4.48,-0.03,-9.58,9.14,-0.01,1,1,,,,-1.438,-0.21,1.8,13.26,-0.01,,,
34.55,REGROUND,4.31,-0.03,-9.58,9.15,-0.01,1,1,,,,-1.362,-0.199,2.4,13.26,-0.01,,,
34.6,REGROUND,4.31,-0.03,-9.58,9.16,-0.01,1,1,,,,-1.372,-0.201,1.9,13.26,-0.01,,,
34.65,REGROUND,4.14,-0.04,-9.58,9.18,-0.01,1,1,,,,-1.299,-0.19,2.5,13.26,-0.01,,,
34.7,REGROUND,4.14,-0.04,-9.58,9.19,-0.01,1,1,,,,-1.309,-0.192,1.8,13.26,-0.01,,,
34.75,REGROUND,3.98,-0.04,-9.58,9.2,-0.01,1,1,,,,-1.238,-0.182,2.4,13.26,-0.01,,,
34.8,REGROUND,3.98,-0.04,-9.58,9.21,-0.01,1,1,,,,-1.248,-0.183,1.6,13.26,-0.01,,,
34.85,REGROUND,3.82,-0.04,-9.58,9.23,-0.01,1,1,,,,-1.18,-0.174,5.2,13.26,-0.01,,,
34.9,REGROUND,3.82,-0.04,-9.58,9.24,-0.01,1,1,,,,-1.19,-0.175,1.8,13.26,-0.01,,,
34.95,REGROUND,3.66,-0.05,-9.58,9.25,-0.01,1,1,,,,-1.124,-0.166,2.5,13.26,-0.01,,,
35.0,REGROUND,3.66,-0.05,-9.58,9.26,-0.01,1,1,,,,-1.134,-0.167,1.8,13.26,-0.01,,,
35.05,REGROUND,3.52,-0.05,-9.58,9.28,-0.01,1,0,,,,-1.071,-0.158,2.4,13.26,-0.01,,,
35.1,REGROUND,3.52,-0.05,-9.58,9.29,-0.01,1,0,,,,-1.081,-0.16,1.9,13.26,-0.01,,,
35.15,REGROUND,3.37,-0.05,-9.58,9.3,-0.01,1,0,,,,-1.02,-0.151,2.5,13.26,-0.01,,,
35.2,REGROUND,3.37,-0.05,-9.58,9.31,-0.01,1,0,,,,-1.03,-0.153,2.0,13.26,-0.01,,,
35.25,REGROUND,3.24,-0.05,-9.58,9.33,-0.01,1,0,,,,-0.973,-0.144,2.6,13.26,-0.01,,,
35.3,REGROUND,3.24,-0.05,-9.58,9.34,-0.01,1,0,,,,-0.983,-0.146,1.9,13.26,-0.01,,,
35.35,REGROUND,3.11,-0.06,-9.58,9.35,-0.01,0,0,,,,-0.928,-0.138,2.5,13.26,-0.01,,,
35.4,REGROUND,3.11,-0.06,-9.58,9.36,-0.01,0,0,,,,-0.938,-0.14,1.7,13.26,-0.01,,,
35.45,REGROUND,2.98,-0.06,-9.58,9.38,-0.01,0,0,,,,-0.885,-0.132,2.4,13.26,-0.01,,,
35.5,REGROUND,2.98,-0.06,-9.58,9.39,-0.01,0,0,,,,-0.895,-0.134,1.8,13.26,-0.01,,,
35.55,REGROUND,2.86,-0.06,-9.57,9.4,-0.01,0,0,,,,-0.845,-0.126,2.4,13.26,-0.01,,,
35.6,REGROUND,2.86,-0.06,-9.57,9.41,-0.01,0,0,,,,-0.855,-0.128,1.8,13.26,-0.01,,,
35.65,REGROUND,2.74,-0.07,-9.57,9.43,-0.01,0,0,,,,-0.808,-0.12,2.2,13.26,-0.01,,,
35.7,REGROUND,2.74,-0.07,-9.57,9.44,-0.01,0,0,,,,-0.818,-0.122,2.1,13.26,-0.01,,,
35.75,REGROUND,2.63,-0.07,-9.57,9.45,-0.01,0,0,,,,-0.773,-0.115,2.7,13.26,-0.01,,,
35.8,REGROUND,2.63,-0.07,-9.57,9.46,-0.01,0,0,,,,-0.783,-0.117,2.0,13.26,-0.01,,,
35.85,REGROUND,2.52,-0.07,-9.57,9.48,-0.01,0,0,,,,-0.74,-0.11,3.1,13.26,-0.01,,,
35.9,REGROUND,2.52,-0.07,-9.57,9.49,-0.01,0,0,,,,-0.75,-0.112,2.4,13.26,-0.01,,,
35.95,REGROUND,2.42,-0.08,-9.57,9.5,-0.01,0,0,,,,-0.709,-0.105,2.4,13.26,-0.01,,,
36.0,REGROUND,2.42,-0.08,-9.57,9.51,-0.01,0,0,,,,-0.719,-0.107,1.8,13.26,-0.01,,,
36.05,REGROUND,2.32,-0.08,-9.57,9.53,-0.01,0,0,,,,-0.68,-0.101,2.5,13.26,-0.01,,,
36.1,REGROUND,2.32,-0.08,-9.57,9.54,-0.01,0,0,,,,-0.69,-0.103,1.8,13.26,-0.01,,,
36.15,REGROUND,2.23,-0.08,-9.58,9.55,-0.01,0,0,,,,-0.654,-0.097,2.4,13.26,-0.01,,,
36.2,REGROUND,2.23,-0.08,-9.58,9.56,-0.01,0,0,,,,-0.664,-0.098,1.8,13.26,-0.01,,,
36.25,REGROUND,2.14,-0.09,-9.58,9.58,-0.01,0,0,,,,-0.629,-0.093,2.2,13.26,-0.01,,,
36.3,REGROUND,2.14,-0.09,-9.58,9.59,-0.01,0,0,,,,-0.639,-0.094,2.0,13.26,-0.01,,,
36.35,REGROUND,2.05,-0.09,-9.58,9.6,-0.01,0,0,,,,-0.606,-0.089,2.3,13.26,-0.01,,,
36.4,REGROUND,2.05,-0.09,-9.58,9.61,-0.01,0,0,,,,-0.616,-0.091,2.1,13.26,-0.01,,,
36.45,REGROUND,1.97,-0.09,-9.58,9.63,-0.01,0,0,,,,-0.584,-0.086,2.7,13.26,-0.01,,,
36.5,REGROUND,1.97,-0.09,-9.58,9.64,-0.01,0,0,,,,-0.594,-0.087,1.8,13.26,-0.01,,,
36.55,REGROUND,1.88,-0.09,-9.58,9.65,-0.01,0,0,,,,-0.564,-0.082,2.6,13.26,-0.01,,,
36.6,REGROUND,1.88,-0.09,-9.58,9.66,-0.01,0,0,,,,-0.574,-0.084,1.8,13.26,-0.01,,,
36.65,REGROUND,1.81,-0.1,-9.58,9.68,-0.01,0,0,,,,-0.546,-0.08,2.6,13.26,-0.01,,,
36.7,REGROUND,1.81,-0.1,-9.58,9.69,-0.01,0,0,,,,-0.556,-0.081,1.9,13.26,-0.01,,,
36.75,REGROUND,1.73,-0.1,-9.58,9.7,-0.01,0,0,,,,-0.529,-0.077,2.5,13.26,-0.01,,,
36.8,REGROUND,1.73,-0.1,-9.58,9.71,-0.01,0,0,,,,-0.539,-0.078,1.8,13.26,-0.01,,,
36.85,REGROUND,1.66,-0.1,-9.58,9.73,-0.01,0,0,,,,-0.514,-0.074,2.4,13.26,-0.01,,,
36.9,REGROUND,1.66,-0.1,-9.58,9.74,-0.01,0,0,,,,-0.524,-0.076,1.8,13.26,-0.01,,,
36.95,REGROUND,1.59,-0.1,-9.58,9.75,-0.01,0,0,,,,-0.5,-0.072,2.4,13.26,-0.01,,,
37.0,REGROUND,1.59,-0.1,-9.58,9.76,-0.01,0,0,,,,-0.51,-0.074,1.8,13.26,-0.01,,,
37.05,REGROUND,1.53,-0.1,-9.58,9.78,-0.01,0,0,,,,-0.488,-0.07,2.4,13.26,-0.01,,,
37.1,REGROUND,1.53,-0.1,-9.58,9.79,-0.01,0,0,,,,-0.498,-0.072,1.8,13.26,-0.01,,,
37.15,REGROUND,1.46,-0.11,-9.58,9.8,-0.01,0,0,,,,-0.476,-0.069,2.4,13.26,-0.01,,,
37.2,REGROUND,1.46,-0.11,-9.58,9.81,-0.01,0,0,,,,-0.486,-0.07,4.8,13.26,-0.01,,,
37.25,REGROUND,1.4,-0.11,-9.58,9.83,-0.01,0,0,,,,-0.466,-0.067,2.5,13.26,-0.01,,,
37.3,REGROUND,1.4,-0.11,-9.58,9.84,-0.01,0,0,,,,-0.476,-0.069,1.8,13.26,-0.01,,,
37.35,REGROUND,1.34,-0.11,-9.58,9.85,-0.01,0,0,,,,-0.457,-0.066,2.5,13.26,-0.01,,,
37.4,REGROUND,1.34,-0.11,-9.58,9.86,-0.01,0,0,,,,-0.467,-0.067,1.8,13.26,-0.01,,,
37.45,REGROUND,1.29,-0.11,-9.58,9.88,-0.01,0,0,,,,-0.449,-0.065,2.5,13.26,-0.01,,,
37.5,REGROUND,1.29,-0.11,-9.58,9.89,-0.01,0,0,,,,-0.459,-0.066,1.8,13.26,-0.01,,,
37.55,REGROUND,1.23,-0.11,-9.58,9.9,-0.01,0,0,,,,-0.441,-0.063,2.6,13.26,-0.01,,,
37.6,REGROUND,1.23,-0.11,-9.58,9.91,-0.01,0,0,,,,-0.451,-0.065,1.8,13.26,-0.01,,,
37.65,REGROUND,1.18,-0.11,-9.58,9.93,-0.01,0,0,,,,-0.435,-0.063,2.4,13.26,-0.01,,,
37.7,REGROUND,1.18,-0.11,-9.58,9.94,-0.01,0,0,,,,-0.445,-0.064,1.6,13.26,-0.01,,,
37.75,REGROUND,1.12,-0.12,-9.58,9.95,-0.01,0,0,,,,-0.429,-0.062,2.4,13.26,-0.01,,,
37.8,REGROUND,1.12,-0.12,-9.58,9.96,-0.01,0,0,,,,-0.439,-0.064,1.8,13.26,-0.01,,,
37.85,REGROUND,1.07,-0.12,-9.58,9.98,-0.01,0,0,,,,-0.424,-0.062,2.3,13.26,-0.01,,,
37.9,REGROUND,1.07,-0.12,-9.58,9.99,-0.01,0,0,,,,-0.434,-0.063,1.9,13.26,-0.01,,,
37.95,REGROUND,1.03,-0.12,-9.58,10.0,-0.01,0,0,,,,-0.42,-0.061,2.5,13.26,-0.01,,,
38.0,REGROUND,1.03,-0.12,-9.58,10.01,-0.01,0,0,,,,-0.43,-0.063,1.9,13.26,-0.01,,,
38.05,REGROUND,0.98,-0.12,-9.58,10.03,-0.01,0,0,,,,-0.416,-0.061,2.6,13.26,-0.01,,,
38.1,REGROUND,0.98,-0.12,-9.58,10.04,-0.01,0,0,,,,-0.426,-0.063,1.9,13.26,-0.01,,,
38.15,REGROUND,0.93,-0.12,-9.58,10.05,-0.01,0,0,,,,-0.413,-0.062,2.6,13.26,-0.01,,,
38.2,REGROUND,0.93,-0.12,-9.58,10.06,-0.01,0,0,,,,-0.423,-0.063,1.8,13.26,-0.01,,,
38.25,REGROUND,0.88,-0.12,-9.58,10.08,-0.01,0,0,,,,-0.41,-0.062,2.5,13.26,-0.01,,,
38.3,REGROUND,0.88,-0.12,-9.58,10.09,-0.01,0,0,,,,-0.42,-0.063,1.7,13.26,-0.01,,,
38.35,REGROUND,0.84,-0.12,-9.58,10.1,-0.01,0,0,,,,-0.408,-0.062,2.4,13.26,-0.01,,,
38.4,REGROUND,0.84,-0.12,-9.58,10.11,-0.01,0,0,,,,-0.418,-0.064,1.7,13.26,-0.01,,,
38.45,REGROUND,0.8,-0.12,-9.58,10.13,-0.01,0,0,,,,-0.406,-0.063,2.6,13.26,-0.01,,,
38.5,REGROUND,0.8,-0.12,-9.58,10.14,-0.01,0,0,,,,-0.416,-0.064,1.8,13.26,-0.01,,,
38.55,REGROUND,0.75,-0.12,-9.58,10.15,-0.01,0,0,,,,-0.404,-0.063,2.4,13.26,-0.01,,,
38.6,REGROUND,0.75,-0.12,-9.58,10.16,-0.01,0,0,,,,-0.414,-0.065,1.8,13.26,-0.01,,,
38.65,REGROUND,0.71,-0.12,-9.58,10.18,-0.01,0,0,,,,-0.403,-0.064,2.4,13.26,-0.01,,,
38.7,REGROUND,0.71,-0.12,-9.58,10.19,-0.01,0,0,,,,-0.413,-0.065,1.9,13.26,-0.01,,,
38.75,REGROUND,0.67,-0.12,-9.58,10.2,-0.01,0,0,,,,-0.402,-0.064,2.5,13.26,-0.01,,,
38.8,REGROUND,0.67,-0.12,-9.58,10.21,-0.01,0,0,,,,-0.412,-0.066,1.8,13.26,-0.01,,,
38.85,REGROUND,0.63,-0.12,-9.58,10.23,-0.01,0,0,,,,-0.402,-0.065,2.5,13.26,-0.01,,,
38.9,REGROUND,0.63,-0.12,-9.58,10.24,-0.01,0,0,,,,-0.412,-0.066,1.8,13.26,-0.01,,,
38.95,REGROUND,0.58,-0.12,-9.58,10.25,-0.01,0,0,,,,-0.401,-0.065,2.5,13.26,-0.01,,,
39.0,REGROUND,0.58,-0.12,-9.58,10.26,-0.01,0,0,,,,-0.411,-0.067,1.8,13.26,-0.01,,,
39.05,REGROUND,0.54,-0.12,-9.58,10.28,-0.01,0,0,,,,-0.401,-0.066,2.6,13.26,-0.01,,,
39.1,REGROUND,0.54,-0.12,-9.58,10.29,-0.01,0,0,,,,-0.411,-0.067,1.8,13.26,-0.01,,,
39.15,REGROUND,0.5,-0.12,-9.58,10.3,-0.01,0,0,,,,-0.401,-0.066,2.3,13.26,-0.01,,,
39.2,REGROUND,0.5,-0.12,-9.58,10.31,-0.01,0,0,,,,-0.411,-0.068,1.8,13.26,-0.01,,,
39.25,REGROUND,0.46,-0.12,-9.58,10.33,-0.01,0,0,,,,-0.401,-0.067,2.3,13.26,-0.01,,,
39.3,REGROUND,0.46,-0.12,-9.58,10.34,-0.01,0,0,,,,-0.411,-0.068,1.8,13.26,-0.01,,,
39.35,REGROUND,0.42,-0.12,-9.58,10.35,-0.01,0,0,,,,-0.401,-0.067,2.4,13.26,-0.01,,,
39.4,REGROUND,0.42,-0.12,-9.58,10.36,-0.01,0,0,,,,-0.411,-0.068,1.8,13.26,-0.01,,,
39.45,REGROUND,0.38,-0.12,-9.58,10.38,-0.01,0,0,,,,-0.401,-0.067,2.3,13.26,-0.01,,,
39.5,REGROUND,0.38,-0.12,-9.58,10.39,-0.01,0,0,,,,-0.411,-0.069,1.8,13.26,-0.01,,,
39.55,REGROUND,0.34,-0.12,-9.58,10.4,-0.01,0,0,,,,-0.401,-0.068,5.7,13.26,-0.01,,,
39.6,REGROUND,0.34,-0.12,-9.58,10.41,-0.01,0,0,,,,-0.411,-0.069,1.9,13.26,-0.01,,,
39.65,REGROUND,0.3,-0.12,-9.58,10.43,-0.01,0,0,,,,-0.402,-0.068,2.4,13.26,-0.01,,,
39.7,REGROUND,0.3,-0.12,-9.58,10.44,-0.01,0,0,,,,-0.412,-0.07,1.8,13.26,-0.01,,,
39.75,REGROUND,0.26,-0.12,-9.58,10.45,-0.01,0,0,,,,-0.402,-0.068,2.6,13.26,-0.01,,,
39.8,REGROUND,0.26,-0.12,-9.58,10.46,-0.01,0,0,,,,-0.412,-0.07,1.8,13.26,-0.01,,,
39.85,REGROUND,0.22,-0.12,-9.58,10.48,-0.01,0,0,,,,-0.402,-0.068,2.4,13.26,-0.01,,,
39.9,REGROUND,0.22,-0.12,-9.58,10.49,-0.01,0,0,,,,-0.412,-0.07,1.8,13.26,-0.01,,,
39.95,REGROUND,0.18,-0.13,-9.58,10.5,-0.01,0,0,,,,-0.403,-0.068,2.4,13.26,-0.01,,,
40.0,REGROUND,0.18,-0.13,-9.58,10.51,-0.01,0,0,,,,-0.413,-0.07,1.8,13.26,-0.01,,,
40.05,REGROUND,0.14,-0.13,-9.58,10.53,-0.01,0,0,,,,-0.403,-0.069,2.4,13.26,-0.01,,,
40.1,REGROUND,0.14,-0.13,-9.58,10.54,-0.01,0,0,,,,-0.413,-0.07,1.8,13.26,-0.01,,,
40.15,REGROUND,0.1,-0.13,-9.58,10.55,-0.01,0,0,,,,-0.403,-0.068,2.7,13.26,-0.01,,,
40.2,REGROUND,0.1,-0.13,-9.58,10.56,-0.01,0,0,,,,-0.413,-0.07,1.9,13.26,-0.01,,,
40.25,REGROUND,0.06,-0.13,-9.58,10.58,-0.01,0,0,,,,-0.403,-0.068,2.5,13.26,-0.01,,,
40.3,REGROUND,0.06,-0.13,-9.58,10.59,-0.01,0,0,,,,-0.413,-0.07,1.8,13.26,-0.01,,,
40.35,REGROUND,0.02,-0.13,-9.58,10.6,-0.01,0,0,,,,-0.403,-0.068,2.5,13.26,-0.01,,,
40.4,REGROUND,0.02,-0.13,-9.58,10.61,-0.01,0,0,,,,-0.413,-0.07,1.8,13.26,-0.01,,,
40.45,REGROUND,-0.02,-0.13,-9.58,10.63,-0.01,0,0,,,,-0.403,-0.068,2.4,13.26,-0.01,,,
40.5,REGROUND,-0.02,-0.13,-9.58,10.64,-0.01,0,0,,,,-0.413,-0.07,1.6,13.26,-0.01,,,
40.55,REGROUND,-0.06,-0.14,-9.58,10.65,-0.01,0,0,,,,-0.404,-0.068,2.3,13.26,-0.01,,,
40.6,REGROUND,-0.06,-0.14,-9.58,10.67,-0.01,0,0,,,,-0.414,-0.07,1.8,13.26,-0.01,,,
40.65,REGROUND,-0.1,-0.14,-9.58,10.68,-0.01,0,0,,,,-0.404,-0.068,2.5,13.26,-0.01,,,
40.7,REGROUND,-0.1,-0.14,-9.58,10.69,-0.01,0,0,,,,-0.414,-0.069,1.7,13.26,-0.01,,,
40.75,REGROUND,-0.14,-0.14,-9.58,10.7,-0.01,0,0,,,,-0.404,-0.067,2.5,13.26,-0.01,,,
40.8,REGROUND,-0.14,-0.14,-9.58,10.72,-0.01,0,0,,,,-0.414,-0.069,1.8,13.26,-0.01,,,
40.85,REGROUND,-0.18,-0.14,-9.58,10.73,-0.01,0,0,,,,-0.404,-0.067,2.5,13.26,-0.01,,,
40.9,REGROUND,-0.18,-0.14,-9.58,10.74,-0.01,0,0,,,,-0.414,-0.069,1.8,13.26,-0.01,,,
40.95,REGROUND,-0.22,-0.14,-9.58,10.75,-0.01,0,0,,,,-0.404,-0.067,2.6,13.26,-0.01,,,
41.0,REGROUND,-0.22,-0.14,-9.58,10.77,-0.01,0,0,,,,-0.414,-0.069,1.8,13.26,-0.01,,,
41.05,REGROUND,-0.26,-0.14,-9.58,10.78,-0.01,0,0,,,,-0.404,-0.067,2.5,13.26,-0.01,,,
41.1,REGROUND,-0.26,-0.14,-9.58,10.79,-0.01,0,0,,,,-0.414,-0.069,1.9,13.26,-0.01,,,
41.15,REGROUND,-0.3,-0.15,-9.58,10.8,-0.01,0,0,,,,-0.404,-0.067,2.5,13.26,-0.01,,,
41.2,REGROUND,-0.3,-0.15,-9.58,10.82,-0.01,0,0,,,,-0.414,-0.068,1.8,13.26,-0.01,,,
41.25,REGROUND,-0.34,-0.15,-9.58,10.83,-0.01,0,0,,,,-0.404,-0.066,2.4,13.26,-0.01,,,
41.3,REGROUND,-0.34,-0.15,-9.58,10.84,-0.01,0,0,,,,-0.414,-0.068,1.9,13.26,-0.01,,,
41.35,REGROUND,-0.38,-0.15,-9.58,10.85,-0.01,0,0,,,,-0.404,-0.066,2.3,13.26,-0.01,,,
41.4,REGROUND,-0.38,-0.15,-9.58,10.87,-0.01,0,0,,,,-0.414,-0.068,1.8,13.26,-0.01,,,
41.45,REGROUND,-0.42,-0.15,-9.58,10.88,-0.01,0,0,,,,-0.403,-0.066,2.2,13.26,-0.01,,,
41.51,REGROUND,-0.42,-0.15,-9.58,10.89,-0.01,0,0,,,,-0.413,-0.068,1.8,13.26,-0.01,,,
41.56,REGROUND,-0.46,-0.15,-9.58,10.9,-0.01,0,0,,,,-0.403,-0.066,2.5,13.26,-0.01,,,
41.61,REGROUND,-0.46,-0.15,-9.58,10.92,-0.01,0,0,,,,-0.413,-0.067,1.8,13.26,-0.01,,,
41.66,REGROUND,-0.51,-0.16,-9.58,10.93,-0.01,0,0,,,,-0.403,-0.065,2.2,13.26,-0.01,,,
41.71,REGROUND,-0.51,-0.16,-9.58,10.94,-0.01,0,0,,,,-0.413,-0.067,1.8,13.26,-0.01,,,
41.76,REGROUND,-0.55,-0.16,-9.58,10.95,-0.01,0,0,,,,-0.403,-0.065,2.3,13.26,-0.01,,,
41.81,REGROUND,-0.55,-0.16,-9.58,10.97,-0.01,0,0,,,,-0.413,-0.067,1.8,13.26,-0.01,,,
41.86,REGROUND,-0.59,-0.16,-9.58,10.98,-0.01,0,0,,,,-0.402,-0.065,2.4,13.26,-0.01,,,
41.91,REGROUND,-0.59,-0.16,-9.58,10.99,-0.01,0,0,,,,-0.412,-0.066,5.2,13.26,-0.01,,,
41.96,REGROUND,-0.63,-0.16,-9.58,11.0,-0.01,0,0,,,,-0.402,-0.064,2.4,13.26,-0.01,,,
42.01,REGROUND,-0.63,-0.16,-9.58,11.02,-0.01,0,0,,,,-0.412,-0.066,1.9,13.26,-0.01,,,
42.06,REGROUND,-0.67,-0.16,-9.58,11.03,-0.01,0,0,,,,-0.402,-0.064,2.4,13.26,-0.01,,,
42.11,REGROUND,-0.67,-0.16,-9.58,11.04,-0.01,0,0,,,,-0.412,-0.066,1.8,13.26,-0.01,,,
42.16,REGROUND,-0.71,-0.16,-9.58,11.05,-0.01,0,0,,,,-0.401,-0.064,2.3,13.26,-0.01,,,
42.21,REGROUND,-0.71,-0.16,-9.58,11.07,-0.01,0,0,,,,-0.411,-0.066,1.8,13.26,-0.01,,,
42.26,REGROUND,-0.75,-0.17,-9.58,11.08,-0.01,0,0,,,,-0.401,-0.064,2.4,13.26,-0.01,,,
42.31,REGROUND,-0.75,-0.17,-9.58,11.09,-0.01,0,0,,,,-0.411,-0.065,1.6,13.26,-0.01,,,
42.36,REGROUND,-0.79,-0.17,-9.58,11.1,-0.01,0,0,,,,-0.401,-0.064,2.6,13.26,-0.01,,,
42.41,REGROUND,-0.79,-0.17,-9.58,11.12,-0.01,0,0,,,,-0.411,-0.065,1.8,13.26,-0.01,,,
42.46,REGROUND,-0.83,-0.17,-9.58,11.13,-0.01,0,0,,,,-0.401,-0.064,2.5,13.26,-0.01,,,
42.51,REGROUND,-0.83,-0.17,-9.58,11.14,-0.01,0,0,,,,-0.411,-0.065,1.7,13.26,-0.01,,,
42.56,REGROUND,-0.88,-0.17,-9.58,11.15,-0.01,0,0,,,,-0.4,-0.064,2.4,13.26,-0.01,,,
42.61,REGROUND,-0.88,-0.17,-9.58,11.17,-0.01,0,0,,,,-0.41,-0.065,1.8,13.26,-0.01,,,
42.66,REGROUND,-0.92,-0.17,-9.58,11.18,-0.01,0,0,,,,-0.4,-0.064,2.3,13.26,-0.01,,,
42.71,REGROUND,-0.92,-0.17,-9.58,11.19,-0.01,0,0,,,,-0.41,-0.066,1.8,13.26,-0.01,,,
42.76,REGROUND,-0.96,-0.17,-9.58,11.2,-0.01,0,0,,,,-0.4,-0.064,2.3,13.26,-0.01,,,
42.81,REGROUND,-0.96,-0.17,-9.58,11.22,-0.01,0,0,,,,-0.41,-0.066,1.7,13.26,-0.01,,,
42.86,REGROUND,-1.0,-0.17,-9.58,11.23,-0.01,0,0,,,,-0.399,-0.064,2.5,13.26,-0.01,,,
42.91,REGROUND,-1.0,-0.17,-9.58,11.24,-0.01,0,0,,,,-0.409,-0.066,1.8,13.26,-0.01,,,
42.96,REGROUND,-1.04,-0.18,-9.58,11.25,-0.01,0,0,,,,-0.399,-0.064,2.5,13.26,-0.01,,,
43.01,REGROUND,-1.04,-0.18,-9.58,11.27,-0.01,0,0,,,,-0.409,-0.066,1.6,13.26,-0.01,,,
43.06,REGROUND,-1.08,-0.18,-9.58,11.28,-0.01,0,0,,,,-0.399,-0.064,2.6,13.26,-0.01,,,
43.11,REGROUND,-1.08,-0.18,-9.58,11.29,-0.01,0,0,,,,-0.409,-0.066,1.8,13.26,-0.01,,,
43.16,REGROUND,-1.12,-0.18,-9.58,11.3,-0.01,0,0,,,,-0.399,-0.064,2.5,13.26,-0.01,,,
43.21,REGROUND,-1.12,-0.18,-9.58,11.32,-0.01,0,0,,,,-0.409,-0.066,1.7,13.26,-0.01,,,
43.26,REGROUND,-1.16,-0.18,-9.58,11.33,-0.01,0,0,,,,-0.399,-0.064,2.5,13.26,-0.01,,,
43.31,REGROUND,-1.16,-0.18,-9.58,11.34,-0.01,0,0,,,,-0.409,-0.066,1.5,13.26,-0.01,,,
43.36,REGROUND,-1.2,-0.18,-9.58,11.35,-0.01,0,0,,,,-0.399,-0.064,2.4,13.26,-0.01,,,
43.41,REGROUND,-1.2,-0.18,-9.58,11.37,-0.01,0,0,,,,-0.409,-0.066,1.8,13.26,-0.01,,,
43.46,REGROUND,-1.24,-0.18,-9.58,11.38,-0.01,0,0,,,,-0.399,-0.065,2.3,13.26,-0.01,,,
43.51,REGROUND,-1.24,-0.18,-9.58,11.39,-0.01,0,0,,,,-0.409,-0.066,1.8,13.26,-0.01,,,
43.56,REGROUND,-1.28,-0.18,-9.57,11.4,-0.01,0,0,,,,-0.399,-0.065,2.5,13.26,-0.01,,,
43.61,REGROUND,-1.28,-0.18,-9.57,11.42,-0.01,0,0,,,,-0.409,-0.066,1.8,13.26,-0.01,,,
43.66,REGROUND,-1.32,-0.18,-9.57,11.43,-0.01,0,0,,,,-0.399,-0.065,2.6,13.26,-0.01,,,
43.71,REGROUND,-1.32,-0.18,-9.57,11.44,-0.01,0,0,,,,-0.409,-0.066,1.8,13.26,-0.01,,,
43.76,REGROUND,-1.36,-0.18,-9.57,11.45,-0.01,0,0,,,,-0.399,-0.065,2.5,13.26,-0.01,,,
43.81,REGROUND,-1.36,-0.18,-9.57,11.47,-0.01,0,0,,,,-0.409,-0.066,1.8,13.26,-0.01,,,
43.86,REGROUND,-1.41,-0.19,-9.57,11.48,-0.01,0,0,,,,-0.399,-0.065,2.5,13.26,-0.01,,,
43.91,REGROUND,-1.41,-0.19,-9.57,11.49,-0.01,0,0,,,,-0.409,-0.066,1.8,13.26,-0.01,,,
43.96,REGROUND,-1.45,-0.19,-9.57,11.5,-0.01,0,0,,,,-0.399,-0.065,2.4,13.26,-0.01,,,
44.01,REGROUND,-1.45,-0.19,-9.57,11.52,-0.01,0,0,,,,-0.409,-0.066,1.8,13.26,-0.01,,,
44.06,REGROUND,-1.49,-0.19,-9.57,11.53,-0.01,0,0,,,,-0.398,-0.065,2.4,13.26,-0.01,,,
44.11,REGROUND,-1.49,-0.19,-9.57,11.54,-0.01,0,0,,,,-0.408,-0.066,1.8,13.26,-0.01,,,
44.16,REGROUND,-1.53,-0.19,-9.57,11.55,-0.01,0,0,,,,-0.398,-0.064,2.3,13.26,-0.01,,,
44.21,REGROUND,-1.53,-0.19,-9.57,11.57,-0.01,0,0,,,,-0.408,-0.066,1.8,13.26,-0.01,,,
44.26,REGROUND,-1.57,-0.19,-9.57,11.58,-0.01,0,0,,,,-0.398,-0.064,5.9,13.26,-0.01,,,
44.31,REGROUND,-1.57,-0.19,-9.57,11.59,-0.01,0,0,,,,-0.408,-0.066,1.8,13.26,-0.01,,,
44.36,REGROUND,-1.61,-0.19,-9.57,11.6,-0.01,0,0,,,,-0.398,-0.064,2.5,13.26,-0.01,,,
44.41,REGROUND,-1.61,-0.19,-9.57,11.62,-0.01,0,0,,,,-0.408,-0.066,2.0,13.26,-0.01,,,
44.46,REGROUND,-1.65,-0.19,-9.57,11.63,-0.01,0,0,,,,-0.398,-0.064,2.5,13.26,-0.01,,,
44.51,REGROUND,-1.65,-0.19,-9.57,11.64,-0.01,0,0,,,,-0.408,-0.066,1.8,13.26,-0.01,,,
44.56,REGROUND,-1.69,-0.2,-9.57,11.65,-0.01,0,0,,,,-0.398,-0.064,2.5,13.26,-0.01,,,
44.61,REGROUND,-1.69,-0.2,-9.57,11.67,-0.01,0,0,,,,-0.408,-0.066,1.8,13.26,-0.01,,,
44.66,REGROUND,-1.73,-0.2,-9.57,11.68,-0.01,0,0,,,,-0.398,-0.064,2.7,13.26,-0.01,,,
44.71,REGROUND,-1.73,-0.2,-9.57,11.69,-0.01,0,0,,,,-0.408,-0.066,1.8,13.26,-0.01,,,
44.76,REGROUND,-1.77,-0.2,-9.57,11.7,-0.01,0,0,,,,-0.398,-0.064,2.5,13.26,-0.01,,,
44.81,REGROUND,-1.77,-0.2,-9.57,11.72,-0.01,0,0,,,,-0.408,-0.066,1.8,13.26,-0.01,,,
44.86,REGROUND,-1.81,-0.2,-9.57,11.73,-0.01,0,0,,,,-0.397,-0.064,2.2,13.26,-0.01,,,
44.91,REGROUND,-1.81,-0.2,-9.57,11.74,-0.01,0,0,,,,-0.407,-0.065,1.9,13.26,-0.01,,,
44.96,REGROUND,-1.85,-0.2,-9.57,11.75,-0.01,0,0,,,,-0.397,-0.064,2.3,13.26,-0.01,,,
45.01,REGROUND,-1.85,-0.2,-9.57,11.77,-0.01,0,0,,,,-0.407,-0.065,1.9,13.26,-0.01,,,
45.06,REGROUND,-1.9,-0.2,-9.57,11.78,-0.01,0,0,,,,-0.396,-0.063,2.7,13.26,-0.01,,,
45.11,REGROUND,-1.9,-0.2,-9.57,11.79,-0.01,0,0,,,,-0.406,-0.065,1.8,13.26,-0.01,,,
45.16,REGROUND,-1.94,-0.21,-9.57,11.8,-0.01,0,0,,,,-0.396,-0.063,2.5,13.26,-0.01,,,
45.21,REGROUND,-1.94,-0.21,-9.57,11.82,-0.01,0,0,,,,-0.406,-0.065,1.8,13.26,-0.01,,,
45.26,REGROUND,-1.98,-0.21,-9.57,11.83,-0.01,0,0,,,,-0.396,-0.063,2.5,13.26,-0.01,,,
45.31,REGROUND,-1.98,-0.21,-9.57,11.84,-0.01,0,0,,,,-0.406,-0.065,1.6,13.26,-0.01,,,
45.36,REGROUND,-2.02,-0.21,-9.57,11.85,-0.01,0,0,,,,-0.396,-0.063,2.4,13.26,-0.01,,,
45.41,REGROUND,-2.02,-0.21,-9.57,11.87,-0.01,0,0,,,,-0.406,-0.064,1.7,13.26,-0.01,,,
45.46,REGROUND,-2.06,-0.21,-9.57,11.88,-0.01,0,0,,,,-0.395,-0.063,2.3,13.26,-0.01,,,
45.51,REGROUND,-2.06,-0.21,-9.57,11.89,-0.01,0,0,,,,-0.405,-0.064,1.9,13.26,-0.01,,,
45.56,REGROUND,-2.1,-0.21,-9.57,11.9,-0.01,0,0,,,,-0.395,-0.063,2.4,13.26,-0.01,,,
45.61,REGROUND,-2.1,-0.21,-9.57,11.92,-0.01,0,0,,,,-0.405,-0.064,1.8,13.26,-0.01,,,
45.66,REGROUND,-2.14,-0.21,-9.57,11.93,-0.01,0,0,,,,-0.395,-0.063,2.2,13.26,-0.01,,,
45.71,REGROUND,-2.14,-0.21,-9.57,11.94,-0.01,0,0,,,,-0.405,-0.064,1.8,13.26,-0.01,,,
45.76,REGROUND,-2.18,-0.22,-9.57,11.95,-0.01,0,0,,,,-0.395,-0.063,2.6,13.26,-0.01,,,
45.81,REGROUND,-2.18,-0.22,-9.57,11.97,-0.01,0,0,,,,-0.405,-0.064,1.8,13.26,-0.01,,,
45.86,REGROUND,-2.22,-0.22,-9.58,11.98,-0.01,0,0,,,,-0.395,-0.063,2.7,13.26,-0.01,,,
45.91,REGROUND,-2.22,-0.22,-9.58,11.99,-0.01,0,0,,,,-0.405,-0.064,1.8,13.26,-0.01,,,
45.96,REGROUND,-2.26,-0.22,-9.58,12.0,-0.01,0,0,,,,-0.395,-0.063,2.3,13.26,-0.01,,,
46.01,REGROUND,-2.26,-0.22,-9.58,12.02,-0.01,0,0,,,,-0.405,-0.064,1.8,13.26,-0.01,,,
46.06,REGROUND,-2.3,-0.22,-9.58,12.03,-0.01,0,0,,,,-0.395,-0.063,2.7,13.26,-0.01,,,
46.11,REGROUND,-2.3,-0.22,-9.58,12.04,-0.01,0,0,,,,-0.405,-0.065,1.8,13.26,-0.01,,,
46.16,REGROUND,-2.34,-0.22,-9.58,12.05,-0.01,0,0,,,,-0.395,-0.063,2.6,13.26,-0.01,,,
46.21,REGROUND,-2.34,-0.22,-9.58,12.07,-0.01,0,0,,,,-0.405,-0.065,1.8,13.26,-0.01,,,
46.26,REGROUND,-2.38,-0.22,-9.58,12.08,-0.01,0,0,,,,-0.395,-0.063,2.4,13.26,-0.01,,,
46.31,REGROUND,-2.38,-0.22,-9.58,12.09,-0.01,0,0,,,,-0.405,-0.065,1.5,13.26,-0.01,,,
46.36,REGROUND,-2.42,-0.22,-9.58,12.1,-0.01,0,0,,,,-0.395,-0.063,2.7,13.26,-0.01,,,
46.41,REGROUND,-2.42,-0.22,-9.58,12.12,-0.01,0,0,,,,-0.405,-0.065,1.8,13.26,-0.01,,,
46.46,REGROUND,-2.47,-0.22,-9.58,12.13,-0.01,0,0,,,,-0.395,-0.063,2.6,13.26,-0.01,,,
46.51,REGROUND,-2.47,-0.22,-9.58,12.14,-0.01,0,0,,,,-0.405,-0.065,1.9,13.26,-0.01,,,
46.56,REGROUND,-2.5,-0.22,-9.58,12.15,-0.01,0,0,,,,-0.396,-0.063,2.5,13.26,-0.01,,,
46.61,REGROUND,-2.5,-0.22,-9.58,12.17,-0.01,0,0,,,,-0.406,-0.065,5.2,13.26,-0.01,,,
46.66,REGROUND,-2.55,-0.23,-9.58,12.18,-0.01,0,0,,,,-0.396,-0.064,2.5,13.26,-0.01,,,
46.71,REGROUND,-2.55,-0.23,-9.58,12.19,-0.01,0,0,,,,-0.406,-0.065,1.9,13.26,-0.01,,,
46.76,REGROUND,-2.59,-0.23,-9.58,12.2,-0.01,0,0,,,,-0.396,-0.063,2.5,13.26,-0.01,,,
46.81,REGROUND,-2.59,-0.23,-9.58,12.22,-0.01,0,0,,,,-0.406,-0.065,1.8,13.26,-0.01,,,
46.86,REGROUND,-2.63,-0.23,-9.58,12.23,-0.01,0,0,,,,-0.396,-0.063,2.4,13.26,-0.01,,,
46.91,REGROUND,-2.63,-0.23,-9.58,12.24,-0.01,0,0,,,,-0.406,-0.065,1.6,13.26,-0.01,,,
46.96,REGROUND,-2.67,-0.23,-9.58,12.25,-0.01,0,0,,,,-0.396,-0.063,2.5,13.26,-0.01,,,
47.01,REGROUND,-2.67,-0.23,-9.58,12.27,-0.01,0,0,,,,-0.406,-0.065,1.8,13.26,-0.01,,,
47.06,REGROUND,-2.71,-0.23,-9.58,12.28,-0.01,0,0,,,,-0.396,-0.064,2.5,13.26,-0.01,,,
47.11,REGROUND,-2.71,-0.23,-9.58,12.29,-0.01,0,0,,,,-0.406,-0.065,1.8,13.26,-0.01,,,
47.16,REGROUND,-2.75,-0.23,-9.58,12.3,-0.01,0,0,,,,-0.396,-0.064,2.2,13.26,-0.01,,,
47.21,REGROUND,-2.75,-0.23,-9.58,12.32,-0.01,0,0,,,,-0.406,-0.065,1.8,13.26,-0.01,,,
47.26,REGROUND,-2.79,-0.23,-9.58,12.33,-0.01,0,0,,,,-0.396,-0.064,2.5,13.26,-0.01,,,
47.31,REGROUND,-2.79,-0.23,-9.58,12.34,-0.01,0,0,,,,-0.406,-0.065,1.9,13.26,-0.01,,,
47.36,REGROUND,-2.83,-0.24,-9.58,12.35,-0.01,0,0,,,,-0.396,-0.064,2.5,13.26,-0.01,,,
47.41,REGROUND,-2.83,-0.24,-9.58,12.37,-0.01,0,0,,,,-0.406,-0.065,1.9,13.26,-0.01,,,
47.46,REGROUND,-2.87,-0.24,-9.58,12.38,-0.01,0,0,,,,-0.396,-0.064,2.6,13.26,-0.01,,,
47.51,REGROUND,-2.87,-0.24,-9.58,12.39,-0.01,0,0,,,,-0.406,-0.065,1.8,13.26,-0.01,,,
47.56,REGROUND,-2.91,-0.24,-9.58,12.41,-0.01,0,0,,,,-0.396,-0.064,2.7,13.26,-0.01,,,
47.61,REGROUND,-2.91,-0.24,-9.58,12.42,-0.01,0,0,,,,-0.406,-0.065,1.9,13.26,-0.01,,,
47.66,REGROUND,-2.95,-0.24,-9.58,12.43,-0.01,0,0,,,,-0.396,-0.064,2.4,13.26,-0.01,,,
47.71,REGROUND,-2.95,-0.24,-9.58,12.44,-0.01,0,0,,,,-0.406,-0.065,1.8,13.26,-0.01,,,
47.76,REGROUND,-2.99,-0.24,-9.58,12.46,-0.01,0,0,,,,-0.396,-0.063,2.3,13.26,-0.01,,,
47.81,REGROUND,-2.99,-0.24,-9.58,12.47,-0.01,0,0,,,,-0.406,-0.065,1.9,13.26,-0.01,,,
47.86,REGROUND,-3.03,-0.24,-9.58,12.48,-0.01,0,0,,,,-0.396,-0.063,2.5,13.26,-0.01,,,
47.91,REGROUND,-3.03,-0.24,-9.58,12.49,-0.01,0,0,,,,-0.406,-0.065,1.9,13.26,-0.01,,,
47.96,REGROUND,-3.07,-0.24,-9.58,12.51,-0.01,0,0,,,,-0.396,-0.063,2.5,13.26,-0.01,,,
48.01,REGROUND,-3.07,-0.24,-9.58,12.52,-0.01,0,0,,,,-0.406,-0.065,1.8,13.26,-0.01,,,
48.06,REGROUND,-3.11,-0.25,-9.58,12.53,-0.01,0,0,,,,-0.396,-0.063,2.6,13.26,-0.01,,,
48.11,REGROUND,-3.11,-0.25,-9.58,12.54,-0.01,0,0,,,,-0.406,-0.065,1.8,13.26,-0.01,,,
48.16,REGROUND,-3.15,-0.25,-9.58,12.56,-0.01,0,0,,,,-0.396,-0.063,2.4,13.26,-0.01,,,
48.21,REGROUND,-3.15,-0.25,-9.58,12.57,-0.01,0,0,,,,-0.406,-0.064,1.8,13.26,-0.01,,,
48.26,REGROUND,-3.19,-0.25,-9.58,12.58,-0.01,0,0,,,,-0.396,-0.063,2.5,13.26,-0.01,,,
48.31,REGROUND,-3.19,-0.25,-9.58,12.59,-0.01,0,0,,,,-0.406,-0.064,1.8,13.26,-0.01,,,
48.36,REGROUND,-3.23,-0.25,-9.58,12.61,-0.01,0,0,,,,-0.396,-0.063,2.3,13.26,-0.01,,,
48.41,REGROUND,-3.23,-0.25,-9.58,12.62,-0.01,0,0,,,,-0.406,-0.064,1.8,13.26,-0.01,,,
48.46,REGROUND,-3.27,-0.25,-9.58,12.63,-0.01,0,0,,,,-0.396,-0.063,2.3,13.26,-0.01,,,
48.52,REGROUND,-3.27,-0.25,-9.58,12.64,-0.01,0,0,,,,-0.406,-0.064,1.8,13.26,-0.01,,,
48.57,REGROUND,-3.31,-0.25,-9.58,12.66,-0.01,0,0,,,,-0.396,-0.062,2.6,13.26,-0.01,,,
48.62,REGROUND,-3.31,-0.25,-9.58,12.67,-0.01,0,0,,,,-0.406,-0.064,1.8,13.26,-0.01,,,
48.67,REGROUND,-3.36,-0.26,-9.58,12.68,-0.01,0,0,,,,-0.396,-0.063,2.7,13.26,-0.01,,,
48.72,REGROUND,-3.36,-0.26,-9.58,12.69,-0.01,0,0,,,,-0.406,-0.064,1.8,13.26,-0.01,,,
48.77,REGROUND,-3.4,-0.26,-9.58,12.71,-0.01,0,0,,,,-0.396,-0.063,2.6,13.26,-0.01,,,
48.82,REGROUND,-3.4,-0.26,-9.58,12.72,-0.01,0,0,,,,-0.406,-0.064,1.8,13.26,-0.01,,,
48.87,REGROUND,-3.44,-0.26,-9.58,12.73,-0.01,0,0,,,,-0.396,-0.063,2.3,13.26,-0.01,,,
48.92,REGROUND,-3.44,-0.26,-9.58,12.74,-0.01,0,0,,,,-0.406,-0.064,1.8,13.26,-0.01,,,
48.97,REGROUND,-3.48,-0.26,-9.58,12.76,-0.01,0,0,,,,-0.396,-0.063,5.6,13.26,-0.01,,,
49.02,REGROUND,-3.48,-0.26,-9.58,12.77,-0.01,0,0,,,,-0.406,-0.065,1.8,13.26,-0.01,,,
49.07,REGROUND,-3.52,-0.26,-9.58,12.78,-0.01,0,0,,,,-0.395,-0.063,2.5,13.26,-0.01,,,
49.12,REGROUND,-3.52,-0.26,-9.58,12.79,-0.01,0,0,,,,-0.405,-0.065,1.8,13.26,-0.01,,,
49.17,REGROUND,-3.56,-0.26,-9.58,12.81,-0.01,0,0,,,,-0.395,-0.063,2.7,13.26,-0.01,,,
49.22,REGROUND,-3.56,-0.26,-9.58,12.82,-0.01,0,0,,,,-0.405,-0.065,1.7,13.26,-0.01,,,
49.27,REGROUND,-3.6,-0.26,-9.58,12.83,-0.01,0,0,,,,-0.395,-0.064,2.6,13.26,-0.01,,,
49.32,REGROUND,-3.6,-0.26,-9.58,12.84,-0.01,0,0,,,,-0.405,-0.065,1.8,13.26,-0.01,,,
49.37,REGROUND,-3.64,-0.26,-9.58,12.86,-0.01,0,0,,,,-0.395,-0.064,2.8,13.26,-0.01,,,
49.42,REGROUND,-3.64,-0.26,-9.58,12.87,-0.01,0,0,,,,-0.405,-0.065,1.8,13.26,-0.01,,,
49.47,REGROUND,-3.68,-0.26,-9.58,12.88,-0.01,0,0,,,,-0.395,-0.064,2.4,13.26,-0.01,,,
49.52,REGROUND,-3.68,-0.26,-9.58,12.89,-0.01,0,0,,,,-0.405,-0.066,1.8,13.26,-0.01,,,
49.57,REGROUND,-3.72,-0.26,-9.58,12.91,-0.01,0,0,,,,-0.395,-0.064,2.5,13.26,-0.01,,,
49.62,REGROUND,-3.72,-0.26,-9.58,12.92,-0.01,0,0,,,,-0.405,-0.066,1.8,13.26,-0.01,,,
49.67,REGROUND,-3.76,-0.27,-9.58,12.93,-0.01,0,0,,,,-0.395,-0.064,2.4,13.26,-0.01,,,
49.72,REGROUND,-3.76,-0.27,-9.58,12.94,-0.01,0,0,,,,-0.405,-0.066,1.8,13.26,-0.01,,,
49.77,REGROUND,-3.8,-0.27,-9.58,12.96,-0.01,0,0,,,,-0.395,-0.064,2.4,13.26,-0.01,,,
49.82,REGROUND,-3.8,-0.27,-9.58,12.97,-0.01,0,0,,,,-0.405,-0.066,1.5,13.26,-0.01,,,
49.87,REGROUND,-3.84,-0.27,-9.58,12.98,-0.01,0,0,,,,-0.395,-0.064,2.4,13.26,-0.01,,,
49.92,REGROUND,-3.84,-0.27,-9.58,12.99,-0.01,0,0,,,,-0.405,-0.066,1.8,13.26,-0.01,,,
49.97,REGROUND,-3.88,-0.27,-9.58,13.01,-0.01,0,0,,,,-0.395,-0.064,2.3,13.26,-0.01,,,
50.02,REGROUND,-3.88,-0.27,-9.58,13.02,-0.01,0,0,,,,-0.405,-0.066,1.8,13.26,-0.01,,,
50.07,REGROUND,-3.92,-0.27,-9.58,13.03,-0.01,0,0,,,,-0.395,-0.065,2.7,13.26,-0.01,,,
50.12,REGROUND,-3.92,-0.27,-9.58,13.04,-0.01,0,0,,,,-0.405,-0.066,1.6,13.26,-0.01,,,
50.17,REGROUND,-3.96,-0.27,-9.58,13.06,-0.01,0,0,,,,-0.395,-0.065,2.5,13.26,-0.01,,,
50.22,REGROUND,-3.96,-0.27,-9.58,13.07,-0.01,0,0,,,,-0.405,-0.066,1.8,13.26,-0.01,,,
50.27,REGROUND,-4.0,-0.27,-9.58,13.08,-0.01,0,0,,,,-0.395,-0.065,2.5,13.26,-0.01,,,
50.32,REGROUND,-4.0,-0.27,-9.58,13.09,-0.01,0,0,,,,-0.405,-0.066,1.7,13.26,-0.01,,,
50.37,REGROUND,-4.04,-0.27,-9.58,13.11,-0.01,0,0,,,,-0.395,-0.064,2.4,13.26,-0.01,,,
50.42,REGROUND,-4.04,-0.27,-9.58,13.12,-0.01,0,0,,,,-0.405,-0.066,1.7,13.26,-0.01,,,
50.47,REGROUND,-4.09,-0.28,-9.58,13.13,-0.01,0,0,,,,-0.395,-0.065,2.4,13.26,-0.01,,,
50.52,REGROUND,-4.09,-0.28,-9.58,13.14,-0.01,0,0,,,,-0.405,-0.066,1.8,13.26,-0.01,,,
50.57,REGROUND,-4.13,-0.28,-9.58,13.16,-0.01,0,0,,,,-0.395,-0.064,2.3,13.26,-0.01,,,
50.62,REGROUND,-4.13,-0.28,-9.58,13.17,-0.01,0,0,,,,-0.405,-0.066,1.8,13.26,-0.01,,,
50.67,REGROUND,-4.17,-0.28,-9.58,13.18,-0.01,0,0,,,,-0.395,-0.065,2.2,13.26,-0.01,,,
50.72,REGROUND,-4.17,-0.28,-9.58,13.19,-0.01,0,0,,,,-0.405,-0.066,1.9,13.26,-0.01,,,
50.77,REGROUND,-4.21,-0.28,-9.58,13.21,-0.01,0,0,,,,-0.395,-0.064,2.5,13.26,-0.01,,,
50.82,REGROUND,-4.21,-0.28,-9.58,13.22,-0.01,0,0,,,,-0.405,-0.066,1.8,13.26,-0.01,,,
50.87,REGROUND,-4.25,-0.28,-9.58,13.23,-0.01,0,0,,,,-0.395,-0.064,2.5,13.26,-0.01,,,
50.92,REGROUND,-4.25,-0.28,-9.58,13.24,-0.01,0,0,,,,-0.405,-0.066,1.7,13.26,-0.01,,,
50.97,REGROUND,-4.29,-0.28,-9.58,13.26,-0.01,0,0,,,,-0.395,-0.064,2.4,13.26,-0.01,,,
51.02,REGROUND,-4.29,-0.28,-9.58,13.27,-0.01,0,0,,,,-0.405,-0.066,1.7,13.26,-0.01,,,
51.07,REGROUND,-4.33,-0.29,-9.58,13.28,-0.01,0,0,,,,-0.395,-0.064,2.5,13.26,-0.01,,,
51.12,REGROUND,-4.33,-0.29,-9.58,13.29,-0.01,0,0,,,,-0.405,-0.065,1.8,13.26,-0.01,,,
51.17,REGROUND,-4.37,-0.29,-9.58,13.31,-0.01,0,0,,,,-0.395,-0.063,2.4,13.26,-0.01,,,
51.22,REGROUND,-4.37,-0.29,-9.58,13.32,-0.01,0,0,,,,-0.405,-0.065,5.1,13.26,-0.01,,,
51.27,REGROUND,-4.41,-0.29,-9.58,13.33,-0.01,0,0,,,,-0.395,-0.063,2.3,13.26,-0.01,,,
51.32,REGROUND,-4.41,-0.29,-9.58,13.34,-0.01,0,0,,,,-0.405,-0.065,1.8,13.26,-0.01,,,
51.37,REGROUND,-4.45,-0.29,-9.58,13.36,-0.01,0,0,,,,-0.395,-0.063,2.3,13.26,-0.01,,,
51.42,REGROUND,-4.45,-0.29,-9.58,13.37,-0.01,0,0,,,,-0.405,-0.064,1.8,13.26,-0.01,,,
51.47,REGROUND,-4.49,-0.29,-9.58,13.38,-0.01,0,0,,,,-0.395,-0.063,2.5,13.26,-0.01,,,
51.52,REGROUND,-4.49,-0.29,-9.58,13.39,-0.01,0,0,,,,-0.405,-0.064,1.8,13.26,-0.01,,,
51.57,REGROUND,-4.53,-0.3,-9.58,13.41,-0.01,0,0,,,,-0.396,-0.062,2.5,13.26,-0.01,,,
51.62,REGROUND,-4.53,-0.3,-9.58,13.42,-0.01,0,0,,,,-0.406,-0.064,1.8,13.26,-0.01,,,
51.67,REGROUND,-4.57,-0.3,-9.58,13.43,-0.01,0,0,,,,-0.396,-0.062,2.5,13.26,-0.01,,,
51.72,REGROUND,-4.57,-0.3,-9.58,13.44,-0.01,0,0,,,,-0.406,-0.064,1.8,13.26,-0.01,,,
51.77,REGROUND,-4.61,-0.3,-9.58,13.46,-0.01,0,0,,,,-0.396,-0.062,2.5,13.26,-0.01,,,
51.82,REGROUND,-4.61,-0.3,-9.58,13.47,-0.01,0,0,,,,-0.406,-0.064,1.7,13.26,-0.01,,,
51.87,REGROUND,-4.65,-0.3,-9.58,13.48,-0.01,0,0,,,,-0.395,-0.062,2.5,13.26,-0.01,,,
51.92,REGROUND,-4.65,-0.3,-9.58,13.49,-0.01,0,0,,,,-0.405,-0.064,1.8,13.26,-0.01,,,
51.97,REGROUND,-4.69,-0.3,-9.58,13.51,-0.01,0,0,,,,-0.395,-0.062,2.4,13.26,-0.01,,,
52.02,REGROUND,-4.69,-0.3,-9.58,13.52,-0.01,0,0,,,,-0.405,-0.064,1.8,13.26,-0.01,,,
52.07,REGROUND,-4.73,-0.3,-9.58,13.53,-0.01,0,0,,,,-0.395,-0.062,2.4,13.26,-0.01,,,
52.12,REGROUND,-4.73,-0.3,-9.58,13.54,-0.01,0,0,,,,-0.405,-0.064,1.8,13.26,-0.01,,,
52.17,REGROUND,-4.77,-0.3,-9.58,13.56,-0.01,0,0,,,,-0.395,-0.062,2.5,13.26,-0.01,,,
52.22,REGROUND,-4.77,-0.3,-9.58,13.57,-0.01,0,0,,,,-0.405,-0.064,1.8,13.26,-0.01,,,
52.27,REGROUND,-4.81,-0.3,-9.58,13.58,-0.01,0,0,,,,-0.395,-0.063,2.5,13.26,-0.01,,,
52.32,REGROUND,-4.81,-0.3,-9.58,13.59,-0.01,0,0,,,,-0.405,-0.064,1.8,13.26,-0.01,,,
52.37,REGROUND,-4.85,-0.31,-9.58,13.61,-0.01,0,0,,,,-0.396,-0.063,2.5,13.26,-0.01,,,
52.42,REGROUND,-4.85,-0.31,-9.58,13.62,-0.01,0,0,,,,-0.406,-0.065,1.8,13.26,-0.01,,,
52.47,REGROUND,-4.89,-0.31,-9.58,13.63,-0.01,0,0,,,,-0.396,-0.063,2.4,13.26,-0.01,,,
52.52,REGROUND,-4.89,-0.31,-9.58,13.64,-0.01,0,0,,,,-0.406,-0.065,1.7,13.26,-0.01,,,
52.57,REGROUND,-4.93,-0.31,-9.58,13.66,-0.01,0,0,,,,-0.396,-0.063,2.4,13.26,-0.01,,,
52.62,REGROUND,-4.93,-0.31,-9.58,13.67,-0.01,0,0,,,,-0.406,-0.065,1.7,13.26,-0.01,,,
52.67,REGROUND,-4.98,-0.31,-9.58,13.68,-0.01,0,0,,,,-0.395,-0.064,2.3,13.26,-0.01,,,
52.72,REGROUND,-4.98,-0.31,-9.58,13.69,-0.01,0,0,,,,-0.405,-0.065,1.8,13.26,-0.01,,,
52.77,REGROUND,-5.02,-0.31,-9.58,13.71,-0.01,0,0,,,,-0.395,-0.064,2.3,13.26,-0.01,,,
52.82,REGROUND,-5.02,-0.31,-9.58,13.72,-0.01,0,0,,,,-0.405,-0.065,1.9,13.26,-0.01,,,
52.87,REGROUND,-5.06,-0.31,-9.58,13.73,-0.01,0,0,,,,-0.395,-0.064,2.4,13.26,-0.01,,,
52.92,REGROUND,-5.06,-0.31,-9.58,13.74,-0.01,0,0,,,,-0.405,-0.066,1.8,13.26,-0.01,,,
52.97,REGROUND,-5.1,-0.31,-9.58,13.76,-0.01,0,0,,,,-0.395,-0.064,2.5,13.26,-0.01,,,
53.02,REGROUND,-5.1,-0.31,-9.58,13.77,-0.01,0,0,,,,-0.405,-0.066,1.9,13.26,-0.01,,,
53.07,REGROUND,-5.14,-0.31,-9.58,13.78,-0.01,0,0,,,,-0.395,-0.064,2.5,13.26,-0.01,,,
53.12,REGROUND,-5.14,-0.31,-9.58,13.79,-0.01,0,0,,,,-0.405,-0.066,1.8,13.26,-0.01,,,
53.17,REGROUND,-5.18,-0.31,-9.58,13.81,-0.01,0,0,,,,-0.395,-0.064,2.4,13.26,-0.01,,,
53.22,REGROUND,-5.18,-0.31,-9.58,13.82,-0.01,0,0,,,,-0.405,-0.066,1.7,13.26,-0.01,,,
53.27,REGROUND,-5.22,-0.31,-9.58,13.83,-0.01,0,0,,,,-0.394,-0.065,2.4,13.26,-0.01,,,
53.32,REGROUND,-5.22,-0.31,-9.58,13.84,-0.01,0,0,,,,-0.404,-0.066,1.8,13.26,-0.01,,,
53.37,REGROUND,-5.26,-0.32,-9.58,13.86,-0.01,0,0,,,,-0.394,-0.065,2.3,13.26,-0.01,,,
53.42,REGROUND,-5.26,-0.32,-9.58,13.87,-0.01,0,0,,,,-0.404,-0.066,1.8,13.26,-0.01,,,
53.47,REGROUND,-5.3,-0.32,-9.58,13.88,-0.01,0,0,,,,-0.394,-0.065,2.3,13.26,-0.01,,,
53.52,REGROUND,-5.3,-0.32,-9.58,13.89,-0.01,0,0,,,,-0.404,-0.066,1.8,13.26,-0.01,,,
53.57,REGROUND,-5.34,-0.32,-9.58,13.91,-0.01,0,0,,,,-0.395,-0.065,6.1,13.26,-0.01,,,
53.62,REGROUND,-5.34,-0.32,-9.58,13.92,-0.01,0,0,,,,-0.405,-0.066,1.8,13.26,-0.01,,,
53.67,REGROUND,-5.38,-0.32,-9.58,13.93,-0.01,0,0,,,,-0.395,-0.065,2.5,13.26,-0.01,,,
53.72,REGROUND,-5.38,-0.32,-9.58,13.94,-0.01,0,0,,,,-0.405,-0.066,1.8,13.26,-0.01,,,
53.77,REGROUND,-5.42,-0.32,-9.58,13.96,-0.01,0,0,,,,-0.395,-0.065,2.6,13.26,-0.01,,,
53.82,REGROUND,-5.42,-0.32,-9.58,13.97,-0.01,0,0,,,,-0.405,-0.066,2.0,13.26,-0.01,,,
53.87,REGROUND,-5.46,-0.32,-9.58,13.98,-0.01,0,0,,,,-0.395,-0.065,2.5,13.26,-0.01,,,
53.92,REGROUND,-5.46,-0.32,-9.58,13.99,-0.01,0,0,,,,-0.405,-0.066,1.7,13.26,-0.01,,,
53.97,REGROUND,-5.5,-0.32,-9.58,14.01,-0.01,0,0,,,,-0.395,-0.064,2.4,13.26,-0.01,,,
54.02,REGROUND,-5.5,-0.32,-9.58,14.02,-0.01,0,0,,,,-0.405,-0.066,1.8,13.26,-0.01,,,
54.07,REGROUND,-5.54,-0.33,-9.58,14.03,-0.01,0,0,,,,-0.395,-0.064,2.4,13.26,-0.01,,,
54.12,REGROUND,-5.54,-0.33,-9.58,14.04,-0.01,0,0,,,,-0.405,-0.066,1.8,13.26,-0.01,,,
54.17,REGROUND,-5.58,-0.33,-9.58,14.06,-0.01,0,0,,,,-0.395,-0.064,2.3,13.26,-0.01,,,
54.22,REGROUND,-5.58,-0.33,-9.58,14.07,-0.01,0,0,,,,-0.405,-0.066,1.9,13.26,-0.01,,,
54.27,REGROUND,-5.62,-0.33,-9.58,14.08,-0.01,0,0,,,,-0.395,-0.064,2.6,13.26,-0.01,,,
54.32,REGROUND,-5.62,-0.33,-9.58,14.1,-0.01,0,0,,,,-0.405,-0.065,1.8,13.26,-0.01,,,
54.37,REGROUND,-5.66,-0.33,-9.58,14.11,-0.01,0,0,,,,-0.395,-0.064,2.5,13.26,-0.01,,,
54.42,REGROUND,-5.66,-0.33,-9.58,14.12,-0.01,0,0,,,,-0.405,-0.065,1.6,13.26,-0.01,,,
54.47,REGROUND,-5.7,-0.33,-9.58,14.13,-0.01,0,0,,,,-0.396,-0.063,2.5,13.26,-0.01,,,
54.52,REGROUND,-5.7,-0.33,-9.58,14.15,-0.01,0,0,,,,-0.406,-0.065,1.8,13.26,-0.01,,,
54.57,REGROUND,-5.74,-0.34,-9.58,14.16,-0.01,0,0,,,,-0.396,-0.063,2.4,13.26,-0.01,,,
54.62,REGROUND,-5.74,-0.34,-9.58,14.17,-0.01,0,0,,,,-0.406,-0.065,1.7,13.26,-0.01,,,
54.67,REGROUND,-5.79,-0.34,-9.58,14.18,-0.01,0,0,,,,-0.396,-0.063,2.4,13.26,-0.01,,,
54.72,REGROUND,-5.79,-0.34,-9.58,14.2,-0.01,0,0,,,,-0.406,-0.065,1.5,13.26,-0.01,,,
54.77,REGROUND,-5.83,-0.34,-9.58,14.21,-0.01,0,0,,,,-0.396,-0.063,2.3,13.26,-0.01,,,
54.82,REGROUND,-5.83,-0.34,-9.58,14.22,-0.01,0,0,,,,-0.406,-0.065,1.8,13.26,-0.01,,,
54.87,REGROUND,-5.87,-0.34,-9.58,14.23,-0.01,0,0,,,,-0.396,-0.063,2.3,13.26,-0.01,,,
54.92,REGROUND,-5.87,-0.34,-9.58,14.25,-0.01,0,0,,,,-0.406,-0.065,1.7,13.26,-0.01,,,
54.97,REGROUND,-5.91,-0.34,-9.58,14.26,-0.01,0,0,,,,-0.396,-0.063,2.6,13.26,-0.01,,,
55.02,REGROUND,-5.91,-0.34,-9.58,14.27,-0.01,0,0,,,,-0.406,-0.065,1.8,13.26,-0.01,,,
55.07,REGROUND,-5.95,-0.34,-9.58,14.28,-0.01,0,0,,,,-0.396,-0.063,2.6,13.26,-0.01,,,
55.12,REGROUND,-5.95,-0.34,-9.58,14.3,-0.01,0,0,,,,-0.406,-0.065,1.8,13.26,-0.01,,,
55.17,REGROUND,-5.99,-0.34,-9.58,14.31,-0.01,0,0,,,,-0.396,-0.063,2.5,13.26,-0.01,,,
55.22,REGROUND,-5.99,-0.34,-9.58,14.32,-0.01,0,0,,,,-0.406,-0.065,1.8,13.26,-0.01,,,
55.27,REGROUND,-6.03,-0.34,-9.58,14.33,-0.01,0,0,,,,-0.395,-0.063,2.4,13.26,-0.01,,,
55.32,REGROUND,-6.03,-0.34,-9.58,14.35,-0.01,0,0,,,,-0.405,-0.065,1.7,13.26,-0.01,,,
55.37,REGROUND,-6.07,-0.35,-9.58,14.36,-0.01,0,0,,,,-0.395,-0.063,2.4,13.26,-0.01,,,
55.42,REGROUND,-6.07,-0.35,-9.58,14.37,-0.01,0,0,,,,-0.405,-0.065,1.8,13.26,-0.01,,,
55.48,REGROUND,-6.11,-0.35,-9.58,14.38,-0.01,0,0,,,,-0.395,-0.063,2.3,13.26,-0.01,,,
55.53,REGROUND,-6.11,-0.35,-9.58,14.4,-0.01,0,0,,,,-0.405,-0.065,1.8,13.26,-0.01,,,
55.58,REGROUND,-6.15,-0.35,-9.58,14.41,-0.01,0,0,,,,-0.395,-0.063,2.4,13.26,-0.01,,,
55.63,REGROUND,-6.15,-0.35,-9.58,14.42,-0.01,0,0,,,,-0.405,-0.065,1.9,13.26,-0.01,,,
55.68,REGROUND,-6.19,-0.35,-9.58,14.43,-0.01,0,0,,,,-0.395,-0.064,2.3,13.26,-0.01,,,
55.73,REGROUND,-6.19,-0.35,-9.58,14.45,-0.01,0,0,,,,-0.405,-0.065,1.9,13.26,-0.01,,,
55.78,REGROUND,-6.23,-0.35,-9.58,14.46,-0.01,0,0,,,,-0.395,-0.064,2.5,13.26,-0.01,,,
55.83,REGROUND,-6.23,-0.35,-9.58,14.47,-0.01,0,0,,,,-0.405,-0.065,1.8,13.26,-0.01,,,
55.88,REGROUND,-6.27,-0.35,-9.58,14.48,-0.01,0,0,,,,-0.395,-0.064,2.5,13.26,-0.01,,,
55.93,REGROUND,-6.27,-0.35,-9.58,14.5,-0.01,0,0,,,,-0.405,-0.066,5.3,13.26,-0.01,,,
55.98,REGROUND,-6.31,-0.35,-9.58,14.51,-0.01,0,0,,,,-0.395,-0.064,2.6,13.26,-0.01,,,
56.03,REGROUND,-6.31,-0.35,-9.58,14.52,-0.01,0,0,,,,-0.405,-0.065,1.7,13.26,-0.01,,,
56.08,REGROUND,-6.35,-0.35,-9.58,14.53,-0.01,0,0,,,,-0.395,-0.064,2.5,13.26,-0.01,,,
56.13,REGROUND,-6.35,-0.35,-9.58,14.55,-0.01,0,0,,,,-0.405,-0.066,1.7,13.26,-0.01,,,
56.18,REGROUND,-6.39,-0.36,-9.58,14.56,-0.01,0,0,,,,-0.395,-0.064,2.3,13.26,-0.01,,,
56.23,REGROUND,-6.39,-0.36,-9.58,14.57,-0.01,0,0,,,,-0.405,-0.066,1.8,13.26,-0.01,,,
56.28,REGROUND,-6.44,-0.36,-9.58,14.58,-0.01,0,0,,,,-0.394,-0.064,2.3,13.26,-0.01,,,
56.33,REGROUND,-6.44,-0.36,-9.58,14.6,-0.01,0,0,,,,-0.404,-0.066,1.8,13.26,-0.01,,,
56.38,REGROUND,-6.48,-0.36,-9.58,14.61,-0.01,0,0,,,,-0.395,-0.064,2.5,13.26,-0.01,,,
56.43,REGROUND,-6.48,-0.36,-9.58,14.62,-0.01,0,0,,,,-0.405,-0.066,1.9,13.26,-0.01,,,
56.48,REGROUND,-6.52,-0.36,-9.58,14.63,-0.01,0,0,,,,-0.395,-0.064,2.5,13.26,-0.01,,,
56.53,REGROUND,-6.52,-0.36,-9.58,14.65,-0.01,0,0,,,,-0.405,-0.066,1.8,13.26,-0.01,,,
56.58,REGROUND,-6.56,-0.36,-9.58,14.66,-0.01,0,0,,,,-0.395,-0.064,2.5,13.26,-0.01,,,
56.63,REGROUND,-6.56,-0.36,-9.58,14.67,-0.01,0,0,,,,-0.405,-0.066,1.8,13.26,-0.01,,,
56.68,REGROUND,-6.6,-0.36,-9.58,14.68,-0.01,0,0,,,,-0.395,-0.064,2.5,13.26,-0.01,,,
56.73,REGROUND,-6.6,-0.36,-9.58,14.7,-0.01,0,0,,,,-0.405,-0.066,1.8,13.26,-0.01,,,
56.78,REGROUND,-6.64,-0.36,-9.58,14.71,-0.01,0,0,,,,-0.395,-0.064,2.5,13.26,-0.01,,,
56.83,REGROUND,-6.64,-0.36,-9.58,14.72,-0.01,0,0,,,,-0.405,-0.066,1.9,13.26,-0.01,,,
56.88,REGROUND,-6.68,-0.37,-9.58,14.73,-0.01,0,0,,,,-0.395,-0.064,2.4,13.26,-0.01,,,
56.93,REGROUND,-6.68,-0.37,-9.58,14.75,-0.01,0,0,,,,-0.405,-0.066,1.6,13.26,-0.01,,,
56.98,REGROUND,-6.72,-0.37,-9.58,14.76,-0.01,0,0,,,,-0.395,-0.064,2.3,13.26,-0.01,,,
57.03,REGROUND,-6.72,-0.37,-9.58,14.77,-0.01,0,0,,,,-0.405,-0.066,1.8,13.26,-0.01,,,
57.08,REGROUND,-6.76,-0.37,-9.58,14.78,-0.01,0,0,,,,-0.395,-0.064,2.6,13.26,-0.01,,,
57.13,REGROUND,-6.76,-0.37,-9.58,14.8,-0.01,0,0,,,,-0.405,-0.066,1.8,13.26,-0.01,,,
57.18,REGROUND,-6.8,-0.37,-9.58,14.81,-0.01,0,0,,,,-0.395,-0.064,2.3,13.26,-0.01,,,
57.23,REGROUND,-6.8,-0.37,-9.58,14.82,-0.01,0,0,,,,-0.405,-0.066,1.8,13.26,-0.01,,,
57.28,REGROUND,-6.84,-0.37,-9.58,14.83,-0.01,0,0,,,,-0.395,-0.064,2.5,13.26,-0.01,,,
57.33,REGROUND,-6.84,-0.37,-9.58,14.85,-0.01,0,0,,,,-0.405,-0.066,1.8,13.26,-0.01,,,
57.38,REGROUND,-6.88,-0.37,-9.58,14.86,-0.01,0,0,,,,-0.395,-0.064,2.5,13.26,-0.01,,,
57.43,REGROUND,-6.88,-0.37,-9.58,14.87,-0.01,0,0,,,,-0.405,-0.066,1.8,13.26,-0.01,,,
57.48,REGROUND,-6.92,-0.37,-9.58,14.88,-0.01,0,0,,,,-0.395,-0.064,2.4,13.26,-0.01,,,
57.53,REGROUND,-6.92,-0.37,-9.58,14.9,-0.01,0,0,,,,-0.405,-0.066,1.8,13.26,-0.01,,,
57.58,REGROUND,-6.96,-0.38,-9.58,14.91,-0.01,0,0,,,,-0.395,-0.064,2.4,13.26,-0.01,,,
57.63,REGROUND,-6.96,-0.38,-9.58,14.92,-0.01,0,0,,,,-0.405,-0.066,1.8,13.26,-0.01,,,
57.68,REGROUND,-7.0,-0.38,-9.58,14.93,-0.01,0,0,,,,-0.395,-0.064,2.2,13.26,-0.01,,,
57.73,REGROUND,-7.0,-0.38,-9.58,14.95,-0.01,0,0,,,,-0.405,-0.065,1.8,13.26,-0.01,,,
57.78,REGROUND,-7.04,-0.38,-9.58,14.96,-0.01,0,0,,,,-0.395,-0.064,2.5,13.26,-0.01,,,
57.83,REGROUND,-7.04,-0.38,-9.58,14.97,-0.01,0,0,,,,-0.405,-0.065,1.8,13.26,-0.01,,,
57.88,REGROUND,-7.08,-0.38,-9.58,14.98,-0.01,0,0,,,,-0.395,-0.063,2.5,13.26,-0.01,,,
57.93,REGROUND,-7.08,-0.38,-9.58,15.0,-0.01,0,0,,,,-0.405,-0.065,1.8,13.26,-0.01,,,
57.98,REGROUND,-7.12,-0.38,-9.58,15.01,-0.01,0,0,,,,-0.395,-0.063,2.5,13.26,-0.01,,,
58.03,REGROUND,-7.12,-0.38,-9.58,15.02,-0.01,0,0,,,,-0.405,-0.065,1.8,13.26,-0.01,,,
58.08,REGROUND,-7.16,-0.38,-9.58,15.03,-0.01,0,0,,,,-0.395,-0.063,2.5,13.26,-0.01,,,
58.13,REGROUND,-7.16,-0.38,-9.58,15.05,-0.01,0,0,,,,-0.405,-0.065,1.8,13.26,-0.01,,,
58.18,REGROUND,-7.2,-0.38,-9.58,15.06,-0.01,0,0,,,,-0.395,-0.063,2.4,13.26,-0.01,,,
58.23,REGROUND,-7.2,-0.38,-9.58,15.07,-0.01,0,0,,,,-0.405,-0.065,1.8,13.26,-0.01,,,
58.28,REGROUND,-7.24,-0.39,-9.58,15.08,-0.01,0,0,,,,-0.395,-0.063,2.3,13.26,-0.01,,,
58.33,REGROUND,-7.24,-0.39,-9.58,15.1,-0.01,0,0,,,,-0.405,-0.065,5.2,13.26,-0.01,,,
58.38,REGROUND,-7.28,-0.39,-9.58,15.11,-0.01,0,0,,,,-0.395,-0.063,2.3,13.26,-0.01,,,
58.43,REGROUND,-7.28,-0.39,-9.58,15.12,-0.01,0,0,,,,-0.405,-0.065,1.7,13.26,-0.01,,,
58.48,REGROUND,-7.32,-0.39,-9.58,15.13,-0.01,0,0,,,,-0.395,-0.063,2.5,13.26,-0.01,,,
58.53,REGROUND,-7.32,-0.39,-9.58,15.15,-0.01,0,0,,,,-0.405,-0.065,1.8,13.26,-0.01,,,
58.58,REGROUND,-7.37,-0.39,-9.58,15.16,-0.01,0,0,,,,-0.395,-0.063,2.5,13.26,-0.01,,,
58.63,REGROUND,-7.37,-0.39,-9.58,15.17,-0.01,0,0,,,,-0.405,-0.065,1.9,13.26,-0.01,,,
58.68,REGROUND,-7.41,-0.39,-9.58,15.18,-0.01,0,0,,,,-0.395,-0.064,2.3,13.26,-0.01,,,
58.73,REGROUND,-7.41,-0.39,-9.58,15.2,-0.01,0,0,,,,-0.405,-0.065,1.8,13.26,-0.01,,,
58.78,REGROUND,-7.45,-0.39,-9.58,15.21,-0.01,0,0,,,,-0.395,-0.064,2.5,13.26,-0.01,,,
58.83,REGROUND,-7.45,-0.39,-9.58,15.22,-0.01,0,0,,,,-0.405,-0.065,1.8,13.26,-0.01,,,
58.88,REGROUND,-7.49,-0.39,-9.58,15.23,-0.01,0,0,,,,-0.395,-0.064,2.4,13.26,-0.01,,,
58.93,REGROUND,-7.49,-0.39,-9.58,15.25,-0.01,0,0,,,,-0.405,-0.065,1.8,13.26,-0.01,,,
58.98,REGROUND,-7.53,-0.39,-9.58,15.26,-0.01,0,0,,,,-0.395,-0.064,2.3,13.26,-0.01,,,
59.03,REGROUND,-7.53,-0.39,-9.58,15.27,-0.01,0,0,,,,-0.405,-0.065,1.8,13.26,-0.01,,,
59.08,REGROUND,-7.57,-0.4,-9.58,15.28,-0.01,0,0,,,,-0.395,-0.064,2.4,13.26,-0.01,,,
59.13,REGROUND,-7.57,-0.4,-9.58,15.3,-0.01,0,0,,,,-0.405,-0.065,1.8,13.26,-0.01,,,
59.18,REGROUND,-7.61,-0.4,-9.58,15.31,-0.01,0,0,,,,-0.395,-0.064,2.6,13.26,-0.01,,,
59.23,REGROUND,-7.61,-0.4,-9.58,15.32,-0.01,0,0,,,,-0.405,-0.065,1.8,13.26,-0.01,,,
59.28,REGROUND,-7.65,-0.4,-9.58,15.33,-0.01,0,0,,,,-0.395,-0.064,2.5,13.26,-0.01,,,
59.33,REGROUND,-7.65,-0.4,-9.58,15.35,-0.01,0,0,,,,-0.405,-0.065,1.8,13.26,-0.01,,,
59.38,REGROUND,-7.69,-0.4,-9.58,15.36,-0.01,0,0,,,,-0.395,-0.064,2.5,13.26,-0.01,,,
59.43,REGROUND,-7.69,-0.4,-9.58,15.37,-0.01,0,0,,,,-0.405,-0.065,1.8,13.26,-0.01,,,
59.48,REGROUND,-7.73,-0.4,-9.58,15.38,-0.01,0,0,,,,-0.395,-0.064,2.5,13.26,-0.01,,,
59.53,REGROUND,-7.73,-0.4,-9.58,15.4,-0.01,0,0,,,,-0.405,-0.065,1.8,13.26,-0.01,,,
59.58,REGROUND,-7.77,-0.4,-9.58,15.41,-0.01,0,0,,,,-0.394,-0.064,2.5,13.26,-0.01,,,
59.63,REGROUND,-7.77,-0.4,-9.58,15.42,-0.01,0,0,,,,-0.404,-0.065,1.8,13.26,-0.01,,,
59.68,REGROUND,-7.81,-0.4,-9.58,15.43,-0.01,0,0,,,,-0.394,-0.064,2.4,13.26,-0.01,,,
59.73,REGROUND,-7.81,-0.4,-9.58,15.45,-0.01,0,0,,,,-0.404,-0.065,1.5,13.26,-0.01,,,
59.78,REGROUND,-7.85,-0.41,-9.58,15.46,-0.01,0,0,,,,-0.395,-0.064,2.3,13.26,-0.01,,,
59.83,REGROUND,-7.85,-0.41,-9.58,15.47,-0.01,0,0,,,,-0.405,-0.065,1.8,13.26,-0.01,,,
59.88,REGROUND,-7.89,-0.41,-9.58,15.48,-0.01,0,0,,,,-0.394,-0.064,3.0,13.26,-0.01,,,
59.93,REGROUND,-7.89,-0.41,-9.58,15.5,-0.01,0,0,,,,-0.404,-0.065,2.1,13.26,-0.01,,,
59.98,REGROUND,-7.93,-0.41,-9.58,15.51,-0.01,0,0,,,,-0.395,-0.064,2.6,13.26,-0.01,,,
60.03,REGROUND,-7.93,-0.41,-9.58,15.52,-0.01,0,0,,,,-0.405,-0.065,1.8,13.26,-0.01,,,
60.08,REGROUND,-7.97,-0.41,-9.58,15.53,-0.01,0,0,,,,-0.395,-0.063,2.6,13.26,-0.01,,,
60.13,REGROUND,-7.97,-0.41,-9.58,15.55,-0.01,0,0,,,,-0.405,-0.065,1.8,13.26,-0.01,,,
60.18,REGROUND,-8.01,-0.41,-9.58,15.56,-0.01,0,0,,,,-0.395,-0.063,2.9,13.26,-0.01,,,
60.23,REGROUND,-8.01,-0.41,-9.58,15.57,-0.01,0,0,,,,-0.405,-0.065,1.8,13.26,-0.01,,,
60.28,REGROUND,-8.05,-0.41,-9.58,15.58,-0.01,0,0,,,,-0.395,-0.063,2.6,13.26,-0.01,,,
60.33,REGROUND,-8.05,-0.41,-9.58,15.6,-0.01,0,0,,,,-0.405,-0.065,1.7,13.26,-0.01,,,
60.38,REGROUND,-8.09,-0.42,-9.58,15.61,-0.01,0,0,,,,-0.395,-0.063,2.3,13.26,-0.01,,,
60.43,REGROUND,-8.09,-0.42,-9.58,15.62,-0.01,0,0,,,,-0.405,-0.064,1.8,13.26,-0.01,,,
60.48,REGROUND,-8.14,-0.42,-9.58,15.63,-0.01,0,0,,,,-0.395,-0.063,2.3,13.26,-0.01,,,
60.53,REGROUND,-8.14,-0.42,-9.58,15.65,-0.01,0,0,,,,-0.405,-0.064,1.8,13.26,-0.01,,,
60.58,REGROUND,-8.18,-0.42,-9.58,15.66,-0.01,0,0,,,,-0.395,-0.063,2.4,13.26,-0.01,,,
60.63,REGROUND,-8.18,-0.42,-9.58,15.67,-0.01,0,0,,,,-0.405,-0.064,5.2,13.26,-0.01,,,
60.68,REGROUND,-8.22,-0.42,-9.58,15.68,-0.01,0,0,,,,-0.395,-0.063,2.5,13.26,-0.01,,,
60.73,REGROUND,-8.22,-0.42,-9.58,15.7,-0.01,0,0,,,,-0.405,-0.064,1.8,13.26,-0.01,,,
60.78,REGROUND,-8.26,-0.42,-9.58,15.71,-0.01,0,0,,,,-0.395,-0.063,2.5,13.26,-0.01,,,
60.83,REGROUND,-8.26,-0.42,-9.58,15.72,-0.01,0,0,,,,-0.405,-0.064,1.8,13.26,-0.01,,,
60.88,REGROUND,-8.3,-0.42,-9.58,15.73,-0.01,0,0,,,,-0.395,-0.063,2.4,13.26,-0.01,,,
60.93,REGROUND,-8.3,-0.42,-9.58,15.75,-0.01,0,0,,,,-0.405,-0.064,1.9,13.26,-0.01,,,
60.98,REGROUND,-8.34,-0.42,-9.58,15.76,-0.01,0,0,,,,-0.396,-0.063,2.4,13.26,-0.01,,,
61.03,REGROUND,-8.34,-0.42,-9.58,15.77,-0.01,0,0,,,,-0.406,-0.064,1.8,13.26,-0.01,,,
61.08,REGROUND,-8.38,-0.43,-9.58,15.78,-0.01,0,0,,,,-0.396,-0.063,2.3,13.26,-0.01,,,
61.13,REGROUND,-8.38,-0.43,-9.58,15.8,-0.01,0,0,,,,-0.406,-0.064,1.8,13.26,-0.01,,,
61.18,REGROUND,-8.42,-0.43,-9.58,15.81,-0.01,0,0,,,,-0.396,-0.063,2.4,13.26,-0.01,,,
61.23,REGROUND,-8.42,-0.43,-9.58,15.82,-0.01,0,0,,,,-0.406,-0.064,1.8,13.26,-0.01,,,
61.28,REGROUND,-8.46,-0.43,-9.58,15.83,-0.01,0,0,,,,-0.395,-0.063,2.3,13.26,-0.01,,,
61.33,REGROUND,-8.46,-0.43,-9.58,15.85,-0.01,0,0,,,,-0.405,-0.065,1.8,13.26,-0.01,,,
61.38,REGROUND,-8.5,-0.43,-9.58,15.86,-0.01,0,0,,,,-0.395,-0.063,2.3,13.26,-0.01,,,
61.43,REGROUND,-8.5,-0.43,-9.58,15.87,-0.01,0,0,,,,-0.405,-0.065,1.9,13.26,-0.01,,,
61.48,REGROUND,-8.54,-0.43,-9.58,15.89,-0.01,0,0,,,,-0.395,-0.063,2.5,13.26,-0.01,,,
61.53,REGROUND,-8.54,-0.43,-9.58,15.9,-0.01,0,0,,,,-0.405,-0.065,1.8,13.26,-0.01,,,
61.58,REGROUND,-8.58,-0.43,-9.58,15.91,-0.01,0,0,,,,-0.395,-0.064,2.6,13.26,-0.01,,,
61.63,REGROUND,-8.58,-0.43,-9.58,15.92,-0.01,0,0,,,,-0.405,-0.065,1.8,13.26,-0.01,,,
61.68,REGROUND,-8.62,-0.43,-9.58,15.94,-0.01,0,0,,,,-0.395,-0.064,2.3,13.26,-0.01,,,
61.73,REGROUND,-8.62,-0.43,-9.58,15.95,-0.01,0,0,,,,-0.405,-0.065,1.8,13.26,-0.01,,,
61.78,REGROUND,-8.66,-0.43,-9.58,15.96,-0.01,0,0,,,,-0.395,-0.064,2.5,13.26,-0.01,,,
61.83,REGROUND,-8.66,-0.43,-9.58,15.97,-0.01,0,0,,,,-0.405,-0.066,1.8,13.26,-0.01,,,
61.88,REGROUND,-8.7,-0.43,-9.58,15.99,-0.01,0,0,,,,-0.395,-0.064,2.8,13.26,-0.01,,,
61.93,REGROUND,-8.7,-0.43,-9.58,16.0,-0.01,0,0,,,,-0.405,-0.066,1.9,13.26,-0.01,,,
61.98,REGROUND,-8.74,-0.43,-9.58,16.01,-0.01,0,0,,,,-0.395,-0.065,2.6,13.26,-0.01,,,
62.03,REGROUND,-8.74,-0.43,-9.58,16.02,-0.01,0,0,,,,-0.405,-0.066,1.8,13.26,-0.01,,,
62.08,REGROUND,-8.78,-0.44,-9.58,16.04,-0.01,0,0,,,,-0.395,-0.065,2.3,13.26,-0.01,,,
62.13,REGROUND,-8.78,-0.44,-9.58,16.05,-0.01,0,0,,,,-0.405,-0.067,1.9,13.26,-0.01,,,
62.18,REGROUND,-8.82,-0.44,-9.58,16.06,-0.01,0,0,,,,-0.395,-0.065,2.6,13.26,-0.01,,,
62.23,REGROUND,-8.82,-0.44,-9.58,16.07,-0.01,0,0,,,,-0.405,-0.067,1.8,13.26,-0.01,,,
62.28,REGROUND,-8.86,-0.44,-9.58,16.09,-0.01,0,0,,,,-0.395,-0.065,2.3,13.26,-0.01,,,
62.33,REGROUND,-8.86,-0.44,-9.58,16.1,-0.01,0,0,,,,-0.405,-0.067,1.8,13.26,-0.01,,,
62.38,REGROUND,-8.9,-0.44,-9.58,16.11,-0.01,0,0,,,,-0.395,-0.065,2.3,13.26,-0.01,,,
62.43,REGROUND,-8.9,-0.44,-9.58,16.12,-0.01,0,0,,,,-0.405,-0.067,1.9,13.26,-0.01,,,
62.48,REGROUND,-8.94,-0.44,-9.58,16.14,-0.01,0,0,,,,-0.395,-0.065,2.5,13.26,-0.01,,,
62.53,REGROUND,-8.94,-0.44,-9.58,16.15,-0.01,0,0,,,,-0.405,-0.067,1.8,13.26,-0.01,,,
62.59,REGROUND,-8.99,-0.44,-9.58,16.16,-0.01,0,0,,,,-0.395,-0.065,2.4,13.26,-0.01,,,
62.64,REGROUND,-8.99,-0.44,-9.58,16.17,-0.01,0,0,,,,-0.405,-0.067,1.8,13.26,-0.01,,,
62.69,REGROUND,-9.03,-0.44,-9.58,16.19,-0.01,0,0,,,,-0.395,-0.065,2.4,13.26,-0.01,,,
62.74,REGROUND,-9.03,-0.44,-9.58,16.2,-0.01,0,0,,,,-0.405,-0.067,1.8,13.26,-0.01,,,
62.79,REGROUND,-9.07,-0.44,-9.58,16.21,-0.01,0,0,,,,-0.395,-0.065,2.3,13.26,-0.01,,,
62.84,REGROUND,-9.07,-0.44,-9.58,16.22,-0.01,0,0,,,,-0.405,-0.067,1.8,13.26,-0.01,,,
62.89,REGROUND,-9.11,-0.45,-9.58,16.24,-0.01,0,0,,,,-0.395,-0.065,5.8,13.26,-0.01,,,
62.94,REGROUND,-9.11,-0.45,-9.58,16.25,-0.01,0,0,,,,-0.405,-0.067,1.8,13.26,-0.01,,,
62.99,REGROUND,-9.15,-0.45,-9.58,16.26,-0.01,0,0,,,,-0.395,-0.065,2.5,13.26,-0.01,,,
63.04,REGROUND,-9.15,-0.45,-9.58,16.27,-0.01,0,0,,,,-0.405,-0.066,1.7,13.26,-0.01,,,
63.09,REGROUND,-9.19,-0.45,-9.58,16.29,-0.01,0,0,,,,-0.395,-0.065,2.6,13.26,-0.01,,,
63.14,REGROUND,-9.19,-0.45,-9.58,16.3,-0.01,0,0,,,,-0.405,-0.066,1.8,13.26,-0.01,,,
63.19,REGROUND,-9.23,-0.45,-9.58,16.31,-0.01,0,0,,,,-0.394,-0.064,2.5,13.26,-0.01,,,
63.24,REGROUND,-9.23,-0.45,-9.58,16.32,-0.01,0,0,,,,-0.404,-0.066,1.7,13.26,-0.01,,,
63.29,REGROUND,-9.27,-0.45,-9.58,16.34,-0.01,0,0,,,,-0.394,-0.064,2.4,13.26,-0.01,,,
63.34,REGROUND,-9.27,-0.45,-9.58,16.35,-0.01,0,0,,,,-0.404,-0.066,1.8,13.26,-0.01,,,
63.39,REGROUND,-9.31,-0.45,-9.58,16.36,-0.01,0,0,,,,-0.394,-0.064,2.4,13.26,-0.01,,,
63.44,REGROUND,-9.31,-0.45,-9.58,16.37,-0.01,0,0,,,,-0.404,-0.066,1.8,13.26,-0.01,,,
63.49,REGROUND,-9.35,-0.46,-9.58,16.39,-0.01,0,0,,,,-0.394,-0.064,2.3,13.26,-0.01,,,
63.54,REGROUND,-9.35,-0.46,-9.58,16.4,-0.01,0,0,,,,-0.404,-0.066,1.8,13.26,-0.01,,,
63.59,REGROUND,-9.39,-0.46,-9.58,16.41,-0.01,0,0,,,,-0.394,-0.064,2.6,13.26,-0.01,,,
63.64,REGROUND,-9.39,-0.46,-9.58,16.42,-0.01,0,0,,,,-0.404,-0.065,1.9,13.26,-0.01,,,
63.69,REGROUND,-9.43,-0.46,-9.58,16.44,-0.01,0,0,,,,-0.394,-0.063,2.5,13.26,-0.01,,,
63.74,REGROUND,-9.43,-0.46,-9.58,16.45,-0.01,0,0,,,,-0.404,-0.065,1.8,13.26,-0.01,,,
63.79,REGROUND,-9.47,-0.46,-9.58,16.46,-0.01,0,0,,,,-0.394,-0.063,2.5,13.26,-0.01,,,
63.84,REGROUND,-9.47,-0.46,-9.58,16.47,-0.01,0,0,,,,-0.404,-0.065,1.8,13.26,-0.01,,,
63.89,REGROUND,-9.51,-0.46,-9.58,16.49,-0.01,0,0,,,,-0.394,-0.063,2.5,13.26,-0.01,,,
63.94,REGROUND,-9.51,-0.46,-9.58,16.5,-0.01,0,0,,,,-0.404,-0.065,1.7,13.26,-0.01,,,
63.99,REGROUND,-9.55,-0.47,-9.58,16.51,-0.01,0,0,,,,-0.395,-0.063,2.5,13.26,-0.01,,,
64.04,REGROUND,-9.55,-0.47,-9.58,16.52,-0.01,0,0,,,,-0.405,-0.064,1.8,13.26,-0.01,,,
64.09,REGROUND,-9.59,-0.47,-9.58,16.54,-0.01,0,0,,,,-0.395,-0.063,2.4,13.26,-0.01,,,
64.14,REGROUND,-9.59,-0.47,-9.58,16.55,-0.01,0,0,,,,-0.405,-0.064,1.8,13.26,-0.01,,,
64.19,REGROUND,-9.63,-0.47,-9.58,16.56,-0.01,0,0,,,,-0.395,-0.062,2.3,13.26,-0.01,,,
64.24,REGROUND,-9.63,-0.47,-9.58,16.57,-0.01,0,0,,,,-0.405,-0.064,1.8,13.26,-0.01,,,
64.29,REGROUND,-9.67,-0.47,-9.58,16.59,-0.01,0,0,,,,-0.395,-0.062,2.5,13.26,-0.01,,,
64.34,REGROUND,-9.67,-0.47,-9.58,16.6,-0.01,0,0,,,,-0.405,-0.064,1.8,13.26,-0.01,,,
64.39,REGROUND,-9.72,-0.47,-9.58,16.61,-0.01,0,0,,,,-0.395,-0.062,2.5,13.26,-0.01,,,
64.44,REGROUND,-9.72,-0.47,-9.58,16.62,-0.01,0,0,,,,-0.405,-0.064,1.8,13.26,-0.01,,,
64.49,REGROUND,-9.76,-0.47,-9.58,16.64,-0.01,0,0,,,,-0.395,-0.062,2.5,13.26,-0.01,,,
64.54,REGROUND,-9.76,-0.47,-9.58,16.65,-0.01,0,0,,,,-0.405,-0.064,1.6,13.26,-0.01,,,
64.59,REGROUND,-9.8,-0.48,-9.58,16.66,-0.01,0,0,,,,-0.395,-0.062,2.5,13.26,-0.01,,,
64.64,REGROUND,-9.8,-0.48,-9.58,16.67,-0.01,0,0,,,,-0.405,-0.064,1.8,13.26,-0.01,,,
64.69,REGROUND,-9.84,-0.48,-9.58,16.69,-0.01,0,0,,,,-0.395,-0.062,2.5,13.26,-0.01,,,
64.74,REGROUND,-9.84,-0.48,-9.58,16.7,-0.01,0,0,,,,-0.405,-0.064,1.8,13.26,-0.01,,,
64.79,REGROUND,-9.88,-0.48,-9.58,16.71,-0.01,0,0,,,,-0.395,-0.062,2.4,13.26,-0.01,,,
64.84,REGROUND,-9.88,-0.48,-9.58,16.72,-0.01,0,0,,,,-0.405,-0.064,1.8,13.26,-0.01,,,
64.89,REGROUND,-9.92,-0.48,-9.58,16.74,-0.01,0,0,,,,-0.395,-0.063,2.4,13.26,-0.01,,,
64.94,REGROUND,-9.92,-0.48,-9.58,16.75,-0.01,0,0,,,,-0.405,-0.064,1.8,13.26,-0.01,,,
64.99,REGROUND,-9.96,-0.48,-9.58,16.76,-0.01,0,0,,,,-0.395,-0.063,2.4,13.26,-0.01,,,
65.04,REGROUND,-9.96,-0.48,-9.58,16.77,-0.01,0,0,,,,-0.405,-0.064,1.8,13.26,-0.01,,,
65.09,REGROUND,-10.0,-0.48,-9.58,16.79,-0.01,0,0,,,,-0.395,-0.063,2.5,13.26,-0.01,,,
65.14,REGROUND,-10.0,-0.48,-9.58,16.8,-0.01,0,0,,,,-0.405,-0.065,1.8,13.26,-0.01,,,
65.19,REGROUND,-10.04,-0.48,-9.58,16.81,-0.01,0,0,,,,-0.395,-0.063,2.5,13.26,-0.01,,,
65.24,REGROUND,-10.04,-0.48,-9.58,16.82,-0.01,0,0,,,,-0.405,-0.065,5.2,13.26,-0.01,,,
65.29,REGROUND,-10.08,-0.48,-9.58,16.84,-0.01,0,0,,,,-0.395,-0.063,2.5,13.26,-0.01,,,
65.34,REGROUND,-10.08,-0.48,-9.58,16.85,-0.01,0,0,,,,-0.405,-0.065,1.8,13.26,-0.01,,,
65.39,REGROUND,-10.12,-0.48,-9.58,16.86,-0.01,0,0,,,,-0.395,-0.063,2.5,13.26,-0.01,,,
65.44,REGROUND,-10.12,-0.48,-9.58,16.87,-0.01,0,0,,,,-0.405,-0.065,1.8,13.26,-0.01,,,
65.49,REGROUND,-10.16,-0.48,-9.58,16.89,-0.01,0,0,,,,-0.395,-0.064,2.4,13.26,-0.01,,,
65.54,REGROUND,-10.16,-0.48,-9.58,16.9,-0.01,0,0,,,,-0.405,-0.065,1.5,13.26,-0.01,,,
65.59,REGROUND,-10.2,-0.49,-9.58,16.91,-0.01,0,0,,,,-0.395,-0.064,2.5,13.26,-0.01,,,
65.64,REGROUND,-10.2,-0.49,-9.58,16.92,-0.01,0,0,,,,-0.405,-0.065,1.9,13.26,-0.01,,,
65.69,REGROUND,-10.24,-0.49,-9.58,16.94,-0.01,0,0,,,,-0.395,-0.064,2.2,13.26,-0.01,,,
65.74,REGROUND,-10.24,-0.49,-9.58,16.95,-0.01,0,0,,,,-0.405,-0.066,1.8,13.26,-0.01,,,
65.79,REGROUND,-10.28,-0.49,-9.58,16.96,-0.01,0,0,,,,-0.395,-0.064,2.5,13.26,-0.01,,,
65.84,REGROUND,-10.28,-0.49,-9.58,16.97,-0.01,0,0,,,,-0.405,-0.066,1.9,13.26,-0.01,,,
65.89,REGROUND,-10.32,-0.49,-9.58,16.99,-0.01,0,0,,,,-0.395,-0.064,2.5,13.26,-0.01,,,
65.94,REGROUND,-10.32,-0.49,-9.58,17.0,-0.01,0,0,,,,-0.405,-0.066,1.8,13.26,-0.01,,,
65.99,REGROUND,-10.36,-0.49,-9.58,17.01,-0.01,0,0,,,,-0.395,-0.064,2.6,13.26,-0.01,,,
66.04,REGROUND,-10.36,-0.49,-9.58,17.02,-0.01,0,0,,,,-0.405,-0.066,1.8,13.26,-0.01,,,
66.09,REGROUND,-10.4,-0.49,-9.58,17.04,-0.01,0,0,,,,-0.395,-0.064,2.6,13.26,-0.01,,,
66.14,REGROUND,-10.4,-0.49,-9.58,17.05,-0.01,0,0,,,,-0.405,-0.066,1.7,13.26,-0.01,,,
66.19,REGROUND,-10.44,-0.49,-9.58,17.06,-0.01,0,0,,,,-0.395,-0.064,2.4,13.26,-0.01,,,
66.24,REGROUND,-10.44,-0.49,-9.58,17.07,-0.01,0,0,,,,-0.405,-0.066,1.8,13.26,-0.01,,,
66.29,REGROUND,-10.48,-0.49,-9.58,17.09,-0.01,0,0,,,,-0.395,-0.064,2.4,13.26,-0.01,,,
66.34,REGROUND,-10.48,-0.49,-9.58,17.1,-0.01,0,0,,,,-0.405,-0.066,1.8,13.26,-0.01,,,
66.39,REGROUND,-10.52,-0.5,-9.58,17.11,-0.01,0,0,,,,-0.395,-0.064,2.3,13.26,-0.01,,,
66.44,REGROUND,-10.52,-0.5,-9.58,17.12,-0.01,0,0,,,,-0.405,-0.066,1.8,13.26,-0.01,,,
66.49,REGROUND,-10.57,-0.5,-9.58,17.14,-0.01,0,0,,,,-0.395,-0.064,2.5,13.26,-0.01,,,
66.54,REGROUND,-10.57,-0.5,-9.58,17.15,-0.01,0,0,,,,-0.405,-0.066,1.8,13.26,-0.01,,,
66.59,REGROUND,-10.61,-0.5,-9.58,17.16,-0.01,0,0,,,,-0.395,-0.064,2.4,13.26,-0.01,,,
66.64,REGROUND,-10.61,-0.5,-9.58,17.17,-0.01,0,0,,,,-0.405,-0.066,1.8,13.26,-0.01,,,
66.69,REGROUND,-10.65,-0.5,-9.58,17.19,-0.01,0,0,,,,-0.395,-0.064,2.5,13.26,-0.01,,,
66.74,REGROUND,-10.65,-0.5,-9.58,17.2,-0.01,0,0,,,,-0.405,-0.066,1.8,13.26,-0.01,,,
66.79,REGROUND,-10.69,-0.5,-9.58,17.21,-0.01,0,0,,,,-0.395,-0.064,2.5,13.26,-0.01,,,
66.84,REGROUND,-10.69,-0.5,-9.58,17.22,-0.01,0,0,,,,-0.405,-0.066,1.8,13.26,-0.01,,,
66.89,REGROUND,-10.73,-0.5,-9.58,17.24,-0.01,0,0,,,,-0.395,-0.064,2.5,13.26,-0.01,,,
66.94,REGROUND,-10.73,-0.5,-9.58,17.25,-0.01,0,0,,,,-0.405,-0.066,1.8,13.26,-0.01,,,
66.99,REGROUND,-10.77,-0.5,-9.58,17.26,-0.01,0,0,,,,-0.395,-0.064,2.4,13.26,-0.01,,,
67.04,REGROUND,-10.77,-0.5,-9.58,17.27,-0.01,0,0,,,,-0.405,-0.065,1.8,13.26,-0.01,,,
67.09,REGROUND,-10.81,-0.51,-9.58,17.29,-0.01,0,0,,,,-0.395,-0.064,2.4,13.26,-0.01,,,
67.14,REGROUND,-10.81,-0.51,-9.58,17.3,-0.01,0,0,,,,-0.405,-0.065,1.8,13.26,-0.01,,,
67.19,REGROUND,-10.85,-0.51,-9.58,17.31,-0.01,0,0,,,,-0.396,-0.063,2.5,13.26,-0.01,,,
67.24,REGROUND,-10.85,-0.51,-9.58,17.32,-0.01,0,0,,,,-0.406,-0.065,1.8,13.26,-0.01,,,
67.29,REGROUND,-10.89,-0.51,-9.58,17.34,-0.01,0,0,,,,-0.396,-0.063,2.5,13.26,-0.01,,,
67.34,REGROUND,-10.89,-0.51,-9.58,17.35,-0.01,0,0,,,,-0.406,-0.065,1.8,13.26,-0.01,,,
67.39,REGROUND,-10.93,-0.51,-9.58,17.36,-0.01,0,0,,,,-0.396,-0.063,2.5,13.26,-0.01,,,
67.44,REGROUND,-10.93,-0.51,-9.58,17.37,-0.01,0,0,,,,-0.406,-0.065,1.8,13.26,-0.01,,,
67.49,REGROUND,-10.97,-0.51,-9.58,17.39,-0.01,0,0,,,,-0.396,-0.063,2.5,13.26,-0.01,,,
67.54,REGROUND,-10.97,-0.51,-9.58,17.4,-0.01,0,0,,,,-0.406,-0.065,5.3,13.26,-0.01,,,
67.59,REGROUND,-11.01,-0.51,-9.58,17.41,-0.01,0,0,,,,-0.396,-0.063,2.3,13.26,-0.01,,,
67.64,REGROUND,-11.01,-0.51,-9.58,17.42,-0.01,0,0,,,,-0.406,-0.065,1.9,13.26,-0.01,,,
67.69,REGROUND,-11.05,-0.52,-9.58,17.44,-0.01,0,0,,,,-0.396,-0.063,2.3,13.26,-0.01,,,
67.74,REGROUND,-11.05,-0.52,-9.58,17.45,-0.01,0,0,,,,-0.406,-0.064,1.8,13.26,-0.01,,,
67.79,REGROUND,-11.09,-0.52,-9.58,17.46,-0.01,0,0,,,,-0.396,-0.063,2.3,13.26,-0.01,,,
67.84,REGROUND,-11.09,-0.52,-9.58,17.47,-0.01,0,0,,,,-0.406,-0.064,1.8,13.26,-0.01,,,
67.89,REGROUND,-11.13,-0.52,-9.58,17.49,-0.01,0,0,,,,-0.396,-0.063,2.3,13.26,-0.01,,,
67.94,REGROUND,-11.13,-0.52,-9.58,17.5,-0.01,0,0,,,,-0.406,-0.064,1.9,13.26,-0.01,,,
67.99,REGROUND,-11.17,-0.52,-9.58,17.51,-0.01,0,0,,,,-0.395,-0.063,2.5,13.26,-0.01,,,
68.04,REGROUND,-11.17,-0.52,-9.58,17.52,-0.01,0,0,,,,-0.405,-0.064,1.8,13.26,-0.01,,,
68.09,REGROUND,-11.21,-0.52,-9.58,17.54,-0.01,0,0,,,,-0.395,-0.063,2.3,13.26,-0.01,,,
68.14,REGROUND,-11.21,-0.52,-9.58,17.55,-0.01,0,0,,,,-0.405,-0.065,1.8,13.26,-0.01,,,
68.19,REGROUND,-11.25,-0.52,-9.58,17.56,-0.01,0,0,,,,-0.395,-0.063,2.3,13.26,-0.01,,,
68.24,REGROUND,-11.25,-0.52,-9.58,17.57,-0.01,0,0,,,,-0.405,-0.065,1.8,13.26,-0.01,,,
68.29,REGROUND,-11.29,-0.52,-9.58,17.59,-0.01,0,0,,,,-0.395,-0.063,2.4,13.26,-0.01,,,
68.34,REGROUND,-11.29,-0.52,-9.58,17.6,-0.01,0,0,,,,-0.405,-0.065,1.7,13.26,-0.01,,,
68.39,REGROUND,-11.34,-0.52,-9.58,17.61,-0.01,0,0,,,,-0.395,-0.063,2.3,13.26,-0.01,,,
68.44,REGROUND,-11.34,-0.52,-9.58,17.63,-0.01,0,0,,,,-0.405,-0.065,1.8,13.26,-0.01,,,
68.49,REGROUND,-11.38,-0.53,-9.58,17.64,-0.01,0,0,,,,-0.394,-0.064,2.3,13.26,-0.01,,,
68.54,REGROUND,-11.38,-0.53,-9.58,17.65,-0.01,0,0,,,,-0.404,-0.065,1.9,13.26,-0.01,,,
68.59,REGROUND,-11.42,-0.53,-9.58,17.66,-0.01,0,0,,,,-0.394,-0.064,2.3,13.26,-0.01,,,
68.64,REGROUND,-11.46,-0.53,-9.58,17.68,-0.01,0,0,,,,-0.384,-0.062,2.4,13.26,-0.01,,,
68.69,REGROUND,-11.46,-0.53,-9.58,17.69,-0.01,0,0,,,,-0.394,-0.064,1.9,13.26,-0.01,,,
68.74,REGROUND,-11.5,-0.53,-9.58,17.7,-0.01,0,0,,,,-0.384,-0.062,2.5,13.26,-0.01,,,
68.79,REGROUND,-11.5,-0.53,-9.58,17.71,-0.01,0,0,,,,-0.394,-0.064,1.9,13.26,-0.01,,,
68.84,REGROUND,-11.5,-0.53,-9.58,17.73,-0.01,0,0,,,,-0.404,-0.066,1.8,13.26,-0.01,,,
68.89,REGROUND,-11.54,-0.53,-9.58,17.74,-0.01,0,0,,,,-0.394,-0.064,2.5,13.26,-0.01,,,
68.94,REGROUND,-11.54,-0.53,-9.58,17.75,-0.01,0,0,,,,-0.404,-0.066,1.8,13.26,-0.01,,,
68.99,REGROUND,-11.58,-0.53,-9.58,17.76,-0.01,0,0,,,,-0.394,-0.064,2.1,13.26,-0.01,,,
69.04,REGROUND,-11.58,-0.53,-9.58,17.78,-0.01,0,0,,,,-0.404,-0.066,1.9,13.26,-0.01,,,
69.09,REGROUND,-11.62,-0.53,-9.58,17.79,-0.01,0,0,,,,-0.395,-0.064,2.4,13.26,-0.01,,,
69.14,REGROUND,-11.62,-0.53,-9.58,17.8,-0.01,0,0,,,,-0.405,-0.066,1.8,13.26,-0.01,,,
69.19,REGROUND,-11.66,-0.53,-9.58,17.81,-0.01,0,0,,,,-0.395,-0.064,2.4,13.26,-0.01,,,
69.24,REGROUND,-11.7,-0.53,-9.58,17.83,-0.01,0,0,,,,-0.385,-0.063,2.5,13.26,-0.01,,,
69.29,REGROUND,-11.7,-0.53,-9.58,17.84,-0.01,0,0,,,,-0.395,-0.065,1.6,13.26,-0.01,,,
69.34,REGROUND,-11.74,-0.54,-9.58,17.85,-0.01,0,0,,,,-0.385,-0.063,2.3,13.26,-0.01,,,
69.39,REGROUND,-11.74,-0.54,-9.58,17.86,-0.01,0,0,,,,-0.395,-0.065,1.8,13.26,-0.01,,,
69.44,REGROUND,-11.78,-0.54,-9.58,17.88,-0.01,0,0,,,,-0.385,-0.063,2.5,13.26,-0.01,,,
69.49,REGROUND,-11.78,-0.54,-9.58,17.89,-0.01,0,0,,,,-0.395,-0.065,1.8,13.26,-0.01,,,
69.54,REGROUND,-11.78,-0.54,-9.58,17.9,-0.01,0,0,,,,-0.405,-0.066,1.8,13.26,-0.01,,,
69.59,REGROUND,-11.82,-0.54,-9.58,17.91,-0.01,0,0,,,,-0.396,-0.065,2.6,13.26,-0.01,,,
69.64,REGROUND,-11.82,-0.54,-9.58,17.93,-0.01,0,0,,,,-0.406,-0.066,2.0,13.26,-0.01,,,
69.69,REGROUND,-11.86,-0.54,-9.58,17.94,-0.01,0,0,,,,-0.396,-0.065,2.6,13.26,-0.01,,,
69.75,REGROUND,-11.86,-0.54,-9.58,17.95,-0.01,0,0,,,,-0.406,-0.066,1.8,13.26,-0.01,,,
69.8,REGROUND,-11.9,-0.54,-9.58,17.96,-0.01,0,0,,,,-0.396,-0.065,2.4,13.26,-0.01,,,
69.85,REGROUND,-11.94,-0.54,-9.58,17.98,-0.01,0,0,,,,-0.386,-0.063,6.2,13.26,-0.01,,,
69.9,REGROUND,-11.94,-0.54,-9.58,17.99,-0.01,0,0,,,,-0.396,-0.064,1.7,13.26,-0.01,,,
69.95,REGROUND,-11.98,-0.55,-9.58,18.0,-0.01,0,0,,,,-0.387,-0.062,2.3,13.26,-0.01,,,
70.0,REGROUND,-11.98,-0.55,-9.58,18.01,-0.01,0,0,,,,-0.397,-0.064,1.9,13.26,-0.01,,,
70.05,REGROUND,-12.02,-0.55,-9.58,18.03,-0.01,0,0,,,,-0.387,-0.062,2.4,13.26,-0.01,,,
70.1,REGROUND,-12.02,-0.55,-9.58,18.04,-0.01,0,0,,,,-0.397,-0.064,1.9,13.26,-0.01,,,
70.15,REGROUND,-12.02,-0.55,-9.58,18.05,-0.01,0,0,,,,-0.407,-0.066,1.8,13.26,-0.01,,,
70.2,REGROUND,-12.06,-0.55,-9.58,18.06,-0.01,0,0,,,,-0.397,-0.064,2.5,13.26,-0.01,,,
70.25,REGROUND,-12.06,-0.55,-9.58,18.08,-0.01,0,0,,,,-0.407,-0.065,2.0,13.26,-0.01,,,
70.3,REGROUND,-12.1,-0.55,-9.58,18.09,-0.01,0,0,,,,-0.397,-0.064,2.5,13.26,-0.01,,,
70.35,REGROUND,-12.1,-0.55,-9.58,18.1,-0.01,0,0,,,,-0.407,-0.065,2.0,13.26,-0.01,,,
70.4,REGROUND,-12.14,-0.55,-9.58,18.11,-0.01,0,0,,,,-0.397,-0.063,2.5,13.26,-0.01,,,
70.45,REGROUND,-12.18,-0.55,-9.58,18.13,-0.01,0,0,,,,-0.388,-0.062,2.3,13.26,-0.01,,,
70.5,REGROUND,-12.18,-0.55,-9.58,18.14,-0.01,0,0,,,,-0.398,-0.063,1.9,13.26,-0.01,,,
70.55,REGROUND,-12.22,-0.56,-9.58,18.15,-0.01,0,0,,,,-0.388,-0.062,2.4,13.26,-0.01,,,
70.6,REGROUND,-12.22,-0.56,-9.58,18.16,-0.01,0,0,,,,-0.398,-0.063,1.8,13.26,-0.01,,,
70.65,REGROUND,-12.26,-0.56,-9.58,18.18,-0.01,0,0,,,,-0.388,-0.062,2.4,13.26,-0.01,,,
70.7,REGROUND,-12.26,-0.56,-9.58,18.19,-0.01,0,0,,,,-0.398,-0.063,1.8,13.26,-0.01,,,
70.75,REGROUND,-12.3,-0.56,-9.58,18.2,-0.01,0,0,,,,-0.388,-0.062,2.4,13.26,-0.01,,,
70.8,REGROUND,-12.3,-0.56,-9.58,18.21,-0.01,0,0,,,,-0.398,-0.063,1.8,13.26,-0.01,,,
70.85,REGROUND,-12.3,-0.56,-9.58,18.23,-0.01,0,0,,,,-0.408,-0.065,1.9,13.26,-0.01,,,
70.9,REGROUND,-12.34,-0.56,-9.58,18.24,-0.01,0,0,,,,-0.398,-0.064,2.5,13.26,-0.01,,,
70.95,REGROUND,-12.38,-0.56,-9.58,18.25,-0.01,0,0,,,,-0.388,-0.062,2.3,13.26,-0.01,,,
71.0,REGROUND,-12.38,-0.56,-9.58,18.26,-0.01,0,0,,,,-0.398,-0.064,1.8,13.26,-0.01,,,
71.05,REGROUND,-12.42,-0.56,-9.58,18.28,-0.01,0,0,,,,-0.389,-0.063,2.5,13.26,-0.01,,,
71.1,REGROUND,-12.42,-0.56,-9.58,18.29,-0.01,0,0,,,,-0.399,-0.064,1.9,13.26,-0.01,,,
71.15,REGROUND,-12.46,-0.56,-9.58,18.3,-0.01,0,0,,,,-0.389,-0.063,2.6,13.26,-0.01,,,
71.2,REGROUND,-12.46,-0.56,-9.58,18.31,-0.01,0,0,,,,-0.399,-0.064,1.8,13.26,-0.01,,,
71.25,REGROUND,-12.5,-0.56,-9.58,18.33,-0.01,0,0,,,,-0.389,-0.063,2.4,13.26,-0.01,,,
71.3,REGROUND,-12.5,-0.56,-9.58,18.34,-0.01,0,0,,,,-0.399,-0.065,1.7,13.26,-0.01,,,
71.35,REGROUND,-12.54,-0.56,-9.58,18.35,-0.01,0,0,,,,-0.389,-0.063,2.5,13.26,-0.01,,,
71.4,REGROUND,-12.54,-0.56,-9.58,18.36,-0.01,0,0,,,,-0.399,-0.065,1.8,13.26,-0.01,,,
71.45,REGROUND,-12.58,-0.57,-9.58,18.38,-0.01,0,0,,,,-0.39,-0.063,2.7,13.26,-0.01,,,
71.5,REGROUND,-12.58,-0.57,-9.58,18.39,-0.01,0,0,,,,-0.4,-0.065,1.9,13.26,-0.01,,,
71.55,REGROUND,-12.62,-0.57,-9.58,18.4,-0.01,0,0,,,,-0.39,-0.063,2.3,13.26,-0.01,,,
71.6,REGROUND,-12.62,-0.57,-9.58,18.41,-0.01,0,0,,,,-0.4,-0.065,1.8,13.26,-0.01,,,
71.65,REGROUND,-12.66,-0.57,-9.58,18.43,-0.01,0,0,,,,-0.39,-0.064,2.6,13.26,-0.01,,,
71.7,REGROUND,-12.66,-0.57,-9.58,18.44,-0.01,0,0,,,,-0.4,-0.065,2.0,13.26,-0.01,,,
71.75,REGROUND,-12.7,-0.57,-9.58,18.45,-0.01,0,0,,,,-0.391,-0.064,2.5,13.26,-0.01,,,
71.8,REGROUND,-12.7,-0.57,-9.58,18.46,-0.01,0,0,,,,-0.401,-0.065,1.8,13.26,-0.01,,,
71.85,REGROUND,-12.74,-0.57,-9.58,18.48,-0.01,0,0,,,,-0.391,-0.064,2.6,13.26,-0.01,,,
71.9,REGROUND,-12.74,-0.57,-9.58,18.49,-0.01,0,0,,,,-0.401,-0.066,1.8,13.26,-0.01,,,
71.95,REGROUND,-12.78,-0.57,-9.58,18.5,-0.01,0,0,,,,-0.391,-0.064,2.5,13.26,-0.01,,,
72.0,REGROUND,-12.78,-0.57,-9.58,18.51,-0.01,0,0,,,,-0.401,-0.065,1.7,13.26,-0.01,,,
72.05,REGROUND,-12.82,-0.57,-9.58,18.53,-0.01,0,0,,,,-0.391,-0.064,2.4,13.26,-0.01,,,
72.1,REGROUND,-12.82,-0.57,-9.58,18.54,-0.01,0,0,,,,-0.401,-0.066,2.0,13.26,-0.01,,,
72.15,REGROUND,-12.86,-0.57,-9.58,18.55,-0.01,0,0,,,,-0.391,-0.064,2.4,13.26,-0.01,,,
72.2,REGROUND,-12.86,-0.57,-9.58,18.56,-0.01,0,0,,,,-0.401,-0.066,5.3,13.26,-0.01,,,
72.25,REGROUND,-12.9,-0.58,-9.58,18.58,-0.01,0,0,,,,-0.391,-0.064,2.4,13.26,-0.01,,,
72.3,REGROUND,-12.9,-0.58,-9.58,18.59,-0.01,0,0,,,,-0.401,-0.066,1.8,13.26,-0.01,,,
72.35,REGROUND,-12.94,-0.58,-9.58,18.6,-0.01,0,0,,,,-0.392,-0.064,2.3,13.26,-0.01,,,
72.4,REGROUND,-12.94,-0.58,-9.58,18.61,-0.01,0,0,,,,-0.402,-0.066,1.8,13.26,-0.01,,,
72.45,REGROUND,-12.98,-0.58,-9.58,18.63,-0.01,0,0,,,,-0.392,-0.064,2.5,13.26,-0.01,,,
72.5,REGROUND,-12.98,-0.58,-9.58,18.64,-0.01,0,0,,,,-0.402,-0.066,1.8,13.26,-0.01,,,
72.55,REGROUND,-13.02,-0.58,-9.58,18.65,-0.01,0,0,,,,-0.392,-0.064,2.5,13.26,-0.01,,,
72.6,REGROUND,-13.02,-0.58,-9.58,18.66,-0.01,0,0,,,,-0.402,-0.066,1.9,13.26,-0.01,,,
72.65,REGROUND,-13.06,-0.58,-9.58,18.68,-0.01,0,0,,,,-0.392,-0.064,2.6,13.26,-0.01,,,
72.7,REGROUND,-13.06,-0.58,-9.58,18.69,-0.01,0,0,,,,-0.402,-0.066,1.8,13.26,-0.01,,,
72.75,REGROUND,-13.1,-0.58,-9.58,18.7,-0.01,0,0,,,,-0.392,-0.064,2.5,13.26,-0.01,,,
72.8,REGROUND,-13.1,-0.58,-9.58,18.71,-0.01,0,0,,,,-0.402,-0.065,1.7,13.26,-0.01,,,
72.85,REGROUND,-13.14,-0.58,-9.58,18.73,-0.01,0,0,,,,-0.392,-0.064,2.5,13.26,-0.01,,,
72.9,REGROUND,-13.14,-0.58,-9.58,18.74,-0.01,0,0,,,,-0.402,-0.065,1.7,13.26,-0.01,,,
72.95,REGROUND,-13.18,-0.59,-9.58,18.75,-0.01,0,0,,,,-0.393,-0.064,2.5,13.26,-0.01,,,
73.0,REGROUND,-13.18,-0.59,-9.58,18.76,-0.01,0,0,,,,-0.403,-0.065,1.8,13.26,-0.01,,,
73.05,REGROUND,-13.22,-0.59,-9.58,18.78,-0.01,0,0,,,,-0.393,-0.064,2.4,13.26,-0.01,,,
73.1,REGROUND,-13.22,-0.59,-9.58,18.79,-0.01,0,0,,,,-0.403,-0.065,1.8,13.26,-0.01,,,
73.15,REGROUND,-13.26,-0.59,-9.58,18.8,-0.01,0,0,,,,-0.393,-0.064,2.2,13.26,-0.01,,,
73.2,REGROUND,-13.26,-0.59,-9.58,18.81,-0.01,0,0,,,,-0.403,-0.065,1.7,13.26,-0.01,,,
73.25,REGROUND,-13.3,-0.59,-9.58,18.83,-0.01,0,0,,,,-0.393,-0.063,2.5,13.26,-0.01,,,
73.3,REGROUND,-13.3,-0.59,-9.58,18.84,-0.01,0,0,,,,-0.403,-0.065,1.8,13.26,-0.01,,,
73.35,REGROUND,-13.34,-0.59,-9.58,18.85,-0.01,0,0,,,,-0.393,-0.063,2.4,13.26,-0.01,,,
73.4,REGROUND,-13.34,-0.59,-9.58,18.86,-0.01,0,0,,,,-0.403,-0.065,1.8,13.26,-0.01,,,
73.45,REGROUND,-13.38,-0.59,-9.58,18.88,-0.01,0,0,,,,-0.393,-0.063,2.5,13.26,-0.01,,,
73.5,REGROUND,-13.38,-0.59,-9.58,18.89,-0.01,0,0,,,,-0.403,-0.065,1.7,13.26,-0.01,,,
73.55,REGROUND,-13.42,-0.6,-9.58,18.9,-0.01,0,0,,,,-0.394,-0.063,2.4,13.26,-0.01,,,
73.6,REGROUND,-13.42,-0.6,-9.58,18.91,-0.01,0,0,,,,-0.404,-0.064,1.8,13.26,-0.01,,,
73.65,REGROUND,-13.46,-0.6,-9.58,18.93,-0.01,0,0,,,,-0.394,-0.063,2.4,13.26,-0.01,,,
73.7,REGROUND,-13.46,-0.6,-9.58,18.94,-0.01,0,0,,,,-0.404,-0.064,1.8,13.26,-0.01,,,
73.75,REGROUND,-13.5,-0.6,-9.58,18.95,-0.01,0,0,,,,-0.394,-0.063,2.4,13.26,-0.01,,,
73.8,REGROUND,-13.5,-0.6,-9.58,18.96,-0.01,0,0,,,,-0.404,-0.064,1.8,13.26,-0.01,,,
73.85,REGROUND,-13.54,-0.6,-9.58,18.98,-0.01,0,0,,,,-0.394,-0.063,2.3,13.26,-0.01,,,
73.9,REGROUND,-13.54,-0.6,-9.58,18.99,-0.01,0,0,,,,-0.404,-0.064,1.8,13.26,-0.01,,,
73.95,REGROUND,-13.58,-0.6,-9.58,19.0,-0.01,0,0,,,,-0.394,-0.063,2.3,13.26,-0.01,,,
74.0,REGROUND,-13.58,-0.6,-9.58,19.01,-0.01,0,0,,,,-0.404,-0.064,1.8,13.26,-0.01,,,
74.05,REGROUND,-13.62,-0.6,-9.58,19.03,-0.01,0,0,,,,-0.394,-0.063,2.3,13.26,-0.01,,,
74.1,REGROUND,-13.62,-0.6,-9.58,19.04,-0.01,0,0,,,,-0.404,-0.064,1.7,13.26,-0.01,,,
74.15,REGROUND,-13.66,-0.6,-9.58,19.05,-0.01,0,0,,,,-0.394,-0.063,2.3,13.26,-0.01,,,
74.2,REGROUND,-13.66,-0.6,-9.58,19.06,-0.01,0,0,,,,-0.404,-0.064,1.9,13.26,-0.01,,,
74.25,REGROUND,-13.7,-0.61,-9.58,19.08,-0.01,0,0,,,,-0.394,-0.063,2.4,13.26,-0.01,,,
74.3,REGROUND,-13.7,-0.61,-9.58,19.09,-0.01,0,0,,,,-0.404,-0.064,1.8,13.26,-0.01,,,
74.35,REGROUND,-13.74,-0.61,-9.58,19.1,-0.01,0,0,,,,-0.395,-0.063,2.4,13.26,-0.01,,,
74.4,REGROUND,-13.74,-0.61,-9.58,19.11,-0.01,0,0,,,,-0.405,-0.064,1.8,13.26,-0.01,,,
74.45,REGROUND,-13.78,-0.61,-9.58,19.13,-0.01,0,0,,,,-0.395,-0.063,2.5,13.26,-0.01,,,
74.5,REGROUND,-13.78,-0.61,-9.58,19.14,-0.01,0,0,,,,-0.405,-0.065,1.7,13.26,-0.01,,,
74.55,REGROUND,-13.82,-0.61,-9.58,19.15,-0.01,0,0,,,,-0.395,-0.063,6.0,13.26,-0.01,,,
74.6,REGROUND,-13.82,-0.61,-9.58,19.16,-0.01,0,0,,,,-0.405,-0.065,2.1,13.26,-0.01,,,
74.65,REGROUND,-13.86,-0.61,-9.58,19.18,-0.01,0,0,,,,-0.395,-0.063,3.1,13.26,-0.01,,,
74.7,REGROUND,-13.86,-0.61,-9.58,19.19,-0.01,0,0,,,,-0.405,-0.065,1.8,13.26,-0.01,,,
74.75,REGROUND,-13.9,-0.61,-9.58,19.2,-0.01,0,0,,,,-0.396,-0.063,3.0,13.26,-0.01,,,
74.8,REGROUND,-13.9,-0.61,-9.58,19.21,-0.01,0,0,,,,-0.406,-0.065,1.8,13.26,-0.01,,,
74.85,REGROUND,-13.95,-0.61,-9.58,19.23,-0.01,0,0,,,,-0.396,-0.064,2.5,13.26,-0.01,,,
74.9,REGROUND,-13.95,-0.61,-9.58,19.24,-0.01,0,0,,,,-0.406,-0.065,1.8,13.26,-0.01,,,
74.95,REGROUND,-13.99,-0.61,-9.58,19.25,-0.01,0,0,,,,-0.396,-0.064,2.5,13.26,-0.01,,,
75.0,REGROUND,-13.99,-0.61,-9.58,19.26,-0.01,0,0,,,,-0.406,-0.065,1.8,13.26,-0.01,,,
75.05,REGROUND,-14.03,-0.62,-9.58,19.28,-0.01,0,0,,,,-0.396,-0.064,2.4,13.26,-0.01,,,
75.1,REGROUND,-14.03,-0.62,-9.58,19.29,-0.01,0,0,,,,-0.406,-0.065,1.8,13.26,-0.01,,,
75.15,REGROUND,-14.07,-0.62,-9.58,19.3,-0.01,0,0,,,,-0.396,-0.064,2.4,13.26,-0.01,,,
75.2,REGROUND,-14.07,-0.62,-9.58,19.31,-0.01,0,0,,,,-0.406,-0.065,1.8,13.26,-0.01,,,
75.25,REGROUND,-14.11,-0.62,-9.58,19.33,-0.01,0,0,,,,-0.396,-0.064,2.3,13.26,-0.01,,,
75.3,REGROUND,-14.11,-0.62,-9.58,19.34,-0.01,0,0,,,,-0.406,-0.065,1.8,13.26,-0.01,,,
75.35,REGROUND,-14.15,-0.62,-9.58,19.35,-0.01,0,0,,,,-0.396,-0.064,2.5,13.26,-0.01,,,
75.4,REGROUND,-14.15,-0.62,-9.58,19.36,-0.01,0,0,,,,-0.406,-0.065,1.9,13.26,-0.01,,,
75.45,REGROUND,-14.19,-0.62,-9.58,19.38,-0.01,0,0,,,,-0.396,-0.064,2.5,13.26,-0.01,,,
75.5,REGROUND,-14.19,-0.62,-9.58,19.39,-0.01,0,0,,,,-0.406,-0.066,1.8,13.26,-0.01,,,
75.55,REGROUND,-14.23,-0.62,-9.58,19.4,-0.01,0,0,,,,-0.396,-0.064,2.5,13.26,-0.01,,,
75.6,REGROUND,-14.23,-0.62,-9.58,19.41,-0.01,0,0,,,,-0.406,-0.066,1.7,13.26,-0.01,,,
75.65,REGROUND,-14.27,-0.62,-9.58,19.43,-0.01,0,0,,,,-0.396,-0.064,2.4,13.26,-0.01,,,
75.7,REGROUND,-14.27,-0.62,-9.58,19.44,-0.01,0,0,,,,-0.406,-0.066,1.7,13.26,-0.01,,,
75.75,REGROUND,-14.31,-0.62,-9.58,19.45,-0.01,0,0,,,,-0.396,-0.064,2.5,13.26,-0.01,,,
75.8,REGROUND,-14.31,-0.62,-9.58,19.47,-0.01,0,0,,,,-0.406,-0.066,1.8,13.26,-0.01,,,
75.85,REGROUND,-14.35,-0.63,-9.58,19.48,-0.01,0,0,,,,-0.396,-0.064,2.3,13.26,-0.01,,,
75.9,REGROUND,-14.35,-0.63,-9.58,19.49,-0.01,0,0,,,,-0.406,-0.066,1.8,13.26,-0.01,,,
75.95,REGROUND,-14.39,-0.63,-9.58,19.5,-0.01,0,0,,,,-0.396,-0.064,2.2,13.26,-0.01,,,
76.0,REGROUND,-14.39,-0.63,-9.58,19.52,-0.01,0,0,,,,-0.406,-0.066,2.0,13.26,-0.01,,,
76.05,REGROUND,-14.43,-0.63,-9.58,19.53,-0.01,0,0,,,,-0.396,-0.064,2.5,13.26,-0.01,,,
76.1,REGROUND,-14.43,-0.63,-9.58,19.54,-0.01,0,0,,,,-0.406,-0.065,1.7,13.26,-0.01,,,
76.15,REGROUND,-14.47,-0.63,-9.58,19.55,-0.01,0,0,,,,-0.396,-0.064,2.6,13.26,-0.01,,,
76.2,REGROUND,-14.47,-0.63,-9.58,19.57,-0.01,0,0,,,,-0.406,-0.065,1.8,13.26,-0.01,,,
76.25,REGROUND,-14.51,-0.63,-9.58,19.58,-0.01,0,0,,,,-0.396,-0.064,2.6,13.26,-0.01,,,
76.3,REGROUND,-14.51,-0.63,-9.58,19.59,-0.01,0,0,,,,-0.406,-0.065,1.8,13.26,-0.01,,,
76.35,REGROUND,-14.55,-0.63,-9.58,19.6,-0.01,0,0,,,,-0.396,-0.063,2.5,13.26,-0.01,,,
76.4,REGROUND,-14.55,-0.63,-9.58,19.62,-0.01,0,0,,,,-0.406,-0.065,1.7,13.26,-0.01,,,
76.45,REGROUND,-14.59,-0.64,-9.58,19.63,-0.01,0,0,,,,-0.396,-0.063,2.4,13.26,-0.01,,,
76.5,REGROUND,-14.59,-0.64,-9.58,19.64,-0.01,0,0,,,,-0.406,-0.065,1.7,13.26,-0.01,,,
76.55,REGROUND,-14.63,-0.64,-9.58,19.65,-0.01,0,0,,,,-0.396,-0.063,2.5,13.26,-0.01,,,
76.6,REGROUND,-14.63,-0.64,-9.58,19.67,-0.01,0,0,,,,-0.406,-0.065,2.0,13.26,-0.01,,,
76.65,REGROUND,-14.67,-0.64,-9.58,19.68,-0.01,0,0,,,,-0.395,-0.063,2.3,13.26,-0.01,,,
76.7,REGROUND,-14.67,-0.64,-9.58,19.69,-0.01,0,0,,,,-0.405,-0.065,1.8,13.26,-0.01,,,
76.75,REGROUND,-14.72,-0.64,-9.58,19.7,-0.01,0,0,,,,-0.395,-0.063,2.3,13.26,-0.01,,,
76.8,REGROUND,-14.72,-0.64,-9.58,19.72,-0.01,0,0,,,,-0.405,-0.064,1.8,13.26,-0.01,,,
76.85,REGROUND,-14.76,-0.64,-9.58,19.73,-0.01,0,0,,,,-0.395,-0.063,5.8,13.26,-0.01,,,
76.9,REGROUND,-14.76,-0.64,-9.58,19.74,-0.01,0,0,,,,-0.405,-0.064,1.8,13.26,-0.01,,,
76.95,REGROUND,-14.8,-0.64,-9.58,19.75,-0.01,0,0,,,,-0.395,-0.063,2.7,13.26,-0.01,,,
77.01,REGROUND,-14.8,-0.64,-9.58,19.77,-0.01,0,0,,,,-0.405,-0.064,1.8,13.26,-0.01,,,
77.06,REGROUND,-14.84,-0.64,-9.58,19.78,-0.01,0,0,,,,-0.395,-0.063,2.5,13.26,-0.01,,,
77.11,REGROUND,-14.84,-0.64,-9.58,19.79,-0.01,0,0,,,,-0.405,-0.064,1.9,13.26,-0.01,,,
77.16,REGROUND,-14.88,-0.65,-9.58,19.8,-0.01,0,0,,,,-0.395,-0.063,2.4,13.26,-0.01,,,
77.21,REGROUND,-14.88,-0.65,-9.58,19.82,-0.01,0,0,,,,-0.405,-0.064,1.8,13.26,-0.01,,,
77.26,REGROUND,-14.92,-0.65,-9.58,19.83,-0.01,0,0,,,,-0.395,-0.063,2.4,13.26,-0.01,,,
77.31,REGROUND,-14.92,-0.65,-9.58,19.84,-0.01,0,0,,,,-0.405,-0.065,2.0,13.26,-0.01,,,
77.36,REGROUND,-14.96,-0.65,-9.58,19.85,-0.01,0,0,,,,-0.394,-0.063,2.5,13.26,-0.01,,,
77.41,REGROUND,-14.96,-0.65,-9.58,19.87,-0.01,0,0,,,,-0.404,-0.065,1.7,13.26,-0.01,,,
77.46,REGROUND,-15.0,-0.65,-9.58,19.88,-0.01,0,0,,,,-0.394,-0.063,2.4,13.26,-0.01,,,
77.51,REGROUND,-15.0,-0.65,-9.58,19.89,-0.01,0,0,,,,-0.404,-0.065,1.8,13.26,-0.01,,,
77.56,REGROUND,-15.04,-0.65,-9.58,19.9,-0.01,0,0,,,,-0.394,-0.064,2.4,13.26,-0.01,,,
77.61,REGROUND,-15.04,-0.65,-9.58,19.92,-0.01,0,0,,,,-0.404,-0.065,1.9,13.26,-0.01,,,
77.66,REGROUND,-15.08,-0.65,-9.58,19.93,-0.01,0,0,,,,-0.394,-0.064,2.4,13.26,-0.01,,,
77.71,REGROUND,-15.08,-0.65,-9.58,19.94,-0.01,0,0,,,,-0.404,-0.065,1.9,13.26,-0.01,,,
77.76,REGROUND,-15.12,-0.65,-9.58,19.95,-0.01,0,0,,,,-0.394,-0.064,2.5,13.26,-0.01,,,
77.81,REGROUND,-15.12,-0.65,-9.58,19.97,-0.01,0,0,,,,-0.404,-0.066,1.8,13.26,-0.01,,,
77.86,REGROUND,-15.16,-0.65,-9.58,19.98,-0.01,0,0,,,,-0.394,-0.064,2.5,13.26,-0.01,,,
77.91,REGROUND,-15.16,-0.65,-9.58,19.99,-0.01,0,0,,,,-0.404,-0.066,1.6,13.26,-0.01,,,
77.96,REGROUND,-15.2,-0.65,-9.58,20.0,-0.01,0,0,,,,-0.394,-0.065,2.5,13.26,-0.01,,,
78.01,REGROUND,-15.2,-0.65,-9.58,20.02,-0.01,0,0,,,,-0.404,-0.066,1.8,13.26,-0.01,,,
78.06,REGROUND,-15.24,-0.65,-9.58,20.03,-0.01,0,0,,,,-0.394,-0.065,2.5,13.26,-0.01,,,
78.11,REGROUND,-15.24,-0.65,-9.58,20.04,-0.01,0,0,,,,-0.404,-0.066,1.9,13.26,-0.01,,,
78.16,REGROUND,-15.29,-0.66,-9.58,20.05,-0.01,0,0,,,,-0.393,-0.065,2.3,13.26,-0.01,,,
78.21,REGROUND,-15.29,-0.66,-9.58,20.07,-0.01,0,0,,,,-0.403,-0.066,1.6,13.26,-0.01,,,
78.26,REGROUND,-15.33,-0.66,-9.58,20.08,-0.01,0,0,,,,-0.393,-0.065,2.2,13.26,-0.01,,,
78.31,REGROUND,-15.33,-0.66,-9.58,20.09,-0.01,0,0,,,,-0.403,-0.066,1.6,13.26,-0.01,,,
78.36,REGROUND,-15.37,-0.66,-9.58,20.1,-0.01,0,0,,,,-0.393,-0.065,2.5,13.26,-0.01,,,
78.41,REGROUND,-15.37,-0.66,-9.58,20.12,-0.01,0,0,,,,-0.403,-0.066,1.8,13.26,-0.01,,,
78.46,REGROUND,-15.41,-0.66,-9.58,20.13,-0.01,0,0,,,,-0.394,-0.065,2.5,13.26,-0.01,,,
78.51,REGROUND,-15.41,-0.66,-9.58,20.14,-0.01,0,0,,,,-0.404,-0.067,1.7,13.26,-0.01,,,
78.56,REGROUND,-15.45,-0.66,-9.58,20.15,-0.01,0,0,,,,-0.394,-0.065,2.6,13.26,-0.01,,,
78.61,REGROUND,-15.45,-0.66,-9.58,20.17,-0.01,0,0,,,,-0.404,-0.066,1.8,13.26,-0.01,,,
78.66,REGROUND,-15.49,-0.66,-9.58,20.18,-0.01,0,0,,,,-0.394,-0.065,2.6,13.26,-0.01,,,
78.71,REGROUND,-15.49,-0.66,-9.58,20.19,-0.01,0,0,,,,-0.404,-0.066,1.8,13.26,-0.01,,,
78.76,REGROUND,-15.53,-0.66,-9.58,20.2,-0.01,0,0,,,,-0.394,-0.065,2.4,13.26,-0.01,,,
78.81,REGROUND,-15.53,-0.66,-9.58,20.22,-0.01,0,0,,,,-0.404,-0.066,1.8,13.26,-0.01,,,
78.86,REGROUND,-15.57,-0.67,-9.58,20.23,-0.01,0,0,,,,-0.394,-0.065,2.2,13.26,-0.01,,,
78.91,REGROUND,-15.57,-0.67,-9.58,20.24,-0.01,0,0,,,,-0.404,-0.066,1.8,13.26,-0.01,,,
78.96,REGROUND,-15.61,-0.67,-9.58,20.25,-0.01,0,0,,,,-0.394,-0.064,2.3,13.26,-0.01,,,
79.01,REGROUND,-15.61,-0.67,-9.58,20.27,-0.01,0,0,,,,-0.404,-0.066,1.9,13.26,-0.01,,,
79.06,REGROUND,-15.65,-0.67,-9.58,20.28,-0.01,0,0,,,,-0.394,-0.064,2.5,13.26,-0.01,,,
79.11,REGROUND,-15.65,-0.67,-9.58,20.29,-0.01,0,0,,,,-0.404,-0.066,1.9,13.26,-0.01,,,
79.16,REGROUND,-15.69,-0.67,-9.58,20.3,-0.01,0,0,,,,-0.394,-0.064,2.4,13.26,-0.01,,,
79.21,REGROUND,-15.69,-0.67,-9.58,20.32,-0.01,0,0,,,,-0.404,-0.066,5.3,13.26,-0.01,,,
79.26,REGROUND,-15.73,-0.67,-9.58,20.33,-0.01,0,0,,,,-0.394,-0.064,2.4,13.26,-0.01,,,
79.31,REGROUND,-15.73,-0.67,-9.58,20.34,-0.01,0,0,,,,-0.404,-0.066,1.8,13.26,-0.01,,,
79.36,REGROUND,-15.77,-0.67,-9.58,20.35,-0.01,0,0,,,,-0.395,-0.064,2.2,13.26,-0.01,,,
79.41,REGROUND,-15.77,-0.67,-9.58,20.37,-0.01,0,0,,,,-0.405,-0.065,1.8,13.26,-0.01,,,
79.46,REGROUND,-15.81,-0.68,-9.58,20.38,-0.01,0,0,,,,-0.395,-0.064,2.4,13.26,-0.01,,,
79.51,REGROUND,-15.81,-0.68,-9.58,20.39,-0.01,0,0,,,,-0.405,-0.065,1.8,13.26,-0.01,,,
79.56,REGROUND,-15.85,-0.68,-9.58,20.4,-0.01,0,0,,,,-0.395,-0.063,2.5,13.26,-0.01,,,
79.61,REGROUND,-15.85,-0.68,-9.58,20.42,-0.01,0,0,,,,-0.405,-0.065,1.8,13.26,-0.01,,,
79.66,REGROUND,-15.89,-0.68,-9.58,20.43,-0.01,0,0,,,,-0.395,-0.063,2.4,13.26,-0.01,,,
79.71,REGROUND,-15.89,-0.68,-9.58,20.44,-0.01,0,0,,,,-0.405,-0.065,1.8,13.26,-0.01,,,
79.76,REGROUND,-15.93,-0.68,-9.58,20.45,-0.01,0,0,,,,-0.395,-0.063,2.5,13.26,-0.01,,,
79.81,REGROUND,-15.93,-0.68,-9.58,20.47,-0.01,0,0,,,,-0.405,-0.065,1.8,13.26,-0.01,,,
79.86,REGROUND,-15.97,-0.68,-9.58,20.48,-0.01,0,0,,,,-0.395,-0.063,2.7,13.26,-0.01,,,
79.91,REGROUND,-15.97,-0.68,-9.58,20.49,-0.01,0,0,,,,-0.405,-0.065,1.9,13.26,-0.01,,,
79.96,REGROUND,-16.01,-0.68,-9.58,20.5,-0.01,0,0,,,,-0.396,-0.063,2.4,13.26,-0.01,,,
80.01,REGROUND,-16.01,-0.68,-9.58,20.52,-0.01,0,0,,,,-0.406,-0.064,1.9,13.26,-0.01,,,
80.06,REGROUND,-16.05,-0.69,-9.58,20.53,-0.01,0,0,,,,-0.396,-0.063,4.2,13.26,-0.01,,,
80.11,REGROUND,-16.05,-0.69,-9.58,20.54,-0.01,0,0,,,,-0.406,-0.064,2.0,13.26,-0.01,,,
80.16,REGROUND,-16.09,-0.69,-9.58,20.55,-0.01,0,0,,,,-0.396,-0.063,2.5,13.26,-0.01,,,
80.21,REGROUND,-16.09,-0.69,-9.58,20.57,-0.01,0,0,,,,-0.406,-0.064,1.8,13.26,-0.01,,,
80.26,REGROUND,-16.13,-0.69,-9.58,20.58,-0.01,0,0,,,,-0.396,-0.063,2.6,13.26,-0.01,,,
80.31,REGROUND,-16.13,-0.69,-9.58,20.59,-0.01,0,0,,,,-0.406,-0.064,1.7,13.26,-0.01,,,
80.36,REGROUND,-16.17,-0.69,-9.58,20.6,-0.01,0,0,,,,-0.396,-0.063,2.4,13.26,-0.01,,,
80.41,REGROUND,-16.17,-0.69,-9.58,20.62,-0.01,0,0,,,,-0.406,-0.064,1.8,13.26,-0.01,,,
80.46,REGROUND,-16.21,-0.69,-9.58,20.63,-0.01,0,0,,,,-0.396,-0.063,2.5,13.26,-0.01,,,
80.51,REGROUND,-16.21,-0.69,-9.58,20.64,-0.01,0,0,,,,-0.406,-0.064,1.8,13.26,-0.01,,,
80.56,REGROUND,-16.25,-0.69,-9.58,20.65,-0.01,0,0,,,,-0.396,-0.063,2.3,13.26,-0.01,,,
80.61,REGROUND,-16.25,-0.69,-9.58,20.67,-0.01,0,0,,,,-0.406,-0.064,2.0,13.26,-0.01,,,
80.66,REGROUND,-16.29,-0.69,-9.58,20.68,-0.01,0,0,,,,-0.396,-0.063,2.5,13.26,-0.01,,,
80.71,REGROUND,-16.29,-0.69,-9.58,20.69,-0.01,0,0,,,,-0.406,-0.065,2.0,13.26,-0.01,,,
80.76,REGROUND,-16.33,-0.69,-9.58,20.7,-0.01,0,0,,,,-0.396,-0.063,2.5,13.26,-0.01,,,
80.81,REGROUND,-16.33,-0.69,-9.58,20.72,-0.01,0,0,,,,-0.406,-0.065,1.8,13.26,-0.01,,,
80.86,REGROUND,-16.37,-0.7,-9.58,20.73,-0.01,0,0,,,,-0.396,-0.064,2.6,13.26,-0.01,,,
80.91,REGROUND,-16.37,-0.7,-9.58,20.74,-0.01,0,0,,,,-0.406,-0.065,1.8,13.26,-0.01,,,
80.96,REGROUND,-16.41,-0.7,-9.58,20.75,-0.01,0,0,,,,-0.396,-0.064,2.5,13.26,-0.01,,,
81.01,REGROUND,-16.41,-0.7,-9.58,20.77,-0.01,0,0,,,,-0.406,-0.065,1.8,13.26,-0.01,,,
81.06,REGROUND,-16.46,-0.7,-9.58,20.78,-0.01,0,0,,,,-0.396,-0.064,2.4,13.26,-0.01,,,
81.11,REGROUND,-16.46,-0.7,-9.58,20.79,-0.01,0,0,,,,-0.406,-0.066,1.9,13.26,-0.01,,,
81.16,REGROUND,-16.5,-0.7,-9.58,20.8,-0.01,0,0,,,,-0.396,-0.064,2.3,13.26,-0.01,,,
81.21,REGROUND,-16.5,-0.7,-9.58,20.82,-0.01,0,0,,,,-0.406,-0.066,1.9,13.26,-0.01,,,
81.26,REGROUND,-16.54,-0.7,-9.58,20.83,-0.01,0,0,,,,-0.396,-0.064,2.4,13.26,-0.01,,,
81.31,REGROUND,-16.54,-0.7,-9.58,20.84,-0.01,0,0,,,,-0.406,-0.066,1.8,13.26,-0.01,,,
81.36,REGROUND,-16.58,-0.7,-9.58,20.85,-0.01,0,0,,,,-0.396,-0.065,2.5,13.26,-0.01,,,
81.41,REGROUND,-16.58,-0.7,-9.58,20.87,-0.01,0,0,,,,-0.406,-0.066,1.9,13.26,-0.01,,,
81.46,REGROUND,-16.62,-0.7,-9.58,20.88,-0.01,0,0,,,,-0.396,-0.065,5.8,13.26,-0.01,,,
81.51,REGROUND,-16.62,-0.7,-9.58,20.89,-0.01,0,0,,,,-0.406,-0.066,1.8,13.26,-0.01,,,
81.56,REGROUND,-16.66,-0.7,-9.58,20.9,-0.01,0,0,,,,-0.396,-0.065,2.6,13.26,-0.01,,,
81.61,REGROUND,-16.66,-0.7,-9.58,20.92,-0.01,0,0,,,,-0.406,-0.066,1.8,13.26,-0.01,,,
81.66,REGROUND,-16.7,-0.7,-9.58,20.93,-0.01,0,0,,,,-0.396,-0.065,2.4,13.26,-0.01,,,
81.71,REGROUND,-16.7,-0.7,-9.58,20.94,-0.01,0,0,,,,-0.406,-0.066,1.8,13.26,-0.01,,,
81.76,REGROUND,-16.74,-0.71,-9.58,20.95,-0.01,0,0,,,,-0.396,-0.065,2.4,13.26,-0.01,,,
81.81,REGROUND,-16.74,-0.71,-9.58,20.97,-0.01,0,0,,,,-0.406,-0.066,1.8,13.26,-0.01,,,
81.86,REGROUND,-16.78,-0.71,-9.58,20.98,-0.01,0,0,,,,-0.396,-0.065,2.5,13.26,-0.01,,,
81.91,REGROUND,-16.78,-0.71,-9.58,20.99,-0.01,0,0,,,,-0.406,-0.066,1.8,13.26,-0.01,,,
81.96,REGROUND,-16.82,-0.71,-9.58,21.0,-0.01,0,0,,,,-0.396,-0.065,2.4,13.26,-0.01,,,
82.01,REGROUND,-16.82,-0.71,-9.58,21.02,-0.01,0,0,,,,-0.406,-0.066,1.8,13.26,-0.01,,,
82.06,REGROUND,-16.86,-0.71,-9.58,21.03,-0.01,0,0,,,,-0.395,-0.065,2.5,13.26,-0.01,,,
82.11,REGROUND,-16.86,-0.71,-9.58,21.04,-0.01,0,0,,,,-0.405,-0.066,2.0,13.26,-0.01,,,
82.16,REGROUND,-16.9,-0.71,-9.58,21.05,-0.01,0,0,,,,-0.395,-0.064,2.7,13.26,-0.01,,,
82.21,REGROUND,-16.9,-0.71,-9.58,21.07,-0.01,0,0,,,,-0.405,-0.066,1.9,13.26,-0.01,,,
82.26,REGROUND,-16.94,-0.71,-9.58,21.08,-0.01,0,0,,,,-0.395,-0.064,2.4,13.26,-0.01,,,
82.31,REGROUND,-16.94,-0.71,-9.58,21.09,-0.01,0,0,,,,-0.405,-0.066,1.9,13.26,-0.01,,,
82.36,REGROUND,-16.98,-0.72,-9.58,21.1,-0.01,0,0,,,,-0.395,-0.064,2.5,13.26,-0.01,,,
82.41,REGROUND,-16.98,-0.72,-9.58,21.12,-0.01,0,0,,,,-0.405,-0.066,1.9,13.26,-0.01,,,
82.46,REGROUND,-17.02,-0.72,-9.58,21.13,-0.01,0,0,,,,-0.395,-0.064,2.5,13.26,-0.01,,,
82.51,REGROUND,-17.02,-0.72,-9.58,21.14,-0.01,0,0,,,,-0.405,-0.066,1.8,13.26,-0.01,,,
82.56,REGROUND,-17.06,-0.72,-9.58,21.15,-0.01,0,0,,,,-0.395,-0.064,2.5,13.26,-0.01,,,
82.61,REGROUND,-17.06,-0.72,-9.58,21.17,-0.01,0,0,,,,-0.405,-0.065,1.8,13.26,-0.01,,,
82.66,REGROUND,-17.11,-0.72,-9.58,21.18,-0.01,0,0,,,,-0.395,-0.063,2.5,13.26,-0.01,,,
82.71,REGROUND,-17.11,-0.72,-9.58,21.19,-0.01,0,0,,,,-0.405,-0.065,1.9,13.26,-0.01,,,
82.76,REGROUND,-17.15,-0.72,-9.58,21.2,-0.01,0,0,,,,-0.395,-0.063,2.4,13.26,-0.01,,,
82.81,REGROUND,-17.15,-0.72,-9.58,21.22,-0.01,0,0,,,,-0.405,-0.065,1.8,13.26,-0.01,,,
82.86,REGROUND,-17.19,-0.72,-9.58,21.23,-0.01,0,0,,,,-0.394,-0.063,2.4,13.26,-0.01,,,
82.91,REGROUND,-17.19,-0.72,-9.58,21.24,-0.01,0,0,,,,-0.404,-0.064,1.9,13.26,-0.01,,,
82.96,REGROUND,-17.23,-0.73,-9.58,21.25,-0.01,0,0,,,,-0.394,-0.063,2.5,13.26,-0.01,,,
83.01,REGROUND,-17.23,-0.73,-9.58,21.27,-0.01,0,0,,,,-0.404,-0.064,2.0,13.26,-0.01,,,
83.06,REGROUND,-17.27,-0.73,-9.58,21.28,-0.01,0,0,,,,-0.394,-0.063,2.6,13.26,-0.01,,,
83.11,REGROUND,-17.27,-0.73,-9.58,21.29,-0.01,0,0,,,,-0.404,-0.064,1.9,13.26,-0.01,,,
83.16,REGROUND,-17.31,-0.73,-9.58,21.31,-0.01,0,0,,,,-0.394,-0.063,2.7,13.26,-0.01,,,
83.21,REGROUND,-17.31,-0.73,-9.58,21.32,-0.01,0,0,,,,-0.404,-0.064,1.7,13.26,-0.01,,,
83.26,REGROUND,-17.35,-0.73,-9.58,21.33,-0.01,0,0,,,,-0.394,-0.063,2.5,13.26,-0.01,,,
83.31,REGROUND,-17.35,-0.73,-9.58,21.34,-0.01,0,0,,,,-0.404,-0.064,1.8,13.26,-0.01,,,
83.36,REGROUND,-17.39,-0.73,-9.58,21.36,-0.01,0,0,,,,-0.394,-0.063,2.5,13.26,-0.01,,,
83.41,REGROUND,-17.39,-0.73,-9.58,21.37,-0.01,0,0,,,,-0.404,-0.064,1.8,13.26,-0.01,,,
83.46,REGROUND,-17.43,-0.73,-9.58,21.38,-0.01,0,0,,,,-0.394,-0.063,2.3,13.26,-0.01,,,
83.51,REGROUND,-17.43,-0.73,-9.58,21.39,-0.01,0,0,,,,-0.404,-0.064,1.8,13.26,-0.01,,,
83.56,REGROUND,-17.47,-0.73,-9.58,21.41,-0.01,0,0,,,,-0.394,-0.063,2.2,13.26,-0.01,,,
83.61,REGROUND,-17.47,-0.73,-9.58,21.42,-0.01,0,0,,,,-0.404,-0.065,1.8,13.26,-0.01,,,
83.66,REGROUND,-17.51,-0.73,-9.58,21.43,-0.01,0,0,,,,-0.394,-0.063,2.3,13.26,-0.01,,,
83.71,REGROUND,-17.51,-0.73,-9.58,21.44,-0.01,0,0,,,,-0.404,-0.065,1.8,13.26,-0.01,,,
83.76,REGROUND,-17.55,-0.74,-9.58,21.46,-0.01,0,0,,,,-0.394,-0.063,2.6,13.26,-0.01,,,
83.81,REGROUND,-17.55,-0.74,-9.58,21.47,-0.01,0,0,,,,-0.404,-0.065,5.2,13.26,-0.01,,,
83.86,REGROUND,-17.59,-0.74,-9.58,21.48,-0.01,0,0,,,,-0.394,-0.063,2.6,13.26,-0.01,,,
83.91,REGROUND,-17.59,-0.74,-9.58,21.49,-0.01,0,0,,,,-0.404,-0.065,1.8,13.26,-0.01,,,
83.96,REGROUND,-17.63,-0.74,-9.58,21.51,-0.01,0,0,,,,-0.394,-0.063,2.5,13.26,-0.01,,,
84.01,REGROUND,-17.63,-0.74,-9.58,21.52,-0.01,0,0,,,,-0.404,-0.065,1.8,13.26,-0.01,,,
84.06,REGROUND,-17.67,-0.74,-9.58,21.53,-0.01,0,0,,,,-0.394,-0.064,2.3,13.26,-0.01,,,
84.11,REGROUND,-17.67,-0.74,-9.58,21.54,-0.01,0,0,,,,-0.404,-0.065,1.8,13.26,-0.01,,,
84.16,REGROUND,-17.71,-0.74,-9.58,21.56,-0.01,0,0,,,,-0.394,-0.064,2.4,13.26,-0.01,,,
84.21,REGROUND,-17.71,-0.74,-9.58,21.57,-0.01,0,0,,,,-0.404,-0.065,1.9,13.26,-0.01,,,
84.26,REGROUND,-17.75,-0.74,-9.58,21.58,-0.01,0,0,,,,-0.394,-0.064,2.3,13.26,-0.01,,,
84.31,REGROUND,-17.75,-0.74,-9.58,21.59,-0.01,0,0,,,,-0.404,-0.065,1.5,13.26,-0.01,,,
84.36,REGROUND,-17.79,-0.74,-9.58,21.61,-0.01,0,0,,,,-0.394,-0.064,2.4,13.26,-0.01,,,
84.41,REGROUND,-17.79,-0.74,-9.58,21.62,-0.01,0,0,,,,-0.404,-0.065,1.7,13.26,-0.01,,,
84.46,REGROUND,-17.84,-0.74,-9.58,21.63,-0.01,0,0,,,,-0.394,-0.064,2.6,13.26,-0.01,,,
84.52,REGROUND,-17.84,-0.74,-9.58,21.64,-0.01,0,0,,,,-0.404,-0.066,1.9,13.26,-0.01,,,
84.57,REGROUND,-17.88,-0.75,-9.58,21.66,-0.01,0,0,,,,-0.394,-0.064,2.7,13.26,-0.01,,,
84.62,REGROUND,-17.88,-0.75,-9.58,21.67,-0.01,0,0,,,,-0.404,-0.066,1.9,13.26,-0.01,,,
84.67,REGROUND,-17.92,-0.75,-9.58,21.68,-0.01,0,0,,,,-0.394,-0.064,2.4,13.26,-0.01,,,
84.72,REGROUND,-17.92,-0.75,-9.58,21.69,-0.01,0,0,,,,-0.404,-0.066,1.9,13.26,-0.01,,,
84.77,REGROUND,-17.96,-0.75,-9.58,21.71,-0.01,0,0,,,,-0.395,-0.064,2.5,13.26,-0.01,,,
84.82,REGROUND,-17.96,-0.75,-9.58,21.72,-0.01,0,0,,,,-0.405,-0.066,1.9,13.26,-0.01,,,
84.87,REGROUND,-18.0,-0.75,-9.58,21.73,-0.01,0,0,,,,-0.394,-0.064,2.4,13.26,-0.01,,,
84.92,REGROUND,-18.0,-0.75,-9.58,21.74,-0.01,0,0,,,,-0.404,-0.066,1.6,13.26,-0.01,,,
84.97,REGROUND,-18.04,-0.75,-9.58,21.76,-0.01,0,0,,,,-0.395,-0.064,2.5,13.26,-0.01,,,
85.02,REGROUND,-18.04,-0.75,-9.58,21.77,-0.01,0,0,,,,-0.405,-0.066,1.8,13.26,-0.01,,,
85.07,REGROUND,-18.08,-0.75,-9.58,21.78,-0.01,0,0,,,,-0.395,-0.064,2.4,13.26,-0.01,,,
85.12,REGROUND,-18.08,-0.75,-9.58,21.79,-0.01,0,0,,,,-0.405,-0.066,1.8,13.26,-0.01,,,
85.17,REGROUND,-18.12,-0.75,-9.58,21.81,-0.01,0,0,,,,-0.395,-0.064,2.4,13.26,-0.01,,,
85.22,REGROUND,-18.12,-0.75,-9.58,21.82,-0.01,0,0,,,,-0.405,-0.066,1.9,13.26,-0.01,,,
85.27,REGROUND,-18.16,-0.75,-9.58,21.83,-0.01,0,0,,,,-0.395,-0.064,2.5,13.26,-0.01,,,
85.32,REGROUND,-18.16,-0.75,-9.58,21.84,-0.01,0,0,,,,-0.405,-0.066,1.9,13.26,-0.01,,,
85.37,REGROUND,-18.2,-0.76,-9.58,21.86,-0.01,0,0,,,,-0.395,-0.064,2.5,13.26,-0.01,,,
85.42,REGROUND,-18.2,-0.76,-9.58,21.87,-0.01,0,0,,,,-0.405,-0.066,1.9,13.26,-0.01,,,
85.47,REGROUND,-18.24,-0.76,-9.58,21.88,-0.01,0,0,,,,-0.395,-0.064,2.5,13.26,-0.01,,,
85.52,REGROUND,-18.24,-0.76,-9.58,21.89,-0.01,0,0,,,,-0.405,-0.066,1.7,13.26,-0.01,,,
85.57,REGROUND,-18.28,-0.76,-9.58,21.91,-0.01,0,0,,,,-0.395,-0.064,2.4,13.26,-0.01,,,
85.62,REGROUND,-18.28,-0.76,-9.58,21.92,-0.01,0,0,,,,-0.405,-0.066,1.8,13.26,-0.01,,,
85.67,REGROUND,-18.32,-0.76,-9.58,21.93,-0.01,0,0,,,,-0.396,-0.064,2.6,13.26,-0.01,,,
85.72,REGROUND,-18.32,-0.76,-9.58,21.94,-0.01,0,0,,,,-0.406,-0.066,1.8,13.26,-0.01,,,
85.77,REGROUND,-18.36,-0.76,-9.58,21.96,-0.01,0,0,,,,-0.396,-0.064,2.4,13.26,-0.01,,,
85.82,REGROUND,-18.36,-0.76,-9.58,21.97,-0.01,0,0,,,,-0.406,-0.066,1.8,13.26,-0.01,,,
85.87,REGROUND,-18.4,-0.76,-9.58,21.98,-0.01,0,0,,,,-0.396,-0.064,2.2,13.26,-0.01,,,
85.92,REGROUND,-18.4,-0.76,-9.58,21.99,-0.01,0,0,,,,-0.406,-0.066,1.8,13.26,-0.01,,,
85.97,REGROUND,-18.44,-0.76,-9.58,22.01,-0.01,0,0,,,,-0.396,-0.064,2.3,13.26,-0.01,,,
86.02,REGROUND,-18.44,-0.76,-9.58,22.02,-0.01,0,0,,,,-0.406,-0.066,1.9,13.26,-0.01,,,
86.07,REGROUND,-18.48,-0.77,-9.58,22.03,-0.01,0,0,,,,-0.396,-0.064,2.6,13.26,-0.01,,,
86.12,REGROUND,-18.48,-0.77,-9.58,22.04,-0.01,0,0,,,,-0.406,-0.066,5.1,13.26,-0.01,,,
86.17,REGROUND,-18.52,-0.77,-9.58,22.06,-0.01,0,0,,,,-0.396,-0.064,2.6,13.26,-0.01,,,
86.22,REGROUND,-18.52,-0.77,-9.58,22.07,-0.01,0,0,,,,-0.406,-0.065,1.8,13.26,-0.01,,,
86.27,REGROUND,-18.56,-0.77,-9.58,22.08,-0.01,0,0,,,,-0.396,-0.064,2.6,13.26,-0.01,,,
86.32,REGROUND,-18.56,-0.77,-9.58,22.09,-0.01,0,0,,,,-0.406,-0.065,1.8,13.26,-0.01,,,
86.37,REGROUND,-18.6,-0.77,-9.58,22.11,-0.01,0,0,,,,-0.396,-0.063,2.3,13.26,-0.01,,,
86.42,REGROUND,-18.6,-0.77,-9.58,22.12,-0.01,0,0,,,,-0.406,-0.065,1.8,13.26,-0.01,,,
86.47,REGROUND,-18.64,-0.77,-9.58,22.13,-0.01,0,0,,,,-0.396,-0.063,2.4,13.26,-0.01,,,
86.52,REGROUND,-18.64,-0.77,-9.58,22.14,-0.01,0,0,,,,-0.406,-0.065,1.9,13.26,-0.01,,,
86.57,REGROUND,-18.68,-0.77,-9.58,22.16,-0.01,0,0,,,,-0.396,-0.063,2.4,13.26,-0.01,,,
86.62,REGROUND,-18.68,-0.77,-9.58,22.17,-0.01,0,0,,,,-0.406,-0.065,1.8,13.26,-0.01,,,
86.67,REGROUND,-18.72,-0.78,-9.58,22.18,-0.01,0,0,,,,-0.396,-0.063,2.5,13.26,-0.01,,,
86.72,REGROUND,-18.72,-0.78,-9.58,22.19,-0.01,0,0,,,,-0.406,-0.065,1.7,13.26,-0.01,,,
86.77,REGROUND,-18.76,-0.78,-9.58,22.21,-0.01,0,0,,,,-0.396,-0.063,2.4,13.26,-0.01,,,
86.82,REGROUND,-18.76,-0.78,-9.58,22.22,-0.01,0,0,,,,-0.406,-0.065,1.8,13.26,-0.01,,,
86.87,REGROUND,-18.8,-0.78,-9.58,22.23,-0.01,0,0,,,,-0.396,-0.063,2.5,13.26,-0.01,,,
86.92,REGROUND,-18.8,-0.78,-9.58,22.24,-0.01,0,0,,,,-0.406,-0.065,1.8,13.26,-0.01,,,
86.97,REGROUND,-18.84,-0.78,-9.58,22.26,-0.01,0,0,,,,-0.396,-0.063,2.9,13.26,-0.01,,,
87.02,REGROUND,-18.84,-0.78,-9.58,22.27,-0.01,0,0,,,,-0.406,-0.065,1.8,13.26,-0.01,,,
87.07,REGROUND,-18.89,-0.78,-9.58,22.28,-0.01,0,0,,,,-0.396,-0.063,2.6,13.26,-0.01,,,
87.12,REGROUND,-18.89,-0.78,-9.58,22.29,-0.01,0,0,,,,-0.406,-0.065,1.8,13.26,-0.01,,,
87.17,REGROUND,-18.93,-0.78,-9.58,22.31,-0.01,0,0,,,,-0.396,-0.063,2.3,13.26,-0.01,,,
87.22,REGROUND,-18.93,-0.78,-9.58,22.32,-0.01,0,0,,,,-0.406,-0.065,1.8,13.26,-0.01,,,
87.27,REGROUND,-18.97,-0.78,-9.58,22.33,-0.01,0,0,,,,-0.396,-0.063,2.3,13.26,-0.01,,,
87.32,REGROUND,-18.97,-0.78,-9.58,22.34,-0.01,0,0,,,,-0.406,-0.065,1.8,13.26,-0.01,,,
87.37,REGROUND,-19.01,-0.79,-9.58,22.36,-0.01,0,0,,,,-0.396,-0.063,2.5,13.26,-0.01,,,
87.42,REGROUND,-19.01,-0.79,-9.58,22.37,-0.01,0,0,,,,-0.406,-0.065,1.7,13.26,-0.01,,,
87.47,REGROUND,-19.05,-0.79,-9.58,22.38,-0.01,0,0,,,,-0.395,-0.064,2.5,13.26,-0.01,,,
87.52,REGROUND,-19.05,-0.79,-9.58,22.39,-0.01,0,0,,,,-0.405,-0.065,1.8,13.26,-0.01,,,
87.57,REGROUND,-19.09,-0.79,-9.58,22.41,-0.01,0,0,,,,-0.395,-0.064,2.5,13.26,-0.01,,,
87.62,REGROUND,-19.09,-0.79,-9.58,22.42,-0.01,0,0,,,,-0.405,-0.065,1.8,13.26,-0.01,,,
87.67,REGROUND,-19.13,-0.79,-9.58,22.43,-0.01,0,0,,,,-0.395,-0.064,2.6,13.26,-0.01,,,
87.72,REGROUND,-19.13,-0.79,-9.58,22.44,-0.01,0,0,,,,-0.405,-0.065,1.6,13.26,-0.01,,,
87.77,REGROUND,-19.17,-0.79,-9.58,22.46,-0.01,0,0,,,,-0.395,-0.064,2.6,13.26,-0.01,,,
87.82,REGROUND,-19.17,-0.79,-9.58,22.47,-0.01,0,0,,,,-0.405,-0.065,1.5,13.26,-0.01,,,
87.87,REGROUND,-19.21,-0.79,-9.58,22.48,-0.01,0,0,,,,-0.395,-0.064,2.4,13.26,-0.01,,,
87.92,REGROUND,-19.21,-0.79,-9.58,22.49,-0.01,0,0,,,,-0.405,-0.065,1.6,13.26,-0.01,,,
87.97,REGROUND,-19.25,-0.79,-9.58,22.51,-0.01,0,0,,,,-0.395,-0.064,2.5,13.26,-0.01,,,
88.02,REGROUND,-19.25,-0.79,-9.58,22.52,-0.01,0,0,,,,-0.405,-0.065,1.8,13.26,-0.01,,,
88.07,REGROUND,-19.29,-0.79,-9.58,22.53,-0.01,0,0,,,,-0.395,-0.064,2.5,13.26,-0.01,,,
88.12,REGROUND,-19.29,-0.79,-9.58,22.54,-0.01,0,0,,,,-0.405,-0.066,1.7,13.26,-0.01,,,
88.17,REGROUND,-19.33,-0.8,-9.58,22.56,-0.01,0,0,,,,-0.395,-0.064,2.5,13.26,-0.01,,,
88.22,REGROUND,-19.33,-0.8,-9.58,22.57,-0.01,0,0,,,,-0.405,-0.065,1.8,13.26,-0.01,,,
88.27,REGROUND,-19.37,-0.8,-9.58,22.58,-0.01,0,0,,,,-0.394,-0.064,2.4,13.26,-0.01,,,
88.32,REGROUND,-19.37,-0.8,-9.58,22.59,-0.01,0,0,,,,-0.404,-0.066,1.8,13.26,-0.01,,,
88.37,REGROUND,-19.41,-0.8,-9.58,22.61,-0.01,0,0,,,,-0.394,-0.064,2.3,13.26,-0.01,,,
88.42,REGROUND,-19.41,-0.8,-9.58,22.62,-0.01,0,0,,,,-0.404,-0.065,1.8,13.26,-0.01,,,
88.47,REGROUND,-19.46,-0.8,-9.58,22.63,-0.01,0,0,,,,-0.394,-0.064,5.2,13.26,-0.01,,,
88.52,REGROUND,-19.46,-0.8,-9.58,22.64,-0.01,0,0,,,,-0.404,-0.065,1.6,13.26,-0.01,,,
88.57,REGROUND,-19.5,-0.8,-9.58,22.66,-0.01,0,0,,,,-0.394,-0.064,2.3,13.26,-0.01,,,
88.62,REGROUND,-19.5,-0.8,-9.58,22.67,-0.01,0,0,,,,-0.404,-0.065,1.8,13.26,-0.01,,,
88.67,REGROUND,-19.54,-0.8,-9.58,22.68,-0.01,0,0,,,,-0.394,-0.064,2.2,13.26,-0.01,,,
88.72,REGROUND,-19.54,-0.8,-9.58,22.69,-0.01,0,0,,,,-0.404,-0.065,1.9,13.26,-0.01,,,
88.77,REGROUND,-19.58,-0.8,-9.58,22.71,-0.01,0,0,,,,-0.394,-0.064,2.5,13.26,-0.01,,,
88.82,REGROUND,-19.58,-0.8,-9.58,22.72,-0.01,0,0,,,,-0.404,-0.065,1.8,13.26,-0.01,,,
88.87,REGROUND,-19.62,-0.8,-9.58,22.73,-0.01,0,0,,,,-0.394,-0.064,2.9,13.26,-0.01,,,
88.92,REGROUND,-19.62,-0.8,-9.58,22.74,-0.01,0,0,,,,-0.404,-0.065,2.3,13.26,-0.01,,,
88.97,REGROUND,-19.66,-0.81,-9.58,22.76,-0.01,0,0,,,,-0.394,-0.064,2.5,13.26,-0.01,,,
89.02,REGROUND,-19.66,-0.81,-9.58,22.77,-0.01,0,0,,,,-0.404,-0.065,1.6,13.26,-0.01,,,
89.07,REGROUND,-19.7,-0.81,-9.58,22.78,-0.01,0,0,,,,-0.394,-0.064,2.5,13.26,-0.01,,,
89.12,REGROUND,-19.7,-0.81,-9.58,22.79,-0.01,0,0,,,,-0.404,-0.065,1.8,13.26,-0.01,,,
89.17,REGROUND,-19.74,-0.81,-9.58,22.81,-0.01,0,0,,,,-0.394,-0.063,2.5,13.26,-0.01,,,
89.22,REGROUND,-19.74,-0.81,-9.58,22.82,-0.01,0,0,,,,-0.404,-0.065,1.8,13.26,-0.01,,,
89.27,REGROUND,-19.78,-0.81,-9.58,22.83,-0.01,0,0,,,,-0.394,-0.063,2.3,13.26,-0.01,,,
89.32,REGROUND,-19.78,-0.81,-9.58,22.84,-0.01,0,0,,,,-0.404,-0.065,1.8,13.26,-0.01,,,
89.37,REGROUND,-19.82,-0.81,-9.58,22.86,-0.01,0,0,,,,-0.394,-0.063,2.5,13.26,-0.01,,,
89.42,REGROUND,-19.82,-0.81,-9.58,22.87,-0.01,0,0,,,,-0.404,-0.065,1.9,13.26,-0.01,,,
89.47,REGROUND,-19.86,-0.81,-9.58,22.88,-0.01,0,0,,,,-0.394,-0.063,2.5,13.26,-0.01,,,
89.52,REGROUND,-19.86,-0.81,-9.58,22.89,-0.01,0,0,,,,-0.404,-0.065,1.8,13.26,-0.01,,,
89.57,REGROUND,-19.9,-0.82,-9.58,22.91,-0.01,0,0,,,,-0.394,-0.063,2.5,13.26,-0.01,,,
89.62,REGROUND,-19.9,-0.82,-9.58,22.92,-0.01,0,0,,,,-0.404,-0.065,1.8,13.26,-0.01,,,
89.67,REGROUND,-19.94,-0.82,-9.58,22.93,-0.01,0,0,,,,-0.394,-0.063,2.5,13.26,-0.01,,,
89.72,REGROUND,-19.94,-0.82,-9.58,22.94,-0.01,0,0,,,,-0.404,-0.065,1.8,13.26,-0.01,,,
89.77,REGROUND,-19.98,-0.82,-9.58,22.96,-0.01,0,0,,,,-0.395,-0.063,2.4,13.26,-0.01,,,
89.82,REGROUND,-19.98,-0.82,-9.58,22.97,-0.01,0,0,,,,-0.405,-0.065,1.7,13.26,-0.01,,,
89.87,REGROUND,-20.02,-0.82,-9.58,22.98,-0.01,0,0,,,,-0.395,-0.063,2.4,13.26,-0.01,,,
89.92,REGROUND,-20.02,-0.82,-9.58,22.99,-0.01,0,0,,,,-0.405,-0.065,1.6,13.26,-0.01,,,
89.97,REGROUND,-20.06,-0.82,-9.58,23.01,-0.01,0,0,,,,-0.395,-0.063,2.3,13.26,-0.01,,,
90.02,REGROUND,-20.06,-0.82,-9.58,23.02,-0.01,0,0,,,,-0.405,-0.065,1.8,13.26,-0.01,,,
90.07,REGROUND,-20.1,-0.82,-9.58,23.03,-0.01,0,0,,,,-0.395,-0.063,2.4,13.26,-0.01,,,
90.12,REGROUND,-20.1,-0.82,-9.58,23.04,-0.01,0,0,,,,-0.405,-0.065,1.9,13.26,-0.01,,,
90.17,REGROUND,-20.14,-0.82,-9.58,23.06,-0.01,0,0,,,,-0.395,-0.063,2.4,13.26,-0.01,,,
90.22,REGROUND,-20.14,-0.82,-9.58,23.07,-0.01,0,0,,,,-0.405,-0.065,1.9,13.26,-0.01,,,
90.27,REGROUND,-20.18,-0.82,-9.58,23.08,-0.01,0,0,,,,-0.395,-0.064,2.5,13.26,-0.01,,,
90.32,REGROUND,-20.18,-0.82,-9.58,23.1,-0.01,0,0,,,,-0.405,-0.065,1.8,13.26,-0.01,,,
90.37,REGROUND,-20.22,-0.83,-9.58,23.11,-0.01,0,0,,,,-0.396,-0.064,2.6,13.26,-0.01,,,
90.42,REGROUND,-20.22,-0.83,-9.58,23.12,-0.01,0,0,,,,-0.406,-0.065,1.8,13.26,-0.01,,,
90.47,REGROUND,-20.26,-0.83,-9.58,23.13,-0.01,0,0,,,,-0.396,-0.064,2.6,13.26,-0.01,,,
90.52,REGROUND,-20.26,-0.83,-9.58,23.15,-0.01,0,0,,,,-0.406,-0.065,1.8,13.26,-0.01,,,
90.57,REGROUND,-20.3,-0.83,-9.58,23.16,-0.01,0,0,,,,-0.396,-0.064,2.5,13.26,-0.01,,,
90.62,REGROUND,-20.3,-0.83,-9.58,23.17,-0.01,0,0,,,,-0.406,-0.065,1.9,13.26,-0.01,,,
90.67,REGROUND,-20.34,-0.83,-9.58,23.18,-0.01,0,0,,,,-0.396,-0.064,2.4,13.26,-0.01,,,
90.72,REGROUND,-20.34,-0.83,-9.58,23.2,-0.01,0,0,,,,-0.406,-0.066,4.5,13.26,-0.01,,,
90.77,REGROUND,-20.38,-0.83,-9.58,23.21,-0.01,0,0,,,,-0.396,-0.064,2.8,13.26,-0.01,,,
90.82,REGROUND,-20.38,-0.83,-9.58,23.22,-0.01,0,0,,,,-0.406,-0.066,2.3,13.26,-0.01,,,
90.87,REGROUND,-20.42,-0.83,-9.58,23.23,-0.01,0,0,,,,-0.396,-0.064,2.8,13.26,-0.01,,,
90.92,REGROUND,-20.42,-0.83,-9.58,23.25,-0.01,0,0,,,,-0.406,-0.066,2.2,13.26,-0.01,,,
90.97,REGROUND,-20.46,-0.83,-9.58,23.26,-0.01,0,0,,,,-0.396,-0.064,3.0,13.26,-0.01,,,
91.02,REGROUND,-20.46,-0.83,-9.58,23.27,-0.01,0,0,,,,-0.406,-0.066,2.1,13.26,-0.01,,,
91.07,REGROUND,-20.51,-0.83,-9.58,23.28,-0.01,0,0,,,,-0.396,-0.064,2.5,13.26,-0.01,,,
91.12,REGROUND,-20.51,-0.83,-9.58,23.3,-0.01,0,0,,,,-0.406,-0.066,1.8,13.26,-0.01,,,
91.17,REGROUND,-20.55,-0.84,-9.58,23.31,-0.01,0,0,,,,-0.396,-0.064,3.2,13.26,-0.01,,,
91.22,REGROUND,-20.55,-0.84,-9.58,23.32,-0.01,0,0,,,,-0.406,-0.066,2.0,13.26,-0.01,,,
91.27,REGROUND,-20.59,-0.84,-9.58,23.33,-0.01,0,0,,,,-0.396,-0.064,2.3,13.26,-0.01,,,
91.32,REGROUND,-20.59,-0.84,-9.58,23.35,-0.01,0,0,,,,-0.406,-0.066,2.0,13.26,-0.01,,,
91.38,REGROUND,-20.63,-0.84,-9.58,23.36,-0.01,0,0,,,,-0.396,-0.064,2.4,13.26,-0.01,,,
91.43,REGROUND,-20.63,-0.84,-9.58,23.37,-0.01,0,0,,,,-0.406,-0.066,1.9,13.26,-0.01,,,
91.48,REGROUND,-20.67,-0.84,-9.58,23.38,-0.01,0,0,,,,-0.395,-0.064,2.6,13.26,-0.01,,,
91.53,REGROUND,-20.67,-0.84,-9.58,23.4,-0.01,0,0,,,,-0.405,-0.066,1.9,13.26,-0.01,,,
91.58,REGROUND,-20.71,-0.84,-9.58,23.41,-0.01,0,0,,,,-0.395,-0.065,2.7,13.26,-0.01,,,
91.63,REGROUND,-20.71,-0.84,-9.58,23.42,-0.01,0,0,,,,-0.405,-0.066,1.9,13.26,-0.01,,,
91.68,REGROUND,-20.75,-0.84,-9.58,23.43,-0.01,0,0,,,,-0.395,-0.065,2.5,13.26,-0.01,,,
91.73,REGROUND,-20.75,-0.84,-9.58,23.45,-0.01,0,0,,,,-0.405,-0.066,1.8,13.26,-0.01,,,
91.78,REGROUND,-20.79,-0.84,-9.58,23.46,-0.01,0,0,,,,-0.395,-0.065,2.4,13.26,-0.01,,,
91.83,REGROUND,-20.79,-0.84,-9.58,23.47,-0.01,0,0,,,,-0.405,-0.066,1.8,13.26,-0.01,,,
91.88,REGROUND,-20.83,-0.84,-9.58,23.48,-0.01,0,0,,,,-0.395,-0.065,2.5,13.26,-0.01,,,
91.93,REGROUND,-20.83,-0.84,-9.58,23.5,-0.01,0,0,,,,-0.405,-0.066,1.8,13.26,-0.01,,,
91.98,REGROUND,-20.87,-0.85,-9.58,23.51,-0.01,0,0,,,,-0.395,-0.064,2.5,13.26,-0.01,,,
92.03,REGROUND,-20.87,-0.85,-9.58,23.52,-0.01,0,0,,,,-0.405,-0.066,1.8,13.26,-0.01,,,
92.08,REGROUND,-20.91,-0.85,-9.58,23.53,-0.01,0,0,,,,-0.395,-0.064,2.5,13.26,-0.01,,,
92.13,REGROUND,-20.91,-0.85,-9.58,23.55,-0.01,0,0,,,,-0.405,-0.066,1.7,13.26,-0.01,,,
92.18,REGROUND,-20.95,-0.85,-9.58,23.56,-0.01,0,0,,,,-0.395,-0.064,2.5,13.26,-0.01,,,
92.23,REGROUND,-20.95,-0.85,-9.58,23.57,-0.01,0,0,,,,-0.405,-0.066,1.8,13.26,-0.01,,,
92.28,REGROUND,-20.99,-0.85,-9.58,23.58,-0.01,0,0,,,,-0.395,-0.064,2.7,13.26,-0.01,,,
92.33,REGROUND,-20.99,-0.85,-9.58,23.6,-0.01,0,0,,,,-0.405,-0.065,1.8,13.26,-0.01,,,
92.38,REGROUND,-21.03,-0.85,-9.58,23.61,-0.01,0,0,,,,-0.395,-0.064,2.5,13.26,-0.01,,,
92.43,REGROUND,-21.03,-0.85,-9.58,23.62,-0.01,0,0,,,,-0.405,-0.065,1.8,13.26,-0.01,,,
92.48,REGROUND,-21.07,-0.85,-9.58,23.63,-0.01,0,0,,,,-0.395,-0.064,2.3,13.26,-0.01,,,
92.53,REGROUND,-21.07,-0.85,-9.58,23.65,-0.01,0,0,,,,-0.405,-0.065,2.1,13.26,-0.01,,,
92.58,REGROUND,-21.11,-0.86,-9.58,23.66,-0.01,0,0,,,,-0.395,-0.063,2.8,13.26,-0.01,,,
92.63,REGROUND,-21.11,-0.86,-9.58,23.67,-0.01,0,0,,,,-0.405,-0.065,2.2,13.26,-0.01,,,
92.68,REGROUND,-21.15,-0.86,-9.58,23.68,-0.01,0,0,,,,-0.395,-0.063,2.9,13.26,-0.01,,,
92.73,REGROUND,-21.15,-0.86,-9.58,23.7,-0.01,0,0,,,,-0.405,-0.065,1.9,13.26,-0.01,,,
92.78,REGROUND,-21.2,-0.86,-9.58,23.71,-0.01,0,0,,,,-0.395,-0.063,2.4,13.26,-0.01,,,
92.83,REGROUND,-21.2,-0.86,-9.58,23.72,-0.01,0,0,,,,-0.405,-0.064,1.8,13.26,-0.01,,,
92.88,REGROUND,-21.24,-0.86,-9.58,23.73,-0.01,0,0,,,,-0.395,-0.063,2.3,13.26,-0.01,,,
92.93,REGROUND,-21.24,-0.86,-9.58,23.75,-0.01,0,0,,,,-0.405,-0.064,2.3,13.26,-0.01,,,
92.98,REGROUND,-21.28,-0.86,-9.58,23.76,-0.01,0,0,,,,-0.395,-0.063,2.9,13.26,-0.01,,,
93.03,REGROUND,-21.28,-0.86,-9.58,23.77,-0.01,0,0,,,,-0.405,-0.064,2.2,13.26,-0.01,,,
93.08,REGROUND,-21.32,-0.86,-9.58,23.78,-0.01,0,0,,,,-0.395,-0.063,4.8,13.26,-0.01,,,
93.13,REGROUND,-21.32,-0.86,-9.58,23.8,-0.01,0,0,,,,-0.405,-0.064,1.8,13.26,-0.01,,,
93.18,REGROUND,-21.36,-0.87,-9.58,23.81,-0.01,0,0,,,,-0.395,-0.063,2.3,13.26,-0.01,,,
93.23,REGROUND,-21.36,-0.87,-9.58,23.82,-0.01,0,0,,,,-0.405,-0.064,1.7,13.26,-0.01,,,
93.28,REGROUND,-21.4,-0.87,-9.58,23.83,-0.01,0,0,,,,-0.394,-0.063,2.4,13.26,-0.01,,,
93.33,REGROUND,-21.4,-0.87,-9.58,23.85,-0.01,0,0,,,,-0.404,-0.065,1.8,13.26,-0.01,,,
93.38,REGROUND,-21.44,-0.87,-9.58,23.86,-0.01,0,0,,,,-0.394,-0.063,2.7,13.26,-0.01,,,
93.43,REGROUND,-21.44,-0.87,-9.58,23.87,-0.01,0,0,,,,-0.404,-0.065,1.9,13.26,-0.01,,,
93.48,REGROUND,-21.48,-0.87,-9.58,23.88,-0.01,0,0,,,,-0.394,-0.063,2.3,13.26,-0.01,,,
93.53,REGROUND,-21.48,-0.87,-9.58,23.9,-0.01,0,0,,,,-0.404,-0.065,1.8,13.26,-0.01,,,
93.58,REGROUND,-21.52,-0.87,-9.58,23.91,-0.01,0,0,,,,-0.394,-0.063,2.3,13.26,-0.01,,,
93.63,REGROUND,-21.52,-0.87,-9.58,23.92,-0.01,0,0,,,,-0.404,-0.065,1.9,13.26,-0.01,,,
93.68,REGROUND,-21.56,-0.87,-9.58,23.93,-0.01,0,0,,,,-0.394,-0.064,2.1,13.26,-0.01,,,
93.73,REGROUND,-21.56,-0.87,-9.58,23.95,-0.01,0,0,,,,-0.404,-0.065,1.9,13.26,-0.01,,,
93.78,REGROUND,-21.6,-0.87,-9.58,23.96,-0.01,0,0,,,,-0.394,-0.064,2.3,13.26,-0.01,,,
93.83,REGROUND,-21.6,-0.87,-9.58,23.97,-0.01,0,0,,,,-0.404,-0.065,2.0,13.26,-0.01,,,
93.88,REGROUND,-21.64,-0.87,-9.58,23.98,-0.01,0,0,,,,-0.394,-0.064,2.5,13.26,-0.01,,,
93.93,REGROUND,-21.64,-0.87,-9.58,24.0,-0.01,0,0,,,,-0.404,-0.065,1.8,13.26,-0.01,,,
93.98,REGROUND,-21.68,-0.87,-9.58,24.01,-0.01,0,0,,,,-0.394,-0.064,2.3,13.26,-0.01,,,
94.03,REGROUND,-21.68,-0.87,-9.58,24.02,-0.01,0,0,,,,-0.404,-0.066,1.8,13.26,-0.01,,,
94.08,REGROUND,-21.72,-0.88,-9.58,24.03,-0.01,0,0,,,,-0.393,-0.064,2.4,13.26,-0.01,,,
94.13,REGROUND,-21.72,-0.88,-9.58,24.05,-0.01,0,0,,,,-0.403,-0.066,1.7,13.26,-0.01,,,
94.18,REGROUND,-21.77,-0.88,-9.58,24.06,-0.01,0,0,,,,-0.393,-0.064,2.5,13.26,-0.01,,,
94.23,REGROUND,-21.77,-0.88,-9.58,24.07,-0.01,0,0,,,,-0.403,-0.066,1.8,13.26,-0.01,,,
94.28,REGROUND,-21.81,-0.88,-9.58,24.08,-0.01,0,0,,,,-0.393,-0.064,2.5,13.26,-0.01,,,
94.33,REGROUND,-21.81,-0.88,-9.58,24.1,-0.01,0,0,,,,-0.403,-0.066,1.8,13.26,-0.01,,,
94.38,REGROUND,-21.85,-0.88,-9.58,24.11,-0.01,0,0,,,,-0.393,-0.064,2.3,13.26,-0.01,,,
94.43,REGROUND,-21.85,-0.88,-9.58,24.12,-0.01,0,0,,,,-0.403,-0.066,1.9,13.26,-0.01,,,
94.48,REGROUND,-21.89,-0.88,-9.58,24.13,-0.01,0,0,,,,-0.393,-0.064,2.5,13.26,-0.01,,,
94.53,REGROUND,-21.89,-0.88,-9.58,24.15,-0.01,0,0,,,,-0.403,-0.066,2.0,13.26,-0.01,,,
94.58,REGROUND,-21.93,-0.88,-9.58,24.16,-0.01,0,0,,,,-0.394,-0.064,2.5,13.26,-0.01,,,
94.63,REGROUND,-21.93,-0.88,-9.58,24.17,-0.01,0,0,,,,-0.404,-0.066,1.8,13.26,-0.01,,,
94.68,REGROUND,-21.97,-0.88,-9.58,24.18,-0.01,0,0,,,,-0.394,-0.064,2.6,13.26,-0.01,,,
94.73,REGROUND,-21.97,-0.88,-9.58,24.2,-0.01,0,0,,,,-0.404,-0.066,1.8,13.26,-0.01,,,
94.78,REGROUND,-22.01,-0.88,-9.58,24.21,-0.01,0,0,,,,-0.394,-0.064,2.6,13.26,-0.01,,,
94.83,REGROUND,-22.01,-0.88,-9.58,24.22,-0.01,0,0,,,,-0.404,-0.066,1.7,13.26,-0.01,,,
94.88,REGROUND,-22.05,-0.89,-9.58,24.23,-0.01,0,0,,,,-0.394,-0.064,2.5,13.26,-0.01,,,
94.93,REGROUND,-22.05,-0.89,-9.58,24.25,-0.01,0,0,,,,-0.404,-0.066,1.8,13.26,-0.01,,,
94.98,REGROUND,-22.09,-0.89,-9.58,24.26,-0.01,0,0,,,,-0.394,-0.064,2.3,13.26,-0.01,,,
95.03,REGROUND,-22.09,-0.89,-9.58,24.27,-0.01,0,0,,,,-0.404,-0.066,1.9,13.26,-0.01,,,
95.08,REGROUND,-22.13,-0.89,-9.58,24.28,-0.01,0,0,,,,-0.394,-0.064,2.3,13.26,-0.01,,,
95.13,REGROUND,-22.13,-0.89,-9.58,24.3,-0.01,0,0,,,,-0.404,-0.066,1.9,13.26,-0.01,,,
95.18,REGROUND,-22.17,-0.89,-9.58,24.31,-0.01,0,0,,,,-0.395,-0.064,2.5,13.26,-0.01,,,
95.23,REGROUND,-22.17,-0.89,-9.58,24.32,-0.01,0,0,,,,-0.405,-0.066,1.8,13.26,-0.01,,,
95.28,REGROUND,-22.21,-0.89,-9.58,24.33,-0.01,0,0,,,,-0.395,-0.064,2.5,13.26,-0.01,,,
95.33,REGROUND,-22.21,-0.89,-9.58,24.35,-0.01,0,0,,,,-0.405,-0.066,1.8,13.26,-0.01,,,
95.38,REGROUND,-22.25,-0.89,-9.58,24.36,-0.01,0,0,,,,-0.395,-0.064,3.0,13.26,-0.01,,,
95.43,REGROUND,-22.25,-0.89,-9.58,24.37,-0.01,0,0,,,,-0.405,-0.065,4.6,13.26,-0.01,,,
95.48,REGROUND,-22.29,-0.9,-9.58,24.38,-0.01,0,0,,,,-0.395,-0.064,3.0,13.26,-0.01,,,
95.53,REGROUND,-22.29,-0.9,-9.58,24.4,-0.01,0,0,,,,-0.405,-0.065,2.1,13.26,-0.01,,,
95.58,REGROUND,-22.33,-0.9,-9.58,24.41,-0.01,0,0,,,,-0.396,-0.063,2.8,13.26,-0.01,,,
95.63,REGROUND,-22.33,-0.9,-9.58,24.42,-0.01,0,0,,,,-0.406,-0.065,2.1,13.26,-0.01,,,
95.68,REGROUND,-22.37,-0.9,-9.58,24.43,-0.01,0,0,,,,-0.396,-0.063,2.8,13.26,-0.01,,,
95.73,REGROUND,-22.37,-0.9,-9.58,24.45,-0.01,0,0,,,,-0.406,-0.065,2.2,13.26,-0.01,,,
95.78,REGROUND,-22.41,-0.9,-9.58,24.46,-0.01,0,0,,,,-0.396,-0.063,2.4,13.26,-0.01,,,
95.83,REGROUND,-22.41,-0.9,-9.58,24.47,-0.01,0,0,,,,-0.406,-0.065,1.8,13.26,-0.01,,,
95.88,REGROUND,-22.45,-0.9,-9.58,24.48,-0.01,0,0,,,,-0.396,-0.063,2.3,13.26,-0.01,,,
95.93,REGROUND,-22.45,-0.9,-9.58,24.5,-0.01,0,0,,,,-0.406,-0.065,1.9,13.26,-0.01,,,
95.98,REGROUND,-22.49,-0.9,-9.58,24.51,-0.01,0,0,,,,-0.396,-0.063,2.6,13.26,-0.01,,,
96.03,REGROUND,-22.49,-0.9,-9.58,24.52,-0.01,0,0,,,,-0.406,-0.064,1.8,13.26,-0.01,,,
96.08,REGROUND,-22.53,-0.91,-9.58,24.53,-0.01,0,0,,,,-0.396,-0.063,2.4,13.26,-0.01,,,
96.13,REGROUND,-22.53,-0.91,-9.58,24.55,-0.01,0,0,,,,-0.406,-0.064,1.8,13.26,-0.01,,,
96.18,REGROUND,-22.57,-0.91,-9.58,24.56,-0.01,0,0,,,,-0.396,-0.063,2.6,13.26,-0.01,,,
96.23,REGROUND,-22.57,-0.91,-9.58,24.57,-0.01,0,0,,,,-0.406,-0.064,1.9,13.26,-0.01,,,
96.28,REGROUND,-22.61,-0.91,-9.58,24.58,-0.01,0,0,,,,-0.396,-0.063,2.4,13.26,-0.01,,,
96.33,REGROUND,-22.61,-0.91,-9.58,24.6,-0.01,0,0,,,,-0.406,-0.064,1.8,13.26,-0.01,,,
96.38,REGROUND,-22.65,-0.91,-9.58,24.61,-0.01,0,0,,,,-0.396,-0.063,2.4,13.26,-0.01,,,
96.43,REGROUND,-22.65,-0.91,-9.58,24.62,-0.01,0,0,,,,-0.406,-0.064,1.8,13.26,-0.01,,,
96.48,REGROUND,-22.69,-0.91,-9.58,24.63,-0.01,0,0,,,,-0.396,-0.063,2.5,13.26,-0.01,,,
96.53,REGROUND,-22.69,-0.91,-9.58,24.65,-0.01,0,0,,,,-0.406,-0.065,1.8,13.26,-0.01,,,
96.58,REGROUND,-22.73,-0.91,-9.58,24.66,-0.01,0,0,,,,-0.396,-0.063,2.5,13.26,-0.01,,,
96.63,REGROUND,-22.73,-0.91,-9.58,24.67,-0.01,0,0,,,,-0.406,-0.065,1.9,13.26,-0.01,,,
96.68,REGROUND,-22.77,-0.91,-9.58,24.68,-0.01,0,0,,,,-0.396,-0.064,2.4,13.26,-0.01,,,
96.73,REGROUND,-22.77,-0.91,-9.58,24.7,-0.01,0,0,,,,-0.406,-0.065,1.9,13.26,-0.01,,,
96.78,REGROUND,-22.81,-0.91,-9.58,24.71,-0.01,0,0,,,,-0.396,-0.064,2.5,13.26,-0.01,,,
96.83,REGROUND,-22.81,-0.91,-9.58,24.72,-0.01,0,0,,,,-0.406,-0.065,2.0,13.26,-0.01,,,
96.88,REGROUND,-22.85,-0.91,-9.58,24.73,-0.01,0,0,,,,-0.396,-0.064,2.5,13.26,-0.01,,,
96.93,REGROUND,-22.85,-0.91,-9.58,24.75,-0.01,0,0,,,,-0.406,-0.066,1.8,13.26,-0.01,,,
96.98,REGROUND,-22.89,-0.92,-9.58,24.76,-0.01,0,0,,,,-0.396,-0.064,2.5,13.26,-0.01,,,
97.03,REGROUND,-22.89,-0.92,-9.58,24.77,-0.01,0,0,,,,-0.406,-0.066,1.7,13.26,-0.01,,,
97.08,REGROUND,-22.93,-0.92,-9.58,24.78,-0.01,0,0,,,,-0.396,-0.065,2.5,13.26,-0.01,,,
97.13,REGROUND,-22.93,-0.92,-9.58,24.8,-0.01,0,0,,,,-0.406,-0.066,1.8,13.26,-0.01,,,
97.18,REGROUND,-22.97,-0.92,-9.58,24.81,-0.01,0,0,,,,-0.396,-0.065,2.5,13.26,-0.01,,,
97.23,REGROUND,-22.97,-0.92,-9.58,24.82,-0.01,0,0,,,,-0.406,-0.066,1.8,13.26,-0.01,,,
97.28,REGROUND,-23.02,-0.92,-9.58,24.83,-0.01,0,0,,,,-0.396,-0.065,2.4,13.26,-0.01,,,
97.33,REGROUND,-23.02,-0.92,-9.58,24.85,-0.01,0,0,,,,-0.406,-0.067,1.8,13.26,-0.01,,,
97.38,REGROUND,-23.06,-0.92,-9.58,24.86,-0.01,0,0,,,,-0.396,-0.065,2.4,13.26,-0.01,,,
97.43,REGROUND,-23.06,-0.92,-9.58,24.87,-0.01,0,0,,,,-0.406,-0.067,1.8,13.26,-0.01,,,
97.48,REGROUND,-23.1,-0.92,-9.58,24.89,-0.01,0,0,,,,-0.395,-0.065,2.9,13.26,-0.01,,,
97.53,REGROUND,-23.1,-0.92,-9.58,24.9,-0.01,0,0,,,,-0.405,-0.067,2.4,13.26,-0.01,,,
97.58,REGROUND,-23.14,-0.92,-9.58,24.91,-0.01,0,0,,,,-0.395,-0.065,3.1,13.26,-0.01,,,
97.63,REGROUND,-23.14,-0.92,-9.58,24.92,-0.01,0,0,,,,-0.405,-0.067,2.0,13.26,-0.01,,,
97.68,REGROUND,-23.18,-0.92,-9.58,24.94,-0.01,0,0,,,,-0.395,-0.065,2.6,13.26,-0.01,,,
97.73,REGROUND,-23.18,-0.92,-9.58,24.95,-0.01,0,0,,,,-0.405,-0.067,4.0,13.26,-0.01,,,
97.78,REGROUND,-23.22,-0.92,-9.58,24.96,-0.01,0,0,,,,-0.395,-0.065,2.6,13.26,-0.01,,,
97.83,REGROUND,-23.22,-0.92,-9.58,24.97,-0.01,0,0,,,,-0.405,-0.067,1.8,13.26,-0.01,,,
97.88,REGROUND,-23.26,-0.93,-9.58,24.99,-0.01,0,0,,,,-0.394,-0.065,2.5,13.26,-0.01,,,
97.93,REGROUND,-23.26,-0.93,-9.58,25.0,-0.01,0,0,,,,-0.404,-0.066,1.8,13.26,-0.01,,,
97.98,REGROUND,-23.3,-0.93,-9.58,25.01,-0.01,0,0,,,,-0.394,-0.065,2.2,13.26,-0.01,,,
98.03,REGROUND,-23.3,-0.93,-9.58,25.02,-0.01,0,0,,,,-0.404,-0.066,1.8,13.26,-0.01,,,
98.08,REGROUND,-23.34,-0.93,-9.58,25.04,-0.01,0,0,,,,-0.394,-0.065,2.4,13.26,-0.01,,,
98.13,REGROUND,-23.34,-0.93,-9.58,25.05,-0.01,0,0,,,,-0.404,-0.066,1.9,13.26,-0.01,,,
98.18,REGROUND,-23.38,-0.93,-9.58,25.06,-0.01,0,0,,,,-0.394,-0.064,2.4,13.26,-0.01,,,
98.23,REGROUND,-23.38,-0.93,-9.58,25.07,-0.01,0,0,,,,-0.404,-0.066,1.8,13.26,-0.01,,,
98.28,REGROUND,-23.42,-0.93,-9.58,25.09,-0.01,0,0,,,,-0.394,-0.064,2.4,13.26,-0.01,,,
98.33,REGROUND,-23.42,-0.93,-9.58,25.1,-0.01,0,0,,,,-0.404,-0.066,1.8,13.26,-0.01,,,
98.38,REGROUND,-23.47,-0.93,-9.58,25.11,-0.01,0,0,,,,-0.394,-0.064,2.6,13.26,-0.01,,,
98.43,REGROUND,-23.47,-0.93,-9.58,25.12,-0.01,0,0,,,,-0.404,-0.066,1.9,13.26,-0.01,,,
98.48,REGROUND,-23.51,-0.94,-9.58,25.14,-0.01,0,0,,,,-0.394,-0.064,2.2,13.26,-0.01,,,
98.53,REGROUND,-23.51,-0.94,-9.58,25.15,-0.01,0,0,,,,-0.404,-0.066,1.8,13.26,-0.01,,,
98.58,REGROUND,-23.55,-0.94,-9.58,25.16,-0.01,0,0,,,,-0.394,-0.064,2.5,13.26,-0.01,,,
98.63,REGROUND,-23.55,-0.94,-9.58,25.17,-0.01,0,0,,,,-0.404,-0.065,2.0,13.26,-0.01,,,
98.68,REGROUND,-23.59,-0.94,-9.58,25.19,-0.01,0,0,,,,-0.393,-0.063,2.5,13.26,-0.01,,,
98.73,REGROUND,-23.59,-0.94,-9.58,25.2,-0.01,0,0,,,,-0.403,-0.065,1.7,13.26,-0.01,,,
98.78,REGROUND,-23.63,-0.94,-9.58,25.21,-0.01,0,0,,,,-0.394,-0.063,2.4,13.26,-0.01,,,
98.83,REGROUND,-23.63,-0.94,-9.58,25.22,-0.01,0,0,,,,-0.404,-0.065,1.6,13.26,-0.01,,,
98.88,REGROUND,-23.67,-0.94,-9.58,25.24,-0.01,0,0,,,,-0.394,-0.063,2.5,13.26,-0.01,,,
98.94,REGROUND,-23.67,-0.94,-9.58,25.25,-0.01,0,0,,,,-0.404,-0.065,2.1,13.26,-0.01,,,
98.99,REGROUND,-23.71,-0.95,-9.58,25.26,-0.01,0,0,,,,-0.394,-0.063,2.4,13.26,-0.01,,,
99.04,REGROUND,-23.71,-0.95,-9.58,25.27,-0.01,0,0,,,,-0.404,-0.064,1.8,13.26,-0.01,,,
99.09,REGROUND,-23.75,-0.95,-9.58,25.29,-0.01,0,0,,,,-0.394,-0.063,2.4,13.26,-0.01,,,
99.14,REGROUND,-23.75,-0.95,-9.58,25.3,-0.01,0,0,,,,-0.404,-0.064,2.0,13.26,-0.01,,,
99.19,REGROUND,-23.79,-0.95,-9.58,25.31,-0.01,0,0,,,,-0.394,-0.063,2.1,13.26,-0.01,,,
99.24,REGROUND,-23.79,-0.95,-9.58,25.32,-0.01,0,0,,,,-0.404,-0.064,1.9,13.26,-0.01,,,
99.29,REGROUND,-23.83,-0.95,-9.58,25.34,-0.01,0,0,,,,-0.394,-0.063,2.5,13.26,-0.01,,,
99.34,REGROUND,-23.83,-0.95,-9.58,25.35,-0.01,0,0,,,,-0.404,-0.064,1.8,13.26,-0.01,,,
99.39,REGROUND,-23.87,-0.95,-9.58,25.36,-0.01,0,0,,,,-0.394,-0.063,2.6,13.26,-0.01,,,
99.44,REGROUND,-23.87,-0.95,-9.58,25.37,-0.01,0,0,,,,-0.404,-0.064,1.8,13.26,-0.01,,,
99.49,REGROUND,-23.91,-0.95,-9.58,25.39,-0.01,0,0,,,,-0.394,-0.063,2.5,13.26,-0.01,,,
99.54,REGROUND,-23.91,-0.95,-9.58,25.4,-0.01,0,0,,,,-0.404,-0.064,1.8,13.26,-0.01,,,
99.59,REGROUND,-23.95,-0.95,-9.58,25.41,-0.01,0,0,,,,-0.394,-0.063,2.6,13.26,-0.01,,,
99.64,REGROUND,-23.95,-0.95,-9.58,25.42,-0.01,0,0,,,,-0.404,-0.064,1.9,13.26,-0.01,,,
99.69,REGROUND,-23.99,-0.95,-9.58,25.44,-0.01,0,0,,,,-0.394,-0.063,2.2,13.26,-0.01,,,
99.74,REGROUND,-23.99,-0.95,-9.58,25.45,-0.01,0,0,,,,-0.404,-0.065,2.4,13.26,-0.01,,,
99.79,REGROUND,-24.03,-0.96,-9.58,25.46,-0.01,0,0,,,,-0.394,-0.063,2.5,13.26,-0.01,,,
99.84,REGROUND,-24.03,-0.96,-9.58,25.47,-0.01,0,0,,,,-0.404,-0.065,1.9,13.26,-0.01,,,
99.89,REGROUND,-24.07,-0.96,-9.58,25.49,-0.01,0,0,,,,-0.395,-0.063,2.4,13.26,-0.01,,,
99.94,REGROUND,-24.07,-0.96,-9.58,25.5,-0.01,0,0,,,,-0.405,-0.065,2.2,13.26,-0.01,,,
99.99,REGROUND,-24.11,-0.96,-9.58,25.51,-0.01,0,0,,,,-0.395,-0.063,4.2,13.26,-0.01,,,
100.04,REGROUND,-24.11,-0.96,-9.58,25.52,-0.01,0,0,,,,-0.405,-0.065,1.8,13.26,-0.01,,,
100.09,REGROUND,-24.15,-0.96,-9.58,25.54,-0.01,0,0,,,,-0.395,-0.063,2.5,13.26,-0.01,,,
100.14,REGROUND,-24.15,-0.96,-9.58,25.55,-0.01,0,0,,,,-0.405,-0.065,1.9,13.26,-0.01,,,
100.19,REGROUND,-24.19,-0.96,-9.58,25.56,-0.01,0,0,,,,-0.395,-0.064,2.5,13.26,-0.01,,,
100.24,REGROUND,-24.19,-0.96,-9.58,25.57,-0.01,0,0,,,,-0.405,-0.065,1.8,13.26,-0.01,,,
100.29,REGROUND,-24.23,-0.96,-9.58,25.59,-0.01,0,0,,,,-0.395,-0.064,2.5,13.26,-0.01,,,
100.34,REGROUND,-24.23,-0.96,-9.58,25.6,-0.01,0,0,,,,-0.405,-0.065,1.8,13.26,-0.01,,,
100.39,REGROUND,-24.27,-0.96,-9.58,25.61,-0.01,0,0,,,,-0.395,-0.064,2.5,13.26,-0.01,,,
100.44,REGROUND,-24.27,-0.96,-9.58,25.62,-0.01,0,0,,,,-0.405,-0.065,1.8,13.26,-0.01,,,
100.49,REGROUND,-24.31,-0.96,-9.58,25.64,-0.01,0,0,,,,-0.395,-0.064,2.4,13.26,-0.01,,,
100.54,REGROUND,-24.31,-0.96,-9.58,25.65,-0.01,0,0,,,,-0.405,-0.065,1.8,13.26,-0.01,,,
100.59,REGROUND,-24.35,-0.97,-9.58,25.66,-0.01,0,0,,,,-0.395,-0.064,2.4,13.26,-0.01,,,
100.64,REGROUND,-24.35,-0.97,-9.58,25.67,-0.01,0,0,,,,-0.405,-0.065,1.9,13.26,-0.01,,,
100.69,REGROUND,-24.39,-0.97,-9.58,25.69,-0.01,0,0,,,,-0.395,-0.064,2.5,13.26,-0.01,,,
100.74,REGROUND,-24.39,-0.97,-9.58,25.7,-0.01,0,0,,,,-0.405,-0.066,1.8,13.26,-0.01,,,
100.79,REGROUND,-24.43,-0.97,-9.58,25.71,-0.01,0,0,,,,-0.396,-0.064,2.5,13.26,-0.01,,,
100.84,REGROUND,-24.43,-0.97,-9.58,25.72,-0.01,0,0,,,,-0.406,-0.066,1.9,13.26,-0.01,,,
100.89,REGROUND,-24.47,-0.97,-9.58,25.74,-0.01,0,0,,,,-0.396,-0.064,2.5,13.26,-0.01,,,
100.94,REGROUND,-24.47,-0.97,-9.58,25.75,-0.01,0,0,,,,-0.406,-0.066,1.9,13.26,-0.01,,,
100.99,REGROUND,-24.51,-0.97,-9.58,25.76,-0.01,0,0,,,,-0.396,-0.064,2.5,13.26,-0.01,,,
101.04,REGROUND,-24.51,-0.97,-9.58,25.77,-0.01,0,0,,,,-0.406,-0.065,1.8,13.26,-0.01,,,
101.09,REGROUND,-24.56,-0.97,-9.58,25.79,-0.01,0,0,,,,-0.395,-0.064,2.5,13.26,-0.01,,,
101.14,REGROUND,-24.56,-0.97,-9.58,25.8,-0.01,0,0,,,,-0.405,-0.066,1.8,13.26,-0.01,,,
101.19,REGROUND,-24.6,-0.97,-9.58,25.81,-0.01,0,0,,,,-0.395,-0.064,2.4,13.26,-0.01,,,
101.24,REGROUND,-24.6,-0.97,-9.58,25.82,-0.01,0,0,,,,-0.405,-0.065,1.8,13.26,-0.01,,,
101.29,REGROUND,-24.64,-0.98,-9.58,25.84,-0.01,0,0,,,,-0.395,-0.064,2.4,13.26,-0.01,,,
101.34,REGROUND,-24.64,-0.98,-9.58,25.85,-0.01,0,0,,,,-0.405,-0.066,1.8,13.26,-0.01,,,
101.39,REGROUND,-24.68,-0.98,-9.58,25.86,-0.01,0,0,,,,-0.396,-0.064,2.2,13.26,-0.01,,,
101.44,REGROUND,-24.68,-0.98,-9.58,25.87,-0.01,0,0,,,,-0.406,-0.066,1.9,13.26,-0.01,,,
101.49,REGROUND,-24.72,-0.98,-9.58,25.89,-0.01,0,0,,,,-0.396,-0.064,2.5,13.26,-0.01,,,
101.54,REGROUND,-24.72,-0.98,-9.58,25.9,-0.01,0,0,,,,-0.406,-0.066,1.9,13.26,-0.01,,,
101.59,REGROUND,-24.76,-0.98,-9.58,25.91,-0.01,0,0,,,,-0.396,-0.064,2.5,13.26,-0.01,,,
101.64,REGROUND,-24.76,-0.98,-9.58,25.92,-0.01,0,0,,,,-0.406,-0.066,1.9,13.26,-0.01,,,
101.69,REGROUND,-24.8,-0.98,-9.58,25.94,-0.01,0,0,,,,-0.396,-0.064,2.5,13.26,-0.01,,,
101.74,REGROUND,-24.8,-0.98,-9.58,25.95,-0.01,0,0,,,,-0.406,-0.066,1.7,13.26,-0.01,,,
101.79,REGROUND,-24.84,-0.98,-9.58,25.96,-0.01,0,0,,,,-0.396,-0.064,2.6,13.26,-0.01,,,
101.84,REGROUND,-24.84,-0.98,-9.58,25.97,-0.01,0,0,,,,-0.406,-0.065,1.8,13.26,-0.01,,,
101.89,REGROUND,-24.88,-0.98,-9.58,25.99,-0.01,0,0,,,,-0.396,-0.064,2.4,13.26,-0.01,,,
101.94,REGROUND,-24.88,-0.98,-9.58,26.0,-0.01,0,0,,,,-0.406,-0.065,1.7,13.26,-0.01,,,
101.99,REGROUND,-24.92,-0.99,-9.58,26.01,-0.01,0,0,,,,-0.396,-0.063,2.4,13.26,-0.01,,,
102.04,REGROUND,-24.92,-0.99,-9.58,26.02,-0.01,0,0,,,,-0.406,-0.065,1.8,13.26,-0.01,,,
102.09,REGROUND,-24.96,-0.99,-9.58,26.04,-0.01,0,0,,,,-0.396,-0.063,2.3,13.26,-0.01,,,
102.14,REGROUND,-24.96,-0.99,-9.58,26.05,-0.01,0,0,,,,-0.406,-0.065,1.9,13.26,-0.01,,,
102.19,REGROUND,-25.0,-0.99,-9.58,26.06,-0.01,0,0,,,,-0.396,-0.063,2.2,13.26,-0.01,,,
102.24,REGROUND,-25.0,-0.99,-9.58,26.07,-0.01,0,0,,,,-0.406,-0.065,3.5,13.26,-0.01,,,
102.29,REGROUND,-25.04,-0.99,-9.58,26.09,-0.01,0,0,,,,-0.396,-0.063,2.5,13.26,-0.01,,,
102.34,REGROUND,-25.04,-0.99,-9.58,26.1,-0.01,0,0,,,,-0.406,-0.065,1.8,13.26,-0.01,,,
102.39,REGROUND,-25.08,-0.99,-9.58,26.11,-0.01,0,0,,,,-0.396,-0.063,2.5,13.26,-0.01,,,
102.44,REGROUND,-25.08,-0.99,-9.58,26.12,-0.01,0,0,,,,-0.406,-0.065,1.8,13.26,-0.01,,,
102.49,REGROUND,-25.12,-0.99,-9.58,26.14,-0.01,0,0,,,,-0.396,-0.063,3.0,13.26,-0.01,,,
102.54,REGROUND,-25.12,-0.99,-9.58,26.15,-0.01,0,0,,,,-0.406,-0.065,1.9,13.26,-0.01,,,
102.59,REGROUND,-25.16,-0.99,-9.58,26.16,-0.01,0,0,,,,-0.396,-0.063,3.2,13.26,-0.01,,,
102.64,REGROUND,-25.16,-0.99,-9.58,26.17,-0.01,0,0,,,,-0.406,-0.065,2.4,13.26,-0.01,,,
102.69,REGROUND,-25.2,-1.0,-9.58,26.19,-0.01,0,0,,,,-0.396,-0.064,2.9,13.26,-0.01,,,
102.74,REGROUND,-25.2,-1.0,-9.58,26.2,-0.01,0,0,,,,-0.406,-0.065,2.3,13.26,-0.01,,,
102.79,REGROUND,-25.24,-1.0,-9.58,26.21,-0.01,0,0,,,,-0.396,-0.063,2.9,13.26,-0.01,,,
102.84,REGROUND,-25.24,-1.0,-9.58,26.22,-0.01,0,0,,,,-0.406,-0.065,1.9,13.26,-0.01,,,
102.89,REGROUND,-25.28,-1.0,-9.58,26.24,-0.01,0,0,,,,-0.396,-0.064,2.3,13.26,-0.01,,,
102.94,REGROUND,-25.28,-1.0,-9.58,26.25,-0.01,0,0,,,,-0.406,-0.065,1.6,13.26,-0.01,,,
102.99,REGROUND,-25.32,-1.0,-9.58,26.26,-0.01,0,0,,,,-0.396,-0.064,2.4,13.26,-0.01,,,
103.04,REGROUND,-25.32,-1.0,-9.58,26.27,-0.01,0,0,,,,-0.406,-0.065,1.9,13.26,-0.01,,,
103.09,REGROUND,-25.36,-1.0,-9.58,26.29,-0.01,0,0,,,,-0.396,-0.064,2.5,13.26,-0.01,,,
103.14,REGROUND,-25.36,-1.0,-9.58,26.3,-0.01,0,0,,,,-0.406,-0.065,1.9,13.26,-0.01,,,
103.19,REGROUND,-25.41,-1.0,-9.58,26.31,-0.01,0,0,,,,-0.396,-0.064,2.3,13.26,-0.01,,,
103.24,REGROUND,-25.41,-1.0,-9.58,26.32,-0.01,0,0,,,,-0.406,-0.065,1.8,13.26,-0.01,,,
103.29,REGROUND,-25.45,-1.0,-9.58,26.34,-0.01,0,0,,,,-0.395,-0.064,2.5,13.26,-0.01,,,
103.34,REGROUND,-25.45,-1.0,-9.58,26.35,-0.01,0,0,,,,-0.405,-0.065,2.1,13.26,-0.01,,,
103.39,REGROUND,-25.49,-1.0,-9.58,26.36,-0.01,0,0,,,,-0.395,-0.064,3.1,13.26,-0.01,,,
103.44,REGROUND,-25.49,-1.0,-9.58,26.37,-0.01,0,0,,,,-0.405,-0.065,1.9,13.26,-0.01,,,
103.49,REGROUND,-25.53,-1.01,-9.58,26.39,-0.01,0,0,,,,-0.395,-0.064,2.6,13.26,-0.01,,,
103.54,REGROUND,-25.53,-1.01,-9.58,26.4,-0.01,0,0,,,,-0.405,-0.065,1.8,13.26,-0.01,,,
103.59,REGROUND,-25.57,-1.01,-9.58,26.41,-0.01,0,0,,,,-0.395,-0.064,2.4,13.26,-0.01,,,
103.64,REGROUND,-25.57,-1.01,-9.58,26.42,-0.01,0,0,,,,-0.405,-0.065,1.9,13.26,-0.01,,,
103.69,REGROUND,-25.61,-1.01,-9.58,26.44,-0.01,0,0,,,,-0.394,-0.064,2.3,13.26,-0.01,,,
103.74,REGROUND,-25.61,-1.01,-9.58,26.45,-0.01,0,0,,,,-0.404,-0.065,1.8,13.26,-0.01,,,
103.79,REGROUND,-25.65,-1.01,-9.58,26.46,-0.01,0,0,,,,-0.394,-0.064,2.5,13.26,-0.01,,,
103.84,REGROUND,-25.65,-1.01,-9.58,26.47,-0.01,0,0,,,,-0.404,-0.065,2.0,13.26,-0.01,,,
103.89,REGROUND,-25.69,-1.01,-9.58,26.49,-0.01,0,0,,,,-0.394,-0.064,2.6,13.26,-0.01,,,
103.94,REGROUND,-25.69,-1.01,-9.58,26.5,-0.01,0,0,,,,-0.404,-0.065,1.9,13.26,-0.01,,,
103.99,REGROUND,-25.73,-1.01,-9.58,26.51,-0.01,0,0,,,,-0.394,-0.064,2.6,13.26,-0.01,,,
104.04,REGROUND,-25.73,-1.01,-9.58,26.52,-0.01,0,0,,,,-0.404,-0.065,1.8,13.26,-0.01,,,
104.09,REGROUND,-25.77,-1.01,-9.58,26.54,-0.01,0,0,,,,-0.393,-0.064,2.5,13.26,-0.01,,,
104.14,REGROUND,-25.77,-1.01,-9.58,26.55,-0.01,0,0,,,,-0.403,-0.065,1.7,13.26,-0.01,,,
104.19,REGROUND,-25.81,-1.01,-9.58,26.56,-0.01,0,0,,,,-0.393,-0.064,2.5,13.26,-0.01,,,
104.24,REGROUND,-25.81,-1.01,-9.58,26.57,-0.01,0,0,,,,-0.403,-0.065,1.7,13.26,-0.01,,,
104.29,REGROUND,-25.86,-1.02,-9.58,26.59,-0.01,0,0,,,,-0.393,-0.064,2.5,13.26,-0.01,,,
104.34,REGROUND,-25.86,-1.02,-9.58,26.6,-0.01,0,0,,,,-0.403,-0.065,1.9,13.26,-0.01,,,
104.39,REGROUND,-25.9,-1.02,-9.58,26.61,-0.01,0,0,,,,-0.393,-0.064,2.4,13.26,-0.01,,,
104.44,REGROUND,-25.9,-1.02,-9.58,26.62,-0.01,0,0,,,,-0.403,-0.065,3.4,13.26,-0.01,,,
104.49,REGROUND,-25.94,-1.02,-9.58,26.64,-0.01,0,0,,,,-0.393,-0.063,2.3,13.26,-0.01,,,
104.54,REGROUND,-25.94,-1.02,-9.58,26.65,-0.01,0,0,,,,-0.403,-0.065,2.0,13.26,-0.01,,,
104.59,REGROUND,-25.98,-1.02,-9.58,26.66,-0.01,0,0,,,,-0.393,-0.063,2.5,13.26,-0.01,,,
104.64,REGROUND,-25.98,-1.02,-9.58,26.67,-0.01,0,0,,,,-0.403,-0.065,2.0,13.26,-0.01,,,
104.69,REGROUND,-26.02,-1.02,-9.58,26.69,-0.01,0,0,,,,-0.393,-0.063,3.1,13.26,-0.01,,,
104.74,REGROUND,-26.02,-1.02,-9.58,26.7,-0.01,0,0,,,,-0.403,-0.065,2.3,13.26,-0.01,,,
104.79,REGROUND,-26.06,-1.02,-9.58,26.71,-0.01,0,0,,,,-0.394,-0.063,2.7,13.26,-0.01,,,
104.84,REGROUND,-26.06,-1.02,-9.58,26.72,-0.01,0,0,,,,-0.404,-0.065,1.8,13.26,-0.01,,,
104.89,REGROUND,-26.1,-1.03,-9.58,26.74,-0.01,0,0,,,,-0.394,-0.063,2.4,13.26,-0.01,,,
104.94,REGROUND,-26.1,-1.03,-9.58,26.75,-0.01,0,0,,,,-0.404,-0.065,1.8,13.26,-0.01,,,
104.99,REGROUND,-26.14,-1.03,-9.58,26.76,-0.01,0,0,,,,-0.394,-0.063,2.3,13.26,-0.01,,,
105.04,REGROUND,-26.14,-1.03,-9.58,26.77,-0.01,0,0,,,,-0.404,-0.064,1.8,13.26,-0.01,,,
105.09,REGROUND,-26.18,-1.03,-9.58,26.79,-0.01,0,0,,,,-0.394,-0.063,2.4,13.26,-0.01,,,
105.14,REGROUND,-26.18,-1.03,-9.58,26.8,-0.01,0,0,,,,-0.404,-0.064,1.8,13.26,-0.01,,,
105.19,REGROUND,-26.22,-1.03,-9.58,26.81,-0.01,0,0,,,,-0.394,-0.063,2.4,13.26,-0.01,,,
105.24,REGROUND,-26.22,-1.03,-9.58,26.83,-0.01,0,0,,,,-0.404,-0.064,1.8,13.26,-0.01,,,
105.29,REGROUND,-26.26,-1.03,-9.58,26.84,-0.01,0,0,,,,-0.394,-0.063,2.5,13.26,-0.01,,,
105.34,REGROUND,-26.26,-1.03,-9.58,26.85,-0.01,0,0,,,,-0.404,-0.064,1.7,13.26,-0.01,,,
105.39,REGROUND,-26.3,-1.03,-9.58,26.86,-0.01,0,0,,,,-0.394,-0.063,2.5,13.26,-0.01,,,
105.44,REGROUND,-26.3,-1.03,-9.58,26.88,-0.01,0,0,,,,-0.404,-0.064,1.9,13.26,-0.01,,,
105.49,REGROUND,-26.34,-1.04,-9.58,26.89,-0.01,0,0,,,,-0.394,-0.063,2.5,13.26,-0.01,,,
105.54,REGROUND,-26.34,-1.04,-9.58,26.9,-0.01,0,0,,,,-0.404,-0.064,1.8,13.26,-0.01,,,
105.59,REGROUND,-26.38,-1.04,-9.58,26.91,-0.01,0,0,,,,-0.395,-0.063,2.4,13.26,-0.01,,,
105.64,REGROUND,-26.38,-1.04,-9.58,26.93,-0.01,0,0,,,,-0.405,-0.064,1.8,13.26,-0.01,,,
105.69,REGROUND,-26.42,-1.04,-9.58,26.94,-0.01,0,0,,,,-0.395,-0.063,2.4,13.26,-0.01,,,
105.74,REGROUND,-26.42,-1.04,-9.58,26.95,-0.01,0,0,,,,-0.405,-0.065,1.8,13.26,-0.01,,,
105.79,REGROUND,-26.46,-1.04,-9.58,26.96,-0.01,0,0,,,,-0.395,-0.063,2.3,13.26,-0.01,,,
105.84,REGROUND,-26.46,-1.04,-9.58,26.98,-0.01,0,0,,,,-0.405,-0.065,1.8,13.26,-0.01,,,
105.89,REGROUND,-26.5,-1.04,-9.58,26.99,-0.01,0,0,,,,-0.395,-0.064,2.3,13.26,-0.01,,,
105.94,REGROUND,-26.5,-1.04,-9.58,27.0,-0.01,0,0,,,,-0.405,-0.065,1.8,13.26,-0.01,,,
105.99,REGROUND,-26.54,-1.04,-9.58,27.01,-0.01,0,0,,,,-0.395,-0.064,2.5,13.26,-0.01,,,
106.04,REGROUND,-26.54,-1.04,-9.58,27.03,-0.01,0,0,,,,-0.405,-0.065,1.8,13.26,-0.01,,,
106.09,REGROUND,-26.58,-1.04,-9.58,27.04,-0.01,0,0,,,,-0.395,-0.064,2.5,13.26,-0.01,,,
106.14,REGROUND,-26.58,-1.04,-9.58,27.05,-0.01,0,0,,,,-0.405,-0.066,1.9,13.26,-0.01,,,
106.19,REGROUND,-26.62,-1.04,-9.58,27.06,-0.01,0,0,,,,-0.396,-0.064,2.5,13.26,-0.01,,,
106.24,REGROUND,-26.62,-1.04,-9.58,27.08,-0.01,0,0,,,,-0.406,-0.066,1.8,13.26,-0.01,,,
106.29,REGROUND,-26.66,-1.04,-9.58,27.09,-0.01,0,0,,,,-0.396,-0.065,2.4,13.26,-0.01,,,
106.35,REGROUND,-26.7,-1.04,-9.58,27.1,-0.01,0,0,,,,-0.386,-0.063,2.4,13.26,-0.01,,,
106.4,REGROUND,-26.7,-1.04,-9.58,27.11,-0.01,0,0,,,,-0.396,-0.065,1.7,13.26,-0.01,,,
106.45,REGROUND,-26.74,-1.04,-9.58,27.13,-0.01,0,0,,,,-0.386,-0.063,2.3,13.26,-0.01,,,
106.5,REGROUND,-26.74,-1.04,-9.58,27.14,-0.01,0,0,,,,-0.396,-0.065,1.8,13.26,-0.01,,,
106.55,REGROUND,-26.74,-1.04,-9.58,27.15,-0.01,0,0,,,,-0.406,-0.067,1.7,13.26,-0.01,,,
106.6,REGROUND,-26.78,-1.05,-9.58,27.16,-0.01,0,0,,,,-0.396,-0.065,4.2,13.26,-0.01,,,
106.65,REGROUND,-26.78,-1.05,-9.58,27.18,-0.01,0,0,,,,-0.406,-0.067,1.9,13.26,-0.01,,,
106.7,REGROUND,-26.82,-1.05,-9.58,27.19,-0.01,0,0,,,,-0.396,-0.065,2.5,13.26,-0.01,,,
106.75,REGROUND,-26.82,-1.05,-9.58,27.2,-0.01,0,0,,,,-0.406,-0.067,1.8,13.26,-0.01,,,
106.8,REGROUND,-26.86,-1.05,-9.58,27.21,-0.01,0,0,,,,-0.396,-0.065,2.5,13.26,-0.01,,,
106.85,REGROUND,-26.86,-1.05,-9.58,27.23,-0.01,0,0,,,,-0.406,-0.067,1.8,13.26,-0.01,,,
106.9,REGROUND,-26.9,-1.05,-9.58,27.24,-0.01,0,0,,,,-0.397,-0.065,2.5,13.26,-0.01,,,
106.95,REGROUND,-26.94,-1.05,-9.58,27.25,-0.01,0,0,,,,-0.387,-0.064,2.5,13.26,-0.01,,,
107.0,REGROUND,-26.94,-1.05,-9.58,27.26,-0.01,0,0,,,,-0.397,-0.065,1.8,13.26,-0.01,,,
107.05,REGROUND,-26.98,-1.05,-9.58,27.28,-0.01,0,0,,,,-0.387,-0.064,2.4,13.26,-0.01,,,
107.1,REGROUND,-26.98,-1.05,-9.58,27.29,-0.01,0,0,,,,-0.397,-0.065,1.7,13.26,-0.01,,,
107.15,REGROUND,-27.02,-1.05,-9.58,27.3,-0.01,0,0,,,,-0.387,-0.063,2.6,13.26,-0.01,,,
107.2,REGROUND,-27.02,-1.05,-9.58,27.31,-0.01,0,0,,,,-0.397,-0.065,1.8,13.26,-0.01,,,
107.25,REGROUND,-27.02,-1.05,-9.58,27.33,-0.01,0,0,,,,-0.407,-0.067,1.8,13.26,-0.01,,,
107.3,REGROUND,-27.06,-1.06,-9.58,27.34,-0.01,0,0,,,,-0.397,-0.065,2.2,13.26,-0.01,,,
107.35,REGROUND,-27.06,-1.06,-9.58,27.35,-0.01,0,0,,,,-0.407,-0.067,1.8,13.26,-0.01,,,
107.4,REGROUND,-27.1,-1.06,-9.58,27.36,-0.01,0,0,,,,-0.397,-0.065,2.5,13.26,-0.01,,,
107.45,REGROUND,-27.1,-1.06,-9.58,27.38,-0.01,0,0,,,,-0.407,-0.066,1.8,13.26,-0.01,,,
107.5,REGROUND,-27.14,-1.06,-9.58,27.39,-0.01,0,0,,,,-0.397,-0.065,2.5,13.26,-0.01,,,
107.55,REGROUND,-27.18,-1.06,-9.58,27.4,-0.01,0,0,,,,-0.387,-0.063,2.5,13.26,-0.01,,,
107.6,REGROUND,-27.18,-1.06,-9.58,27.41,-0.01,0,0,,,,-0.397,-0.065,1.8,13.26,-0.01,,,
107.65,REGROUND,-27.22,-1.06,-9.58,27.43,-0.01,0,0,,,,-0.388,-0.063,2.4,13.26,-0.01,,,
107.7,REGROUND,-27.22,-1.06,-9.58,27.44,-0.01,0,0,,,,-0.398,-0.065,1.8,13.26,-0.01,,,
107.75,REGROUND,-27.26,-1.06,-9.58,27.45,-0.01,0,0,,,,-0.388,-0.063,2.4,13.26,-0.01,,,
107.8,REGROUND,-27.26,-1.06,-9.58,27.46,-0.01,0,0,,,,-0.398,-0.064,1.7,13.26,-0.01,,,
107.85,REGROUND,-27.26,-1.06,-9.58,27.48,-0.01,0,0,,,,-0.408,-0.066,1.7,13.26,-0.01,,,
107.9,REGROUND,-27.3,-1.07,-9.58,27.49,-0.01,0,0,,,,-0.398,-0.064,2.3,13.26,-0.01,,,
107.95,REGROUND,-27.3,-1.07,-9.58,27.5,-0.01,0,0,,,,-0.408,-0.066,1.8,13.26,-0.01,,,
108.0,REGROUND,-27.34,-1.07,-9.58,27.51,-0.01,0,0,,,,-0.398,-0.064,2.3,13.26,-0.01,,,
108.05,REGROUND,-27.34,-1.07,-9.58,27.53,-0.01,0,0,,,,-0.408,-0.065,1.8,13.26,-0.01,,,
108.1,REGROUND,-27.39,-1.07,-9.58,27.54,-0.01,0,0,,,,-0.398,-0.064,2.3,13.26,-0.01,,,
108.15,REGROUND,-27.43,-1.07,-9.58,27.55,-0.01,0,0,,,,-0.388,-0.062,2.5,13.26,-0.01,,,
108.2,REGROUND,-27.43,-1.07,-9.58,27.56,-0.01,0,0,,,,-0.398,-0.064,1.9,13.26,-0.01,,,
108.25,REGROUND,-27.47,-1.07,-9.58,27.58,-0.01,0,0,,,,-0.388,-0.062,2.5,13.26,-0.01,,,
108.3,REGROUND,-27.47,-1.07,-9.58,27.59,-0.01,0,0,,,,-0.398,-0.064,1.8,13.26,-0.01,,,
108.35,REGROUND,-27.51,-1.07,-9.58,27.6,-0.01,0,0,,,,-0.388,-0.062,2.5,13.26,-0.01,,,
108.4,REGROUND,-27.51,-1.07,-9.58,27.61,-0.01,0,0,,,,-0.398,-0.063,1.8,13.26,-0.01,,,
108.45,REGROUND,-27.55,-1.08,-9.58,27.63,-0.01,0,0,,,,-0.388,-0.062,2.3,13.26,-0.01,,,
108.5,REGROUND,-27.55,-1.08,-9.58,27.64,-0.01,0,0,,,,-0.398,-0.063,1.8,13.26,-0.01,,,
108.55,REGROUND,-27.55,-1.08,-9.58,27.65,-0.01,0,0,,,,-0.408,-0.065,1.8,13.26,-0.01,,,
108.6,REGROUND,-27.59,-1.08,-9.58,27.66,-0.01,0,0,,,,-0.398,-0.063,2.4,13.26,-0.01,,,
108.65,REGROUND,-27.59,-1.08,-9.58,27.68,-0.01,0,0,,,,-0.408,-0.065,1.9,13.26,-0.01,,,
108.7,REGROUND,-27.63,-1.08,-9.58,27.69,-0.01,0,0,,,,-0.398,-0.063,2.6,13.26,-0.01,,,
108.75,REGROUND,-27.67,-1.08,-9.58,27.7,-0.01,0,0,,,,-0.388,-0.062,4.2,13.26,-0.01,,,
108.8,REGROUND,-27.67,-1.08,-9.58,27.71,-0.01,0,0,,,,-0.398,-0.063,1.7,13.26,-0.01,,,
108.85,REGROUND,-27.71,-1.08,-9.58,27.73,-0.01,0,0,,,,-0.388,-0.062,2.3,13.26,-0.01,,,
108.9,REGROUND,-27.71,-1.08,-9.58,27.74,-0.01,0,0,,,,-0.398,-0.063,1.8,13.26,-0.01,,,
108.95,REGROUND,-27.75,-1.08,-9.58,27.75,-0.01,0,0,,,,-0.388,-0.062,2.2,13.26,-0.01,,,
109.0,REGROUND,-27.75,-1.08,-9.58,27.76,-0.01,0,0,,,,-0.398,-0.063,1.8,13.26,-0.01,,,
109.05,REGROUND,-27.79,-1.08,-9.58,27.78,-0.01,0,0,,,,-0.388,-0.062,2.5,13.26,-0.01,,,
109.1,REGROUND,-27.79,-1.08,-9.58,27.79,-0.01,0,0,,,,-0.398,-0.064,1.8,13.26,-0.01,,,
109.15,REGROUND,-27.83,-1.08,-9.58,27.8,-0.01,0,0,,,,-0.389,-0.062,2.6,13.26,-0.01,,,
109.2,REGROUND,-27.83,-1.08,-9.58,27.81,-0.01,0,0,,,,-0.399,-0.064,1.8,13.26,-0.01,,,
109.25,REGROUND,-27.87,-1.09,-9.58,27.83,-0.01,0,0,,,,-0.389,-0.062,2.5,13.26,-0.01,,,
109.3,REGROUND,-27.87,-1.09,-9.58,27.84,-0.01,0,0,,,,-0.399,-0.064,1.7,13.26,-0.01,,,
109.35,REGROUND,-27.91,-1.09,-9.58,27.85,-0.01,0,0,,,,-0.389,-0.063,2.4,13.26,-0.01,,,
109.4,REGROUND,-27.91,-1.09,-9.58,27.86,-0.01,0,0,,,,-0.399,-0.064,1.8,13.26,-0.01,,,
109.45,REGROUND,-27.95,-1.09,-9.58,27.88,-0.01,0,0,,,,-0.389,-0.063,2.4,13.26,-0.01,,,
109.5,REGROUND,-27.95,-1.09,-9.58,27.89,-0.01,0,0,,,,-0.399,-0.065,1.8,13.26,-0.01,,,
109.55,REGROUND,-27.99,-1.09,-9.58,27.9,-0.01,0,0,,,,-0.389,-0.063,2.3,13.26,-0.01,,,
109.6,REGROUND,-27.99,-1.09,-9.58,27.91,-0.01,0,0,,,,-0.399,-0.065,1.8,13.26,-0.01,,,
109.65,REGROUND,-28.03,-1.09,-9.58,27.93,-0.01,0,0,,,,-0.389,-0.063,2.6,13.26,-0.01,,,
109.7,REGROUND,-28.03,-1.09,-9.58,27.94,-0.01,0,0,,,,-0.399,-0.065,1.9,13.26,-0.01,,,
109.75,REGROUND,-28.07,-1.09,-9.58,27.95,-0.01,0,0,,,,-0.39,-0.064,2.5,13.26,-0.01,,,
109.8,REGROUND,-28.07,-1.09,-9.58,27.96,-0.01,0,0,,,,-0.4,-0.065,1.8,13.26,-0.01,,,
109.85,REGROUND,-28.11,-1.09,-9.58,27.98,-0.01,0,0,,,,-0.39,-0.064,2.5,13.26,-0.01,,,
109.9,REGROUND,-28.11,-1.09,-9.58,27.99,-0.01,0,0,,,,-0.4,-0.065,1.8,13.26,-0.01,,,
109.95,REGROUND,-28.15,-1.09,-9.58,28.0,-0.01,0,0,,,,-0.391,-0.064,2.3,13.26,-0.01,,,
110.0,REGROUND,-28.15,-1.09,-9.58,28.01,-0.01,0,0,,,,-0.401,-0.065,1.8,13.26,-0.01,,,
110.05,REGROUND,-28.19,-1.09,-9.58,28.03,-0.01,0,0,,,,-0.391,-0.064,2.5,13.26,-0.01,,,
110.1,REGROUND,-28.19,-1.09,-9.58,28.04,-0.01,0,0,,,,-0.401,-0.066,1.7,13.26,-0.01,,,
110.15,REGROUND,-28.23,-1.1,-9.58,28.05,-0.01,0,0,,,,-0.391,-0.064,2.5,13.26,-0.01,,,
110.2,REGROUND,-28.23,-1.1,-9.58,28.06,-0.01,0,0,,,,-0.401,-0.066,1.8,13.26,-0.01,,,
110.25,REGROUND,-28.27,-1.1,-9.58,28.08,-0.01,0,0,,,,-0.391,-0.064,2.4,13.26,-0.01,,,
110.3,REGROUND,-28.27,-1.1,-9.58,28.09,-0.01,0,0,,,,-0.401,-0.066,1.8,13.26,-0.01,,,
110.35,REGROUND,-28.31,-1.1,-9.58,28.1,-0.01,0,0,,,,-0.391,-0.064,2.3,13.26,-0.01,,,
110.4,REGROUND,-28.31,-1.1,-9.58,28.11,-0.01,0,0,,,,-0.401,-0.066,1.9,13.26,-0.01,,,
110.45,REGROUND,-28.35,-1.1,-9.58,28.13,-0.01,0,0,,,,-0.391,-0.064,2.5,13.26,-0.01,,,
110.5,REGROUND,-28.35,-1.1,-9.58,28.14,-0.01,0,0,,,,-0.401,-0.066,1.8,13.26,-0.01,,,
110.55,REGROUND,-28.39,-1.1,-9.58,28.15,-0.01,0,0,,,,-0.392,-0.064,2.3,13.26,-0.01,,,
110.6,REGROUND,-28.39,-1.1,-9.58,28.16,-0.01,0,0,,,,-0.402,-0.066,1.8,13.26,-0.01,,,
110.65,REGROUND,-28.43,-1.1,-9.58,28.18,-0.01,0,0,,,,-0.392,-0.064,2.3,13.26,-0.01,,,
110.7,REGROUND,-28.43,-1.1,-9.58,28.19,-0.01,0,0,,,,-0.402,-0.066,1.9,13.26,-0.01,,,
110.75,REGROUND,-28.47,-1.1,-9.58,28.2,-0.01,0,0,,,,-0.392,-0.064,2.4,13.26,-0.01,,,
110.8,REGROUND,-28.47,-1.1,-9.58,28.21,-0.01,0,0,,,,-0.402,-0.066,1.8,13.26,-0.01,,,
110.85,REGROUND,-28.51,-1.11,-9.58,28.23,-0.01,0,0,,,,-0.393,-0.064,2.6,13.26,-0.01,,,
110.9,REGROUND,-28.51,-1.11,-9.58,28.24,-0.01,0,0,,,,-0.403,-0.066,1.8,13.26,-0.01,,,
110.95,REGROUND,-28.55,-1.11,-9.58,28.25,-0.01,0,0,,,,-0.393,-0.064,4.4,13.26,-0.01,,,
111.0,REGROUND,-28.55,-1.11,-9.58,28.26,-0.01,0,0,,,,-0.403,-0.066,1.8,13.26,-0.01,,,
111.05,REGROUND,-28.59,-1.11,-9.58,28.28,-0.01,0,0,,,,-0.393,-0.064,2.3,13.26,-0.01,,,
111.1,REGROUND,-28.59,-1.11,-9.58,28.29,-0.01,0,0,,,,-0.403,-0.066,1.8,13.26,-0.01,,,
111.15,REGROUND,-28.63,-1.11,-9.58,28.3,-0.01,0,0,,,,-0.394,-0.064,2.6,13.26,-0.01,,,
111.2,REGROUND,-28.63,-1.11,-9.58,28.31,-0.01,0,0,,,,-0.404,-0.065,1.8,13.26,-0.01,,,
111.25,REGROUND,-28.67,-1.11,-9.58,28.33,-0.01,0,0,,,,-0.394,-0.064,3.0,13.26,-0.01,,,
111.3,REGROUND,-28.67,-1.11,-9.58,28.34,-0.01,0,0,,,,-0.404,-0.065,1.8,13.26,-0.01,,,
111.35,REGROUND,-28.71,-1.11,-9.58,28.35,-0.01,0,0,,,,-0.394,-0.063,2.6,13.26,-0.01,,,
111.4,REGROUND,-28.71,-1.11,-9.58,28.36,-0.01,0,0,,,,-0.404,-0.065,1.8,13.26,-0.01,,,
111.45,REGROUND,-28.75,-1.12,-9.58,28.38,-0.01,0,0,,,,-0.394,-0.063,3.0,13.26,-0.01,,,
111.5,REGROUND,-28.75,-1.12,-9.58,28.39,-0.01,0,0,,,,-0.404,-0.065,1.6,13.26,-0.01,,,
111.55,REGROUND,-28.79,-1.12,-9.58,28.4,-0.01,0,0,,,,-0.395,-0.063,2.4,13.26,-0.01,,,
111.6,REGROUND,-28.79,-1.12,-9.58,28.41,-0.01,0,0,,,,-0.405,-0.064,2.3,13.26,-0.01,,,
111.65,REGROUND,-28.83,-1.12,-9.58,28.43,-0.01,0,0,,,,-0.395,-0.063,3.0,13.26,-0.01,,,
111.7,REGROUND,-28.83,-1.12,-9.58,28.44,-0.01,0,0,,,,-0.405,-0.064,2.3,13.26,-0.01,,,
111.75,REGROUND,-28.87,-1.12,-9.58,28.45,-0.01,0,0,,,,-0.395,-0.062,2.3,13.26,-0.01,,,
111.8,REGROUND,-28.87,-1.12,-9.58,28.46,-0.01,0,0,,,,-0.405,-0.064,1.8,13.26,-0.01,,,
111.85,REGROUND,-28.91,-1.12,-9.58,28.48,-0.01,0,0,,,,-0.395,-0.062,2.6,13.26,-0.01,,,
111.9,REGROUND,-28.91,-1.12,-9.58,28.49,-0.01,0,0,,,,-0.405,-0.064,1.9,13.26,-0.01,,,
111.95,REGROUND,-28.95,-1.13,-9.58,28.5,-0.01,0,0,,,,-0.395,-0.062,2.5,13.26,-0.01,,,
112.0,REGROUND,-28.95,-1.13,-9.58,28.51,-0.01,0,0,,,,-0.405,-0.064,1.9,13.26,-0.01,,,
112.05,REGROUND,-28.99,-1.13,-9.58,28.53,-0.01,0,0,,,,-0.395,-0.062,2.3,13.26,-0.01,,,
112.1,REGROUND,-28.99,-1.13,-9.58,28.54,-0.01,0,0,,,,-0.405,-0.064,1.8,13.26,-0.01,,,
112.15,REGROUND,-29.03,-1.13,-9.58,28.55,-0.01,0,0,,,,-0.395,-0.062,2.6,13.26,-0.01,,,
112.2,REGROUND,-29.03,-1.13,-9.58,28.56,-0.01,0,0,,,,-0.405,-0.064,1.8,13.26,-0.01,,,
112.25,REGROUND,-29.07,-1.13,-9.58,28.58,-0.01,0,0,,,,-0.395,-0.062,2.5,13.26,-0.01,,,
112.3,REGROUND,-29.07,-1.13,-9.58,28.59,-0.01,0,0,,,,-0.405,-0.064,1.8,13.26,-0.01,,,
112.35,REGROUND,-29.11,-1.13,-9.58,28.6,-0.01,0,0,,,,-0.395,-0.062,2.4,13.26,-0.01,,,
112.4,REGROUND,-29.11,-1.13,-9.58,28.62,-0.01,0,0,,,,-0.405,-0.064,1.8,13.26,-0.01,,,
112.45,REGROUND,-29.15,-1.13,-9.58,28.63,-0.01,0,0,,,,-0.395,-0.063,2.3,13.26,-0.01,,,
112.5,REGROUND,-29.15,-1.13,-9.58,28.64,-0.01,0,0,,,,-0.405,-0.064,1.9,13.26,-0.01,,,
112.55,REGROUND,-29.19,-1.13,-9.58,28.65,-0.01,0,0,,,,-0.395,-0.063,2.3,13.26,-0.01,,,
112.6,REGROUND,-29.19,-1.13,-9.58,28.67,-0.01,0,0,,,,-0.405,-0.065,1.9,13.26,-0.01,,,
112.65,REGROUND,-29.23,-1.13,-9.58,28.68,-0.01,0,0,,,,-0.395,-0.063,2.6,13.26,-0.01,,,
112.7,REGROUND,-29.23,-1.13,-9.58,28.69,-0.01,0,0,,,,-0.405,-0.065,1.8,13.26,-0.01,,,
112.75,REGROUND,-29.27,-1.13,-9.58,28.7,-0.01,0,0,,,,-0.395,-0.063,2.5,13.26,-0.01,,,
112.8,REGROUND,-29.27,-1.13,-9.58,28.72,-0.01,0,0,,,,-0.405,-0.065,1.8,13.26,-0.01,,,
112.85,REGROUND,-29.32,-1.13,-9.58,28.73,-0.01,0,0,,,,-0.395,-0.064,2.6,13.26,-0.01,,,
112.9,REGROUND,-29.32,-1.13,-9.58,28.74,-0.01,0,0,,,,-0.405,-0.065,1.8,13.26,-0.01,,,
112.95,REGROUND,-29.36,-1.14,-9.58,28.75,-0.01,0,0,,,,-0.395,-0.064,2.4,13.26,-0.01,,,
113.0,REGROUND,-29.36,-1.14,-9.58,28.77,-0.01,0,0,,,,-0.405,-0.065,1.8,13.26,-0.01,,,
113.05,REGROUND,-29.4,-1.14,-9.58,28.78,-0.01,0,0,,,,-0.395,-0.064,2.6,13.26,-0.01,,,
113.1,REGROUND,-29.4,-1.14,-9.58,28.79,-0.01,0,0,,,,-0.405,-0.066,3.7,13.26,-0.01,,,
113.15,REGROUND,-29.44,-1.14,-9.58,28.8,-0.01,0,0,,,,-0.395,-0.064,2.4,13.26,-0.01,,,
113.2,REGROUND,-29.44,-1.14,-9.58,28.82,-0.01,0,0,,,,-0.405,-0.066,1.8,13.26,-0.01,,,
113.25,REGROUND,-29.48,-1.14,-9.58,28.83,-0.01,0,0,,,,-0.394,-0.064,2.3,13.26,-0.01,,,
113.3,REGROUND,-29.48,-1.14,-9.58,28.84,-0.01,0,0,,,,-0.404,-0.066,2.0,13.26,-0.01,,,
113.35,REGROUND,-29.52,-1.14,-9.58,28.85,-0.01,0,0,,,,-0.395,-0.064,2.5,13.26,-0.01,,,
113.4,REGROUND,-29.52,-1.14,-9.58,28.87,-0.01,0,0,,,,-0.405,-0.066,1.8,13.26,-0.01,,,
113.45,REGROUND,-29.56,-1.14,-9.58,28.88,-0.01,0,0,,,,-0.395,-0.065,2.5,13.26,-0.01,,,
113.5,REGROUND,-29.56,-1.14,-9.58,28.89,-0.01,0,0,,,,-0.405,-0.066,1.8,13.26,-0.01,,,
113.56,REGROUND,-29.6,-1.14,-9.58,28.9,-0.01,0,0,,,,-0.395,-0.064,2.5,13.26,-0.01,,,
113.61,REGROUND,-29.6,-1.14,-9.58,28.92,-0.01,0,0,,,,-0.405,-0.066,1.8,13.26,-0.01,,,
113.66,REGROUND,-29.64,-1.14,-9.58,28.93,-0.01,0,0,,,,-0.395,-0.065,2.4,13.26,-0.01,,,
113.71,REGROUND,-29.64,-1.14,-9.58,28.94,-0.01,0,0,,,,-0.405,-0.066,1.7,13.26,-0.01,,,
113.76,REGROUND,-29.68,-1.15,-9.58,28.95,-0.01,0,0,,,,-0.395,-0.064,2.4,13.26,-0.01,,,
113.81,REGROUND,-29.68,-1.15,-9.58,28.97,-0.01,0,0,,,,-0.405,-0.066,1.8,13.26,-0.01,,,
113.86,REGROUND,-29.72,-1.15,-9.58,28.98,-0.01,0,0,,,,-0.395,-0.065,2.4,13.26,-0.01,,,
113.91,REGROUND,-29.72,-1.15,-9.58,28.99,-0.01,0,0,,,,-0.405,-0.066,1.8,13.26,-0.01,,,
113.96,REGROUND,-29.76,-1.15,-9.58,29.0,-0.01,0,0,,,,-0.395,-0.064,2.3,13.26,-0.01,,,
114.01,REGROUND,-29.76,-1.15,-9.58,29.02,-0.01,0,0,,,,-0.405,-0.066,1.8,13.26,-0.01,,,
114.06,REGROUND,-29.8,-1.15,-9.58,29.03,-0.01,0,0,,,,-0.395,-0.064,2.4,13.26,-0.01,,,
114.11,REGROUND,-29.8,-1.15,-9.58,29.04,-0.01,0,0,,,,-0.405,-0.066,1.9,13.26,-0.01,,,
114.16,REGROUND,-29.84,-1.15,-9.58,29.05,-0.01,0,0,,,,-0.395,-0.064,2.6,13.26,-0.01,,,
114.21,REGROUND,-29.84,-1.15,-9.58,29.07,-0.01,0,0,,,,-0.405,-0.066,1.8,13.26,-0.01,,,
114.26,REGROUND,-29.88,-1.15,-9.58,29.08,-0.01,0,0,,,,-0.395,-0.064,2.5,13.26,-0.01,,,
114.31,REGROUND,-29.88,-1.15,-9.58,29.09,-0.01,0,0,,,,-0.405,-0.066,1.6,13.26,-0.01,,,
114.36,REGROUND,-29.92,-1.15,-9.58,29.1,-0.01,0,0,,,,-0.395,-0.064,2.5,13.26,-0.01,,,
114.41,REGROUND,-29.92,-1.15,-9.58,29.12,-0.01,0,0,,,,-0.405,-0.066,1.7,13.26,-0.01,,,
114.46,REGROUND,-29.96,-1.16,-9.58,29.13,-0.01,0,0,,,,-0.395,-0.064,2.5,13.26,-0.01,,,
114.51,REGROUND,-29.96,-1.16,-9.58,29.14,-0.01,0,0,,,,-0.405,-0.065,1.8,13.26,-0.01,,,
114.56,REGROUND,-30.0,-1.16,-9.58,29.15,-0.01,0,0,,,,-0.395,-0.063,2.4,13.26,-0.01,,,
114.61,REGROUND,-30.0,-1.16,-9.58,29.17,-0.01,0,0,,,,-0.405,-0.065,1.8,13.26,-0.01,,,
114.66,REGROUND,-30.04,-1.16,-9.58,29.18,-0.01,0,0,,,,-0.395,-0.063,2.4,13.26,-0.01,,,
114.71,REGROUND,-30.04,-1.16,-9.58,29.19,-0.01,0,0,,,,-0.405,-0.065,1.8,13.26,-0.01,,,
114.76,REGROUND,-30.08,-1.16,-9.58,29.2,-0.01,0,0,,,,-0.395,-0.063,2.5,13.26,-0.01,,,
114.81,REGROUND,-30.08,-1.16,-9.58,29.22,-0.01,0,0,,,,-0.405,-0.065,1.9,13.26,-0.01,,,
114.86,REGROUND,-30.13,-1.16,-9.58,29.23,-0.01,0,0,,,,-0.395,-0.063,2.6,13.26,-0.01,,,
114.91,REGROUND,-30.13,-1.16,-9.58,29.24,-0.01,0,0,,,,-0.405,-0.065,1.8,13.26,-0.01,,,
114.96,REGROUND,-30.17,-1.16,-9.58,29.25,-0.01,0,0,,,,-0.395,-0.063,2.5,13.26,-0.01,,,
115.01,REGROUND,-30.17,-1.16,-9.58,29.27,-0.01,0,0,,,,-0.405,-0.065,1.7,13.26,-0.01,,,
115.06,REGROUND,-30.21,-1.17,-9.58,29.28,-0.01,0,0,,,,-0.395,-0.063,2.5,13.26,-0.01,,,
115.11,REGROUND,-30.21,-1.17,-9.58,29.29,-0.01,0,0,,,,-0.405,-0.065,1.8,13.26,-0.01,,,
115.16,REGROUND,-30.25,-1.17,-9.58,29.3,-0.01,0,0,,,,-0.395,-0.063,2.5,13.26,-0.01,,,
115.21,REGROUND,-30.25,-1.17,-9.58,29.32,-0.01,0,0,,,,-0.405,-0.065,1.7,13.26,-0.01,,,
115.26,REGROUND,-30.29,-1.17,-9.58,29.33,-0.01,0,0,,,,-0.395,-0.063,3.9,13.26,-0.01,,,
115.31,REGROUND,-30.29,-1.17,-9.58,29.34,-0.01,0,0,,,,-0.405,-0.065,1.4,13.26,-0.01,,,
115.36,REGROUND,-30.33,-1.17,-9.58,29.35,-0.01,0,0,,,,-0.395,-0.063,2.3,13.26,-0.01,,,
115.41,REGROUND,-30.33,-1.17,-9.58,29.37,-0.01,0,0,,,,-0.405,-0.065,1.8,13.26,-0.01,,,
115.46,REGROUND,-30.37,-1.17,-9.58,29.38,-0.01,0,0,,,,-0.395,-0.063,2.5,13.26,-0.01,,,
115.51,REGROUND,-30.37,-1.17,-9.58,29.39,-0.01,0,0,,,,-0.405,-0.065,1.8,13.26,-0.01,,,
115.56,REGROUND,-30.41,-1.17,-9.58,29.4,-0.01,0,0,,,,-0.395,-0.063,2.5,13.26,-0.01,,,
115.61,REGROUND,-30.41,-1.17,-9.58,29.42,-0.01,0,0,,,,-0.405,-0.065,1.8,13.26,-0.01,,,
115.66,REGROUND,-30.45,-1.17,-9.58,29.43,-0.01,0,0,,,,-0.395,-0.064,2.4,13.26,-0.01,,,
115.71,REGROUND,-30.45,-1.17,-9.58,29.44,-0.01,0,0,,,,-0.405,-0.065,1.8,13.26,-0.01,,,
115.76,REGROUND,-30.49,-1.17,-9.58,29.45,-0.01,0,0,,,,-0.395,-0.064,2.5,13.26,-0.01,,,
115.81,REGROUND,-30.49,-1.17,-9.58,29.47,-0.01,0,0,,,,-0.405,-0.065,1.8,13.26,-0.01,,,
115.86,REGROUND,-30.53,-1.18,-9.58,29.48,-0.01,0,0,,,,-0.395,-0.064,2.4,13.26,-0.01,,,
115.91,REGROUND,-30.53,-1.18,-9.58,29.49,-0.01,0,0,,,,-0.405,-0.065,1.9,13.26,-0.01,,,
115.96,REGROUND,-30.57,-1.18,-9.58,29.5,-0.01,0,0,,,,-0.395,-0.064,2.4,13.26,-0.01,,,
116.01,REGROUND,-30.57,-1.18,-9.58,29.52,-0.01,0,0,,,,-0.405,-0.066,1.8,13.26,-0.01,,,
116.06,REGROUND,-30.61,-1.18,-9.58,29.53,-0.01,0,0,,,,-0.395,-0.064,2.4,13.26,-0.01,,,
116.11,REGROUND,-30.61,-1.18,-9.58,29.54,-0.01,0,0,,,,-0.405,-0.066,1.8,13.26,-0.01,,,
116.16,REGROUND,-30.65,-1.18,-9.58,29.55,-0.01,0,0,,,,-0.396,-0.064,2.6,13.26,-0.01,,,
116.21,REGROUND,-30.65,-1.18,-9.58,29.57,-0.01,0,0,,,,-0.406,-0.066,1.9,13.26,-0.01,,,
116.26,REGROUND,-30.69,-1.18,-9.58,29.58,-0.01,0,0,,,,-0.396,-0.064,2.5,13.26,-0.01,,,
116.31,REGROUND,-30.69,-1.18,-9.58,29.59,-0.01,0,0,,,,-0.406,-0.066,1.8,13.26,-0.01,,,
116.36,REGROUND,-30.73,-1.18,-9.58,29.6,-0.01,0,0,,,,-0.396,-0.064,2.5,13.26,-0.01,,,
116.41,REGROUND,-30.73,-1.18,-9.58,29.62,-0.01,0,0,,,,-0.406,-0.066,1.8,13.26,-0.01,,,
116.46,REGROUND,-30.77,-1.18,-9.58,29.63,-0.01,0,0,,,,-0.396,-0.064,2.6,13.26,-0.01,,,
116.51,REGROUND,-30.77,-1.18,-9.58,29.64,-0.01,0,0,,,,-0.406,-0.066,1.8,13.26,-0.01,,,
116.56,REGROUND,-30.81,-1.18,-9.58,29.65,-0.01,0,0,,,,-0.396,-0.064,2.6,13.26,-0.01,,,
116.61,REGROUND,-30.81,-1.18,-9.58,29.67,-0.01,0,0,,,,-0.406,-0.066,1.7,13.26,-0.01,,,
116.66,REGROUND,-30.85,-1.19,-9.58,29.68,-0.01,0,0,,,,-0.396,-0.065,2.5,13.26,-0.01,,,
116.71,REGROUND,-30.85,-1.19,-9.58,29.69,-0.01,0,0,,,,-0.406,-0.066,1.8,13.26,-0.01,,,
116.76,REGROUND,-30.89,-1.19,-9.58,29.7,-0.01,0,0,,,,-0.396,-0.064,2.2,13.26,-0.01,,,
116.81,REGROUND,-30.89,-1.19,-9.58,29.72,-0.01,0,0,,,,-0.406,-0.066,1.8,13.26,-0.01,,,
116.86,REGROUND,-30.93,-1.19,-9.58,29.73,-0.01,0,0,,,,-0.396,-0.064,2.3,13.26,-0.01,,,
116.91,REGROUND,-30.93,-1.19,-9.58,29.74,-0.01,0,0,,,,-0.406,-0.066,1.9,13.26,-0.01,,,
116.96,REGROUND,-30.97,-1.19,-9.58,29.75,-0.01,0,0,,,,-0.396,-0.064,2.4,13.26,-0.01,,,
117.01,REGROUND,-30.97,-1.19,-9.58,29.77,-0.01,0,0,,,,-0.406,-0.066,1.9,13.26,-0.01,,,
117.06,REGROUND,-31.01,-1.19,-9.58,29.78,-0.01,0,0,,,,-0.395,-0.064,2.5,13.26,-0.01,,,
117.11,REGROUND,-31.01,-1.19,-9.58,29.79,-0.01,0,0,,,,-0.405,-0.066,1.8,13.26,-0.01,,,
117.16,REGROUND,-31.05,-1.19,-9.58,29.8,-0.01,0,0,,,,-0.396,-0.064,2.6,13.26,-0.01,,,
117.21,REGROUND,-31.05,-1.19,-9.58,29.82,-0.01,0,0,,,,-0.406,-0.066,1.8,13.26,-0.01,,,
117.26,REGROUND,-31.1,-1.19,-9.58,29.83,-0.01,0,0,,,,-0.395,-0.064,2.5,13.26,-0.01,,,
117.31,REGROUND,-31.1,-1.19,-9.58,29.84,-0.01,0,0,,,,-0.405,-0.066,2.0,13.26,-0.01,,,
117.36,REGROUND,-31.14,-1.2,-9.58,29.85,-0.01,0,0,,,,-0.395,-0.064,2.5,13.26,-0.01,,,
117.41,REGROUND,-31.14,-1.2,-9.58,29.87,-0.01,0,0,,,,-0.405,-0.066,3.6,13.26,-0.01,,,
117.46,REGROUND,-31.18,-1.2,-9.58,29.88,-0.01,0,0,,,,-0.395,-0.064,2.4,13.26,-0.01,,,
117.51,REGROUND,-31.18,-1.2,-9.58,29.89,-0.01,0,0,,,,-0.405,-0.066,1.8,13.26,-0.01,,,
117.56,REGROUND,-31.22,-1.2,-9.58,29.9,-0.01,0,0,,,,-0.395,-0.064,2.4,13.26,-0.01,,,
117.61,REGROUND,-31.22,-1.2,-9.58,29.92,-0.01,0,0,,,,-0.405,-0.066,1.8,13.26,-0.01,,,
117.66,REGROUND,-31.26,-1.2,-9.58,29.93,-0.01,0,0,,,,-0.395,-0.064,2.6,13.26,-0.01,,,
117.71,REGROUND,-31.26,-1.2,-9.58,29.94,-0.01,0,0,,,,-0.405,-0.066,1.9,13.26,-0.01,,,
117.76,REGROUND,-31.3,-1.2,-9.58,29.95,-0.01,0,0,,,,-0.395,-0.064,2.4,13.26,-0.01,,,
117.81,REGROUND,-31.3,-1.2,-9.58,29.97,-0.01,0,0,,,,-0.405,-0.065,1.9,13.26,-0.01,,,
117.86,REGROUND,-31.34,-1.2,-9.58,29.98,-0.01,0,0,,,,-0.395,-0.064,2.5,13.26,-0.01,,,
117.91,REGROUND,-31.34,-1.2,-9.58,29.99,-0.01,0,0,,,,-0.405,-0.065,1.8,13.26,-0.01,,,
117.96,REGROUND,-31.38,-1.2,-9.58,30.0,-0.01,0,0,,,,-0.395,-0.063,2.5,13.26,-0.01,,,
118.01,REGROUND,-31.38,-1.2,-9.58,30.02,-0.01,0,0,,,,-0.405,-0.065,1.8,13.26,-0.01,,,
118.06,REGROUND,-31.42,-1.21,-9.58,30.03,-0.01,0,0,,,,-0.395,-0.063,2.5,13.26,-0.01,,,
118.11,REGROUND,-31.42,-1.21,-9.58,30.04,-0.01,0,0,,,,-0.405,-0.065,1.8,13.26,-0.01,,,
118.16,REGROUND,-31.46,-1.21,-9.58,30.05,-0.01,0,0,,,,-0.395,-0.063,2.5,13.26,-0.01,,,
118.21,REGROUND,-31.46,-1.21,-9.58,30.07,-0.01,0,0,,,,-0.405,-0.065,1.8,13.26,-0.01,,,
118.26,REGROUND,-31.5,-1.21,-9.58,30.08,-0.01,0,0,,,,-0.394,-0.063,2.4,13.26,-0.01,,,
118.31,REGROUND,-31.5,-1.21,-9.58,30.09,-0.01,0,0,,,,-0.404,-0.065,1.8,13.26,-0.01,,,
118.36,REGROUND,-31.54,-1.21,-9.58,30.1,-0.01,0,0,,,,-0.394,-0.063,2.4,13.26,-0.01,,,
118.41,REGROUND,-31.54,-1.21,-9.58,30.12,-0.01,0,0,,,,-0.404,-0.065,1.9,13.26,-0.01,,,
118.46,REGROUND,-31.58,-1.21,-9.58,30.13,-0.01,0,0,,,,-0.394,-0.063,2.3,13.26,-0.01,,,
118.51,REGROUND,-31.58,-1.21,-9.58,30.14,-0.01,0,0,,,,-0.404,-0.065,1.9,13.26,-0.01,,,
118.56,REGROUND,-31.62,-1.21,-9.58,30.15,-0.01,0,0,,,,-0.394,-0.063,2.5,13.26,-0.01,,,
118.61,REGROUND,-31.62,-1.21,-9.58,30.17,-0.01,0,0,,,,-0.404,-0.065,1.8,13.26,-0.01,,,
118.66,REGROUND,-31.67,-1.21,-9.58,30.18,-0.01,0,0,,,,-0.394,-0.063,2.5,13.26,-0.01,,,
118.71,REGROUND,-31.67,-1.21,-9.58,30.19,-0.01,0,0,,,,-0.404,-0.065,1.8,13.26,-0.01,,,
118.76,REGROUND,-31.71,-1.22,-9.58,30.2,-0.01,0,0,,,,-0.394,-0.063,2.5,13.26,-0.01,,,
118.81,REGROUND,-31.71,-1.22,-9.58,30.22,-0.01,0,0,,,,-0.404,-0.065,1.7,13.26,-0.01,,,
118.86,REGROUND,-31.75,-1.22,-9.58,30.23,-0.01,0,0,,,,-0.394,-0.063,2.4,13.26,-0.01,,,
118.91,REGROUND,-31.75,-1.22,-9.58,30.24,-0.01,0,0,,,,-0.404,-0.065,1.8,13.26,-0.01,,,
118.96,REGROUND,-31.79,-1.22,-9.58,30.25,-0.01,0,0,,,,-0.394,-0.063,2.3,13.26,-0.01,,,
119.01,REGROUND,-31.79,-1.22,-9.58,30.27,-0.01,0,0,,,,-0.404,-0.065,1.8,13.26,-0.01,,,
119.06,REGROUND,-31.83,-1.22,-9.58,30.28,-0.01,0,0,,,,-0.394,-0.064,2.3,13.26,-0.01,,,
119.11,REGROUND,-31.83,-1.22,-9.58,30.29,-0.01,0,0,,,,-0.404,-0.065,1.8,13.26,-0.01,,,
119.16,REGROUND,-31.87,-1.22,-9.58,30.3,-0.01,0,0,,,,-0.394,-0.064,2.5,13.26,-0.01,,,
119.21,REGROUND,-31.87,-1.22,-9.58,30.32,-0.01,0,0,,,,-0.404,-0.065,1.9,13.26,-0.01,,,
119.26,REGROUND,-31.91,-1.22,-9.58,30.33,-0.01,0,0,,,,-0.394,-0.064,2.5,13.26,-0.01,,,
119.31,REGROUND,-31.91,-1.22,-9.58,30.34,-0.01,0,0,,,,-0.404,-0.065,1.8,13.26,-0.01,,,
119.36,REGROUND,-31.95,-1.22,-9.58,30.35,-0.01,0,0,,,,-0.394,-0.064,2.5,13.26,-0.01,,,
119.41,REGROUND,-31.95,-1.22,-9.58,30.37,-0.01,0,0,,,,-0.404,-0.065,1.8,13.26,-0.01,,,
119.46,REGROUND,-31.99,-1.22,-9.58,30.38,-0.01,0,0,,,,-0.395,-0.064,2.4,13.26,-0.01,,,
119.51,REGROUND,-31.99,-1.22,-9.58,30.39,-0.01,0,0,,,,-0.405,-0.065,1.8,13.26,-0.01,,,
119.56,REGROUND,-32.03,-1.23,-9.58,30.41,-0.01,0,0,,,,-0.395,-0.064,2.5,13.26,-0.01,,,
119.61,REGROUND,-32.03,-1.23,-9.58,30.42,-0.01,0,0,,,,-0.405,-0.065,3.9,13.26,-0.01,,,
119.66,REGROUND,-32.07,-1.23,-9.58,30.43,-0.01,0,0,,,,-0.395,-0.064,2.4,13.26,-0.01,,,
119.71,REGROUND,-32.07,-1.23,-9.58,30.44,-0.01,0,0,,,,-0.405,-0.065,1.8,13.26,-0.01,,,
119.76,REGROUND,-32.11,-1.23,-9.58,30.46,-0.01,0,0,,,,-0.395,-0.064,2.4,13.26,-0.01,,,
119.81,REGROUND,-32.11,-1.23,-9.58,30.47,-0.01,0,0,,,,-0.405,-0.065,1.8,13.26,-0.01,,,
119.86,REGROUND,-32.15,-1.23,-9.58,30.48,-0.01,0,0,,,,-0.395,-0.064,2.6,13.26,-0.01,,,
119.91,REGROUND,-32.15,-1.23,-9.58,30.49,-0.01,0,0,,,,-0.405,-0.065,1.9,13.26,-0.01,,,
119.96,REGROUND,-32.19,-1.23,-9.58,30.51,-0.01,0,0,,,,-0.395,-0.064,2.5,13.26,-0.01,,,
120.01,REGROUND,-32.19,-1.23,-9.58,30.52,-0.01,0,0,,,,-0.405,-0.065,1.8,13.26,-0.01,,,
120.06,REGROUND,-32.23,-1.23,-9.58,30.53,-0.01,0,0,,,,-0.395,-0.064,2.3,13.26,-0.01,,,
120.11,REGROUND,-32.23,-1.23,-9.58,30.54,-0.01,0,0,,,,-0.405,-0.065,1.8,13.26,-0.01,,,
120.16,REGROUND,-32.27,-1.24,-9.58,30.56,-0.01,0,0,,,,-0.395,-0.063,2.5,13.26,-0.01,,,
120.21,REGROUND,-32.27,-1.24,-9.58,30.57,-0.01,0,0,,,,-0.405,-0.065,1.8,13.26,-0.01,,,
120.26,REGROUND,-32.31,-1.24,-9.58,30.58,-0.01,0,0,,,,-0.396,-0.063,2.4,13.26,-0.01,,,
120.31,REGROUND,-32.31,-1.24,-9.58,30.59,-0.01,0,0,,,,-0.406,-0.065,1.8,13.26,-0.01,,,
120.36,REGROUND,-32.35,-1.24,-9.58,30.61,-0.01,0,0,,,,-0.396,-0.063,2.4,13.26,-0.01,,,
120.41,REGROUND,-32.35,-1.24,-9.58,30.62,-0.01,0,0,,,,-0.406,-0.065,1.8,13.26,-0.01,,,
120.46,REGROUND,-32.39,-1.24,-9.58,30.63,-0.01,0,0,,,,-0.396,-0.063,2.4,13.26,-0.01,,,
120.51,REGROUND,-32.39,-1.24,-9.58,30.64,-0.01,0,0,,,,-0.406,-0.065,1.8,13.26,-0.01,,,
120.56,REGROUND,-32.43,-1.24,-9.58,30.66,-0.01,0,0,,,,-0.396,-0.063,2.5,13.26,-0.01,,,
120.61,REGROUND,-32.43,-1.24,-9.58,30.67,-0.01,0,0,,,,-0.406,-0.064,1.9,13.26,-0.01,,,
120.67,REGROUND,-32.47,-1.24,-9.58,30.68,-0.01,0,0,,,,-0.396,-0.063,2.6,13.26,-0.01,,,
120.72,REGROUND,-32.47,-1.24,-9.58,30.69,-0.01,0,0,,,,-0.406,-0.064,1.8,13.26,-0.01,,,
120.77,REGROUND,-32.51,-1.25,-9.58,30.71,-0.01,0,0,,,,-0.396,-0.063,2.5,13.26,-0.01,,,
120.82,REGROUND,-32.51,-1.25,-9.58,30.72,-0.01,0,0,,,,-0.406,-0.064,1.8,13.26,-0.01,,,
120.87,REGROUND,-32.55,-1.25,-9.58,30.73,-0.01,0,0,,,,-0.396,-0.063,2.5,13.26,-0.01,,,
120.92,REGROUND,-32.55,-1.25,-9.58,30.74,-0.01,0,0,,,,-0.406,-0.064,1.8,13.26,-0.01,,,
120.97,REGROUND,-32.59,-1.25,-9.58,30.76,-0.01,0,0,,,,-0.396,-0.063,2.5,13.26,-0.01,,,
121.02,REGROUND,-32.59,-1.25,-9.58,30.77,-0.01,0,0,,,,-0.406,-0.064,1.7,13.26,-0.01,,,
121.07,REGROUND,-32.63,-1.25,-9.58,30.78,-0.01,0,0,,,,-0.396,-0.063,2.4,13.26,-0.01,,,
121.12,REGROUND,-32.63,-1.25,-9.58,30.79,-0.01,0,0,,,,-0.406,-0.064,1.8,13.26,-0.01,,,
121.17,REGROUND,-32.67,-1.25,-9.58,30.81,-0.01,0,0,,,,-0.396,-0.063,2.4,13.26,-0.01,,,
121.22,REGROUND,-32.67,-1.25,-9.58,30.82,-0.01,0,0,,,,-0.406,-0.064,1.8,13.26,-0.01,,,
121.27,REGROUND,-32.72,-1.25,-9.58,30.83,-0.01,0,0,,,,-0.395,-0.063,2.5,13.26,-0.01,,,
121.32,REGROUND,-32.72,-1.25,-9.58,30.84,-0.01,0,0,,,,-0.405,-0.064,1.9,13.26,-0.01,,,
121.37,REGROUND,-32.76,-1.25,-9.58,30.86,-0.01,0,0,,,,-0.395,-0.063,2.5,13.26,-0.01,,,
121.42,REGROUND,-32.76,-1.25,-9.58,30.87,-0.01,0,0,,,,-0.405,-0.064,1.8,13.26,-0.01,,,
121.47,REGROUND,-32.8,-1.25,-9.58,30.88,-0.01,0,0,,,,-0.395,-0.063,2.3,13.26,-0.01,,,
121.52,REGROUND,-32.8,-1.25,-9.58,30.89,-0.01,0,0,,,,-0.405,-0.065,1.8,13.26,-0.01,,,
121.57,REGROUND,-32.84,-1.25,-9.58,30.91,-0.01,0,0,,,,-0.395,-0.063,2.4,13.26,-0.01,,,
121.62,REGROUND,-32.84,-1.25,-9.58,30.92,-0.01,0,0,,,,-0.405,-0.065,1.8,13.26,-0.01,,,
121.67,REGROUND,-32.88,-1.26,-9.58,30.93,-0.01,0,0,,,,-0.395,-0.063,2.4,13.26,-0.01,,,
121.72,REGROUND,-32.88,-1.26,-9.58,30.94,-0.01,0,0,,,,-0.405,-0.065,1.8,13.26,-0.01,,,
121.77,REGROUND,-32.92,-1.26,-9.58,30.96,-0.01,0,0,,,,-0.395,-0.064,4.2,13.26,-0.01,,,
121.82,REGROUND,-32.92,-1.26,-9.58,30.97,-0.01,0,0,,,,-0.405,-0.065,1.8,13.26,-0.01,,,
121.87,REGROUND,-32.96,-1.26,-9.58,30.98,-0.01,0,0,,,,-0.395,-0.064,2.6,13.26,-0.01,,,
121.92,REGROUND,-32.96,-1.26,-9.58,30.99,-0.01,0,0,,,,-0.405,-0.066,1.8,13.26,-0.01,,,
121.97,REGROUND,-33.0,-1.26,-9.58,31.01,-0.01,0,0,,,,-0.395,-0.064,2.5,13.26,-0.01,,,
122.02,REGROUND,-33.0,-1.26,-9.58,31.02,-0.01,0,0,,,,-0.405,-0.066,1.8,13.26,-0.01,,,
122.07,REGROUND,-33.04,-1.26,-9.58,31.03,-0.01,0,0,,,,-0.395,-0.064,2.5,13.26,-0.01,,,
122.12,REGROUND,-33.04,-1.26,-9.58,31.04,-0.01,0,0,,,,-0.405,-0.066,1.7,13.26,-0.01,,,
122.17,REGROUND,-33.08,-1.26,-9.58,31.06,-0.01,0,0,,,,-0.395,-0.065,2.5,13.26,-0.01,,,
122.22,REGROUND,-33.08,-1.26,-9.58,31.07,-0.01,0,0,,,,-0.405,-0.066,1.8,13.26,-0.01,,,
122.27,REGROUND,-33.12,-1.26,-9.58,31.08,-0.01,0,0,,,,-0.395,-0.065,2.4,13.26,-0.01,,,
122.32,REGROUND,-33.12,-1.26,-9.58,31.09,-0.01,0,0,,,,-0.405,-0.067,1.8,13.26,-0.01,,,
122.37,REGROUND,-33.16,-1.26,-9.58,31.11,-0.01,0,0,,,,-0.395,-0.065,2.3,13.26,-0.01,,,
122.42,REGROUND,-33.16,-1.26,-9.58,31.12,-0.01,0,0,,,,-0.405,-0.067,1.8,13.26,-0.01,,,
122.47,REGROUND,-33.2,-1.26,-9.58,31.13,-0.01,0,0,,,,-0.395,-0.065,2.5,13.26,-0.01,,,
122.52,REGROUND,-33.2,-1.26,-9.58,31.14,-0.01,0,0,,,,-0.405,-0.067,1.9,13.26,-0.01,,,
122.57,REGROUND,-33.24,-1.26,-9.58,31.16,-0.01,0,0,,,,-0.395,-0.065,2.5,13.26,-0.01,,,
122.62,REGROUND,-33.24,-1.26,-9.58,31.17,-0.01,0,0,,,,-0.405,-0.067,1.8,13.26,-0.01,,,
122.67,REGROUND,-33.28,-1.27,-9.58,31.18,-0.01,0,0,,,,-0.394,-0.065,2.6,13.26,-0.01,,,
122.72,REGROUND,-33.28,-1.27,-9.58,31.19,-0.01,0,0,,,,-0.404,-0.067,1.7,13.26,-0.01,,,
122.77,REGROUND,-33.32,-1.27,-9.58,31.21,-0.01,0,0,,,,-0.395,-0.065,2.5,13.26,-0.01,,,
122.82,REGROUND,-33.32,-1.27,-9.58,31.22,-0.01,0,0,,,,-0.405,-0.067,1.8,13.26,-0.01,,,
122.87,REGROUND,-33.36,-1.27,-9.58,31.23,-0.01,0,0,,,,-0.395,-0.065,2.5,13.26,-0.01,,,
122.92,REGROUND,-33.36,-1.27,-9.58,31.24,-0.01,0,0,,,,-0.405,-0.067,1.8,13.26,-0.01,,,
122.97,REGROUND,-33.4,-1.27,-9.58,31.26,-0.01,0,0,,,,-0.395,-0.065,2.4,13.26,-0.01,,,
123.02,REGROUND,-33.4,-1.27,-9.58,31.27,-0.01,0,0,,,,-0.405,-0.067,1.8,13.26,-0.01,,,
123.07,REGROUND,-33.45,-1.27,-9.58,31.28,-0.01,0,0,,,,-0.395,-0.065,2.4,13.26,-0.01,,,
123.12,REGROUND,-33.45,-1.27,-9.58,31.29,-0.01,0,0,,,,-0.405,-0.067,1.8,13.26,-0.01,,,
123.17,REGROUND,-33.49,-1.27,-9.58,31.31,-0.01,0,0,,,,-0.395,-0.065,2.5,13.26,-0.01,,,
123.22,REGROUND,-33.49,-1.27,-9.58,31.32,-0.01,0,0,,,,-0.405,-0.067,1.8,13.26,-0.01,,,
123.27,REGROUND,-33.53,-1.27,-9.58,31.33,-0.01,0,0,,,,-0.395,-0.065,2.4,13.26,-0.01,,,
123.32,REGROUND,-33.53,-1.27,-9.58,31.34,-0.01,0,0,,,,-0.405,-0.066,2.0,13.26,-0.01,,,
123.37,REGROUND,-33.57,-1.28,-9.58,31.36,-0.01,0,0,,,,-0.395,-0.065,2.5,13.26,-0.01,,,
123.42,REGROUND,-33.57,-1.28,-9.58,31.37,-0.01,0,0,,,,-0.405,-0.066,1.8,13.26,-0.01,,,
123.47,REGROUND,-33.61,-1.28,-9.58,31.38,-0.01,0,0,,,,-0.395,-0.065,2.5,13.26,-0.01,,,
123.52,REGROUND,-33.61,-1.28,-9.58,31.39,-0.01,0,0,,,,-0.405,-0.066,1.7,13.26,-0.01,,,
123.57,REGROUND,-33.65,-1.28,-9.58,31.41,-0.01,0,0,,,,-0.395,-0.064,2.5,13.26,-0.01,,,
123.62,REGROUND,-33.65,-1.28,-9.58,31.42,-0.01,0,0,,,,-0.405,-0.066,1.8,13.26,-0.01,,,
123.67,REGROUND,-33.69,-1.28,-9.58,31.43,-0.01,0,0,,,,-0.395,-0.064,2.3,13.26,-0.01,,,
123.72,REGROUND,-33.69,-1.28,-9.58,31.44,-0.01,0,0,,,,-0.405,-0.066,1.5,13.26,-0.01,,,
123.77,REGROUND,-33.73,-1.28,-9.58,31.46,-0.01,0,0,,,,-0.395,-0.064,2.4,13.26,-0.01,,,
123.82,REGROUND,-33.73,-1.28,-9.58,31.47,-0.01,0,0,,,,-0.405,-0.066,1.8,13.26,-0.01,,,
123.87,REGROUND,-33.77,-1.29,-9.58,31.48,-0.01,0,0,,,,-0.395,-0.064,2.7,13.26,-0.01,,,
123.92,REGROUND,-33.77,-1.29,-9.58,31.49,-0.01,0,0,,,,-0.405,-0.065,3.6,13.26,-0.01,,,
123.97,REGROUND,-33.81,-1.29,-9.58,31.51,-0.01,0,0,,,,-0.395,-0.063,2.5,13.26,-0.01,,,
124.02,REGROUND,-33.81,-1.29,-9.58,31.52,-0.01,0,0,,,,-0.405,-0.065,1.9,13.26,-0.01,,,
124.07,REGROUND,-33.85,-1.29,-9.58,31.53,-0.01,0,0,,,,-0.395,-0.063,2.6,13.26,-0.01,,,
124.12,REGROUND,-33.85,-1.29,-9.58,31.54,-0.01,0,0,,,,-0.405,-0.065,1.9,13.26,-0.01,,,
124.17,REGROUND,-33.89,-1.29,-9.58,31.56,-0.01,0,0,,,,-0.395,-0.063,2.6,13.26,-0.01,,,
124.22,REGROUND,-33.89,-1.29,-9.58,31.57,-0.01,0,0,,,,-0.405,-0.064,1.8,13.26,-0.01,,,
124.27,REGROUND,-33.93,-1.29,-9.58,31.58,-0.01,0,0,,,,-0.395,-0.063,2.6,13.26,-0.01,,,
124.32,REGROUND,-33.93,-1.29,-9.58,31.59,-0.01,0,0,,,,-0.405,-0.064,1.8,13.26,-0.01,,,
124.37,REGROUND,-33.97,-1.3,-9.58,31.61,-0.01,0,0,,,,-0.395,-0.062,2.5,13.26,-0.01,,,
124.42,REGROUND,-33.97,-1.3,-9.58,31.62,-0.01,0,0,,,,-0.405,-0.064,1.8,13.26,-0.01,,,
124.47,REGROUND,-34.01,-1.3,-9.58,31.63,-0.01,0,0,,,,-0.395,-0.062,2.4,13.26,-0.01,,,
124.52,REGROUND,-34.01,-1.3,-9.58,31.64,-0.01,0,0,,,,-0.405,-0.064,1.8,13.26,-0.01,,,
124.57,REGROUND,-34.05,-1.3,-9.58,31.66,-0.01,0,0,,,,-0.395,-0.062,2.4,13.26,-0.01,,,
124.62,REGROUND,-34.05,-1.3,-9.58,31.67,-0.01,0,0,,,,-0.405,-0.064,2.0,13.26,-0.01,,,
124.67,REGROUND,-34.09,-1.3,-9.58,31.68,-0.01,0,0,,,,-0.395,-0.062,2.5,13.26,-0.01,,,
124.72,REGROUND,-34.09,-1.3,-9.58,31.69,-0.01,0,0,,,,-0.405,-0.064,1.8,13.26,-0.01,,,
124.77,REGROUND,-34.13,-1.3,-9.58,31.71,-0.01,0,0,,,,-0.395,-0.062,2.6,13.26,-0.01,,,
124.82,REGROUND,-34.13,-1.3,-9.58,31.72,-0.01,0,0,,,,-0.405,-0.064,1.8,13.26,-0.01,,,
124.87,REGROUND,-34.18,-1.3,-9.58,31.73,-0.01,0,0,,,,-0.395,-0.062,2.5,13.26,-0.01,,,
124.92,REGROUND,-34.18,-1.3,-9.58,31.74,-0.01,0,0,,,,-0.405,-0.064,1.7,13.26,-0.01,,,
124.97,REGROUND,-34.22,-1.3,-9.58,31.76,-0.01,0,0,,,,-0.395,-0.062,2.5,13.26,-0.01,,,
125.02,REGROUND,-34.22,-1.3,-9.58,31.77,-0.01,0,0,,,,-0.405,-0.064,1.8,13.26,-0.01,,,
125.07,REGROUND,-34.26,-1.3,-9.58,31.78,-0.01,0,0,,,,-0.395,-0.063,2.4,13.26,-0.01,,,
125.12,REGROUND,-34.26,-1.3,-9.58,31.79,-0.01,0,0,,,,-0.405,-0.064,1.8,13.26,-0.01,,,
125.17,REGROUND,-34.3,-1.3,-9.58,31.81,-0.01,0,0,,,,-0.395,-0.063,2.3,13.26,-0.01,,,
125.22,REGROUND,-34.3,-1.3,-9.58,31.82,-0.01,0,0,,,,-0.405,-0.065,1.8,13.26,-0.01,,,
125.27,REGROUND,-34.34,-1.31,-9.58,31.83,-0.01,0,0,,,,-0.395,-0.063,2.5,13.26,-0.01,,,
125.32,REGROUND,-34.34,-1.31,-9.58,31.84,-0.01,0,0,,,,-0.405,-0.065,1.9,13.26,-0.01,,,
125.37,REGROUND,-34.38,-1.31,-9.58,31.86,-0.01,0,0,,,,-0.395,-0.063,2.5,13.26,-0.01,,,
125.42,REGROUND,-34.38,-1.31,-9.58,31.87,-0.01,0,0,,,,-0.405,-0.065,1.8,13.26,-0.01,,,
125.47,REGROUND,-34.42,-1.31,-9.58,31.88,-0.01,0,0,,,,-0.395,-0.064,2.6,13.26,-0.01,,,
125.52,REGROUND,-34.42,-1.31,-9.58,31.89,-0.01,0,0,,,,-0.405,-0.065,1.8,13.26,-0.01,,,
125.57,REGROUND,-34.46,-1.31,-9.58,31.91,-0.01,0,0,,,,-0.395,-0.064,2.5,13.26,-0.01,,,
125.62,REGROUND,-34.46,-1.31,-9.58,31.92,-0.01,0,0,,,,-0.405,-0.065,1.6,13.26,-0.01,,,
125.67,REGROUND,-34.5,-1.31,-9.58,31.93,-0.01,0,0,,,,-0.395,-0.064,2.3,13.26,-0.01,,,
125.72,REGROUND,-34.5,-1.31,-9.58,31.94,-0.01,0,0,,,,-0.405,-0.066,1.8,13.26,-0.01,,,
125.77,REGROUND,-34.54,-1.31,-9.58,31.96,-0.01,0,0,,,,-0.395,-0.064,2.3,13.26,-0.01,,,
125.82,REGROUND,-34.54,-1.31,-9.58,31.97,-0.01,0,0,,,,-0.405,-0.066,1.8,13.26,-0.01,,,
125.87,REGROUND,-34.58,-1.31,-9.58,31.98,-0.01,0,0,,,,-0.395,-0.064,2.3,13.26,-0.01,,,
125.92,REGROUND,-34.58,-1.31,-9.58,31.99,-0.01,0,0,,,,-0.405,-0.066,1.8,13.26,-0.01,,,
125.97,REGROUND,-34.62,-1.31,-9.58,32.01,-0.01,0,0,,,,-0.395,-0.064,2.6,13.26,-0.01,,,
126.02,REGROUND,-34.62,-1.31,-9.58,32.02,-0.01,0,0,,,,-0.405,-0.066,2.1,13.26,-0.01,,,
126.07,REGROUND,-34.66,-1.31,-9.58,32.03,-0.01,0,0,,,,-0.395,-0.065,4.4,13.26,-0.01,,,
126.12,REGROUND,-34.66,-1.31,-9.58,32.04,-0.01,0,0,,,,-0.405,-0.066,1.8,13.26,-0.01,,,
126.17,REGROUND,-34.7,-1.32,-9.58,32.06,-0.01,0,0,,,,-0.395,-0.065,3.0,13.26,-0.01,,,
126.22,REGROUND,-34.7,-1.32,-9.58,32.07,-0.01,0,0,,,,-0.405,-0.066,2.3,13.26,-0.01,,,
126.27,REGROUND,-34.74,-1.32,-9.58,32.08,-0.01,0,0,,,,-0.395,-0.065,2.9,13.26,-0.01,,,
126.32,REGROUND,-34.74,-1.32,-9.58,32.1,-0.01,0,0,,,,-0.405,-0.066,2.1,13.26,-0.01,,,
126.37,REGROUND,-34.78,-1.32,-9.58,32.11,-0.01,0,0,,,,-0.396,-0.065,2.5,13.26,-0.01,,,
126.42,REGROUND,-34.78,-1.32,-9.58,32.12,-0.01,0,0,,,,-0.406,-0.066,1.7,13.26,-0.01,,,
126.47,REGROUND,-34.82,-1.32,-9.58,32.13,-0.01,0,0,,,,-0.395,-0.065,2.4,13.26,-0.01,,,
126.52,REGROUND,-34.82,-1.32,-9.58,32.15,-0.01,0,0,,,,-0.405,-0.066,1.8,13.26,-0.01,,,
126.57,REGROUND,-34.86,-1.32,-9.58,32.16,-0.01,0,0,,,,-0.396,-0.065,2.4,13.26,-0.01,,,
126.62,REGROUND,-34.86,-1.32,-9.58,32.17,-0.01,0,0,,,,-0.406,-0.066,1.8,13.26,-0.01,,,
126.67,REGROUND,-34.9,-1.32,-9.58,32.18,-0.01,0,0,,,,-0.395,-0.065,2.6,13.26,-0.01,,,
126.72,REGROUND,-34.9,-1.32,-9.58,32.2,-0.01,0,0,,,,-0.405,-0.066,1.6,13.26,-0.01,,,
126.77,REGROUND,-34.94,-1.32,-9.58,32.21,-0.01,0,0,,,,-0.395,-0.064,2.5,13.26,-0.01,,,
126.82,REGROUND,-34.94,-1.32,-9.58,32.22,-0.01,0,0,,,,-0.405,-0.066,1.8,13.26,-0.01,,,
126.87,REGROUND,-34.98,-1.33,-9.58,32.23,-0.01,0,0,,,,-0.395,-0.064,2.5,13.26,-0.01,,,
126.92,REGROUND,-34.98,-1.33,-9.58,32.25,-0.01,0,0,,,,-0.405,-0.066,1.8,13.26,-0.01,,,
126.97,REGROUND,-35.02,-1.33,-9.58,32.26,-0.01,0,0,,,,-0.395,-0.064,2.3,13.26,-0.01,,,
127.02,REGROUND,-35.02,-1.33,-9.58,32.27,-0.01,0,0,,,,-0.405,-0.066,1.8,13.26,-0.01,,,
127.07,REGROUND,-35.07,-1.33,-9.58,32.28,-0.01,0,0,,,,-0.395,-0.064,2.5,13.26,-0.01,,,
127.12,REGROUND,-35.07,-1.33,-9.58,32.3,-0.01,0,0,,,,-0.405,-0.065,1.8,13.26,-0.01,,,
127.17,REGROUND,-35.11,-1.33,-9.58,32.31,-0.01,0,0,,,,-0.395,-0.063,2.5,13.26,-0.01,,,
127.22,REGROUND,-35.11,-1.33,-9.58,32.32,-0.01,0,0,,,,-0.405,-0.065,1.7,13.26,-0.01,,,
127.27,REGROUND,-35.15,-1.33,-9.58,32.33,-0.01,0,0,,,,-0.395,-0.063,2.3,13.26,-0.01,,,
127.32,REGROUND,-35.15,-1.33,-9.58,32.35,-0.01,0,0,,,,-0.405,-0.065,1.8,13.26,-0.01,,,
127.37,REGROUND,-35.19,-1.33,-9.58,32.36,-0.01,0,0,,,,-0.395,-0.063,2.3,13.26,-0.01,,,
127.42,REGROUND,-35.19,-1.33,-9.58,32.37,-0.01,0,0,,,,-0.405,-0.065,1.8,13.26,-0.01,,,
127.48,REGROUND,-35.23,-1.34,-9.58,32.38,-0.01,0,0,,,,-0.395,-0.063,2.3,13.26,-0.01,,,
127.53,REGROUND,-35.23,-1.34,-9.58,32.4,-0.01,0,0,,,,-0.405,-0.065,1.8,13.26,-0.01,,,
127.58,REGROUND,-35.27,-1.34,-9.58,32.41,-0.01,0,0,,,,-0.395,-0.063,2.5,13.26,-0.01,,,
127.63,REGROUND,-35.27,-1.34,-9.58,32.42,-0.01,0,0,,,,-0.405,-0.065,1.8,13.26,-0.01,,,
127.68,REGROUND,-35.31,-1.34,-9.58,32.43,-0.01,0,0,,,,-0.395,-0.063,2.6,13.26,-0.01,,,
127.73,REGROUND,-35.31,-1.34,-9.58,32.45,-0.01,0,0,,,,-0.405,-0.065,1.8,13.26,-0.01,,,
127.78,REGROUND,-35.35,-1.34,-9.58,32.46,-0.01,0,0,,,,-0.395,-0.063,2.5,13.26,-0.01,,,
127.83,REGROUND,-35.35,-1.34,-9.58,32.47,-0.01,0,0,,,,-0.405,-0.064,1.7,13.26,-0.01,,,
127.88,REGROUND,-35.39,-1.34,-9.58,32.48,-0.01,0,0,,,,-0.395,-0.063,2.3,13.26,-0.01,,,
127.93,REGROUND,-35.39,-1.34,-9.58,32.5,-0.01,0,0,,,,-0.405,-0.064,1.7,13.26,-0.01,,,
127.98,REGROUND,-35.43,-1.34,-9.58,32.51,-0.01,0,0,,,,-0.395,-0.063,2.4,13.26,-0.01,,,
128.03,REGROUND,-35.43,-1.34,-9.58,32.52,-0.01,0,0,,,,-0.405,-0.064,1.8,13.26,-0.01,,,
128.08,REGROUND,-35.47,-1.34,-9.58,32.53,-0.01,0,0,,,,-0.395,-0.063,2.4,13.26,-0.01,,,
128.13,REGROUND,-35.47,-1.34,-9.58,32.55,-0.01,0,0,,,,-0.405,-0.065,1.8,13.26,-0.01,,,
128.18,REGROUND,-35.51,-1.35,-9.58,32.56,-0.01,0,0,,,,-0.395,-0.063,3.0,13.26,-0.01,,,
128.23,REGROUND,-35.51,-1.35,-9.58,32.57,-0.01,0,0,,,,-0.405,-0.064,3.5,13.26,-0.01,,,
128.28,REGROUND,-35.55,-1.35,-9.58,32.58,-0.01,0,0,,,,-0.395,-0.063,2.5,13.26,-0.01,,,
128.33,REGROUND,-35.55,-1.35,-9.58,32.6,-0.01,0,0,,,,-0.405,-0.065,1.9,13.26,-0.01,,,
128.38,REGROUND,-35.59,-1.35,-9.58,32.61,-0.01,0,0,,,,-0.394,-0.063,2.5,13.26,-0.01,,,
128.43,REGROUND,-35.59,-1.35,-9.58,32.62,-0.01,0,0,,,,-0.404,-0.065,2.3,13.26,-0.01,,,
128.48,REGROUND,-35.63,-1.35,-9.58,32.63,-0.01,0,0,,,,-0.394,-0.063,2.6,13.26,-0.01,,,
128.53,REGROUND,-35.63,-1.35,-9.58,32.65,-0.01,0,0,,,,-0.404,-0.065,1.8,13.26,-0.01,,,
128.58,REGROUND,-35.67,-1.35,-9.58,32.66,-0.01,0,0,,,,-0.395,-0.063,2.4,13.26,-0.01,,,
128.63,REGROUND,-35.67,-1.35,-9.58,32.67,-0.01,0,0,,,,-0.405,-0.065,1.8,13.26,-0.01,,,
128.68,REGROUND,-35.71,-1.35,-9.58,32.68,-0.01,0,0,,,,-0.394,-0.064,2.5,13.26,-0.01,,,
128.73,REGROUND,-35.71,-1.35,-9.58,32.7,-0.01,0,0,,,,-0.404,-0.065,1.8,13.26,-0.01,,,
128.78,REGROUND,-35.75,-1.35,-9.58,32.71,-0.01,0,0,,,,-0.394,-0.064,2.3,13.26,-0.01,,,
128.83,REGROUND,-35.75,-1.35,-9.58,32.72,-0.01,0,0,,,,-0.404,-0.065,1.8,13.26,-0.01,,,
128.88,REGROUND,-35.8,-1.35,-9.58,32.73,-0.01,0,0,,,,-0.394,-0.064,2.3,13.26,-0.01,,,
128.93,REGROUND,-35.8,-1.35,-9.58,32.75,-0.01,0,0,,,,-0.404,-0.065,1.8,13.26,-0.01,,,
128.98,REGROUND,-35.84,-1.36,-9.58,32.76,-0.01,0,0,,,,-0.394,-0.064,2.3,13.26,-0.01,,,
129.03,REGROUND,-35.84,-1.36,-9.58,32.77,-0.01,0,0,,,,-0.404,-0.065,1.8,13.26,-0.01,,,
129.08,REGROUND,-35.88,-1.36,-9.58,32.78,-0.01,0,0,,,,-0.394,-0.064,2.5,13.26,-0.01,,,
129.13,REGROUND,-35.88,-1.36,-9.58,32.8,-0.01,0,0,,,,-0.404,-0.066,1.8,13.26,-0.01,,,
129.18,REGROUND,-35.92,-1.36,-9.58,32.81,-0.01,0,0,,,,-0.394,-0.064,2.4,13.26,-0.01,,,
129.23,REGROUND,-35.92,-1.36,-9.58,32.82,-0.01,0,0,,,,-0.404,-0.066,1.8,13.26,-0.01,,,
129.28,REGROUND,-35.96,-1.36,-9.58,32.83,-0.01,0,0,,,,-0.394,-0.064,2.4,13.26,-0.01,,,
129.33,REGROUND,-35.96,-1.36,-9.58,32.85,-0.01,0,0,,,,-0.404,-0.066,1.8,13.26,-0.01,,,
129.38,REGROUND,-36.0,-1.36,-9.58,32.86,-0.01,0,0,,,,-0.394,-0.064,2.4,13.26,-0.01,,,
129.43,REGROUND,-36.0,-1.36,-9.58,32.87,-0.01,0,0,,,,-0.404,-0.066,1.8,13.26,-0.01,,,
129.48,REGROUND,-36.04,-1.36,-9.58,32.88,-0.01,0,0,,,,-0.394,-0.064,2.9,13.26,-0.01,,,
129.53,REGROUND,-36.04,-1.36,-9.58,32.9,-0.01,0,0,,,,-0.404,-0.066,1.8,13.26,-0.01,,,
129.58,REGROUND,-36.08,-1.36,-9.58,32.91,-0.01,0,0,,,,-0.395,-0.064,2.3,13.26,-0.01,,,
129.63,REGROUND,-36.08,-1.36,-9.58,32.92,-0.01,0,0,,,,-0.405,-0.066,1.8,13.26,-0.01,,,
129.68,REGROUND,-36.12,-1.36,-9.58,32.93,-0.01,0,0,,,,-0.395,-0.064,3.1,13.26,-0.01,,,
129.73,REGROUND,-36.12,-1.36,-9.58,32.95,-0.01,0,0,,,,-0.405,-0.066,2.5,13.26,-0.01,,,
129.78,REGROUND,-36.16,-1.37,-9.58,32.96,-0.01,0,0,,,,-0.395,-0.064,2.6,13.26,-0.01,,,
129.83,REGROUND,-36.16,-1.37,-9.58,32.97,-0.01,0,0,,,,-0.405,-0.066,1.8,13.26,-0.01,,,
129.88,REGROUND,-36.2,-1.37,-9.58,32.98,-0.01,0,0,,,,-0.395,-0.064,2.5,13.26,-0.01,,,
129.93,REGROUND,-36.2,-1.37,-9.58,33.0,-0.01,0,0,,,,-0.405,-0.066,1.8,13.26,-0.01,,,
129.98,REGROUND,-36.24,-1.37,-9.58,33.01,-0.01,0,0,,,,-0.395,-0.064,2.4,13.26,-0.01,,,
130.03,REGROUND,-36.24,-1.37,-9.58,33.02,-0.01,0,0,,,,-0.405,-0.066,1.8,13.26,-0.01,,,
130.08,REGROUND,-36.28,-1.37,-9.58,33.03,-0.01,0,0,,,,-0.395,-0.064,2.5,13.26,-0.01,,,
130.13,REGROUND,-36.28,-1.37,-9.58,33.05,-0.01,0,0,,,,-0.405,-0.066,1.8,13.26,-0.01,,,
130.18,REGROUND,-36.32,-1.37,-9.58,33.06,-0.01,0,0,,,,-0.395,-0.064,2.4,13.26,-0.01,,,
130.23,REGROUND,-36.32,-1.37,-9.58,33.07,-0.01,0,0,,,,-0.405,-0.065,1.7,13.26,-0.01,,,
130.28,REGROUND,-36.36,-1.37,-9.58,33.08,-0.01,0,0,,,,-0.395,-0.064,2.3,13.26,-0.01,,,
130.33,REGROUND,-36.36,-1.37,-9.58,33.1,-0.01,0,0,,,,-0.405,-0.065,1.9,13.26,-0.01,,,
130.38,REGROUND,-36.4,-1.38,-9.58,33.11,-0.01,0,0,,,,-0.395,-0.063,2.6,13.26,-0.01,,,
130.43,REGROUND,-36.4,-1.38,-9.58,33.12,-0.01,0,0,,,,-0.405,-0.065,3.7,13.26,-0.01,,,
130.48,REGROUND,-36.44,-1.38,-9.58,33.13,-0.01,0,0,,,,-0.395,-0.063,2.5,13.26,-0.01,,,
130.53,REGROUND,-36.44,-1.38,-9.58,33.15,-0.01,0,0,,,,-0.405,-0.065,1.8,13.26,-0.01,,,
130.58,REGROUND,-36.48,-1.38,-9.58,33.16,-0.01,0,0,,,,-0.396,-0.063,2.5,13.26,-0.01,,,
130.63,REGROUND,-36.48,-1.38,-9.58,33.17,-0.01,0,0,,,,-0.406,-0.065,1.8,13.26,-0.01,,,
130.68,REGROUND,-36.52,-1.38,-9.58,33.18,-0.01,0,0,,,,-0.396,-0.063,2.5,13.26,-0.01,,,
130.73,REGROUND,-36.52,-1.38,-9.58,33.2,-0.01,0,0,,,,-0.406,-0.065,1.7,13.26,-0.01,,,
130.78,REGROUND,-36.56,-1.38,-9.58,33.21,-0.01,0,0,,,,-0.396,-0.063,2.4,13.26,-0.01,,,
130.83,REGROUND,-36.56,-1.38,-9.58,33.22,-0.01,0,0,,,,-0.406,-0.065,1.8,13.26,-0.01,,,
130.88,REGROUND,-36.6,-1.38,-9.58,33.23,-0.01,0,0,,,,-0.396,-0.063,2.3,13.26,-0.01,,,
130.93,REGROUND,-36.6,-1.38,-9.58,33.25,-0.01,0,0,,,,-0.406,-0.065,1.8,13.26,-0.01,,,
130.98,REGROUND,-36.64,-1.38,-9.58,33.26,-0.01,0,0,,,,-0.395,-0.063,2.7,13.26,-0.01,,,
131.03,REGROUND,-36.64,-1.38,-9.58,33.27,-0.01,0,0,,,,-0.405,-0.065,1.8,13.26,-0.01,,,
131.08,REGROUND,-36.68,-1.39,-9.58,33.28,-0.01,0,0,,,,-0.395,-0.063,2.5,13.26,-0.01,,,
131.13,REGROUND,-36.68,-1.39,-9.58,33.3,-0.01,0,0,,,,-0.405,-0.065,1.9,13.26,-0.01,,,
131.18,REGROUND,-36.72,-1.39,-9.58,33.31,-0.01,0,0,,,,-0.395,-0.063,2.5,13.26,-0.01,,,
131.23,REGROUND,-36.72,-1.39,-9.58,33.32,-0.01,0,0,,,,-0.405,-0.065,2.4,13.26,-0.01,,,
131.28,REGROUND,-36.77,-1.39,-9.58,33.33,-0.01,0,0,,,,-0.395,-0.063,2.6,13.26,-0.01,,,
131.33,REGROUND,-36.77,-1.39,-9.58,33.35,-0.01,0,0,,,,-0.405,-0.065,1.8,13.26,-0.01,,,
131.38,REGROUND,-36.81,-1.39,-9.58,33.36,-0.01,0,0,,,,-0.395,-0.063,2.6,13.26,-0.01,,,
131.43,REGROUND,-36.81,-1.39,-9.58,33.37,-0.01,0,0,,,,-0.405,-0.065,1.8,13.26,-0.01,,,
131.48,REGROUND,-36.85,-1.39,-9.58,33.38,-0.01,0,0,,,,-0.395,-0.064,2.6,13.26,-0.01,,,
131.53,REGROUND,-36.85,-1.39,-9.58,33.4,-0.01,0,0,,,,-0.405,-0.065,1.9,13.26,-0.01,,,
131.58,REGROUND,-36.89,-1.39,-9.58,33.41,-0.01,0,0,,,,-0.396,-0.064,2.4,13.26,-0.01,,,
131.63,REGROUND,-36.89,-1.39,-9.58,33.42,-0.01,0,0,,,,-0.406,-0.065,1.8,13.26,-0.01,,,
131.68,REGROUND,-36.93,-1.39,-9.58,33.43,-0.01,0,0,,,,-0.395,-0.064,3.2,13.26,-0.01,,,
131.73,REGROUND,-36.93,-1.39,-9.58,33.45,-0.01,0,0,,,,-0.405,-0.065,2.3,13.26,-0.01,,,
131.78,REGROUND,-36.97,-1.39,-9.58,33.46,-0.01,0,0,,,,-0.395,-0.064,2.8,13.26,-0.01,,,
131.83,REGROUND,-36.97,-1.39,-9.58,33.47,-0.01,0,0,,,,-0.405,-0.065,1.8,13.26,-0.01,,,
131.88,REGROUND,-37.01,-1.39,-9.58,33.48,-0.01,0,0,,,,-0.395,-0.064,3.1,13.26,-0.01,,,
131.93,REGROUND,-37.01,-1.39,-9.58,33.5,-0.01,0,0,,,,-0.405,-0.066,2.4,13.26,-0.01,,,
131.98,REGROUND,-37.05,-1.4,-9.58,33.51,-0.01,0,0,,,,-0.395,-0.064,2.6,13.26,-0.01,,,
132.03,REGROUND,-37.05,-1.4,-9.58,33.52,-0.01,0,0,,,,-0.405,-0.066,2.0,13.26,-0.01,,,
132.08,REGROUND,-37.09,-1.4,-9.58,33.53,-0.01,0,0,,,,-0.395,-0.064,2.5,13.26,-0.01,,,
132.13,REGROUND,-37.09,-1.4,-9.58,33.55,-0.01,0,0,,,,-0.405,-0.066,1.8,13.26,-0.01,,,
132.18,REGROUND,-37.13,-1.4,-9.58,33.56,-0.01,0,0,,,,-0.395,-0.064,2.6,13.26,-0.01,,,
132.23,REGROUND,-37.13,-1.4,-9.58,33.57,-0.01,0,0,,,,-0.405,-0.066,1.8,13.26,-0.01,,,
132.28,REGROUND,-37.17,-1.4,-9.58,33.58,-0.01,0,0,,,,-0.395,-0.064,2.4,13.26,-0.01,,,
132.33,REGROUND,-37.17,-1.4,-9.58,33.6,-0.01,0,0,,,,-0.405,-0.066,1.9,13.26,-0.01,,,
132.38,REGROUND,-37.21,-1.4,-9.58,33.61,-0.01,0,0,,,,-0.395,-0.064,2.5,13.26,-0.01,,,
132.43,REGROUND,-37.21,-1.4,-9.58,33.62,-0.01,0,0,,,,-0.405,-0.066,1.8,13.26,-0.01,,,
132.48,REGROUND,-37.25,-1.4,-9.58,33.63,-0.01,0,0,,,,-0.395,-0.064,3.1,13.26,-0.01,,,
132.53,REGROUND,-37.25,-1.4,-9.58,33.65,-0.01,0,0,,,,-0.405,-0.066,1.9,13.26,-0.01,,,
132.58,REGROUND,-37.29,-1.4,-9.58,33.66,-0.01,0,0,,,,-0.395,-0.064,2.4,13.26,-0.01,,,
132.63,REGROUND,-37.29,-1.4,-9.58,33.67,-0.01,0,0,,,,-0.405,-0.066,3.8,13.26,-0.01,,,
132.68,REGROUND,-37.33,-1.41,-9.58,33.68,-0.01,0,0,,,,-0.395,-0.064,2.6,13.26,-0.01,,,
132.73,REGROUND,-37.33,-1.41,-9.58,33.7,-0.01,0,0,,,,-0.405,-0.066,2.4,13.26,-0.01,,,
132.78,REGROUND,-37.37,-1.41,-9.58,33.71,-0.01,0,0,,,,-0.395,-0.064,3.0,13.26,-0.01,,,
132.83,REGROUND,-37.37,-1.41,-9.58,33.72,-0.01,0,0,,,,-0.405,-0.066,2.4,13.26,-0.01,,,
132.88,REGROUND,-37.41,-1.41,-9.58,33.73,-0.01,0,0,,,,-0.395,-0.064,2.6,13.26,-0.01,,,
132.93,REGROUND,-37.41,-1.41,-9.58,33.75,-0.01,0,0,,,,-0.405,-0.066,2.3,13.26,-0.01,,,
132.98,REGROUND,-37.45,-1.41,-9.58,33.76,-0.01,0,0,,,,-0.395,-0.064,3.0,13.26,-0.01,,,
133.03,REGROUND,-37.45,-1.41,-9.58,33.77,-0.01,0,0,,,,-0.405,-0.066,1.8,13.26,-0.01,,,
133.08,REGROUND,-37.5,-1.41,-9.58,33.78,-0.01,0,0,,,,-0.395,-0.064,2.5,13.26,-0.01,,,
133.13,REGROUND,-37.5,-1.41,-9.58,33.8,-0.01,0,0,,,,-0.405,-0.066,2.2,13.26,-0.01,,,
133.18,REGROUND,-37.54,-1.41,-9.58,33.81,-0.01,0,0,,,,-0.395,-0.064,2.7,13.26,-0.01,,,
133.23,REGROUND,-37.54,-1.41,-9.58,33.82,-0.01,0,0,,,,-0.405,-0.066,1.8,13.26,-0.01,,,
133.28,REGROUND,-37.58,-1.41,-9.58,33.83,-0.01,0,0,,,,-0.394,-0.064,2.3,13.26,-0.01,,,
133.33,REGROUND,-37.58,-1.41,-9.58,33.85,-0.01,0,0,,,,-0.404,-0.066,1.9,13.26,-0.01,,,
133.38,REGROUND,-37.62,-1.42,-9.58,33.86,-0.01,0,0,,,,-0.394,-0.064,2.6,13.26,-0.01,,,
133.43,REGROUND,-37.62,-1.42,-9.58,33.87,-0.01,0,0,,,,-0.404,-0.066,1.9,13.26,-0.01,,,
133.48,REGROUND,-37.66,-1.42,-9.58,33.89,-0.01,0,0,,,,-0.394,-0.064,2.5,13.26,-0.01,,,
133.53,REGROUND,-37.66,-1.42,-9.58,33.9,-0.01,0,0,,,,-0.404,-0.066,1.8,13.26,-0.01,,,
133.58,REGROUND,-37.7,-1.42,-9.58,33.91,-0.01,0,0,,,,-0.394,-0.064,2.5,13.26,-0.01,,,
133.63,REGROUND,-37.7,-1.42,-9.58,33.92,-0.01,0,0,,,,-0.404,-0.065,1.8,13.26,-0.01,,,
133.68,REGROUND,-37.74,-1.42,-9.58,33.94,-0.01,0,0,,,,-0.394,-0.064,2.3,13.26,-0.01,,,
133.73,REGROUND,-37.74,-1.42,-9.58,33.95,-0.01,0,0,,,,-0.404,-0.065,1.8,13.26,-0.01,,,
133.78,REGROUND,-37.78,-1.42,-9.58,33.96,-0.01,0,0,,,,-0.395,-0.063,2.5,13.26,-0.01,,,
133.83,REGROUND,-37.78,-1.42,-9.58,33.97,-0.01,0,0,,,,-0.405,-0.065,1.8,13.26,-0.01,,,
133.88,REGROUND,-37.82,-1.42,-9.58,33.99,-0.01,0,0,,,,-0.395,-0.063,2.5,13.26,-0.01,,,
133.93,REGROUND,-37.82,-1.42,-9.58,34.0,-0.01,0,0,,,,-0.405,-0.065,1.6,13.26,-0.01,,,
133.98,REGROUND,-37.86,-1.43,-9.58,34.01,-0.01,0,0,,,,-0.395,-0.063,2.5,13.26,-0.01,,,
134.03,REGROUND,-37.86,-1.43,-9.58,34.02,-0.01,0,0,,,,-0.405,-0.065,2.5,13.26,-0.01,,,
134.08,REGROUND,-37.9,-1.43,-9.58,34.04,-0.01,0,0,,,,-0.395,-0.063,2.6,13.26,-0.01,,,
134.13,REGROUND,-37.9,-1.43,-9.58,34.05,-0.01,0,0,,,,-0.405,-0.065,1.8,13.26,-0.01,,,
134.18,REGROUND,-37.94,-1.43,-9.58,34.06,-0.01,0,0,,,,-0.395,-0.063,2.6,13.26,-0.01,,,
134.23,REGROUND,-37.94,-1.43,-9.58,34.07,-0.01,0,0,,,,-0.405,-0.065,1.8,13.26,-0.01,,,
134.28,REGROUND,-37.98,-1.43,-9.58,34.09,-0.01,0,0,,,,-0.395,-0.063,3.2,13.26,-0.01,,,
134.33,REGROUND,-37.98,-1.43,-9.58,34.1,-0.01,0,0,,,,-0.405,-0.065,2.3,13.26,-0.01,,,
134.38,REGROUND,-38.02,-1.43,-9.58,34.11,-0.01,0,0,,,,-0.395,-0.063,2.8,13.26,-0.01,,,
134.43,REGROUND,-38.02,-1.43,-9.58,34.12,-0.01,0,0,,,,-0.405,-0.065,2.3,13.26,-0.01,,,
134.48,REGROUND,-38.06,-1.43,-9.58,34.14,-0.01,0,0,,,,-0.395,-0.063,3.2,13.26,-0.01,,,
134.53,REGROUND,-38.06,-1.43,-9.58,34.15,-0.01,0,0,,,,-0.405,-0.065,2.3,13.26,-0.01,,,
134.59,REGROUND,-38.1,-1.43,-9.58,34.16,-0.01,0,0,,,,-0.395,-0.063,2.5,13.26,-0.01,,,
134.64,REGROUND,-38.1,-1.43,-9.58,34.17,-0.01,0,0,,,,-0.405,-0.065,1.9,13.26,-0.01,,,
134.69,REGROUND,-38.14,-1.43,-9.58,34.19,-0.01,0,0,,,,-0.395,-0.064,3.1,13.26,-0.01,,,
134.74,REGROUND,-38.14,-1.43,-9.58,34.2,-0.01,0,0,,,,-0.405,-0.065,1.9,13.26,-0.01,,,
134.79,REGROUND,-38.18,-1.44,-9.58,34.21,-0.01,0,0,,,,-0.395,-0.064,2.5,13.26,-0.01,,,
134.84,REGROUND,-38.18,-1.44,-9.58,34.22,-0.01,0,0,,,,-0.405,-0.065,3.7,13.26,-0.01,,,
134.89,REGROUND,-38.22,-1.44,-9.58,34.24,-0.01,0,0,,,,-0.395,-0.064,2.5,13.26,-0.01,,,
134.94,REGROUND,-38.22,-1.44,-9.58,34.25,-0.01,0,0,,,,-0.405,-0.065,1.8,13.26,-0.01,,,
134.99,REGROUND,-38.26,-1.44,-9.58,34.26,-0.01,0,0,,,,-0.395,-0.064,3.1,13.26,-0.01,,,
135.04,REGROUND,-38.26,-1.44,-9.58,34.27,-0.01,0,0,,,,-0.405,-0.065,2.3,13.26,-0.01,,,
135.09,REGROUND,-38.31,-1.44,-9.58,34.29,-0.01,0,0,,,,-0.395,-0.064,2.9,13.26,-0.01,,,
135.14,REGROUND,-38.31,-1.44,-9.58,34.3,-0.01,0,0,,,,-0.405,-0.066,2.0,13.26,-0.01,,,
135.19,REGROUND,-38.35,-1.44,-9.58,34.31,-0.01,0,0,,,,-0.395,-0.064,2.7,13.26,-0.01,,,
135.24,REGROUND,-38.35,-1.44,-9.58,34.32,-0.01,0,0,,,,-0.405,-0.066,1.8,13.26,-0.01,,,
135.29,REGROUND,-38.39,-1.44,-9.58,34.34,-0.01,0,0,,,,-0.395,-0.064,2.3,13.26,-0.01,,,
135.34,REGROUND,-38.39,-1.44,-9.58,34.35,-0.01,0,0,,,,-0.405,-0.066,1.9,13.26,-0.01,,,
135.39,REGROUND,-38.43,-1.44,-9.58,34.36,-0.01,0,0,,,,-0.395,-0.064,2.3,13.26,-0.01,,,
135.44,REGROUND,-38.43,-1.44,-9.58,34.37,-0.01,0,0,,,,-0.405,-0.066,1.8,13.26,-0.01,,,
135.49,REGROUND,-38.47,-1.44,-9.58,34.39,-0.01,0,0,,,,-0.395,-0.064,2.6,13.26,-0.01,,,
135.54,REGROUND,-38.47,-1.44,-9.58,34.4,-0.01,0,0,,,,-0.405,-0.066,1.8,13.26,-0.01,,,
135.59,REGROUND,-38.51,-1.45,-9.58,34.41,-0.01,0,0,,,,-0.395,-0.064,2.3,13.26,-0.01,,,
135.64,REGROUND,-38.51,-1.45,-9.58,34.42,-0.01,0,0,,,,-0.405,-0.066,1.8,13.26,-0.01,,,
135.69,REGROUND,-38.55,-1.45,-9.58,34.44,-0.01,0,0,,,,-0.395,-0.064,3.2,13.26,-0.01,,,
135.74,REGROUND,-38.55,-1.45,-9.58,34.45,-0.01,0,0,,,,-0.405,-0.066,2.3,13.26,-0.01,,,
135.79,REGROUND,-38.59,-1.45,-9.58,34.46,-0.01,0,0,,,,-0.395,-0.064,2.8,13.26,-0.01,,,
135.84,REGROUND,-38.59,-1.45,-9.58,34.47,-0.01,0,0,,,,-0.405,-0.066,1.8,13.26,-0.01,,,
135.89,REGROUND,-38.63,-1.45,-9.58,34.49,-0.01,0,0,,,,-0.395,-0.064,2.9,13.26,-0.01,,,
135.94,REGROUND,-38.63,-1.45,-9.58,34.5,-0.01,0,0,,,,-0.405,-0.066,1.9,13.26,-0.01,,,
135.99,REGROUND,-38.67,-1.45,-9.58,34.51,-0.01,0,0,,,,-0.395,-0.064,2.4,13.26,-0.01,,,
136.04,REGROUND,-38.67,-1.45,-9.58,34.52,-0.01,0,0,,,,-0.405,-0.066,1.8,13.26,-0.01,,,
136.09,REGROUND,-38.71,-1.45,-9.58,34.54,-0.01,0,0,,,,-0.395,-0.064,2.3,13.26,-0.01,,,
136.14,REGROUND,-38.71,-1.45,-9.58,34.55,-0.01,0,0,,,,-0.405,-0.066,1.8,13.26,-0.01,,,
136.19,REGROUND,-38.75,-1.45,-9.58,34.56,-0.01,0,0,,,,-0.395,-0.064,3.1,13.26,-0.01,,,
136.24,REGROUND,-38.75,-1.45,-9.58,34.57,-0.01,0,0,,,,-0.405,-0.065,2.4,13.26,-0.01,,,
136.29,REGROUND,-38.79,-1.46,-9.58,34.59,-0.01,0,0,,,,-0.395,-0.064,2.5,13.26,-0.01,,,
136.34,REGROUND,-38.79,-1.46,-9.58,34.6,-0.01,0,0,,,,-0.405,-0.065,2.0,13.26,-0.01,,,
136.39,REGROUND,-38.83,-1.46,-9.58,34.61,-0.01,0,0,,,,-0.395,-0.063,3.1,13.26,-0.01,,,
136.44,REGROUND,-38.83,-1.46,-9.58,34.62,-0.01,0,0,,,,-0.405,-0.065,2.0,13.26,-0.01,,,
136.49,REGROUND,-38.87,-1.46,-9.58,34.64,-0.01,0,0,,,,-0.395,-0.063,2.5,13.26,-0.01,,,
136.54,REGROUND,-38.87,-1.46,-9.58,34.65,-0.01,0,0,,,,-0.405,-0.065,1.7,13.26,-0.01,,,
136.59,REGROUND,-38.91,-1.46,-9.58,34.66,-0.01,0,0,,,,-0.395,-0.063,2.6,13.26,-0.01,,,
136.64,REGROUND,-38.91,-1.46,-9.58,34.67,-0.01,0,0,,,,-0.405,-0.065,1.9,13.26,-0.01,,,
136.69,REGROUND,-38.95,-1.46,-9.58,34.69,-0.01,0,0,,,,-0.395,-0.063,2.9,13.26,-0.01,,,
136.74,REGROUND,-38.95,-1.46,-9.58,34.7,-0.01,0,0,,,,-0.405,-0.065,1.8,13.26,-0.01,,,
136.79,REGROUND,-38.99,-1.46,-9.58,34.71,-0.01,0,0,,,,-0.395,-0.063,3.1,13.26,-0.01,,,
136.84,REGROUND,-38.99,-1.46,-9.58,34.72,-0.01,0,0,,,,-0.405,-0.064,2.2,13.26,-0.01,,,
136.89,REGROUND,-39.03,-1.47,-9.58,34.74,-0.01,0,0,,,,-0.395,-0.063,3.0,13.26,-0.01,,,
136.94,REGROUND,-39.03,-1.47,-9.58,34.75,-0.01,0,0,,,,-0.405,-0.064,2.5,13.26,-0.01,,,
136.99,REGROUND,-39.07,-1.47,-9.58,34.76,-0.01,0,0,,,,-0.395,-0.063,3.0,13.26,-0.01,,,
137.04,REGROUND,-39.07,-1.47,-9.58,34.77,-0.01,0,0,,,,-0.405,-0.064,4.0,13.26,-0.01,,,
137.09,REGROUND,-39.11,-1.47,-9.58,34.79,-0.01,0,0,,,,-0.395,-0.063,3.2,13.26,-0.01,,,
137.14,REGROUND,-39.11,-1.47,-9.58,34.8,-0.01,0,0,,,,-0.405,-0.064,1.8,13.26,-0.01,,,
137.19,REGROUND,-39.16,-1.47,-9.58,34.81,-0.01,0,0,,,,-0.395,-0.063,3.3,13.26,-0.01,,,
137.24,REGROUND,-39.16,-1.47,-9.58,34.82,-0.01,0,0,,,,-0.405,-0.064,2.3,13.26,-0.01,,,
137.29,REGROUND,-39.2,-1.47,-9.58,34.84,-0.01,0,0,,,,-0.395,-0.063,3.0,13.26,-0.01,,,
137.34,REGROUND,-39.2,-1.47,-9.58,34.85,-0.01,0,0,,,,-0.405,-0.064,2.2,13.26,-0.01,,,
137.39,REGROUND,-39.24,-1.47,-9.58,34.86,-0.01,0,0,,,,-0.395,-0.063,2.4,13.26,-0.01,,,
137.44,REGROUND,-39.24,-1.47,-9.58,34.87,-0.01,0,0,,,,-0.405,-0.064,1.8,13.26,-0.01,,,
137.49,REGROUND,-39.28,-1.47,-9.58,34.89,-0.01,0,0,,,,-0.395,-0.063,2.4,13.26,-0.01,,,
137.54,REGROUND,-39.28,-1.47,-9.58,34.9,-0.01,0,0,,,,-0.405,-0.065,1.8,13.26,-0.01,,,
137.59,REGROUND,-39.32,-1.47,-9.58,34.91,-0.01,0,0,,,,-0.395,-0.063,2.5,13.26,-0.01,,,
137.64,REGROUND,-39.32,-1.47,-9.58,34.92,-0.01,0,0,,,,-0.405,-0.065,1.9,13.26,-0.01,,,
137.69,REGROUND,-39.36,-1.48,-9.58,34.94,-0.01,0,0,,,,-0.395,-0.063,2.4,13.26,-0.01,,,
137.74,REGROUND,-39.36,-1.48,-9.58,34.95,-0.01,0,0,,,,-0.405,-0.065,2.0,13.26,-0.01,,,
137.79,REGROUND,-39.4,-1.48,-9.58,34.96,-0.01,0,0,,,,-0.395,-0.064,2.5,13.26,-0.01,,,
137.84,REGROUND,-39.4,-1.48,-9.58,34.97,-0.01,0,0,,,,-0.405,-0.065,1.8,13.26,-0.01,,,
137.89,REGROUND,-39.44,-1.48,-9.58,34.99,-0.01,0,0,,,,-0.395,-0.064,2.6,13.26,-0.01,,,
137.94,REGROUND,-39.44,-1.48,-9.58,35.0,-0.01,0,0,,,,-0.405,-0.066,1.8,13.26,-0.01,,,
137.99,REGROUND,-39.48,-1.48,-9.58,35.01,-0.01,0,0,,,,-0.395,-0.064,2.4,13.26,-0.01,,,
138.04,REGROUND,-39.48,-1.48,-9.58,35.02,-0.01,0,0,,,,-0.405,-0.066,1.7,13.26,-0.01,,,
138.09,REGROUND,-39.52,-1.48,-9.58,35.04,-0.01,0,0,,,,-0.395,-0.064,2.4,13.26,-0.01,,,
138.14,REGROUND,-39.52,-1.48,-9.58,35.05,-0.01,0,0,,,,-0.405,-0.066,1.8,13.26,-0.01,,,
138.19,REGROUND,-39.56,-1.48,-9.58,35.06,-0.01,0,0,,,,-0.395,-0.064,2.5,13.26,-0.01,,,
138.24,REGROUND,-39.56,-1.48,-9.58,35.07,-0.01,0,0,,,,-0.405,-0.066,1.8,13.26,-0.01,,,
138.29,REGROUND,-39.6,-1.48,-9.58,35.09,-0.01,0,0,,,,-0.395,-0.064,2.5,13.26,-0.01,,,
138.34,REGROUND,-39.6,-1.48,-9.58,35.1,-0.01,0,0,,,,-0.405,-0.066,1.9,13.26,-0.01,,,
138.39,REGROUND,-39.64,-1.48,-9.58,35.11,-0.01,0,0,,,,-0.395,-0.064,2.5,13.26,-0.01,,,
138.44,REGROUND,-39.64,-1.48,-9.58,35.12,-0.01,0,0,,,,-0.405,-0.066,1.8,13.26,-0.01,,,
138.49,REGROUND,-39.68,-1.48,-9.58,35.14,-0.01,0,0,,,,-0.395,-0.065,2.5,13.26,-0.01,,,
138.54,REGROUND,-39.68,-1.48,-9.58,35.15,-0.01,0,0,,,,-0.405,-0.066,1.8,13.26,-0.01,,,
138.59,REGROUND,-39.72,-1.49,-9.58,35.16,-0.01,0,0,,,,-0.395,-0.065,2.6,13.26,-0.01,,,
138.64,REGROUND,-39.72,-1.49,-9.58,35.17,-0.01,0,0,,,,-0.405,-0.066,1.8,13.26,-0.01,,,
138.69,REGROUND,-39.76,-1.49,-9.58,35.19,-0.01,0,0,,,,-0.395,-0.065,3.0,13.26,-0.01,,,
138.74,REGROUND,-39.76,-1.49,-9.58,35.2,-0.01,0,0,,,,-0.405,-0.066,2.3,13.26,-0.01,,,
138.79,REGROUND,-39.8,-1.49,-9.58,35.21,-0.01,0,0,,,,-0.395,-0.065,2.6,13.26,-0.01,,,
138.84,REGROUND,-39.8,-1.49,-9.58,35.22,-0.01,0,0,,,,-0.405,-0.066,1.8,13.26,-0.01,,,
138.89,REGROUND,-39.84,-1.49,-9.58,35.24,-0.01,0,0,,,,-0.395,-0.065,2.4,13.26,-0.01,,,
138.94,REGROUND,-39.84,-1.49,-9.58,35.25,-0.01,0,0,,,,-0.405,-0.066,1.8,13.26,-0.01,,,
138.99,REGROUND,-39.88,-1.49,-9.58,35.26,-0.01,0,0,,,,-0.395,-0.065,2.4,13.26,-0.01,,,
139.04,REGROUND,-39.88,-1.49,-9.58,35.27,-0.01,0,0,,,,-0.405,-0.066,1.8,13.26,-0.01,,,
139.09,REGROUND,-39.93,-1.49,-9.58,35.29,-0.01,0,0,,,,-0.395,-0.065,2.5,13.26,-0.01,,,
139.14,REGROUND,-39.93,-1.49,-9.58,35.3,-0.01,0,0,,,,-0.405,-0.066,1.9,13.26,-0.01,,,
139.19,REGROUND,-39.97,-1.49,-9.58,35.31,-0.01,0,0,,,,-0.395,-0.065,4.6,13.26,-0.01,,,
139.24,REGROUND,-39.97,-1.49,-9.58,35.32,-0.01,0,0,,,,-0.405,-0.066,1.9,13.26,-0.01,,,
139.29,REGROUND,-40.01,-1.5,-9.58,35.34,-0.01,0,0,,,,-0.395,-0.064,2.5,13.26,-0.01,,,
139.34,REGROUND,-40.01,-1.5,-9.58,35.35,-0.01,0,0,,,,-0.405,-0.066,1.8,13.26,-0.01,,,
139.39,REGROUND,-40.05,-1.5,-9.58,35.36,-0.01,0,0,,,,-0.395,-0.064,2.5,13.26,-0.01,,,
139.44,REGROUND,-40.05,-1.5,-9.58,35.37,-0.01,0,0,,,,-0.405,-0.066,1.8,13.26,-0.01,,,
139.49,REGROUND,-40.09,-1.5,-9.58,35.39,-0.01,0,0,,,,-0.394,-0.064,2.4,13.26,-0.01,,,
139.54,REGROUND,-40.09,-1.5,-9.58,35.4,-0.01,0,0,,,,-0.404,-0.066,1.7,13.26,-0.01,,,
139.59,REGROUND,-40.13,-1.5,-9.58,35.41,-0.01,0,0,,,,-0.395,-0.064,2.4,13.26,-0.01,,,
139.64,REGROUND,-40.13,-1.5,-9.58,35.42,-0.01,0,0,,,,-0.405,-0.066,1.8,13.26,-0.01,,,
139.69,REGROUND,-40.17,-1.5,-9.58,35.44,-0.01,0,0,,,,-0.395,-0.064,2.6,13.26,-0.01,,,
139.74,REGROUND,-40.17,-1.5,-9.58,35.45,-0.01,0,0,,,,-0.405,-0.065,1.8,13.26,-0.01,,,
139.79,REGROUND,-40.21,-1.5,-9.58,35.46,-0.01,0,0,,,,-0.395,-0.063,2.4,13.26,-0.01,,,
139.84,REGROUND,-40.21,-1.5,-9.58,35.47,-0.01,0,0,,,,-0.405,-0.065,1.9,13.26,-0.01,,,
139.89,REGROUND,-40.25,-1.51,-9.58,35.49,-0.01,0,0,,,,-0.395,-0.063,2.5,13.26,-0.01,,,
139.94,REGROUND,-40.25,-1.51,-9.58,35.5,-0.01,0,0,,,,-0.405,-0.065,1.9,13.26,-0.01,,,
139.99,REGROUND,-40.29,-1.51,-9.58,35.51,-0.01,0,0,,,,-0.395,-0.063,2.5,13.26,-0.01,,,
140.04,REGROUND,-40.29,-1.51,-9.58,35.52,-0.01,0,0,,,,-0.405,-0.065,1.8,13.26,-0.01,,,
140.09,REGROUND,-40.33,-1.51,-9.58,35.54,-0.01,0,0,,,,-0.395,-0.063,2.5,13.26,-0.01,,,
140.14,REGROUND,-40.33,-1.51,-9.58,35.55,-0.01,0,0,,,,-0.405,-0.065,1.8,13.26,-0.01,,,
140.19,REGROUND,-40.37,-1.51,-9.58,35.56,-0.01,0,0,,,,-0.395,-0.063,2.5,13.26,-0.01,,,
140.24,REGROUND,-40.37,-1.51,-9.58,35.57,-0.01,0,0,,,,-0.405,-0.064,1.8,13.26,-0.01,,,
140.29,REGROUND,-40.41,-1.51,-9.58,35.59,-0.01,0,0,,,,-0.395,-0.063,2.4,13.26,-0.01,,,
140.34,REGROUND,-40.41,-1.51,-9.58,35.6,-0.01,0,0,,,,-0.405,-0.064,1.8,13.26,-0.01,,,
140.39,REGROUND,-40.45,-1.51,-9.58,35.61,-0.01,0,0,,,,-0.395,-0.063,2.4,13.26,-0.01,,,
140.44,REGROUND,-40.45,-1.51,-9.58,35.62,-0.01,0,0,,,,-0.405,-0.064,1.8,13.26,-0.01,,,
140.49,REGROUND,-40.49,-1.52,-9.58,35.64,-0.01,0,0,,,,-0.395,-0.063,2.3,13.26,-0.01,,,
140.54,REGROUND,-40.49,-1.52,-9.58,35.65,-0.01,0,0,,,,-0.405,-0.064,1.7,13.26,-0.01,,,
140.59,REGROUND,-40.53,-1.52,-9.58,35.66,-0.01,0,0,,,,-0.395,-0.063,2.3,13.26,-0.01,,,
140.64,REGROUND,-40.53,-1.52,-9.58,35.68,-0.01,0,0,,,,-0.405,-0.064,1.9,13.26,-0.01,,,
140.69,REGROUND,-40.57,-1.52,-9.58,35.69,-0.01,0,0,,,,-0.395,-0.063,2.6,13.26,-0.01,,,
140.74,REGROUND,-40.57,-1.52,-9.58,35.7,-0.01,0,0,,,,-0.405,-0.064,1.9,13.26,-0.01,,,
140.79,REGROUND,-40.61,-1.52,-9.58,35.71,-0.01,0,0,,,,-0.395,-0.063,2.6,13.26,-0.01,,,
140.84,REGROUND,-40.61,-1.52,-9.58,35.73,-0.01,0,0,,,,-0.405,-0.064,1.8,13.26,-0.01,,,
140.89,REGROUND,-40.65,-1.52,-9.58,35.74,-0.01,0,0,,,,-0.395,-0.063,2.6,13.26,-0.01,,,
140.94,REGROUND,-40.65,-1.52,-9.58,35.75,-0.01,0,0,,,,-0.405,-0.065,1.8,13.26,-0.01,,,
140.99,REGROUND,-40.69,-1.52,-9.58,35.76,-0.01,0,0,,,,-0.395,-0.063,2.5,13.26,-0.01,,,
141.04,REGROUND,-40.69,-1.52,-9.58,35.78,-0.01,0,0,,,,-0.405,-0.065,1.7,13.26,-0.01,,,
141.09,REGROUND,-40.73,-1.52,-9.58,35.79,-0.01,0,0,,,,-0.395,-0.063,2.4,13.26,-0.01,,,
141.14,REGROUND,-40.73,-1.52,-9.58,35.8,-0.01,0,0,,,,-0.405,-0.065,1.8,13.26,-0.01,,,
141.19,REGROUND,-40.77,-1.52,-9.58,35.81,-0.01,0,0,,,,-0.395,-0.064,2.4,13.26,-0.01,,,
141.24,REGROUND,-40.77,-1.52,-9.58,35.83,-0.01,0,0,,,,-0.405,-0.065,1.8,13.26,-0.01,,,
141.29,REGROUND,-40.82,-1.52,-9.58,35.84,-0.01,0,0,,,,-0.395,-0.064,2.7,13.26,-0.01,,,
141.34,REGROUND,-40.82,-1.52,-9.58,35.85,-0.01,0,0,,,,-0.405,-0.065,3.7,13.26,-0.01,,,
141.39,REGROUND,-40.86,-1.53,-9.58,35.86,-0.01,0,0,,,,-0.395,-0.064,2.5,13.26,-0.01,,,
141.44,REGROUND,-40.86,-1.53,-9.58,35.88,-0.01,0,0,,,,-0.405,-0.065,1.8,13.26,-0.01,,,
141.49,REGROUND,-40.9,-1.53,-9.58,35.89,-0.01,0,0,,,,-0.395,-0.064,2.5,13.26,-0.01,,,
141.54,REGROUND,-40.9,-1.53,-9.58,35.9,-0.01,0,0,,,,-0.405,-0.066,1.8,13.26,-0.01,,,
141.59,REGROUND,-40.94,-1.53,-9.58,35.91,-0.01,0,0,,,,-0.395,-0.064,2.5,13.26,-0.01,,,
141.64,REGROUND,-40.94,-1.53,-9.58,35.93,-0.01,0,0,,,,-0.405,-0.066,1.8,13.26,-0.01,,,
141.69,REGROUND,-40.98,-1.53,-9.58,35.94,-0.01,0,0,,,,-0.395,-0.064,2.4,13.26,-0.01,,,
141.74,REGROUND,-40.98,-1.53,-9.58,35.95,-0.01,0,0,,,,-0.405,-0.066,1.8,13.26,-0.01,,,
141.79,REGROUND,-41.02,-1.53,-9.58,35.96,-0.01,0,0,,,,-0.395,-0.064,2.4,13.26,-0.01,,,
141.85,REGROUND,-41.02,-1.53,-9.58,35.98,-0.01,0,0,,,,-0.405,-0.066,1.8,13.26,-0.01,,,
141.9,REGROUND,-41.06,-1.53,-9.58,35.99,-0.01,0,0,,,,-0.395,-0.064,2.4,13.26,-0.01,,,
141.95,REGROUND,-41.06,-1.53,-9.58,36.0,-0.01,0,0,,,,-0.405,-0.066,1.7,13.26,-0.01,,,
142.0,REGROUND,-41.1,-1.53,-9.58,36.01,-0.01,0,0,,,,-0.395,-0.064,2.4,13.26,-0.01,,,
142.05,REGROUND,-41.1,-1.53,-9.58,36.03,-0.01,0,0,,,,-0.405,-0.066,1.8,13.26,-0.01,,,
142.1,REGROUND,-41.14,-1.53,-9.58,36.04,-0.01,0,0,,,,-0.394,-0.064,2.3,13.26,-0.01,,,
142.15,REGROUND,-41.14,-1.53,-9.58,36.05,-0.01,0,0,,,,-0.404,-0.066,2.0,13.26,-0.01,,,
142.2,REGROUND,-41.18,-1.54,-9.58,36.06,-0.01,0,0,,,,-0.394,-0.064,2.6,13.26,-0.01,,,
142.25,REGROUND,-41.18,-1.54,-9.58,36.08,-0.01,0,0,,,,-0.404,-0.066,1.9,13.26,-0.01,,,
142.3,REGROUND,-41.22,-1.54,-9.58,36.09,-0.01,0,0,,,,-0.394,-0.064,2.6,13.26,-0.01,,,
142.35,REGROUND,-41.22,-1.54,-9.58,36.1,-0.01,0,0,,,,-0.404,-0.066,1.9,13.26,-0.01,,,
142.4,REGROUND,-41.26,-1.54,-9.58,36.11,-0.01,0,0,,,,-0.394,-0.064,2.5,13.26,-0.01,,,
142.45,REGROUND,-41.26,-1.54,-9.58,36.13,-0.01,0,0,,,,-0.404,-0.066,1.8,13.26,-0.01,,,
142.5,REGROUND,-41.3,-1.54,-9.58,36.14,-0.01,0,0,,,,-0.394,-0.064,2.6,13.26,-0.01,,,
142.55,REGROUND,-41.3,-1.54,-9.58,36.15,-0.01,0,0,,,,-0.404,-0.066,1.8,13.26,-0.01,,,
142.6,REGROUND,-41.34,-1.54,-9.58,36.16,-0.01,0,0,,,,-0.395,-0.064,2.5,13.26,-0.01,,,
142.65,REGROUND,-41.34,-1.54,-9.58,36.18,-0.01,0,0,,,,-0.405,-0.066,1.8,13.26,-0.01,,,
142.7,REGROUND,-41.38,-1.54,-9.58,36.19,-0.01,0,0,,,,-0.395,-0.064,2.5,13.26,-0.01,,,
142.75,REGROUND,-41.38,-1.54,-9.58,36.2,-0.01,0,0,,,,-0.405,-0.066,1.8,13.26,-0.01,,,
142.8,REGROUND,-41.42,-1.55,-9.58,36.21,-0.01,0,0,,,,-0.395,-0.064,2.8,13.26,-0.01,,,
142.85,REGROUND,-41.42,-1.55,-9.58,36.23,-0.01,0,0,,,,-0.405,-0.065,2.0,13.26,-0.01,,,
142.9,REGROUND,-41.46,-1.55,-9.58,36.24,-0.01,0,0,,,,-0.395,-0.064,2.5,13.26,-0.01,,,
142.95,REGROUND,-41.46,-1.55,-9.58,36.25,-0.01,0,0,,,,-0.405,-0.065,1.9,13.26,-0.01,,,
143.0,REGROUND,-41.5,-1.55,-9.58,36.26,-0.01,0,0,,,,-0.395,-0.063,2.4,13.26,-0.01,,,
143.05,REGROUND,-41.54,-1.55,-9.58,36.28,-0.01,0,0,,,,-0.385,-0.062,2.7,13.26,-0.01,,,
143.1,REGROUND,-41.54,-1.55,-9.58,36.29,-0.01,0,0,,,,-0.395,-0.063,1.8,13.26,-0.01,,,
143.15,REGROUND,-41.54,-1.55,-9.58,36.3,-0.01,0,0,,,,-0.405,-0.065,1.8,13.26,-0.01,,,
143.2,REGROUND,-41.58,-1.55,-9.58,36.31,-0.01,0,0,,,,-0.395,-0.063,2.6,13.26,-0.01,,,
143.25,REGROUND,-41.58,-1.55,-9.58,36.33,-0.01,0,0,,,,-0.405,-0.065,1.8,13.26,-0.01,,,
143.3,REGROUND,-41.62,-1.55,-9.58,36.34,-0.01,0,0,,,,-0.395,-0.063,2.3,13.26,-0.01,,,
143.35,REGROUND,-41.62,-1.55,-9.58,36.35,-0.01,0,0,,,,-0.405,-0.065,1.8,13.26,-0.01,,,
143.4,REGROUND,-41.66,-1.56,-9.58,36.36,-0.01,0,0,,,,-0.396,-0.063,2.4,13.26,-0.01,,,
143.45,REGROUND,-41.66,-1.56,-9.58,36.38,-0.01,0,0,,,,-0.406,-0.065,1.8,13.26,-0.01,,,
143.5,REGROUND,-41.71,-1.56,-9.58,36.39,-0.01,0,0,,,,-0.396,-0.063,4.3,13.26,-0.01,,,
143.55,REGROUND,-41.71,-1.56,-9.58,36.4,-0.01,0,0,,,,-0.406,-0.065,2.0,13.26,-0.01,,,
143.6,REGROUND,-41.75,-1.56,-9.58,36.41,-0.01,0,0,,,,-0.396,-0.063,2.5,13.26,-0.01,,,
143.65,REGROUND,-41.79,-1.56,-9.58,36.43,-0.01,0,0,,,,-0.386,-0.062,2.5,13.26,-0.01,,,
143.7,REGROUND,-41.79,-1.56,-9.58,36.44,-0.01,0,0,,,,-0.396,-0.063,1.9,13.26,-0.01,,,
143.75,REGROUND,-41.83,-1.56,-9.58,36.45,-0.01,0,0,,,,-0.386,-0.062,2.5,13.26,-0.01,,,
143.8,REGROUND,-41.83,-1.56,-9.58,36.46,-0.01,0,0,,,,-0.396,-0.063,2.4,13.26,-0.01,,,
143.85,REGROUND,-41.83,-1.56,-9.58,36.48,-0.01,0,0,,,,-0.406,-0.065,1.8,13.26,-0.01,,,
143.9,REGROUND,-41.87,-1.56,-9.58,36.49,-0.01,0,0,,,,-0.396,-0.063,2.5,13.26,-0.01,,,
143.95,REGROUND,-41.87,-1.56,-9.58,36.5,-0.01,0,0,,,,-0.406,-0.065,1.8,13.26,-0.01,,,
144.0,REGROUND,-41.91,-1.56,-9.58,36.51,-0.01,0,0,,,,-0.396,-0.063,2.2,13.26,-0.01,,,
144.05,REGROUND,-41.91,-1.56,-9.58,36.53,-0.01,0,0,,,,-0.406,-0.065,1.8,13.26,-0.01,,,
144.1,REGROUND,-41.95,-1.56,-9.58,36.54,-0.01,0,0,,,,-0.396,-0.064,2.4,13.26,-0.01,,,
144.15,REGROUND,-41.95,-1.56,-9.58,36.55,-0.01,0,0,,,,-0.406,-0.065,1.8,13.26,-0.01,,,
144.2,REGROUND,-41.99,-1.56,-9.58,36.56,-0.01,0,0,,,,-0.397,-0.064,2.3,13.26,-0.01,,,
144.25,REGROUND,-42.03,-1.57,-9.58,36.58,-0.01,0,0,,,,-0.387,-0.062,2.4,13.26,-0.01,,,
144.3,REGROUND,-42.03,-1.57,-9.58,36.59,-0.01,0,0,,,,-0.397,-0.064,1.9,13.26,-0.01,,,
144.35,REGROUND,-42.07,-1.57,-9.58,36.6,-0.01,0,0,,,,-0.387,-0.062,2.6,13.26,-0.01,,,
144.4,REGROUND,-42.07,-1.57,-9.58,36.61,-0.01,0,0,,,,-0.397,-0.064,1.9,13.26,-0.01,,,
144.45,REGROUND,-42.11,-1.57,-9.58,36.63,-0.01,0,0,,,,-0.387,-0.062,2.6,13.26,-0.01,,,
144.5,REGROUND,-42.11,-1.57,-9.58,36.64,-0.01,0,0,,,,-0.397,-0.064,1.8,13.26,-0.01,,,
144.55,REGROUND,-42.11,-1.57,-9.58,36.65,-0.01,0,0,,,,-0.407,-0.066,1.8,13.26,-0.01,,,
144.6,REGROUND,-42.15,-1.57,-9.58,36.66,-0.01,0,0,,,,-0.397,-0.064,3.0,13.26,-0.01,,,
144.65,REGROUND,-42.15,-1.57,-9.58,36.68,-0.01,0,0,,,,-0.407,-0.066,1.9,13.26,-0.01,,,
144.7,REGROUND,-42.19,-1.57,-9.58,36.69,-0.01,0,0,,,,-0.397,-0.064,2.5,13.26,-0.01,,,
144.75,REGROUND,-42.19,-1.57,-9.58,36.7,-0.01,0,0,,,,-0.407,-0.066,1.8,13.26,-0.01,,,
144.8,REGROUND,-42.23,-1.57,-9.58,36.71,-0.01,0,0,,,,-0.397,-0.064,3.0,13.26,-0.01,,,
144.85,REGROUND,-42.27,-1.57,-9.58,36.73,-0.01,0,0,,,,-0.387,-0.063,2.9,13.26,-0.01,,,
144.9,REGROUND,-42.27,-1.57,-9.58,36.74,-0.01,0,0,,,,-0.397,-0.064,2.0,13.26,-0.01,,,
144.95,REGROUND,-42.31,-1.58,-9.58,36.75,-0.01,0,0,,,,-0.387,-0.063,2.3,13.26,-0.01,,,
145.0,REGROUND,-42.31,-1.58,-9.58,36.76,-0.01,0,0,,,,-0.397,-0.064,1.7,13.26,-0.01,,,
145.05,REGROUND,-42.35,-1.58,-9.58,36.78,-0.01,0,0,,,,-0.387,-0.063,2.6,13.26,-0.01,,,
145.1,REGROUND,-42.35,-1.58,-9.58,36.79,-0.01,0,0,,,,-0.397,-0.064,1.9,13.26,-0.01,,,
145.15,REGROUND,-42.35,-1.58,-9.58,36.8,-0.01,0,0,,,,-0.407,-0.066,1.8,13.26,-0.01,,,
145.2,REGROUND,-42.39,-1.58,-9.58,36.81,-0.01,0,0,,,,-0.398,-0.064,2.6,13.26,-0.01,,,
145.25,REGROUND,-42.39,-1.58,-9.58,36.83,-0.01,0,0,,,,-0.408,-0.066,1.8,13.26,-0.01,,,
145.3,REGROUND,-42.43,-1.58,-9.58,36.84,-0.01,0,0,,,,-0.398,-0.064,2.5,13.26,-0.01,,,
145.35,REGROUND,-42.47,-1.58,-9.58,36.85,-0.01,0,0,,,,-0.388,-0.063,2.5,13.26,-0.01,,,
145.4,REGROUND,-42.47,-1.58,-9.58,36.86,-0.01,0,0,,,,-0.398,-0.064,1.8,13.26,-0.01,,,
145.45,REGROUND,-42.51,-1.58,-9.58,36.88,-0.01,0,0,,,,-0.388,-0.063,2.4,13.26,-0.01,,,
145.5,REGROUND,-42.51,-1.58,-9.58,36.89,-0.01,0,0,,,,-0.398,-0.065,1.9,13.26,-0.01,,,
145.55,REGROUND,-42.55,-1.58,-9.58,36.9,-0.01,0,0,,,,-0.388,-0.063,2.4,13.26,-0.01,,,
145.6,REGROUND,-42.55,-1.58,-9.58,36.91,-0.01,0,0,,,,-0.398,-0.065,2.0,13.26,-0.01,,,
145.65,REGROUND,-42.59,-1.58,-9.58,36.93,-0.01,0,0,,,,-0.388,-0.063,2.4,13.26,-0.01,,,
145.7,REGROUND,-42.59,-1.58,-9.58,36.94,-0.01,0,0,,,,-0.398,-0.065,4.0,13.26,-0.01,,,
145.75,REGROUND,-42.63,-1.59,-9.58,36.95,-0.01,0,0,,,,-0.388,-0.063,2.6,13.26,-0.01,,,
145.8,REGROUND,-42.63,-1.59,-9.58,36.96,-0.01,0,0,,,,-0.398,-0.065,1.9,13.26,-0.01,,,
145.85,REGROUND,-42.63,-1.59,-9.58,36.98,-0.01,0,0,,,,-0.408,-0.066,1.9,13.26,-0.01,,,
145.9,REGROUND,-42.67,-1.59,-9.58,36.99,-0.01,0,0,,,,-0.398,-0.065,3.0,13.26,-0.01,,,
145.95,REGROUND,-42.71,-1.59,-9.58,37.0,-0.01,0,0,,,,-0.389,-0.063,2.8,13.26,-0.01,,,
146.0,REGROUND,-42.71,-1.59,-9.58,37.01,-0.01,0,0,,,,-0.399,-0.064,2.4,13.26,-0.01,,,
146.05,REGROUND,-42.75,-1.59,-9.58,37.03,-0.01,0,0,,,,-0.389,-0.063,2.6,13.26,-0.01,,,
146.1,REGROUND,-42.75,-1.59,-9.58,37.04,-0.01,0,0,,,,-0.399,-0.064,1.7,13.26,-0.01,,,
146.15,REGROUND,-42.79,-1.59,-9.58,37.05,-0.01,0,0,,,,-0.389,-0.062,2.5,13.26,-0.01,,,
146.2,REGROUND,-42.79,-1.59,-9.58,37.06,-0.01,0,0,,,,-0.399,-0.064,1.9,13.26,-0.01,,,
146.25,REGROUND,-42.83,-1.59,-9.58,37.08,-0.01,0,0,,,,-0.39,-0.062,2.4,13.26,-0.01,,,
146.3,REGROUND,-42.83,-1.59,-9.58,37.09,-0.01,0,0,,,,-0.4,-0.064,1.8,13.26,-0.01,,,
146.35,REGROUND,-42.87,-1.6,-9.58,37.1,-0.01,0,0,,,,-0.39,-0.062,2.3,13.26,-0.01,,,
146.4,REGROUND,-42.87,-1.6,-9.58,37.11,-0.01,0,0,,,,-0.4,-0.064,1.9,13.26,-0.01,,,
146.45,REGROUND,-42.91,-1.6,-9.58,37.13,-0.01,0,0,,,,-0.39,-0.062,2.5,13.26,-0.01,,,
146.5,REGROUND,-42.91,-1.6,-9.58,37.14,-0.01,0,0,,,,-0.4,-0.064,1.9,13.26,-0.01,,,
146.55,REGROUND,-42.95,-1.6,-9.58,37.15,-0.01,0,0,,,,-0.39,-0.062,2.5,13.26,-0.01,,,
146.6,REGROUND,-42.95,-1.6,-9.58,37.16,-0.01,0,0,,,,-0.4,-0.064,1.8,13.26,-0.01,,,
146.65,REGROUND,-42.99,-1.6,-9.58,37.18,-0.01,0,0,,,,-0.39,-0.062,2.6,13.26,-0.01,,,
146.7,REGROUND,-42.99,-1.6,-9.58,37.19,-0.01,0,0,,,,-0.4,-0.064,1.8,13.26,-0.01,,,
146.75,REGROUND,-43.03,-1.6,-9.58,37.2,-0.01,0,0,,,,-0.391,-0.062,2.5,13.26,-0.01,,,
146.8,REGROUND,-43.03,-1.6,-9.58,37.21,-0.01,0,0,,,,-0.401,-0.064,1.7,13.26,-0.01,,,
146.85,REGROUND,-43.07,-1.6,-9.58,37.23,-0.01,0,0,,,,-0.391,-0.063,2.5,13.26,-0.01,,,
146.9,REGROUND,-43.07,-1.6,-9.58,37.24,-0.01,0,0,,,,-0.401,-0.064,1.8,13.26,-0.01,,,
146.95,REGROUND,-43.11,-1.6,-9.58,37.25,-0.01,0,0,,,,-0.391,-0.063,2.4,13.26,-0.01,,,
147.0,REGROUND,-43.11,-1.6,-9.58,37.26,-0.01,0,0,,,,-0.401,-0.064,1.8,13.26,-0.01,,,
147.05,REGROUND,-43.15,-1.6,-9.58,37.28,-0.01,0,0,,,,-0.391,-0.063,2.4,13.26,-0.01,,,
147.1,REGROUND,-43.15,-1.6,-9.58,37.29,-0.01,0,0,,,,-0.401,-0.065,1.9,13.26,-0.01,,,
147.15,REGROUND,-43.19,-1.61,-9.58,37.3,-0.01,0,0,,,,-0.392,-0.063,2.5,13.26,-0.01,,,
147.2,REGROUND,-43.19,-1.61,-9.58,37.31,-0.01,0,0,,,,-0.402,-0.065,1.9,13.26,-0.01,,,
147.25,REGROUND,-43.23,-1.61,-9.58,37.33,-0.01,0,0,,,,-0.392,-0.063,2.5,13.26,-0.01,,,
147.3,REGROUND,-43.23,-1.61,-9.58,37.34,-0.01,0,0,,,,-0.402,-0.065,1.8,13.26,-0.01,,,
147.35,REGROUND,-43.27,-1.61,-9.58,37.35,-0.01,0,0,,,,-0.392,-0.063,2.5,13.26,-0.01,,,
147.4,REGROUND,-43.27,-1.61,-9.58,37.36,-0.01,0,0,,,,-0.402,-0.065,1.8,13.26,-0.01,,,
147.45,REGROUND,-43.31,-1.61,-9.58,37.38,-0.01,0,0,,,,-0.393,-0.064,2.5,13.26,-0.01,,,
147.5,REGROUND,-43.31,-1.61,-9.58,37.39,-0.01,0,0,,,,-0.403,-0.065,2.1,13.26,-0.01,,,
147.55,REGROUND,-43.35,-1.61,-9.58,37.4,-0.01,0,0,,,,-0.393,-0.064,2.8,13.26,-0.01,,,
147.6,REGROUND,-43.35,-1.61,-9.58,37.42,-0.01,0,0,,,,-0.403,-0.065,1.8,13.26,-0.01,,,
147.65,REGROUND,-43.39,-1.61,-9.58,37.43,-0.01,0,0,,,,-0.393,-0.064,2.3,13.26,-0.01,,,
147.7,REGROUND,-43.39,-1.61,-9.58,37.44,-0.01,0,0,,,,-0.403,-0.066,1.8,13.26,-0.01,,,
147.75,REGROUND,-43.43,-1.61,-9.58,37.45,-0.01,0,0,,,,-0.393,-0.064,2.3,13.26,-0.01,,,
147.8,REGROUND,-43.43,-1.61,-9.58,37.47,-0.01,0,0,,,,-0.403,-0.066,2.0,13.26,-0.01,,,
147.85,REGROUND,-43.47,-1.61,-9.58,37.48,-0.01,0,0,,,,-0.393,-0.064,2.6,13.26,-0.01,,,
147.9,REGROUND,-43.47,-1.61,-9.58,37.49,-0.01,0,0,,,,-0.403,-0.066,3.4,13.26,-0.01,,,
147.95,REGROUND,-43.51,-1.61,-9.58,37.5,-0.01,0,0,,,,-0.394,-0.064,2.5,13.26,-0.01,,,
148.0,REGROUND,-43.51,-1.61,-9.58,37.52,-0.01,0,0,,,,-0.404,-0.066,1.8,13.26,-0.01,,,
148.05,REGROUND,-43.55,-1.62,-9.58,37.53,-0.01,0,0,,,,-0.394,-0.064,2.6,13.26,-0.01,,,
148.1,REGROUND,-43.55,-1.62,-9.58,37.54,-0.01,0,0,,,,-0.404,-0.066,1.8,13.26,-0.01,,,
148.15,REGROUND,-43.59,-1.62,-9.58,37.55,-0.01,0,0,,,,-0.394,-0.064,2.4,13.26,-0.01,,,
148.2,REGROUND,-43.59,-1.62,-9.58,37.57,-0.01,0,0,,,,-0.404,-0.066,1.8,13.26,-0.01,,,
148.25,REGROUND,-43.63,-1.62,-9.58,37.58,-0.01,0,0,,,,-0.394,-0.064,2.4,13.26,-0.01,,,
148.3,REGROUND,-43.63,-1.62,-9.58,37.59,-0.01,0,0,,,,-0.404,-0.066,1.9,13.26,-0.01,,,
148.35,REGROUND,-43.67,-1.62,-9.58,37.6,-0.01,0,0,,,,-0.394,-0.064,2.4,13.26,-0.01,,,
148.4,REGROUND,-43.67,-1.62,-9.58,37.62,-0.01,0,0,,,,-0.404,-0.066,1.8,13.26,-0.01,,,
148.45,REGROUND,-43.71,-1.62,-9.58,37.63,-0.01,0,0,,,,-0.394,-0.064,2.3,13.26,-0.01,,,
148.5,REGROUND,-43.71,-1.62,-9.58,37.64,-0.01,0,0,,,,-0.404,-0.066,1.8,13.26,-0.01,,,
148.55,REGROUND,-43.75,-1.62,-9.58,37.65,-0.01,0,0,,,,-0.395,-0.064,2.6,13.26,-0.01,,,
148.6,REGROUND,-43.75,-1.62,-9.58,37.67,-0.01,0,0,,,,-0.405,-0.066,1.9,13.26,-0.01,,,
148.65,REGROUND,-43.79,-1.62,-9.58,37.68,-0.01,0,0,,,,-0.394,-0.064,2.6,13.26,-0.01,,,
148.7,REGROUND,-43.79,-1.62,-9.58,37.69,-0.01,0,0,,,,-0.404,-0.066,1.9,13.26,-0.01,,,
148.75,REGROUND,-43.83,-1.63,-9.58,37.7,-0.01,0,0,,,,-0.395,-0.064,2.6,13.26,-0.01,,,
148.8,REGROUND,-43.83,-1.63,-9.58,37.72,-0.01,0,0,,,,-0.405,-0.066,1.8,13.26,-0.01,,,
148.86,REGROUND,-43.87,-1.63,-9.58,37.73,-0.01,0,0,,,,-0.395,-0.064,2.5,13.26,-0.01,,,
148.91,REGROUND,-43.87,-1.63,-9.58,37.74,-0.01,0,0,,,,-0.405,-0.065,1.8,13.26,-0.01,,,
148.96,REGROUND,-43.91,-1.63,-9.58,37.75,-0.01,0,0,,,,-0.395,-0.063,2.4,13.26,-0.01,,,
149.01,REGROUND,-43.91,-1.63,-9.58,37.77,-0.01,0,0,,,,-0.405,-0.065,1.7,13.26,-0.01,,,
149.06,REGROUND,-43.95,-1.63,-9.58,37.78,-0.01,0,0,,,,-0.395,-0.063,2.4,13.26,-0.01,,,
149.11,REGROUND,-43.95,-1.63,-9.58,37.79,-0.01,0,0,,,,-0.405,-0.065,1.8,13.26,-0.01,,,
149.16,REGROUND,-44.0,-1.63,-9.58,37.8,-0.01,0,0,,,,-0.395,-0.063,2.9,13.26,-0.01,,,
149.21,REGROUND,-44.0,-1.63,-9.58,37.82,-0.01,0,0,,,,-0.405,-0.065,1.9,13.26,-0.01,,,
149.26,REGROUND,-44.04,-1.64,-9.58,37.83,-0.01,0,0,,,,-0.395,-0.063,2.6,13.26,-0.01,,,
149.31,REGROUND,-44.04,-1.64,-9.58,37.84,-0.01,0,0,,,,-0.405,-0.065,1.9,13.26,-0.01,,,
149.36,REGROUND,-44.08,-1.64,-9.58,37.85,-0.01,0,0,,,,-0.395,-0.063,2.5,13.26,-0.01,,,
149.41,REGROUND,-44.08,-1.64,-9.58,37.87,-0.01,0,0,,,,-0.405,-0.064,1.9,13.26,-0.01,,,
149.46,REGROUND,-44.12,-1.64,-9.58,37.88,-0.01,0,0,,,,-0.395,-0.063,2.3,13.26,-0.01,,,
149.51,REGROUND,-44.12,-1.64,-9.58,37.89,-0.01,0,0,,,,-0.405,-0.064,2.0,13.26,-0.01,,,
149.56,REGROUND,-44.16,-1.64,-9.58,37.9,-0.01,0,0,,,,-0.395,-0.063,2.5,13.26,-0.01,,,
149.61,REGROUND,-44.16,-1.64,-9.58,37.92,-0.01,0,0,,,,-0.405,-0.064,1.8,13.26,-0.01,,,
149.66,REGROUND,-44.2,-1.64,-9.58,37.93,-0.01,0,0,,,,-0.395,-0.063,2.4,13.26,-0.01,,,
149.71,REGROUND,-44.2,-1.64,-9.58,37.94,-0.01,0,0,,,,-0.405,-0.064,1.8,13.26,-0.01,,,
149.76,REGROUND,-44.24,-1.64,-9.58,37.95,-0.01,0,0,,,,-0.395,-0.063,2.4,13.26,-0.01,,,
149.81,REGROUND,-44.24,-1.64,-9.58,37.97,-0.01,0,0,,,,-0.405,-0.064,2.3,13.26,-0.01,,,
149.86,REGROUND,-44.28,-1.64,-9.58,37.98,-0.01,0,0,,,,-0.394,-0.063,2.4,13.26,-0.01,,,
149.91,REGROUND,-44.28,-1.64,-9.58,37.99,-0.01,0,0,,,,-0.404,-0.064,1.8,13.26,-0.01,,,
149.96,REGROUND,-44.32,-1.65,-9.58,38.0,-0.01,0,0,,,,-0.394,-0.063,2.7,13.26,-0.01,,,
