{
  "backend": "hf",
  "n": 150,
  "parse_rate": 0.9866666666666667,
  "iou_gate_pass_rate": 0.18666666666666668,
  "mean_iou": 0.11886674986326935,
  "center_std": 191.50510773021665
}
