{
  "backend": "hf",
  "n": 150,
  "parse_rate": 0.9933333333333333,
  "iou_gate_pass_rate": 0.7266666666666667,
  "mean_iou": 0.6167498918565036,
  "center_std": 237.35854822827739
}
