t_s,state,copter_n,copter_e,copter_d,rover_n,rover_e,in_fov,occluded,bbox_cx,bbox_cy,px_err,vx_cmd,vy_cmd,loop_ms,dist_n,dist_e,d_true_px,d_dist_px,carry_score
0.0,ACQUIRE,0.01,-0.01,-9.03,0.52,-0.01,1,0,,,,0.0,0.0,2.6,,,,,
0.05,ACQUIRE,0.01,-0.01,-9.03,0.69,-0.01,1,0,,,,0.0,0.0,0.9,,,,,
0.1,ACQUIRE,0.01,-0.01,-9.13,0.87,-0.01,1,0,,,,0.0,0.0,1.4,,,,,
0.15,ACQUIRE,0.01,-0.01,-9.13,1.04,-0.01,1,0,,,,0.0,0.0,0.8,,,,,
0.2,ACQUIRE,0.01,-0.01,-9.23,1.22,-0.01,1,0,,,,0.0,0.0,1.5,,,,,
0.25,ACQUIRE,0.01,-0.01,-9.23,1.39,-0.01,1,0,,,,0.0,0.0,0.8,,,,,
0.3,ACQUIRE,0.01,-0.01,-9.32,1.57,-0.01,1,0,,,,0.0,0.0,1.5,,,,,
0.35,ACQUIRE,0.01,-0.01,-9.32,1.74,-0.01,1,0,,,,1.31,0.16,2.1,,,,,
0.4,ACQUIRE,0.01,-0.01,-9.4,1.92,-0.01,1,0,,,,1.35,0.17,2.5,,,,,
0.45,ACQUIRE,0.01,-0.01,-9.4,2.09,-0.01,1,0,,,,1.35,0.18,1.7,,,,,
0.5,ACQUIRE,0.01,-0.01,-9.47,2.27,-0.01,1,0,,,,1.35,0.19,2.4,,,,,
0.55,ACQUIRE,0.01,-0.01,-9.47,2.44,-0.01,1,0,,,,1.35,0.19,1.8,,,,,
0.6,ACQUIRE,0.01,-0.01,-9.53,2.62,-0.01,1,0,,,,1.33,0.19,2.4,,,,,
0.65,ACQUIRE,0.01,-0.01,-9.53,2.79,-0.01,1,0,,,,1.33,0.19,1.8,,,,,
0.7,ACQUIRE,0.01,-0.01,-9.58,2.97,-0.01,1,0,,,,1.32,0.19,2.3,,,,,
0.75,ACQUIRE,0.01,-0.01,-9.58,3.14,-0.01,1,0,,,,1.32,0.19,1.9,,,,,
0.8,ACQUIRE,0.03,-0.01,-9.62,3.32,-0.01,1,0,,,,1.3,0.19,2.5,,,,,
0.85,ACQUIRE,0.03,-0.01,-9.62,3.49,-0.01,1,0,,,,2.611,0.102,1.8,,,,,
0.9,ACQUIRE,0.06,-0.01,-9.64,3.67,-0.01,1,0,,,,2.447,0.085,2.5,,,,,
0.95,ACQUIRE,0.06,-0.01,-9.64,3.84,-0.01,1,0,,,,2.321,0.083,1.8,,,,,
1.0,ACQUIRE,0.11,-0.01,-9.66,4.02,-0.01,1,0,,,,2.205,0.091,2.5,,,,,
1.05,ACQUIRE,0.11,-0.01,-9.66,4.19,-0.01,1,0,,,,2.113,0.106,1.7,,,,,
1.1,ACQUIRE,0.17,-0.01,-9.67,4.37,-0.01,1,0,,,,1.98,0.114,2.5,,,,,
1.15,ACQUIRE,0.17,-0.01,-9.67,4.55,-0.01,1,0,,,,1.911,0.142,1.7,,,,,
1.2,ACQUIRE,0.26,-0.01,-9.67,4.72,-0.01,1,0,,,,1.805,0.148,2.4,,,,,
1.25,ACQUIRE,0.26,-0.01,-9.67,4.9,-0.01,1,0,,,,1.752,0.159,1.8,,,,,
1.3,ACQUIRE,0.37,-0.01,-9.67,5.07,-0.01,1,0,,,,1.654,0.165,2.3,,,,,
1.35,ACQUIRE,0.37,-0.01,-9.67,5.25,-0.01,1,0,,,,2.604,0.344,1.7,,,,,
1.4,ACQUIRE,0.5,-0.02,-9.66,5.42,-0.01,1,0,,,,2.592,0.345,2.2,,,,,
1.45,ACQUIRE,0.5,-0.02,-9.66,5.6,-0.01,1,0,,,,2.659,0.373,1.8,,,,,
1.5,ACQUIRE,0.65,-0.03,-9.66,5.77,-0.01,1,0,,,,2.624,0.362,2.3,,,,,
1.55,ACQUIRE,0.65,-0.03,-9.66,5.95,-0.01,1,0,,,,2.689,0.365,1.8,,,,,
1.6,ACQUIRE,0.81,-0.04,-9.65,6.12,-0.01,1,0,,,,2.652,0.366,2.4,,,,,
1.65,ACQUIRE,0.81,-0.04,-9.65,6.3,-0.01,1,0,,,,2.649,0.37,1.8,,,,,
1.7,ACQUIRE,0.99,-0.05,-9.64,6.47,-0.01,1,0,,,,2.508,0.362,2.4,,,,,
1.75,ACQUIRE,0.99,-0.05,-9.64,6.65,-0.01,1,0,,,,2.456,0.355,1.7,,,,,
1.8,ACQUIRE,1.18,-0.05,-9.64,6.82,-0.01,1,0,,,,2.302,0.34,2.3,,,,,
1.85,ACQUIRE,1.18,-0.05,-9.64,7.0,-0.01,1,0,,,,3.584,0.506,1.7,,,,,
1.9,ACQUIRE,1.39,-0.06,-9.63,7.17,-0.01,1,0,,,,3.422,0.481,2.4,,,,,
1.95,ACQUIRE,1.39,-0.06,-9.63,7.35,-0.01,1,0,,,,3.359,0.473,1.7,,,,,
2.0,ACQUIRE,1.61,-0.06,-9.63,7.52,-0.01,1,0,,,,3.192,0.461,2.4,,,,,
2.05,ACQUIRE,1.61,-0.06,-9.63,7.7,-0.01,1,0,,,,3.137,0.453,1.7,,,,,
2.1,ACQUIRE,1.84,-0.06,-9.63,7.87,-0.01,1,0,,,,2.973,0.435,2.3,,,,,
2.15,ACQUIRE,1.84,-0.06,-9.63,8.05,-0.01,1,0,,,,2.923,0.428,1.7,,,,,
2.2,ACQUIRE,2.09,-0.06,-9.62,8.22,-0.01,1,0,,,,2.752,0.403,2.3,,,,,
2.25,ACQUIRE,2.09,-0.06,-9.62,8.4,-0.01,0,0,,,,2.708,0.397,1.7,,,,,
2.3,ACQUIRE,2.34,-0.06,-9.62,8.58,-0.01,0,0,,,,2.531,0.373,2.1,,,,,
2.35,ACQUIRE,2.34,-0.06,-9.62,8.75,-0.01,0,0,,,,3.836,0.559,1.7,,,,,
2.4,ACQUIRE,2.6,-0.06,-9.62,8.93,-0.01,0,0,,,,3.653,0.525,2.2,,,,,
2.45,ACQUIRE,2.6,-0.06,-9.62,9.1,-0.01,0,0,,,,3.601,0.518,1.9,,,,,
2.5,ACQUIRE,2.88,-0.06,-9.62,9.28,-0.01,0,0,,,,3.417,0.487,2.3,,,,,
2.55,ACQUIRE,2.88,-0.06,-9.62,9.45,-0.01,0,0,,,,3.37,0.48,1.8,,,,,
2.6,ACQUIRE,3.15,-0.05,-9.62,9.63,-0.01,0,0,,,,3.185,0.459,2.4,,,,,
2.65,ACQUIRE,3.15,-0.05,-9.62,9.8,-0.01,0,0,,,,3.142,0.453,1.8,,,,,
2.7,ACQUIRE,3.43,-0.05,-9.63,9.98,-0.01,0,0,,,,2.971,0.425,2.5,,,,,
2.75,ACQUIRE,3.43,-0.05,-9.63,10.15,-0.01,0,0,,,,2.953,0.421,1.8,,,,,
2.8,ACQUIRE,3.73,-0.05,-9.63,10.33,-0.01,0,0,,,,2.802,0.394,2.4,,,,,
2.85,ACQUIRE,3.73,-0.05,-9.63,10.5,-0.01,0,0,,,,2.849,0.4,1.7,,,,,
2.9,ACQUIRE,4.02,-0.04,-9.63,10.68,-0.01,0,0,,,,2.749,0.382,2.3,,,,,
2.95,ACQUIRE,4.02,-0.04,-9.63,10.85,-0.01,0,0,,,,2.796,0.388,1.7,,,,,
3.0,ACQUIRE,4.33,-0.04,-9.63,11.03,-0.01,0,0,,,,2.692,0.371,10.3,,,,,
3.05,ACQUIRE,4.33,-0.04,-9.63,11.2,-0.01,0,0,,,,2.739,0.377,1.5,,,,,
3.1,ACQUIRE,4.63,-0.03,-9.63,11.38,-0.01,0,0,,,,2.638,0.36,2.2,,,,,
3.15,ACQUIRE,4.63,-0.03,-9.63,11.55,-0.01,0,0,,,,2.685,0.366,1.7,,,,,
3.2,ACQUIRE,4.93,-0.03,-9.63,11.73,-0.01,0,0,,,,2.584,0.351,2.4,,,,,
3.25,ACQUIRE,4.93,-0.03,-9.63,11.91,-0.01,0,0,,,,2.631,0.357,1.8,,,,,
3.3,ACQUIRE,5.22,-0.02,-9.64,12.08,-0.01,0,0,,,,2.533,0.343,2.4,,,,,
3.35,ACQUIRE,5.22,-0.02,-9.64,12.26,-0.01,0,0,,,,2.58,0.349,1.7,,,,,
3.4,ACQUIRE,5.51,-0.02,-9.64,12.43,-0.01,0,0,,,,2.484,0.335,2.4,,,,,
3.45,ACQUIRE,5.51,-0.02,-9.64,12.61,-0.01,0,0,,,,2.53,0.341,1.5,,,,,
3.5,ACQUIRE,5.79,-0.02,-9.64,12.78,-0.01,0,0,,,,2.437,0.327,2.5,,,,,
3.55,ACQUIRE,5.79,-0.02,-9.64,12.96,-0.01,0,0,,,,2.483,0.333,1.7,,,,,
3.61,ACQUIRE,6.07,-0.01,-9.64,13.13,-0.01,0,0,,,,2.391,0.32,2.1,,,,,
3.66,ACQUIRE,6.07,-0.01,-9.64,13.31,-0.01,0,0,,,,2.438,0.326,1.7,,,,,
3.71,ACQUIRE,6.35,-0.01,-9.64,13.48,-0.01,0,0,,,,2.349,0.313,2.3,,,,,
3.76,ACQUIRE,6.35,-0.01,-9.64,13.66,-0.01,0,0,,,,2.396,0.319,1.7,,,,,
3.81,ACQUIRE,6.62,-0.01,-9.64,13.83,-0.01,0,0,,,,2.307,0.307,2.4,,,,,
3.86,ACQUIRE,6.62,-0.01,-9.64,14.01,-0.01,0,0,,,,2.354,0.313,1.7,,,,,
3.91,ACQUIRE,6.89,-0.01,-9.64,14.18,-0.01,0,0,,,,2.269,0.301,2.4,,,,,
3.96,ACQUIRE,6.89,-0.01,-9.64,14.36,-0.01,0,0,,,,2.316,0.307,1.7,,,,,
4.01,ACQUIRE,7.15,-0.0,-9.64,14.53,-0.01,0,0,,,,2.232,0.295,2.5,,,,,
4.06,ACQUIRE,7.15,-0.0,-9.64,14.71,-0.01,0,0,,,,2.279,0.301,1.6,,,,,
4.11,ACQUIRE,7.41,-0.0,-9.64,14.88,-0.01,0,0,,,,2.198,0.29,2.3,,,,,
4.16,ACQUIRE,7.41,-0.0,-9.64,15.06,-0.01,0,0,,,,2.245,0.296,1.7,,,,,
4.21,ACQUIRE,7.67,-0.0,-9.65,15.24,-0.01,0,0,,,,2.166,0.285,2.2,,,,,
4.26,ACQUIRE,7.67,-0.0,-9.65,15.41,-0.01,0,0,,,,2.213,0.291,1.7,,,,,
4.31,ACQUIRE,7.92,0.0,-9.65,15.59,-0.01,0,0,,,,2.136,0.28,2.2,,,,,
4.36,ACQUIRE,7.92,0.0,-9.65,15.76,-0.01,0,0,,,,2.183,0.286,1.7,,,,,
4.41,ACQUIRE,8.16,0.0,-9.65,15.94,-0.01,0,0,,,,2.107,0.276,2.1,,,,,
4.46,ACQUIRE,8.16,0.0,-9.65,16.11,-0.01,0,0,,,,2.154,0.282,1.8,,,,,
4.51,ACQUIRE,8.41,0.0,-9.65,16.29,-0.01,0,0,,,,2.081,0.272,2.4,,,,,
4.56,ACQUIRE,8.41,0.0,-9.65,16.46,-0.01,0,0,,,,2.127,0.278,1.6,,,,,
4.61,ACQUIRE,8.65,0.0,-9.65,16.64,-0.01,0,0,,,,2.055,0.269,2.5,,,,,
4.66,ACQUIRE,8.65,0.0,-9.65,16.81,-0.01,0,0,,,,2.102,0.275,1.7,,,,,
4.71,ACQUIRE,8.88,0.0,-9.65,16.99,-0.01,0,0,,,,2.032,0.266,2.5,,,,,
4.76,ACQUIRE,8.88,0.0,-9.65,17.16,-0.01,0,0,,,,2.079,0.272,1.7,,,,,
4.81,ACQUIRE,9.11,0.0,-9.65,17.34,-0.01,0,0,,,,2.01,0.263,2.3,,,,,
4.86,ACQUIRE,9.11,0.0,-9.65,17.51,-0.01,0,0,,,,2.057,0.269,1.6,,,,,
4.91,ACQUIRE,9.34,0.01,-9.65,17.69,-0.01,0,0,,,,1.991,0.26,2.3,,,,,
4.96,ACQUIRE,9.34,0.01,-9.65,17.86,-0.01,0,0,,,,2.037,0.266,1.7,,,,,
5.01,ACQUIRE,9.57,0.0,-9.65,18.04,-0.01,0,0,,,,1.971,0.258,2.3,,,,,
5.06,ACQUIRE,9.57,0.0,-9.65,18.21,-0.01,0,0,,,,2.018,0.264,1.7,,,,,
5.11,ACQUIRE,9.8,0.0,-9.65,18.39,-0.01,0,0,,,,1.953,0.256,2.3,,,,,
5.16,ACQUIRE,9.8,0.0,-9.65,18.56,-0.01,0,0,,,,2.0,0.262,1.7,,,,,
5.21,ACQUIRE,10.02,0.0,-9.65,18.74,-0.01,0,0,,,,1.937,0.254,2.4,,,,,
5.26,ACQUIRE,10.02,0.0,-9.65,18.92,-0.01,0,0,,,,1.984,0.26,1.7,,,,,
5.31,ACQUIRE,10.24,0.0,-9.66,19.09,-0.01,0,0,,,,1.923,0.252,2.3,,,,,
5.36,ACQUIRE,10.24,0.0,-9.66,19.27,-0.01,0,0,,,,1.97,0.258,6.0,,,,,
5.41,ACQUIRE,10.45,0.0,-9.66,19.44,-0.01,0,0,,,,1.91,0.251,2.2,,,,,
5.46,ACQUIRE,10.45,0.0,-9.66,19.62,-0.01,0,0,,,,1.957,0.257,1.6,,,,,
5.51,ACQUIRE,10.66,0.0,-9.66,19.79,-0.01,0,0,,,,1.898,0.25,2.3,,,,,
5.56,ACQUIRE,10.66,0.0,-9.66,19.97,-0.01,0,0,,,,1.945,0.256,1.8,,,,,
5.61,ACQUIRE,10.88,0.0,-9.66,20.14,-0.01,0,0,,,,1.887,0.249,2.4,,,,,
5.66,ACQUIRE,10.88,0.0,-9.66,20.32,-0.01,0,0,,,,1.934,0.255,1.7,,,,,
5.71,ACQUIRE,11.09,0.0,-9.66,20.49,-0.01,0,0,,,,1.877,0.248,2.4,,,,,
5.76,ACQUIRE,11.09,0.0,-9.66,20.67,-0.01,0,0,,,,1.924,0.254,1.7,,,,,
5.81,ACQUIRE,11.29,0.0,-9.66,20.84,-0.01,0,0,,,,1.867,0.247,2.4,,,,,
5.86,ACQUIRE,11.29,0.0,-9.66,21.02,-0.01,0,0,,,,1.914,0.253,1.7,,,,,
5.91,ACQUIRE,11.5,0.0,-9.66,21.19,-0.01,0,0,,,,1.86,0.246,2.2,,,,,
5.96,ACQUIRE,11.5,0.0,-9.66,21.37,-0.01,0,0,,,,1.907,0.252,1.6,,,,,
6.01,ACQUIRE,11.7,0.0,-9.66,21.54,-0.01,0,0,,,,1.853,0.245,2.1,,,,,
6.06,ACQUIRE,11.7,0.0,-9.66,21.72,-0.01,0,0,,,,1.9,0.251,1.7,,,,,
6.11,ACQUIRE,11.9,0.0,-9.66,21.89,-0.01,0,0,,,,1.848,0.244,2.4,,,,,
6.16,ACQUIRE,11.9,0.0,-9.66,22.07,-0.01,0,0,,,,1.895,0.251,1.8,,,,,
6.21,ACQUIRE,12.1,0.0,-9.66,22.24,-0.01,0,0,,,,1.844,0.244,2.4,,,,,
6.26,ACQUIRE,12.1,0.0,-9.66,22.42,-0.01,0,0,,,,1.891,0.25,1.7,,,,,
6.31,ACQUIRE,12.29,0.0,-9.66,22.59,-0.01,0,0,,,,1.84,0.244,2.4,,,,,
6.36,ACQUIRE,12.29,0.0,-9.66,22.77,-0.01,0,0,,,,1.887,0.25,1.5,,,,,
6.41,ACQUIRE,12.49,0.0,-9.66,22.95,-0.01,0,0,,,,1.837,0.243,2.4,,,,,
6.46,ACQUIRE,12.49,0.0,-9.66,23.12,-0.01,0,0,,,,1.884,0.249,1.8,,,,,
6.51,ACQUIRE,12.68,0.01,-9.66,23.3,-0.01,0,0,,,,1.835,0.243,2.3,,,,,
6.56,ACQUIRE,12.68,0.01,-9.66,23.47,-0.01,0,0,,,,1.882,0.249,1.7,,,,,
6.61,ACQUIRE,12.88,0.01,-9.66,23.65,-0.01,0,0,,,,1.833,0.243,2.2,,,,,
6.66,ACQUIRE,12.88,0.01,-9.66,23.82,-0.01,0,0,,,,1.88,0.249,1.7,,,,,
6.71,ACQUIRE,13.07,0.01,-9.66,24.0,-0.01,0,0,,,,1.832,0.242,2.1,,,,,
6.76,ACQUIRE,13.07,0.01,-9.66,24.17,-0.01,0,0,,,,1.879,0.248,1.9,,,,,
6.81,ACQUIRE,13.26,0.01,-9.66,24.35,-0.01,0,0,,,,1.832,0.242,2.4,,,,,
6.86,ACQUIRE,13.26,0.01,-9.66,24.52,-0.01,0,0,,,,1.879,0.248,1.8,,,,,
6.91,ACQUIRE,13.45,0.01,-9.66,24.7,-0.01,0,0,,,,1.832,0.242,2.4,,,,,
6.96,ACQUIRE,13.45,0.01,-9.66,24.87,-0.01,0,0,,,,1.879,0.248,1.5,,,,,
7.01,ACQUIRE,13.64,0.01,-9.66,25.05,-0.01,0,0,,,,1.832,0.242,2.6,,,,,
7.06,ACQUIRE,13.64,0.01,-9.66,25.22,-0.01,0,0,,,,1.879,0.248,1.7,,,,,
7.11,ACQUIRE,13.82,0.01,-9.66,25.4,-0.01,0,0,,,,1.832,0.242,2.4,,,,,
7.16,ACQUIRE,13.82,0.01,-9.66,25.57,-0.01,0,0,,,,1.879,0.248,1.7,,,,,
7.21,ACQUIRE,14.01,0.01,-9.66,25.75,-0.01,0,0,,,,1.832,0.242,2.2,,,,,
7.26,ACQUIRE,14.01,0.01,-9.66,25.92,-0.01,0,0,,,,1.879,0.248,1.6,,,,,
7.31,ACQUIRE,14.2,0.01,-9.66,26.1,-0.01,0,0,,,,1.833,0.241,2.3,,,,,
7.36,ACQUIRE,14.2,0.01,-9.66,26.27,-0.01,0,0,,,,1.88,0.248,1.7,,,,,
7.41,ACQUIRE,14.39,0.01,-9.66,26.45,-0.01,0,0,,,,1.834,0.241,2.2,,,,,
7.46,ACQUIRE,14.39,0.01,-9.66,26.62,-0.01,0,0,,,,1.881,0.247,1.7,,,,,
7.51,ACQUIRE,14.57,0.01,-9.66,26.8,-0.01,0,0,,,,1.836,0.241,2.2,,,,,
7.56,ACQUIRE,14.57,0.01,-9.66,26.98,-0.01,0,0,,,,1.883,0.247,1.5,,,,,
7.61,ACQUIRE,14.76,0.01,-9.66,27.15,-0.01,0,0,,,,1.837,0.241,2.5,,,,,
7.66,ACQUIRE,14.76,0.01,-9.66,27.33,-0.01,0,0,,,,1.884,0.247,1.6,,,,,
7.71,ACQUIRE,14.95,0.01,-9.66,27.5,-0.01,0,0,,,,1.838,0.241,6.8,,,,,
7.76,ACQUIRE,14.95,0.01,-9.66,27.68,-0.01,0,0,,,,1.885,0.247,1.7,,,,,
7.81,ACQUIRE,15.13,0.01,-9.66,27.85,-0.01,0,0,,,,1.84,0.241,2.1,,,,,
7.86,ACQUIRE,15.13,0.01,-9.66,28.03,-0.01,0,0,,,,1.886,0.247,1.7,,,,,
7.91,ACQUIRE,15.32,0.02,-9.66,28.2,-0.01,0,0,,,,1.84,0.241,2.4,,,,,
7.96,ACQUIRE,15.32,0.02,-9.66,28.38,-0.01,0,0,,,,1.887,0.247,1.8,,,,,
8.01,ACQUIRE,15.51,0.02,-9.66,28.55,-0.01,0,0,,,,1.841,0.241,2.4,,,,,
8.06,ACQUIRE,15.51,0.02,-9.66,28.73,-0.01,0,0,,,,1.888,0.247,1.7,,,,,
8.11,ACQUIRE,15.7,0.02,-9.67,28.9,-0.01,0,0,,,,1.843,0.241,2.3,,,,,
8.16,ACQUIRE,15.7,0.02,-9.67,29.08,-0.01,0,0,,,,1.89,0.247,1.4,,,,,
8.21,ACQUIRE,15.88,0.02,-9.67,29.25,-0.01,0,0,,,,1.844,0.241,2.4,,,,,
8.26,ACQUIRE,15.88,0.02,-9.67,29.43,-0.01,0,0,,,,1.891,0.247,1.7,,,,,
8.31,ACQUIRE,16.07,0.02,-9.67,29.6,-0.01,0,0,,,,1.845,0.241,2.3,,,,,
8.36,ACQUIRE,16.07,0.02,-9.67,29.78,-0.01,0,0,,,,1.892,0.247,1.7,,,,,
8.41,ACQUIRE,16.26,0.02,-9.67,29.95,-0.01,0,0,,,,1.846,0.241,2.2,,,,,
8.46,ACQUIRE,16.26,0.02,-9.67,30.13,-0.01,0,0,,,,1.893,0.247,1.8,,,,,
8.51,ACQUIRE,16.44,0.02,-9.67,30.3,-0.01,0,0,,,,1.848,0.241,2.4,,,,,
8.56,ACQUIRE,16.44,0.02,-9.67,30.48,-0.01,0,0,,,,1.894,0.247,1.9,,,,,
8.61,ACQUIRE,16.63,0.02,-9.67,30.65,-0.01,0,0,,,,1.849,0.241,2.4,,,,,
8.66,ACQUIRE,16.63,0.02,-9.67,30.83,-0.01,0,0,,,,1.896,0.247,1.6,,,,,
8.71,ACQUIRE,16.82,0.02,-9.67,31.01,-0.01,0,0,,,,1.85,0.24,2.5,,,,,
8.76,ACQUIRE,16.82,0.02,-9.67,31.18,-0.01,0,0,,,,1.897,0.246,1.7,,,,,
8.81,ACQUIRE,17.0,0.02,-9.67,31.36,-0.01,0,0,,,,1.851,0.24,2.3,,,,,
8.86,ACQUIRE,17.0,0.02,-9.67,31.53,-0.01,0,0,,,,1.898,0.246,1.6,,,,,
8.91,ACQUIRE,17.19,0.03,-9.67,31.71,-0.01,0,0,,,,1.852,0.24,2.3,,,,,
8.96,ACQUIRE,17.19,0.03,-9.67,31.88,-0.01,0,0,,,,1.899,0.246,1.7,,,,,
9.01,ACQUIRE,17.38,0.03,-9.67,32.06,-0.01,0,0,,,,1.853,0.24,2.2,,,,,
9.06,ACQUIRE,17.38,0.03,-9.67,32.23,-0.01,0,0,,,,1.9,0.246,1.7,,,,,
9.11,ACQUIRE,17.57,0.03,-9.67,32.41,-0.01,0,0,,,,1.854,0.24,2.2,,,,,
9.16,ACQUIRE,17.57,0.03,-9.67,32.58,-0.01,0,0,,,,1.901,0.246,1.7,,,,,
9.21,ACQUIRE,17.75,0.03,-9.67,32.76,-0.01,0,0,,,,1.854,0.24,2.4,,,,,
9.26,ACQUIRE,17.75,0.03,-9.67,32.93,-0.01,0,0,,,,1.901,0.246,1.7,,,,,
9.31,ACQUIRE,17.94,0.03,-9.67,33.11,-0.01,0,0,,,,1.854,0.239,2.4,,,,,
9.36,ACQUIRE,17.94,0.03,-9.67,33.28,-0.01,0,0,,,,1.901,0.245,1.7,,,,,
9.41,ACQUIRE,18.13,0.03,-9.67,33.46,-0.01,0,0,,,,1.854,0.239,2.4,,,,,
9.46,ACQUIRE,18.13,0.03,-9.67,33.63,-0.01,0,0,,,,1.901,0.245,1.7,,,,,
9.51,ACQUIRE,18.32,0.03,-9.67,33.81,-0.01,0,0,,,,1.854,0.239,2.4,,,,,
9.56,ACQUIRE,18.32,0.03,-9.67,33.98,-0.01,0,0,,,,1.901,0.245,1.7,,,,,
9.61,ACQUIRE,18.51,0.03,-9.67,34.16,-0.01,0,0,,,,1.855,0.239,2.1,,,,,
9.66,ACQUIRE,18.51,0.03,-9.67,34.33,-0.01,0,0,,,,1.902,0.245,1.7,,,,,
9.71,ACQUIRE,18.7,0.03,-9.67,34.51,-0.01,0,0,,,,1.855,0.239,2.7,,,,,
9.76,ACQUIRE,18.7,0.03,-9.67,34.69,-0.01,0,0,,,,1.902,0.245,1.7,,,,,
9.81,ACQUIRE,18.89,0.03,-9.67,34.86,-0.01,0,0,,,,1.855,0.239,2.3,,,,,
9.86,ACQUIRE,18.89,0.03,-9.67,35.04,-0.01,0,0,,,,1.902,0.245,1.7,,,,,
9.91,ACQUIRE,19.08,0.03,-9.67,35.21,-0.01,0,0,,,,1.855,0.239,2.3,,,,,
9.96,ACQUIRE,19.08,0.03,-9.67,35.39,-0.01,0,0,,,,1.902,0.245,1.6,,,,,
10.01,ACQUIRE,19.27,0.03,-9.67,35.56,-0.01,0,0,,,,1.855,0.239,2.3,,,,,
10.06,ACQUIRE,19.27,0.03,-9.67,35.74,-0.01,0,0,,,,1.901,0.245,6.2,,,,,
10.11,ACQUIRE,19.46,0.03,-9.67,35.91,-0.01,0,0,,,,1.855,0.239,2.4,,,,,
10.16,ACQUIRE,19.46,0.03,-9.67,36.09,-0.01,0,0,,,,1.902,0.245,1.7,,,,,
10.21,ACQUIRE,19.64,0.03,-9.67,36.26,-0.01,0,0,,,,1.855,0.239,2.4,,,,,
10.26,ACQUIRE,19.64,0.03,-9.67,36.44,-0.01,0,0,,,,1.902,0.245,1.8,,,,,
10.31,ACQUIRE,19.83,0.03,-9.67,36.61,-0.01,0,0,,,,1.855,0.239,2.4,,,,,
10.36,ACQUIRE,19.83,0.03,-9.67,36.79,-0.01,0,0,,,,1.902,0.245,1.7,,,,,
10.41,ACQUIRE,20.02,0.03,-9.67,36.96,-0.01,0,0,,,,1.855,0.239,2.3,,,,,
10.46,ACQUIRE,20.02,0.03,-9.67,37.14,-0.01,0,0,,,,1.902,0.245,1.5,,,,,
10.51,ACQUIRE,20.21,0.03,-9.67,37.31,-0.01,0,0,,,,1.856,0.239,2.4,,,,,
10.56,ACQUIRE,20.21,0.03,-9.67,37.49,-0.01,0,0,,,,1.903,0.246,1.7,,,,,
10.61,ACQUIRE,20.4,0.03,-9.67,37.66,-0.01,0,0,,,,1.856,0.24,2.4,,,,,
10.66,ACQUIRE,20.4,0.03,-9.67,37.84,-0.01,0,0,,,,1.903,0.246,1.7,,,,,
10.71,ACQUIRE,20.59,0.03,-9.67,38.01,-0.01,0,0,,,,1.857,0.24,2.2,,,,,
10.76,ACQUIRE,20.59,0.03,-9.67,38.19,-0.01,0,0,,,,1.903,0.246,1.7,,,,,
10.81,ACQUIRE,20.78,0.03,-9.67,38.36,-0.01,0,0,,,,1.857,0.24,2.3,,,,,
10.86,ACQUIRE,20.78,0.03,-9.67,38.54,-0.01,0,0,,,,1.904,0.246,1.8,,,,,
10.91,ACQUIRE,20.96,0.03,-9.67,38.72,-0.01,0,0,,,,1.857,0.24,2.4,,,,,
10.96,ACQUIRE,20.96,0.03,-9.67,38.89,-0.01,0,0,,,,1.904,0.246,1.8,,,,,
11.01,ACQUIRE,21.15,0.03,-9.67,39.07,-0.01,0,0,,,,1.857,0.24,2.3,,,,,
11.06,ACQUIRE,21.15,0.03,-9.67,39.24,-0.01,0,0,,,,1.904,0.246,1.6,,,,,
11.11,ACQUIRE,21.34,0.03,-9.67,39.42,-0.01,0,0,,,,1.857,0.24,2.5,,,,,
11.16,ACQUIRE,21.34,0.03,-9.67,39.59,-0.01,0,0,,,,1.904,0.247,2.3,,,,,
11.21,ACQUIRE,21.53,0.03,-9.67,39.77,-0.01,0,0,,,,1.857,0.241,2.3,,,,,
11.27,ACQUIRE,21.53,0.03,-9.67,39.94,-0.01,0,0,,,,1.904,0.247,1.7,,,,,
11.32,ACQUIRE,21.72,0.03,-9.67,40.12,-0.01,0,0,,,,1.857,0.241,2.4,,,,,
11.37,ACQUIRE,21.72,0.03,-9.67,40.29,-0.01,0,0,,,,1.904,0.247,1.7,,,,,
11.42,ACQUIRE,21.91,0.03,-9.67,40.47,-0.01,0,0,,,,1.857,0.241,2.3,,,,,
11.47,ACQUIRE,21.91,0.03,-9.67,40.64,-0.01,0,0,,,,1.903,0.247,1.7,,,,,
11.52,ACQUIRE,22.1,0.03,-9.67,40.82,-0.01,0,0,,,,1.857,0.241,2.3,,,,,
11.57,ACQUIRE,22.29,0.03,-9.67,40.99,-0.01,0,0,,,,1.81,0.235,2.4,,,,,
11.62,ACQUIRE,22.29,0.03,-9.67,41.17,-0.01,0,0,,,,1.857,0.241,1.8,,,,,
11.67,ACQUIRE,22.29,0.03,-9.67,41.34,-0.01,0,0,,,,1.904,0.247,1.7,,,,,
11.72,ACQUIRE,22.48,0.03,-9.67,41.52,-0.01,0,0,,,,1.858,0.241,2.4,,,,,
11.77,ACQUIRE,22.48,0.03,-9.67,41.69,-0.01,0,0,,,,1.905,0.247,1.6,,,,,
11.82,ACQUIRE,22.66,0.03,-9.67,41.87,-0.01,0,0,,,,1.859,0.241,2.4,,,,,
11.87,ACQUIRE,22.66,0.03,-9.67,42.04,-0.01,0,0,,,,1.906,0.247,1.7,,,,,
11.92,ACQUIRE,22.85,0.04,-9.67,42.22,-0.01,0,0,,,,1.86,0.241,2.3,,,,,
11.97,ACQUIRE,22.85,0.04,-9.67,42.4,-0.01,0,0,,,,1.907,0.247,1.6,,,,,
12.02,ACQUIRE,23.04,0.04,-9.67,42.57,-0.01,0,0,,,,1.861,0.242,2.3,,,,,
12.07,ACQUIRE,23.04,0.04,-9.67,42.75,-0.01,0,0,,,,1.907,0.248,1.7,,,,,
12.12,ACQUIRE,23.23,0.04,-9.67,42.92,-0.01,0,0,,,,1.861,0.242,2.2,,,,,
12.17,ACQUIRE,23.42,0.04,-9.67,43.1,-0.01,0,0,,,,1.814,0.236,2.2,,,,,
12.22,ACQUIRE,23.42,0.04,-9.67,43.27,-0.01,0,0,,,,1.861,0.242,1.7,,,,,
12.27,ACQUIRE,23.6,0.04,-9.67,43.45,-0.01,0,0,,,,1.815,0.236,2.2,,,,,
12.32,ACQUIRE,23.6,0.04,-9.67,43.62,-0.01,0,0,,,,1.862,0.242,1.8,,,,,
12.37,ACQUIRE,23.79,0.04,-9.67,43.8,-0.01,0,0,,,,1.815,0.236,2.2,,,,,
12.42,ACQUIRE,23.79,0.04,-9.67,43.97,-0.01,0,0,,,,1.862,0.242,5.7,,,,,
12.47,ACQUIRE,23.98,0.04,-9.67,44.15,-0.01,0,0,,,,1.816,0.236,2.4,,,,,
12.52,ACQUIRE,23.98,0.04,-9.67,44.32,-0.01,0,0,,,,1.863,0.242,1.7,,,,,
12.57,ACQUIRE,23.98,0.04,-9.67,44.5,-0.01,0,0,,,,1.91,0.248,1.7,,,,,
12.62,ACQUIRE,24.17,0.04,-9.67,44.67,-0.01,0,0,,,,1.863,0.242,2.3,,,,,
12.67,ACQUIRE,24.17,0.04,-9.67,44.85,-0.01,0,0,,,,1.91,0.248,1.7,,,,,
12.72,ACQUIRE,24.35,0.04,-9.67,45.02,-0.01,0,0,,,,1.864,0.242,2.3,,,,,
12.77,ACQUIRE,24.35,0.04,-9.67,45.2,-0.01,0,0,,,,1.911,0.248,1.7,,,,,
12.82,ACQUIRE,24.54,0.04,-9.67,45.37,-0.01,0,0,,,,1.865,0.242,2.3,,,,,
12.87,ACQUIRE,24.54,0.04,-9.67,45.55,-0.01,0,0,,,,1.912,0.249,1.7,,,,,
12.92,ACQUIRE,24.73,0.04,-9.67,45.72,-0.01,0,0,,,,1.866,0.242,2.2,,,,,
12.97,ACQUIRE,24.92,0.04,-9.67,45.9,-0.01,0,0,,,,1.819,0.236,2.2,,,,,
13.02,ACQUIRE,24.92,0.04,-9.67,46.08,-0.01,0,0,,,,1.866,0.243,1.7,,,,,
13.07,ACQUIRE,25.11,0.04,-9.67,46.25,-0.01,0,0,,,,1.82,0.236,2.4,,,,,
13.12,ACQUIRE,25.11,0.04,-9.67,46.43,-0.01,0,0,,,,1.866,0.242,1.8,,,,,
13.17,ACQUIRE,25.3,0.04,-9.67,46.6,-0.01,0,0,,,,1.82,0.236,2.4,,,,,
13.22,ACQUIRE,25.3,0.04,-9.67,46.78,-0.01,0,0,,,,1.867,0.242,1.7,,,,,
13.27,ACQUIRE,25.3,0.04,-9.67,46.95,-0.01,0,0,,,,1.914,0.248,1.7,,,,,
13.32,ACQUIRE,25.48,0.04,-9.67,47.13,-0.01,0,0,,,,1.867,0.242,2.4,,,,,
13.37,ACQUIRE,25.48,0.04,-9.67,47.3,-0.01,0,0,,,,1.914,0.248,1.7,,,,,
13.42,ACQUIRE,25.67,0.04,-9.67,47.48,-0.01,0,0,,,,1.868,0.242,2.4,,,,,
13.47,ACQUIRE,25.86,0.04,-9.67,47.65,-0.01,0,0,,,,1.821,0.236,2.3,,,,,
13.52,ACQUIRE,25.86,0.04,-9.67,47.83,-0.01,0,0,,,,1.868,0.242,1.7,,,,,
13.57,ACQUIRE,26.05,0.04,-9.67,48.0,-0.01,0,0,,,,1.822,0.236,2.2,,,,,
13.62,ACQUIRE,26.05,0.04,-9.67,48.18,-0.01,0,0,,,,1.868,0.242,1.7,,,,,
13.67,ACQUIRE,26.24,0.04,-9.67,48.35,-0.01,0,0,,,,1.822,0.236,2.2,,,,,
13.72,ACQUIRE,26.24,0.04,-9.67,48.53,-0.01,0,0,,,,1.869,0.242,1.7,,,,,
13.77,ACQUIRE,26.43,0.04,-9.67,48.7,-0.01,0,0,,,,1.823,0.236,2.1,,,,,
13.82,ACQUIRE,26.43,0.04,-9.67,48.88,-0.01,0,0,,,,1.87,0.242,1.6,,,,,
13.87,ACQUIRE,26.43,0.04,-9.67,49.05,-0.01,0,0,,,,1.917,0.248,1.8,,,,,
13.92,ACQUIRE,26.61,0.04,-9.67,49.23,-0.01,0,0,,,,1.87,0.241,2.4,,,,,
13.97,ACQUIRE,26.61,0.04,-9.67,49.4,-0.01,0,0,,,,1.917,0.248,1.7,,,,,
14.02,ACQUIRE,26.8,0.04,-9.67,49.58,-0.01,0,0,,,,1.871,0.242,2.5,,,,,
14.07,ACQUIRE,26.99,0.04,-9.67,49.76,-0.01,0,0,,,,1.824,0.235,2.4,,,,,
14.12,ACQUIRE,26.99,0.04,-9.67,49.93,-0.01,0,0,,,,1.871,0.242,1.7,,,,,
14.17,ACQUIRE,27.18,0.04,-9.67,50.11,-0.01,0,0,,,,1.823,0.235,2.3,,,,,
14.22,ACQUIRE,27.18,0.04,-9.67,50.28,-0.01,0,0,,,,1.87,0.241,1.7,,,,,
14.27,ACQUIRE,27.37,0.05,-9.67,50.46,-0.01,0,0,,,,1.824,0.235,2.3,,,,,
14.32,ACQUIRE,27.37,0.05,-9.67,50.63,-0.01,0,0,,,,1.87,0.241,1.7,,,,,
14.37,ACQUIRE,27.56,0.05,-9.67,50.81,-0.01,0,0,,,,1.824,0.235,2.2,,,,,
14.42,ACQUIRE,27.56,0.05,-9.67,50.98,-0.01,0,0,,,,1.871,0.242,1.7,,,,,
14.47,ACQUIRE,27.75,0.05,-9.67,51.16,-0.01,0,0,,,,1.824,0.235,2.2,,,,,
14.52,ACQUIRE,27.75,0.05,-9.67,51.33,-0.01,0,0,,,,1.871,0.242,1.7,,,,,
14.57,ACQUIRE,27.75,0.05,-9.67,51.51,-0.01,0,0,,,,1.918,0.248,1.8,,,,,
14.62,ACQUIRE,27.93,0.05,-9.67,51.68,-0.01,0,0,,,,1.872,0.242,2.4,,,,,
14.67,ACQUIRE,28.12,0.05,-9.67,51.86,-0.01,0,0,,,,1.826,0.236,2.3,,,,,
14.72,ACQUIRE,28.12,0.05,-9.67,52.03,-0.01,0,0,,,,1.873,0.242,1.7,,,,,
14.77,ACQUIRE,28.31,0.05,-9.67,52.21,-0.01,0,0,,,,1.826,0.235,6.4,,,,,
14.82,ACQUIRE,28.31,0.05,-9.67,52.38,-0.01,0,0,,,,1.873,0.242,1.7,,,,,
14.87,ACQUIRE,28.5,0.05,-9.67,52.56,-0.01,0,0,,,,1.827,0.235,2.3,,,,,
14.92,ACQUIRE,28.5,0.05,-9.67,52.73,-0.01,0,0,,,,1.873,0.241,1.6,,,,,
14.97,ACQUIRE,28.69,0.05,-9.67,52.91,-0.01,0,0,,,,1.827,0.235,2.3,,,,,
15.02,ACQUIRE,28.69,0.05,-9.67,53.08,-0.01,0,0,,,,1.874,0.241,1.7,,,,,
15.07,ACQUIRE,28.87,0.05,-9.67,53.26,-0.01,0,0,,,,1.828,0.235,2.3,,,,,
15.12,ACQUIRE,28.87,0.05,-9.67,53.44,-0.01,0,0,,,,1.875,0.241,1.9,,,,,
15.17,ACQUIRE,29.06,0.05,-9.67,53.61,-0.01,0,0,,,,1.829,0.235,2.4,,,,,
15.22,ACQUIRE,29.06,0.05,-9.67,53.79,-0.01,0,0,,,,1.875,0.242,1.7,,,,,
15.27,ACQUIRE,29.25,0.05,-9.67,53.96,-0.01,0,0,,,,1.829,0.236,2.3,,,,,
15.32,ACQUIRE,29.25,0.05,-9.67,54.14,-0.01,0,0,,,,1.876,0.242,1.8,,,,,
15.37,ACQUIRE,29.44,0.05,-9.67,54.31,-0.01,0,0,,,,1.83,0.236,2.4,,,,,
15.42,ACQUIRE,29.44,0.05,-9.67,54.49,-0.01,0,0,,,,1.877,0.242,1.7,,,,,
15.47,ACQUIRE,29.63,0.05,-9.67,54.66,-0.01,0,0,,,,1.831,0.236,2.5,,,,,
15.52,ACQUIRE,29.63,0.05,-9.67,54.84,-0.01,0,0,,,,1.878,0.242,1.7,,,,,
15.57,ACQUIRE,29.81,0.05,-9.67,55.01,-0.01,0,0,,,,1.832,0.236,2.4,,,,,
15.62,ACQUIRE,29.81,0.05,-9.67,55.19,-0.01,0,0,,,,1.879,0.242,1.6,,,,,
15.67,ACQUIRE,30.0,0.05,-9.67,55.36,-0.01,0,0,,,,1.833,0.236,2.4,,,,,
15.72,ACQUIRE,30.0,0.05,-9.67,55.54,-0.01,0,0,,,,1.88,0.242,1.8,,,,,
15.77,ACQUIRE,30.18,0.05,-9.67,55.71,-0.01,0,0,,,,1.835,0.236,2.3,,,,,
15.82,ACQUIRE,30.18,0.05,-9.67,55.89,-0.01,0,0,,,,1.882,0.243,1.7,,,,,
15.87,ACQUIRE,30.37,0.05,-9.67,56.06,-0.01,0,0,,,,1.836,0.237,2.2,,,,,
15.92,ACQUIRE,30.37,0.05,-9.67,56.24,-0.01,0,0,,,,1.883,0.243,1.7,,,,,
15.97,ACQUIRE,30.56,0.05,-9.67,56.41,-0.01,0,0,,,,1.837,0.237,2.0,,,,,
16.02,ACQUIRE,30.56,0.05,-9.67,56.59,-0.01,0,0,,,,1.884,0.243,1.8,,,,,
16.07,ACQUIRE,30.75,0.05,-9.67,56.77,-0.01,0,0,,,,1.838,0.237,2.4,,,,,
16.12,ACQUIRE,30.75,0.05,-9.67,56.94,-0.01,0,0,,,,1.885,0.243,1.7,,,,,
16.17,ACQUIRE,30.93,0.05,-9.67,57.12,-0.01,0,0,,,,1.84,0.238,2.4,,,,,
16.22,ACQUIRE,30.93,0.05,-9.67,57.29,-0.01,0,0,,,,1.887,0.244,1.7,,,,,
16.27,ACQUIRE,31.12,0.05,-9.67,57.47,-0.01,0,0,,,,1.84,0.238,2.3,,,,,
16.32,ACQUIRE,31.12,0.05,-9.67,57.64,-0.01,0,0,,,,1.887,0.244,1.7,,,,,
16.37,ACQUIRE,31.31,0.05,-9.67,57.82,-0.01,0,0,,,,1.841,0.238,2.3,,,,,
16.42,ACQUIRE,31.31,0.05,-9.67,57.99,-0.01,0,0,,,,1.888,0.244,1.6,,,,,
16.47,ACQUIRE,31.49,0.05,-9.67,58.17,-0.01,0,0,,,,1.842,0.238,2.2,,,,,
16.52,ACQUIRE,31.49,0.05,-9.67,58.34,-0.01,0,0,,,,1.889,0.245,1.7,,,,,
16.57,ACQUIRE,31.68,0.05,-9.67,58.52,-0.01,0,0,,,,1.843,0.239,2.2,,,,,
16.62,ACQUIRE,31.68,0.05,-9.67,58.69,-0.01,0,0,,,,1.89,0.245,1.7,,,,,
16.67,ACQUIRE,31.87,0.05,-9.67,58.87,-0.01,0,0,,,,1.845,0.239,2.2,,,,,
16.72,ACQUIRE,31.87,0.05,-9.67,59.04,-0.01,0,0,,,,1.892,0.245,1.6,,,,,
16.77,ACQUIRE,32.06,0.05,-9.67,59.22,-0.01,0,0,,,,1.846,0.239,2.4,,,,,
16.82,ACQUIRE,32.06,0.05,-9.67,59.39,-0.01,0,0,,,,1.893,0.245,1.7,,,,,
16.87,ACQUIRE,32.24,0.05,-9.67,59.57,-0.01,0,0,,,,1.847,0.239,2.4,,,,,
16.92,ACQUIRE,32.24,0.05,-9.67,59.74,-0.01,0,0,,,,1.894,0.246,1.7,,,,,
16.97,ACQUIRE,32.43,0.05,-9.67,59.92,-0.01,0,0,,,,1.848,0.24,2.3,,,,,
17.02,ACQUIRE,32.43,0.05,-9.67,60.09,-0.01,0,0,,,,1.894,0.246,1.6,,,,,
17.07,ACQUIRE,32.62,0.05,-9.67,60.27,-0.01,0,0,,,,1.849,0.24,2.3,,,,,
17.12,ACQUIRE,32.62,0.05,-9.67,60.45,-0.01,0,0,,,,1.895,0.246,1.7,,,,,
17.17,ACQUIRE,32.8,0.05,-9.67,60.62,-0.01,0,0,,,,1.849,0.24,6.7,,,,,
17.22,ACQUIRE,32.8,0.05,-9.67,60.8,-0.01,0,0,,,,1.896,0.246,1.7,,,,,
17.27,ACQUIRE,32.99,0.05,-9.67,60.97,-0.01,0,0,,,,1.85,0.24,2.3,,,,,
17.32,ACQUIRE,32.99,0.05,-9.67,61.15,-0.01,0,0,,,,1.897,0.246,1.7,,,,,
17.37,ACQUIRE,33.18,0.05,-9.67,61.32,-0.01,0,0,,,,1.851,0.24,2.2,,,,,
17.42,ACQUIRE,33.18,0.05,-9.67,61.5,-0.01,0,0,,,,1.897,0.247,1.7,,,,,
17.47,ACQUIRE,33.37,0.05,-9.67,61.67,-0.01,0,0,,,,1.851,0.241,2.3,,,,,
17.52,ACQUIRE,33.37,0.05,-9.67,61.85,-0.01,0,0,,,,1.898,0.247,1.6,,,,,
17.57,ACQUIRE,33.56,0.05,-9.67,62.02,-0.01,0,0,,,,1.851,0.241,2.4,,,,,
17.62,ACQUIRE,33.56,0.05,-9.67,62.2,-0.01,0,0,,,,1.898,0.247,1.7,,,,,
17.67,ACQUIRE,33.74,0.05,-9.67,62.37,-0.01,0,0,,,,1.852,0.241,2.4,,,,,
17.72,ACQUIRE,33.74,0.05,-9.67,62.55,-0.01,0,0,,,,1.899,0.247,1.6,,,,,
17.77,ACQUIRE,33.93,0.05,-9.67,62.72,-0.01,0,0,,,,1.853,0.241,2.4,,,,,
17.82,ACQUIRE,33.93,0.05,-9.67,62.9,-0.01,0,0,,,,1.9,0.247,1.6,,,,,
17.87,ACQUIRE,34.12,0.05,-9.66,63.07,-0.01,0,0,,,,1.855,0.241,2.4,,,,,
17.92,ACQUIRE,34.12,0.05,-9.66,63.25,-0.01,0,0,,,,1.901,0.247,1.7,,,,,
17.97,ACQUIRE,34.31,0.05,-9.66,63.43,-0.01,0,0,,,,1.856,0.241,2.2,,,,,
18.02,ACQUIRE,34.31,0.05,-9.66,63.6,-0.01,0,0,,,,1.902,0.247,1.8,,,,,
18.07,ACQUIRE,34.49,0.05,-9.66,63.78,-0.01,0,0,,,,1.856,0.241,2.4,,,,,
18.12,ACQUIRE,34.49,0.05,-9.66,63.95,-0.01,0,0,,,,1.903,0.248,1.7,,,,,
18.17,ACQUIRE,34.68,0.05,-9.66,64.13,-0.01,0,0,,,,1.857,0.242,2.2,,,,,
18.22,ACQUIRE,34.68,0.05,-9.66,64.3,-0.01,0,0,,,,1.904,0.248,1.7,,,,,
18.28,ACQUIRE,34.87,0.05,-9.66,64.48,-0.01,0,0,,,,1.857,0.242,2.4,,,,,
18.33,ACQUIRE,34.87,0.05,-9.66,64.65,-0.01,0,0,,,,1.904,0.248,1.7,,,,,
18.38,ACQUIRE,35.06,0.05,-9.66,64.83,-0.01,0,0,,,,1.857,0.242,2.3,,,,,
18.43,ACQUIRE,35.06,0.05,-9.66,65.0,-0.01,0,0,,,,1.904,0.248,1.6,,,,,
18.48,ACQUIRE,35.25,0.05,-9.66,65.18,-0.01,0,0,,,,1.857,0.242,2.2,,,,,
18.53,ACQUIRE,35.25,0.05,-9.66,65.35,-0.01,0,0,,,,1.904,0.248,1.7,,,,,
18.58,ACQUIRE,35.44,0.05,-9.66,65.53,-0.01,0,0,,,,1.857,0.242,2.3,,,,,
18.63,ACQUIRE,35.44,0.05,-9.66,65.7,-0.01,0,0,,,,1.904,0.248,1.7,,,,,
18.68,ACQUIRE,35.63,0.05,-9.66,65.88,-0.01,0,0,,,,1.857,0.242,2.4,,,,,
18.73,ACQUIRE,35.63,0.05,-9.66,66.05,-0.01,0,0,,,,1.904,0.248,1.8,,,,,
18.78,ACQUIRE,35.82,0.05,-9.66,66.23,-0.01,0,0,,,,1.857,0.242,2.3,,,,,
18.83,ACQUIRE,35.82,0.05,-9.66,66.4,-0.01,0,0,,,,1.903,0.248,1.8,,,,,
18.88,ACQUIRE,36.01,0.06,-9.66,66.58,-0.01,0,0,,,,1.856,0.242,2.4,,,,,
18.93,ACQUIRE,36.01,0.06,-9.66,66.75,-0.01,0,0,,,,1.903,0.248,1.7,,,,,
18.98,ACQUIRE,36.2,0.06,-9.66,66.93,-0.01,0,0,,,,1.856,0.242,2.5,,,,,
19.03,ACQUIRE,36.2,0.06,-9.66,67.11,-0.01,0,0,,,,1.903,0.248,1.7,,,,,
19.08,ACQUIRE,36.39,0.06,-9.66,67.28,-0.01,0,0,,,,1.856,0.242,2.4,,,,,
19.13,ACQUIRE,36.39,0.06,-9.66,67.46,-0.01,0,0,,,,1.902,0.248,1.6,,,,,
19.18,ACQUIRE,36.58,0.06,-9.66,67.63,-0.01,0,0,,,,1.855,0.242,2.3,,,,,
19.23,ACQUIRE,36.58,0.06,-9.66,67.81,-0.01,0,0,,,,1.902,0.248,1.7,,,,,
19.28,ACQUIRE,36.77,0.06,-9.66,67.98,-0.01,0,0,,,,1.855,0.242,2.3,,,,,
19.33,ACQUIRE,36.77,0.06,-9.66,68.16,-0.01,0,0,,,,1.902,0.248,1.7,,,,,
19.38,ACQUIRE,36.96,0.06,-9.66,68.33,-0.01,0,0,,,,1.855,0.242,2.2,,,,,
19.43,ACQUIRE,36.96,0.06,-9.66,68.51,-0.01,0,0,,,,1.902,0.248,1.7,,,,,
19.48,ACQUIRE,37.15,0.06,-9.66,68.68,-0.01,0,0,,,,1.855,0.241,2.4,,,,,
19.53,ACQUIRE,37.15,0.06,-9.66,68.86,-0.01,0,0,,,,1.901,0.247,1.8,,,,,
19.58,ACQUIRE,37.34,0.06,-9.66,69.03,-0.01,0,0,,,,1.854,0.241,5.7,,,,,
19.63,ACQUIRE,37.34,0.06,-9.66,69.21,-0.01,0,0,,,,1.901,0.247,2.0,,,,,
19.68,ACQUIRE,37.53,0.06,-9.66,69.38,-0.01,0,0,,,,1.853,0.24,2.4,,,,,
19.73,ACQUIRE,37.53,0.06,-9.66,69.56,-0.01,0,0,,,,1.9,0.246,1.7,,,,,
19.78,ACQUIRE,37.72,0.06,-9.66,69.73,-0.01,0,0,,,,1.852,0.24,2.4,,,,,
19.83,ACQUIRE,37.72,0.06,-9.66,69.91,-0.01,0,0,,,,1.899,0.246,1.7,,,,,
19.88,ACQUIRE,37.91,0.06,-9.66,70.08,-0.01,0,0,,,,1.851,0.239,2.4,,,,,
19.93,ACQUIRE,37.91,0.06,-9.66,70.26,-0.01,0,0,,,,1.898,0.245,1.7,,,,,
19.98,ACQUIRE,38.1,0.06,-9.66,70.43,-0.01,0,0,,,,1.852,0.239,2.2,,,,,
20.03,ACQUIRE,38.1,0.06,-9.66,70.61,-0.01,0,0,,,,1.899,0.245,1.7,,,,,
20.08,ACQUIRE,38.29,0.06,-9.66,70.78,-0.01,0,0,,,,1.851,0.239,2.3,,,,,
20.13,ACQUIRE,38.29,0.06,-9.66,70.96,-0.01,0,0,,,,1.898,0.245,1.7,,,,,
20.18,ACQUIRE,38.48,0.06,-9.66,71.14,-0.01,0,0,,,,1.851,0.239,2.2,,,,,
20.23,ACQUIRE,38.48,0.06,-9.66,71.31,-0.01,0,0,,,,1.898,0.245,1.8,,,,,
20.28,ACQUIRE,38.67,0.06,-9.66,71.49,-0.01,0,0,,,,1.851,0.238,2.2,,,,,
20.33,ACQUIRE,38.67,0.06,-9.66,71.66,-0.01,0,0,,,,1.898,0.244,1.8,,,,,
20.38,ACQUIRE,38.86,0.07,-9.66,71.84,-0.01,0,0,,,,1.85,0.238,2.4,,,,,
20.43,ACQUIRE,38.86,0.07,-9.66,72.01,-0.01,0,0,,,,1.897,0.244,1.6,,,,,
20.48,ACQUIRE,39.05,0.07,-9.66,72.19,-0.01,0,0,,,,1.85,0.238,2.4,,,,,
20.53,ACQUIRE,39.05,0.07,-9.66,72.36,-0.01,0,0,,,,1.897,0.244,1.7,,,,,
20.58,ACQUIRE,39.24,0.07,-9.66,72.54,-0.01,0,0,,,,1.85,0.238,2.2,,,,,
20.63,ACQUIRE,39.24,0.07,-9.66,72.71,-0.01,0,0,,,,1.897,0.244,1.7,,,,,
20.68,ACQUIRE,39.43,0.07,-9.66,72.89,-0.01,0,0,,,,1.85,0.238,2.3,,,,,
20.73,ACQUIRE,39.43,0.07,-9.66,73.06,-0.01,0,0,,,,1.897,0.244,1.7,,,,,
20.78,ACQUIRE,39.61,0.07,-9.66,73.24,-0.01,0,0,,,,1.85,0.238,2.3,,,,,
20.83,ACQUIRE,39.61,0.07,-9.66,73.41,-0.01,0,0,,,,1.897,0.244,1.7,,,,,
20.88,ACQUIRE,39.8,0.07,-9.66,73.59,-0.01,0,0,,,,1.85,0.238,2.2,,,,,
20.93,ACQUIRE,39.8,0.07,-9.66,73.76,-0.01,0,0,,,,1.897,0.245,1.7,,,,,
20.98,ACQUIRE,39.99,0.07,-9.66,73.94,-0.01,0,0,,,,1.85,0.239,2.2,,,,,
21.03,ACQUIRE,39.99,0.07,-9.66,74.11,-0.01,0,0,,,,1.897,0.245,1.8,,,,,
21.08,ACQUIRE,40.18,0.07,-9.66,74.29,-0.01,0,0,,,,1.851,0.239,2.2,,,,,
21.13,ACQUIRE,40.18,0.07,-9.66,74.46,-0.01,0,0,,,,1.898,0.245,1.8,,,,,
21.18,ACQUIRE,40.37,0.07,-9.66,74.64,-0.01,0,0,,,,1.851,0.239,2.7,,,,,
21.23,ACQUIRE,40.37,0.07,-9.66,74.82,-0.01,0,0,,,,1.898,0.245,1.6,,,,,
21.28,ACQUIRE,40.56,0.07,-9.66,74.99,-0.01,0,0,,,,1.851,0.239,2.4,,,,,
21.33,ACQUIRE,40.56,0.07,-9.66,75.17,-0.01,0,0,,,,1.898,0.245,1.7,,,,,
21.38,ACQUIRE,40.75,0.07,-9.66,75.34,-0.01,0,0,,,,1.851,0.239,2.3,,,,,
21.43,ACQUIRE,40.75,0.07,-9.66,75.52,-0.01,0,0,,,,1.898,0.246,1.6,,,,,
21.48,ACQUIRE,40.94,0.07,-9.66,75.69,-0.01,0,0,,,,1.851,0.24,2.2,,,,,
21.53,ACQUIRE,40.94,0.07,-9.66,75.87,-0.01,0,0,,,,1.898,0.246,1.9,,,,,
21.58,ACQUIRE,41.13,0.07,-9.66,76.04,-0.01,0,0,,,,1.851,0.24,2.2,,,,,
21.63,ACQUIRE,41.13,0.07,-9.66,76.22,-0.01,0,0,,,,1.898,0.246,1.7,,,,,
21.68,ACQUIRE,41.31,0.07,-9.66,76.39,-0.01,0,0,,,,1.852,0.24,2.2,,,,,
21.73,ACQUIRE,41.31,0.07,-9.66,76.57,-0.01,0,0,,,,1.899,0.246,1.7,,,,,
21.78,ACQUIRE,41.5,0.07,-9.66,76.74,-0.01,0,0,,,,1.851,0.24,2.4,,,,,
21.83,ACQUIRE,41.5,0.07,-9.66,76.92,-0.01,0,0,,,,1.898,0.246,1.7,,,,,
21.88,ACQUIRE,41.69,0.07,-9.66,77.09,-0.01,0,0,,,,1.851,0.24,2.4,,,,,
21.93,ACQUIRE,41.69,0.07,-9.66,77.27,-0.01,0,0,,,,1.898,0.246,5.5,,,,,
21.98,ACQUIRE,41.88,0.07,-9.66,77.44,-0.01,0,0,,,,1.851,0.24,2.2,,,,,
22.03,ACQUIRE,41.88,0.07,-9.66,77.62,-0.01,0,0,,,,1.899,0.247,1.5,,,,,
22.08,ACQUIRE,42.07,0.07,-9.66,77.8,-0.01,0,0,,,,1.853,0.241,2.2,,,,,
22.13,ACQUIRE,42.07,0.07,-9.66,77.97,-0.01,0,0,,,,1.9,0.247,1.4,,,,,
22.18,ACQUIRE,42.26,0.07,-9.66,78.15,-0.01,0,0,,,,1.853,0.241,2.3,,,,,
22.23,ACQUIRE,42.26,0.07,-9.66,78.32,-0.01,0,0,,,,1.9,0.247,1.7,,,,,
22.28,ACQUIRE,42.45,0.07,-9.66,78.5,-0.01,0,0,,,,1.853,0.241,2.2,,,,,
22.33,ACQUIRE,42.45,0.07,-9.66,78.67,-0.01,0,0,,,,1.9,0.247,1.7,,,,,
22.38,ACQUIRE,42.63,0.07,-9.66,78.85,-0.01,0,0,,,,1.854,0.241,2.4,,,,,
22.43,ACQUIRE,42.63,0.07,-9.66,79.02,-0.01,0,0,,,,1.901,0.247,1.9,,,,,
22.48,ACQUIRE,42.82,0.07,-9.66,79.2,-0.01,0,0,,,,1.853,0.241,2.4,,,,,
22.53,ACQUIRE,42.82,0.07,-9.66,79.37,-0.01,0,0,,,,1.9,0.247,1.7,,,,,
22.58,ACQUIRE,43.01,0.07,-9.66,79.55,-0.01,0,0,,,,1.853,0.241,2.2,,,,,
22.63,ACQUIRE,43.01,0.07,-9.66,79.72,-0.01,0,0,,,,1.9,0.247,1.7,,,,,
22.68,ACQUIRE,43.2,0.07,-9.66,79.9,-0.01,0,0,,,,1.854,0.241,2.1,,,,,
22.73,ACQUIRE,43.2,0.07,-9.66,80.07,-0.01,0,0,,,,1.901,0.247,1.6,,,,,
22.78,ACQUIRE,43.39,0.07,-9.66,80.25,-0.01,0,0,,,,1.854,0.241,2.2,,,,,
22.83,ACQUIRE,43.39,0.07,-9.66,80.42,-0.01,0,0,,,,1.901,0.248,1.7,,,,,
22.88,ACQUIRE,43.58,0.07,-9.66,80.6,-0.01,0,0,,,,1.854,0.241,2.3,,,,,
22.93,ACQUIRE,43.58,0.07,-9.66,80.77,-0.01,0,0,,,,1.901,0.248,1.7,,,,,
22.98,ACQUIRE,43.77,0.07,-9.66,80.95,-0.01,0,0,,,,1.854,0.241,2.1,,,,,
23.03,ACQUIRE,43.77,0.07,-9.66,81.13,-0.01,0,0,,,,1.9,0.248,1.8,,,,,
23.08,ACQUIRE,43.96,0.07,-9.66,81.3,-0.01,0,0,,,,1.854,0.241,2.4,,,,,
23.13,ACQUIRE,43.96,0.07,-9.66,81.48,-0.01,0,0,,,,1.9,0.248,1.7,,,,,
23.18,ACQUIRE,44.15,0.07,-9.66,81.65,-0.01,0,0,,,,1.853,0.242,2.4,,,,,
23.23,ACQUIRE,44.15,0.07,-9.66,81.83,-0.01,0,0,,,,1.9,0.248,1.7,,,,,
23.28,ACQUIRE,44.34,0.07,-9.66,82.0,-0.01,0,0,,,,1.853,0.242,2.8,,,,,
23.33,ACQUIRE,44.34,0.07,-9.66,82.18,-0.01,0,0,,,,1.9,0.248,1.7,,,,,
23.38,ACQUIRE,44.53,0.07,-9.66,82.35,-0.01,0,0,,,,1.853,0.242,2.5,,,,,
23.43,ACQUIRE,44.53,0.07,-9.66,82.53,-0.01,0,0,,,,1.9,0.248,1.6,,,,,
23.48,ACQUIRE,44.72,0.07,-9.66,82.7,-0.01,0,0,,,,1.853,0.242,2.4,,,,,
23.53,ACQUIRE,44.72,0.07,-9.66,82.88,-0.01,0,0,,,,1.9,0.248,1.7,,,,,
23.58,ACQUIRE,44.91,0.07,-9.66,83.05,-0.01,0,0,,,,1.853,0.242,2.3,,,,,
23.63,ACQUIRE,44.91,0.07,-9.66,83.23,-0.01,0,0,,,,1.9,0.248,1.7,,,,,
23.68,ACQUIRE,45.1,0.07,-9.66,83.4,-0.01,0,0,,,,1.853,0.242,2.2,,,,,
23.73,ACQUIRE,45.1,0.07,-9.66,83.58,-0.01,0,0,,,,1.9,0.248,1.7,,,,,
23.78,ACQUIRE,45.29,0.07,-9.66,83.75,-0.01,0,0,,,,1.852,0.242,2.3,,,,,
23.83,ACQUIRE,45.29,0.07,-9.66,83.93,-0.01,0,0,,,,1.899,0.248,1.9,,,,,
23.88,ACQUIRE,45.48,0.07,-9.66,84.1,-0.01,0,0,,,,1.851,0.242,2.4,,,,,
23.93,ACQUIRE,45.48,0.07,-9.66,84.28,-0.01,0,0,,,,1.898,0.248,1.7,,,,,
23.98,ACQUIRE,45.67,0.07,-9.66,84.45,-0.01,0,0,,,,1.851,0.242,2.2,,,,,
24.03,ACQUIRE,45.67,0.07,-9.66,84.63,-0.01,0,0,,,,1.898,0.248,1.7,,,,,
24.08,ACQUIRE,45.86,0.07,-9.66,84.81,-0.01,0,0,,,,1.851,0.242,2.5,,,,,
24.13,ACQUIRE,45.86,0.07,-9.66,84.98,-0.01,0,0,,,,1.898,0.248,1.7,,,,,
24.18,ACQUIRE,46.05,0.07,-9.66,85.16,-0.01,0,0,,,,1.851,0.242,2.3,,,,,
24.23,ACQUIRE,46.05,0.07,-9.66,85.33,-0.01,0,0,,,,1.898,0.248,1.7,,,,,
24.28,ACQUIRE,46.23,0.07,-9.66,85.51,-0.01,0,0,,,,1.851,0.242,6.8,,,,,
24.33,ACQUIRE,46.23,0.07,-9.66,85.68,-0.01,0,0,,,,1.898,0.248,2.0,,,,,
24.38,ACQUIRE,46.42,0.07,-9.66,85.86,-0.01,0,0,,,,1.851,0.242,2.0,,,,,
24.43,ACQUIRE,46.42,0.07,-9.66,86.03,-0.01,0,0,,,,1.898,0.248,1.7,,,,,
24.48,ACQUIRE,46.61,0.07,-9.66,86.21,-0.01,0,0,,,,1.851,0.242,2.5,,,,,
24.53,ACQUIRE,46.61,0.07,-9.66,86.38,-0.01,0,0,,,,1.898,0.248,1.8,,,,,
24.58,ACQUIRE,46.8,0.07,-9.66,86.56,-0.01,0,0,,,,1.85,0.242,2.4,,,,,
24.63,ACQUIRE,46.8,0.07,-9.66,86.73,-0.01,0,0,,,,1.897,0.248,1.8,,,,,
24.68,ACQUIRE,46.99,0.07,-9.66,86.91,-0.01,0,0,,,,1.85,0.242,2.4,,,,,
24.73,ACQUIRE,46.99,0.07,-9.66,87.08,-0.01,0,0,,,,1.897,0.248,1.7,,,,,
24.78,ACQUIRE,47.18,0.07,-9.66,87.26,-0.01,0,0,,,,1.851,0.242,2.4,,,,,
24.83,ACQUIRE,47.18,0.07,-9.66,87.43,-0.01,0,0,,,,1.897,0.248,1.7,,,,,
24.88,ACQUIRE,47.37,0.07,-9.66,87.61,-0.01,0,0,,,,1.851,0.242,2.4,,,,,
24.93,ACQUIRE,47.37,0.07,-9.66,87.78,-0.01,0,0,,,,1.898,0.248,1.7,,,,,
24.98,ACQUIRE,47.56,0.07,-9.66,87.96,-0.01,0,0,,,,1.851,0.242,2.3,,,,,
25.03,ACQUIRE,47.56,0.07,-9.66,88.13,-0.01,0,0,,,,1.898,0.248,1.7,,,,,
25.08,ACQUIRE,47.75,0.07,-9.66,88.31,-0.01,0,0,,,,1.851,0.242,2.2,,,,,
25.13,ACQUIRE,47.75,0.07,-9.66,88.48,-0.01,0,0,,,,1.898,0.248,1.7,,,,,
25.18,ACQUIRE,47.94,0.07,-9.66,88.66,-0.01,0,0,,,,1.851,0.242,2.3,,,,,
25.23,ACQUIRE,47.94,0.07,-9.66,88.84,-0.01,0,0,,,,1.898,0.248,1.7,,,,,
25.28,ACQUIRE,48.12,0.07,-9.66,89.01,-0.01,0,0,,,,1.852,0.241,2.2,,,,,
25.33,ACQUIRE,48.12,0.07,-9.66,89.19,-0.01,0,0,,,,1.899,0.248,1.8,,,,,
25.38,ACQUIRE,48.31,0.07,-9.66,89.36,-0.01,0,0,,,,1.852,0.241,2.4,,,,,
25.43,ACQUIRE,48.31,0.07,-9.66,89.54,-0.01,0,0,,,,1.899,0.247,1.7,,,,,
25.48,ACQUIRE,48.5,0.08,-9.66,89.71,-0.01,0,0,,,,1.852,0.241,2.4,,,,,
25.54,ACQUIRE,48.5,0.08,-9.66,89.89,-0.01,0,0,,,,1.899,0.247,1.8,,,,,
25.59,ACQUIRE,48.69,0.08,-9.66,90.06,-0.01,0,0,,,,1.852,0.241,2.1,,,,,
25.64,ACQUIRE,48.69,0.08,-9.66,90.24,-0.01,0,0,,,,1.899,0.247,1.7,,,,,
25.69,ACQUIRE,48.88,0.08,-9.66,90.41,-0.01,0,0,,,,1.853,0.241,2.1,,,,,
25.74,ACQUIRE,48.88,0.08,-9.66,90.59,-0.01,0,0,,,,1.899,0.247,1.6,,,,,
25.79,ACQUIRE,49.07,0.08,-9.66,90.76,-0.01,0,0,,,,1.853,0.241,2.1,,,,,
25.84,ACQUIRE,49.07,0.08,-9.66,90.94,-0.01,0,0,,,,1.9,0.247,1.8,,,,,
25.89,ACQUIRE,49.26,0.08,-9.67,91.11,-0.01,0,0,,,,1.852,0.241,2.2,,,,,
25.94,ACQUIRE,49.26,0.08,-9.67,91.29,-0.01,0,0,,,,1.899,0.247,1.7,,,,,
25.99,ACQUIRE,49.45,0.08,-9.67,91.46,-0.01,0,0,,,,1.852,0.24,2.3,,,,,
26.04,ACQUIRE,49.45,0.08,-9.67,91.64,-0.01,0,0,,,,1.899,0.246,1.7,,,,,
26.09,ACQUIRE,49.64,0.08,-9.67,91.81,-0.01,0,0,,,,1.852,0.24,2.4,,,,,
26.14,ACQUIRE,49.64,0.08,-9.67,91.99,-0.01,0,0,,,,1.899,0.246,1.7,,,,,
26.19,ACQUIRE,49.83,0.08,-9.67,92.16,-0.01,0,0,,,,1.852,0.24,2.4,,,,,
26.24,ACQUIRE,49.83,0.08,-9.67,92.34,-0.01,0,0,,,,1.898,0.246,1.7,,,,,
26.29,ACQUIRE,50.02,0.08,-9.66,92.52,-0.01,0,0,,,,1.852,0.24,2.4,,,,,
26.34,ACQUIRE,50.02,0.08,-9.66,92.69,-0.01,0,0,,,,1.899,0.246,1.7,,,,,
26.39,ACQUIRE,50.21,0.08,-9.66,92.87,-0.01,0,0,,,,1.852,0.24,2.3,,,,,
26.44,ACQUIRE,50.21,0.08,-9.66,93.04,-0.01,0,0,,,,1.899,0.246,1.6,,,,,
26.49,ACQUIRE,50.4,0.08,-9.66,93.22,-0.01,0,0,,,,1.852,0.24,2.4,,,,,
26.54,ACQUIRE,50.4,0.08,-9.66,93.39,-0.01,0,0,,,,1.899,0.246,1.7,,,,,
26.59,ACQUIRE,50.58,0.08,-9.66,93.57,-0.01,0,0,,,,1.852,0.24,2.4,,,,,
26.64,ACQUIRE,50.58,0.08,-9.66,93.74,-0.01,0,0,,,,1.899,0.246,6.1,,,,,
26.69,ACQUIRE,50.78,0.08,-9.66,93.92,-0.01,0,0,,,,1.851,0.24,2.5,,,,,
26.74,ACQUIRE,50.78,0.08,-9.66,94.09,-0.01,0,0,,,,1.898,0.246,2.1,,,,,
26.79,ACQUIRE,50.96,0.08,-9.66,94.27,-0.01,0,0,,,,1.851,0.24,2.4,,,,,
26.84,ACQUIRE,50.96,0.08,-9.66,94.44,-0.01,0,0,,,,1.898,0.246,1.8,,,,,
26.89,ACQUIRE,51.15,0.08,-9.66,94.62,-0.01,0,0,,,,1.852,0.24,2.4,,,,,
26.94,ACQUIRE,51.15,0.08,-9.66,94.79,-0.01,0,0,,,,1.899,0.246,1.7,,,,,
26.99,ACQUIRE,51.34,0.08,-9.66,94.97,-0.01,0,0,,,,1.852,0.241,2.4,,,,,
27.04,ACQUIRE,51.34,0.08,-9.66,95.14,-0.01,0,0,,,,1.899,0.247,1.7,,,,,
27.09,ACQUIRE,51.53,0.08,-9.66,95.32,-0.01,0,0,,,,1.852,0.241,2.3,,,,,
27.14,ACQUIRE,51.53,0.08,-9.66,95.49,-0.01,0,0,,,,1.899,0.247,1.7,,,,,
27.19,ACQUIRE,51.72,0.08,-9.66,95.67,-0.01,0,0,,,,1.852,0.241,2.3,,,,,
27.24,ACQUIRE,51.72,0.08,-9.66,95.85,-0.01,0,0,,,,1.899,0.247,1.5,,,,,
27.29,ACQUIRE,51.91,0.08,-9.66,96.02,-0.01,0,0,,,,1.853,0.241,2.3,,,,,
27.34,ACQUIRE,51.91,0.08,-9.66,96.2,-0.01,0,0,,,,1.9,0.247,1.7,,,,,
27.39,ACQUIRE,52.1,0.08,-9.66,96.37,-0.01,0,0,,,,1.853,0.241,2.2,,,,,
27.44,ACQUIRE,52.1,0.08,-9.66,96.55,-0.01,0,0,,,,1.9,0.247,1.7,,,,,
27.49,ACQUIRE,52.28,0.08,-9.66,96.72,-0.01,0,0,,,,1.853,0.241,2.2,,,,,
27.54,ACQUIRE,52.28,0.08,-9.66,96.9,-0.01,0,0,,,,1.9,0.247,1.8,,,,,
27.59,ACQUIRE,52.47,0.08,-9.66,97.07,-0.01,0,0,,,,1.854,0.241,2.4,,,,,
27.64,ACQUIRE,52.47,0.08,-9.66,97.25,-0.01,0,0,,,,1.901,0.247,1.8,,,,,
27.69,ACQUIRE,52.66,0.08,-9.66,97.42,-0.01,0,0,,,,1.854,0.241,2.4,,,,,
27.74,ACQUIRE,52.66,0.08,-9.66,97.6,-0.01,0,0,,,,1.901,0.247,1.7,,,,,
27.79,ACQUIRE,52.85,0.08,-9.66,97.77,-0.01,0,0,,,,1.854,0.241,2.2,,,,,
27.84,ACQUIRE,52.85,0.08,-9.66,97.95,-0.01,0,0,,,,1.901,0.247,1.6,,,,,
27.89,ACQUIRE,53.04,0.08,-9.66,98.12,-0.01,0,0,,,,1.855,0.241,2.3,,,,,
27.94,ACQUIRE,53.04,0.08,-9.66,98.3,-0.01,0,0,,,,1.902,0.247,1.7,,,,,
27.99,ACQUIRE,53.23,0.08,-9.66,98.47,-0.01,0,0,,,,1.854,0.241,2.3,,,,,
28.04,ACQUIRE,53.23,0.08,-9.66,98.65,-0.01,0,0,,,,1.901,0.247,1.7,,,,,
28.09,ACQUIRE,53.42,0.08,-9.66,98.82,-0.01,0,0,,,,1.855,0.241,2.3,,,,,
28.14,ACQUIRE,53.42,0.08,-9.66,99.0,-0.01,0,0,,,,1.902,0.247,1.7,,,,,
28.19,ACQUIRE,53.6,0.08,-9.66,99.17,-0.01,0,0,,,,1.855,0.241,2.2,,,,,
28.24,ACQUIRE,53.6,0.08,-9.66,99.35,-0.01,0,0,,,,1.902,0.247,1.7,,,,,
28.29,ACQUIRE,53.79,0.09,-9.66,99.52,-0.01,0,0,,,,1.856,0.241,2.2,,,,,
28.34,ACQUIRE,53.79,0.09,-9.66,99.7,-0.01,0,0,,,,1.903,0.247,1.8,,,,,
28.39,ACQUIRE,53.98,0.09,-9.66,99.88,-0.01,0,0,,,,1.856,0.241,2.4,,,,,
28.44,ACQUIRE,53.98,0.09,-9.66,100.05,-0.01,0,0,,,,1.903,0.247,1.7,,,,,
28.49,ACQUIRE,54.17,0.09,-9.66,100.23,-0.01,0,0,,,,1.856,0.24,2.4,,,,,
28.54,ACQUIRE,54.17,0.09,-9.66,100.4,-0.01,0,0,,,,1.903,0.246,1.7,,,,,
28.59,ACQUIRE,54.36,0.09,-9.66,100.58,-0.01,0,0,,,,1.856,0.24,2.4,,,,,
28.64,ACQUIRE,54.36,0.09,-9.66,100.75,-0.01,0,0,,,,1.902,0.246,1.7,,,,,
28.69,ACQUIRE,54.55,0.09,-9.66,100.93,-0.01,0,0,,,,1.855,0.24,2.3,,,,,
28.74,ACQUIRE,54.55,0.09,-9.66,101.1,-0.01,0,0,,,,1.902,0.246,1.6,,,,,
28.79,ACQUIRE,54.74,0.09,-9.66,101.28,-0.01,0,0,,,,1.854,0.24,2.3,,,,,
28.84,ACQUIRE,54.74,0.09,-9.66,101.45,-0.01,0,0,,,,1.901,0.246,1.7,,,,,
28.89,ACQUIRE,54.93,0.09,-9.66,101.63,-0.01,0,0,,,,1.854,0.24,2.2,,,,,
28.94,ACQUIRE,54.93,0.09,-9.66,101.8,-0.01,0,0,,,,1.901,0.246,1.7,,,,,
28.99,ACQUIRE,55.12,0.09,-9.66,101.98,-0.01,0,0,,,,1.853,0.24,5.9,,,,,
29.04,ACQUIRE,55.12,0.09,-9.66,102.15,-0.01,0,0,,,,1.9,0.246,1.6,,,,,
29.09,ACQUIRE,55.31,0.09,-9.66,102.33,-0.01,0,0,,,,1.853,0.24,2.2,,,,,
29.14,ACQUIRE,55.31,0.09,-9.66,102.5,-0.01,0,0,,,,1.9,0.246,1.7,,,,,
29.19,ACQUIRE,55.5,0.09,-9.66,102.68,-0.01,0,0,,,,1.852,0.24,2.4,,,,,
29.24,ACQUIRE,55.5,0.09,-9.66,102.85,-0.01,0,0,,,,1.899,0.246,1.7,,,,,
29.29,ACQUIRE,55.69,0.09,-9.66,103.03,-0.01,0,0,,,,1.852,0.24,2.3,,,,,
29.34,ACQUIRE,55.69,0.09,-9.66,103.21,-0.01,0,0,,,,1.898,0.246,1.7,,,,,
29.39,ACQUIRE,55.88,0.09,-9.66,103.38,-0.01,0,0,,,,1.851,0.24,2.3,,,,,
29.44,ACQUIRE,55.88,0.09,-9.66,103.56,-0.01,0,0,,,,1.898,0.246,1.6,,,,,
29.49,ACQUIRE,56.07,0.09,-9.66,103.73,-0.01,0,0,,,,1.851,0.24,2.4,,,,,
29.54,ACQUIRE,56.07,0.09,-9.66,103.91,-0.01,0,0,,,,1.898,0.246,1.7,,,,,
29.59,ACQUIRE,56.26,0.09,-9.66,104.08,-0.01,0,0,,,,1.851,0.24,2.3,,,,,
29.64,ACQUIRE,56.26,0.09,-9.66,104.26,-0.01,0,0,,,,1.898,0.247,1.7,,,,,
29.69,ACQUIRE,56.45,0.09,-9.66,104.43,-0.01,0,0,,,,1.851,0.241,2.3,,,,,
29.74,ACQUIRE,56.45,0.09,-9.66,104.61,-0.01,0,0,,,,1.898,0.247,1.7,,,,,
29.79,ACQUIRE,56.64,0.09,-9.66,104.78,-0.01,0,0,,,,1.851,0.241,2.3,,,,,
29.84,ACQUIRE,56.64,0.09,-9.66,104.96,-0.01,0,0,,,,1.898,0.247,1.8,,,,,
29.89,ACQUIRE,56.83,0.09,-9.66,105.13,-0.01,0,0,,,,1.851,0.241,2.7,,,,,
29.94,ACQUIRE,56.83,0.09,-9.66,105.31,-0.01,0,0,,,,1.898,0.247,2.3,,,,,
29.99,ACQUIRE,57.02,0.09,-9.66,105.48,-0.01,0,0,,,,1.851,0.241,2.5,,,,,
30.04,ACQUIRE,57.02,0.09,-9.66,105.66,-0.01,0,1,,,,1.898,0.247,1.9,,,,,
30.09,ACQUIRE,57.21,0.09,-9.66,105.84,-0.01,0,1,,,,1.85,0.241,2.2,,,,,
30.14,ACQUIRE,57.21,0.09,-9.66,106.01,-0.01,0,1,,,,1.897,0.247,1.7,,,,,
30.19,ACQUIRE,57.4,0.09,-9.66,106.19,-0.01,0,1,,,,1.85,0.241,2.2,,,,,
30.24,ACQUIRE,57.4,0.09,-9.66,106.36,-0.01,0,1,,,,1.897,0.247,1.7,,,,,
30.29,ACQUIRE,57.59,0.09,-9.66,106.54,-0.01,0,1,,,,1.85,0.241,2.4,,,,,
30.34,ACQUIRE,57.59,0.09,-9.66,106.71,-0.01,0,1,,,,1.897,0.247,1.7,,,,,
30.39,ACQUIRE,57.78,0.09,-9.66,106.89,-0.01,0,1,,,,1.85,0.241,2.4,,,,,
30.44,ACQUIRE,57.78,0.09,-9.66,107.06,-0.01,0,1,,,,1.897,0.247,1.7,,,,,
30.49,ACQUIRE,57.97,0.09,-9.66,107.24,-0.01,0,1,,,,1.85,0.241,2.3,,,,,
30.54,ACQUIRE,57.97,0.09,-9.66,107.41,-0.01,0,1,,,,1.897,0.247,1.7,,,,,
30.59,ACQUIRE,58.16,0.09,-9.66,107.59,-0.01,0,1,,,,1.85,0.241,2.3,,,,,
30.64,ACQUIRE,58.16,0.09,-9.66,107.76,-0.01,0,1,,,,1.897,0.247,1.7,,,,,
30.69,ACQUIRE,58.35,0.09,-9.66,107.94,-0.01,0,1,,,,1.85,0.241,2.5,,,,,
30.74,ACQUIRE,58.35,0.09,-9.66,108.11,-0.01,0,1,,,,1.897,0.247,1.7,,,,,
30.79,ACQUIRE,58.54,0.09,-9.66,108.29,-0.01,0,1,,,,1.849,0.241,2.3,,,,,
30.84,ACQUIRE,58.54,0.09,-9.66,108.46,-0.01,0,1,,,,1.896,0.247,1.7,,,,,
30.89,ACQUIRE,58.72,0.09,-9.66,108.64,-0.01,0,1,,,,1.849,0.241,2.2,,,,,
30.94,ACQUIRE,58.72,0.09,-9.66,108.81,-0.01,0,1,,,,1.896,0.247,1.7,,,,,
30.99,ACQUIRE,58.91,0.09,-9.66,108.99,-0.01,0,1,,,,1.849,0.241,2.3,,,,,
31.04,ACQUIRE,58.91,0.09,-9.66,109.16,-0.01,0,1,,,,1.896,0.247,1.8,,,,,
31.09,ACQUIRE,59.1,0.09,-9.66,109.34,-0.01,0,1,,,,1.85,0.241,2.2,,,,,
31.14,ACQUIRE,59.1,0.09,-9.66,109.52,-0.01,0,1,,,,1.897,0.247,1.5,,,,,
31.19,ACQUIRE,59.29,0.09,-9.66,109.69,-0.01,0,1,,,,1.85,0.241,2.4,,,,,
31.24,ACQUIRE,59.29,0.09,-9.66,109.87,-0.01,0,1,,,,1.897,0.247,1.7,,,,,
31.29,ACQUIRE,59.48,0.09,-9.66,110.04,-0.01,0,1,,,,1.85,0.241,2.4,,,,,
31.34,ACQUIRE,59.48,0.09,-9.66,110.22,-0.01,0,1,,,,1.897,0.247,5.1,,,,,
31.39,ACQUIRE,59.67,0.09,-9.66,110.39,-0.01,0,1,,,,1.85,0.241,2.2,,,,,
31.44,ACQUIRE,59.67,0.09,-9.66,110.57,-0.01,0,1,,,,1.897,0.247,1.7,,,,,
31.49,ACQUIRE,59.86,0.09,-9.66,110.74,-0.01,0,1,,,,1.851,0.241,2.3,,,,,
31.54,ACQUIRE,59.86,0.09,-9.66,110.92,-0.01,0,1,,,,1.897,0.247,1.7,,,,,
31.59,ACQUIRE,60.05,0.09,-9.66,111.09,-0.01,0,1,,,,1.851,0.241,2.2,,,,,
31.64,ACQUIRE,60.05,0.09,-9.66,111.27,-0.01,0,1,,,,1.898,0.247,1.8,,,,,
31.69,ACQUIRE,60.24,0.09,-9.66,111.44,-0.01,0,1,,,,1.851,0.241,2.4,,,,,
31.74,ACQUIRE,60.24,0.09,-9.66,111.62,-0.01,0,1,,,,1.898,0.247,1.7,,,,,
31.79,ACQUIRE,60.42,0.09,-9.66,111.79,-0.01,0,1,,,,1.851,0.241,2.4,,,,,
31.84,ACQUIRE,60.42,0.09,-9.66,111.97,-0.01,0,1,,,,1.898,0.247,1.7,,,,,
31.89,ACQUIRE,60.61,0.09,-9.66,112.14,-0.01,0,1,,,,1.852,0.241,2.4,,,,,
31.94,ACQUIRE,60.61,0.09,-9.66,112.32,-0.01,0,1,,,,1.899,0.247,1.7,,,,,
31.99,ACQUIRE,60.8,0.09,-9.66,112.49,-0.01,0,1,,,,1.852,0.241,2.4,,,,,
32.04,ACQUIRE,60.8,0.09,-9.66,112.67,-0.01,0,1,,,,1.898,0.247,1.7,,,,,
32.09,ACQUIRE,60.99,0.09,-9.66,112.85,-0.01,0,1,,,,1.852,0.241,2.7,,,,,
32.14,ACQUIRE,60.99,0.09,-9.66,113.02,-0.01,0,1,,,,1.899,0.247,1.9,,,,,
32.19,ACQUIRE,61.18,0.09,-9.66,113.2,-0.01,0,1,,,,1.851,0.241,2.3,,,,,
32.24,ACQUIRE,61.18,0.09,-9.66,113.37,-0.01,0,1,,,,1.898,0.247,1.7,,,,,
32.29,ACQUIRE,61.37,0.1,-9.66,113.55,-0.01,0,1,,,,1.851,0.241,2.3,,,,,
32.34,ACQUIRE,61.37,0.1,-9.66,113.72,-0.01,0,1,,,,1.898,0.247,1.8,,,,,
32.4,ACQUIRE,61.56,0.1,-9.66,113.9,-0.01,0,1,,,,1.852,0.241,2.3,,,,,
32.45,ACQUIRE,61.56,0.1,-9.66,114.07,-0.01,0,1,,,,1.899,0.247,1.7,,,,,
32.5,ACQUIRE,61.75,0.1,-9.66,114.25,-0.01,0,1,,,,1.853,0.241,2.4,,,,,
32.55,ACQUIRE,61.75,0.1,-9.66,114.42,-0.01,0,1,,,,1.9,0.247,1.8,,,,,
32.6,ACQUIRE,61.93,0.1,-9.66,114.6,-0.01,0,1,,,,1.854,0.241,2.4,,,,,
32.65,ACQUIRE,61.93,0.1,-9.66,114.77,-0.01,0,1,,,,1.901,0.247,1.7,,,,,
32.7,ACQUIRE,62.12,0.1,-9.66,114.95,-0.01,0,1,,,,1.854,0.241,2.4,,,,,
32.75,ACQUIRE,62.12,0.1,-9.66,115.12,-0.01,0,1,,,,1.901,0.247,1.6,,,,,
32.8,ACQUIRE,62.31,0.1,-9.66,115.3,-0.01,0,1,,,,1.855,0.241,2.4,,,,,
32.85,ACQUIRE,62.31,0.1,-9.66,115.47,-0.01,0,1,,,,1.902,0.247,1.7,,,,,
32.9,ACQUIRE,62.5,0.1,-9.66,115.65,-0.01,0,1,,,,1.855,0.241,2.3,,,,,
32.95,ACQUIRE,62.5,0.1,-9.66,115.82,-0.01,0,1,,,,1.902,0.247,1.7,,,,,
33.0,ACQUIRE,62.69,0.1,-9.66,116.0,-0.01,0,1,,,,1.856,0.241,2.2,,,,,
33.05,ACQUIRE,62.69,0.1,-9.66,116.18,-0.01,0,1,,,,1.902,0.247,1.7,,,,,
33.1,ACQUIRE,62.87,0.1,-9.66,116.35,-0.01,0,1,,,,1.856,0.241,2.4,,,,,
33.15,ACQUIRE,62.87,0.1,-9.66,116.53,-0.01,0,1,,,,1.903,0.247,1.7,,,,,
33.2,ACQUIRE,63.06,0.1,-9.66,116.7,-0.01,0,1,,,,1.856,0.241,2.4,,,,,
33.25,ACQUIRE,63.06,0.1,-9.66,116.88,-0.01,0,1,,,,1.903,0.247,1.7,,,,,
33.3,ACQUIRE,63.25,0.1,-9.66,117.05,-0.01,0,1,,,,1.857,0.241,2.4,,,,,
33.35,ACQUIRE,63.25,0.1,-9.66,117.23,-0.01,0,1,,,,1.904,0.247,1.7,,,,,
33.4,ACQUIRE,63.44,0.1,-9.66,117.4,-0.01,0,1,,,,1.857,0.241,2.4,,,,,
33.45,ACQUIRE,63.44,0.1,-9.66,117.58,-0.01,0,1,,,,1.904,0.247,1.6,,,,,
33.5,ACQUIRE,63.63,0.1,-9.66,117.75,-0.01,0,1,,,,1.857,0.241,2.2,,,,,
33.55,ACQUIRE,63.63,0.1,-9.66,117.93,-0.01,0,1,,,,1.904,0.247,1.7,,,,,
33.6,ACQUIRE,63.82,0.1,-9.66,118.1,-0.01,0,1,,,,1.857,0.241,2.2,,,,,
33.65,ACQUIRE,63.82,0.1,-9.66,118.28,-0.01,0,1,,,,1.904,0.247,1.7,,,,,
33.7,ACQUIRE,64.01,0.1,-9.66,118.45,-0.01,0,1,,,,1.857,0.241,6.6,,,,,
33.75,ACQUIRE,64.01,0.1,-9.66,118.63,-0.01,0,1,,,,1.904,0.247,1.7,,,,,
33.8,ACQUIRE,64.2,0.1,-9.66,118.8,-0.01,0,1,,,,1.857,0.241,2.4,,,,,
33.85,ACQUIRE,64.2,0.1,-9.66,118.98,-0.01,0,1,,,,1.904,0.247,1.8,,,,,
33.9,ACQUIRE,64.39,0.1,-9.66,119.15,-0.01,0,1,,,,1.857,0.241,2.4,,,,,
33.95,ACQUIRE,64.39,0.1,-9.66,119.33,-0.01,0,1,,,,1.904,0.247,1.7,,,,,
34.0,ACQUIRE,64.58,0.1,-9.66,119.5,-0.01,0,1,,,,1.856,0.24,2.5,,,,,
34.05,ACQUIRE,64.58,0.1,-9.66,119.68,-0.01,0,1,,,,1.903,0.247,1.8,,,,,
34.1,ACQUIRE,64.77,0.1,-9.66,119.86,-0.01,0,1,,,,1.856,0.24,2.2,,,,,
34.15,ACQUIRE,64.77,0.1,-9.66,120.03,-0.01,0,1,,,,1.903,0.246,2.0,,,,,
34.2,ACQUIRE,64.96,0.1,-9.66,120.21,-0.01,0,1,,,,1.856,0.24,2.3,,,,,
34.25,ACQUIRE,64.96,0.1,-9.66,120.38,-0.01,0,1,,,,1.903,0.246,1.7,,,,,
34.3,ACQUIRE,65.15,0.1,-9.66,120.56,-0.01,0,1,,,,1.855,0.24,2.3,,,,,
34.35,ACQUIRE,65.15,0.1,-9.66,120.73,-0.01,0,1,,,,1.902,0.246,1.8,,,,,
34.4,ACQUIRE,65.34,0.11,-9.66,120.91,-0.01,0,1,,,,1.854,0.239,2.2,,,,,
34.45,ACQUIRE,65.34,0.11,-9.66,121.08,-0.01,0,1,,,,1.901,0.245,1.7,,,,,
34.5,ACQUIRE,65.53,0.11,-9.66,121.26,-0.01,0,1,,,,1.853,0.239,2.5,,,,,
34.55,ACQUIRE,65.53,0.11,-9.66,121.43,-0.01,0,1,,,,1.9,0.245,1.8,,,,,
34.6,ACQUIRE,65.72,0.11,-9.66,121.61,-0.01,0,1,,,,1.853,0.239,2.4,,,,,
34.65,ACQUIRE,65.72,0.11,-9.66,121.78,-0.01,0,1,,,,1.9,0.245,1.7,,,,,
34.7,ACQUIRE,65.91,0.11,-9.66,121.96,-0.01,0,1,,,,1.853,0.238,2.4,,,,,
34.75,ACQUIRE,65.91,0.11,-9.66,122.13,-0.01,0,1,,,,1.9,0.244,1.5,,,,,
34.8,ACQUIRE,66.1,0.11,-9.66,122.31,-0.01,0,1,,,,1.852,0.238,2.2,,,,,
34.85,ACQUIRE,66.1,0.11,-9.66,122.48,-0.01,0,1,,,,1.899,0.244,1.7,,,,,
34.9,ACQUIRE,66.29,0.11,-9.66,122.66,-0.01,0,1,,,,1.852,0.238,2.3,,,,,
34.95,ACQUIRE,66.29,0.11,-9.66,122.83,-0.01,0,1,,,,1.899,0.244,1.7,,,,,
35.0,ACQUIRE,66.48,0.11,-9.66,123.01,-0.01,0,1,,,,1.851,0.238,2.3,,,,,
35.05,ACQUIRE,66.48,0.11,-9.66,123.18,-0.01,0,0,,,,1.898,0.244,1.7,,,,,
35.1,ACQUIRE,66.67,0.11,-9.66,123.36,-0.01,0,0,,,,1.85,0.238,2.3,,,,,
35.15,ACQUIRE,66.67,0.11,-9.66,123.54,-0.01,0,0,,,,1.897,0.244,1.7,,,,,
35.2,ACQUIRE,66.86,0.11,-9.66,123.71,-0.01,0,0,,,,1.85,0.238,2.4,,,,,
35.25,ACQUIRE,66.86,0.11,-9.66,123.89,-0.01,0,0,,,,1.897,0.244,1.7,,,,,
35.3,ACQUIRE,67.05,0.11,-9.66,124.06,-0.01,0,0,,,,1.85,0.238,2.4,,,,,
35.35,ACQUIRE,67.05,0.11,-9.66,124.24,-0.01,0,0,,,,1.897,0.244,1.7,,,,,
35.4,ACQUIRE,67.24,0.11,-9.66,124.41,-0.01,0,0,,,,1.85,0.238,2.4,,,,,
35.45,ACQUIRE,67.24,0.11,-9.66,124.59,-0.01,0,0,,,,1.897,0.244,1.7,,,,,
35.5,ACQUIRE,67.43,0.11,-9.66,124.76,-0.01,0,0,,,,1.85,0.238,2.3,,,,,
35.55,ACQUIRE,67.43,0.11,-9.66,124.94,-0.01,0,0,,,,1.897,0.244,1.7,,,,,
35.6,ACQUIRE,67.62,0.11,-9.66,125.11,-0.01,0,0,,,,1.85,0.238,2.3,,,,,
35.65,ACQUIRE,67.62,0.11,-9.66,125.29,-0.01,0,0,,,,1.897,0.244,1.6,,,,,
35.7,ACQUIRE,67.81,0.11,-9.66,125.46,-0.01,0,0,,,,1.85,0.238,3.0,,,,,
35.75,ACQUIRE,67.81,0.11,-9.66,125.64,-0.01,0,0,,,,1.897,0.244,2.2,,,,,
35.8,ACQUIRE,68.0,0.11,-9.66,125.81,-0.01,0,0,,,,1.85,0.239,2.4,,,,,
35.85,ACQUIRE,68.0,0.11,-9.66,125.99,-0.01,0,0,,,,1.897,0.245,1.7,,,,,
35.9,ACQUIRE,68.18,0.11,-9.66,126.16,-0.01,0,0,,,,1.85,0.239,2.1,,,,,
35.95,ACQUIRE,68.18,0.11,-9.66,126.34,-0.01,0,0,,,,1.897,0.245,1.7,,,,,
36.0,ACQUIRE,68.37,0.11,-9.66,126.51,-0.01,0,0,,,,1.85,0.239,2.4,,,,,
36.05,ACQUIRE,68.37,0.11,-9.66,126.69,-0.01,0,0,,,,1.897,0.245,6.0,,,,,
36.1,ACQUIRE,68.56,0.11,-9.66,126.87,-0.01,0,0,,,,1.85,0.239,2.4,,,,,
36.15,ACQUIRE,68.56,0.11,-9.66,127.04,-0.01,0,0,,,,1.897,0.245,1.7,,,,,
36.2,ACQUIRE,68.75,0.11,-9.66,127.22,-0.01,0,0,,,,1.85,0.239,2.5,,,,,
36.25,ACQUIRE,68.75,0.11,-9.66,127.39,-0.01,0,0,,,,1.897,0.245,1.5,,,,,
36.3,ACQUIRE,68.94,0.11,-9.66,127.57,-0.01,0,0,,,,1.851,0.24,2.3,,,,,
36.35,ACQUIRE,68.94,0.11,-9.66,127.74,-0.01,0,0,,,,1.898,0.246,1.7,,,,,
36.4,ACQUIRE,69.13,0.11,-9.66,127.92,-0.01,0,0,,,,1.85,0.24,2.3,,,,,
36.45,ACQUIRE,69.13,0.11,-9.66,128.09,-0.01,0,0,,,,1.897,0.246,1.7,,,,,
36.5,ACQUIRE,69.32,0.11,-9.66,128.27,-0.01,0,0,,,,1.85,0.24,2.2,,,,,
36.55,ACQUIRE,69.32,0.11,-9.66,128.44,-0.01,0,0,,,,1.897,0.246,1.7,,,,,
36.6,ACQUIRE,69.51,0.11,-9.66,128.62,-0.01,0,0,,,,1.85,0.24,2.4,,,,,
36.65,ACQUIRE,69.51,0.11,-9.66,128.79,-0.01,0,0,,,,1.897,0.246,1.7,,,,,
36.7,ACQUIRE,69.7,0.11,-9.66,128.97,-0.01,0,0,,,,1.851,0.24,2.4,,,,,
36.75,ACQUIRE,69.7,0.11,-9.66,129.14,-0.01,0,0,,,,1.898,0.246,1.7,,,,,
36.8,ACQUIRE,69.89,0.11,-9.66,129.32,-0.01,0,0,,,,1.851,0.24,2.5,,,,,
36.85,ACQUIRE,69.89,0.11,-9.66,129.49,-0.01,0,0,,,,1.898,0.246,1.7,,,,,
36.9,ACQUIRE,70.07,0.11,-9.66,129.67,-0.01,0,0,,,,1.851,0.24,2.4,,,,,
36.95,ACQUIRE,70.07,0.11,-9.66,129.84,-0.01,0,0,,,,1.898,0.247,1.7,,,,,
37.0,ACQUIRE,70.26,0.11,-9.66,130.02,-0.01,0,0,,,,1.851,0.24,2.3,,,,,
37.05,ACQUIRE,70.26,0.11,-9.66,130.19,-0.01,0,0,,,,1.898,0.247,1.8,,,,,
37.1,ACQUIRE,70.46,0.11,-9.66,130.37,-0.01,0,0,,,,1.85,0.24,2.3,,,,,
37.15,ACQUIRE,70.46,0.11,-9.66,130.55,-0.01,0,0,,,,1.897,0.246,1.7,,,,,
37.2,ACQUIRE,70.64,0.11,-9.66,130.72,-0.01,0,0,,,,1.85,0.24,2.3,,,,,
37.25,ACQUIRE,70.64,0.11,-9.66,130.9,-0.01,0,0,,,,1.897,0.247,1.8,,,,,
37.3,ACQUIRE,70.83,0.11,-9.66,131.07,-0.01,0,0,,,,1.85,0.241,2.4,,,,,
37.35,ACQUIRE,70.83,0.11,-9.66,131.25,-0.01,0,0,,,,1.897,0.247,1.7,,,,,
37.4,ACQUIRE,71.02,0.11,-9.66,131.42,-0.01,0,0,,,,1.85,0.241,2.4,,,,,
37.45,ACQUIRE,71.02,0.11,-9.66,131.6,-0.01,0,0,,,,1.897,0.247,1.8,,,,,
37.5,ACQUIRE,71.21,0.11,-9.66,131.77,-0.01,0,0,,,,1.85,0.241,2.4,,,,,
37.55,ACQUIRE,71.21,0.11,-9.66,131.95,-0.01,0,0,,,,1.897,0.247,1.7,,,,,
37.6,ACQUIRE,71.4,0.11,-9.66,132.12,-0.01,0,0,,,,1.851,0.241,2.4,,,,,
37.65,ACQUIRE,71.4,0.11,-9.66,132.3,-0.01,0,0,,,,1.898,0.247,1.7,,,,,
37.7,ACQUIRE,71.59,0.11,-9.66,132.47,-0.01,0,0,,,,1.851,0.241,2.3,,,,,
37.75,ACQUIRE,71.59,0.11,-9.66,132.65,-0.01,0,0,,,,1.898,0.247,1.7,,,,,
37.8,ACQUIRE,71.78,0.11,-9.66,132.82,-0.01,0,0,,,,1.852,0.241,2.4,,,,,
37.85,ACQUIRE,71.78,0.11,-9.66,133.0,-0.01,0,0,,,,1.898,0.247,1.7,,,,,
37.9,ACQUIRE,71.96,0.11,-9.66,133.17,-0.01,0,0,,,,1.852,0.241,2.1,,,,,
37.95,ACQUIRE,71.96,0.11,-9.66,133.35,-0.01,0,0,,,,1.899,0.247,1.7,,,,,
38.0,ACQUIRE,72.15,0.11,-9.66,133.52,-0.01,0,0,,,,1.853,0.241,2.4,,,,,
38.05,ACQUIRE,72.15,0.11,-9.66,133.7,-0.01,0,0,,,,1.899,0.247,1.8,,,,,
38.1,ACQUIRE,72.34,0.11,-9.66,133.88,-0.01,0,0,,,,1.853,0.241,2.4,,,,,
38.15,ACQUIRE,72.34,0.11,-9.66,134.05,-0.01,0,0,,,,1.9,0.247,1.7,,,,,
38.2,ACQUIRE,72.53,0.11,-9.66,134.23,-0.01,0,0,,,,1.853,0.241,2.4,,,,,
38.25,ACQUIRE,72.53,0.11,-9.66,134.4,-0.01,0,0,,,,1.9,0.247,1.7,,,,,
38.3,ACQUIRE,72.72,0.11,-9.66,134.58,-0.01,0,0,,,,1.853,0.241,2.5,,,,,
38.35,ACQUIRE,72.72,0.11,-9.66,134.75,-0.01,0,0,,,,1.9,0.247,1.7,,,,,
38.4,ACQUIRE,72.91,0.11,-9.66,134.93,-0.01,0,0,,,,1.853,0.241,2.3,,,,,
38.45,ACQUIRE,72.91,0.11,-9.66,135.1,-0.01,0,0,,,,1.9,0.248,5.5,,,,,
38.5,ACQUIRE,73.1,0.11,-9.66,135.28,-0.01,0,0,,,,1.853,0.242,2.3,,,,,
38.55,ACQUIRE,73.1,0.11,-9.66,135.45,-0.01,0,0,,,,1.9,0.248,1.7,,,,,
38.6,ACQUIRE,73.29,0.11,-9.66,135.63,-0.01,0,0,,,,1.854,0.242,2.3,,,,,
38.65,ACQUIRE,73.29,0.11,-9.66,135.8,-0.01,0,0,,,,1.901,0.248,1.7,,,,,
38.7,ACQUIRE,73.47,0.11,-9.66,135.98,-0.01,0,0,,,,1.855,0.243,2.2,,,,,
38.75,ACQUIRE,73.47,0.11,-9.66,136.15,-0.01,0,0,,,,1.902,0.249,1.8,,,,,
38.8,ACQUIRE,73.66,0.11,-9.66,136.33,-0.01,0,0,,,,1.855,0.243,2.4,,,,,
38.85,ACQUIRE,73.66,0.11,-9.66,136.5,-0.01,0,0,,,,1.902,0.249,1.7,,,,,
38.9,ACQUIRE,73.85,0.11,-9.66,136.68,-0.01,0,0,,,,1.856,0.244,2.8,,,,,
38.95,ACQUIRE,73.85,0.11,-9.66,136.85,-0.01,0,0,,,,1.903,0.25,1.9,,,,,
39.0,ACQUIRE,74.04,0.11,-9.66,137.03,-0.01,0,0,,,,1.856,0.244,3.0,,,,,
39.05,ACQUIRE,74.04,0.11,-9.66,137.2,-0.01,0,0,,,,1.903,0.25,1.7,,,,,
39.1,ACQUIRE,74.23,0.11,-9.66,137.38,-0.01,0,0,,,,1.856,0.244,3.1,,,,,
39.15,ACQUIRE,74.23,0.11,-9.66,137.56,-0.01,0,0,,,,1.903,0.25,1.9,,,,,
39.2,ACQUIRE,74.42,0.11,-9.66,137.73,-0.01,0,0,,,,1.856,0.245,3.1,,,,,
39.25,ACQUIRE,74.42,0.11,-9.66,137.91,-0.01,0,0,,,,1.903,0.251,1.8,,,,,
39.3,ACQUIRE,74.6,0.11,-9.66,138.08,-0.01,0,0,,,,1.856,0.245,2.3,,,,,
39.35,ACQUIRE,74.6,0.11,-9.66,138.26,-0.01,0,0,,,,1.903,0.251,1.8,,,,,
39.4,ACQUIRE,74.79,0.11,-9.66,138.43,-0.01,0,0,,,,1.856,0.245,2.3,,,,,
39.46,ACQUIRE,74.79,0.11,-9.66,138.61,-0.01,0,0,,,,1.903,0.251,1.6,,,,,
39.51,ACQUIRE,74.98,0.11,-9.66,138.78,-0.01,0,0,,,,1.856,0.245,2.4,,,,,
39.56,ACQUIRE,74.98,0.11,-9.66,138.96,-0.01,0,0,,,,1.903,0.251,1.8,,,,,
39.61,ACQUIRE,75.17,0.11,-9.66,139.13,-0.01,0,0,,,,1.856,0.245,2.4,,,,,
39.66,ACQUIRE,75.17,0.11,-9.66,139.31,-0.01,0,0,,,,1.903,0.251,1.7,,,,,
39.71,ACQUIRE,75.36,0.11,-9.66,139.48,-0.01,0,0,,,,1.856,0.245,2.4,,,,,
39.76,ACQUIRE,75.36,0.11,-9.66,139.66,-0.01,0,0,,,,1.903,0.251,1.8,,,,,
39.81,ACQUIRE,75.55,0.11,-9.66,139.83,-0.01,0,0,,,,1.856,0.245,2.4,,,,,
39.86,ACQUIRE,75.55,0.11,-9.66,140.01,-0.01,0,0,,,,1.902,0.251,1.7,,,,,
39.91,ACQUIRE,75.74,0.11,-9.66,140.18,-0.01,0,0,,,,1.855,0.245,2.3,,,,,
39.96,ACQUIRE,75.74,0.11,-9.66,140.36,-0.01,0,0,,,,1.902,0.251,1.6,,,,,
40.01,ACQUIRE,75.93,0.11,-9.66,140.53,-0.01,0,0,,,,1.855,0.245,2.3,,,,,
40.06,ACQUIRE,75.93,0.11,-9.66,140.71,-0.01,0,0,,,,1.902,0.251,1.7,,,,,
40.11,ACQUIRE,76.12,0.11,-9.66,140.88,-0.01,0,0,,,,1.855,0.244,2.2,,,,,
40.16,ACQUIRE,76.12,0.11,-9.66,141.06,-0.01,0,0,,,,1.902,0.251,1.7,,,,,
40.21,ACQUIRE,76.31,0.11,-9.66,141.24,-0.01,0,0,,,,1.854,0.244,2.2,,,,,
40.26,ACQUIRE,76.31,0.11,-9.66,141.41,-0.01,0,0,,,,1.901,0.25,1.7,,,,,
40.31,ACQUIRE,76.5,0.11,-9.66,141.59,-0.01,0,0,,,,1.854,0.244,2.4,,,,,
40.36,ACQUIRE,76.5,0.11,-9.66,141.76,-0.01,0,0,,,,1.901,0.25,1.7,,,,,
40.41,ACQUIRE,76.69,0.11,-9.66,141.94,-0.01,0,0,,,,1.853,0.244,2.4,,,,,
40.46,ACQUIRE,76.69,0.11,-9.66,142.11,-0.01,0,0,,,,1.9,0.25,1.6,,,,,
40.51,ACQUIRE,76.88,0.12,-9.66,142.29,-0.01,0,0,,,,1.852,0.243,2.4,,,,,
40.56,ACQUIRE,76.88,0.12,-9.66,142.46,-0.01,0,0,,,,1.899,0.249,1.7,,,,,
40.61,ACQUIRE,77.07,0.12,-9.66,142.64,-0.01,0,0,,,,1.852,0.242,2.2,,,,,
40.66,ACQUIRE,77.07,0.12,-9.66,142.81,-0.01,0,0,,,,1.899,0.248,1.7,,,,,
40.71,ACQUIRE,77.26,0.12,-9.66,142.99,-0.01,0,0,,,,1.852,0.242,2.4,,,,,
40.76,ACQUIRE,77.26,0.12,-9.66,143.16,-0.01,0,0,,,,1.899,0.248,1.7,,,,,
40.81,ACQUIRE,77.45,0.12,-9.66,143.34,-0.01,0,0,,,,1.852,0.241,6.3,,,,,
40.86,ACQUIRE,77.45,0.12,-9.66,143.51,-0.01,0,0,,,,1.899,0.247,1.7,,,,,
40.91,ACQUIRE,77.64,0.12,-9.66,143.69,-0.01,0,0,,,,1.852,0.241,2.1,,,,,
40.96,ACQUIRE,77.64,0.12,-9.66,143.86,-0.01,0,0,,,,1.899,0.247,1.7,,,,,
41.01,ACQUIRE,77.83,0.12,-9.66,144.04,-0.01,0,0,,,,1.851,0.24,2.4,,,,,
41.06,ACQUIRE,77.83,0.12,-9.66,144.21,-0.01,0,0,,,,1.898,0.246,1.8,,,,,
41.11,ACQUIRE,78.02,0.12,-9.66,144.39,-0.01,0,0,,,,1.851,0.239,2.3,,,,,
41.16,ACQUIRE,78.02,0.12,-9.66,144.56,-0.01,0,0,,,,1.898,0.246,1.7,,,,,
41.21,ACQUIRE,78.21,0.13,-9.66,144.74,-0.01,0,0,,,,1.85,0.239,2.4,,,,,
41.26,ACQUIRE,78.21,0.13,-9.66,144.92,-0.01,0,0,,,,1.897,0.245,1.7,,,,,
41.31,ACQUIRE,78.4,0.13,-9.66,145.09,-0.01,0,0,,,,1.85,0.238,2.3,,,,,
41.36,ACQUIRE,78.4,0.13,-9.66,145.27,-0.01,0,0,,,,1.897,0.244,1.7,,,,,
41.41,ACQUIRE,78.59,0.13,-9.66,145.44,-0.01,0,0,,,,1.85,0.238,2.3,,,,,
41.46,ACQUIRE,78.59,0.13,-9.66,145.62,-0.01,0,0,,,,1.897,0.244,2.2,,,,,
41.51,ACQUIRE,78.78,0.13,-9.66,145.79,-0.01,0,0,,,,1.85,0.238,2.8,,,,,
41.56,ACQUIRE,78.78,0.13,-9.66,145.97,-0.01,0,0,,,,1.897,0.244,1.9,,,,,
41.61,ACQUIRE,78.97,0.13,-9.66,146.14,-0.01,0,0,,,,1.85,0.237,2.7,,,,,
41.66,ACQUIRE,78.97,0.13,-9.66,146.32,-0.01,0,0,,,,1.897,0.243,1.7,,,,,
41.71,ACQUIRE,79.16,0.13,-9.66,146.49,-0.01,0,0,,,,1.85,0.237,2.4,,,,,
41.76,ACQUIRE,79.16,0.13,-9.66,146.67,-0.01,0,0,,,,1.897,0.243,1.7,,,,,
41.81,ACQUIRE,79.35,0.13,-9.66,146.84,-0.01,0,0,,,,1.85,0.237,2.4,,,,,
41.86,ACQUIRE,79.35,0.13,-9.66,147.02,-0.01,0,0,,,,1.897,0.243,1.7,,,,,
41.91,ACQUIRE,79.54,0.13,-9.66,147.19,-0.01,0,0,,,,1.85,0.237,2.2,,,,,
41.96,ACQUIRE,79.54,0.13,-9.66,147.37,-0.01,0,0,,,,1.897,0.243,1.7,,,,,
42.01,ACQUIRE,79.73,0.13,-9.66,147.54,-0.01,0,0,,,,1.85,0.237,2.4,,,,,
42.06,ACQUIRE,79.73,0.13,-9.66,147.72,-0.01,0,0,,,,1.897,0.243,1.7,,,,,
42.11,ACQUIRE,79.92,0.13,-9.66,147.89,-0.01,0,0,,,,1.85,0.236,2.3,,,,,
42.16,ACQUIRE,79.92,0.13,-9.66,148.07,-0.01,0,0,,,,1.897,0.242,1.7,,,,,
42.21,ACQUIRE,80.1,0.13,-9.66,148.25,-0.01,0,0,,,,1.85,0.236,2.3,,,,,
42.26,ACQUIRE,80.1,0.13,-9.66,148.42,-0.01,0,0,,,,1.897,0.242,1.7,,,,,
42.31,ACQUIRE,80.29,0.13,-9.66,148.6,-0.01,0,0,,,,1.85,0.236,2.2,,,,,
42.36,ACQUIRE,80.29,0.13,-9.66,148.77,-0.01,0,0,,,,1.897,0.242,1.5,,,,,
42.41,ACQUIRE,80.48,0.13,-9.66,148.95,-0.01,0,0,,,,1.85,0.236,2.3,,,,,
42.46,ACQUIRE,80.48,0.13,-9.66,149.12,-0.01,0,0,,,,1.897,0.243,1.6,,,,,
42.51,ACQUIRE,80.67,0.13,-9.66,149.3,-0.01,0,0,,,,1.85,0.237,2.4,,,,,
42.56,ACQUIRE,80.67,0.13,-9.66,149.47,-0.01,0,0,,,,1.897,0.243,1.8,,,,,
42.61,ACQUIRE,80.86,0.13,-9.66,149.65,-0.01,0,0,,,,1.85,0.237,2.4,,,,,
42.66,ACQUIRE,80.86,0.13,-9.66,149.82,-0.01,0,0,,,,1.897,0.243,1.7,,,,,
42.71,ACQUIRE,81.05,0.13,-9.66,150.0,-0.01,0,0,,,,1.85,0.237,2.4,,,,,
42.76,ACQUIRE,81.05,0.13,-9.66,150.17,-0.01,0,0,,,,1.897,0.243,1.7,,,,,
42.81,ACQUIRE,81.24,0.13,-9.66,150.35,-0.01,0,0,,,,1.85,0.237,2.3,,,,,
42.86,ACQUIRE,81.24,0.13,-9.66,150.52,-0.01,0,0,,,,1.897,0.243,1.7,,,,,
42.91,ACQUIRE,81.43,0.13,-9.66,150.7,-0.01,0,0,,,,1.851,0.237,2.3,,,,,
42.96,ACQUIRE,81.43,0.13,-9.66,150.87,-0.01,0,0,,,,1.898,0.243,1.6,,,,,
43.01,ACQUIRE,81.61,0.13,-9.66,151.05,-0.01,0,0,,,,1.852,0.237,2.3,,,,,
43.06,ACQUIRE,81.61,0.13,-9.66,151.22,-0.01,0,0,,,,1.899,0.244,1.8,,,,,
43.11,ACQUIRE,81.8,0.13,-9.66,151.4,-0.01,0,0,,,,1.852,0.238,2.1,,,,,
43.16,ACQUIRE,81.8,0.13,-9.66,151.57,-0.01,0,0,,,,1.899,0.244,6.1,,,,,
43.21,ACQUIRE,81.99,0.13,-9.66,151.75,-0.01,0,0,,,,1.853,0.238,2.2,,,,,
43.26,ACQUIRE,81.99,0.13,-9.66,151.92,-0.01,0,0,,,,1.9,0.244,1.7,,,,,
43.31,ACQUIRE,82.18,0.13,-9.66,152.1,-0.01,0,0,,,,1.853,0.238,2.2,,,,,
43.36,ACQUIRE,82.18,0.13,-9.66,152.27,-0.01,0,0,,,,1.9,0.244,1.9,,,,,
43.41,ACQUIRE,82.37,0.13,-9.66,152.45,-0.01,0,0,,,,1.853,0.239,2.4,,,,,
43.46,ACQUIRE,82.37,0.13,-9.66,152.63,-0.01,0,0,,,,1.9,0.245,1.8,,,,,
43.51,ACQUIRE,82.56,0.13,-9.66,152.8,-0.01,0,0,,,,1.854,0.239,2.4,,,,,
43.56,ACQUIRE,82.56,0.13,-9.66,152.98,-0.01,0,0,,,,1.901,0.245,1.6,,,,,
43.61,ACQUIRE,82.74,0.13,-9.66,153.15,-0.01,0,0,,,,1.854,0.239,2.4,,,,,
43.66,ACQUIRE,82.74,0.13,-9.66,153.33,-0.01,0,0,,,,1.901,0.245,1.7,,,,,
43.71,ACQUIRE,82.93,0.13,-9.66,153.5,-0.01,0,0,,,,1.855,0.239,2.3,,,,,
43.76,ACQUIRE,82.93,0.13,-9.66,153.68,-0.01,0,0,,,,1.902,0.245,1.6,,,,,
43.81,ACQUIRE,83.12,0.13,-9.66,153.85,-0.01,0,0,,,,1.855,0.239,2.2,,,,,
43.86,ACQUIRE,83.12,0.13,-9.66,154.03,-0.01,0,0,,,,1.902,0.246,1.7,,,,,
43.91,ACQUIRE,83.31,0.13,-9.66,154.2,-0.01,0,0,,,,1.855,0.24,2.3,,,,,
43.96,ACQUIRE,83.31,0.13,-9.66,154.38,-0.01,0,0,,,,1.902,0.246,1.7,,,,,
44.01,ACQUIRE,83.5,0.13,-9.66,154.55,-0.01,0,0,,,,1.855,0.24,2.2,,,,,
44.06,ACQUIRE,83.5,0.13,-9.66,154.73,-0.01,0,0,,,,1.902,0.246,1.7,,,,,
44.11,ACQUIRE,83.69,0.13,-9.66,154.9,-0.01,0,0,,,,1.855,0.24,2.4,,,,,
44.16,ACQUIRE,83.69,0.13,-9.66,155.08,-0.01,0,0,,,,1.902,0.246,1.7,,,,,
44.21,ACQUIRE,83.88,0.13,-9.66,155.25,-0.01,0,0,,,,1.855,0.24,2.5,,,,,
44.26,ACQUIRE,83.88,0.13,-9.66,155.43,-0.01,0,0,,,,1.902,0.246,1.7,,,,,
44.31,ACQUIRE,84.07,0.13,-9.66,155.6,-0.01,0,0,,,,1.855,0.24,2.2,,,,,
44.36,ACQUIRE,84.07,0.13,-9.66,155.78,-0.01,0,0,,,,1.902,0.246,1.7,,,,,
44.41,ACQUIRE,84.26,0.13,-9.66,155.95,-0.01,0,0,,,,1.855,0.24,2.3,,,,,
44.46,ACQUIRE,84.26,0.13,-9.66,156.13,-0.01,0,0,,,,1.902,0.246,1.7,,,,,
44.51,ACQUIRE,84.45,0.13,-9.66,156.31,-0.01,0,0,,,,1.855,0.24,2.3,,,,,
44.56,ACQUIRE,84.45,0.13,-9.66,156.48,-0.01,0,0,,,,1.902,0.246,1.7,,,,,
44.61,ACQUIRE,84.64,0.13,-9.66,156.66,-0.01,0,0,,,,1.855,0.24,2.3,,,,,
44.66,ACQUIRE,84.64,0.13,-9.66,156.83,-0.01,0,0,,,,1.901,0.246,1.7,,,,,
44.71,ACQUIRE,84.83,0.13,-9.66,157.01,-0.01,0,0,,,,1.854,0.24,2.3,,,,,
44.76,ACQUIRE,84.83,0.13,-9.66,157.18,-0.01,0,0,,,,1.9,0.246,1.7,,,,,
44.81,ACQUIRE,85.02,0.13,-9.66,157.36,-0.01,0,0,,,,1.853,0.24,2.3,,,,,
44.86,ACQUIRE,85.02,0.13,-9.66,157.53,-0.01,0,0,,,,1.9,0.246,1.8,,,,,
44.91,ACQUIRE,85.21,0.13,-9.66,157.71,-0.01,0,0,,,,1.852,0.24,2.3,,,,,
44.96,ACQUIRE,85.21,0.13,-9.66,157.88,-0.01,0,0,,,,1.899,0.246,1.8,,,,,
45.01,ACQUIRE,85.4,0.13,-9.66,158.06,-0.01,0,0,,,,1.853,0.24,2.4,,,,,
45.06,ACQUIRE,85.4,0.13,-9.66,158.23,-0.01,0,0,,,,1.9,0.246,1.6,,,,,
45.11,ACQUIRE,85.58,0.13,-9.66,158.41,-0.01,0,0,,,,1.853,0.24,2.8,,,,,
45.16,ACQUIRE,85.58,0.13,-9.66,158.58,-0.01,0,0,,,,1.9,0.246,1.9,,,,,
45.21,ACQUIRE,85.77,0.13,-9.66,158.76,-0.01,0,0,,,,1.852,0.24,2.6,,,,,
45.26,ACQUIRE,85.77,0.13,-9.66,158.93,-0.01,0,0,,,,1.899,0.247,1.9,,,,,
45.31,ACQUIRE,85.96,0.14,-9.66,159.11,-0.01,0,0,,,,1.852,0.24,2.2,,,,,
45.36,ACQUIRE,85.96,0.14,-9.66,159.29,-0.01,0,0,,,,1.899,0.247,1.7,,,,,
45.41,ACQUIRE,86.16,0.14,-9.66,159.46,-0.01,0,0,,,,1.851,0.24,2.2,,,,,
45.46,ACQUIRE,86.16,0.14,-9.66,159.64,-0.01,0,0,,,,1.898,0.247,1.6,,,,,
45.51,ACQUIRE,86.35,0.14,-9.66,159.81,-0.01,0,0,,,,1.851,0.24,6.9,,,,,
45.56,ACQUIRE,86.35,0.14,-9.66,159.99,-0.01,0,0,,,,1.898,0.247,1.8,,,,,
45.61,ACQUIRE,86.53,0.14,-9.66,160.16,-0.01,0,0,,,,1.851,0.241,2.5,,,,,
45.66,ACQUIRE,86.53,0.14,-9.66,160.34,-0.01,0,0,,,,1.898,0.247,1.7,,,,,
45.71,ACQUIRE,86.72,0.14,-9.66,160.51,-0.01,0,0,,,,1.851,0.241,2.4,,,,,
45.76,ACQUIRE,86.72,0.14,-9.66,160.69,-0.01,0,0,,,,1.898,0.247,1.7,,,,,
45.81,ACQUIRE,86.91,0.14,-9.66,160.86,-0.01,0,0,,,,1.851,0.241,2.4,,,,,
45.86,ACQUIRE,86.91,0.14,-9.66,161.04,-0.01,0,0,,,,1.897,0.247,1.7,,,,,
45.91,ACQUIRE,87.1,0.14,-9.66,161.21,-0.01,0,0,,,,1.851,0.241,2.3,,,,,
45.96,ACQUIRE,87.1,0.14,-9.66,161.39,-0.01,0,0,,,,1.897,0.247,1.6,,,,,
46.01,ACQUIRE,87.29,0.14,-9.66,161.56,-0.01,0,0,,,,1.85,0.241,2.3,,,,,
46.06,ACQUIRE,87.29,0.14,-9.66,161.74,-0.01,0,0,,,,1.897,0.247,1.7,,,,,
46.11,ACQUIRE,87.48,0.14,-9.66,161.91,-0.01,0,0,,,,1.851,0.241,2.2,,,,,
46.16,ACQUIRE,87.48,0.14,-9.66,162.09,-0.01,0,0,,,,1.898,0.247,1.6,,,,,
46.21,ACQUIRE,87.67,0.14,-9.66,162.26,-0.01,0,0,,,,1.851,0.241,2.4,,,,,
46.26,ACQUIRE,87.67,0.14,-9.66,162.44,-0.01,0,0,,,,1.898,0.247,1.7,,,,,
46.31,ACQUIRE,87.86,0.14,-9.66,162.62,-0.01,0,0,,,,1.851,0.241,2.4,,,,,
46.36,ACQUIRE,87.86,0.14,-9.66,162.79,-0.01,0,0,,,,1.898,0.247,1.7,,,,,
46.41,ACQUIRE,88.05,0.14,-9.66,162.97,-0.01,0,0,,,,1.851,0.241,2.4,,,,,
46.46,ACQUIRE,88.05,0.14,-9.66,163.14,-0.01,0,0,,,,1.898,0.247,1.7,,,,,
46.51,ACQUIRE,88.24,0.14,-9.66,163.32,-0.01,0,0,,,,1.851,0.241,2.4,,,,,
46.56,ACQUIRE,88.24,0.14,-9.66,163.49,-0.01,0,0,,,,1.898,0.247,1.7,,,,,
46.61,ACQUIRE,88.43,0.14,-9.66,163.67,-0.01,0,0,,,,1.852,0.241,2.3,,,,,
46.67,ACQUIRE,88.43,0.14,-9.66,163.84,-0.01,0,0,,,,1.899,0.247,1.7,,,,,
46.72,ACQUIRE,88.61,0.14,-9.66,164.02,-0.01,0,0,,,,1.852,0.241,2.2,,,,,
46.77,ACQUIRE,88.61,0.14,-9.66,164.19,-0.01,0,0,,,,1.899,0.247,1.7,,,,,
46.82,ACQUIRE,88.8,0.14,-9.66,164.37,-0.01,0,0,,,,1.852,0.241,2.4,,,,,
46.87,ACQUIRE,88.8,0.14,-9.66,164.54,-0.01,0,0,,,,1.899,0.247,1.8,,,,,
46.92,ACQUIRE,88.99,0.14,-9.66,164.72,-0.01,0,0,,,,1.852,0.241,2.4,,,,,
46.97,ACQUIRE,88.99,0.14,-9.66,164.89,-0.01,0,0,,,,1.899,0.247,1.8,,,,,
47.02,ACQUIRE,89.18,0.14,-9.66,165.07,-0.01,0,0,,,,1.852,0.241,2.4,,,,,
47.07,ACQUIRE,89.18,0.14,-9.66,165.24,-0.01,0,0,,,,1.899,0.247,1.7,,,,,
47.12,ACQUIRE,89.37,0.14,-9.66,165.42,-0.01,0,0,,,,1.853,0.241,2.4,,,,,
47.17,ACQUIRE,89.37,0.14,-9.66,165.59,-0.01,0,0,,,,1.9,0.247,1.7,,,,,
47.22,ACQUIRE,89.56,0.14,-9.66,165.77,-0.01,0,0,,,,1.853,0.241,2.4,,,,,
47.27,ACQUIRE,89.56,0.14,-9.66,165.94,-0.01,0,0,,,,1.9,0.247,1.7,,,,,
47.32,ACQUIRE,89.75,0.14,-9.66,166.12,-0.01,0,0,,,,1.853,0.241,2.3,,,,,
47.37,ACQUIRE,89.75,0.14,-9.66,166.3,-0.01,0,0,,,,1.9,0.247,1.7,,,,,
47.42,ACQUIRE,89.94,0.14,-9.66,166.47,-0.01,0,0,,,,1.853,0.241,2.3,,,,,
47.47,ACQUIRE,89.94,0.14,-9.66,166.65,-0.01,0,0,,,,1.9,0.247,1.9,,,,,
47.52,ACQUIRE,90.13,0.14,-9.66,166.82,-0.01,0,0,,,,1.852,0.241,2.2,,,,,
47.57,ACQUIRE,90.13,0.14,-9.66,167.0,-0.01,0,0,,,,1.899,0.247,1.8,,,,,
47.62,ACQUIRE,90.31,0.14,-9.66,167.17,-0.01,0,0,,,,1.853,0.241,2.4,,,,,
47.67,ACQUIRE,90.31,0.14,-9.66,167.35,-0.01,0,0,,,,1.9,0.247,1.7,,,,,
47.72,ACQUIRE,90.5,0.14,-9.66,167.52,-0.01,0,0,,,,1.853,0.241,2.4,,,,,
47.77,ACQUIRE,90.5,0.14,-9.66,167.7,-0.01,0,0,,,,1.9,0.247,1.7,,,,,
47.82,ACQUIRE,90.69,0.14,-9.66,167.87,-0.01,0,0,,,,1.853,0.241,2.4,,,,,
47.87,ACQUIRE,90.69,0.14,-9.66,168.05,-0.01,0,0,,,,1.9,0.247,6.2,,,,,
47.92,ACQUIRE,90.88,0.14,-9.66,168.22,-0.01,0,0,,,,1.854,0.241,2.3,,,,,
47.97,ACQUIRE,90.88,0.14,-9.66,168.4,-0.01,0,0,,,,1.901,0.247,1.5,,,,,
48.02,ACQUIRE,91.07,0.14,-9.66,168.57,-0.01,0,0,,,,1.854,0.241,2.2,,,,,
48.07,ACQUIRE,91.07,0.14,-9.66,168.75,-0.01,0,0,,,,1.901,0.248,1.8,,,,,
48.12,ACQUIRE,91.26,0.14,-9.66,168.92,-0.01,0,0,,,,1.854,0.241,2.3,,,,,
48.17,ACQUIRE,91.26,0.14,-9.66,169.1,-0.01,0,0,,,,1.901,0.248,1.7,,,,,
48.22,ACQUIRE,91.45,0.14,-9.66,169.27,-0.01,0,0,,,,1.854,0.242,2.2,,,,,
48.27,ACQUIRE,91.64,0.14,-9.66,169.45,-0.01,0,0,,,,1.808,0.235,2.3,,,,,
48.32,ACQUIRE,91.64,0.14,-9.66,169.62,-0.01,0,0,,,,1.854,0.241,1.8,,,,,
48.37,ACQUIRE,91.82,0.14,-9.66,169.8,-0.01,0,0,,,,1.808,0.235,2.3,,,,,
48.42,ACQUIRE,91.82,0.14,-9.66,169.98,-0.01,0,0,,,,1.855,0.242,1.7,,,,,
48.47,ACQUIRE,92.01,0.14,-9.66,170.15,-0.01,0,0,,,,1.808,0.235,2.3,,,,,
48.52,ACQUIRE,92.01,0.14,-9.66,170.33,-0.01,0,0,,,,1.855,0.241,1.9,,,,,
48.57,ACQUIRE,92.01,0.14,-9.66,170.5,-0.01,0,0,,,,1.902,0.248,1.7,,,,,
48.62,ACQUIRE,92.2,0.14,-9.66,170.68,-0.01,0,0,,,,1.856,0.242,2.4,,,,,
48.67,ACQUIRE,92.2,0.14,-9.66,170.85,-0.01,0,0,,,,1.903,0.248,1.6,,,,,
48.72,ACQUIRE,92.39,0.14,-9.66,171.03,-0.01,0,0,,,,1.857,0.242,2.4,,,,,
48.77,ACQUIRE,92.39,0.14,-9.66,171.2,-0.01,0,0,,,,1.904,0.248,1.7,,,,,
48.82,ACQUIRE,92.58,0.14,-9.66,171.38,-0.01,0,0,,,,1.858,0.242,2.2,,,,,
48.87,ACQUIRE,92.58,0.14,-9.66,171.55,-0.01,0,0,,,,1.904,0.248,1.7,,,,,
48.92,ACQUIRE,92.76,0.15,-9.66,171.73,-0.01,0,0,,,,1.858,0.242,2.2,,,,,
48.97,ACQUIRE,92.76,0.15,-9.66,171.9,-0.01,0,0,,,,1.905,0.248,1.7,,,,,
49.02,ACQUIRE,92.95,0.15,-9.66,172.08,-0.01,0,0,,,,1.858,0.242,2.4,,,,,
49.07,ACQUIRE,93.14,0.15,-9.66,172.25,-0.01,0,0,,,,1.811,0.235,2.5,,,,,
49.12,ACQUIRE,93.14,0.15,-9.66,172.43,-0.01,0,0,,,,1.858,0.241,1.7,,,,,
49.17,ACQUIRE,93.14,0.15,-9.66,172.6,-0.01,0,0,,,,1.905,0.247,1.7,,,,,
49.22,ACQUIRE,93.33,0.15,-9.66,172.78,-0.01,0,0,,,,1.859,0.241,2.2,,,,,
49.27,ACQUIRE,93.33,0.15,-9.66,172.95,-0.01,0,0,,,,1.906,0.247,1.7,,,,,
49.32,ACQUIRE,93.52,0.15,-9.66,173.13,-0.01,0,0,,,,1.859,0.241,2.3,,,,,
49.37,ACQUIRE,93.52,0.15,-9.66,173.31,-0.01,0,0,,,,1.906,0.247,1.5,,,,,
49.42,ACQUIRE,93.71,0.15,-9.66,173.48,-0.01,0,0,,,,1.859,0.241,2.2,,,,,
49.47,ACQUIRE,93.71,0.15,-9.66,173.66,-0.01,0,0,,,,1.906,0.247,1.5,,,,,
49.52,ACQUIRE,93.9,0.15,-9.66,173.83,-0.01,0,0,,,,1.859,0.241,2.3,,,,,
49.57,ACQUIRE,94.09,0.15,-9.66,174.01,-0.01,0,0,,,,1.812,0.235,2.2,,,,,
49.62,ACQUIRE,94.09,0.15,-9.66,174.18,-0.01,0,0,,,,1.859,0.241,1.7,,,,,
49.67,ACQUIRE,94.28,0.15,-9.66,174.36,-0.01,0,0,,,,1.812,0.234,2.4,,,,,
49.72,ACQUIRE,94.28,0.15,-9.66,174.53,-0.01,0,0,,,,1.859,0.24,1.8,,,,,
49.77,ACQUIRE,94.47,0.15,-9.66,174.71,-0.01,0,0,,,,1.812,0.234,2.4,,,,,
49.82,ACQUIRE,94.47,0.15,-9.66,174.88,-0.01,0,0,,,,1.859,0.24,1.7,,,,,
49.87,ACQUIRE,94.47,0.15,-9.66,175.06,-0.01,0,0,,,,1.906,0.246,1.8,,,,,
49.92,ACQUIRE,94.65,0.15,-9.66,175.23,-0.01,0,0,,,,1.859,0.24,2.4,,,,,
49.97,ACQUIRE,94.65,0.15,-9.66,175.41,-0.01,0,0,,,,1.906,0.246,1.7,,,,,
50.02,ACQUIRE,94.84,0.15,-9.66,175.58,-0.01,0,0,,,,1.86,0.24,2.4,,,,,
50.07,ACQUIRE,94.84,0.15,-9.66,175.76,-0.01,0,0,,,,1.907,0.247,1.7,,,,,
50.12,ACQUIRE,95.03,0.15,-9.66,175.93,-0.01,0,0,,,,1.861,0.24,2.4,,,,,
50.17,ACQUIRE,95.22,0.15,-9.66,176.11,-0.01,0,0,,,,1.814,0.234,2.3,,,,,
50.22,ACQUIRE,95.22,0.15,-9.66,176.28,-0.01,0,0,,,,1.861,0.24,5.9,,,,,
50.27,ACQUIRE,95.41,0.15,-9.66,176.46,-0.01,0,0,,,,1.815,0.234,2.2,,,,,
50.32,ACQUIRE,95.41,0.15,-9.66,176.64,-0.01,0,0,,,,1.862,0.24,1.8,,,,,
50.37,ACQUIRE,95.59,0.15,-9.66,176.81,-0.01,0,0,,,,1.816,0.234,2.4,,,,,
50.42,ACQUIRE,95.59,0.15,-9.66,176.99,-0.01,0,0,,,,1.863,0.24,1.8,,,,,
50.47,ACQUIRE,95.78,0.16,-9.66,177.16,-0.01,0,0,,,,1.817,0.233,2.4,,,,,
50.52,ACQUIRE,95.78,0.16,-9.66,177.34,-0.01,0,0,,,,1.864,0.239,1.7,,,,,
50.57,ACQUIRE,95.78,0.16,-9.66,177.51,-0.01,0,0,,,,1.911,0.245,1.8,,,,,
50.62,ACQUIRE,95.97,0.16,-9.66,177.69,-0.01,0,0,,,,1.864,0.239,2.4,,,,,
50.67,ACQUIRE,95.97,0.16,-9.66,177.86,-0.01,0,0,,,,1.911,0.245,1.7,,,,,
50.72,ACQUIRE,96.16,0.16,-9.66,178.04,-0.01,0,0,,,,1.866,0.239,2.5,,,,,
50.77,ACQUIRE,96.34,0.16,-9.66,178.21,-0.01,0,0,,,,1.82,0.233,2.3,,,,,
50.82,ACQUIRE,96.34,0.16,-9.66,178.39,-0.01,0,0,,,,1.866,0.239,1.7,,,,,
50.87,ACQUIRE,96.53,0.16,-9.66,178.56,-0.01,0,0,,,,1.82,0.233,2.3,,,,,
50.92,ACQUIRE,96.53,0.16,-9.66,178.74,-0.01,0,0,,,,1.866,0.239,1.8,,,,,
50.97,ACQUIRE,96.72,0.16,-9.66,178.91,-0.01,0,0,,,,1.82,0.233,2.2,,,,,
51.02,ACQUIRE,96.72,0.16,-9.66,179.09,-0.01,0,0,,,,1.867,0.239,1.7,,,,,
51.07,ACQUIRE,96.91,0.16,-9.66,179.26,-0.01,0,0,,,,1.821,0.233,2.5,,,,,
51.12,ACQUIRE,96.91,0.16,-9.66,179.44,-0.01,0,0,,,,1.868,0.239,1.8,,,,,
51.17,ACQUIRE,96.91,0.16,-9.66,179.61,-0.01,0,0,,,,1.915,0.245,1.9,,,,,
51.22,ACQUIRE,97.09,0.16,-9.66,179.79,-0.01,0,0,,,,1.87,0.24,2.5,,,,,
51.27,ACQUIRE,97.28,0.16,-9.66,179.96,-0.01,0,0,,,,1.824,0.234,3.1,,,,,
51.32,ACQUIRE,97.28,0.16,-9.66,180.14,-0.01,0,0,,,,1.871,0.24,1.7,,,,,
51.37,ACQUIRE,97.47,0.16,-9.66,180.32,-0.01,0,0,,,,1.825,0.234,2.9,,,,,
51.42,ACQUIRE,97.47,0.16,-9.66,180.49,-0.01,0,0,,,,1.872,0.24,1.7,,,,,
51.47,ACQUIRE,97.65,0.16,-9.66,180.67,-0.01,0,0,,,,1.826,0.234,2.3,,,,,
51.52,ACQUIRE,97.65,0.16,-9.66,180.84,-0.01,0,0,,,,1.873,0.24,1.8,,,,,
51.57,ACQUIRE,97.84,0.16,-9.66,181.02,-0.01,0,0,,,,1.827,0.235,2.4,,,,,
51.62,ACQUIRE,97.84,0.16,-9.66,181.19,-0.01,0,0,,,,1.874,0.241,1.7,,,,,
51.67,ACQUIRE,98.03,0.16,-9.66,181.37,-0.01,0,0,,,,1.828,0.235,2.4,,,,,
51.72,ACQUIRE,98.03,0.16,-9.66,181.54,-0.01,0,0,,,,1.874,0.241,1.8,,,,,
51.77,ACQUIRE,98.22,0.16,-9.66,181.72,-0.01,0,0,,,,1.829,0.235,2.2,,,,,
51.82,ACQUIRE,98.22,0.16,-9.66,181.89,-0.01,0,0,,,,1.876,0.241,1.6,,,,,
51.87,ACQUIRE,98.4,0.16,-9.66,182.07,-0.01,0,0,,,,1.83,0.236,2.4,,,,,
51.92,ACQUIRE,98.4,0.16,-9.66,182.24,-0.01,0,0,,,,1.877,0.242,1.8,,,,,
51.97,ACQUIRE,98.59,0.16,-9.66,182.42,-0.01,0,0,,,,1.831,0.236,2.2,,,,,
52.02,ACQUIRE,98.59,0.16,-9.66,182.59,-0.01,0,0,,,,1.878,0.242,1.7,,,,,
52.07,ACQUIRE,98.78,0.16,-9.66,182.77,-0.01,0,0,,,,1.833,0.236,2.3,,,,,
52.12,ACQUIRE,98.78,0.16,-9.66,182.94,-0.01,0,0,,,,1.88,0.243,1.7,,,,,
52.17,ACQUIRE,98.96,0.16,-9.66,183.12,-0.01,0,0,,,,1.834,0.237,2.3,,,,,
52.22,ACQUIRE,98.96,0.16,-9.66,183.3,-0.01,0,0,,,,1.881,0.243,1.7,,,,,
52.27,ACQUIRE,99.15,0.16,-9.66,183.47,-0.01,0,0,,,,1.835,0.237,2.3,,,,,
52.32,ACQUIRE,99.15,0.16,-9.66,183.65,-0.01,0,0,,,,1.882,0.243,1.7,,,,,
52.37,ACQUIRE,99.34,0.16,-9.66,183.82,-0.01,0,0,,,,1.836,0.237,2.4,,,,,
52.42,ACQUIRE,99.34,0.16,-9.66,184.0,-0.01,0,0,,,,1.883,0.244,1.8,,,,,
52.47,ACQUIRE,99.52,0.16,-9.66,184.17,-0.01,0,0,,,,1.838,0.238,2.4,,,,,
52.52,ACQUIRE,99.52,0.16,-9.66,184.35,-0.01,0,0,,,,1.884,0.244,1.8,,,,,
52.57,ACQUIRE,99.71,0.16,-9.66,184.52,-0.01,0,0,,,,1.839,0.238,6.5,,,,,
52.62,ACQUIRE,99.71,0.16,-9.66,184.7,-0.01,0,0,,,,1.885,0.244,1.7,,,,,
52.67,ACQUIRE,99.9,0.16,-9.66,184.87,-0.01,0,0,,,,1.84,0.238,2.4,,,,,
52.72,ACQUIRE,99.9,0.16,-9.66,185.05,-0.01,0,0,,,,1.887,0.244,1.5,,,,,
52.77,ACQUIRE,100.08,0.16,-9.66,185.22,-0.01,0,0,,,,1.841,0.239,2.4,,,,,
52.82,ACQUIRE,100.08,0.16,-9.66,185.4,-0.01,0,0,,,,1.888,0.245,1.7,,,,,
52.87,ACQUIRE,100.27,0.16,-9.66,185.57,-0.01,0,0,,,,1.842,0.239,2.4,,,,,
52.92,ACQUIRE,100.27,0.16,-9.66,185.75,-0.01,0,0,,,,1.889,0.245,1.7,,,,,
52.97,ACQUIRE,100.46,0.16,-9.66,185.92,-0.01,0,0,,,,1.842,0.239,2.3,,,,,
53.02,ACQUIRE,100.46,0.16,-9.66,186.1,-0.01,0,0,,,,1.889,0.245,1.7,,,,,
53.07,ACQUIRE,100.65,0.16,-9.66,186.27,-0.01,0,0,,,,1.843,0.239,2.5,,,,,
53.12,ACQUIRE,100.65,0.16,-9.66,186.45,-0.01,0,0,,,,1.89,0.245,1.8,,,,,
53.17,ACQUIRE,100.83,0.16,-9.66,186.62,-0.01,0,0,,,,1.844,0.239,2.5,,,,,
53.22,ACQUIRE,100.83,0.16,-9.66,186.8,-0.01,0,0,,,,1.891,0.245,1.8,,,,,
53.27,ACQUIRE,101.02,0.16,-9.66,186.98,-0.01,0,0,,,,1.846,0.239,2.4,,,,,
53.32,ACQUIRE,101.02,0.16,-9.66,187.15,-0.01,0,0,,,,1.893,0.246,1.7,,,,,
53.37,ACQUIRE,101.21,0.16,-9.66,187.33,-0.01,0,0,,,,1.847,0.24,2.5,,,,,
53.42,ACQUIRE,101.21,0.16,-9.66,187.5,-0.01,0,0,,,,1.894,0.246,1.7,,,,,
53.47,ACQUIRE,101.39,0.16,-9.66,187.68,-0.01,0,0,,,,1.849,0.24,2.5,,,,,
53.52,ACQUIRE,101.39,0.16,-9.66,187.85,-0.01,0,0,,,,1.895,0.246,1.7,,,,,
53.58,ACQUIRE,101.58,0.16,-9.66,188.03,-0.01,0,0,,,,1.85,0.24,2.3,,,,,
53.63,ACQUIRE,101.58,0.16,-9.66,188.2,-0.01,0,0,,,,1.897,0.246,1.7,,,,,
53.68,ACQUIRE,101.77,0.16,-9.66,188.38,-0.01,0,0,,,,1.85,0.24,2.3,,,,,
53.73,ACQUIRE,101.77,0.16,-9.66,188.55,-0.01,0,0,,,,1.897,0.246,1.7,,,,,
53.78,ACQUIRE,101.95,0.16,-9.66,188.73,-0.01,0,0,,,,1.851,0.24,2.6,,,,,
53.83,ACQUIRE,101.95,0.16,-9.66,188.9,-0.01,0,0,,,,1.898,0.247,1.9,,,,,
53.88,ACQUIRE,102.14,0.16,-9.66,189.08,-0.01,0,0,,,,1.852,0.241,2.8,,,,,
53.93,ACQUIRE,102.14,0.16,-9.66,189.25,-0.01,0,0,,,,1.899,0.247,2.0,,,,,
53.98,ACQUIRE,102.33,0.16,-9.66,189.43,-0.01,0,0,,,,1.853,0.241,2.3,,,,,
54.03,ACQUIRE,102.33,0.16,-9.66,189.6,-0.01,0,0,,,,1.9,0.247,1.7,,,,,
54.08,ACQUIRE,102.52,0.16,-9.66,189.78,-0.01,0,0,,,,1.854,0.241,2.5,,,,,
54.13,ACQUIRE,102.52,0.16,-9.66,189.95,-0.01,0,0,,,,1.901,0.247,1.7,,,,,
54.18,ACQUIRE,102.7,0.16,-9.66,190.13,-0.01,0,0,,,,1.854,0.241,2.3,,,,,
54.23,ACQUIRE,102.7,0.16,-9.66,190.31,-0.01,0,0,,,,1.901,0.247,1.7,,,,,
54.28,ACQUIRE,102.89,0.16,-9.66,190.48,-0.01,0,0,,,,1.855,0.241,2.1,,,,,
54.33,ACQUIRE,102.89,0.16,-9.66,190.66,-0.01,0,0,,,,1.902,0.247,1.9,,,,,
54.38,ACQUIRE,103.08,0.16,-9.66,190.83,-0.01,0,0,,,,1.855,0.241,2.2,,,,,
54.43,ACQUIRE,103.08,0.16,-9.66,191.01,-0.01,0,0,,,,1.902,0.247,1.8,,,,,
54.48,ACQUIRE,103.27,0.16,-9.66,191.18,-0.01,0,0,,,,1.856,0.241,2.3,,,,,
54.53,ACQUIRE,103.27,0.16,-9.66,191.36,-0.01,0,0,,,,1.903,0.247,1.7,,,,,
54.58,ACQUIRE,103.46,0.16,-9.66,191.53,-0.01,0,0,,,,1.856,0.241,2.6,,,,,
54.63,ACQUIRE,103.46,0.16,-9.66,191.71,-0.01,0,0,,,,1.903,0.248,1.7,,,,,
54.68,ACQUIRE,103.65,0.16,-9.66,191.88,-0.01,0,0,,,,1.856,0.241,2.6,,,,,
54.73,ACQUIRE,103.65,0.16,-9.66,192.06,-0.01,0,0,,,,1.903,0.248,1.8,,,,,
54.78,ACQUIRE,103.84,0.16,-9.66,192.23,-0.01,0,0,,,,1.856,0.242,2.2,,,,,
54.83,ACQUIRE,103.84,0.16,-9.66,192.41,-0.01,0,0,,,,1.903,0.248,1.8,,,,,
54.88,ACQUIRE,104.03,0.16,-9.66,192.58,-0.01,0,0,,,,1.856,0.241,2.4,,,,,
54.93,ACQUIRE,104.03,0.16,-9.66,192.76,-0.01,0,0,,,,1.902,0.248,4.9,,,,,
54.98,ACQUIRE,104.22,0.16,-9.66,192.93,-0.01,0,0,,,,1.855,0.242,2.7,,,,,
55.03,ACQUIRE,104.22,0.16,-9.66,193.11,-0.01,0,0,,,,1.902,0.248,1.8,,,,,
55.08,ACQUIRE,104.41,0.16,-9.66,193.28,-0.01,0,0,,,,1.854,0.241,2.4,,,,,
55.13,ACQUIRE,104.41,0.16,-9.66,193.46,-0.01,0,0,,,,1.901,0.247,1.7,,,,,
55.18,ACQUIRE,104.6,0.16,-9.66,193.63,-0.01,0,0,,,,1.853,0.241,2.4,,,,,
55.23,ACQUIRE,104.6,0.16,-9.66,193.81,-0.01,0,0,,,,1.9,0.247,1.8,,,,,
55.28,ACQUIRE,104.79,0.16,-9.66,193.98,-0.01,0,0,,,,1.853,0.241,2.4,,,,,
55.33,ACQUIRE,104.79,0.16,-9.66,194.16,-0.01,0,0,,,,1.9,0.247,1.9,,,,,
55.38,ACQUIRE,104.98,0.16,-9.66,194.34,-0.01,0,0,,,,1.853,0.241,2.3,,,,,
55.43,ACQUIRE,104.98,0.16,-9.66,194.51,-0.01,0,0,,,,1.9,0.247,1.8,,,,,
55.48,ACQUIRE,105.17,0.16,-9.66,194.69,-0.01,0,0,,,,1.852,0.241,2.3,,,,,
55.53,ACQUIRE,105.17,0.16,-9.66,194.86,-0.01,0,0,,,,1.899,0.247,1.9,,,,,
55.58,ACQUIRE,105.36,0.16,-9.66,195.04,-0.01,0,0,,,,1.851,0.241,2.5,,,,,
55.63,ACQUIRE,105.36,0.16,-9.66,195.21,-0.01,0,0,,,,1.898,0.247,1.7,,,,,
55.68,ACQUIRE,105.55,0.16,-9.66,195.39,-0.01,0,0,,,,1.851,0.241,2.5,,,,,
55.73,ACQUIRE,105.55,0.16,-9.66,195.56,-0.01,0,0,,,,1.898,0.247,1.7,,,,,
55.78,ACQUIRE,105.74,0.16,-9.66,195.74,-0.01,0,0,,,,1.85,0.241,2.5,,,,,
55.83,ACQUIRE,105.74,0.16,-9.66,195.91,-0.01,0,0,,,,1.897,0.247,1.9,,,,,
55.88,ACQUIRE,105.93,0.17,-9.66,196.09,-0.01,0,0,,,,1.849,0.241,2.4,,,,,
55.93,ACQUIRE,105.93,0.17,-9.66,196.26,-0.01,0,0,,,,1.896,0.247,1.7,,,,,
55.98,ACQUIRE,106.12,0.17,-9.66,196.44,-0.01,0,0,,,,1.849,0.241,2.3,,,,,
56.03,ACQUIRE,106.12,0.17,-9.66,196.61,-0.01,0,0,,,,1.896,0.247,1.7,,,,,
56.08,ACQUIRE,106.31,0.17,-9.66,196.79,-0.01,0,0,,,,1.849,0.241,2.5,,,,,
56.13,ACQUIRE,106.31,0.17,-9.66,196.96,-0.01,0,0,,,,1.896,0.247,1.9,,,,,
56.18,ACQUIRE,106.5,0.17,-9.66,197.14,-0.01,0,0,,,,1.848,0.241,2.4,,,,,
56.23,ACQUIRE,106.5,0.17,-9.66,197.31,-0.01,0,0,,,,1.895,0.247,1.8,,,,,
56.28,ACQUIRE,106.69,0.17,-9.66,197.49,-0.01,0,0,,,,1.848,0.241,2.5,,,,,
56.33,ACQUIRE,106.69,0.17,-9.66,197.66,-0.01,0,0,,,,1.895,0.247,1.8,,,,,
56.38,ACQUIRE,106.88,0.17,-9.66,197.84,-0.01,0,0,,,,1.848,0.241,2.5,,,,,
56.43,ACQUIRE,106.88,0.17,-9.66,198.02,-0.01,0,0,,,,1.895,0.247,1.7,,,,,
56.48,ACQUIRE,107.07,0.17,-9.66,198.19,-0.01,0,0,,,,1.848,0.24,2.3,,,,,
56.53,ACQUIRE,107.07,0.17,-9.66,198.37,-0.01,0,0,,,,1.895,0.247,1.7,,,,,
56.58,ACQUIRE,107.26,0.17,-9.66,198.54,-0.01,0,0,,,,1.848,0.24,2.3,,,,,
56.63,ACQUIRE,107.26,0.17,-9.66,198.72,-0.01,0,0,,,,1.895,0.247,1.7,,,,,
56.68,ACQUIRE,107.45,0.17,-9.66,198.89,-0.01,0,0,,,,1.848,0.24,2.3,,,,,
56.73,ACQUIRE,107.45,0.17,-9.66,199.07,-0.01,0,0,,,,1.895,0.246,1.6,,,,,
56.78,ACQUIRE,107.64,0.17,-9.66,199.24,-0.01,0,0,,,,1.848,0.24,2.3,,,,,
56.83,ACQUIRE,107.64,0.17,-9.66,199.42,-0.01,0,0,,,,1.895,0.247,1.8,,,,,
56.88,ACQUIRE,107.82,0.17,-9.66,199.59,-0.01,0,0,,,,1.849,0.24,2.5,,,,,
56.93,ACQUIRE,107.82,0.17,-9.66,199.77,-0.01,0,0,,,,1.895,0.247,1.8,,,,,
56.98,ACQUIRE,108.01,0.17,-9.66,199.94,-0.01,0,0,,,,1.849,0.241,2.4,,,,,
57.03,ACQUIRE,108.01,0.17,-9.66,200.12,-0.01,0,0,,,,1.896,0.247,1.8,,,,,
57.08,ACQUIRE,108.2,0.17,-9.66,200.29,-0.01,0,0,,,,1.849,0.241,2.5,,,,,
57.13,ACQUIRE,108.2,0.17,-9.66,200.47,-0.01,0,0,,,,1.896,0.247,1.7,,,,,
57.18,ACQUIRE,108.39,0.17,-9.66,200.64,-0.01,0,0,,,,1.848,0.24,2.4,,,,,
57.23,ACQUIRE,108.39,0.17,-9.66,200.82,-0.01,0,0,,,,1.895,0.247,1.8,,,,,
57.28,ACQUIRE,108.58,0.17,-9.66,200.99,-0.01,0,0,,,,1.849,0.24,4.1,,,,,
57.33,ACQUIRE,108.58,0.17,-9.66,201.17,-0.01,0,0,,,,1.896,0.246,1.8,,,,,
57.38,ACQUIRE,108.77,0.17,-9.66,201.34,-0.01,0,0,,,,1.849,0.24,2.3,,,,,
57.43,ACQUIRE,108.77,0.17,-9.66,201.52,-0.01,0,0,,,,1.896,0.246,1.6,,,,,
57.48,ACQUIRE,108.96,0.17,-9.66,201.7,-0.01,0,0,,,,1.85,0.24,2.2,,,,,
57.53,ACQUIRE,108.96,0.17,-9.66,201.87,-0.01,0,0,,,,1.897,0.247,1.7,,,,,
57.58,ACQUIRE,109.15,0.17,-9.66,202.05,-0.01,0,0,,,,1.85,0.241,2.4,,,,,
57.63,ACQUIRE,109.15,0.17,-9.66,202.22,-0.01,0,0,,,,1.897,0.247,1.7,,,,,
57.68,ACQUIRE,109.33,0.17,-9.66,202.4,-0.01,0,0,,,,1.85,0.241,2.2,,,,,
57.73,ACQUIRE,109.33,0.17,-9.66,202.57,-0.01,0,0,,,,1.897,0.247,1.6,,,,,
57.78,ACQUIRE,109.52,0.17,-9.66,202.75,-0.01,0,0,,,,1.85,0.241,2.2,,,,,
57.83,ACQUIRE,109.52,0.17,-9.66,202.92,-0.01,0,0,,,,1.897,0.247,1.6,,,,,
57.88,ACQUIRE,109.71,0.17,-9.66,203.1,-0.01,0,0,,,,1.85,0.24,2.2,,,,,
57.93,ACQUIRE,109.71,0.17,-9.66,203.27,-0.01,0,0,,,,1.897,0.247,1.5,,,,,
57.98,ACQUIRE,109.9,0.17,-9.66,203.45,-0.01,0,0,,,,1.85,0.24,2.1,,,,,
58.03,ACQUIRE,109.9,0.17,-9.66,203.62,-0.01,0,0,,,,1.897,0.247,1.7,,,,,
58.08,ACQUIRE,110.09,0.17,-9.66,203.8,-0.01,0,0,,,,1.85,0.24,2.3,,,,,
58.13,ACQUIRE,110.09,0.17,-9.66,203.97,-0.01,0,0,,,,1.897,0.246,1.7,,,,,
58.18,ACQUIRE,110.28,0.17,-9.66,204.15,-0.01,0,0,,,,1.85,0.24,2.2,,,,,
58.23,ACQUIRE,110.28,0.17,-9.66,204.32,-0.01,0,0,,,,1.897,0.247,1.5,,,,,
58.28,ACQUIRE,110.47,0.17,-9.66,204.5,-0.01,0,0,,,,1.85,0.24,2.2,,,,,
58.33,ACQUIRE,110.47,0.17,-9.66,204.67,-0.01,0,0,,,,1.897,0.246,1.8,,,,,
58.38,ACQUIRE,110.66,0.17,-9.66,204.85,-0.01,0,0,,,,1.851,0.24,2.4,,,,,
58.43,ACQUIRE,110.66,0.17,-9.66,205.02,-0.01,0,0,,,,1.898,0.246,1.8,,,,,
58.48,ACQUIRE,110.85,0.17,-9.66,205.2,-0.01,0,0,,,,1.851,0.24,2.9,,,,,
58.53,ACQUIRE,110.85,0.17,-9.66,205.38,-0.01,0,0,,,,1.898,0.246,1.7,,,,,
58.58,ACQUIRE,111.04,0.18,-9.66,205.55,-0.01,0,0,,,,1.851,0.24,2.4,,,,,
58.63,ACQUIRE,111.04,0.18,-9.66,205.73,-0.01,0,0,,,,1.898,0.246,1.7,,,,,
58.68,ACQUIRE,111.22,0.18,-9.66,205.9,-0.01,0,0,,,,1.852,0.24,2.4,,,,,
58.73,ACQUIRE,111.22,0.18,-9.66,206.08,-0.01,0,0,,,,1.899,0.246,1.5,,,,,
58.78,ACQUIRE,111.41,0.18,-9.66,206.25,-0.01,0,0,,,,1.852,0.24,2.5,,,,,
58.83,ACQUIRE,111.41,0.18,-9.66,206.43,-0.01,0,0,,,,1.899,0.246,1.6,,,,,
58.88,ACQUIRE,111.6,0.18,-9.66,206.6,-0.01,0,0,,,,1.852,0.24,2.3,,,,,
58.93,ACQUIRE,111.6,0.18,-9.66,206.78,-0.01,0,0,,,,1.899,0.246,1.7,,,,,
58.98,ACQUIRE,111.79,0.18,-9.66,206.95,-0.01,0,0,,,,1.853,0.24,2.2,,,,,
59.03,ACQUIRE,111.79,0.18,-9.66,207.13,-0.01,0,0,,,,1.9,0.246,1.8,,,,,
59.08,ACQUIRE,111.98,0.18,-9.66,207.3,-0.01,0,0,,,,1.853,0.239,2.4,,,,,
59.13,ACQUIRE,111.98,0.18,-9.66,207.48,-0.01,0,0,,,,1.9,0.245,1.8,,,,,
59.18,ACQUIRE,112.17,0.18,-9.66,207.65,-0.01,0,0,,,,1.853,0.239,3.0,,,,,
59.23,ACQUIRE,112.17,0.18,-9.66,207.83,-0.01,0,0,,,,1.9,0.245,1.7,,,,,
59.28,ACQUIRE,112.36,0.18,-9.66,208.0,-0.01,0,0,,,,1.853,0.239,2.5,,,,,
59.33,ACQUIRE,112.36,0.18,-9.66,208.18,-0.01,0,0,,,,1.9,0.245,2.2,,,,,
59.38,ACQUIRE,112.55,0.18,-9.66,208.35,-0.01,0,0,,,,1.853,0.239,3.1,,,,,
59.43,ACQUIRE,112.55,0.18,-9.66,208.53,-0.01,0,0,,,,1.9,0.245,2.0,,,,,
59.48,ACQUIRE,112.74,0.18,-9.66,208.71,-0.01,0,0,,,,1.853,0.239,4.2,,,,,
59.53,ACQUIRE,112.74,0.18,-9.66,208.88,-0.01,0,0,,,,1.9,0.245,1.7,,,,,
59.58,ACQUIRE,112.92,0.18,-9.66,209.06,-0.01,0,0,,,,1.854,0.239,2.3,,,,,
59.63,ACQUIRE,112.92,0.18,-9.66,209.23,-0.01,0,0,,,,1.901,0.245,1.7,,,,,
59.68,ACQUIRE,113.11,0.18,-9.66,209.41,-0.01,0,0,,,,1.855,0.239,2.2,,,,,
59.73,ACQUIRE,113.11,0.18,-9.66,209.58,-0.01,0,0,,,,1.902,0.245,1.8,,,,,
59.78,ACQUIRE,113.3,0.18,-9.66,209.76,-0.01,0,0,,,,1.856,0.239,2.2,,,,,
59.83,ACQUIRE,113.3,0.18,-9.66,209.93,-0.01,0,0,,,,1.902,0.245,1.9,,,,,
59.88,ACQUIRE,113.49,0.18,-9.66,210.11,-0.01,0,0,,,,1.856,0.239,2.4,,,,,
59.93,ACQUIRE,113.49,0.18,-9.66,210.28,-0.01,0,0,,,,1.903,0.245,1.7,,,,,
59.98,ACQUIRE,113.68,0.18,-9.66,210.46,-0.01,0,0,,,,1.856,0.239,2.2,,,,,
60.03,ACQUIRE,113.68,0.18,-9.66,210.63,-0.01,0,0,,,,1.903,0.245,1.6,,,,,
60.08,ACQUIRE,113.86,0.18,-9.66,210.81,-0.01,0,0,,,,1.856,0.238,2.4,,,,,
60.13,ACQUIRE,113.86,0.18,-9.66,210.98,-0.01,0,0,,,,1.903,0.245,1.5,,,,,
60.18,ACQUIRE,114.05,0.18,-9.66,211.16,-0.01,0,0,,,,1.856,0.239,2.3,,,,,
60.23,ACQUIRE,114.05,0.18,-9.66,211.33,-0.01,0,0,,,,1.903,0.245,1.7,,,,,
60.28,ACQUIRE,114.24,0.18,-9.66,211.51,-0.01,0,0,,,,1.857,0.239,2.3,,,,,
60.33,ACQUIRE,114.24,0.18,-9.66,211.68,-0.01,0,0,,,,1.903,0.245,1.7,,,,,
60.38,ACQUIRE,114.43,0.18,-9.66,211.86,-0.01,0,0,,,,1.857,0.239,2.2,,,,,
60.43,ACQUIRE,114.43,0.18,-9.66,212.03,-0.01,0,0,,,,1.904,0.245,1.7,,,,,
60.48,ACQUIRE,114.62,0.18,-9.66,212.21,-0.01,0,0,,,,1.857,0.239,2.5,,,,,
60.53,ACQUIRE,114.62,0.18,-9.66,212.39,-0.01,0,0,,,,1.904,0.245,1.8,,,,,
60.58,ACQUIRE,114.81,0.18,-9.66,212.56,-0.01,0,0,,,,1.857,0.239,2.4,,,,,
60.63,ACQUIRE,114.81,0.18,-9.66,212.74,-0.01,0,0,,,,1.904,0.245,1.7,,,,,
60.68,ACQUIRE,115.0,0.19,-9.66,212.91,-0.01,0,0,,,,1.857,0.239,2.4,,,,,
60.73,ACQUIRE,115.0,0.19,-9.66,213.09,-0.01,0,0,,,,1.904,0.245,1.7,,,,,
60.78,ACQUIRE,115.19,0.18,-9.66,213.26,-0.01,0,0,,,,1.857,0.239,2.4,,,,,
60.84,ACQUIRE,115.19,0.18,-9.66,213.44,-0.01,0,0,,,,1.904,0.245,1.7,,,,,
60.89,ACQUIRE,115.38,0.19,-9.66,213.61,-0.01,0,0,,,,1.857,0.239,2.3,,,,,
60.94,ACQUIRE,115.38,0.19,-9.66,213.79,-0.01,0,0,,,,1.903,0.245,1.7,,,,,
60.99,ACQUIRE,115.57,0.18,-9.66,213.96,-0.01,0,0,,,,1.856,0.24,2.2,,,,,
61.04,ACQUIRE,115.57,0.18,-9.66,214.14,-0.01,0,0,,,,1.903,0.246,1.7,,,,,
61.09,ACQUIRE,115.76,0.19,-9.66,214.31,-0.01,0,0,,,,1.856,0.24,2.3,,,,,
61.14,ACQUIRE,115.76,0.19,-9.66,214.49,-0.01,0,0,,,,1.903,0.246,1.7,,,,,
61.19,ACQUIRE,115.95,0.18,-9.66,214.66,-0.01,0,0,,,,1.855,0.24,2.3,,,,,
61.24,ACQUIRE,115.95,0.18,-9.66,214.84,-0.01,0,0,,,,1.902,0.246,1.9,,,,,
61.29,ACQUIRE,116.14,0.18,-9.66,215.01,-0.01,0,0,,,,1.854,0.24,2.4,,,,,
61.34,ACQUIRE,116.14,0.18,-9.66,215.19,-0.01,0,0,,,,1.901,0.246,1.8,,,,,
61.39,ACQUIRE,116.33,0.18,-9.66,215.36,-0.01,0,0,,,,1.853,0.24,2.4,,,,,
61.44,ACQUIRE,116.33,0.18,-9.66,215.54,-0.01,0,0,,,,1.9,0.246,1.6,,,,,
61.49,ACQUIRE,116.52,0.18,-9.66,215.72,-0.01,0,0,,,,1.853,0.24,2.4,,,,,
61.54,ACQUIRE,116.52,0.18,-9.66,215.89,-0.01,0,0,,,,1.9,0.246,1.5,,,,,
61.59,ACQUIRE,116.71,0.18,-9.66,216.07,-0.01,0,0,,,,1.852,0.24,2.3,,,,,
61.64,ACQUIRE,116.71,0.18,-9.66,216.24,-0.01,0,0,,,,1.899,0.246,1.7,,,,,
61.69,ACQUIRE,116.9,0.19,-9.66,216.42,-0.01,0,0,,,,1.853,0.24,4.0,,,,,
61.74,ACQUIRE,116.9,0.19,-9.66,216.59,-0.01,0,0,,,,1.899,0.246,1.7,,,,,
61.79,ACQUIRE,117.09,0.19,-9.66,216.77,-0.01,0,0,,,,1.852,0.24,2.2,,,,,
61.84,ACQUIRE,117.09,0.19,-9.66,216.94,-0.01,0,0,,,,1.899,0.246,1.8,,,,,
61.89,ACQUIRE,117.28,0.19,-9.66,217.12,-0.01,0,0,,,,1.852,0.24,2.2,,,,,
61.94,ACQUIRE,117.28,0.19,-9.66,217.29,-0.01,0,0,,,,1.899,0.246,1.8,,,,,
61.99,ACQUIRE,117.47,0.19,-9.66,217.47,-0.01,0,0,,,,1.851,0.24,2.3,,,,,
62.04,ACQUIRE,117.47,0.19,-9.66,217.64,-0.01,0,0,,,,1.898,0.246,1.7,,,,,
62.09,ACQUIRE,117.66,0.19,-9.66,217.82,-0.01,0,0,,,,1.851,0.24,2.5,,,,,
62.14,ACQUIRE,117.66,0.19,-9.66,217.99,-0.01,0,0,,,,1.897,0.246,1.7,,,,,
62.19,ACQUIRE,117.85,0.19,-9.66,218.17,-0.01,0,0,,,,1.85,0.24,2.4,,,,,
62.24,ACQUIRE,117.85,0.19,-9.66,218.34,-0.01,0,0,,,,1.897,0.246,1.7,,,,,
62.29,ACQUIRE,118.04,0.19,-9.66,218.52,-0.01,0,0,,,,1.85,0.24,2.3,,,,,
62.34,ACQUIRE,118.04,0.19,-9.66,218.69,-0.01,0,0,,,,1.897,0.246,1.7,,,,,
62.39,ACQUIRE,118.23,0.19,-9.66,218.87,-0.01,0,0,,,,1.85,0.24,2.3,,,,,
62.44,ACQUIRE,118.23,0.19,-9.66,219.04,-0.01,0,0,,,,1.897,0.246,1.7,,,,,
62.49,ACQUIRE,118.42,0.19,-9.66,219.22,-0.01,0,0,,,,1.85,0.24,2.2,,,,,
62.54,ACQUIRE,118.42,0.19,-9.66,219.4,-0.01,0,0,,,,1.897,0.246,1.7,,,,,
62.59,ACQUIRE,118.61,0.19,-9.66,219.57,-0.01,0,0,,,,1.85,0.24,2.3,,,,,
62.64,ACQUIRE,118.61,0.19,-9.66,219.75,-0.01,0,0,,,,1.897,0.246,1.8,,,,,
62.69,ACQUIRE,118.8,0.19,-9.66,219.92,-0.01,0,0,,,,1.85,0.24,2.5,,,,,
62.74,ACQUIRE,118.8,0.19,-9.66,220.1,-0.01,0,0,,,,1.897,0.246,1.6,,,,,
62.79,ACQUIRE,118.98,0.19,-9.66,220.27,-0.01,0,0,,,,1.85,0.24,2.5,,,,,
62.84,ACQUIRE,118.98,0.19,-9.66,220.45,-0.01,0,0,,,,1.897,0.246,1.7,,,,,
62.89,ACQUIRE,119.17,0.19,-9.66,220.62,-0.01,0,0,,,,1.851,0.24,2.2,,,,,
62.94,ACQUIRE,119.17,0.19,-9.66,220.8,-0.01,0,0,,,,1.897,0.246,1.7,,,,,
62.99,ACQUIRE,119.36,0.19,-9.66,220.97,-0.01,0,0,,,,1.851,0.24,2.4,,,,,
63.04,ACQUIRE,119.36,0.19,-9.66,221.15,-0.01,0,0,,,,1.898,0.246,1.5,,,,,
63.09,ACQUIRE,119.55,0.19,-9.66,221.32,-0.01,0,0,,,,1.851,0.24,2.5,,,,,
63.14,ACQUIRE,119.55,0.19,-9.66,221.5,-0.01,0,0,,,,1.898,0.246,1.7,,,,,
63.19,ACQUIRE,119.74,0.19,-9.66,221.67,-0.01,0,0,,,,1.851,0.24,2.3,,,,,
63.24,ACQUIRE,119.74,0.19,-9.66,221.85,-0.01,0,0,,,,1.898,0.246,1.7,,,,,
63.29,ACQUIRE,119.93,0.19,-9.66,222.02,-0.01,0,0,,,,1.851,0.24,2.3,,,,,
63.34,ACQUIRE,119.93,0.19,-9.66,222.2,-0.01,0,0,,,,1.898,0.246,1.8,,,,,
63.39,ACQUIRE,120.12,0.19,-9.66,222.37,-0.01,0,0,,,,1.851,0.239,2.4,,,,,
63.44,ACQUIRE,120.12,0.19,-9.66,222.55,-0.01,0,0,,,,1.898,0.245,1.8,,,,,
63.49,ACQUIRE,120.31,0.19,-9.66,222.72,-0.01,0,0,,,,1.851,0.239,2.5,,,,,
63.54,ACQUIRE,120.31,0.19,-9.66,222.9,-0.01,0,0,,,,1.898,0.245,1.8,,,,,
63.59,ACQUIRE,120.5,0.19,-9.66,223.08,-0.01,0,0,,,,1.851,0.239,2.5,,,,,
63.64,ACQUIRE,120.5,0.19,-9.66,223.25,-0.01,0,0,,,,1.898,0.245,1.7,,,,,
63.69,ACQUIRE,120.68,0.19,-9.66,223.43,-0.01,0,0,,,,1.853,0.239,2.4,,,,,
63.74,ACQUIRE,120.68,0.19,-9.66,223.6,-0.01,0,0,,,,1.899,0.245,1.5,,,,,
63.79,ACQUIRE,120.87,0.19,-9.66,223.78,-0.01,0,0,,,,1.853,0.239,2.6,,,,,
63.84,ACQUIRE,120.87,0.19,-9.66,223.95,-0.01,0,0,,,,1.9,0.246,3.8,,,,,
63.89,ACQUIRE,121.06,0.19,-9.66,224.13,-0.01,0,0,,,,1.853,0.239,2.3,,,,,
63.94,ACQUIRE,121.06,0.19,-9.66,224.3,-0.01,0,0,,,,1.9,0.246,1.8,,,,,
63.99,ACQUIRE,121.25,0.19,-9.66,224.48,-0.01,0,0,,,,1.854,0.24,2.1,,,,,
64.04,ACQUIRE,121.25,0.19,-9.66,224.65,-0.01,0,0,,,,1.901,0.246,1.7,,,,,
64.09,ACQUIRE,121.44,0.19,-9.66,224.83,-0.01,0,0,,,,1.854,0.24,2.4,,,,,
64.14,ACQUIRE,121.44,0.19,-9.66,225.0,-0.01,0,0,,,,1.901,0.246,1.7,,,,,
64.19,ACQUIRE,121.63,0.19,-9.66,225.18,-0.01,0,0,,,,1.854,0.24,2.4,,,,,
64.24,ACQUIRE,121.63,0.19,-9.66,225.35,-0.01,0,0,,,,1.901,0.246,1.8,,,,,
64.29,ACQUIRE,121.81,0.19,-9.66,225.53,-0.01,0,0,,,,1.854,0.24,2.4,,,,,
64.34,ACQUIRE,121.81,0.19,-9.66,225.7,-0.01,0,0,,,,1.901,0.246,1.7,,,,,
64.39,ACQUIRE,122.0,0.19,-9.66,225.88,-0.01,0,0,,,,1.854,0.24,2.4,,,,,
64.44,ACQUIRE,122.0,0.19,-9.66,226.05,-0.01,0,0,,,,1.901,0.246,1.7,,,,,
64.49,ACQUIRE,122.19,0.19,-9.66,226.23,-0.01,0,0,,,,1.854,0.24,2.4,,,,,
64.54,ACQUIRE,122.19,0.19,-9.66,226.41,-0.01,0,0,,,,1.901,0.246,1.7,,,,,
64.59,ACQUIRE,122.38,0.19,-9.66,226.58,-0.01,0,0,,,,1.854,0.24,2.3,,,,,
64.64,ACQUIRE,122.38,0.19,-9.66,226.76,-0.01,0,0,,,,1.901,0.246,1.7,,,,,
64.69,ACQUIRE,122.57,0.19,-9.66,226.93,-0.01,0,0,,,,1.854,0.24,2.2,,,,,
64.74,ACQUIRE,122.57,0.19,-9.66,227.11,-0.01,0,0,,,,1.901,0.246,1.7,,,,,
64.79,ACQUIRE,122.76,0.19,-9.66,227.28,-0.01,0,0,,,,1.854,0.24,2.4,,,,,
64.84,ACQUIRE,122.76,0.19,-9.66,227.46,-0.01,0,0,,,,1.901,0.246,1.8,,,,,
64.89,ACQUIRE,122.95,0.19,-9.66,227.63,-0.01,0,0,,,,1.854,0.24,2.4,,,,,
64.94,ACQUIRE,122.95,0.19,-9.66,227.81,-0.01,0,0,,,,1.901,0.246,1.7,,,,,
64.99,ACQUIRE,123.14,0.19,-9.66,227.98,-0.01,0,0,,,,1.853,0.24,2.4,,,,,
65.04,ACQUIRE,123.14,0.19,-9.66,228.16,-0.01,0,0,,,,1.9,0.246,1.7,,,,,
65.09,ACQUIRE,123.33,0.2,-9.66,228.33,-0.01,0,0,,,,1.853,0.24,2.5,,,,,
65.14,ACQUIRE,123.33,0.2,-9.66,228.51,-0.01,0,0,,,,1.9,0.246,1.7,,,,,
65.19,ACQUIRE,123.52,0.2,-9.66,228.68,-0.01,0,0,,,,1.853,0.24,2.4,,,,,
65.24,ACQUIRE,123.52,0.2,-9.66,228.86,-0.01,0,0,,,,1.899,0.246,1.7,,,,,
65.29,ACQUIRE,123.71,0.2,-9.66,229.03,-0.01,0,0,,,,1.852,0.239,2.3,,,,,
65.34,ACQUIRE,123.71,0.2,-9.66,229.21,-0.01,0,0,,,,1.899,0.246,1.7,,,,,
65.39,ACQUIRE,123.9,0.2,-9.66,229.38,-0.01,0,0,,,,1.852,0.239,2.2,,,,,
65.44,ACQUIRE,123.9,0.2,-9.66,229.56,-0.01,0,0,,,,1.899,0.245,1.7,,,,,
65.49,ACQUIRE,124.09,0.2,-9.66,229.73,-0.01,0,0,,,,1.851,0.239,2.4,,,,,
65.54,ACQUIRE,124.09,0.2,-9.66,229.91,-0.01,0,0,,,,1.898,0.245,1.8,,,,,
65.59,ACQUIRE,124.28,0.2,-9.66,230.09,-0.01,0,0,,,,1.85,0.238,2.4,,,,,
65.64,ACQUIRE,124.28,0.2,-9.66,230.26,-0.01,0,0,,,,1.897,0.244,1.7,,,,,
65.69,ACQUIRE,124.47,0.2,-9.66,230.44,-0.01,0,0,,,,1.85,0.238,2.4,,,,,
65.74,ACQUIRE,124.47,0.2,-9.66,230.61,-0.01,0,0,,,,1.897,0.244,1.7,,,,,
65.79,ACQUIRE,124.66,0.2,-9.66,230.79,-0.01,0,0,,,,1.851,0.238,2.4,,,,,
65.84,ACQUIRE,124.66,0.2,-9.66,230.96,-0.01,0,0,,,,1.898,0.244,1.7,,,,,
65.89,ACQUIRE,124.85,0.2,-9.66,231.14,-0.01,0,0,,,,1.851,0.238,2.3,,,,,
65.94,ACQUIRE,124.85,0.2,-9.66,231.31,-0.01,0,0,,,,1.898,0.244,1.7,,,,,
65.99,ACQUIRE,125.04,0.2,-9.66,231.49,-0.01,0,0,,,,1.851,0.238,2.3,,,,,
66.04,ACQUIRE,125.04,0.2,-9.66,231.66,-0.01,0,0,,,,1.898,0.244,1.7,,,,,
66.09,ACQUIRE,125.23,0.2,-9.66,231.84,-0.01,0,0,,,,1.851,0.238,5.6,,,,,
66.14,ACQUIRE,125.23,0.2,-9.66,232.01,-0.01,0,0,,,,1.898,0.244,1.5,,,,,
66.19,ACQUIRE,125.42,0.2,-9.66,232.19,-0.01,0,0,,,,1.85,0.237,2.7,,,,,
66.24,ACQUIRE,125.42,0.2,-9.66,232.36,-0.01,0,0,,,,1.897,0.244,2.2,,,,,
66.29,ACQUIRE,125.61,0.2,-9.66,232.54,-0.01,0,0,,,,1.85,0.237,2.5,,,,,
66.34,ACQUIRE,125.61,0.2,-9.66,232.71,-0.01,0,0,,,,1.896,0.243,1.6,,,,,
66.39,ACQUIRE,125.8,0.2,-9.66,232.89,-0.01,0,0,,,,1.849,0.238,2.3,,,,,
66.44,ACQUIRE,125.8,0.2,-9.66,233.06,-0.01,0,0,,,,1.896,0.244,1.7,,,,,
66.49,ACQUIRE,125.99,0.2,-9.66,233.24,-0.01,0,0,,,,1.85,0.238,2.5,,,,,
66.54,ACQUIRE,125.99,0.2,-9.66,233.42,-0.01,0,0,,,,1.897,0.244,1.7,,,,,
66.59,ACQUIRE,126.18,0.2,-9.66,233.59,-0.01,0,0,,,,1.85,0.238,2.4,,,,,
66.64,ACQUIRE,126.18,0.2,-9.66,233.77,-0.01,0,0,,,,1.897,0.244,1.7,,,,,
66.69,ACQUIRE,126.36,0.2,-9.66,233.94,-0.01,0,0,,,,1.85,0.238,2.2,,,,,
66.74,ACQUIRE,126.36,0.2,-9.66,234.12,-0.01,0,0,,,,1.897,0.244,1.8,,,,,
66.79,ACQUIRE,126.55,0.2,-9.66,234.29,-0.01,0,0,,,,1.85,0.238,2.3,,,,,
66.84,ACQUIRE,126.55,0.2,-9.66,234.47,-0.01,0,0,,,,1.897,0.244,1.8,,,,,
66.89,ACQUIRE,126.74,0.2,-9.66,234.64,-0.01,0,0,,,,1.851,0.238,2.3,,,,,
66.94,ACQUIRE,126.74,0.2,-9.66,234.82,-0.01,0,0,,,,1.898,0.244,1.7,,,,,
66.99,ACQUIRE,126.93,0.2,-9.66,234.99,-0.01,0,0,,,,1.851,0.239,2.5,,,,,
67.04,ACQUIRE,126.93,0.2,-9.66,235.17,-0.01,0,0,,,,1.898,0.245,1.7,,,,,
67.09,ACQUIRE,127.12,0.2,-9.66,235.34,-0.01,0,0,,,,1.851,0.239,2.6,,,,,
67.14,ACQUIRE,127.12,0.2,-9.66,235.52,-0.01,0,0,,,,1.898,0.245,1.7,,,,,
67.19,ACQUIRE,127.31,0.2,-9.66,235.69,-0.01,0,0,,,,1.851,0.239,2.3,,,,,
67.24,ACQUIRE,127.31,0.2,-9.66,235.87,-0.01,0,0,,,,1.898,0.245,1.7,,,,,
67.29,ACQUIRE,127.5,0.2,-9.66,236.04,-0.01,0,0,,,,1.851,0.239,2.4,,,,,
67.34,ACQUIRE,127.5,0.2,-9.66,236.22,-0.01,0,0,,,,1.898,0.245,1.8,,,,,
67.39,ACQUIRE,127.69,0.2,-9.66,236.39,-0.01,0,0,,,,1.851,0.239,2.4,,,,,
67.44,ACQUIRE,127.69,0.2,-9.66,236.57,-0.01,0,0,,,,1.898,0.246,1.7,,,,,
67.49,ACQUIRE,127.87,0.2,-9.66,236.74,-0.01,0,0,,,,1.852,0.24,2.3,,,,,
67.54,ACQUIRE,127.87,0.2,-9.66,236.92,-0.01,0,0,,,,1.899,0.246,1.7,,,,,
67.59,ACQUIRE,128.06,0.2,-9.66,237.09,-0.01,0,0,,,,1.851,0.24,2.4,,,,,
67.64,ACQUIRE,128.06,0.2,-9.66,237.27,-0.01,0,0,,,,1.898,0.246,1.7,,,,,
67.69,ACQUIRE,128.25,0.2,-9.66,237.45,-0.01,0,0,,,,1.851,0.24,2.5,,,,,
67.74,ACQUIRE,128.25,0.2,-9.66,237.62,-0.01,0,0,,,,1.898,0.246,1.8,,,,,
67.79,ACQUIRE,128.44,0.2,-9.66,237.8,-0.01,0,0,,,,1.851,0.24,2.3,,,,,
67.84,ACQUIRE,128.44,0.2,-9.66,237.97,-0.01,0,0,,,,1.898,0.246,1.6,,,,,
67.89,ACQUIRE,128.63,0.2,-9.66,238.15,-0.01,0,0,,,,1.853,0.24,2.4,,,,,
67.94,ACQUIRE,128.63,0.2,-9.66,238.32,-0.01,0,0,,,,1.899,0.246,1.8,,,,,
68.0,ACQUIRE,128.82,0.2,-9.66,238.5,-0.01,0,0,,,,1.853,0.24,2.2,,,,,
68.05,ACQUIRE,128.82,0.2,-9.66,238.67,-0.01,0,0,,,,1.9,0.247,1.5,,,,,
68.1,ACQUIRE,129.01,0.2,-9.66,238.85,-0.01,0,0,,,,1.853,0.241,2.4,,,,,
68.15,ACQUIRE,129.01,0.2,-9.66,239.02,-0.01,0,0,,,,1.9,0.247,1.5,,,,,
68.2,ACQUIRE,129.2,0.2,-9.66,239.2,-0.01,0,0,,,,1.853,0.241,2.4,,,,,
68.25,ACQUIRE,129.2,0.2,-9.66,239.37,-0.01,0,0,,,,1.9,0.247,1.7,,,,,
68.3,ACQUIRE,129.39,0.2,-9.66,239.55,-0.01,0,0,,,,1.852,0.241,2.3,,,,,
68.35,ACQUIRE,129.39,0.2,-9.66,239.72,-0.01,0,0,,,,1.899,0.247,1.7,,,,,
68.4,ACQUIRE,129.57,0.2,-9.66,239.9,-0.01,0,0,,,,1.853,0.241,6.7,,,,,
68.45,ACQUIRE,129.57,0.2,-9.66,240.07,-0.01,0,0,,,,1.9,0.247,1.7,,,,,
68.5,ACQUIRE,129.76,0.2,-9.66,240.25,-0.01,0,0,,,,1.853,0.241,2.4,,,,,
68.55,ACQUIRE,129.76,0.2,-9.66,240.42,-0.01,0,0,,,,1.9,0.247,1.7,,,,,
68.6,ACQUIRE,129.95,0.2,-9.66,240.6,-0.01,0,0,,,,1.853,0.241,2.4,,,,,
68.65,ACQUIRE,129.95,0.2,-9.66,240.77,-0.01,0,0,,,,1.9,0.247,1.7,,,,,
68.7,ACQUIRE,130.14,0.2,-9.66,240.95,-0.01,0,0,,,,1.854,0.241,2.2,,,,,
68.75,ACQUIRE,130.14,0.2,-9.66,241.13,-0.01,0,0,,,,1.901,0.247,1.7,,,,,
68.8,ACQUIRE,130.33,0.2,-9.66,241.3,-0.01,0,0,,,,1.854,0.241,2.5,,,,,
68.85,ACQUIRE,130.33,0.2,-9.66,241.48,-0.01,0,0,,,,1.901,0.247,1.7,,,,,
68.9,ACQUIRE,130.52,0.21,-9.66,241.65,-0.01,0,0,,,,1.855,0.241,2.4,,,,,
68.95,ACQUIRE,130.52,0.21,-9.66,241.83,-0.01,0,0,,,,1.902,0.247,1.7,,,,,
69.0,ACQUIRE,130.7,0.21,-9.66,242.0,-0.01,0,0,,,,1.855,0.241,2.2,,,,,
69.05,ACQUIRE,130.7,0.21,-9.66,242.18,-0.01,0,0,,,,1.902,0.247,1.5,,,,,
69.1,ACQUIRE,130.89,0.21,-9.66,242.35,-0.01,0,0,,,,1.856,0.241,2.3,,,,,
69.15,ACQUIRE,130.89,0.21,-9.66,242.53,-0.01,0,0,,,,1.903,0.247,1.8,,,,,
69.2,ACQUIRE,131.08,0.21,-9.66,242.7,-0.01,0,0,,,,1.856,0.241,2.2,,,,,
69.25,ACQUIRE,131.08,0.21,-9.66,242.88,-0.01,0,0,,,,1.903,0.247,1.8,,,,,
69.3,ACQUIRE,131.27,0.21,-9.66,243.05,-0.01,0,0,,,,1.857,0.241,2.4,,,,,
69.35,ACQUIRE,131.27,0.21,-9.66,243.23,-0.01,0,0,,,,1.904,0.247,2.3,,,,,
69.4,ACQUIRE,131.46,0.21,-9.66,243.4,-0.01,0,0,,,,1.857,0.242,2.9,,,,,
69.45,ACQUIRE,131.46,0.21,-9.66,243.58,-0.01,0,0,,,,1.904,0.248,2.2,,,,,
69.5,ACQUIRE,131.65,0.21,-9.66,243.75,-0.01,0,0,,,,1.857,0.242,2.3,,,,,
69.55,ACQUIRE,131.65,0.21,-9.66,243.93,-0.01,0,0,,,,1.904,0.248,1.6,,,,,
69.6,ACQUIRE,131.84,0.21,-9.66,244.1,-0.01,0,0,,,,1.857,0.242,2.1,,,,,
69.65,ACQUIRE,131.84,0.21,-9.66,244.28,-0.01,0,0,,,,1.904,0.248,1.8,,,,,
69.7,ACQUIRE,132.03,0.21,-9.66,244.46,-0.01,0,0,,,,1.857,0.242,2.2,,,,,
69.75,ACQUIRE,132.03,0.21,-9.66,244.63,-0.01,0,0,,,,1.903,0.248,1.7,,,,,
69.8,ACQUIRE,132.22,0.21,-9.66,244.81,-0.01,0,0,,,,1.856,0.242,2.2,,,,,
69.85,ACQUIRE,132.22,0.21,-9.66,244.98,-0.01,0,0,,,,1.903,0.248,1.5,,,,,
69.9,ACQUIRE,132.41,0.21,-9.66,245.16,-0.01,0,0,,,,1.855,0.242,2.5,,,,,
69.95,ACQUIRE,132.41,0.21,-9.66,245.33,-0.01,0,0,,,,1.902,0.248,1.6,,,,,
70.0,ACQUIRE,132.6,0.21,-9.66,245.51,-0.01,0,0,,,,1.855,0.243,2.2,,,,,
70.05,ACQUIRE,132.6,0.21,-9.66,245.68,-0.01,0,0,,,,1.902,0.249,1.7,,,,,
70.1,ACQUIRE,132.79,0.21,-9.66,245.86,-0.01,0,0,,,,1.855,0.243,2.2,,,,,
70.15,ACQUIRE,132.79,0.21,-9.66,246.03,-0.01,0,0,,,,1.902,0.249,1.7,,,,,
70.2,ACQUIRE,132.98,0.2,-9.66,246.21,-0.01,0,0,,,,1.854,0.243,2.1,,,,,
70.25,ACQUIRE,132.98,0.2,-9.66,246.38,-0.01,0,0,,,,1.901,0.249,1.7,,,,,
70.3,ACQUIRE,133.17,0.2,-9.66,246.56,-0.01,0,0,,,,1.854,0.244,2.1,,,,,
70.35,ACQUIRE,133.17,0.2,-9.66,246.73,-0.01,0,0,,,,1.901,0.25,1.9,,,,,
70.4,ACQUIRE,133.36,0.2,-9.66,246.91,-0.01,0,0,,,,1.852,0.244,2.3,,,,,
70.45,ACQUIRE,133.36,0.2,-9.66,247.08,-0.01,0,0,,,,1.899,0.25,1.7,,,,,
70.5,ACQUIRE,133.55,0.2,-9.66,247.26,-0.01,0,0,,,,1.852,0.244,2.2,,,,,
70.55,ACQUIRE,133.55,0.2,-9.66,247.43,-0.01,0,0,,,,1.899,0.25,1.5,,,,,
70.6,ACQUIRE,133.74,0.2,-9.66,247.61,-0.01,0,0,,,,1.852,0.244,2.4,,,,,
70.65,ACQUIRE,133.74,0.2,-9.66,247.78,-0.01,0,0,,,,1.899,0.25,1.7,,,,,
70.7,ACQUIRE,133.93,0.2,-9.66,247.96,-0.01,0,0,,,,1.851,0.244,2.4,,,,,
70.75,ACQUIRE,133.93,0.2,-9.66,248.14,-0.01,0,0,,,,1.898,0.25,6.2,,,,,
70.8,ACQUIRE,134.12,0.2,-9.66,248.31,-0.01,0,0,,,,1.851,0.244,2.4,,,,,
70.85,ACQUIRE,134.12,0.2,-9.66,248.49,-0.01,0,0,,,,1.898,0.25,1.7,,,,,
70.9,ACQUIRE,134.31,0.21,-9.66,248.66,-0.01,0,0,,,,1.851,0.244,2.1,,,,,
70.95,ACQUIRE,134.31,0.21,-9.66,248.84,-0.01,0,0,,,,1.898,0.25,1.7,,,,,
71.0,ACQUIRE,134.5,0.21,-9.66,249.01,-0.01,0,0,,,,1.851,0.244,2.4,,,,,
71.05,ACQUIRE,134.5,0.21,-9.66,249.19,-0.01,0,0,,,,1.898,0.25,1.7,,,,,
71.1,ACQUIRE,134.69,0.21,-9.66,249.36,-0.01,0,0,,,,1.851,0.244,2.4,,,,,
71.15,ACQUIRE,134.69,0.21,-9.66,249.54,-0.01,0,0,,,,1.898,0.25,1.7,,,,,
71.2,ACQUIRE,134.87,0.21,-9.66,249.71,-0.01,0,0,,,,1.851,0.244,2.2,,,,,
71.25,ACQUIRE,134.87,0.21,-9.66,249.89,-0.01,0,0,,,,1.898,0.25,1.7,,,,,
71.3,ACQUIRE,135.06,0.21,-9.66,250.06,-0.01,0,0,,,,1.851,0.243,2.2,,,,,
71.35,ACQUIRE,135.06,0.21,-9.66,250.24,-0.01,0,0,,,,1.898,0.249,1.8,,,,,
71.4,ACQUIRE,135.25,0.21,-9.66,250.41,-0.01,0,0,,,,1.851,0.243,2.4,,,,,
71.45,ACQUIRE,135.25,0.21,-9.66,250.59,-0.01,0,0,,,,1.898,0.249,2.0,,,,,
71.5,ACQUIRE,135.44,0.21,-9.66,250.76,-0.01,0,0,,,,1.851,0.242,2.4,,,,,
71.55,ACQUIRE,135.44,0.21,-9.66,250.94,-0.01,0,0,,,,1.898,0.249,1.7,,,,,
71.6,ACQUIRE,135.63,0.21,-9.66,251.11,-0.01,0,0,,,,1.851,0.242,2.4,,,,,
71.65,ACQUIRE,135.63,0.21,-9.66,251.29,-0.01,0,0,,,,1.898,0.248,1.7,,,,,
71.7,ACQUIRE,135.82,0.21,-9.66,251.46,-0.01,0,0,,,,1.851,0.241,2.3,,,,,
71.75,ACQUIRE,135.82,0.21,-9.66,251.64,-0.01,0,0,,,,1.898,0.247,1.6,,,,,
71.8,ACQUIRE,136.01,0.21,-9.66,251.82,-0.01,0,0,,,,1.85,0.241,2.3,,,,,
71.85,ACQUIRE,136.01,0.21,-9.66,251.99,-0.01,0,0,,,,1.897,0.247,1.7,,,,,
71.9,ACQUIRE,136.2,0.22,-9.66,252.17,-0.01,0,0,,,,1.85,0.24,2.3,,,,,
71.95,ACQUIRE,136.2,0.22,-9.66,252.34,-0.01,0,0,,,,1.897,0.246,1.7,,,,,
72.0,ACQUIRE,136.39,0.22,-9.66,252.52,-0.01,0,0,,,,1.849,0.239,2.2,,,,,
72.05,ACQUIRE,136.39,0.22,-9.66,252.69,-0.01,0,0,,,,1.896,0.245,1.7,,,,,
72.1,ACQUIRE,136.58,0.22,-9.66,252.87,-0.01,0,0,,,,1.85,0.239,2.5,,,,,
72.15,ACQUIRE,136.58,0.22,-9.66,253.04,-0.01,0,0,,,,1.897,0.245,1.7,,,,,
72.2,ACQUIRE,136.77,0.22,-9.66,253.22,-0.01,0,0,,,,1.85,0.238,2.4,,,,,
72.25,ACQUIRE,136.77,0.22,-9.66,253.39,-0.01,0,0,,,,1.897,0.244,1.8,,,,,
72.3,ACQUIRE,136.96,0.22,-9.66,253.57,-0.01,0,0,,,,1.85,0.238,2.4,,,,,
72.35,ACQUIRE,136.96,0.22,-9.66,253.74,-0.01,0,0,,,,1.897,0.244,1.7,,,,,
72.4,ACQUIRE,137.15,0.22,-9.66,253.92,-0.01,0,0,,,,1.85,0.237,2.4,,,,,
72.45,ACQUIRE,137.15,0.22,-9.66,254.09,-0.01,0,0,,,,1.897,0.243,1.6,,,,,
72.5,ACQUIRE,137.34,0.22,-9.66,254.27,-0.01,0,0,,,,1.849,0.237,2.3,,,,,
72.55,ACQUIRE,137.34,0.22,-9.66,254.44,-0.01,0,0,,,,1.896,0.243,1.6,,,,,
72.6,ACQUIRE,137.53,0.22,-9.66,254.62,-0.01,0,0,,,,1.849,0.236,2.3,,,,,
72.65,ACQUIRE,137.53,0.22,-9.66,254.79,-0.01,0,0,,,,1.896,0.242,1.7,,,,,
72.7,ACQUIRE,137.72,0.23,-9.66,254.97,-0.01,0,0,,,,1.85,0.236,2.2,,,,,
72.75,ACQUIRE,137.72,0.23,-9.66,255.15,-0.01,0,0,,,,1.896,0.242,1.8,,,,,
72.8,ACQUIRE,137.91,0.23,-9.66,255.32,-0.01,0,0,,,,1.85,0.236,2.4,,,,,
72.85,ACQUIRE,137.91,0.23,-9.66,255.5,-0.01,0,0,,,,1.896,0.242,1.8,,,,,
72.9,ACQUIRE,138.1,0.23,-9.66,255.67,-0.01,0,0,,,,1.85,0.236,2.5,,,,,
72.95,ACQUIRE,138.1,0.23,-9.66,255.85,-0.01,0,0,,,,1.897,0.242,1.7,,,,,
73.0,ACQUIRE,138.28,0.23,-9.66,256.02,-0.01,0,0,,,,1.85,0.236,2.4,,,,,
73.05,ACQUIRE,138.28,0.23,-9.66,256.2,-0.01,0,0,,,,1.897,0.242,1.7,,,,,
73.1,ACQUIRE,138.47,0.23,-9.66,256.37,-0.01,0,0,,,,1.85,0.236,6.9,,,,,
73.15,ACQUIRE,138.47,0.23,-9.66,256.55,-0.01,0,0,,,,1.897,0.242,2.2,,,,,
73.2,ACQUIRE,138.66,0.23,-9.66,256.72,-0.01,0,0,,,,1.851,0.236,2.5,,,,,
73.25,ACQUIRE,138.66,0.23,-9.66,256.9,-0.01,0,0,,,,1.898,0.242,1.7,,,,,
73.3,ACQUIRE,138.85,0.23,-9.66,257.07,-0.01,0,0,,,,1.851,0.236,2.3,,,,,
73.35,ACQUIRE,138.85,0.23,-9.66,257.25,-0.01,0,0,,,,1.898,0.242,1.7,,,,,
73.4,ACQUIRE,139.04,0.23,-9.66,257.42,-0.01,0,0,,,,1.851,0.236,2.3,,,,,
73.45,ACQUIRE,139.04,0.23,-9.66,257.6,-0.01,0,0,,,,1.898,0.242,1.7,,,,,
73.5,ACQUIRE,139.23,0.23,-9.66,257.77,-0.01,0,0,,,,1.852,0.236,2.3,,,,,
73.55,ACQUIRE,139.23,0.23,-9.66,257.95,-0.01,0,0,,,,1.898,0.242,1.6,,,,,
73.6,ACQUIRE,139.42,0.23,-9.66,258.12,-0.01,0,0,,,,1.852,0.236,2.2,,,,,
73.65,ACQUIRE,139.42,0.23,-9.66,258.3,-0.01,0,0,,,,1.899,0.243,1.8,,,,,
73.7,ACQUIRE,139.6,0.23,-9.66,258.47,-0.01,0,0,,,,1.852,0.237,2.4,,,,,
73.75,ACQUIRE,139.6,0.23,-9.66,258.65,-0.01,0,0,,,,1.899,0.243,1.8,,,,,
73.8,ACQUIRE,139.79,0.23,-9.66,258.82,-0.01,0,0,,,,1.851,0.237,2.4,,,,,
73.85,ACQUIRE,139.79,0.23,-9.66,259.0,-0.01,0,0,,,,1.898,0.243,1.7,,,,,
73.9,ACQUIRE,139.98,0.23,-9.66,259.18,-0.01,0,0,,,,1.852,0.237,2.4,,,,,
73.95,ACQUIRE,139.98,0.23,-9.66,259.35,-0.01,0,0,,,,1.899,0.243,1.7,,,,,
74.0,ACQUIRE,140.17,0.23,-9.66,259.53,-0.01,0,0,,,,1.853,0.238,2.3,,,,,
74.05,ACQUIRE,140.17,0.23,-9.66,259.7,-0.01,0,0,,,,1.899,0.244,1.6,,,,,
74.1,ACQUIRE,140.36,0.23,-9.66,259.88,-0.01,0,0,,,,1.854,0.238,2.4,,,,,
74.15,ACQUIRE,140.36,0.23,-9.66,260.05,-0.01,0,0,,,,1.901,0.244,1.7,,,,,
74.2,ACQUIRE,140.54,0.23,-9.66,260.23,-0.01,0,0,,,,1.855,0.238,2.3,,,,,
74.25,ACQUIRE,140.54,0.23,-9.66,260.4,-0.01,0,0,,,,1.902,0.244,1.5,,,,,
74.3,ACQUIRE,140.73,0.23,-9.66,260.58,-0.01,0,0,,,,1.856,0.239,2.2,,,,,
74.35,ACQUIRE,140.73,0.23,-9.66,260.75,-0.01,0,0,,,,1.903,0.245,1.7,,,,,
74.4,ACQUIRE,140.92,0.23,-9.66,260.93,-0.01,0,0,,,,1.856,0.239,2.4,,,,,
74.45,ACQUIRE,140.92,0.23,-9.66,261.1,-0.01,0,0,,,,1.903,0.245,1.7,,,,,
74.5,ACQUIRE,141.11,0.23,-9.66,261.28,-0.01,0,0,,,,1.857,0.239,2.4,,,,,
74.55,ACQUIRE,141.11,0.23,-9.66,261.45,-0.01,0,0,,,,1.904,0.245,1.7,,,,,
74.6,ACQUIRE,141.3,0.23,-9.66,261.63,-0.01,0,0,,,,1.857,0.239,2.4,,,,,
74.65,ACQUIRE,141.3,0.23,-9.66,261.8,-0.01,0,0,,,,1.904,0.245,1.7,,,,,
74.7,ACQUIRE,141.49,0.23,-9.66,261.98,-0.01,0,0,,,,1.857,0.24,2.3,,,,,
74.75,ACQUIRE,141.49,0.23,-9.66,262.15,-0.01,0,0,,,,1.904,0.246,1.6,,,,,
74.8,ACQUIRE,141.67,0.23,-9.66,262.33,-0.01,0,0,,,,1.857,0.24,2.3,,,,,
74.85,ACQUIRE,141.67,0.23,-9.66,262.5,-0.01,0,0,,,,1.904,0.246,1.7,,,,,
74.9,ACQUIRE,141.86,0.23,-9.66,262.68,-0.01,0,0,,,,1.857,0.24,2.2,,,,,
74.95,ACQUIRE,141.86,0.23,-9.66,262.86,-0.01,0,0,,,,1.904,0.246,1.7,,,,,
