{
  "backend": "hf",
  "n": 439,
  "parse_rate": 0.9840546697038725,
  "iou_gate_pass_rate": 0.7425968109339408,
  "mean_iou": 0.3882537810141702,
  "center_std": 229.2997303568318
}
