{
  "eval_history": [
    {
      "epoch": 1,
      "backend": "hf",
      "n": 200,
      "parse_rate": 0.62,
      "iou_gate_pass_rate": 0.4,
      "mean_iou": 0.48382679268449813,
      "center_std": 239.18850183960404
    },
    {
      "epoch": 2,
      "backend": "hf",
      "n": 200,
      "parse_rate": 0.835,
      "iou_gate_pass_rate": 0.56,
      "mean_iou": 0.5178879190180756,
      "center_std": 237.28378544226857
    },
    {
      "epoch": 3,
      "backend": "hf",
      "n": 200,
      "parse_rate": 0.91,
      "iou_gate_pass_rate": 0.605,
      "mean_iou": 0.5048984738238266,
      "center_std": 234.06670132351798
    }
  ],
  "final": {
    "epoch": 3,
    "backend": "hf",
    "n": 200,
    "parse_rate": 0.91,
    "iou_gate_pass_rate": 0.605,
    "mean_iou": 0.5048984738238266,
    "center_std": 234.06670132351798
  },
  "train_n": 4101,
  "val_n": 439,
  "epochs": 3,
  "effective_batch": 16
}
