{
  "backend": "hf",
  "n": 439,
  "parse_rate": 0.9954441913439636,
  "iou_gate_pass_rate": 0.785876993166287,
  "mean_iou": 0.5239837166680389,
  "center_std": 227.12090464405526
}
