{
  "backend": "hf",
  "n": 439,
  "parse_rate": 0.9954441913439636,
  "iou_gate_pass_rate": 0.826879271070615,
  "mean_iou": 0.6286860605811789,
  "center_std": 228.89564661683056
}
