{
  "backend": "hf",
  "n": 439,
  "parse_rate": 0.9954441913439636,
  "iou_gate_pass_rate": 0.6697038724373576,
  "mean_iou": 0.5546006050491471,
  "center_std": 229.80889631460457
}
