t_s,state,copter_n,copter_e,copter_d,rover_n,rover_e,in_fov,occluded,bbox_cx,bbox_cy,px_err,vx_cmd,vy_cmd
0.0,ACQUIRE,19.2,-0.01,-9.48,19.7,-0.01,1,0,,,,0.0,0.0
0.05,ACQUIRE,19.2,-0.01,-9.48,19.72,-0.01,1,0,,,,0.0,0.0
0.1,ACQUIRE,19.2,-0.01,-9.48,19.75,-0.01,1,0,,,,0.0,0.0
0.15,ACQUIRE,19.2,-0.01,-9.48,19.77,-0.01,1,0,,,,0.0,0.0
0.2,ACQUIRE,19.2,-0.01,-9.48,19.8,-0.01,1,0,,,,0.0,0.0
0.25,ACQUIRE,19.2,-0.01,-9.48,19.82,-0.01,1,0,,,,0.0,0.0
0.3,ACQUIRE,19.2,-0.01,-9.48,19.85,-0.01,1,0,,,,0.0,0.0
0.35,ACQUIRE,19.2,-0.01,-9.48,19.87,-0.01,1,0,,,,0.0,0.0
0.4,ACQUIRE,19.2,-0.01,-9.48,19.9,-0.01,1,0,,,,0.0,0.0
0.45,ACQUIRE,19.2,-0.01,-9.48,19.92,-0.01,1,0,,,,0.0,0.0
0.5,ACQUIRE,19.2,-0.01,-9.48,19.95,-0.01,1,0,,,,0.0,0.0
0.55,ACQUIRE,19.2,-0.01,-9.48,19.97,-0.01,1,0,,,,0.0,0.0
0.6,ACQUIRE,19.2,-0.01,-9.48,20.0,-0.01,1,0,,,,0.0,0.0
0.65,ACQUIRE,19.2,-0.01,-9.48,20.02,-0.01,1,0,,,,0.0,0.0
0.7,ACQUIRE,19.2,-0.01,-9.48,20.05,-0.01,1,0,,,,0.0,0.0
0.75,ACQUIRE,19.2,-0.01,-9.48,20.08,-0.01,1,0,,,,0.0,0.0
0.8,ACQUIRE,19.2,-0.01,-9.48,20.1,-0.01,1,0,,,,0.0,0.0
0.85,ACQUIRE,19.2,-0.01,-9.48,20.13,-0.01,1,0,,,,0.0,0.0
0.9,ACQUIRE,19.2,-0.01,-9.49,20.15,-0.01,1,0,,,,0.0,0.0
0.95,ACQUIRE,19.2,-0.01,-9.49,20.18,-0.01,1,0,,,,0.0,0.0
1.0,ACQUIRE,19.2,-0.01,-9.49,20.2,-0.01,1,0,,,,0.0,0.0
1.05,ACQUIRE,19.2,-0.01,-9.49,20.23,-0.01,1,0,,,,0.0,0.0
1.1,ACQUIRE,19.2,-0.01,-9.49,20.25,-0.01,1,0,,,,0.0,0.0
1.15,ACQUIRE,19.2,-0.01,-9.49,20.28,-0.01,1,0,,,,0.0,0.0
1.2,ACQUIRE,19.2,-0.01,-9.49,20.3,-0.01,1,0,,,,0.0,0.0
1.25,ACQUIRE,19.2,-0.01,-9.49,20.33,-0.01,1,0,,,,0.0,0.0
1.3,ACQUIRE,19.2,-0.01,-9.49,20.35,-0.01,1,0,,,,0.0,0.0
1.35,ACQUIRE,19.2,-0.01,-9.49,20.38,-0.01,1,0,,,,0.0,0.0
1.4,ACQUIRE,19.2,-0.01,-9.49,20.4,-0.01,1,0,,,,0.0,0.0
1.45,ACQUIRE,19.2,-0.01,-9.49,20.43,-0.01,1,0,,,,0.0,0.0
1.5,ACQUIRE,19.2,-0.01,-9.49,20.45,-0.01,1,0,,,,0.0,0.0
1.55,ACQUIRE,19.2,-0.01,-9.49,20.48,-0.01,1,0,,,,0.0,0.0
1.6,ACQUIRE,19.2,-0.01,-9.49,20.5,-0.01,1,0,,,,0.0,0.0
1.65,ACQUIRE,19.2,-0.01,-9.49,20.53,-0.01,1,0,,,,0.0,0.0
1.7,ACQUIRE,19.2,-0.01,-9.49,20.55,-0.01,1,0,,,,0.0,0.0
1.75,ACQUIRE,19.2,-0.01,-9.49,20.58,-0.01,1,0,,,,0.0,0.0
1.8,ACQUIRE,19.2,-0.01,-9.49,20.6,-0.01,1,0,,,,0.0,0.0
1.85,ACQUIRE,19.2,-0.01,-9.49,20.63,-0.01,1,0,,,,0.0,0.0
1.9,ACQUIRE,19.2,-0.01,-9.49,20.65,-0.01,1,0,,,,0.0,0.0
1.95,ACQUIRE,19.2,-0.01,-9.49,20.68,-0.01,1,0,,,,0.0,0.0
2.0,ACQUIRE,19.2,-0.01,-9.49,20.7,-0.01,1,0,,,,0.0,0.0
2.05,ACQUIRE,19.2,-0.01,-9.49,20.73,-0.01,1,0,,,,0.0,0.0
2.1,ACQUIRE,19.19,-0.01,-9.49,20.75,-0.01,1,0,,,,0.0,0.0
2.15,ACQUIRE,19.19,-0.01,-9.49,20.78,-0.01,1,0,,,,0.0,0.0
2.2,ACQUIRE,19.19,-0.01,-9.49,20.8,-0.01,1,0,,,,0.0,0.0
2.25,ACQUIRE,19.19,-0.01,-9.49,20.83,-0.01,1,0,,,,0.0,0.0
2.3,ACQUIRE,19.19,-0.01,-9.49,20.85,-0.01,1,0,,,,0.0,0.0
2.35,ACQUIRE,19.19,-0.01,-9.49,20.88,-0.01,1,0,,,,0.0,0.0
2.4,ACQUIRE,19.19,-0.01,-9.49,20.9,-0.01,1,0,,,,0.0,0.0
2.45,ACQUIRE,19.19,-0.01,-9.49,20.93,-0.01,1,0,,,,0.0,0.0
2.5,ACQUIRE,19.19,-0.01,-9.49,20.95,-0.01,1,0,,,,0.0,0.0
2.55,ACQUIRE,19.19,-0.01,-9.49,20.98,-0.01,1,0,,,,0.0,0.0
2.6,ACQUIRE,19.19,-0.01,-9.49,21.0,-0.01,1,0,,,,0.0,0.0
2.65,ACQUIRE,19.19,-0.01,-9.49,21.03,-0.01,1,0,,,,0.0,0.0
2.7,ACQUIRE,19.19,-0.01,-9.49,21.05,-0.01,1,0,,,,0.0,0.0
2.75,ACQUIRE,19.19,-0.01,-9.49,21.08,-0.01,1,0,,,,0.0,0.0
2.8,ACQUIRE,19.19,-0.01,-9.49,21.1,-0.01,1,0,,,,0.0,0.0
2.85,ACQUIRE,19.19,-0.01,-9.49,21.13,-0.01,1,0,,,,0.0,0.0
2.9,ACQUIRE,19.19,-0.01,-9.49,21.15,-0.01,1,0,,,,0.0,0.0
2.95,ACQUIRE,19.19,-0.01,-9.49,21.18,-0.01,1,0,,,,0.0,0.0
3.0,ACQUIRE,19.19,-0.01,-9.49,21.2,-0.01,1,0,,,,0.0,0.0
3.05,ACQUIRE,19.19,-0.01,-9.49,21.23,-0.01,1,0,,,,0.0,0.0
3.11,ACQUIRE,19.2,-0.01,-9.49,21.25,-0.01,1,0,,,,0.0,0.0
3.16,ACQUIRE,19.2,-0.01,-9.49,21.28,-0.01,1,0,,,,0.0,0.0
3.21,ACQUIRE,19.2,-0.01,-9.49,21.3,-0.01,1,0,,,,0.0,0.0
3.26,ACQUIRE,19.2,-0.01,-9.49,21.33,-0.01,1,0,,,,0.0,0.0
3.31,ACQUIRE,19.2,-0.01,-9.49,21.35,-0.01,1,0,,,,0.0,0.0
3.36,ACQUIRE,19.2,-0.01,-9.49,21.38,-0.01,1,0,,,,0.0,0.0
3.41,ACQUIRE,19.2,-0.01,-9.49,21.4,-0.01,1,0,,,,0.0,0.0
3.46,ACQUIRE,19.2,-0.01,-9.49,21.43,-0.01,1,0,,,,0.0,0.0
3.51,ACQUIRE,19.2,-0.01,-9.49,21.45,-0.01,1,0,,,,0.0,0.0
3.56,ACQUIRE,19.2,-0.01,-9.49,21.48,-0.01,1,0,,,,0.0,0.0
3.61,ACQUIRE,19.2,-0.01,-9.49,21.5,-0.01,1,0,,,,0.0,0.0
3.66,ACQUIRE,19.2,-0.01,-9.49,21.53,-0.01,1,0,,,,0.0,0.0
3.71,ACQUIRE,19.2,-0.01,-9.49,21.55,-0.01,1,0,,,,0.0,0.0
3.76,ACQUIRE,19.2,-0.01,-9.49,21.58,-0.01,1,0,,,,0.0,0.0
3.81,ACQUIRE,19.2,-0.01,-9.49,21.6,-0.01,1,0,,,,0.0,0.0
3.86,ACQUIRE,19.2,-0.01,-9.49,21.63,-0.01,1,0,,,,0.0,0.0
3.91,ACQUIRE,19.2,-0.01,-9.49,21.65,-0.01,1,0,,,,0.0,0.0
3.96,ACQUIRE,19.2,-0.01,-9.49,21.68,-0.01,1,0,,,,0.0,0.0
4.01,ACQUIRE,19.2,-0.01,-9.49,21.7,-0.01,1,0,,,,0.0,0.0
4.06,ACQUIRE,19.2,-0.01,-9.49,21.73,-0.01,1,0,,,,0.0,0.0
4.11,ACQUIRE,19.2,-0.02,-9.49,21.75,-0.01,1,0,,,,0.0,0.0
4.16,ACQUIRE,19.2,-0.02,-9.49,21.78,-0.01,1,0,,,,0.0,0.0
4.21,ACQUIRE,19.2,-0.02,-9.49,21.8,-0.01,1,0,,,,0.0,0.0
4.26,CARRY,19.2,-0.02,-9.49,21.83,-0.01,1,0,339.6,102.2,139.2,2.756,0.392
4.31,CARRY,19.2,-0.02,-9.49,21.85,-0.01,1,0,339.8,101.5,140.0,2.771,0.396
4.36,CARRY,19.2,-0.02,-9.49,21.88,-0.01,1,0,340.0,100.7,140.7,2.785,0.4
4.41,CARRY,19.2,-0.02,-9.49,21.9,-0.01,1,0,340.2,100.0,141.4,2.8,0.404
4.46,CARRY,19.2,-0.02,-9.49,21.93,-0.01,1,0,340.4,99.3,142.2,2.814,0.407
4.51,CARRY,19.2,-0.02,-9.49,21.95,-0.01,1,0,340.6,98.7,142.8,2.827,0.412
4.56,CARRY,19.2,-0.02,-9.49,21.98,-0.01,1,0,340.8,97.9,143.6,2.841,0.416
4.61,CARRY,19.21,-0.02,-9.49,22.0,-0.01,1,0,341.1,97.5,144.1,2.85,0.421
4.66,CARRY,19.21,-0.02,-9.49,22.03,-0.01,1,0,341.2,96.8,144.8,2.865,0.425
4.71,CARRY,19.23,-0.02,-9.48,22.05,-0.01,1,0,341.5,96.7,144.9,2.866,0.43
4.76,CARRY,19.23,-0.02,-9.48,22.08,-0.01,1,0,341.7,96.0,145.7,2.881,0.434
4.81,CARRY,19.27,-0.02,-9.48,22.1,-0.01,1,0,341.9,96.4,145.3,2.872,0.438
4.86,CARRY,19.27,-0.02,-9.48,22.13,-0.01,1,0,342.1,95.7,146.0,2.887,0.442
4.91,CARRY,19.33,-0.01,-9.48,22.15,-0.01,1,0,342.1,96.7,145.0,2.865,0.441
4.96,CARRY,19.33,-0.01,-9.48,22.18,-0.01,1,0,342.2,96.0,145.7,2.88,0.445
5.01,CARRY,19.42,-0.01,-9.48,22.2,-0.01,1,0,341.8,97.8,143.8,2.844,0.437
5.06,CARRY,19.42,-0.01,-9.48,22.23,-0.01,1,0,342.0,97.1,144.6,2.858,0.441
5.11,CARRY,19.53,-0.01,-9.48,22.25,-0.01,1,0,341.3,99.7,141.9,2.807,0.426
5.16,CARRY,19.53,-0.01,-9.48,22.28,-0.01,1,0,341.5,98.9,142.7,2.821,0.43
5.21,CARRY,19.67,-0.01,-9.48,22.3,-0.01,1,0,340.4,102.3,139.2,2.754,0.409
5.26,CARRY,19.67,-0.01,-9.48,22.33,-0.01,1,0,340.6,101.6,139.9,2.768,0.413
5.31,CARRY,19.84,-0.0,-9.48,22.35,-0.01,1,0,339.2,105.7,135.7,2.686,0.385
5.36,CARRY,19.84,-0.0,-9.48,22.38,-0.01,1,0,339.4,105.0,136.4,2.701,0.389
5.41,CARRY,20.03,-0.0,-9.48,22.4,-0.01,1,0,337.7,109.8,131.4,2.605,0.354
5.46,CARRY,20.03,-0.0,-9.48,22.43,-0.01,1,0,337.9,109.0,132.2,2.619,0.358
5.51,CARRY,20.24,0.0,-9.48,22.45,-0.01,1,0,336.1,114.4,126.7,2.513,0.322
5.56,CARRY,20.24,0.0,-9.48,22.48,-0.01,1,0,336.3,113.6,127.4,2.527,0.326
5.61,CARRY,20.47,0.01,-9.48,22.5,-0.01,1,0,334.4,121.8,119.1,2.364,0.289
5.66,CARRY,20.47,0.01,-9.48,22.53,-0.01,1,0,334.6,120.4,120.5,2.393,0.293
5.71,CARRY,20.69,0.01,-9.49,22.55,-0.01,1,0,332.9,132.1,108.7,2.158,0.258
5.76,CARRY,20.69,0.01,-9.49,22.58,-0.01,1,0,333.1,130.6,110.1,2.187,0.261
5.81,CARRY,20.93,0.01,-9.49,22.6,-0.01,1,0,331.3,142.8,97.8,1.943,0.226
5.86,CARRY,20.93,0.01,-9.49,22.63,-0.01,1,0,331.5,141.4,99.3,1.972,0.23
5.91,CARRY,21.17,0.02,-9.49,22.65,-0.01,1,0,329.8,153.6,86.9,1.728,0.196
5.96,CARRY,21.17,0.02,-9.49,22.68,-0.01,1,0,330.0,152.2,88.4,1.757,0.2
6.01,CARRY,21.4,0.02,-9.49,22.7,-0.01,1,0,328.4,164.2,76.3,1.516,0.167
6.06,CARRY,21.4,0.02,-9.49,22.73,-0.01,1,0,328.6,162.8,77.7,1.545,0.171
6.11,CARRY,21.63,0.02,-9.49,22.75,-0.01,1,0,327.0,174.4,66.0,1.312,0.141
6.16,CARRY,21.63,0.02,-9.49,22.78,-0.01,1,0,327.2,173.0,67.4,1.341,0.144
6.21,CARRY,21.84,0.02,-9.49,22.8,-0.01,1,0,325.8,184.0,56.3,1.119,0.116
6.26,CARRY,21.84,0.02,-9.49,22.83,-0.01,1,0,326.0,182.6,57.7,1.148,0.12
6.31,CARRY,22.05,0.02,-9.49,22.85,-0.01,1,0,324.7,193.0,47.3,0.941,0.094
6.36,CARRY,22.05,0.02,-9.49,22.88,-0.01,1,0,324.9,191.5,48.7,0.97,0.097
6.41,CARRY,22.23,0.02,-9.48,22.9,-0.01,1,0,323.7,201.0,39.2,0.78,0.074
6.46,CARRY,22.23,0.02,-9.48,22.93,-0.01,1,0,323.9,199.6,40.6,0.809,0.078
6.51,CARRY,22.41,0.02,-9.48,22.95,-0.01,1,0,322.8,208.5,31.7,0.631,0.056
6.56,CARRY,22.41,0.02,-9.48,22.98,-0.01,1,0,323.0,207.0,33.1,0.66,0.06
6.61,CARRY,22.57,0.01,-9.48,23.0,-0.01,1,0,322.1,214.7,25.4,0.506,0.041
6.66,CARRY,22.57,0.01,-9.48,23.03,-0.01,1,0,322.3,213.3,26.8,0.535,0.045
6.71,CARRY,22.71,0.01,-9.48,23.05,-0.01,1,0,321.5,220.1,20.0,0.399,0.029
6.76,CARRY,22.71,0.01,-9.48,23.08,-0.01,1,0,321.6,218.6,21.4,0.428,0.033
6.81,CARRY,22.84,0.01,-9.48,23.1,-0.01,1,0,321.0,224.5,15.5,0.31,0.02
6.86,CARRY,22.84,0.01,-9.48,23.13,-0.01,1,0,321.2,223.0,17.0,0.339,0.023
6.91,CARRY,22.95,0.01,-9.48,23.15,-0.01,1,0,320.6,228.1,11.9,0.239,0.012
6.96,CARRY,22.95,0.01,-9.48,23.18,-0.01,1,0,320.8,226.6,13.4,0.268,0.016
7.01,CARRY,23.05,0.01,-9.48,23.2,-0.01,1,0,320.3,230.8,9.2,0.184,0.007
7.06,CARRY,23.05,0.01,-9.48,23.23,-0.01,1,0,320.5,229.4,10.7,0.213,0.011
7.11,CARRY,23.13,0.01,-9.48,23.25,-0.01,1,0,320.2,232.8,7.2,0.143,0.004
7.16,CARRY,23.13,0.01,-9.48,23.28,-0.01,1,0,320.4,231.4,8.6,0.172,0.007
7.21,CARRY,23.21,0.01,-9.48,23.3,-0.01,1,0,320.1,234.2,5.8,0.116,0.002
7.26,CARRY,23.21,0.01,-9.48,23.33,-0.01,1,0,320.3,232.7,7.3,0.145,0.005
7.31,CARRY,23.27,0.0,-9.48,23.35,-0.01,1,0,320.1,235.0,5.0,0.101,0.001
7.36,CARRY,23.27,0.0,-9.48,23.38,-0.01,1,0,320.2,233.5,6.5,0.13,0.005
7.41,CARRY,23.32,0.0,-9.48,23.4,-0.01,1,0,320.1,235.2,4.8,0.095,0.002
7.46,CARRY,23.32,0.0,-9.48,23.43,-0.01,1,0,320.3,233.8,6.2,0.124,0.006
7.51,CARRY,23.37,0.0,-9.48,23.45,-0.01,1,0,320.2,235.1,4.9,0.099,0.003
7.56,CARRY,23.37,0.0,-9.48,23.48,-0.01,1,0,320.4,233.6,6.4,0.128,0.007
7.61,CARRY,23.41,0.0,-9.48,23.5,-0.01,1,0,320.3,234.5,5.5,0.109,0.006
7.66,CARRY,23.41,0.0,-9.48,23.53,-0.01,1,0,320.5,233.1,6.9,0.138,0.009
7.71,CARRY,23.45,0.0,-9.48,23.55,-0.01,1,0,320.4,233.7,6.3,0.125,0.009
7.76,CARRY,23.45,0.0,-9.48,23.58,-0.01,1,0,320.6,232.3,7.7,0.154,0.012
7.81,CARRY,23.48,-0.0,-9.48,23.6,-0.01,1,0,320.6,232.7,7.3,0.146,0.012
7.86,CARRY,23.48,-0.0,-9.48,23.63,-0.01,1,0,320.8,231.2,8.8,0.175,0.016
7.91,CARRY,23.51,-0.0,-9.48,23.65,-0.01,1,0,320.8,231.5,8.5,0.17,0.016
7.96,CARRY,23.51,-0.0,-9.48,23.68,-0.01,1,0,321.0,230.0,10.0,0.199,0.019
8.01,CARRY,23.54,-0.0,-9.48,23.7,-0.01,1,0,321.0,230.2,9.9,0.196,0.02
8.06,CARRY,23.54,-0.0,-9.48,23.73,-0.01,1,0,321.2,228.7,11.3,0.225,0.023
8.11,CARRY,23.56,-0.0,-9.48,23.75,-0.01,1,0,321.2,228.8,11.2,0.223,0.024
8.16,CARRY,23.56,-0.0,-9.48,23.78,-0.01,1,0,321.4,227.4,12.7,0.252,0.027
8.21,CARRY,23.59,-0.0,-9.48,23.8,-0.01,1,0,321.4,227.4,12.6,0.251,0.028
8.26,CARRY,23.59,-0.0,-9.48,23.83,-0.01,1,0,321.6,226.0,14.1,0.28,0.031
8.31,CARRY,23.61,-0.0,-9.48,23.86,-0.01,1,0,321.6,226.1,14.0,0.279,0.032
8.36,CARRY,23.61,-0.0,-9.48,23.88,-0.01,1,0,321.8,224.6,15.5,0.308,0.035
8.41,CARRY,23.64,-0.0,-9.48,23.91,-0.01,1,0,321.8,224.7,15.4,0.306,0.035
8.46,CARRY,23.64,-0.0,-9.48,23.93,-0.01,1,0,322.0,223.3,16.9,0.335,0.039
8.51,CARRY,23.67,-0.0,-9.48,23.96,-0.01,1,0,322.0,223.4,16.7,0.332,0.039
8.56,CARRY,23.67,-0.0,-9.48,23.98,-0.01,1,0,322.1,222.0,18.2,0.361,0.043
8.61,CARRY,23.7,-0.0,-9.48,24.01,-0.01,1,0,322.1,222.2,17.9,0.355,0.042
8.66,CARRY,23.7,-0.0,-9.48,24.03,-0.01,1,0,322.3,220.8,19.4,0.384,0.046
8.71,CARRY,23.73,-0.0,-9.48,24.06,-0.01,1,0,322.3,221.1,19.0,0.378,0.046
8.76,CARRY,23.73,-0.0,-9.48,24.08,-0.01,1,0,322.5,219.6,20.5,0.407,0.049
8.81,CARRY,23.76,-0.0,-9.48,24.11,-0.01,1,0,322.4,220.1,20.1,0.399,0.049
8.86,CARRY,23.76,-0.0,-9.48,24.13,-0.01,1,0,322.6,218.6,21.6,0.428,0.053
8.91,CARRY,23.8,-0.0,-9.48,24.16,-0.01,1,0,322.6,219.1,21.1,0.418,0.052
8.96,CARRY,23.8,-0.0,-9.48,24.18,-0.01,1,0,322.8,217.6,22.5,0.447,0.055
9.01,CARRY,23.83,-0.0,-9.49,24.21,-0.01,1,0,322.7,218.2,21.9,0.435,0.054
9.06,CARRY,23.83,-0.0,-9.49,24.23,-0.01,1,0,322.9,216.8,23.4,0.464,0.058
9.11,CARRY,23.87,-0.0,-9.49,24.26,-0.01,1,0,322.8,217.5,22.7,0.451,0.057
9.16,CARRY,23.87,-0.0,-9.49,24.28,-0.01,1,0,323.0,216.0,24.2,0.48,0.06
9.21,CARRY,23.91,-0.01,-9.49,24.31,-0.01,1,0,322.9,216.8,23.4,0.464,0.059
9.26,CARRY,23.91,-0.01,-9.49,24.33,-0.01,1,0,323.1,215.3,24.9,0.493,0.062
9.31,CARRY,23.95,-0.01,-9.49,24.36,-0.01,1,0,323.0,216.2,24.0,0.476,0.061
9.36,CARRY,23.95,-0.01,-9.49,24.38,-0.01,1,0,323.2,214.7,25.5,0.505,0.064
9.41,CARRY,23.99,-0.01,-9.49,24.41,-0.01,1,0,323.1,215.7,24.5,0.487,0.063
9.46,CARRY,23.99,-0.01,-9.49,24.43,-0.01,1,0,323.3,214.2,26.0,0.516,0.066
9.51,CARRY,24.03,-0.01,-9.49,24.46,-0.01,1,0,323.2,215.2,25.0,0.496,0.065
9.56,CARRY,24.03,-0.01,-9.49,24.48,-0.01,1,0,323.4,213.8,26.5,0.525,0.068
9.61,CARRY,24.07,-0.01,-9.49,24.51,-0.01,1,0,323.3,214.8,25.4,0.503,0.066
9.66,CARRY,24.07,-0.01,-9.49,24.53,-0.01,1,0,323.5,213.4,26.9,0.532,0.07
9.71,CARRY,24.12,-0.01,-9.49,24.56,-0.01,1,0,323.4,214.5,25.7,0.51,0.068
9.76,CARRY,24.12,-0.01,-9.49,24.58,-0.01,1,0,323.6,213.1,27.2,0.539,0.072
9.81,CARRY,24.16,-0.01,-9.49,24.61,-0.01,1,0,323.5,214.2,26.0,0.516,0.069
9.86,CARRY,24.16,-0.01,-9.49,24.63,-0.01,1,0,323.7,212.7,27.5,0.545,0.073
9.91,CARRY,24.21,-0.01,-9.49,24.66,-0.01,1,0,323.5,214.0,26.2,0.52,0.071
9.96,CARRY,24.21,-0.01,-9.49,24.68,-0.01,1,0,323.7,212.6,27.7,0.549,0.075
10.01,CARRY,24.26,-0.01,-9.49,24.71,-0.01,1,0,323.6,213.9,26.4,0.522,0.072
10.06,CARRY,24.26,-0.01,-9.49,24.73,-0.01,1,0,323.8,212.4,27.8,0.551,0.076
10.11,CARRY,24.3,-0.01,-9.49,24.76,-0.01,1,0,323.7,213.8,26.5,0.524,0.073
10.16,CARRY,24.3,-0.01,-9.49,24.78,-0.01,1,0,323.8,212.3,27.9,0.553,0.077
10.21,CARRY,24.35,-0.01,-9.49,24.81,-0.01,1,0,323.7,213.7,26.6,0.526,0.074
10.26,CARRY,24.35,-0.01,-9.49,24.83,-0.01,1,0,323.9,212.3,28.0,0.555,0.078
10.31,CARRY,24.4,-0.01,-9.49,24.86,-0.01,1,0,323.7,213.7,26.6,0.527,0.075
10.36,CARRY,24.4,-0.01,-9.49,24.88,-0.01,1,0,323.9,212.2,28.1,0.556,0.079
10.41,CARRY,24.45,-0.01,-9.49,24.91,-0.01,1,0,323.8,213.6,26.6,0.528,0.075
10.46,CARRY,24.45,-0.01,-9.49,24.93,-0.01,1,0,324.0,212.2,28.1,0.557,0.079
10.51,CARRY,24.5,-0.01,-9.49,24.96,-0.01,1,0,323.8,213.6,26.7,0.528,0.076
10.56,CARRY,24.5,-0.01,-9.49,24.98,-0.01,1,0,324.0,212.2,28.1,0.557,0.079
10.61,CARRY,24.55,-0.01,-9.49,25.01,-0.01,1,0,323.8,213.6,26.6,0.527,0.076
10.66,CARRY,24.55,-0.01,-9.49,25.03,-0.01,1,0,324.0,212.2,28.1,0.556,0.079
10.71,CARRY,24.6,-0.01,-9.49,25.06,-0.01,1,0,323.8,213.7,26.5,0.525,0.075
10.77,CARRY,24.6,-0.01,-9.49,25.08,-0.01,1,0,323.9,212.3,28.0,0.554,0.079
10.82,CARRY,24.65,-0.01,-9.49,25.11,-0.01,1,0,323.7,213.8,26.5,0.524,0.075
10.87,CARRY,24.65,-0.01,-9.49,25.13,-0.01,1,0,323.9,212.3,27.9,0.553,0.079
10.92,CARRY,24.71,-0.01,-9.49,25.16,-0.01,1,0,323.7,213.8,26.4,0.523,0.074
10.97,CARRY,24.71,-0.01,-9.49,25.18,-0.01,1,0,323.9,212.4,27.9,0.552,0.078
11.02,CARRY,24.76,-0.01,-9.49,25.21,-0.01,1,0,323.7,213.9,26.3,0.522,0.074
11.07,CARRY,24.76,-0.01,-9.49,25.23,-0.01,1,0,323.9,212.5,27.8,0.551,0.077
11.12,CARRY,24.81,-0.01,-9.49,25.26,-0.01,1,0,323.6,214.0,26.2,0.52,0.073
11.17,CARRY,24.81,-0.01,-9.49,25.28,-0.01,1,0,323.8,212.6,27.7,0.549,0.077
11.22,CARRY,24.86,-0.01,-9.49,25.31,-0.01,1,0,323.6,214.1,26.1,0.518,0.072
11.27,CARRY,24.86,-0.01,-9.49,25.33,-0.01,1,0,323.8,212.7,27.6,0.547,0.076
11.32,CARRY,24.91,-0.01,-9.49,25.36,-0.01,1,0,323.6,214.2,26.0,0.516,0.071
11.37,CARRY,24.91,-0.01,-9.49,25.38,-0.01,1,0,323.7,212.8,27.5,0.545,0.075
11.42,CARRY,24.96,-0.01,-9.49,25.41,-0.01,1,0,323.5,214.3,25.9,0.513,0.07
11.47,CARRY,24.96,-0.01,-9.49,25.43,-0.01,1,0,323.7,212.9,27.4,0.542,0.074
11.52,CARRY,25.02,-0.01,-9.49,25.46,-0.01,1,0,323.5,214.5,25.8,0.511,0.069
11.57,CARRY,25.02,-0.01,-9.49,25.48,-0.01,1,0,323.6,213.0,27.2,0.54,0.073
11.62,CARRY,25.07,-0.01,-9.49,25.51,-0.01,1,0,323.4,214.6,25.7,0.508,0.068
11.67,CARRY,25.07,-0.01,-9.49,25.53,-0.01,1,0,323.6,213.1,27.1,0.537,0.072
11.72,CARRY,25.12,-0.01,-9.49,25.56,-0.01,1,0,323.4,214.7,25.5,0.506,0.067
11.77,CARRY,25.12,-0.01,-9.49,25.58,-0.01,1,0,323.6,213.2,27.0,0.535,0.071
11.82,CARRY,25.17,-0.01,-9.49,25.61,-0.01,1,0,323.3,214.8,25.4,0.504,0.067
11.87,CARRY,25.17,-0.01,-9.49,25.63,-0.01,1,0,323.5,213.4,26.9,0.533,0.07
11.92,CARRY,25.22,-0.01,-9.49,25.66,-0.01,1,0,323.3,214.9,25.3,0.503,0.066
11.97,CARRY,25.22,-0.01,-9.49,25.68,-0.01,1,0,323.5,213.4,26.8,0.532,0.07
12.02,CARRY,25.28,-0.01,-9.49,25.71,-0.01,1,0,323.3,215.0,25.2,0.5,0.065
12.07,CARRY,25.28,-0.01,-9.49,25.73,-0.01,1,0,323.5,213.5,26.7,0.529,0.069
12.12,CARRY,25.33,-0.01,-9.49,25.76,-0.01,1,0,323.2,215.1,25.1,0.498,0.065
12.17,CARRY,25.33,-0.01,-9.49,25.78,-0.01,1,0,323.4,213.6,26.6,0.527,0.068
12.22,CARRY,25.38,-0.01,-9.49,25.81,-0.01,1,0,323.2,215.2,25.0,0.496,0.064
12.27,CARRY,25.38,-0.01,-9.49,25.83,-0.01,1,0,323.4,213.8,26.5,0.525,0.068
12.32,CARRY,25.43,-0.01,-9.48,25.86,-0.01,1,0,323.2,215.3,24.9,0.493,0.064
12.37,CARRY,25.43,-0.01,-9.48,25.88,-0.01,1,0,323.4,213.9,26.3,0.522,0.067
12.42,CARRY,25.48,-0.01,-9.48,25.91,-0.01,1,0,323.2,215.4,24.8,0.491,0.063
12.47,CARRY,25.48,-0.01,-9.48,25.93,-0.01,1,0,323.3,214.0,26.2,0.52,0.067
12.52,CARRY,25.54,-0.01,-9.48,25.96,-0.01,1,0,323.1,215.5,24.7,0.489,0.063
12.57,CARRY,25.54,-0.01,-9.48,25.98,-0.01,1,0,323.3,214.1,26.1,0.518,0.066
12.62,CARRY,25.59,-0.01,-9.48,26.01,-0.01,1,0,323.1,215.6,24.6,0.487,0.062
12.67,CARRY,25.59,-0.01,-9.48,26.03,-0.01,1,0,323.3,214.2,26.0,0.516,0.066
12.72,CARRY,25.64,-0.01,-9.48,26.06,-0.01,1,0,323.1,215.7,24.5,0.485,0.062
12.77,CARRY,25.64,-0.01,-9.48,26.08,-0.01,1,0,323.3,214.3,25.9,0.514,0.066
12.82,CARRY,25.69,-0.01,-9.48,26.11,-0.01,1,0,323.1,215.9,24.3,0.482,0.062
12.87,CARRY,25.69,-0.01,-9.48,26.13,-0.01,1,0,323.3,214.4,25.8,0.511,0.065
12.92,CARRY,25.74,-0.01,-9.48,26.16,-0.01,1,0,323.1,216.0,24.2,0.481,0.061
12.97,CARRY,25.74,-0.01,-9.48,26.18,-0.01,1,0,323.3,214.5,25.7,0.51,0.065
13.02,CARRY,25.79,-0.01,-9.48,26.21,-0.01,1,0,323.1,216.0,24.2,0.479,0.061
13.07,CARRY,25.79,-0.01,-9.48,26.23,-0.01,1,0,323.2,214.6,25.6,0.509,0.065
13.12,CARRY,25.85,-0.01,-9.48,26.26,-0.01,1,0,323.1,216.1,24.1,0.478,0.061
13.17,CARRY,25.85,-0.01,-9.48,26.28,-0.01,1,0,323.2,214.6,25.6,0.507,0.065
13.22,CARRY,25.9,-0.01,-9.48,26.31,-0.01,1,0,323.0,216.1,24.1,0.477,0.061
13.27,CARRY,25.9,-0.01,-9.48,26.33,-0.01,1,0,323.2,214.7,25.5,0.506,0.065
13.32,CARRY,25.95,-0.01,-9.48,26.36,-0.01,1,0,323.0,216.2,24.0,0.476,0.061
13.37,CARRY,25.95,-0.01,-9.48,26.38,-0.01,1,0,323.2,214.7,25.5,0.505,0.064
13.42,CARRY,26.0,-0.01,-9.48,26.41,-0.01,1,0,323.0,216.2,23.9,0.475,0.061
13.47,CARRY,26.0,-0.01,-9.48,26.43,-0.01,1,0,323.2,214.8,25.4,0.504,0.064
13.52,CARRY,26.05,-0.01,-9.48,26.46,-0.01,1,0,323.0,216.3,23.9,0.474,0.06
13.57,CARRY,26.05,-0.01,-9.48,26.48,-0.01,1,0,323.2,214.8,25.4,0.503,0.064
13.62,CARRY,26.1,-0.01,-9.48,26.51,-0.01,1,0,323.0,216.3,23.9,0.474,0.06
13.67,CARRY,26.1,-0.01,-9.48,26.53,-0.01,1,0,323.2,214.9,25.3,0.503,0.064
13.72,CARRY,26.15,-0.01,-9.48,26.56,-0.01,1,0,323.0,216.4,23.8,0.473,0.06
13.77,CARRY,26.15,-0.01,-9.48,26.58,-0.01,1,0,323.2,214.9,25.3,0.502,0.064
13.82,CARRY,26.2,-0.01,-9.48,26.61,-0.01,1,0,323.0,216.4,23.8,0.473,0.06
13.87,CARRY,26.2,-0.01,-9.48,26.63,-0.01,1,0,323.2,214.9,25.3,0.502,0.064
13.92,CARRY,26.25,-0.01,-9.48,26.66,-0.01,1,0,323.0,216.4,23.8,0.472,0.06
13.97,CARRY,26.25,-0.01,-9.48,26.68,-0.01,1,0,323.2,214.9,25.3,0.501,0.063
14.02,CARRY,26.3,-0.01,-9.48,26.71,-0.01,1,0,323.0,216.3,23.9,0.473,0.06
14.07,CARRY,26.3,-0.01,-9.48,26.73,-0.01,1,0,323.2,214.9,25.3,0.502,0.063
14.12,CARRY,26.35,-0.0,-9.48,26.76,-0.01,1,0,323.0,216.3,23.9,0.474,0.06
14.17,CARRY,26.35,-0.0,-9.48,26.78,-0.01,1,0,323.2,214.9,25.3,0.503,0.063
14.22,CARRY,26.4,-0.0,-9.48,26.81,-0.01,1,0,323.0,216.3,23.9,0.474,0.06
14.27,CARRY,26.4,-0.0,-9.48,26.83,-0.01,1,0,323.2,214.9,25.3,0.503,0.063
14.32,CARRY,26.45,-0.0,-9.48,26.86,-0.01,1,0,323.0,216.3,23.9,0.474,0.06
14.37,CARRY,26.45,-0.0,-9.48,26.88,-0.01,1,0,323.2,214.8,25.4,0.503,0.063
14.42,CARRY,26.5,-0.0,-9.48,26.91,-0.01,1,0,323.0,216.3,23.9,0.475,0.06
14.47,CARRY,26.5,-0.0,-9.48,26.93,-0.01,1,0,323.2,214.8,25.4,0.504,0.063
14.52,CARRY,26.55,-0.0,-9.48,26.96,-0.01,1,0,323.0,216.2,24.0,0.476,0.06
14.57,CARRY,26.55,-0.0,-9.48,26.98,-0.01,1,0,323.2,214.8,25.4,0.505,0.063
14.62,CARRY,26.6,-0.0,-9.48,27.01,-0.01,1,0,323.0,216.2,24.0,0.477,0.06
14.67,CARRY,26.6,-0.0,-9.48,27.03,-0.01,1,0,323.2,214.7,25.5,0.506,0.063
14.72,CARRY,26.65,-0.0,-9.48,27.06,-0.01,1,0,323.0,216.1,24.1,0.478,0.06
14.77,CARRY,26.65,-0.0,-9.48,27.08,-0.01,1,0,323.2,214.7,25.5,0.507,0.064
14.82,CARRY,26.7,-0.0,-9.48,27.11,-0.01,1,0,323.0,216.0,24.1,0.479,0.06
14.87,CARRY,26.7,-0.0,-9.48,27.13,-0.01,1,0,323.2,214.6,25.6,0.508,0.064
14.92,CARRY,26.75,-0.0,-9.48,27.16,-0.01,1,0,323.0,216.0,24.1,0.479,0.06
14.97,CARRY,26.75,-0.0,-9.48,27.18,-0.01,1,0,323.2,214.6,25.6,0.508,0.064
15.02,CARRY,26.8,-0.0,-9.49,27.21,-0.01,1,0,323.0,216.0,24.2,0.48,0.06
15.07,CARRY,26.8,-0.0,-9.49,27.23,-0.01,1,0,323.2,214.5,25.7,0.509,0.064
15.12,CARRY,26.84,-0.0,-9.49,27.26,-0.01,1,0,323.0,215.9,24.2,0.481,0.06
15.17,CARRY,26.84,-0.0,-9.49,27.28,-0.01,1,0,323.2,214.5,25.7,0.51,0.064
15.22,CARRY,26.89,-0.0,-9.49,27.31,-0.01,1,0,323.0,215.9,24.3,0.482,0.06
15.27,CARRY,26.89,-0.0,-9.49,27.33,-0.01,1,0,323.2,214.4,25.8,0.511,0.064
15.32,CARRY,26.94,-0.0,-9.49,27.36,-0.01,1,0,323.0,215.9,24.3,0.483,0.061
15.37,CARRY,26.94,-0.0,-9.49,27.38,-0.01,1,0,323.2,214.4,25.8,0.512,0.064
15.42,CARRY,26.99,-0.0,-9.49,27.41,-0.01,1,0,323.0,215.8,24.4,0.483,0.061
15.47,CARRY,26.99,-0.0,-9.49,27.44,-0.01,1,0,323.2,214.4,25.8,0.512,0.064
15.52,CARRY,27.04,-0.0,-9.49,27.46,-0.01,1,0,323.0,215.8,24.4,0.484,0.061
15.57,CARRY,27.04,-0.0,-9.49,27.49,-0.01,1,0,323.2,214.4,25.8,0.513,0.065
15.62,CARRY,27.09,-0.0,-9.49,27.51,-0.01,1,0,323.1,215.8,24.4,0.484,0.061
15.67,CARRY,27.09,-0.0,-9.49,27.54,-0.01,1,0,323.2,214.4,25.9,0.513,0.065
15.72,CARRY,27.14,-0.01,-9.49,27.56,-0.01,1,0,323.1,215.8,24.4,0.484,0.061
15.77,CARRY,27.14,-0.01,-9.49,27.59,-0.01,1,0,323.2,214.4,25.9,0.513,0.065
15.82,CARRY,27.19,-0.01,-9.49,27.61,-0.01,1,0,323.1,215.8,24.4,0.484,0.061
15.87,CARRY,27.19,-0.01,-9.49,27.64,-0.01,1,0,323.2,214.3,25.9,0.513,0.065
15.92,CARRY,27.24,-0.01,-9.49,27.66,-0.01,1,0,323.1,215.8,24.4,0.484,0.061
15.97,CARRY,27.24,-0.01,-9.49,27.69,-0.01,1,0,323.3,214.4,25.9,0.513,0.065
16.02,CARRY,27.29,-0.01,-9.49,27.71,-0.01,1,0,323.1,215.8,24.4,0.484,0.061
16.07,CARRY,27.29,-0.01,-9.49,27.74,-0.01,1,0,323.3,214.4,25.8,0.513,0.065
16.12,CARRY,27.34,-0.01,-9.49,27.76,-0.01,1,0,323.1,215.8,24.4,0.485,0.061
16.17,CARRY,27.34,-0.01,-9.49,27.79,-0.01,1,0,323.3,214.3,25.9,0.514,0.065
16.22,CARRY,27.39,-0.01,-9.49,27.81,-0.01,1,0,323.1,215.8,24.4,0.484,0.061
16.27,CARRY,27.39,-0.01,-9.49,27.84,-0.01,1,0,323.3,214.3,25.9,0.513,0.065
16.32,CARRY,27.44,-0.01,-9.49,27.86,-0.01,1,0,323.1,215.8,24.4,0.484,0.061
16.37,CARRY,27.44,-0.01,-9.49,27.89,-0.01,1,0,323.3,214.3,25.9,0.513,0.065
16.42,CARRY,27.49,-0.01,-9.49,27.91,-0.01,1,0,323.1,215.8,24.4,0.484,0.061
16.47,CARRY,27.49,-0.01,-9.49,27.94,-0.01,1,0,323.2,214.4,25.8,0.513,0.065
16.52,CARRY,27.54,-0.01,-9.49,27.96,-0.01,1,0,323.1,215.8,24.4,0.484,0.061
16.57,CARRY,27.54,-0.01,-9.49,27.99,-0.01,1,0,323.2,214.4,25.8,0.513,0.065
16.62,CARRY,27.59,-0.01,-9.49,28.01,-0.01,1,0,323.1,215.8,24.4,0.483,0.061
16.67,CARRY,27.59,-0.01,-9.49,28.04,-0.01,1,0,323.2,214.4,25.8,0.512,0.065
16.72,CARRY,27.64,-0.01,-9.49,28.06,-0.01,1,0,323.1,215.8,24.4,0.483,0.061
16.77,CARRY,27.64,-0.01,-9.49,28.09,-0.01,1,0,323.2,214.4,25.8,0.512,0.065
16.82,CARRY,27.69,-0.01,-9.49,28.11,-0.01,1,0,323.1,215.8,24.3,0.483,0.061
16.87,CARRY,27.69,-0.01,-9.49,28.14,-0.01,1,0,323.2,214.4,25.8,0.512,0.065
16.92,CARRY,27.74,-0.01,-9.49,28.16,-0.01,1,0,323.1,215.9,24.3,0.483,0.061
16.97,CARRY,27.74,-0.01,-9.49,28.19,-0.01,1,0,323.2,214.4,25.8,0.512,0.065
17.02,CARRY,27.8,-0.01,-9.49,28.21,-0.01,1,0,323.0,215.9,24.3,0.481,0.061
17.07,CARRY,27.8,-0.01,-9.49,28.24,-0.01,1,0,323.2,214.5,25.7,0.51,0.065
17.12,CARRY,27.85,-0.01,-9.49,28.26,-0.01,1,0,323.1,215.9,24.2,0.481,0.061
17.17,CARRY,27.85,-0.01,-9.49,28.29,-0.01,1,0,323.2,214.5,25.7,0.51,0.065
17.22,CARRY,27.9,-0.01,-9.49,28.31,-0.01,1,0,323.1,215.9,24.3,0.481,0.061
17.27,CARRY,27.9,-0.01,-9.49,28.34,-0.01,1,0,323.2,214.5,25.7,0.51,0.065
17.32,CARRY,27.95,-0.01,-9.49,28.36,-0.01,1,0,323.1,215.9,24.3,0.482,0.061
17.37,CARRY,27.95,-0.01,-9.49,28.39,-0.01,1,0,323.2,214.5,25.7,0.511,0.065
17.42,CARRY,28.0,-0.01,-9.49,28.41,-0.01,1,0,323.1,215.9,24.3,0.482,0.061
17.47,CARRY,28.0,-0.01,-9.49,28.44,-0.01,1,0,323.2,214.4,25.8,0.511,0.065
17.52,CARRY,28.04,-0.01,-9.49,28.46,-0.01,1,0,323.1,215.9,24.3,0.483,0.061
17.57,CARRY,28.04,-0.01,-9.49,28.49,-0.01,1,0,323.3,214.4,25.8,0.512,0.065
17.62,CARRY,28.09,-0.01,-9.49,28.51,-0.01,1,0,323.1,215.8,24.4,0.484,0.061
17.67,CARRY,28.09,-0.01,-9.49,28.54,-0.01,1,0,323.3,214.4,25.8,0.513,0.065
17.72,CARRY,28.14,-0.01,-9.49,28.56,-0.01,1,0,323.1,215.8,24.4,0.484,0.062
17.77,CARRY,28.14,-0.01,-9.49,28.59,-0.01,1,0,323.3,214.3,25.9,0.513,0.065
17.82,CARRY,28.19,-0.01,-9.49,28.61,-0.01,1,0,323.1,215.8,24.4,0.485,0.062
17.87,CARRY,28.19,-0.01,-9.49,28.64,-0.01,1,0,323.3,214.3,25.9,0.514,0.065
17.92,CARRY,28.24,-0.01,-9.49,28.66,-0.01,1,0,323.1,215.7,24.5,0.485,0.062
17.97,CARRY,28.24,-0.01,-9.49,28.69,-0.01,1,0,323.3,214.3,25.9,0.514,0.065
18.02,CARRY,28.29,-0.01,-9.49,28.71,-0.01,1,0,323.1,215.7,24.5,0.486,0.062
18.07,CARRY,28.29,-0.01,-9.49,28.74,-0.01,1,0,323.3,214.3,26.0,0.515,0.065
18.12,CARRY,28.34,-0.01,-9.49,28.76,-0.01,1,0,323.1,215.7,24.5,0.486,0.062
18.17,CARRY,28.34,-0.01,-9.49,28.79,-0.01,1,0,323.3,214.2,26.0,0.515,0.066
18.22,CARRY,28.39,-0.01,-9.49,28.81,-0.01,1,0,323.1,215.6,24.6,0.487,0.062
18.27,CARRY,28.39,-0.01,-9.49,28.84,-0.01,1,0,323.3,214.2,26.0,0.517,0.066
18.32,CARRY,28.44,-0.01,-9.49,28.86,-0.01,1,0,323.1,215.6,24.6,0.488,0.062
18.37,CARRY,28.44,-0.01,-9.49,28.89,-0.01,1,0,323.3,214.2,26.0,0.517,0.066
18.42,CARRY,28.49,-0.01,-9.49,28.91,-0.01,1,0,323.1,215.6,24.6,0.487,0.062
18.47,CARRY,28.49,-0.01,-9.49,28.94,-0.01,1,0,323.3,214.2,26.0,0.516,0.066
18.52,CARRY,28.54,-0.01,-9.49,28.96,-0.01,1,0,323.1,215.6,24.6,0.487,0.062
18.57,CARRY,28.54,-0.01,-9.49,28.99,-0.01,1,0,323.3,214.2,26.0,0.516,0.066
18.62,CARRY,28.59,-0.01,-9.49,29.01,-0.01,1,0,323.1,215.7,24.5,0.487,0.062
18.68,CARRY,28.59,-0.01,-9.49,29.04,-0.01,1,0,323.3,214.2,26.0,0.516,0.066
18.73,CARRY,28.64,-0.01,-9.49,29.06,-0.01,1,0,323.1,215.7,24.5,0.486,0.062
18.78,CARRY,28.64,-0.01,-9.49,29.09,-0.01,1,0,323.3,214.2,26.0,0.515,0.066
18.83,CARRY,28.69,-0.01,-9.48,29.11,-0.01,1,0,323.1,215.7,24.5,0.486,0.062
18.88,CARRY,28.69,-0.01,-9.48,29.14,-0.01,1,0,323.3,214.3,26.0,0.515,0.066
18.93,CARRY,28.74,-0.01,-9.48,29.16,-0.01,1,0,323.1,215.7,24.5,0.485,0.062
18.98,CARRY,28.74,-0.01,-9.48,29.19,-0.01,1,0,323.3,214.3,25.9,0.514,0.066
19.03,CARRY,28.8,-0.01,-9.48,29.21,-0.01,1,0,323.1,215.9,24.3,0.483,0.062
19.08,CARRY,28.8,-0.01,-9.48,29.24,-0.01,1,0,323.3,214.4,25.8,0.512,0.066
19.13,CARRY,28.85,-0.01,-9.48,29.26,-0.01,1,0,323.1,215.9,24.3,0.481,0.062
19.18,CARRY,28.85,-0.01,-9.48,29.29,-0.01,1,0,323.3,214.5,25.7,0.511,0.066
19.23,CARRY,28.9,-0.01,-9.48,29.31,-0.01,1,0,323.1,216.0,24.2,0.481,0.062
19.28,CARRY,28.9,-0.01,-9.48,29.34,-0.01,1,0,323.3,214.5,25.7,0.51,0.065
19.33,CARRY,28.95,-0.01,-9.48,29.36,-0.01,1,0,323.1,216.0,24.2,0.479,0.061
19.38,CARRY,28.95,-0.01,-9.48,29.39,-0.01,1,0,323.3,214.6,25.6,0.509,0.065
19.43,CARRY,29.0,-0.01,-9.48,29.41,-0.01,1,0,323.0,216.1,24.1,0.479,0.061
19.48,CARRY,29.0,-0.01,-9.48,29.44,-0.01,1,0,323.2,214.6,25.6,0.508,0.065
19.53,CARRY,29.05,-0.01,-9.48,29.46,-0.01,1,0,323.0,216.1,24.1,0.478,0.06
19.58,CARRY,29.05,-0.01,-9.48,29.49,-0.01,1,0,323.2,214.6,25.6,0.507,0.064
19.63,CARRY,29.1,-0.0,-9.48,29.51,-0.01,1,0,323.0,216.1,24.1,0.478,0.06
19.68,CARRY,29.1,-0.0,-9.48,29.54,-0.01,1,0,323.2,214.6,25.6,0.507,0.063
19.73,CARRY,29.15,-0.0,-9.48,29.56,-0.01,1,0,323.0,216.1,24.1,0.478,0.059
19.78,CARRY,29.15,-0.0,-9.48,29.59,-0.01,1,0,323.1,214.7,25.5,0.507,0.063
19.83,CARRY,29.2,-0.0,-9.48,29.61,-0.01,1,0,322.9,216.1,24.0,0.477,0.059
19.88,CARRY,29.2,-0.0,-9.48,29.64,-0.01,1,0,323.1,214.7,25.5,0.506,0.062
19.93,CARRY,29.25,-0.0,-9.48,29.66,-0.01,1,0,322.9,216.1,24.0,0.477,0.058
19.98,CARRY,29.25,-0.0,-9.48,29.69,-0.01,1,0,323.1,214.7,25.5,0.506,0.062
20.03,CARRY,29.3,-0.0,-9.48,29.71,-0.01,1,0,322.9,216.1,24.0,0.477,0.058
20.08,CARRY,29.3,-0.0,-9.48,29.74,-0.01,1,0,323.1,214.7,25.5,0.506,0.062
20.13,CARRY,29.35,-0.0,-9.48,29.76,-0.01,1,0,322.9,216.1,24.0,0.477,0.058
20.18,CARRY,29.35,-0.0,-9.48,29.79,-0.01,1,0,323.1,214.7,25.5,0.506,0.061
20.23,CARRY,29.4,-0.0,-9.48,29.81,-0.01,1,0,322.9,216.1,24.1,0.479,0.058
20.28,CARRY,29.4,-0.0,-9.48,29.84,-0.01,1,0,323.1,214.6,25.6,0.508,0.061
20.33,CARRY,29.45,-0.0,-9.48,29.86,-0.01,1,0,322.9,216.1,24.1,0.479,0.058
20.38,CARRY,29.45,-0.0,-9.48,29.89,-0.01,1,0,323.1,214.6,25.6,0.508,0.061
20.43,CARRY,29.5,-0.0,-9.48,29.91,-0.01,1,0,322.9,216.0,24.1,0.479,0.058
20.48,CARRY,29.5,-0.0,-9.48,29.94,-0.01,1,0,323.1,214.6,25.6,0.508,0.062
20.53,CARRY,29.55,-0.0,-9.48,29.96,-0.01,1,0,322.9,216.0,24.2,0.48,0.058
20.58,CARRY,29.55,-0.0,-9.48,29.99,-0.01,1,0,323.1,214.6,25.6,0.509,0.062
20.63,CARRY,29.6,-0.0,-9.48,30.01,-0.01,1,0,322.9,216.0,24.2,0.48,0.058
20.68,CARRY,29.6,-0.0,-9.48,30.04,-0.01,1,0,323.1,214.5,25.6,0.509,0.062
20.73,CARRY,29.65,-0.0,-9.48,30.06,-0.01,1,0,322.9,216.0,24.2,0.48,0.059
20.78,CARRY,29.65,-0.0,-9.48,30.09,-0.01,1,0,323.1,214.5,25.7,0.509,0.062
20.83,CARRY,29.7,-0.0,-9.48,30.11,-0.01,1,0,323.0,216.0,24.2,0.481,0.059
20.88,CARRY,29.7,-0.0,-9.48,30.14,-0.01,1,0,323.1,214.5,25.7,0.51,0.063
20.93,CARRY,29.75,-0.0,-9.48,30.16,-0.01,1,0,323.0,215.9,24.2,0.481,0.059
20.98,CARRY,29.75,-0.0,-9.48,30.19,-0.01,1,0,323.2,214.5,25.7,0.51,0.063
21.03,CARRY,29.8,-0.0,-9.48,30.21,-0.01,1,0,323.0,215.9,24.3,0.481,0.06
21.08,CARRY,29.8,-0.0,-9.48,30.24,-0.01,1,0,323.2,214.5,25.7,0.51,0.063
21.13,CARRY,29.85,-0.0,-9.48,30.26,-0.01,1,0,323.0,216.0,24.2,0.48,0.06
21.18,CARRY,29.85,-0.0,-9.48,30.29,-0.01,1,0,323.2,214.5,25.7,0.509,0.064
21.23,CARRY,29.9,-0.0,-9.48,30.31,-0.01,1,0,323.0,216.0,24.2,0.48,0.06
21.28,CARRY,29.9,-0.0,-9.48,30.34,-0.01,1,0,323.2,214.5,25.7,0.509,0.064
21.33,CARRY,29.95,-0.0,-9.49,30.36,-0.01,1,0,323.0,216.0,24.2,0.48,0.061
21.38,CARRY,29.95,-0.0,-9.49,30.39,-0.01,1,0,323.2,214.5,25.7,0.509,0.064
21.43,CARRY,30.0,-0.01,-9.49,30.41,-0.01,1,0,323.0,216.0,24.2,0.481,0.061
21.48,CARRY,30.0,-0.01,-9.49,30.44,-0.01,1,0,323.2,214.5,25.7,0.51,0.065
21.53,CARRY,30.05,-0.01,-9.49,30.46,-0.01,1,0,323.1,216.0,24.2,0.481,0.061
21.58,CARRY,30.05,-0.01,-9.49,30.49,-0.01,1,0,323.2,214.5,25.7,0.51,0.065
21.63,CARRY,30.1,-0.01,-9.49,30.51,-0.01,1,0,323.1,215.9,24.3,0.481,0.061
21.68,CARRY,30.1,-0.01,-9.49,30.54,-0.01,1,0,323.3,214.5,25.7,0.51,0.065
21.73,CARRY,30.15,-0.01,-9.49,30.56,-0.01,1,0,323.1,215.9,24.3,0.482,0.062
21.78,CARRY,30.15,-0.01,-9.49,30.59,-0.01,1,0,323.3,214.5,25.8,0.511,0.065
21.83,CARRY,30.2,-0.01,-9.49,30.61,-0.01,1,0,323.1,215.9,24.3,0.483,0.062
21.88,CARRY,30.2,-0.01,-9.49,30.64,-0.01,1,0,323.3,214.4,25.8,0.512,0.066
21.93,CARRY,30.25,-0.01,-9.49,30.66,-0.01,1,0,323.1,215.8,24.4,0.483,0.062
21.98,CARRY,30.25,-0.01,-9.49,30.69,-0.01,1,0,323.3,214.4,25.8,0.512,0.066
22.03,CARRY,30.3,-0.01,-9.49,30.71,-0.01,1,0,323.1,215.8,24.4,0.484,0.062
22.08,CARRY,30.3,-0.01,-9.49,30.74,-0.01,1,0,323.3,214.3,25.9,0.513,0.066
22.13,CARRY,30.35,-0.01,-9.49,30.76,-0.01,1,0,323.1,215.8,24.4,0.485,0.062
22.18,CARRY,30.35,-0.01,-9.49,30.79,-0.01,1,0,323.3,214.3,25.9,0.514,0.066
22.23,CARRY,30.4,-0.01,-9.49,30.81,-0.01,1,0,323.1,215.7,24.5,0.486,0.063
22.28,CARRY,30.4,-0.01,-9.49,30.84,-0.01,1,0,323.3,214.3,25.9,0.515,0.066
22.33,CARRY,30.44,-0.01,-9.49,30.86,-0.01,1,0,323.1,215.6,24.6,0.487,0.063
22.38,CARRY,30.44,-0.01,-9.49,30.89,-0.01,1,0,323.3,214.2,26.0,0.516,0.067
22.43,CARRY,30.49,-0.01,-9.49,30.91,-0.01,1,0,323.2,215.6,24.6,0.487,0.063
22.48,CARRY,30.49,-0.01,-9.49,30.94,-0.01,1,0,323.4,214.2,26.0,0.516,0.067
22.53,CARRY,30.54,-0.01,-9.49,30.96,-0.01,1,0,323.2,215.6,24.6,0.488,0.064
22.58,CARRY,30.54,-0.01,-9.49,30.99,-0.01,1,0,323.4,214.2,26.1,0.517,0.068
22.63,CARRY,30.59,-0.01,-9.49,31.01,-0.01,1,0,323.2,215.6,24.6,0.488,0.064
22.68,CARRY,30.59,-0.01,-9.49,31.04,-0.01,1,0,323.4,214.2,26.1,0.517,0.068
22.73,CARRY,30.64,-0.01,-9.49,31.06,-0.01,1,0,323.2,215.6,24.6,0.488,0.065
22.78,CARRY,30.64,-0.01,-9.49,31.09,-0.01,1,0,323.4,214.2,26.1,0.517,0.068
22.83,CARRY,30.69,-0.01,-9.49,31.11,-0.01,1,0,323.3,215.6,24.6,0.487,0.065
22.88,CARRY,30.69,-0.01,-9.49,31.14,-0.01,1,0,323.4,214.2,26.0,0.516,0.069
22.93,CARRY,30.74,-0.01,-9.49,31.16,-0.01,1,0,323.3,215.7,24.6,0.487,0.065
22.98,CARRY,30.74,-0.01,-9.49,31.19,-0.01,1,0,323.5,214.2,26.0,0.516,0.069
23.03,CARRY,30.79,-0.01,-9.49,31.21,-0.01,1,0,323.3,215.7,24.5,0.487,0.066
23.08,CARRY,30.79,-0.01,-9.49,31.24,-0.01,1,0,323.5,214.2,26.0,0.516,0.069
23.13,CARRY,30.85,-0.01,-9.49,31.27,-0.01,1,0,323.3,215.7,24.5,0.486,0.066
23.18,CARRY,30.85,-0.01,-9.49,31.29,-0.01,1,0,323.5,214.2,26.0,0.515,0.07
23.23,CARRY,30.9,-0.01,-9.49,31.32,-0.01,1,0,323.3,215.8,24.4,0.484,0.066
23.28,CARRY,30.9,-0.01,-9.49,31.34,-0.01,1,0,323.5,214.3,25.9,0.513,0.069
23.33,CARRY,30.95,-0.01,-9.49,31.37,-0.01,1,0,323.3,215.8,24.4,0.483,0.066
23.38,CARRY,30.95,-0.01,-9.49,31.39,-0.01,1,0,323.5,214.4,25.8,0.512,0.069
23.43,CARRY,31.0,-0.01,-9.49,31.42,-0.01,1,0,323.3,215.9,24.3,0.482,0.065
23.48,CARRY,31.0,-0.01,-9.49,31.44,-0.01,1,0,323.5,214.4,25.8,0.511,0.069
23.53,CARRY,31.05,-0.01,-9.49,31.47,-0.01,1,0,323.3,215.9,24.3,0.481,0.065
23.58,CARRY,31.05,-0.01,-9.49,31.49,-0.01,1,0,323.4,214.5,25.7,0.51,0.069
23.63,CARRY,31.1,-0.01,-9.49,31.52,-0.01,1,0,323.2,216.0,24.2,0.48,0.065
23.68,CARRY,31.1,-0.01,-9.49,31.54,-0.01,1,0,323.4,214.5,25.7,0.509,0.068
23.73,CARRY,31.15,-0.01,-9.49,31.57,-0.01,1,0,323.2,216.0,24.2,0.479,0.064
23.78,CARRY,31.15,-0.01,-9.49,31.59,-0.01,1,0,323.4,214.6,25.7,0.508,0.068
23.83,CARRY,31.2,-0.01,-9.49,31.62,-0.01,1,0,323.2,216.1,24.1,0.479,0.064
23.88,CARRY,31.2,-0.01,-9.49,31.64,-0.01,1,0,323.4,214.6,25.6,0.508,0.068
23.93,CARRY,31.25,-0.01,-9.49,31.67,-0.01,1,0,323.2,216.1,24.1,0.478,0.064
23.98,CARRY,31.25,-0.01,-9.49,31.69,-0.01,1,0,323.4,214.7,25.6,0.507,0.067
24.03,CARRY,31.3,-0.01,-9.49,31.72,-0.01,1,0,323.2,216.1,24.1,0.477,0.063
24.08,CARRY,31.3,-0.01,-9.49,31.74,-0.01,1,0,323.3,214.7,25.5,0.506,0.067
24.13,CARRY,31.35,-0.01,-9.49,31.77,-0.01,1,0,323.1,216.1,24.1,0.477,0.063
24.18,CARRY,31.35,-0.01,-9.49,31.79,-0.01,1,0,323.3,214.7,25.5,0.506,0.067
24.23,CARRY,31.4,-0.01,-9.49,31.82,-0.01,1,0,323.1,216.2,24.1,0.477,0.063
24.28,CARRY,31.4,-0.01,-9.49,31.84,-0.01,1,0,323.3,214.7,25.5,0.506,0.066
24.33,CARRY,31.45,-0.01,-9.49,31.87,-0.01,1,0,323.1,216.1,24.1,0.477,0.062
24.38,CARRY,31.45,-0.01,-9.49,31.89,-0.01,1,0,323.3,214.7,25.5,0.506,0.066
24.43,CARRY,31.5,-0.01,-9.49,31.92,-0.01,1,0,323.1,216.1,24.1,0.478,0.062
24.48,CARRY,31.5,-0.01,-9.49,31.94,-0.01,1,0,323.3,214.6,25.6,0.507,0.066
24.53,CARRY,31.55,-0.01,-9.49,31.97,-0.01,1,0,323.1,216.1,24.1,0.478,0.062
24.58,CARRY,31.55,-0.01,-9.49,31.99,-0.01,1,0,323.3,214.6,25.6,0.507,0.066
24.63,CARRY,31.6,-0.01,-9.49,32.02,-0.01,1,0,323.1,216.1,24.1,0.479,0.062
24.68,CARRY,31.6,-0.01,-9.49,32.04,-0.01,1,0,323.3,214.6,25.6,0.508,0.065
24.73,CARRY,31.65,-0.01,-9.49,32.07,-0.01,1,0,323.1,216.0,24.2,0.479,0.062
24.78,CARRY,31.65,-0.01,-9.49,32.09,-0.01,1,0,323.3,214.6,25.6,0.508,0.065
24.83,CARRY,31.7,-0.01,-9.49,32.12,-0.01,1,0,323.1,216.0,24.2,0.48,0.062
24.88,CARRY,31.7,-0.01,-9.49,32.14,-0.01,1,0,323.3,214.6,25.6,0.509,0.065
24.93,CARRY,31.75,-0.01,-9.49,32.17,-0.01,1,0,323.1,216.0,24.2,0.48,0.061
24.98,CARRY,31.75,-0.01,-9.49,32.19,-0.01,1,0,323.3,214.5,25.7,0.509,0.065
25.03,CARRY,31.8,-0.01,-9.49,32.22,-0.01,1,0,323.1,216.0,24.2,0.48,0.061
25.08,CARRY,31.8,-0.01,-9.49,32.24,-0.01,1,0,323.3,214.5,25.7,0.509,0.065
25.13,CARRY,31.85,-0.01,-9.49,32.27,-0.01,1,0,323.1,216.0,24.2,0.481,0.061
25.18,CARRY,31.85,-0.01,-9.49,32.29,-0.01,1,0,323.3,214.5,25.7,0.51,0.065
25.23,CARRY,31.9,-0.01,-9.49,32.32,-0.01,1,0,323.1,215.9,24.3,0.481,0.061
25.28,CARRY,31.9,-0.01,-9.49,32.34,-0.01,1,0,323.2,214.5,25.7,0.51,0.065
25.33,CARRY,31.95,-0.01,-9.49,32.37,-0.01,1,0,323.1,216.0,24.2,0.48,0.061
25.38,CARRY,31.95,-0.01,-9.49,32.39,-0.01,1,0,323.2,214.5,25.7,0.509,0.065
25.43,CARRY,32.0,-0.01,-9.49,32.42,-0.01,1,0,323.1,216.0,24.2,0.48,0.061
25.48,CARRY,32.0,-0.01,-9.49,32.44,-0.01,1,0,323.2,214.5,25.7,0.509,0.065
25.53,CARRY,32.05,-0.01,-9.49,32.47,-0.01,1,0,323.1,216.0,24.2,0.481,0.061
25.58,CARRY,32.05,-0.01,-9.49,32.49,-0.01,1,0,323.2,214.5,25.7,0.51,0.065
25.64,CARRY,32.1,-0.01,-9.49,32.52,-0.01,1,0,323.1,216.0,24.2,0.481,0.061
25.69,CARRY,32.1,-0.01,-9.49,32.54,-0.01,1,0,323.2,214.5,25.7,0.51,0.065
25.74,CARRY,32.15,-0.01,-9.49,32.57,-0.01,1,0,323.1,216.0,24.2,0.481,0.061
25.79,CARRY,32.15,-0.01,-9.49,32.59,-0.01,1,0,323.2,214.5,25.7,0.51,0.065
25.84,CARRY,32.2,-0.01,-9.49,32.62,-0.01,1,0,323.1,215.9,24.2,0.481,0.061
25.89,CARRY,32.2,-0.01,-9.49,32.64,-0.01,1,0,323.2,214.5,25.7,0.51,0.065
25.94,CARRY,32.25,-0.01,-9.49,32.67,-0.01,1,0,323.1,215.9,24.3,0.481,0.061
25.99,CARRY,32.25,-0.01,-9.49,32.69,-0.01,1,0,323.2,214.5,25.7,0.51,0.065
26.04,CARRY,32.3,-0.01,-9.49,32.72,-0.01,1,0,323.1,215.9,24.3,0.481,0.061
26.09,CARRY,32.3,-0.01,-9.49,32.74,-0.01,1,0,323.2,214.5,25.7,0.51,0.065
26.14,CARRY,32.35,-0.01,-9.49,32.77,-0.01,1,0,323.1,215.9,24.3,0.481,0.061
26.19,CARRY,32.35,-0.01,-9.49,32.79,-0.01,1,0,323.2,214.5,25.7,0.511,0.065
26.24,CARRY,32.4,-0.01,-9.49,32.82,-0.01,1,0,323.1,215.9,24.3,0.482,0.061
26.29,CARRY,32.4,-0.01,-9.49,32.84,-0.01,1,0,323.2,214.5,25.7,0.511,0.065
26.34,CARRY,32.45,-0.01,-9.49,32.87,-0.01,1,0,323.1,215.9,24.3,0.482,0.061
26.39,CARRY,32.45,-0.01,-9.49,32.89,-0.01,1,0,323.2,214.5,25.7,0.511,0.065
26.44,CARRY,32.5,-0.01,-9.48,32.92,-0.01,1,0,323.1,215.9,24.3,0.482,0.061
26.49,CARRY,32.5,-0.01,-9.48,32.94,-0.01,1,0,323.2,214.5,25.7,0.511,0.065
26.54,CARRY,32.55,-0.01,-9.48,32.97,-0.01,1,0,323.1,215.9,24.3,0.483,0.061
26.59,CARRY,32.55,-0.01,-9.48,32.99,-0.01,1,0,323.3,214.4,25.8,0.512,0.065
26.64,CARRY,32.6,-0.01,-9.48,33.02,-0.01,1,0,323.1,215.9,24.3,0.483,0.061
26.69,CARRY,32.6,-0.01,-9.48,33.04,-0.01,1,0,323.2,214.4,25.8,0.512,0.065
26.74,CARRY,32.65,-0.01,-9.48,33.07,-0.01,1,0,323.1,215.9,24.3,0.483,0.061
26.79,CARRY,32.65,-0.01,-9.48,33.09,-0.01,1,0,323.2,214.4,25.8,0.512,0.065
26.84,CARRY,32.7,-0.01,-9.48,33.12,-0.01,1,0,323.1,215.9,24.3,0.483,0.061
26.89,CARRY,32.7,-0.01,-9.48,33.14,-0.01,1,0,323.2,214.4,25.8,0.512,0.065
26.94,CARRY,32.75,-0.01,-9.48,33.17,-0.01,1,0,323.1,215.9,24.3,0.483,0.061
26.99,CARRY,32.75,-0.01,-9.48,33.19,-0.01,1,0,323.2,214.4,25.8,0.512,0.065
27.04,CARRY,32.8,-0.01,-9.48,33.22,-0.01,1,0,323.0,215.8,24.3,0.483,0.061
27.09,CARRY,32.8,-0.01,-9.48,33.24,-0.01,1,0,323.2,214.4,25.8,0.512,0.065
27.14,CARRY,32.85,-0.0,-9.48,33.27,-0.01,1,0,323.0,215.9,24.3,0.483,0.061
27.19,CARRY,32.85,-0.0,-9.48,33.29,-0.01,1,0,323.2,214.4,25.8,0.512,0.065
27.24,CARRY,32.9,-0.0,-9.48,33.32,-0.01,1,0,323.0,215.9,24.3,0.483,0.061
27.29,CARRY,32.9,-0.0,-9.48,33.34,-0.01,1,0,323.2,214.4,25.8,0.512,0.065
27.34,CARRY,32.95,-0.0,-9.48,33.37,-0.01,1,0,323.0,215.9,24.3,0.483,0.061
27.39,CARRY,32.95,-0.0,-9.48,33.39,-0.01,1,0,323.2,214.4,25.8,0.512,0.065
27.44,CARRY,33.0,-0.0,-9.48,33.42,-0.01,1,0,323.0,215.9,24.3,0.482,0.061
27.49,CARRY,33.0,-0.0,-9.48,33.44,-0.01,1,0,323.2,214.5,25.7,0.511,0.064
27.54,CARRY,33.05,-0.0,-9.48,33.47,-0.01,1,0,323.0,215.9,24.3,0.481,0.061
27.59,CARRY,33.05,-0.0,-9.48,33.49,-0.01,1,0,323.2,214.5,25.7,0.51,0.064
27.64,CARRY,33.1,-0.0,-9.48,33.52,-0.01,1,0,323.0,215.9,24.3,0.481,0.061
27.69,CARRY,33.1,-0.0,-9.48,33.54,-0.01,1,0,323.2,214.5,25.7,0.51,0.064
27.74,CARRY,33.15,-0.0,-9.48,33.57,-0.01,1,0,323.0,215.9,24.3,0.481,0.061
27.79,CARRY,33.15,-0.0,-9.48,33.59,-0.01,1,0,323.2,214.5,25.7,0.51,0.064
27.84,CARRY,33.2,-0.0,-9.48,33.62,-0.01,1,0,323.0,215.9,24.3,0.481,0.061
27.89,CARRY,33.2,-0.0,-9.48,33.64,-0.01,1,0,323.2,214.5,25.7,0.51,0.064
27.94,CARRY,33.25,-0.01,-9.48,33.67,-0.01,1,0,323.0,215.9,24.3,0.481,0.061
27.99,CARRY,33.25,-0.01,-9.48,33.69,-0.01,1,0,323.2,214.5,25.7,0.51,0.064
28.04,CARRY,33.3,-0.01,-9.48,33.72,-0.01,1,0,323.0,215.9,24.3,0.481,0.061
28.09,CARRY,33.3,-0.01,-9.48,33.74,-0.01,1,0,323.2,214.5,25.7,0.511,0.064
28.14,CARRY,33.35,-0.01,-9.48,33.77,-0.01,1,0,323.0,215.9,24.3,0.482,0.061
28.19,CARRY,33.35,-0.01,-9.48,33.79,-0.01,1,0,323.2,214.5,25.7,0.511,0.065
28.24,CARRY,33.4,-0.01,-9.48,33.82,-0.01,1,0,323.0,215.9,24.3,0.482,0.061
28.29,CARRY,33.4,-0.01,-9.48,33.84,-0.01,1,0,323.2,214.5,25.7,0.511,0.065
28.34,CARRY,33.45,-0.01,-9.48,33.87,-0.01,1,0,323.0,215.9,24.3,0.482,0.061
28.39,CARRY,33.45,-0.01,-9.48,33.89,-0.01,1,0,323.2,214.5,25.7,0.511,0.065
28.44,CARRY,33.5,-0.01,-9.48,33.92,-0.01,1,0,323.1,215.9,24.3,0.482,0.061
28.49,CARRY,33.5,-0.01,-9.48,33.94,-0.01,1,0,323.2,214.4,25.8,0.511,0.065
28.54,CARRY,33.55,-0.01,-9.48,33.97,-0.01,1,0,323.1,215.9,24.3,0.483,0.061
28.59,CARRY,33.55,-0.01,-9.48,33.99,-0.01,1,0,323.2,214.4,25.8,0.512,0.065
28.64,CARRY,33.6,-0.01,-9.48,34.02,-0.01,1,0,323.1,215.8,24.4,0.484,0.061
28.69,CARRY,33.6,-0.01,-9.48,34.04,-0.01,1,0,323.3,214.3,25.9,0.513,0.065
28.74,CARRY,33.65,-0.01,-9.48,34.07,-0.01,1,0,323.1,215.8,24.4,0.485,0.062
28.79,CARRY,33.65,-0.01,-9.48,34.09,-0.01,1,0,323.3,214.3,25.9,0.514,0.065
28.84,CARRY,33.7,-0.01,-9.48,34.12,-0.01,1,0,323.1,215.7,24.5,0.486,0.062
28.89,CARRY,33.7,-0.01,-9.48,34.14,-0.01,1,0,323.3,214.3,25.9,0.515,0.065
28.94,CARRY,33.75,-0.01,-9.48,34.17,-0.01,1,0,323.1,215.7,24.5,0.486,0.062
28.99,CARRY,33.75,-0.01,-9.48,34.19,-0.01,1,0,323.3,214.3,26.0,0.515,0.065
29.04,CARRY,33.8,-0.01,-9.49,34.22,-0.01,1,0,323.1,215.7,24.5,0.486,0.062
29.09,CARRY,33.8,-0.01,-9.49,34.24,-0.01,1,0,323.3,214.2,26.0,0.515,0.065
29.14,CARRY,33.85,-0.01,-9.49,34.27,-0.01,1,0,323.1,215.7,24.5,0.486,0.062
29.19,CARRY,33.85,-0.01,-9.49,34.29,-0.01,1,0,323.3,214.2,26.0,0.515,0.065
29.24,CARRY,33.9,-0.01,-9.49,34.32,-0.01,1,0,323.1,215.7,24.5,0.487,0.062
29.29,CARRY,33.9,-0.01,-9.49,34.34,-0.01,1,0,323.3,214.2,26.0,0.516,0.065
29.34,CARRY,33.95,-0.01,-9.49,34.37,-0.01,1,0,323.1,215.7,24.5,0.486,0.062
29.39,CARRY,33.95,-0.01,-9.49,34.39,-0.01,1,0,323.3,214.2,26.0,0.515,0.065
29.44,CARRY,34.0,-0.01,-9.49,34.42,-0.01,1,0,323.1,215.7,24.5,0.486,0.062
29.49,CARRY,34.0,-0.01,-9.49,34.44,-0.01,1,0,323.3,214.2,26.0,0.515,0.065
29.54,CARRY,34.05,-0.01,-9.49,34.47,-0.01,1,0,323.1,215.8,24.4,0.485,0.061
29.59,CARRY,34.05,-0.01,-9.49,34.49,-0.01,1,0,323.3,214.3,25.9,0.514,0.065
29.64,CARRY,34.1,-0.01,-9.49,34.52,-0.01,1,0,323.1,215.8,24.4,0.484,0.061
29.69,CARRY,34.1,-0.01,-9.49,34.54,-0.01,1,0,323.3,214.3,25.9,0.513,0.065
29.74,CARRY,34.15,-0.01,-9.49,34.57,-0.01,1,0,323.1,215.8,24.4,0.484,0.061
29.79,CARRY,34.15,-0.01,-9.49,34.59,-0.01,1,0,323.3,214.4,25.9,0.513,0.065
29.84,CARRY,34.2,-0.01,-9.49,34.62,-0.01,1,0,323.1,215.8,24.4,0.484,0.061
29.89,CARRY,34.2,-0.01,-9.49,34.64,-0.01,1,0,323.3,214.4,25.8,0.513,0.065
29.94,CARRY,34.25,-0.01,-9.49,34.67,-0.01,1,0,323.1,215.8,24.3,0.483,0.061
29.99,CARRY,34.25,-0.01,-9.49,34.69,-0.01,1,0,323.2,214.4,25.8,0.512,0.065
30.04,CARRY,34.3,-0.0,-9.49,34.72,-0.01,1,1,,,,0.0,0.0
30.09,CARRY,34.3,-0.0,-9.49,34.74,-0.01,1,1,,,,0.0,0.0
30.14,CARRY,34.35,-0.0,-9.49,34.77,-0.01,1,1,,,,0.0,0.0
30.19,CARRY,34.35,-0.0,-9.49,34.79,-0.01,1,1,,,,0.0,0.0
30.24,CARRY,34.4,-0.0,-9.49,34.82,-0.01,1,1,,,,0.0,0.0
30.29,CARRY,34.4,-0.0,-9.49,34.84,-0.01,1,1,,,,0.0,0.0
30.34,CARRY,34.45,-0.0,-9.49,34.87,-0.01,1,1,,,,0.0,0.0
30.39,CARRY,34.45,-0.0,-9.49,34.89,-0.01,1,1,,,,0.0,0.0
30.44,CARRY,34.49,-0.0,-9.49,34.92,-0.01,1,1,,,,0.0,0.0
30.49,CARRY,34.49,-0.0,-9.49,34.94,-0.01,1,1,,,,0.0,0.0
30.54,CARRY,34.53,-0.0,-9.49,34.97,-0.01,1,1,,,,0.0,0.0
30.59,CARRY,34.53,-0.0,-9.49,34.99,-0.01,1,1,,,,0.0,0.0
30.64,CARRY,34.55,-0.0,-9.49,35.02,-0.01,1,1,,,,0.0,0.0
30.69,CARRY,34.55,-0.0,-9.49,35.04,-0.01,1,1,,,,0.0,0.0
30.74,CARRY,34.57,-0.0,-9.49,35.07,-0.01,1,1,,,,0.0,0.0
30.79,CARRY,34.57,-0.0,-9.49,35.1,-0.01,1,1,,,,0.0,0.0
30.84,CARRY,34.59,-0.0,-9.49,35.12,-0.01,1,1,,,,0.0,0.0
30.89,CARRY,34.59,-0.0,-9.49,35.15,-0.01,1,1,,,,0.0,0.0
30.94,CARRY,34.6,-0.0,-9.49,35.17,-0.01,1,1,,,,0.0,0.0
30.99,CARRY,34.6,-0.0,-9.49,35.2,-0.01,1,1,,,,0.0,0.0
31.04,CARRY,34.61,-0.0,-9.49,35.22,-0.01,1,1,,,,0.0,0.0
31.09,CARRY,34.61,-0.0,-9.49,35.25,-0.01,1,1,,,,0.0,0.0
31.14,CARRY,34.62,-0.0,-9.49,35.27,-0.01,1,1,,,,0.0,0.0
31.19,CARRY,34.62,-0.0,-9.49,35.3,-0.01,1,1,,,,0.0,0.0
31.24,CARRY,34.63,-0.0,-9.49,35.32,-0.01,1,1,,,,0.0,0.0
31.29,CARRY,34.63,-0.0,-9.49,35.35,-0.01,1,1,,,,0.0,0.0
31.34,CARRY,34.63,-0.0,-9.49,35.37,-0.01,1,1,,,,0.0,0.0
31.39,CARRY,34.63,-0.0,-9.49,35.4,-0.01,1,1,,,,0.0,0.0
31.44,CARRY,34.63,-0.0,-9.49,35.42,-0.01,1,1,,,,0.0,0.0
31.49,CARRY,34.63,-0.0,-9.49,35.45,-0.01,1,1,,,,0.0,0.0
31.54,CARRY,34.64,-0.0,-9.49,35.47,-0.01,1,1,,,,0.0,0.0
31.59,CARRY,34.64,-0.0,-9.49,35.5,-0.01,1,1,,,,0.0,0.0
31.64,CARRY,34.64,-0.0,-9.49,35.52,-0.01,1,1,,,,0.0,0.0
31.69,CARRY,34.64,-0.0,-9.49,35.55,-0.01,1,1,,,,0.0,0.0
31.74,CARRY,34.64,-0.0,-9.49,35.57,-0.01,1,1,,,,0.0,0.0
31.79,CARRY,34.64,-0.0,-9.49,35.6,-0.01,1,1,,,,0.0,0.0
31.84,CARRY,34.64,-0.0,-9.49,35.62,-0.01,1,1,,,,0.0,0.0
31.89,CARRY,34.64,-0.0,-9.49,35.65,-0.01,1,1,,,,0.0,0.0
31.94,CARRY,34.64,-0.0,-9.49,35.67,-0.01,1,1,,,,0.0,0.0
31.99,CARRY,34.64,-0.0,-9.49,35.7,-0.01,1,1,,,,0.0,0.0
32.04,CARRY,34.65,-0.0,-9.49,35.72,-0.01,1,1,,,,0.0,0.0
32.09,CARRY,34.65,-0.0,-9.49,35.75,-0.01,1,1,,,,0.0,0.0
32.14,CARRY,34.65,-0.0,-9.49,35.77,-0.01,1,1,,,,0.0,0.0
32.19,CARRY,34.65,-0.0,-9.49,35.8,-0.01,1,1,,,,0.0,0.0
32.24,CARRY,34.65,-0.0,-9.49,35.82,-0.01,1,1,,,,0.0,0.0
32.29,CARRY,34.65,-0.0,-9.49,35.85,-0.01,1,1,,,,0.0,0.0
32.34,CARRY,34.65,-0.0,-9.49,35.87,-0.01,1,1,,,,0.0,0.0
32.39,CARRY,34.65,-0.0,-9.49,35.9,-0.01,1,1,,,,0.0,0.0
32.44,CARRY,34.65,-0.0,-9.49,35.92,-0.01,1,1,,,,0.0,0.0
32.49,CARRY,34.65,-0.0,-9.49,35.95,-0.01,1,1,,,,0.0,0.0
32.54,CARRY,34.65,-0.0,-9.49,35.97,-0.01,1,1,,,,0.0,0.0
32.59,CARRY,34.65,-0.0,-9.49,36.0,-0.01,1,1,,,,0.0,0.0
32.64,CARRY,34.65,-0.0,-9.49,36.02,-0.01,1,1,,,,0.0,0.0
32.69,CARRY,34.65,-0.0,-9.49,36.05,-0.01,1,1,,,,0.0,0.0
32.74,CARRY,34.65,-0.0,-9.49,36.07,-0.01,1,1,,,,0.0,0.0
32.79,CARRY,34.65,-0.0,-9.49,36.1,-0.01,1,1,,,,0.0,0.0
32.84,CARRY,34.65,-0.0,-9.49,36.12,-0.01,1,1,,,,0.0,0.0
32.89,CARRY,34.65,-0.0,-9.49,36.15,-0.01,1,1,,,,0.0,0.0
32.94,CARRY,34.65,-0.0,-9.49,36.17,-0.01,1,1,,,,0.0,0.0
32.99,REGROUND,34.65,-0.0,-9.49,36.2,-0.01,1,1,,,,0.0,0.0
33.04,REGROUND,34.65,-0.0,-9.49,36.22,-0.01,1,1,,,,0.0,0.0
33.09,REGROUND,34.65,-0.0,-9.49,36.25,-0.01,1,1,,,,0.0,0.0
33.14,REGROUND,34.65,-0.0,-9.49,36.27,-0.01,1,1,,,,0.0,0.0
33.19,REGROUND,34.65,-0.0,-9.49,36.3,-0.01,1,1,,,,0.0,0.0
33.24,REGROUND,34.65,-0.0,-9.49,36.32,-0.01,1,1,,,,0.0,0.0
33.3,REGROUND,34.65,-0.0,-9.49,36.35,-0.01,1,1,,,,0.0,0.0
33.35,REGROUND,34.65,-0.0,-9.49,36.37,-0.01,1,1,,,,0.0,0.0
33.4,REGROUND,34.65,-0.0,-9.49,36.4,-0.01,1,1,,,,0.0,0.0
33.45,REGROUND,34.65,-0.0,-9.48,36.42,-0.01,1,1,,,,0.0,0.0
33.5,REGROUND,34.65,-0.0,-9.48,36.45,-0.01,1,1,,,,0.0,0.0
33.55,REGROUND,34.65,-0.0,-9.48,36.47,-0.01,1,1,,,,0.0,0.0
33.6,REGROUND,34.65,-0.0,-9.48,36.5,-0.01,1,1,,,,0.0,0.0
33.65,REGROUND,34.65,-0.0,-9.48,36.52,-0.01,1,1,,,,0.0,0.0
33.7,REGROUND,34.65,-0.0,-9.48,36.55,-0.01,1,1,,,,0.0,0.0
33.75,REGROUND,34.65,-0.0,-9.48,36.57,-0.01,1,1,,,,0.0,0.0
33.8,REGROUND,34.65,-0.0,-9.48,36.6,-0.01,1,1,,,,0.0,0.0
33.85,REGROUND,34.65,-0.0,-9.48,36.62,-0.01,1,1,,,,0.0,0.0
33.9,REGROUND,34.65,-0.0,-9.48,36.65,-0.01,1,1,,,,0.0,0.0
33.95,REGROUND,34.64,-0.0,-9.48,36.67,-0.01,1,1,,,,0.0,0.0
34.0,REGROUND,34.64,-0.0,-9.48,36.7,-0.01,1,1,,,,0.0,0.0
34.05,REGROUND,34.64,-0.0,-9.48,36.72,-0.01,1,1,,,,0.0,0.0
34.1,REGROUND,34.64,-0.0,-9.48,36.75,-0.01,1,1,,,,0.0,0.0
34.15,REGROUND,34.64,-0.0,-9.48,36.77,-0.01,1,1,,,,0.0,0.0
34.2,REGROUND,34.64,-0.0,-9.48,36.8,-0.01,1,1,,,,0.0,0.0
34.25,REGROUND,34.64,-0.0,-9.48,36.82,-0.01,1,1,,,,0.0,0.0
34.3,REGROUND,34.64,-0.0,-9.48,36.85,-0.01,1,1,,,,0.0,0.0
34.35,REGROUND,34.64,-0.0,-9.48,36.87,-0.01,1,1,,,,0.0,0.0
34.4,REGROUND,34.64,-0.0,-9.48,36.9,-0.01,1,1,,,,0.0,0.0
34.45,REGROUND,34.64,-0.0,-9.48,36.92,-0.01,1,1,,,,0.0,0.0
34.5,REGROUND,34.64,-0.0,-9.48,36.95,-0.01,1,1,,,,0.0,0.0
34.55,REGROUND,34.64,-0.01,-9.48,36.97,-0.01,1,1,,,,0.0,0.0
34.6,REGROUND,34.64,-0.01,-9.48,37.0,-0.01,1,1,,,,0.0,0.0
34.65,REGROUND,34.64,-0.01,-9.48,37.02,-0.01,1,1,,,,0.0,0.0
34.7,REGROUND,34.64,-0.01,-9.48,37.05,-0.01,1,1,,,,0.0,0.0
34.75,REGROUND,34.64,-0.01,-9.48,37.07,-0.01,1,1,,,,0.0,0.0
34.8,REGROUND,34.64,-0.01,-9.48,37.1,-0.01,1,1,,,,0.0,0.0
34.85,REGROUND,34.64,-0.01,-9.48,37.12,-0.01,1,1,,,,0.0,0.0
34.9,REGROUND,34.64,-0.01,-9.48,37.15,-0.01,1,1,,,,0.0,0.0
34.95,REGROUND,34.64,-0.01,-9.48,37.17,-0.01,1,1,,,,0.0,0.0
35.0,REGROUND,34.64,-0.01,-9.48,37.2,-0.01,1,1,,,,0.0,0.0
35.05,REGROUND,34.64,-0.01,-9.48,37.22,-0.01,1,0,,,,0.0,0.0
35.1,REGROUND,34.64,-0.01,-9.48,37.25,-0.01,1,0,,,,0.0,0.0
35.15,REGROUND,34.64,-0.01,-9.48,37.27,-0.01,1,0,,,,0.0,0.0
35.2,REGROUND,34.64,-0.01,-9.48,37.3,-0.01,1,0,,,,0.0,0.0
35.25,REGROUND,34.64,-0.01,-9.48,37.32,-0.01,1,0,,,,0.0,0.0
35.3,REGROUND,34.64,-0.01,-9.48,37.35,-0.01,1,0,,,,0.0,0.0
35.35,REGROUND,34.64,-0.01,-9.48,37.37,-0.01,1,0,,,,0.0,0.0
35.4,REGROUND,34.64,-0.01,-9.48,37.4,-0.01,1,0,,,,0.0,0.0
35.45,REGROUND,34.64,-0.01,-9.48,37.42,-0.01,1,0,,,,0.0,0.0
35.5,REGROUND,34.64,-0.01,-9.48,37.45,-0.01,1,0,,,,0.0,0.0
35.55,REGROUND,34.64,-0.01,-9.48,37.47,-0.01,1,0,,,,0.0,0.0
35.6,REGROUND,34.64,-0.01,-9.48,37.5,-0.01,1,0,,,,0.0,0.0
35.65,REGROUND,34.64,-0.01,-9.48,37.52,-0.01,1,0,,,,0.0,0.0
35.7,REGROUND,34.64,-0.01,-9.48,37.55,-0.01,1,0,,,,0.0,0.0
35.75,REGROUND,34.64,-0.01,-9.48,37.57,-0.01,1,0,,,,0.0,0.0
35.8,REGROUND,34.64,-0.01,-9.48,37.6,-0.01,1,0,,,,0.0,0.0
35.85,REGROUND,34.64,-0.01,-9.48,37.62,-0.01,1,0,,,,0.0,0.0
35.9,REGROUND,34.64,-0.01,-9.48,37.65,-0.01,1,0,,,,0.0,0.0
35.95,REGROUND,34.64,-0.01,-9.48,37.67,-0.01,1,0,,,,0.0,0.0
36.0,REGROUND,34.64,-0.01,-9.48,37.7,-0.01,1,0,,,,0.0,0.0
36.05,REGROUND,34.64,-0.01,-9.49,37.72,-0.01,1,0,,,,0.0,0.0
36.1,REGROUND,34.64,-0.01,-9.49,37.75,-0.01,1,0,,,,0.0,0.0
36.15,REGROUND,34.64,-0.01,-9.49,37.77,-0.01,1,0,,,,0.0,0.0
36.2,REGROUND,34.64,-0.01,-9.49,37.8,-0.01,1,0,,,,0.0,0.0
36.25,REGROUND,34.64,-0.01,-9.49,37.82,-0.01,1,0,,,,0.0,0.0
36.3,REGROUND,34.64,-0.01,-9.49,37.85,-0.01,1,0,,,,0.0,0.0
36.35,REGROUND,34.64,-0.01,-9.49,37.87,-0.01,1,0,,,,0.0,0.0
36.4,REGROUND,34.64,-0.01,-9.49,37.9,-0.01,1,0,,,,0.0,0.0
36.45,REGROUND,34.64,-0.01,-9.49,37.92,-0.01,1,0,,,,0.0,0.0
36.5,REGROUND,34.64,-0.01,-9.49,37.95,-0.01,1,0,,,,0.0,0.0
36.55,REGROUND,34.64,-0.01,-9.49,37.97,-0.01,1,0,,,,0.0,0.0
36.6,REGROUND,34.64,-0.01,-9.49,38.0,-0.01,1,0,,,,0.0,0.0
36.65,REGROUND,34.64,-0.01,-9.49,38.02,-0.01,1,0,,,,0.0,0.0
36.7,REGROUND,34.64,-0.01,-9.49,38.05,-0.01,1,0,,,,0.0,0.0
36.75,REGROUND,34.64,-0.01,-9.49,38.07,-0.01,1,0,,,,0.0,0.0
36.8,REGROUND,34.64,-0.01,-9.49,38.1,-0.01,1,0,,,,0.0,0.0
36.85,REGROUND,34.64,-0.01,-9.49,38.12,-0.01,1,0,,,,0.0,0.0
36.9,REGROUND,34.64,-0.01,-9.49,38.15,-0.01,1,0,,,,0.0,0.0
36.95,REGROUND,34.64,-0.01,-9.49,38.18,-0.01,1,0,,,,0.0,0.0
37.0,REGROUND,34.64,-0.01,-9.49,38.2,-0.01,1,0,,,,0.0,0.0
37.05,REGROUND,34.64,-0.01,-9.49,38.23,-0.01,1,0,,,,0.0,0.0
37.1,REGROUND,34.64,-0.01,-9.49,38.25,-0.01,1,0,,,,0.0,0.0
37.15,REGROUND,34.64,-0.01,-9.49,38.28,-0.01,1,0,,,,0.0,0.0
37.2,CARRY,34.64,-0.01,-9.49,38.3,-0.01,1,0,347.2,72.2,170.0,3.0,0.544
37.25,CARRY,34.64,-0.01,-9.49,38.33,-0.01,1,0,347.4,71.5,170.7,3.0,0.548
37.3,CARRY,34.63,-0.01,-9.49,38.35,-0.01,1,0,347.6,70.8,171.5,3.0,0.552
37.35,CARRY,34.63,-0.01,-9.49,38.38,-0.01,1,0,347.8,70.0,172.2,3.0,0.556
37.4,CARRY,34.64,-0.01,-9.49,38.4,-0.01,1,0,348.0,69.3,172.9,3.0,0.56
37.45,CARRY,34.64,-0.01,-9.49,38.43,-0.01,1,0,348.2,68.6,173.7,3.0,0.564
37.5,CARRY,34.64,-0.01,-9.49,38.45,-0.01,1,0,348.5,68.1,174.3,3.0,0.569
37.55,CARRY,34.64,-0.01,-9.49,38.48,-0.01,1,0,348.7,67.3,175.0,3.0,0.573
37.6,CARRY,34.66,-0.01,-9.49,38.5,-0.01,1,0,349.0,67.0,175.4,3.0,0.58
37.65,CARRY,34.66,-0.01,-9.49,38.53,-0.01,1,0,349.2,66.3,176.1,3.0,0.584
37.7,CARRY,34.69,-0.0,-9.48,38.55,-0.01,1,0,349.6,66.5,176.0,3.0,0.592
37.75,CARRY,34.69,-0.0,-9.48,38.58,-0.01,1,0,349.8,65.7,176.8,3.0,0.596
37.8,CARRY,34.74,-0.0,-9.48,38.6,-0.01,1,0,350.0,66.5,176.1,3.0,0.6
37.85,CARRY,34.74,-0.0,-9.48,38.63,-0.01,1,0,350.2,65.8,176.8,3.0,0.604
37.9,CARRY,34.81,0.0,-9.48,38.65,-0.01,1,0,350.0,67.2,175.4,3.0,0.599
37.95,CARRY,34.81,0.0,-9.48,38.68,-0.01,1,0,350.1,66.5,176.1,3.0,0.603
38.0,CARRY,34.81,0.0,-9.48,38.7,-0.01,1,0,350.3,65.8,176.9,3.0,0.607
38.05,CARRY,34.91,0.01,-9.48,38.73,-0.01,1,0,349.6,68.0,174.6,3.0,0.592
38.1,CARRY,34.91,0.01,-9.48,38.75,-0.01,1,0,349.8,67.2,175.3,3.0,0.596
38.15,CARRY,35.04,0.02,-9.48,38.78,-0.01,1,0,348.7,70.2,172.2,3.0,0.573
38.2,CARRY,35.19,0.02,-9.48,38.8,-0.01,1,0,347.2,73.9,168.3,3.0,0.544
38.25,CARRY,35.19,0.02,-9.48,38.83,-0.01,1,0,347.4,73.2,169.1,3.0,0.548
38.3,CARRY,35.37,0.04,-9.48,38.85,-0.01,1,0,345.4,77.6,164.4,3.0,0.509
38.35,CARRY,35.37,0.04,-9.48,38.88,-0.01,1,0,345.6,76.9,165.1,3.0,0.513
38.4,CARRY,35.58,0.05,-9.48,38.9,-0.01,1,0,343.3,82.0,159.7,3.0,0.466
38.45,CARRY,35.58,0.05,-9.48,38.93,-0.01,1,0,343.5,81.3,160.4,3.0,0.47
38.5,CARRY,35.8,0.06,-9.48,38.95,-0.01,1,0,341.1,87.0,154.4,3.0,0.421
38.55,CARRY,35.8,0.06,-9.48,38.98,-0.01,1,0,341.2,86.3,155.2,3.0,0.425
38.6,CARRY,36.04,0.07,-9.49,39.0,-0.01,1,0,338.8,92.5,148.7,2.951,0.377
38.65,CARRY,36.04,0.07,-9.49,39.03,-0.01,1,0,339.0,91.7,149.5,2.965,0.381
38.7,CARRY,36.04,0.07,-9.49,39.05,-0.01,1,0,339.2,91.0,150.2,2.98,0.385
38.75,CARRY,36.3,0.08,-9.49,39.08,-0.01,1,0,336.9,97.6,143.4,2.848,0.337
38.8,CARRY,36.56,0.08,-9.49,39.1,-0.01,1,0,334.6,104.5,136.3,2.711,0.291
38.85,CARRY,36.56,0.08,-9.49,39.13,-0.01,1,0,334.8,103.7,137.1,2.725,0.295
38.9,CARRY,36.83,0.09,-9.49,39.15,-0.01,1,0,332.5,110.8,129.8,2.584,0.25
38.95,CARRY,36.83,0.09,-9.49,39.18,-0.01,1,0,332.7,110.1,130.6,2.599,0.254
39.0,CARRY,37.1,0.09,-9.49,39.2,-0.01,1,0,330.6,117.4,123.1,2.452,0.213
39.05,CARRY,37.1,0.09,-9.49,39.23,-0.01,1,0,330.8,116.4,124.1,2.472,0.217
39.1,CARRY,37.37,0.1,-9.49,39.25,-0.01,1,0,328.8,130.3,110.1,2.194,0.177
39.15,CARRY,37.37,0.1,-9.49,39.28,-0.01,1,0,329.0,128.9,111.5,2.223,0.181
39.2,CARRY,37.64,0.09,-9.49,39.3,-0.01,1,0,327.2,143.1,97.2,1.939,0.144
39.25,CARRY,37.64,0.09,-9.49,39.33,-0.01,1,0,327.4,141.6,98.7,1.968,0.147
39.3,CARRY,37.91,0.09,-9.49,39.35,-0.01,1,0,325.7,155.5,84.7,1.689,0.114
39.35,CARRY,37.91,0.09,-9.49,39.38,-0.01,1,0,325.9,154.1,86.1,1.718,0.118
39.4,CARRY,38.16,0.09,-9.49,39.4,-0.01,1,0,324.3,167.5,72.6,1.449,0.087
39.45,CARRY,38.16,0.09,-9.49,39.43,-0.01,1,0,324.5,166.1,74.1,1.478,0.091
39.5,CARRY,38.41,0.08,-9.48,39.45,-0.01,1,0,323.2,178.9,61.2,1.223,0.063
39.55,CARRY,38.41,0.08,-9.48,39.48,-0.01,1,0,323.4,177.4,62.7,1.252,0.067
39.6,CARRY,38.64,0.08,-9.48,39.5,-0.01,1,0,322.1,189.4,50.7,1.012,0.043
39.65,CARRY,38.64,0.08,-9.48,39.53,-0.01,1,0,322.3,187.9,52.1,1.041,0.047
39.7,CARRY,38.85,0.07,-9.48,39.55,-0.01,1,0,321.3,199.0,41.0,0.82,0.025
39.75,CARRY,38.85,0.07,-9.48,39.58,-0.01,1,0,321.5,197.5,42.5,0.849,0.029
39.8,CARRY,39.05,0.06,-9.48,39.6,-0.01,1,0,320.5,207.6,32.4,0.648,0.011
39.85,CARRY,39.05,0.06,-9.48,39.63,-0.01,1,0,320.7,206.1,33.9,0.677,0.015
39.9,CARRY,39.23,0.05,-9.48,39.65,-0.01,1,0,319.9,215.3,24.7,0.493,-0.001
39.95,CARRY,39.23,0.05,-9.48,39.68,-0.01,1,0,320.1,213.9,26.1,0.522,0.003
40.0,CARRY,39.39,0.05,-9.48,39.7,-0.01,1,0,319.5,221.7,18.3,0.365,-0.01
40.06,CARRY,39.39,0.05,-9.48,39.73,-0.01,1,0,319.7,220.3,19.7,0.394,-0.006
40.11,CARRY,39.54,0.04,-9.48,39.75,-0.01,1,0,319.2,227.1,12.9,0.258,-0.016
40.16,CARRY,39.54,0.04,-9.48,39.78,-0.01,1,0,319.4,225.6,14.4,0.287,-0.012
40.21,CARRY,39.66,0.03,-9.48,39.8,-0.01,1,0,319.0,231.4,8.6,0.171,-0.02
40.26,CARRY,39.66,0.03,-9.48,39.83,-0.01,1,0,319.2,230.0,10.0,0.2,-0.016
40.31,CARRY,39.77,0.02,-9.48,39.85,-0.01,1,0,318.9,234.8,5.3,0.103,-0.021
40.36,CARRY,39.77,0.02,-9.48,39.88,-0.01,1,0,319.1,233.4,6.7,0.132,-0.017
40.41,CARRY,39.86,0.02,-9.48,39.9,-0.01,1,0,318.9,237.3,2.9,0.053,-0.021
40.46,CARRY,39.86,0.02,-9.48,39.93,-0.01,1,0,319.1,235.9,4.2,0.082,-0.017
40.51,CARRY,39.94,0.01,-9.48,39.95,-0.01,1,0,319.0,239.0,1.4,0.019,-0.02
40.56,CARRY,39.94,0.01,-9.48,39.98,-0.01,1,0,319.2,237.6,2.5,0.048,-0.016
40.61,CARRY,40.0,0.01,-9.48,40.0,-0.01,1,0,319.2,240.0,0.8,-0.0,-0.017
40.66,CARRY,40.0,0.01,-9.48,40.03,-0.01,1,0,319.4,238.6,1.6,0.029,-0.013
40.71,CARRY,40.06,0.0,-9.48,40.05,-0.01,1,0,319.3,240.4,0.7,-0.007,-0.013
40.76,CARRY,40.06,0.0,-9.48,40.08,-0.01,1,0,319.5,238.9,1.2,0.022,-0.009
40.81,CARRY,40.11,0.0,-9.48,40.1,-0.01,1,0,319.6,240.2,0.5,-0.003,-0.009
40.86,CARRY,40.11,0.0,-9.48,40.13,-0.01,1,0,319.8,238.7,1.3,0.026,-0.005
40.91,CARRY,40.15,-0.0,-9.48,40.15,-0.01,1,0,319.8,239.5,0.5,0.009,-0.004
40.96,CARRY,40.15,-0.0,-9.48,40.18,-0.01,1,0,320.0,238.1,1.9,0.038,0.0
41.01,CARRY,40.18,-0.0,-9.48,40.2,-0.01,1,0,320.1,238.6,1.4,0.029,0.002
41.06,CARRY,40.18,-0.0,-9.48,40.23,-0.01,1,0,320.3,237.1,2.9,0.058,0.006
41.11,CARRY,40.21,-0.01,-9.48,40.25,-0.01,1,0,320.4,237.3,2.8,0.055,0.008
41.16,CARRY,40.21,-0.01,-9.48,40.28,-0.01,1,0,320.6,235.8,4.2,0.084,0.012
41.21,CARRY,40.23,-0.01,-9.48,40.3,-0.01,1,0,320.7,235.8,4.3,0.085,0.014
41.26,CARRY,40.23,-0.01,-9.48,40.33,-0.01,1,0,320.9,234.3,5.8,0.114,0.018
41.31,CARRY,40.25,-0.01,-9.48,40.35,-0.01,1,0,321.0,234.1,6.0,0.118,0.019
41.36,CARRY,40.25,-0.01,-9.48,40.38,-0.01,1,0,321.2,232.6,7.4,0.147,0.023
41.41,CARRY,40.27,-0.01,-9.48,40.4,-0.01,1,0,321.3,232.3,7.8,0.153,0.025
41.46,CARRY,40.27,-0.01,-9.48,40.43,-0.01,1,0,321.5,230.9,9.2,0.182,0.029
41.51,CARRY,40.29,-0.01,-9.48,40.45,-0.01,1,0,321.5,230.5,9.6,0.19,0.031
41.56,CARRY,40.29,-0.01,-9.48,40.48,-0.01,1,0,321.7,229.1,11.1,0.219,0.035
41.61,CARRY,40.31,-0.01,-9.48,40.5,-0.01,1,0,321.8,228.7,11.4,0.226,0.036
41.66,CARRY,40.31,-0.01,-9.48,40.53,-0.01,1,0,322.0,227.2,12.9,0.255,0.04
41.71,CARRY,40.33,-0.01,-9.48,40.55,-0.01,1,0,322.1,226.9,13.3,0.262,0.041
41.76,CARRY,40.33,-0.01,-9.48,40.58,-0.01,1,0,322.3,225.5,14.7,0.291,0.045
41.81,CARRY,40.35,-0.01,-9.48,40.6,-0.01,1,0,322.3,225.2,15.0,0.296,0.046
41.86,CARRY,40.35,-0.01,-9.48,40.63,-0.01,1,0,322.5,223.7,16.5,0.325,0.05
41.91,CARRY,40.37,-0.01,-9.48,40.65,-0.01,1,0,322.5,223.5,16.6,0.329,0.05
41.96,CARRY,40.37,-0.01,-9.48,40.68,-0.01,1,0,322.7,222.1,18.1,0.358,0.054
42.01,CARRY,40.39,-0.01,-9.48,40.7,-0.01,1,0,322.7,222.0,18.2,0.359,0.054
42.06,CARRY,40.39,-0.01,-9.48,40.73,-0.01,1,0,322.9,220.6,19.6,0.388,0.058
42.11,CARRY,40.42,-0.01,-9.48,40.75,-0.01,1,0,322.9,220.6,19.6,0.388,0.058
42.16,CARRY,40.42,-0.01,-9.48,40.78,-0.01,1,0,323.1,219.2,21.1,0.417,0.062
42.21,CARRY,40.45,-0.01,-9.49,40.8,-0.01,1,0,323.1,219.3,20.9,0.414,0.062
42.26,CARRY,40.45,-0.01,-9.49,40.83,-0.01,1,0,323.3,217.9,22.4,0.443,0.066
42.31,CARRY,40.48,-0.01,-9.49,40.85,-0.01,1,0,323.2,218.1,22.1,0.437,0.065
42.36,CARRY,40.48,-0.01,-9.49,40.88,-0.01,1,0,323.4,216.7,23.6,0.466,0.069
42.41,CARRY,40.51,-0.01,-9.49,40.9,-0.01,1,0,323.4,217.1,23.2,0.458,0.068
42.46,CARRY,40.51,-0.01,-9.49,40.93,-0.01,1,0,323.6,215.6,24.6,0.487,0.071
42.51,CARRY,40.54,-0.01,-9.49,40.95,-0.01,1,0,323.5,216.2,24.1,0.477,0.07
42.56,CARRY,40.54,-0.01,-9.49,40.98,-0.01,1,0,323.7,214.7,25.6,0.506,0.074
42.61,CARRY,40.58,-0.01,-9.49,41.0,-0.01,1,0,323.6,215.4,24.9,0.493,0.072
42.66,CARRY,40.58,-0.01,-9.49,41.03,-0.01,1,0,323.8,213.9,26.4,0.522,0.076
42.71,CARRY,40.62,-0.01,-9.49,41.05,-0.01,1,0,323.7,214.7,25.6,0.506,0.075
42.76,CARRY,40.62,-0.01,-9.49,41.08,-0.01,1,0,323.9,213.3,27.0,0.535,0.079
42.81,CARRY,40.66,-0.01,-9.49,41.1,-0.01,1,0,323.8,214.1,26.1,0.517,0.077
42.86,CARRY,40.66,-0.01,-9.49,41.13,-0.01,1,0,324.0,212.7,27.6,0.546,0.081
42.91,CARRY,40.7,-0.01,-9.49,41.15,-0.01,1,0,323.9,213.7,26.6,0.526,0.079
42.96,CARRY,40.7,-0.01,-9.49,41.18,-0.01,1,0,324.1,212.2,28.1,0.555,0.083
43.01,CARRY,40.74,-0.01,-9.49,41.2,-0.01,1,0,324.0,213.3,27.0,0.534,0.08
43.06,CARRY,40.74,-0.01,-9.49,41.23,-0.01,1,0,324.2,211.9,28.4,0.563,0.084
43.11,CARRY,40.79,-0.01,-9.49,41.25,-0.01,1,0,324.1,213.0,27.3,0.539,0.082
43.16,CARRY,40.79,-0.01,-9.49,41.28,-0.01,1,0,324.3,211.6,28.7,0.568,0.086
43.21,CARRY,40.83,-0.01,-9.49,41.3,-0.01,1,0,324.2,212.8,27.5,0.544,0.083
43.26,CARRY,40.83,-0.01,-9.49,41.33,-0.01,1,0,324.4,211.3,29.0,0.573,0.087
43.31,CARRY,40.88,-0.01,-9.49,41.35,-0.01,1,0,324.2,212.6,27.7,0.548,0.084
43.36,CARRY,40.88,-0.01,-9.49,41.38,-0.01,1,0,324.4,211.2,29.2,0.577,0.088
43.41,CARRY,40.93,-0.01,-9.49,41.4,-0.01,1,0,324.2,212.5,27.8,0.55,0.085
43.46,CARRY,40.93,-0.01,-9.49,41.43,-0.01,1,0,324.4,211.1,29.3,0.579,0.089
43.51,CARRY,40.98,-0.01,-9.49,41.45,-0.01,1,0,324.3,212.4,27.9,0.551,0.085
43.56,CARRY,40.98,-0.01,-9.49,41.48,-0.01,1,0,324.5,211.0,29.4,0.58,0.089
43.61,CARRY,41.03,-0.01,-9.49,41.5,-0.01,1,0,324.3,212.4,27.9,0.552,0.085
43.66,CARRY,41.03,-0.01,-9.49,41.53,-0.01,1,0,324.5,211.0,29.4,0.581,0.089
43.71,CARRY,41.08,-0.01,-9.49,41.55,-0.01,1,0,324.3,212.4,27.9,0.551,0.085
43.76,CARRY,41.08,-0.01,-9.49,41.58,-0.01,1,0,324.5,211.0,29.4,0.58,0.089
43.81,CARRY,41.13,-0.01,-9.49,41.6,-0.01,1,0,324.2,212.5,27.8,0.55,0.085
43.86,CARRY,41.13,-0.01,-9.49,41.63,-0.01,1,0,324.4,211.0,29.3,0.579,0.089
43.91,CARRY,41.18,-0.01,-9.49,41.65,-0.01,1,0,324.2,212.6,27.8,0.549,0.084
43.96,CARRY,41.18,-0.01,-9.49,41.68,-0.01,1,0,324.4,211.1,29.2,0.578,0.088
44.01,CARRY,41.23,-0.01,-9.49,41.7,-0.01,1,0,324.2,212.7,27.6,0.545,0.084
44.06,CARRY,41.23,-0.01,-9.49,41.73,-0.01,1,0,324.4,211.3,29.1,0.574,0.088
44.11,CARRY,41.28,-0.01,-9.49,41.75,-0.01,1,0,324.2,212.9,27.5,0.543,0.083
44.16,CARRY,41.28,-0.01,-9.49,41.78,-0.01,1,0,324.4,211.4,28.9,0.572,0.087
44.21,CARRY,41.34,-0.01,-9.49,41.8,-0.01,1,0,324.2,213.0,27.3,0.54,0.083
44.26,CARRY,41.34,-0.01,-9.49,41.83,-0.01,1,0,324.4,211.6,28.8,0.569,0.087
44.31,CARRY,41.39,-0.01,-9.49,41.85,-0.01,1,0,324.1,213.2,27.1,0.536,0.083
44.36,CARRY,41.39,-0.01,-9.49,41.88,-0.01,1,0,324.3,211.7,28.6,0.565,0.087
44.41,CARRY,41.44,-0.01,-9.49,41.9,-0.01,1,0,324.1,213.4,27.0,0.533,0.083
44.46,CARRY,41.44,-0.01,-9.49,41.93,-0.01,1,0,324.3,211.9,28.4,0.562,0.087
44.51,CARRY,41.5,-0.01,-9.49,41.96,-0.01,1,0,324.1,213.6,26.8,0.529,0.082
44.56,CARRY,41.5,-0.01,-9.49,41.98,-0.01,1,0,324.3,212.1,28.2,0.558,0.086
44.61,CARRY,41.55,-0.01,-9.49,42.01,-0.01,1,0,324.1,213.7,26.6,0.525,0.081
44.66,CARRY,41.55,-0.01,-9.49,42.03,-0.01,1,0,324.3,212.3,28.0,0.554,0.085
44.71,CARRY,41.6,-0.01,-9.49,42.06,-0.01,1,0,324.0,213.9,26.4,0.521,0.08
44.76,CARRY,41.6,-0.01,-9.49,42.08,-0.01,1,0,324.2,212.5,27.8,0.55,0.084
44.81,CARRY,41.66,-0.01,-9.49,42.11,-0.01,1,0,323.9,214.1,26.2,0.518,0.079
44.86,CARRY,41.66,-0.01,-9.49,42.13,-0.01,1,0,324.1,212.7,27.6,0.547,0.083
44.91,CARRY,41.71,-0.01,-9.49,42.16,-0.01,1,0,323.9,214.3,26.0,0.514,0.077
44.96,CARRY,41.71,-0.01,-9.49,42.18,-0.01,1,0,324.1,212.8,27.5,0.543,0.081
45.01,CARRY,41.76,-0.01,-9.49,42.21,-0.01,1,0,323.8,214.5,25.8,0.511,0.075
45.06,CARRY,41.76,-0.01,-9.49,42.23,-0.01,1,0,324.0,213.0,27.3,0.54,0.079
45.11,CARRY,41.82,-0.01,-9.49,42.26,-0.01,1,0,323.7,214.6,25.6,0.507,0.074
45.16,CARRY,41.82,-0.01,-9.49,42.28,-0.01,1,0,323.9,213.2,27.1,0.536,0.078
45.21,CARRY,41.87,-0.01,-9.49,42.31,-0.01,1,0,323.6,214.7,25.5,0.505,0.072
45.26,CARRY,41.87,-0.01,-9.49,42.33,-0.01,1,0,323.8,213.3,27.0,0.534,0.076
45.31,CARRY,41.92,-0.01,-9.49,42.36,-0.01,1,0,323.5,214.9,25.3,0.502,0.07
45.36,CARRY,41.92,-0.01,-9.49,42.38,-0.01,1,0,323.7,213.4,26.8,0.531,0.074
45.41,CARRY,41.97,-0.01,-9.49,42.41,-0.01,1,0,323.4,215.0,25.2,0.499,0.069
45.46,CARRY,41.97,-0.01,-9.49,42.43,-0.01,1,0,323.6,213.6,26.7,0.528,0.073
45.51,CARRY,42.03,-0.0,-9.49,42.46,-0.01,1,0,323.4,215.2,25.0,0.496,0.067
45.56,CARRY,42.03,-0.0,-9.49,42.48,-0.01,1,0,323.6,213.7,26.5,0.525,0.071
45.61,CARRY,42.08,-0.0,-9.49,42.51,-0.01,1,0,323.3,215.3,24.9,0.493,0.066
45.66,CARRY,42.08,-0.0,-9.49,42.53,-0.01,1,0,323.5,213.9,26.4,0.522,0.07
45.71,CARRY,42.13,-0.0,-9.49,42.56,-0.01,1,0,323.3,215.5,24.8,0.491,0.065
45.76,CARRY,42.13,-0.0,-9.49,42.58,-0.01,1,0,323.5,214.0,26.2,0.52,0.069
45.81,CARRY,42.18,-0.0,-9.49,42.61,-0.01,1,0,323.2,215.6,24.6,0.488,0.064
45.86,CARRY,42.18,-0.0,-9.49,42.63,-0.01,1,0,323.4,214.1,26.1,0.517,0.068
45.91,CARRY,42.24,-0.0,-9.49,42.66,-0.01,1,0,323.2,215.7,24.5,0.486,0.064
45.96,CARRY,42.24,-0.0,-9.49,42.68,-0.01,1,0,323.4,214.3,26.0,0.515,0.068
46.01,CARRY,42.29,-0.0,-9.49,42.71,-0.01,1,0,323.2,215.8,24.4,0.483,0.063
46.06,CARRY,42.29,-0.0,-9.49,42.73,-0.01,1,0,323.4,214.4,25.8,0.512,0.067
46.11,CARRY,42.34,-0.0,-9.49,42.76,-0.01,1,0,323.1,216.0,24.2,0.48,0.063
46.16,CARRY,42.34,-0.0,-9.49,42.78,-0.01,1,0,323.3,214.6,25.7,0.509,0.067
46.21,CARRY,42.39,-0.0,-9.49,42.81,-0.01,1,0,323.1,216.1,24.1,0.478,0.063
46.26,CARRY,42.39,-0.0,-9.49,42.83,-0.01,1,0,323.3,214.7,25.6,0.507,0.067
46.31,CARRY,42.45,-0.0,-9.49,42.86,-0.01,1,0,323.1,216.2,24.0,0.476,0.063
46.36,CARRY,42.45,-0.0,-9.49,42.88,-0.01,1,0,323.3,214.7,25.5,0.505,0.067
46.41,CARRY,42.5,-0.0,-9.49,42.91,-0.01,1,0,323.1,216.3,23.9,0.475,0.063
46.46,CARRY,42.5,-0.0,-9.49,42.93,-0.01,1,0,323.3,214.8,25.4,0.504,0.067
46.51,CARRY,42.55,-0.0,-9.49,42.96,-0.01,1,0,323.1,216.3,23.9,0.474,0.063
46.56,CARRY,42.55,-0.0,-9.49,42.98,-0.01,1,0,323.3,214.9,25.4,0.503,0.067
46.61,CARRY,42.6,-0.0,-9.49,43.01,-0.01,1,0,323.1,216.4,23.9,0.473,0.063
46.66,CARRY,42.6,-0.0,-9.49,43.03,-0.01,1,0,323.3,214.9,25.3,0.502,0.067
46.71,CARRY,42.65,-0.0,-9.49,43.06,-0.01,1,0,323.2,216.4,23.8,0.472,0.063
46.76,CARRY,42.65,-0.0,-9.49,43.08,-0.01,1,0,323.4,214.9,25.3,0.501,0.067
46.81,CARRY,42.7,-0.0,-9.49,43.11,-0.01,1,0,323.2,216.4,23.8,0.472,0.063
46.86,CARRY,42.7,-0.0,-9.49,43.13,-0.01,1,0,323.4,214.9,25.3,0.501,0.067
46.91,CARRY,42.75,-0.0,-9.49,43.16,-0.01,1,0,323.2,216.4,23.8,0.472,0.063
46.96,CARRY,42.75,-0.0,-9.49,43.18,-0.01,1,0,323.4,214.9,25.3,0.501,0.067
47.01,CARRY,42.8,-0.0,-9.49,43.21,-0.01,1,0,323.2,216.4,23.8,0.473,0.064
47.06,CARRY,42.8,-0.0,-9.49,43.23,-0.01,1,0,323.4,214.9,25.3,0.502,0.068
47.11,CARRY,42.85,-0.0,-9.49,43.26,-0.01,1,0,323.2,216.3,23.9,0.473,0.064
47.16,CARRY,42.85,-0.0,-9.49,43.28,-0.01,1,0,323.4,214.9,25.3,0.502,0.068
47.21,CARRY,42.9,-0.0,-9.49,43.31,-0.01,1,0,323.2,216.3,23.9,0.474,0.064
47.26,CARRY,42.9,-0.0,-9.49,43.33,-0.01,1,0,323.4,214.9,25.4,0.503,0.068
47.31,CARRY,42.95,-0.0,-9.49,43.36,-0.01,1,0,323.2,216.2,24.0,0.475,0.064
47.36,CARRY,42.95,-0.0,-9.49,43.38,-0.01,1,0,323.4,214.8,25.4,0.504,0.068
47.41,CARRY,43.0,-0.0,-9.49,43.41,-0.01,1,0,323.2,216.2,24.0,0.476,0.064
47.46,CARRY,43.0,-0.0,-9.49,43.43,-0.01,1,0,323.4,214.8,25.5,0.505,0.068
47.52,CARRY,43.05,-0.0,-9.49,43.46,-0.01,1,0,323.2,216.2,24.0,0.477,0.065
47.57,CARRY,43.05,-0.0,-9.49,43.48,-0.01,1,0,323.4,214.7,25.5,0.506,0.069
47.62,CARRY,43.09,-0.0,-9.49,43.51,-0.01,1,0,323.2,216.1,24.1,0.477,0.065
47.67,CARRY,43.09,-0.0,-9.49,43.53,-0.01,1,0,323.4,214.7,25.5,0.506,0.069
47.72,CARRY,43.14,-0.0,-9.49,43.56,-0.01,1,0,323.2,216.1,24.1,0.478,0.065
47.77,CARRY,43.14,-0.0,-9.49,43.58,-0.01,1,0,323.4,214.7,25.6,0.507,0.069
47.82,CARRY,43.19,-0.0,-9.49,43.61,-0.01,1,0,323.2,216.1,24.1,0.478,0.065
47.87,CARRY,43.19,-0.0,-9.49,43.63,-0.01,1,0,323.4,214.6,25.6,0.507,0.069
47.92,CARRY,43.24,-0.0,-9.48,43.66,-0.01,1,0,323.2,216.1,24.2,0.479,0.065
47.97,CARRY,43.24,-0.0,-9.48,43.68,-0.01,1,0,323.4,214.6,25.6,0.508,0.069
48.02,CARRY,43.29,-0.0,-9.48,43.71,-0.01,1,0,323.2,216.0,24.2,0.479,0.065
48.07,CARRY,43.29,-0.0,-9.48,43.73,-0.01,1,0,323.4,214.6,25.6,0.508,0.069
48.12,CARRY,43.34,-0.0,-9.48,43.76,-0.01,1,0,323.2,216.0,24.2,0.479,0.065
48.17,CARRY,43.34,-0.0,-9.48,43.78,-0.01,1,0,323.4,214.6,25.7,0.508,0.069
48.22,CARRY,43.39,-0.0,-9.48,43.81,-0.01,1,0,323.2,216.1,24.1,0.478,0.065
48.27,CARRY,43.39,-0.0,-9.48,43.83,-0.01,1,0,323.4,214.6,25.6,0.507,0.069
48.32,CARRY,43.44,-0.0,-9.48,43.86,-0.01,1,0,323.2,216.1,24.1,0.479,0.065
48.37,CARRY,43.44,-0.0,-9.48,43.88,-0.01,1,0,323.4,214.6,25.6,0.508,0.069
48.42,CARRY,43.49,-0.0,-9.48,43.91,-0.01,1,0,323.2,216.1,24.2,0.479,0.065
48.47,CARRY,43.49,-0.0,-9.48,43.93,-0.01,1,0,323.4,214.6,25.6,0.508,0.069
48.52,CARRY,43.54,-0.0,-9.48,43.96,-0.01,1,0,323.2,216.1,24.2,0.479,0.065
48.57,CARRY,43.54,-0.0,-9.48,43.98,-0.01,1,0,323.4,214.6,25.6,0.508,0.069
48.62,CARRY,43.59,-0.0,-9.48,44.01,-0.01,1,0,323.2,216.0,24.2,0.479,0.065
48.67,CARRY,43.59,-0.0,-9.48,44.03,-0.01,1,0,323.4,214.6,25.6,0.508,0.069
48.72,CARRY,43.64,-0.0,-9.48,44.06,-0.01,1,0,323.3,216.0,24.2,0.479,0.065
48.77,CARRY,43.64,-0.0,-9.48,44.08,-0.01,1,0,323.5,214.6,25.6,0.508,0.069
48.82,CARRY,43.69,-0.0,-9.48,44.11,-0.01,1,0,323.3,216.0,24.2,0.48,0.065
48.87,CARRY,43.69,-0.0,-9.48,44.13,-0.01,1,0,323.5,214.6,25.7,0.509,0.069
48.92,CARRY,43.74,-0.0,-9.48,44.16,-0.01,1,0,323.3,216.0,24.2,0.48,0.065
48.97,CARRY,43.74,-0.0,-9.48,44.18,-0.01,1,0,323.5,214.6,25.7,0.509,0.069
49.02,CARRY,43.79,-0.0,-9.48,44.21,-0.01,1,0,323.3,216.0,24.2,0.48,0.065
49.07,CARRY,43.79,-0.0,-9.48,44.23,-0.01,1,0,323.5,214.5,25.7,0.509,0.069
49.12,CARRY,43.84,-0.0,-9.48,44.26,-0.01,1,0,323.3,216.0,24.3,0.481,0.065
49.17,CARRY,43.84,-0.0,-9.48,44.28,-0.01,1,0,323.5,214.5,25.7,0.51,0.069
49.22,CARRY,43.89,-0.0,-9.48,44.31,-0.01,1,0,323.3,215.9,24.3,0.481,0.065
49.27,CARRY,43.89,-0.0,-9.48,44.33,-0.01,1,0,323.5,214.5,25.8,0.51,0.069
49.32,CARRY,43.94,-0.0,-9.48,44.36,-0.01,1,0,323.3,215.9,24.3,0.482,0.066
49.37,CARRY,43.94,-0.0,-9.48,44.38,-0.01,1,0,323.5,214.5,25.8,0.511,0.07
49.42,CARRY,43.99,-0.01,-9.48,44.41,-0.01,1,0,323.3,215.8,24.4,0.483,0.066
49.47,CARRY,43.99,-0.01,-9.48,44.43,-0.01,1,0,323.5,214.4,25.8,0.512,0.07
49.52,CARRY,44.04,-0.01,-9.48,44.46,-0.01,1,0,323.3,215.8,24.4,0.484,0.066
49.57,CARRY,44.04,-0.01,-9.48,44.48,-0.01,1,0,323.5,214.4,25.9,0.513,0.07
49.62,CARRY,44.09,-0.01,-9.48,44.51,-0.01,1,0,323.3,215.8,24.4,0.484,0.066
49.67,CARRY,44.09,-0.01,-9.48,44.53,-0.01,1,0,323.5,214.4,25.9,0.513,0.07
49.72,CARRY,44.14,-0.01,-9.48,44.56,-0.01,1,0,323.3,215.8,24.4,0.484,0.066
49.77,CARRY,44.14,-0.01,-9.48,44.58,-0.01,1,0,323.5,214.3,25.9,0.513,0.07
49.82,CARRY,44.19,-0.0,-9.48,44.61,-0.01,1,0,323.3,215.8,24.4,0.484,0.066
49.87,CARRY,44.19,-0.0,-9.48,44.63,-0.01,1,0,323.5,214.3,25.9,0.513,0.07
49.92,CARRY,44.24,-0.0,-9.48,44.66,-0.01,1,0,323.3,215.8,24.4,0.485,0.065
49.97,CARRY,44.24,-0.0,-9.48,44.68,-0.01,1,0,323.5,214.3,25.9,0.514,0.069
50.02,CARRY,44.29,-0.0,-9.48,44.71,-0.01,1,0,323.3,215.8,24.5,0.485,0.065
50.07,CARRY,44.29,-0.0,-9.48,44.73,-0.01,1,0,323.5,214.3,25.9,0.514,0.069
50.12,CARRY,44.34,-0.0,-9.48,44.76,-0.01,1,0,323.2,215.8,24.4,0.485,0.065
50.17,CARRY,44.34,-0.0,-9.48,44.78,-0.01,1,0,323.4,214.3,25.9,0.514,0.069
50.22,CARRY,44.39,-0.0,-9.48,44.81,-0.01,1,0,323.2,215.8,24.4,0.485,0.064
50.27,CARRY,44.39,-0.0,-9.48,44.83,-0.01,1,0,323.4,214.3,25.9,0.514,0.068
50.32,CARRY,44.44,-0.0,-9.48,44.86,-0.01,1,0,323.2,215.8,24.4,0.483,0.064
50.37,CARRY,44.44,-0.0,-9.48,44.88,-0.01,1,0,323.4,214.4,25.8,0.512,0.068
50.42,CARRY,44.49,-0.0,-9.49,44.91,-0.01,1,0,323.2,215.9,24.4,0.483,0.064
50.47,CARRY,44.49,-0.0,-9.49,44.93,-0.01,1,0,323.4,214.4,25.8,0.512,0.068
50.52,CARRY,44.54,-0.0,-9.49,44.96,-0.01,1,0,323.2,215.9,24.3,0.483,0.063
50.57,CARRY,44.54,-0.0,-9.49,44.98,-0.01,1,0,323.4,214.4,25.8,0.512,0.067
50.62,CARRY,44.59,-0.0,-9.49,45.01,-0.01,1,0,323.2,215.9,24.3,0.482,0.063
50.67,CARRY,44.59,-0.0,-9.49,45.03,-0.01,1,0,323.4,214.4,25.8,0.511,0.067
50.72,CARRY,44.64,-0.0,-9.49,45.06,-0.01,1,0,323.2,215.9,24.3,0.482,0.063
50.77,CARRY,44.64,-0.0,-9.49,45.08,-0.01,1,0,323.4,214.4,25.8,0.511,0.067
50.82,CARRY,44.69,-0.0,-9.49,45.11,-0.01,1,0,323.2,215.9,24.3,0.482,0.063
50.87,CARRY,44.69,-0.0,-9.49,45.13,-0.01,1,0,323.4,214.4,25.8,0.511,0.067
50.92,CARRY,44.74,-0.0,-9.49,45.16,-0.01,1,0,323.2,215.9,24.3,0.482,0.063
50.97,CARRY,44.74,-0.0,-9.49,45.18,-0.01,1,0,323.4,214.5,25.8,0.511,0.067
51.02,CARRY,44.79,-0.0,-9.49,45.21,-0.01,1,0,323.2,215.9,24.3,0.482,0.063
51.07,CARRY,44.79,-0.0,-9.49,45.23,-0.01,1,0,323.4,214.5,25.8,0.511,0.067
51.12,CARRY,44.84,-0.0,-9.49,45.26,-0.01,1,0,323.2,215.9,24.3,0.482,0.063
51.17,CARRY,44.84,-0.0,-9.49,45.28,-0.01,1,0,323.4,214.5,25.8,0.511,0.067
51.22,CARRY,44.89,-0.0,-9.49,45.31,-0.01,1,0,323.2,215.9,24.3,0.482,0.064
51.27,CARRY,44.89,-0.0,-9.49,45.33,-0.01,1,0,323.4,214.5,25.8,0.511,0.068
51.32,CARRY,44.94,-0.0,-9.49,45.36,-0.01,1,0,323.2,215.9,24.3,0.482,0.064
51.37,CARRY,44.94,-0.0,-9.49,45.38,-0.01,1,0,323.4,214.5,25.8,0.511,0.068
51.42,CARRY,44.99,-0.0,-9.49,45.41,-0.01,1,0,323.2,215.9,24.3,0.482,0.064
51.47,CARRY,44.99,-0.0,-9.49,45.43,-0.01,1,0,323.4,214.5,25.8,0.511,0.068
51.52,CARRY,45.04,-0.0,-9.49,45.46,-0.01,1,0,323.2,215.9,24.3,0.483,0.065
51.57,CARRY,45.04,-0.0,-9.49,45.48,-0.01,1,0,323.4,214.4,25.8,0.512,0.069
51.62,CARRY,45.09,-0.0,-9.49,45.51,-0.01,1,0,323.3,215.9,24.4,0.483,0.065
51.67,CARRY,45.09,-0.0,-9.49,45.53,-0.01,1,0,323.5,214.4,25.8,0.512,0.069
51.72,CARRY,45.14,-0.0,-9.49,45.56,-0.01,1,0,323.3,215.9,24.4,0.483,0.065
51.77,CARRY,45.14,-0.0,-9.49,45.58,-0.01,1,0,323.5,214.4,25.8,0.512,0.069
51.82,CARRY,45.19,-0.0,-9.49,45.61,-0.01,1,0,323.3,215.9,24.4,0.483,0.066
51.87,CARRY,45.19,-0.0,-9.49,45.63,-0.01,1,0,323.5,214.4,25.8,0.512,0.07
51.92,CARRY,45.24,-0.01,-9.49,45.66,-0.01,1,0,323.3,215.9,24.4,0.483,0.066
51.97,CARRY,45.24,-0.01,-9.49,45.68,-0.01,1,0,323.5,214.4,25.8,0.512,0.07
52.02,CARRY,45.29,-0.01,-9.49,45.71,-0.01,1,0,323.3,215.9,24.4,0.483,0.066
52.07,CARRY,45.29,-0.01,-9.49,45.73,-0.01,1,0,323.5,214.4,25.8,0.512,0.07
52.12,CARRY,45.34,-0.01,-9.49,45.76,-0.01,1,0,323.3,215.9,24.4,0.483,0.066
52.17,CARRY,45.34,-0.01,-9.49,45.78,-0.01,1,0,323.5,214.4,25.8,0.512,0.07
52.22,CARRY,45.39,-0.01,-9.49,45.81,-0.01,1,0,323.3,215.9,24.4,0.483,0.067
52.27,CARRY,45.39,-0.01,-9.49,45.83,-0.01,1,0,323.5,214.4,25.8,0.512,0.071
52.32,CARRY,45.44,-0.01,-9.49,45.86,-0.01,1,0,323.3,215.9,24.4,0.483,0.067
52.37,CARRY,45.44,-0.01,-9.49,45.88,-0.01,1,0,323.5,214.4,25.8,0.512,0.071
52.42,CARRY,45.49,-0.01,-9.49,45.91,-0.01,1,0,323.3,215.9,24.3,0.481,0.067
52.47,CARRY,45.49,-0.01,-9.49,45.94,-0.01,1,0,323.5,214.5,25.8,0.51,0.071
52.52,CARRY,45.54,-0.01,-9.49,45.96,-0.01,1,0,323.3,215.9,24.3,0.481,0.067
52.57,CARRY,45.54,-0.01,-9.49,45.99,-0.01,1,0,323.5,214.5,25.7,0.51,0.071
52.62,CARRY,45.59,-0.01,-9.49,46.01,-0.01,1,0,323.3,216.0,24.3,0.481,0.067
52.67,CARRY,45.59,-0.01,-9.49,46.04,-0.01,1,0,323.5,214.5,25.7,0.51,0.071
52.72,CARRY,45.64,-0.01,-9.49,46.06,-0.01,1,0,323.4,216.0,24.3,0.481,0.067
52.77,CARRY,45.64,-0.01,-9.49,46.09,-0.01,1,0,323.6,214.5,25.7,0.51,0.071
52.82,CARRY,45.69,-0.01,-9.49,46.11,-0.01,1,0,323.4,216.0,24.3,0.481,0.067
52.87,CARRY,45.69,-0.01,-9.49,46.14,-0.01,1,0,323.6,214.5,25.7,0.51,0.071
52.92,CARRY,45.75,-0.01,-9.49,46.16,-0.01,1,0,323.4,216.0,24.3,0.481,0.068
52.97,CARRY,45.75,-0.01,-9.49,46.19,-0.01,1,0,323.6,214.5,25.7,0.51,0.072
53.02,CARRY,45.8,-0.01,-9.49,46.21,-0.01,1,0,323.4,216.0,24.3,0.48,0.068
53.07,CARRY,45.8,-0.01,-9.49,46.24,-0.01,1,0,323.6,214.5,25.7,0.509,0.072
53.12,CARRY,45.85,-0.01,-9.49,46.26,-0.01,1,0,323.4,216.0,24.3,0.48,0.069
53.17,CARRY,45.85,-0.01,-9.49,46.29,-0.01,1,0,323.6,214.5,25.7,0.509,0.073
53.22,CARRY,45.9,-0.01,-9.49,46.31,-0.01,1,0,323.4,216.0,24.3,0.48,0.069
53.27,CARRY,45.9,-0.01,-9.49,46.34,-0.01,1,0,323.6,214.5,25.7,0.509,0.073
53.32,CARRY,45.95,-0.01,-9.49,46.36,-0.01,1,0,323.5,216.0,24.3,0.48,0.069
53.37,CARRY,45.95,-0.01,-9.49,46.39,-0.01,1,0,323.7,214.5,25.7,0.509,0.073
53.42,CARRY,46.0,-0.01,-9.49,46.41,-0.01,1,0,323.5,216.0,24.3,0.48,0.07
53.47,CARRY,46.0,-0.01,-9.49,46.44,-0.01,1,0,323.7,214.5,25.7,0.509,0.074
53.52,CARRY,46.05,-0.01,-9.48,46.46,-0.01,1,0,323.5,216.0,24.3,0.48,0.07
53.57,CARRY,46.05,-0.01,-9.48,46.49,-0.01,1,0,323.7,214.5,25.7,0.509,0.074
53.62,CARRY,46.09,-0.01,-9.48,46.51,-0.01,1,0,323.5,215.9,24.3,0.481,0.07
53.67,CARRY,46.09,-0.01,-9.48,46.54,-0.01,1,0,323.7,214.5,25.8,0.51,0.074
53.72,CARRY,46.14,-0.01,-9.48,46.56,-0.01,1,0,323.5,215.9,24.3,0.481,0.07
53.77,CARRY,46.14,-0.01,-9.48,46.59,-0.01,1,0,323.7,214.5,25.8,0.51,0.074
53.82,CARRY,46.19,-0.01,-9.48,46.61,-0.01,1,0,323.5,215.9,24.3,0.481,0.07
53.87,CARRY,46.19,-0.01,-9.48,46.64,-0.01,1,0,323.7,214.5,25.8,0.51,0.074
53.92,CARRY,46.24,-0.01,-9.48,46.66,-0.01,1,0,323.5,215.9,24.3,0.481,0.07
53.97,CARRY,46.24,-0.01,-9.48,46.69,-0.01,1,0,323.7,214.5,25.8,0.51,0.074
54.02,CARRY,46.29,-0.01,-9.48,46.71,-0.01,1,0,323.5,215.9,24.3,0.482,0.07
54.07,CARRY,46.29,-0.01,-9.48,46.74,-0.01,1,0,323.7,214.5,25.8,0.511,0.074
54.12,CARRY,46.34,-0.01,-9.48,46.76,-0.01,1,0,323.5,215.9,24.3,0.482,0.07
54.17,CARRY,46.34,-0.01,-9.48,46.79,-0.01,1,0,323.7,214.5,25.8,0.511,0.074
54.22,CARRY,46.39,-0.01,-9.48,46.81,-0.01,1,0,323.5,215.9,24.3,0.482,0.069
54.27,CARRY,46.39,-0.01,-9.48,46.84,-0.01,1,0,323.7,214.5,25.8,0.511,0.073
54.32,CARRY,46.44,-0.01,-9.48,46.86,-0.01,1,0,323.4,215.9,24.3,0.482,0.069
54.37,CARRY,46.44,-0.01,-9.48,46.89,-0.01,1,0,323.6,214.5,25.8,0.511,0.073
54.42,CARRY,46.5,-0.01,-9.48,46.91,-0.01,1,0,323.4,216.0,24.3,0.48,0.068
54.47,CARRY,46.5,-0.01,-9.48,46.94,-0.01,1,0,323.6,214.5,25.7,0.509,0.072
54.52,CARRY,46.55,-0.01,-9.48,46.96,-0.01,1,0,323.4,216.0,24.3,0.48,0.068
54.57,CARRY,46.55,-0.01,-9.48,46.99,-0.01,1,0,323.6,214.5,25.7,0.509,0.072
54.62,CARRY,46.6,-0.01,-9.48,47.01,-0.01,1,0,323.4,216.0,24.2,0.48,0.068
54.67,CARRY,46.6,-0.01,-9.48,47.04,-0.01,1,0,323.6,214.5,25.7,0.509,0.072
54.72,CARRY,46.65,-0.01,-9.48,47.06,-0.01,1,0,323.4,216.0,24.3,0.48,0.068
54.77,CARRY,46.65,-0.01,-9.48,47.09,-0.01,1,0,323.6,214.5,25.7,0.509,0.072
54.82,CARRY,46.7,-0.01,-9.48,47.11,-0.01,1,0,323.4,216.0,24.3,0.481,0.067
54.87,CARRY,46.7,-0.01,-9.48,47.14,-0.01,1,0,323.6,214.5,25.7,0.51,0.071
54.92,CARRY,46.75,-0.01,-9.48,47.16,-0.01,1,0,323.4,215.9,24.3,0.481,0.067
54.97,CARRY,46.75,-0.01,-9.48,47.19,-0.01,1,0,323.6,214.5,25.8,0.51,0.071
55.02,CARRY,46.8,-0.01,-9.48,47.21,-0.01,1,0,323.4,215.9,24.3,0.482,0.067
55.07,CARRY,46.8,-0.01,-9.48,47.24,-0.01,1,0,323.6,214.4,25.8,0.511,0.071
55.12,CARRY,46.84,-0.01,-9.48,47.26,-0.01,1,0,323.4,215.9,24.4,0.483,0.067
55.17,CARRY,46.84,-0.01,-9.48,47.29,-0.01,1,0,323.6,214.4,25.8,0.512,0.071
55.22,CARRY,46.89,-0.01,-9.48,47.31,-0.01,1,0,323.3,215.8,24.4,0.484,0.067
55.27,CARRY,46.89,-0.01,-9.48,47.34,-0.01,1,0,323.5,214.4,25.9,0.513,0.071
55.33,CARRY,46.94,-0.01,-9.48,47.36,-0.01,1,0,323.3,215.8,24.4,0.484,0.067
55.38,CARRY,46.94,-0.01,-9.48,47.39,-0.01,1,0,323.5,214.3,25.9,0.513,0.071
55.43,CARRY,46.99,-0.01,-9.48,47.41,-0.01,1,0,323.3,215.8,24.5,0.485,0.067
55.48,CARRY,46.99,-0.01,-9.48,47.44,-0.01,1,0,323.5,214.3,25.9,0.513,0.071
55.53,CARRY,47.04,-0.01,-9.48,47.46,-0.01,1,0,323.3,215.8,24.5,0.485,0.067
55.58,CARRY,47.04,-0.01,-9.48,47.49,-0.01,1,0,323.5,214.3,25.9,0.514,0.071
55.63,CARRY,47.09,-0.01,-9.48,47.51,-0.01,1,0,323.3,215.7,24.5,0.486,0.067
55.68,CARRY,47.09,-0.01,-9.48,47.54,-0.01,1,0,323.5,214.3,26.0,0.515,0.071
55.73,CARRY,47.14,-0.01,-9.48,47.56,-0.01,1,0,323.3,215.7,24.5,0.486,0.067
55.78,CARRY,47.14,-0.01,-9.48,47.59,-0.01,1,0,323.5,214.3,26.0,0.515,0.071
55.83,CARRY,47.19,-0.01,-9.48,47.61,-0.01,1,0,323.3,215.7,24.5,0.485,0.067
55.88,CARRY,47.19,-0.01,-9.48,47.64,-0.01,1,0,323.5,214.3,26.0,0.514,0.071
55.93,CARRY,47.24,-0.01,-9.48,47.66,-0.01,1,0,323.3,215.7,24.5,0.485,0.067
55.98,CARRY,47.24,-0.01,-9.48,47.69,-0.01,1,0,323.5,214.3,25.9,0.514,0.071
56.03,CARRY,47.29,-0.01,-9.48,47.71,-0.01,1,0,323.3,215.8,24.5,0.485,0.066
56.08,CARRY,47.29,-0.01,-9.48,47.74,-0.01,1,0,323.5,214.3,25.9,0.514,0.07
56.13,CARRY,47.34,-0.01,-9.49,47.76,-0.01,1,0,323.3,215.8,24.4,0.484,0.066
56.18,CARRY,47.34,-0.01,-9.49,47.79,-0.01,1,0,323.5,214.3,25.9,0.513,0.07
56.23,CARRY,47.4,-0.01,-9.49,47.81,-0.01,1,0,323.3,215.8,24.4,0.483,0.066
56.28,CARRY,47.4,-0.01,-9.49,47.84,-0.01,1,0,323.5,214.4,25.9,0.512,0.07
56.33,CARRY,47.45,-0.01,-9.49,47.86,-0.01,1,0,323.3,215.9,24.3,0.482,0.066
56.38,CARRY,47.45,-0.01,-9.49,47.89,-0.01,1,0,323.5,214.4,25.8,0.511,0.07
56.43,CARRY,47.5,-0.01,-9.49,47.91,-0.01,1,0,323.3,215.9,24.3,0.482,0.066
56.48,CARRY,47.5,-0.01,-9.49,47.94,-0.01,1,0,323.5,214.5,25.8,0.511,0.07
56.53,CARRY,47.55,-0.01,-9.49,47.96,-0.01,1,0,323.3,216.0,24.2,0.479,0.065
56.58,CARRY,47.55,-0.01,-9.49,47.99,-0.01,1,0,323.5,214.6,25.7,0.508,0.069
56.63,CARRY,47.6,-0.01,-9.49,48.01,-0.01,1,0,323.3,216.1,24.2,0.479,0.065
56.68,CARRY,47.6,-0.01,-9.49,48.04,-0.01,1,0,323.5,214.6,25.6,0.508,0.069
56.73,CARRY,47.65,-0.01,-9.49,48.06,-0.01,1,0,323.3,216.1,24.1,0.478,0.065
56.78,CARRY,47.65,-0.01,-9.49,48.09,-0.01,1,0,323.5,214.6,25.6,0.507,0.069
56.83,CARRY,47.7,-0.0,-9.49,48.11,-0.01,1,0,323.2,216.1,24.1,0.478,0.065
56.88,CARRY,47.7,-0.0,-9.49,48.14,-0.01,1,0,323.4,214.7,25.6,0.507,0.069
56.93,CARRY,47.75,-0.0,-9.49,48.16,-0.01,1,0,323.2,216.1,24.1,0.477,0.065
56.98,CARRY,47.75,-0.0,-9.49,48.19,-0.01,1,0,323.4,214.7,25.5,0.506,0.069
57.03,CARRY,47.8,-0.0,-9.49,48.21,-0.01,1,0,323.2,216.2,24.1,0.477,0.065
57.08,CARRY,47.8,-0.0,-9.49,48.24,-0.01,1,0,323.4,214.7,25.5,0.506,0.069
57.13,CARRY,47.85,-0.0,-9.49,48.26,-0.01,1,0,323.2,216.2,24.1,0.477,0.065
57.18,CARRY,47.85,-0.0,-9.49,48.29,-0.01,1,0,323.4,214.7,25.5,0.506,0.069
57.23,CARRY,47.9,-0.01,-9.49,48.31,-0.01,1,0,323.2,216.2,24.1,0.477,0.065
57.28,CARRY,47.9,-0.01,-9.49,48.34,-0.01,1,0,323.4,214.7,25.5,0.506,0.069
57.33,CARRY,47.95,-0.01,-9.49,48.36,-0.01,1,0,323.3,216.2,24.1,0.477,0.065
57.38,CARRY,47.95,-0.01,-9.49,48.39,-0.01,1,0,323.5,214.7,25.5,0.506,0.069
57.43,CARRY,48.0,-0.01,-9.49,48.41,-0.01,1,0,323.3,216.1,24.1,0.477,0.065
57.48,CARRY,48.0,-0.01,-9.49,48.44,-0.01,1,0,323.5,214.7,25.5,0.506,0.069
57.53,CARRY,48.05,-0.01,-9.49,48.46,-0.01,1,0,323.3,216.1,24.1,0.478,0.065
57.58,CARRY,48.05,-0.01,-9.49,48.49,-0.01,1,0,323.5,214.7,25.6,0.507,0.069
57.63,CARRY,48.1,-0.01,-9.49,48.51,-0.01,1,0,323.3,216.1,24.1,0.478,0.065
57.68,CARRY,48.1,-0.01,-9.49,48.54,-0.01,1,0,323.5,214.6,25.6,0.507,0.069
57.73,CARRY,48.15,-0.01,-9.49,48.56,-0.01,1,0,323.3,216.0,24.2,0.48,0.065
57.78,CARRY,48.15,-0.01,-9.49,48.59,-0.01,1,0,323.5,214.6,25.7,0.509,0.069
57.83,CARRY,48.2,-0.01,-9.49,48.61,-0.01,1,0,323.3,216.0,24.2,0.48,0.066
57.88,CARRY,48.2,-0.01,-9.49,48.64,-0.01,1,0,323.5,214.5,25.7,0.509,0.07
57.93,CARRY,48.25,-0.01,-9.49,48.66,-0.01,1,0,323.3,216.0,24.3,0.481,0.066
57.98,CARRY,48.25,-0.01,-9.49,48.69,-0.01,1,0,323.5,214.5,25.7,0.51,0.07
58.03,CARRY,48.3,-0.01,-9.49,48.71,-0.01,1,0,323.3,216.0,24.3,0.481,0.066
58.08,CARRY,48.3,-0.01,-9.49,48.74,-0.01,1,0,323.5,214.5,25.7,0.51,0.07
58.13,CARRY,48.35,-0.01,-9.49,48.76,-0.01,1,0,323.3,215.9,24.3,0.481,0.066
58.18,CARRY,48.35,-0.01,-9.49,48.79,-0.01,1,0,323.5,214.5,25.8,0.51,0.07
58.23,CARRY,48.4,-0.01,-9.49,48.81,-0.01,1,0,323.3,215.9,24.3,0.482,0.066
58.28,CARRY,48.4,-0.01,-9.49,48.84,-0.01,1,0,323.5,214.5,25.8,0.511,0.07
58.33,CARRY,48.45,-0.01,-9.49,48.86,-0.01,1,0,323.3,215.9,24.3,0.482,0.066
58.38,CARRY,48.45,-0.01,-9.49,48.89,-0.01,1,0,323.5,214.5,25.8,0.511,0.07
58.43,CARRY,48.5,-0.01,-9.49,48.91,-0.01,1,0,323.3,215.9,24.3,0.482,0.066
58.48,CARRY,48.5,-0.01,-9.49,48.94,-0.01,1,0,323.5,214.5,25.8,0.511,0.07
58.53,CARRY,48.55,-0.01,-9.49,48.96,-0.01,1,0,323.3,215.9,24.3,0.482,0.066
58.58,CARRY,48.55,-0.01,-9.49,48.99,-0.01,1,0,323.5,214.4,25.8,0.511,0.07
58.63,CARRY,48.6,-0.01,-9.49,49.01,-0.01,1,0,323.3,215.9,24.3,0.481,0.066
58.68,CARRY,48.6,-0.01,-9.49,49.04,-0.01,1,0,323.5,214.5,25.7,0.51,0.07
58.73,CARRY,48.65,-0.01,-9.49,49.06,-0.01,1,0,323.3,215.9,24.3,0.482,0.066
58.78,CARRY,48.65,-0.01,-9.49,49.09,-0.01,1,0,323.5,214.5,25.8,0.511,0.07
58.83,CARRY,48.7,-0.01,-9.49,49.11,-0.01,1,0,323.3,215.9,24.3,0.482,0.066
58.88,CARRY,48.7,-0.01,-9.49,49.14,-0.01,1,0,323.5,214.4,25.8,0.511,0.07
58.93,CARRY,48.75,-0.01,-9.49,49.16,-0.01,1,0,323.3,215.9,24.4,0.483,0.066
58.98,CARRY,48.75,-0.01,-9.49,49.19,-0.01,1,0,323.5,214.4,25.8,0.512,0.07
59.03,CARRY,48.8,-0.01,-9.49,49.21,-0.01,1,0,323.3,215.8,24.4,0.483,0.066
59.08,CARRY,48.8,-0.01,-9.49,49.24,-0.01,1,0,323.5,214.4,25.8,0.512,0.07
59.13,CARRY,48.85,-0.01,-9.49,49.26,-0.01,1,0,323.3,215.8,24.4,0.483,0.066
59.18,CARRY,48.85,-0.01,-9.49,49.29,-0.01,1,0,323.5,214.4,25.9,0.512,0.07
59.23,CARRY,48.9,-0.01,-9.49,49.31,-0.01,1,0,323.3,215.8,24.4,0.484,0.066
59.28,CARRY,48.9,-0.01,-9.49,49.34,-0.01,1,0,323.5,214.4,25.9,0.513,0.07
59.33,CARRY,48.95,-0.01,-9.49,49.36,-0.01,1,0,323.3,215.8,24.4,0.484,0.066
59.38,CARRY,48.95,-0.01,-9.49,49.39,-0.01,1,0,323.5,214.3,25.9,0.513,0.07
59.43,CARRY,49.0,-0.01,-9.49,49.41,-0.01,1,0,323.3,215.8,24.4,0.484,0.066
59.48,CARRY,49.0,-0.01,-9.49,49.44,-0.01,1,0,323.5,214.3,25.9,0.513,0.07
59.53,CARRY,49.05,-0.01,-9.48,49.46,-0.01,1,0,323.3,215.8,24.4,0.484,0.066
59.58,CARRY,49.05,-0.01,-9.48,49.49,-0.01,1,0,323.5,214.3,25.9,0.513,0.07
59.63,CARRY,49.1,-0.01,-9.48,49.51,-0.01,1,0,323.3,215.8,24.5,0.485,0.066
59.68,CARRY,49.1,-0.01,-9.48,49.54,-0.01,1,0,323.5,214.3,25.9,0.514,0.07
59.73,CARRY,49.15,-0.01,-9.48,49.56,-0.01,1,0,323.3,215.8,24.5,0.485,0.066
59.78,CARRY,49.15,-0.01,-9.48,49.59,-0.01,1,0,323.5,214.3,25.9,0.513,0.07
59.83,CARRY,49.2,-0.01,-9.48,49.61,-0.01,1,0,323.3,215.7,24.5,0.486,0.066
59.88,CARRY,49.2,-0.01,-9.48,49.64,-0.01,1,0,323.5,214.3,26.0,0.515,0.07
59.93,CARRY,49.25,-0.01,-9.48,49.67,-0.01,1,0,323.3,215.7,24.5,0.485,0.066
59.98,CARRY,49.25,-0.01,-9.48,49.69,-0.01,1,0,323.5,214.3,26.0,0.514,0.07
60.03,CARRY,49.3,-0.01,-9.48,49.72,-0.01,1,0,323.3,215.7,24.5,0.485,0.066
60.08,CARRY,49.3,-0.01,-9.48,49.74,-0.01,1,0,323.5,214.3,26.0,0.514,0.07
60.13,CARRY,49.35,-0.01,-9.48,49.77,-0.01,1,0,323.3,215.8,24.5,0.485,0.066
60.18,CARRY,49.35,-0.01,-9.48,49.79,-0.01,1,0,323.5,214.3,25.9,0.514,0.07
60.23,CARRY,49.4,-0.01,-9.48,49.82,-0.01,1,0,323.3,215.8,24.5,0.485,0.066
60.28,CARRY,49.4,-0.01,-9.48,49.84,-0.01,1,0,323.5,214.3,25.9,0.514,0.07
60.33,CARRY,49.45,-0.01,-9.48,49.87,-0.01,1,0,323.3,215.8,24.4,0.484,0.066
60.38,CARRY,49.45,-0.01,-9.48,49.89,-0.01,1,0,323.5,214.3,25.9,0.513,0.07
60.43,CARRY,49.5,-0.01,-9.48,49.92,-0.01,1,0,323.3,215.8,24.4,0.484,0.066
60.48,CARRY,49.5,-0.01,-9.48,49.94,-0.01,1,0,323.5,214.4,25.9,0.513,0.07
60.53,CARRY,49.55,-0.01,-9.48,49.97,-0.01,1,0,323.3,215.8,24.4,0.483,0.066
60.58,CARRY,49.55,-0.01,-9.48,49.99,-0.01,1,0,323.5,214.4,25.9,0.512,0.07
60.63,CARRY,49.6,-0.01,-9.48,50.02,-0.01,1,0,323.3,215.8,24.4,0.483,0.066
60.68,CARRY,49.6,-0.01,-9.48,50.04,-0.01,1,0,323.5,214.4,25.8,0.512,0.07
60.73,CARRY,49.65,-0.01,-9.48,50.07,-0.01,1,0,323.3,216.0,24.3,0.481,0.066
60.78,CARRY,49.65,-0.01,-9.48,50.09,-0.01,1,0,323.5,214.5,25.7,0.51,0.07
60.83,CARRY,49.7,-0.0,-9.48,50.12,-0.01,1,0,323.3,216.0,24.2,0.48,0.065
60.88,CARRY,49.7,-0.0,-9.48,50.14,-0.01,1,0,323.5,214.5,25.7,0.509,0.069
60.93,CARRY,49.75,-0.0,-9.48,50.17,-0.01,1,0,323.2,216.0,24.2,0.479,0.065
60.98,CARRY,49.75,-0.0,-9.48,50.19,-0.01,1,0,323.4,214.6,25.7,0.508,0.069
61.03,CARRY,49.8,-0.0,-9.48,50.22,-0.01,1,0,323.2,216.1,24.2,0.479,0.064
61.08,CARRY,49.8,-0.0,-9.48,50.24,-0.01,1,0,323.4,214.6,25.6,0.508,0.068
61.13,CARRY,49.85,-0.0,-9.48,50.27,-0.01,1,0,323.2,216.1,24.1,0.478,0.064
61.18,CARRY,49.85,-0.0,-9.48,50.29,-0.01,1,0,323.4,214.6,25.6,0.507,0.068
61.23,CARRY,49.9,-0.0,-9.48,50.32,-0.01,1,0,323.2,216.1,24.1,0.478,0.063
61.28,CARRY,49.9,-0.0,-9.48,50.34,-0.01,1,0,323.4,214.7,25.6,0.507,0.067
61.33,CARRY,49.95,-0.0,-9.48,50.37,-0.01,1,0,323.2,216.1,24.1,0.477,0.063
61.38,CARRY,49.95,-0.0,-9.48,50.39,-0.01,1,0,323.4,214.7,25.5,0.506,0.067
61.43,CARRY,50.0,-0.0,-9.48,50.42,-0.01,1,0,323.1,216.1,24.1,0.477,0.063
61.48,CARRY,50.0,-0.0,-9.48,50.44,-0.01,1,0,323.3,214.7,25.5,0.506,0.067
61.53,CARRY,50.05,-0.0,-9.48,50.47,-0.01,1,0,323.1,216.2,24.0,0.477,0.063
61.58,CARRY,50.05,-0.0,-9.48,50.49,-0.01,1,0,323.3,214.7,25.5,0.506,0.067
61.63,CARRY,50.1,-0.0,-9.48,50.52,-0.01,1,0,323.1,216.2,24.0,0.477,0.063
61.68,CARRY,50.1,-0.0,-9.48,50.54,-0.01,1,0,323.3,214.7,25.5,0.506,0.067
61.73,CARRY,50.15,-0.0,-9.48,50.57,-0.01,1,0,323.1,216.2,24.0,0.477,0.063
61.78,CARRY,50.15,-0.0,-9.48,50.59,-0.01,1,0,323.3,214.7,25.5,0.506,0.067
61.83,CARRY,50.2,-0.0,-9.48,50.62,-0.01,1,0,323.1,216.1,24.1,0.477,0.063
61.88,CARRY,50.2,-0.0,-9.48,50.64,-0.01,1,0,323.3,214.7,25.5,0.506,0.067
61.93,CARRY,50.25,-0.0,-9.49,50.67,-0.01,1,0,323.1,216.1,24.1,0.478,0.063
61.98,CARRY,50.25,-0.0,-9.49,50.69,-0.01,1,0,323.3,214.6,25.6,0.507,0.067
62.03,CARRY,50.3,-0.0,-9.49,50.72,-0.01,1,0,323.1,216.1,24.1,0.478,0.063
62.08,CARRY,50.3,-0.0,-9.49,50.74,-0.01,1,0,323.3,214.6,25.6,0.507,0.067
62.13,CARRY,50.35,-0.0,-9.49,50.77,-0.01,1,0,323.2,216.1,24.1,0.479,0.063
62.18,CARRY,50.35,-0.0,-9.49,50.79,-0.01,1,0,323.4,214.6,25.6,0.508,0.067
62.23,CARRY,50.4,-0.0,-9.49,50.82,-0.01,1,0,323.2,216.0,24.2,0.479,0.064
62.28,CARRY,50.4,-0.0,-9.49,50.84,-0.01,1,0,323.4,214.6,25.6,0.508,0.068
62.33,CARRY,50.45,-0.0,-9.49,50.87,-0.01,1,0,323.2,216.0,24.2,0.479,0.064
62.38,CARRY,50.45,-0.0,-9.49,50.89,-0.01,1,0,323.4,214.6,25.6,0.508,0.068
62.43,CARRY,50.5,-0.0,-9.49,50.92,-0.01,1,0,323.2,216.0,24.2,0.48,0.064
62.48,CARRY,50.5,-0.0,-9.49,50.94,-0.01,1,0,323.4,214.6,25.7,0.509,0.068
62.53,CARRY,50.55,-0.0,-9.49,50.97,-0.01,1,0,323.2,216.0,24.2,0.48,0.065
62.58,CARRY,50.55,-0.0,-9.49,50.99,-0.01,1,0,323.4,214.5,25.7,0.509,0.069
62.63,CARRY,50.6,-0.0,-9.49,51.02,-0.01,1,0,323.3,215.9,24.3,0.481,0.065
62.68,CARRY,50.6,-0.0,-9.49,51.04,-0.01,1,0,323.5,214.5,25.7,0.51,0.069
62.73,CARRY,50.65,-0.0,-9.49,51.07,-0.01,1,0,323.3,215.9,24.3,0.482,0.066
62.78,CARRY,50.65,-0.0,-9.49,51.09,-0.01,1,0,323.5,214.5,25.8,0.511,0.07
62.83,CARRY,50.7,-0.01,-9.49,51.12,-0.01,1,0,323.3,215.9,24.3,0.481,0.066
62.88,CARRY,50.7,-0.01,-9.49,51.14,-0.01,1,0,323.5,214.5,25.8,0.51,0.07
62.93,CARRY,50.75,-0.01,-9.49,51.17,-0.01,1,0,323.3,215.9,24.3,0.482,0.066
62.98,CARRY,50.75,-0.01,-9.49,51.19,-0.01,1,0,323.5,214.5,25.8,0.511,0.07
63.03,CARRY,50.8,-0.01,-9.49,51.22,-0.01,1,0,323.3,215.9,24.4,0.483,0.067
63.08,CARRY,50.8,-0.01,-9.49,51.24,-0.01,1,0,323.5,214.4,25.8,0.512,0.07
63.13,CARRY,50.85,-0.01,-9.49,51.27,-0.01,1,0,323.3,215.8,24.4,0.483,0.067
63.19,CARRY,50.85,-0.01,-9.49,51.29,-0.01,1,0,323.5,214.4,25.9,0.512,0.071
63.24,CARRY,50.9,-0.01,-9.49,51.32,-0.01,1,0,323.4,215.8,24.4,0.484,0.067
63.29,CARRY,50.9,-0.01,-9.49,51.34,-0.01,1,0,323.6,214.4,25.9,0.513,0.071
63.34,CARRY,50.95,-0.01,-9.49,51.37,-0.01,1,0,323.4,215.8,24.4,0.484,0.067
63.39,CARRY,50.95,-0.01,-9.49,51.39,-0.01,1,0,323.6,214.4,25.9,0.513,0.071
63.44,CARRY,51.0,-0.01,-9.49,51.42,-0.01,1,0,323.4,215.8,24.4,0.484,0.067
63.49,CARRY,51.0,-0.01,-9.49,51.44,-0.01,1,0,323.6,214.3,25.9,0.513,0.071
63.54,CARRY,51.05,-0.01,-9.49,51.47,-0.01,1,0,323.4,215.8,24.5,0.484,0.068
63.59,CARRY,51.05,-0.01,-9.49,51.49,-0.01,1,0,323.6,214.3,25.9,0.513,0.072
63.64,CARRY,51.1,-0.01,-9.49,51.52,-0.01,1,0,323.4,215.8,24.5,0.485,0.068
63.69,CARRY,51.1,-0.01,-9.49,51.54,-0.01,1,0,323.6,214.3,25.9,0.514,0.072
63.74,CARRY,51.15,-0.01,-9.49,51.57,-0.01,1,0,323.4,215.8,24.5,0.485,0.068
63.79,CARRY,51.15,-0.01,-9.49,51.59,-0.01,1,0,323.6,214.3,25.9,0.514,0.072
63.84,CARRY,51.2,-0.01,-9.49,51.62,-0.01,1,0,323.4,215.8,24.5,0.485,0.068
63.89,CARRY,51.2,-0.01,-9.49,51.64,-0.01,1,0,323.6,214.3,25.9,0.514,0.072
63.94,CARRY,51.25,-0.01,-9.49,51.67,-0.01,1,0,323.4,215.8,24.5,0.485,0.068
63.99,CARRY,51.25,-0.01,-9.49,51.69,-0.01,1,0,323.6,214.3,25.9,0.514,0.072
64.04,CARRY,51.3,-0.01,-9.49,51.72,-0.01,1,0,323.5,215.7,24.5,0.486,0.069
64.09,CARRY,51.3,-0.01,-9.49,51.74,-0.01,1,0,323.6,214.3,26.0,0.515,0.073
64.14,CARRY,51.35,-0.01,-9.49,51.77,-0.01,1,0,323.5,215.7,24.5,0.485,0.069
64.19,CARRY,51.35,-0.01,-9.49,51.79,-0.01,1,0,323.7,214.3,26.0,0.514,0.073
64.24,CARRY,51.4,-0.01,-9.49,51.82,-0.01,1,0,323.5,215.7,24.6,0.486,0.07
64.29,CARRY,51.4,-0.01,-9.49,51.84,-0.01,1,0,323.7,214.2,26.0,0.515,0.074
64.34,CARRY,51.45,-0.01,-9.49,51.87,-0.01,1,0,323.5,215.7,24.6,0.486,0.07
64.39,CARRY,51.45,-0.01,-9.49,51.89,-0.01,1,0,323.7,214.3,26.0,0.515,0.074
64.44,CARRY,51.5,-0.01,-9.49,51.92,-0.01,1,0,323.5,215.7,24.5,0.486,0.07
64.49,CARRY,51.5,-0.01,-9.49,51.94,-0.01,1,0,323.7,214.3,26.0,0.515,0.074
64.54,CARRY,51.55,-0.01,-9.49,51.97,-0.01,1,0,323.5,215.7,24.5,0.485,0.071
64.59,CARRY,51.55,-0.01,-9.49,51.99,-0.01,1,0,323.7,214.3,26.0,0.514,0.075
64.64,CARRY,51.6,-0.01,-9.49,52.02,-0.01,1,0,323.5,215.8,24.5,0.485,0.071
64.69,CARRY,51.6,-0.01,-9.49,52.04,-0.01,1,0,323.7,214.3,25.9,0.514,0.075
64.74,CARRY,51.65,-0.01,-9.49,52.07,-0.01,1,0,323.5,215.8,24.5,0.484,0.07
64.79,CARRY,51.65,-0.01,-9.49,52.09,-0.01,1,0,323.7,214.3,25.9,0.513,0.074
64.84,CARRY,51.7,-0.01,-9.49,52.12,-0.01,1,0,323.5,215.8,24.4,0.484,0.07
64.89,CARRY,51.7,-0.01,-9.49,52.14,-0.01,1,0,323.7,214.4,25.9,0.513,0.074
64.94,CARRY,51.75,-0.01,-9.49,52.17,-0.01,1,0,323.5,215.9,24.3,0.482,0.07
64.99,CARRY,51.75,-0.01,-9.49,52.19,-0.01,1,0,323.7,214.5,25.8,0.511,0.074
65.04,CARRY,51.8,-0.01,-9.49,52.22,-0.01,1,0,323.5,215.9,24.3,0.481,0.07
65.09,CARRY,51.8,-0.01,-9.49,52.24,-0.01,1,0,323.7,214.5,25.8,0.51,0.074
65.14,CARRY,51.85,-0.01,-9.49,52.27,-0.01,1,0,323.5,216.0,24.3,0.481,0.069
65.19,CARRY,51.85,-0.01,-9.49,52.29,-0.01,1,0,323.7,214.5,25.8,0.51,0.073
65.24,CARRY,51.9,-0.01,-9.49,52.32,-0.01,1,0,323.4,216.0,24.3,0.481,0.069
65.29,CARRY,51.9,-0.01,-9.49,52.34,-0.01,1,0,323.6,214.5,25.7,0.51,0.073
65.34,CARRY,51.95,-0.01,-9.49,52.37,-0.01,1,0,323.4,216.0,24.3,0.48,0.069
65.39,CARRY,51.95,-0.01,-9.49,52.39,-0.01,1,0,323.6,214.5,25.7,0.509,0.073
65.44,CARRY,52.0,-0.01,-9.49,52.42,-0.01,1,0,323.4,216.0,24.2,0.48,0.068
65.49,CARRY,52.0,-0.01,-9.49,52.44,-0.01,1,0,323.6,214.6,25.7,0.509,0.072
65.54,CARRY,52.06,-0.01,-9.49,52.47,-0.01,1,0,323.4,216.0,24.2,0.479,0.068
65.59,CARRY,52.06,-0.01,-9.49,52.49,-0.01,1,0,323.6,214.6,25.7,0.508,0.072
65.64,CARRY,52.11,-0.01,-9.49,52.52,-0.01,1,0,323.4,216.1,24.2,0.479,0.068
65.69,CARRY,52.11,-0.01,-9.49,52.54,-0.01,1,0,323.6,214.6,25.6,0.508,0.072
65.74,CARRY,52.16,-0.01,-9.49,52.57,-0.01,1,0,323.4,216.1,24.1,0.478,0.067
65.79,CARRY,52.16,-0.01,-9.49,52.59,-0.01,1,0,323.6,214.6,25.6,0.507,0.071
65.84,CARRY,52.21,-0.01,-9.49,52.62,-0.01,1,0,323.4,216.1,24.1,0.478,0.067
65.89,CARRY,52.21,-0.01,-9.49,52.64,-0.01,1,0,323.6,214.7,25.6,0.507,0.071
65.94,CARRY,52.26,-0.01,-9.49,52.67,-0.01,1,0,323.3,216.1,24.1,0.477,0.067
65.99,CARRY,52.26,-0.01,-9.49,52.69,-0.01,1,0,323.5,214.7,25.6,0.506,0.071
66.04,CARRY,52.31,-0.01,-9.49,52.72,-0.01,1,0,323.3,216.2,24.1,0.477,0.067
66.09,CARRY,52.31,-0.01,-9.49,52.74,-0.01,1,0,323.5,214.7,25.5,0.506,0.071
66.14,CARRY,52.36,-0.01,-9.48,52.77,-0.01,1,0,323.3,216.1,24.1,0.477,0.067
66.19,CARRY,52.36,-0.01,-9.48,52.79,-0.01,1,0,323.5,214.7,25.6,0.506,0.071
66.24,CARRY,52.41,-0.01,-9.48,52.82,-0.01,1,0,323.3,216.1,24.1,0.477,0.066
66.29,CARRY,52.41,-0.01,-9.48,52.85,-0.01,1,0,323.5,214.7,25.5,0.506,0.07
66.34,CARRY,52.46,-0.01,-9.48,52.87,-0.01,1,0,323.3,216.2,24.1,0.477,0.066
66.39,CARRY,52.46,-0.01,-9.48,52.9,-0.01,1,0,323.5,214.7,25.5,0.506,0.07
66.44,CARRY,52.51,-0.01,-9.48,52.92,-0.01,1,0,323.3,216.2,24.1,0.477,0.066
66.49,CARRY,52.51,-0.01,-9.48,52.95,-0.01,1,0,323.5,214.7,25.5,0.506,0.07
66.54,CARRY,52.56,-0.01,-9.48,52.97,-0.01,1,0,323.3,216.1,24.1,0.477,0.066
66.59,CARRY,52.56,-0.01,-9.48,53.0,-0.01,1,0,323.5,214.7,25.5,0.506,0.07
66.64,CARRY,52.61,-0.01,-9.48,53.02,-0.01,1,0,323.3,216.1,24.1,0.478,0.066
66.69,CARRY,52.61,-0.01,-9.48,53.05,-0.01,1,0,323.5,214.7,25.6,0.507,0.07
66.74,CARRY,52.66,-0.01,-9.48,53.07,-0.01,1,0,323.3,216.1,24.1,0.478,0.066
66.79,CARRY,52.66,-0.01,-9.48,53.1,-0.01,1,0,323.5,214.7,25.6,0.507,0.07
66.84,CARRY,52.71,-0.01,-9.48,53.12,-0.01,1,0,323.3,216.1,24.1,0.478,0.065
66.89,CARRY,52.71,-0.01,-9.48,53.15,-0.01,1,0,323.5,214.6,25.6,0.507,0.069
66.94,CARRY,52.76,-0.01,-9.48,53.17,-0.01,1,0,323.3,216.1,24.1,0.478,0.065
66.99,CARRY,52.76,-0.01,-9.48,53.2,-0.01,1,0,323.5,214.7,25.6,0.507,0.069
67.04,CARRY,52.81,-0.01,-9.48,53.22,-0.01,1,0,323.3,216.1,24.1,0.478,0.065
67.09,CARRY,52.81,-0.01,-9.48,53.25,-0.01,1,0,323.5,214.6,25.6,0.507,0.069
67.14,CARRY,52.86,-0.01,-9.48,53.27,-0.01,1,0,323.3,216.1,24.1,0.479,0.065
67.19,CARRY,52.86,-0.01,-9.48,53.3,-0.01,1,0,323.5,214.6,25.6,0.508,0.069
67.24,CARRY,52.91,-0.01,-9.48,53.32,-0.01,1,0,323.3,216.0,24.2,0.479,0.065
67.29,CARRY,52.91,-0.01,-9.48,53.35,-0.01,1,0,323.5,214.6,25.6,0.508,0.069
67.34,CARRY,52.96,-0.01,-9.48,53.37,-0.01,1,0,323.3,216.0,24.2,0.48,0.065
67.39,CARRY,52.96,-0.01,-9.48,53.4,-0.01,1,0,323.5,214.6,25.7,0.509,0.069
67.44,CARRY,53.01,-0.0,-9.48,53.42,-0.01,1,0,323.3,216.0,24.2,0.48,0.065
67.49,CARRY,53.01,-0.0,-9.48,53.45,-0.01,1,0,323.5,214.5,25.7,0.509,0.069
67.54,CARRY,53.06,-0.0,-9.48,53.47,-0.01,1,0,323.3,216.0,24.2,0.48,0.065
67.59,CARRY,53.06,-0.0,-9.48,53.5,-0.01,1,0,323.5,214.5,25.7,0.509,0.069
67.64,CARRY,53.11,-0.0,-9.48,53.52,-0.01,1,0,323.3,216.0,24.3,0.481,0.065
67.69,CARRY,53.11,-0.0,-9.48,53.55,-0.01,1,0,323.5,214.5,25.7,0.51,0.069
67.74,CARRY,53.16,-0.0,-9.48,53.57,-0.01,1,0,323.3,215.9,24.3,0.481,0.065
67.79,CARRY,53.16,-0.0,-9.48,53.6,-0.01,1,0,323.5,214.5,25.7,0.51,0.069
67.84,CARRY,53.21,-0.0,-9.48,53.62,-0.01,1,0,323.3,215.9,24.3,0.481,0.065
67.89,CARRY,53.21,-0.0,-9.48,53.65,-0.01,1,0,323.5,214.5,25.7,0.51,0.069
67.94,CARRY,53.26,-0.0,-9.48,53.67,-0.01,1,0,323.3,215.9,24.3,0.482,0.065
67.99,CARRY,53.26,-0.0,-9.48,53.7,-0.01,1,0,323.5,214.5,25.8,0.511,0.069
68.04,CARRY,53.3,-0.0,-9.48,53.72,-0.01,1,0,323.3,215.9,24.3,0.482,0.066
68.09,CARRY,53.3,-0.0,-9.48,53.75,-0.01,1,0,323.5,214.4,25.8,0.511,0.07
68.14,CARRY,53.35,-0.0,-9.48,53.77,-0.01,1,0,323.3,215.8,24.4,0.484,0.066
68.19,CARRY,53.35,-0.0,-9.48,53.8,-0.01,1,0,323.5,214.4,25.9,0.513,0.07
68.24,CARRY,53.4,-0.0,-9.48,53.82,-0.01,1,0,323.3,215.8,24.5,0.485,0.066
68.29,CARRY,53.4,-0.0,-9.48,53.85,-0.01,1,0,323.5,214.3,25.9,0.514,0.07
68.34,CARRY,53.45,-0.0,-9.48,53.87,-0.01,1,0,323.3,215.7,24.5,0.485,0.066
68.39,CARRY,53.45,-0.0,-9.48,53.9,-0.01,1,0,323.5,214.3,25.9,0.514,0.07
68.44,CARRY,53.5,-0.0,-9.48,53.92,-0.01,1,0,323.3,215.7,24.5,0.486,0.066
68.49,CARRY,53.5,-0.0,-9.48,53.95,-0.01,1,0,323.5,214.3,26.0,0.515,0.07
68.54,CARRY,53.55,-0.0,-9.49,53.97,-0.01,1,0,323.3,215.7,24.5,0.486,0.066
68.59,CARRY,53.55,-0.0,-9.49,54.0,-0.01,1,0,323.5,214.2,26.0,0.515,0.07
68.64,CARRY,53.6,-0.0,-9.49,54.02,-0.01,1,0,323.3,215.7,24.5,0.486,0.066
68.69,CARRY,53.6,-0.0,-9.49,54.05,-0.01,1,0,323.5,214.2,26.0,0.515,0.07
68.74,CARRY,53.65,-0.0,-9.49,54.07,-0.01,1,0,323.3,215.7,24.5,0.486,0.066
68.79,CARRY,53.65,-0.0,-9.49,54.1,-0.01,1,0,323.5,214.2,26.0,0.515,0.07
68.84,CARRY,53.7,-0.0,-9.49,54.12,-0.01,1,0,323.3,215.7,24.5,0.486,0.066
68.89,CARRY,53.7,-0.0,-9.49,54.15,-0.01,1,0,323.5,214.2,26.0,0.515,0.07
68.95,CARRY,53.75,-0.01,-9.49,54.17,-0.01,1,0,323.3,215.7,24.5,0.486,0.066
69.0,CARRY,53.75,-0.01,-9.49,54.2,-0.01,1,0,323.5,214.2,26.0,0.515,0.07
69.05,CARRY,53.8,-0.01,-9.49,54.22,-0.01,1,0,323.3,215.8,24.5,0.485,0.066
69.1,CARRY,53.8,-0.01,-9.49,54.25,-0.01,1,0,323.5,214.3,25.9,0.514,0.07
69.15,CARRY,53.85,-0.01,-9.49,54.27,-0.01,1,0,323.3,215.8,24.4,0.484,0.066
69.2,CARRY,53.85,-0.01,-9.49,54.3,-0.01,1,0,323.5,214.3,25.9,0.513,0.07
69.25,CARRY,53.9,-0.01,-9.49,54.32,-0.01,1,0,323.3,215.8,24.4,0.484,0.066
69.3,CARRY,53.9,-0.01,-9.49,54.35,-0.01,1,0,323.5,214.4,25.9,0.513,0.07
69.35,CARRY,53.95,-0.01,-9.49,54.37,-0.01,1,0,323.3,215.8,24.4,0.484,0.066
69.4,CARRY,53.95,-0.01,-9.49,54.4,-0.01,1,0,323.5,214.4,25.9,0.513,0.07
69.45,CARRY,54.0,-0.01,-9.49,54.42,-0.01,1,0,323.3,215.8,24.4,0.483,0.066
69.5,CARRY,54.0,-0.01,-9.49,54.45,-0.01,1,0,323.5,214.4,25.9,0.512,0.07
69.55,CARRY,54.06,-0.01,-9.49,54.47,-0.01,1,0,323.3,215.9,24.4,0.483,0.066
69.6,CARRY,54.06,-0.01,-9.49,54.5,-0.01,1,0,323.5,214.4,25.8,0.512,0.07
69.65,CARRY,54.11,-0.01,-9.49,54.52,-0.01,1,0,323.3,215.9,24.4,0.483,0.066
69.7,CARRY,54.11,-0.01,-9.49,54.55,-0.01,1,0,323.5,214.4,25.8,0.512,0.07
69.75,CARRY,54.16,-0.01,-9.49,54.57,-0.01,1,0,323.3,215.9,24.3,0.482,0.066
69.8,CARRY,54.16,-0.01,-9.49,54.6,-0.01,1,0,323.5,214.4,25.8,0.511,0.07
69.85,CARRY,54.21,-0.01,-9.49,54.62,-0.01,1,0,323.3,215.9,24.3,0.482,0.066
69.9,CARRY,54.21,-0.01,-9.49,54.65,-0.01,1,0,323.5,214.4,25.8,0.511,0.07
69.95,CARRY,54.26,-0.01,-9.49,54.67,-0.01,1,0,323.3,215.9,24.3,0.482,0.066
70.0,CARRY,54.26,-0.01,-9.49,54.7,-0.01,1,0,323.5,214.5,25.8,0.511,0.07
70.05,CARRY,54.31,-0.01,-9.49,54.72,-0.01,1,0,323.3,215.9,24.3,0.482,0.066
70.1,CARRY,54.31,-0.01,-9.49,54.75,-0.01,1,0,323.5,214.5,25.8,0.511,0.07
70.15,CARRY,54.36,-0.01,-9.49,54.77,-0.01,1,0,323.3,215.9,24.3,0.481,0.066
70.2,CARRY,54.36,-0.01,-9.49,54.8,-0.01,1,0,323.5,214.5,25.7,0.51,0.07
70.25,CARRY,54.41,-0.01,-9.49,54.82,-0.01,1,0,323.3,215.9,24.3,0.481,0.066
70.3,CARRY,54.41,-0.01,-9.49,54.85,-0.01,1,0,323.5,214.5,25.8,0.51,0.07
70.35,CARRY,54.46,-0.01,-9.49,54.87,-0.01,1,0,323.3,216.0,24.3,0.481,0.066
70.4,CARRY,54.46,-0.01,-9.49,54.9,-0.01,1,0,323.5,214.5,25.7,0.51,0.07
70.45,CARRY,54.51,-0.01,-9.49,54.92,-0.01,1,0,323.3,216.0,24.2,0.48,0.066
70.5,CARRY,54.51,-0.01,-9.49,54.95,-0.01,1,0,323.5,214.5,25.7,0.509,0.07
70.55,CARRY,54.56,-0.01,-9.49,54.97,-0.01,1,0,323.3,216.0,24.2,0.48,0.066
70.6,CARRY,54.56,-0.01,-9.49,55.0,-0.01,1,0,323.5,214.6,25.7,0.509,0.07
70.65,CARRY,54.61,-0.01,-9.49,55.02,-0.01,1,0,323.3,216.1,24.2,0.479,0.066
70.7,CARRY,54.61,-0.01,-9.49,55.05,-0.01,1,0,323.5,214.6,25.6,0.508,0.07
70.75,CARRY,54.66,-0.01,-9.49,55.07,-0.01,1,0,323.3,216.1,24.1,0.478,0.066
70.8,CARRY,54.66,-0.01,-9.49,55.1,-0.01,1,0,323.5,214.6,25.6,0.507,0.07
70.85,CARRY,54.71,-0.01,-9.49,55.12,-0.01,1,0,323.3,216.1,24.1,0.478,0.066
70.9,CARRY,54.71,-0.01,-9.49,55.15,-0.01,1,0,323.5,214.6,25.6,0.507,0.07
70.95,CARRY,54.76,-0.01,-9.49,55.17,-0.01,1,0,323.3,216.1,24.1,0.478,0.066
71.0,CARRY,54.76,-0.01,-9.49,55.2,-0.01,1,0,323.5,214.7,25.6,0.507,0.07
71.05,CARRY,54.81,-0.01,-9.49,55.22,-0.01,1,0,323.3,216.1,24.1,0.478,0.066
71.1,CARRY,54.81,-0.01,-9.49,55.25,-0.01,1,0,323.5,214.7,25.6,0.507,0.07
71.15,CARRY,54.86,-0.01,-9.49,55.27,-0.01,1,0,323.3,216.2,24.0,0.476,0.065
71.2,CARRY,54.86,-0.01,-9.49,55.3,-0.01,1,0,323.5,214.7,25.5,0.505,0.069
71.25,CARRY,54.91,-0.01,-9.49,55.32,-0.01,1,0,323.3,216.2,24.0,0.476,0.065
71.3,CARRY,54.91,-0.01,-9.49,55.35,-0.01,1,0,323.5,214.7,25.5,0.505,0.069
71.35,CARRY,54.96,-0.01,-9.49,55.37,-0.01,1,0,323.3,216.2,24.0,0.476,0.065
71.4,CARRY,54.96,-0.01,-9.49,55.4,-0.01,1,0,323.5,214.7,25.5,0.505,0.069
71.45,CARRY,55.01,-0.01,-9.49,55.42,-0.01,1,0,323.3,216.2,24.1,0.477,0.065
71.5,CARRY,55.01,-0.01,-9.49,55.45,-0.01,1,0,323.5,214.7,25.5,0.506,0.069
71.55,CARRY,55.06,-0.01,-9.49,55.47,-0.01,1,0,323.3,216.2,24.1,0.477,0.065
71.6,CARRY,55.06,-0.01,-9.49,55.5,-0.01,1,0,323.5,214.7,25.5,0.506,0.069
71.65,CARRY,55.11,-0.01,-9.49,55.52,-0.01,1,0,323.3,216.1,24.1,0.477,0.065
71.7,CARRY,55.11,-0.01,-9.49,55.55,-0.01,1,0,323.5,214.7,25.6,0.506,0.069
71.75,CARRY,55.16,-0.01,-9.49,55.57,-0.01,1,0,323.3,216.1,24.1,0.478,0.066
71.8,CARRY,55.16,-0.01,-9.49,55.6,-0.01,1,0,323.5,214.7,25.6,0.507,0.07
71.85,CARRY,55.21,-0.01,-9.49,55.62,-0.01,1,0,323.3,216.1,24.1,0.478,0.066
71.9,CARRY,55.21,-0.01,-9.49,55.65,-0.01,1,0,323.5,214.7,25.6,0.507,0.07
71.95,CARRY,55.26,-0.01,-9.49,55.67,-0.01,1,0,323.3,216.1,24.1,0.478,0.066
72.0,CARRY,55.26,-0.01,-9.49,55.7,-0.01,1,0,323.5,214.6,25.6,0.507,0.07
72.05,CARRY,55.31,-0.01,-9.49,55.72,-0.01,1,0,323.3,216.1,24.2,0.479,0.065
72.1,CARRY,55.31,-0.01,-9.49,55.75,-0.01,1,0,323.5,214.6,25.6,0.508,0.069
72.15,CARRY,55.36,-0.01,-9.48,55.77,-0.01,1,0,323.3,216.0,24.2,0.479,0.065
72.2,CARRY,55.36,-0.01,-9.48,55.8,-0.01,1,0,323.5,214.6,25.7,0.508,0.069
72.25,CARRY,55.41,-0.0,-9.48,55.82,-0.01,1,0,323.2,216.0,24.2,0.48,0.065
72.3,CARRY,55.41,-0.0,-9.48,55.85,-0.01,1,0,323.4,214.5,25.7,0.509,0.069
72.35,CARRY,55.46,-0.0,-9.48,55.87,-0.01,1,0,323.2,215.9,24.3,0.482,0.065
72.4,CARRY,55.46,-0.0,-9.48,55.9,-0.01,1,0,323.4,214.4,25.8,0.511,0.069
72.45,CARRY,55.51,-0.0,-9.48,55.92,-0.01,1,0,323.2,215.8,24.4,0.483,0.064
72.5,CARRY,55.51,-0.0,-9.48,55.95,-0.01,1,0,323.4,214.4,25.8,0.512,0.068
72.55,CARRY,55.56,-0.0,-9.48,55.97,-0.01,1,0,323.2,215.8,24.4,0.484,0.064
72.6,CARRY,55.56,-0.0,-9.48,56.0,-0.01,1,0,323.4,214.3,25.9,0.513,0.068
72.65,CARRY,55.61,-0.0,-9.48,56.02,-0.01,1,0,323.2,215.8,24.5,0.485,0.064
72.7,CARRY,55.61,-0.0,-9.48,56.05,-0.01,1,0,323.4,214.3,25.9,0.514,0.068
72.75,CARRY,55.66,-0.0,-9.48,56.07,-0.01,1,0,323.2,215.7,24.5,0.485,0.064
72.8,CARRY,55.66,-0.0,-9.48,56.1,-0.01,1,0,323.4,214.3,25.9,0.514,0.068
72.85,CARRY,55.7,-0.0,-9.48,56.12,-0.01,1,0,323.2,215.7,24.5,0.486,0.064
72.9,CARRY,55.75,-0.0,-9.48,56.15,-0.01,1,0,323.0,217.1,23.1,0.457,0.06
72.95,CARRY,55.75,-0.0,-9.48,56.17,-0.01,1,0,323.2,215.7,24.5,0.486,0.064
73.0,CARRY,55.75,-0.0,-9.48,56.2,-0.01,1,0,323.4,214.2,26.0,0.515,0.068
73.05,CARRY,55.8,-0.0,-9.48,56.22,-0.01,1,0,323.2,215.7,24.5,0.486,0.064
73.1,CARRY,55.8,-0.0,-9.48,56.25,-0.01,1,0,323.4,214.2,26.0,0.515,0.068
73.15,CARRY,55.85,-0.0,-9.48,56.27,-0.01,1,0,323.2,215.7,24.5,0.487,0.064
73.2,CARRY,55.85,-0.0,-9.48,56.3,-0.01,1,0,323.4,214.2,26.0,0.516,0.068
73.25,CARRY,55.91,-0.0,-9.48,56.32,-0.01,1,0,323.2,215.7,24.5,0.485,0.064
73.3,CARRY,55.91,-0.0,-9.48,56.35,-0.01,1,0,323.4,214.3,25.9,0.514,0.068
73.35,CARRY,55.96,-0.0,-9.48,56.37,-0.01,1,0,323.2,215.7,24.5,0.486,0.064
73.4,CARRY,55.96,-0.0,-9.48,56.4,-0.01,1,0,323.4,214.3,26.0,0.515,0.068
73.45,CARRY,56.01,-0.0,-9.48,56.42,-0.01,1,0,323.2,215.7,24.5,0.486,0.064
73.5,CARRY,56.01,-0.0,-9.48,56.45,-0.01,1,0,323.4,214.3,26.0,0.515,0.068
73.55,CARRY,56.06,-0.0,-9.48,56.47,-0.01,1,0,323.2,215.7,24.5,0.485,0.065
73.6,CARRY,56.06,-0.0,-9.48,56.5,-0.01,1,0,323.4,214.3,26.0,0.514,0.069
73.65,CARRY,56.11,-0.0,-9.48,56.52,-0.01,1,0,323.2,215.7,24.5,0.485,0.065
73.7,CARRY,56.11,-0.0,-9.48,56.55,-0.01,1,0,323.4,214.3,25.9,0.514,0.069
73.75,CARRY,56.16,-0.0,-9.48,56.57,-0.01,1,0,323.3,215.8,24.5,0.485,0.065
73.8,CARRY,56.16,-0.0,-9.48,56.6,-0.01,1,0,323.5,214.3,25.9,0.514,0.069
73.85,CARRY,56.21,-0.0,-9.48,56.62,-0.01,1,0,323.3,215.8,24.4,0.485,0.065
73.9,CARRY,56.21,-0.0,-9.48,56.65,-0.01,1,0,323.5,214.3,25.9,0.514,0.069
73.95,CARRY,56.26,-0.0,-9.48,56.67,-0.01,1,0,323.3,215.8,24.4,0.484,0.066
74.0,CARRY,56.26,-0.0,-9.48,56.7,-0.01,1,0,323.5,214.3,25.9,0.513,0.07
74.05,CARRY,56.31,-0.0,-9.48,56.72,-0.01,1,0,323.3,215.8,24.4,0.484,0.066
74.1,CARRY,56.31,-0.0,-9.48,56.75,-0.01,1,0,323.5,214.4,25.9,0.513,0.07
74.15,CARRY,56.36,-0.01,-9.48,56.78,-0.01,1,0,323.3,215.9,24.4,0.483,0.066
74.2,CARRY,56.36,-0.01,-9.48,56.8,-0.01,1,0,323.5,214.4,25.8,0.512,0.07
74.25,CARRY,56.41,-0.01,-9.48,56.83,-0.01,1,0,323.3,215.9,24.4,0.483,0.066
74.3,CARRY,56.41,-0.01,-9.48,56.85,-0.01,1,0,323.5,214.4,25.8,0.512,0.07
74.35,CARRY,56.46,-0.01,-9.48,56.88,-0.01,1,0,323.3,215.9,24.3,0.482,0.066
74.4,CARRY,56.46,-0.01,-9.48,56.9,-0.01,1,0,323.5,214.4,25.8,0.511,0.07
74.45,CARRY,56.51,-0.01,-9.48,56.93,-0.01,1,0,323.3,215.9,24.4,0.483,0.067
74.5,CARRY,56.51,-0.01,-9.48,56.95,-0.01,1,0,323.5,214.4,25.8,0.512,0.071
74.55,CARRY,56.56,-0.01,-9.48,56.98,-0.01,1,0,323.3,215.9,24.3,0.482,0.067
74.6,CARRY,56.61,-0.01,-9.48,57.0,-0.01,1,0,323.1,217.4,22.9,0.453,0.063
74.65,CARRY,56.61,-0.01,-9.48,57.03,-0.01,1,0,323.3,215.9,24.3,0.482,0.067
74.7,CARRY,56.66,-0.01,-9.48,57.05,-0.01,1,0,323.2,217.4,22.9,0.453,0.063
74.75,CARRY,56.66,-0.01,-9.48,57.08,-0.01,1,0,323.3,215.9,24.3,0.482,0.067
74.8,CARRY,56.71,-0.01,-9.49,57.1,-0.01,1,0,323.2,217.4,22.9,0.453,0.063
74.85,CARRY,56.71,-0.01,-9.49,57.13,-0.01,1,0,323.4,215.9,24.3,0.482,0.067
74.9,CARRY,56.76,-0.01,-9.49,57.15,-0.01,1,0,323.2,217.3,22.9,0.454,0.063
74.95,CARRY,56.76,-0.01,-9.49,57.18,-0.01,1,0,323.4,215.9,24.4,0.483,0.067
