{
  "backend": "hf",
  "n": 439,
  "parse_rate": 0.9954441913439636,
  "iou_gate_pass_rate": 0.6400911161731208,
  "mean_iou": 0.5333062647464274,
  "center_std": 221.50428980084888
}
