{
  "backend": "hf",
  "n": 439,
  "parse_rate": 0.9908883826879271,
  "iou_gate_pass_rate": 0.8382687927107062,
  "mean_iou": 0.6767168046099766,
  "center_std": 229.25008426861666
}
