{
  "backend": "hf",
  "n": 439,
  "parse_rate": 0.9840546697038725,
  "iou_gate_pass_rate": 0.7972665148063781,
  "mean_iou": 0.6041523682479607,
  "center_std": 229.368030841425
}
