{
  "backend": "hf",
  "n": 150,
  "parse_rate": 0.9933333333333333,
  "iou_gate_pass_rate": 0.6866666666666666,
  "mean_iou": 0.4132584089531318,
  "center_std": 236.3897122416696
}
