{
  "backend": "hf",
  "n": 150,
  "parse_rate": 0.9866666666666667,
  "iou_gate_pass_rate": 0.8266666666666667,
  "mean_iou": 0.6857504707184304,
  "center_std": 235.32000976784897
}
