t_s,state,copter_n,copter_e,copter_d,rover_n,rover_e,in_fov,occluded,bbox_cx,bbox_cy,px_err,vx_cmd,vy_cmd,loop_ms,dist_n,dist_e,d_true_px,d_dist_px,carry_score
0.0,ACQUIRE,0.01,-0.01,-8.81,0.51,-0.01,1,0,,,,0.0,0.0,5.2,,,,,
0.05,ACQUIRE,0.01,-0.01,-8.92,0.54,-0.01,1,0,,,,0.0,0.0,1.4,,,,,
0.1,ACQUIRE,0.01,-0.01,-8.92,0.56,-0.01,1,0,,,,0.0,0.0,0.6,,,,,
0.15,ACQUIRE,0.01,-0.01,-9.03,0.59,-0.01,1,0,,,,0.0,0.0,1.7,,,,,
0.2,ACQUIRE,0.01,-0.01,-9.03,0.61,-0.01,1,0,,,,0.0,0.0,1.0,,,,,
0.25,ACQUIRE,0.01,-0.01,-9.13,0.64,-0.01,1,0,,,,0.0,0.0,1.4,,,,,
0.3,ACQUIRE,0.01,-0.01,-9.13,0.66,-0.01,1,0,,,,0.0,0.0,0.8,,,,,
0.35,ACQUIRE,0.01,-0.01,-9.22,0.69,-0.01,1,0,,,,0.7,0.08,3.3,,,,,
0.4,ACQUIRE,0.01,-0.01,-9.22,0.71,-0.01,1,0,,,,0.71,0.08,2.4,,,,,
0.45,ACQUIRE,0.01,-0.01,-9.3,0.74,-0.01,1,0,,,,0.73,0.08,2.7,,,,,
0.5,ACQUIRE,0.01,-0.01,-9.3,0.76,-0.01,1,0,,,,0.74,0.08,1.6,,,,,
0.55,ACQUIRE,0.01,-0.01,-9.38,0.79,-0.01,1,0,,,,0.75,0.09,2.6,,,,,
0.6,ACQUIRE,0.01,-0.01,-9.38,0.81,-0.01,1,0,,,,0.77,0.09,1.8,,,,,
0.65,ACQUIRE,0.01,-0.01,-9.44,0.84,-0.01,1,0,,,,0.77,0.09,2.9,,,,,
0.7,ACQUIRE,0.01,-0.01,-9.44,0.86,-0.01,1,0,,,,0.78,0.09,2.1,,,,,
0.75,ACQUIRE,0.02,-0.01,-9.49,0.89,-0.01,1,0,,,,0.78,0.08,2.4,,,,,
0.8,ACQUIRE,0.02,-0.01,-9.49,0.91,-0.01,1,0,,,,0.8,0.09,1.8,,,,,
0.85,ACQUIRE,0.05,-0.01,-9.53,0.94,-0.01,1,0,,,,0.93,0.11,2.3,,,,,
0.9,ACQUIRE,0.05,-0.01,-9.53,0.96,-0.01,1,0,,,,0.95,0.12,1.7,,,,,
0.95,ACQUIRE,0.08,-0.01,-9.56,0.99,-0.01,1,0,,,,0.93,0.11,3.1,,,,,
1.0,ACQUIRE,0.08,-0.01,-9.56,1.01,-0.01,1,0,,,,0.94,0.11,2.1,,,,,
1.05,ACQUIRE,0.12,-0.01,-9.58,1.04,-0.01,1,0,,,,0.9,0.1,2.6,,,,,
1.1,ACQUIRE,0.12,-0.01,-9.58,1.07,-0.01,1,0,,,,0.91,0.1,1.9,,,,,
1.15,ACQUIRE,0.17,-0.01,-9.59,1.09,-0.01,1,0,,,,0.86,0.1,3.1,,,,,
1.2,ACQUIRE,0.17,-0.01,-9.59,1.12,-0.01,1,0,,,,0.88,0.1,1.8,,,,,
1.25,ACQUIRE,0.23,-0.01,-9.59,1.14,-0.01,1,0,,,,0.83,0.1,2.3,,,,,
1.3,ACQUIRE,0.23,-0.01,-9.59,1.17,-0.01,1,0,,,,0.84,0.1,1.7,,,,,
1.35,ACQUIRE,0.3,-0.01,-9.59,1.19,-0.01,1,0,,,,0.92,0.11,2.9,,,,,
1.4,ACQUIRE,0.3,-0.01,-9.59,1.22,-0.01,1,0,,,,0.93,0.11,2.1,,,,,
1.45,ACQUIRE,0.37,-0.01,-9.58,1.24,-0.01,1,0,,,,0.87,0.1,2.9,,,,,
1.5,ACQUIRE,0.37,-0.01,-9.58,1.27,-0.01,1,0,,,,0.88,0.1,1.9,,,,,
1.55,ACQUIRE,0.45,-0.01,-9.57,1.29,-0.01,1,0,,,,0.8,0.1,2.4,,,,,
1.6,ACQUIRE,0.45,-0.01,-9.57,1.32,-0.01,1,0,,,,0.82,0.1,1.7,,,,,
1.65,ACQUIRE,0.53,-0.02,-9.57,1.34,-0.01,1,0,,,,0.75,0.09,3.2,,,,,
1.7,ACQUIRE,0.53,-0.02,-9.57,1.37,-0.01,1,0,,,,0.76,0.09,2.0,,,,,
1.75,ACQUIRE,0.61,-0.02,-9.56,1.39,-0.01,1,0,,,,0.68,0.09,3.1,,,,,
1.8,ACQUIRE,0.61,-0.02,-9.56,1.42,-0.01,1,0,,,,0.7,0.09,1.9,,,,,
1.85,ACQUIRE,0.69,-0.02,-9.55,1.44,-0.01,1,0,,,,0.75,0.1,3.1,,,,,
1.9,ACQUIRE,0.69,-0.02,-9.55,1.47,-0.01,1,0,,,,0.77,0.1,1.8,,,,,
1.95,ACQUIRE,0.77,-0.02,-9.55,1.49,-0.01,1,0,,,,0.7,0.08,2.6,,,,,
2.0,ACQUIRE,0.77,-0.02,-9.55,1.52,-0.01,1,0,,,,0.71,0.09,1.8,,,,,
2.05,ACQUIRE,0.85,-0.02,-9.54,1.54,-0.01,1,0,,,,0.63,0.08,3.0,,,,,
2.1,ACQUIRE,0.85,-0.02,-9.54,1.57,-0.01,1,0,,,,0.64,0.08,1.8,,,,,
2.15,ACQUIRE,0.93,-0.02,-9.54,1.59,-0.01,1,0,,,,0.56,0.07,3.0,,,,,
2.2,ACQUIRE,0.93,-0.02,-9.54,1.62,-0.01,1,0,,,,0.58,0.07,2.3,,,,,
2.25,ACQUIRE,1.01,-0.02,-9.54,1.64,-0.01,1,0,,,,0.51,0.07,2.5,,,,,
2.3,ACQUIRE,1.01,-0.02,-9.54,1.67,-0.01,1,0,,,,0.52,0.07,1.9,,,,,
2.35,ACQUIRE,1.09,-0.02,-9.54,1.69,-0.01,1,0,,,,0.59,0.08,2.5,,,,,
2.4,ACQUIRE,1.09,-0.02,-9.54,1.72,-0.01,1,0,,,,0.61,0.08,5.6,,,,,
2.45,ACQUIRE,1.16,-0.02,-9.54,1.74,-0.01,1,0,,,,0.54,0.06,2.3,,,,,
2.5,ACQUIRE,1.16,-0.02,-9.54,1.77,-0.01,1,0,,,,0.55,0.07,1.8,,,,,
2.55,ACQUIRE,1.23,-0.02,-9.54,1.79,-0.01,1,0,,,,0.49,0.06,3.1,,,,,
2.6,ACQUIRE,1.23,-0.02,-9.54,1.82,-0.01,1,0,,,,0.5,0.06,1.8,,,,,
2.65,ACQUIRE,1.3,-0.02,-9.54,1.84,-0.01,1,0,,,,0.44,0.05,2.4,,,,,
2.7,ACQUIRE,1.3,-0.02,-9.54,1.87,-0.01,1,0,,,,0.45,0.05,1.8,,,,,
2.75,ACQUIRE,1.36,-0.02,-9.54,1.89,-0.01,1,0,,,,0.39,0.05,2.6,,,,,
2.8,ACQUIRE,1.36,-0.02,-9.54,1.92,-0.01,1,0,,,,0.4,0.05,1.8,,,,,
2.85,ACQUIRE,1.43,-0.02,-9.54,1.94,-0.01,1,0,,,,0.48,0.06,2.3,,,,,
2.9,ACQUIRE,1.43,-0.02,-9.54,1.97,-0.01,1,0,,,,0.5,0.06,2.3,,,,,
2.95,ACQUIRE,1.49,-0.02,-9.54,1.99,-0.01,1,0,,,,0.44,0.06,2.4,,,,,
3.0,ACQUIRE,1.49,-0.02,-9.54,2.02,-0.01,1,0,,,,0.46,0.06,1.8,,,,,
3.05,ACQUIRE,1.54,-0.02,-9.54,2.04,-0.01,1,0,,,,0.41,0.06,2.3,,,,,
3.1,ACQUIRE,1.54,-0.02,-9.54,2.07,-0.01,1,0,,,,0.43,0.06,1.7,,,,,
3.15,ACQUIRE,1.6,-0.02,-9.55,2.09,-0.01,1,0,,,,0.38,0.05,2.9,,,,,
3.2,ACQUIRE,1.6,-0.02,-9.55,2.12,-0.01,1,0,,,,0.39,0.05,2.0,,,,,
3.25,ACQUIRE,1.65,-0.02,-9.55,2.14,-0.01,1,0,,,,0.35,0.05,3.2,,,,,
3.3,ACQUIRE,1.65,-0.02,-9.55,2.17,-0.01,1,0,,,,0.36,0.05,1.9,,,,,
3.35,ACQUIRE,1.7,-0.02,-9.55,2.19,-0.01,1,0,,,,0.45,0.07,3.0,,,,,
3.4,ACQUIRE,1.7,-0.02,-9.55,2.22,-0.01,1,0,,,,0.47,0.07,2.0,,,,,
3.45,ACQUIRE,1.75,-0.02,-9.55,2.24,-0.01,1,0,,,,0.42,0.07,3.0,,,,,
3.5,ACQUIRE,1.75,-0.02,-9.55,2.27,-0.01,1,0,,,,0.44,0.07,2.2,,,,,
3.56,ACQUIRE,1.8,-0.02,-9.55,2.29,-0.01,1,0,,,,0.41,0.07,2.5,,,,,
3.61,ACQUIRE,1.8,-0.02,-9.55,2.32,-0.01,1,0,,,,0.42,0.07,1.8,,,,,
3.66,ACQUIRE,1.85,-0.03,-9.56,2.34,-0.01,1,0,,,,0.38,0.06,2.9,,,,,
3.71,ACQUIRE,1.85,-0.03,-9.56,2.37,-0.01,1,0,,,,0.39,0.06,1.8,,,,,
3.76,ACQUIRE,1.9,-0.03,-9.56,2.39,-0.01,1,0,,,,0.35,0.06,2.7,,,,,
3.81,ACQUIRE,1.9,-0.03,-9.56,2.42,-0.01,1,0,,,,0.36,0.06,2.0,,,,,
3.86,ACQUIRE,1.94,-0.03,-9.56,2.44,-0.01,1,0,,,,0.47,0.07,3.1,,,,,
3.91,ACQUIRE,1.94,-0.03,-9.56,2.47,-0.01,1,0,,,,0.49,0.07,2.2,,,,,
3.96,ACQUIRE,1.99,-0.03,-9.56,2.49,-0.01,1,0,,,,0.45,0.07,2.9,,,,,
4.01,ACQUIRE,1.99,-0.03,-9.56,2.52,-0.01,1,0,,,,0.47,0.07,2.1,,,,,
4.06,ACQUIRE,2.03,-0.03,-9.56,2.54,-0.01,1,0,,,,0.43,0.07,2.8,,,,,
4.11,ACQUIRE,2.03,-0.03,-9.56,2.57,-0.01,1,0,,,,0.44,0.07,1.8,,,,,
4.16,ACQUIRE,2.07,-0.03,-9.56,2.59,-0.01,1,0,,,,0.4,0.06,2.4,,,,,
4.21,ACQUIRE,2.07,-0.03,-9.56,2.62,-0.01,1,0,,,,0.41,0.06,1.7,,,,,
4.26,ACQUIRE,2.12,-0.03,-9.56,2.64,-0.01,1,0,,,,0.38,0.06,2.2,,,,,
4.31,ACQUIRE,2.12,-0.03,-9.56,2.67,-0.01,1,0,,,,0.4,0.06,1.7,,,,,
4.36,ACQUIRE,2.16,-0.03,-9.56,2.69,-0.01,1,0,,,,0.51,0.08,2.2,,,,,
4.41,ACQUIRE,2.16,-0.03,-9.56,2.72,-0.01,1,0,,,,0.52,0.08,1.9,,,,,
4.46,ACQUIRE,2.21,-0.03,-9.57,2.74,-0.01,1,0,,,,0.48,0.07,2.4,,,,,
4.51,ACQUIRE,2.21,-0.03,-9.57,2.77,-0.01,1,0,,,,0.49,0.07,1.6,,,,,
4.56,ACQUIRE,2.25,-0.03,-9.57,2.79,-0.01,1,0,,,,0.46,0.07,2.2,,,,,
4.61,ACQUIRE,2.25,-0.03,-9.57,2.82,-0.01,1,0,,,,0.48,0.07,1.9,,,,,
4.66,ACQUIRE,2.29,-0.03,-9.57,2.84,-0.01,1,0,,,,0.44,0.06,2.4,,,,,
4.71,CARRY,2.29,-0.03,-9.57,2.87,-0.01,1,0,,,,-0.977,0.094,615.0,,,,,
5.32,CARRY,2.57,-0.02,-9.57,3.18,-0.01,1,0,325.0,205.5,34.9,0.69,0.1,56.2,,,,,10.438
5.38,CARRY,2.61,-0.02,-9.57,3.2,-0.01,1,0,324.5,207.0,33.3,0.66,0.09,49.4,,,,,10.562
5.43,CARRY,2.61,-0.02,-9.57,3.23,-0.01,1,0,325.0,205.0,35.4,0.7,0.1,54.7,,,,,10.75
5.49,CARRY,2.66,-0.02,-9.57,3.26,-0.01,1,0,325.0,205.5,34.9,0.69,0.1,50.1,,,,,10.75
5.54,CARRY,2.66,-0.02,-9.57,3.28,-0.01,1,0,325.0,205.0,35.4,0.7,0.1,54.5,,,,,10.75
5.59,CARRY,2.7,-0.02,-9.57,3.31,-0.01,1,0,325.0,205.0,35.4,0.7,0.1,50.3,,,,,10.688
5.64,CARRY,2.75,-0.02,-9.57,3.34,-0.01,1,0,324.5,238.5,4.7,0.03,0.09,54.5,,,,,10.562
5.7,CARRY,2.75,-0.02,-9.57,3.36,-0.01,1,0,325.0,204.5,35.9,0.71,0.1,48.3,,,,,10.75
5.75,CARRY,2.79,-0.02,-9.57,3.39,-0.01,1,0,324.5,205.5,34.8,0.69,0.09,55.4,,,,,10.5
5.81,CARRY,2.79,-0.02,-9.57,3.42,-0.01,1,0,325.0,204.5,35.9,0.71,0.1,50.3,,,,,10.438
5.86,CARRY,2.84,-0.02,-9.57,3.44,-0.01,1,0,324.5,205.5,34.8,0.69,0.09,56.8,,,,,10.125
5.92,CARRY,2.84,-0.02,-9.57,3.47,-0.01,1,0,324.5,204.0,36.3,0.72,0.09,48.8,,,,,10.125
5.97,CARRY,2.9,-0.02,-9.57,3.5,-0.01,1,0,324.5,205.5,34.8,0.69,0.09,55.4,,,,,9.938
6.02,CARRY,2.9,-0.02,-9.57,3.53,-0.01,1,0,324.5,204.0,36.3,0.72,0.09,49.0,,,,,10.062
6.07,CARRY,2.96,-0.02,-9.57,3.55,-0.01,1,0,324.5,206.0,34.3,0.68,0.09,55.7,,,,,9.875
6.13,CARRY,2.96,-0.02,-9.57,3.58,-0.01,1,0,324.5,204.5,35.8,0.71,0.09,49.3,,,,,9.938
6.18,CARRY,3.02,-0.02,-9.57,3.6,-0.01,1,0,324.5,206.5,33.8,0.67,0.09,55.2,,,,,9.812
6.24,CARRY,3.02,-0.02,-9.57,3.63,-0.01,1,0,324.5,204.5,35.8,0.71,0.09,50.3,,,,,9.875
6.29,CARRY,3.08,-0.01,-9.57,3.66,-0.01,1,0,324.5,207.0,33.3,0.66,0.09,55.1,,,,,9.688
6.34,CARRY,3.14,-0.01,-9.57,3.69,-0.01,1,0,323.5,209.5,30.7,0.61,0.07,49.8,,,,,9.812
6.39,CARRY,3.14,-0.01,-9.57,3.71,-0.01,1,0,324.5,207.5,32.8,0.65,0.09,53.5,,,,,9.75
6.45,CARRY,3.21,-0.01,-9.58,3.74,-0.01,1,0,323.5,209.5,30.7,0.61,0.07,49.5,,,,,9.812
6.5,CARRY,3.21,-0.01,-9.58,3.76,-0.01,1,0,323.5,208.5,31.7,0.63,0.07,54.4,,,,,9.812
6.55,CARRY,3.28,-0.01,-9.58,3.79,-0.01,1,0,323.5,211.0,29.2,0.58,0.07,49.2,,,,,9.75
6.6,CARRY,3.28,-0.01,-9.58,3.82,-0.01,1,0,323.5,209.5,30.7,0.61,0.07,54.4,,,,,9.75
6.66,CARRY,3.34,-0.01,-9.58,3.84,-0.01,1,0,323.5,211.5,28.7,0.57,0.07,49.1,,,,,9.688
6.71,CARRY,3.34,-0.01,-9.58,3.87,-0.01,1,0,323.5,210.0,30.2,0.6,0.07,54.2,,,,,9.75
6.76,CARRY,3.41,-0.01,-9.58,3.9,-0.01,1,0,323.5,212.0,28.2,0.56,0.07,49.3,,,,,9.625
6.82,CARRY,3.41,-0.01,-9.58,3.92,-0.01,1,0,323.5,211.0,29.2,0.58,0.07,54.2,,,,,9.625
6.87,CARRY,3.47,-0.01,-9.58,3.95,-0.01,1,0,323.5,213.0,27.2,0.54,0.07,49.2,,,,,9.5
6.92,CARRY,3.47,-0.01,-9.58,3.97,-0.01,1,0,323.5,211.5,28.7,0.57,0.07,53.8,,,,,9.625
6.98,CARRY,3.53,-0.01,-9.58,4.0,-0.01,1,0,323.5,213.5,26.7,0.53,0.07,48.9,,,,,9.5
7.03,CARRY,3.53,-0.01,-9.58,4.03,-0.01,1,0,323.5,211.5,28.7,0.57,0.07,54.4,,,,,9.625
7.08,CARRY,3.6,-0.01,-9.58,4.05,-0.01,1,0,323.0,213.5,26.7,0.53,0.06,48.6,,,,,9.562
7.13,CARRY,3.6,-0.01,-9.58,4.08,-0.01,1,0,323.5,212.5,27.7,0.55,0.07,53.2,,,,,9.625
7.18,CARRY,3.66,-0.01,-9.58,4.11,-0.01,1,0,322.5,214.5,25.6,0.51,0.05,48.9,,,,,9.5
7.24,CARRY,3.66,-0.01,-9.58,4.13,-0.01,1,0,323.5,213.0,27.2,0.54,0.07,53.6,,,,,9.562
7.29,CARRY,3.72,-0.01,-9.58,4.16,-0.01,1,0,322.5,215.0,25.1,0.5,0.05,48.4,,,,,9.625
7.34,CARRY,3.78,-0.01,-9.58,4.18,-0.01,1,0,322.5,217.0,23.1,0.46,0.05,54.3,,,,,9.688
7.39,CARRY,3.78,-0.01,-9.58,4.21,-0.01,1,0,322.5,215.5,24.6,0.49,0.05,47.8,,,,,9.625
7.45,CARRY,3.84,-0.01,-9.58,4.24,-0.01,1,0,322.5,217.5,22.6,0.45,0.05,55.2,,,,,9.688
7.5,CARRY,3.84,-0.01,-9.58,4.26,-0.01,1,0,322.5,216.0,24.1,0.48,0.05,48.9,,,,,9.688
7.55,CARRY,3.89,-0.01,-9.58,4.29,-0.01,1,0,322.5,217.5,22.6,0.45,0.05,54.1,,,,,9.75
7.61,CARRY,3.89,-0.01,-9.58,4.32,-0.01,1,0,322.5,215.5,24.6,0.49,0.05,48.0,,,,,9.688
7.66,CARRY,3.95,-0.01,-9.58,4.34,-0.01,1,0,322.5,217.5,22.6,0.45,0.05,54.8,,,,,9.688
7.71,CARRY,3.95,-0.01,-9.58,4.37,-0.01,1,0,322.5,216.0,24.1,0.48,0.05,48.3,,,,,9.625
7.76,CARRY,4.0,-0.01,-9.58,4.4,-0.01,1,0,322.5,217.5,22.6,0.45,0.05,54.8,,,,,9.75
7.82,CARRY,4.0,-0.01,-9.58,4.42,-0.01,1,0,322.5,216.0,24.1,0.48,0.05,50.2,,,,,9.688
7.87,CARRY,4.05,-0.01,-9.58,4.45,-0.01,1,0,322.5,217.5,22.6,0.45,0.05,54.0,,,,,9.625
7.92,CARRY,4.05,-0.01,-9.58,4.48,-0.01,1,0,322.5,216.0,24.1,0.48,0.05,48.2,,,,,9.625
7.97,CARRY,4.1,-0.01,-9.58,4.5,-0.01,1,0,322.5,217.5,22.6,0.45,0.05,54.8,,,,,9.625
8.03,CARRY,4.1,-0.01,-9.58,4.53,-0.01,1,0,322.5,215.5,24.6,0.49,0.05,48.7,,,,,9.562
8.08,CARRY,4.15,-0.01,-9.58,4.55,-0.01,1,0,322.5,217.0,23.1,0.46,0.05,54.1,,,,,9.562
8.14,CARRY,4.15,-0.01,-9.58,4.58,-0.01,1,0,322.5,215.5,24.6,0.49,0.05,47.8,,,,,9.562
8.19,CARRY,4.2,-0.01,-9.58,4.61,-0.01,1,0,322.5,217.0,23.1,0.46,0.05,54.6,,,,,9.562
8.24,CARRY,4.25,-0.01,-9.58,4.63,-0.01,1,0,322.5,218.0,22.1,0.44,0.05,48.8,,,,,9.625
8.29,CARRY,4.25,-0.01,-9.58,4.66,-0.01,1,0,322.5,216.5,23.6,0.47,0.05,53.3,,,,,9.625
8.35,CARRY,4.3,-0.01,-9.58,4.69,-0.01,1,0,322.5,218.0,22.1,0.44,0.05,49.1,,,,,9.625
8.4,CARRY,4.3,-0.01,-9.58,4.71,-0.01,1,0,322.5,216.5,23.6,0.47,0.05,53.3,,,,,9.562
8.45,CARRY,4.35,-0.01,-9.58,4.74,-0.01,1,0,322.5,217.5,22.6,0.45,0.05,48.3,,,,,9.562
8.5,CARRY,4.35,-0.01,-9.58,4.76,-0.01,1,0,322.5,216.5,23.6,0.47,0.05,53.7,,,,,9.438
8.55,CARRY,4.39,-0.01,-9.58,4.79,-0.01,1,0,322.5,217.5,22.6,0.45,0.05,48.5,,,,,9.562
8.6,CARRY,4.39,-0.01,-9.58,4.82,-0.01,1,0,322.5,216.0,24.1,0.48,0.05,54.0,,,,,9.5
8.66,CARRY,4.44,-0.01,-9.58,4.84,-0.01,1,0,322.5,217.0,23.1,0.46,0.05,48.7,,,,,9.5
8.71,CARRY,4.44,-0.01,-9.58,4.87,-0.01,1,0,323.0,215.5,24.7,0.49,0.06,53.5,,,,,9.5
8.76,CARRY,4.49,-0.01,-9.58,4.9,-0.01,1,0,322.5,217.0,23.1,0.46,0.05,48.9,,,,,9.5
8.81,CARRY,4.49,-0.01,-9.58,4.92,-0.01,1,0,323.0,215.5,24.7,0.49,0.06,54.2,,,,,9.5
8.87,CARRY,4.54,-0.01,-9.58,4.95,-0.01,1,0,322.5,216.5,23.6,0.47,0.05,49.3,,,,,9.5
8.92,CARRY,4.54,-0.01,-9.58,4.97,-0.01,1,0,323.5,215.0,25.2,0.5,0.07,54.4,,,,,9.438
8.97,CARRY,4.58,-0.01,-9.58,5.0,-0.01,1,0,323.0,216.0,24.2,0.48,0.06,49.0,,,,,9.438
9.02,CARRY,4.58,-0.01,-9.58,5.03,-0.01,1,0,323.5,214.5,25.7,0.51,0.07,55.0,,,,,9.312
9.08,CARRY,4.63,-0.01,-9.58,5.05,-0.01,1,0,323.5,215.5,24.7,0.49,0.07,49.0,,,,,9.438
9.13,CARRY,4.63,-0.01,-9.58,5.08,-0.01,1,0,323.5,214.5,25.7,0.51,0.07,54.1,,,,,9.312
9.19,CARRY,4.68,-0.01,-9.58,5.11,-0.01,1,0,323.5,215.5,24.7,0.49,0.07,49.2,,,,,9.5
9.24,CARRY,4.68,-0.01,-9.58,5.13,-0.01,1,0,323.5,213.5,26.7,0.53,0.07,54.3,,,,,9.438
9.29,CARRY,4.73,-0.01,-9.58,5.16,-0.01,1,0,323.5,215.5,24.7,0.49,0.07,49.2,,,,,9.375
9.34,CARRY,4.77,-0.01,-9.58,5.19,-0.01,1,0,323.0,216.5,23.7,0.47,0.06,54.9,,,,,9.562
9.4,CARRY,4.77,-0.01,-9.58,5.21,-0.01,1,0,323.5,215.0,25.2,0.5,0.07,48.9,,,,,9.438
9.45,CARRY,4.82,-0.01,-9.58,5.24,-0.01,1,0,323.5,216.5,23.8,0.47,0.07,54.9,,,,,9.5
9.5,CARRY,4.82,-0.01,-9.58,5.27,-0.01,1,0,323.5,215.0,25.2,0.5,0.07,48.8,,,,,9.438
9.55,CARRY,4.87,-0.01,-9.58,5.29,-0.01,1,0,323.5,216.0,24.3,0.48,0.07,55.1,,,,,9.5
9.61,CARRY,4.87,-0.01,-9.58,5.32,-0.01,1,0,323.5,214.5,25.7,0.51,0.07,48.0,,,,,9.375
9.66,CARRY,4.92,-0.01,-9.58,5.34,-0.01,1,0,323.5,216.0,24.3,0.48,0.07,54.8,,,,,9.5
9.72,CARRY,4.92,-0.01,-9.58,5.37,-0.01,1,0,323.5,214.5,25.7,0.51,0.07,48.4,,,,,9.375
9.77,CARRY,4.97,-0.01,-9.58,5.4,-0.01,1,0,323.5,215.5,24.7,0.49,0.07,54.8,,,,,9.5
9.82,CARRY,4.97,-0.01,-9.58,5.43,-0.01,1,0,323.5,214.0,26.2,0.52,0.07,49.4,,,,,9.438
9.87,CARRY,5.02,-0.01,-9.58,5.45,-0.01,1,0,323.5,215.5,24.7,0.49,0.07,53.9,,,,,9.5
9.93,CARRY,5.02,-0.01,-9.58,5.48,-0.01,1,0,323.5,213.5,26.7,0.53,0.07,50.4,,,,,9.438
9.98,CARRY,5.07,-0.01,-9.58,5.5,-0.01,1,0,323.5,215.5,24.7,0.49,0.07,55.3,,,,,9.5
10.04,CARRY,5.07,-0.01,-9.58,5.53,-0.01,1,0,323.5,213.5,26.7,0.53,0.07,48.6,,,,,9.438
10.09,CARRY,5.12,-0.01,-9.58,5.56,-0.01,1,0,323.5,215.5,24.7,0.49,0.07,55.1,,,,,9.438
10.14,CARRY,5.17,-0.01,-9.58,5.58,-0.01,1,0,322.5,216.5,23.6,0.47,0.05,48.9,,,,,9.562
10.19,CARRY,5.17,-0.01,-9.58,5.61,-0.01,1,0,323.5,215.0,25.2,0.5,0.07,54.5,,,,,9.562
10.25,CARRY,5.22,-0.01,-9.58,5.64,-0.01,1,0,322.5,216.0,24.1,0.48,0.05,50.1,,,,,9.562
10.3,CARRY,5.22,-0.01,-9.58,5.66,-0.01,1,0,323.5,215.0,25.2,0.5,0.07,55.2,,,,,9.562
10.35,CARRY,5.27,-0.01,-9.58,5.69,-0.01,1,0,322.5,215.5,24.6,0.49,0.05,49.2,,,,,9.562
10.4,CARRY,5.27,-0.01,-9.58,5.72,-0.01,1,0,323.5,214.5,25.7,0.51,0.07,49.6,,,,,9.438
10.45,CARRY,5.32,-0.01,-9.58,5.74,-0.01,1,0,322.5,215.5,24.6,0.49,0.05,51.2,,,,,9.562
10.51,CARRY,5.32,-0.01,-9.58,5.77,-0.01,1,0,323.5,214.5,25.7,0.51,0.07,49.3,,,,,9.438
10.56,CARRY,5.37,-0.01,-9.58,5.79,-0.01,1,0,322.5,215.5,24.6,0.49,0.05,50.5,,,,,9.625
10.61,CARRY,5.37,-0.01,-9.58,5.82,-0.01,1,0,323.5,214.5,25.7,0.51,0.07,49.8,,,,,9.438
10.66,CARRY,5.42,-0.01,-9.58,5.84,-0.01,1,0,322.5,215.5,24.6,0.49,0.05,50.7,,,,,9.625
10.71,CARRY,5.42,-0.01,-9.58,5.87,-0.01,1,0,323.5,214.5,25.7,0.51,0.07,51.2,,,,,9.5
10.76,CARRY,5.47,-0.01,-9.58,5.9,-0.01,1,0,322.5,215.5,24.6,0.49,0.05,50.7,,,,,9.562
10.82,CARRY,5.47,-0.01,-9.58,5.92,-0.01,1,0,323.5,214.5,25.7,0.51,0.07,50.1,,,,,9.562
10.87,CARRY,5.52,-0.01,-9.58,5.95,-0.01,1,0,322.5,215.5,24.6,0.49,0.05,50.3,,,,,9.562
10.92,CARRY,5.52,-0.01,-9.58,5.97,-0.01,1,0,323.5,214.0,26.2,0.52,0.07,49.4,,,,,9.438
10.97,CARRY,5.57,-0.01,-9.58,6.0,-0.01,1,0,323.0,215.5,24.7,0.49,0.06,50.5,,,,,9.438
11.02,CARRY,5.57,-0.01,-9.58,6.02,-0.01,1,0,323.5,214.0,26.2,0.52,0.07,50.3,,,,,9.375
11.07,CARRY,5.62,-0.01,-9.58,6.05,-0.01,1,0,323.5,215.5,24.7,0.49,0.07,50.5,,,,,9.5
11.12,CARRY,5.62,-0.01,-9.58,6.08,-0.01,1,0,323.5,214.0,26.2,0.52,0.07,49.9,,,,,9.5
11.17,CARRY,5.67,-0.01,-9.58,6.1,-0.01,1,0,323.5,215.5,24.7,0.49,0.07,50.5,,,,,9.625
11.22,CARRY,5.67,-0.01,-9.58,6.13,-0.01,1,0,323.5,213.5,26.7,0.53,0.07,49.9,,,,,9.625
11.28,CARRY,5.72,-0.01,-9.58,6.15,-0.01,1,0,323.5,216.0,24.3,0.48,0.07,50.6,,,,,9.75
11.33,CARRY,5.72,-0.01,-9.58,6.18,-0.01,1,0,323.5,215.0,25.2,0.5,0.07,49.7,,,,,9.75
11.38,CARRY,5.77,-0.01,-9.58,6.2,-0.01,1,0,323.5,215.5,24.7,0.49,0.07,51.1,,,,,9.75
11.43,CARRY,5.77,-0.01,-9.58,6.23,-0.01,1,0,323.5,213.5,26.7,0.53,0.07,50.3,,,,,9.75
11.48,CARRY,5.82,-0.01,-9.58,6.25,-0.01,1,0,323.5,215.5,24.7,0.49,0.07,50.9,,,,,9.812
11.53,CARRY,5.82,-0.01,-9.58,6.28,-0.01,1,0,323.5,213.5,26.7,0.53,0.07,50.2,,,,,9.875
11.58,CARRY,5.87,-0.01,-9.58,6.31,-0.01,1,0,323.5,215.5,24.7,0.49,0.07,50.6,,,,,9.938
11.64,CARRY,5.87,-0.01,-9.58,6.33,-0.01,1,0,323.5,213.5,26.7,0.53,0.07,49.6,,,,,9.938
11.69,CARRY,5.92,-0.01,-9.58,6.36,-0.01,1,0,323.5,215.5,24.7,0.49,0.07,50.7,,,,,9.938
11.74,CARRY,5.92,-0.01,-9.58,6.38,-0.01,1,0,323.5,213.5,26.7,0.53,0.07,50.1,,,,,9.938
11.79,CARRY,5.97,-0.01,-9.58,6.41,-0.01,1,0,323.5,223.0,17.4,0.34,0.07,51.0,,,,,9.938
11.84,CARRY,6.02,-0.01,-9.58,6.43,-0.01,1,0,322.5,216.5,23.6,0.47,0.05,51.3,,,,,10.0
11.89,CARRY,6.02,-0.01,-9.58,6.46,-0.01,1,0,323.5,215.0,25.2,0.5,0.07,49.4,,,,,9.938
11.94,CARRY,6.07,-0.01,-9.58,6.49,-0.01,1,0,322.5,216.5,23.6,0.47,0.05,50.6,,,,,9.938
12.0,CARRY,6.07,-0.01,-9.58,6.51,-0.01,1,0,323.5,214.5,25.7,0.51,0.07,49.8,,,,,9.938
12.05,CARRY,6.12,-0.01,-9.58,6.54,-0.01,1,0,322.5,228.5,11.8,0.23,0.05,50.6,,,,,10.062
12.1,CARRY,6.12,-0.01,-9.58,6.56,-0.01,1,0,323.0,227.5,12.9,0.25,0.06,49.6,,,,,10.062
12.15,CARRY,6.17,-0.01,-9.58,6.59,-0.01,1,0,322.5,216.5,23.6,0.47,0.05,50.4,,,,,10.0
12.2,CARRY,6.17,-0.01,-9.58,6.61,-0.01,1,0,323.0,214.5,25.7,0.51,0.06,49.9,,,,,10.0
12.25,CARRY,6.22,-0.01,-9.58,6.64,-0.01,1,0,322.5,231.5,8.9,0.17,0.05,50.3,,,,,10.125
12.3,CARRY,6.22,-0.01,-9.58,6.67,-0.01,1,0,323.0,230.5,10.0,0.19,0.06,50.3,,,,,10.125
12.35,CARRY,6.27,-0.01,-9.58,6.69,-0.01,1,0,322.5,232.0,8.4,0.16,0.05,50.4,,,,,10.188
12.4,CARRY,6.27,-0.01,-9.58,6.72,-0.01,1,0,323.0,231.5,9.0,0.17,0.06,50.2,,,,,10.125
12.46,CARRY,6.32,-0.01,-9.58,6.74,-0.01,1,0,322.5,233.0,7.4,0.14,0.05,50.6,,,,,10.188
12.51,CARRY,6.32,-0.01,-9.58,6.77,-0.01,1,0,323.0,232.0,8.5,0.16,0.06,49.7,,,,,10.125
12.56,CARRY,6.36,-0.01,-9.58,6.79,-0.01,1,0,322.5,235.0,5.6,0.1,0.05,50.3,,,,,10.25
12.61,CARRY,6.36,-0.01,-9.58,6.82,-0.01,1,0,323.5,234.5,6.5,0.11,0.07,49.7,,,,,10.312
12.66,CARRY,6.4,-0.01,-9.58,6.84,-0.01,1,0,322.5,214.5,25.6,0.51,0.05,50.8,,,,,10.25
12.71,CARRY,6.4,-0.01,-9.58,6.87,-0.01,1,0,323.5,234.5,6.5,0.11,0.07,50.1,,,,,10.188
12.76,CARRY,6.43,-0.01,-9.58,6.9,-0.01,1,0,322.5,213.5,26.6,0.53,0.05,50.9,,,,,10.188
12.81,CARRY,6.43,-0.01,-9.58,6.92,-0.01,1,0,323.5,234.5,6.5,0.11,0.07,50.3,,,,,10.125
12.87,CARRY,6.46,-0.0,-9.58,6.95,-0.01,1,0,322.5,212.5,27.6,0.55,0.05,50.6,,,,,10.25
12.92,CARRY,6.46,-0.0,-9.58,6.97,-0.01,1,0,323.5,235.5,5.7,0.09,0.07,49.4,,,,,10.25
12.97,CARRY,6.49,-0.0,-9.58,7.0,-0.01,1,0,322.5,237.0,3.9,0.06,0.05,51.0,,,,,10.25
13.02,CARRY,6.49,-0.0,-9.58,7.02,-0.01,1,0,323.5,209.5,30.7,0.61,0.07,50.3,,,,,10.5
13.07,CARRY,6.52,0.0,-9.58,7.05,-0.01,1,0,322.5,236.5,4.3,0.07,0.05,50.6,,,,,10.375
13.12,CARRY,6.52,0.0,-9.58,7.08,-0.01,1,0,323.5,208.0,32.2,0.64,0.07,49.9,,,,,10.562
13.17,CARRY,6.54,0.01,-9.58,7.1,-0.01,1,0,322.5,236.5,4.3,0.07,0.05,50.4,,,,,10.438
13.23,CARRY,6.54,0.01,-9.58,7.13,-0.01,1,0,323.5,206.5,33.7,0.67,0.07,49.7,,,,,10.562
13.28,CARRY,6.56,0.01,-9.58,7.15,-0.01,1,0,322.5,205.5,34.6,0.69,0.05,50.4,,,,,10.5
13.33,CARRY,6.56,0.01,-9.58,7.18,-0.01,1,0,323.5,234.5,6.5,0.11,0.07,49.8,,,,,10.375
13.38,CARRY,6.58,0.01,-9.58,7.2,-0.01,1,0,323.5,204.5,35.7,0.71,0.07,52.5,,,,,10.562
13.43,CARRY,6.58,0.01,-9.58,7.23,-0.01,1,0,323.5,203.0,37.2,0.74,0.07,50.2,,,,,10.438
13.48,CARRY,6.6,0.02,-9.58,7.26,-0.01,1,0,323.5,202.5,37.7,0.75,0.07,51.1,,,,,10.375
13.54,CARRY,6.6,0.02,-9.58,7.28,-0.01,1,0,323.5,201.0,39.2,0.78,0.07,49.8,,,,,10.25
13.59,CARRY,6.62,0.02,-9.58,7.31,-0.01,1,0,323.5,200.5,39.7,0.79,0.07,50.4,,,,,10.0
13.64,CARRY,6.62,0.02,-9.58,7.33,-0.01,1,0,323.5,198.5,41.6,0.83,0.07,50.0,,,,,9.875
13.69,CARRY,6.64,0.02,-9.58,7.36,-0.01,1,0,323.5,198.5,41.6,0.83,0.07,50.4,,,,,9.75
13.74,CARRY,6.64,0.02,-9.58,7.38,-0.01,1,0,323.5,196.5,43.6,0.87,0.07,50.0,,,,,9.625
13.79,CARRY,6.66,0.03,-9.58,7.41,-0.01,1,0,323.5,197.0,43.1,0.86,0.07,50.9,,,,,9.625
13.84,CARRY,6.7,0.03,-9.58,7.44,-0.01,1,0,323.0,197.5,42.6,0.85,0.06,49.9,,,,,9.5
13.89,CARRY,6.7,0.03,-9.58,7.46,-0.01,1,0,323.5,196.5,43.6,0.87,0.07,52.3,,,,,9.5
13.95,CARRY,6.74,0.03,-9.58,7.49,-0.01,1,0,323.5,197.0,43.1,0.86,0.07,50.6,,,,,9.5
14.0,CARRY,6.74,0.03,-9.58,7.51,-0.01,1,0,323.5,196.0,44.1,0.88,0.07,50.6,,,,,9.438
14.05,CARRY,6.79,0.03,-9.58,7.54,-0.01,1,0,323.0,197.0,43.1,0.86,0.06,50.8,,,,,9.5
14.1,CARRY,6.79,0.03,-9.58,7.57,-0.01,1,0,323.5,196.0,44.1,0.88,0.07,49.9,,,,,9.5
14.15,CARRY,6.85,0.03,-9.58,7.59,-0.01,1,0,323.0,198.0,42.1,0.84,0.06,50.5,,,,,9.438
14.2,CARRY,6.85,0.03,-9.58,7.62,-0.01,1,0,323.5,196.5,43.6,0.87,0.07,49.8,,,,,9.5
14.26,CARRY,6.92,0.03,-9.58,7.64,-0.01,1,0,323.0,198.5,41.6,0.83,0.06,50.4,,,,,9.562
14.31,CARRY,6.92,0.03,-9.58,7.67,-0.01,1,0,323.5,196.5,43.6,0.87,0.07,50.6,,,,,9.562
14.36,CARRY,6.99,0.02,-9.58,7.69,-0.01,1,0,323.0,200.0,40.1,0.8,0.06,51.2,,,,,9.5
14.41,CARRY,6.99,0.02,-9.58,7.72,-0.01,1,0,323.5,198.5,41.6,0.83,0.07,49.9,,,,,9.438
14.46,CARRY,7.06,0.02,-9.58,7.74,-0.01,1,0,323.0,201.0,39.1,0.78,0.06,50.9,,,,,9.562
14.51,CARRY,7.06,0.02,-9.58,7.77,-0.01,1,0,323.5,199.5,40.7,0.81,0.07,50.2,,,,,9.5
14.56,CARRY,7.14,0.02,-9.58,7.8,-0.01,1,0,323.0,202.0,38.1,0.76,0.06,50.6,,,,,9.562
14.62,CARRY,7.14,0.02,-9.58,7.82,-0.01,1,0,323.5,201.0,39.2,0.78,0.07,50.4,,,,,9.562
14.67,CARRY,7.22,0.01,-9.58,7.85,-0.01,1,0,323.0,203.5,36.6,0.73,0.06,50.8,,,,,9.625
14.72,CARRY,7.22,0.01,-9.58,7.87,-0.01,1,0,323.5,202.5,37.7,0.75,0.07,50.3,,,,,9.625
14.77,CARRY,7.3,0.01,-9.58,7.9,-0.01,1,0,323.0,205.5,34.6,0.69,0.06,50.8,,,,,9.438
14.82,CARRY,7.3,0.01,-9.58,7.93,-0.01,1,0,323.5,203.5,36.7,0.73,0.07,49.8,,,,,9.562
14.87,CARRY,7.37,0.0,-9.58,7.95,-0.01,1,0,323.5,207.0,33.2,0.66,0.07,50.6,,,,,9.375
14.93,CARRY,7.37,0.0,-9.58,7.98,-0.01,1,0,323.5,205.5,34.7,0.69,0.07,49.6,,,,,9.5
14.98,CARRY,7.45,0.0,-9.58,8.0,-0.01,1,0,323.5,208.5,31.7,0.63,0.07,50.4,,,,,9.5
15.03,CARRY,7.45,0.0,-9.58,8.03,-0.01,1,0,323.5,207.5,32.7,0.65,0.07,49.9,,,,,9.438
15.08,CARRY,7.53,-0.0,-9.58,8.05,-0.01,1,0,323.5,210.0,30.2,0.6,0.07,50.6,,,,,9.562
15.13,CARRY,7.53,-0.0,-9.58,8.08,-0.01,1,0,323.5,208.5,31.7,0.63,0.07,49.5,,,,,9.438
15.18,CARRY,7.6,-0.01,-9.58,8.1,-0.01,1,0,323.5,211.5,28.7,0.57,0.07,50.9,,,,,9.5
15.23,CARRY,7.6,-0.01,-9.58,8.13,-0.01,1,0,323.5,209.5,30.7,0.61,0.07,49.8,,,,,9.562
15.28,CARRY,7.68,-0.01,-9.58,8.16,-0.01,1,0,323.5,212.5,27.7,0.55,0.07,50.7,,,,,9.375
15.33,CARRY,7.68,-0.01,-9.58,8.18,-0.01,1,0,323.5,211.5,28.7,0.57,0.07,50.6,,,,,9.5
15.39,CARRY,7.75,-0.01,-9.58,8.21,-0.01,1,0,323.5,213.5,26.7,0.53,0.07,50.9,,,,,9.438
15.44,CARRY,7.82,-0.01,-9.58,8.23,-0.01,1,0,323.0,216.5,23.7,0.47,0.06,50.4,,,,,9.438
15.49,CARRY,7.82,-0.01,-9.58,8.26,-0.01,1,0,323.5,215.0,25.2,0.5,0.07,50.7,,,,,9.438
15.54,CARRY,7.89,-0.01,-9.58,8.28,-0.01,1,0,322.5,217.5,22.6,0.45,0.05,51.5,,,,,9.625
15.59,CARRY,7.89,-0.01,-9.58,8.31,-0.01,1,0,323.5,216.0,24.3,0.48,0.07,49.2,,,,,9.562
15.64,CARRY,7.95,-0.01,-9.58,8.34,-0.01,1,0,322.5,218.0,22.1,0.44,0.05,50.5,,,,,9.562
15.7,CARRY,7.95,-0.01,-9.58,8.36,-0.01,1,0,323.0,216.5,23.7,0.47,0.06,50.4,,,,,9.562
15.75,CARRY,8.01,-0.01,-9.58,8.39,-0.01,1,0,322.5,218.5,21.6,0.43,0.05,51.3,,,,,9.625
15.8,CARRY,8.01,-0.01,-9.58,8.41,-0.01,1,0,323.0,217.0,23.2,0.46,0.06,51.1,,,,,9.625
15.85,CARRY,8.07,-0.01,-9.58,8.44,-0.01,1,0,322.5,219.0,21.1,0.42,0.05,51.5,,,,,9.625
15.9,CARRY,8.07,-0.01,-9.58,8.47,-0.01,1,0,322.5,217.5,22.6,0.45,0.05,48.8,,,,,9.625
15.95,CARRY,8.13,-0.01,-9.58,8.49,-0.01,1,0,322.5,219.0,21.1,0.42,0.05,49.4,,,,,9.625
16.0,CARRY,8.13,-0.01,-9.58,8.52,-0.01,1,0,322.5,217.5,22.6,0.45,0.05,49.2,,,,,9.625
16.05,CARRY,8.18,-0.01,-9.58,8.54,-0.01,1,0,322.5,220.0,20.2,0.4,0.05,50.9,,,,,9.562
16.11,CARRY,8.18,-0.01,-9.58,8.57,-0.01,1,0,322.5,217.5,22.6,0.45,0.05,50.6,,,,,9.625
16.16,CARRY,8.23,-0.01,-9.58,8.59,-0.01,1,0,322.5,220.0,20.2,0.4,0.05,50.9,,,,,9.562
16.21,CARRY,8.23,-0.01,-9.58,8.62,-0.01,1,0,322.5,217.5,22.6,0.45,0.05,50.0,,,,,9.625
16.26,CARRY,8.28,-0.01,-9.58,8.64,-0.01,1,0,322.5,219.5,20.7,0.41,0.05,51.4,,,,,9.625
16.31,CARRY,8.28,-0.01,-9.58,8.67,-0.01,1,0,322.5,217.5,22.6,0.45,0.05,50.3,,,,,9.562
16.36,CARRY,8.33,-0.01,-9.58,8.7,-0.01,1,0,322.5,218.5,21.6,0.43,0.05,51.2,,,,,9.562
16.42,CARRY,8.33,-0.01,-9.58,8.72,-0.01,1,0,322.5,217.5,22.6,0.45,0.05,50.1,,,,,9.5
16.47,CARRY,8.38,-0.01,-9.58,8.75,-0.01,1,0,322.5,218.5,21.6,0.43,0.05,51.1,,,,,9.625
16.52,CARRY,8.38,-0.01,-9.58,8.77,-0.01,1,0,322.5,217.5,22.6,0.45,0.05,50.2,,,,,9.562
16.57,CARRY,8.42,-0.01,-9.58,8.8,-0.01,1,0,322.5,218.5,21.6,0.43,0.05,50.8,,,,,9.562
16.62,CARRY,8.42,-0.01,-9.58,8.83,-0.01,1,0,322.5,216.5,23.6,0.47,0.05,50.6,,,,,9.562
16.68,CARRY,8.47,-0.01,-9.58,8.85,-0.01,1,0,322.5,218.5,21.6,0.43,0.05,50.9,,,,,9.562
16.73,CARRY,8.47,-0.01,-9.58,8.88,-0.01,1,0,322.5,216.5,23.6,0.47,0.05,49.9,,,,,9.5
16.78,CARRY,8.51,-0.01,-9.58,8.9,-0.01,1,0,322.5,218.0,22.1,0.44,0.05,51.0,,,,,9.562
16.83,CARRY,8.51,-0.01,-9.58,8.93,-0.01,1,0,322.5,216.5,23.6,0.47,0.05,50.3,,,,,9.562
16.88,CARRY,8.56,-0.01,-9.58,8.95,-0.01,1,0,322.5,217.5,22.6,0.45,0.05,51.4,,,,,9.5
16.93,CARRY,8.56,-0.01,-9.58,8.98,-0.01,1,0,323.5,216.0,24.3,0.48,0.07,49.7,,,,,9.5
16.98,CARRY,8.61,-0.01,-9.58,9.01,-0.01,1,0,322.5,217.0,23.1,0.46,0.05,50.7,,,,,9.438
17.04,CARRY,8.61,-0.01,-9.58,9.03,-0.01,1,0,323.5,216.0,24.3,0.48,0.07,48.9,,,,,9.5
17.09,CARRY,8.65,-0.01,-9.58,9.06,-0.01,1,0,322.5,216.5,23.6,0.47,0.05,50.8,,,,,9.5
17.14,CARRY,8.7,-0.01,-9.58,9.08,-0.01,1,0,322.5,217.5,22.6,0.45,0.05,51.2,,,,,9.562
17.19,CARRY,8.7,-0.01,-9.58,9.11,-0.01,1,0,323.5,216.5,23.8,0.47,0.07,50.3,,,,,9.562
17.24,CARRY,8.74,-0.01,-9.58,9.14,-0.01,1,0,322.5,217.5,22.6,0.45,0.05,51.2,,,,,9.562
17.29,CARRY,8.74,-0.01,-9.58,9.16,-0.01,1,0,323.5,216.5,23.8,0.47,0.07,49.8,,,,,9.5
17.34,CARRY,8.79,-0.01,-9.58,9.19,-0.01,1,0,322.5,217.5,22.6,0.45,0.05,50.7,,,,,9.562
17.4,CARRY,8.79,-0.01,-9.58,9.21,-0.01,1,0,323.5,216.0,24.3,0.48,0.07,50.2,,,,,9.5
17.45,CARRY,8.84,-0.02,-9.58,9.24,-0.01,1,0,323.5,217.0,23.3,0.46,0.07,51.5,,,,,9.5
17.5,CARRY,8.84,-0.02,-9.58,9.26,-0.01,1,0,323.5,215.5,24.7,0.49,0.07,50.7,,,,,9.5
17.55,CARRY,8.89,-0.02,-9.58,9.29,-0.01,1,0,323.5,216.5,23.8,0.47,0.07,51.8,,,,,9.5
17.6,CARRY,8.89,-0.02,-9.58,9.32,-0.01,1,0,323.5,215.5,24.7,0.49,0.07,51.0,,,,,9.5
17.66,CARRY,8.93,-0.02,-9.58,9.34,-0.01,1,0,323.5,216.5,23.8,0.47,0.07,51.9,,,,,9.562
17.71,CARRY,8.93,-0.02,-9.58,9.37,-0.01,1,0,323.5,215.5,24.7,0.49,0.07,50.1,,,,,9.5
17.76,CARRY,8.98,-0.02,-9.58,9.39,-0.01,1,0,323.5,216.5,23.8,0.47,0.07,51.4,,,,,9.5
17.81,CARRY,8.98,-0.02,-9.58,9.42,-0.01,1,0,323.5,215.0,25.2,0.5,0.07,50.4,,,,,9.438
17.86,CARRY,9.03,-0.02,-9.58,9.45,-0.01,1,0,323.5,216.0,24.3,0.48,0.07,51.1,,,,,9.5
17.92,CARRY,9.03,-0.02,-9.58,9.47,-0.01,1,0,323.5,215.0,25.2,0.5,0.07,49.9,,,,,9.438
17.97,CARRY,9.08,-0.02,-9.58,9.5,-0.01,1,0,323.5,215.5,24.7,0.49,0.07,51.4,,,,,9.5
18.02,CARRY,9.08,-0.02,-9.58,9.52,-0.01,1,0,323.5,214.5,25.7,0.51,0.07,51.0,,,,,9.375
18.07,CARRY,9.12,-0.01,-9.58,9.55,-0.01,1,0,323.5,215.5,24.7,0.49,0.07,50.9,,,,,9.5
18.12,CARRY,9.12,-0.01,-9.58,9.58,-0.01,1,0,323.5,214.0,26.2,0.52,0.07,50.2,,,,,9.375
18.18,CARRY,9.17,-0.01,-9.58,9.6,-0.01,1,0,323.5,215.5,24.7,0.49,0.07,50.7,,,,,9.5
18.23,CARRY,9.17,-0.01,-9.58,9.63,-0.01,1,0,323.5,213.5,26.7,0.53,0.07,50.1,,,,,9.438
18.28,CARRY,9.22,-0.01,-9.58,9.65,-0.01,1,0,323.5,215.5,24.7,0.49,0.07,51.0,,,,,9.438
18.33,CARRY,9.22,-0.01,-9.58,9.68,-0.01,1,0,323.5,213.5,26.7,0.53,0.07,50.1,,,,,9.375
18.38,CARRY,9.27,-0.01,-9.58,9.7,-0.01,1,0,323.5,215.5,24.7,0.49,0.07,51.1,,,,,9.375
18.43,CARRY,9.27,-0.01,-9.58,9.73,-0.01,1,0,323.5,213.5,26.7,0.53,0.07,50.8,,,,,9.375
18.48,CARRY,9.32,-0.01,-9.58,9.76,-0.01,1,0,323.5,215.5,24.7,0.49,0.07,50.7,,,,,9.438
18.54,CARRY,9.32,-0.01,-9.58,9.78,-0.01,1,0,323.5,213.5,26.7,0.53,0.07,50.7,,,,,9.375
18.59,CARRY,9.37,-0.01,-9.58,9.81,-0.01,1,0,323.5,215.0,25.2,0.5,0.07,53.4,,,,,9.375
18.64,CARRY,9.42,-0.01,-9.58,9.84,-0.01,1,0,323.0,216.5,23.7,0.47,0.06,50.8,,,,,9.375
18.7,CARRY,9.42,-0.01,-9.58,9.86,-0.01,1,0,323.5,215.0,25.2,0.5,0.07,49.8,,,,,9.375
18.75,CARRY,9.47,-0.01,-9.58,9.89,-0.01,1,0,323.0,216.5,23.7,0.47,0.06,50.4,,,,,9.375
18.8,CARRY,9.47,-0.01,-9.58,9.91,-0.01,1,0,323.5,215.0,25.2,0.5,0.07,51.1,,,,,9.375
18.85,CARRY,9.52,-0.01,-9.58,9.94,-0.01,1,0,323.0,216.0,24.2,0.48,0.06,49.7,,,,,9.312
18.9,CARRY,9.52,-0.01,-9.58,9.96,-0.01,1,0,323.5,215.0,25.2,0.5,0.07,50.1,,,,,9.312
18.95,CARRY,9.57,-0.01,-9.58,9.99,-0.01,1,0,323.0,216.0,24.2,0.48,0.06,50.4,,,,,9.375
19.0,CARRY,9.57,-0.01,-9.58,10.02,-0.01,1,0,323.5,215.0,25.2,0.5,0.07,50.3,,,,,9.25
19.05,CARRY,9.62,-0.01,-9.58,10.04,-0.01,1,0,323.0,215.5,24.7,0.49,0.06,50.9,,,,,9.312
19.11,CARRY,9.62,-0.01,-9.58,10.07,-0.01,1,0,323.5,214.5,25.7,0.51,0.07,49.9,,,,,9.25
19.16,CARRY,9.67,-0.01,-9.58,10.09,-0.01,1,0,323.0,215.5,24.7,0.49,0.06,50.9,,,,,9.375
19.21,CARRY,9.67,-0.01,-9.58,10.12,-0.01,1,0,323.5,214.5,25.7,0.51,0.07,50.1,,,,,9.375
19.26,CARRY,9.72,-0.01,-9.58,10.14,-0.01,1,0,323.5,216.0,24.3,0.48,0.07,50.9,,,,,9.562
19.31,CARRY,9.72,-0.01,-9.58,10.17,-0.01,1,0,323.5,215.5,24.7,0.49,0.07,50.1,,,,,9.5
19.36,CARRY,9.77,-0.01,-9.58,10.2,-0.01,1,0,323.5,215.5,24.7,0.49,0.07,49.6,,,,,9.562
19.41,CARRY,9.77,-0.01,-9.58,10.22,-0.01,1,0,323.5,214.5,25.7,0.51,0.07,50.5,,,,,9.562
19.47,CARRY,9.82,-0.01,-9.58,10.25,-0.01,1,0,323.5,215.5,24.7,0.49,0.07,50.9,,,,,9.625
19.52,CARRY,9.82,-0.01,-9.58,10.27,-0.01,1,0,323.5,214.0,26.2,0.52,0.07,50.2,,,,,9.625
19.57,CARRY,9.87,-0.01,-9.58,10.3,-0.01,1,0,323.5,215.5,24.7,0.49,0.07,50.7,,,,,9.75
19.62,CARRY,9.87,-0.01,-9.58,10.32,-0.01,1,0,323.5,213.5,26.7,0.53,0.07,50.4,,,,,9.75
19.67,CARRY,9.92,-0.01,-9.58,10.35,-0.01,1,0,323.5,215.5,24.7,0.49,0.07,50.8,,,,,9.688
19.72,CARRY,9.92,-0.01,-9.58,10.38,-0.01,1,0,323.5,213.5,26.7,0.53,0.07,50.2,,,,,9.688
19.78,CARRY,9.97,-0.01,-9.58,10.4,-0.01,1,0,323.5,215.5,24.7,0.49,0.07,51.0,,,,,9.688
19.83,CARRY,9.97,-0.01,-9.58,10.43,-0.01,1,0,323.5,213.5,26.7,0.53,0.07,49.4,,,,,9.688
19.88,CARRY,10.02,-0.01,-9.58,10.45,-0.01,1,0,323.5,215.5,24.7,0.49,0.07,51.2,,,,,9.625
19.93,CARRY,10.02,-0.01,-9.58,10.48,-0.01,1,0,323.5,213.5,26.7,0.53,0.07,50.2,,,,,9.562
19.98,CARRY,10.07,-0.01,-9.58,10.5,-0.01,1,0,323.5,215.5,24.7,0.49,0.07,51.1,,,,,9.562
20.03,CARRY,10.07,-0.01,-9.58,10.53,-0.01,1,0,323.5,213.5,26.7,0.53,0.07,50.8,,,,,9.562
20.09,CARRY,10.12,-0.01,-9.58,10.56,-0.01,1,0,323.5,215.0,25.2,0.5,0.07,50.9,,,,,9.625
20.14,CARRY,10.12,-0.01,-9.58,10.58,-0.01,1,0,323.5,213.5,26.7,0.53,0.07,50.3,,,,,9.625
20.19,CARRY,10.17,-0.01,-9.58,10.61,-0.01,1,0,323.5,215.0,25.2,0.5,0.07,50.6,,,,,9.562
20.24,CARRY,10.17,-0.01,-9.58,10.63,-0.01,1,0,323.5,213.5,26.7,0.53,0.07,50.6,,,,,9.5
20.29,CARRY,10.22,-0.01,-9.58,10.66,-0.01,1,0,323.0,215.0,25.2,0.5,0.06,50.8,,,,,9.5
20.34,CARRY,10.27,-0.01,-9.58,10.69,-0.01,1,0,322.5,216.5,23.6,0.47,0.05,50.8,,,,,9.562
20.4,CARRY,10.27,-0.01,-9.58,10.71,-0.01,1,0,323.0,215.0,25.2,0.5,0.06,50.0,,,,,9.562
20.45,CARRY,10.32,-0.01,-9.58,10.74,-0.01,1,0,322.5,216.5,23.6,0.47,0.05,50.0,,,,,9.562
20.5,CARRY,10.32,-0.01,-9.58,10.76,-0.01,1,0,322.5,215.0,25.1,0.5,0.05,50.3,,,,,9.5
20.55,CARRY,10.37,-0.01,-9.58,10.79,-0.01,1,0,322.5,216.5,23.6,0.47,0.05,51.8,,,,,9.562
20.6,CARRY,10.37,-0.01,-9.58,10.82,-0.01,1,0,322.5,215.0,25.1,0.5,0.05,50.5,,,,,9.5
20.65,CARRY,10.43,-0.01,-9.58,10.84,-0.01,1,0,322.5,216.5,23.6,0.47,0.05,53.4,,,,,9.5
20.71,CARRY,10.43,-0.01,-9.58,10.87,-0.01,1,0,322.5,215.0,25.1,0.5,0.05,51.3,,,,,9.438
20.76,CARRY,10.48,-0.01,-9.58,10.89,-0.01,1,0,322.5,216.0,24.1,0.48,0.05,49.0,,,,,9.312
20.81,CARRY,10.48,-0.01,-9.58,10.92,-0.01,1,0,322.5,215.0,25.1,0.5,0.05,49.3,,,,,9.312
20.86,CARRY,10.53,-0.01,-9.58,10.94,-0.01,1,0,322.5,216.0,24.1,0.48,0.05,52.7,,,,,9.312
20.91,CARRY,10.53,-0.01,-9.58,10.97,-0.01,1,0,323.0,214.5,25.7,0.51,0.06,51.0,,,,,9.25
20.97,CARRY,10.58,-0.01,-9.58,11.0,-0.01,1,0,322.5,215.5,24.6,0.49,0.05,50.4,,,,,9.312
21.02,CARRY,10.58,-0.01,-9.58,11.02,-0.01,1,0,323.5,214.5,25.7,0.51,0.07,48.6,,,,,9.188
21.07,CARRY,10.63,-0.01,-9.58,11.05,-0.01,1,0,322.5,215.5,24.6,0.49,0.05,48.4,,,,,9.25
21.12,CARRY,10.63,-0.01,-9.58,11.07,-0.01,1,0,323.5,214.5,25.7,0.51,0.07,51.7,,,,,9.125
21.17,CARRY,10.68,-0.01,-9.58,11.1,-0.01,1,0,322.5,215.5,24.6,0.49,0.05,50.0,,,,,9.188
21.22,CARRY,10.68,-0.01,-9.58,11.12,-0.01,1,0,323.5,214.5,25.7,0.51,0.07,50.3,,,,,9.125
21.27,CARRY,10.73,-0.01,-9.58,11.15,-0.01,1,0,323.0,215.5,24.7,0.49,0.06,48.7,,,,,9.125
21.32,CARRY,10.73,-0.01,-9.58,11.18,-0.01,1,0,323.5,214.5,25.7,0.51,0.07,48.0,,,,,9.125
21.37,CARRY,10.78,-0.01,-9.58,11.2,-0.01,1,0,323.5,215.5,24.7,0.49,0.07,50.5,,,,,9.125
21.42,CARRY,10.78,-0.01,-9.58,11.23,-0.01,1,0,323.5,214.0,26.2,0.52,0.07,50.4,,,,,9.125
21.48,CARRY,10.82,-0.01,-9.58,11.25,-0.01,1,0,323.5,215.5,24.7,0.49,0.07,51.2,,,,,9.188
21.53,CARRY,10.82,-0.01,-9.58,11.28,-0.01,1,0,323.5,214.5,25.7,0.51,0.07,49.7,,,,,9.0
21.58,CARRY,10.87,-0.01,-9.58,11.3,-0.01,1,0,323.5,216.0,24.3,0.48,0.07,51.8,,,,,8.812
21.63,CARRY,10.87,-0.01,-9.58,11.33,-0.01,1,0,323.5,214.0,26.2,0.52,0.07,50.2,,,,,8.75
21.68,CARRY,10.92,-0.01,-9.58,11.36,-0.01,1,0,323.5,215.5,24.7,0.49,0.07,51.0,,,,,8.688
21.73,CARRY,10.92,-0.01,-9.58,11.38,-0.01,1,0,323.0,214.5,25.7,0.51,0.06,49.9,,,,,8.75
21.79,CARRY,10.97,-0.01,-9.58,11.41,-0.01,1,0,323.0,217.5,22.7,0.45,0.06,51.0,,,,,8.812
21.84,CARRY,10.97,-0.01,-9.58,11.43,-0.01,1,0,323.0,216.5,23.7,0.47,0.06,51.5,,,,,8.875
21.89,CARRY,11.02,-0.01,-9.58,11.46,-0.01,1,0,323.0,218.5,21.7,0.43,0.06,50.6,,,,,8.812
21.94,CARRY,11.07,-0.01,-9.58,11.49,-0.01,1,0,321.5,221.0,19.1,0.38,0.03,51.0,,,,,8.75
21.99,CARRY,11.07,-0.01,-9.58,11.51,-0.01,1,0,322.5,220.5,19.7,0.39,0.05,50.0,,,,,8.812
22.04,CARRY,11.12,-0.01,-9.58,11.54,-0.01,1,0,321.5,222.5,17.6,0.35,0.03,51.6,,,,,8.812
22.1,CARRY,11.12,-0.01,-9.58,11.56,-0.01,1,0,322.5,221.5,18.7,0.37,0.05,50.4,,,,,8.875
22.15,CARRY,11.17,-0.01,-9.58,11.59,-0.01,1,0,321.5,223.5,16.6,0.33,0.03,50.6,,,,,8.938
22.2,CARRY,11.17,-0.01,-9.58,11.61,-0.01,1,0,322.5,222.5,17.7,0.35,0.05,50.5,,,,,9.0
22.25,CARRY,11.22,-0.01,-9.58,11.64,-0.01,1,0,321.5,224.5,15.6,0.31,0.03,50.9,,,,,9.062
22.3,CARRY,11.22,-0.01,-9.58,11.67,-0.01,1,0,322.0,224.0,16.1,0.32,0.04,50.2,,,,,9.062
22.36,CARRY,11.27,-0.01,-9.58,11.69,-0.01,1,0,321.0,225.5,14.5,0.29,0.02,51.2,,,,,9.062
22.41,CARRY,11.27,-0.01,-9.58,11.72,-0.01,1,0,322.0,225.0,15.1,0.3,0.04,50.2,,,,,9.125
22.46,CARRY,11.31,-0.01,-9.58,11.74,-0.01,1,0,322.0,227.0,13.2,0.26,0.04,53.1,,,,,9.125
22.51,CARRY,11.31,-0.01,-9.58,11.77,-0.01,1,0,322.0,226.5,13.6,0.27,0.04,50.0,,,,,9.125
22.56,CARRY,11.35,-0.01,-9.58,11.8,-0.01,1,0,321.5,228.0,12.1,0.24,0.03,50.6,,,,,9.125
22.62,CARRY,11.35,-0.01,-9.58,11.82,-0.01,1,0,321.5,226.5,13.6,0.27,0.03,49.9,,,,,9.125
22.67,CARRY,11.39,-0.01,-9.58,11.85,-0.01,1,0,321.5,228.5,11.6,0.23,0.03,50.8,,,,,9.125
22.72,CARRY,11.39,-0.01,-9.58,11.87,-0.01,1,0,321.5,228.0,12.1,0.24,0.03,50.5,,,,,8.875
22.77,CARRY,11.42,-0.01,-9.58,11.9,-0.01,1,0,321.5,229.0,11.1,0.22,0.03,50.8,,,,,8.812
22.82,CARRY,11.42,-0.01,-9.58,11.92,-0.01,1,0,321.0,228.5,11.5,0.23,0.02,51.8,,,,,9.0
22.87,CARRY,11.46,-0.01,-9.58,11.95,-0.01,1,0,321.0,229.5,10.5,0.21,0.02,50.5,,,,,9.0
22.93,CARRY,11.46,-0.01,-9.58,11.98,-0.01,1,0,321.0,229.0,11.0,0.22,0.02,49.7,,,,,9.0
22.98,CARRY,11.49,-0.01,-9.58,12.0,-0.01,1,0,321.0,230.0,10.0,0.2,0.02,50.9,,,,,8.938
23.03,CARRY,11.49,-0.01,-9.58,12.03,-0.01,1,0,321.0,229.5,10.5,0.21,0.02,50.1,,,,,9.0
23.08,CARRY,11.52,-0.01,-9.58,12.05,-0.01,1,0,321.0,230.5,9.6,0.19,0.02,51.1,,,,,8.938
23.13,CARRY,11.52,-0.01,-9.58,12.08,-0.01,1,0,320.5,230.0,10.0,0.2,0.01,49.9,,,,,8.938
23.18,CARRY,11.55,-0.01,-9.58,12.11,-0.01,1,0,320.5,230.5,9.5,0.19,0.01,50.7,,,,,8.938
23.23,CARRY,11.55,-0.01,-9.58,12.13,-0.01,1,0,321.5,229.5,10.6,0.21,0.03,50.1,,,,,8.875
23.28,CARRY,11.58,-0.01,-9.58,12.16,-0.01,1,0,321.5,230.5,9.6,0.19,0.03,50.8,,,,,8.875
23.34,CARRY,11.58,-0.01,-9.58,12.18,-0.01,1,0,321.5,230.0,10.1,0.2,0.03,50.7,,,,,8.938
23.39,CARRY,11.6,-0.01,-9.58,12.21,-0.01,1,0,321.5,230.5,9.6,0.19,0.03,50.9,,,,,8.938
23.44,CARRY,11.63,-0.01,-9.58,12.23,-0.01,1,0,321.0,231.5,8.6,0.17,0.02,51.5,,,,,9.0
23.49,CARRY,11.63,-0.01,-9.58,12.26,-0.01,1,0,321.0,230.5,9.6,0.19,0.02,50.3,,,,,9.062
23.54,CARRY,11.65,-0.01,-9.58,12.29,-0.01,1,0,321.0,231.0,9.1,0.18,0.02,50.5,,,,,9.062
23.6,CARRY,11.65,-0.01,-9.58,12.31,-0.01,1,0,321.0,230.5,9.6,0.19,0.02,50.2,,,,,9.125
23.65,CARRY,11.68,-0.01,-9.58,12.34,-0.01,1,0,320.5,231.5,8.5,0.17,0.01,50.8,,,,,9.125
23.7,CARRY,11.68,-0.01,-9.58,12.36,-0.01,1,0,320.5,230.5,9.5,0.19,0.01,50.7,,,,,9.125
23.75,CARRY,11.7,-0.01,-9.58,12.39,-0.01,1,0,321.5,231.0,9.1,0.18,0.03,50.5,,,,,9.062
23.8,CARRY,11.7,-0.01,-9.58,12.41,-0.01,1,0,321.5,229.5,10.6,0.21,0.03,51.5,,,,,9.0
23.85,CARRY,11.72,-0.01,-9.58,12.44,-0.01,1,0,321.5,230.5,9.6,0.19,0.03,49.9,,,,,9.062
23.9,CARRY,11.72,-0.01,-9.58,12.47,-0.01,1,0,321.5,230.0,10.1,0.2,0.03,49.7,,,,,9.062
23.96,CARRY,11.74,-0.01,-9.58,12.49,-0.01,1,0,321.0,230.0,10.0,0.2,0.02,50.8,,,,,9.062
24.01,CARRY,11.74,-0.01,-9.58,12.52,-0.01,1,0,321.0,229.5,10.5,0.21,0.02,50.6,,,,,9.125
24.06,CARRY,11.76,-0.01,-9.58,12.54,-0.01,1,0,321.0,230.0,10.0,0.2,0.02,51.1,,,,,9.062
24.11,CARRY,11.76,-0.01,-9.58,12.57,-0.01,1,0,321.0,229.0,11.0,0.22,0.02,50.0,,,,,9.0
24.16,CARRY,11.78,-0.01,-9.58,12.6,-0.01,1,0,321.0,230.0,10.0,0.2,0.02,50.8,,,,,8.938
24.21,CARRY,11.78,-0.01,-9.58,12.62,-0.01,1,0,321.5,229.0,11.1,0.22,0.03,50.1,,,,,8.875
24.26,CARRY,11.8,-0.01,-9.58,12.65,-0.01,1,0,321.5,229.0,11.1,0.22,0.03,50.8,,,,,8.875
24.32,CARRY,11.8,-0.01,-9.58,12.67,-0.01,1,0,321.5,228.5,11.6,0.23,0.03,50.3,,,,,8.938
24.37,CARRY,11.82,-0.01,-9.58,12.7,-0.01,1,0,321.5,228.5,11.6,0.23,0.03,50.9,,,,,9.0
24.42,CARRY,11.82,-0.01,-9.58,12.72,-0.01,1,0,321.5,228.0,12.1,0.24,0.03,50.4,,,,,9.0
24.47,CARRY,11.84,-0.01,-9.58,12.75,-0.01,1,0,321.5,228.0,12.1,0.24,0.03,50.3,,,,,9.125
24.52,CARRY,11.84,-0.01,-9.58,12.78,-0.01,1,0,321.5,227.5,12.6,0.25,0.03,50.2,,,,,9.188
24.57,CARRY,11.86,-0.01,-9.58,12.8,-0.01,1,0,321.0,228.0,12.0,0.24,0.02,50.8,,,,,9.5
24.62,CARRY,11.86,-0.01,-9.58,12.83,-0.01,1,0,322.0,227.5,12.7,0.25,0.04,50.0,,,,,9.688
24.68,CARRY,11.88,-0.01,-9.58,12.85,-0.01,1,0,322.0,228.0,12.2,0.24,0.04,50.9,,,,,9.625
24.73,CARRY,11.88,-0.01,-9.58,12.88,-0.01,1,0,322.0,227.0,13.2,0.26,0.04,50.2,,,,,9.75
24.78,CARRY,11.9,-0.01,-9.58,12.9,-0.01,1,0,321.5,228.0,12.1,0.24,0.03,51.6,,,,,9.875
24.83,CARRY,11.9,-0.01,-9.58,12.93,-0.01,1,0,321.5,227.0,13.1,0.26,0.03,49.9,,,,,10.0
24.88,CARRY,11.93,-0.01,-9.58,12.96,-0.01,1,0,321.5,227.5,12.6,0.25,0.03,50.9,,,,,9.875
24.93,CARRY,11.93,-0.01,-9.58,12.98,-0.01,1,0,321.5,226.5,13.6,0.27,0.03,50.4,,,,,9.812
24.99,CARRY,11.95,-0.01,-9.58,13.01,-0.01,1,0,321.5,227.5,12.6,0.25,0.03,50.9,,,,,9.938
25.04,CARRY,11.95,-0.01,-9.58,13.03,-0.01,1,0,321.5,226.0,14.1,0.28,0.03,50.8,,,,,10.125
25.09,CARRY,11.97,-0.01,-9.58,13.06,-0.01,1,0,321.5,227.0,13.1,0.26,0.03,49.2,,,,,10.0
25.14,CARRY,11.97,-0.01,-9.58,13.08,-0.01,1,0,322.0,226.5,13.6,0.27,0.04,50.7,,,,,9.938
25.19,CARRY,12.0,-0.01,-9.58,13.11,-0.01,1,0,321.5,227.5,12.6,0.25,0.03,50.7,,,,,10.125
25.24,CARRY,12.02,-0.02,-9.58,13.14,-0.01,1,0,322.0,227.5,12.7,0.25,0.04,50.8,,,,,10.062
25.29,CARRY,12.02,-0.02,-9.58,13.16,-0.01,1,0,322.0,227.0,13.2,0.26,0.04,50.4,,,,,10.0
25.35,CARRY,12.05,-0.02,-9.58,13.19,-0.01,1,0,321.5,227.5,12.6,0.25,0.03,50.8,,,,,10.062
25.4,CARRY,12.05,-0.02,-9.58,13.21,-0.01,1,0,321.5,227.0,13.1,0.26,0.03,50.9,,,,,10.062
25.45,CARRY,12.07,-0.02,-9.58,13.24,-0.01,1,0,321.5,228.0,12.1,0.24,0.03,51.3,,,,,10.0
25.5,CARRY,12.07,-0.02,-9.58,13.27,-0.01,1,0,321.5,227.0,13.1,0.26,0.03,50.5,,,,,9.875
25.55,CARRY,12.1,-0.02,-9.58,13.29,-0.01,1,0,321.5,227.5,12.6,0.25,0.03,50.4,,,,,9.875
25.6,CARRY,12.1,-0.02,-9.58,13.32,-0.01,1,0,322.0,227.0,13.2,0.26,0.04,50.1,,,,,9.938
25.66,CARRY,12.12,-0.02,-9.58,13.34,-0.01,1,0,322.0,228.0,12.2,0.24,0.04,51.2,,,,,9.875
25.71,CARRY,12.12,-0.02,-9.58,13.37,-0.01,1,0,322.0,227.0,13.2,0.26,0.04,50.2,,,,,9.875
25.76,CARRY,12.15,-0.02,-9.58,13.39,-0.01,1,0,322.0,227.5,12.7,0.25,0.04,51.4,,,,,9.875
25.81,CARRY,12.15,-0.02,-9.58,13.42,-0.01,1,0,322.0,227.0,13.2,0.26,0.04,50.0,,,,,9.938
25.86,CARRY,12.17,-0.02,-9.58,13.45,-0.01,1,0,321.5,228.0,12.1,0.24,0.03,49.6,,,,,9.938
25.91,CARRY,12.17,-0.02,-9.58,13.47,-0.01,1,0,321.5,227.0,13.1,0.26,0.03,51.3,,,,,9.875
25.97,CARRY,12.2,-0.02,-9.58,13.5,-0.01,1,0,321.5,227.5,12.6,0.25,0.03,49.0,,,,,9.875
26.02,CARRY,12.2,-0.02,-9.58,13.52,-0.01,1,0,321.5,227.0,13.1,0.26,0.03,47.5,,,,,9.812
26.07,CARRY,12.22,-0.02,-9.58,13.55,-0.01,1,0,321.5,228.0,12.1,0.24,0.03,50.8,,,,,9.812
26.12,CARRY,12.22,-0.02,-9.58,13.57,-0.01,1,0,321.5,227.0,13.1,0.26,0.03,57.9,,,,,9.812
26.18,CARRY,12.25,-0.02,-9.58,13.6,-0.01,1,0,322.0,227.5,12.7,0.25,0.04,50.2,,,,,9.812
26.23,CARRY,12.25,-0.02,-9.58,13.63,-0.01,1,0,322.0,227.5,12.7,0.25,0.04,49.8,,,,,9.75
26.28,CARRY,12.27,-0.02,-9.58,13.65,-0.01,1,0,322.0,227.5,12.7,0.25,0.04,52.1,,,,,9.625
26.33,CARRY,12.27,-0.02,-9.58,13.68,-0.01,1,0,322.0,227.0,13.2,0.26,0.04,49.9,,,,,9.688
26.38,CARRY,12.3,-0.02,-9.58,13.71,-0.01,1,0,322.0,227.5,12.7,0.25,0.04,49.4,,,,,9.688
26.43,CARRY,12.3,-0.02,-9.58,13.73,-0.01,1,0,321.5,226.5,13.6,0.27,0.03,48.2,,,,,9.625
26.48,CARRY,12.32,-0.02,-9.58,13.76,-0.01,1,0,321.5,227.0,13.1,0.26,0.03,52.3,,,,,9.688
26.54,CARRY,12.32,-0.02,-9.58,13.78,-0.01,1,0,321.5,226.5,13.6,0.27,0.03,49.1,,,,,9.688
26.59,CARRY,12.35,-0.02,-9.58,13.81,-0.01,1,0,321.5,227.5,12.6,0.25,0.03,49.2,,,,,9.688
26.64,CARRY,12.35,-0.02,-9.58,13.83,-0.01,1,0,321.5,226.5,13.6,0.27,0.03,48.2,,,,,9.688
26.69,CARRY,12.37,-0.02,-9.58,13.86,-0.01,1,0,321.5,227.5,12.6,0.25,0.03,49.6,,,,,9.625
26.74,CARRY,12.37,-0.02,-9.58,13.88,-0.01,1,0,322.0,226.5,13.6,0.27,0.04,49.5,,,,,9.625
26.79,CARRY,12.4,-0.02,-9.58,13.91,-0.01,1,0,322.0,227.0,13.2,0.26,0.04,50.5,,,,,9.625
26.84,CARRY,12.4,-0.02,-9.58,13.93,-0.01,1,0,322.0,226.5,13.6,0.27,0.04,50.5,,,,,9.688
26.89,CARRY,12.42,-0.02,-9.58,13.96,-0.01,1,0,322.0,227.0,13.2,0.26,0.04,50.5,,,,,9.625
26.94,CARRY,12.42,-0.02,-9.58,13.98,-0.01,1,0,322.0,226.5,13.6,0.27,0.04,50.2,,,,,9.625
26.99,CARRY,12.45,-0.02,-9.58,14.01,-0.01,1,0,322.0,227.0,13.2,0.26,0.04,52.4,,,,,9.625
27.05,CARRY,12.47,-0.02,-9.58,14.04,-0.01,1,0,321.5,228.0,12.1,0.24,0.03,50.8,,,,,9.5
27.1,CARRY,12.47,-0.02,-9.58,14.06,-0.01,1,0,321.5,227.0,13.1,0.26,0.03,50.3,,,,,9.375
27.15,CARRY,12.5,-0.02,-9.58,14.09,-0.01,1,0,321.5,227.5,12.6,0.25,0.03,50.3,,,,,9.438
27.2,CARRY,12.5,-0.02,-9.58,14.11,-0.01,1,0,321.5,227.0,13.1,0.26,0.03,49.9,,,,,9.688
27.25,CARRY,12.53,-0.02,-9.58,14.14,-0.01,1,0,321.5,228.0,12.1,0.24,0.03,49.3,,,,,9.688
27.3,CARRY,12.53,-0.02,-9.58,14.16,-0.01,1,0,322.0,227.5,12.7,0.25,0.04,49.8,,,,,9.688
27.35,CARRY,12.55,-0.02,-9.58,14.19,-0.01,1,0,322.0,228.0,12.2,0.24,0.04,50.2,,,,,9.75
27.4,CARRY,12.55,-0.02,-9.58,14.22,-0.01,1,0,322.0,227.0,13.2,0.26,0.04,50.2,,,,,9.75
27.45,CARRY,12.58,-0.02,-9.58,14.24,-0.01,1,0,322.0,228.0,12.2,0.24,0.04,52.0,,,,,9.812
27.51,CARRY,12.58,-0.02,-9.58,14.27,-0.01,1,0,322.0,227.5,12.7,0.25,0.04,48.8,,,,,9.75
27.56,CARRY,12.6,-0.02,-9.58,14.29,-0.01,1,0,322.0,228.0,12.2,0.24,0.04,51.4,,,,,9.75
27.61,CARRY,12.6,-0.02,-9.58,14.32,-0.01,1,0,321.5,227.0,13.1,0.26,0.03,50.5,,,,,9.75
27.66,CARRY,12.63,-0.02,-9.58,14.34,-0.01,1,0,321.5,228.0,12.1,0.24,0.03,50.8,,,,,9.75
27.71,CARRY,12.63,-0.02,-9.58,14.37,-0.01,1,0,322.0,227.5,12.7,0.25,0.04,49.6,,,,,9.812
27.76,CARRY,12.65,-0.02,-9.58,14.4,-0.01,1,0,322.0,228.0,12.2,0.24,0.04,51.6,,,,,9.812
27.82,CARRY,12.65,-0.02,-9.58,14.42,-0.01,1,0,322.5,227.0,13.2,0.26,0.05,50.1,,,,,9.625
27.87,CARRY,12.68,-0.02,-9.58,14.45,-0.01,1,0,322.0,228.0,12.2,0.24,0.04,51.5,,,,,9.688
27.92,CARRY,12.68,-0.02,-9.58,14.47,-0.01,1,0,322.0,227.5,12.7,0.25,0.04,51.2,,,,,9.688
27.97,CARRY,12.7,-0.02,-9.58,14.5,-0.01,1,0,322.0,228.0,12.2,0.24,0.04,49.8,,,,,9.75
28.02,CARRY,12.7,-0.02,-9.58,14.53,-0.01,1,0,322.0,227.0,13.2,0.26,0.04,49.3,,,,,9.688
28.07,CARRY,12.73,-0.02,-9.58,14.55,-0.01,1,0,322.0,228.0,12.2,0.24,0.04,51.4,,,,,9.625
28.12,CARRY,12.73,-0.02,-9.58,14.58,-0.01,1,0,322.0,228.0,12.2,0.24,0.04,49.6,,,,,9.625
28.18,CARRY,12.75,-0.02,-9.58,14.6,-0.01,1,0,322.0,228.0,12.2,0.24,0.04,51.6,,,,,9.625
28.23,CARRY,12.75,-0.02,-9.58,14.63,-0.01,1,0,322.5,227.0,13.2,0.26,0.05,49.0,,,,,9.5
28.28,CARRY,12.78,-0.02,-9.58,14.65,-0.01,1,0,322.0,228.0,12.2,0.24,0.04,50.4,,,,,9.438
28.33,CARRY,12.78,-0.02,-9.58,14.68,-0.01,1,0,322.5,228.0,12.3,0.24,0.05,51.6,,,,,9.375
28.38,CARRY,12.8,-0.02,-9.58,14.71,-0.01,1,0,322.5,228.0,12.3,0.24,0.05,51.4,,,,,9.5
28.44,CARRY,12.8,-0.02,-9.58,14.73,-0.01,1,0,322.5,227.0,13.2,0.26,0.05,51.3,,,,,9.562
28.49,CARRY,12.83,-0.02,-9.58,14.76,-0.01,1,0,322.5,227.5,12.7,0.25,0.05,50.6,,,,,9.5
28.54,CARRY,12.83,-0.02,-9.58,14.78,-0.01,1,0,322.0,226.5,13.6,0.27,0.04,49.8,,,,,9.438
28.59,CARRY,12.85,-0.02,-9.58,14.81,-0.01,1,0,322.0,227.5,12.7,0.25,0.04,49.3,,,,,9.25
28.64,CARRY,12.85,-0.02,-9.58,14.83,-0.01,1,0,322.0,226.5,13.6,0.27,0.04,49.4,,,,,9.25
28.69,CARRY,12.88,-0.02,-9.58,14.86,-0.01,1,0,322.0,227.0,13.2,0.26,0.04,49.5,,,,,9.062
28.74,CARRY,12.88,-0.02,-9.58,14.88,-0.01,1,0,321.5,226.5,13.6,0.27,0.03,51.5,,,,,9.188
28.79,CARRY,12.9,-0.02,-9.58,14.91,-0.01,1,0,321.5,227.5,12.6,0.25,0.03,51.5,,,,,9.0
28.85,CARRY,12.93,-0.01,-9.58,14.94,-0.01,1,0,321.5,228.0,12.1,0.24,0.03,50.5,,,,,8.938
28.9,CARRY,12.93,-0.01,-9.58,14.96,-0.01,1,0,321.5,227.5,12.6,0.25,0.03,50.0,,,,,8.812
28.95,CARRY,12.95,-0.01,-9.58,14.99,-0.01,1,0,321.5,228.5,11.6,0.23,0.03,50.3,,,,,8.688
29.0,CARRY,12.95,-0.01,-9.58,15.01,-0.01,1,0,322.0,227.5,12.7,0.25,0.04,50.4,,,,,8.688
29.05,CARRY,12.98,-0.01,-9.58,15.04,-0.01,1,0,321.5,228.0,12.1,0.24,0.03,51.1,,,,,8.562
29.1,CARRY,12.98,-0.01,-9.58,15.07,-0.01,1,0,321.5,227.5,12.6,0.25,0.03,50.5,,,,,8.438
29.15,CARRY,13.01,-0.01,-9.58,15.09,-0.01,1,0,321.0,228.5,11.5,0.23,0.02,50.8,,,,,8.062
29.21,CARRY,13.01,-0.01,-9.58,15.12,-0.01,1,0,321.5,227.5,12.6,0.25,0.03,49.6,,,,,7.938
29.26,CARRY,13.03,-0.01,-9.58,15.14,-0.01,1,0,321.5,228.0,12.1,0.24,0.03,51.3,,,,,7.688
29.31,CARRY,13.03,-0.01,-9.58,15.17,-0.01,1,0,321.5,227.5,12.6,0.25,0.03,50.0,,,,,7.562
29.36,CARRY,13.06,-0.01,-9.58,15.19,-0.01,1,0,321.5,228.0,12.1,0.24,0.03,51.2,,,,,7.281
29.41,CARRY,13.06,-0.01,-9.58,15.22,-0.01,1,0,321.5,227.0,13.1,0.26,0.03,50.2,,,,,7.031
29.46,CARRY,13.08,-0.01,-9.58,15.25,-0.01,1,0,321.0,228.0,12.0,0.24,0.02,51.5,,,,,6.625
29.52,CARRY,13.08,-0.01,-9.58,15.27,-0.01,1,0,321.0,227.5,12.5,0.25,0.02,51.2,,,,,6.125
29.57,CARRY,13.11,-0.01,-9.58,15.3,-0.01,1,0,321.0,228.0,12.0,0.24,0.02,51.4,,,,,5.906
29.62,CARRY,13.11,-0.01,-9.58,15.32,-0.01,1,0,321.0,227.0,13.0,0.26,0.02,50.7,,,,,5.438
29.67,CARRY,13.13,-0.01,-9.58,15.35,-0.01,1,0,320.5,227.5,12.5,0.25,0.01,51.3,,,,,4.188
29.72,CARRY,13.13,-0.01,-9.58,15.38,-0.01,1,0,,,,0.538,0.033,51.0,,,,,-2.156
29.78,CARRY,13.16,-0.01,-9.58,15.4,-0.01,1,0,,,,0.538,0.032,51.8,,,,,-3.531
29.83,CARRY,13.16,-0.01,-9.58,15.43,-0.01,1,0,,,,0.551,0.033,49.7,,,,,-3.891
29.88,CARRY,13.18,-0.01,-9.58,15.45,-0.01,1,0,,,,0.551,0.032,50.7,,,,,-3.828
29.93,CARRY,13.18,-0.01,-9.58,15.48,-0.01,1,0,,,,0.564,0.032,49.7,,,,,-3.797
29.98,CARRY,13.21,-0.01,-9.58,15.5,-0.01,1,0,,,,0.564,0.031,51.2,,,,,-3.297
30.03,CARRY,13.21,-0.01,-9.58,15.53,-0.01,1,1,,,,0.576,0.032,50.0,,,,,-2.719
30.08,CARRY,13.24,-0.01,-9.58,15.56,-0.01,1,1,,,,0.575,0.031,50.5,,,,,-2.766
30.14,CARRY,13.24,-0.01,-9.58,15.58,-0.01,1,1,,,,0.587,0.032,51.0,,,,,-2.922
30.19,CARRY,13.27,-0.01,-9.58,15.61,-0.01,1,1,,,,0.584,0.031,50.8,,,,,-3.031
30.24,CARRY,13.31,-0.01,-9.58,15.63,-0.01,1,1,,,,0.578,0.03,50.9,,,,,-3.219
30.29,CARRY,13.31,-0.01,-9.58,15.66,-0.01,1,1,,,,0.59,0.031,49.9,,,,,-3.234
30.34,CARRY,13.35,-0.01,-9.58,15.69,-0.01,1,1,,,,0.582,0.03,51.9,,,,,-2.953
30.4,CARRY,13.35,-0.01,-9.58,15.71,-0.01,1,1,,,,0.595,0.03,50.6,,,,,-2.953
30.45,CARRY,13.4,-0.01,-9.58,15.74,-0.01,1,1,,,,0.585,0.029,51.1,,,,,-3.156
30.5,CARRY,13.4,-0.01,-9.58,15.76,-0.01,1,1,,,,0.598,0.03,50.8,,,,,-2.656
30.55,CARRY,13.44,-0.02,-9.58,15.79,-0.01,1,1,,,,0.587,0.029,51.0,,,,,-2.953
30.6,CARRY,13.44,-0.02,-9.58,15.82,-0.01,1,1,,,,0.599,0.03,50.2,,,,,-2.984
30.65,CARRY,13.49,-0.02,-9.58,15.84,-0.01,1,1,,,,0.587,0.029,50.8,,,,,-2.562
30.7,CARRY,13.49,-0.02,-9.58,15.87,-0.01,1,1,,,,0.6,0.03,49.7,,,,,-2.562
30.76,CARRY,13.54,-0.02,-9.58,15.89,-0.01,1,1,,,,0.586,0.029,50.9,,,,,-2.828
30.81,CARRY,13.54,-0.02,-9.58,15.92,-0.01,1,1,,,,0.599,0.03,49.8,,,,,-2.859
30.86,CARRY,13.6,-0.02,-9.58,15.94,-0.01,1,1,,,,0.584,0.029,51.2,,,,,-2.656
30.91,CARRY,13.6,-0.02,-9.58,15.97,-0.01,1,1,,,,0.597,0.029,51.5,,,,,-2.703
30.96,CARRY,13.65,-0.03,-9.58,16.0,-0.01,1,1,,,,0.582,0.029,52.4,,,,,-2.719
31.02,CARRY,13.65,-0.03,-9.58,16.02,-0.01,1,1,,,,0.595,0.03,52.1,,,,,-2.688
31.07,CARRY,13.71,-0.03,-9.58,16.05,-0.01,1,1,,,,0.581,0.029,47.8,,,,,-2.953
31.12,CARRY,13.71,-0.03,-9.58,16.07,-0.01,1,1,,,,0.593,0.03,50.9,,,,,-3.0
31.17,CARRY,13.77,-0.04,-9.58,16.1,-0.01,1,1,,,,0.577,0.029,50.9,,,,,-2.828
31.22,CARRY,13.77,-0.04,-9.58,16.13,-0.01,1,1,,,,0.59,0.03,49.2,,,,,-2.766
31.27,CARRY,13.82,-0.04,-9.58,16.15,-0.01,1,1,,,,0.574,0.029,50.7,,,,,-2.906
31.32,CARRY,13.82,-0.04,-9.58,16.18,-0.01,1,1,,,,0.586,0.03,50.2,,,,,-3.0
31.38,CARRY,13.88,-0.05,-9.58,16.2,-0.01,1,1,,,,0.57,0.029,50.2,,,,,-2.859
31.43,CARRY,13.88,-0.05,-9.58,16.23,-0.01,1,1,,,,0.583,0.03,51.4,,,,,-2.828
31.48,CARRY,13.94,-0.05,-9.58,16.25,-0.01,1,1,,,,0.567,0.03,50.3,,,,,-2.781
31.53,CARRY,13.94,-0.05,-9.58,16.28,-0.01,1,1,,,,0.58,0.03,51.9,,,,,-2.812
31.58,CARRY,13.99,-0.06,-9.58,16.31,-0.01,1,1,,,,0.564,0.03,51.1,,,,,-3.109
31.64,CARRY,13.99,-0.06,-9.58,16.33,-0.01,1,1,,,,0.577,0.03,53.4,,,,,-3.094
31.69,CARRY,14.05,-0.06,-9.58,16.36,-0.01,1,1,,,,0.561,0.03,51.4,,,,,-3.172
31.74,CARRY,14.11,-0.07,-9.58,16.39,-0.01,1,1,,,,0.545,0.029,50.1,,,,,-3.031
31.79,CARRY,14.11,-0.07,-9.58,16.41,-0.01,1,1,,,,0.558,0.03,49.2,,,,,-3.031
31.84,CARRY,14.17,-0.07,-9.58,16.44,-0.01,1,1,,,,0.541,0.029,49.9,,,,,-3.5
31.89,CARRY,14.17,-0.07,-9.58,16.46,-0.01,1,1,,,,0.554,0.03,47.6,,,,,-3.312
31.94,CARRY,14.22,-0.08,-9.58,16.49,-0.01,1,1,,,,0.537,0.029,50.7,,,,,-3.234
32.0,CARRY,14.22,-0.08,-9.58,16.51,-0.01,1,1,,,,0.55,0.03,51.4,,,,,-3.312
32.05,CARRY,14.28,-0.08,-9.58,16.54,-0.01,1,1,,,,0.535,0.029,50.8,,,,,-3.422
32.1,CARRY,14.28,-0.08,-9.58,16.56,-0.01,1,1,,,,0.547,0.03,48.3,,,,,-3.422
32.15,CARRY,14.34,-0.08,-9.58,16.59,-0.01,1,1,,,,0.532,0.03,51.1,,,,,-3.469
32.2,CARRY,14.34,-0.08,-9.58,16.62,-0.01,1,1,,,,0.544,0.03,48.0,,,,,-3.469
32.25,CARRY,14.39,-0.09,-9.58,16.64,-0.01,1,1,,,,0.529,0.03,52.2,,,,,-3.25
32.31,CARRY,14.39,-0.09,-9.58,16.67,-0.01,1,1,,,,0.542,0.03,50.5,,,,,-3.281
32.36,CARRY,14.45,-0.09,-9.58,16.69,-0.01,1,1,,,,0.527,0.03,52.5,,,,,-3.094
32.41,CARRY,14.45,-0.09,-9.58,16.72,-0.01,1,1,,,,0.54,0.03,47.5,,,,,-3.109
32.46,CARRY,14.5,-0.1,-9.58,16.74,-0.01,1,1,,,,0.525,0.029,52.6,,,,,-3.094
32.51,CARRY,14.5,-0.1,-9.58,16.77,-0.01,1,1,,,,0.538,0.03,50.2,,,,,-3.141
32.56,CARRY,14.56,-0.1,-9.58,16.8,-0.01,1,1,,,,0.523,0.03,50.3,,,,,-3.234
32.62,CARRY,14.56,-0.1,-9.58,16.82,-0.01,1,1,,,,0.536,0.03,50.1,,,,,-3.219
32.67,CARRY,14.61,-0.11,-9.58,16.85,-0.01,1,1,,,,0.521,0.029,50.7,,,,,-3.156
32.72,REGROUND,14.61,-0.11,-9.58,16.87,-0.01,1,1,,,,0.534,0.03,56.1,,,,,-3.188
32.78,REGROUND,14.67,-0.11,-9.58,16.9,-0.01,1,1,,,,0.521,0.03,3.8,,,,,
32.83,REGROUND,14.67,-0.11,-9.58,16.93,-0.01,1,1,,,,0.533,0.03,0.8,,,,,
32.88,REGROUND,14.72,-0.11,-9.58,16.95,-0.01,1,1,,,,0.518,0.029,1.6,,,,,
32.93,REGROUND,14.72,-0.11,-9.58,16.98,-0.01,1,1,,,,0.531,0.03,0.8,,,,,
32.98,REGROUND,14.77,-0.12,-9.58,17.0,-0.01,1,1,,,,0.516,0.029,1.5,,,,,
33.03,REGROUND,14.77,-0.12,-9.58,17.03,-0.01,1,1,,,,0.528,0.03,0.8,,,,,
33.08,REGROUND,14.83,-0.12,-9.58,17.05,-0.01,1,1,,,,0.514,0.029,1.4,,,,,
33.13,REGROUND,14.83,-0.12,-9.58,17.08,-0.01,1,1,,,,0.526,0.03,0.9,,,,,
33.18,REGROUND,14.88,-0.12,-9.58,17.1,-0.01,1,1,,,,0.512,0.029,1.4,,,,,
33.23,REGROUND,14.88,-0.12,-9.58,17.13,-0.01,1,1,,,,0.524,0.03,0.9,,,,,
33.28,REGROUND,14.93,-0.13,-9.58,17.15,-0.01,1,1,,,,0.51,0.029,1.6,,,,,
33.33,REGROUND,14.93,-0.13,-9.58,17.18,-0.01,1,1,,,,0.522,0.03,0.9,,,,,
33.38,REGROUND,14.99,-0.13,-9.58,17.2,-0.01,1,1,,,,0.508,0.029,1.6,,,,,
33.43,REGROUND,14.99,-0.13,-9.58,17.23,-0.01,1,1,,,,0.52,0.03,0.9,,,,,
33.48,REGROUND,15.04,-0.14,-9.58,17.25,-0.01,1,1,,,,0.506,0.029,1.4,,,,,
33.53,REGROUND,15.04,-0.14,-9.58,17.28,-0.01,1,1,,,,0.518,0.03,0.9,,,,,
33.58,REGROUND,15.09,-0.14,-9.58,17.3,-0.01,1,1,,,,0.504,0.029,1.6,,,,,
33.63,REGROUND,15.09,-0.14,-9.58,17.33,-0.01,1,1,,,,0.516,0.029,0.9,,,,,
33.68,REGROUND,15.14,-0.14,-9.58,17.35,-0.01,1,1,,,,0.502,0.028,1.5,,,,,
33.73,REGROUND,15.14,-0.14,-9.58,17.38,-0.01,1,1,,,,0.515,0.029,0.8,,,,,
33.78,REGROUND,15.2,-0.15,-9.58,17.4,-0.01,1,1,,,,0.501,0.028,1.3,,,,,
33.83,REGROUND,15.2,-0.15,-9.58,17.43,-0.01,1,1,,,,0.513,0.029,0.8,,,,,
33.88,REGROUND,15.25,-0.15,-9.58,17.45,-0.01,1,1,,,,0.499,0.028,1.5,,,,,
33.93,REGROUND,15.25,-0.15,-9.58,17.48,-0.01,1,1,,,,0.511,0.029,0.8,,,,,
33.98,REGROUND,15.3,-0.15,-9.58,17.5,-0.01,1,1,,,,0.497,0.028,1.6,,,,,
34.03,REGROUND,15.3,-0.15,-9.58,17.53,-0.01,1,1,,,,0.51,0.029,0.9,,,,,
34.08,REGROUND,15.35,-0.16,-9.58,17.55,-0.01,1,1,,,,0.496,0.028,1.6,,,,,
34.13,REGROUND,15.35,-0.16,-9.58,17.58,-0.01,1,1,,,,0.508,0.029,0.9,,,,,
34.18,REGROUND,15.4,-0.16,-9.58,17.6,-0.01,1,1,,,,0.495,0.028,1.5,,,,,
34.23,REGROUND,15.4,-0.16,-9.58,17.63,-0.01,1,1,,,,0.507,0.029,0.9,,,,,
34.28,REGROUND,15.46,-0.16,-9.58,17.65,-0.01,1,1,,,,0.493,0.028,1.3,,,,,
34.33,REGROUND,15.46,-0.16,-9.58,17.68,-0.01,1,1,,,,0.506,0.028,0.9,,,,,
34.38,REGROUND,15.51,-0.17,-9.58,17.7,-0.01,1,1,,,,0.492,0.028,1.5,,,,,
34.43,REGROUND,15.51,-0.17,-9.58,17.73,-0.01,1,1,,,,0.504,0.028,0.8,,,,,
34.48,REGROUND,15.56,-0.17,-9.58,17.75,-0.01,1,1,,,,0.49,0.028,1.3,,,,,
34.53,REGROUND,15.56,-0.17,-9.58,17.78,-0.01,1,1,,,,0.503,0.028,0.7,,,,,
34.58,REGROUND,15.61,-0.18,-9.58,17.8,-0.01,1,1,,,,0.489,0.028,1.5,,,,,
34.63,REGROUND,15.61,-0.18,-9.58,17.83,-0.01,1,1,,,,0.501,0.028,0.9,,,,,
34.68,REGROUND,15.66,-0.18,-9.58,17.85,-0.01,1,1,,,,0.488,0.028,1.6,,,,,
34.73,REGROUND,15.66,-0.18,-9.58,17.88,-0.01,1,1,,,,0.5,0.028,0.9,,,,,
34.78,REGROUND,15.71,-0.18,-9.58,17.9,-0.01,1,1,,,,0.487,0.028,1.5,,,,,
34.83,REGROUND,15.71,-0.18,-9.58,17.93,-0.01,1,1,,,,0.5,0.028,0.9,,,,,
34.88,REGROUND,15.76,-0.19,-9.58,17.95,-0.01,1,1,,,,0.487,0.027,1.6,,,,,
34.93,REGROUND,15.76,-0.19,-9.58,17.98,-0.01,1,1,,,,0.499,0.028,0.9,,,,,
34.98,REGROUND,15.82,-0.19,-9.58,18.0,-0.01,1,1,,,,0.486,0.027,1.5,,,,,
35.03,REGROUND,15.82,-0.19,-9.58,18.03,-0.01,1,0,,,,0.498,0.028,0.9,,,,,
35.08,REGROUND,15.87,-0.19,-9.58,18.05,-0.01,1,0,,,,0.485,0.027,1.6,,,,,
35.13,REGROUND,15.87,-0.19,-9.58,18.08,-0.01,1,0,,,,0.498,0.028,2.8,,,,,
35.18,REGROUND,15.92,-0.2,-9.58,18.1,-0.01,1,0,,,,0.485,0.028,1.3,,,,,
35.23,REGROUND,15.92,-0.2,-9.58,18.13,-0.01,1,0,,,,0.497,0.028,0.8,,,,,
35.28,REGROUND,15.97,-0.2,-9.58,18.15,-0.01,1,0,,,,0.484,0.028,1.3,,,,,
35.33,REGROUND,15.97,-0.2,-9.58,18.18,-0.01,1,0,,,,0.497,0.028,0.9,,,,,
35.38,REGROUND,16.02,-0.2,-9.58,18.2,-0.01,1,0,,,,0.484,0.028,1.5,,,,,
35.43,REGROUND,16.02,-0.2,-9.58,18.23,-0.01,1,0,,,,0.496,0.028,0.9,,,,,
35.48,REGROUND,16.07,-0.21,-9.58,18.25,-0.01,1,0,,,,0.484,0.027,1.4,,,,,
35.53,REGROUND,16.07,-0.21,-9.58,18.28,-0.01,1,0,,,,0.496,0.028,1.1,,,,,
35.58,REGROUND,16.11,-0.21,-9.58,18.3,-0.01,1,0,,,,0.484,0.027,1.6,,,,,
35.63,REGROUND,16.11,-0.21,-9.58,18.33,-0.01,1,0,,,,0.496,0.028,0.9,,,,,
35.68,REGROUND,16.16,-0.21,-9.58,18.35,-0.01,1,0,,,,0.484,0.027,1.6,,,,,
35.73,REGROUND,16.16,-0.21,-9.58,18.38,-0.01,1,0,,,,0.496,0.028,0.8,,,,,
35.78,REGROUND,16.21,-0.22,-9.58,18.4,-0.01,1,0,,,,0.483,0.027,1.8,,,,,
35.83,REGROUND,16.21,-0.22,-9.58,18.43,-0.01,1,0,,,,0.496,0.028,0.9,,,,,
35.88,REGROUND,16.26,-0.22,-9.58,18.45,-0.01,1,0,,,,0.483,0.027,1.8,,,,,
35.93,REGROUND,16.26,-0.22,-9.58,18.48,-0.01,1,0,,,,0.496,0.028,0.9,,,,,
35.98,REGROUND,16.31,-0.22,-9.58,18.5,-0.01,1,0,,,,0.483,0.027,1.5,,,,,
36.03,REGROUND,16.31,-0.22,-9.58,18.53,-0.01,1,0,,,,0.496,0.028,0.9,,,,,
36.08,REGROUND,16.36,-0.23,-9.58,18.55,-0.01,1,0,,,,0.483,0.028,1.7,,,,,
36.13,REGROUND,16.36,-0.23,-9.58,18.58,-0.01,1,0,,,,0.496,0.028,0.9,,,,,
36.18,REGROUND,16.41,-0.23,-9.58,18.6,-0.01,1,0,,,,0.483,0.028,1.7,,,,,
36.23,REGROUND,16.41,-0.23,-9.58,18.63,-0.01,1,0,,,,0.495,0.028,1.1,,,,,
36.28,REGROUND,16.46,-0.24,-9.58,18.65,-0.01,1,0,,,,0.483,0.028,1.7,,,,,
36.33,REGROUND,16.46,-0.24,-9.58,18.68,-0.01,1,0,,,,0.495,0.028,1.1,,,,,
36.38,REGROUND,16.51,-0.24,-9.58,18.7,-0.01,1,0,,,,0.483,0.028,1.3,,,,,
36.43,REGROUND,16.51,-0.24,-9.58,18.73,-0.01,1,0,,,,0.495,0.028,0.7,,,,,
36.48,REGROUND,16.56,-0.24,-9.58,18.75,-0.01,1,0,,,,0.483,0.028,1.3,,,,,
36.53,REGROUND,16.56,-0.24,-9.58,18.78,-0.01,1,0,,,,0.495,0.028,0.7,,,,,
36.58,REGROUND,16.61,-0.25,-9.58,18.8,-0.01,1,0,,,,0.483,0.028,1.8,,,,,
36.63,REGROUND,16.61,-0.25,-9.58,18.83,-0.01,1,0,,,,0.495,0.028,1.0,,,,,
36.68,REGROUND,16.66,-0.25,-9.58,18.85,-0.01,1,0,,,,0.483,0.028,1.8,,,,,
36.73,REGROUND,16.66,-0.25,-9.58,18.88,-0.01,1,0,,,,0.496,0.028,0.9,,,,,
36.78,REGROUND,16.7,-0.25,-9.58,18.9,-0.01,1,0,,,,0.483,0.028,1.6,,,,,
36.83,REGROUND,16.7,-0.25,-9.58,18.93,-0.01,1,0,,,,0.496,0.028,0.8,,,,,
36.88,REGROUND,16.75,-0.26,-9.58,18.95,-0.01,1,0,,,,0.484,0.028,1.7,,,,,
36.93,REGROUND,16.75,-0.26,-9.58,18.98,-0.01,1,0,,,,0.496,0.028,0.9,,,,,
36.98,REGROUND,16.8,-0.26,-9.58,19.0,-0.01,1,0,,,,0.484,0.028,1.5,,,,,
37.03,REGROUND,16.8,-0.26,-9.58,19.03,-0.01,1,0,,,,0.496,0.029,0.7,,,,,
37.08,REGROUND,16.85,-0.26,-9.58,19.05,-0.01,1,0,,,,0.484,0.028,1.4,,,,,
37.13,REGROUND,16.85,-0.26,-9.58,19.08,-0.01,1,0,,,,0.496,0.029,1.0,,,,,
37.18,REGROUND,16.9,-0.27,-9.58,19.1,-0.01,1,0,,,,0.484,0.028,1.6,,,,,
37.23,REGROUND,16.9,-0.27,-9.58,19.13,-0.01,1,0,,,,0.496,0.029,1.1,,,,,
37.28,REGROUND,16.95,-0.27,-9.58,19.15,-0.01,1,0,,,,0.484,0.028,1.4,,,,,
37.33,REGROUND,16.95,-0.27,-9.58,19.18,-0.01,1,0,,,,0.496,0.028,0.7,,,,,
37.38,REGROUND,17.0,-0.27,-9.58,19.2,-0.01,1,0,,,,0.484,0.028,1.5,,,,,
37.43,REGROUND,17.0,-0.27,-9.58,19.23,-0.01,1,0,,,,0.496,0.028,0.7,,,,,
37.48,REGROUND,17.05,-0.28,-9.58,19.26,-0.01,1,0,,,,0.484,0.028,3.3,,,,,
37.53,REGROUND,17.05,-0.28,-9.58,19.28,-0.01,1,0,,,,0.496,0.028,0.9,,,,,
37.58,REGROUND,17.1,-0.28,-9.58,19.31,-0.01,1,0,,,,0.484,0.028,1.4,,,,,
37.63,REGROUND,17.1,-0.28,-9.58,19.33,-0.01,1,0,,,,0.496,0.028,0.9,,,,,
37.68,REGROUND,17.14,-0.28,-9.58,19.36,-0.01,1,0,,,,0.484,0.028,1.7,,,,,
37.73,REGROUND,17.14,-0.28,-9.58,19.38,-0.01,1,0,,,,0.497,0.028,1.1,,,,,
37.78,REGROUND,17.19,-0.29,-9.58,19.41,-0.01,1,0,,,,0.484,0.028,1.6,,,,,
37.83,REGROUND,17.19,-0.29,-9.58,19.43,-0.01,1,0,,,,0.497,0.028,0.9,,,,,
37.88,REGROUND,17.24,-0.29,-9.58,19.46,-0.01,1,0,,,,0.484,0.028,1.6,,,,,
37.93,REGROUND,17.24,-0.29,-9.58,19.48,-0.01,1,0,,,,0.497,0.029,0.5,,,,,
37.98,REGROUND,17.29,-0.29,-9.58,19.51,-0.01,1,0,,,,0.485,0.028,1.6,,,,,
38.03,REGROUND,17.29,-0.29,-9.58,19.53,-0.01,1,0,,,,0.497,0.029,0.9,,,,,
38.08,REGROUND,17.34,-0.3,-9.58,19.56,-0.01,1,0,,,,0.485,0.028,1.3,,,,,
38.13,REGROUND,17.34,-0.3,-9.58,19.58,-0.01,1,0,,,,0.497,0.029,0.9,,,,,
38.18,REGROUND,17.39,-0.3,-9.58,19.61,-0.01,1,0,,,,0.485,0.028,1.5,,,,,
38.23,REGROUND,17.39,-0.3,-9.58,19.63,-0.01,1,0,,,,0.497,0.029,0.7,,,,,
38.28,REGROUND,17.44,-0.3,-9.58,19.66,-0.01,1,0,,,,0.485,0.028,1.3,,,,,
38.33,REGROUND,17.44,-0.3,-9.58,19.68,-0.01,1,0,,,,0.497,0.029,0.8,,,,,
38.38,REGROUND,17.49,-0.31,-9.58,19.71,-0.01,1,0,,,,0.485,0.028,1.4,,,,,
38.43,REGROUND,17.49,-0.31,-9.58,19.73,-0.01,1,0,,,,0.497,0.029,0.9,,,,,
38.48,REGROUND,17.54,-0.31,-9.58,19.76,-0.01,1,0,,,,0.485,0.028,1.6,,,,,
38.53,REGROUND,17.54,-0.31,-9.58,19.78,-0.01,1,0,,,,0.498,0.029,1.0,,,,,
38.58,REGROUND,17.58,-0.31,-9.58,19.81,-0.01,1,0,,,,0.485,0.028,1.4,,,,,
38.63,REGROUND,17.58,-0.31,-9.58,19.83,-0.01,1,0,,,,0.498,0.029,1.0,,,,,
38.68,REGROUND,17.63,-0.32,-9.58,19.86,-0.01,1,0,,,,0.486,0.028,1.6,,,,,
38.73,REGROUND,17.63,-0.32,-9.58,19.88,-0.01,1,0,,,,0.498,0.029,0.9,,,,,
38.78,REGROUND,17.68,-0.32,-9.58,19.91,-0.01,1,0,,,,0.486,0.028,1.6,,,,,
38.83,REGROUND,17.68,-0.32,-9.58,19.93,-0.01,1,0,,,,0.498,0.029,0.9,,,,,
38.88,REGROUND,17.73,-0.32,-9.58,19.96,-0.01,1,0,,,,0.486,0.028,1.5,,,,,
38.93,REGROUND,17.73,-0.32,-9.58,19.98,-0.01,1,0,,,,0.499,0.029,0.8,,,,,
38.98,REGROUND,17.78,-0.33,-9.58,20.01,-0.01,1,0,,,,0.486,0.028,1.4,,,,,
39.03,REGROUND,17.78,-0.33,-9.58,20.03,-0.01,1,0,,,,0.499,0.029,0.9,,,,,
39.08,REGROUND,17.83,-0.33,-9.58,20.06,-0.01,1,0,,,,0.487,0.028,1.5,,,,,
39.13,REGROUND,17.83,-0.33,-9.58,20.08,-0.01,1,0,,,,0.499,0.028,0.8,,,,,
39.18,REGROUND,17.88,-0.33,-9.58,20.11,-0.01,1,0,,,,0.486,0.028,1.4,,,,,
39.23,REGROUND,17.88,-0.33,-9.58,20.13,-0.01,1,0,,,,0.499,0.028,0.9,,,,,
39.28,REGROUND,17.93,-0.34,-9.58,20.16,-0.01,1,0,,,,0.487,0.028,1.1,,,,,
39.33,REGROUND,17.93,-0.34,-9.58,20.18,-0.01,1,0,,,,0.499,0.028,0.6,,,,,
39.38,REGROUND,17.98,-0.34,-9.58,20.21,-0.01,1,0,,,,0.486,0.028,1.5,,,,,
39.43,REGROUND,17.98,-0.34,-9.58,20.23,-0.01,1,0,,,,0.499,0.028,0.9,,,,,
39.48,REGROUND,18.02,-0.34,-9.58,20.26,-0.01,1,0,,,,0.487,0.028,1.3,,,,,
39.53,REGROUND,18.02,-0.34,-9.58,20.28,-0.01,1,0,,,,0.499,0.028,0.9,,,,,
39.58,REGROUND,18.07,-0.35,-9.58,20.31,-0.01,1,0,,,,0.487,0.028,1.5,,,,,
39.63,REGROUND,18.07,-0.35,-9.58,20.33,-0.01,1,0,,,,0.499,0.028,0.9,,,,,
39.68,REGROUND,18.12,-0.35,-9.58,20.36,-0.01,1,0,,,,0.487,0.028,1.4,,,,,
39.73,REGROUND,18.12,-0.35,-9.58,20.38,-0.01,1,0,,,,0.499,0.028,0.8,,,,,
39.78,REGROUND,18.17,-0.35,-9.58,20.41,-0.01,1,0,,,,0.487,0.028,3.7,,,,,
39.83,REGROUND,18.17,-0.35,-9.58,20.43,-0.01,1,0,,,,0.499,0.028,0.7,,,,,
39.88,REGROUND,18.22,-0.36,-9.58,20.46,-0.01,1,0,,,,0.487,0.028,1.3,,,,,
39.94,REGROUND,18.22,-0.36,-9.58,20.48,-0.01,1,0,,,,0.499,0.028,0.9,,,,,
39.99,REGROUND,18.27,-0.36,-9.58,20.51,-0.01,1,0,,,,0.486,0.028,1.5,,,,,
40.04,REGROUND,18.27,-0.36,-9.58,20.53,-0.01,1,0,,,,0.499,0.028,0.8,,,,,
40.09,REGROUND,18.32,-0.36,-9.58,20.56,-0.01,1,0,,,,0.486,0.028,1.6,,,,,
40.14,REGROUND,18.32,-0.36,-9.58,20.58,-0.01,1,0,,,,0.499,0.028,0.9,,,,,
40.19,REGROUND,18.37,-0.37,-9.58,20.61,-0.01,1,0,,,,0.486,0.028,1.6,,,,,
40.24,REGROUND,18.37,-0.37,-9.58,20.63,-0.01,1,0,,,,0.498,0.029,0.9,,,,,
40.29,REGROUND,18.42,-0.37,-9.58,20.66,-0.01,1,0,,,,0.486,0.028,1.4,,,,,
40.34,REGROUND,18.42,-0.37,-9.58,20.68,-0.01,1,0,,,,0.498,0.029,0.8,,,,,
40.39,REGROUND,18.47,-0.38,-9.58,20.71,-0.01,1,0,,,,0.486,0.028,1.5,,,,,
40.44,REGROUND,18.47,-0.38,-9.58,20.73,-0.01,1,0,,,,0.498,0.029,0.8,,,,,
40.49,REGROUND,18.52,-0.38,-9.58,20.76,-0.01,1,0,,,,0.486,0.028,1.5,,,,,
40.54,REGROUND,18.52,-0.38,-9.58,20.78,-0.01,1,0,,,,0.498,0.029,0.7,,,,,
40.59,REGROUND,18.57,-0.38,-9.58,20.81,-0.01,1,0,,,,0.485,0.028,1.4,,,,,
40.64,REGROUND,18.57,-0.38,-9.58,20.83,-0.01,1,0,,,,0.498,0.029,0.7,,,,,
40.69,REGROUND,18.62,-0.39,-9.58,20.86,-0.01,1,0,,,,0.485,0.028,1.6,,,,,
40.74,REGROUND,18.62,-0.39,-9.58,20.88,-0.01,1,0,,,,0.497,0.029,0.8,,,,,
40.79,REGROUND,18.67,-0.39,-9.58,20.91,-0.01,1,0,,,,0.485,0.028,1.5,,,,,
40.84,REGROUND,18.67,-0.39,-9.58,20.93,-0.01,1,0,,,,0.497,0.029,1.1,,,,,
40.89,REGROUND,18.72,-0.39,-9.58,20.96,-0.01,1,0,,,,0.485,0.028,1.5,,,,,
40.94,REGROUND,18.72,-0.39,-9.58,20.98,-0.01,1,0,,,,0.497,0.029,0.8,,,,,
40.99,REGROUND,18.76,-0.4,-9.58,21.01,-0.01,1,0,,,,0.485,0.029,1.5,,,,,
41.04,REGROUND,18.76,-0.4,-9.58,21.03,-0.01,1,0,,,,0.497,0.029,0.9,,,,,
41.09,REGROUND,18.81,-0.4,-9.58,21.06,-0.01,1,0,,,,0.485,0.028,1.6,,,,,
41.14,REGROUND,18.81,-0.4,-9.58,21.08,-0.01,1,0,,,,0.497,0.029,0.8,,,,,
41.19,REGROUND,18.86,-0.4,-9.58,21.11,-0.01,1,0,,,,0.485,0.029,1.4,,,,,
41.24,REGROUND,18.86,-0.4,-9.58,21.13,-0.01,1,0,,,,0.497,0.029,0.8,,,,,
41.29,REGROUND,18.91,-0.41,-9.58,21.16,-0.01,1,0,,,,0.485,0.028,1.3,,,,,
41.34,REGROUND,18.91,-0.41,-9.58,21.18,-0.01,1,0,,,,0.497,0.029,0.9,,,,,
41.39,REGROUND,18.96,-0.41,-9.58,21.21,-0.01,1,0,,,,0.485,0.028,1.5,,,,,
41.44,REGROUND,18.96,-0.41,-9.58,21.23,-0.01,1,0,,,,0.497,0.029,0.9,,,,,
41.49,REGROUND,19.01,-0.41,-9.58,21.26,-0.01,1,0,,,,0.485,0.028,1.4,,,,,
41.54,REGROUND,19.01,-0.41,-9.58,21.28,-0.01,1,0,,,,0.497,0.029,0.9,,,,,
41.59,REGROUND,19.06,-0.42,-9.58,21.31,-0.01,1,0,,,,0.485,0.028,1.5,,,,,
41.64,REGROUND,19.06,-0.42,-9.58,21.33,-0.01,1,0,,,,0.497,0.029,0.9,,,,,
41.69,REGROUND,19.11,-0.42,-9.58,21.36,-0.01,1,0,,,,0.485,0.028,1.5,,,,,
41.74,REGROUND,19.11,-0.42,-9.58,21.38,-0.01,1,0,,,,0.497,0.029,0.7,,,,,
41.79,REGROUND,19.16,-0.42,-9.58,21.41,-0.01,1,0,,,,0.485,0.028,1.3,,,,,
41.84,REGROUND,19.16,-0.42,-9.58,21.43,-0.01,1,0,,,,0.497,0.029,0.8,,,,,
41.89,REGROUND,19.21,-0.43,-9.58,21.46,-0.01,1,0,,,,0.485,0.028,1.4,,,,,
41.94,REGROUND,19.21,-0.43,-9.58,21.48,-0.01,1,0,,,,0.497,0.029,0.8,,,,,
41.99,REGROUND,19.26,-0.43,-9.58,21.51,-0.01,1,0,,,,0.485,0.028,1.3,,,,,
42.04,CARRY,19.26,-0.43,-9.58,21.53,-0.01,1,0,,,,0.903,0.445,256.0,,,,,
42.3,CARRY,19.4,-0.44,-9.58,21.66,-0.01,1,0,362.0,103.5,142.8,2.73,0.84,49.8,,,,,8.188
42.35,CARRY,19.45,-0.44,-9.58,21.69,-0.01,1,0,362.5,105.0,141.5,2.7,0.85,49.7,,,,,8.062
42.4,CARRY,19.45,-0.44,-9.58,21.71,-0.01,1,0,363.5,105.0,141.8,2.7,0.87,49.0,,,,,8.125
42.45,CARRY,19.5,-0.45,-9.58,21.74,-0.01,1,0,363.5,106.0,140.9,2.68,0.87,49.6,,,,,8.125
42.5,CARRY,19.5,-0.45,-9.58,21.76,-0.01,1,0,363.0,106.0,140.7,2.68,0.86,49.1,,,,,8.188
42.55,CARRY,19.55,-0.45,-9.58,21.79,-0.01,1,0,363.0,108.0,138.8,2.64,0.86,49.2,,,,,8.312
42.6,CARRY,19.55,-0.45,-9.58,21.81,-0.01,1,0,363.0,108.0,138.8,2.64,0.86,48.7,,,,,8.312
42.65,CARRY,19.61,-0.45,-9.58,21.84,-0.01,1,0,363.0,109.5,137.4,2.61,0.86,49.6,,,,,8.188
42.7,CARRY,19.61,-0.45,-9.58,21.86,-0.01,1,0,363.5,109.5,137.6,2.61,0.87,48.8,,,,,8.312
42.75,CARRY,19.68,-0.44,-9.58,21.89,-0.01,1,0,362.5,111.5,135.3,2.57,0.85,49.3,,,,,8.062
42.8,CARRY,19.68,-0.44,-9.58,21.91,-0.01,1,0,362.5,111.5,135.3,2.57,0.85,48.8,,,,,8.125
42.85,CARRY,19.77,-0.43,-9.58,21.94,-0.01,1,0,362.0,114.0,132.8,2.52,0.84,49.7,,,,,8.25
42.9,CARRY,19.77,-0.43,-9.58,21.96,-0.01,1,0,363.0,114.0,133.1,2.52,0.86,48.8,,,,,8.438
42.95,CARRY,19.87,-0.42,-9.58,21.99,-0.01,1,0,361.5,117.5,129.3,2.45,0.83,49.8,,,,,8.312
43.0,CARRY,19.87,-0.42,-9.58,22.01,-0.01,1,0,362.0,117.5,129.5,2.45,0.84,49.1,,,,,8.562
43.05,CARRY,20.0,-0.4,-9.58,22.04,-0.01,1,0,359.5,122.0,124.4,2.36,0.79,49.5,,,,,8.312
43.1,CARRY,20.0,-0.4,-9.58,22.06,-0.01,1,0,360.0,121.5,125.1,2.37,0.8,48.8,,,,,8.375
43.15,CARRY,20.16,-0.37,-9.58,22.09,-0.01,1,0,357.0,130.0,116.1,2.2,0.74,50.0,,,,,8.375
43.2,CARRY,20.16,-0.37,-9.58,22.12,-0.01,1,0,357.0,129.0,117.0,2.22,0.74,48.8,,,,,8.5
43.25,CARRY,20.34,-0.34,-9.58,22.14,-0.01,1,0,353.5,138.0,107.4,2.04,0.67,49.8,,,,,8.5
43.3,CARRY,20.34,-0.34,-9.58,22.17,-0.01,1,0,353.5,137.5,107.8,2.05,0.67,48.6,,,,,8.5
43.35,CARRY,20.53,-0.31,-9.58,22.19,-0.01,1,0,350.0,147.5,97.2,1.85,0.6,50.2,,,,,8.438
43.4,CARRY,20.53,-0.31,-9.58,22.22,-0.01,1,0,350.5,146.0,98.8,1.88,0.61,49.1,,,,,8.438
43.45,CARRY,20.74,-0.27,-9.58,22.24,-0.01,1,0,346.5,156.0,88.1,1.68,0.53,50.5,,,,,8.625
43.51,CARRY,20.74,-0.27,-9.58,22.27,-0.01,1,0,346.5,154.0,90.0,1.72,0.53,49.4,,,,,8.688
43.56,CARRY,20.94,-0.24,-9.58,22.29,-0.01,1,0,343.0,164.0,79.4,1.52,0.46,49.7,,,,,8.562
43.61,CARRY,20.94,-0.24,-9.58,22.32,-0.01,1,0,343.5,163.0,80.5,1.54,0.47,48.6,,,,,8.625
43.66,CARRY,21.15,-0.2,-9.58,22.34,-0.01,1,0,340.0,173.5,69.4,1.33,0.4,50.7,,,,,8.688
43.71,CARRY,21.15,-0.2,-9.58,22.37,-0.01,1,0,339.5,172.0,70.7,1.36,0.39,49.2,,,,,8.75
43.76,CARRY,21.36,-0.17,-9.58,22.39,-0.01,1,0,337.0,181.5,60.9,1.17,0.34,49.6,,,,,8.812
43.81,CARRY,21.36,-0.17,-9.58,22.42,-0.01,1,0,337.0,180.5,61.9,1.19,0.34,48.7,,,,,8.812
43.86,CARRY,21.55,-0.13,-9.58,22.44,-0.01,1,0,333.5,190.0,51.8,1.0,0.27,49.2,,,,,8.75
43.91,CARRY,21.55,-0.13,-9.58,22.47,-0.01,1,0,334.0,188.5,53.4,1.03,0.28,49.0,,,,,8.812
43.96,CARRY,21.74,-0.1,-9.58,22.49,-0.01,1,0,330.5,198.0,43.3,0.84,0.21,50.5,,,,,8.625
44.01,CARRY,21.74,-0.1,-9.58,22.52,-0.01,1,0,331.0,196.5,44.9,0.87,0.22,49.7,,,,,8.688
44.06,CARRY,21.92,-0.07,-9.58,22.55,-0.01,1,0,328.0,204.5,36.4,0.71,0.16,49.3,,,,,8.688
44.11,CARRY,21.92,-0.07,-9.58,22.57,-0.01,1,0,328.0,203.5,37.4,0.73,0.16,49.3,,,,,8.75
44.16,CARRY,22.08,-0.04,-9.58,22.6,-0.01,1,0,325.5,211.5,29.0,0.57,0.11,49.9,,,,,8.812
44.21,CARRY,22.08,-0.04,-9.58,22.62,-0.01,1,0,326.0,209.5,31.1,0.61,0.12,49.2,,,,,8.75
44.27,CARRY,22.23,-0.02,-9.58,22.65,-0.01,1,0,323.0,216.5,23.7,0.47,0.06,49.5,,,,,8.562
44.32,CARRY,22.23,-0.02,-9.58,22.67,-0.01,1,0,323.5,215.0,25.2,0.5,0.07,48.9,,,,,8.625
44.37,CARRY,22.37,0.0,-9.58,22.7,-0.01,1,0,321.5,221.0,19.1,0.38,0.03,49.5,,,,,8.438
44.42,CARRY,22.37,0.0,-9.58,22.72,-0.01,1,0,321.5,220.5,19.6,0.39,0.03,49.0,,,,,8.625
44.47,CARRY,22.5,0.02,-9.58,22.75,-0.01,1,0,320.0,225.5,14.5,0.29,0.0,50.4,,,,,8.5
44.52,CARRY,22.5,0.02,-9.58,22.77,-0.01,1,0,319.5,224.5,15.5,0.31,-0.01,48.6,,,,,8.625
44.57,CARRY,22.61,0.04,-9.58,22.8,-0.01,1,0,318.5,228.5,11.6,0.23,-0.03,49.2,,,,,8.625
44.62,CARRY,22.61,0.04,-9.58,22.82,-0.01,1,0,319.0,227.0,13.0,0.26,-0.02,48.4,,,,,8.625
44.67,CARRY,22.7,0.05,-9.58,22.85,-0.01,1,0,317.0,231.0,9.5,0.18,-0.06,49.7,,,,,8.562
44.72,CARRY,22.7,0.05,-9.58,22.87,-0.01,1,0,318.0,229.5,10.7,0.21,-0.04,48.5,,,,,8.688
44.77,CARRY,22.79,0.06,-9.58,22.9,-0.01,1,0,317.0,233.5,7.2,0.13,-0.06,49.3,,,,,8.875
44.82,CARRY,22.79,0.06,-9.58,22.92,-0.01,1,0,317.0,232.0,8.5,0.16,-0.06,48.9,,,,,8.875
44.87,CARRY,22.86,0.07,-9.58,22.95,-0.01,1,0,316.0,235.0,6.4,0.1,-0.08,49.6,,,,,8.938
44.92,CARRY,22.86,0.07,-9.58,22.97,-0.01,1,0,316.0,233.5,7.6,0.13,-0.08,48.5,,,,,9.0
44.97,CARRY,22.92,0.07,-9.58,23.0,-0.01,1,0,316.0,235.5,6.0,0.09,-0.08,49.8,,,,,9.0
45.02,CARRY,22.92,0.07,-9.58,23.03,-0.01,1,0,316.0,234.0,7.2,0.12,-0.08,48.6,,,,,9.125
45.07,CARRY,22.98,0.07,-9.58,23.05,-0.01,1,0,315.5,235.5,6.4,0.09,-0.09,49.5,,,,,9.0
45.12,CARRY,22.98,0.07,-9.58,23.08,-0.01,1,0,316.0,234.0,7.2,0.12,-0.08,48.4,,,,,9.062
45.17,CARRY,23.02,0.07,-9.58,23.1,-0.01,1,0,315.5,235.5,6.4,0.09,-0.09,50.1,,,,,9.062
45.22,CARRY,23.02,0.07,-9.58,23.13,-0.01,1,0,316.0,234.0,7.2,0.12,-0.08,48.4,,,,,9.062
45.27,CARRY,23.06,0.07,-9.58,23.15,-0.01,1,0,315.5,234.5,7.1,0.11,-0.09,49.5,,,,,9.062
45.32,CARRY,23.06,0.07,-9.58,23.18,-0.01,1,0,316.0,233.0,8.1,0.14,-0.08,48.7,,,,,9.0
45.37,CARRY,23.1,0.07,-9.58,23.2,-0.01,1,0,316.0,234.0,7.2,0.12,-0.08,49.8,,,,,8.938
45.43,CARRY,23.1,0.07,-9.58,23.23,-0.01,1,0,316.5,232.5,8.3,0.15,-0.07,48.6,,,,,8.938
45.48,CARRY,23.12,0.06,-9.58,23.25,-0.01,1,0,316.5,232.5,8.3,0.15,-0.07,50.7,,,,,8.875
45.53,CARRY,23.12,0.06,-9.58,23.28,-0.01,1,0,316.5,231.0,9.7,0.18,-0.07,48.8,,,,,8.875
45.58,CARRY,23.15,0.06,-9.58,23.3,-0.01,1,0,317.0,230.5,10.0,0.19,-0.06,50.8,,,,,8.875
45.63,CARRY,23.15,0.06,-9.58,23.33,-0.01,1,0,317.5,229.5,10.8,0.21,-0.05,49.7,,,,,8.875
45.68,CARRY,23.18,0.05,-9.58,23.35,-0.01,1,0,317.5,229.5,10.8,0.21,-0.05,49.4,,,,,8.875
45.73,CARRY,23.18,0.05,-9.58,23.38,-0.01,1,0,317.5,227.5,12.7,0.25,-0.05,49.2,,,,,9.0
45.78,CARRY,23.2,0.05,-9.58,23.4,-0.01,1,0,318.5,227.5,12.6,0.25,-0.03,49.6,,,,,8.938
45.83,CARRY,23.2,0.05,-9.58,23.43,-0.01,1,0,318.5,226.5,13.6,0.27,-0.03,49.1,,,,,9.0
45.88,CARRY,23.22,0.04,-9.58,23.45,-0.01,1,0,318.5,226.5,13.6,0.27,-0.03,51.2,,,,,8.875
45.93,CARRY,23.22,0.04,-9.58,23.48,-0.01,1,0,318.5,224.5,15.6,0.31,-0.03,49.4,,,,,8.875
45.98,CARRY,23.24,0.03,-9.58,23.51,-0.01,1,0,319.0,224.5,15.5,0.31,-0.02,50.1,,,,,8.875
46.04,CARRY,23.24,0.03,-9.58,23.53,-0.01,1,0,319.5,223.0,17.0,0.34,-0.01,49.5,,,,,8.812
46.09,CARRY,23.27,0.03,-9.58,23.56,-0.01,1,0,320.0,223.0,17.0,0.34,0.0,49.3,,,,,8.75
46.14,CARRY,23.27,0.03,-9.58,23.58,-0.01,1,0,320.0,222.0,18.0,0.36,0.0,49.1,,,,,8.688
46.19,CARRY,23.29,0.02,-9.58,23.61,-0.01,1,0,320.5,222.0,18.0,0.36,0.01,49.5,,,,,8.625
46.24,CARRY,23.29,0.02,-9.58,23.63,-0.01,1,0,320.5,220.5,19.5,0.39,0.01,49.3,,,,,8.75
46.29,CARRY,23.32,0.01,-9.58,23.66,-0.01,1,0,321.0,220.5,19.5,0.39,0.02,50.0,,,,,8.75
46.34,CARRY,23.32,0.01,-9.58,23.68,-0.01,1,0,321.5,219.0,21.1,0.42,0.03,49.3,,,,,8.75
46.39,CARRY,23.34,0.01,-9.58,23.71,-0.01,1,0,321.5,219.5,20.6,0.41,0.03,49.4,,,,,8.75
46.44,CARRY,23.37,0.0,-9.58,23.73,-0.01,1,0,321.5,219.5,20.6,0.41,0.03,49.8,,,,,8.688
46.49,CARRY,23.37,0.0,-9.58,23.76,-0.01,1,0,322.0,218.0,22.1,0.44,0.04,50.0,,,,,8.688
46.54,CARRY,23.37,0.0,-9.58,23.78,-0.01,1,0,322.0,216.5,23.6,0.47,0.04,49.0,,,,,8.688
46.59,CARRY,23.41,-0.0,-9.58,23.81,-0.01,1,0,322.5,216.5,23.6,0.47,0.05,50.4,,,,,8.75
46.64,CARRY,23.41,-0.0,-9.58,23.84,-0.01,1,0,322.5,215.5,24.6,0.49,0.05,49.3,,,,,8.688
46.69,CARRY,23.44,-0.01,-9.58,23.86,-0.01,1,0,322.5,215.5,24.6,0.49,0.05,50.2,,,,,8.75
46.74,CARRY,23.48,-0.01,-9.58,23.89,-0.01,1,0,323.0,216.5,23.7,0.47,0.06,50.2,,,,,8.75
46.8,CARRY,23.48,-0.01,-9.58,23.91,-0.01,1,0,323.0,215.0,25.2,0.5,0.06,50.5,,,,,8.688
46.85,CARRY,23.51,-0.01,-9.58,23.94,-0.01,1,0,323.0,215.5,24.7,0.49,0.06,48.7,,,,,8.688
46.9,CARRY,23.51,-0.01,-9.58,23.96,-0.01,1,0,323.5,214.5,25.7,0.51,0.07,53.9,,,,,8.625
46.95,CARRY,23.55,-0.02,-9.58,23.99,-0.01,1,0,323.5,215.0,25.2,0.5,0.07,50.5,,,,,8.625
47.0,CARRY,23.55,-0.02,-9.58,24.02,-0.01,1,0,323.5,213.5,26.7,0.53,0.07,51.8,,,,,8.562
47.06,CARRY,23.6,-0.02,-9.58,24.04,-0.01,1,0,323.5,214.5,25.7,0.51,0.07,50.7,,,,,8.562
47.11,CARRY,23.6,-0.02,-9.58,24.07,-0.01,1,0,323.5,213.0,27.2,0.54,0.07,49.0,,,,,8.562
47.16,CARRY,23.64,-0.02,-9.58,24.09,-0.01,1,0,323.5,214.0,26.2,0.52,0.07,50.0,,,,,8.438
47.21,CARRY,23.64,-0.02,-9.58,24.12,-0.01,1,0,324.0,212.5,27.8,0.55,0.08,48.4,,,,,8.438
47.26,CARRY,23.68,-0.02,-9.58,24.14,-0.01,1,0,324.0,213.5,26.8,0.53,0.08,50.6,,,,,8.438
47.31,CARRY,23.68,-0.02,-9.58,24.17,-0.01,1,0,324.0,212.0,28.3,0.56,0.08,51.0,,,,,8.438
47.36,CARRY,23.73,-0.02,-9.58,24.2,-0.01,1,0,324.0,213.5,26.8,0.53,0.08,50.4,,,,,8.438
47.41,CARRY,23.73,-0.02,-9.58,24.22,-0.01,1,0,324.5,211.5,28.9,0.57,0.09,48.4,,,,,8.5
47.46,CARRY,23.78,-0.02,-9.58,24.25,-0.01,1,0,324.0,213.0,27.3,0.54,0.08,51.6,,,,,8.312
47.52,CARRY,23.78,-0.02,-9.58,24.27,-0.01,1,0,324.5,211.5,28.9,0.57,0.09,48.3,,,,,8.312
47.57,CARRY,23.82,-0.03,-9.58,24.3,-0.01,1,0,324.5,213.0,27.4,0.54,0.09,48.7,,,,,8.25
47.62,CARRY,23.82,-0.03,-9.58,24.32,-0.01,1,0,324.5,211.5,28.9,0.57,0.09,48.1,,,,,8.25
47.67,CARRY,23.87,-0.03,-9.58,24.35,-0.01,1,0,324.5,213.0,27.4,0.54,0.09,48.9,,,,,8.188
47.72,CARRY,23.87,-0.03,-9.58,24.37,-0.01,1,0,324.5,211.5,28.9,0.57,0.09,48.2,,,,,8.188
47.77,CARRY,23.92,-0.03,-9.58,24.4,-0.01,1,0,324.5,213.0,27.4,0.54,0.09,48.8,,,,,8.125
47.82,CARRY,23.92,-0.03,-9.58,24.42,-0.01,1,0,324.5,211.5,28.9,0.57,0.09,48.4,,,,,8.188
47.87,CARRY,23.97,-0.03,-9.58,24.45,-0.01,1,0,324.5,213.0,27.4,0.54,0.09,48.7,,,,,8.125
47.92,CARRY,23.97,-0.03,-9.58,24.47,-0.01,1,0,324.5,211.5,28.9,0.57,0.09,48.1,,,,,8.188
47.97,CARRY,24.03,-0.03,-9.58,24.5,-0.01,1,0,324.5,213.0,27.4,0.54,0.09,49.9,,,,,8.062
48.02,CARRY,24.03,-0.03,-9.58,24.52,-0.01,1,0,324.5,211.5,28.9,0.57,0.09,48.2,,,,,8.188
48.07,CARRY,24.08,-0.03,-9.58,24.55,-0.01,1,0,324.5,213.0,27.4,0.54,0.09,48.8,,,,,7.938
48.12,CARRY,24.08,-0.03,-9.58,24.57,-0.01,1,0,324.5,211.5,28.9,0.57,0.09,48.5,,,,,8.062
48.17,CARRY,24.13,-0.03,-9.58,24.6,-0.01,1,0,324.5,213.0,27.4,0.54,0.09,49.0,,,,,7.938
48.22,CARRY,24.13,-0.03,-9.58,24.62,-0.01,1,0,324.5,211.5,28.9,0.57,0.09,47.8,,,,,8.125
48.27,CARRY,24.18,-0.03,-9.58,24.65,-0.01,1,0,324.5,213.5,26.9,0.53,0.09,48.8,,,,,7.875
48.32,CARRY,24.18,-0.03,-9.58,24.67,-0.01,1,0,324.5,212.0,28.4,0.56,0.09,47.8,,,,,8.0
48.37,CARRY,24.23,-0.03,-9.58,24.7,-0.01,1,0,324.5,213.5,26.9,0.53,0.09,48.8,,,,,7.844
48.42,CARRY,24.23,-0.03,-9.58,24.72,-0.01,1,0,324.5,212.0,28.4,0.56,0.09,48.1,,,,,7.969
48.47,CARRY,24.29,-0.03,-9.58,24.75,-0.01,1,0,324.5,213.5,26.9,0.53,0.09,49.7,,,,,7.719
48.52,CARRY,24.29,-0.03,-9.58,24.77,-0.01,1,0,324.5,212.0,28.4,0.56,0.09,48.0,,,,,7.844
48.57,CARRY,24.34,-0.03,-9.58,24.8,-0.01,1,0,324.5,213.5,26.9,0.53,0.09,49.6,,,,,7.625
48.62,CARRY,24.34,-0.03,-9.58,24.82,-0.01,1,0,324.5,212.5,27.9,0.55,0.09,48.1,,,,,7.781
48.67,CARRY,24.39,-0.03,-9.58,24.85,-0.01,1,0,324.0,214.0,26.3,0.52,0.08,49.1,,,,,7.656
48.72,CARRY,24.39,-0.03,-9.58,24.87,-0.01,1,0,324.5,212.5,27.9,0.55,0.09,47.7,,,,,7.719
48.77,CARRY,24.45,-0.03,-9.58,24.9,-0.01,1,0,324.0,214.0,26.3,0.52,0.08,49.0,,,,,7.719
48.82,CARRY,24.45,-0.03,-9.58,24.92,-0.01,1,0,324.5,212.5,27.9,0.55,0.09,47.6,,,,,7.719
48.87,CARRY,24.5,-0.03,-9.58,24.95,-0.01,1,0,324.0,214.0,26.3,0.52,0.08,48.9,,,,,7.688
48.92,CARRY,24.5,-0.03,-9.58,24.97,-0.01,1,0,324.5,212.5,27.9,0.55,0.09,48.4,,,,,7.688
48.97,CARRY,24.55,-0.03,-9.58,25.0,-0.01,1,0,324.0,214.5,25.8,0.51,0.08,50.8,,,,,7.625
49.02,CARRY,24.55,-0.03,-9.58,25.03,-0.01,1,0,324.0,213.0,27.3,0.54,0.08,48.1,,,,,7.688
49.07,CARRY,24.61,-0.02,-9.58,25.05,-0.01,1,0,324.0,214.5,25.8,0.51,0.08,49.3,,,,,7.625
49.12,CARRY,24.61,-0.02,-9.58,25.08,-0.01,1,0,324.0,213.0,27.3,0.54,0.08,48.3,,,,,7.656
49.17,CARRY,24.66,-0.02,-9.58,25.1,-0.01,1,0,324.0,214.5,25.8,0.51,0.08,49.1,,,,,7.719
49.22,CARRY,24.66,-0.02,-9.58,25.13,-0.01,1,0,324.0,213.5,26.8,0.53,0.08,48.2,,,,,7.75
49.27,CARRY,24.71,-0.02,-9.58,25.15,-0.01,1,0,324.0,215.0,25.3,0.5,0.08,48.8,,,,,7.906
49.32,CARRY,24.71,-0.02,-9.58,25.18,-0.01,1,0,324.0,213.5,26.8,0.53,0.08,47.8,,,,,7.969
49.37,CARRY,24.76,-0.02,-9.58,25.2,-0.01,1,0,324.0,215.0,25.3,0.5,0.08,49.1,,,,,7.906
49.42,CARRY,24.76,-0.02,-9.58,25.23,-0.01,1,0,324.0,213.5,26.8,0.53,0.08,47.9,,,,,7.906
49.47,CARRY,24.82,-0.02,-9.58,25.25,-0.01,1,0,323.5,215.0,25.2,0.5,0.07,49.1,,,,,7.875
49.52,CARRY,24.82,-0.02,-9.58,25.28,-0.01,1,0,324.0,213.5,26.8,0.53,0.08,48.3,,,,,7.906
49.57,CARRY,24.87,-0.02,-9.58,25.3,-0.01,1,0,323.5,215.5,24.7,0.49,0.07,48.9,,,,,7.781
49.62,CARRY,24.87,-0.02,-9.58,25.33,-0.01,1,0,324.0,214.0,26.3,0.52,0.08,48.1,,,,,7.75
49.67,CARRY,24.92,-0.02,-9.58,25.35,-0.01,1,0,323.5,215.5,24.7,0.49,0.07,48.8,,,,,7.594
49.72,CARRY,24.92,-0.02,-9.58,25.38,-0.01,1,0,323.5,214.0,26.2,0.52,0.07,47.7,,,,,7.562
49.77,CARRY,24.98,-0.02,-9.58,25.4,-0.01,1,0,323.5,215.5,24.7,0.49,0.07,48.9,,,,,8.0
49.82,CARRY,24.98,-0.02,-9.58,25.43,-0.01,1,0,323.5,214.0,26.2,0.52,0.07,48.1,,,,,8.0
49.88,CARRY,25.03,-0.02,-9.58,25.45,-0.01,1,0,323.5,215.5,24.7,0.49,0.07,48.7,,,,,8.125
49.93,CARRY,25.03,-0.02,-9.58,25.48,-0.01,1,0,323.5,214.5,25.7,0.51,0.07,47.8,,,,,8.125
49.98,CARRY,25.08,-0.02,-9.58,25.5,-0.01,1,0,323.5,216.0,24.3,0.48,0.07,49.3,,,,,8.062
50.03,CARRY,25.08,-0.02,-9.58,25.53,-0.01,1,0,323.5,214.5,25.7,0.51,0.07,48.2,,,,,8.062
50.08,CARRY,25.13,-0.02,-9.58,25.55,-0.01,1,0,323.0,216.0,24.2,0.48,0.06,48.7,,,,,8.125
50.13,CARRY,25.13,-0.02,-9.58,25.58,-0.01,1,0,323.5,214.5,25.7,0.51,0.07,48.3,,,,,8.125
50.18,CARRY,25.18,-0.02,-9.58,25.6,-0.01,1,0,323.0,216.0,24.2,0.48,0.06,50.7,,,,,8.188
50.23,CARRY,25.18,-0.02,-9.58,25.63,-0.01,1,0,323.5,214.5,25.7,0.51,0.07,48.5,,,,,8.188
50.28,CARRY,25.24,-0.01,-9.58,25.65,-0.01,1,0,323.0,216.0,24.2,0.48,0.06,48.7,,,,,8.125
50.33,CARRY,25.24,-0.01,-9.58,25.68,-0.01,1,0,323.5,214.5,25.7,0.51,0.07,48.0,,,,,8.125
50.38,CARRY,25.29,-0.01,-9.58,25.7,-0.01,1,0,323.0,216.0,24.2,0.48,0.06,48.6,,,,,8.188
50.43,CARRY,25.29,-0.01,-9.58,25.73,-0.01,1,0,323.5,214.5,25.7,0.51,0.07,48.1,,,,,8.188
50.48,CARRY,25.34,-0.01,-9.58,25.75,-0.01,1,0,323.0,216.0,24.2,0.48,0.06,48.9,,,,,8.125
50.53,CARRY,25.34,-0.01,-9.58,25.78,-0.01,1,0,323.0,214.5,25.7,0.51,0.06,47.8,,,,,8.188
50.58,CARRY,25.39,-0.01,-9.58,25.8,-0.01,1,0,323.0,216.0,24.2,0.48,0.06,48.3,,,,,8.125
50.63,CARRY,25.39,-0.01,-9.58,25.83,-0.01,1,0,323.0,214.5,25.7,0.51,0.06,47.8,,,,,8.188
50.68,CARRY,25.44,-0.01,-9.58,25.85,-0.01,1,0,323.0,216.0,24.2,0.48,0.06,48.8,,,,,8.125
50.73,CARRY,25.44,-0.01,-9.58,25.88,-0.01,1,0,323.0,214.5,25.7,0.51,0.06,49.1,,,,,8.125
50.78,CARRY,25.49,-0.01,-9.58,25.9,-0.01,1,0,323.0,216.5,23.7,0.47,0.06,48.5,,,,,8.125
50.83,CARRY,25.49,-0.01,-9.58,25.93,-0.01,1,0,323.0,214.5,25.7,0.51,0.06,48.0,,,,,8.125
50.88,CARRY,25.54,-0.01,-9.58,25.95,-0.01,1,0,322.5,216.5,23.6,0.47,0.05,48.5,,,,,8.125
50.93,CARRY,25.54,-0.01,-9.58,25.98,-0.01,1,0,323.0,214.5,25.7,0.51,0.06,48.1,,,,,8.125
50.98,CARRY,25.59,-0.01,-9.58,26.0,-0.01,1,0,322.5,216.5,23.6,0.47,0.05,49.2,,,,,8.125
51.03,CARRY,25.59,-0.01,-9.58,26.03,-0.01,1,0,323.0,214.5,25.7,0.51,0.06,48.6,,,,,8.125
51.08,CARRY,25.64,-0.01,-9.58,26.05,-0.01,1,0,322.5,216.5,23.6,0.47,0.05,48.5,,,,,8.25
51.13,CARRY,25.64,-0.01,-9.58,26.08,-0.01,1,0,323.0,215.0,25.2,0.5,0.06,48.2,,,,,8.188
51.18,CARRY,25.69,-0.01,-9.58,26.1,-0.01,1,0,322.5,216.5,23.6,0.47,0.05,48.5,,,,,8.25
51.23,CARRY,25.69,-0.01,-9.58,26.13,-0.01,1,0,323.0,215.0,25.2,0.5,0.06,48.0,,,,,8.312
51.28,CARRY,25.74,-0.0,-9.58,26.15,-0.01,1,0,322.5,217.5,22.6,0.45,0.05,48.5,,,,,8.375
51.33,CARRY,25.74,-0.0,-9.58,26.18,-0.01,1,0,323.0,216.5,23.7,0.47,0.06,48.2,,,,,8.438
51.38,CARRY,25.79,-0.0,-9.58,26.2,-0.01,1,0,322.5,219.0,21.1,0.42,0.05,48.7,,,,,8.438
51.43,CARRY,25.79,-0.0,-9.58,26.23,-0.01,1,0,322.5,218.0,22.1,0.44,0.05,48.1,,,,,8.5
51.48,CARRY,25.84,-0.0,-9.58,26.25,-0.01,1,0,322.5,220.5,19.7,0.39,0.05,48.5,,,,,8.438
51.53,CARRY,25.84,-0.0,-9.58,26.28,-0.01,1,0,322.5,219.5,20.7,0.41,0.05,48.8,,,,,8.562
51.58,CARRY,25.89,-0.0,-9.58,26.3,-0.01,1,0,322.5,221.5,18.7,0.37,0.05,48.9,,,,,8.5
51.63,CARRY,25.89,-0.0,-9.58,26.33,-0.01,1,0,322.5,221.0,19.2,0.38,0.05,48.4,,,,,8.562
51.68,CARRY,25.94,-0.0,-9.58,26.35,-0.01,1,0,322.5,222.5,17.7,0.35,0.05,49.2,,,,,8.5
51.73,CARRY,25.94,-0.0,-9.58,26.38,-0.01,1,0,322.5,222.0,18.2,0.36,0.05,49.0,,,,,8.625
51.78,CARRY,25.99,-0.0,-9.58,26.4,-0.01,1,0,322.5,224.0,16.2,0.32,0.05,49.5,,,,,8.5
51.83,CARRY,25.99,-0.0,-9.58,26.43,-0.01,1,0,322.5,223.5,16.7,0.33,0.05,49.5,,,,,8.562
51.88,CARRY,26.03,-0.0,-9.58,26.45,-0.01,1,0,322.5,225.5,14.7,0.29,0.05,49.3,,,,,8.438
51.93,CARRY,26.03,-0.0,-9.58,26.48,-0.01,1,0,323.0,225.0,15.3,0.3,0.06,50.7,,,,,8.5
51.98,CARRY,26.08,-0.0,-9.58,26.51,-0.01,1,0,322.5,227.0,13.2,0.26,0.05,50.6,,,,,8.438
52.04,CARRY,26.08,-0.0,-9.58,26.53,-0.01,1,0,323.0,226.0,14.3,0.28,0.06,49.3,,,,,8.438
52.09,CARRY,26.12,-0.0,-9.58,26.56,-0.01,1,0,322.5,227.5,12.7,0.25,0.05,48.3,,,,,8.438
52.14,CARRY,26.12,-0.0,-9.58,26.58,-0.01,1,0,323.0,227.0,13.3,0.26,0.06,52.8,,,,,8.438
52.19,CARRY,26.16,-0.0,-9.58,26.61,-0.01,1,0,322.5,228.0,12.3,0.24,0.05,49.2,,,,,8.312
52.24,CARRY,26.16,-0.0,-9.58,26.63,-0.01,1,0,323.0,227.5,12.9,0.25,0.06,48.3,,,,,8.375
52.29,CARRY,26.2,-0.0,-9.58,26.66,-0.01,1,0,323.0,229.0,11.4,0.22,0.06,48.5,,,,,8.5
52.34,CARRY,26.2,-0.0,-9.58,26.68,-0.01,1,0,323.0,228.0,12.4,0.24,0.06,48.4,,,,,8.5
52.39,CARRY,26.23,-0.0,-9.58,26.71,-0.01,1,0,323.0,230.0,10.4,0.2,0.06,49.3,,,,,8.438
52.44,CARRY,26.27,-0.0,-9.58,26.73,-0.01,1,0,322.5,230.5,9.8,0.19,0.05,49.1,,,,,8.562
52.49,CARRY,26.27,-0.0,-9.58,26.76,-0.01,1,0,323.0,230.0,10.4,0.2,0.06,48.7,,,,,8.5
52.54,CARRY,26.27,-0.0,-9.58,26.78,-0.01,1,0,323.0,229.5,10.9,0.21,0.06,48.4,,,,,8.5
52.59,CARRY,26.3,0.0,-9.58,26.81,-0.01,1,0,323.0,230.5,10.0,0.19,0.06,49.9,,,,,8.375
52.64,CARRY,26.3,0.0,-9.58,26.83,-0.01,1,0,323.0,230.0,10.4,0.2,0.06,48.8,,,,,8.438
52.69,CARRY,26.33,0.0,-9.58,26.86,-0.01,1,0,323.0,208.5,31.6,0.63,0.06,48.7,,,,,8.438
52.74,CARRY,26.33,0.0,-9.58,26.88,-0.01,1,0,323.5,204.0,36.2,0.72,0.07,47.7,,,,,8.312
52.79,CARRY,26.35,0.0,-9.58,26.91,-0.01,1,0,323.0,208.0,32.1,0.64,0.06,48.9,,,,,8.25
52.84,CARRY,26.38,0.01,-9.58,26.93,-0.01,1,0,323.0,208.0,32.1,0.64,0.06,52.0,,,,,8.438
52.89,CARRY,26.38,0.01,-9.58,26.96,-0.01,1,0,323.0,207.0,33.1,0.66,0.06,48.6,,,,,8.438
52.94,CARRY,26.41,0.01,-9.58,26.99,-0.01,1,0,323.0,207.0,33.1,0.66,0.06,51.2,,,,,8.5
53.0,CARRY,26.41,0.01,-9.58,27.01,-0.01,1,0,323.5,205.0,35.2,0.7,0.07,50.4,,,,,8.5
53.05,CARRY,26.44,0.01,-9.58,27.04,-0.01,1,0,323.0,232.0,8.5,0.16,0.06,50.5,,,,,8.5
53.1,CARRY,26.44,0.01,-9.58,27.06,-0.01,1,0,323.5,230.5,10.1,0.19,0.07,49.4,,,,,8.625
53.15,CARRY,26.47,0.01,-9.58,27.09,-0.01,1,0,323.0,232.0,8.5,0.16,0.06,48.6,,,,,8.562
53.2,CARRY,26.47,0.01,-9.58,27.11,-0.01,1,0,323.5,229.0,11.5,0.22,0.07,49.5,,,,,8.625
53.25,CARRY,26.51,0.01,-9.58,27.14,-0.01,1,0,323.0,232.5,8.1,0.15,0.06,51.1,,,,,8.625
53.3,CARRY,26.51,0.01,-9.58,27.17,-0.01,1,0,323.5,233.0,7.8,0.14,0.07,50.0,,,,,8.688
53.35,CARRY,26.56,0.01,-9.58,27.19,-0.01,1,0,323.5,234.5,6.5,0.11,0.07,50.5,,,,,8.625
53.41,CARRY,26.56,0.01,-9.58,27.22,-0.01,1,0,323.5,233.5,7.4,0.13,0.07,51.8,,,,,8.688
53.46,CARRY,26.6,0.01,-9.58,27.24,-0.01,1,0,323.5,235.5,5.7,0.09,0.07,49.8,,,,,8.625
53.51,CARRY,26.6,0.01,-9.58,27.27,-0.01,1,0,323.5,220.0,20.3,0.4,0.07,48.5,,,,,8.688
53.56,CARRY,26.64,0.01,-9.58,27.29,-0.01,1,0,323.5,203.0,37.2,0.74,0.07,50.3,,,,,8.625
53.61,CARRY,26.64,0.01,-9.58,27.32,-0.01,1,0,323.5,201.0,39.2,0.78,0.07,50.2,,,,,8.625
53.66,CARRY,26.68,0.01,-9.58,27.35,-0.01,1,0,323.5,201.5,38.7,0.77,0.07,49.5,,,,,8.625
53.71,CARRY,26.68,0.01,-9.58,27.37,-0.01,1,0,323.5,200.0,40.2,0.8,0.07,48.9,,,,,8.562
53.76,CARRY,26.71,0.02,-9.58,27.4,-0.01,1,0,323.5,200.5,39.7,0.79,0.07,49.0,,,,,8.625
53.81,CARRY,26.71,0.02,-9.58,27.42,-0.01,1,0,323.5,235.5,5.7,0.09,0.07,48.7,,,,,8.562
53.86,CARRY,26.74,0.02,-9.58,27.45,-0.01,1,0,323.5,231.5,9.2,0.17,0.07,50.3,,,,,8.5
53.91,CARRY,26.74,0.02,-9.58,27.47,-0.01,1,0,323.5,198.0,42.1,0.84,0.07,49.4,,,,,8.5
53.96,CARRY,26.77,0.02,-9.58,27.5,-0.01,1,0,323.5,238.0,4.0,0.04,0.07,50.6,,,,,8.562
54.02,CARRY,26.77,0.02,-9.58,27.52,-0.01,1,0,323.5,197.0,43.1,0.86,0.07,51.7,,,,,8.438
54.07,CARRY,26.81,0.02,-9.58,27.55,-0.01,1,0,323.5,197.5,42.6,0.85,0.07,51.2,,,,,8.438
54.12,CARRY,26.81,0.02,-9.58,27.57,-0.01,1,0,323.5,237.0,4.6,0.06,0.07,50.8,,,,,8.438
54.17,CARRY,26.86,0.02,-9.58,27.6,-0.01,1,0,323.5,197.5,42.6,0.85,0.07,52.3,,,,,8.5
54.23,CARRY,26.86,0.02,-9.58,27.63,-0.01,1,0,323.5,196.0,44.1,0.88,0.07,49.4,,,,,8.562
54.28,CARRY,26.91,0.02,-9.58,27.65,-0.01,1,0,323.5,197.5,42.6,0.85,0.07,51.3,,,,,8.562
54.33,CARRY,26.91,0.02,-9.58,27.68,-0.01,1,0,323.5,195.5,44.6,0.89,0.07,49.3,,,,,8.625
54.38,CARRY,26.97,0.02,-9.58,27.7,-0.01,1,0,323.5,238.0,4.0,0.04,0.07,48.9,,,,,8.562
54.43,CARRY,26.97,0.02,-9.58,27.73,-0.01,1,0,324.0,196.5,43.7,0.87,0.08,51.5,,,,,8.625
54.48,CARRY,27.03,0.02,-9.58,27.76,-0.01,1,0,323.5,223.0,17.4,0.34,0.07,49.4,,,,,8.562
54.53,CARRY,27.03,0.02,-9.58,27.78,-0.01,1,0,324.0,244.0,5.7,-0.08,0.08,50.1,,,,,8.625
54.58,CARRY,27.1,0.02,-9.58,27.81,-0.01,1,0,323.5,199.0,41.1,0.82,0.07,48.5,,,,,8.562
54.63,CARRY,27.1,0.02,-9.58,27.83,-0.01,1,0,324.0,197.5,42.7,0.85,0.08,48.6,,,,,8.562
54.68,CARRY,27.17,0.01,-9.58,27.86,-0.01,1,0,323.5,200.5,39.7,0.79,0.07,50.6,,,,,8.562
54.74,CARRY,27.17,0.01,-9.58,27.88,-0.01,1,0,324.0,199.0,41.2,0.82,0.08,47.6,,,,,8.562
54.79,CARRY,27.24,0.01,-9.58,27.91,-0.01,1,0,323.5,251.0,11.5,-0.22,0.07,49.8,,,,,8.5
54.84,CARRY,27.24,0.01,-9.58,27.93,-0.01,1,0,324.0,200.0,40.2,0.8,0.08,50.9,,,,,8.5
54.89,CARRY,27.31,0.01,-9.58,27.96,-0.01,1,0,323.5,203.0,37.2,0.74,0.07,48.7,,,,,8.5
54.94,CARRY,27.31,0.01,-9.58,27.98,-0.01,1,0,323.5,201.5,38.7,0.77,0.07,50.3,,,,,8.562
54.99,CARRY,27.39,0.01,-9.58,28.01,-0.01,1,0,323.5,204.5,35.7,0.71,0.07,50.1,,,,,8.625
55.04,CARRY,27.39,0.01,-9.58,28.03,-0.01,1,0,323.5,203.0,37.2,0.74,0.07,47.0,,,,,8.625
55.09,CARRY,27.46,0.0,-9.58,28.06,-0.01,1,0,323.5,205.5,34.7,0.69,0.07,51.0,,,,,8.438
55.14,CARRY,27.54,0.0,-9.58,28.09,-0.01,1,0,323.0,208.5,31.6,0.63,0.06,47.7,,,,,8.375
55.19,CARRY,27.54,0.0,-9.58,28.11,-0.01,1,0,323.5,207.0,33.2,0.66,0.07,50.5,,,,,8.312
55.24,CARRY,27.62,-0.0,-9.58,28.14,-0.01,1,0,323.0,210.0,30.1,0.6,0.06,48.8,,,,,8.438
55.29,CARRY,27.62,-0.0,-9.58,28.16,-0.01,1,0,323.5,208.5,31.7,0.63,0.07,48.5,,,,,8.438
55.34,CARRY,27.69,-0.0,-9.58,28.19,-0.01,1,0,323.0,211.5,28.7,0.57,0.06,51.1,,,,,8.312
55.4,CARRY,27.69,-0.0,-9.58,28.21,-0.01,1,0,323.0,210.0,30.1,0.6,0.06,47.4,,,,,8.438
55.45,CARRY,27.76,-0.0,-9.58,28.24,-0.01,1,0,323.0,212.5,27.7,0.55,0.06,49.8,,,,,8.25
55.5,CARRY,27.76,-0.0,-9.58,28.26,-0.01,1,0,323.0,211.0,29.2,0.58,0.06,50.5,,,,,8.375
55.55,CARRY,27.83,-0.0,-9.58,28.29,-0.01,1,0,323.0,213.5,26.7,0.53,0.06,48.4,,,,,8.188
55.6,CARRY,27.83,-0.0,-9.58,28.31,-0.01,1,0,323.0,212.5,27.7,0.55,0.06,50.6,,,,,8.25
55.65,CARRY,27.9,-0.01,-9.58,28.34,-0.01,1,0,323.0,214.5,25.7,0.51,0.06,48.9,,,,,8.312
55.7,CARRY,27.9,-0.01,-9.58,28.36,-0.01,1,0,323.0,213.5,26.7,0.53,0.06,50.8,,,,,8.312
55.75,CARRY,27.97,-0.01,-9.58,28.39,-0.01,1,0,323.0,215.5,24.7,0.49,0.06,48.4,,,,,8.312
55.8,CARRY,27.97,-0.01,-9.58,28.42,-0.01,1,0,323.0,214.5,25.7,0.51,0.06,50.0,,,,,8.312
55.85,CARRY,28.03,-0.01,-9.58,28.44,-0.01,1,0,322.0,216.5,23.6,0.47,0.04,48.1,,,,,8.375
55.9,CARRY,28.03,-0.01,-9.58,28.47,-0.01,1,0,323.0,215.0,25.2,0.5,0.06,50.2,,,,,8.375
55.96,CARRY,28.09,-0.01,-9.58,28.49,-0.01,1,0,322.0,217.0,23.1,0.46,0.04,50.9,,,,,8.375
56.01,CARRY,28.09,-0.01,-9.58,28.52,-0.01,1,0,323.0,215.5,24.7,0.49,0.06,49.5,,,,,8.375
56.06,CARRY,28.15,-0.01,-9.58,28.54,-0.01,1,0,322.5,217.5,22.6,0.45,0.05,47.8,,,,,8.375
56.11,CARRY,28.15,-0.01,-9.58,28.57,-0.01,1,0,323.0,216.5,23.7,0.47,0.06,51.0,,,,,8.375
56.16,CARRY,28.21,-0.01,-9.58,28.59,-0.01,1,0,322.5,218.0,22.1,0.44,0.05,49.3,,,,,8.375
56.21,CARRY,28.21,-0.01,-9.58,28.62,-0.01,1,0,323.0,216.5,23.7,0.47,0.06,50.9,,,,,8.375
56.26,CARRY,28.27,-0.01,-9.58,28.65,-0.01,1,0,322.5,218.5,21.6,0.43,0.05,49.5,,,,,8.438
56.31,CARRY,28.27,-0.01,-9.58,28.67,-0.01,1,0,323.0,216.5,23.7,0.47,0.06,49.1,,,,,8.375
56.36,CARRY,28.32,-0.01,-9.58,28.7,-0.01,1,0,322.5,218.5,21.6,0.43,0.05,49.5,,,,,8.312
56.41,CARRY,28.32,-0.01,-9.58,28.72,-0.01,1,0,323.0,217.0,23.2,0.46,0.06,48.3,,,,,8.312
56.46,CARRY,28.37,-0.01,-9.58,28.75,-0.01,1,0,322.5,218.5,21.6,0.43,0.05,48.2,,,,,8.375
56.51,CARRY,28.37,-0.01,-9.58,28.77,-0.01,1,0,323.0,217.0,23.2,0.46,0.06,50.6,,,,,8.312
56.57,CARRY,28.42,-0.01,-9.58,28.8,-0.01,1,0,322.5,218.5,21.6,0.43,0.05,51.4,,,,,8.312
56.62,CARRY,28.42,-0.01,-9.58,28.82,-0.01,1,0,323.0,217.0,23.2,0.46,0.06,48.3,,,,,8.25
56.67,CARRY,28.47,-0.01,-9.58,28.85,-0.01,1,0,322.5,218.5,21.6,0.43,0.05,48.9,,,,,8.25
56.72,CARRY,28.47,-0.01,-9.58,28.87,-0.01,1,0,323.0,217.0,23.2,0.46,0.06,51.7,,,,,8.125
56.77,CARRY,28.52,-0.01,-9.58,28.9,-0.01,1,0,323.0,218.5,21.7,0.43,0.06,49.2,,,,,8.188
56.82,CARRY,28.52,-0.01,-9.58,28.92,-0.01,1,0,323.0,216.5,23.7,0.47,0.06,50.6,,,,,8.125
56.87,CARRY,28.57,-0.01,-9.58,28.95,-0.01,1,0,323.0,218.0,22.2,0.44,0.06,49.2,,,,,8.062
56.92,CARRY,28.57,-0.01,-9.58,28.98,-0.01,1,0,323.0,216.5,23.7,0.47,0.06,49.4,,,,,7.969
56.97,CARRY,28.62,-0.01,-9.58,29.0,-0.01,1,0,323.0,218.0,22.2,0.44,0.06,49.7,,,,,8.0
57.02,CARRY,28.62,-0.01,-9.58,29.03,-0.01,1,0,323.0,216.5,23.7,0.47,0.06,49.2,,,,,7.969
57.07,CARRY,28.66,-0.01,-9.58,29.05,-0.01,1,0,323.0,217.5,22.7,0.45,0.06,50.6,,,,,8.062
57.13,CARRY,28.66,-0.01,-9.58,29.08,-0.01,1,0,323.0,216.5,23.7,0.47,0.06,49.9,,,,,8.0
57.18,CARRY,28.71,-0.02,-9.58,29.1,-0.01,1,0,323.0,217.5,22.7,0.45,0.06,48.7,,,,,8.062
57.23,CARRY,28.71,-0.02,-9.58,29.13,-0.01,1,0,323.0,216.0,24.2,0.48,0.06,47.1,,,,,7.969
57.28,CARRY,28.76,-0.02,-9.58,29.15,-0.01,1,0,323.0,217.5,22.7,0.45,0.06,50.4,,,,,8.062
57.33,CARRY,28.76,-0.02,-9.58,29.18,-0.01,1,0,323.5,215.5,24.7,0.49,0.07,51.1,,,,,8.062
57.38,CARRY,28.8,-0.02,-9.58,29.2,-0.01,1,0,323.0,217.0,23.2,0.46,0.06,49.5,,,,,8.125
57.43,CARRY,28.8,-0.02,-9.58,29.23,-0.01,1,0,323.5,215.5,24.7,0.49,0.07,48.9,,,,,8.125
57.48,CARRY,28.85,-0.02,-9.58,29.25,-0.01,1,0,323.0,216.5,23.7,0.47,0.06,50.6,,,,,8.125
57.53,CARRY,28.85,-0.02,-9.58,29.28,-0.01,1,0,323.5,215.5,24.7,0.49,0.07,50.8,,,,,8.125
57.58,CARRY,28.9,-0.02,-9.58,29.31,-0.01,1,0,323.5,216.5,23.8,0.47,0.07,50.2,,,,,8.188
57.64,CARRY,28.9,-0.02,-9.58,29.33,-0.01,1,0,323.5,215.0,25.2,0.5,0.07,48.0,,,,,8.062
57.69,CARRY,28.94,-0.02,-9.58,29.36,-0.01,1,0,323.5,216.5,23.8,0.47,0.07,48.8,,,,,8.125
57.74,CARRY,28.94,-0.02,-9.58,29.38,-0.01,1,0,323.5,215.0,25.2,0.5,0.07,48.3,,,,,8.062
57.79,CARRY,28.99,-0.02,-9.58,29.41,-0.01,1,0,323.5,216.0,24.3,0.48,0.07,48.8,,,,,8.062
57.84,CARRY,28.99,-0.02,-9.58,29.43,-0.01,1,0,323.5,214.5,25.7,0.51,0.07,48.7,,,,,8.062
57.89,CARRY,29.04,-0.02,-9.58,29.46,-0.01,1,0,323.5,216.0,24.3,0.48,0.07,50.9,,,,,8.125
57.94,CARRY,29.04,-0.02,-9.58,29.48,-0.01,1,0,323.5,214.5,25.7,0.51,0.07,48.8,,,,,8.125
57.99,CARRY,29.09,-0.02,-9.58,29.51,-0.01,1,0,323.5,216.0,24.3,0.48,0.07,52.4,,,,,8.062
58.04,CARRY,29.14,-0.02,-9.58,29.54,-0.01,1,0,323.5,217.0,23.3,0.46,0.07,50.6,,,,,8.125
58.09,CARRY,29.14,-0.02,-9.58,29.56,-0.01,1,0,323.5,215.5,24.7,0.49,0.07,51.2,,,,,8.125
58.15,CARRY,29.18,-0.02,-9.58,29.59,-0.01,1,0,323.5,217.0,23.3,0.46,0.07,51.3,,,,,8.188
58.2,CARRY,29.18,-0.02,-9.58,29.61,-0.01,1,0,323.5,215.5,24.7,0.49,0.07,48.5,,,,,8.125
58.25,CARRY,29.23,-0.02,-9.58,29.64,-0.01,1,0,323.5,216.5,23.8,0.47,0.07,48.7,,,,,8.188
58.3,CARRY,29.23,-0.02,-9.58,29.66,-0.01,1,0,323.5,215.5,24.7,0.49,0.07,50.8,,,,,8.125
58.35,CARRY,29.28,-0.02,-9.58,29.69,-0.01,1,0,323.5,216.5,23.8,0.47,0.07,49.2,,,,,8.25
58.4,CARRY,29.28,-0.02,-9.58,29.71,-0.01,1,0,323.5,215.5,24.7,0.49,0.07,48.9,,,,,8.188
58.45,CARRY,29.33,-0.02,-9.58,29.74,-0.01,1,0,323.5,216.5,23.8,0.47,0.07,50.3,,,,,8.188
58.5,CARRY,29.33,-0.02,-9.58,29.77,-0.01,1,0,323.5,215.0,25.2,0.5,0.07,49.1,,,,,8.125
58.55,CARRY,29.38,-0.02,-9.58,29.79,-0.01,1,0,323.5,216.5,23.8,0.47,0.07,50.3,,,,,8.125
58.6,CARRY,29.38,-0.02,-9.58,29.82,-0.01,1,0,323.5,215.0,25.2,0.5,0.07,50.2,,,,,8.125
58.65,CARRY,29.43,-0.02,-9.58,29.84,-0.01,1,0,323.5,216.5,23.8,0.47,0.07,48.2,,,,,8.125
58.7,CARRY,29.43,-0.02,-9.58,29.87,-0.01,1,0,323.5,215.0,25.2,0.5,0.07,49.8,,,,,8.125
58.76,CARRY,29.48,-0.02,-9.58,29.89,-0.01,1,0,323.5,216.5,23.8,0.47,0.07,49.9,,,,,8.125
58.81,CARRY,29.48,-0.02,-9.58,29.92,-0.01,1,0,323.5,214.5,25.7,0.51,0.07,50.6,,,,,8.062
58.86,CARRY,29.53,-0.02,-9.58,29.94,-0.01,1,0,323.5,216.0,24.3,0.48,0.07,49.5,,,,,8.125
58.91,CARRY,29.53,-0.02,-9.58,29.97,-0.01,1,0,323.5,214.5,25.7,0.51,0.07,48.9,,,,,8.125
58.96,CARRY,29.58,-0.02,-9.58,29.99,-0.01,1,0,323.5,216.0,24.3,0.48,0.07,50.6,,,,,8.125
59.01,CARRY,29.58,-0.02,-9.58,30.02,-0.01,1,0,323.5,214.5,25.7,0.51,0.07,50.0,,,,,8.062
59.06,CARRY,29.62,-0.02,-9.58,30.04,-0.01,1,0,323.5,216.0,24.3,0.48,0.07,48.9,,,,,8.125
59.11,CARRY,29.62,-0.02,-9.58,30.07,-0.01,1,0,323.5,214.5,25.7,0.51,0.07,48.4,,,,,8.188
59.16,CARRY,29.67,-0.02,-9.58,30.1,-0.01,1,0,323.5,216.0,24.3,0.48,0.07,52.1,,,,,8.188
59.21,CARRY,29.67,-0.02,-9.58,30.12,-0.01,1,0,323.5,214.5,25.7,0.51,0.07,49.5,,,,,8.25
59.27,CARRY,29.72,-0.02,-9.58,30.15,-0.01,1,0,323.5,216.5,23.8,0.47,0.07,50.0,,,,,8.312
59.32,CARRY,29.72,-0.02,-9.58,30.17,-0.01,1,0,323.5,215.5,24.7,0.49,0.07,50.0,,,,,8.188
59.37,CARRY,29.77,-0.02,-9.58,30.2,-0.01,1,0,323.5,218.0,22.3,0.44,0.07,51.4,,,,,8.375
59.42,CARRY,29.77,-0.02,-9.58,30.22,-0.01,1,0,323.5,217.0,23.3,0.46,0.07,49.4,,,,,8.312
59.47,CARRY,29.82,-0.02,-9.58,30.25,-0.01,1,0,323.5,219.5,20.8,0.41,0.07,50.2,,,,,8.438
59.52,CARRY,29.82,-0.02,-9.58,30.27,-0.01,1,0,323.5,218.5,21.8,0.43,0.07,50.2,,,,,8.375
59.57,CARRY,29.87,-0.02,-9.58,30.3,-0.01,1,0,323.5,220.5,19.8,0.39,0.07,50.2,,,,,8.5
59.62,CARRY,29.87,-0.02,-9.58,30.33,-0.01,1,0,323.5,219.5,20.8,0.41,0.07,48.3,,,,,8.438
59.67,CARRY,29.92,-0.01,-9.58,30.35,-0.01,1,0,323.5,222.0,18.3,0.36,0.07,49.1,,,,,8.5
59.72,CARRY,29.92,-0.01,-9.58,30.38,-0.01,1,0,323.5,221.0,19.3,0.38,0.07,48.3,,,,,8.438
59.77,CARRY,29.97,-0.01,-9.58,30.4,-0.01,1,0,323.5,223.0,17.4,0.34,0.07,51.1,,,,,8.438
59.83,CARRY,29.97,-0.01,-9.58,30.43,-0.01,1,0,323.5,222.5,17.8,0.35,0.07,49.9,,,,,8.5
59.88,CARRY,30.01,-0.01,-9.58,30.45,-0.01,1,0,323.0,224.0,16.3,0.32,0.06,48.9,,,,,8.5
59.93,CARRY,30.01,-0.01,-9.58,30.48,-0.01,1,0,323.5,223.5,16.9,0.33,0.07,48.3,,,,,8.438
59.98,CARRY,30.06,-0.01,-9.58,30.5,-0.01,1,0,323.0,225.5,14.8,0.29,0.06,48.2,,,,,8.438
60.03,CARRY,30.06,-0.01,-9.58,30.53,-0.01,1,0,323.5,224.5,15.9,0.31,0.07,50.4,,,,,8.438
60.08,CARRY,30.1,-0.01,-9.58,30.55,-0.01,1,0,323.0,226.5,13.8,0.27,0.06,51.7,,,,,8.438
60.13,CARRY,30.1,-0.01,-9.58,30.58,-0.01,1,0,323.5,226.0,14.4,0.28,0.07,48.6,,,,,8.5
60.18,CARRY,30.14,-0.01,-9.58,30.61,-0.01,1,0,323.0,228.0,12.4,0.24,0.06,49.4,,,,,8.562
60.23,CARRY,30.14,-0.01,-9.58,30.63,-0.01,1,0,323.5,227.0,13.5,0.26,0.07,48.6,,,,,8.562
60.28,CARRY,30.18,-0.01,-9.58,30.66,-0.01,1,0,323.0,228.5,11.9,0.23,0.06,48.6,,,,,8.562
60.33,CARRY,30.18,-0.01,-9.58,30.68,-0.01,1,0,323.5,228.0,12.5,0.24,0.07,47.9,,,,,8.562
60.38,CARRY,30.22,-0.0,-9.58,30.71,-0.01,1,0,323.0,229.0,11.4,0.22,0.06,50.9,,,,,8.625
60.43,CARRY,30.22,-0.0,-9.58,30.73,-0.01,1,0,323.0,229.0,11.4,0.22,0.06,50.6,,,,,8.562
60.49,CARRY,30.25,0.0,-9.58,30.76,-0.01,1,0,323.0,229.5,10.9,0.21,0.06,49.5,,,,,8.625
60.54,CARRY,30.25,0.0,-9.58,30.78,-0.01,1,0,323.0,229.0,11.4,0.22,0.06,48.4,,,,,8.625
60.59,CARRY,30.29,0.0,-9.58,30.81,-0.01,1,0,323.0,230.0,10.4,0.2,0.06,49.5,,,,,8.5
60.64,CARRY,30.29,0.0,-9.58,30.83,-0.01,1,0,323.0,229.5,10.9,0.21,0.06,47.2,,,,,8.5
60.69,CARRY,30.32,0.01,-9.58,30.86,-0.01,1,0,323.0,230.5,10.0,0.19,0.06,51.0,,,,,8.5
60.74,CARRY,30.32,0.01,-9.58,30.88,-0.01,1,0,323.0,207.5,32.6,0.65,0.06,50.9,,,,,8.375
60.79,CARRY,30.35,0.01,-9.58,30.91,-0.01,1,0,323.0,207.5,32.6,0.65,0.06,49.4,,,,,8.5
60.84,CARRY,30.35,0.01,-9.58,30.94,-0.01,1,0,323.0,206.0,34.1,0.68,0.06,47.4,,,,,8.5
60.89,CARRY,30.37,0.01,-9.58,30.96,-0.01,1,0,322.5,206.0,34.1,0.68,0.05,51.2,,,,,8.5
60.94,CARRY,30.4,0.02,-9.58,30.99,-0.01,1,0,322.5,206.5,33.6,0.67,0.05,52.6,,,,,8.438
61.0,CARRY,30.4,0.02,-9.58,31.01,-0.01,1,0,323.0,230.5,10.0,0.19,0.06,49.2,,,,,8.438
61.05,CARRY,30.43,0.02,-9.58,31.04,-0.01,1,0,322.5,231.0,9.3,0.18,0.05,48.7,,,,,8.5
61.1,CARRY,30.43,0.02,-9.58,31.06,-0.01,1,0,322.5,230.5,9.8,0.19,0.05,49.8,,,,,8.5
61.15,CARRY,30.46,0.02,-9.58,31.09,-0.01,1,0,322.5,231.5,8.9,0.17,0.05,51.5,,,,,8.5
61.2,CARRY,30.46,0.02,-9.58,31.11,-0.01,1,0,323.0,231.0,9.5,0.18,0.06,48.7,,,,,8.5
61.25,CARRY,30.5,0.02,-9.58,31.14,-0.01,1,0,322.5,232.0,8.4,0.16,0.05,49.1,,,,,8.5
61.3,CARRY,30.5,0.02,-9.58,31.16,-0.01,1,0,323.0,231.5,9.0,0.17,0.06,47.7,,,,,8.562
61.35,CARRY,30.54,0.03,-9.58,31.19,-0.01,1,0,322.5,233.0,7.4,0.14,0.05,48.2,,,,,8.5
61.4,CARRY,30.54,0.03,-9.58,31.21,-0.01,1,0,323.0,232.5,8.1,0.15,0.06,50.2,,,,,8.562
61.45,CARRY,30.58,0.03,-9.58,31.24,-0.01,1,0,322.5,233.5,7.0,0.13,0.05,50.7,,,,,8.5
61.5,CARRY,30.58,0.03,-9.58,31.27,-0.01,1,0,323.0,200.5,39.6,0.79,0.06,51.9,,,,,8.5
61.56,CARRY,30.61,0.03,-9.58,31.29,-0.01,1,0,322.5,223.0,17.2,0.34,0.05,51.5,,,,,8.562
61.61,CARRY,30.61,0.03,-9.58,31.32,-0.01,1,0,323.0,199.0,41.1,0.82,0.06,48.5,,,,,8.438
61.66,CARRY,30.64,0.03,-9.58,31.34,-0.01,1,0,322.5,200.0,40.1,0.8,0.05,48.2,,,,,8.5
61.71,CARRY,30.64,0.03,-9.58,31.37,-0.01,1,0,323.0,198.5,41.6,0.83,0.06,49.8,,,,,8.375
61.76,CARRY,30.67,0.03,-9.58,31.39,-0.01,1,0,323.0,198.5,41.6,0.83,0.06,51.3,,,,,8.375
61.81,CARRY,30.67,0.03,-9.58,31.42,-0.01,1,0,323.0,222.5,17.8,0.35,0.06,50.0,,,,,8.312
61.86,CARRY,30.7,0.03,-9.58,31.45,-0.01,1,0,323.0,234.0,6.7,0.12,0.06,51.1,,,,,8.375
61.92,CARRY,30.7,0.03,-9.58,31.47,-0.01,1,0,323.0,196.0,44.1,0.88,0.06,48.5,,,,,8.312
61.97,CARRY,30.74,0.03,-9.58,31.5,-0.01,1,0,323.0,196.5,43.6,0.87,0.06,49.9,,,,,8.438
62.02,CARRY,30.74,0.03,-9.58,31.52,-0.01,1,0,323.0,194.5,45.6,0.91,0.06,50.4,,,,,8.5
62.07,CARRY,30.78,0.03,-9.58,31.55,-0.01,1,0,323.0,236.0,5.0,0.08,0.06,49.5,,,,,8.5
62.12,CARRY,30.78,0.03,-9.58,31.57,-0.01,1,0,323.0,194.0,46.1,0.92,0.06,50.1,,,,,8.5
62.17,CARRY,30.82,0.03,-9.58,31.6,-0.01,1,0,323.0,195.5,44.6,0.89,0.06,51.8,,,,,8.5
62.22,CARRY,30.82,0.03,-9.58,31.63,-0.01,1,0,323.5,193.5,46.6,0.93,0.07,49.7,,,,,8.438
62.27,CARRY,30.88,0.03,-9.58,31.65,-0.01,1,0,323.0,195.5,44.6,0.89,0.06,50.0,,,,,8.5
62.33,CARRY,30.88,0.03,-9.58,31.68,-0.01,1,0,323.5,238.5,3.8,0.03,0.07,87.5,,,,,8.562
62.41,CARRY,30.94,0.03,-9.58,31.72,-0.01,1,0,323.5,195.0,45.1,0.9,0.07,50.5,,,,,8.5
62.47,CARRY,31.01,0.03,-9.58,31.75,-0.01,1,0,323.0,223.0,17.3,0.34,0.06,50.7,,,,,8.5
62.52,CARRY,31.01,0.03,-9.58,31.77,-0.01,1,0,323.5,196.0,44.1,0.88,0.07,51.2,,,,,8.562
62.57,CARRY,31.08,0.02,-9.58,31.8,-0.01,1,0,323.0,198.5,41.6,0.83,0.06,49.8,,,,,8.438
62.62,CARRY,31.08,0.02,-9.58,31.82,-0.01,1,0,323.5,197.5,42.6,0.85,0.07,51.4,,,,,8.5
62.67,CARRY,31.15,0.02,-9.58,31.85,-0.01,1,0,323.0,199.5,40.6,0.81,0.06,52.6,,,,,8.438
62.73,CARRY,31.15,0.02,-9.58,31.88,-0.01,1,0,323.5,198.5,41.6,0.83,0.07,51.2,,,,,8.438
62.78,CARRY,31.23,0.02,-9.58,31.9,-0.01,1,0,323.5,251.0,11.5,-0.22,0.07,49.4,,,,,8.375
62.83,CARRY,31.23,0.02,-9.58,31.93,-0.01,1,0,323.5,199.5,40.7,0.81,0.07,50.0,,,,,8.312
62.88,CARRY,31.31,0.01,-9.58,31.95,-0.01,1,0,323.5,203.0,37.2,0.74,0.07,51.5,,,,,8.375
62.93,CARRY,31.31,0.01,-9.58,31.98,-0.01,1,0,323.5,225.0,15.4,0.3,0.07,50.0,,,,,8.375
62.98,CARRY,31.39,0.01,-9.58,32.01,-0.01,1,0,323.5,245.0,6.1,-0.1,0.07,52.2,,,,,8.312
63.04,CARRY,31.39,0.01,-9.58,32.03,-0.01,1,0,323.5,203.5,36.7,0.73,0.07,48.7,,,,,8.375
63.09,CARRY,31.47,0.0,-9.58,32.06,-0.01,1,0,323.5,206.0,34.2,0.68,0.07,50.7,,,,,8.188
63.14,CARRY,31.47,0.0,-9.58,32.08,-0.01,1,0,323.5,204.5,35.7,0.71,0.07,49.0,,,,,8.312
63.19,CARRY,31.55,-0.0,-9.58,32.11,-0.01,1,0,323.5,207.5,32.7,0.65,0.07,51.1,,,,,8.188
63.24,CARRY,31.55,-0.0,-9.58,32.13,-0.01,1,0,323.5,206.5,33.7,0.67,0.07,49.7,,,,,8.188
63.29,CARRY,31.62,-0.0,-9.58,32.16,-0.01,1,0,323.5,209.0,31.2,0.62,0.07,51.2,,,,,8.312
63.34,CARRY,31.7,-0.01,-9.58,32.19,-0.01,1,0,323.5,212.0,28.2,0.56,0.07,50.9,,,,,8.188
63.4,CARRY,31.7,-0.01,-9.58,32.21,-0.01,1,0,323.5,210.5,29.7,0.59,0.07,48.2,,,,,8.25
63.45,CARRY,31.77,-0.01,-9.58,32.24,-0.01,1,0,323.5,213.0,27.2,0.54,0.07,49.8,,,,,8.25
63.5,CARRY,31.77,-0.01,-9.58,32.26,-0.01,1,0,323.5,211.5,28.7,0.57,0.07,49.3,,,,,8.312
63.55,CARRY,31.84,-0.01,-9.58,32.29,-0.01,1,0,323.0,214.0,26.2,0.52,0.06,49.4,,,,,8.25
63.6,CARRY,31.84,-0.01,-9.58,32.31,-0.01,1,0,323.5,212.5,27.7,0.55,0.07,48.0,,,,,8.25
63.65,CARRY,31.9,-0.01,-9.58,32.34,-0.01,1,0,323.0,215.0,25.2,0.5,0.06,51.6,,,,,8.375
63.7,CARRY,31.9,-0.01,-9.58,32.36,-0.01,1,0,323.5,213.5,26.7,0.53,0.07,48.6,,,,,8.375
63.75,CARRY,31.97,-0.01,-9.58,32.39,-0.01,1,0,323.0,216.0,24.2,0.48,0.06,50.2,,,,,8.375
63.8,CARRY,31.97,-0.01,-9.58,32.42,-0.01,1,0,323.5,214.5,25.7,0.51,0.07,48.4,,,,,8.375
63.85,CARRY,32.03,-0.02,-9.58,32.44,-0.01,1,0,323.0,216.5,23.7,0.47,0.06,49.2,,,,,8.5
63.9,CARRY,32.03,-0.02,-9.58,32.47,-0.01,1,0,323.5,215.0,25.2,0.5,0.07,47.8,,,,,8.5
63.95,CARRY,32.09,-0.02,-9.58,32.49,-0.01,1,0,323.0,217.0,23.2,0.46,0.06,49.1,,,,,8.5
64.0,CARRY,32.09,-0.02,-9.58,32.52,-0.01,1,0,323.5,215.5,24.7,0.49,0.07,51.1,,,,,8.5
64.05,CARRY,32.15,-0.02,-9.58,32.54,-0.01,1,0,323.0,217.5,22.7,0.45,0.06,48.5,,,,,8.562
64.1,CARRY,32.15,-0.02,-9.58,32.57,-0.01,1,0,323.5,216.0,24.3,0.48,0.07,47.8,,,,,8.5
64.15,CARRY,32.21,-0.02,-9.58,32.59,-0.01,1,0,323.0,218.0,22.2,0.44,0.06,48.6,,,,,8.5
64.2,CARRY,32.21,-0.02,-9.58,32.62,-0.01,1,0,323.5,216.5,23.8,0.47,0.07,48.1,,,,,8.5
64.25,CARRY,32.26,-0.02,-9.58,32.64,-0.01,1,0,323.0,218.0,22.2,0.44,0.06,49.2,,,,,8.562
64.3,CARRY,32.26,-0.02,-9.58,32.67,-0.01,1,0,323.5,216.5,23.8,0.47,0.07,48.8,,,,,8.562
64.35,CARRY,32.31,-0.02,-9.58,32.69,-0.01,1,0,323.0,218.5,21.7,0.43,0.06,50.4,,,,,8.5
64.41,CARRY,32.31,-0.02,-9.58,32.72,-0.01,1,0,323.5,217.0,23.3,0.46,0.07,49.4,,,,,8.5
64.46,CARRY,32.36,-0.02,-9.58,32.74,-0.01,1,0,323.0,218.5,21.7,0.43,0.06,51.1,,,,,8.5
64.51,CARRY,32.36,-0.02,-9.58,32.77,-0.01,1,0,323.5,217.0,23.3,0.46,0.07,48.8,,,,,8.438
64.56,CARRY,32.41,-0.02,-9.58,32.79,-0.01,1,0,323.0,218.5,21.7,0.43,0.06,50.4,,,,,8.5
64.61,CARRY,32.41,-0.02,-9.58,32.82,-0.01,1,0,323.5,217.0,23.3,0.46,0.07,49.1,,,,,8.438
64.66,CARRY,32.46,-0.02,-9.58,32.84,-0.01,1,0,323.0,218.0,22.2,0.44,0.06,51.0,,,,,8.375
64.71,CARRY,32.46,-0.02,-9.58,32.87,-0.01,1,0,323.5,216.5,23.8,0.47,0.07,48.6,,,,,8.375
64.76,CARRY,32.51,-0.02,-9.58,32.9,-0.01,1,0,323.0,218.5,21.7,0.43,0.06,49.8,,,,,8.375
64.81,CARRY,32.51,-0.02,-9.58,32.92,-0.01,1,0,323.5,216.5,23.8,0.47,0.07,49.9,,,,,8.375
64.86,CARRY,32.56,-0.02,-9.58,32.95,-0.01,1,0,323.0,218.0,22.2,0.44,0.06,50.6,,,,,8.312
64.92,CARRY,32.56,-0.02,-9.58,32.97,-0.01,1,0,323.5,216.5,23.8,0.47,0.07,48.3,,,,,8.312
64.97,CARRY,32.61,-0.02,-9.58,33.0,-0.01,1,0,323.0,217.5,22.7,0.45,0.06,52.3,,,,,8.312
65.02,CARRY,32.61,-0.02,-9.58,33.02,-0.01,1,0,323.5,216.0,24.3,0.48,0.07,52.5,,,,,8.188
65.07,CARRY,32.66,-0.02,-9.58,33.05,-0.01,1,0,323.5,217.5,22.8,0.45,0.07,49.6,,,,,8.375
65.12,CARRY,32.66,-0.02,-9.58,33.08,-0.01,1,0,323.5,216.0,24.3,0.48,0.07,47.9,,,,,8.25
65.17,CARRY,32.7,-0.02,-9.58,33.1,-0.01,1,0,323.5,217.5,22.8,0.45,0.07,50.2,,,,,8.312
65.23,CARRY,32.7,-0.02,-9.58,33.13,-0.01,1,0,323.5,215.5,24.7,0.49,0.07,49.6,,,,,8.25
65.28,CARRY,32.75,-0.02,-9.58,33.15,-0.01,1,0,323.5,217.0,23.3,0.46,0.07,49.5,,,,,8.312
65.33,CARRY,32.75,-0.02,-9.58,33.18,-0.01,1,0,323.5,215.5,24.7,0.49,0.07,51.5,,,,,8.312
65.38,CARRY,32.8,-0.02,-9.58,33.2,-0.01,1,0,323.5,216.5,23.8,0.47,0.07,51.1,,,,,8.375
65.43,CARRY,32.8,-0.02,-9.58,33.23,-0.01,1,0,323.5,215.5,24.7,0.49,0.07,49.7,,,,,8.312
65.48,CARRY,32.84,-0.02,-9.58,33.26,-0.01,1,0,323.5,216.5,23.8,0.47,0.07,49.6,,,,,8.312
65.53,CARRY,32.84,-0.02,-9.58,33.28,-0.01,1,0,323.5,215.5,24.7,0.49,0.07,48.5,,,,,8.25
65.58,CARRY,32.89,-0.02,-9.58,33.31,-0.01,1,0,323.5,216.5,23.8,0.47,0.07,52.4,,,,,8.375
65.64,CARRY,32.89,-0.02,-9.58,33.33,-0.01,1,0,323.5,215.5,24.7,0.49,0.07,47.9,,,,,8.312
65.69,CARRY,32.94,-0.02,-9.58,33.36,-0.01,1,0,323.5,216.0,24.3,0.48,0.07,52.3,,,,,8.375
65.74,CARRY,32.94,-0.02,-9.58,33.38,-0.01,1,0,323.5,214.5,25.7,0.51,0.07,48.5,,,,,8.312
65.79,CARRY,32.99,-0.02,-9.58,33.41,-0.01,1,0,323.5,216.0,24.3,0.48,0.07,49.7,,,,,8.312
65.84,CARRY,32.99,-0.02,-9.58,33.43,-0.01,1,0,323.5,215.0,25.2,0.5,0.07,49.1,,,,,8.25
65.89,CARRY,33.04,-0.02,-9.58,33.46,-0.01,1,0,323.5,215.5,24.7,0.49,0.07,51.5,,,,,8.375
65.94,CARRY,33.04,-0.02,-9.58,33.49,-0.01,1,0,323.5,214.5,25.7,0.51,0.07,48.0,,,,,8.312
65.99,CARRY,33.09,-0.02,-9.58,33.51,-0.01,1,0,323.5,215.5,24.7,0.49,0.07,50.1,,,,,8.375
66.04,CARRY,33.13,-0.02,-9.58,33.54,-0.01,1,0,323.0,217.0,23.2,0.46,0.06,49.7,,,,,8.375
66.09,CARRY,33.13,-0.02,-9.58,33.56,-0.01,1,0,323.5,215.5,24.7,0.49,0.07,48.9,,,,,8.375
66.14,CARRY,33.18,-0.02,-9.58,33.59,-0.01,1,0,323.0,217.0,23.2,0.46,0.06,49.5,,,,,8.375
66.2,CARRY,33.18,-0.02,-9.58,33.61,-0.01,1,0,323.5,215.5,24.7,0.49,0.07,51.1,,,,,8.438
66.25,CARRY,33.23,-0.01,-9.58,33.64,-0.01,1,0,323.0,216.5,23.7,0.47,0.06,49.5,,,,,8.375
66.3,CARRY,33.23,-0.01,-9.58,33.66,-0.01,1,0,323.5,215.5,24.7,0.49,0.07,47.5,,,,,8.375
66.35,CARRY,33.28,-0.01,-9.58,33.69,-0.01,1,0,323.0,216.5,23.7,0.47,0.06,49.8,,,,,8.375
66.4,CARRY,33.28,-0.01,-9.58,33.71,-0.01,1,0,323.5,215.5,24.7,0.49,0.07,49.0,,,,,8.375
66.45,CARRY,33.33,-0.01,-9.58,33.74,-0.01,1,0,323.0,216.5,23.7,0.47,0.06,49.9,,,,,8.375
66.5,CARRY,33.33,-0.01,-9.58,33.76,-0.01,1,0,323.0,215.5,24.7,0.49,0.06,49.0,,,,,8.312
66.55,CARRY,33.38,-0.01,-9.58,33.79,-0.01,1,0,323.0,216.5,23.7,0.47,0.06,49.1,,,,,8.375
66.6,CARRY,33.38,-0.01,-9.58,33.81,-0.01,1,0,323.0,215.5,24.7,0.49,0.06,47.9,,,,,8.375
66.65,CARRY,33.43,-0.01,-9.58,33.84,-0.01,1,0,323.0,216.5,23.7,0.47,0.06,48.7,,,,,8.438
66.7,CARRY,33.43,-0.01,-9.58,33.86,-0.01,1,0,323.0,215.0,25.2,0.5,0.06,48.1,,,,,8.375
66.75,CARRY,33.48,-0.01,-9.58,33.89,-0.01,1,0,323.0,216.5,23.7,0.47,0.06,48.8,,,,,8.438
66.8,CARRY,33.48,-0.01,-9.58,33.91,-0.01,1,0,323.0,215.5,24.7,0.49,0.06,47.7,,,,,8.375
66.85,CARRY,33.53,-0.01,-9.58,33.94,-0.01,1,0,322.0,216.5,23.6,0.47,0.04,48.7,,,,,8.438
66.9,CARRY,33.53,-0.01,-9.58,33.96,-0.01,1,0,323.0,215.5,24.7,0.49,0.06,47.6,,,,,8.375
66.95,CARRY,33.58,-0.01,-9.58,33.99,-0.01,1,0,322.0,216.5,23.6,0.47,0.04,49.7,,,,,8.375
67.0,CARRY,33.58,-0.01,-9.58,34.02,-0.01,1,0,323.0,215.5,24.7,0.49,0.06,48.9,,,,,8.312
67.05,CARRY,33.63,-0.01,-9.58,34.04,-0.01,1,0,322.5,216.5,23.6,0.47,0.05,48.9,,,,,8.375
67.1,CARRY,33.63,-0.01,-9.58,34.07,-0.01,1,0,323.0,215.5,24.7,0.49,0.06,48.1,,,,,8.375
67.15,CARRY,33.68,-0.01,-9.58,34.09,-0.01,1,0,322.5,216.5,23.6,0.47,0.05,48.6,,,,,8.5
67.2,CARRY,33.68,-0.01,-9.58,34.12,-0.01,1,0,323.0,215.0,25.2,0.5,0.06,47.8,,,,,8.562
67.25,CARRY,33.72,-0.01,-9.58,34.14,-0.01,1,0,322.5,216.5,23.6,0.47,0.05,48.5,,,,,8.562
67.3,CARRY,33.72,-0.01,-9.58,34.17,-0.01,1,0,323.0,216.0,24.2,0.48,0.06,48.3,,,,,8.562
67.35,CARRY,33.77,-0.01,-9.58,34.19,-0.01,1,0,322.5,217.5,22.6,0.45,0.05,48.8,,,,,8.688
67.4,CARRY,33.77,-0.01,-9.58,34.22,-0.01,1,0,323.0,217.5,22.7,0.45,0.06,48.7,,,,,8.688
67.45,CARRY,33.82,-0.01,-9.58,34.24,-0.01,1,0,322.5,219.5,20.7,0.41,0.05,49.0,,,,,8.75
67.5,CARRY,33.82,-0.01,-9.58,34.27,-0.01,1,0,323.0,219.0,21.2,0.42,0.06,48.3,,,,,8.75
67.55,CARRY,33.87,-0.01,-9.58,34.29,-0.01,1,0,323.0,220.5,19.7,0.39,0.06,48.2,,,,,8.875
67.6,CARRY,33.87,-0.01,-9.58,34.32,-0.01,1,0,323.0,220.0,20.2,0.4,0.06,47.7,,,,,8.812
67.65,CARRY,33.92,-0.01,-9.58,34.34,-0.01,1,0,323.0,222.0,18.2,0.36,0.06,48.3,,,,,8.875
67.7,CARRY,33.92,-0.01,-9.58,34.37,-0.01,1,0,323.0,221.5,18.7,0.37,0.06,47.9,,,,,8.812
67.75,CARRY,33.96,-0.01,-9.58,34.39,-0.01,1,0,323.0,223.5,16.8,0.33,0.06,48.5,,,,,8.875
67.8,CARRY,33.96,-0.01,-9.58,34.42,-0.01,1,0,323.0,222.5,17.8,0.35,0.06,48.1,,,,,8.75
67.85,CARRY,34.01,-0.01,-9.58,34.44,-0.01,1,0,323.0,224.5,15.8,0.31,0.06,48.6,,,,,8.75
67.9,CARRY,34.01,-0.01,-9.58,34.47,-0.01,1,0,323.0,224.0,16.3,0.32,0.06,48.0,,,,,8.75
67.95,CARRY,34.05,-0.01,-9.58,34.49,-0.01,1,0,323.0,225.5,14.8,0.29,0.06,49.2,,,,,8.75
68.0,CARRY,34.05,-0.01,-9.58,34.52,-0.01,1,0,323.0,225.0,15.3,0.3,0.06,48.7,,,,,8.812
68.05,CARRY,34.09,-0.01,-9.58,34.54,-0.01,1,0,323.0,227.0,13.3,0.26,0.06,49.0,,,,,8.75
68.1,CARRY,34.09,-0.01,-9.58,34.57,-0.01,1,0,323.0,226.0,14.3,0.28,0.06,48.6,,,,,8.75
68.15,CARRY,34.13,-0.01,-9.58,34.59,-0.01,1,0,323.0,227.5,12.9,0.25,0.06,49.7,,,,,8.75
68.2,CARRY,34.13,-0.01,-9.58,34.62,-0.01,1,0,323.5,227.0,13.5,0.26,0.07,48.8,,,,,8.812
68.25,CARRY,34.17,-0.01,-9.58,34.64,-0.01,1,0,323.0,228.0,12.4,0.24,0.06,48.3,,,,,8.688
68.3,CARRY,34.17,-0.01,-9.58,34.67,-0.01,1,0,323.5,227.5,13.0,0.25,0.07,48.1,,,,,8.75
68.35,CARRY,34.21,-0.0,-9.58,34.69,-0.01,1,0,323.0,229.0,11.4,0.22,0.06,48.2,,,,,8.875
68.4,CARRY,34.21,-0.0,-9.58,34.72,-0.01,1,0,323.5,228.5,12.0,0.23,0.07,48.4,,,,,8.812
68.45,CARRY,34.24,-0.0,-9.58,34.74,-0.01,1,0,323.0,229.0,11.4,0.22,0.06,48.5,,,,,8.875
68.5,CARRY,34.24,-0.0,-9.58,34.77,-0.01,1,0,323.5,228.5,12.0,0.23,0.07,48.3,,,,,8.875
68.55,CARRY,34.27,-0.0,-9.58,34.79,-0.01,1,0,323.0,210.5,29.7,0.59,0.06,48.3,,,,,8.812
68.6,CARRY,34.27,-0.0,-9.58,34.82,-0.01,1,0,323.5,200.0,40.2,0.8,0.07,48.3,,,,,8.812
68.65,CARRY,34.3,0.0,-9.58,34.84,-0.01,1,0,323.0,202.0,38.1,0.76,0.06,48.5,,,,,8.688
68.7,CARRY,34.3,0.0,-9.58,34.87,-0.01,1,0,323.5,207.5,32.7,0.65,0.07,48.3,,,,,8.625
68.75,CARRY,34.33,0.0,-9.58,34.89,-0.01,1,0,323.0,207.5,32.6,0.65,0.06,48.6,,,,,8.688
68.81,CARRY,34.33,0.0,-9.58,34.92,-0.01,1,0,323.5,206.5,33.7,0.67,0.07,48.8,,,,,8.688
68.86,CARRY,34.36,0.01,-9.58,34.94,-0.01,1,0,323.0,207.0,33.1,0.66,0.06,49.2,,,,,8.688
68.91,CARRY,34.36,0.01,-9.58,34.97,-0.01,1,0,323.5,205.5,34.7,0.69,0.07,48.9,,,,,8.75
68.96,CARRY,34.4,0.01,-9.58,34.99,-0.01,1,0,323.0,205.5,34.6,0.69,0.06,49.4,,,,,8.688
69.01,CARRY,34.4,0.01,-9.58,35.02,-0.01,1,0,323.5,230.5,10.1,0.19,0.07,48.5,,,,,8.812
69.06,CARRY,34.44,0.01,-9.58,35.04,-0.01,1,0,323.0,231.5,9.0,0.17,0.06,48.5,,,,,8.75
69.11,CARRY,34.44,0.01,-9.58,35.07,-0.01,1,0,323.5,231.0,9.7,0.18,0.07,48.3,,,,,8.812
69.16,CARRY,34.48,0.01,-9.58,35.09,-0.01,1,0,323.0,233.0,7.6,0.14,0.06,49.0,,,,,8.688
69.21,CARRY,34.48,0.01,-9.58,35.12,-0.01,1,0,323.5,213.0,27.2,0.54,0.07,48.0,,,,,8.75
69.26,CARRY,34.53,0.01,-9.58,35.14,-0.01,1,0,323.0,234.5,6.3,0.11,0.06,48.6,,,,,8.812
69.31,CARRY,34.53,0.01,-9.58,35.17,-0.01,1,0,323.5,215.5,24.7,0.49,0.07,48.3,,,,,8.812
69.36,CARRY,34.58,0.01,-9.58,35.19,-0.01,1,0,323.0,236.0,5.0,0.08,0.06,48.6,,,,,8.812
69.41,CARRY,34.58,0.01,-9.58,35.22,-0.01,1,0,323.5,235.5,5.7,0.09,0.07,48.4,,,,,8.812
69.46,CARRY,34.63,0.01,-9.58,35.24,-0.01,1,0,323.0,221.0,19.2,0.38,0.06,50.8,,,,,8.688
69.51,CARRY,34.63,0.01,-9.58,35.27,-0.01,1,0,323.5,221.0,19.3,0.38,0.07,48.7,,,,,8.75
69.56,CARRY,34.67,0.01,-9.58,35.29,-0.01,1,0,323.0,223.0,17.3,0.34,0.06,48.5,,,,,8.688
69.61,CARRY,34.67,0.01,-9.58,35.32,-0.01,1,0,323.5,223.0,17.4,0.34,0.07,48.5,,,,,8.688
69.66,CARRY,34.71,0.01,-9.58,35.34,-0.01,1,0,323.0,225.0,15.3,0.3,0.06,48.6,,,,,8.625
69.71,CARRY,34.71,0.01,-9.58,35.37,-0.01,1,0,323.5,225.0,15.4,0.3,0.07,49.0,,,,,8.688
69.76,CARRY,34.75,0.01,-9.58,35.39,-0.01,1,0,323.5,227.0,13.5,0.26,0.07,49.0,,,,,8.625
69.81,CARRY,34.75,0.01,-9.58,35.42,-0.01,1,0,323.5,227.5,13.0,0.25,0.07,48.7,,,,,8.625
69.86,CARRY,34.78,0.02,-9.58,35.44,-0.01,1,0,323.0,229.0,11.4,0.22,0.06,49.6,,,,,8.562
69.91,CARRY,34.78,0.02,-9.58,35.47,-0.01,1,0,323.5,200.5,39.7,0.79,0.07,48.8,,,,,8.5
69.96,CARRY,34.81,0.02,-9.58,35.49,-0.01,1,0,323.5,200.5,39.7,0.79,0.07,50.4,,,,,8.562
70.01,CARRY,34.81,0.02,-9.58,35.52,-0.01,1,0,323.5,199.0,41.1,0.82,0.07,48.6,,,,,8.5
70.06,CARRY,34.84,0.02,-9.58,35.54,-0.01,1,0,323.5,200.0,40.2,0.8,0.07,48.6,,,,,8.562
70.11,CARRY,34.84,0.02,-9.58,35.57,-0.01,1,0,323.5,233.0,7.8,0.14,0.07,48.8,,,,,8.5
70.16,CARRY,34.87,0.02,-9.58,35.59,-0.01,1,0,323.5,198.5,41.6,0.83,0.07,49.4,,,,,8.562
70.21,CARRY,34.87,0.02,-9.58,35.62,-0.01,1,0,323.5,231.5,9.2,0.17,0.07,47.9,,,,,8.5
70.26,CARRY,34.91,0.03,-9.58,35.65,-0.01,1,0,323.5,236.5,4.9,0.07,0.07,48.8,,,,,8.562
70.31,CARRY,34.91,0.03,-9.58,35.67,-0.01,1,0,323.5,196.5,43.6,0.87,0.07,47.8,,,,,8.625
70.36,CARRY,34.95,0.03,-9.58,35.7,-0.01,1,0,323.5,196.5,43.6,0.87,0.07,49.2,,,,,8.625
70.41,CARRY,34.95,0.03,-9.58,35.72,-0.01,1,0,323.5,196.0,44.1,0.88,0.07,48.4,,,,,8.625
70.46,CARRY,34.99,0.03,-9.58,35.75,-0.01,1,0,323.5,196.5,43.6,0.87,0.07,49.6,,,,,8.625
70.51,CARRY,34.99,0.03,-9.58,35.77,-0.01,1,0,323.5,195.5,44.6,0.89,0.07,48.0,,,,,8.688
70.56,CARRY,35.04,0.03,-9.58,35.8,-0.01,1,0,323.5,197.0,43.1,0.86,0.07,49.3,,,,,8.688
70.61,CARRY,35.04,0.03,-9.58,35.82,-0.01,1,0,323.5,195.0,45.1,0.9,0.07,47.8,,,,,8.75
70.66,CARRY,35.1,0.03,-9.58,35.85,-0.01,1,0,323.0,241.0,3.2,-0.02,0.06,48.9,,,,,8.812
70.71,CARRY,35.1,0.03,-9.58,35.87,-0.01,1,0,323.5,237.0,4.6,0.06,0.07,48.4,,,,,8.875
70.76,CARRY,35.16,0.03,-9.58,35.9,-0.01,1,0,323.0,198.0,42.1,0.84,0.06,49.4,,,,,8.75
70.81,CARRY,35.16,0.03,-9.58,35.92,-0.01,1,0,323.5,248.0,8.7,-0.16,0.07,48.7,,,,,8.812
70.86,CARRY,35.23,0.02,-9.58,35.95,-0.01,1,0,323.0,250.0,10.4,-0.2,0.06,49.7,,,,,8.625
70.91,CARRY,35.23,0.02,-9.58,35.97,-0.01,1,0,323.5,197.5,42.6,0.85,0.07,48.7,,,,,8.75
70.96,CARRY,35.3,0.02,-9.58,36.0,-0.01,1,0,323.0,200.0,40.1,0.8,0.06,50.3,,,,,8.625
71.02,CARRY,35.3,0.02,-9.58,36.02,-0.01,1,0,323.5,198.5,41.6,0.83,0.07,49.2,,,,,8.625
71.07,CARRY,35.38,0.02,-9.58,36.05,-0.01,1,0,323.0,201.5,38.6,0.77,0.06,50.3,,,,,8.625
71.12,CARRY,35.38,0.02,-9.58,36.07,-0.01,1,0,323.5,199.5,40.7,0.81,0.07,67.0,,,,,8.625
71.19,CARRY,35.45,0.02,-9.58,36.11,-0.01,1,0,323.0,247.5,8.1,-0.15,0.06,49.9,,,,,8.625
71.24,CARRY,35.45,0.02,-9.58,36.13,-0.01,1,0,323.5,200.5,39.7,0.79,0.07,48.8,,,,,8.688
71.29,CARRY,35.52,0.01,-9.58,36.16,-0.01,1,0,323.0,203.0,37.1,0.74,0.06,49.6,,,,,8.75
71.34,CARRY,35.52,0.01,-9.58,36.18,-0.01,1,0,323.5,201.5,38.7,0.77,0.07,48.3,,,,,8.75
71.39,CARRY,35.59,0.01,-9.58,36.21,-0.01,1,0,323.0,204.5,35.6,0.71,0.06,49.5,,,,,8.688
71.44,CARRY,35.59,0.01,-9.58,36.23,-0.01,1,0,323.5,203.0,37.2,0.74,0.07,49.0,,,,,8.75
71.49,CARRY,35.67,0.01,-9.58,36.26,-0.01,1,0,323.0,206.0,34.1,0.68,0.06,51.8,,,,,8.625
71.54,CARRY,35.67,0.01,-9.58,36.28,-0.01,1,0,323.5,204.5,35.7,0.71,0.07,49.0,,,,,8.688
71.59,CARRY,35.74,0.01,-9.58,36.31,-0.01,1,0,323.0,207.0,33.1,0.66,0.06,49.2,,,,,8.438
71.64,CARRY,35.74,0.01,-9.58,36.33,-0.01,1,0,323.5,205.5,34.7,0.69,0.07,51.4,,,,,8.5
71.69,CARRY,35.81,0.0,-9.58,36.36,-0.01,1,0,323.0,208.5,31.6,0.63,0.06,52.9,,,,,8.438
71.75,CARRY,35.89,0.0,-9.58,36.39,-0.01,1,0,323.0,211.5,28.7,0.57,0.06,50.2,,,,,8.625
71.8,CARRY,35.89,0.0,-9.58,36.41,-0.01,1,0,323.0,209.5,30.6,0.61,0.06,48.4,,,,,8.688
71.85,CARRY,35.96,-0.0,-9.58,36.44,-0.01,1,0,323.0,212.5,27.7,0.55,0.06,49.0,,,,,8.5
71.9,CARRY,35.96,-0.0,-9.58,36.46,-0.01,1,0,323.0,211.5,28.7,0.57,0.06,48.1,,,,,8.625
71.95,CARRY,36.03,-0.0,-9.58,36.49,-0.01,1,0,323.0,213.5,26.7,0.53,0.06,49.4,,,,,8.438
72.0,CARRY,36.03,-0.0,-9.58,36.51,-0.01,1,0,323.0,212.5,27.7,0.55,0.06,48.9,,,,,8.562
72.05,CARRY,36.1,-0.01,-9.58,36.54,-0.01,1,0,323.0,215.0,25.2,0.5,0.06,48.6,,,,,8.375
72.1,CARRY,36.1,-0.01,-9.58,36.56,-0.01,1,0,323.0,213.5,26.7,0.53,0.06,48.0,,,,,8.375
72.15,CARRY,36.17,-0.01,-9.58,36.59,-0.01,1,0,323.0,216.0,24.2,0.48,0.06,48.8,,,,,8.312
72.2,CARRY,36.17,-0.01,-9.58,36.61,-0.01,1,0,323.0,214.5,25.7,0.51,0.06,47.8,,,,,8.312
72.25,CARRY,36.23,-0.01,-9.58,36.64,-0.01,1,0,323.0,216.5,23.7,0.47,0.06,48.6,,,,,8.438
72.3,CARRY,36.23,-0.01,-9.58,36.66,-0.01,1,0,323.0,215.5,24.7,0.49,0.06,47.1,,,,,8.438
72.35,CARRY,36.29,-0.01,-9.58,36.69,-0.01,1,0,323.0,217.5,22.7,0.45,0.06,51.6,,,,,8.5
72.4,CARRY,36.29,-0.01,-9.58,36.72,-0.01,1,0,323.0,216.0,24.2,0.48,0.06,50.7,,,,,8.438
72.45,CARRY,36.35,-0.01,-9.58,36.74,-0.01,1,0,323.0,217.5,22.7,0.45,0.06,50.4,,,,,8.562
72.51,CARRY,36.35,-0.01,-9.58,36.77,-0.01,1,0,323.0,216.5,23.7,0.47,0.06,49.1,,,,,8.438
72.56,CARRY,36.41,-0.02,-9.58,36.79,-0.01,1,0,323.0,218.0,22.2,0.44,0.06,50.5,,,,,8.562
72.61,CARRY,36.41,-0.02,-9.58,36.82,-0.01,1,0,323.0,216.5,23.7,0.47,0.06,48.9,,,,,8.5
72.66,CARRY,36.47,-0.02,-9.58,36.84,-0.01,1,0,323.0,218.5,21.7,0.43,0.06,49.6,,,,,8.5
72.71,CARRY,36.47,-0.02,-9.58,36.87,-0.01,1,0,323.0,217.0,23.2,0.46,0.06,50.0,,,,,8.375
72.76,CARRY,36.52,-0.02,-9.58,36.89,-0.01,1,0,323.0,218.5,21.7,0.43,0.06,48.5,,,,,8.562
72.81,CARRY,36.52,-0.02,-9.58,36.92,-0.01,1,0,323.0,217.5,22.7,0.45,0.06,48.2,,,,,8.375
72.86,CARRY,36.57,-0.02,-9.58,36.94,-0.01,1,0,323.0,218.5,21.7,0.43,0.06,51.4,,,,,8.438
72.91,CARRY,36.57,-0.02,-9.58,36.97,-0.01,1,0,323.0,217.5,22.7,0.45,0.06,47.7,,,,,8.312
72.96,CARRY,36.62,-0.02,-9.58,37.0,-0.01,1,0,323.0,218.5,21.7,0.43,0.06,49.5,,,,,8.438
73.01,CARRY,36.62,-0.02,-9.58,37.02,-0.01,1,0,323.0,217.5,22.7,0.45,0.06,48.3,,,,,8.312
73.06,CARRY,36.67,-0.02,-9.58,37.05,-0.01,1,0,323.0,218.5,21.7,0.43,0.06,51.0,,,,,8.375
73.11,CARRY,36.67,-0.02,-9.58,37.07,-0.01,1,0,323.5,217.5,22.8,0.45,0.07,47.8,,,,,8.312
73.16,CARRY,36.72,-0.02,-9.58,37.1,-0.01,1,0,323.0,218.5,21.7,0.43,0.06,51.9,,,,,8.312
73.22,CARRY,36.72,-0.02,-9.58,37.12,-0.01,1,0,323.5,217.0,23.3,0.46,0.07,48.5,,,,,8.25
73.27,CARRY,36.77,-0.02,-9.58,37.15,-0.01,1,0,323.0,219.0,21.2,0.42,0.06,50.4,,,,,8.375
73.32,CARRY,36.77,-0.02,-9.58,37.17,-0.01,1,0,323.5,217.0,23.3,0.46,0.07,48.2,,,,,8.312
73.37,CARRY,36.82,-0.02,-9.58,37.2,-0.01,1,0,323.0,218.5,21.7,0.43,0.06,51.9,,,,,8.375
73.42,CARRY,36.82,-0.02,-9.58,37.23,-0.01,1,0,323.5,216.5,23.8,0.47,0.07,48.4,,,,,8.375
73.47,CARRY,36.87,-0.02,-9.58,37.25,-0.01,1,0,323.5,218.0,22.3,0.44,0.07,52.2,,,,,8.375
73.53,CARRY,36.87,-0.02,-9.58,37.28,-0.01,1,0,323.5,216.5,23.8,0.47,0.07,49.0,,,,,8.312
73.58,CARRY,36.91,-0.02,-9.58,37.3,-0.01,1,0,323.5,217.5,22.8,0.45,0.07,48.7,,,,,8.5
73.63,CARRY,36.91,-0.02,-9.58,37.33,-0.01,1,0,323.5,216.5,23.8,0.47,0.07,50.3,,,,,8.375
73.68,CARRY,36.96,-0.02,-9.58,37.35,-0.01,1,0,323.5,217.5,22.8,0.45,0.07,49.1,,,,,8.375
73.73,CARRY,36.96,-0.02,-9.58,37.38,-0.01,1,0,323.5,216.0,24.3,0.48,0.07,50.2,,,,,8.312
73.78,CARRY,37.0,-0.02,-9.58,37.4,-0.01,1,0,323.5,217.0,23.3,0.46,0.07,49.1,,,,,8.375
73.83,CARRY,37.0,-0.02,-9.58,37.43,-0.01,1,0,323.5,215.5,24.7,0.49,0.07,50.4,,,,,8.312
73.88,CARRY,37.05,-0.02,-9.58,37.45,-0.01,1,0,323.5,217.0,23.3,0.46,0.07,49.5,,,,,8.438
73.93,CARRY,37.05,-0.02,-9.58,37.48,-0.01,1,0,323.5,215.5,24.7,0.49,0.07,50.2,,,,,8.375
73.98,CARRY,37.1,-0.02,-9.58,37.5,-0.01,1,0,323.5,216.5,23.8,0.47,0.07,51.0,,,,,8.438
74.03,CARRY,37.1,-0.02,-9.58,37.53,-0.01,1,0,323.5,215.5,24.7,0.49,0.07,48.5,,,,,8.312
74.08,CARRY,37.15,-0.02,-9.58,37.56,-0.01,1,0,323.5,216.5,23.8,0.47,0.07,48.9,,,,,8.375
74.13,CARRY,37.15,-0.02,-9.58,37.58,-0.01,1,0,323.5,215.0,25.2,0.5,0.07,50.7,,,,,8.25
74.19,CARRY,37.19,-0.02,-9.58,37.61,-0.01,1,0,323.5,216.5,23.8,0.47,0.07,49.8,,,,,8.375
74.24,CARRY,37.19,-0.02,-9.58,37.63,-0.01,1,0,323.5,214.5,25.7,0.51,0.07,48.0,,,,,8.312
74.29,CARRY,37.24,-0.02,-9.58,37.66,-0.01,1,0,323.5,216.0,24.3,0.48,0.07,48.8,,,,,8.312
74.34,CARRY,37.24,-0.02,-9.58,37.68,-0.01,1,0,323.5,214.5,25.7,0.51,0.07,48.1,,,,,8.25
74.39,CARRY,37.29,-0.02,-9.58,37.71,-0.01,1,0,323.5,216.0,24.3,0.48,0.07,51.0,,,,,8.312
74.44,CARRY,37.29,-0.02,-9.58,37.73,-0.01,1,0,323.5,214.5,25.7,0.51,0.07,49.2,,,,,8.25
74.49,CARRY,37.33,-0.02,-9.58,37.76,-0.01,1,0,323.5,215.5,24.7,0.49,0.07,49.1,,,,,8.25
74.54,CARRY,37.33,-0.02,-9.58,37.78,-0.01,1,0,323.5,214.5,25.7,0.51,0.07,47.3,,,,,8.25
74.59,CARRY,37.38,-0.02,-9.58,37.81,-0.01,1,0,323.5,215.5,24.7,0.49,0.07,50.9,,,,,8.25
74.64,CARRY,37.38,-0.02,-9.58,37.83,-0.01,1,0,323.5,214.0,26.2,0.52,0.07,48.2,,,,,8.188
74.69,CARRY,37.43,-0.02,-9.58,37.86,-0.01,1,0,323.5,215.5,24.7,0.49,0.07,48.7,,,,,8.312
74.74,CARRY,37.43,-0.02,-9.58,37.88,-0.01,1,0,323.5,214.0,26.2,0.52,0.07,49.1,,,,,8.188
74.79,CARRY,37.48,-0.02,-9.58,37.91,-0.01,1,0,323.5,215.5,24.7,0.49,0.07,49.3,,,,,8.25
74.84,CARRY,37.53,-0.02,-9.58,37.93,-0.01,1,0,323.0,216.5,23.7,0.47,0.06,50.8,,,,,8.312
74.89,CARRY,37.53,-0.02,-9.58,37.96,-0.01,1,0,323.5,215.5,24.7,0.49,0.07,48.0,,,,,8.312
74.94,CARRY,37.53,-0.02,-9.58,37.99,-0.01,1,0,323.5,214.0,26.2,0.52,0.07,48.6,,,,,8.25
74.99,CARRY,37.58,-0.02,-9.58,38.01,-0.01,1,0,323.5,215.5,24.7,0.49,0.07,49.6,,,,,8.25
