{
  "backend": "hf",
  "n": 439,
  "parse_rate": 0.9179954441913439,
  "iou_gate_pass_rate": 0.30296127562642367,
  "mean_iou": 0.20189011395153666,
  "center_std": 191.9859678045687
}
